Time, (DWRT ATMO) Humidity, (DWRT ATMO) Pressure, (DWRT ATMO) Temperature 1, (DWRT ATMO) Temperature 2, (DWRT CPU) ????????????????????????????????????????????????????????????????, (DWRT CPU) Acceleration, (DWRT CPU) Correction Factor, (DWRT CPU) Distance, (DWRT CPU) Distance 1, (DWRT CPU) Engine RPM, (DWRT CPU) Force, (DWRT CPU) Force 1, (DWRT CPU) Force Drum 1, (DWRT CPU) Gear Ratio, (DWRT CPU) Inductive 1 Signal Strength, (DWRT CPU) Internal Temp 1, (DWRT CPU) Internal Temp 2, (DWRT CPU) LC1 Volts Petrol AFR, (DWRT CPU) LC2 Volts Petrol AFR2, (DWRT CPU) Link 0 Status, (DWRT CPU) Link 1 Status, (DWRT CPU) Power, (DWRT CPU) Power (uncorrected), (DWRT CPU) Power Drum 1, (DWRT CPU) Power Drum 1 (uncorrected), (DWRT CPU) Sampling, (DWRT CPU) Speed, (DWRT CPU) Speed 1, (DWRT CPU) TCP RX kB/s, (DWRT CPU) TCP TX kB/s, (DWRT CPU) Torque, (DWRT CPU) Torque (uncorrected), (DWRT CPU) Torque Drum 1, (DWRT CPU) Torque Drum 1 (uncorrected), (DWRT CPU) UDP RX kB/s, (DWRT CPU) User Analog 1, (DWRT CPU) User Analog 2, (DWRT CPU) User Analog 3, (DWRT CPU) User Analog 4, (Gen) Sampling, (Gen) Sampling Duration, (Harley - ECU Type 14 SW Level 141) Accel Enrichment, (Harley - ECU Type 14 SW Level 141) Decel Enleanment, (Harley - ECU Type 14 SW Level 141) Desired Air/Fuel, (Harley - ECU Type 14 SW Level 141) Engine Speed, (Harley - ECU Type 14 SW Level 141) Engine Temperature, (Harley - ECU Type 14 SW Level 141) Front Adaptive Fuel Factor, (Harley - ECU Type 14 SW Level 141) Front Closed Loop Integrator, (Harley - ECU Type 14 SW Level 141) Front Spark Knock Retard, (Harley - ECU Type 14 SW Level 141) Idle Air Control Motor Position, (Harley - ECU Type 14 SW Level 141) Injector Time Front, (Harley - ECU Type 14 SW Level 141) Injector Time Rear, (Harley - ECU Type 14 SW Level 141) Intake Air Temperature, (Harley - ECU Type 14 SW Level 141) Manifold Absolute Pressure, (Harley - ECU Type 14 SW Level 141) Rear Adaptive Fuel Factor, (Harley - ECU Type 14 SW Level 141) Rear Closed Loop Integrator, (Harley - ECU Type 14 SW Level 141) Rear Spark Knock Retard, (Harley - ECU Type 14 SW Level 141) Spark Advance Front, (Harley - ECU Type 14 SW Level 141) Spark Advance Rear, (Harley - ECU Type 14 SW Level 141) Throttle Position, (Harley - ECU Type 14 SW Level 141) Throttle Position Sensor Voltage, (Harley - ECU Type 14 SW Level 141) VE Front, (Harley - ECU Type 14 SW Level 141) VE New Front, (Harley - ECU Type 14 SW Level 141) VE New Rear, (Harley - ECU Type 14 SW Level 141) VE Rear, (Harley - ECU Type 14 SW Level 141) Vehicle Speed, (Harley - ECU Type 14 SW Level 141) WBO2 AFR Front, (Harley - ECU Type 14 SW Level 141) WBO2 AFR Rear, (PV) Accel Enrichment, (PV) AT Lambda 1, (PV) AT Lambda 2, (PV) Battery Voltage, (PV) Decel Enleanment, (PV) Desired Air/Fuel, (PV) Desired Lambda, (PV) Engine Speed, (PV) Engine Temperature, (PV) Front Adaptive Fuel Factor, (PV) Front Closed Loop Integrator, (PV) Front Spark Knock Retard, (PV) Idle Air Control Motor Position, (PV) Idle Set Speed, (PV) Injector Time Front, (PV) Injector Time Rear, (PV) Intake Air Temperature, (PV) Manifold Absolute Pressure, (PV) Rear Adaptive Fuel Factor, (PV) Rear Closed Loop Integrator, (PV) Rear Spark Knock Retard, (PV) Software Level, (PV) Spark Advance Front, (PV) Spark Advance Rear, (PV) Throttle Position, (PV) Throttle Position Sensor, (PV) Twistgrip Position, (PV) VE Front, (PV) VE New Front, (PV) VE New Rear, (PV) VE Rear, (PV) Vehicle Speed, (PV) Warm-up Fuel AFR (Lambda), (PV) Warm-up Fuel AFR (Ratio), (PV) WBO2 AFR Front, (PV) WBO2 AFR Rear, 
0, , , , , , 2.497, , , , , 61.22, 61.22, 61.22, , , , , , , , , , , , , , , , , , , , , , , , , , , , , , , , , , , , , , , , , , , , , , , , , , , , , , , , , , , , , , , , , , , , , , , , , , , , , , , , , , , , , , , , , , , , 
0.05, , , , , , 2.336, , , , 0.997, 57.384, 57.384, 57.384, 19.734, 68.276, , , , , 0, 0, , , , , 1, 51.321, 51.321, , , , , , , , , , , , 1, 0.06, , , , , , , , , , , , , , , , , , , , , , , , , , , , , , , , , , , , , , , , , , , , , , , , , , , , , , , , , , , , , , , , 
0.1, , , , , , 2.303, , 8.06, 8.06, 2.575, 56.613, 56.613, 56.613, 48.695, 32.754, , , 7.377, 13.821, 0, 0, 7.355, 7.549, 7.355, 7.549, 1, 51.484, 51.484, , , 19.38, 19.903, 19.38, 19.903, , 7.377, 13.821, , , 1, 0.116, , , , , , , , , , , , , , , , , , , , , , , , , , , , , , , , , , , , , , , , , , , , , , , , , , , , , , , , , , , , , , , , 
0.15, , , , , , 2.3, , 14.613, 14.613, 2.513, 56.551, 56.551, 56.551, 47.124, 45.611, 34.7, 35.42, 7.377, 13.765, 0, 0, 7.445, 7.643, 7.445, 7.643, 1, 51.656, 51.656, 0.024, 0.032, 18.429, 18.927, 18.429, 18.927, 4.789, 7.377, 13.765, , , 1, 0.203, , , , , , , , , , , , , , , , , , , , , , , , , , , , , , , , , , , , , , , , , , , , , , , , , , , , , , , , , , , , , , , , 
0.2, , , , , , 2.295, , 20.262, 20.262, 2.425, 56.425, 56.425, 56.425, 45.064, 49.713, 34.92, 35.383, 7.377, 13.709, 0, 0, 7.498, 7.698, 7.498, 7.698, 1, 51.827, 51.827, 0.024, 0.032, 18.126, 18.618, 18.126, 18.618, 4.829, 7.377, 13.709, , , 1, 0.283, , , , , , , , , , , , , , , , , , , , , , , , , , , , , , , , , , , , , , , , , , , , , , , , , , , , , , , , , , , , , , , , 
0.25, , , , , , 2.305, , 25.838, 25.838, 2.338, 56.677, 56.677, 56.677, 43.259, 53.816, 35.141, 35.347, 7.377, 13.652, 0, 0, 7.647, 7.855, 7.647, 7.855, 1, 51.962, 51.962, 0.024, 0.032, 17.912, 18.4, 17.912, 18.4, 4.868, 7.377, 13.652, , , 1, 0.34, 0, 0, 13.9, 2.7, 126, 0, 0, 0, 62, , , 91.4, 37.24, 100, 0, 0, , , 8, , 102.5, 0, 0, 108.5, , 0, , 0, 0, 0, 14.1, 0, 13.9, 0, 2.7, 126, 0, 0, 0, 62, 1.032, , , 91.4, 37.24, 100, 0, 0, , , , 8, , , 102.5, 0, 0, 108.5, , 0, 0.6, 0, 0, 
0.3, , , , , , 2.241, , 29.666, 29.666, 2.25, 55.163, 55.163, 55.163, 41.585, 57.919, 35.361, 35.31, 7.377, 13.601, 0, 0, 7.459, 7.66, 7.459, 7.66, 1, 52.075, 52.075, 0.024, 0.032, 18.154, 18.648, 18.154, 18.648, 4.907, 7.377, 13.601, , , 1, 0.39, 0, 0, 13.91, 2.708, 126, 0, 0, 0, 62, 5.489, 5.121, 91.04, 37.24, 100, 0, 0, 43.648, 43.648, 8, 0.9, 102.5, 0, 0, 108.45, 52.383, 0, 0, 0, 0, 0, 14.1, 0, 13.91, 0, 2.708, 126, 0, 0, 0, 62, 1.032, 0.005, 0.005, 91.04, 37.24, 100, 0, 0, 141, 43.648, 43.648, 8, 0.9, 0, 102.5, 0, 0, 108.45, 52.383, 0, 0.59, 0, 0, 
0.35, , , , , , 2.225, , 33.443, 33.443, 2.162, 54.789, 54.789, 54.789, 39.877, 62.021, 35.582, 35.273, 7.377, 13.579, 0, 0, 7.425, 7.625, 7.425, 7.625, 1, 52.185, 52.185, 0.024, 0.032, 18.836, 19.348, 18.836, 19.348, 4.927, 7.377, 13.579, , , 1, 0.441, 0, 0, 13.92, 2.717, 126, 0, 0, 0, 62, 5.488, 5.122, 90.68, 37.24, 100, 0, 0, 43.798, 43.798, 8, 0.9, 102.5, 0, 0, 108.4, 52.57, 0, 0, 0, 0, 0, 14.1, 0, 13.92, 0, 2.717, 126, 0, 0, 0, 62, 1.032, 0.005, 0.005, 90.68, 37.24, 100, 0, 0, 141, 43.798, 43.798, 8, 0.9, 0, 102.5, 0, 0, 108.4, 52.57, 0, 0.58, 0, 0, 
0.4, , , , , , 2.244, , 37.245, 37.245, 2.074, 55.24, 55.24, 55.24, 38.174, 66.124, 35.773, 35.204, 7.377, 13.557, 0, 0, 7.502, 7.705, 7.502, 7.705, 1, 52.295, 52.295, 0.024, 0.032, 19.854, 20.392, 19.854, 20.392, 4.945, 7.377, 13.557, , , 1, 0.491, 0, 0, 13.93, 2.725, 126, 0, 0, 0, 62, 5.487, 5.123, 90.32, 37.24, 100, 0, 0, 43.949, 43.949, 8, 0.9, 102.5, 0, 0, 108.35, 52.757, 0, 0, 0, 0, 0, 14.1, 0, 13.93, 0, 2.725, 126, 0, 0, 0, 62, 1.032, 0.005, 0.005, 90.32, 37.24, 100, 0, 0, 141, 43.949, 43.949, 8, 0.9, 0, 102.5, 0, 0, 108.35, 52.757, 0, 0.57, 0, 0, 
0.45, , , , , , 2.255, , 41.073, 41.073, 2.013, 55.501, 55.501, 55.501, 36.501, 62.241, 35.701, 34.844, 7.378, 13.543, 0, 0, 7.554, 7.758, 7.554, 7.758, 1, 52.408, 52.408, 0.024, 0.032, 20.833, 21.396, 20.833, 21.396, 4.963, 7.378, 13.543, , , 1, 0.541, 0, 0, 13.94, 2.733, 126, 0, 0, 0, 62, 5.486, 5.124, 89.96, 37.24, 100, 0, 0, 44.099, 44.099, 8, 0.9, 102.5, 0, 0, 108.3, 52.943, 0, 0, 0, 0, 0, 14.1, 0, 13.94, 0, 2.733, 126, 0, 0, 0, 62, 1.032, 0.005, 0.005, 89.96, 37.24, 100, 0, 0, 141, 44.099, 44.099, 8, 0.9, 0, 102.5, 0, 0, 108.3, 52.943, 0, 0.56, 0, 0, 
0.5, , , , , , 2.234, , 44.901, 44.901, 1.953, 55.011, 55.011, 55.011, 35.025, 58.804, 35.629, 34.484, 7.378, 13.529, 0, 0, 7.504, 7.707, 7.504, 7.707, 1, 52.519, 52.519, 0.024, 0.032, 21.545, 22.128, 21.545, 22.128, 4.982, 7.378, 13.529, , , 1, 0.591, 0, 0, 13.95, 2.742, 126, 0, 0, 0, 62, 5.485, 5.125, 89.6, 37.24, 100, 0, 0, 44.25, 44.25, 8, 0.9, 102.5, 0, 0, 108.25, 53.13, 0, 0, 0, 0, 0, 14.1, 0, 13.95, 0, 2.742, 126, 0, 0, 0, 62, 1.032, 0.006, 0.005, 89.6, 37.24, 100, 0, 0, 141, 44.25, 44.25, 8, 0.9, 0, 102.5, 0, 0, 108.25, 53.13, 0, 0.55, 0, 0, 
0.55, , , , , , 2.282, , 48.729, 48.729, 1.889, 56.147, 56.147, 56.147, 33.682, 59.714, 35.557, 34.124, 7.38, 13.517, 0, 0, 7.675, 7.882, 7.675, 7.882, 1, 52.631, 52.631, 0.024, 0.032, 22.797, 23.415, 22.797, 23.415, 4.98, 7.38, 13.517, , , 1, 0.641, 0, 0, 13.96, 2.747, 126, 0, 0, 0, 62, 5.469, 5.109, 89.6, 37.201, 100, 0, 0, 44.302, 44.25, 8, 0.9, 102.448, 0, 0, 108.146, 53.259, 0, 0, 0, 0, 0, 14.09, 0, 13.96, 0, 2.747, 126, 0, 0, 0, 62, 1.032, 0.005, 0.005, 89.6, 37.201, 100, 0, 0, 141, 44.302, 44.25, 8, 0.9, 0, 102.448, 0, 0, 108.146, 53.259, 0, 0.54, 0, 0, 
0.6, , , , , , 2.286, , 52.615, 52.615, 1.825, 56.25, 56.25, 56.25, 32.397, 60.624, 35.485, 33.764, 7.381, 13.505, 0, 0, 7.704, 7.914, 7.704, 7.914, 1, 52.744, 52.744, 0.024, 0.032, 23.739, 24.382, 23.739, 24.382, 4.968, 7.381, 13.505, , , 1, 0.691, 0, 0, 13.971, 2.753, 126, 0, 0, 0, 62, 5.454, 5.094, 89.6, 37.163, 100, 0, 0, 44.354, 44.25, 8, 0.9, 102.396, 0, 0, 108.042, 53.388, 0, 0, 0, 0, 0, 14.079, 0, 13.971, 0, 2.753, 126, 0, 0, 0, 62, 1.032, 0.005, 0.005, 89.6, 37.163, 100, 0, 0, 141, 44.354, 44.25, 8, 0.9, 0, 102.396, 0, 0, 108.042, 53.388, 0, 0.529, 0, 0, 
0.65, , , , , , 2.247, , 57.839, 57.839, 1.761, 55.325, 55.325, 55.325, 31.034, 61.534, 35.42, 33.512, 7.383, 13.497, 0, 0, 7.599, 7.806, 7.599, 7.806, 1, 52.865, 52.865, 0.024, 0.032, 24.707, 25.376, 24.707, 25.376, 4.957, 7.383, 13.497, , , 1, 0.741, 0, 0, 13.981, 2.759, 126, 0, 0, 0, 62, 5.438, 5.078, 89.6, 37.124, 100, 0, 0, 44.406, 44.25, 8, 0.9, 102.344, 0, 0, 107.938, 53.518, 0, 0, 0, 0, 0, 14.069, 0, 13.981, 0, 2.759, 126, 0, 0, 0, 62, 1.032, 0.005, 0.005, 89.6, 37.124, 100, 0, 0, 141, 44.406, 44.25, 8, 0.9, 0, 102.344, 0, 0, 107.938, 53.518, 0, 0.519, 0, 0, 
0.7, , , , , , 2.2, , 62.656, 62.656, 1.697, 54.196, 54.196, 54.196, 29.149, 62.444, 35.42, 34.232, 7.384, 13.488, 0, 0, 7.464, 7.665, 7.464, 7.665, 1, 53.03, 53.03, 0.024, 0.032, 25.519, 26.21, 25.519, 26.21, 4.945, 7.384, 13.488, , , 1, 0.79, 0, 0, 13.992, 2.765, 126, 0, 0, 0, 62, 5.422, 5.062, 89.6, 37.086, 100, 0, 0, 44.458, 44.25, 8, 0.9, 102.292, 0, 0, 107.833, 53.647, 0, 0, 0, 0, 0, 14.058, 0, 13.992, 0, 2.765, 126, 0, 0, 0, 62, 1.032, 0.005, 0.005, 89.6, 37.086, 100, 0, 0, 141, 44.458, 44.25, 8, 0.9, 0, 102.292, 0, 0, 107.833, 53.647, 0, 0.508, 0, 0, 
0.75, , , , , , 2.162, , 66.548, 66.548, 1.632, 53.315, 53.315, 53.315, 27.82, 63.354, 35.42, 34.952, 7.384, 13.486, 0, 0, 7.358, 7.555, 7.358, 7.555, 1, 53.144, 53.144, 0.024, 0.032, 26.232, 26.941, 26.232, 26.941, 4.943, 7.384, 13.486, , , 1, 0.84, 0, 0, 14, 2.771, 126, 0, 0, 0, 62, 5.408, 5.047, 89.6, 37.047, 100, 0, 0, 44.5, 44.239, 8, 0.9, 102.239, 0, 0, 107.739, 53.763, 0, 0, 0, 0, 0, 14.048, 0, 14, 0, 2.771, 126, 0, 0, 0, 62, 1.032, 0.005, 0.005, 89.6, 37.047, 100, 0, 0, 141, 44.5, 44.239, 8, 0.9, 0, 102.239, 0, 0, 107.739, 53.763, 0, 0.5, 0, 0, 
0.8, , , , , , 2.135, , 70.439, 70.439, 1.568, 52.673, 52.673, 52.673, 26.562, 64.265, 35.42, 35.672, 7.384, 13.483, 0, 0, 7.284, 7.479, 7.284, 7.479, 1, 53.251, 53.251, 0.024, 0.032, 27.167, 27.899, 27.167, 27.899, 4.947, 7.384, 13.483, , , 1, 0.891, 0, 0, 14, 2.774, 126, 0, 0, 0, 62, 5.4, 5.032, 89.6, 37.007, 100, 0, 0, 44.5, 44.185, 8, 0.9, 102.185, 0, 0, 107.685, 53.831, 0, 0, 0, 0, 0, 14.037, 0, 14, 0, 2.774, 126, 0, 0, 0, 62, 1.032, 0.005, 0.005, 89.6, 37.007, 100, 0, 0, 141, 44.5, 44.185, 8, 0.9, 0, 102.185, 0, 0, 107.685, 53.831, 0, 0.5, 0, 0, 
0.85, , 100.44, 63.82, , , 2.129, 0.974, 74.331, 74.331, 1.504, 52.525, 52.525, 52.525, 25.31, 65.175, 35.42, 36.392, 7.383, 13.479, 0, 0, 7.278, 7.473, 7.278, 7.473, 1, 53.357, 53.357, 0.024, 0.032, 28.517, 29.285, 28.517, 29.285, 4.95, 7.383, 13.479, , , 1, 0.94, 0, 0, 14, 2.778, 126, 0, 0, 0, 62, 5.391, 5.017, 89.6, 36.967, 100, 0, 0, 44.5, 44.13, 8, 0.9, 102.13, 0, 0, 107.63, 53.898, 0, 0, 0, 0, 0, 14.026, 0, 14, 0, 2.778, 126, 0, 0, 0, 62, 1.032, 0.005, 0.005, 89.6, 36.967, 100, 0, 0, 141, 44.5, 44.13, 8, 0.9, 0, 102.13, 0, 0, 107.63, 53.898, 0, 0.5, 0, 0, 
0.9, , 100.44, 63.82, , , 2.171, 0.974, 78.222, 78.222, 1.44, 53.524, 53.524, 53.524, 24.064, 66.085, 35.418, 37.016, 7.381, 13.475, 0, 0, 7.432, 7.631, 7.432, 7.631, 1, 53.464, 53.464, 0.024, 0.032, 30.681, 31.508, 30.681, 31.508, 4.954, 7.381, 13.475, , , 1, 0.99, 0, 0, 14, 2.781, 126, 0, 0, 0, 62, 5.382, 5.001, 89.6, 36.926, 100, 0, 0, 44.5, 44.076, 8, 0.9, 102.076, 0, 0, 107.576, 53.966, 0, 0, 0, 0, 0, 14.015, 0, 14, 0, 2.781, 126, 0, 0, 0, 62, 1.032, 0.005, 0.005, 89.6, 36.926, 100, 0, 0, 141, 44.5, 44.076, 8, 0.9, 0, 102.076, 0, 0, 107.576, 53.966, 0, 0.5, 0, 0, 
0.95, , 100.44, 63.82, , , 2.211, 0.974, 82.114, 82.114, 1.376, 54.478, 54.478, 54.478, 22.825, 66.995, 35.401, 36.777, 7.38, 13.471, 0, 0, 7.581, 7.784, 7.581, 7.784, 1, 53.573, 53.573, 0.024, 0.032, 33.058, 33.948, 33.058, 33.948, 4.964, 7.38, 13.471, , , 1, 1.04, 0, 0, 14, 2.785, 126, 0, 0, 0, 62, 5.373, 4.986, 89.6, 36.886, 100, 0, 0, 44.5, 44.022, 8, 0.9, 102.022, 0, 0, 107.522, 54.033, 0, 0, 0, 0, 0, 14.004, 0, 14, 0, 2.785, 126, 0, 0, 0, 62, 1.032, 0.005, 0.005, 89.6, 36.886, 100, 0, 0, 141, 44.5, 44.022, 8, 0.9, 0, 102.022, 0, 0, 107.522, 54.033, 0, 0.5, 0, 0, 
1, , 100.44, 63.82, , , 2.302, 0.974, 86.006, 86.006, 1.311, 56.64, 56.64, 56.64, 21.595, 67.905, 35.384, 36.539, 7.379, 13.467, 0, 0, 7.899, 8.112, 7.899, 8.112, 1, 53.683, 53.683, 0.024, 0.032, 36.516, 37.501, 36.516, 37.501, 4.982, 7.379, 13.467, , , 1, 1.091, 0, 0, 14, 2.789, 126, 0, 0, 0, 62, 5.369, 4.99, 89.6, 36.87, 100, 0, 0, 44.38, 43.94, 8, 0.9, 102.12, 0, 0, 107.56, 54.134, 0, 0, 0, 0, 0, 14.012, 0, 14, 0, 2.789, 126, 0, 0, 0, 62, 1.032, 0.005, 0.005, 89.6, 36.87, 100, 0, 0, 141, 44.38, 43.94, 8, 0.9, 0, 102.12, 0, 0, 107.56, 54.134, 0, 0.5, 0, 0, 
1.05, , 100.44, 63.82, , , 2.476, 0.974, 89.917, 89.917, 1.247, 60.779, 60.779, 60.779, 20.352, 68.815, 35.367, 36.3, 7.379, 13.471, 0, 0, 8.497, 8.725, 8.497, 8.725, 1, 53.802, 53.802, 0.024, 0.032, 41.775, 42.902, 41.775, 42.902, 5.001, 7.379, 13.471, , , 1, 1.143, 0, 0, 14, 2.794, 126, 0, 0, 0, 62, 5.367, 5.006, 89.6, 36.87, 100, 0, 0, 44.18, 43.84, 8, 0.9, 102.32, 0, 0, 107.66, 54.258, 0, 0, 0, 0, 0, 14.032, 0, 14, 0, 2.794, 126, 0, 0, 0, 62, 1.032, 0.005, 0.005, 89.6, 36.87, 100, 0, 0, 141, 44.18, 43.84, 8, 0.9, 0, 102.32, 0, 0, 107.66, 54.258, 0, 0.5, 0, 0, 
1.1, , 100.44, 63.82, , , 2.72, 0.974, 93.867, 93.867, 1.183, 66.568, 66.568, 66.568, 19.124, 69.725, 35.35, 36.062, 7.379, 13.475, 0, 0, 9.33, 9.581, 9.33, 9.581, 1, 53.932, 53.932, 0.024, 0.032, 48.975, 50.297, 48.975, 50.297, 5.02, 7.379, 13.475, , , 1, 1.194, 0, 0, 14, 2.8, 126, 0, 0, 0, 62, 5.365, 5.022, 89.6, 36.87, 100, 0, 0, 43.98, 43.74, 8, 0.9, 102.52, 0, 0, 107.76, 54.382, 0, 0, 0, 0, 0, 14.052, 0, 14, 0, 2.8, 126, 0, 0, 0, 62, 1.032, 0.005, 0.005, 89.6, 36.87, 100, 0, 0, 141, 43.98, 43.74, 8, 0.9, 0, 102.52, 0, 0, 107.76, 54.382, 0, 0.5, 0, 0, 
1.15, , 100.44, 63.82, , , 2.972, 0.974, 97.759, 97.759, 1.119, 72.536, 72.536, 72.536, 17.897, 70.636, 35.333, 35.823, 7.38, 13.488, 0, 0, 10.194, 10.469, 10.194, 10.469, 1, 54.073, 54.073, 0.024, 0.032, 57.229, 58.773, 57.229, 58.773, 5.036, 7.38, 13.488, , , 1, 1.246, 0, 0, 14, 2.805, 126, 0, 0, 0, 62, 5.363, 5.038, 89.6, 36.87, 100, 0, 0, 43.78, 43.64, 8, 0.9, 102.72, 0, 0, 107.86, 54.506, 0, 0, 0, 0, 0, 14.072, 0, 14, 0, 2.805, 126, 0, 0, 0, 62, 1.032, 0.005, 0.005, 89.6, 36.87, 100, 0, 0, 141, 43.78, 43.64, 8, 0.9, 0, 102.72, 0, 0, 107.86, 54.506, 0, 0.5, 0, 0, 
1.2, , 100.44, 63.82, , , 3.239, 0.974, 101.711, 101.711, 1.054, 78.891, 78.891, 78.891, 16.667, 71.546, 35.283, 35.717, 7.38, 13.501, 0, 0, 11.12, 11.418, 11.12, 11.418, 1, 54.226, 54.226, 0.024, 0.032, 67.09, 68.901, 67.09, 68.901, 5.043, 7.38, 13.501, , , 1, 1.293, 0, 0, 14, 2.81, 126, 0, 0, 0, 62, 5.361, 5.054, 89.6, 36.87, 100, 0, 0, 43.58, 43.54, 8, 0.9, 102.92, 0, 0, 107.96, 54.63, 0, 0, 0, 0, 0, 14.092, 0, 14, 0, 2.81, 126, 0, 0, 0, 62, 1.032, 0.005, 0.005, 89.6, 36.87, 100, 0, 0, 141, 43.58, 43.54, 8, 0.9, 0, 102.92, 0, 0, 107.96, 54.63, 0, 0.5, 0, 0, 
1.25, 21.95, 100.44, 63.82, 64.53, , 3.53, 0.974, 105.669, 105.669, 0.99, 85.78, 85.78, 85.78, 15.441, 72.456, 35.226, 35.641, 7.38, 13.459, 0, 0, 12.127, 12.452, 12.127, 12.452, 1, 54.393, 54.393, 0.024, 0.032, 78.805, 80.934, 78.805, 80.934, 5.049, 7.38, 13.459, , , 1, 1.34, 0.114, 0, 14.012, 2.816, 126, 0, 0, 0, 62.462, 5.595, 5.323, 89.6, 37.253, 100, 0, 0, 43.904, 43.962, 8.231, 0.912, 103.288, 0, 0, 108.288, 54.752, 0, 0, 0.114, 0, 0, 14.1, 0, 14.012, 0, 2.816, 126, 0, 0, 0, 62.462, 1.032, 0.005, 0.005, 89.6, 37.253, 100, 0, 0, 141, 43.904, 43.962, 8.231, 0.912, 0, 103.288, 0, 0, 108.288, 54.752, 0, 0.5, 0, 0, 
1.3, 21.951, 100.44, 63.82, 64.53, , 3.792, 0.974, 109.626, 109.626, 0.926, 92.007, 92.007, 92.007, 14.22, 73.366, 35.169, 35.565, 7.379, 13.416, 0, 0, 13.047, 13.398, 13.047, 13.398, 1, 54.574, 54.574, 0.024, 0.032, 91.654, 94.131, 91.654, 94.131, 5.056, 7.379, 13.416, , , 1, 1.39, 0.305, 0, 14.031, 2.822, 126, 0, 0, 0, 63.231, 5.988, 5.762, 89.6, 37.892, 100, 0, 0, 44.577, 44.731, 8.615, 0.931, 103.769, 0, 0, 108.769, 54.871, 0, 0, 0.305, 0, 0, 14.1, 0, 14.031, 0, 2.822, 126, 0, 0, 0, 63.231, 1.032, 0.006, 0.006, 89.6, 37.892, 100, 0, 0, 141, 44.577, 44.731, 8.615, 0.931, 0, 103.769, 0, 0, 108.769, 54.871, 0, 0.5, 0, 0, 
1.35, 21.953, 100.44, 63.82, 64.53, , 3.996, 0.974, 113.61, 113.61, 0.862, 96.859, 96.859, 96.859, 13.013, 74.276, 35.111, 35.489, 7.379, 13.297, 0, 0, 13.78, 14.153, 13.78, 14.153, 1, 54.769, 54.769, 0.024, 0.032, 105.487, 108.336, 105.487, 108.336, 5.062, 7.379, 13.297, , , 1, 1.44, 0.495, 0, 14.05, 2.829, 126, 0, 0, 0, 64, 6.38, 6.2, 89.6, 38.53, 100, 0, 0, 45.25, 45.5, 9, 0.95, 104.25, 0, 0, 109.25, 54.99, 0, 0, 0.495, 0, 0, 14.1, 0, 14.05, 0, 2.829, 126, 0, 0, 0, 64, 1.032, 0.006, 0.006, 89.6, 38.53, 100, 0, 0, 141, 45.25, 45.5, 9, 0.95, 0, 104.25, 0, 0, 109.25, 54.99, 0, 0.5, 0, 0, 
1.4, 21.954, 100.44, 63.82, 64.53, , 4.15, 0.974, 117.621, 117.621, 0.798, 100.5, 100.5, 100.5, 11.801, 75.186, 35.082, 35.434, 7.378, 13.174, 0, 0, 14.349, 14.739, 14.349, 14.739, 1, 54.972, 54.972, 0.024, 0.032, 121.06, 124.33, 121.06, 124.33, 5.063, 7.378, 13.174, , , 1, 1.492, 0.685, 0, 14.069, 2.836, 126, 0, 0, 0, 64.769, 6.772, 6.638, 89.6, 39.168, 100, 0, 0, 45.923, 46.269, 9.385, 0.969, 104.731, 0, 0, 109.731, 55.109, 0, 0, 0.685, 0, 0, 14.1, 0, 14.069, 0, 2.836, 126, 0, 0, 0, 64.769, 1.032, 0.006, 0.006, 89.6, 39.168, 100, 0, 0, 141, 45.923, 46.269, 9.385, 0.969, 0, 104.731, 0, 0, 109.731, 55.109, 0, 0.5, 0, 0, 
1.45, 21.955, 100.44, 63.82, 64.53, , 4.296, 0.974, 121.581, 121.581, 0.733, 103.973, 103.973, 103.973, 10.609, 76.096, 35.297, 35.578, 7.378, 12.98, 0, 0, 14.898, 15.305, 14.898, 15.305, 1, 55.181, 55.181, 0.024, 0.032, 139.744, 143.521, 139.744, 143.521, 5.064, 7.378, 12.98, , , 1, 1.544, 0.876, 0, 14.088, 2.842, 126, 0, 0, 0, 65.538, 7.165, 7.077, 89.6, 39.807, 100, 0, 0, 46.596, 47.038, 9.769, 0.988, 105.212, 0, 0, 110.212, 55.228, 0, 0, 0.876, 0, 0, 14.1, 0, 14.088, 0, 2.842, 126, 0, 0, 0, 65.538, 1.032, 0.007, 0.007, 89.6, 39.807, 100, 0, 0, 141, 46.596, 47.038, 9.769, 0.988, 0, 105.212, 0, 0, 110.212, 55.228, 0, 0.5, 0, 0, 
1.5, 21.956, 100.44, 63.82, 64.53, , 4.44, 0.974, 125.607, 125.607, 0.669, 107.402, 107.402, 107.402, 9.428, 77.006, 35.512, 35.721, 7.377, 12.78, 0, 0, 15.452, 15.874, 15.452, 15.874, 1, 55.396, 55.396, 0.024, 0.032, 164.853, 169.308, 164.853, 169.308, 5.065, 7.377, 12.78, , , 1, 1.595, 0.973, 0, 14.1, 2.85, 126, 0, 0, 0, 66.222, 7.436, 7.436, 89.6, 40.627, 100, 0, 0, 46.963, 47.5, 10.222, 1.008, 105.611, 0, 0, 110.611, 55.392, 0, 0, 0.973, 0, 0, 14.1, 0, 14.1, 0, 2.85, 126, 0, 0, 0, 66.222, 1.032, 0.007, 0.007, 89.6, 40.627, 100, 0, 0, 141, 46.963, 47.5, 10.222, 1.008, 0, 105.611, 0, 0, 110.611, 55.392, 0, 0.5, 0, 0, 
1.55, 21.957, 100.44, 63.82, 64.53, , 4.566, 0.974, 129.633, 129.633, 0.605, 110.401, 110.401, 110.401, 8.243, 77.917, 35.727, 35.865, 7.377, 12.621, 0, 0, 15.949, 16.384, 15.949, 16.384, 1, 55.619, 55.619, 0.024, 0.032, 197.41, 202.744, 197.41, 202.744, 5.065, 7.377, 12.621, , , 1, 1.644, 0.93, 0, 14.1, 2.859, 126, 0, 0, 0, 66.778, 7.527, 7.674, 89.6, 41.72, 100, 0, 0, 46.87, 47.5, 10.778, 1.029, 105.889, 0, 0, 110.889, 55.621, 0, 0, 0.93, 0, 0, 14.1, 0, 14.1, 0, 2.859, 126, 0, 0, 0, 66.778, 1.032, 0.007, 0.008, 89.6, 41.72, 100, 0, 0, 141, 46.87, 47.5, 10.778, 1.029, 0, 105.889, 0, 0, 110.889, 55.621, 0, 0.5, 0, 0, 
1.6, 21.958, 100.44, 63.82, 64.53, , 4.692, 0.974, 133.709, 133.709, 0.541, 113.389, 113.389, 113.389, 7.059, 78.827, 35.942, 36.008, 7.377, 12.467, 0, 0, 16.449, 16.897, 16.449, 16.897, 1, 55.851, 55.851, 0.024, 0.032, 243.041, 249.609, 243.041, 249.609, 5.073, 7.377, 12.467, , , 1, 1.69, 0.888, 0, 14.1, 2.868, 126, 0, 0, 0, 67.333, 7.618, 7.913, 89.6, 42.812, 100, 0, 0, 46.778, 47.5, 11.333, 1.049, 106.167, 0, 0, 111.167, 55.851, 0, 0, 0.888, 0, 0, 14.1, 0, 14.1, 0, 2.868, 126, 0, 0, 0, 67.333, 1.032, 0.007, 0.008, 89.6, 42.812, 100, 0, 0, 141, 46.778, 47.5, 11.333, 1.049, 0, 106.167, 0, 0, 111.167, 55.851, 0, 0.5, 0, 0, 
1.65, 21.959, 100.44, 63.82, 64.53, , 4.85, 0.974, 137.765, 137.765, 0.476, 117.134, 117.134, 117.134, 5.906, 79.737, 36.102, 36.149, 7.377, 12.39, 0, 0, 17.064, 17.529, 17.064, 17.529, 1, 56.084, 56.084, 0.024, 0.032, 316.805, 325.367, 316.805, 325.367, 5.083, 7.377, 12.39, , , 1, 1.74, 0.845, 0, 14.1, 2.877, 126, 0, 0, 0, 67.889, 7.709, 8.152, 89.6, 43.905, 100, 0, 0, 46.685, 47.5, 11.889, 1.069, 106.444, 0, 0, 111.444, 56.081, 0, 0, 0.845, 0, 0, 14.1, 0, 14.1, 0, 2.877, 126, 0, 0, 0, 67.889, 1.032, 0.008, 0.008, 89.6, 43.905, 100, 0, 0, 141, 46.685, 47.5, 11.889, 1.069, 0, 106.444, 0, 0, 111.444, 56.081, 0, 0.5, 0, 0, 
1.7, 21.961, 100.44, 63.82, 64.53, , 5.025, 0.974, 141.821, 141.821, 0.412, 121.303, 121.303, 121.303, 4.748, 80.647, 35.633, 36.257, 7.377, 12.324, 0, 0, 17.749, 18.231, 17.749, 18.231, 1, 56.33, 56.33, 0.024, 0.032, 454.681, 466.967, 454.681, 466.967, 5.093, 7.377, 12.324, , , 1, 1.79, 0.803, 0, 14.1, 2.886, 126, 0, 0, 0, 68.444, 7.799, 8.391, 89.6, 44.997, 100, 0, 0, 46.593, 47.5, 12.444, 1.09, 106.722, 0, 0, 111.722, 56.31, 0, 0, 0.803, 0, 0, 14.1, 0, 14.1, 0, 2.886, 126, 0, 0, 0, 68.444, 1.032, 0.008, 0.009, 89.6, 44.997, 100, 0, 0, 141, 46.593, 47.5, 12.444, 1.09, 0, 106.722, 0, 0, 111.722, 56.31, 0, 0.5, 0, 0, 
1.75, 21.962, 100.44, 63.82, 64.53, , 5.185, 0.974, 145.917, 145.917, 0.348, 125.104, 125.104, 125.104, 3.604, 81.557, 35.163, 36.366, 7.377, 12.338, 0, 0, 18.388, 18.886, 18.388, 18.886, 1, 56.583, 56.583, 0.024, 0.032, 1619.992, 1663.761, 1619.992, 1663.761, 5.103, 7.377, 12.338, , , 1, 1.84, 0.76, 0, 14.1, 2.895, 126, 0, 0, 0, 69, 7.89, 8.63, 89.6, 46.09, 100, 0, 0, 46.5, 47.5, 13, 1.11, 107, 0, 0, 112, 56.54, 0, 0, 0.76, 0, 0, 14.1, 0, 14.1, 0, 2.895, 126, 0, 0, 0, 69, 1.032, 0.008, 0.009, 89.6, 46.09, 100, 0, 0, 141, 46.5, 47.5, 13, 1.11, 0, 107, 0, 0, 112, 56.54, 0, 0.5, 0, 0, 
1.8, 21.963, 100.44, 63.82, 64.53, , 5.326, 0.974, 150.024, 150.024, 0.284, 128.455, 128.455, 128.455, 2.54, 82.467, 34.693, 36.474, 7.377, 12.367, 0, 0, 18.968, 19.481, 18.968, 19.481, 1, 56.842, 56.842, 0.024, 0.032, 4830.758, 4961.27, 4830.758, 4961.27, 5.104, 7.377, 12.367, , , 1, 1.89, 0.686, 0, 14.1, 2.908, 126.184, 0, 0, 0, 69.919, 7.958, 8.615, 89.6, 46.7, 100, 0, 0, 46.316, 47.408, 13.368, 1.128, 107.184, 0, 0, 112.184, 56.77, 0, 0, 0.686, 0, 0, 14.1, 0, 14.1, 0, 2.908, 126.184, 0, 0, 0, 69.919, 1.032, 0.008, 0.009, 89.6, 46.7, 100, 0, 0, 141, 46.316, 47.408, 13.368, 1.128, 0, 107.184, 0, 0, 112.184, 56.77, 0, 0.5, 0, 0, 
1.85, 21.964, 100.44, 63.82, 64.53, , 5.49, 0.974, 154.193, 154.193, 0.22, 132.353, 132.353, 132.353, 1.634, 83.377, 34.223, 36.582, 7.377, 12.429, 0, 0, 19.635, 20.165, 19.635, 20.165, 1, 57.11, 57.11, 0.024, 0.032, 5801.211, 5957.942, 5801.211, 5957.942, 5.102, 7.377, 12.429, , , 1, 1.94, 0.613, 0, 14.1, 2.921, 126.368, 0, 0, 0, 70.838, 8.026, 8.601, 89.6, 47.311, 100, 0, 0, 46.132, 47.316, 13.735, 1.147, 107.368, 0, 0, 112.368, 57, 0, 0, 0.613, 0, 0, 14.1, 0, 14.1, 0, 2.921, 126.368, 0, 0, 0, 70.838, 1.032, 0.008, 0.009, 89.6, 47.311, 100, 0, 0, 141, 46.132, 47.316, 13.735, 1.147, 0, 107.368, 0, 0, 112.368, 57, 0, 0.5, 0, 0, 
1.9, 21.965, 100.44, 63.82, 64.53, , 5.67, 0.974, 158.363, 158.363, 0.155, 136.621, 136.621, 136.621, 0.925, 84.287, 33.836, 36.651, 7.377, 12.497, 0, 0, 20.365, 20.915, 20.365, 20.915, 1, 57.388, 57.388, 0.024, 0.032, 7393.653, 7593.404, 7393.653, 7593.404, 5.1, 7.377, 12.497, , , 1, 1.99, 0.539, 0, 14.1, 2.934, 126.551, 0, 0, 0, 71.757, 8.094, 8.586, 89.6, 47.921, 100, 0, 0, 45.949, 47.224, 14.103, 1.165, 107.551, 0, 0, 112.551, 57.229, 0, 0, 0.539, 0, 0, 14.1, 0, 14.1, 0, 2.934, 126.551, 0, 0, 0, 71.757, 1.032, 0.008, 0.009, 89.6, 47.921, 100, 0, 0, 141, 45.949, 47.224, 14.103, 1.165, 0, 107.551, 0, 0, 112.551, 57.229, 0, 0.5, 0, 0, 
1.95, 21.966, 100.44, 63.82, 64.53, , 5.806, 0.974, 162.533, 162.533, 0.091, 139.865, 139.865, 139.865, 0.42, 85.198, 34.196, 36.363, 7.377, 12.571, 0, 0, 20.954, 21.519, 20.954, 21.519, 1, 57.672, 57.672, 0.024, 0.032, 10313.095, 10591.721, 10313.095, 10591.721, 5.098, 7.377, 12.571, , , 1, 2.041, 0.466, 0, 14.1, 2.946, 126.735, 0, 0, 0, 72.676, 8.162, 8.571, 89.6, 48.531, 100, 0, 0, 45.765, 47.132, 14.471, 1.184, 107.735, 0, 0, 112.735, 57.459, 0, 0, 0.466, 0, 0, 14.1, 0, 14.1, 0, 2.946, 126.735, 0, 0, 0, 72.676, 1.032, 0.008, 0.009, 89.6, 48.531, 100, 0, 0, 141, 45.765, 47.132, 14.471, 1.184, 0, 107.735, 0, 0, 112.735, 57.459, 0, 0.5, 0, 0, 
2, 21.967, 100.44, 63.82, 64.53, , 5.937, 0.974, 166.702, 166.702, 0.027, 142.971, 142.971, 142.971, 0.116, 86.108, 34.556, 36.075, 7.377, 12.647, 0, 0, 21.526, 22.108, 21.526, 22.108, 1, 57.96, 57.96, 0.024, 0.032, 17701.298, 18179.527, 17701.298, 18179.527, 5.105, 7.377, 12.647, , , 1, 2.091, 0.392, 0, 14.1, 2.959, 126.919, 0, 0, 0, 73.596, 8.23, 8.556, 89.6, 49.141, 100, 0, 0, 45.581, 47.04, 14.838, 1.202, 107.919, 0, 0, 112.919, 57.689, 0, 0, 0.392, 0, 0, 14.1, 0, 14.1, 0, 2.959, 126.919, 0, 0, 0, 73.596, 1.032, 0.008, 0.009, 89.6, 49.141, 100, 0, 0, 141, 45.581, 47.04, 14.838, 1.202, 0, 107.919, 0, 0, 112.919, 57.689, 0, 0.5, 0, 0, 
2.05, 21.969, 100.44, 63.82, 64.53, , 6.08, 0.974, 170.922, 170.922, 0.044, 146.357, 146.357, 146.357, 0, 85.614, 34.916, 35.787, 7.377, 12.715, 0, 0, 22.147, 22.747, 22.147, 22.747, 1, 58.254, 58.254, 0.024, 0.032, , , , , 5.114, 7.377, 12.715, , , 1, 2.141, 0.459, 0, 14.1, 2.973, 127, 0, 0, 0, 74.339, 8.433, 8.638, 89.6, 49.91, 100, 0, 0, 45.387, 46.774, 15.339, 1.224, 108.056, 0, 0, 113.056, 58, 0, 0, 0.459, 0, 0, 14.1, 0, 14.1, 0, 2.973, 127, 0, 0, 0, 74.339, 1.032, 0.008, 0.009, 89.6, 49.91, 100, 0, 0, 141, 45.387, 46.774, 15.339, 1.224, 0, 108.056, 0, 0, 113.056, 58, 0, 0.5, 0, 0, 
2.1, 21.97, 100.44, 63.82, 64.53, , 6.241, 0.974, 175.167, 175.167, 0.119, 150.19, 150.19, 150.19, 0, 84.102, 35.276, 35.499, 7.377, 12.782, 0, 0, 22.846, 23.466, 22.846, 23.466, 1, 58.558, 58.558, 0.024, 0.032, , , , , 5.123, 7.377, 12.782, , , 1, 2.192, 0.637, 0, 14.1, 2.989, 127, 0, 0, 0, 74.944, 8.741, 8.795, 89.6, 50.803, 100, 0, 0, 45.185, 46.371, 15.944, 1.248, 108.157, 0, 0, 113.157, 58.375, 0, 0, 0.637, 0, 0, 14.1, 0, 14.1, 0, 2.989, 127, 0, 0, 0, 74.944, 1.032, 0.009, 0.009, 89.6, 50.803, 100, 0, 0, 141, 45.185, 46.371, 15.944, 1.248, 0, 108.157, 0, 0, 113.157, 58.375, 0, 0.5, 0, 0, 
2.15, 21.971, 100.44, 63.82, 64.53, , 6.393, 0.974, 179.413, 179.413, 0.194, 153.819, 153.819, 153.819, 0, 82.591, 35.593, 35.24, 7.377, 12.838, 0, 0, 23.523, 24.16, 23.523, 24.16, 1, 58.871, 58.871, 0.024, 0.032, , , , , 5.132, 7.377, 12.838, , , 1, 2.242, 0.814, 0, 14.1, 3.004, 127, 0, 0, 0, 75.548, 9.05, 8.953, 89.6, 51.696, 100, 0, 0, 44.984, 45.968, 16.548, 1.272, 108.258, 0, 0, 113.258, 58.75, 0, 0, 0.814, 0, 0, 14.1, 0, 14.1, 0, 3.004, 127, 0, 0, 0, 75.548, 1.032, 0.009, 0.009, 89.6, 51.696, 100, 0, 0, 141, 44.984, 45.968, 16.548, 1.272, 0, 108.258, 0, 0, 113.258, 58.75, 0, 0.5, 0, 0, 
2.2, 21.972, 100.44, 63.82, 64.53, , 6.526, 0.974, 183.687, 183.687, 0.269, 156.959, 156.959, 156.959, 0, 81.08, 35.521, 35.24, 7.377, 12.891, 0, 0, 24.133, 24.785, 24.133, 24.785, 1, 59.192, 59.192, 0.024, 0.032, , , , , 5.126, 7.377, 12.891, , , 1, 2.294, 0.992, 0, 14.1, 3.019, 127, 0, 0, 0, 76.153, 9.358, 9.11, 89.6, 52.59, 100, 0, 0, 44.782, 45.565, 17.153, 1.296, 108.359, 0, 0, 113.359, 59.125, 0, 0, 0.992, 0, 0, 14.1, 0, 14.1, 0, 3.019, 127, 0, 0, 0, 76.153, 1.032, 0.009, 0.009, 89.6, 52.59, 100, 0, 0, 141, 44.782, 45.565, 17.153, 1.296, 0, 108.359, 0, 0, 113.359, 59.125, 0, 0.5, 0, 0, 
2.25, 21.973, 100.44, 63.82, 64.53, , 6.658, 0.974, 187.989, 187.989, 0.344, 160.112, 160.112, 160.112, 0, 79.569, 35.449, 35.24, 7.377, 12.924, 0, 0, 24.754, 25.422, 24.754, 25.422, 1, 59.515, 59.515, 0.024, 0.032, , , , , 5.113, 7.377, 12.924, , , 1, 2.345, 1.169, 0, 14.1, 3.034, 127, 0, 0, 0, 76.758, 9.667, 9.267, 89.6, 53.483, 100, 0, 0, 44.581, 45.161, 17.758, 1.32, 108.46, 0, 0, 113.46, 59.5, 0, 0, 1.169, 0, 0, 14.1, 0, 14.1, 0, 3.034, 127, 0, 0, 0, 76.758, 1.032, 0.01, 0.009, 89.6, 53.483, 100, 0, 0, 141, 44.581, 45.161, 17.758, 1.32, 0, 108.46, 0, 0, 113.46, 59.5, 0, 0.5, 0, 0, 
2.3, 21.974, 100.44, 63.82, 64.53, , 6.788, 0.974, 192.263, 192.263, 0.42, 163.211, 163.211, 163.211, 0, 78.058, 35.377, 35.24, 7.377, 12.95, 0, 0, 25.373, 26.056, 25.373, 26.056, 1, 59.852, 59.852, 0.024, 0.032, , , , , 5.101, 7.377, 12.95, , , 1, 2.392, 1.12, 0, 14.1, 3.056, 127, 0, 0, 0, 77.373, 9.762, 9.445, 89.6, 54.276, 100, 0, 0, 44.407, 44.876, 18.373, 1.347, 108.811, 0, 0, 113.78, 59.959, 0, 0, 1.12, 0, 0, 14.088, 0, 14.1, 0, 3.056, 127, 0, 0, 0, 77.373, 1.032, 0.01, 0.009, 89.6, 54.276, 100, 0, 0, 141, 44.407, 44.876, 18.373, 1.347, 0, 108.811, 0, 0, 113.78, 59.959, 0, 0.5, 0, 0, 
2.35, 21.975, 100.44, 63.82, 64.53, , 6.918, 0.974, 196.659, 196.659, 0.495, 166.299, 166.299, 166.299, 0, 76.547, 35.305, 35.24, 7.377, 12.968, 0, 0, 25.997, 26.698, 25.997, 26.698, 1, 60.192, 60.192, 0.024, 0.032, , , , , 5.088, 7.377, 12.968, , , 1, 2.441, 0.921, 0, 14.1, 3.082, 127, 0, 0, 0, 77.996, 9.715, 9.635, 89.6, 55.003, 100, 0, 0, 44.251, 44.668, 18.996, 1.375, 109.33, 0, 0, 114.247, 60.475, 0, 0, 0.921, 0, 0, 14.067, 0, 14.1, 0, 3.082, 127, 0, 0, 0, 77.996, 1.032, 0.01, 0.009, 89.6, 55.003, 100, 0, 0, 141, 44.251, 44.668, 18.996, 1.375, 0, 109.33, 0, 0, 114.247, 60.475, 0, 0.5, 0, 0, 
2.4, 21.977, 100.44, 63.82, 64.53, , 7.01, 0.974, 200.986, 200.986, 0.57, 168.483, 168.483, 168.483, 0, 75.035, 35.222, 35.258, 7.377, 12.983, 0, 0, 26.49, 27.204, 26.49, 27.204, 1, 60.535, 60.535, 0.024, 0.032, , , , , 5.074, 7.377, 12.983, , , 1, 2.49, 0.722, 0, 14.1, 3.108, 127, 0, 0, 0, 78.618, 9.669, 9.826, 89.6, 55.731, 100, 0, 0, 44.095, 44.461, 19.618, 1.403, 109.849, 0, 0, 114.714, 60.99, 0, 0, 0.722, 0, 0, 14.046, 0, 14.1, 0, 3.108, 127, 0, 0, 0, 78.618, 1.032, 0.01, 0.01, 89.6, 55.731, 100, 0, 0, 141, 44.095, 44.461, 19.618, 1.403, 0, 109.849, 0, 0, 114.714, 60.99, 0, 0.5, 0, 0, 
2.45, 21.978, 100.44, 63.82, 64.53, , 7.127, 0.974, 205.392, 205.392, 0.645, 171.26, 171.26, 171.26, 0, 73.524, 35.042, 35.438, 7.377, 12.989, 0, 0, 27.08, 27.812, 27.08, 27.812, 1, 60.885, 60.885, 0.024, 0.032, , , , , 5.056, 7.377, 12.989, , , 1, 2.541, 0.523, 0, 14.1, 3.134, 127, 0, 0, 0, 79.241, 9.622, 10.017, 89.6, 56.458, 100, 0, 0, 43.94, 44.253, 20.241, 1.431, 110.367, 0, 0, 115.18, 61.506, 0, 0, 0.523, 0, 0, 14.025, 0, 14.1, 0, 3.134, 127, 0, 0, 0, 79.241, 1.032, 0.01, 0.01, 89.6, 56.458, 100, 0, 0, 141, 43.94, 44.253, 20.241, 1.431, 0, 110.367, 0, 0, 115.18, 61.506, 0, 0.5, 0, 0, 
2.5, 21.979, 100.44, 63.82, 64.53, , 7.255, 0.974, 209.798, 209.798, 0.72, 174.308, 174.308, 174.308, 0, 72.013, 34.862, 35.618, 7.377, 12.991, 0, 0, 27.723, 28.471, 27.723, 28.471, 1, 61.24, 61.24, 0.024, 0.032, , , , , 5.039, 7.377, 12.991, , , 1, 2.59, 0.324, 0, 14.1, 3.161, 127, 0, 0, 0, 79.863, 9.575, 10.208, 89.6, 57.185, 100, 0, 0, 43.784, 44.046, 20.863, 1.459, 110.886, 0, 0, 115.647, 62.022, 0, 0, 0.324, 0, 0, 14.005, 0, 14.1, 0, 3.161, 127, 0, 0, 0, 79.863, 1.032, 0.01, 0.01, 89.6, 57.185, 100, 0, 0, 141, 43.784, 44.046, 20.863, 1.459, 0, 110.886, 0, 0, 115.647, 62.022, 0, 0.5, 0, 0, 
2.55, 21.98, 100.44, 63.82, 64.53, , 7.358, 0.974, 214.281, 214.281, 0.796, 176.771, 176.771, 176.771, 0, 70.502, 34.682, 35.798, 7.377, 13.006, 0, 0, 28.28, 29.042, 28.28, 29.042, 1, 61.6, 61.6, 0.024, 0.032, , , , , 5.022, 7.377, 13.006, , , 1, 2.64, 0.267, 0, 14.1, 3.174, 127, 0, 0, 0, 80, 9.577, 10.314, 89.6, 57.496, 100, 0, 0, 43.791, 44, 21.163, 1.471, 111.163, 0, 0, 115.872, 62.338, 0, 0, 0.267, 0, 0, 14, 0, 14.1, 0, 3.174, 127, 0, 0, 0, 80, 1.032, 0.01, 0.011, 89.6, 57.496, 100, 0, 0, 141, 43.791, 44, 21.163, 1.471, 0, 111.163, 0, 0, 115.872, 62.338, 0, 0.5, 0, 0, 
2.6, 21.981, 100.44, 63.82, 64.529, , 7.468, 0.974, 218.772, 218.772, 0.871, 179.392, 179.392, 179.392, 0, 68.991, 34.502, 35.978, 7.377, 13.027, 0, 0, 28.872, 29.65, 28.872, 29.65, 1, 61.967, 61.967, 0.024, 0.032, , , , , 5.006, 7.377, 13.027, , , 1, 2.69, 0.25, 0, 14.1, 3.183, 127, 0, 0, 0, 80, 9.593, 10.395, 89.6, 57.689, 100, 0, 0, 43.843, 44, 21.372, 1.478, 111.372, 0, 0, 116.029, 62.599, 0, 0, 0.25, 0, 0, 14, 0, 14.1, 0, 3.183, 127, 0, 0, 0, 80, 1.032, 0.01, 0.011, 89.6, 57.689, 100, 0, 0, 141, 43.843, 44, 21.372, 1.478, 0, 111.372, 0, 0, 116.029, 62.599, 0, 0.5, 0, 0, 
2.65, 21.982, 100.44, 63.82, 64.527, , 7.558, 0.974, 223.262, 223.262, 0.946, 181.525, 181.525, 181.525, 0, 67.48, 34.358, 36.111, 7.377, 13.054, 0, 0, 29.39, 30.181, 29.39, 30.181, 1, 62.337, 62.337, 0.024, 0.032, , , , , 4.996, 7.377, 13.054, , , 1, 2.74, 0.233, 0, 14.1, 3.193, 127, 0, 0, 0, 80, 9.609, 10.477, 89.6, 57.883, 100, 0, 0, 43.895, 44, 21.582, 1.485, 111.582, 0, 0, 116.186, 62.859, 0, 0, 0.233, 0, 0, 14, 0, 14.1, 0, 3.193, 127, 0, 0, 0, 80, 1.032, 0.01, 0.011, 89.6, 57.883, 100, 0, 0, 141, 43.895, 44, 21.582, 1.485, 0, 111.582, 0, 0, 116.186, 62.859, 0, 0.5, 0, 0, 
2.7, 21.982, 100.44, 63.82, 64.525, , 7.65, 0.974, 227.752, 227.752, 1.021, 183.709, 183.709, 183.709, 0, 65.969, 34.538, 35.823, 7.377, 13.085, 0, 0, 29.919, 30.726, 29.919, 30.726, 1, 62.711, 62.711, 0.024, 0.032, , , , , 4.986, 7.377, 13.085, , , 1, 2.79, 0.217, 0, 14.1, 3.202, 127, 0, 0, 0, 80, 9.624, 10.558, 89.6, 58.076, 100, 0, 0, 43.948, 44, 21.791, 1.493, 111.791, 0, 0, 116.343, 63.12, 0, 0, 0.217, 0, 0, 14, 0, 14.1, 0, 3.202, 127, 0, 0, 0, 80, 1.032, 0.01, 0.011, 89.6, 58.076, 100, 0, 0, 141, 43.948, 44, 21.791, 1.493, 0, 111.791, 0, 0, 116.343, 63.12, 0, 0.5, 0, 0, 
2.75, 21.983, 100.44, 63.82, 64.524, , 7.712, 0.974, 232.31, 232.31, 1.097, 185.193, 185.193, 185.193, 0, 64.457, 34.718, 35.535, 7.377, 13.128, 0, 0, 30.343, 31.162, 30.343, 31.162, 1, 63.091, 63.091, 0.024, 0.032, , , , , 4.976, 7.377, 13.128, , , 1, 2.84, 0.2, 0, 14.1, 3.212, 127, 0, 0, 0, 80, 9.64, 10.64, 89.6, 58.27, 100, 0, 0, 44, 44, 22, 1.5, 112, 0, 0, 116.5, 63.38, 0, 0, 0.2, 0, 0, 14, 0, 14.1, 0, 3.212, 127, 0, 0, 0, 80, 1.032, 0.01, 0.011, 89.6, 58.27, 100, 0, 0, 141, 44, 44, 22, 1.5, 0, 112, 0, 0, 116.5, 63.38, 0, 0.5, 0, 0, 
2.8, 21.984, 100.44, 63.82, 64.522, , 7.786, 0.974, 236.888, 236.888, 1.172, 186.966, 186.966, 186.966, 0.505, 62.946, 34.898, 35.247, 7.377, 13.179, 0, 0, 30.817, 31.651, 30.817, 31.651, 1, 63.474, 63.474, 0.024, 0.032, , , , , 4.966, 7.377, 13.179, , , 1, 2.891, 0.258, 0, 14.1, 3.229, 127, 0, 0, 0, 80, 9.776, 10.69, 89.6, 58.344, 100, 0, 0, 44.1, 44, 22.4, 1.512, 112.5, 0, 0, 117, 63.628, 0, 0, 0.258, 0, 0, 14, 0, 14.1, 0, 3.229, 127, 0, 0, 0, 80, 1.032, 0.01, 0.011, 89.6, 58.344, 100, 0, 0, 141, 44.1, 44, 22.4, 1.512, 0, 112.5, 0, 0, 117, 63.628, 0, 0.5, 0, 0, 
2.85, 21.985, 100.44, 63.82, 64.521, , 7.86, 0.974, 241.532, 241.532, 1.247, 188.718, 188.718, 188.718, 3.629, 61.435, 35.078, 34.959, 7.377, 13.23, 0, 0, 31.296, 32.143, 31.296, 32.143, 1, 63.859, 63.859, 0.024, 0.032, , , , , 5.009, 7.377, 13.23, , , 1, 2.941, 0.316, 0, 14.1, 3.247, 127, 0, 0, 0, 80, 9.912, 10.74, 89.6, 58.418, 100, 0, 0, 44.2, 44, 22.8, 1.524, 113, 0, 0, 117.5, 63.876, 0, 0, 0.316, 0, 0, 14, 0, 14.1, 0, 3.247, 127, 0, 0, 0, 80, 1.032, 0.01, 0.011, 89.6, 58.418, 100, 0, 0, 141, 44.2, 44, 22.8, 1.524, 0, 113, 0, 0, 117.5, 63.876, 0, 0.5, 0, 0, 
2.9, 21.985, 100.44, 63.82, 64.519, , 7.898, 0.974, 246.136, 246.136, 1.322, 189.639, 189.639, 189.639, 10.444, 59.924, 35.247, 34.729, 7.377, 13.281, 0, 0, 31.638, 32.494, 31.638, 32.494, 1, 64.246, 64.246, 0.024, 0.032, 90.044, 92.478, 90.044, 92.478, 5.052, 7.377, 13.281, , , 1, 2.991, 0.374, 0, 14.1, 3.264, 127, 0, 0, 0, 80, 10.048, 10.79, 89.6, 58.492, 100, 0, 0, 44.3, 44, 23.2, 1.536, 113.5, 0, 0, 118, 64.124, 0, 0, 0.374, 0, 0, 14, 0, 14.1, 0, 3.264, 127, 0, 0, 0, 80, 1.032, 0.01, 0.011, 89.6, 58.492, 100, 0, 0, 141, 44.3, 44, 23.2, 1.536, 0, 113.5, 0, 0, 118, 64.124, 0, 0.5, 0, 0, 
2.95, 21.986, 100.44, 63.82, 64.518, , 7.93, 0.974, 250.779, 250.779, 1.397, 190.405, 190.405, 190.405, 17.511, 58.413, 35.319, 35.017, 7.377, 13.325, 0, 0, 31.957, 32.821, 31.957, 32.821, 1, 64.638, 64.638, 0.024, 0.032, 83.183, 85.431, 83.183, 85.431, 5.095, 7.377, 13.325, , , 1, 3.041, 0.432, 0, 14.1, 3.282, 127, 0, 0, 0, 80, 10.184, 10.84, 89.6, 58.566, 100, 0, 0, 44.4, 44, 23.6, 1.548, 114, 0, 0, 118.5, 64.372, 0, 0, 0.432, 0, 0, 14, 0, 14.1, 0, 3.282, 127, 0, 0, 0, 80, 1.032, 0.01, 0.011, 89.6, 58.566, 100, 0, 0, 141, 44.4, 44, 23.6, 1.548, 0, 114, 0, 0, 118.5, 64.372, 0, 0.5, 0, 0, 
3, 21.987, 100.44, 63.82, 64.516, , 7.991, 0.974, 255.516, 255.516, 1.473, 191.853, 191.853, 191.853, 24.38, 56.902, 35.391, 35.305, 7.377, 13.362, 0, 0, 32.399, 33.273, 32.399, 33.273, 1, 65.032, 65.032, 0.024, 0.032, 81.577, 83.78, 81.577, 83.78, 5.138, 7.377, 13.362, , , 1, 3.091, 0.49, 0, 14.1, 3.299, 127, 0, 0, 0, 80, 10.32, 10.89, 89.6, 58.64, 100, 0, 0, 44.5, 44, 24, 1.56, 114.5, 0, 0, 119, 64.62, 0, 0, 0.49, 0, 0, 14, 0, 14.1, 0, 3.299, 127, 0, 0, 0, 80, 1.032, 0.01, 0.011, 89.6, 58.64, 100, 0, 0, 141, 44.5, 44, 24, 1.56, 0, 114.5, 0, 0, 119, 64.62, 0, 0.5, 0, 0, 
3.05, 21.988, 100.44, 63.82, 64.515, , 8.057, 0.974, 260.212, 260.212, 1.903, 193.443, 193.443, 193.443, 30.652, 48.245, 35.463, 35.593, 7.377, 13.39, 0, 0, 32.867, 33.754, 32.867, 33.754, 1, 65.43, 65.43, 0.024, 0.032, 81.496, 83.697, 81.496, 83.697, 5.188, 7.377, 13.39, , , 1, 3.14, 0.392, 0, 14.1, 3.322, 127, 0, 0, 0, 80, 10.266, 10.896, 89.6, 59.082, 100, 0, 0, 44.5, 44, 24.2, 1.568, 115, 0, 0, 119.5, 65.118, 0, 0, 0.392, 0, 0, 14, 0, 14.1, 0, 3.322, 127, 0, 0, 0, 80, 1.032, 0.01, 0.011, 89.6, 59.082, 100, 0, 0, 141, 44.5, 44, 24.2, 1.568, 0, 115, 0, 0, 119.5, 65.118, 0, 0.5, 0, 0, 
3.1, 21.988, 100.44, 63.82, 64.513, , 8.122, 0.974, 264.951, 264.951, 2.329, 194.98, 194.98, 194.98, 33.699, 52.117, 35.535, 35.881, 7.377, 13.41, 0, 0, 33.332, 34.233, 33.332, 34.233, 1, 65.879, 65.879, 0.024, 0.032, 79.568, 81.717, 79.568, 81.717, 5.239, 7.377, 13.41, , , 1, 3.19, 0.294, 0, 14.1, 3.344, 127, 0, 0, 0, 80, 10.212, 10.902, 89.6, 59.524, 100, 0, 0, 44.5, 44, 24.4, 1.576, 115.5, 0, 0, 120, 65.616, 0, 0, 0.294, 0, 0, 14, 0, 14.1, 0, 3.344, 127, 0, 0, 0, 80, 1.032, 0.01, 0.011, 89.6, 59.524, 100, 0, 0, 141, 44.5, 44, 24.4, 1.576, 0, 115.5, 0, 0, 120, 65.616, 0, 0.5, 0, 0, 
3.15, 21.989, 100.44, 63.82, 64.512, , 8.249, 0.974, 271.479, 271.479, 2.308, 198.016, 198.016, 198.016, 32.52, 57.158, 35.589, 36.108, 7.377, 13.426, 0, 0, 34.141, 35.065, 34.141, 35.065, 1, 66.43, 66.43, 0.024, 0.032, 83.13, 85.375, 83.13, 85.375, 5.291, 7.377, 13.426, , , 1, 3.24, 0.196, 0, 14.1, 3.367, 127, 0, 0, 0, 80, 10.158, 10.908, 89.6, 59.966, 100, 0, 0, 44.5, 44, 24.6, 1.584, 116, 0, 0, 120.5, 66.114, 0, 0, 0.196, 0, 0, 14, 0, 14.1, 0, 3.367, 127, 0, 0, 0, 80, 1.032, 0.01, 0.011, 89.6, 59.966, 100, 0, 0, 141, 44.5, 44, 24.6, 1.584, 0, 116, 0, 0, 120.5, 66.114, 0, 0.5, 0, 0, 
3.2, 21.99, 100.44, 63.82, 64.51, , 8.366, 0.974, 276.892, 276.892, 2.246, 200.799, 200.799, 200.799, 31.415, 57.955, 35.483, 35.788, 7.377, 13.437, 0, 0, 34.856, 35.799, 34.856, 35.799, 1, 66.838, 66.838, 0.024, 0.032, 87.586, 89.953, 87.586, 89.953, 5.342, 7.377, 13.437, , , 1, 3.29, 0.098, 0, 14.1, 3.389, 127, 0, 0, 0, 80, 10.104, 10.914, 89.6, 60.408, 100, 0, 0, 44.5, 44, 24.8, 1.592, 116.5, 0, 0, 121, 66.612, 0, 0, 0.098, 0, 0, 14, 0, 14.1, 0, 3.389, 127, 0, 0, 0, 80, 1.032, 0.01, 0.011, 89.6, 60.408, 100, 0, 0, 141, 44.5, 44, 24.8, 1.592, 0, 116.5, 0, 0, 121, 66.612, 0, 0.5, 0, 0, 
3.25, 21.991, 100.44, 63.82, 64.509, , 8.406, 0.974, 281.757, 281.757, 2.184, 201.777, 201.777, 201.777, 30.315, 58.752, 35.376, 35.468, 7.377, 13.46, 0, 0, 35.239, 36.193, 35.239, 36.193, 1, 67.253, 67.253, 0.024, 0.032, 91.164, 93.629, 91.164, 93.629, 5.357, 7.377, 13.46, , , 1, 3.34, 0, 0, 14.1, 3.412, 127, 0, 0, 0, 80, 10.05, 10.92, 89.6, 60.85, 100, 0, 0, 44.5, 44, 25, 1.6, 117, 0, 0, 121.5, 67.11, 0, 0, 0, 0, 0, 14, 0, 14.1, 0, 3.412, 127, 0, 0, 0, 80, 1.032, 0.01, 0.011, 89.6, 60.85, 100, 0, 0, 141, 44.5, 44, 25, 1.6, 0, 117, 0, 0, 121.5, 67.11, 0, 0.5, 0, 0, 
3.3, 21.991, 100.44, 63.82, 64.507, , 8.453, 0.974, 286.621, 286.621, 2.123, 202.889, 202.889, 202.889, 29.233, 59.549, 35.269, 35.148, 7.377, 13.491, 0, 0, 35.65, 36.615, 35.65, 36.615, 1, 67.668, 67.668, 0.024, 0.032, 95.045, 97.615, 95.045, 97.615, 5.362, 7.377, 13.491, , , 1, 3.39, 0.01, 0, 14.1, 3.433, 127, 0, 0, 0, 79.8, 10.11, 10.912, 89.6, 60.85, 100, 0, 0, 44.6, 44, 25, 1.608, 117.4, 0, 0, 122, 67.482, 0, 0, 0.01, 0, 0, 14, 0, 14.1, 0, 3.433, 127, 0, 0, 0, 79.8, 1.032, 0.01, 0.011, 89.6, 60.85, 100, 0, 0, 141, 44.6, 44, 25, 1.608, 0, 117.4, 0, 0, 122, 67.482, 0, 0.5, 0, 0, 
3.35, 21.992, 100.44, 63.82, 64.506, , 8.473, 0.974, 291.486, 291.486, 2.061, 203.377, 203.377, 203.377, 28.162, 60.346, 35.162, 34.827, 7.377, 13.529, 0, 0, 35.955, 36.928, 35.955, 36.928, 1, 68.085, 68.085, 0.024, 0.032, 98.878, 101.552, 98.878, 101.552, 5.367, 7.377, 13.529, , , 1, 3.441, 0.02, 0, 14.1, 3.454, 127, 0, 0, 0, 79.6, 10.17, 10.904, 89.6, 60.85, 100, 0, 0, 44.7, 44, 25, 1.616, 117.8, 0, 0, 122.5, 67.854, 0, 0, 0.02, 0, 0, 14, 0, 14.1, 0, 3.454, 127, 0, 0, 0, 79.6, 1.032, 0.01, 0.011, 89.6, 60.85, 100, 0, 0, 141, 44.7, 44, 25, 1.616, 0, 117.8, 0, 0, 122.5, 67.854, 0, 0.5, 0, 0, 
3.4, 21.993, 100.44, 63.82, 64.504, , 8.533, 0.974, 296.446, 296.446, 2, 204.814, 204.814, 204.814, 27.106, 61.143, 35.061, 34.533, 7.377, 13.572, 0, 0, 36.432, 37.418, 36.432, 37.418, 1, 68.503, 68.503, 0.024, 0.032, 103.485, 106.282, 103.485, 106.282, 5.373, 7.377, 13.572, , , 1, 3.49, 0.03, 0, 14.1, 3.475, 127, 0, 0, 0, 79.4, 10.23, 10.896, 89.6, 60.85, 100, 0, 0, 44.8, 44, 25, 1.624, 118.2, 0, 0, 123, 68.226, 0, 0, 0.03, 0, 0, 14, 0, 14.1, 0, 3.475, 127, 0, 0, 0, 79.4, 1.032, 0.01, 0.011, 89.6, 60.85, 100, 0, 0, 141, 44.8, 44, 25, 1.624, 0, 118.2, 0, 0, 123, 68.226, 0, 0.5, 0, 0, 
3.45, 21.994, 100.44, 63.82, 64.503, , 8.559, 0.974, 301.414, 301.414, 1.938, 205.443, 205.443, 205.443, 26.058, 61.94, 35.098, 34.861, 7.377, 13.617, 0, 0, 36.772, 37.765, 36.772, 37.765, 1, 68.925, 68.925, 0.024, 0.032, 108.039, 110.959, 108.039, 110.959, 5.379, 7.377, 13.617, , , 1, 3.54, 0.04, 0, 14.1, 3.496, 127, 0, 0, 0, 79.2, 10.29, 10.888, 89.6, 60.85, 100, 0, 0, 44.9, 44, 25, 1.632, 118.6, 0, 0, 123.5, 68.598, 0, 0, 0.04, 0, 0, 14, 0, 14.1, 0, 3.496, 127, 0, 0, 0, 79.2, 1.032, 0.01, 0.011, 89.6, 60.85, 100, 0, 0, 141, 44.9, 44, 25, 1.632, 0, 118.6, 0, 0, 123.5, 68.598, 0, 0.5, 0, 0, 
3.5, 21.994, 100.44, 63.82, 64.501, , 8.577, 0.974, 306.393, 306.393, 1.876, 205.874, 205.874, 205.874, 25.019, 62.737, 35.134, 35.189, 7.377, 13.665, 0, 0, 37.076, 38.078, 37.076, 38.078, 1, 69.349, 69.349, 0.024, 0.032, 112.803, 115.852, 112.803, 115.852, 5.386, 7.377, 13.665, , , 1, 3.591, 0.05, 0, 14.1, 3.517, 127, 0, 0, 0, 79, 10.35, 10.88, 89.6, 60.85, 100, 0, 0, 45, 44, 25, 1.64, 119, 0, 0, 124, 68.97, 0, 0, 0.05, 0, 0, 14, 0, 14.1, 0, 3.517, 127, 0, 0, 0, 79, 1.032, 0.01, 0.011, 89.6, 60.85, 100, 0, 0, 141, 45, 44, 25, 1.64, 0, 119, 0, 0, 124, 68.97, 0, 0.5, 0, 0, 
3.55, 21.995, 100.44, 63.82, 64.5, , 8.682, 0.974, 311.449, 311.449, 1.815, 208.387, 208.387, 208.387, 23.994, 63.534, 35.171, 35.517, 7.377, 13.705, 0, 0, 37.76, 38.78, 37.76, 38.78, 1, 69.776, 69.776, 0.024, 0.032, 119.141, 122.361, 119.141, 122.361, 5.393, 7.377, 13.705, , , 1, 3.64, 0.109, 0, 14.09, 3.55, 127, 0, 0, 0, 79, 10.507, 10.913, 89.6, 60.992, 100, 0, 0, 44.712, 43.76, 25.385, 1.653, 119.096, 0, 0, 124, 69.687, 0, 0, 0.109, 0, 0, 14, 0, 14.09, 0, 3.55, 127, 0, 0, 0, 79, 1.032, 0.01, 0.011, 89.6, 60.992, 100, 0, 0, 141, 44.712, 43.76, 25.385, 1.653, 0, 119.096, 0, 0, 124, 69.687, 0, 0.5, 0, 0, 
3.6, 21.996, 100.44, 63.82, 64.498, , 8.731, 0.974, 316.443, 316.443, 1.753, 209.565, 209.565, 209.565, 22.993, 64.331, 35.207, 35.845, 7.377, 13.737, 0, 0, 38.205, 39.236, 38.205, 39.236, 1, 70.199, 70.199, 0.024, 0.031, 125.07, 128.45, 125.07, 128.45, 5.4, 7.377, 13.737, , , 1, 3.69, 0.167, 0, 14.081, 3.583, 127, 0, 0, 0, 79, 10.663, 10.945, 89.6, 61.135, 100, 0, 0, 44.423, 43.519, 25.769, 1.667, 119.192, 0, 0, 124, 70.405, 0, 0, 0.167, 0, 0, 14, 0, 14.081, 0, 3.583, 127, 0, 0, 0, 79, 1.032, 0.01, 0.011, 89.6, 61.135, 100, 0, 0, 141, 44.423, 43.519, 25.769, 1.667, 0, 119.192, 0, 0, 124, 70.405, 0, 0.5, 0, 0, 
3.65, 21.997, 100.44, 63.82, 64.497, , 8.831, 0.974, 321.555, 321.555, 1.691, 211.948, 211.948, 211.948, 21.981, 65.128, 35.236, 36.118, 7.377, 13.763, 0, 0, 38.881, 39.929, 38.881, 39.929, 1, 70.637, 70.637, 0.024, 0.031, 132.396, 135.973, 132.396, 135.973, 5.41, 7.377, 13.763, , , 1, 3.74, 0.226, 0, 14.071, 3.616, 127, 0, 0, 0, 79, 10.82, 10.978, 89.6, 61.277, 100, 0, 0, 44.135, 43.279, 26.154, 1.68, 119.288, 0, 0, 124, 71.122, 0, 0, 0.226, 0, 0, 14, 0, 14.071, 0, 3.616, 127, 0, 0, 0, 79, 1.032, 0.011, 0.011, 89.6, 61.277, 100, 0, 0, 141, 44.135, 43.279, 26.154, 1.68, 0, 119.288, 0, 0, 124, 71.122, 0, 0.5, 0, 0, 
3.7, 21.998, 100.44, 63.82, 64.495, , 8.927, 0.974, 326.697, 326.697, 1.63, 214.233, 214.233, 214.233, 20.994, 65.925, 35.2, 35.902, 7.378, 13.782, 0, 0, 39.544, 40.609, 39.544, 40.609, 1, 71.071, 71.071, 0.024, 0.031, 140.201, 143.988, 140.201, 143.988, 5.426, 7.378, 13.782, , , 1, 3.79, 0.285, 0, 14.062, 3.649, 127, 0, 0, 0, 79, 10.977, 11.011, 89.6, 61.419, 100, 0, 0, 43.846, 43.038, 26.538, 1.694, 119.385, 0, 0, 124, 71.839, 0, 0, 0.285, 0, 0, 14, 0, 14.062, 0, 3.649, 127, 0, 0, 0, 79, 1.032, 0.011, 0.011, 89.6, 61.419, 100, 0, 0, 141, 43.846, 43.038, 26.538, 1.694, 0, 119.385, 0, 0, 124, 71.839, 0, 0.5, 0, 0, 
3.75, 21.998, 100.44, 63.82, 64.493, , 9.075, 0.974, 331.829, 331.829, 1.568, 217.746, 217.746, 217.746, 20.008, 66.723, 35.164, 35.686, 7.379, 13.802, 0, 0, 40.444, 41.535, 40.444, 41.535, 1, 71.517, 71.517, 0.024, 0.031, 149.574, 153.615, 149.574, 153.615, 5.442, 7.379, 13.802, , , 1, 3.84, 0.343, 0, 14.052, 3.682, 127, 0, 0, 0, 79, 11.134, 11.043, 89.6, 61.562, 100, 0, 0, 43.558, 42.798, 26.923, 1.707, 119.481, 0, 0, 124, 72.557, 0, 0, 0.343, 0, 0, 14, 0, 14.052, 0, 3.682, 127, 0, 0, 0, 79, 1.032, 0.011, 0.011, 89.6, 61.562, 100, 0, 0, 141, 43.558, 42.798, 26.923, 1.707, 0, 119.481, 0, 0, 124, 72.557, 0, 0.5, 0, 0, 
3.8, 21.999, 100.44, 63.82, 64.492, , 9.198, 0.974, 337.018, 337.018, 1.506, 220.686, 220.686, 220.686, 19.036, 67.52, 35.128, 35.47, 7.38, 13.821, 0, 0, 41.249, 42.362, 41.249, 42.362, 1, 71.968, 71.968, 0.024, 0.031, 159.421, 163.728, 159.421, 163.728, 5.458, 7.38, 13.821, , , 1, 3.89, 0.349, 0, 14.042, 3.699, 127, 0, 0, 0, 79, 11.196, 11.098, 89.6, 61.713, 100, 0, 0, 43.417, 42.625, 27.167, 1.715, 119.5, 0, 0, 124, 72.907, 0, 0, 0.349, 0, 0, 14, 0, 14.042, 0, 3.699, 127, 0, 0, 0, 79, 1.032, 0.011, 0.011, 89.6, 61.713, 100, 0, 0, 141, 43.417, 42.625, 27.167, 1.715, 0, 119.5, 0, 0, 124, 72.907, 0, 0.5, 0, 0, 
3.85, 22, 100.44, 63.82, 64.49, , 9.395, 0.974, 342.207, 342.207, 1.445, 225.36, 225.36, 225.36, 18.079, 68.317, 35.092, 35.254, 7.382, 13.838, 0, 0, 42.394, 43.537, 42.394, 43.537, 1, 72.423, 72.423, 0.024, 0.031, 171.623, 176.26, 171.623, 176.26, 5.477, 7.382, 13.838, , , 1, 3.94, 0.342, 0, 14.031, 3.711, 127, 0, 0, 0, 79, 11.234, 11.159, 89.6, 61.868, 100, 0, 0, 43.312, 42.469, 27.375, 1.721, 119.5, 0, 0, 124, 73.165, 0, 0, 0.342, 0, 0, 14, 0, 14.031, 0, 3.711, 127, 0, 0, 0, 79, 1.032, 0.011, 0.011, 89.6, 61.868, 100, 0, 0, 141, 43.312, 42.469, 27.375, 1.721, 0, 119.5, 0, 0, 124, 73.165, 0, 0.5, 0, 0, 
3.9, 22.001, 100.44, 63.82, 64.491, , 9.56, 0.974, 347.49, 347.49, 1.383, 229.285, 229.285, 229.285, 17.133, 69.114, 35.071, 35.067, 7.383, 13.853, 0, 0, 43.407, 44.578, 43.407, 44.578, 1, 72.889, 72.889, 0.024, 0.031, 184.256, 189.236, 184.256, 189.236, 5.524, 7.383, 13.853, , , 1, 3.99, 0.335, 0, 14.021, 3.724, 127, 0, 0, 0, 79, 11.273, 11.219, 89.6, 62.022, 100, 0, 0, 43.208, 42.312, 27.583, 1.727, 119.5, 0, 0, 124, 73.423, 0, 0, 0.335, 0, 0, 14, 0, 14.021, 0, 3.724, 127, 0, 0, 0, 79, 1.032, 0.011, 0.011, 89.6, 62.022, 100, 0, 0, 141, 43.208, 42.312, 27.583, 1.727, 0, 119.5, 0, 0, 124, 73.423, 0, 0.5, 0, 0, 
3.95, 22.002, 100.44, 63.82, 64.493, , 9.772, 0.974, 352.797, 352.797, 1.321, 234.327, 234.327, 234.327, 16.19, 69.911, 35.179, 35.139, 7.384, 13.869, 0, 0, 44.652, 45.857, 44.652, 45.857, 1, 73.368, 73.368, 0.024, 0.031, 199.367, 204.755, 199.367, 204.755, 5.571, 7.384, 13.869, , , 1, 4.041, 0.327, 0, 14.01, 3.736, 127, 0, 0, 0, 79, 11.311, 11.28, 89.6, 62.176, 100, 0, 0, 43.104, 42.156, 27.792, 1.734, 119.5, 0, 0, 124, 73.682, 0, 0, 0.327, 0, 0, 14, 0, 14.01, 0, 3.736, 127, 0, 0, 0, 79, 1.032, 0.011, 0.011, 89.6, 62.176, 100, 0, 0, 141, 43.104, 42.156, 27.792, 1.734, 0, 119.5, 0, 0, 124, 73.682, 0, 0.5, 0, 0, 
4, 22.003, 100.44, 63.82, 64.494, , 9.959, 0.974, 358.104, 358.104, 1.26, 238.79, 238.79, 238.79, 15.263, 70.708, 35.287, 35.211, 7.385, 13.884, 0, 0, 45.804, 47.04, 45.804, 47.04, 1, 73.855, 73.855, 0.024, 0.031, 215.781, 221.613, 215.781, 221.613, 5.618, 7.385, 13.884, , , 1, 4.091, 0.32, 0, 14, 3.749, 127, 0, 0, 0, 79, 11.35, 11.34, 89.6, 62.33, 100, 0, 0, 43, 42, 28, 1.74, 119.5, 0, 0, 124, 73.94, 0, 0, 0.32, 0, 0, 14, 0, 14, 0, 3.749, 127, 0, 0, 0, 79, 1.032, 0.011, 0.011, 89.6, 62.33, 100, 0, 0, 141, 43, 42, 28, 1.74, 0, 119.5, 0, 0, 124, 73.94, 0, 0.5, 0, 0, 
4.05, 22.004, 100.44, 63.82, 64.496, , 10.137, 0.974, 363.445, 363.445, 1.198, 243.028, 243.028, 243.028, 14.35, 71.505, 35.395, 35.283, 7.386, 13.896, 0, 0, 46.927, 48.194, 46.927, 48.194, 1, 74.346, 74.346, 0.024, 0.031, 233.868, 240.189, 233.868, 240.189, 5.666, 7.386, 13.896, , , 1, 4.142, 0.394, 0, 13.952, 3.787, 127, 0, 0, 0, 79, 11.663, 11.772, 89.254, 63.537, 100, 0, 0, 42.423, 41.279, 29.058, 1.778, 119.163, 0, 0, 123.663, 74.657, 0, 0, 0.394, 0, 0, 14, 0, 13.952, 0, 3.787, 127, 0, 0, 0, 79, 1.032, 0.011, 0.011, 89.254, 63.537, 100, 0, 0, 141, 42.423, 41.279, 29.058, 1.778, 0, 119.163, 0, 0, 123.663, 74.657, 0, 0.5, 0, 0, 
4.1, 22.005, 100.44, 63.82, 64.497, , 10.34, 0.974, 368.876, 368.876, 1.137, 247.85, 247.85, 247.85, 13.438, 72.302, 35.503, 35.355, 7.385, 13.902, 0, 0, 48.185, 49.486, 48.185, 49.486, 1, 74.853, 74.853, 0.024, 0.031, 255.054, 261.947, 255.054, 261.947, 5.696, 7.385, 13.902, , , 1, 4.192, 0.468, 0, 13.904, 3.825, 127, 0, 0, 0, 79, 11.977, 12.203, 88.908, 64.743, 100, 0, 0, 41.846, 40.558, 30.115, 1.815, 118.827, 0, 0, 123.327, 75.375, 0, 0, 0.468, 0, 0, 14, 0, 13.904, 0, 3.825, 127, 0, 0, 0, 79, 1.032, 0.012, 0.012, 88.908, 64.743, 100, 0, 0, 141, 41.846, 40.558, 30.115, 1.815, 0, 118.827, 0, 0, 123.327, 75.375, 0, 0.5, 0, 0, 
4.15, 22.007, 100.44, 63.82, 64.499, , 10.53, 0.974, 374.306, 374.306, 1.075, 252.371, 252.371, 252.371, 12.539, 73.099, 35.584, 35.417, 7.384, 13.909, 0, 0, 49.401, 50.734, 49.401, 50.734, 1, 75.367, 75.367, 0.024, 0.031, 278.651, 286.182, 278.651, 286.182, 5.721, 7.384, 13.909, , , 1, 4.241, 0.542, 0, 13.856, 3.863, 127, 0, 0, 0, 79, 12.29, 12.635, 88.562, 65.95, 100, 0, 0, 41.269, 39.837, 31.173, 1.853, 118.49, 0, 0, 122.99, 76.092, 0, 0, 0.542, 0, 0, 14, 0, 13.856, 0, 3.863, 127, 0, 0, 0, 79, 1.032, 0.012, 0.012, 88.562, 65.95, 100, 0, 0, 141, 41.269, 39.837, 31.173, 1.853, 0, 118.49, 0, 0, 122.99, 76.092, 0, 0.5, 0, 0, 
4.2, 22.008, 100.44, 63.82, 64.5, , 10.708, 0.974, 379.736, 379.736, 1.013, 256.599, 256.599, 256.599, 11.652, 73.896, 35.429, 35.382, 7.383, 13.919, 0, 0, 50.575, 51.94, 50.575, 51.94, 1, 75.891, 75.891, 0.024, 0.031, 305.098, 313.344, 305.098, 313.344, 5.747, 7.383, 13.919, , , 1, 4.291, 0.616, 0, 13.808, 3.901, 127, 0, 0, 0, 79, 12.604, 13.067, 88.215, 67.157, 100, 0, 0, 40.692, 39.115, 32.231, 1.89, 118.154, 0, 0, 122.654, 76.809, 0, 0, 0.616, 0, 0, 14, 0, 13.808, 0, 3.901, 127, 0, 0, 0, 79, 1.032, 0.013, 0.013, 88.215, 67.157, 100, 0, 0, 141, 40.692, 39.115, 32.231, 1.89, 0, 118.154, 0, 0, 122.654, 76.809, 0, 0.5, 0, 0, 
4.25, 22.009, 100.44, 63.82, 64.502, , 10.847, 0.974, 385.166, 385.166, 0.952, 259.932, 259.932, 259.932, 10.777, 74.693, 35.274, 35.348, 7.382, 13.927, 0, 0, 51.592, 52.985, 51.592, 52.985, 1, 76.422, 76.422, 0.024, 0.032, 334.615, 343.658, 334.615, 343.658, 5.773, 7.382, 13.927, , , 1, 4.34, 0.69, 0, 13.76, 3.938, 127, 0, 0, 0, 79, 12.917, 13.499, 87.869, 68.364, 100, 0, 0, 40.115, 38.394, 33.288, 1.928, 117.817, 0, 0, 122.317, 77.527, 0, 0, 0.69, 0, 0, 14, 0, 13.76, 0, 3.938, 127, 0, 0, 0, 79, 1.032, 0.013, 0.013, 87.869, 68.364, 100, 0, 0, 141, 40.115, 38.394, 33.288, 1.928, 0, 117.817, 0, 0, 122.317, 77.527, 0, 0.5, 0, 0, 
4.3, 22.01, 100.44, 63.82, 64.503, , 11.023, 0.974, 390.723, 390.723, 0.89, 264.104, 264.104, 264.104, 9.919, 75.49, 35.119, 35.313, 7.38, 13.928, 0, 0, 52.784, 54.209, 52.784, 54.209, 1, 76.958, 76.958, 0.024, 0.032, 370.142, 380.143, 370.142, 380.143, 5.788, 7.38, 13.928, , , 1, 4.391, 0.752, 0, 13.708, 3.969, 127, 0, 0, 0, 79, 13.141, 13.661, 87.8, 69.035, 100, 0, 0, 39.75, 37.958, 34.167, 1.959, 117.458, 0, 0, 121.833, 78.084, 0, 0, 0.752, 0, 0, 14, 0, 13.708, 0, 3.969, 127, 0, 0, 0, 79, 1.032, 0.013, 0.014, 87.8, 69.035, 100, 0, 0, 141, 39.75, 37.958, 34.167, 1.959, 0, 117.458, 0, 0, 121.833, 78.084, 0, 0.5, 0, 0, 
4.35, 22.011, 100.44, 63.82, 64.505, , 11.145, 0.974, 396.324, 396.324, 0.828, 267.022, 267.022, 267.022, 9.068, 76.287, 34.964, 35.279, 7.379, 13.927, 0, 0, 53.748, 55.2, 53.748, 55.2, 1, 77.501, 77.501, 0.024, 0.032, 410.851, 421.952, 410.851, 421.952, 5.793, 7.379, 13.927, , , 1, 4.44, 0.812, 0, 13.656, 3.999, 127, 0, 0, 0, 79, 13.342, 13.756, 87.8, 69.572, 100, 0, 0, 39.438, 37.594, 35, 1.989, 117.094, 0, 0, 121.312, 78.602, 0, 0, 0.812, 0, 0, 14, 0, 13.656, 0, 3.999, 127, 0, 0, 0, 79, 1.032, 0.013, 0.014, 87.8, 69.572, 100, 0, 0, 141, 39.438, 37.594, 35, 1.989, 0, 117.094, 0, 0, 121.312, 78.602, 0, 0.5, 0, 0, 
4.4, 22.012, 100.44, 63.82, 64.506, , 11.279, 0.974, 401.954, 401.954, 0.767, 270.217, 270.217, 270.217, 8.218, 77.084, 34.809, 35.244, 7.378, 13.92, 0, 0, 54.78, 56.26, 54.78, 56.26, 1, 78.06, 78.06, 0.024, 0.032, 460.142, 472.574, 460.142, 472.574, 5.798, 7.378, 13.92, , , 1, 4.49, 0.871, 0, 13.604, 4.028, 127, 0, 0, 0, 79, 13.543, 13.85, 87.8, 70.11, 100, 0, 0, 39.125, 37.229, 35.833, 2.02, 116.729, 0, 0, 120.792, 79.12, 0, 0, 0.871, 0, 0, 14, 0, 13.604, 0, 4.028, 127, 0, 0, 0, 79, 1.032, 0.014, 0.014, 87.8, 70.11, 100, 0, 0, 141, 39.125, 37.229, 35.833, 2.02, 0, 116.729, 0, 0, 120.792, 79.12, 0, 0.5, 0, 0, 
4.45, 22.013, 100.44, 63.82, 64.508, , 11.396, 0.974, 407.6, 407.6, 0.705, 273.001, 273.001, 273.001, 7.384, 77.882, 35.039, 35.074, 7.378, 13.91, 0, 0, 55.739, 57.246, 55.739, 57.246, 1, 78.622, 78.622, 0.024, 0.032, 518.99, 533.011, 518.99, 533.011, 5.803, 7.378, 13.91, , , 1, 4.541, 0.931, 0, 13.552, 4.057, 127, 0, 0, 0, 79, 13.744, 13.945, 87.8, 70.648, 100, 0, 0, 38.812, 36.865, 36.667, 2.05, 116.365, 0, 0, 120.271, 79.637, 0, 0, 0.931, 0, 0, 14, 0, 13.552, 0, 4.057, 127, 0, 0, 0, 79, 1.032, 0.014, 0.014, 87.8, 70.648, 100, 0, 0, 141, 38.812, 36.865, 36.667, 2.05, 0, 116.365, 0, 0, 120.271, 79.637, 0, 0.5, 0, 0, 
4.5, 22.015, 100.44, 63.82, 64.509, , 11.573, 0.974, 413.295, 413.295, 0.643, 277.228, 277.228, 277.228, 6.398, 78.679, 35.321, 34.886, 7.377, 13.895, 0, 0, 57.01, 58.55, 57.01, 58.55, 1, 79.307, 79.307, 0.024, 0.032, 595.722, 611.815, 595.722, 611.815, 5.812, 7.377, 13.895, , , 1, 4.59, 0.99, 0, 13.5, 4.086, 127, 0, 0, 0, 79, 13.945, 14.04, 87.8, 71.185, 100, 0, 0, 38.5, 36.5, 37.5, 2.08, 116, 0, 0, 119.75, 80.155, 0, 0, 0.99, 0, 0, 14, 0, 13.5, 0, 4.086, 127, 0, 0, 0, 79, 1.032, 0.014, 0.014, 87.8, 71.185, 100, 0, 0, 141, 38.5, 36.5, 37.5, 2.08, 0, 116, 0, 0, 119.75, 80.155, 0, 0.5, 0, 0, 
4.55, 22.016, 100.44, 63.82, 64.511, , 11.766, 0.974, 421.351, 421.351, 0.582, 281.837, 281.837, 281.837, 5.44, 79.476, 35.603, 34.698, 7.377, 13.881, 0, 0, 58.553, 60.135, 58.553, 60.135, 1, 79.99, 79.99, 0.024, 0.032, 757.193, 777.649, 757.193, 777.649, 5.829, 7.377, 13.881, , , 1, 4.641, 1, 0, 13.479, 4.101, 127, 0, 0, 0, 79, 14.027, 14.092, 87.8, 71.338, 100, 0, 0, 38.396, 36.396, 37.812, 2.095, 115.792, 0, 0, 119.49, 80.414, 0, 0, 1, 0, 0, 14, 0, 13.479, 0, 4.101, 127, 0, 0, 0, 79, 1.032, 0.014, 0.014, 87.8, 71.338, 100, 0, 0, 141, 38.396, 36.396, 37.812, 2.095, 0, 115.792, 0, 0, 119.49, 80.414, 0, 0.5, 0, 0, 
4.6, 22.017, 100.44, 63.82, 64.512, , 11.97, 0.974, 427.188, 427.188, 0.52, 286.686, 286.686, 286.686, 4.643, 80.273, 35.886, 34.509, 7.377, 13.869, 0, 0, 60, 61.621, 60, 61.621, 1, 80.575, 80.575, 0.024, 0.032, 927.215, 952.265, 927.215, 952.265, 5.846, 7.377, 13.869, , , 1, 4.69, 1.011, 0, 13.458, 4.116, 127, 0, 0, 0, 79, 14.11, 14.144, 87.8, 71.491, 100, 0, 0, 38.292, 36.292, 38.125, 2.109, 115.583, 0, 0, 119.229, 80.674, 0, 0, 1.011, 0, 0, 14, 0, 13.458, 0, 4.116, 127, 0, 0, 0, 79, 1.032, 0.014, 0.014, 87.8, 71.491, 100, 0, 0, 141, 38.292, 36.292, 38.125, 2.109, 0, 115.583, 0, 0, 119.229, 80.674, 0, 0.5, 0, 0, 
4.65, 22.018, 100.44, 63.82, 64.514, , 12.221, 0.974, 433.026, 433.026, 0.459, 292.645, 292.645, 292.645, 3.862, 81.07, 36.133, 34.376, 7.377, 13.86, 0, 0, 61.706, 63.373, 61.706, 63.373, 1, 81.171, 81.171, 0.024, 0.032, 1188.505, 1220.614, 1188.505, 1220.614, 5.863, 7.377, 13.86, , , 1, 4.741, 1.021, 0, 13.437, 4.131, 127, 0, 0, 0, 79, 14.192, 14.196, 87.8, 71.644, 100, 0, 0, 38.188, 36.188, 38.438, 2.124, 115.375, 0, 0, 118.969, 80.933, 0, 0, 1.021, 0, 0, 14, 0, 13.437, 0, 4.131, 127, 0, 0, 0, 79, 1.032, 0.014, 0.014, 87.8, 71.644, 100, 0, 0, 141, 38.188, 36.188, 38.438, 2.124, 0, 115.375, 0, 0, 118.969, 80.933, 0, 0.5, 0, 0, 
4.7, 22.019, 100.44, 63.82, 64.515, , 12.468, 0.974, 438.863, 438.863, 0.397, 298.54, 298.54, 298.54, 3.094, 81.867, 36.061, 34.736, 7.377, 13.856, 0, 0, 63.416, 65.128, 63.416, 65.128, 1, 81.775, 81.775, 0.024, 0.032, 1618.73, 1662.46, 1618.73, 1662.46, 5.881, 7.377, 13.856, , , 1, 4.79, 1.032, 0, 13.417, 4.145, 127, 0, 0, 0, 79, 14.274, 14.248, 87.8, 71.798, 100, 0, 0, 38.083, 36.083, 38.75, 2.138, 115.167, 0, 0, 118.708, 81.193, 0, 0, 1.032, 0, 0, 14, 0, 13.417, 0, 4.145, 127, 0, 0, 0, 79, 1.032, 0.014, 0.014, 87.8, 71.798, 100, 0, 0, 141, 38.083, 36.083, 38.75, 2.138, 0, 115.167, 0, 0, 118.708, 81.193, 0, 0.5, 0, 0, 
4.75, 22.02, 100.44, 63.82, 64.517, , 12.8, 0.974, 444.728, 444.728, 0.335, 306.422, 306.422, 306.422, 2.334, 82.664, 35.989, 35.096, 7.377, 13.85, 0, 0, 65.591, 67.363, 65.591, 67.363, 1, 82.396, 82.396, 0.024, 0.032, 3300.128, 3389.284, 3300.128, 3389.284, 5.91, 7.377, 13.85, , , 1, 4.84, 1.029, 0, 13.369, 4.166, 127, 0, 0, 0, 79, 14.395, 14.35, 87.731, 72.318, 100, 0, 0, 37.817, 35.856, 39.423, 2.165, 114.769, 0, 0, 118.24, 81.615, 0, 0, 1.029, 0, 0, 14, 0, 13.369, 0, 4.166, 127, 0, 0, 0, 79, 1.032, 0.014, 0.014, 87.731, 72.318, 100, 0, 0, 141, 37.817, 35.856, 39.423, 2.165, 0, 114.769, 0, 0, 118.24, 81.615, 0, 0.498, 0, 0, 
4.8, 22.021, 100.44, 63.82, 64.519, , 13.137, 0.974, 450.715, 450.715, 0.274, 314.45, 314.45, 314.45, 1.669, 83.461, 35.917, 35.456, 7.377, 13.832, 0, 0, 67.829, 69.662, 67.829, 69.662, 1, 83.024, 83.024, 0.024, 0.032, 6439.913, 6613.894, 6439.913, 6613.894, 5.938, 7.377, 13.832, , , 1, 4.891, 0.974, 0, 13.215, 4.214, 127, 0, 0, 0, 79, 14.67, 14.651, 87.385, 74.305, 100, 0, 0, 36.904, 35.135, 41.538, 2.241, 113.615, 0, 0, 116.942, 82.691, 0, 0, 0.974, 0, 0, 14, 0, 13.215, 0, 4.214, 127, 0, 0, 0, 79, 1.032, 0.014, 0.014, 87.385, 74.305, 100, 0, 0, 141, 36.904, 35.135, 41.538, 2.241, 0, 113.615, 0, 0, 116.942, 82.691, 0, 0.488, 0, 0, 
4.85, 22.023, 100.44, 63.82, 64.52, , 13.478, 0.974, 456.702, 456.702, 0.212, 322.55, 322.55, 322.55, 1.551, 84.258, 35.845, 35.816, 7.377, 13.812, 0, 0, 70.119, 72.014, 70.119, 72.014, 1, 83.68, 83.68, 0.024, 0.032, 6627.73, 6806.784, 6627.73, 6806.784, 5.967, 7.377, 13.812, , , 1, 4.94, 0.919, 0, 13.062, 4.261, 127, 0, 0, 0, 79, 14.945, 14.952, 87.038, 76.292, 100, 0, 0, 35.99, 34.413, 43.654, 2.317, 112.462, 0, 0, 115.644, 83.767, 0, 0, 0.919, 0, 0, 14, 0, 13.062, 0, 4.261, 127, 0, 0, 0, 79, 1.032, 0.015, 0.015, 87.038, 76.292, 100, 0, 0, 141, 35.99, 34.413, 43.654, 2.317, 0, 112.462, 0, 0, 115.644, 83.767, 0, 0.479, 0, 0, 
4.9, 22.024, 100.44, 63.82, 64.522, , 13.744, 0.974, 462.699, 462.699, 0.15, 328.874, 328.874, 328.874, 1.978, 85.055, 35.773, 36.126, 7.378, 13.787, 0, 0, 72.052, 74.001, 72.052, 74.001, 1, 84.352, 84.352, 0.024, 0.032, 6508.46, 6684.292, 6508.46, 6684.292, 5.996, 7.378, 13.787, , , 1, 4.99, 0.865, 0, 12.908, 4.308, 127, 0, 0, 0, 79, 15.22, 15.253, 86.692, 78.28, 100, 0, 0, 35.077, 33.692, 45.769, 2.393, 111.308, 0, 0, 114.346, 84.843, 0, 0, 0.865, 0, 0, 14, 0, 12.908, 0, 4.308, 127, 0, 0, 0, 79, 1.032, 0.015, 0.015, 86.692, 78.28, 100, 0, 0, 141, 35.077, 33.692, 45.769, 2.393, 0, 111.308, 0, 0, 114.346, 84.843, 0, 0.469, 0, 0, 
4.95, 22.025, 100.44, 63.82, 64.523, , 13.986, 0.974, 468.843, 468.843, 0.089, 334.635, 334.635, 334.635, 2.94, 85.852, 35.701, 35.982, 7.378, 13.758, 0, 0, 73.902, 75.902, 73.902, 75.902, 1, 85.032, 85.032, 0.024, 0.032, 6146.462, 6312.514, 6146.462, 6312.514, 6.008, 7.378, 13.758, , , 1, 5.04, 0.81, 0, 12.754, 4.355, 127, 0, 0, 0, 79, 15.495, 15.554, 86.346, 80.268, 100, 0, 0, 34.163, 32.971, 47.885, 2.469, 110.154, 0, 0, 113.048, 85.919, 0, 0, 0.81, 0, 0, 14, 0, 12.754, 0, 4.355, 127, 0, 0, 0, 79, 1.032, 0.016, 0.016, 86.346, 80.268, 100, 0, 0, 141, 34.163, 32.971, 47.885, 2.469, 0, 110.154, 0, 0, 113.048, 85.919, 0, 0.46, 0, 0, 
5, 22.026, 100.44, 63.82, 64.525, , 14.093, 0.974, 474.988, 474.988, 0.027, 337.192, 337.192, 337.192, 4.5, 86.649, 35.629, 35.838, 7.379, 13.711, 0, 0, 75.058, 77.088, 75.058, 77.088, 1, 85.723, 85.723, 0.024, 0.032, 5318.944, 5462.641, 5318.944, 5462.641, 6.019, 7.379, 13.711, , , 1, 5.09, 0.755, 0, 12.6, 4.402, 127, 0, 0, 0, 79, 15.77, 15.855, 86, 82.255, 100, 0, 0, 33.25, 32.25, 50, 2.545, 109, 0, 0, 111.75, 86.995, 0, 0, 0.755, 0, 0, 14, 0, 12.6, 0, 4.402, 127, 0, 0, 0, 79, 1.032, 0.016, 0.016, 86, 82.255, 100, 0, 0, 141, 33.25, 32.25, 50, 2.545, 0, 109, 0, 0, 111.75, 86.995, 0, 0.45, 0, 0, 
5.05, 22.027, 100.44, 63.82, 64.526, , 14.051, 0.974, 481.136, 481.136, 0.124, 336.217, 336.217, 336.217, 6.598, 84.866, 35.557, 35.694, 7.379, 13.664, 0, 0, 75.423, 77.463, 75.423, 77.463, 1, 86.416, 86.416, 0.024, 0.032, 1136.722, 1167.431, 1136.722, 1167.431, 6.03, 7.379, 13.664, , , 1, 5.14, 0.629, 0, 12.537, 4.422, 127, 0, 0, 0, 79, 15.774, 16.041, 86, 83.336, 100, 0, 0, 32.99, 31.885, 51.255, 2.592, 108.375, 0, 0, 110.969, 87.384, 0, 0, 0.629, 0, 0, 14, 0, 12.537, 0, 4.422, 127, 0, 0, 0, 79, 1.032, 0.016, 0.016, 86, 83.336, 100, 0, 0, 141, 32.99, 31.885, 51.255, 2.592, 0, 108.375, 0, 0, 110.969, 87.384, 0, 0.44, 0, 0, 
5.1, 22.028, 100.44, 63.82, 64.528, , 13.61, 0.974, 487.447, 487.447, 0.344, 325.792, 325.792, 325.792, 8.857, 81.054, 35.485, 35.55, 7.38, 13.622, 0, 0, 73.623, 75.613, 73.623, 75.613, 1, 87.093, 87.093, 0.024, 0.032, 627.221, 644.166, 627.221, 644.166, 6.042, 7.38, 13.622, , , 1, 5.19, 0.503, 0, 12.475, 4.441, 127, 0, 0, 0, 79, 15.778, 16.228, 86, 84.416, 100, 0, 0, 32.729, 31.521, 52.51, 2.639, 107.75, 0, 0, 110.188, 87.772, 0, 0, 0.503, 0, 0, 14, 0, 12.475, 0, 4.441, 127, 0, 0, 0, 79, 1.032, 0.016, 0.016, 86, 84.416, 100, 0, 0, 141, 32.729, 31.521, 52.51, 2.639, 0, 107.75, 0, 0, 110.188, 87.772, 0, 0.429, 0, 0, 
5.15, 22.029, 100.44, 63.82, 64.529, , 12.69, 0.974, 493.758, 493.758, 0.565, 303.99, 303.99, 303.99, 11.099, 77.243, 35.413, 35.406, 7.38, 13.58, 0, 0, 69.158, 71.027, 69.158, 71.027, 1, 87.744, 87.744, 0.024, 0.032, 432.118, 443.792, 432.118, 443.792, 6.038, 7.38, 13.58, , , 1, 5.24, 0.377, 0, 12.413, 4.46, 127, 0, 0, 0, 79, 15.782, 16.414, 86, 85.497, 100, 0, 0, 32.469, 31.156, 53.766, 2.686, 107.125, 0, 0, 109.406, 88.161, 0, 0, 0.377, 0, 0, 14, 0, 12.413, 0, 4.46, 127, 0, 0, 0, 79, 1.032, 0.016, 0.017, 86, 85.497, 100, 0, 0, 141, 32.469, 31.156, 53.766, 2.686, 0, 107.125, 0, 0, 109.406, 88.161, 0, 0.419, 0, 0, 
5.2, 22.03, 100.44, 63.82, 64.529, , 11.113, 0.974, 500.069, 500.069, 0.785, 266.596, 266.596, 266.596, 13.333, 73.432, 35.341, 35.262, 7.38, 13.541, 0, 0, 61.004, 62.652, 61.004, 62.652, 1, 88.336, 88.336, 0.024, 0.032, 308.957, 317.304, 308.957, 317.304, 6.033, 7.38, 13.541, , , 1, 5.29, 0.251, 0, 12.35, 4.479, 127, 0, 0, 0, 79, 15.787, 16.601, 86, 86.577, 100, 0, 0, 32.208, 30.792, 55.021, 2.732, 106.5, 0, 0, 108.625, 88.549, 0, 0, 0.251, 0, 0, 14, 0, 12.35, 0, 4.479, 127, 0, 0, 0, 79, 1.032, 0.016, 0.017, 86, 86.577, 100, 0, 0, 141, 32.208, 30.792, 55.021, 2.732, 0, 106.5, 0, 0, 108.625, 88.549, 0, 0.408, 0, 0, 
5.25, 22.031, 100.44, 63.82, 64.528, , 8.887, 0.974, 506.436, 506.436, 1.006, 213.794, 213.794, 213.794, 15.538, 69.62, 35.269, 35.118, 7.379, 13.502, 0, 0, 49.147, 50.474, 49.147, 50.474, 1, 88.835, 88.835, 0.024, 0.032, 215.635, 221.459, 215.635, 221.459, 6.028, 7.379, 13.502, , , 1, 5.34, 0.144, 0.002, 12.316, 4.502, 127, 0, 0, 0, 79, 15.638, 16.569, 86, 87.193, 100, 0, 0, 32.22, 30.72, 55.78, 2.758, 106.2, 0, 0, 108.26, 88.959, 0, 0, 0.144, 0, 0, 14, 0.002, 12.316, 0, 4.502, 127, 0, 0, 0, 79, 1.032, 0.016, 0.017, 86, 87.193, 100, 0, 0, 141, 32.22, 30.72, 55.78, 2.758, 0, 106.2, 0, 0, 108.26, 88.959, 0, 0.4, 0, 0, 
5.3, 22.032, 100.44, 63.82, 64.526, , 6.389, 0.974, 512.922, 512.922, 1.227, 154.556, 154.556, 154.556, 17.768, 65.809, 35.197, 34.974, 7.379, 13.46, 0, 0, 35.68, 36.643, 35.68, 36.643, 1, 89.21, 89.21, 0.024, 0.032, 137.871, 141.594, 137.871, 141.594, 6.023, 7.379, 13.46, , , 1, 5.39, 0.114, 0.012, 12.396, 4.539, 127, 0, 0, 0, 79, 14.876, 15.663, 86, 86.159, 100, 0, 0, 33.32, 31.82, 54.78, 2.696, 107.2, 0, 0, 109.56, 89.455, 0, 0, 0.114, 0, 0, 14, 0.012, 12.396, 0, 4.539, 127, 0, 0, 0, 79, 1.032, 0.015, 0.016, 86, 86.159, 100, 0, 0, 141, 33.32, 31.82, 54.78, 2.696, 0, 107.2, 0, 0, 109.56, 89.455, 0, 0.4, 0, 0, 
5.35, 22.033, 100.44, 63.82, 64.525, , 4.154, 0.974, 519.408, 519.408, 1.447, 101.525, 101.525, 101.525, 20.001, 61.998, 35.125, 34.83, 7.379, 13.412, 0, 0, 23.523, 24.156, 23.523, 24.156, 1, 89.47, 89.47, 0.024, 0.032, 80.903, 83.088, 80.903, 83.088, 6.047, 7.379, 13.412, , , 1, 5.44, 0.084, 0.022, 12.477, 4.576, 127, 0, 0, 0, 79, 14.114, 14.757, 86, 85.125, 100, 0, 0, 34.42, 32.92, 53.78, 2.634, 108.2, 0, 0, 110.86, 89.951, 0, 0, 0.084, 0, 0, 14, 0.022, 12.477, 0, 4.576, 127, 0, 0, 0, 79, 1.032, 0.014, 0.015, 86, 85.125, 100, 0, 0, 141, 34.42, 32.92, 53.78, 2.634, 0, 108.2, 0, 0, 110.86, 89.951, 0, 0.4, 0, 0, 
5.4, 22.033, 100.44, 63.82, 64.523, , 2.219, 0.974, 525.894, 525.894, 1.668, 55.624, 55.624, 55.624, 22.244, 58.186, 35.082, 34.718, 7.379, 13.275, 0, 0, 12.922, 13.269, 12.922, 13.269, 1, 89.628, 89.628, 0.024, 0.032, 40.209, 41.293, 40.209, 41.293, 6.082, 7.379, 13.275, , , 1, 5.491, 0.054, 0.032, 12.557, 4.612, 127, 0, 0, 0, 79, 13.352, 13.851, 86, 84.091, 100, 0, 0, 35.52, 34.02, 52.78, 2.572, 109.2, 0, 0, 112.16, 90.447, 0, 0, 0.054, 0, 0, 14, 0.032, 12.557, 0, 4.612, 127, 0, 0, 0, 79, 1.032, 0.013, 0.014, 86, 84.091, 100, 0, 0, 141, 35.52, 34.02, 52.78, 2.572, 0, 109.2, 0, 0, 112.16, 90.447, 0, 0.4, 0, 0, 
5.45, 22.034, 100.44, 63.82, 64.522, , 0.718, 0.974, 532.51, 532.51, 1.889, 20.012, 20.012, 20.012, 24.507, 54.375, 35.298, 34.898, 7.379, 13.133, 0, 0, 4.657, 4.782, 4.657, 4.782, 1, 89.696, 89.696, 0.024, 0.032, 13.605, 13.971, 13.605, 13.971, 6.117, 7.379, 13.133, , , 1, 5.541, 0.023, 0.042, 12.637, 4.649, 127, 0, 0, 0, 79, 12.59, 12.945, 86, 83.057, 100, 0, 0, 36.62, 35.12, 51.78, 2.51, 110.2, 0, 0, 113.46, 90.943, 0, 0, 0.023, 0, 0, 14, 0.042, 12.637, 0, 4.649, 127, 0, 0, 0, 79, 1.032, 0.013, 0.013, 86, 83.057, 100, 0, 0, 141, 36.62, 35.12, 51.78, 2.51, 0, 110.2, 0, 0, 113.46, 90.943, 0, 0.4, 0, 0, 
5.5, 22.035, 100.44, 63.82, 64.52, , -0.067, 0.974, 539.051, 539.051, 2.109, 1.408, 1.408, 1.408, 26.454, 50.563, 35.514, 35.078, 7.38, 12.854, 0, 0, 0.328, 0.337, 0.328, 0.337, 1, 89.713, 89.713, 0.024, 0.032, 2.063, 2.118, 2.063, 2.118, 6.152, 7.38, 12.854, , , 1, 5.591, 0, 0.049, 12.708, 4.679, 127, 0, 0, 0, 78.63, 11.701, 11.916, 86, 80.206, 100, 0, 0, 37.444, 36, 49.533, 2.411, 110.944, 0, 0, 114.593, 91.317, 0, 0, 0, 0, 0, 14, 0.049, 12.708, 0, 4.679, 127, 0, 0, 0, 78.63, 1.032, 0.012, 0.012, 86, 80.206, 100, 0, 0, 141, 37.444, 36, 49.533, 2.411, 0, 110.944, 0, 0, 114.593, 91.317, 0, 0.4, 0, 0, 
5.55, 22.036, 100.44, 63.82, 64.519, , -0.544, 0.974, 545.612, 545.612, 2.33, -9.906, -9.906, -9.906, 29.306, 46.752, 35.73, 35.258, 7.38, 12.574, 0, 0, -2.306, -2.369, -2.306, -2.369, 1, 89.696, 89.696, 0.024, 0.032, -3.683, -3.783, -3.683, -3.783, 6.196, 7.38, 12.574, , , 1, 5.64, 0, 0.043, 12.745, 4.684, 127, 0, 0, 0, 76.778, 10.307, 10.398, 86, 70.913, 100, 0, 0, 37.167, 36, 42.867, 2.169, 110.667, 0, 0, 115.056, 91.202, 0, 0, 0, 0, 0, 14, 0.043, 12.745, 0, 4.684, 127, 0, 0, 0, 76.778, 1.032, 0.01, 0.01, 86, 70.913, 100, 0, 0, 141, 37.167, 36, 42.867, 2.169, 0, 110.667, 0, 0, 115.056, 91.202, 0, 0.4, 0, 0, 
5.6, 22.036, 100.44, 63.82, 64.517, , -1.102, 0.974, 552.228, 552.228, 2.55, -23.144, -23.144, -23.144, 31.658, 42.941, 35.946, 35.438, 7.38, 12.23, 0, 0, -5.386, -5.531, -5.386, -5.531, 1, 89.655, 89.655, 0.024, 0.032, -9.486, -9.743, -9.486, -9.743, 6.251, 7.38, 12.23, , , 1, 5.69, 0, 0.038, 12.782, 4.688, 127, 0, 0, 0, 74.926, 8.912, 8.879, 86, 61.62, 100, 0, 0, 36.889, 36, 36.2, 1.926, 110.389, 0, 0, 115.519, 91.087, 0, 0, 0, 0, 0, 14, 0.038, 12.782, 0, 4.688, 127, 0, 0, 0, 74.926, 1.032, 0.009, 0.009, 86, 61.62, 100, 0, 0, 141, 36.889, 36, 36.2, 1.926, 0, 110.389, 0, 0, 115.519, 91.087, 0, 0.4, 0, 0, 
5.65, 22.037, 100.44, 63.82, 64.516, , -1.499, 0.974, 558.799, 558.799, 2.771, -32.567, -32.567, -32.567, 33.404, 39.129, 36.133, 35.614, 7.38, 11.886, 0, 0, -7.573, -7.777, -7.573, -7.777, 1, 89.588, 89.588, 0.024, 0.032, -13.176, -13.53, -13.176, -13.53, 6.305, 7.38, 11.886, , , 1, 5.74, 0, 0.032, 12.819, 4.693, 127, 0, 0, 0, 73.074, 7.518, 7.361, 86, 52.328, 100, 0, 0, 36.611, 36, 29.533, 1.684, 110.111, 0, 0, 115.981, 90.973, 0, 0, 0, 0, 0, 14, 0.032, 12.819, 0, 4.693, 127, 0, 0, 0, 73.074, 1.032, 0.007, 0.007, 86, 52.328, 100, 0, 0, 141, 36.611, 36, 29.533, 1.684, 0, 110.111, 0, 0, 115.981, 90.973, 0, 0.4, 0, 0, 
5.7, 22.038, 100.44, 63.82, 64.514, , -1.767, 0.974, 565.337, 565.337, 2.926, -38.942, -38.942, -38.942, 34.513, 42.464, 36.061, 35.758, 7.381, 11.63, 0, 0, -9.047, -9.29, -9.047, -9.29, 1, 89.507, 89.507, 0.024, 0.031, -15.388, -15.801, -15.388, -15.801, 6.36, 7.381, 11.63, , , 1, 5.79, 0, 0.027, 12.856, 4.698, 127, 0, 0, 0, 71.222, 6.123, 5.842, 86, 43.035, 100, 0, 0, 36.333, 36, 22.867, 1.441, 109.833, 0, 0, 116.444, 90.858, 0, 0, 0, 0, 0, 14, 0.027, 12.856, 0, 4.698, 127, 0, 0, 0, 71.222, 1.032, 0.006, 0.006, 86, 43.035, 100, 0, 0, 141, 36.333, 36, 22.867, 1.441, 0, 109.833, 0, 0, 116.444, 90.858, 0, 0.4, 0, 0, 
5.75, 22.039, 100.44, 63.82, 64.513, , -2.047, 0.974, 571.945, 571.945, 3.31, -45.576, -45.576, -45.576, 35.408, 55.497, 35.989, 35.902, 7.382, 11.376, 0, 0, -10.577, -10.862, -10.577, -10.862, 1, 89.411, 89.411, 0.024, 0.031, -17.808, -18.287, -17.808, -18.287, 6.403, 7.382, 11.376, , , 1, 5.841, 0, 0.021, 12.893, 4.702, 127, 0, 0, 0, 69.37, 4.729, 4.324, 86, 33.743, 100, 0, 0, 36.056, 36, 16.2, 1.199, 109.556, 0, 0, 116.907, 90.743, 0, 0, 0, 0, 0, 14, 0.021, 12.893, 0, 4.702, 127, 0, 0, 0, 69.37, 1.032, 0.004, 0.004, 86, 33.743, 100, 0, 0, 141, 36.056, 36, 16.2, 1.199, 0, 109.556, 0, 0, 116.907, 90.743, 0, 0.4, 0, 0, 
5.8, 22.04, 100.44, 63.82, 64.511, , -2.264, 0.974, 578.546, 578.546, 3.252, -50.743, -50.743, -50.743, 34.667, 56.303, 35.917, 36.046, 7.383, 11.298, 0, 0, -11.765, -12.081, -11.765, -12.081, 1, 89.303, 89.303, 0.024, 0.031, -20.047, -20.587, -20.047, -20.587, 6.434, 7.383, 11.298, , , 1, 5.89, 0, 0.025, 12.836, 4.695, 127.32, 0, 0, 0, 68.04, 4.28, 3.838, 86, 30.738, 100, 0, 0, 36, 36, 14.183, 1.123, 108.06, 0, 0, 115.4, 90.72, 0, 0, 0, 0, 0, 14, 0.025, 12.836, 0, 4.695, 127.32, 0, 0, 0, 68.04, 1.032, 0.004, 0.004, 86, 30.738, 100, 0, 0, 141, 36, 36, 14.18, 1.123, 0, 108.06, 0, 0, 115.4, 90.72, 0, 0.4, 0, 0, 
5.85, 22.04, 100.44, 63.82, 64.509, , -2.279, 0.974, 585.047, 585.047, 3.179, -51.095, -51.095, -51.095, 33.889, 56.796, 35.845, 36.19, 7.384, 11.227, 0, 0, -11.833, -12.151, -11.833, -12.151, 1, 89.188, 89.188, 0.024, 0.031, -20.586, -21.142, -20.586, -21.142, 6.464, 7.384, 11.227, , , 1, 5.94, 0, 0.031, 12.756, 4.686, 127.72, 0, 0, 0, 66.84, 4.068, 3.61, 86, 29.114, 100, 0, 0, 36, 36, 13.187, 1.089, 106.26, 0, 0, 113.4, 90.72, 0, 0, 0, 0, 0, 14, 0.031, 12.756, 0, 4.686, 127.72, 0, 0, 0, 66.84, 1.032, 0.004, 0.004, 86, 29.114, 100, 0, 0, 141, 36, 36, 13.18, 1.089, 0, 106.26, 0, 0, 113.4, 90.72, 0, 0.4, 0, 0, 
5.9, 22.041, 100.44, 63.82, 64.508, , -2.256, 0.974, 591.622, 591.622, 3.106, -50.553, -50.553, -50.553, 33.101, 57.29, 35.773, 36.302, 7.385, 11.274, 0, 0, -11.695, -12.009, -11.695, -12.009, 1, 89.073, 89.073, 0.024, 0.031, -20.788, -21.351, -20.788, -21.351, 6.495, 7.385, 11.274, , , 1, 5.991, 0, 0.037, 12.676, 4.677, 128.12, 0, 0, 0, 65.64, 3.856, 3.382, 86, 27.49, 100, 0, 0, 36, 36, 12.191, 1.055, 104.46, 0, 0, 111.4, 90.72, 0, 0, 0, 0, 0, 14, 0.037, 12.676, 0, 4.677, 128.12, 0, 0, 0, 65.64, 1.032, 0.003, 0.003, 86, 27.49, 100, 0, 0, 141, 36, 36, 12.18, 1.055, 0, 104.46, 0, 0, 111.4, 90.72, 0, 0.4, 0, 0, 
5.95, 22.042, 100.44, 63.82, 64.506, , -2.18, 0.974, 598.149, 598.149, 3.033, -48.759, -48.759, -48.759, 32.322, 57.783, 35.701, 36.122, 7.386, 11.328, 0, 0, -11.266, -11.57, -11.266, -11.57, 1, 88.961, 88.961, 0.024, 0.031, -20.508, -21.063, -20.508, -21.063, 6.523, 7.386, 11.328, , , 1, 6.041, 0, 0.043, 12.596, 4.668, 128.52, 0, 0, 0, 64.44, 3.644, 3.154, 86, 25.866, 100, 0, 0, 36, 36, 11.195, 1.021, 102.66, 0, 0, 109.4, 90.72, 0, 0, 0, 0, 0, 14, 0.043, 12.596, 0, 4.668, 128.52, 0, 0, 0, 64.44, 1.032, 0.003, 0.003, 86, 25.866, 100, 0, 0, 141, 36, 36, 11.18, 1.021, 0, 102.66, 0, 0, 109.4, 90.72, 0, 0.4, 0, 0, 
6, 22.043, 100.44, 63.82, 64.505, , -2.071, 0.974, 604.635, 604.635, 2.96, -46.175, -46.175, -46.175, 31.54, 58.276, 35.629, 35.942, 7.386, 11.424, 0, 0, -10.655, -10.942, -10.655, -10.942, 1, 88.855, 88.855, 0.024, 0.031, -19.95, -20.49, -19.95, -20.49, 6.544, 7.386, 11.424, , , 1, 6.091, 0, 0.049, 12.516, 4.659, 128.92, 0, 0, 0, 63.24, 3.432, 2.926, 86, 24.242, 100, 0, 0, 36, 36, 10.199, 0.987, 100.86, 0, 0, 107.4, 90.72, 0, 0, 0, 0, 0, 14, 0.049, 12.516, 0, 4.659, 128.92, 0, 0, 0, 63.24, 1.032, 0.003, 0.003, 86, 24.242, 100, 0, 0, 141, 36, 36, 10.18, 0.987, 0, 100.86, 0, 0, 107.4, 90.72, 0, 0.4, 0, 0, 
6.05, 22.043, 100.44, 63.82, 64.503, , -2.044, 0.974, 611.236, 611.236, 2.886, -45.529, -45.529, -45.529, 30.737, 58.769, 35.557, 35.762, 7.386, 11.524, 0, 0, -10.492, -10.773, -10.492, -10.773, 1, 88.75, 88.75, 0.024, 0.031, -20.255, -20.804, -20.255, -20.804, 6.564, 7.386, 11.524, , , 1, 6.141, 0, 0.042, 12.484, 4.66, 129, 0, 0, 0, 62.68, 3.401, 2.925, 86, 23.588, 100, 0, 0, 36, 36, 9.679, 0.97, 100.26, 0, 0, 106.52, 90.621, 0, 0, 0, 0, 0, 14, 0.042, 12.484, 0, 4.66, 129, 0, 0, 0, 62.68, 1.031, 0.003, 0.003, 86, 23.588, 100, 0, 0, 141, 36, 36, 9.672, 0.97, 0, 100.26, 0, 0, 106.52, 90.621, 0, 0.4, 0, 0, 
6.1, 22.044, 100.44, 63.82, 64.502, , -2.045, 0.974, 617.737, 617.737, 2.813, -45.564, -45.564, -45.564, 29.947, 59.262, 35.485, 35.582, 7.386, 11.619, 0, 0, -10.488, -10.77, -10.488, -10.77, 1, 88.649, 88.649, 0.024, 0.031, -20.808, -21.371, -20.808, -21.371, 6.584, 7.386, 11.619, , , 1, 6.191, 0, 0.032, 12.464, 4.665, 129, 0, 0, 0, 62.28, 3.415, 2.981, 86, 23.146, 100, 0, 0, 36, 36, 9.277, 0.958, 99.96, 0, 0, 105.92, 90.497, 0, 0, 0, 0, 0, 14, 0.032, 12.464, 0, 4.665, 129, 0, 0, 0, 62.28, 1.029, 0.003, 0.003, 86, 23.146, 100, 0, 0, 141, 36, 36, 9.272, 0.958, 0, 99.96, 0, 0, 105.92, 90.497, 0, 0.4, 0, 0, 
6.15, 22.045, 100.44, 63.82, 64.5, , -2.02, 0.974, 624.223, 624.223, 2.74, -44.959, -44.959, -44.959, 29.155, 59.756, 35.434, 35.434, 7.386, 11.712, 0, 0, -10.338, -10.615, -10.338, -10.615, 1, 88.548, 88.548, 0.024, 0.031, -21.049, -21.617, -21.049, -21.617, 6.604, 7.386, 11.712, , , 1, 6.241, 0, 0.022, 12.444, 4.669, 129, 0, 0, 0, 61.88, 3.429, 3.037, 86, 22.704, 100, 0, 0, 36, 36, 8.876, 0.946, 99.66, 0, 0, 105.32, 90.373, 0, 0, 0, 0, 0, 14, 0.022, 12.444, 0, 4.669, 129, 0, 0, 0, 61.88, 1.028, 0.003, 0.003, 86, 22.704, 100, 0, 0, 141, 36, 36, 8.872, 0.946, 0, 99.66, 0, 0, 105.32, 90.373, 0, 0.4, 0, 0, 
6.2, 22.046, 100.44, 63.82, 64.499, , -2.019, 0.974, 630.709, 630.709, 2.667, -44.941, -44.941, -44.941, 28.36, 60.249, 35.578, 35.578, 7.386, 11.801, 0, 0, -10.323, -10.6, -10.323, -10.6, 1, 88.447, 88.447, 0.024, 0.031, -21.601, -22.185, -21.601, -22.185, 6.632, 7.386, 11.801, , , 1, 6.29, 0, 0.012, 12.424, 4.673, 129, 0, 0, 0, 61.48, 3.443, 3.093, 86, 22.262, 100, 0, 0, 36, 36, 8.474, 0.934, 99.36, 0, 0, 104.72, 90.249, 0, 0, 0, 0, 0, 14, 0.012, 12.424, 0, 4.673, 129, 0, 0, 0, 61.48, 1.026, 0.003, 0.003, 86, 22.262, 100, 0, 0, 141, 36, 36, 8.472, 0.934, 0, 99.36, 0, 0, 104.72, 90.249, 0, 0.4, 0, 0, 
6.25, 22.046, 100.44, 63.82, 64.497, , -2.019, 0.974, 637.196, 637.196, 2.594, -44.953, -44.953, -44.953, 27.565, 60.742, 35.722, 35.722, 7.386, 11.89, 0, 0, -10.314, -10.591, -10.314, -10.591, 1, 88.345, 88.345, 0.024, 0.032, -22.25, -22.85, -22.25, -22.85, 6.661, 7.386, 11.89, , , 1, 6.34, 0, 0.002, 12.404, 4.677, 129, 0, 0, 0, 61.08, 3.457, 3.149, 86, 21.82, 100, 0, 0, 36, 36, 8.072, 0.922, 99.06, 0, 0, 104.12, 90.125, 0, 0, 0, 0, 0, 14, 0.002, 12.404, 0, 4.677, 129, 0, 0, 0, 61.08, 1.024, 0.003, 0.003, 86, 21.82, 100, 0, 0, 141, 36, 36, 8.072, 0.922, 0, 99.06, 0, 0, 104.12, 90.125, 0, 0.4, 0, 0, 
6.3, 22.047, 100.44, 63.82, 64.496, , -2.025, 0.974, 643.682, 643.682, 2.52, -45.105, -45.105, -45.105, 26.766, 61.235, 35.866, 35.866, 7.385, 11.976, 0, 0, -10.335, -10.614, -10.335, -10.614, 1, 88.244, 88.244, 0.024, 0.032, -23.076, -23.699, -23.076, -23.699, 6.689, 7.385, 11.976, , , 1, 6.39, 0, 0, 12.4, 4.669, 129, 0, 0, 0, 61.083, 3.46, 3.17, 86, 21.771, 100, 0, 0, 36, 36, 8.085, 0.92, 99.083, 0, 0, 104.166, 89.946, 0, 0, 0, 0, 0, 14.009, 0, 12.4, 0, 4.669, 129, 0, 0, 0, 61.083, 1.024, 0.003, 0.003, 86, 21.771, 100, 0, 0, 141, 36, 36, 8.085, 0.92, 0, 99.083, 0, 0, 104.166, 89.946, 0, 0.4, 0, 0, 
6.35, 22.048, 100.44, 63.82, 64.494, , -2.028, 0.974, 650.168, 650.168, 2.447, -45.17, -45.17, -45.17, 25.964, 61.728, 36.01, 36.01, 7.384, 12.061, 0, 0, -10.338, -10.617, -10.338, -10.617, 1, 88.142, 88.142, 0.024, 0.032, -23.842, -24.486, -23.842, -24.486, 6.717, 7.384, 12.061, , , 1, 6.44, 0, 0, 12.4, 4.659, 129, 0, 0, 0, 61.187, 3.46, 3.182, 86, 21.81, 100, 0, 0, 36, 36, 8.189, 0.92, 99.187, 0, 0, 104.373, 89.753, 0, 0, 0, 0, 0, 14.019, 0, 12.4, 0, 4.659, 129, 0, 0, 0, 61.187, 1.024, 0.003, 0.003, 86, 21.81, 100, 0, 0, 141, 36, 36, 8.189, 0.92, 0, 99.187, 0, 0, 104.373, 89.753, 0, 0.4, 0, 0, 
6.4, 22.049, 100.44, 63.82, 64.493, , -2.044, 0.974, 656.654, 656.654, 2.374, -45.561, -45.561, -45.561, 25.158, 62.221, 36.14, 36.122, 7.383, 12.143, 0, 0, -10.415, -10.697, -10.415, -10.697, 1, 88.039, 88.039, 0.024, 0.032, -24.751, -25.419, -24.751, -25.419, 6.736, 7.383, 12.143, , , 1, 6.49, 0, 0, 12.4, 4.648, 129, 0, 0, 0, 61.29, 3.46, 3.195, 86, 21.848, 100, 0, 0, 36, 36, 8.293, 0.92, 99.29, 0, 0, 104.581, 89.56, 0, 0, 0, 0, 0, 14.029, 0, 12.4, 0, 4.648, 129, 0, 0, 0, 61.29, 1.024, 0.003, 0.003, 86, 21.848, 100, 0, 0, 141, 36, 36, 8.293, 0.92, 0, 99.29, 0, 0, 104.581, 89.56, 0, 0.4, 0, 0, 
6.45, 22.049, 100.44, 63.82, 64.491, , -2.048, 0.974, 663.14, 663.14, 2.301, -45.664, -45.664, -45.664, 24.351, 62.715, 36.14, 35.943, 7.382, 12.223, 0, 0, -10.427, -10.71, -10.427, -10.71, 1, 87.936, 87.936, 0.024, 0.032, -25.573, -26.264, -25.573, -26.264, 6.753, 7.382, 12.223, , , 1, 6.54, 0, 0, 12.4, 4.638, 129, 0, 0, 0, 61.394, 3.46, 3.207, 86, 21.887, 100, 0, 0, 36, 36, 8.396, 0.92, 99.394, 0, 0, 104.788, 89.367, 0, 0, 0, 0, 0, 14.04, 0, 12.4, 0, 4.638, 129, 0, 0, 0, 61.394, 1.024, 0.003, 0.003, 86, 21.887, 100, 0, 0, 141, 36, 36, 8.396, 0.92, 0, 99.394, 0, 0, 104.788, 89.367, 0, 0.4, 0, 0, 
6.5, 22.051, 100.44, 63.82, 64.49, , -2.018, 0.974, 669.626, 669.626, 2.228, -44.944, -44.944, -44.944, 23.541, 63.208, 36.14, 35.764, 7.381, 12.302, 0, 0, -10.251, -10.529, -10.251, -10.529, 1, 87.834, 87.834, 0.024, 0.032, -26.013, -26.718, -26.013, -26.718, 6.769, 7.381, 12.302, , , 1, 6.59, 0, 0, 12.4, 4.627, 129, 0, 0, 0, 61.498, 3.46, 3.22, 86, 21.925, 100, 0, 0, 36, 36, 8.5, 0.92, 99.498, 0, 0, 104.996, 89.174, 0, 0, 0, 0, 0, 14.05, 0, 12.4, 0, 4.627, 129, 0, 0, 0, 61.498, 1.024, 0.003, 0.003, 86, 21.925, 100, 0, 0, 141, 36, 36, 8.5, 0.92, 0, 99.498, 0, 0, 104.996, 89.174, 0, 0.4, 0, 0, 
6.55, 22.053, 100.44, 63.82, 64.489, , -2.001, 0.974, 676.014, 676.014, 2.155, -44.54, -44.54, -44.54, 22.743, 63.701, 36.14, 35.584, 7.38, 12.381, 0, 0, -10.146, -10.421, -10.146, -10.421, 1, 87.736, 87.736, 0.024, 0.032, -26.805, -27.531, -26.805, -27.531, 6.786, 7.38, 12.381, , , 1, 6.64, 0, 0, 12.4, 4.625, 129, 0, 0, 0, 61.397, 3.46, 3.22, 86, 21.964, 100, 0, 0, 36, 36, 8.605, 0.92, 99.5, 0, 0, 105, 89.106, 0, 0, 0, 0, 0, 14.06, 0, 12.4, 0, 4.625, 129, 0, 0, 0, 61.397, 1.024, 0.003, 0.003, 86, 21.964, 100, 0, 0, 141, 36, 36, 8.605, 0.92, 0, 99.5, 0, 0, 105, 89.106, 0, 0.4, 0, 0, 
6.6, 22.056, 100.44, 63.82, 64.488, , -2.019, 0.974, 682.469, 682.469, 2.081, -44.979, -44.979, -44.979, 21.928, 64.194, 36.14, 35.405, 7.38, 12.452, 0, 0, -10.233, -10.511, -10.233, -10.511, 1, 87.635, 87.635, 0.024, 0.032, -28.156, -28.919, -28.156, -28.919, 6.794, 7.38, 12.452, , , 1, 6.691, 0, 0, 12.4, 4.622, 129, 0, 0, 0, 61.293, 3.46, 3.22, 86, 22.002, 100, 0, 0, 36, 36, 8.709, 0.92, 99.5, 0, 0, 105, 89.042, 0, 0, 0, 0, 0, 14.071, 0, 12.4, 0, 4.622, 129, 0, 0, 0, 61.293, 1.024, 0.003, 0.003, 86, 22.002, 100, 0, 0, 141, 36, 36, 8.709, 0.92, 0, 99.5, 0, 0, 105, 89.042, 0, 0.4, 0, 0, 
6.65, 22.059, 100.44, 63.82, 64.488, , -2.074, 0.974, 688.955, 688.955, 2.008, -46.273, -46.273, -46.273, 21.11, 64.687, 36.126, 35.26, 7.38, 12.521, 0, 0, -10.516, -10.801, -10.516, -10.801, 1, 87.532, 87.532, 0.024, 0.032, -30.092, -30.906, -30.092, -30.906, 6.794, 7.38, 12.521, , , 1, 6.741, 0, 0, 12.4, 4.619, 129, 0, 0, 0, 61.188, 3.46, 3.22, 86, 22.041, 100, 0, 0, 36, 36, 8.814, 0.92, 99.5, 0, 0, 105, 88.977, 0, 0, 0, 0, 0, 14.081, 0, 12.4, 0, 4.619, 129, 0, 0, 0, 61.188, 1.024, 0.003, 0.003, 86, 22.041, 100, 0, 0, 141, 36, 36, 8.814, 0.92, 0, 99.5, 0, 0, 105, 88.977, 0, 0.4, 0, 0, 
6.7, 22.061, 100.44, 63.82, 64.487, , -2.096, 0.974, 695.325, 695.325, 1.935, -46.819, -46.819, -46.819, 20.304, 65.18, 35.945, 35.513, 7.38, 12.585, 0, 0, -10.628, -10.915, -10.628, -10.915, 1, 87.429, 87.429, 0.024, 0.032, -31.596, -32.45, -31.596, -32.45, 6.793, 7.38, 12.585, , , 1, 6.792, 0, 0, 12.4, 4.616, 129, 0, 0, 0, 61.084, 3.46, 3.22, 86, 22.08, 100, 0, 0, 36, 36, 8.918, 0.92, 99.5, 0, 0, 105, 88.912, 0, 0, 0, 0, 0, 14.092, 0, 12.4, 0, 4.616, 129, 0, 0, 0, 61.084, 1.024, 0.003, 0.003, 86, 22.08, 100, 0, 0, 141, 36, 36, 8.918, 0.92, 0, 99.5, 0, 0, 105, 88.912, 0, 0.4, 0, 0, 
6.75, 22.064, 100.44, 63.82, 64.486, , -2.133, 0.974, 701.762, 701.762, 1.862, -47.699, -47.699, -47.699, 19.482, 65.674, 35.764, 35.766, 7.38, 12.646, 0, 0, -10.815, -11.106, -10.815, -11.106, 1, 87.322, 87.322, 0.024, 0.032, -33.47, -34.375, -33.47, -34.375, 6.792, 7.38, 12.646, , , 1, 6.841, 0, 0, 12.4, 4.613, 129, 0, 0, 0, 61, 3.459, 3.219, 86, 22.094, 100, 0, 0, 36, 36, 8.958, 0.919, 99.479, 0, 0, 104.958, 88.836, 0, 0, 0, 0, 0, 14.1, 0, 12.4, 0, 4.613, 129, 0, 0, 0, 61, 1.024, 0.003, 0.003, 86, 22.094, 100, 0, 0, 141, 36, 36, 8.958, 0.919, 0, 99.479, 0, 0, 104.958, 88.836, 0, 0.4, 0, 0, 
6.8, 22.067, 100.44, 63.82, 64.485, , -2.145, 0.974, 708.154, 708.154, 1.789, -47.967, -47.967, -47.967, 18.671, 66.167, 35.583, 36.019, 7.38, 12.699, 0, 0, -10.862, -11.154, -10.862, -11.154, 1, 87.213, 87.213, 0.024, 0.032, -35.165, -36.115, -35.165, -36.115, 6.792, 7.38, 12.699, , , 1, 6.89, 0, 0, 12.4, 4.607, 129, 0, 0, 0, 61, 3.455, 3.213, 86, 22.023, 100, 0, 0, 36, 36, 8.765, 0.915, 99.383, 0, 0, 104.765, 88.715, 0, 0, 0, 0, 0, 14.1, 0, 12.4, 0, 4.607, 129, 0, 0, 0, 61, 1.024, 0.003, 0.003, 86, 22.023, 100, 0, 0, 141, 36, 36, 8.765, 0.915, 0, 99.383, 0, 0, 104.765, 88.715, 0, 0.4, 0, 0, 
6.85, 22.069, 100.44, 63.82, 64.485, , -2.132, 0.974, 714.636, 714.636, 1.715, -47.681, -47.681, -47.681, 17.85, 66.66, 35.403, 36.272, 7.38, 12.749, 0, 0, -10.783, -11.073, -10.783, -11.073, 1, 87.105, 87.105, 0.024, 0.032, -36.617, -37.606, -36.617, -37.606, 6.792, 7.38, 12.749, , , 1, 6.94, 0, 0, 12.4, 4.602, 129, 0, 0, 0, 61, 3.452, 3.207, 86, 21.952, 100, 0, 0, 36, 36, 8.573, 0.912, 99.287, 0, 0, 104.573, 88.593, 0, 0, 0, 0, 0, 14.1, 0, 12.4, 0, 4.602, 129, 0, 0, 0, 61, 1.024, 0.003, 0.003, 86, 21.952, 100, 0, 0, 141, 36, 36, 8.573, 0.912, 0, 99.287, 0, 0, 104.573, 88.593, 0, 0.4, 0, 0, 
6.9, 22.072, 100.44, 63.82, 64.484, , -2.134, 0.974, 720.996, 720.996, 1.642, -47.717, -47.717, -47.717, 17.025, 67.153, 35.236, 36.471, 7.38, 12.789, 0, 0, -10.778, -11.068, -10.778, -11.068, 1, 86.997, 86.997, 0.024, 0.032, -38.505, -39.546, -38.505, -39.546, 6.792, 7.38, 12.789, , , 1, 6.99, 0, 0, 12.4, 4.597, 129, 0, 0, 0, 61, 3.448, 3.202, 86, 21.881, 100, 0, 0, 36, 36, 8.381, 0.908, 99.19, 0, 0, 104.381, 88.472, 0, 0, 0, 0, 0, 14.1, 0, 12.4, 0, 4.597, 129, 0, 0, 0, 61, 1.024, 0.003, 0.003, 86, 21.881, 100, 0, 0, 141, 36, 36, 8.381, 0.908, 0, 99.19, 0, 0, 104.381, 88.472, 0, 0.4, 0, 0, 
6.95, 22.075, 100.44, 63.82, 64.483, , -2.173, 0.974, 727.384, 727.384, 1.569, -48.649, -48.649, -48.649, 16.205, 67.646, 35.2, 36.183, 7.38, 12.826, 0, 0, -10.974, -11.272, -10.974, -11.272, 1, 86.89, 86.89, 0.024, 0.032, -41.269, -42.384, -41.269, -42.384, 6.793, 7.38, 12.826, , , 1, 7.04, 0, 0, 12.4, 4.591, 129, 0, 0, 0, 61, 3.444, 3.196, 86, 21.81, 100, 0, 0, 36, 36, 8.188, 0.904, 99.094, 0, 0, 104.188, 88.351, 0, 0, 0, 0, 0, 14.1, 0, 12.4, 0, 4.591, 129, 0, 0, 0, 61, 1.024, 0.003, 0.003, 86, 21.81, 100, 0, 0, 141, 36, 36, 8.188, 0.904, 0, 99.094, 0, 0, 104.188, 88.351, 0, 0.4, 0, 0, 
7, 22.077, 100.44, 63.82, 64.482, , -2.222, 0.974, 733.709, 733.709, 1.496, -49.828, -49.828, -49.828, 15.378, 68.14, 35.164, 35.895, 7.38, 12.852, 0, 0, -11.227, -11.531, -11.227, -11.531, 1, 86.779, 86.779, 0.024, 0.032, -44.549, -45.752, -44.549, -45.752, 6.795, 7.38, 12.852, , , 1, 7.09, 0, 0, 12.4, 4.586, 129, 0, 0, 0, 61, 3.44, 3.19, 86, 21.739, 100, 0, 0, 36, 36, 8, 0.9, 98.998, 0, 0, 103.996, 88.23, 0, 0, 0, 0, 0, 14.1, 0, 12.4, 0, 4.586, 129, 0, 0, 0, 60.996, 1.024, 0.003, 0.003, 86, 21.739, 100, 0, 0, 141, 36, 36, 8, 0.9, 0, 98.998, 0, 0, 103.996, 88.23, 0, 0.4, 0, 0, 
7.05, 22.08, 100.44, 63.82, 64.481, , -2.311, 0.974, 740.132, 740.132, 1.423, -51.936, -51.936, -51.936, 14.559, 68.633, 35.128, 35.607, 7.38, 12.874, 0, 0, -11.685, -12.003, -11.685, -12.003, 1, 86.668, 86.668, 0.024, 0.032, -49.371, -50.705, -49.371, -50.705, 6.804, 7.38, 12.874, , , 1, 7.14, 0, 0, 12.38, 4.58, 129, 0, 0, 0, 60.8, 3.42, 3.176, 86, 21.665, 100, 0, 0, 36, 36, 8, 0.9, 98.898, 0, 0, 103.796, 88.106, 0, 0, 0, 0, 0, 14.1, 0, 12.38, 0, 4.58, 129, 0, 0, 0, 60.797, 1.024, 0.003, 0.003, 86, 21.665, 100, 0, 0, 141, 36, 36, 8, 0.9, 0, 98.898, 0, 0, 103.796, 88.106, 0, 0.4, 0, 0, 
7.1, 22.083, 100.44, 63.82, 64.481, , -2.533, 0.974, 746.443, 746.443, 1.35, -57.191, -57.191, -57.191, 13.723, 69.126, 35.092, 35.319, 7.38, 12.887, 0, 0, -12.848, -13.197, -12.848, -13.197, 1, 86.547, 86.547, 0.024, 0.032, -58.155, -59.727, -58.155, -59.727, 6.814, 7.38, 12.887, , , 1, 7.19, 0, 0, 12.36, 4.575, 129, 0, 0, 0, 60.6, 3.4, 3.162, 86, 21.591, 100, 0, 0, 36, 36, 8, 0.9, 98.798, 0, 0, 103.596, 87.982, 0, 0, 0, 0, 0, 14.1, 0, 12.36, 0, 4.575, 129, 0, 0, 0, 60.598, 1.024, 0.003, 0.003, 86, 21.591, 100, 0, 0, 141, 36, 36, 8, 0.9, 0, 98.798, 0, 0, 103.596, 87.982, 0, 0.4, 0, 0, 
7.15, 22.085, 100.44, 63.82, 64.48, , -2.763, 0.974, 752.88, 752.88, 1.276, -62.667, -62.667, -62.667, 12.901, 69.619, 35.06, 35.11, 7.379, 12.897, 0, 0, -14.055, -14.436, -14.055, -14.436, 1, 86.415, 86.415, 0.024, 0.032, -68.08, -69.919, -68.08, -69.919, 6.824, 7.379, 12.897, , , 1, 7.241, 0, 0, 12.34, 4.57, 129, 0, 0, 0, 60.4, 3.38, 3.148, 86, 21.517, 100, 0, 0, 36, 36, 8, 0.9, 98.698, 0, 0, 103.396, 87.858, 0, 0, 0, 0, 0, 14.1, 0, 12.34, 0, 4.57, 129, 0, 0, 0, 60.398, 1.024, 0.003, 0.003, 86, 21.517, 100, 0, 0, 141, 36, 36, 8, 0.9, 0, 98.698, 0, 0, 103.396, 87.858, 0, 0.4, 0, 0, 
7.2, 22.088, 100.44, 63.82, 64.479, , -2.936, 0.974, 759.191, 759.191, 1.203, -66.771, -66.771, -66.771, 12.06, 70.112, 35.06, 35.614, 7.379, 12.9, 0, 0, -14.952, -15.357, -14.952, -15.357, 1, 86.272, 86.272, 0.024, 0.032, -77.317, -79.406, -77.317, -79.406, 6.834, 7.379, 12.9, , , 1, 7.291, 0, 0, 12.32, 4.564, 129, 0, 0, 0, 60.2, 3.36, 3.134, 86, 21.443, 100, 0, 0, 36, 36, 8, 0.9, 98.598, 0, 0, 103.196, 87.734, 0, 0, 0, 0, 0, 14.1, 0, 12.32, 0, 4.564, 129, 0, 0, 0, 60.199, 1.024, 0.003, 0.003, 86, 21.443, 100, 0, 0, 141, 36, 36, 8, 0.9, 0, 98.598, 0, 0, 103.196, 87.734, 0, 0.4, 0, 0, 
7.25, 22.091, 100.44, 63.82, 64.478, , -3.155, 0.974, 765.501, 765.501, 1.13, -71.979, -71.979, -71.979, 11.231, 70.605, 35.06, 36.118, 7.378, 12.899, 0, 0, -16.09, -16.527, -16.09, -16.527, 1, 86.119, 86.119, 0.024, 0.032, -89.216, -91.626, -89.216, -91.626, 6.828, 7.378, 12.899, , , 1, 7.34, 0, 0, 12.3, 4.559, 129, 0, 0, 0, 60, 3.34, 3.12, 86, 21.36, 100, 0, 0, 36, 36, 7.994, 0.9, 98.495, 0, 0, 102.992, 87.61, 0, 0, 0, 0, 0, 14.1, 0, 12.3, 0, 4.559, 129, 0, 0, 0, 60, 1.024, 0.003, 0.003, 86, 21.36, 100, 0, 0, 141, 36, 36, 7.994, 0.9, 0, 98.495, 0, 0, 102.992, 87.61, 0, 0.4, 0, 0, 
7.3, 22.093, 100.44, 63.82, 64.478, , -3.319, 0.974, 771.847, 771.847, 1.057, -75.865, -75.865, -75.865, 10.401, 71.099, 35.06, 36.622, 7.378, 12.897, 0, 0, -16.929, -17.388, -16.929, -17.388, 1, 85.958, 85.958, 0.024, 0.032, -101.288, -104.023, -101.288, -104.023, 6.821, 7.378, 12.897, , , 1, 7.391, 0, 0.001, 12.28, 4.548, 129, 0, 0, 0, 59.6, 3.26, 3.043, 86, 20.843, 100, 0, 0, 36, 36, 7.694, 0.884, 98.246, 0, 0, 102.594, 87.424, 0, 0, 0, 0, 0, 14.09, 0.001, 12.28, 0, 4.548, 129, 0, 0, 0, 59.6, 1.024, 0.003, 0.003, 86, 20.843, 100, 0, 0, 141, 36, 36, 7.694, 0.884, 0, 98.246, 0, 0, 102.594, 87.424, 0, 0.4, 0, 0, 
7.35, 22.096, 100.44, 63.82, 64.477, , -3.426, 0.974, 778.249, 778.249, 0.984, -78.406, -78.406, -78.406, 9.566, 71.592, 35.06, 37.126, 7.377, 12.893, 0, 0, -17.461, -17.933, -17.461, -17.933, 1, 85.787, 85.787, 0.024, 0.032, -114.617, -117.714, -114.617, -117.714, 6.814, 7.377, 12.893, , , 1, 7.441, 0, 0.002, 12.26, 4.537, 129, 0, 0, 0, 59.2, 3.18, 2.966, 86, 20.326, 100, 0, 0, 36, 36, 7.394, 0.868, 97.997, 0, 0, 102.195, 87.238, 0, 0, 0, 0, 0, 14.08, 0.002, 12.26, 0, 4.537, 129, 0, 0, 0, 59.2, 1.024, 0.003, 0.003, 86, 20.326, 100, 0, 0, 141, 36, 36, 7.394, 0.868, 0, 97.997, 0, 0, 102.195, 87.238, 0, 0.4, 0, 0, 
7.4, 22.099, 100.44, 63.82, 64.476, , -3.468, 0.974, 784.56, 784.56, 0.91, -79.419, -79.419, -79.419, 8.727, 72.085, 35.067, 37.524, 7.377, 12.888, 0, 0, -17.649, -18.126, -17.649, -18.126, 1, 85.614, 85.614, 0.024, 0.032, -127.899, -131.356, -127.899, -131.356, 6.807, 7.377, 12.888, , , 1, 7.491, 0, 0.003, 12.24, 4.527, 129, 0, 0, 0, 58.8, 3.1, 2.889, 86, 19.809, 100, 0, 0, 36, 36, 7.094, 0.852, 97.748, 0, 0, 101.797, 87.052, 0, 0, 0, 0, 0, 14.07, 0.003, 12.24, 0, 4.527, 129, 0, 0, 0, 58.8, 1.024, 0.003, 0.003, 86, 19.809, 100, 0, 0, 141, 36, 36, 7.094, 0.852, 0, 97.748, 0, 0, 101.797, 87.052, 0, 0.4, 0, 0, 
7.45, 22.101, 100.44, 63.82, 64.475, , -3.657, 0.974, 790.745, 790.745, 0.837, -83.911, -83.911, -83.911, 7.883, 72.578, 35.136, 36.968, 7.378, 12.881, 0, 0, -18.609, -19.113, -18.609, -19.113, 1, 85.433, 85.433, 0.024, 0.032, -150.711, -154.785, -150.711, -154.785, 6.778, 7.378, 12.881, , , 1, 7.541, 0, 0.004, 12.22, 4.516, 129, 0, 0, 0, 58.4, 3.02, 2.812, 86, 19.292, 100, 0, 0, 36, 36, 6.794, 0.836, 97.499, 0, 0, 101.398, 86.866, 0, 0, 0, 0, 0, 14.06, 0.004, 12.22, 0, 4.516, 129, 0, 0, 0, 58.4, 1.024, 0.003, 0.003, 86, 19.292, 100, 0, 0, 141, 36, 36, 6.794, 0.836, 0, 97.499, 0, 0, 101.398, 86.866, 0, 0.4, 0, 0, 
7.5, 22.104, 100.44, 63.82, 64.475, , -3.784, 0.974, 797.055, 797.055, 0.764, -86.925, -86.925, -86.925, 7.035, 73.071, 35.206, 36.412, 7.378, 12.881, 0, 0, -19.236, -19.756, -19.236, -19.756, 1, 85.246, 85.246, 0.024, 0.032, -176.517, -181.288, -176.517, -181.288, 6.736, 7.378, 12.881, , , 1, 7.59, 0, 0.005, 12.2, 4.505, 129, 0, 0, 0, 58, 2.94, 2.735, 86, 18.782, 100, 0, 0, 36, 36, 6.498, 0.82, 97.25, 0, 0, 101, 86.68, 0, 0, 0, 0, 0, 14.05, 0.005, 12.2, 0, 4.505, 129, 0, 0, 0, 58, 1.024, 0.003, 0.003, 86, 18.782, 100, 0, 0, 141, 36, 36, 6.498, 0.82, 0, 97.25, 0, 0, 101, 86.68, 0, 0.4, 0, 0, 
7.55, 22.107, 100.44, 63.82, 64.474, , -3.85, 0.974, 803.366, 803.366, 0.691, -88.489, -88.489, -88.489, 6.186, 73.564, 35.275, 35.856, 7.379, 12.885, 0, 0, -19.542, -20.069, -19.542, -20.069, 1, 85.055, 85.055, 0.024, 0.032, -204.304, -209.825, -204.304, -209.825, 6.695, 7.379, 12.885, , , 1, 7.641, 0, 0.004, 12.2, 4.502, 129, 0, 0, 0, 57.792, 2.919, 2.713, 86, 18.629, 100, 0, 0, 36, 36, 6.394, 0.816, 97.198, 0, 0, 100.896, 86.615, 0, 0, 0, 0, 0, 14.061, 0.004, 12.2, 0, 4.502, 129, 0, 0, 0, 57.792, 1.024, 0.003, 0.003, 86, 18.629, 100, 0, 0, 141, 36, 36, 6.394, 0.816, 0, 97.198, 0, 0, 100.896, 86.615, 0, 0.4, 0, 0, 
7.6, 22.109, 100.44, 63.82, 64.473, , -3.803, 0.974, 809.631, 809.631, 0.618, -87.387, -87.387, -87.387, 5.334, 74.058, 35.345, 35.3, 7.379, 12.896, 0, 0, -19.258, -19.777, -19.258, -19.777, 1, 84.864, 84.864, 0.024, 0.032, -236.921, -243.323, -236.921, -243.323, 6.654, 7.379, 12.896, , , 1, 7.691, 0, 0.003, 12.2, 4.498, 129, 0, 0, 0, 57.583, 2.898, 2.691, 86, 18.476, 100, 0, 0, 36, 36, 6.29, 0.812, 97.146, 0, 0, 100.792, 86.551, 0, 0, 0, 0, 0, 14.071, 0.003, 12.2, 0, 4.498, 129, 0, 0, 0, 57.583, 1.024, 0.003, 0.003, 86, 18.476, 100, 0, 0, 141, 36, 36, 6.29, 0.812, 0, 97.146, 0, 0, 100.792, 86.551, 0, 0.4, 0, 0, 
7.65, 22.112, 100.44, 63.82, 64.472, , -3.796, 0.974, 815.862, 815.862, 0.544, -87.232, -87.232, -87.232, 4.472, 74.551, 35.414, 34.744, 7.38, 12.913, 0, 0, -19.182, -19.7, -19.182, -19.7, 1, 84.671, 84.671, 0.024, 0.032, -289.903, -297.734, -289.903, -297.734, 6.623, 7.38, 12.913, , , 1, 7.741, 0, 0.002, 12.2, 4.494, 129, 0, 0, 0, 57.375, 2.877, 2.669, 86, 18.323, 100, 0, 0, 36, 36, 6.185, 0.808, 97.094, 0, 0, 100.688, 86.486, 0, 0, 0, 0, 0, 14.081, 0.002, 12.2, 0, 4.494, 129, 0, 0, 0, 57.375, 1.024, 0.003, 0.003, 86, 18.323, 100, 0, 0, 141, 36, 36, 6.185, 0.808, 0, 97.094, 0, 0, 100.688, 86.486, 0, 0.4, 0, 0, 
7.7, 22.115, 100.44, 63.82, 64.472, , -3.82, 0.974, 822.046, 822.046, 0.471, -87.791, -87.791, -87.791, 3.613, 75.044, 35.42, 34.803, 7.38, 12.959, 0, 0, -19.261, -19.779, -19.261, -19.779, 1, 84.481, 84.481, 0.024, 0.032, -389.099, -399.611, -389.099, -399.611, 6.6, 7.38, 12.959, , , 1, 7.791, 0, 0.001, 12.2, 4.49, 129, 0, 0, 0, 57.167, 2.857, 2.648, 86, 18.169, 100, 0, 0, 36, 36, 6.081, 0.803, 97.042, 0, 0, 100.583, 86.422, 0, 0, 0, 0, 0, 14.092, 0.001, 12.2, 0, 4.49, 129, 0, 0, 0, 57.167, 1.024, 0.003, 0.003, 86, 18.169, 100, 0, 0, 141, 36, 36, 6.081, 0.803, 0, 97.042, 0, 0, 100.583, 86.422, 0, 0.4, 0, 0, 
7.75, 22.117, 100.44, 63.82, 64.471, , -3.9, 0.974, 828.311, 828.311, 0.398, -89.715, -89.715, -89.715, 2.75, 75.537, 35.42, 34.915, 7.38, 13.029, 0, 0, -19.631, -20.159, -19.631, -20.159, 1, 84.288, 84.288, 0.024, 0.031, -731.111, -750.863, -731.111, -750.863, 6.577, 7.38, 13.029, , , 1, 7.84, 0, 0, 12.2, 4.484, 129, 0, 0, 0, 57, 2.841, 2.633, 86, 18.066, 100, 0, 0, 36, 36, 5.958, 0.799, 96.99, 0, 0, 100.481, 86.298, 0, 0, 0, 0, 0, 14.1, 0, 12.2, 0, 4.484, 129, 0, 0, 0, 57, 1.024, 0.003, 0.003, 86, 18.066, 100, 0, 0, 141, 36, 36, 5.958, 0.799, 0, 96.99, 0, 0, 100.481, 86.298, 0, 0.4, 0, 0, 
7.8, 22.12, 100.44, 63.82, 64.47, , -3.957, 0.974, 834.455, 834.455, 0.325, -91.06, -91.06, -91.06, 2.053, 76.03, 35.42, 35.027, 7.38, 13.112, 0, 0, -19.878, -20.414, -19.878, -20.414, 1, 84.091, 84.091, 0.024, 0.031, -1050.674, -1079.059, -1050.674, -1079.059, 6.554, 7.38, 13.112, , , 1, 7.89, 0, 0, 12.2, 4.47, 129, 0, 0, 0, 57, 2.846, 2.646, 86, 18.137, 100, 0, 0, 36, 36, 5.765, 0.795, 96.942, 0, 0, 100.384, 85.941, 0, 0, 0, 0, 0, 14.1, 0, 12.2, 0, 4.47, 129, 0, 0, 0, 57, 1.024, 0.003, 0.003, 86, 18.137, 100, 0, 0, 141, 36, 36, 5.765, 0.795, 0, 96.942, 0, 0, 100.384, 85.941, 0, 0.4, 0, 0, 
7.85, 22.121, 100.44, 63.82, 64.47, , -4.038, 0.974, 840.723, 840.723, 0.252, -92.989, -92.989, -92.989, 2.842, 76.523, 35.42, 35.139, 7.38, 13.208, 0, 0, -20.254, -20.8, -20.254, -20.8, 1, 83.888, 83.888, 0.024, 0.031, -1038.083, -1066.128, -1038.083, -1066.128, 6.54, 7.38, 13.208, , , 1, 7.94, 0, 0, 12.2, 4.456, 129, 0, 0, 0, 57, 2.851, 2.66, 86, 18.208, 100, 0, 0, 36, 36, 5.573, 0.792, 96.894, 0, 0, 100.288, 85.583, 0, 0, 0, 0, 0, 14.1, 0, 12.2, 0, 4.456, 129, 0, 0, 0, 57, 1.024, 0.003, 0.003, 86, 18.208, 100, 0, 0, 141, 36, 36, 5.573, 0.792, 0, 96.894, 0, 0, 100.288, 85.583, 0, 0.4, 0, 0, 
7.9, 22.122, 100.44, 63.82, 64.47, , -4.02, 0.974, 846.868, 846.868, 0.179, -92.559, -92.559, -92.559, 5.165, 77.017, 35.416, 35.24, 7.38, 13.31, 0, 0, -20.116, -20.658, -20.116, -20.658, 1, 83.687, 83.687, 0.024, 0.031, -974.087, -1000.403, -974.087, -1000.403, 6.542, 7.38, 13.31, , , 1, 7.99, 0, 0, 12.2, 4.442, 129, 0, 0, 0, 57, 2.855, 2.673, 86, 18.279, 100, 0, 0, 36, 36, 5.381, 0.788, 96.846, 0, 0, 100.191, 85.225, 0, 0, 0, 0, 0, 14.1, 0, 12.2, 0, 4.442, 129, 0, 0, 0, 57, 1.024, 0.003, 0.003, 86, 18.279, 100, 0, 0, 141, 36, 36, 5.381, 0.788, 0, 96.846, 0, 0, 100.191, 85.225, 0, 0.4, 0, 0, 
7.95, 22.123, 100.44, 63.82, 64.47, , -3.979, 0.974, 853.012, 853.012, 0.105, -91.61, -91.61, -91.61, 9.175, 77.51, 35.38, 35.24, 7.38, 13.417, 0, 0, -19.864, -20.4, -19.864, -20.4, 1, 83.486, 83.486, 0.024, 0.031, -865.241, -888.616, -865.241, -888.616, 6.544, 7.38, 13.417, , , 1, 8.04, 0, 0, 12.2, 4.428, 129, 0, 0, 0, 57, 2.86, 2.687, 86, 18.35, 100, 0, 0, 36, 36, 5.188, 0.784, 96.797, 0, 0, 100.095, 84.868, 0, 0, 0, 0, 0, 14.1, 0, 12.2, 0, 4.428, 129, 0, 0, 0, 57, 1.024, 0.003, 0.003, 86, 18.35, 100, 0, 0, 141, 36, 36, 5.188, 0.784, 0, 96.797, 0, 0, 100.095, 84.868, 0, 0.4, 0, 0, 
8, 22.125, 100.44, 63.82, 64.47, , -3.792, 0.974, 859.157, 859.157, 0.032, -87.17, -87.17, -87.17, 14.879, 78.003, 35.344, 35.24, 7.38, 13.501, 0, 0, -18.855, -19.364, -18.855, -19.364, 1, 83.29, 83.29, 0.024, 0.031, -633.314, -650.424, -633.314, -650.424, 6.546, 7.38, 13.501, , , 1, 8.091, 0, 0, 12.2, 4.414, 129, 0, 0, 0, 57, 2.865, 2.7, 86, 18.42, 100, 0, 0, 36, 36, 5, 0.78, 96.749, 0, 0, 100, 84.51, 0, 0, 0, 0, 0, 14.1, 0, 12.2, 0, 4.414, 129, 0, 0, 0, 57, 1.024, 0.003, 0.003, 86, 18.42, 100, 0, 0, 141, 36, 36, 5, 0.78, 0, 96.749, 0, 0, 100, 84.51, 0, 0.4, 0, 0, 
8.05, 22.126, 100.44, 63.82, 64.47, , -3.721, 0.974, 865.302, 865.302, 0.386, -85.494, -85.494, -85.494, 22.145, 72.43, 35.308, 35.24, 7.379, 13.56, 0, 0, -18.448, -18.947, -18.448, -18.947, 1, 83.1, 83.1, 0.024, 0.031, -105.577, -108.428, -105.577, -108.428, 6.552, 7.379, 13.56, , , 1, 8.14, 0, 0, 12.2, 4.403, 129, 0, 0, 0, 57, 2.858, 2.706, 86, 18.42, 100, 0, 0, 36, 36, 5, 0.78, 96.697, 0, 0, 100, 84.315, 0, 0, 0, 0, 0, 14.1, 0, 12.2, 0, 4.403, 129, 0, 0, 0, 57, 1.024, 0.003, 0.003, 86, 18.42, 100, 0, 0, 141, 36, 36, 5, 0.78, 0, 96.697, 0, 0, 100, 84.315, 0, 0.4, 0, 0, 
8.1, 22.127, 100.44, 63.82, 64.47, , -3.69, 0.974, 871.447, 871.447, 1.077, -84.765, -84.765, -84.765, 29.829, 62.089, 35.272, 35.24, 7.379, 13.603, 0, 0, -18.248, -18.742, -18.248, -18.742, 1, 82.913, 82.913, 0.024, 0.031, -48.744, -50.059, -48.744, -50.059, 6.581, 7.379, 13.603, , , 1, 8.191, 0, 0, 12.2, 4.392, 129, 0, 0, 0, 57, 2.85, 2.713, 86, 18.42, 100, 0, 0, 36, 36, 5, 0.78, 96.645, 0, 0, 100, 84.12, 0, 0, 0, 0, 0, 14.1, 0, 12.2, 0, 4.392, 129, 0, 0, 0, 57, 1.024, 0.003, 0.003, 86, 18.42, 100, 0, 0, 141, 36, 36, 5, 0.78, 0, 96.645, 0, 0, 100, 84.12, 0, 0.4, 0, 0, 
8.15, 22.128, 100.44, 63.82, 64.47, , -3.681, 0.974, 877.481, 877.481, 1.767, -84.549, -84.549, -84.549, 36.487, 51.749, 35.204, 35.236, 7.379, 13.629, 0, 0, -18.161, -18.654, -18.161, -18.654, 1, 82.73, 82.73, 0.024, 0.031, -34.942, -35.884, -34.942, -35.884, 6.61, 7.379, 13.629, , , 1, 8.241, 0, 0, 12.2, 4.381, 129, 0, 0, 0, 57, 2.843, 2.719, 86, 18.42, 100, 0, 0, 36, 36, 5, 0.78, 96.593, 0, 0, 100, 83.926, 0, 0, 0, 0, 0, 14.1, 0, 12.2, 0, 4.381, 129, 0, 0, 0, 57, 1.024, 0.003, 0.003, 86, 18.42, 100, 0, 0, 141, 36, 36, 5, 0.78, 0, 96.593, 0, 0, 100, 83.926, 0, 0.4, 0, 0, 
8.2, 22.129, 100.44, 63.82, 64.47, , -3.727, 0.974, 883.613, 883.613, 2.457, -85.641, -85.641, -85.641, 42.25, 41.409, 34.844, 35.2, 7.379, 13.648, 0, 0, -18.354, -18.851, -18.354, -18.851, 1, 82.542, 82.542, 0.024, 0.031, -28.898, -29.677, -28.898, -29.677, 6.64, 7.379, 13.648, , , 1, 8.291, 0, 0, 12.2, 4.371, 129, 0, 0, 0, 57, 2.836, 2.725, 86, 18.42, 100, 0, 0, 36, 36, 5, 0.78, 96.541, 0, 0, 100, 83.731, 0, 0, 0, 0, 0, 14.1, 0, 12.2, 0, 4.371, 129, 0, 0, 0, 57, 1.024, 0.003, 0.003, 86, 18.42, 100, 0, 0, 141, 36, 36, 5, 0.78, 0, 96.541, 0, 0, 100, 83.731, 0, 0.4, 0, 0, 
8.25, 22.13, 100.44, 63.82, 64.47, , -3.725, 0.974, 889.695, 889.695, 3.147, -85.618, -85.618, -85.618, 46.596, 31.069, 34.484, 35.164, 7.379, 13.657, 0, 0, -18.309, -18.804, -18.309, -18.804, 1, 82.356, 82.356, 0.024, 0.031, -25.498, -26.185, -25.498, -26.185, 6.672, 7.379, 13.657, , , 1, 8.342, 0, 0, 12.2, 4.361, 129, 0, 0, 0, 57, 2.83, 2.731, 86, 18.42, 100, 0, 0, 36, 36, 5, 0.78, 96.5, 0, 0, 100, 83.561, 0, 0, 0, 0, 0, 14.1, 0, 12.2, 0, 4.361, 129, 0, 0, 0, 57, 1.024, 0.003, 0.003, 86, 18.42, 100, 0, 0, 141, 36, 36, 5, 0.78, 0, 96.5, 0, 0, 100, 83.561, 0, 0.4, 0, 0, 
8.3, 22.131, 100.44, 63.82, 64.47, , -3.696, 0.974, 895.78, 895.78, 3.837, -84.927, -84.927, -84.927, 48.773, 20.729, 34.124, 35.128, 7.379, 13.66, 0, 0, -18.122, -18.613, -18.122, -18.613, 1, 82.167, 82.167, 0.024, 0.031, -23.779, -24.42, -23.779, -24.42, 6.729, 7.379, 13.66, , , 1, 8.392, 0, 0, 12.2, 4.355, 129, 0, 0, 0, 57, 2.83, 2.738, 86, 18.42, 100, 0, 0, 36, 36, 5, 0.78, 96.5, 0, 0, 100, 83.493, 0, 0, 0, 0, 0, 14.1, 0, 12.2, 0, 4.355, 129, 0, 0, 0, 57, 1.024, 0.003, 0.003, 86, 18.42, 100, 0, 0, 141, 36, 36, 5, 0.78, 0, 96.5, 0, 0, 100, 83.493, 0, 0.4, 0, 0, 
8.35, 22.133, 100.44, 63.82, 64.47, , -3.588, 0.974, 901.789, 901.789, 4.094, -82.374, -82.374, -82.374, 49.063, 27.2, 33.764, 35.092, 7.38, 13.652, 0, 0, -17.538, -18.012, -17.538, -18.012, 1, 81.985, 81.985, 0.024, 0.031, -22.792, -23.406, -22.792, -23.406, 6.786, 7.38, 13.652, , , 1, 8.444, 0, 0, 12.2, 4.35, 129, 0, 0, 0, 57, 2.83, 2.744, 86, 18.42, 100, 0, 0, 36, 36, 5, 0.78, 96.5, 0, 0, 100, 83.424, 0, 0, 0, 0, 0, 14.1, 0, 12.2, 0, 4.35, 129, 0, 0, 0, 57, 1.024, 0.003, 0.003, 86, 18.42, 100, 0, 0, 141, 36, 36, 5, 0.78, 0, 96.5, 0, 0, 100, 83.424, 0, 0.4, 0, 0, 
8.4, 22.134, 100.44, 63.82, 64.47, , -3.544, 0.974, 907.776, 907.776, 3.985, -81.323, -81.323, -81.323, 47.938, 39.32, 33.476, 35.046, 7.38, 13.639, 0, 0, -17.279, -17.744, -17.279, -17.744, 1, 81.806, 81.806, 0.024, 0.032, -23.072, -23.695, -23.072, -23.695, 6.843, 7.38, 13.639, , , 1, 8.494, 0, 0, 12.2, 4.344, 129, 0, 0, 0, 57, 2.83, 2.751, 86, 18.42, 100, 0, 0, 36, 36, 5, 0.78, 96.5, 0, 0, 100, 83.356, 0, 0, 0, 0, 0, 14.1, 0, 12.2, 0, 4.344, 129, 0, 0, 0, 57, 1.024, 0.003, 0.003, 86, 18.42, 100, 0, 0, 141, 36, 36, 5, 0.78, 0, 96.5, 0, 0, 100, 83.356, 0, 0.4, 0, 0, 
8.45, 22.135, 100.44, 63.82, 64.47, , -3.449, 0.974, 913.845, 913.845, 3.704, -79.081, -79.081, -79.081, 46.426, 30.764, 33.836, 34.902, 7.38, 13.616, 0, 0, -16.765, -17.217, -16.765, -17.217, 1, 81.63, 81.63, 0.024, 0.032, -23.318, -23.948, -23.318, -23.948, 6.9, 7.38, 13.616, , , 1, 8.54, 0, 0, 12.2, 4.339, 129, 0, 0, 0, 57, 2.83, 2.757, 86, 18.42, 100, 0, 0, 36, 36, 5, 0.78, 96.5, 0, 0, 100, 83.287, 0, 0, 0, 0, 0, 14.1, 0, 12.2, 0, 4.339, 129, 0, 0, 0, 57, 1.024, 0.003, 0.003, 86, 18.42, 100, 0, 0, 141, 36, 36, 5, 0.78, 0, 96.5, 0, 0, 100, 83.287, 0, 0.4, 0, 0, 
8.5, 22.136, 100.44, 63.82, 64.47, , -3.318, 0.974, 919.87, 919.87, 3.597, -75.99, -75.99, -75.99, 44.722, 23.381, 34.196, 34.758, 7.38, 13.585, 0, 0, -16.075, -16.508, -16.075, -16.508, 1, 81.461, 81.461, 0.024, 0.032, -23.376, -24.009, -23.376, -24.009, 6.96, 7.38, 13.585, , , 1, 8.591, 0, 0, 12.2, 4.329, 129, 0, 0, 0, 57, 2.844, 2.771, 86, 18.42, 100, 0, 0, 36, 36, 5, 0.78, 96.5, 0, 0, 100, 83.111, 0, 0, 0, 0, 0, 14.1, 0, 12.2, 0, 4.329, 129, 0, 0, 0, 57, 1.024, 0.003, 0.003, 86, 18.42, 100, 0, 0, 141, 36, 36, 5, 0.78, 0, 96.5, 0, 0, 100, 83.111, 0, 0.4, 0, 0, 
8.55, 22.137, 100.44, 63.82, 64.47, , -3.256, 0.974, 925.857, 925.857, 3.537, -74.508, -74.508, -74.508, 44.136, 17.51, 34.556, 34.614, 7.38, 13.542, 0, 0, -15.729, -16.153, -15.729, -16.153, 1, 81.297, 81.297, 0.024, 0.032, -23.12, -23.746, -23.12, -23.746, 7.02, 7.38, 13.542, , , 1, 8.641, 0, 0, 12.2, 4.315, 129, 0, 0, 0, 57, 2.868, 2.789, 86, 18.42, 100, 0, 0, 36, 36, 5, 0.78, 96.5, 0, 0, 100, 82.863, 0, 0, 0, 0, 0, 14.1, 0, 12.2, 0, 4.315, 129, 0, 0, 0, 57, 1.024, 0.003, 0.003, 86, 18.42, 100, 0, 0, 141, 36, 36, 5, 0.78, 0, 96.5, 0, 0, 100, 82.863, 0, 0.4, 0, 0, 
8.6, 22.138, 100.44, 63.82, 64.47, , -3.262, 0.974, 931.845, 931.845, 3.49, -74.656, -74.656, -74.656, 44.131, 11.263, 34.916, 34.47, 7.38, 13.51, 0, 0, -15.727, -16.15, -15.727, -16.15, 1, 81.132, 81.132, 0.024, 0.032, -23.145, -23.773, -23.145, -23.773, 7.081, 7.38, 13.51, , , 1, 8.69, 0, 0, 12.2, 4.302, 129, 0, 0, 0, 57, 2.892, 2.807, 86, 18.42, 100, 0, 0, 36, 36, 5, 0.78, 96.5, 0, 0, 100, 82.615, 0, 0, 0, 0, 0, 14.1, 0, 12.2, 0, 4.302, 129, 0, 0, 0, 57, 1.024, 0.003, 0.003, 86, 18.42, 100, 0, 0, 141, 36, 36, 5, 0.78, 0, 96.5, 0, 0, 100, 82.615, 0, 0.4, 0, 0, 
8.65, 22.139, 100.44, 63.82, 64.47, , -3.23, 0.974, 937.832, 937.832, 3.513, -73.899, -73.899, -73.899, 44.548, 2.296, 35.251, 34.365, 7.38, 13.499, 0, 0, -15.536, -15.956, -15.536, -15.956, 1, 80.968, 80.968, 0.024, 0.032, -22.714, -23.329, -22.714, -23.329, 7.141, 7.38, 13.499, , , 1, 8.741, 0, 0, 12.2, 4.288, 129, 0, 0, 0, 57, 2.916, 2.825, 86, 18.42, 100, 0, 0, 36, 36, 5, 0.78, 96.5, 0, 0, 100, 82.367, 0, 0, 0, 0, 0, 14.1, 0, 12.2, 0, 4.288, 129, 0, 0, 0, 57, 1.024, 0.003, 0.003, 86, 18.42, 100, 0, 0, 141, 36, 36, 5, 0.78, 0, 96.5, 0, 0, 100, 82.367, 0, 0.4, 0, 0, 
8.7, 22.141, 100.44, 63.82, 64.47, , -3.193, 0.974, 943.699, 943.699, 3.546, -73.038, -73.038, -73.038, 44.758, 0, 35.359, 34.617, 7.38, 13.495, 0, 0, -15.324, -15.739, -15.324, -15.739, 1, 80.806, 80.806, 0.024, 0.032, -22.35, -22.955, -22.35, -22.955, 7.184, 7.38, 13.495, , , 1, 8.79, 0, 0, 12.2, 4.275, 129, 0, 0, 0, 57, 2.94, 2.843, 86, 18.42, 100, 0, 0, 36, 36, 5, 0.78, 96.5, 0, 0, 100, 82.119, 0, 0, 0, 0, 0, 14.1, 0, 12.2, 0, 4.275, 129, 0, 0, 0, 57, 1.024, 0.003, 0.003, 86, 18.42, 100, 0, 0, 141, 36, 36, 5, 0.78, 0, 96.5, 0, 0, 100, 82.119, 0, 0.4, 0, 0, 
8.75, 22.142, 100.44, 63.82, 64.47, , -3.165, 0.974, 949.686, 949.686, 3.537, -72.366, -72.366, -72.366, 44.773, 2.238, 35.467, 34.869, 7.38, 13.507, 0, 0, -15.153, -15.564, -15.153, -15.564, 1, 80.649, 80.649, 0.024, 0.032, -22.123, -22.721, -22.123, -22.721, 7.228, 7.38, 13.507, , , 1, 8.84, 0, 0, 12.2, 4.265, 129, 0, 0, 0, 57, 2.954, 2.85, 86, 18.47, 100, 0, 0, 36, 36, 5, 0.781, 96.5, 0, 0, 100, 81.899, 0, 0, 0, 0, 0, 14.1, 0, 12.2, 0, 4.265, 129, 0, 0, 0, 57, 1.024, 0.003, 0.003, 86, 18.47, 100, 0, 0, 141, 36, 36, 5, 0.781, 0, 96.5, 0, 0, 100, 81.899, 0, 0.4, 0, 0, 
8.8, 22.143, 100.44, 63.82, 64.47, , -3.134, 0.974, 955.599, 955.599, 3.542, -71.654, -71.654, -71.654, 44.214, 2.711, 35.575, 35.121, 7.38, 13.518, 0, 0, -14.977, -15.382, -14.977, -15.382, 1, 80.49, 80.49, 0.024, 0.032, -22.165, -22.763, -22.165, -22.763, 7.272, 7.38, 13.518, , , 1, 8.89, 0, 0, 12.2, 4.256, 129, 0, 0, 0, 57, 2.96, 2.85, 86, 18.55, 100, 0, 0, 36, 36, 5, 0.783, 96.5, 0, 0, 100, 81.697, 0, 0, 0, 0, 0, 14.1, 0, 12.2, 0, 4.256, 129, 0, 0, 0, 57, 1.024, 0.003, 0.003, 86, 18.55, 100, 0, 0, 141, 36, 36, 5, 0.783, 0, 96.5, 0, 0, 100, 81.697, 0, 0.4, 0, 0, 
8.85, 22.144, 100.44, 63.82, 64.47, , -3.015, 0.974, 961.541, 961.541, 3.553, -68.828, -68.828, -68.828, 44.327, 3.45, 35.683, 35.373, 7.38, 13.526, 0, 0, -14.358, -14.748, -14.358, -14.748, 1, 80.335, 80.335, 0.024, 0.032, -21.388, -21.965, -21.388, -21.965, 7.315, 7.38, 13.526, , , 1, 8.941, 0, 0, 12.2, 4.247, 129, 0, 0, 0, 57, 2.967, 2.85, 86, 18.631, 100, 0, 0, 36, 36, 5, 0.786, 96.5, 0, 0, 100, 81.494, 0, 0, 0, 0, 0, 14.1, 0, 12.2, 0, 4.247, 129, 0, 0, 0, 57, 1.024, 0.003, 0.003, 86, 18.631, 100, 0, 0, 141, 36, 36, 5, 0.786, 0, 96.5, 0, 0, 100, 81.494, 0, 0.4, 0, 0, 
8.9, 22.145, 100.44, 63.82, 64.47, , -2.908, 0.974, 967.408, 967.408, 3.599, -66.296, -66.296, -66.296, 45.395, 7.564, 35.769, 35.6, 7.38, 13.521, 0, 0, -13.804, -14.18, -13.804, -14.18, 1, 80.187, 80.187, 0.024, 0.032, -20.293, -20.84, -20.293, -20.84, 7.393, 7.38, 13.521, , , 1, 8.99, 0, 0, 12.2, 4.239, 129, 0, 0, 0, 57, 2.973, 2.85, 86, 18.711, 100, 0, 0, 36, 36, 5, 0.788, 96.5, 0, 0, 100, 81.292, 0, 0, 0, 0, 0, 14.1, 0, 12.2, 0, 4.239, 129, 0, 0, 0, 57, 1.024, 0.003, 0.003, 86, 18.711, 100, 0, 0, 141, 36, 36, 5, 0.788, 0, 96.5, 0, 0, 100, 81.292, 0, 0.4, 0, 0, 
8.95, 22.146, 100.44, 63.82, 64.47, , -2.942, 0.974, 973.345, 973.345, 3.719, -67.097, -67.097, -67.097, 46.844, 18.05, 35.661, 35.6, 7.38, 13.484, 0, 0, -13.944, -14.323, -13.944, -14.323, 1, 80.042, 80.042, 0.024, 0.032, -19.883, -20.421, -19.883, -20.421, 7.481, 7.38, 13.484, , , 1, 9.041, 0, 0, 12.2, 4.23, 129, 0, 0, 0, 57, 2.98, 2.85, 86, 18.792, 100, 0, 0, 36, 36, 5, 0.79, 96.5, 0, 0, 100, 81.09, 0, 0, 0, 0, 0, 14.1, 0, 12.2, 0, 4.23, 129, 0, 0, 0, 57, 1.024, 0.003, 0.003, 86, 18.792, 100, 0, 0, 141, 36, 36, 5, 0.79, 0, 96.5, 0, 0, 100, 81.09, 0, 0.4, 0, 0, 
9, 22.147, 100.44, 63.82, 64.47, , -2.988, 0.974, 979.182, 979.182, 3.837, -68.205, -68.205, -68.205, 48.559, 23.901, 35.553, 35.6, 7.38, 13.441, 0, 0, -14.146, -14.529, -14.146, -14.529, 1, 79.893, 79.893, 0.024, 0.032, -19.414, -19.939, -19.414, -19.939, 7.569, 7.38, 13.441, , , 1, 9.091, 0, 0, 12.2, 4.226, 129, 0, 0, 0, 57, 2.987, 2.857, 86, 18.872, 100, 0, 0, 36, 36, 5, 0.792, 96.5, 0, 0, 100, 81.022, 0, 0, 0, 0, 0, 14.1, 0, 12.2, 0, 4.226, 129, 0, 0, 0, 57, 1.024, 0.003, 0.003, 86, 18.872, 100, 0, 0, 141, 36, 36, 5, 0.792, 0, 96.5, 0, 0, 100, 81.022, 0, 0.4, 0, 0, 
9.05, 22.149, 100.44, 63.82, 64.47, , -3.045, 0.974, 985.131, 985.131, 3.98, -69.549, -69.549, -69.549, 50.089, 30.768, 35.445, 35.6, 7.379, 13.382, 0, 0, -14.396, -14.787, -14.396, -14.787, 1, 79.739, 79.739, 0.024, 0.032, -19.085, -19.602, -19.085, -19.602, 7.657, 7.379, 13.382, , , 1, 9.141, 0, 0, 12.2, 4.221, 129, 0, 0, 0, 57, 2.993, 2.863, 86, 18.952, 100, 0, 0, 36, 36, 5, 0.794, 96.5, 0, 0, 100, 80.955, 0, 0, 0, 0, 0, 14.1, 0, 12.2, 0, 4.221, 129, 0, 0, 0, 57, 1.024, 0.003, 0.003, 86, 18.952, 100, 0, 0, 141, 36, 36, 5, 0.794, 0, 96.5, 0, 0, 100, 80.955, 0, 0.4, 0, 0, 
9.1, 22.15, 100.44, 63.82, 64.47, , -3.157, 0.974, 990.507, 990.507, 4.167, -72.213, -72.213, -72.213, 50.931, 43.614, 35.337, 35.6, 7.379, 13.33, 0, 0, -14.921, -15.326, -14.921, -15.326, 1, 79.583, 79.583, 0.024, 0.032, -19.344, -19.868, -19.344, -19.868, 7.729, 7.379, 13.33, , , 1, 9.191, 0, 0, 12.2, 4.217, 129, 0, 0, 0, 57, 3, 2.87, 86, 19.033, 100, 0, 0, 36, 36, 5, 0.797, 96.5, 0, 0, 100, 80.887, 0, 0, 0, 0, 0, 14.1, 0, 12.2, 0, 4.217, 129, 0, 0, 0, 57, 1.024, 0.003, 0.003, 86, 19.033, 100, 0, 0, 141, 36, 36, 5, 0.797, 0, 96.5, 0, 0, 100, 80.887, 0, 0.4, 0, 0, 
9.15, 22.151, 100.44, 63.82, 64.471, , -3.269, 0.974, 994.476, 994.476, 4.186, -74.873, -74.873, -74.873, 50.794, 58.362, 35.236, 35.589, 7.378, 13.296, 0, 0, -15.452, -15.87, -15.452, -15.87, 1, 79.486, 79.486, 0.024, 0.032, -20.148, -20.693, -20.148, -20.693, 7.788, 7.378, 13.296, , , 1, 9.24, 0, 0, 12.2, 4.213, 129, 0, 0, 0, 57, 3.006, 2.876, 86, 19.113, 100, 0, 0, 36, 36, 5, 0.799, 96.5, 0, 0, 100, 80.819, 0, 0, 0, 0, 0, 14.1, 0, 12.2, 0, 4.213, 129, 0, 0, 0, 57, 1.024, 0.003, 0.003, 86, 19.113, 100, 0, 0, 141, 36, 36, 5, 0.799, 0, 96.5, 0, 0, 100, 80.819, 0, 0.4, 0, 0, 
9.2, 22.152, 100.44, 63.82, 64.471, , -3.304, 0.974, 1000.314, 1000.314, 4.172, -75.713, -75.713, -75.713, 49.686, 59.538, 35.2, 35.481, 7.378, 13.277, 0, 0, -15.597, -16.019, -15.597, -16.019, 1, 79.324, 79.324, 0.024, 0.032, -20.795, -21.357, -20.795, -21.357, 7.847, 7.378, 13.277, , , 1, 9.291, 0, 0, 12.2, 4.206, 129, 0, 0, 0, 57, 3.011, 2.877, 86.156, 19.16, 100, 0, 0, 36, 36, 5.087, 0.8, 96.5, 0, 0, 100, 80.726, 0, 0, 0, 0, 0, 14.1, 0, 12.2, 0, 4.206, 129, 0, 0, 0, 57, 1.024, 0.003, 0.003, 86.156, 19.16, 100, 0, 0, 141, 36, 36, 5.087, 0.8, 0, 96.5, 0, 0, 100, 80.726, 0, 0.4, 0, 0, 
9.25, 22.153, 100.44, 63.82, 64.472, , -3.206, 0.974, 1006.152, 1006.152, 4.057, -73.386, -73.386, -73.386, 48.351, 60.132, 35.164, 35.373, 7.377, 13.307, 0, 0, -15.086, -15.495, -15.086, -15.495, 1, 79.16, 79.16, 0.024, 0.032, -20.694, -21.253, -20.694, -21.253, 7.906, 7.377, 13.307, , , 1, 9.34, 0, 0, 12.2, 4.196, 129, 0, 0, 0, 57, 3.013, 2.868, 86.528, 19.16, 100, 0, 0, 36, 36, 5.293, 0.8, 96.5, 0, 0, 100, 80.598, 0, 0, 0, 0, 0, 14.1, 0, 12.2, 0, 4.196, 129, 0, 0, 0, 57, 1.024, 0.003, 0.003, 86.528, 19.16, 100, 0, 0, 141, 36, 36, 5.293, 0.8, 0, 96.5, 0, 0, 100, 80.598, 0, 0.4, 0, 0, 
9.3, 22.154, 100.44, 63.82, 64.473, , -3.164, 0.974, 1011.989, 1011.989, 3.943, -72.403, -72.403, -72.403, 46.991, 60.726, 35.128, 35.265, 7.377, 13.349, 0, 0, -14.855, -15.257, -14.855, -15.257, 1, 78.998, 78.998, 0.024, 0.032, -21.006, -21.574, -21.006, -21.574, 7.927, 7.377, 13.349, , , 1, 9.39, 0, 0, 12.2, 4.186, 129, 0, 0, 0, 57, 3.015, 2.86, 86.9, 19.16, 100, 0, 0, 36, 36, 5.5, 0.8, 96.5, 0, 0, 100, 80.47, 0, 0, 0, 0, 0, 14.1, 0, 12.2, 0, 4.186, 129, 0, 0, 0, 57, 1.024, 0.003, 0.003, 86.9, 19.16, 100, 0, 0, 141, 36, 36, 5.5, 0.8, 0, 96.5, 0, 0, 100, 80.47, 0, 0.4, 0, 0, 
9.35, 22.155, 100.44, 63.82, 64.474, , -3.095, 0.974, 1017.775, 1017.775, 3.828, -70.763, -70.763, -70.763, 45.622, 61.32, 35.092, 35.157, 7.377, 13.437, 0, 0, -14.489, -14.88, -14.489, -14.88, 1, 78.84, 78.84, 0.024, 0.032, -21.159, -21.73, -21.159, -21.73, 7.915, 7.377, 13.437, , , 1, 9.441, 0, 0, 12.2, 4.176, 129, 0, 0, 0, 57, 3.017, 2.852, 87.272, 19.16, 100, 0, 0, 36, 36, 5.707, 0.8, 96.5, 0, 0, 100, 80.342, 0, 0, 0, 0, 0, 14.1, 0, 12.2, 0, 4.176, 129, 0, 0, 0, 57, 1.024, 0.003, 0.003, 87.272, 19.16, 100, 0, 0, 141, 36, 36, 5.707, 0.8, 0, 96.5, 0, 0, 100, 80.342, 0, 0.4, 0, 0, 
9.4, 22.157, 100.44, 63.82, 64.474, , -2.952, 0.974, 1023.547, 1023.547, 3.714, -67.373, -67.373, -67.373, 44.265, 61.914, 35.064, 35.064, 7.377, 13.524, 0, 0, -13.768, -14.139, -13.768, -14.139, 1, 78.689, 78.689, 0.024, 0.032, -20.768, -21.328, -20.768, -21.328, 7.904, 7.377, 13.524, , , 1, 9.49, 0, 0, 12.2, 4.166, 129, 0, 0, 0, 57, 3.019, 2.843, 87.644, 19.16, 100, 0, 0, 36, 36, 5.913, 0.8, 96.5, 0, 0, 100, 80.214, 0, 0, 0, 0, 0, 14.1, 0, 12.2, 0, 4.166, 129, 0, 0, 0, 57, 1.024, 0.003, 0.003, 87.644, 19.16, 100, 0, 0, 141, 36, 36, 5.913, 0.8, 0, 96.5, 0, 0, 100, 80.214, 0, 0.4, 0, 0, 
9.45, 22.158, 100.44, 63.82, 64.475, , -2.934, 0.974, 1029.385, 1029.385, 3.599, -66.952, -66.952, -66.952, 42.872, 62.509, 35.1, 35.1, 7.378, 13.605, 0, 0, -13.656, -14.024, -13.656, -14.024, 1, 78.541, 78.541, 0.024, 0.032, -21.315, -21.889, -21.315, -21.889, 7.892, 7.378, 13.605, , , 1, 9.54, 0, 0, 12.211, 4.156, 129, 0, 0, 0, 57, 3.034, 2.858, 87.8, 19.242, 100, 0, 0, 36, 36, 6, 0.8, 96.556, 0, 0, 100.112, 80.055, 0, 0, 0, 0, 0, 14.1, 0, 12.211, 0, 4.156, 129, 0, 0, 0, 57, 1.024, 0.003, 0.003, 87.8, 19.242, 100, 0, 0, 141, 36, 36, 6, 0.8, 0, 96.556, 0, 0, 100.112, 80.055, 0, 0.389, 0, 0, 
9.5, 22.159, 100.44, 63.82, 64.476, , -2.952, 0.974, 1035.105, 1035.105, 3.485, -67.396, -67.396, -67.396, 41.49, 63.103, 35.136, 35.136, 7.378, 13.677, 0, 0, -13.719, -14.089, -13.719, -14.089, 1, 78.393, 78.393, 0.024, 0.032, -22.196, -22.794, -22.196, -22.794, 7.877, 7.378, 13.677, , , 1, 9.591, 0, 0, 12.231, 4.146, 129, 0, 0, 0, 57, 3.058, 2.889, 87.8, 19.383, 100, 0, 0, 36, 36, 6, 0.8, 96.653, 0, 0, 100.305, 79.875, 0, 0, 0, 0, 0, 14.1, 0, 12.231, 0, 4.146, 129, 0, 0, 0, 57, 1.024, 0.003, 0.003, 87.8, 19.383, 100, 0, 0, 141, 36, 36, 6, 0.8, 0, 96.653, 0, 0, 100.305, 79.875, 0, 0.369, 0, 0, 
9.55, 22.16, 100.44, 63.82, 64.477, , -2.876, 0.974, 1040.897, 1040.897, 3.37, -65.593, -65.593, -65.593, 40.091, 63.697, 35.172, 35.172, 7.38, 13.705, 0, 0, -13.327, -13.687, -13.327, -13.687, 1, 78.245, 78.245, 0.024, 0.032, -22.343, -22.944, -22.343, -22.944, 7.853, 7.38, 13.705, , , 1, 9.641, 0, 0, 12.25, 4.136, 129, 0, 0, 0, 57, 3.082, 2.92, 87.8, 19.524, 100, 0, 0, 36, 36, 6, 0.8, 96.749, 0, 0, 100.498, 79.694, 0, 0, 0, 0, 0, 14.1, 0, 12.25, 0, 4.136, 129, 0, 0, 0, 57, 1.024, 0.003, 0.003, 87.8, 19.524, 100, 0, 0, 141, 36, 36, 6, 0.8, 0, 96.749, 0, 0, 100.498, 79.694, 0, 0.35, 0, 0, 
9.6, 22.161, 100.44, 63.82, 64.477, , -2.751, 0.974, 1046.664, 1046.664, 3.256, -62.622, -62.622, -62.622, 38.701, 64.291, 35.208, 35.208, 7.381, 13.723, 0, 0, -12.7, -13.044, -12.7, -13.044, 1, 78.106, 78.106, 0.024, 0.032, -22.078, -22.673, -22.078, -22.673, 7.829, 7.381, 13.723, , , 1, 9.69, 0, 0, 12.269, 4.126, 129, 0, 0, 0, 57, 3.106, 2.951, 87.8, 19.665, 100, 0, 0, 36, 36, 6, 0.8, 96.846, 0, 0, 100.691, 79.514, 0, 0, 0, 0, 0, 14.1, 0, 12.269, 0, 4.126, 129, 0, 0, 0, 57, 1.024, 0.003, 0.003, 87.8, 19.665, 100, 0, 0, 141, 36, 36, 6, 0.8, 0, 96.846, 0, 0, 100.691, 79.514, 0, 0.331, 0, 0, 
9.65, 22.162, 100.44, 63.82, 64.478, , -2.672, 0.974, 1052.402, 1052.402, 3.141, -60.767, -60.767, -60.767, 37.295, 64.885, 35.229, 35.236, 7.383, 13.684, 0, 0, -12.305, -12.638, -12.305, -12.638, 1, 77.97, 77.97, 0.024, 0.032, -22.151, -22.749, -22.151, -22.749, 7.805, 7.383, 13.684, , , 1, 9.741, 0, 0, 12.288, 4.116, 129, 0, 0, 0, 57, 3.131, 2.981, 87.8, 19.805, 100, 0, 0, 36, 36, 6, 0.8, 96.942, 0, 0, 100.884, 79.333, 0, 0, 0, 0, 0, 14.1, 0, 12.288, 0, 4.116, 129, 0, 0, 0, 57, 1.024, 0.003, 0.003, 87.8, 19.805, 100, 0, 0, 141, 36, 36, 6, 0.8, 0, 96.942, 0, 0, 100.884, 79.333, 0, 0.312, 0, 0, 
9.7, 22.163, 100.44, 63.82, 64.479, , -2.517, 0.974, 1058.097, 1058.097, 3.027, -57.09, -57.09, -57.09, 35.873, 65.479, 35.121, 35.2, 7.384, 13.644, 0, 0, -11.542, -11.852, -11.542, -11.852, 1, 77.84, 77.84, 0.024, 0.032, -21.616, -22.199, -21.616, -22.199, 7.777, 7.384, 13.644, , , 1, 9.79, 0, 0, 12.3, 4.108, 129, 0, 0, 0, 57, 3.147, 3, 87.8, 19.921, 100, 0, 0, 36, 36, 6, 0.8, 97, 0, 0, 101, 79.199, 0, 0, 0, 0, 0, 14.1, 0, 12.3, 0, 4.108, 129, 0, 0, 0, 57, 1.024, 0.003, 0.003, 87.8, 19.921, 100, 0, 0, 141, 36, 36, 6, 0.8, 0, 97, 0, 0, 101, 79.199, 0, 0.3, 0, 0, 
9.75, 22.165, 100.44, 63.82, 64.48, , -2.42, 0.974, 1063.792, 1063.792, 2.913, -54.798, -54.798, -54.798, 34.457, 66.074, 35.013, 35.164, 7.384, 13.596, 0, 0, -11.059, -11.356, -11.059, -11.356, 1, 77.716, 77.716, 0.024, 0.032, -21.734, -22.321, -21.734, -22.321, 7.704, 7.384, 13.596, , , 1, 9.84, 0, 0, 12.3, 4.104, 129, 0, 0, 0, 57, 3.152, 3, 87.8, 19.998, 100, 0, 0, 36, 36, 6, 0.8, 97, 0, 0, 101, 79.133, 0, 0, 0, 0, 0, 14.1, 0, 12.3, 0, 4.104, 129, 0, 0, 0, 57, 1.024, 0.003, 0.003, 87.8, 19.998, 100, 0, 0, 141, 36, 36, 6, 0.8, 0, 97, 0, 0, 101, 79.133, 0, 0.3, 0, 0, 
9.8, 22.166, 100.44, 63.82, 64.48, , -2.357, 0.974, 1069.547, 1069.547, 2.798, -53.297, -53.297, -53.297, 33.035, 66.668, 34.905, 35.128, 7.384, 13.547, 0, 0, -10.739, -11.027, -10.739, -11.027, 1, 77.596, 77.596, 0.024, 0.031, -22.097, -22.694, -22.097, -22.694, 7.631, 7.384, 13.547, , , 1, 9.89, 0, 0, 12.3, 4.099, 129, 0, 0, 0, 57, 3.158, 3, 87.8, 20.076, 100, 0, 0, 36, 36, 6, 0.8, 97, 0, 0, 101, 79.067, 0, 0, 0, 0, 0, 14.1, 0, 12.3, 0, 4.099, 129, 0, 0, 0, 57, 1.024, 0.003, 0.003, 87.8, 20.076, 100, 0, 0, 141, 36, 36, 6, 0.8, 0, 97, 0, 0, 101, 79.067, 0, 0.3, 0, 0, 
9.85, 22.167, 100.44, 63.82, 64.481, , -2.304, 0.974, 1075.296, 1075.296, 2.684, -52.04, -52.04, -52.04, 31.601, 67.262, 34.797, 35.092, 7.382, 13.491, 0, 0, -10.47, -10.752, -10.47, -10.752, 1, 77.478, 77.478, 0.024, 0.031, -22.545, -23.155, -22.545, -23.155, 7.558, 7.382, 13.491, , , 1, 9.94, 0, 0, 12.3, 4.095, 129, 0, 0, 0, 57, 3.163, 3, 87.8, 20.153, 100, 0, 0, 36, 36, 6, 0.8, 97, 0, 0, 101, 79.001, 0, 0, 0, 0, 0, 14.1, 0, 12.3, 0, 4.095, 129, 0, 0, 0, 57, 1.024, 0.003, 0.003, 87.8, 20.153, 100, 0, 0, 141, 36, 36, 6, 0.8, 0, 97, 0, 0, 101, 79.001, 0, 0.3, 0, 0, 
9.9, 22.168, 100.44, 63.82, 64.482, , -2.322, 0.974, 1080.883, 1080.883, 2.569, -52.476, -52.476, -52.476, 30.161, 67.856, 34.714, 35.064, 7.381, 13.435, 0, 0, -10.543, -10.826, -10.543, -10.826, 1, 77.363, 77.363, 0.024, 0.031, -23.802, -24.446, -23.802, -24.446, 7.484, 7.381, 13.435, , , 1, 9.991, 0, 0, 12.3, 4.091, 129, 0, 0, 0, 57, 3.168, 3, 87.8, 20.231, 100, 0, 0, 36, 36, 6, 0.8, 97, 0, 0, 101, 78.935, 0, 0, 0, 0, 0, 14.1, 0, 12.3, 0, 4.091, 129, 0, 0, 0, 57, 1.024, 0.003, 0.003, 87.8, 20.231, 100, 0, 0, 141, 36, 36, 6, 0.8, 0, 97, 0, 0, 101, 78.935, 0, 0.3, 0, 0, 
9.95, 22.169, 100.44, 63.82, 64.483, , -2.399, 0.974, 1086.572, 1086.572, 2.455, -54.309, -54.309, -54.309, 28.719, 68.45, 34.858, 35.1, 7.38, 13.379, 0, 0, -10.894, -11.187, -10.894, -11.187, 1, 77.245, 77.245, 0.024, 0.031, -25.939, -26.641, -25.939, -26.641, 7.427, 7.38, 13.379, , , 1, 10.041, 0, 0, 12.306, 4.083, 129.238, 0, 0, 0, 57, 3.175, 3.01, 87.8, 20.326, 100, 0, 0, 36, 36, 5.94, 0.8, 97, 0, 0, 101, 78.799, 0, 0, 0, 0, 0, 14.1, 0, 12.306, 0, 4.083, 129.238, 0, 0, 0, 57, 1.024, 0.003, 0.003, 87.8, 20.326, 100, 0, 0, 141, 36, 36, 5.94, 0.8, 0, 97, 0, 0, 101, 78.799, 0, 0.3, 0, 0, 
10, 22.17, 100.44, 63.82, 64.483, , -2.453, 0.974, 1092.267, 1092.267, 2.34, -55.587, -55.587, -55.587, 27.269, 69.045, 35.002, 35.136, 7.378, 13.324, 0, 0, -11.13, -11.43, -11.13, -11.43, 1, 77.123, 77.123, 0.024, 0.031, -28.14, -28.902, -28.14, -28.902, 7.374, 7.378, 13.324, , , 1, 10.09, 0, 0, 12.316, 4.072, 129.623, 0, 0, 0, 57, 3.184, 3.025, 87.8, 20.433, 100, 0, 0, 36, 36, 5.844, 0.8, 97, 0, 0, 101, 78.62, 0, 0, 0, 0, 0, 14.1, 0, 12.316, 0, 4.072, 129.623, 0, 0, 0, 57, 1.024, 0.003, 0.003, 87.8, 20.433, 100, 0, 0, 141, 36, 36, 5.844, 0.8, 0, 97, 0, 0, 101, 78.62, 0, 0.3, 0, 0, 
10.05, 22.171, 100.44, 63.82, 64.484, , -2.512, 0.974, 1097.963, 1097.963, 2.226, -56.981, -56.981, -56.981, 25.843, 69.639, 35.146, 35.172, 7.378, 13.265, 0, 0, -11.391, -11.697, -11.391, -11.697, 1, 77.001, 77.001, 0.024, 0.031, -30.486, -31.313, -30.486, -31.313, 7.321, 7.378, 13.265, , , 1, 10.14, 0, 0, 12.325, 4.062, 130.008, 0, 0, 0, 57, 3.193, 3.04, 87.8, 20.54, 100, 0, 0, 36, 36, 5.748, 0.8, 97, 0, 0, 101, 78.441, 0, 0, 0, 0, 0, 14.1, 0, 12.325, 0, 4.062, 130.008, 0, 0, 0, 57, 1.024, 0.003, 0.003, 87.8, 20.54, 100, 0, 0, 141, 36, 36, 5.748, 0.8, 0, 97, 0, 0, 101, 78.441, 0, 0.3, 0, 0, 
10.1, 22.173, 100.44, 63.82, 64.485, , -2.588, 0.974, 1103.658, 1103.658, 2.111, -58.797, -58.797, -58.797, 24.382, 70.233, 35.29, 35.208, 7.378, 13.208, 0, 0, -11.735, -12.051, -11.735, -12.051, 1, 76.873, 76.873, 0.024, 0.031, -33.192, -34.091, -33.192, -34.091, 7.268, 7.378, 13.208, , , 1, 10.19, 0, 0, 12.335, 4.051, 130.392, 0, 0, 0, 57, 3.201, 3.056, 87.8, 20.646, 100, 0, 0, 36, 36, 5.652, 0.8, 97, 0, 0, 101, 78.263, 0, 0, 0, 0, 0, 14.1, 0, 12.335, 0, 4.051, 130.392, 0, 0, 0, 57, 1.024, 0.003, 0.003, 87.8, 20.646, 100, 0, 0, 141, 36, 36, 5.652, 0.8, 0, 97, 0, 0, 101, 78.263, 0, 0.3, 0, 0, 
10.15, 22.174, 100.44, 63.82, 64.486, , -2.608, 0.974, 1109.239, 1109.239, 1.997, -59.284, -59.284, -59.284, 22.915, 70.827, 35.398, 35.236, 7.379, 13.18, 0, 0, -11.814, -12.132, -11.814, -12.132, 1, 76.742, 76.742, 0.024, 0.031, -35.421, -36.381, -35.421, -36.381, 7.23, 7.379, 13.18, , , 1, 10.24, 0, 0, 12.344, 4.041, 130.777, 0, 0, 0, 57, 3.21, 3.071, 87.8, 20.753, 100, 0, 0, 36, 36, 5.556, 0.8, 97, 0, 0, 101, 78.084, 0, 0, 0, 0, 0, 14.1, 0, 12.344, 0, 4.041, 130.777, 0, 0, 0, 57, 1.024, 0.003, 0.003, 87.8, 20.753, 100, 0, 0, 141, 36, 36, 5.556, 0.8, 0, 97, 0, 0, 101, 78.084, 0, 0.3, 0, 0, 
10.2, 22.175, 100.44, 63.82, 64.487, , -2.556, 0.974, 1114.907, 1114.907, 1.882, -58.036, -58.036, -58.036, 21.46, 71.421, 35.182, 35.2, 7.379, 13.151, 0, 0, -11.546, -11.857, -11.546, -11.857, 1, 76.613, 76.613, 0.024, 0.031, -37.038, -38.041, -37.038, -38.041, 7.201, 7.379, 13.151, , , 1, 10.29, 0, 0, 12.355, 4.033, 131, 0, 0, 0, 57, 3.219, 3.082, 87.8, 20.866, 100, 0, 0, 36, 36, 5.546, 0.8, 97, 0, 0, 101, 77.952, 0, 0, 0, 0, 0, 14.1, 0, 12.355, 0, 4.033, 131, 0, 0, 0, 57, 1.024, 0.003, 0.003, 87.8, 20.866, 100, 0, 0, 141, 36, 36, 5.546, 0.8, 0, 97, 0, 0, 101, 77.952, 0, 0.3, 0, 0, 
10.25, 22.176, 100.44, 63.82, 64.487, , -2.49, 0.974, 1120.515, 1120.515, 1.768, -56.477, -56.477, -56.477, 19.981, 72.016, 34.966, 35.164, 7.38, 13.154, 0, 0, -11.216, -11.518, -11.216, -11.518, 1, 76.485, 76.485, 0.024, 0.031, -38.881, -39.934, -38.881, -39.934, 7.171, 7.38, 13.154, , , 1, 10.34, 0, 0, 12.365, 4.029, 131, 0, 0, 0, 57, 3.229, 3.086, 87.8, 20.986, 100, 0, 0, 36, 36, 5.654, 0.8, 97, 0, 0, 101, 77.885, 0, 0, 0, 0, 0, 14.1, 0, 12.365, 0, 4.029, 131, 0, 0, 0, 57, 1.024, 0.003, 0.003, 87.8, 20.986, 100, 0, 0, 141, 36, 36, 5.654, 0.8, 0, 97, 0, 0, 101, 77.885, 0, 0.3, 0, 0, 
10.3, 22.177, 100.44, 63.82, 64.488, , -2.422, 0.974, 1126.137, 1126.137, 1.653, -54.862, -54.862, -54.862, 18.518, 72.61, 34.75, 35.128, 7.38, 13.157, 0, 0, -10.878, -11.171, -10.878, -11.171, 1, 76.362, 76.362, 0.024, 0.032, -40.793, -41.897, -40.793, -41.897, 7.142, 7.38, 13.157, , , 1, 10.391, 0, 0, 12.376, 4.024, 131, 0, 0, 0, 57, 3.239, 3.09, 87.8, 21.107, 100, 0, 0, 36, 36, 5.763, 0.8, 97, 0, 0, 101, 77.818, 0, 0, 0, 0, 0, 14.1, 0, 12.376, 0, 4.024, 131, 0, 0, 0, 57, 1.024, 0.003, 0.003, 87.8, 21.107, 100, 0, 0, 141, 36, 36, 5.763, 0.8, 0, 97, 0, 0, 101, 77.818, 0, 0.3, 0, 0, 
10.35, 22.178, 100.44, 63.82, 64.489, , -2.346, 0.974, 1131.792, 1131.792, 1.539, -53.083, -53.083, -53.083, 17.048, 73.204, 34.534, 35.092, 7.38, 13.182, 0, 0, -10.51, -10.791, -10.51, -10.791, 1, 76.243, 76.243, 0.024, 0.032, -42.903, -44.064, -42.903, -44.064, 7.105, 7.38, 13.182, , , 1, 10.441, 0, 0, 12.387, 4.02, 131, 0, 0, 0, 57, 3.248, 3.095, 87.8, 21.228, 100, 0, 0, 36, 36, 5.872, 0.8, 97, 0, 0, 101, 77.751, 0, 0, 0, 0, 0, 14.1, 0, 12.387, 0, 4.02, 131, 0, 0, 0, 57, 1.024, 0.003, 0.003, 87.8, 21.228, 100, 0, 0, 141, 36, 36, 5.872, 0.8, 0, 97, 0, 0, 101, 77.751, 0, 0.3, 0, 0, 
10.4, 22.179, 100.44, 63.82, 64.49, , -2.288, 0.974, 1137.367, 1137.367, 1.424, -51.704, -51.704, -51.704, 15.559, 73.798, 34.354, 35.06, 7.379, 13.207, 0, 0, -10.222, -10.495, -10.222, -10.495, 1, 76.125, 76.125, 0.024, 0.032, -45.847, -47.087, -45.847, -47.087, 7.04, 7.379, 13.207, , , 1, 10.491, 0, 0, 12.398, 4.016, 131, 0, 0, 0, 57, 3.258, 3.099, 87.8, 21.348, 100, 0, 0, 36, 36, 5.98, 0.8, 97, 0, 0, 101, 77.683, 0, 0, 0, 0, 0, 14.1, 0, 12.398, 0, 4.016, 131, 0, 0, 0, 57, 1.024, 0.003, 0.003, 87.8, 21.348, 100, 0, 0, 141, 36, 36, 5.98, 0.8, 0, 97, 0, 0, 101, 77.683, 0, 0.3, 0, 0, 
10.45, 22.18, 100.44, 63.82, 64.49, , -2.264, 0.974, 1142.927, 1142.927, 1.31, -51.141, -51.141, -51.141, 14.082, 74.392, 34.498, 35.06, 7.379, 13.238, 0, 0, -10.095, -10.366, -10.095, -10.366, 1, 76.012, 76.012, 0.024, 0.032, -50.54, -51.907, -50.54, -51.907, 6.974, 7.379, 13.238, , , 1, 10.541, 0, 0, 12.4, 4.013, 131, 0, 0, 0, 57, 3.267, 3.115, 87.8, 21.37, 100, 0, 0, 36, 36, 6, 0.8, 97, 0, 0, 101, 77.568, 0, 0, 0, 0, 0, 14.1, 0, 12.4, 0, 4.013, 131, 0, 0, 0, 57, 1.024, 0.003, 0.003, 87.8, 21.37, 100, 0, 0, 141, 36, 36, 6, 0.8, 0, 97, 0, 0, 101, 77.568, 0, 0.3, 0, 0, 
10.5, 22.18, 100.44, 63.82, 64.489, , -2.247, 0.974, 1148.535, 1148.535, 1.195, -50.745, -50.745, -50.745, 12.601, 74.987, 34.642, 35.06, 7.378, 13.27, 0, 0, -10, -10.27, -10, -10.27, 1, 75.9, 75.9, 0.024, 0.032, -57.083, -58.626, -57.083, -58.626, 6.908, 7.378, 13.27, , , 1, 10.59, 0, 0, 12.4, 4.01, 131, 0, 0, 0, 57, 3.275, 3.133, 87.8, 21.37, 100, 0, 0, 36, 36, 6, 0.8, 97, 0, 0, 101, 77.439, 0, 0, 0, 0, 0, 14.1, 0, 12.4, 0, 4.01, 131, 0, 0, 0, 57, 1.024, 0.003, 0.003, 87.8, 21.37, 100, 0, 0, 141, 36, 36, 6, 0.8, 0, 97, 0, 0, 101, 77.439, 0, 0.3, 0, 0, 
10.55, 22.18, 100.44, 63.82, 64.488, , -2.217, 0.974, 1154.157, 1154.157, 1.081, -50.029, -50.029, -50.029, 11.078, 75.581, 34.786, 35.06, 7.378, 13.289, 0, 0, -9.843, -10.11, -9.843, -10.11, 1, 75.787, 75.787, 0.024, 0.032, -64.289, -66.027, -64.289, -66.027, 6.845, 7.378, 13.289, , , 1, 10.64, 0, 0, 12.4, 4.007, 131, 0, 0, 0, 57, 3.283, 3.152, 87.8, 21.37, 100, 0, 0, 36, 36, 6, 0.8, 97, 0, 0, 101, 77.311, 0, 0, 0, 0, 0, 14.1, 0, 12.4, 0, 4.007, 131, 0, 0, 0, 57, 1.024, 0.003, 0.003, 87.8, 21.37, 100, 0, 0, 141, 36, 36, 6, 0.8, 0, 97, 0, 0, 101, 77.311, 0, 0.3, 0, 0, 
10.6, 22.18, 100.44, 63.82, 64.487, , -2.125, 0.974, 1159.717, 1159.717, 0.966, -47.852, -47.852, -47.852, 9.575, 76.175, 34.93, 35.06, 7.377, 13.306, 0, 0, -9.403, -9.658, -9.403, -9.658, 1, 75.679, 75.679, 0.024, 0.032, -70.405, -72.308, -70.405, -72.308, 6.792, 7.377, 13.306, , , 1, 10.69, 0, 0, 12.4, 4.005, 131, 0, 0, 0, 57, 3.291, 3.171, 87.8, 21.37, 100, 0, 0, 36, 36, 6, 0.8, 97, 0, 0, 101, 77.183, 0, 0, 0, 0, 0, 14.1, 0, 12.4, 0, 4.005, 131, 0, 0, 0, 57, 1.024, 0.003, 0.003, 87.8, 21.37, 100, 0, 0, 141, 36, 36, 6, 0.8, 0, 97, 0, 0, 101, 77.183, 0, 0.3, 0, 0, 
10.65, 22.18, 100.44, 63.82, 64.487, , -2.027, 0.974, 1165.276, 1165.276, 0.852, -45.527, -45.527, -45.527, 8.068, 76.769, 35.071, 35.081, 7.377, 13.297, 0, 0, -8.935, -9.177, -8.935, -9.177, 1, 75.575, 75.575, 0.024, 0.032, -79.91, -82.068, -79.91, -82.068, 6.739, 7.377, 13.297, , , 1, 10.74, 0, 0, 12.4, 4.002, 131, 0, 0, 0, 57, 3.3, 3.189, 87.8, 21.37, 100, 0, 0, 36, 36, 6, 0.8, 97, 0, 0, 101, 77.055, 0, 0, 0, 0, 0, 14.1, 0, 12.4, 0, 4.002, 131, 0, 0, 0, 57, 1.024, 0.003, 0.003, 87.8, 21.37, 100, 0, 0, 141, 36, 36, 6, 0.8, 0, 97, 0, 0, 101, 77.055, 0, 0.3, 0, 0, 
10.7, 22.18, 100.44, 63.82, 64.486, , -2.006, 0.974, 1170.836, 1170.836, 0.737, -45.017, -45.017, -45.017, 6.553, 77.363, 35.176, 35.291, 7.377, 13.284, 0, 0, -8.822, -9.059, -8.822, -9.059, 1, 75.474, 75.474, 0.024, 0.032, -107.419, -110.321, -107.419, -110.321, 6.687, 7.377, 13.284, , , 1, 10.79, 0, 0, 12.419, 3.996, 131, 0, 0, 0, 57, 3.315, 3.184, 87.8, 21.44, 100, 0, 0, 35.907, 35.907, 6, 0.804, 97, 0, 0, 101, 76.934, 0, 0, 0, 0, 0, 14.1, 0, 12.419, 0, 3.996, 131, 0, 0, 0, 57, 1.024, 0.003, 0.003, 87.8, 21.44, 100, 0, 0, 141, 35.907, 35.907, 6, 0.804, 0, 97, 0, 0, 101, 76.934, 0, 0.3, 0, 0, 
10.75, 22.18, 100.44, 63.82, 64.485, , -2.05, 0.974, 1176.351, 1176.351, 0.623, -46.084, -46.084, -46.084, 5.059, 77.958, 35.281, 35.501, 7.377, 13.252, 0, 0, -9.017, -9.259, -9.017, -9.259, 1, 75.373, 75.373, 0.024, 0.032, -188.191, -193.275, -188.191, -193.275, 6.634, 7.377, 13.252, , , 1, 10.84, 0, 0, 12.438, 3.99, 131, 0, 0, 0, 57, 3.331, 3.179, 87.8, 21.512, 100, 0, 0, 35.809, 35.809, 6, 0.808, 97, 0, 0, 101, 76.814, 0, 0, 0, 0, 0, 14.1, 0, 12.438, 0, 3.99, 131, 0, 0, 0, 57, 1.024, 0.003, 0.003, 87.8, 21.512, 100, 0, 0, 141, 35.809, 35.809, 6, 0.808, 0, 97, 0, 0, 101, 76.814, 0, 0.3, 0, 0, 
10.8, 22.18, 100.44, 63.82, 64.484, , -2.157, 0.974, 1181.844, 1181.844, 0.508, -48.613, -48.613, -48.613, 3.577, 78.552, 35.386, 35.711, 7.377, 13.217, 0, 0, -9.496, -9.752, -9.496, -9.752, 1, 75.267, 75.267, 0.024, 0.032, -386.721, -397.169, -386.721, -397.169, 6.588, 7.377, 13.217, , , 1, 10.89, 0, 0, 12.458, 3.984, 131, 0, 0, 0, 57, 3.346, 3.173, 87.8, 21.584, 100, 0, 0, 35.712, 35.712, 6, 0.812, 97, 0, 0, 101, 76.693, 0, 0, 0, 0, 0, 14.1, 0, 12.458, 0, 3.984, 131, 0, 0, 0, 57, 1.024, 0.003, 0.003, 87.8, 21.584, 100, 0, 0, 141, 35.712, 35.712, 6, 0.812, 0, 97, 0, 0, 101, 76.693, 0, 0.3, 0, 0, 
10.85, 22.18, 100.44, 63.82, 64.484, , -2.269, 0.974, 1187.403, 1187.403, 0.394, -51.275, -51.275, -51.275, 2.827, 79.146, 35.491, 35.921, 7.377, 13.191, 0, 0, -10.003, -10.274, -10.003, -10.274, 1, 75.155, 75.155, 0.024, 0.032, -492.156, -505.453, -492.156, -505.453, 6.542, 7.377, 13.191, , , 1, 10.94, 0, 0, 12.477, 3.977, 131, 0, 0, 0, 57, 3.362, 3.167, 87.8, 21.655, 100, 0, 0, 35.615, 35.615, 6, 0.815, 97, 0, 0, 101, 76.572, 0, 0, 0, 0, 0, 14.1, 0, 12.477, 0, 3.977, 131, 0, 0, 0, 57, 1.024, 0.003, 0.003, 87.8, 21.655, 100, 0, 0, 141, 35.615, 35.615, 6, 0.815, 0, 97, 0, 0, 101, 76.572, 0, 0.3, 0, 0, 
10.9, 22.18, 100.44, 63.82, 64.483, , -2.376, 0.974, 1192.963, 1192.963, 0.279, -53.829, -53.829, -53.829, 3.071, 79.74, 35.596, 36.132, 7.377, 13.166, 0, 0, -10.487, -10.772, -10.487, -10.772, 1, 75.038, 75.038, 0.024, 0.032, -495.931, -509.331, -495.931, -509.331, 6.497, 7.377, 13.166, , , 1, 10.991, 0, 0, 12.497, 3.971, 131, 0, 0, 0, 57, 3.377, 3.161, 87.8, 21.727, 100, 0, 0, 35.518, 35.518, 6, 0.819, 97, 0, 0, 101, 76.452, 0, 0, 0, 0, 0, 14.1, 0, 12.497, 0, 3.971, 131, 0, 0, 0, 57, 1.024, 0.003, 0.003, 87.8, 21.727, 100, 0, 0, 141, 35.518, 35.518, 6, 0.819, 0, 97, 0, 0, 101, 76.452, 0, 0.3, 0, 0, 
10.95, 22.18, 100.44, 63.82, 64.482, , -2.398, 0.974, 1198.411, 1198.411, 0.165, -54.353, -54.353, -54.353, 4.312, 80.334, 35.493, 35.998, 7.377, 13.165, 0, 0, -10.575, -10.862, -10.575, -10.862, 1, 74.919, 74.919, 0.024, 0.032, -472.91, -485.688, -472.91, -485.688, 6.451, 7.377, 13.165, , , 1, 11.041, 0, 0, 12.508, 3.963, 131, 0, 0, 0, 57.079, 3.385, 3.159, 87.8, 21.828, 100, 0, 0, 35.461, 35.461, 6, 0.817, 97.079, 0, 0, 101.039, 76.283, 0, 0, 0, 0, 0, 14.1, 0, 12.508, 0, 3.963, 131, 0, 0, 0, 57.079, 1.024, 0.003, 0.003, 87.8, 21.828, 100, 0, 0, 141, 35.461, 35.461, 6, 0.817, 0, 97.079, 0, 0, 101.039, 76.283, 0, 0.3, 0, 0, 
11, 22.18, 100.44, 63.82, 64.481, , -2.301, 0.974, 1203.937, 1203.937, 0.05, -52.056, -52.056, -52.056, 6.573, 80.929, 35.382, 35.85, 7.377, 13.168, 0, 0, -10.112, -10.385, -10.112, -10.385, 1, 74.8, 74.8, 0.024, 0.032, -392.014, -402.608, -392.014, -402.608, 6.408, 7.377, 13.168, , , 1, 11.091, 0, 0, 12.518, 3.954, 131, 0, 0, 0, 57.175, 3.391, 3.158, 87.8, 21.934, 100, 0, 0, 35.412, 35.412, 6, 0.813, 97.175, 0, 0, 101.088, 76.104, 0, 0, 0, 0, 0, 14.1, 0, 12.518, 0, 3.954, 131, 0, 0, 0, 57.175, 1.024, 0.003, 0.003, 87.8, 21.934, 100, 0, 0, 141, 35.412, 35.412, 6, 0.813, 0, 97.175, 0, 0, 101.088, 76.104, 0, 0.3, 0, 0, 
11.05, 22.18, 100.44, 63.82, 64.481, , -2.168, 0.974, 1209.419, 1209.419, 0.145, -48.9, -48.9, -48.9, 9.78, 79.532, 35.271, 35.701, 7.377, 13.178, 0, 0, -9.484, -9.74, -9.484, -9.74, 1, 74.691, 74.691, 0.024, 0.032, -195.621, -200.909, -195.621, -200.909, 6.365, 7.377, 13.178, , , 1, 11.141, 0, 0, 12.527, 3.945, 131, 0, 0, 0, 57.271, 3.396, 3.157, 87.8, 22.041, 100, 0, 0, 35.364, 35.364, 6, 0.809, 97.271, 0, 0, 101.136, 75.926, 0, 0, 0, 0, 0, 14.1, 0, 12.527, 0, 3.945, 131, 0, 0, 0, 57.271, 1.024, 0.003, 0.003, 87.8, 22.041, 100, 0, 0, 141, 35.364, 35.364, 6, 0.809, 0, 97.271, 0, 0, 101.136, 75.926, 0, 0.3, 0, 0, 
11.1, 22.18, 100.44, 63.82, 64.48, , -2.081, 0.974, 1214.906, 1214.906, 0.405, -46.83, -46.83, -46.83, 13.474, 76.572, 35.16, 35.553, 7.377, 13.19, 0, 0, -9.069, -9.314, -9.069, -9.314, 1, 74.582, 74.582, 0.024, 0.032, -61.606, -63.272, -61.606, -63.272, 6.322, 7.377, 13.19, , , 1, 11.19, 0, 0, 12.537, 3.936, 131, 0, 0, 0, 57.367, 3.402, 3.156, 87.8, 22.148, 100, 0, 0, 35.316, 35.316, 6, 0.805, 97.367, 0, 0, 101.184, 75.747, 0, 0, 0, 0, 0, 14.1, 0, 12.537, 0, 3.936, 131, 0, 0, 0, 57.367, 1.024, 0.003, 0.003, 87.8, 22.148, 100, 0, 0, 141, 35.316, 35.316, 6, 0.805, 0, 97.367, 0, 0, 101.184, 75.747, 0, 0.3, 0, 0, 
11.15, 22.18, 100.44, 63.82, 64.479, , -1.979, 0.974, 1220.427, 1220.427, 0.664, -44.404, -44.404, -44.404, 17.121, 73.612, 35.064, 35.413, 7.377, 13.189, 0, 0, -8.588, -8.821, -8.588, -8.821, 1, 74.481, 74.481, 0.024, 0.032, -41.294, -42.412, -41.294, -42.412, 6.279, 7.377, 13.189, , , 1, 11.24, 0, 0, 12.546, 3.927, 131, 0, 0, 0, 57.463, 3.408, 3.155, 87.8, 22.254, 100, 0, 0, 35.268, 35.268, 6, 0.801, 97.463, 0, 0, 101.232, 75.568, 0, 0, 0, 0, 0, 14.1, 0, 12.546, 0, 3.927, 131, 0, 0, 0, 57.463, 1.024, 0.003, 0.003, 87.8, 22.254, 100, 0, 0, 141, 35.268, 35.268, 6, 0.801, 0, 97.463, 0, 0, 101.232, 75.568, 0, 0.3, 0, 0, 
11.2, 22.18, 100.44, 63.82, 64.478, , -1.886, 0.974, 1225.875, 1225.875, 0.924, -42.203, -42.203, -42.203, 20.813, 70.652, 35.1, 35.341, 7.377, 13.185, 0, 0, -8.152, -8.373, -8.152, -8.373, 1, 74.384, 74.384, 0.024, 0.032, -30.52, -31.345, -30.52, -31.345, 6.234, 7.377, 13.185, , , 1, 11.29, 0, 0, 12.544, 3.923, 131, 0, 0, 0, 57.435, 3.414, 3.154, 87.8, 22.319, 100, 0, 0, 35.218, 35.218, 6, 0.803, 97.435, 0, 0, 101.153, 75.46, 0, 0, 0, 0, 0, 14.1, 0, 12.544, 0, 3.923, 131, 0, 0, 0, 57.435, 1.024, 0.003, 0.003, 87.8, 22.319, 100, 0, 0, 141, 35.218, 35.218, 6, 0.803, 0, 97.435, 0, 0, 101.153, 75.46, 0, 0.3, 0, 0, 
11.25, 22.18, 100.44, 63.82, 64.477, , -1.939, 0.974, 1231.305, 1231.305, 1.183, -43.477, -43.477, -43.477, 24.523, 67.692, 35.136, 35.269, 7.377, 13.162, 0, 0, -8.386, -8.614, -8.386, -8.614, 1, 74.287, 74.287, 0.024, 0.032, -25.451, -26.138, -25.451, -26.138, 6.187, 7.377, 13.162, , , 1, 11.34, 0, 0, 12.533, 3.922, 131, 0, 0, 0, 57.331, 3.42, 3.153, 87.8, 22.357, 100, 0, 0, 35.166, 35.166, 6, 0.807, 97.331, 0, 0, 100.997, 75.395, 0, 0, 0, 0, 0, 14.1, 0, 12.533, 0, 3.922, 131, 0, 0, 0, 57.331, 1.024, 0.003, 0.003, 87.8, 22.357, 100, 0, 0, 141, 35.166, 35.166, 6, 0.807, 0, 97.331, 0, 0, 100.997, 75.395, 0, 0.3, 0, 0, 
11.3, 22.18, 100.44, 63.82, 64.477, , -2.051, 0.974, 1236.772, 1236.772, 1.442, -46.141, -46.141, -46.141, 28.215, 64.732, 35.172, 35.197, 7.378, 13.134, 0, 0, -8.887, -9.126, -8.887, -9.126, 1, 74.187, 74.187, 0.024, 0.032, -22.654, -23.266, -22.654, -23.266, 6.141, 7.378, 13.134, , , 1, 11.39, 0, 0, 12.523, 3.921, 131, 0, 0, 0, 57.227, 3.426, 3.152, 87.8, 22.396, 100, 0, 0, 35.114, 35.114, 6, 0.811, 97.227, 0, 0, 100.841, 75.331, 0, 0, 0, 0, 0, 14.1, 0, 12.523, 0, 3.921, 131, 0, 0, 0, 57.227, 1.024, 0.003, 0.003, 87.8, 22.396, 100, 0, 0, 141, 35.114, 35.114, 6, 0.811, 0, 97.227, 0, 0, 100.841, 75.331, 0, 0.3, 0, 0, 
11.35, 22.18, 100.44, 63.82, 64.476, , -2.268, 0.974, 1242.274, 1242.274, 1.702, -51.272, -51.272, -51.272, 31.92, 61.772, 35.208, 35.125, 7.378, 13.103, 0, 0, -9.859, -10.123, -9.859, -10.123, 1, 74.082, 74.082, 0.024, 0.032, -21.711, -22.297, -21.711, -22.297, 6.094, 7.378, 13.103, , , 1, 11.44, 0, 0, 12.512, 3.919, 131, 0, 0, 0, 57.123, 3.433, 3.151, 87.8, 22.435, 100, 0, 0, 35.061, 35.061, 6, 0.815, 97.123, 0, 0, 100.684, 75.266, 0, 0, 0, 0, 0, 14.1, 0, 12.512, 0, 3.919, 131, 0, 0, 0, 57.123, 1.024, 0.003, 0.003, 87.8, 22.435, 100, 0, 0, 141, 35.061, 35.061, 6, 0.815, 0, 97.123, 0, 0, 100.684, 75.266, 0, 0.3, 0, 0, 
11.4, 22.18, 100.44, 63.82, 64.475, , -2.619, 0.974, 1247.705, 1247.705, 1.961, -59.601, -59.601, -59.601, 35.646, 58.812, 35.247, 35.1, 7.379, 13.071, 0, 0, -11.44, -11.746, -11.44, -11.746, 1, 73.959, 73.959, 0.024, 0.032, -22.482, -23.088, -22.482, -23.088, 6.068, 7.379, 13.071, , , 1, 11.49, 0, 0, 12.502, 3.918, 131, 0, 0, 0, 57.019, 3.439, 3.15, 87.8, 22.473, 100, 0, 0, 35.009, 35.009, 6, 0.819, 97.019, 0, 0, 100.528, 75.202, 0, 0, 0, 0, 0, 14.1, 0, 12.502, 0, 3.918, 131, 0, 0, 0, 57.019, 1.024, 0.003, 0.003, 87.8, 22.473, 100, 0, 0, 141, 35.009, 35.009, 6, 0.819, 0, 97.019, 0, 0, 100.528, 75.202, 0, 0.3, 0, 0, 
11.45, 22.18, 100.44, 63.82, 64.474, , -3.079, 0.974, 1253.135, 1253.135, 2.221, -70.537, -70.537, -70.537, 39.399, 55.852, 35.319, 35.496, 7.379, 13.046, 0, 0, -13.512, -13.872, -13.512, -13.872, 1, 73.816, 73.816, 0.024, 0.032, -24.135, -24.785, -24.135, -24.785, 6.065, 7.379, 13.046, , , 1, 11.541, 0, 0.003, 12.484, 3.913, 131, 0, 0, 0, 57, 3.412, 3.134, 87.8, 22.359, 100, 0, 0, 34.918, 34.918, 5.836, 0.813, 96.754, 0, 0, 100.336, 75.087, 0, 0, 0, 0, 0, 14.1, 0.003, 12.484, 0, 3.913, 131, 0, 0, 0, 57, 1.024, 0.003, 0.003, 87.8, 22.359, 100, 0, 0, 141, 34.918, 34.918, 5.836, 0.813, 0, 96.754, 0, 0, 100.336, 75.087, 0, 0.3, 0, 0, 
11.5, 22.18, 100.44, 63.82, 64.474, , -3.327, 0.974, 1258.565, 1258.565, 2.48, -76.413, -76.413, -76.413, 43.187, 52.891, 35.391, 35.892, 7.38, 13.023, 0, 0, -14.608, -14.998, -14.608, -14.998, 1, 73.655, 73.655, 0.024, 0.032, -24.045, -24.692, -24.045, -24.692, 6.061, 7.38, 13.023, , , 1, 11.59, 0, 0.007, 12.464, 3.907, 131, 0, 0, 0, 57, 3.378, 3.114, 87.8, 22.211, 100, 0, 0, 34.818, 34.818, 5.636, 0.805, 96.454, 0, 0, 100.136, 74.961, 0, 0, 0, 0, 0, 14.1, 0.007, 12.464, 0, 3.907, 131, 0, 0, 0, 57, 1.024, 0.003, 0.003, 87.8, 22.211, 100, 0, 0, 141, 34.818, 34.818, 5.636, 0.805, 0, 96.454, 0, 0, 100.136, 74.961, 0, 0.3, 0, 0, 
11.55, 22.18, 100.44, 63.82, 64.473, , -3.458, 0.974, 1263.995, 1263.995, 2.739, -79.534, -79.534, -79.534, 46.993, 49.931, 35.463, 36.288, 7.38, 13.053, 0, 0, -15.174, -15.581, -15.174, -15.581, 1, 73.485, 73.485, 0.024, 0.032, -23.286, -23.913, -23.286, -23.913, 6.057, 7.38, 13.053, , , 1, 11.64, 0, 0.011, 12.444, 3.902, 131, 0, 0, 0, 57, 3.344, 3.094, 87.8, 22.063, 100, 0, 0, 34.718, 34.718, 5.436, 0.797, 96.154, 0, 0, 99.936, 74.835, 0, 0, 0, 0, 0, 14.1, 0.011, 12.444, 0, 3.902, 131, 0, 0, 0, 57, 1.024, 0.003, 0.003, 87.8, 22.063, 100, 0, 0, 141, 34.718, 34.718, 5.436, 0.797, 0, 96.154, 0, 0, 99.936, 74.835, 0, 0.3, 0, 0, 
11.6, 22.18, 100.44, 63.82, 64.472, , -3.611, 0.974, 1269.391, 1269.391, 2.999, -83.16, -83.16, -83.16, 50.216, 46.971, 35.535, 36.684, 7.379, 13.103, 0, 0, -15.83, -16.255, -15.83, -16.255, 1, 73.307, 73.307, 0.024, 0.032, -22.869, -23.485, -22.869, -23.485, 6.07, 7.379, 13.103, , , 1, 11.69, 0, 0.015, 12.424, 3.896, 131, 0, 0, 0, 57, 3.31, 3.074, 87.8, 21.915, 100, 0, 0, 34.618, 34.618, 5.236, 0.789, 95.854, 0, 0, 99.736, 74.709, 0, 0, 0, 0, 0, 14.1, 0.015, 12.424, 0, 3.896, 131, 0, 0, 0, 57, 1.024, 0.003, 0.003, 87.8, 21.915, 100, 0, 0, 141, 34.618, 34.618, 5.236, 0.789, 0, 95.854, 0, 0, 99.736, 74.709, 0, 0.3, 0, 0, 
11.65, 22.18, 100.44, 63.82, 64.471, , -3.678, 0.974, 1274.747, 1274.747, 3.258, -84.758, -84.758, -84.758, 52.487, 44.011, 35.614, 37.065, 7.379, 13.228, 0, 0, -16.094, -16.527, -16.094, -16.527, 1, 73.122, 73.122, 0.024, 0.032, -22.264, -22.864, -22.264, -22.864, 6.126, 7.379, 13.228, , , 1, 11.74, 0, 0.019, 12.404, 3.89, 131, 0, 0, 0, 57, 3.276, 3.054, 87.8, 21.767, 100, 0, 0, 34.518, 34.518, 5.036, 0.781, 95.554, 0, 0, 99.536, 74.583, 0, 0, 0, 0, 0, 14.1, 0.019, 12.404, 0, 3.89, 131, 0, 0, 0, 57, 1.024, 0.003, 0.003, 87.8, 21.767, 100, 0, 0, 141, 34.518, 34.518, 5.036, 0.781, 0, 95.554, 0, 0, 99.536, 74.583, 0, 0.3, 0, 0, 
11.7, 22.18, 100.44, 63.82, 64.471, , -3.622, 0.974, 1280.111, 1280.111, 3.518, -83.434, -83.434, -83.434, 53.697, 41.051, 35.758, 37.317, 7.378, 13.385, 0, 0, -15.801, -16.227, -15.801, -16.227, 1, 72.94, 72.94, 0.024, 0.032, -21.3, -21.875, -21.3, -21.875, 6.181, 7.378, 13.385, , , 1, 11.791, 0, 0.022, 12.384, 3.879, 131, 0, 0, 0, 56.672, 3.214, 3.006, 88.095, 21.497, 100, 0, 0, 34.5, 34.5, 4.836, 0.77, 95.418, 0, 0, 99.172, 74.458, 0, 0, 0, 0, 0, 14.1, 0.022, 12.384, 0, 3.879, 131, 0, 0, 0, 56.672, 1.024, 0.003, 0.003, 88.095, 21.497, 100, 0, 0, 141, 34.5, 34.5, 4.836, 0.77, 0, 95.418, 0, 0, 99.172, 74.458, 0, 0.3, 0, 0, 
11.75, 22.18, 100.44, 63.82, 64.47, , -3.594, 0.974, 1285.499, 1285.499, 3.777, -82.775, -82.775, -82.775, 52.645, 38.091, 35.902, 37.569, 7.378, 13.64, 0, 0, -15.636, -16.059, -15.636, -16.059, 1, 72.758, 72.758, 0.024, 0.031, -21.491, -22.071, -21.491, -22.071, 6.237, 7.378, 13.64, , , 1, 11.841, 0, 0.024, 12.364, 3.866, 131, 0, 0, 0, 56.272, 3.146, 2.952, 88.455, 21.201, 100, 0, 0, 34.5, 34.5, 4.636, 0.758, 95.318, 0, 0, 98.772, 74.334, 0, 0, 0, 0, 0, 14.1, 0.024, 12.364, 0, 3.866, 131, 0, 0, 0, 56.272, 1.024, 0.003, 0.003, 88.455, 21.201, 100, 0, 0, 141, 34.5, 34.5, 4.636, 0.758, 0, 95.318, 0, 0, 98.772, 74.334, 0, 0.3, 0, 0, 
11.8, 22.181, 100.44, 63.82, 64.47, , -3.74, 0.974, 1290.83, 1290.83, 3.577, -86.235, -86.235, -86.235, 45.023, 42.749, 36.046, 37.821, 7.377, 13.946, 0, 0, -16.248, -16.688, -16.248, -16.688, 1, 72.576, 72.576, 0.024, 0.031, -3636.885, -3735.14, -3636.885, -3735.14, 6.292, 7.377, 13.946, , , 1, 11.891, 0, 0.026, 12.344, 3.854, 131, 0, 0, 0, 55.872, 3.078, 2.898, 88.815, 20.905, 100, 0, 0, 34.5, 34.5, 4.436, 0.746, 95.218, 0, 0, 98.372, 74.21, 0, 0, 0, 0, 0, 14.1, 0.026, 12.344, 0, 3.854, 131, 0, 0, 0, 55.872, 1.024, 0.003, 0.003, 88.815, 20.905, 100, 0, 0, 141, 34.5, 34.5, 4.436, 0.746, 0, 95.218, 0, 0, 98.372, 74.21, 0, 0.3, 0, 0, 
11.85, 22.182, 100.44, 63.82, 64.47, , -3.891, 0.974, 1296.243, 1296.243, 3.203, -89.823, -89.823, -89.823, 34.799, 51.52, 36.19, 38.073, 7.377, 14.278, 0, 0, -16.877, -17.333, -16.877, -17.333, 1, 72.383, 72.383, 0.024, 0.031, -4094.014, -4204.619, -4094.014, -4204.619, 6.324, 7.377, 14.278, , , 1, 11.942, 0, 0.028, 12.324, 3.842, 131, 0, 0, 0, 55.472, 3.01, 2.844, 89.175, 20.609, 100, 0, 0, 34.5, 34.5, 4.236, 0.734, 95.118, 0, 0, 97.972, 74.086, 0, 0, 0, 0, 0, 14.1, 0.028, 12.324, 0, 3.842, 131, 0, 0, 0, 55.472, 1.024, 0.003, 0.003, 89.175, 20.609, 100, 0, 0, 141, 34.5, 34.5, 4.236, 0.734, 0, 95.118, 0, 0, 97.972, 74.086, 0, 0.3, 0, 0, 
11.9, 22.182, 100.44, 63.82, 64.47, , -3.891, 0.974, 1301.55, 1301.55, 2.915, -89.839, -89.839, -89.839, 25.356, 55.508, 36.277, 38.246, 7.377, 14.626, 0, 0, -16.835, -17.29, -16.835, -17.29, 1, 72.186, 72.186, 0.024, 0.031, -4133.04, -4244.701, -4133.04, -4244.701, 6.356, 7.377, 14.626, , , 1, 11.992, 0, 0.03, 12.304, 3.829, 131, 0, 0, 0, 55.072, 2.942, 2.79, 89.535, 20.313, 100, 0, 0, 34.5, 34.5, 4.036, 0.722, 95.018, 0, 0, 97.572, 73.962, 0, 0, 0, 0, 0, 14.1, 0.03, 12.304, 0, 3.829, 131, 0, 0, 0, 55.072, 1.024, 0.003, 0.003, 89.535, 20.313, 100, 0, 0, 141, 34.5, 34.5, 4.036, 0.722, 0, 95.018, 0, 0, 97.572, 73.962, 0, 0.3, 0, 0, 
11.95, 22.183, 100.44, 63.82, 64.47, , -3.979, 0.974, 1306.857, 1306.857, 2.309, -91.939, -91.939, -91.939, 16.739, 61.856, 35.845, 37.706, 7.377, 14.975, 0, 0, -17.181, -17.645, -17.181, -17.645, 1, 71.988, 71.988, 0.024, 0.031, -4160.227, -4272.623, -4160.227, -4272.623, 6.389, 7.377, 14.975, , , 1, 12.041, 0, 0.025, 12.3, 3.822, 131, 0, 0, 0, 54.83, 2.91, 2.76, 89.6, 20.01, 100, 0, 0, 34.33, 34.33, 4, 0.717, 94.915, 0, 0, 97.5, 73.729, 0, 0, 0, 0, 0, 14.1, 0.025, 12.3, 0, 3.822, 131, 0, 0, 0, 54.83, 1.024, 0.003, 0.003, 89.6, 20.01, 100, 0, 0, 141, 34.33, 34.33, 4, 0.717, 0, 94.915, 0, 0, 97.5, 73.729, 0, 0.3, 0, 0, 
12, 22.184, 100.44, 63.82, 64.47, , -4.074, 0.974, 1312.164, 1312.164, 0.803, -94.2, -94.2, -94.2, 8.802, 69.102, 35.413, 37.166, 7.377, 15.326, 0, 0, -17.556, -18.029, -17.556, -18.029, 1, 71.784, 71.784, 0.024, 0.031, -4178.903, -4291.804, -4178.903, -4291.804, 6.421, 7.377, 15.326, , , 1, 12.091, 0, 0.019, 12.3, 3.816, 131, 0, 0, 0, 54.622, 2.885, 2.735, 89.6, 19.705, 100, 0, 0, 34.122, 34.122, 4, 0.712, 94.811, 0, 0, 97.5, 73.472, 0, 0, 0, 0, 0, 14.1, 0.019, 12.3, 0, 3.816, 131, 0, 0, 0, 54.622, 1.024, 0.003, 0.003, 89.6, 19.705, 100, 0, 0, 141, 34.122, 34.122, 4, 0.712, 0, 94.811, 0, 0, 97.5, 73.472, 0, 0.3, 0, 0, 
12.05, 22.185, 100.44, 63.82, 64.47, , -4.004, 0.974, 1317.471, 1317.471, 0.11, -92.539, -92.539, -92.539, 7.637, 73.776, 34.981, 36.626, 7.377, 15.669, 0, 0, -17.203, -17.666, -17.203, -17.666, 1, 71.579, 71.579, 0.024, 0.031, -1750.024, -1797.307, -1750.024, -1797.307, 6.404, 7.377, 15.669, , , 1, 12.141, 0, 0.012, 12.3, 3.81, 131, 0, 0, 0, 54.415, 2.86, 2.71, 89.6, 19.4, 100, 0, 0, 33.915, 33.915, 4, 0.708, 94.707, 0, 0, 97.5, 73.215, 0, 0, 0, 0, 0, 14.1, 0.012, 12.3, 0, 3.81, 131, 0, 0, 0, 54.415, 1.024, 0.003, 0.003, 89.6, 19.4, 100, 0, 0, 141, 33.915, 33.915, 4, 0.708, 0, 94.707, 0, 0, 97.5, 73.215, 0, 0.3, 0, 0, 
12.1, 22.185, 100.44, 63.82, 64.47, , -3.863, 0.974, 1322.7, 1322.7, 0.305, -89.199, -89.199, -89.199, 10.393, 73.091, 34.549, 36.086, 7.377, 16.005, 0, 0, -16.536, -16.981, -16.536, -16.981, 1, 71.383, 71.383, 0.024, 0.031, -154.43, -158.604, -154.43, -158.604, 6.387, 7.377, 16.005, , , 1, 12.19, 0, 0.006, 12.3, 3.804, 131, 0, 0, 0, 54.207, 2.835, 2.685, 89.6, 19.095, 100, 0, 0, 33.707, 33.707, 4, 0.704, 94.604, 0, 0, 97.5, 72.957, 0, 0, 0, 0, 0, 14.1, 0.006, 12.3, 0, 3.804, 131, 0, 0, 0, 54.207, 1.024, 0.003, 0.003, 89.6, 19.095, 100, 0, 0, 141, 33.707, 33.707, 4, 0.704, 0, 94.604, 0, 0, 97.5, 72.957, 0, 0.3, 0, 0, 
12.15, 22.186, 100.44, 63.82, 64.47, , -3.922, 0.974, 1327.978, 1327.978, 0.501, -90.589, -90.589, -90.589, 13.217, 72.405, 34.146, 35.6, 7.377, 16.365, 0, 0, -16.745, -17.197, -16.745, -17.197, 1, 71.186, 71.186, 0.024, 0.031, -107.308, -110.208, -107.308, -110.208, 6.371, 7.377, 16.365, , , 1, 12.24, 0, 0, 12.3, 3.798, 131, 0, 0, 0, 54, 2.81, 2.66, 89.6, 18.79, 100, 0, 0, 33.5, 33.5, 4, 0.7, 94.5, 0, 0, 97.5, 72.7, 0, 0, 0, 0, 0, 14.1, 0, 12.3, 0, 3.798, 131, 0, 0, 0, 54, 1.024, 0.003, 0.003, 89.6, 18.79, 100, 0, 0, 141, 33.5, 33.5, 4, 0.7, 0, 94.5, 0, 0, 97.5, 72.7, 0, 0.3, 0, 0, 
12.2, 22.187, 100.44, 63.82, 64.47, , -3.734, 0.974, 1333.181, 1333.181, 0.697, -86.135, -86.135, -86.135, 16.04, 71.72, 34.002, 35.6, 7.377, 16.742, 0, 0, -15.883, -16.311, -15.883, -16.311, 1, 70.994, 70.994, 0.024, 0.031, -81.176, -83.37, -81.176, -83.37, 6.354, 7.377, 16.742, , , 1, 12.291, 0, 0, 12.3, 3.787, 131, 0, 0, 0, 54, 2.81, 2.648, 89.6, 18.79, 100, 0, 0, 33.4, 33.4, 4, 0.7, 94.5, 0, 0, 97.4, 72.576, 0, 0, 0, 0, 0, 14.1, 0, 12.3, 0, 3.787, 131, 0, 0, 0, 54, 1.024, 0.003, 0.003, 89.6, 18.79, 100, 0, 0, 141, 33.4, 33.4, 4, 0.7, 0, 94.5, 0, 0, 97.4, 72.576, 0, 0.3, 0, 0, 
12.25, 22.188, 100.44, 63.82, 64.47, , -3.609, 0.974, 1338.474, 1338.474, 0.893, -83.178, -83.178, -83.178, 18.846, 71.035, 33.858, 35.6, 7.377, 17.087, 0, 0, -15.293, -15.706, -15.293, -15.706, 1, 70.811, 70.811, 0.024, 0.031, -64.034, -65.763, -64.034, -65.763, 6.338, 7.377, 17.087, , , 1, 12.341, 0, 0, 12.3, 3.776, 131, 0, 0, 0, 54, 2.81, 2.636, 89.6, 18.79, 100, 0, 0, 33.301, 33.301, 4, 0.7, 94.5, 0, 0, 97.301, 72.453, 0, 0, 0, 0, 0, 14.1, 0, 12.3, 0, 3.776, 131, 0, 0, 0, 54, 1.024, 0.003, 0.003, 89.6, 18.79, 100, 0, 0, 141, 33.301, 33.301, 4, 0.7, 0, 94.5, 0, 0, 97.301, 72.453, 0, 0.3, 0, 0, 
12.3, 22.189, 100.44, 63.82, 64.47, , -3.746, 0.974, 1343.663, 1343.663, 1.089, -86.432, -86.432, -86.432, 21.667, 70.349, 33.714, 35.6, 7.377, 17.405, 0, 0, -15.846, -16.275, -15.846, -16.275, 1, 70.627, 70.627, 0.024, 0.031, -56.234, -57.751, -56.234, -57.751, 6.322, 7.377, 17.405, , , 1, 12.391, 0, 0, 12.3, 3.765, 131, 0, 0, 0, 54, 2.81, 2.624, 89.6, 18.79, 100, 0, 0, 33.201, 33.201, 4, 0.7, 94.5, 0, 0, 97.201, 72.329, 0, 0, 0, 0, 0, 14.1, 0, 12.3, 0, 3.765, 131, 0, 0, 0, 54, 1.024, 0.003, 0.003, 89.6, 18.79, 100, 0, 0, 141, 33.201, 33.201, 4, 0.7, 0, 94.5, 0, 0, 97.201, 72.329, 0, 0.3, 0, 0, 
12.35, 22.189, 100.44, 63.82, 64.47, , -3.878, 0.974, 1348.852, 1348.852, 1.284, -89.583, -89.583, -89.583, 24.512, 69.664, 33.57, 35.6, 7.377, 17.624, 0, 0, -16.38, -16.823, -16.38, -16.823, 1, 70.436, 70.436, 0.024, 0.031, -51.362, -52.748, -51.362, -52.748, 6.305, 7.377, 17.624, , , 1, 12.44, 0, 0, 12.3, 3.753, 131, 0, 0, 0, 54, 2.81, 2.612, 89.6, 18.79, 100, 0, 0, 33.102, 33.102, 4, 0.7, 94.5, 0, 0, 97.102, 72.206, 0, 0, 0, 0, 0, 14.1, 0, 12.3, 0, 3.753, 131, 0, 0, 0, 54, 1.024, 0.003, 0.003, 89.6, 18.79, 100, 0, 0, 141, 33.102, 33.102, 4, 0.7, 0, 94.5, 0, 0, 97.102, 72.206, 0, 0.3, 0, 0, 
12.4, 22.19, 100.44, 63.82, 64.47, , -3.842, 0.974, 1354.041, 1354.041, 1.48, -88.731, -88.731, -88.731, 27.378, 68.978, 33.472, 35.596, 7.377, 17.759, 0, 0, -16.179, -16.617, -16.179, -16.617, 1, 70.24, 70.24, 0.024, 0.031, -45.132, -46.35, -45.132, -46.35, 6.289, 7.377, 17.759, , , 1, 12.49, 0, 0, 12.3, 3.742, 131, 0, 0, 0, 54, 2.81, 2.6, 89.6, 18.79, 100, 0, 0, 33.002, 33.002, 4, 0.7, 94.5, 0, 0, 97.002, 72.082, 0, 0, 0, 0, 0, 14.1, 0, 12.3, 0, 3.742, 131, 0, 0, 0, 54, 1.024, 0.003, 0.003, 89.6, 18.79, 100, 0, 0, 141, 33.002, 33.002, 4, 0.7, 0, 94.5, 0, 0, 97.002, 72.082, 0, 0.3, 0, 0, 
12.45, 22.191, 100.44, 63.82, 64.47, , -3.82, 0.974, 1359.229, 1359.229, 1.676, -88.204, -88.204, -88.204, 30.268, 68.293, 33.796, 35.56, 7.377, 17.79, 0, 0, -16.041, -16.475, -16.041, -16.475, 1, 70.049, 70.049, 0.024, 0.031, -40.542, -41.635, -40.542, -41.635, 6.28, 7.377, 17.79, , , 1, 12.54, 0, 0, 12.3, 3.736, 131, 0, 0, 0, 54, 2.861, 2.643, 89.6, 18.863, 100, 0, 0, 33, 33, 4, 0.7, 94.5, 0, 0, 97, 71.837, 0, 0, 0, 0, 0, 14.1, 0, 12.3, 0, 3.736, 131, 0, 0, 0, 54, 1.024, 0.003, 0.003, 89.6, 18.863, 100, 0, 0, 141, 33, 33, 4, 0.7, 0, 94.5, 0, 0, 97, 71.837, 0, 0.3, 0, 0, 
12.5, 22.192, 100.44, 63.82, 64.47, , -3.857, 0.974, 1364.351, 1364.351, 1.872, -89.102, -89.102, -89.102, 33.188, 67.607, 34.12, 35.524, 7.377, 17.725, 0, 0, -16.167, -16.604, -16.167, -16.604, 1, 69.853, 69.853, 0.024, 0.032, -37.768, -38.786, -37.768, -38.786, 6.277, 7.377, 17.725, , , 1, 12.591, 0, 0, 12.3, 3.73, 131, 0, 0, 0, 54, 2.913, 2.687, 89.6, 18.937, 100, 0, 0, 33, 33, 4, 0.7, 94.5, 0, 0, 97, 71.589, 0, 0, 0, 0, 0, 14.1, 0, 12.3, 0, 3.73, 131, 0, 0, 0, 54, 1.024, 0.003, 0.003, 89.6, 18.937, 100, 0, 0, 141, 33, 33, 4, 0.7, 0, 94.5, 0, 0, 97, 71.589, 0, 0.3, 0, 0, 
12.55, 22.192, 100.44, 63.82, 64.47, , -3.767, 0.974, 1369.503, 1369.503, 2.067, -86.971, -86.971, -86.971, 36.119, 66.922, 34.444, 35.488, 7.377, 17.643, 0, 0, -15.735, -16.161, -15.735, -16.161, 1, 69.659, 69.659, 0.024, 0.032, -33.691, -34.601, -33.691, -34.601, 6.274, 7.377, 17.643, , , 1, 12.641, 0, 0, 12.3, 3.724, 131, 0, 0, 0, 54, 2.965, 2.731, 89.6, 19.011, 100, 0, 0, 33, 33, 4, 0.7, 94.5, 0, 0, 97, 71.341, 0, 0, 0, 0, 0, 14.1, 0, 12.3, 0, 3.724, 131, 0, 0, 0, 54, 1.024, 0.003, 0.003, 89.6, 19.011, 100, 0, 0, 141, 33, 33, 4, 0.7, 0, 94.5, 0, 0, 97, 71.341, 0, 0.3, 0, 0, 
12.6, 22.193, 100.44, 63.82, 64.47, , -3.68, 0.974, 1374.604, 1374.604, 2.263, -84.918, -84.918, -84.918, 39.045, 66.237, 34.768, 35.452, 7.377, 17.544, 0, 0, -15.32, -15.736, -15.32, -15.736, 1, 69.473, 69.473, 0.024, 0.032, -30.192, -31.007, -30.192, -31.007, 6.271, 7.377, 17.544, , , 1, 12.69, 0, 0, 12.3, 3.717, 131, 0, 0, 0, 54, 3.017, 2.775, 89.6, 19.085, 100, 0, 0, 33, 33, 4, 0.7, 94.5, 0, 0, 97, 71.093, 0, 0, 0, 0, 0, 14.1, 0, 12.3, 0, 3.717, 131, 0, 0, 0, 54, 1.024, 0.003, 0.003, 89.6, 19.085, 100, 0, 0, 141, 33, 33, 4, 0.7, 0, 94.5, 0, 0, 97, 71.093, 0, 0.3, 0, 0, 
12.65, 22.194, 100.44, 63.82, 64.47, , -3.612, 0.974, 1379.777, 1379.777, 2.459, -83.287, -83.287, -83.287, 42.005, 65.551, 35.067, 35.445, 7.377, 17.482, 0, 0, -14.983, -15.389, -14.983, -15.389, 1, 69.289, 69.289, 0.024, 0.032, -27.297, -28.033, -27.297, -28.033, 6.272, 7.377, 17.482, , , 1, 12.74, 0, 0, 12.3, 3.711, 131, 0, 0, 0, 54, 3.069, 2.819, 89.6, 19.159, 100, 0, 0, 33, 33, 4, 0.7, 94.5, 0, 0, 97, 70.845, 0, 0, 0, 0, 0, 14.1, 0, 12.3, 0, 3.711, 131, 0, 0, 0, 54, 1.024, 0.003, 0.003, 89.6, 19.159, 100, 0, 0, 141, 33, 33, 4, 0.7, 0, 94.5, 0, 0, 97, 70.845, 0, 0.3, 0, 0, 
12.7, 22.195, 100.44, 63.82, 64.47, , -3.512, 0.974, 1384.858, 1384.858, 2.655, -80.924, -80.924, -80.924, 44.952, 64.866, 35.139, 35.697, 7.377, 17.458, 0, 0, -14.524, -14.917, -14.524, -14.917, 1, 69.11, 69.11, 0.024, 0.032, -24.891, -25.563, -24.891, -25.563, 6.278, 7.377, 17.458, , , 1, 12.79, 0, 0, 12.3, 3.7, 131, 0, 0, 0, 54, 3.07, 2.818, 89.6, 19.228, 100, 0, 0, 32.905, 32.905, 4, 0.7, 94.405, 0, 0, 96.905, 70.72, 0, 0, 0, 0, 0, 14.1, 0, 12.3, 0, 3.7, 131, 0, 0, 0, 54, 1.024, 0.003, 0.003, 89.6, 19.228, 100, 0, 0, 141, 32.905, 32.905, 4, 0.7, 0, 94.405, 0, 0, 96.905, 70.72, 0, 0.3, 0, 0, 
12.75, 22.195, 100.44, 63.82, 64.47, , -3.59, 0.974, 1389.934, 1389.934, 2.851, -82.786, -82.786, -82.786, 47.776, 64.18, 35.211, 35.949, 7.377, 17.463, 0, 0, -14.818, -15.218, -14.818, -15.218, 1, 68.933, 68.933, 0.024, 0.032, -23.837, -24.482, -23.837, -24.482, 6.284, 7.377, 17.463, , , 1, 12.841, 0, 0, 12.3, 3.688, 131, 0, 0, 0, 54, 3.07, 2.816, 89.6, 19.298, 100, 0, 0, 32.808, 32.808, 4, 0.7, 94.308, 0, 0, 96.808, 70.598, 0, 0, 0, 0, 0, 14.1, 0, 12.3, 0, 3.688, 131, 0, 0, 0, 54, 1.024, 0.003, 0.003, 89.6, 19.298, 100, 0, 0, 141, 32.808, 32.808, 4, 0.7, 0, 94.308, 0, 0, 96.808, 70.598, 0, 0.3, 0, 0, 
12.8, 22.196, 100.44, 63.82, 64.47, , -3.566, 0.974, 1395.01, 1395.01, 3.046, -82.208, -82.208, -82.208, 50.048, 63.495, 35.283, 36.201, 7.377, 17.506, 0, 0, -14.679, -15.074, -14.679, -15.074, 1, 68.752, 68.752, 0.024, 0.032, -22.567, -23.178, -22.567, -23.178, 6.291, 7.377, 17.506, , , 1, 12.892, 0, 0, 12.3, 3.677, 131, 0, 0, 0, 54, 3.07, 2.814, 89.6, 19.368, 100, 0, 0, 32.711, 32.711, 4, 0.7, 94.211, 0, 0, 96.711, 70.476, 0, 0, 0, 0, 0, 14.1, 0, 12.3, 0, 3.677, 131, 0, 0, 0, 54, 1.024, 0.003, 0.003, 89.6, 19.368, 100, 0, 0, 141, 32.711, 32.711, 4, 0.7, 0, 94.211, 0, 0, 96.711, 70.476, 0, 0.3, 0, 0, 
12.85, 22.197, 100.44, 63.82, 64.47, , -3.347, 0.974, 1400.086, 1400.086, 3.242, -77.033, -77.033, -77.033, 51.564, 62.81, 35.355, 36.453, 7.377, 17.535, 0, 0, -13.722, -14.091, -13.722, -14.091, 1, 68.578, 68.578, 0.024, 0.032, -20.447, -21, -20.447, -21, 6.298, 7.377, 17.535, , , 1, 12.943, 0, 0, 12.3, 3.665, 131, 0, 0, 0, 54, 3.07, 2.812, 89.6, 19.438, 100, 0, 0, 32.614, 32.614, 4, 0.7, 94.114, 0, 0, 96.614, 70.354, 0, 0, 0, 0, 0, 14.1, 0, 12.3, 0, 3.665, 131, 0, 0, 0, 54, 1.024, 0.003, 0.003, 89.6, 19.438, 100, 0, 0, 141, 32.614, 32.614, 4, 0.7, 0, 94.114, 0, 0, 96.614, 70.354, 0, 0.3, 0, 0, 
12.9, 22.198, 100.44, 63.82, 64.47, , -3.226, 0.974, 1405.124, 1405.124, 3.438, -74.155, -74.155, -74.155, 52.322, 62.124, 35.434, 36.669, 7.377, 17.548, 0, 0, -13.177, -13.531, -13.177, -13.531, 1, 68.411, 68.411, 0.024, 0.032, -19.33, -19.852, -19.33, -19.852, 6.314, 7.377, 17.548, , , 1, 12.992, 0, 0, 12.3, 3.654, 131, 0, 0, 0, 54, 3.07, 2.81, 89.6, 19.507, 100, 0, 0, 32.517, 32.517, 4, 0.7, 94.017, 0, 0, 96.517, 70.232, 0, 0, 0, 0, 0, 14.1, 0, 12.3, 0, 3.654, 131, 0, 0, 0, 54, 1.024, 0.003, 0.003, 89.6, 19.507, 100, 0, 0, 141, 32.517, 32.517, 4, 0.7, 0, 94.017, 0, 0, 96.517, 70.232, 0, 0.3, 0, 0, 
12.95, 22.198, 100.44, 63.82, 64.47, , -3.216, 0.974, 1410.137, 1410.137, 3.634, -73.936, -73.936, -73.936, 52.32, 61.439, 35.578, 36.561, 7.377, 17.552, 0, 0, -13.105, -13.458, -13.105, -13.458, 1, 68.255, 68.255, 0.024, 0.032, -19.267, -19.788, -19.267, -19.788, 6.33, 7.377, 17.552, , , 1, 13.04, 0, 0, 12.317, 3.647, 131, 0, 0, 0, 54.169, 3.082, 2.842, 89.6, 19.707, 100, 0, 0, 32.416, 32.416, 4, 0.703, 94, 0, 0, 96.5, 70.001, 0, 0, 0, 0, 0, 14.1, 0, 12.317, 0, 3.647, 131, 0, 0, 0, 54.169, 1.024, 0.003, 0.003, 89.6, 19.707, 100, 0, 0, 141, 32.416, 32.416, 4, 0.703, 0, 94, 0, 0, 96.5, 70.001, 0, 0.3, 0, 0, 
13, 22.199, 100.44, 63.82, 64.47, , -3.263, 0.974, 1415.159, 1415.159, 3.726, -75.046, -75.046, -75.046, 51.543, 61.173, 35.722, 36.453, 7.377, 17.542, 0, 0, -13.267, -13.625, -13.267, -13.625, 1, 68.09, 68.09, 0.024, 0.032, -19.918, -20.457, -19.918, -20.457, 6.345, 7.377, 17.542, , , 1, 13.09, 0, 0, 12.337, 3.64, 131, 0, 0, 0, 54.374, 3.096, 2.881, 89.6, 19.936, 100, 0, 0, 32.313, 32.313, 4, 0.707, 94, 0, 0, 96.5, 69.746, 0, 0, 0, 0, 0, 14.1, 0, 12.337, 0, 3.64, 131, 0, 0, 0, 54.374, 1.024, 0.003, 0.003, 89.6, 19.936, 100, 0, 0, 141, 32.313, 32.313, 4, 0.707, 0, 94, 0, 0, 96.5, 69.746, 0, 0.3, 0, 0, 
13.05, 22.2, 100.44, 63.82, 64.47, , -3.216, 0.974, 1420.188, 1420.188, 3.634, -73.945, -73.945, -73.945, 50.314, 61.653, 35.866, 36.345, 7.377, 17.53, 0, 0, -13.037, -13.388, -13.037, -13.388, 1, 67.927, 67.927, 0.024, 0.032, -20.151, -20.696, -20.151, -20.696, 6.361, 7.377, 17.53, , , 1, 13.14, 0, 0, 12.358, 3.633, 131, 0, 0, 0, 54.58, 3.111, 2.92, 89.6, 20.164, 100, 0, 0, 32.21, 32.21, 4, 0.712, 94, 0, 0, 96.5, 69.49, 0, 0, 0, 0, 0, 14.1, 0, 12.358, 0, 3.633, 131, 0, 0, 0, 54.58, 1.024, 0.003, 0.003, 89.6, 20.164, 100, 0, 0, 141, 32.21, 32.21, 4, 0.712, 0, 94, 0, 0, 96.5, 69.49, 0, 0.3, 0, 0, 
13.1, 22.2, 100.44, 63.82, 64.471, , -3.226, 0.974, 1425.195, 1425.195, 3.542, -74.179, -74.179, -74.179, 49.068, 62.133, 36.01, 36.237, 7.377, 17.513, 0, 0, -13.05, -13.4, -13.05, -13.4, 1, 67.767, 67.767, 0.024, 0.032, -20.685, -21.244, -20.685, -21.244, 6.348, 7.377, 17.513, , , 1, 13.191, 0, 0, 12.379, 3.627, 131, 0, 0, 0, 54.786, 3.125, 2.959, 89.6, 20.392, 100, 0, 0, 32.107, 32.107, 4, 0.716, 94, 0, 0, 96.5, 69.235, 0, 0, 0, 0, 0, 14.1, 0, 12.379, 0, 3.627, 131, 0, 0, 0, 54.786, 1.024, 0.003, 0.003, 89.6, 20.392, 100, 0, 0, 141, 32.107, 32.107, 4, 0.716, 0, 94, 0, 0, 96.5, 69.235, 0, 0.3, 0, 0, 
13.15, 22.2, 100.44, 63.82, 64.471, , -3.309, 0.974, 1430.163, 1430.163, 3.449, -76.154, -76.154, -76.154, 47.803, 62.612, 36.118, 36.129, 7.377, 17.502, 0, 0, -13.368, -13.726, -13.368, -13.726, 1, 67.602, 67.602, 0.024, 0.032, -21.749, -22.337, -21.749, -22.337, 6.332, 7.377, 17.502, , , 1, 13.241, 0, 0, 12.399, 3.62, 131, 0, 0, 0, 54.992, 3.139, 2.998, 89.6, 20.621, 100, 0, 0, 32.004, 32.004, 4, 0.72, 94, 0, 0, 96.5, 68.98, 0, 0, 0, 0, 0, 14.1, 0, 12.399, 0, 3.62, 131, 0, 0, 0, 54.992, 1.024, 0.003, 0.003, 89.6, 20.621, 100, 0, 0, 141, 32.004, 32.004, 4, 0.72, 0, 94, 0, 0, 96.5, 68.98, 0, 0.3, 0, 0, 
13.2, 22.2, 100.44, 63.82, 64.472, , -3.329, 0.974, 1435.131, 1435.131, 3.357, -76.621, -76.621, -76.621, 46.55, 63.092, 35.902, 36.021, 7.377, 17.503, 0, 0, -13.417, -13.777, -13.417, -13.777, 1, 67.434, 67.434, 0.024, 0.032, -22.45, -23.057, -22.45, -23.057, 6.316, 7.377, 17.503, , , 1, 13.291, 0, 0, 12.4, 3.608, 131, 0, 0, 0, 55, 3.147, 2.996, 89.6, 20.698, 100, 0, 0, 32, 32, 4, 0.72, 93.908, 0, 0, 96.5, 68.856, 0, 0, 0, 0, 0, 14.1, 0, 12.4, 0, 3.608, 131, 0, 0, 0, 55, 1.024, 0.003, 0.003, 89.6, 20.698, 100, 0, 0, 141, 32, 32, 4, 0.72, 0, 93.908, 0, 0, 96.5, 68.856, 0, 0.3, 0, 0, 
13.25, 22.2, 100.44, 63.82, 64.473, , -3.257, 0.974, 1440.099, 1440.099, 3.265, -74.927, -74.927, -74.927, 45.285, 63.572, 35.686, 35.913, 7.377, 17.504, 0, 0, -13.09, -13.441, -13.09, -13.441, 1, 67.267, 67.267, 0.024, 0.032, -22.541, -23.15, -22.541, -23.15, 6.3, 7.377, 17.504, , , 1, 13.342, 0, 0, 12.4, 3.596, 131, 0, 0, 0, 55, 3.155, 2.992, 89.6, 20.769, 100, 0, 0, 32, 32, 4, 0.72, 93.812, 0, 0, 96.5, 68.736, 0, 0, 0, 0, 0, 14.1, 0, 12.4, 0, 3.596, 131, 0, 0, 0, 55, 1.024, 0.003, 0.003, 89.6, 20.769, 100, 0, 0, 141, 32, 32, 4, 0.72, 0, 93.812, 0, 0, 96.5, 68.736, 0, 0.3, 0, 0, 
13.3, 22.2, 100.44, 63.82, 64.474, , -3.049, 0.974, 1445.067, 1445.067, 3.173, -69.988, -69.988, -69.988, 44.019, 64.052, 35.47, 35.805, 7.377, 17.505, 0, 0, -12.196, -12.524, -12.196, -12.524, 1, 67.109, 67.109, 0.024, 0.032, -21.685, -22.271, -21.685, -22.271, 6.278, 7.377, 17.505, , , 1, 13.39, 0, 0, 12.4, 3.584, 131, 0, 0, 0, 55, 3.163, 2.989, 89.6, 20.841, 100, 0, 0, 32, 32, 4, 0.72, 93.715, 0, 0, 96.5, 68.617, 0, 0, 0, 0, 0, 14.1, 0, 12.4, 0, 3.584, 131, 0, 0, 0, 55, 1.024, 0.003, 0.003, 89.6, 20.841, 100, 0, 0, 141, 32, 32, 4, 0.72, 0, 93.715, 0, 0, 96.5, 68.617, 0, 0.3, 0, 0, 
13.35, 22.2, 100.44, 63.82, 64.475, , -2.935, 0.974, 1450.035, 1450.035, 3.081, -67.295, -67.295, -67.295, 42.743, 64.532, 35.254, 35.697, 7.377, 17.506, 0, 0, -11.702, -12.017, -11.702, -12.017, 1, 66.96, 66.96, 0.024, 0.032, -21.457, -22.037, -21.457, -22.037, 6.253, 7.377, 17.506, , , 1, 13.44, 0, 0, 12.4, 3.571, 131, 0, 0, 0, 55, 3.17, 2.985, 89.6, 20.912, 100, 0, 0, 32, 32, 4, 0.72, 93.619, 0, 0, 96.5, 68.498, 0, 0, 0, 0, 0, 14.1, 0, 12.4, 0, 3.571, 131, 0, 0, 0, 55, 1.024, 0.003, 0.003, 89.6, 20.912, 100, 0, 0, 141, 32, 32, 4, 0.72, 0, 93.619, 0, 0, 96.5, 68.498, 0, 0.3, 0, 0, 
13.4, 22.2, 100.44, 63.82, 64.475, , -2.83, 0.974, 1454.904, 1454.904, 2.989, -64.799, -64.799, -64.799, 41.441, 65.012, 35.046, 35.6, 7.377, 17.507, 0, 0, -11.246, -11.55, -11.246, -11.55, 1, 66.814, 66.814, 0.024, 0.032, -21.218, -21.793, -21.218, -21.793, 6.228, 7.377, 17.507, , , 1, 13.49, 0, 0, 12.4, 3.559, 131, 0, 0, 0, 55, 3.178, 2.981, 89.6, 20.983, 100, 0, 0, 32, 32, 4, 0.72, 93.523, 0, 0, 96.5, 68.379, 0, 0, 0, 0, 0, 14.1, 0, 12.4, 0, 3.559, 131, 0, 0, 0, 55, 1.024, 0.003, 0.003, 89.6, 20.983, 100, 0, 0, 141, 32, 32, 4, 0.72, 0, 93.523, 0, 0, 96.5, 68.379, 0, 0.3, 0, 0, 
13.45, 22.2, 100.44, 63.82, 64.476, , -2.703, 0.974, 1459.861, 1459.861, 2.897, -61.795, -61.795, -61.795, 40.139, 65.492, 34.902, 35.6, 7.377, 17.508, 0, 0, -10.7, -10.991, -10.7, -10.991, 1, 66.675, 66.675, 0.024, 0.032, -20.968, -21.536, -20.968, -21.536, 6.203, 7.377, 17.508, , , 1, 13.54, 0, 0, 12.429, 3.549, 131, 0, 0, 0, 55, 3.196, 2.989, 89.6, 21.054, 100, 0, 0, 32, 32, 4.147, 0.723, 93.5, 0, 0, 96.426, 68.259, 0, 0, 0, 0, 0, 14.1, 0, 12.429, 0, 3.549, 131, 0, 0, 0, 55, 1.024, 0.003, 0.003, 89.6, 21.054, 100, 0, 0, 141, 32, 32, 4.147, 0.723, 0, 93.5, 0, 0, 96.426, 68.259, 0, 0.3, 0, 0, 
13.5, 22.2, 100.44, 63.82, 64.477, , -2.778, 0.974, 1464.741, 1464.741, 2.805, -63.573, -63.573, -63.573, 38.825, 65.972, 34.758, 35.6, 7.377, 17.508, 0, 0, -10.98, -11.278, -10.98, -11.278, 1, 66.535, 66.535, 0.024, 0.032, -22.484, -23.092, -22.484, -23.092, 6.181, 7.377, 17.508, , , 1, 13.59, 0, 0, 12.468, 3.54, 131, 0, 0, 0, 55, 3.218, 3, 89.6, 21.126, 100, 0, 0, 32, 32, 4.341, 0.727, 93.5, 0, 0, 96.329, 68.139, 0, 0, 0, 0, 0, 14.1, 0, 12.468, 0, 3.54, 131, 0, 0, 0, 55, 1.024, 0.003, 0.003, 89.6, 21.126, 100, 0, 0, 141, 32, 32, 4.341, 0.727, 0, 93.5, 0, 0, 96.329, 68.139, 0, 0.3, 0, 0, 
13.55, 22.2, 100.44, 63.82, 64.478, , -2.756, 0.974, 1469.688, 1469.688, 2.712, -63.072, -63.072, -63.072, 37.512, 66.452, 34.614, 35.6, 7.377, 17.508, 0, 0, -10.87, -11.166, -10.87, -11.166, 1, 66.396, 66.396, 0.024, 0.032, -23.103, -23.727, -23.103, -23.727, 6.167, 7.377, 17.508, , , 1, 13.64, 0, 0, 12.507, 3.531, 131, 0, 0, 0, 55, 3.239, 3.012, 89.6, 21.198, 100, 0, 0, 32, 32, 4.535, 0.731, 93.5, 0, 0, 96.233, 68.018, 0, 0, 0, 0, 0, 14.1, 0, 12.507, 0, 3.531, 131, 0, 0, 0, 55, 1.024, 0.003, 0.003, 89.6, 21.198, 100, 0, 0, 141, 32, 32, 4.535, 0.731, 0, 93.5, 0, 0, 96.233, 68.018, 0, 0.3, 0, 0, 
13.6, 22.2, 100.44, 63.82, 64.478, , -2.691, 0.974, 1473.969, 1473.969, 2.62, -61.531, -61.531, -61.531, 36.673, 66.932, 34.47, 35.6, 7.377, 17.509, 0, 0, -10.587, -10.876, -10.587, -10.876, 1, 66.308, 66.308, 0.024, 0.031, -23.171, -23.796, -23.171, -23.796, 6.152, 7.377, 17.509, , , 1, 13.69, 0, 0, 12.546, 3.522, 131, 0, 0, 0, 55, 3.26, 3.024, 89.6, 21.27, 100, 0, 0, 32, 32, 4.729, 0.735, 93.5, 0, 0, 96.136, 67.898, 0, 0, 0, 0, 0, 14.1, 0, 12.546, 0, 3.522, 131, 0, 0, 0, 55, 1.024, 0.003, 0.003, 89.6, 21.27, 100, 0, 0, 141, 32, 32, 4.729, 0.735, 0, 93.5, 0, 0, 96.136, 67.898, 0, 0.3, 0, 0, 
13.65, 22.2, 100.44, 63.82, 64.479, , -2.708, 0.974, 1477.082, 1477.082, 2.528, -61.939, -61.939, -61.939, 35.509, 67.411, 34.34, 35.589, 7.377, 17.509, 0, 0, -10.644, -10.936, -10.644, -10.936, 1, 66.189, 66.189, 0.024, 0.031, -23.806, -24.448, -23.806, -24.448, 6.137, 7.377, 17.509, , , 1, 13.74, 0, 0, 12.584, 3.513, 131, 0, 0, 0, 55, 3.281, 3.035, 89.6, 21.341, 100, 0, 0, 32, 32, 4.922, 0.738, 93.5, 0, 0, 96.039, 67.778, 0, 0, 0, 0, 0, 14.1, 0, 12.584, 0, 3.513, 131, 0, 0, 0, 55, 1.024, 0.003, 0.003, 89.6, 21.341, 100, 0, 0, 141, 32, 32, 4.922, 0.738, 0, 93.5, 0, 0, 96.039, 67.778, 0, 0.3, 0, 0, 
13.7, 22.2, 100.44, 63.82, 64.48, , -2.717, 0.974, 1481.947, 1481.947, 2.436, -62.146, -62.146, -62.146, 34.181, 67.891, 34.34, 35.481, 7.377, 17.51, 0, 0, -10.66, -10.953, -10.66, -10.953, 1, 66.052, 66.052, 0.024, 0.031, -24.704, -25.369, -24.704, -25.369, 6.117, 7.377, 17.51, , , 1, 13.79, 0, 0, 12.606, 3.503, 131.115, 0, 0, 0, 55, 3.291, 3.043, 89.6, 21.541, 100, 0, 0, 32.029, 32, 5, 0.74, 93.442, 0, 0, 95.971, 67.551, 0, 0, 0, 0, 0, 14.1, 0, 12.606, 0, 3.503, 131.115, 0, 0, 0, 55, 1.024, 0.003, 0.003, 89.6, 21.541, 100, 0, 0, 141, 32.029, 32, 5, 0.74, 0, 93.442, 0, 0, 95.971, 67.551, 0, 0.294, 0, 0, 
13.75, 22.2, 100.44, 63.82, 64.481, , -2.666, 0.974, 1486.811, 1486.811, 2.344, -60.928, -60.928, -60.928, 32.85, 68.371, 34.34, 35.373, 7.377, 17.51, 0, 0, -10.43, -10.715, -10.43, -10.715, 1, 65.914, 65.914, 0.024, 0.031, -25.26, -25.94, -25.26, -25.94, 6.085, 7.377, 17.51, , , 1, 13.84, 0, 0, 12.615, 3.492, 131.308, 0, 0, 0, 55, 3.292, 3.049, 89.6, 21.825, 100, 0, 0, 32.077, 32, 5, 0.74, 93.346, 0, 0, 95.923, 67.253, 0, 0, 0, 0, 0, 14.1, 0, 12.615, 0, 3.492, 131.308, 0, 0, 0, 55, 1.024, 0.003, 0.003, 89.6, 21.825, 100, 0, 0, 141, 32.077, 32, 5, 0.74, 0, 93.346, 0, 0, 95.923, 67.253, 0, 0.285, 0, 0, 
13.8, 22.2, 100.44, 63.82, 64.481, , -2.487, 0.974, 1491.676, 1491.676, 2.252, -56.696, -56.696, -56.696, 31.502, 68.851, 34.34, 35.265, 7.377, 17.511, 0, 0, -9.684, -9.949, -9.684, -9.949, 1, 65.786, 65.786, 0.024, 0.031, -24.666, -25.331, -24.666, -25.331, 6.054, 7.377, 17.511, , , 1, 13.89, 0, 0, 12.625, 3.481, 131.5, 0, 0, 0, 55, 3.292, 3.055, 89.6, 22.11, 100, 0, 0, 32.125, 32, 5, 0.74, 93.25, 0, 0, 95.875, 66.955, 0, 0, 0, 0, 0, 14.1, 0, 12.625, 0, 3.481, 131.5, 0, 0, 0, 55, 1.024, 0.003, 0.003, 89.6, 22.11, 100, 0, 0, 141, 32.125, 32, 5, 0.74, 0, 93.25, 0, 0, 95.875, 66.955, 0, 0.275, 0, 0, 
13.85, 22.2, 100.44, 63.82, 64.482, , -2.401, 0.974, 1496.497, 1496.497, 2.16, -54.651, -54.651, -54.651, 30.166, 69.331, 34.34, 35.157, 7.377, 17.511, 0, 0, -9.318, -9.572, -9.318, -9.572, 1, 65.667, 65.667, 0.024, 0.031, -24.807, -25.475, -24.807, -25.475, 6.023, 7.377, 17.511, , , 1, 13.94, 0, 0, 12.635, 3.471, 131.692, 0, 0, 0, 55, 3.293, 3.061, 89.6, 22.395, 100, 0, 0, 32.173, 32, 5, 0.74, 93.154, 0, 0, 95.827, 66.657, 0, 0, 0, 0, 0, 14.1, 0, 12.635, 0, 3.471, 131.692, 0, 0, 0, 55, 1.024, 0.003, 0.003, 89.6, 22.395, 100, 0, 0, 141, 32.173, 32, 5, 0.74, 0, 93.154, 0, 0, 95.827, 66.657, 0, 0.265, 0, 0, 
13.9, 22.2, 100.44, 63.82, 64.483, , -2.367, 0.974, 1501.308, 1501.308, 2.067, -53.853, -53.853, -53.853, 28.807, 69.811, 34.357, 35.067, 7.377, 17.51, 0, 0, -9.168, -9.417, -9.168, -9.417, 1, 65.546, 65.546, 0.024, 0.031, -25.451, -26.137, -25.451, -26.137, 5.991, 7.377, 17.51, , , 1, 13.99, 0, 0, 12.644, 3.46, 131.885, 0, 0, 0, 55, 3.294, 3.067, 89.6, 22.679, 100, 0, 0, 32.221, 32, 5, 0.74, 93.058, 0, 0, 95.779, 66.359, 0, 0, 0, 0, 0, 14.1, 0, 12.644, 0, 3.46, 131.885, 0, 0, 0, 55, 1.024, 0.003, 0.003, 89.6, 22.679, 100, 0, 0, 141, 32.221, 32, 5, 0.74, 0, 93.058, 0, 0, 95.779, 66.359, 0, 0.256, 0, 0, 
13.95, 22.2, 100.44, 63.82, 64.484, , -2.257, 0.974, 1506.123, 1506.123, 1.975, -51.242, -51.242, -51.242, 27.435, 70.291, 34.532, 35.137, 7.377, 17.51, 0, 0, -8.709, -8.946, -8.709, -8.946, 1, 65.428, 65.428, 0.024, 0.031, -25.344, -26.028, -25.344, -26.028, 5.958, 7.377, 17.51, , , 1, 14.04, 0, 0, 12.654, 3.452, 132.084, 0, 0, 0, 55, 3.297, 3.073, 89.6, 22.881, 100, 0, 0, 32.271, 32, 5, 0.74, 93, 0, 0, 95.729, 66.154, 0, 0, 0, 0, 0, 14.1, 0, 12.654, 0, 3.452, 132.084, 0, 0, 0, 55, 1.024, 0.003, 0.003, 89.6, 22.881, 100, 0, 0, 141, 32.271, 32, 5, 0.74, 0, 93, 0, 0, 95.729, 66.154, 0, 0.246, 0, 0, 
14, 22.2, 100.44, 63.82, 64.484, , -2.103, 0.974, 1510.94, 1510.94, 1.883, -47.605, -47.605, -47.605, 26.075, 70.771, 34.706, 35.207, 7.378, 17.509, 0, 0, -8.076, -8.295, -8.076, -8.295, 1, 65.32, 65.32, 0.024, 0.031, -24.897, -25.569, -24.897, -25.569, 5.925, 7.378, 17.509, , , 1, 14.09, 0, 0, 12.665, 3.448, 132.293, 0, 0, 0, 55, 3.302, 3.079, 89.6, 22.958, 100, 0, 0, 32.323, 32, 5, 0.74, 93, 0, 0, 95.677, 66.089, 0, 0, 0, 0, 0, 14.1, 0, 12.665, 0, 3.448, 132.293, 0, 0, 0, 55, 1.024, 0.003, 0.003, 89.6, 22.958, 100, 0, 0, 141, 32.323, 32, 5, 0.74, 0, 93, 0, 0, 95.677, 66.089, 0, 0.235, 0, 0, 
14.05, 22.2, 100.44, 63.82, 64.485, , -2.063, 0.974, 1515.749, 1515.749, 1.791, -46.645, -46.645, -46.645, 24.708, 71.251, 34.881, 35.276, 7.378, 17.509, 0, 0, -7.897, -8.112, -7.897, -8.112, 1, 65.218, 65.218, 0.024, 0.031, -25.999, -26.701, -25.999, -26.701, 5.892, 7.378, 17.509, , , 1, 14.14, 0, 0, 12.675, 3.443, 132.502, 0, 0, 0, 55, 3.308, 3.085, 89.6, 23.036, 100, 0, 0, 32.376, 32, 5, 0.74, 93, 0, 0, 95.624, 66.024, 0, 0, 0, 0, 0, 14.1, 0, 12.675, 0, 3.443, 132.502, 0, 0, 0, 55, 1.024, 0.003, 0.003, 89.6, 23.036, 100, 0, 0, 141, 32.376, 32, 5, 0.74, 0, 93, 0, 0, 95.624, 66.024, 0, 0.225, 0, 0, 
14.1, 22.2, 100.44, 63.82, 64.486, , -2.085, 0.974, 1520.514, 1520.514, 1.699, -47.183, -47.183, -47.183, 23.312, 71.731, 35.055, 35.346, 7.379, 17.508, 0, 0, -7.974, -8.191, -7.974, -8.191, 1, 65.112, 65.112, 0.024, 0.031, -27.942, -28.697, -27.942, -28.697, 5.859, 7.379, 17.508, , , 1, 14.19, 0, 0, 12.686, 3.438, 132.711, 0, 0, 0, 55, 3.313, 3.091, 89.6, 23.113, 100, 0, 0, 32.428, 32, 5, 0.74, 93, 0, 0, 95.572, 65.959, 0, 0, 0, 0, 0, 14.1, 0, 12.686, 0, 3.438, 132.711, 0, 0, 0, 55, 1.024, 0.003, 0.003, 89.6, 23.113, 100, 0, 0, 141, 32.428, 32, 5, 0.74, 0, 93, 0, 0, 95.572, 65.959, 0, 0.214, 0, 0, 
14.15, 22.2, 100.44, 63.82, 64.487, , -2.102, 0.974, 1525.279, 1525.279, 1.607, -47.593, -47.593, -47.593, 21.932, 72.211, 35.23, 35.416, 7.379, 17.508, 0, 0, -8.03, -8.249, -8.03, -8.249, 1, 65.008, 65.008, 0.024, 0.031, -29.942, -30.75, -29.942, -30.75, 5.832, 7.379, 17.508, , , 1, 14.24, 0, 0, 12.696, 3.434, 132.921, 0, 0, 0, 55, 3.318, 3.098, 89.6, 23.191, 100, 0, 0, 32.48, 32, 5, 0.74, 93, 0, 0, 95.52, 65.895, 0, 0, 0, 0, 0, 14.1, 0, 12.696, 0, 3.434, 132.921, 0, 0, 0, 55, 1.024, 0.003, 0.003, 89.6, 23.191, 100, 0, 0, 141, 32.48, 32, 5, 0.74, 0, 93, 0, 0, 95.52, 65.895, 0, 0.204, 0, 0, 
14.2, 22.2, 100.44, 63.82, 64.487, , -2.077, 0.974, 1530.044, 1530.044, 1.515, -46.991, -46.991, -46.991, 20.547, 72.69, 35.205, 35.56, 7.38, 17.508, 0, 0, -7.917, -8.134, -7.917, -8.134, 1, 64.904, 64.904, 0.024, 0.031, -31.323, -32.168, -31.323, -32.168, 5.806, 7.38, 17.508, , , 1, 14.29, 0, 0, 12.724, 3.43, 133, 0, 0, 0, 55.119, 3.325, 3.112, 89.6, 23.241, 100, 0, 0, 32.53, 32.089, 5, 0.742, 93, 0, 0, 95.56, 65.832, 0, 0, 0, 0, 0, 14.1, 0, 12.724, 0, 3.43, 133, 0, 0, 0, 55.119, 1.024, 0.003, 0.003, 89.6, 23.241, 100, 0, 0, 141, 32.53, 32.089, 5, 0.742, 0, 93, 0, 0, 95.56, 65.832, 0, 0.2, 0, 0, 
14.25, 22.2, 100.44, 63.82, 64.488, , -2.042, 0.974, 1534.81, 1534.81, 1.423, -46.153, -46.153, -46.153, 19.152, 73.17, 35.168, 35.709, 7.38, 17.508, 0, 0, -7.765, -7.978, -7.765, -7.978, 1, 64.802, 64.802, 0.024, 0.031, -32.901, -33.787, -32.901, -33.787, 5.781, 7.38, 17.508, , , 1, 14.34, 0, 0, 12.762, 3.426, 133, 0, 0, 0, 55.312, 3.332, 3.131, 89.6, 23.276, 100, 0, 0, 32.578, 32.234, 5, 0.746, 93, 0, 0, 95.656, 65.772, 0, 0, 0, 0, 0, 14.1, 0, 12.762, 0, 3.426, 133, 0, 0, 0, 55.312, 1.024, 0.003, 0.003, 89.6, 23.276, 100, 0, 0, 141, 32.578, 32.234, 5, 0.746, 0, 93, 0, 0, 95.656, 65.772, 0, 0.2, 0, 0, 
14.3, 22.2, 100.44, 63.82, 64.489, , -1.977, 0.974, 1539.575, 1539.575, 1.33, -44.613, -44.613, -44.613, 17.753, 73.65, 35.131, 35.857, 7.38, 17.508, 0, 0, -7.494, -7.7, -7.494, -7.7, 1, 64.7, 64.7, 0.024, 0.031, -34.524, -35.454, -34.524, -35.454, 5.755, 7.38, 17.508, , , 1, 14.39, 0, 0, 12.801, 3.423, 133, 0, 0, 0, 55.504, 3.34, 3.15, 89.6, 23.311, 100, 0, 0, 32.626, 32.378, 5, 0.75, 93, 0, 0, 95.752, 65.711, 0, 0, 0, 0, 0, 14.1, 0, 12.801, 0, 3.423, 133, 0, 0, 0, 55.504, 1.024, 0.003, 0.003, 89.6, 23.311, 100, 0, 0, 141, 32.626, 32.378, 5, 0.75, 0, 93, 0, 0, 95.752, 65.711, 0, 0.2, 0, 0, 
14.35, 22.2, 100.44, 63.82, 64.49, , -1.94, 0.974, 1544.34, 1544.34, 1.238, -43.743, -43.743, -43.743, 16.347, 74.13, 35.093, 36.006, 7.379, 17.508, 0, 0, -7.338, -7.537, -7.338, -7.537, 1, 64.602, 64.602, 0.024, 0.031, -37.112, -38.111, -37.112, -38.111, 5.745, 7.379, 17.508, , , 1, 14.44, 0, 0, 12.839, 3.419, 133, 0, 0, 0, 55.696, 3.348, 3.17, 89.6, 23.345, 100, 0, 0, 32.674, 32.522, 5, 0.754, 93, 0, 0, 95.848, 65.651, 0, 0, 0, 0, 0, 14.1, 0, 12.839, 0, 3.419, 133, 0, 0, 0, 55.696, 1.024, 0.003, 0.003, 89.6, 23.345, 100, 0, 0, 141, 32.674, 32.522, 5, 0.754, 0, 93, 0, 0, 95.848, 65.651, 0, 0.2, 0, 0, 
14.4, 22.2, 100.44, 63.82, 64.49, , -1.914, 0.974, 1549.106, 1549.106, 1.146, -43.13, -43.13, -43.13, 14.938, 74.61, 35.035, 36.144, 7.379, 17.508, 0, 0, -7.225, -7.419, -7.225, -7.419, 1, 64.505, 64.505, 0.024, 0.031, -40.354, -41.439, -40.354, -41.439, 5.737, 7.379, 17.508, , , 1, 14.491, 0, 0, 12.878, 3.416, 133, 0, 0, 0, 55.888, 3.356, 3.189, 89.6, 23.38, 100, 0, 0, 32.722, 32.666, 5, 0.758, 93, 0, 0, 95.944, 65.59, 0, 0, 0, 0, 0, 14.1, 0, 12.878, 0, 3.416, 133, 0, 0, 0, 55.888, 1.024, 0.003, 0.003, 89.6, 23.38, 100, 0, 0, 141, 32.722, 32.666, 5, 0.758, 0, 93, 0, 0, 95.944, 65.59, 0, 0.2, 0, 0, 
14.45, 22.2, 100.44, 63.82, 64.49, , -1.904, 0.974, 1553.871, 1553.871, 1.054, -42.906, -42.906, -42.906, 13.541, 75.09, 34.783, 36.18, 7.378, 17.508, 0, 0, -7.179, -7.37, -7.179, -7.37, 1, 64.411, 64.411, 0.024, 0.031, -44.074, -45.26, -44.074, -45.26, 5.729, 7.378, 17.508, , , 1, 14.54, 0, 0, 12.9, 3.413, 133, 0, 0, 0, 56, 3.364, 3.204, 89.6, 23.416, 100, 0, 0, 32.773, 32.773, 5, 0.76, 93, 0, 0, 96, 65.526, 0, 0, 0, 0, 0, 14.1, 0, 12.9, 0, 3.413, 133, 0, 0, 0, 56, 1.024, 0.003, 0.003, 89.6, 23.416, 100, 0, 0, 141, 32.773, 32.773, 5, 0.76, 0, 93, 0, 0, 96, 65.526, 0, 0.2, 0, 0, 
14.5, 22.2, 100.44, 63.82, 64.49, , -1.864, 0.974, 1558.566, 1558.566, 0.962, -41.938, -41.938, -41.938, 12.116, 75.57, 34.531, 36.216, 7.378, 17.508, 0, 0, -7.007, -7.193, -7.007, -7.193, 1, 64.315, 64.315, 0.024, 0.031, -47.989, -49.283, -47.989, -49.283, 5.721, 7.378, 17.508, , , 1, 14.59, 0, 0, 12.9, 3.411, 133, 0, 0, 0, 56, 3.372, 3.212, 89.6, 23.456, 100, 0, 0, 32.827, 32.827, 5, 0.76, 93, 0, 0, 96, 65.458, 0, 0, 0, 0, 0, 14.1, 0, 12.9, 0, 3.411, 133, 0, 0, 0, 56, 1.024, 0.003, 0.003, 89.6, 23.456, 100, 0, 0, 141, 32.827, 32.827, 5, 0.76, 0, 93, 0, 0, 96, 65.458, 0, 0.2, 0, 0, 
14.55, 22.2, 100.44, 63.82, 64.49, , -1.855, 0.974, 1563.306, 1563.306, 0.87, -41.739, -41.739, -41.739, 10.686, 76.05, 34.279, 36.252, 7.377, 17.508, 0, 0, -6.963, -7.147, -6.963, -7.147, 1, 64.222, 64.222, 0.024, 0.031, -55.197, -56.687, -55.197, -56.687, 5.71, 7.377, 17.508, , , 1, 14.641, 0, 0, 12.9, 3.409, 133, 0, 0, 0, 56, 3.381, 3.221, 89.6, 23.495, 100, 0, 0, 32.882, 32.882, 5, 0.76, 93, 0, 0, 96, 65.389, 0, 0, 0, 0, 0, 14.1, 0, 12.9, 0, 3.409, 133, 0, 0, 0, 56, 1.024, 0.003, 0.003, 89.6, 23.495, 100, 0, 0, 141, 32.882, 32.882, 5, 0.76, 0, 93, 0, 0, 96, 65.389, 0, 0.2, 0, 0, 
14.6, 22.2, 100.44, 63.82, 64.49, , -1.805, 0.974, 1567.999, 1567.999, 0.778, -40.566, -40.566, -40.566, 9.265, 76.53, 34.027, 36.288, 7.377, 17.509, 0, 0, -6.757, -6.936, -6.757, -6.936, 1, 64.131, 64.131, 0.024, 0.032, -62.904, -64.603, -62.904, -64.603, 5.699, 7.377, 17.509, , , 1, 14.69, 0, 0, 12.9, 3.407, 133, 0, 0, 0, 56, 3.39, 3.23, 89.6, 23.534, 100, 0, 0, 32.936, 32.936, 5, 0.76, 93, 0, 0, 96, 65.321, 0, 0, 0, 0, 0, 14.1, 0, 12.9, 0, 3.407, 133, 0, 0, 0, 56, 1.024, 0.003, 0.003, 89.6, 23.534, 100, 0, 0, 141, 32.936, 32.936, 5, 0.76, 0, 93, 0, 0, 96, 65.321, 0, 0.2, 0, 0, 
14.65, 22.2, 100.44, 63.82, 64.49, , -1.758, 0.974, 1572.742, 1572.742, 0.685, -39.447, -39.447, -39.447, 7.828, 77.01, 33.829, 36.302, 7.377, 17.509, 0, 0, -6.56, -6.735, -6.56, -6.735, 1, 64.041, 64.041, 0.024, 0.032, -74.416, -76.428, -74.416, -76.428, 5.688, 7.377, 17.509, , , 1, 14.741, 0, 0, 12.9, 3.404, 133, 0, 0, 0, 56, 3.398, 3.238, 89.6, 23.573, 100, 0, 0, 32.99, 32.99, 5, 0.76, 93, 0, 0, 96, 65.252, 0, 0, 0, 0, 0, 14.1, 0, 12.9, 0, 3.404, 133, 0, 0, 0, 56, 1.024, 0.003, 0.003, 89.6, 23.573, 100, 0, 0, 141, 32.99, 32.99, 5, 0.76, 0, 93, 0, 0, 96, 65.252, 0, 0.2, 0, 0, 
14.7, 22.2, 100.44, 63.82, 64.49, , -1.77, 0.974, 1577.433, 1577.433, 0.593, -39.732, -39.732, -39.732, 6.405, 77.489, 34.117, 36.122, 7.377, 17.51, 0, 0, -6.597, -6.774, -6.597, -6.774, 1, 63.953, 63.953, 0.024, 0.032, -95.667, -98.251, -95.667, -98.251, 5.676, 7.377, 17.51, , , 1, 14.79, 0, 0, 12.917, 3.399, 133, 0, 0, 0, 56, 3.414, 3.242, 89.6, 23.705, 100, 0, 0, 33, 33, 5, 0.76, 93, 0, 0, 95.915, 65.135, 0, 0, 0, 0, 0, 14.1, 0, 12.917, 0, 3.399, 133, 0, 0, 0, 56, 1.024, 0.003, 0.003, 89.6, 23.705, 100, 0, 0, 141, 33, 33, 5, 0.76, 0, 93, 0, 0, 95.915, 65.135, 0, 0.2, 0, 0, 
14.75, 22.2, 100.44, 63.82, 64.49, , -1.753, 0.974, 1582.103, 1582.103, 0.501, -39.331, -39.331, -39.331, 4.978, 77.969, 34.405, 35.942, 7.377, 17.51, 0, 0, -6.523, -6.698, -6.523, -6.698, 1, 63.864, 63.864, 0.024, 0.032, -132.358, -135.932, -132.358, -135.932, 5.659, 7.377, 17.51, , , 1, 14.84, 0, 0, 12.938, 3.393, 133, 0, 0, 0, 56, 3.43, 3.244, 89.6, 23.858, 100, 0, 0, 33, 33, 5, 0.76, 93, 0, 0, 95.812, 65.007, 0, 0, 0, 0, 0, 14.1, 0, 12.938, 0, 3.393, 133, 0, 0, 0, 56, 1.024, 0.003, 0.003, 89.6, 23.858, 100, 0, 0, 141, 33, 33, 5, 0.76, 0, 93, 0, 0, 95.812, 65.007, 0, 0.2, 0, 0, 
14.8, 22.2, 100.44, 63.82, 64.49, , -1.698, 0.974, 1586.847, 1586.847, 0.409, -38.024, -38.024, -38.024, 3.642, 78.449, 34.693, 35.762, 7.377, 17.51, 0, 0, -6.296, -6.466, -6.296, -6.466, 1, 63.778, 63.778, 0.024, 0.032, -362.573, -372.368, -362.573, -372.368, 5.638, 7.377, 17.51, , , 1, 14.891, 0, 0, 12.958, 3.387, 133, 0, 0, 0, 56, 3.447, 3.246, 89.6, 24.011, 100, 0, 0, 33, 33, 5, 0.76, 93, 0, 0, 95.709, 64.879, 0, 0, 0, 0, 0, 14.1, 0, 12.958, 0, 3.387, 133, 0, 0, 0, 56, 1.024, 0.003, 0.003, 89.6, 24.011, 100, 0, 0, 141, 33, 33, 5, 0.76, 0, 93, 0, 0, 95.709, 64.879, 0, 0.2, 0, 0, 
14.85, 22.2, 100.44, 63.82, 64.49, , -1.625, 0.974, 1591.536, 1591.536, 0.317, -36.291, -36.291, -36.291, 2.978, 78.929, 34.981, 35.582, 7.377, 17.51, 0, 0, -6.001, -6.163, -6.001, -6.163, 1, 63.693, 63.693, 0.024, 0.032, -426.097, -437.609, -426.097, -437.609, 5.618, 7.377, 17.51, , , 1, 14.94, 0, 0, 12.979, 3.381, 133, 0, 0, 0, 56, 3.463, 3.248, 89.6, 24.164, 100, 0, 0, 33, 33, 5, 0.76, 93, 0, 0, 95.605, 64.751, 0, 0, 0, 0, 0, 14.1, 0, 12.979, 0, 3.381, 133, 0, 0, 0, 56, 1.024, 0.003, 0.003, 89.6, 24.164, 100, 0, 0, 141, 33, 33, 5, 0.76, 0, 93, 0, 0, 95.605, 64.751, 0, 0.2, 0, 0, 
14.9, 22.2, 100.44, 63.82, 64.49, , -1.503, 0.974, 1596.206, 1596.206, 0.225, -33.405, -33.405, -33.405, 3.736, 79.409, 35.245, 35.417, 7.378, 17.509, 0, 0, -5.518, -5.666, -5.518, -5.666, 1, 63.614, 63.614, 0.024, 0.032, -413.367, -424.535, -413.367, -424.535, 5.598, 7.378, 17.509, , , 1, 14.99, 0, 0, 13, 3.375, 133, 0, 0, 0, 56, 3.48, 3.25, 89.6, 24.317, 100, 0, 0, 33, 33, 5, 0.76, 93, 0, 0, 95.502, 64.623, 0, 0, 0, 0, 0, 14.1, 0, 13, 0, 3.375, 133, 0, 0, 0, 56, 1.024, 0.003, 0.003, 89.6, 24.317, 100, 0, 0, 141, 33, 33, 5, 0.76, 0, 93, 0, 0, 95.502, 64.623, 0, 0.2, 0, 0, 
14.95, 22.2, 100.44, 63.82, 64.49, , -1.354, 0.974, 1600.876, 1600.876, 0.133, -29.878, -29.878, -29.878, 5.89, 79.889, 35.296, 35.383, 7.378, 17.507, 0, 0, -4.93, -5.062, -4.93, -5.062, 1, 63.542, 63.542, 0.024, 0.032, -386.594, -397.04, -386.594, -397.04, 5.589, 7.378, 17.507, , , 1, 15.041, 0, 0, 13.02, 3.368, 133, 0, 0, 0, 56.196, 3.5, 3.277, 89.6, 24.538, 100, 0, 0, 33.098, 33.098, 5, 0.764, 93.196, 0, 0, 95.794, 64.62, 0, 0, 0, 0, 0, 14.1, 0, 13.02, 0, 3.368, 133, 0, 0, 0, 56.196, 1.024, 0.003, 0.003, 89.6, 24.538, 100, 0, 0, 141, 33.098, 33.098, 5, 0.764, 0, 93.196, 0, 0, 95.794, 64.62, 0, 0.2, 0, 0, 
15, 22.2, 100.44, 63.82, 64.49, , -1.239, 0.974, 1605.546, 1605.546, 0.041, -27.148, -27.148, -27.148, 9.445, 80.369, 35.347, 35.349, 7.379, 17.506, 0, 0, -4.476, -4.594, -4.476, -4.594, 1, 63.477, 63.477, 0.024, 0.032, -341.488, -350.717, -341.488, -350.717, 5.585, 7.379, 17.506, , , 1, 15.09, 0, 0, 13.04, 3.361, 133, 0, 0, 0, 56.396, 3.52, 3.305, 89.6, 24.76, 100, 0, 0, 33.198, 33.198, 5, 0.768, 93.396, 0, 0, 96.094, 64.62, 0, 0, 0, 0, 0, 14.1, 0, 13.04, 0, 3.361, 133, 0, 0, 0, 56.396, 1.024, 0.003, 0.003, 89.6, 24.76, 100, 0, 0, 141, 33.198, 33.198, 5, 0.768, 0, 93.396, 0, 0, 96.094, 64.62, 0, 0.2, 0, 0, 
15.05, 22.2, 100.44, 63.82, 64.49, , -1.107, 0.974, 1610.143, 1610.143, 0.195, -24.015, -24.015, -24.015, 14.267, 78.407, 35.397, 35.315, 7.379, 17.504, 0, 0, -3.956, -4.059, -3.956, -4.059, 1, 63.418, 63.418, 0.024, 0.032, -97.84, -100.486, -97.84, -100.486, 5.581, 7.379, 17.504, , , 1, 15.14, 0, 0, 13.06, 3.354, 133, 0, 0, 0, 56.596, 3.54, 3.333, 89.6, 24.982, 100, 0, 0, 33.298, 33.298, 5, 0.772, 93.596, 0, 0, 96.394, 64.62, 0, 0, 0, 0, 0, 14.1, 0, 13.06, 0, 3.354, 133, 0, 0, 0, 56.596, 1.024, 0.004, 0.003, 89.6, 24.982, 100, 0, 0, 141, 33.298, 33.298, 5, 0.772, 0, 93.596, 0, 0, 96.394, 64.62, 0, 0.2, 0, 0, 
15.1, 22.2, 100.44, 63.82, 64.49, , -1.027, 0.974, 1614.793, 1614.793, 0.542, -22.122, -22.122, -22.122, 19.784, 74.526, 35.448, 35.281, 7.38, 17.504, 0, 0, -3.641, -3.736, -3.641, -3.736, 1, 63.366, 63.366, 0.024, 0.032, -20.605, -21.163, -20.605, -21.163, 5.577, 7.38, 17.504, , , 1, 15.191, 0, 0, 13.08, 3.347, 133, 0, 0, 0, 56.796, 3.56, 3.361, 89.6, 25.204, 100, 0, 0, 33.398, 33.398, 5, 0.776, 93.796, 0, 0, 96.694, 64.62, 0, 0, 0, 0, 0, 14.1, 0, 13.08, 0, 3.347, 133, 0, 0, 0, 56.796, 1.024, 0.004, 0.003, 89.6, 25.204, 100, 0, 0, 141, 33.398, 33.398, 5, 0.776, 0, 93.796, 0, 0, 96.694, 64.62, 0, 0.2, 0, 0, 
15.15, 22.2, 100.44, 63.82, 64.49, , -1.041, 0.974, 1619.463, 1619.463, 0.89, -22.461, -22.461, -22.461, 25.373, 70.646, 35.499, 35.247, 7.38, 17.504, 0, 0, -3.694, -3.791, -3.694, -3.791, 1, 63.315, 63.315, 0.024, 0.032, -13.529, -13.897, -13.529, -13.897, 5.575, 7.38, 17.504, , , 1, 15.24, 0, 0, 13.1, 3.34, 133, 0, 0, 0, 56.996, 3.58, 3.389, 89.6, 25.426, 100, 0, 0, 33.498, 33.498, 5, 0.78, 93.996, 0, 0, 96.994, 64.62, 0, 0, 0, 0, 0, 14.1, 0, 13.1, 0, 3.34, 133, 0, 0, 0, 56.996, 1.024, 0.004, 0.003, 89.6, 25.426, 100, 0, 0, 141, 33.498, 33.498, 5, 0.78, 0, 93.996, 0, 0, 96.994, 64.62, 0, 0.2, 0, 0, 
15.2, 22.2, 100.44, 63.82, 64.49, , -1.117, 0.974, 1624.133, 1624.133, 1.237, -24.251, -24.251, -24.251, 30.981, 66.765, 35.495, 35.24, 7.38, 17.505, 0, 0, -3.983, -4.089, -3.983, -4.089, 1, 63.262, 63.262, 0.024, 0.032, -11.169, -11.473, -11.169, -11.473, 5.577, 7.38, 17.505, , , 1, 15.291, 0, 0, 13.12, 3.34, 133, 0, 0, 0, 57, 3.584, 3.406, 89.6, 25.43, 100, 0, 0, 33.5, 33.5, 5, 0.78, 93.902, 0, 0, 97, 64.498, 0, 0, 0, 0, 0, 14.1, 0, 13.12, 0, 3.34, 133, 0, 0, 0, 57, 1.024, 0.004, 0.003, 89.6, 25.43, 100, 0, 0, 141, 33.5, 33.5, 5, 0.78, 0, 93.902, 0, 0, 97, 64.498, 0, 0.2, 0, 0, 
15.25, 22.2, 100.44, 63.82, 64.49, , -1.167, 0.974, 1628.731, 1628.731, 1.585, -25.445, -25.445, -25.445, 36.585, 62.885, 35.476, 35.24, 7.379, 17.506, 0, 0, -4.175, -4.286, -4.175, -4.286, 1, 63.206, 63.206, 0.024, 0.032, -9.754, -10.021, -9.754, -10.021, 5.579, 7.379, 17.506, , , 1, 15.34, 0, 0, 13.14, 3.34, 133, 0, 0, 0, 57, 3.588, 3.422, 89.6, 25.43, 100, 0, 0, 33.5, 33.5, 5, 0.78, 93.802, 0, 0, 97, 64.374, 0, 0, 0, 0, 0, 14.1, 0, 13.14, 0, 3.34, 133, 0, 0, 0, 57, 1.024, 0.004, 0.003, 89.6, 25.43, 100, 0, 0, 141, 33.5, 33.5, 5, 0.78, 0, 93.802, 0, 0, 97, 64.374, 0, 0.2, 0, 0, 
15.3, 22.2, 100.44, 63.82, 64.49, , -1.177, 0.974, 1633.379, 1633.379, 1.933, -25.676, -25.676, -25.676, 42.15, 59.004, 35.457, 35.24, 7.379, 17.507, 0, 0, -4.209, -4.322, -4.209, -4.322, 1, 63.146, 63.146, 0.024, 0.032, -8.58, -8.813, -8.58, -8.813, 5.581, 7.379, 17.507, , , 1, 15.391, 0, 0, 13.16, 3.34, 133, 0, 0, 0, 57, 3.592, 3.438, 89.6, 25.43, 100, 0, 0, 33.5, 33.5, 5, 0.78, 93.702, 0, 0, 97, 64.25, 0, 0, 0, 0, 0, 14.1, 0, 13.16, 0, 3.34, 133, 0, 0, 0, 57, 1.024, 0.004, 0.003, 89.6, 25.43, 100, 0, 0, 141, 33.5, 33.5, 5, 0.78, 0, 93.702, 0, 0, 97, 64.25, 0, 0.2, 0, 0, 
15.35, 22.2, 100.44, 63.82, 64.49, , -1.174, 0.974, 1638.049, 1638.049, 2.28, -25.624, -25.624, -25.624, 47.472, 55.124, 35.437, 35.24, 7.378, 17.508, 0, 0, -4.197, -4.31, -4.197, -4.31, 1, 63.086, 63.086, 0.024, 0.032, -7.682, -7.891, -7.682, -7.891, 5.582, 7.378, 17.508, , , 1, 15.44, 0, 0, 13.18, 3.34, 133, 0, 0, 0, 57, 3.596, 3.454, 89.6, 25.43, 100, 0, 0, 33.5, 33.5, 5, 0.78, 93.602, 0, 0, 97, 64.126, 0, 0, 0, 0, 0, 14.1, 0, 13.18, 0, 3.34, 133, 0, 0, 0, 57, 1.024, 0.004, 0.003, 89.6, 25.43, 100, 0, 0, 141, 33.5, 33.5, 5, 0.78, 0, 93.602, 0, 0, 97, 64.126, 0, 0.2, 0, 0, 
15.4, 22.2, 100.44, 63.82, 64.49, , -1.137, 0.974, 1642.65, 1642.65, 2.628, -24.736, -24.736, -24.736, 51.485, 51.243, 35.42, 35.251, 7.378, 17.508, 0, 0, -4.048, -4.157, -4.048, -4.157, 1, 63.027, 63.027, 0.024, 0.032, -6.791, -6.976, -6.791, -6.976, 5.581, 7.378, 17.508, , , 1, 15.49, 0, 0, 13.2, 3.34, 133, 0, 0, 0, 57, 3.6, 3.47, 89.6, 25.43, 100, 0, 0, 33.5, 33.5, 5, 0.78, 93.502, 0, 0, 97, 64.002, 0, 0, 0, 0, 0, 14.1, 0, 13.2, 0, 3.34, 133, 0, 0, 0, 57, 1.024, 0.004, 0.003, 89.6, 25.43, 100, 0, 0, 141, 33.5, 33.5, 5, 0.78, 0, 93.502, 0, 0, 97, 64.002, 0, 0.2, 0, 0, 
15.45, 22.2, 100.44, 63.82, 64.49, , -1.063, 0.974, 1647.296, 1647.296, 2.976, -22.971, -22.971, -22.971, 54.144, 47.363, 35.42, 35.359, 7.377, 17.508, 0, 0, -3.757, -3.857, -3.757, -3.857, 1, 62.971, 62.971, 0.024, 0.032, -5.884, -6.042, -5.884, -6.042, 5.581, 7.377, 17.508, , , 1, 15.541, 0, 0, 13.22, 3.333, 133, 0, 0, 0, 57, 3.62, 3.464, 89.6, 25.649, 100, 0, 0, 33.599, 33.599, 5, 0.784, 93.5, 0, 0, 97, 64, 0, 0, 0, 0, 0, 14.1, 0, 13.22, 0, 3.333, 133, 0, 0, 0, 57, 1.024, 0.004, 0.003, 89.6, 25.649, 100, 0, 0, 141, 33.599, 33.599, 5, 0.784, 0, 93.5, 0, 0, 97, 64, 0, 0.2, 0, 0, 
15.5, 22.2, 100.44, 63.82, 64.49, , -1.012, 0.974, 1651.898, 1651.898, 3.323, -21.786, -21.786, -21.786, 55.476, 43.482, 35.42, 35.467, 7.377, 17.508, 0, 0, -3.559, -3.655, -3.559, -3.655, 1, 62.918, 62.918, 0.024, 0.032, -5.381, -5.526, -5.381, -5.526, 5.58, 7.377, 17.508, , , 1, 15.59, 0, 0, 13.24, 3.326, 133, 0, 0, 0, 57, 3.64, 3.458, 89.6, 25.873, 100, 0, 0, 33.7, 33.7, 5, 0.788, 93.5, 0, 0, 97, 64, 0, 0, 0, 0, 0, 14.1, 0, 13.24, 0, 3.326, 133, 0, 0, 0, 57, 1.024, 0.004, 0.003, 89.6, 25.873, 100, 0, 0, 141, 33.7, 33.7, 5, 0.788, 0, 93.5, 0, 0, 97, 64, 0, 0.2, 0, 0, 
15.55, 22.2, 100.44, 63.82, 64.49, , -1, 0.974, 1656.542, 1656.542, 3.63, -21.484, -21.484, -21.484, 55.477, 42.336, 35.42, 35.575, 7.377, 17.509, 0, 0, -3.507, -3.602, -3.507, -3.602, 1, 62.869, 62.869, 0.024, 0.032, -5.296, -5.439, -5.296, -5.439, 5.576, 7.377, 17.509, , , 1, 15.641, 0, 0, 13.26, 3.319, 133, 0, 0, 0, 57, 3.66, 3.452, 89.6, 26.097, 100, 0, 0, 33.8, 33.8, 5, 0.792, 93.5, 0, 0, 97, 64, 0, 0, 0, 0, 0, 14.1, 0, 13.26, 0, 3.319, 133, 0, 0, 0, 57, 1.024, 0.004, 0.003, 89.6, 26.097, 100, 0, 0, 141, 33.8, 33.8, 5, 0.792, 0, 93.5, 0, 0, 97, 64, 0, 0.2, 0, 0, 
15.6, 22.2, 100.44, 63.82, 64.49, , -1.018, 0.974, 1661.146, 1661.146, 3.58, -21.919, -21.919, -21.919, 54.41, 56.944, 35.42, 35.683, 7.377, 17.509, 0, 0, -3.576, -3.673, -3.576, -3.673, 1, 62.82, 62.82, 0.024, 0.032, -5.502, -5.652, -5.502, -5.652, 5.564, 7.377, 17.509, , , 1, 15.69, 0, 0, 13.28, 3.312, 133, 0, 0, 0, 57, 3.68, 3.446, 89.6, 26.321, 100, 0, 0, 33.901, 33.901, 5, 0.796, 93.5, 0, 0, 97, 64, 0, 0, 0, 0, 0, 14.1, 0, 13.28, 0, 3.312, 133, 0, 0, 0, 57, 1.024, 0.004, 0.003, 89.6, 26.321, 100, 0, 0, 141, 33.901, 33.901, 5, 0.796, 0, 93.5, 0, 0, 97, 64, 0, 0.2, 0, 0, 
15.65, 22.2, 100.44, 63.82, 64.49, , -1.094, 0.974, 1665.725, 1665.725, 3.542, -23.715, -23.715, -23.715, 53.274, 57.112, 35.438, 35.78, 7.377, 17.51, 0, 0, -3.865, -3.97, -3.865, -3.97, 1, 62.767, 62.767, 0.024, 0.031, -6.099, -6.265, -6.099, -6.265, 5.551, 7.377, 17.51, , , 1, 15.74, 0, 0, 13.301, 3.305, 133, 0, 0, 0, 57, 3.7, 3.44, 89.6, 26.537, 100, 0, 0, 34.002, 34.002, 5.004, 0.8, 93.506, 0, 0, 97.008, 63.998, 0, 0, 0, 0, 0, 14.1, 0, 13.301, 0, 3.305, 133, 0, 0, 0, 57, 1.024, 0.004, 0.003, 89.6, 26.537, 100, 0, 0, 141, 34.002, 34.002, 5.004, 0.8, 0, 93.506, 0, 0, 97.008, 63.998, 0, 0.2, 0, 0, 
15.7, 22.2, 100.44, 63.82, 64.49, , -1.173, 0.974, 1670.366, 1670.366, 3.503, -25.587, -25.587, -25.587, 52.152, 57.28, 35.618, 35.78, 7.377, 17.51, 0, 0, -4.166, -4.28, -4.166, -4.28, 1, 62.711, 62.711, 0.024, 0.031, -6.731, -6.914, -6.731, -6.914, 5.539, 7.377, 17.51, , , 1, 15.79, 0, 0, 13.34, 3.309, 133, 0, 0, 0, 57, 3.716, 3.446, 89.6, 26.39, 100, 0, 0, 34.101, 34.101, 5.202, 0.8, 93.804, 0, 0, 97.405, 63.875, 0, 0, 0, 0, 0, 14.1, 0, 13.34, 0, 3.309, 133, 0, 0, 0, 57, 1.024, 0.004, 0.003, 89.6, 26.39, 100, 0, 0, 141, 34.101, 34.101, 5.202, 0.8, 0, 93.804, 0, 0, 97.405, 63.875, 0, 0.2, 0, 0, 
15.75, 22.202, 100.44, 63.82, 64.489, , -1.194, 0.974, 1674.973, 1674.973, 3.465, -26.099, -26.099, -26.099, 51.027, 57.449, 35.798, 35.78, 7.377, 17.51, 0, 0, -4.247, -4.361, -4.247, -4.361, 1, 62.652, 62.652, 0.024, 0.031, -6.999, -7.189, -6.999, -7.189, 5.526, 7.377, 17.51, , , 1, 15.84, 0, 0, 13.38, 3.313, 133, 0, 0, 0, 57, 3.732, 3.452, 89.6, 26.243, 100, 0, 0, 34.2, 34.2, 5.401, 0.8, 94.101, 0, 0, 97.802, 63.752, 0, 0, 0, 0, 0, 14.1, 0, 13.38, 0, 3.313, 133, 0, 0, 0, 57, 1.024, 0.004, 0.003, 89.6, 26.243, 100, 0, 0, 141, 34.2, 34.2, 5.401, 0.8, 0, 94.101, 0, 0, 97.802, 63.752, 0, 0.2, 0, 0, 
15.8, 22.203, 100.44, 63.82, 64.488, , -1.195, 0.974, 1679.552, 1679.552, 3.426, -26.129, -26.129, -26.129, 49.883, 57.617, 35.978, 35.78, 7.377, 17.509, 0, 0, -4.248, -4.362, -4.248, -4.362, 1, 62.593, 62.593, 0.024, 0.031, -7.138, -7.331, -7.138, -7.331, 5.517, 7.377, 17.509, , , 1, 15.89, 0, 0, 13.42, 3.316, 133, 0, 0, 0, 57, 3.748, 3.458, 89.6, 26.097, 100, 0, 0, 34.3, 34.3, 5.599, 0.8, 94.399, 0, 0, 98.198, 63.628, 0, 0, 0, 0, 0, 14.1, 0, 13.42, 0, 3.316, 133, 0, 0, 0, 57, 1.024, 0.004, 0.003, 89.6, 26.097, 100, 0, 0, 141, 34.3, 34.3, 5.599, 0.8, 0, 94.399, 0, 0, 98.198, 63.628, 0, 0.2, 0, 0, 
15.85, 22.204, 100.44, 63.82, 64.487, , -1.087, 0.974, 1684.13, 1684.13, 3.388, -23.571, -23.571, -23.571, 48.753, 57.785, 36.158, 35.78, 7.377, 17.507, 0, 0, -3.83, -3.931, -3.83, -3.931, 1, 62.535, 62.535, 0.024, 0.031, -6.529, -6.705, -6.529, -6.705, 5.508, 7.377, 17.507, , , 1, 15.941, 0, 0, 13.46, 3.32, 133, 0, 0, 0, 57, 3.764, 3.464, 89.6, 25.95, 100, 0, 0, 34.399, 34.399, 5.798, 0.8, 94.696, 0, 0, 98.595, 63.505, 0, 0, 0, 0, 0, 14.1, 0, 13.46, 0, 3.32, 133, 0, 0, 0, 57, 1.024, 0.004, 0.003, 89.6, 25.95, 100, 0, 0, 141, 34.399, 34.399, 5.798, 0.8, 0, 94.696, 0, 0, 98.595, 63.505, 0, 0.2, 0, 0, 
15.9, 22.205, 100.44, 63.82, 64.487, , -0.798, 0.974, 1688.709, 1688.709, 3.349, -16.717, -16.717, -16.717, 47.612, 57.954, 36.295, 35.773, 7.377, 17.506, 0, 0, -2.716, -2.785, -2.716, -2.785, 1, 62.486, 62.486, 0.024, 0.031, -4.658, -4.782, -4.658, -4.782, 5.499, 7.377, 17.506, , , 1, 15.99, 0, 0, 13.499, 3.324, 133, 0, 0, 0, 57, 3.78, 3.47, 89.6, 25.803, 100, 0, 0, 34.498, 34.498, 5.996, 0.8, 94.994, 0, 0, 98.992, 63.382, 0, 0, 0, 0, 0, 14.1, 0, 13.499, 0, 3.324, 133, 0, 0, 0, 57, 1.024, 0.004, 0.003, 89.6, 25.803, 100, 0, 0, 141, 34.498, 34.498, 5.996, 0.8, 0, 94.994, 0, 0, 98.992, 63.382, 0, 0.2, 0, 0, 
15.95, 22.206, 100.44, 63.82, 64.486, , -0.583, 0.974, 1693.287, 1693.287, 3.311, -11.598, -11.598, -11.598, 46.458, 58.122, 36.043, 35.701, 7.378, 17.504, 0, 0, -1.883, -1.93, -1.883, -1.93, 1, 62.453, 62.453, 0.024, 0.031, -3.308, -3.395, -3.308, -3.395, 5.49, 7.378, 17.504, , , 1, 16.04, 0, 0, 13.5, 3.316, 133, 0, 0, 0, 57, 3.771, 3.485, 89.6, 26.149, 100, 0, 0, 34.5, 34.5, 6, 0.8, 95, 0, 0, 98.905, 63.38, 0, 0, 0, 0, 0, 14.1, 0, 13.5, 0, 3.316, 133, 0, 0, 0, 57, 1.024, 0.004, 0.003, 89.6, 26.149, 100, 0, 0, 141, 34.5, 34.5, 6, 0.8, 0, 95, 0, 0, 98.905, 63.38, 0, 0.2, 0, 0, 
16, 22.207, 100.44, 63.82, 64.485, , -0.534, 0.974, 1697.865, 1697.865, 3.272, -10.444, -10.444, -10.444, 45.299, 58.29, 35.791, 35.629, 7.378, 17.343, 0, 0, -1.693, -1.735, -1.693, -1.735, 1, 62.426, 62.426, 0.024, 0.031, -3.136, -3.219, -3.136, -3.219, 5.507, 7.378, 17.343, , , 1, 16.091, 0, 0, 13.5, 3.308, 133, 0, 0, 0, 57, 3.761, 3.501, 89.6, 26.506, 100, 0, 0, 34.5, 34.5, 6, 0.8, 95, 0, 0, 98.808, 63.38, 0, 0, 0, 0, 0, 14.1, 0, 13.5, 0, 3.308, 133, 0, 0, 0, 57, 1.024, 0.004, 0.003, 89.6, 26.506, 100, 0, 0, 141, 34.5, 34.5, 6, 0.8, 0, 95, 0, 0, 98.808, 63.38, 0, 0.2, 0, 0, 
16.05, 22.208, 100.44, 63.82, 64.484, , -0.536, 0.974, 1702.444, 1702.444, 3.234, -10.5, -10.5, -10.5, 44.138, 58.458, 35.539, 35.557, 7.379, 17.127, 0, 0, -1.7, -1.743, -1.7, -1.743, 1, 62.398, 62.398, 0.024, 0.031, -3.326, -3.415, -3.326, -3.415, 5.526, 7.379, 17.127, , , 1, 16.14, 0, 0, 13.5, 3.3, 133, 0, 0, 0, 57, 3.751, 3.516, 89.6, 26.863, 100, 0, 0, 34.5, 34.5, 6, 0.8, 95, 0, 0, 98.711, 63.38, 0, 0, 0, 0, 0, 14.1, 0, 13.5, 0, 3.3, 133, 0, 0, 0, 57, 1.024, 0.004, 0.004, 89.6, 26.863, 100, 0, 0, 141, 34.5, 34.5, 6, 0.8, 0, 95, 0, 0, 98.711, 63.38, 0, 0.2, 0, 0, 
16.1, 22.21, 100.44, 63.82, 64.484, , -0.615, 0.974, 1707.022, 1707.022, 3.195, -12.366, -12.366, -12.366, 42.975, 58.627, 35.287, 35.485, 7.379, 16.736, 0, 0, -2, -2.053, -2, -2.053, 1, 62.371, 62.371, 0.024, 0.031, -4.059, -4.168, -4.059, -4.168, 5.545, 7.379, 16.736, , , 1, 16.19, 0, 0, 13.5, 3.292, 133, 0, 0, 0, 57, 3.741, 3.532, 89.6, 27.219, 100, 0, 0, 34.5, 34.5, 6, 0.8, 95, 0, 0, 98.614, 63.38, 0, 0, 0, 0, 0, 14.1, 0, 13.5, 0, 3.292, 133, 0, 0, 0, 57, 1.024, 0.004, 0.004, 89.6, 27.219, 100, 0, 0, 141, 34.5, 34.5, 6, 0.8, 0, 95, 0, 0, 98.614, 63.38, 0, 0.2, 0, 0, 
16.15, 22.211, 100.44, 63.82, 64.483, , -0.822, 0.974, 1711.601, 1711.601, 3.157, -17.286, -17.286, -17.286, 41.813, 58.795, 35.064, 35.42, 7.38, 16.279, 0, 0, -2.796, -2.871, -2.796, -2.871, 1, 62.337, 62.337, 0.024, 0.031, -5.733, -5.887, -5.733, -5.887, 5.564, 7.38, 16.279, , , 1, 16.241, 0, 0, 13.5, 3.283, 133, 0, 0, 0, 57, 3.732, 3.547, 89.6, 27.576, 100, 0, 0, 34.5, 34.5, 6, 0.8, 95, 0, 0, 98.517, 63.38, 0, 0, 0, 0, 0, 14.1, 0, 13.5, 0, 3.283, 133, 0, 0, 0, 57, 1.024, 0.004, 0.004, 89.6, 27.576, 100, 0, 0, 141, 34.5, 34.5, 6, 0.8, 0, 95, 0, 0, 98.517, 63.38, 0, 0.2, 0, 0, 
16.2, 22.212, 100.44, 63.82, 64.482, , -0.982, 0.974, 1716.179, 1716.179, 3.119, -21.085, -21.085, -21.085, 40.658, 58.963, 35.1, 35.42, 7.38, 15.648, 0, 0, -3.41, -3.501, -3.41, -3.501, 1, 62.29, 62.29, 0.024, 0.031, -7.099, -7.29, -7.099, -7.29, 5.575, 7.38, 15.648, , , 1, 16.293, 0, 0, 13.533, 3.278, 133, 0, 0, 0, 57, 3.746, 3.566, 89.6, 27.7, 100, 0, 0, 34.581, 34.581, 6, 0.8, 95, 0, 0, 98.5, 63.38, 0, 0, 0, 0, 0, 14.1, 0, 13.533, 0, 3.278, 133, 0, 0, 0, 57, 1.024, 0.004, 0.004, 89.6, 27.7, 100, 0, 0, 141, 34.581, 34.581, 6, 0.8, 0, 95, 0, 0, 98.5, 63.38, 0, 0.2, 0, 0, 
16.25, 22.213, 100.44, 63.82, 64.481, , -1.005, 0.974, 1720.758, 1720.758, 3.08, -21.618, -21.618, -21.618, 39.503, 59.131, 35.136, 35.42, 7.379, 14.944, 0, 0, -3.493, -3.587, -3.493, -3.587, 1, 62.239, 62.239, 0.024, 0.031, -7.473, -7.675, -7.473, -7.675, 5.582, 7.379, 14.944, , , 1, 16.343, 0, 0, 13.572, 3.273, 133, 0, 0, 0, 57, 3.766, 3.586, 89.6, 27.774, 100, 0, 0, 34.681, 34.681, 6, 0.8, 95, 0, 0, 98.5, 63.38, 0, 0, 0, 0, 0, 14.1, 0, 13.572, 0, 3.273, 133, 0, 0, 0, 57, 1.024, 0.004, 0.004, 89.6, 27.774, 100, 0, 0, 141, 34.681, 34.681, 6, 0.8, 0, 95, 0, 0, 98.5, 63.38, 0, 0.2, 0, 0, 
16.3, 22.214, 100.44, 63.82, 64.481, , -0.978, 0.974, 1725.336, 1725.336, 3.042, -20.992, -20.992, -20.992, 38.346, 59.3, 35.172, 35.42, 7.379, 14.363, 0, 0, -3.39, -3.482, -3.39, -3.482, 1, 62.188, 62.188, 0.024, 0.031, -7.462, -7.664, -7.462, -7.664, 5.59, 7.379, 14.363, , , 1, 16.395, 0, 0, 13.612, 3.268, 133, 0, 0, 0, 57, 3.786, 3.606, 89.6, 27.847, 100, 0, 0, 34.78, 34.78, 6, 0.8, 95, 0, 0, 98.5, 63.38, 0, 0, 0, 0, 0, 14.1, 0, 13.612, 0, 3.268, 133, 0, 0, 0, 57, 1.024, 0.004, 0.004, 89.6, 27.847, 100, 0, 0, 141, 34.78, 34.78, 6, 0.8, 0, 95, 0, 0, 98.5, 63.38, 0, 0.2, 0, 0, 
16.35, 22.215, 100.44, 63.82, 64.48, , -0.895, 0.974, 1729.915, 1729.915, 3.003, -19.021, -19.021, -19.021, 37.203, 59.468, 35.208, 35.42, 7.378, 13.84, 0, 0, -3.07, -3.154, -3.07, -3.154, 1, 62.14, 62.14, 0.024, 0.031, -6.924, -7.111, -6.924, -7.111, 5.597, 7.378, 13.84, , , 1, 16.442, 0, 0, 13.652, 3.263, 133, 0, 0, 0, 57, 3.806, 3.626, 89.6, 27.92, 100, 0, 0, 34.879, 34.879, 6, 0.8, 95, 0, 0, 98.5, 63.38, 0, 0, 0, 0, 0, 14.1, 0, 13.652, 0, 3.263, 133, 0, 0, 0, 57, 1.024, 0.004, 0.004, 89.6, 27.92, 100, 0, 0, 141, 34.879, 34.879, 6, 0.8, 0, 95, 0, 0, 98.5, 63.38, 0, 0.2, 0, 0, 
16.4, 22.216, 100.44, 63.82, 64.479, , -0.759, 0.974, 1734.493, 1734.493, 2.965, -15.787, -15.787, -15.787, 36.04, 59.636, 35.24, 35.42, 7.378, 13.469, 0, 0, -2.547, -2.617, -2.547, -2.617, 1, 62.098, 62.098, 0.024, 0.032, -5.867, -6.027, -5.867, -6.027, 5.6, 7.378, 13.469, , , 1, 16.491, 0, 0, 13.691, 3.258, 133, 0, 0, 0, 57, 3.826, 3.646, 89.6, 27.994, 100, 0, 0, 34.978, 34.978, 6, 0.8, 95, 0, 0, 98.5, 63.38, 0, 0, 0, 0, 0, 14.1, 0, 13.691, 0, 3.258, 133, 0, 0, 0, 57, 1.024, 0.004, 0.004, 89.6, 27.994, 100, 0, 0, 141, 34.978, 34.978, 6, 0.8, 0, 95, 0, 0, 98.5, 63.38, 0, 0.2, 0, 0, 
16.45, 22.218, 100.44, 63.82, 64.478, , -0.668, 0.974, 1739.036, 1739.036, 2.926, -13.635, -13.635, -13.635, 34.869, 59.805, 35.24, 35.42, 7.378, 13.177, 0, 0, -2.198, -2.259, -2.198, -2.259, 1, 62.062, 62.062, 0.024, 0.032, -5.252, -5.395, -5.252, -5.395, 5.596, 7.378, 13.177, , , 1, 16.541, 0, 0, 13.7, 3.26, 133, 0, 0, 0, 57, 3.83, 3.635, 89.872, 28.01, 100, 0, 0, 35, 35, 6, 0.8, 95, 0, 0, 98.5, 63.286, 0, 0, 0, 0, 0, 14.1, 0, 13.7, 0, 3.26, 133, 0, 0, 0, 57, 1.024, 0.004, 0.004, 89.872, 28.01, 100, 0, 0, 141, 35, 35, 6, 0.8, 0, 95, 0, 0, 98.5, 63.286, 0, 0.2, 0, 0, 
16.5, 22.219, 100.44, 63.82, 64.478, , -0.662, 0.974, 1743.558, 1743.558, 2.888, -13.484, -13.484, -13.484, 33.691, 59.973, 35.24, 35.42, 7.378, 13.039, 0, 0, -2.173, -2.233, -2.173, -2.233, 1, 62.029, 62.029, 0.024, 0.032, -5.481, -5.631, -5.481, -5.631, 5.592, 7.378, 13.039, , , 1, 16.591, 0, 0, 13.7, 3.264, 133, 0, 0, 0, 57, 3.83, 3.616, 90.221, 28.01, 100, 0, 0, 35, 35, 6, 0.8, 95, 0, 0, 98.5, 63.166, 0, 0, 0, 0, 0, 14.1, 0, 13.7, 0, 3.264, 133, 0, 0, 0, 57, 1.024, 0.004, 0.004, 90.221, 28.01, 100, 0, 0, 141, 35, 35, 6, 0.8, 0, 95, 0, 0, 98.5, 63.166, 0, 0.2, 0, 0, 
16.55, 22.22, 100.44, 63.82, 64.477, , -0.683, 0.974, 1748.137, 1748.137, 2.849, -13.999, -13.999, -13.999, 32.532, 60.141, 35.24, 35.42, 7.379, 12.986, 0, 0, -2.255, -2.315, -2.255, -2.315, 1, 61.996, 61.996, 0.024, 0.032, -6.001, -6.165, -6.001, -6.165, 5.588, 7.379, 12.986, , , 1, 16.641, 0, 0, 13.7, 3.268, 133, 0, 0, 0, 57, 3.83, 3.596, 90.57, 28.01, 100, 0, 0, 35, 35, 6, 0.8, 95, 0, 0, 98.5, 63.046, 0, 0, 0, 0, 0, 14.1, 0, 13.7, 0, 3.268, 133, 0, 0, 0, 57, 1.024, 0.004, 0.004, 90.57, 28.01, 100, 0, 0, 141, 35, 35, 6, 0.8, 0, 95, 0, 0, 98.5, 63.046, 0, 0.2, 0, 0, 
16.6, 22.221, 100.44, 63.82, 64.476, , -0.753, 0.974, 1752.687, 1752.687, 2.811, -15.655, -15.655, -15.655, 31.356, 60.309, 35.24, 35.42, 7.379, 12.953, 0, 0, -2.52, -2.586, -2.52, -2.586, 1, 61.961, 61.961, 0.024, 0.032, -6.992, -7.183, -6.992, -7.183, 5.583, 7.379, 12.953, , , 1, 16.69, 0, 0, 13.7, 3.272, 133, 0, 0, 0, 57, 3.83, 3.577, 90.919, 28.01, 100, 0, 0, 35, 35, 6, 0.8, 95, 0, 0, 98.5, 62.926, 0, 0, 0, 0, 0, 14.1, 0, 13.7, 0, 3.272, 133, 0, 0, 0, 57, 1.024, 0.004, 0.004, 90.919, 28.01, 100, 0, 0, 141, 35, 35, 6, 0.8, 0, 95, 0, 0, 98.5, 62.926, 0, 0.2, 0, 0, 
16.65, 22.222, 100.44, 63.82, 64.475, , -0.877, 0.974, 1757.202, 1757.202, 2.772, -18.595, -18.595, -18.595, 30.177, 60.478, 35.251, 35.416, 7.38, 12.931, 0, 0, -2.991, -3.069, -2.991, -3.069, 1, 61.919, 61.919, 0.024, 0.032, -8.522, -8.755, -8.522, -8.755, 5.573, 7.38, 12.931, , , 1, 16.74, 0, 0, 13.7, 3.276, 133, 0, 0, 0, 57, 3.83, 3.557, 91.267, 28.01, 100, 0, 0, 35, 35, 6, 0.8, 95, 0, 0, 98.5, 62.806, 0, 0, 0, 0, 0, 14.1, 0, 13.7, 0, 3.276, 133, 0, 0, 0, 57, 1.024, 0.004, 0.004, 91.267, 28.01, 100, 0, 0, 141, 35, 35, 6, 0.8, 0, 95, 0, 0, 98.5, 62.806, 0, 0.2, 0, 0, 
16.7, 22.223, 100.44, 63.82, 64.474, , -0.975, 0.974, 1761.758, 1761.758, 2.734, -20.914, -20.914, -20.914, 29.015, 60.646, 35.359, 35.38, 7.38, 12.914, 0, 0, -3.362, -3.45, -3.362, -3.45, 1, 61.872, 61.872, 0.024, 0.032, -9.863, -10.13, -9.863, -10.13, 5.564, 7.38, 12.914, , , 1, 16.791, 0, 0, 13.674, 3.272, 133, 0, 0, 0, 57, 3.8, 3.535, 91.4, 27.962, 100, 0, 0, 34.936, 34.871, 5.871, 0.797, 94.743, 0, 0, 98.243, 62.76, 0, 0, 0, 0, 0, 14.1, 0, 13.674, 0, 3.272, 133, 0, 0, 0, 57, 1.024, 0.004, 0.004, 91.4, 27.962, 100, 0, 0, 141, 34.936, 34.871, 5.871, 0.797, 0, 94.743, 0, 0, 98.243, 62.76, 0, 0.2, 0, 0, 
16.75, 22.224, 100.44, 63.82, 64.474, , -0.982, 0.974, 1766.267, 1766.267, 2.695, -21.082, -21.082, -21.082, 27.843, 60.814, 35.467, 35.344, 7.379, 12.9, 0, 0, -3.386, -3.474, -3.386, -3.474, 1, 61.824, 61.824, 0.024, 0.032, -10.361, -10.642, -10.361, -10.642, 5.554, 7.379, 12.9, , , 1, 16.84, 0, 0, 13.633, 3.264, 133, 0, 0, 0, 57, 3.753, 3.51, 91.4, 27.886, 100, 0, 0, 34.832, 34.664, 5.664, 0.793, 94.328, 0, 0, 97.828, 62.76, 0, 0, 0, 0, 0, 14.1, 0, 13.633, 0, 3.264, 133, 0, 0, 0, 57, 1.024, 0.004, 0.004, 91.4, 27.886, 100, 0, 0, 141, 34.832, 34.664, 5.664, 0.793, 0, 94.328, 0, 0, 97.828, 62.76, 0, 0.2, 0, 0, 
16.8, 22.226, 100.44, 63.82, 64.473, , -1.005, 0.974, 1770.828, 1770.828, 2.657, -21.632, -21.632, -21.632, 26.678, 60.982, 35.575, 35.308, 7.379, 12.887, 0, 0, -3.472, -3.562, -3.472, -3.562, 1, 61.775, 61.775, 0.024, 0.032, -11.155, -11.458, -11.155, -11.458, 5.545, 7.379, 12.887, , , 1, 16.89, 0, 0, 13.591, 3.255, 133, 0, 0, 0, 57, 3.705, 3.485, 91.4, 27.809, 100, 0, 0, 34.728, 34.456, 5.456, 0.789, 93.913, 0, 0, 97.413, 62.76, 0, 0, 0, 0, 0, 14.1, 0, 13.591, 0, 3.255, 133, 0, 0, 0, 57, 1.024, 0.004, 0.003, 91.4, 27.809, 100, 0, 0, 141, 34.728, 34.456, 5.456, 0.789, 0, 93.913, 0, 0, 97.413, 62.76, 0, 0.2, 0, 0, 
16.85, 22.227, 100.44, 63.82, 64.472, , -1.132, 0.974, 1775.333, 1775.333, 2.618, -24.649, -24.649, -24.649, 25.501, 61.151, 35.683, 35.272, 7.378, 12.874, 0, 0, -3.95, -4.055, -3.95, -4.055, 1, 61.723, 61.723, 0.024, 0.032, -13.465, -13.83, -13.465, -13.83, 5.538, 7.378, 12.874, , , 1, 16.941, 0, 0, 13.55, 3.246, 133, 0, 0, 0, 57, 3.657, 3.46, 91.4, 27.732, 100, 0, 0, 34.624, 34.249, 5.249, 0.785, 93.498, 0, 0, 96.998, 62.76, 0, 0, 0, 0, 0, 14.1, 0, 13.55, 0, 3.246, 133, 0, 0, 0, 57, 1.024, 0.004, 0.003, 91.4, 27.732, 100, 0, 0, 141, 34.624, 34.249, 5.249, 0.785, 0, 93.498, 0, 0, 96.998, 62.76, 0, 0.2, 0, 0, 
16.9, 22.228, 100.44, 63.82, 64.471, , -1.37, 0.974, 1779.899, 1779.899, 2.58, -30.287, -30.287, -30.287, 24.33, 61.319, 35.758, 35.236, 7.378, 12.858, 0, 0, -4.846, -4.976, -4.846, -4.976, 1, 61.66, 61.66, 0.024, 0.032, -17.498, -17.971, -17.498, -17.971, 5.532, 7.378, 12.858, , , 1, 16.99, 0, 0, 13.508, 3.237, 133, 0, 0, 0, 57, 3.61, 3.435, 91.4, 27.655, 100, 0, 0, 34.521, 34.041, 5.041, 0.781, 93.083, 0, 0, 96.583, 62.76, 0, 0, 0, 0, 0, 14.1, 0, 13.508, 0, 3.237, 133, 0, 0, 0, 57, 1.024, 0.004, 0.003, 91.4, 27.655, 100, 0, 0, 141, 34.521, 34.041, 5.041, 0.781, 0, 93.083, 0, 0, 96.583, 62.76, 0, 0.2, 0, 0, 
16.95, 22.229, 100.44, 63.82, 64.471, , -1.518, 0.974, 1784.398, 1784.398, 2.541, -33.809, -33.809, -33.809, 23.156, 61.487, 35.542, 35.2, 7.377, 12.84, 0, 0, -5.404, -5.549, -5.404, -5.549, 1, 61.587, 61.587, 0.024, 0.032, -20.394, -20.947, -20.394, -20.947, 5.525, 7.377, 12.84, , , 1, 17.04, 0, 0, 13.5, 3.236, 133, 0, 0, 0, 56.846, 3.586, 3.424, 91.4, 27.356, 100, 0, 0, 34.423, 34, 5, 0.78, 93, 0, 0, 96.5, 62.664, 0, 0, 0, 0, 0, 14.1, 0, 13.5, 0, 3.236, 133, 0, 0, 0, 56.846, 1.024, 0.004, 0.003, 91.4, 27.356, 100, 0, 0, 141, 34.423, 34, 5, 0.78, 0, 93, 0, 0, 96.5, 62.664, 0, 0.2, 0, 0, 
17, 22.23, 100.44, 63.82, 64.47, , -1.678, 0.974, 1788.969, 1788.969, 2.503, -37.606, -37.606, -37.606, 21.986, 61.656, 35.326, 35.164, 7.377, 12.816, 0, 0, -6.003, -6.166, -6.003, -6.166, 1, 61.506, 61.506, 0.024, 0.032, -23.738, -24.378, -23.738, -24.378, 5.521, 7.377, 12.816, , , 1, 17.091, 0, 0, 13.5, 3.237, 133, 0, 0, 0, 56.653, 3.569, 3.416, 91.4, 27.001, 100, 0, 0, 34.326, 34, 5, 0.78, 93, 0, 0, 96.5, 62.545, 0, 0, 0, 0, 0, 14.1, 0, 13.5, 0, 3.237, 133, 0, 0, 0, 56.653, 1.024, 0.004, 0.003, 91.4, 27.001, 100, 0, 0, 141, 34.326, 34, 5, 0.78, 0, 93, 0, 0, 96.5, 62.545, 0, 0.2, 0, 0, 
17.05, 22.23, 100.44, 63.82, 64.471, , -1.963, 0.974, 1793.46, 1793.46, 2.464, -44.37, -44.37, -44.37, 20.824, 61.824, 35.11, 35.128, 7.377, 12.787, 0, 0, -7.072, -7.264, -7.072, -7.264, 1, 61.415, 61.415, 0.024, 0.032, -29.54, -30.339, -29.54, -30.339, 5.537, 7.377, 12.787, , , 1, 17.14, 0, 0, 13.5, 3.239, 133, 0, 0, 0, 56.459, 3.551, 3.408, 91.4, 26.645, 100, 0, 0, 34.23, 34, 5, 0.78, 93, 0, 0, 96.5, 62.425, 0, 0, 0, 0, 0, 14.1, 0, 13.5, 0, 3.239, 133, 0, 0, 0, 56.459, 1.024, 0.004, 0.003, 91.4, 26.645, 100, 0, 0, 141, 34.23, 34, 5, 0.78, 0, 93, 0, 0, 96.5, 62.425, 0, 0.2, 0, 0, 
17.1, 22.23, 100.44, 63.82, 64.472, , -2.111, 0.974, 1797.95, 1797.95, 2.426, -47.878, -47.878, -47.878, 19.659, 61.992, 34.894, 35.092, 7.377, 12.757, 0, 0, -7.62, -7.826, -7.62, -7.826, 1, 61.313, 61.313, 0.024, 0.032, -33.7, -34.61, -33.7, -34.61, 5.553, 7.377, 12.757, , , 1, 17.19, 0, 0, 13.5, 3.24, 133, 0, 0, 0, 56.266, 3.534, 3.401, 91.4, 26.29, 100, 0, 0, 34.133, 34, 5, 0.78, 93, 0, 0, 96.5, 62.305, 0, 0, 0, 0, 0, 14.1, 0, 13.5, 0, 3.24, 133, 0, 0, 0, 56.266, 1.024, 0.004, 0.003, 91.4, 26.29, 100, 0, 0, 141, 34.133, 34, 5, 0.78, 0, 93, 0, 0, 96.5, 62.305, 0, 0.2, 0, 0, 
17.15, 22.23, 100.44, 63.82, 64.472, , -2.047, 0.974, 1802.44, 1802.44, 2.387, -46.357, -46.357, -46.357, 18.478, 62.16, 34.711, 35.06, 7.377, 12.726, 0, 0, -7.366, -7.564, -7.366, -7.564, 1, 61.208, 61.208, 0.024, 0.032, -34.698, -35.633, -34.698, -35.633, 5.569, 7.377, 12.726, , , 1, 17.241, 0, 0, 13.5, 3.241, 133, 0, 0, 0, 56.073, 3.517, 3.393, 91.4, 25.935, 100, 0, 0, 34.037, 34, 5, 0.78, 93, 0, 0, 96.5, 62.185, 0, 0, 0, 0, 0, 14.1, 0, 13.5, 0, 3.241, 133, 0, 0, 0, 56.073, 1.024, 0.004, 0.003, 91.4, 25.935, 100, 0, 0, 141, 34.037, 34, 5, 0.78, 0, 93, 0, 0, 96.5, 62.185, 0, 0.2, 0, 0, 
17.2, 22.23, 100.44, 63.82, 64.473, , -2.066, 0.974, 1807.015, 1807.015, 2.349, -46.825, -46.825, -46.825, 17.289, 62.329, 34.817, 35.06, 7.377, 12.698, 0, 0, -7.431, -7.629, -7.431, -7.629, 1, 61.104, 61.104, 0.024, 0.032, -37.189, -38.193, -37.189, -38.193, 5.583, 7.377, 12.698, , , 1, 17.29, 0, 0, 13.46, 3.238, 133.23, 0, 0, 0, 55.885, 3.499, 3.373, 91.4, 25.715, 100, 0, 0, 33.885, 33.885, 5, 0.775, 92.828, 0, 0, 96.328, 62.069, 0, 0, 0, 0, 0, 14.1, 0, 13.46, 0, 3.238, 133.23, 0, 0, 0, 55.885, 1.024, 0.004, 0.003, 91.4, 25.715, 100, 0, 0, 141, 33.885, 33.885, 5, 0.775, 0, 92.828, 0, 0, 96.328, 62.069, 0, 0.2, 0, 0, 
17.25, 22.23, 100.44, 63.82, 64.474, , -2.066, 0.974, 1811.511, 1811.511, 2.31, -46.816, -46.816, -46.816, 16.104, 62.497, 34.924, 35.06, 7.377, 12.673, 0, 0, -7.42, -7.616, -7.42, -7.616, 1, 61, 61, 0.024, 0.032, -39.537, -40.604, -39.537, -40.604, 5.578, 7.377, 12.673, , , 1, 17.34, 0, 0, 13.395, 3.232, 133.6, 0, 0, 0, 55.7, 3.48, 3.345, 91.4, 25.578, 100, 0, 0, 33.7, 33.7, 5, 0.768, 92.55, 0, 0, 96.05, 61.954, 0, 0, 0, 0, 0, 14.1, 0, 13.395, 0, 3.232, 133.6, 0, 0, 0, 55.7, 1.023, 0.004, 0.003, 91.4, 25.577, 100, 0, 0, 141, 33.7, 33.7, 5, 0.768, 0, 92.55, 0, 0, 96.05, 61.954, 0, 0.2, 0, 0, 
17.3, 22.23, 100.44, 63.82, 64.475, , -1.913, 0.974, 1815.925, 1815.925, 2.272, -43.197, -43.197, -43.197, 14.92, 62.665, 35.031, 35.06, 7.377, 12.654, 0, 0, -6.836, -7.015, -6.836, -7.015, 1, 60.901, 60.901, 0.024, 0.032, -39.424, -40.487, -39.424, -40.487, 5.574, 7.377, 12.654, , , 1, 17.39, 0, 0, 13.33, 3.226, 133.97, 0, 0, 0, 55.515, 3.461, 3.317, 91.4, 25.441, 100, 0, 0, 33.515, 33.515, 5, 0.761, 92.272, 0, 0, 95.772, 61.839, 0, 0, 0, 0, 0, 14.1, 0, 13.33, 0, 3.226, 133.97, 0, 0, 0, 55.515, 1.022, 0.004, 0.003, 91.4, 25.44, 100, 0, 0, 141, 33.515, 33.515, 5, 0.761, 0, 92.272, 0, 0, 95.772, 61.839, 0, 0.2, 0, 0, 
17.35, 22.23, 100.44, 63.82, 64.475, , -1.757, 0.974, 1820.402, 1820.402, 2.233, -39.491, -39.491, -39.491, 13.738, 62.833, 35.138, 35.06, 7.377, 12.642, 0, 0, -6.239, -6.402, -6.239, -6.402, 1, 60.81, 60.81, 0.024, 0.032, -39.391, -40.455, -39.391, -40.455, 5.57, 7.377, 12.642, , , 1, 17.441, 0, 0, 13.265, 3.221, 134.341, 0, 0, 0, 55.33, 3.443, 3.289, 91.4, 25.304, 100, 0, 0, 33.33, 33.33, 5, 0.753, 91.994, 0, 0, 95.494, 61.724, 0, 0, 0, 0, 0, 14.1, 0, 13.265, 0, 3.221, 134.341, 0, 0, 0, 55.33, 1.021, 0.003, 0.003, 91.4, 25.302, 100, 0, 0, 141, 33.33, 33.33, 5, 0.753, 0, 91.994, 0, 0, 95.494, 61.724, 0, 0.2, 0, 0, 
17.4, 22.23, 100.44, 63.82, 64.476, , -1.682, 0.974, 1824.892, 1824.892, 2.195, -37.727, -37.727, -37.727, 12.537, 63.002, 35.247, 35.072, 7.377, 12.635, 0, 0, -5.951, -6.108, -5.951, -6.108, 1, 60.724, 60.724, 0.024, 0.032, -41.558, -42.682, -41.558, -42.682, 5.566, 7.377, 12.635, , , 1, 17.492, 0, 0, 13.201, 3.215, 134.711, 0, 0, 0, 55.144, 3.424, 3.262, 91.4, 25.167, 100, 0, 0, 33.144, 33.144, 5, 0.746, 91.717, 0, 0, 95.217, 61.61, 0, 0, 0, 0, 0, 14.1, 0, 13.201, 0, 3.215, 134.711, 0, 0, 0, 55.144, 1.021, 0.003, 0.003, 91.4, 25.165, 100, 0, 0, 141, 33.144, 33.144, 5, 0.746, 0, 91.717, 0, 0, 95.217, 61.61, 0, 0.2, 0, 0, 
17.45, 22.23, 100.44, 63.82, 64.477, , -1.626, 0.974, 1829.383, 1829.383, 2.156, -36.405, -36.405, -36.405, 11.336, 63.17, 35.429, 35.363, 7.377, 12.636, 0, 0, -5.733, -5.886, -5.733, -5.886, 1, 60.641, 60.641, 0.024, 0.032, -44.737, -45.947, -44.737, -45.947, 5.544, 7.377, 12.636, , , 1, 17.543, 0, 0, 13.148, 3.209, 135, 0, 0, 0, 55, 3.412, 3.24, 91.4, 25.06, 100, 0, 0, 33, 33, 5, 0.74, 91.5, 0, 0, 95, 61.52, 0, 0, 0, 0, 0, 14.1, 0, 13.148, 0, 3.209, 135, 0, 0, 0, 55, 1.02, 0.003, 0.003, 91.4, 25.06, 100, 0, 0, 141, 33, 33, 5, 0.74, 0, 91.5, 0, 0, 95, 61.52, 0, 0.2, 0, 0, 
17.5, 22.23, 100.44, 63.82, 64.478, , -1.614, 0.974, 1833.812, 1833.812, 2.118, -36.122, -36.122, -36.122, 10.141, 63.338, 35.612, 35.655, 7.377, 12.639, 0, 0, -5.68, -5.834, -5.68, -5.834, 1, 60.561, 60.561, 0.024, 0.032, -50.536, -51.902, -50.536, -51.902, 5.517, 7.377, 12.639, , , 1, 17.592, 0, 0, 13.137, 3.204, 135, 0, 0, 0, 55, 3.421, 3.24, 91.4, 25.06, 100, 0, 0, 33, 33, 5, 0.74, 91.5, 0, 0, 95, 61.52, 0, 0, 0, 0, 0, 14.1, 0, 13.137, 0, 3.204, 135, 0, 0, 0, 55, 1.019, 0.003, 0.003, 91.4, 25.06, 100, 0, 0, 141, 33, 33, 5, 0.74, 0, 91.5, 0, 0, 95, 61.52, 0, 0.2, 0, 0, 
17.55, 22.23, 100.44, 63.82, 64.478, , -1.648, 0.974, 1838.274, 1838.274, 2.079, -36.931, -36.931, -36.931, 8.926, 63.507, 35.794, 35.946, 7.377, 12.647, 0, 0, -5.798, -5.956, -5.798, -5.956, 1, 60.48, 60.48, 0.024, 0.032, -60.142, -61.768, -60.142, -61.768, 5.491, 7.377, 12.647, , , 1, 17.641, 0, 0, 13.126, 3.199, 135, 0, 0, 0, 55, 3.429, 3.24, 91.4, 25.06, 100, 0, 0, 33, 33, 5, 0.74, 91.5, 0, 0, 95, 61.52, 0, 0, 0, 0, 0, 14.1, 0, 13.126, 0, 3.199, 135, 0, 0, 0, 55, 1.018, 0.003, 0.003, 91.4, 25.06, 100, 0, 0, 141, 33, 33, 5, 0.74, 0, 91.5, 0, 0, 95, 61.52, 0, 0.2, 0, 0, 
17.6, 22.23, 100.44, 63.82, 64.479, , -1.636, 0.974, 1842.712, 1842.712, 2.041, -36.63, -36.63, -36.63, 7.722, 63.675, 35.976, 36.238, 7.377, 12.655, 0, 0, -5.744, -5.901, -5.744, -5.901, 1, 60.397, 60.397, 0.024, 0.032, -68.97, -70.835, -68.97, -70.835, 5.465, 7.377, 12.655, , , 1, 17.69, 0, 0, 13.115, 3.194, 135, 0, 0, 0, 55, 3.438, 3.24, 91.4, 25.06, 100, 0, 0, 33, 33, 5, 0.74, 91.5, 0, 0, 95, 61.52, 0, 0, 0, 0, 0, 14.1, 0, 13.115, 0, 3.194, 135, 0, 0, 0, 55, 1.017, 0.003, 0.003, 91.4, 25.06, 100, 0, 0, 141, 33, 33, 5, 0.74, 0, 91.5, 0, 0, 95, 61.52, 0, 0.2, 0, 0, 
17.65, 22.23, 100.44, 63.82, 64.48, , -1.584, 0.974, 1847.117, 1847.117, 2.002, -35.402, -35.402, -35.402, 6.493, 63.843, 36.111, 36.478, 7.377, 12.664, 0, 0, -5.545, -5.697, -5.545, -5.697, 1, 60.315, 60.315, 0.024, 0.032, -79.64, -81.793, -79.64, -81.793, 5.435, 7.377, 12.664, , , 1, 17.741, 0, 0, 13.104, 3.189, 135, 0, 0, 0, 55, 3.447, 3.24, 91.4, 25.06, 100, 0, 0, 33, 33, 5, 0.74, 91.5, 0, 0, 95, 61.52, 0, 0, 0, 0, 0, 14.1, 0, 13.104, 0, 3.189, 135, 0, 0, 0, 55, 1.016, 0.003, 0.003, 91.4, 25.06, 100, 0, 0, 141, 33, 33, 5, 0.74, 0, 91.5, 0, 0, 95, 61.52, 0, 0.2, 0, 0, 
17.7, 22.23, 100.44, 63.82, 64.481, , -1.534, 0.974, 1851.565, 1851.565, 1.964, -34.229, -34.229, -34.229, 5.278, 64.011, 35.823, 36.262, 7.377, 12.669, 0, 0, -5.356, -5.501, -5.356, -5.501, 1, 60.238, 60.238, 0.024, 0.032, -99.407, -102.093, -99.407, -102.093, 5.403, 7.377, 12.669, , , 1, 17.791, 0, 0, 13.112, 3.184, 135, 0, 0, 0, 55, 3.451, 3.243, 91.4, 25.081, 100, 0, 0, 33.029, 33.029, 4.942, 0.739, 91.442, 0, 0, 94.942, 61.412, 0, 0, 0, 0, 0, 14.1, 0, 13.112, 0, 3.184, 135, 0, 0, 0, 55, 1.016, 0.003, 0.003, 91.4, 25.082, 100, 0, 0, 141, 33.029, 33.029, 4.942, 0.739, 0, 91.442, 0, 0, 94.942, 61.412, 0, 0.2, 0, 0, 
17.75, 22.23, 100.44, 63.82, 64.482, , -1.451, 0.974, 1856.017, 1856.017, 1.925, -32.26, -32.26, -32.26, 4.06, 64.18, 35.535, 36.046, 7.378, 12.667, 0, 0, -5.042, -5.178, -5.042, -5.178, 1, 60.162, 60.162, 0.024, 0.031, -145.334, -149.261, -145.334, -149.261, 5.371, 7.378, 12.667, , , 1, 17.841, 0, 0, 13.131, 3.18, 135, 0, 0, 0, 55, 3.453, 3.249, 91.4, 25.117, 100, 0, 0, 33.077, 33.077, 4.846, 0.737, 91.346, 0, 0, 94.846, 61.231, 0, 0, 0, 0, 0, 14.1, 0, 13.131, 0, 3.18, 135, 0, 0, 0, 55, 1.016, 0.003, 0.003, 91.4, 25.117, 100, 0, 0, 141, 33.077, 33.077, 4.846, 0.737, 0, 91.346, 0, 0, 94.846, 61.231, 0, 0.2, 0, 0, 
17.8, 22.23, 100.44, 63.82, 64.482, , -1.357, 0.974, 1860.422, 1860.422, 1.887, -30.033, -30.033, -30.033, 2.839, 64.348, 35.247, 35.83, 7.378, 12.662, 0, 0, -4.689, -4.814, -4.689, -4.814, 1, 60.092, 60.092, 0.024, 0.031, -182.794, -187.732, -182.794, -187.732, 5.34, 7.378, 12.662, , , 1, 17.89, 0, 0, 13.15, 3.176, 135, 0, 0, 0, 55, 3.455, 3.255, 91.4, 25.152, 100, 0, 0, 33.125, 33.125, 4.75, 0.735, 91.25, 0, 0, 94.75, 61.05, 0, 0, 0, 0, 0, 14.1, 0, 13.15, 0, 3.176, 135, 0, 0, 0, 55, 1.016, 0.003, 0.003, 91.4, 25.153, 100, 0, 0, 141, 33.125, 33.125, 4.75, 0.735, 0, 91.25, 0, 0, 94.75, 61.05, 0, 0.2, 0, 0, 
17.85, 22.23, 100.44, 63.82, 64.483, , -1.366, 0.974, 1864.828, 1864.828, 1.848, -30.248, -30.248, -30.248, 5.624, 64.516, 34.959, 35.614, 7.379, 12.648, 0, 0, -4.716, -4.841, -4.716, -4.841, 1, 60.025, 60.025, 0.024, 0.031, -172.145, -176.794, -172.145, -176.794, 5.32, 7.379, 12.648, , , 1, 17.94, 0, 0, 13.169, 3.171, 135, 0, 0, 0, 55, 3.457, 3.261, 91.4, 25.188, 100, 0, 0, 33.173, 33.173, 4.654, 0.733, 91.154, 0, 0, 94.654, 60.869, 0, 0, 0, 0, 0, 14.1, 0, 13.169, 0, 3.171, 135, 0, 0, 0, 55, 1.016, 0.003, 0.003, 91.4, 25.188, 100, 0, 0, 141, 33.173, 33.173, 4.654, 0.733, 0, 91.154, 0, 0, 94.654, 60.869, 0, 0.2, 0, 0, 
17.9, 22.23, 100.44, 63.82, 64.484, , -1.444, 0.974, 1869.234, 1869.234, 1.81, -32.098, -32.098, -32.098, 13.026, 64.684, 34.729, 35.478, 7.379, 12.633, 0, 0, -4.998, -5.13, -4.998, -5.13, 1, 59.955, 59.955, 0.024, 0.031, -157.179, -161.423, -157.179, -161.423, 5.321, 7.379, 12.633, , , 1, 17.99, 0, 0, 13.188, 3.167, 135, 0, 0, 0, 55, 3.459, 3.267, 91.4, 25.224, 100, 0, 0, 33.221, 33.221, 4.558, 0.731, 91.058, 0, 0, 94.558, 60.688, 0, 0, 0, 0, 0, 14.1, 0, 13.188, 0, 3.167, 135, 0, 0, 0, 55, 1.016, 0.003, 0.003, 91.4, 25.224, 100, 0, 0, 141, 33.221, 33.221, 4.558, 0.731, 0, 91.058, 0, 0, 94.558, 60.688, 0, 0.2, 0, 0, 
17.95, 22.23, 100.44, 63.82, 64.485, , -1.427, 0.974, 1873.639, 1873.639, 1.771, -31.691, -31.691, -31.691, 22.769, 64.853, 35.017, 36.054, 7.38, 12.615, 0, 0, -4.928, -5.06, -4.928, -5.06, 1, 59.883, 59.883, 0.024, 0.031, -132.663, -136.246, -132.663, -136.246, 5.321, 7.38, 12.615, , , 1, 18.04, 0, 0, 13.2, 3.163, 135, 0, 0, 0, 55, 3.46, 3.27, 91.4, 25.23, 100, 0, 0, 33.229, 33.229, 4.542, 0.731, 91, 0, 0, 94.5, 60.554, 0, 0, 0, 0, 0, 14.1, 0, 13.2, 0, 3.163, 135, 0, 0, 0, 55, 1.016, 0.003, 0.003, 91.4, 25.23, 100, 0, 0, 141, 33.229, 33.229, 4.542, 0.731, 0, 91, 0, 0, 94.5, 60.554, 0, 0.2, 0, 0, 
18, 22.23, 100.44, 63.82, 64.485, , -1.438, 0.974, 1878.045, 1878.045, 1.733, -31.953, -31.953, -31.953, 32.939, 65.021, 35.305, 36.63, 7.38, 12.596, 0, 0, -4.963, -5.096, -4.963, -5.096, 1, 59.813, 59.813, 0.024, 0.031, -90.221, -92.658, -90.221, -92.658, 5.322, 7.38, 12.596, , , 1, 18.09, 0, 0, 13.2, 3.162, 135, 0, 0, 0, 55, 3.46, 3.27, 91.4, 25.191, 100, 0, 0, 33.177, 33.177, 4.646, 0.733, 91, 0, 0, 94.5, 60.489, 0, 0, 0, 0, 0, 14.1, 0, 13.2, 0, 3.162, 135, 0, 0, 0, 55, 1.016, 0.003, 0.003, 91.4, 25.191, 100, 0, 0, 141, 33.177, 33.177, 4.646, 0.733, 0, 91, 0, 0, 94.5, 60.489, 0, 0.2, 0, 0, 
18.05, 22.23, 100.44, 63.82, 64.486, , -1.61, 0.974, 1882.442, 1882.442, 2.103, -36.032, -36.032, -36.032, 43.062, 59.758, 35.593, 37.206, 7.38, 12.576, 0, 0, -5.589, -5.738, -5.589, -5.738, 1, 59.737, 59.737, 0.024, 0.031, -16.77, -17.224, -16.77, -17.224, 5.329, 7.38, 12.576, , , 1, 18.14, 0, 0, 13.2, 3.16, 135, 0, 0, 0, 55, 3.46, 3.27, 91.4, 25.152, 100, 0, 0, 33.124, 33.124, 4.751, 0.735, 91, 0, 0, 94.5, 60.424, 0, 0, 0, 0, 0, 14.1, 0, 13.2, 0, 3.16, 135, 0, 0, 0, 55, 1.016, 0.003, 0.003, 91.4, 25.152, 100, 0, 0, 141, 33.124, 33.124, 4.751, 0.735, 0, 91, 0, 0, 94.5, 60.424, 0, 0.2, 0, 0, 
18.1, 22.23, 100.44, 63.82, 64.487, , -1.64, 0.974, 1886.768, 1886.768, 2.795, -36.745, -36.745, -36.745, 50.527, 50.228, 35.881, 37.782, 7.38, 12.558, 0, 0, -5.692, -5.844, -5.692, -5.844, 1, 59.656, 59.656, 0.024, 0.031, -10.191, -10.469, -10.191, -10.469, 5.363, 7.38, 12.558, , , 1, 18.19, 0, 0, 13.2, 3.158, 135, 0, 0, 0, 55, 3.46, 3.27, 91.4, 25.113, 100, 0, 0, 33.072, 33.072, 4.856, 0.737, 91, 0, 0, 94.5, 60.359, 0, 0, 0, 0, 0, 14.1, 0, 13.2, 0, 3.158, 135, 0, 0, 0, 55, 1.016, 0.003, 0.003, 91.4, 25.113, 100, 0, 0, 141, 33.072, 33.072, 4.856, 0.737, 0, 91, 0, 0, 94.5, 60.359, 0, 0.2, 0, 0, 
18.15, 22.23, 100.44, 63.82, 64.488, , -1.537, 0.974, 1891.174, 1891.174, 3.426, -34.3, -34.3, -34.3, 53.406, 43.132, 36.123, 38.241, 7.38, 12.545, 0, 0, -5.305, -5.448, -5.305, -5.448, 1, 59.576, 59.576, 0.024, 0.031, -8.661, -8.899, -8.661, -8.899, 5.397, 7.38, 12.545, , , 1, 18.241, 0, 0, 13.2, 3.157, 135, 0, 0, 0, 55, 3.46, 3.27, 91.4, 25.075, 100, 0, 0, 33.02, 33.02, 4.96, 0.739, 91, 0, 0, 94.5, 60.295, 0, 0, 0, 0, 0, 14.1, 0, 13.2, 0, 3.157, 135, 0, 0, 0, 55, 1.016, 0.003, 0.003, 91.4, 25.075, 100, 0, 0, 141, 33.02, 33.02, 4.96, 0.739, 0, 91, 0, 0, 94.5, 60.295, 0, 0.2, 0, 0, 
18.2, 22.23, 100.44, 63.82, 64.488, , -1.531, 0.974, 1895.579, 1895.579, 3.349, -34.157, -34.157, -34.157, 52.988, 57.59, 35.95, 37.655, 7.38, 12.535, 0, 0, -5.277, -5.419, -5.277, -5.419, 1, 59.5, 59.5, 0.024, 0.031, -8.787, -9.026, -8.787, -9.026, 5.431, 7.38, 12.535, , , 1, 18.291, 0, 0.008, 13.188, 3.153, 135, 0, 0, 0, 54.821, 3.415, 3.216, 91.4, 25.104, 100, 0, 0, 32.97, 32.97, 4.94, 0.736, 90.881, 0, 0, 94.411, 60.233, 0, 0, 0, 0, 0, 14.1, 0.008, 13.188, 0, 3.153, 135, 0, 0, 0, 54.821, 1.016, 0.003, 0.003, 91.4, 25.104, 100, 0, 0, 141, 32.97, 32.97, 4.94, 0.736, 0, 90.881, 0, 0, 94.411, 60.233, 0, 0.194, 0, 0, 
18.25, 22.23, 100.44, 63.82, 64.489, , -1.638, 0.974, 1899.912, 1899.912, 3.257, -36.709, -36.709, -36.709, 51.489, 58.371, 35.778, 37.069, 7.38, 12.531, 0, 0, -5.664, -5.816, -5.664, -5.816, 1, 59.419, 59.419, 0.024, 0.031, -9.704, -9.969, -9.704, -9.969, 5.465, 7.38, 12.531, , , 1, 18.34, 0, 0.02, 13.169, 3.148, 135, 0, 0, 0, 54.533, 3.343, 3.13, 91.4, 25.175, 100, 0, 0, 32.922, 32.922, 4.844, 0.731, 90.688, 0, 0, 94.266, 60.173, 0, 0, 0, 0, 0, 14.1, 0.02, 13.169, 0, 3.148, 135, 0, 0, 0, 54.533, 1.016, 0.003, 0.003, 91.4, 25.175, 100, 0, 0, 141, 32.922, 32.922, 4.844, 0.731, 0, 90.688, 0, 0, 94.266, 60.173, 0, 0.184, 0, 0, 
18.3, 22.23, 100.44, 63.82, 64.49, , -1.917, 0.974, 1904.303, 1904.303, 3.165, -43.336, -43.336, -43.336, 50.008, 59.152, 35.606, 36.483, 7.38, 12.53, 0, 0, -6.67, -6.851, -6.67, -6.851, 1, 59.33, 59.33, 0.024, 0.031, -11.99, -12.315, -11.99, -12.315, 5.462, 7.38, 12.53, , , 1, 18.39, 0, 0.033, 13.15, 3.144, 135, 0, 0, 0, 54.244, 3.271, 3.043, 91.4, 25.246, 100, 0, 0, 32.874, 32.874, 4.748, 0.725, 90.496, 0, 0, 94.122, 60.114, 0, 0, 0, 0, 0, 14.1, 0.033, 13.15, 0, 3.144, 135, 0, 0, 0, 54.244, 1.016, 0.003, 0.003, 91.4, 25.246, 100, 0, 0, 141, 32.874, 32.874, 4.748, 0.725, 0, 90.496, 0, 0, 94.122, 60.114, 0, 0.175, 0, 0, 
18.35, 22.23, 100.44, 63.82, 64.49, , -2.468, 0.974, 1908.646, 1908.646, 3.073, -56.402, -56.402, -56.402, 48.551, 59.933, 35.433, 35.897, 7.379, 12.538, 0, 0, -8.655, -8.889, -8.655, -8.889, 1, 59.223, 59.223, 0.024, 0.031, -16.284, -16.724, -16.284, -16.724, 5.457, 7.379, 12.538, , , 1, 18.44, 0, 0.045, 13.13, 3.139, 135, 0, 0, 0, 53.956, 3.199, 2.957, 91.4, 25.318, 100, 0, 0, 32.826, 32.826, 4.652, 0.719, 90.304, 0, 0, 93.978, 60.054, 0, 0, 0, 0, 0, 14.1, 0.045, 13.13, 0, 3.139, 135, 0, 0, 0, 53.956, 1.016, 0.003, 0.003, 91.4, 25.318, 100, 0, 0, 141, 32.826, 32.826, 4.652, 0.719, 0, 90.304, 0, 0, 93.978, 60.054, 0, 0.165, 0, 0, 
18.4, 22.23, 100.44, 63.82, 64.49, , -3.089, 0.974, 1913.026, 1913.026, 2.981, -71.141, -71.141, -71.141, 47.108, 60.714, 35.261, 35.31, 7.379, 12.548, 0, 0, -10.887, -11.182, -10.887, -11.182, 1, 59.084, 59.084, 0.024, 0.031, -21.14, -21.71, -21.14, -21.71, 5.453, 7.379, 12.548, , , 1, 18.49, 0, 0.058, 13.111, 3.134, 135, 0, 0, 0, 53.667, 3.127, 2.87, 91.4, 25.389, 100, 0, 0, 32.778, 32.778, 4.556, 0.713, 90.112, 0, 0, 93.834, 59.995, 0, 0, 0, 0, 0, 14.1, 0.058, 13.111, 0, 3.134, 135, 0, 0, 0, 53.667, 1.016, 0.003, 0.003, 91.4, 25.389, 100, 0, 0, 141, 32.778, 32.778, 4.556, 0.713, 0, 90.112, 0, 0, 93.834, 59.995, 0, 0.156, 0, 0, 
18.45, 22.23, 100.44, 63.82, 64.49, , -3.649, 0.974, 1917.381, 1917.381, 2.889, -84.422, -84.422, -84.422, 45.657, 61.496, 35.24, 35.207, 7.379, 12.564, 0, 0, -12.89, -13.239, -12.89, -13.239, 1, 58.912, 58.912, 0.024, 0.031, -25.647, -26.339, -25.647, -26.339, 5.448, 7.379, 12.564, , , 1, 18.54, 0, 0.071, 13.091, 3.13, 135, 0, 0, 0, 53.364, 3.056, 2.784, 91.4, 25.463, 100, 0, 0, 32.682, 32.682, 4.455, 0.707, 89.909, 0, 0, 93.682, 59.932, 0, 0, 0, 0, 0, 14.1, 0.071, 13.091, 0, 3.13, 135, 0, 0, 0, 53.364, 1.016, 0.003, 0.002, 91.4, 25.464, 100, 0, 0, 141, 32.682, 32.682, 4.455, 0.707, 0, 89.909, 0, 0, 93.682, 59.932, 0, 0.145, 0, 0, 
18.5, 22.23, 100.44, 63.82, 64.49, , -4.066, 0.974, 1921.705, 1921.705, 2.798, -94.338, -94.338, -94.338, 44.238, 62.277, 35.24, 35.169, 7.379, 12.669, 0, 0, -14.373, -14.762, -14.373, -14.762, 1, 58.718, 58.718, 0.024, 0.031, -29.263, -30.053, -29.263, -30.053, 5.429, 7.379, 12.669, , , 1, 18.59, 0, 0.085, 13.069, 3.127, 135, 0, 0, 0, 53.041, 2.989, 2.698, 91.4, 25.543, 100, 0, 0, 32.52, 32.52, 4.347, 0.701, 89.694, 0, 0, 93.52, 59.865, 0, 0, 0, 0, 0, 14.1, 0.085, 13.069, 0, 3.127, 135, 0, 0, 0, 53.041, 1.016, 0.003, 0.002, 91.4, 25.544, 100, 0, 0, 141, 32.52, 32.52, 4.347, 0.701, 0, 89.694, 0, 0, 93.52, 59.865, 0, 0.135, 0, 0, 
18.55, 22.23, 100.44, 63.82, 64.49, , -4.229, 0.974, 1926.029, 1926.029, 2.706, -98.199, -98.199, -98.199, 42.818, 63.058, 35.24, 35.132, 7.379, 13.129, 0, 0, -14.923, -15.326, -14.923, -15.326, 1, 58.505, 58.505, 0.024, 0.032, -31.216, -32.059, -31.216, -32.059, 5.409, 7.379, 13.129, , , 1, 18.64, 0, 0.099, 13.048, 3.123, 135, 0, 0, 0, 52.718, 2.921, 2.611, 91.4, 25.623, 100, 0, 0, 32.359, 32.359, 4.239, 0.694, 89.478, 0, 0, 93.359, 59.798, 0, 0, 0, 0, 0, 14.1, 0.099, 13.048, 0, 3.123, 135, 0, 0, 0, 52.718, 1.016, 0.003, 0.002, 91.4, 25.624, 100, 0, 0, 141, 32.359, 32.359, 4.239, 0.694, 0, 89.478, 0, 0, 93.359, 59.798, 0, 0.124, 0, 0, 
18.6, 22.23, 100.44, 63.82, 64.49, , -4.004, 0.974, 1930.353, 1930.353, 2.614, -92.864, -92.864, -92.864, 41.382, 63.839, 35.24, 35.094, 7.379, 13.677, 0, 0, -14.07, -14.449, -14.07, -14.449, 1, 58.292, 58.292, 0.024, 0.032, -30.393, -31.214, -30.393, -31.214, 5.389, 7.379, 13.677, , , 1, 18.691, 0, 0.113, 13.026, 3.12, 135, 0, 0, 0, 52.394, 2.853, 2.525, 91.4, 25.703, 100, 0, 0, 32.197, 32.197, 4.131, 0.688, 89.263, 0, 0, 93.197, 59.732, 0, 0, 0, 0, 0, 14.1, 0.113, 13.026, 0, 3.12, 135, 0, 0, 0, 52.394, 1.016, 0.003, 0.002, 91.4, 25.704, 100, 0, 0, 141, 32.197, 32.197, 4.131, 0.688, 0, 89.263, 0, 0, 93.197, 59.732, 0, 0.113, 0, 0, 
18.65, 22.23, 100.44, 63.82, 64.49, , -3.49, 0.974, 1934.654, 1934.654, 2.522, -80.684, -80.684, -80.684, 39.936, 64.62, 35.222, 35.082, 7.38, 14.623, 0, 0, -12.186, -12.515, -12.186, -12.515, 1, 58.107, 58.107, 0.024, 0.032, -27.29, -28.029, -27.29, -28.029, 5.368, 7.38, 14.623, , , 1, 18.741, 0, 0.127, 13.005, 3.117, 135, 0, 0, 0, 52.071, 2.785, 2.439, 91.4, 25.782, 100, 0, 0, 32.036, 32.036, 4.024, 0.681, 89.047, 0, 0, 93.036, 59.665, 0, 0, 0, 0, 0, 14.1, 0.127, 13.005, 0, 3.117, 135, 0, 0, 0, 52.071, 1.016, 0.003, 0.002, 91.4, 25.784, 100, 0, 0, 141, 32.036, 32.036, 4.024, 0.681, 0, 89.047, 0, 0, 93.036, 59.665, 0, 0.102, 0, 0, 
18.7, 22.23, 100.44, 63.82, 64.49, , -3.145, 0.974, 1938.899, 1938.899, 2.43, -72.487, -72.487, -72.487, 38.45, 65.401, 35.042, 35.298, 7.38, 15.643, 0, 0, -10.915, -11.208, -10.915, -11.208, 1, 57.942, 57.942, 0.024, 0.032, -25.521, -26.212, -25.521, -26.212, 5.364, 7.38, 15.643, , , 1, 18.792, 0.203, 0.11, 13, 3.108, 135, 0, 0, 0, 52.157, 2.989, 2.689, 91.4, 24.581, 100, 0, 0, 31.764, 31.764, 3.371, 0.66, 88.764, 0, 0, 92.764, 59.455, 0, 0, 0.203, 0, 0, 14.1, 0.11, 13, 0, 3.108, 135, 0, 0, 0, 52.157, 1.016, 0.003, 0.002, 91.4, 24.55, 100, 0, 0, 141, 31.764, 31.764, 3.371, 0.66, 0, 88.764, 0, 0, 92.764, 59.455, 0, 0.1, 0, 0, 
18.75, 22.23, 100.44, 63.82, 64.49, , -3.233, 0.974, 1943.152, 1943.152, 2.338, -74.593, -74.593, -74.593, 36.956, 66.182, 34.862, 35.514, 7.38, 17.118, 0, 0, -11.191, -11.491, -11.191, -11.491, 1, 57.781, 57.781, 0.024, 0.032, -27.723, -28.472, -27.723, -28.472, 5.366, 7.38, 17.118, , , 1, 18.843, 0.463, 0.083, 13, 3.097, 135, 0, 0, 0, 52.359, 3.269, 3.034, 91.4, 23.019, 100, 0, 0, 31.462, 31.462, 2.565, 0.633, 88.462, 0, 0, 92.462, 59.205, 0, 0, 0.463, 0, 0, 14.1, 0.083, 13, 0, 3.097, 135, 0, 0, 0, 52.359, 1.016, 0.003, 0.003, 91.4, 22.988, 100, 0, 0, 141, 31.462, 31.462, 2.565, 0.633, 0, 88.462, 0, 0, 92.462, 59.205, 0, 0.1, 0, 0, 
18.8, 22.23, 100.44, 63.82, 64.49, , -3.448, 0.974, 1947.473, 1947.473, 2.246, -79.697, -79.697, -79.697, 35.46, 66.964, 34.682, 35.73, 7.379, 18.518, 0, 0, -11.912, -12.232, -11.912, -12.232, 1, 57.612, 57.612, 0.024, 0.032, -31.22, -32.063, -31.22, -32.063, 5.368, 7.379, 18.518, , , 1, 18.893, 0.723, 0.057, 13, 3.086, 135, 0, 0, 0, 52.56, 3.549, 3.378, 91.4, 21.456, 100, 0, 0, 31.159, 31.159, 1.758, 0.607, 88.159, 0, 0, 92.159, 58.955, 0, 0, 0.723, 0, 0, 14.1, 0.057, 13, 0, 3.086, 135, 0, 0, 0, 52.56, 1.016, 0.004, 0.003, 91.4, 21.425, 100, 0, 0, 141, 31.159, 31.159, 1.758, 0.607, 0, 88.159, 0, 0, 92.159, 58.955, 0, 0.1, 0, 0, 
18.85, 22.23, 100.44, 63.82, 64.49, , -3.493, 0.974, 1951.643, 1951.643, 2.155, -80.76, -80.76, -80.76, 33.956, 67.745, 34.502, 35.946, 7.379, 19.363, 0, 0, -12.032, -12.356, -12.032, -12.356, 1, 57.437, 57.437, 0.024, 0.032, -33.104, -33.997, -33.104, -33.997, 5.37, 7.379, 19.363, , , 1, 18.942, 0.983, 0.031, 13, 3.076, 135, 0, 0, 0, 52.762, 3.829, 3.723, 91.4, 19.894, 100, 0, 0, 30.857, 30.857, 0.952, 0.581, 87.857, 0, 0, 91.857, 58.705, 0, 0, 0.983, 0, 0, 14.1, 0.031, 13, 0, 3.076, 135, 0, 0, 0, 52.762, 1.016, 0.004, 0.004, 91.4, 19.862, 100, 0, 0, 141, 30.857, 30.857, 0.952, 0.581, 0, 87.857, 0, 0, 91.857, 58.705, 0, 0.1, 0, 0, 
18.9, 22.23, 100.44, 63.82, 64.49, , -3.618, 0.974, 1955.881, 1955.881, 2.063, -83.731, -83.731, -83.731, 32.441, 68.526, 34.376, 36.104, 7.378, 20.139, 0, 0, -12.445, -12.779, -12.445, -12.779, 1, 57.257, 57.257, 0.024, 0.032, -35.55, -36.507, -35.55, -36.507, 5.379, 7.378, 20.139, , , 1, 18.992, 1.243, 0.005, 13, 3.065, 135, 0, 0, 0, 52.964, 4.11, 4.068, 91.4, 18.331, 100, 0, 0, 30.554, 30.554, 0.145, 0.555, 87.554, 0, 0, 91.554, 58.455, 0, 0, 1.243, 0, 0, 14.1, 0.005, 13, 0, 3.065, 135, 0, 0, 0, 52.964, 1.016, 0.004, 0.004, 91.4, 18.3, 100, 0, 0, 141, 30.554, 30.554, 0.145, 0.555, 0, 87.554, 0, 0, 91.554, 58.455, 0, 0.1, 0, 0, 
18.95, 22.23, 100.44, 63.82, 64.49, , -2.295, 0.974, 1960.126, 1960.126, 1.971, -52.351, -52.351, -52.351, 30.908, 69.307, 34.736, 35.744, 7.378, 20.284, 0, 0, -7.789, -7.997, -7.789, -7.997, 1, 57.097, 57.097, 0.024, 0.032, -20.688, -21.243, -20.688, -21.243, 5.395, 7.378, 20.284, , , 1, 19.043, 1.09, 0.009, 13, 3.058, 135, 0, 0, 0, 52.369, 3.862, 3.824, 91.4, 18.749, 100, 0, 0, 30.5, 30.5, 0, 0.55, 87.263, 0, 0, 91.421, 58.312, 0, 0, 1.09, 0, 0, 14.1, 0.009, 13, 0, 3.058, 135, 0, 0, 0, 52.369, 1.016, 0.004, 0.004, 91.4, 18.763, 100, 0, 0, 141, 30.5, 30.5, 0, 0.55, 0, 87.263, 0, 0, 91.421, 58.312, 0, 0.1, 0, 0, 
19, 22.23, 100.44, 63.82, 64.49, , -0.361, 0.974, 1964.319, 1964.319, 1.879, -6.473, -6.473, -6.473, 29.347, 70.088, 35.096, 35.384, 7.377, 20.368, 0, 0, -0.965, -0.989, -0.965, -0.989, 1, 57.024, 57.024, 0.024, 0.032, 1.715, 1.764, 1.715, 1.764, 5.411, 7.377, 20.368, , , 1, 19.093, 0.845, 0.021, 13, 3.051, 135, 0, 0, 0, 51.6, 3.498, 3.451, 91.4, 19.6, 100, 0, 0, 30.5, 30.5, 0, 0.55, 86.975, 0, 0, 91.325, 58.193, 0, 0, 0.845, 0, 0, 14.1, 0.021, 13, 0, 3.051, 135, 0, 0, 0, 51.6, 1.016, 0.003, 0.003, 91.4, 19.612, 100, 0, 0, 141, 30.5, 30.5, 0, 0.55, 0, 86.975, 0, 0, 91.325, 58.193, 0, 0.1, 0, 0, 
19.05, 22.23, 100.44, 63.82, 64.49, , 0.436, 0.974, 1968.532, 1968.532, 1.787, 12.447, 12.447, 12.447, 27.739, 70.869, 35.456, 35.024, 7.377, 19.727, 0, 0, 1.849, 1.902, 1.849, 1.902, 1, 57.048, 57.048, 0.024, 0.032, 8.94, 9.183, 8.94, 9.183, 5.428, 7.377, 19.727, , , 1, 19.143, 0.601, 0.033, 13, 3.045, 135, 0, 0, 0, 50.831, 3.135, 3.078, 91.4, 20.452, 100, 0, 0, 30.5, 30.5, 0, 0.55, 86.687, 0, 0, 91.229, 58.074, 0, 0, 0.601, 0, 0, 14.1, 0.033, 13, 0, 3.045, 135, 0, 0, 0, 50.831, 1.016, 0.003, 0.003, 91.4, 20.46, 100, 0, 0, 141, 30.5, 30.5, 0, 0.55, 0, 86.687, 0, 0, 91.229, 58.074, 0, 0.1, 0, 0, 
19.1, 22.23, 100.44, 63.82, 64.49, , 0.37, 0.974, 1972.741, 1972.741, 1.695, 10.872, 10.872, 10.872, 26.099, 71.65, 35.816, 34.664, 7.377, 19.091, 0, 0, 1.609, 1.655, 1.609, 1.655, 1, 57.068, 57.068, 0.024, 0.032, 4.828, 4.959, 4.828, 4.959, 5.442, 7.377, 19.091, , , 1, 19.191, 0.357, 0.044, 13, 3.038, 135, 0, 0, 0, 50.062, 2.772, 2.705, 91.4, 21.304, 100, 0, 0, 30.5, 30.5, 0, 0.55, 86.398, 0, 0, 91.133, 57.955, 0, 0, 0.357, 0, 0, 14.1, 0.044, 13, 0, 3.038, 135, 0, 0, 0, 50.062, 1.016, 0.003, 0.003, 91.4, 21.309, 100, 0, 0, 141, 30.5, 30.5, 0, 0.55, 0, 86.398, 0, 0, 91.133, 57.955, 0, 0.1, 0, 0, 
19.15, 22.23, 100.44, 63.82, 64.49, , 0.39, 0.974, 1976.885, 1976.885, 1.604, 11.358, 11.358, 11.358, 24.502, 72.431, 36.104, 34.354, 7.377, 18.512, 0, 0, 1.677, 1.724, 1.677, 1.724, 1, 57.086, 57.086, 0.024, 0.032, 2.315, 2.377, 2.315, 2.377, 5.446, 7.377, 18.512, , , 1, 19.241, 0.113, 0.056, 13, 3.031, 135, 0, 0, 0, 49.292, 2.408, 2.332, 91.4, 22.156, 100, 0, 0, 30.5, 30.5, 0, 0.55, 86.11, 0, 0, 91.037, 57.835, 0, 0, 0.113, 0, 0, 14.1, 0.056, 13, 0, 3.031, 135, 0, 0, 0, 49.292, 1.016, 0.002, 0.002, 91.4, 22.158, 100, 0, 0, 141, 30.5, 30.5, 0, 0.55, 0, 86.11, 0, 0, 91.037, 57.835, 0, 0.1, 0, 0, 
19.2, 22.23, 100.44, 63.82, 64.49, , 0.139, 0.974, 1981.014, 1981.014, 1.512, 5.387, 5.387, 5.387, 22.887, 73.213, 35.744, 34.498, 7.377, 17.931, 0, 0, 0.793, 0.815, 0.793, 0.815, 1, 57.108, 57.108, 0.024, 0.032, -2.692, -2.766, -2.692, -2.766, 5.449, 7.377, 17.931, , , 1, 19.291, 0.018, 0.081, 13.012, 3.028, 135, 0, 0, 0, 50.073, 2.209, 2.138, 91.615, 23.849, 100, 0, 0, 30.5, 30.5, 0.958, 0.577, 86.894, 0, 0, 91.298, 57.716, 0, 0, 0.018, 0, 0, 14.1, 0.081, 13.012, 0, 3.028, 135, 0, 0, 0, 50.073, 1.016, 0.002, 0.002, 91.615, 23.849, 100, 0, 0, 141, 30.5, 30.5, 0.958, 0.577, 0, 86.894, 0, 0, 91.298, 57.716, 0, 0.1, 0, 0, 
19.25, 22.23, 100.44, 63.82, 64.49, , -1.364, 0.974, 1985.25, 1985.25, 1.42, -30.27, -30.27, -30.27, 21.27, 73.994, 35.384, 34.642, 7.377, 17.27, 0, 0, -4.478, -4.599, -4.478, -4.599, 1, 57.076, 57.076, 0.024, 0.032, -22.082, -22.679, -22.082, -22.679, 5.453, 7.377, 17.27, , , 1, 19.342, 0.014, 0.116, 13.031, 3.026, 135, 0, 0, 0, 51.804, 2.111, 2.053, 91.961, 26.058, 100, 0, 0, 30.5, 30.5, 2.502, 0.622, 88.337, 0, 0, 91.779, 57.597, 0, 0, 0.014, 0, 0, 14.1, 0.116, 13.031, 0, 3.026, 135, 0, 0, 0, 51.804, 1.016, 0.002, 0.002, 91.961, 26.058, 100, 0, 0, 141, 30.5, 30.5, 2.502, 0.622, 0, 88.337, 0, 0, 91.779, 57.597, 0, 0.1, 0, 0, 
19.3, 22.23, 100.439, 63.82, 64.49, , -2.729, 0.974, 1989.42, 1989.42, 1.328, -62.652, -62.652, -62.652, 19.686, 74.775, 35.024, 34.786, 7.377, 16.609, 0, 0, -9.29, -9.542, -9.29, -9.542, 1, 56.974, 56.974, 0.024, 0.032, -40.53, -41.624, -40.53, -41.624, 5.457, 7.377, 16.609, , , 1, 19.391, 0.01, 0.151, 13.05, 3.024, 135, 0, 0, 0, 53.535, 2.013, 1.968, 92.307, 28.266, 100, 0, 0, 30.5, 30.5, 4.046, 0.666, 89.779, 0, 0, 92.26, 57.478, 0, 0, 0.01, 0, 0, 14.1, 0.151, 13.05, 0, 3.024, 135, 0, 0, 0, 53.535, 1.016, 0.002, 0.002, 92.307, 28.266, 100, 0, 0, 141, 30.5, 30.5, 4.046, 0.666, 0, 89.779, 0, 0, 92.26, 57.478, 0, 0.1, 0, 0, 
19.35, 22.23, 100.439, 63.82, 64.49, , -0.884, 0.974, 1993.59, 1993.59, 1.236, -18.866, -18.866, -18.866, 18.109, 75.556, 34.664, 34.93, 7.377, 15.995, 0, 0, -2.797, -2.874, -2.797, -2.874, 1, 56.884, 56.884, 0.024, 0.032, -6.901, -7.088, -6.901, -7.088, 5.435, 7.377, 15.995, , , 1, 19.44, 0.006, 0.185, 13.07, 3.022, 135, 0, 0, 0, 55.265, 1.915, 1.884, 92.653, 30.475, 100, 0, 0, 30.5, 30.5, 5.591, 0.71, 91.221, 0, 0, 92.74, 57.358, 0, 0, 0.006, 0, 0, 14.1, 0.185, 13.07, 0, 3.022, 135, 0, 0, 0, 55.265, 1.016, 0.002, 0.002, 92.653, 30.475, 100, 0, 0, 141, 30.5, 30.5, 5.591, 0.71, 0, 91.221, 0, 0, 92.74, 57.358, 0, 0.1, 0, 0, 
19.4, 22.23, 100.438, 63.82, 64.49, , 0.365, 0.974, 1997.826, 1997.826, 1.144, 10.761, 10.761, 10.761, 16.504, 76.337, 34.376, 35.107, 7.377, 15.381, 0, 0, 1.595, 1.636, 1.595, 1.636, 1, 56.872, 56.872, 0.024, 0.032, 17.141, 17.604, 17.141, 17.604, 5.412, 7.377, 15.381, , , 1, 19.491, 0.002, 0.22, 13.089, 3.02, 135, 0, 0, 0, 56.996, 1.817, 1.799, 92.999, 32.683, 100, 0, 0, 30.5, 30.5, 7.135, 0.754, 92.663, 0, 0, 93.221, 57.239, 0, 0, 0.002, 0, 0, 14.1, 0.22, 13.089, 0, 3.02, 135, 0, 0, 0, 56.996, 1.016, 0.002, 0.002, 92.999, 32.683, 100, 0, 0, 141, 30.5, 30.5, 7.135, 0.754, 0, 92.663, 0, 0, 93.221, 57.239, 0, 0.1, 0, 0, 
19.45, 22.23, 100.438, 63.82, 64.49, , 1.335, 0.974, 2001.955, 2001.955, 1.053, 33.764, 33.764, 33.764, 14.885, 77.118, 34.736, 35.575, 7.377, 14.793, 0, 0, 5.004, 5.138, 5.004, 5.138, 1, 56.915, 56.915, 0.024, 0.032, 39.127, 40.183, 39.127, 40.183, 5.389, 7.377, 14.793, , , 1, 19.541, 0.143, 0.22, 13.218, 2.97, 135, 0, 0, 0, 58.336, 2.199, 2.276, 93.049, 33.53, 100, 0, 0, 30.584, 30.668, 7.736, 0.783, 94.046, 0, 0, 94.844, 57.222, 0, 0, 0.143, 0, 0, 14.1, 0.22, 13.218, 0, 2.968, 135, 0, 0, 0, 58.336, 1.016, 0.002, 0.003, 93.049, 33.53, 100, 0, 0, 141, 30.584, 30.668, 7.736, 0.783, 0, 94.048, 0, 0, 94.844, 57.222, 0, 0.1, 0, 0, 
19.5, 22.23, 100.438, 63.82, 64.49, , 2.103, 0.974, 2006.099, 2006.099, 0.961, 51.979, 51.979, 51.979, 13.26, 77.899, 35.096, 36.043, 7.377, 14.205, 0, 0, 7.706, 7.915, 7.706, 7.915, 1, 57.002, 57.002, 0.024, 0.032, 60.724, 62.365, 60.724, 62.365, 5.366, 7.377, 14.205, , , 1, 19.591, 0.482, 0.172, 13.499, 2.854, 135, 0, 0, 0, 59.136, 3.245, 3.528, 92.689, 32.644, 100, 0, 0, 30.784, 31.068, 7.136, 0.791, 95.346, 0, 0, 98.044, 57.346, 0, 0, 0.482, 0, 0, 14.1, 0.172, 13.499, 0, 2.852, 135, 0, 0, 0, 59.136, 1.016, 0.003, 0.004, 92.689, 32.644, 100, 0, 0, 141, 30.784, 31.068, 7.136, 0.791, 0, 95.353, 0, 0, 98.044, 57.346, 0, 0.1, 0, 0, 
19.55, 22.23, 100.437, 63.82, 64.49, , 2.741, 0.974, 2010.268, 2010.268, 0.869, 67.137, 67.137, 67.137, 11.631, 78.681, 35.456, 36.511, 7.377, 13.848, 0, 0, 9.96, 10.23, 9.96, 10.23, 1, 57.123, 57.123, 0.024, 0.032, 83.772, 86.036, 83.772, 86.036, 5.346, 7.377, 13.848, , , 1, 19.64, 0.821, 0.123, 13.78, 2.738, 135, 0, 0, 0, 59.936, 4.291, 4.78, 92.329, 31.758, 100, 0, 0, 30.984, 31.468, 6.536, 0.799, 96.646, 0, 0, 101.244, 57.47, 0, 0, 0.821, 0, 0, 14.1, 0.123, 13.78, 0, 2.736, 135, 0, 0, 0, 59.936, 1.016, 0.004, 0.005, 92.329, 31.758, 100, 0, 0, 141, 30.984, 31.468, 6.536, 0.799, 0, 96.659, 0, 0, 101.244, 57.47, 0, 0.1, 0, 0, 
19.6, 22.23, 100.437, 63.82, 64.49, , 2.932, 0.974, 2014.438, 2014.438, 0.777, 71.657, 71.657, 71.657, 10.008, 79.462, 35.816, 36.979, 7.377, 13.496, 0, 0, 10.648, 10.937, 10.648, 10.937, 1, 57.275, 57.275, 0.024, 0.032, 102.446, 105.215, 102.446, 105.215, 5.329, 7.377, 13.496, , , 1, 19.69, 1.161, 0.075, 14.061, 2.621, 135, 0, 0, 0, 60.736, 5.337, 6.032, 91.969, 30.872, 100, 0, 0, 31.184, 31.868, 5.936, 0.807, 97.946, 0, 0, 104.444, 57.594, 0, 0, 1.161, 0, 0, 14.1, 0.075, 14.061, 0, 2.621, 135, 0, 0, 0, 60.736, 1.016, 0.005, 0.006, 91.969, 30.872, 100, 0, 0, 141, 31.184, 31.868, 5.936, 0.807, 0, 97.964, 0, 0, 104.444, 57.594, 0, 0.1, 0, 0, 
19.65, 22.23, 100.437, 63.82, 64.49, , 2.642, 0.974, 2018.629, 2018.629, 0.685, 64.786, 64.786, 64.786, 8.401, 80.243, 36.133, 37.36, 7.377, 13.258, 0, 0, 9.658, 9.92, 9.658, 9.92, 1, 57.409, 57.409, 0.024, 0.032, 119.243, 122.466, 119.243, 122.466, 5.311, 7.377, 13.258, , , 1, 19.741, 1.5, 0.027, 14.343, 2.505, 135, 0, 0, 0, 61.536, 6.383, 7.284, 91.609, 29.986, 100, 0, 0, 31.384, 32.268, 5.336, 0.815, 99.246, 0, 0, 107.644, 57.718, 0, 0, 1.5, 0, 0, 14.1, 0.027, 14.343, 0, 2.505, 135, 0, 0, 0, 61.536, 1.016, 0.006, 0.007, 91.609, 29.986, 100, 0, 0, 141, 31.384, 32.268, 5.336, 0.815, 0, 99.269, 0, 0, 107.644, 57.718, 0, 0.1, 0, 0, 
19.7, 22.23, 100.436, 63.82, 64.489, , 2.671, 0.974, 2022.861, 2022.861, 0.593, 65.467, 65.467, 65.467, 6.782, 81.024, 36.061, 36.964, 7.377, 13.025, 0, 0, 9.782, 10.046, 9.782, 10.046, 1, 57.543, 57.543, 0.024, 0.032, 162.576, 166.971, 162.576, 166.971, 5.293, 7.377, 13.025, , , 1, 19.79, 1.551, 0, 14.5, 2.442, 135, 0, 0, 0, 62, 6.885, 7.808, 91.551, 30.334, 100, 0, 0, 32.13, 33.025, 5.352, 0.829, 100.315, 0, 0, 109.836, 57.868, 0, 0, 1.551, 0, 0, 14.1, 0, 14.5, 0, 2.442, 135, 0, 0, 0, 62, 1.016, 0.007, 0.008, 91.551, 30.334, 100, 0, 0, 141, 32.13, 33.025, 5.352, 0.829, 0, 100.329, 0, 0, 109.836, 57.868, 0, 0.1, 0, 0, 
19.75, 22.23, 100.436, 63.82, 64.488, , 2.714, 0.974, 2027.03, 2027.03, 0.501, 66.495, 66.495, 66.495, 5.18, 81.805, 35.989, 36.568, 7.378, 12.806, 0, 0, 9.959, 10.227, 9.959, 10.227, 1, 57.677, 57.677, 0.024, 0.032, 243.854, 250.446, 243.854, 250.446, 5.28, 7.378, 12.806, , , 1, 19.84, 1.235, 0, 14.5, 2.446, 135, 0, 0, 0, 62, 6.636, 7.328, 91.911, 32.252, 100, 0, 0, 33.63, 34.275, 6.152, 0.851, 101.065, 0, 0, 110.636, 58.054, 0, 0, 1.235, 0, 0, 14.1, 0, 14.5, 0, 2.446, 135, 0, 0, 0, 62, 1.016, 0.007, 0.007, 91.911, 32.252, 100, 0, 0, 141, 33.63, 34.275, 6.152, 0.851, 0, 101.076, 0, 0, 110.636, 58.054, 0, 0.1, 0, 0, 
19.8, 22.23, 100.435, 63.82, 64.487, , 2.756, 0.974, 2031.2, 2031.2, 0.41, 67.511, 67.511, 67.511, 3.84, 82.586, 35.917, 36.172, 7.378, 12.589, 0, 0, 10.135, 10.409, 10.135, 10.409, 1, 57.813, 57.813, 0.024, 0.032, 275.494, 282.94, 275.494, 282.94, 5.274, 7.378, 12.589, , , 1, 19.891, 0.92, 0, 14.5, 2.45, 135, 0, 0, 0, 62, 6.387, 6.848, 92.271, 34.17, 100, 0, 0, 35.13, 35.525, 6.952, 0.873, 101.815, 0, 0, 111.436, 58.24, 0, 0, 0.92, 0, 0, 14.1, 0, 14.5, 0, 2.45, 135, 0, 0, 0, 62, 1.016, 0.007, 0.007, 92.271, 34.17, 100, 0, 0, 141, 35.13, 35.525, 6.952, 0.873, 0, 101.823, 0, 0, 111.436, 58.24, 0, 0.1, 0, 0, 
19.85, 22.23, 100.435, 63.82, 64.486, , 2.816, 0.974, 2035.441, 2035.441, 0.318, 68.932, 68.932, 68.932, 3.16, 83.367, 35.845, 35.776, 7.379, 12.475, 0, 0, 10.373, 10.654, 10.373, 10.654, 1, 57.953, 57.953, 0.024, 0.032, 304.531, 312.761, 304.531, 312.761, 5.268, 7.379, 12.475, , , 1, 19.94, 0.604, 0, 14.5, 2.454, 135, 0, 0, 0, 62, 6.138, 6.368, 92.631, 36.088, 100, 0, 0, 36.63, 36.775, 7.752, 0.895, 102.565, 0, 0, 112.236, 58.426, 0, 0, 0.604, 0, 0, 14.1, 0, 14.5, 0, 2.454, 135, 0, 0, 0, 62, 1.016, 0.006, 0.007, 92.631, 36.088, 100, 0, 0, 141, 36.63, 36.775, 7.752, 0.895, 0, 102.57, 0, 0, 112.236, 58.426, 0, 0.1, 0, 0, 
19.9, 22.23, 100.435, 63.82, 64.486, , 2.86, 0.974, 2039.686, 2039.686, 0.226, 69.981, 69.981, 69.981, 3.403, 84.148, 35.773, 35.42, 7.379, 12.374, 0, 0, 10.556, 10.842, 10.556, 10.842, 1, 58.094, 58.094, 0.024, 0.032, 300.49, 308.611, 300.49, 308.611, 5.261, 7.379, 12.374, , , 1, 19.99, 0.288, 0, 14.5, 2.458, 135, 0, 0, 0, 62, 5.889, 5.888, 92.991, 38.006, 100, 0, 0, 38.13, 38.025, 8.552, 0.917, 103.315, 0, 0, 113.036, 58.612, 0, 0, 0.288, 0, 0, 14.1, 0, 14.5, 0, 2.458, 135, 0, 0, 0, 62, 1.016, 0.006, 0.006, 92.991, 38.006, 100, 0, 0, 141, 38.13, 38.025, 8.552, 0.917, 0, 103.317, 0, 0, 113.036, 58.612, 0, 0.1, 0, 0, 
19.95, 22.23, 100.434, 63.82, 64.485, , 2.911, 0.974, 2043.932, 2043.932, 0.134, 71.184, 71.184, 71.184, 4.539, 84.93, 35.701, 35.42, 7.38, 12.44, 0, 0, 10.763, 11.056, 10.763, 11.056, 1, 58.236, 58.236, 0.024, 0.032, 268.97, 276.237, 268.97, 276.237, 5.257, 7.38, 12.44, , , 1, 20.041, 0.105, 0, 14.5, 2.462, 135, 0, 0, 0, 62, 5.752, 5.612, 93.2, 39.181, 100, 0, 0, 39.219, 38.859, 9, 0.931, 103.772, 0, 0, 113.5, 58.747, 0, 0, 0.105, 0, 0, 14.1, 0, 14.5, 0, 2.462, 135, 0, 0, 0, 62, 1.016, 0.006, 0.006, 93.2, 39.181, 100, 0, 0, 141, 39.219, 38.859, 9, 0.931, 0, 103.772, 0, 0, 113.5, 58.747, 0, 0.1, 0, 0, 
20, 22.23, 100.434, 63.82, 64.484, , 2.925, 0.974, 2048.177, 2048.177, 0.042, 71.515, 71.515, 71.515, 6.605, 85.711, 35.629, 35.42, 7.38, 12.53, 0, 0, 10.84, 11.136, 10.84, 11.136, 1, 58.382, 58.382, 0.024, 0.031, 183.011, 187.954, 183.011, 187.954, 5.264, 7.38, 12.53, , , 1, 20.09, 0.104, 0, 14.5, 2.468, 135, 0, 0, 0, 62, 5.77, 5.616, 93.2, 39.412, 100, 0, 0, 39.74, 39.12, 9, 0.933, 103.824, 0, 0, 113.5, 58.812, 0, 0, 0.104, 0, 0, 14.1, 0, 14.5, 0, 2.468, 135, 0, 0, 0, 62, 1.016, 0.006, 0.006, 93.2, 39.412, 100, 0, 0, 141, 39.74, 39.12, 9, 0.933, 0, 103.824, 0, 0, 113.5, 58.812, 0, 0.1, 0, 0, 
20.05, 22.23, 100.433, 63.82, 64.483, , 2.93, 0.974, 2052.423, 2052.423, 0.109, 71.645, 71.645, 71.645, 9.646, 84.513, 35.557, 35.42, 7.38, 12.744, 0, 0, 10.887, 11.184, 10.887, 11.184, 1, 58.528, 58.528, 0.024, 0.031, 123.519, 126.854, 123.519, 126.854, 5.271, 7.38, 12.744, , , 1, 20.141, 0.102, 0, 14.5, 2.474, 135, 0, 0, 0, 62, 5.788, 5.62, 93.2, 39.642, 100, 0, 0, 40.26, 39.38, 9, 0.935, 103.876, 0, 0, 113.5, 58.876, 0, 0, 0.102, 0, 0, 14.1, 0, 14.5, 0, 2.474, 135, 0, 0, 0, 62, 1.016, 0.006, 0.006, 93.2, 39.642, 100, 0, 0, 141, 40.26, 39.38, 9, 0.935, 0, 103.876, 0, 0, 113.5, 58.876, 0, 0.1, 0, 0, 
20.1, 22.23, 100.433, 63.82, 64.483, , 2.932, 0.974, 2056.703, 2056.703, 0.311, 71.688, 71.688, 71.688, 13.119, 81.629, 35.485, 35.42, 7.38, 12.978, 0, 0, 10.921, 11.218, 10.921, 11.218, 1, 58.672, 58.672, 0.024, 0.031, 98.306, 100.961, 98.306, 100.961, 5.278, 7.38, 12.978, , , 1, 20.19, 0.101, 0, 14.5, 2.479, 135, 0, 0, 0, 62, 5.806, 5.624, 93.2, 39.872, 100, 0, 0, 40.781, 39.641, 9, 0.937, 103.928, 0, 0, 113.5, 58.941, 0, 0, 0.101, 0, 0, 14.1, 0, 14.5, 0, 2.479, 135, 0, 0, 0, 62, 1.016, 0.006, 0.006, 93.2, 39.872, 100, 0, 0, 141, 40.781, 39.641, 9, 0.937, 0, 103.928, 0, 0, 113.5, 58.941, 0, 0.1, 0, 0, 
20.15, 22.23, 100.433, 63.82, 64.482, , 2.916, 0.974, 2060.998, 2060.998, 0.513, 71.321, 71.321, 71.321, 16.562, 78.746, 35.416, 35.416, 7.38, 13.146, 0, 0, 10.892, 11.187, 10.892, 11.187, 1, 58.815, 58.815, 0.024, 0.031, 67.516, 69.34, 67.516, 69.34, 5.285, 7.38, 13.146, , , 1, 20.24, 0.1, 0, 14.5, 2.485, 135, 0, 0, 0, 62, 5.823, 5.628, 93.2, 40.102, 100, 0, 0, 41.302, 39.901, 9, 0.939, 103.98, 0, 0, 113.5, 59.005, 0, 0, 0.1, 0, 0, 14.1, 0, 14.5, 0, 2.485, 135, 0, 0, 0, 62, 1.016, 0.006, 0.006, 93.2, 40.102, 100, 0, 0, 141, 41.302, 39.901, 9, 0.939, 0, 103.98, 0, 0, 113.5, 59.005, 0, 0.1, 0, 0, 
20.2, 22.23, 100.432, 63.82, 64.481, , 2.904, 0.974, 2065.264, 2065.264, 0.716, 71.047, 71.047, 71.047, 20.028, 75.862, 35.38, 35.38, 7.38, 13.301, 0, 0, 10.877, 11.171, 10.877, 11.171, 1, 58.96, 58.96, 0.024, 0.031, 52.855, 54.283, 52.855, 54.283, 5.291, 7.38, 13.301, , , 1, 20.29, 0.091, 0, 14.5, 2.493, 135.06, 0, 0, 0, 62.119, 5.832, 5.623, 93.2, 40.256, 100, 0, 0, 41.589, 40.268, 9.12, 0.942, 104.089, 0, 0, 113.53, 59.215, 0, 0, 0.091, 0, 0, 14.1, 0, 14.5, 0, 2.493, 135.06, 0, 0, 0, 62.119, 1.016, 0.006, 0.006, 93.2, 40.256, 100, 0, 0, 141, 41.589, 40.268, 9.12, 0.942, 0, 104.089, 0, 0, 113.53, 59.215, 0, 0.1, 0, 0, 
20.25, 22.23, 100.432, 63.82, 64.48, , 2.889, 0.974, 2069.588, 2069.588, 0.918, 70.692, 70.692, 70.692, 23.487, 72.978, 35.344, 35.344, 7.38, 13.385, 0, 0, 10.848, 11.142, 10.848, 11.142, 1, 59.104, 59.104, 0.024, 0.031, 43.532, 44.71, 43.532, 44.71, 5.297, 7.38, 13.385, , , 1, 20.34, 0.077, 0, 14.5, 2.502, 135.156, 0, 0, 0, 62.312, 5.836, 5.613, 93.2, 40.364, 100, 0, 0, 41.734, 40.701, 9.313, 0.946, 104.234, 0, 0, 113.578, 59.513, 0, 0, 0.077, 0, 0, 14.1, 0, 14.5, 0, 2.502, 135.156, 0, 0, 0, 62.312, 1.016, 0.006, 0.006, 93.2, 40.364, 100, 0, 0, 141, 41.734, 40.701, 9.313, 0.946, 0, 104.234, 0, 0, 113.578, 59.513, 0, 0.1, 0, 0, 
20.3, 22.23, 100.432, 63.82, 64.48, , 2.869, 0.974, 2073.912, 2073.912, 1.12, 70.21, 70.21, 70.21, 26.921, 70.095, 35.308, 35.308, 7.38, 13.454, 0, 0, 10.8, 11.092, 10.8, 11.092, 1, 59.248, 59.248, 0.024, 0.031, 37.218, 38.227, 37.218, 38.227, 5.303, 7.38, 13.454, , , 1, 20.389, 0.062, 0, 14.5, 2.511, 135.252, 0, 0, 0, 62.504, 5.84, 5.602, 93.2, 40.471, 100, 0, 0, 41.878, 41.134, 9.506, 0.95, 104.378, 0, 0, 113.626, 59.811, 0, 0, 0.062, 0, 0, 14.1, 0, 14.5, 0, 2.511, 135.253, 0, 0, 0, 62.504, 1.016, 0.006, 0.006, 93.2, 40.471, 100, 0, 0, 141, 41.878, 41.134, 9.506, 0.95, 0, 104.378, 0, 0, 113.626, 59.811, 0, 0.1, 0, 0, 
20.35, 22.23, 100.431, 63.82, 64.479, , 2.834, 0.974, 2078.236, 2078.236, 1.322, 69.399, 69.399, 69.399, 30.329, 67.211, 35.272, 35.272, 7.38, 13.501, 0, 0, 10.699, 10.989, 10.699, 10.989, 1, 59.391, 59.391, 0.024, 0.031, 32.231, 33.103, 32.231, 33.103, 5.309, 7.38, 13.501, , , 1, 20.439, 0.048, 0, 14.5, 2.521, 135.348, 0, 0, 0, 62.696, 5.844, 5.592, 93.2, 40.578, 100, 0, 0, 42.022, 41.566, 9.699, 0.954, 104.522, 0, 0, 113.674, 60.109, 0, 0, 0.048, 0, 0, 14.1, 0, 14.5, 0, 2.521, 135.349, 0, 0, 0, 62.696, 1.016, 0.006, 0.006, 93.2, 40.578, 100, 0, 0, 141, 42.022, 41.566, 9.699, 0.954, 0, 104.522, 0, 0, 113.674, 60.109, 0, 0.1, 0, 0, 
20.4, 22.23, 100.431, 63.82, 64.478, , 2.819, 0.974, 2082.561, 2082.561, 1.524, 69.036, 69.036, 69.036, 33.715, 64.327, 35.247, 35.258, 7.38, 13.543, 0, 0, 10.67, 10.958, 10.67, 10.958, 1, 59.531, 59.531, 0.024, 0.031, 28.683, 29.459, 28.683, 29.459, 5.307, 7.38, 13.543, , , 1, 20.49, 0.033, 0, 14.5, 2.53, 135.444, 0, 0, 0, 62.888, 5.848, 5.581, 93.2, 40.685, 100, 0, 0, 42.166, 41.999, 9.892, 0.958, 104.666, 0, 0, 113.722, 60.407, 0, 0, 0.033, 0, 0, 14.1, 0, 14.5, 0, 2.53, 135.446, 0, 0, 0, 62.888, 1.016, 0.006, 0.006, 93.2, 40.685, 100, 0, 0, 141, 42.166, 41.999, 9.892, 0.958, 0, 104.666, 0, 0, 113.722, 60.407, 0, 0.1, 0, 0, 
20.45, 22.23, 100.43, 63.82, 64.477, , 2.852, 0.974, 2086.885, 2086.885, 1.726, 69.81, 69.81, 69.81, 37.081, 61.444, 35.319, 35.437, 7.38, 13.641, 0, 0, 10.816, 11.107, 10.816, 11.107, 1, 59.67, 59.67, 0.024, 0.031, 26.19, 26.897, 26.19, 26.897, 5.3, 7.38, 13.641, , , 1, 20.54, 0.023, 0, 14.5, 2.537, 135.545, 0, 0, 0, 63, 5.846, 5.573, 93.2, 40.728, 100, 0, 0, 42.273, 42.273, 10, 0.96, 104.727, 0, 0, 113.727, 60.608, 0, 0, 0.023, 0, 0, 14.1, 0, 14.5, 0, 2.537, 135.547, 0, 0, 0, 63, 1.016, 0.006, 0.006, 93.2, 40.728, 100, 0, 0, 141, 42.273, 42.273, 10, 0.96, 0, 104.727, 0, 0, 113.727, 60.608, 0, 0.1, 0, 0, 
20.5, 22.23, 100.43, 63.82, 64.477, , 2.916, 0.974, 2091.279, 2091.279, 1.928, 71.345, 71.345, 71.345, 40.437, 58.56, 35.391, 35.616, 7.38, 13.754, 0, 0, 11.083, 11.382, 11.083, 11.382, 1, 59.813, 59.813, 0.024, 0.031, 24.318, 24.974, 24.318, 24.974, 5.294, 7.38, 13.754, , , 1, 20.591, 0.017, 0, 14.5, 2.54, 135.653, 0, 0, 0, 63, 5.838, 5.567, 93.2, 40.688, 100, 0, 0, 42.327, 42.327, 10, 0.96, 104.673, 0, 0, 113.673, 60.675, 0, 0, 0.017, 0, 0, 14.1, 0, 14.5, 0, 2.54, 135.655, 0, 0, 0, 63, 1.016, 0.006, 0.006, 93.2, 40.688, 100, 0, 0, 141, 42.327, 42.327, 10, 0.96, 0, 104.673, 0, 0, 113.673, 60.675, 0, 0.1, 0, 0, 
20.55, 22.23, 100.43, 63.82, 64.476, , 3.102, 0.974, 2095.619, 2095.619, 2.13, 75.748, 75.748, 75.748, 43.726, 55.676, 35.462, 35.796, 7.38, 13.898, 0, 0, 11.799, 12.117, 11.799, 12.117, 1, 59.963, 59.963, 0.024, 0.031, 23.648, 24.287, 23.648, 24.287, 5.287, 7.38, 13.898, , , 1, 20.64, 0.012, 0, 14.5, 2.543, 135.761, 0, 0, 0, 63, 5.829, 5.562, 93.2, 40.648, 100, 0, 0, 42.38, 42.38, 10, 0.96, 104.62, 0, 0, 113.62, 60.742, 0, 0, 0.012, 0, 0, 14.1, 0, 14.5, 0, 2.543, 135.762, 0, 0, 0, 63, 1.016, 0.006, 0.006, 93.2, 40.648, 100, 0, 0, 141, 42.38, 42.38, 10, 0.96, 0, 104.62, 0, 0, 113.62, 60.742, 0, 0.1, 0, 0, 
20.6, 22.23, 100.431, 63.82, 64.475, , 3.35, 0.974, 2100.002, 2100.002, 2.332, 81.639, 81.639, 81.639, 46.528, 52.793, 35.534, 35.975, 7.38, 14.051, 0, 0, 12.754, 13.097, 12.754, 13.097, 1, 60.122, 60.122, 0.024, 0.031, 23.898, 24.545, 23.898, 24.545, 5.278, 7.38, 14.051, , , 1, 20.691, 0.007, 0, 14.5, 2.547, 135.869, 0, 0, 0, 63, 5.821, 5.557, 93.2, 40.608, 100, 0, 0, 42.434, 42.434, 10, 0.96, 104.566, 0, 0, 113.566, 60.808, 0, 0, 0.007, 0, 0, 14.1, 0, 14.5, 0, 2.547, 135.869, 0, 0, 0, 63, 1.016, 0.006, 0.006, 93.2, 40.608, 100, 0, 0, 141, 42.434, 42.434, 10, 0.96, 0, 104.566, 0, 0, 113.566, 60.808, 0, 0.1, 0, 0, 
20.65, 22.23, 100.431, 63.82, 64.474, , 3.621, 0.974, 2104.408, 2104.408, 2.535, 88.073, 88.073, 88.073, 48.271, 49.909, 35.577, 36.126, 7.38, 14.194, 0, 0, 13.8, 14.17, 13.8, 14.17, 1, 60.292, 60.292, 0.024, 0.031, 24.848, 25.521, 24.848, 25.521, 5.268, 7.38, 14.194, , , 1, 20.74, 0.001, 0, 14.5, 2.55, 135.976, 0, 0, 0, 63, 5.812, 5.551, 93.2, 40.569, 100, 0, 0, 42.488, 42.488, 10, 0.96, 104.512, 0, 0, 113.512, 60.875, 0, 0, 0.001, 0, 0, 14.1, 0, 14.5, 0, 2.55, 135.976, 0, 0, 0, 63, 1.016, 0.006, 0.006, 93.2, 40.569, 100, 0, 0, 141, 42.488, 42.488, 10, 0.96, 0, 104.512, 0, 0, 113.512, 60.875, 0, 0.1, 0, 0, 
20.7, 22.23, 100.431, 63.82, 64.474, , 3.874, 0.974, 2108.813, 2108.813, 2.737, 94.074, 94.074, 94.074, 49.155, 47.026, 35.288, 35.945, 7.379, 14.333, 0, 0, 14.783, 15.181, 14.783, 15.181, 1, 60.48, 60.48, 0.024, 0.032, 26.155, 26.864, 26.155, 26.864, 5.257, 7.379, 14.333, , , 1, 20.791, 0.184, 0, 14.5, 2.559, 136, 0, 0, 0, 63.786, 6.189, 5.845, 92.917, 41.314, 100, 0, 0, 42.618, 42.697, 10.393, 0.978, 104.893, 0, 0, 113.618, 61.087, 0, 0, 0.184, 0, 0, 14.1, 0, 14.5, 0, 2.559, 136, 0, 0, 0, 63.786, 1.016, 0.006, 0.006, 92.917, 41.317, 100, 0, 0, 141, 42.618, 42.697, 10.393, 0.978, 0, 104.893, 0, 0, 113.618, 61.087, 0, 0.1, 0, 0, 
20.75, 22.23, 100.432, 63.82, 64.473, , 4.09, 0.974, 2113.219, 2113.219, 2.939, 99.213, 99.213, 99.213, 49.17, 44.142, 34.999, 35.764, 7.379, 14.433, 0, 0, 15.638, 16.059, 15.638, 16.059, 1, 60.678, 60.678, 0.024, 0.032, 27.668, 28.418, 27.668, 28.418, 5.247, 7.379, 14.433, , , 1, 20.842, 0.42, 0, 14.5, 2.569, 136, 0, 0, 0, 64.794, 6.675, 6.223, 92.554, 42.281, 100, 0, 0, 42.769, 42.949, 10.897, 1.001, 105.397, 0, 0, 113.769, 61.339, 0, 0, 0.42, 0, 0, 14.1, 0, 14.5, 0, 2.569, 136, 0, 0, 0, 64.794, 1.016, 0.007, 0.007, 92.554, 42.288, 100, 0, 0, 141, 42.769, 42.949, 10.897, 1.001, 0, 105.397, 0, 0, 113.769, 61.339, 0, 0.1, 0, 0, 
20.8, 22.23, 100.432, 63.82, 64.472, , 4.242, 0.974, 2117.625, 2117.625, 3.083, 102.821, 102.821, 102.821, 48.268, 45.093, 34.709, 35.583, 7.378, 14.517, 0, 0, 16.259, 16.698, 16.259, 16.698, 1, 60.886, 60.886, 0.024, 0.032, 29.224, 30.016, 29.224, 30.016, 5.238, 7.378, 14.517, , , 1, 20.892, 0.656, 0, 14.5, 2.58, 136, 0, 0, 0, 65.802, 7.161, 6.601, 92.191, 43.248, 100, 0, 0, 42.92, 43.201, 11.401, 1.024, 105.901, 0, 0, 113.92, 61.591, 0, 0, 0.656, 0, 0, 14.1, 0, 14.5, 0, 2.58, 136, 0, 0, 0, 65.802, 1.016, 0.007, 0.007, 92.191, 43.258, 100, 0, 0, 141, 42.92, 43.201, 11.401, 1.024, 0, 105.901, 0, 0, 113.92, 61.591, 0, 0.1, 0, 0, 
20.85, 22.23, 100.433, 63.82, 64.471, , 4.326, 0.974, 2122.066, 2122.066, 3.001, 104.831, 104.831, 104.831, 46.78, 57.02, 34.42, 35.403, 7.378, 14.566, 0, 0, 16.635, 17.084, 16.635, 17.084, 1, 61.102, 61.102, 0.024, 0.032, 30.642, 31.472, 30.642, 31.472, 5.234, 7.378, 14.566, , , 1, 20.942, 0.892, 0, 14.5, 2.59, 136, 0, 0, 0, 66.81, 7.647, 6.979, 91.828, 44.214, 100, 0, 0, 43.072, 43.453, 11.905, 1.048, 106.405, 0, 0, 114.072, 61.843, 0, 0, 0.892, 0, 0, 14.1, 0, 14.5, 0, 2.59, 136, 0, 0, 0, 66.81, 1.016, 0.008, 0.007, 91.828, 44.229, 100, 0, 0, 141, 43.072, 43.453, 11.905, 1.048, 0, 106.405, 0, 0, 114.072, 61.843, 0, 0.1, 0, 0, 
20.9, 22.23, 100.433, 63.82, 64.47, , 4.388, 0.974, 2126.524, 2126.524, 2.932, 106.287, 106.287, 106.287, 45.487, 57.734, 34.192, 35.258, 7.377, 14.598, 0, 0, 16.926, 17.383, 16.926, 17.383, 1, 61.318, 61.318, 0.024, 0.032, 31.963, 32.829, 31.963, 32.829, 5.23, 7.377, 14.598, , , 1, 20.993, 1.128, 0, 14.5, 2.6, 136, 0, 0, 0, 67.819, 8.133, 7.357, 91.465, 45.181, 100, 0, 0, 43.223, 43.705, 12.409, 1.071, 106.909, 0, 0, 114.223, 62.095, 0, 0, 1.128, 0, 0, 14.1, 0, 14.5, 0, 2.6, 136, 0, 0, 0, 67.819, 1.016, 0.008, 0.007, 91.465, 45.2, 100, 0, 0, 141, 43.223, 43.705, 12.409, 1.071, 0, 106.909, 0, 0, 114.223, 62.095, 0, 0.1, 0, 0, 
20.95, 22.23, 100.433, 63.82, 64.47, , 4.457, 0.974, 2130.957, 2130.957, 2.863, 107.94, 107.94, 107.94, 44.208, 58.449, 34.516, 35.438, 7.377, 14.603, 0, 0, 17.25, 17.718, 17.25, 17.718, 1, 61.536, 61.536, 0.024, 0.032, 33.397, 34.301, 33.397, 34.301, 5.225, 7.377, 14.603, , , 1, 21.041, 1.182, 0, 14.5, 2.606, 136, 0, 0, 0, 68.343, 8.294, 7.371, 91.4, 45.862, 100, 0, 0, 43.293, 43.793, 12.757, 1.084, 107.172, 0, 0, 114.293, 62.246, 0, 0, 1.182, 0, 0, 14.1, 0, 14.5, 0, 2.606, 136, 0, 0, 0, 68.343, 1.016, 0.009, 0.007, 91.4, 45.872, 100, 0, 0, 141, 43.293, 43.793, 12.757, 1.084, 0, 107.172, 0, 0, 114.293, 62.246, 0, 0.1, 0, 0, 
21, 22.228, 100.434, 63.82, 64.47, , 4.552, 0.974, 2135.447, 2135.447, 2.794, 110.189, 110.189, 110.189, 42.938, 59.163, 34.84, 35.618, 7.377, 14.595, 0, 0, 17.674, 18.153, 17.674, 18.153, 1, 61.76, 61.76, 0.024, 0.032, 35.116, 36.066, 35.116, 36.066, 5.225, 7.377, 14.595, , , 1, 21.091, 1.197, 0, 14.5, 2.611, 136, 0, 0, 0, 68.762, 8.384, 7.305, 91.4, 46.48, 100, 0, 0, 43.345, 43.845, 13.071, 1.096, 107.381, 0, 0, 114.345, 62.376, 0, 0, 1.197, 0, 0, 14.1, 0, 14.5, 0, 2.611, 136, 0, 0, 0, 68.762, 1.016, 0.009, 0.007, 91.4, 46.488, 100, 0, 0, 141, 43.345, 43.845, 13.071, 1.096, 0, 107.381, 0, 0, 114.345, 62.376, 0, 0.1, 0, 0, 
21.05, 22.227, 100.434, 63.82, 64.47, , 4.651, 0.974, 2139.938, 2139.938, 2.724, 112.546, 112.546, 112.546, 41.678, 59.878, 35.164, 35.798, 7.377, 14.588, 0, 0, 18.118, 18.61, 18.118, 18.61, 1, 61.988, 61.988, 0.024, 0.032, 36.962, 37.96, 36.962, 37.96, 5.237, 7.377, 14.588, , , 1, 21.141, 1.211, 0, 14.5, 2.616, 136, 0, 0, 0, 69.18, 8.474, 7.239, 91.4, 47.098, 100, 0, 0, 43.397, 43.897, 13.385, 1.107, 107.59, 0, 0, 114.397, 62.506, 0, 0, 1.211, 0, 0, 14.1, 0, 14.5, 0, 2.616, 136, 0, 0, 0, 69.18, 1.016, 0.009, 0.007, 91.4, 47.103, 100, 0, 0, 141, 43.397, 43.897, 13.385, 1.107, 0, 107.59, 0, 0, 114.397, 62.506, 0, 0.1, 0, 0, 
21.1, 22.226, 100.435, 63.82, 64.47, , 4.717, 0.974, 2144.446, 2144.446, 2.655, 114.117, 114.117, 114.117, 40.411, 60.592, 35.488, 35.978, 7.377, 14.581, 0, 0, 18.44, 18.94, 18.44, 18.94, 1, 62.221, 62.221, 0.024, 0.032, 38.643, 39.685, 38.643, 39.685, 5.248, 7.377, 14.581, , , 1, 21.191, 1.226, 0, 14.5, 2.62, 136, 0, 0, 0, 69.598, 8.564, 7.173, 91.4, 47.717, 100, 0, 0, 43.45, 43.95, 13.699, 1.119, 107.799, 0, 0, 114.45, 62.635, 0, 0, 1.226, 0, 0, 14.1, 0, 14.5, 0, 2.62, 136, 0, 0, 0, 69.598, 1.016, 0.009, 0.007, 91.4, 47.719, 100, 0, 0, 141, 43.45, 43.95, 13.699, 1.119, 0, 107.799, 0, 0, 114.45, 62.635, 0, 0.1, 0, 0, 
21.15, 22.225, 100.435, 63.82, 64.47, , 4.794, 0.974, 2149.024, 2149.024, 2.586, 115.961, 115.961, 115.961, 39.164, 61.307, 35.766, 36.118, 7.377, 14.568, 0, 0, 18.807, 19.317, 18.807, 19.317, 1, 62.456, 62.456, 0.024, 0.032, 40.507, 41.601, 40.507, 41.601, 5.259, 7.377, 14.568, , , 1, 21.24, 1.233, 0, 14.5, 2.626, 136, 0, 0, 0, 70.02, 8.647, 7.117, 91.4, 48.351, 100, 0, 0, 43.492, 43.998, 14.012, 1.131, 108.002, 0, 0, 114.492, 62.775, 0, 0, 1.233, 0, 0, 14.1, 0, 14.5, 0, 2.626, 136, 0, 0, 0, 70.02, 1.016, 0.009, 0.007, 91.4, 48.351, 100, 0, 0, 141, 43.492, 43.998, 14.012, 1.131, 0, 108.002, 0, 0, 114.492, 62.775, 0, 0.1, 0, 0, 
21.2, 22.224, 100.435, 63.82, 64.47, , 4.903, 0.974, 2153.588, 2153.588, 2.517, 118.544, 118.544, 118.544, 37.922, 62.021, 35.622, 35.902, 7.377, 14.551, 0, 0, 19.3, 19.824, 19.3, 19.824, 1, 62.698, 62.698, 0.024, 0.032, 42.782, 43.937, 42.782, 43.937, 5.27, 7.377, 14.551, , , 1, 21.29, 1.063, 0, 14.5, 2.639, 136, 0, 0, 0, 70.518, 8.585, 7.303, 91.4, 49.379, 100, 0, 0, 43.293, 43.948, 14.311, 1.151, 108.052, 0, 0, 114.293, 63.145, 0, 0, 1.063, 0, 0, 14.1, 0, 14.5, 0, 2.639, 136, 0, 0, 0, 70.518, 1.016, 0.009, 0.007, 91.4, 49.379, 100, 0, 0, 141, 43.293, 43.948, 14.311, 1.151, 0, 108.052, 0, 0, 114.293, 63.145, 0, 0.1, 0, 0, 
21.25, 22.223, 100.436, 63.82, 64.47, , 4.979, 0.974, 2158.089, 2158.089, 2.448, 120.354, 120.354, 120.354, 36.685, 62.736, 35.478, 35.686, 7.377, 14.536, 0, 0, 19.673, 20.204, 19.673, 20.204, 1, 62.944, 62.944, 0.024, 0.032, 44.896, 46.107, 44.896, 46.107, 5.288, 7.377, 14.536, , , 1, 21.34, 0.893, 0, 14.5, 2.653, 136, 0, 0, 0, 71.016, 8.522, 7.488, 91.4, 50.407, 100, 0, 0, 43.094, 43.898, 14.61, 1.171, 108.102, 0, 0, 114.094, 63.516, 0, 0, 0.893, 0, 0, 14.1, 0, 14.5, 0, 2.653, 136, 0, 0, 0, 71.016, 1.016, 0.009, 0.007, 91.4, 50.407, 100, 0, 0, 141, 43.094, 43.898, 14.61, 1.171, 0, 108.102, 0, 0, 114.094, 63.516, 0, 0.1, 0, 0, 
21.3, 22.222, 100.436, 63.82, 64.47, , 5.047, 0.974, 2162.677, 2162.677, 2.379, 121.985, 121.985, 121.985, 35.46, 63.45, 35.334, 35.47, 7.377, 14.523, 0, 0, 20.021, 20.56, 20.021, 20.56, 1, 63.192, 63.192, 0.024, 0.032, 47.123, 48.394, 47.123, 48.394, 5.307, 7.377, 14.523, , , 1, 21.39, 0.722, 0, 14.5, 2.667, 136, 0, 0, 0, 71.514, 8.459, 7.673, 91.4, 51.435, 100, 0, 0, 42.894, 43.849, 14.908, 1.191, 108.151, 0, 0, 113.894, 63.886, 0, 0, 0.722, 0, 0, 14.1, 0, 14.5, 0, 2.667, 136, 0, 0, 0, 71.514, 1.016, 0.008, 0.008, 91.4, 51.435, 100, 0, 0, 141, 42.894, 43.849, 14.908, 1.191, 0, 108.151, 0, 0, 113.894, 63.886, 0, 0.1, 0, 0, 
21.35, 22.22, 100.436, 63.82, 64.47, , 5.131, 0.974, 2167.338, 2167.338, 2.31, 123.978, 123.978, 123.978, 34.247, 64.165, 35.19, 35.254, 7.377, 14.501, 0, 0, 20.429, 20.978, 20.429, 20.978, 1, 63.444, 63.444, 0.024, 0.032, 49.572, 50.908, 49.572, 50.908, 5.325, 7.377, 14.501, , , 1, 21.441, 0.552, 0, 14.5, 2.681, 136, 0, 0, 0, 72.012, 8.396, 7.858, 91.4, 52.463, 100, 0, 0, 42.695, 43.799, 15.207, 1.21, 108.201, 0, 0, 113.695, 64.257, 0, 0, 0.552, 0, 0, 14.1, 0, 14.5, 0, 2.681, 136, 0, 0, 0, 72.012, 1.016, 0.008, 0.008, 91.4, 52.463, 100, 0, 0, 141, 42.695, 43.799, 15.207, 1.21, 0, 108.201, 0, 0, 113.695, 64.257, 0, 0.1, 0, 0, 
21.4, 22.219, 100.437, 63.82, 64.47, , 5.205, 0.974, 2171.924, 2171.924, 2.241, 125.741, 125.741, 125.741, 33.032, 64.879, 35.06, 35.06, 7.377, 14.473, 0, 0, 20.801, 21.359, 20.801, 21.359, 1, 63.701, 63.701, 0.024, 0.032, 52.082, 53.487, 52.082, 53.487, 5.344, 7.377, 14.473, , , 1, 21.49, 0.384, 0, 14.5, 2.695, 136, 0, 0, 0, 72.51, 8.335, 8.04, 91.4, 53.477, 100, 0, 0, 42.499, 43.749, 15.505, 1.23, 108.249, 0, 0, 113.495, 64.625, 0, 0, 0.384, 0, 0, 14.1, 0, 14.5, 0, 2.695, 136, 0, 0, 0, 72.51, 1.016, 0.008, 0.008, 91.4, 53.477, 100, 0, 0, 141, 42.499, 43.749, 15.505, 1.23, 0, 108.247, 0, 0, 113.495, 64.625, 0, 0.1, 0, 0, 
21.45, 22.218, 100.437, 63.82, 64.47, , 5.228, 0.974, 2176.594, 2176.594, 2.172, 126.283, 126.283, 126.283, 31.821, 65.593, 35.06, 35.06, 7.377, 14.456, 0, 0, 20.976, 21.538, 20.976, 21.538, 1, 63.961, 63.961, 0.024, 0.032, 54.298, 55.761, 54.298, 55.761, 5.354, 7.377, 14.456, , , 1, 21.54, 0.329, 0, 14.5, 2.707, 136, 0, 0, 0, 73.01, 8.318, 8.02, 91.4, 53.849, 100, 0, 0, 42.436, 43.686, 15.756, 1.24, 108.186, 0, 0, 113.244, 64.858, 0, 0, 0.329, 0, 0, 14.1, 0, 14.5, 0, 2.707, 136, 0, 0, 0, 73.01, 1.016, 0.008, 0.008, 91.4, 53.849, 100, 0, 0, 141, 42.436, 43.686, 15.756, 1.24, 0, 108.122, 0, 0, 113.244, 64.858, 0, 0.1, 0, 0, 
21.5, 22.217, 100.438, 63.82, 64.47, , 5.23, 0.974, 2181.264, 2181.264, 2.103, 126.339, 126.339, 126.339, 30.623, 66.308, 35.06, 35.06, 7.377, 14.45, 0, 0, 21.068, 21.634, 21.068, 21.634, 1, 64.22, 64.22, 0.024, 0.032, 56.437, 57.96, 56.437, 57.96, 5.364, 7.377, 14.45, , , 1, 21.591, 0.273, 0, 14.5, 2.719, 136, 0, 0, 0, 73.51, 8.302, 8, 91.4, 54.221, 100, 0, 0, 42.374, 43.624, 16.008, 1.25, 108.123, 0, 0, 112.992, 65.092, 0, 0, 0.273, 0, 0, 14.1, 0, 14.5, 0, 2.719, 136, 0, 0, 0, 73.51, 1.016, 0.008, 0.008, 91.4, 54.221, 100, 0, 0, 141, 42.374, 43.624, 16.008, 1.25, 0, 107.996, 0, 0, 112.992, 65.092, 0, 0.1, 0, 0, 
21.55, 22.216, 100.438, 63.82, 64.47, , 5.224, 0.974, 2185.934, 2185.934, 2.034, 126.2, 126.2, 126.2, 29.439, 67.022, 35.06, 35.06, 7.377, 14.451, 0, 0, 21.129, 21.697, 21.129, 21.697, 1, 64.478, 64.478, 0.024, 0.032, 58.649, 60.233, 58.649, 60.233, 5.373, 7.377, 14.451, , , 1, 21.641, 0.218, 0, 14.5, 2.732, 136, 0, 0, 0, 74.01, 8.286, 7.98, 91.4, 54.593, 100, 0, 0, 42.311, 43.561, 16.259, 1.26, 108.06, 0, 0, 112.741, 65.326, 0, 0, 0.218, 0, 0, 14.1, 0, 14.5, 0, 2.732, 136, 0, 0, 0, 74.01, 1.016, 0.008, 0.008, 91.4, 54.593, 100, 0, 0, 141, 42.311, 43.561, 16.259, 1.26, 0, 107.871, 0, 0, 112.741, 65.326, 0, 0.1, 0, 0, 
21.6, 22.215, 100.438, 63.82, 64.47, , 5.185, 0.974, 2190.604, 2190.604, 1.965, 125.28, 125.28, 125.28, 28.27, 67.737, 35.06, 35.06, 7.377, 14.459, 0, 0, 21.057, 21.625, 21.057, 21.625, 1, 64.734, 64.734, 0.024, 0.032, 60.61, 62.248, 60.61, 62.248, 5.383, 7.377, 14.459, , , 1, 21.691, 0.164, 0, 14.5, 2.744, 136, 0, 0, 0, 74.502, 8.27, 7.959, 91.4, 54.953, 100, 0, 0, 42.251, 43.5, 16.504, 1.27, 107.996, 0, 0, 112.496, 65.56, 0, 0, 0.164, 0, 0, 14.1, 0, 14.5, 0, 2.744, 136, 0, 0, 0, 74.502, 1.016, 0.008, 0.008, 91.4, 54.953, 100, 0, 0, 141, 42.251, 43.5, 16.504, 1.27, 0, 107.748, 0, 0, 112.496, 65.56, 0, 0.1, 0, 0, 
21.65, 22.214, 100.439, 63.82, 64.47, , 5.174, 0.974, 2195.281, 2195.281, 1.896, 125.045, 125.045, 125.045, 27.103, 68.451, 35.06, 35.06, 7.377, 14.464, 0, 0, 21.102, 21.672, 21.102, 21.672, 1, 64.992, 64.992, 0.024, 0.032, 63.173, 64.879, 63.173, 64.879, 5.386, 7.377, 14.464, , , 1, 21.74, 0.144, 0, 14.5, 2.754, 136, 0, 0, 0, 74.606, 8.25, 7.909, 91.4, 55.03, 100, 0, 0, 42.303, 43.5, 16.608, 1.272, 107.892, 0, 0, 112.392, 65.82, 0, 0, 0.144, 0, 0, 14.1, 0, 14.5, 0, 2.754, 136, 0, 0, 0, 74.606, 1.016, 0.008, 0.008, 91.4, 55.03, 100, 0, 0, 141, 42.303, 43.5, 16.608, 1.272, 0, 107.696, 0, 0, 112.392, 65.82, 0, 0.1, 0, 0, 
21.7, 22.212, 100.439, 63.82, 64.47, , 5.175, 0.974, 2200.047, 2200.047, 1.827, 125.068, 125.068, 125.068, 25.94, 69.166, 34.888, 35.06, 7.377, 14.466, 0, 0, 21.188, 21.762, 21.188, 21.762, 1, 65.25, 65.25, 0.024, 0.032, 66.03, 67.815, 66.03, 67.815, 5.388, 7.377, 14.466, , , 1, 21.79, 0.125, 0, 14.5, 2.765, 136, 0, 0, 0, 74.71, 8.23, 7.859, 91.4, 55.107, 100, 0, 0, 42.355, 43.5, 16.712, 1.274, 107.788, 0, 0, 112.288, 66.079, 0, 0, 0.125, 0, 0, 14.1, 0, 14.5, 0, 2.765, 136, 0, 0, 0, 74.71, 1.016, 0.008, 0.008, 91.4, 55.107, 100, 0, 0, 141, 42.355, 43.5, 16.712, 1.274, 0, 107.644, 0, 0, 112.288, 66.079, 0, 0.1, 0, 0, 
21.75, 22.211, 100.439, 63.82, 64.47, , 5.148, 0.974, 2204.812, 2204.812, 1.758, 124.424, 124.424, 124.424, 24.789, 69.88, 34.701, 35.06, 7.377, 14.461, 0, 0, 21.163, 21.734, 21.163, 21.734, 1, 65.507, 65.507, 0.024, 0.032, 68.731, 70.588, 68.731, 70.588, 5.391, 7.377, 14.461, , , 1, 21.841, 0.105, 0, 14.5, 2.775, 136, 0, 0, 0, 74.815, 8.21, 7.809, 91.4, 55.184, 100, 0, 0, 42.407, 43.5, 16.817, 1.276, 107.685, 0, 0, 112.185, 66.338, 0, 0, 0.105, 0, 0, 14.1, 0, 14.5, 0, 2.775, 136, 0, 0, 0, 74.815, 1.016, 0.008, 0.008, 91.4, 55.184, 100, 0, 0, 141, 42.407, 43.5, 16.817, 1.276, 0, 107.592, 0, 0, 112.185, 66.338, 0, 0.1, 0, 0, 
21.8, 22.21, 100.44, 63.82, 64.47, , 5.113, 0.974, 2209.577, 2209.577, 1.689, 123.607, 123.607, 123.607, 23.651, 70.595, 34.515, 35.06, 7.377, 14.45, 0, 0, 21.104, 21.674, 21.104, 21.674, 1, 65.762, 65.762, 0.024, 0.032, 71.567, 73.5, 71.567, 73.5, 5.393, 7.377, 14.45, , , 1, 21.89, 0.085, 0, 14.5, 2.786, 136, 0, 0, 0, 74.919, 8.19, 7.759, 91.4, 55.261, 100, 0, 0, 42.459, 43.5, 16.921, 1.278, 107.581, 0, 0, 112.081, 66.598, 0, 0, 0.085, 0, 0, 14.1, 0, 14.5, 0, 2.786, 136, 0, 0, 0, 74.919, 1.016, 0.008, 0.008, 91.4, 55.261, 100, 0, 0, 141, 42.459, 43.5, 16.921, 1.278, 0, 107.54, 0, 0, 112.081, 66.598, 0, 0.1, 0, 0, 
21.85, 22.209, 100.44, 63.82, 64.47, , 5.118, 0.974, 2214.748, 2214.748, 1.62, 123.737, 123.737, 123.737, 22.527, 71.309, 34.328, 35.06, 7.377, 14.434, 0, 0, 21.213, 21.784, 21.213, 21.784, 1, 66.014, 66.014, 0.024, 0.032, 75.595, 77.637, 75.595, 77.637, 5.403, 7.377, 14.434, , , 1, 21.94, 0.072, 0, 14.5, 2.796, 136, 0, 0, 0, 75.05, 8.181, 7.733, 91.4, 55.32, 100, 0, 0, 42.5, 43.5, 17.027, 1.281, 107.5, 0, 0, 112, 66.878, 0, 0, 0.072, 0, 0, 14.1, 0, 14.5, 0, 2.796, 136, 0, 0, 0, 75.05, 1.016, 0.008, 0.008, 91.4, 55.32, 100, 0, 0, 141, 42.5, 43.5, 17.027, 1.281, 0, 107.5, 0, 0, 112, 66.878, 0, 0.1, 0, 0, 
21.9, 22.208, 100.44, 63.82, 64.47, , 5.173, 0.974, 2221.538, 2221.538, 1.551, 125.056, 125.056, 125.056, 21.022, 72.023, 34.185, 35.067, 7.378, 14.411, 0, 0, 21.561, 22.14, 21.561, 22.14, 1, 66.357, 66.357, 0.024, 0.032, 82.53, 84.76, 82.53, 84.76, 5.416, 7.378, 14.411, , , 1, 21.99, 0.078, 0, 14.5, 2.808, 136, 0, 0, 0, 75.277, 8.207, 7.792, 91.4, 55.32, 100, 0, 0, 42.5, 43.5, 17.141, 1.288, 107.5, 0, 0, 112, 67.23, 0, 0, 0.078, 0, 0, 14.1, 0, 14.5, 0, 2.808, 136, 0, 0, 0, 75.277, 1.016, 0.008, 0.008, 91.4, 55.32, 100, 0, 0, 141, 42.5, 43.5, 17.141, 1.288, 0, 107.5, 0, 0, 112, 67.23, 0, 0.1, 0, 0, 
21.95, 22.207, 100.44, 63.82, 64.47, , 5.217, 0.974, 2226.325, 2226.325, 1.482, 126.09, 126.09, 126.09, 19.764, 72.738, 34.437, 35.139, 7.378, 14.406, 0, 0, 21.826, 22.412, 21.826, 22.412, 1, 66.649, 66.649, 0.024, 0.032, 88.058, 90.436, 88.058, 90.436, 5.429, 7.378, 14.406, , , 1, 22.041, 0.085, 0, 14.5, 2.82, 136, 0, 0, 0, 75.505, 8.233, 7.851, 91.4, 55.32, 100, 0, 0, 42.5, 43.5, 17.255, 1.295, 107.5, 0, 0, 112, 67.582, 0, 0, 0.085, 0, 0, 14.1, 0, 14.5, 0, 2.82, 136, 0, 0, 0, 75.505, 1.016, 0.008, 0.008, 91.4, 55.32, 100, 0, 0, 141, 42.5, 43.5, 17.255, 1.295, 0, 107.5, 0, 0, 112, 67.582, 0, 0.1, 0, 0, 
22, 22.206, 100.44, 63.82, 64.47, , 5.307, 0.974, 2231.19, 2231.19, 1.413, 128.246, 128.246, 128.246, 18.665, 73.452, 34.689, 35.211, 7.379, 14.423, 0, 0, 22.285, 22.885, 22.285, 22.885, 1, 66.909, 66.909, 0.024, 0.031, 94.985, 97.551, 94.985, 97.551, 5.442, 7.379, 14.423, , , 1, 22.09, 0.092, 0, 14.5, 2.833, 136, 0, 0, 0, 75.732, 8.259, 7.91, 91.4, 55.32, 100, 0, 0, 42.5, 43.5, 17.368, 1.302, 107.5, 0, 0, 112, 67.934, 0, 0, 0.092, 0, 0, 14.1, 0, 14.5, 0, 2.833, 136, 0, 0, 0, 75.732, 1.016, 0.008, 0.008, 91.4, 55.32, 100, 0, 0, 141, 42.5, 43.5, 17.368, 1.302, 0, 107.5, 0, 0, 112, 67.934, 0, 0.1, 0, 0, 
22.05, 22.204, 100.44, 63.82, 64.47, , 5.403, 0.974, 2236.054, 2236.054, 1.344, 130.533, 130.533, 130.533, 17.573, 74.167, 34.941, 35.283, 7.379, 14.446, 0, 0, 22.771, 23.385, 22.771, 23.385, 1, 67.174, 67.174, 0.024, 0.031, 102.713, 105.488, 102.713, 105.488, 5.462, 7.379, 14.446, , , 1, 22.14, 0.099, 0, 14.5, 2.845, 136, 0, 0, 0, 75.959, 8.285, 7.969, 91.4, 55.32, 100, 0, 0, 42.5, 43.5, 17.482, 1.309, 107.5, 0, 0, 112, 68.287, 0, 0, 0.099, 0, 0, 14.1, 0, 14.5, 0, 2.845, 136, 0, 0, 0, 75.959, 1.016, 0.008, 0.008, 91.4, 55.32, 100, 0, 0, 141, 42.5, 43.5, 17.482, 1.309, 0, 107.5, 0, 0, 112, 68.287, 0, 0.1, 0, 0, 
22.1, 22.203, 100.44, 63.82, 64.47, , 5.487, 0.974, 2240.954, 2240.954, 1.275, 132.514, 132.514, 132.514, 16.491, 74.881, 35.193, 35.355, 7.38, 14.479, 0, 0, 23.208, 23.833, 23.208, 23.833, 1, 67.442, 67.442, 0.024, 0.031, 111.148, 114.151, 111.148, 114.151, 5.487, 7.38, 14.479, , , 1, 22.191, 0.143, 0, 14.5, 2.856, 136, 0, 0, 0, 76.374, 8.381, 8.133, 91.4, 55.531, 100, 0, 0, 42.453, 43.453, 17.786, 1.319, 107.453, 0, 0, 111.953, 68.523, 0, 0, 0.143, 0, 0, 14.09, 0, 14.5, 0, 2.856, 136, 0, 0, 0, 76.374, 1.016, 0.008, 0.008, 91.4, 55.531, 100, 0, 0, 141, 42.453, 43.453, 17.786, 1.319, 0, 107.453, 0, 0, 111.953, 68.523, 0, 0.1, 0, 0, 
22.15, 22.202, 100.44, 63.82, 64.47, , 5.543, 0.974, 2245.881, 2245.881, 1.206, 133.867, 133.867, 133.867, 15.405, 75.596, 35.416, 35.434, 7.38, 14.509, 0, 0, 23.54, 24.174, 23.54, 24.174, 1, 67.718, 67.718, 0.024, 0.031, 120.327, 123.577, 120.327, 123.577, 5.512, 7.38, 14.509, , , 1, 22.24, 0.196, 0, 14.5, 2.867, 136, 0, 0, 0, 76.831, 8.493, 8.319, 91.4, 55.782, 100, 0, 0, 42.397, 43.397, 18.127, 1.331, 107.396, 0, 0, 111.896, 68.735, 0, 0, 0.196, 0, 0, 14.079, 0, 14.5, 0, 2.867, 136, 0, 0, 0, 76.831, 1.016, 0.008, 0.008, 91.4, 55.782, 100, 0, 0, 141, 42.397, 43.397, 18.127, 1.331, 0, 107.396, 0, 0, 111.896, 68.735, 0, 0.1, 0, 0, 
22.2, 22.201, 100.44, 63.82, 64.47, , 5.601, 0.974, 2250.791, 2250.791, 1.136, 135.24, 135.24, 135.24, 14.347, 76.31, 35.38, 35.578, 7.38, 14.536, 0, 0, 23.878, 24.522, 23.878, 24.522, 1, 67.991, 67.991, 0.024, 0.031, 130.875, 134.411, 130.875, 134.411, 5.538, 7.38, 14.536, , , 1, 22.29, 0.248, 0, 14.5, 2.878, 136, 0, 0, 0, 77.288, 8.604, 8.506, 91.4, 56.033, 100, 0, 0, 42.34, 43.34, 18.468, 1.342, 107.339, 0, 0, 111.839, 68.946, 0, 0, 0.248, 0, 0, 14.068, 0, 14.5, 0, 2.878, 136, 0, 0, 0, 77.288, 1.016, 0.008, 0.008, 91.4, 56.033, 100, 0, 0, 141, 42.34, 43.34, 18.468, 1.342, 0, 107.339, 0, 0, 111.839, 68.946, 0, 0.1, 0, 0, 
22.25, 22.2, 100.44, 63.82, 64.47, , 5.683, 0.974, 2255.759, 2255.759, 1.067, 137.194, 137.194, 137.194, 13.284, 77.025, 35.344, 35.722, 7.38, 14.542, 0, 0, 24.324, 24.981, 24.324, 24.981, 1, 68.271, 68.271, 0.024, 0.031, 143.989, 147.879, 143.989, 147.879, 5.562, 7.38, 14.542, , , 1, 22.341, 0.301, 0, 14.5, 2.89, 136, 0, 0, 0, 77.744, 8.715, 8.692, 91.4, 56.284, 100, 0, 0, 42.283, 43.283, 18.809, 1.353, 107.282, 0, 0, 111.782, 69.157, 0, 0, 0.301, 0, 0, 14.056, 0, 14.5, 0, 2.89, 136, 0, 0, 0, 77.744, 1.016, 0.008, 0.008, 91.4, 56.284, 100, 0, 0, 141, 42.283, 43.283, 18.809, 1.353, 0, 107.282, 0, 0, 111.782, 69.157, 0, 0.1, 0, 0, 
22.3, 22.199, 100.44, 63.82, 64.47, , 5.778, 0.974, 2260.727, 2260.727, 0.998, 139.458, 139.458, 139.458, 12.233, 77.739, 35.308, 35.866, 7.38, 14.514, 0, 0, 24.831, 25.501, 24.831, 25.501, 1, 68.555, 68.555, 0.024, 0.031, 159.68, 163.994, 159.68, 163.994, 5.585, 7.38, 14.514, , , 1, 22.39, 0.342, 0, 14.5, 2.898, 136, 0, 0, 0, 78.092, 8.805, 8.845, 91.4, 56.492, 100, 0, 0, 42.228, 43.228, 19.092, 1.363, 107.227, 0, 0, 111.727, 69.307, 0, 0, 0.342, 0, 0, 14.045, 0, 14.5, 0, 2.898, 136, 0, 0, 0, 78.092, 1.016, 0.009, 0.009, 91.4, 56.492, 100, 0, 0, 141, 42.228, 43.228, 19.092, 1.363, 0, 107.227, 0, 0, 111.727, 69.307, 0, 0.1, 0, 0, 
22.35, 22.198, 100.44, 63.82, 64.47, , 5.881, 0.974, 2265.695, 2265.695, 0.929, 141.907, 141.907, 141.907, 11.191, 78.454, 35.272, 36.01, 7.38, 14.472, 0, 0, 25.374, 26.059, 25.374, 26.059, 1, 68.843, 68.843, 0.024, 0.031, 178.263, 183.08, 178.263, 183.08, 5.609, 7.38, 14.472, , , 1, 22.44, 0.369, 0, 14.5, 2.903, 136, 0, 0, 0, 78.3, 8.863, 8.954, 91.4, 56.646, 100, 0, 0, 42.176, 43.176, 19.3, 1.369, 107.175, 0, 0, 111.675, 69.372, 0, 0, 0.369, 0, 0, 14.035, 0, 14.5, 0, 2.903, 136, 0, 0, 0, 78.3, 1.016, 0.009, 0.009, 91.4, 56.646, 100, 0, 0, 141, 42.176, 43.176, 19.3, 1.369, 0, 107.175, 0, 0, 111.675, 69.372, 0, 0.1, 0, 0, 
22.4, 22.198, 100.44, 63.82, 64.47, , 5.974, 0.974, 2270.663, 2270.663, 0.86, 144.129, 144.129, 144.129, 10.147, 79.168, 35.244, 36.151, 7.38, 14.407, 0, 0, 25.879, 26.578, 25.879, 26.578, 1, 69.14, 69.14, 0.024, 0.031, 200.135, 205.543, 200.135, 205.543, 5.632, 7.38, 14.407, , , 1, 22.491, 0.396, 0, 14.5, 2.908, 136, 0, 0, 0, 78.508, 8.921, 9.062, 91.4, 56.799, 100, 0, 0, 42.124, 43.124, 19.508, 1.375, 107.123, 0, 0, 111.623, 69.436, 0, 0, 0.396, 0, 0, 14.025, 0, 14.5, 0, 2.908, 136, 0, 0, 0, 78.508, 1.016, 0.009, 0.009, 91.4, 56.799, 100, 0, 0, 141, 42.124, 43.124, 19.508, 1.375, 0, 107.123, 0, 0, 111.623, 69.436, 0, 0.1, 0, 0, 
22.45, 22.197, 100.44, 63.82, 64.47, , 6.09, 0.974, 2275.711, 2275.711, 0.791, 146.879, 146.879, 146.879, 9.124, 79.882, 35.28, 36.259, 7.38, 14.341, 0, 0, 26.486, 27.201, 26.486, 27.201, 1, 69.437, 69.437, 0.024, 0.032, 228.205, 234.369, 228.205, 234.369, 5.645, 7.38, 14.341, , , 1, 22.54, 0.423, 0, 14.5, 2.913, 136, 0, 0, 0, 78.717, 8.98, 9.17, 91.4, 56.952, 100, 0, 0, 42.072, 43.072, 19.717, 1.381, 107.071, 0, 0, 111.571, 69.501, 0, 0, 0.423, 0, 0, 14.014, 0, 14.5, 0, 2.913, 136, 0, 0, 0, 78.717, 1.016, 0.009, 0.009, 91.4, 56.952, 100, 0, 0, 141, 42.072, 43.072, 19.717, 1.381, 0, 107.071, 0, 0, 111.571, 69.501, 0, 0.1, 0, 0, 
22.5, 22.196, 100.44, 63.82, 64.47, , 6.186, 0.974, 2280.787, 2280.787, 0.722, 149.159, 149.159, 149.159, 8.098, 80.597, 35.316, 36.367, 7.379, 14.273, 0, 0, 27.015, 27.744, 27.015, 27.744, 1, 69.742, 69.742, 0.024, 0.032, 263.012, 270.118, 263.012, 270.118, 5.638, 7.379, 14.273, , , 1, 22.59, 0.45, 0, 14.5, 2.918, 136, 0, 0, 0, 78.925, 9.038, 9.279, 91.4, 57.105, 100, 0, 0, 42.02, 43.02, 19.925, 1.388, 107.019, 0, 0, 111.519, 69.565, 0, 0, 0.45, 0, 0, 14.004, 0, 14.5, 0, 2.918, 136, 0, 0, 0, 78.925, 1.016, 0.009, 0.009, 91.4, 57.105, 100, 0, 0, 141, 42.02, 43.02, 19.925, 1.388, 0, 107.019, 0, 0, 111.519, 69.565, 0, 0.1, 0, 0, 
22.55, 22.195, 100.44, 63.82, 64.47, , 6.238, 0.974, 2285.863, 2285.863, 0.653, 150.41, 150.41, 150.41, 7.085, 81.311, 35.352, 36.475, 7.379, 14.216, 0, 0, 27.362, 28.102, 27.362, 28.102, 1, 70.049, 70.049, 0.024, 0.032, 306.702, 314.99, 306.702, 314.99, 5.631, 7.379, 14.216, , , 1, 22.64, 0.452, 0, 14.5, 2.933, 136.128, 0, 0, 0, 79, 9.101, 9.348, 91.4, 57.609, 100, 0, 0, 41.845, 42.814, 20.32, 1.406, 106.904, 0, 0, 111.309, 69.937, 0, 0, 0.452, 0, 0, 14.013, 0, 14.5, 0, 2.933, 136.128, 0, 0, 0, 79, 1.016, 0.009, 0.009, 91.4, 57.609, 100, 0, 0, 141, 41.845, 42.814, 20.32, 1.406, 0, 106.904, 0, 0, 111.309, 69.937, 0, 0.1, 0, 0, 
22.6, 22.195, 100.44, 63.82, 64.47, , 6.301, 0.974, 2290.94, 2290.94, 0.584, 151.908, 151.908, 151.908, 6.084, 82.026, 35.388, 36.583, 7.378, 14.181, 0, 0, 27.757, 28.506, 27.757, 28.506, 1, 70.358, 70.358, 0.024, 0.032, 368.615, 378.575, 368.615, 378.575, 5.624, 7.378, 14.181, , , 1, 22.69, 0.44, 0, 14.5, 2.953, 136.328, 0, 0, 0, 79, 9.167, 9.393, 91.4, 58.311, 100, 0, 0, 41.595, 42.514, 20.82, 1.432, 106.755, 0, 0, 111.01, 70.497, 0, 0, 0.44, 0, 0, 14.033, 0, 14.5, 0, 2.953, 136.328, 0, 0, 0, 79, 1.016, 0.009, 0.009, 91.4, 58.311, 100, 0, 0, 141, 41.595, 42.514, 20.82, 1.432, 0, 106.755, 0, 0, 111.01, 70.497, 0, 0.1, 0, 0, 
22.65, 22.194, 100.44, 63.82, 64.47, , 6.378, 0.974, 2296.031, 2296.031, 0.515, 153.753, 153.753, 153.753, 5.096, 82.74, 35.416, 36.673, 7.378, 14.157, 0, 0, 28.218, 28.98, 28.218, 28.98, 1, 70.669, 70.669, 0.024, 0.032, 462.649, 475.148, 462.649, 475.148, 5.616, 7.378, 14.157, , , 1, 22.741, 0.428, 0, 14.5, 2.973, 136.528, 0, 0, 0, 79, 9.233, 9.438, 91.4, 59.013, 100, 0, 0, 41.345, 42.214, 21.32, 1.458, 106.606, 0, 0, 110.711, 71.057, 0, 0, 0.428, 0, 0, 14.053, 0, 14.5, 0, 2.973, 136.528, 0, 0, 0, 79, 1.016, 0.009, 0.009, 91.4, 59.013, 100, 0, 0, 141, 41.345, 42.214, 21.32, 1.458, 0, 106.606, 0, 0, 110.711, 71.057, 0, 0.1, 0, 0, 
22.7, 22.193, 100.44, 63.82, 64.47, , 6.428, 0.974, 2301.193, 2301.193, 0.446, 154.94, 154.94, 154.94, 4.108, 83.455, 35.38, 36.601, 7.377, 14.155, 0, 0, 28.561, 29.334, 28.561, 29.334, 1, 70.986, 70.986, 0.024, 0.032, 624.504, 641.377, 624.504, 641.377, 5.59, 7.377, 14.155, , , 1, 22.79, 0.416, 0, 14.5, 2.992, 136.728, 0, 0, 0, 79, 9.299, 9.483, 91.4, 59.715, 100, 0, 0, 41.095, 41.914, 21.82, 1.484, 106.456, 0, 0, 110.412, 71.617, 0, 0, 0.416, 0, 0, 14.073, 0, 14.5, 0, 2.992, 136.728, 0, 0, 0, 79, 1.016, 0.009, 0.009, 91.4, 59.715, 100, 0, 0, 141, 41.095, 41.914, 21.82, 1.484, 0, 106.456, 0, 0, 110.412, 71.617, 0, 0.1, 0, 0, 
22.75, 22.192, 100.44, 63.82, 64.47, , 6.468, 0.974, 2306.305, 2306.305, 0.377, 155.896, 155.896, 155.896, 3.126, 84.169, 35.344, 36.529, 7.377, 14.156, 0, 0, 28.867, 29.646, 28.867, 29.646, 1, 71.307, 71.307, 0.024, 0.032, 1086.081, 1115.424, 1086.081, 1115.424, 5.563, 7.377, 14.156, , , 1, 22.84, 0.405, 0, 14.5, 3.012, 136.928, 0, 0, 0, 79, 9.365, 9.528, 91.4, 60.417, 100, 0, 0, 40.845, 41.614, 22.32, 1.51, 106.307, 0, 0, 110.114, 72.177, 0, 0, 0.405, 0, 0, 14.093, 0, 14.5, 0, 3.012, 136.928, 0, 0, 0, 79, 1.016, 0.009, 0.009, 91.4, 60.417, 100, 0, 0, 141, 40.845, 41.614, 22.32, 1.51, 0, 106.307, 0, 0, 110.114, 72.177, 0, 0.1, 0, 0, 
22.8, 22.192, 100.44, 63.82, 64.47, , 6.55, 0.974, 2311.494, 2311.494, 0.308, 157.841, 157.841, 157.841, 2.176, 84.884, 35.308, 36.457, 7.377, 14.162, 0, 0, 29.36, 30.153, 29.36, 30.153, 1, 71.63, 71.63, 0.024, 0.032, 1655.496, 1700.222, 1655.496, 1700.222, 5.536, 7.377, 14.162, , , 1, 22.891, 0.423, 0, 14.5, 3.025, 137.145, 0, 0, 0, 79, 9.448, 9.554, 91.4, 60.858, 100, 0, 0, 40.715, 41.43, 22.573, 1.523, 106.356, 0, 0, 110.071, 72.521, 0, 0, 0.423, 0, 0, 14.1, 0, 14.5, 0, 3.025, 137.145, 0, 0, 0, 79, 1.016, 0.01, 0.01, 91.4, 60.858, 100, 0, 0, 141, 40.715, 41.43, 22.573, 1.523, 0, 106.356, 0, 0, 110.071, 72.521, 0, 0.1, 0, 0, 
22.85, 22.191, 100.44, 63.82, 64.47, , 6.624, 0.974, 2316.745, 2316.745, 0.239, 159.614, 159.614, 159.614, 2.329, 85.598, 35.272, 36.385, 7.377, 14.164, 0, 0, 29.827, 30.631, 29.827, 30.631, 1, 71.955, 71.955, 0.024, 0.032, 1671.202, 1716.353, 1671.202, 1716.353, 5.509, 7.377, 14.164, , , 1, 22.94, 0.459, 0, 14.5, 3.032, 137.373, 0, 0, 0, 79, 9.541, 9.569, 91.4, 61.151, 100, 0, 0, 40.658, 41.316, 22.686, 1.527, 106.527, 0, 0, 110.185, 72.732, 0, 0, 0.459, 0, 0, 14.1, 0, 14.5, 0, 3.032, 137.373, 0, 0, 0, 79, 1.016, 0.01, 0.01, 91.4, 61.151, 100, 0, 0, 141, 40.658, 41.316, 22.686, 1.527, 0, 106.527, 0, 0, 110.185, 72.732, 0, 0.1, 0, 0, 
22.9, 22.19, 100.44, 63.82, 64.47, , 6.71, 0.974, 2321.976, 2321.976, 0.17, 161.666, 161.666, 161.666, 3.662, 86.312, 35.236, 36.288, 7.377, 14.157, 0, 0, 30.35, 31.17, 30.35, 31.17, 1, 72.284, 72.284, 0.024, 0.032, 1592.896, 1635.931, 1592.896, 1635.931, 5.501, 7.377, 14.157, , , 1, 22.99, 0.496, 0, 14.5, 3.04, 137.6, 0, 0, 0, 79, 9.634, 9.584, 91.4, 61.444, 100, 0, 0, 40.601, 41.202, 22.8, 1.532, 106.699, 0, 0, 110.299, 72.944, 0, 0, 0.496, 0, 0, 14.1, 0, 14.5, 0, 3.04, 137.6, 0, 0, 0, 79, 1.016, 0.01, 0.01, 91.4, 61.444, 100, 0, 0, 141, 40.601, 41.202, 22.8, 1.532, 0, 106.699, 0, 0, 110.299, 72.944, 0, 0.1, 0, 0, 
22.95, 22.189, 100.44, 63.82, 64.47, , 6.839, 0.974, 2327.252, 2327.252, 0.101, 164.738, 164.738, 164.738, 6.196, 87.027, 35.2, 35.964, 7.377, 14.141, 0, 0, 31.074, 31.911, 31.074, 31.911, 1, 72.623, 72.623, 0.024, 0.032, 1447.032, 1486.126, 1447.032, 1486.126, 5.498, 7.377, 14.141, , , 1, 23.04, 0.532, 0, 14.5, 3.048, 137.827, 0, 0, 0, 79, 9.727, 9.598, 91.4, 61.737, 100, 0, 0, 40.544, 41.089, 22.914, 1.536, 106.87, 0, 0, 110.413, 73.155, 0, 0, 0.532, 0, 0, 14.1, 0, 14.5, 0, 3.048, 137.827, 0, 0, 0, 79, 1.016, 0.01, 0.01, 91.4, 61.737, 100, 0, 0, 141, 40.544, 41.089, 22.914, 1.536, 0, 106.87, 0, 0, 110.413, 73.155, 0, 0.1, 0, 0, 
23, 22.188, 100.44, 63.82, 64.47, , 6.983, 0.974, 2332.457, 2332.457, 0.032, 168.16, 168.16, 168.16, 9.839, 87.741, 35.164, 35.64, 7.377, 14.098, 0, 0, 31.867, 32.725, 31.867, 32.725, 1, 72.964, 72.964, 0.024, 0.032, 1171.224, 1202.866, 1171.224, 1202.866, 5.495, 7.377, 14.098, , , 1, 23.09, 0.558, 0, 14.5, 3.057, 137.911, 0, 0, 0, 79, 9.82, 9.666, 91.4, 62.042, 100, 0, 0, 40.48, 40.98, 23.089, 1.542, 107.044, 0, 0, 110.567, 73.396, 0, 0, 0.558, 0, 0, 14.1, 0, 14.5, 0, 3.057, 137.911, 0, 0, 0, 79, 1.016, 0.01, 0.01, 91.4, 62.042, 100, 0, 0, 141, 40.48, 40.98, 23.089, 1.542, 0, 107.044, 0, 0, 110.567, 73.396, 0, 0.096, 0, 0, 
23.05, 22.188, 100.44, 63.82, 64.47, , 7.097, 0.974, 2337.769, 2337.769, 0.214, 170.872, 170.872, 170.872, 14.647, 85.156, 35.128, 35.316, 7.377, 14.048, 0, 0, 32.536, 33.413, 32.536, 33.413, 1, 73.313, 73.313, 0.024, 0.032, 276.465, 283.935, 276.465, 283.935, 5.492, 7.377, 14.048, , , 1, 23.14, 0.549, 0, 14.5, 3.068, 137.541, 0, 0, 0, 79, 9.909, 9.921, 91.4, 62.383, 100, 0, 0, 40.387, 40.887, 23.459, 1.554, 107.23, 0, 0, 110.844, 73.744, 0, 0, 0.549, 0, 0, 14.1, 0, 14.5, 0, 3.068, 137.541, 0, 0, 0, 79, 1.014, 0.01, 0.01, 91.4, 62.383, 100, 0, 0, 141, 40.387, 40.887, 23.459, 1.554, 0, 107.23, 0, 0, 110.844, 73.744, 0, 0.077, 0, 0, 
23.1, 22.187, 100.44, 63.82, 64.47, , 7.267, 0.974, 2343.172, 2343.172, 0.61, 174.905, 174.905, 174.905, 19.923, 79.761, 35.092, 34.992, 7.377, 13.972, 0, 0, 33.468, 34.37, 33.468, 34.37, 1, 73.67, 73.67, 0.024, 0.032, 146.632, 150.594, 146.632, 150.594, 5.524, 7.377, 13.972, , , 1, 23.19, 0.539, 0, 14.5, 3.08, 137.17, 0, 0, 0, 79, 9.998, 10.175, 91.4, 62.723, 100, 0, 0, 40.294, 40.794, 23.83, 1.565, 107.415, 0, 0, 111.122, 74.092, 0, 0, 0.539, 0, 0, 14.1, 0, 14.5, 0, 3.08, 137.17, 0, 0, 0, 79, 1.013, 0.01, 0.01, 91.4, 62.723, 100, 0, 0, 141, 40.294, 40.794, 23.83, 1.565, 0, 107.415, 0, 0, 111.122, 74.092, 0, 0.059, 0, 0, 
23.15, 22.186, 100.44, 63.819, 64.47, , 7.408, 0.974, 2348.479, 2348.479, 1.006, 178.258, 178.258, 178.258, 25.091, 74.365, 35.049, 34.707, 7.377, 13.895, 0, 0, 34.276, 35.199, 34.276, 35.199, 1, 74.029, 74.029, 0.024, 0.032, 108.013, 110.931, 108.013, 110.931, 5.583, 7.377, 13.895, , , 1, 23.24, 0.53, 0, 14.5, 3.091, 136.8, 0, 0, 0, 79, 10.087, 10.43, 91.4, 63.064, 100, 0, 0, 40.201, 40.701, 24.2, 1.576, 107.6, 0, 0, 111.4, 74.439, 0, 0, 0.53, 0, 0, 14.1, 0, 14.5, 0, 3.091, 136.8, 0, 0, 0, 79, 1.011, 0.01, 0.011, 91.4, 63.064, 100, 0, 0, 141, 40.201, 40.701, 24.2, 1.576, 0, 107.6, 0, 0, 111.4, 74.439, 0, 0.04, 0, 0, 
23.2, 22.185, 100.44, 63.815, 64.47, , 7.522, 0.974, 2353.843, 2353.843, 1.403, 180.976, 180.976, 180.976, 30.043, 68.969, 34.941, 34.779, 7.377, 13.811, 0, 0, 34.97, 35.912, 34.97, 35.912, 1, 74.402, 74.402, 0.024, 0.032, 87.832, 90.205, 87.832, 90.205, 5.642, 7.377, 13.811, , , 1, 23.29, 0.521, 0, 14.5, 3.103, 136.43, 0, 0, 0, 79, 10.177, 10.685, 91.4, 63.405, 100, 0, 0, 40.108, 40.608, 24.57, 1.587, 107.785, 0, 0, 111.678, 74.787, 0, 0, 0.521, 0, 0, 14.1, 0, 14.5, 0, 3.103, 136.43, 0, 0, 0, 79, 1.01, 0.01, 0.011, 91.4, 63.405, 100, 0, 0, 141, 40.108, 40.608, 24.57, 1.587, 0, 107.785, 0, 0, 111.678, 74.787, 0, 0.022, 0, 0, 
23.25, 22.185, 100.44, 63.811, 64.47, , 7.669, 0.974, 2359.273, 2359.273, 1.799, 184.482, 184.482, 184.482, 33.797, 63.573, 34.833, 34.851, 7.377, 13.733, 0, 0, 35.827, 36.793, 35.827, 36.793, 1, 74.779, 74.779, 0.024, 0.032, 76.794, 78.868, 76.794, 78.868, 5.701, 7.377, 13.733, , , 1, 23.341, 0.511, 0, 14.5, 3.114, 136.059, 0, 0, 0, 79, 10.266, 10.939, 91.4, 63.745, 100, 0, 0, 40.015, 40.515, 24.941, 1.598, 107.97, 0, 0, 111.956, 75.134, 0, 0, 0.511, 0, 0, 14.1, 0, 14.5, 0, 3.114, 136.059, 0, 0, 0, 79, 1.008, 0.01, 0.011, 91.4, 63.745, 100, 0, 0, 141, 40.015, 40.515, 24.941, 1.598, 0, 107.97, 0, 0, 111.956, 75.134, 0, 0.003, 0, 0, 
23.3, 22.184, 100.44, 63.807, 64.47, , 7.809, 0.974, 2364.703, 2364.703, 2.195, 187.802, 187.802, 187.802, 36.28, 58.177, 34.725, 34.923, 7.378, 13.682, 0, 0, 36.657, 37.645, 36.657, 37.645, 1, 75.162, 75.162, 0.024, 0.032, 71.198, 73.12, 71.198, 73.12, 5.752, 7.378, 13.682, , , 1, 23.391, 0.507, 0, 14.5, 3.13, 136, 0, 0, 0, 79, 10.342, 10.987, 91.4, 64.572, 100, 0, 0, 39.826, 40.326, 25.523, 1.621, 108.087, 0, 0, 112, 75.513, 0, 0, 0.507, 0, 0, 14.083, 0, 14.5, 0, 3.13, 136, 0, 0, 0, 79, 1.009, 0.01, 0.011, 91.4, 64.572, 100, 0, 0, 141, 39.826, 40.326, 25.523, 1.621, 0, 108.087, 0, 0, 112, 75.513, 0, 0, 0, 0, 
23.35, 22.183, 100.44, 63.804, 64.47, , 7.972, 0.974, 2370.136, 2370.136, 2.591, 191.686, 191.686, 191.686, 37.508, 52.782, 34.617, 34.995, 7.378, 13.638, 0, 0, 37.611, 38.625, 37.611, 38.625, 1, 75.55, 75.55, 0.024, 0.032, 69.667, 71.548, 69.667, 71.548, 5.796, 7.378, 13.638, , , 1, 23.441, 0.502, 0, 14.5, 3.148, 136, 0, 0, 0, 79, 10.417, 10.995, 91.4, 65.491, 100, 0, 0, 39.62, 40.12, 26.145, 1.646, 108.191, 0, 0, 112, 75.897, 0, 0, 0.502, 0, 0, 14.062, 0, 14.5, 0, 3.148, 136, 0, 0, 0, 79, 1.011, 0.01, 0.011, 91.4, 65.491, 100, 0, 0, 141, 39.62, 40.12, 26.145, 1.646, 0, 108.191, 0, 0, 112, 75.897, 0, 0, 0, 0, 
23.4, 22.182, 100.44, 63.8, 64.47, , 8.163, 0.974, 2375.672, 2375.672, 2.988, 196.243, 196.243, 196.243, 37.487, 47.386, 34.531, 35.064, 7.379, 13.643, 0, 0, 38.713, 39.757, 38.713, 39.757, 1, 75.951, 75.951, 0.024, 0.032, 71.647, 73.582, 71.647, 73.582, 5.841, 7.379, 13.643, , , 1, 23.491, 0.498, 0, 14.5, 3.165, 136, 0, 0, 0, 79, 10.491, 11.003, 91.4, 66.41, 100, 0, 0, 39.413, 39.913, 26.768, 1.67, 108.295, 0, 0, 112, 76.281, 0, 0, 0.498, 0, 0, 14.041, 0, 14.5, 0, 3.165, 136, 0, 0, 0, 79, 1.013, 0.011, 0.011, 91.4, 66.41, 100, 0, 0, 141, 39.413, 39.913, 26.768, 1.67, 0, 108.295, 0, 0, 112, 76.281, 0, 0, 0, 0, 
23.45, 22.182, 100.44, 63.796, 64.47, , 8.384, 0.974, 2381.144, 2381.144, 2.976, 201.484, 201.484, 201.484, 36.393, 64.868, 34.639, 35.1, 7.379, 13.652, 0, 0, 39.96, 41.037, 39.96, 41.037, 1, 76.355, 76.355, 0.024, 0.032, 75.941, 77.993, 75.941, 77.993, 5.885, 7.379, 13.652, , , 1, 23.541, 0.494, 0, 14.5, 3.182, 136, 0, 0, 0, 79, 10.566, 11.012, 91.4, 67.329, 100, 0, 0, 39.207, 39.707, 27.39, 1.695, 108.398, 0, 0, 112, 76.666, 0, 0, 0.494, 0, 0, 14.02, 0, 14.5, 0, 3.182, 136, 0, 0, 0, 79, 1.014, 0.011, 0.011, 91.4, 67.329, 100, 0, 0, 141, 39.207, 39.707, 27.39, 1.695, 0, 108.398, 0, 0, 112, 76.666, 0, 0, 0, 0, 
23.5, 22.181, 100.44, 63.792, 64.47, , 8.616, 0.974, 2386.704, 2386.704, 2.882, 206.993, 206.993, 206.993, 34.989, 65.943, 34.747, 35.136, 7.381, 13.687, 0, 0, 41.28, 42.393, 41.28, 42.393, 1, 76.774, 76.774, 0.024, 0.032, 81.188, 83.382, 81.188, 83.382, 5.918, 7.381, 13.687, , , 1, 23.591, 0.491, 0, 14.498, 3.2, 136.004, 0, 0, 0, 79, 10.64, 11.02, 91.393, 68.262, 100, 0, 0, 39, 39.5, 28.021, 1.72, 108.5, 0, 0, 112, 77.05, 0, 0, 0.491, 0, 0, 14, 0, 14.498, 0, 3.2, 136.004, 0, 0, 0, 79, 1.016, 0.011, 0.011, 91.393, 68.262, 100, 0, 0, 141, 39, 39.5, 28.021, 1.72, 0, 108.5, 0, 0, 112, 77.05, 0, 0, 0, 0, 
23.55, 22.18, 100.44, 63.788, 64.47, , 8.869, 0.974, 2392.263, 2392.263, 2.787, 213.016, 213.016, 213.016, 33.584, 67.019, 34.855, 35.172, 7.382, 13.721, 0, 0, 42.718, 43.871, 42.718, 43.871, 1, 77.207, 77.207, 0.024, 0.032, 87.045, 89.398, 87.045, 89.398, 5.919, 7.382, 13.721, , , 1, 23.64, 0.548, 0, 14.382, 3.226, 136.196, 0, 0, 0, 79, 11.097, 11.594, 91.047, 69.859, 100, 0, 0, 38.131, 38.486, 29.079, 1.763, 108.5, 0, 0, 112, 77.649, 0, 0, 0.548, 0, 0, 14.01, 0, 14.382, 0, 3.226, 136.196, 0, 0, 0, 79, 1.015, 0.011, 0.012, 91.047, 69.859, 100, 0, 0, 141, 38.131, 38.486, 29.079, 1.763, 0, 108.5, 0, 0, 112, 77.649, 0, 0, 0, 0, 
23.6, 22.179, 100.44, 63.785, 64.47, , 9.095, 0.974, 2397.931, 2397.931, 2.692, 218.393, 218.393, 218.393, 32.18, 68.094, 34.963, 35.208, 7.382, 13.756, 0, 0, 44.047, 45.237, 44.047, 45.237, 1, 77.653, 77.653, 0.024, 0.032, 93.13, 95.646, 93.13, 95.646, 5.92, 7.382, 13.756, , , 1, 23.69, 0.605, 0, 14.267, 3.253, 136.388, 0, 0, 0, 79, 11.553, 12.169, 90.701, 71.456, 100, 0, 0, 37.263, 37.473, 30.137, 1.807, 108.5, 0, 0, 112, 78.249, 0, 0, 0.605, 0, 0, 14.019, 0, 14.267, 0, 3.253, 136.388, 0, 0, 0, 79, 1.014, 0.012, 0.012, 90.701, 71.456, 100, 0, 0, 141, 37.263, 37.473, 30.137, 1.807, 0, 108.5, 0, 0, 112, 78.249, 0, 0, 0, 0, 
23.65, 22.178, 100.44, 63.781, 64.47, , 9.33, 0.974, 2403.512, 2403.512, 2.598, 223.979, 223.979, 223.979, 30.795, 69.17, 35.06, 35.298, 7.382, 13.785, 0, 0, 45.437, 46.665, 45.437, 46.665, 1, 78.107, 78.107, 0.024, 0.032, 99.825, 102.522, 99.825, 102.522, 5.922, 7.382, 13.785, , , 1, 23.74, 0.661, 0, 14.152, 3.28, 136.581, 0, 0, 0, 79, 12.01, 12.743, 90.355, 73.053, 100, 0, 0, 36.394, 36.459, 31.194, 1.85, 108.5, 0, 0, 112, 78.848, 0, 0, 0.661, 0, 0, 14.029, 0, 14.152, 0, 3.28, 136.581, 0, 0, 0, 79, 1.014, 0.012, 0.013, 90.355, 73.053, 100, 0, 0, 141, 36.394, 36.459, 31.194, 1.85, 0, 108.5, 0, 0, 112, 78.848, 0, 0, 0, 0, 
23.7, 22.177, 100.44, 63.777, 64.47, , 9.569, 0.974, 2409.207, 2409.207, 2.503, 229.667, 229.667, 229.667, 29.417, 70.245, 35.06, 35.874, 7.382, 13.762, 0, 0, 46.869, 48.136, 46.869, 48.136, 1, 78.576, 78.576, 0.024, 0.032, 107.183, 110.078, 107.183, 110.078, 5.923, 7.382, 13.762, , , 1, 23.79, 0.718, 0, 14.036, 3.306, 136.773, 0, 0, 0, 79, 12.466, 13.317, 90.008, 74.65, 100, 0, 0, 35.525, 35.446, 32.252, 1.894, 108.5, 0, 0, 112, 79.448, 0, 0, 0.718, 0, 0, 14.039, 0, 14.036, 0, 3.306, 136.773, 0, 0, 0, 79, 1.013, 0.013, 0.013, 90.008, 74.65, 100, 0, 0, 141, 35.525, 35.446, 32.252, 1.894, 0, 108.5, 0, 0, 112, 79.448, 0, 0, 0, 0, 
23.75, 22.176, 100.44, 63.773, 64.47, , 9.856, 0.974, 2416.326, 2416.326, 2.409, 236.479, 236.479, 236.479, 27.992, 71.32, 35.06, 36.45, 7.382, 13.737, 0, 0, 48.631, 49.946, 48.631, 49.946, 1, 79.078, 79.078, 0.024, 0.032, 117.373, 120.544, 117.373, 120.544, 5.929, 7.382, 13.737, , , 1, 23.84, 0.775, 0, 13.921, 3.333, 136.965, 0, 0, 0, 79, 12.923, 13.892, 89.662, 76.248, 100, 0, 0, 34.656, 34.432, 33.31, 1.937, 108.5, 0, 0, 112, 80.047, 0, 0, 0.775, 0, 0, 14.048, 0, 13.921, 0, 3.333, 136.965, 0, 0, 0, 79, 1.012, 0.013, 0.014, 89.662, 76.248, 100, 0, 0, 141, 34.656, 34.432, 33.31, 1.937, 0, 108.5, 0, 0, 112, 80.047, 0, 0, 0, 0, 
23.8, 22.174, 100.44, 63.769, 64.47, , 10.088, 0.974, 2423.03, 2423.03, 2.314, 242.017, 242.017, 242.017, 26.186, 72.396, 35.06, 37.026, 7.381, 13.668, 0, 0, 50.128, 51.484, 50.128, 51.484, 1, 79.744, 79.744, 0.024, 0.032, 127.328, 130.77, 127.328, 130.77, 5.935, 7.381, 13.668, , , 1, 23.891, 0.882, 0, 13.831, 3.347, 137.172, 0, 0, 0, 79, 13.287, 14.272, 89.6, 77.263, 100, 0, 0, 34.157, 33.778, 33.929, 1.96, 108.414, 0, 0, 111.914, 80.368, 0, 0, 0.882, 0, 0, 14.059, 0, 13.831, 0, 3.347, 137.172, 0, 0, 0, 79, 1.011, 0.013, 0.014, 89.6, 77.263, 100, 0, 0, 141, 34.157, 33.778, 33.929, 1.96, 0, 108.414, 0, 0, 111.914, 80.369, 0, 0, 0, 0, 
23.85, 22.173, 100.44, 63.765, 64.47, , 10.304, 0.974, 2428.75, 2428.75, 2.219, 247.157, 247.157, 247.157, 24.866, 73.471, 35.06, 37.602, 7.379, 13.598, 0, 0, 51.51, 52.904, 51.51, 52.904, 1, 80.245, 80.245, 0.024, 0.032, 136.941, 140.643, 136.941, 140.643, 5.941, 7.379, 13.598, , , 1, 23.94, 1, 0, 13.748, 3.357, 137.381, 0, 0, 0, 79, 13.631, 14.61, 89.6, 78.151, 100, 0, 0, 33.738, 33.203, 34.452, 1.977, 108.31, 0, 0, 111.81, 80.627, 0, 0, 1, 0, 0, 14.069, 0, 13.748, 0, 3.357, 137.381, 0, 0, 0, 79, 1.01, 0.014, 0.015, 89.6, 78.151, 100, 0, 0, 141, 33.738, 33.203, 34.452, 1.977, 0, 108.31, 0, 0, 111.81, 80.629, 0, 0, 0, 0, 
23.9, 22.172, 100.44, 63.762, 64.47, , 10.507, 0.974, 2434.588, 2434.588, 2.125, 251.972, 251.972, 251.972, 23.547, 74.547, 35.067, 38.073, 7.379, 13.492, 0, 0, 52.852, 54.282, 52.852, 54.282, 1, 80.759, 80.759, 0.024, 0.032, 147.583, 151.574, 147.583, 151.574, 5.947, 7.379, 13.492, , , 1, 23.99, 1.118, 0, 13.664, 3.368, 137.59, 0, 0, 0, 79, 13.975, 14.948, 89.6, 79.039, 100, 0, 0, 33.32, 32.628, 34.975, 1.995, 108.205, 0, 0, 111.705, 80.886, 0, 0, 1.118, 0, 0, 14.079, 0, 13.664, 0, 3.368, 137.59, 0, 0, 0, 79, 1.01, 0.014, 0.015, 89.6, 79.039, 100, 0, 0, 141, 33.32, 32.628, 34.975, 1.995, 0, 108.205, 0, 0, 111.705, 80.889, 0, 0, 0, 0, 
23.95, 22.171, 100.44, 63.758, 64.47, , 10.724, 0.974, 2440.425, 2440.425, 2.03, 257.134, 257.134, 257.134, 22.25, 75.622, 35.139, 37.605, 7.378, 13.385, 0, 0, 54.284, 55.752, 54.284, 55.752, 1, 81.28, 81.28, 0.024, 0.032, 159.532, 163.846, 159.532, 163.846, 5.956, 7.378, 13.385, , , 1, 24.04, 1.237, 0, 13.58, 3.379, 137.799, 0, 0, 0, 79, 14.32, 15.286, 89.6, 79.927, 100, 0, 0, 32.902, 32.052, 35.498, 2.013, 108.1, 0, 0, 111.6, 81.146, 0, 0, 1.237, 0, 0, 14.09, 0, 13.58, 0, 3.379, 137.799, 0, 0, 0, 79, 1.009, 0.015, 0.016, 89.6, 79.927, 100, 0, 0, 141, 32.902, 32.052, 35.498, 2.013, 0, 108.1, 0, 0, 111.6, 81.15, 0, 0, 0, 0, 
24, 22.17, 100.44, 63.754, 64.47, , 10.934, 0.974, 2446.362, 2446.362, 1.936, 262.137, 262.137, 262.137, 20.969, 76.697, 35.211, 37.137, 7.378, 13.308, 0, 0, 55.706, 57.212, 55.706, 57.212, 1, 81.812, 81.812, 0.024, 0.032, 172.786, 177.456, 172.786, 177.456, 5.966, 7.378, 13.308, , , 1, 24.09, 1.344, 0, 13.495, 3.39, 138, 0, 0, 0, 79, 14.653, 15.611, 89.6, 80.81, 100, 0, 0, 32.488, 31.488, 36.04, 2.031, 107.98, 0, 0, 111.488, 81.412, 0, 0, 1.344, 0, 0, 14.099, 0, 13.495, 0, 3.39, 138, 0, 0, 0, 79, 1.008, 0.015, 0.016, 89.6, 80.81, 100, 0, 0, 141, 32.488, 31.488, 36.04, 2.031, 0, 107.98, 0, 0, 111.488, 81.425, 0, 0, 0, 0, 
24.05, 22.169, 100.44, 63.75, 64.47, , 11.112, 0.974, 2452.229, 2452.229, 1.841, 266.39, 266.39, 266.39, 19.685, 77.773, 35.283, 36.669, 7.378, 13.23, 0, 0, 56.983, 58.522, 56.983, 58.522, 1, 82.359, 82.359, 0.024, 0.031, 186.968, 192.02, 186.968, 192.02, 5.976, 7.378, 13.23, , , 1, 24.14, 1.19, 0, 13.375, 3.41, 138, 0, 0, 0, 79, 14.739, 15.647, 89.6, 81.548, 100, 0, 0, 32.188, 31.188, 37.04, 2.071, 107.48, 0, 0, 111.188, 82.037, 0, 0, 1.19, 0, 0, 14.079, 0, 13.375, 0, 3.41, 138, 0, 0, 0, 79, 1.008, 0.015, 0.016, 89.6, 81.548, 100, 0, 0, 141, 32.188, 31.188, 37.04, 2.071, 0, 107.48, 0, 0, 111.188, 82.047, 0, 0, 0, 0, 
24.1, 22.168, 100.44, 63.746, 64.47, , 11.275, 0.974, 2458.216, 2458.216, 1.746, 270.26, 270.26, 270.26, 18.445, 78.848, 35.355, 36.201, 7.379, 13.202, 0, 0, 58.193, 59.763, 58.193, 59.763, 1, 82.902, 82.902, 0.024, 0.031, 202.706, 208.183, 202.706, 208.183, 5.986, 7.379, 13.202, , , 1, 24.19, 1.036, 0, 13.255, 3.43, 138, 0, 0, 0, 79, 14.825, 15.683, 89.6, 82.286, 100, 0, 0, 31.888, 30.888, 38.04, 2.111, 106.98, 0, 0, 110.888, 82.661, 0, 0, 1.036, 0, 0, 14.059, 0, 13.255, 0, 3.43, 138, 0, 0, 0, 79, 1.008, 0.015, 0.016, 89.6, 82.286, 100, 0, 0, 141, 31.888, 30.888, 38.04, 2.111, 0, 106.98, 0, 0, 110.888, 82.669, 0, 0, 0, 0, 
24.15, 22.166, 100.44, 63.743, 64.47, , 11.432, 0.974, 2464.203, 2464.203, 1.652, 273.999, 273.999, 273.999, 17.209, 79.924, 35.427, 35.769, 7.379, 13.175, 0, 0, 59.394, 60.996, 59.394, 60.996, 1, 83.459, 83.459, 0.024, 0.031, 220.548, 226.506, 220.548, 226.506, 6.003, 7.379, 13.175, , , 1, 24.24, 0.882, 0, 13.135, 3.45, 138, 0, 0, 0, 79, 14.911, 15.719, 89.6, 83.024, 100, 0, 0, 31.588, 30.588, 39.04, 2.151, 106.48, 0, 0, 110.588, 83.286, 0, 0, 0.882, 0, 0, 14.039, 0, 13.135, 0, 3.45, 138, 0, 0, 0, 79, 1.008, 0.015, 0.016, 89.6, 83.024, 100, 0, 0, 141, 31.588, 30.588, 39.04, 2.151, 0, 106.48, 0, 0, 110.588, 83.291, 0, 0, 0, 0, 
24.2, 22.165, 100.44, 63.739, 64.47, , 11.56, 0.974, 2470.191, 2470.191, 1.557, 277.064, 277.064, 277.064, 15.977, 80.999, 35.499, 35.661, 7.38, 13.196, 0, 0, 60.46, 62.092, 60.46, 62.092, 1, 84.031, 84.031, 0.024, 0.031, 240.179, 246.667, 240.179, 246.667, 6.023, 7.38, 13.196, , , 1, 24.29, 0.728, 0, 13.015, 3.471, 138, 0, 0, 0, 79, 14.997, 15.755, 89.6, 83.762, 100, 0, 0, 31.288, 30.288, 40.04, 2.191, 105.98, 0, 0, 110.288, 83.91, 0, 0, 0.728, 0, 0, 14.019, 0, 13.015, 0, 3.471, 138, 0, 0, 0, 79, 1.008, 0.015, 0.016, 89.6, 83.762, 100, 0, 0, 141, 31.288, 30.288, 40.04, 2.191, 0, 105.98, 0, 0, 110.288, 83.913, 0, 0, 0, 0, 
24.25, 22.164, 100.44, 63.735, 64.47, , 11.682, 0.974, 2476.329, 2476.329, 1.463, 279.966, 279.966, 279.966, 14.767, 82.074, 35.571, 35.553, 7.38, 13.22, 0, 0, 61.512, 63.173, 61.512, 63.173, 1, 84.603, 84.603, 0.024, 0.031, 263.401, 270.519, 263.401, 270.519, 6.044, 7.38, 13.22, , , 1, 24.34, 0.577, 0, 12.897, 3.492, 138, 0, 0, 0, 79, 15.08, 15.788, 89.6, 84.52, 100, 0, 0, 30.992, 29.988, 41.084, 2.233, 105.452, 0, 0, 109.946, 84.545, 0, 0, 0.577, 0, 0, 14, 0, 12.897, 0, 3.492, 138, 0, 0, 0, 79, 1.008, 0.015, 0.016, 89.6, 84.52, 100, 0, 0, 141, 30.992, 29.988, 41.084, 2.233, 0, 105.452, 0, 0, 109.946, 84.545, 0, 0, 0, 0, 
24.3, 22.163, 100.44, 63.731, 64.47, , 11.809, 0.974, 2482.474, 2482.474, 1.368, 283.014, 283.014, 283.014, 13.568, 83.15, 35.643, 35.445, 7.38, 13.269, 0, 0, 62.61, 64.302, 62.61, 64.302, 1, 85.183, 85.183, 0.024, 0.031, 290.676, 298.531, 290.676, 298.531, 6.065, 7.38, 13.269, , , 1, 24.39, 0.51, 0, 12.817, 3.53, 138, 0, 0, 0, 79, 15.091, 15.728, 89.6, 85.775, 100, 0, 0, 30.792, 29.688, 43.184, 2.301, 104.252, 0, 0, 108.596, 85.41, 0, 0, 0.51, 0, 0, 14, 0, 12.817, 0, 3.53, 138, 0, 0, 0, 79, 1.008, 0.015, 0.016, 89.6, 85.775, 100, 0, 0, 141, 30.792, 29.688, 43.184, 2.301, 0, 104.252, 0, 0, 108.596, 85.41, 0, 0, 0, 0, 
24.35, 22.162, 100.44, 63.727, 64.47, , 11.943, 0.974, 2488.618, 2488.618, 1.273, 286.191, 286.191, 286.191, 12.396, 84.225, 35.715, 35.337, 7.379, 13.32, 0, 0, 63.743, 65.467, 63.743, 65.467, 1, 85.765, 85.765, 0.024, 0.031, 322.385, 331.096, 322.385, 331.096, 6.089, 7.379, 13.32, , , 1, 24.441, 0.443, 0, 12.737, 3.568, 138, 0, 0, 0, 79, 15.102, 15.668, 89.6, 87.03, 100, 0, 0, 30.592, 29.388, 45.284, 2.37, 103.052, 0, 0, 107.246, 86.276, 0, 0, 0.443, 0, 0, 14, 0, 12.737, 0, 3.568, 138, 0, 0, 0, 79, 1.008, 0.015, 0.016, 89.6, 87.03, 100, 0, 0, 141, 30.592, 29.388, 45.284, 2.37, 0, 103.052, 0, 0, 107.246, 86.276, 0, 0, 0, 0, 
24.4, 22.161, 100.44, 63.724, 64.47, , 12.115, 0.974, 2494.79, 2494.79, 1.179, 290.301, 290.301, 290.301, 11.228, 85.301, 35.773, 35.24, 7.379, 13.368, 0, 0, 65.103, 66.865, 65.103, 66.865, 1, 86.361, 86.361, 0.024, 0.031, 362.393, 372.184, 362.393, 372.184, 6.116, 7.379, 13.368, , , 1, 24.491, 0.376, 0, 12.657, 3.607, 138, 0, 0, 0, 79, 15.113, 15.608, 89.6, 88.285, 100, 0, 0, 30.392, 29.088, 47.384, 2.439, 101.852, 0, 0, 105.896, 87.141, 0, 0, 0.376, 0, 0, 14, 0, 12.657, 0, 3.607, 138, 0, 0, 0, 79, 1.008, 0.015, 0.016, 89.6, 88.285, 100, 0, 0, 141, 30.392, 29.088, 47.384, 2.439, 0, 101.852, 0, 0, 105.896, 87.141, 0, 0, 0, 0, 
24.45, 22.16, 100.44, 63.72, 64.47, , 12.269, 0.974, 2501.101, 2501.101, 1.084, 293.958, 293.958, 293.958, 10.089, 86.376, 35.701, 35.24, 7.378, 13.415, 0, 0, 66.387, 68.183, 66.387, 68.183, 1, 86.953, 86.953, 0.024, 0.031, 411.792, 422.917, 411.792, 422.917, 6.143, 7.378, 13.415, , , 1, 24.54, 0.309, 0, 12.577, 3.645, 138, 0, 0, 0, 79, 15.124, 15.549, 89.6, 89.54, 100, 0, 0, 30.192, 28.788, 49.484, 2.508, 100.652, 0, 0, 104.546, 88.007, 0, 0, 0.309, 0, 0, 14, 0, 12.577, 0, 3.645, 138, 0, 0, 0, 79, 1.008, 0.015, 0.016, 89.6, 89.54, 100, 0, 0, 141, 30.192, 28.788, 49.484, 2.508, 0, 100.652, 0, 0, 104.546, 88.007, 0, 0, 0, 0, 
24.5, 22.158, 100.44, 63.72, 64.47, , 12.45, 0.974, 2507.411, 2507.411, 0.99, 298.286, 298.286, 298.286, 8.954, 87.451, 35.629, 35.24, 7.378, 13.473, 0, 0, 67.835, 69.67, 67.835, 69.67, 1, 87.562, 87.562, 0.024, 0.031, 473.525, 486.316, 473.525, 486.316, 6.169, 7.378, 13.473, , , 1, 24.591, 0.244, 0, 12.5, 3.683, 138, 0, 0, 0, 79, 15.134, 15.49, 89.6, 90.763, 100, 0, 0, 30, 28.5, 51.529, 2.576, 99.479, 0, 0, 103.227, 88.863, 0, 0, 0.244, 0, 0, 14, 0, 12.5, 0, 3.683, 138, 0, 0, 0, 79, 1.008, 0.015, 0.015, 89.6, 90.763, 100, 0, 0, 141, 30, 28.5, 51.529, 2.576, 0, 99.479, 0, 0, 103.227, 88.863, 0, 0, 0, 0, 
24.55, 22.157, 100.44, 63.72, 64.47, , 12.599, 0.974, 2513.722, 2513.722, 0.895, 301.826, 301.826, 301.826, 7.823, 88.527, 35.557, 35.24, 7.378, 13.531, 0, 0, 69.126, 70.995, 69.126, 70.995, 1, 88.185, 88.185, 0.024, 0.031, 554.371, 569.345, 554.371, 569.345, 6.197, 7.378, 13.531, , , 1, 24.64, 0.216, 0, 12.5, 3.697, 138, 0, 0, 0, 79, 15.102, 15.467, 89.6, 91.225, 100, 0, 0, 30, 28.5, 52.258, 2.604, 98.958, 0, 0, 102.654, 89.251, 0, 0, 0.216, 0, 0, 14, 0, 12.5, 0, 3.697, 138, 0, 0, 0, 79, 1.008, 0.015, 0.015, 89.6, 91.225, 100, 0, 0, 141, 30, 28.5, 52.258, 2.604, 0, 98.958, 0, 0, 102.654, 89.251, 0, 0, 0, 0, 
24.6, 22.156, 100.44, 63.72, 64.47, , 12.743, 0.974, 2520.114, 2520.114, 0.8, 305.281, 305.281, 305.281, 6.724, 89.602, 35.485, 35.24, 7.379, 13.596, 0, 0, 70.404, 72.307, 70.404, 72.307, 1, 88.806, 88.806, 0.024, 0.031, 662.032, 679.914, 662.032, 679.914, 6.226, 7.379, 13.596, , , 1, 24.69, 0.188, 0, 12.5, 3.711, 138, 0, 0, 0, 79, 15.07, 15.444, 89.6, 91.686, 100, 0, 0, 30, 28.5, 52.988, 2.632, 98.438, 0, 0, 102.081, 89.64, 0, 0, 0.188, 0, 0, 14, 0, 12.5, 0, 3.711, 138, 0, 0, 0, 79, 1.008, 0.015, 0.015, 89.6, 91.686, 100, 0, 0, 141, 30, 28.5, 52.988, 2.632, 0, 98.438, 0, 0, 102.081, 89.64, 0, 0, 0, 0, 
24.65, 22.155, 100.44, 63.72, 64.47, , 12.827, 0.974, 2526.47, 2526.47, 0.706, 307.281, 307.281, 307.281, 5.636, 90.678, 35.388, 35.261, 7.381, 13.661, 0, 0, 71.365, 73.294, 71.365, 73.294, 1, 89.435, 89.435, 0.024, 0.031, 812.594, 834.544, 812.594, 834.544, 6.255, 7.381, 13.661, , , 1, 24.74, 0.159, 0, 12.5, 3.725, 138, 0, 0, 0, 79, 15.037, 15.421, 89.6, 92.148, 100, 0, 0, 30, 28.5, 53.717, 2.66, 97.917, 0, 0, 101.508, 90.028, 0, 0, 0.159, 0, 0, 14, 0, 12.5, 0, 3.725, 138, 0, 0, 0, 79, 1.008, 0.015, 0.015, 89.6, 92.148, 100, 0, 0, 141, 30, 28.5, 53.717, 2.66, 0, 97.917, 0, 0, 101.508, 90.028, 0, 0, 0, 0, 
24.7, 22.154, 100.44, 63.72, 64.47, , 12.881, 0.974, 2532.956, 2532.956, 0.611, 308.593, 308.593, 308.593, 4.569, 91.753, 35.073, 35.471, 7.382, 13.738, 0, 0, 72.167, 74.119, 72.167, 74.119, 1, 90.063, 90.063, 0.024, 0.032, 1063.899, 1092.64, 1063.899, 1092.64, 6.284, 7.382, 13.738, , , 1, 24.792, 0.131, 0, 12.5, 3.739, 138, 0, 0, 0, 79, 15.005, 15.398, 89.6, 92.609, 100, 0, 0, 30, 28.5, 54.446, 2.688, 97.396, 0, 0, 100.935, 90.417, 0, 0, 0.131, 0, 0, 14, 0, 12.5, 0, 3.739, 138, 0, 0, 0, 79, 1.008, 0.015, 0.015, 89.6, 92.609, 100, 0, 0, 141, 30, 28.5, 54.446, 2.688, 0, 97.396, 0, 0, 100.935, 90.417, 0, 0, 0, 0, 
24.75, 22.153, 100.44, 63.72, 64.47, , 12.859, 0.974, 2539.546, 2539.546, 0.517, 308.076, 308.076, 308.076, 3.497, 92.828, 34.758, 35.681, 7.384, 13.818, 0, 0, 72.553, 74.514, 72.553, 74.514, 1, 90.707, 90.707, 0.024, 0.032, 1551.889, 1593.815, 1551.889, 1593.815, 6.313, 7.384, 13.818, , , 1, 24.842, 0.109, 0.001, 12.507, 3.759, 138, 0, 0, 0, 79, 14.987, 15.388, 89.524, 93.053, 100, 0, 0, 30.063, 28.563, 55.231, 2.716, 97.185, 0, 0, 100.673, 90.917, 0, 0, 0.109, 0, 0, 14, 0.001, 12.507, 0, 3.759, 138, 0, 0, 0, 79, 1.008, 0.015, 0.015, 89.524, 93.053, 100, 0, 0, 141, 30.063, 28.563, 55.231, 2.716, 0, 97.185, 0, 0, 100.673, 90.917, 0, 0, 0, 0, 
24.8, 22.152, 100.44, 63.72, 64.47, , 12.685, 0.974, 2546.084, 2546.084, 0.422, 303.991, 303.991, 303.991, 2.452, 93.904, 34.443, 35.891, 7.384, 13.889, 0, 0, 72.075, 74.021, 72.075, 74.021, 1, 91.337, 91.337, 0.024, 0.032, 3041.88, 3124.062, 3041.88, 3124.062, 6.342, 7.384, 13.889, , , 1, 24.893, 0.103, 0.004, 12.536, 3.798, 138, 0, 0, 0, 79, 15.016, 15.427, 89.176, 93.443, 100, 0, 0, 30.352, 28.852, 56.192, 2.743, 97.954, 0, 0, 101.394, 91.813, 0, 0, 0.103, 0, 0, 14, 0.004, 12.536, 0, 3.798, 138, 0, 0, 0, 79, 1.008, 0.015, 0.015, 89.176, 93.443, 100, 0, 0, 141, 30.352, 28.852, 56.192, 2.743, 0, 97.954, 0, 0, 101.394, 91.813, 0, 0, 0, 0, 
24.85, 22.15, 100.44, 63.72, 64.47, , 12.441, 0.974, 2552.755, 2552.755, 0.327, 298.205, 298.205, 298.205, 1.735, 94.979, 34.128, 36.101, 7.384, 13.959, 0, 0, 71.174, 73.097, 71.174, 73.097, 1, 91.95, 91.95, 0.024, 0.032, 3955.008, 4061.861, 3955.008, 4061.861, 6.371, 7.384, 13.959, , , 1, 24.943, 0.097, 0.006, 12.565, 3.836, 138, 0, 0, 0, 79, 15.046, 15.465, 88.829, 93.832, 100, 0, 0, 30.64, 29.14, 57.154, 2.77, 98.723, 0, 0, 102.115, 92.709, 0, 0, 0.097, 0, 0, 14, 0.006, 12.565, 0, 3.836, 138, 0, 0, 0, 79, 1.008, 0.015, 0.015, 88.829, 93.832, 100, 0, 0, 141, 30.64, 29.14, 57.154, 2.77, 0, 98.723, 0, 0, 102.115, 92.709, 0, 0, 0, 0, 
24.9, 22.149, 100.44, 63.72, 64.469, , 12.008, 0.974, 2559.56, 2559.56, 0.233, 287.959, 287.959, 287.959, 1.794, 96.055, 33.813, 36.312, 7.383, 14.011, 0, 0, 69.176, 71.044, 69.176, 71.044, 1, 92.659, 92.659, 0.024, 0.032, 3982.13, 4089.716, 3982.13, 4089.716, 6.4, 7.383, 14.011, , , 1, 24.99, 0.091, 0.009, 12.593, 3.874, 138, 0, 0, 0, 79, 15.076, 15.504, 88.481, 94.222, 100, 0, 0, 30.929, 29.429, 58.115, 2.797, 99.492, 0, 0, 102.837, 93.606, 0, 0, 0.091, 0, 0, 14, 0.009, 12.593, 0, 3.874, 138, 0, 0, 0, 79, 1.008, 0.015, 0.015, 88.481, 94.222, 100, 0, 0, 141, 30.929, 29.429, 58.115, 2.797, 0, 99.492, 0, 0, 102.837, 93.606, 0, 0, 0, 0, 
24.95, 22.147, 100.44, 63.72, 64.467, , 11.251, 0.974, 2568.433, 2568.433, 0.138, 270.014, 270.014, 270.014, 2.435, 97.13, 34.262, 36.604, 7.381, 14.059, 0, 0, 65.371, 67.136, 65.371, 67.136, 1, 93.328, 93.328, 0.024, 0.032, 3383.562, 3474.977, 3383.562, 3474.977, 6.43, 7.381, 14.059, , , 1, 25.04, 0.086, 0.012, 12.622, 3.913, 138, 0, 0, 0, 79, 15.106, 15.542, 88.134, 94.611, 100, 0, 0, 31.217, 29.717, 59.077, 2.824, 100.262, 0, 0, 103.558, 94.502, 0, 0, 0.086, 0, 0, 14, 0.012, 12.622, 0, 3.913, 138, 0, 0, 0, 79, 1.008, 0.015, 0.015, 88.134, 94.611, 100, 0, 0, 141, 31.217, 29.717, 59.077, 2.824, 0, 100.262, 0, 0, 103.558, 94.502, 0, 0, 0, 0, 
25, 22.145, 100.44, 63.72, 64.465, , 10.603, 0.974, 2575.23, 2575.23, 0.044, 254.665, 254.665, 254.665, 3.506, 98.205, 34.744, 36.901, 7.38, 14.076, 0, 0, 62.012, 63.687, 62.012, 63.687, 1, 93.862, 93.862, 0.024, 0.032, 2887.708, 2965.726, 2887.708, 2965.726, 6.462, 7.38, 14.076, , , 1, 25.09, 0.079, 0.015, 12.651, 3.95, 138, 0, 0, 0, 79, 15.132, 15.577, 87.8, 94.959, 100, 0, 0, 31.504, 30.002, 59.942, 2.849, 101.042, 0, 0, 104.294, 95.384, 0, 0, 0.079, 0, 0, 14, 0.015, 12.651, 0, 3.95, 138, 0, 0, 0, 79, 1.008, 0.015, 0.015, 87.8, 94.959, 100, 0, 0, 141, 31.504, 30.002, 59.942, 2.849, 0, 101.042, 0, 0, 104.294, 95.384, 0, 0, 0, 0, 
25.05, 22.143, 100.44, 63.72, 64.463, , 10.02, 0.974, 2581.961, 2581.961, 0.098, 240.852, 240.852, 240.852, 5.012, 96.915, 35.225, 37.197, 7.378, 14.084, 0, 0, 58.965, 60.558, 58.965, 60.558, 1, 94.368, 94.368, 0.024, 0.032, 1392.31, 1429.927, 1392.31, 1429.927, 6.494, 7.378, 14.084, , , 1, 25.14, 0.063, 0.016, 12.683, 3.964, 138, 0, 0, 0, 79, 14.98, 15.444, 87.8, 94.306, 100, 0, 0, 31.713, 30.107, 58.483, 2.788, 102.083, 0, 0, 105.388, 95.578, 0, 0, 0.063, 0, 0, 14, 0.016, 12.683, 0, 3.964, 138, 0, 0, 0, 79, 1.008, 0.015, 0.015, 87.8, 94.306, 100, 0, 0, 141, 31.713, 30.107, 58.483, 2.788, 0, 102.083, 0, 0, 105.388, 95.578, 0, 0, 0, 0, 
25.1, 22.141, 100.44, 63.72, 64.461, , 9.426, 0.974, 2588.828, 2588.828, 0.279, 226.773, 226.773, 226.773, 6.681, 93.609, 35.707, 37.493, 7.378, 14.058, 0, 0, 55.809, 57.317, 55.809, 57.317, 1, 94.847, 94.847, 0.024, 0.032, 593.754, 609.796, 593.754, 609.796, 6.526, 7.378, 14.058, , , 1, 25.191, 0.046, 0.017, 12.714, 3.978, 138, 0, 0, 0, 79, 14.829, 15.311, 87.8, 93.653, 100, 0, 0, 31.923, 30.211, 57.025, 2.728, 103.125, 0, 0, 106.481, 95.771, 0, 0, 0.046, 0, 0, 14, 0.017, 12.714, 0, 3.978, 138, 0, 0, 0, 79, 1.008, 0.015, 0.015, 87.8, 93.653, 100, 0, 0, 141, 31.923, 30.211, 57.025, 2.728, 0, 103.125, 0, 0, 106.481, 95.771, 0, 0, 0, 0, 
25.15, 22.139, 100.44, 63.72, 64.459, , 8.885, 0.974, 2595.696, 2595.696, 0.461, 213.949, 213.949, 213.949, 8.338, 90.304, 36.118, 37.71, 7.377, 14.022, 0, 0, 52.905, 54.334, 52.905, 54.334, 1, 95.299, 95.299, 0.024, 0.032, 405.094, 416.039, 405.094, 416.039, 6.557, 7.377, 14.022, , , 1, 25.241, 0.029, 0.018, 12.745, 3.992, 138, 0, 0, 0, 79, 14.677, 15.177, 87.8, 93, 100, 0, 0, 32.132, 30.316, 55.567, 2.668, 104.167, 0, 0, 107.575, 95.965, 0, 0, 0.029, 0, 0, 14, 0.018, 12.745, 0, 3.992, 138, 0, 0, 0, 79, 1.008, 0.014, 0.015, 87.8, 93, 100, 0, 0, 141, 32.132, 30.316, 55.567, 2.668, 0, 104.167, 0, 0, 107.575, 95.965, 0, 0, 0, 0, 
25.2, 22.137, 100.44, 63.72, 64.457, , 8.395, 0.974, 2602.676, 2602.676, 0.642, 202.341, 202.341, 202.341, 10.009, 86.998, 35.902, 37.206, 7.377, 13.96, 0, 0, 50.265, 51.622, 50.265, 51.622, 1, 95.731, 95.731, 0.024, 0.032, 303.779, 311.986, 303.779, 311.986, 6.556, 7.377, 13.96, , , 1, 25.29, 0.013, 0.019, 12.776, 4.006, 138, 0, 0, 0, 79, 14.525, 15.044, 87.8, 92.346, 100, 0, 0, 32.341, 30.421, 54.108, 2.607, 105.208, 0, 0, 108.669, 96.159, 0, 0, 0.013, 0, 0, 14, 0.019, 12.776, 0, 4.006, 138, 0, 0, 0, 79, 1.008, 0.014, 0.015, 87.8, 92.346, 100, 0, 0, 141, 32.341, 30.421, 54.108, 2.607, 0, 105.208, 0, 0, 108.669, 96.159, 0, 0, 0, 0, 
25.25, 22.136, 100.44, 63.72, 64.456, , 7.961, 0.974, 2609.61, 2609.61, 0.824, 192.06, 192.06, 192.06, 11.628, 83.693, 35.686, 36.702, 7.377, 13.889, 0, 0, 47.915, 49.207, 47.915, 49.207, 1, 96.131, 96.131, 0.024, 0.032, 241.497, 248.022, 241.497, 248.022, 6.555, 7.377, 13.889, , , 1, 25.341, 0, 0.019, 12.858, 4.023, 138, 0, 0, 0, 79, 14.22, 14.75, 87.714, 90.548, 100, 0, 0, 33.004, 31.016, 51.992, 2.53, 106.636, 0, 0, 110.22, 96.447, 0, 0, 0, 0, 0, 14, 0.019, 12.858, 0, 4.023, 138, 0, 0, 0, 79, 1.008, 0.014, 0.015, 87.714, 90.548, 100, 0, 0, 141, 33.004, 31.016, 51.992, 2.53, 0, 106.636, 0, 0, 110.22, 96.447, 0, 0, 0, 0, 
25.3, 22.134, 100.44, 63.72, 64.454, , 7.591, 0.974, 2616.574, 2616.574, 1.005, 183.304, 183.304, 183.304, 13.266, 80.387, 35.47, 36.198, 7.377, 13.809, 0, 0, 45.918, 47.156, 45.918, 47.156, 1, 96.519, 96.519, 0.024, 0.032, 198.814, 204.185, 198.814, 204.185, 6.554, 7.377, 13.809, , , 1, 25.391, 0, 0.015, 13.098, 4.05, 138, 0, 0, 0, 79, 13.43, 13.888, 87.354, 85.123, 100, 0, 0, 35.104, 33.166, 47.792, 2.392, 109.286, 0, 0, 113.22, 97.072, 0, 0, 0, 0, 0, 14, 0.015, 13.098, 0, 4.05, 138, 0, 0, 0, 79, 1.008, 0.013, 0.014, 87.354, 85.123, 100, 0, 0, 141, 35.104, 33.166, 47.792, 2.392, 0, 109.286, 0, 0, 113.22, 97.072, 0, 0, 0, 0, 
25.35, 22.132, 100.44, 63.72, 64.452, , 7.239, 0.974, 2623.62, 2623.62, 1.187, 174.958, 174.958, 174.958, 14.901, 77.081, 35.254, 35.694, 7.377, 13.726, 0, 0, 43.999, 45.184, 43.999, 45.184, 1, 96.89, 96.89, 0.024, 0.031, 166.868, 171.374, 166.868, 171.374, 6.553, 7.377, 13.726, , , 1, 25.44, 0, 0.011, 13.338, 4.077, 138, 0, 0, 0, 79, 12.64, 13.025, 86.994, 79.698, 100, 0, 0, 37.204, 35.316, 43.592, 2.255, 111.936, 0, 0, 116.22, 97.696, 0, 0, 0, 0, 0, 14, 0.011, 13.338, 0, 4.077, 138, 0, 0, 0, 79, 1.008, 0.012, 0.013, 86.994, 79.698, 100, 0, 0, 141, 37.204, 35.316, 43.592, 2.255, 0, 111.936, 0, 0, 116.22, 97.696, 0, 0, 0, 0, 
25.4, 22.13, 100.44, 63.72, 64.45, , 6.969, 0.974, 2630.696, 2630.696, 1.368, 168.579, 168.579, 168.579, 16.485, 73.776, 35.046, 35.265, 7.377, 13.655, 0, 0, 42.551, 43.699, 42.551, 43.699, 1, 97.235, 97.235, 0.024, 0.031, 143.764, 147.646, 143.764, 147.646, 6.548, 7.377, 13.655, , , 1, 25.491, 0, 0.007, 13.578, 4.104, 138, 0, 0, 0, 79, 11.85, 12.163, 86.634, 74.273, 100, 0, 0, 39.304, 37.466, 39.392, 2.117, 114.586, 0, 0, 119.22, 98.321, 0, 0, 0, 0, 0, 14, 0.007, 13.578, 0, 4.104, 138, 0, 0, 0, 79, 1.008, 0.012, 0.012, 86.634, 74.273, 100, 0, 0, 141, 39.304, 37.466, 39.392, 2.117, 0, 114.586, 0, 0, 119.22, 98.321, 0, 0, 0, 0, 
25.45, 22.128, 100.44, 63.72, 64.448, , 6.721, 0.974, 2637.772, 2637.772, 1.55, 162.711, 162.711, 162.711, 18.085, 70.47, 34.902, 35.517, 7.378, 13.59, 0, 0, 41.214, 42.325, 41.214, 42.325, 1, 97.575, 97.575, 0.024, 0.031, 125.837, 129.235, 125.837, 129.235, 6.542, 7.378, 13.59, , , 1, 25.54, 0, 0.003, 13.818, 4.131, 138, 0, 0, 0, 79, 11.06, 11.3, 86.274, 68.848, 100, 0, 0, 41.404, 39.616, 35.192, 1.98, 117.236, 0, 0, 122.22, 98.945, 0, 0, 0, 0, 0, 14, 0.003, 13.818, 0, 4.131, 138, 0, 0, 0, 79, 1.008, 0.011, 0.012, 86.274, 68.848, 100, 0, 0, 141, 41.404, 39.616, 35.192, 1.98, 0, 117.236, 0, 0, 122.22, 98.945, 0, 0, 0, 0, 
25.5, 22.126, 100.44, 63.72, 64.446, , 6.443, 0.974, 2644.847, 2644.847, 1.731, 156.106, 156.106, 156.106, 19.7, 67.165, 34.758, 35.769, 7.378, 13.547, 0, 0, 39.671, 40.743, 39.671, 40.743, 1, 97.906, 97.906, 0.024, 0.031, 110.613, 113.6, 110.613, 113.6, 6.536, 7.378, 13.547, , , 1, 25.591, 0, 0, 14.003, 4.156, 138, 0, 0, 0, 79, 10.39, 10.539, 86, 64.205, 100, 0, 0, 43.196, 41.472, 31.687, 1.863, 119.367, 0, 0, 124.63, 99.485, 0, 0, 0, 0, 0, 14, 0, 14.003, 0, 4.156, 138, 0, 0, 0, 79, 1.008, 0.01, 0.011, 86, 64.205, 100, 0, 0, 141, 43.196, 41.472, 31.687, 1.863, 0, 119.367, 0, 0, 124.63, 99.485, 0, 0, 0, 0, 
25.55, 22.124, 100.44, 63.72, 64.444, , 6.171, 0.974, 2651.976, 2651.976, 1.913, 149.671, 149.671, 149.671, 21.277, 63.859, 34.614, 36.021, 7.379, 13.514, 0, 0, 38.155, 39.185, 38.155, 39.185, 1, 98.218, 98.218, 0.024, 0.031, 98.08, 100.727, 98.08, 100.727, 6.529, 7.379, 13.514, , , 1, 25.64, 0, 0, 14.013, 4.171, 138, 0, 0, 0, 79, 10.097, 10.095, 86, 62.04, 100, 0, 0, 44.011, 42.396, 30.383, 1.812, 119.857, 0, 0, 125.174, 99.754, 0, 0, 0, 0, 0, 14, 0, 14.013, 0, 4.171, 138, 0, 0, 0, 79, 1.008, 0.01, 0.01, 86, 62.04, 100, 0, 0, 141, 44.011, 42.396, 30.383, 1.812, 0, 119.857, 0, 0, 125.174, 99.754, 0, 0, 0, 0, 
25.6, 22.122, 100.44, 63.72, 64.442, , 5.844, 0.974, 2659.14, 2659.14, 2.094, 141.926, 141.926, 141.926, 22.85, 60.553, 34.47, 36.273, 7.379, 13.508, 0, 0, 36.289, 37.271, 36.289, 37.271, 1, 98.514, 98.514, 0.024, 0.031, 86.4, 88.732, 86.4, 88.732, 6.548, 7.379, 13.508, , , 1, 25.691, 0, 0, 14.024, 4.186, 138, 0, 0, 0, 79, 9.805, 9.652, 86, 59.875, 100, 0, 0, 44.826, 43.32, 29.078, 1.761, 120.346, 0, 0, 125.717, 100.024, 0, 0, 0, 0, 0, 14, 0, 14.024, 0, 4.186, 138, 0, 0, 0, 79, 1.008, 0.01, 0.01, 86, 59.875, 100, 0, 0, 141, 44.826, 43.32, 29.078, 1.761, 0, 120.346, 0, 0, 125.717, 100.024, 0, 0, 0, 0, 
25.65, 22.12, 100.44, 63.72, 64.44, , 5.537, 0.974, 2666.358, 2666.358, 2.276, 134.658, 134.658, 134.658, 24.419, 57.248, 34.362, 36.496, 7.38, 13.515, 0, 0, 34.53, 35.465, 34.53, 35.465, 1, 98.797, 98.797, 0.024, 0.031, 76.579, 78.647, 76.579, 78.647, 6.593, 7.38, 13.515, , , 1, 25.74, 0, 0, 14.035, 4.202, 138, 0, 0, 0, 79, 9.513, 9.208, 86, 57.71, 100, 0, 0, 45.641, 44.243, 27.774, 1.709, 120.835, 0, 0, 126.261, 100.293, 0, 0, 0, 0, 0, 14, 0, 14.035, 0, 4.202, 138, 0, 0, 0, 79, 1.008, 0.01, 0.01, 86, 57.71, 100, 0, 0, 141, 45.641, 44.243, 27.774, 1.709, 0, 120.835, 0, 0, 126.261, 100.293, 0, 0, 0, 0, 
25.7, 22.118, 100.44, 63.72, 64.438, , 5.213, 0.974, 2673.575, 2673.575, 2.457, 126.981, 126.981, 126.981, 26.004, 53.942, 34.578, 36.46, 7.38, 13.535, 0, 0, 32.653, 33.537, 32.653, 33.537, 1, 99.067, 99.067, 0.024, 0.031, 67.59, 69.414, 67.59, 69.414, 6.638, 7.38, 13.535, , , 1, 25.79, 0, 0, 14.046, 4.217, 138, 0, 0, 0, 79, 9.22, 8.765, 86, 55.544, 100, 0, 0, 46.457, 45.167, 26.47, 1.658, 121.324, 0, 0, 126.804, 100.563, 0, 0, 0, 0, 0, 14, 0, 14.046, 0, 4.217, 138, 0, 0, 0, 79, 1.008, 0.01, 0.009, 86, 55.544, 100, 0, 0, 141, 46.457, 45.167, 26.47, 1.658, 0, 121.324, 0, 0, 126.804, 100.563, 0, 0, 0, 0, 
25.75, 22.116, 100.44, 63.72, 64.436, , 4.968, 0.974, 2680.726, 2680.726, 2.639, 121.174, 121.174, 121.174, 27.556, 50.637, 34.794, 36.424, 7.379, 13.562, 0, 0, 31.239, 32.086, 31.239, 32.086, 1, 99.319, 99.319, 0.024, 0.031, 60.786, 62.425, 60.786, 62.425, 6.684, 7.379, 13.562, , , 1, 25.841, 0, 0.001, 14.036, 4.23, 138, 0, 0, 0, 79, 8.956, 8.415, 86, 53.995, 100, 0, 0, 46.854, 45.742, 25.443, 1.619, 121.604, 0, 0, 127.07, 100.832, 0, 0, 0, 0, 0, 14, 0.001, 14.036, 0, 4.23, 138, 0, 0, 0, 79, 1.008, 0.009, 0.009, 86, 53.995, 100, 0, 0, 141, 46.854, 45.742, 25.443, 1.619, 0, 121.604, 0, 0, 127.07, 100.832, 0, 0, 0, 0, 
25.8, 22.115, 100.44, 63.72, 64.435, , 4.754, 0.974, 2688.023, 2688.023, 2.82, 116.113, 116.113, 116.113, 29.263, 47.331, 35.01, 36.388, 7.379, 13.593, 0, 0, 30.01, 30.823, 30.01, 30.823, 1, 99.561, 99.561, 0.024, 0.031, 54.771, 56.249, 54.771, 56.249, 6.735, 7.379, 13.593, , , 1, 25.892, 0, 0.002, 14.014, 4.241, 138, 0, 0, 0, 79, 8.709, 8.119, 86, 52.792, 100, 0, 0, 47.016, 46.121, 24.574, 1.585, 121.767, 0, 0, 127.178, 101.102, 0, 0, 0, 0, 0, 14, 0.002, 14.014, 0, 4.241, 138, 0, 0, 0, 79, 1.008, 0.009, 0.008, 86, 52.792, 100, 0, 0, 141, 47.016, 46.121, 24.574, 1.585, 0, 121.767, 0, 0, 127.178, 101.102, 0, 0, 0, 0, 
25.85, 22.113, 100.44, 63.72, 64.433, , 4.544, 0.974, 2695.32, 2695.32, 3.002, 111.133, 111.133, 111.133, 31.461, 44.025, 35.226, 36.352, 7.379, 13.628, 0, 0, 28.789, 29.569, 28.789, 29.569, 1, 99.794, 99.794, 0.024, 0.031, 49.001, 50.326, 49.001, 50.326, 6.792, 7.379, 13.628, , , 1, 25.941, 0, 0.003, 13.993, 4.252, 138, 0, 0, 0, 79, 8.461, 7.822, 86, 51.588, 100, 0, 0, 47.179, 46.5, 23.704, 1.551, 121.93, 0, 0, 127.287, 101.371, 0, 0, 0, 0, 0, 14, 0.003, 13.993, 0, 4.252, 138, 0, 0, 0, 79, 1.008, 0.009, 0.008, 86, 51.588, 100, 0, 0, 141, 47.179, 46.5, 23.704, 1.551, 0, 121.93, 0, 0, 127.287, 101.371, 0, 0, 0, 0, 
25.9, 22.111, 100.44, 63.72, 64.431, , 4.331, 0.974, 2702.617, 2702.617, 3.183, 106.077, 106.077, 106.077, 33.661, 40.72, 35.42, 36.309, 7.379, 13.664, 0, 0, 27.54, 28.285, 27.54, 28.285, 1, 100.014, 100.014, 0.024, 0.031, 43.791, 44.975, 43.791, 44.975, 6.849, 7.379, 13.664, , , 1, 25.991, 0, 0.004, 13.971, 4.263, 138, 0, 0, 0, 79, 8.213, 7.526, 86, 50.385, 100, 0, 0, 47.341, 46.879, 22.835, 1.518, 122.093, 0, 0, 127.396, 101.641, 0, 0, 0, 0, 0, 14, 0.004, 13.971, 0, 4.263, 138, 0, 0, 0, 79, 1.008, 0.008, 0.008, 86, 50.385, 100, 0, 0, 141, 47.341, 46.879, 22.835, 1.518, 0, 122.093, 0, 0, 127.396, 101.641, 0, 0, 0, 0, 
25.95, 22.109, 100.44, 63.72, 64.429, , 4.098, 0.974, 2709.913, 2709.913, 3.365, 100.564, 100.564, 100.564, 35.351, 37.414, 35.42, 36.201, 7.379, 13.7, 0, 0, 26.162, 26.87, 26.162, 26.87, 1, 100.224, 100.224, 0.024, 0.031, 39.366, 40.432, 39.366, 40.432, 6.907, 7.379, 13.7, , , 1, 26.04, 0, 0.005, 13.95, 4.274, 138, 0, 0, 0, 79, 7.968, 7.233, 86, 49.202, 100, 0, 0, 47.5, 47.251, 21.982, 1.485, 122.252, 0, 0, 127.5, 101.908, 0, 0, 0, 0, 0, 14, 0.005, 13.95, 0, 4.274, 138, 0, 0, 0, 79, 1.008, 0.008, 0.007, 86, 49.202, 100, 0, 0, 141, 47.5, 47.251, 21.982, 1.485, 0, 122.252, 0, 0, 127.5, 101.908, 0, 0, 0, 0, 
26, 22.107, 100.44, 63.72, 64.427, , 3.825, 0.974, 2717.21, 2717.21, 3.546, 94.097, 94.097, 94.097, 36.536, 34.109, 35.42, 36.093, 7.379, 13.742, 0, 0, 24.527, 25.189, 24.527, 25.189, 1, 100.421, 100.421, 0.024, 0.031, 35.364, 36.322, 35.364, 36.322, 6.956, 7.379, 13.742, , , 1, 26.09, 0, 0.006, 13.938, 4.279, 138, 0, 0, 0, 79, 7.845, 7.15, 86, 48.491, 100, 0, 0, 47.5, 47.308, 21.529, 1.472, 122.309, 0, 0, 127.5, 102.05, 0, 0, 0, 0, 0, 14, 0.006, 13.938, 0, 4.279, 138, 0, 0, 0, 79, 1.008, 0.008, 0.007, 86, 48.491, 100, 0, 0, 141, 47.5, 47.308, 21.529, 1.472, 0, 122.309, 0, 0, 127.5, 102.05, 0, 0, 0, 0, 
26.05, 22.105, 100.44, 63.72, 64.425, , 3.544, 0.974, 2724.507, 2724.507, 3.776, 87.423, 87.423, 87.423, 37.093, 45.169, 35.42, 35.985, 7.38, 13.789, 0, 0, 22.83, 23.447, 22.83, 23.447, 1, 100.604, 100.604, 0.024, 0.031, 32.029, 32.896, 32.029, 32.896, 6.995, 7.38, 13.789, , , 1, 26.14, 0, 0.007, 13.927, 4.283, 138, 0, 0, 0, 79, 7.722, 7.067, 86, 47.781, 100, 0, 0, 47.5, 47.365, 21.077, 1.46, 122.365, 0, 0, 127.5, 102.192, 0, 0, 0, 0, 0, 14, 0.007, 13.927, 0, 4.283, 138, 0, 0, 0, 79, 1.008, 0.008, 0.007, 86, 47.781, 100, 0, 0, 141, 47.5, 47.365, 21.077, 1.46, 0, 122.365, 0, 0, 127.5, 102.192, 0, 0, 0, 0, 
26.1, 22.103, 100.44, 63.72, 64.423, , 3.287, 0.974, 2731.875, 2731.875, 3.923, 81.351, 81.351, 81.351, 36.697, 59.743, 35.42, 35.877, 7.38, 13.837, 0, 0, 21.281, 21.855, 21.281, 21.855, 1, 100.773, 100.773, 0.024, 0.031, 30.136, 30.95, 30.136, 30.95, 7.034, 7.38, 13.837, , , 1, 26.19, 0, 0.008, 13.916, 4.288, 138, 0, 0, 0, 79, 7.599, 6.984, 86, 47.07, 100, 0, 0, 47.5, 47.422, 20.624, 1.447, 122.422, 0, 0, 127.5, 102.334, 0, 0, 0, 0, 0, 14, 0.008, 13.916, 0, 4.288, 138, 0, 0, 0, 79, 1.008, 0.007, 0.007, 86, 47.07, 100, 0, 0, 141, 47.5, 47.422, 20.624, 1.447, 0, 122.422, 0, 0, 127.5, 102.334, 0, 0, 0, 0, 
26.15, 22.101, 100.44, 63.72, 64.421, , 3.026, 0.974, 2739.247, 2739.247, 3.821, 75.152, 75.152, 75.152, 35.631, 60.286, 35.424, 35.766, 7.379, 13.884, 0, 0, 19.691, 20.221, 19.691, 20.221, 1, 100.931, 100.931, 0.024, 0.031, 28.682, 29.456, 28.682, 29.456, 7.074, 7.379, 13.884, , , 1, 26.24, 0, 0.01, 13.904, 4.293, 138, 0, 0, 0, 79, 7.477, 6.902, 86, 46.36, 100, 0, 0, 47.5, 47.478, 20.172, 1.435, 122.479, 0, 0, 127.5, 102.476, 0, 0, 0, 0, 0, 14, 0.01, 13.904, 0, 4.293, 138, 0, 0, 0, 79, 1.008, 0.007, 0.007, 86, 46.36, 100, 0, 0, 141, 47.5, 47.478, 20.172, 1.435, 0, 122.479, 0, 0, 127.5, 102.476, 0, 0, 0, 0, 
26.2, 22.1, 100.44, 63.72, 64.42, , 2.775, 0.974, 2746.638, 2746.638, 3.719, 69.196, 69.196, 69.196, 34.583, 60.83, 35.46, 35.622, 7.379, 13.926, 0, 0, 18.157, 18.646, 18.157, 18.646, 1, 101.075, 101.075, 0.024, 0.031, 27.21, 27.944, 27.21, 27.944, 7.108, 7.379, 13.926, , , 1, 26.29, 0, 0.009, 13.888, 4.299, 138, 0, 0, 0, 78.502, 7.317, 6.737, 86, 45.402, 100, 0, 0, 47.376, 47.376, 19.627, 1.413, 121.94, 0, 0, 127.127, 102.607, 0, 0, 0, 0, 0, 14, 0.009, 13.888, 0, 4.299, 138, 0, 0, 0, 78.502, 1.008, 0.007, 0.007, 86, 45.402, 100, 0, 0, 141, 47.376, 47.376, 19.627, 1.413, 0, 121.94, 0, 0, 127.127, 102.607, 0, 0, 0, 0, 
26.25, 22.098, 100.44, 63.72, 64.42, , 2.601, 0.974, 2753.987, 2753.987, 3.617, 65.075, 65.075, 65.075, 33.528, 61.373, 35.496, 35.478, 7.378, 13.965, 0, 0, 17.099, 17.56, 17.099, 17.56, 1, 101.209, 101.209, 0.024, 0.031, 26.397, 27.108, 26.397, 27.108, 7.135, 7.378, 13.965, , , 1, 26.34, 0, 0.007, 13.867, 4.305, 138, 0, 0, 0, 77.699, 7.134, 6.522, 86, 44.291, 100, 0, 0, 47.175, 47.175, 19.024, 1.384, 121.036, 0, 0, 126.524, 102.732, 0, 0, 0, 0, 0, 14, 0.007, 13.867, 0, 4.305, 138, 0, 0, 0, 77.699, 1.008, 0.007, 0.007, 86, 44.291, 100, 0, 0, 141, 47.175, 47.175, 19.024, 1.384, 0, 121.036, 0, 0, 126.524, 102.732, 0, 0, 0, 0, 
26.3, 22.097, 100.44, 63.72, 64.42, , 2.457, 0.974, 2761.401, 2761.401, 3.515, 61.661, 61.661, 61.661, 32.477, 61.916, 35.532, 35.334, 7.378, 14, 0, 0, 16.222, 16.661, 16.222, 16.661, 1, 101.335, 101.335, 0.024, 0.031, 25.869, 26.568, 25.869, 26.568, 7.161, 7.378, 14, , , 1, 26.391, 0, 0.005, 13.847, 4.311, 138, 0, 0, 0, 76.896, 6.951, 6.307, 86, 43.181, 100, 0, 0, 46.974, 46.974, 18.422, 1.356, 120.133, 0, 0, 125.922, 102.856, 0, 0, 0, 0, 0, 14, 0.005, 13.847, 0, 4.311, 138, 0, 0, 0, 76.896, 1.008, 0.007, 0.006, 86, 43.181, 100, 0, 0, 141, 46.974, 46.974, 18.422, 1.356, 0, 120.133, 0, 0, 125.922, 102.856, 0, 0, 0, 0, 
26.35, 22.096, 100.44, 63.72, 64.42, , 2.331, 0.974, 2768.783, 2768.783, 3.413, 58.684, 58.684, 58.684, 31.433, 62.46, 35.568, 35.19, 7.377, 14.032, 0, 0, 15.457, 15.876, 15.457, 15.876, 1, 101.455, 101.455, 0.024, 0.031, 25.465, 26.153, 25.465, 26.153, 7.188, 7.377, 14.032, , , 1, 26.441, 0, 0.003, 13.827, 4.317, 138, 0, 0, 0, 76.092, 6.769, 6.092, 86, 42.07, 100, 0, 0, 46.773, 46.773, 17.819, 1.328, 119.229, 0, 0, 125.319, 102.981, 0, 0, 0, 0, 0, 14, 0.003, 13.827, 0, 4.317, 138, 0, 0, 0, 76.092, 1.008, 0.007, 0.006, 86, 42.07, 100, 0, 0, 141, 46.773, 46.773, 17.819, 1.328, 0, 119.229, 0, 0, 125.319, 102.981, 0, 0, 0, 0, 
26.4, 22.095, 100.44, 63.72, 64.42, , 2.238, 0.974, 2776.169, 2776.169, 3.311, 56.489, 56.489, 56.489, 30.402, 63.003, 35.578, 35.035, 7.377, 14.063, 0, 0, 14.895, 15.3, 14.895, 15.3, 1, 101.569, 101.569, 0.024, 0.031, 25.358, 26.042, 25.358, 26.042, 7.213, 7.377, 14.063, , , 1, 26.491, 0, 0.001, 13.807, 4.323, 138, 0, 0, 0, 75.289, 6.586, 5.877, 86, 40.96, 100, 0, 0, 46.572, 46.572, 17.217, 1.3, 118.325, 0, 0, 124.717, 103.105, 0, 0, 0, 0, 0, 14, 0.001, 13.807, 0, 4.323, 138, 0, 0, 0, 75.289, 1.008, 0.007, 0.006, 86, 40.96, 100, 0, 0, 141, 46.572, 46.572, 17.217, 1.3, 0, 118.325, 0, 0, 124.717, 103.105, 0, 0, 0, 0, 
26.45, 22.094, 100.44, 63.72, 64.42, , 2.168, 0.974, 2783.697, 2783.697, 3.209, 54.817, 54.817, 54.817, 29.375, 63.546, 35.363, 34.784, 7.377, 14.092, 0, 0, 14.47, 14.861, 14.47, 14.861, 1, 101.678, 101.678, 0.024, 0.031, 25.45, 26.137, 25.45, 26.137, 7.231, 7.377, 14.092, , , 1, 26.542, 0, 0, 13.787, 4.328, 138, 0, 0, 0, 74.616, 6.423, 5.736, 86, 39.993, 100, 0, 0, 45.924, 45.988, 16.744, 1.28, 117.552, 0, 0, 124.18, 103.15, 0, 0, 0, 0, 0, 14, 0, 13.787, 0, 4.328, 138, 0, 0, 0, 74.616, 1.008, 0.007, 0.006, 86, 39.993, 100, 0, 0, 141, 45.924, 45.988, 16.744, 1.28, 0, 117.552, 0, 0, 124.18, 103.15, 0, 0, 0, 0, 
26.5, 22.093, 100.44, 63.72, 64.42, , 2.061, 0.974, 2791.078, 2791.078, 3.107, 52.295, 52.295, 52.295, 28.331, 64.09, 35.148, 34.533, 7.377, 14.121, 0, 0, 13.817, 14.191, 13.817, 14.191, 1, 101.784, 101.784, 0.024, 0.031, 25.109, 25.786, 25.109, 25.786, 7.25, 7.377, 14.121, , , 1, 26.59, 0, 0, 13.767, 4.334, 138, 0, 0, 0, 74.016, 6.271, 5.636, 86, 39.107, 100, 0, 0, 45.024, 45.188, 16.344, 1.264, 116.852, 0, 0, 123.68, 103.15, 0, 0, 0, 0, 0, 14, 0, 13.767, 0, 4.334, 138, 0, 0, 0, 74.016, 1.008, 0.007, 0.006, 86, 39.107, 100, 0, 0, 141, 45.024, 45.188, 16.344, 1.264, 0, 116.852, 0, 0, 123.68, 103.15, 0, 0, 0, 0, 
26.55, 22.092, 100.44, 63.72, 64.42, , 1.908, 0.974, 2798.498, 2798.498, 3.005, 48.672, 48.672, 48.672, 27.312, 64.633, 34.933, 34.282, 7.377, 14.149, 0, 0, 12.873, 13.221, 12.873, 13.221, 1, 101.883, 101.883, 0.024, 0.031, 24.225, 24.878, 24.225, 24.878, 7.268, 7.377, 14.149, , , 1, 26.641, 0, 0, 13.747, 4.339, 138, 0, 0, 0, 73.416, 6.119, 5.536, 86, 38.221, 100, 0, 0, 44.124, 44.388, 15.944, 1.248, 116.152, 0, 0, 123.18, 103.15, 0, 0, 0, 0, 0, 14, 0, 13.747, 0, 4.339, 138, 0, 0, 0, 73.416, 1.008, 0.006, 0.005, 86, 38.221, 100, 0, 0, 141, 44.124, 44.388, 15.944, 1.248, 0, 116.152, 0, 0, 123.18, 103.15, 0, 0, 0, 0, 
26.6, 22.09, 100.44, 63.72, 64.42, , 1.786, 0.974, 2805.992, 2805.992, 2.903, 45.779, 45.779, 45.779, 26.279, 65.176, 34.718, 34.031, 7.377, 14.176, 0, 0, 12.119, 12.446, 12.119, 12.446, 1, 101.976, 101.976, 0.024, 0.031, 23.682, 24.32, 23.682, 24.32, 7.287, 7.377, 14.176, , , 1, 26.69, 0, 0, 13.727, 4.344, 138, 0, 0, 0, 72.816, 5.967, 5.436, 86, 37.335, 100, 0, 0, 43.224, 43.588, 15.544, 1.232, 115.452, 0, 0, 122.68, 103.15, 0, 0, 0, 0, 0, 14, 0, 13.727, 0, 4.344, 138, 0, 0, 0, 72.816, 1.008, 0.006, 0.005, 86, 37.335, 100, 0, 0, 141, 43.224, 43.588, 15.544, 1.232, 0, 115.452, 0, 0, 122.68, 103.15, 0, 0, 0, 0, 
26.65, 22.089, 100.44, 63.72, 64.42, , 1.646, 0.974, 2813.524, 2813.524, 2.801, 42.465, 42.465, 42.465, 25.27, 65.72, 34.532, 33.812, 7.377, 14.2, 0, 0, 11.251, 11.555, 11.251, 11.555, 1, 102.061, 102.061, 0.024, 0.031, 22.872, 23.489, 22.872, 23.489, 7.297, 7.377, 14.2, , , 1, 26.74, 0, 0, 13.707, 4.349, 138, 0, 0, 0, 72.216, 5.815, 5.336, 86, 36.449, 100, 0, 0, 42.324, 42.788, 15.144, 1.216, 114.752, 0, 0, 122.18, 103.15, 0, 0, 0, 0, 0, 14, 0, 13.707, 0, 4.349, 138, 0, 0, 0, 72.216, 1.008, 0.006, 0.005, 86, 36.449, 100, 0, 0, 141, 42.324, 42.788, 15.144, 1.216, 0, 114.752, 0, 0, 122.18, 103.15, 0, 0, 0, 0, 
26.7, 22.088, 100.44, 63.72, 64.42, , 1.512, 0.974, 2820.906, 2820.906, 2.699, 39.282, 39.282, 39.282, 24.244, 66.263, 34.676, 33.956, 7.377, 14.228, 0, 0, 10.416, 10.698, 10.416, 10.698, 1, 102.14, 102.14, 0.024, 0.031, 22.039, 22.634, 22.039, 22.634, 7.307, 7.377, 14.228, , , 1, 26.79, 0, 0.001, 13.7, 4.354, 138.256, 0, 0, 0, 71.872, 5.711, 5.251, 86, 35.847, 100, 0, 0, 41.808, 42.18, 15, 1.207, 114.244, 0, 0, 121.744, 103.229, 0, 0, 0, 0, 0, 14, 0.001, 13.7, 0, 4.354, 138.256, 0, 0, 0, 71.872, 1.008, 0.006, 0.005, 86, 35.847, 100, 0, 0, 141, 41.808, 42.18, 15, 1.207, 0, 114.244, 0, 0, 121.744, 103.229, 0, 0, 0, 0, 
26.75, 22.087, 100.44, 63.72, 64.42, , 1.4, 0.974, 2828.438, 2828.438, 2.597, 36.635, 36.635, 36.635, 23.24, 66.806, 34.821, 34.101, 7.377, 14.262, 0, 0, 9.72, 9.983, 9.72, 9.983, 1, 102.212, 102.212, 0.024, 0.031, 21.45, 22.029, 21.45, 22.029, 7.317, 7.377, 14.262, , , 1, 26.841, 0, 0.003, 13.7, 4.359, 138.656, 0, 0, 0, 71.672, 5.635, 5.175, 86, 35.405, 100, 0, 0, 41.508, 41.68, 15, 1.203, 113.844, 0, 0, 121.344, 103.353, 0, 0, 0, 0, 0, 14, 0.003, 13.7, 0, 4.359, 138.656, 0, 0, 0, 71.672, 1.008, 0.006, 0.005, 86, 35.405, 100, 0, 0, 141, 41.508, 41.68, 15, 1.203, 0, 113.844, 0, 0, 121.344, 103.353, 0, 0, 0, 0, 
26.8, 22.086, 100.44, 63.72, 64.42, , 1.26, 0.974, 2835.858, 2835.858, 2.495, 33.314, 33.314, 33.314, 22.224, 67.35, 34.965, 34.245, 7.377, 14.299, 0, 0, 8.844, 9.083, 8.844, 9.083, 1, 102.278, 102.278, 0.024, 0.031, 20.297, 20.845, 20.297, 20.845, 7.327, 7.377, 14.299, , , 1, 26.89, 0, 0.005, 13.7, 4.363, 139.056, 0, 0, 0, 71.472, 5.559, 5.099, 86, 34.963, 100, 0, 0, 41.208, 41.18, 15, 1.199, 113.444, 0, 0, 120.944, 103.477, 0, 0, 0, 0, 0, 14, 0.005, 13.7, 0, 4.363, 139.056, 0, 0, 0, 71.472, 1.008, 0.005, 0.005, 86, 34.963, 100, 0, 0, 141, 41.208, 41.18, 15, 1.199, 0, 113.444, 0, 0, 120.944, 103.477, 0, 0, 0, 0, 
26.85, 22.085, 100.44, 63.72, 64.42, , 1.039, 0.974, 2843.352, 2843.352, 2.393, 28.08, 28.08, 28.08, 21.209, 67.893, 35.11, 34.39, 7.377, 14.338, 0, 0, 7.459, 7.66, 7.459, 7.66, 1, 102.336, 102.336, 0.024, 0.031, 17.775, 18.254, 17.775, 18.254, 7.332, 7.377, 14.338, , , 1, 26.94, 0, 0.007, 13.7, 4.368, 139.456, 0, 0, 0, 71.272, 5.483, 5.023, 86, 34.521, 100, 0, 0, 40.908, 40.68, 15, 1.195, 113.044, 0, 0, 120.544, 103.601, 0, 0, 0, 0, 0, 14, 0.007, 13.7, 0, 4.368, 139.456, 0, 0, 0, 71.272, 1.008, 0.005, 0.005, 86, 34.521, 100, 0, 0, 141, 40.908, 40.68, 15, 1.195, 0, 113.044, 0, 0, 120.544, 103.601, 0, 0, 0, 0, 
26.9, 22.084, 100.44, 63.72, 64.42, , 0.807, 0.974, 2850.884, 2850.884, 2.291, 22.562, 22.562, 22.562, 20.219, 68.437, 35.247, 34.552, 7.377, 14.373, 0, 0, 5.996, 6.157, 5.996, 6.157, 1, 102.381, 102.381, 0.024, 0.031, 14.843, 15.243, 14.843, 15.243, 7.335, 7.377, 14.373, , , 1, 26.99, 0, 0.009, 13.7, 4.372, 139.856, 0, 0, 0, 71.072, 5.407, 4.947, 86, 34.079, 100, 0, 0, 40.608, 40.18, 15, 1.191, 112.644, 0, 0, 120.144, 103.725, 0, 0, 0, 0, 0, 14, 0.009, 13.7, 0, 4.372, 139.856, 0, 0, 0, 71.072, 1.008, 0.005, 0.005, 86, 34.079, 100, 0, 0, 141, 40.608, 40.18, 15, 1.191, 0, 112.644, 0, 0, 120.144, 103.725, 0, 0, 0, 0, 
26.95, 22.082, 100.44, 63.72, 64.42, , 0.606, 0.974, 2858.417, 2858.417, 2.189, 17.809, 17.809, 17.809, 19.214, 68.98, 35.319, 34.876, 7.378, 14.399, 0, 0, 4.735, 4.862, 4.735, 4.862, 1, 102.416, 102.416, 0.024, 0.031, 12.267, 12.599, 12.267, 12.599, 7.339, 7.378, 14.399, , , 1, 27.04, 0, 0.011, 13.7, 4.376, 140, 0, 0, 0, 70.616, 5.306, 4.825, 86, 33.636, 100, 0, 0, 39.988, 39.552, 14.872, 1.18, 112.116, 0, 0, 119.552, 103.77, 0, 0, 0, 0, 0, 14, 0.011, 13.7, 0, 4.376, 140, 0, 0, 0, 70.616, 1.008, 0.005, 0.005, 86, 33.636, 100, 0, 0, 141, 39.988, 39.552, 14.872, 1.18, 0, 112.116, 0, 0, 119.552, 103.77, 0, 0, 0, 0, 
27, 22.081, 100.44, 63.72, 64.42, , 0.41, 0.974, 2865.798, 2865.798, 2.087, 13.15, 13.15, 13.15, 18.21, 69.523, 35.391, 35.2, 7.379, 14.417, 0, 0, 3.498, 3.591, 3.498, 3.591, 1, 102.442, 102.442, 0.024, 0.031, 9.607, 9.867, 9.607, 9.867, 7.342, 7.379, 14.417, , , 1, 27.09, 0, 0.013, 13.7, 4.379, 140, 0, 0, 0, 70.016, 5.19, 4.677, 86, 33.192, 100, 0, 0, 39.188, 38.852, 14.672, 1.164, 111.516, 0, 0, 118.852, 103.77, 0, 0, 0, 0, 0, 14, 0.013, 13.7, 0, 4.379, 140, 0, 0, 0, 70.016, 1.008, 0.005, 0.005, 86, 33.192, 100, 0, 0, 141, 39.188, 38.852, 14.672, 1.164, 0, 111.516, 0, 0, 118.852, 103.77, 0, 0, 0, 0, 
27.05, 22.08, 100.44, 63.72, 64.42, , 0.232, 0.974, 2873.33, 2873.33, 1.985, 8.915, 8.915, 8.915, 17.206, 70.067, 35.463, 35.524, 7.38, 14.422, 0, 0, 2.372, 2.435, 2.372, 2.435, 1, 102.458, 102.458, 0.024, 0.031, 6.854, 7.039, 6.854, 7.039, 7.352, 7.38, 14.422, , , 1, 27.14, 0, 0.015, 13.7, 4.381, 140, 0, 0, 0, 69.416, 5.074, 4.529, 86, 32.748, 100, 0, 0, 38.388, 38.152, 14.472, 1.148, 110.916, 0, 0, 118.152, 103.77, 0, 0, 0, 0, 0, 14, 0.015, 13.7, 0, 4.381, 140, 0, 0, 0, 69.416, 1.008, 0.005, 0.004, 86, 32.748, 100, 0, 0, 141, 38.388, 38.152, 14.472, 1.148, 0, 110.916, 0, 0, 118.152, 103.77, 0, 0, 0, 0, 
27.1, 22.079, 100.44, 63.72, 64.42, , 0.041, 0.974, 2880.863, 2880.863, 1.883, 4.404, 4.404, 4.404, 16.206, 70.61, 35.535, 35.848, 7.382, 14.417, 0, 0, 1.173, 1.203, 1.173, 1.203, 1, 102.466, 102.466, 0.024, 0.031, 3.242, 3.329, 3.242, 3.329, 7.367, 7.382, 14.417, , , 1, 27.19, 0, 0.017, 13.7, 4.384, 140, 0, 0, 0, 68.816, 4.958, 4.381, 86, 32.304, 100, 0, 0, 37.588, 37.452, 14.272, 1.132, 110.316, 0, 0, 117.452, 103.77, 0, 0, 0, 0, 0, 14, 0.017, 13.7, 0, 4.384, 140, 0, 0, 0, 68.816, 1.008, 0.005, 0.004, 86, 32.304, 100, 0, 0, 141, 37.588, 37.452, 14.272, 1.132, 0, 110.316, 0, 0, 117.452, 103.77, 0, 0, 0, 0, 
27.15, 22.078, 100.44, 63.72, 64.42, , -0.114, 0.974, 2888.395, 2888.395, 1.781, 0.716, 0.716, 0.716, 15.218, 71.153, 35.6, 36.122, 7.384, 14.391, 0, 0, 0.192, 0.195, 0.192, 0.195, 1, 102.464, 102.464, 0.024, 0.031, -0.012, -0.014, -0.012, -0.014, 7.383, 7.384, 14.391, , , 1, 27.24, 0, 0.019, 13.7, 4.387, 140, 0, 0, 0, 68.216, 4.842, 4.233, 86, 31.86, 100, 0, 0, 36.788, 36.752, 14.072, 1.116, 109.716, 0, 0, 116.752, 103.77, 0, 0, 0, 0, 0, 14, 0.019, 13.7, 0, 4.387, 140, 0, 0, 0, 68.216, 1.008, 0.005, 0.004, 86, 31.86, 100, 0, 0, 141, 36.788, 36.752, 14.072, 1.116, 0, 109.716, 0, 0, 116.752, 103.77, 0, 0, 0, 0, 
27.2, 22.077, 100.44, 63.72, 64.42, , -0.272, 0.974, 2895.927, 2895.927, 1.679, -3.031, -3.031, -3.031, 14.23, 71.697, 35.6, 35.942, 7.387, 14.362, 0, 0, -0.804, -0.829, -0.804, -0.829, 1, 102.455, 102.455, 0.024, 0.031, -3.566, -3.664, -3.566, -3.664, 7.399, 7.387, 14.362, , , 1, 27.29, 0, 0.02, 13.66, 4.388, 140, 0, 0, 0, 67.603, 4.693, 4.098, 86, 31.212, 100, 0, 0, 36.368, 36.368, 13.603, 1.098, 108.839, 0, 0, 115.707, 103.77, 0, 0, 0, 0, 0, 14, 0.02, 13.66, 0, 4.388, 140, 0, 0, 0, 67.603, 1.008, 0.005, 0.004, 86, 31.212, 100, 0, 0, 141, 36.368, 36.368, 13.603, 1.098, 0, 108.839, 0, 0, 115.707, 103.77, 0, 0, 0, 0, 
27.25, 22.076, 100.44, 63.72, 64.42, , -0.461, 0.974, 2903.46, 2903.46, 1.577, -7.522, -7.522, -7.522, 13.235, 72.24, 35.6, 35.762, 7.389, 14.324, 0, 0, -1.998, -2.056, -1.998, -2.056, 1, 102.436, 102.436, 0.024, 0.031, -8.406, -8.633, -8.406, -8.633, 7.417, 7.389, 14.324, , , 1, 27.341, 0, 0.02, 13.598, 4.389, 140, 0, 0, 0, 66.983, 4.526, 3.97, 86, 30.45, 100, 0, 0, 36.161, 36.161, 12.983, 1.08, 107.806, 0, 0, 114.467, 103.77, 0, 0, 0, 0, 0, 14, 0.02, 13.598, 0, 4.389, 140, 0, 0, 0, 66.983, 1.008, 0.005, 0.004, 86, 30.45, 100, 0, 0, 141, 36.161, 36.161, 12.983, 1.08, 0, 107.806, 0, 0, 114.467, 103.77, 0, 0, 0, 0, 
27.3, 22.074, 100.44, 63.72, 64.42, , -0.623, 0.974, 2910.992, 2910.992, 1.475, -11.366, -11.366, -11.366, 12.238, 72.783, 35.6, 35.582, 7.39, 14.28, 0, 0, -3.021, -3.105, -3.021, -3.105, 1, 102.41, 102.41, 0.024, 0.031, -13.317, -13.678, -13.317, -13.678, 7.445, 7.39, 14.28, , , 1, 27.39, 0, 0.02, 13.536, 4.389, 140, 0, 0, 0, 66.364, 4.358, 3.842, 86, 29.687, 100, 0, 0, 35.955, 35.955, 12.364, 1.061, 106.773, 0, 0, 113.227, 103.77, 0, 0, 0, 0, 0, 14, 0.02, 13.536, 0, 4.389, 140, 0, 0, 0, 66.364, 1.008, 0.004, 0.004, 86, 29.687, 100, 0, 0, 141, 35.955, 35.955, 12.364, 1.061, 0, 106.773, 0, 0, 113.227, 103.77, 0, 0, 0, 0, 
27.35, 22.073, 100.44, 63.72, 64.42, , -0.752, 0.974, 2918.373, 2918.373, 1.373, -14.419, -14.419, -14.419, 11.241, 73.327, 35.6, 35.402, 7.39, 14.22, 0, 0, -3.832, -3.936, -3.832, -3.936, 1, 102.375, 102.375, 0.024, 0.031, -18.672, -19.176, -18.672, -19.176, 7.472, 7.39, 14.22, , , 1, 27.441, 0, 0.02, 13.474, 4.39, 140, 0, 0, 0, 65.744, 4.191, 3.714, 86, 28.925, 100, 0, 0, 35.748, 35.748, 11.744, 1.042, 105.74, 0, 0, 111.988, 103.77, 0, 0, 0, 0, 0, 14, 0.02, 13.474, 0, 4.39, 140, 0, 0, 0, 65.744, 1.008, 0.004, 0.004, 86, 28.925, 100, 0, 0, 141, 35.748, 35.748, 11.744, 1.042, 0, 105.74, 0, 0, 111.988, 103.77, 0, 0, 0, 0, 
27.4, 22.072, 100.44, 63.72, 64.42, , -0.875, 0.974, 2925.906, 2925.906, 1.271, -17.328, -17.328, -17.328, 10.244, 73.87, 35.593, 35.24, 7.39, 14.159, 0, 0, -4.603, -4.728, -4.603, -4.728, 1, 102.334, 102.334, 0.024, 0.031, -24.551, -25.214, -24.551, -25.214, 7.5, 7.39, 14.159, , , 1, 27.492, 0, 0.02, 13.412, 4.39, 140, 0, 0, 0, 65.124, 4.023, 3.586, 86, 28.162, 100, 0, 0, 35.541, 35.541, 11.124, 1.024, 104.707, 0, 0, 110.748, 103.77, 0, 0, 0, 0, 0, 14, 0.02, 13.412, 0, 4.39, 140, 0, 0, 0, 65.124, 1.008, 0.004, 0.004, 86, 28.162, 100, 0, 0, 141, 35.541, 35.541, 11.124, 1.024, 0, 104.707, 0, 0, 110.748, 103.77, 0, 0, 0, 0, 
27.45, 22.071, 100.44, 63.72, 64.42, , -1.007, 0.974, 2933.438, 2933.438, 1.169, -20.476, -20.476, -20.476, 9.25, 74.413, 35.521, 35.24, 7.389, 14.097, 0, 0, -5.437, -5.585, -5.437, -5.585, 1, 102.286, 102.286, 0.024, 0.031, -31.849, -32.709, -31.849, -32.709, 7.521, 7.389, 14.097, , , 1, 27.543, 0, 0.017, 13.319, 4.389, 140, 0, 0, 0, 64.516, 3.942, 3.536, 86, 27.534, 100, 0, 0, 35.5, 35.5, 10.839, 1.01, 104.097, 0, 0, 110.016, 103.77, 0, 0, 0, 0, 0, 14, 0.017, 13.319, 0, 4.389, 140, 0, 0, 0, 64.516, 1.008, 0.004, 0.004, 86, 27.534, 100, 0, 0, 141, 35.5, 35.5, 10.839, 1.01, 0, 104.097, 0, 0, 110.016, 103.77, 0, 0, 0, 0, 
27.5, 22.07, 100.44, 63.72, 64.42, , -1.148, 0.974, 2940.97, 2940.97, 1.067, -23.813, -23.813, -23.813, 8.268, 74.957, 35.449, 35.24, 7.388, 14.034, 0, 0, -6.32, -6.491, -6.32, -6.491, 1, 102.235, 102.235, 0.024, 0.031, -42.029, -43.164, -42.029, -43.164, 7.518, 7.388, 14.034, , , 1, 27.594, 0, 0.013, 13.219, 4.388, 140, 0, 0, 0, 63.911, 3.881, 3.506, 86, 26.939, 100, 0, 0, 35.5, 35.5, 10.637, 0.998, 103.593, 0, 0, 109.411, 103.77, 0, 0, 0, 0, 0, 14, 0.013, 13.219, 0, 4.388, 140, 0, 0, 0, 63.911, 1.008, 0.004, 0.004, 86, 26.939, 100, 0, 0, 141, 35.5, 35.5, 10.637, 0.998, 0, 103.593, 0, 0, 109.411, 103.77, 0, 0, 0, 0, 
27.55, 22.069, 100.44, 63.72, 64.419, , -1.499, 0.974, 2948.502, 2948.502, 0.965, -32.158, -32.158, -32.158, 7.27, 75.5, 35.377, 35.24, 7.387, 13.97, 0, 0, -8.526, -8.757, -8.526, -8.757, 1, 102.168, 102.168, 0.024, 0.031, -68.04, -69.877, -68.04, -69.877, 7.515, 7.387, 13.97, , , 1, 27.643, 0, 0.009, 13.118, 4.387, 140, 0, 0, 0, 63.306, 3.821, 3.475, 86, 26.345, 100, 0, 0, 35.5, 35.5, 10.435, 0.986, 103.089, 0, 0, 108.806, 103.77, 0, 0, 0, 0, 0, 14, 0.009, 13.118, 0, 4.387, 140, 0, 0, 0, 63.306, 1.008, 0.004, 0.003, 86, 26.345, 100, 0, 0, 141, 35.5, 35.5, 10.435, 0.986, 0, 103.089, 0, 0, 108.806, 103.77, 0, 0, 0, 0, 
27.6, 22.068, 100.44, 63.72, 64.418, , -1.817, 0.974, 2955.884, 2955.884, 0.863, -39.71, -39.71, -39.71, 6.27, 76.043, 35.305, 35.24, 7.386, 13.908, 0, 0, -10.519, -10.804, -10.519, -10.804, 1, 102.084, 102.084, 0.024, 0.031, -100.431, -103.143, -100.431, -103.143, 7.512, 7.386, 13.908, , , 1, 27.692, 0, 0.005, 13.017, 4.385, 140, 0, 0, 0, 62.702, 3.76, 3.445, 86, 25.75, 100, 0, 0, 35.5, 35.5, 10.234, 0.974, 102.585, 0, 0, 108.202, 103.77, 0, 0, 0, 0, 0, 14, 0.005, 13.017, 0, 4.385, 140, 0, 0, 0, 62.702, 1.008, 0.004, 0.003, 86, 25.75, 100, 0, 0, 141, 35.5, 35.5, 10.234, 0.974, 0, 102.585, 0, 0, 108.202, 103.77, 0, 0, 0, 0, 
27.65, 22.068, 100.44, 63.72, 64.418, , -2.114, 0.974, 2963.416, 2963.416, 0.761, -46.758, -46.758, -46.758, 5.267, 76.587, 35.247, 35.28, 7.386, 13.853, 0, 0, -12.375, -12.709, -12.375, -12.709, 1, 101.985, 101.985, 0.024, 0.031, -141.531, -145.353, -141.531, -145.353, 7.51, 7.386, 13.853, , , 1, 27.741, 0, 0.001, 12.916, 4.384, 140, 0, 0, 0, 62.097, 3.7, 3.415, 86, 25.155, 100, 0, 0, 35.5, 35.5, 10.032, 0.962, 102.081, 0, 0, 107.597, 103.77, 0, 0, 0, 0, 0, 14, 0.001, 12.916, 0, 4.384, 140, 0, 0, 0, 62.097, 1.008, 0.004, 0.003, 86, 25.155, 100, 0, 0, 141, 35.5, 35.5, 10.032, 0.962, 0, 102.081, 0, 0, 107.597, 103.77, 0, 0, 0, 0, 
27.7, 22.067, 100.44, 63.72, 64.417, , -2.442, 0.974, 2970.949, 2970.949, 0.659, -54.53, -54.53, -54.53, 4.281, 77.13, 35.319, 35.676, 7.386, 13.798, 0, 0, -14.417, -14.807, -14.417, -14.807, 1, 101.874, 101.874, 0.024, 0.031, -211.709, -217.429, -211.709, -217.429, 7.466, 7.386, 13.798, , , 1, 27.79, 0, 0.003, 12.868, 4.377, 140, 0, 0, 0, 61.515, 3.627, 3.337, 86, 24.524, 100, 0, 0, 35.5, 35.5, 9.677, 0.944, 101.435, 0, 0, 106.773, 103.67, 0, 0, 0, 0, 0, 14, 0.003, 12.868, 0, 4.377, 140, 0, 0, 0, 61.515, 1.008, 0.004, 0.003, 86, 24.524, 100, 0, 0, 141, 35.5, 35.5, 9.677, 0.944, 0, 101.435, 0, 0, 106.773, 103.67, 0, 0, 0, 0, 
27.75, 22.066, 100.44, 63.72, 64.416, , -2.883, 0.974, 2978.438, 2978.438, 0.557, -65.011, -65.011, -65.011, 3.276, 77.673, 35.391, 36.072, 7.385, 13.741, 0, 0, -17.167, -17.63, -17.167, -17.63, 1, 101.739, 101.739, 0.024, 0.031, -404.251, -415.173, -404.251, -415.173, 7.419, 7.385, 13.741, , , 1, 27.841, 0, 0.007, 12.829, 4.368, 140, 0, 0, 0, 60.938, 3.552, 3.251, 86, 23.885, 100, 0, 0, 35.5, 35.5, 9.292, 0.925, 100.762, 0, 0, 105.908, 103.551, 0, 0, 0, 0, 0, 14, 0.007, 12.829, 0, 4.368, 140, 0, 0, 0, 60.938, 1.008, 0.004, 0.003, 86, 23.885, 100, 0, 0, 141, 35.5, 35.5, 9.292, 0.925, 0, 100.762, 0, 0, 105.908, 103.551, 0, 0, 0, 0, 
27.8, 22.065, 100.44, 63.72, 64.415, , -3.168, 0.974, 2985.862, 2985.862, 0.455, -71.768, -71.768, -71.768, 2.329, 78.217, 35.463, 36.468, 7.384, 13.685, 0, 0, -18.921, -19.433, -18.921, -19.433, 1, 101.586, 101.586, 0.024, 0.031, -3079.42, -3162.615, -3079.42, -3162.615, 7.372, 7.384, 13.685, , , 1, 27.89, 0, 0.011, 12.791, 4.36, 140, 0, 0, 0, 60.362, 3.477, 3.164, 86, 23.247, 100, 0, 0, 35.5, 35.5, 8.908, 0.905, 100.088, 0, 0, 105.042, 103.431, 0, 0, 0, 0, 0, 14, 0.011, 12.791, 0, 4.36, 140, 0, 0, 0, 60.362, 1.008, 0.003, 0.003, 86, 23.247, 100, 0, 0, 141, 35.5, 35.5, 8.908, 0.905, 0, 100.088, 0, 0, 105.042, 103.431, 0, 0, 0, 0, 
27.85, 22.065, 100.44, 63.72, 64.415, , -3.333, 0.974, 2993.324, 2993.324, 0.353, -75.688, -75.688, -75.688, 1.864, 78.76, 35.535, 36.864, 7.382, 13.631, 0, 0, -19.923, -20.463, -19.923, -20.463, 1, 101.423, 101.423, 0.024, 0.031, -3509.037, -3603.839, -3509.037, -3603.839, 7.325, 7.382, 13.631, , , 1, 27.94, 0, 0.015, 12.752, 4.352, 140, 0, 0, 0, 59.785, 3.402, 3.078, 86, 22.608, 100, 0, 0, 35.5, 35.5, 8.523, 0.886, 99.415, 0, 0, 104.177, 103.312, 0, 0, 0, 0, 0, 14, 0.015, 12.752, 0, 4.352, 140, 0, 0, 0, 59.785, 1.008, 0.003, 0.003, 86, 22.608, 100, 0, 0, 141, 35.5, 35.5, 8.523, 0.886, 0, 99.415, 0, 0, 104.177, 103.312, 0, 0, 0, 0, 
27.9, 22.064, 100.44, 63.72, 64.414, , -3.545, 0.974, 3000.776, 3000.776, 0.251, -80.724, -80.724, -80.724, 2.22, 79.303, 35.6, 37.22, 7.381, 13.582, 0, 0, -21.216, -21.791, -21.216, -21.791, 1, 101.25, 101.25, 0.024, 0.031, -3509.647, -3604.465, -3509.647, -3604.465, 7.301, 7.381, 13.582, , , 1, 27.99, 0, 0.019, 12.714, 4.343, 140, 0, 0, 0, 59.208, 3.327, 2.991, 86, 21.97, 100, 0, 0, 35.5, 35.5, 8.138, 0.867, 98.742, 0, 0, 103.312, 103.193, 0, 0, 0, 0, 0, 14, 0.019, 12.714, 0, 4.343, 140, 0, 0, 0, 59.208, 1.008, 0.003, 0.003, 86, 21.97, 100, 0, 0, 141, 35.5, 35.5, 8.138, 0.867, 0, 98.742, 0, 0, 103.312, 103.193, 0, 0, 0, 0, 
27.95, 22.063, 100.44, 63.72, 64.413, , -3.62, 0.974, 3008.21, 3008.21, 0.149, -82.515, -82.515, -82.515, 3.302, 79.847, 35.6, 37.22, 7.379, 13.567, 0, 0, -21.656, -22.242, -21.656, -22.242, 1, 101.07, 101.07, 0.024, 0.031, -3456.501, -3549.882, -3456.501, -3549.882, 7.28, 7.379, 13.567, , , 1, 28.041, 0, 0.02, 12.675, 4.337, 140, 0, 0, 0, 58.508, 3.236, 2.897, 86, 21.286, 100, 0, 0, 35.5, 35.5, 7.631, 0.848, 98.254, 0, 0, 102.569, 102.996, 0, 0, 0, 0, 0, 14.012, 0.02, 12.675, 0, 4.337, 140, 0, 0, 0, 58.508, 1.008, 0.003, 0.003, 86, 21.286, 100, 0, 0, 141, 35.5, 35.5, 7.631, 0.848, 0, 98.254, 0, 0, 102.569, 102.996, 0, 0, 0, 0, 
28, 22.062, 100.44, 63.72, 64.412, , -3.733, 0.974, 3015.652, 3015.652, 0.047, -85.193, -85.193, -85.193, 5.16, 80.39, 35.6, 37.22, 7.378, 13.567, 0, 0, -22.315, -22.919, -22.315, -22.919, 1, 100.886, 100.886, 0.024, 0.031, -3281.192, -3369.837, -3281.192, -3369.837, 7.259, 7.378, 13.567, , , 1, 28.091, 0, 0.02, 12.637, 4.331, 140, 0, 0, 0, 57.738, 3.136, 2.799, 86, 20.576, 100, 0, 0, 35.5, 35.5, 7.054, 0.828, 97.869, 0, 0, 101.896, 102.756, 0, 0, 0, 0, 0, 14.032, 0.02, 12.637, 0, 4.331, 140, 0, 0, 0, 57.738, 1.008, 0.003, 0.003, 86, 20.576, 100, 0, 0, 141, 35.5, 35.5, 7.054, 0.828, 0, 97.869, 0, 0, 101.896, 102.756, 0, 0, 0, 0, 
28.05, 22.062, 100.44, 63.72, 64.412, , -3.739, 0.974, 3023.072, 3023.072, 0.142, -85.344, -85.344, -85.344, 7.745, 78.187, 35.6, 37.22, 7.378, 13.679, 0, 0, -22.31, -22.914, -22.31, -22.914, 1, 100.697, 100.697, 0.024, 0.031, -680.918, -699.313, -680.918, -699.313, 7.237, 7.378, 13.679, , , 1, 28.141, 0, 0.02, 12.598, 4.326, 140, 0, 0, 0, 56.969, 3.036, 2.701, 86, 19.867, 100, 0, 0, 35.5, 35.5, 6.477, 0.809, 97.485, 0, 0, 101.223, 102.515, 0, 0, 0, 0, 0, 14.051, 0.02, 12.598, 0, 4.326, 140, 0, 0, 0, 56.969, 1.008, 0.003, 0.002, 86, 19.867, 100, 0, 0, 141, 35.5, 35.5, 6.477, 0.809, 0, 97.485, 0, 0, 101.223, 102.515, 0, 0, 0, 0, 
28.1, 22.061, 100.44, 63.72, 64.411, , -3.805, 0.974, 3030.453, 3030.453, 0.404, -86.911, -86.911, -86.911, 10.591, 73.646, 35.6, 37.22, 7.378, 13.809, 0, 0, -22.677, -23.291, -22.677, -23.291, 1, 100.509, 100.509, 0.024, 0.031, -134.435, -138.065, -134.435, -138.065, 7.23, 7.378, 13.809, , , 1, 28.191, 0, 0.02, 12.56, 4.32, 140, 0, 0, 0, 56.2, 2.936, 2.603, 86, 19.157, 100, 0, 0, 35.5, 35.5, 5.9, 0.79, 97.1, 0, 0, 100.55, 102.275, 0, 0, 0, 0, 0, 14.07, 0.02, 12.56, 0, 4.32, 140, 0, 0, 0, 56.2, 1.008, 0.003, 0.002, 86, 19.157, 100, 0, 0, 141, 35.5, 35.5, 5.9, 0.79, 0, 97.1, 0, 0, 100.55, 102.275, 0, 0, 0, 0, 
28.15, 22.06, 100.44, 63.72, 64.41, , -3.852, 0.974, 3037.835, 3037.835, 0.666, -88.035, -88.035, -88.035, 13.41, 69.104, 35.6, 37.22, 7.379, 14.107, 0, 0, -22.928, -23.549, -22.928, -23.549, 1, 100.318, 100.318, 0.024, 0.031, -97.305, -99.934, -97.305, -99.934, 7.224, 7.379, 14.107, , , 1, 28.24, 0, 0.02, 12.522, 4.315, 140, 0, 0, 0, 55.431, 2.836, 2.505, 86, 18.447, 100, 0, 0, 35.5, 35.5, 5.323, 0.771, 96.715, 0, 0, 99.877, 102.035, 0, 0, 0, 0, 0, 14.089, 0.02, 12.522, 0, 4.315, 140, 0, 0, 0, 55.431, 1.008, 0.003, 0.002, 86, 18.447, 100, 0, 0, 141, 35.5, 35.5, 5.323, 0.771, 0, 96.715, 0, 0, 99.877, 102.035, 0, 0, 0, 0, 
28.2, 22.059, 100.44, 63.72, 64.409, , -3.952, 0.974, 3045.278, 3045.278, 0.929, -90.409, -90.409, -90.409, 16.293, 64.562, 35.49, 37, 7.379, 14.419, 0, 0, -23.506, -24.142, -23.506, -24.142, 1, 100.118, 100.118, 0.024, 0.031, -82.357, -84.583, -82.357, -84.583, 7.218, 7.379, 14.419, , , 1, 28.29, 0, 0.019, 12.5, 4.309, 140, 0, 0, 0, 55, 2.769, 2.449, 86, 18.01, 100, 0, 0, 35.5, 35.5, 4.946, 0.758, 96.487, 0, 0, 99.487, 101.8, 0, 0, 0, 0, 0, 14.1, 0.019, 12.5, 0, 4.309, 140, 0, 0, 0, 55, 1.008, 0.003, 0.002, 86, 18.01, 100, 0, 0, 141, 35.5, 35.5, 4.946, 0.758, 0, 96.487, 0, 0, 99.487, 101.8, 0, 0, 0, 0, 
28.25, 22.059, 100.44, 63.72, 64.409, , -3.834, 0.974, 3052.575, 3052.575, 1.191, -87.631, -87.631, -87.631, 19.142, 60.021, 35.38, 36.779, 7.38, 14.88, 0, 0, -22.741, -23.355, -22.741, -23.355, 1, 99.923, 99.923, 0.024, 0.031, -66.621, -68.423, -66.621, -68.423, 7.213, 7.38, 14.88, , , 1, 28.34, 0, 0.016, 12.5, 4.302, 140, 0, 0, 0, 55, 2.743, 2.446, 86, 17.92, 100, 0, 0, 35.5, 35.5, 4.824, 0.753, 96.456, 0, 0, 99.456, 101.573, 0, 0, 0, 0, 0, 14.1, 0.016, 12.5, 0, 4.302, 140, 0, 0, 0, 55, 1.008, 0.003, 0.002, 86, 17.92, 100, 0, 0, 141, 35.5, 35.5, 4.824, 0.753, 0, 96.456, 0, 0, 99.456, 101.573, 0, 0, 0, 0, 
28.3, 22.058, 100.44, 63.72, 64.408, , -3.819, 0.974, 3059.98, 3059.98, 1.454, -87.274, -87.274, -87.274, 22.061, 55.479, 35.269, 36.559, 7.38, 15.343, 0, 0, -22.601, -23.211, -22.601, -23.211, 1, 99.729, 99.729, 0.024, 0.031, -56.269, -57.792, -56.269, -57.792, 7.215, 7.38, 15.343, , , 1, 28.39, 0, 0.014, 12.5, 4.295, 140, 0, 0, 0, 55, 2.718, 2.443, 86, 17.83, 100, 0, 0, 35.5, 35.5, 4.702, 0.748, 96.426, 0, 0, 99.426, 101.347, 0, 0, 0, 0, 0, 14.1, 0.014, 12.5, 0, 4.295, 140, 0, 0, 0, 55, 1.008, 0.003, 0.002, 86, 17.83, 100, 0, 0, 141, 35.5, 35.5, 4.702, 0.748, 0, 96.426, 0, 0, 99.426, 101.347, 0, 0, 0, 0, 
28.35, 22.057, 100.44, 63.72, 64.407, , -3.842, 0.974, 3067.314, 3067.314, 1.716, -87.829, -87.829, -87.829, 24.944, 50.937, 35.159, 36.338, 7.38, 15.819, 0, 0, -22.699, -23.311, -22.699, -23.311, 1, 99.537, 99.537, 0.024, 0.031, -49.459, -50.799, -49.459, -50.799, 7.222, 7.38, 15.819, , , 1, 28.44, 0, 0.012, 12.5, 4.288, 140, 0, 0, 0, 55, 2.692, 2.44, 86, 17.74, 100, 0, 0, 35.5, 35.5, 4.58, 0.743, 96.395, 0, 0, 99.395, 101.12, 0, 0, 0, 0, 0, 14.1, 0.012, 12.5, 0, 4.288, 140, 0, 0, 0, 55, 1.008, 0.003, 0.002, 86, 17.74, 100, 0, 0, 141, 35.5, 35.5, 4.58, 0.743, 0, 96.395, 0, 0, 99.395, 101.12, 0, 0, 0, 0, 
28.4, 22.056, 100.44, 63.72, 64.406, , -3.802, 0.974, 3074.611, 3074.611, 1.978, -86.878, -86.878, -86.878, 27.84, 46.396, 35.071, 36.104, 7.38, 16.288, 0, 0, -22.41, -23.014, -22.41, -23.014, 1, 99.347, 99.347, 0.024, 0.031, -43.44, -44.617, -43.44, -44.617, 7.229, 7.38, 16.288, , , 1, 28.49, 0, 0.009, 12.5, 4.281, 140, 0, 0, 0, 55, 2.666, 2.436, 86, 17.649, 100, 0, 0, 35.5, 35.5, 4.459, 0.738, 96.365, 0, 0, 99.365, 100.893, 0, 0, 0, 0, 0, 14.1, 0.009, 12.5, 0, 4.281, 140, 0, 0, 0, 55, 1.008, 0.003, 0.002, 86, 17.649, 100, 0, 0, 141, 35.5, 35.5, 4.459, 0.738, 0, 96.365, 0, 0, 99.365, 100.893, 0, 0, 0, 0, 
28.45, 22.055, 100.44, 63.72, 64.405, , -3.802, 0.974, 3081.908, 3081.908, 2.241, -86.888, -86.888, -86.888, 30.756, 41.854, 35.179, 35.744, 7.381, 16.582, 0, 0, -22.37, -22.974, -22.37, -22.974, 1, 99.158, 99.158, 0.024, 0.031, -39.293, -40.358, -39.293, -40.358, 7.237, 7.381, 16.582, , , 1, 28.54, 0, 0.007, 12.5, 4.274, 140, 0, 0, 0, 55, 2.641, 2.433, 86, 17.559, 100, 0, 0, 35.5, 35.5, 4.337, 0.733, 96.334, 0, 0, 99.334, 100.666, 0, 0, 0, 0, 0, 14.1, 0.007, 12.5, 0, 4.274, 140, 0, 0, 0, 55, 1.008, 0.003, 0.002, 86, 17.559, 100, 0, 0, 141, 35.5, 35.5, 4.337, 0.733, 0, 96.334, 0, 0, 99.334, 100.666, 0, 0, 0, 0, 
28.5, 22.055, 100.44, 63.72, 64.405, , -3.81, 0.974, 3089.205, 3089.205, 2.503, -87.095, -87.095, -87.095, 33.158, 37.312, 35.287, 35.384, 7.382, 16.872, 0, 0, -22.382, -22.988, -22.382, -22.988, 1, 98.966, 98.966, 0.024, 0.031, -36.402, -37.389, -36.402, -37.389, 7.274, 7.382, 16.872, , , 1, 28.591, 0, 0.004, 12.5, 4.267, 140, 0, 0, 0, 55, 2.615, 2.43, 86, 17.469, 100, 0, 0, 35.5, 35.5, 4.215, 0.729, 96.304, 0, 0, 99.304, 100.439, 0, 0, 0, 0, 0, 14.1, 0.004, 12.5, 0, 4.267, 140, 0, 0, 0, 55, 1.008, 0.003, 0.002, 86, 17.469, 100, 0, 0, 141, 35.5, 35.5, 4.215, 0.729, 0, 96.304, 0, 0, 99.304, 100.439, 0, 0, 0, 0, 
28.55, 22.054, 100.44, 63.72, 64.404, , -3.763, 0.974, 3096.502, 3096.502, 2.766, -85.99, -85.99, -85.99, 34.856, 32.771, 35.395, 35.024, 7.384, 16.94, 0, 0, -22.055, -22.652, -22.055, -22.652, 1, 98.775, 98.775, 0.024, 0.031, -33.954, -34.874, -33.954, -34.874, 7.331, 7.384, 16.94, , , 1, 28.64, 0, 0.002, 12.5, 4.26, 140, 0, 0, 0, 55, 2.589, 2.427, 86, 17.379, 100, 0, 0, 35.5, 35.5, 4.093, 0.724, 96.273, 0, 0, 99.273, 100.212, 0, 0, 0, 0, 0, 14.1, 0.002, 12.5, 0, 4.26, 140, 0, 0, 0, 55, 1.008, 0.003, 0.002, 86, 17.379, 100, 0, 0, 141, 35.5, 35.5, 4.093, 0.724, 0, 96.273, 0, 0, 99.273, 100.212, 0, 0, 0, 0, 
28.6, 22.053, 100.44, 63.72, 64.403, , -3.577, 0.974, 3103.781, 3103.781, 3.028, -81.564, -81.564, -81.564, 35.849, 28.229, 35.503, 34.664, 7.386, 17.009, 0, 0, -20.881, -21.447, -20.881, -21.447, 1, 98.59, 98.59, 0.024, 0.031, -31.032, -31.872, -31.032, -31.872, 7.388, 7.386, 17.009, , , 1, 28.69, 0, 0, 12.5, 4.253, 140, 0, 0, 0, 55, 2.569, 2.426, 86, 17.31, 100, 0, 0, 35.5, 35.5, 4, 0.72, 96.238, 0, 0, 99.238, 100.009, 0, 0, 0, 0, 0, 14.1, 0, 12.5, 0, 4.253, 140, 0, 0, 0, 55, 1.008, 0.003, 0.002, 86, 17.31, 100, 0, 0, 141, 35.5, 35.5, 4, 0.72, 0, 96.238, 0, 0, 99.238, 100.009, 0, 0, 0, 0, 
28.65, 22.052, 100.44, 63.72, 64.402, , -3.44, 0.974, 3110.95, 3110.95, 3.29, -78.319, -78.319, -78.319, 35.943, 23.687, 35.582, 34.358, 7.387, 16.9, 0, 0, -20.017, -20.559, -20.017, -20.559, 1, 98.415, 98.415, 0.024, 0.031, -29.681, -30.485, -29.681, -30.485, 7.444, 7.387, 16.9, , , 1, 28.74, 0, 0, 12.5, 4.248, 140, 0, 0, 0, 55, 2.565, 2.431, 86, 17.31, 100, 0, 0, 35.5, 35.5, 4, 0.72, 96.185, 0, 0, 99.185, 99.88, 0, 0, 0, 0, 0, 14.1, 0, 12.5, 0, 4.248, 140, 0, 0, 0, 55, 1.008, 0.003, 0.002, 86, 17.31, 100, 0, 0, 141, 35.5, 35.5, 4, 0.72, 0, 96.185, 0, 0, 99.185, 99.88, 0, 0, 0, 0, 
28.7, 22.052, 100.44, 63.72, 64.402, , -3.28, 0.974, 3118.247, 3118.247, 3.491, -74.539, -74.539, -74.539, 35.151, 20.675, 35.402, 34.538, 7.388, 16.791, 0, 0, -19.019, -19.534, -19.019, -19.534, 1, 98.245, 98.245, 0.024, 0.031, -28.908, -29.689, -28.908, -29.689, 7.501, 7.388, 16.791, , , 1, 28.79, 0, 0, 12.5, 4.243, 140, 0, 0, 0, 55, 2.561, 2.437, 86, 17.31, 100, 0, 0, 35.5, 35.5, 4, 0.72, 96.133, 0, 0, 99.133, 99.751, 0, 0, 0, 0, 0, 14.1, 0, 12.5, 0, 4.243, 140, 0, 0, 0, 55, 1.008, 0.003, 0.002, 86, 17.31, 100, 0, 0, 141, 35.5, 35.5, 4, 0.72, 0, 96.133, 0, 0, 99.133, 99.751, 0, 0, 0, 0, 
28.75, 22.051, 100.44, 63.72, 64.401, , -3.108, 0.974, 3125.433, 3125.433, 3.473, -70.454, -70.454, -70.454, 35.008, 23.227, 35.222, 34.718, 7.387, 16.681, 0, 0, -17.948, -18.434, -17.948, -18.434, 1, 98.086, 98.086, 0.024, 0.031, -27.549, -28.294, -27.549, -28.294, 7.557, 7.387, 16.681, , , 1, 28.84, 0, 0, 12.5, 4.238, 140, 0, 0, 0, 55, 2.556, 2.442, 86, 17.31, 100, 0, 0, 35.5, 35.5, 4, 0.72, 96.081, 0, 0, 99.081, 99.622, 0, 0, 0, 0, 0, 14.1, 0, 12.5, 0, 4.238, 140, 0, 0, 0, 55, 1.008, 0.003, 0.002, 86, 17.31, 100, 0, 0, 141, 35.5, 35.5, 4, 0.72, 0, 96.081, 0, 0, 99.081, 99.622, 0, 0, 0, 0, 
28.8, 22.05, 100.44, 63.72, 64.4, , -2.825, 0.974, 3132.65, 3132.65, 3.511, -63.757, -63.757, -63.757, 35.353, 29.09, 35.042, 34.898, 7.386, 16.57, 0, 0, -16.217, -16.656, -16.217, -16.656, 1, 97.936, 97.936, 0.024, 0.031, -24.862, -25.533, -24.862, -25.533, 7.613, 7.386, 16.57, , , 1, 28.891, 0, 0, 12.5, 4.233, 140, 0, 0, 0, 55, 2.552, 2.447, 86, 17.31, 100, 0, 0, 35.5, 35.5, 4, 0.72, 96.029, 0, 0, 99.029, 99.492, 0, 0, 0, 0, 0, 14.1, 0, 12.5, 0, 4.233, 140, 0, 0, 0, 55, 1.008, 0.003, 0.002, 86, 17.31, 100, 0, 0, 141, 35.5, 35.5, 4, 0.72, 0, 96.029, 0, 0, 99.029, 99.492, 0, 0, 0, 0, 
28.85, 22.049, 100.44, 63.72, 64.4, , -2.649, 0.974, 3139.845, 3139.845, 3.548, -59.584, -59.584, -59.584, 35.807, 35.426, 34.862, 35.078, 7.384, 16.365, 0, 0, -15.134, -15.544, -15.134, -15.544, 1, 97.799, 97.799, 0.024, 0.031, -23.059, -23.681, -23.059, -23.681, 7.669, 7.384, 16.365, , , 1, 28.941, 0.011, 0, 12.5, 4.226, 140, 0, 0, 0, 55.22, 2.607, 2.505, 86.158, 17.489, 100, 0, 0, 35.5, 35.5, 4.132, 0.727, 96.11, 0, 0, 99.154, 99.338, 0, 0, 0.011, 0, 0, 14.1, 0, 12.5, 0, 4.226, 140, 0, 0, 0, 55.22, 1.008, 0.003, 0.002, 86.158, 17.489, 100, 0, 0, 141, 35.5, 35.5, 4.132, 0.727, 0, 96.11, 0, 0, 99.154, 99.338, 0, 0, 0, 0, 
28.9, 22.049, 100.44, 63.72, 64.4, , -2.458, 0.974, 3147.085, 3147.085, 3.573, -55.052, -55.052, -55.052, 36.675, 38.22, 34.709, 35.25, 7.381, 16.153, 0, 0, -13.965, -14.344, -13.965, -14.344, 1, 97.671, 97.671, 0.024, 0.031, -20.829, -21.391, -20.829, -21.391, 7.72, 7.381, 16.153, , , 1, 28.99, 0.035, 0, 12.5, 4.215, 140, 0, 0, 0, 55.72, 2.737, 2.631, 86.518, 17.895, 100, 0, 0, 35.5, 35.5, 4.432, 0.743, 96.36, 0, 0, 99.504, 99.152, 0, 0, 0.035, 0, 0, 14.1, 0, 12.5, 0, 4.215, 140, 0, 0, 0, 55.72, 1.008, 0.003, 0.002, 86.518, 17.895, 100, 0, 0, 141, 35.5, 35.5, 4.432, 0.743, 0, 96.36, 0, 0, 99.504, 99.152, 0, 0, 0, 0, 
28.95, 22.048, 100.44, 63.72, 64.4, , -2.297, 0.974, 3154.16, 3154.16, 3.681, -51.252, -51.252, -51.252, 37.838, 39.486, 34.794, 35.352, 7.38, 15.834, 0, 0, -12.984, -13.336, -12.984, -13.336, 1, 97.551, 97.551, 0.024, 0.031, -18.551, -19.052, -18.551, -19.052, 7.739, 7.38, 15.834, , , 1, 29.04, 0.059, 0, 12.5, 4.205, 140, 0, 0, 0, 56.22, 2.867, 2.757, 86.878, 18.301, 100, 0, 0, 35.5, 35.5, 4.732, 0.759, 96.61, 0, 0, 99.854, 98.966, 0, 0, 0.059, 0, 0, 14.1, 0, 12.5, 0, 4.205, 140, 0, 0, 0, 56.22, 1.008, 0.003, 0.002, 86.878, 18.301, 100, 0, 0, 141, 35.5, 35.5, 4.732, 0.759, 0, 96.61, 0, 0, 99.854, 98.966, 0, 0, 0, 0, 
29, 22.047, 100.44, 63.72, 64.4, , -2.146, 0.974, 3161.378, 3161.378, 3.739, -47.668, -47.668, -47.668, 38.186, 43.147, 34.879, 35.455, 7.379, 15.505, 0, 0, -12.061, -12.388, -12.061, -12.388, 1, 97.438, 97.438, 0.024, 0.031, -17.023, -17.484, -17.023, -17.484, 7.758, 7.379, 15.505, , , 1, 29.09, 0.083, 0, 12.5, 4.195, 140, 0, 0, 0, 56.72, 2.997, 2.883, 87.238, 18.707, 100, 0, 0, 35.5, 35.5, 5.032, 0.775, 96.86, 0, 0, 100.204, 98.78, 0, 0, 0.083, 0, 0, 14.1, 0, 12.5, 0, 4.195, 140, 0, 0, 0, 56.72, 1.008, 0.003, 0.003, 87.238, 18.707, 100, 0, 0, 141, 35.5, 35.5, 5.032, 0.775, 0, 96.86, 0, 0, 100.204, 98.78, 0, 0, 0, 0, 
29.05, 22.046, 100.44, 63.72, 64.4, , -2.065, 0.974, 3168.595, 3168.595, 3.757, -45.744, -45.744, -45.744, 37.891, 42.665, 34.964, 35.557, 7.379, 15.038, 0, 0, -11.562, -11.875, -11.562, -11.875, 1, 97.334, 97.334, 0.024, 0.031, -16.449, -16.895, -16.449, -16.895, 7.777, 7.379, 15.038, , , 1, 29.14, 0.107, 0, 12.5, 4.185, 140, 0, 0, 0, 57.22, 3.127, 3.009, 87.598, 19.113, 100, 0, 0, 35.5, 35.5, 5.332, 0.791, 97.11, 0, 0, 100.554, 98.594, 0, 0, 0.107, 0, 0, 14.1, 0, 12.5, 0, 4.185, 140, 0, 0, 0, 57.22, 1.008, 0.003, 0.003, 87.598, 19.113, 100, 0, 0, 141, 35.5, 35.5, 5.332, 0.791, 0, 97.11, 0, 0, 100.554, 98.594, 0, 0, 0, 0, 
29.1, 22.046, 100.44, 63.72, 64.4, , -1.975, 0.974, 3175.671, 3175.671, 3.802, -43.618, -43.618, -43.618, 37.42, 48, 35.049, 35.659, 7.379, 14.557, 0, 0, -11.013, -11.31, -11.013, -11.31, 1, 97.232, 97.232, 0.024, 0.031, -15.896, -16.327, -15.896, -16.327, 7.795, 7.379, 14.557, , , 1, 29.19, 0.151, 0, 12.515, 4.177, 140, 0, 0, 0, 57.55, 3.256, 3.09, 87.8, 19.487, 100, 0, 0, 35.5, 35.5, 5.55, 0.803, 97.325, 0, 0, 100.825, 98.459, 0, 0, 0.151, 0, 0, 14.1, 0, 12.515, 0, 4.177, 140, 0, 0, 0, 57.55, 1.008, 0.003, 0.003, 87.8, 19.487, 100, 0, 0, 141, 35.5, 35.5, 5.55, 0.803, 0, 97.325, 0, 0, 100.825, 98.459, 0, 0, 0, 0, 
29.15, 22.045, 100.44, 63.72, 64.4, , -1.956, 0.974, 3182.888, 3182.888, 3.745, -43.173, -43.173, -43.173, 36.62, 52.175, 35.135, 35.762, 7.38, 14.14, 0, 0, -10.89, -11.182, -10.89, -11.182, 1, 97.135, 97.135, 0.024, 0.031, -16.09, -16.527, -16.09, -16.527, 7.814, 7.38, 14.14, , , 1, 29.24, 0.223, 0, 12.549, 4.172, 140, 0, 0, 0, 57.663, 3.384, 3.114, 87.8, 19.821, 100, 0, 0, 35.5, 35.5, 5.663, 0.81, 97.494, 0, 0, 100.994, 98.389, 0, 0, 0.223, 0, 0, 14.1, 0, 12.549, 0, 4.172, 140, 0, 0, 0, 57.663, 1.008, 0.003, 0.003, 87.8, 19.821, 100, 0, 0, 141, 35.5, 35.5, 5.663, 0.81, 0, 97.494, 0, 0, 100.994, 98.389, 0, 0, 0, 0, 
29.2, 22.044, 100.44, 63.72, 64.4, , -1.937, 0.974, 3189.964, 3189.964, 3.615, -42.708, -42.708, -42.708, 35.719, 53.967, 35.134, 35.717, 7.38, 13.733, 0, 0, -10.762, -11.052, -10.762, -11.052, 1, 97.037, 97.037, 0.024, 0.031, -16.323, -16.766, -16.323, -16.766, 7.833, 7.38, 13.733, , , 1, 29.29, 0.294, 0, 12.583, 4.167, 140, 0, 0, 0, 57.776, 3.512, 3.138, 87.8, 20.154, 100, 0, 0, 35.5, 35.5, 5.776, 0.817, 97.664, 0, 0, 101.164, 98.319, 0, 0, 0.294, 0, 0, 14.1, 0, 12.583, 0, 4.167, 140, 0, 0, 0, 57.776, 1.008, 0.003, 0.003, 87.8, 20.154, 100, 0, 0, 141, 35.5, 35.5, 5.776, 0.817, 0, 97.664, 0, 0, 101.164, 98.319, 0, 0, 0, 0, 
29.25, 22.043, 100.44, 63.72, 64.4, , -1.887, 0.974, 3197.04, 3197.04, 3.486, -41.524, -41.524, -41.524, 34.746, 55.758, 35.115, 35.641, 7.38, 13.452, 0, 0, -10.453, -10.735, -10.453, -10.735, 1, 96.941, 96.941, 0.024, 0.031, -16.303, -16.745, -16.303, -16.745, 7.851, 7.38, 13.452, , , 1, 29.34, 0.365, 0, 12.617, 4.162, 140, 0, 0, 0, 57.889, 3.64, 3.162, 87.8, 20.488, 100, 0, 0, 35.5, 35.5, 5.889, 0.823, 97.834, 0, 0, 101.334, 98.249, 0, 0, 0.365, 0, 0, 14.1, 0, 12.617, 0, 4.162, 140, 0, 0, 0, 57.889, 1.008, 0.003, 0.003, 87.8, 20.488, 100, 0, 0, 141, 35.5, 35.5, 5.889, 0.823, 0, 97.834, 0, 0, 101.334, 98.249, 0, 0, 0, 0, 
29.3, 22.043, 100.44, 63.72, 64.4, , -1.829, 0.974, 3204.204, 3204.204, 3.357, -40.172, -40.172, -40.172, 33.564, 57.55, 35.096, 35.565, 7.379, 13.191, 0, 0, -10.104, -10.375, -10.104, -10.375, 1, 96.848, 96.848, 0.024, 0.031, -16.323, -16.767, -16.323, -16.767, 7.87, 7.379, 13.191, , , 1, 29.39, 0.437, 0, 12.651, 4.157, 140, 0, 0, 0, 58, 3.768, 3.186, 87.8, 20.816, 100, 0, 0, 35.5, 35.5, 6, 0.83, 98, 0, 0, 101.5, 98.18, 0, 0, 0.437, 0, 0, 14.1, 0, 12.651, 0, 4.157, 140, 0, 0, 0, 58, 1.008, 0.004, 0.003, 87.8, 20.816, 100, 0, 0, 141, 35.5, 35.5, 6, 0.83, 0, 98, 0, 0, 101.5, 98.18, 0, 0, 0, 0, 
29.35, 22.042, 100.44, 63.72, 64.4, , -1.79, 0.974, 3211.333, 3211.333, 3.228, -39.235, -39.235, -39.235, 32.123, 59.342, 35.077, 35.489, 7.379, 13.061, 0, 0, -9.858, -10.124, -9.858, -10.124, 1, 96.759, 96.759, 0.024, 0.031, -16.681, -17.134, -16.681, -17.134, 7.914, 7.379, 13.061, , , 1, 29.441, 0.525, 0, 12.685, 4.155, 140, 0, 0, 0, 58, 3.899, 3.23, 87.8, 20.858, 100, 0, 0, 35.5, 35.5, 6, 0.832, 98, 0, 0, 101.5, 98.18, 0, 0, 0.525, 0, 0, 14.1, 0, 12.685, 0, 4.155, 140, 0, 0, 0, 58, 1.008, 0.004, 0.003, 87.8, 20.858, 100, 0, 0, 141, 35.5, 35.5, 6, 0.832, 0, 98, 0, 0, 101.5, 98.18, 0, 0, 0, 0, 
29.4, 22.041, 100.44, 63.72, 64.4, , -1.731, 0.974, 3218.408, 3218.408, 3.099, -37.854, -37.854, -37.854, 30.646, 61.133, 35.053, 35.416, 7.379, 12.955, 0, 0, -9.502, -9.758, -9.502, -9.758, 1, 96.67, 96.67, 0.024, 0.031, -16.893, -17.352, -16.893, -17.352, 7.96, 7.379, 12.955, , , 1, 29.491, 0.613, 0, 12.719, 4.153, 140, 0, 0, 0, 58, 4.03, 3.275, 87.8, 20.9, 100, 0, 0, 35.5, 35.5, 6, 0.835, 98, 0, 0, 101.5, 98.18, 0, 0, 0.613, 0, 0, 14.1, 0, 12.719, 0, 4.153, 140, 0, 0, 0, 58, 1.008, 0.004, 0.003, 87.8, 20.9, 100, 0, 0, 141, 35.5, 35.5, 6, 0.835, 0, 98, 0, 0, 101.5, 98.18, 0, 0, 0, 0, 
29.45, 22.04, 100.44, 63.72, 64.4, , -1.638, 0.974, 3225.484, 3225.484, 2.97, -35.641, -35.641, -35.641, 29.222, 62.925, 34.981, 35.38, 7.38, 12.902, 0, 0, -8.938, -9.179, -8.938, -9.179, 1, 96.585, 96.585, 0.024, 0.031, -16.661, -17.114, -16.661, -17.114, 8.005, 7.38, 12.902, , , 1, 29.54, 0.7, 0, 12.753, 4.15, 140, 0, 0, 0, 58, 4.161, 3.319, 87.8, 20.943, 100, 0, 0, 35.5, 35.5, 6, 0.837, 98, 0, 0, 101.5, 98.18, 0, 0, 0.7, 0, 0, 14.1, 0, 12.753, 0, 4.15, 140, 0, 0, 0, 58, 1.008, 0.004, 0.003, 87.8, 20.943, 100, 0, 0, 141, 35.5, 35.5, 6, 0.837, 0, 98, 0, 0, 101.5, 98.18, 0, 0, 0, 0, 
29.5, 22.039, 100.44, 63.72, 64.4, , -1.582, 0.974, 3232.56, 3232.56, 2.851, -34.307, -34.307, -34.307, 27.906, 61.233, 34.909, 35.344, 7.381, 12.86, 0, 0, -8.596, -8.828, -8.596, -8.828, 1, 96.505, 96.505, 0.024, 0.031, -16.791, -17.248, -16.791, -17.248, 8.051, 7.381, 12.86, , , 1, 29.59, 0.788, 0, 12.788, 4.148, 140, 0, 0, 0, 58, 4.293, 3.364, 87.8, 20.985, 100, 0, 0, 35.5, 35.5, 6, 0.839, 98, 0, 0, 101.5, 98.18, 0, 0, 0.788, 0, 0, 14.1, 0, 12.788, 0, 4.148, 140, 0, 0, 0, 58, 1.008, 0.004, 0.003, 87.8, 20.985, 100, 0, 0, 141, 35.5, 35.5, 6, 0.839, 0, 98, 0, 0, 101.5, 98.18, 0, 0, 0, 0, 
29.55, 22.039, 100.44, 63.72, 64.4, , -1.589, 0.974, 3239.636, 3239.636, 2.739, -34.494, -34.494, -34.494, 26.857, 57.583, 34.837, 35.308, 7.382, 12.842, 0, 0, -8.636, -8.869, -8.636, -8.869, 1, 96.427, 96.427, 0.024, 0.031, -17.537, -18.012, -17.537, -18.012, 8.073, 7.382, 12.842, , , 1, 29.64, 0.715, 0, 12.794, 4.143, 140, 0, 0, 0, 58.128, 4.215, 3.352, 87.8, 21.189, 100, 0, 0, 35.5, 35.5, 6.128, 0.84, 98.064, 0, 0, 101.628, 98.06, 0, 0, 0.715, 0, 0, 14.1, 0, 12.794, 0, 4.143, 140, 0, 0, 0, 58.128, 1.008, 0.004, 0.003, 87.8, 21.189, 100, 0, 0, 141, 35.5, 35.5, 6.128, 0.84, 0, 98.064, 0, 0, 101.628, 98.06, 0, 0, 0, 0, 
29.6, 22.038, 100.44, 63.72, 64.4, , -1.614, 0.974, 3246.711, 3246.711, 2.656, -35.081, -35.081, -35.081, 26.13, 55.015, 34.765, 35.272, 7.384, 12.83, 0, 0, -8.776, -9.013, -8.776, -9.013, 1, 96.346, 96.346, 0.024, 0.031, -18.34, -18.836, -18.34, -18.836, 8.082, 7.384, 12.83, , , 1, 29.69, 0.551, 0, 12.784, 4.137, 140, 0, 0, 0, 58.328, 4.02, 3.308, 87.8, 21.485, 100, 0, 0, 35.5, 35.5, 6.328, 0.84, 98.164, 0, 0, 101.828, 97.873, 0, 0, 0.551, 0, 0, 14.1, 0, 12.784, 0, 4.137, 140, 0, 0, 0, 58.328, 1.008, 0.004, 0.003, 87.8, 21.485, 100, 0, 0, 141, 35.5, 35.5, 6.328, 0.84, 0, 98.164, 0, 0, 101.828, 97.873, 0, 0, 0, 0, 
29.65, 22.037, 100.44, 63.72, 64.4, , -1.58, 0.974, 3253.787, 3253.787, 2.638, -34.283, -34.283, -34.283, 25.583, 54.75, 34.707, 35.244, 7.384, 12.831, 0, 0, -8.569, -8.8, -8.569, -8.8, 1, 96.265, 96.265, 0.024, 0.031, -18.318, -18.813, -18.318, -18.813, 8.091, 7.384, 12.831, , , 1, 29.74, 0.387, 0, 12.774, 4.131, 140, 0, 0, 0, 58.528, 3.825, 3.264, 87.8, 21.781, 100, 0, 0, 35.5, 35.5, 6.528, 0.84, 98.264, 0, 0, 102.028, 97.686, 0, 0, 0.387, 0, 0, 14.1, 0, 12.774, 0, 4.131, 140, 0, 0, 0, 58.528, 1.008, 0.003, 0.003, 87.8, 21.781, 100, 0, 0, 141, 35.5, 35.5, 6.528, 0.84, 0, 98.264, 0, 0, 102.028, 97.686, 0, 0, 0, 0, 
29.7, 22.036, 100.44, 63.72, 64.4, , -1.572, 0.974, 3260.863, 3260.863, 2.619, -34.081, -34.081, -34.081, 25.035, 54.484, 34.779, 35.28, 7.384, 12.835, 0, 0, -8.513, -8.743, -8.513, -8.743, 1, 96.187, 96.187, 0.024, 0.031, -18.565, -19.064, -18.565, -19.064, 8.1, 7.384, 12.835, , , 1, 29.79, 0.223, 0, 12.764, 4.125, 140, 0, 0, 0, 58.728, 3.63, 3.22, 87.8, 22.077, 100, 0, 0, 35.5, 35.5, 6.728, 0.84, 98.364, 0, 0, 102.228, 97.499, 0, 0, 0.223, 0, 0, 14.1, 0, 12.764, 0, 4.125, 140, 0, 0, 0, 58.728, 1.008, 0.003, 0.003, 87.8, 22.077, 100, 0, 0, 141, 35.5, 35.5, 6.728, 0.84, 0, 98.364, 0, 0, 102.228, 97.499, 0, 0, 0, 0, 
29.75, 22.036, 100.44, 63.72, 64.4, , -1.576, 0.974, 3267.939, 3267.939, 2.601, -34.196, -34.196, -34.196, 24.485, 54.219, 34.851, 35.316, 7.383, 12.868, 0, 0, -8.535, -8.765, -8.535, -8.765, 1, 96.107, 96.107, 0.024, 0.031, -19.028, -19.539, -19.028, -19.539, 8.098, 7.383, 12.868, , , 1, 29.841, 0.059, 0, 12.754, 4.119, 140, 0, 0, 0, 58.928, 3.435, 3.176, 87.8, 22.373, 100, 0, 0, 35.5, 35.5, 6.928, 0.84, 98.464, 0, 0, 102.428, 97.312, 0, 0, 0.059, 0, 0, 14.1, 0, 12.754, 0, 4.119, 140, 0, 0, 0, 58.928, 1.008, 0.003, 0.003, 87.8, 22.373, 100, 0, 0, 141, 35.5, 35.5, 6.928, 0.84, 0, 98.464, 0, 0, 102.428, 97.312, 0, 0, 0, 0, 
29.8, 22.035, 100.439, 63.72, 64.4, , -1.556, 0.974, 3275.014, 3275.014, 2.583, -33.716, -33.716, -33.716, 23.943, 53.953, 34.923, 35.352, 7.381, 12.91, 0, 0, -8.408, -8.635, -8.408, -8.635, 1, 96.03, 96.03, 0.024, 0.031, -19.19, -19.706, -19.19, -19.706, 8.08, 7.381, 12.91, , , 1, 29.891, 0, 0, 12.757, 4.115, 140, 0, 0, 0, 59.067, 3.377, 3.169, 87.8, 22.529, 100, 0, 0, 35.5, 35.5, 7, 0.841, 98.567, 0, 0, 102.6, 97.203, 0, 0, 0, 0, 0, 14.1, 0, 12.757, 0, 4.115, 140, 0, 0, 0, 59.067, 1.008, 0.003, 0.003, 87.8, 22.529, 100, 0, 0, 141, 35.5, 35.5, 7, 0.841, 0, 98.567, 0, 0, 102.6, 97.203, 0, 0, 0, 0, 
29.85, 22.034, 100.439, 63.72, 64.4, , -1.524, 0.974, 3282.09, 3282.09, 2.564, -32.948, -32.948, -32.948, 23.392, 53.688, 34.995, 35.388, 7.38, 12.968, 0, 0, -8.208, -8.43, -8.208, -8.43, 1, 95.952, 95.952, 0.024, 0.031, -19.247, -19.765, -19.247, -19.765, 8.062, 7.38, 12.968, , , 1, 29.941, 0, 0, 12.767, 4.111, 140, 0, 0, 0, 59.171, 3.396, 3.184, 87.8, 22.606, 100, 0, 0, 35.5, 35.5, 7, 0.843, 98.671, 0, 0, 102.756, 97.137, 0, 0, 0, 0, 0, 14.1, 0, 12.767, 0, 4.111, 140, 0, 0, 0, 59.171, 1.008, 0.003, 0.003, 87.8, 22.606, 100, 0, 0, 141, 35.5, 35.5, 7, 0.843, 0, 98.671, 0, 0, 102.756, 97.137, 0, 0, 0, 0, 
29.9, 22.033, 100.438, 63.72, 64.4, , -1.515, 0.974, 3289.054, 3289.054, 2.546, -32.744, -32.744, -32.744, 22.838, 53.422, 35.071, 35.42, 7.379, 13.033, 0, 0, -8.151, -8.372, -8.151, -8.372, 1, 95.876, 95.876, 0.024, 0.031, -19.61, -20.139, -19.61, -20.139, 8.044, 7.379, 13.033, , , 1, 29.992, 0, 0, 12.778, 4.108, 140, 0, 0, 0, 59.275, 3.415, 3.199, 87.8, 22.684, 100, 0, 0, 35.5, 35.5, 7, 0.845, 98.775, 0, 0, 102.912, 97.072, 0, 0, 0, 0, 0, 14.1, 0, 12.778, 0, 4.108, 140, 0, 0, 0, 59.275, 1.008, 0.003, 0.003, 87.8, 22.684, 100, 0, 0, 141, 35.5, 35.5, 7, 0.845, 0, 98.775, 0, 0, 102.912, 97.072, 0, 0, 0, 0, 
29.95, 22.033, 100.438, 63.72, 64.4, , -1.513, 0.974, 3296.1, 3296.1, 2.528, -32.692, -32.692, -32.692, 22.282, 53.157, 35.179, 35.42, 7.378, 13.107, 0, 0, -8.132, -8.352, -8.132, -8.352, 1, 95.799, 95.799, 0.024, 0.031, -20.027, -20.569, -20.027, -20.569, 8.023, 7.378, 13.107, , , 1, 30.042, 0, 0, 12.788, 4.104, 140, 0, 0, 0, 59.379, 3.433, 3.213, 87.8, 22.761, 100, 0, 0, 35.5, 35.5, 7, 0.848, 98.879, 0, 0, 103.069, 97.006, 0, 0, 0, 0, 0, 14.1, 0, 12.788, 0, 4.104, 140, 0, 0, 0, 59.379, 1.008, 0.003, 0.003, 87.8, 22.761, 100, 0, 0, 141, 35.5, 35.5, 7, 0.848, 0, 98.879, 0, 0, 103.069, 97.006, 0, 0, 0, 0, 
30, 22.032, 100.438, 63.72, 64.4, , -1.457, 0.974, 3303.176, 3303.176, 2.51, -31.388, -31.388, -31.388, 21.736, 52.892, 35.287, 35.42, 7.378, 13.186, 0, 0, -7.802, -8.012, -7.802, -8.012, 1, 95.725, 95.725, 0.024, 0.031, -19.664, -20.197, -19.664, -20.197, 7.987, 7.378, 13.186, , , 1, 30.092, 0, 0, 12.798, 4.101, 140, 0, 0, 0, 59.483, 3.452, 3.228, 87.8, 22.838, 100, 0, 0, 35.5, 35.5, 7, 0.85, 98.983, 0, 0, 103.225, 96.94, 0, 0, 0, 0, 0, 14.1, 0, 12.798, 0, 4.101, 140, 0, 0, 0, 59.483, 1.008, 0.003, 0.003, 87.8, 22.838, 100, 0, 0, 141, 35.5, 35.5, 7, 0.85, 0, 98.983, 0, 0, 103.225, 96.94, 0, 0, 0, 0, 
30.05, 22.031, 100.437, 63.72, 64.4, , -1.451, 0.974, 3310.206, 3310.206, 2.491, -31.226, -31.226, -31.226, 21.178, 52.626, 35.395, 35.42, 7.378, 13.246, 0, 0, -7.756, -7.965, -7.756, -7.965, 1, 95.652, 95.652, 0.024, 0.031, -20.069, -20.613, -20.069, -20.613, 7.951, 7.378, 13.246, , , 1, 30.14, 0, 0, 12.8, 4.1, 140, 0, 0, 0, 59.588, 3.468, 3.239, 87.8, 22.85, 100, 0, 0, 35.5, 35.5, 7, 0.852, 99.088, 0, 0, 103.381, 96.93, 0, 0, 0, 0, 0, 14.1, 0, 12.8, 0, 4.1, 140, 0, 0, 0, 59.588, 1.008, 0.004, 0.003, 87.8, 22.85, 100, 0, 0, 141, 35.5, 35.5, 7, 0.852, 0, 99.088, 0, 0, 103.381, 96.93, 0, 0, 0, 0, 
30.1, 22.03, 100.437, 63.72, 64.4, , -1.444, 0.974, 3317.186, 3317.186, 2.473, -31.081, -31.081, -31.081, 20.621, 52.361, 35.503, 35.42, 7.379, 13.297, 0, 0, -7.713, -7.921, -7.713, -7.921, 1, 95.58, 95.58, 0.024, 0.031, -20.582, -21.139, -20.582, -21.139, 7.915, 7.379, 13.297, , , 1, 30.19, 0, 0, 12.8, 4.1, 140, 0, 0, 0, 59.692, 3.484, 3.249, 87.8, 22.85, 100, 0, 0, 35.5, 35.5, 7, 0.854, 99.192, 0, 0, 103.538, 96.93, 0, 0, 0, 0, 0, 14.1, 0, 12.8, 0, 4.1, 140, 0, 0, 0, 59.692, 1.008, 0.004, 0.003, 87.8, 22.85, 100, 0, 0, 141, 35.5, 35.5, 7, 0.854, 0, 99.192, 0, 0, 103.538, 96.93, 0, 0, 0, 0, 
30.15, 22.03, 100.437, 63.72, 64.4, , -1.417, 0.974, 3324.262, 3324.262, 2.455, -30.43, -30.43, -30.43, 20.067, 52.095, 35.596, 35.427, 7.379, 13.336, 0, 0, -7.546, -7.749, -7.546, -7.749, 1, 95.509, 95.509, 0.024, 0.031, -20.75, -21.311, -20.75, -21.311, 7.878, 7.379, 13.336, , , 1, 30.24, 0, 0, 12.8, 4.099, 140, 0, 0, 0, 59.796, 3.499, 3.26, 87.8, 22.85, 100, 0, 0, 35.5, 35.5, 7, 0.856, 99.296, 0, 0, 103.694, 96.93, 0, 0, 0, 0, 0, 14.1, 0, 12.8, 0, 4.099, 140, 0, 0, 0, 59.796, 1.008, 0.004, 0.003, 87.8, 22.85, 100, 0, 0, 141, 35.5, 35.5, 7, 0.856, 0, 99.296, 0, 0, 103.694, 96.93, 0, 0, 0, 0, 
30.2, 22.031, 100.436, 63.72, 64.4, , -1.397, 0.974, 3331.221, 3331.221, 2.436, -29.956, -29.956, -29.956, 19.503, 51.83, 35.56, 35.499, 7.38, 13.368, 0, 0, -7.423, -7.623, -7.423, -7.623, 1, 95.437, 95.437, 0.024, 0.031, -21.015, -21.582, -21.015, -21.582, 7.836, 7.38, 13.368, , , 1, 30.29, 0, 0, 12.8, 4.098, 140, 0, 0, 0, 59.9, 3.515, 3.27, 87.8, 22.85, 100, 0, 0, 35.5, 35.5, 7, 0.858, 99.4, 0, 0, 103.85, 96.93, 0, 0, 0, 0, 0, 14.1, 0, 12.8, 0, 4.098, 140, 0, 0, 0, 59.9, 1.008, 0.004, 0.003, 87.8, 22.85, 100, 0, 0, 141, 35.5, 35.5, 7, 0.858, 0, 99.4, 0, 0, 103.85, 96.93, 0, 0, 0, 0, 
30.25, 22.032, 100.436, 63.72, 64.4, , -1.398, 0.974, 3338.226, 3338.226, 2.418, -29.981, -29.981, -29.981, 18.947, 51.564, 35.524, 35.571, 7.38, 13.389, 0, 0, -7.425, -7.625, -7.425, -7.625, 1, 95.368, 95.368, 0.024, 0.031, -21.599, -22.181, -21.599, -22.181, 7.793, 7.38, 13.389, , , 1, 30.34, 0, 0, 12.801, 4.098, 140, 0, 0, 0, 60, 3.53, 3.28, 87.8, 22.853, 100, 0, 0, 35.5, 35.5, 7, 0.86, 99.5, 0, 0, 104, 96.925, 0, 0, 0, 0, 0, 14.1, 0, 12.801, 0, 4.098, 140, 0, 0, 0, 60, 1.008, 0.004, 0.003, 87.8, 22.853, 100, 0, 0, 141, 35.5, 35.5, 7, 0.86, 0, 99.5, 0, 0, 104, 96.925, 0, 0, 0, 0, 
30.3, 22.033, 100.435, 63.72, 64.4, , -1.399, 0.974, 3345.206, 3345.206, 2.4, -30.027, -30.027, -30.027, 18.387, 51.299, 35.488, 35.643, 7.38, 13.403, 0, 0, -7.432, -7.633, -7.432, -7.633, 1, 95.297, 95.297, 0.024, 0.031, -22.23, -22.829, -22.23, -22.829, 7.751, 7.38, 13.403, , , 1, 30.39, 0, 0, 12.821, 4.094, 140, 0, 0, 0, 60, 3.536, 3.286, 87.8, 22.927, 100, 0, 0, 35.5, 35.5, 7, 0.86, 99.5, 0, 0, 104, 96.801, 0, 0, 0, 0, 0, 14.1, 0, 12.821, 0, 4.094, 140, 0, 0, 0, 60, 1.008, 0.004, 0.003, 87.8, 22.927, 100, 0, 0, 141, 35.5, 35.5, 7, 0.86, 0, 99.5, 0, 0, 104, 96.801, 0, 0, 0, 0, 
30.35, 22.033, 100.435, 63.72, 64.4, , -1.343, 0.974, 3352.236, 3352.236, 2.381, -28.687, -28.687, -28.687, 17.828, 51.033, 35.452, 35.715, 7.38, 13.415, 0, 0, -7.095, -7.287, -7.095, -7.287, 1, 95.228, 95.228, 0.024, 0.03, -21.914, -22.506, -21.914, -22.506, 7.708, 7.38, 13.415, , , 1, 30.441, 0, 0, 12.841, 4.089, 140, 0, 0, 0, 60, 3.542, 3.292, 87.8, 23.001, 100, 0, 0, 35.5, 35.5, 7, 0.86, 99.5, 0, 0, 104, 96.677, 0, 0, 0, 0, 0, 14.1, 0, 12.841, 0, 4.089, 140, 0, 0, 0, 60, 1.008, 0.004, 0.003, 87.8, 23.002, 100, 0, 0, 141, 35.5, 35.5, 7, 0.86, 0, 99.5, 0, 0, 104, 96.677, 0, 0, 0, 0, 
30.4, 22.034, 100.435, 63.72, 64.4, , -1.276, 0.974, 3359.216, 3359.216, 2.363, -27.096, -27.096, -27.096, 17.262, 50.768, 35.38, 35.769, 7.38, 13.427, 0, 0, -6.697, -6.878, -6.697, -6.878, 1, 95.163, 95.163, 0.024, 0.03, -21.381, -21.958, -21.381, -21.958, 7.668, 7.38, 13.427, , , 1, 30.49, 0, 0, 12.861, 4.085, 140, 0, 0, 0, 60, 3.548, 3.298, 87.8, 23.075, 100, 0, 0, 35.5, 35.5, 7, 0.86, 99.5, 0, 0, 104, 96.553, 0, 0, 0, 0, 0, 14.1, 0, 12.861, 0, 4.085, 140, 0, 0, 0, 60, 1.008, 0.004, 0.003, 87.8, 23.076, 100, 0, 0, 141, 35.5, 35.5, 7, 0.86, 0, 99.5, 0, 0, 104, 96.553, 0, 0, 0, 0, 
30.45, 22.035, 100.434, 63.72, 64.4, , -1.26, 0.974, 3366.15, 3366.15, 2.345, -26.733, -26.733, -26.733, 16.7, 50.503, 34.984, 35.661, 7.38, 13.44, 0, 0, -6.602, -6.78, -6.602, -6.78, 1, 95.1, 95.1, 0.024, 0.031, -21.876, -22.467, -21.876, -22.467, 7.628, 7.38, 13.44, , , 1, 30.54, 0, 0, 12.881, 4.081, 140, 0, 0, 0, 60, 3.554, 3.304, 87.8, 23.149, 100, 0, 0, 35.5, 35.5, 7, 0.86, 99.5, 0, 0, 104, 96.429, 0, 0, 0, 0, 0, 14.1, 0, 12.881, 0, 4.081, 140, 0, 0, 0, 60, 1.008, 0.004, 0.003, 87.8, 23.15, 100, 0, 0, 141, 35.5, 35.5, 7, 0.86, 0, 99.5, 0, 0, 104, 96.429, 0, 0, 0, 0, 
30.5, 22.036, 100.434, 63.72, 64.4, , -1.264, 0.974, 3373.226, 3373.226, 2.326, -26.809, -26.809, -26.809, 16.141, 50.237, 34.588, 35.553, 7.38, 13.452, 0, 0, -6.615, -6.794, -6.615, -6.794, 1, 95.037, 95.037, 0.024, 0.031, -22.73, -23.345, -22.73, -23.345, 7.589, 7.38, 13.452, , , 1, 30.59, 0, 0, 12.9, 4.077, 140, 0, 0, 0, 60, 3.56, 3.31, 87.8, 23.224, 100, 0, 0, 35.5, 35.5, 7, 0.86, 99.502, 0, 0, 104.002, 96.308, 0, 0, 0, 0, 0, 14.1, 0, 12.9, 0, 4.077, 140, 0, 0, 0, 60, 1.008, 0.004, 0.003, 87.8, 23.226, 100, 0, 0, 141, 35.5, 35.5, 7, 0.86, 0, 99.502, 0, 0, 104.002, 96.308, 0, 0, 0, 0, 
30.55, 22.037, 100.434, 63.72, 64.4, , -1.254, 0.974, 3380.16, 3380.16, 2.308, -26.596, -26.596, -26.596, 15.577, 49.972, 34.192, 35.445, 7.38, 13.462, 0, 0, -6.558, -6.735, -6.558, -6.735, 1, 94.975, 94.975, 0.024, 0.031, -23.385, -24.017, -23.385, -24.017, 7.549, 7.38, 13.462, , , 1, 30.642, 0, 0, 12.91, 4.074, 140, 0, 0, 0, 60, 3.564, 3.315, 87.8, 23.325, 100, 0, 0, 35.5, 35.5, 7, 0.86, 99.548, 0, 0, 104.048, 96.25, 0, 0, 0, 0, 0, 14.1, 0, 12.91, 0, 4.074, 140, 0, 0, 0, 60, 1.008, 0.004, 0.003, 87.8, 23.327, 100, 0, 0, 141, 35.5, 35.5, 7, 0.86, 0, 99.548, 0, 0, 104.048, 96.25, 0, 0, 0, 0, 
30.6, 22.037, 100.433, 63.72, 64.4, , -1.288, 0.974, 3387.124, 3387.124, 2.29, -27.393, -27.393, -27.393, 15.008, 49.706, 33.796, 35.337, 7.38, 13.47, 0, 0, -6.75, -6.932, -6.75, -6.932, 1, 94.911, 94.911, 0.024, 0.031, -25.082, -25.759, -25.082, -25.759, 7.498, 7.38, 13.47, , , 1, 30.693, 0, 0, 12.919, 4.072, 140, 0, 0, 0, 60, 3.568, 3.319, 87.8, 23.426, 100, 0, 0, 35.5, 35.5, 7, 0.86, 99.594, 0, 0, 104.094, 96.193, 0, 0, 0, 0, 0, 14.1, 0, 12.919, 0, 4.072, 140, 0, 0, 0, 60, 1.008, 0.004, 0.003, 87.8, 23.427, 100, 0, 0, 141, 35.5, 35.5, 7, 0.86, 0, 99.594, 0, 0, 104.094, 96.193, 0, 0, 0, 0, 
30.65, 22.038, 100.433, 63.72, 64.4, , -1.362, 0.974, 3394.129, 3394.129, 2.271, -29.164, -29.164, -29.164, 14.443, 49.441, 33.476, 35.247, 7.38, 13.475, 0, 0, -7.182, -7.374, -7.182, -7.374, 1, 94.845, 94.845, 0.024, 0.031, -27.783, -28.535, -27.783, -28.535, 7.438, 7.38, 13.475, , , 1, 30.744, 0, 0, 12.928, 4.07, 140, 0, 0, 0, 60, 3.571, 3.324, 87.8, 23.527, 100, 0, 0, 35.5, 35.5, 7, 0.86, 99.641, 0, 0, 104.141, 96.135, 0, 0, 0, 0, 0, 14.1, 0, 12.928, 0, 4.07, 140, 0, 0, 0, 60, 1.008, 0.004, 0.003, 87.8, 23.528, 100, 0, 0, 141, 35.5, 35.5, 7, 0.86, 0, 99.641, 0, 0, 104.141, 96.135, 0, 0, 0, 0, 
30.7, 22.039, 100.432, 63.72, 64.4, , -1.369, 0.974, 3400.996, 3400.996, 2.253, -29.313, -29.313, -29.313, 13.879, 49.175, 33.836, 35.319, 7.38, 13.477, 0, 0, -7.213, -7.407, -7.213, -7.407, 1, 94.776, 94.776, 0.024, 0.031, -28.96, -29.742, -28.96, -29.742, 7.378, 7.38, 13.477, , , 1, 30.794, 0, 0, 12.937, 4.067, 140, 0, 0, 0, 60, 3.575, 3.329, 87.8, 23.628, 100, 0, 0, 35.5, 35.5, 7, 0.86, 99.687, 0, 0, 104.187, 96.078, 0, 0, 0, 0, 0, 14.1, 0, 12.937, 0, 4.067, 140, 0, 0, 0, 60, 1.008, 0.004, 0.003, 87.8, 23.628, 100, 0, 0, 141, 35.5, 35.5, 7, 0.86, 0, 99.687, 0, 0, 104.187, 96.078, 0, 0, 0, 0, 
30.75, 22.04, 100.432, 63.72, 64.4, , -1.322, 0.974, 3408.001, 3408.001, 2.235, -28.218, -28.218, -28.218, 13.31, 48.91, 34.196, 35.391, 7.38, 13.473, 0, 0, -6.94, -7.126, -6.94, -7.126, 1, 94.708, 94.708, 0.024, 0.031, -28.959, -29.741, -28.959, -29.741, 7.318, 7.38, 13.473, , , 1, 30.84, 0, 0, 12.947, 4.065, 140, 0, 0, 0, 60, 3.579, 3.333, 87.8, 23.729, 100, 0, 0, 35.5, 35.5, 7, 0.86, 99.733, 0, 0, 104.233, 96.021, 0, 0, 0, 0, 0, 14.1, 0, 12.947, 0, 4.065, 140, 0, 0, 0, 60, 1.008, 0.004, 0.003, 87.8, 23.729, 100, 0, 0, 141, 35.5, 35.5, 7, 0.86, 0, 99.733, 0, 0, 104.233, 96.021, 0, 0, 0, 0, 
30.8, 22.04, 100.432, 63.72, 64.4, , -1.315, 0.974, 3414.973, 3414.973, 2.216, -28.053, -28.053, -28.053, 12.746, 48.644, 34.556, 35.463, 7.38, 13.462, 0, 0, -6.894, -7.08, -6.894, -7.08, 1, 94.643, 94.643, 0.024, 0.031, -29.967, -30.775, -29.967, -30.775, 7.262, 7.38, 13.462, , , 1, 30.891, 0, 0, 12.957, 4.063, 140, 0, 0, 0, 60, 3.583, 3.338, 87.8, 23.79, 100, 0, 0, 35.5, 35.5, 7, 0.86, 99.783, 0, 0, 104.283, 95.959, 0, 0, 0, 0, 0, 14.1, 0, 12.957, 0, 4.063, 140, 0, 0, 0, 60, 1.008, 0.004, 0.003, 87.8, 23.79, 100, 0, 0, 141, 35.5, 35.5, 7, 0.86, 0, 99.783, 0, 0, 104.283, 95.959, 0, 0, 0, 0, 
30.85, 22.041, 100.431, 63.72, 64.4, , -1.303, 0.974, 3421.874, 3421.874, 2.198, -27.768, -27.768, -27.768, 12.174, 48.379, 34.916, 35.535, 7.38, 13.45, 0, 0, -6.819, -7.003, -6.819, -7.003, 1, 94.577, 94.577, 0.024, 0.031, -31.084, -31.924, -31.084, -31.924, 7.215, 7.38, 13.45, , , 1, 30.94, 0, 0, 12.967, 4.062, 140, 0, 0, 0, 60, 3.587, 3.344, 87.8, 23.828, 100, 0, 0, 35.5, 35.5, 7, 0.86, 99.835, 0, 0, 104.335, 95.894, 0, 0, 0, 0, 0, 14.1, 0, 12.967, 0, 4.062, 140, 0, 0, 0, 60, 1.008, 0.004, 0.003, 87.8, 23.828, 100, 0, 0, 141, 35.5, 35.5, 7, 0.86, 0, 99.835, 0, 0, 104.335, 95.894, 0, 0, 0, 0, 
30.9, 22.042, 100.431, 63.72, 64.4, , -1.273, 0.974, 3428.841, 3428.841, 2.18, -27.062, -27.062, -27.062, 11.599, 48.114, 35.258, 35.6, 7.379, 13.437, 0, 0, -6.641, -6.819, -6.641, -6.819, 1, 94.511, 94.511, 0.024, 0.031, -32.067, -32.933, -32.067, -32.933, 7.168, 7.379, 13.437, , , 1, 30.99, 0, 0, 12.977, 4.061, 140, 0, 0, 0, 60, 3.591, 3.349, 87.8, 23.867, 100, 0, 0, 35.5, 35.5, 7, 0.86, 99.888, 0, 0, 104.388, 95.83, 0, 0, 0, 0, 0, 14.1, 0, 12.977, 0, 4.061, 140, 0, 0, 0, 60, 1.008, 0.004, 0.003, 87.8, 23.867, 100, 0, 0, 141, 35.5, 35.5, 7, 0.86, 0, 99.888, 0, 0, 104.388, 95.83, 0, 0, 0, 0, 
30.95, 22.043, 100.43, 63.72, 64.4, , -1.26, 0.974, 3435.746, 3435.746, 2.161, -26.736, -26.736, -26.736, 11.033, 47.848, 35.438, 35.6, 7.379, 13.42, 0, 0, -6.557, -6.733, -6.557, -6.733, 1, 94.449, 94.449, 0.024, 0.031, -33.477, -34.381, -33.477, -34.381, 7.121, 7.379, 13.42, , , 1, 31.041, 0, 0, 12.988, 4.06, 140, 0, 0, 0, 60, 3.595, 3.354, 87.8, 23.905, 100, 0, 0, 35.5, 35.5, 7, 0.86, 99.94, 0, 0, 104.44, 95.765, 0, 0, 0, 0, 0, 14.1, 0, 12.988, 0, 4.06, 140, 0, 0, 0, 60, 1.008, 0.004, 0.003, 87.8, 23.905, 100, 0, 0, 141, 35.5, 35.5, 7, 0.86, 0, 99.94, 0, 0, 104.44, 95.765, 0, 0, 0, 0, 
31, 22.043, 100.43, 63.72, 64.4, , -1.253, 0.974, 3442.71, 3442.71, 2.143, -26.586, -26.586, -26.586, 10.455, 47.583, 35.618, 35.6, 7.378, 13.399, 0, 0, -6.516, -6.691, -6.516, -6.691, 1, 94.385, 94.385, 0.024, 0.031, -34.917, -35.86, -34.917, -35.86, 7.086, 7.378, 13.399, , , 1, 31.091, 0, 0, 12.998, 4.059, 140, 0, 0, 0, 60, 3.599, 3.359, 87.8, 23.944, 100, 0, 0, 35.5, 35.5, 7, 0.86, 99.992, 0, 0, 104.492, 95.7, 0, 0, 0, 0, 0, 14.1, 0, 12.998, 0, 4.059, 140, 0, 0, 0, 60, 1.008, 0.004, 0.003, 87.8, 23.944, 100, 0, 0, 141, 35.5, 35.5, 7, 0.86, 0, 99.992, 0, 0, 104.492, 95.7, 0, 0, 0, 0, 
31.05, 22.044, 100.43, 63.72, 64.4, , -1.259, 0.974, 3449.619, 3449.619, 2.125, -26.718, -26.718, -26.718, 9.886, 47.317, 35.798, 35.6, 7.378, 13.38, 0, 0, -6.545, -6.72, -6.545, -6.72, 1, 94.324, 94.324, 0.024, 0.031, -36.902, -37.899, -36.902, -37.899, 7.081, 7.378, 13.38, , , 1, 31.14, 0, 0, 13, 4.055, 140, 0, 0, 0, 60, 3.6, 3.35, 88.102, 23.95, 100, 0, 0, 35.5, 35.5, 7, 0.86, 100, 0, 0, 104.5, 95.638, 0, 0, 0, 0, 0, 14.1, 0, 13, 0, 4.055, 140, 0, 0, 0, 60, 1.008, 0.004, 0.003, 88.102, 23.95, 100, 0, 0, 141, 35.5, 35.5, 7, 0.86, 0, 100, 0, 0, 104.5, 95.638, 0, 0, 0, 0, 
31.1, 22.045, 100.431, 63.72, 64.4, , -1.227, 0.974, 3456.578, 3456.578, 2.106, -25.979, -25.979, -25.979, 9.316, 47.052, 35.978, 35.6, 7.377, 13.363, 0, 0, -6.361, -6.531, -6.361, -6.531, 1, 94.262, 94.262, 0.024, 0.031, -38.055, -39.082, -38.055, -39.082, 7.075, 7.377, 13.363, , , 1, 31.19, 0, 0, 13, 4.051, 140, 0, 0, 0, 60, 3.6, 3.338, 88.462, 23.95, 100, 0, 0, 35.5, 35.5, 7, 0.86, 100, 0, 0, 104.5, 95.576, 0, 0, 0, 0, 0, 14.1, 0, 13, 0, 4.051, 140, 0, 0, 0, 60, 1.008, 0.004, 0.003, 88.462, 23.95, 100, 0, 0, 141, 35.5, 35.5, 7, 0.86, 0, 100, 0, 0, 104.5, 95.576, 0, 0, 0, 0, 
31.15, 22.046, 100.431, 63.72, 64.4, , -1.23, 0.974, 3463.492, 3463.492, 2.088, -26.039, -26.039, -26.039, 8.737, 46.786, 36.104, 35.614, 7.377, 13.347, 0, 0, -6.371, -6.543, -6.371, -6.543, 1, 94.201, 94.201, 0.024, 0.031, -41.058, -42.166, -41.058, -42.166, 7.07, 7.377, 13.347, , , 1, 31.241, 0, 0, 13, 4.047, 140, 0, 0, 0, 60, 3.6, 3.326, 88.822, 23.95, 100, 0, 0, 35.5, 35.5, 7, 0.86, 100, 0, 0, 104.5, 95.514, 0, 0, 0, 0, 0, 14.1, 0, 13, 0, 4.047, 140, 0, 0, 0, 60, 1.008, 0.004, 0.003, 88.822, 23.95, 100, 0, 0, 141, 35.5, 35.5, 7, 0.86, 0, 100, 0, 0, 104.5, 95.514, 0, 0, 0, 0, 
31.2, 22.046, 100.431, 63.72, 64.4, , -1.228, 0.974, 3470.359, 3470.359, 2.07, -25.995, -25.995, -25.995, 8.166, 46.521, 35.749, 35.757, 7.377, 13.332, 0, 0, -6.356, -6.527, -6.356, -6.527, 1, 94.139, 94.139, 0.024, 0.031, -44.377, -45.575, -44.377, -45.575, 7.064, 7.377, 13.332, , , 1, 31.29, 0, 0, 13, 4.042, 140, 0, 0, 0, 60, 3.6, 3.314, 89.182, 23.95, 100, 0, 0, 35.5, 35.5, 7, 0.86, 100, 0, 0, 104.5, 95.452, 0, 0, 0, 0, 0, 14.1, 0, 13, 0, 4.042, 140, 0, 0, 0, 60, 1.008, 0.004, 0.003, 89.182, 23.95, 100, 0, 0, 141, 35.5, 35.5, 7, 0.86, 0, 100, 0, 0, 104.5, 95.452, 0, 0, 0, 0, 
31.25, 22.047, 100.432, 63.72, 64.4, , -1.238, 0.974, 3477.24, 3477.24, 2.051, -26.233, -26.233, -26.233, 7.594, 46.255, 35.393, 35.899, 7.377, 13.322, 0, 0, -6.41, -6.582, -6.41, -6.582, 1, 94.078, 94.078, 0.024, 0.031, -48.184, -49.486, -48.184, -49.486, 7.044, 7.377, 13.322, , , 1, 31.341, 0, 0, 13, 4.038, 140, 0, 0, 0, 60, 3.6, 3.302, 89.542, 23.95, 100, 0, 0, 35.5, 35.5, 7, 0.86, 100, 0, 0, 104.5, 95.39, 0, 0, 0, 0, 0, 14.1, 0, 13, 0, 4.038, 140, 0, 0, 0, 60, 1.008, 0.004, 0.003, 89.542, 23.95, 100, 0, 0, 141, 35.5, 35.5, 7, 0.86, 0, 100, 0, 0, 104.5, 95.39, 0, 0, 0, 0, 
31.3, 22.048, 100.432, 63.72, 64.4, , -1.276, 0.974, 3484.232, 3484.232, 2.033, -27.146, -27.146, -27.146, 7.009, 45.99, 35.037, 36.041, 7.377, 13.319, 0, 0, -6.629, -6.806, -6.629, -6.806, 1, 94.014, 94.014, 0.024, 0.031, -54.037, -55.497, -54.037, -55.497, 7.024, 7.377, 13.319, , , 1, 31.39, 0, 0, 12.99, 4.035, 140, 0, 0, 0, 59.905, 3.589, 3.287, 89.6, 23.95, 100, 0, 0, 35.452, 35.452, 7, 0.858, 99.905, 0, 0, 104.357, 95.321, 0, 0, 0, 0, 0, 14.1, 0, 12.99, 0, 4.035, 140, 0, 0, 0, 59.905, 1.008, 0.004, 0.003, 89.6, 23.95, 100, 0, 0, 141, 35.452, 35.452, 7, 0.858, 0, 99.905, 0, 0, 104.357, 95.321, 0, 0, 0, 0, 
31.35, 22.049, 100.433, 63.72, 64.4, , -1.337, 0.974, 3491.1, 3491.1, 2.015, -28.579, -28.579, -28.579, 6.434, 45.725, 34.682, 36.183, 7.377, 13.317, 0, 0, -6.973, -7.161, -6.973, -7.161, 1, 93.949, 93.949, 0.024, 0.031, -62, -63.676, -62, -63.676, 7.004, 7.377, 13.317, , , 1, 31.44, 0, 0, 12.979, 4.033, 140, 0, 0, 0, 59.791, 3.575, 3.271, 89.6, 23.95, 100, 0, 0, 35.395, 35.395, 7, 0.856, 99.791, 0, 0, 104.186, 95.25, 0, 0, 0, 0, 0, 14.1, 0, 12.979, 0, 4.033, 140, 0, 0, 0, 59.791, 1.008, 0.004, 0.003, 89.6, 23.95, 100, 0, 0, 141, 35.395, 35.395, 7, 0.856, 0, 99.791, 0, 0, 104.186, 95.25, 0, 0, 0, 0, 
31.4, 22.049, 100.433, 63.72, 64.4, , -1.457, 0.974, 3497.967, 3497.967, 1.996, -31.442, -31.442, -31.442, 5.857, 45.459, 34.347, 36.311, 7.377, 13.317, 0, 0, -7.666, -7.872, -7.666, -7.872, 1, 93.88, 93.88, 0.024, 0.031, -76.793, -78.87, -76.793, -78.87, 6.984, 7.377, 13.317, , , 1, 31.49, 0, 0, 12.968, 4.03, 140, 0, 0, 0, 59.677, 3.561, 3.255, 89.6, 23.95, 100, 0, 0, 35.339, 35.339, 7, 0.854, 99.677, 0, 0, 104.016, 95.18, 0, 0, 0, 0, 0, 14.1, 0, 12.968, 0, 4.03, 140, 0, 0, 0, 59.677, 1.008, 0.004, 0.003, 89.6, 23.95, 100, 0, 0, 141, 35.339, 35.339, 7, 0.854, 0, 99.677, 0, 0, 104.016, 95.18, 0, 0, 0, 0, 
31.45, 22.05, 100.433, 63.72, 64.4, , -1.579, 0.974, 3504.835, 3504.835, 1.978, -34.33, -34.33, -34.33, 5.28, 45.194, 34.529, 36.094, 7.377, 13.315, 0, 0, -8.36, -8.585, -8.36, -8.585, 1, 93.803, 93.803, 0.024, 0.031, -95.195, -97.768, -95.195, -97.768, 6.957, 7.377, 13.315, , , 1, 31.541, 0, 0, 12.956, 4.028, 140, 0, 0, 0, 59.564, 3.548, 3.239, 89.6, 23.95, 100, 0, 0, 35.282, 35.282, 7, 0.851, 99.564, 0, 0, 103.845, 95.109, 0, 0, 0, 0, 0, 14.1, 0, 12.956, 0, 4.028, 140, 0, 0, 0, 59.564, 1.008, 0.004, 0.003, 89.6, 23.95, 100, 0, 0, 141, 35.282, 35.282, 7, 0.851, 0, 99.564, 0, 0, 103.845, 95.109, 0, 0, 0, 0, 
31.5, 22.051, 100.434, 63.72, 64.4, , -1.719, 0.974, 3511.703, 3511.703, 1.96, -37.661, -37.661, -37.661, 4.702, 44.928, 34.71, 35.876, 7.377, 13.311, 0, 0, -9.163, -9.411, -9.163, -9.411, 1, 93.72, 93.72, 0.024, 0.031, -118.205, -121.399, -118.205, -121.399, 6.931, 7.377, 13.311, , , 1, 31.591, 0, 0, 12.931, 4.025, 140.096, 0, 0, 0, 59.357, 3.524, 3.219, 89.6, 23.844, 100, 0, 0, 35.226, 35.226, 6.952, 0.847, 99.357, 0, 0, 103.583, 95.04, 0, 0, 0, 0, 0, 14.1, 0, 12.931, 0, 4.025, 140.096, 0, 0, 0, 59.357, 1.008, 0.003, 0.003, 89.6, 23.844, 100, 0, 0, 141, 35.226, 35.226, 6.952, 0.847, 0, 99.357, 0, 0, 103.583, 95.04, 0, 0, 0, 0, 
31.55, 22.052, 100.434, 63.72, 64.4, , -1.881, 0.974, 3518.57, 3518.57, 1.941, -41.516, -41.516, -41.516, 4.123, 44.663, 34.892, 35.658, 7.377, 13.303, 0, 0, -10.091, -10.365, -10.091, -10.365, 1, 93.629, 93.629, 0.024, 0.031, -149.318, -153.353, -149.318, -153.353, 6.904, 7.377, 13.303, , , 1, 31.64, 0, 0, 12.887, 4.021, 140.313, 0, 0, 0, 59.03, 3.488, 3.192, 89.6, 23.604, 100, 0, 0, 35.172, 35.172, 6.843, 0.841, 99.03, 0, 0, 103.202, 94.973, 0, 0, 0, 0, 0, 14.1, 0, 12.887, 0, 4.021, 140.313, 0, 0, 0, 59.03, 1.008, 0.003, 0.003, 89.6, 23.604, 100, 0, 0, 141, 35.172, 35.172, 6.843, 0.841, 0, 99.03, 0, 0, 103.202, 94.973, 0, 0, 0, 0, 
31.6, 22.053, 100.434, 63.72, 64.4, , -2.028, 0.974, 3525.438, 3525.438, 1.923, -45, -45, -45, 3.545, 44.397, 35.073, 35.44, 7.377, 13.287, 0, 0, -10.928, -11.224, -10.928, -11.224, 1, 93.532, 93.532, 0.024, 0.03, -190.478, -195.624, -190.478, -195.624, 6.878, 7.377, 13.287, , , 1, 31.69, 0, 0, 12.844, 4.016, 140.53, 0, 0, 0, 58.704, 3.452, 3.166, 89.6, 23.364, 100, 0, 0, 35.117, 35.117, 6.735, 0.834, 98.704, 0, 0, 102.822, 94.906, 0, 0, 0, 0, 0, 14.1, 0, 12.844, 0, 4.016, 140.53, 0, 0, 0, 58.704, 1.008, 0.003, 0.003, 89.6, 23.364, 100, 0, 0, 141, 35.117, 35.117, 6.735, 0.834, 0, 98.704, 0, 0, 102.822, 94.906, 0, 0, 0, 0, 
31.65, 22.053, 100.435, 63.72, 64.4, , -2.17, 0.974, 3532.306, 3532.306, 1.905, -48.361, -48.361, -48.361, 2.964, 44.132, 35.231, 35.24, 7.377, 13.266, 0, 0, -11.731, -12.049, -11.731, -12.049, 1, 93.426, 93.426, 0.024, 0.03, -253.386, -260.23, -253.386, -260.23, 6.873, 7.377, 13.266, , , 1, 31.74, 0, 0, 12.8, 4.012, 140.748, 0, 0, 0, 58.378, 3.417, 3.14, 89.6, 23.124, 100, 0, 0, 35.063, 35.063, 6.626, 0.828, 98.378, 0, 0, 102.441, 94.838, 0, 0, 0, 0, 0, 14.1, 0, 12.8, 0, 4.012, 140.748, 0, 0, 0, 58.378, 1.008, 0.003, 0.003, 89.6, 23.124, 100, 0, 0, 141, 35.063, 35.063, 6.626, 0.828, 0, 98.378, 0, 0, 102.441, 94.838, 0, 0, 0, 0, 
31.7, 22.054, 100.435, 63.72, 64.4, , -2.236, 0.974, 3539.173, 3539.173, 1.886, -49.945, -49.945, -49.945, 2.383, 43.866, 35.123, 35.24, 7.377, 13.238, 0, 0, -12.1, -12.429, -12.1, -12.429, 1, 93.316, 93.316, 0.024, 0.03, -360.779, -370.524, -360.779, -370.524, 6.868, 7.377, 13.238, , , 1, 31.79, 0, 0, 12.757, 4.008, 140.965, 0, 0, 0, 58.052, 3.381, 3.114, 89.6, 22.883, 100, 0, 0, 35.009, 35.009, 6.517, 0.821, 98.052, 0, 0, 102.061, 94.771, 0, 0, 0, 0, 0, 14.1, 0, 12.757, 0, 4.008, 140.965, 0, 0, 0, 58.052, 1.008, 0.003, 0.003, 89.6, 22.883, 100, 0, 0, 141, 35.009, 35.009, 6.517, 0.821, 0, 98.052, 0, 0, 102.061, 94.771, 0, 0, 0, 0, 
31.75, 22.055, 100.436, 63.72, 64.4, , -2.274, 0.974, 3546.041, 3546.041, 1.868, -50.838, -50.838, -50.838, 1.799, 43.601, 35.014, 35.24, 7.377, 13.21, 0, 0, -12.301, -12.636, -12.301, -12.636, 1, 93.204, 93.204, 0.024, 0.03, -620.163, -636.917, -620.163, -636.917, 6.862, 7.377, 13.21, , , 1, 31.841, 0, 0, 12.723, 4.004, 141.183, 0, 0, 0, 57.817, 3.345, 3.095, 89.6, 22.609, 100, 0, 0, 35, 35, 6.317, 0.815, 97.726, 0, 0, 101.726, 94.647, 0, 0, 0, 0, 0, 14.1, 0, 12.723, 0, 4.004, 141.183, 0, 0, 0, 57.817, 1.008, 0.003, 0.003, 89.6, 22.609, 100, 0, 0, 141, 35, 35, 6.317, 0.815, 0, 97.726, 0, 0, 101.726, 94.647, 0, 0, 0, 0, 
31.8, 22.056, 100.436, 63.72, 64.4, , -2.306, 0.974, 3552.909, 3552.909, 1.85, -51.613, -51.613, -51.613, 1.691, 43.336, 34.906, 35.24, 7.377, 13.187, 0, 0, -12.474, -12.813, -12.474, -12.813, 1, 93.089, 93.089, 0.024, 0.03, -704.754, -723.794, -704.754, -723.794, 6.857, 7.377, 13.187, , , 1, 31.891, 0, 0, 12.69, 3.999, 141.4, 0, 0, 0, 57.6, 3.309, 3.078, 89.6, 22.329, 100, 0, 0, 35, 35, 6.1, 0.808, 97.4, 0, 0, 101.4, 94.512, 0, 0, 0, 0, 0, 14.1, 0, 12.69, 0, 3.999, 141.4, 0, 0, 0, 57.6, 1.008, 0.003, 0.003, 89.6, 22.329, 100, 0, 0, 141, 35, 35, 6.1, 0.808, 0, 97.4, 0, 0, 101.4, 94.512, 0, 0, 0, 0, 
31.85, 22.056, 100.436, 63.72, 64.4, , -2.294, 0.974, 3559.776, 3559.776, 1.831, -51.328, -51.328, -51.328, 3.382, 43.07, 34.798, 35.24, 7.377, 13.166, 0, 0, -12.391, -12.726, -12.391, -12.726, 1, 92.973, 92.973, 0.024, 0.03, -668.273, -686.326, -668.273, -686.326, 6.869, 7.377, 13.166, , , 1, 31.941, 0, 0, 12.657, 3.994, 141.617, 0, 0, 0, 57.383, 3.273, 3.061, 89.6, 22.049, 100, 0, 0, 35, 35, 5.883, 0.801, 97.074, 0, 0, 101.074, 94.377, 0, 0, 0, 0, 0, 14.1, 0, 12.657, 0, 3.994, 141.617, 0, 0, 0, 57.383, 1.008, 0.003, 0.003, 89.6, 22.049, 100, 0, 0, 141, 35, 35, 5.883, 0.801, 0, 97.074, 0, 0, 101.074, 94.377, 0, 0, 0, 0, 
31.9, 22.057, 100.437, 63.72, 64.4, , -2.262, 0.974, 3566.094, 3566.094, 1.813, -50.575, -50.575, -50.575, 5.187, 42.805, 34.718, 35.244, 7.377, 13.155, 0, 0, -12.196, -12.525, -12.196, -12.525, 1, 92.885, 92.885, 0.024, 0.03, -622.236, -639.047, -622.236, -639.047, 6.888, 7.377, 13.155, , , 1, 31.991, 0, 0, 12.625, 3.99, 141.835, 0, 0, 0, 57.165, 3.237, 3.043, 89.6, 21.768, 100, 0, 0, 35, 35, 5.665, 0.795, 96.748, 0, 0, 100.748, 94.242, 0, 0, 0, 0, 0, 14.1, 0, 12.625, 0, 3.99, 141.835, 0, 0, 0, 57.165, 1.008, 0.003, 0.003, 89.6, 21.768, 100, 0, 0, 141, 35, 35, 5.665, 0.795, 0, 96.748, 0, 0, 100.748, 94.242, 0, 0, 0, 0, 
31.95, 22.058, 100.437, 63.72, 64.4, , -2.244, 0.974, 3572.683, 3572.683, 1.795, -50.136, -50.136, -50.136, 11.723, 42.539, 34.898, 35.28, 7.377, 13.149, 0, 0, -12.075, -12.401, -12.075, -12.401, 1, 92.745, 92.745, 0.024, 0.03, -527.586, -541.84, -527.586, -541.84, 6.907, 7.377, 13.149, , , 1, 32.04, 0, 0, 12.6, 3.985, 142, 0, 0, 0, 57, 3.207, 3.028, 89.6, 21.546, 100, 0, 0, 35, 35, 5.475, 0.789, 96.475, 0, 0, 100.475, 94.124, 0, 0, 0, 0, 0, 14.1, 0, 12.6, 0, 3.985, 142, 0, 0, 0, 57, 1.008, 0.003, 0.003, 89.6, 21.546, 100, 0, 0, 141, 35, 35, 5.475, 0.789, 0, 96.475, 0, 0, 100.475, 94.124, 0, 0, 0, 0, 
32, 22.059, 100.438, 63.72, 64.4, , -2.244, 0.974, 3577.907, 3577.907, 1.776, -50.158, -50.158, -50.158, 15.767, 42.274, 35.078, 35.316, 7.377, 13.155, 0, 0, -12.068, -12.395, -12.068, -12.395, 1, 92.656, 92.656, 0.024, 0.03, -366.138, -376.031, -366.138, -376.031, 6.925, 7.377, 13.155, , , 1, 32.09, 0, 0, 12.6, 3.983, 142, 0, 0, 0, 57, 3.195, 3.022, 89.6, 21.507, 100, 0, 0, 35, 35, 5.371, 0.787, 96.371, 0, 0, 100.371, 94.06, 0, 0, 0, 0, 0, 14.1, 0, 12.6, 0, 3.983, 142, 0, 0, 0, 57, 1.008, 0.003, 0.003, 89.6, 21.507, 100, 0, 0, 141, 35, 35, 5.371, 0.787, 0, 96.371, 0, 0, 100.371, 94.06, 0, 0, 0, 0, 
32.05, 22.059, 100.438, 63.72, 64.4, , -2.339, 0.974, 3584.692, 3584.692, 2.026, -52.403, -52.403, -52.403, 21.33, 41.567, 35.258, 35.352, 7.377, 13.158, 0, 0, -12.592, -12.932, -12.592, -12.932, 1, 92.555, 92.555, 0.024, 0.03, -69.142, -71.01, -69.142, -71.01, 6.963, 7.377, 13.158, , , 1, 32.14, 0, 0, 12.6, 3.981, 142, 0, 0, 0, 57, 3.182, 3.016, 89.6, 21.469, 100, 0, 0, 35, 35, 5.267, 0.785, 96.267, 0, 0, 100.267, 93.995, 0, 0, 0, 0, 0, 14.1, 0, 12.6, 0, 3.981, 142, 0, 0, 0, 57, 1.008, 0.003, 0.003, 89.6, 21.469, 100, 0, 0, 141, 35, 35, 5.267, 0.785, 0, 96.267, 0, 0, 100.267, 93.995, 0, 0, 0, 0, 
32.1, 22.06, 100.438, 63.72, 64.4, , -2.454, 0.974, 3591.505, 3591.505, 2.503, -55.133, -55.133, -55.133, 27.987, 40.485, 35.438, 35.388, 7.377, 13.15, 0, 0, -13.23, -13.589, -13.23, -13.589, 1, 92.436, 92.436, 0.024, 0.03, -28.255, -29.016, -28.255, -29.016, 7.009, 7.377, 13.15, , , 1, 32.191, 0, 0, 12.6, 3.979, 142, 0, 0, 0, 57, 3.17, 3.01, 89.6, 21.43, 100, 0, 0, 35, 35, 5.162, 0.783, 96.162, 0, 0, 100.162, 93.931, 0, 0, 0, 0, 0, 14.1, 0, 12.6, 0, 3.979, 142, 0, 0, 0, 57, 1.008, 0.003, 0.003, 89.6, 21.43, 100, 0, 0, 141, 35, 35, 5.162, 0.783, 0, 96.162, 0, 0, 100.162, 93.931, 0, 0, 0, 0, 
32.15, 22.061, 100.439, 63.72, 64.4, , -2.479, 0.974, 3598.302, 3598.302, 2.98, -55.74, -55.74, -55.74, 33.436, 39.403, 35.597, 35.436, 7.377, 13.138, 0, 0, -13.36, -13.723, -13.36, -13.723, 1, 92.313, 92.313, 0.024, 0.03, -23.726, -24.364, -23.726, -24.364, 7.055, 7.377, 13.138, , , 1, 32.24, 0, 0, 12.6, 3.977, 142, 0, 0, 0, 57, 3.157, 3.003, 89.6, 21.392, 100, 0, 0, 35, 35, 5.058, 0.781, 96.058, 0, 0, 100.058, 93.866, 0, 0, 0, 0, 0, 14.1, 0, 12.6, 0, 3.977, 142, 0, 0, 0, 57, 1.008, 0.003, 0.003, 89.6, 21.392, 100, 0, 0, 141, 35, 35, 5.058, 0.781, 0, 96.058, 0, 0, 100.058, 93.866, 0, 0, 0, 0, 
32.2, 22.062, 100.439, 63.72, 64.4, , -2.486, 0.974, 3605.103, 3605.103, 3.231, -55.907, -55.907, -55.907, 36.659, 43.621, 35.562, 35.591, 7.377, 13.113, 0, 0, -13.383, -13.745, -13.383, -13.745, 1, 92.188, 92.188, 0.024, 0.03, -21.628, -22.208, -21.628, -22.208, 7.101, 7.377, 13.113, , , 1, 32.29, 0, 0, 12.6, 3.972, 142, 0, 0, 0, 57, 3.154, 2.998, 89.6, 21.37, 100, 0, 0, 34.956, 34.956, 5, 0.78, 95.978, 0, 0, 99.956, 93.748, 0, 0, 0, 0, 0, 14.1, 0, 12.6, 0, 3.972, 142, 0, 0, 0, 57, 1.008, 0.003, 0.003, 89.6, 21.37, 100, 0, 0, 141, 34.956, 34.956, 5, 0.78, 0, 95.978, 0, 0, 99.956, 93.748, 0, 0, 0, 0, 
32.25, 22.062, 100.439, 63.72, 64.4, , -2.458, 0.974, 3611.833, 3611.833, 3.493, -55.239, -55.239, -55.239, 39.231, 52.838, 35.528, 35.746, 7.377, 13.085, 0, 0, -13.206, -13.563, -13.206, -13.563, 1, 92.064, 92.064, 0.024, 0.03, -19.726, -20.256, -19.726, -20.256, 7.143, 7.377, 13.085, , , 1, 32.341, 0, 0, 12.6, 3.963, 142, 0, 0, 0, 57, 3.164, 2.993, 89.6, 21.37, 100, 0, 0, 34.856, 34.856, 5, 0.78, 95.928, 0, 0, 99.856, 93.561, 0, 0, 0, 0, 0, 14.1, 0, 12.6, 0, 3.963, 142, 0, 0, 0, 57, 1.008, 0.003, 0.003, 89.6, 21.37, 100, 0, 0, 141, 34.856, 34.856, 5, 0.78, 0, 95.928, 0, 0, 99.856, 93.561, 0, 0, 0, 0, 
32.3, 22.063, 100.44, 63.72, 64.4, , -2.353, 0.974, 3618.583, 3618.583, 3.837, -52.752, -52.752, -52.752, 40.678, 59.683, 35.493, 35.901, 7.377, 13.049, 0, 0, -12.596, -12.934, -12.596, -12.934, 1, 91.944, 91.944, 0.024, 0.03, -17.764, -18.242, -17.764, -18.242, 7.183, 7.377, 13.049, , , 1, 32.39, 0, 0, 12.6, 3.954, 142, 0, 0, 0, 57, 3.174, 2.988, 89.6, 21.37, 100, 0, 0, 34.756, 34.756, 5, 0.78, 95.878, 0, 0, 99.756, 93.374, 0, 0, 0, 0, 0, 14.1, 0, 12.6, 0, 3.954, 142, 0, 0, 0, 57, 1.008, 0.003, 0.003, 89.6, 21.37, 100, 0, 0, 141, 34.756, 34.756, 5, 0.78, 0, 95.878, 0, 0, 99.756, 93.374, 0, 0, 0, 0, 
32.35, 22.064, 100.44, 63.72, 64.4, , -2.352, 0.974, 3625.388, 3625.388, 3.933, -52.737, -52.737, -52.737, 40.151, 60.653, 35.459, 36.056, 7.377, 13.018, 0, 0, -12.574, -12.912, -12.574, -12.912, 1, 91.826, 91.826, 0.024, 0.03, -17.991, -18.476, -17.991, -18.476, 7.222, 7.377, 13.018, , , 1, 32.44, 0, 0, 12.6, 3.945, 142, 0, 0, 0, 57, 3.184, 2.983, 89.6, 21.37, 100, 0, 0, 34.656, 34.656, 5, 0.78, 95.828, 0, 0, 99.656, 93.187, 0, 0, 0, 0, 0, 14.1, 0, 12.6, 0, 3.945, 142, 0, 0, 0, 57, 1.008, 0.003, 0.003, 89.6, 21.37, 100, 0, 0, 141, 34.656, 34.656, 5, 0.78, 0, 95.828, 0, 0, 99.656, 93.187, 0, 0, 0, 0, 
32.4, 22.065, 100.44, 63.72, 64.4, , -2.381, 0.974, 3632.059, 3632.059, 3.815, -53.433, -53.433, -53.433, 38.925, 61.299, 35.424, 36.211, 7.377, 13.006, 0, 0, -12.724, -13.067, -12.724, -13.067, 1, 91.706, 91.706, 0.024, 0.03, -18.76, -19.267, -18.76, -19.267, 7.261, 7.377, 13.006, , , 1, 32.491, 0, 0, 12.6, 3.936, 142, 0, 0, 0, 57, 3.194, 2.978, 89.6, 21.37, 100, 0, 0, 34.556, 34.556, 5, 0.78, 95.778, 0, 0, 99.556, 93, 0, 0, 0, 0, 0, 14.1, 0, 12.6, 0, 3.936, 142, 0, 0, 0, 57, 1.008, 0.003, 0.003, 89.6, 21.37, 100, 0, 0, 141, 34.556, 34.556, 5, 0.78, 0, 95.778, 0, 0, 99.556, 93, 0, 0, 0, 0, 
32.45, 22.065, 100.44, 63.72, 64.4, , -2.307, 0.974, 3638.864, 3638.864, 3.698, -51.673, -51.673, -51.673, 37.698, 61.946, 35.42, 36.048, 7.377, 12.999, 0, 0, -12.29, -12.621, -12.29, -12.621, 1, 91.589, 91.589, 0.024, 0.03, -18.694, -19.202, -18.694, -19.202, 7.292, 7.377, 12.999, , , 1, 32.541, 0, 0, 12.6, 3.93, 142, 0, 0, 0, 57, 3.198, 2.974, 89.6, 21.37, 100, 0, 0, 34.5, 34.5, 5, 0.78, 95.726, 0, 0, 99.5, 92.865, 0, 0, 0, 0, 0, 14.1, 0, 12.6, 0, 3.93, 142, 0, 0, 0, 57, 1.008, 0.003, 0.003, 89.6, 21.37, 100, 0, 0, 141, 34.5, 34.5, 5, 0.78, 0, 95.726, 0, 0, 99.5, 92.865, 0, 0, 0, 0, 
32.5, 22.066, 100.44, 63.72, 64.4, , -2.236, 0.974, 3645.535, 3645.535, 3.58, -49.988, -49.988, -49.988, 36.445, 62.592, 35.42, 35.841, 7.377, 13.021, 0, 0, -11.875, -12.195, -11.875, -12.195, 1, 91.475, 91.475, 0.024, 0.031, -18.67, -19.176, -18.67, -19.176, 7.292, 7.377, 13.021, , , 1, 32.591, 0, 0, 12.6, 3.928, 142, 0, 0, 0, 57, 3.194, 2.97, 89.6, 21.37, 100, 0, 0, 34.5, 34.5, 5, 0.78, 95.672, 0, 0, 99.5, 92.797, 0, 0, 0, 0, 0, 14.1, 0, 12.6, 0, 3.928, 142, 0, 0, 0, 57, 1.008, 0.003, 0.003, 89.6, 21.37, 100, 0, 0, 141, 34.5, 34.5, 5, 0.78, 0, 95.672, 0, 0, 99.5, 92.797, 0, 0, 0, 0, 
32.55, 22.067, 100.44, 63.72, 64.4, , -2.226, 0.974, 3652.215, 3652.215, 3.463, -49.763, -49.763, -49.763, 35.208, 63.238, 35.42, 35.634, 7.377, 13.043, 0, 0, -11.806, -12.125, -11.806, -12.125, 1, 91.364, 91.364, 0.024, 0.031, -19.249, -19.77, -19.249, -19.77, 7.291, 7.377, 13.043, , , 1, 32.641, 0, 0, 12.6, 3.926, 142, 0, 0, 0, 57, 3.189, 2.967, 89.6, 21.37, 100, 0, 0, 34.5, 34.5, 5, 0.78, 95.619, 0, 0, 99.5, 92.729, 0, 0, 0, 0, 0, 14.1, 0, 12.6, 0, 3.926, 142, 0, 0, 0, 57, 1.008, 0.003, 0.003, 89.6, 21.37, 100, 0, 0, 141, 34.5, 34.5, 5, 0.78, 0, 95.619, 0, 0, 99.5, 92.729, 0, 0, 0, 0, 
32.6, 22.068, 100.44, 63.72, 64.4, , -2.179, 0.974, 3659.012, 3659.012, 3.345, -48.658, -48.658, -48.658, 33.969, 63.885, 35.42, 35.426, 7.377, 13.07, 0, 0, -11.528, -11.84, -11.528, -11.84, 1, 91.256, 91.256, 0.024, 0.031, -19.641, -20.174, -19.641, -20.174, 7.291, 7.377, 13.07, , , 1, 32.69, 0, 0, 12.6, 3.924, 142, 0, 0, 0, 57, 3.185, 2.964, 89.6, 21.37, 100, 0, 0, 34.5, 34.5, 5, 0.78, 95.565, 0, 0, 99.5, 92.661, 0, 0, 0, 0, 0, 14.1, 0, 12.6, 0, 3.924, 142, 0, 0, 0, 57, 1.008, 0.003, 0.003, 89.6, 21.37, 100, 0, 0, 141, 34.5, 34.5, 5, 0.78, 0, 95.565, 0, 0, 99.5, 92.661, 0, 0, 0, 0, 
32.65, 22.069, 100.44, 63.72, 64.4, , -2.244, 0.974, 3665.683, 3665.683, 3.227, -50.202, -50.202, -50.202, 32.714, 64.531, 35.402, 35.258, 7.377, 13.093, 0, 0, -11.878, -12.199, -11.878, -12.199, 1, 91.145, 91.145, 0.024, 0.031, -21.121, -21.693, -21.121, -21.693, 7.29, 7.377, 13.093, , , 1, 32.74, 0, 0, 12.6, 3.922, 142, 0, 0, 0, 57, 3.181, 2.961, 89.6, 21.37, 100, 0, 0, 34.5, 34.5, 5, 0.78, 95.511, 0, 0, 99.5, 92.594, 0, 0, 0, 0, 0, 14.1, 0, 12.6, 0, 3.922, 142, 0, 0, 0, 57, 1.008, 0.003, 0.003, 89.6, 21.37, 100, 0, 0, 141, 34.5, 34.5, 5, 0.78, 0, 95.511, 0, 0, 99.5, 92.594, 0, 0, 0, 0, 
32.7, 22.069, 100.44, 63.72, 64.4, , -2.28, 0.974, 3672.355, 3672.355, 3.11, -51.062, -51.062, -51.062, 31.452, 65.177, 35.222, 35.438, 7.377, 13.089, 0, 0, -12.068, -12.394, -12.068, -12.394, 1, 91.031, 91.031, 0.024, 0.031, -22.259, -22.862, -22.259, -22.862, 7.276, 7.377, 13.089, , , 1, 32.79, 0, 0, 12.6, 3.919, 142, 0, 0, 0, 57, 3.178, 2.97, 89.6, 21.37, 100, 0, 0, 34.42, 34.42, 5, 0.78, 95.5, 0, 0, 99.5, 92.48, 0, 0, 0, 0, 0, 14.1, 0, 12.6, 0, 3.919, 142, 0, 0, 0, 57, 1.008, 0.003, 0.003, 89.6, 21.37, 100, 0, 0, 141, 34.42, 34.42, 5, 0.78, 0, 95.5, 0, 0, 99.5, 92.48, 0, 0, 0, 0, 
32.75, 22.07, 100.44, 63.72, 64.4, , -2.269, 0.974, 3679.026, 3679.026, 2.992, -50.807, -50.807, -50.807, 30.197, 65.824, 35.042, 35.618, 7.377, 13.084, 0, 0, -11.995, -12.32, -11.995, -12.32, 1, 90.916, 90.916, 0.024, 0.031, -22.948, -23.57, -22.948, -23.57, 7.262, 7.377, 13.084, , , 1, 32.841, 0, 0, 12.6, 3.915, 142, 0, 0, 0, 57, 3.176, 2.982, 89.6, 21.37, 100, 0, 0, 34.319, 34.319, 5, 0.78, 95.5, 0, 0, 99.5, 92.356, 0, 0, 0, 0, 0, 14.1, 0, 12.6, 0, 3.915, 142, 0, 0, 0, 57, 1.008, 0.003, 0.003, 89.6, 21.37, 100, 0, 0, 141, 34.319, 34.319, 5, 0.78, 0, 95.5, 0, 0, 99.5, 92.356, 0, 0, 0, 0, 
32.8, 22.071, 100.44, 63.72, 64.4, , -2.23, 0.974, 3685.697, 3685.697, 2.875, -49.867, -49.867, -49.867, 28.935, 66.47, 34.862, 35.798, 7.378, 13.056, 0, 0, -11.76, -12.079, -11.76, -12.079, 1, 90.803, 90.803, 0.024, 0.031, -23.458, -24.095, -23.458, -24.095, 7.248, 7.378, 13.056, , , 1, 32.89, 0, 0, 12.6, 3.911, 142, 0, 0, 0, 57, 3.174, 2.994, 89.6, 21.37, 100, 0, 0, 34.219, 34.219, 5, 0.78, 95.5, 0, 0, 99.5, 92.231, 0, 0, 0, 0, 0, 14.1, 0, 12.6, 0, 3.911, 142, 0, 0, 0, 57, 1.008, 0.003, 0.003, 89.6, 21.37, 100, 0, 0, 141, 34.219, 34.219, 5, 0.78, 0, 95.5, 0, 0, 99.5, 92.231, 0, 0, 0, 0, 
32.85, 22.072, 100.44, 63.72, 64.4, , -2.241, 0.974, 3692.369, 3692.369, 2.757, -50.133, -50.133, -50.133, 27.669, 67.116, 34.682, 35.978, 7.378, 13.029, 0, 0, -11.806, -12.126, -11.806, -12.126, 1, 90.691, 90.691, 0.024, 0.03, -24.804, -25.478, -24.804, -25.478, 7.234, 7.378, 13.029, , , 1, 32.94, 0, 0, 12.6, 3.907, 142, 0, 0, 0, 57, 3.172, 3.006, 89.6, 21.37, 100, 0, 0, 34.118, 34.118, 5, 0.78, 95.5, 0, 0, 99.5, 92.107, 0, 0, 0, 0, 0, 14.1, 0, 12.6, 0, 3.907, 142, 0, 0, 0, 57, 1.008, 0.003, 0.003, 89.6, 21.37, 100, 0, 0, 141, 34.118, 34.118, 5, 0.78, 0, 95.5, 0, 0, 99.5, 92.107, 0, 0, 0, 0, 
32.9, 22.073, 100.44, 63.72, 64.4, , -2.201, 0.974, 3699.04, 3699.04, 2.64, -49.208, -49.208, -49.208, 26.401, 67.763, 34.542, 36.14, 7.379, 13.004, 0, 0, -11.573, -11.885, -11.573, -11.885, 1, 90.577, 90.577, 0.024, 0.03, -25.647, -26.344, -25.647, -26.344, 7.222, 7.379, 13.004, , , 1, 32.991, 0, 0, 12.6, 3.903, 142, 0, 0, 0, 57, 3.17, 3.018, 89.6, 21.37, 100, 0, 0, 34.018, 34.018, 5, 0.78, 95.5, 0, 0, 99.5, 91.982, 0, 0, 0, 0, 0, 14.1, 0, 12.6, 0, 3.903, 142, 0, 0, 0, 57, 1.008, 0.003, 0.003, 89.6, 21.37, 100, 0, 0, 141, 34.018, 34.018, 5, 0.78, 0, 95.5, 0, 0, 99.5, 91.982, 0, 0, 0, 0, 
32.95, 22.075, 100.44, 63.72, 64.4, , -2.173, 0.974, 3705.712, 3705.712, 2.522, -48.533, -48.533, -48.533, 25.127, 68.409, 34.758, 36.14, 7.379, 12.98, 0, 0, -11.401, -11.709, -11.401, -11.709, 1, 90.466, 90.466, 0.024, 0.03, -26.501, -27.221, -26.501, -27.221, 7.21, 7.379, 12.98, , , 1, 33.04, 0, 0, 12.616, 3.898, 142, 0, 0, 0, 57, 3.175, 3.015, 89.6, 21.37, 100, 0, 0, 34, 34, 5, 0.78, 95.5, 0, 0, 99.5, 91.862, 0, 0, 0, 0, 0, 14.1, 0, 12.616, 0, 3.898, 142, 0, 0, 0, 57, 1.008, 0.003, 0.003, 89.6, 21.37, 100, 0, 0, 141, 34, 34, 5, 0.78, 0, 95.5, 0, 0, 99.5, 91.862, 0, 0, 0, 0, 
33, 22.076, 100.44, 63.72, 64.4, , -2.189, 0.974, 3712.383, 3712.383, 2.405, -48.926, -48.926, -48.926, 23.872, 69.056, 34.974, 36.14, 7.38, 12.99, 0, 0, -11.481, -11.79, -11.481, -11.79, 1, 90.358, 90.358, 0.024, 0.03, -28.041, -28.802, -28.041, -28.802, 7.198, 7.38, 12.99, , , 1, 33.09, 0, 0, 12.635, 3.894, 142, 0, 0, 0, 57, 3.181, 3.009, 89.6, 21.37, 100, 0, 0, 34, 34, 5, 0.78, 95.5, 0, 0, 99.5, 91.742, 0, 0, 0, 0, 0, 14.1, 0, 12.635, 0, 3.894, 142, 0, 0, 0, 57, 1.008, 0.003, 0.003, 89.6, 21.37, 100, 0, 0, 141, 34, 34, 5, 0.78, 0, 95.5, 0, 0, 99.5, 91.742, 0, 0, 0, 0, 
33.05, 22.077, 100.44, 63.72, 64.4, , -2.158, 0.974, 3719.006, 3719.006, 2.287, -48.181, -48.181, -48.181, 22.59, 69.702, 35.19, 36.14, 7.38, 13, 0, 0, -11.293, -11.597, -11.293, -11.597, 1, 90.248, 90.248, 0.024, 0.03, -29.048, -29.836, -29.048, -29.836, 7.187, 7.38, 13, , , 1, 33.14, 0, 0, 12.654, 3.889, 142, 0, 0, 0, 57, 3.186, 3.004, 89.6, 21.37, 100, 0, 0, 34, 34, 5, 0.78, 95.5, 0, 0, 99.5, 91.622, 0, 0, 0, 0, 0, 14.1, 0, 12.654, 0, 3.889, 142, 0, 0, 0, 57, 1.008, 0.003, 0.003, 89.6, 21.37, 100, 0, 0, 141, 34, 34, 5, 0.78, 0, 95.5, 0, 0, 99.5, 91.622, 0, 0, 0, 0, 
33.1, 22.078, 100.44, 63.72, 64.4, , -1.994, 0.974, 3725.593, 3725.593, 2.17, -44.298, -44.298, -44.298, 21.3, 70.348, 35.406, 36.14, 7.38, 13.011, 0, 0, -10.371, -10.651, -10.371, -10.651, 1, 90.143, 90.143, 0.024, 0.03, -28.324, -29.091, -28.324, -29.091, 7.183, 7.38, 13.011, , , 1, 33.191, 0, 0, 12.674, 3.885, 142, 0, 0, 0, 57, 3.192, 2.998, 89.6, 21.37, 100, 0, 0, 34, 34, 5, 0.78, 95.5, 0, 0, 99.5, 91.503, 0, 0, 0, 0, 0, 14.1, 0, 12.674, 0, 3.885, 142, 0, 0, 0, 57, 1.008, 0.003, 0.003, 89.6, 21.37, 100, 0, 0, 141, 34, 34, 5, 0.78, 0, 95.5, 0, 0, 99.5, 91.503, 0, 0, 0, 0, 
33.15, 22.079, 100.44, 63.72, 64.4, , -1.878, 0.974, 3732.264, 3732.264, 2.052, -41.556, -41.556, -41.556, 20.019, 70.995, 35.582, 36.129, 7.379, 13.022, 0, 0, -9.717, -9.981, -9.717, -9.981, 1, 90.049, 90.049, 0.024, 0.03, -28.392, -29.159, -28.392, -29.159, 7.18, 7.379, 13.022, , , 1, 33.24, 0, 0, 12.693, 3.881, 142, 0, 0, 0, 57, 3.198, 2.992, 89.6, 21.37, 100, 0, 0, 34, 34, 5, 0.78, 95.5, 0, 0, 99.5, 91.383, 0, 0, 0, 0, 0, 14.1, 0, 12.693, 0, 3.881, 142, 0, 0, 0, 57, 1.008, 0.003, 0.003, 89.6, 21.37, 100, 0, 0, 141, 34, 34, 5, 0.78, 0, 95.5, 0, 0, 99.5, 91.383, 0, 0, 0, 0, 
33.2, 22.08, 100.44, 63.72, 64.4, , -1.897, 0.974, 3738.854, 3738.854, 1.935, -41.999, -41.999, -41.999, 18.726, 71.641, 35.402, 36.021, 7.379, 13.019, 0, 0, -9.809, -10.076, -9.809, -10.076, 1, 89.955, 89.955, 0.024, 0.03, -30.895, -31.729, -30.895, -31.729, 7.178, 7.379, 13.019, , , 1, 33.29, 0, 0, 12.719, 3.873, 142, 0, 0, 0, 56.936, 3.234, 3.023, 89.6, 21.582, 100, 0, 0, 34, 34, 5.128, 0.784, 95.724, 0, 0, 99.724, 91.3, 0, 0, 0, 0, 0, 14.1, 0, 12.719, 0, 3.873, 142, 0, 0, 0, 56.936, 1.008, 0.003, 0.003, 89.6, 21.589, 100, 0, 0, 141, 34, 34, 5.128, 0.784, 0, 95.724, 0, 0, 99.724, 91.3, 0, 0, 0, 0, 
33.25, 22.081, 100.44, 63.72, 64.4, , -1.885, 0.974, 3745.47, 3745.47, 1.817, -41.724, -41.724, -41.724, 17.434, 72.287, 35.222, 35.913, 7.378, 13.015, 0, 0, -9.733, -9.998, -9.733, -9.998, 1, 89.86, 89.86, 0.024, 0.03, -33.156, -34.051, -33.156, -34.051, 7.176, 7.378, 13.015, , , 1, 33.341, 0, 0, 12.749, 3.865, 142, 0, 0, 0, 56.836, 3.287, 3.074, 89.6, 21.914, 100, 0, 0, 34, 34, 5.328, 0.79, 96.074, 0, 0, 100.074, 91.238, 0, 0, 0, 0, 0, 14.1, 0, 12.749, 0, 3.865, 142, 0, 0, 0, 56.836, 1.008, 0.003, 0.003, 89.6, 21.921, 100, 0, 0, 141, 34, 34, 5.328, 0.79, 0, 96.074, 0, 0, 100.074, 91.238, 0, 0, 0, 0, 
33.3, 22.083, 100.44, 63.72, 64.4, , -1.876, 0.974, 3752.011, 3752.011, 1.7, -41.526, -41.526, -41.526, 16.138, 72.934, 35.042, 35.805, 7.378, 12.982, 0, 0, -9.677, -9.941, -9.677, -9.941, 1, 89.765, 89.765, 0.024, 0.03, -35.693, -36.658, -35.693, -36.658, 7.174, 7.378, 12.982, , , 1, 33.391, 0, 0, 12.779, 3.856, 142, 0, 0, 0, 56.736, 3.34, 3.125, 89.6, 22.246, 100, 0, 0, 34, 34, 5.528, 0.796, 96.424, 0, 0, 100.424, 91.176, 0, 0, 0, 0, 0, 14.1, 0, 12.779, 0, 3.856, 142, 0, 0, 0, 56.736, 1.008, 0.003, 0.003, 89.6, 22.253, 100, 0, 0, 141, 34, 34, 5.528, 0.796, 0, 96.424, 0, 0, 100.424, 91.176, 0, 0, 0, 0, 
33.35, 22.084, 100.44, 63.72, 64.4, , -1.853, 0.974, 3758.683, 3758.683, 1.582, -40.961, -40.961, -40.961, 14.851, 73.58, 34.862, 35.697, 7.377, 12.949, 0, 0, -9.538, -9.796, -9.538, -9.796, 1, 89.672, 89.672, 0.024, 0.03, -37.983, -39.011, -37.983, -39.011, 7.173, 7.377, 12.949, , , 1, 33.441, 0, 0, 12.809, 3.847, 142, 0, 0, 0, 56.636, 3.393, 3.176, 89.6, 22.578, 100, 0, 0, 34, 34, 5.728, 0.802, 96.774, 0, 0, 100.774, 91.114, 0, 0, 0, 0, 0, 14.1, 0, 12.809, 0, 3.847, 142, 0, 0, 0, 56.636, 1.008, 0.003, 0.003, 89.6, 22.585, 100, 0, 0, 141, 34, 34, 5.728, 0.802, 0, 96.774, 0, 0, 100.774, 91.114, 0, 0, 0, 0, 
33.4, 22.085, 100.44, 63.72, 64.4, , -1.803, 0.974, 3765.221, 3765.221, 1.464, -39.794, -39.794, -39.794, 13.556, 74.226, 34.693, 35.611, 7.378, 12.908, 0, 0, -9.258, -9.507, -9.258, -9.507, 1, 89.58, 89.58, 0.024, 0.03, -40.131, -41.218, -40.131, -41.218, 7.172, 7.378, 12.908, , , 1, 33.49, 0, 0, 12.839, 3.838, 142, 0, 0, 0, 56.536, 3.446, 3.227, 89.6, 22.91, 100, 0, 0, 34, 34, 5.928, 0.808, 97.124, 0, 0, 101.124, 91.052, 0, 0, 0, 0, 0, 14.1, 0, 12.839, 0, 3.838, 142, 0, 0, 0, 56.536, 1.008, 0.003, 0.003, 89.6, 22.917, 100, 0, 0, 141, 34, 34, 5.928, 0.808, 0, 97.124, 0, 0, 101.124, 91.052, 0, 0, 0, 0, 
33.45, 22.086, 100.44, 63.72, 64.4, , -1.761, 0.974, 3771.803, 3771.803, 1.347, -38.805, -38.805, -38.805, 12.247, 74.873, 34.621, 35.718, 7.378, 12.866, 0, 0, -9.018, -9.26, -9.018, -9.26, 1, 89.49, 89.49, 0.024, 0.03, -44.043, -45.234, -44.043, -45.234, 7.17, 7.378, 12.866, , , 1, 33.54, 0, 0, 12.857, 3.832, 142, 0, 0, 0, 56.567, 3.474, 3.258, 89.6, 23.103, 100, 0, 0, 34, 34, 6, 0.811, 97.35, 0, 0, 101.35, 90.989, 0, 0, 0, 0, 0, 14.1, 0, 12.857, 0, 3.832, 142, 0, 0, 0, 56.567, 1.008, 0.004, 0.003, 89.6, 23.106, 100, 0, 0, 141, 34, 34, 6, 0.811, 0, 97.35, 0, 0, 101.35, 90.989, 0, 0, 0, 0, 
33.5, 22.087, 100.44, 63.72, 64.4, , -1.686, 0.974, 3778.419, 3778.419, 1.229, -37.009, -37.009, -37.009, 10.944, 75.519, 34.549, 35.826, 7.379, 12.819, 0, 0, -8.593, -8.823, -8.593, -8.823, 1, 89.404, 89.404, 0.024, 0.03, -47.427, -48.71, -47.427, -48.71, 7.172, 7.379, 12.819, , , 1, 33.59, 0, 0, 12.867, 3.829, 142, 0, 0, 0, 56.671, 3.487, 3.277, 89.6, 23.218, 100, 0, 0, 34, 34, 6, 0.813, 97.506, 0, 0, 101.506, 90.924, 0, 0, 0, 0, 0, 14.1, 0, 12.867, 0, 3.829, 142, 0, 0, 0, 56.671, 1.008, 0.004, 0.003, 89.6, 23.22, 100, 0, 0, 141, 34, 34, 6, 0.813, 0, 97.506, 0, 0, 101.506, 90.924, 0, 0, 0, 0, 
33.55, 22.088, 100.44, 63.72, 64.4, , -1.556, 0.974, 3784.905, 3784.905, 1.112, -33.937, -33.937, -33.937, 9.639, 76.165, 34.478, 35.933, 7.379, 12.771, 0, 0, -7.872, -8.084, -7.872, -8.084, 1, 89.324, 89.324, 0.024, 0.03, -49.22, -50.551, -49.22, -50.551, 7.18, 7.379, 12.771, , , 1, 33.641, 0, 0, 12.877, 3.825, 142, 0, 0, 0, 56.775, 3.501, 3.297, 89.6, 23.332, 100, 0, 0, 34, 34, 6, 0.815, 97.662, 0, 0, 101.662, 90.86, 0, 0, 0, 0, 0, 14.1, 0, 12.877, 0, 3.825, 142, 0, 0, 0, 56.775, 1.008, 0.004, 0.003, 89.6, 23.335, 100, 0, 0, 141, 34, 34, 6, 0.815, 0, 97.662, 0, 0, 101.662, 90.86, 0, 0, 0, 0, 
33.6, 22.089, 100.44, 63.72, 64.4, , -1.504, 0.974, 3791.506, 3791.506, 0.994, -32.712, -32.712, -32.712, 8.315, 76.812, 34.406, 36.041, 7.38, 12.714, 0, 0, -7.58, -7.786, -7.58, -7.786, 1, 89.247, 89.247, 0.024, 0.03, -55.293, -56.787, -55.293, -56.787, 7.187, 7.38, 12.714, , , 1, 33.69, 0, 0, 12.888, 3.821, 142, 0, 0, 0, 56.879, 3.514, 3.317, 89.6, 23.447, 100, 0, 0, 34, 34, 6, 0.818, 97.819, 0, 0, 101.819, 90.795, 0, 0, 0, 0, 0, 14.1, 0, 12.888, 0, 3.821, 142, 0, 0, 0, 56.879, 1.008, 0.004, 0.003, 89.6, 23.449, 100, 0, 0, 141, 34, 34, 6, 0.818, 0, 97.819, 0, 0, 101.819, 90.795, 0, 0, 0, 0, 
33.65, 22.091, 100.44, 63.72, 64.4, , -1.581, 0.974, 3798.007, 3798.007, 0.877, -34.544, -34.544, -34.544, 7.014, 77.458, 34.36, 36.157, 7.38, 12.656, 0, 0, -7.998, -8.215, -7.998, -8.215, 1, 89.17, 89.17, 0.024, 0.03, -73.77, -75.762, -73.77, -75.762, 7.195, 7.38, 12.656, , , 1, 33.741, 0, 0, 12.898, 3.817, 142, 0, 0, 0, 56.983, 3.528, 3.337, 89.6, 23.562, 100, 0, 0, 34, 34, 6, 0.82, 97.975, 0, 0, 101.975, 90.73, 0, 0, 0, 0, 0, 14.1, 0, 12.898, 0, 3.817, 142, 0, 0, 0, 56.983, 1.008, 0.004, 0.003, 89.6, 23.564, 100, 0, 0, 141, 34, 34, 6, 0.82, 0, 97.975, 0, 0, 101.975, 90.73, 0, 0, 0, 0, 
33.7, 22.092, 100.44, 63.72, 64.4, , -1.543, 0.974, 3804.582, 3804.582, 0.759, -33.649, -33.649, -33.649, 5.684, 78.105, 34.613, 36.374, 7.38, 12.59, 0, 0, -7.782, -7.994, -7.782, -7.994, 1, 89.089, 89.089, 0.024, 0.03, -94.918, -97.481, -94.918, -97.481, 7.203, 7.38, 12.59, , , 1, 33.791, 0.002, 0, 12.935, 3.814, 142, 0, 0, 0, 57.173, 3.561, 3.35, 89.6, 23.772, 100, 0, 0, 34, 34, 6.173, 0.823, 98.173, 0, 0, 102.173, 90.613, 0, 0, 0.002, 0, 0, 14.1, 0, 12.935, 0, 3.814, 142, 0, 0, 0, 57.173, 1.008, 0.004, 0.003, 89.6, 23.776, 100, 0, 0, 141, 34, 34, 6.173, 0.823, 0, 98.173, 0, 0, 102.173, 90.613, 0, 0, 0, 0, 
33.75, 22.093, 100.44, 63.72, 64.4, , -1.471, 0.974, 3811.109, 3811.109, 0.642, -31.924, -31.924, -31.924, 4.373, 78.751, 34.866, 36.591, 7.379, 12.523, 0, 0, -7.377, -7.578, -7.377, -7.578, 1, 89.013, 89.013, 0.024, 0.03, -127.738, -131.188, -127.738, -131.188, 7.185, 7.379, 12.523, , , 1, 33.842, 0.004, 0, 12.976, 3.812, 142, 0, 0, 0, 57.379, 3.598, 3.363, 89.6, 24, 100, 0, 0, 34, 34, 6.379, 0.828, 98.379, 0, 0, 102.379, 90.485, 0, 0, 0.004, 0, 0, 14.1, 0, 12.976, 0, 3.812, 142, 0, 0, 0, 57.379, 1.008, 0.004, 0.003, 89.6, 24.005, 100, 0, 0, 141, 34, 34, 6.379, 0.828, 0, 98.379, 0, 0, 102.379, 90.485, 0, 0, 0, 0, 
33.8, 22.094, 100.44, 63.72, 64.4, , -1.466, 0.974, 3817.658, 3817.658, 0.524, -31.826, -31.826, -31.826, 3.062, 79.397, 35.119, 36.808, 7.379, 12.475, 0, 0, -7.348, -7.549, -7.348, -7.549, 1, 88.94, 88.94, 0.024, 0.03, -232.908, -239.199, -232.908, -239.199, 7.166, 7.379, 12.475, , , 1, 33.891, 0.006, 0, 13.017, 3.81, 142, 0, 0, 0, 57.584, 3.635, 3.375, 89.6, 24.229, 100, 0, 0, 34, 34, 6.584, 0.832, 98.584, 0, 0, 102.584, 90.358, 0, 0, 0.006, 0, 0, 14.1, 0, 13.017, 0, 3.81, 142, 0, 0, 0, 57.584, 1.008, 0.004, 0.003, 89.6, 24.233, 100, 0, 0, 141, 34, 34, 6.584, 0.832, 0, 98.584, 0, 0, 102.584, 90.358, 0, 0, 0, 0, 
33.85, 22.095, 100.44, 63.72, 64.4, , -1.405, 0.974, 3824.211, 3824.211, 0.407, -30.362, -30.362, -30.362, 2.294, 80.044, 35.372, 37.025, 7.378, 12.43, 0, 0, -7.006, -7.197, -7.006, -7.197, 1, 88.868, 88.868, 0.024, 0.03, -283.061, -290.707, -283.061, -290.707, 7.146, 7.378, 12.43, , , 1, 33.941, 0.008, 0, 13.058, 3.808, 142, 0, 0, 0, 57.79, 3.672, 3.387, 89.6, 24.457, 100, 0, 0, 34, 34, 6.79, 0.836, 98.79, 0, 0, 102.79, 90.23, 0, 0, 0.008, 0, 0, 14.1, 0, 13.058, 0, 3.808, 142, 0, 0, 0, 57.79, 1.008, 0.004, 0.003, 89.6, 24.462, 100, 0, 0, 141, 34, 34, 6.79, 0.836, 0, 98.79, 0, 0, 102.79, 90.23, 0, 0, 0, 0, 
33.9, 22.096, 100.44, 63.72, 64.4, , -1.258, 0.974, 3830.697, 3830.697, 0.289, -26.898, -26.898, -26.898, 2.239, 80.69, 35.575, 37.206, 7.378, 12.427, 0, 0, -6.202, -6.371, -6.202, -6.371, 1, 88.802, 88.802, 0.024, 0.03, -272.81, -280.179, -272.81, -280.179, 7.127, 7.378, 12.427, , , 1, 33.991, 0.01, 0, 13.099, 3.806, 142, 0, 0, 0, 57.996, 3.709, 3.4, 89.6, 24.685, 100, 0, 0, 34, 34, 6.996, 0.84, 98.996, 0, 0, 102.996, 90.103, 0, 0, 0.01, 0, 0, 14.1, 0, 13.099, 0, 3.806, 142, 0, 0, 0, 57.996, 1.008, 0.004, 0.003, 89.6, 24.69, 100, 0, 0, 141, 34, 34, 6.996, 0.84, 0, 98.996, 0, 0, 102.996, 90.103, 0, 0, 0, 0, 
33.95, 22.097, 100.44, 63.72, 64.4, , -1.137, 0.974, 3837.183, 3837.183, 0.172, -24.012, -24.012, -24.012, 2.938, 81.336, 35.323, 37.062, 7.377, 12.432, 0, 0, -5.532, -5.684, -5.532, -5.684, 1, 88.743, 88.743, 0.024, 0.03, -249.654, -256.399, -249.654, -256.399, 7.05, 7.377, 12.432, , , 1, 34.041, 0.008, 0, 13.119, 3.807, 142, 0, 0, 0, 58, 3.714, 3.417, 89.6, 24.831, 100, 0, 0, 34, 34, 7, 0.84, 99, 0, 0, 103, 90.1, 0, 0, 0.008, 0, 0, 14.1, 0, 13.119, 0, 3.807, 142, 0, 0, 0, 58, 1.008, 0.004, 0.003, 89.6, 24.833, 100, 0, 0, 141, 34, 34, 7, 0.84, 0, 99, 0, 0, 103, 90.1, 0, 0, 0, 0, 
34, 22.099, 100.44, 63.72, 64.4, , -1.099, 0.974, 3843.677, 3843.677, 0.054, -23.128, -23.128, -23.128, 4.415, 81.983, 35.071, 36.918, 7.377, 12.481, 0, 0, -5.325, -5.471, -5.325, -5.471, 1, 88.689, 88.689, 0.024, 0.03, -213.717, -219.49, -213.717, -219.49, 6.971, 7.377, 12.481, , , 1, 34.091, 0.006, 0, 13.139, 3.808, 142, 0, 0, 0, 58, 3.718, 3.435, 89.6, 24.975, 100, 0, 0, 34, 34, 7, 0.84, 99, 0, 0, 103, 90.1, 0, 0, 0.006, 0, 0, 14.1, 0, 13.139, 0, 3.808, 142, 0, 0, 0, 58, 1.008, 0.004, 0.003, 89.6, 24.977, 100, 0, 0, 141, 34, 34, 7, 0.84, 0, 99, 0, 0, 103, 90.1, 0, 0, 0, 0, 
34.05, 22.1, 100.44, 63.72, 64.4, , -1.121, 0.974, 3850.285, 3850.285, 0.117, -23.632, -23.632, -23.632, 6.629, 81.05, 34.819, 36.774, 7.377, 12.541, 0, 0, -5.439, -5.586, -5.439, -5.586, 1, 88.634, 88.634, 0.024, 0.03, -104.131, -106.945, -104.131, -106.945, 6.891, 7.377, 12.541, , , 1, 34.14, 0.004, 0, 13.158, 3.808, 142, 0, 0, 0, 58, 3.722, 3.452, 89.6, 25.119, 100, 0, 0, 34, 34, 7, 0.84, 99, 0, 0, 103, 90.1, 0, 0, 0.004, 0, 0, 14.1, 0, 13.158, 0, 3.808, 142, 0, 0, 0, 58, 1.008, 0.004, 0.003, 89.6, 25.12, 100, 0, 0, 141, 34, 34, 7, 0.84, 0, 99, 0, 0, 103, 90.1, 0, 0, 0, 0, 
34.1, 22.1, 100.44, 63.72, 64.4, , -1.245, 0.974, 3856.771, 3856.771, 0.334, -26.585, -26.585, -26.585, 9.089, 78.773, 34.567, 36.63, 7.377, 12.612, 0, 0, -6.114, -6.279, -6.114, -6.279, 1, 88.575, 88.575, 0.024, 0.03, -46.472, -47.728, -46.472, -47.728, 6.812, 7.377, 12.612, , , 1, 34.19, 0.002, 0, 13.177, 3.809, 142, 0, 0, 0, 58, 3.725, 3.469, 89.6, 25.263, 100, 0, 0, 34, 34, 7, 0.84, 99, 0, 0, 103, 90.1, 0, 0, 0.002, 0, 0, 14.1, 0, 13.177, 0, 3.809, 142, 0, 0, 0, 58, 1.008, 0.004, 0.003, 89.6, 25.264, 100, 0, 0, 141, 34, 34, 7, 0.84, 0, 99, 0, 0, 103, 90.1, 0, 0, 0, 0, 
34.15, 22.1, 100.44, 63.72, 64.4, , -1.275, 0.974, 3863.257, 3863.257, 0.55, -27.298, -27.298, -27.298, 11.552, 76.496, 34.354, 36.486, 7.377, 12.686, 0, 0, -6.273, -6.443, -6.273, -6.443, 1, 88.513, 88.513, 0.024, 0.03, -34.435, -35.365, -34.435, -35.365, 6.775, 7.377, 12.686, , , 1, 34.24, 0, 0, 13.197, 3.81, 142, 0, 0, 0, 58, 3.729, 3.487, 89.6, 25.407, 100, 0, 0, 34, 34, 7, 0.84, 99, 0, 0, 103, 90.1, 0, 0, 0, 0, 0, 14.1, 0, 13.197, 0, 3.81, 142, 0, 0, 0, 58, 1.008, 0.004, 0.003, 89.6, 25.407, 100, 0, 0, 141, 34, 34, 7, 0.84, 0, 99, 0, 0, 103, 90.1, 0, 0, 0, 0, 
34.2, 22.1, 100.44, 63.72, 64.4, , -1.276, 0.974, 3869.744, 3869.744, 0.767, -27.33, -27.33, -27.33, 14.02, 74.219, 34.498, 36.342, 7.377, 12.747, 0, 0, -6.276, -6.445, -6.276, -6.445, 1, 88.449, 88.449, 0.024, 0.03, -28.224, -28.986, -28.224, -28.986, 6.741, 7.377, 12.747, , , 1, 34.29, 0, 0, 13.217, 3.808, 142, 0, 0, 0, 58, 3.735, 3.485, 89.6, 25.43, 100, 0, 0, 34, 34, 7, 0.837, 99, 0, 0, 103, 89.995, 0, 0, 0, 0, 0, 14.1, 0, 13.217, 0, 3.808, 142, 0, 0, 0, 58, 1.008, 0.004, 0.003, 89.6, 25.43, 100, 0, 0, 141, 34, 34, 7, 0.837, 0, 99, 0, 0, 103, 89.995, 0, 0, 0, 0, 
34.25, 22.1, 100.44, 63.72, 64.4, , -1.27, 0.974, 3876.23, 3876.23, 0.983, -27.192, -27.192, -27.192, 16.49, 71.942, 34.642, 36.198, 7.377, 12.804, 0, 0, -6.241, -6.41, -6.241, -6.41, 1, 88.385, 88.385, 0.024, 0.03, -24.191, -24.843, -24.191, -24.843, 6.708, 7.377, 12.804, , , 1, 34.34, 0, 0, 13.238, 3.806, 142, 0, 0, 0, 58, 3.741, 3.479, 89.6, 25.43, 100, 0, 0, 34, 34, 7, 0.832, 99, 0, 0, 103, 89.866, 0, 0, 0, 0, 0, 14.1, 0, 13.238, 0, 3.806, 142, 0, 0, 0, 58, 1.008, 0.004, 0.003, 89.6, 25.43, 100, 0, 0, 141, 34, 34, 7, 0.832, 0, 99, 0, 0, 103, 89.866, 0, 0, 0, 0, 
34.3, 22.1, 100.44, 63.72, 64.4, , -1.231, 0.974, 3882.716, 3882.716, 1.2, -26.258, -26.258, -26.258, 18.97, 69.665, 34.786, 36.054, 7.377, 12.839, 0, 0, -6.022, -6.186, -6.022, -6.186, 1, 88.321, 88.321, 0.024, 0.03, -20.448, -20.999, -20.448, -20.999, 6.674, 7.377, 12.839, , , 1, 34.391, 0, 0, 13.259, 3.804, 142, 0, 0, 0, 58, 3.748, 3.472, 89.6, 25.43, 100, 0, 0, 34, 34, 7, 0.828, 99, 0, 0, 103, 89.737, 0, 0, 0, 0, 0, 14.1, 0, 13.259, 0, 3.804, 142, 0, 0, 0, 58, 1.008, 0.004, 0.003, 89.6, 25.43, 100, 0, 0, 141, 34, 34, 7, 0.828, 0, 99, 0, 0, 103, 89.737, 0, 0, 0, 0, 
34.35, 22.1, 100.44, 63.72, 64.4, , -1.151, 0.974, 3889.202, 3889.202, 1.417, -24.359, -24.359, -24.359, 21.456, 67.388, 34.93, 35.91, 7.377, 12.867, 0, 0, -5.581, -5.734, -5.581, -5.734, 1, 88.262, 88.262, 0.024, 0.03, -16.09, -16.522, -16.09, -16.522, 6.664, 7.377, 12.867, , , 1, 34.441, 0, 0, 13.279, 3.802, 142, 0, 0, 0, 58, 3.754, 3.466, 89.6, 25.43, 100, 0, 0, 34, 34, 7, 0.824, 99, 0, 0, 103, 89.609, 0, 0, 0, 0, 0, 14.1, 0, 13.279, 0, 3.802, 142, 0, 0, 0, 58, 1.008, 0.004, 0.003, 89.6, 25.43, 100, 0, 0, 141, 34, 34, 7, 0.824, 0, 99, 0, 0, 103, 89.609, 0, 0, 0, 0, 
34.4, 22.1, 100.44, 63.72, 64.4, , -1.11, 0.974, 3895.688, 3895.688, 1.633, -23.402, -23.402, -23.402, 23.945, 65.111, 35.049, 35.759, 7.377, 12.882, 0, 0, -5.359, -5.505, -5.359, -5.505, 1, 88.205, 88.205, 0.024, 0.03, -13.557, -13.92, -13.557, -13.92, 6.665, 7.377, 12.882, , , 1, 34.49, 0, 0, 13.3, 3.8, 142, 0, 0, 0, 58, 3.76, 3.46, 89.6, 25.43, 100, 0, 0, 34, 34, 7, 0.82, 99, 0, 0, 103, 89.48, 0, 0, 0, 0, 0, 14.1, 0, 13.3, 0, 3.8, 142, 0, 0, 0, 58, 1.008, 0.004, 0.003, 89.6, 25.43, 100, 0, 0, 141, 34, 34, 7, 0.82, 0, 99, 0, 0, 103, 89.48, 0, 0, 0, 0, 
34.45, 22.1, 100.44, 63.72, 64.4, , -1.115, 0.974, 3902.174, 3902.174, 1.85, -23.508, -23.508, -23.508, 26.437, 62.834, 34.942, 35.544, 7.377, 12.892, 0, 0, -5.38, -5.526, -5.38, -5.526, 1, 88.15, 88.15, 0.024, 0.03, -12.305, -12.635, -12.305, -12.635, 6.667, 7.377, 12.892, , , 1, 34.54, 0, 0, 13.3, 3.798, 142, 0, 0, 0, 58, 3.77, 3.484, 89.6, 25.43, 100, 0, 0, 34, 34, 7, 0.824, 99, 0, 0, 103, 89.48, 0, 0, 0, 0, 0, 14.1, 0, 13.3, 0, 3.798, 142, 0, 0, 0, 58, 1.008, 0.004, 0.003, 89.6, 25.43, 100, 0, 0, 141, 34, 34, 7, 0.824, 0, 99, 0, 0, 103, 89.48, 0, 0, 0, 0, 
34.5, 22.1, 100.44, 63.72, 64.4, , -1.112, 0.974, 3908.538, 3908.538, 2.067, -23.439, -23.439, -23.439, 28.913, 60.557, 34.835, 35.33, 7.377, 12.894, 0, 0, -5.362, -5.506, -5.362, -5.506, 1, 88.094, 88.094, 0.024, 0.03, -11.278, -11.582, -11.278, -11.582, 6.668, 7.377, 12.894, , , 1, 34.591, 0, 0, 13.3, 3.796, 142, 0, 0, 0, 58, 3.78, 3.508, 89.6, 25.43, 100, 0, 0, 34, 34, 7, 0.828, 99, 0, 0, 103, 89.48, 0, 0, 0, 0, 0, 14.1, 0, 13.3, 0, 3.796, 142, 0, 0, 0, 58, 1.008, 0.004, 0.003, 89.6, 25.43, 100, 0, 0, 141, 34, 34, 7, 0.828, 0, 99, 0, 0, 103, 89.48, 0, 0, 0, 0, 
34.55, 22.1, 100.44, 63.72, 64.4, , -1.114, 0.974, 3915.017, 3915.017, 2.283, -23.493, -23.493, -23.493, 31.387, 58.28, 34.728, 35.116, 7.377, 12.894, 0, 0, -5.37, -5.515, -5.37, -5.515, 1, 88.038, 88.038, 0.024, 0.03, -10.436, -10.719, -10.436, -10.719, 6.677, 7.377, 12.894, , , 1, 34.64, 0, 0, 13.3, 3.793, 142, 0, 0, 0, 58, 3.79, 3.532, 89.6, 25.43, 100, 0, 0, 34, 34, 7, 0.832, 99, 0, 0, 103, 89.48, 0, 0, 0, 0, 0, 14.1, 0, 13.3, 0, 3.793, 142, 0, 0, 0, 58, 1.008, 0.004, 0.004, 89.6, 25.43, 100, 0, 0, 141, 34, 34, 7, 0.832, 0, 99, 0, 0, 103, 89.48, 0, 0, 0, 0, 
34.6, 22.1, 100.44, 63.72, 64.4, , -1.079, 0.974, 3921.503, 3921.503, 2.5, -22.672, -22.672, -22.672, 33.887, 56.003, 34.621, 34.901, 7.377, 12.893, 0, 0, -5.179, -5.319, -5.179, -5.319, 1, 87.981, 87.981, 0.024, 0.03, -9.27, -9.521, -9.27, -9.521, 6.69, 7.377, 12.893, , , 1, 34.69, 0, 0, 13.3, 3.791, 142, 0, 0, 0, 58, 3.8, 3.556, 89.6, 25.43, 100, 0, 0, 34, 34, 7, 0.836, 99, 0, 0, 103, 89.48, 0, 0, 0, 0, 0, 14.1, 0, 13.3, 0, 3.791, 142, 0, 0, 0, 58, 1.008, 0.004, 0.004, 89.6, 25.43, 100, 0, 0, 141, 34, 34, 7, 0.836, 0, 99, 0, 0, 103, 89.48, 0, 0, 0, 0, 
34.65, 22.1, 100.44, 63.72, 64.4, , -1.052, 0.974, 3927.989, 3927.989, 2.716, -22.038, -22.038, -22.038, 36.395, 53.726, 34.529, 34.741, 7.377, 12.891, 0, 0, -5.031, -5.167, -5.031, -5.167, 1, 87.928, 87.928, 0.024, 0.031, -8.361, -8.588, -8.361, -8.588, 6.703, 7.377, 12.891, , , 1, 34.741, 0, 0, 13.3, 3.789, 142, 0, 0, 0, 58, 3.81, 3.58, 89.6, 25.43, 100, 0, 0, 34, 34, 7, 0.84, 99, 0, 0, 103, 89.48, 0, 0, 0, 0, 0, 14.1, 0, 13.3, 0, 3.789, 142, 0, 0, 0, 58, 1.008, 0.004, 0.004, 89.6, 25.43, 100, 0, 0, 141, 34, 34, 7, 0.84, 0, 99, 0, 0, 103, 89.48, 0, 0, 0, 0, 
34.7, 22.1, 100.44, 63.72, 64.4, , -1.04, 0.974, 3934.412, 3934.412, 2.933, -21.754, -21.754, -21.754, 38.91, 51.449, 34.674, 35.431, 7.377, 12.895, 0, 0, -4.964, -5.098, -4.964, -5.098, 1, 87.874, 87.874, 0.024, 0.031, -7.712, -7.921, -7.712, -7.921, 6.716, 7.377, 12.895, , , 1, 34.791, 0, 0, 13.32, 3.784, 142.4, 0, 0, 0, 58.2, 3.816, 3.586, 89.6, 25.652, 100, 0, 0, 34, 34, 7, 0.84, 99.3, 0, 0, 103.4, 89.356, 0, 0, 0, 0, 0, 14.1, 0, 13.32, 0, 3.784, 142.4, 0, 0, 0, 58.2, 1.008, 0.004, 0.004, 89.6, 25.652, 100, 0, 0, 141, 34, 34, 7, 0.84, 0, 99.3, 0, 0, 103.4, 89.356, 0, 0, 0, 0, 
34.75, 22.1, 100.44, 63.72, 64.4, , -1.038, 0.974, 3940.831, 3940.831, 3.15, -21.695, -21.695, -21.695, 40.853, 49.172, 34.819, 36.12, 7.377, 12.901, 0, 0, -4.947, -5.081, -4.947, -5.081, 1, 87.824, 87.824, 0.024, 0.031, -7.296, -7.494, -7.296, -7.494, 6.734, 7.377, 12.901, , , 1, 34.84, 0, 0, 13.34, 3.779, 142.8, 0, 0, 0, 58.4, 3.822, 3.592, 89.6, 25.874, 100, 0, 0, 34, 34, 7, 0.84, 99.6, 0, 0, 103.8, 89.232, 0, 0, 0, 0, 0, 14.1, 0, 13.34, 0, 3.779, 142.8, 0, 0, 0, 58.4, 1.008, 0.004, 0.004, 89.6, 25.874, 100, 0, 0, 141, 34, 34, 7, 0.84, 0, 99.6, 0, 0, 103.8, 89.232, 0, 0, 0, 0, 
34.8, 22.1, 100.44, 63.72, 64.4, , -1.018, 0.974, 3947.318, 3947.318, 3.366, -21.221, -21.221, -21.221, 42.183, 46.895, 34.964, 36.81, 7.377, 12.914, 0, 0, -4.837, -4.967, -4.837, -4.967, 1, 87.772, 87.772, 0.024, 0.031, -6.89, -7.076, -6.89, -7.076, 6.759, 7.377, 12.914, , , 1, 34.89, 0, 0, 13.36, 3.775, 143.2, 0, 0, 0, 58.6, 3.828, 3.598, 89.6, 26.096, 100, 0, 0, 34, 34, 7, 0.84, 99.9, 0, 0, 104.2, 89.108, 0, 0, 0, 0, 0, 14.1, 0, 13.36, 0, 3.775, 143.2, 0, 0, 0, 58.6, 1.008, 0.004, 0.004, 89.6, 26.096, 100, 0, 0, 141, 34, 34, 7, 0.84, 0, 99.9, 0, 0, 104.2, 89.108, 0, 0, 0, 0, 
34.85, 22.1, 100.44, 63.72, 64.4, , -0.975, 0.974, 3953.723, 3953.723, 3.583, -20.193, -20.193, -20.193, 42.813, 44.618, 35.109, 37.499, 7.377, 12.93, 0, 0, -4.6, -4.723, -4.6, -4.723, 1, 87.722, 87.722, 0.024, 0.03, -6.439, -6.612, -6.439, -6.612, 6.784, 7.377, 12.93, , , 1, 34.94, 0, 0, 13.38, 3.77, 143.6, 0, 0, 0, 58.8, 3.834, 3.604, 89.6, 26.318, 100, 0, 0, 34, 34, 7, 0.84, 100.2, 0, 0, 104.6, 88.984, 0, 0, 0, 0, 0, 14.1, 0, 13.38, 0, 3.77, 143.6, 0, 0, 0, 58.8, 1.008, 0.004, 0.004, 89.6, 26.318, 100, 0, 0, 141, 34, 34, 7, 0.84, 0, 100.2, 0, 0, 104.6, 88.984, 0, 0, 0, 0, 
34.9, 22.1, 100.44, 63.72, 64.4, , -0.916, 0.974, 3960.16, 3960.16, 3.8, -18.816, -18.816, -18.816, 42.705, 42.341, 35.204, 38.052, 7.377, 12.949, 0, 0, -4.284, -4.399, -4.284, -4.399, 1, 87.675, 87.675, 0.024, 0.03, -5.986, -6.147, -5.986, -6.147, 6.809, 7.377, 12.949, , , 1, 34.99, 0, 0, 13.4, 3.765, 144, 0, 0, 0, 59, 3.84, 3.61, 89.6, 26.54, 100, 0, 0, 34, 34, 7, 0.84, 100.5, 0, 0, 105, 88.86, 0, 0, 0, 0, 0, 14.1, 0, 13.4, 0, 3.765, 144, 0, 0, 0, 59, 1.008, 0.004, 0.004, 89.6, 26.54, 100, 0, 0, 141, 34, 34, 7, 0.84, 0, 100.5, 0, 0, 105, 88.86, 0, 0, 0, 0, 
34.95, 22.1, 100.44, 63.72, 64.4, , -0.889, 0.974, 3966.646, 3966.646, 3.876, -18.163, -18.163, -18.163, 41.943, 55.02, 34.844, 37.368, 7.377, 12.969, 0, 0, -4.132, -4.244, -4.132, -4.244, 1, 87.631, 87.631, 0.024, 0.03, -5.897, -6.057, -5.897, -6.057, 6.827, 7.377, 12.969, , , 1, 35.04, 0, 0, 13.44, 3.764, 144, 0, 0, 0, 59, 3.844, 3.606, 89.961, 26.54, 100, 0, 0, 34.1, 34.1, 7, 0.844, 100.5, 0, 0, 105, 88.86, 0, 0, 0, 0, 0, 14.1, 0, 13.44, 0, 3.764, 144, 0, 0, 0, 59, 1.006, 0.004, 0.004, 89.961, 26.54, 100, 0, 0, 141, 34.1, 34.1, 7, 0.844, 0, 100.5, 0, 0, 105, 88.86, 0, 0, 0, 0, 
35, 22.1, 100.44, 63.72, 64.4, , -0.89, 0.974, 3973.034, 3973.034, 3.787, -18.192, -18.192, -18.192, 40.914, 57.176, 34.484, 36.684, 7.377, 12.986, 0, 0, -4.136, -4.248, -4.136, -4.248, 1, 87.586, 87.586, 0.024, 0.03, -6.078, -6.243, -6.078, -6.243, 6.816, 7.377, 12.986, , , 1, 35.09, 0, 0, 13.48, 3.763, 144, 0, 0, 0, 59, 3.848, 3.602, 90.323, 26.54, 100, 0, 0, 34.201, 34.201, 7, 0.848, 100.5, 0, 0, 105, 88.86, 0, 0, 0, 0, 0, 14.1, 0, 13.48, 0, 3.763, 144, 0, 0, 0, 59, 1.005, 0.004, 0.004, 90.323, 26.54, 100, 0, 0, 141, 34.201, 34.201, 7, 0.848, 0, 100.5, 0, 0, 105, 88.86, 0, 0, 0, 0, 
35.05, 22.1, 100.44, 63.72, 64.4, , -0.884, 0.974, 3979.489, 3979.489, 3.694, -18.061, -18.061, -18.061, 39.856, 57.97, 34.124, 36, 7.377, 13.002, 0, 0, -4.104, -4.214, -4.104, -4.214, 1, 87.541, 87.541, 0.024, 0.03, -6.207, -6.376, -6.207, -6.376, 6.805, 7.377, 13.002, , , 1, 35.14, 0, 0, 13.52, 3.763, 144, 0, 0, 0, 59, 3.852, 3.598, 90.684, 26.54, 100, 0, 0, 34.301, 34.301, 7, 0.852, 100.5, 0, 0, 105, 88.86, 0, 0, 0, 0, 0, 14.1, 0, 13.52, 0, 3.763, 144, 0, 0, 0, 59, 1.003, 0.004, 0.004, 90.684, 26.54, 100, 0, 0, 141, 34.301, 34.301, 7, 0.852, 0, 100.5, 0, 0, 105, 88.86, 0, 0, 0, 0, 
35.1, 22.1, 100.44, 63.72, 64.4, , -0.807, 0.974, 3985.908, 3985.908, 3.6, -16.235, -16.235, -16.235, 38.814, 58.764, 33.764, 35.316, 7.377, 13.017, 0, 0, -3.686, -3.787, -3.686, -3.787, 1, 87.499, 87.499, 0.024, 0.03, -5.687, -5.842, -5.687, -5.842, 6.794, 7.377, 13.017, , , 1, 35.19, 0, 0, 13.561, 3.762, 144, 0, 0, 0, 59, 3.856, 3.594, 91.046, 26.54, 100, 0, 0, 34.402, 34.402, 7, 0.856, 100.5, 0, 0, 105, 88.86, 0, 0, 0, 0, 0, 14.1, 0, 13.561, 0, 3.762, 144, 0, 0, 0, 59, 1.002, 0.004, 0.004, 91.046, 26.54, 100, 0, 0, 141, 34.402, 34.402, 7, 0.856, 0, 100.5, 0, 0, 105, 88.86, 0, 0, 0, 0, 
35.15, 22.1, 100.44, 63.72, 64.4, , -0.706, 0.974, 3992.331, 3992.331, 3.506, -13.834, -13.834, -13.834, 37.748, 59.558, 33.472, 34.711, 7.377, 13.031, 0, 0, -3.141, -3.226, -3.141, -3.226, 1, 87.461, 87.461, 0.024, 0.03, -4.907, -5.04, -4.907, -5.04, 6.783, 7.377, 13.031, , , 1, 35.24, 0, 0, 13.6, 3.761, 144, 0, 0, 0, 59, 3.861, 3.591, 91.393, 26.543, 100, 0, 0, 34.5, 34.5, 7, 0.86, 100.508, 0, 0, 105.008, 88.86, 0, 0, 0, 0, 0, 14.1, 0, 13.6, 0, 3.761, 144, 0, 0, 0, 59, 1, 0.004, 0.004, 91.393, 26.543, 100, 0, 0, 141, 34.5, 34.5, 7, 0.86, 0, 100.508, 0, 0, 105.008, 88.86, 0, 0, 0, 0, 
35.2, 22.1, 100.44, 63.72, 64.4, , -0.569, 0.974, 3998.688, 3998.688, 3.413, -10.577, -10.577, -10.577, 36.693, 60.351, 33.796, 34.819, 7.377, 13.045, 0, 0, -2.401, -2.466, -2.401, -2.466, 1, 87.429, 87.429, 0.024, 0.03, -3.808, -3.91, -3.808, -3.91, 6.773, 7.377, 13.045, , , 1, 35.29, 0, 0, 13.62, 3.757, 144, 0, 0, 0, 59, 3.895, 3.625, 91.046, 26.684, 100, 0, 0, 34.5, 34.5, 7, 0.864, 100.894, 0, 0, 105.394, 88.86, 0, 0, 0, 0, 0, 14.1, 0, 13.62, 0, 3.757, 144, 0, 0, 0, 59, 1, 0.004, 0.004, 91.046, 26.684, 100, 0, 0, 141, 34.5, 34.5, 7, 0.864, 0, 100.894, 0, 0, 105.394, 88.86, 0, 0, 0, 0, 
35.25, 22.1, 100.44, 63.72, 64.4, , -0.438, 0.974, 4005.174, 4005.174, 3.319, -7.47, -7.47, -7.47, 35.628, 61.145, 34.12, 34.927, 7.377, 13.058, 0, 0, -1.696, -1.741, -1.696, -1.741, 1, 87.404, 87.404, 0.024, 0.03, -2.775, -2.851, -2.775, -2.851, 6.763, 7.377, 13.058, , , 1, 35.34, 0, 0, 13.639, 3.754, 144, 0, 0, 0, 59, 3.93, 3.66, 90.698, 26.826, 100, 0, 0, 34.5, 34.5, 7, 0.868, 101.28, 0, 0, 105.78, 88.86, 0, 0, 0, 0, 0, 14.1, 0, 13.639, 0, 3.754, 144, 0, 0, 0, 59, 1, 0.004, 0.004, 90.698, 26.826, 100, 0, 0, 141, 34.5, 34.5, 7, 0.868, 0, 101.28, 0, 0, 105.78, 88.86, 0, 0, 0, 0, 
35.3, 22.1, 100.44, 63.72, 64.4, , -0.273, 0.974, 4011.53, 4011.53, 3.226, -3.554, -3.554, -3.554, 34.571, 61.939, 34.444, 35.035, 7.377, 13.063, 0, 0, -0.806, -0.829, -0.806, -0.829, 1, 87.386, 87.386, 0.024, 0.03, -1.366, -1.404, -1.366, -1.404, 6.753, 7.377, 13.063, , , 1, 35.39, 0, 0, 13.658, 3.75, 144, 0, 0, 0, 59, 3.965, 3.695, 90.351, 26.967, 100, 0, 0, 34.5, 34.5, 7, 0.872, 101.666, 0, 0, 106.166, 88.86, 0, 0, 0, 0, 0, 14.1, 0, 13.658, 0, 3.75, 144, 0, 0, 0, 59, 1, 0.004, 0.004, 90.351, 26.967, 100, 0, 0, 141, 34.5, 34.5, 7, 0.872, 0, 101.666, 0, 0, 106.166, 88.86, 0, 0, 0, 0, 
35.35, 22.1, 100.44, 63.72, 64.4, , -0.217, 0.974, 4017.967, 4017.967, 3.132, -2.223, -2.223, -2.223, 33.511, 62.733, 34.768, 35.143, 7.377, 13.06, 0, 0, -0.504, -0.518, -0.504, -0.518, 1, 87.375, 87.375, 0.024, 0.03, -0.91, -0.936, -0.91, -0.936, 6.744, 7.377, 13.06, , , 1, 35.44, 0, 0, 13.678, 3.746, 144, 0, 0, 0, 59, 4, 3.73, 90.003, 27.109, 100, 0, 0, 34.5, 34.5, 7, 0.876, 102.052, 0, 0, 106.552, 88.86, 0, 0, 0, 0, 0, 14.1, 0, 13.678, 0, 3.746, 144, 0, 0, 0, 59, 1, 0.004, 0.004, 90.003, 27.109, 100, 0, 0, 141, 34.5, 34.5, 7, 0.876, 0, 102.052, 0, 0, 106.552, 88.86, 0, 0, 0, 0, 
35.4, 22.1, 100.44, 63.72, 64.4, , -0.31, 0.974, 4024.372, 4024.372, 3.039, -4.433, -4.433, -4.433, 32.44, 63.527, 35.077, 35.259, 7.377, 13.046, 0, 0, -1.005, -1.032, -1.005, -1.032, 1, 87.363, 87.363, 0.024, 0.03, -1.934, -1.988, -1.934, -1.988, 6.747, 7.377, 13.046, , , 1, 35.491, 0, 0, 13.697, 3.743, 144, 0, 0, 0, 59, 4.034, 3.764, 89.656, 27.25, 100, 0, 0, 34.5, 34.5, 7, 0.879, 102.438, 0, 0, 106.938, 88.86, 0, 0, 0, 0, 0, 14.1, 0, 13.697, 0, 3.743, 144, 0, 0, 0, 59, 1, 0.004, 0.004, 89.656, 27.25, 100, 0, 0, 141, 34.5, 34.5, 7, 0.879, 0, 102.438, 0, 0, 106.938, 88.86, 0, 0, 0, 0, 
35.45, 22.101, 100.44, 63.72, 64.4, , -0.472, 0.974, 4030.729, 4030.729, 2.945, -8.275, -8.275, -8.275, 31.38, 64.321, 35.25, 35.449, 7.377, 13.019, 0, 0, -1.874, -1.926, -1.874, -1.926, 1, 87.342, 87.342, 0.024, 0.03, -3.743, -3.845, -3.743, -3.845, 6.758, 7.377, 13.019, , , 1, 35.541, 0, 0.005, 13.732, 3.741, 144, 0, 0, 0, 59.162, 4.066, 3.781, 89.891, 27.454, 100, 0, 0, 34.5, 34.5, 7.165, 0.883, 102.742, 0, 0, 107.323, 88.758, 0, 0, 0, 0, 0, 14.1, 0.005, 13.732, 0, 3.741, 144, 0, 0, 0, 59.162, 1, 0.004, 0.004, 89.891, 27.454, 100, 0, 0, 141, 34.5, 34.5, 7.165, 0.883, 0, 102.742, 0, 0, 107.323, 88.758, 0, 0, 0, 0, 
35.5, 22.102, 100.44, 63.72, 64.4, , -0.735, 0.974, 4037.152, 4037.152, 2.852, -14.534, -14.534, -14.534, 30.304, 65.114, 35.423, 35.64, 7.377, 12.986, 0, 0, -3.291, -3.381, -3.291, -3.381, 1, 87.316, 87.316, 0.024, 0.03, -6.888, -7.073, -6.888, -7.073, 6.769, 7.377, 12.986, , , 1, 35.591, 0, 0.011, 13.771, 3.74, 144, 0, 0, 0, 59.354, 4.097, 3.795, 90.237, 27.667, 100, 0, 0, 34.5, 34.5, 7.358, 0.887, 103.031, 0, 0, 107.708, 88.637, 0, 0, 0, 0, 0, 14.1, 0.011, 13.771, 0, 3.74, 144, 0, 0, 0, 59.354, 1, 0.004, 0.004, 90.237, 27.667, 100, 0, 0, 141, 34.5, 34.5, 7.358, 0.887, 0, 103.031, 0, 0, 107.708, 88.637, 0, 0, 0, 0, 
35.55, 22.103, 100.44, 63.72, 64.4, , -1.701, 0.974, 4043.571, 4043.571, 2.758, -37.433, -37.433, -37.433, 29.256, 65.908, 35.597, 35.83, 7.377, 12.946, 0, 0, -8.467, -8.696, -8.467, -8.696, 1, 87.259, 87.259, 0.024, 0.03, -18.464, -18.96, -18.464, -18.96, 6.78, 7.377, 12.946, , , 1, 35.641, 0, 0.016, 13.81, 3.739, 144, 0, 0, 0, 59.546, 4.127, 3.808, 90.583, 27.88, 100, 0, 0, 34.5, 34.5, 7.55, 0.891, 103.319, 0, 0, 108.092, 88.516, 0, 0, 0, 0, 0, 14.1, 0.016, 13.81, 0, 3.739, 144, 0, 0, 0, 59.546, 1, 0.004, 0.004, 90.583, 27.88, 100, 0, 0, 141, 34.5, 34.5, 7.55, 0.891, 0, 103.319, 0, 0, 108.092, 88.516, 0, 0, 0, 0, 
35.6, 22.103, 100.44, 63.72, 64.4, , -2.627, 0.974, 4049.928, 4049.928, 2.664, -59.423, -59.423, -59.423, 28.217, 66.702, 35.77, 36.021, 7.377, 12.914, 0, 0, -13.424, -13.787, -13.424, -13.787, 1, 87.148, 87.148, 0.024, 0.03, -29.958, -30.764, -29.958, -30.764, 6.787, 7.377, 12.914, , , 1, 35.691, 0, 0.022, 13.848, 3.738, 144, 0, 0, 0, 59.738, 4.158, 3.822, 90.929, 28.094, 100, 0, 0, 34.5, 34.5, 7.742, 0.895, 103.608, 0, 0, 108.477, 88.395, 0, 0, 0, 0, 0, 14.1, 0.022, 13.848, 0, 3.738, 144, 0, 0, 0, 59.738, 1, 0.004, 0.004, 90.929, 28.094, 100, 0, 0, 141, 34.5, 34.5, 7.742, 0.895, 0, 103.608, 0, 0, 108.477, 88.395, 0, 0, 0, 0, 
35.65, 22.104, 100.44, 63.72, 64.4, , -3.194, 0.974, 4056.337, 4056.337, 2.571, -72.878, -72.878, -72.878, 27.18, 67.496, 35.943, 36.211, 7.377, 12.89, 0, 0, -16.444, -16.89, -16.444, -16.89, 1, 87, 87, 0.024, 0.03, -37.48, -38.491, -37.48, -38.491, 6.788, 7.377, 12.89, , , 1, 35.741, 0, 0.028, 13.887, 3.737, 144, 0, 0, 0, 59.931, 4.189, 3.835, 91.275, 28.307, 100, 0, 0, 34.5, 34.5, 7.935, 0.899, 103.896, 0, 0, 108.862, 88.274, 0, 0, 0, 0, 0, 14.1, 0.028, 13.887, 0, 3.737, 144, 0, 0, 0, 59.931, 1, 0.004, 0.004, 91.275, 28.307, 100, 0, 0, 141, 34.5, 34.5, 7.935, 0.899, 0, 103.896, 0, 0, 108.862, 88.274, 0, 0, 0, 0, 
35.7, 22.105, 100.44, 63.72, 64.4, , -3.642, 0.974, 4062.77, 4062.77, 2.477, -83.494, -83.494, -83.494, 26.154, 68.29, 35.926, 36.247, 7.377, 12.934, 0, 0, -18.818, -19.328, -18.818, -19.328, 1, 86.828, 86.828, 0.024, 0.03, -43.882, -45.066, -43.882, -45.066, 6.789, 7.377, 12.934, , , 1, 35.792, 0, 0.033, 13.722, 3.73, 144, 0, 0, 0, 58.892, 4.022, 3.683, 91.4, 27.256, 100, 0, 0, 34.162, 34.162, 7.365, 0.872, 102.764, 0, 0, 107.517, 88.116, 0, 0, 0, 0, 0, 14.1, 0.033, 13.722, 0, 3.73, 144, 0, 0, 0, 58.892, 1, 0.004, 0.004, 91.4, 27.256, 100, 0, 0, 141, 34.162, 34.162, 7.365, 0.872, 0, 102.764, 0, 0, 107.517, 88.116, 0, 0, 0, 0, 
35.75, 22.106, 100.44, 63.72, 64.4, , -4.12, 0.974, 4069.127, 4069.127, 2.384, -94.847, -94.847, -94.847, 25.128, 69.083, 35.889, 36.266, 7.377, 13.065, 0, 0, -21.342, -21.921, -21.342, -21.921, 1, 86.631, 86.631, 0.024, 0.03, -51.32, -52.706, -51.32, -52.706, 6.79, 7.377, 13.065, , , 1, 35.842, 0, 0.038, 13.453, 3.719, 144, 0, 0, 0, 57.162, 3.743, 3.438, 91.4, 25.553, 100, 0, 0, 33.633, 33.633, 6.404, 0.827, 100.834, 0, 0, 105.201, 87.937, 0, 0, 0, 0, 0, 14.1, 0.038, 13.453, 0, 3.719, 144, 0, 0, 0, 57.162, 1, 0.004, 0.004, 91.4, 25.553, 100, 0, 0, 141, 33.633, 33.633, 6.404, 0.827, 0, 100.834, 0, 0, 105.201, 87.937, 0, 0, 0, 0, 
35.8, 22.106, 100.44, 63.72, 64.4, , -4, 0.974, 4075.522, 4075.522, 2.29, -92, -92, -92, 24.107, 69.877, 35.851, 36.284, 7.377, 13.363, 0, 0, -20.65, -21.21, -20.65, -21.21, 1, 86.423, 86.423, 0.024, 0.03, -52.024, -53.429, -52.024, -53.429, 6.79, 7.377, 13.363, , , 1, 35.891, 0, 0.043, 13.184, 3.708, 144, 0, 0, 0, 55.431, 3.464, 3.193, 91.4, 23.85, 100, 0, 0, 33.104, 33.104, 5.442, 0.783, 98.903, 0, 0, 102.884, 87.758, 0, 0, 0, 0, 0, 14.1, 0.043, 13.184, 0, 3.708, 144, 0, 0, 0, 55.431, 1, 0.003, 0.003, 91.4, 23.85, 100, 0, 0, 141, 33.104, 33.104, 5.442, 0.783, 0, 98.903, 0, 0, 102.884, 87.758, 0, 0, 0, 0, 
35.85, 22.107, 100.44, 63.72, 64.4, , -3.661, 0.974, 4081.839, 4081.839, 2.197, -83.977, -83.977, -83.977, 23.06, 70.671, 35.814, 36.303, 7.377, 13.892, 0, 0, -18.8, -19.31, -18.8, -19.31, 1, 86.231, 86.231, 0.024, 0.03, -49.936, -51.286, -49.936, -51.286, 6.787, 7.377, 13.892, , , 1, 35.94, 0, 0.048, 12.915, 3.697, 144, 0, 0, 0, 53.7, 3.185, 2.948, 91.4, 22.147, 100, 0, 0, 32.575, 32.575, 4.481, 0.739, 96.973, 0, 0, 100.568, 87.579, 0, 0, 0, 0, 0, 14.1, 0.048, 12.915, 0, 3.697, 144, 0, 0, 0, 53.7, 1, 0.003, 0.003, 91.4, 22.147, 100, 0, 0, 141, 32.575, 32.575, 4.481, 0.739, 0, 96.973, 0, 0, 100.568, 87.579, 0, 0, 0, 0, 
35.9, 22.108, 100.44, 63.72, 64.4, , -3.695, 0.974, 4088.269, 4088.269, 2.103, -84.788, -84.788, -84.788, 22.022, 71.465, 35.755, 36.298, 7.377, 14.622, 0, 0, -18.941, -19.454, -18.941, -19.454, 1, 86.049, 86.049, 0.024, 0.03, -52.878, -54.305, -52.878, -54.305, 6.784, 7.377, 14.622, , , 1, 35.99, 0, 0.052, 12.645, 3.686, 144, 0, 0, 0, 51.969, 2.906, 2.702, 91.4, 20.445, 100, 0, 0, 32.046, 32.046, 3.519, 0.695, 95.042, 0, 0, 98.251, 87.4, 0, 0, 0, 0, 0, 14.1, 0.052, 12.645, 0, 3.686, 144, 0, 0, 0, 51.969, 1, 0.003, 0.003, 91.4, 20.445, 100, 0, 0, 141, 32.046, 32.046, 3.519, 0.695, 0, 95.042, 0, 0, 98.251, 87.4, 0, 0, 0, 0, 
35.95, 22.109, 100.44, 63.72, 64.4, , -3.877, 0.974, 4094.58, 4094.58, 2.01, -89.107, -89.107, -89.107, 20.981, 72.259, 35.503, 36.082, 7.377, 15.653, 0, 0, -19.862, -20.399, -19.862, -20.399, 1, 85.859, 85.859, 0.024, 0.03, -58.345, -59.92, -58.345, -59.92, 6.781, 7.377, 15.653, , , 1, 36.04, 0, 0.051, 12.5, 3.679, 144, 0, 0, 0, 50.908, 2.727, 2.552, 91.4, 19.277, 100, 0, 0, 31.773, 31.773, 2.904, 0.665, 94, 0, 0, 97.048, 87.272, 0, 0, 0, 0, 0, 14.1, 0.051, 12.5, 0, 3.679, 144, 0, 0, 0, 50.908, 1, 0.002, 0.002, 91.4, 19.277, 100, 0, 0, 141, 31.773, 31.773, 2.904, 0.665, 0, 94, 0, 0, 97.048, 87.272, 0, 0, 0, 0, 
36, 22.11, 100.44, 63.72, 64.4, , -3.973, 0.974, 4100.891, 4100.891, 1.916, -91.398, -91.398, -91.398, 19.933, 73.053, 35.251, 35.866, 7.377, 16.776, 0, 0, -20.324, -20.874, -20.324, -20.874, 1, 85.661, 85.661, 0.024, 0.03, -63.194, -64.899, -63.194, -64.899, 6.776, 7.377, 16.776, , , 1, 36.09, 0, 0.041, 12.5, 3.677, 144, 0, 0, 0, 50.7, 2.675, 2.522, 91.4, 18.739, 100, 0, 0, 31.825, 31.825, 2.696, 0.655, 94, 0, 0, 97.151, 87.207, 0, 0, 0, 0, 0, 14.1, 0.041, 12.5, 0, 3.677, 144, 0, 0, 0, 50.7, 1, 0.002, 0.002, 91.4, 18.739, 100, 0, 0, 141, 31.825, 31.825, 2.696, 0.655, 0, 94, 0, 0, 97.151, 87.207, 0, 0, 0, 0, 
36.05, 22.11, 100.44, 63.72, 64.4, , -3.968, 0.974, 4107.202, 4107.202, 1.822, -91.285, -91.285, -91.285, 18.88, 73.846, 34.999, 35.65, 7.377, 18.052, 0, 0, -20.251, -20.799, -20.251, -20.799, 1, 85.461, 85.461, 0.024, 0.03, -66.73, -68.531, -66.73, -68.531, 6.761, 7.377, 18.052, , , 1, 36.14, 0, 0.032, 12.5, 3.674, 144, 0, 0, 0, 50.492, 2.623, 2.491, 91.4, 18.2, 100, 0, 0, 31.877, 31.877, 2.488, 0.645, 94, 0, 0, 97.255, 87.142, 0, 0, 0, 0, 0, 14.1, 0.032, 12.5, 0, 3.674, 144, 0, 0, 0, 50.492, 1, 0.002, 0.002, 91.4, 18.2, 100, 0, 0, 141, 31.877, 31.877, 2.488, 0.645, 0, 94, 0, 0, 97.255, 87.142, 0, 0, 0, 0, 
36.1, 22.111, 100.44, 63.72, 64.4, , -4.045, 0.974, 4113.513, 4113.513, 1.729, -93.116, -93.116, -93.116, 17.817, 74.64, 34.747, 35.434, 7.377, 19.234, 0, 0, -20.61, -21.169, -20.61, -21.169, 1, 85.26, 85.26, 0.024, 0.03, -72.055, -74, -72.055, -74, 6.746, 7.377, 19.234, , , 1, 36.19, 0, 0.023, 12.5, 3.672, 144, 0, 0, 0, 50.283, 2.571, 2.461, 91.4, 17.662, 100, 0, 0, 31.929, 31.929, 2.279, 0.634, 94, 0, 0, 97.359, 87.078, 0, 0, 0, 0, 0, 14.1, 0.023, 12.5, 0, 3.672, 144, 0, 0, 0, 50.283, 1, 0.002, 0.002, 91.4, 17.662, 100, 0, 0, 141, 31.929, 31.929, 2.279, 0.634, 0, 94, 0, 0, 97.359, 87.078, 0, 0, 0, 0, 
36.15, 22.112, 100.44, 63.72, 64.4, , -4.133, 0.974, 4119.697, 4119.697, 1.635, -95.199, -95.199, -95.199, 16.747, 75.434, 34.498, 35.265, 7.377, 20.25, 0, 0, -21.024, -21.595, -21.024, -21.595, 1, 85.052, 85.052, 0.024, 0.03, -78.061, -80.169, -78.061, -80.169, 6.731, 7.377, 20.25, , , 1, 36.241, 0, 0.013, 12.5, 3.67, 144, 0, 0, 0, 50.075, 2.519, 2.431, 91.4, 17.123, 100, 0, 0, 31.981, 31.981, 2.071, 0.624, 94, 0, 0, 97.463, 87.013, 0, 0, 0, 0, 0, 14.1, 0.013, 12.5, 0, 3.67, 144, 0, 0, 0, 50.075, 1, 0.002, 0.002, 91.4, 17.123, 100, 0, 0, 141, 31.981, 31.981, 2.071, 0.624, 0, 94, 0, 0, 97.463, 87.013, 0, 0, 0, 0, 
36.2, 22.113, 100.44, 63.72, 64.4, , -4.042, 0.974, 4126.008, 4126.008, 1.542, -93.044, -93.044, -93.044, 15.691, 76.228, 34.282, 35.517, 7.377, 21.1, 0, 0, -20.501, -21.057, -20.501, -21.057, 1, 84.847, 84.847, 0.024, 0.03, -81.379, -83.577, -81.379, -83.577, 6.716, 7.377, 21.1, , , 1, 36.291, 0, 0.009, 12.5, 3.662, 144, 0, 0, 0, 49.744, 2.322, 2.263, 91.4, 16.697, 100, 0, 0, 31.904, 31.904, 1.736, 0.611, 94, 0, 0, 97.95, 86.752, 0, 0, 0, 0, 0, 14.1, 0.009, 12.5, 0, 3.662, 144, 0, 0, 0, 49.743, 1, 0.002, 0.002, 91.4, 16.697, 100, 0, 0, 141, 31.904, 31.904, 1.736, 0.611, 0, 94, 0, 0, 97.95, 86.752, 0, 0, 0, 0, 
36.25, 22.113, 100.44, 63.72, 64.4, , -3.843, 0.974, 4132.213, 4132.213, 1.448, -88.337, -88.337, -88.337, 14.606, 77.022, 34.066, 35.769, 7.377, 21.625, 0, 0, -19.419, -19.946, -19.419, -19.946, 1, 84.648, 84.648, 0.024, 0.03, -82.819, -85.057, -82.819, -85.057, 6.714, 7.377, 21.625, , , 1, 36.34, 0, 0.007, 12.5, 3.651, 144, 0, 0, 0, 49.344, 2.044, 2.017, 91.4, 16.329, 100, 0, 0, 31.754, 31.754, 1.336, 0.597, 94, 0, 0, 98.653, 86.38, 0, 0, 0, 0, 0, 14.1, 0.007, 12.5, 0, 3.651, 144, 0, 0, 0, 49.341, 1, 0.002, 0.002, 91.4, 16.329, 100, 0, 0, 141, 31.754, 31.754, 1.336, 0.597, 0, 94, 0, 0, 98.653, 86.38, 0, 0, 0, 0, 
36.3, 22.114, 100.44, 63.72, 64.4, , -3.869, 0.974, 4138.48, 4138.48, 1.355, -88.972, -88.972, -88.972, 13.526, 77.815, 33.85, 36.021, 7.377, 22.033, 0, 0, -19.511, -20.04, -19.511, -20.04, 1, 84.455, 84.455, 0.024, 0.03, -90.96, -93.417, -90.96, -93.417, 6.712, 7.377, 22.033, , , 1, 36.391, 0, 0.005, 12.5, 3.639, 144, 0, 0, 0, 48.944, 1.766, 1.771, 91.4, 15.961, 100, 0, 0, 31.604, 31.604, 0.936, 0.583, 94, 0, 0, 99.355, 86.008, 0, 0, 0, 0, 0, 14.1, 0.005, 12.5, 0, 3.639, 144, 0, 0, 0, 48.94, 1, 0.001, 0.001, 91.4, 15.961, 100, 0, 0, 141, 31.604, 31.604, 0.936, 0.583, 0, 94, 0, 0, 99.355, 86.008, 0, 0, 0, 0, 
36.35, 22.115, 100.44, 63.72, 64.4, , -3.954, 0.974, 4144.688, 4144.688, 1.261, -90.992, -90.992, -90.992, 12.456, 78.609, 33.634, 36.273, 7.378, 22.188, 0, 0, -19.904, -20.442, -19.904, -20.442, 1, 84.26, 84.26, 0.024, 0.03, -102.266, -105.028, -102.266, -105.028, 6.71, 7.378, 22.188, , , 1, 36.441, 0, 0.003, 12.5, 3.628, 144, 0, 0, 0, 48.544, 1.488, 1.525, 91.4, 15.593, 100, 0, 0, 31.454, 31.454, 0.536, 0.569, 94, 0, 0, 100.058, 85.636, 0, 0, 0, 0, 0, 14.1, 0.003, 12.5, 0, 3.628, 144, 0, 0, 0, 48.538, 1, 0.001, 0.001, 91.4, 15.593, 100, 0, 0, 141, 31.454, 31.454, 0.536, 0.569, 0, 94, 0, 0, 100.058, 85.636, 0, 0, 0, 0, 
36.4, 22.116, 100.44, 63.72, 64.4, , -4.015, 0.974, 4150.893, 4150.893, 1.168, -92.429, -92.429, -92.429, 11.356, 79.403, 33.476, 36.457, 7.378, 22.304, 0, 0, -20.167, -20.712, -20.167, -20.712, 1, 84.058, 84.058, 0.024, 0.03, -114.918, -118.022, -114.918, -118.022, 6.707, 7.378, 22.304, , , 1, 36.492, 0, 0.001, 12.5, 3.617, 144, 0, 0, 0, 48.144, 1.21, 1.279, 91.4, 15.225, 100, 0, 0, 31.304, 31.304, 0.136, 0.555, 94, 0, 0, 100.761, 85.264, 0, 0, 0, 0, 0, 14.1, 0.001, 12.5, 0, 3.617, 144, 0, 0, 0, 48.137, 1, 0.001, 0.001, 91.4, 15.225, 100, 0, 0, 141, 31.304, 31.304, 0.136, 0.555, 0, 94, 0, 0, 100.761, 85.264, 0, 0, 0, 0, 
36.45, 22.116, 100.44, 63.72, 64.4, , -4.092, 0.974, 4157.037, 4157.037, 1.074, -94.271, -94.271, -94.271, 10.268, 80.197, 33.836, 36.025, 7.379, 22.328, 0, 0, -20.519, -21.074, -20.519, -21.074, 1, 83.856, 83.856, 0.024, 0.03, -130.521, -134.045, -130.521, -134.045, 6.693, 7.379, 22.328, , , 1, 36.541, 0, 0, 12.5, 3.608, 144, 0, 0, 0, 48, 0.962, 1.031, 91.4, 15.049, 100, 0, 0, 30.717, 30.717, 0, 0.55, 93.932, 0, 0, 100.932, 85.006, 0, 0, 0, 0, 0, 14.1, 0, 12.5, 0, 3.608, 144, 0, 0, 0, 48, 1, 0.001, 0.001, 91.4, 15.049, 100, 0, 0, 141, 30.717, 30.717, 0, 0.55, 0, 93.932, 0, 0, 100.932, 85.006, 0, 0, 0, 0, 
36.5, 22.117, 100.44, 63.72, 64.4, , -4.281, 0.974, 4163.242, 4163.242, 0.98, -98.758, -98.758, -98.758, 9.175, 80.991, 34.196, 35.593, 7.379, 22.35, 0, 0, -21.448, -22.027, -21.448, -22.027, 1, 83.647, 83.647, 0.024, 0.03, -153.04, -157.173, -153.04, -157.173, 6.679, 7.379, 22.35, , , 1, 36.591, 0, 0, 12.5, 3.599, 144, 0, 0, 0, 48, 0.731, 0.783, 91.4, 14.972, 100, 0, 0, 29.883, 29.883, 0, 0.55, 93.828, 0, 0, 100.828, 84.812, 0, 0, 0, 0, 0, 14.1, 0, 12.5, 0, 3.599, 144, 0, 0, 0, 48, 1, 0.001, 0.001, 91.4, 14.972, 100, 0, 0, 141, 29.883, 29.883, 0, 0.55, 0, 93.828, 0, 0, 100.828, 84.812, 0, 0, 0, 0, 
36.55, 22.118, 100.44, 63.72, 64.4, , -4.362, 0.974, 4169.45, 4169.45, 0.887, -100.684, -100.684, -100.684, 8.054, 81.785, 34.556, 35.161, 7.381, 22.365, 0, 0, -21.812, -22.4, -21.812, -22.4, 1, 83.424, 83.424, 0.024, 0.03, -178.714, -183.541, -178.714, -183.541, 6.665, 7.381, 22.365, , , 1, 36.64, 0, 0, 12.5, 3.591, 144, 0, 0, 0, 48, 0.5, 0.536, 91.4, 14.895, 100, 0, 0, 29.05, 29.05, 0, 0.55, 93.724, 0, 0, 100.724, 84.618, 0, 0, 0, 0, 0, 14.1, 0, 12.5, 0, 3.591, 144, 0, 0, 0, 48, 1, 0, 0, 91.4, 14.895, 100, 0, 0, 141, 29.05, 29.05, 0, 0.55, 0, 93.724, 0, 0, 100.724, 84.618, 0, 0, 0, 0, 
36.6, 22.119, 100.44, 63.72, 64.4, , -4.343, 0.974, 4175.579, 4175.579, 0.793, -100.246, -100.246, -100.246, 6.943, 82.578, 34.916, 34.729, 7.382, 22.377, 0, 0, -21.659, -22.244, -21.659, -22.244, 1, 83.205, 83.205, 0.024, 0.03, -210.538, -216.226, -210.538, -216.226, 6.65, 7.382, 22.377, , , 1, 36.69, 0, 0, 12.5, 3.582, 144, 0, 0, 0, 48, 0.268, 0.288, 91.4, 14.818, 100, 0, 0, 28.217, 28.217, 0, 0.55, 93.62, 0, 0, 100.62, 84.425, 0, 0, 0, 0, 0, 14.1, 0, 12.5, 0, 3.582, 144, 0, 0, 0, 48, 1, 0, 0, 91.4, 14.818, 100, 0, 0, 141, 28.217, 28.217, 0, 0.55, 0, 93.62, 0, 0, 100.62, 84.425, 0, 0, 0, 0, 
36.65, 22.119, 100.44, 63.72, 64.4, , -4.322, 0.974, 4181.616, 4181.616, 0.7, -99.761, -99.761, -99.761, 5.844, 83.372, 35.244, 34.376, 7.382, 22.38, 0, 0, -21.498, -22.077, -21.498, -22.077, 1, 82.991, 82.991, 0.024, 0.03, -258.995, -265.992, -258.995, -265.992, 6.616, 7.382, 22.38, , , 1, 36.741, 0, 0, 12.5, 3.574, 144, 0, 0, 0, 48, 0.037, 0.04, 91.4, 14.741, 100, 0, 0, 27.383, 27.383, 0, 0.55, 93.517, 0, 0, 100.517, 84.231, 0, 0, 0, 0, 0, 14.1, 0, 12.5, 0, 3.574, 144, 0, 0, 0, 48, 1, 0, 0, 91.4, 14.741, 100, 0, 0, 141, 27.383, 27.383, 0, 0.55, 0, 93.517, 0, 0, 100.517, 84.231, 0, 0, 0, 0, 
36.7, 22.12, 100.44, 63.72, 64.4, , -4.198, 0.974, 4187.761, 4187.761, 0.606, -96.813, -96.813, -96.813, 4.718, 84.166, 35.28, 34.736, 7.382, 22.384, 0, 0, -20.812, -21.373, -20.812, -21.373, 1, 82.775, 82.775, 0.024, 0.03, -323.527, -332.268, -323.527, -332.268, 6.575, 7.382, 22.384, , , 1, 36.79, 0.058, 0, 12.5, 3.565, 144, 0, 0, 0, 48.351, 0.308, 0.276, 91.4, 14.895, 100, 0, 0, 26.811, 27.03, 0.179, 0.558, 93.456, 0, 0, 100.105, 84.036, 0, 0, 0.059, 0, 0, 14.1, 0, 12.5, 0, 3.565, 144, 0, 0, 0, 48.351, 1, 0, 0, 91.4, 14.895, 100, 0, 0, 141, 26.811, 27.03, 0.179, 0.558, 0, 93.456, 0, 0, 100.105, 84.036, 0, 0, 0, 0, 
36.75, 22.121, 100.44, 63.72, 64.4, , -3.916, 0.974, 4193.899, 4193.899, 0.513, -90.126, -90.126, -90.126, 3.582, 84.96, 35.316, 35.096, 7.383, 22.387, 0, 0, -19.333, -19.854, -19.333, -19.854, 1, 82.569, 82.569, 0.024, 0.03, -490.036, -503.275, -490.036, -503.275, 6.534, 7.383, 22.387, , , 1, 36.84, 0.127, 0, 12.5, 3.556, 144, 0, 0, 0, 48.77, 0.674, 0.604, 91.4, 15.086, 100, 0, 0, 26.288, 26.769, 0.388, 0.567, 93.404, 0, 0, 99.634, 83.84, 0, 0, 0.128, 0, 0, 14.1, 0, 12.5, 0, 3.556, 144, 0, 0, 0, 48.77, 1, 0.001, 0.001, 91.4, 15.086, 100, 0, 0, 141, 26.288, 26.769, 0.388, 0.567, 0, 93.404, 0, 0, 99.634, 83.84, 0, 0, 0, 0, 
36.8, 22.123, 100.44, 63.72, 64.4, , -3.714, 0.974, 4199.928, 4199.928, 0.419, -85.343, -85.343, -85.343, 2.654, 85.754, 35.352, 35.456, 7.384, 22.39, 0, 0, -18.265, -18.759, -18.265, -18.759, 1, 82.378, 82.378, 0.024, 0.03, -1685.645, -1731.184, -1685.645, -1731.184, 6.493, 7.384, 22.39, , , 1, 36.89, 0.196, 0, 12.5, 3.548, 144, 0, 0, 0, 49.188, 1.04, 0.933, 91.4, 15.278, 100, 0, 0, 25.765, 26.507, 0.596, 0.577, 93.351, 0, 0, 99.163, 83.644, 0, 0, 0.197, 0, 0, 14.1, 0, 12.5, 0, 3.548, 144, 0, 0, 0, 49.188, 1, 0.001, 0.001, 91.4, 15.278, 100, 0, 0, 141, 25.765, 26.507, 0.596, 0.577, 0, 93.351, 0, 0, 99.163, 83.644, 0, 0, 0, 0, 
36.85, 22.124, 100.44, 63.72, 64.4, , -3.49, 0.974, 4205.994, 4205.994, 0.326, -80.034, -80.034, -80.034, 2.673, 86.548, 35.388, 35.816, 7.383, 22.39, 0, 0, -17.089, -17.552, -17.089, -17.552, 1, 82.196, 82.196, 0.024, 0.03, -1675.995, -1721.273, -1675.995, -1721.273, 6.475, 7.383, 22.39, , , 1, 36.94, 0.265, 0, 12.5, 3.539, 144, 0, 0, 0, 49.607, 1.406, 1.261, 91.4, 15.47, 100, 0, 0, 25.242, 26.246, 0.804, 0.586, 93.299, 0, 0, 98.692, 83.449, 0, 0, 0.265, 0, 0, 14.1, 0, 12.5, 0, 3.539, 144, 0, 0, 0, 49.607, 1, 0.002, 0.001, 91.4, 15.47, 100, 0, 0, 141, 25.242, 26.246, 0.804, 0.586, 0, 93.299, 0, 0, 98.692, 83.449, 0, 0, 0, 0, 
36.9, 22.125, 100.44, 63.72, 64.4, , -3.222, 0.974, 4212.094, 4212.094, 0.232, -73.677, -73.677, -73.677, 3.815, 87.341, 35.42, 36.14, 7.382, 22.39, 0, 0, -15.696, -16.122, -15.696, -16.122, 1, 82.029, 82.029, 0.024, 0.03, -1628.282, -1672.271, -1628.282, -1672.271, 6.466, 7.382, 22.39, , , 1, 36.99, 0.335, 0, 12.5, 3.531, 144, 0, 0, 0, 50.043, 1.773, 1.591, 91.4, 15.663, 100, 0, 0, 24.803, 26.057, 1.014, 0.596, 93.254, 0, 0, 98.218, 83.252, 0, 0, 0.335, 0, 0, 14.1, 0, 12.5, 0, 3.531, 144, 0, 0, 0, 50.043, 1, 0.002, 0.002, 91.4, 15.663, 100, 0, 0, 141, 24.803, 26.057, 1.014, 0.596, 0, 93.254, 0, 0, 98.218, 83.252, 0, 0, 0, 0, 
36.95, 22.126, 100.44, 63.72, 64.4, , -3, 0.974, 4218.088, 4218.088, 0.138, -68.419, -68.419, -68.419, 6.026, 88.135, 35.42, 36.14, 7.382, 22.39, 0, 0, -14.544, -14.939, -14.544, -14.939, 1, 81.872, 81.872, 0.024, 0.03, -1549.308, -1591.163, -1549.308, -1591.163, 6.456, 7.382, 22.39, , , 1, 37.041, 0.413, 0, 12.5, 3.526, 144, 0, 0, 0, 50.754, 2.156, 1.944, 91.4, 15.882, 100, 0, 0, 25.692, 27.005, 1.252, 0.616, 93.313, 0, 0, 97.685, 83.03, 0, 0, 0.413, 0, 0, 14.1, 0, 12.5, 0, 3.526, 144, 0, 0, 0, 50.754, 1, 0.002, 0.002, 91.4, 15.882, 100, 0, 0, 141, 25.692, 27.005, 1.252, 0.616, 0, 93.313, 0, 0, 97.682, 83.03, 0, 0, 0, 0, 
37, 22.127, 100.44, 63.72, 64.4, , -2.921, 0.974, 4224.075, 4224.075, 0.045, -66.549, -66.549, -66.549, 9.276, 88.929, 35.42, 36.14, 7.382, 22.39, 0, 0, -14.123, -14.505, -14.123, -14.505, 1, 81.726, 81.726, 0.024, 0.03, -1439.781, -1478.678, -1439.781, -1478.678, 6.447, 7.382, 22.39, , , 1, 37.09, 0.492, 0, 12.5, 3.521, 144, 0, 0, 0, 51.464, 2.538, 2.297, 91.4, 16.101, 100, 0, 0, 26.581, 27.953, 1.49, 0.636, 93.373, 0, 0, 97.152, 82.809, 0, 0, 0.492, 0, 0, 14.1, 0, 12.5, 0, 3.521, 144, 0, 0, 0, 51.464, 1, 0.003, 0.002, 91.4, 16.101, 100, 0, 0, 141, 26.581, 27.953, 1.49, 0.636, 0, 93.373, 0, 0, 97.146, 82.809, 0, 0, 0, 0, 
37.05, 22.128, 100.44, 63.72, 64.4, , -2.854, 0.974, 4230.16, 4230.16, 0.2, -64.977, -64.977, -64.977, 13.648, 86.691, 35.42, 36.14, 7.38, 22.39, 0, 0, -13.765, -14.137, -13.765, -14.137, 1, 81.58, 81.58, 0.024, 0.03, -338.284, -347.423, -338.284, -347.423, 6.434, 7.38, 22.39, , , 1, 37.14, 0.57, 0, 12.5, 3.516, 144, 0, 0, 0, 52.175, 2.921, 2.65, 91.4, 16.32, 100, 0, 0, 27.469, 28.9, 1.729, 0.657, 93.432, 0, 0, 96.618, 82.587, 0, 0, 0.57, 0, 0, 14.1, 0, 12.5, 0, 3.516, 144, 0, 0, 0, 52.175, 1, 0.003, 0.003, 91.4, 16.32, 100, 0, 0, 141, 27.469, 28.9, 1.729, 0.657, 0, 93.432, 0, 0, 96.611, 82.587, 0, 0, 0, 0, 
37.1, 22.129, 100.44, 63.72, 64.4, , -2.803, 0.974, 4236.169, 4236.169, 0.585, -63.753, -63.753, -63.753, 18.453, 81.653, 35.42, 36.14, 7.379, 22.383, 0, 0, -13.481, -13.844, -13.481, -13.844, 1, 81.438, 81.438, 0.024, 0.03, -60.287, -61.915, -60.287, -61.915, 6.419, 7.379, 22.383, , , 1, 37.191, 0.649, 0, 12.5, 3.511, 144, 0, 0, 0, 52.886, 3.304, 3.004, 91.4, 16.539, 100, 0, 0, 28.358, 29.848, 1.967, 0.677, 93.492, 0, 0, 96.085, 82.365, 0, 0, 0.649, 0, 0, 14.1, 0, 12.5, 0, 3.511, 144, 0, 0, 0, 52.886, 1, 0.003, 0.003, 91.4, 16.539, 100, 0, 0, 141, 28.358, 29.848, 1.967, 0.677, 0, 93.492, 0, 0, 96.075, 82.365, 0, 0, 0, 0, 
37.15, 22.131, 100.44, 63.72, 64.4, , -2.64, 0.974, 4242.156, 4242.156, 0.969, -59.906, -59.906, -59.906, 23.282, 76.616, 35.413, 36.111, 7.379, 22.331, 0, 0, -12.647, -12.988, -12.647, -12.988, 1, 81.302, 81.302, 0.024, 0.03, -40.786, -41.888, -40.786, -41.888, 6.404, 7.379, 22.331, , , 1, 37.24, 0.56, 0, 12.545, 3.504, 144.089, 0, 0, 0, 53.175, 3.346, 3.06, 91.558, 17.525, 100, 0, 0, 28.938, 30.219, 2.357, 0.687, 93.5, 0, 0, 96, 82.222, 0, 0, 0.56, 0, 0, 14.1, 0, 12.545, 0, 3.504, 144.089, 0, 0, 0, 53.175, 1, 0.003, 0.003, 91.558, 17.525, 100, 0, 0, 141, 28.938, 30.219, 2.357, 0.687, 0, 93.5, 0, 0, 96, 82.222, 0, 0, 0, 0, 
37.2, 22.132, 100.44, 63.72, 64.4, , -2.563, 0.974, 4248.066, 4248.066, 1.354, -58.075, -58.075, -58.075, 28.127, 71.578, 35.341, 35.823, 7.378, 22.245, 0, 0, -12.241, -12.571, -12.241, -12.571, 1, 81.172, 81.172, 0.024, 0.03, -31.027, -31.866, -31.027, -31.866, 6.389, 7.378, 22.245, , , 1, 37.29, 0.444, 0, 12.596, 3.497, 144.193, 0, 0, 0, 53.383, 3.323, 3.06, 91.745, 18.636, 100, 0, 0, 29.458, 30.479, 2.772, 0.695, 93.5, 0, 0, 96, 82.092, 0, 0, 0.444, 0, 0, 14.1, 0, 12.596, 0, 3.497, 144.193, 0, 0, 0, 53.383, 1, 0.003, 0.003, 91.745, 18.636, 100, 0, 0, 141, 29.458, 30.479, 2.772, 0.695, 0, 93.5, 0, 0, 96, 82.092, 0, 0, 0, 0, 
37.25, 22.133, 100.44, 63.72, 64.4, , -2.579, 0.974, 4254.011, 4254.011, 1.739, -58.452, -58.452, -58.452, 33.004, 66.541, 35.269, 35.535, 7.378, 21.918, 0, 0, -12.301, -12.633, -12.301, -12.633, 1, 81.042, 81.042, 0.024, 0.03, -25.858, -26.559, -25.858, -26.559, 6.387, 7.378, 21.918, , , 1, 37.341, 0.328, 0, 12.648, 3.491, 144.297, 0, 0, 0, 53.592, 3.3, 3.06, 91.932, 19.747, 100, 0, 0, 29.979, 30.74, 3.187, 0.704, 93.5, 0, 0, 96, 81.963, 0, 0, 0.328, 0, 0, 14.1, 0, 12.648, 0, 3.491, 144.297, 0, 0, 0, 53.592, 1, 0.003, 0.003, 91.932, 19.747, 100, 0, 0, 141, 29.979, 30.74, 3.187, 0.704, 0, 93.5, 0, 0, 96, 81.963, 0, 0, 0, 0, 
37.3, 22.134, 100.44, 63.72, 64.4, , -2.498, 0.974, 4259.998, 4259.998, 2.123, -56.538, -56.538, -56.538, 37.44, 61.504, 35.197, 35.247, 7.378, 21.553, 0, 0, -11.88, -12.201, -11.88, -12.201, 1, 80.912, 80.912, 0.024, 0.03, -21.65, -22.237, -21.65, -22.237, 6.401, 7.378, 21.553, , , 1, 37.391, 0.212, 0, 12.7, 3.484, 144.4, 0, 0, 0, 53.8, 3.277, 3.06, 92.12, 20.858, 100, 0, 0, 30.5, 31, 3.602, 0.712, 93.5, 0, 0, 96, 81.834, 0, 0, 0.212, 0, 0, 14.1, 0, 12.7, 0, 3.484, 144.4, 0, 0, 0, 53.8, 1, 0.003, 0.003, 92.12, 20.858, 100, 0, 0, 141, 30.5, 31, 3.602, 0.712, 0, 93.5, 0, 0, 96, 81.834, 0, 0, 0, 0, 
37.35, 22.135, 100.44, 63.72, 64.4, , -2.407, 0.974, 4265.985, 4265.985, 2.508, -54.401, -54.401, -54.401, 40.758, 56.466, 35.125, 34.959, 7.379, 20.844, 0, 0, -11.414, -11.721, -11.414, -11.721, 1, 80.791, 80.791, 0.024, 0.03, -18.702, -19.209, -18.702, -19.209, 6.414, 7.379, 20.844, , , 1, 37.441, 0.099, 0, 12.749, 3.477, 144.504, 0, 0, 0, 53.983, 3.251, 3.057, 92.308, 21.928, 100, 0, 0, 30.996, 31.244, 4, 0.72, 93.494, 0, 0, 96.002, 81.705, 0, 0, 0.099, 0, 0, 14.1, 0, 12.749, 0, 3.477, 144.504, 0, 0, 0, 53.983, 1, 0.003, 0.003, 92.308, 21.928, 100, 0, 0, 141, 30.996, 31.244, 4, 0.72, 0, 93.494, 0, 0, 96.002, 81.705, 0, 0, 0, 0, 
37.4, 22.136, 100.44, 63.72, 64.4, , -2.54, 0.974, 4271.882, 4271.882, 2.892, -57.543, -57.543, -57.543, 42.845, 51.429, 35.046, 34.758, 7.379, 20.111, 0, 0, -12.052, -12.375, -12.052, -12.375, 1, 80.668, 80.668, 0.024, 0.03, -18.425, -18.926, -18.425, -18.926, 6.428, 7.379, 20.111, , , 1, 37.49, 0.087, 0.004, 12.728, 3.472, 144.609, 0, 0, 0, 53.565, 3.156, 2.99, 92.496, 22.006, 100, 0, 0, 30.891, 31.087, 4, 0.711, 93.337, 0, 0, 96.054, 81.575, 0, 0, 0.087, 0, 0, 14.1, 0.004, 12.728, 0, 3.472, 144.609, 0, 0, 0, 53.565, 1, 0.003, 0.003, 92.496, 22.006, 100, 0, 0, 141, 30.891, 31.087, 4, 0.711, 0, 93.337, 0, 0, 96.054, 81.575, 0, 0, 0, 0, 
37.45, 22.137, 100.44, 63.72, 64.4, , -2.934, 0.974, 4277.837, 4277.837, 3.277, -66.906, -66.906, -66.906, 43.807, 46.391, 34.902, 35.334, 7.38, 19.092, 0, 0, -13.985, -14.36, -13.985, -14.36, 1, 80.531, 80.531, 0.024, 0.03, -21.023, -21.592, -21.023, -21.592, 6.444, 7.38, 19.092, , , 1, 37.54, 0.074, 0.009, 12.707, 3.467, 144.713, 0, 0, 0, 53.146, 3.061, 2.923, 92.684, 22.083, 100, 0, 0, 30.787, 30.93, 4, 0.703, 93.18, 0, 0, 96.107, 81.445, 0, 0, 0.074, 0, 0, 14.1, 0.009, 12.707, 0, 3.467, 144.713, 0, 0, 0, 53.146, 1, 0.003, 0.003, 92.684, 22.083, 100, 0, 0, 141, 30.787, 30.93, 4, 0.703, 0, 93.18, 0, 0, 96.107, 81.445, 0, 0, 0, 0, 
37.5, 22.139, 100.44, 63.72, 64.4, , -3.153, 0.974, 4283.707, 4283.707, 3.662, -72.089, -72.089, -72.089, 43.672, 41.354, 34.758, 35.91, 7.38, 18.078, 0, 0, -15.036, -15.439, -15.036, -15.439, 1, 80.379, 80.379, 0.024, 0.03, -22.87, -23.489, -22.87, -23.489, 6.47, 7.38, 18.078, , , 1, 37.591, 0.062, 0.013, 12.686, 3.462, 144.818, 0, 0, 0, 52.728, 2.966, 2.856, 92.872, 22.16, 100, 0, 0, 30.682, 30.773, 4, 0.695, 93.023, 0, 0, 96.159, 81.316, 0, 0, 0.062, 0, 0, 14.1, 0.013, 12.686, 0, 3.462, 144.818, 0, 0, 0, 52.728, 1, 0.003, 0.003, 92.872, 22.16, 100, 0, 0, 141, 30.682, 30.773, 4, 0.695, 0, 93.023, 0, 0, 96.159, 81.316, 0, 0, 0, 0, 
37.55, 22.14, 100.44, 63.72, 64.4, , -3.427, 0.974, 4289.628, 4289.628, 3.704, -78.593, -78.593, -78.593, 42.444, 54.14, 34.614, 36.486, 7.38, 17.147, 0, 0, -16.359, -16.799, -16.359, -16.799, 1, 80.216, 80.216, 0.024, 0.031, -25.629, -26.322, -25.629, -26.322, 6.495, 7.38, 17.147, , , 1, 37.64, 0.049, 0.017, 12.665, 3.457, 144.923, 0, 0, 0, 52.31, 2.87, 2.79, 93.061, 22.238, 100, 0, 0, 30.577, 30.616, 4, 0.686, 92.866, 0, 0, 96.211, 81.186, 0, 0, 0.049, 0, 0, 14.1, 0.017, 12.665, 0, 3.457, 144.923, 0, 0, 0, 52.31, 1, 0.003, 0.003, 93.061, 22.238, 100, 0, 0, 141, 30.577, 30.616, 4, 0.686, 0, 92.866, 0, 0, 96.211, 81.186, 0, 0, 0, 0, 
37.6, 22.141, 100.44, 63.72, 64.4, , -3.713, 0.974, 4295.562, 4295.562, 3.578, -85.386, -85.386, -85.386, 40.949, 55.014, 34.47, 37.062, 7.379, 16.237, 0, 0, -17.739, -18.218, -17.739, -18.218, 1, 80.035, 80.035, 0.024, 0.031, -28.664, -29.438, -28.664, -29.438, 6.521, 7.379, 16.237, , , 1, 37.691, 0.038, 0.021, 12.647, 3.451, 145, 0, 0, 0, 51.838, 2.711, 2.655, 93.2, 22.115, 100, 0, 0, 30.473, 30.473, 3.892, 0.675, 92.682, 0, 0, 96.318, 81.056, 0, 0, 0.038, 0, 0, 14.1, 0.021, 12.647, 0, 3.451, 145, 0, 0, 0, 51.838, 1, 0.002, 0.002, 93.2, 22.115, 100, 0, 0, 141, 30.473, 30.473, 3.892, 0.675, 0, 92.682, 0, 0, 96.318, 81.056, 0, 0, 0, 0, 
37.65, 22.142, 100.44, 63.72, 64.4, , -3.87, 0.974, 4301.42, 4301.42, 3.453, -89.121, -89.121, -89.121, 39.479, 55.888, 34.362, 37.53, 7.379, 15.826, 0, 0, -18.48, -18.98, -18.48, -18.98, 1, 79.846, 79.846, 0.024, 0.031, -30.798, -31.63, -30.798, -31.63, 6.545, 7.379, 15.826, , , 1, 37.741, 0.029, 0.023, 12.637, 3.443, 145, 0, 0, 0, 51.212, 2.369, 2.328, 93.2, 21.424, 100, 0, 0, 30.369, 30.369, 3.475, 0.658, 92.422, 0, 0, 96.578, 80.927, 0, 0, 0.029, 0, 0, 14.1, 0.023, 12.637, 0, 3.443, 145, 0, 0, 0, 51.212, 1, 0.002, 0.002, 93.2, 21.424, 100, 0, 0, 141, 30.369, 30.369, 3.475, 0.658, 0, 92.422, 0, 0, 96.578, 80.927, 0, 0, 0, 0, 
37.7, 22.143, 100.44, 63.72, 64.4, , -3.847, 0.974, 4306.518, 4306.518, 3.327, -88.574, -88.574, -88.574, 37.979, 56.762, 34.578, 37.026, 7.378, 15.414, 0, 0, -18.327, -18.824, -18.327, -18.824, 1, 79.649, 79.649, 0.024, 0.031, -31.63, -32.484, -31.63, -32.484, 6.536, 7.378, 15.414, , , 1, 37.791, 0.021, 0.025, 12.626, 3.436, 145, 0, 0, 0, 50.588, 2.028, 2.001, 93.2, 20.732, 100, 0, 0, 30.265, 30.265, 3.058, 0.64, 92.161, 0, 0, 96.839, 80.798, 0, 0, 0.021, 0, 0, 14.1, 0.025, 12.626, 0, 3.436, 145, 0, 0, 0, 50.588, 1, 0.002, 0.002, 93.2, 20.732, 100, 0, 0, 141, 30.265, 30.265, 3.058, 0.64, 0, 92.161, 0, 0, 96.839, 80.798, 0, 0, 0, 0, 
37.75, 22.144, 100.44, 63.72, 64.4, , -3.717, 0.974, 4310.877, 4310.877, 3.201, -85.493, -85.493, -85.493, 37.085, 57.637, 34.794, 36.522, 7.378, 15.712, 0, 0, -17.657, -18.136, -17.657, -18.136, 1, 79.534, 79.534, 0.024, 0.031, -31.45, -32.3, -31.45, -32.3, 6.528, 7.378, 15.712, , , 1, 37.84, 0.013, 0.027, 12.616, 3.428, 145, 0, 0, 0, 49.962, 1.686, 1.674, 93.2, 20.04, 100, 0, 0, 30.16, 30.16, 2.642, 0.622, 91.901, 0, 0, 97.099, 80.669, 0, 0, 0.013, 0, 0, 14.1, 0.027, 12.616, 0, 3.428, 145, 0, 0, 0, 49.962, 1, 0.001, 0.001, 93.2, 20.04, 100, 0, 0, 141, 30.16, 30.16, 2.642, 0.622, 0, 91.901, 0, 0, 97.099, 80.669, 0, 0, 0, 0, 
37.8, 22.145, 100.44, 63.72, 64.4, , -3.623, 0.974, 4316.714, 4316.714, 3.076, -83.281, -83.281, -83.281, 35.579, 58.511, 35.01, 36.018, 7.377, 16.01, 0, 0, -17.16, -17.624, -17.16, -17.624, 1, 79.349, 79.349, 0.024, 0.031, -31.986, -32.849, -31.986, -32.849, 6.519, 7.377, 16.01, , , 1, 37.89, 0.004, 0.029, 12.606, 3.42, 145, 0, 0, 0, 49.338, 1.344, 1.347, 93.2, 19.348, 100, 0, 0, 30.056, 30.056, 2.225, 0.605, 91.641, 0, 0, 97.359, 80.54, 0, 0, 0.004, 0, 0, 14.1, 0.029, 12.606, 0, 3.42, 145, 0, 0, 0, 49.338, 1, 0.001, 0.001, 93.2, 19.348, 100, 0, 0, 141, 30.056, 30.056, 2.225, 0.605, 0, 91.641, 0, 0, 97.359, 80.54, 0, 0, 0, 0, 
37.85, 22.147, 100.44, 63.72, 64.4, , -3.692, 0.974, 4322.552, 4322.552, 2.95, -84.916, -84.916, -84.916, 34.063, 59.385, 35.226, 35.514, 7.377, 16.855, 0, 0, -17.451, -17.924, -17.451, -17.924, 1, 79.166, 79.166, 0.024, 0.03, -34.244, -35.167, -34.244, -35.167, 6.511, 7.377, 16.855, , , 1, 37.941, 0, 0.028, 12.605, 3.411, 145, 0, 0, 0, 48.895, 1.039, 1.048, 93.2, 18.705, 100, 0, 0, 30, 30, 1.791, 0.59, 91.422, 0, 0, 97.552, 80.372, 0, 0, 0, 0, 0, 14.1, 0.028, 12.605, 0, 3.411, 145, 0, 0, 0, 48.895, 1, 0.001, 0.001, 93.2, 18.705, 100, 0, 0, 141, 30, 30, 1.791, 0.59, 0, 91.422, 0, 0, 97.552, 80.372, 0, 0, 0, 0, 
37.9, 22.148, 100.44, 63.72, 64.4, , -3.827, 0.974, 4328.39, 4328.39, 2.824, -88.134, -88.134, -88.134, 32.54, 60.259, 35.42, 35.071, 7.377, 17.711, 0, 0, -18.067, -18.556, -18.067, -18.556, 1, 78.976, 78.976, 0.024, 0.03, -37.3, -38.306, -37.3, -38.306, 6.5, 7.377, 17.711, , , 1, 37.99, 0, 0.023, 12.617, 3.401, 145, 0, 0, 0, 48.668, 0.775, 0.782, 93.2, 18.117, 100, 0, 0, 30, 30, 1.336, 0.58, 91.251, 0, 0, 97.666, 80.16, 0, 0, 0, 0, 0, 14.1, 0.023, 12.617, 0, 3.401, 145, 0, 0, 0, 48.668, 1, 0.001, 0.001, 93.2, 18.117, 100, 0, 0, 141, 30, 30, 1.336, 0.58, 0, 91.251, 0, 0, 97.666, 80.16, 0, 0, 0, 0, 
37.95, 22.149, 100.44, 63.72, 64.4, , -3.948, 0.974, 4334.159, 4334.159, 2.699, -90.997, -90.997, -90.997, 31.01, 61.133, 35.42, 35.179, 7.377, 18.678, 0, 0, -18.608, -19.113, -18.608, -19.113, 1, 78.779, 78.779, 0.024, 0.03, -40.384, -41.474, -40.384, -41.474, 6.489, 7.377, 18.678, , , 1, 38.041, 0, 0.019, 12.628, 3.391, 145, 0, 0, 0, 48.441, 0.511, 0.516, 93.2, 17.53, 100, 0, 0, 30, 30, 0.882, 0.57, 91.081, 0, 0, 97.78, 79.947, 0, 0, 0, 0, 0, 14.1, 0.019, 12.628, 0, 3.391, 145, 0, 0, 0, 48.441, 1, 0, 0, 93.2, 17.53, 100, 0, 0, 141, 30, 30, 0.882, 0.57, 0, 91.081, 0, 0, 97.78, 79.947, 0, 0, 0, 0, 
38, 22.15, 100.44, 63.72, 64.4, , -4.078, 0.974, 4339.948, 4339.948, 2.573, -94.104, -94.104, -94.104, 29.499, 62.007, 35.42, 35.287, 7.377, 19.649, 0, 0, -19.196, -19.717, -19.196, -19.717, 1, 78.58, 78.58, 0.024, 0.03, -43.817, -45.001, -43.817, -45.001, 6.477, 7.377, 19.649, , , 1, 38.09, 0, 0.014, 12.639, 3.38, 145, 0, 0, 0, 48.214, 0.248, 0.25, 93.2, 16.942, 100, 0, 0, 30, 30, 0.427, 0.56, 90.91, 0, 0, 97.893, 79.735, 0, 0, 0, 0, 0, 14.1, 0.014, 12.639, 0, 3.38, 145, 0, 0, 0, 48.214, 1, 0, 0, 93.2, 16.942, 100, 0, 0, 141, 30, 30, 0.427, 0.56, 0, 90.91, 0, 0, 97.893, 79.735, 0, 0, 0, 0, 
38.05, 22.152, 100.44, 63.72, 64.4, , -4.165, 0.974, 4345.777, 4345.777, 2.448, -96.159, -96.159, -96.159, 27.969, 62.881, 35.42, 35.395, 7.377, 20.349, 0, 0, -19.567, -20.098, -19.567, -20.098, 1, 78.373, 78.373, 0.024, 0.03, -47.121, -48.395, -47.121, -48.395, 6.466, 7.377, 20.349, , , 1, 38.14, 0, 0.01, 12.651, 3.37, 145, 0, 0, 0, 48.013, 0, 0, 93.2, 16.404, 100, 0, 0, 30, 30, 0.007, 0.55, 90.747, 0, 0, 97.977, 79.527, 0, 0, 0, 0, 0, 14.1, 0.01, 12.651, 0, 3.37, 145, 0, 0, 0, 48.013, 1, 0, 0, 93.2, 16.404, 100, 0, 0, 141, 30, 30, 0.007, 0.55, 0, 90.747, 0, 0, 97.977, 79.527, 0, 0, 0, 0, 
38.1, 22.154, 100.44, 63.72, 64.4, , -4.125, 0.974, 4351.506, 4351.506, 2.322, -95.22, -95.22, -95.22, 26.425, 63.756, 35.42, 35.503, 7.377, 21.033, 0, 0, -19.324, -19.848, -19.324, -19.848, 1, 78.164, 78.164, 0.024, 0.03, -49.439, -50.774, -49.439, -50.774, 6.455, 7.377, 21.033, , , 1, 38.191, 0.007, 0.008, 12.662, 3.361, 145, 0, 0, 0, 48.23, 0, 0, 93.2, 16.645, 100, 0, 0, 30, 30, 0.115, 0.55, 90.692, 0, 0, 97.597, 79.391, 0, 0, 0.007, 0, 0, 14.1, 0.008, 12.662, 0, 3.361, 145, 0, 0, 0, 48.23, 1, 0, 0, 93.2, 16.645, 100, 0, 0, 141, 30, 30, 0.115, 0.55, 0, 90.692, 0, 0, 97.597, 79.391, 0, 0, 0, 0, 
38.15, 22.156, 100.44, 63.72, 64.4, , -4.095, 0.974, 4357.281, 4357.281, 2.196, -94.513, -94.513, -94.513, 24.883, 64.63, 35.413, 35.6, 7.377, 21.457, 0, 0, -19.129, -19.648, -19.129, -19.648, 1, 77.959, 77.959, 0.024, 0.03, -52.226, -53.636, -52.226, -53.636, 6.445, 7.377, 21.457, , , 1, 38.241, 0.013, 0.006, 12.672, 3.353, 145, 0, 0, 0, 48.448, 0, 0, 93.2, 16.885, 100, 0, 0, 30, 30, 0.224, 0.55, 90.638, 0, 0, 97.216, 79.255, 0, 0, 0.013, 0, 0, 14.1, 0.006, 12.672, 0, 3.353, 145, 0, 0, 0, 48.448, 1, 0, 0, 93.2, 16.885, 100, 0, 0, 141, 30, 30, 0.224, 0.55, 0, 90.638, 0, 0, 97.216, 79.255, 0, 0, 0, 0, 
38.2, 22.158, 100.44, 63.72, 64.4, , -4.077, 0.974, 4362.976, 4362.976, 2.071, -94.095, -94.095, -94.095, 23.307, 65.504, 35.341, 35.6, 7.377, 21.859, 0, 0, -18.996, -19.51, -18.996, -19.51, 1, 77.752, 77.752, 0.024, 0.03, -55.536, -57.036, -55.536, -57.036, 6.435, 7.377, 21.859, , , 1, 38.29, 0.02, 0.003, 12.683, 3.344, 145, 0, 0, 0, 48.665, 0, 0, 93.2, 17.125, 100, 0, 0, 30, 30, 0.333, 0.55, 90.584, 0, 0, 96.836, 79.119, 0, 0, 0.02, 0, 0, 14.1, 0.003, 12.683, 0, 3.344, 145, 0, 0, 0, 48.665, 1, 0, 0, 93.2, 17.125, 100, 0, 0, 141, 30, 30, 0.333, 0.55, 0, 90.584, 0, 0, 96.836, 79.119, 0, 0, 0, 0, 
38.25, 22.159, 100.44, 63.72, 64.4, , -4.077, 0.974, 4368.671, 4368.671, 1.945, -94.091, -94.091, -94.091, 21.746, 66.378, 35.269, 35.6, 7.377, 22.037, 0, 0, -18.946, -19.459, -18.946, -19.459, 1, 77.548, 77.548, 0.024, 0.03, -59.588, -61.197, -59.588, -61.197, 6.425, 7.377, 22.037, , , 1, 38.34, 0.026, 0.001, 12.694, 3.335, 145, 0, 0, 0, 48.883, 0, 0, 93.2, 17.365, 100, 0, 0, 30, 30, 0.441, 0.55, 90.529, 0, 0, 96.455, 78.983, 0, 0, 0.026, 0, 0, 14.1, 0.001, 12.694, 0, 3.335, 145, 0, 0, 0, 48.883, 1, 0, 0, 93.2, 17.365, 100, 0, 0, 141, 30, 30, 0.441, 0.55, 0, 90.529, 0, 0, 96.455, 78.983, 0, 0, 0, 0, 
38.3, 22.161, 100.44, 63.72, 64.4, , -3.68, 0.974, 4374.48, 4374.48, 1.819, -84.689, -84.689, -84.689, 20.171, 67.252, 35.197, 35.6, 7.377, 22.19, 0, 0, -17.018, -17.478, -17.018, -17.478, 1, 77.352, 77.352, 0.024, 0.03, -56.877, -58.415, -56.877, -58.415, 6.417, 7.377, 22.19, , , 1, 38.391, 0.036, 0.004, 12.705, 3.329, 145, 0, 0, 0, 49.192, 0.136, 0.112, 93.2, 17.654, 100, 0, 0, 30.024, 29.809, 0.644, 0.557, 90.524, 0, 0, 96.082, 78.762, 0, 0, 0.036, 0, 0, 14.1, 0.004, 12.705, 0, 3.329, 145, 0, 0, 0, 49.192, 1, 0, 0, 93.2, 17.654, 100, 0, 0, 141, 30.024, 29.809, 0.644, 0.557, 0, 90.524, 0, 0, 96.082, 78.762, 0, 0, 0, 0, 
38.35, 22.163, 100.44, 63.72, 64.4, , -3.208, 0.974, 4380.126, 4380.126, 1.694, -73.505, -73.505, -73.505, 18.582, 68.126, 35.125, 35.6, 7.378, 22.288, 0, 0, -14.743, -15.141, -14.743, -15.141, 1, 77.18, 77.18, 0.024, 0.03, -52.778, -54.205, -52.778, -54.205, 6.414, 7.378, 22.288, , , 1, 38.44, 0.048, 0.012, 12.715, 3.327, 145, 0, 0, 0, 49.608, 0.432, 0.356, 93.2, 18, 100, 0, 0, 30.076, 29.394, 0.956, 0.573, 90.576, 0, 0, 95.718, 78.44, 0, 0, 0.048, 0, 0, 14.1, 0.012, 12.715, 0, 3.327, 145, 0, 0, 0, 49.608, 1, 0, 0, 93.2, 18, 100, 0, 0, 141, 30.076, 29.394, 0.956, 0.573, 0, 90.576, 0, 0, 95.718, 78.44, 0, 0, 0, 0, 
38.4, 22.165, 100.44, 63.72, 64.4, , -3.018, 0.974, 4385.756, 4385.756, 1.568, -68.985, -68.985, -68.985, 16.976, 69.001, 35.071, 35.622, 7.378, 22.377, 0, 0, -13.805, -14.177, -13.805, -14.177, 1, 77.024, 77.024, 0.024, 0.03, -55.207, -56.701, -55.207, -56.701, 6.41, 7.378, 22.377, , , 1, 38.49, 0.061, 0.02, 12.726, 3.325, 145, 0, 0, 0, 50.025, 0.727, 0.6, 93.2, 18.346, 100, 0, 0, 30.128, 28.979, 1.269, 0.588, 90.628, 0, 0, 95.353, 78.119, 0, 0, 0.061, 0, 0, 14.1, 0.02, 12.726, 0, 3.325, 145, 0, 0, 0, 50.025, 1, 0.001, 0.001, 93.2, 18.346, 100, 0, 0, 141, 30.128, 28.979, 1.269, 0.588, 0, 90.628, 0, 0, 95.353, 78.119, 0, 0, 0, 0, 
38.45, 22.167, 100.44, 63.72, 64.4, , -2.996, 0.974, 4391.452, 4391.452, 1.442, -68.482, -68.482, -68.482, 15.37, 69.875, 35.179, 35.838, 7.379, 22.39, 0, 0, -13.667, -14.037, -13.667, -14.037, 1, 76.874, 76.874, 0.024, 0.03, -63.13, -64.836, -63.13, -64.836, 6.406, 7.379, 22.39, , , 1, 38.541, 0.073, 0.029, 12.736, 3.322, 145, 0, 0, 0, 50.442, 1.023, 0.843, 93.2, 18.692, 100, 0, 0, 30.179, 28.564, 1.581, 0.604, 90.68, 0, 0, 94.989, 77.797, 0, 0, 0.073, 0, 0, 14.1, 0.029, 12.736, 0, 3.322, 145, 0, 0, 0, 50.442, 1, 0.001, 0.001, 93.2, 18.692, 100, 0, 0, 141, 30.179, 28.564, 1.581, 0.604, 0, 90.68, 0, 0, 94.989, 77.797, 0, 0, 0, 0, 
38.5, 22.169, 100.44, 63.72, 64.4, , -2.989, 0.974, 4397.139, 4397.139, 1.317, -68.311, -68.311, -68.311, 13.763, 70.749, 35.287, 36.054, 7.379, 22.39, 0, 0, -13.596, -13.964, -13.596, -13.964, 1, 76.724, 76.724, 0.024, 0.03, -73.28, -75.261, -73.28, -75.261, 6.397, 7.379, 22.39, , , 1, 38.59, 0.086, 0.037, 12.746, 3.32, 145, 0, 0, 0, 50.858, 1.319, 1.087, 93.2, 19.037, 100, 0, 0, 30.231, 28.149, 1.894, 0.619, 90.732, 0, 0, 94.624, 77.476, 0, 0, 0.086, 0, 0, 14.1, 0.037, 12.746, 0, 3.32, 145, 0, 0, 0, 50.858, 1, 0.001, 0.001, 93.2, 19.037, 100, 0, 0, 141, 30.231, 28.149, 1.894, 0.619, 0, 90.732, 0, 0, 94.624, 77.476, 0, 0, 0, 0, 
38.55, 22.171, 100.44, 63.72, 64.4, , -3.187, 0.974, 4402.728, 4402.728, 1.191, -73.015, -73.015, -73.015, 12.124, 71.623, 35.395, 36.27, 7.379, 22.39, 0, 0, -14.508, -14.901, -14.508, -14.901, 1, 76.57, 76.57, 0.024, 0.03, -87.718, -90.088, -87.718, -90.088, 6.378, 7.379, 22.39, , , 1, 38.641, 0.094, 0.045, 12.757, 3.32, 145, 0, 0, 0, 51.138, 1.616, 1.332, 93.2, 19.307, 100, 0, 0, 30.283, 28.335, 2.138, 0.63, 90.784, 0, 0, 94.431, 77.318, 0, 0, 0.094, 0, 0, 14.1, 0.045, 12.757, 0, 3.32, 145, 0, 0, 0, 51.138, 1, 0.002, 0.001, 93.2, 19.307, 100, 0, 0, 141, 30.283, 28.335, 2.138, 0.63, 0, 90.784, 0, 0, 94.431, 77.318, 0, 0, 0, 0, 
38.6, 22.173, 100.44, 63.72, 64.4, , -3.54, 0.974, 4408.369, 4408.369, 1.065, -81.391, -81.391, -81.391, 10.514, 72.497, 35.503, 36.486, 7.38, 22.39, 0, 0, -16.144, -16.582, -16.144, -16.582, 1, 76.402, 76.402, 0.024, 0.03, -111.682, -114.7, -111.682, -114.7, 6.36, 7.38, 22.39, , , 1, 38.69, 0.1, 0.054, 12.767, 3.321, 145, 0, 0, 0, 51.346, 1.914, 1.578, 93.2, 19.537, 100, 0, 0, 30.336, 28.858, 2.346, 0.637, 90.836, 0, 0, 94.327, 77.254, 0, 0, 0.1, 0, 0, 14.1, 0.054, 12.767, 0, 3.321, 145, 0, 0, 0, 51.346, 1, 0.002, 0.001, 93.2, 19.537, 100, 0, 0, 141, 30.336, 28.858, 2.346, 0.637, 0, 90.836, 0, 0, 94.327, 77.254, 0, 0, 0, 0, 
38.65, 22.175, 100.44, 63.72, 64.4, , -3.595, 0.974, 4414.004, 4414.004, 0.94, -82.714, -82.714, -82.714, 8.871, 73.371, 35.596, 36.669, 7.38, 22.39, 0, 0, -16.372, -16.814, -16.372, -16.814, 1, 76.22, 76.22, 0.024, 0.03, -135.854, -139.524, -135.854, -139.524, 6.342, 7.38, 22.39, , , 1, 38.741, 0.107, 0.062, 12.778, 3.322, 145, 0, 0, 0, 51.554, 2.212, 1.824, 93.2, 19.767, 100, 0, 0, 30.388, 29.381, 2.554, 0.644, 90.889, 0, 0, 94.223, 77.189, 0, 0, 0.107, 0, 0, 14.1, 0.062, 12.778, 0, 3.322, 145, 0, 0, 0, 51.554, 1, 0.002, 0.002, 93.2, 19.767, 100, 0, 0, 141, 30.388, 29.381, 2.554, 0.644, 0, 90.889, 0, 0, 94.223, 77.189, 0, 0, 0, 0, 
38.7, 22.177, 100.44, 63.72, 64.4, , -3.44, 0.974, 4419.599, 4419.599, 0.814, -79.04, -79.04, -79.04, 7.245, 74.245, 35.561, 36.564, 7.379, 22.39, 0, 0, -15.607, -16.028, -15.607, -16.028, 1, 76.044, 76.044, 0.024, 0.03, -165.963, -170.445, -165.963, -170.445, 6.324, 7.379, 22.39, , , 1, 38.79, 0.113, 0.07, 12.788, 3.323, 145, 0, 0, 0, 51.762, 2.51, 2.07, 93.2, 19.998, 100, 0, 0, 30.44, 29.904, 2.762, 0.652, 90.941, 0, 0, 94.119, 77.124, 0, 0, 0.113, 0, 0, 14.1, 0.07, 12.788, 0, 3.323, 145, 0, 0, 0, 51.762, 1, 0.003, 0.002, 93.2, 19.998, 100, 0, 0, 141, 30.44, 29.904, 2.762, 0.652, 0, 90.941, 0, 0, 94.119, 77.124, 0, 0, 0, 0, 
38.75, 22.179, 100.44, 63.72, 64.4, , -3.361, 0.974, 4425.159, 4425.159, 0.689, -77.16, -77.16, -77.16, 5.605, 75.12, 35.526, 36.459, 7.379, 22.39, 0, 0, -15.199, -15.609, -15.199, -15.609, 1, 75.874, 75.874, 0.024, 0.03, -247.259, -253.937, -247.259, -253.937, 6.306, 7.379, 22.39, , , 1, 38.84, 0.119, 0.079, 12.799, 3.324, 145, 0, 0, 0, 51.971, 2.808, 2.316, 93.2, 20.228, 100, 0, 0, 30.493, 30.427, 2.971, 0.659, 90.993, 0, 0, 94.015, 77.059, 0, 0, 0.119, 0, 0, 14.1, 0.079, 12.799, 0, 3.324, 145, 0, 0, 0, 51.971, 1, 0.003, 0.002, 93.2, 20.228, 100, 0, 0, 141, 30.493, 30.427, 2.971, 0.659, 0, 90.993, 0, 0, 94.015, 77.059, 0, 0, 0, 0, 
38.8, 22.18, 100.44, 63.72, 64.4, , -3.4, 0.974, 4430.748, 4430.748, 0.563, -78.1, -78.1, -78.1, 3.932, 75.994, 35.491, 36.354, 7.378, 22.39, 0, 0, -15.352, -15.767, -15.352, -15.767, 1, 75.7, 75.7, 0.024, 0.03, -443.842, -455.833, -443.842, -455.833, 6.287, 7.378, 22.39, , , 1, 38.89, 0.099, 0.066, 12.8, 3.313, 145, 0, 0, 0, 51.312, 2.762, 2.348, 93.51, 19.753, 100, 0, 0, 30.414, 30.414, 2.484, 0.641, 90.656, 0, 0, 94.258, 76.943, 0, 0, 0.099, 0, 0, 14.1, 0.066, 12.8, 0, 3.313, 145, 0, 0, 0, 51.312, 1, 0.003, 0.002, 93.51, 19.753, 100, 0, 0, 141, 30.414, 30.414, 2.484, 0.641, 0, 90.656, 0, 0, 94.258, 76.943, 0, 0, 0, 0, 
38.85, 22.182, 100.44, 63.72, 64.4, , -3.406, 0.974, 4436.389, 4436.389, 0.437, -78.241, -78.241, -78.241, 3.057, 76.868, 35.456, 36.249, 7.378, 22.39, 0, 0, -15.342, -15.756, -15.342, -15.756, 1, 75.53, 75.53, 0.024, 0.03, -507.47, -521.178, -507.47, -521.178, 6.269, 7.378, 22.39, , , 1, 38.941, 0.075, 0.05, 12.8, 3.3, 145, 0, 0, 0, 50.512, 2.66, 2.346, 93.87, 19.163, 100, 0, 0, 30.314, 30.314, 1.884, 0.619, 90.256, 0, 0, 94.558, 76.819, 0, 0, 0.075, 0, 0, 14.1, 0.05, 12.8, 0, 3.3, 145, 0, 0, 0, 50.512, 1, 0.003, 0.002, 93.87, 19.163, 100, 0, 0, 141, 30.314, 30.314, 1.884, 0.619, 0, 90.256, 0, 0, 94.558, 76.819, 0, 0, 0, 0, 
38.9, 22.184, 100.44, 63.72, 64.4, , -3.546, 0.974, 4441.948, 4441.948, 0.312, -81.575, -81.575, -81.575, 3.571, 77.742, 35.421, 36.144, 7.377, 22.39, 0, 0, -15.955, -16.387, -15.955, -16.387, 1, 75.355, 75.355, 0.024, 0.03, -504.154, -517.771, -504.154, -517.771, 6.25, 7.377, 22.39, , , 1, 38.99, 0.051, 0.034, 12.8, 3.287, 145, 0, 0, 0, 49.712, 2.558, 2.344, 94.23, 18.573, 100, 0, 0, 30.214, 30.214, 1.284, 0.597, 89.856, 0, 0, 94.858, 76.695, 0, 0, 0.051, 0, 0, 14.1, 0.034, 12.8, 0, 3.287, 145, 0, 0, 0, 49.712, 1, 0.002, 0.002, 94.23, 18.573, 100, 0, 0, 141, 30.214, 30.214, 1.284, 0.597, 0, 89.856, 0, 0, 94.858, 76.695, 0, 0, 0, 0, 
38.95, 22.186, 100.44, 63.72, 64.4, , -3.708, 0.974, 4447.415, 4447.415, 0.186, -85.408, -85.408, -85.408, 5.317, 78.616, 35.456, 36.033, 7.377, 22.39, 0, 0, -16.665, -17.117, -16.665, -17.117, 1, 75.176, 75.176, 0.024, 0.03, -475.008, -487.838, -475.008, -487.838, 6.244, 7.377, 22.39, , , 1, 39.041, 0.027, 0.018, 12.8, 3.275, 145, 0, 0, 0, 48.912, 2.456, 2.342, 94.59, 17.983, 100, 0, 0, 30.114, 30.114, 0.684, 0.575, 89.456, 0, 0, 95.158, 76.571, 0, 0, 0.027, 0, 0, 14.1, 0.018, 12.8, 0, 3.275, 145, 0, 0, 0, 48.912, 1, 0.002, 0.002, 94.59, 17.983, 100, 0, 0, 141, 30.114, 30.114, 0.684, 0.575, 0, 89.456, 0, 0, 95.158, 76.571, 0, 0, 0, 0, 
39, 22.188, 100.44, 63.72, 64.4, , -3.797, 0.974, 4452.956, 4452.956, 0.06, -87.525, -87.525, -87.525, 8.366, 79.49, 35.493, 35.922, 7.377, 22.39, 0, 0, -17.035, -17.497, -17.035, -17.497, 1, 74.987, 74.987, 0.024, 0.03, -392.578, -403.183, -392.578, -403.183, 6.239, 7.377, 22.39, , , 1, 39.09, 0.003, 0.002, 12.8, 3.262, 145, 0, 0, 0, 48.112, 2.354, 2.34, 94.95, 17.393, 100, 0, 0, 30.014, 30.014, 0.084, 0.553, 89.056, 0, 0, 95.458, 76.447, 0, 0, 0.003, 0, 0, 14.1, 0.002, 12.8, 0, 3.262, 145, 0, 0, 0, 48.112, 1, 0.002, 0.002, 94.95, 17.393, 100, 0, 0, 141, 30.014, 30.014, 0.084, 0.553, 0, 89.056, 0, 0, 95.458, 76.447, 0, 0, 0, 0, 
39.05, 22.19, 100.44, 63.72, 64.4, , -3.932, 0.974, 4458.493, 4458.493, 0.185, -90.743, -90.743, -90.743, 12.682, 78.656, 35.53, 35.811, 7.377, 22.39, 0, 0, -17.62, -18.096, -17.62, -18.096, 1, 74.792, 74.792, 0.024, 0.03, -181.387, -186.284, -181.387, -186.284, 6.235, 7.377, 22.39, , , 1, 39.14, 0, 0, 12.8, 3.254, 145, 0, 0, 0, 48, 1.938, 1.938, 95, 17.374, 100, 0, 0, 30, 30, 0, 0.55, 89, 0, 0, 95.414, 76.217, 0, 0, 0, 0, 0, 14.1, 0, 12.8, 0, 3.254, 145, 0, 0, 0, 48, 1, 0.002, 0.002, 95, 17.374, 100, 0, 0, 141, 30, 30, 0, 0.55, 0, 89, 0, 0, 95.414, 76.217, 0, 0, 0, 0, 
39.1, 22.192, 100.44, 63.72, 64.4, , -4.027, 0.974, 4463.964, 4463.964, 0.542, -92.989, -92.989, -92.989, 17.454, 76.245, 35.567, 35.7, 7.377, 22.39, 0, 0, -18.011, -18.497, -18.011, -18.497, 1, 74.592, 74.592, 0.024, 0.03, -92.832, -95.338, -92.832, -95.338, 6.231, 7.377, 22.39, , , 1, 39.191, 0, 0, 12.8, 3.247, 145, 0, 0, 0, 48, 1.47, 1.47, 95, 17.448, 100, 0, 0, 30, 30, 0, 0.55, 89, 0, 0, 95.314, 75.969, 0, 0, 0, 0, 0, 14.1, 0, 12.8, 0, 3.247, 145, 0, 0, 0, 48, 1, 0.001, 0.001, 95, 17.448, 100, 0, 0, 141, 30, 30, 0, 0.55, 0, 89, 0, 0, 95.314, 75.969, 0, 0, 0, 0, 
39.15, 22.194, 100.44, 63.72, 64.4, , -4.007, 0.974, 4469.462, 4469.462, 0.898, -92.524, -92.524, -92.524, 22.352, 73.833, 35.596, 35.593, 7.377, 22.39, 0, 0, -17.871, -18.353, -17.871, -18.353, 1, 74.388, 74.388, 0.024, 0.03, -64.596, -66.34, -64.596, -66.34, 6.239, 7.377, 22.39, , , 1, 39.24, 0, 0, 12.8, 3.24, 145, 0, 0, 0, 48, 1.002, 1.002, 95, 17.522, 100, 0, 0, 30, 30, 0, 0.55, 89, 0, 0, 95.214, 75.721, 0, 0, 0, 0, 0, 14.1, 0, 12.8, 0, 3.24, 145, 0, 0, 0, 48, 1, 0.001, 0.001, 95, 17.522, 100, 0, 0, 141, 30, 30, 0, 0.55, 0, 89, 0, 0, 95.214, 75.721, 0, 0, 0, 0, 
39.2, 22.196, 100.44, 63.72, 64.4, , -3.995, 0.974, 4474.972, 4474.972, 1.254, -92.24, -92.24, -92.24, 27.216, 71.422, 35.56, 35.521, 7.377, 22.39, 0, 0, -17.768, -18.246, -17.768, -18.246, 1, 74.188, 74.188, 0.024, 0.03, -50.104, -51.458, -50.104, -51.458, 6.256, 7.377, 22.39, , , 1, 39.291, 0, 0, 12.8, 3.233, 145, 0, 0, 0, 48, 0.534, 0.534, 95, 17.596, 100, 0, 0, 30, 30, 0, 0.55, 89, 0, 0, 95.114, 75.473, 0, 0, 0, 0, 0, 14.1, 0, 12.8, 0, 3.233, 145, 0, 0, 0, 48, 1, 0, 0, 95, 17.596, 100, 0, 0, 141, 30, 30, 0, 0.55, 0, 89, 0, 0, 95.114, 75.473, 0, 0, 0, 0, 
39.25, 22.198, 100.44, 63.72, 64.4, , -3.989, 0.974, 4480.431, 4480.431, 1.611, -92.125, -92.125, -92.125, 32.146, 69.011, 35.524, 35.449, 7.377, 22.39, 0, 0, -17.698, -18.175, -17.698, -18.175, 1, 73.987, 73.987, 0.024, 0.03, -41.288, -42.404, -41.288, -42.404, 6.272, 7.377, 22.39, , , 1, 39.341, 0, 0, 12.8, 3.226, 145, 0, 0, 0, 48, 0.066, 0.066, 95, 17.67, 100, 0, 0, 30, 30, 0, 0.55, 89, 0, 0, 95.014, 75.225, 0, 0, 0, 0, 0, 14.1, 0, 12.8, 0, 3.226, 145, 0, 0, 0, 48, 1, 0, 0, 95, 17.67, 100, 0, 0, 141, 30, 30, 0, 0.55, 0, 89, 0, 0, 95.014, 75.225, 0, 0, 0, 0, 
39.3, 22.199, 100.44, 63.72, 64.4, , -3.995, 0.974, 4485.861, 4485.861, 1.967, -92.267, -92.267, -92.267, 35.888, 66.599, 35.488, 35.377, 7.377, 22.39, 0, 0, -17.676, -18.154, -17.676, -18.154, 1, 73.784, 73.784, 0.024, 0.03, -35.482, -36.443, -35.482, -36.443, 6.289, 7.377, 22.39, , , 1, 39.391, 0, 0, 12.8, 3.214, 145, 0, 0, 0, 48, 0, 0, 95, 17.614, 100, 0, 0, 28.751, 28.751, 0, 0.55, 88.822, 0, 0, 94.822, 75.078, 0, 0, 0, 0, 0, 14.1, 0, 12.8, 0, 3.214, 145, 0, 0, 0, 48, 1, 0, 0, 95, 17.614, 100, 0, 0, 141, 28.751, 28.751, 0, 0.55, 0, 88.822, 0, 0, 94.822, 75.078, 0, 0, 0, 0, 
39.35, , 100.44, 63.72, , , -3.983, 0.974, 4491.291, 4491.291, 2.324, -91.991, -91.991, -91.991, 38.358, 64.188, 35.452, 35.305, 7.377, 22.39, 0, 0, -17.577, -18.051, -17.577, -18.051, 1, 73.584, 73.584, 0.024, 0.03, -32.697, -33.583, -32.697, -33.583, 6.287, 7.377, 22.39, , , 1, 39.44, 0, 0, 12.8, 3.202, 145, 0, 0, 0, 48, 0, 0, 95, 17.537, 100, 0, 0, 27.299, 27.299, 0, 0.55, 88.614, 0, 0, 94.614, 74.947, 0, 0, 0, 0, 0, 14.1, 0, 12.8, 0, 3.202, 145, 0, 0, 0, 48, 1, 0, 0, 95, 17.537, 100, 0, 0, 141, 27.299, 27.299, 0, 0.55, 0, 88.614, 0, 0, 94.614, 74.947, 0, 0, 0, 0, 
39.4, , 100.44, 63.72, , , -3.972, 0.974, 4496.721, 4496.721, 2.68, -91.723, -91.723, -91.723, 40.803, 61.777, 35.416, 35.247, 7.377, 22.39, 0, 0, -17.478, -17.95, -17.478, -17.95, 1, 73.388, 73.388, 0.024, 0.03, -30.315, -31.138, -30.315, -31.138, 6.273, 7.377, 22.39, , , 1, 39.49, 0, 0, 12.8, 3.19, 145, 0, 0, 0, 48, 0, 0, 95, 17.46, 100, 0, 0, 25.846, 25.846, 0, 0.55, 88.407, 0, 0, 94.407, 74.816, 0, 0, 0, 0, 0, 14.1, 0, 12.8, 0, 3.19, 145, 0, 0, 0, 48, 1, 0, 0, 95, 17.46, 100, 0, 0, 141, 25.846, 25.846, 0, 0.55, 0, 88.407, 0, 0, 94.407, 74.816, 0, 0, 0, 0, 
39.45, , 100.44, 63.72, , , -3.968, 0.974, 4502.152, 4502.152, 3.036, -91.649, -91.649, -91.649, 43.274, 59.365, 35.38, 35.319, 7.377, 22.39, 0, 0, -17.416, -17.885, -17.416, -17.885, 1, 73.187, 73.187, 0.024, 0.03, -28.361, -29.13, -28.361, -29.13, 6.259, 7.377, 22.39, , , 1, 39.54, 0, 0, 12.8, 3.178, 145, 0, 0, 0, 48, 0, 0, 95, 17.384, 100, 0, 0, 24.394, 24.394, 0, 0.55, 88.199, 0, 0, 94.199, 74.685, 0, 0, 0, 0, 0, 14.1, 0, 12.8, 0, 3.178, 145, 0, 0, 0, 48, 1, 0, 0, 95, 17.384, 100, 0, 0, 141, 24.394, 24.394, 0, 0.55, 0, 88.199, 0, 0, 94.199, 74.685, 0, 0, 0, 0, 
39.5, , 100.44, 63.72, , , -3.967, 0.974, 4507.505, 4507.505, 3.393, -91.61, -91.61, -91.61, , 56.954, 35.344, 35.391, 7.377, 22.39, 0, 0, -17.362, -17.83, -17.362, -17.83, 1, 72.986, 72.986, 0.024, 0.03, -26.81, -27.539, -26.81, -27.539, 6.244, 7.377, 22.39, , , 1, 39.59, 0, 0, 12.801, 3.166, 145, 0, 0, 0, 48, 0, 0, 95, 17.31, 100, 0, 0, 22.915, 22.915, 0, 0.55, 87.994, 0, 0, 93.992, 74.548, 0, 0, 0, 0, 0, 14.1, 0, 12.801, 0, 3.166, 145, 0, 0, 0, 48, 1, 0, 0, 95, 17.31, 100, 0, 0, 141, 22.915, 22.915, 0, 0.55, 0, 87.994, 0, 0, 93.992, 74.548, 0, 0, 0, 0, 
39.55, , 100.44, 63.72, , , -3.962, 0.974, 4512.903, 4512.903, , -91.501, -91.501, -91.501, , , 35.308, 35.463, 7.377, 22.39, 0, 0, -17.295, -17.759, -17.295, -17.759, 1, 72.788, 72.788, 0.024, 0.03, , , , , 6.223, 7.377, 22.39, , , 1, 39.64, 0, 0, 12.82, 3.154, 145, 0, 0, 0, 48, 0, 0, 95, 17.31, 100, 0, 0, 20.8, 20.8, 0, 0.55, 87.85, 0, 0, 93.8, 74.251, 0, 0, 0, 0, 0, 14.1, 0, 12.82, 0, 3.154, 145, 0, 0, 0, 48, 1, 0, 0, 95, 17.31, 100, 0, 0, 141, 20.8, 20.8, 0, 0.55, 0, 87.85, 0, 0, 93.8, 74.251, 0, 0, 0, 0, 
39.6, , 100.44, 63.72, , , -3.96, 0.974, 4518.225, 4518.225, , -91.475, -91.475, -91.475, , , 35.272, 35.535, 7.377, 22.39, 0, 0, -17.243, -17.707, -17.243, -17.707, 1, 72.588, 72.588, 0.024, 0.03, , , , , 6.184, 7.377, 22.39, , , 1, 39.69, 0, 0, 12.839, 3.142, 145, 0, 0, 0, 48, 0, 0, 95, 17.31, 100, 0, 0, 18.685, 18.685, 0, 0.55, 87.706, 0, 0, 93.608, 73.954, 0, 0, 0, 0, 0, 14.1, 0, 12.839, 0, 3.142, 145, 0, 0, 0, 48, 1, 0, 0, 95, 17.31, 100, 0, 0, 141, 18.685, 18.685, 0, 0.55, 0, 87.706, 0, 0, 93.608, 73.954, 0, 0, 0, 0, 
39.65, , 100.44, 63.72, , , -3.95, 0.974, 4523.547, 4523.547, , -91.234, -91.234, -91.234, , , 35.24, 35.6, 7.377, 22.39, 0, 0, -17.151, -17.611, -17.151, -17.611, 1, 72.388, 72.388, 0.024, 0.03, , , , , 6.145, 7.377, 22.39, , , 1, 39.741, 0, 0, 12.858, 3.13, 145, 0, 0, 0, 48, 0, 0, 95, 17.31, 100, 0, 0, 16.569, 16.569, 0, 0.55, 87.562, 0, 0, 93.415, 73.657, 0, 0, 0, 0, 0, 14.1, 0, 12.858, 0, 3.13, 145, 0, 0, 0, 48, 1, 0, 0, 95, 17.31, 100, 0, 0, 141, 16.569, 16.569, 0, 0.55, 0, 87.562, 0, 0, 93.415, 73.657, 0, 0, 0, 0, 
39.7, , 100.44, 63.72, , , -3.946, 0.974, 4528.945, 4528.945, , -91.139, -91.139, -91.139, , , 35.24, 35.6, 7.377, 22.39, 0, 0, -17.084, -17.544, -17.084, -17.544, 1, 72.189, 72.189, 0.024, 0.031, , , , , 6.106, 7.377, 22.39, , , 1, 39.79, 0, 0, 12.878, 3.119, 145, 0, 0, 0, 48, 0, 0, 95, 17.31, 100, 0, 0, 14.454, 14.454, 0, 0.55, 87.417, 0, 0, 93.223, 73.36, 0, 0, 0, 0, 0, 14.1, 0, 12.878, 0, 3.119, 145, 0, 0, 0, 48, 1, 0, 0, 95, 17.31, 100, 0, 0, 141, 14.454, 14.454, 0, 0.55, 0, 87.417, 0, 0, 93.223, 73.36, 0, 0, 0, 0, 
39.75, , 100.44, 63.72, , , -3.963, 0.974, 4534.252, 4534.252, , -91.544, -91.544, -91.544, , , 35.24, 35.6, 7.377, 22.39, 0, 0, -17.112, -17.573, -17.112, -17.573, 1, 71.99, 71.99, 0.024, 0.031, , , , , 6.072, 7.377, 22.39, , , 1, 39.84, 0, 0, 12.897, 3.107, 145, 0, 0, 0, 48, 0, 0, 95, 17.31, 100, 0, 0, 12.338, 12.338, 0, 0.55, 87.273, 0, 0, 93.031, 73.063, 0, 0, 0, 0, 0, 14.1, 0, 12.897, 0, 3.107, 145, 0, 0, 0, 48, 1, 0, 0, 95, 17.31, 100, 0, 0, 141, 12.338, 12.338, 0, 0.55, 0, 87.273, 0, 0, 93.031, 73.063, 0, 0, 0, 0, 
39.8, , 100.44, 63.72, , , -3.97, 0.974, 4539.558, 4539.558, , -91.724, -91.724, -91.724, , , 35.24, 35.6, 7.378, 22.39, 0, 0, -17.097, -17.56, -17.097, -17.56, 1, 71.791, 71.791, 0.024, 0.031, , , , , 6.07, 7.378, 22.39, , , 1, 39.89, 0, 0, 12.9, 3.101, 145, 0, 0, 0, 48, 0, 0, 95, 17.31, 100, 0, 0, 12, 12, 0, 0.55, 87.206, 0, 0, 92.912, 72.957, 0, 0, 0, 0, 0, 14.1, 0, 12.9, 0, 3.101, 145, 0, 0, 0, 48, 1, 0, 0, 95, 17.31, 100, 0, 0, 141, 12, 12, 0, 0.55, 0, 87.206, 0, 0, 92.912, 72.957, 0, 0, 0, 0, 
39.85, , 100.44, 63.72, , , -3.951, 0.974, 4544.792, 4544.792, , -91.279, -91.279, -91.279, , , 35.24, 35.6, 7.378, 22.39, 0, 0, -16.969, -17.428, -16.969, -17.428, 1, 71.591, 71.591, 0.024, 0.03, , , , , 6.067, 7.378, 22.39, , , 1, 39.941, 0, 0, 12.9, 3.096, 145, 0, 0, 0, 48, 0, 0, 95, 17.31, 100, 0, 0, 12, 12, 0, 0.55, 87.154, 0, 0, 92.808, 72.891, 0, 0, 0, 0, 0, 14.1, 0, 12.9, 0, 3.096, 145, 0, 0, 0, 48, 1, 0, 0, 95, 17.31, 100, 0, 0, 141, 12, 12, 0, 0.55, 0, 87.154, 0, 0, 92.808, 72.891, 0, 0, 0, 0, 
39.9, , 100.44, 63.72, , , -3.924, 0.974, 4550.066, 4550.066, , -90.633, -90.633, -90.633, , , 35.258, 35.6, 7.379, 22.39, 0, 0, -16.802, -17.259, -16.802, -17.259, 1, 71.394, 71.394, 0.024, 0.03, , , , , 6.065, 7.379, 22.39, , , 1, 39.991, 0, 0, 12.9, 3.091, 145, 0, 0, 0, 48, 0, 0, 95, 17.31, 100, 0, 0, 12, 12, 0, 0.55, 87.101, 0, 0, 92.703, 72.826, 0, 0, 0, 0, 0, 14.1, 0, 12.9, 0, 3.091, 145, 0, 0, 0, 48, 1, 0, 0, 95, 17.31, 100, 0, 0, 141, 12, 12, 0, 0.55, 0, 87.101, 0, 0, 92.703, 72.826, 0, 0, 0, 0, 
39.95, , 100.44, 63.72, , , -3.909, 0.974, 4555.373, 4555.373, , -90.28, -90.28, -90.28, , , 35.438, 35.6, 7.379, 22.39, 0, 0, -16.691, -17.144, -16.691, -17.144, 1, 71.197, 71.197, 0.024, 0.03, , , , , 6.063, 7.379, 22.39, , , 1, 40.041, 0, 0, 12.9, 3.087, 145, 0, 0, 0, 48, 0, 0, 95, 17.31, 100, 0, 0, 12, 12, 0, 0.55, 87.049, 0, 0, 92.598, 72.761, 0, 0, 0, 0, 0, 14.1, 0, 12.9, 0, 3.087, 145, 0, 0, 0, 48, 1, 0, 0, 95, 17.31, 100, 0, 0, 141, 12, 12, 0, 0.55, 0, 87.049, 0, 0, 92.598, 72.761, 0, 0, 0, 0, 
40, , 100.44, 63.72, , , -3.878, 0.974, 4560.573, 4560.573, , -89.57, -89.57, -89.57, , , 35.618, 35.6, 7.38, 22.39, 0, 0, -16.513, -16.963, -16.513, -16.963, 1, 71.001, 71.001, 0.024, 0.03, , , , , 6.063, 7.38, 22.39, , , 1, 40.091, 0, 0, 12.901, 3.082, 145, 0, 0, 0, 48, 0, 0, 95, 17.314, 100, 0, 0, 12, 12, 0, 0.55, 86.994, 0, 0, 92.488, 72.685, 0, 0, 0, 0, 0, 14.1, 0, 12.901, 0, 3.082, 145, 0, 0, 0, 48, 1, 0, 0, 95, 17.314, 100, 0, 0, 141, 12, 12, 0, 0.55, 0, 86.994, 0, 0, 92.488, 72.685, 0, 0, 0, 0, 
40.05, , 100.44, 63.72, , , -3.843, 0.974, 4565.859, 4565.859, , -88.725, -88.725, -88.725, , , 35.798, 35.6, 7.38, 22.39, 0, 0, -16.312, -16.755, -16.312, -16.755, 1, 70.806, 70.806, 0.024, 0.03, , , , , 6.063, 7.38, 22.39, , , 1, 40.14, 0, 0, 12.921, 3.074, 145, 0, 0, 0, 48, 0, 0, 95, 17.388, 100, 0, 0, 12, 12, 0, 0.55, 86.894, 0, 0, 92.288, 72.437, 0, 0, 0, 0, 0, 14.1, 0, 12.921, 0, 3.074, 145, 0, 0, 0, 48, 1, 0, 0, 95, 17.388, 100, 0, 0, 141, 12, 12, 0, 0.55, 0, 86.894, 0, 0, 92.288, 72.437, 0, 0, 0, 0, 
40.1, , 100.44, 63.72, , , -3.834, 0.974, 4571.048, 4571.048, , -88.517, -88.517, -88.517, , , 35.978, 35.6, 7.379, 22.39, 0, 0, -16.229, -16.669, -16.229, -16.669, 1, 70.614, 70.614, 0.024, 0.03, , , , , 6.063, 7.379, 22.39, , , 1, 40.19, 0, 0, 12.941, 3.067, 145, 0, 0, 0, 48, 0, 0, 95, 17.462, 100, 0, 0, 12, 12, 0, 0.55, 86.794, 0, 0, 92.088, 72.189, 0, 0, 0, 0, 0, 14.1, 0, 12.941, 0, 3.067, 145, 0, 0, 0, 48, 1, 0, 0, 95, 17.462, 100, 0, 0, 141, 12, 12, 0, 0.55, 0, 86.794, 0, 0, 92.088, 72.189, 0, 0, 0, 0, 
40.15, , 100.44, 63.72, , , -3.843, 0.974, 4576.237, 4576.237, , -88.747, -88.747, -88.747, , , 36.129, 35.618, 7.379, 22.39, 0, 0, -16.236, -16.674, -16.236, -16.674, 1, 70.422, 70.422, 0.024, 0.03, , , , , 6.063, 7.379, 22.39, , , 1, 40.241, 0, 0, 12.961, 3.059, 145, 0, 0, 0, 48, 0, 0, 95, 17.536, 100, 0, 0, 12, 12, 0, 0.55, 86.694, 0, 0, 91.888, 71.941, 0, 0, 0, 0, 0, 14.1, 0, 12.961, 0, 3.059, 145, 0, 0, 0, 48, 1, 0, 0, 95, 17.536, 100, 0, 0, 141, 12, 12, 0, 0.55, 0, 86.694, 0, 0, 91.888, 71.941, 0, 0, 0, 0, 
40.2, , 100.44, 63.72, , , -3.851, 0.974, 4580.181, 4580.181, , -88.946, -88.946, -88.946, , , 36.021, 35.798, 7.379, 22.39, 0, 0, -16.251, -16.689, -16.251, -16.689, 1, 70.318, 70.318, 0.024, 0.03, , , , , 6.055, 7.379, 22.39, , , 1, 40.274, 0, 0, 12.981, 3.052, 145, 0, 0, 0, 48, 0, 0, 95, 17.61, 100, 0, 0, 12, 12, 0, 0.55, 86.594, 0, 0, 91.688, 71.693, 0, 0, 0, 0, 0, 14.1, 0, 12.981, 0, 3.052, 145, 0, 0, 0, 48, 1, 0, 0, 95, 17.61, 100, 0, 0, 141, 12, 12, 0, 0.55, 0, 86.594, 0, 0, 91.688, 71.693, 0, 0, 0, 0, 
40.25, , , , , , -3.841, , 4582.775, 4582.775, , -88.712, -88.712, -88.712, , , 35.913, 35.978, 7.378, 22.39, 0, 0, -16.186, -16.621, -16.186, -16.621, 1, 70.221, 70.221, 0.024, 0.03, , , , , 6.046, 7.378, 22.39, , , 1, 40.299, , , , , , , , , , , , , , , , , , , , , , , , , , , , , , , , , , , , , , , , , , , , , , , , , , , , , , , , , , , , , , , , 
40.3, , , , , , -3.83, , 4585.331, 4585.331, , -88.453, -88.453, -88.453, , , 35.805, 36.158, 7.377, 22.39, 0, 0, -16.118, -16.548, -16.118, -16.548, 1, 70.125, 70.125, 0.024, 0.03, , , , , 6.036, 7.377, 22.39, , , 1, 40.324, , , , , , , , , , , , , , , , , , , , , , , , , , , , , , , , , , , , , , , , , , , , , , , , , , , , , , , , , , , , , , , , 
40.35, , , , , , -3.824, , 4587.912, 4587.912, , -88.3, -88.3, -88.3, , , 35.697, 36.338, , , 0, 0, -16.067, -16.497, -16.067, -16.497, 1, 70.029, 70.029, 0.024, 0.03, , , , , 6.027, , , , , , 40.349, , , , , , , , , , , , , , , , , , , , , , , , , , , , , , , , , , , , , , , , , , , , , , , , , , , , , , , , , , , , , , , , 
40.4, , , , , , , , 4590.458, 4590.458, , , , , , , , , , , , , , , , , , , , , , , , , , , , , , , , , , , , , , , , , , , , , , , , , , , , , , , , , , , , , , , , , , , , , , , , , , , , , , , , , , , , , , , , , , , , , , , , 
