{
  "anomalies": [],
  "correction_diagnostics": {
    "front": {
      "accepted_wb": 101,
      "temp_out_of_range": 0,
      "map_out_of_range": 0,
      "tps_out_of_range": 0,
      "ve_out_of_range": 0,
      "bad_afr_or_request_afr": 0,
      "no_requested_afr": 0,
      "total_records_processed": 101,
      "per_bin_stats": {
        "mad": [
          [
            null,
            null,
            null,
            null,
            0.3657247022043659
          ],
          [
            null,
            null,
            null,
            null,
            1.4722227787739213
          ],
          [
            null,
            null,
            null,
            null,
            1.4904055359636388
          ],
          [
            null,
            null,
            null,
            null,
            1.1350790059935392
          ],
          [
            null,
            null,
            null,
            null,
            1.3768534914955373
          ],
          [
            null,
            null,
            null,
            null,
            0.8159684950598924
          ],
          [
            null,
            null,
            null,
            null,
            1.0885912229938421
          ],
          [
            null,
            null,
            null,
            null,
            1.9487414545742165
          ],
          [
            null,
            null,
            null,
            null,
            0.8271732974348511
          ],
          [
            null,
            null,
            null,
            null,
            1.2539538154009637
          ],
          [
            null,
            null,
            null,
            null,
            1.021160408235902
          ]
        ],
        "hits": [
          [
            0,
            0,
            0,
            0,
            6
          ],
          [
            0,
            0,
            0,
            0,
            10
          ],
          [
            0,
            0,
            0,
            0,
            10
          ],
          [
            0,
            0,
            0,
            0,
            10
          ],
          [
            0,
            0,
            0,
            0,
            10
          ],
          [
            0,
            0,
            0,
            0,
            10
          ],
          [
            0,
            0,
            0,
            0,
            10
          ],
          [
            0,
            0,
            0,
            0,
            10
          ],
          [
            0,
            0,
            0,
            0,
            10
          ],
          [
            0,
            0,
            0,
            0,
            10
          ],
          [
            0,
            0,
            0,
            0,
            5
          ]
        ]
      }
    },
    "rear": {
      "accepted_wb": 101,
      "temp_out_of_range": 0,
      "map_out_of_range": 0,
      "tps_out_of_range": 0,
      "ve_out_of_range": 0,
      "bad_afr_or_request_afr": 0,
      "no_requested_afr": 0,
      "total_records_processed": 101,
      "per_bin_stats": {
        "mad": [
          [
            null,
            null,
            null,
            null,
            0.6668468255604543
          ],
          [
            null,
            null,
            null,
            null,
            1.0188025767357818
          ],
          [
            null,
            null,
            null,
            null,
            1.0861271549700549
          ],
          [
            null,
            null,
            null,
            null,
            1.5906048286280292
          ],
          [
            null,
            null,
            null,
            null,
            1.213252429119776
          ],
          [
            null,
            null,
            null,
            null,
            1.198458274852996
          ],
          [
            null,
            null,
            null,
            null,
            0.570903731208829
          ],
          [
            null,
            null,
            null,
            null,
            1.349917956004056
          ],
          [
            null,
            null,
            null,
            null,
            1.147230965032974
          ],
          [
            null,
            null,
            null,
            null,
            1.1847356211599882
          ],
          [
            null,
            null,
            null,
            null,
            0.8332275811157572
          ]
        ],
        "hits": [
          [
            0,
            0,
            0,
            0,
            6
          ],
          [
            0,
            0,
            0,
            0,
            10
          ],
          [
            0,
            0,
            0,
            0,
            10
          ],
          [
            0,
            0,
            0,
            0,
            10
          ],
          [
            0,
            0,
            0,
            0,
            10
          ],
          [
            0,
            0,
            0,
            0,
            10
          ],
          [
            0,
            0,
            0,
            0,
            10
          ],
          [
            0,
            0,
            0,
            0,
            10
          ],
          [
            0,
            0,
            0,
            0,
            10
          ],
          [
            0,
            0,
            0,
            0,
            10
          ],
          [
            0,
            0,
            0,
            0,
            5
          ]
        ]
      }
    }
  }
}