Time, (DWRT ATMO) Humidity, (DWRT ATMO) Pressure, (DWRT ATMO) Temperature 1, (DWRT ATMO) Temperature 2, (DWRT CPU) ????????????????????????????????????????????????????????????????, (DWRT CPU) Acceleration, (DWRT CPU) Correction Factor, (DWRT CPU) Distance, (DWRT CPU) Distance 1, (DWRT CPU) Engine RPM, (DWRT CPU) Force, (DWRT CPU) Force 1, (DWRT CPU) Force Drum 1, (DWRT CPU) Gear Ratio, (DWRT CPU) Inductive 1 Signal Strength, (DWRT CPU) Internal Temp 1, (DWRT CPU) Internal Temp 2, (DWRT CPU) LC1 Volts Petrol AFR, (DWRT CPU) LC2 Volts Petrol AFR2, (DWRT CPU) Link 0 Status, (DWRT CPU) Link 1 Status, (DWRT CPU) Power, (DWRT CPU) Power (uncorrected), (DWRT CPU) Power Drum 1, (DWRT CPU) Power Drum 1 (uncorrected), (DWRT CPU) Sampling, (DWRT CPU) Speed, (DWRT CPU) Speed 1, (DWRT CPU) TCP RX kB/s, (DWRT CPU) TCP TX kB/s, (DWRT CPU) Torque, (DWRT CPU) Torque (uncorrected), (DWRT CPU) Torque Drum 1, (DWRT CPU) Torque Drum 1 (uncorrected), (DWRT CPU) UDP RX kB/s, (DWRT CPU) User Analog 1, (DWRT CPU) User Analog 2, (DWRT CPU) User Analog 3, (DWRT CPU) User Analog 4, (Gen) Sampling, (Gen) Sampling Duration, (Harley - ECU Type 14 SW Level 141) Accel Enrichment, (Harley - ECU Type 14 SW Level 141) Decel Enleanment, (Harley - ECU Type 14 SW Level 141) Desired Air/Fuel, (Harley - ECU Type 14 SW Level 141) Engine Speed, (Harley - ECU Type 14 SW Level 141) Engine Temperature, (Harley - ECU Type 14 SW Level 141) Front Adaptive Fuel Factor, (Harley - ECU Type 14 SW Level 141) Front Closed Loop Integrator, (Harley - ECU Type 14 SW Level 141) Front Spark Knock Retard, (Harley - ECU Type 14 SW Level 141) Idle Air Control Motor Position, (Harley - ECU Type 14 SW Level 141) Injector Time Front, (Harley - ECU Type 14 SW Level 141) Injector Time Rear, (Harley - ECU Type 14 SW Level 141) Intake Air Temperature, (Harley - ECU Type 14 SW Level 141) Manifold Absolute Pressure, (Harley - ECU Type 14 SW Level 141) Rear Adaptive Fuel Factor, (Harley - ECU Type 14 SW Level 141) Rear Closed Loop Integrator, (Harley - ECU Type 14 SW Level 141) Rear Spark Knock Retard, (Harley - ECU Type 14 SW Level 141) Spark Advance Front, (Harley - ECU Type 14 SW Level 141) Spark Advance Rear, (Harley - ECU Type 14 SW Level 141) Throttle Position, (Harley - ECU Type 14 SW Level 141) Throttle Position Sensor Voltage, (Harley - ECU Type 14 SW Level 141) VE Front, (Harley - ECU Type 14 SW Level 141) VE New Front, (Harley - ECU Type 14 SW Level 141) VE New Rear, (Harley - ECU Type 14 SW Level 141) VE Rear, (Harley - ECU Type 14 SW Level 141) Vehicle Speed, (Harley - ECU Type 14 SW Level 141) WBO2 AFR Front, (Harley - ECU Type 14 SW Level 141) WBO2 AFR Rear, (PV) Accel Enrichment, (PV) AT Lambda 1, (PV) AT Lambda 2, (PV) Battery Voltage, (PV) Decel Enleanment, (PV) Desired Air/Fuel, (PV) Desired Lambda, (PV) Engine Speed, (PV) Engine Temperature, (PV) Front Adaptive Fuel Factor, (PV) Front Closed Loop Integrator, (PV) Front Spark Knock Retard, (PV) Idle Air Control Motor Position, (PV) Idle Set Speed, (PV) Injector Time Front, (PV) Injector Time Rear, (PV) Intake Air Temperature, (PV) Manifold Absolute Pressure, (PV) Rear Adaptive Fuel Factor, (PV) Rear Closed Loop Integrator, (PV) Rear Spark Knock Retard, (PV) Software Level, (PV) Spark Advance Front, (PV) Spark Advance Rear, (PV) Throttle Position, (PV) Throttle Position Sensor, (PV) Twistgrip Position, (PV) VE Front, (PV) VE New Front, (PV) VE New Rear, (PV) VE Rear, (PV) Vehicle Speed, (PV) Warm-up Fuel AFR (Lambda), (PV) Warm-up Fuel AFR (Ratio), (PV) WBO2 AFR Front, (PV) WBO2 AFR Rear, 
0, , , , , , 0.518, , , , , 13.88, 13.88, 13.88, , , , , , , , , , , , , , , , , , , , , , , , , , , , , , , , , , , , , , , , , , , , , , , , , , , , , , , , , , , , , , , , , , , , , , , , , , , , , , , , , , , , , , , , , , , , 
0.05, , , , , , 0.569, , , , , 15.095, 15.095, 15.095, , , , , , , , , , , , , , , , , , , , , , , , , , , 1, 0.034, , , , , , , , , , , , , , , , , , , , , , , , , , , , , , , , , , , , , , , , , , , , , , , , , , , , , , , , , , , , , , , , 
0.1, , , , , , 0.621, , , , , 16.31, 16.31, 16.31, , , , , 7.377, 12.531, 0, 0, , , , , 1, 28.973, 28.973, 0.025, 0.261, , , , , 4.389, 7.377, 12.531, , , 1, 0.117, , , , , , , , , , , , , , , , , , , , , , , , , , , , , , , , , , , , , , , , , , , , , , , , , , , , , , , , , , , , , , , , 
0.15, , , , , , 2.303, , 5.731, 5.731, 1.957, 56.239, 56.239, 56.239, , , , , 7.377, 12.527, 0, 0, 5.231, 5.393, 5.231, 5.393, 1, 29.021, 29.021, 0.025, 0.261, 17.778, 18.319, 17.778, 18.319, 4.388, 7.377, 12.527, , , 1, 0.201, 0.032, 0, 14.301, 1.957, 192.208, 0, 0, 0, 42.302, 4.897, 4.87, 122, 35.236, 100, 0, 0, 21.13, 21.234, 8, 0.894, 89.786, 0, 0, 96.818, 29.394, 0, 0, 0.032, 0, 0, 14, 0, 14.301, 0, 1.957, 192.208, 0, 0, 0, 42.302, 1, 0.005, 0.005, 122, 35.363, 100, 0, 0, 141, 21.13, 21.234, 8, 0.894, 0, 89.786, 0, 0, 96.818, 29.394, 0, 0, 0, 0, 
0.2, , , , , , 4.394, , 9.975, 9.975, 1.974, 105.845, 105.845, 105.845, 66.908, , , , 7.377, 12.526, 0, 0, 10.095, 10.403, 10.095, 10.403, 1, 29.4, 29.4, 0.025, 0.262, 34.763, 35.817, 34.763, 35.817, 4.388, 7.377, 12.526, , , 1, 0.26, 0.097, 0, 14.103, 1.974, 192.625, 0, 0, 0, 44.906, 6.292, 6.329, 122, 42.309, 100, 0, 0, 21.391, 21.703, 18, 1.283, 90.359, 0, 0, 96.453, 29.783, 0, 0, 0.097, 0, 0, 14, 0, 14.103, 0, 1.974, 192.625, 0, 0, 0, 44.906, 1, 0.006, 0.006, 122, 42.406, 100, 0, 0, 141, 21.391, 21.703, 18, 1.283, 0, 90.359, 0, 0, 96.453, 29.783, 0, 0, 0, 0, 
0.25, , , , , , 7.594, , 13.583, 13.583, 1.991, 181.752, 181.752, 181.752, 66.506, , , , 7.377, 12.532, 0, 0, 16.055, 16.544, 16.055, 16.544, 1, 29.922, 29.922, 0.025, 0.262, 49.174, 50.665, 49.174, 50.665, 4.387, 7.377, 12.532, , , 1, 0.327, 0.161, 0, 13.905, 1.991, 193.042, 0, 0, 0, 47.51, 7.687, 7.788, 122, 49.382, 100, 0, 0, 21.651, 22.172, 28, 1.671, 90.932, 0, 0, 96.089, 30.171, 0, 0, 0.161, 0, 0, 14, 0, 13.905, 0, 1.991, 193.042, 0, 0, 0, 47.51, 1, 0.008, 0.008, 122, 49.45, 100, 0, 0, 141, 21.651, 22.172, 28, 1.671, 0, 90.932, 0, 0, 96.089, 30.171, 0, 0, 0, 0, 
0.3, , , , , , 11.532, , 16.769, 16.769, 2.008, 275.192, 275.192, 275.192, 65.872, , 35.386, 38.276, 7.377, 12.507, 0, 0, 22.746, 23.438, 22.746, 23.438, 1, 30.51, 30.51, 0.025, 0.263, 61.87, 63.746, 61.87, 63.746, 4.386, 7.377, 12.507, , , 1, 0.385, 0.226, 0, 13.707, 2.008, 193.458, 0, 0, 0, 50.115, 9.082, 9.248, 122, 56.455, 100, 0, 0, 21.911, 22.641, 38, 2.06, 91.505, 0, 0, 95.724, 30.56, 0, 0, 0.226, 0, 0, 14, 0, 13.707, 0, 2.008, 193.458, 0, 0, 0, 50.115, 1, 0.009, 0.009, 122, 56.493, 100, 0, 0, 141, 21.911, 22.641, 38, 2.06, 0, 91.505, 0, 0, 95.724, 30.56, 0, 0, 0, 0, 
0.35, , , , , , 14.496, , 19.561, 19.561, 2.025, 345.52, 345.52, 345.52, 65.005, , 35.35, 37.484, 7.377, 12.422, 0, 0, 28.186, 29.044, 28.186, 29.044, 1, 31.162, 31.162, 0.025, 0.265, 72.855, 75.065, 72.855, 75.065, 4.413, 7.377, 12.422, , , 1, 0.435, 0.291, 0, 13.509, 2.025, 193.875, 0, 0, 0, 52.719, 10.477, 10.707, 122, 63.528, 100, 0, 0, 22.172, 23.109, 48, 2.448, 92.078, 0, 0, 95.359, 30.948, 0, 0, 0.291, 0, 0, 14, 0, 13.509, 0, 2.025, 193.875, 0, 0, 0, 52.719, 1, 0.011, 0.011, 122, 63.537, 100, 0, 0, 141, 22.172, 23.109, 48, 2.448, 0, 92.078, 0, 0, 95.359, 30.948, 0, 0, 0, 0, 
0.4, , , , , , 16.114, , 21.765, 21.765, 2.043, 383.934, 383.934, 383.934, 64.241, , 35.314, 36.692, 7.377, 12.3, 0, 0, 31.9, 32.871, 31.9, 32.871, 1, 31.871, 31.871, 0.025, 0.267, 81.477, 83.95, 81.477, 83.95, 4.44, 7.377, 12.3, , , 1, 0.485, 0.357, 0, 13.305, 2.043, 194, 0, 0, 0, 55.402, 11.921, 12.225, 122, 70.76, 100, 0, 0, 22.44, 23.592, 58.152, 2.849, 92.668, 0, 0, 94.984, 31.349, 0, 0, 0.357, 0, 0, 14, 0, 13.305, 0, 2.043, 194, 0, 0, 0, 55.402, 1, 0.012, 0.012, 122, 70.782, 100, 0, 0, 141, 22.44, 23.592, 58.152, 2.849, 0, 92.668, 0, 0, 94.984, 31.349, 0, 0, 0, 0, 
0.45, , , , , , 17.24, , 23.999, 23.999, 2.062, 410.656, 410.656, 410.656, 63.675, , 35.278, 35.9, 7.377, 12.1, 0, 0, 34.745, 35.803, 34.745, 35.803, 1, 32.686, 32.686, 0.025, 0.269, 87.707, 90.37, 87.707, 90.37, 4.467, 7.377, 12.1, , , 1, 0.535, 0.425, 0, 13.099, 2.062, 194, 0, 0, 0, 58.12, 13.388, 13.767, 122, 78.06, 100, 0, 0, 22.712, 24.082, 68.37, 3.254, 93.266, 0, 0, 94.603, 31.754, 0, 0, 0.425, 0, 0, 14, 0, 13.099, 0, 2.062, 194, 0, 0, 0, 58.12, 1, 0.014, 0.014, 122, 78.114, 100, 0, 0, 141, 22.712, 24.082, 68.37, 3.254, 0, 93.266, 0, 0, 94.603, 31.754, 0, 0, 0, 0, 
0.5, , , , , , 17.216, , 26.31, 26.31, 2.08, 410.096, 410.096, 410.096, 63.116, , 35.242, 35.108, 7.377, 11.896, 0, 0, 35.562, 36.646, 35.562, 36.646, 1, 33.504, 33.504, 0.025, 0.271, 88.352, 91.035, 88.352, 91.035, 4.495, 7.377, 11.896, , , 1, 0.585, 0.492, 0, 12.892, 2.08, 194, 0, 0, 0, 60.837, 14.854, 15.309, 122, 85.36, 100, 0, 0, 22.984, 24.571, 78.587, 3.66, 93.864, 0, 0, 94.223, 32.16, 0, 0, 0.492, 0, 0, 14, 0, 12.892, 0, 2.08, 194, 0, 0, 0, 60.837, 1, 0.015, 0.015, 122, 85.446, 100, 0, 0, 141, 22.984, 24.571, 78.587, 3.66, 0, 93.864, 0, 0, 94.223, 32.16, 0, 0, 0, 0, 
0.55, , , , , , 17.182, , 28.653, 28.653, 2.098, 409.303, 409.303, 409.303, 62.573, , 35.206, 35.094, 7.377, 11.683, 0, 0, 36.356, 37.465, 36.356, 37.465, 1, 34.325, 34.325, 0.025, 0.272, 88.942, 91.643, 88.942, 91.643, 4.52, 7.377, 11.683, , , 1, 0.635, 0.559, 0, 12.686, 2.098, 194, 0, 0, 0, 63.554, 16.32, 16.852, 122, 92.66, 100, 0, 0, 23.255, 25.06, 88.804, 4.065, 94.462, 0, 0, 93.842, 32.565, 0, 0, 0.559, 0, 0, 14, 0, 12.686, 0, 2.098, 194, 0, 0, 0, 63.554, 1, 0.017, 0.017, 122, 92.778, 100, 0, 0, 141, 23.255, 25.06, 88.804, 4.065, 0, 94.462, 0, 0, 93.842, 32.565, 0, 0, 0, 0, 
0.6, , 100.57, 62.15, , , 17.123, 0.971, 31.085, 31.085, 2.122, 407.911, 407.911, 407.911, 62.044, , 35.17, 35.13, 7.377, 11.517, 0, 0, 37.09, 38.22, 37.09, 38.22, 1, 35.147, 35.147, 0.025, 0.271, 89.39, 92.104, 89.39, 92.104, 4.544, 7.377, 11.517, , , 1, 0.685, 0.608, 0.021, 12.5, 2.122, 194, 0, 0, 0, 65.99, 17.462, 18.087, 121.982, 99.248, 100, 0, 0, 23.67, 25.61, 97.91, 4.416, 94.895, 0, 0, 93.45, 33.036, 0, 0, 0.608, 0, 0, 14, 0.021, 12.5, 0, 2.122, 194, 0, 0, 0, 65.99, 1, 0.018, 0.018, 121.982, 99.252, 100, 0, 0, 141, 23.67, 25.61, 97.91, 4.416, 0, 94.895, 0, 0, 93.45, 33.036, 0, 0, 0, 0, 
0.65, , 100.571, 62.15, , , 16.974, 0.971, 33.562, 33.562, 2.187, 404.379, 404.379, 404.379, 61.548, , 35.134, 35.166, 7.377, 11.47, 0, 0, 37.608, 38.753, 37.608, 38.753, 1, 35.969, 35.969, 0.025, 0.271, 89.253, 91.964, 89.253, 91.964, 4.569, 7.377, 11.47, , , 1, 0.735, 0.484, 0.228, 12.5, 2.187, 194, 0, 0, 0, 65.89, 15.687, 16.553, 121.802, 99.434, 100, 0, 0, 25.37, 26.71, 97.01, 4.276, 93.845, 0, 0, 92.95, 34.093, 0, 0, 0.484, 0, 0, 14, 0.228, 12.5, 0, 2.187, 194, 0, 0, 0, 65.89, 1, 0.016, 0.016, 121.802, 99.436, 100, 0, 0, 141, 25.37, 26.71, 97.01, 4.276, 0, 93.845, 0, 0, 92.95, 34.093, 0, 0, 0, 0, 
0.7, , 100.571, 62.15, , , 16.664, 0.971, 36.128, 36.128, 2.252, 397.044, 397.044, 397.044, 61.214, , 35.098, 35.202, 7.377, 11.48, 0, 0, 37.742, 38.893, 37.742, 38.893, 1, 36.778, 36.778, 0.024, 0.27, 88.078, 90.754, 88.078, 90.754, 4.593, 7.377, 11.48, , , 1, 0.785, 0.36, 0.435, 12.5, 2.252, 194, 0, 0, 0, 65.79, 13.912, 15.019, 121.622, 99.618, 100, 0, 0, 27.07, 27.81, 96.11, 4.136, 92.795, 0, 0, 92.45, 35.15, 0, 0, 0.36, 0, 0, 14, 0.435, 12.5, 0, 2.252, 194, 0, 0, 0, 65.79, 1, 0.014, 0.015, 121.622, 99.621, 100, 0, 0, 141, 27.07, 27.81, 96.11, 4.136, 0, 92.795, 0, 0, 92.45, 35.15, 0, 0, 0, 0, 
0.75, , 100.571, 62.15, , , 15.024, 0.971, 38.755, 38.755, 2.317, 358.144, 358.144, 358.144, 61.086, , 35.062, 35.238, 7.377, 11.655, 0, 0, 34.578, 35.633, 34.578, 35.633, 1, 37.569, 37.569, 0.024, 0.269, 79.68, 82.101, 79.68, 82.101, 4.612, 7.377, 11.655, , , 1, 0.834, 0.236, 0.642, 12.5, 2.317, 194, 0, 0, 0, 65.69, 12.137, 13.485, 121.442, 99.804, 100, 0, 0, 28.77, 28.91, 95.21, 3.996, 91.745, 0, 0, 91.95, 36.207, 0, 0, 0.236, 0, 0, 14, 0.642, 12.5, 0, 2.317, 194, 0, 0, 0, 65.69, 1, 0.012, 0.014, 121.442, 99.805, 100, 0, 0, 141, 28.77, 28.91, 95.21, 3.996, 0, 91.745, 0, 0, 91.95, 36.207, 0, 0, 0, 0, 
0.8, , 100.572, 62.15, , , 12.25, 0.971, 41.44, 41.44, 2.383, 292.354, 292.354, 292.354, 61.393, , 35.094, 35.511, 7.377, 11.833, 0, 0, 28.604, 29.478, 28.604, 29.478, 1, 38.221, 38.221, 0.024, 0.269, 65.131, 67.108, 65.131, 67.108, 4.623, 7.377, 11.833, , , 1, 0.885, 0.112, 0.849, 12.5, 2.383, 194, 0, 0, 0, 65.59, 10.363, 11.951, 121.262, 99.988, 100, 0, 0, 30.47, 30.01, 94.31, 3.856, 90.695, 0, 0, 91.45, 37.264, 0, 0, 0.112, 0, 0, 14, 0.849, 12.5, 0, 2.383, 194, 0, 0, 0, 65.59, 1, 0.01, 0.012, 121.262, 99.989, 100, 0, 0, 141, 30.47, 30.01, 94.31, 3.856, 0, 90.695, 0, 0, 91.45, 37.264, 0, 0, 0, 0, 
0.85, , 100.572, 62.15, , , 7.985, 0.971, 44.173, 44.173, 2.444, 191.178, 191.178, 191.178, 61.944, , 35.13, 35.799, 7.377, 12.022, 0, 0, 18.823, 19.399, 18.823, 19.399, 1, 38.796, 38.796, 0.024, 0.268, 42.961, 44.264, 42.961, 44.264, 4.635, 7.377, 12.022, , , 1, 0.935, 0, 1.037, 12.511, 2.444, 194, 0, 0, 0, 65.337, 8.612, 10.416, 121.08, 99.305, 100, 0, 0, 32.049, 31.043, 92.408, 3.688, 89.641, 0, 0, 90.929, 38.229, 0, 0, 0, 0, 0, 14, 1.037, 12.511, 0, 2.444, 194, 0, 0, 0, 65.337, 1, 0.008, 0.011, 121.08, 99.305, 100, 0, 0, 141, 32.049, 31.043, 92.408, 3.688, 0, 89.641, 0, 0, 90.929, 38.229, 0, 0, 0, 0, 
0.9, , 100.572, 62.15, , , 3.395, 0.971, 46.931, 46.931, 2.472, 82.289, 82.289, 82.289, 63.166, , 35.166, 36.087, 7.377, 12.186, 0, 0, 8.17, 8.423, 8.17, 8.423, 1, 39.007, 39.007, 0.024, 0.268, 19.125, 19.703, 19.125, 19.703, 4.646, 7.377, 12.186, , , 1, 0.985, 0, 1.054, 12.62, 2.472, 194, 0, 0, 0, 63.707, 7.078, 8.871, 120.885, 90.805, 100, 0, 0, 32.538, 31.478, 81.491, 3.266, 88.554, 0, 0, 90.223, 38.364, 0, 0, 0, 0, 0, 14, 1.054, 12.62, 0, 2.472, 194, 0, 0, 0, 63.707, 1, 0.007, 0.009, 120.885, 90.805, 100, 0, 0, 141, 32.538, 31.478, 81.491, 3.266, 0, 88.554, 0, 0, 90.223, 38.364, 0, 0, 0, 0, 
0.95, , 100.573, 62.15, , , -0.334, 0.971, 49.813, 49.813, 2.501, -6.187, -6.187, -6.187, 64.374, , 35.202, 36.375, 7.377, 12.258, 0, 0, -0.663, -0.681, -0.663, -0.681, 1, 39.11, 39.11, 0.024, 0.267, -0.354, -0.368, -0.354, -0.368, 4.656, 7.377, 12.258, , , 1, 1.035, 0, 1.072, 12.728, 2.501, 194, 0, 0, 0, 62.076, 5.544, 7.326, 120.689, 82.305, 100, 0, 0, 33.027, 31.913, 70.574, 2.844, 87.467, 0, 0, 89.516, 38.5, 0, 0, 0, 0, 0, 14, 1.072, 12.728, 0, 2.501, 194, 0, 0, 0, 62.076, 1, 0.005, 0.008, 120.689, 82.305, 100, 0, 0, 141, 33.027, 31.913, 70.574, 2.844, 0, 87.467, 0, 0, 89.516, 38.5, 0, 0, 0, 0, 
1, 24.32, 100.573, 62.15, 62.85, , -2.892, 0.971, 52.696, 52.696, 2.529, -66.859, -66.859, -66.859, 65.436, , 35.238, 36.663, 7.377, 12.312, 0, 0, -6.729, -6.932, -6.729, -6.932, 1, 38.991, 38.991, 0.024, 0.267, -13.577, -13.992, -13.577, -13.992, 4.664, 7.377, 12.312, , , 1, 1.085, 0, 1.089, 12.837, 2.529, 194, 0, 0, 0, 60.446, 4.011, 5.782, 120.493, 73.805, 100, 0, 0, 33.516, 32.348, 59.657, 2.423, 86.38, 0, 0, 88.81, 38.636, 0, 0, 0, 0, 0, 14, 1.089, 12.837, 0, 2.529, 194, 0, 0, 0, 60.446, 1, 0.004, 0.006, 120.493, 73.805, 100, 0, 0, 141, 33.516, 32.348, 59.657, 2.423, 0, 86.38, 0, 0, 88.81, 38.636, 0, 0, 0, 0, 
1.05, 24.32, 100.574, 62.15, 62.849, , -4.073, 0.971, 55.578, 55.578, 2.557, -94.894, -94.894, -94.894, 66.132, , 35.24, 36.748, 7.378, 12.294, 0, 0, -9.546, -9.835, -9.546, -9.835, 1, 38.809, 38.809, 0.024, 0.267, -19.456, -20.048, -19.456, -20.048, 4.672, 7.378, 12.294, , , 1, 1.135, 0, 1.106, 12.946, 2.557, 194, 0, 0, 0, 58.815, 2.477, 4.237, 120.298, 65.305, 100, 0, 0, 34.005, 32.783, 48.74, 2.001, 85.293, 0, 0, 88.103, 38.772, 0, 0, 0, 0, 0, 14, 1.106, 12.946, 0, 2.557, 194, 0, 0, 0, 58.815, 1, 0.002, 0.004, 120.298, 65.305, 100, 0, 0, 141, 34.005, 32.783, 48.74, 2.001, 0, 85.293, 0, 0, 88.103, 38.772, 0, 0, 0, 0, 
1.1, 24.32, 100.574, 62.15, 62.848, , -3.849, 0.971, 58.432, 58.432, 2.568, -89.565, -89.565, -89.565, 66.631, , 35.24, 36.82, 7.378, 12.295, 0, 0, -8.96, -9.233, -8.96, -9.233, 1, 38.597, 38.597, 0.024, 0.268, -18.334, -18.891, -18.334, -18.891, 4.68, 7.378, 12.295, , , 1, 1.185, 0, 0.998, 13.063, 2.568, 194, 0, 0, 0, 56.473, 1.773, 3.33, 120.098, 56.384, 100, 0, 0, 33.769, 32.661, 38.382, 1.65, 84.382, 0, 0, 87.524, 38.769, 0, 0, 0, 0, 0, 14, 0.998, 13.063, 0, 2.568, 194, 0, 0, 0, 56.473, 1, 0.002, 0.003, 120.098, 56.384, 100, 0, 0, 141, 33.769, 32.661, 38.382, 1.65, 0, 84.382, 0, 0, 87.524, 38.769, 0, 0, 0, 0, 
1.15, 24.32, 100.574, 62.15, 62.847, , -3.481, 0.971, 61.28, 61.28, 2.562, -80.849, -80.849, -80.849, 66.659, , 35.24, 36.892, 7.38, 12.386, 0, 0, -8.029, -8.274, -8.029, -8.274, 1, 38.422, 38.422, 0.024, 0.268, -16.494, -16.994, -16.494, -16.994, 4.688, 7.38, 12.386, , , 1, 1.235, 0, 0.765, 13.188, 2.562, 194, 0, 0, 0, 53.419, 1.9, 3.061, 119.895, 47.076, 100, 0, 0, 32.808, 31.982, 28.541, 1.369, 83.647, 0, 0, 87.071, 38.628, 0, 0, 0, 0, 0, 14, 0.765, 13.188, 0, 2.562, 194, 0, 0, 0, 53.419, 1, 0.002, 0.003, 119.895, 47.076, 100, 0, 0, 141, 32.808, 31.982, 28.541, 1.369, 0, 83.647, 0, 0, 87.071, 38.628, 0, 0, 0, 0, 
1.2, 24.32, 100.575, 62.15, 62.845, , -3.614, 0.971, 64.128, 64.128, 2.556, -84.012, -84.012, -84.012, 66.746, , 35.24, 36.964, 7.381, 12.532, 0, 0, -8.31, -8.563, -8.31, -8.563, 1, 38.243, 38.243, 0.024, 0.268, -17.111, -17.633, -17.111, -17.633, 4.682, 7.381, 12.532, , , 1, 1.285, 0, 0.532, 13.313, 2.556, 194, 0, 0, 0, 50.364, 2.027, 2.792, 119.691, 37.767, 100, 0, 0, 31.846, 31.303, 18.699, 1.089, 82.912, 0, 0, 86.619, 38.486, 0, 0, 0, 0, 0, 14, 0.532, 13.313, 0, 2.556, 194, 0, 0, 0, 50.364, 1, 0.002, 0.003, 119.691, 37.767, 100, 0, 0, 141, 31.846, 31.303, 18.699, 1.089, 0, 82.912, 0, 0, 86.619, 38.486, 0, 0, 0, 0, 
1.25, 24.32, 100.575, 62.15, 62.844, , -3.772, 0.971, 66.956, 66.956, 2.55, -87.76, -87.76, -87.76, 66.929, , 35.24, 37.036, 7.383, 12.965, 0, 0, -8.641, -8.904, -8.641, -8.904, 1, 38.058, 38.058, 0.024, 0.268, -17.821, -18.364, -17.821, -18.364, 4.674, 7.383, 12.965, , , 1, 1.335, 0, 0.299, 13.438, 2.55, 194, 0, 0, 0, 47.31, 2.153, 2.523, 119.487, 28.458, 100, 0, 0, 30.885, 30.624, 8.857, 0.808, 82.176, 0, 0, 86.166, 38.345, 0, 0, 0, 0, 0, 14, 0.299, 13.438, 0, 2.55, 194, 0, 0, 0, 47.31, 1, 0.002, 0.002, 119.487, 28.458, 100, 0, 0, 141, 30.885, 30.624, 8.857, 0.808, 0, 82.176, 0, 0, 86.166, 38.345, 0, 0, 0, 0, 
1.3, 24.32, 100.576, 62.15, 62.843, , -3.949, 0.971, 69.768, 69.768, 2.545, -91.968, -91.968, -91.968, 67.23, , 35.342, 36.769, 7.384, 13.46, 0, 0, -9.012, -9.287, -9.012, -9.287, 1, 37.862, 37.862, 0.024, 0.268, -18.603, -19.17, -18.603, -19.17, 4.667, 7.384, 13.46, , , 1, 1.385, 0, 0.084, 13.551, 2.545, 194, 0, 0, 0, 44.391, 2.269, 2.273, 119.285, 20.045, 100, 0, 0, 30, 30, 0, 0.55, 81.492, 0, 0, 85.746, 38.21, 0, 0, 0, 0, 0, 14, 0.084, 13.551, 0, 2.545, 194, 0, 0, 0, 44.391, 1, 0.002, 0.002, 119.285, 20.045, 100, 0, 0, 141, 30, 30, 0, 0.55, 0, 81.492, 0, 0, 85.746, 38.21, 0, 0, 0, 0, 
1.35, 24.32, 100.576, 62.15, 62.842, , -3.84, 0.971, 72.551, 72.551, 2.545, -89.374, -89.374, -89.374, 67.574, , 35.45, 36.481, 7.384, 14.405, 0, 0, -8.714, -8.978, -8.714, -8.978, 1, 37.662, 37.662, 0.024, 0.268, -17.985, -18.533, -17.985, -18.533, 4.659, 7.384, 14.405, , , 1, 1.435, 0, 0.068, 13.561, 2.545, 194, 0, 0, 0, 43.031, 2.259, 2.254, 119.097, 19.698, 100, 0, 0, 30, 30, 0, 0.55, 81.387, 0, 0, 85.694, 38.144, 0, 0, 0, 0, 0, 14, 0.068, 13.561, 0, 2.545, 194, 0, 0, 0, 43.031, 1, 0.002, 0.002, 119.097, 19.698, 100, 0, 0, 141, 30, 30, 0, 0.55, 0, 81.387, 0, 0, 85.694, 38.144, 0, 0, 0, 0, 
1.4, 24.32, 100.576, 62.15, 62.841, , -3.73, 0.971, 75.324, 75.324, 2.546, -86.771, -86.771, -86.771, 67.868, , 35.558, 36.193, 7.384, 15.384, 0, 0, -8.416, -8.669, -8.416, -8.669, 1, 37.474, 37.474, 0.024, 0.268, -17.37, -17.9, -17.37, -17.9, 4.653, 7.384, 15.384, , , 1, 1.485, 0, 0.052, 13.572, 2.546, 194, 0, 0, 0, 41.672, 2.248, 2.234, 118.908, 19.351, 100, 0, 0, 30, 30, 0, 0.55, 81.282, 0, 0, 85.641, 38.078, 0, 0, 0, 0, 0, 14, 0.052, 13.572, 0, 2.546, 194, 0, 0, 0, 41.672, 1, 0.002, 0.002, 118.908, 19.351, 100, 0, 0, 141, 30, 30, 0, 0.55, 0, 81.282, 0, 0, 85.641, 38.078, 0, 0, 0, 0, 
1.45, 24.32, 100.577, 62.15, 62.84, , -3.757, 0.971, 78.072, 78.072, 2.547, -87.426, -87.426, -87.426, 68.123, , 35.666, 35.905, 7.382, 16.676, 0, 0, -8.441, -8.694, -8.441, -8.694, 1, 37.284, 37.284, 0.024, 0.268, -17.447, -17.977, -17.447, -17.977, 4.648, 7.382, 16.676, , , 1, 1.535, 0, 0.037, 13.582, 2.547, 194, 0, 0, 0, 40.312, 2.238, 2.214, 118.72, 19.003, 100, 0, 0, 30, 30, 0, 0.55, 81.178, 0, 0, 85.589, 38.012, 0, 0, 0, 0, 0, 14, 0.037, 13.582, 0, 2.547, 194, 0, 0, 0, 40.312, 1, 0.002, 0.002, 118.72, 19.003, 100, 0, 0, 141, 30, 30, 0, 0.55, 0, 81.178, 0, 0, 85.589, 38.012, 0, 0, 0, 0, 
1.5, 24.32, 100.577, 62.15, 62.839, , -3.771, 0.971, 80.819, 80.819, 2.547, -87.764, -87.764, -87.764, 68.315, , 35.774, 35.617, 7.381, 17.964, 0, 0, -8.43, -8.683, -8.43, -8.683, 1, 37.094, 37.094, 0.024, 0.268, -17.468, -17.997, -17.468, -17.997, 4.643, 7.381, 17.964, , , 1, 1.585, 0, 0.021, 13.593, 2.547, 194, 0, 0, 0, 38.952, 2.227, 2.194, 118.532, 18.656, 100, 0, 0, 30, 30, 0, 0.55, 81.073, 0, 0, 85.537, 37.946, 0, 0, 0, 0, 0, 14, 0.021, 13.593, 0, 2.547, 194, 0, 0, 0, 38.952, 1, 0.002, 0.002, 118.532, 18.656, 100, 0, 0, 141, 30, 30, 0, 0.55, 0, 81.073, 0, 0, 85.537, 37.946, 0, 0, 0, 0, 
1.55, 24.32, 100.577, 62.15, 62.837, , -3.773, 0.971, 83.566, 83.566, 2.545, -87.812, -87.812, -87.812, 68.436, , 35.548, 35.434, 7.379, 19.213, 0, 0, -8.385, -8.638, -8.385, -8.638, 1, 36.904, 36.904, 0.024, 0.268, -17.439, -17.966, -17.439, -17.966, 4.637, 7.379, 19.213, , , 1, 1.635, 0, 0.009, 13.606, 2.545, 194, 0, 0, 0, 37.88, 2.212, 2.178, 118.4, 18.326, 100, 0, 0, 29.46, 29.46, 0, 0.55, 80.97, 0, 0, 85.47, 37.826, 0, 0, 0, 0, 0, 14.006, 0.009, 13.606, 0, 2.545, 194, 0, 0, 0, 37.88, 1, 0.002, 0.002, 118.4, 18.325, 100, 0, 0, 141, 29.46, 29.46, 0, 0.55, 0, 80.97, 0, 0, 85.47, 37.826, 0, 0, 0, 0, 
1.6, 24.32, 100.578, 62.15, 62.836, , -3.762, 0.971, 86.286, 86.286, 2.534, -87.537, -87.537, -87.537, 68.523, , 35.301, 35.258, 7.378, 20.43, 0, 0, -8.316, -8.568, -8.316, -8.568, 1, 36.714, 36.714, 0.024, 0.267, -17.367, -17.89, -17.367, -17.89, 4.643, 7.378, 20.43, , , 1, 1.685, 0, 0.007, 13.626, 2.534, 194, 0, 0, 0, 37.48, 2.184, 2.172, 118.4, 18.031, 100, 0, 0, 27.66, 27.66, 0, 0.55, 80.87, 0, 0, 85.37, 37.578, 0, 0, 0, 0, 0, 14.026, 0.007, 13.626, 0, 2.534, 194, 0, 0, 0, 37.48, 1, 0.002, 0.002, 118.4, 18.029, 100, 0, 0, 141, 27.66, 27.66, 0, 0.55, 0, 80.87, 0, 0, 85.37, 37.578, 0, 0, 0, 0, 
1.65, 24.32, 100.578, 62.15, 62.835, , -3.759, 0.971, 88.997, 88.997, 2.524, -87.467, -87.467, -87.467, 68.586, , 35.054, 35.081, 7.378, 21.153, 0, 0, -8.268, -8.519, -8.268, -8.519, 1, 36.524, 36.524, 0.024, 0.267, -17.339, -17.861, -17.339, -17.861, 4.654, 7.378, 21.153, , , 1, 1.735, 0, 0.005, 13.646, 2.524, 194, 0, 0, 0, 37.08, 2.156, 2.166, 118.4, 17.736, 100, 0, 0, 25.86, 25.86, 0, 0.55, 80.77, 0, 0, 85.27, 37.33, 0, 0, 0, 0, 0, 14.046, 0.005, 13.646, 0, 2.524, 194, 0, 0, 0, 37.08, 1, 0.002, 0.002, 118.4, 17.733, 100, 0, 0, 141, 25.86, 25.86, 0, 0.55, 0, 80.77, 0, 0, 85.27, 37.33, 0, 0, 0, 0, 
1.7, 24.32, 100.579, 62.15, 62.834, , -3.86, 0.971, 91.681, 91.681, 2.513, -89.873, -89.873, -89.873, 68.652, , 34.807, 34.905, 7.377, 21.858, 0, 0, -8.45, -8.709, -8.45, -8.709, 1, 36.333, 36.333, 0.024, 0.267, -17.797, -18.334, -17.797, -18.334, 4.665, 7.377, 21.858, , , 1, 1.785, 0, 0.003, 13.666, 2.513, 194, 0, 0, 0, 36.68, 2.128, 2.16, 118.4, 17.441, 100, 0, 0, 24.06, 24.06, 0, 0.55, 80.67, 0, 0, 85.17, 37.082, 0, 0, 0, 0, 0, 14.066, 0.003, 13.666, 0, 2.513, 194, 0, 0, 0, 36.68, 1, 0.002, 0.002, 118.4, 17.437, 100, 0, 0, 141, 24.06, 24.06, 0, 0.55, 0, 80.67, 0, 0, 85.17, 37.082, 0, 0, 0, 0, 
1.75, 24.32, 100.579, 62.15, 62.833, , -3.891, 0.971, 94.365, 94.365, 2.502, -90.614, -90.614, -90.614, 68.732, , 34.56, 34.728, 7.377, 22.127, 0, 0, -8.475, -8.736, -8.475, -8.736, 1, 36.136, 36.136, 0.024, 0.267, -17.925, -18.467, -17.925, -18.467, 4.676, 7.377, 22.127, , , 1, 1.835, 0, 0.001, 13.686, 2.502, 194, 0, 0, 0, 36.28, 2.1, 2.154, 118.4, 17.146, 100, 0, 0, 22.26, 22.26, 0, 0.55, 80.57, 0, 0, 85.07, 36.834, 0, 0, 0, 0, 0, 14.086, 0.001, 13.686, 0, 2.502, 194, 0, 0, 0, 36.28, 1, 0.002, 0.002, 118.4, 17.141, 100, 0, 0, 141, 22.26, 22.26, 0, 0.55, 0, 80.57, 0, 0, 85.07, 36.834, 0, 0, 0, 0, 
1.8, 24.32, 100.579, 62.15, 62.832, , -3.797, 0.971, 97.05, 97.05, 2.492, -88.395, -88.395, -88.395, 68.804, , 34.797, 34.546, 7.377, 22.39, 0, 0, -8.222, -8.475, -8.222, -8.475, 1, 35.942, 35.942, 0.024, 0.267, -17.467, -17.995, -17.467, -17.995, 4.697, 7.377, 22.39, , , 1, 1.885, 0, 0, 13.7, 2.492, 194, 0, 0, 0, 36, 2.085, 2.159, 118.4, 16.984, 100, 0, 0, 21, 21, 0, 0.55, 80.47, 0, 0, 85, 36.623, 0, 0, 0, 0, 0, 14.1, 0, 13.7, 0, 2.492, 194, 0, 0, 0, 36, 1, 0.002, 0.002, 118.4, 16.987, 100, 0, 0, 141, 21, 21, 0, 0.55, 0, 80.47, 0, 0, 85, 36.623, 0, 0, 0, 0, 
1.85, 24.32, 100.58, 62.15, 62.831, , -3.368, 0.971, 99.696, 99.696, 2.481, -78.215, -78.215, -78.215, 68.869, 88.23, 35.126, 34.363, 7.377, 22.39, 0, 0, -7.25, -7.473, -7.25, -7.473, 1, 35.753, 35.753, 0.024, 0.267, -15.445, -15.912, -15.445, -15.912, 4.732, 7.377, 22.39, , , 1, 1.935, 0, 0, 13.7, 2.481, 194, 0, 0, 0, 36, 2.101, 2.189, 118.4, 17.132, 100, 0, 0, 21, 21, 0, 0.55, 80.37, 0, 0, 85, 36.499, 0, 0, 0, 0, 0, 14.1, 0, 13.7, 0, 2.481, 194, 0, 0, 0, 36, 1, 0.002, 0.002, 118.4, 17.135, 100, 0, 0, 141, 21, 21, 0, 0.55, 0, 80.37, 0, 0, 85, 36.499, 0, 0, 0, 0, 
1.9, 24.32, 100.58, 62.15, 62.829, , -2.715, 0.971, 102.32, 102.32, 2.471, -62.728, -62.728, -62.728, 68.84, 78.108, 35.455, 34.18, 7.377, 22.39, 0, 0, -5.799, -5.979, -5.799, -5.979, 1, 35.605, 35.605, 0.024, 0.267, -12.38, -12.755, -12.38, -12.755, 4.767, 7.377, 22.39, , , 1, 1.985, 0, 0, 13.7, 2.471, 194, 0, 0, 0, 36, 2.117, 2.219, 118.4, 17.28, 100, 0, 0, 21, 21, 0, 0.55, 80.27, 0, 0, 85, 36.375, 0, 0, 0, 0, 0, 14.1, 0, 13.7, 0, 2.471, 194, 0, 0, 0, 36, 1, 0.002, 0.002, 118.4, 17.283, 100, 0, 0, 141, 21, 21, 0, 0.55, 0, 80.27, 0, 0, 85, 36.375, 0, 0, 0, 0, 
1.95, 24.32, 100.58, 62.15, 62.828, , 1.162, 0.971, 104.943, 104.943, 2.46, 29.249, 29.249, 29.249, 68.776, 67.985, 35.784, 33.998, 7.377, 22.39, 0, 0, 2.811, 2.893, 2.811, 2.893, 1, 35.472, 35.472, 0.024, 0.267, 6.316, 6.51, 6.316, 6.51, 4.802, 7.377, 22.39, , , 1, 2.035, 0, 0, 13.7, 2.46, 194, 0, 0, 0, 36, 2.133, 2.249, 118.4, 17.428, 100, 0, 0, 21, 21, 0, 0.55, 80.17, 0, 0, 85, 36.251, 0, 0, 0, 0, 0, 14.1, 0, 13.7, 0, 2.46, 194, 0, 0, 0, 36, 1, 0.002, 0.002, 118.4, 17.431, 100, 0, 0, 141, 21, 21, 0, 0.55, 0, 80.17, 0, 0, 85, 36.251, 0, 0, 0, 0, 
2, 24.32, 100.58, 62.15, 62.827, , 5.611, 0.971, 107.564, 107.564, 2.449, 134.808, 134.808, 134.808, 68.002, 57.862, 36.114, 33.815, 7.377, 22.39, 0, 0, 12.71, 13.092, 12.71, 13.092, 1, 35.719, 35.719, 0.024, 0.267, 27.837, 28.685, 27.837, 28.685, 4.832, 7.377, 22.39, , , 1, 2.085, 0, 0, 13.7, 2.449, 194, 0, 0, 0, 36, 2.149, 2.279, 118.4, 17.576, 100, 0, 0, 21, 21, 0, 0.55, 80.07, 0, 0, 85, 36.127, 0, 0, 0, 0, 0, 14.1, 0, 13.7, 0, 2.449, 194, 0, 0, 0, 36, 1, 0.002, 0.002, 118.4, 17.579, 100, 0, 0, 141, 21, 21, 0, 0.55, 0, 80.07, 0, 0, 85, 36.127, 0, 0, 0, 0, 
2.05, 24.32, 100.58, 62.15, 62.826, , 9.407, 0.971, 110.158, 110.158, 2.438, 224.88, 224.88, 224.88, 67.128, 68.231, 36.007, 34.232, 7.377, 22.085, 0, 0, 21.428, 22.076, 21.428, 22.076, 1, 36.034, 36.034, 0.024, 0.267, 46.946, 48.374, 46.946, 48.374, 4.849, 7.377, 22.085, , , 1, 2.135, 0.364, 0, 13.628, 2.438, 194, 0, 0, 0, 36.84, 3.368, 3.842, 118.4, 17.702, 100, 0, 0, 21.15, 21.15, 0.12, 0.586, 81.89, 0, 0, 87.04, 36.114, 0, 0, 0.364, 0, 0, 14.1, 0, 13.628, 0, 2.438, 194, 0, 0, 0, 36.84, 1, 0.003, 0.004, 118.4, 17.704, 100, 0, 0, 141, 21.15, 21.15, 0.12, 0.586, 0, 81.89, 0, 0, 87.04, 36.114, 0, 0, 0, 0, 
2.1, 24.32, 100.58, 62.15, 62.825, , 13.007, 0.971, 112.753, 112.753, 2.426, 310.295, 310.295, 310.295, 65.887, 73.762, 35.862, 34.702, 7.377, 21.773, 0, 0, 29.782, 30.683, 29.782, 30.683, 1, 36.619, 36.619, 0.024, 0.267, 65.179, 67.16, 65.179, 67.16, 4.865, 7.377, 21.773, , , 1, 2.185, 1.578, 0, 13.388, 2.426, 194, 0, 0, 0, 39.64, 7.394, 8.982, 118.4, 17.776, 100, 0, 0, 21.65, 21.65, 0.52, 0.706, 88.19, 0, 0, 93.84, 36.362, 0, 0, 1.578, 0, 0, 14.1, 0, 13.388, 0, 2.426, 194, 0, 0, 0, 39.64, 1, 0.007, 0.009, 118.4, 17.778, 100, 0, 0, 141, 21.65, 21.65, 0.52, 0.706, 0, 88.19, 0, 0, 93.84, 36.362, 0, 0, 0, 0, 
2.15, 24.32, 100.58, 62.15, 62.824, , 16.048, 0.971, 115.348, 115.348, 2.413, 382.454, 382.454, 382.454, 64.679, 64, 35.718, 35.172, 7.377, 20.88, 0, 0, 37.096, 38.221, 37.096, 38.221, 1, 37.299, 37.299, 0.024, 0.267, 80.919, 83.377, 80.919, 83.377, 4.882, 7.377, 20.88, , , 1, 2.235, 2.792, 0, 13.148, 2.413, 194, 0, 0, 0, 42.44, 11.42, 14.122, 118.4, 17.85, 100, 0, 0, 22.15, 22.15, 0.92, 0.826, 94.49, 0, 0, 100.64, 36.61, 0, 0, 2.792, 0, 0, 14.1, 0, 13.148, 0, 2.413, 194, 0, 0, 0, 42.44, 1, 0.011, 0.014, 118.4, 17.852, 100, 0, 0, 141, 22.15, 22.15, 0.92, 0.826, 0, 94.49, 0, 0, 100.64, 36.61, 0, 0, 0, 0, 
2.2, 24.32, 100.58, 62.15, 62.823, , 17.33, 0.971, 118.623, 118.623, 2.401, 412.872, 412.872, 412.872, 63.527, 65.004, 35.573, 35.642, 7.377, 19.963, 0, 0, 40.643, 41.875, 40.643, 41.875, 1, 38.15, 38.15, 0.024, 0.267, 88.154, 90.831, 88.154, 90.831, 4.896, 7.377, 19.963, , , 1, 2.285, 4.006, 0, 12.908, 2.401, 194, 0, 0, 0, 45.24, 15.446, 19.262, 118.4, 17.924, 100, 0, 0, 22.65, 22.65, 1.32, 0.946, 100.79, 0, 0, 107.44, 36.858, 0, 0, 4.006, 0, 0, 14.1, 0, 12.908, 0, 2.401, 194, 0, 0, 0, 45.24, 1, 0.015, 0.019, 118.4, 17.926, 100, 0, 0, 141, 22.65, 22.65, 1.32, 0.946, 0, 100.79, 0, 0, 107.44, 36.858, 0, 0, 0, 0, 
2.25, 24.32, 100.58, 62.15, 62.821, , 16.706, 0.971, 122.695, 122.695, 2.389, 398.069, 398.069, 398.069, 62.791, 66.007, 35.429, 36.112, 7.377, 18.486, 0, 0, 40.108, 41.323, 40.108, 41.323, 1, 39.195, 39.195, 0.024, 0.267, 86.178, 88.793, 86.178, 88.793, 4.902, 7.377, 18.486, , , 1, 2.335, 5.22, 0, 12.668, 2.389, 194, 0, 0, 0, 48.04, 19.472, 24.402, 118.4, 17.998, 100, 0, 0, 23.15, 23.15, 1.72, 1.066, 107.09, 0, 0, 114.24, 37.106, 0, 0, 5.22, 0, 0, 14.1, 0, 12.668, 0, 2.389, 194, 0, 0, 0, 48.04, 1, 0.019, 0.024, 118.4, 18, 100, 0, 0, 141, 23.15, 23.15, 1.72, 1.066, 0, 107.09, 0, 0, 114.24, 37.106, 0, 0, 0, 0, 
2.3, 24.32, 100.58, 62.15, 62.82, , 16.563, 0.971, 125.836, 125.836, 2.395, 394.701, 394.701, 394.701, 62.331, 67.011, 35.454, 35.971, 7.377, 16.962, 0, 0, 40.927, 42.166, 40.927, 42.166, 1, 40.37, 40.37, 0.025, 0.267, 85.925, 88.532, 85.925, 88.532, 4.907, 7.377, 16.962, , , 1, 2.384, 5.735, 0, 12.5, 2.395, 194, 0, 0, 0, 50.96, 21.975, 27.357, 118.4, 22.985, 100, 0, 0, 23.71, 23.74, 7.904, 1.347, 110.24, 0, 0, 117.41, 37.504, 0, 0, 5.735, 0, 0, 14.094, 0, 12.5, 0, 2.395, 194, 0, 0, 0, 50.96, 1, 0.022, 0.027, 118.4, 23.293, 100, 0, 0, 141, 23.71, 23.74, 7.904, 1.347, 0, 110.24, 0, 0, 117.41, 37.504, 0, 0, 0, 0, 
2.35, 24.321, 100.58, 62.15, 62.821, , 16.586, 0.971, 128.657, 128.657, 2.446, 395.28, 395.28, 395.28, 62.289, 68.014, 35.49, 35.791, 7.377, 15.461, 0, 0, 42.168, 43.447, 42.168, 43.447, 1, 41.201, 41.201, 0.025, 0.267, 86.265, 88.882, 86.265, 88.882, 4.913, 7.377, 15.461, , , 1, 2.435, 4.619, 0, 12.5, 2.446, 194, 0, 0, 0, 54.16, 20.925, 25.215, 118.4, 39.435, 100, 0, 0, 24.41, 24.54, 27.582, 2.003, 106.04, 0, 0, 112.11, 38.25, 0, 0, 4.619, 0, 0, 14.074, 0, 12.5, 0, 2.446, 194, 0, 0, 0, 54.16, 1, 0.021, 0.025, 118.4, 39.677, 100, 0, 0, 141, 24.41, 24.54, 27.582, 2.003, 0, 106.04, 0, 0, 112.11, 38.25, 0, 0, 0, 0, 
2.4, 24.323, 100.58, 62.15, 62.822, , 16.738, 0.971, 131.576, 131.576, 2.497, 398.883, 398.883, 398.883, 62.296, 69.018, 35.526, 35.611, 7.377, 13.964, 0, 0, 43.378, 44.692, 43.378, 44.692, 1, 41.997, 41.997, 0.025, 0.267, 87.038, 89.681, 87.038, 89.681, 4.918, 7.377, 13.964, , , 1, 2.485, 3.503, 0, 12.5, 2.497, 194, 0, 0, 0, 57.36, 19.875, 23.073, 118.4, 55.885, 100, 0, 0, 25.11, 25.34, 47.261, 2.659, 101.84, 0, 0, 106.81, 38.996, 0, 0, 3.503, 0, 0, 14.054, 0, 12.5, 0, 2.497, 194, 0, 0, 0, 57.36, 1, 0.02, 0.023, 118.4, 56.061, 100, 0, 0, 141, 25.11, 25.34, 47.261, 2.659, 0, 101.84, 0, 0, 106.81, 38.996, 0, 0, 0, 0, 
2.45, 24.325, 100.58, 62.15, 62.823, , 16.849, 0.971, 134.55, 134.55, 2.548, 401.535, 401.535, 401.535, 62.307, 70.021, 35.562, 35.431, 7.378, 13.02, 0, 0, 44.497, 45.845, 44.497, 45.845, 1, 42.797, 42.797, 0.025, 0.267, 87.597, 90.258, 87.597, 90.258, 4.95, 7.378, 13.02, , , 1, 2.535, 2.387, 0, 12.5, 2.548, 194, 0, 0, 0, 60.56, 18.825, 20.931, 118.4, 72.334, 100, 0, 0, 25.81, 26.14, 66.94, 3.315, 97.64, 0, 0, 101.51, 39.742, 0, 0, 2.387, 0, 0, 14.034, 0, 12.5, 0, 2.548, 194, 0, 0, 0, 60.56, 1, 0.019, 0.021, 118.4, 72.445, 100, 0, 0, 141, 25.81, 26.14, 66.94, 3.315, 0, 97.64, 0, 0, 101.51, 39.742, 0, 0, 0, 0, 
2.5, 24.327, 100.58, 62.15, 62.824, , 16.92, 0.971, 137.584, 137.584, 2.598, 403.235, 403.235, 403.235, 62.327, 71.025, 35.598, 35.251, 7.378, 12.151, 0, 0, 45.526, 46.906, 45.526, 46.906, 1, 43.607, 43.607, 0.025, 0.268, 87.942, 90.614, 87.942, 90.614, 4.982, 7.378, 12.151, , , 1, 2.585, 1.271, 0, 12.5, 2.598, 194, 0, 0, 0, 63.76, 17.775, 18.789, 118.4, 88.784, 100, 0, 0, 26.51, 26.94, 86.618, 3.971, 93.44, 0, 0, 96.21, 40.488, 0, 0, 1.271, 0, 0, 14.014, 0, 12.5, 0, 2.598, 194, 0, 0, 0, 63.76, 1, 0.018, 0.019, 118.4, 88.829, 100, 0, 0, 141, 26.51, 26.94, 86.618, 3.971, 0, 93.44, 0, 0, 96.21, 40.488, 0, 0, 0, 0, 
2.55, 24.329, 100.58, 62.15, 62.825, , 16.986, 0.971, 140.692, 140.692, 2.651, 404.82, 404.82, 404.82, 62.339, 72.028, 35.471, 35.24, 7.379, 11.797, 0, 0, 46.56, 47.974, 46.56, 47.974, 1, 44.422, 44.422, 0.025, 0.268, 88.254, 90.937, 88.254, 90.937, 5.014, 7.379, 11.797, , , 1, 2.635, 0.461, 0, 12.5, 2.651, 194, 0, 0, 0, 66, 17.044, 17.322, 118.4, 100.04, 100, 0, 0, 27.03, 27.589, 100, 4.43, 90.679, 0, 0, 92.768, 41.306, 0, 0, 0.461, 0, 0, 14, 0, 12.5, 0, 2.651, 194, 0, 0, 0, 66, 1, 0.017, 0.017, 118.4, 100.04, 100, 0, 0, 141, 27.03, 27.589, 100, 4.43, 0, 90.679, 0, 0, 92.768, 41.306, 0, 0, 0, 0, 
2.6, 24.331, 100.58, 62.15, 62.827, , 17.088, 0.971, 143.843, 143.843, 2.706, 407.246, 407.246, 407.246, 62.294, 73.032, 35.334, 35.24, 7.379, 11.527, 0, 0, 47.701, 49.15, 47.701, 49.15, 1, 45.238, 45.238, 0.025, 0.269, 88.844, 91.546, 88.844, 91.546, 5.046, 7.379, 11.527, , , 1, 2.685, 0.364, 0, 12.5, 2.706, 194, 0, 0, 0, 66, 17.055, 17.429, 118.4, 100.258, 100, 0, 0, 27.129, 27.887, 100, 4.43, 91.274, 0, 0, 93.661, 42.292, 0, 0, 0.364, 0, 0, 14, 0, 12.5, 0, 2.706, 194, 0, 0, 0, 66, 1, 0.017, 0.017, 118.4, 100.258, 100, 0, 0, 141, 27.129, 27.887, 100, 4.43, 0, 91.274, 0, 0, 93.661, 42.292, 0, 0, 0, 0, 
2.65, 24.333, 100.58, 62.15, 62.828, , 17.235, 0.971, 147.042, 147.042, 2.761, 410.752, 410.752, 410.752, 62.137, 74.036, 35.198, 35.24, 7.379, 11.497, 0, 0, 48.975, 50.461, 48.975, 50.461, 1, 46.062, 46.062, 0.025, 0.269, 89.791, 92.521, 89.791, 92.521, 5.048, 7.379, 11.497, , , 1, 2.735, 0.266, 0, 12.5, 2.761, 194, 0, 0, 0, 66, 17.067, 17.536, 118.4, 100.476, 100, 0, 0, 27.228, 28.185, 100, 4.43, 91.869, 0, 0, 94.554, 43.278, 0, 0, 0.266, 0, 0, 14, 0, 12.5, 0, 2.761, 194, 0, 0, 0, 66, 1, 0.017, 0.017, 118.4, 100.476, 100, 0, 0, 141, 27.228, 28.185, 100, 4.43, 0, 91.869, 0, 0, 94.554, 43.278, 0, 0, 0, 0, 
2.7, 24.335, 100.58, 62.15, 62.829, , 17.363, 0.971, 150.328, 150.328, 2.815, 413.809, 413.809, 413.809, 61.892, 75.039, 35.061, 35.24, 7.38, 11.512, 0, 0, 50.241, 51.764, 50.241, 51.764, 1, 46.893, 46.893, 0.025, 0.268, 90.881, 93.642, 90.881, 93.642, 5.049, 7.38, 11.512, , , 1, 2.785, 0.169, 0, 12.5, 2.815, 194, 0, 0, 0, 66, 17.079, 17.644, 118.4, 100.695, 100, 0, 0, 27.327, 28.482, 100, 4.43, 92.464, 0, 0, 95.446, 44.264, 0, 0, 0.169, 0, 0, 14, 0, 12.5, 0, 2.815, 194, 0, 0, 0, 66, 1, 0.017, 0.018, 118.4, 100.695, 100, 0, 0, 141, 27.327, 28.482, 100, 4.43, 0, 92.464, 0, 0, 95.446, 44.264, 0, 0, 0, 0, 
2.75, 24.337, 100.58, 62.15, 62.83, , 17.533, 0.971, 153.67, 153.67, 2.87, 417.859, 417.859, 417.859, 61.533, 76.043, 34.924, 35.24, 7.38, 11.518, 0, 0, 51.651, 53.217, 51.651, 53.217, 1, 47.732, 47.732, 0.024, 0.268, 92.34, 95.145, 92.34, 95.145, 5.05, 7.38, 11.518, , , 1, 2.835, 0.072, 0, 12.5, 2.87, 194, 0, 0, 0, 66, 17.091, 17.751, 118.4, 100.913, 100, 0, 0, 27.427, 28.78, 100, 4.43, 93.06, 0, 0, 96.339, 45.25, 0, 0, 0.072, 0, 0, 14, 0, 12.5, 0, 2.87, 194, 0, 0, 0, 66, 1, 0.017, 0.018, 118.4, 100.913, 100, 0, 0, 141, 27.427, 28.78, 100, 4.43, 0, 93.06, 0, 0, 96.339, 45.25, 0, 0, 0, 0, 
2.8, 24.339, 100.58, 62.15, 62.831, , 17.735, 0.971, 157.063, 157.063, 2.917, 422.663, 422.663, 422.663, 61.037, 77.046, 34.957, 35.24, 7.379, 11.521, 0, 0, 53.177, 54.79, 53.177, 54.79, 1, 48.587, 48.587, 0.024, 0.268, 94.123, 96.981, 94.123, 96.981, 5.052, 7.379, 11.521, , , 1, 2.886, 0, 0, 12.5, 2.917, 194, 0, 0, 0, 66, 17.129, 17.854, 118.343, 101.083, 100, 0, 0, 27.547, 29.011, 100, 4.43, 93.574, 0, 0, 97.074, 46.281, 0, 0, 0, 0, 0, 14, 0, 12.5, 0, 2.926, 194, 0, 0, 0, 66, 1, 0.017, 0.018, 118.343, 101.083, 100, 0, 0, 141, 27.547, 29.011, 100, 4.43, 0, 93.574, 0, 0, 97.074, 46.281, 0, 0, 0, 0, 
2.85, 24.34, 100.58, 62.15, 62.832, , 17.931, 0.971, 160.497, 160.497, 2.942, 427.318, 427.318, 427.318, 60.492, 78.05, 35.071, 35.24, 7.379, 11.527, 0, 0, 54.714, 56.374, 54.714, 56.374, 1, 49.446, 49.446, 0.024, 0.267, 96.073, 98.989, 96.073, 98.989, 5.046, 7.379, 11.527, , , 1, 2.936, 0, 0, 12.5, 2.942, 194, 0, 0, 0, 66, 17.242, 17.947, 118.125, 101.127, 100, 0, 0, 27.729, 29.051, 100, 4.43, 93.857, 0, 0, 97.357, 47.437, 0, 0, 0, 0, 0, 14, 0, 12.5, 0, 2.983, 194, 0, 0, 0, 66, 1, 0.017, 0.018, 118.125, 101.127, 100, 0, 0, 141, 27.729, 29.051, 100, 4.43, 0, 93.857, 0, 0, 97.357, 47.437, 0, 0, 0, 0, 
2.9, 24.342, 100.58, 62.15, 62.833, , 18.148, 0.971, 164.016, 164.016, 2.966, 432.504, 432.504, 432.504, 59.922, 79.053, 35.185, 35.24, 7.378, 11.534, 0, 0, 56.354, 58.064, 56.354, 58.064, 1, 50.311, 50.311, 0.024, 0.266, 98.167, 101.148, 98.167, 101.148, 5.039, 7.378, 11.534, , , 1, 2.986, 0, 0, 12.5, 2.966, 194, 0, 0, 0, 66, 17.354, 18.039, 117.906, 101.172, 100, 0, 0, 27.911, 29.091, 100, 4.43, 94.141, 0, 0, 97.641, 48.594, 0, 0, 0, 0, 0, 14, 0, 12.5, 0, 3.039, 194, 0, 0, 0, 66, 1, 0.017, 0.018, 117.906, 101.172, 100, 0, 0, 141, 27.911, 29.091, 100, 4.43, 0, 94.141, 0, 0, 97.641, 48.594, 0, 0, 0, 0, 
2.95, 24.344, 100.58, 62.15, 62.835, , 18.361, 0.971, 167.609, 167.609, 2.991, 437.559, 437.559, 437.559, 59.357, 80.057, 35.299, 35.24, 7.378, 11.543, 0, 0, 58.01, 59.773, 58.01, 59.773, 1, 51.194, 51.194, 0.024, 0.265, 100.259, 103.304, 100.259, 103.304, 5.033, 7.378, 11.543, , , 1, 3.035, 0, 0, 12.5, 2.991, 194, 0, 0, 0, 66, 17.467, 18.132, 117.688, 101.217, 100, 0, 0, 28.093, 29.132, 100, 4.43, 94.425, 0, 0, 97.925, 49.75, 0, 0, 0, 0, 0, 14, 0, 12.5, 0, 3.096, 194, 0, 0, 0, 66, 1, 0.017, 0.018, 117.688, 101.217, 100, 0, 0, 141, 28.093, 29.132, 100, 4.43, 0, 94.425, 0, 0, 97.925, 49.75, 0, 0, 0, 0, 
3, 24.346, 100.58, 62.15, 62.836, , 18.57, 0.971, 171.678, 171.678, 3.016, 442.54, 442.54, 442.54, 58.796, 81.06, 35.413, 35.24, 7.378, 11.554, 0, 0, 59.818, 61.637, 59.818, 61.637, 1, 52.092, 52.092, 0.024, 0.264, 102.476, 105.589, 102.476, 105.589, 5.027, 7.378, 11.554, , , 1, 3.085, 0, 0, 12.5, 3.016, 194, 0, 0, 0, 66, 17.579, 18.225, 117.469, 101.262, 100, 0, 0, 28.275, 29.172, 100, 4.43, 94.708, 0, 0, 98.208, 50.907, 0, 0, 0, 0, 0, 14, 0, 12.5, 0, 3.153, 194, 0, 0, 0, 66, 1, 0.018, 0.018, 117.469, 101.262, 100, 0, 0, 141, 28.275, 29.172, 100, 4.43, 0, 94.708, 0, 0, 98.208, 50.907, 0, 0, 0, 0, 
3.05, 24.348, 100.58, 62.15, 62.837, , 18.797, 0.971, 177.237, 177.237, 3.041, 447.967, 447.967, 447.967, 58.093, 82.064, 35.488, 35.409, 7.378, 11.576, 0, 0, 62.112, 64.001, 62.112, 64.001, 1, 53.264, 53.264, 0.024, 0.264, 105.18, 108.374, 105.18, 108.374, 5.041, 7.378, 11.576, , , 1, 3.135, 0, 0, 12.5, 3.041, 194, 0, 0, 0, 66, 17.692, 18.317, 117.251, 101.307, 100, 0, 0, 28.458, 29.213, 100, 4.43, 94.992, 0, 0, 98.492, 52.063, 0, 0, 0, 0, 0, 14, 0, 12.5, 0, 3.21, 194, 0, 0, 0, 66, 1, 0.018, 0.018, 117.251, 101.307, 100, 0, 0, 141, 28.458, 29.213, 100, 4.43, 0, 94.992, 0, 0, 98.492, 52.063, 0, 0, 0, 0, 
3.1, 24.35, 100.58, 62.15, 62.838, , 18.962, 0.971, 181.134, 181.134, 3.065, 451.893, 451.893, 451.893, 57.396, 83.067, 35.56, 35.589, 7.379, 11.602, 0, 0, 63.71, 65.648, 63.71, 65.648, 1, 54.457, 54.457, 0.024, 0.264, 107.069, 110.32, 107.069, 110.32, 5.06, 7.379, 11.602, , , 1, 3.185, 0, 0, 12.5, 3.065, 194, 0, 0, 0, 66, 17.804, 18.41, 117.033, 101.352, 100, 0, 0, 28.64, 29.253, 100, 4.43, 95.276, 0, 0, 98.776, 53.22, 0, 0, 0, 0, 0, 14, 0, 12.5, 0, 3.267, 194, 0, 0, 0, 66, 1, 0.018, 0.019, 117.033, 101.352, 100, 0, 0, 141, 28.64, 29.253, 100, 4.43, 0, 95.276, 0, 0, 98.776, 53.22, 0, 0, 0, 0, 
3.15, 24.352, 100.58, 62.15, 62.839, , 19.105, 0.971, 185.01, 185.01, 3.09, 455.322, 455.322, 455.322, 56.907, 84.071, 35.632, 35.769, 7.379, 11.64, 0, 0, 65.262, 67.246, 65.262, 67.246, 1, 55.366, 55.366, 0.024, 0.264, 108.855, 112.159, 108.855, 112.159, 5.078, 7.379, 11.64, , , 1, 3.235, 0, 0, 12.5, 3.09, 194, 0, 0, 0, 66, 17.916, 18.503, 116.814, 101.397, 100, 0, 0, 28.822, 29.294, 100, 4.43, 95.559, 0, 0, 99.059, 54.377, 0, 0, 0, 0, 0, 14, 0, 12.5, 0, 3.323, 194, 0, 0, 0, 66, 1, 0.018, 0.019, 116.814, 101.397, 100, 0, 0, 141, 28.822, 29.294, 100, 4.43, 0, 95.559, 0, 0, 99.059, 54.377, 0, 0, 0, 0, 
3.2, 24.354, 100.58, 62.15, 62.84, , 19.213, 0.971, 188.937, 188.937, 3.115, 457.892, 457.892, 457.892, 56.6, 85.074, 35.704, 35.949, 7.38, 11.682, 0, 0, 66.713, 68.741, 66.713, 68.741, 1, 56.279, 56.279, 0.024, 0.264, 109.999, 113.338, 109.999, 113.338, 5.097, 7.38, 11.682, , , 1, 3.285, 0, 0, 12.5, 3.115, 194, 0, 0, 0, 66, 18.029, 18.595, 116.596, 101.442, 100, 0, 0, 29.004, 29.334, 100, 4.43, 95.843, 0, 0, 99.343, 55.533, 0, 0, 0, 0, 0, 14, 0, 12.5, 0, 3.38, 194, 0, 0, 0, 66, 1, 0.018, 0.019, 116.596, 101.442, 100, 0, 0, 141, 29.004, 29.334, 100, 4.43, 0, 95.843, 0, 0, 99.343, 55.533, 0, 0, 0, 0, 
3.25, 24.356, 100.58, 62.15, 62.841, , 19.269, 0.971, 192.919, 192.919, 3.14, 459.25, 459.25, 459.25, 56.713, 86.078, 35.776, 36.129, 7.38, 11.732, 0, 0, 68.004, 70.071, 68.004, 70.071, 1, 57.209, 57.209, 0.024, 0.264, 110.181, 113.527, 110.181, 113.527, 5.121, 7.38, 11.732, , , 1, 3.335, 0, 0, 12.5, 3.14, 194, 0, 0, 0, 66, 18.141, 18.688, 116.377, 101.487, 100, 0, 0, 29.186, 29.375, 100, 4.43, 96.126, 0, 0, 99.626, 56.69, 0, 0, 0, 0, 0, 14, 0, 12.5, 0, 3.437, 194, 0, 0, 0, 66, 1, 0.018, 0.019, 116.377, 101.487, 100, 0, 0, 141, 29.186, 29.375, 100, 4.43, 0, 96.126, 0, 0, 99.626, 56.69, 0, 0, 0, 0, 
3.3, 24.358, 100.58, 62.15, 62.843, , 19.165, 0.971, 196.973, 196.973, 3.165, 456.792, 456.792, 456.792, 57.202, 87.081, 35.374, 35.937, 7.379, 11.787, 0, 0, 68.711, 70.799, 68.711, 70.799, 1, 58.141, 58.141, 0.024, 0.264, 108.802, 112.106, 108.802, 112.106, 5.151, 7.379, 11.787, , , 1, 3.385, 0, 0, 12.5, 3.165, 194, 0, 0, 0, 66, 18.254, 18.78, 116.159, 101.532, 100, 0, 0, 29.368, 29.415, 100, 4.43, 96.41, 0, 0, 99.91, 57.846, 0, 0, 0, 0, 0, 14, 0, 12.5, 0, 3.494, 194, 0, 0, 0, 66, 1, 0.018, 0.019, 116.159, 101.532, 100, 0, 0, 141, 29.368, 29.415, 100, 4.43, 0, 96.41, 0, 0, 99.91, 57.846, 0, 0, 0, 0, 
3.35, 24.359, 100.58, 62.15, 62.844, , 18.489, 0.971, 201.143, 201.143, 3.189, 440.774, 440.774, 440.774, 58.089, 88.085, 34.942, 35.721, 7.379, 11.835, 0, 0, 67.25, 69.295, 67.25, 69.295, 1, 59.054, 59.054, 0.024, 0.264, 103.752, 106.904, 103.752, 106.904, 5.181, 7.379, 11.835, , , 1, 3.435, 0, 0, 12.5, 3.189, 194, 0, 0, 0, 66, 18.366, 18.873, 115.94, 101.577, 100, 0, 0, 29.55, 29.456, 100, 4.43, 96.694, 0, 0, 100.194, 59.003, 0, 0, 0, 0, 0, 14, 0, 12.5, 0, 3.551, 194, 0, 0, 0, 66, 1, 0.018, 0.019, 115.94, 101.577, 100, 0, 0, 141, 29.55, 29.456, 100, 4.43, 0, 96.694, 0, 0, 100.194, 59.003, 0, 0, 0, 0, 
3.4, 24.361, 100.58, 62.15, 62.845, , 15.9, 0.971, 205.313, 205.313, 3.214, 379.378, 379.378, 379.378, 59.445, 89.088, 34.51, 35.505, 7.378, 11.88, 0, 0, 58.477, 60.255, 58.477, 60.255, 1, 59.889, 59.889, 0.024, 0.264, 88.227, 90.908, 88.227, 90.908, 5.211, 7.378, 11.88, , , 1, 3.485, 0, 0, 12.5, 3.214, 194, 0, 0, 0, 66, 18.479, 18.966, 115.722, 101.621, 100, 0, 0, 29.732, 29.496, 100, 4.43, 96.977, 0, 0, 100.477, 60.159, 0, 0, 0, 0, 0, 14, 0, 12.5, 0, 3.607, 194, 0, 0, 0, 66, 1, 0.018, 0.019, 115.722, 101.621, 100, 0, 0, 141, 29.732, 29.496, 100, 4.43, 0, 96.977, 0, 0, 100.477, 60.159, 0, 0, 0, 0, 
3.45, 24.363, 100.58, 62.15, 62.846, , 11.717, 0.971, 209.631, 209.631, 3.367, 280.157, 280.157, 280.157, 61.063, 90.092, 34.078, 35.289, 7.378, 11.91, 0, 0, 43.458, 44.779, 43.458, 44.779, 1, 60.568, 60.568, 0.024, 0.264, 64.458, 66.419, 64.458, 66.419, 5.238, 7.378, 11.91, , , 1, 3.535, 0, 0.088, 12.5, 3.367, 194, 0, 0, 0, 66, 18.608, 19.021, 115.531, 101.59, 100, 0, 0, 29.984, 29.594, 100, 4.43, 99.195, 0, 0, 102.218, 60.741, 0, 0, 0, 0, 0, 14, 0.088, 12.5, 0, 3.688, 194, 0, 0, 0, 66, 1, 0.019, 0.019, 115.531, 101.59, 100, 0, 0, 141, 29.984, 29.594, 100, 4.43, 0, 99.195, 0, 0, 102.218, 60.741, 0, 0, 0, 0, 
3.5, 24.365, 100.58, 62.15, 62.847, , 6.172, 0.971, 213.954, 213.954, 3.531, 148.612, 148.612, 148.612, 62.57, 91.096, 33.646, 35.073, 7.377, 11.931, 0, 0, 23.138, 23.843, 23.138, 23.843, 1, 61.019, 61.019, 0.024, 0.263, 34.489, 35.537, 34.489, 35.537, 5.261, 7.377, 11.931, , , 1, 3.585, 0, 0.183, 12.5, 3.531, 194, 0, 0, 0, 66, 18.739, 19.072, 115.344, 101.551, 100, 0, 0, 30.245, 29.698, 100, 4.43, 101.581, 0, 0, 104.085, 61.259, 0, 0, 0, 0, 0, 14, 0.183, 12.5, 0, 3.77, 194, 0, 0, 0, 66, 1, 0.019, 0.019, 115.344, 101.551, 100, 0, 0, 141, 30.245, 29.698, 100, 4.43, 0, 101.581, 0, 0, 104.085, 61.259, 0, 0, 0, 0, 
3.55, 24.367, 100.58, 62.15, 62.848, , 1.018, 0.971, 218.411, 218.411, 3.696, 26.343, 26.343, 26.343, 63.817, 92.099, 33.925, 35.162, 7.377, 11.944, 0, 0, 4.108, 4.234, 4.108, 4.234, 1, 61.201, 61.201, 0.024, 0.263, 7.125, 7.341, 7.125, 7.341, 5.283, 7.377, 11.944, , , 1, 3.635, 0, 0.279, 12.5, 3.696, 194, 0, 0, 0, 66, 18.871, 19.123, 115.156, 101.512, 100, 0, 0, 30.505, 29.802, 100, 4.43, 103.967, 0, 0, 105.952, 61.776, 0, 0, 0, 0, 0, 14, 0.279, 12.5, 0, 3.853, 194, 0, 0, 0, 66, 1, 0.019, 0.019, 115.156, 101.512, 100, 0, 0, 141, 30.505, 29.802, 100, 4.43, 0, 103.967, 0, 0, 105.952, 61.776, 0, 0, 0, 0, 
3.6, 24.369, 100.58, 62.15, 62.849, , -3.326, 0.971, 222.902, 222.902, 3.86, -76.7, -76.7, -76.7, 64.764, 93.103, 34.249, 35.27, 7.377, 11.951, 0, 0, -12.071, -12.438, -12.071, -12.438, 1, 61.14, 61.14, 0.024, 0.262, -15.514, -15.986, -15.514, -15.986, 5.305, 7.377, 11.951, , , 1, 3.684, 0, 0.374, 12.5, 3.86, 194, 0, 0, 0, 66, 19.002, 19.174, 114.969, 101.474, 100, 0, 0, 30.766, 29.906, 100, 4.43, 106.353, 0, 0, 107.82, 62.294, 0, 0, 0, 0, 0, 14, 0.374, 12.5, 0, 3.935, 194, 0, 0, 0, 66, 1, 0.019, 0.019, 114.969, 101.474, 100, 0, 0, 141, 30.766, 29.906, 100, 4.43, 0, 106.353, 0, 0, 107.82, 62.294, 0, 0, 0, 0, 
3.65, 24.37, 100.58, 62.15, 62.85, , -5.922, 0.971, 227.393, 227.393, 4.007, -138.295, -138.295, -138.295, 65.346, 94.106, 34.573, 35.378, 7.377, 12.068, 0, 0, -21.767, -22.429, -21.767, -22.429, 1, 60.894, 60.894, 0.024, 0.262, -28.692, -29.564, -28.692, -29.564, 5.327, 7.377, 12.068, , , 1, 3.735, 0, 0.452, 12.5, 4.007, 194, 0, 0, 0, 65.82, 18.79, 18.878, 114.764, 99.483, 100, 0, 0, 31.07, 30.09, 97.6, 4.352, 108.269, 0, 0, 109.339, 62.71, 0, 0, 0, 0, 0, 14, 0.452, 12.5, 0, 4.007, 194, 0, 0, 0, 65.82, 1, 0.019, 0.019, 114.764, 99.483, 100, 0, 0, 141, 31.07, 30.09, 97.6, 4.352, 0, 108.269, 0, 0, 109.339, 62.71, 0, 0, 0, 0, 
3.7, 24.371, 100.58, 62.15, 62.85, , -6.838, 0.971, 231.882, 231.882, 3.995, -160.055, -160.055, -160.055, 65.574, 95.11, 34.897, 35.486, 7.378, 12.252, 0, 0, -25.122, -25.885, -25.122, -25.885, 1, 60.559, 60.559, 0.024, 0.262, -33.198, -34.207, -33.198, -34.207, 5.346, 7.378, 12.252, , , 1, 3.785, 0, 0.367, 12.5, 3.995, 194, 0, 0, 0, 64.02, 15.486, 15.456, 114.404, 83.173, 100, 0, 0, 31.77, 30.99, 77.6, 3.576, 105.96, 0, 0, 107.733, 62.212, 0, 0, 0, 0, 0, 14, 0.367, 12.5, 0, 3.995, 194, 0, 0, 0, 64.02, 1, 0.015, 0.015, 114.402, 83.173, 100, 0, 0, 141, 31.77, 30.99, 77.6, 3.576, 0, 105.96, 0, 0, 107.733, 62.212, 0, 0, 0, 0, 
3.75, 24.372, 100.58, 62.15, 62.85, , -6.364, 0.971, 236.372, 236.372, 3.983, -148.795, -148.795, -148.795, 65.835, 96.113, 35.221, 35.594, 7.378, 12.742, 0, 0, -23.222, -23.928, -23.222, -23.928, 1, 60.212, 60.212, 0.024, 0.262, -30.746, -31.68, -30.746, -31.68, 5.365, 7.378, 12.742, , , 1, 3.835, 0, 0.283, 12.5, 3.983, 194, 0, 0, 0, 62.22, 12.182, 12.034, 114.044, 66.863, 100, 0, 0, 32.47, 31.89, 57.6, 2.8, 103.651, 0, 0, 106.127, 61.714, 0, 0, 0, 0, 0, 14, 0.283, 12.5, 0, 3.983, 194, 0, 0, 0, 62.22, 1, 0.012, 0.012, 114.041, 66.863, 100, 0, 0, 141, 32.47, 31.89, 57.6, 2.8, 0, 103.651, 0, 0, 106.127, 61.714, 0, 0, 0, 0, 
3.8, 24.373, 100.58, 62.15, 62.85, , -5.721, 0.971, 240.812, 240.812, 3.971, -133.56, -133.56, -133.56, 66.116, 97.117, 35.138, 35.363, 7.379, 13.437, 0, 0, -20.714, -21.344, -20.714, -21.344, 1, 59.91, 59.91, 0.024, 0.262, -27.462, -28.296, -27.462, -28.296, 5.384, 7.379, 13.437, , , 1, 3.885, 0, 0.199, 12.5, 3.971, 194, 0, 0, 0, 60.42, 8.878, 8.612, 113.684, 50.553, 100, 0, 0, 33.17, 32.79, 37.6, 2.024, 101.341, 0, 0, 104.52, 61.216, 0, 0, 0, 0, 0, 14, 0.199, 12.5, 0, 3.971, 194, 0, 0, 0, 60.42, 1, 0.009, 0.008, 113.68, 50.553, 100, 0, 0, 141, 33.17, 32.79, 37.6, 2.024, 0, 101.341, 0, 0, 104.52, 61.216, 0, 0, 0, 0, 
3.85, 24.373, 100.58, 62.15, 62.85, , -5.397, 0.971, 245.264, 245.264, 3.959, -125.889, -125.889, -125.889, 66.436, 97.864, 35.03, 35.111, 7.379, 14.463, 0, 0, -19.435, -20.025, -19.435, -20.025, 1, 59.631, 59.631, 0.024, 0.262, -25.769, -26.55, -25.769, -26.55, 5.403, 7.379, 14.463, , , 1, 3.935, 0, 0.114, 12.5, 3.959, 194, 0, 0, 0, 58.62, 5.574, 5.19, 113.324, 34.243, 100, 0, 0, 33.87, 33.69, 17.6, 1.248, 99.032, 0, 0, 102.914, 60.718, 0, 0, 0, 0, 0, 14, 0.114, 12.5, 0, 3.959, 194, 0, 0, 0, 58.62, 1, 0.006, 0.005, 113.318, 34.243, 100, 0, 0, 141, 33.87, 33.69, 17.6, 1.248, 0, 99.032, 0, 0, 102.914, 60.718, 0, 0, 0, 0, 
3.9, 24.374, 100.58, 62.15, 62.85, , -5.224, 0.971, 249.672, 249.672, 3.948, -121.78, -121.78, -121.78, 66.813, 95.664, 34.922, 34.859, 7.38, 15.728, 0, 0, -18.723, -19.292, -18.723, -19.292, 1, 59.365, 59.365, 0.024, 0.262, -24.802, -25.554, -24.802, -25.554, 5.416, 7.38, 15.728, , , 1, 3.985, 0, 0.04, 12.5, 3.948, 194, 0, 0, 0, 56.64, 2.572, 2.09, 113, 19.748, 100, 0, 0, 34.4, 34.4, 0, 0.55, 97.012, 0, 0, 101.5, 60.239, 0, 0, 0, 0, 0, 14, 0.04, 12.5, 0, 3.948, 194, 0, 0, 0, 56.64, 1, 0.003, 0.002, 113, 19.748, 100, 0, 0, 141, 34.4, 34.4, 0, 0.55, 0, 97.012, 0, 0, 101.5, 60.239, 0, 0, 0, 0, 
3.95, 24.375, 100.58, 62.15, 62.85, , -5.166, 0.971, 254.03, 254.03, 3.947, -120.402, -120.402, -120.402, 67.201, 93.463, 34.814, 34.607, 7.38, 17.106, 0, 0, -18.425, -18.986, -18.425, -18.986, 1, 59.102, 59.102, 0.024, 0.262, -24.375, -25.115, -24.375, -25.115, 5.429, 7.38, 17.106, , , 1, 4.034, 0, 0.044, 12.5, 3.947, 194, 0, 0, 0, 53.04, 2.296, 1.889, 113, 18.568, 100, 0, 0, 33.4, 33.4, 0, 0.55, 97.112, 0, 0, 101.5, 59.929, 0, 0, 0, 0, 0, 14, 0.044, 12.5, 0, 3.947, 194, 0, 0, 0, 53.04, 1, 0.003, 0.002, 113, 18.568, 100, 0, 0, 141, 33.4, 33.4, 0, 0.55, 0, 97.112, 0, 0, 101.5, 59.929, 0, 0, 0, 0, 
4, 24.376, 100.58, 62.15, 62.85, , -5.169, 0.971, 258.407, 258.407, 3.947, -120.493, -120.493, -120.493, 67.508, 91.263, 34.706, 34.355, 7.379, 18.572, 0, 0, -18.346, -18.905, -18.346, -18.905, 1, 58.843, 58.843, 0.024, 0.262, -24.263, -24.999, -24.263, -24.999, 5.441, 7.379, 18.572, , , 1, 4.085, 0, 0.048, 12.5, 3.947, 194, 0, 0, 0, 49.44, 2.02, 1.688, 113, 17.388, 100, 0, 0, 32.4, 32.4, 0, 0.55, 97.212, 0, 0, 101.5, 59.619, 0, 0, 0, 0, 0, 14, 0.048, 12.5, 0, 3.947, 194, 0, 0, 0, 49.44, 1, 0.002, 0.002, 113, 17.388, 100, 0, 0, 141, 32.4, 32.4, 0, 0.55, 0, 97.212, 0, 0, 101.5, 59.619, 0, 0, 0, 0, 
4.05, 24.376, 100.58, 62.15, 62.85, , -5.19, 0.971, 262.731, 262.731, 3.946, -121.001, -121.001, -121.001, 67.74, 89.063, 34.835, 34.509, 7.379, 19.802, 0, 0, -18.331, -18.891, -18.331, -18.891, 1, 58.583, 58.583, 0.024, 0.263, -24.269, -25.005, -24.269, -25.005, 5.454, 7.379, 19.802, , , 1, 4.135, 0, 0.052, 12.5, 3.946, 194, 0, 0, 0, 45.84, 1.744, 1.487, 113, 16.208, 100, 0, 0, 31.4, 31.4, 0, 0.55, 97.312, 0, 0, 101.5, 59.309, 0, 0, 0, 0, 0, 14, 0.052, 12.5, 0, 3.946, 194, 0, 0, 0, 45.84, 1, 0.002, 0.001, 113, 16.208, 100, 0, 0, 141, 31.4, 31.4, 0, 0.55, 0, 97.312, 0, 0, 101.5, 59.309, 0, 0, 0, 0, 
4.1, 24.377, 100.58, 62.15, 62.85, , -5.306, 0.971, 267.055, 267.055, 3.946, -123.748, -123.748, -123.748, 67.895, 86.863, 34.979, 34.689, 7.378, 20.831, 0, 0, -18.66, -19.231, -18.66, -19.231, 1, 58.32, 58.32, 0.024, 0.263, -24.76, -25.511, -24.76, -25.511, 5.451, 7.378, 20.831, , , 1, 4.184, 0, 0.056, 12.5, 3.946, 194, 0, 0, 0, 42.24, 1.468, 1.286, 113, 15.028, 100, 0, 0, 30.4, 30.4, 0, 0.55, 97.412, 0, 0, 101.5, 58.999, 0, 0, 0, 0, 0, 14, 0.056, 12.5, 0, 3.946, 194, 0, 0, 0, 42.24, 1, 0.001, 0.001, 113, 15.028, 100, 0, 0, 141, 30.4, 30.4, 0, 0.55, 0, 97.412, 0, 0, 101.5, 58.999, 0, 0, 0, 0, 
4.15, 24.378, 100.58, 62.15, 62.85, , -5.603, 0.971, 271.38, 271.38, 3.944, -130.814, -130.814, -130.814, 67.984, 84.662, 35.123, 34.869, 7.378, 21.56, 0, 0, -19.645, -20.245, -19.645, -20.245, 1, 58.042, 58.042, 0.024, 0.264, -26.146, -26.941, -26.146, -26.941, 5.447, 7.378, 21.56, , , 1, 4.234, 0, 0.058, 12.5, 3.944, 194, 0, 0, 0, 38.938, 1.195, 1.082, 113, 13.958, 100, 0, 0, 29.396, 29.396, 0, 0.55, 97.488, 0, 0, 101.494, 58.688, 0, 0, 0, 0, 0, 14, 0.058, 12.5, 0, 3.944, 194, 0, 0, 0, 38.938, 1, 0.001, 0.001, 113, 13.958, 100, 0, 0, 141, 29.396, 29.396, 0, 0.55, 0, 97.488, 0, 0, 101.5, 58.688, 0, 0, 0, 0, 
4.2, 24.379, 100.58, 62.15, 62.85, , -5.76, 0.971, 275.699, 275.699, 3.936, -134.53, -134.53, -134.53, 68.03, 82.462, 35.267, 35.049, 7.377, 22.012, 0, 0, -20.11, -20.724, -20.11, -20.724, 1, 57.754, 57.754, 0.024, 0.264, -26.88, -27.696, -26.88, -27.696, 5.444, 7.377, 22.012, , , 1, 4.285, 0, 0.046, 12.5, 3.936, 194, 0, 0, 0, 38.312, 0.94, 0.852, 113, 13.688, 100, 0, 0, 28.354, 28.354, 0, 0.55, 97.383, 0, 0, 101.442, 58.364, 0, 0, 0, 0, 0, 14, 0.046, 12.5, 0, 3.936, 194, 0, 0, 0, 38.312, 1, 0.001, 0.001, 113, 13.688, 100, 0, 0, 141, 28.354, 28.354, 0, 0.55, 0, 97.383, 0, 0, 101.5, 58.364, 0, 0, 0, 0, 
4.25, 24.379, 100.58, 62.15, 62.85, , -5.732, 0.971, 279.945, 279.945, 3.927, -133.873, -133.873, -133.873, 68.059, 80.262, 35.411, 35.229, 7.377, 22.281, 0, 0, -19.91, -20.518, -19.91, -20.518, 1, 57.463, 57.463, 0.024, 0.265, -26.739, -27.549, -26.739, -27.549, 5.44, 7.377, 22.281, , , 1, 4.335, 0, 0.033, 12.5, 3.927, 194, 0, 0, 0, 37.688, 0.686, 0.622, 113, 13.418, 100, 0, 0, 27.312, 27.312, 0, 0.55, 97.279, 0, 0, 101.39, 58.04, 0, 0, 0, 0, 0, 14, 0.033, 12.5, 0, 3.927, 194, 0, 0, 0, 37.688, 1, 0.001, 0.001, 113, 13.418, 100, 0, 0, 141, 27.312, 27.312, 0, 0.55, 0, 97.279, 0, 0, 101.5, 58.04, 0, 0, 0, 0, 
4.3, 24.38, 100.58, 62.15, 62.85, , -5.672, 0.971, 284.191, 284.191, 3.918, -132.458, -132.458, -132.458, 68.083, 78.061, 35.251, 34.969, 7.377, 22.352, 0, 0, -19.601, -20.198, -19.601, -20.198, 1, 57.173, 57.173, 0.025, 0.265, -26.446, -27.249, -26.446, -27.249, 5.46, 7.377, 22.352, , , 1, 4.385, 0, 0.021, 12.5, 3.918, 194, 0, 0, 0, 37.062, 0.432, 0.391, 113, 13.148, 100, 0, 0, 26.271, 26.271, 0, 0.55, 97.175, 0, 0, 101.338, 57.716, 0, 0, 0, 0, 0, 14, 0.021, 12.5, 0, 3.918, 194, 0, 0, 0, 37.062, 1, 0, 0, 113, 13.148, 100, 0, 0, 141, 26.271, 26.271, 0, 0.55, 0, 97.175, 0, 0, 101.5, 57.716, 0, 0, 0, 0, 
4.35, 24.381, 100.58, 62.15, 62.85, , -5.654, 0.971, 288.437, 288.437, 3.909, -132.029, -132.029, -132.029, 68.101, 75.861, 35.071, 34.681, 7.377, 22.39, 0, 0, -19.44, -20.031, -19.44, -20.031, 1, 56.89, 56.89, 0.025, 0.266, -26.354, -27.154, -26.354, -27.154, 5.489, 7.377, 22.39, , , 1, 4.435, 0, 0.008, 12.5, 3.909, 194, 0, 0, 0, 36.438, 0.178, 0.161, 113, 12.878, 100, 0, 0, 25.229, 25.229, 0, 0.55, 97.071, 0, 0, 101.286, 57.392, 0, 0, 0, 0, 0, 14, 0.008, 12.5, 0, 3.909, 194, 0, 0, 0, 36.438, 1, 0, 0, 113, 12.878, 100, 0, 0, 141, 25.229, 25.229, 0, 0.55, 0, 97.071, 0, 0, 101.5, 57.392, 0, 0, 0, 0, 
4.4, 24.382, 100.58, 62.15, 62.85, , -5.661, 0.971, 292.625, 292.625, 3.897, -132.216, -132.216, -132.216, 68.12, 73.661, 34.891, 34.393, 7.377, 22.39, 0, 0, -19.372, -19.96, -19.372, -19.96, 1, 56.603, 56.603, 0.025, 0.266, -26.385, -27.186, -26.385, -27.186, 5.518, 7.377, 22.39, , , 1, 4.485, 0, 0, 12.5, 3.897, 194, 0, 0, 0, 36, 0, 0, 113, 12.683, 100, 0, 0, 24.5, 24.5, 0, 0.55, 96.934, 0, 0, 101.234, 57.126, 0, 0, 0, 0, 0, 14, 0, 12.5, 0, 3.897, 194, 0, 0, 0, 36, 1, 0, 0, 113, 12.683, 100, 0, 0, 141, 24.5, 24.5, 0, 0.55, 0, 96.934, 0, 0, 101.467, 57.126, 0, 0, 0, 0, 
4.45, 24.383, 100.58, 62.15, 62.85, , -5.653, 0.971, 296.795, 296.795, 3.879, -132.02, -132.02, -132.02, 68.14, 71.461, 34.711, 34.105, 7.377, 22.39, 0, 0, -19.247, -19.831, -19.247, -19.831, 1, 56.319, 56.319, 0.025, 0.266, -26.337, -27.137, -26.337, -27.137, 5.548, 7.377, 22.39, , , 1, 4.535, 0, 0, 12.5, 3.879, 194, 0, 0, 0, 36, 0, 0, 113, 12.644, 100, 0, 0, 24.5, 24.5, 0, 0.55, 96.726, 0, 0, 101.182, 56.996, 0, 0, 0, 0, 0, 14, 0, 12.5, 0, 3.879, 194, 0, 0, 0, 36, 1, 0, 0, 113, 12.644, 100, 0, 0, 141, 24.5, 24.5, 0, 0.55, 0, 96.726, 0, 0, 101.363, 56.996, 0, 0, 0, 0, 
4.5, 24.383, 100.58, 62.15, 62.85, , -5.625, 0.971, 300.965, 300.965, 3.86, -131.38, -131.38, -131.38, 68.166, 69.26, 34.531, 33.817, 7.377, 22.39, 0, 0, -19.056, -19.635, -19.056, -19.635, 1, 56.033, 56.033, 0.025, 0.266, -26.199, -26.995, -26.199, -26.995, 5.588, 7.377, 22.39, , , 1, 4.585, 0, 0, 12.5, 3.86, 194, 0, 0, 0, 36, 0, 0, 113, 12.606, 100, 0, 0, 24.5, 24.5, 0, 0.55, 96.519, 0, 0, 101.13, 56.866, 0, 0, 0, 0, 0, 14, 0, 12.5, 0, 3.86, 194, 0, 0, 0, 36, 1, 0, 0, 113, 12.606, 100, 0, 0, 141, 24.5, 24.5, 0, 0.55, 0, 96.519, 0, 0, 101.259, 56.866, 0, 0, 0, 0, 
4.55, 24.384, 100.58, 62.15, 62.85, , -5.602, 0.971, 305.107, 305.107, 3.842, -130.836, -130.836, -130.836, 68.198, 67.06, 34.554, 34.172, 7.377, 22.39, 0, 0, -18.881, -19.453, -18.881, -19.453, 1, 55.747, 55.747, 0.025, 0.266, -26.078, -26.871, -26.078, -26.871, 5.638, 7.377, 22.39, , , 1, 4.634, 0, 0, 12.5, 3.842, 194, 0, 0, 0, 36, 0, 0, 113, 12.567, 100, 0, 0, 24.5, 24.5, 0, 0.55, 96.311, 0, 0, 101.078, 56.735, 0, 0, 0, 0, 0, 14, 0, 12.5, 0, 3.842, 194, 0, 0, 0, 36, 1, 0, 0, 113, 12.567, 100, 0, 0, 141, 24.5, 24.5, 0, 0.55, 0, 96.311, 0, 0, 101.156, 56.735, 0, 0, 0, 0, 
4.6, 24.385, 100.58, 62.15, 62.85, , -5.577, 0.971, 309.203, 309.203, 3.823, -130.256, -130.256, -130.256, 68.236, 64.86, 34.59, 34.568, 7.377, 22.39, 0, 0, -18.703, -19.27, -18.703, -19.27, 1, 55.464, 55.464, 0.025, 0.266, -25.949, -26.737, -25.949, -26.737, 5.687, 7.377, 22.39, , , 1, 4.684, 0, 0, 12.5, 3.823, 194, 0, 0, 0, 36, 0, 0, 113, 12.528, 100, 0, 0, 24.5, 24.5, 0, 0.55, 96.104, 0, 0, 101.026, 56.605, 0, 0, 0, 0, 0, 14, 0, 12.5, 0, 3.823, 194, 0, 0, 0, 36, 1, 0, 0, 113, 12.528, 100, 0, 0, 141, 24.5, 24.5, 0, 0.55, 0, 96.104, 0, 0, 101.052, 56.605, 0, 0, 0, 0, 
4.65, 24.386, 100.58, 62.15, 62.85, , -5.231, 0.971, 313.299, 313.299, 3.809, -122.034, -122.034, -122.034, 68.29, 62.659, 34.626, 34.964, 7.377, 22.39, 0, 0, -17.446, -17.975, -17.446, -17.975, 1, 55.184, 55.184, 0.025, 0.265, -24.298, -25.036, -24.298, -25.036, 5.737, 7.377, 22.39, , , 1, 4.734, 0.022, 0, 12.5, 3.809, 194, 0, 0, 0, 36, 0.934, 0.95, 113, 16.614, 100, 0, 0, 24.222, 24.176, 3.625, 0.705, 96.511, 0, 0, 101.395, 56.54, 0, 0, 0.022, 0, 0, 14, 0, 12.5, 0, 3.809, 194, 0, 0, 0, 36, 1, 0.001, 0.001, 113, 16.614, 100, 0, 0, 141, 24.222, 24.176, 3.756, 0.705, 0, 96.511, 0, 0, 101.395, 56.54, 0, 0, 0, 0, 
4.7, 24.386, 100.58, 62.15, 62.85, , -2.442, 0.971, 317.396, 317.396, 3.8, -55.871, -55.871, -55.871, 68.309, 60.459, 34.662, 35.36, 7.377, 22.39, 0, 0, -8.008, -8.249, -8.008, -8.249, 1, 54.992, 54.992, 0.025, 0.265, -11.121, -11.459, -11.121, -11.459, 5.78, 7.377, 22.39, , , 1, 4.785, 0.066, 0, 12.5, 3.8, 194, 0, 0, 0, 36, 2.803, 2.851, 113, 24.507, 100, 0, 0, 23.667, 23.528, 10.874, 1.014, 97.533, 0, 0, 102.185, 56.541, 0, 0, 0.066, 0, 0, 14, 0, 12.5, 0, 3.8, 194, 0, 0, 0, 36, 1, 0.003, 0.003, 113, 24.507, 100, 0, 0, 141, 23.667, 23.528, 10.978, 1.014, 0, 97.533, 0, 0, 102.185, 56.541, 0, 0, 0, 0, 
4.75, 24.387, 100.58, 62.15, 62.85, , 3.284, 0.971, 321.492, 321.492, 3.791, 79.953, 79.953, 79.953, 68.181, 64.733, 34.698, 35.756, 7.377, 22.39, 0, 0, 11.589, 11.943, 11.589, 11.943, 1, 55.006, 55.006, 0.025, 0.264, 16.241, 16.734, 16.241, 16.734, 5.809, 7.377, 22.39, , , 1, 4.835, 0.109, 0, 12.5, 3.791, 194, 0, 0, 0, 36, 4.671, 4.752, 113, 32.399, 100, 0, 0, 23.111, 22.88, 18.123, 1.323, 98.556, 0, 0, 102.975, 56.542, 0, 0, 0.109, 0, 0, 14, 0, 12.5, 0, 3.791, 194, 0, 0, 0, 36, 1, 0.005, 0.005, 113, 32.399, 100, 0, 0, 141, 23.111, 22.88, 18.2, 1.323, 0, 98.556, 0, 0, 102.975, 56.542, 0, 0, 0, 0, 
4.8, 24.388, 100.58, 62.15, 62.85, , 7.798, 0.971, 325.531, 325.531, 3.781, 187.058, 187.058, 187.058, 67.843, 70.397, 34.968, 35.747, 7.377, 22.39, 0, 0, 27.246, 28.076, 27.246, 28.076, 1, 55.276, 55.276, 0.025, 0.264, 38.049, 39.206, 38.049, 39.206, 5.838, 7.377, 22.39, , , 1, 4.885, 0.153, 0, 12.5, 3.781, 194, 0, 0, 0, 36, 6.54, 6.653, 113, 40.292, 100, 0, 0, 22.556, 22.231, 25.372, 1.632, 99.578, 0, 0, 103.765, 56.543, 0, 0, 0.153, 0, 0, 14, 0, 12.5, 0, 3.781, 194, 0, 0, 0, 36, 1, 0.006, 0.007, 113, 40.292, 100, 0, 0, 141, 22.556, 22.231, 25.422, 1.632, 0, 99.578, 0, 0, 103.765, 56.543, 0, 0, 0, 0, 
4.85, 24.389, 100.58, 62.15, 62.85, , 12.216, 0.971, 329.556, 329.556, 3.772, 291.892, 291.892, 291.892, 67.366, 72.838, 35.252, 35.711, 7.377, 22.208, 0, 0, 42.782, 44.085, 42.782, 44.085, 1, 55.745, 55.745, 0.025, 0.264, 59.635, 61.447, 59.635, 61.447, 5.867, 7.377, 22.208, , , 1, 4.935, 0.197, 0, 12.5, 3.772, 194, 0, 0, 0, 36, 8.408, 8.554, 113, 48.185, 100, 0, 0, 22, 21.583, 32.621, 1.942, 100.6, 0, 0, 104.555, 56.544, 0, 0, 0.197, 0, 0, 14, 0, 12.5, 0, 3.772, 194, 0, 0, 0, 36, 1, 0.008, 0.009, 113, 48.185, 100, 0, 0, 141, 22, 21.583, 32.644, 1.942, 0, 100.6, 0, 0, 104.555, 56.544, 0, 0, 0, 0, 
4.9, 24.389, 100.58, 62.15, 62.85, , 16.454, 0.971, 333.547, 333.547, 3.767, 392.452, 392.452, 392.452, 66.737, 74.046, 35.537, 35.675, 7.377, 21.703, 0, 0, 57.843, 59.604, 57.843, 59.604, 1, 56.433, 56.433, 0.024, 0.263, 80.487, 82.931, 80.487, 82.931, 5.894, 7.377, 21.703, , , 1, 4.985, 0.238, 0, 12.5, 3.767, 194, 0, 0, 0, 36.747, 10.3, 10.478, 113, 56.237, 100, 0, 0, 21.698, 21.188, 40.25, 2.26, 101.669, 0, 0, 105.356, 56.636, 0, 0, 0.238, 0, 0, 14, 0, 12.5, 0, 3.767, 194, 0, 0, 0, 36.747, 1, 0.01, 0.011, 113, 56.237, 100, 0, 0, 141, 21.698, 21.188, 40.25, 2.26, 0, 101.669, 0, 0, 105.356, 56.636, 0, 0, 0, 0, 
4.95, 24.39, 100.58, 62.15, 62.85, , 19.65, 0.971, 337.527, 337.527, 3.798, 468.275, 468.275, 468.275, 66.041, 64.161, 35.821, 35.64, 7.377, 21.01, 0, 0, 69.536, 71.653, 69.536, 71.653, 1, 57.331, 57.331, 0.024, 0.262, 96.478, 99.407, 96.478, 99.407, 5.906, 7.377, 21.01, , , 1, 5.035, 0.263, 0, 12.5, 3.798, 194, 0, 0, 0, 42.971, 12.403, 12.608, 113, 65.462, 100, 0, 0, 23.677, 23.062, 50.667, 2.662, 103.075, 0, 0, 106.242, 57.542, 0, 0, 0.263, 0, 0, 14, 0, 12.5, 0, 3.798, 194, 0, 0, 0, 42.971, 1, 0.012, 0.013, 113, 65.462, 100, 0, 0, 141, 23.677, 23.062, 50.667, 2.662, 0, 103.075, 0, 0, 106.242, 57.542, 0, 0, 0, 0, 
5, 24.39, 100.58, 62.15, 62.85, , 20.7, 0.971, 341.576, 341.576, 3.83, 493.212, 493.212, 493.212, 65.349, 64.221, 36.106, 35.604, 7.378, 19.95, 0, 0, 74.217, 76.476, 74.217, 76.476, 1, 58.319, 58.319, 0.024, 0.262, 102.397, 105.506, 102.397, 105.506, 5.918, 7.378, 19.95, , , 1, 5.085, 0.288, 0, 12.5, 3.83, 194, 0, 0, 0, 49.195, 14.507, 14.738, 113, 74.687, 100, 0, 0, 25.656, 24.938, 61.083, 3.064, 104.481, 0, 0, 107.127, 58.448, 0, 0, 0.288, 0, 0, 14, 0, 12.5, 0, 3.83, 194, 0, 0, 0, 49.195, 1, 0.014, 0.015, 113, 74.687, 100, 0, 0, 141, 25.656, 24.938, 61.083, 3.064, 0, 104.481, 0, 0, 107.127, 58.448, 0, 0, 0, 0, 
5.05, 24.39, 100.58, 62.15, 62.85, , 19.407, 0.971, 345.749, 345.749, 3.861, 462.556, 462.556, 462.556, 64.794, 65.146, 35.98, 35.6, 7.379, 18.71, 0, 0, 70.982, 73.142, 70.982, 73.142, 1, 59.283, 59.283, 0.024, 0.261, 97.06, 100.005, 97.06, 100.005, 5.93, 7.379, 18.71, , , 1, 5.135, 0.313, 0, 12.5, 3.861, 194, 0, 0, 0, 55.419, 16.61, 16.869, 113, 83.912, 100, 0, 0, 27.635, 26.812, 71.5, 3.466, 105.888, 0, 0, 108.012, 59.354, 0, 0, 0.313, 0, 0, 14, 0, 12.5, 0, 3.861, 194, 0, 0, 0, 55.419, 1, 0.016, 0.017, 113, 83.912, 100, 0, 0, 141, 27.635, 26.812, 71.5, 3.466, 0, 105.888, 0, 0, 108.012, 59.354, 0, 0, 0, 0, 
5.1, 24.39, 100.58, 62.15, 62.85, , 19.562, 0.971, 349.994, 349.994, 3.892, 466.256, 466.256, 466.256, 64.38, 66.071, 35.797, 35.6, 7.38, 17.088, 0, 0, 72.686, 74.897, 72.686, 74.897, 1, 60.228, 60.228, 0.024, 0.261, 98.451, 101.438, 98.451, 101.438, 5.941, 7.38, 17.088, , , 1, 5.184, 0.338, 0, 12.5, 3.892, 194, 0, 0, 0, 61.643, 18.713, 18.999, 113, 93.137, 100, 0, 0, 29.615, 28.688, 81.917, 3.869, 107.294, 0, 0, 108.898, 60.261, 0, 0, 0.338, 0, 0, 14, 0, 12.5, 0, 3.892, 194, 0, 0, 0, 61.643, 1, 0.019, 0.019, 113, 93.137, 100, 0, 0, 141, 29.615, 28.688, 81.917, 3.869, 0, 107.294, 0, 0, 108.898, 60.261, 0, 0, 0, 0, 
5.15, 24.39, 100.58, 62.15, 62.85, , 19.296, 0.971, 354.239, 354.239, 3.921, 459.98, 459.98, 459.98, 64.086, 66.996, 35.615, 35.6, 7.382, 15.604, 0, 0, 72.852, 75.068, 72.852, 75.068, 1, 61.175, 61.175, 0.024, 0.261, 97.58, 100.542, 97.58, 100.542, 5.945, 7.382, 15.604, , , 1, 5.235, 0.347, 0, 12.5, 3.921, 194, 0, 0, 0, 66, 20.185, 20.487, 113, 99.551, 100, 0, 0, 31, 30, 89.765, 4.167, 108.267, 0, 0, 109.5, 61.098, 0, 0, 0.347, 0, 0, 14, 0, 12.5, 0, 3.921, 194, 0, 0, 0, 66, 1, 0.02, 0.02, 113, 99.551, 100, 0, 0, 141, 31, 30, 89.765, 4.167, 0, 108.267, 0, 0, 109.5, 61.098, 0, 0, 0, 0, 
5.2, 24.39, 100.58, 62.15, 62.85, , 19.429, 0.971, 358.62, 358.62, 3.945, 463.14, 463.14, 463.14, 63.908, 67.921, 35.433, 35.6, 7.383, 14.443, 0, 0, 74.439, 76.702, 74.439, 76.702, 1, 62.107, 62.107, 0.024, 0.262, 98.521, 101.514, 98.521, 101.514, 5.949, 7.383, 14.443, , , 1, 5.285, 0.322, 0, 12.5, 3.945, 194, 0, 0, 0, 66, 20.186, 20.479, 113, 99.993, 100, 0, 0, 31, 30, 92.157, 4.223, 108.322, 0, 0, 109.5, 61.772, 0, 0, 0.322, 0, 0, 14, 0, 12.5, 0, 3.945, 194, 0, 0, 0, 66, 1, 0.02, 0.02, 113, 99.993, 100, 0, 0, 141, 31, 30, 92.157, 4.223, 0, 108.322, 0, 0, 109.5, 61.772, 0, 0, 0, 0, 
5.25, 24.39, 100.58, 62.15, 62.85, , 19.474, 0.971, 363.092, 363.092, 3.969, 464.236, 464.236, 464.236, 63.775, 68.846, 35.251, 35.6, 7.384, 13.419, 0, 0, 75.727, 78.029, 75.727, 78.029, 1, 63.047, 63.047, 0.024, 0.262, 98.951, 101.956, 98.951, 101.956, 5.952, 7.384, 13.419, , , 1, 5.335, 0.297, 0, 12.5, 3.969, 194, 0, 0, 0, 66, 20.188, 20.47, 113, 100.434, 100, 0, 0, 31, 30, 94.548, 4.28, 108.376, 0, 0, 109.5, 62.448, 0, 0, 0.297, 0, 0, 14, 0, 12.5, 0, 3.969, 194, 0, 0, 0, 66, 1, 0.02, 0.02, 113, 100.434, 100, 0, 0, 141, 31, 30, 94.548, 4.28, 0, 108.376, 0, 0, 109.5, 62.448, 0, 0, 0, 0, 
5.3, 24.39, 100.58, 62.15, 62.85, , 19.374, 0.971, 367.583, 367.583, 3.993, 461.881, 461.881, 461.881, 63.694, 69.771, 35.206, 35.431, 7.384, 12.784, 0, 0, 76.469, 78.792, 76.469, 78.792, 1, 63.989, 63.989, 0.025, 0.263, 98.572, 101.565, 98.572, 101.565, 5.956, 7.384, 12.784, , , 1, 5.384, 0.272, 0, 12.5, 3.993, 194, 0, 0, 0, 66, 20.189, 20.461, 113, 100.875, 100, 0, 0, 31, 30, 96.939, 4.337, 108.43, 0, 0, 109.5, 63.122, 0, 0, 0.272, 0, 0, 14, 0, 12.5, 0, 3.993, 194, 0, 0, 0, 66, 1, 0.02, 0.02, 113, 100.875, 100, 0, 0, 141, 31, 30, 96.939, 4.337, 0, 108.43, 0, 0, 109.5, 63.122, 0, 0, 0, 0, 
5.35, 24.39, 100.58, 62.15, 62.85, , 19.253, 0.971, 372.199, 372.199, 4.017, 459.041, 459.041, 459.041, 63.67, 70.696, 35.17, 35.251, 7.384, 12.281, 0, 0, 77.133, 79.475, 77.133, 79.475, 1, 64.928, 64.928, 0.025, 0.263, 98.005, 100.981, 98.005, 100.981, 5.962, 7.384, 12.281, , , 1, 5.435, 0.247, 0, 12.5, 4.017, 194, 0, 0, 0, 66, 20.19, 20.453, 113, 101.316, 100, 0, 0, 31, 30, 99.33, 4.393, 108.485, 0, 0, 109.5, 63.798, 0, 0, 0.247, 0, 0, 14, 0, 12.5, 0, 4.017, 194, 0, 0, 0, 66, 1, 0.02, 0.02, 113, 101.316, 100, 0, 0, 141, 31, 30, 99.33, 4.393, 0, 108.485, 0, 0, 109.5, 63.798, 0, 0, 0, 0, 
5.4, 24.39, 100.58, 62.15, 62.85, , 19.096, 0.971, 378.504, 378.504, 4.07, 455.343, 455.343, 455.343, 63.705, 71.621, 35.134, 35.071, 7.383, 12.193, 0, 0, 77.97, 80.336, 77.97, 80.336, 1, 65.954, 65.954, 0.025, 0.263, 97.141, 100.091, 97.141, 100.091, 5.967, 7.383, 12.193, , , 1, 5.485, 0.219, 0, 12.5, 4.07, 194, 0, 0, 0, 66, 20.212, 20.476, 113, 101.293, 100, 0, 0, 31.13, 30.13, 100, 4.41, 109.167, 0, 0, 110.167, 64.564, 0, 0, 0.219, 0, 0, 14, 0, 12.5, 0, 4.07, 194, 0, 0, 0, 66, 1, 0.02, 0.02, 113, 101.293, 100, 0, 0, 141, 31.13, 30.13, 100, 4.41, 0, 109.167, 0, 0, 110.167, 64.564, 0, 0, 0, 0, 
5.45, 24.39, 100.58, 62.15, 62.85, , 18.197, 0.971, 383.875, 383.875, 4.134, 434.056, 434.056, 434.056, 63.796, 72.545, 35.098, 34.891, 7.382, 12.113, 0, 0, 75.378, 77.663, 75.378, 77.663, 1, 67.221, 67.221, 0.025, 0.264, 92.497, 95.305, 92.497, 95.305, 5.973, 7.382, 12.113, , , 1, 5.536, 0.189, 0, 12.5, 4.134, 194, 0, 0, 0, 66, 20.244, 20.513, 113, 101.09, 100, 0, 0, 31.315, 30.315, 100, 4.41, 110.093, 0, 0, 111.093, 65.369, 0, 0, 0.189, 0, 0, 14, 0, 12.5, 0, 4.134, 194, 0, 0, 0, 66, 1, 0.02, 0.02, 113, 101.09, 100, 0, 0, 141, 31.315, 30.315, 100, 4.41, 0, 110.093, 0, 0, 111.093, 65.369, 0, 0, 0, 0, 
5.5, 24.39, 100.58, 62.15, 62.85, , 15.707, 0.971, 388.681, 388.681, 4.198, 374.988, 374.988, 374.988, 63.95, 73.47, 35.062, 34.711, 7.382, 12.063, 0, 0, 65.679, 67.669, 65.679, 67.669, 1, 68.056, 68.056, 0.025, 0.264, 79.841, 82.264, 79.841, 82.264, 5.978, 7.382, 12.063, , , 1, 5.585, 0.159, 0, 12.5, 4.198, 194, 0, 0, 0, 66, 20.275, 20.55, 113, 100.886, 100, 0, 0, 31.5, 30.5, 100, 4.41, 111.019, 0, 0, 112.019, 66.175, 0, 0, 0.159, 0, 0, 14, 0, 12.5, 0, 4.198, 194, 0, 0, 0, 66, 1, 0.02, 0.02, 113, 100.886, 100, 0, 0, 141, 31.5, 30.5, 100, 4.41, 0, 111.019, 0, 0, 112.019, 66.175, 0, 0, 0, 0, 
5.55, 24.39, 100.58, 62.15, 62.85, , 11.672, 0.971, 393.544, 393.544, 4.262, 279.284, 279.284, 279.284, 64.267, 74.395, 35.128, 35.072, 7.382, 12.011, 0, 0, 49.19, 50.681, 49.19, 50.681, 1, 68.733, 68.733, 0.025, 0.264, 59.535, 61.342, 59.535, 61.342, 5.99, 7.382, 12.011, , , 1, 5.635, 0.13, 0, 12.5, 4.262, 194, 0, 0, 0, 66, 20.306, 20.587, 113, 100.682, 100, 0, 0, 31.685, 30.685, 100, 4.41, 111.944, 0, 0, 112.944, 66.981, 0, 0, 0.13, 0, 0, 14, 0, 12.5, 0, 4.262, 194, 0, 0, 0, 66, 1, 0.02, 0.021, 113, 100.682, 100, 0, 0, 141, 31.685, 30.685, 100, 4.41, 0, 111.944, 0, 0, 112.944, 66.981, 0, 0, 0, 0, 
5.6, 24.39, 100.58, 62.15, 62.85, , 6.485, 0.971, 398.49, 398.49, 4.326, 156.232, 156.232, 156.232, 64.812, 75.32, 35.2, 35.468, 7.383, 11.955, 0, 0, 27.614, 28.45, 27.614, 28.45, 1, 69.184, 69.184, 0.025, 0.264, 33.723, 34.747, 33.723, 34.747, 6.003, 7.383, 11.955, , , 1, 5.686, 0.1, 0, 12.5, 4.326, 194, 0, 0, 0, 66, 20.338, 20.624, 113, 100.479, 100, 0, 0, 31.87, 30.87, 100, 4.41, 112.87, 0, 0, 113.87, 67.786, 0, 0, 0.1, 0, 0, 14, 0, 12.5, 0, 4.326, 194, 0, 0, 0, 66, 1, 0.02, 0.021, 113, 100.479, 100, 0, 0, 141, 31.87, 30.87, 100, 4.41, 0, 112.87, 0, 0, 113.87, 67.786, 0, 0, 0, 0, 
5.65, 24.39, 100.58, 62.15, 62.85, , 1.64, 0.971, 403.459, 403.459, 4.392, 41.306, 41.306, 41.306, 65.582, 76.245, 35.272, 35.864, 7.384, 11.909, 0, 0, 7.33, 7.552, 7.33, 7.552, 1, 69.382, 69.382, 0.025, 0.264, 9.708, 10.001, 9.708, 10.001, 6.016, 7.384, 11.909, , , 1, 5.735, 0.075, 0.02, 12.545, 4.392, 194, 0, 0, 0, 65.94, 19.219, 19.497, 112.892, 99.608, 100, 0, 0, 32.96, 31.24, 97.248, 4.274, 113.884, 0, 0, 115.3, 68.424, 0, 0, 0.075, 0, 0, 13.994, 0.02, 12.545, 0, 4.392, 194, 0, 0, 0, 65.94, 1, 0.019, 0.02, 112.892, 99.608, 100, 0, 0, 141, 32.964, 31.24, 97.248, 4.274, 0, 113.884, 0, 0, 115.3, 68.424, 0, 0, 0, 0, 
5.7, 24.39, 100.58, 62.15, 62.85, , -2.698, 0.971, 408.523, 408.523, 4.462, -61.624, -61.624, -61.624, 66.408, 77.17, 35.344, 36.26, 7.384, 11.916, 0, 0, -10.982, -11.316, -10.982, -11.316, 1, 69.352, 69.352, 0.025, 0.264, -11.856, -12.217, -11.856, -12.217, 6.028, 7.384, 11.916, , , 1, 5.785, 0.059, 0.084, 12.685, 4.462, 194, 0, 0, 0, 65.739, 15.417, 15.655, 112.53, 97.32, 100, 0, 0, 36.16, 32.04, 88.648, 3.822, 115.084, 0, 0, 117.8, 68.672, 0, 0, 0.059, 0, 0, 13.974, 0.084, 12.685, 0, 4.462, 194, 0, 0, 0, 65.739, 1, 0.015, 0.016, 112.53, 97.32, 100, 0, 0, 141, 36.177, 32.04, 88.648, 3.822, 0, 115.084, 0, 0, 117.8, 68.672, 0, 0, 0, 0, 
5.75, 24.39, 100.58, 62.15, 62.85, , -5.774, 0.971, 413.7, 413.7, 4.532, -134.587, -134.587, -134.587, 67.171, 78.095, 35.416, 36.656, 7.384, 11.962, 0, 0, -24.045, -24.776, -24.045, -24.776, 1, 69.133, 69.133, 0.025, 0.264, -27.021, -27.842, -27.021, -27.842, 6.042, 7.384, 11.962, , , 1, 5.835, 0.043, 0.148, 12.825, 4.532, 194, 0, 0, 0, 65.538, 11.615, 11.813, 112.169, 95.032, 100, 0, 0, 39.36, 32.84, 80.048, 3.37, 116.284, 0, 0, 120.3, 68.92, 0, 0, 0.043, 0, 0, 13.954, 0.148, 12.825, 0, 4.532, 194, 0, 0, 0, 65.538, 1, 0.011, 0.012, 112.169, 95.032, 100, 0, 0, 141, 39.39, 32.84, 80.048, 3.37, 0, 116.284, 0, 0, 120.3, 68.92, 0, 0, 0, 0, 
5.8, 24.39, 100.58, 62.15, 62.85, , -6.886, 0.971, 418.777, 418.777, 4.602, -160.982, -160.982, -160.982, 67.779, 79.02, 35.274, 36.372, 7.383, 12.217, 0, 0, -28.708, -29.579, -28.708, -29.579, 1, 68.81, 68.81, 0.025, 0.264, -32.316, -33.297, -32.316, -33.297, 6.056, 7.383, 12.217, , , 1, 5.885, 0.027, 0.212, 12.965, 4.602, 194, 0, 0, 0, 65.337, 7.813, 7.971, 111.807, 92.744, 100, 0, 0, 42.56, 33.64, 71.448, 2.918, 117.484, 0, 0, 122.8, 69.168, 0, 0, 0.027, 0, 0, 13.934, 0.212, 12.965, 0, 4.602, 194, 0, 0, 0, 65.337, 1, 0.007, 0.008, 111.807, 92.744, 100, 0, 0, 141, 42.602, 33.64, 71.448, 2.918, 0, 117.484, 0, 0, 122.8, 69.168, 0, 0, 0, 0, 
5.85, 24.39, 100.58, 62.152, 62.85, , -6.655, 0.971, 423.854, 423.854, 4.672, -155.517, -155.517, -155.517, 68.166, 79.945, 35.119, 36.044, 7.382, 12.54, 0, 0, -27.602, -28.44, -27.602, -28.44, 1, 68.463, 68.463, 0.025, 0.264, -31.05, -31.993, -31.05, -31.993, 6.07, 7.382, 12.54, , , 1, 5.935, 0.011, 0.276, 13.105, 4.672, 194, 0, 0, 0, 65.137, 4.011, 4.129, 111.446, 90.456, 100, 0, 0, 45.76, 34.44, 62.848, 2.466, 118.684, 0, 0, 125.3, 69.416, 0, 0, 0.011, 0, 0, 13.914, 0.276, 13.105, 0, 4.672, 194, 0, 0, 0, 65.137, 1, 0.004, 0.004, 111.446, 90.456, 100, 0, 0, 141, 45.815, 34.44, 62.848, 2.466, 0, 118.684, 0, 0, 125.3, 69.416, 0, 0, 0, 0, 
5.9, 24.39, 100.58, 62.156, 62.85, , -5.845, 0.971, 428.929, 428.929, 4.712, -136.295, -136.295, -136.295, 68.278, 80.87, 34.964, 35.717, 7.381, 13.288, 0, 0, -24.046, -24.776, -24.046, -24.776, 1, 68.149, 68.149, 0.024, 0.264, -27.126, -27.952, -27.126, -27.952, 6.083, 7.381, 13.288, , , 1, 5.985, 0, 0.299, 13.154, 4.712, 194, 0, 0, 0, 64.008, 1.437, 1.507, 111.2, 84.098, 100, 0, 0, 47.191, 35, 53.216, 2.05, 118.172, 0, 0, 125.38, 69.513, 0, 0, 0, 0, 0, 13.907, 0.299, 13.154, 0, 4.712, 194, 0, 0, 0, 64.008, 1, 0.001, 0.001, 111.2, 84.098, 100, 0, 0, 141, 47.14, 35, 53.216, 2.05, 0, 118.172, 0, 0, 125.373, 69.513, 0, 0, 0, 0, 
5.95, 24.39, 100.58, 62.16, 62.85, , -5.521, 0.971, 433.961, 433.961, 4.687, -128.61, -128.61, -128.61, 68.223, 81.795, 34.809, 35.389, 7.38, 14.094, 0, 0, -22.59, -23.276, -22.59, -23.276, 1, 67.862, 67.862, 0.024, 0.263, -25.624, -26.403, -25.624, -26.403, 6.099, 7.38, 14.094, , , 1, 6.035, 0, 0.232, 13.008, 4.687, 194, 0, 0, 0, 60.909, 1.725, 1.731, 111.2, 69.092, 100, 0, 0, 44.494, 35, 41.39, 1.718, 114.023, 0, 0, 120.318, 69.256, 0, 0, 0, 0, 0, 13.927, 0.232, 13.008, 0, 4.687, 194, 0, 0, 0, 60.909, 1, 0.002, 0.002, 111.2, 69.092, 100, 0, 0, 141, 44.455, 35, 41.39, 1.718, 0, 114.023, 0, 0, 120.29, 69.256, 0, 0, 0, 0, 
6, 24.39, 100.58, 62.164, 62.85, , -5.427, 0.971, 438.98, 438.98, 4.662, -126.404, -126.404, -126.404, 68.153, 82.72, 34.653, 35.062, 7.38, 15.324, 0, 0, -22.119, -22.791, -22.119, -22.791, 1, 67.59, 67.59, 0.024, 0.262, -25.208, -25.975, -25.208, -25.975, 6.117, 7.38, 15.324, , , 1, 6.085, 0, 0.166, 12.863, 4.662, 194, 0, 0, 0, 57.81, 2.013, 1.955, 111.2, 54.086, 100, 0, 0, 41.797, 35, 29.564, 1.387, 109.873, 0, 0, 115.256, 68.998, 0, 0, 0, 0, 0, 13.948, 0.166, 12.863, 0, 4.662, 194, 0, 0, 0, 57.81, 1, 0.002, 0.002, 111.2, 54.086, 100, 0, 0, 141, 41.769, 35, 29.564, 1.387, 0, 109.873, 0, 0, 115.207, 68.998, 0, 0, 0, 0, 
6.05, 24.39, 100.58, 62.168, 62.85, , -5.448, 0.971, 443.997, 443.997, 4.637, -126.89, -126.89, -126.89, 68.097, 83.645, 34.624, 34.929, 7.38, 16.565, 0, 0, -22.114, -22.785, -22.114, -22.785, 1, 67.317, 67.317, 0.024, 0.262, -25.326, -26.097, -25.326, -26.097, 6.136, 7.38, 16.565, , , 1, 6.135, 0, 0.1, 12.718, 4.637, 194, 0, 0, 0, 54.711, 2.302, 2.179, 111.2, 39.079, 100, 0, 0, 39.1, 35, 17.739, 1.055, 105.724, 0, 0, 110.194, 68.741, 0, 0, 0, 0, 0, 13.969, 0.1, 12.718, 0, 4.637, 194, 0, 0, 0, 54.711, 1, 0.002, 0.002, 111.2, 39.079, 100, 0, 0, 141, 39.083, 35, 17.739, 1.055, 0, 105.724, 0, 0, 110.124, 68.741, 0, 0, 0, 0, 
6.1, 24.39, 100.58, 62.172, 62.85, , -5.451, 0.971, 448.965, 448.965, 4.612, -126.971, -126.971, -126.971, 68.054, 84.57, 34.642, 34.873, 7.38, 17.911, 0, 0, -22.031, -22.698, -22.031, -22.698, 1, 67.042, 67.042, 0.024, 0.261, -25.361, -26.132, -25.361, -26.132, 6.155, 7.38, 17.911, , , 1, 6.185, 0, 0.033, 12.573, 4.612, 194, 0, 0, 0, 51.612, 2.59, 2.403, 111.2, 24.073, 100, 0, 0, 36.402, 35, 5.913, 0.723, 101.575, 0, 0, 105.132, 68.484, 0, 0, 0, 0, 0, 13.99, 0.033, 12.573, 0, 4.612, 194, 0, 0, 0, 51.612, 1, 0.003, 0.003, 111.2, 24.073, 100, 0, 0, 141, 36.397, 35, 5.913, 0.723, 0, 101.575, 0, 0, 105.041, 68.484, 0, 0, 0, 0, 
6.15, 24.39, 100.58, 62.177, 62.85, , -5.466, 0.971, 453.933, 453.933, 4.585, -127.334, -127.334, -127.334, 68.021, 85.495, 34.661, 34.816, 7.379, 19.23, 0, 0, -21.994, -22.66, -21.994, -22.66, 1, 66.765, 66.765, 0.024, 0.26, -25.446, -26.22, -25.446, -26.22, 6.173, 7.379, 19.23, , , 1, 6.234, 0.389, 0, 12.5, 4.585, 194, 0, 0, 0, 48.749, 3.278, 2.934, 111.033, 16.34, 100, 0, 0, 34.653, 34.653, 0, 0.55, 99.5, 0, 0, 102.5, 68.206, 0, 0, 0.389, 0, 0, 14, 0, 12.5, 0, 4.585, 194, 0, 0, 0, 48.749, 1, 0.004, 0.003, 111.033, 16.34, 100, 0, 0, 141, 34.653, 34.653, 0, 0.55, 0, 99.5, 0, 0, 102.5, 68.206, 0, 0, 0, 0, 
6.2, 24.39, 100.58, 62.181, 62.85, , -5.541, 0.971, 458.827, 458.827, 4.556, -129.14, -129.14, -129.14, 67.998, 86.42, 34.68, 34.76, 7.379, 20.223, 0, 0, -22.209, -22.882, -22.209, -22.882, 1, 66.487, 66.487, 0.024, 0.261, -25.816, -26.601, -25.816, -26.601, 6.188, 7.379, 20.223, , , 1, 6.284, 1.168, 0, 12.5, 4.556, 194, 0, 0, 0, 46.143, 4.399, 3.797, 110.686, 15.879, 100, 0, 0, 33.929, 33.929, 0, 0.55, 99.5, 0, 0, 102.5, 67.907, 0, 0, 1.168, 0, 0, 14, 0, 12.5, 0, 4.556, 194, 0, 0, 0, 46.143, 1, 0.005, 0.004, 110.686, 15.879, 100, 0, 0, 141, 33.929, 33.929, 0, 0.55, 0, 99.5, 0, 0, 102.5, 67.907, 0, 0, 0, 0, 
6.25, 24.39, 100.58, 62.185, 62.85, , -5.741, 0.971, 461.882, 461.882, 4.527, -133.882, -133.882, -133.882, 67.983, 87.345, 34.699, 34.703, 7.378, 21.196, 0, 0, -22.971, -23.667, -22.971, -23.667, 1, 66.246, 66.246, 0.024, 0.261, -26.77, -27.584, -26.77, -27.584, 6.203, 7.378, 21.196, , , 1, 6.335, 1.947, 0, 12.5, 4.527, 194, 0, 0, 0, 43.537, 5.519, 4.66, 110.338, 15.419, 100, 0, 0, 33.205, 33.205, 0, 0.55, 99.5, 0, 0, 102.5, 67.608, 0, 0, 1.947, 0, 0, 14, 0, 12.5, 0, 4.527, 194, 0, 0, 0, 43.537, 1, 0.006, 0.005, 110.338, 15.419, 100, 0, 0, 141, 33.205, 33.205, 0, 0.55, 0, 99.5, 0, 0, 102.5, 67.608, 0, 0, 0, 0, 
6.3, 24.39, 100.58, 62.189, 62.85, , -5.788, 0.971, 466.318, 466.318, 4.497, -134.991, -134.991, -134.991, 67.977, 88.27, 34.633, 34.801, 7.378, 21.67, 0, 0, -23.081, -23.78, -23.081, -23.78, 1, 66.051, 66.051, 0.024, 0.262, -26.994, -27.814, -26.994, -27.814, 6.218, 7.378, 21.67, , , 1, 6.385, 2.726, 0, 12.5, 4.497, 194, 0, 0, 0, 40.931, 6.64, 5.523, 109.991, 14.958, 100, 0, 0, 32.481, 32.481, 0, 0.55, 99.5, 0, 0, 102.5, 67.309, 0, 0, 2.726, 0, 0, 14, 0, 12.5, 0, 4.497, 194, 0, 0, 0, 40.931, 1, 0.007, 0.006, 109.991, 14.958, 100, 0, 0, 141, 32.481, 32.481, 0, 0.55, 0, 99.5, 0, 0, 102.5, 67.309, 0, 0, 0, 0, 
6.35, 24.39, 100.58, 62.193, 62.85, , -2.92, 0.971, 471.182, 471.182, 4.468, -66.959, -66.959, -66.959, 67.911, 89.195, 34.561, 34.909, 7.377, 22.137, 0, 0, -11.46, -11.805, -11.46, -11.805, 1, 65.821, 65.821, 0.025, 0.263, -13.337, -13.741, -13.337, -13.741, 6.233, 7.377, 22.137, , , 1, 6.435, 3.505, 0, 12.5, 4.468, 194, 0, 0, 0, 38.324, 7.761, 6.386, 109.643, 14.497, 100, 0, 0, 31.757, 31.757, 0, 0.55, 99.5, 0, 0, 102.5, 67.009, 0, 0, 3.505, 0, 0, 14, 0, 12.5, 0, 4.468, 194, 0, 0, 0, 38.324, 1, 0.008, 0.006, 109.643, 14.497, 100, 0, 0, 141, 31.757, 31.757, 0, 0.55, 0, 99.5, 0, 0, 102.5, 67.009, 0, 0, 0, 0, 
6.4, 24.39, 100.58, 62.198, 62.85, , 4.056, 0.971, 476.047, 476.047, 4.445, 98.542, 98.542, 98.542, 67.446, 90.119, 34.489, 35.016, 7.378, 22.263, 0, 0, 17.006, 17.525, 17.006, 17.525, 1, 65.993, 65.993, 0.025, 0.264, 20.423, 21.044, 20.423, 21.044, 6.224, 7.378, 22.263, , , 1, 6.485, 4.304, 0, 12.5, 4.445, 194, 0, 0, 0, 36.531, 9.079, 7.427, 109.4, 14.094, 100, 0, 0, 31.015, 31.015, 0, 0.55, 99.5, 0, 0, 102.5, 66.781, 0, 0, 4.304, 0, 0, 14, 0, 12.5, 0, 4.445, 194, 0, 0, 0, 36.531, 1, 0.009, 0.007, 109.4, 14.094, 100, 0, 0, 141, 31.015, 31.015, 0, 0.55, 0, 99.5, 0, 0, 102.5, 66.781, 0, 0, 0, 0, 
6.45, 24.39, 100.58, 62.202, 62.85, , 10.965, 0.971, 483.059, 483.059, 4.435, 262.471, 262.471, 262.471, 66.714, 91.044, 34.417, 35.124, 7.378, 22.39, 0, 0, 45.813, 47.206, 45.813, 47.206, 1, 66.565, 66.565, 0.025, 0.265, 54.421, 56.075, 54.421, 56.075, 6.212, 7.378, 22.39, , , 1, 6.534, 5.151, 0, 12.5, 4.435, 194, 0, 0, 0, 36.636, 10.859, 8.883, 109.4, 13.823, 100, 0, 0, 30.23, 30.23, 0, 0.55, 99.5, 0, 0, 102.5, 66.716, 0, 0, 5.151, 0, 0, 14, 0, 12.5, 0, 4.435, 194, 0, 0, 0, 36.636, 1, 0.011, 0.009, 109.4, 13.823, 100, 0, 0, 141, 30.23, 30.23, 0, 0.55, 0, 99.5, 0, 0, 102.5, 66.716, 0, 0, 0, 0, 
6.5, 24.39, 100.58, 62.206, 62.85, , 15.483, 0.971, 488.015, 488.015, 4.425, 369.672, 369.672, 369.672, 66.149, 91.969, 34.346, 35.231, 7.379, 21.873, 0, 0, 64.843, 66.813, 64.843, 66.813, 1, 67.209, 67.209, 0.025, 0.266, 76.695, 79.027, 76.695, 79.027, 6.2, 7.379, 21.873, , , 1, 6.584, 5.999, 0, 12.5, 4.425, 194, 0, 0, 0, 36.741, 12.639, 10.339, 109.4, 13.552, 100, 0, 0, 29.446, 29.446, 0, 0.55, 99.5, 0, 0, 102.5, 66.651, 0, 0, 5.999, 0, 0, 14, 0, 12.5, 0, 4.425, 194, 0, 0, 0, 36.741, 1, 0.013, 0.01, 109.4, 13.552, 100, 0, 0, 141, 29.446, 29.446, 0, 0.55, 0, 99.5, 0, 0, 102.5, 66.651, 0, 0, 0, 0, 
6.55, 24.39, 100.58, 62.21, 62.85, , 19.268, 0.971, 492.782, 492.782, 4.415, 459.482, 459.482, 459.482, 65.544, 92.894, 34.24, 35.406, 7.379, 21.356, 0, 0, 80.951, 83.411, 80.951, 83.411, 1, 68.05, 68.05, 0.025, 0.267, 95.426, 98.325, 95.426, 98.325, 6.188, 7.379, 21.356, , , 1, 6.634, 6.846, 0, 12.5, 4.415, 194, 0, 0, 0, 36.845, 14.42, 11.796, 109.4, 13.281, 100, 0, 0, 28.661, 28.661, 0, 0.55, 99.5, 0, 0, 102.5, 66.587, 0, 0, 6.846, 0, 0, 14, 0, 12.5, 0, 4.415, 194, 0, 0, 0, 36.845, 1, 0.014, 0.012, 109.4, 13.281, 100, 0, 0, 141, 28.661, 28.661, 0, 0.55, 0, 99.5, 0, 0, 102.5, 66.587, 0, 0, 0, 0, 
6.6, 24.39, 100.58, 62.214, 62.85, , 20.552, 0.971, 497.647, 497.647, 4.406, 489.956, 489.956, 489.956, 64.972, 93.819, 34.132, 35.587, 7.381, 20.277, 0, 0, 87.232, 89.881, 87.232, 89.881, 1, 69.021, 69.021, 0.025, 0.267, 102.337, 105.446, 102.337, 105.446, 6.181, 7.381, 20.277, , , 1, 6.685, 7.693, 0, 12.5, 4.406, 194, 0, 0, 0, 36.95, 16.2, 13.252, 109.4, 13.01, 100, 0, 0, 27.877, 27.877, 0, 0.55, 99.5, 0, 0, 102.5, 66.522, 0, 0, 7.693, 0, 0, 14, 0, 12.5, 0, 4.406, 194, 0, 0, 0, 36.95, 1, 0.016, 0.013, 109.4, 13.01, 100, 0, 0, 141, 27.877, 27.877, 0, 0.55, 0, 99.5, 0, 0, 102.5, 66.522, 0, 0, 0, 0, 
6.65, 24.39, 100.58, 62.218, 62.85, , 18.967, 0.971, 502.523, 502.523, 4.441, 452.376, 452.376, 452.376, 64.597, 94.744, 34.023, 35.768, 7.382, 19.188, 0, 0, 81.891, 84.377, 81.891, 84.377, 1, 69.974, 69.974, 0.025, 0.267, 95.199, 98.091, 95.199, 98.091, 6.177, 7.382, 19.188, , , 1, 6.735, 7.29, 0, 12.5, 4.441, 194, 0, 0, 0, 39.889, 17.393, 14.592, 109.579, 21.46, 100, 0, 0, 27.948, 27.898, 10, 0.922, 101.075, 0, 0, 103.825, 67.326, 0, 0, 7.29, 0, 0, 14, 0, 12.5, 0, 4.441, 194, 0, 0, 0, 39.889, 1, 0.017, 0.015, 109.58, 21.46, 100, 0, 0, 141, 27.948, 27.898, 10, 0.922, 0, 101.075, 0, 0, 103.825, 67.326, 0, 0, 0, 0, 
6.7, 24.39, 100.58, 62.223, 62.85, , 18.991, 0.971, 507.507, 507.507, 4.519, 452.975, 452.975, 452.975, 64.393, 95.669, 33.915, 35.948, 7.382, 17.547, 0, 0, 83.095, 85.618, 83.095, 85.618, 1, 70.888, 70.888, 0.025, 0.267, 95.62, 98.525, 95.62, 98.525, 6.173, 7.382, 17.547, , , 1, 6.785, 5.732, 0, 12.5, 4.519, 194, 0, 0, 0, 45.444, 17.999, 15.815, 109.924, 37.959, 100, 0, 0, 28.81, 28.665, 29.231, 1.666, 104.104, 0, 0, 106.373, 68.998, 0, 0, 5.732, 0, 0, 14, 0, 12.5, 0, 4.519, 194, 0, 0, 0, 45.444, 1, 0.018, 0.016, 109.926, 37.959, 100, 0, 0, 141, 28.81, 28.665, 29.231, 1.666, 0, 104.104, 0, 0, 106.373, 68.998, 0, 0, 0, 0, 
6.75, 24.39, 100.58, 62.227, 62.85, , 18.733, 0.971, 512.61, 512.61, 4.596, 446.871, 446.871, 446.871, 64.286, 96.594, 33.807, 36.129, 7.382, 15.883, 0, 0, 83.043, 85.564, 83.043, 85.564, 1, 71.798, 71.798, 0.025, 0.267, 94.492, 97.362, 94.492, 97.362, 6.169, 7.382, 15.883, , , 1, 6.835, 4.175, 0, 12.5, 4.596, 194, 0, 0, 0, 51, 18.604, 17.038, 110.269, 54.458, 100, 0, 0, 29.672, 29.431, 48.462, 2.411, 107.133, 0, 0, 108.921, 70.67, 0, 0, 4.175, 0, 0, 14, 0, 12.5, 0, 4.596, 194, 0, 0, 0, 51, 1, 0.018, 0.017, 110.272, 54.458, 100, 0, 0, 141, 29.672, 29.431, 48.462, 2.411, 0, 107.133, 0, 0, 108.921, 70.67, 0, 0, 0, 0, 
6.8, 24.39, 100.58, 62.231, 62.85, , 18.624, 0.971, 517.799, 517.799, 4.673, 444.325, 444.325, 444.325, 64.278, 97.519, 34.037, 35.869, 7.382, 14.651, 0, 0, 83.616, 86.155, 83.616, 86.155, 1, 72.708, 72.708, 0.025, 0.267, 93.968, 96.821, 93.968, 96.821, 6.174, 7.382, 14.651, , , 1, 6.884, 2.617, 0, 12.5, 4.673, 194, 0, 0, 0, 56.556, 19.21, 18.261, 110.614, 70.957, 100, 0, 0, 30.534, 30.197, 67.692, 3.155, 110.162, 0, 0, 111.469, 72.342, 0, 0, 2.617, 0, 0, 14, 0, 12.5, 0, 4.673, 194, 0, 0, 0, 56.556, 1, 0.019, 0.018, 110.618, 70.957, 100, 0, 0, 141, 30.534, 30.197, 67.692, 3.155, 0, 110.162, 0, 0, 111.469, 72.342, 0, 0, 0, 0, 
6.85, 24.39, 100.58, 62.235, 62.85, , 18.683, 0.971, 522.988, 522.988, 4.751, 445.755, 445.755, 445.755, 64.353, 97.931, 34.289, 35.581, 7.382, 13.447, 0, 0, 84.894, 87.471, 84.894, 87.471, 1, 73.614, 73.614, 0.025, 0.267, 94.152, 97.011, 94.152, 97.011, 6.187, 7.382, 13.447, , , 1, 6.934, 1.059, 0, 12.5, 4.751, 194, 0, 0, 0, 62.111, 19.816, 19.484, 110.959, 87.456, 100, 0, 0, 31.397, 30.964, 86.923, 3.899, 113.19, 0, 0, 114.017, 74.015, 0, 0, 1.059, 0, 0, 14, 0, 12.5, 0, 4.751, 194, 0, 0, 0, 62.111, 1, 0.02, 0.019, 110.965, 87.456, 100, 0, 0, 141, 31.397, 30.964, 86.923, 3.899, 0, 113.19, 0, 0, 114.017, 74.015, 0, 0, 0, 0, 
6.9, 24.39, 100.58, 62.239, 62.85, , 18.265, 0.971, 528.24, 528.24, 4.816, 435.842, 435.842, 435.842, 64.525, 92.448, 34.541, 35.293, 7.381, 12.762, 0, 0, 83.98, 86.529, 83.98, 86.529, 1, 74.521, 74.521, 0.025, 0.267, 91.828, 94.615, 91.828, 94.615, 6.201, 7.381, 12.762, , , 1, 6.984, 0, 0, 12.5, 4.816, 194, 0, 0, 0, 66, 20.236, 20.334, 111.2, 98.613, 100, 0, 0, 32, 31.5, 100, 4.421, 115.267, 0, 0, 115.767, 75.34, 0, 0, 0, 0, 0, 14, 0, 12.5, 0, 4.816, 194, 0, 0, 0, 66, 1, 0.02, 0.02, 111.2, 98.613, 100, 0, 0, 141, 32, 31.5, 100, 4.421, 0, 115.267, 0, 0, 115.767, 75.34, 0, 0, 0, 0, 
6.95, 24.39, 100.58, 62.244, 62.85, , 16.546, 0.971, 533.629, 533.629, 4.855, 395.086, 395.086, 395.086, 64.746, 86.966, 34.793, 35.005, 7.38, 12.123, 0, 0, 76.87, 79.203, 76.87, 79.203, 1, 75.376, 75.376, 0.025, 0.267, 83.004, 85.522, 83.004, 85.522, 6.214, 7.38, 12.123, , , 1, 7.035, 0, 0, 12.5, 4.855, 194, 0, 0, 0, 66, 20.224, 20.316, 111.2, 98.421, 100, 0, 0, 32, 31.5, 100, 4.423, 115.319, 0, 0, 115.819, 75.858, 0, 0, 0, 0, 0, 14, 0, 12.5, 0, 4.855, 194, 0, 0, 0, 66, 1, 0.02, 0.02, 111.2, 98.421, 100, 0, 0, 141, 32, 31.5, 100, 4.423, 0, 115.319, 0, 0, 115.819, 75.858, 0, 0, 0, 0, 
7, 24.39, 100.58, 62.248, 62.85, , 13.239, 0.971, 539.06, 539.06, 4.894, 316.657, 316.657, 316.657, 65.008, 81.483, 35.045, 34.717, 7.381, 11.941, 0, 0, 62.034, 63.915, 62.034, 63.915, 1, 76.113, 76.113, 0.024, 0.267, 66.38, 68.394, 66.38, 68.394, 6.227, 7.381, 11.941, , , 1, 7.085, 0, 0, 12.5, 4.894, 194, 0, 0, 0, 66, 20.211, 20.297, 111.2, 98.228, 100, 0, 0, 32, 31.5, 100, 4.425, 115.371, 0, 0, 115.871, 76.376, 0, 0, 0, 0, 0, 14, 0, 12.5, 0, 4.894, 194, 0, 0, 0, 66, 1, 0.02, 0.02, 111.2, 98.228, 100, 0, 0, 141, 32, 31.5, 100, 4.425, 0, 115.371, 0, 0, 115.871, 76.376, 0, 0, 0, 0, 
7.05, 24.39, 100.58, 62.252, 62.85, , 8.449, 0.971, 544.5, 544.5, 4.932, 203.037, 203.037, 203.037, 65.371, 76, 35.128, 34.802, 7.382, 11.81, 0, 0, 39.931, 41.141, 39.931, 41.141, 1, 76.654, 76.654, 0.024, 0.267, 42.621, 43.916, 42.621, 43.916, 6.24, 7.382, 11.81, , , 1, 7.135, 0, 0, 12.5, 4.932, 194, 0, 0, 0, 66, 20.199, 20.278, 111.2, 98.035, 100, 0, 0, 32, 31.5, 100, 4.427, 115.423, 0, 0, 115.923, 76.893, 0, 0, 0, 0, 0, 14, 0, 12.5, 0, 4.932, 194, 0, 0, 0, 66, 1, 0.02, 0.02, 111.2, 98.035, 100, 0, 0, 141, 32, 31.5, 100, 4.427, 0, 115.423, 0, 0, 115.923, 76.893, 0, 0, 0, 0, 
7.1, 24.39, 100.58, 62.256, 62.85, , 2.734, 0.971, 550.058, 550.058, 4.971, 67.462, 67.462, 67.462, 65.896, 70.517, 35.2, 34.91, 7.383, 11.675, 0, 0, 13.296, 13.699, 13.296, 13.699, 1, 76.937, 76.937, 0.024, 0.267, 14.567, 15.011, 14.567, 15.011, 6.252, 7.383, 11.675, , , 1, 7.185, 0, 0, 12.5, 4.971, 194, 0, 0, 0, 66, 20.186, 20.259, 111.2, 97.842, 100, 0, 0, 32, 31.5, 100, 4.429, 115.475, 0, 0, 115.975, 77.411, 0, 0, 0, 0, 0, 14, 0, 12.5, 0, 4.971, 194, 0, 0, 0, 66, 1, 0.02, 0.02, 111.2, 97.842, 100, 0, 0, 141, 32, 31.5, 100, 4.429, 0, 115.475, 0, 0, 115.975, 77.411, 0, 0, 0, 0, 
7.15, 24.39, 100.58, 62.26, 62.85, , -2.171, 0.971, 555.673, 555.673, 5.017, -48.892, -48.892, -48.892, 66.593, 65.034, 35.272, 35.018, 7.384, 11.539, 0, 0, -9.678, -9.973, -9.678, -9.973, 1, 76.957, 76.957, 0.024, 0.267, -9.405, -9.69, -9.405, -9.69, 6.265, 7.384, 11.539, , , 1, 7.235, 0, 0.01, 12.5, 5.017, 194, 0, 0, 0, 65.688, 18.284, 18.451, 111.013, 94.066, 100, 0, 0, 32.312, 31.864, 92.2, 4.117, 115.136, 0, 0, 116.312, 77.546, 0, 0, 0, 0, 0, 13.99, 0.01, 12.5, 0, 5.017, 194, 0, 0, 0, 65.688, 1, 0.018, 0.018, 111.013, 94.066, 100, 0, 0, 141, 32.312, 31.864, 92.2, 4.117, 0, 115.136, 0, 0, 116.312, 77.546, 0, 0, 0, 0, 
7.2, 24.39, 100.58, 62.255, 62.85, , -5.586, 0.971, 561.368, 561.368, 5.069, -129.923, -129.923, -129.923, 67.314, 59.551, 35.344, 35.126, 7.384, 11.441, 0, 0, -25.744, -26.526, -25.744, -26.526, 1, 76.739, 76.739, 0.024, 0.267, -26.003, -26.792, -26.003, -26.792, 6.277, 7.384, 11.441, , , 1, 7.285, 0, 0.03, 12.5, 5.069, 194, 0, 0, 0, 65.088, 14.493, 14.852, 110.653, 86.982, 100, 0, 0, 32.912, 32.564, 77.2, 3.49, 114.436, 0, 0, 116.912, 77.297, 0, 0, 0, 0, 0, 13.97, 0.03, 12.5, 0, 5.069, 194, 0, 0, 0, 65.088, 1, 0.014, 0.015, 110.653, 86.982, 100, 0, 0, 141, 32.912, 32.564, 77.2, 3.49, 0, 114.436, 0, 0, 116.912, 77.297, 0, 0, 0, 0, 
7.25, 24.39, 100.58, 62.251, 62.85, , -7.114, 0.971, 566.959, 566.959, 5.121, -166.174, -166.174, -166.174, 67.926, 54.068, 35.416, 35.234, 7.384, 11.348, 0, 0, -32.888, -33.885, -32.888, -33.885, 1, 76.406, 76.406, 0.024, 0.267, -33.286, -34.296, -33.286, -34.296, 6.288, 7.384, 11.348, , , 1, 7.335, 0, 0.05, 12.5, 5.121, 194, 0, 0, 0, 64.488, 10.702, 11.254, 110.293, 79.898, 100, 0, 0, 33.512, 33.264, 62.2, 2.864, 113.736, 0, 0, 117.512, 77.048, 0, 0, 0, 0, 0, 13.95, 0.05, 12.5, 0, 5.121, 194, 0, 0, 0, 64.488, 1, 0.01, 0.011, 110.293, 79.898, 100, 0, 0, 141, 33.512, 33.264, 62.2, 2.864, 0, 113.736, 0, 0, 117.512, 77.048, 0, 0, 0, 0, 
7.3, 24.39, 100.58, 62.247, 62.85, , -7.001, 0.971, 572.644, 572.644, 5.172, -163.512, -163.512, -163.512, 68.342, 48.585, 35.42, 35.274, 7.383, 11.502, 0, 0, -32.231, -33.209, -32.231, -33.209, 1, 76.046, 76.046, 0.024, 0.267, -32.581, -33.572, -32.581, -33.572, 6.299, 7.383, 11.502, , , 1, 7.385, 0, 0.07, 12.5, 5.172, 194, 0, 0, 0, 63.888, 6.911, 7.656, 109.933, 72.814, 100, 0, 0, 34.112, 33.964, 47.2, 2.237, 113.036, 0, 0, 118.112, 76.799, 0, 0, 0, 0, 0, 13.93, 0.07, 12.5, 0, 5.172, 194, 0, 0, 0, 63.888, 1, 0.007, 0.007, 109.933, 72.814, 100, 0, 0, 141, 34.112, 33.964, 47.2, 2.237, 0, 113.036, 0, 0, 118.112, 76.799, 0, 0, 0, 0, 
7.35, 24.39, 100.58, 62.243, 62.85, , -6.147, 0.971, 578.301, 578.301, 5.224, -143.254, -143.254, -143.254, 68.515, 43.102, 35.42, 35.31, 7.381, 11.709, 0, 0, -28.082, -28.936, -28.082, -28.936, 1, 75.715, 75.715, 0.024, 0.266, -28.427, -29.291, -28.427, -29.291, 6.31, 7.381, 11.709, , , 1, 7.435, 0, 0.09, 12.5, 5.224, 194, 0, 0, 0, 63.288, 3.12, 4.057, 109.573, 65.73, 100, 0, 0, 34.712, 34.664, 32.2, 1.611, 112.336, 0, 0, 118.712, 76.55, 0, 0, 0, 0, 0, 13.91, 0.09, 12.5, 0, 5.224, 194, 0, 0, 0, 63.288, 1, 0.003, 0.004, 109.573, 65.73, 100, 0, 0, 141, 34.712, 34.664, 32.2, 1.611, 0, 112.336, 0, 0, 118.712, 76.55, 0, 0, 0, 0, 
7.4, 24.39, 100.58, 62.239, 62.85, , -5.839, 0.971, 583.86, 583.86, 5.232, -135.962, -135.962, -135.962, 68.445, 37.619, 35.42, 35.346, 7.38, 12.448, 0, 0, -26.534, -27.341, -26.534, -27.341, 1, 75.416, 75.416, 0.024, 0.266, -27.003, -27.824, -27.003, -27.824, 6.321, 7.38, 12.448, , , 1, 7.485, 0, 0.091, 12.5, 5.232, 194.208, 0, 0, 0, 61.343, 1.435, 2.337, 109.4, 57.418, 100, 0, 0, 35, 35, 22.4, 1.231, 110.804, 0, 0, 117.388, 76.366, 0, 0, 0, 0, 0, 13.91, 0.091, 12.5, 0, 5.232, 194.208, 0, 0, 0, 61.343, 1, 0.001, 0.002, 109.4, 57.418, 100, 0, 0, 141, 35, 35, 22.4, 1.231, 0, 110.804, 0, 0, 117.388, 76.366, 0, 0, 0, 0, 
7.45, 24.39, 100.58, 62.235, 62.85, , -5.686, 0.971, 589.42, 589.42, 5.199, -132.35, -132.35, -132.35, 68.292, 32.136, 35.42, 35.382, 7.378, 13.319, 0, 0, -25.737, -26.52, -25.737, -26.52, 1, 75.124, 75.124, 0.024, 0.266, -26.341, -27.143, -26.341, -27.143, 6.379, 7.378, 13.319, , , 1, 7.535, 0, 0.073, 12.5, 5.199, 194.608, 0, 0, 0, 58.155, 1.694, 2.351, 109.4, 47.972, 100, 0, 0, 35, 35, 17.4, 1.08, 108.504, 0, 0, 114.288, 76.242, 0, 0, 0, 0, 0, 13.93, 0.073, 12.5, 0, 5.199, 194.608, 0, 0, 0, 58.155, 1, 0.002, 0.002, 109.4, 47.972, 100, 0, 0, 141, 35, 35, 17.4, 1.08, 0, 108.504, 0, 0, 114.288, 76.242, 0, 0, 0, 0, 
7.5, 24.39, 100.58, 62.23, 62.85, , -5.591, 0.971, 594.98, 594.98, 5.165, -130.084, -130.084, -130.084, 68.168, 26.653, 35.42, 35.418, 7.378, 14.589, 0, 0, -25.205, -25.973, -25.205, -25.973, 1, 74.84, 74.84, 0.024, 0.266, -25.937, -26.726, -25.937, -26.726, 6.44, 7.378, 14.589, , , 1, 7.585, 0, 0.055, 12.5, 5.165, 195.008, 0, 0, 0, 54.968, 1.953, 2.365, 109.4, 38.526, 100, 0, 0, 35, 35, 12.4, 0.928, 106.204, 0, 0, 111.188, 76.119, 0, 0, 0, 0, 0, 13.95, 0.055, 12.5, 0, 5.165, 195.008, 0, 0, 0, 54.968, 1, 0.002, 0.002, 109.4, 38.526, 100, 0, 0, 141, 35, 35, 12.4, 0.928, 0, 106.204, 0, 0, 111.188, 76.119, 0, 0, 0, 0, 
7.55, 24.39, 100.58, 62.226, 62.85, , -5.599, 0.971, 600.429, 600.429, 5.132, -130.29, -130.29, -130.29, 68.078, 21.171, 35.42, 35.285, 7.377, 15.971, 0, 0, -25.148, -25.912, -25.148, -25.912, 1, 74.559, 74.559, 0.024, 0.266, -26.014, -26.803, -26.014, -26.803, 6.502, 7.377, 15.971, , , 1, 7.635, 0, 0.037, 12.5, 5.132, 195.408, 0, 0, 0, 51.781, 2.212, 2.379, 109.4, 29.08, 100, 0, 0, 35, 35, 7.4, 0.777, 103.904, 0, 0, 108.088, 75.995, 0, 0, 0, 0, 0, 13.97, 0.037, 12.5, 0, 5.132, 195.408, 0, 0, 0, 51.781, 1, 0.002, 0.002, 109.4, 29.08, 100, 0, 0, 141, 35, 35, 7.4, 0.777, 0, 103.904, 0, 0, 108.088, 75.995, 0, 0, 0, 0, 
7.6, , 100.58, 62.222, , , -5.593, 0.971, 605.959, 605.959, 5.099, -130.168, -130.168, -130.168, 68.024, 15.688, 35.42, 35.141, 7.377, 17.481, 0, 0, -25.02, -25.779, -25.02, -25.779, 1, 74.275, 74.275, 0.024, 0.266, -26.011, -26.801, -26.011, -26.801, 6.564, 7.377, 17.481, , , 1, 7.685, 0, 0.019, 12.5, 5.099, 195.808, 0, 0, 0, 48.594, 2.471, 2.393, 109.4, 19.634, 100, 0, 0, 35, 35, 2.4, 0.626, 101.604, 0, 0, 104.988, 75.872, 0, 0, 0, 0, 0, 13.99, 0.019, 12.5, 0, 5.099, 195.808, 0, 0, 0, 48.594, 1, 0.003, 0.002, 109.4, 19.634, 100, 0, 0, 141, 35, 35, 2.4, 0.626, 0, 101.604, 0, 0, 104.988, 75.872, 0, 0, 0, 0, 
7.65, , 100.58, 62.218, , , -5.663, 0.971, 611.437, 611.437, 5.073, -131.814, -131.814, -131.814, 68.007, 12.869, 35.42, 34.997, 7.378, 19.031, 0, 0, -25.232, -25.999, -25.232, -25.999, 1, 73.994, 73.994, 0.024, 0.265, -26.347, -27.146, -26.347, -27.146, 6.635, 7.378, 19.031, , , 1, 7.735, 0, 0.009, 12.5, 5.073, 196, 0, 0, 0, 45.938, 2.349, 2.168, 109.226, 15.026, 100, 0, 0, 35, 35, 0, 0.55, 100.5, 0, 0, 103.5, 75.629, 0, 0, 0, 0, 0, 14, 0.009, 12.5, 0, 5.073, 196, 0, 0, 0, 45.938, 1, 0.003, 0.002, 109.226, 15.026, 100, 0, 0, 141, 35, 35, 0, 0.55, 0, 100.5, 0, 0, 103.5, 75.629, 0, 0, 0, 0, 
7.7, , 100.58, 62.214, , , -5.846, 0.971, 616.93, 616.93, 5.054, -136.177, -136.177, -136.177, 68.009, 19.484, 35.42, 34.853, 7.378, 20.164, 0, 0, -25.969, -26.758, -25.969, -26.758, 1, 73.706, 73.706, 0.024, 0.265, -27.219, -28.043, -27.219, -28.043, 6.71, 7.378, 20.164, , , 1, 7.785, 0, 0.007, 12.5, 5.054, 196, 0, 0, 0, 43.815, 1.847, 1.705, 108.879, 14.884, 100, 0, 0, 35, 35, 0, 0.55, 100.5, 0, 0, 103.5, 75.268, 0, 0, 0, 0, 0, 14, 0.007, 12.5, 0, 5.054, 196, 0, 0, 0, 43.815, 1, 0.002, 0.001, 108.879, 14.884, 100, 0, 0, 141, 35, 35, 0, 0.55, 0, 100.5, 0, 0, 103.5, 75.268, 0, 0, 0, 0, 
7.75, , 100.58, 62.209, , , -6.025, 0.971, 622.359, 622.359, 5.035, -140.422, -140.422, -140.422, 68.014, 23.457, 35.42, 34.709, 7.379, 21.15, 0, 0, -26.678, -27.488, -26.678, -27.488, 1, 73.406, 73.406, 0.024, 0.265, -28.066, -28.914, -28.066, -28.914, 6.785, 7.379, 21.15, , , 1, 7.835, 0, 0.005, 12.5, 5.035, 196, 0, 0, 0, 41.691, 1.345, 1.242, 108.531, 14.741, 100, 0, 0, 35, 35, 0, 0.55, 100.5, 0, 0, 103.5, 74.907, 0, 0, 0, 0, 0, 14, 0.005, 12.5, 0, 5.035, 196, 0, 0, 0, 41.691, 1, 0.002, 0.001, 108.531, 14.741, 100, 0, 0, 141, 35, 35, 0, 0.55, 0, 100.5, 0, 0, 103.5, 74.907, 0, 0, 0, 0, 
7.8, , 100.58, 62.205, , , -6.069, 0.971, 627.789, 627.789, 5.016, -141.479, -141.479, -141.479, 68.017, 34.337, 35.251, 34.632, 7.38, 21.743, 0, 0, -26.767, -27.581, -26.767, -27.581, 1, 73.099, 73.099, 0.024, 0.265, -28.276, -29.13, -28.276, -29.13, 6.86, 7.38, 21.743, , , 1, 7.885, 0, 0.003, 12.5, 5.016, 196, 0, 0, 0, 39.568, 0.843, 0.778, 108.184, 14.599, 100, 0, 0, 35, 35, 0, 0.55, 100.5, 0, 0, 103.5, 74.546, 0, 0, 0, 0, 0, 14, 0.003, 12.5, 0, 5.016, 196, 0, 0, 0, 39.568, 1, 0.001, 0.001, 108.184, 14.599, 100, 0, 0, 141, 35, 35, 0, 0.55, 0, 100.5, 0, 0, 103.5, 74.546, 0, 0, 0, 0, 
7.85, , 100.58, 62.201, , , -6.071, 0.971, 633.111, 633.111, 4.997, -141.548, -141.548, -141.548, 68.013, 50.127, 35.071, 34.56, 7.382, 22.184, 0, 0, -26.67, -27.479, -26.67, -27.479, 1, 72.791, 72.791, 0.024, 0.265, -28.291, -29.146, -28.291, -29.146, 6.894, 7.382, 22.184, , , 1, 7.935, 0, 0.001, 12.5, 4.997, 196, 0, 0, 0, 37.444, 0.341, 0.315, 107.836, 14.457, 100, 0, 0, 35, 35, 0, 0.55, 100.5, 0, 0, 103.5, 74.185, 0, 0, 0, 0, 0, 14, 0.001, 12.5, 0, 4.997, 196, 0, 0, 0, 37.444, 1, 0, 0, 107.836, 14.457, 100, 0, 0, 141, 35, 35, 0, 0.55, 0, 100.5, 0, 0, 103.5, 74.185, 0, 0, 0, 0, 
7.9, , 100.58, 62.197, , , -6.045, 0.971, 638.517, 638.517, 4.974, -140.931, -140.931, -140.931, 68, , 34.891, 34.488, 7.382, 22.342, 0, 0, -26.441, -27.242, -26.441, -27.242, 1, 72.487, 72.487, 0.024, 0.264, -28.174, -29.024, -28.174, -29.024, 6.909, 7.382, 22.342, , , 1, 7.985, 0, 0, 12.5, 4.974, 196, 0, 0, 0, 36, 0, 0, 107.715, 14.277, 100, 0, 0, 33.944, 33.944, 0, 0.55, 100.468, 0, 0, 103.468, 73.801, 0, 0, 0, 0, 0, 14, 0, 12.5, 0, 4.974, 196, 0, 0, 0, 36, 1, 0, 0, 107.715, 14.277, 100, 0, 0, 141, 33.944, 33.944, 0, 0.55, 0, 100.468, 0, 0, 103.468, 73.801, 0, 0, 0, 0, 
7.95, , 100.58, 62.193, , , -6.05, 0.971, 643.862, 643.862, 4.941, -141.056, -141.056, -141.056, 67.982, , 34.711, 34.416, 7.382, 22.378, 0, 0, -26.353, -27.151, -26.353, -27.151, 1, 72.186, 72.186, 0.024, 0.264, -28.206, -29.058, -28.206, -29.058, 6.925, 7.382, 22.378, , , 1, 8.034, 0, 0, 12.5, 4.941, 196, 0, 0, 0, 36, 0, 0, 108.075, 14.018, 100, 0, 0, 30.644, 30.644, 0, 0.55, 100.368, 0, 0, 103.368, 73.367, 0, 0, 0, 0, 0, 14, 0, 12.5, 0, 4.941, 196, 0, 0, 0, 36, 1, 0, 0, 108.075, 14.018, 100, 0, 0, 141, 30.644, 30.644, 0, 0.55, 0, 100.368, 0, 0, 103.368, 73.367, 0, 0, 0, 0, 
8, , 100.58, 62.189, , , -6.066, 0.971, 649.236, 649.236, 4.909, -141.442, -141.442, -141.442, 67.963, , 34.531, 34.344, 7.382, 22.39, 0, 0, -26.314, -27.11, -26.314, -27.11, 1, 71.876, 71.876, 0.024, 0.264, -28.291, -29.147, -28.291, -29.147, 6.941, 7.382, 22.39, , , 1, 8.084, 0, 0, 12.5, 4.909, 196, 0, 0, 0, 36, 0, 0, 108.435, 13.759, 100, 0, 0, 27.344, 27.344, 0, 0.55, 100.268, 0, 0, 103.268, 72.933, 0, 0, 0, 0, 0, 14, 0, 12.5, 0, 4.909, 196, 0, 0, 0, 36, 1, 0, 0, 108.435, 13.759, 100, 0, 0, 141, 27.344, 27.344, 0, 0.55, 0, 100.268, 0, 0, 103.268, 72.933, 0, 0, 0, 0, 
8.05, , 100.58, 62.184, , , -6.065, 0.971, 654.543, 654.543, 4.876, -141.428, -141.428, -141.428, 67.942, , 34.621, 34.508, 7.382, 22.39, 0, 0, -26.2, -26.993, -26.2, -26.993, 1, 71.571, 71.571, 0.024, 0.263, -28.296, -29.154, -28.296, -29.154, 6.955, 7.382, 22.39, , , 1, 8.135, 0, 0, 12.5, 4.876, 196, 0, 0, 0, 36, 0, 0, 108.795, 13.5, 100, 0, 0, 24.044, 24.044, 0, 0.55, 100.168, 0, 0, 103.168, 72.499, 0, 0, 0, 0, 0, 14, 0, 12.5, 0, 4.876, 196, 0, 0, 0, 36, 1, 0, 0, 108.795, 13.5, 100, 0, 0, 141, 24.044, 24.044, 0, 0.55, 0, 100.168, 0, 0, 103.168, 72.499, 0, 0, 0, 0, 
8.1, , 100.58, 62.18, , , -6.064, 0.971, 659.767, 659.767, 4.844, -141.407, -141.407, -141.407, 67.92, , 34.728, 34.686, 7.381, 22.39, 0, 0, -26.084, -26.874, -26.084, -26.874, 1, 71.269, 71.269, 0.024, 0.263, -28.301, -29.16, -28.301, -29.16, 6.968, 7.381, 22.39, , , 1, 8.185, 0, 0, 12.5, 4.844, 196, 0, 0, 0, 36, 0, 0, 109.155, 13.241, 100, 0, 0, 20.744, 20.744, 0, 0.55, 100.068, 0, 0, 103.068, 72.065, 0, 0, 0, 0, 0, 14, 0, 12.5, 0, 4.844, 196, 0, 0, 0, 36, 1, 0, 0, 109.155, 13.241, 100, 0, 0, 141, 20.744, 20.744, 0, 0.55, 0, 100.068, 0, 0, 103.068, 72.065, 0, 0, 0, 0, 
8.15, , 100.58, 62.176, , , -6.067, 0.971, 665.05, 665.05, 4.818, -141.483, -141.483, -141.483, 67.9, , 34.835, 34.865, 7.38, 22.39, 0, 0, -25.985, -26.773, -25.985, -26.773, 1, 70.96, 70.96, 0.024, 0.263, -28.32, -29.182, -28.32, -29.182, 6.981, 7.38, 22.39, , , 1, 8.235, 0, 0, 12.5, 4.818, 196, 0, 0, 0, 36, 0, 0, 109.4, 13.053, 100, 0, 0, 18.067, 18.067, 0, 0.55, 100, 0, 0, 103, 71.708, 0, 0, 0, 0, 0, 14, 0, 12.5, 0, 4.818, 196, 0, 0, 0, 36, 1, 0, 0, 109.4, 13.053, 100, 0, 0, 141, 18.067, 18.067, 0, 0.55, 0, 100, 0, 0, 103, 71.708, 0, 0, 0, 0, 
8.2, , 100.58, 62.172, , , -6.051, 0.971, 670.251, 670.251, 4.807, -141.128, -141.128, -141.128, 67.888, , 34.942, 35.044, 7.379, 22.39, 0, 0, -25.809, -26.591, -25.809, -26.591, 1, 70.653, 70.653, 0.024, 0.263, -28.304, -29.166, -28.304, -29.166, 6.994, 7.379, 22.39, , , 1, 8.285, 0, 0, 12.5, 4.807, 196, 0, 0, 0, 36, 0, 0, 109.4, 13.014, 100, 0, 0, 16.712, 16.712, 0, 0.55, 100, 0, 0, 103, 71.514, 0, 0, 0, 0, 0, 14, 0, 12.5, 0, 4.807, 196, 0, 0, 0, 36, 1, 0, 0, 109.4, 13.014, 100, 0, 0, 141, 16.712, 16.712, 0, 0.55, 0, 100, 0, 0, 103, 71.514, 0, 0, 0, 0, 
8.25, , 100.58, 62.168, , , -6.047, 0.971, 675.541, 675.541, 4.796, -141.039, -141.039, -141.039, 67.874, , 35.049, 35.222, 7.378, 22.39, 0, 0, -25.679, -26.459, -25.679, -26.459, 1, 70.348, 70.348, 0.024, 0.263, -28.369, -29.232, -28.369, -29.232, 7.005, 7.378, 22.39, , , 1, 8.335, 0, 0, 12.5, 4.796, 196, 0, 0, 0, 36, 0, 0, 109.4, 12.976, 100, 0, 0, 15.358, 15.358, 0, 0.55, 100, 0, 0, 103, 71.321, 0, 0, 0, 0, 0, 14, 0, 12.5, 0, 4.796, 196, 0, 0, 0, 36, 1, 0, 0, 109.4, 12.976, 100, 0, 0, 141, 15.358, 15.358, 0, 0.55, 0, 100, 0, 0, 103, 71.321, 0, 0, 0, 0, 
8.3, , 100.58, 62.163, , , -6.049, 0.971, 680.729, 680.729, 4.784, -141.091, -141.091, -141.091, 67.862, , 34.995, 35.403, 7.378, 22.39, 0, 0, -25.59, -26.366, -25.59, -26.366, 1, 70.042, 70.042, 0.024, 0.263, -28.459, -29.325, -28.459, -29.325, 7.013, 7.378, 22.39, , , 1, 8.385, 0, 0, 12.5, 4.784, 196, 0, 0, 0, 36, 0, 0, 109.4, 12.937, 100, 0, 0, 14.004, 14.004, 0, 0.55, 100, 0, 0, 103, 71.127, 0, 0, 0, 0, 0, 14, 0, 12.5, 0, 4.784, 196, 0, 0, 0, 36, 1, 0, 0, 109.4, 12.937, 100, 0, 0, 141, 14.004, 14.004, 0, 0.55, 0, 100, 0, 0, 103, 71.127, 0, 0, 0, 0, 
8.35, , 100.58, 62.159, , , -6.043, 0.971, 685.017, 685.017, 4.773, -140.944, -140.944, -140.944, 67.851, , 34.922, 35.585, 7.377, 22.39, 0, 0, -25.508, -26.281, -25.508, -26.281, 1, 69.856, 69.856, 0.024, 0.263, , , , , 7.022, 7.377, 22.39, , , 1, 8.435, 0, 0, 12.5, 4.773, 196, 0, 0, 0, 36, 0, 0, 109.4, 12.898, 100, 0, 0, 12.65, 12.65, 0, 0.55, 100, 0, 0, 103, 70.933, 0, 0, 0, 0, 0, 14, 0, 12.5, 0, 4.773, 196, 0, 0, 0, 36, 1, 0, 0, 109.4, 12.898, 100, 0, 0, 141, 12.65, 12.65, 0, 0.55, 0, 100, 0, 0, 103, 70.933, 0, 0, 0, 0, 
8.4, , 100.58, 62.155, , , -6.026, 0.971, 687.579, 687.579, , -140.565, -140.565, -140.565, , , 34.85, 35.766, 7.377, 22.39, 0, 0, -25.383, -26.152, -25.383, -26.152, 1, 69.703, 69.703, 0.024, 0.263, , , , , 7.031, 7.377, 22.39, , , 1, 8.467, , , , , , , , , , , , , , , , , , , , , , , , , , , , , , , , , , , , , , , , , , , , , , , , , , , , , , , , , , , , , , , , 
8.45, , 100.58, 62.151, , , -6.028, 0.971, 690.144, 690.144, , -140.598, -140.598, -140.598, , , 34.777, 35.948, 7.377, 22.39, 0, 0, -25.333, -26.101, -25.333, -26.101, 1, 69.554, 69.554, , , , , , , , 7.377, 22.39, , , 1, 8.492, , , , , , , , , , , , , , , , , , , , , , , , , , , , , , , , , , , , , , , , , , , , , , , , , , , , , , , , , , , , , , , , 
8.5, , , , , , -6.054, , 692.68, 692.68, , -141.221, -141.221, -141.221, , , 34.704, 36.129, , , , , -25.39, -26.16, -25.39, -26.16, , 69.404, 69.404, , , , , , , , , , , , 1, 8.517, , , , , , , , , , , , , , , , , , , , , , , , , , , , , , , , , , , , , , , , , , , , , , , , , , , , , , , , , , , , , , , , 
8.55, , , , , , , , 695.219, 695.219, , , , , , , , , , , , , , , , , , , , , , , , , , , , , , , , 8.542, , , , , , , , , , , , , , , , , , , , , , , , , , , , , , , , , , , , , , , , , , , , , , , , , , , , , , , , , , , , , , , , 
