{
  "anomalies": [],
  "correction_diagnostics": {
    "front": {
      "accepted_wb": 50000,
      "temp_out_of_range": 0,
      "map_out_of_range": 0,
      "tps_out_of_range": 0,
      "ve_out_of_range": 0,
      "bad_afr_or_request_afr": 0,
      "no_requested_afr": 0,
      "total_records_processed": 50000,
      "per_bin_stats": {
        "mad": [
          [
            null,
            null,
            null,
            null,
            null
          ],
          [
            null,
            null,
            1.3634514609842048,
            1.3636212652657087,
            1.3636212652657087
          ],
          [
            null,
            null,
            1.2845378944066514,
            1.3250194855806698,
            1.3229698698101864
          ],
          [
            null,
            null,
            1.2519132303755087,
            1.2519132303755087,
            1.2519132303755087
          ],
          [
            null,
            null,
            1.3636212652657087,
            1.3636212652657087,
            1.3636212652657087
          ],
          [
            null,
            null,
            null,
            null,
            null
          ],
          [
            null,
            null,
            null,
            null,
            null
          ],
          [
            null,
            null,
            null,
            null,
            null
          ],
          [
            null,
            null,
            null,
            null,
            null
          ],
          [
            null,
            null,
            null,
            null,
            null
          ],
          [
            null,
            null,
            null,
            null,
            null
          ]
        ],
        "hits": [
          [
            0,
            0,
            0,
            0,
            0
          ],
          [
            0,
            0,
            3628,
            5792,
            3684
          ],
          [
            0,
            0,
            3014,
            4820,
            2982
          ],
          [
            0,
            0,
            2940,
            4583,
            2899
          ],
          [
            0,
            0,
            4341,
            6954,
            4363
          ],
          [
            0,
            0,
            0,
            0,
            0
          ],
          [
            0,
            0,
            0,
            0,
            0
          ],
          [
            0,
            0,
            0,
            0,
            0
          ],
          [
            0,
            0,
            0,
            0,
            0
          ],
          [
            0,
            0,
            0,
            0,
            0
          ],
          [
            0,
            0,
            0,
            0,
            0
          ]
        ]
      }
    },
    "rear": {
      "accepted_wb": 50000,
      "temp_out_of_range": 0,
      "map_out_of_range": 0,
      "tps_out_of_range": 0,
      "ve_out_of_range": 0,
      "bad_afr_or_request_afr": 0,
      "no_requested_afr": 0,
      "total_records_processed": 50000,
      "per_bin_stats": {
        "mad": [
          [
            null,
            null,
            null,
            null,
            null
          ],
          [
            null,
            null,
            1.5897047691143136,
            1.6419077404222115,
            1.644457455536407
          ],
          [
            null,
            null,
            1.644457455536407,
            1.6419077404222115,
            1.584863336015416
          ],
          [
            null,
            null,
            1.6393639508070643,
            1.644457455536407,
            1.5921338092238715
          ],
          [
            null,
            null,
            1.6419077404222115,
            1.5897047691143136,
            1.6419077404222115
          ],
          [
            null,
            null,
            null,
            null,
            null
          ],
          [
            null,
            null,
            null,
            null,
            null
          ],
          [
            null,
            null,
            null,
            null,
            null
          ],
          [
            null,
            null,
            null,
            null,
            null
          ],
          [
            null,
            null,
            null,
            null,
            null
          ],
          [
            null,
            null,
            null,
            null,
            null
          ]
        ],
        "hits": [
          [
            0,
            0,
            0,
            0,
            0
          ],
          [
            0,
            0,
            3628,
            5792,
            3684
          ],
          [
            0,
            0,
            3014,
            4820,
            2982
          ],
          [
            0,
            0,
            2940,
            4583,
            2899
          ],
          [
            0,
            0,
            4341,
            6954,
            4363
          ],
          [
            0,
            0,
            0,
            0,
            0
          ],
          [
            0,
            0,
            0,
            0,
            0
          ],
          [
            0,
            0,
            0,
            0,
            0
          ],
          [
            0,
            0,
            0,
            0,
            0
          ],
          [
            0,
            0,
            0,
            0,
            0
          ],
          [
            0,
            0,
            0,
            0,
            0
          ]
        ]
      }
    }
  }
}