{
  "anomalies": [],
  "correction_diagnostics": {
    "front": {
      "accepted_wb": 1200,
      "temp_out_of_range": 0,
      "map_out_of_range": 0,
      "tps_out_of_range": 0,
      "ve_out_of_range": 0,
      "bad_afr_or_request_afr": 0,
      "no_requested_afr": 0,
      "total_records_processed": 1200,
      "per_bin_stats": {
        "mad": [
          [
            null,
            null,
            null,
            null,
            null
          ],
          [
            null,
            null,
            0.7146783947223736,
            0.6709869817055676,
            0.9870745796172079
          ],
          [
            null,
            null,
            0.604184676017587,
            0.752896671727773,
            0.7047292755383038
          ],
          [
            null,
            null,
            0.8212164678385447,
            0.6327927822681731,
            0.7472398110977729
          ],
          [
            null,
            null,
            0.7692762885377805,
            0.9765974881219222,
            0.8260711692084274
          ],
          [
            null,
            null,
            null,
            null,
            null
          ],
          [
            null,
            null,
            null,
            null,
            null
          ],
          [
            null,
            null,
            null,
            null,
            null
          ],
          [
            null,
            null,
            null,
            null,
            null
          ],
          [
            null,
            null,
            null,
            null,
            null
          ],
          [
            null,
            null,
            null,
            null,
            null
          ]
        ],
        "hits": [
          [
            0,
            0,
            0,
            0,
            0
          ],
          [
            0,
            0,
            65,
            133,
            117
          ],
          [
            0,
            0,
            89,
            118,
            53
          ],
          [
            0,
            0,
            84,
            109,
            57
          ],
          [
            0,
            0,
            90,
            161,
            124
          ],
          [
            0,
            0,
            0,
            0,
            0
          ],
          [
            0,
            0,
            0,
            0,
            0
          ],
          [
            0,
            0,
            0,
            0,
            0
          ],
          [
            0,
            0,
            0,
            0,
            0
          ],
          [
            0,
            0,
            0,
            0,
            0
          ],
          [
            0,
            0,
            0,
            0,
            0
          ]
        ]
      }
    },
    "rear": {
      "accepted_wb": 1200,
      "temp_out_of_range": 0,
      "map_out_of_range": 0,
      "tps_out_of_range": 0,
      "ve_out_of_range": 0,
      "bad_afr_or_request_afr": 0,
      "no_requested_afr": 0,
      "total_records_processed": 1200,
      "per_bin_stats": {
        "mad": [
          [
            null,
            null,
            null,
            null,
            null
          ],
          [
            null,
            null,
            0.6896608636911817,
            1.4305277057759205,
            1.180063106143956
          ],
          [
            null,
            null,
            0.9316770186335344,
            1.6820398708105877,
            0.7461080421837982
          ],
          [
            null,
            null,
            1.6901904537334052,
            1.4448956574743186,
            1.1285675757326743
          ],
          [
            null,
            null,
            1.8343591812962554,
            0.8442196340691578,
            0.8151538816715873
          ],
          [
            null,
            null,
            null,
            null,
            null
          ],
          [
            null,
            null,
            null,
            null,
            null
          ],
          [
            null,
            null,
            null,
            null,
            null
          ],
          [
            null,
            null,
            null,
            null,
            null
          ],
          [
            null,
            null,
            null,
            null,
            null
          ],
          [
            null,
            null,
            null,
            null,
            null
          ]
        ],
        "hits": [
          [
            0,
            0,
            0,
            0,
            0
          ],
          [
            0,
            0,
            65,
            133,
            117
          ],
          [
            0,
            0,
            89,
            118,
            53
          ],
          [
            0,
            0,
            84,
            109,
            57
          ],
          [
            0,
            0,
            90,
            161,
            124
          ],
          [
            0,
            0,
            0,
            0,
            0
          ],
          [
            0,
            0,
            0,
            0,
            0
          ],
          [
            0,
            0,
            0,
            0,
            0
          ],
          [
            0,
            0,
            0,
            0,
            0
          ],
          [
            0,
            0,
            0,
            0,
            0
          ],
          [
            0,
            0,
            0,
            0,
            0
          ]
        ]
      }
    }
  }
}