Time, (DWRT ATMO) Humidity, (DWRT ATMO) Pressure, (DWRT ATMO) Temperature 1, (DWRT ATMO) Temperature 2, (DWRT CPU) ????????????????????????????????????????????????????????????????, (DWRT CPU) Acceleration, (DWRT CPU) Correction Factor, (DWRT CPU) Distance, (DWRT CPU) Distance 1, (DWRT CPU) Engine RPM, (DWRT CPU) Force, (DWRT CPU) Force 1, (DWRT CPU) Force Drum 1, (DWRT CPU) Gear Ratio, (DWRT CPU) Inductive 1 Signal Strength, (DWRT CPU) Internal Temp 1, (DWRT CPU) Internal Temp 2, (DWRT CPU) LC1 Volts Petrol AFR, (DWRT CPU) LC2 Volts Petrol AFR2, (DWRT CPU) Link 0 Status, (DWRT CPU) Link 1 Status, (DWRT CPU) Power, (DWRT CPU) Power (uncorrected), (DWRT CPU) Power Drum 1, (DWRT CPU) Power Drum 1 (uncorrected), (DWRT CPU) Sampling, (DWRT CPU) Speed, (DWRT CPU) Speed 1, (DWRT CPU) TCP RX kB/s, (DWRT CPU) TCP TX kB/s, (DWRT CPU) Torque, (DWRT CPU) Torque (uncorrected), (DWRT CPU) Torque Drum 1, (DWRT CPU) Torque Drum 1 (uncorrected), (DWRT CPU) UDP RX kB/s, (DWRT CPU) User Analog 1, (DWRT CPU) User Analog 2, (DWRT CPU) User Analog 3, (DWRT CPU) User Analog 4, (Gen) Sampling, (Gen) Sampling Duration, (Harley - ECU Type 14 SW Level 141) Accel Enrichment, (Harley - ECU Type 14 SW Level 141) Decel Enleanment, (Harley - ECU Type 14 SW Level 141) Desired Air/Fuel, (Harley - ECU Type 14 SW Level 141) Engine Speed, (Harley - ECU Type 14 SW Level 141) Engine Temperature, (Harley - ECU Type 14 SW Level 141) Front Adaptive Fuel Factor, (Harley - ECU Type 14 SW Level 141) Front Closed Loop Integrator, (Harley - ECU Type 14 SW Level 141) Front Spark Knock Retard, (Harley - ECU Type 14 SW Level 141) Idle Air Control Motor Position, (Harley - ECU Type 14 SW Level 141) Injector Time Front, (Harley - ECU Type 14 SW Level 141) Injector Time Rear, (Harley - ECU Type 14 SW Level 141) Intake Air Temperature, (Harley - ECU Type 14 SW Level 141) Manifold Absolute Pressure, (Harley - ECU Type 14 SW Level 141) Rear Adaptive Fuel Factor, (Harley - ECU Type 14 SW Level 141) Rear Closed Loop Integrator, (Harley - ECU Type 14 SW Level 141) Rear Spark Knock Retard, (Harley - ECU Type 14 SW Level 141) Spark Advance Front, (Harley - ECU Type 14 SW Level 141) Spark Advance Rear, (Harley - ECU Type 14 SW Level 141) Throttle Position, (Harley - ECU Type 14 SW Level 141) Throttle Position Sensor Voltage, (Harley - ECU Type 14 SW Level 141) VE Front, (Harley - ECU Type 14 SW Level 141) VE New Front, (Harley - ECU Type 14 SW Level 141) VE New Rear, (Harley - ECU Type 14 SW Level 141) VE Rear, (Harley - ECU Type 14 SW Level 141) Vehicle Speed, (Harley - ECU Type 14 SW Level 141) WBO2 AFR Front, (Harley - ECU Type 14 SW Level 141) WBO2 AFR Rear, (PV) Accel Enrichment, (PV) AT Lambda 1, (PV) AT Lambda 2, (PV) Battery Voltage, (PV) Decel Enleanment, (PV) Desired Air/Fuel, (PV) Desired Lambda, (PV) Engine Speed, (PV) Engine Temperature, (PV) Front Adaptive Fuel Factor, (PV) Front Closed Loop Integrator, (PV) Front Spark Knock Retard, (PV) Idle Air Control Motor Position, (PV) Idle Set Speed, (PV) Injector Time Front, (PV) Injector Time Rear, (PV) Intake Air Temperature, (PV) Manifold Absolute Pressure, (PV) Rear Adaptive Fuel Factor, (PV) Rear Closed Loop Integrator, (PV) Rear Spark Knock Retard, (PV) Software Level, (PV) Spark Advance Front, (PV) Spark Advance Rear, (PV) Throttle Position, (PV) Throttle Position Sensor, (PV) Twistgrip Position, (PV) VE Front, (PV) VE New Front, (PV) VE New Rear, (PV) VE Rear, (PV) Vehicle Speed, (PV) Warm-up Fuel AFR (Lambda), (PV) Warm-up Fuel AFR (Ratio), (PV) WBO2 AFR Front, (PV) WBO2 AFR Rear, 
0, , , , , , -3.562, , , , , -82.89, -82.89, -82.89, , , , , , , , , , , , , , , , , , , , , , , , , , , , , , , , , , , , , , , , , , , , , , , , , , , , , , , , , , , , , , , , , , , , , , , , , , , , , , , , , , , , , , , , , , , , 
0.05, , , , , , -3.443, , , , , -80.074, -80.074, -80.074, , , , , , , , , , , , , , , , , , , , , , , , , , , 1, 0.006, , , , , , , , , , , , , , , , , , , , , , , , , , , , , , , , , , , , , , , , , , , , , , , , , , , , , , , , , , , , , , , , 
0.1, , , , , , -3.325, , , , , -77.259, -77.259, -77.259, , , , , 7.377, 22.39, , , , , , , , 30.689, 30.689, , , , , , , , 7.377, 22.39, , , 1, 0.063, , , , , , , , , , , , , , , , , , , , , , , , , , , , , , , , , , , , , , , , , , , , , , , , , , , , , , , , , , , , , , , , 
0.15, , , , , , -3.326, , 5.503, 5.503, , -77.282, -77.282, -77.282, , , , , 7.377, 22.39, 0, 0, -5.787, -5.961, -5.787, -5.961, 1, 30.535, 30.535, 0.025, 0.27, , , , , 4.739, 7.377, 22.39, , , 1, 0.159, , , , , , , , , , , , , , , , , , , , , , , , , , , , , , , , , , , , , , , , , , , , , , , , , , , , , , , , , , , , , , , , 
0.2, , , , , , -3.334, , 8.872, 8.872, , -77.487, -77.487, -77.487, , , , , 7.377, 22.39, 0, 0, -5.922, -6.101, -5.922, -6.101, 1, 30.291, 30.291, 0.025, 0.27, , , , , 4.709, 7.377, 22.39, , , 1, 0.234, , , , , , , , , , , , , , , , , , , , , , , , , , , , , , , , , , , , , , , , , , , , , , , , , , , , , , , , , , , , , , , , 
0.25, , , , , , -3.277, , 12.185, 12.185, , -76.135, -76.135, -76.135, , , 35.537, 34.997, 7.378, 22.39, 0, 0, -5.839, -6.015, -5.839, -6.015, 1, 30.036, 30.036, 0.025, 0.27, -14.646, -15.095, -14.646, -15.095, 4.68, 7.378, 22.39, , , 1, 0.307, , , , , , , , , , , , , , , , , , , , , , , , , , , , , , , , , , , , , , , , , , , , , , , , , , , , , , , , , , , , , , , , 
0.3, , , , , , -3.207, , 15.489, 15.489, 2.063, -74.485, -74.485, -74.485, 68.7, , 35.429, 34.889, 7.379, 22.39, 0, 0, -5.716, -5.887, -5.716, -5.887, 1, 29.788, 29.788, 0.025, 0.27, -14.617, -15.065, -14.617, -15.065, 4.65, 7.379, 22.39, , , 1, 0.357, 0, 0, 13.7, 2.063, 185, 0, 0, 0, 36, 2.346, 2.438, 120.2, 19.355, 100, 0, 0, 20, 20, 0, 0.55, 79.5, 0, 0, 84.5, 30.34, 0, 0, 0, 0, 0, 14, 0, 13.7, 0, 2.063, 185, 0, 0, 0, 36, 1, 0.002, 0.002, 120.2, 19.355, 100, 0, 0, 141, 20, 20, 0, 0.55, 0, 79.5, 0, 0, 84.5, 30.34, 0, 0, 0, 0, 
0.35, , , , , , -3.133, , 18.77, 18.77, 2.054, -72.737, -72.737, -72.737, 68.776, , 35.32, 34.78, 7.38, 22.39, 0, 0, -5.562, -5.729, -5.562, -5.729, 1, 29.542, 29.542, 0.025, 0.27, -14.344, -14.782, -14.344, -14.782, 4.636, 7.38, 22.39, , , 1, 0.407, 0, 0, 13.7, 2.054, 185, 0, 0, 0, 36, 2.363, 2.457, 120.2, 19.566, 100, 0, 0, 20, 20, 0, 0.55, 79.5, 0, 0, 84.5, 30.221, 0, 0, 0, 0, 0, 14, 0, 13.7, 0, 2.054, 185, 0, 0, 0, 36, 1, 0.002, 0.002, 120.2, 19.566, 100, 0, 0, 141, 20, 20, 0, 0.55, 0, 79.5, 0, 0, 84.5, 30.221, 0, 0, 0, 0, 
0.4, , 100.58, 62.15, , , -3.058, 0.97, 22.043, 22.043, 2.045, -70.953, -70.953, -70.953, 68.871, , 35.212, 34.672, 7.38, 22.39, 0, 0, -5.399, -5.561, -5.399, -5.561, 1, 29.359, 29.359, 0.025, 0.269, -13.984, -14.412, -13.984, -14.412, 4.627, 7.38, 22.39, , , 1, 0.457, 0, 0, 13.7, 2.045, 185, 0, 0, 0, 36, 2.381, 2.476, 120.2, 19.778, 100, 0, 0, 20, 20, 0, 0.55, 79.5, 0, 0, 84.5, 30.102, 0, 0, 0, 0, 0, 14, 0, 13.7, 0, 2.045, 185, 0, 0, 0, 36, 1, 0.002, 0.003, 120.2, 19.778, 100, 0, 0, 141, 20, 20, 0, 0.55, 0, 79.5, 0, 0, 84.5, 30.102, 0, 0, 0, 0, 
0.45, , 100.579, 62.15, , , -3.005, 0.97, 24.649, 24.649, 2.036, -69.69, -69.69, -69.69, 68.975, , 35.103, 34.563, 7.379, 22.39, 0, 0, -5.273, -5.431, -5.273, -5.431, 1, 29.207, 29.207, 0.025, 0.269, -13.731, -14.15, -13.731, -14.15, 4.618, 7.379, 22.39, , , 1, 0.508, 0, 0, 13.7, 2.036, 185, 0, 0, 0, 36, 2.398, 2.495, 120.2, 19.989, 100, 0, 0, 20, 20, 0, 0.55, 79.5, 0, 0, 84.5, 29.983, 0, 0, 0, 0, 0, 14, 0, 13.7, 0, 2.036, 185, 0, 0, 0, 36, 1, 0.002, 0.003, 120.2, 19.989, 100, 0, 0, 141, 20, 20, 0, 0.55, 0, 79.5, 0, 0, 84.5, 29.983, 0, 0, 0, 0, 
0.5, , 100.579, 62.15, , , -2.966, 0.97, 26.812, 26.812, 2.027, -68.773, -68.773, -68.773, 69.013, , 34.995, 34.714, 7.379, 22.39, 0, 0, -5.173, -5.328, -5.173, -5.328, 1, 29.055, 29.055, 0.025, 0.268, -13.549, -13.962, -13.549, -13.962, 4.609, 7.379, 22.39, , , 1, 0.557, 0, 0, 13.7, 2.027, 185, 0, 0, 0, 36, 2.415, 2.515, 120.2, 20.201, 100, 0, 0, 20, 20, 0, 0.55, 79.5, 0, 0, 84.5, 29.863, 0, 0, 0, 0, 0, 14, 0, 13.7, 0, 2.027, 185, 0, 0, 0, 36, 1, 0.002, 0.003, 120.2, 20.201, 100, 0, 0, 141, 20, 20, 0, 0.55, 0, 79.5, 0, 0, 84.5, 29.863, 0, 0, 0, 0, 
0.55, , 100.579, 62.15, , , -2.928, 0.97, 28.957, 28.957, 2.017, -67.874, -67.874, -67.874, 68.991, , 34.888, 35.036, 7.378, 22.39, 0, 0, -5.077, -5.229, -5.077, -5.229, 1, 28.906, 28.906, 0.025, 0.268, -13.373, -13.78, -13.373, -13.78, 4.605, 7.378, 22.39, , , 1, 0.607, 0, 0, 13.714, 2.017, 185, 0, 0, 0, 36, 2.443, 2.537, 120.2, 20.313, 100, 0, 0, 19.928, 19.928, 0, 0.55, 79.5, 0, 0, 84.5, 29.739, 0, 0, 0, 0, 0, 14, 0, 13.714, 0, 2.017, 185, 0, 0, 0, 36, 1, 0.002, 0.003, 120.2, 20.313, 100, 0, 0, 141, 19.928, 19.928, 0, 0.55, 0, 79.5, 0, 0, 84.5, 29.739, 0, 0, 0, 0, 
0.6, , 100.578, 62.15, , , -2.891, 0.97, 31.079, 31.079, 2.007, -66.997, -66.997, -66.997, 68.968, 77.873, 34.78, 35.359, 7.378, 22.39, 0, 0, -4.988, -5.137, -4.988, -5.137, 1, 28.757, 28.757, 0.025, 0.268, -13.204, -13.606, -13.204, -13.606, 4.607, 7.378, 22.39, , , 1, 0.657, 0, 0, 13.734, 2.007, 185, 0, 0, 0, 36, 2.475, 2.561, 120.2, 20.387, 100, 0, 0, 19.828, 19.828, 0, 0.55, 79.5, 0, 0, 84.5, 29.613, 0, 0, 0, 0, 0, 14, 0, 13.734, 0, 2.007, 185, 0, 0, 0, 36, 1, 0.002, 0.003, 120.2, 20.387, 100, 0, 0, 141, 19.828, 19.828, 0, 0.55, 0, 79.5, 0, 0, 84.5, 29.613, 0, 0, 0, 0, 
0.65, , 100.578, 62.15, , , -2.674, 0.97, 33.202, 33.202, 1.996, -61.849, -61.849, -61.849, 68.942, 68.568, 34.673, 35.682, 7.377, 22.39, 0, 0, -4.588, -4.724, -4.588, -4.724, 1, 28.612, 28.612, 0.025, 0.268, -12.188, -12.558, -12.188, -12.558, 4.609, 7.377, 22.39, , , 1, 0.707, 0, 0, 13.754, 1.996, 185, 0, 0, 0, 36, 2.507, 2.585, 120.2, 20.461, 100, 0, 0, 19.728, 19.728, 0, 0.55, 79.5, 0, 0, 84.5, 29.487, 0, 0, 0, 0, 0, 14, 0, 13.754, 0, 1.996, 185, 0, 0, 0, 36, 1, 0.003, 0.003, 120.2, 20.461, 100, 0, 0, 141, 19.728, 19.728, 0, 0.55, 0, 79.5, 0, 0, 84.5, 29.487, 0, 0, 0, 0, 
0.7, , 100.578, 62.15, , , -1.887, 0.97, 35.324, 35.324, 1.986, -43.176, -43.176, -43.176, 68.896, 59.264, 34.565, 36.004, 7.377, 22.39, 0, 0, -3.203, -3.297, -3.203, -3.297, 1, 28.479, 28.479, 0.025, 0.267, -8.485, -8.743, -8.485, -8.743, 4.61, 7.377, 22.39, , , 1, 0.757, 0, 0, 13.774, 1.986, 185, 0, 0, 0, 36, 2.539, 2.609, 120.2, 20.535, 100, 0, 0, 19.628, 19.628, 0, 0.55, 79.5, 0, 0, 84.5, 29.361, 0, 0, 0, 0, 0, 14, 0, 13.774, 0, 1.986, 185, 0, 0, 0, 36, 1, 0.003, 0.003, 120.2, 20.535, 100, 0, 0, 141, 19.628, 19.628, 0, 0.55, 0, 79.5, 0, 0, 84.5, 29.361, 0, 0, 0, 0, 
0.75, , 100.577, 62.15, , , -0.999, 0.97, 37.445, 37.445, 1.975, -22.119, -22.119, -22.119, 68.727, 49.959, 34.646, 36.266, 7.377, 22.39, 0, 0, -1.635, -1.682, -1.635, -1.682, 1, 28.422, 28.422, 0.025, 0.267, -4.295, -4.425, -4.295, -4.425, 4.615, 7.377, 22.39, , , 1, 0.807, 0, 0, 13.794, 1.975, 185, 0, 0, 0, 36, 2.571, 2.633, 120.2, 20.609, 100, 0, 0, 19.528, 19.528, 0, 0.55, 79.5, 0, 0, 84.5, 29.235, 0, 0, 0, 0, 0, 14, 0, 13.794, 0, 1.975, 185, 0, 0, 0, 36, 1, 0.003, 0.003, 120.2, 20.609, 100, 0, 0, 141, 19.528, 19.528, 0, 0.55, 0, 79.5, 0, 0, 84.5, 29.235, 0, 0, 0, 0, 
0.8, , 100.577, 62.15, , , 2.3, 0.97, 39.53, 39.53, 1.976, 56.155, 56.155, 56.155, 68.557, 60.815, 34.863, 36.483, 7.377, 22.39, 0, 0, 4.311, 4.445, 4.311, 4.445, 1, 28.365, 28.365, 0.025, 0.268, 11.586, 11.938, 11.586, 11.938, 4.629, 7.377, 22.39, , , 1, 0.857, 0.215, 0, 13.714, 1.976, 185.288, 0, 0, 0, 38.16, 3.864, 3.76, 120.2, 26.422, 100, 0, 0, 19.536, 19.86, 6.336, 0.813, 80.472, 0, 0, 85.112, 29.245, 0, 0, 0.215, 0, 0, 14, 0, 13.714, 0, 1.976, 185.288, 0, 0, 0, 38.16, 1, 0.004, 0.004, 120.2, 26.422, 100, 0, 0, 141, 19.536, 19.86, 6.336, 0.813, 0, 80.472, 0, 0, 85.112, 29.245, 0, 0, 0, 0, 
0.85, 24.021, 100.576, 62.15, 62.82, , 5.599, 0.97, 41.614, 41.614, 1.981, 134.429, 134.429, 134.429, 68.087, 65.517, 35.08, 36.7, 7.378, 22.39, 0, 0, 10.257, 10.571, 10.257, 10.571, 1, 28.637, 28.637, 0.025, 0.268, 27.467, 28.301, 27.467, 28.301, 4.642, 7.378, 22.39, , , 1, 0.907, 0.513, 0, 13.594, 1.981, 185.688, 0, 0, 0, 41.16, 5.648, 5.315, 120.2, 34.467, 100, 0, 0, 19.586, 20.36, 15.136, 1.178, 81.822, 0, 0, 85.962, 29.308, 0, 0, 0.513, 0, 0, 14, 0, 13.594, 0, 1.981, 185.688, 0, 0, 0, 41.16, 1, 0.006, 0.006, 120.2, 34.467, 100, 0, 0, 141, 19.586, 20.36, 15.136, 1.178, 0, 81.822, 0, 0, 85.962, 29.308, 0, 0, 0, 0, 
0.9, 24.021, 100.576, 62.15, 62.82, , 8.603, 0.97, 43.685, 43.685, 1.987, 205.702, 205.702, 205.702, 67.592, 66.497, 35.296, 36.916, 7.378, 22.335, 0, 0, 15.907, 16.391, 15.907, 16.391, 1, 28.938, 28.938, 0.025, 0.269, 42.211, 43.493, 42.211, 43.493, 4.656, 7.378, 22.335, , , 1, 0.957, 0.811, 0, 13.474, 1.987, 186.088, 0, 0, 0, 44.16, 7.432, 6.87, 120.2, 42.512, 100, 0, 0, 19.636, 20.86, 23.936, 1.543, 83.172, 0, 0, 86.812, 29.371, 0, 0, 0.811, 0, 0, 14, 0, 13.474, 0, 1.987, 186.088, 0, 0, 0, 44.16, 1, 0.008, 0.007, 120.2, 42.512, 100, 0, 0, 141, 19.636, 20.86, 23.936, 1.543, 0, 83.172, 0, 0, 86.812, 29.371, 0, 0, 0, 0, 
0.95, 24.022, 100.576, 62.15, 62.82, , 11.534, 0.97, 45.752, 45.752, 1.992, 275.226, 275.226, 275.226, 66.962, 67.478, 35.513, 37.133, 7.379, 21.874, 0, 0, 21.482, 22.135, 21.482, 22.135, 1, 29.441, 29.441, 0.025, 0.269, 56.672, 58.393, 56.672, 58.393, 4.668, 7.379, 21.874, , , 1, 1.007, 1.109, 0, 13.354, 1.992, 186.488, 0, 0, 0, 47.16, 9.216, 8.425, 120.2, 50.557, 100, 0, 0, 19.686, 21.36, 32.736, 1.908, 84.522, 0, 0, 87.662, 29.434, 0, 0, 1.109, 0, 0, 14, 0, 13.354, 0, 1.992, 186.488, 0, 0, 0, 47.16, 1, 0.009, 0.009, 120.2, 50.557, 100, 0, 0, 141, 19.686, 21.36, 32.736, 1.908, 0, 84.522, 0, 0, 87.662, 29.434, 0, 0, 0, 0, 
1, 24.023, 100.575, 62.15, 62.82, , 14.1, 0.97, 47.829, 47.829, 1.997, 336.111, 336.111, 336.111, 66.262, 68.458, 35.535, 37.112, 7.379, 21.35, 0, 0, 26.583, 27.39, 26.583, 27.39, 1, 30.048, 30.048, 0.025, 0.269, 69.591, 71.705, 69.591, 71.705, 4.665, 7.379, 21.35, , , 1, 1.058, 1.407, 0, 13.234, 1.997, 186.888, 0, 0, 0, 50.16, 11, 9.98, 120.2, 58.602, 100, 0, 0, 19.736, 21.86, 41.536, 2.273, 85.872, 0, 0, 88.512, 29.497, 0, 0, 1.407, 0, 0, 14, 0, 13.234, 0, 1.997, 186.888, 0, 0, 0, 50.16, 1, 0.011, 0.01, 120.2, 58.602, 100, 0, 0, 141, 19.736, 21.86, 41.536, 2.273, 0, 85.872, 0, 0, 88.512, 29.497, 0, 0, 0, 0, 
1.05, 24.024, 100.575, 62.15, 62.82, , 16.356, 0.97, 49.915, 49.915, 2.011, 389.639, 389.639, 389.639, 65.525, 69.439, 35.428, 36.933, 7.381, 20.257, 0, 0, 31.28, 32.229, 31.28, 32.229, 1, 30.755, 30.755, 0.025, 0.27, 81.197, 83.666, 81.197, 83.666, 4.662, 7.381, 20.257, , , 1, 1.107, 1.714, 0, 13.095, 2.011, 187, 0, 0, 0, 53.25, 12.821, 11.577, 120.2, 66.722, 100, 0, 0, 19.938, 22.525, 50.6, 2.649, 87.262, 0, 0, 89.388, 29.748, 0, 0, 1.714, 0, 0, 14, 0, 13.095, 0, 2.011, 187, 0, 0, 0, 53.25, 1, 0.013, 0.012, 120.2, 66.722, 100, 0, 0, 141, 19.938, 22.525, 50.6, 2.649, 0, 87.262, 0, 0, 89.388, 29.748, 0, 0, 0, 0, 
1.1, 24.025, 100.575, 62.15, 62.82, , 17.773, 0.97, 52.042, 52.042, 2.028, 423.28, 423.28, 423.28, 64.737, 70.419, 35.32, 36.754, 7.382, 19.117, 0, 0, 34.559, 35.607, 34.559, 35.607, 1, 31.599, 31.599, 0.025, 0.27, 88.859, 91.562, 88.859, 91.562, 4.658, 7.382, 19.117, , , 1, 1.157, 2.024, 0, 12.949, 2.028, 187, 0, 0, 0, 56.375, 14.657, 13.19, 120.2, 74.871, 100, 0, 0, 20.198, 23.254, 59.767, 3.029, 88.669, 0, 0, 90.273, 30.072, 0, 0, 2.024, 0, 0, 14, 0, 12.949, 0, 2.028, 187, 0, 0, 0, 56.375, 1, 0.015, 0.013, 120.2, 74.871, 100, 0, 0, 141, 20.198, 23.254, 59.767, 3.029, 0, 88.669, 0, 0, 90.273, 30.072, 0, 0, 0, 0, 
1.15, 24.025, 100.574, 62.15, 62.82, , 17.564, 0.97, 54.266, 54.266, 2.044, 418.32, 418.32, 418.32, 63.973, 71.4, 35.213, 36.575, 7.382, 17.448, 0, 0, 35.084, 36.149, 35.084, 36.149, 1, 32.437, 32.437, 0.025, 0.27, 88.865, 91.569, 88.865, 91.569, 4.654, 7.382, 17.448, , , 1, 1.207, 2.334, 0, 12.803, 2.044, 187, 0, 0, 0, 59.5, 16.492, 14.804, 120.2, 83.02, 100, 0, 0, 20.458, 23.983, 68.933, 3.409, 90.075, 0, 0, 91.158, 30.396, 0, 0, 2.334, 0, 0, 14, 0, 12.803, 0, 2.044, 187, 0, 0, 0, 59.5, 1, 0.016, 0.015, 120.2, 83.02, 100, 0, 0, 141, 20.458, 23.983, 68.933, 3.409, 0, 90.075, 0, 0, 91.158, 30.396, 0, 0, 0, 0, 
1.2, 24.026, 100.574, 62.15, 62.82, , 17.403, 0.97, 56.521, 56.521, 2.061, 414.512, 414.512, 414.512, 63.278, 72.38, 35.105, 36.395, 7.382, 15.802, 0, 0, 35.691, 36.775, 35.691, 36.775, 1, 33.261, 33.261, 0.025, 0.27, 89.094, 91.804, 89.094, 91.804, 4.634, 7.382, 15.802, , , 1, 1.258, 2.645, 0, 12.657, 2.061, 187, 0, 0, 0, 62.625, 18.328, 16.417, 120.2, 91.169, 100, 0, 0, 20.719, 24.712, 78.1, 3.789, 91.481, 0, 0, 92.044, 30.72, 0, 0, 2.645, 0, 0, 14, 0, 12.657, 0, 2.061, 187, 0, 0, 0, 62.625, 1, 0.018, 0.016, 120.2, 91.169, 100, 0, 0, 141, 20.719, 24.712, 78.1, 3.789, 0, 91.481, 0, 0, 92.044, 30.72, 0, 0, 0, 0, 
1.25, 24.027, 100.573, 62.15, 62.82, , 17.395, 0.97, 58.903, 58.903, 2.078, 414.356, 414.356, 414.356, 62.588, 73.361, 34.976, 36.194, 7.382, 14.514, 0, 0, 36.558, 37.668, 36.558, 37.668, 1, 34.087, 34.087, 0.025, 0.27, 90.029, 92.767, 90.029, 92.767, 4.614, 7.382, 14.514, , , 1, 1.307, 2.955, 0, 12.512, 2.078, 187, 0, 0, 0, 65.75, 20.163, 18.031, 120.2, 99.318, 100, 0, 0, 20.979, 25.442, 87.267, 4.17, 92.888, 0, 0, 92.929, 31.044, 0, 0, 2.955, 0, 0, 14, 0, 12.512, 0, 2.078, 187, 0, 0, 0, 65.75, 1, 0.02, 0.018, 120.2, 99.318, 100, 0, 0, 141, 20.979, 25.442, 87.267, 4.17, 0, 92.888, 0, 0, 92.929, 31.044, 0, 0, 0, 0, 
1.3, 24.028, 100.573, 62.15, 62.82, , 17.376, 0.97, 61.31, 61.31, 2.106, 413.905, 413.905, 413.905, 61.915, 74.341, 34.832, 35.977, 7.382, 13.256, 0, 0, 37.398, 38.534, 37.398, 38.534, 1, 34.92, 34.92, 0.025, 0.27, 90.847, 93.611, 90.847, 93.611, 4.594, 7.382, 13.256, , , 1, 1.357, 2.453, 0, 12.5, 2.106, 187, 0, 0, 0, 66, 19.678, 17.96, 120.2, 99.905, 100, 0, 0, 21.708, 25.588, 90.123, 4.241, 93, 0, 0, 93, 31.949, 0, 0, 2.453, 0, 0, 14, 0, 12.5, 0, 2.106, 187, 0, 0, 0, 66, 1, 0.019, 0.018, 120.2, 99.905, 100, 0, 0, 141, 21.708, 25.588, 90.123, 4.241, 0, 93, 0, 0, 93, 31.949, 0, 0, 0, 0, 
1.35, 24.028, 100.573, 62.15, 62.82, , 17.321, 0.97, 63.793, 63.793, 2.135, 412.616, 412.616, 412.616, 61.329, 75.322, 34.687, 35.76, 7.381, 12.709, 0, 0, 38.161, 39.32, 38.161, 39.32, 1, 35.752, 35.752, 0.025, 0.269, 91.334, 94.114, 91.334, 94.114, 4.576, 7.381, 12.709, , , 1, 1.407, 1.88, 0, 12.5, 2.135, 187, 0, 0, 0, 66, 18.992, 17.743, 120.2, 99.833, 100, 0, 0, 22.477, 25.685, 92.431, 4.285, 93, 0, 0, 93, 32.905, 0, 0, 1.88, 0, 0, 14, 0, 12.5, 0, 2.135, 187, 0, 0, 0, 66, 1, 0.019, 0.018, 120.2, 99.833, 100, 0, 0, 141, 22.477, 25.685, 92.431, 4.285, 0, 93, 0, 0, 93, 32.905, 0, 0, 0, 0, 
1.4, 24.029, 100.572, 62.15, 62.82, , 17.233, 0.97, 66.317, 66.317, 2.165, 410.542, 410.542, 410.542, 60.946, 76.302, 34.542, 35.544, 7.379, 12.162, 0, 0, 38.842, 40.023, 38.842, 40.023, 1, 36.58, 36.58, 0.025, 0.268, 91.485, 94.271, 91.485, 94.271, 4.582, 7.379, 12.162, , , 1, 1.456, 1.307, 0, 12.5, 2.165, 187, 0, 0, 0, 66, 18.305, 17.525, 120.2, 99.762, 100, 0, 0, 23.246, 25.781, 94.738, 4.329, 93, 0, 0, 93, 33.861, 0, 0, 1.307, 0, 0, 14, 0, 12.5, 0, 2.165, 187, 0, 0, 0, 66, 1, 0.018, 0.017, 120.2, 99.762, 100, 0, 0, 141, 23.246, 25.781, 94.738, 4.329, 0, 93, 0, 0, 93, 33.861, 0, 0, 0, 0, 
1.45, 24.03, 100.572, 62.15, 62.82, , 17.091, 0.97, 68.913, 68.913, 2.194, 407.186, 407.186, 407.186, 60.7, 77.283, 34.398, 35.327, 7.379, 12.221, 0, 0, 39.392, 40.591, 39.392, 40.591, 1, 37.403, 37.403, 0.025, 0.267, 91.087, 93.862, 91.087, 93.862, 4.589, 7.379, 12.221, , , 1, 1.507, 0.734, 0, 12.5, 2.194, 187, 0, 0, 0, 66, 17.619, 17.308, 120.2, 99.691, 100, 0, 0, 24.015, 25.877, 97.046, 4.373, 93, 0, 0, 93, 34.817, 0, 0, 0.734, 0, 0, 14, 0, 12.5, 0, 2.194, 187, 0, 0, 0, 66, 1, 0.018, 0.017, 120.2, 99.691, 100, 0, 0, 141, 24.015, 25.877, 97.046, 4.373, 0, 93, 0, 0, 93, 34.817, 0, 0, 0, 0, 
1.5, 24.031, 100.571, 62.15, 62.82, , 16.979, 0.97, 72.335, 72.335, 2.224, 404.533, 404.533, 404.533, 60.613, 78.263, 34.383, 35.369, 7.378, 12.28, 0, 0, 40.23, 41.456, 40.23, 41.456, 1, 38.221, 38.221, 0.025, 0.267, 90.52, 93.279, 90.52, 93.279, 4.596, 7.378, 12.28, , , 1, 1.557, 0.16, 0, 12.5, 2.224, 187, 0, 0, 0, 66, 16.932, 17.091, 120.2, 99.62, 100, 0, 0, 24.785, 25.973, 99.354, 4.418, 93, 0, 0, 93, 35.772, 0, 0, 0.16, 0, 0, 14, 0, 12.5, 0, 2.224, 187, 0, 0, 0, 66, 1, 0.017, 0.017, 120.2, 99.62, 100, 0, 0, 141, 24.785, 25.973, 99.354, 4.418, 0, 93, 0, 0, 93, 35.772, 0, 0, 0, 0, 
1.55, 24.031, 100.571, 62.15, 62.82, , 16.887, 0.97, 76.407, 76.407, 2.295, 402.388, 402.388, 402.388, 60.793, 79.244, 34.455, 35.584, 7.378, 12.398, 0, 0, 41.276, 42.534, 41.276, 42.534, 1, 39.313, 39.313, 0.024, 0.266, 89.831, 92.569, 89.831, 92.569, 4.603, 7.378, 12.398, , , 1, 1.606, 0, 0.343, 12.5, 2.295, 187, 0, 0, 0, 66, 16.544, 16.88, 120.075, 99.804, 100, 0, 0, 25.312, 26.277, 100, 4.429, 92.688, 0, 0, 93.104, 36.901, 0, 0, 0, 0, 0, 14, 0.343, 12.5, 0, 2.295, 187, 0, 0, 0, 66, 1, 0.017, 0.017, 120.075, 99.804, 100, 0, 0, 141, 25.312, 26.277, 100, 4.429, 0, 92.688, 0, 0, 93.104, 36.901, 0, 0, 0, 0, 
1.6, 24.032, 100.571, 62.15, 62.82, , 16.514, 0.97, 79.422, 79.422, 2.383, 393.556, 393.556, 393.556, 61.088, 80.224, 34.526, 35.799, 7.377, 12.518, 0, 0, 41.185, 42.44, 41.185, 42.44, 1, 40.513, 40.513, 0.024, 0.265, 87.56, 90.228, 87.56, 90.228, 4.617, 7.377, 12.518, , , 1, 1.657, 0, 0.819, 12.5, 2.383, 187, 0, 0, 0, 66, 16.272, 16.671, 119.902, 100.088, 100, 0, 0, 25.744, 26.662, 100, 4.427, 92.256, 0, 0, 93.248, 38.096, 0, 0, 0, 0, 0, 14, 0.819, 12.5, 0, 2.383, 187, 0, 0, 0, 66, 1, 0.017, 0.017, 119.902, 100.088, 100, 0, 0, 141, 25.744, 26.662, 100, 4.427, 0, 92.256, 0, 0, 93.248, 38.096, 0, 0, 0, 0, 
1.65, 24.033, 100.57, 62.15, 62.82, , 15.667, 0.97, 82.254, 82.254, 2.471, 373.472, 373.472, 373.472, 61.364, 81.205, 34.598, 36.015, 7.377, 12.494, 0, 0, 39.738, 40.948, 39.738, 40.948, 1, 41.28, 41.28, 0.024, 0.264, 82.816, 85.338, 82.816, 85.338, 4.633, 7.377, 12.494, , , 1, 1.707, 0, 1.295, 12.5, 2.471, 187, 0, 0, 0, 66, 16, 16.462, 119.729, 100.372, 100, 0, 0, 26.177, 27.046, 100, 4.425, 91.823, 0, 0, 93.392, 39.291, 0, 0, 0, 0, 0, 14, 1.295, 12.5, 0, 2.471, 187, 0, 0, 0, 66, 1, 0.016, 0.016, 119.729, 100.372, 100, 0, 0, 141, 26.177, 27.046, 100, 4.425, 0, 91.823, 0, 0, 93.392, 39.291, 0, 0, 0, 0, 
1.7, 24.034, 100.57, 62.15, 62.82, , 13.106, 0.97, 85.172, 85.172, 2.559, 312.729, 312.729, 312.729, 61.756, 82.186, 34.67, 36.23, 7.377, 12.463, 0, 0, 33.6, 34.622, 33.6, 34.622, 1, 41.98, 41.98, 0.024, 0.264, 69.21, 71.316, 69.21, 71.316, 4.649, 7.377, 12.463, , , 1, 1.757, 0, 1.771, 12.5, 2.559, 187, 0, 0, 0, 66, 15.728, 16.254, 119.556, 100.655, 100, 0, 0, 26.61, 27.431, 100, 4.423, 91.39, 0, 0, 93.537, 40.486, 0, 0, 0, 0, 0, 14, 1.771, 12.5, 0, 2.559, 187, 0, 0, 0, 66, 1, 0.016, 0.016, 119.556, 100.655, 100, 0, 0, 141, 26.61, 27.431, 100, 4.423, 0, 91.39, 0, 0, 93.537, 40.486, 0, 0, 0, 0, 
1.75, 24.034, 100.57, 62.15, 62.82, , 9.653, 0.97, 88.157, 88.157, 2.647, 230.823, 230.823, 230.823, 62.338, 83.166, 34.763, 36.194, 7.377, 12.353, 0, 0, 24.974, 25.733, 24.974, 25.733, 1, 42.571, 42.571, 0.024, 0.263, 51.223, 52.781, 51.223, 52.781, 4.665, 7.377, 12.353, , , 1, 1.807, 0, 2.247, 12.5, 2.647, 187, 0, 0, 0, 66, 15.456, 16.045, 119.383, 100.939, 100, 0, 0, 27.042, 27.815, 100, 4.421, 90.958, 0, 0, 93.681, 41.681, 0, 0, 0, 0, 0, 14, 2.247, 12.5, 0, 2.647, 187, 0, 0, 0, 66, 1, 0.016, 0.016, 119.383, 100.939, 100, 0, 0, 141, 27.042, 27.815, 100, 4.421, 0, 90.958, 0, 0, 93.681, 41.681, 0, 0, 0, 0, 
1.8, 24.035, 100.57, 62.15, 62.82, , 5.639, 0.97, 91.193, 91.193, 2.699, 135.588, 135.588, 135.588, 63.022, 84.147, 34.871, 35.977, 7.377, 12.237, 0, 0, 14.764, 15.212, 14.764, 15.212, 1, 42.913, 42.913, 0.024, 0.264, 30.481, 31.408, 30.481, 31.408, 4.684, 7.377, 12.237, , , 1, 1.857, 0, 2.485, 12.534, 2.699, 187, 0, 0, 0, 65.272, 14.532, 15.126, 119.098, 96.608, 100, 0, 0, 27.418, 28.14, 94.397, 4.204, 90.442, 0, 0, 93.554, 42.394, 0, 0, 0, 0, 0, 14, 2.485, 12.534, 0, 2.699, 187, 0, 0, 0, 65.272, 1, 0.015, 0.015, 119.098, 96.608, 100, 0, 0, 141, 27.418, 28.14, 94.397, 4.204, 0, 90.442, 0, 0, 93.554, 42.394, 0, 0, 0, 0, 
1.85, 24.036, 100.57, 62.15, 62.82, , 2.14, 0.97, 94.306, 94.306, 2.718, 52.591, 52.591, 52.591, 63.695, 85.127, 34.98, 35.76, 7.377, 12.094, 0, 0, 5.741, 5.914, 5.741, 5.914, 1, 43.128, 43.128, 0.024, 0.264, 12.335, 12.711, 12.335, 12.711, 4.704, 7.377, 12.094, , , 1, 1.908, 0, 2.504, 12.598, 2.718, 187, 0, 0, 0, 63.871, 13.007, 13.55, 118.71, 88.019, 100, 0, 0, 27.741, 28.409, 83.621, 3.788, 89.849, 0, 0, 93.177, 42.661, 0, 0, 0, 0, 0, 14, 2.504, 12.598, 0, 2.718, 187, 0, 0, 0, 63.871, 1, 0.013, 0.014, 118.71, 88.019, 100, 0, 0, 141, 27.741, 28.409, 83.621, 3.788, 0, 89.849, 0, 0, 93.177, 42.661, 0, 0, 0, 0, 
1.9, 24.037, 100.57, 62.15, 62.82, , -1.171, 0.97, 97.465, 97.465, 2.738, -25.973, -25.973, -25.973, 64.282, 86.108, 35.088, 35.544, 7.377, 11.949, 0, 0, -2.891, -2.98, -2.891, -2.98, 1, 43.155, 43.155, 0.025, 0.265, -4.775, -4.918, -4.775, -4.918, 4.725, 7.377, 11.949, , , 1, 1.957, 0, 2.524, 12.663, 2.738, 187, 0, 0, 0, 62.47, 11.483, 11.975, 118.322, 79.43, 100, 0, 0, 28.065, 28.679, 72.845, 3.372, 89.256, 0, 0, 92.8, 42.928, 0, 0, 0, 0, 0, 14, 2.524, 12.663, 0, 2.738, 187, 0, 0, 0, 62.47, 1, 0.011, 0.012, 118.322, 79.43, 100, 0, 0, 141, 28.065, 28.679, 72.845, 3.372, 0, 89.256, 0, 0, 92.8, 42.928, 0, 0, 0, 0, 
1.95, 24.037, 100.57, 62.15, 62.82, , -4.125, 0.97, 100.664, 100.664, 2.757, -96.046, -96.046, -96.046, 64.716, 87.088, 35.197, 35.327, 7.377, 11.854, 0, 0, -10.664, -10.991, -10.664, -10.991, 1, 42.994, 42.994, 0.025, 0.266, -19.971, -20.576, -19.971, -20.576, 4.745, 7.377, 11.854, , , 1, 2.008, 0, 2.543, 12.728, 2.757, 187, 0, 0, 0, 61.069, 9.958, 10.399, 117.934, 70.84, 100, 0, 0, 28.388, 28.948, 62.069, 2.956, 88.664, 0, 0, 92.422, 43.196, 0, 0, 0, 0, 0, 14, 2.543, 12.728, 0, 2.757, 187, 0, 0, 0, 61.069, 1, 0.01, 0.01, 117.934, 70.84, 100, 0, 0, 141, 28.388, 28.948, 62.069, 2.956, 0, 88.664, 0, 0, 92.422, 43.196, 0, 0, 0, 0, 
2, 24.038, 100.57, 62.15, 62.82, , -4.793, 0.97, 103.863, 103.863, 2.777, -111.904, -111.904, -111.904, 65.006, 88.069, 35.154, 35.025, 7.377, 11.764, 0, 0, -12.402, -12.781, -12.402, -12.781, 1, 42.771, 42.771, 0.025, 0.267, -23.322, -24.029, -23.322, -24.029, 4.761, 7.377, 11.764, , , 1, 2.057, 0, 2.563, 12.792, 2.777, 187, 0, 0, 0, 59.668, 8.433, 8.824, 117.547, 62.251, 100, 0, 0, 28.711, 29.218, 51.293, 2.54, 88.071, 0, 0, 92.045, 43.463, 0, 0, 0, 0, 0, 14, 2.563, 12.792, 0, 2.777, 187, 0, 0, 0, 59.668, 1, 0.008, 0.009, 117.547, 62.251, 100, 0, 0, 141, 28.711, 29.218, 51.293, 2.54, 0, 88.071, 0, 0, 92.045, 43.463, 0, 0, 0, 0, 
2.05, 24.039, 100.57, 62.15, 62.82, , -4.722, 0.97, 107.008, 107.008, 2.768, -110.223, -110.223, -110.223, 65.091, 89.049, 35.011, 34.666, 7.377, 12.041, 0, 0, -12.159, -12.531, -12.159, -12.531, 1, 42.516, 42.516, 0.025, 0.267, -22.989, -23.686, -22.989, -23.686, 4.767, 7.377, 12.041, , , 1, 2.107, 0, 2.128, 12.855, 2.768, 187, 0, 0, 0, 58.308, 7.194, 7.49, 117.335, 53.846, 100, 0, 0, 28.979, 29.388, 40.833, 2.134, 87.267, 0, 0, 91.267, 43.38, 0, 0, 0, 0, 0, 14, 2.128, 12.855, 0, 2.768, 187, 0, 0, 0, 58.308, 1, 0.007, 0.007, 117.335, 53.846, 100, 0, 0, 141, 28.979, 29.388, 40.833, 2.134, 0, 87.267, 0, 0, 91.267, 43.38, 0, 0, 0, 0, 
2.1, 24.04, 100.57, 62.15, 62.82, , -4.232, 0.97, 110.127, 110.127, 2.755, -98.609, -98.609, -98.609, 65.242, 90.03, 34.867, 34.308, 7.377, 12.367, 0, 0, -10.792, -11.123, -10.792, -11.123, 1, 42.296, 42.296, 0.025, 0.268, -20.554, -21.177, -20.554, -21.177, 4.773, 7.377, 12.367, , , 1, 2.157, 0, 1.631, 12.918, 2.755, 187, 0, 0, 0, 56.954, 5.994, 6.189, 117.148, 45.467, 100, 0, 0, 29.24, 29.544, 30.417, 1.73, 86.433, 0, 0, 90.433, 43.25, 0, 0, 0, 0, 0, 14, 1.631, 12.918, 0, 2.755, 187, 0, 0, 0, 56.954, 1, 0.006, 0.006, 117.148, 45.467, 100, 0, 0, 141, 29.24, 29.544, 30.417, 1.73, 0, 86.433, 0, 0, 90.433, 43.25, 0, 0, 0, 0, 
2.15, 24.04, 100.57, 62.15, 62.821, , -4.287, 0.97, 113.282, 113.282, 2.742, -99.909, -99.909, -99.909, 65.522, 91.01, 34.724, 33.949, 7.377, 13.255, 0, 0, -10.873, -11.207, -10.873, -11.207, 1, 42.08, 42.08, 0.025, 0.269, -20.713, -21.343, -20.713, -21.343, 4.779, 7.377, 13.255, , , 1, 2.207, 0, 1.134, 12.98, 2.742, 187, 0, 0, 0, 55.6, 4.794, 4.888, 116.96, 37.088, 100, 0, 0, 29.5, 29.7, 20, 1.326, 85.6, 0, 0, 89.6, 43.12, 0, 0, 0, 0, 0, 14, 1.134, 12.98, 0, 2.742, 187, 0, 0, 0, 55.6, 1, 0.004, 0.005, 116.96, 37.088, 100, 0, 0, 141, 29.5, 29.7, 20, 1.326, 0, 85.6, 0, 0, 89.6, 43.12, 0, 0, 0, 0, 
2.2, 24.04, 100.57, 62.15, 62.822, , -4.272, 0.97, 116.384, 116.384, 2.729, -99.556, -99.556, -99.556, 65.993, 91.991, 34.58, 33.591, 7.377, 14.235, 0, 0, -10.781, -11.112, -10.781, -11.112, 1, 41.861, 41.861, 0.025, 0.269, -20.492, -21.116, -20.492, -21.116, 4.785, 7.377, 14.235, , , 1, 2.257, 0, 0.637, 13.043, 2.729, 187, 0, 0, 0, 54.246, 3.594, 3.587, 116.772, 28.709, 100, 0, 0, 29.76, 29.856, 9.583, 0.922, 84.767, 0, 0, 88.767, 42.99, 0, 0, 0, 0, 0, 14, 0.637, 13.043, 0, 2.729, 187, 0, 0, 0, 54.246, 1, 0.003, 0.003, 116.772, 28.709, 100, 0, 0, 141, 29.76, 29.856, 9.583, 0.922, 0, 84.767, 0, 0, 88.767, 42.99, 0, 0, 0, 0, 
2.25, 24.04, 100.57, 62.15, 62.823, , -4.244, 0.97, 119.462, 119.462, 2.719, -98.891, -98.891, -98.891, 66.703, 92.971, 34.602, 33.707, 7.377, 15.685, 0, 0, -10.658, -10.985, -10.658, -10.985, 1, 41.648, 41.648, 0.025, 0.269, -20.178, -20.793, -20.178, -20.793, 4.785, 7.377, 15.685, , , 1, 2.307, 0, 0.177, 13.102, 2.719, 187, 0, 0, 0, 52.767, 2.487, 2.388, 116.6, 20.937, 100, 0, 0, 30, 30, 0, 0.55, 83.992, 0, 0, 88, 42.851, 0, 0, 0, 0, 0, 14, 0.177, 13.102, 0, 2.719, 187, 0, 0, 0, 52.767, 1, 0.002, 0.002, 116.6, 20.937, 100, 0, 0, 141, 30, 30, 0, 0.55, 0, 83.992, 0, 0, 88, 42.851, 0, 0, 0, 0, 
2.3, 24.04, 100.57, 62.15, 62.824, , -4.407, 0.97, 122.575, 122.575, 2.743, -102.755, -102.755, -102.755, 67.416, 93.952, 34.744, 34.168, 7.377, 17.225, 0, 0, -11.018, -11.356, -11.018, -11.356, 1, 41.431, 41.431, 0.025, 0.269, -20.744, -21.376, -20.744, -21.376, 4.784, 7.377, 17.225, , , 1, 2.357, 0, 0.142, 13.121, 2.743, 187, 0, 0, 0, 49.86, 2.446, 2.365, 116.6, 20.15, 100, 0, 0, 30, 30, 0, 0.55, 83.895, 0, 0, 88, 42.61, 0, 0, 0, 0, 0, 14, 0.142, 13.121, 0, 2.743, 187, 0, 0, 0, 49.86, 1, 0.002, 0.002, 116.6, 20.15, 100, 0, 0, 141, 30, 30, 0, 0.55, 0, 83.895, 0, 0, 88, 42.61, 0, 0, 0, 0, 
2.35, 24.04, 100.57, 62.15, 62.825, , -4.416, 0.97, 125.638, 125.638, 2.767, -102.979, -102.979, -102.979, 68.079, 94.932, 34.886, 34.628, 7.377, 18.635, 0, 0, -10.985, -11.322, -10.985, -11.322, 1, 41.206, 41.206, 0.025, 0.268, -20.604, -21.232, -20.604, -21.232, 4.783, 7.377, 18.635, , , 1, 2.407, 0, 0.107, 13.14, 2.767, 187, 0, 0, 0, 46.953, 2.405, 2.342, 116.6, 19.363, 100, 0, 0, 30, 30, 0, 0.55, 83.798, 0, 0, 88, 42.37, 0, 0, 0, 0, 0, 14, 0.107, 13.14, 0, 2.767, 187, 0, 0, 0, 46.953, 1, 0.002, 0.002, 116.6, 19.363, 100, 0, 0, 141, 30, 30, 0, 0.55, 0, 83.798, 0, 0, 88, 42.37, 0, 0, 0, 0, 
2.4, 24.04, 100.57, 62.15, 62.826, , -4.31, 0.97, 128.671, 128.671, 2.792, -100.471, -100.471, -100.471, 68.514, 95.913, 35.027, 35.089, 7.377, 20.016, 0, 0, -10.658, -10.986, -10.658, -10.986, 1, 40.983, 40.983, 0.025, 0.268, -19.941, -20.548, -19.941, -20.548, 4.783, 7.377, 20.016, , , 1, 2.457, 0, 0.073, 13.16, 2.792, 187, 0, 0, 0, 44.047, 2.365, 2.318, 116.6, 18.577, 100, 0, 0, 30, 30, 0, 0.55, 83.702, 0, 0, 88, 42.13, 0, 0, 0, 0, 0, 14, 0.073, 13.16, 0, 2.792, 187, 0, 0, 0, 44.047, 1, 0.002, 0.002, 116.6, 18.577, 100, 0, 0, 141, 30, 30, 0, 0.55, 0, 83.702, 0, 0, 88, 42.13, 0, 0, 0, 0, 
2.45, 24.04, 100.57, 62.15, 62.828, , -4.056, 0.97, 131.703, 131.703, 2.816, -94.458, -94.458, -94.458, 68.809, 96.893, 35.169, 35.55, 7.377, 20.939, 0, 0, -9.971, -10.278, -9.971, -10.278, 1, 40.769, 40.769, 0.025, 0.268, -18.673, -19.241, -18.673, -19.241, 4.788, 7.377, 20.939, , , 1, 2.507, 0, 0.038, 13.179, 2.816, 187, 0, 0, 0, 41.14, 2.324, 2.295, 116.6, 17.79, 100, 0, 0, 30, 30, 0, 0.55, 83.605, 0, 0, 88, 41.89, 0, 0, 0, 0, 0, 14, 0.038, 13.179, 0, 2.816, 187, 0, 0, 0, 41.14, 1, 0.002, 0.002, 116.6, 17.79, 100, 0, 0, 141, 30, 30, 0, 0.55, 0, 83.605, 0, 0, 88, 41.89, 0, 0, 0, 0, 
2.5, 24.04, 100.57, 62.15, 62.829, , -4.036, 0.97, 134.714, 134.714, 2.84, -93.969, -93.969, -93.969, 68.901, 97.874, 35.149, 35.926, 7.377, 21.734, 0, 0, -9.864, -10.168, -9.864, -10.168, 1, 40.572, 40.572, 0.025, 0.268, -18.545, -19.109, -18.545, -19.109, 4.792, 7.377, 21.734, , , 1, 2.556, 0, 0.003, 13.198, 2.84, 187, 0, 0, 0, 38.233, 2.283, 2.272, 116.6, 17.003, 100, 0, 0, 30, 30, 0, 0.55, 83.508, 0, 0, 88, 41.649, 0, 0, 0, 0, 0, 14, 0.003, 13.198, 0, 2.84, 187, 0, 0, 0, 38.233, 1, 0.002, 0.002, 116.6, 17.003, 100, 0, 0, 141, 30, 30, 0, 0.55, 0, 83.508, 0, 0, 88, 41.649, 0, 0, 0, 0, 
2.55, 24.04, 100.57, 62.15, 62.83, , -4.213, 0.97, 137.708, 137.708, 2.824, -98.186, -98.186, -98.186, 68.837, 98.854, 34.966, 36.219, 7.377, 22.096, 0, 0, -10.252, -10.567, -10.252, -10.567, 1, 40.363, 40.363, 0.025, 0.268, -19.388, -19.978, -19.388, -19.978, 4.797, 7.377, 22.096, , , 1, 2.606, 0, 0, 13.217, 2.824, 187, 0, 0, 0, 37.659, 2.261, 2.255, 116.6, 16.94, 100, 0, 0, 28.552, 28.552, 0, 0.55, 83.33, 0, 0, 87.83, 41.419, 0, 0, 0, 0, 0, 14, 0, 13.217, 0, 2.824, 187, 0, 0, 0, 37.659, 1, 0.002, 0.002, 116.6, 16.94, 100, 0, 0, 141, 28.552, 28.552, 0, 0.55, 0, 83.33, 0, 0, 87.83, 41.419, 0, 0, 0, 0, 
2.6, 24.04, 100.57, 62.15, 62.831, , -4.106, 0.97, 140.701, 140.701, 2.805, -95.658, -95.658, -95.658, 68.726, 96.646, 34.783, 36.512, 7.377, 22.322, 0, 0, -9.936, -10.242, -9.936, -10.242, 1, 40.152, 40.152, 0.025, 0.268, -18.92, -19.494, -18.92, -19.494, 4.801, 7.377, 22.322, , , 1, 2.657, 0, 0, 13.236, 2.805, 187, 0, 0, 0, 37.289, 2.241, 2.238, 116.6, 16.94, 100, 0, 0, 26.978, 26.978, 0, 0.55, 83.144, 0, 0, 87.644, 41.189, 0, 0, 0, 0, 0, 14, 0, 13.236, 0, 2.805, 187, 0, 0, 0, 37.289, 1, 0.002, 0.002, 116.6, 16.94, 100, 0, 0, 141, 26.978, 26.978, 0, 0.55, 0, 83.144, 0, 0, 87.644, 41.189, 0, 0, 0, 0, 
2.65, 24.04, 100.57, 62.15, 62.832, , -4.027, 0.97, 143.058, 143.058, 2.785, -93.766, -93.766, -93.766, 68.616, 93.538, 34.6, 36.804, 7.377, 22.384, 0, 0, -9.698, -9.997, -9.698, -9.997, 1, 39.948, 39.948, 0.025, 0.267, -18.572, -19.135, -18.572, -19.135, 4.784, 7.377, 22.384, , , 1, 2.707, 0, 0, 13.254, 2.785, 187, 0, 0, 0, 36.919, 2.221, 2.221, 116.6, 16.94, 100, 0, 0, 25.404, 25.404, 0, 0.55, 82.959, 0, 0, 87.459, 40.959, 0, 0, 0, 0, 0, 14, 0, 13.254, 0, 2.785, 187, 0, 0, 0, 36.919, 1, 0.002, 0.002, 116.6, 16.94, 100, 0, 0, 141, 25.404, 25.404, 0, 0.55, 0, 82.959, 0, 0, 87.459, 40.959, 0, 0, 0, 0, 
2.7, 24.04, 100.57, 62.15, 62.833, , -3.992, 0.97, 144.537, 144.537, 2.766, -92.942, -92.942, -92.942, 68.536, 90.43, 34.417, 37.097, 7.377, 22.389, 0, 0, -9.588, -9.882, -9.588, -9.882, 1, 39.81, 39.81, 0.025, 0.267, -18.427, -18.987, -18.427, -18.987, 4.766, 7.377, 22.389, , , 1, 2.757, 0, 0, 13.273, 2.766, 187, 0, 0, 0, 36.548, 2.2, 2.205, 116.6, 16.94, 100, 0, 0, 23.83, 23.83, 0, 0.55, 82.774, 0, 0, 87.274, 40.73, 0, 0, 0, 0, 0, 14, 0, 13.273, 0, 2.766, 187, 0, 0, 0, 36.548, 1, 0.002, 0.002, 116.6, 16.94, 100, 0, 0, 141, 23.83, 23.83, 0, 0.55, 0, 82.774, 0, 0, 87.274, 40.73, 0, 0, 0, 0, 
2.75, 24.04, 100.57, 62.15, 62.834, , -4.135, 0.97, 147.225, 147.225, 2.746, -96.352, -96.352, -96.352, 68.474, 87.322, 34.466, 37.031, 7.377, 22.39, 0, 0, -9.897, -10.199, -9.897, -10.199, 1, 39.708, 39.708, 0.025, 0.266, -19.123, -19.705, -19.123, -19.705, 4.749, 7.377, 22.39, , , 1, 2.807, 0, 0, 13.291, 2.746, 187, 0, 0, 0, 36.178, 2.18, 2.188, 116.6, 16.94, 100, 0, 0, 22.256, 22.256, 0, 0.55, 82.589, 0, 0, 87.089, 40.5, 0, 0, 0, 0, 0, 14, 0, 13.291, 0, 2.746, 187, 0, 0, 0, 36.178, 1, 0.002, 0.002, 116.6, 16.94, 100, 0, 0, 141, 22.256, 22.256, 0, 0.55, 0, 82.589, 0, 0, 87.089, 40.5, 0, 0, 0, 0, 
2.8, 24.04, 100.57, 62.15, 62.836, , -4.244, 0.97, 150.143, 150.143, 2.728, -98.937, -98.937, -98.937, 68.416, 84.214, 34.683, 36.706, 7.377, 22.39, 0, 0, -10.116, -10.424, -10.116, -10.424, 1, 39.494, 39.494, 0.025, 0.266, -19.654, -20.254, -19.654, -20.254, 4.732, 7.377, 22.39, , , 1, 2.857, 0, 0, 13.322, 2.728, 187, 0, 0, 0, 36, 2.167, 2.176, 116.6, 16.9, 100, 0, 0, 21.5, 21.5, 0, 0.55, 82.446, 0, 0, 86.892, 40.323, 0, 0, 0, 0, 0, 14, 0, 13.322, 0, 2.728, 187, 0, 0, 0, 36, 1, 0.002, 0.002, 116.6, 16.9, 100, 0, 0, 141, 21.5, 21.5, 0, 0.55, 0, 82.446, 0, 0, 86.892, 40.323, 0, 0, 0, 0, 
2.85, 24.04, 100.57, 62.15, 62.837, , -4.135, 0.97, 153.061, 153.061, 2.712, -96.356, -96.356, -96.356, 68.37, 81.106, 34.9, 36.381, 7.377, 22.39, 0, 0, -9.793, -10.093, -9.793, -10.093, 1, 39.282, 39.282, 0.025, 0.266, -19.156, -19.741, -19.156, -19.741, 4.745, 7.377, 22.39, , , 1, 2.907, 0, 0, 13.363, 2.712, 187, 0, 0, 0, 36, 2.161, 2.167, 116.6, 16.823, 100, 0, 0, 21.5, 21.5, 0, 0.55, 82.342, 0, 0, 86.685, 40.194, 0, 0, 0, 0, 0, 14, 0, 13.363, 0, 2.712, 187, 0, 0, 0, 36, 1, 0.002, 0.002, 116.6, 16.823, 100, 0, 0, 141, 21.5, 21.5, 0, 0.55, 0, 82.342, 0, 0, 86.685, 40.194, 0, 0, 0, 0, 
2.9, 24.04, 100.57, 62.15, 62.838, , -3.984, 0.97, 155.956, 155.956, 2.695, -92.773, -92.773, -92.773, 68.338, 77.998, 35.116, 36.055, 7.377, 22.39, 0, 0, -9.383, -9.67, -9.383, -9.67, 1, 39.073, 39.073, 0.025, 0.265, -18.453, -19.017, -18.453, -19.017, 4.759, 7.377, 22.39, , , 1, 2.957, 0, 0, 13.405, 2.695, 187, 0, 0, 0, 36, 2.154, 2.159, 116.6, 16.747, 100, 0, 0, 21.5, 21.5, 0, 0.55, 82.239, 0, 0, 86.477, 40.066, 0, 0, 0, 0, 0, 14, 0, 13.405, 0, 2.695, 187, 0, 0, 0, 36, 1, 0.002, 0.002, 116.6, 16.747, 100, 0, 0, 141, 21.5, 21.5, 0, 0.55, 0, 82.239, 0, 0, 86.477, 40.066, 0, 0, 0, 0, 
2.95, 24.04, 100.57, 62.15, 62.839, , -3.74, 0.97, 158.839, 158.839, 2.679, -86.986, -86.986, -86.986, 68.323, 74.889, 35.333, 35.73, 7.377, 22.39, 0, 0, -8.759, -9.027, -8.759, -9.027, 1, 38.88, 38.88, 0.025, 0.265, -17.302, -17.832, -17.302, -17.832, 4.773, 7.377, 22.39, , , 1, 3.007, 0, 0, 13.446, 2.679, 187, 0, 0, 0, 36, 2.148, 2.151, 116.6, 16.67, 100, 0, 0, 21.5, 21.5, 0, 0.55, 82.135, 0, 0, 86.27, 39.937, 0, 0, 0, 0, 0, 14, 0, 13.446, 0, 2.679, 187, 0, 0, 0, 36, 1, 0.002, 0.002, 116.6, 16.67, 100, 0, 0, 141, 21.5, 21.5, 0, 0.55, 0, 82.135, 0, 0, 86.27, 39.937, 0, 0, 0, 0, 
3, 24.04, 100.57, 62.15, 62.84, , -0.106, 0.97, 161.723, 161.723, 2.662, -0.763, -0.763, -0.763, 68.218, 71.781, 35.398, 35.342, 7.377, 22.39, 0, 0, -0.045, -0.05, -0.045, -0.05, 1, 38.747, 38.747, 0.025, 0.265, 0.089, 0.09, 0.089, 0.09, 4.786, 7.377, 22.39, , , 1, 3.057, 0, 0, 13.488, 2.662, 187, 0, 0, 0, 36, 2.142, 2.142, 116.6, 16.593, 100, 0, 0, 21.5, 21.5, 0, 0.55, 82.031, 0, 0, 86.062, 39.809, 0, 0, 0, 0, 0, 14, 0, 13.488, 0, 2.662, 187, 0, 0, 0, 36, 1, 0.002, 0.002, 116.6, 16.593, 100, 0, 0, 141, 21.5, 21.5, 0, 0.55, 0, 82.031, 0, 0, 86.062, 39.809, 0, 0, 0, 0, 
3.05, 24.04, 100.57, 62.15, 62.841, , 4.408, 0.97, 164.579, 164.579, 2.658, 106.318, 106.318, 106.318, 67.743, 68.673, 35.363, 34.912, 7.377, 22.36, 0, 0, 11.033, 11.364, 11.033, 11.364, 1, 38.85, 38.85, 0.025, 0.266, 22.223, 22.899, 22.223, 22.899, 4.824, 7.377, 22.36, , , 1, 3.107, 0.056, 0, 13.433, 2.658, 187, 0, 0, 0, 38.019, 3.213, 3.818, 116.6, 22.282, 100, 0, 0, 21.87, 21.971, 6.731, 0.811, 82.639, 0, 0, 86.572, 39.979, 0, 0, 0.056, 0, 0, 14, 0, 13.433, 0, 2.658, 187, 0, 0, 0, 38.019, 1, 0.003, 0.004, 116.6, 22.282, 100, 0, 0, 141, 21.87, 21.971, 6.731, 0.811, 0, 82.639, 0, 0, 86.572, 39.979, 0, 0, 0, 0, 
3.1, 24.04, 100.571, 62.15, 62.842, , 10.24, 0.97, 167.393, 167.393, 2.66, 244.689, 244.689, 244.689, 66.737, 65.565, 35.327, 34.481, 7.377, 22.313, 0, 0, 25.656, 26.432, 25.656, 26.432, 1, 39.408, 39.408, 0.025, 0.266, 51.471, 53.037, 51.471, 53.037, 4.869, 7.377, 22.313, , , 1, 3.157, 0.136, 0, 13.337, 2.66, 187, 0, 0, 0, 40.904, 4.746, 6.215, 116.6, 30.443, 100, 0, 0, 22.399, 22.644, 16.346, 1.184, 83.553, 0, 0, 87.389, 40.278, 0, 0, 0.136, 0, 0, 14, 0, 13.337, 0, 2.66, 187, 0, 0, 0, 40.904, 1, 0.005, 0.006, 116.6, 30.443, 100, 0, 0, 141, 22.399, 22.644, 16.346, 1.184, 0, 83.553, 0, 0, 87.389, 40.278, 0, 0, 0, 0, 
3.15, 24.04, 100.571, 62.15, 62.844, , 13.899, 0.97, 171.247, 171.247, 2.661, 331.519, 331.519, 331.519, 65.346, 62.457, 35.291, 34.051, 7.377, 21.883, 0, 0, 35.024, 36.087, 35.024, 36.087, 1, 40.294, 40.294, 0.025, 0.266, 69.998, 72.128, 69.998, 72.128, 4.915, 7.377, 21.883, , , 1, 3.207, 0.215, 0, 13.24, 2.661, 187, 0, 0, 0, 43.788, 6.278, 8.612, 116.6, 38.604, 100, 0, 0, 22.928, 23.317, 25.962, 1.557, 84.466, 0, 0, 88.207, 40.577, 0, 0, 0.215, 0, 0, 14, 0, 13.24, 0, 2.661, 187, 0, 0, 0, 43.788, 1, 0.006, 0.008, 116.6, 38.604, 100, 0, 0, 141, 22.928, 23.317, 25.962, 1.557, 0, 84.466, 0, 0, 88.207, 40.577, 0, 0, 0, 0, 
3.2, 24.04, 100.571, 62.15, 62.845, , 16.57, 0.97, 175.362, 175.362, 2.663, 394.886, 394.886, 394.886, 64.357, 59.349, 35.255, 33.621, 7.377, 21.235, 0, 0, 42.037, 43.314, 42.037, 43.314, 1, 41.084, 41.084, 0.025, 0.267, 83.709, 86.257, 83.709, 86.257, 4.96, 7.377, 21.235, , , 1, 3.257, 0.295, 0, 13.144, 2.663, 187, 0, 0, 0, 46.673, 7.811, 11.009, 116.6, 46.764, 100, 0, 0, 23.457, 23.99, 35.577, 1.93, 85.38, 0, 0, 89.024, 40.876, 0, 0, 0.295, 0, 0, 14, 0, 13.144, 0, 2.663, 187, 0, 0, 0, 46.673, 1, 0.008, 0.011, 116.6, 46.764, 100, 0, 0, 141, 23.457, 23.99, 35.577, 1.93, 0, 85.38, 0, 0, 89.024, 40.876, 0, 0, 0, 0, 
3.25, 24.04, 100.572, 62.15, 62.846, , 17.209, 0.97, 178.281, 178.281, 2.665, 410.067, 410.067, 410.067, 63.476, 56.241, 35.29, 33.648, 7.377, 20.199, 0, 0, 44.457, 45.808, 44.457, 45.808, 1, 41.882, 41.882, 0.025, 0.267, 87.975, 90.652, 87.975, 90.652, 4.992, 7.377, 20.199, , , 1, 3.307, 0.375, 0, 13.048, 2.665, 187, 0, 0, 0, 49.558, 9.344, 13.406, 116.6, 54.925, 100, 0, 0, 23.986, 24.663, 45.192, 2.303, 86.293, 0, 0, 89.841, 41.175, 0, 0, 0.375, 0, 0, 14, 0, 13.048, 0, 2.665, 187, 0, 0, 0, 49.558, 1, 0.009, 0.013, 116.6, 54.925, 100, 0, 0, 141, 23.986, 24.663, 45.192, 2.303, 0, 86.293, 0, 0, 89.841, 41.175, 0, 0, 0, 0, 
3.3, 24.04, 100.572, 62.15, 62.847, , 17.386, 0.97, 181.236, 181.236, 2.672, 414.285, 414.285, 414.285, 62.783, 53.133, 35.375, 34.008, 7.377, 18.925, 0, 0, 45.762, 47.153, 45.762, 47.153, 1, 42.721, 42.721, 0.025, 0.267, 89.708, 92.438, 89.708, 92.438, 5.016, 7.377, 18.925, , , 1, 3.357, 0.445, 0, 12.948, 2.672, 187, 0, 0, 0, 52.569, 10.922, 14.966, 116.6, 63.405, 100, 0, 0, 24.538, 25.366, 55.23, 2.693, 87.299, 0, 0, 90.695, 41.553, 0, 0, 0.445, 0, 0, 14, 0, 12.948, 0, 2.672, 187, 0, 0, 0, 52.569, 1, 0.011, 0.015, 116.6, 63.405, 100, 0, 0, 141, 24.538, 25.366, 55.23, 2.693, 0, 87.299, 0, 0, 90.695, 41.553, 0, 0, 0, 0, 
3.35, 24.04, 100.573, 62.15, 62.848, , 17.101, 0.97, 184.23, 184.23, 2.686, 407.54, 407.54, 407.54, 62.362, 50.025, 35.461, 34.367, 7.377, 17.353, 0, 0, 45.951, 47.348, 45.951, 47.348, 1, 43.547, 43.547, 0.025, 0.267, 88.908, 91.614, 88.908, 91.614, 5.04, 7.377, 17.353, , , 1, 3.407, 0.504, 0, 12.843, 2.686, 187, 0, 0, 0, 55.707, 12.545, 15.689, 116.6, 72.205, 100, 0, 0, 25.113, 26.098, 65.69, 3.099, 88.397, 0, 0, 91.584, 42.008, 0, 0, 0.504, 0, 0, 14, 0, 12.843, 0, 2.686, 187, 0, 0, 0, 55.707, 1, 0.013, 0.016, 116.6, 72.205, 100, 0, 0, 141, 25.113, 26.098, 65.69, 3.099, 0, 88.397, 0, 0, 91.584, 42.008, 0, 0, 0, 0, 
3.4, 24.04, 100.573, 62.15, 62.849, , 17.094, 0.97, 187.333, 187.333, 2.7, 407.378, 407.378, 407.378, 62.097, 46.917, 35.546, 34.726, 7.377, 15.581, 0, 0, 46.808, 48.233, 46.808, 48.233, 1, 44.368, 44.368, 0.025, 0.266, 89.172, 91.886, 89.172, 91.886, 5.064, 7.377, 15.581, , , 1, 3.457, 0.564, 0, 12.738, 2.7, 187, 0, 0, 0, 58.845, 14.169, 16.412, 116.6, 81.006, 100, 0, 0, 25.688, 26.831, 76.151, 3.505, 89.496, 0, 0, 92.473, 42.463, 0, 0, 0.564, 0, 0, 14, 0, 12.738, 0, 2.7, 187, 0, 0, 0, 58.845, 1, 0.014, 0.016, 116.6, 81.006, 100, 0, 0, 141, 25.688, 26.831, 76.151, 3.505, 0, 89.496, 0, 0, 92.473, 42.463, 0, 0, 0, 0, 
3.45, 24.04, 100.573, 62.15, 62.85, , 17.246, 0.97, 190.482, 190.482, 2.713, 410.993, 410.993, 410.993, 62.013, 64.382, 35.632, 35.086, 7.377, 14.136, 0, 0, 48.105, 49.568, 48.105, 49.568, 1, 45.189, 45.189, 0.025, 0.266, 90.109, 92.852, 90.109, 92.852, 5.083, 7.377, 14.136, , , 1, 3.507, 0.624, 0, 12.634, 2.713, 187, 0, 0, 0, 61.983, 15.792, 17.135, 116.6, 89.806, 100, 0, 0, 26.264, 27.563, 86.611, 3.911, 90.594, 0, 0, 93.362, 42.918, 0, 0, 0.624, 0, 0, 14, 0, 12.634, 0, 2.713, 187, 0, 0, 0, 61.983, 1, 0.016, 0.017, 116.6, 89.806, 100, 0, 0, 141, 26.264, 27.563, 86.611, 3.911, 0, 90.594, 0, 0, 93.362, 42.918, 0, 0, 0, 0, 
3.5, 24.039, 100.574, 62.15, 62.848, , 17.577, 0.97, 193.681, 193.681, 2.727, 418.88, 418.88, 418.88, 62.054, 65.207, 35.733, 35.458, 7.377, 12.947, 0, 0, 49.906, 51.423, 49.906, 51.423, 1, 46.027, 46.027, 0.025, 0.266, 91.818, 94.612, 91.818, 94.612, 5.095, 7.377, 12.947, , , 1, 3.557, 0.683, 0, 12.529, 2.727, 187, 0, 0, 0, 65.121, 17.415, 17.858, 116.6, 98.606, 100, 0, 0, 26.839, 28.295, 97.071, 4.316, 91.692, 0, 0, 94.251, 43.373, 0, 0, 0.683, 0, 0, 14, 0, 12.529, 0, 2.727, 187, 0, 0, 0, 65.121, 1, 0.018, 0.018, 116.6, 98.606, 100, 0, 0, 141, 26.839, 28.295, 97.071, 4.316, 0, 91.692, 0, 0, 94.251, 43.373, 0, 0, 0, 0, 
3.55, 24.038, 100.574, 62.15, 62.847, , 17.676, 0.97, 196.966, 196.966, 2.779, 421.244, 421.244, 421.244, 62.178, 66.031, 35.865, 35.856, 7.377, 12.112, 0, 0, 51.118, 52.673, 51.118, 52.673, 1, 46.871, 46.871, 0.025, 0.266, 92.057, 94.858, 92.057, 94.858, 5.106, 7.377, 12.112, , , 1, 3.607, 0.599, 0, 12.5, 2.779, 187, 0, 0, 0, 66, 17.854, 18.125, 116.341, 101.177, 100, 0, 0, 27.144, 28.572, 100, 4.427, 92.504, 0, 0, 95.148, 44.216, 0, 0, 0.599, 0, 0, 14, 0, 12.5, 0, 2.779, 187, 0, 0, 0, 66, 1, 0.018, 0.018, 116.341, 101.177, 100, 0, 0, 141, 27.144, 28.572, 100, 4.427, 0, 92.504, 0, 0, 95.148, 44.216, 0, 0, 0, 0, 
3.6, 24.037, 100.574, 62.15, 62.846, , 17.802, 0.97, 200.306, 200.306, 2.845, 424.232, 424.232, 424.232, 62.38, 66.856, 35.998, 36.255, 7.377, 11.579, 0, 0, 52.423, 54.019, 52.423, 54.019, 1, 47.713, 47.713, 0.025, 0.267, 92.436, 95.25, 92.436, 95.25, 5.117, 7.377, 11.579, , , 1, 3.657, 0.459, 0, 12.5, 2.845, 187, 0, 0, 0, 66, 17.832, 18.215, 115.981, 101.325, 100, 0, 0, 27.344, 28.672, 100, 4.423, 93.204, 0, 0, 96.048, 45.21, 0, 0, 0.459, 0, 0, 14, 0, 12.5, 0, 2.845, 187, 0, 0, 0, 66, 1, 0.018, 0.018, 115.981, 101.325, 100, 0, 0, 141, 27.344, 28.672, 100, 4.423, 0, 93.204, 0, 0, 96.048, 45.21, 0, 0, 0, 0, 
3.65, 24.037, 100.575, 62.15, 62.845, , 17.976, 0.97, 203.698, 203.698, 2.911, 428.384, 428.384, 428.384, 62.536, 67.681, 36.131, 36.654, 7.377, 11.343, 0, 0, 53.893, 55.534, 53.893, 55.534, 1, 48.576, 48.576, 0.024, 0.267, 93.093, 95.927, 93.093, 95.927, 5.129, 7.377, 11.343, , , 1, 3.707, 0.319, 0, 12.5, 2.911, 187, 0, 0, 0, 66, 17.81, 18.305, 115.621, 101.473, 100, 0, 0, 27.544, 28.772, 100, 4.419, 93.904, 0, 0, 96.948, 46.204, 0, 0, 0.319, 0, 0, 14, 0, 12.5, 0, 2.911, 187, 0, 0, 0, 66, 1, 0.018, 0.019, 115.621, 101.473, 100, 0, 0, 141, 27.544, 28.772, 100, 4.419, 0, 93.904, 0, 0, 96.948, 46.204, 0, 0, 0, 0, 
3.7, 24.036, 100.575, 62.15, 62.844, , 18.269, 0.97, 207.131, 207.131, 2.977, 435.364, 435.364, 435.364, 62.652, 68.506, 36.264, 37.053, 7.377, 11.382, 0, 0, 55.755, 57.452, 55.755, 57.452, 1, 49.456, 49.456, 0.025, 0.267, 94.438, 97.313, 94.438, 97.313, 5.141, 7.377, 11.382, , , 1, 3.757, 0.179, 0, 12.5, 2.977, 187, 0, 0, 0, 66, 17.788, 18.395, 115.261, 101.621, 100, 0, 0, 27.744, 28.872, 100, 4.415, 94.604, 0, 0, 97.848, 47.198, 0, 0, 0.179, 0, 0, 14, 0, 12.5, 0, 2.977, 187, 0, 0, 0, 66, 1, 0.018, 0.019, 115.261, 101.621, 100, 0, 0, 141, 27.744, 28.872, 100, 4.415, 0, 94.604, 0, 0, 97.848, 47.198, 0, 0, 0, 0, 
3.75, 24.035, 100.576, 62.15, 62.843, , 18.218, 0.97, 210.692, 210.692, 3.043, 434.166, 434.166, 434.166, 62.731, 69.331, 36.236, 37.115, 7.377, 11.43, 0, 0, 56.551, 58.274, 56.551, 58.274, 1, 50.346, 50.346, 0.025, 0.267, 94.063, 96.929, 94.063, 96.929, 5.154, 7.377, 11.43, , , 1, 3.807, 0.039, 0, 12.5, 3.043, 187, 0, 0, 0, 66, 17.766, 18.485, 114.901, 101.769, 100, 0, 0, 27.944, 28.972, 100, 4.411, 95.304, 0, 0, 98.748, 48.192, 0, 0, 0.039, 0, 0, 14, 0, 12.5, 0, 3.043, 187, 0, 0, 0, 66, 1, 0.018, 0.019, 114.901, 101.769, 100, 0, 0, 141, 27.944, 28.972, 100, 4.411, 0, 95.304, 0, 0, 98.748, 48.192, 0, 0, 0, 0, 
3.8, 24.034, 100.576, 62.15, 62.842, , 17.026, 0.97, 214.284, 214.284, 3.105, 405.891, 405.891, 405.891, 62.787, 70.155, 36.092, 36.934, 7.377, 11.485, 0, 0, 53.602, 55.236, 53.602, 55.236, 1, 51.224, 51.224, 0.025, 0.267, 87.853, 90.529, 87.853, 90.529, 5.166, 7.377, 11.485, , , 1, 3.857, 0, 0.003, 12.5, 3.105, 187, 0, 0, 0, 66, 17.846, 18.582, 114.8, 101.863, 100, 0, 0, 28.072, 29, 100, 4.413, 96.004, 0, 0, 99.504, 49.096, 0, 0, 0, 0, 0, 14, 0.003, 12.5, 0, 3.105, 187, 0, 0, 0, 66, 1, 0.018, 0.019, 114.8, 101.863, 100, 0, 0, 141, 28.072, 29, 100, 4.413, 0, 96.004, 0, 0, 99.504, 49.096, 0, 0, 0, 0, 
3.85, 24.034, 100.576, 62.15, 62.84, , 14.329, 0.97, 217.911, 217.911, 3.164, 341.932, 341.932, 341.932, 62.921, 70.98, 35.947, 36.754, 7.377, 11.529, 0, 0, 45.655, 47.046, 45.655, 47.046, 1, 51.982, 51.982, 0.025, 0.267, 73.958, 76.21, 73.958, 76.21, 5.178, 7.377, 11.529, , , 1, 3.907, 0, 0.007, 12.5, 3.164, 187, 0, 0, 0, 66, 17.966, 18.682, 114.8, 101.937, 100, 0, 0, 28.172, 29, 100, 4.417, 96.704, 0, 0, 100.204, 49.966, 0, 0, 0, 0, 0, 14, 0.007, 12.5, 0, 3.164, 187, 0, 0, 0, 66, 1, 0.018, 0.019, 114.8, 101.937, 100, 0, 0, 141, 28.172, 29, 100, 4.417, 0, 96.704, 0, 0, 100.204, 49.966, 0, 0, 0, 0, 
3.9, 24.033, 100.577, 62.15, 62.839, , 10.078, 0.97, 221.677, 221.677, 3.223, 241.098, 241.098, 241.098, 63.192, 71.805, 35.802, 36.573, 7.377, 11.56, 0, 0, 32.439, 33.427, 32.439, 33.427, 1, 52.577, 52.577, 0.025, 0.268, 52.179, 53.768, 52.179, 53.768, 5.183, 7.377, 11.56, , , 1, 3.957, 0, 0.011, 12.5, 3.223, 187, 0, 0, 0, 66, 18.086, 18.782, 114.8, 102.011, 100, 0, 0, 28.272, 29, 100, 4.421, 97.404, 0, 0, 100.904, 50.836, 0, 0, 0, 0, 0, 14, 0.011, 12.5, 0, 3.223, 187, 0, 0, 0, 66, 1, 0.018, 0.019, 114.8, 102.011, 100, 0, 0, 141, 28.272, 29, 100, 4.421, 0, 97.404, 0, 0, 100.904, 50.836, 0, 0, 0, 0, 
3.95, 24.032, 100.577, 62.15, 62.838, , 4.22, 0.97, 227.251, 227.251, 3.282, 102.136, 102.136, 102.136, 63.856, 72.63, 35.658, 36.392, 7.377, 11.577, 0, 0, 13.782, 14.204, 13.782, 14.204, 1, 52.899, 52.899, 0.025, 0.268, 22.5, 23.187, 22.5, 23.187, 5.187, 7.377, 11.577, , , 1, 4.007, 0, 0.015, 12.5, 3.282, 187, 0, 0, 0, 66, 18.206, 18.882, 114.8, 102.085, 100, 0, 0, 28.372, 29, 100, 4.425, 98.104, 0, 0, 101.604, 51.706, 0, 0, 0, 0, 0, 14, 0.015, 12.5, 0, 3.282, 187, 0, 0, 0, 66, 1, 0.018, 0.019, 114.8, 102.085, 100, 0, 0, 141, 28.372, 29, 100, 4.425, 0, 98.104, 0, 0, 101.604, 51.706, 0, 0, 0, 0, 
4, 24.031, 100.578, 62.15, 62.837, , -0.876, 0.97, 230.234, 230.234, 3.341, -18.777, -18.777, -18.777, 65.012, 73.454, 35.449, 36.32, 7.377, 11.575, 0, 0, -2.581, -2.659, -2.581, -2.659, 1, 52.895, 52.895, 0.025, 0.269, -3.261, -3.359, -3.261, -3.359, 5.19, 7.377, 11.575, , , 1, 4.057, 0, 0.019, 12.5, 3.341, 187, 0, 0, 0, 66, 18.326, 18.982, 114.8, 102.159, 100, 0, 0, 28.472, 29, 100, 4.429, 98.804, 0, 0, 102.304, 52.576, 0, 0, 0, 0, 0, 14, 0.019, 12.5, 0, 3.341, 187, 0, 0, 0, 66, 1, 0.018, 0.019, 114.8, 102.159, 100, 0, 0, 141, 28.472, 29, 100, 4.429, 0, 98.804, 0, 0, 102.304, 52.576, 0, 0, 0, 0, 
4.05, 24.031, 100.578, 62.15, 62.836, , -4.437, 0.97, 233.226, 233.226, 3.381, -103.252, -103.252, -103.252, 65.441, 74.279, 35.198, 36.32, 7.377, 11.576, 0, 0, -14.071, -14.499, -14.071, -14.499, 1, 52.872, 52.872, 0.025, 0.269, -21.111, -21.752, -21.111, -21.752, 5.194, 7.377, 11.576, , , 1, 4.107, 0, 0.043, 12.507, 3.381, 187, 0, 0, 0, 63.912, 16.041, 16.61, 114.541, 89.667, 100, 0, 0, 28.716, 29.144, 85.6, 3.87, 97.992, 0, 0, 102.068, 52.73, 0, 0, 0, 0, 0, 14, 0.043, 12.507, 0, 3.381, 187, 0, 0, 0, 63.912, 1, 0.016, 0.017, 114.541, 89.667, 100, 0, 0, 141, 28.716, 29.144, 85.6, 3.87, 0, 97.992, 0, 0, 102.068, 52.73, 0, 0, 0, 0, 
4.1, 24.03, 100.578, 62.15, 62.835, , -6.194, 0.97, 237.161, 237.161, 3.414, -144.941, -144.941, -144.941, 66.413, 75.104, 34.947, 36.32, 7.377, 11.581, 0, 0, -19.731, -20.332, -19.731, -20.332, 1, 52.585, 52.585, 0.025, 0.269, -29.696, -30.598, -29.696, -30.598, 5.202, 7.377, 11.581, , , 1, 4.157, 0, 0.075, 12.517, 3.414, 187, 0, 0, 0, 61.012, 12.82, 13.276, 114.181, 72.288, 100, 0, 0, 29.016, 29.344, 65.6, 3.092, 96.592, 0, 0, 101.468, 52.605, 0, 0, 0, 0, 0, 14, 0.075, 12.517, 0, 3.414, 187, 0, 0, 0, 61.012, 1, 0.012, 0.013, 114.181, 72.288, 100, 0, 0, 141, 29.016, 29.344, 65.6, 3.092, 0, 96.592, 0, 0, 101.468, 52.605, 0, 0, 0, 0, 
4.15, 24.029, 100.579, 62.15, 62.834, , -6.479, 0.97, 241.044, 241.044, 3.446, -151.721, -151.721, -151.721, 67.252, 75.929, 34.696, 36.32, 7.377, 11.74, 0, 0, -20.565, -21.191, -20.565, -21.191, 1, 52.261, 52.261, 0.025, 0.269, -30.811, -31.748, -30.811, -31.748, 5.212, 7.377, 11.74, , , 1, 4.207, 0, 0.107, 12.527, 3.446, 187, 0, 0, 0, 58.112, 9.599, 9.942, 113.821, 54.909, 100, 0, 0, 29.316, 29.544, 45.6, 2.314, 95.192, 0, 0, 100.868, 52.48, 0, 0, 0, 0, 0, 14, 0.107, 12.527, 0, 3.446, 187, 0, 0, 0, 58.112, 1, 0.009, 0.01, 113.821, 54.909, 100, 0, 0, 141, 29.316, 29.544, 45.6, 2.314, 0, 95.192, 0, 0, 100.868, 52.48, 0, 0, 0, 0, 
4.2, 24.028, 100.579, 62.15, 62.832, , -5.527, 0.97, 244.872, 244.872, 3.479, -129.123, -129.123, -129.123, 67.864, 76.753, 34.445, 36.32, 7.377, 12.111, 0, 0, -17.368, -17.898, -17.368, -17.898, 1, 51.957, 51.957, 0.025, 0.269, -25.873, -26.66, -25.873, -26.66, 5.222, 7.377, 12.111, , , 1, 4.257, 0, 0.139, 12.537, 3.479, 187, 0, 0, 0, 55.212, 6.378, 6.608, 113.461, 37.53, 100, 0, 0, 29.616, 29.744, 25.6, 1.536, 93.792, 0, 0, 100.268, 52.355, 0, 0, 0, 0, 0, 14, 0.139, 12.537, 0, 3.479, 187, 0, 0, 0, 55.212, 1, 0.006, 0.006, 113.461, 37.53, 100, 0, 0, 141, 29.616, 29.744, 25.6, 1.536, 0, 93.792, 0, 0, 100.268, 52.355, 0, 0, 0, 0, 
4.25, 24.028, 100.579, 62.15, 62.831, , -5.003, 0.97, 248.7, 248.7, 3.511, -116.709, -116.709, -116.709, 68.229, 77.578, 34.445, 36.215, 7.377, 12.738, 0, 0, -15.619, -16.095, -15.619, -16.095, 1, 51.689, 51.689, 0.025, 0.269, -23.249, -23.956, -23.249, -23.956, 5.231, 7.377, 12.738, , , 1, 4.308, 0, 0.171, 12.547, 3.511, 187, 0, 0, 0, 52.312, 3.157, 3.274, 113.101, 20.151, 100, 0, 0, 29.916, 29.944, 5.6, 0.758, 92.392, 0, 0, 99.668, 52.23, 0, 0, 0, 0, 0, 14, 0.171, 12.547, 0, 3.511, 187, 0, 0, 0, 52.312, 1, 0.003, 0.003, 113.101, 20.151, 100, 0, 0, 141, 29.916, 29.944, 5.6, 0.758, 0, 92.392, 0, 0, 99.668, 52.23, 0, 0, 0, 0, 
4.3, 24.027, 100.58, 62.15, 62.83, , -4.654, 0.97, 252.527, 252.527, 3.515, -108.426, -108.426, -108.426, 68.373, 78.403, 34.626, 36.034, 7.377, 13.746, 0, 0, -14.45, -14.89, -14.45, -14.89, 1, 51.445, 51.445, 0.025, 0.269, -21.559, -22.213, -21.559, -22.213, 5.247, 7.377, 13.746, , , 1, 4.357, 0, 0.158, 12.543, 3.515, 187, 0, 0, 0, 50.375, 2.251, 2.331, 113, 15.313, 100, 0, 0, 30, 30, 0, 0.538, 92, 0, 0, 99.5, 52.101, 0, 0, 0, 0, 0, 14, 0.158, 12.543, 0, 3.515, 187, 0, 0, 0, 50.375, 1, 0.002, 0.002, 113, 15.313, 100, 0, 0, 141, 30, 30, 0, 0.538, 0, 92, 0, 0, 99.5, 52.101, 0, 0, 0, 0, 
4.35, 24.026, 100.58, 62.15, 62.829, , -4.521, 0.97, 256.325, 256.325, 3.507, -105.27, -105.27, -105.27, 68.381, 79.228, 34.806, 35.854, 7.377, 14.955, 0, 0, -13.963, -14.389, -13.963, -14.389, 1, 51.219, 51.219, 0.025, 0.268, -20.926, -21.56, -20.926, -21.56, 5.267, 7.377, 14.955, , , 1, 4.407, 0, 0.126, 12.532, 3.507, 187, 0, 0, 0, 48.812, 2.246, 2.319, 113, 15.351, 100, 0, 0, 30, 30, 0, 0.536, 92, 0, 0, 99.5, 51.971, 0, 0, 0, 0, 0, 14, 0.126, 12.532, 0, 3.507, 187, 0, 0, 0, 48.812, 1, 0.002, 0.002, 113, 15.351, 100, 0, 0, 141, 30, 30, 0, 0.536, 0, 92, 0, 0, 99.5, 51.971, 0, 0, 0, 0, 
4.4, 24.025, 100.579, 62.15, 62.828, , -4.551, 0.97, 260.091, 260.091, 3.5, -106.006, -106.006, -106.006, 68.396, 80.052, 34.987, 35.673, 7.377, 16.491, 0, 0, -13.985, -14.412, -13.985, -14.412, 1, 50.992, 50.992, 0.025, 0.268, -21.067, -21.705, -21.067, -21.705, 5.286, 7.377, 16.491, , , 1, 4.457, 0, 0.095, 12.522, 3.5, 187, 0, 0, 0, 47.25, 2.241, 2.306, 113, 15.39, 100, 0, 0, 30, 30, 0, 0.534, 92, 0, 0, 99.5, 51.841, 0, 0, 0, 0, 0, 14, 0.095, 12.522, 0, 3.5, 187, 0, 0, 0, 47.25, 1, 0.002, 0.002, 113, 15.39, 100, 0, 0, 141, 30, 30, 0, 0.534, 0, 92, 0, 0, 99.5, 51.841, 0, 0, 0, 0, 
4.45, 24.025, 100.579, 62.15, 62.827, , -4.561, 0.97, 263.857, 263.857, 3.492, -106.25, -106.25, -106.25, 68.416, 80.877, 35.168, 35.492, 7.377, 17.983, 0, 0, -13.942, -14.368, -13.942, -14.368, 1, 50.762, 50.762, 0.025, 0.267, -21.107, -21.748, -21.107, -21.748, 5.306, 7.377, 17.983, , , 1, 4.507, 0, 0.064, 12.511, 3.492, 187, 0, 0, 0, 45.688, 2.236, 2.293, 113, 15.428, 100, 0, 0, 30, 30, 0, 0.532, 92, 0, 0, 99.5, 51.711, 0, 0, 0, 0, 0, 14, 0.064, 12.511, 0, 3.492, 187, 0, 0, 0, 45.688, 1, 0.002, 0.002, 113, 15.428, 100, 0, 0, 141, 30, 30, 0, 0.532, 0, 92, 0, 0, 99.5, 51.711, 0, 0, 0, 0, 
4.5, 24.024, 100.579, 62.15, 62.826, , -4.834, 0.97, 267.623, 267.623, 3.485, -112.73, -112.73, -112.73, 68.449, 81.702, 35.132, 35.398, 7.377, 19.388, 0, 0, -14.726, -15.175, -14.726, -15.175, 1, 50.527, 50.527, 0.025, 0.267, -22.381, -23.061, -22.381, -23.061, 5.317, 7.377, 19.388, , , 1, 4.557, 0, 0.032, 12.501, 3.485, 187, 0, 0, 0, 44.125, 2.23, 2.281, 113, 15.467, 100, 0, 0, 30, 30, 0, 0.53, 92, 0, 0, 99.5, 51.58, 0, 0, 0, 0, 0, 14, 0.032, 12.501, 0, 3.485, 187, 0, 0, 0, 44.125, 1, 0.002, 0.002, 113, 15.467, 100, 0, 0, 141, 30, 30, 0, 0.53, 0, 92, 0, 0, 99.5, 51.58, 0, 0, 0, 0, 
4.55, 24.023, 100.578, 62.15, 62.824, , -5.197, 0.97, 271.344, 271.344, 3.471, -121.332, -121.332, -121.332, 68.5, 82.527, 34.953, 35.363, 7.377, 20.596, 0, 0, -15.78, -16.261, -15.78, -16.261, 1, 50.277, 50.277, 0.025, 0.267, -24.072, -24.803, -24.072, -24.803, 5.321, 7.377, 20.596, , , 1, 4.607, 0, 0.03, 12.518, 3.471, 187, 0, 0, 0, 42.528, 1.82, 1.86, 113, 15.198, 100, 0, 0, 28.804, 28.804, 0, 0.534, 91.816, 0, 0, 99.224, 51.342, 0, 0, 0, 0, 0, 14, 0.03, 12.518, 0, 3.471, 187, 0, 0, 0, 42.528, 1, 0.002, 0.002, 113, 15.197, 100, 0, 0, 141, 28.804, 28.804, 0, 0.534, 0, 91.816, 0, 0, 99.224, 51.342, 0, 0, 0, 0, 
4.6, 24.022, 100.578, 62.15, 62.823, , -5.362, 0.97, 275.05, 275.05, 3.457, -125.256, -125.256, -125.256, 68.564, 83.352, 34.774, 35.327, 7.377, 21.385, 0, 0, -16.213, -16.706, -16.213, -16.706, 1, 50.006, 50.006, 0.025, 0.268, -24.833, -25.588, -24.833, -25.588, 5.324, 7.377, 21.385, , , 1, 4.657, 0, 0.03, 12.538, 3.457, 187, 0, 0, 0, 40.928, 1.374, 1.404, 113, 14.902, 100, 0, 0, 27.504, 27.504, 0, 0.538, 91.616, 0, 0, 98.924, 51.094, 0, 0, 0, 0, 0, 14, 0.03, 12.538, 0, 3.457, 187, 0, 0, 0, 40.928, 1, 0.001, 0.001, 113, 14.899, 100, 0, 0, 141, 27.504, 27.504, 0, 0.538, 0, 91.616, 0, 0, 98.924, 51.094, 0, 0, 0, 0, 
4.65, 24.021, 100.578, 62.15, 62.822, , -5.296, 0.97, 278.743, 278.743, 3.443, -123.705, -123.705, -123.705, 68.593, 84.176, 34.595, 35.291, 7.377, 22.004, 0, 0, -15.924, -16.407, -15.924, -16.407, 1, 49.735, 49.735, 0.024, 0.268, -24.513, -25.258, -24.513, -25.258, 5.327, 7.377, 22.004, , , 1, 4.707, 0, 0.03, 12.558, 3.443, 187, 0, 0, 0, 39.328, 0.928, 0.948, 113, 14.606, 100, 0, 0, 26.204, 26.204, 0, 0.542, 91.416, 0, 0, 98.624, 50.846, 0, 0, 0, 0, 0, 14, 0.03, 12.558, 0, 3.443, 187, 0, 0, 0, 39.328, 1, 0.001, 0.001, 113, 14.602, 100, 0, 0, 141, 26.204, 26.204, 0, 0.542, 0, 91.416, 0, 0, 98.624, 50.846, 0, 0, 0, 0, 
4.7, 24.021, 100.577, 62.15, 62.821, , -5.224, 0.97, 282.393, 282.393, 3.428, -121.989, -121.989, -121.989, 68.593, 85.001, 34.415, 35.255, 7.377, 22.228, 0, 0, -15.617, -16.09, -15.617, -16.09, 1, 49.469, 49.469, 0.024, 0.269, -24.171, -24.907, -24.171, -24.907, 5.338, 7.377, 22.228, , , 1, 4.757, 0, 0.03, 12.578, 3.428, 187, 0, 0, 0, 37.728, 0.482, 0.492, 113, 14.31, 100, 0, 0, 24.904, 24.904, 0, 0.546, 91.216, 0, 0, 98.324, 50.598, 0, 0, 0, 0, 0, 14, 0.03, 12.578, 0, 3.428, 187, 0, 0, 0, 37.728, 1, 0, 0, 113, 14.305, 100, 0, 0, 141, 24.904, 24.904, 0, 0.546, 0, 91.216, 0, 0, 98.324, 50.598, 0, 0, 0, 0, 
4.75, 24.02, 100.577, 62.15, 62.82, , -5.213, 0.97, 286.042, 286.042, 3.414, -121.74, -121.74, -121.74, 68.566, 85.826, 34.466, 35.24, 7.377, 22.39, 0, 0, -15.504, -15.972, -15.504, -15.972, 1, 49.205, 49.205, 0.025, 0.27, -24.133, -24.866, -24.133, -24.866, 5.36, 7.377, 22.39, , , 1, 4.808, 0, 0.03, 12.598, 3.414, 187, 0, 0, 0, 36.128, 0.036, 0.036, 113, 14.014, 100, 0, 0, 23.604, 23.604, 0, 0.55, 91.016, 0, 0, 98.024, 50.35, 0, 0, 0, 0, 0, 14, 0.03, 12.598, 0, 3.414, 187, 0, 0, 0, 36.128, 1, 0, 0, 113, 14.008, 100, 0, 0, 141, 23.604, 23.604, 0, 0.55, 0, 91.016, 0, 0, 98.024, 50.35, 0, 0, 0, 0, 
4.8, 24.021, 100.576, 62.15, 62.82, , -3.531, 0.97, 289.69, 289.69, 3.391, -81.832, -81.832, -81.832, 68.509, 86.651, 34.683, 35.24, 7.377, 22.39, 0, 0, -10.41, -10.723, -10.41, -10.723, 1, 48.946, 48.946, 0.025, 0.271, -16.188, -16.679, -16.188, -16.679, 5.381, 7.377, 22.39, , , 1, 4.857, 0.067, 0.024, 12.6, 3.391, 187, 0, 0, 0, 38.851, 1.85, 1.94, 112.829, 22.021, 100, 0, 0, 24.07, 23.643, 7.033, 0.915, 91.95, 0, 0, 98.57, 50.271, 0, 0, 0.067, 0, 0, 14, 0.024, 12.6, 0, 3.391, 187, 0, 0, 0, 38.851, 1, 0.002, 0.002, 112.829, 22.162, 100, 0, 0, 141, 24.07, 23.643, 7.033, 0.915, 0, 91.95, 0, 0, 98.57, 50.271, 0, 0, 0, 0, 
4.85, 24.022, 100.576, 62.15, 62.82, , 0.472, 0.97, 293.316, 293.316, 3.367, 13.115, 13.115, 13.115, 68.292, 87.475, 34.9, 35.24, 7.377, 22.39, 0, 0, 1.748, 1.805, 1.748, 1.805, 1, 48.844, 48.844, 0.025, 0.273, 3.017, 3.111, 3.017, 3.111, 5.403, 7.377, 22.39, , , 1, 4.907, 0.139, 0.018, 12.6, 3.367, 187, 0, 0, 0, 41.95, 3.86, 4.048, 112.643, 30.75, 100, 0, 0, 24.69, 23.798, 14.678, 1.312, 92.983, 0, 0, 99.19, 50.207, 0, 0, 0.139, 0, 0, 14, 0.018, 12.6, 0, 3.367, 187, 0, 0, 0, 41.95, 1, 0.004, 0.004, 112.643, 30.855, 100, 0, 0, 141, 24.69, 23.798, 14.678, 1.312, 0, 92.983, 0, 0, 99.19, 50.207, 0, 0, 0, 0, 
4.9, 24.022, 100.576, 62.15, 62.82, , 6.591, 0.97, 296.908, 296.908, 3.343, 158.298, 158.298, 158.298, 67.727, 88.3, 35.116, 35.24, 7.377, 22.39, 0, 0, 20.458, 21.086, 20.458, 21.086, 1, 49.041, 49.041, 0.025, 0.273, 32.7, 33.695, 32.7, 33.695, 5.423, 7.377, 22.39, , , 1, 4.957, 0.211, 0.012, 12.6, 3.343, 187, 0, 0, 0, 45.05, 5.87, 6.157, 112.457, 39.48, 100, 0, 0, 25.31, 23.952, 22.322, 1.708, 94.017, 0, 0, 99.81, 50.143, 0, 0, 0.211, 0, 0, 14, 0.012, 12.6, 0, 3.343, 187, 0, 0, 0, 45.05, 1, 0.006, 0.006, 112.457, 39.549, 100, 0, 0, 141, 25.31, 23.952, 22.322, 1.708, 0, 94.017, 0, 0, 99.81, 50.143, 0, 0, 0, 0, 
4.95, 24.023, 100.575, 62.15, 62.82, , 11.084, 0.97, 300.501, 300.501, 3.319, 264.902, 264.902, 264.902, 66.911, 89.125, 35.333, 35.24, 7.377, 22.305, 0, 0, 34.464, 35.518, 34.464, 35.518, 1, 49.469, 49.469, 0.025, 0.274, 54.97, 56.644, 54.97, 56.644, 5.442, 7.377, 22.305, , , 1, 5.007, 0.283, 0.006, 12.6, 3.319, 187, 0, 0, 0, 48.149, 7.88, 8.265, 112.271, 48.209, 100, 0, 0, 25.93, 24.107, 29.967, 2.105, 95.05, 0, 0, 100.43, 50.079, 0, 0, 0.283, 0, 0, 14, 0.006, 12.6, 0, 3.319, 187, 0, 0, 0, 48.149, 1, 0.008, 0.008, 112.271, 48.242, 100, 0, 0, 141, 25.93, 24.107, 29.967, 2.105, 0, 95.05, 0, 0, 100.43, 50.079, 0, 0, 0, 0, 
5, 24.024, 100.575, 62.15, 62.82, , 15.769, 0.97, 304.049, 304.049, 3.3, 376.068, 376.068, 376.068, 65.923, 89.95, 35.334, 35.218, 7.377, 21.949, 0, 0, 49.268, 50.771, 49.268, 50.771, 1, 50.097, 50.097, 0.025, 0.274, 78.511, 80.9, 78.511, 80.9, 5.461, 7.377, 21.949, , , 1, 5.057, 0.353, 0, 12.598, 3.3, 187, 0, 0, 0, 51.288, 9.915, 10.394, 112.117, 57.056, 100, 0, 0, 26.562, 24.308, 37.962, 2.507, 96.111, 0, 0, 101.072, 50.092, 0, 0, 0.353, 0, 0, 14, 0, 12.598, 0, 3.3, 187, 0, 0, 0, 51.288, 1, 0.01, 0.01, 112.117, 57.092, 100, 0, 0, 141, 26.562, 24.308, 37.715, 2.507, 0, 96.111, 0, 0, 101.072, 50.092, 0, 0, 0, 0, 
5.05, 24.025, 100.574, 62.15, 62.82, , 19.19, 0.97, 307.613, 307.613, 3.334, 457.245, 457.245, 457.245, 64.889, 90.774, 35.191, 35.183, 7.377, 21.466, 0, 0, 60.434, 62.277, 60.434, 62.277, 1, 50.966, 50.966, 0.025, 0.274, 96.091, 99.015, 96.091, 99.015, 5.479, 7.377, 21.466, , , 1, 5.107, 0.386, 0, 12.574, 3.334, 187, 0, 0, 0, 54.894, 12.225, 12.758, 112.334, 67.262, 100, 0, 0, 27.344, 25.029, 49.981, 2.974, 97.493, 0, 0, 101.974, 50.987, 0, 0, 0.386, 0, 0, 14, 0, 12.574, 0, 3.334, 187, 0, 0, 0, 54.894, 1, 0.012, 0.013, 112.334, 67.743, 100, 0, 0, 141, 27.344, 25.029, 46.652, 2.974, 0, 97.493, 0, 0, 101.974, 50.987, 0, 0, 0, 0, 
5.1, 24.025, 100.574, 62.15, 62.82, , 20.58, 0.97, 311.56, 311.56, 3.367, 490.22, 490.22, 490.22, 63.935, 91.599, 35.047, 35.147, 7.378, 20.535, 0, 0, 65.728, 67.732, 65.728, 67.732, 1, 52.309, 52.309, 0.025, 0.274, 103.887, 107.049, 103.887, 107.049, 5.495, 7.378, 20.535, , , 1, 5.157, 0.42, 0, 12.55, 3.367, 187, 0, 0, 0, 58.5, 14.535, 15.122, 112.55, 77.467, 100, 0, 0, 28.125, 25.75, 62, 3.44, 98.875, 0, 0, 102.875, 51.883, 0, 0, 0.42, 0, 0, 14, 0, 12.55, 0, 3.367, 187, 0, 0, 0, 58.5, 1, 0.014, 0.015, 112.55, 78.394, 100, 0, 0, 141, 28.125, 25.75, 55.589, 3.44, 0, 98.875, 0, 0, 102.875, 51.883, 0, 0, 0, 0, 
5.15, 24.026, 100.574, 62.15, 62.82, , 19.218, 0.97, 317.119, 317.119, 3.4, 457.957, 457.957, 457.957, 63.345, 92.424, 34.904, 35.111, 7.378, 19.489, 0, 0, 63.326, 65.254, 63.326, 65.254, 1, 53.469, 53.469, 0.025, 0.274, 98.29, 101.281, 98.29, 101.281, 5.479, 7.378, 19.489, , , 1, 5.207, 0.454, 0, 12.526, 3.4, 187, 0, 0, 0, 62.106, 16.845, 17.487, 112.766, 87.672, 100, 0, 0, 28.906, 26.471, 74.019, 3.906, 100.257, 0, 0, 103.776, 52.778, 0, 0, 0.454, 0, 0, 14, 0, 12.526, 0, 3.4, 187, 0, 0, 0, 62.106, 1, 0.017, 0.017, 112.766, 89.045, 100, 0, 0, 141, 28.906, 26.471, 64.527, 3.906, 0, 100.257, 0, 0, 103.776, 52.778, 0, 0, 0, 0, 
5.2, 24.027, 100.573, 62.15, 62.82, , 19.246, 0.97, 321.028, 321.028, 3.434, 458.625, 458.625, 458.625, 63.108, 93.249, 34.76, 35.075, 7.379, 17.982, 0, 0, 64.589, 66.555, 64.589, 66.555, 1, 54.386, 54.386, 0.025, 0.273, 98.78, 101.787, 98.78, 101.787, 5.463, 7.379, 17.982, , , 1, 5.257, 0.487, 0, 12.502, 3.434, 187, 0, 0, 0, 65.712, 19.155, 19.851, 112.983, 97.878, 100, 0, 0, 29.688, 27.192, 86.038, 4.373, 101.639, 0, 0, 104.678, 53.673, 0, 0, 0.487, 0, 0, 14, 0, 12.502, 0, 3.434, 187, 0, 0, 0, 65.712, 1, 0.019, 0.02, 112.983, 99.696, 100, 0, 0, 141, 29.688, 27.192, 73.464, 4.373, 0, 101.639, 0, 0, 104.678, 53.673, 0, 0, 0, 0, 
5.25, 24.028, 100.573, 62.15, 62.82, , 19.268, 0.97, 324.879, 324.879, 3.466, 459.175, 459.175, 459.175, 63.003, 94.073, 34.805, 35.144, 7.379, 16.5, 0, 0, 65.77, 67.772, 65.77, 67.772, 1, 55.309, 55.309, 0.025, 0.273, 99.065, 102.08, 99.065, 102.08, 5.447, 7.379, 16.5, , , 1, 5.307, 0.45, 0, 12.5, 3.466, 187, 0, 0, 0, 66, 19.317, 19.969, 113, 99.21, 100, 0, 0, 29.702, 27.585, 89.492, 4.414, 101.702, 0, 0, 104.702, 54.281, 0, 0, 0.45, 0, 0, 14, 0, 12.5, 0, 3.466, 187, 0, 0, 0, 66, 1, 0.019, 0.02, 113, 100.696, 100, 0, 0, 141, 29.702, 27.585, 79.071, 4.414, 0, 101.702, 0, 0, 104.702, 54.281, 0, 0, 0, 0, 
5.3, 24.028, 100.573, 62.15, 62.82, , 19.432, 0.97, 328.803, 328.803, 3.498, 463.089, 463.089, 463.089, 62.86, 94.898, 34.986, 35.288, 7.38, 15.132, 0, 0, 67.44, 69.493, 67.44, 69.493, 1, 56.241, 56.241, 0.025, 0.273, 100.149, 103.196, 100.149, 103.196, 5.431, 7.38, 15.132, , , 1, 5.357, 0.406, 0, 12.5, 3.498, 187, 0, 0, 0, 66, 19.292, 19.892, 113, 99.975, 100, 0, 0, 29.65, 27.95, 92.2, 4.418, 101.65, 0, 0, 104.65, 54.863, 0, 0, 0.406, 0, 0, 14, 0, 12.5, 0, 3.498, 187, 0, 0, 0, 66, 1, 0.019, 0.02, 113, 101.081, 100, 0, 0, 141, 29.65, 27.95, 84.465, 4.418, 0, 101.65, 0, 0, 104.65, 54.863, 0, 0, 0, 0, 
5.35, 24.029, 100.572, 62.15, 62.82, , 19.692, 0.97, 332.802, 332.802, 3.53, 469.265, 469.265, 469.265, 62.587, 95.723, 35.166, 35.433, 7.38, 13.858, 0, 0, 69.448, 71.561, 69.448, 71.561, 1, 57.191, 57.191, 0.025, 0.272, 101.907, 105.007, 101.907, 105.007, 5.429, 7.38, 13.858, , , 1, 5.407, 0.362, 0, 12.5, 3.53, 187, 0, 0, 0, 66, 19.267, 19.815, 113, 100.741, 100, 0, 0, 29.598, 28.315, 94.908, 4.422, 101.598, 0, 0, 104.598, 55.445, 0, 0, 0.362, 0, 0, 14, 0, 12.5, 0, 3.53, 187, 0, 0, 0, 66, 1, 0.019, 0.02, 113, 101.465, 100, 0, 0, 141, 29.598, 28.315, 89.859, 4.422, 0, 101.598, 0, 0, 104.598, 55.445, 0, 0, 0, 0, 
5.4, 24.03, 100.572, 62.15, 62.82, , 19.715, 0.97, 336.899, 336.899, 3.562, 469.833, 469.833, 469.833, 62.213, 96.548, 35.347, 35.578, 7.38, 13.081, 0, 0, 70.682, 72.834, 70.682, 72.834, 1, 58.13, 58.13, 0.025, 0.272, 102.639, 105.763, 102.639, 105.763, 5.431, 7.38, 13.081, , , 1, 5.458, 0.318, 0, 12.5, 3.562, 187, 0, 0, 0, 66, 19.242, 19.738, 113, 101.506, 100, 0, 0, 29.546, 28.679, 97.617, 4.426, 101.546, 0, 0, 104.546, 56.028, 0, 0, 0.318, 0, 0, 14, 0, 12.5, 0, 3.562, 187, 0, 0, 0, 66, 1, 0.019, 0.02, 113, 101.849, 100, 0, 0, 141, 29.546, 28.679, 95.253, 4.426, 0, 101.546, 0, 0, 104.546, 56.028, 0, 0, 0, 0, 
5.45, 24.031, 100.571, 62.15, 62.82, , 19.617, 0.97, 340.997, 340.997, 3.595, 467.538, 467.538, 467.538, 61.74, 97.373, 35.528, 35.722, 7.379, 12.373, 0, 0, 71.48, 73.656, 71.48, 73.656, 1, 59.071, 59.071, 0.025, 0.272, 102.912, 106.045, 102.912, 106.045, 5.432, 7.379, 12.373, , , 1, 5.507, 0.279, 0, 12.5, 3.595, 187, 0, 0, 0, 65.931, 19.149, 19.594, 112.967, 101.782, 100, 0, 0, 29.532, 29.032, 99.539, 4.412, 101.516, 0, 0, 104.509, 56.603, 0, 0, 0.279, 0, 0, 14, 0, 12.5, 0, 3.595, 187, 0, 0, 0, 65.931, 1, 0.019, 0.02, 112.967, 101.716, 100, 0, 0, 141, 29.532, 29.032, 99.539, 4.412, 0, 101.516, 0, 0, 104.509, 56.603, 0, 0, 0, 0, 
5.5, 24.031, 100.571, 62.15, 62.82, , 19.625, 0.97, 345.243, 345.243, 3.638, 467.76, 467.76, 467.76, 61.193, 98.197, 35.557, 35.695, 7.379, 12.175, 0, 0, 72.66, 74.873, 72.66, 74.873, 1, 60.026, 60.026, 0.025, 0.271, 103.923, 107.087, 103.923, 107.087, 5.433, 7.379, 12.175, , , 1, 5.557, 0.269, 0.001, 12.5, 3.638, 187, 0, 0, 0, 65.355, 18.553, 18.958, 112.69, 98.466, 100, 0, 0, 29.801, 29.301, 95.699, 4.263, 101.651, 0, 0, 104.586, 57.128, 0, 0, 0.269, 0, 0, 14, 0.001, 12.5, 0, 3.638, 187, 0, 0, 0, 65.355, 1, 0.018, 0.019, 112.69, 98.405, 100, 0, 0, 141, 29.801, 29.301, 95.699, 4.263, 0, 101.651, 0, 0, 104.586, 57.128, 0, 0, 0, 0, 
5.55, 24.032, 100.571, 62.15, 62.82, , 19.656, 0.97, 349.489, 349.489, 3.68, 468.5, 468.5, 468.5, 60.63, 99.022, 35.486, 35.552, 7.378, 11.999, 0, 0, 73.923, 76.173, 73.923, 76.173, 1, 60.984, 60.984, 0.025, 0.271, 105.038, 108.237, 105.038, 108.237, 5.44, 7.378, 11.999, , , 1, 5.608, 0.259, 0.002, 12.5, 3.68, 187, 0, 0, 0, 64.779, 17.958, 18.323, 112.414, 95.15, 100, 0, 0, 30.07, 29.57, 91.859, 4.114, 101.785, 0, 0, 104.663, 57.654, 0, 0, 0.259, 0, 0, 14, 0.002, 12.5, 0, 3.68, 187, 0, 0, 0, 64.779, 1, 0.018, 0.019, 112.414, 95.095, 100, 0, 0, 141, 30.07, 29.57, 91.859, 4.114, 0, 101.785, 0, 0, 104.663, 57.654, 0, 0, 0, 0, 
5.6, 24.033, 100.57, 62.15, 62.82, , 19.619, 0.97, 353.866, 353.866, 3.723, 467.66, 467.66, 467.66, 60.09, 92.377, 35.415, 35.41, 7.378, 12.025, 0, 0, 74.933, 77.216, 74.933, 77.216, 1, 61.933, 61.933, 0.025, 0.27, 105.786, 109.007, 105.786, 109.007, 5.448, 7.378, 12.025, , , 1, 5.658, 0.249, 0.002, 12.5, 3.723, 187, 0, 0, 0, 64.203, 17.363, 17.687, 112.137, 91.834, 100, 0, 0, 30.339, 29.839, 88.018, 3.965, 101.919, 0, 0, 104.74, 58.179, 0, 0, 0.249, 0, 0, 14, 0.002, 12.5, 0, 3.723, 187, 0, 0, 0, 64.203, 1, 0.017, 0.018, 112.137, 91.784, 100, 0, 0, 141, 30.339, 29.839, 88.018, 3.965, 0, 101.919, 0, 0, 104.74, 58.179, 0, 0, 0, 0, 
5.65, 24.034, 100.57, 62.15, 62.82, , 19.542, 0.97, 358.271, 358.271, 3.766, 465.858, 465.858, 465.858, 59.571, 83.374, 35.344, 35.268, 7.377, 12.05, 0, 0, 75.797, 78.106, 75.797, 78.106, 1, 62.877, 62.877, 0.024, 0.269, 106.306, 109.542, 106.306, 109.542, 5.457, 7.377, 12.05, , , 1, 5.707, 0.239, 0.003, 12.5, 3.766, 187, 0, 0, 0, 63.627, 16.768, 17.051, 111.861, 88.518, 100, 0, 0, 30.608, 30.108, 84.178, 3.816, 102.054, 0, 0, 104.816, 58.704, 0, 0, 0.239, 0, 0, 14, 0.003, 12.5, 0, 3.766, 187, 0, 0, 0, 63.627, 1, 0.017, 0.017, 111.861, 88.473, 100, 0, 0, 141, 30.608, 30.108, 84.178, 3.816, 0, 102.054, 0, 0, 104.816, 58.704, 0, 0, 0, 0, 
5.7, 24.035, 100.57, 62.15, 62.82, , 19.146, 0.97, 362.798, 362.798, 3.808, 456.477, 456.477, 456.477, 59.079, 74.37, 35.273, 35.125, 7.377, 12.068, 0, 0, 75.329, 77.623, 75.329, 77.623, 1, 63.807, 63.807, 0.024, 0.268, 105.001, 108.196, 105.001, 108.196, 5.466, 7.377, 12.068, , , 1, 5.758, 0.229, 0.004, 12.5, 3.808, 187, 0, 0, 0, 63.051, 16.172, 16.416, 111.584, 85.202, 100, 0, 0, 30.876, 30.376, 80.338, 3.667, 102.188, 0, 0, 104.893, 59.23, 0, 0, 0.229, 0, 0, 14, 0.004, 12.5, 0, 3.808, 187, 0, 0, 0, 63.051, 1, 0.016, 0.017, 111.584, 85.162, 100, 0, 0, 141, 30.876, 30.376, 80.338, 3.667, 0, 102.188, 0, 0, 104.893, 59.23, 0, 0, 0, 0, 
5.75, 24.035, 100.571, 62.15, 62.82, , 17.007, 0.97, 367.376, 367.376, 3.851, 405.741, 405.741, 405.741, 58.628, 65.366, 35.181, 35.119, 7.377, 12.084, 0, 0, 67.658, 69.718, 67.658, 69.718, 1, 64.71, 64.71, 0.024, 0.267, 93.869, 96.726, 93.869, 96.726, 5.474, 7.377, 12.084, , , 1, 5.808, 0.219, 0.005, 12.5, 3.851, 187, 0, 0, 0, 62.475, 15.577, 15.78, 111.308, 81.886, 100, 0, 0, 31.145, 30.645, 76.498, 3.518, 102.323, 0, 0, 104.97, 59.755, 0, 0, 0.219, 0, 0, 14, 0.005, 12.5, 0, 3.851, 187, 0, 0, 0, 62.475, 1, 0.015, 0.016, 111.308, 81.851, 100, 0, 0, 141, 31.145, 30.645, 76.498, 3.518, 0, 102.323, 0, 0, 104.97, 59.755, 0, 0, 0, 0, 
5.8, 24.036, 100.571, 62.15, 62.82, , 12.893, 0.97, 372.015, 372.015, 3.894, 308.16, 308.16, 308.16, 58.322, 56.363, 35.072, 35.228, 7.378, 12.079, 0, 0, 51.743, 53.319, 51.743, 53.319, 1, 65.463, 65.463, 0.024, 0.267, 71.591, 73.771, 71.591, 73.771, 5.48, 7.378, 12.079, , , 1, 5.857, 0.209, 0.005, 12.5, 3.894, 187, 0, 0, 0, 61.899, 14.982, 15.145, 111.031, 78.57, 100, 0, 0, 31.414, 30.914, 72.657, 3.369, 102.457, 0, 0, 105.047, 60.28, 0, 0, 0.209, 0, 0, 14, 0.005, 12.5, 0, 3.894, 187, 0, 0, 0, 61.899, 1, 0.015, 0.015, 111.031, 78.54, 100, 0, 0, 141, 31.414, 30.914, 72.657, 3.369, 0, 102.457, 0, 0, 105.047, 60.28, 0, 0, 0, 0, 
5.85, 24.037, 100.572, 62.15, 62.82, , 7.049, 0.97, 378.225, 378.225, 3.936, 169.552, 169.552, 169.552, 58.24, 47.359, 34.962, 35.338, 7.378, 12.072, 0, 0, 28.583, 29.453, 28.583, 29.453, 1, 65.968, 65.968, 0.025, 0.267, 39.652, 40.858, 39.652, 40.858, 5.487, 7.378, 12.072, , , 1, 5.907, 0.199, 0.006, 12.5, 3.936, 187, 0, 0, 0, 61.323, 14.387, 14.509, 110.755, 75.254, 100, 0, 0, 31.683, 31.183, 68.817, 3.22, 102.591, 0, 0, 105.124, 60.806, 0, 0, 0.199, 0, 0, 14, 0.006, 12.5, 0, 3.936, 187, 0, 0, 0, 61.323, 1, 0.014, 0.015, 110.755, 75.229, 100, 0, 0, 141, 31.683, 31.183, 68.817, 3.22, 0, 102.591, 0, 0, 105.124, 60.806, 0, 0, 0, 0, 
5.9, 24.038, 100.572, 62.15, 62.82, , 1.187, 0.97, 382.212, 382.212, 3.979, 30.473, 30.473, 30.473, 58.469, 38.355, 34.853, 35.447, 7.379, 12.041, 0, 0, 5.145, 5.3, 5.145, 5.3, 1, 66.167, 66.167, 0.025, 0.267, 7.541, 7.77, 7.541, 7.77, 5.494, 7.379, 12.041, , , 1, 5.957, 0.189, 0.007, 12.5, 3.979, 187, 0, 0, 0, 60.747, 13.791, 13.874, 110.478, 71.938, 100, 0, 0, 31.952, 31.452, 64.977, 3.071, 102.726, 0, 0, 105.2, 61.331, 0, 0, 0.189, 0, 0, 14, 0.007, 12.5, 0, 3.979, 187, 0, 0, 0, 60.747, 1, 0.014, 0.014, 110.478, 71.918, 100, 0, 0, 141, 31.952, 31.452, 64.977, 3.071, 0, 102.726, 0, 0, 105.2, 61.331, 0, 0, 0, 0, 
5.95, 24.038, 100.572, 62.15, 62.82, , -3.736, 0.97, 386.347, 386.347, 4.022, -86.32, -86.32, -86.32, 59.135, 29.352, 34.744, 35.556, 7.379, 12.013, 0, 0, -14.692, -15.141, -14.692, -15.141, 1, 66.093, 66.093, 0.025, 0.267, -19.435, -20.027, -19.435, -20.027, 5.508, 7.379, 12.013, , , 1, 6.007, 0.179, 0.008, 12.5, 4.022, 187, 0, 0, 0, 60.171, 13.196, 13.238, 110.202, 68.622, 100, 0, 0, 32.22, 31.72, 61.137, 2.922, 102.86, 0, 0, 105.277, 61.856, 0, 0, 0.179, 0, 0, 14, 0.008, 12.5, 0, 4.022, 187, 0, 0, 0, 60.171, 1, 0.013, 0.013, 110.202, 68.607, 100, 0, 0, 141, 32.22, 31.72, 61.137, 2.922, 0, 102.86, 0, 0, 105.277, 61.856, 0, 0, 0, 0, 
6, 24.039, 100.573, 62.15, 62.82, , -6.501, 0.97, 391.212, 391.212, 4.064, -151.932, -151.932, -151.932, 60.212, 20.348, 34.765, 35.622, 7.38, 12.139, 0, 0, -25.86, -26.651, -25.86, -26.651, 1, 65.818, 65.818, 0.025, 0.268, -34.331, -35.376, -34.331, -35.376, 5.562, 7.38, 12.139, , , 1, 6.057, 0.169, 0.009, 12.5, 4.064, 187, 0, 0, 0, 59.594, 12.601, 12.603, 109.925, 65.305, 100, 0, 0, 32.489, 31.989, 57.296, 2.773, 102.995, 0, 0, 105.354, 62.382, 0, 0, 0.169, 0, 0, 14, 0.009, 12.5, 0, 4.064, 187, 0, 0, 0, 59.594, 1, 0.013, 0.013, 109.925, 65.296, 100, 0, 0, 141, 32.489, 31.989, 57.296, 2.773, 0, 102.995, 0, 0, 105.354, 62.382, 0, 0, 0, 0, 
6.05, 24.04, 100.573, 62.15, 62.82, , -7.246, 0.97, 396.077, 396.077, 4.107, -169.605, -169.605, -169.605, 61.606, 11.345, 34.872, 35.657, 7.38, 12.265, 0, 0, -28.78, -29.659, -28.78, -29.659, 1, 65.461, 65.461, 0.025, 0.269, -37.796, -38.945, -37.796, -38.945, 5.616, 7.38, 12.265, , , 1, 6.107, 0.159, 0.009, 12.5, 4.107, 187, 0, 0, 0, 59.018, 12.006, 11.967, 109.649, 61.989, 100, 0, 0, 32.758, 32.258, 53.456, 2.624, 103.129, 0, 0, 105.431, 62.907, 0, 0, 0.159, 0, 0, 14, 0.009, 12.5, 0, 4.107, 187, 0, 0, 0, 59.018, 1, 0.012, 0.012, 109.649, 61.985, 100, 0, 0, 141, 32.758, 32.258, 53.456, 2.624, 0, 103.129, 0, 0, 105.431, 62.907, 0, 0, 0, 0, 
6.1, 24.04, 100.574, 62.15, 62.82, , -6.324, 0.97, 400.942, 400.942, 4.15, -147.731, -147.731, -147.731, 63.234, 2.341, 34.98, 35.693, 7.38, 12.828, 0, 0, -24.913, -25.675, -24.913, -25.675, 1, 65.111, 65.111, 0.025, 0.27, -31.965, -32.935, -31.965, -32.935, 5.67, 7.38, 12.828, , , 1, 6.157, 0.147, 0.01, 12.5, 4.15, 187, 0, 0, 0, 58.343, 11.288, 11.21, 109.362, 58.114, 100, 0, 0, 33.042, 32.552, 48.95, 2.449, 103.172, 0, 0, 105.437, 63.419, 0, 0, 0.147, 0, 0, 14, 0.01, 12.5, 0, 4.15, 187, 0, 0, 0, 58.343, 1, 0.011, 0.011, 109.362, 58.114, 100, 0, 0, 141, 33.042, 32.552, 48.95, 2.449, 0, 103.172, 0, 0, 105.437, 63.419, 0, 0, 0, 0, 
6.15, 24.04, 100.574, 62.15, 62.82, , -5.745, 0.97, 405.722, 405.722, 4.199, -134.004, -134.004, -134.004, 64.876, 0, 35.087, 35.729, 7.379, 13.392, 0, 0, -22.473, -23.158, -22.473, -23.158, 1, 64.809, 64.809, 0.025, 0.27, -28.106, -28.96, -28.106, -28.96, 5.728, 7.379, 13.392, , , 1, 6.207, 0.115, 0.012, 12.5, 4.199, 187, 0, 0, 0, 56.774, 9.466, 9.355, 108.986, 49.199, 100, 0, 0, 33.46, 33.075, 38.445, 2.044, 102.387, 0, 0, 104.81, 63.808, 0, 0, 0.115, 0, 0, 14, 0.012, 12.5, 0, 4.199, 187, 0, 0, 0, 56.774, 1, 0.01, 0.01, 108.986, 49.199, 100, 0, 0, 141, 33.46, 33.075, 38.445, 2.044, 0, 102.387, 0, 0, 104.81, 63.808, 0, 0, 0, 0, 
6.2, 24.04, 100.574, 62.15, 62.82, , -5.768, 0.97, 410.488, 410.488, 4.247, -134.573, -134.573, -134.573, 66.222, 0, 35.195, 35.765, 7.379, 14.546, 0, 0, -22.467, -23.15, -22.467, -23.15, 1, 64.517, 64.517, 0.025, 0.269, -27.629, -28.471, -27.629, -28.471, 5.807, 7.379, 14.546, , , 1, 6.257, 0.084, 0.014, 12.5, 4.247, 187, 0, 0, 0, 55.205, 7.643, 7.5, 108.609, 40.284, 100, 0, 0, 33.879, 33.598, 27.941, 1.638, 101.603, 0, 0, 104.182, 64.197, 0, 0, 0.084, 0, 0, 14, 0.014, 12.5, 0, 4.247, 187, 0, 0, 0, 55.205, 1, 0.008, 0.008, 108.609, 40.284, 100, 0, 0, 141, 33.879, 33.598, 27.941, 1.638, 0, 101.603, 0, 0, 104.182, 64.197, 0, 0, 0, 0, 
6.25, 24.04, 100.575, 62.15, 62.82, , -5.802, 0.97, 415.253, 415.253, 4.295, -135.371, -135.371, -135.371, 67.202, 0, 35.282, 35.759, 7.378, 15.713, 0, 0, -22.505, -23.189, -22.505, -23.189, 1, 64.227, 64.227, 0.025, 0.269, -27.394, -28.229, -27.394, -28.229, 5.885, 7.378, 15.713, , , 1, 6.307, 0.053, 0.016, 12.5, 4.295, 187, 0, 0, 0, 53.636, 5.821, 5.646, 108.233, 31.369, 100, 0, 0, 34.297, 34.121, 17.437, 1.232, 100.818, 0, 0, 103.554, 64.586, 0, 0, 0.053, 0, 0, 14, 0.016, 12.5, 0, 4.295, 187, 0, 0, 0, 53.636, 1, 0.006, 0.006, 108.233, 31.369, 100, 0, 0, 141, 34.297, 34.121, 17.437, 1.232, 0, 100.818, 0, 0, 103.554, 64.586, 0, 0, 0, 0, 
6.3, 24.04, 100.575, 62.15, 62.82, , -5.617, 0.97, 420.018, 420.018, 4.343, -130.989, -130.989, -130.989, 67.829, 1.824, 35.354, 35.723, 7.378, 17.124, 0, 0, -21.684, -22.343, -21.684, -22.343, 1, 63.94, 63.94, 0.025, 0.268, -26.253, -27.055, -26.253, -27.055, 5.964, 7.378, 17.124, , , 1, 6.357, 0.021, 0.019, 12.5, 4.343, 187, 0, 0, 0, 52.067, 3.999, 3.791, 107.856, 22.454, 100, 0, 0, 34.715, 34.644, 6.933, 0.826, 100.033, 0, 0, 102.927, 64.975, 0, 0, 0.021, 0, 0, 14, 0.019, 12.5, 0, 4.343, 187, 0, 0, 0, 52.067, 1, 0.004, 0.004, 107.856, 22.454, 100, 0, 0, 141, 34.715, 34.644, 6.933, 0.826, 0, 100.033, 0, 0, 102.927, 64.975, 0, 0, 0, 0, 
6.35, 24.04, 100.575, 62.15, 62.82, , -5.456, 0.97, 424.693, 424.693, 4.369, -127.196, -127.196, -127.196, 68.097, 6.167, 35.427, 35.687, 7.377, 18.545, 0, 0, -20.963, -21.6, -20.963, -21.6, 1, 63.66, 63.66, 0.025, 0.267, -25.385, -26.16, -25.385, -26.16, 6.043, 7.377, 18.545, , , 1, 6.407, 0, 0.019, 12.5, 4.369, 187, 0, 0, 0, 50.077, 2.59, 2.374, 107.6, 16.498, 100, 0, 0, 35, 35, 0, 0.55, 99.469, 0, 0, 102.469, 65.126, 0, 0, 0, 0, 0, 14, 0.019, 12.5, 0, 4.369, 187, 0, 0, 0, 50.077, 1, 0.003, 0.003, 107.6, 16.498, 100, 0, 0, 141, 35, 35, 0, 0.55, 0, 99.469, 0, 0, 102.469, 65.126, 0, 0, 0, 0, 
6.4, 24.04, 100.576, 62.15, 62.82, , -5.49, 0.97, 429.453, 429.453, 4.353, -128, -128, -128, 68.146, 10.51, 35.499, 35.651, 7.378, 19.698, 0, 0, -20.999, -21.639, -20.999, -21.639, 1, 63.384, 63.384, 0.025, 0.267, -25.528, -26.307, -25.528, -26.307, 6.12, 7.378, 19.698, , , 1, 6.457, 0, 0.015, 12.5, 4.353, 187, 0, 0, 0, 47.192, 2.059, 1.888, 107.6, 16.287, 100, 0, 0, 35, 35, 0, 0.55, 99.373, 0, 0, 102.373, 64.768, 0, 0, 0, 0, 0, 14, 0.015, 12.5, 0, 4.353, 187, 0, 0, 0, 47.192, 1, 0.002, 0.002, 107.6, 16.287, 100, 0, 0, 141, 35, 35, 0, 0.55, 0, 99.373, 0, 0, 102.373, 64.768, 0, 0, 0, 0, 
6.45, 24.04, 100.576, 62.15, 62.82, , -5.528, 0.97, 434.127, 434.127, 4.336, -128.902, -128.902, -128.902, 68.166, 16.229, 35.571, 35.614, 7.378, 20.834, 0, 0, -21.044, -21.686, -21.044, -21.686, 1, 63.106, 63.106, 0.025, 0.266, -25.699, -26.483, -25.699, -26.483, 6.196, 7.378, 20.834, , , 1, 6.507, 0, 0.011, 12.5, 4.336, 187, 0, 0, 0, 44.308, 1.529, 1.401, 107.6, 16.075, 100, 0, 0, 35, 35, 0, 0.55, 99.277, 0, 0, 102.277, 64.41, 0, 0, 0, 0, 0, 14, 0.011, 12.5, 0, 4.336, 187, 0, 0, 0, 44.308, 1, 0.002, 0.002, 107.6, 16.075, 100, 0, 0, 141, 35, 35, 0, 0.55, 0, 99.276, 0, 0, 102.277, 64.41, 0, 0, 0, 0, 
6.5, 24.04, 100.577, 62.15, 62.82, , -5.6, 0.97, 438.708, 438.708, 4.32, -130.63, -130.63, -130.63, 68.177, 22.046, 35.497, 35.61, 7.379, 21.454, 0, 0, -21.229, -21.876, -21.229, -21.876, 1, 62.827, 62.827, 0.025, 0.265, -26.039, -26.834, -26.039, -26.834, 6.273, 7.379, 21.454, , , 1, 6.557, 0, 0.007, 12.5, 4.32, 187, 0, 0, 0, 41.423, 0.998, 0.915, 107.6, 15.863, 100, 0, 0, 35, 35, 0, 0.55, 99.181, 0, 0, 102.181, 64.052, 0, 0, 0, 0, 0, 14, 0.007, 12.5, 0, 4.32, 187, 0, 0, 0, 41.423, 1, 0.001, 0.001, 107.6, 15.863, 100, 0, 0, 141, 35, 35, 0, 0.55, 0, 99.18, 0, 0, 102.181, 64.052, 0, 0, 0, 0, 
6.55, 24.04, 100.577, 62.15, 62.82, , -5.644, 0.97, 443.373, 443.373, 4.303, -131.661, -131.661, -131.661, 68.176, 34.904, 35.324, 35.628, 7.381, 22.017, 0, 0, -21.31, -21.959, -21.31, -21.959, 1, 62.541, 62.541, 0.025, 0.264, -26.246, -27.046, -26.246, -27.046, 6.35, 7.381, 22.017, , , 1, 6.607, 0, 0.003, 12.5, 4.303, 187, 0, 0, 0, 38.538, 0.467, 0.428, 107.6, 15.652, 100, 0, 0, 35, 35, 0, 0.55, 99.085, 0, 0, 102.085, 63.695, 0, 0, 0, 0, 0, 14, 0.003, 12.5, 0, 4.303, 187, 0, 0, 0, 38.538, 1, 0.001, 0.001, 107.6, 15.652, 100, 0, 0, 141, 35, 35, 0, 0.55, 0, 99.083, 0, 0, 102.085, 63.695, 0, 0, 0, 0, 
6.6, 24.04, 100.577, 62.15, 62.82, , -2.492, 0.97, 447.957, 447.957, 4.29, -56.907, -56.907, -56.907, 68.081, 51.566, 35.152, 35.645, 7.382, 22.217, 0, 0, -9.232, -9.514, -9.232, -9.514, 1, 62.331, 62.331, 0.025, 0.264, -11.257, -11.601, -11.257, -11.601, 6.4, 7.382, 22.217, , , 1, 6.656, 0.006, 0, 12.5, 4.29, 187, 0, 0, 0, 36.346, 0.24, 0.243, 107.6, 16.588, 100, 0, 0, 34.85, 34.833, 1.346, 0.595, 99.162, 0, 0, 102.138, 63.416, 0, 0, 0.006, 0, 0, 14, 0, 12.5, 0, 4.29, 187, 0, 0, 0, 36.346, 1, 0, 0, 107.6, 16.588, 100, 0, 0, 141, 34.85, 34.833, 1.346, 0.595, 0, 99.188, 0, 0, 102.138, 63.416, 0, 0, 0, 0, 
6.65, 24.04, 100.578, 62.15, 62.82, , 4.156, 0.97, 452.62, 452.62, 4.3, 100.815, 100.815, 100.815, 67.788, 62.536, 34.979, 35.662, 7.384, 22.369, 0, 0, 16.507, 17.01, 16.507, 17.01, 1, 62.364, 62.364, 0.024, 0.264, 20.888, 21.522, 20.888, 21.522, 6.437, 7.384, 22.369, , , 1, 6.707, 0.047, 0, 12.5, 4.3, 187, 0, 0, 0, 39.231, 2.24, 2.264, 107.6, 24.57, 100, 0, 0, 33.6, 33.438, 10.962, 0.966, 100.508, 0, 0, 103.292, 63.715, 0, 0, 0.047, 0, 0, 14, 0, 12.5, 0, 4.3, 187, 0, 0, 0, 39.231, 1, 0.002, 0.002, 107.6, 24.57, 100, 0, 0, 141, 33.6, 33.438, 10.962, 0.966, 0, 100.529, 0, 0, 103.292, 63.715, 0, 0, 0, 0, 
6.7, 24.04, 100.578, 62.15, 62.82, , 9.213, 0.97, 457.124, 457.124, 4.309, 220.793, 220.793, 220.793, 67.381, 71.32, 34.807, 35.679, 7.384, 22.379, 0, 0, 36.325, 37.431, 36.325, 37.431, 1, 62.697, 62.697, 0.024, 0.264, 45.374, 46.754, 45.374, 46.754, 6.475, 7.384, 22.379, , , 1, 6.757, 0.088, 0, 12.5, 4.309, 187, 0, 0, 0, 42.115, 4.24, 4.285, 107.6, 32.553, 100, 0, 0, 32.35, 32.044, 20.577, 1.337, 101.854, 0, 0, 104.446, 64.014, 0, 0, 0.088, 0, 0, 14, 0, 12.5, 0, 4.309, 187, 0, 0, 0, 42.115, 1, 0.004, 0.004, 107.6, 32.553, 100, 0, 0, 141, 32.35, 32.044, 20.577, 1.337, 0, 101.87, 0, 0, 104.446, 64.014, 0, 0, 0, 0, 
6.75, 24.04, 100.578, 62.15, 62.82, , 14.402, 0.97, 461.692, 461.692, 4.319, 343.92, 343.92, 343.92, 66.98, 73.578, 34.671, 35.726, 7.384, 22.367, 0, 0, 56.896, 58.629, 56.896, 58.629, 1, 63.272, 63.272, 0.024, 0.264, 70.517, 72.661, 70.517, 72.661, 6.512, 7.384, 22.367, , , 1, 6.807, 0.129, 0, 12.5, 4.319, 187, 0, 0, 0, 45, 6.24, 6.306, 107.6, 40.536, 100, 0, 0, 31.1, 30.65, 30.192, 1.708, 103.2, 0, 0, 105.6, 64.313, 0, 0, 0.129, 0, 0, 14, 0, 12.5, 0, 4.319, 187, 0, 0, 0, 45, 1, 0.006, 0.006, 107.6, 40.536, 100, 0, 0, 141, 31.1, 30.65, 30.192, 1.708, 0, 103.211, 0, 0, 105.6, 64.313, 0, 0, 0, 0, 
6.8, 24.04, 100.579, 62.15, 62.82, , 19.182, 0.97, 466.271, 466.271, 4.328, 457.334, 457.334, 457.334, 66.584, 73.874, 34.596, 35.82, 7.383, 21.875, 0, 0, 76.053, 78.369, 76.053, 78.369, 1, 64.08, 64.08, 0.024, 0.265, 93.685, 96.533, 93.685, 96.533, 6.551, 7.383, 21.875, , , 1, 6.857, 0.171, 0, 12.5, 4.328, 187, 0, 0, 0, 47.885, 8.24, 8.327, 107.6, 48.518, 100, 0, 0, 29.85, 29.256, 39.808, 2.079, 104.546, 0, 0, 106.754, 64.612, 0, 0, 0.171, 0, 0, 14, 0, 12.5, 0, 4.328, 187, 0, 0, 0, 47.885, 1, 0.008, 0.008, 107.6, 48.518, 100, 0, 0, 141, 29.85, 29.256, 39.808, 2.079, 0, 104.552, 0, 0, 106.754, 64.612, 0, 0, 0, 0, 
6.85, 24.04, 100.579, 62.15, 62.82, , 20.995, 0.97, 470.849, 470.849, 4.338, 500.376, 500.376, 500.376, 66.261, 66.764, 34.521, 35.914, 7.382, 21.292, 0, 0, 84.065, 86.624, 84.065, 86.624, 1, 65.073, 65.073, 0.024, 0.265, 102.712, 105.835, 102.712, 105.835, 6.59, 7.382, 21.292, , , 1, 6.907, 0.212, 0, 12.5, 4.338, 187, 0, 0, 0, 50.769, 10.24, 10.348, 107.6, 56.501, 100, 0, 0, 28.6, 27.862, 49.423, 2.45, 105.892, 0, 0, 107.908, 64.911, 0, 0, 0.212, 0, 0, 14, 0, 12.5, 0, 4.338, 187, 0, 0, 0, 50.769, 1, 0.01, 0.01, 107.6, 56.501, 100, 0, 0, 141, 28.6, 27.862, 49.423, 2.45, 0, 105.893, 0, 0, 107.908, 64.911, 0, 0, 0, 0, 
6.9, 24.04, 100.58, 62.15, 62.82, , 19.709, 0.97, 477.417, 477.417, 4.369, 469.895, 469.895, 469.895, 66.105, 67.725, 34.445, 36.008, 7.381, 20.235, 0, 0, 80.701, 83.158, 80.701, 83.158, 1, 66.222, 66.222, 0.025, 0.265, 96.62, 99.558, 96.62, 99.558, 6.629, 7.381, 20.235, , , 1, 6.957, 0.216, 0, 12.5, 4.369, 187, 0, 0, 0, 53.875, 12.393, 12.524, 107.6, 65.544, 100, 0, 0, 29.171, 28.277, 59.792, 2.85, 107.342, 0, 0, 109.15, 65.471, 0, 0, 0.216, 0, 0, 14, 0, 12.5, 0, 4.369, 187, 0, 0, 0, 53.875, 1, 0.013, 0.013, 107.6, 65.544, 100, 0, 0, 141, 29.171, 28.277, 59.792, 2.85, 0, 107.342, 0, 0, 109.15, 65.471, 0, 0, 0, 0, 
6.95, 24.04, 100.58, 62.15, 62.82, , 19.398, 0.97, 482.585, 482.585, 4.402, 462.554, 462.554, 462.554, 65.998, 68.686, 34.37, 36.102, 7.38, 19.074, 0, 0, 80.746, 83.204, 80.746, 83.204, 1, 67.46, 67.46, 0.025, 0.266, 95.263, 98.16, 95.263, 98.16, 6.669, 7.38, 19.074, , , 1, 7.007, 0.217, 0, 12.5, 4.402, 187, 0, 0, 0, 57, 14.56, 14.714, 107.6, 74.654, 100, 0, 0, 29.9, 28.85, 70.208, 3.252, 108.8, 0, 0, 110.4, 66.053, 0, 0, 0.217, 0, 0, 14, 0, 12.5, 0, 4.402, 187, 0, 0, 0, 57, 1, 0.015, 0.015, 107.6, 74.654, 100, 0, 0, 141, 29.9, 28.85, 70.208, 3.252, 0, 108.8, 0, 0, 110.4, 66.053, 0, 0, 0, 0, 
7, 24.04, 100.58, 62.15, 62.82, , 19.083, 0.97, 487.351, 487.351, 4.435, 455.091, 455.091, 455.091, 65.851, 69.647, 34.426, 36.032, 7.38, 17.469, 0, 0, 80.548, 82.998, 80.548, 82.998, 1, 68.39, 68.39, 0.025, 0.266, 93.928, 96.785, 93.928, 96.785, 6.701, 7.38, 17.469, , , 1, 7.057, 0.218, 0, 12.5, 4.435, 187, 0, 0, 0, 60.125, 16.727, 16.904, 107.6, 83.765, 100, 0, 0, 30.629, 29.423, 80.625, 3.654, 110.258, 0, 0, 111.65, 66.635, 0, 0, 0.218, 0, 0, 14, 0, 12.5, 0, 4.435, 187, 0, 0, 0, 60.125, 1, 0.017, 0.017, 107.6, 83.765, 100, 0, 0, 141, 30.629, 29.423, 80.625, 3.654, 0, 110.258, 0, 0, 111.65, 66.635, 0, 0, 0, 0, 
7.05, 24.04, 100.58, 62.15, 62.82, , 18.989, 0.97, 492.201, 492.201, 4.468, 452.888, 452.888, 452.888, 65.656, 70.608, 34.569, 35.853, 7.38, 15.754, 0, 0, 81.244, 83.715, 81.244, 83.715, 1, 69.314, 69.314, 0.025, 0.266, 93.75, 96.603, 93.75, 96.603, 6.715, 7.38, 15.754, , , 1, 7.107, 0.219, 0, 12.5, 4.468, 187, 0, 0, 0, 63.25, 18.893, 19.093, 107.6, 92.875, 100, 0, 0, 31.358, 29.996, 91.042, 4.056, 111.717, 0, 0, 112.9, 67.218, 0, 0, 0.219, 0, 0, 14, 0, 12.5, 0, 4.468, 187, 0, 0, 0, 63.25, 1, 0.019, 0.019, 107.6, 92.875, 100, 0, 0, 141, 31.358, 29.996, 91.042, 4.056, 0, 111.717, 0, 0, 112.9, 67.218, 0, 0, 0, 0, 
7.1, 24.04, 100.58, 62.15, 62.82, , 18.699, 0.97, 497.158, 497.158, 4.502, 446.023, 446.023, 446.023, 65.408, 71.569, 34.713, 35.674, 7.38, 14.479, 0, 0, 80.98, 83.442, 80.98, 83.442, 1, 70.231, 70.231, 0.025, 0.266, 92.645, 95.465, 92.645, 95.465, 6.73, 7.38, 14.479, , , 1, 7.157, 0.215, 0, 12.5, 4.502, 187.054, 0, 0, 0, 66, 20.792, 21.011, 107.6, 100.66, 100, 0, 0, 32, 30.523, 100, 4.41, 113.046, 0, 0, 114.035, 67.859, 0, 0, 0.214, 0, 0, 14, 0, 12.5, 0, 4.502, 187.054, 0, 0, 0, 66, 1, 0.021, 0.021, 107.6, 100.66, 100, 0, 0, 141, 32, 30.523, 100, 4.41, 0, 113.046, 0, 0, 114.035, 67.859, 0, 0, 0, 0, 
7.15, 24.04, 100.58, 62.15, 62.82, , 16.395, 0.97, 502.23, 502.23, 4.542, 391.389, 391.389, 391.389, 65.17, 72.53, 34.856, 35.495, 7.38, 13.329, 0, 0, 71.701, 73.881, 71.701, 73.881, 1, 71.088, 71.088, 0.025, 0.266, 81.54, 84.022, 81.54, 84.022, 6.744, 7.38, 13.329, , , 1, 7.207, 0.172, 0, 12.5, 4.542, 187.438, 0, 0, 0, 66, 20.727, 20.938, 107.6, 100.304, 100, 0, 0, 32, 30.715, 100, 4.414, 113.432, 0, 0, 114.324, 68.934, 0, 0, 0.172, 0, 0, 14, 0, 12.5, 0, 4.542, 187.438, 0, 0, 0, 66, 1, 0.021, 0.021, 107.6, 100.304, 100, 0, 0, 141, 32, 30.715, 100, 4.414, 0, 113.432, 0, 0, 114.324, 68.934, 0, 0, 0, 0, 
7.2, 24.04, 100.58, 62.15, 62.82, , 12.387, 0.97, 507.32, 507.32, 4.582, 296.328, 296.328, 296.328, 65.05, 73.491, 35, 35.315, 7.381, 12.584, 0, 0, 54.611, 56.271, 54.611, 56.271, 1, 71.797, 71.797, 0.025, 0.267, 61.89, 63.774, 61.89, 63.774, 6.758, 7.381, 12.584, , , 1, 7.258, 0.13, 0, 12.5, 4.582, 187.823, 0, 0, 0, 66, 20.661, 20.865, 107.6, 99.949, 100, 0, 0, 32, 30.908, 100, 4.418, 113.819, 0, 0, 114.614, 70.009, 0, 0, 0.129, 0, 0, 14, 0, 12.5, 0, 4.582, 187.823, 0, 0, 0, 66, 1, 0.021, 0.021, 107.6, 99.949, 100, 0, 0, 141, 32, 30.908, 100, 4.418, 0, 113.819, 0, 0, 114.614, 70.009, 0, 0, 0, 0, 
7.25, 24.04, 100.58, 62.15, 62.82, , 6.962, 0.97, 512.51, 512.51, 4.622, 167.648, 167.648, 167.648, 65.128, 74.452, 35.123, 35.282, 7.382, 11.967, 0, 0, 30.997, 31.938, 30.997, 31.938, 1, 72.279, 72.279, 0.025, 0.266, 35.234, 36.306, 35.234, 36.306, 6.767, 7.382, 11.967, , , 1, 7.308, 0.087, 0, 12.5, 4.622, 188.208, 0, 0, 0, 66, 20.596, 20.792, 107.6, 99.593, 100, 0, 0, 32, 31.1, 100, 4.422, 114.205, 0, 0, 114.903, 71.084, 0, 0, 0.087, 0, 0, 14, 0, 12.5, 0, 4.622, 188.208, 0, 0, 0, 66, 1, 0.02, 0.021, 107.6, 99.593, 100, 0, 0, 141, 32, 31.1, 100, 4.422, 0, 114.205, 0, 0, 114.903, 71.084, 0, 0, 0, 0, 
7.3, 24.04, 100.58, 62.15, 62.82, , 1.815, 0.97, 517.736, 517.736, 4.662, 45.536, 45.536, 45.536, 65.437, 75.413, 35.231, 35.354, 7.383, 11.742, 0, 0, 8.44, 8.695, 8.44, 8.695, 1, 72.505, 72.505, 0.025, 0.266, 9.959, 10.26, 9.959, 10.26, 6.776, 7.383, 11.742, , , 1, 7.357, 0.045, 0, 12.5, 4.662, 188.592, 0, 0, 0, 66, 20.531, 20.719, 107.6, 99.237, 100, 0, 0, 32, 31.292, 100, 4.426, 114.591, 0, 0, 115.193, 72.159, 0, 0, 0.045, 0, 0, 14, 0, 12.5, 0, 4.662, 188.592, 0, 0, 0, 66, 1, 0.02, 0.021, 107.6, 99.237, 100, 0, 0, 141, 32, 31.292, 100, 4.426, 0, 114.591, 0, 0, 115.193, 72.159, 0, 0, 0, 0, 
7.35, 24.04, 100.58, 62.15, 62.82, , -2.711, 0.97, 523.044, 523.044, 4.703, -61.842, -61.842, -61.842, 65.96, 76.374, 35.339, 35.426, 7.384, 11.654, 0, 0, -11.528, -11.882, -11.528, -11.882, 1, 72.485, 72.485, 0.025, 0.265, -12.302, -12.679, -12.302, -12.679, 6.784, 7.384, 11.654, , , 1, 7.407, 0.003, 0, 12.5, 4.703, 188.977, 0, 0, 0, 66, 20.465, 20.646, 107.6, 98.881, 100, 0, 0, 32, 31.485, 100, 4.43, 114.977, 0, 0, 115.483, 73.234, 0, 0, 0.003, 0, 0, 14, 0, 12.5, 0, 4.703, 188.977, 0, 0, 0, 66, 1, 0.02, 0.021, 107.6, 98.881, 100, 0, 0, 141, 32, 31.485, 100, 4.43, 0, 114.977, 0, 0, 115.483, 73.234, 0, 0, 0, 0, 
7.4, 24.04, 100.58, 62.15, 62.82, , -5.8, 0.97, 528.351, 528.351, 4.738, -135.134, -135.134, -135.134, 66.622, 77.335, 35.447, 35.498, 7.384, 11.628, 0, 0, -25.218, -25.987, -25.218, -25.987, 1, 72.244, 72.244, 0.025, 0.265, -27.434, -28.272, -27.434, -28.272, 6.795, 7.384, 11.628, , , 1, 7.457, 0, 0.006, 12.5, 4.738, 189, 0, 0, 0, 64.896, 17.201, 17.302, 107.6, 82.835, 100, 0, 0, 32.552, 32.144, 81.2, 3.716, 112.191, 0, 0, 113.159, 73.092, 0, 0, 0, 0, 0, 13.981, 0.006, 12.5, 0, 4.738, 189, 0, 0, 0, 64.896, 1, 0.017, 0.018, 107.6, 82.835, 100, 0, 0, 141, 32.552, 32.144, 81.2, 3.716, 0, 112.191, 0, 0, 113.159, 73.092, 0, 0, 0, 0, 
7.45, 24.04, 100.58, 62.15, 62.82, , -7.113, 0.97, 533.658, 533.658, 4.774, -166.289, -166.289, -166.289, 67.228, 78.296, 35.555, 35.57, 7.384, 11.626, 0, 0, -30.982, -31.926, -30.982, -31.926, 1, 71.907, 71.907, 0.025, 0.264, -33.708, -34.737, -33.708, -34.737, 6.819, 7.384, 11.626, , , 1, 7.507, 0, 0.012, 12.5, 4.774, 189, 0, 0, 0, 63.696, 13.659, 13.674, 107.6, 65.787, 100, 0, 0, 33.152, 32.844, 61.2, 2.94, 109.203, 0, 0, 110.669, 72.844, 0, 0, 0, 0, 0, 13.961, 0.012, 12.5, 0, 4.774, 189, 0, 0, 0, 63.696, 1, 0.013, 0.014, 107.6, 65.787, 100, 0, 0, 141, 33.152, 32.844, 61.2, 2.94, 0, 109.203, 0, 0, 110.669, 72.844, 0, 0, 0, 0, 
7.5, 24.04, 100.58, 62.15, 62.82, , -6.689, 0.97, 538.964, 538.964, 4.809, -156.24, -156.24, -156.24, 67.706, 79.257, 35.496, 35.6, 7.383, 11.85, 0, 0, -28.968, -29.85, -28.968, -29.85, 1, 71.551, 71.551, 0.025, 0.264, -31.435, -32.394, -31.435, -32.394, 6.843, 7.383, 11.85, , , 1, 7.557, 0, 0.018, 12.5, 4.809, 189, 0, 0, 0, 62.496, 10.117, 10.046, 107.6, 48.739, 100, 0, 0, 33.752, 33.544, 41.2, 2.164, 106.215, 0, 0, 108.179, 72.596, 0, 0, 0, 0, 0, 13.941, 0.018, 12.5, 0, 4.809, 189, 0, 0, 0, 62.496, 1, 0.01, 0.01, 107.6, 48.739, 100, 0, 0, 141, 33.752, 33.544, 41.2, 2.164, 0, 106.215, 0, 0, 108.179, 72.596, 0, 0, 0, 0, 
7.55, 24.04, 100.58, 62.15, 62.82, , -5.907, 0.97, 544.271, 544.271, 4.844, -137.698, -137.698, -137.698, 68.004, 80.218, 35.316, 35.6, 7.382, 12.18, 0, 0, -25.387, -26.16, -25.387, -26.16, 1, 71.232, 71.232, 0.025, 0.263, -27.524, -28.362, -27.524, -28.362, 6.867, 7.382, 12.18, , , 1, 7.607, 0, 0.024, 12.5, 4.844, 189, 0, 0, 0, 61.296, 6.575, 6.418, 107.6, 31.691, 100, 0, 0, 34.352, 34.244, 21.2, 1.388, 103.227, 0, 0, 105.689, 72.348, 0, 0, 0, 0, 0, 13.921, 0.024, 12.5, 0, 4.844, 189, 0, 0, 0, 61.296, 1, 0.007, 0.006, 107.6, 31.691, 100, 0, 0, 141, 34.352, 34.244, 21.2, 1.388, 0, 103.227, 0, 0, 105.689, 72.348, 0, 0, 0, 0, 
7.6, 24.04, 100.58, 62.15, 62.82, , -5.73, 0.97, 549.559, 549.559, 4.88, -133.507, -133.507, -133.507, 68.133, 81.179, 35.136, 35.6, 7.38, 12.938, 0, 0, -24.505, -25.251, -24.505, -25.251, 1, 70.941, 70.941, 0.025, 0.262, -26.629, -27.44, -26.629, -27.44, 6.891, 7.38, 12.938, , , 1, 7.657, 0, 0.03, 12.5, 4.88, 189, 0, 0, 0, 60.096, 3.033, 2.79, 107.6, 14.643, 100, 0, 0, 34.952, 34.944, 1.2, 0.612, 100.239, 0, 0, 103.199, 72.1, 0, 0, 0, 0, 0, 13.901, 0.03, 12.5, 0, 4.88, 189, 0, 0, 0, 60.096, 1, 0.003, 0.002, 107.6, 14.643, 100, 0, 0, 141, 34.952, 34.944, 1.2, 0.612, 0, 100.239, 0, 0, 103.199, 72.1, 0, 0, 0, 0, 
7.65, 24.04, 100.58, 62.15, 62.82, , -5.665, 0.97, 554.747, 554.747, 4.862, -131.965, -131.965, -131.965, 68.139, 82.141, 34.956, 35.6, 7.379, 13.917, 0, 0, -24.134, -24.868, -24.134, -24.868, 1, 70.651, 70.651, 0.025, 0.262, -26.323, -27.124, -26.323, -27.124, 6.878, 7.379, 13.917, , , 1, 7.708, 0, 0.028, 12.5, 4.862, 188.624, 0, 0, 0, 56.412, 2.493, 2.511, 107.269, 14.175, 100, 0, 0, 34.08, 34.08, 0, 0.55, 100, 0, 0, 103, 71.852, 0, 0, 0, 0, 0, 13.919, 0.028, 12.5, 0, 4.862, 188.624, 0, 0, 0, 56.412, 1, 0.003, 0.002, 107.269, 14.175, 100, 0, 0, 141, 34.08, 34.08, 0, 0.55, 0, 100, 0, 0, 103, 71.852, 0, 0, 0, 0, 
7.7, 24.04, 100.58, 62.15, 62.82, , -5.545, 0.97, 559.978, 559.978, 4.84, -129.122, -129.122, -129.122, 68.114, 83.102, 34.776, 35.6, 7.38, 15.162, 0, 0, -23.522, -24.239, -23.522, -24.239, 1, 70.369, 70.369, 0.025, 0.262, -25.764, -26.55, -25.764, -26.55, 6.854, 7.38, 15.162, , , 1, 7.758, 0, 0.026, 12.5, 4.84, 188.224, 0, 0, 0, 52.512, 2.214, 2.523, 106.909, 14.765, 100, 0, 0, 33.08, 33.08, 0, 0.55, 100, 0, 0, 103, 71.604, 0, 0, 0, 0, 0, 13.939, 0.026, 12.5, 0, 4.84, 188.224, 0, 0, 0, 52.512, 1, 0.002, 0.002, 106.909, 14.765, 100, 0, 0, 141, 33.08, 33.08, 0, 0.55, 0, 100, 0, 0, 103, 71.604, 0, 0, 0, 0, 
7.75, 24.04, 100.58, 62.15, 62.82, , -5.515, 0.97, 565.229, 565.229, 4.819, -128.426, -128.426, -128.426, 68.093, 84.063, 34.867, 35.725, 7.381, 16.556, 0, 0, -23.296, -24.006, -23.296, -24.006, 1, 70.091, 70.091, 0.025, 0.262, -25.633, -26.416, -25.633, -26.416, 6.83, 7.381, 16.556, , , 1, 7.807, 0, 0.024, 12.5, 4.819, 187.824, 0, 0, 0, 48.612, 1.935, 2.535, 106.549, 15.355, 100, 0, 0, 32.08, 32.08, 0, 0.55, 100, 0, 0, 103, 71.356, 0, 0, 0, 0, 0, 13.959, 0.024, 12.5, 0, 4.819, 187.824, 0, 0, 0, 48.612, 1, 0.002, 0.002, 106.549, 15.355, 100, 0, 0, 141, 32.08, 32.08, 0, 0.55, 0, 100, 0, 0, 103, 71.356, 0, 0, 0, 0, 
7.8, 24.04, 100.58, 62.15, 62.82, , -5.563, 0.97, 570.352, 570.352, 4.798, -129.564, -129.564, -129.564, 68.079, 85.024, 35.155, 35.941, 7.382, 17.98, 0, 0, -23.401, -24.114, -23.401, -24.114, 1, 69.811, 69.811, 0.025, 0.261, -25.865, -26.656, -25.865, -26.656, 6.806, 7.382, 17.98, , , 1, 7.857, 0, 0.022, 12.5, 4.798, 187.424, 0, 0, 0, 44.712, 1.656, 2.547, 106.189, 15.945, 100, 0, 0, 31.08, 31.08, 0, 0.55, 100, 0, 0, 103, 71.108, 0, 0, 0, 0, 0, 13.979, 0.022, 12.5, 0, 4.798, 187.424, 0, 0, 0, 44.712, 1, 0.002, 0.002, 106.189, 15.945, 100, 0, 0, 141, 31.08, 31.08, 0, 0.55, 0, 100, 0, 0, 103, 71.108, 0, 0, 0, 0, 
7.85, 24.04, 100.58, 62.15, 62.82, , -5.645, 0.97, 575.502, 575.502, 4.776, -131.508, -131.508, -131.508, 68.078, 85.985, 35.443, 36.157, 7.383, 19.422, 0, 0, -23.649, -24.37, -23.649, -24.37, 1, 69.528, 69.528, 0.025, 0.261, -26.256, -27.059, -26.256, -27.059, 6.777, 7.383, 19.422, , , 1, 7.907, 0, 0.02, 12.5, 4.776, 187.024, 0, 0, 0, 40.812, 1.377, 2.559, 105.829, 16.535, 100, 0, 0, 30.08, 30.08, 0, 0.55, 100, 0, 0, 103, 70.86, 0, 0, 0, 0, 0, 13.999, 0.02, 12.5, 0, 4.776, 187.024, 0, 0, 0, 40.812, 1, 0.002, 0.002, 105.829, 16.535, 100, 0, 0, 141, 30.08, 30.08, 0, 0.55, 0, 100, 0, 0, 103, 70.86, 0, 0, 0, 0, 
7.9, 24.04, 100.58, 62.15, 62.82, , -5.551, 0.97, 580.606, 580.606, 4.757, -129.289, -129.289, -129.289, 68.1, 86.946, 35.731, 36.373, 7.384, 20.501, 0, 0, -23.166, -23.873, -23.166, -23.873, 1, 69.246, 69.246, 0.025, 0.262, -25.806, -26.596, -25.806, -26.596, 6.744, 7.384, 20.501, , , 1, 7.957, 0, 0.016, 12.5, 4.757, 187.39, 0, 0, 0, 39.638, 1.095, 2.071, 105.8, 16.139, 100, 0, 0, 29.042, 29.042, 0, 0.55, 100, 0, 0, 103, 70.601, 0, 0, 0, 0, 0, 14, 0.016, 12.5, 0, 4.757, 187.39, 0, 0, 0, 39.638, 1, 0.001, 0.001, 105.8, 16.139, 100, 0, 0, 141, 29.042, 29.042, 0, 0.55, 0, 100, 0, 0, 103, 70.601, 0, 0, 0, 0, 
7.95, 24.04, 100.58, 62.15, 62.82, , -2.865, 0.97, 585.777, 585.777, 4.738, -65.572, -65.572, -65.572, 68.092, 87.907, 36.019, 36.589, 7.384, 21.338, 0, 0, -11.771, -12.132, -11.771, -12.132, 1, 69.023, 69.023, 0.025, 0.262, -13.065, -13.466, -13.065, -13.466, 6.712, 7.384, 21.338, , , 1, 8.006, 0, 0.012, 12.5, 4.738, 187.805, 0, 0, 0, 38.7, 0.813, 1.54, 105.8, 15.68, 100, 0, 0, 28, 28, 0, 0.55, 100, 0, 0, 103, 70.342, 0, 0, 0, 0, 0, 14, 0.012, 12.5, 0, 4.738, 187.805, 0, 0, 0, 38.7, 1, 0.001, 0.001, 105.8, 15.68, 100, 0, 0, 141, 28, 28, 0, 0.55, 0, 100, 0, 0, 103, 70.342, 0, 0, 0, 0, 
8, 24.04, 100.58, 62.15, 62.82, , 3.177, 0.97, 590.86, 590.86, 4.719, 77.766, 77.766, 77.766, 67.893, 88.868, 35.91, 36.638, 7.383, 21.752, 0, 0, 14.067, 14.494, 14.067, 14.494, 1, 69.027, 69.027, 0.025, 0.262, 15.967, 16.45, 15.967, 16.45, 6.679, 7.383, 21.752, , , 1, 8.057, 0, 0.008, 12.5, 4.719, 188.22, 0, 0, 0, 37.762, 0.531, 1.009, 105.8, 15.222, 100, 0, 0, 26.958, 26.958, 0, 0.55, 100, 0, 0, 103, 70.083, 0, 0, 0, 0, 0, 14, 0.008, 12.5, 0, 4.719, 188.22, 0, 0, 0, 37.762, 1, 0.001, 0.001, 105.8, 15.222, 100, 0, 0, 141, 26.958, 26.958, 0, 0.55, 0, 100, 0, 0, 103, 70.083, 0, 0, 0, 0, 
8.05, 24.04, 100.58, 62.15, 62.82, , 7.704, 0.97, 595.935, 595.935, 4.701, 185.175, 185.175, 185.175, 67.471, 89.829, 35.514, 36.566, 7.382, 21.861, 0, 0, 33.662, 34.684, 33.662, 34.684, 1, 69.296, 69.296, 0.025, 0.262, 38.008, 39.165, 38.008, 39.165, 6.65, 7.382, 21.861, , , 1, 8.107, 0, 0.004, 12.5, 4.701, 188.635, 0, 0, 0, 36.825, 0.248, 0.478, 105.8, 14.763, 100, 0, 0, 25.917, 25.917, 0, 0.55, 100, 0, 0, 103, 69.823, 0, 0, 0, 0, 0, 14, 0.004, 12.5, 0, 4.701, 188.635, 0, 0, 0, 36.825, 1, 0, 0, 105.8, 14.763, 100, 0, 0, 141, 25.917, 25.917, 0, 0.55, 0, 100, 0, 0, 103, 69.823, 0, 0, 0, 0, 
8.1, 24.04, 100.58, 62.15, 62.82, , 12.376, 0.97, 600.992, 600.992, 4.687, 296.022, 296.022, 296.022, 66.878, 90.79, 35.118, 36.494, 7.381, 21.468, 0, 0, 54.063, 55.706, 54.063, 55.706, 1, 69.78, 69.78, 0.025, 0.261, 61.008, 62.867, 61.008, 62.867, 6.627, 7.381, 21.468, , , 1, 8.157, 0.018, 0, 12.502, 4.687, 189, 0, 0, 0, 36.229, 0.193, 0.152, 105.8, 14.838, 100, 0, 0, 25.066, 25.042, 0.533, 0.57, 100.123, 0, 0, 103.11, 69.654, 0, 0, 0.018, 0, 0, 14, 0, 12.502, 0, 4.687, 189, 0, 0, 0, 36.229, 1, 0, 0, 105.8, 14.838, 100, 0, 0, 141, 25.066, 25.042, 0.533, 0.57, 0, 100.123, 0, 0, 103.11, 69.654, 0, 0, 0, 0, 
8.15, 24.04, 100.58, 62.15, 62.82, , 16.811, 0.97, 605.986, 605.986, 4.713, 401.254, 401.254, 401.254, 66.099, 91.751, 34.722, 36.422, 7.38, 20.682, 0, 0, 73.607, 75.845, 73.607, 75.845, 1, 70.489, 70.489, 0.025, 0.261, 83.092, 85.622, 83.092, 85.622, 6.603, 7.38, 20.682, , , 1, 8.207, 0.172, 0, 12.516, 4.713, 189, 0, 0, 0, 38.138, 1.8, 1.675, 105.8, 18.821, 100, 0, 0, 25.617, 25.391, 4.975, 0.767, 101.151, 0, 0, 104.028, 70.294, 0, 0, 0.172, 0, 0, 13.996, 0, 12.516, 0, 4.713, 189, 0, 0, 0, 38.138, 1, 0.002, 0.002, 105.8, 18.821, 100, 0, 0, 141, 25.617, 25.391, 4.975, 0.767, 0, 101.151, 0, 0, 104.028, 70.294, 0, 0, 0, 0, 
8.2, 24.04, 100.58, 62.15, 62.82, , 19.804, 0.97, 611.027, 611.027, 4.74, 472.281, 472.281, 472.281, 65.145, 92.712, 34.326, 36.35, 7.38, 19.582, 0, 0, 87.181, 89.832, 87.181, 89.832, 1, 71.399, 71.399, 0.025, 0.261, 98.491, 101.49, 98.491, 101.49, 6.58, 7.38, 19.582, , , 1, 8.257, 0.325, 0, 12.531, 4.74, 189, 0, 0, 0, 40.047, 3.407, 3.197, 105.8, 22.803, 100, 0, 0, 26.167, 25.739, 9.417, 0.964, 102.179, 0, 0, 104.946, 70.934, 0, 0, 0.325, 0, 0, 13.992, 0, 12.531, 0, 4.74, 189, 0, 0, 0, 40.047, 1, 0.003, 0.003, 105.8, 22.803, 100, 0, 0, 141, 26.167, 25.739, 9.417, 0.964, 0, 102.179, 0, 0, 104.946, 70.934, 0, 0, 0, 0, 
8.25, 24.04, 100.58, 62.15, 62.82, , 19.706, 0.97, 616.079, 616.079, 4.766, 469.991, 469.991, 469.991, 64.147, 93.673, 34.286, 36.299, 7.381, 18.213, 0, 0, 87.824, 90.494, 87.824, 90.494, 1, 72.381, 72.381, 0.025, 0.26, 99.369, 102.395, 99.369, 102.395, 6.556, 7.381, 18.213, , , 1, 8.307, 0.479, 0, 12.546, 4.766, 189, 0, 0, 0, 41.956, 5.014, 4.72, 105.8, 26.786, 100, 0, 0, 26.718, 26.088, 13.859, 1.161, 103.207, 0, 0, 105.863, 71.574, 0, 0, 0.479, 0, 0, 13.989, 0, 12.546, 0, 4.766, 189, 0, 0, 0, 41.956, 1, 0.005, 0.005, 105.8, 26.786, 100, 0, 0, 141, 26.718, 26.088, 13.859, 1.161, 0, 103.207, 0, 0, 105.863, 71.574, 0, 0, 0, 0, 
8.3, 24.04, 100.58, 62.15, 62.82, , 18.752, 0.97, 621.268, 621.268, 4.792, 447.363, 447.363, 447.363, 63.235, 94.634, 34.503, 36.263, 7.382, 16.787, 0, 0, 84.828, 87.408, 84.828, 87.408, 1, 73.296, 73.296, 0.025, 0.26, 96.164, 99.092, 96.164, 99.092, 6.526, 7.382, 16.787, , , 1, 8.357, 0.632, 0, 12.56, 4.792, 189, 0, 0, 0, 43.865, 6.622, 6.242, 105.8, 30.769, 100, 0, 0, 27.269, 26.437, 18.301, 1.358, 104.235, 0, 0, 106.781, 72.214, 0, 0, 0.632, 0, 0, 13.985, 0, 12.56, 0, 4.792, 189, 0, 0, 0, 43.865, 1, 0.007, 0.006, 105.8, 30.769, 100, 0, 0, 141, 27.269, 26.437, 18.301, 1.358, 0, 104.235, 0, 0, 106.781, 72.214, 0, 0, 0, 0, 
8.35, 24.04, 100.58, 62.15, 62.82, , 18.619, 0.97, 626.526, 626.526, 4.819, 444.238, 444.238, 444.238, 62.36, 95.595, 34.72, 36.227, 7.383, 15.308, 0, 0, 85.291, 87.886, 85.291, 87.886, 1, 74.196, 74.196, 0.025, 0.259, 96.856, 99.803, 96.856, 99.803, 6.496, 7.383, 15.308, , , 1, 8.407, 0.786, 0, 12.575, 4.819, 189, 0, 0, 0, 45.774, 8.229, 7.764, 105.8, 34.752, 100, 0, 0, 27.819, 26.786, 22.743, 1.555, 105.263, 0, 0, 107.699, 72.854, 0, 0, 0.786, 0, 0, 13.981, 0, 12.575, 0, 4.819, 189, 0, 0, 0, 45.774, 1, 0.008, 0.008, 105.8, 34.752, 100, 0, 0, 141, 27.819, 26.786, 22.743, 1.555, 0, 105.263, 0, 0, 107.699, 72.854, 0, 0, 0, 0, 
8.4, 24.04, 100.58, 62.15, 62.82, , 18.284, 0.97, 631.919, 631.919, 4.845, 436.326, 436.326, 436.326, 61.507, 96.556, 34.936, 36.191, 7.385, 14.102, 0, 0, 84.813, 87.394, 84.813, 87.394, 1, 75.097, 75.097, 0.025, 0.259, 96.48, 99.418, 96.48, 99.418, 6.466, 7.385, 14.102, , , 1, 8.457, 0.939, 0, 12.59, 4.845, 189, 0, 0, 0, 47.683, 9.836, 9.287, 105.8, 38.734, 100, 0, 0, 28.37, 27.134, 27.185, 1.752, 106.291, 0, 0, 108.617, 73.494, 0, 0, 0.939, 0, 0, 13.978, 0, 12.59, 0, 4.845, 189, 0, 0, 0, 47.683, 1, 0.01, 0.009, 105.8, 38.734, 100, 0, 0, 141, 28.37, 27.134, 27.185, 1.752, 0, 106.291, 0, 0, 108.617, 73.494, 0, 0, 0, 0, 
8.45, 24.04, 100.58, 62.15, 62.82, , 18.324, 0.97, 637.246, 637.246, 4.871, 437.287, 437.287, 437.287, 60.678, 97.517, 35.153, 36.154, 7.386, 13.17, 0, 0, 85.97, 88.584, 85.97, 88.584, 1, 75.992, 75.992, 0.025, 0.258, 97.953, 100.938, 97.953, 100.938, 6.437, 7.386, 13.17, , , 1, 8.506, 1.093, 0, 12.605, 4.871, 189, 0, 0, 0, 49.592, 11.443, 10.809, 105.8, 42.717, 100, 0, 0, 28.921, 27.483, 31.627, 1.949, 107.319, 0, 0, 109.535, 74.135, 0, 0, 1.093, 0, 0, 13.974, 0, 12.605, 0, 4.871, 189, 0, 0, 0, 49.592, 1, 0.011, 0.011, 105.8, 42.717, 100, 0, 0, 141, 28.921, 27.483, 31.627, 1.949, 0, 107.319, 0, 0, 109.535, 74.135, 0, 0, 0, 0, 
8.5, 24.04, 100.58, 62.15, 62.82, , 18.237, 0.97, 642.685, 642.685, 4.897, 435.249, 435.249, 435.249, 59.874, 98.478, 35.111, 35.946, 7.386, 12.493, 0, 0, 86.572, 89.206, 86.572, 89.206, 1, 76.879, 76.879, 0.025, 0.258, 98.809, 101.818, 98.809, 101.818, 6.418, 7.386, 12.493, , , 1, 8.557, 1.246, 0, 12.619, 4.897, 189, 0, 0, 0, 51.501, 13.05, 12.332, 105.8, 46.7, 100, 0, 0, 29.471, 27.832, 36.069, 2.146, 108.347, 0, 0, 110.452, 74.775, 0, 0, 1.246, 0, 0, 13.97, 0, 12.619, 0, 4.897, 189, 0, 0, 0, 51.501, 1, 0.013, 0.013, 105.8, 46.7, 100, 0, 0, 141, 29.471, 27.832, 36.069, 2.146, 0, 108.347, 0, 0, 110.452, 74.775, 0, 0, 0, 0, 
8.55, 24.04, 100.58, 62.15, 62.82, , 18.041, 0.97, 648.245, 648.245, 4.924, 430.619, 430.619, 430.619, 59.09, 99.439, 34.896, 35.624, 7.385, 12.114, 0, 0, 86.638, 89.274, 86.638, 89.274, 1, 77.763, 77.763, 0.025, 0.257, 99.022, 102.038, 99.022, 102.038, 6.401, 7.385, 12.114, , , 1, 8.607, 1.399, 0, 12.634, 4.924, 189, 0, 0, 0, 53.41, 14.658, 13.854, 105.8, 50.683, 100, 0, 0, 30.022, 28.181, 40.511, 2.343, 109.374, 0, 0, 111.37, 75.415, 0, 0, 1.399, 0, 0, 13.967, 0, 12.634, 0, 4.924, 189, 0, 0, 0, 53.41, 1, 0.014, 0.014, 105.8, 50.683, 100, 0, 0, 141, 30.022, 28.181, 40.511, 2.343, 0, 109.374, 0, 0, 111.37, 75.415, 0, 0, 0, 0, 
8.6, 24.04, 100.58, 62.15, 62.82, , 17.842, 0.97, 653.861, 653.861, 4.95, 425.935, 425.935, 425.935, 58.571, 98.275, 34.681, 35.301, 7.384, 11.878, 0, 0, 86.677, 89.314, 86.677, 89.314, 1, 78.66, 78.66, 0.025, 0.257, 98.821, 101.831, 98.821, 101.831, 6.384, 7.384, 11.878, , , 1, 8.657, 1.553, 0, 12.649, 4.95, 189, 0, 0, 0, 55.319, 16.265, 15.377, 105.8, 54.665, 100, 0, 0, 30.573, 28.529, 44.953, 2.54, 110.402, 0, 0, 112.288, 76.055, 0, 0, 1.553, 0, 0, 13.963, 0, 12.649, 0, 4.95, 189, 0, 0, 0, 55.319, 1, 0.016, 0.016, 105.8, 54.665, 100, 0, 0, 141, 30.573, 28.529, 44.953, 2.54, 0, 110.402, 0, 0, 112.288, 76.055, 0, 0, 0, 0, 
8.65, 24.04, 100.58, 62.15, 62.82, , 17.645, 0.97, 661.264, 661.264, 4.976, 421.287, 421.287, 421.287, 58.971, 96.439, 34.465, 34.978, 7.383, 11.823, 0, 0, 86.946, 89.592, 86.946, 89.592, 1, 79.854, 79.854, 0.025, 0.257, 97.296, 100.259, 97.296, 100.259, 6.366, 7.383, 11.823, , , 1, 8.707, 1.706, 0, 12.663, 4.976, 189, 0, 0, 0, 57.228, 17.872, 16.899, 105.8, 58.648, 100, 0, 0, 31.123, 28.878, 49.395, 2.737, 111.43, 0, 0, 113.206, 76.695, 0, 0, 1.706, 0, 0, 13.959, 0, 12.663, 0, 4.976, 189, 0, 0, 0, 57.228, 1, 0.018, 0.017, 105.8, 58.648, 100, 0, 0, 141, 31.123, 28.878, 49.395, 2.737, 0, 111.43, 0, 0, 113.206, 76.695, 0, 0, 0, 0, 
8.7, 24.04, 100.58, 62.15, 62.82, , 17.405, 0.97, 667.586, 667.586, 5.003, 415.625, 415.625, 415.625, 59.642, 94.604, 34.25, 34.656, 7.381, 11.772, 0, 0, 86.777, 89.417, 86.777, 89.417, 1, 80.711, 80.711, 0.025, 0.257, 94.959, 97.849, 94.959, 97.849, 6.364, 7.381, 11.772, , , 1, 8.757, 1.86, 0, 12.678, 5.003, 189, 0, 0, 0, 59.137, 19.479, 18.421, 105.8, 62.631, 100, 0, 0, 31.674, 29.227, 53.837, 2.934, 112.458, 0, 0, 114.123, 77.335, 0, 0, 1.86, 0, 0, 13.956, 0, 12.678, 0, 5.003, 189, 0, 0, 0, 59.137, 1, 0.019, 0.019, 105.8, 62.631, 100, 0, 0, 141, 31.674, 29.227, 53.837, 2.934, 0, 112.458, 0, 0, 114.123, 77.335, 0, 0, 0, 0, 
8.75, 24.04, 100.58, 62.15, 62.819, , 16.26, 0.97, 673.417, 673.417, 5.029, 388.485, 388.485, 388.485, 60.754, 92.768, 34.264, 34.52, 7.38, 11.727, 0, 0, 81.827, 84.316, 81.827, 84.316, 1, 81.545, 81.545, 0.025, 0.258, 87.526, 90.191, 87.526, 90.191, 6.367, 7.38, 11.727, , , 1, 8.807, 2.013, 0, 12.693, 5.029, 189, 0, 0, 0, 61.046, 21.086, 19.944, 105.8, 66.614, 100, 0, 0, 32.225, 29.576, 58.279, 3.131, 113.486, 0, 0, 115.041, 77.975, 0, 0, 2.013, 0, 0, 13.952, 0, 12.693, 0, 5.029, 189, 0, 0, 0, 61.046, 1, 0.021, 0.02, 105.8, 66.614, 100, 0, 0, 141, 32.225, 29.576, 58.279, 3.131, 0, 113.486, 0, 0, 115.041, 77.975, 0, 0, 0, 0, 
8.8, 24.04, 100.58, 62.15, 62.818, , 13.594, 0.97, 679.255, 679.255, 5.091, 325.253, 325.253, 325.253, 62.201, 90.932, 34.444, 34.52, 7.379, 11.681, 0, 0, 68.932, 71.03, 68.932, 71.03, 1, 82.288, 82.288, 0.025, 0.258, 72.227, 74.427, 72.227, 74.427, 6.369, 7.379, 11.681, , , 1, 8.857, 1.871, 0, 12.679, 5.091, 189, 0, 0, 0, 62.418, 21.634, 20.588, 105.8, 71.512, 100, 0, 0, 32.657, 29.985, 64.649, 3.353, 114.209, 0, 0, 115.552, 79.01, 0, 0, 1.87, 0, 0, 13.945, 0, 12.679, 0, 5.091, 189, 0, 0, 0, 62.418, 1, 0.021, 0.021, 105.8, 71.512, 100, 0, 0, 141, 32.657, 29.985, 64.649, 3.353, 0, 114.209, 0, 0, 115.552, 79.01, 0, 0, 0, 0, 
8.85, 24.04, 100.58, 62.15, 62.818, , 9.605, 0.97, 685.176, 685.176, 5.189, 230.638, 230.638, 230.638, 63.549, 89.097, 34.624, 34.52, 7.378, 11.633, 0, 0, 49.08, 50.573, 49.08, 50.573, 1, 82.857, 82.857, 0.025, 0.258, 50.658, 52.202, 50.658, 52.202, 6.371, 7.378, 11.633, , , 1, 8.907, 1.434, 0, 12.637, 5.189, 189, 0, 0, 0, 63.255, 21.121, 20.355, 105.8, 77.326, 100, 0, 0, 32.971, 30.456, 72.947, 3.6, 114.628, 0, 0, 115.657, 80.44, 0, 0, 1.431, 0, 0, 13.934, 0, 12.637, 0, 5.189, 189, 0, 0, 0, 63.255, 1, 0.021, 0.021, 105.8, 77.326, 100, 0, 0, 141, 32.971, 30.456, 72.947, 3.6, 0, 114.628, 0, 0, 115.657, 80.44, 0, 0, 0, 0, 
8.9, 24.04, 100.58, 62.15, 62.817, , 4.51, 0.97, 691.163, 691.163, 5.288, 109.773, 109.773, 109.773, 64.68, 87.261, 34.804, 34.52, 7.378, 11.581, 0, 0, 23.417, 24.13, 23.417, 24.13, 1, 83.21, 83.21, 0.025, 0.258, 24.253, 24.991, 24.253, 24.991, 6.378, 7.378, 11.581, , , 1, 8.957, 0.997, 0, 12.595, 5.288, 189, 0, 0, 0, 64.092, 20.609, 20.122, 105.8, 83.14, 100, 0, 0, 33.285, 30.927, 81.246, 3.847, 115.046, 0, 0, 115.762, 81.87, 0, 0, 0.992, 0, 0, 13.924, 0, 12.595, 0, 5.288, 189, 0, 0, 0, 64.092, 1, 0.02, 0.02, 105.8, 83.14, 100, 0, 0, 141, 33.285, 30.927, 81.246, 3.847, 0, 115.046, 0, 0, 115.762, 81.87, 0, 0, 0, 0, 
8.95, 24.04, 100.58, 62.15, 62.816, , -0.165, 0.97, 697.185, 697.185, 5.386, -1.124, -1.124, -1.124, 65.583, 85.426, 34.984, 34.52, 7.377, 11.522, 0, 0, -0.242, -0.249, -0.242, -0.249, 1, 83.321, 83.321, 0.025, 0.258, 0.493, 0.508, 0.493, 0.508, 6.386, 7.377, 11.522, , , 1, 9.007, 0.56, 0, 12.553, 5.386, 189, 0, 0, 0, 64.929, 20.096, 19.889, 105.8, 88.954, 100, 0, 0, 33.598, 31.397, 89.544, 4.094, 115.464, 0, 0, 115.866, 83.3, 0, 0, 0.553, 0, 0, 13.913, 0, 12.553, 0, 5.386, 189, 0, 0, 0, 64.929, 1, 0.02, 0.02, 105.8, 88.954, 100, 0, 0, 141, 33.598, 31.397, 89.544, 4.094, 0, 115.464, 0, 0, 115.866, 83.3, 0, 0, 0, 0, 
9, 24.04, 100.58, 62.15, 62.815, , -4.081, 0.97, 703.33, 703.33, 5.484, -94.043, -94.043, -94.043, 66.228, 83.59, 35.144, 34.583, 7.377, 11.491, 0, 0, -20.162, -20.774, -20.162, -20.774, 1, 83.211, 83.211, 0.025, 0.259, -19.068, -19.648, -19.068, -19.648, 6.394, 7.377, 11.491, , , 1, 9.057, 0.122, 0, 12.511, 5.484, 189, 0, 0, 0, 65.766, 19.584, 19.655, 105.8, 94.768, 100, 0, 0, 33.912, 31.868, 97.842, 4.341, 115.883, 0, 0, 115.971, 84.73, 0, 0, 0.114, 0, 0, 13.903, 0, 12.511, 0, 5.484, 189, 0, 0, 0, 65.766, 1, 0.019, 0.02, 105.8, 94.768, 100, 0, 0, 141, 33.912, 31.868, 97.842, 4.341, 0, 115.883, 0, 0, 115.971, 84.73, 0, 0, 0, 0, 
9.05, 24.04, 100.58, 62.15, 62.815, , -6.525, 0.97, 709.474, 709.474, 5.509, -152.016, -152.016, -152.016, 66.6, 81.754, 35.288, 34.691, 7.377, 11.511, 0, 0, -32.599, -33.591, -32.599, -33.591, 1, 82.927, 82.927, 0.025, 0.259, -30.996, -31.943, -30.996, -31.943, 6.402, 7.377, 11.511, , , 1, 9.107, 0, 0.003, 12.5, 5.509, 189, 0, 0, 0, 64.056, 16.991, 17.116, 105.67, 84.975, 100, 0, 0, 34.144, 32.432, 85.94, 3.864, 113.759, 0, 0, 114.193, 84.682, 0, 0, 0, 0, 0, 13.907, 0.003, 12.5, 0, 5.509, 189, 0, 0, 0, 64.056, 1, 0.017, 0.017, 105.67, 84.975, 100, 0, 0, 141, 34.144, 32.432, 85.94, 3.864, 0, 113.759, 0, 0, 114.193, 84.682, 0, 0, 0, 0, 
9.1, 24.04, 100.58, 62.15, 62.814, , -7.388, 0.97, 715.59, 715.59, 5.508, -172.497, -172.497, -172.497, 66.895, 79.919, 35.432, 34.799, 7.377, 11.597, 0, 0, -36.908, -38.03, -36.908, -38.03, 1, 82.568, 82.568, 0.025, 0.259, -35.098, -36.17, -35.098, -36.17, 6.431, 7.377, 11.597, , , 1, 9.156, 0, 0.007, 12.5, 5.508, 189, 0, 0, 0, 61.356, 13.589, 13.68, 105.49, 69.698, 100, 0, 0, 34.344, 33.032, 66.94, 3.105, 110.647, 0, 0, 111.683, 84.06, 0, 0, 0, 0, 0, 13.917, 0.007, 12.5, 0, 5.508, 189, 0, 0, 0, 61.356, 1, 0.013, 0.014, 105.49, 69.698, 100, 0, 0, 141, 34.344, 33.032, 66.94, 3.105, 0, 110.647, 0, 0, 111.683, 84.06, 0, 0, 0, 0, 
9.15, 24.04, 100.58, 62.15, 62.813, , -6.902, 0.97, 721.641, 721.641, 5.507, -160.994, -160.994, -160.994, 67.16, 78.083, 35.576, 34.907, 7.378, 11.811, 0, 0, -34.29, -35.332, -34.29, -35.332, 1, 82.205, 82.205, 0.025, 0.258, -32.621, -33.618, -32.621, -33.618, 6.469, 7.378, 11.811, , , 1, 9.207, 0, 0.011, 12.5, 5.507, 189, 0, 0, 0, 58.656, 10.187, 10.244, 105.31, 54.421, 100, 0, 0, 34.544, 33.632, 47.94, 2.346, 107.534, 0, 0, 109.173, 83.438, 0, 0, 0, 0, 0, 13.927, 0.011, 12.5, 0, 5.507, 189, 0, 0, 0, 58.656, 1, 0.01, 0.01, 105.31, 54.421, 100, 0, 0, 141, 34.544, 33.632, 47.94, 2.346, 0, 107.534, 0, 0, 109.173, 83.438, 0, 0, 0, 0, 
9.2, 24.04, 100.58, 62.15, 62.812, , -6.245, 0.97, 727.785, 727.785, 5.506, -145.411, -145.411, -145.411, 67.357, 76.247, 35.72, 35.015, 7.378, 12.139, 0, 0, -30.813, -31.749, -30.813, -31.749, 1, 81.877, 81.877, 0.025, 0.258, -29.344, -30.241, -29.344, -30.241, 6.508, 7.378, 12.139, , , 1, 9.257, 0, 0.015, 12.5, 5.506, 189, 0, 0, 0, 55.956, 6.785, 6.808, 105.13, 39.144, 100, 0, 0, 34.744, 34.232, 28.94, 1.587, 104.422, 0, 0, 106.663, 82.816, 0, 0, 0, 0, 0, 13.937, 0.015, 12.5, 0, 5.506, 189, 0, 0, 0, 55.956, 1, 0.006, 0.007, 105.13, 39.144, 100, 0, 0, 141, 34.744, 34.232, 28.94, 1.587, 0, 104.422, 0, 0, 106.663, 82.816, 0, 0, 0, 0, 
9.25, 24.04, 100.58, 62.15, 62.811, , -6.12, 0.97, 733.791, 733.791, 5.504, -142.465, -142.465, -142.465, 67.506, 74.412, 35.696, 35.144, 7.379, 12.707, 0, 0, -30.067, -30.982, -30.067, -30.982, 1, 81.566, 81.566, 0.024, 0.258, -28.682, -29.557, -28.682, -29.557, 6.546, 7.379, 12.707, , , 1, 9.307, 0, 0.019, 12.5, 5.504, 189, 0, 0, 0, 53.256, 3.383, 3.372, 104.95, 23.867, 100, 0, 0, 34.944, 34.832, 9.94, 0.828, 101.309, 0, 0, 104.153, 82.194, 0, 0, 0, 0, 0, 13.947, 0.019, 12.5, 0, 5.504, 189, 0, 0, 0, 53.256, 1, 0.003, 0.003, 104.95, 23.867, 100, 0, 0, 141, 34.944, 34.832, 9.94, 0.828, 0, 101.309, 0, 0, 104.153, 82.194, 0, 0, 0, 0, 
9.3, 24.04, 100.58, 62.15, 62.811, , -6.031, 0.97, 739.779, 739.779, 5.5, -140.358, -140.358, -140.358, 67.613, 72.576, 35.552, 35.288, 7.379, 13.382, 0, 0, -29.522, -30.42, -29.522, -30.42, 1, 81.258, 81.258, 0.024, 0.258, -28.218, -29.078, -28.218, -29.078, 6.589, 7.379, 13.382, , , 1, 9.357, 0, 0.017, 12.5, 5.5, 189, 0, 0, 0, 51.336, 2.424, 2.396, 104.76, 18.953, 100, 0, 0, 35, 35, 4.203, 0.605, 100.5, 0, 0, 103.5, 81.924, 0, 0, 0, 0, 0, 13.958, 0.017, 12.5, 0, 5.5, 189, 0, 0, 0, 51.336, 1, 0.002, 0.002, 104.76, 18.953, 100, 0, 0, 141, 35, 35, 4.203, 0.605, 0, 100.5, 0, 0, 103.5, 81.924, 0, 0, 0, 0, 
9.35, 24.04, 100.58, 62.15, 62.81, , -5.926, 0.97, 745.766, 745.766, 5.494, -137.871, -137.871, -137.871, 67.694, 70.741, 35.407, 35.433, 7.38, 14.309, 0, 0, -28.898, -29.777, -28.898, -29.777, 1, 80.958, 80.958, 0.024, 0.257, -27.686, -28.529, -27.686, -28.529, 6.636, 7.38, 14.309, , , 1, 9.407, 0, 0.012, 12.5, 5.494, 189, 0, 0, 0, 49.72, 2.415, 2.377, 104.566, 17.681, 100, 0, 0, 35, 35, 3.125, 0.591, 100.5, 0, 0, 103.5, 81.79, 0, 0, 0, 0, 0, 13.969, 0.012, 12.5, 0, 5.494, 189, 0, 0, 0, 49.72, 1, 0.002, 0.002, 104.566, 17.681, 100, 0, 0, 141, 35, 35, 3.125, 0.591, 0, 100.5, 0, 0, 103.5, 81.79, 0, 0, 0, 0, 
9.4, 24.04, 100.58, 62.15, 62.809, , -5.864, 0.97, 751.753, 751.753, 5.487, -136.413, -136.413, -136.413, 67.762, 68.905, 35.262, 35.578, 7.38, 15.292, 0, 0, -28.483, -29.351, -28.483, -29.351, 1, 80.661, 80.661, 0.024, 0.257, -27.364, -28.196, -27.364, -28.196, 6.683, 7.38, 15.292, , , 1, 9.457, 0, 0.008, 12.5, 5.487, 189, 0, 0, 0, 48.103, 2.407, 2.357, 104.372, 16.408, 100, 0, 0, 35, 35, 2.047, 0.577, 100.5, 0, 0, 103.5, 81.657, 0, 0, 0, 0, 0, 13.98, 0.008, 12.5, 0, 5.487, 189, 0, 0, 0, 48.103, 1, 0.002, 0.002, 104.372, 16.408, 100, 0, 0, 141, 35, 35, 2.047, 0.577, 0, 100.5, 0, 0, 103.5, 81.657, 0, 0, 0, 0, 
9.45, 24.04, 100.58, 62.15, 62.808, , -5.766, 0.97, 757.741, 757.741, 5.481, -134.093, -134.093, -134.093, 67.819, 67.069, 35.118, 35.722, 7.379, 16.42, 0, 0, -27.892, -28.741, -27.892, -28.741, 1, 80.368, 80.368, 0.024, 0.257, -26.875, -27.694, -26.875, -27.694, 6.731, 7.379, 16.42, , , 1, 9.507, 0, 0.004, 12.5, 5.481, 189, 0, 0, 0, 46.487, 2.398, 2.338, 104.178, 15.135, 100, 0, 0, 35, 35, 0.97, 0.563, 100.5, 0, 0, 103.5, 81.523, 0, 0, 0, 0, 0, 13.99, 0.004, 12.5, 0, 5.481, 189, 0, 0, 0, 46.487, 1, 0.002, 0.002, 104.178, 15.135, 100, 0, 0, 141, 35, 35, 0.97, 0.563, 0, 100.5, 0, 0, 103.5, 81.523, 0, 0, 0, 0, 
9.5, 24.04, 100.58, 62.15, 62.808, , -3.733, 0.97, 763.666, 763.666, 5.474, -85.87, -85.87, -85.87, 67.853, 65.234, 35.103, 35.888, 7.379, 17.536, 0, 0, -17.845, -18.388, -17.845, -18.388, 1, 80.089, 80.089, 0.024, 0.256, -17.171, -17.694, -17.171, -17.694, 6.772, 7.379, 17.536, , , 1, 9.557, 0, 0, 12.5, 5.474, 189, 0, 0, 0, 44.865, 2.354, 2.285, 104, 13.976, 100, 0, 0, 35, 35, 0, 0.55, 100.5, 0, 0, 103.5, 81.381, 0, 0, 0, 0, 0, 14, 0, 12.5, 0, 5.474, 189, 0, 0, 0, 44.865, 1, 0.002, 0.002, 104, 13.976, 100, 0, 0, 141, 35, 35, 0, 0.55, 0, 100.5, 0, 0, 103.5, 81.381, 0, 0, 0, 0, 
9.55, 24.04, 100.58, 62.15, 62.807, , 1.436, 0.97, 769.596, 769.596, 5.458, 36.756, 36.756, 36.756, 67.798, 63.398, 35.175, 36.067, 7.378, 18.615, 0, 0, 7.692, 7.928, 7.692, 7.928, 1, 80.033, 80.033, 0.024, 0.256, 7.502, 7.731, 7.502, 7.731, 6.796, 7.378, 18.615, , , 1, 9.608, 0, 0, 12.5, 5.458, 189, 0, 0, 0, 43.18, 1.908, 1.853, 104, 13.838, 100, 0, 0, 35, 35, 0, 0.55, 100.5, 0, 0, 103.5, 81.15, 0, 0, 0, 0, 0, 14, 0, 12.5, 0, 5.458, 189, 0, 0, 0, 43.18, 1, 0.002, 0.002, 104, 13.838, 100, 0, 0, 141, 35, 35, 0, 0.55, 0, 100.5, 0, 0, 103.5, 81.15, 0, 0, 0, 0, 
9.6, 24.04, 100.58, 62.15, 62.806, , 5.711, 0.97, 775.457, 775.457, 5.441, 138.187, 138.187, 138.187, 67.752, 58.949, 35.246, 36.246, 7.378, 19.53, 0, 0, 28.997, 29.881, 28.997, 29.881, 1, 80.219, 80.219, 0.024, 0.257, 27.89, 28.739, 27.89, 28.739, 6.82, 7.378, 19.53, , , 1, 9.658, 0, 0, 12.5, 5.441, 189, 0, 0, 0, 41.494, 1.463, 1.42, 104, 13.7, 100, 0, 0, 35, 35, 0, 0.55, 100.5, 0, 0, 103.5, 80.919, 0, 0, 0, 0, 0, 14, 0, 12.5, 0, 5.441, 189, 0, 0, 0, 41.494, 1, 0.001, 0.001, 104, 13.7, 100, 0, 0, 141, 35, 35, 0, 0.55, 0, 100.5, 0, 0, 103.5, 80.919, 0, 0, 0, 0, 
9.65, 24.04, 100.579, 62.15, 62.805, , 9.897, 0.97, 781.295, 781.295, 5.424, 237.504, 237.504, 237.504, 67.756, 53.674, 35.318, 36.425, 7.377, 19.864, 0, 0, 50.033, 51.557, 50.033, 51.557, 1, 80.594, 80.594, 0.024, 0.257, 47.78, 49.235, 47.78, 49.235, 6.843, 7.377, 19.864, , , 1, 9.707, 0, 0, 12.5, 5.424, 189, 0, 0, 0, 39.809, 1.017, 0.987, 104, 13.562, 100, 0, 0, 35, 35, 0, 0.55, 100.5, 0, 0, 103.5, 80.687, 0, 0, 0, 0, 0, 14, 0, 12.5, 0, 5.424, 189, 0, 0, 0, 39.809, 1, 0.001, 0.001, 104, 13.562, 100, 0, 0, 141, 35, 35, 0, 0.55, 0, 100.5, 0, 0, 103.5, 80.687, 0, 0, 0, 0, 
9.7, 24.04, 100.579, 62.15, 62.805, , 14.15, 0.97, 787.132, 787.132, 5.407, 338.433, 338.433, 338.433, 67.798, 66.125, 35.39, 36.605, 7.377, 20.016, 0, 0, 71.533, 73.712, 71.533, 73.712, 1, 81.178, 81.178, 0.024, 0.257, 67.935, 70.003, 67.935, 70.003, 6.868, 7.377, 20.016, , , 1, 9.758, 0, 0, 12.5, 5.407, 189, 0, 0, 0, 38.124, 0.571, 0.554, 104, 13.424, 100, 0, 0, 35, 35, 0, 0.55, 100.5, 0, 0, 103.5, 80.456, 0, 0, 0, 0, 0, 14, 0, 12.5, 0, 5.407, 189, 0, 0, 0, 38.124, 1, 0, 0, 104, 13.424, 100, 0, 0, 141, 35, 35, 0, 0.55, 0, 100.5, 0, 0, 103.5, 80.456, 0, 0, 0, 0, 
9.75, 24.04, 100.579, 62.15, 62.804, , 17.821, 0.97, 792.969, 792.969, 5.39, 425.528, 425.528, 425.528, 67.893, , 35.622, 36.559, 7.377, 19.442, 0, 0, 90.235, 92.982, 90.235, 92.982, 1, 81.97, 81.97, 0.024, 0.257, 85.265, 87.861, 85.265, 87.861, 6.896, 7.377, 19.442, , , 1, 9.807, 0, 0, 12.5, 5.39, 189, 0, 0, 0, 36.438, 0.125, 0.121, 104, 13.286, 100, 0, 0, 35, 35, 0, 0.55, 100.5, 0, 0, 103.5, 80.225, 0, 0, 0, 0, 0, 14, 0, 12.5, 0, 5.39, 189, 0, 0, 0, 36.438, 1, 0, 0, 104, 13.286, 100, 0, 0, 141, 35, 35, 0, 0.55, 0, 100.5, 0, 0, 103.5, 80.225, 0, 0, 0, 0, 
9.8, 24.04, 100.578, 62.15, 62.803, , 18.22, 0.97, 798.813, 798.813, 5.448, 435.03, 435.03, 435.03, 68.028, , 35.971, 36.349, 7.377, 18.728, 0, 0, 93.11, 95.944, 93.11, 95.944, 1, 82.869, 82.869, 0.024, 0.257, 86.971, 89.619, 86.971, 89.619, 6.925, 7.377, 18.728, , , 1, 9.857, 0.013, 0, 12.5, 5.448, 189, 0, 0, 0, 40.44, 2.788, 2.817, 104, 25.1, 100, 0, 0, 34.853, 34.558, 14.8, 1.106, 102.35, 0, 0, 104.906, 80.697, 0, 0, 0.013, 0, 0, 14, 0, 12.5, 0, 5.448, 189, 0, 0, 0, 40.44, 1, 0.003, 0.003, 104, 25.1, 100, 0, 0, 141, 34.853, 34.558, 14.8, 1.106, 0, 102.35, 0, 0, 104.906, 80.697, 0, 0, 0, 0, 
9.85, 24.04, 100.578, 62.15, 62.802, , 17.027, 0.97, 804.8, 804.8, 5.531, 406.741, 406.741, 406.741, 68.109, , 36.32, 36.14, 7.378, 17.373, 0, 0, 88.097, 90.779, 88.097, 90.779, 1, 83.727, 83.727, 0.024, 0.257, 81.197, 83.669, 81.197, 83.669, 6.953, 7.378, 17.373, , , 1, 9.907, 0.031, 0, 12.5, 5.531, 189, 0, 0, 0, 46.44, 6.66, 6.729, 104, 41.114, 100, 0, 0, 34.653, 33.96, 34.8, 1.878, 104.85, 0, 0, 106.806, 81.443, 0, 0, 0.031, 0, 0, 14, 0, 12.5, 0, 5.531, 189, 0, 0, 0, 46.44, 1, 0.007, 0.007, 104, 41.114, 100, 0, 0, 141, 34.653, 33.96, 34.8, 1.878, 0, 104.85, 0, 0, 106.806, 81.443, 0, 0, 0, 0, 
9.9, 24.04, 100.578, 62.15, 62.802, , 16.952, 0.97, 810.862, 810.862, 5.615, 405.004, 405.004, 405.004, 68.039, , 36.669, 35.931, 7.378, 16.049, 0, 0, 88.603, 91.3, 88.603, 91.3, 1, 84.553, 84.553, 0.024, 0.258, 80.936, 83.402, 80.936, 83.402, 6.982, 7.378, 16.049, , , 1, 9.957, 0.049, 0, 12.5, 5.615, 189, 0, 0, 0, 52.44, 10.532, 10.641, 104, 57.128, 100, 0, 0, 34.454, 33.363, 54.8, 2.65, 107.35, 0, 0, 108.706, 82.189, 0, 0, 0.049, 0, 0, 14, 0, 12.5, 0, 5.615, 189, 0, 0, 0, 52.44, 1, 0.01, 0.011, 104, 57.128, 100, 0, 0, 141, 34.454, 33.363, 54.8, 2.65, 0, 107.35, 0, 0, 108.706, 82.189, 0, 0, 0, 0, 
9.95, 24.04, 100.577, 62.15, 62.801, , 16.542, 0.97, 816.894, 816.894, 5.699, 395.288, 395.288, 395.288, 67.801, , 37.018, 35.721, 7.379, 14.885, 0, 0, 87.335, 89.994, 87.335, 89.994, 1, 85.366, 85.366, 0.024, 0.258, 79.251, 81.665, 79.251, 81.665, 7.016, 7.379, 14.885, , , 1, 10.007, 0.067, 0, 12.5, 5.699, 189, 0, 0, 0, 58.44, 14.404, 14.553, 104, 73.142, 100, 0, 0, 34.255, 32.765, 74.8, 3.422, 109.85, 0, 0, 110.606, 82.935, 0, 0, 0.067, 0, 0, 14, 0, 12.5, 0, 5.699, 189, 0, 0, 0, 58.44, 1, 0.014, 0.015, 104, 73.142, 100, 0, 0, 141, 34.255, 32.765, 74.8, 3.422, 0, 109.85, 0, 0, 110.606, 82.935, 0, 0, 0, 0, 
10, 24.04, 100.577, 62.15, 62.8, , 16.521, 0.97, 823.059, 823.059, 5.782, 394.813, 394.813, 394.813, 67.413, , 37.033, 35.475, 7.379, 13.796, 0, 0, 88.042, 90.723, 88.042, 90.723, 1, 86.172, 86.172, 0.024, 0.258, 79.618, 82.044, 79.618, 82.044, 7.05, 7.379, 13.796, , , 1, 10.058, 0.085, 0, 12.5, 5.782, 189, 0, 0, 0, 64.44, 18.276, 18.465, 104, 89.156, 100, 0, 0, 34.056, 32.167, 94.8, 4.194, 112.35, 0, 0, 112.506, 83.681, 0, 0, 0.085, 0, 0, 14, 0, 12.5, 0, 5.782, 189, 0, 0, 0, 64.44, 1, 0.018, 0.019, 104, 89.156, 100, 0, 0, 141, 34.056, 32.167, 94.8, 4.194, 0, 112.35, 0, 0, 112.506, 83.681, 0, 0, 0, 0, 
10.05, 24.04, 100.576, 62.15, 62.8, , 16.519, 0.97, 829.296, 829.296, 5.807, 394.803, 394.803, 394.803, 66.86, , 36.586, 35.178, 7.38, 13.173, 0, 0, 88.854, 91.559, 88.854, 91.559, 1, 86.992, 86.992, 0.025, 0.258, 80.239, 82.683, 80.239, 82.683, 7.083, 7.38, 13.173, , , 1, 10.107, 0.077, 0, 12.5, 5.807, 189, 0, 0, 0, 66, 17.858, 19.106, 104.128, 93.531, 100, 0, 0, 34.277, 32.277, 100, 4.411, 111.577, 0, 0, 111.577, 84.879, 0, 0, 0.077, 0, 0, 14, 0, 12.5, 0, 5.807, 189, 0, 0, 0, 66, 1, 0.018, 0.019, 104.128, 93.531, 100, 0, 0, 141, 34.277, 32.277, 100, 4.411, 0, 111.577, 0, 0, 111.577, 84.879, 0, 0, 0, 0, 
10.1, 24.04, 100.576, 62.15, 62.8, , 16.333, 0.97, 835.554, 835.554, 5.81, 390.413, 390.413, 390.413, 66.386, , 36.14, 34.88, 7.38, 12.619, 0, 0, 88.683, 91.383, 88.683, 91.383, 1, 87.801, 87.801, 0.025, 0.258, 79.928, 82.363, 79.928, 82.363, 7.117, 7.38, 12.619, , , 1, 10.157, 0.06, 0, 12.5, 5.81, 189, 0, 0, 0, 66, 15.771, 18.475, 104.3, 93.815, 100, 0, 0, 34.662, 32.662, 100, 4.413, 109.654, 0, 0, 109.654, 86.252, 0, 0, 0.06, 0, 0, 14, 0, 12.5, 0, 5.81, 189, 0, 0, 0, 66, 1, 0.016, 0.019, 104.3, 93.815, 100, 0, 0, 141, 34.662, 32.662, 100, 4.413, 0, 109.654, 0, 0, 109.654, 86.252, 0, 0, 0, 0, 
10.15, 24.04, 100.576, 62.15, 62.8, , 15.842, 0.97, 841.865, 841.865, 5.814, 378.78, 378.78, 378.78, 66.041, , 35.694, 34.582, 7.38, 12.568, 0, 0, 86.79, 89.433, 86.79, 89.433, 1, 88.593, 88.593, 0.025, 0.259, 77.942, 80.317, 77.942, 80.317, 7.145, 7.38, 12.568, , , 1, 10.207, 0.043, 0, 12.5, 5.814, 189, 0, 0, 0, 66, 13.685, 17.844, 104.472, 94.1, 100, 0, 0, 35.046, 33.046, 100, 4.415, 107.731, 0, 0, 107.731, 87.625, 0, 0, 0.043, 0, 0, 14, 0, 12.5, 0, 5.814, 189, 0, 0, 0, 66, 1, 0.014, 0.018, 104.472, 94.1, 100, 0, 0, 141, 35.046, 33.046, 100, 4.415, 0, 107.731, 0, 0, 107.731, 87.625, 0, 0, 0, 0, 
10.2, 24.04, 100.575, 62.15, 62.8, , 14.057, 0.97, 848.256, 848.256, 5.818, 336.46, 336.46, 336.46, 65.862, , 35.247, 34.285, 7.379, 12.55, 0, 0, 77.599, 79.961, 77.599, 79.961, 1, 89.328, 89.328, 0.025, 0.259, 69.442, 71.558, 69.442, 71.558, 7.173, 7.379, 12.55, , , 1, 10.257, 0.025, 0, 12.5, 5.818, 189, 0, 0, 0, 66, 11.598, 17.214, 104.645, 94.384, 100, 0, 0, 35.431, 33.431, 100, 4.417, 105.808, 0, 0, 105.808, 88.998, 0, 0, 0.025, 0, 0, 14, 0, 12.5, 0, 5.818, 189, 0, 0, 0, 66, 1, 0.011, 0.017, 104.645, 94.384, 100, 0, 0, 141, 35.431, 33.431, 100, 4.417, 0, 105.808, 0, 0, 105.808, 88.998, 0, 0, 0, 0, 
10.25, 24.04, 100.575, 62.15, 62.8, , 12.007, 0.97, 854.742, 854.742, 5.821, 287.862, 287.862, 287.862, 65.888, , 35.102, 34.307, 7.379, 12.826, 0, 0, 66.797, 68.828, 66.797, 68.828, 1, 89.968, 89.968, 0.024, 0.259, 59.476, 61.29, 59.476, 61.29, 7.201, 7.379, 12.826, , , 1, 10.307, 0.008, 0, 12.5, 5.821, 189, 0, 0, 0, 66, 9.512, 16.583, 104.817, 94.669, 100, 0, 0, 35.815, 33.815, 100, 4.419, 103.885, 0, 0, 103.885, 90.371, 0, 0, 0.008, 0, 0, 14, 0, 12.5, 0, 5.821, 189, 0, 0, 0, 66, 1, 0.009, 0.016, 104.817, 94.669, 100, 0, 0, 141, 35.815, 33.815, 100, 4.419, 0, 103.885, 0, 0, 103.885, 90.371, 0, 0, 0, 0, 
10.3, 24.04, 100.575, 62.15, 62.8, , 10.887, 0.97, 861.229, 861.229, 5.855, 261.288, 261.288, 261.288, 66.074, , 35.174, 34.56, 7.378, 13.121, 0, 0, 61.067, 62.924, 61.067, 62.924, 1, 90.545, 90.545, 0.024, 0.259, 53.838, 55.479, 53.838, 55.479, 7.229, 7.378, 13.121, , , 1, 10.357, 0, 0, 12.5, 5.855, 189, 0, 0, 0, 66, 7.588, 16.191, 104.803, 94.634, 100, 0, 0, 36.054, 34.054, 100, 4.419, 101.824, 0, 0, 101.936, 91.198, 0, 0, 0, 0, 0, 13.989, 0, 12.5, 0, 5.855, 189, 0, 0, 0, 66, 1, 0.008, 0.016, 104.803, 94.634, 100, 0, 0, 141, 36.054, 34.054, 100, 4.419, 0, 101.824, 0, 0, 101.936, 91.198, 0, 0, 0, 0, 
10.35, 24.04, 100.574, 62.15, 62.8, , 8.054, 0.97, 867.822, 867.822, 5.916, 194.105, 194.105, 194.105, 66.286, , 35.247, 34.813, 7.378, 13.634, 0, 0, 45.592, 46.979, 45.592, 46.979, 1, 91.018, 91.018, 0.024, 0.259, 39.886, 41.101, 39.886, 41.101, 7.249, 7.378, 13.634, , , 1, 10.407, 0, 0, 12.5, 5.916, 189, 0, 0, 0, 66, 5.815, 16.02, 104.615, 94.327, 100, 0, 0, 36.158, 34.158, 100, 4.417, 99.645, 0, 0, 99.965, 91.521, 0, 0, 0, 0, 0, 13.968, 0, 12.5, 0, 5.916, 189, 0, 0, 0, 66, 1, 0.006, 0.016, 104.615, 94.327, 100, 0, 0, 141, 36.158, 34.158, 100, 4.417, 0, 99.645, 0, 0, 99.965, 91.521, 0, 0, 0, 0, 
10.4, 24.04, 100.574, 62.15, 62.8, , 6.058, 0.97, 874.495, 874.495, 5.976, 146.771, 146.771, 146.771, 66.473, , 35.319, 35.066, 7.377, 14.164, 0, 0, 34.66, 35.715, 34.66, 35.715, 1, 91.361, 91.361, 0.024, 0.259, 30.027, 30.941, 30.027, 30.941, 7.264, 7.377, 14.164, , , 1, 10.457, 0, 0, 12.5, 5.976, 189, 0, 0, 0, 66, 4.042, 15.85, 104.428, 94.02, 100, 0, 0, 36.262, 34.262, 100, 4.415, 97.467, 0, 0, 97.994, 91.844, 0, 0, 0, 0, 0, 13.947, 0, 12.5, 0, 5.976, 189, 0, 0, 0, 66, 1, 0.004, 0.015, 104.428, 94.02, 100, 0, 0, 141, 36.262, 34.262, 100, 4.415, 0, 97.467, 0, 0, 97.994, 91.844, 0, 0, 0, 0, 
10.45, 24.04, 100.573, 62.15, 62.8, , 4.889, 0.97, 881.167, 881.167, 6.036, 119.029, 119.029, 119.029, 66.594, , 35.391, 35.319, 7.377, 15.101, 0, 0, 28.177, 29.037, 28.177, 29.037, 1, 91.632, 91.632, 0.024, 0.259, 24.292, 25.031, 24.292, 25.031, 7.28, 7.377, 15.101, , , 1, 10.508, 0, 0, 12.5, 6.036, 189, 0, 0, 0, 66, 2.269, 15.679, 104.24, 93.713, 100, 0, 0, 36.367, 34.367, 100, 4.413, 95.288, 0, 0, 96.023, 92.167, 0, 0, 0, 0, 0, 13.927, 0, 12.5, 0, 6.036, 189, 0, 0, 0, 66, 1, 0.002, 0.015, 104.24, 93.713, 100, 0, 0, 141, 36.367, 34.367, 100, 4.413, 0, 95.288, 0, 0, 96.023, 92.167, 0, 0, 0, 0, 
10.5, 24.04, 100.573, 62.15, 62.8, , 3.356, 0.97, 887.837, 887.837, 6.096, 82.683, 82.683, 82.683, 66.634, , 35.506, 35.398, 7.377, 16.042, 0, 0, 19.596, 20.196, 19.596, 20.196, 1, 91.841, 91.841, 0.024, 0.258, 16.859, 17.372, 16.859, 17.372, 7.295, 7.377, 16.042, , , 1, 10.557, 0, 0, 12.5, 6.096, 189, 0, 0, 0, 66, 0.496, 15.508, 104.052, 93.406, 100, 0, 0, 36.471, 34.471, 100, 4.411, 93.11, 0, 0, 94.052, 92.49, 0, 0, 0, 0, 0, 13.906, 0, 12.5, 0, 6.096, 189, 0, 0, 0, 66, 1, 0, 0.015, 104.052, 93.406, 100, 0, 0, 141, 36.471, 34.471, 100, 4.411, 0, 93.11, 0, 0, 94.052, 92.49, 0, 0, 0, 0, 
10.55, 24.04, 100.573, 62.15, 62.8, , 1.044, 0.97, 894.509, 894.509, 6.117, 27.834, 27.834, 27.834, 66.634, , 35.649, 35.363, 7.377, 17.131, 0, 0, 6.613, 6.817, 6.613, 6.817, 1, 91.949, 91.949, 0.024, 0.258, 5.679, 5.853, 5.679, 5.853, 7.298, 7.377, 17.131, , , 1, 10.608, 0, 0, 12.5, 6.117, 189, 0, 0, 0, 66, 0, 13.234, 104, 93, 100, 0, 0, 36.572, 34.5, 100, 4.413, 92.861, 0, 0, 93.789, 92.671, 0, 0, 0, 0, 0, 13.9, 0, 12.5, 0, 6.117, 189, 0, 0, 0, 66, 1, 0, 0.013, 104, 93, 100, 0, 0, 141, 36.572, 34.5, 100, 4.413, 0, 92.861, 0, 0, 93.789, 92.671, 0, 0, 0, 0, 
10.6, 24.04, 100.572, 62.15, 62.8, , -0.651, 0.97, 901.18, 901.18, 6.122, -12.374, -12.374, -12.374, 66.645, , 35.793, 35.327, 7.377, 18.22, 0, 0, -2.934, -3.022, -2.934, -3.022, 1, 91.955, 91.955, 0.024, 0.257, -2.512, -2.587, -2.512, -2.587, 7.289, 7.377, 18.22, , , 1, 10.657, 0, 0, 12.5, 6.122, 189, 0, 0, 0, 66, 0, 10.142, 104, 92.557, 100, 0, 0, 36.672, 34.5, 100, 4.417, 93.363, 0, 0, 94.191, 92.797, 0, 0, 0, 0, 0, 13.9, 0, 12.5, 0, 6.122, 189, 0, 0, 0, 66, 1, 0, 0.01, 104, 92.557, 100, 0, 0, 141, 36.672, 34.5, 100, 4.417, 0, 93.363, 0, 0, 94.191, 92.797, 0, 0, 0, 0, 
10.65, 24.04, 100.572, 62.15, 62.8, , -3.485, 0.97, 907.984, 907.984, 6.127, -79.622, -79.622, -79.622, 66.691, , 35.936, 35.291, 7.377, 19.152, 0, 0, -18.871, -19.445, -18.871, -19.445, 1, 91.853, 91.853, 0.024, 0.257, -16.203, -16.695, -16.203, -16.695, 7.281, 7.377, 19.152, , , 1, 10.707, 0, 0, 12.5, 6.127, 189, 0, 0, 0, 66, 0, 7.05, 104, 92.113, 100, 0, 0, 36.772, 34.5, 100, 4.421, 93.865, 0, 0, 94.592, 92.923, 0, 0, 0, 0, 0, 13.9, 0, 12.5, 0, 6.127, 189, 0, 0, 0, 66, 1, 0, 0.007, 104, 92.113, 100, 0, 0, 141, 36.772, 34.5, 100, 4.421, 0, 93.865, 0, 0, 94.592, 92.923, 0, 0, 0, 0, 
10.7, 24.04, 100.571, 62.15, 62.8, , -5.184, 0.97, 914.774, 914.774, 6.132, -119.929, -119.929, -119.929, 66.774, , 36.08, 35.255, 7.377, 20.084, 0, 0, -28.377, -29.241, -28.377, -29.241, 1, 91.623, 91.623, 0.024, 0.256, -24.393, -25.136, -24.393, -25.136, 7.272, 7.377, 20.084, , , 1, 10.758, 0, 0, 12.5, 6.132, 189, 0, 0, 0, 66, 0, 3.958, 104, 91.669, 100, 0, 0, 36.872, 34.5, 100, 4.425, 94.367, 0, 0, 94.994, 93.049, 0, 0, 0, 0, 0, 13.9, 0, 12.5, 0, 6.132, 189, 0, 0, 0, 66, 1, 0, 0.004, 104, 91.669, 100, 0, 0, 141, 36.872, 34.5, 100, 4.425, 0, 94.367, 0, 0, 94.994, 93.049, 0, 0, 0, 0, 
10.75, 24.04, 100.571, 62.15, 62.8, , -6.241, 0.97, 921.461, 921.461, 6.137, -145.018, -145.018, -145.018, 66.852, , 36.014, 35.135, 7.377, 20.397, 0, 0, -34.24, -35.284, -34.24, -35.284, 1, 91.334, 91.334, 0.024, 0.255, -29.473, -30.372, -29.473, -30.372, 7.263, 7.377, 20.397, , , 1, 10.807, 0, 0, 12.5, 6.137, 189, 0, 0, 0, 66, 0, 0.866, 104, 91.225, 100, 0, 0, 36.972, 34.5, 100, 4.429, 94.869, 0, 0, 95.396, 93.175, 0, 0, 0, 0, 0, 13.9, 0, 12.5, 0, 6.137, 189, 0, 0, 0, 66, 1, 0, 0.001, 104, 91.225, 100, 0, 0, 141, 36.972, 34.5, 100, 4.429, 0, 94.869, 0, 0, 95.396, 93.175, 0, 0, 0, 0, 
10.8, 24.04, 100.571, 62.15, 62.8, , -7.229, 0.97, 928.234, 928.234, 6.125, -168.464, -168.464, -168.464, 66.926, , 35.797, 34.954, 7.377, 20.698, 0, 0, -39.688, -40.897, -39.688, -40.897, 1, 90.992, 90.992, 0.024, 0.256, -34.217, -35.259, -34.217, -35.259, 7.255, 7.377, 20.698, , , 1, 10.857, 0, 0, 12.5, 6.125, 189, 0, 0, 0, 64.843, 0.321, 0.301, 103.734, 79.751, 100, 0, 0, 36.711, 34.572, 85.2, 3.869, 95.814, 0, 0, 96.684, 92.94, 0, 0, 0, 0, 0, 13.915, 0, 12.5, 0, 6.125, 189, 0, 0, 0, 64.816, 1, 0, 0, 103.734, 79.751, 100, 0, 0, 141, 36.711, 34.572, 85.2, 3.869, 0, 95.814, 0, 0, 96.684, 92.94, 0, 0, 0, 0, 
10.85, 24.04, 100.57, 62.15, 62.8, , -7.04, 0.97, 934.937, 934.937, 6.108, -164.002, -164.002, -164.002, 67.013, , 35.58, 34.774, 7.377, 20.501, 0, 0, -38.484, -39.656, -38.484, -39.656, 1, 90.631, 90.631, 0.024, 0.256, -33.267, -34.282, -33.267, -34.282, 7.248, 7.377, 20.501, , , 1, 10.907, 0, 0, 12.5, 6.108, 189, 0, 0, 0, 63.237, 0.767, 0.718, 103.374, 64.401, 100, 0, 0, 36.309, 34.673, 65.2, 3.09, 96.914, 0, 0, 98.284, 92.564, 0, 0, 0, 0, 0, 13.935, 0, 12.5, 0, 6.108, 189, 0, 0, 0, 63.216, 1, 0.001, 0.001, 103.374, 64.401, 100, 0, 0, 141, 36.309, 34.673, 65.2, 3.09, 0, 96.914, 0, 0, 98.284, 92.564, 0, 0, 0, 0, 
10.9, 24.04, , , 62.8, , -6.684, , 941.608, 941.608, 6.091, -155.572, -155.572, -155.572, 67.095, , 35.364, 34.593, 7.377, 20.283, 0, 0, -36.356, -37.463, -36.356, -37.463, 1, 90.288, 90.288, 0.024, 0.256, -31.515, -32.476, -31.515, -32.476, 7.24, 7.377, 20.283, , , 1, 10.957, 0, 0, 12.5, 6.091, 189, 0, 0, 0, 61.631, 1.213, 1.136, 103.014, 49.051, 100, 0, 0, 35.908, 34.773, 45.2, 2.311, 98.014, 0, 0, 99.884, 92.189, 0, 0, 0, 0, 0, 13.955, 0, 12.5, 0, 6.091, 189, 0, 0, 0, 61.616, 1, 0.001, 0.001, 103.014, 49.051, 100, 0, 0, 141, 35.908, 34.773, 45.2, 2.311, 0, 98.014, 0, 0, 99.884, 92.189, 0, 0, 0, 0, 
10.95, 24.04, , , 62.8, , -6.499, , 948.279, 948.279, 6.074, -151.174, -151.174, -151.174, 67.18, , 35.147, 34.412, 7.378, 19.993, 0, 0, -35.194, -36.265, -35.194, -36.265, 1, 89.957, 89.957, 0.024, 0.256, -30.585, -31.517, -30.585, -31.517, 7.232, 7.378, 19.993, , , 1, 11.007, 0, 0, 12.5, 6.074, 189, 0, 0, 0, 60.024, 1.658, 1.554, 102.654, 33.701, 100, 0, 0, 35.506, 34.873, 25.2, 1.532, 99.114, 0, 0, 101.484, 91.813, 0, 0, 0, 0, 0, 13.975, 0, 12.5, 0, 6.074, 189, 0, 0, 0, 60.016, 1, 0.001, 0.001, 102.654, 33.701, 100, 0, 0, 141, 35.506, 34.873, 25.2, 1.532, 0, 99.114, 0, 0, 101.484, 91.813, 0, 0, 0, 0, 
11, 24.04, , , 62.8, , -6.531, , 954.888, 954.888, 6.057, -151.946, -151.946, -151.946, 67.271, , 35.125, 34.448, 7.378, 19.698, 0, 0, -35.244, -36.317, -35.244, -36.317, 1, 89.628, 89.628, 0.024, 0.256, -30.698, -31.634, -30.698, -31.634, 7.233, 7.378, 19.698, , , 1, 11.058, 0, 0, 12.5, 6.057, 189, 0, 0, 0, 58.418, 2.104, 1.971, 102.294, 18.351, 100, 0, 0, 35.104, 34.974, 5.2, 0.753, 100.214, 0, 0, 103.084, 91.438, 0, 0, 0, 0, 0, 13.995, 0, 12.5, 0, 6.057, 189, 0, 0, 0, 58.416, 1, 0.002, 0.002, 102.294, 18.351, 100, 0, 0, 141, 35.104, 34.974, 5.2, 0.753, 0, 100.214, 0, 0, 103.084, 91.438, 0, 0, 0, 0, 
11.05, 24.04, , , 62.8, , -6.586, , 961.489, 961.489, 6.044, -153.278, -153.278, -153.278, 67.372, , 35.232, 34.627, 7.379, 19.644, 0, 0, -35.42, -36.498, -35.42, -36.498, 1, 89.297, 89.297, 0.024, 0.257, -30.92, -31.862, -30.92, -31.862, 7.233, 7.379, 19.644, , , 1, 11.107, 0, 0, 12.5, 6.044, 189, 0, 0, 0, 55.632, 1.891, 1.772, 102.2, 14.196, 100, 0, 0, 35, 35, 0, 0.55, 100.5, 0, 0, 103.5, 91.065, 0, 0, 0, 0, 0, 14, 0, 12.5, 0, 6.044, 189, 0, 0, 0, 55.632, 1, 0.002, 0.002, 102.2, 14.196, 100, 0, 0, 141, 35, 35, 0, 0.55, 0, 100.5, 0, 0, 103.5, 91.065, 0, 0, 0, 0, 
11.1, 24.04, , , 62.8, , -6.585, , 968.026, 968.026, 6.031, -153.266, -153.266, -153.266, 67.461, , 35.34, 34.806, 7.379, 19.611, 0, 0, -35.283, -36.357, -35.283, -36.357, 1, 88.964, 88.964, 0.025, 0.257, -30.878, -31.817, -30.878, -31.817, 7.233, 7.379, 19.611, , , 1, 11.157, 0, 0, 12.5, 6.031, 189, 0, 0, 0, 52.432, 1.447, 1.356, 102.2, 13.974, 100, 0, 0, 35, 35, 0, 0.55, 100.5, 0, 0, 103.5, 90.693, 0, 0, 0, 0, 0, 14, 0, 12.5, 0, 6.031, 189, 0, 0, 0, 52.432, 1, 0.001, 0.001, 102.2, 13.974, 100, 0, 0, 141, 35, 35, 0, 0.55, 0, 100.5, 0, 0, 103.5, 90.693, 0, 0, 0, 0, 
11.15, 24.04, , , 62.8, , -6.602, , 974.606, 974.606, 6.018, -153.68, -153.68, -153.68, 67.529, , 35.447, 34.985, 7.38, 19.83, 0, 0, -35.248, -36.32, -35.248, -36.32, 1, 88.635, 88.635, 0.025, 0.258, -30.931, -31.871, -30.931, -31.871, 7.234, 7.38, 19.83, , , 1, 11.207, 0, 0, 12.5, 6.018, 189, 0, 0, 0, 49.232, 1.003, 0.94, 102.2, 13.752, 100, 0, 0, 35, 35, 0, 0.55, 100.5, 0, 0, 103.5, 90.321, 0, 0, 0, 0, 0, 14, 0, 12.5, 0, 6.018, 189, 0, 0, 0, 49.232, 1, 0.001, 0.001, 102.2, 13.752, 100, 0, 0, 141, 35, 35, 0, 0.55, 0, 100.5, 0, 0, 103.5, 90.321, 0, 0, 0, 0, 
11.2, 24.04, , , 62.8, , -6.696, , 981.222, 981.222, 6.005, -155.918, -155.918, -155.918, 67.579, , 35.555, 35.165, 7.38, 20.076, 0, 0, -35.628, -36.711, -35.628, -36.711, 1, 88.298, 88.298, 0.025, 0.258, -31.359, -32.312, -31.359, -32.312, 7.226, 7.38, 20.076, , , 1, 11.257, 0, 0, 12.5, 6.005, 189, 0, 0, 0, 46.032, 0.559, 0.524, 102.2, 13.53, 100, 0, 0, 35, 35, 0, 0.55, 100.5, 0, 0, 103.5, 89.949, 0, 0, 0, 0, 0, 14, 0, 12.5, 0, 6.005, 189, 0, 0, 0, 46.032, 1, 0.001, 0.001, 102.2, 13.53, 100, 0, 0, 141, 35, 35, 0, 0.55, 0, 100.5, 0, 0, 103.5, 89.949, 0, 0, 0, 0, 
11.25, 24.04, , , 62.8, , -6.711, , 987.708, 987.708, 5.992, -156.276, -156.276, -156.276, 67.611, , 35.6, 35.345, 7.38, 20.405, 0, 0, -35.574, -36.656, -35.574, -36.656, 1, 87.959, 87.959, 0.025, 0.258, -31.418, -32.373, -31.418, -32.373, 7.217, 7.38, 20.405, , , 1, 11.307, 0, 0, 12.5, 5.992, 189, 0, 0, 0, 42.832, 0.115, 0.108, 102.2, 13.308, 100, 0, 0, 35, 35, 0, 0.55, 100.5, 0, 0, 103.5, 89.577, 0, 0, 0, 0, 0, 14, 0, 12.5, 0, 5.992, 189, 0, 0, 0, 42.832, 1, 0, 0, 102.2, 13.308, 100, 0, 0, 141, 35, 35, 0, 0.55, 0, 100.5, 0, 0, 103.5, 89.577, 0, 0, 0, 0, 
11.3, 24.04, , , 62.8, , -6.691, , 994.195, 994.195, 5.973, -155.804, -155.804, -155.804, 67.625, , 35.6, 35.526, 7.38, 20.744, 0, 0, -35.33, -36.404, -35.33, -36.404, 1, 87.62, 87.62, 0.024, 0.258, -31.318, -32.27, -31.318, -32.27, 7.207, 7.38, 20.744, , , 1, 11.357, 0, 0, 12.5, 5.973, 189, 0, 0, 0, 41.083, 0, 0, 102.2, 13.025, 100, 0, 0, 33.471, 33.477, 0, 0.55, 100.5, 0, 0, 103.5, 89.195, 0, 0, 0, 0, 0, 14, 0, 12.5, 0, 5.973, 189, 0, 0, 0, 41.083, 1, 0, 0, 102.2, 13.025, 100, 0, 0, 141, 33.471, 33.471, 0, 0.55, 0, 100.5, 0, 0, 103.5, 89.195, 0, 0, 0, 0, 
11.35, , , , , , -6.666, , 1000.646, 1000.646, 5.951, -155.225, -155.225, -155.225, 67.637, , 35.6, 35.706, 7.38, 21.066, 0, 0, -35.063, -36.129, -35.063, -36.129, 1, 87.281, 87.281, 0.024, 0.258, -31.195, -32.145, -31.195, -32.145, 7.198, 7.38, 21.066, , , 1, 11.407, 0, 0, 12.5, 5.951, 189, 0, 0, 0, 39.843, 0, 0, 102.2, 12.722, 100, 0, 0, 31.405, 31.42, 0, 0.55, 100.5, 0, 0, 103.5, 88.81, 0, 0, 0, 0, 0, 14, 0, 12.5, 0, 5.951, 189, 0, 0, 0, 39.843, 1, 0, 0, 102.2, 12.722, 100, 0, 0, 141, 31.405, 31.405, 0, 0.55, 0, 100.5, 0, 0, 103.5, 88.81, 0, 0, 0, 0, 
11.4, , , , , , -6.675, , 1007.037, 1007.037, 5.929, -155.451, -155.451, -155.451, 67.65, , 35.6, 35.887, 7.38, 21.386, 0, 0, -34.98, -36.044, -34.98, -36.044, 1, 86.949, 86.949, 0.024, 0.259, -31.233, -32.185, -31.233, -32.185, 7.194, 7.38, 21.386, , , 1, 11.457, 0, 0, 12.5, 5.929, 189, 0, 0, 0, 38.603, 0, 0, 102.2, 12.418, 100, 0, 0, 29.339, 29.362, 0, 0.55, 100.5, 0, 0, 103.5, 88.426, 0, 0, 0, 0, 0, 14, 0, 12.5, 0, 5.929, 189, 0, 0, 0, 38.603, 1, 0, 0, 102.2, 12.418, 100, 0, 0, 141, 29.339, 29.339, 0, 0.55, 0, 100.5, 0, 0, 103.5, 88.426, 0, 0, 0, 0, 
11.45, , , , , , -6.663, , 1013.52, 1013.52, 5.907, -155.193, -155.193, -155.193, 67.669, , 35.6, 36.068, 7.38, 21.663, 0, 0, -34.784, -35.843, -34.784, -35.843, 1, 86.612, 86.612, 0.024, 0.259, -31.173, -32.124, -31.173, -32.124, 7.193, 7.38, 21.663, , , 1, 11.507, 0, 0, 12.5, 5.907, 189, 0, 0, 0, 37.364, 0, 0, 102.2, 12.114, 100, 0, 0, 27.273, 27.305, 0, 0.55, 100.5, 0, 0, 103.5, 88.041, 0, 0, 0, 0, 0, 14, 0, 12.5, 0, 5.907, 189, 0, 0, 0, 37.364, 1, 0, 0, 102.2, 12.114, 100, 0, 0, 141, 27.273, 27.273, 0, 0.55, 0, 100.5, 0, 0, 103.5, 88.041, 0, 0, 0, 0, 
11.5, , , , , , -6.645, , 1019.88, 1019.88, 5.885, -154.766, -154.766, -154.766, 67.691, , 35.535, 36.269, 7.38, 21.931, 0, 0, -34.557, -35.609, -34.557, -35.609, 1, 86.274, 86.274, 0.024, 0.259, -31.077, -32.025, -31.077, -32.025, 7.193, 7.38, 21.931, , , 1, 11.556, 0, 0, 12.5, 5.885, 189, 0, 0, 0, 36.124, 0, 0, 102.2, 11.81, 100, 0, 0, 25.207, 25.247, 0, 0.55, 100.5, 0, 0, 103.5, 87.656, 0, 0, 0, 0, 0, 14, 0, 12.5, 0, 5.885, 189, 0, 0, 0, 36.124, 1, 0, 0, 102.2, 11.81, 100, 0, 0, 141, 25.207, 25.207, 0, 0.55, 0, 100.5, 0, 0, 103.5, 87.656, 0, 0, 0, 0, 
11.55, , , , , , -6.62, , 1026.267, 1026.267, 5.865, -154.194, -154.194, -154.194, 67.712, , 35.428, 36.484, 7.38, 22.1, 0, 0, -34.296, -35.339, -34.296, -35.339, 1, 85.943, 85.943, 0.024, 0.259, -30.988, -31.934, -30.988, -31.934, 7.193, 7.38, 22.1, , , 1, 11.606, 0, 0, 12.5, 5.865, 189, 0, 0, 0, 36, 0, 0, 102.514, 11.78, 100, 0, 0, 22.733, 22.774, 0, 0.55, 100.5, 0, 0, 103.5, 87.398, 0, 0, 0, 0, 0, 14, 0, 12.5, 0, 5.865, 189, 0, 0, 0, 36, 1, 0, 0, 102.514, 11.78, 100, 0, 0, 141, 22.733, 22.733, 0, 0.55, 0, 100.5, 0, 0, 103.5, 87.398, 0, 0, 0, 0, 
11.6, , , , , , -6.62, , 1032.578, 1032.578, 5.844, -154.187, -154.187, -154.187, 67.724, , 35.32, 36.699, 7.38, 22.243, 0, 0, -34.162, -35.2, -34.162, -35.2, 1, 85.611, 85.611, 0.024, 0.259, -30.969, -31.913, -30.969, -31.913, 7.196, 7.38, 22.243, , , 1, 11.657, 0, 0, 12.5, 5.844, 189, 0, 0, 0, 36, 0, 0, 102.863, 11.78, 100, 0, 0, 20.213, 20.245, 0, 0.55, 100.5, 0, 0, 103.5, 87.156, 0, 0, 0, 0, 0, 14, 0, 12.5, 0, 5.844, 189, 0, 0, 0, 36, 1, 0, 0, 102.863, 11.78, 100, 0, 0, 141, 20.213, 20.213, 0, 0.55, 0, 100.5, 0, 0, 103.5, 87.156, 0, 0, 0, 0, 
11.65, , , , , , -6.605, , 1038.889, 1038.889, 5.824, -153.842, -153.842, -153.842, 67.737, , 35.213, 36.915, 7.381, 22.319, 0, 0, -33.955, -34.985, -33.955, -34.985, 1, 85.279, 85.279, 0.024, 0.259, -30.997, -31.941, -30.997, -31.941, 7.208, 7.381, 22.319, , , 1, 11.707, 0, 0, 12.5, 5.824, 189, 0, 0, 0, 36, 0, 0, 103.212, 11.78, 100, 0, 0, 17.694, 17.716, 0, 0.55, 100.5, 0, 0, 103.5, 86.915, 0, 0, 0, 0, 0, 14, 0, 12.5, 0, 5.824, 189, 0, 0, 0, 36, 1, 0, 0, 103.212, 11.78, 100, 0, 0, 141, 17.694, 17.694, 0, 0.55, 0, 100.5, 0, 0, 103.5, 86.915, 0, 0, 0, 0, 
11.7, , , , , , -6.588, , 1045.199, 1045.199, 5.804, -153.458, -153.458, -153.458, 67.749, , 35.105, 37.13, 7.382, 22.376, 0, 0, -33.736, -34.76, -33.736, -34.76, 1, 84.947, 84.947, 0.024, 0.259, -30.811, -31.747, -30.811, -31.747, 7.219, 7.382, 22.376, , , 1, 11.757, 0, 0, 12.5, 5.804, 189, 0, 0, 0, 36, 0, 0, 103.56, 11.78, 100, 0, 0, 15.174, 15.187, 0, 0.55, 100.5, 0, 0, 103.5, 86.674, 0, 0, 0, 0, 0, 14, 0, 12.5, 0, 5.804, 189, 0, 0, 0, 36, 1, 0, 0, 103.56, 11.78, 100, 0, 0, 141, 15.174, 15.174, 0, 0.55, 0, 100.5, 0, 0, 103.5, 86.674, 0, 0, 0, 0, 
11.75, , , , , , -6.583, , 1051.122, 1051.122, 5.783, -153.341, -153.341, -153.341, 67.758, , 35.185, 36.969, 7.382, 22.39, 0, 0, -33.635, -34.655, -33.635, -34.655, 1, 84.693, 84.693, 0.024, 0.259, , , , , 7.231, 7.382, 22.39, , , 1, 11.807, 0, 0, 12.5, 5.783, 189, 0, 0, 0, 36, 0, 0, 103.909, 11.78, 100, 0, 0, 12.655, 12.658, 0, 0.55, 100.5, 0, 0, 103.5, 86.433, 0, 0, 0, 0, 0, 14, 0, 12.5, 0, 5.783, 189, 0, 0, 0, 36, 1, 0, 0, 103.909, 11.78, 100, 0, 0, 141, 12.655, 12.655, 0, 0.55, 0, 100.5, 0, 0, 103.5, 86.433, 0, 0, 0, 0, 
11.8, , , , , , -6.589, , 1054.225, 1054.225, , -153.485, -153.485, -153.485, , , 35.401, 36.537, 7.383, 22.39, 0, 0, -33.601, -34.621, -33.601, -34.621, 1, 84.529, 84.529, , , , , , , , 7.383, 22.39, , , 1, 11.838, , , , , , , , , , , , , , , , , , , , , , , , , , , , , , , , , , , , , , , , , , , , , , , , , , , , , , , , , , , , , , , , 
11.85, , , , , , -6.57, , 1057.328, 1057.328, , -153.049, -153.049, -153.049, , , 35.617, 36.105, 7.384, 22.39, 0, 0, -33.439, -34.453, -33.439, -34.453, 1, 84.364, 84.364, , , , , , , , 7.384, 22.39, , , 1, 11.863, , , , , , , , , , , , , , , , , , , , , , , , , , , , , , , , , , , , , , , , , , , , , , , , , , , , , , , , , , , , , , , , 
11.9, , , , , , -6.604, , 1060.41, 1060.41, , -153.865, -153.865, -153.865, , , 35.833, 35.673, 7.386, 22.39, , , -33.552, -34.572, -33.552, -34.572, , 84.199, 84.199, , , , , , , , 7.386, 22.39, , , 1, 11.888, , , , , , , , , , , , , , , , , , , , , , , , , , , , , , , , , , , , , , , , , , , , , , , , , , , , , , , , , , , , , , , , 
11.95, , , , , , , , 1063.537, 1063.537, , , , , , , 36.049, 35.241, , , , , , , , , , 84.033, 84.033, , , , , , , , , , , , 1, 11.913, , , , , , , , , , , , , , , , , , , , , , , , , , , , , , , , , , , , , , , , , , , , , , , , , , , , , , , , , , , , , , , , 
