Time, (DWRT ATMO) Humidity, (DWRT ATMO) Pressure, (DWRT ATMO) Temperature 1, (DWRT ATMO) Temperature 2, (DWRT CPU) ????????????????????????????????????????????????????????????????, (DWRT CPU) Acceleration, (DWRT CPU) Correction Factor, (DWRT CPU) Distance, (DWRT CPU) Distance 1, (DWRT CPU) Engine RPM, (DWRT CPU) Force, (DWRT CPU) Force 1, (DWRT CPU) Force Drum 1, (DWRT CPU) Gear Ratio, (DWRT CPU) Inductive 1 Signal Strength, (DWRT CPU) Internal Temp 1, (DWRT CPU) Internal Temp 2, (DWRT CPU) LC1 Volts Petrol AFR, (DWRT CPU) LC2 Volts Petrol AFR2, (DWRT CPU) Link 0 Status, (DWRT CPU) Link 1 Status, (DWRT CPU) Power, (DWRT CPU) Power (uncorrected), (DWRT CPU) Power Drum 1, (DWRT CPU) Power Drum 1 (uncorrected), (DWRT CPU) Sampling, (DWRT CPU) Speed, (DWRT CPU) Speed 1, (DWRT CPU) TCP RX kB/s, (DWRT CPU) TCP TX kB/s, (DWRT CPU) Torque, (DWRT CPU) Torque (uncorrected), (DWRT CPU) Torque Drum 1, (DWRT CPU) Torque Drum 1 (uncorrected), (DWRT CPU) UDP RX kB/s, (DWRT CPU) User Analog 1, (DWRT CPU) User Analog 2, (DWRT CPU) User Analog 3, (DWRT CPU) User Analog 4, (Gen) Sampling, (Gen) Sampling Duration, (Harley - ECU Type 14 SW Level 141) Accel Enrichment, (Harley - ECU Type 14 SW Level 141) Decel Enleanment, (Harley - ECU Type 14 SW Level 141) Desired Air/Fuel, (Harley - ECU Type 14 SW Level 141) Engine Speed, (Harley - ECU Type 14 SW Level 141) Engine Temperature, (Harley - ECU Type 14 SW Level 141) Front Adaptive Fuel Factor, (Harley - ECU Type 14 SW Level 141) Front Closed Loop Integrator, (Harley - ECU Type 14 SW Level 141) Front Spark Knock Retard, (Harley - ECU Type 14 SW Level 141) Idle Air Control Motor Position, (Harley - ECU Type 14 SW Level 141) Injector Time Front, (Harley - ECU Type 14 SW Level 141) Injector Time Rear, (Harley - ECU Type 14 SW Level 141) Intake Air Temperature, (Harley - ECU Type 14 SW Level 141) Manifold Absolute Pressure, (Harley - ECU Type 14 SW Level 141) Rear Adaptive Fuel Factor, (Harley - ECU Type 14 SW Level 141) Rear Closed Loop Integrator, (Harley - ECU Type 14 SW Level 141) Rear Spark Knock Retard, (Harley - ECU Type 14 SW Level 141) Spark Advance Front, (Harley - ECU Type 14 SW Level 141) Spark Advance Rear, (Harley - ECU Type 14 SW Level 141) Throttle Position, (Harley - ECU Type 14 SW Level 141) Throttle Position Sensor Voltage, (Harley - ECU Type 14 SW Level 141) VE Front, (Harley - ECU Type 14 SW Level 141) VE New Front, (Harley - ECU Type 14 SW Level 141) VE New Rear, (Harley - ECU Type 14 SW Level 141) VE Rear, (Harley - ECU Type 14 SW Level 141) Vehicle Speed, (Harley - ECU Type 14 SW Level 141) WBO2 AFR Front, (Harley - ECU Type 14 SW Level 141) WBO2 AFR Rear, (PV) Accel Enrichment, (PV) AT Lambda 1, (PV) AT Lambda 2, (PV) Battery Voltage, (PV) Decel Enleanment, (PV) Desired Air/Fuel, (PV) Desired Lambda, (PV) Engine Speed, (PV) Engine Temperature, (PV) Front Adaptive Fuel Factor, (PV) Front Closed Loop Integrator, (PV) Front Spark Knock Retard, (PV) Idle Air Control Motor Position, (PV) Idle Set Speed, (PV) Injector Time Front, (PV) Injector Time Rear, (PV) Intake Air Temperature, (PV) Manifold Absolute Pressure, (PV) Rear Adaptive Fuel Factor, (PV) Rear Closed Loop Integrator, (PV) Rear Spark Knock Retard, (PV) Software Level, (PV) Spark Advance Front, (PV) Spark Advance Rear, (PV) Throttle Position, (PV) Throttle Position Sensor, (PV) Twistgrip Position, (PV) VE Front, (PV) VE New Front, (PV) VE New Rear, (PV) VE Rear, (PV) Vehicle Speed, (PV) Warm-up Fuel AFR (Lambda), (PV) Warm-up Fuel AFR (Ratio), (PV) WBO2 AFR Front, (PV) WBO2 AFR Rear, 
0, , , , , , -1.739, , , , , -39.37, -39.37, -39.37, , , , , , , , , , , , , , , , , , , , , , , , , , , , , , , , , , , , , , , , , , , , , , , , , , , , , , , , , , , , , , , , , , , , , , , , , , , , , , , , , , , , , , , , , , , , 
0.05, , , , , , -2.856, , , , , -65.884, -65.884, -65.884, , , , , 7.377, 16.875, 0, 0, , , , , 1, 46.218, 46.218, 0.024, 0.032, , , , , 5.024, 7.377, 16.875, , , 1, 0.033, , , , , , , , , , , , , , , , , , , , , , , , , , , , , , , , , , , , , , , , , , , , , , , , , , , , , , , , , , , , , , , , 
0.1, , , , , , -4.45, , 5.482, 5.482, , -103.703, -103.703, -103.703, , , , , 7.377, 16.577, 0, 0, -15.247, -15.656, -15.247, -15.656, 1, 46.088, 46.088, 0.024, 0.032, , , , , 4.993, 7.377, 16.577, , , 1, 0.116, 0, 0, 14.1, 1.99, 153, 0, 0, 0, 48, 2.675, 2.587, 100.4, 25.575, 100, 0, 0, 19.904, 19.904, 0, 0.55, 79.5, 0, 0, 84.5, 46.244, 0, 0, 0, 0, 0, 14.1, 0, 14.1, 0, 1.99, 153, 0, 0, 0, 48, 1, 0.003, 0.003, 100.4, 25.575, 100, 0, 0, 141, 19.904, 19.904, 0, 0.55, 0, 79.5, 0, 0, 84.5, 46.244, 0, 0, 0, 0, 
0.15, , , , , , -6.575, , 10.541, 10.541, , -154.111, -154.111, -154.111, , , , , 7.377, 16.52, 0, 0, -22.043, -22.638, -22.043, -22.638, 1, 45.499, 45.499, 0.024, 0.032, , , , , 4.961, 7.377, 16.52, , , 1, 0.2, 0, 0, 14.1, 1.984, 153, 0, 0, 0, 48, 2.712, 2.616, 100.4, 25.729, 100, 0, 0, 19.8, 19.8, 0, 0.55, 79.5, 0, 0, 84.5, 45.856, 0, 0, 0, 0, 0, 14.1, 0, 14.1, 0, 1.984, 153, 0, 0, 0, 48, 1, 0.003, 0.003, 100.4, 25.729, 100, 0, 0, 141, 19.8, 19.8, 0, 0.55, 0, 79.5, 0, 0, 84.5, 45.856, 0, 0, 0, 0, 
0.2, , , , , , -9.455, , 15.544, 15.544, , -222.451, -222.451, -222.451, , , , , 7.377, 16.623, 0, 0, -29.971, -30.781, -29.971, -30.781, 1, 44.529, 44.529, 0.024, 0.032, , , , , 4.93, 7.377, 16.623, , , 1, 0.259, 0, 0, 14.1, 1.978, 153, 0, 0, 0, 48, 2.75, 2.645, 100.4, 25.883, 100, 0, 0, 19.696, 19.696, 0, 0.55, 79.5, 0, 0, 84.5, 45.468, 0, 0, 0, 0, 0, 14.1, 0, 14.1, 0, 1.978, 153, 0, 0, 0, 48, 1, 0.003, 0.003, 100.4, 25.883, 100, 0, 0, 141, 19.696, 19.696, 0, 0.55, 0, 79.5, 0, 0, 84.5, 45.468, 0, 0, 0, 0, 
0.25, , , , , , -12.399, , 20.489, 20.489, , -292.336, -292.336, -292.336, , , , , 7.377, 16.697, 0, 0, -34.581, -35.516, -34.581, -35.516, 1, 43.281, 43.281, 0.024, 0.032, , , , , 4.899, 7.377, 16.697, , , 1, 0.325, 0, 0, 14.1, 1.973, 153, 0, 0, 0, 48, 2.787, 2.674, 100.4, 26.037, 100, 0, 0, 19.592, 19.592, 0, 0.55, 79.5, 0, 0, 84.5, 45.081, 0, 0, 0, 0, 0, 14.1, 0, 14.1, 0, 1.973, 153, 0, 0, 0, 48, 1, 0.003, 0.003, 100.4, 26.037, 100, 0, 0, 141, 19.592, 19.592, 0, 0.55, 0, 79.5, 0, 0, 84.5, 45.081, 0, 0, 0, 0, 
0.3, , , , , , -12.653, , 25.365, 25.365, , -298.384, -298.384, -298.384, , , 36.074, 35.545, 7.377, 16.748, 0, 0, -32.97, -33.862, -32.97, -33.862, 1, 42.168, 42.168, 0.024, 0.032, -828.689, -851.08, -828.689, -851.08, 4.879, 7.377, 16.748, , , 1, 0.384, 0.213, 0, 14.111, 1.965, 153, 0, 0, 0, 48.384, 3.22, 3.215, 100.4, 26.211, 100, 0, 0, 19.536, 19.644, 0.112, 0.558, 80.169, 0, 0, 85.002, 44.65, 0, 0, 0.214, 0, 0, 14.1, 0, 14.111, 0, 1.965, 153, 0, 0, 0, 48.384, 1, 0.003, 0.004, 100.4, 26.211, 100, 0, 0, 141, 19.536, 19.644, 0.112, 0.558, 0, 80.169, 0, 0, 85.002, 44.65, 0, 0, 0, 0, 
0.35, , , , , , -9.175, , 30.163, 30.163, , -215.871, -215.871, -215.871, , , 35.75, 35.473, 7.377, 16.666, 0, 0, -23.642, -24.282, -23.642, -24.282, 1, 41.5, 41.5, 0.024, 0.032, -602.759, -619.045, -602.759, -619.045, 4.863, 7.377, 16.666, , , 1, 0.434, 1.735, 0, 14.191, 1.941, 153, 0, 0, 0, 51.584, 6.556, 7.505, 100.4, 26.505, 100, 0, 0, 19.836, 20.844, 0.912, 0.628, 84.95, 0, 0, 88.588, 43.904, 0, 0, 1.742, 0, 0, 14.1, 0, 14.191, 0, 1.941, 153, 0, 0, 0, 51.584, 1, 0.007, 0.008, 100.4, 26.505, 100, 0, 0, 141, 19.836, 20.844, 0.912, 0.628, 0, 84.95, 0, 0, 88.588, 43.904, 0, 0, 0, 0, 
0.4, , 100.44, 63.72, , , -4.386, 0.974, 33.304, 33.304, 0.023, -102.281, -102.281, -102.281, , 94.038, 35.426, 35.401, 7.377, 16.478, 0, 0, -11.176, -11.48, -11.176, -11.48, 1, 41.116, 41.116, 0.024, 0.032, -469.323, -482.003, -469.323, -482.003, 4.846, 7.377, 16.478, , , 1, 0.484, 3.257, 0, 14.271, 1.917, 153, 0, 0, 0, 54.784, 9.892, 11.795, 100.4, 26.799, 100, 0, 0, 20.136, 22.044, 1.712, 0.698, 89.731, 0, 0, 92.173, 43.158, 0, 0, 3.27, 0, 0, 14.1, 0, 14.271, 0, 1.917, 153, 0, 0, 0, 54.784, 1, 0.01, 0.012, 100.4, 26.799, 100, 0, 0, 141, 20.136, 22.044, 1.712, 0.698, 0, 89.731, 0, 0, 92.173, 43.158, 0, 0, 0, 0, 
0.45, , 100.44, 63.72, , , -0.09, 0.974, 36.359, 36.359, 0.168, -0.365, -0.365, -0.365, , 90.466, 35.102, 35.329, 7.377, 16.089, 0, 0, -0.047, -0.05, -0.047, -0.05, 1, 41.035, 41.035, 0.024, 0.032, -280.986, -288.576, -280.986, -288.576, 4.83, 7.377, 16.089, , , 1, 0.534, 4.779, 0, 14.351, 1.894, 153, 0, 0, 0, 57.984, 13.228, 16.085, 100.4, 27.093, 100, 0, 0, 20.436, 23.244, 2.512, 0.768, 94.512, 0, 0, 95.759, 42.412, 0, 0, 4.798, 0, 0, 14.1, 0, 14.351, 0, 1.894, 153, 0, 0, 0, 57.984, 1, 0.014, 0.016, 100.4, 27.093, 100, 0, 0, 141, 20.436, 23.244, 2.512, 0.768, 0, 94.512, 0, 0, 95.759, 42.412, 0, 0, 0, 0, 
0.5, , 100.44, 63.72, , , 3.473, 0.974, 39.392, 39.392, 0.312, 84.168, 84.168, 84.168, 9.034, 86.893, 34.778, 35.257, 7.377, 15.529, 0, 0, 9.124, 9.37, 9.124, 9.37, 1, 41.133, 41.133, 0.024, 0.032, -15.26, -15.669, -15.26, -15.669, 4.804, 7.377, 15.529, , , 1, 0.584, 6.301, 0, 14.431, 1.87, 153, 0, 0, 0, 61.184, 16.564, 20.375, 100.4, 27.387, 100, 0, 0, 20.736, 24.444, 3.312, 0.838, 99.293, 0, 0, 99.345, 41.666, 0, 0, 6.326, 0, 0, 14.1, 0, 14.431, 0, 1.87, 153, 0, 0, 0, 61.184, 1, 0.017, 0.02, 100.4, 27.387, 100, 0, 0, 141, 20.736, 24.444, 3.312, 0.838, 0, 99.293, 0, 0, 99.345, 41.666, 0, 0, 0, 0, 
0.55, , 100.44, 63.72, , , 6.523, 0.974, 42.355, 42.355, 0.457, 156.539, 156.539, 156.539, 14.495, 83.32, 34.809, 35.213, 7.377, 14.828, 0, 0, 16.994, 17.451, 16.994, 17.451, 1, 41.347, 41.347, 0.024, 0.032, 78.357, 80.478, 78.357, 80.478, 4.774, 7.377, 14.828, , , 1, 0.634, 7.492, 0, 14.444, 1.846, 153, 0, 0, 0, 64.336, 19.419, 23.956, 100.4, 29.626, 100, 0, 0, 21, 25.428, 4.781, 0.923, 103.164, 0, 0, 102.2, 41.04, 0, 0, 7.468, 0, 0, 14.1, 0, 14.444, 0, 1.846, 153, 0, 0, 0, 64.336, 1, 0.02, 0.024, 100.4, 29.634, 100, 0, 0, 141, 21, 25.428, 4.781, 0.923, 0, 103.164, 0, 0, 102.2, 41.04, 0, 0, 0, 0, 
0.6, , 100.44, 63.72, , , 8.84, 0.974, 45.323, 45.323, 0.601, 211.52, 211.52, 211.52, 19.546, 79.748, 34.953, 35.177, 7.377, 13.997, 0, 0, 23.034, 23.653, 23.034, 23.653, 1, 41.765, 41.765, 0.024, 0.032, 126.446, 129.867, 126.446, 129.867, 4.744, 7.377, 13.997, , , 1, 0.684, 6.256, 0, 14.046, 1.817, 153, 0, 0, 0, 67.136, 18.745, 22.34, 100.4, 43.813, 100, 0, 0, 21, 24.828, 10.359, 1.115, 100.364, 0, 0, 99.7, 41.288, 0, 0, 6.237, 0, 0, 14.1, 0, 14.046, 0, 1.817, 153, 0, 0, 0, 67.136, 1, 0.019, 0.022, 100.4, 43.878, 100, 0, 0, 141, 21, 24.828, 10.359, 1.115, 0, 100.364, 0, 0, 99.7, 41.288, 0, 0, 0, 0, 
0.65, , 100.44, 63.72, , , 9.748, 0.974, 48.317, 48.317, 0.746, 233.074, 233.074, 233.074, 24.404, 76.175, 35.097, 35.141, 7.377, 13.244, 0, 0, 25.561, 26.249, 25.561, 26.249, 1, 42.221, 42.221, 0.024, 0.032, 127.661, 131.115, 127.661, 131.115, 4.715, 7.377, 13.244, , , 1, 0.734, 5.02, 0, 13.647, 1.788, 153, 0, 0, 0, 69.936, 18.071, 20.724, 100.4, 58.001, 100, 0, 0, 21, 24.228, 15.936, 1.307, 97.564, 0, 0, 97.2, 41.536, 0, 0, 5.005, 0, 0, 14.1, 0, 13.647, 0, 1.788, 153, 0, 0, 0, 69.936, 1, 0.018, 0.021, 100.4, 58.122, 100, 0, 0, 141, 21, 24.228, 15.936, 1.307, 0, 97.564, 0, 0, 97.2, 41.536, 0, 0, 0, 0, 
0.7, , 100.44, 63.72, , , 9.794, 0.974, 51.34, 51.34, 0.891, 234.155, 234.155, 234.155, 29.098, 72.602, 35.241, 35.105, 7.377, 12.567, 0, 0, 25.936, 26.635, 25.936, 26.635, 1, 42.71, 42.71, 0.024, 0.032, 115.691, 118.821, 115.691, 118.821, 4.691, 7.377, 12.567, , , 1, 0.784, 3.784, 0, 13.249, 1.759, 153, 0, 0, 0, 72.736, 17.397, 19.108, 100.4, 72.188, 100, 0, 0, 21, 23.628, 21.514, 1.499, 94.764, 0, 0, 94.7, 41.784, 0, 0, 3.774, 0, 0, 14.1, 0, 13.249, 0, 1.759, 153, 0, 0, 0, 72.736, 1, 0.018, 0.019, 100.4, 72.366, 100, 0, 0, 141, 21, 23.628, 21.514, 1.499, 0, 94.764, 0, 0, 94.7, 41.784, 0, 0, 0, 0, 
0.75, , 100.44, 63.72, , , 9.518, 0.974, 54.39, 54.39, 1.035, 227.621, 227.621, 227.621, 32.114, 69.029, 35.385, 35.069, 7.377, 12.115, 0, 0, 25.489, 26.176, 25.489, 26.176, 1, 43.179, 43.179, 0.024, 0.032, 100.392, 103.108, 100.392, 103.108, 4.678, 7.377, 12.115, , , 1, 0.834, 2.548, 0, 12.851, 1.73, 153, 0, 0, 0, 75.536, 16.723, 17.492, 100.4, 86.375, 100, 0, 0, 21, 23.028, 27.092, 1.691, 91.964, 0, 0, 92.2, 42.032, 0, 0, 2.543, 0, 0, 14.1, 0, 12.851, 0, 1.73, 153, 0, 0, 0, 75.536, 1, 0.017, 0.017, 100.4, 86.61, 100, 0, 0, 141, 21, 23.028, 27.092, 1.691, 0, 91.964, 0, 0, 92.2, 42.032, 0, 0, 0, 0, 
0.8, , 100.44, 63.72, , , 9.089, 0.974, 57.503, 57.503, 1.18, 217.446, 217.446, 217.446, 35.097, 65.457, 35.42, 34.978, 7.377, 11.905, 0, 0, 24.589, 25.251, 24.589, 25.251, 1, 43.632, 43.632, 0.024, 0.032, 87.734, 90.108, 87.734, 90.108, 4.665, 7.377, 11.905, , , 1, 0.884, 1.426, 0, 12.5, 1.707, 153, 0, 0, 0, 78, 16.105, 16.04, 100.4, 98.798, 100, 0, 0, 21, 22.536, 31.976, 1.86, 89.645, 0, 0, 90.12, 42.31, 0, 0, 1.426, 0, 0, 14.1, 0, 12.5, 0, 1.707, 153, 0, 0, 0, 78, 1, 0.016, 0.016, 100.4, 98.788, 100, 0, 0, 141, 21, 22.536, 31.976, 1.86, 0, 89.645, 0, 0, 90.12, 42.31, 0, 0, 0, 0, 
0.85, 22.2, 100.44, 63.72, 64.42, , 7.728, 0.974, 60.647, 60.647, 1.324, 185.168, 185.168, 185.168, 38.044, 61.884, 35.42, 34.87, 7.377, 11.898, 0, 0, 21.073, 21.641, 21.073, 21.641, 1, 44.069, 44.069, 0.024, 0.032, 70.415, 72.319, 70.415, 72.319, 4.652, 7.377, 11.898, , , 1, 0.934, 1.145, 0, 12.5, 1.736, 153, 0, 0, 0, 78, 15.898, 15.786, 100.4, 98.28, 100, 0, 0, 21, 22.837, 31.775, 1.86, 90.849, 0, 0, 91.124, 42.808, 0, 0, 1.145, 0, 0, 14.1, 0, 12.5, 0, 1.736, 153, 0, 0, 0, 78, 1, 0.016, 0.016, 100.4, 98.272, 100, 0, 0, 141, 21, 22.837, 31.775, 1.86, 0, 90.849, 0, 0, 91.124, 42.808, 0, 0, 0, 0, 
0.9, 22.2, 100.44, 63.72, 64.42, , 5.9, 0.974, 63.813, 63.813, 1.469, 141.818, 141.818, 141.818, 41.069, 58.311, 35.42, 34.762, 7.377, 12.13, 0, 0, 16.23, 16.667, 16.23, 16.667, 1, 44.388, 44.388, 0.024, 0.032, 51.339, 52.726, 51.339, 52.726, 4.649, 7.377, 12.13, , , 1, 0.984, 0.864, 0, 12.5, 1.764, 153, 0, 0, 0, 78, 15.692, 15.532, 100.4, 97.762, 100, 0, 0, 21, 23.139, 31.574, 1.86, 92.054, 0, 0, 92.129, 43.306, 0, 0, 0.864, 0, 0, 14.1, 0, 12.5, 0, 1.764, 153, 0, 0, 0, 78, 1, 0.016, 0.016, 100.4, 97.756, 100, 0, 0, 141, 21, 23.139, 31.574, 1.86, 0, 92.054, 0, 0, 92.129, 43.306, 0, 0, 0, 0, 
0.95, 22.2, 100.44, 63.72, 64.42, , 3.743, 0.974, 67.011, 67.011, 1.613, 90.634, 90.634, 90.634, 43.609, 54.739, 35.42, 34.654, 7.377, 12.434, 0, 0, 10.405, 10.684, 10.405, 10.684, 1, 44.626, 44.626, 0.024, 0.032, 32.44, 33.315, 32.44, 33.315, 4.662, 7.377, 12.434, , , 1, 1.034, 0.583, 0, 12.5, 1.793, 153, 0, 0, 0, 78, 15.485, 15.278, 100.4, 97.244, 100, 0, 0, 21, 23.44, 31.373, 1.86, 93.259, 0, 0, 93.133, 43.804, 0, 0, 0.583, 0, 0, 14.1, 0, 12.5, 0, 1.793, 153, 0, 0, 0, 78, 1, 0.015, 0.015, 100.4, 97.24, 100, 0, 0, 141, 21, 23.44, 31.373, 1.86, 0, 93.259, 0, 0, 93.133, 43.804, 0, 0, 0, 0, 
1, 22.2, 100.44, 63.72, 64.42, , 1.24, 0.974, 70.28, 70.28, 1.758, 31.268, 31.268, 31.268, 45.616, 51.166, 35.42, 34.546, 7.377, 12.83, 0, 0, 3.593, 3.689, 3.593, 3.689, 1, 44.776, 44.776, 0.024, 0.032, 12.4, 12.734, 12.4, 12.734, 4.674, 7.377, 12.83, , , 1, 1.084, 0.302, 0, 12.5, 1.821, 153, 0, 0, 0, 78, 15.278, 15.024, 100.4, 96.726, 100, 0, 0, 21, 23.741, 31.173, 1.86, 94.464, 0, 0, 94.137, 44.302, 0, 0, 0.302, 0, 0, 14.1, 0, 12.5, 0, 1.821, 153, 0, 0, 0, 78, 1, 0.015, 0.015, 100.4, 96.724, 100, 0, 0, 141, 21, 23.741, 31.173, 1.86, 0, 94.464, 0, 0, 94.137, 44.302, 0, 0, 0, 0, 
1.05, 22.2, 100.44, 63.72, 64.42, , -1.301, 0.974, 73.569, 73.569, 1.903, -29.011, -29.011, -29.011, 46.685, 47.593, 35.367, 34.626, 7.377, 13.202, 0, 0, -3.344, -3.435, -3.344, -3.435, 1, 44.755, 44.755, 0.024, 0.032, -7.129, -7.322, -7.129, -7.322, 4.687, 7.377, 13.202, , , 1, 1.134, 0.058, 0, 12.5, 1.848, 153, 0, 0, 0, 78, 15.099, 14.801, 100.35, 96.239, 100, 0, 0, 21.007, 24.014, 31.014, 1.86, 95.549, 0, 0, 95.035, 44.725, 0, 0, 0.058, 0, 0, 14.099, 0, 12.5, 0, 1.848, 153, 0, 0, 0, 78, 1, 0.015, 0.015, 100.35, 96.239, 100, 0, 0, 141, 21.007, 24.014, 31.014, 1.86, 0, 95.549, 0, 0, 95.035, 44.725, 0, 0, 0, 0, 
1.1, 22.2, 100.44, 63.72, 64.42, , -3.757, 0.974, 76.858, 76.858, 2.047, -87.277, -87.277, -87.277, 47.111, 44.021, 35.297, 34.767, 7.377, 13.54, 0, 0, -10.064, -10.336, -10.064, -10.336, 1, 44.621, 44.621, 0.024, 0.032, -25.243, -25.926, -25.243, -25.926, 4.695, 7.377, 13.54, , , 1, 1.183, 0.046, 0, 12.5, 1.863, 153, 0, 0, 0, 78, 15.095, 14.81, 99.99, 95.943, 100, 0, 0, 21.057, 24.114, 31.114, 1.861, 95.899, 0, 0, 95.285, 44.601, 0, 0, 0.046, 0, 0, 14.089, 0, 12.5, 0, 1.863, 153, 0, 0, 0, 78, 1, 0.015, 0.015, 99.99, 95.943, 100, 0, 0, 141, 21.057, 24.114, 31.114, 1.861, 0, 95.899, 0, 0, 95.285, 44.601, 0, 0, 0, 0, 
1.15, 22.2, 100.44, 63.72, 64.42, , -4.993, 0.974, 80.146, 80.146, 2.192, -116.626, -116.626, -116.626, 46.93, 40.448, 35.227, 34.907, 7.377, 13.834, 0, 0, -13.397, -13.759, -13.397, -13.759, 1, 44.406, 44.406, 0.024, 0.032, -34.317, -35.244, -34.317, -35.244, 4.697, 7.377, 13.834, , , 1, 1.233, 0.034, 0, 12.5, 1.878, 153, 0, 0, 0, 78, 15.091, 14.819, 99.63, 95.647, 100, 0, 0, 21.107, 24.213, 31.214, 1.862, 96.249, 0, 0, 95.535, 44.477, 0, 0, 0.034, 0, 0, 14.079, 0, 12.5, 0, 1.878, 153, 0, 0, 0, 78, 1, 0.015, 0.015, 99.63, 95.647, 100, 0, 0, 141, 21.107, 24.213, 31.214, 1.862, 0, 96.249, 0, 0, 95.535, 44.477, 0, 0, 0, 0, 
1.2, 22.2, 100.44, 63.72, 64.42, , -6.01, 0.974, 83.435, 83.435, 2.155, -140.759, -140.759, -140.759, 45.882, 50.606, 35.157, 35.047, 7.377, 14.057, 0, 0, -16.081, -16.515, -16.081, -16.515, 1, 44.124, 44.124, 0.024, 0.032, -42.22, -43.361, -42.22, -43.361, 4.699, 7.377, 14.057, , , 1, 1.284, 0.022, 0, 12.5, 1.893, 153, 0, 0, 0, 78, 15.087, 14.828, 99.27, 95.351, 100, 0, 0, 21.156, 24.313, 31.314, 1.863, 96.599, 0, 0, 95.785, 44.353, 0, 0, 0.022, 0, 0, 14.069, 0, 12.5, 0, 1.893, 153, 0, 0, 0, 78, 1, 0.015, 0.015, 99.27, 95.351, 100, 0, 0, 141, 21.156, 24.313, 31.314, 1.863, 0, 96.599, 0, 0, 95.785, 44.353, 0, 0, 0, 0, 
1.25, 22.2, 100.44, 63.72, 64.42, , -6.898, 0.974, 86.719, 86.719, 2.08, -161.808, -161.808, -161.808, 44.727, 56.565, 35.087, 35.187, 7.377, 14.241, 0, 0, -18.358, -18.854, -18.358, -18.854, 1, 43.789, 43.789, 0.024, 0.032, -49.684, -51.027, -49.684, -51.027, 4.701, 7.377, 14.241, , , 1, 1.334, 0.01, 0, 12.5, 1.908, 153, 0, 0, 0, 78, 15.084, 14.837, 98.91, 95.055, 100, 0, 0, 21.206, 24.412, 31.414, 1.864, 96.949, 0, 0, 96.035, 44.229, 0, 0, 0.01, 0, 0, 14.059, 0, 12.5, 0, 1.908, 153, 0, 0, 0, 78, 1, 0.015, 0.015, 98.91, 95.055, 100, 0, 0, 141, 21.206, 24.412, 31.414, 1.864, 0, 96.949, 0, 0, 96.035, 44.229, 0, 0, 0, 0, 
1.3, 22.2, 100.44, 63.72, 64.42, , -7.794, 0.974, 89.962, 89.962, 1.993, -183.093, -183.093, -183.093, 43.494, 60.669, 34.853, 35.171, 7.377, 14.355, 0, 0, -20.565, -21.12, -20.565, -21.12, 1, 43.414, 43.414, 0.024, 0.032, -58.127, -59.697, -58.127, -59.697, 4.704, 7.377, 14.355, , , 1, 1.384, 0, 0, 12.5, 1.92, 153, 0, 0, 0, 78, 15.079, 14.844, 98.6, 94.822, 100, 0, 0, 21.244, 24.488, 31.515, 1.865, 97.228, 0, 0, 96.228, 44.104, 0, 0, 0, 0, 0, 14.049, 0, 12.5, 0, 1.92, 153, 0, 0, 0, 78, 1, 0.015, 0.015, 98.6, 94.822, 100, 0, 0, 141, 21.244, 24.488, 31.515, 1.865, 0, 97.228, 0, 0, 96.228, 44.104, 0, 0, 0, 0, 
1.35, 22.2, 100.44, 63.72, 64.42, , -8.769, 0.974, 93.176, 93.176, 1.907, -206.213, -206.213, -206.213, 42.174, 64.773, 34.52, 35.06, 7.377, 14.442, 0, 0, -22.907, -23.525, -22.907, -23.525, 1, 42.997, 42.997, 0.024, 0.032, -67.801, -69.633, -67.801, -69.633, 4.711, 7.377, 14.442, , , 1, 1.433, 0, 0, 12.5, 1.914, 153, 0, 0, 0, 78, 15.066, 14.839, 98.6, 94.976, 100, 0, 0, 21.192, 24.383, 31.619, 1.864, 97.072, 0, 0, 96.072, 43.975, 0, 0, 0, 0, 0, 14.038, 0, 12.5, 0, 1.914, 153, 0, 0, 0, 78, 1, 0.015, 0.015, 98.6, 94.976, 100, 0, 0, 141, 21.192, 24.383, 31.619, 1.864, 0, 97.072, 0, 0, 96.072, 43.975, 0, 0, 0, 0, 
1.4, 22.2, 100.44, 63.72, 64.42, , -9.79, 0.974, 96.375, 96.375, 1.82, -230.45, -230.45, -230.45, 40.901, 68.877, 34.187, 34.949, 7.377, 14.476, 0, 0, -25.319, -26.002, -25.319, -26.002, 1, 42.515, 42.515, 0.024, 0.032, -78.192, -80.305, -78.192, -80.305, 4.718, 7.377, 14.476, , , 1, 1.484, 0, 0, 12.5, 1.907, 153, 0, 0, 0, 78, 15.054, 14.834, 98.6, 95.13, 100, 0, 0, 21.14, 24.279, 31.723, 1.863, 96.916, 0, 0, 95.916, 43.846, 0, 0, 0, 0, 0, 14.028, 0, 12.5, 0, 1.907, 153, 0, 0, 0, 78, 1, 0.015, 0.015, 98.6, 95.13, 100, 0, 0, 141, 21.14, 24.279, 31.723, 1.863, 0, 96.916, 0, 0, 95.916, 43.846, 0, 0, 0, 0, 
1.45, 22.2, 100.44, 63.72, 64.42, , -10.84, 0.974, 99.573, 99.573, 1.734, -255.374, -255.374, -255.374, 39.697, 72.981, 33.853, 34.838, 7.377, 14.497, 0, 0, -27.726, -28.475, -27.726, -28.475, 1, 41.988, 41.988, 0.024, 0.032, -88.913, -91.315, -88.913, -91.315, 4.725, 7.377, 14.497, , , 1, 1.534, 0, 0, 12.5, 1.901, 153, 0, 0, 0, 78, 15.041, 14.829, 98.6, 95.284, 100, 0, 0, 21.088, 24.175, 31.827, 1.862, 96.759, 0, 0, 95.759, 43.717, 0, 0, 0, 0, 0, 14.017, 0, 12.5, 0, 1.901, 153, 0, 0, 0, 78, 1, 0.015, 0.015, 98.6, 95.284, 100, 0, 0, 141, 21.088, 24.175, 31.827, 1.862, 0, 96.759, 0, 0, 95.759, 43.717, 0, 0, 0, 0, 
1.5, 22.2, 100.44, 63.72, 64.42, , -11.595, 0.974, 102.709, 102.709, 1.671, -273.29, -273.29, -273.29, 38.57, 72.199, 33.52, 34.727, 7.377, 14.488, 0, 0, -29.296, -30.088, -29.296, -30.088, 1, 41.414, 41.414, 0.024, 0.032, -97.401, -100.031, -97.401, -100.031, 4.73, 7.377, 14.488, , , 1, 1.583, 0, 0, 12.5, 1.894, 153, 0, 0, 0, 78, 15.029, 14.824, 98.6, 95.438, 100, 0, 0, 21.035, 24.071, 31.931, 1.861, 96.603, 0, 0, 95.603, 43.588, 0, 0, 0, 0, 0, 14.007, 0, 12.5, 0, 1.894, 153, 0, 0, 0, 78, 1, 0.015, 0.015, 98.6, 95.438, 100, 0, 0, 141, 21.035, 24.071, 31.931, 1.861, 0, 96.603, 0, 0, 95.603, 43.588, 0, 0, 0, 0, 
1.55, 22.2, 100.44, 63.72, 64.42, , -12.005, 0.974, 105.812, 105.812, 1.625, -283.042, -283.042, -283.042, 37.626, 67.879, 33.85, 34.782, 7.377, 14.475, 0, 0, -29.964, -30.774, -29.964, -30.774, 1, 40.787, 40.787, 0.024, 0.032, -102.991, -105.77, -102.991, -105.77, 4.72, 7.377, 14.475, , , 1, 1.633, 0, 0, 12.5, 1.884, 153.07, 0, 0, 0, 78, 15.01, 14.819, 98.6, 95.695, 100, 0, 0, 21, 23.868, 32, 1.862, 96.256, 0, 0, 95.291, 43.254, 0, 0, 0, 0, 0, 14, 0, 12.5, 0, 1.884, 153.07, 0, 0, 0, 78, 1, 0.015, 0.015, 98.6, 95.695, 100, 0, 0, 141, 21, 23.868, 32, 1.862, 0, 96.255, 0, 0, 95.291, 43.254, 0, 0, 0, 0, 
1.6, 22.2, 100.44, 63.72, 64.42, , -11.69, 0.974, 108.885, 108.885, 1.579, -275.574, -275.574, -275.574, 36.96, 63.558, 34.39, 34.89, 7.377, 14.451, 0, 0, -28.803, -29.583, -28.803, -29.583, 1, 40.308, 40.308, 0.024, 0.032, -102.15, -104.907, -102.15, -104.907, 4.711, 7.377, 14.451, , , 1, 1.684, 0, 0, 12.5, 1.867, 153.276, 0, 0, 0, 78, 14.979, 14.815, 98.6, 96.149, 100, 0, 0, 21, 23.457, 32, 1.868, 95.539, 0, 0, 94.676, 42.487, 0, 0, 0, 0, 0, 14, 0, 12.5, 0, 1.867, 153.276, 0, 0, 0, 78, 1, 0.015, 0.015, 98.6, 96.149, 100, 0, 0, 141, 21, 23.457, 32, 1.868, 0, 95.535, 0, 0, 94.676, 42.487, 0, 0, 0, 0, 
1.65, 22.2, 100.44, 63.72, 64.42, , -11.48, 0.974, 110.823, 110.823, 1.534, -270.603, -270.603, -270.603, 36.589, 63.677, 34.93, 34.998, 7.377, 14.424, 0, 0, -28.02, -28.781, -28.02, -28.781, 1, 39.992, 39.992, 0.024, 0.032, -101.368, -104.103, -101.368, -104.103, 4.701, 7.377, 14.424, , , 1, 1.734, 0, 0, 12.5, 1.85, 153.481, 0, 0, 0, 78, 14.948, 14.81, 98.6, 96.604, 100, 0, 0, 21, 23.045, 32, 1.874, 94.822, 0, 0, 94.061, 41.719, 0, 0, 0, 0, 0, 14, 0, 12.5, 0, 1.85, 153.481, 0, 0, 0, 78, 1, 0.015, 0.015, 98.6, 96.604, 100, 0, 0, 141, 21, 23.045, 32, 1.874, 0, 94.815, 0, 0, 94.061, 41.719, 0, 0, 0, 0, 
1.7, 22.2, 100.44, 63.72, 64.42, , -11.161, 0.974, 112.553, 112.553, 1.49, -263.024, -263.024, -263.024, 35.984, 64.402, 35.47, 35.106, 7.377, 14.391, 0, 0, -27.005, -27.739, -27.005, -27.739, 1, 39.423, 39.423, 0.024, 0.032, -99.378, -102.059, -99.378, -102.059, 4.692, 7.377, 14.391, , , 1, 1.783, 0, 0, 12.5, 1.833, 153.687, 0, 0, 0, 78, 14.918, 14.806, 98.6, 97.059, 100, 0, 0, 21, 22.634, 32, 1.88, 94.105, 0, 0, 93.447, 40.952, 0, 0, 0, 0, 0, 14, 0, 12.5, 0, 1.833, 153.687, 0, 0, 0, 78, 1, 0.015, 0.015, 98.6, 97.059, 100, 0, 0, 141, 21, 22.634, 32, 1.88, 0, 94.095, 0, 0, 93.447, 40.952, 0, 0, 0, 0, 
1.75, 22.2, 100.44, 63.724, 64.42, , -10.049, 0.974, 115.509, 115.509, 1.446, -236.656, -236.656, -236.656, 35.325, 65.126, 36.01, 35.214, 7.377, 14.353, 0, 0, -23.995, -24.647, -23.995, -24.647, 1, 38.875, 38.875, 0.024, 0.032, -90.93, -93.384, -90.93, -93.384, 4.686, 7.377, 14.353, , , 1, 1.834, 0, 0, 12.5, 1.816, 153.893, 0, 0, 0, 78, 14.887, 14.802, 98.6, 97.514, 100, 0, 0, 21, 22.222, 32, 1.887, 93.387, 0, 0, 92.832, 40.184, 0, 0, 0, 0, 0, 14, 0, 12.5, 0, 1.816, 153.893, 0, 0, 0, 78, 1, 0.015, 0.015, 98.6, 97.514, 100, 0, 0, 141, 21, 22.222, 32, 1.887, 0, 93.374, 0, 0, 92.832, 40.184, 0, 0, 0, 0, 
1.8, 22.2, 100.44, 63.728, 64.42, , -9.136, 0.974, 118.402, 118.402, 1.402, -215.009, -215.009, -215.009, 34.6, 65.85, 35.894, 35.295, 7.377, 14.306, 0, 0, -21.507, -22.093, -21.507, -22.093, 1, 38.39, 38.39, 0.024, 0.032, -84.431, -86.709, -84.431, -86.709, 4.68, 7.377, 14.306, , , 1, 1.884, 0, 0, 12.5, 1.794, 154, 0, 0, 0, 78, 14.775, 14.677, 98.6, 97.966, 100, 0, 0, 21, 21.86, 32.097, 1.894, 92.299, 0, 0, 91.846, 39.596, 0, 0, 0, 0, 0, 14, 0, 12.5, 0, 1.794, 154, 0, 0, 0, 78, 1, 0.015, 0.015, 98.6, 97.966, 100, 0, 0, 141, 21, 21.86, 32.097, 1.894, 0, 92.271, 0, 0, 91.846, 39.595, 0, 0, 0, 0, 
1.85, 22.2, 100.44, 63.731, 64.42, , -8.38, 0.974, 121.249, 121.249, 1.358, -197.073, -197.073, -197.073, 33.819, 66.574, 35.57, 35.367, 7.377, 14.255, 0, 0, -19.431, -19.961, -19.431, -19.961, 1, 37.953, 37.953, 0.024, 0.032, -79.461, -81.606, -79.461, -81.606, 4.675, 7.377, 14.255, , , 1, 1.935, 0, 0, 12.5, 1.766, 154, 0, 0, 0, 78, 14.567, 14.408, 98.6, 98.415, 100, 0, 0, 21, 21.555, 32.3, 1.902, 90.774, 0, 0, 90.423, 39.217, 0, 0, 0, 0, 0, 14, 0, 12.5, 0, 1.766, 154, 0, 0, 0, 78, 1, 0.015, 0.014, 98.6, 98.415, 100, 0, 0, 141, 21, 21.555, 32.3, 1.902, 0, 90.753, 0, 0, 90.423, 39.215, 0, 0, 0, 0, 
1.9, 22.2, 100.44, 63.735, 64.42, , -8.226, 0.974, 124.064, 124.064, 1.314, -193.423, -193.423, -193.423, 33.015, 67.299, 35.246, 35.439, 7.377, 14.192, 0, 0, -18.846, -19.36, -18.846, -19.36, 1, 37.532, 37.532, 0.024, 0.032, -80.087, -82.249, -80.087, -82.249, 4.669, 7.377, 14.192, , , 1, 1.986, 0, 0, 12.5, 1.739, 154, 0, 0, 0, 78, 14.36, 14.14, 98.6, 98.864, 100, 0, 0, 21, 21.25, 32.502, 1.91, 89.25, 0, 0, 89, 38.839, 0, 0, 0, 0, 0, 14, 0, 12.5, 0, 1.739, 154, 0, 0, 0, 78, 1, 0.014, 0.014, 98.6, 98.864, 100, 0, 0, 141, 21, 21.25, 32.502, 1.91, 0, 89.235, 0, 0, 89, 38.835, 0, 0, 0, 0, 
1.95, 22.2, 100.44, 63.739, 64.42, , -7.83, 0.974, 126.859, 126.859, 1.27, -184.045, -184.045, -184.045, 32.168, 68.023, 34.922, 35.511, 7.377, 14.133, 0, 0, -17.752, -18.235, -17.752, -18.235, 1, 37.117, 37.117, 0.024, 0.032, -77.951, -80.057, -77.951, -80.057, 4.664, 7.377, 14.133, , , 1, 2.037, 0, 0, 12.5, 1.711, 154, 0, 0, 0, 78, 14.153, 13.872, 98.6, 99.314, 100, 0, 0, 21, 20.945, 32.704, 1.918, 87.726, 0, 0, 87.577, 38.46, 0, 0, 0, 0, 0, 14, 0, 12.5, 0, 1.711, 154, 0, 0, 0, 78, 1, 0.014, 0.014, 98.6, 99.314, 100, 0, 0, 141, 21, 20.945, 32.704, 1.918, 0, 87.717, 0, 0, 87.577, 38.455, 0, 0, 0, 0, 
2, 22.2, 100.44, 63.743, 64.42, , -6.638, 0.974, 129.606, 129.606, 1.226, -155.769, -155.769, -155.769, 31.271, 68.747, 34.598, 35.583, 7.377, 14.085, 0, 0, -14.938, -15.344, -14.938, -15.344, 1, 36.746, 36.746, 0.024, 0.032, -66.941, -68.749, -66.941, -68.749, 4.658, 7.377, 14.085, , , 1, 2.086, 0, 0, 12.5, 1.684, 154, 0, 0, 0, 78, 13.945, 13.603, 98.6, 99.763, 100, 0, 0, 21, 20.64, 32.907, 1.926, 86.201, 0, 0, 86.154, 38.082, 0, 0, 0, 0, 0, 14, 0, 12.5, 0, 1.684, 154, 0, 0, 0, 78, 1, 0.014, 0.013, 98.6, 99.763, 100, 0, 0, 141, 21, 20.64, 32.907, 1.926, 0, 86.198, 0, 0, 86.154, 38.075, 0, 0, 0, 0, 
2.05, 22.2, 100.44, 63.747, 64.42, , -4.513, 0.974, 132.335, 132.335, 1.182, -105.371, -105.371, -105.371, 30.307, 69.471, 34.547, 35.682, 7.377, 14.045, 0, 0, -10.072, -10.344, -10.072, -10.344, 1, 36.434, 36.434, 0.024, 0.032, -44.713, -45.921, -44.713, -45.921, 4.652, 7.377, 14.045, , , 1, 2.133, 0.026, 0, 12.5, 1.663, 154, 0, 0, 0, 78, 13.783, 13.425, 98.6, 100.009, 100, 0, 0, 20.947, 20.447, 35.134, 2.005, 84.86, 0, 0, 84.7, 37.708, 0, 0, 0.026, 0, 0, 14, 0, 12.5, 0, 1.663, 154, 0, 0, 0, 78, 1, 0.014, 0.013, 98.6, 100.009, 100, 0, 0, 141, 20.947, 20.447, 35.134, 2.005, 0, 84.86, 0, 0, 84.7, 37.702, 0, 0, 0, 0, 
2.1, 22.2, 100.44, 63.75, 64.42, , -1.714, 0.974, 135.05, 135.05, 1.138, -38.953, -38.953, -38.953, 29.208, 70.196, 34.583, 35.79, 7.377, 14.038, 0, 0, -3.72, -3.818, -3.72, -3.818, 1, 36.302, 36.302, 0.024, 0.032, -14.363, -14.751, -14.363, -14.751, 4.646, 7.377, 14.038, , , 1, 2.184, 0.073, 0, 12.5, 1.648, 154, 0, 0, 0, 78, 13.658, 13.322, 98.6, 100.083, 100, 0, 0, 20.848, 20.348, 39.087, 2.15, 83.674, 0, 0, 83.217, 37.339, 0, 0, 0.073, 0, 0, 14, 0, 12.5, 0, 1.648, 154, 0, 0, 0, 78, 1, 0.014, 0.013, 98.6, 100.083, 100, 0, 0, 141, 20.848, 20.348, 39.087, 2.15, 0, 83.674, 0, 0, 83.217, 37.334, 0, 0, 0, 0, 
2.15, 22.2, 100.44, 63.754, 64.421, , 1.502, 0.974, 137.686, 137.686, 1.094, 37.343, 37.343, 37.343, 28.056, 70.92, 34.619, 35.898, 7.377, 14.038, 0, 0, 3.558, 3.659, 3.558, 3.659, 1, 36.239, 36.239, 0.024, 0.032, 23.476, 24.112, 23.476, 24.112, 4.634, 7.377, 14.038, , , 1, 2.234, 0.12, 0, 12.5, 1.633, 154, 0, 0, 0, 78, 13.534, 13.219, 98.6, 100.156, 100, 0, 0, 20.749, 20.249, 43.04, 2.295, 82.488, 0, 0, 81.735, 36.97, 0, 0, 0.12, 0, 0, 14, 0, 12.5, 0, 1.633, 154, 0, 0, 0, 78, 1, 0.013, 0.013, 98.6, 100.156, 100, 0, 0, 141, 20.749, 20.249, 43.04, 2.295, 0, 82.488, 0, 0, 81.735, 36.966, 0, 0, 0, 0, 
2.2, 22.2, 100.44, 63.758, 64.422, , 4.699, 0.974, 140.312, 140.312, 1.05, 113.191, 113.191, 113.191, 26.712, 71.644, 34.655, 36.006, 7.377, 14.077, 0, 0, 10.799, 11.096, 10.799, 11.096, 1, 36.451, 36.451, 0.024, 0.032, 61.973, 63.65, 61.973, 63.65, 4.614, 7.377, 14.077, , , 1, 2.283, 0.168, 0, 12.5, 1.619, 154, 0, 0, 0, 78, 13.409, 13.116, 98.6, 100.229, 100, 0, 0, 20.65, 20.15, 46.992, 2.44, 81.302, 0, 0, 80.253, 36.601, 0, 0, 0.168, 0, 0, 14, 0, 12.5, 0, 1.619, 154, 0, 0, 0, 78, 1, 0.013, 0.013, 98.6, 100.229, 100, 0, 0, 141, 20.65, 20.15, 46.992, 2.44, 0, 81.302, 0, 0, 80.253, 36.599, 0, 0, 0, 0, 
2.25, 22.2, 100.44, 63.762, 64.423, , 6.767, 0.974, 142.966, 142.966, 1.006, 162.244, 162.244, 162.244, 25.346, 72.368, 34.691, 36.114, 7.377, 14.118, 0, 0, 15.579, 16.005, 15.579, 16.005, 1, 36.71, 36.71, 0.024, 0.032, 91.636, 94.114, 91.636, 94.114, 4.593, 7.377, 14.118, , , 1, 2.333, 0.215, 0, 12.5, 1.604, 154, 0, 0, 0, 78, 13.285, 13.013, 98.6, 100.302, 100, 0, 0, 20.551, 20.051, 50.945, 2.585, 80.117, 0, 0, 78.771, 36.232, 0, 0, 0.215, 0, 0, 14, 0, 12.5, 0, 1.604, 154, 0, 0, 0, 78, 1, 0.013, 0.013, 98.6, 100.302, 100, 0, 0, 141, 20.551, 20.051, 50.945, 2.585, 0, 80.117, 0, 0, 78.771, 36.231, 0, 0, 0, 0, 
2.3, 22.2, 100.44, 63.766, 64.424, , 8.399, 0.974, 145.629, 145.629, 0.962, 200.972, 200.972, 200.972, 23.923, 73.093, 34.755, 36.359, 7.377, 14.174, 0, 0, 19.42, 19.949, 19.42, 19.949, 1, 37.107, 37.107, 0.024, 0.032, 117.296, 120.468, 117.296, 120.468, 4.573, 7.377, 14.174, , , 1, 2.383, 0.217, 0.002, 12.5, 1.598, 154, 0, 0, 0, 78, 13.26, 13.017, 98.427, 100.269, 100, 0, 0, 20.5, 20.048, 51.56, 2.599, 79.86, 0, 0, 78.432, 36.338, 0, 0, 0.217, 0, 0, 14, 0.002, 12.5, 0, 1.598, 154, 0, 0, 0, 78, 1, 0.013, 0.013, 98.427, 100.269, 100, 0, 0, 141, 20.5, 20.048, 51.56, 2.599, 0, 79.86, 0, 0, 78.432, 36.338, 0, 0, 0, 0, 
2.35, 22.2, 100.44, 63.77, 64.425, , 9.106, 0.974, 148.313, 148.313, 0.918, 217.759, 217.759, 217.759, 22.505, 73.817, 34.827, 36.647, 7.377, 14.23, 0, 0, 21.263, 21.842, 21.263, 21.842, 1, 37.533, 37.533, 0.024, 0.032, 134.451, 138.087, 134.451, 138.087, 4.556, 7.377, 14.23, , , 1, 2.434, 0.169, 0.006, 12.5, 1.602, 154, 0, 0, 0, 78, 13.343, 13.136, 98.067, 100.121, 100, 0, 0, 20.5, 20.148, 48.56, 2.472, 80.61, 0, 0, 79.332, 36.959, 0, 0, 0.169, 0, 0, 14, 0.006, 12.5, 0, 1.602, 154, 0, 0, 0, 78, 1, 0.013, 0.013, 98.067, 100.121, 100, 0, 0, 141, 20.5, 20.148, 48.56, 2.472, 0, 80.61, 0, 0, 79.332, 36.959, 0, 0, 0, 0, 
2.4, 22.2, 100.44, 63.773, 64.426, , 9.53, 0.974, 151.015, 151.015, 0.874, 227.819, 227.819, 227.819, 21.092, 74.541, 34.899, 36.935, 7.377, 14.278, 0, 0, 22.496, 23.109, 22.496, 23.109, 1, 37.994, 37.994, 0.024, 0.032, 149.65, 153.695, 149.65, 153.695, 4.543, 7.377, 14.278, , , 1, 2.484, 0.121, 0.01, 12.5, 1.607, 154, 0, 0, 0, 78, 13.426, 13.255, 97.707, 99.973, 100, 0, 0, 20.5, 20.248, 45.56, 2.345, 81.36, 0, 0, 80.232, 37.58, 0, 0, 0.121, 0, 0, 14, 0.01, 12.5, 0, 1.607, 154, 0, 0, 0, 78, 1, 0.013, 0.013, 97.707, 99.973, 100, 0, 0, 141, 20.5, 20.248, 45.56, 2.345, 0, 81.36, 0, 0, 80.232, 37.58, 0, 0, 0, 0, 
2.45, 22.2, 100.44, 63.777, 64.427, , 9.748, 0.974, 153.73, 153.73, 0.83, 233.007, 233.007, 233.007, 19.711, 75.265, 34.971, 37.223, 7.377, 14.322, 0, 0, 23.288, 23.922, 23.288, 23.922, 1, 38.47, 38.47, 0.024, 0.032, 163.433, 167.848, 163.433, 167.848, 4.53, 7.377, 14.322, , , 1, 2.533, 0.073, 0.014, 12.5, 1.611, 154, 0, 0, 0, 78, 13.509, 13.374, 97.347, 99.825, 100, 0, 0, 20.5, 20.348, 42.56, 2.218, 82.11, 0, 0, 81.132, 38.201, 0, 0, 0.073, 0, 0, 14, 0.014, 12.5, 0, 1.611, 154, 0, 0, 0, 78, 1, 0.013, 0.013, 97.347, 99.825, 100, 0, 0, 141, 20.5, 20.348, 42.56, 2.218, 0, 82.11, 0, 0, 81.132, 38.201, 0, 0, 0, 0, 
2.5, 22.2, 100.44, 63.781, 64.429, , 9.925, 0.974, 156.529, 156.529, 0.786, 237.197, 237.197, 237.197, 18.32, 75.989, 35.043, 37.511, 7.377, 14.342, 0, 0, 24.137, 24.794, 24.137, 24.794, 1, 38.963, 38.963, 0.024, 0.032, 186.836, 191.884, 186.836, 191.884, 4.517, 7.377, 14.342, , , 1, 2.583, 0.025, 0.018, 12.5, 1.615, 154, 0, 0, 0, 78, 13.592, 13.493, 96.987, 99.677, 100, 0, 0, 20.5, 20.448, 39.56, 2.091, 82.86, 0, 0, 82.032, 38.822, 0, 0, 0.025, 0, 0, 14, 0.018, 12.5, 0, 1.615, 154, 0, 0, 0, 78, 1, 0.013, 0.013, 96.987, 99.677, 100, 0, 0, 141, 20.5, 20.448, 39.56, 2.091, 0, 82.86, 0, 0, 82.032, 38.822, 0, 0, 0, 0, 
2.55, 22.2, 100.44, 63.785, 64.43, , 10.083, 0.974, 159.634, 159.634, 0.742, 240.98, 240.98, 240.98, 16.406, 76.714, 35.115, 37.361, 7.377, 14.359, 0, 0, 24.94, 25.619, 24.94, 25.619, 1, 39.692, 39.692, 0.024, 0.032, 210.875, 216.573, 210.875, 216.573, 4.507, 7.377, 14.359, , , 1, 2.634, 0, 0.021, 12.5, 1.622, 154, 0, 0, 0, 78, 13.692, 13.607, 96.8, 99.526, 100, 0, 0, 20.5, 20.55, 37.297, 2.006, 83.777, 0, 0, 83.103, 39.27, 0, 0, 0, 0, 0, 14, 0.021, 12.5, 0, 1.622, 154, 0, 0, 0, 78, 1, 0.014, 0.014, 96.8, 99.526, 100, 0, 0, 141, 20.5, 20.55, 37.297, 2.006, 0, 83.777, 0, 0, 83.103, 39.27, 0, 0, 0, 0, 
2.6, 22.2, 100.44, 63.789, 64.431, , 10.197, 0.974, 163.906, 163.906, 0.698, 243.678, 243.678, 243.678, 14.751, 77.438, 35.187, 37.073, 7.377, 14.348, 0, 0, 25.53, 26.224, 25.53, 26.224, 1, 40.334, 40.334, 0.024, 0.032, 232.214, 238.489, 232.214, 238.489, 4.501, 7.377, 14.348, , , 1, 2.684, 0, 0.023, 12.5, 1.633, 154, 0, 0, 0, 78, 13.81, 13.714, 96.8, 99.371, 100, 0, 0, 20.5, 20.655, 35.833, 1.968, 84.876, 0, 0, 84.358, 39.53, 0, 0, 0, 0, 0, 14, 0.023, 12.5, 0, 1.633, 154, 0, 0, 0, 78, 1, 0.014, 0.014, 96.8, 99.371, 100, 0, 0, 141, 20.5, 20.655, 35.833, 1.968, 0, 84.876, 0, 0, 84.358, 39.53, 0, 0, 0, 0, 
2.65, 22.2, 100.44, 63.792, 64.432, , 10.313, 0.974, 167.42, 167.42, 0.654, 246.442, 246.442, 246.442, 13.518, 78.162, 35.259, 36.785, 7.377, 14.337, 0, 0, 26.14, 26.849, 26.14, 26.849, 1, 40.831, 40.831, 0.024, 0.032, 257.407, 264.364, 257.407, 264.364, 4.495, 7.377, 14.337, , , 1, 2.734, 0, 0.025, 12.5, 1.643, 154, 0, 0, 0, 78, 13.928, 13.822, 96.8, 99.216, 100, 0, 0, 20.5, 20.759, 34.368, 1.929, 85.974, 0, 0, 85.613, 39.791, 0, 0, 0, 0, 0, 14, 0.025, 12.5, 0, 1.643, 154, 0, 0, 0, 78, 1, 0.014, 0.014, 96.8, 99.216, 100, 0, 0, 141, 20.5, 20.759, 34.368, 1.929, 0, 85.974, 0, 0, 85.613, 39.791, 0, 0, 0, 0, 
2.7, 22.2, 100.44, 63.796, 64.433, , 10.431, 0.974, 170.338, 170.338, 0.609, 249.257, 249.257, 249.257, 12.317, 78.886, 35.331, 36.497, 7.377, 14.312, 0, 0, 26.765, 27.489, 26.765, 27.489, 1, 41.336, 41.336, 0.024, 0.032, 285.629, 293.348, 285.629, 293.348, 4.489, 7.377, 14.312, , , 1, 2.784, 0, 0.027, 12.5, 1.653, 154, 0, 0, 0, 78, 14.046, 13.93, 96.8, 99.061, 100, 0, 0, 20.5, 20.864, 32.904, 1.89, 87.072, 0, 0, 86.868, 40.051, 0, 0, 0, 0, 0, 14, 0.027, 12.5, 0, 1.653, 154, 0, 0, 0, 78, 1, 0.014, 0.014, 96.8, 99.061, 100, 0, 0, 141, 20.5, 20.864, 32.904, 1.89, 0, 87.072, 0, 0, 86.868, 40.051, 0, 0, 0, 0, 
2.75, 22.2, 100.44, 63.8, 64.434, , 10.529, 0.974, 173.292, 173.292, 0.565, 251.585, 251.585, 251.585, 11.134, 79.611, 35.403, 36.209, 7.377, 14.288, 0, 0, 27.348, 28.089, 27.348, 28.089, 1, 41.845, 41.845, 0.024, 0.032, 321.994, 330.695, 321.994, 330.695, 4.486, 7.377, 14.288, , , 1, 2.834, 0, 0.029, 12.5, 1.663, 154, 0, 0, 0, 78, 14.165, 14.038, 96.8, 98.906, 100, 0, 0, 20.5, 20.969, 31.439, 1.852, 88.171, 0, 0, 88.123, 40.312, 0, 0, 0, 0, 0, 14, 0.029, 12.5, 0, 1.663, 154, 0, 0, 0, 78, 1, 0.014, 0.014, 96.8, 98.906, 100, 0, 0, 141, 20.5, 20.969, 31.439, 1.852, 0, 88.171, 0, 0, 88.123, 40.312, 0, 0, 0, 0, 
2.8, 22.2, 100.44, 63.804, 64.435, , 10.628, 0.974, 176.277, 176.277, 0.521, 253.948, 253.948, 253.948, 9.992, 80.335, 35.393, 36.003, 7.377, 14.28, 0, 0, 27.942, 28.699, 27.942, 28.699, 1, 42.358, 42.358, 0.024, 0.032, 364.607, 374.459, 364.607, 374.459, 4.497, 7.377, 14.28, , , 1, 2.884, 0.078, 0.026, 12.5, 1.68, 154, 0, 0, 0, 78, 14.385, 14.2, 96.8, 98.91, 100, 0, 0, 20.701, 21.201, 31.538, 1.857, 88.837, 0, 0, 88.635, 40.723, 0, 0, 0.078, 0, 0, 14, 0.026, 12.5, 0, 1.68, 154, 0, 0, 0, 78, 1, 0.014, 0.014, 96.8, 98.91, 100, 0, 0, 141, 20.701, 21.201, 31.538, 1.857, 0, 88.837, 0, 0, 88.635, 40.723, 0, 0, 0, 0, 
2.85, 22.2, 100.44, 63.808, 64.437, , 10.731, 0.974, 179.31, 179.31, 0.477, 256.393, 256.393, 256.393, 8.878, 81.059, 35.357, 35.823, 7.377, 14.272, 0, 0, 28.554, 29.327, 28.554, 29.327, 1, 42.874, 42.874, 0.024, 0.032, 416.081, 427.324, 416.081, 427.324, 4.508, 7.377, 14.272, , , 1, 2.934, 0.19, 0.02, 12.5, 1.699, 154, 0, 0, 0, 78, 14.649, 14.386, 96.8, 98.981, 100, 0, 0, 20.989, 21.489, 32.308, 1.882, 89.317, 0, 0, 88.827, 41.198, 0, 0, 0.19, 0, 0, 14, 0.02, 12.5, 0, 1.699, 154, 0, 0, 0, 78, 1, 0.015, 0.014, 96.8, 98.981, 100, 0, 0, 141, 20.989, 21.489, 32.308, 1.882, 0, 89.317, 0, 0, 88.827, 41.198, 0, 0, 0, 0, 
2.9, 22.2, 100.44, 63.811, 64.438, , 10.775, 0.974, 182.41, 182.41, 0.433, 257.451, 257.451, 257.451, 7.784, 81.783, 35.321, 35.643, 7.377, 14.296, 0, 0, 29.016, 29.801, 29.016, 29.801, 1, 43.393, 43.393, 0.024, 0.032, 485.414, 498.529, 485.414, 498.529, 4.519, 7.377, 14.296, , , 1, 2.984, 0.301, 0.014, 12.5, 1.718, 154, 0, 0, 0, 78, 14.914, 14.572, 96.8, 99.052, 100, 0, 0, 21.276, 21.776, 33.077, 1.907, 89.798, 0, 0, 89.019, 41.673, 0, 0, 0.301, 0, 0, 14, 0.014, 12.5, 0, 1.718, 154, 0, 0, 0, 78, 1, 0.015, 0.015, 96.8, 99.052, 100, 0, 0, 141, 21.276, 21.776, 33.077, 1.907, 0, 89.798, 0, 0, 89.019, 41.673, 0, 0, 0, 0, 
2.95, 22.2, 100.44, 63.815, 64.439, , 10.792, 0.974, 185.524, 185.524, 0.389, 257.853, 257.853, 257.853, 6.708, 82.508, 35.285, 35.463, 7.377, 14.321, 0, 0, 29.407, 30.203, 29.407, 30.203, 1, 43.925, 43.925, 0.024, 0.032, 572.87, 588.348, 572.87, 588.348, 4.531, 7.377, 14.321, , , 1, 3.034, 0.413, 0.009, 12.5, 1.738, 154, 0, 0, 0, 78, 15.178, 14.758, 96.8, 99.123, 100, 0, 0, 21.563, 22.063, 33.846, 1.932, 90.279, 0, 0, 89.212, 42.148, 0, 0, 0.413, 0, 0, 14, 0.009, 12.5, 0, 1.738, 154, 0, 0, 0, 78, 1, 0.015, 0.015, 96.8, 99.123, 100, 0, 0, 141, 21.563, 22.063, 33.846, 1.932, 0, 90.279, 0, 0, 89.212, 42.148, 0, 0, 0, 0, 
3, 22.2, 100.44, 63.819, 64.44, , 10.773, 0.974, 188.637, 188.637, 0.345, 257.421, 257.421, 257.421, 5.662, 83.232, 35.249, 35.283, 7.377, 14.365, 0, 0, 29.708, 30.512, 29.708, 30.512, 1, 44.451, 44.451, 0.024, 0.032, 689.863, 708.503, 689.863, 708.503, 4.543, 7.377, 14.365, , , 1, 3.083, 0.524, 0.003, 12.5, 1.757, 154, 0, 0, 0, 78, 15.443, 14.943, 96.8, 99.194, 100, 0, 0, 21.851, 22.351, 34.615, 1.957, 90.76, 0, 0, 89.404, 42.623, 0, 0, 0.524, 0, 0, 14, 0.003, 12.5, 0, 1.757, 154, 0, 0, 0, 78, 1, 0.016, 0.015, 96.8, 99.194, 100, 0, 0, 141, 21.851, 22.351, 34.615, 1.957, 0, 90.76, 0, 0, 89.404, 42.623, 0, 0, 0, 0, 
3.05, 22.2, 100.44, 63.82, 64.441, , 10.779, 0.974, 191.859, 191.859, 0.301, 257.582, 257.582, 257.582, 4.64, 83.956, 35.377, 35.377, 7.377, 14.409, 0, 0, 30.077, 30.891, 30.077, 30.891, 1, 44.973, 44.973, 0.024, 0.032, 910.682, 935.29, 910.682, 935.29, 4.556, 7.377, 14.409, , , 1, 3.133, 0.529, 0, 12.5, 1.779, 154, 0, 0, 0, 78, 15.512, 15.036, 96.627, 99.267, 100, 0, 0, 22.048, 22.692, 35.2, 1.983, 90.851, 0, 0, 89.4, 43.169, 0, 0, 0.529, 0, 0, 14, 0, 12.5, 0, 1.779, 154, 0, 0, 0, 78, 1, 0.016, 0.015, 96.627, 99.267, 100, 0, 0, 141, 22.048, 22.692, 35.2, 1.983, 0, 90.851, 0, 0, 89.4, 43.169, 0, 0, 0, 0, 
3.1, 22.2, 100.44, 63.82, 64.442, , 10.81, 0.974, 195.102, 195.102, 0.257, 258.33, 258.33, 258.33, 3.642, 84.68, 35.557, 35.557, 7.377, 14.471, 0, 0, 30.52, 31.346, 30.52, 31.346, 1, 45.501, 45.501, 0.024, 0.032, 1427.948, 1466.534, 1427.948, 1466.534, 4.569, 7.377, 14.471, , , 1, 3.183, 0.427, 0, 12.5, 1.803, 154, 0, 0, 0, 78, 15.37, 15.028, 96.267, 99.341, 100, 0, 0, 22.148, 23.092, 35.6, 2.011, 90.552, 0, 0, 89.201, 43.791, 0, 0, 0.427, 0, 0, 14, 0, 12.5, 0, 1.803, 154, 0, 0, 0, 78, 1, 0.016, 0.015, 96.267, 99.341, 100, 0, 0, 141, 22.148, 23.092, 35.6, 2.011, 0, 90.552, 0, 0, 89.201, 43.791, 0, 0, 0, 0, 
3.15, 22.2, 100.44, 63.82, 64.443, , 10.872, 0.974, 198.345, 198.345, 0.213, 259.811, 259.811, 259.811, 2.674, 85.405, 35.737, 35.737, 7.377, 14.534, 0, 0, 31.056, 31.898, 31.056, 31.898, 1, 46.03, 46.03, 0.024, 0.032, 2364.532, 2428.427, 2364.532, 2428.427, 4.577, 7.377, 14.534, , , 1, 3.234, 0.325, 0, 12.5, 1.826, 154, 0, 0, 0, 78, 15.228, 15.02, 95.907, 99.415, 100, 0, 0, 22.248, 23.492, 36, 2.039, 90.253, 0, 0, 89.002, 44.413, 0, 0, 0.325, 0, 0, 14, 0, 12.5, 0, 1.826, 154, 0, 0, 0, 78, 1, 0.016, 0.015, 95.907, 99.415, 100, 0, 0, 141, 22.248, 23.492, 36, 2.039, 0, 90.253, 0, 0, 89.002, 44.413, 0, 0, 0, 0, 
3.2, 22.2, 100.44, 63.82, 64.445, , 10.934, 0.974, 201.677, 201.677, 0.169, 261.272, 261.272, 261.272, 1.91, 86.129, 35.917, 35.917, 7.377, 14.613, 0, 0, 31.594, 32.45, 31.594, 32.45, 1, 46.561, 46.561, 0.024, 0.032, 2718.728, 2792.193, 2718.728, 2792.193, 4.555, 7.377, 14.613, , , 1, 3.284, 0.223, 0, 12.5, 1.85, 154, 0, 0, 0, 78, 15.086, 15.012, 95.547, 99.489, 100, 0, 0, 22.348, 23.892, 36.4, 2.067, 89.954, 0, 0, 88.803, 45.035, 0, 0, 0.223, 0, 0, 14, 0, 12.5, 0, 1.85, 154, 0, 0, 0, 78, 1, 0.015, 0.015, 95.547, 99.489, 100, 0, 0, 141, 22.348, 23.892, 36.4, 2.067, 0, 89.954, 0, 0, 88.803, 45.035, 0, 0, 0, 0, 
3.25, 22.2, 100.44, 63.82, 64.446, , 11.036, 0.974, 205.04, 205.04, 0.125, 263.721, 263.721, 263.721, 1.691, 86.853, 36.097, 36.097, 7.377, 14.692, 0, 0, 32.259, 33.133, 32.259, 33.133, 1, 47.095, 47.095, 0.024, 0.032, 2849.839, 2926.847, 2849.839, 2926.847, 4.533, 7.377, 14.692, , , 1, 3.334, 0.121, 0, 12.5, 1.874, 154, 0, 0, 0, 78, 14.944, 15.004, 95.187, 99.563, 100, 0, 0, 22.448, 24.292, 36.8, 2.095, 89.655, 0, 0, 88.604, 45.657, 0, 0, 0.121, 0, 0, 14, 0, 12.5, 0, 1.874, 154, 0, 0, 0, 78, 1, 0.015, 0.015, 95.187, 99.563, 100, 0, 0, 141, 22.448, 24.292, 36.8, 2.095, 0, 89.655, 0, 0, 88.604, 45.657, 0, 0, 0, 0, 
3.3, 22.2, 100.44, 63.82, 64.447, , 11.169, 0.974, 208.424, 208.424, 0.081, 266.886, 266.886, 266.886, 2.093, 87.577, 36.031, 36.003, 7.377, 14.778, 0, 0, 33.021, 33.914, 33.021, 33.914, 1, 47.643, 47.643, 0.024, 0.032, 2787.368, 2862.689, 2787.368, 2862.689, 4.512, 7.377, 14.778, , , 1, 3.384, 0.07, 0, 12.5, 1.897, 154, 0, 0, 0, 78, 14.907, 15.046, 95, 99.784, 100, 0, 0, 22.596, 24.644, 37.9, 2.138, 89.596, 0, 0, 88.693, 46.279, 0, 0, 0.07, 0, 0, 14, 0, 12.5, 0, 1.897, 154, 0, 0, 0, 78, 1, 0.015, 0.015, 95, 99.784, 100, 0, 0, 141, 22.596, 24.644, 37.9, 2.138, 0, 89.596, 0, 0, 88.693, 46.279, 0, 0, 0, 0, 
3.35, 22.2, 100.44, 63.82, 64.448, , 11.291, 0.974, 211.808, 211.808, 0.037, 269.779, 269.779, 269.779, 2.946, 88.302, 35.887, 35.823, 7.377, 14.865, 0, 0, 33.759, 34.673, 33.759, 34.673, 1, 48.191, 48.191, 0.024, 0.032, 2554.677, 2623.709, 2554.677, 2623.709, 4.491, 7.377, 14.865, , , 1, 3.434, 0.07, 0, 12.5, 1.919, 154, 0, 0, 0, 78, 14.985, 15.142, 95, 100.152, 100, 0, 0, 22.796, 24.944, 39.7, 2.196, 89.797, 0, 0, 89.094, 46.901, 0, 0, 0.07, 0, 0, 14, 0, 12.5, 0, 1.919, 154, 0, 0, 0, 78, 1, 0.015, 0.015, 95, 100.152, 100, 0, 0, 141, 22.796, 24.944, 39.7, 2.196, 0, 89.797, 0, 0, 89.094, 46.901, 0, 0, 0, 0, 
3.4, 22.2, 100.44, 63.82, 64.449, , 11.338, 0.974, 215.273, 215.273, 0.016, 270.906, 270.906, 270.906, 4.244, 88.527, 35.743, 35.643, 7.377, 14.923, 0, 0, 34.289, 35.215, 34.289, 35.215, 1, 48.74, 48.74, 0.024, 0.032, 1663.667, 1708.622, 1663.667, 1708.622, 4.474, 7.377, 14.923, , , 1, 3.483, 0.07, 0, 12.5, 1.942, 154, 0, 0, 0, 78, 15.063, 15.238, 95, 100.52, 100, 0, 0, 22.996, 25.244, 41.5, 2.254, 89.998, 0, 0, 89.496, 47.523, 0, 0, 0.07, 0, 0, 14, 0, 12.5, 0, 1.942, 154, 0, 0, 0, 78, 1, 0.015, 0.015, 95, 100.52, 100, 0, 0, 141, 22.996, 25.244, 41.5, 2.254, 0, 89.998, 0, 0, 89.496, 47.523, 0, 0, 0, 0, 
3.45, 22.2, 100.44, 63.82, 64.45, , 11.377, 0.974, 218.782, 218.782, 0.115, 271.848, 271.848, 271.848, 6.128, 86.134, 35.599, 35.463, 7.377, 14.978, 0, 0, 34.797, 35.736, 34.797, 35.736, 1, 49.29, 49.29, 0.024, 0.032, 919.491, 944.338, 919.491, 944.338, 4.457, 7.377, 14.978, , , 1, 3.533, 0.07, 0, 12.5, 1.964, 154, 0, 0, 0, 78, 15.141, 15.334, 95, 100.888, 100, 0, 0, 23.196, 25.544, 43.3, 2.312, 90.199, 0, 0, 89.898, 48.145, 0, 0, 0.07, 0, 0, 14, 0, 12.5, 0, 1.964, 154, 0, 0, 0, 78, 1, 0.015, 0.015, 95, 100.888, 100, 0, 0, 141, 23.196, 25.544, 43.3, 2.312, 0, 90.199, 0, 0, 89.898, 48.145, 0, 0, 0, 0, 
3.5, 22.201, 100.44, 63.82, 64.451, , 11.418, 0.974, 222.328, 222.328, 0.213, 272.838, 272.838, 272.838, 7.99, 83.742, 35.455, 35.283, 7.377, 14.992, 0, 0, 35.313, 36.265, 35.313, 36.265, 1, 49.849, 49.849, 0.024, 0.032, 539.562, 554.143, 539.562, 554.143, 4.44, 7.377, 14.992, , , 1, 3.584, 0.07, 0, 12.5, 1.986, 154, 0, 0, 0, 78, 15.219, 15.43, 95, 101.256, 100, 0, 0, 23.396, 25.844, 45.1, 2.37, 90.4, 0, 0, 90.299, 48.767, 0, 0, 0.07, 0, 0, 14, 0, 12.5, 0, 1.986, 154, 0, 0, 0, 78, 1, 0.015, 0.015, 95, 101.256, 100, 0, 0, 141, 23.396, 25.844, 45.1, 2.37, 0, 90.4, 0, 0, 90.299, 48.767, 0, 0, 0, 0, 
3.55, 22.203, 100.44, 63.82, 64.452, , 11.421, 0.974, 225.92, 225.92, 0.312, 272.919, 272.919, 272.919, 9.809, 81.349, 35.393, 35.432, 7.377, 15.001, 0, 0, 35.72, 36.684, 35.72, 36.684, 1, 50.407, 50.407, 0.024, 0.032, 414.918, 426.129, 414.918, 426.129, 4.423, 7.377, 15.001, , , 1, 3.634, 0.064, 0, 12.5, 2.016, 154, 0, 0, 0, 78, 15.248, 15.462, 95, 101.457, 100, 0, 0, 23.59, 26, 46.326, 2.409, 90.477, 0, 0, 90.523, 49.424, 0, 0, 0.064, 0, 0, 14, 0, 12.5, 0, 2.016, 154, 0, 0, 0, 78, 1, 0.015, 0.015, 95, 101.457, 100, 0, 0, 141, 23.59, 26, 46.326, 2.409, 0, 90.477, 0, 0, 90.523, 49.424, 0, 0, 0, 0, 
3.6, 22.204, 100.44, 63.82, 64.452, , 11.047, 0.974, 229.56, 229.56, 0.411, 264.048, 264.048, 264.048, 11.589, 78.956, 35.357, 35.684, 7.377, 14.975, 0, 0, 34.907, 35.849, 34.907, 35.849, 1, 50.958, 50.958, 0.024, 0.032, 334.147, 343.175, 334.147, 343.175, 4.427, 7.377, 14.975, , , 1, 3.683, 0.052, 0, 12.5, 2.053, 154, 0, 0, 0, 78, 15.223, 15.423, 95, 101.492, 100, 0, 0, 23.776, 26, 46.979, 2.428, 90.43, 0, 0, 90.57, 50.12, 0, 0, 0.052, 0, 0, 14, 0, 12.5, 0, 2.053, 154, 0, 0, 0, 78, 1, 0.015, 0.015, 95, 101.492, 100, 0, 0, 141, 23.777, 26, 46.979, 2.428, 0, 90.43, 0, 0, 90.57, 50.12, 0, 0, 0, 0, 
3.65, 22.205, 100.44, 63.82, 64.453, , 10.041, 0.974, 233.241, 233.241, 0.509, 240.195, 240.195, 240.195, 13.356, 76.564, 35.321, 35.936, 7.377, 14.943, 0, 0, 32.02, 32.883, 32.02, 32.883, 1, 51.495, 51.495, 0.024, 0.032, 264.491, 271.638, 264.491, 271.638, 4.434, 7.377, 14.943, , , 1, 3.733, 0.04, 0, 12.5, 2.09, 154, 0, 0, 0, 78, 15.198, 15.385, 95, 101.526, 100, 0, 0, 23.963, 26, 47.632, 2.446, 90.383, 0, 0, 90.617, 50.816, 0, 0, 0.04, 0, 0, 14, 0, 12.5, 0, 2.09, 154, 0, 0, 0, 78, 1, 0.015, 0.015, 95, 101.526, 100, 0, 0, 141, 23.964, 26, 47.632, 2.446, 0, 90.383, 0, 0, 90.617, 50.816, 0, 0, 0, 0, 
3.7, 22.206, 100.44, 63.82, 64.454, , 8.448, 0.974, 236.965, 236.965, 0.608, 202.418, 202.418, 202.418, 15.089, 74.171, 35.285, 36.188, 7.377, 14.893, 0, 0, 27.177, 27.909, 27.177, 27.909, 1, 51.945, 51.945, 0.024, 0.032, 199.846, 205.247, 199.846, 205.247, 4.441, 7.377, 14.893, , , 1, 3.784, 0.028, 0, 12.5, 2.127, 154, 0, 0, 0, 78, 15.172, 15.347, 95, 101.561, 100, 0, 0, 24.149, 26, 48.285, 2.465, 90.337, 0, 0, 90.663, 51.512, 0, 0, 0.028, 0, 0, 14, 0, 12.5, 0, 2.127, 154, 0, 0, 0, 78, 1, 0.015, 0.015, 95, 101.561, 100, 0, 0, 141, 24.152, 26, 48.285, 2.465, 0, 90.337, 0, 0, 90.663, 51.512, 0, 0, 0, 0, 
3.75, 22.207, 100.44, 63.82, 64.455, , 6.461, 0.974, 240.735, 240.735, 0.707, 155.266, 155.266, 155.266, 16.828, 71.778, 35.249, 36.44, 7.377, 14.84, 0, 0, 20.978, 21.543, 20.978, 21.543, 1, 52.31, 52.31, 0.024, 0.032, 139.924, 143.707, 139.924, 143.707, 4.448, 7.377, 14.84, , , 1, 3.834, 0.015, 0, 12.5, 2.164, 154, 0, 0, 0, 78, 15.147, 15.309, 95, 101.595, 100, 0, 0, 24.336, 26, 48.938, 2.484, 90.29, 0, 0, 90.71, 52.208, 0, 0, 0.015, 0, 0, 14, 0, 12.5, 0, 2.164, 154, 0, 0, 0, 78, 1, 0.015, 0.015, 95, 101.595, 100, 0, 0, 141, 24.339, 26, 48.938, 2.484, 0, 90.29, 0, 0, 90.71, 52.208, 0, 0, 0, 0, 
3.8, 22.208, 100.44, 63.82, 64.456, , 4.076, 0.974, 244.563, 244.563, 0.806, 98.692, 98.692, 98.692, 18.593, 69.386, 35.158, 36.199, 7.377, 14.775, 0, 0, 13.402, 13.762, 13.402, 13.762, 1, 52.574, 52.574, 0.024, 0.032, 82.99, 85.233, 82.99, 85.233, 4.456, 7.377, 14.775, , , 1, 3.884, 0.005, 0, 12.5, 2.198, 154, 0, 0, 0, 78, 15.124, 15.274, 95, 101.619, 100, 0, 0, 24.513, 26, 49.515, 2.5, 90.242, 0, 0, 90.75, 52.836, 0, 0, 0.005, 0, 0, 14, 0, 12.5, 0, 2.198, 154, 0, 0, 0, 78, 1, 0.015, 0.015, 95, 101.619, 100, 0, 0, 141, 24.515, 26, 49.515, 2.5, 0, 90.242, 0, 0, 90.75, 52.836, 0, 0, 0, 0, 
3.85, 22.209, 100.44, 63.82, 64.456, , 1.858, 0.974, 248.39, 248.39, 0.904, 46.079, 46.079, 46.079, 20.397, 66.993, 35.05, 35.803, 7.377, 14.708, 0, 0, 6.277, 6.445, 6.277, 6.445, 1, 52.729, 52.729, 0.024, 0.032, 37.636, 38.656, 37.636, 38.656, 4.464, 7.377, 14.708, , , 1, 3.934, 0.004, 0, 12.5, 2.213, 154, 0, 0, 0, 78, 15.12, 15.265, 95, 101.579, 100, 0, 0, 24.622, 26, 49.624, 2.498, 90.188, 0, 0, 90.75, 52.972, 0, 0, 0.004, 0, 0, 14, 0, 12.5, 0, 2.213, 154, 0, 0, 0, 78, 1, 0.015, 0.015, 95, 101.579, 100, 0, 0, 141, 24.624, 26, 49.624, 2.498, 0, 90.188, 0, 0, 90.75, 52.972, 0, 0, 0, 0, 
3.9, 22.211, 100.44, 63.82, 64.457, , 0.283, 0.974, 252.258, 252.258, 1.003, 8.715, 8.715, 8.715, 22.25, 64.6, 34.942, 35.407, 7.377, 14.647, 0, 0, 1.19, 1.22, 1.19, 1.22, 1, 52.78, 52.78, 0.024, 0.032, 8.787, 9.027, 8.787, 9.027, 4.473, 7.377, 14.647, , , 1, 3.984, 0.003, 0, 12.5, 2.228, 154, 0, 0, 0, 78, 15.116, 15.256, 95, 101.539, 100, 0, 0, 24.731, 26, 49.733, 2.495, 90.134, 0, 0, 90.75, 53.107, 0, 0, 0.003, 0, 0, 14, 0, 12.5, 0, 2.228, 154, 0, 0, 0, 78, 1, 0.015, 0.015, 95, 101.539, 100, 0, 0, 141, 24.733, 26, 49.733, 2.495, 0, 90.134, 0, 0, 90.75, 53.107, 0, 0, 0, 0, 
3.95, 22.212, 100.44, 63.82, 64.458, , -0.663, 0.974, 256.123, 256.123, 1.102, -13.733, -13.733, -13.733, 24.138, 62.208, 34.834, 35.011, 7.377, 14.588, 0, 0, -1.879, -1.931, -1.879, -1.931, 1, 52.759, 52.759, 0.024, 0.032, -6.309, -6.477, -6.309, -6.477, 4.481, 7.377, 14.588, , , 1, 4.034, 0.002, 0, 12.5, 2.243, 154, 0, 0, 0, 78, 15.111, 15.248, 95, 101.499, 100, 0, 0, 24.841, 26, 49.841, 2.493, 90.079, 0, 0, 90.75, 53.242, 0, 0, 0.002, 0, 0, 14, 0, 12.5, 0, 2.243, 154, 0, 0, 0, 78, 1, 0.015, 0.015, 95, 101.499, 100, 0, 0, 141, 24.841, 26, 49.841, 2.493, 0, 90.079, 0, 0, 90.75, 53.242, 0, 0, 0, 0, 
4, 22.213, 100.44, 63.82, 64.459, , -1.229, 0.974, 259.963, 259.963, 1.201, -27.141, -27.141, -27.141, 26.013, 59.815, 34.726, 34.615, 7.377, 14.544, 0, 0, -3.712, -3.813, -3.712, -3.813, 1, 52.708, 52.708, 0.024, 0.032, -13.798, -14.168, -13.798, -14.168, 4.495, 7.377, 14.544, , , 1, 4.083, 0, 0, 12.5, 2.258, 154, 0, 0, 0, 78, 15.107, 15.239, 95, 101.458, 100, 0, 0, 24.95, 26, 49.95, 2.491, 90.025, 0, 0, 90.75, 53.378, 0, 0, 0, 0, 0, 14, 0, 12.5, 0, 2.258, 154, 0, 0, 0, 78, 1, 0.015, 0.015, 95, 101.458, 100, 0, 0, 141, 24.95, 26, 49.95, 2.491, 0, 90.025, 0, 0, 90.75, 53.378, 0, 0, 0, 0, 
4.05, 22.214, 100.44, 63.82, 64.459, , -1.673, 0.974, 263.855, 263.855, 1.299, -37.698, -37.698, -37.698, 27.695, 57.422, 34.618, 34.766, 7.377, 14.503, 0, 0, -5.15, -5.29, -5.15, -5.29, 1, 52.634, 52.634, 0.024, 0.032, -18.425, -18.92, -18.425, -18.92, 4.516, 7.377, 14.503, , , 1, 4.134, 0, 0, 12.5, 2.265, 154.129, 0, 0, 0, 78, 15.114, 15.241, 95, 101.464, 100, 0, 0, 25, 26, 50, 2.489, 90.032, 0, 0, 90.782, 53.36, 0, 0, 0, 0, 0, 14, 0, 12.5, 0, 2.265, 154.129, 0, 0, 0, 78, 1, 0.015, 0.015, 95, 101.464, 100, 0, 0, 141, 25, 26, 50, 2.489, 0, 90.032, 0, 0, 90.782, 53.36, 0, 0, 0, 0, 
4.1, 22.215, 100.44, 63.82, 64.46, , -2.016, 0.974, 267.747, 267.747, 1.398, -45.818, -45.818, -45.818, 28.99, 55.03, 34.51, 35.09, 7.377, 14.475, 0, 0, -6.246, -6.415, -6.246, -6.415, 1, 52.542, 52.542, 0.024, 0.032, -21.333, -21.908, -21.333, -21.908, 4.537, 7.377, 14.475, , , 1, 4.184, 0, 0, 12.5, 2.263, 154.367, 0, 0, 0, 78, 15.131, 15.251, 95, 101.508, 100, 0, 0, 25, 26, 50, 2.486, 90.092, 0, 0, 90.842, 53.213, 0, 0, 0, 0, 0, 14, 0, 12.5, 0, 2.263, 154.367, 0, 0, 0, 78, 1, 0.015, 0.015, 95, 101.508, 100, 0, 0, 141, 25, 26, 50, 2.486, 0, 90.092, 0, 0, 90.842, 53.213, 0, 0, 0, 0, 
4.15, 22.216, 100.44, 63.82, 64.461, , -2.428, 0.974, 271.587, 271.587, 1.497, -55.605, -55.605, -55.605, 29.783, 52.637, 34.402, 35.414, 7.377, 14.451, 0, 0, -7.562, -7.766, -7.562, -7.766, 1, 52.434, 52.434, 0.024, 0.032, -25.402, -26.087, -25.402, -26.087, 4.559, 7.377, 14.451, , , 1, 4.233, 0, 0, 12.5, 2.261, 154.605, 0, 0, 0, 78, 15.147, 15.262, 95, 101.552, 100, 0, 0, 25, 26, 50, 2.484, 90.151, 0, 0, 90.901, 53.065, 0, 0, 0, 0, 0, 14, 0, 12.5, 0, 2.261, 154.605, 0, 0, 0, 78, 1, 0.015, 0.015, 95, 101.552, 100, 0, 0, 141, 25, 26, 50, 2.484, 0, 90.151, 0, 0, 90.901, 53.065, 0, 0, 0, 0, 
4.2, 22.217, 100.44, 63.82, 64.462, , -2.914, 0.974, 275.415, 275.415, 1.596, -67.126, -67.126, -67.126, 30.062, 50.244, 34.294, 35.738, 7.377, 14.428, 0, 0, -9.105, -9.351, -9.105, -9.351, 1, 52.303, 52.303, 0.024, 0.032, -30.66, -31.489, -30.66, -31.489, 4.579, 7.377, 14.428, , , 1, 4.284, 0, 0, 12.5, 2.26, 154.843, 0, 0, 0, 78, 15.164, 15.273, 95, 101.596, 100, 0, 0, 25, 26, 50, 2.482, 90.211, 0, 0, 90.961, 52.917, 0, 0, 0, 0, 0, 14, 0, 12.5, 0, 2.26, 154.843, 0, 0, 0, 78, 1, 0.015, 0.015, 95, 101.596, 100, 0, 0, 141, 25, 26, 50, 2.482, 0, 90.211, 0, 0, 90.961, 52.917, 0, 0, 0, 0, 
4.25, 22.219, 100.44, 63.82, 64.462, , -3.375, 0.974, 279.266, 279.266, 1.614, -78.07, -78.07, -78.07, 29.726, 64.017, 34.186, 36.062, 7.378, 14.405, 0, 0, -10.561, -10.846, -10.561, -10.846, 1, 52.141, 52.141, 0.024, 0.032, -36.034, -37.009, -36.034, -37.009, 4.594, 7.378, 14.405, , , 1, 4.334, 0, 0, 12.5, 2.258, 155.071, 0, 0, 0, 78, 15.176, 15.28, 95, 101.638, 100, 0, 0, 25, 26, 50, 2.48, 90.268, 0, 0, 91, 52.776, 0, 0, 0, 0, 0, 14, 0, 12.5, 0, 2.258, 155.071, 0, 0, 0, 78, 1, 0.015, 0.015, 95, 101.638, 100, 0, 0, 141, 25, 26, 50, 2.48, 0, 90.268, 0, 0, 91, 52.776, 0, 0, 0, 0, 
4.3, 22.22, 100.44, 63.82, 64.463, , -3.69, 0.974, 283.148, 283.148, 1.585, -85.542, -85.542, -85.542, 29.166, 67.377, 34.348, 35.979, 7.379, 14.382, 0, 0, -11.537, -11.847, -11.537, -11.847, 1, 51.962, 51.962, 0.024, 0.032, -40.148, -41.234, -40.148, -41.234, 4.609, 7.379, 14.382, , , 1, 4.384, 0, 0, 12.5, 2.256, 155.279, 0, 0, 0, 78, 15.179, 15.28, 95, 101.677, 100, 0, 0, 25, 26, 50, 2.48, 90.32, 0, 0, 91, 52.647, 0, 0, 0, 0, 0, 14, 0, 12.5, 0, 2.256, 155.279, 0, 0, 0, 78, 1, 0.015, 0.015, 95, 101.677, 100, 0, 0, 141, 25, 26, 50, 2.48, 0, 90.32, 0, 0, 91, 52.647, 0, 0, 0, 0, 
4.35, 22.221, 100.44, 63.82, 64.464, , -3.839, 0.974, 286.976, 286.976, 1.547, -89.085, -89.085, -89.085, 28.537, 68.056, 34.595, 35.767, 7.381, 14.359, 0, 0, -11.974, -12.296, -11.974, -12.296, 1, 51.772, 51.772, 0.024, 0.032, -42.652, -43.808, -42.652, -43.808, 4.625, 7.381, 14.359, , , 1, 4.434, 0, 0, 12.5, 2.254, 155.488, 0, 0, 0, 78, 15.182, 15.28, 95, 101.715, 100, 0, 0, 25, 26, 50, 2.48, 90.372, 0, 0, 91, 52.518, 0, 0, 0, 0, 0, 14, 0, 12.5, 0, 2.254, 155.488, 0, 0, 0, 78, 1, 0.015, 0.015, 95, 101.715, 100, 0, 0, 141, 25, 26, 50, 2.48, 0, 90.372, 0, 0, 91, 52.518, 0, 0, 0, 0, 
4.4, 22.222, 100.44, 63.82, 64.465, , -3.887, 0.974, 290.746, 290.746, 1.509, -90.23, -90.23, -90.23, 27.903, 68.735, 34.842, 35.556, 7.382, 14.343, 0, 0, -12.085, -12.41, -12.085, -12.41, 1, 51.576, 51.576, 0.024, 0.032, -44.122, -45.318, -44.122, -45.318, 4.64, 7.382, 14.343, , , 1, 4.484, 0, 0, 12.5, 2.253, 155.696, 0, 0, 0, 78, 15.185, 15.28, 95, 101.754, 100, 0, 0, 25, 26, 50, 2.48, 90.424, 0, 0, 91, 52.389, 0, 0, 0, 0, 0, 14, 0, 12.5, 0, 2.253, 155.696, 0, 0, 0, 78, 1, 0.015, 0.015, 95, 101.754, 100, 0, 0, 141, 25, 26, 50, 2.48, 0, 90.424, 0, 0, 91, 52.389, 0, 0, 0, 0, 
4.45, 22.223, 100.44, 63.82, 64.465, , -3.917, 0.974, 294.555, 294.555, 1.471, -90.951, -90.951, -90.951, 27.264, 69.414, 35.089, 35.344, 7.384, 14.33, 0, 0, -12.134, -12.46, -12.134, -12.46, 1, 51.378, 51.378, 0.024, 0.032, -45.544, -46.777, -45.544, -46.777, 4.65, 7.384, 14.33, , , 1, 4.534, 0, 0, 12.5, 2.251, 155.904, 0, 0, 0, 78, 15.189, 15.28, 95, 101.792, 100, 0, 0, 25, 26, 50, 2.48, 90.476, 0, 0, 91, 52.259, 0, 0, 0, 0, 0, 14, 0, 12.5, 0, 2.251, 155.904, 0, 0, 0, 78, 1, 0.015, 0.015, 95, 101.792, 100, 0, 0, 141, 25, 26, 50, 2.48, 0, 90.476, 0, 0, 91, 52.259, 0, 0, 0, 0, 
4.5, 22.224, 100.44, 63.82, 64.466, , -3.941, 0.974, 298.353, 298.353, 1.433, -91.52, -91.52, -91.52, 26.627, 70.093, 35.336, 35.132, 7.384, 14.326, 0, 0, -12.161, -12.488, -12.161, -12.488, 1, 51.18, 51.18, 0.024, 0.032, -46.979, -48.251, -46.979, -48.251, 4.66, 7.384, 14.326, , , 1, 4.584, 0, 0, 12.5, 2.243, 156, 0, 0, 0, 78, 15.193, 15.286, 94.813, 101.81, 100, 0, 0, 24.922, 26, 50, 2.484, 90.5, 0, 0, 91, 52.102, 0, 0, 0, 0, 0, 14, 0, 12.5, 0, 2.243, 156, 0, 0, 0, 78, 1, 0.015, 0.015, 94.813, 101.81, 100, 0, 0, 141, 24.922, 26, 50, 2.484, 0, 90.5, 0, 0, 91, 52.102, 0, 0, 0, 0, 
4.55, 22.225, 100.44, 63.82, 64.467, , -3.898, 0.974, 302.119, 302.119, 1.396, -90.496, -90.496, -90.496, 25.981, 70.772, 35.444, 35.133, 7.384, 14.327, 0, 0, -11.98, -12.302, -11.98, -12.302, 1, 50.983, 50.983, 0.024, 0.032, -47.553, -48.841, -47.553, -48.841, 4.67, 7.384, 14.327, , , 1, 4.634, 0, 0, 12.5, 2.231, 156, 0, 0, 0, 78, 15.199, 15.296, 94.467, 101.81, 100, 0, 0, 24.778, 26, 50, 2.492, 90.5, 0, 0, 91, 51.922, 0, 0, 0, 0, 0, 14, 0, 12.5, 0, 2.231, 156, 0, 0, 0, 78, 1, 0.015, 0.015, 94.467, 101.81, 100, 0, 0, 141, 24.778, 26, 50, 2.492, 0, 90.5, 0, 0, 91, 51.922, 0, 0, 0, 0, 
4.6, 22.227, 100.44, 63.82, 64.468, , -3.646, 0.974, 305.885, 305.885, 1.358, -84.54, -84.54, -84.54, 25.324, 71.451, 35.481, 35.243, 7.383, 14.339, 0, 0, -11.157, -11.455, -11.157, -11.455, 1, 50.792, 50.792, 0.024, 0.032, -45.38, -46.608, -45.38, -46.608, 4.68, 7.383, 14.339, , , 1, 4.684, 0, 0, 12.5, 2.219, 156, 0, 0, 0, 78, 15.205, 15.307, 94.121, 101.81, 100, 0, 0, 24.634, 26, 50, 2.5, 90.5, 0, 0, 91, 51.741, 0, 0, 0, 0, 0, 14, 0, 12.5, 0, 2.219, 156, 0, 0, 0, 78, 1, 0.015, 0.015, 94.121, 101.81, 100, 0, 0, 141, 24.634, 26, 50, 2.5, 0, 90.5, 0, 0, 91, 51.741, 0, 0, 0, 0, 
4.65, 22.228, 100.44, 63.82, 64.468, , -2.889, 0.974, 309.591, 309.591, 1.32, -66.586, -66.586, -66.586, 24.653, 72.13, 35.518, 35.353, 7.382, 14.357, 0, 0, -8.775, -9.007, -8.775, -9.007, 1, 50.627, 50.627, 0.024, 0.032, -36.11, -37.086, -36.11, -37.086, 4.704, 7.382, 14.357, , , 1, 4.734, 0, 0, 12.5, 2.207, 156, 0, 0, 0, 78, 15.21, 15.317, 93.775, 101.81, 100, 0, 0, 24.489, 26, 50, 2.507, 90.5, 0, 0, 91, 51.56, 0, 0, 0, 0, 0, 14, 0, 12.5, 0, 2.207, 156, 0, 0, 0, 78, 1, 0.015, 0.015, 93.775, 101.81, 100, 0, 0, 141, 24.489, 26, 50, 2.507, 0, 90.5, 0, 0, 91, 51.56, 0, 0, 0, 0, 
4.7, 22.229, 100.44, 63.82, 64.469, , -1.648, 0.974, 313.342, 313.342, 1.282, -37.148, -37.148, -37.148, 23.965, 72.81, 35.554, 35.463, 7.38, 14.377, 0, 0, -4.894, -5.019, -4.894, -5.019, 1, 50.505, 50.505, 0.024, 0.032, -19.697, -20.229, -19.697, -20.229, 4.732, 7.38, 14.377, , , 1, 4.783, 0, 0, 12.5, 2.195, 156, 0, 0, 0, 78, 15.216, 15.328, 93.428, 101.81, 100, 0, 0, 24.345, 26, 50, 2.515, 90.5, 0, 0, 91, 51.379, 0, 0, 0, 0, 0, 14, 0, 12.5, 0, 2.195, 156, 0, 0, 0, 78, 1, 0.015, 0.015, 93.428, 101.81, 100, 0, 0, 141, 24.345, 26, 50, 2.515, 0, 90.5, 0, 0, 91, 51.379, 0, 0, 0, 0, 
4.75, 22.23, 100.44, 63.82, 64.47, , -0.565, 0.974, 317.078, 317.078, 1.244, -11.438, -11.438, -11.438, 23.239, 73.489, 35.591, 35.574, 7.379, 14.397, 0, 0, -1.509, -1.543, -1.509, -1.543, 1, 50.459, 50.459, 0.024, 0.032, -5.371, -5.516, -5.371, -5.516, 4.759, 7.379, 14.397, , , 1, 4.834, 0, 0, 12.5, 2.186, 156, 0, 0, 0, 78, 15.222, 15.335, 93.2, 101.81, 100, 0, 0, 24.231, 26, 50, 2.522, 90.5, 0, 0, 91, 51.188, 0, 0, 0, 0, 0, 14, 0, 12.5, 0, 2.186, 156, 0, 0, 0, 78, 1, 0.015, 0.015, 93.2, 101.81, 100, 0, 0, 141, 24.231, 26, 50, 2.522, 0, 90.5, 0, 0, 91, 51.188, 0, 0, 0, 0, 
4.8, 22.231, 100.44, 63.82, 64.469, , -0.173, 0.974, 320.771, 320.771, 1.206, -2.148, -2.148, -2.148, 22.492, 74.168, 35.518, 35.627, 7.378, 14.417, 0, 0, -0.282, -0.283, -0.282, -0.283, 1, 50.452, 50.452, 0.024, 0.032, -1.182, -1.214, -1.182, -1.214, 4.787, 7.378, 14.417, , , 1, 4.884, 0, 0, 12.5, 2.184, 156, 0, 0, 0, 78, 15.229, 15.335, 93.2, 101.81, 100, 0, 0, 24.174, 26, 50, 2.526, 90.5, 0, 0, 91, 50.978, 0, 0, 0, 0, 0, 14, 0, 12.5, 0, 2.184, 156, 0, 0, 0, 78, 1, 0.015, 0.015, 93.2, 101.81, 100, 0, 0, 141, 24.174, 26, 50, 2.526, 0, 90.5, 0, 0, 91, 50.978, 0, 0, 0, 0, 
4.85, 22.232, 100.44, 63.82, 64.468, , -0.937, 0.974, 324.419, 324.419, 1.168, -20.275, -20.275, -20.275, 21.751, 74.847, 35.41, 35.663, 7.377, 14.435, 0, 0, -2.645, -2.713, -2.645, -2.713, 1, 50.424, 50.424, 0.024, 0.032, -14.536, -14.929, -14.536, -14.929, 4.815, 7.377, 14.435, , , 1, 4.934, 0, 0, 12.5, 2.181, 156, 0, 0, 0, 78, 15.236, 15.335, 93.2, 101.81, 100, 0, 0, 24.117, 26, 50, 2.531, 90.5, 0, 0, 91, 50.768, 0, 0, 0, 0, 0, 14, 0, 12.5, 0, 2.181, 156, 0, 0, 0, 78, 1, 0.015, 0.015, 93.2, 101.81, 100, 0, 0, 141, 24.117, 26, 50, 2.531, 0, 90.5, 0, 0, 91, 50.768, 0, 0, 0, 0, 
4.9, 22.232, 100.44, 63.82, 64.468, , -2.952, 0.974, 328.123, 328.123, 1.13, -68.09, -68.09, -68.09, 21.031, 75.526, 35.302, 35.699, 7.377, 14.447, 0, 0, -8.828, -9.063, -8.828, -9.063, 1, 50.33, 50.33, 0.024, 0.032, -47.79, -49.081, -47.79, -49.081, 4.843, 7.377, 14.447, , , 1, 4.983, 0, 0, 12.5, 2.179, 156, 0, 0, 0, 78, 15.243, 15.335, 93.2, 101.81, 100, 0, 0, 24.06, 26, 50, 2.535, 90.5, 0, 0, 91, 50.557, 0, 0, 0, 0, 0, 14, 0, 12.5, 0, 2.179, 156, 0, 0, 0, 78, 1, 0.015, 0.015, 93.2, 101.81, 100, 0, 0, 141, 24.06, 26, 50, 2.535, 0, 90.5, 0, 0, 91, 50.557, 0, 0, 0, 0, 
4.95, 22.233, 100.44, 63.82, 64.467, , -5.64, 0.974, 331.83, 331.83, 1.092, -131.858, -131.858, -131.858, 20.348, 76.205, 35.194, 35.735, 7.377, 14.454, 0, 0, -17.013, -17.472, -17.013, -17.472, 1, 50.133, 50.133, 0.024, 0.032, -92.402, -94.899, -92.402, -94.899, 4.872, 7.377, 14.454, , , 1, 5.034, 0, 0, 12.5, 2.176, 156, 0, 0, 0, 78, 15.25, 15.335, 93.2, 101.81, 100, 0, 0, 24.003, 26, 50, 2.54, 90.5, 0, 0, 91, 50.347, 0, 0, 0, 0, 0, 14, 0, 12.5, 0, 2.176, 156, 0, 0, 0, 78, 1, 0.015, 0.015, 93.2, 101.81, 100, 0, 0, 141, 24.003, 26, 50, 2.54, 0, 90.5, 0, 0, 91, 50.347, 0, 0, 0, 0, 
5, 22.234, 100.44, 63.82, 64.466, , -8.285, 0.974, 335.536, 335.536, 1.055, -194.615, -194.615, -194.615, 19.722, 76.884, 35.086, 35.771, 7.377, 14.457, 0, 0, -24.986, -25.661, -24.986, -25.661, 1, 49.76, 49.76, 0.024, 0.032, -137.618, -141.337, -137.618, -141.337, 4.9, 7.377, 14.457, , , 1, 5.084, 0, 0, 12.5, 2.166, 156, 0, 0, 0, 78, 15.274, 15.339, 93.024, 101.81, 100, 0, 0, 23.902, 26, 50, 2.54, 90.549, 0, 0, 91, 49.971, 0, 0, 0, 0, 0, 14, 0, 12.5, 0, 2.166, 156, 0, 0, 0, 78, 1, 0.015, 0.015, 93.024, 101.81, 100, 0, 0, 141, 23.902, 26, 50, 2.54, 0, 90.549, 0, 0, 91, 49.971, 0, 0, 0, 0, 
5.05, 22.235, 100.44, 63.82, 64.465, , -10.265, 0.974, 339.232, 339.232, 1.017, -241.578, -241.578, -241.578, 19.136, 77.563, 34.868, 35.889, 7.377, 14.458, 0, 0, -30.825, -31.659, -30.825, -31.659, 1, 49.271, 49.271, 0.024, 0.032, -173.689, -178.382, -173.689, -178.382, 4.923, 7.377, 14.458, , , 1, 5.133, 0, 0, 12.5, 2.155, 156, 0, 0, 0, 78, 15.301, 15.343, 92.836, 101.81, 100, 0, 0, 23.798, 26, 50, 2.54, 90.601, 0, 0, 91, 49.581, 0, 0, 0, 0, 0, 14, 0, 12.5, 0, 2.155, 156, 0, 0, 0, 78, 1, 0.015, 0.015, 92.836, 101.81, 100, 0, 0, 141, 23.798, 26, 50, 2.54, 0, 90.601, 0, 0, 91, 49.581, 0, 0, 0, 0, 
5.1, 22.235, 100.44, 63.82, 64.465, , -10.999, 0.974, 342.881, 342.881, 0.979, -259.023, -259.023, -259.023, 18.556, 78.242, 34.616, 36.033, 7.377, 14.459, 0, 0, -32.768, -33.653, -32.768, -33.653, 1, 48.729, 48.729, 0.024, 0.032, -190.767, -195.921, -190.767, -195.921, 4.922, 7.377, 14.459, , , 1, 5.183, 0, 0, 12.5, 2.144, 156, 0, 0, 0, 78, 15.327, 15.347, 92.649, 101.81, 100, 0, 0, 23.694, 26, 50, 2.54, 90.653, 0, 0, 91, 49.191, 0, 0, 0, 0, 0, 14, 0, 12.5, 0, 2.144, 156, 0, 0, 0, 78, 1, 0.015, 0.015, 92.649, 101.81, 100, 0, 0, 141, 23.694, 26, 50, 2.54, 0, 90.653, 0, 0, 91, 49.191, 0, 0, 0, 0, 
5.15, 22.236, 100.44, 63.82, 64.464, , -10.536, 0.974, 346.529, 346.529, 0.941, -248.036, -248.036, -248.036, 17.966, 78.921, 34.364, 36.177, 7.377, 14.462, 0, 0, -31.096, -31.936, -31.096, -31.936, 1, 48.174, 48.174, 0.024, 0.032, -187.539, -192.605, -187.539, -192.605, 4.92, 7.377, 14.462, , , 1, 5.234, 0, 0, 12.5, 2.134, 156, 0, 0, 0, 78, 15.353, 15.351, 92.461, 101.81, 100, 0, 0, 23.59, 26, 50, 2.54, 90.705, 0, 0, 91, 48.801, 0, 0, 0, 0, 0, 14, 0, 12.5, 0, 2.134, 156, 0, 0, 0, 78, 1, 0.015, 0.015, 92.461, 101.81, 100, 0, 0, 141, 23.59, 26, 50, 2.54, 0, 90.705, 0, 0, 91, 48.801, 0, 0, 0, 0, 
5.2, 22.237, 100.44, 63.82, 64.463, , -9.666, 0.974, 350.143, 350.143, 0.903, -227.421, -227.421, -227.421, 17.352, 79.6, 34.112, 36.321, 7.377, 14.467, 0, 0, -28.246, -29.009, -28.246, -29.009, 1, 47.648, 47.648, 0.024, 0.032, -177.241, -182.029, -177.241, -182.029, 4.919, 7.377, 14.467, , , 1, 5.284, 0, 0, 12.5, 2.121, 156, 0, 0, 0, 78, 15.377, 15.354, 92.271, 101.81, 100, 0, 0, 23.484, 25.992, 50, 2.54, 90.75, 0, 0, 90.992, 48.406, 0, 0, 0, 0, 0, 14, 0, 12.5, 0, 2.121, 156, 0, 0, 0, 78, 1, 0.016, 0.015, 92.271, 101.81, 100, 0, 0, 141, 23.484, 25.992, 50, 2.54, 0, 90.75, 0, 0, 90.992, 48.406, 0, 0, 0, 0, 
5.25, 22.238, 100.44, 63.82, 64.462, , -8.64, 0.974, 353.7, 353.7, 0.865, -203.083, -203.083, -203.083, 16.7, 80.28, 33.86, 36.465, 7.377, 14.476, 0, 0, -24.974, -25.649, -24.974, -25.649, 1, 47.191, 47.191, 0.024, 0.032, -164.164, -168.598, -164.164, -168.598, 4.917, 7.377, 14.476, , , 1, 5.333, 0, 0, 12.5, 2.099, 156, 0, 0, 0, 78, 15.389, 15.347, 92.067, 101.81, 100, 0, 0, 23.37, 25.935, 50, 2.54, 90.75, 0, 0, 90.935, 47.982, 0, 0, 0, 0, 0, 14, 0, 12.5, 0, 2.099, 156, 0, 0, 0, 78, 1, 0.016, 0.015, 92.067, 101.81, 100, 0, 0, 141, 23.37, 25.935, 50, 2.54, 0, 90.75, 0, 0, 90.935, 47.982, 0, 0, 0, 0, 
5.3, 22.238, 100.44, 63.82, 64.462, , -7.638, 0.974, 357.185, 357.185, 0.827, -179.31, -179.31, -179.31, 16.024, 80.959, 34.125, 36.539, 7.377, 14.489, 0, 0, -21.83, -22.42, -21.83, -22.42, 1, 46.78, 46.78, 0.024, 0.032, -151.484, -155.575, -151.484, -155.575, 4.911, 7.377, 14.489, , , 1, 5.384, 0, 0, 12.5, 2.077, 156, 0, 0, 0, 78, 15.402, 15.34, 91.862, 101.81, 100, 0, 0, 23.257, 25.878, 50, 2.54, 90.75, 0, 0, 90.878, 47.558, 0, 0, 0, 0, 0, 14, 0, 12.5, 0, 2.077, 156, 0, 0, 0, 78, 1, 0.016, 0.015, 91.862, 101.81, 100, 0, 0, 141, 23.257, 25.878, 50, 2.54, 0, 90.75, 0, 0, 90.878, 47.558, 0, 0, 0, 0, 
5.35, 22.239, 100.44, 63.82, 64.461, , -6.509, 0.974, 360.67, 360.67, 0.789, -152.548, -152.548, -152.548, 15.325, 81.638, 34.553, 36.59, 7.377, 14.507, 0, 0, -18.437, -18.936, -18.437, -18.936, 1, 46.418, 46.418, 0.024, 0.032, -134.408, -138.039, -134.408, -138.039, 4.905, 7.377, 14.507, , , 1, 5.434, 0, 0, 12.5, 2.055, 156, 0, 0, 0, 78, 15.414, 15.334, 91.658, 101.81, 100, 0, 0, 23.143, 25.822, 50, 2.54, 90.75, 0, 0, 90.822, 47.134, 0, 0, 0, 0, 0, 14, 0, 12.5, 0, 2.055, 156, 0, 0, 0, 78, 1, 0.016, 0.015, 91.658, 101.81, 100, 0, 0, 141, 23.143, 25.822, 50, 2.54, 0, 90.75, 0, 0, 90.822, 47.134, 0, 0, 0, 0, 
5.4, 22.24, 100.44, 63.82, 64.46, , -4.685, 0.974, 364.091, 364.091, 0.752, -109.272, -109.272, -109.272, 14.599, 82.317, 34.981, 36.642, 7.377, 14.523, 0, 0, -13.154, -13.51, -13.154, -13.51, 1, 46.111, 46.111, 0.024, 0.032, -96.829, -99.445, -96.829, -99.445, 4.9, 7.377, 14.523, , , 1, 5.484, 0, 0, 12.5, 2.033, 156, 0, 0, 0, 78, 15.427, 15.327, 91.453, 101.81, 100, 0, 0, 23.03, 25.765, 50, 2.54, 90.75, 0, 0, 90.765, 46.71, 0, 0, 0, 0, 0, 14, 0, 12.5, 0, 2.033, 156, 0, 0, 0, 78, 1, 0.016, 0.015, 91.453, 101.81, 100, 0, 0, 141, 23.03, 25.765, 50, 2.54, 0, 90.75, 0, 0, 90.765, 46.71, 0, 0, 0, 0, 
5.45, 22.241, 100.44, 63.82, 64.459, , -2.237, 0.974, 367.488, 367.488, 0.714, -51.198, -51.198, -51.198, 13.815, 82.996, 35.408, 36.693, 7.377, 14.537, 0, 0, -6.154, -6.321, -6.154, -6.321, 1, 45.949, 45.949, 0.024, 0.032, -39.501, -40.569, -39.501, -40.569, 4.894, 7.377, 14.537, , , 1, 5.533, 0, 0, 12.5, 2.019, 156, 0, 0, 0, 78, 15.425, 15.33, 91.4, 101.81, 100, 0, 0, 23, 25.75, 50, 2.538, 90.708, 0, 0, 90.708, 46.653, 0, 0, 0, 0, 0, 14, 0, 12.5, 0, 2.019, 156, 0, 0, 0, 78, 1, 0.015, 0.015, 91.4, 101.81, 100, 0, 0, 141, 23, 25.75, 50, 2.538, 0, 90.708, 0, 0, 90.708, 46.653, 0, 0, 0, 0, 
5.5, 22.241, 100.44, 63.82, 64.459, , 0.776, 0.974, 370.922, 370.922, 0.676, 20.289, 20.289, 20.289, 13, 83.675, 35.836, 36.744, 7.377, 14.55, 0, 0, 2.448, 2.512, 2.448, 2.512, 1, 45.918, 45.918, 0.024, 0.032, 38.426, 39.464, 38.426, 39.464, 4.892, 7.377, 14.55, , , 1, 5.583, 0, 0, 12.5, 2.007, 156, 0, 0, 0, 78, 15.418, 15.337, 91.4, 101.81, 100, 0, 0, 23, 25.75, 50, 2.536, 90.651, 0, 0, 90.651, 46.725, 0, 0, 0, 0, 0, 14, 0, 12.5, 0, 2.007, 156, 0, 0, 0, 78, 1, 0.015, 0.015, 91.4, 101.81, 100, 0, 0, 141, 23, 25.75, 50, 2.536, 0, 90.651, 0, 0, 90.651, 46.725, 0, 0, 0, 0, 
5.55, 22.242, 100.44, 63.82, 64.458, , 3.894, 0.974, 374.267, 374.267, 0.638, 94.262, 94.262, 94.262, 12.156, 84.354, 36.097, 36.666, 7.377, 14.562, 0, 0, 11.397, 11.703, 11.397, 11.703, 1, 46.016, 46.016, 0.024, 0.032, 127.717, 131.167, 127.717, 131.167, 4.89, 7.377, 14.562, , , 1, 5.633, 0, 0, 12.5, 1.994, 156, 0, 0, 0, 78, 15.411, 15.344, 91.4, 101.81, 100, 0, 0, 23, 25.75, 50, 2.534, 90.594, 0, 0, 90.594, 46.796, 0, 0, 0, 0, 0, 14, 0, 12.5, 0, 1.994, 156, 0, 0, 0, 78, 1, 0.015, 0.015, 91.4, 101.81, 100, 0, 0, 141, 23, 25.75, 50, 2.534, 0, 90.594, 0, 0, 90.594, 46.796, 0, 0, 0, 0, 
5.6, 22.243, 100.44, 63.82, 64.457, , 6.819, 0.974, 377.603, 377.603, 0.6, 163.659, 163.659, 163.659, 11.286, 85.033, 36.192, 36.457, 7.377, 14.574, 0, 0, 19.844, 20.379, 19.844, 20.379, 1, 46.284, 46.284, 0.024, 0.032, 219.3, 225.225, 219.3, 225.225, 4.889, 7.377, 14.574, , , 1, 5.684, 0, 0, 12.5, 1.982, 156, 0, 0, 0, 78, 15.404, 15.351, 91.4, 101.81, 100, 0, 0, 23, 25.75, 50, 2.532, 90.538, 0, 0, 90.538, 46.868, 0, 0, 0, 0, 0, 14, 0, 12.5, 0, 1.982, 156, 0, 0, 0, 78, 1, 0.015, 0.015, 91.4, 101.81, 100, 0, 0, 141, 23, 25.75, 50, 2.531, 0, 90.538, 0, 0, 90.538, 46.868, 0, 0, 0, 0, 
5.65, 22.244, 100.44, 63.819, 64.456, , 9.38, 0.974, 380.943, 380.943, 0.562, 224.407, 224.407, 224.407, 10.4, 85.712, 36.287, 36.248, 7.377, 14.584, 0, 0, 27.309, 28.046, 27.309, 28.046, 1, 46.698, 46.698, 0.024, 0.032, 308.928, 317.274, 308.928, 317.274, 4.887, 7.377, 14.584, , , 1, 5.734, 0, 0, 12.5, 1.973, 156, 0, 0, 0, 78, 15.403, 15.361, 91.4, 101.81, 100, 0, 0, 23, 25.768, 50, 2.529, 90.5, 0, 0, 90.5, 46.981, 0, 0, 0, 0, 0, 14, 0, 12.5, 0, 1.973, 156, 0, 0, 0, 78, 1, 0.015, 0.015, 91.4, 101.81, 100, 0, 0, 141, 23, 25.768, 50, 2.529, 0, 90.5, 0, 0, 90.5, 46.981, 0, 0, 0, 0, 
5.7, 22.244, 100.44, 63.815, 64.456, , 10.522, 0.974, 384.327, 384.327, 0.524, 251.529, 251.529, 251.529, 9.511, 86.391, 36.382, 36.039, 7.377, 14.597, 0, 0, 30.87, 31.705, 30.87, 31.705, 1, 47.179, 47.179, 0.024, 0.032, 374.279, 384.392, 374.279, 384.392, 4.897, 7.377, 14.597, , , 1, 5.784, 0, 0, 12.5, 1.97, 156, 0, 0, 0, 78, 15.411, 15.379, 91.4, 101.81, 100, 0, 0, 23, 25.82, 50, 2.527, 90.5, 0, 0, 90.5, 47.176, 0, 0, 0, 0, 0, 14, 0, 12.5, 0, 1.97, 156, 0, 0, 0, 78, 1, 0.015, 0.015, 91.4, 101.81, 100, 0, 0, 141, 23, 25.82, 50, 2.527, 0, 90.5, 0, 0, 90.5, 47.176, 0, 0, 0, 0, 
5.75, 22.245, 100.44, 63.812, 64.455, , 10.995, 0.974, 387.712, 387.712, 0.486, 262.75, 262.75, 262.75, 8.628, 87.07, 36.477, 35.83, 7.378, 14.614, 0, 0, 32.573, 33.454, 32.573, 33.454, 1, 47.709, 47.709, 0.024, 0.032, 429.849, 441.465, 429.849, 441.465, 4.91, 7.378, 14.614, , , 1, 5.834, 0, 0, 12.5, 1.966, 156, 0, 0, 0, 78, 15.419, 15.396, 91.4, 101.81, 100, 0, 0, 23, 25.872, 50, 2.525, 90.5, 0, 0, 90.5, 47.371, 0, 0, 0, 0, 0, 14, 0, 12.5, 0, 1.966, 156, 0, 0, 0, 78, 1, 0.015, 0.015, 91.4, 101.81, 100, 0, 0, 141, 23, 25.872, 50, 2.525, 0, 90.5, 0, 0, 90.5, 47.371, 0, 0, 0, 0, 
5.8, 22.246, 100.44, 63.808, 64.454, , 11.17, 0.974, 391.13, 391.13, 0.449, 266.905, 266.905, 266.905, 7.754, 87.75, 36.363, 35.671, 7.378, 14.631, 0, 0, 33.453, 34.358, 33.453, 34.358, 1, 48.261, 48.261, 0.024, 0.032, 486.365, 499.51, 486.365, 499.51, 4.923, 7.378, 14.631, , , 1, 5.884, 0, 0, 12.5, 1.962, 156, 0, 0, 0, 78, 15.428, 15.414, 91.4, 101.81, 100, 0, 0, 23, 25.924, 50, 2.523, 90.5, 0, 0, 90.5, 47.566, 0, 0, 0, 0, 0, 14, 0, 12.5, 0, 1.962, 156, 0, 0, 0, 78, 1, 0.015, 0.015, 91.4, 101.81, 100, 0, 0, 141, 23, 25.924, 50, 2.523, 0, 90.5, 0, 0, 90.5, 47.566, 0, 0, 0, 0, 
5.85, 22.247, 100.44, 63.804, 64.453, , 11.278, 0.974, 394.615, 394.615, 0.411, 269.488, 269.488, 269.488, 6.905, 88.429, 36.183, 35.527, 7.379, 14.648, 0, 0, 34.155, 35.08, 34.155, 35.08, 1, 48.81, 48.81, 0.024, 0.032, 551.325, 566.225, 551.325, 566.225, 4.936, 7.379, 14.648, , , 1, 5.934, 0, 0, 12.5, 1.959, 156, 0, 0, 0, 78, 15.436, 15.432, 91.4, 101.81, 100, 0, 0, 23, 25.976, 50, 2.521, 90.5, 0, 0, 90.5, 47.76, 0, 0, 0, 0, 0, 14, 0, 12.5, 0, 1.959, 156, 0, 0, 0, 78, 1, 0.015, 0.015, 91.4, 101.81, 100, 0, 0, 141, 23, 25.976, 50, 2.521, 0, 90.5, 0, 0, 90.5, 47.76, 0, 0, 0, 0, 
5.9, 22.248, 100.44, 63.8, 64.452, , 11.331, 0.974, 398.153, 398.153, 0.373, 270.743, 270.743, 270.743, 6.076, 89.108, 36.003, 35.383, 7.379, 14.661, 0, 0, 34.702, 35.641, 34.702, 35.641, 1, 49.361, 49.361, 0.024, 0.032, 637.736, 654.971, 637.736, 654.971, 4.95, 7.379, 14.661, , , 1, 5.984, 0, 0, 12.5, 1.97, 156, 0, 0, 0, 78, 15.419, 15.428, 91.4, 101.81, 100, 0, 0, 23.108, 26, 50, 2.522, 90.5, 0, 0, 90.554, 48.185, 0, 0, 0, 0, 0, 14, 0, 12.5, 0, 1.97, 156, 0, 0, 0, 78, 1, 0.015, 0.015, 91.4, 101.81, 100, 0, 0, 141, 23.108, 26, 50, 2.522, 0, 90.5, 0, 0, 90.554, 48.185, 0, 0, 0, 0, 
5.95, 22.248, 100.44, 63.796, 64.452, , 11.395, 0.974, 401.691, 401.691, 0.335, 272.287, 272.287, 272.287, 5.264, 89.787, 35.823, 35.239, 7.38, 14.666, 0, 0, 35.296, 36.248, 35.296, 36.248, 1, 49.914, 49.914, 0.024, 0.032, 753.304, 773.662, 753.304, 773.662, 4.966, 7.38, 14.666, , , 1, 6.034, 0, 0, 12.5, 1.995, 156, 0, 0, 0, 78, 15.381, 15.406, 91.4, 101.81, 100, 0, 0, 23.308, 26, 50, 2.526, 90.5, 0, 0, 90.654, 48.805, 0, 0, 0, 0, 0, 14, 0, 12.5, 0, 1.995, 156, 0, 0, 0, 78, 1, 0.015, 0.015, 91.4, 101.81, 100, 0, 0, 141, 23.308, 26, 50, 2.526, 0, 90.5, 0, 0, 90.654, 48.805, 0, 0, 0, 0, 
6, 22.249, 100.44, 63.793, 64.451, , 11.478, 0.974, 405.269, 405.269, 0.297, 274.256, 274.256, 274.256, 4.474, 90.466, 35.643, 35.095, 7.38, 14.666, 0, 0, 35.95, 36.917, 35.95, 36.917, 1, 50.471, 50.471, 0.024, 0.032, 912.144, 936.795, 912.144, 936.795, 4.981, 7.38, 14.666, , , 1, 6.084, 0, 0, 12.5, 2.02, 156, 0, 0, 0, 78, 15.343, 15.384, 91.4, 101.81, 100, 0, 0, 23.508, 26, 50, 2.53, 90.5, 0, 0, 90.754, 49.425, 0, 0, 0, 0, 0, 14, 0, 12.5, 0, 2.02, 156, 0, 0, 0, 78, 1, 0.015, 0.015, 91.4, 101.81, 100, 0, 0, 141, 23.508, 26, 50, 2.53, 0, 90.5, 0, 0, 90.754, 49.425, 0, 0, 0, 0, 
6.05, 22.25, 100.44, 63.789, 64.45, , 11.571, 0.974, 408.922, 408.922, 0.259, 276.485, 276.485, 276.485, 3.7, 91.145, 35.6, 35.06, 7.38, 14.657, 0, 0, 36.64, 37.626, 36.64, 37.626, 1, 51.034, 51.034, 0.024, 0.032, 1133.537, 1164.169, 1133.537, 1164.169, 4.997, 7.38, 14.657, , , 1, 6.134, 0, 0, 12.5, 2.045, 156, 0, 0, 0, 78, 15.305, 15.362, 91.4, 101.81, 100, 0, 0, 23.708, 26, 50, 2.534, 90.5, 0, 0, 90.854, 50.045, 0, 0, 0, 0, 0, 14, 0, 12.5, 0, 2.045, 156, 0, 0, 0, 78, 1, 0.015, 0.015, 91.4, 101.81, 100, 0, 0, 141, 23.708, 26, 50, 2.534, 0, 90.5, 0, 0, 90.854, 50.045, 0, 0, 0, 0, 
6.1, 22.25, 100.44, 63.785, 64.451, , 11.561, 0.974, 412.628, 412.628, 0.221, 276.262, 276.262, 276.262, 2.942, 91.824, 35.6, 35.06, 7.38, 14.643, 0, 0, 37.019, 38.015, 37.019, 38.015, 1, 51.599, 51.599, 0.024, 0.032, 1519.779, 1560.848, 1519.779, 1560.848, 4.998, 7.38, 14.643, , , 1, 6.184, 0, 0, 12.5, 2.07, 156, 0, 0, 0, 78, 15.267, 15.34, 91.4, 101.81, 100, 0, 0, 23.908, 26, 50, 2.538, 90.5, 0, 0, 90.954, 50.665, 0, 0, 0, 0, 0, 14, 0, 12.5, 0, 2.07, 156, 0, 0, 0, 78, 1, 0.015, 0.015, 91.4, 101.81, 100, 0, 0, 141, 23.908, 26, 50, 2.538, 0, 90.5, 0, 0, 90.954, 50.665, 0, 0, 0, 0, 
6.15, 22.25, 100.44, 63.781, 64.453, , 11.561, 0.974, 416.334, 416.334, 0.183, 276.268, 276.268, 276.268, 2.262, 92.503, 35.6, 35.06, 7.38, 14.619, 0, 0, 37.419, 38.428, 37.419, 38.428, 1, 52.215, 52.215, 0.024, 0.032, 2570.459, 2639.918, 2570.459, 2639.918, 4.979, 7.38, 14.619, , , 1, 6.234, 0.009, 0, 12.5, 2.1, 156, 0, 0, 0, 78, 15.241, 15.35, 91.4, 101.848, 100, 0, 0, 24.156, 26.026, 50.883, 2.576, 90.344, 0, 0, 90.87, 51.402, 0, 0, 0.009, 0, 0, 14, 0, 12.5, 0, 2.1, 156, 0, 0, 0, 78, 1, 0.015, 0.015, 91.4, 101.848, 100, 0, 0, 141, 24.156, 26.026, 50.883, 2.576, 0, 90.344, 0, 0, 90.87, 51.402, 0, 0, 0, 0, 
6.2, 22.25, 100.44, 63.777, 64.454, , 11.58, 0.974, 421.18, 421.18, 0.145, 276.725, 276.725, 276.725, 1.887, 93.182, 35.6, 35.06, 7.38, 14.592, 0, 0, 38.002, 39.029, 38.002, 39.029, 1, 53.059, 53.059, 0.024, 0.032, 3001.089, 3082.184, 3001.089, 3082.184, 4.96, 7.38, 14.592, , , 1, 6.284, 0.027, 0, 12.5, 2.136, 156, 0, 0, 0, 78, 15.225, 15.386, 91.4, 101.92, 100, 0, 0, 24.444, 26.074, 52.517, 2.642, 90.056, 0, 0, 90.63, 52.238, 0, 0, 0.027, 0, 0, 14, 0, 12.5, 0, 2.136, 156, 0, 0, 0, 78, 1, 0.015, 0.015, 91.4, 101.92, 100, 0, 0, 141, 24.444, 26.074, 52.517, 2.642, 0, 90.056, 0, 0, 90.63, 52.238, 0, 0, 0, 0, 
6.25, 22.25, 100.44, 63.773, 64.456, , 11.586, 0.974, 426.271, 426.271, 0.108, 276.897, 276.897, 276.897, 2.614, 93.861, 35.6, 35.06, 7.38, 14.553, 0, 0, 38.569, 39.614, 38.569, 39.614, 1, 53.643, 53.643, 0.024, 0.032, 2817.822, 2893.964, 2817.822, 2893.964, 4.941, 7.38, 14.553, , , 1, 6.334, 0.044, 0, 12.5, 2.172, 156, 0, 0, 0, 78, 15.208, 15.423, 91.4, 101.991, 100, 0, 0, 24.733, 26.122, 54.152, 2.709, 89.767, 0, 0, 90.389, 53.075, 0, 0, 0.044, 0, 0, 14, 0, 12.5, 0, 2.172, 156, 0, 0, 0, 78, 1, 0.015, 0.015, 91.4, 101.991, 100, 0, 0, 141, 24.733, 26.122, 54.152, 2.709, 0, 89.767, 0, 0, 90.389, 53.075, 0, 0, 0, 0, 
6.3, 22.25, 100.44, 63.77, 64.457, , 11.555, 0.974, 430.107, 430.107, 0.07, 276.159, 276.159, 276.159, 3.996, 94.54, 35.436, 35.388, 7.38, 14.51, 0, 0, 38.872, 39.926, 38.872, 39.926, 1, 54.21, 54.21, 0.024, 0.032, 2588.309, 2658.25, 2588.309, 2658.25, 4.921, 7.38, 14.51, , , 1, 6.384, 0.061, 0, 12.5, 2.208, 156, 0, 0, 0, 78, 15.192, 15.459, 91.4, 102.062, 100, 0, 0, 25.021, 26.17, 55.787, 2.775, 89.479, 0, 0, 90.149, 53.911, 0, 0, 0.061, 0, 0, 14, 0, 12.5, 0, 2.208, 156, 0, 0, 0, 78, 1, 0.015, 0.015, 91.4, 102.062, 100, 0, 0, 141, 25.021, 26.17, 55.787, 2.775, 0, 89.479, 0, 0, 90.149, 53.911, 0, 0, 0, 0, 
6.35, 22.25, 100.44, 63.766, 64.459, , 11.601, 0.974, 433.999, 433.999, 0.032, 277.271, 277.271, 277.271, 6.007, 95.22, 35.22, 35.82, 7.38, 14.454, 0, 0, 39.437, 40.506, 39.437, 40.506, 1, 54.775, 54.775, 0.024, 0.032, 2192.149, 2251.385, 2192.149, 2251.385, 4.893, 7.38, 14.454, , , 1, 6.434, 0.079, 0, 12.5, 2.244, 156, 0, 0, 0, 78, 15.176, 15.496, 91.4, 102.133, 100, 0, 0, 25.31, 26.218, 57.421, 2.841, 89.19, 0, 0, 89.909, 54.748, 0, 0, 0.079, 0, 0, 14, 0, 12.5, 0, 2.244, 156, 0, 0, 0, 78, 1, 0.015, 0.015, 91.4, 102.133, 100, 0, 0, 141, 25.31, 26.218, 57.421, 2.841, 0, 89.19, 0, 0, 89.909, 54.748, 0, 0, 0, 0, 
6.4, 22.25, 100.44, 63.762, 64.46, , 11.633, 0.974, 437.951, 437.951, 0.032, 278.045, 278.045, 278.045, 8.647, 94.854, 35.004, 36.252, 7.38, 14.395, 0, 0, 39.954, 41.035, 39.954, 41.035, 1, 55.34, 55.34, 0.024, 0.032, 1117.775, 1147.981, 1117.775, 1147.981, 4.865, 7.38, 14.395, , , 1, 6.484, 0.096, 0, 12.5, 2.273, 156, 0, 0, 0, 78, 15.16, 15.524, 91.4, 102.18, 100, 0, 0, 25.537, 26.268, 58.907, 2.9, 88.926, 0, 0, 89.658, 55.392, 0, 0, 0.096, 0, 0, 14, 0, 12.5, 0, 2.273, 156, 0, 0, 0, 78, 1, 0.015, 0.016, 91.4, 102.18, 100, 0, 0, 141, 25.537, 26.268, 58.907, 2.9, 0, 88.926, 0, 0, 89.658, 55.392, 0, 0, 0, 0, 
6.45, 22.25, 100.44, 63.758, 64.462, , 11.607, 0.974, 441.909, 441.909, 0.232, 277.448, 277.448, 277.448, 11.836, 89.007, 34.788, 36.684, 7.381, 14.327, 0, 0, 40.274, 41.363, 40.274, 41.363, 1, 55.907, 55.907, 0.024, 0.032, 526.565, 540.795, 526.565, 540.795, 4.837, 7.381, 14.327, , , 1, 6.534, 0.113, 0, 12.5, 2.287, 156, 0, 0, 0, 78, 15.146, 15.537, 91.4, 102.18, 100, 0, 0, 25.646, 26.323, 60.102, 2.945, 88.709, 0, 0, 89.386, 55.661, 0, 0, 0.113, 0, 0, 14, 0, 12.5, 0, 2.287, 156, 0, 0, 0, 78, 1, 0.015, 0.016, 91.4, 102.18, 100, 0, 0, 141, 25.646, 26.323, 60.102, 2.945, 0, 88.709, 0, 0, 89.386, 55.661, 0, 0, 0, 0, 
6.5, 22.25, 100.44, 63.754, 64.463, , 11.567, 0.974, 445.905, 445.905, 0.431, 276.511, 276.511, 276.511, 15.067, 83.16, 34.572, 37.116, 7.382, 14.261, 0, 0, 40.545, 41.641, 40.545, 41.641, 1, 56.475, 56.475, 0.024, 0.032, 299.445, 307.539, 299.445, 307.539, 4.81, 7.382, 14.261, , , 1, 6.584, 0.131, 0, 12.5, 2.301, 156, 0, 0, 0, 78, 15.132, 15.551, 91.4, 102.18, 100, 0, 0, 25.754, 26.377, 61.298, 2.989, 88.491, 0, 0, 89.114, 55.931, 0, 0, 0.131, 0, 0, 14, 0, 12.5, 0, 2.301, 156, 0, 0, 0, 78, 1, 0.015, 0.016, 91.4, 102.18, 100, 0, 0, 141, 25.754, 26.377, 61.298, 2.989, 0, 88.491, 0, 0, 89.114, 55.931, 0, 0, 0, 0, 
6.55, 22.25, 100.44, 63.751, 64.465, , 11.551, 0.974, 449.959, 449.959, 0.631, 276.14, 276.14, 276.14, 18.249, 77.313, 34.602, 36.946, 7.383, 14.199, 0, 0, 40.895, 42, 40.895, 42, 1, 57.043, 57.043, 0.024, 0.032, 228.393, 234.566, 228.393, 234.566, 4.82, 7.383, 14.199, , , 1, 6.634, 0.148, 0, 12.5, 2.315, 156, 0, 0, 0, 78, 15.118, 15.564, 91.4, 102.18, 100, 0, 0, 25.863, 26.432, 62.493, 3.034, 88.274, 0, 0, 88.842, 56.2, 0, 0, 0.148, 0, 0, 14, 0, 12.5, 0, 2.315, 156, 0, 0, 0, 78, 1, 0.015, 0.016, 91.4, 102.18, 100, 0, 0, 141, 25.863, 26.432, 62.493, 3.034, 0, 88.274, 0, 0, 88.842, 56.2, 0, 0, 0, 0, 
6.6, 22.25, 100.44, 63.747, 64.466, , 11.54, 0.974, 454.075, 454.075, 0.831, 275.889, 275.889, 275.889, 21.352, 71.466, 34.71, 36.586, 7.384, 14.138, 0, 0, 41.257, 42.371, 41.257, 42.371, 1, 57.606, 57.606, 0.024, 0.032, 188.37, 193.46, 188.37, 193.46, 4.833, 7.384, 14.138, , , 1, 6.684, 0.165, 0, 12.5, 2.329, 156, 0, 0, 0, 78, 15.104, 15.577, 91.4, 102.18, 100, 0, 0, 25.972, 26.486, 63.689, 3.078, 88.057, 0, 0, 88.571, 56.47, 0, 0, 0.165, 0, 0, 14, 0, 12.5, 0, 2.329, 156, 0, 0, 0, 78, 1, 0.015, 0.016, 91.4, 102.18, 100, 0, 0, 141, 25.972, 26.486, 63.689, 3.078, 0, 88.057, 0, 0, 88.571, 56.47, 0, 0, 0, 0, 
6.65, 22.25, 100.44, 63.743, 64.468, , 11.472, 0.974, 458.244, 458.244, 1.03, 274.276, 274.276, 274.276, 24.199, 65.618, 34.818, 36.226, 7.384, 14.085, 0, 0, 41.42, 42.538, 41.42, 42.538, 1, 58.166, 58.166, 0.024, 0.032, 160.992, 165.341, 160.992, 165.341, 4.845, 7.384, 14.085, , , 1, 6.734, 0.145, 0, 12.5, 2.35, 156, 0, 0, 0, 78, 15.055, 15.485, 91.124, 102.18, 100, 0, 0, 26.077, 26.577, 65.382, 3.131, 87.923, 0, 0, 88.423, 57.017, 0, 0, 0.145, 0, 0, 14, 0, 12.5, 0, 2.35, 156, 0, 0, 0, 78, 1, 0.015, 0.016, 91.124, 102.18, 100, 0, 0, 141, 26.077, 26.577, 65.382, 3.131, 0, 87.923, 0, 0, 88.423, 57.017, 0, 0, 0, 0, 
6.7, 22.25, 100.44, 63.739, 64.469, , 11.432, 0.974, 462.415, 462.415, 1.23, 273.348, 273.348, 273.348, 26.491, 59.771, 34.926, 35.866, 7.384, 14.031, 0, 0, 41.677, 42.804, 41.677, 42.804, 1, 58.729, 58.729, 0.024, 0.032, 143.61, 147.489, 143.61, 147.489, 4.858, 7.384, 14.031, , , 1, 6.784, 0.112, 0, 12.5, 2.373, 156, 0, 0, 0, 78, 14.995, 15.356, 90.75, 102.18, 100, 0, 0, 26.18, 26.68, 67.249, 3.187, 87.82, 0, 0, 88.32, 57.663, 0, 0, 0.112, 0, 0, 14, 0, 12.5, 0, 2.373, 156, 0, 0, 0, 78, 1, 0.015, 0.016, 90.75, 102.18, 100, 0, 0, 141, 26.18, 26.68, 67.249, 3.187, 0, 87.82, 0, 0, 88.32, 57.663, 0, 0, 0, 0, 
6.75, 22.25, 100.44, 63.735, 64.471, , 11.449, 0.974, 466.661, 466.661, 1.43, 273.767, 273.767, 273.767, 28.071, 53.924, 35.034, 35.506, 7.382, 13.976, 0, 0, 42.143, 43.28, 42.143, 43.28, 1, 59.291, 59.291, 0.024, 0.032, 134.199, 137.823, 134.199, 137.823, 4.897, 7.382, 13.976, , , 1, 6.834, 0.079, 0, 12.5, 2.396, 156, 0, 0, 0, 78, 14.935, 15.228, 90.377, 102.18, 100, 0, 0, 26.284, 26.784, 69.116, 3.243, 87.716, 0, 0, 88.216, 58.308, 0, 0, 0.079, 0, 0, 14, 0, 12.5, 0, 2.396, 156, 0, 0, 0, 78, 1, 0.015, 0.015, 90.377, 102.18, 100, 0, 0, 141, 26.284, 26.784, 69.116, 3.243, 0, 87.716, 0, 0, 88.216, 58.308, 0, 0, 0, 0, 
6.8, 22.25, 100.44, 63.732, 64.472, , 11.434, 0.974, 470.906, 470.906, 1.629, 273.432, 273.432, 273.432, 28.936, 48.077, 34.978, 35.365, 7.381, 13.918, 0, 0, 42.49, 43.638, 42.49, 43.638, 1, 59.848, 59.848, 0.024, 0.032, 129.359, 132.852, 129.359, 132.852, 4.937, 7.381, 13.918, , , 1, 6.884, 0.046, 0, 12.5, 2.418, 156, 0, 0, 0, 78, 14.875, 15.099, 90.003, 102.18, 100, 0, 0, 26.388, 26.888, 70.983, 3.3, 87.612, 0, 0, 88.112, 58.953, 0, 0, 0.046, 0, 0, 14, 0, 12.5, 0, 2.418, 156, 0, 0, 0, 78, 1, 0.015, 0.015, 90.003, 102.18, 100, 0, 0, 141, 26.388, 26.888, 70.983, 3.3, 0, 87.612, 0, 0, 88.112, 58.953, 0, 0, 0, 0, 
6.85, 22.25, 100.44, 63.728, 64.474, , 11.36, 0.974, 475.216, 475.216, 1.793, 271.693, 271.693, 271.693, 29.099, 48.438, 34.87, 35.293, 7.379, 13.848, 0, 0, 42.612, 43.762, 42.612, 43.762, 1, 60.404, 60.404, 0.024, 0.032, 127.803, 131.254, 127.803, 131.254, 4.977, 7.379, 13.848, , , 1, 6.934, 0.013, 0, 12.5, 2.441, 156, 0, 0, 0, 78, 14.815, 14.97, 89.63, 102.18, 100, 0, 0, 26.492, 26.992, 72.851, 3.356, 87.508, 0, 0, 88.008, 59.598, 0, 0, 0.013, 0, 0, 14, 0, 12.5, 0, 2.441, 156, 0, 0, 0, 78, 1, 0.015, 0.015, 89.63, 102.18, 100, 0, 0, 141, 26.492, 26.992, 72.851, 3.356, 0, 87.508, 0, 0, 88.008, 59.598, 0, 0, 0, 0, 
6.9, 22.25, 100.44, 63.724, 64.476, , 11.323, 0.974, 479.6, 479.6, 1.829, 270.811, 270.811, 270.811, 28.602, 60.396, 34.762, 35.221, 7.378, 13.776, 0, 0, 42.861, 44.018, 42.861, 44.018, 1, 60.966, 60.966, 0.024, 0.032, 129.608, 133.109, 129.608, 133.109, 5.017, 7.378, 13.776, , , 1, 6.984, 0.015, 0, 12.5, 2.465, 156, 0, 0, 0, 78, 14.842, 15.117, 89.6, 102.18, 100, 0, 0, 26.585, 27.085, 75.556, 3.462, 87.756, 0, 0, 88.341, 60.18, 0, 0, 0.015, 0, 0, 14, 0, 12.5, 0, 2.465, 156, 0, 0, 0, 78, 1, 0.015, 0.015, 89.6, 102.18, 100, 0, 0, 141, 26.585, 27.085, 75.556, 3.462, 0, 87.756, 0, 0, 88.341, 60.18, 0, 0, 0, 0, 
6.95, 22.25, 100.44, 63.72, 64.477, , 11.305, 0.974, 484.006, 484.006, 1.819, 270.403, 270.403, 270.403, 27.758, 60.561, 34.654, 35.149, 7.378, 13.686, 0, 0, 43.184, 44.35, 43.184, 44.35, 1, 61.522, 61.522, 0.024, 0.032, 133.045, 136.638, 133.045, 136.638, 5.039, 7.378, 13.686, , , 1, 7.034, 0.021, 0, 12.5, 2.49, 156, 0, 0, 0, 78, 14.878, 15.287, 89.6, 102.18, 100, 0, 0, 26.678, 27.178, 78.333, 3.573, 88.033, 0, 0, 88.711, 60.756, 0, 0, 0.021, 0, 0, 14, 0, 12.5, 0, 2.49, 156, 0, 0, 0, 78, 1, 0.015, 0.015, 89.6, 102.18, 100, 0, 0, 141, 26.678, 27.178, 78.333, 3.573, 0, 88.033, 0, 0, 88.711, 60.756, 0, 0, 0, 0, 
7, 22.25, 100.44, 63.724, 64.479, , 11.259, 0.974, 488.464, 488.464, 1.809, 269.334, 269.334, 269.334, 26.935, 60.726, 34.546, 35.077, 7.377, 13.594, 0, 0, 43.403, 44.575, 43.403, 44.575, 1, 62.073, 62.073, 0.024, 0.032, 136.615, 140.305, 136.615, 140.305, 5.052, 7.377, 13.594, , , 1, 7.084, 0.026, 0, 12.5, 2.514, 156, 0, 0, 0, 78, 14.913, 15.457, 89.6, 102.18, 100, 0, 0, 26.77, 27.27, 81.111, 3.684, 88.311, 0, 0, 89.081, 61.332, 0, 0, 0.026, 0, 0, 14, 0, 12.5, 0, 2.514, 156, 0, 0, 0, 78, 1, 0.015, 0.016, 89.6, 102.18, 100, 0, 0, 141, 26.77, 27.27, 81.111, 3.684, 0, 88.311, 0, 0, 89.081, 61.332, 0, 0, 0, 0, 
7.05, 22.25, 100.44, 63.727, 64.48, , 11.237, 0.974, 492.954, 492.954, 1.799, 268.823, 268.823, 268.823, 26.122, 60.89, 34.684, 35.087, 7.377, 13.486, 0, 0, 43.711, 44.891, 43.711, 44.891, 1, 62.625, 62.625, 0.024, 0.032, 140.647, 144.447, 140.647, 144.447, 5.064, 7.377, 13.486, , , 1, 7.134, 0.032, 0, 12.5, 2.539, 156, 0, 0, 0, 78, 14.948, 15.628, 89.6, 102.18, 100, 0, 0, 26.863, 27.363, 83.889, 3.796, 88.589, 0, 0, 89.452, 61.908, 0, 0, 0.032, 0, 0, 14, 0, 12.5, 0, 2.539, 156, 0, 0, 0, 78, 1, 0.015, 0.016, 89.6, 102.18, 100, 0, 0, 141, 26.863, 27.363, 83.889, 3.796, 0, 88.589, 0, 0, 89.452, 61.908, 0, 0, 0, 0, 
7.1, 22.25, 100.44, 63.731, 64.482, , 11.27, 0.974, 497.492, 497.492, 1.789, 269.599, 269.599, 269.599, 25.33, 61.055, 34.9, 35.123, 7.377, 13.379, 0, 0, 44.226, 45.42, 44.226, 45.42, 1, 63.171, 63.171, 0.024, 0.032, 145.519, 149.452, 145.519, 149.452, 5.077, 7.377, 13.379, , , 1, 7.184, 0.037, 0, 12.5, 2.563, 156, 0, 0, 0, 78, 14.983, 15.798, 89.6, 102.18, 100, 0, 0, 26.956, 27.456, 86.667, 3.907, 88.867, 0, 0, 89.822, 62.484, 0, 0, 0.037, 0, 0, 14, 0, 12.5, 0, 2.563, 156, 0, 0, 0, 78, 1, 0.015, 0.016, 89.6, 102.18, 100, 0, 0, 141, 26.956, 27.456, 86.667, 3.907, 0, 88.867, 0, 0, 89.822, 62.484, 0, 0, 0, 0, 
7.15, 22.25, 100.44, 63.735, 64.483, , 11.29, 0.974, 502.071, 502.071, 1.779, 270.1, 270.1, 270.1, 24.546, 61.22, 35.116, 35.159, 7.377, 13.273, 0, 0, 44.694, 45.903, 44.694, 45.903, 1, 63.728, 63.728, 0.024, 0.032, 150.421, 154.488, 150.421, 154.488, 5.085, 7.377, 13.273, , , 1, 7.234, 0.036, 0, 12.5, 2.593, 156, 0, 0, 0, 78, 15.025, 15.875, 89.6, 102.233, 100, 0, 0, 27.024, 27.572, 89.156, 4.005, 89.048, 0, 0, 90.217, 63.179, 0, 0, 0.036, 0, 0, 14, 0, 12.5, 0, 2.593, 156, 0, 0, 0, 78, 1, 0.015, 0.016, 89.6, 102.233, 100, 0, 0, 141, 27.024, 27.572, 89.156, 4.005, 0, 89.048, 0, 0, 90.217, 63.179, 0, 0, 0, 0, 
7.2, 22.25, 100.44, 63.739, 64.485, , 11.282, 0.974, 506.649, 506.649, 1.769, 269.919, 269.919, 269.919, 23.781, 61.385, 35.332, 35.195, 7.377, 13.168, 0, 0, 45.048, 46.267, 45.048, 46.267, 1, 64.279, 64.279, 0.024, 0.032, 155.144, 159.34, 155.144, 159.34, 5.086, 7.377, 13.168, , , 1, 7.284, 0.029, 0, 12.5, 2.629, 156, 0, 0, 0, 78, 15.072, 15.866, 89.6, 102.336, 100, 0, 0, 27.07, 27.711, 91.378, 4.092, 89.141, 0, 0, 90.633, 63.984, 0, 0, 0.029, 0, 0, 14, 0, 12.5, 0, 2.629, 156, 0, 0, 0, 78, 1, 0.015, 0.016, 89.6, 102.336, 100, 0, 0, 141, 27.07, 27.711, 91.378, 4.092, 0, 89.141, 0, 0, 90.633, 63.984, 0, 0, 0, 0, 
7.25, 22.25, 100.44, 63.743, 64.486, , 11.294, 0.974, 511.272, 511.272, 1.759, 270.224, 270.224, 270.224, 23.023, 61.55, 35.548, 35.231, 7.377, 13.082, 0, 0, 45.486, 46.718, 45.486, 46.718, 1, 64.835, 64.835, 0.024, 0.032, 160.403, 164.742, 160.403, 164.742, 5.087, 7.377, 13.082, , , 1, 7.334, 0.021, 0, 12.5, 2.665, 156, 0, 0, 0, 78, 15.119, 15.857, 89.6, 102.439, 100, 0, 0, 27.117, 27.85, 93.6, 4.179, 89.233, 0, 0, 91.05, 64.79, 0, 0, 0.021, 0, 0, 14, 0, 12.5, 0, 2.665, 156, 0, 0, 0, 78, 1, 0.015, 0.016, 89.6, 102.439, 100, 0, 0, 141, 27.117, 27.85, 93.6, 4.179, 0, 89.233, 0, 0, 91.05, 64.79, 0, 0, 0, 0, 
7.3, 22.25, 100.44, 63.747, 64.488, , 11.306, 0.974, 515.988, 515.988, 1.749, 270.52, 270.52, 270.52, 22.283, 61.714, 35.545, 35.267, 7.377, 12.997, 0, 0, 45.928, 47.173, 45.928, 47.173, 1, 65.389, 65.389, 0.024, 0.032, 165.978, 170.465, 165.978, 170.465, 5.088, 7.377, 12.997, , , 1, 7.384, 0.014, 0, 12.5, 2.7, 156, 0, 0, 0, 78, 15.166, 15.847, 89.6, 102.542, 100, 0, 0, 27.163, 27.989, 95.822, 4.266, 89.326, 0, 0, 91.467, 65.596, 0, 0, 0.014, 0, 0, 14, 0, 12.5, 0, 2.7, 156, 0, 0, 0, 78, 1, 0.015, 0.016, 89.6, 102.542, 100, 0, 0, 141, 27.163, 27.989, 95.822, 4.266, 0, 89.326, 0, 0, 91.467, 65.596, 0, 0, 0, 0, 
7.35, 22.25, 100.44, 63.75, 64.489, , 11.324, 0.974, 521.944, 521.944, 1.739, 270.961, 270.961, 270.961, 21.202, 61.879, 35.473, 35.303, 7.377, 12.951, 0, 0, 46.5, 47.759, 46.5, 47.759, 1, 66.222, 66.222, 0.024, 0.032, 173.578, 178.269, 173.578, 178.269, 5.095, 7.377, 12.951, , , 1, 7.434, 0.007, 0, 12.5, 2.736, 156, 0, 0, 0, 78, 15.213, 15.838, 89.6, 102.645, 100, 0, 0, 27.209, 28.128, 98.044, 4.353, 89.419, 0, 0, 91.883, 66.401, 0, 0, 0.007, 0, 0, 14, 0, 12.5, 0, 2.736, 156, 0, 0, 0, 78, 1, 0.015, 0.016, 89.6, 102.645, 100, 0, 0, 141, 27.209, 28.128, 98.044, 4.353, 0, 89.419, 0, 0, 91.883, 66.401, 0, 0, 0, 0, 
7.4, 22.251, 100.44, 63.754, 64.49, , 11.374, 0.974, 527.853, 527.853, 1.729, 272.155, 272.155, 272.155, 20.491, 62.044, 35.401, 35.339, 7.377, 12.905, 0, 0, 47.196, 48.472, 47.196, 48.472, 1, 66.776, 66.776, 0.024, 0.032, 181.95, 186.865, 181.95, 186.865, 5.108, 7.377, 12.905, , , 1, 7.484, 0, 0, 12.5, 2.769, 156, 0, 0, 0, 78, 15.259, 15.834, 89.6, 102.74, 100, 0, 0, 27.256, 28.256, 100, 4.43, 89.513, 0, 0, 92.269, 67.141, 0, 0, 0, 0, 0, 14, 0, 12.5, 0, 2.769, 156, 0, 0, 0, 78, 1, 0.015, 0.016, 89.6, 102.74, 100, 0, 0, 141, 27.256, 28.256, 100, 4.43, 0, 89.513, 0, 0, 92.269, 67.141, 0, 0, 0, 0, 
7.45, 22.252, 100.44, 63.758, 64.489, , 11.412, 0.974, 532.672, 532.672, 1.719, 273.093, 273.093, 273.093, 19.782, 62.209, 35.329, 35.375, 7.377, 12.882, 0, 0, 47.753, 49.044, 47.753, 49.044, 1, 67.34, 67.34, 0.024, 0.032, 189.042, 194.148, 189.042, 194.148, 5.121, 7.377, 12.882, , , 1, 7.534, 0, 0, 12.5, 2.783, 156, 0, 0, 0, 78, 15.291, 15.872, 89.6, 102.778, 100, 0, 0, 27.308, 28.308, 100, 4.43, 89.617, 0, 0, 92.426, 67.399, 0, 0, 0, 0, 0, 14, 0, 12.5, 0, 2.783, 156, 0, 0, 0, 78, 1, 0.015, 0.016, 89.6, 102.778, 100, 0, 0, 141, 27.308, 28.308, 100, 4.43, 0, 89.617, 0, 0, 92.426, 67.399, 0, 0, 0, 0, 
7.5, 22.253, 100.44, 63.762, 64.488, , 11.44, 0.974, 537.537, 537.537, 1.709, 273.763, 273.763, 273.763, 19.09, 62.374, 35.257, 35.411, 7.377, 12.859, 0, 0, 48.269, 49.573, 48.269, 49.573, 1, 67.901, 67.901, 0.024, 0.032, 196.374, 201.678, 196.374, 201.678, 5.134, 7.377, 12.859, , , 1, 7.584, 0, 0, 12.5, 2.798, 156, 0, 0, 0, 78, 15.323, 15.91, 89.6, 102.817, 100, 0, 0, 27.36, 28.36, 100, 4.43, 89.722, 0, 0, 92.583, 67.658, 0, 0, 0, 0, 0, 14, 0, 12.5, 0, 2.798, 156, 0, 0, 0, 78, 1, 0.015, 0.016, 89.6, 102.817, 100, 0, 0, 141, 27.36, 28.36, 100, 4.43, 0, 89.722, 0, 0, 92.583, 67.658, 0, 0, 0, 0, 
7.55, 22.254, 100.44, 63.766, 64.487, , 11.474, 0.974, 542.401, 542.401, 1.699, 274.595, 274.595, 274.595, 18.412, 62.539, 35.267, 35.69, 7.377, 12.844, 0, 0, 48.814, 50.131, 48.814, 50.131, 1, 68.459, 68.459, 0.024, 0.032, 204.208, 209.724, 204.208, 209.724, 5.147, 7.377, 12.844, , , 1, 7.634, 0, 0, 12.5, 2.812, 156, 0, 0, 0, 78, 15.356, 15.947, 89.6, 102.856, 100, 0, 0, 27.412, 28.412, 100, 4.43, 89.826, 0, 0, 92.74, 67.916, 0, 0, 0, 0, 0, 14, 0, 12.5, 0, 2.812, 156, 0, 0, 0, 78, 1, 0.015, 0.016, 89.6, 102.856, 100, 0, 0, 141, 27.412, 28.412, 100, 4.43, 0, 89.826, 0, 0, 92.74, 67.916, 0, 0, 0, 0, 
7.6, 22.255, 100.44, 63.769, 64.487, , 11.48, 0.974, 547.334, 547.334, 1.689, 274.734, 274.734, 274.734, 17.738, 62.703, 35.303, 36.046, 7.377, 12.829, 0, 0, 49.237, 50.564, 49.237, 50.564, 1, 69.026, 69.026, 0.024, 0.032, 211.964, 217.69, 211.964, 217.69, 5.162, 7.377, 12.829, , , 1, 7.684, 0, 0, 12.5, 2.826, 156, 0, 0, 0, 78, 15.388, 15.985, 89.6, 102.894, 100, 0, 0, 27.465, 28.465, 100, 4.43, 89.931, 0, 0, 92.896, 68.174, 0, 0, 0, 0, 0, 14, 0, 12.5, 0, 2.826, 156, 0, 0, 0, 78, 1, 0.015, 0.016, 89.6, 102.894, 100, 0, 0, 141, 27.465, 28.465, 100, 4.43, 0, 89.931, 0, 0, 92.896, 68.174, 0, 0, 0, 0, 
7.65, 22.256, 100.44, 63.773, 64.486, , 11.489, 0.974, 552.302, 552.302, 1.679, 274.975, 274.975, 274.975, 17.08, 62.868, 35.338, 36.402, 7.377, 12.809, 0, 0, 49.681, 51.021, 49.681, 51.021, 1, 69.587, 69.587, 0.024, 0.032, 220.332, 226.284, 220.332, 226.284, 5.178, 7.377, 12.809, , , 1, 7.734, 0, 0, 12.5, 2.848, 156.136, 0, 0, 0, 78, 15.427, 16.029, 89.542, 102.92, 100, 0, 0, 27.532, 28.532, 100, 4.43, 90.119, 0, 0, 93.17, 68.649, 0, 0, 0, 0, 0, 14, 0, 12.5, 0, 2.848, 156.136, 0, 0, 0, 78, 1, 0.015, 0.016, 89.542, 102.92, 100, 0, 0, 141, 27.532, 28.532, 100, 4.43, 0, 90.119, 0, 0, 93.17, 68.649, 0, 0, 0, 0, 
7.7, 22.257, 100.44, 63.777, 64.485, , 11.522, 0.974, 557.354, 557.354, 1.669, 275.767, 275.767, 275.767, 16.434, 63.033, 35.374, 36.758, 7.377, 12.789, 0, 0, 50.232, 51.588, 50.232, 51.588, 1, 70.149, 70.149, 0.024, 0.032, 229.812, 236.02, 229.812, 236.02, 5.193, 7.377, 12.789, , , 1, 7.784, 0, 0, 12.5, 2.885, 156.536, 0, 0, 0, 78, 15.479, 16.09, 89.361, 102.92, 100, 0, 0, 27.633, 28.633, 100, 4.43, 90.469, 0, 0, 93.67, 69.585, 0, 0, 0, 0, 0, 14, 0, 12.5, 0, 2.885, 156.536, 0, 0, 0, 78, 1, 0.015, 0.016, 89.361, 102.92, 100, 0, 0, 141, 27.633, 28.633, 100, 4.43, 0, 90.469, 0, 0, 93.67, 69.585, 0, 0, 0, 0, 
7.75, 22.259, 100.44, 63.781, 64.484, , 11.553, 0.974, 562.431, 562.431, 1.659, 276.507, 276.507, 276.507, 15.794, 63.198, 35.409, 37.113, 7.377, 12.767, 0, 0, 50.771, 52.142, 50.771, 52.142, 1, 70.716, 70.716, 0.024, 0.032, 239.744, 246.222, 239.744, 246.222, 5.208, 7.377, 12.767, , , 1, 7.835, 0, 0, 12.5, 2.921, 156.936, 0, 0, 0, 78, 15.531, 16.15, 89.181, 102.92, 100, 0, 0, 27.733, 28.733, 100, 4.43, 90.819, 0, 0, 94.17, 70.521, 0, 0, 0, 0, 0, 14, 0, 12.5, 0, 2.921, 156.936, 0, 0, 0, 78, 1, 0.015, 0.016, 89.181, 102.92, 100, 0, 0, 141, 27.733, 28.733, 100, 4.43, 0, 90.819, 0, 0, 94.17, 70.521, 0, 0, 0, 0, 
7.8, 22.26, 100.44, 63.785, 64.484, , 11.563, 0.974, 567.509, 567.509, 1.649, 276.772, 276.772, 276.772, 15.169, 63.363, 35.267, 36.863, 7.377, 12.744, 0, 0, 51.224, 52.608, 51.224, 52.608, 1, 71.28, 71.28, 0.024, 0.032, 249.877, 256.628, 249.877, 256.628, 5.236, 7.377, 12.744, , , 1, 7.884, 0, 0, 12.5, 2.957, 157.336, 0, 0, 0, 78, 15.583, 16.21, 89, 102.92, 100, 0, 0, 27.833, 28.833, 100, 4.43, 91.169, 0, 0, 94.67, 71.457, 0, 0, 0, 0, 0, 14, 0, 12.5, 0, 2.957, 157.336, 0, 0, 0, 78, 1, 0.016, 0.016, 89, 102.92, 100, 0, 0, 141, 27.833, 28.833, 100, 4.43, 0, 91.169, 0, 0, 94.67, 71.457, 0, 0, 0, 0, 
7.85, 22.261, 100.44, 63.788, 64.483, , 11.614, 0.974, 572.698, 572.698, 1.639, 277.981, 277.981, 277.981, 14.552, 63.527, 35.048, 36.353, 7.377, 12.726, 0, 0, 51.863, 53.266, 51.863, 53.266, 1, 71.847, 71.847, 0.024, 0.032, 261.873, 268.951, 261.873, 268.951, 5.265, 7.377, 12.726, , , 1, 7.934, 0, 0, 12.5, 2.993, 157.736, 0, 0, 0, 78, 15.636, 16.27, 88.819, 102.92, 100, 0, 0, 27.934, 28.934, 100, 4.43, 91.519, 0, 0, 95.17, 72.392, 0, 0, 0, 0, 0, 14, 0, 12.5, 0, 2.993, 157.736, 0, 0, 0, 78, 1, 0.016, 0.016, 88.819, 102.92, 100, 0, 0, 141, 27.934, 28.934, 100, 4.43, 0, 91.519, 0, 0, 95.17, 72.392, 0, 0, 0, 0, 
7.9, 22.262, 100.44, 63.792, 64.482, , 11.686, 0.974, 577.887, 577.887, 1.629, 279.714, 279.714, 279.714, 13.942, 63.692, 34.83, 35.843, 7.377, 12.709, 0, 0, 52.602, 54.025, 52.602, 54.025, 1, 72.419, 72.419, 0.024, 0.032, 275.111, 282.547, 275.111, 282.547, 5.293, 7.377, 12.709, , , 1, 7.984, 0, 0, 12.5, 3.021, 158, 0, 0, 0, 78, 15.67, 16.307, 88.633, 102.92, 100, 0, 0, 28, 29, 100, 4.43, 91.768, 0, 0, 95.5, 73.125, 0, 0, 0, 0, 0, 14, 0, 12.5, 0, 3.021, 158, 0, 0, 0, 78, 1, 0.016, 0.016, 88.633, 102.92, 100, 0, 0, 141, 28, 29, 100, 4.43, 0, 91.768, 0, 0, 95.5, 73.125, 0, 0, 0, 0, 
7.95, 22.263, 100.44, 63.796, 64.481, , 11.737, 0.974, 583.114, 583.114, 1.619, 280.95, 280.95, 280.95, 13.336, 63.857, 34.611, 35.333, 7.377, 12.698, 0, 0, 53.258, 54.698, 53.258, 54.698, 1, 73, 73, 0.024, 0.032, 288.942, 296.751, 288.942, 296.751, 5.322, 7.377, 12.698, , , 1, 8.034, 0, 0, 12.5, 3.034, 158, 0, 0, 0, 78, 15.67, 16.298, 88.438, 102.92, 100, 0, 0, 28, 29, 100, 4.43, 91.823, 0, 0, 95.5, 73.462, 0, 0, 0, 0, 0, 14, 0, 12.5, 0, 3.034, 158, 0, 0, 0, 78, 1, 0.016, 0.016, 88.438, 102.92, 100, 0, 0, 141, 28, 29, 100, 4.43, 0, 91.823, 0, 0, 95.5, 73.462, 0, 0, 0, 0, 
8, 22.264, 100.44, 63.8, 64.48, , 11.805, 0.974, 588.368, 588.368, 1.609, 282.564, 282.564, 282.564, 12.752, 64.022, 34.392, 34.822, 7.377, 12.687, 0, 0, 53.994, 55.453, 53.994, 55.453, 1, 73.57, 73.57, 0.024, 0.032, 304.359, 312.583, 304.359, 312.583, 5.35, 7.377, 12.687, , , 1, 8.085, 0, 0, 12.5, 3.048, 158, 0, 0, 0, 78, 15.67, 16.29, 88.242, 102.92, 100, 0, 0, 28, 29, 100, 4.43, 91.877, 0, 0, 95.5, 73.798, 0, 0, 0, 0, 0, 14, 0, 12.5, 0, 3.048, 158, 0, 0, 0, 78, 1, 0.016, 0.016, 88.242, 102.92, 100, 0, 0, 141, 28, 29, 100, 4.43, 0, 91.877, 0, 0, 95.5, 73.798, 0, 0, 0, 0, 
8.05, 22.265, 100.44, 63.804, 64.48, , 11.87, 0.974, 593.687, 593.687, 1.599, 284.137, 284.137, 284.137, 12.158, 64.187, 34.614, 34.782, 7.377, 12.693, 0, 0, 54.721, 56.199, 54.721, 56.199, 1, 74.163, 74.163, 0.024, 0.032, 320.709, 329.374, 320.709, 329.374, 5.378, 7.377, 12.693, , , 1, 8.135, 0, 0, 12.5, 3.061, 158, 0, 0, 0, 78, 15.67, 16.281, 88.047, 102.92, 100, 0, 0, 28, 29, 100, 4.43, 91.932, 0, 0, 95.5, 74.135, 0, 0, 0, 0, 0, 14, 0, 12.5, 0, 3.061, 158, 0, 0, 0, 78, 1, 0.016, 0.016, 88.047, 102.92, 100, 0, 0, 141, 28, 29, 100, 4.43, 0, 91.932, 0, 0, 95.5, 74.135, 0, 0, 0, 0, 
8.1, 22.267, 100.44, 63.807, 64.479, , 11.914, 0.974, 599.034, 599.034, 1.589, 285.183, 285.183, 285.183, 11.584, 64.351, 34.974, 34.89, 7.377, 12.7, 0, 0, 55.351, 56.844, 55.351, 56.844, 1, 74.745, 74.745, 0.024, 0.032, 337.759, 346.884, 337.759, 346.884, 5.407, 7.377, 12.7, , , 1, 8.185, 0, 0, 12.5, 3.074, 158, 0, 0, 0, 78, 15.67, 16.272, 87.851, 102.92, 100, 0, 0, 28, 29, 100, 4.43, 91.986, 0, 0, 95.5, 74.472, 0, 0, 0, 0, 0, 14, 0, 12.5, 0, 3.074, 158, 0, 0, 0, 78, 1, 0.016, 0.016, 87.851, 102.92, 100, 0, 0, 141, 28, 29, 100, 4.43, 0, 91.986, 0, 0, 95.5, 74.472, 0, 0, 0, 0, 
8.15, 22.268, 100.44, 63.811, 64.478, , 11.975, 0.974, 604.439, 604.439, 1.579, 286.654, 286.654, 286.654, 11.016, 64.516, 35.334, 34.998, 7.377, 12.725, 0, 0, 56.073, 57.586, 56.073, 57.586, 1, 75.334, 75.334, 0.024, 0.032, 357.024, 366.668, 357.024, 366.668, 5.435, 7.377, 12.725, , , 1, 8.235, 0, 0.001, 12.5, 3.094, 158, 0, 0, 0, 78, 15.657, 16.257, 87.8, 102.92, 100, 0, 0, 28.071, 29, 100, 4.43, 91.929, 0, 0, 95.429, 75.003, 0, 0, 0, 0, 0, 14, 0.001, 12.5, 0, 3.094, 158, 0, 0, 0, 78, 1, 0.016, 0.016, 87.8, 102.92, 100, 0, 0, 141, 28.071, 29, 100, 4.43, 0, 91.929, 0, 0, 95.429, 75.003, 0, 0, 0, 0, 
8.2, 22.269, 100.44, 63.815, 64.477, , 12.05, 0.974, 609.88, 609.88, 1.569, 288.457, 288.457, 288.457, 10.458, 64.681, 35.694, 35.106, 7.377, 12.753, 0, 0, 56.87, 58.403, 56.87, 58.403, 1, 75.922, 75.922, 0.024, 0.032, 378.693, 388.925, 378.693, 388.925, 5.466, 7.377, 12.753, , , 1, 8.284, 0, 0.003, 12.5, 3.117, 158, 0, 0, 0, 78, 15.64, 16.24, 87.8, 102.92, 100, 0, 0, 28.167, 29, 100, 4.43, 91.833, 0, 0, 95.333, 75.601, 0, 0, 0, 0, 0, 14, 0.003, 12.5, 0, 3.117, 158, 0, 0, 0, 78, 1, 0.016, 0.016, 87.8, 102.92, 100, 0, 0, 141, 28.167, 29, 100, 4.43, 0, 91.833, 0, 0, 95.333, 75.601, 0, 0, 0, 0, 
8.25, 22.27, 100.44, 63.819, 64.477, , 12.117, 0.974, 615.408, 615.408, 1.559, 290.051, 290.051, 290.051, 9.905, 64.846, 36.054, 35.214, 7.377, 12.798, 0, 0, 57.637, 59.191, 57.637, 59.191, 1, 76.518, 76.518, 0.024, 0.032, 402.503, 413.378, 402.503, 413.378, 5.501, 7.377, 12.798, , , 1, 8.333, 0, 0.005, 12.5, 3.14, 158, 0, 0, 0, 78, 15.623, 16.223, 87.8, 102.92, 100, 0, 0, 28.263, 29, 100, 4.43, 91.737, 0, 0, 95.237, 76.199, 0, 0, 0, 0, 0, 14, 0.005, 12.5, 0, 3.14, 158, 0, 0, 0, 78, 1, 0.016, 0.016, 87.8, 102.92, 100, 0, 0, 141, 28.263, 29, 100, 4.43, 0, 91.737, 0, 0, 95.237, 76.199, 0, 0, 0, 0, 
8.3, 22.271, 100.44, 63.82, 64.476, , 12.201, 0.974, 620.888, 620.888, 1.549, 292.075, 292.075, 292.075, 9.37, 65.011, 35.839, 35.322, 7.378, 12.846, 0, 0, 58.488, 60.066, 58.488, 60.066, 1, 77.107, 77.107, 0.024, 0.032, 428.8, 440.388, 428.8, 440.388, 5.536, 7.378, 12.846, , , 1, 8.384, 0, 0.007, 12.5, 3.163, 158, 0, 0, 0, 78, 15.605, 16.205, 87.8, 102.92, 100, 0, 0, 28.36, 29, 100, 4.43, 91.64, 0, 0, 95.14, 76.797, 0, 0, 0, 0, 0, 14, 0.007, 12.5, 0, 3.163, 158, 0, 0, 0, 78, 1, 0.016, 0.016, 87.8, 102.92, 100, 0, 0, 141, 28.36, 29, 100, 4.43, 0, 91.64, 0, 0, 95.14, 76.797, 0, 0, 0, 0, 
8.35, 22.272, 100.44, 63.82, 64.475, , 12.276, 0.974, 626.521, 626.521, 1.539, 293.871, 293.871, 293.871, 8.826, 65.175, 35.443, 35.43, 7.378, 12.92, 0, 0, 59.304, 60.905, 59.304, 60.905, 1, 77.717, 77.717, 0.024, 0.032, 457.731, 470.1, 457.731, 470.1, 5.571, 7.378, 12.92, , , 1, 8.434, 0, 0.009, 12.5, 3.186, 158, 0, 0, 0, 78, 15.588, 16.188, 87.8, 102.92, 100, 0, 0, 28.456, 29, 100, 4.43, 91.544, 0, 0, 95.044, 77.395, 0, 0, 0, 0, 0, 14, 0.009, 12.5, 0, 3.186, 158, 0, 0, 0, 78, 1, 0.016, 0.016, 87.8, 102.92, 100, 0, 0, 141, 28.456, 29, 100, 4.43, 0, 91.544, 0, 0, 95.044, 77.395, 0, 0, 0, 0, 
8.4, 22.273, 100.44, 63.82, 64.474, , 12.358, 0.974, 632.118, 632.118, 1.529, 295.816, 295.816, 295.816, 8.3, 65.34, 35.047, 35.538, 7.379, 13, 0, 0, 60.16, 61.783, 60.16, 61.783, 1, 78.32, 78.32, 0.024, 0.032, 490.077, 503.321, 490.077, 503.321, 5.606, 7.379, 13, , , 1, 8.483, 0, 0.009, 12.5, 3.213, 158, 0, 0, 0, 78, 15.554, 16.123, 87.8, 102.84, 100, 0, 0, 28.5, 29, 97.84, 4.337, 91.446, 0, 0, 94.838, 78.073, 0, 0, 0, 0, 0, 14, 0.009, 12.5, 0, 3.213, 158, 0, 0, 0, 78, 1, 0.016, 0.016, 87.8, 102.84, 100, 0, 0, 141, 28.5, 29, 97.84, 4.337, 0, 91.446, 0, 0, 94.838, 78.073, 0, 0, 0, 0, 
8.45, 22.275, 100.44, 63.82, 64.474, , 12.433, 0.974, 637.968, 637.968, 1.519, 297.618, 297.618, 297.618, 7.779, 65.505, 34.651, 35.646, 7.379, 13.101, 0, 0, 61.012, 62.66, 61.012, 62.66, 1, 78.932, 78.932, 0.024, 0.032, 527.8, 542.063, 527.8, 542.063, 5.641, 7.379, 13.101, , , 1, 8.534, 0, 0.007, 12.5, 3.241, 158, 0, 0, 0, 78, 15.506, 16.017, 87.8, 102.692, 100, 0, 0, 28.5, 29, 93.84, 4.165, 91.346, 0, 0, 94.538, 78.819, 0, 0, 0, 0, 0, 14, 0.007, 12.5, 0, 3.241, 158, 0, 0, 0, 78, 1, 0.016, 0.016, 87.8, 102.692, 100, 0, 0, 141, 28.5, 29, 93.84, 4.165, 0, 91.346, 0, 0, 94.538, 78.819, 0, 0, 0, 0, 
8.5, 22.276, 100.44, 63.82, 64.473, , 12.533, 0.974, 645.861, 645.861, 1.509, 300.028, 300.028, 300.028, 7.107, 65.67, 34.255, 35.754, 7.38, 13.206, 0, 0, 62.17, 63.848, 62.17, 63.848, 1, 79.744, 79.744, 0.024, 0.032, 587.886, 603.771, 587.886, 603.771, 5.677, 7.38, 13.206, , , 1, 8.584, 0, 0.005, 12.5, 3.27, 158, 0, 0, 0, 78, 15.458, 15.911, 87.8, 102.544, 100, 0, 0, 28.5, 29, 89.84, 3.993, 91.246, 0, 0, 94.238, 79.565, 0, 0, 0, 0, 0, 14, 0.005, 12.5, 0, 3.27, 158, 0, 0, 0, 78, 1, 0.015, 0.016, 87.8, 102.544, 100, 0, 0, 141, 28.5, 29, 89.84, 3.993, 0, 91.246, 0, 0, 94.238, 79.565, 0, 0, 0, 0, 
8.55, 22.277, 100.44, 63.82, 64.472, , 12.591, 0.974, 651.636, 651.636, 1.499, 301.423, 301.423, 301.423, 6.573, 65.835, 34.317, 35.636, 7.38, 13.33, 0, 0, 62.943, 64.643, 62.943, 64.643, 1, 80.402, 80.402, 0.024, 0.032, 636.69, 653.894, 636.69, 653.894, 5.712, 7.38, 13.33, , , 1, 8.634, 0, 0.003, 12.5, 3.299, 158, 0, 0, 0, 78, 15.41, 15.805, 87.8, 102.396, 100, 0, 0, 28.5, 29, 85.84, 3.821, 91.146, 0, 0, 93.938, 80.311, 0, 0, 0, 0, 0, 14, 0.003, 12.5, 0, 3.299, 158, 0, 0, 0, 78, 1, 0.015, 0.016, 87.8, 102.396, 100, 0, 0, 141, 28.5, 29, 85.84, 3.821, 0, 91.146, 0, 0, 93.938, 80.311, 0, 0, 0, 0, 
8.6, 22.278, 100.44, 63.82, 64.471, , 12.665, 0.974, 657.419, 657.419, 1.489, 303.189, 303.189, 303.189, 6.078, 65.999, 34.523, 35.447, 7.379, 13.458, 0, 0, 63.794, 65.518, 63.794, 65.518, 1, 81.025, 81.025, 0.024, 0.032, 692.952, 711.676, 692.952, 711.676, 5.739, 7.379, 13.458, , , 1, 8.684, 0, 0.001, 12.5, 3.328, 158, 0, 0, 0, 78, 15.362, 15.699, 87.8, 102.248, 100, 0, 0, 28.5, 29, 81.84, 3.649, 91.046, 0, 0, 93.638, 81.057, 0, 0, 0, 0, 0, 14, 0.001, 12.5, 0, 3.328, 158, 0, 0, 0, 78, 1, 0.015, 0.016, 87.8, 102.248, 100, 0, 0, 141, 28.5, 29, 81.84, 3.649, 0, 91.046, 0, 0, 93.638, 81.057, 0, 0, 0, 0, 
8.65, 22.279, 100.44, 63.82, 64.471, , 12.708, 0.974, 663.26, 663.26, 1.479, 304.237, 304.237, 304.237, 5.595, 66.164, 34.729, 35.259, 7.379, 13.569, 0, 0, 64.504, 66.247, 64.504, 66.247, 1, 81.646, 81.646, 0.024, 0.032, 756.737, 777.185, 756.737, 777.185, 5.752, 7.379, 13.569, , , 1, 8.734, 0.025, 0, 12.5, 3.362, 158, 0, 0, 0, 78, 15.385, 15.679, 87.707, 102.218, 100, 0, 0, 28.578, 29, 81.61, 3.638, 91.104, 0, 0, 93.63, 81.884, 0, 0, 0.025, 0, 0, 14, 0, 12.5, 0, 3.362, 158, 0, 0, 0, 78, 1, 0.015, 0.016, 87.707, 102.218, 100, 0, 0, 141, 28.578, 29, 81.61, 3.638, 0, 91.104, 0, 0, 93.63, 81.884, 0, 0, 0, 0, 
8.7, 22.28, 100.44, 63.82, 64.47, , 12.758, 0.974, 669.211, 669.211, 1.469, 305.437, 305.437, 305.437, 5.114, 66.329, 34.935, 35.07, 7.378, 13.676, 0, 0, 65.259, 67.024, 65.259, 67.024, 1, 82.275, 82.275, 0.024, 0.032, 834.706, 857.26, 834.706, 857.26, 5.764, 7.378, 13.676, , , 1, 8.784, 0.073, 0, 12.5, 3.401, 158, 0, 0, 0, 78, 15.467, 15.733, 87.533, 102.29, 100, 0, 0, 28.722, 29, 84.59, 3.764, 91.296, 0, 0, 93.87, 82.78, 0, 0, 0.073, 0, 0, 14, 0, 12.5, 0, 3.401, 158, 0, 0, 0, 78, 1, 0.015, 0.016, 87.533, 102.29, 100, 0, 0, 141, 28.722, 29, 84.59, 3.764, 0, 91.296, 0, 0, 93.87, 82.78, 0, 0, 0, 0, 
8.75, 22.281, 100.44, 63.82, 64.47, , 12.803, 0.974, 675.114, 675.114, 1.459, 306.516, 306.516, 306.516, 4.639, 66.494, 35.141, 34.881, 7.378, 13.753, 0, 0, 65.986, 67.77, 65.986, 67.77, 1, 82.908, 82.908, 0.024, 0.032, 926.012, 951.035, 926.012, 951.035, 5.776, 7.378, 13.753, , , 1, 8.834, 0.12, 0, 12.5, 3.439, 158, 0, 0, 0, 78, 15.55, 15.787, 87.36, 102.361, 100, 0, 0, 28.866, 29, 87.571, 3.89, 91.488, 0, 0, 94.111, 83.676, 0, 0, 0.12, 0, 0, 14, 0, 12.5, 0, 3.439, 158, 0, 0, 0, 78, 1, 0.015, 0.016, 87.36, 102.361, 100, 0, 0, 141, 28.866, 29, 87.571, 3.89, 0, 91.488, 0, 0, 94.111, 83.676, 0, 0, 0, 0, 
8.8, 22.282, 100.44, 63.82, 64.47, , 12.833, 0.974, 681.102, 681.102, 1.449, 307.243, 307.243, 307.243, 4.175, 66.659, 35.24, 34.741, 7.377, 13.82, 0, 0, 66.645, 68.448, 66.645, 68.448, 1, 83.537, 83.537, 0.024, 0.032, 1036.306, 1064.31, 1036.306, 1064.31, 5.79, 7.377, 13.82, , , 1, 8.884, 0.167, 0, 12.5, 3.478, 158, 0, 0, 0, 78, 15.633, 15.841, 87.187, 102.432, 100, 0, 0, 29.011, 29, 90.552, 4.016, 91.681, 0, 0, 94.351, 84.572, 0, 0, 0.167, 0, 0, 14, 0, 12.5, 0, 3.478, 158, 0, 0, 0, 78, 1, 0.016, 0.016, 87.187, 102.432, 100, 0, 0, 141, 29.011, 29, 90.552, 4.016, 0, 91.681, 0, 0, 94.351, 84.572, 0, 0, 0, 0, 
8.85, 22.282, 100.44, 63.82, 64.47, , 12.885, 0.974, 687.105, 687.105, 1.439, 308.511, 308.511, 308.511, 3.72, 66.823, 35.24, 34.646, 7.377, 13.855, 0, 0, 67.419, 69.243, 67.419, 69.243, 1, 84.165, 84.165, 0.024, 0.032, 1174.974, 1206.725, 1174.974, 1206.725, 5.808, 7.377, 13.855, , , 1, 8.934, 0.214, 0, 12.5, 3.517, 158, 0, 0, 0, 78, 15.715, 15.894, 87.014, 102.503, 100, 0, 0, 29.155, 29, 93.533, 4.142, 91.873, 0, 0, 94.591, 85.469, 0, 0, 0.214, 0, 0, 14, 0, 12.5, 0, 3.517, 158, 0, 0, 0, 78, 1, 0.016, 0.016, 87.014, 102.503, 100, 0, 0, 141, 29.155, 29, 93.533, 4.142, 0, 91.873, 0, 0, 94.591, 85.469, 0, 0, 0, 0, 
8.9, 22.283, 100.44, 63.82, 64.47, , 12.935, 0.974, 693.249, 693.249, 1.429, 309.712, 309.712, 309.712, 3.267, 66.988, 35.24, 34.552, 7.378, 13.877, 0, 0, 68.196, 70.041, 68.196, 70.041, 1, 84.802, 84.802, 0.024, 0.032, 1359.638, 1396.379, 1359.638, 1396.379, 5.826, 7.378, 13.877, , , 1, 8.984, 0.244, 0, 12.5, 3.547, 158, 0, 0, 0, 78, 15.786, 15.943, 86.836, 102.55, 100, 0, 0, 29.268, 29, 95.819, 4.238, 92.071, 0, 0, 94.803, 86.17, 0, 0, 0.244, 0, 0, 14, 0, 12.5, 0, 3.547, 158, 0, 0, 0, 78, 1, 0.016, 0.016, 86.836, 102.55, 100, 0, 0, 141, 29.268, 29, 95.819, 4.238, 0, 92.071, 0, 0, 94.803, 86.17, 0, 0, 0, 0, 
8.95, 22.284, 100.44, 63.82, 64.47, , 12.981, 0.974, 699.394, 699.394, 1.419, 310.809, 310.809, 310.809, 2.822, 67.153, 35.24, 34.457, 7.378, 13.881, 0, 0, 68.954, 70.819, 68.954, 70.819, 1, 85.44, 85.44, 0.024, 0.032, 1602.661, 1645.969, 1602.661, 1645.969, 5.844, 7.378, 13.881, , , 1, 9.034, 0.241, 0, 12.5, 3.562, 158, 0, 0, 0, 78, 15.831, 15.983, 86.649, 102.55, 100, 0, 0, 29.32, 29, 96.756, 4.277, 92.279, 0, 0, 94.959, 86.493, 0, 0, 0.241, 0, 0, 14, 0, 12.5, 0, 3.562, 158, 0, 0, 0, 78, 1, 0.016, 0.016, 86.649, 102.55, 100, 0, 0, 141, 29.32, 29, 96.756, 4.277, 0, 92.279, 0, 0, 94.959, 86.493, 0, 0, 0, 0, 
9, 22.285, 100.44, 63.82, 64.47, , 13.02, 0.974, 705.539, 705.539, 1.409, 311.755, 311.755, 311.755, 2.386, 67.318, 35.24, 34.363, 7.379, 13.877, 0, 0, 69.676, 71.562, 69.676, 71.562, 1, 86.075, 86.075, 0.024, 0.032, 1941.699, 1994.168, 1941.699, 1994.168, 5.862, 7.379, 13.877, , , 1, 9.084, 0.238, 0, 12.5, 3.576, 158, 0, 0, 0, 78, 15.877, 16.023, 86.461, 102.55, 100, 0, 0, 29.372, 29, 97.694, 4.315, 92.488, 0, 0, 95.116, 86.816, 0, 0, 0.238, 0, 0, 14, 0, 12.5, 0, 3.576, 158, 0, 0, 0, 78, 1, 0.016, 0.016, 86.461, 102.55, 100, 0, 0, 141, 29.372, 29, 97.694, 4.315, 0, 92.488, 0, 0, 95.116, 86.816, 0, 0, 0, 0, 
9.05, 22.286, 100.44, 63.82, 64.47, , 13.059, 0.974, 711.733, 711.733, 1.4, 312.713, 312.713, 312.713, 1.952, 67.483, 35.131, 34.668, 7.379, 13.877, 0, 0, 70.411, 72.318, 70.411, 72.318, 1, 86.721, 86.721, 0.024, 0.032, 2502.236, 2569.854, 2502.236, 2569.854, 5.877, 7.379, 13.877, , , 1, 9.135, 0.235, 0, 12.5, 3.59, 158, 0, 0, 0, 78, 15.923, 16.062, 86.274, 102.55, 100, 0, 0, 29.424, 29, 98.631, 4.354, 92.696, 0, 0, 95.272, 87.139, 0, 0, 0.235, 0, 0, 14, 0, 12.5, 0, 3.59, 158, 0, 0, 0, 78, 1, 0.016, 0.016, 86.274, 102.55, 100, 0, 0, 141, 29.424, 29, 98.631, 4.354, 0, 92.696, 0, 0, 95.272, 87.139, 0, 0, 0, 0, 
9.1, 22.286, 100.44, 63.82, 64.47, , 13.091, 0.974, 718.044, 718.044, 1.39, 313.473, 313.473, 313.473, 1.533, 67.648, 34.987, 35.1, 7.38, 13.879, 0, 0, 71.106, 73.031, 71.106, 73.031, 1, 87.355, 87.355, 0.024, 0.032, 3536.646, 3632.215, 3536.646, 3632.215, 5.893, 7.38, 13.879, , , 1, 9.185, 0.231, 0, 12.5, 3.604, 158, 0, 0, 0, 78, 15.969, 16.102, 86.086, 102.55, 100, 0, 0, 29.476, 29, 99.569, 4.392, 92.904, 0, 0, 95.428, 87.461, 0, 0, 0.231, 0, 0, 14, 0, 12.5, 0, 3.604, 158, 0, 0, 0, 78, 1, 0.016, 0.016, 86.086, 102.55, 100, 0, 0, 141, 29.476, 29, 99.569, 4.392, 0, 92.904, 0, 0, 95.428, 87.461, 0, 0, 0, 0, 
9.15, 22.287, 100.44, 63.82, 64.47, , 13.106, 0.974, 724.355, 724.355, 1.38, 313.851, 313.851, 313.851, 1.11, 67.812, 34.843, 35.532, 7.38, 13.892, 0, 0, 71.716, 73.656, 71.716, 73.656, 1, 88.006, 88.006, 0.024, 0.032, 6075.605, 6239.779, 6075.605, 6239.779, 5.909, 7.38, 13.892, , , 1, 9.234, 0.207, 0, 12.5, 3.633, 158, 0, 0, 0, 78, 15.999, 16.144, 86, 102.532, 100, 0, 0, 29.575, 29.075, 100, 4.41, 93.3, 0, 0, 95.675, 88.138, 0, 0, 0.207, 0, 0, 14, 0, 12.5, 0, 3.633, 158, 0, 0, 0, 78, 1, 0.016, 0.016, 86, 102.532, 100, 0, 0, 141, 29.575, 29.075, 100, 4.41, 0, 93.3, 0, 0, 95.675, 88.138, 0, 0, 0, 0, 
9.2, 22.288, 100.44, 63.82, 64.47, , 13.137, 0.974, 730.725, 730.725, 1.37, 314.612, 314.612, 314.612, 2.701, 67.977, 34.699, 35.964, 7.379, 13.91, 0, 0, 72.418, 74.378, 72.418, 74.378, 1, 88.651, 88.651, 0.024, 0.032, 5799.802, 5956.525, 5799.802, 5956.525, 5.932, 7.379, 13.91, , , 1, 9.284, 0.164, 0, 12.5, 3.673, 158, 0, 0, 0, 78, 16.016, 16.188, 86, 102.497, 100, 0, 0, 29.714, 29.214, 100, 4.41, 93.856, 0, 0, 95.999, 89.117, 0, 0, 0.164, 0, 0, 14, 0, 12.5, 0, 3.673, 158, 0, 0, 0, 78, 1, 0.016, 0.016, 86, 102.497, 100, 0, 0, 141, 29.714, 29.214, 100, 4.41, 0, 93.856, 0, 0, 95.999, 89.117, 0, 0, 0, 0, 
9.25, 22.289, 100.44, 63.82, 64.47, , 13.147, 0.974, 737.103, 737.103, 1.36, 314.872, 314.872, 314.872, 8.197, 68.142, 34.555, 36.396, 7.379, 13.94, 0, 0, 73, 74.975, 73, 74.975, 1, 89.3, 89.3, 0.024, 0.032, 5292.632, 5435.649, 5292.632, 5435.649, 5.983, 7.379, 13.94, , , 1, 9.334, 0.122, 0, 12.5, 3.714, 158, 0, 0, 0, 78, 16.032, 16.233, 86, 102.463, 100, 0, 0, 29.853, 29.353, 100, 4.41, 94.411, 0, 0, 96.323, 90.096, 0, 0, 0.122, 0, 0, 14, 0, 12.5, 0, 3.714, 158, 0, 0, 0, 78, 1, 0.016, 0.016, 86, 102.463, 100, 0, 0, 141, 29.853, 29.353, 100, 4.41, 0, 94.411, 0, 0, 96.323, 90.096, 0, 0, 0, 0, 
9.3, 22.289, 100.44, 63.82, 64.47, , 13.135, 0.974, 743.568, 743.568, 1.35, 314.616, 314.616, 314.616, 14.119, 68.307, 34.629, 36.637, 7.378, 13.977, 0, 0, 73.47, 75.457, 73.47, 75.457, 1, 89.941, 89.941, 0.024, 0.032, 4538.284, 4660.916, 4538.284, 4660.916, 6.034, 7.378, 13.977, , , 1, 9.384, 0.079, 0, 12.5, 3.755, 158, 0, 0, 0, 78, 16.049, 16.277, 86, 102.429, 100, 0, 0, 29.992, 29.492, 100, 4.41, 94.967, 0, 0, 96.647, 91.075, 0, 0, 0.079, 0, 0, 14, 0, 12.5, 0, 3.755, 158, 0, 0, 0, 78, 1, 0.016, 0.016, 86, 102.429, 100, 0, 0, 141, 29.992, 29.492, 100, 4.41, 0, 94.967, 0, 0, 96.647, 91.075, 0, 0, 0, 0, 
9.35, 22.29, 100.44, 63.82, 64.47, , 13.166, 0.974, 750.136, 750.136, 1.34, 315.358, 315.358, 315.358, 20.017, 68.472, 34.773, 36.817, 7.378, 14.015, 0, 0, 74.176, 76.182, 74.176, 76.182, 1, 90.587, 90.587, 0.024, 0.032, 3262.994, 3351.167, 3262.994, 3351.167, 6.084, 7.378, 14.015, , , 1, 9.433, 0.037, 0, 12.5, 3.795, 158, 0, 0, 0, 78, 16.066, 16.322, 86, 102.394, 100, 0, 0, 30.131, 29.631, 100, 4.41, 95.522, 0, 0, 96.971, 92.053, 0, 0, 0.037, 0, 0, 14, 0, 12.5, 0, 3.795, 158, 0, 0, 0, 78, 1, 0.016, 0.016, 86, 102.394, 100, 0, 0, 141, 30.131, 29.631, 100, 4.41, 0, 95.522, 0, 0, 96.971, 92.053, 0, 0, 0, 0, 
9.4, 22.291, 100.44, 63.82, 64.47, , 13.172, 0.974, 756.674, 756.674, 1.558, 315.527, 315.527, 315.527, 25.881, 64.329, 34.917, 36.997, 7.377, 14.054, 0, 0, 74.742, 76.763, 74.742, 76.763, 1, 91.238, 91.238, 0.024, 0.032, 277.431, 284.929, 277.431, 284.929, 6.135, 7.377, 14.054, , , 1, 9.483, 0, 0, 12.5, 3.834, 158, 0, 0, 0, 78, 16.085, 16.364, 86, 102.354, 100, 0, 0, 30.265, 29.757, 100, 4.41, 96.051, 0, 0, 97.294, 92.995, 0, 0, 0, 0, 0, 14, 0, 12.5, 0, 3.834, 158, 0, 0, 0, 78, 1, 0.016, 0.016, 86, 102.354, 100, 0, 0, 141, 30.265, 29.757, 100, 4.41, 0, 96.051, 0, 0, 97.294, 92.995, 0, 0, 0, 0, 
9.45, 22.292, 100.44, 63.82, 64.47, , 13.19, 0.974, 763.286, 763.286, 2.756, 315.986, 315.986, 315.986, 29.7, 49.671, 35.061, 37.177, 7.377, 14.091, 0, 0, 75.394, 77.431, 75.394, 77.431, 1, 91.887, 91.887, 0.024, 0.032, 146.209, 150.16, 146.209, 150.16, 6.185, 7.377, 14.091, , , 1, 9.534, 0, 0, 12.5, 3.865, 158, 0, 0, 0, 78, 16.124, 16.392, 86, 102.277, 100, 0, 0, 30.369, 29.809, 100, 4.41, 96.416, 0, 0, 97.606, 93.707, 0, 0, 0, 0, 0, 14, 0, 12.5, 0, 3.865, 158, 0, 0, 0, 78, 1, 0.016, 0.016, 86, 102.277, 100, 0, 0, 141, 30.369, 29.809, 100, 4.41, 0, 96.416, 0, 0, 97.606, 93.707, 0, 0, 0, 0, 
9.5, 22.292, 100.44, 63.82, 64.47, , 13.232, 0.974, 771.884, 771.884, 2.87, 316.996, 316.996, 316.996, 29.202, 60.89, 35.205, 37.357, 7.378, 14.127, 0, 0, 76.174, 78.229, 76.174, 78.229, 1, 92.623, 92.623, 0.024, 0.032, 147.807, 151.804, 147.807, 151.804, 6.236, 7.378, 14.127, , , 1, 9.584, 0, 0, 12.5, 3.895, 158, 0, 0, 0, 78, 16.162, 16.42, 86, 102.2, 100, 0, 0, 30.473, 29.861, 100, 4.41, 96.78, 0, 0, 97.919, 94.42, 0, 0, 0, 0, 0, 14, 0, 12.5, 0, 3.895, 158, 0, 0, 0, 78, 1, 0.016, 0.016, 86, 102.2, 100, 0, 0, 141, 30.473, 29.861, 100, 4.41, 0, 96.78, 0, 0, 97.919, 94.42, 0, 0, 0, 0, 
9.55, 22.293, 100.44, 63.82, 64.47, , 13.241, 0.974, 779.023, 779.023, 2.794, 317.242, 317.242, 317.242, 27.986, 61.679, 35.24, 37.291, 7.378, 14.156, 0, 0, 76.95, 79.027, 76.95, 79.027, 1, 93.413, 93.413, 0.024, 0.032, 155.144, 159.338, 155.144, 159.338, 6.286, 7.378, 14.156, , , 1, 9.633, 0, 0, 12.5, 3.925, 158, 0, 0, 0, 78, 16.201, 16.448, 86, 102.123, 100, 0, 0, 30.577, 29.914, 100, 4.41, 97.145, 0, 0, 98.231, 95.132, 0, 0, 0, 0, 0, 14, 0, 12.5, 0, 3.925, 158, 0, 0, 0, 78, 1, 0.016, 0.016, 86, 102.123, 100, 0, 0, 141, 30.577, 29.914, 100, 4.41, 0, 97.145, 0, 0, 98.231, 95.132, 0, 0, 0, 0, 
9.6, 22.294, 100.44, 63.818, 64.47, , 13.249, 0.974, 785.694, 785.694, 2.718, 317.453, 317.453, 317.453, 26.993, 62.469, 35.24, 37.147, 7.379, 14.18, 0, 0, 77.54, 79.631, 77.54, 79.631, 1, 94.069, 94.069, 0.024, 0.032, 160.946, 165.295, 160.946, 165.295, 6.336, 7.379, 14.18, , , 1, 9.684, 0, 0, 12.5, 3.955, 158, 0, 0, 0, 78, 16.24, 16.476, 86, 102.046, 100, 0, 0, 30.681, 29.966, 100, 4.41, 97.509, 0, 0, 98.544, 95.845, 0, 0, 0, 0, 0, 14, 0, 12.5, 0, 3.955, 158, 0, 0, 0, 78, 1, 0.016, 0.016, 86, 102.046, 100, 0, 0, 141, 30.681, 29.966, 100, 4.41, 0, 97.509, 0, 0, 98.544, 95.845, 0, 0, 0, 0, 
9.65, 22.295, 100.44, 63.815, 64.47, , 13.292, 0.974, 792.527, 792.527, 2.643, 318.5, 318.5, 318.5, 26.025, 63.259, 35.24, 37.003, 7.379, 14.2, 0, 0, 78.332, 80.444, 78.332, 80.444, 1, 94.718, 94.718, 0.024, 0.032, 167.488, 172.013, 167.488, 172.013, 6.383, 7.379, 14.2, , , 1, 9.734, 0, 0, 12.5, 3.986, 158, 0, 0, 0, 78, 16.277, 16.506, 86, 101.981, 100, 0, 0, 30.787, 30.018, 100, 4.411, 97.879, 0, 0, 98.879, 96.544, 0, 0, 0, 0, 0, 14, 0, 12.5, 0, 3.986, 158, 0, 0, 0, 78, 1, 0.016, 0.017, 86, 101.981, 100, 0, 0, 141, 30.787, 30.018, 100, 4.411, 0, 97.879, 0, 0, 98.879, 96.544, 0, 0, 0, 0, 
9.7, 22.295, 100.44, 63.811, 64.47, , 13.3, 0.974, 799.394, 799.394, 2.567, 318.695, 318.695, 318.695, 25.061, 64.049, 35.24, 36.859, 7.38, 14.216, 0, 0, 78.924, 81.054, 78.924, 81.054, 1, 95.374, 95.374, 0.024, 0.032, 174.081, 178.786, 174.081, 178.786, 6.428, 7.38, 14.216, , , 1, 9.784, 0, 0, 12.5, 4.015, 158, 0, 0, 0, 78, 16.312, 16.54, 86, 101.941, 100, 0, 0, 30.896, 30.073, 100, 4.413, 98.26, 0, 0, 99.26, 97.22, 0, 0, 0, 0, 0, 14, 0, 12.5, 0, 4.015, 158, 0, 0, 0, 78, 1, 0.016, 0.017, 86, 101.941, 100, 0, 0, 141, 30.896, 30.073, 100, 4.413, 0, 98.26, 0, 0, 99.26, 97.22, 0, 0, 0, 0, 
9.75, 22.296, 100.44, 63.807, 64.47, , 13.294, 0.974, 806.283, 806.283, 2.491, 318.578, 318.578, 318.578, 24.118, 64.838, 35.24, 36.715, 7.38, 14.229, 0, 0, 79.433, 81.578, 79.433, 81.578, 1, 96.024, 96.024, 0.024, 0.032, 180.839, 185.725, 180.839, 185.725, 6.474, 7.38, 14.229, , , 1, 9.834, 0, 0, 12.5, 4.045, 158, 0, 0, 0, 78, 16.346, 16.574, 86, 101.901, 100, 0, 0, 31.004, 30.127, 100, 4.415, 98.64, 0, 0, 99.64, 97.894, 0, 0, 0, 0, 0, 14, 0, 12.5, 0, 4.045, 158, 0, 0, 0, 78, 1, 0.016, 0.017, 86, 101.901, 100, 0, 0, 141, 31.004, 30.127, 100, 4.415, 0, 98.64, 0, 0, 99.64, 97.894, 0, 0, 0, 0, 
9.8, 22.297, 100.44, 63.803, 64.47, , 13.331, 0.974, 813.267, 813.267, 2.415, 319.494, 319.494, 319.494, 23.177, 65.628, 35.158, 36.762, 7.379, 14.237, 0, 0, 80.207, 82.373, 80.207, 82.373, 1, 96.685, 96.685, 0.024, 0.032, 188.753, 193.853, 188.753, 193.853, 6.52, 7.379, 14.237, , , 1, 9.883, 0, 0, 12.5, 4.075, 158, 0, 0, 0, 78, 16.381, 16.608, 86, 101.861, 100, 0, 0, 31.113, 30.182, 100, 4.417, 99.021, 0, 0, 100.021, 98.57, 0, 0, 0, 0, 0, 14, 0, 12.5, 0, 4.075, 158, 0, 0, 0, 78, 1, 0.016, 0.017, 86, 101.861, 100, 0, 0, 141, 31.113, 30.182, 100, 4.417, 0, 99.021, 0, 0, 100.021, 98.57, 0, 0, 0, 0, 
9.85, 22.298, 100.44, 63.799, 64.47, , 13.357, 0.974, 820.272, 820.272, 2.339, 320.131, 320.131, 320.131, 22.26, 66.418, 35.05, 36.87, 7.379, 14.243, 0, 0, 80.914, 83.1, 80.914, 83.1, 1, 97.337, 97.337, 0.024, 0.032, 197.005, 202.329, 197.005, 202.329, 6.568, 7.379, 14.243, , , 1, 9.934, 0, 0, 12.5, 4.105, 158, 0, 0, 0, 78, 16.416, 16.641, 86, 101.82, 100, 0, 0, 31.222, 30.236, 100, 4.419, 99.401, 0, 0, 100.401, 99.244, 0, 0, 0, 0, 0, 14, 0, 12.5, 0, 4.105, 158, 0, 0, 0, 78, 1, 0.016, 0.017, 86, 101.82, 100, 0, 0, 141, 31.222, 30.236, 100, 4.419, 0, 99.401, 0, 0, 100.401, 99.244, 0, 0, 0, 0, 
9.9, 22.298, 100.44, 63.795, 64.47, , 13.365, 0.974, 827.227, 827.227, 2.264, 320.346, 320.346, 320.346, 21.343, 67.208, 34.942, 36.978, 7.379, 14.246, 0, 0, 81.508, 83.71, 81.508, 83.71, 1, 97.998, 97.998, 0.024, 0.032, 205.496, 211.05, 205.496, 211.05, 6.62, 7.379, 14.246, , , 1, 9.984, 0, 0, 12.5, 4.133, 158, 0, 0, 0, 78, 16.465, 16.685, 86, 101.781, 100, 0, 0, 31.289, 30.289, 100, 4.422, 99.77, 0, 0, 100.77, 99.899, 0, 0, 0, 0, 0, 14, 0, 12.5, 0, 4.133, 158, 0, 0, 0, 78, 1, 0.017, 0.017, 86, 101.781, 100, 0, 0, 141, 31.289, 30.289, 100, 4.422, 0, 99.77, 0, 0, 100.77, 99.899, 0, 0, 0, 0, 
9.95, 22.299, 100.44, 63.792, 64.47, , 13.366, 0.974, 834.444, 834.444, 2.188, 320.387, 320.387, 320.387, 20.446, 67.998, 34.834, 37.086, 7.379, 14.245, 0, 0, 82.076, 84.293, 82.076, 84.293, 1, 98.655, 98.655, 0.024, 0.032, 214.778, 220.582, 214.778, 220.582, 6.671, 7.379, 14.245, , , 1, 10.034, 0, 0, 12.5, 4.161, 158, 0, 0, 0, 78, 16.519, 16.733, 86, 101.743, 100, 0, 0, 31.341, 30.341, 100, 4.424, 100.134, 0, 0, 101.134, 100.546, 0, 0, 0, 0, 0, 14, 0, 12.5, 0, 4.161, 158, 0, 0, 0, 78, 1, 0.017, 0.017, 86, 101.743, 100, 0, 0, 141, 31.341, 30.341, 100, 4.424, 0, 100.134, 0, 0, 101.134, 100.546, 0, 0, 0, 0, 
10, 22.3, 100.44, 63.788, 64.47, , 13.385, 0.974, 841.52, 841.52, 2.112, 320.862, 320.862, 320.862, 19.564, 68.787, 34.726, 37.194, 7.379, 14.239, 0, 0, 82.74, 84.975, 82.74, 84.975, 1, 99.31, 99.31, 0.024, 0.032, 224.787, 230.86, 224.787, 230.86, 6.723, 7.379, 14.239, , , 1, 10.084, 0, 0, 12.5, 4.19, 158, 0, 0, 0, 78, 16.573, 16.781, 86, 101.704, 100, 0, 0, 31.393, 30.393, 100, 4.426, 100.499, 0, 0, 101.499, 101.192, 0, 0, 0, 0, 0, 14, 0, 12.5, 0, 4.19, 158, 0, 0, 0, 78, 1, 0.017, 0.017, 86, 101.704, 100, 0, 0, 141, 31.393, 30.393, 100, 4.426, 0, 100.499, 0, 0, 101.499, 101.192, 0, 0, 0, 0, 
10.05, 22.302, 100.44, 63.784, 64.47, , 13.366, 0.974, 848.737, 848.737, 2.036, 320.42, 320.42, 320.42, 18.675, 69.577, 34.809, 37.001, 7.379, 14.232, 0, 0, 83.174, 85.422, 83.174, 85.422, 1, 99.978, 99.978, 0.024, 0.032, 235.064, 241.414, 235.064, 241.414, 6.754, 7.379, 14.232, , , 1, 10.134, 0, 0, 12.5, 4.218, 158, 0, 0, 0, 78, 16.628, 16.829, 86, 101.666, 100, 0, 0, 31.445, 30.445, 100, 4.428, 100.864, 0, 0, 101.864, 101.839, 0, 0, 0, 0, 0, 14, 0, 12.5, 0, 4.218, 158, 0, 0, 0, 78, 1, 0.017, 0.017, 86, 101.666, 100, 0, 0, 141, 31.445, 30.445, 100, 4.428, 0, 100.864, 0, 0, 101.864, 101.839, 0, 0, 0, 0, 
10.1, 22.304, 100.44, 63.78, 64.47, , 13.361, 0.974, 855.924, 855.924, 1.96, 320.328, 320.328, 320.328, 17.82, 70.367, 34.953, 36.713, 7.38, 14.223, 0, 0, 83.693, 85.955, 83.693, 85.955, 1, 100.628, 100.628, 0.024, 0.032, 246.38, 253.036, 246.38, 253.036, 6.764, 7.38, 14.223, , , 1, 10.184, 0, 0, 12.5, 4.246, 158, 0, 0, 0, 78, 16.682, 16.877, 86, 101.627, 100, 0, 0, 31.497, 30.497, 100, 4.43, 101.228, 0, 0, 102.228, 102.486, 0, 0, 0, 0, 0, 14, 0, 12.5, 0, 4.246, 158, 0, 0, 0, 78, 1, 0.017, 0.017, 86, 101.627, 100, 0, 0, 141, 31.497, 30.497, 100, 4.43, 0, 101.228, 0, 0, 102.228, 102.486, 0, 0, 0, 0, 
10.15, 22.306, 100.44, 63.776, 64.47, , 13.344, 0.974, 863.221, 863.221, 1.885, 319.959, 319.959, 319.959, 16.965, 71.157, 35.097, 36.425, 7.38, 14.215, 0, 0, 84.143, 86.417, 84.143, 86.417, 1, 101.286, 101.286, 0.024, 0.032, 258.544, 265.529, 258.544, 265.529, 6.774, 7.38, 14.215, , , 1, 10.234, 0, 0, 12.5, 4.261, 158, 0, 0, 0, 78, 16.719, 16.908, 86, 101.587, 100, 0, 0, 31.5, 30.5, 100, 4.43, 101.403, 0, 0, 102.403, 102.904, 0, 0, 0, 0, 0, 14, 0, 12.5, 0, 4.261, 158, 0, 0, 0, 78, 1, 0.017, 0.017, 86, 101.587, 100, 0, 0, 141, 31.5, 30.5, 100, 4.43, 0, 101.403, 0, 0, 102.403, 102.904, 0, 0, 0, 0, 
10.2, 22.308, 100.44, 63.773, 64.47, , 13.324, 0.974, 870.517, 870.517, 1.809, 319.513, 319.513, 319.513, 16.121, 71.946, 35.241, 36.137, 7.379, 14.208, 0, 0, 84.577, 86.863, 84.577, 86.863, 1, 101.943, 101.943, 0.024, 0.032, 271.905, 279.253, 271.905, 279.253, 6.784, 7.379, 14.208, , , 1, 10.284, 0, 0, 12.5, 4.276, 158, 0, 0, 0, 78, 16.754, 16.939, 86, 101.547, 100, 0, 0, 31.5, 30.5, 100, 4.43, 101.565, 0, 0, 102.565, 103.308, 0, 0, 0, 0, 0, 14, 0, 12.5, 0, 4.276, 158, 0, 0, 0, 78, 1, 0.017, 0.017, 86, 101.547, 100, 0, 0, 141, 31.5, 30.5, 100, 4.43, 0, 101.565, 0, 0, 102.565, 103.308, 0, 0, 0, 0, 
10.25, 22.309, 100.44, 63.769, 64.47, , 13.293, 0.974, 877.96, 877.96, 1.733, 318.788, 318.788, 318.788, 15.289, 72.736, 35.385, 35.849, 7.379, 14.2, 0, 0, 84.922, 87.217, 84.922, 87.217, 1, 102.599, 102.599, 0.024, 0.032, 286.056, 293.788, 286.056, 293.788, 6.795, 7.379, 14.2, , , 1, 10.334, 0, 0, 12.5, 4.29, 158, 0, 0, 0, 78, 16.79, 16.969, 86, 101.507, 100, 0, 0, 31.5, 30.5, 100, 4.43, 101.727, 0, 0, 102.727, 103.712, 0, 0, 0, 0, 0, 14, 0, 12.5, 0, 4.29, 158, 0, 0, 0, 78, 1, 0.017, 0.017, 86, 101.507, 100, 0, 0, 141, 31.5, 30.5, 100, 4.43, 0, 101.727, 0, 0, 102.727, 103.712, 0, 0, 0, 0, 
10.3, 22.311, 100.44, 63.765, 64.47, , 13.321, 0.974, 885.417, 885.417, 1.657, 319.47, 319.47, 319.47, 14.468, 73.526, 35.42, 35.78, 7.378, 14.188, 0, 0, 85.65, 87.965, 85.65, 87.965, 1, 103.255, 103.255, 0.024, 0.032, 303.132, 311.328, 303.132, 311.328, 6.811, 7.378, 14.188, , , 1, 10.383, 0, 0, 12.5, 4.305, 158, 0, 0, 0, 78, 16.826, 16.999, 86, 101.467, 100, 0, 0, 31.5, 30.5, 100, 4.43, 101.89, 0, 0, 102.89, 104.115, 0, 0, 0, 0, 0, 14, 0, 12.5, 0, 4.305, 158, 0, 0, 0, 78, 1, 0.017, 0.017, 86, 101.467, 100, 0, 0, 141, 31.5, 30.5, 100, 4.43, 0, 101.89, 0, 0, 102.89, 104.115, 0, 0, 0, 0, 
10.35, 22.313, 100.44, 63.761, 64.47, , 13.271, 0.974, 892.949, 892.949, 1.581, 318.309, 318.309, 318.309, 13.657, 74.316, 35.42, 35.78, 7.378, 14.174, 0, 0, 85.883, 88.203, 85.883, 88.203, 1, 103.91, 103.91, 0.024, 0.032, 320.224, 328.88, 320.224, 328.88, 6.827, 7.378, 14.174, , , 1, 10.434, 0, 0, 12.5, 4.328, 158, 0, 0, 0, 78, 16.86, 17.03, 85.884, 101.393, 100, 0, 0, 31.532, 30.548, 100, 4.429, 102.112, 0, 0, 103.112, 104.67, 0, 0, 0, 0, 0, 14, 0, 12.5, 0, 4.328, 158, 0, 0, 0, 78, 1, 0.017, 0.017, 85.884, 101.393, 100, 0, 0, 141, 31.532, 30.548, 100, 4.429, 0, 102.112, 0, 0, 103.112, 104.67, 0, 0, 0, 0, 
10.4, 22.315, 100.44, 63.757, 64.47, , 13.265, 0.974, 900.481, 900.481, 1.505, 318.192, 318.192, 318.192, 12.858, 75.105, 35.42, 35.78, 7.377, 14.157, 0, 0, 86.393, 88.728, 86.393, 88.728, 1, 104.564, 104.564, 0.024, 0.032, 340.341, 349.54, 340.341, 349.54, 6.843, 7.377, 14.157, , , 1, 10.484, 0, 0, 12.5, 4.37, 158, 0, 0, 0, 78, 16.892, 17.06, 85.523, 101.247, 100, 0, 0, 31.633, 30.699, 100, 4.427, 102.464, 0, 0, 103.464, 105.543, 0, 0, 0, 0, 0, 14, 0, 12.5, 0, 4.37, 158, 0, 0, 0, 78, 1, 0.017, 0.017, 85.523, 101.247, 100, 0, 0, 141, 31.633, 30.699, 100, 4.427, 0, 102.464, 0, 0, 103.464, 105.543, 0, 0, 0, 0, 
10.45, 22.317, 100.44, 63.754, 64.47, , 13.226, 0.974, 908.014, 908.014, 1.43, 317.304, 317.304, 317.304, 12.066, 75.895, 35.42, 35.78, 7.377, 14.134, 0, 0, 86.687, 89.029, 86.687, 89.029, 1, 105.22, 105.22, 0.024, 0.032, 361.63, 371.404, 361.63, 371.404, 6.859, 7.377, 14.134, , , 1, 10.533, 0, 0, 12.5, 4.412, 158, 0, 0, 0, 78, 16.925, 17.09, 85.161, 101.1, 100, 0, 0, 31.733, 30.849, 100, 4.425, 102.815, 0, 0, 103.815, 106.417, 0, 0, 0, 0, 0, 14, 0, 12.5, 0, 4.412, 158, 0, 0, 0, 78, 1, 0.017, 0.017, 85.161, 101.1, 100, 0, 0, 141, 31.733, 30.849, 100, 4.425, 0, 102.815, 0, 0, 103.815, 106.417, 0, 0, 0, 0, 
10.5, 22.319, 100.44, 63.75, 64.47, , 13.223, 0.974, 917.967, 917.967, 1.354, 317.267, 317.267, 317.267, 11.052, 76.685, 35.42, 35.78, 7.377, 14.104, 0, 0, 87.374, 89.735, 87.374, 89.735, 1, 106.07, 106.07, 0.024, 0.032, 396.238, 406.946, 396.238, 406.946, 6.887, 7.377, 14.104, , , 1, 10.584, 0, 0, 12.5, 4.454, 158, 0, 0, 0, 78, 16.957, 17.12, 84.8, 100.953, 100, 0, 0, 31.833, 31, 100, 4.423, 103.167, 0, 0, 104.167, 107.29, 0, 0, 0, 0, 0, 14, 0, 12.5, 0, 4.454, 158, 0, 0, 0, 78, 1, 0.017, 0.017, 84.8, 100.953, 100, 0, 0, 141, 31.833, 31, 100, 4.423, 0, 103.167, 0, 0, 104.167, 107.29, 0, 0, 0, 0, 
10.55, 22.321, 100.44, 63.746, 64.47, , 13.153, 0.974, 925.715, 925.715, 1.278, 315.625, 315.625, 315.625, 10.286, 77.475, 35.311, 35.479, 7.377, 14.076, 0, 0, 87.46, 89.823, 87.46, 89.823, 1, 106.718, 106.718, 0.024, 0.032, 424.491, 435.96, 424.491, 435.96, 6.914, 7.377, 14.076, , , 1, 10.634, 0, 0, 12.5, 4.496, 158, 0, 0, 0, 78, 16.989, 17.15, 84.439, 100.807, 100, 0, 0, 31.934, 31.151, 100, 4.421, 103.518, 0, 0, 104.518, 108.163, 0, 0, 0, 0, 0, 14, 0, 12.5, 0, 4.496, 158, 0, 0, 0, 78, 1, 0.017, 0.017, 84.439, 100.807, 100, 0, 0, 141, 31.934, 31.151, 100, 4.421, 0, 103.518, 0, 0, 104.518, 108.163, 0, 0, 0, 0, 
10.6, 22.323, 100.44, 63.742, 64.47, , 13.142, 0.974, 933.378, 933.378, 1.202, 315.374, 315.374, 315.374, 9.527, 78.264, 35.167, 35.083, 7.377, 14.053, 0, 0, 87.914, 90.29, 87.914, 90.29, 1, 107.366, 107.366, 0.024, 0.032, 458.231, 470.611, 458.231, 470.611, 6.942, 7.377, 14.053, , , 1, 10.684, 0, 0, 12.5, 4.534, 158, 0, 0, 0, 78, 17.009, 17.171, 84.2, 100.683, 100, 0, 0, 32.018, 31.287, 100, 4.421, 103.787, 0, 0, 104.768, 108.97, 0, 0, 0, 0, 0, 14, 0, 12.5, 0, 4.534, 158, 0, 0, 0, 78, 1, 0.017, 0.017, 84.2, 100.683, 100, 0, 0, 141, 32.018, 31.287, 100, 4.421, 0, 103.787, 0, 0, 104.768, 108.97, 0, 0, 0, 0, 
10.65, 22.325, 100.44, 63.738, 64.47, , 13.089, 0.974, 941.161, 941.161, 1.126, 314.154, 314.154, 314.154, 8.776, 79.054, 35.023, 34.687, 7.377, 14.031, 0, 0, 88.1, 90.483, 88.1, 90.483, 1, 108.014, 108.014, 0.024, 0.032, 496.582, 509.999, 496.582, 509.999, 6.97, 7.377, 14.031, , , 1, 10.733, 0, 0, 12.5, 4.563, 158, 0, 0, 0, 78, 17.004, 17.173, 84.2, 100.602, 100, 0, 0, 32.073, 31.396, 100, 4.423, 103.896, 0, 0, 104.823, 109.645, 0, 0, 0, 0, 0, 14, 0, 12.5, 0, 4.563, 158, 0, 0, 0, 78, 1, 0.017, 0.017, 84.2, 100.602, 100, 0, 0, 141, 32.073, 31.396, 100, 4.423, 0, 103.896, 0, 0, 104.823, 109.645, 0, 0, 0, 0, 
10.7, 22.327, 100.44, 63.735, 64.47, , 13.055, 0.974, 948.976, 948.976, 1.051, 313.367, 313.367, 313.367, 8.041, 79.844, 34.879, 34.291, 7.377, 14.01, 0, 0, 88.4, 90.792, 88.4, 90.792, 1, 108.654, 108.654, 0.024, 0.032, 541.989, 556.632, 541.989, 556.632, 7.011, 7.377, 14.01, , , 1, 10.783, 0, 0, 12.5, 4.592, 158, 0, 0, 0, 78, 17, 17.175, 84.2, 100.522, 100, 0, 0, 32.127, 31.504, 100, 4.425, 104.004, 0, 0, 104.877, 110.32, 0, 0, 0, 0, 0, 14, 0, 12.5, 0, 4.592, 158, 0, 0, 0, 78, 1, 0.017, 0.017, 84.2, 100.522, 100, 0, 0, 141, 32.127, 31.504, 100, 4.425, 0, 104.004, 0, 0, 104.877, 110.32, 0, 0, 0, 0, 
10.75, 22.329, 100.44, 63.731, 64.47, , 12.982, 0.974, 956.883, 956.883, 0.975, 311.672, 311.672, 311.672, 7.304, 80.634, 34.735, 33.895, 7.377, 13.993, 0, 0, 88.445, 90.839, 88.445, 90.839, 1, 109.302, 109.302, 0.024, 0.032, 595.306, 611.39, 595.306, 611.39, 7.057, 7.377, 13.993, , , 1, 10.834, 0, 0, 12.5, 4.621, 158, 0, 0, 0, 78, 16.995, 17.177, 84.2, 100.441, 100, 0, 0, 32.182, 31.613, 100, 4.427, 104.113, 0, 0, 104.932, 110.994, 0, 0, 0, 0, 0, 14, 0, 12.5, 0, 4.621, 158, 0, 0, 0, 78, 1, 0.017, 0.017, 84.2, 100.441, 100, 0, 0, 141, 32.182, 31.613, 100, 4.427, 0, 104.113, 0, 0, 104.932, 110.994, 0, 0, 0, 0, 
10.8, 22.33, 100.44, 63.727, 64.47, , 12.934, 0.974, 964.758, 964.758, 0.899, 310.539, 310.539, 310.539, 6.579, 81.423, 34.836, 34.073, 7.378, 13.982, 0, 0, 88.632, 91.031, 88.632, 91.031, 1, 109.942, 109.942, 0.024, 0.032, 661.048, 678.91, 661.048, 678.91, 7.103, 7.378, 13.982, , , 1, 10.884, 0, 0, 12.5, 4.65, 158, 0, 0, 0, 78, 16.991, 17.179, 84.2, 100.361, 100, 0, 0, 32.236, 31.722, 100, 4.429, 104.222, 0, 0, 104.986, 111.67, 0, 0, 0, 0, 0, 14, 0, 12.5, 0, 4.65, 158, 0, 0, 0, 78, 1, 0.017, 0.017, 84.2, 100.361, 100, 0, 0, 141, 32.236, 31.722, 100, 4.429, 0, 104.222, 0, 0, 104.986, 111.67, 0, 0, 0, 0, 
10.85, 22.332, 100.44, 63.723, 64.47, , 12.934, 0.974, 972.81, 972.81, 0.823, 310.567, 310.567, 310.567, 5.869, 82.213, 35.016, 34.431, 7.378, 13.971, 0, 0, 89.164, 91.576, 89.164, 91.576, 1, 110.575, 110.575, 0.024, 0.032, 747.982, 768.193, 747.982, 768.193, 7.148, 7.378, 13.971, , , 1, 10.934, 0, 0, 12.5, 4.668, 158, 0, 0, 0, 78, 16.98, 17.186, 84.2, 100.28, 100, 0, 0, 32.29, 31.79, 100, 4.43, 104.29, 0, 0, 105, 112.145, 0, 0, 0, 0, 0, 14, 0, 12.5, 0, 4.668, 158, 0, 0, 0, 78, 1, 0.017, 0.017, 84.2, 100.28, 100, 0, 0, 141, 32.29, 31.79, 100, 4.43, 0, 104.29, 0, 0, 105, 112.145, 0, 0, 0, 0, 
10.9, 22.334, 100.44, 63.72, 64.47, , 12.895, 0.974, 980.861, 980.861, 0.747, 309.669, 309.669, 309.669, 5.16, 83.003, 35.195, 34.79, 7.38, 13.957, 0, 0, 89.424, 91.842, 89.424, 91.842, 1, 111.214, 111.214, 0.024, 0.032, 855.657, 878.779, 855.657, 878.779, 7.19, 7.38, 13.957, , , 1, 10.984, 0, 0, 12.5, 4.681, 158, 0, 0, 0, 78, 16.967, 17.195, 84.2, 100.2, 100, 0, 0, 32.345, 31.845, 100, 4.43, 104.345, 0, 0, 105, 112.55, 0, 0, 0, 0, 0, 14, 0, 12.5, 0, 4.681, 158, 0, 0, 0, 78, 1, 0.017, 0.017, 84.2, 100.2, 100, 0, 0, 141, 32.345, 31.845, 100, 4.43, 0, 104.345, 0, 0, 105, 112.55, 0, 0, 0, 0, 
10.95, 22.336, 100.44, 63.72, 64.47, , 12.885, 0.974, 988.913, 988.913, 0.672, 309.449, 309.449, 309.449, 4.462, 83.793, 35.374, 35.148, 7.382, 13.944, 0, 0, 89.873, 92.302, 89.873, 92.302, 1, 111.849, 111.849, 0.024, 0.032, 1004.571, 1031.717, 1004.571, 1031.717, 7.229, 7.382, 13.944, , , 1, 11.033, 0, 0, 12.5, 4.695, 158, 0, 0, 0, 78, 16.954, 17.204, 84.2, 100.12, 100, 0, 0, 32.399, 31.899, 100, 4.43, 104.399, 0, 0, 105, 112.956, 0, 0, 0, 0, 0, 14, 0, 12.5, 0, 4.695, 158, 0, 0, 0, 78, 1, 0.017, 0.017, 84.2, 100.12, 100, 0, 0, 141, 32.399, 31.899, 100, 4.43, 0, 104.399, 0, 0, 105, 112.956, 0, 0, 0, 0, 
11, 22.338, 100.441, 63.72, 64.47, , 12.869, 0.974, 996.965, 996.965, 0.596, 309.093, 309.093, 309.093, 3.777, 84.582, 35.553, 35.507, 7.384, 13.935, 0, 0, 90.275, 92.714, 90.275, 92.714, 1, 112.479, 112.479, 0.024, 0.032, 1213.942, 1246.746, 1213.942, 1246.746, 7.267, 7.384, 13.935, , , 1, 11.084, 0, 0, 12.5, 4.708, 158, 0, 0, 0, 78, 16.941, 17.213, 84.2, 100.039, 100, 0, 0, 32.453, 31.953, 100, 4.43, 104.453, 0, 0, 105, 113.361, 0, 0, 0, 0, 0, 14, 0, 12.5, 0, 4.708, 158, 0, 0, 0, 78, 1, 0.017, 0.017, 84.2, 100.039, 100, 0, 0, 141, 32.453, 31.953, 100, 4.43, 0, 104.453, 0, 0, 105, 113.361, 0, 0, 0, 0, 
11.05, 22.34, 100.441, 63.72, 64.47, , 12.888, 0.974, 1005.177, 1005.177, 0.52, 309.573, 309.573, 309.573, 3.091, 85.372, 35.547, 35.547, 7.386, 13.926, 0, 0, 90.926, 93.384, 90.926, 93.384, 1, 113.118, 113.118, 0.024, 0.032, 1550.655, 1592.557, 1550.655, 1592.557, 7.306, 7.386, 13.926, , , 1, 11.134, 0, 0, 12.5, 4.724, 158, 0, 0, 0, 78, 16.932, 17.216, 84.148, 99.97, 100, 0, 0, 32.5, 32.014, 100, 4.429, 104.5, 0, 0, 105.014, 113.8, 0, 0, 0, 0, 0, 14, 0, 12.5, 0, 4.724, 158, 0, 0, 0, 78, 1, 0.017, 0.017, 84.148, 99.97, 100, 0, 0, 141, 32.5, 32.014, 100, 4.429, 0, 104.5, 0, 0, 105.014, 113.8, 0, 0, 0, 0, 
11.1, 22.342, 100.442, 63.72, 64.47, , 12.823, 0.974, 1013.39, 1013.39, 0.444, 308.07, 308.07, 308.07, 2.415, 86.162, 35.474, 35.474, 7.387, 13.915, 0, 0, 90.992, 93.452, 90.992, 93.452, 1, 113.754, 113.754, 0.024, 0.032, 2150.974, 2209.098, 2150.974, 2209.098, 7.332, 7.387, 13.915, , , 1, 11.183, 0, 0, 12.5, 4.751, 158, 0, 0, 0, 78, 16.949, 17.189, 83.776, 99.97, 100, 0, 0, 32.5, 32.118, 100, 4.425, 104.5, 0, 0, 105.118, 114.443, 0, 0, 0, 0, 0, 14, 0, 12.5, 0, 4.751, 158, 0, 0, 0, 78, 1, 0.017, 0.017, 83.776, 99.97, 100, 0, 0, 141, 32.5, 32.118, 100, 4.425, 0, 104.5, 0, 0, 105.118, 114.443, 0, 0, 0, 0, 
11.15, 22.344, 100.442, 63.72, 64.47, , 12.776, 0.974, 1021.563, 1021.563, 0.368, 306.963, 306.963, 306.963, 1.747, 86.952, 35.402, 35.402, 7.388, 13.904, 0, 0, 91.163, 93.629, 91.163, 93.629, 1, 114.386, 114.386, 0.024, 0.032, 4846.045, 4976.994, 4846.045, 4976.994, 7.339, 7.388, 13.904, , , 1, 11.233, 0, 0, 12.5, 4.778, 158, 0, 0, 0, 78, 16.965, 17.163, 83.404, 99.97, 100, 0, 0, 32.5, 32.221, 100, 4.421, 104.5, 0, 0, 105.221, 115.085, 0, 0, 0, 0, 0, 14, 0, 12.5, 0, 4.778, 158, 0, 0, 0, 78, 1, 0.017, 0.017, 83.404, 99.97, 100, 0, 0, 141, 32.5, 32.221, 100, 4.421, 0, 104.5, 0, 0, 105.221, 115.085, 0, 0, 0, 0, 
11.2, 22.346, 100.442, 63.72, 64.47, , 12.749, 0.974, 1029.902, 1029.902, 0.293, 306.343, 306.343, 306.343, 1.286, 87.742, 35.33, 35.33, 7.387, 13.893, 0, 0, 91.483, 93.959, 91.483, 93.959, 1, 115.019, 115.019, 0.024, 0.032, 6081.505, 6245.839, 6081.505, 6245.839, 7.347, 7.387, 13.893, , , 1, 11.284, 0, 0, 12.5, 4.806, 158, 0, 0, 0, 78, 16.982, 17.136, 83.032, 99.97, 100, 0, 0, 32.5, 32.324, 100, 4.417, 104.5, 0, 0, 105.324, 115.728, 0, 0, 0, 0, 0, 14, 0, 12.5, 0, 4.806, 158, 0, 0, 0, 78, 1, 0.017, 0.017, 83.032, 99.97, 100, 0, 0, 141, 32.5, 32.324, 100, 4.417, 0, 104.5, 0, 0, 105.324, 115.728, 0, 0, 0, 0, 
11.25, 22.348, 100.443, 63.72, 64.47, , 12.726, 0.974, 1038.241, 1038.241, 0.217, 305.824, 305.824, 305.824, 1.443, 88.531, 35.257, 35.257, 7.386, 13.883, 0, 0, 91.829, 94.313, 91.829, 94.313, 1, 115.648, 115.648, 0.024, 0.032, 6017.771, 6180.382, 6017.771, 6180.382, 7.355, 7.386, 13.883, , , 1, 11.334, 0, 0, 12.5, 4.833, 158, 0, 0, 0, 78, 16.998, 17.109, 82.66, 99.97, 100, 0, 0, 32.5, 32.428, 100, 4.413, 104.5, 0, 0, 105.428, 116.37, 0, 0, 0, 0, 0, 14, 0, 12.5, 0, 4.833, 158, 0, 0, 0, 78, 1, 0.017, 0.017, 82.66, 99.97, 100, 0, 0, 141, 32.5, 32.428, 100, 4.413, 0, 104.5, 0, 0, 105.428, 116.37, 0, 0, 0, 0, 
11.3, 22.349, 100.443, 63.72, 64.47, , 12.664, 0.974, 1046.599, 1046.599, 0.141, 304.38, 304.38, 304.38, 2.187, 89.321, 35.267, 35.541, 7.384, 13.873, 0, 0, 91.89, 94.375, 91.89, 94.375, 1, 116.272, 116.272, 0.024, 0.032, 5688.213, 5841.917, 5688.213, 5841.917, 7.365, 7.384, 13.873, , , 1, 11.383, 0, 0, 12.5, 4.864, 158.058, 0, 0, 0, 78, 17.005, 17.087, 82.4, 99.948, 100, 0, 0, 32.544, 32.515, 100, 4.41, 104.544, 0, 0, 105.515, 117.091, 0, 0, 0, 0, 0, 14, 0, 12.5, 0, 4.86, 158.058, 0, 0, 0, 78, 1, 0.017, 0.017, 82.4, 99.947, 100, 0, 0, 141, 32.544, 32.515, 100, 4.41, 0, 104.544, 0, 0, 105.515, 117.091, 0, 0, 0, 0, 
11.35, 22.35, 100.443, 63.72, 64.469, , 12.615, 0.974, 1055.087, 1055.087, 0.065, 303.238, 303.238, 303.238, 3.539, 90.111, 35.303, 35.937, 7.382, 13.864, 0, 0, 92.037, 94.526, 92.037, 94.526, 1, 116.9, 116.9, 0.024, 0.032, 4999.414, 5134.505, 4999.414, 5134.505, 7.386, 7.382, 13.864, , , 1, 11.434, 0, 0, 12.5, 4.903, 158.252, 0, 0, 0, 78, 16.987, 17.076, 82.4, 99.876, 100, 0, 0, 32.689, 32.563, 100, 4.41, 104.689, 0, 0, 105.563, 117.993, 0, 0, 0, 0, 0, 14, 0, 12.5, 0, 4.886, 158.252, 0, 0, 0, 78, 1, 0.017, 0.017, 82.4, 99.875, 100, 0, 0, 141, 32.689, 32.563, 100, 4.41, 0, 104.689, 0, 0, 105.563, 117.993, 0, 0, 0, 0, 
11.4, 22.35, 100.444, 63.72, 64.467, , 12.558, 0.974, 1063.549, 1063.549, 0.042, 301.932, 301.932, 301.932, 5.471, 90.339, 35.339, 36.333, 7.381, 13.859, 0, 0, 92.125, 94.614, 92.125, 94.614, 1, 117.525, 117.525, 0.024, 0.032, 2157.886, 2216.194, 2157.886, 2216.194, 7.407, 7.381, 13.859, , , 1, 11.484, 0, 0, 12.5, 4.943, 158.446, 0, 0, 0, 78, 16.97, 17.065, 82.4, 99.804, 100, 0, 0, 32.834, 32.611, 100, 4.41, 104.834, 0, 0, 105.611, 118.895, 0, 0, 0, 0, 0, 14, 0, 12.5, 0, 4.913, 158.446, 0, 0, 0, 78, 1, 0.017, 0.017, 82.4, 99.804, 100, 0, 0, 141, 32.834, 32.611, 100, 4.41, 0, 104.834, 0, 0, 105.611, 118.895, 0, 0, 0, 0, 
11.45, 22.35, 100.444, 63.72, 64.465, , 12.504, 0.974, 1072.099, 1072.099, 0.342, 300.663, 300.663, 300.663, 7.77, 87.115, 35.375, 36.729, 7.38, 13.853, 0, 0, 92.225, 94.717, 92.225, 94.717, 1, 118.143, 118.143, 0.024, 0.032, 685.484, 704.004, 685.484, 704.004, 7.429, 7.38, 13.853, , , 1, 11.534, 0, 0, 12.5, 4.982, 158.64, 0, 0, 0, 78, 16.952, 17.055, 82.4, 99.732, 100, 0, 0, 32.98, 32.66, 100, 4.41, 104.98, 0, 0, 105.66, 119.797, 0, 0, 0, 0, 0, 14, 0, 12.5, 0, 4.939, 158.64, 0, 0, 0, 78, 1, 0.017, 0.017, 82.4, 99.732, 100, 0, 0, 141, 32.98, 32.66, 100, 4.41, 0, 104.98, 0, 0, 105.66, 119.797, 0, 0, 0, 0, 
11.5, 22.35, 100.445, 63.72, 64.463, , 12.451, 0.974, 1080.673, 1080.673, 0.641, 299.443, 299.443, 299.443, 10.071, 83.89, 35.411, 37.125, 7.38, 13.845, 0, 0, 92.332, 94.827, 92.332, 94.827, 1, 118.764, 118.764, 0.024, 0.032, 460.483, 472.924, 460.483, 472.924, 7.45, 7.38, 13.845, , , 1, 11.584, 0, 0, 12.5, 5.022, 158.833, 0, 0, 0, 78, 16.935, 17.044, 82.4, 99.66, 100, 0, 0, 33.125, 32.708, 100, 4.41, 105.125, 0, 0, 105.708, 120.699, 0, 0, 0, 0, 0, 14, 0, 12.5, 0, 4.966, 158.833, 0, 0, 0, 78, 1, 0.017, 0.017, 82.4, 99.66, 100, 0, 0, 141, 33.125, 32.708, 100, 4.41, 0, 105.125, 0, 0, 105.708, 120.699, 0, 0, 0, 0, 
11.55, 22.35, 100.445, 63.72, 64.461, , 12.429, 0.974, 1091.656, 1091.656, 0.941, 298.933, 298.933, 298.933, 12.884, 80.666, 35.393, 37.056, 7.38, 13.835, 0, 0, 92.782, 95.29, 92.782, 95.29, 1, 119.533, 119.533, 0.024, 0.032, 343.357, 352.635, 343.357, 352.635, 7.475, 7.38, 13.835, , , 1, 11.633, 0, 0, 12.5, 5.058, 159.029, 0, 0, 0, 78, 16.921, 17.035, 82.4, 99.575, 100, 0, 0, 33.257, 32.757, 100, 4.41, 105.257, 0, 0, 105.757, 121.52, 0, 0, 0, 0, 0, 14, 0, 12.5, 0, 4.993, 159.029, 0, 0, 0, 78, 1, 0.017, 0.017, 82.4, 99.575, 100, 0, 0, 141, 33.257, 32.757, 100, 4.41, 0, 105.257, 0, 0, 105.757, 121.52, 0, 0, 0, 0, 
11.6, 22.35, 100.445, 63.72, 64.459, , 12.4, 0.974, 1100.304, 1100.304, 1.241, 298.289, 298.289, 298.289, 15.127, 77.442, 35.357, 36.84, 7.38, 13.816, 0, 0, 93.056, 95.57, 93.056, 95.57, 1, 120.152, 120.152, 0.024, 0.032, 284.509, 292.197, 284.509, 292.197, 7.5, 7.38, 13.816, , , 1, 11.684, 0, 0, 12.5, 5.072, 159.238, 0, 0, 0, 78, 16.929, 17.036, 82.4, 99.422, 100, 0, 0, 33.309, 32.809, 100, 4.41, 105.309, 0, 0, 105.809, 121.844, 0, 0, 0, 0, 0, 14, 0, 12.5, 0, 5.021, 159.238, 0, 0, 0, 78, 1, 0.017, 0.017, 82.4, 99.422, 100, 0, 0, 141, 33.309, 32.809, 100, 4.41, 0, 105.309, 0, 0, 105.809, 121.844, 0, 0, 0, 0, 
11.65, 22.35, 100.446, 63.72, 64.457, , 12.408, 0.974, 1108.952, 1108.952, 1.54, 298.496, 298.496, 298.496, 17.33, 74.218, 35.321, 36.624, 7.38, 13.794, 0, 0, 93.586, 96.116, 93.586, 96.116, 1, 120.763, 120.763, 0.024, 0.032, 245.119, 251.744, 245.119, 251.744, 7.525, 7.38, 13.794, , , 1, 11.734, 0, 0, 12.5, 5.086, 159.446, 0, 0, 0, 78, 16.938, 17.037, 82.4, 99.268, 100, 0, 0, 33.361, 32.861, 100, 4.41, 105.361, 0, 0, 105.861, 122.168, 0, 0, 0, 0, 0, 14, 0, 12.5, 0, 5.049, 159.446, 0, 0, 0, 78, 1, 0.017, 0.017, 82.4, 99.268, 100, 0, 0, 141, 33.361, 32.861, 100, 4.41, 0, 105.361, 0, 0, 105.861, 122.168, 0, 0, 0, 0, 
11.7, 22.35, 100.446, 63.72, 64.455, , 12.333, 0.974, 1117.773, 1117.773, 1.84, 296.735, 296.735, 296.735, 19.495, 70.994, 35.285, 36.408, 7.38, 13.757, 0, 0, 93.508, 96.035, 93.508, 96.035, 1, 121.371, 121.371, 0.024, 0.032, 214.215, 220.004, 214.215, 220.004, 7.55, 7.38, 13.757, , , 1, 11.784, 0, 0, 12.5, 5.1, 159.654, 0, 0, 0, 78, 16.946, 17.038, 82.4, 99.115, 100, 0, 0, 33.414, 32.914, 100, 4.41, 105.414, 0, 0, 105.914, 122.492, 0, 0, 0, 0, 0, 14, 0, 12.5, 0, 5.077, 159.654, 0, 0, 0, 78, 1, 0.017, 0.017, 82.4, 99.115, 100, 0, 0, 141, 33.414, 32.914, 100, 4.41, 0, 105.414, 0, 0, 105.914, 122.492, 0, 0, 0, 0, 
11.75, 22.35, 100.447, 63.72, 64.453, , 12.323, 0.974, 1126.594, 1126.594, 2.14, 296.534, 296.534, 296.534, 21.652, 67.77, 35.249, 36.192, 7.38, 13.72, 0, 0, 93.916, 96.454, 93.916, 96.454, 1, 121.979, 121.979, 0.024, 0.032, 191.398, 196.57, 191.398, 196.57, 7.597, 7.38, 13.72, , , 1, 11.834, 0, 0, 12.5, 5.115, 159.862, 0, 0, 0, 78, 16.954, 17.039, 82.4, 98.961, 100, 0, 0, 33.466, 32.966, 100, 4.41, 105.466, 0, 0, 105.966, 122.816, 0, 0, 0, 0, 0, 14, 0, 12.5, 0, 5.105, 159.862, 0, 0, 0, 78, 1, 0.017, 0.017, 82.4, 98.961, 100, 0, 0, 141, 33.466, 32.966, 100, 4.41, 0, 105.466, 0, 0, 105.966, 122.816, 0, 0, 0, 0, 
11.8, 22.35, 100.447, 63.72, 64.452, , 12.254, 0.974, 1135.529, 1135.529, 2.439, 294.913, 294.913, 294.913, 24.012, 64.546, 35.266, 36.061, 7.38, 13.685, 0, 0, 93.869, 96.406, 93.869, 96.406, 1, 122.592, 122.592, 0.024, 0.032, 174.153, 178.858, 174.153, 178.858, 7.653, 7.38, 13.685, , , 1, 11.884, 0, 0, 12.5, 5.133, 159.869, 0, 0, 0, 78, 16.957, 17.032, 82.4, 98.836, 100, 0, 0, 33.565, 33, 100, 4.41, 105.533, 0, 0, 106, 123.233, 0, 0, 0, 0, 0, 14, 0, 12.5, 0, 5.133, 159.869, 0, 0, 0, 78, 1, 0.017, 0.017, 82.4, 98.836, 100, 0, 0, 141, 33.565, 33, 100, 4.41, 0, 105.533, 0, 0, 106, 123.233, 0, 0, 0, 0, 
11.85, 22.35, 100.447, 63.72, 64.45, , 12.22, 0.974, 1144.33, 1144.33, 2.739, 294.13, 294.13, 294.13, 25.145, 61.322, 35.301, 35.957, 7.38, 13.65, 0, 0, 94.078, 96.62, 94.078, 96.62, 1, 123.191, 123.191, 0.024, 0.032, 164.837, 169.29, 164.837, 169.29, 7.708, 7.38, 13.65, , , 1, 11.935, 0, 0, 12.5, 5.16, 159.485, 0, 0, 0, 78, 16.95, 17.009, 82.4, 98.765, 100, 0, 0, 33.758, 33, 100, 4.41, 105.629, 0, 0, 106, 123.831, 0, 0, 0, 0, 0, 14, 0, 12.5, 0, 5.16, 159.485, 0, 0, 0, 78, 1, 0.017, 0.017, 82.4, 98.765, 100, 0, 0, 141, 33.758, 33, 100, 4.41, 0, 105.629, 0, 0, 106, 123.831, 0, 0, 0, 0, 
11.9, 22.35, 100.448, 63.72, 64.448, , 12.157, 0.974, 1153.311, 1153.311, 3.039, 292.68, 292.68, 292.68, 26.329, 58.098, 35.336, 35.853, 7.38, 13.623, 0, 0, 94.073, 96.616, 94.073, 96.616, 1, 123.797, 123.797, 0.024, 0.032, 156.414, 160.638, 156.414, 160.638, 7.764, 7.38, 13.623, , , 1, 11.986, 0, 0, 12.5, 5.187, 159.1, 0, 0, 0, 78, 16.942, 16.986, 82.4, 98.694, 100, 0, 0, 33.95, 33, 100, 4.41, 105.725, 0, 0, 106, 124.43, 0, 0, 0, 0, 0, 14, 0, 12.5, 0, 5.187, 159.1, 0, 0, 0, 78, 1, 0.017, 0.017, 82.4, 98.694, 100, 0, 0, 141, 33.95, 33, 100, 4.41, 0, 105.725, 0, 0, 106, 124.43, 0, 0, 0, 0, 
11.95, 22.35, 100.448, 63.72, 64.446, , 12.138, 0.974, 1162.291, 1162.291, 3.338, 292.24, 292.24, 292.24, 27.61, 54.874, 35.37, 35.75, 7.379, 13.597, 0, 0, 94.387, 96.939, 94.387, 96.939, 1, 124.397, 124.397, 0.024, 0.032, 149.16, 153.187, 149.16, 153.187, 7.823, 7.379, 13.597, , , 1, 12.034, 0, 0, 12.5, 5.213, 158.715, 0, 0, 0, 78, 16.934, 16.963, 82.4, 98.622, 100, 0, 0, 34.142, 33, 100, 4.41, 105.821, 0, 0, 106, 125.028, 0, 0, 0, 0, 0, 14, 0, 12.5, 0, 5.213, 158.715, 0, 0, 0, 78, 1, 0.017, 0.017, 82.4, 98.622, 100, 0, 0, 141, 34.142, 33, 100, 4.41, 0, 105.821, 0, 0, 106, 125.028, 0, 0, 0, 0, 
12, 22.35, 100.448, 63.72, 64.444, , 12.065, 0.974, 1171.33, 1171.33, 3.638, 290.543, 290.543, 290.543, 29.282, 51.65, 35.405, 35.646, 7.379, 13.596, 0, 0, 94.289, 96.838, 94.289, 96.838, 1, 124.992, 124.992, 0.024, 0.032, 140.023, 143.803, 140.023, 143.803, 7.883, 7.379, 13.596, , , 1, 12.084, 0, 0, 12.5, 5.24, 158.331, 0, 0, 0, 78, 16.927, 16.94, 82.4, 98.551, 100, 0, 0, 34.335, 33, 100, 4.41, 105.917, 0, 0, 106, 125.626, 0, 0, 0, 0, 0, 14, 0, 12.5, 0, 5.24, 158.331, 0, 0, 0, 78, 1, 0.017, 0.017, 82.4, 98.551, 100, 0, 0, 141, 34.335, 33, 100, 4.41, 0, 105.917, 0, 0, 106, 125.626, 0, 0, 0, 0, 
12.05, 22.35, 100.449, 63.72, 64.442, , 12.012, 0.974, 1180.432, 1180.432, , 289.309, 289.309, 289.309, , , 35.399, 35.6, 7.378, 13.596, 0, 0, 94.337, 96.886, 94.337, 96.886, 1, 125.593, 125.593, 0.024, 0.032, , , , , 7.944, 7.378, 13.596, , , 1, 12.134, 0, 0, 12.5, 5.268, 158, 0, 0, 0, 78, 16.915, 16.916, 82.352, 98.47, 100, 0, 0, 34.534, 33.02, 100, 4.41, 105.993, 0, 0, 106.014, 126.265, 0, 0, 0, 0, 0, 14, 0, 12.5, 0, 5.268, 158, 0, 0, 0, 78, 1, 0.017, 0.017, 82.352, 98.47, 100, 0, 0, 141, 34.534, 33.02, 100, 4.41, 0, 105.993, 0, 0, 106, 126.265, 0, 0, 0, 0, 
12.1, 22.35, 100.449, 63.72, 64.44, , 11.948, 0.974, 1189.593, 1189.593, , 287.826, 287.826, 287.826, , , 35.362, 35.6, 7.378, 13.664, 0, 0, 94.3, 96.848, 94.3, 96.848, 1, 126.184, 126.184, 0.024, 0.032, , , , , 8.004, 7.378, 13.664, , , 1, 12.184, 0, 0, 12.5, 5.307, 158, 0, 0, 0, 78, 16.876, 16.89, 82.005, 98.327, 100, 0, 0, 34.774, 33.164, 100, 4.41, 105.945, 0, 0, 106.11, 127.162, 0, 0, 0, 0, 0, 14, 0, 12.5, 0, 5.307, 158, 0, 0, 0, 78, 1, 0.017, 0.017, 82.005, 98.327, 100, 0, 0, 141, 34.774, 33.164, 100, 4.41, 0, 105.945, 0, 0, 106, 127.162, 0, 0, 0, 0, 
12.15, 22.35, 100.45, 63.72, 64.438, , 11.898, 0.974, 1198.753, 1198.753, , 286.664, 286.664, 286.664, , , 35.324, 35.6, 7.377, 13.732, 0, 0, 94.358, 96.908, 94.358, 96.908, 1, 126.772, 126.772, 0.024, 0.032, , , , , 8.058, 7.377, 13.732, , , 1, 12.233, 0, 0, 12.5, 5.346, 158, 0, 0, 0, 78, 16.838, 16.864, 81.659, 98.184, 100, 0, 0, 35.014, 33.309, 100, 4.41, 105.897, 0, 0, 106.207, 128.058, 0, 0, 0, 0, 0, 14, 0, 12.5, 0, 5.346, 158, 0, 0, 0, 78, 1, 0.017, 0.017, 81.659, 98.184, 100, 0, 0, 141, 35.014, 33.309, 100, 4.41, 0, 105.897, 0, 0, 106, 128.058, 0, 0, 0, 0, 
12.2, 22.35, 100.45, 63.72, 64.436, , 11.811, 0.974, 1207.942, 1207.942, , 284.609, 284.609, 284.609, , , 35.287, 35.6, 7.377, 13.987, 0, 0, 94.117, 96.66, 94.117, 96.66, 1, 127.359, 127.359, 0.024, 0.032, , , , , 8.104, 7.377, 13.987, , , 1, 12.283, 0, 0, 12.5, 5.385, 158, 0, 0, 0, 78, 16.799, 16.838, 81.313, 98.041, 100, 0, 0, 35.255, 33.453, 100, 4.41, 105.848, 0, 0, 106.303, 128.954, 0, 0, 0, 0, 0, 14, 0, 12.5, 0, 5.385, 158, 0, 0, 0, 78, 1, 0.017, 0.017, 81.313, 98.041, 100, 0, 0, 141, 35.255, 33.453, 100, 4.41, 0, 105.848, 0, 0, 106, 128.954, 0, 0, 0, 0, 
12.25, 22.35, , , 64.434, , 11.422, , 1217.096, 1217.096, , 275.421, 275.421, 275.421, , , 35.249, 35.6, 7.377, 14.246, 0, 0, 91.466, 93.938, 91.466, 93.938, 1, 127.94, 127.94, 0.024, 0.032, , , , , 8.15, 7.377, 14.246, , , 1, 12.333, 0, 0, 12.5, 5.424, 158, 0, 0, 0, 78, 16.761, 16.813, 80.967, 97.899, 100, 0, 0, 35.495, 33.597, 100, 4.41, 105.8, 0, 0, 106.4, 129.85, 0, 0, 0, 0, 0, 14, 0, 12.5, 0, 5.424, 158, 0, 0, 0, 78, 1, 0.017, 0.017, 80.967, 97.899, 100, 0, 0, 141, 35.495, 33.597, 100, 4.41, 0, 105.8, 0, 0, 106, 129.85, 0, 0, 0, 0, 
12.3, 22.35, , , 64.432, , 9.768, , 1226.436, 1226.436, , 236.196, 236.196, 236.196, , , 35.267, 35.545, 7.377, 14.662, 0, 0, 78.671, 80.796, 78.671, 80.796, 1, 128.469, 128.469, 0.024, 0.032, , , , , 8.196, 7.377, 14.662, , , 1, 12.384, 0, 0, 12.5, 5.463, 158, 0, 0, 0, 78, 16.722, 16.787, 80.621, 97.756, 100, 0, 0, 35.736, 33.741, 100, 4.41, 105.752, 0, 0, 106.496, 130.746, 0, 0, 0, 0, 0, 14, 0, 12.5, 0, 5.463, 158, 0, 0, 0, 78, 1, 0.017, 0.017, 80.621, 97.756, 100, 0, 0, 141, 35.736, 33.741, 100, 4.41, 0, 105.752, 0, 0, 106, 130.746, 0, 0, 0, 0, 
12.35, 22.35, , , 64.431, , 8.001, , 1235.776, 1235.776, , 194.298, 194.298, 194.298, , , 35.303, 35.473, 7.377, 15.085, 0, 0, 64.903, 66.655, 64.903, 66.655, 1, 128.91, 128.91, 0.024, 0.032, , , , , 8.234, 7.377, 15.085, , , 1, 12.434, 0, 0, 12.5, 5.478, 158, 0, 0, 0, 78, 16.691, 16.755, 80.6, 97.75, 100, 0, 0, 35.799, 33.799, 100, 4.41, 105.7, 0, 0, 106.301, 131.104, 0, 0, 0, 0, 0, 14, 0, 12.5, 0, 5.478, 158, 0, 0, 0, 78, 1, 0.017, 0.017, 80.6, 97.75, 100, 0, 0, 141, 35.799, 33.799, 100, 4.41, 0, 105.7, 0, 0, 105.9, 131.104, 0, 0, 0, 0, 
12.4, 22.35, , , 64.429, , 6.29, , 1245.302, 1245.302, , 153.728, 153.728, 153.728, , , 35.339, 35.401, 7.377, 15.641, 0, 0, 51.503, 52.894, 51.503, 52.894, 1, 129.264, 129.264, 0.024, 0.032, , , , , 8.249, 7.377, 15.641, , , 1, 12.484, 0, 0, 12.5, 5.492, 158, 0, 0, 0, 78, 16.659, 16.722, 80.6, 97.75, 100, 0, 0, 35.851, 33.851, 100, 4.41, 105.648, 0, 0, 106.093, 131.426, 0, 0, 0, 0, 0, 14, 0, 12.5, 0, 5.492, 158, 0, 0, 0, 78, 1, 0.017, 0.017, 80.6, 97.75, 100, 0, 0, 141, 35.851, 33.851, 100, 4.41, 0, 105.648, 0, 0, 105.796, 131.426, 0, 0, 0, 0, 
12.45, 22.35, , , 64.427, , 4.599, , 1254.642, 1254.642, , 113.621, 113.621, 113.621, , , 35.375, 35.329, 7.377, 16.206, 0, 0, 38.176, 39.205, 38.176, 39.205, 1, 129.537, 129.537, 0.024, 0.032, , , , , 8.263, 7.377, 16.206, , , 1, 12.534, 0, 0, 12.5, 5.506, 158, 0, 0, 0, 78, 16.628, 16.69, 80.6, 97.75, 100, 0, 0, 35.903, 33.903, 100, 4.41, 105.596, 0, 0, 105.886, 131.749, 0, 0, 0, 0, 0, 14, 0, 12.5, 0, 5.506, 158, 0, 0, 0, 78, 1, 0.017, 0.017, 80.6, 97.75, 100, 0, 0, 141, 35.903, 33.903, 100, 4.41, 0, 105.596, 0, 0, 105.692, 131.749, 0, 0, 0, 0, 
12.5, 22.35, , , 64.425, , 3.314, , 1264.169, 1264.169, , 83.128, 83.128, 83.128, , , 35.411, 35.257, 7.378, 16.795, 0, 0, 28.002, 28.756, 28.002, 28.756, 1, 129.728, 129.728, 0.024, 0.032, , , , , 8.278, 7.378, 16.795, , , 1, 12.584, 0, 0, 12.5, 5.519, 158, 0, 0, 0, 78, 16.597, 16.658, 80.6, 97.75, 100, 0, 0, 35.955, 33.955, 100, 4.41, 105.544, 0, 0, 105.678, 132.072, 0, 0, 0, 0, 0, 14, 0, 12.5, 0, 5.519, 158, 0, 0, 0, 78, 1, 0.017, 0.017, 80.6, 97.75, 100, 0, 0, 141, 35.955, 33.955, 100, 4.41, 0, 105.544, 0, 0, 105.588, 132.072, 0, 0, 0, 0, 
12.55, 22.35, , , 64.423, , 3.311, , 1273.548, 1273.548, , 83.075, 83.075, 83.075, , , 35.447, 35.514, 7.378, 17.388, 0, 0, 28.02, 28.774, 28.02, 28.774, 1, 129.89, 129.89, 0.024, 0.032, , , , , 8.292, 7.378, 17.388, , , 1, 12.634, 0, 0.001, 12.5, 5.533, 158.064, 0, 0, 0, 78, 16.106, 16.496, 80.6, 97.368, 100, 0, 0, 36.168, 34.196, 99.251, 4.379, 105.612, 0, 0, 105.71, 132.341, 0, 0, 0, 0, 0, 14, 0.001, 12.5, 0, 5.533, 158.064, 0, 0, 0, 78, 1, 0.017, 0.017, 80.6, 97.366, 100, 0, 0, 141, 36.168, 34.196, 99.251, 4.379, 0, 105.612, 0, 0, 105.739, 132.341, 0, 0, 0, 0, 
12.6, 22.35, , , 64.421, , 3.312, , 1283.083, 1283.083, , 83.115, 83.115, 83.115, , , 35.483, 35.874, 7.379, 18.096, 0, 0, 28.066, 28.823, 28.066, 28.823, 1, 130.056, 130.056, 0.024, 0.032, , , , , 8.293, 7.379, 18.096, , , 1, 12.684, 0, 0.008, 12.5, 5.543, 158.462, 0, 0, 0, 78, 12.792, 15.541, 80.6, 94.979, 100, 0, 0, 37.368, 35.596, 94.57, 4.161, 106.309, 0, 0, 107.21, 132.279, 0, 0, 0, 0, 0, 14, 0.008, 12.5, 0, 5.543, 158.462, 0, 0, 0, 78, 1, 0.013, 0.016, 80.6, 94.968, 100, 0, 0, 141, 37.368, 35.596, 94.57, 4.161, 0, 106.309, 0, 0, 107.233, 132.279, 0, 0, 0, 0, 
12.65, , , , , , 2.89, , 1292.617, 1292.617, , 73.101, 73.101, 73.101, , , 35.519, 36.234, 7.379, 18.816, 0, 0, 24.709, 25.373, 24.709, 25.373, 1, 130.213, 130.213, 0.024, 0.032, , , , , 8.294, 7.379, 18.816, , , 1, 12.734, 0, 0.015, 12.5, 5.553, 158.861, 0, 0, 0, 78, 9.478, 14.586, 80.6, 92.591, 100, 0, 0, 38.568, 36.996, 89.888, 3.943, 107.006, 0, 0, 108.71, 132.217, 0, 0, 0, 0, 0, 14, 0.015, 12.5, 0, 5.553, 158.861, 0, 0, 0, 78, 1, 0.01, 0.015, 80.6, 92.57, 100, 0, 0, 141, 38.568, 36.996, 89.888, 3.943, 0, 107.006, 0, 0, 108.727, 132.217, 0, 0, 0, 0, 
12.7, , , , , , 1.995, , 1302.152, 1302.152, , 51.869, 51.869, 51.869, , , 35.555, 36.594, 7.38, 19.548, 0, 0, 17.54, 18.013, 17.54, 18.013, 1, 130.336, 130.336, 0.024, 0.032, , , , , 8.295, 7.38, 19.548, , , 1, 12.783, 0, 0.022, 12.5, 5.563, 159.259, 0, 0, 0, 78, 6.164, 13.631, 80.6, 90.203, 100, 0, 0, 39.768, 38.396, 85.207, 3.725, 107.703, 0, 0, 110.21, 132.155, 0, 0, 0, 0, 0, 14, 0.022, 12.5, 0, 5.563, 159.259, 0, 0, 0, 78, 1, 0.006, 0.014, 80.6, 90.172, 100, 0, 0, 141, 39.768, 38.396, 85.207, 3.725, 0, 107.703, 0, 0, 110.221, 132.155, 0, 0, 0, 0, 
12.75, , , , , , 0.545, , 1311.686, 1311.686, , 17.477, 17.477, 17.477, , , 35.591, 36.954, 7.38, 20.282, 0, 0, 5.911, 6.071, 5.911, 6.071, 1, 130.403, 130.403, 0.024, 0.032, , , , , 8.296, 7.38, 20.282, , , 1, 12.833, 0, 0.029, 12.5, 5.574, 159.657, 0, 0, 0, 78, 2.85, 12.676, 80.6, 87.814, 100, 0, 0, 40.968, 39.796, 80.526, 3.507, 108.4, 0, 0, 111.71, 132.093, 0, 0, 0, 0, 0, 14, 0.029, 12.5, 0, 5.574, 159.657, 0, 0, 0, 78, 1, 0.003, 0.013, 80.6, 87.774, 100, 0, 0, 141, 40.968, 39.796, 80.526, 3.507, 0, 108.4, 0, 0, 111.715, 132.093, 0, 0, 0, 0, 
12.8, , , , , , -1.09, , 1321.221, 1321.221, , -21.321, -21.321, -21.321, , , 35.627, 36.794, 7.38, 20.905, 0, 0, -7.204, -7.399, -7.204, -7.399, 1, 130.39, 130.39, 0.024, 0.032, , , , , 8.341, 7.38, 20.905, , , 1, 12.884, 0, 0.036, 12.5, 5.583, 160, 0, 0, 0, 78, 0, 11.714, 80.6, 85.475, 100, 0, 0, 42.175, 41.204, 75.815, 3.288, 109.117, 0, 0, 113.233, 132.031, 0, 0, 0, 0, 0, 14, 0.036, 12.5, 0, 5.583, 160, 0, 0, 0, 78, 1, 0, 0.012, 80.6, 85.434, 100, 0, 0, 141, 42.175, 41.204, 75.815, 3.288, 0, 109.117, 0, 0, 113.233, 132.031, 0, 0, 0, 0, 
12.85, , , , , , -2.694, , 1330.756, 1330.756, , -59.383, -59.383, -59.383, , , 35.663, 36.47, 7.379, 21.509, 0, 0, -20.062, -20.605, -20.062, -20.605, 1, 130.295, 130.295, 0.024, 0.032, , , , , 8.396, 7.379, 21.509, , , 1, 12.934, 0, 0.043, 12.5, 5.586, 160, 0, 0, 0, 78, 0, 10.704, 80.6, 83.437, 100, 0, 0, 43.425, 42.662, 70.919, 3.056, 109.95, 0, 0, 114.9, 131.966, 0, 0, 0, 0, 0, 14, 0.043, 12.5, 0, 5.586, 160, 0, 0, 0, 78, 1, 0, 0.011, 80.6, 83.396, 100, 0, 0, 141, 43.425, 42.662, 70.919, 3.056, 0, 109.95, 0, 0, 114.9, 131.966, 0, 0, 0, 0, 
12.9, , , , , , -3.996, , 1340.29, 1340.29, , -90.27, -90.27, -90.27, , , 35.699, 36.146, 7.379, 21.86, 0, 0, -30.475, -31.298, -30.475, -31.298, 1, 130.124, 130.124, 0.024, 0.032, , , , , 8.451, 7.379, 21.86, , , 1, 12.983, 0, 0.051, 12.5, 5.589, 160, 0, 0, 0, 78, 0, 9.695, 80.6, 81.4, 100, 0, 0, 44.675, 44.121, 66.023, 2.825, 110.783, 0, 0, 116.567, 131.902, 0, 0, 0, 0, 0, 14, 0.051, 12.5, 0, 5.589, 160, 0, 0, 0, 78, 1, 0, 0.01, 80.6, 81.359, 100, 0, 0, 141, 44.675, 44.121, 66.023, 2.825, 0, 110.783, 0, 0, 116.567, 131.902, 0, 0, 0, 0, 
12.95, , , , , , -4.776, , 1349.91, 1349.91, , -108.791, -108.791, -108.791, , , 35.735, 35.822, 7.378, 22.163, 0, 0, -36.682, -37.674, -36.682, -37.674, 1, 129.903, 129.903, 0.024, 0.032, , , , , 8.506, 7.378, 22.163, , , 1, 13.033, 0, 0.058, 12.5, 5.592, 160, 0, 0, 0, 78, 0, 8.686, 80.6, 79.362, 100, 0, 0, 45.925, 45.579, 61.127, 2.594, 111.617, 0, 0, 118.233, 131.837, 0, 0, 0, 0, 0, 14, 0.058, 12.5, 0, 5.592, 160, 0, 0, 0, 78, 1, 0, 0.009, 80.6, 79.322, 100, 0, 0, 141, 45.925, 45.579, 61.127, 2.594, 0, 111.617, 0, 0, 118.233, 131.837, 0, 0, 0, 0, 
13, , , , , , -4.986, , 1359.437, 1359.437, , -113.778, -113.778, -113.778, , , 35.771, 35.498, 7.378, 22.288, 0, 0, -38.299, -39.336, -38.299, -39.336, 1, 129.649, 129.649, 0.024, 0.032, , , , , 8.555, 7.378, 22.288, , , 1, 13.083, 0, 0.065, 12.5, 5.595, 160, 0, 0, 0, 78, 0, 7.676, 80.6, 77.325, 100, 0, 0, 47.175, 47.038, 56.231, 2.363, 112.45, 0, 0, 119.9, 131.773, 0, 0, 0, 0, 0, 14, 0.065, 12.5, 0, 5.595, 160, 0, 0, 0, 78, 1, 0, 0.008, 80.6, 77.284, 100, 0, 0, 141, 47.175, 47.038, 56.231, 2.363, 0, 112.45, 0, 0, 119.9, 131.773, 0, 0, 0, 0, 
13.05, , , , , , -5.101, , 1368.964, 1368.964, , -116.525, -116.525, -116.525, , , 35.835, 35.447, 7.377, 22.373, 0, 0, -39.15, -40.209, -39.15, -40.209, 1, 129.397, 129.397, 0.024, 0.032, , , , , 8.602, 7.377, 22.373, , , 1, 13.133, 0, 0.065, 12.5, 5.591, 160, 0, 0, 0, 77.021, 0, 6.685, 80.6, 71.979, 100, 0, 0, 47.091, 47.091, 49.292, 2.094, 112.126, 0, 0, 119.776, 131.643, 0, 0, 0, 0, 0, 14, 0.065, 12.5, 0, 5.591, 160, 0, 0, 0, 77.021, 1, 0, 0.007, 80.6, 71.744, 100, 0, 0, 141, 47.091, 47.091, 49.292, 2.094, 0, 112.126, 0, 0, 119.776, 131.643, 0, 0, 0, 0, 
13.1, , , , , , -5.129, , 1378.491, 1378.491, , -117.189, -117.189, -117.189, , , 35.907, 35.483, 7.377, 22.39, 0, 0, -39.296, -40.359, -39.296, -40.359, 1, 129.143, 129.143, 0.024, 0.032, , , , , 8.648, 7.377, 22.39, , , 1, 13.184, 0, 0.051, 12.5, 5.573, 160, 0, 0, 0, 74.14, 0, 5.728, 80.6, 60.212, 100, 0, 0, 44.416, 44.416, 38.387, 1.752, 109.553, 0, 0, 116.175, 131.388, 0, 0, 0, 0, 0, 14, 0.051, 12.5, 0, 5.573, 160, 0, 0, 0, 74.14, 1, 0, 0.006, 80.6, 59.976, 100, 0, 0, 141, 44.416, 44.416, 38.387, 1.752, 0, 109.553, 0, 0, 116.175, 131.388, 0, 0, 0, 0, 
13.15, , , , , , -4.984, , 1388.018, 1388.018, , -113.758, -113.758, -113.758, , , 35.979, 35.519, 7.377, 22.39, 0, 0, -38.072, -39.103, -38.072, -39.103, 1, 128.888, 128.888, 0.024, 0.032, , , , , 8.695, 7.377, 22.39, , , 1, 13.235, 0, 0.036, 12.5, 5.555, 160, 0, 0, 0, 71.259, 0, 4.771, 80.6, 48.444, 100, 0, 0, 41.741, 41.741, 27.481, 1.411, 106.981, 0, 0, 112.574, 131.133, 0, 0, 0, 0, 0, 14, 0.036, 12.5, 0, 5.555, 160, 0, 0, 0, 71.259, 1, 0, 0.005, 80.6, 48.209, 100, 0, 0, 141, 41.741, 41.741, 27.481, 1.411, 0, 106.981, 0, 0, 112.574, 131.133, 0, 0, 0, 0, 
13.2, , , , , , -4.933, , 1395.746, 1395.746, , -112.552, -112.552, -112.552, , , 36.051, 35.555, 7.377, 22.39, 0, 0, -37.628, -38.645, -37.628, -38.645, 1, 128.714, 128.714, 0.024, 0.032, , , , , 8.724, 7.377, 22.39, , , 1, 13.285, 0, 0.022, 12.5, 5.537, 160, 0, 0, 0, 68.379, 0, 3.814, 80.6, 36.677, 100, 0, 0, 39.066, 39.066, 16.576, 1.069, 104.409, 0, 0, 108.973, 130.878, 0, 0, 0, 0, 0, 14, 0.022, 12.5, 0, 5.537, 160, 0, 0, 0, 68.379, 1, 0, 0.004, 80.6, 36.441, 100, 0, 0, 141, 39.066, 39.066, 16.576, 1.069, 0, 104.409, 0, 0, 108.973, 130.878, 0, 0, 0, 0, 
13.25, , , , , , -4.947, , 1400.44, 1400.44, , -112.895, -112.895, -112.895, , , 36.123, 35.591, 7.377, 22.39, 0, 0, -37.706, -38.726, -37.706, -38.726, 1, 128.588, 128.588, 0.024, 0.032, , , , , 8.74, 7.377, 22.39, , , 1, 13.317, 0, 0.007, 12.5, 5.519, 160, 0, 0, 0, 65.498, 0, 2.858, 80.6, 24.909, 100, 0, 0, 36.391, 36.391, 5.671, 0.728, 101.837, 0, 0, 105.372, 130.623, 0, 0, 0, 0, 0, 14, 0.007, 12.5, 0, 5.519, 160, 0, 0, 0, 65.498, 1, 0, 0.003, 80.6, 24.674, 100, 0, 0, 141, 36.391, 36.391, 5.671, 0.728, 0, 101.837, 0, 0, 105.372, 130.623, 0, 0, 0, 0, 
13.3, , , , , , -4.798, , 1405.203, 1405.203, , -109.356, -109.356, -109.356, , , , , 7.377, 22.39, 0, 0, -36.486, -37.474, -36.486, -37.474, 1, 128.463, 128.463, 0.024, 0.032, , , , , 8.755, 7.377, 22.39, , , 1, 13.342, , , , , , , , , , , , , , , , , , , , , , , , , , , , , , , , , , , , , , , , , , , , , , , , , , , , , , , , , , , , , , , , 
13.35, , , , , , -4.512, , 1409.873, 1409.873, , -102.595, -102.595, -102.595, , , , , 7.377, 22.39, 0, 0, -34.195, -35.125, -34.195, -35.125, 1, 128.342, 128.342, 0.024, 0.032, , , , , 8.77, 7.377, 22.39, , , 1, 13.367, , , , , , , , , , , , , , , , , , , , , , , , , , , , , , , , , , , , , , , , , , , , , , , , , , , , , , , , , , , , , , , , 
13.4, , , , , , , , 1414.621, 1414.621, , , , , , , , , , , , , , , , , , , , , , , , , , , , , , , , 13.392, , , , , , , , , , , , , , , , , , , , , , , , , , , , , , , , , , , , , , , , , , , , , , , , , , , , , , , , , , , , , , , , 
