Time, (DWRT ATMO) Humidity, (DWRT ATMO) Pressure, (DWRT ATMO) Temperature 1, (DWRT ATMO) Temperature 2, (DWRT CPU) ????????????????????????????????????????????????????????????????, (DWRT CPU) Acceleration, (DWRT CPU) Correction Factor, (DWRT CPU) Distance, (DWRT CPU) Distance 1, (DWRT CPU) Engine RPM, (DWRT CPU) Force, (DWRT CPU) Force 1, (DWRT CPU) Force Drum 1, (DWRT CPU) Gear Ratio, (DWRT CPU) Inductive 1 Signal Strength, (DWRT CPU) Internal Temp 1, (DWRT CPU) Internal Temp 2, (DWRT CPU) LC1 Volts Petrol AFR, (DWRT CPU) LC2 Volts Petrol AFR2, (DWRT CPU) Link 0 Status, (DWRT CPU) Link 1 Status, (DWRT CPU) Power, (DWRT CPU) Power (uncorrected), (DWRT CPU) Power Drum 1, (DWRT CPU) Power Drum 1 (uncorrected), (DWRT CPU) Sampling, (DWRT CPU) Speed, (DWRT CPU) Speed 1, (DWRT CPU) TCP RX kB/s, (DWRT CPU) TCP TX kB/s, (DWRT CPU) Torque, (DWRT CPU) Torque (uncorrected), (DWRT CPU) Torque Drum 1, (DWRT CPU) Torque Drum 1 (uncorrected), (DWRT CPU) UDP RX kB/s, (DWRT CPU) User Analog 1, (DWRT CPU) User Analog 2, (DWRT CPU) User Analog 3, (DWRT CPU) User Analog 4, (Gen) Sampling, (Gen) Sampling Duration, (Harley - ECU Type 14 SW Level 141) Accel Enrichment, (Harley - ECU Type 14 SW Level 141) Decel Enleanment, (Harley - ECU Type 14 SW Level 141) Desired Air/Fuel, (Harley - ECU Type 14 SW Level 141) Engine Speed, (Harley - ECU Type 14 SW Level 141) Engine Temperature, (Harley - ECU Type 14 SW Level 141) Front Adaptive Fuel Factor, (Harley - ECU Type 14 SW Level 141) Front Closed Loop Integrator, (Harley - ECU Type 14 SW Level 141) Front Spark Knock Retard, (Harley - ECU Type 14 SW Level 141) Idle Air Control Motor Position, (Harley - ECU Type 14 SW Level 141) Injector Time Front, (Harley - ECU Type 14 SW Level 141) Injector Time Rear, (Harley - ECU Type 14 SW Level 141) Intake Air Temperature, (Harley - ECU Type 14 SW Level 141) Manifold Absolute Pressure, (Harley - ECU Type 14 SW Level 141) Rear Adaptive Fuel Factor, (Harley - ECU Type 14 SW Level 141) Rear Closed Loop Integrator, (Harley - ECU Type 14 SW Level 141) Rear Spark Knock Retard, (Harley - ECU Type 14 SW Level 141) Spark Advance Front, (Harley - ECU Type 14 SW Level 141) Spark Advance Rear, (Harley - ECU Type 14 SW Level 141) Throttle Position, (Harley - ECU Type 14 SW Level 141) Throttle Position Sensor Voltage, (Harley - ECU Type 14 SW Level 141) VE Front, (Harley - ECU Type 14 SW Level 141) VE New Front, (Harley - ECU Type 14 SW Level 141) VE New Rear, (Harley - ECU Type 14 SW Level 141) VE Rear, (Harley - ECU Type 14 SW Level 141) Vehicle Speed, (Harley - ECU Type 14 SW Level 141) WBO2 AFR Front, (Harley - ECU Type 14 SW Level 141) WBO2 AFR Rear, (PV) Accel Enrichment, (PV) AT Lambda 1, (PV) AT Lambda 2, (PV) Battery Voltage, (PV) Decel Enleanment, (PV) Desired Air/Fuel, (PV) Desired Lambda, (PV) Engine Speed, (PV) Engine Temperature, (PV) Front Adaptive Fuel Factor, (PV) Front Closed Loop Integrator, (PV) Front Spark Knock Retard, (PV) Idle Air Control Motor Position, (PV) Idle Set Speed, (PV) Injector Time Front, (PV) Injector Time Rear, (PV) Intake Air Temperature, (PV) Manifold Absolute Pressure, (PV) Rear Adaptive Fuel Factor, (PV) Rear Closed Loop Integrator, (PV) Rear Spark Knock Retard, (PV) Software Level, (PV) Spark Advance Front, (PV) Spark Advance Rear, (PV) Throttle Position, (PV) Throttle Position Sensor, (PV) Twistgrip Position, (PV) VE Front, (PV) VE New Front, (PV) VE New Rear, (PV) VE Rear, (PV) Vehicle Speed, (PV) Warm-up Fuel AFR (Lambda), (PV) Warm-up Fuel AFR (Ratio), (PV) WBO2 AFR Front, (PV) WBO2 AFR Rear, 
0, , , , , , 3.115, , , , , 75.83, 75.83, 75.83, , , , , , , , , , , , , , , , , , , , , , , , , , , , , , , , , , , , , , , , , , , , , , , , , , , , , , , , , , , , , , , , , , , , , , , , , , , , , , , , , , , , , , , , , , , , 
0.05, , , , , , 3.168, , , , , 77.07, 77.07, 77.07, , , , , , , , , , , , , , 48.565, 48.565, 0.024, 0.133, , , , , 4.708, , , , , 1, 0.01, , , , , , , , , , , , , , , , , , , , , , , , , , , , , , , , , , , , , , , , , , , , , , , , , , , , , , , , , , , , , , , , 
0.1, , , , , , 3.182, , 7.219, 7.219, 2.518, 77.419, 77.419, 77.419, 51.671, 55.674, , , , , 0, 0, 10.017, 10.157, 10.017, 10.157, 1, 48.733, 48.733, 0.024, 0.133, 20.695, 20.985, 20.695, 20.985, 4.7, , , , , 1, 0.07, 0, 0, 14.5, 2.518, 194, 0, 0, 0, 58, 5.42, 5.333, 125.6, 38.651, 100, 0, 0, 40.04, 40.04, 8, 0.9, 95.08, 0, 0, 104.04, 49.14, 0, 0, 0, 0, 0, 14, 0, 14.5, 0, 2.518, 194, 0, 0, 0, 58, 1, 0.005, 0.005, 125.6, 38.651, 100, 0, 0, 141, 40.04, 40.04, 8, 0.9, 0, 95.08, 0, 0, 104.04, 49.14, 0, 0, 0, 0, 
0.15, 17.701, , , 74.16, , 3.176, , 13.72, 13.72, 2.527, 77.274, 77.274, 77.274, 51.694, 56.567, , , 7.38, 13.922, 0, 0, 9.997, 10.137, 9.997, 10.137, 1, 49.046, 49.046, 0.024, 0.133, 20.626, 20.916, 20.626, 20.916, 4.693, 7.38, 13.922, , , 1, 0.16, 0, 0, 14.5, 2.527, 194, 0, 0, 0, 58, 5.42, 5.315, 125.6, 38.503, 100, 0, 0, 40.14, 40.14, 8, 0.9, 95.28, 0, 0, 104.14, 49.264, 0, 0, 0, 0, 0, 14, 0, 14.5, 0, 2.527, 194, 0, 0, 0, 58, 1, 0.005, 0.005, 125.6, 38.503, 100, 0, 0, 141, 40.14, 40.14, 8, 0.9, 0, 95.28, 0, 0, 104.14, 49.264, 0, 0, 0, 0, 
0.2, 17.701, , , 74.16, , 3.163, , 19.111, 19.111, 2.536, 76.973, 76.973, 76.973, 51.707, 57.459, 35.076, 36.14, 7.38, 13.925, 0, 0, 9.973, 10.113, 9.973, 10.113, 1, 49.3, 49.3, 0.024, 0.133, 20.525, 20.815, 20.525, 20.815, 4.685, 7.38, 13.925, , , 1, 0.219, 0, 0, 14.5, 2.536, 194, 0, 0, 0, 58, 5.42, 5.297, 125.6, 38.355, 100, 0, 0, 40.24, 40.24, 8, 0.9, 95.48, 0, 0, 104.24, 49.388, 0, 0, 0, 0, 0, 14, 0, 14.5, 0, 2.536, 194, 0, 0, 0, 58, 1, 0.005, 0.005, 125.6, 38.355, 100, 0, 0, 141, 40.24, 40.24, 8, 0.9, 0, 95.48, 0, 0, 104.24, 49.388, 0, 0, 0, 0, 
0.25, 17.702, , , 74.16, , 3.135, , 24.499, 24.499, 2.545, 76.317, 76.317, 76.317, 51.68, 58.352, 35.148, 36.14, 7.379, 13.922, 0, 0, 9.932, 10.072, 9.932, 10.072, 1, 49.501, 49.501, 0.024, 0.133, 20.394, 20.684, 20.394, 20.684, 4.684, 7.379, 13.922, , , 1, 0.311, 0, 0, 14.5, 2.545, 194, 0, 0, 0, 58, 5.42, 5.279, 125.6, 38.207, 100, 0, 0, 40.34, 40.34, 8, 0.9, 95.68, 0, 0, 104.34, 49.512, 0, 0, 0, 0, 0, 14, 0, 14.5, 0, 2.545, 194, 0, 0, 0, 58, 1, 0.005, 0.005, 125.6, 38.207, 100, 0, 0, 141, 40.34, 40.34, 8, 0.9, 0, 95.68, 0, 0, 104.34, 49.512, 0, 0, 0, 0, 
0.3, 17.703, , , 74.16, , 3.112, , 28.486, 28.486, 2.554, 75.762, 75.762, 75.762, 51.602, 59.245, 35.22, 36.14, 7.378, 13.918, 0, 0, 9.892, 10.032, 9.892, 10.032, 1, 49.659, 49.659, 0.024, 0.133, 20.275, 20.564, 20.275, 20.564, 4.73, 7.378, 13.918, , , 1, 0.361, 0, 0, 14.5, 2.554, 194, 0, 0, 0, 58, 5.42, 5.261, 125.6, 38.059, 100, 0, 0, 40.44, 40.44, 8, 0.9, 95.88, 0, 0, 104.44, 49.636, 0, 0, 0, 0, 0, 14, 0, 14.5, 0, 2.554, 194, 0, 0, 0, 58, 1, 0.005, 0.005, 125.6, 38.059, 100, 0, 0, 141, 40.44, 40.44, 8, 0.9, 0, 95.88, 0, 0, 104.44, 49.636, 0, 0, 0, 0, 
0.35, 17.704, , , 74.16, , 3.109, , 32.105, 32.105, 2.562, 75.698, 75.698, 75.698, 51.525, 60.138, 35.292, 36.14, 7.378, 13.901, 0, 0, 9.915, 10.056, 9.915, 10.056, 1, 49.811, 49.811, 0.024, 0.133, 20.289, 20.578, 20.289, 20.578, 4.777, 7.378, 13.901, , , 1, 0.41, 0, 0, 14.498, 2.562, 194, 0, 0, 0, 57.985, 5.417, 5.247, 125.6, 37.948, 100, 0, 0, 40.508, 40.5, 7.985, 0.9, 96.061, 0, 0, 104.523, 49.757, 0, 0, 0, 0, 0, 14, 0, 14.498, 0, 2.562, 194, 0, 0, 0, 57.985, 1, 0.005, 0.005, 125.6, 37.948, 100, 0, 0, 141, 40.508, 40.5, 7.985, 0.9, 0, 96.061, 0, 0, 104.523, 49.757, 0, 0, 0, 0, 
0.4, 17.704, , , 74.16, , 3.111, , 35.753, 35.753, 2.569, 75.758, 75.758, 75.758, 51.432, 61.031, 35.364, 36.14, 7.377, 13.881, 0, 0, 9.953, 10.095, 9.953, 10.095, 1, 49.966, 49.966, 0.024, 0.132, 20.341, 20.63, 20.341, 20.63, 4.824, 7.377, 13.881, , , 1, 0.461, 0, 0, 14.495, 2.569, 194, 0, 0, 0, 57.947, 5.408, 5.239, 125.6, 37.892, 100, 0, 0, 40.527, 40.5, 7.947, 0.899, 96.212, 0, 0, 104.58, 49.875, 0, 0, 0, 0, 0, 14, 0, 14.495, 0, 2.569, 194, 0, 0, 0, 57.947, 1, 0.005, 0.005, 125.6, 37.892, 100, 0, 0, 141, 40.527, 40.5, 7.947, 0.899, 0, 96.212, 0, 0, 104.58, 49.875, 0, 0, 0, 0, 
0.45, 17.705, , , 74.16, , 3.05, , 39.401, 39.401, 2.576, 74.299, 74.299, 74.299, 51.34, 61.924, 35.412, 36.124, 7.377, 13.85, 0, 0, 9.79, 9.931, 9.79, 9.931, 1, 50.119, 50.119, 0.024, 0.132, 19.986, 20.269, 19.986, 20.269, 4.87, 7.377, 13.85, , , 1, 0.511, 0, 0, 14.491, 2.576, 194, 0, 0, 0, 57.909, 5.4, 5.232, 125.6, 37.836, 100, 0, 0, 40.546, 40.5, 7.909, 0.898, 96.364, 0, 0, 104.637, 49.993, 0, 0, 0, 0, 0, 14, 0, 14.491, 0, 2.576, 194, 0, 0, 0, 57.909, 1, 0.005, 0.005, 125.6, 37.836, 100, 0, 0, 141, 40.546, 40.5, 7.909, 0.898, 0, 96.364, 0, 0, 104.637, 49.993, 0, 0, 0, 0, 
0.5, 17.706, , , 74.16, , 3.025, , 43.05, 43.05, 2.583, 73.714, 73.714, 73.714, 51.25, 62.817, 35.376, 36.052, 7.378, 13.817, 0, 0, 9.743, 9.882, 9.743, 9.882, 1, 50.269, 50.269, 0.024, 0.131, 19.864, 20.143, 19.864, 20.143, 4.884, 7.378, 13.817, , , 1, 0.56, 0, 0, 14.487, 2.583, 194, 0, 0, 0, 57.871, 5.392, 5.224, 125.6, 37.78, 100, 0, 0, 40.564, 40.5, 7.871, 0.897, 96.516, 0, 0, 104.693, 50.111, 0, 0, 0, 0, 0, 14, 0, 14.487, 0, 2.583, 194, 0, 0, 0, 57.871, 1, 0.005, 0.005, 125.6, 37.78, 100, 0, 0, 141, 40.564, 40.5, 7.871, 0.897, 0, 96.516, 0, 0, 104.693, 50.111, 0, 0, 0, 0, 
0.55, 17.707, , , 74.16, , 3.002, , 46.735, 46.735, 2.59, 73.183, 73.183, 73.183, 51.162, 63.71, 35.34, 35.98, 7.379, 13.78, 0, 0, 9.702, 9.84, 9.702, 9.84, 1, 50.418, 50.418, 0.024, 0.131, 19.755, 20.033, 19.755, 20.033, 4.892, 7.379, 13.78, , , 1, 0.61, 0, 0, 14.483, 2.59, 194, 0, 0, 0, 57.833, 5.383, 5.217, 125.6, 37.725, 100, 0, 0, 40.583, 40.5, 7.833, 0.897, 96.668, 0, 0, 104.75, 50.229, 0, 0, 0, 0, 0, 14, 0, 14.483, 0, 2.59, 194, 0, 0, 0, 57.833, 1, 0.005, 0.005, 125.6, 37.724, 100, 0, 0, 141, 40.583, 40.5, 7.833, 0.897, 0, 96.668, 0, 0, 104.75, 50.229, 0, 0, 0, 0, 
0.6, 17.707, , , 74.16, , 2.968, , 50.419, 50.419, 2.597, 72.384, 72.384, 72.384, 51.075, 64.603, 35.304, 35.908, 7.381, 13.743, 0, 0, 9.625, 9.761, 9.625, 9.761, 1, 50.568, 50.568, 0.024, 0.13, 19.572, 19.848, 19.572, 19.848, 4.901, 7.381, 13.743, , , 1, 0.661, 0, 0, 14.48, 2.597, 194, 0, 0, 0, 57.795, 5.375, 5.209, 125.6, 37.669, 100, 0, 0, 40.602, 40.5, 7.795, 0.896, 96.819, 0, 0, 104.807, 50.347, 0, 0, 0, 0, 0, 14, 0, 14.48, 0, 2.597, 194, 0, 0, 0, 57.795, 1, 0.005, 0.005, 125.6, 37.668, 100, 0, 0, 141, 40.602, 40.5, 7.795, 0.896, 0, 96.819, 0, 0, 104.807, 50.347, 0, 0, 0, 0, 
0.65, 17.708, , , 74.16, , 2.92, , 54.074, 54.074, 2.604, 71.237, 71.237, 71.237, 50.991, 65.496, 35.268, 35.836, 7.382, 13.706, 0, 0, 9.501, 9.633, 9.501, 9.633, 1, 50.716, 50.716, 0.024, 0.13, 19.294, 19.567, 19.294, 19.567, 4.909, 7.382, 13.706, , , 1, 0.711, 0, 0, 14.476, 2.604, 194, 0, 0, 0, 57.757, 5.367, 5.201, 125.6, 37.613, 100, 0, 0, 40.621, 40.5, 7.757, 0.895, 96.971, 0, 0, 104.864, 50.465, 0, 0, 0, 0, 0, 14, 0, 14.476, 0, 2.604, 194, 0, 0, 0, 57.757, 1, 0.005, 0.005, 125.6, 37.613, 100, 0, 0, 141, 40.621, 40.5, 7.757, 0.895, 0, 96.971, 0, 0, 104.864, 50.465, 0, 0, 0, 0, 
0.7, 17.709, , , 74.16, , 2.898, , 57.782, 57.782, 2.611, 70.729, 70.729, 70.729, 50.908, 66.389, 35.24, 35.867, 7.384, 13.67, 0, 0, 9.459, 9.592, 9.459, 9.592, 1, 50.862, 50.862, 0.024, 0.13, 19.187, 19.457, 19.187, 19.457, 4.929, 7.384, 13.67, , , 1, 0.761, 0, 0, 14.472, 2.611, 194, 0, 0, 0, 57.719, 5.358, 5.194, 125.6, 37.557, 100, 0, 0, 40.64, 40.5, 7.719, 0.894, 97.123, 0, 0, 104.921, 50.583, 0, 0, 0, 0, 0, 14, 0, 14.472, 0, 2.611, 194, 0, 0, 0, 57.719, 1, 0.005, 0.005, 125.6, 37.557, 100, 0, 0, 141, 40.64, 40.5, 7.719, 0.894, 0, 97.123, 0, 0, 104.921, 50.583, 0, 0, 0, 0, 
0.75, 17.71, , , 74.16, , 2.845, , 61.488, 61.488, 2.618, 69.469, 69.469, 69.469, 50.828, 67.282, 35.24, 36.263, 7.384, 13.63, 0, 0, 9.316, 9.447, 9.316, 9.447, 1, 51.006, 51.006, 0.024, 0.13, 18.873, 19.14, 18.873, 19.14, 4.954, 7.384, 13.63, , , 1, 0.811, 0, 0, 14.468, 2.618, 194, 0, 0, 0, 57.681, 5.35, 5.186, 125.6, 37.502, 100, 0, 0, 40.659, 40.5, 7.681, 0.894, 97.275, 0, 0, 104.978, 50.701, 0, 0, 0, 0, 0, 14, 0, 14.468, 0, 2.618, 194, 0, 0, 0, 57.681, 1, 0.005, 0.005, 125.6, 37.501, 100, 0, 0, 141, 40.659, 40.5, 7.681, 0.894, 0, 97.275, 0, 0, 104.978, 50.701, 0, 0, 0, 0, 
0.8, 17.71, , , 74.16, , 2.782, , 65.229, 65.229, 2.625, 67.963, 67.963, 67.963, 50.753, 68.175, 35.24, 36.659, 7.384, 13.589, 0, 0, 9.139, 9.268, 9.139, 9.268, 1, 51.147, 51.147, 0.024, 0.13, 18.483, 18.743, 18.483, 18.743, 4.979, 7.384, 13.589, , , 1, 0.861, 0, 0, 14.464, 2.625, 194, 0, 0, 0, 57.643, 5.342, 5.179, 125.6, 37.446, 100, 0, 0, 40.678, 40.5, 7.643, 0.893, 97.426, 0, 0, 105.035, 50.819, 0, 0, 0, 0, 0, 14, 0, 14.464, 0, 2.625, 194, 0, 0, 0, 57.643, 1, 0.005, 0.005, 125.6, 37.445, 100, 0, 0, 141, 40.678, 40.5, 7.643, 0.893, 0, 97.426, 0, 0, 105.035, 50.819, 0, 0, 0, 0, 
0.85, 17.711, , , 74.16, , 2.715, , 68.975, 68.975, 2.632, 66.395, 66.395, 66.395, 50.767, 69.068, 35.24, 37.055, 7.383, 13.543, 0, 0, 8.952, 9.078, 8.952, 9.078, 1, 51.284, 51.284, 0.024, 0.13, 18.058, 18.311, 18.058, 18.311, 5.003, 7.383, 13.543, , , 1, 0.911, 0, 0, 14.461, 2.632, 194, 0, 0, 0, 57.605, 5.333, 5.171, 125.6, 37.39, 100, 0, 0, 40.697, 40.5, 7.605, 0.892, 97.578, 0, 0, 105.092, 50.937, 0, 0, 0, 0, 0, 14, 0, 14.461, 0, 2.632, 194, 0, 0, 0, 57.605, 1, 0.005, 0.005, 125.6, 37.389, 100, 0, 0, 141, 40.697, 40.5, 7.605, 0.892, 0, 97.578, 0, 0, 105.092, 50.937, 0, 0, 0, 0, 
0.9, 17.712, , , 74.16, , 2.648, , 72.686, 72.686, 2.639, 64.805, 64.805, 64.805, 50.85, 69.961, 35.24, 37.451, 7.381, 13.494, 0, 0, 8.759, 8.883, 8.759, 8.883, 1, 51.415, 51.415, 0.024, 0.13, 17.602, 17.849, 17.602, 17.849, 5.015, 7.381, 13.494, , , 1, 0.961, 0, 0, 14.457, 2.639, 194, 0, 0, 0, 57.568, 5.325, 5.164, 125.6, 37.334, 100, 0, 0, 40.716, 40.5, 7.568, 0.891, 97.73, 0, 0, 105.149, 51.055, 0, 0, 0, 0, 0, 14, 0, 14.457, 0, 2.639, 194, 0, 0, 0, 57.568, 1, 0.005, 0.005, 125.6, 37.333, 100, 0, 0, 141, 40.716, 40.5, 7.568, 0.891, 0, 97.73, 0, 0, 105.149, 51.055, 0, 0, 0, 0, 
0.95, 17.713, , , 74.16, , 2.558, , 76.452, 76.452, 2.646, 62.676, 62.676, 62.676, 51.001, 70.853, 35.248, 37.712, 7.38, 13.436, 0, 0, 8.493, 8.613, 8.493, 8.613, 1, 51.543, 51.543, 0.024, 0.131, 16.973, 17.212, 16.973, 17.212, 5.009, 7.38, 13.436, , , 1, 1.011, 0, 0, 14.453, 2.646, 194, 0, 0, 0, 57.53, 5.317, 5.156, 125.6, 37.278, 100, 0, 0, 40.735, 40.5, 7.53, 0.891, 97.882, 0, 0, 105.206, 51.173, 0, 0, 0, 0, 0, 14, 0, 14.453, 0, 2.646, 194, 0, 0, 0, 57.53, 1, 0.005, 0.005, 125.6, 37.277, 100, 0, 0, 141, 40.735, 40.5, 7.53, 0.891, 0, 97.882, 0, 0, 105.206, 51.173, 0, 0, 0, 0, 
1, 17.714, , , 74.16, , 2.482, , 80.218, 80.218, 2.654, 60.862, 60.862, 60.862, 51.22, 71.746, 35.284, 37.496, 7.378, 13.374, 0, 0, 8.265, 8.384, 8.265, 8.384, 1, 51.669, 51.669, 0.024, 0.131, 16.408, 16.639, 16.408, 16.639, 5.003, 7.378, 13.374, , , 1, 1.06, 0, 0, 14.448, 2.654, 194, 0, 0, 0, 57.476, 5.306, 5.144, 125.6, 37.2, 100, 0, 0, 40.762, 40.5, 7.476, 0.89, 98.048, 0, 0, 105.262, 51.31, 0, 0, 0, 0, 0, 14, 0, 14.448, 0, 2.654, 194, 0, 0, 0, 57.476, 1, 0.005, 0.005, 125.6, 37.168, 100, 0, 0, 141, 40.762, 40.5, 7.476, 0.89, 0, 98.048, 0, 0, 105.262, 51.31, 0, 0, 0, 0, 
1.05, 17.714, 100.33, 73.4, 74.16, , 2.364, 0.986, 83.984, 83.984, 2.665, 58.078, 58.078, 58.078, 51.492, 72.639, 35.32, 37.28, 7.378, 13.31, 0, 0, 7.905, 8.018, 7.905, 8.018, 1, 51.79, 51.79, 0.024, 0.132, 15.586, 15.807, 15.586, 15.807, 4.997, 7.378, 13.31, , , 1, 1.11, 0, 0, 14.437, 2.665, 194, 0, 0, 0, 57.367, 5.286, 5.115, 125.6, 37.039, 100, 0, 0, 40.817, 40.5, 7.367, 0.887, 98.266, 0, 0, 105.317, 51.514, 0, 0, 0, 0, 0, 14, 0, 14.437, 0, 2.665, 194, 0, 0, 0, 57.367, 1, 0.005, 0.005, 125.6, 36.887, 100, 0, 0, 141, 40.817, 40.5, 7.367, 0.887, 0, 98.266, 0, 0, 105.317, 51.514, 0, 0, 0, 0, 
1.1, 17.715, 100.33, 73.4, 74.16, , 2.243, 0.986, 87.772, 87.772, 2.675, 55.203, 55.203, 55.203, 51.698, 73.532, 35.356, 37.064, 7.377, 13.244, 0, 0, 7.532, 7.638, 7.532, 7.638, 1, 51.905, 51.905, 0.024, 0.132, 14.752, 14.961, 14.752, 14.961, 4.989, 7.377, 13.244, , , 1, 1.16, 0, 0, 14.426, 2.675, 194, 0, 0, 0, 57.258, 5.266, 5.087, 125.6, 36.879, 100, 0, 0, 40.871, 40.5, 7.258, 0.885, 98.485, 0, 0, 105.371, 51.718, 0, 0, 0, 0, 0, 14, 0, 14.426, 0, 2.675, 194, 0, 0, 0, 57.258, 1, 0.005, 0.005, 125.6, 36.607, 100, 0, 0, 141, 40.871, 40.5, 7.258, 0.885, 0, 98.485, 0, 0, 105.371, 51.718, 0, 0, 0, 0, 
1.15, 17.716, 100.33, 73.4, 74.16, , 2.171, 0.986, 91.592, 91.592, 2.686, 53.494, 53.494, 53.494, 51.847, 74.425, 35.392, 36.848, 7.377, 13.173, 0, 0, 7.315, 7.419, 7.315, 7.419, 1, 52.015, 52.015, 0.024, 0.132, 14.247, 14.449, 14.247, 14.449, 4.975, 7.377, 13.173, , , 1, 1.21, 0, 0, 14.415, 2.686, 194, 0, 0, 0, 57.148, 5.247, 5.059, 125.6, 36.718, 100, 0, 0, 40.926, 40.5, 7.148, 0.883, 98.703, 0, 0, 105.426, 51.922, 0, 0, 0, 0, 0, 14, 0, 14.415, 0, 2.686, 194, 0, 0, 0, 57.148, 1, 0.005, 0.005, 125.6, 36.326, 100, 0, 0, 141, 40.926, 40.5, 7.148, 0.883, 0, 98.703, 0, 0, 105.426, 51.922, 0, 0, 0, 0, 
1.2, 17.717, 100.33, 73.4, 74.16, , 2.127, 0.986, 95.358, 95.358, 2.697, 52.449, 52.449, 52.449, 51.94, 75.318, 35.404, 36.632, 7.378, 13.098, 0, 0, 7.188, 7.29, 7.188, 7.29, 1, 52.123, 52.123, 0.024, 0.132, 13.943, 14.141, 13.943, 14.141, 4.961, 7.378, 13.098, , , 1, 1.261, 0, 0, 14.404, 2.697, 194, 0, 0, 0, 57.039, 5.227, 5.03, 125.6, 36.558, 100, 0, 0, 40.98, 40.5, 7.039, 0.881, 98.921, 0, 0, 105.48, 52.127, 0, 0, 0, 0, 0, 14, 0, 14.404, 0, 2.697, 194, 0, 0, 0, 57.039, 1, 0.005, 0.005, 125.6, 36.046, 100, 0, 0, 141, 40.98, 40.5, 7.039, 0.881, 0, 98.921, 0, 0, 105.48, 52.127, 0, 0, 0, 0, 
1.25, 17.717, 100.33, 73.4, 74.16, , 2.054, 0.986, 99.179, 99.179, 2.706, 50.722, 50.722, 50.722, 51.982, 76.211, 35.332, 36.416, 7.378, 13.023, 0, 0, 6.967, 7.065, 6.967, 7.065, 1, 52.228, 52.228, 0.024, 0.132, 13.477, 13.669, 13.477, 13.669, 4.948, 7.378, 13.023, , , 1, 1.311, 0, 0, 14.393, 2.706, 194.266, 0, 0, 0, 56.934, 5.197, 4.997, 125.6, 36.303, 100, 0, 0, 40.867, 40.467, 6.934, 0.876, 98.9, 0, 0, 105.4, 52.323, 0, 0, 0, 0, 0, 14, 0, 14.393, 0, 2.706, 194.266, 0, 0, 0, 56.934, 1, 0.005, 0.005, 125.6, 35.822, 100, 0, 0, 141, 40.867, 40.467, 6.934, 0.876, 0, 98.9, 0, 0, 105.4, 52.323, 0, 0, 0, 0, 
1.3, 17.718, 100.33, 73.4, 74.16, , 2.055, 0.986, 103.007, 103.007, 2.715, 50.747, 50.747, 50.747, 51.988, 77.104, 35.26, 36.2, 7.379, 12.947, 0, 0, 6.983, 7.082, 6.983, 7.082, 1, 52.331, 52.331, 0.024, 0.131, 13.481, 13.673, 13.481, 13.673, 4.934, 7.379, 12.947, , , 1, 1.36, 0, 0, 14.383, 2.715, 194.68, 0, 0, 0, 56.83, 5.16, 4.96, 125.6, 35.996, 100, 0, 0, 40.66, 40.415, 6.83, 0.87, 98.745, 0, 0, 105.245, 52.516, 0, 0, 0, 0, 0, 14, 0, 14.383, 0, 2.715, 194.68, 0, 0, 0, 56.83, 1, 0.005, 0.005, 125.6, 35.629, 100, 0, 0, 141, 40.66, 40.415, 6.83, 0.87, 0, 98.745, 0, 0, 105.245, 52.516, 0, 0, 0, 0, 
1.35, 17.719, 100.33, 73.4, 74.16, , 2.053, 0.986, 106.835, 106.835, 2.723, 50.717, 50.717, 50.717, 51.992, 77.997, 35.188, 35.984, 7.379, 12.869, 0, 0, 6.992, 7.09, 6.992, 7.09, 1, 52.433, 52.433, 0.024, 0.131, 13.472, 13.662, 13.472, 13.662, 4.947, 7.379, 12.869, , , 1, 1.411, 0, 0, 14.373, 2.723, 195.095, 0, 0, 0, 56.726, 5.124, 4.924, 125.6, 35.689, 100, 0, 0, 40.452, 40.363, 6.726, 0.864, 98.589, 0, 0, 105.089, 52.709, 0, 0, 0, 0, 0, 14, 0, 14.373, 0, 2.723, 195.095, 0, 0, 0, 56.726, 1, 0.005, 0.005, 125.6, 35.436, 100, 0, 0, 141, 40.452, 40.363, 6.726, 0.864, 0, 98.589, 0, 0, 105.089, 52.709, 0, 0, 0, 0, 
1.4, 17.72, 100.33, 73.4, 74.16, , 2.006, 0.986, 110.663, 110.663, 2.731, 49.589, 49.589, 49.589, 51.998, 78.89, 35.116, 35.768, 7.38, 12.79, 0, 0, 6.851, 6.945, 6.851, 6.945, 1, 52.534, 52.534, 0.024, 0.131, 13.171, 13.357, 13.171, 13.357, 4.961, 7.38, 12.79, , , 1, 1.461, 0, 0, 14.362, 2.731, 195.51, 0, 0, 0, 56.622, 5.088, 4.888, 125.6, 35.382, 100, 0, 0, 40.245, 40.311, 6.622, 0.857, 98.434, 0, 0, 104.934, 52.902, 0, 0, 0, 0, 0, 14, 0, 14.362, 0, 2.731, 195.51, 0, 0, 0, 56.622, 1, 0.005, 0.005, 125.6, 35.244, 100, 0, 0, 141, 40.245, 40.311, 6.622, 0.857, 0, 98.434, 0, 0, 104.934, 52.902, 0, 0, 0, 0, 
1.45, 17.721, 100.33, 73.4, 74.16, , 1.956, 0.986, 114.492, 114.492, 2.74, 48.401, 48.401, 48.401, 52.004, 79.783, 35.06, 35.584, 7.38, 12.718, 0, 0, 6.699, 6.791, 6.699, 6.791, 1, 52.632, 52.632, 0.024, 0.131, 12.855, 13.034, 12.855, 13.034, 4.975, 7.38, 12.718, , , 1, 1.511, 0, 0, 14.352, 2.74, 195.925, 0, 0, 0, 56.519, 5.052, 4.852, 125.6, 35.075, 100, 0, 0, 40.037, 40.259, 6.519, 0.851, 98.278, 0, 0, 104.778, 53.095, 0, 0, 0, 0, 0, 14, 0, 14.352, 0, 2.74, 195.925, 0, 0, 0, 56.519, 1, 0.005, 0.005, 125.6, 35.051, 100, 0, 0, 141, 40.037, 40.259, 6.519, 0.851, 0, 98.278, 0, 0, 104.778, 53.095, 0, 0, 0, 0, 
1.5, 17.722, 100.33, 73.4, 74.16, , 1.932, 0.986, 118.384, 118.384, 2.743, 47.847, 47.847, 47.847, 52.01, 80.676, 35.06, 35.512, 7.379, 12.652, 0, 0, 6.634, 6.727, 6.634, 6.727, 1, 52.727, 52.727, 0.024, 0.131, 12.705, 12.882, 12.705, 12.882, 4.989, 7.379, 12.652, , , 1, 1.562, 0, 0, 14.341, 2.743, 196, 0, 0, 0, 56.414, 5.037, 4.839, 125.6, 34.956, 100, 0, 0, 39.914, 40.207, 6.414, 0.848, 98.207, 0, 0, 104.707, 53.183, 0, 0, 0, 0, 0, 14, 0, 14.341, 0, 2.743, 196, 0, 0, 0, 56.414, 1, 0.005, 0.005, 125.6, 34.955, 100, 0, 0, 141, 39.914, 40.207, 6.414, 0.848, 0, 98.207, 0, 0, 104.707, 53.183, 0, 0, 0, 0, 
1.55, 17.723, 100.33, 73.4, 74.16, , 1.883, 0.986, 122.223, 122.223, 2.746, 46.68, 46.68, 46.68, 52.016, 81.569, 35.06, 35.44, 7.379, 12.594, 0, 0, 6.485, 6.576, 6.485, 6.576, 1, 52.821, 52.821, 0.024, 0.131, 12.394, 12.568, 12.394, 12.568, 5.006, 7.379, 12.594, , , 1, 1.611, 0, 0, 14.331, 2.746, 196, 0, 0, 0, 56.31, 5.028, 4.832, 125.6, 34.879, 100, 0, 0, 39.81, 40.155, 6.31, 0.846, 98.155, 0, 0, 104.655, 53.248, 0, 0, 0, 0, 0, 14, 0, 14.331, 0, 2.746, 196, 0, 0, 0, 56.31, 1, 0.005, 0.005, 125.6, 34.878, 100, 0, 0, 141, 39.81, 40.155, 6.31, 0.846, 0, 98.155, 0, 0, 104.655, 53.248, 0, 0, 0, 0, 
1.6, 17.724, 100.33, 73.4, 74.16, , 1.852, 0.986, 126.089, 126.089, 2.749, 45.939, 45.939, 45.939, 52.022, 82.462, 35.06, 35.368, 7.378, 12.543, 0, 0, 6.394, 6.484, 6.394, 6.484, 1, 52.915, 52.915, 0.024, 0.13, 12.196, 12.368, 12.196, 12.368, 5.022, 7.378, 12.543, , , 1, 1.661, 0, 0, 14.321, 2.749, 196, 0, 0, 0, 56.205, 5.018, 4.824, 125.6, 34.801, 100, 0, 0, 39.705, 40.103, 6.205, 0.844, 98.103, 0, 0, 104.603, 53.313, 0, 0, 0, 0, 0, 14, 0, 14.321, 0, 2.749, 196, 0, 0, 0, 56.205, 1, 0.005, 0.005, 125.6, 34.8, 100, 0, 0, 141, 39.705, 40.103, 6.205, 0.844, 0, 98.103, 0, 0, 104.603, 53.313, 0, 0, 0, 0, 
1.65, 17.725, 100.33, 73.4, 74.16, , 1.824, 0.986, 130.721, 130.721, 2.751, 45.297, 45.297, 45.297, 52.029, 83.355, 35.06, 35.296, 7.378, 12.502, 0, 0, 6.318, 6.407, 6.318, 6.407, 1, 53.049, 53.049, 0.024, 0.13, 12.025, 12.194, 12.025, 12.194, 5.038, 7.378, 12.502, , , 1, 1.711, 0, 0, 14.31, 2.751, 196, 0, 0, 0, 56.1, 5.009, 4.817, 125.6, 34.723, 100, 0, 0, 39.6, 40.05, 6.1, 0.842, 98.05, 0, 0, 104.55, 53.378, 0, 0, 0, 0, 0, 14, 0, 14.31, 0, 2.751, 196, 0, 0, 0, 56.1, 1, 0.005, 0.005, 125.6, 34.723, 100, 0, 0, 141, 39.6, 40.05, 6.1, 0.842, 0, 98.05, 0, 0, 104.55, 53.378, 0, 0, 0, 0, 
1.7, 17.726, 100.33, 73.4, 74.16, , 1.786, 0.986, 136.129, 136.129, 2.754, 44.392, 44.392, 44.392, 52.034, 84.247, 35.108, 35.28, 7.378, 12.467, 0, 0, 6.206, 6.294, 6.206, 6.294, 1, 53.148, 53.148, 0.024, 0.13, 11.783, 11.949, 11.783, 11.949, 5.055, 7.378, 12.467, , , 1, 1.761, 0, 0, 14.3, 2.754, 196, 0, 0, 0, 56, 4.999, 4.809, 125.6, 34.646, 100, 0, 0, 39.496, 39.992, 6, 0.84, 97.996, 0, 0, 104.496, 53.445, 0, 0, 0, 0, 0, 14, 0, 14.3, 0, 2.754, 196, 0, 0, 0, 56, 1, 0.005, 0.005, 125.6, 34.646, 100, 0, 0, 141, 39.496, 39.992, 6, 0.84, 0, 97.996, 0, 0, 104.496, 53.445, 0, 0, 0, 0, 
1.75, 17.727, 100.33, 73.4, 74.16, , 1.776, 0.986, 140.021, 140.021, 2.759, 44.161, 44.161, 44.161, 52.039, 85.14, 35.324, 35.46, 7.378, 12.436, 0, 0, 6.182, 6.27, 6.182, 6.27, 1, 53.237, 53.237, 0.024, 0.13, 11.719, 11.885, 11.719, 11.885, 5.062, 7.378, 12.436, , , 1, 1.811, 0, 0, 14.3, 2.759, 196, 0, 0, 0, 56, 4.981, 4.781, 125.6, 34.572, 100, 0, 0, 39.396, 39.792, 6, 0.84, 97.896, 0, 0, 104.396, 53.569, 0, 0, 0, 0, 0, 14, 0, 14.3, 0, 2.759, 196, 0, 0, 0, 56, 1, 0.005, 0.005, 125.6, 34.572, 100, 0, 0, 141, 39.396, 39.792, 6, 0.84, 0, 97.896, 0, 0, 104.396, 53.569, 0, 0, 0, 0, 
1.8, 17.729, 100.33, 73.4, 74.16, , 1.726, 0.986, 143.913, 143.913, 2.764, 42.977, 42.977, 42.977, 52.046, 86.033, 35.54, 35.64, 7.379, 12.408, 0, 0, 6.025, 6.112, 6.025, 6.112, 1, 53.324, 53.324, 0.024, 0.13, 11.403, 11.564, 11.403, 11.564, 5.069, 7.379, 12.408, , , 1, 1.86, 0, 0, 14.3, 2.764, 196, 0, 0, 0, 56, 4.963, 4.753, 125.6, 34.498, 100, 0, 0, 39.296, 39.592, 6, 0.84, 97.796, 0, 0, 104.296, 53.693, 0, 0, 0, 0, 0, 14, 0, 14.3, 0, 2.764, 196, 0, 0, 0, 56, 1, 0.005, 0.005, 125.6, 34.498, 100, 0, 0, 141, 39.296, 39.592, 6, 0.84, 0, 97.796, 0, 0, 104.296, 53.693, 0, 0, 0, 0, 
1.85, 17.73, 100.33, 73.4, 74.16, , 1.693, 0.986, 147.805, 147.805, 2.769, 42.183, 42.183, 42.183, 52.056, 86.926, 35.756, 35.82, 7.379, 12.386, 0, 0, 5.922, 6.008, 5.922, 6.008, 1, 53.409, 53.409, 0.024, 0.13, 11.189, 11.348, 11.189, 11.348, 5.076, 7.379, 12.386, , , 1, 1.911, 0, 0, 14.3, 2.769, 196, 0, 0, 0, 56, 4.945, 4.725, 125.6, 34.424, 100, 0, 0, 39.196, 39.392, 6, 0.84, 97.696, 0, 0, 104.196, 53.817, 0, 0, 0, 0, 0, 14, 0, 14.3, 0, 2.769, 196, 0, 0, 0, 56, 1, 0.005, 0.005, 125.6, 34.424, 100, 0, 0, 141, 39.196, 39.392, 6, 0.84, 0, 97.696, 0, 0, 104.196, 53.817, 0, 0, 0, 0, 
1.9, 17.731, 100.33, 73.4, 74.16, , 1.676, 0.986, 151.696, 151.696, 2.773, 41.78, 41.78, 41.78, 52.07, 87.819, 35.972, 36, 7.38, 12.367, 0, 0, 5.874, 5.96, 5.874, 5.96, 1, 53.492, 53.492, 0.024, 0.13, 11.079, 11.236, 11.079, 11.236, 5.084, 7.38, 12.367, , , 1, 1.961, 0, 0, 14.3, 2.773, 196, 0, 0, 0, 56, 4.927, 4.697, 125.6, 34.35, 100, 0, 0, 39.096, 39.192, 6, 0.84, 97.596, 0, 0, 104.096, 53.941, 0, 0, 0, 0, 0, 14, 0, 14.3, 0, 2.773, 196, 0, 0, 0, 56, 1, 0.005, 0.005, 125.6, 34.35, 100, 0, 0, 141, 39.096, 39.192, 6, 0.84, 0, 97.596, 0, 0, 104.096, 53.941, 0, 0, 0, 0, 
1.95, 17.732, 100.33, 73.4, 74.16, , 1.669, 0.986, 155.612, 155.612, 2.778, 41.628, 41.628, 41.628, 52.085, 88.712, 36.101, 36.108, 7.38, 12.354, 0, 0, 5.861, 5.948, 5.861, 5.948, 1, 53.577, 53.577, 0.024, 0.131, 11.036, 11.192, 11.036, 11.192, 5.073, 7.38, 12.354, , , 1, 2.011, 0, 0, 14.3, 2.778, 196, 0, 0, 0, 56, 4.909, 4.67, 125.6, 34.271, 100, 0, 0, 39, 39, 6, 0.84, 97.496, 0, 0, 103.996, 54.06, 0, 0, 0, 0, 0, 14, 0, 14.3, 0, 2.778, 196, 0, 0, 0, 56, 1, 0.005, 0.005, 125.6, 34.271, 100, 0, 0, 141, 39, 39, 6, 0.84, 0, 97.496, 0, 0, 103.996, 54.06, 0, 0, 0, 0, 
2, 17.733, 100.33, 73.4, 74.16, , 1.662, 0.986, 159.556, 159.556, 2.783, 41.451, 41.451, 41.451, 52.097, 85.891, 35.921, 35.965, 7.379, 12.345, 0, 0, 5.845, 5.933, 5.845, 5.933, 1, 53.659, 53.659, 0.024, 0.131, 10.988, 11.143, 10.988, 11.143, 5.063, 7.379, 12.345, , , 1, 2.061, 0, 0, 14.3, 2.783, 196, 0, 0, 0, 56, 4.895, 4.666, 125.6, 34.125, 100, 0, 0, 39, 39, 6, 0.836, 97.396, 0, 0, 103.896, 54.06, 0, 0, 0, 0, 0, 14, 0, 14.3, 0, 2.783, 196, 0, 0, 0, 56, 1, 0.005, 0.005, 125.6, 34.125, 100, 0, 0, 141, 39, 39, 6, 0.836, 0, 97.396, 0, 0, 103.896, 54.06, 0, 0, 0, 0, 
2.05, 17.734, 100.33, 73.4, 74.16, , 1.636, 0.986, 163.448, 163.448, 2.789, 40.846, 40.846, 40.846, 52.107, 82.995, 35.742, 35.822, 7.379, 12.34, 0, 0, 5.77, 5.856, 5.77, 5.856, 1, 53.741, 53.741, 0.024, 0.132, 10.826, 10.978, 10.826, 10.978, 5.052, 7.379, 12.34, , , 1, 2.111, 0, 0, 14.3, 2.789, 196, 0, 0, 0, 56, 4.881, 4.662, 125.6, 33.979, 100, 0, 0, 39, 39, 6, 0.832, 97.296, 0, 0, 103.796, 54.06, 0, 0, 0, 0, 0, 14, 0, 14.3, 0, 2.789, 196, 0, 0, 0, 56, 1, 0.005, 0.005, 125.6, 33.979, 100, 0, 0, 141, 39, 39, 6, 0.832, 0, 97.296, 0, 0, 103.796, 54.06, 0, 0, 0, 0, 
2.1, 17.735, 100.33, 73.4, 74.16, , 1.587, 0.986, 167.406, 167.406, 2.794, 39.668, 39.668, 39.668, 52.115, 80.098, 35.563, 35.678, 7.378, 12.338, 0, 0, 5.611, 5.695, 5.611, 5.695, 1, 53.822, 53.822, 0.024, 0.132, 10.512, 10.661, 10.512, 10.661, 5.042, 7.378, 12.338, , , 1, 2.161, 0, 0, 14.3, 2.794, 196, 0, 0, 0, 56, 4.867, 4.658, 125.6, 33.833, 100, 0, 0, 39, 39, 6, 0.828, 97.196, 0, 0, 103.696, 54.06, 0, 0, 0, 0, 0, 14, 0, 14.3, 0, 2.794, 196, 0, 0, 0, 56, 1, 0.005, 0.005, 125.6, 33.833, 100, 0, 0, 141, 39, 39, 6, 0.828, 0, 97.196, 0, 0, 103.696, 54.06, 0, 0, 0, 0, 
2.15, 17.737, 100.33, 73.4, 74.16, , 1.505, 0.986, 171.31, 171.31, 2.799, 37.741, 37.741, 37.741, 52.121, 77.202, 35.383, 35.535, 7.378, 12.335, 0, 0, 5.346, 5.425, 5.346, 5.425, 1, 53.9, 53.9, 0.024, 0.132, 10.001, 10.142, 10.001, 10.142, 5.029, 7.378, 12.335, , , 1, 2.21, 0, 0, 14.3, 2.799, 196, 0, 0, 0, 56, 4.853, 4.654, 125.6, 33.687, 100, 0, 0, 39, 39, 6, 0.824, 97.096, 0, 0, 103.596, 54.06, 0, 0, 0, 0, 0, 14, 0, 14.3, 0, 2.799, 196, 0, 0, 0, 56, 1, 0.005, 0.005, 125.6, 33.687, 100, 0, 0, 141, 39, 39, 6, 0.824, 0, 97.096, 0, 0, 103.596, 54.06, 0, 0, 0, 0, 
2.2, 17.738, 100.33, 73.4, 74.16, , 1.361, 0.986, 175.243, 175.243, 2.804, 34.316, 34.316, 34.316, 52.128, 74.305, 35.276, 35.434, 7.378, 12.331, 0, 0, 4.866, 4.939, 4.866, 4.939, 1, 53.975, 53.975, 0.024, 0.133, 9.092, 9.221, 9.092, 9.221, 5.016, 7.378, 12.331, , , 1, 2.26, 0, 0.001, 14.299, 2.804, 196, 0, 0, 0, 55.984, 4.835, 4.645, 125.6, 33.512, 100, 0, 0, 38.978, 38.978, 5.988, 0.82, 96.976, 0, 0, 103.472, 54.065, 0, 0, 0, 0, 0, 14.001, 0.001, 14.299, 0, 2.804, 196, 0, 0, 0, 55.984, 1, 0.005, 0.005, 125.6, 33.512, 100, 0, 0, 141, 38.978, 38.978, 5.988, 0.82, 0, 96.976, 0, 0, 103.472, 54.065, 0, 0, 0, 0, 
2.25, 17.739, 100.33, 73.4, 74.16, , 1.133, 0.986, 179.201, 179.201, 2.809, 28.91, 28.91, 28.91, 52.133, 71.409, 35.457, 35.507, 7.378, 12.326, 0, 0, 4.103, 4.165, 4.103, 4.165, 1, 54.037, 54.037, 0.024, 0.133, 7.659, 7.768, 7.659, 7.768, 5.002, 7.378, 12.326, , , 1, 2.311, 0, 0.033, 14.269, 2.809, 196, 0, 0, 0, 55.584, 4.722, 4.531, 125.6, 32.884, 100, 0, 0, 38.428, 38.428, 5.788, 0.814, 96.376, 0, 0, 102.772, 54.189, 0, 0, 0, 0, 0, 14.021, 0.033, 14.269, 0, 2.809, 196, 0, 0, 0, 55.584, 1, 0.005, 0.005, 125.6, 32.884, 100, 0, 0, 141, 38.428, 38.428, 5.788, 0.814, 0, 96.376, 0, 0, 102.772, 54.189, 0, 0, 0, 0, 
2.3, 17.74, 100.33, 73.4, 74.16, , 0.828, 0.986, 183.159, 183.159, 2.814, 21.69, 21.69, 21.69, 52.146, 68.512, 35.638, 35.579, 7.379, 12.32, 0, 0, 3.081, 3.128, 3.081, 3.128, 1, 54.085, 54.085, 0.024, 0.133, 5.745, 5.827, 5.745, 5.827, 4.989, 7.379, 12.32, , , 1, 2.361, 0, 0.065, 14.239, 2.814, 196, 0, 0, 0, 55.184, 4.609, 4.417, 125.6, 32.256, 100, 0, 0, 37.878, 37.878, 5.588, 0.808, 95.776, 0, 0, 102.072, 54.313, 0, 0, 0, 0, 0, 14.041, 0.065, 14.239, 0, 2.814, 196, 0, 0, 0, 55.184, 1, 0.005, 0.005, 125.6, 32.256, 100, 0, 0, 141, 37.878, 37.878, 5.588, 0.808, 0, 95.776, 0, 0, 102.072, 54.313, 0, 0, 0, 0, 
2.35, 17.741, 100.33, 73.4, 74.16, , 0.485, 0.986, 187.117, 187.117, 2.818, 13.538, 13.538, 13.538, 52.166, 65.616, 35.818, 35.651, 7.379, 12.312, 0, 0, 1.923, 1.954, 1.923, 1.954, 1, 54.117, 54.117, 0.024, 0.133, 3.585, 3.637, 3.585, 3.637, 4.993, 7.379, 12.312, , , 1, 2.41, 0, 0.097, 14.209, 2.818, 196, 0, 0, 0, 54.784, 4.496, 4.303, 125.6, 31.628, 100, 0, 0, 37.328, 37.328, 5.388, 0.802, 95.176, 0, 0, 101.372, 54.437, 0, 0, 0, 0, 0, 14.061, 0.097, 14.209, 0, 2.818, 196, 0, 0, 0, 54.784, 1, 0.005, 0.005, 125.6, 31.628, 100, 0, 0, 141, 37.328, 37.328, 5.388, 0.802, 0, 95.176, 0, 0, 101.372, 54.437, 0, 0, 0, 0, 
2.4, 17.742, 100.33, 73.4, 74.16, , 0.149, 0.986, 191.075, 191.075, 2.823, 5.565, 5.565, 5.565, 52.195, 62.719, 35.999, 35.724, 7.38, 12.302, 0, 0, 0.791, 0.803, 0.791, 0.803, 1, 54.133, 54.133, 0.024, 0.133, 1.475, 1.496, 1.475, 1.496, 5.011, 7.38, 12.302, , , 1, 2.46, 0, 0.129, 14.179, 2.823, 196, 0, 0, 0, 54.384, 4.383, 4.189, 125.6, 31, 100, 0, 0, 36.778, 36.778, 5.188, 0.796, 94.576, 0, 0, 100.672, 54.561, 0, 0, 0, 0, 0, 14.081, 0.129, 14.179, 0, 2.823, 196, 0, 0, 0, 54.384, 1, 0.005, 0.005, 125.6, 31, 100, 0, 0, 141, 36.778, 36.778, 5.188, 0.796, 0, 94.576, 0, 0, 100.672, 54.561, 0, 0, 0, 0, 
2.45, 17.743, 100.33, 73.4, 74.16, , -0.152, 0.986, 195.031, 195.031, 2.828, -1.563, -1.563, -1.563, 52.231, 59.822, 36.092, 35.717, 7.38, 12.294, 0, 0, -0.222, -0.226, -0.222, -0.226, 1, 54.132, 54.132, 0.024, 0.133, -0.411, -0.416, -0.411, -0.416, 5.029, 7.38, 12.294, , , 1, 2.511, 0, 0.159, 14.148, 2.828, 196, 0, 0, 0, 53.988, 4.271, 4.076, 125.6, 30.371, 100, 0, 0, 36.229, 36.229, 4.988, 0.789, 93.975, 0, 0, 99.971, 54.68, 0, 0, 0, 0, 0, 14.1, 0.159, 14.148, 0, 2.828, 196, 0, 0, 0, 53.988, 1, 0.004, 0.004, 125.6, 30.371, 100, 0, 0, 141, 36.229, 36.229, 4.988, 0.789, 0, 93.975, 0, 0, 99.971, 54.68, 0, 0, 0, 0, 
2.5, 17.745, 100.33, 73.4, 74.16, , -0.389, 0.986, 198.989, 198.989, 2.829, -7.181, -7.181, -7.181, 52.273, 56.926, 35.876, 35.429, 7.38, 12.288, 0, 0, -1.021, -1.037, -1.021, -1.037, 1, 54.119, 54.119, 0.024, 0.133, -1.896, -1.921, -1.896, -1.921, 5.048, 7.38, 12.288, , , 1, 2.561, 0, 0.144, 14.096, 2.829, 196, 0, 0, 0, 53.675, 4.161, 3.976, 125.6, 29.717, 100, 0, 0, 35.708, 35.708, 4.779, 0.777, 93.347, 0, 0, 99.238, 54.68, 0, 0, 0, 0, 0, 14.089, 0.144, 14.096, 0, 2.829, 196, 0, 0, 0, 53.675, 1, 0.004, 0.004, 125.6, 29.717, 100, 0, 0, 141, 35.708, 35.708, 4.779, 0.777, 0, 93.347, 0, 0, 99.238, 54.68, 0, 0, 0, 0, 
2.55, 17.746, 100.33, 73.4, 74.16, , -0.554, 0.986, 202.983, 202.983, 2.83, -11.096, -11.096, -11.096, 52.322, 54.029, 35.66, 35.141, 7.38, 12.284, 0, 0, -1.576, -1.602, -1.576, -1.602, 1, 54.095, 54.095, 0.024, 0.133, -2.929, -2.969, -2.929, -2.969, 5.077, 7.38, 12.284, , , 1, 2.61, 0, 0.128, 14.043, 2.83, 196, 0, 0, 0, 53.362, 4.052, 3.876, 125.6, 29.062, 100, 0, 0, 35.188, 35.188, 4.571, 0.765, 92.72, 0, 0, 98.506, 54.68, 0, 0, 0, 0, 0, 14.079, 0.128, 14.043, 0, 2.83, 196, 0, 0, 0, 53.362, 1, 0.004, 0.004, 125.6, 29.062, 100, 0, 0, 141, 35.188, 35.188, 4.571, 0.765, 0, 92.72, 0, 0, 98.506, 54.68, 0, 0, 0, 0, 
2.6, 17.747, 100.33, 73.4, 74.16, , -0.653, 0.986, 206.984, 206.984, 2.832, -13.451, -13.451, -13.451, 52.376, 51.133, 35.444, 34.853, 7.38, 12.284, 0, 0, -1.91, -1.941, -1.91, -1.941, 1, 54.065, 54.065, 0.024, 0.133, -3.548, -3.596, -3.548, -3.596, 5.12, 7.38, 12.284, , , 1, 2.661, 0, 0.112, 13.991, 2.832, 196, 0, 0, 0, 53.05, 3.943, 3.776, 125.6, 28.408, 100, 0, 0, 34.667, 34.667, 4.362, 0.752, 92.092, 0, 0, 97.774, 54.68, 0, 0, 0, 0, 0, 14.068, 0.112, 13.991, 0, 2.832, 196, 0, 0, 0, 53.05, 1, 0.004, 0.004, 125.6, 28.408, 100, 0, 0, 141, 34.667, 34.667, 4.362, 0.752, 0, 92.092, 0, 0, 97.774, 54.68, 0, 0, 0, 0, 
2.65, 17.748, 100.33, 73.4, 74.16, , -0.691, 0.986, 210.941, 210.941, 2.833, -14.371, -14.371, -14.371, 52.433, 48.236, 35.228, 34.565, 7.38, 12.288, 0, 0, -2.04, -2.071, -2.04, -2.071, 1, 54.03, 54.03, 0.024, 0.133, -3.786, -3.837, -3.786, -3.837, 5.163, 7.38, 12.288, , , 1, 2.711, 0, 0.097, 13.939, 2.833, 196, 0, 0, 0, 52.738, 3.833, 3.676, 125.6, 27.754, 100, 0, 0, 34.146, 34.146, 4.154, 0.74, 91.464, 0, 0, 97.042, 54.68, 0, 0, 0, 0, 0, 14.058, 0.097, 13.939, 0, 2.833, 196, 0, 0, 0, 52.738, 1, 0.004, 0.004, 125.6, 27.754, 100, 0, 0, 141, 34.146, 34.146, 4.154, 0.74, 0, 91.464, 0, 0, 97.042, 54.68, 0, 0, 0, 0, 
2.7, 17.749, 100.33, 73.4, 74.16, , -0.647, 0.986, 214.898, 214.898, 2.834, -13.322, -13.322, -13.322, 52.482, 53.682, 35.068, 34.395, 7.38, 12.297, 0, 0, -1.891, -1.919, -1.891, -1.919, 1, 53.997, 53.997, 0.024, 0.134, -3.506, -3.554, -3.506, -3.554, 5.206, 7.38, 12.297, , , 1, 2.761, 0, 0.08, 13.895, 2.834, 196, 0, 0, 0, 52.475, 3.748, 3.601, 125.6, 27.26, 100, 0, 0, 33.738, 33.738, 4, 0.73, 90.973, 0, 0, 96.486, 54.664, 0, 0, 0, 0, 0, 14.047, 0.08, 13.895, 0, 2.834, 196, 0, 0, 0, 52.475, 1, 0.004, 0.004, 125.6, 27.26, 100, 0, 0, 141, 33.738, 33.738, 4, 0.73, 0, 90.973, 0, 0, 96.486, 54.664, 0, 0, 0, 0, 
2.75, 17.75, 100.33, 73.4, 74.16, , -0.597, 0.986, 218.856, 218.856, 2.833, -12.122, -12.122, -12.122, 52.519, 67.883, 35.104, 34.647, 7.38, 12.308, 0, 0, -1.719, -1.744, -1.719, -1.744, 1, 53.965, 53.965, 0.024, 0.134, -3.189, -3.233, -3.189, -3.233, 5.233, 7.38, 12.308, , , 1, 2.811, 0, 0.063, 13.874, 2.833, 196, 0, 0, 0, 52.371, 3.741, 3.606, 125.6, 27.221, 100, 0, 0, 33.685, 33.685, 4, 0.727, 90.869, 0, 0, 96.434, 54.6, 0, 0, 0, 0, 0, 14.037, 0.063, 13.874, 0, 2.833, 196, 0, 0, 0, 52.371, 1, 0.004, 0.004, 125.6, 27.221, 100, 0, 0, 141, 33.685, 33.685, 4, 0.727, 0, 90.869, 0, 0, 96.434, 54.6, 0, 0, 0, 0, 
2.8, 17.751, 100.33, 73.4, 74.16, , -0.586, 0.986, 222.813, 222.813, 2.832, -11.87, -11.87, -11.87, 52.543, 71.325, 35.14, 34.899, 7.379, 12.321, 0, 0, -1.682, -1.706, -1.682, -1.706, 1, 53.935, 53.935, 0.024, 0.134, -3.121, -3.165, -3.121, -3.165, 5.239, 7.379, 12.321, , , 1, 2.861, 0, 0.045, 13.853, 2.832, 196, 0, 0, 0, 52.267, 3.734, 3.612, 125.6, 27.183, 100, 0, 0, 33.633, 33.633, 4, 0.725, 90.765, 0, 0, 96.382, 54.535, 0, 0, 0, 0, 0, 14.026, 0.045, 13.853, 0, 2.832, 196, 0, 0, 0, 52.267, 1, 0.004, 0.004, 125.6, 27.183, 100, 0, 0, 141, 33.633, 33.633, 4, 0.725, 0, 90.765, 0, 0, 96.382, 54.535, 0, 0, 0, 0, 
2.85, 17.753, 100.33, 73.4, 74.16, , -0.599, 0.986, 226.771, 226.771, 2.832, -12.17, -12.17, -12.17, 52.554, 71.78, 35.176, 35.151, 7.379, 12.327, 0, 0, -1.724, -1.748, -1.724, -1.748, 1, 53.906, 53.906, 0.024, 0.134, -3.199, -3.245, -3.199, -3.245, 5.245, 7.379, 12.327, , , 1, 2.911, 0, 0.027, 13.832, 2.832, 196, 0, 0, 0, 52.162, 3.726, 3.617, 125.6, 27.144, 100, 0, 0, 33.581, 33.581, 4, 0.723, 90.66, 0, 0, 96.33, 54.471, 0, 0, 0, 0, 0, 14.016, 0.027, 13.832, 0, 2.832, 196, 0, 0, 0, 52.162, 1, 0.004, 0.004, 125.6, 27.144, 100, 0, 0, 141, 33.581, 33.581, 4, 0.723, 0, 90.66, 0, 0, 96.33, 54.471, 0, 0, 0, 0, 
2.9, 17.754, 100.33, 73.4, 74.16, , -0.6, 0.986, 230.729, 230.729, 2.831, -12.197, -12.197, -12.197, 52.552, 72.235, 35.212, 35.403, 7.378, 12.318, 0, 0, -1.727, -1.751, -1.727, -1.751, 1, 53.876, 53.876, 0.024, 0.134, -3.206, -3.253, -3.206, -3.253, 5.25, 7.378, 12.318, , , 1, 2.961, 0, 0.01, 13.811, 2.831, 196, 0, 0, 0, 52.058, 3.719, 3.622, 125.6, 27.106, 100, 0, 0, 33.529, 33.529, 4, 0.721, 90.556, 0, 0, 96.278, 54.406, 0, 0, 0, 0, 0, 14.006, 0.01, 13.811, 0, 2.831, 196, 0, 0, 0, 52.058, 1, 0.004, 0.004, 125.6, 27.106, 100, 0, 0, 141, 33.529, 33.529, 4, 0.721, 0, 90.556, 0, 0, 96.278, 54.406, 0, 0, 0, 0, 
2.95, 17.755, 100.33, 73.4, 74.16, , -0.566, 0.986, 234.686, 234.686, 2.83, -11.397, -11.397, -11.397, 52.539, 72.69, 35.163, 35.577, 7.378, 12.3, 0, 0, -1.612, -1.635, -1.612, -1.635, 1, 53.847, 53.847, 0.024, 0.134, -2.996, -3.04, -2.996, -3.04, 5.249, 7.378, 12.3, , , 1, 3.011, 0, 0, 13.8, 2.83, 196, 0, 0, 0, 52, 3.715, 3.624, 125.6, 27.066, 100, 0, 0, 33.5, 33.5, 4, 0.72, 90.5, 0, 0, 96.275, 54.34, 0, 0, 0, 0, 0, 14, 0, 13.8, 0, 2.83, 196, 0, 0, 0, 52, 1, 0.004, 0.004, 125.6, 27.066, 100, 0, 0, 141, 33.5, 33.5, 4, 0.72, 0, 90.5, 0, 0, 96.275, 54.34, 0, 0, 0, 0, 
3, 17.756, 100.33, 73.4, 74.16, , -0.515, 0.986, 238.644, 238.644, 2.827, -10.19, -10.19, -10.19, 52.521, 73.145, 34.814, 35.472, 7.377, 12.257, 0, 0, -1.44, -1.46, -1.44, -1.46, 1, 53.82, 53.82, 0.024, 0.134, -2.679, -2.718, -2.679, -2.718, 5.235, 7.377, 12.257, , , 1, 3.061, 0, 0, 13.8, 2.827, 196, 0, 0, 0, 52, 3.717, 3.622, 125.6, 27.026, 100, 0, 0, 33.5, 33.5, 4, 0.72, 90.5, 0, 0, 96.329, 54.273, 0, 0, 0, 0, 0, 14, 0, 13.8, 0, 2.827, 196, 0, 0, 0, 52, 1, 0.004, 0.004, 125.6, 27.026, 100, 0, 0, 141, 33.5, 33.5, 4, 0.72, 0, 90.5, 0, 0, 96.329, 54.273, 0, 0, 0, 0, 
3.05, 17.757, 100.33, 73.4, 74.16, , -0.57, 0.986, 242.602, 242.602, 2.825, -11.492, -11.492, -11.492, 52.506, 73.6, 34.466, 35.368, 7.377, 12.206, 0, 0, -1.625, -1.647, -1.625, -1.647, 1, 53.793, 53.793, 0.024, 0.134, -3.021, -3.065, -3.021, -3.065, 5.221, 7.377, 12.206, , , 1, 3.111, 0, 0, 13.8, 2.825, 196, 0, 0, 0, 52, 3.718, 3.62, 125.6, 26.986, 100, 0, 0, 33.5, 33.5, 4, 0.72, 90.5, 0, 0, 96.384, 54.206, 0, 0, 0, 0, 0, 14, 0, 13.8, 0, 2.825, 196, 0, 0, 0, 52, 1, 0.004, 0.004, 125.6, 26.986, 100, 0, 0, 141, 33.5, 33.5, 4, 0.72, 0, 90.5, 0, 0, 96.384, 54.206, 0, 0, 0, 0, 
3.1, 17.758, 100.33, 73.4, 74.16, , -0.601, 0.986, 246.498, 246.498, 2.823, -12.22, -12.22, -12.22, 52.496, 74.055, 34.117, 35.263, 7.377, 12.132, 0, 0, -1.727, -1.75, -1.727, -1.75, 1, 53.764, 53.764, 0.024, 0.134, -3.213, -3.26, -3.213, -3.26, 5.207, 7.377, 12.132, , , 1, 3.161, 0, 0, 13.8, 2.823, 196, 0, 0, 0, 52, 3.719, 3.618, 125.6, 26.946, 100, 0, 0, 33.5, 33.5, 4, 0.72, 90.5, 0, 0, 96.438, 54.138, 0, 0, 0, 0, 0, 14, 0, 13.8, 0, 2.823, 196, 0, 0, 0, 52, 1, 0.004, 0.004, 125.6, 26.946, 100, 0, 0, 141, 33.5, 33.5, 4, 0.72, 0, 90.5, 0, 0, 96.438, 54.138, 0, 0, 0, 0, 
3.15, 17.759, 100.33, 73.4, 74.16, , -0.609, 0.986, 250.437, 250.437, 2.821, -12.409, -12.409, -12.409, 52.489, 74.51, 33.768, 35.158, 7.377, 12.059, 0, 0, -1.752, -1.776, -1.752, -1.776, 1, 53.733, 53.733, 0.024, 0.133, -3.264, -3.311, -3.264, -3.311, 5.194, 7.377, 12.059, , , 1, 3.211, 0, 0, 13.8, 2.821, 196, 0, 0, 0, 52, 3.72, 3.615, 125.6, 26.906, 100, 0, 0, 33.5, 33.5, 4, 0.72, 90.5, 0, 0, 96.492, 54.071, 0, 0, 0, 0, 0, 14, 0, 13.8, 0, 2.821, 196, 0, 0, 0, 52, 1, 0.004, 0.004, 125.6, 26.906, 100, 0, 0, 141, 33.5, 33.5, 4, 0.72, 0, 90.5, 0, 0, 96.492, 54.071, 0, 0, 0, 0, 
3.2, 17.761, 100.33, 73.4, 74.16, , -0.624, 0.986, 254.395, 254.395, 2.82, -12.779, -12.779, -12.779, 52.468, 74.965, 33.465, 35.087, 7.377, 11.992, 0, 0, -1.803, -1.827, -1.803, -1.827, 1, 53.703, 53.703, 0.024, 0.133, -3.364, -3.411, -3.364, -3.411, 5.197, 7.377, 11.992, , , 1, 3.261, 0, 0, 13.8, 2.82, 196, 0, 0, 0, 52, 3.72, 3.61, 125.6, 26.9, 100, 0, 0, 33.5, 33.5, 4, 0.72, 90.5, 0, 0, 96.5, 54.06, 0, 0, 0, 0, 0, 14, 0, 13.8, 0, 2.82, 196, 0, 0, 0, 52, 1, 0.004, 0.004, 125.6, 26.9, 100, 0, 0, 141, 33.5, 33.5, 4, 0.72, 0, 90.5, 0, 0, 96.5, 54.06, 0, 0, 0, 0, 
3.25, 17.762, 100.33, 73.4, 74.16, , -0.685, 0.986, 258.353, 258.353, 2.819, -14.223, -14.223, -14.223, 52.435, 75.42, 33.874, 35.533, 7.377, 11.928, 0, 0, -2.006, -2.033, -2.006, -2.033, 1, 53.671, 53.671, 0.024, 0.133, -3.747, -3.799, -3.747, -3.799, 5.199, 7.377, 11.928, , , 1, 3.311, 0, 0, 13.8, 2.819, 196, 0, 0, 0, 52, 3.72, 3.605, 125.6, 26.9, 100, 0, 0, 33.5, 33.5, 4, 0.72, 90.5, 0, 0, 96.5, 54.06, 0, 0, 0, 0, 0, 14, 0, 13.8, 0, 2.819, 196, 0, 0, 0, 52, 1, 0.004, 0.004, 125.6, 26.9, 100, 0, 0, 141, 33.5, 33.5, 4, 0.72, 0, 90.5, 0, 0, 96.5, 54.06, 0, 0, 0, 0, 
3.3, 17.763, 100.33, 73.4, 74.16, , -0.784, 0.986, 262.297, 262.297, 2.818, -16.574, -16.574, -16.574, 52.391, 75.875, 34.283, 35.979, 7.377, 11.878, 0, 0, -2.337, -2.369, -2.337, -2.369, 1, 53.634, 53.634, 0.024, 0.133, -4.37, -4.431, -4.37, -4.431, 5.202, 7.377, 11.878, , , 1, 3.361, 0, 0, 13.8, 2.818, 196, 0, 0, 0, 52, 3.72, 3.599, 125.6, 26.9, 100, 0, 0, 33.5, 33.5, 4, 0.72, 90.5, 0, 0, 96.5, 54.06, 0, 0, 0, 0, 0, 14, 0, 13.8, 0, 2.818, 196, 0, 0, 0, 52, 1, 0.004, 0.004, 125.6, 26.9, 100, 0, 0, 141, 33.5, 33.5, 4, 0.72, 0, 90.5, 0, 0, 96.5, 54.06, 0, 0, 0, 0, 
3.35, 17.764, 100.33, 73.4, 74.16, , -0.819, 0.986, 266.189, 266.189, 2.817, -17.396, -17.396, -17.396, 52.334, 76.33, 34.692, 36.426, 7.377, 11.832, 0, 0, -2.45, -2.486, -2.45, -2.486, 1, 53.594, 53.594, 0.024, 0.133, -4.592, -4.654, -4.592, -4.654, 5.204, 7.377, 11.832, , , 1, 3.411, 0, 0, 13.8, 2.817, 196, 0, 0, 0, 52, 3.72, 3.593, 125.6, 26.9, 100, 0, 0, 33.5, 33.5, 4, 0.72, 90.5, 0, 0, 96.5, 54.06, 0, 0, 0, 0, 0, 14, 0, 13.8, 0, 2.817, 196, 0, 0, 0, 52, 1, 0.004, 0.004, 125.6, 26.9, 100, 0, 0, 141, 33.5, 33.5, 4, 0.72, 0, 90.5, 0, 0, 96.5, 54.06, 0, 0, 0, 0, 
3.4, 17.765, 100.33, 73.4, 74.16, , -0.949, 0.986, 270.146, 270.146, 2.814, -20.496, -20.496, -20.496, 52.266, 76.785, 35.101, 36.872, 7.377, 11.805, 0, 0, -2.884, -2.925, -2.884, -2.925, 1, 53.55, 53.55, 0.024, 0.133, -5.421, -5.493, -5.421, -5.493, 5.207, 7.377, 11.805, , , 1, 3.461, 0, 0, 13.8, 2.814, 196, 0, 0, 0, 52, 3.716, 3.594, 125.6, 26.934, 100, 0, 0, 33.456, 33.456, 4, 0.72, 90.5, 0, 0, 96.522, 54.06, 0, 0, 0, 0, 0, 14.009, 0, 13.8, 0, 2.814, 196, 0, 0, 0, 52, 1, 0.004, 0.004, 125.6, 26.934, 100, 0, 0, 141, 33.456, 33.456, 4, 0.72, 0, 90.5, 0, 0, 96.522, 54.06, 0, 0, 0, 0, 
3.45, 17.766, 100.33, 73.4, 74.16, , -1.007, 0.986, 274.103, 274.103, 2.808, -21.868, -21.868, -21.868, 52.192, 77.24, 35.404, 37.133, 7.377, 11.78, 0, 0, -3.075, -3.118, -3.075, -3.118, 1, 53.5, 53.5, 0.024, 0.133, -5.791, -5.869, -5.791, -5.869, 5.21, 7.377, 11.78, , , 1, 3.511, 0, 0, 13.8, 2.808, 196, 0, 0, 0, 52, 3.706, 3.604, 125.6, 27.008, 100, 0, 0, 33.356, 33.356, 4, 0.72, 90.5, 0, 0, 96.572, 54.06, 0, 0, 0, 0, 0, 14.029, 0, 13.8, 0, 2.808, 196, 0, 0, 0, 52, 1, 0.004, 0.004, 125.6, 27.008, 100, 0, 0, 141, 33.356, 33.356, 4, 0.72, 0, 90.5, 0, 0, 96.572, 54.06, 0, 0, 0, 0, 
3.5, 17.767, 100.33, 73.4, 74.16, , -1.026, 0.986, 278.019, 278.019, 2.801, -22.31, -22.31, -22.31, 52.117, 77.696, 35.332, 36.737, 7.377, 11.763, 0, 0, -3.135, -3.179, -3.135, -3.179, 1, 53.448, 53.448, 0.024, 0.133, -5.915, -5.996, -5.915, -5.996, 5.214, 7.377, 11.763, , , 1, 3.561, 0, 0, 13.8, 2.801, 196, 0, 0, 0, 52, 3.696, 3.614, 125.6, 27.082, 100, 0, 0, 33.256, 33.256, 4, 0.72, 90.5, 0, 0, 96.622, 54.06, 0, 0, 0, 0, 0, 14.049, 0, 13.8, 0, 2.801, 196, 0, 0, 0, 52, 1, 0.004, 0.004, 125.6, 27.082, 100, 0, 0, 141, 33.256, 33.256, 4, 0.72, 0, 90.5, 0, 0, 96.622, 54.06, 0, 0, 0, 0, 
3.55, 17.769, 100.33, 73.4, 74.16, , -1.026, 0.986, 281.94, 281.94, 2.795, -22.324, -22.324, -22.324, 52.04, 78.151, 35.26, 36.341, 7.377, 11.749, 0, 0, -3.135, -3.178, -3.135, -3.178, 1, 53.396, 53.396, 0.024, 0.132, -5.925, -6.007, -5.925, -6.007, 5.217, 7.377, 11.749, , , 1, 3.611, 0, 0, 13.8, 2.795, 196, 0, 0, 0, 52, 3.686, 3.624, 125.6, 27.156, 100, 0, 0, 33.156, 33.156, 4, 0.72, 90.5, 0, 0, 96.672, 54.06, 0, 0, 0, 0, 0, 14.069, 0, 13.8, 0, 2.795, 196, 0, 0, 0, 52, 1, 0.004, 0.004, 125.6, 27.156, 100, 0, 0, 141, 33.156, 33.156, 4, 0.72, 0, 90.5, 0, 0, 96.672, 54.06, 0, 0, 0, 0, 
3.6, 17.77, 100.33, 73.4, 74.16, , -1.022, 0.986, 285.881, 285.881, 2.788, -22.237, -22.237, -22.237, 51.961, 78.606, 35.188, 35.945, 7.377, 11.743, 0, 0, -3.121, -3.163, -3.121, -3.163, 1, 53.344, 53.344, 0.024, 0.132, -5.909, -5.991, -5.909, -5.991, 5.223, 7.377, 11.743, , , 1, 3.661, 0, 0, 13.8, 2.788, 196, 0, 0, 0, 52, 3.676, 3.634, 125.6, 27.23, 100, 0, 0, 33.056, 33.056, 4, 0.72, 90.5, 0, 0, 96.722, 54.06, 0, 0, 0, 0, 0, 14.089, 0, 13.8, 0, 2.788, 196, 0, 0, 0, 52, 1, 0.004, 0.004, 125.6, 27.23, 100, 0, 0, 141, 33.056, 33.056, 4, 0.72, 0, 90.5, 0, 0, 96.722, 54.06, 0, 0, 0, 0, 
3.65, 17.771, 100.33, 73.4, 74.16, , -1.017, 0.986, 289.773, 289.773, 2.782, -22.105, -22.105, -22.105, 51.912, 79.061, 35.116, 35.549, 7.377, 11.739, 0, 0, -3.101, -3.142, -3.101, -3.142, 1, 53.292, 53.292, 0.024, 0.132, -5.878, -5.962, -5.878, -5.962, 5.23, 7.377, 11.739, , , 1, 3.711, 0, 0, 13.8, 2.782, 196, 0, 0, 0, 52, 3.675, 3.64, 125.6, 27.305, 100, 0, 0, 33, 33, 3.905, 0.72, 90.5, 0, 0, 96.773, 54.003, 0, 0, 0, 0, 0, 14.09, 0, 13.8, 0, 2.782, 196, 0, 0, 0, 52, 1, 0.004, 0.004, 125.6, 27.305, 100, 0, 0, 141, 33, 33, 3.905, 0.72, 0, 90.5, 0, 0, 96.773, 54.003, 0, 0, 0, 0, 
3.7, 17.772, 100.33, 73.4, 74.16, , -0.891, 0.986, 293.665, 293.665, 2.775, -19.12, -19.12, -19.12, 51.904, 79.516, 35.092, 35.28, 7.377, 11.745, 0, 0, -2.679, -2.716, -2.679, -2.716, 1, 53.244, 53.244, 0.024, 0.133, -5.087, -5.16, -5.087, -5.16, 5.237, 7.377, 11.745, , , 1, 3.761, 0, 0, 13.8, 2.775, 196, 0, 0, 0, 52, 3.685, 3.64, 125.6, 27.382, 100, 0, 0, 33, 33, 3.697, 0.72, 90.5, 0, 0, 96.825, 53.875, 0, 0, 0, 0, 0, 14.07, 0, 13.8, 0, 2.775, 196, 0, 0, 0, 52, 1, 0.004, 0.004, 125.6, 27.382, 100, 0, 0, 141, 33, 33, 3.697, 0.72, 0, 90.5, 0, 0, 96.825, 53.875, 0, 0, 0, 0, 
3.75, 17.773, 100.33, 73.4, 74.16, , -0.834, 0.986, 297.557, 297.557, 2.768, -17.769, -17.769, -17.769, 51.941, 79.971, 35.236, 35.46, 7.377, 11.751, 0, 0, -2.487, -2.523, -2.487, -2.523, 1, 53.201, 53.201, 0.024, 0.133, -4.725, -4.793, -4.725, -4.793, 5.244, 7.377, 11.751, , , 1, 3.811, 0, 0, 13.8, 2.768, 196, 0, 0, 0, 52, 3.695, 3.64, 125.6, 27.459, 100, 0, 0, 33, 33, 3.49, 0.72, 90.5, 0, 0, 96.877, 53.746, 0, 0, 0, 0, 0, 14.049, 0, 13.8, 0, 2.768, 196, 0, 0, 0, 52, 1, 0.004, 0.004, 125.6, 27.459, 100, 0, 0, 141, 33, 33, 3.49, 0.72, 0, 90.5, 0, 0, 96.877, 53.746, 0, 0, 0, 0, 
3.8, 17.774, 100.33, 73.4, 74.16, , -0.768, 0.986, 301.492, 301.492, 2.761, -16.215, -16.215, -16.215, 52.027, 80.426, 35.38, 35.64, 7.377, 11.761, 0, 0, -2.267, -2.301, -2.267, -2.301, 1, 53.161, 53.161, 0.024, 0.133, -4.308, -4.369, -4.308, -4.369, 5.245, 7.377, 11.761, , , 1, 3.86, 0, 0, 13.8, 2.761, 196, 0, 0, 0, 52, 3.706, 3.64, 125.6, 27.536, 100, 0, 0, 33, 33, 3.282, 0.72, 90.5, 0, 0, 96.929, 53.618, 0, 0, 0, 0, 0, 14.028, 0, 13.8, 0, 2.761, 196, 0, 0, 0, 52, 1, 0.004, 0.004, 125.6, 27.536, 100, 0, 0, 141, 33, 33, 3.282, 0.72, 0, 90.5, 0, 0, 96.929, 53.618, 0, 0, 0, 0, 
3.85, 17.775, 100.33, 73.4, 74.16, , -0.653, 0.986, 305.418, 305.418, 2.754, -13.486, -13.486, -13.486, 52.165, 80.881, 35.524, 35.82, 7.377, 11.772, 0, 0, -1.885, -1.914, -1.885, -1.914, 1, 53.124, 53.124, 0.024, 0.133, -3.58, -3.63, -3.58, -3.63, 5.243, 7.377, 11.772, , , 1, 3.91, 0, 0, 13.8, 2.754, 196, 0, 0, 0, 52, 3.716, 3.64, 125.6, 27.612, 100, 0, 0, 33, 33, 3.075, 0.72, 90.5, 0, 0, 96.981, 53.489, 0, 0, 0, 0, 0, 14.007, 0, 13.8, 0, 2.754, 196, 0, 0, 0, 52, 1, 0.004, 0.004, 125.6, 27.612, 100, 0, 0, 141, 33, 33, 3.075, 0.72, 0, 90.5, 0, 0, 96.981, 53.489, 0, 0, 0, 0, 
3.9, 17.777, 100.33, 73.4, 74.16, , -0.511, 0.986, 309.31, 309.31, 2.757, -10.099, -10.099, -10.099, 52.323, 81.336, 35.668, 36, 7.377, 11.787, 0, 0, -1.411, -1.434, -1.411, -1.434, 1, 53.097, 53.097, 0.024, 0.133, -2.679, -2.716, -2.679, -2.716, 5.241, 7.377, 11.787, , , 1, 3.961, 0, 0, 13.813, 2.757, 196, 0, 0, 0, 52, 3.716, 3.63, 125.6, 27.494, 100, 0, 0, 33.064, 33.064, 3.133, 0.72, 90.5, 0, 0, 96.934, 53.44, 0, 0, 0, 0, 0, 14, 0, 13.813, 0, 2.757, 196, 0, 0, 0, 52, 1, 0.004, 0.004, 125.6, 27.494, 100, 0, 0, 141, 33.066, 33.064, 3.133, 0.72, 0, 90.5, 0, 0, 96.934, 53.44, 0, 0, 0, 0, 
3.95, 17.778, 100.33, 73.4, 74.16, , -0.412, 0.986, 313.201, 313.201, 2.766, -7.753, -7.753, -7.753, 52.462, 81.791, 35.748, 36.227, 7.377, 11.801, 0, 0, -1.082, -1.1, -1.082, -1.1, 1, 53.074, 53.074, 0.024, 0.133, -2.051, -2.079, -2.051, -2.079, 5.239, 7.377, 11.801, , , 1, 4.011, 0, 0, 13.834, 2.766, 196, 0, 0, 0, 52, 3.71, 3.613, 125.6, 27.266, 100, 0, 0, 33.168, 33.168, 3.34, 0.72, 90.5, 0, 0, 96.831, 53.44, 0, 0, 0, 0, 0, 14, 0, 13.834, 0, 2.766, 196, 0, 0, 0, 52, 1, 0.004, 0.004, 125.6, 27.266, 100, 0, 0, 141, 33.169, 33.168, 3.34, 0.72, 0, 90.5, 0, 0, 96.831, 53.44, 0, 0, 0, 0, 
4, 17.779, 100.33, 73.4, 74.16, , -0.375, 0.986, 317.092, 317.092, 2.776, -6.886, -6.886, -6.886, 52.573, 82.246, 35.604, 36.623, 7.377, 11.811, 0, 0, -0.961, -0.977, -0.961, -0.977, 1, 53.054, 53.054, 0.024, 0.133, -1.814, -1.839, -1.814, -1.839, 5.236, 7.377, 11.811, , , 1, 4.061, 0, 0, 13.855, 2.776, 196, 0, 0, 0, 52, 3.704, 3.597, 125.6, 27.038, 100, 0, 0, 33.272, 33.272, 3.548, 0.72, 90.5, 0, 0, 96.727, 53.44, 0, 0, 0, 0, 0, 14, 0, 13.855, 0, 2.776, 196, 0, 0, 0, 52, 1, 0.004, 0.004, 125.6, 27.038, 100, 0, 0, 141, 33.273, 33.272, 3.548, 0.72, 0, 90.5, 0, 0, 96.727, 53.44, 0, 0, 0, 0, 
4.05, 17.78, 100.33, 73.4, 74.16, , -0.321, 0.986, 320.984, 320.984, 2.785, -5.603, -5.603, -5.603, 52.65, 82.701, 35.46, 37.019, 7.377, 11.821, 0, 0, -0.782, -0.793, -0.782, -0.793, 1, 53.038, 53.038, 0.024, 0.133, -1.471, -1.492, -1.471, -1.492, 5.229, 7.377, 11.821, , , 1, 4.111, 0, 0, 13.875, 2.785, 196, 0, 0, 0, 52, 3.697, 3.58, 125.6, 26.809, 100, 0, 0, 33.376, 33.376, 3.755, 0.72, 90.5, 0, 0, 96.624, 53.44, 0, 0, 0, 0, 0, 14, 0, 13.875, 0, 2.785, 196, 0, 0, 0, 52, 1, 0.004, 0.004, 125.6, 26.809, 100, 0, 0, 141, 33.376, 33.376, 3.755, 0.72, 0, 90.5, 0, 0, 96.624, 53.44, 0, 0, 0, 0, 
4.1, 17.78, 100.33, 73.4, 74.16, , -0.289, 0.986, 323.553, 323.553, 2.794, -4.852, -4.852, -4.852, 52.691, 83.156, 35.316, 37.415, 7.378, 11.828, 0, 0, -0.677, -0.687, -0.677, -0.687, 1, 53.032, 53.032, 0.024, 0.133, -1.27, -1.29, -1.27, -1.29, 5.223, 7.378, 11.828, , , 1, 4.161, 0, 0, 13.896, 2.794, 196, 0, 0, 0, 52, 3.691, 3.563, 125.6, 26.581, 100, 0, 0, 33.479, 33.479, 3.963, 0.72, 90.5, 0, 0, 96.521, 53.44, 0, 0, 0, 0, 0, 14, 0, 13.896, 0, 2.794, 196, 0, 0, 0, 52, 1, 0.004, 0.004, 125.6, 26.581, 100, 0, 0, 141, 33.479, 33.479, 3.963, 0.72, 0, 90.5, 0, 0, 96.521, 53.44, 0, 0, 0, 0, 
4.15, 17.78, 100.33, 73.4, 74.16, , -0.337, 0.986, 326.432, 326.432, 2.796, -5.974, -5.974, -5.974, 52.704, 83.611, 35.172, 37.811, 7.378, 11.834, 0, 0, -0.833, -0.846, -0.833, -0.846, 1, 53.019, 53.019, 0.024, 0.133, -1.564, -1.589, -1.564, -1.589, 5.217, 7.378, 11.834, , , 1, 4.212, 0, 0, 13.884, 2.796, 196, 0, 0, 0, 52, 3.695, 3.566, 125.6, 26.6, 100, 0, 0, 33.419, 33.419, 4, 0.717, 90.5, 0, 0, 96.5, 53.44, 0, 0, 0, 0, 0, 14, 0, 13.884, 0, 2.796, 196, 0, 0, 0, 52, 1, 0.004, 0.004, 125.6, 26.6, 100, 0, 0, 141, 33.419, 33.419, 4, 0.717, 0, 90.5, 0, 0, 96.5, 53.44, 0, 0, 0, 0, 
4.2, 17.78, 100.33, 73.4, 74.16, , -0.442, 0.986, 330.324, 330.324, 2.795, -8.47, -8.47, -8.47, 52.701, 84.066, 35.084, 38.01, 7.379, 11.835, 0, 0, -1.179, -1.197, -1.179, -1.197, 1, 52.999, 52.999, 0.024, 0.133, -2.219, -2.253, -2.219, -2.253, 5.212, 7.379, 11.835, , , 1, 4.261, 0, 0, 13.864, 2.795, 196, 0, 0, 0, 52, 3.701, 3.575, 125.6, 26.672, 100, 0, 0, 33.319, 33.319, 4, 0.713, 90.5, 0, 0, 96.5, 53.44, 0, 0, 0, 0, 0, 14, 0, 13.864, 0, 2.795, 196, 0, 0, 0, 52, 1, 0.004, 0.004, 125.6, 26.672, 100, 0, 0, 141, 33.319, 33.319, 4, 0.713, 0, 90.5, 0, 0, 96.5, 53.44, 0, 0, 0, 0, 
4.25, 17.78, 100.33, 73.4, 74.16, , -0.505, 0.986, 334.215, 334.215, 2.794, -9.981, -9.981, -9.981, 52.687, 84.521, 35.191, 37.508, 7.379, 11.837, 0, 0, -1.39, -1.41, -1.39, -1.41, 1, 52.976, 52.976, 0.024, 0.133, -2.615, -2.655, -2.615, -2.655, 5.211, 7.379, 11.837, , , 1, 4.311, 0, 0, 13.843, 2.794, 196, 0, 0, 0, 52, 3.707, 3.583, 125.6, 26.745, 100, 0, 0, 33.218, 33.218, 4, 0.709, 90.5, 0, 0, 96.5, 53.44, 0, 0, 0, 0, 0, 14, 0, 13.843, 0, 2.794, 196, 0, 0, 0, 52, 1, 0.004, 0.004, 125.6, 26.745, 100, 0, 0, 141, 33.218, 33.218, 4, 0.709, 0, 90.5, 0, 0, 96.5, 53.44, 0, 0, 0, 0, 
4.3, 17.78, 100.33, 73.4, 74.16, , -0.535, 0.986, 338.107, 338.107, 2.794, -10.686, -10.686, -10.686, 52.645, 84.976, 35.299, 37.006, 7.381, 11.839, 0, 0, -1.488, -1.508, -1.488, -1.508, 1, 52.943, 52.943, 0.024, 0.133, -2.802, -2.845, -2.802, -2.845, 5.21, 7.381, 11.839, , , 1, 4.361, 0, 0, 13.823, 2.794, 196, 0, 0, 0, 52, 3.713, 3.591, 125.6, 26.817, 100, 0, 0, 33.117, 33.117, 4, 0.705, 90.5, 0, 0, 96.5, 53.44, 0, 0, 0, 0, 0, 14, 0, 13.823, 0, 2.794, 196, 0, 0, 0, 52, 1, 0.004, 0.004, 125.6, 26.817, 100, 0, 0, 141, 33.117, 33.117, 4, 0.705, 0, 90.5, 0, 0, 96.5, 53.44, 0, 0, 0, 0, 
4.35, 17.78, 100.33, 73.4, 74.16, , -0.534, 0.986, 341.943, 341.943, 2.793, -10.656, -10.656, -10.656, 52.589, 85.431, 35.406, 36.504, 7.382, 11.841, 0, 0, -1.484, -1.504, -1.484, -1.504, 1, 52.91, 52.91, 0.024, 0.133, -2.798, -2.839, -2.798, -2.839, 5.209, 7.382, 11.841, , , 1, 4.411, 0, 0, 13.803, 2.793, 196, 0, 0, 0, 52, 3.719, 3.599, 125.6, 26.89, 100, 0, 0, 33.016, 33.016, 4, 0.701, 90.5, 0, 0, 96.5, 53.44, 0, 0, 0, 0, 0, 14, 0, 13.803, 0, 2.793, 196, 0, 0, 0, 52, 1, 0.004, 0.004, 125.6, 26.89, 100, 0, 0, 141, 33.016, 33.016, 4, 0.701, 0, 90.5, 0, 0, 96.5, 53.44, 0, 0, 0, 0, 
4.4, 17.78, 100.33, 73.4, 74.16, , -0.525, 0.986, 345.812, 345.812, 2.789, -10.434, -10.434, -10.434, 52.559, 85.886, 35.514, 36.002, 7.382, 11.844, 0, 0, -1.453, -1.471, -1.453, -1.471, 1, 52.896, 52.896, 0.024, 0.132, -2.742, -2.781, -2.742, -2.781, 5.206, 7.382, 11.844, , , 1, 4.461, 0, 0, 13.8, 2.789, 196, 0, 0, 0, 52, 3.715, 3.61, 125.6, 26.9, 100, 0, 0, 33, 33, 4, 0.703, 90.5, 0, 0, 96.583, 53.44, 0, 0, 0, 0, 0, 14, 0, 13.8, 0, 2.789, 196, 0, 0, 0, 52, 1, 0.004, 0.004, 125.6, 26.9, 100, 0, 0, 141, 33, 33, 4, 0.703, 0, 90.5, 0, 0, 96.583, 53.44, 0, 0, 0, 0, 
4.45, 17.78, 100.33, 73.4, 74.16, , -0.534, 0.986, 349.704, 349.704, 2.784, -10.647, -10.647, -10.647, 52.498, 86.341, 35.607, 35.636, 7.382, 11.848, 0, 0, -1.482, -1.5, -1.482, -1.5, 1, 52.871, 52.871, 0.024, 0.132, -2.801, -2.839, -2.801, -2.839, 5.191, 7.382, 11.848, , , 1, 4.511, 0, 0, 13.8, 2.784, 196, 0, 0, 0, 52, 3.709, 3.621, 125.6, 26.9, 100, 0, 0, 33, 33, 4, 0.707, 90.5, 0, 0, 96.679, 53.44, 0, 0, 0, 0, 0, 14, 0, 13.8, 0, 2.784, 196, 0, 0, 0, 52, 1, 0.004, 0.004, 125.6, 26.9, 100, 0, 0, 141, 33, 33, 4, 0.707, 0, 90.5, 0, 0, 96.679, 53.44, 0, 0, 0, 0, 
4.5, 17.78, 100.33, 73.4, 74.16, , -0.564, 0.986, 353.596, 353.596, 2.779, -11.365, -11.365, -11.365, 52.452, 86.796, 35.643, 35.817, 7.382, 11.85, 0, 0, -1.581, -1.599, -1.581, -1.599, 1, 52.842, 52.842, 0.024, 0.132, -2.992, -3.033, -2.992, -3.033, 5.176, 7.382, 11.85, , , 1, 4.56, 0, 0, 13.8, 2.779, 196, 0, 0, 0, 52, 3.704, 3.633, 125.6, 26.9, 100, 0, 0, 33, 33, 4, 0.711, 90.5, 0, 0, 96.775, 53.44, 0, 0, 0, 0, 0, 14, 0, 13.8, 0, 2.779, 196, 0, 0, 0, 52, 1, 0.004, 0.004, 125.6, 26.9, 100, 0, 0, 141, 33, 33, 4, 0.711, 0, 90.5, 0, 0, 96.775, 53.44, 0, 0, 0, 0, 
4.55, 17.78, 100.33, 73.4, 74.16, , -0.59, 0.986, 357.484, 357.484, 2.774, -11.996, -11.996, -11.996, 52.42, 87.251, 35.68, 35.998, 7.382, 11.853, 0, 0, -1.667, -1.685, -1.667, -1.685, 1, 52.813, 52.813, 0.024, 0.132, -3.161, -3.204, -3.161, -3.204, 5.161, 7.382, 11.853, , , 1, 4.61, 0, 0, 13.8, 2.774, 196, 0, 0, 0, 52, 3.698, 3.644, 125.6, 26.9, 100, 0, 0, 33, 33, 4, 0.715, 90.5, 0, 0, 96.871, 53.44, 0, 0, 0, 0, 0, 14, 0, 13.8, 0, 2.774, 196, 0, 0, 0, 52, 1, 0.004, 0.004, 125.6, 26.9, 100, 0, 0, 141, 33, 33, 4, 0.715, 0, 90.5, 0, 0, 96.871, 53.44, 0, 0, 0, 0, 
4.6, 17.78, 100.33, 73.4, 74.16, , -0.679, 0.986, 361.312, 361.312, 2.77, -14.09, -14.09, -14.09, 52.402, 87.706, 35.716, 36.178, 7.381, 11.859, 0, 0, -1.956, -1.98, -1.956, -1.98, 1, 52.781, 52.781, 0.024, 0.132, -3.714, -3.765, -3.714, -3.765, 5.145, 7.381, 11.859, , , 1, 4.66, 0, 0, 13.8, 2.77, 196, 0, 0, 0, 52, 3.692, 3.656, 125.6, 26.9, 100, 0, 0, 33, 33, 4, 0.719, 90.5, 0, 0, 96.967, 53.44, 0, 0, 0, 0, 0, 14, 0, 13.8, 0, 2.77, 196, 0, 0, 0, 52, 1, 0.004, 0.004, 125.6, 26.9, 100, 0, 0, 141, 33, 33, 4, 0.719, 0, 90.5, 0, 0, 96.967, 53.44, 0, 0, 0, 0, 
4.65, 17.78, 100.33, 73.4, 74.16, , -0.735, 0.986, 365.193, 365.193, 2.767, -15.422, -15.422, -15.422, 52.4, 88.162, 35.752, 36.359, 7.379, 11.865, 0, 0, -2.141, -2.168, -2.141, -2.168, 1, 52.746, 52.746, 0.024, 0.132, -4.065, -4.123, -4.065, -4.123, 5.134, 7.379, 11.865, , , 1, 4.711, 0, 0, 13.814, 2.767, 196, 0, 0, 0, 52, 3.697, 3.671, 125.6, 26.95, 100, 0, 0, 33.066, 33.066, 4, 0.72, 90.5, 0, 0, 97, 53.44, 0, 0, 0, 0, 0, 14, 0, 13.814, 0, 2.767, 196, 0, 0, 0, 52, 1, 0.004, 0.004, 125.6, 26.95, 100, 0, 0, 141, 33.066, 33.066, 4, 0.72, 0, 90.5, 0, 0, 97, 53.44, 0, 0, 0, 0, 
4.7, 17.78, 100.33, 73.4, 74.16, , -0.758, 0.986, 369.085, 369.085, 2.765, -15.978, -15.978, -15.978, 52.411, 88.617, 35.756, 36.437, 7.379, 11.873, 0, 0, -2.216, -2.245, -2.216, -2.245, 1, 52.706, 52.706, 0.024, 0.132, -4.211, -4.272, -4.211, -4.272, 5.124, 7.379, 11.873, , , 1, 4.761, 0, 0, 13.834, 2.765, 196, 0, 0, 0, 52, 3.707, 3.687, 125.6, 27.026, 100, 0, 0, 33.169, 33.169, 4, 0.72, 90.5, 0, 0, 97, 53.44, 0, 0, 0, 0, 0, 14, 0, 13.834, 0, 2.765, 196, 0, 0, 0, 52, 1, 0.004, 0.004, 125.6, 27.026, 100, 0, 0, 141, 33.169, 33.169, 4, 0.72, 0, 90.5, 0, 0, 97, 53.44, 0, 0, 0, 0, 
4.75, 17.78, 100.33, 73.4, 74.16, , -0.773, 0.986, 372.948, 372.948, 2.764, -16.324, -16.324, -16.324, 52.427, 89.072, 35.648, 36.149, 7.378, 11.88, 0, 0, -2.262, -2.292, -2.262, -2.292, 1, 52.668, 52.668, 0.024, 0.132, -4.301, -4.365, -4.301, -4.365, 5.113, 7.378, 11.88, , , 1, 4.811, 0, 0, 13.855, 2.764, 196, 0, 0, 0, 52, 3.717, 3.704, 125.6, 27.103, 100, 0, 0, 33.273, 33.273, 4, 0.72, 90.5, 0, 0, 97, 53.44, 0, 0, 0, 0, 0, 14, 0, 13.855, 0, 2.764, 196, 0, 0, 0, 52, 1, 0.004, 0.004, 125.6, 27.103, 100, 0, 0, 141, 33.273, 33.273, 4, 0.72, 0, 90.5, 0, 0, 97, 53.44, 0, 0, 0, 0, 
4.8, 17.78, 100.33, 73.4, 74.16, , -0.801, 0.986, 376.79, 376.79, 2.762, -16.993, -16.993, -16.993, 52.452, 89.527, 35.54, 35.861, 7.378, 11.889, 0, 0, -2.352, -2.385, -2.352, -2.385, 1, 52.63, 52.63, 0.024, 0.131, -4.476, -4.541, -4.476, -4.541, 5.102, 7.378, 11.889, , , 1, 4.861, 0, 0, 13.875, 2.762, 196, 0, 0, 0, 52, 3.728, 3.72, 125.6, 27.179, 100, 0, 0, 33.376, 33.376, 4, 0.72, 90.5, 0, 0, 97, 53.44, 0, 0, 0, 0, 0, 14, 0, 13.875, 0, 2.762, 196, 0, 0, 0, 52, 1, 0.004, 0.004, 125.6, 27.179, 100, 0, 0, 141, 33.376, 33.376, 4, 0.72, 0, 90.5, 0, 0, 97, 53.44, 0, 0, 0, 0, 
4.85, 17.78, 100.33, 73.4, 74.16, , -0.849, 0.986, 380.68, 380.68, 2.76, -18.142, -18.142, -18.142, 52.486, 89.982, 35.432, 35.573, 7.377, 11.897, 0, 0, -2.508, -2.543, -2.508, -2.543, 1, 52.589, 52.589, 0.024, 0.132, -4.774, -4.844, -4.774, -4.844, 5.093, 7.377, 11.897, , , 1, 4.911, 0, 0, 13.896, 2.76, 196, 0, 0, 0, 52, 3.738, 3.737, 125.6, 27.255, 100, 0, 0, 33.479, 33.479, 4, 0.72, 90.5, 0, 0, 97, 53.44, 0, 0, 0, 0, 0, 14, 0, 13.896, 0, 2.76, 196, 0, 0, 0, 52, 1, 0.004, 0.004, 125.6, 27.255, 100, 0, 0, 141, 33.479, 33.479, 4, 0.72, 0, 90.5, 0, 0, 97, 53.44, 0, 0, 0, 0, 
4.9, 17.78, 100.33, 73.4, 74.16, , -0.901, 0.986, 384.508, 384.508, 2.76, -19.365, -19.365, -19.365, 52.524, 90.437, 35.324, 35.285, 7.377, 11.898, 0, 0, -2.674, -2.713, -2.674, -2.713, 1, 52.546, 52.546, 0.024, 0.132, -5.094, -5.166, -5.094, -5.166, 5.084, 7.377, 11.898, , , 1, 4.961, 0, 0, 13.9, 2.76, 196, 0, 0, 0, 52, 3.736, 3.724, 125.6, 27.21, 100, 0, 0, 33.5, 33.5, 4, 0.72, 90.5, 0, 0, 97, 53.34, 0, 0, 0, 0, 0, 14, 0, 13.9, 0, 2.76, 196, 0, 0, 0, 52, 1, 0.004, 0.004, 125.6, 27.27, 100, 0, 0, 141, 33.5, 33.5, 4, 0.72, 0, 90.5, 0, 0, 97, 53.34, 0, 0, 0, 0, 
4.95, 17.78, 100.33, 73.4, 74.16, , -0.945, 0.986, 388.387, 388.387, 2.76, -20.41, -20.41, -20.41, 52.56, 90.892, 35.24, 35.068, 7.377, 11.898, 0, 0, -2.816, -2.858, -2.816, -2.858, 1, 52.501, 52.501, 0.024, 0.132, -5.366, -5.44, -5.366, -5.44, 5.076, 7.377, 11.898, , , 1, 5.011, 0, 0, 13.9, 2.76, 196, 0, 0, 0, 52, 3.731, 3.704, 125.6, 27.135, 100, 0, 0, 33.5, 33.5, 4, 0.72, 90.5, 0, 0, 97, 53.215, 0, 0, 0, 0, 0, 14, 0, 13.9, 0, 2.76, 196, 0, 0, 0, 52, 1, 0.004, 0.004, 125.6, 27.27, 100, 0, 0, 141, 33.5, 33.5, 4, 0.72, 0, 90.5, 0, 0, 97, 53.215, 0, 0, 0, 0, 
5, 17.78, 100.33, 73.4, 74.16, , -0.941, 0.986, 392.24, 392.24, 2.76, -20.317, -20.317, -20.317, 52.582, 85.163, 35.24, 35.104, 7.377, 11.899, 0, 0, -2.8, -2.842, -2.8, -2.842, 1, 52.453, 52.453, 0.024, 0.132, -5.34, -5.412, -5.34, -5.412, 5.067, 7.377, 11.899, , , 1, 5.061, 0, 0, 13.9, 2.76, 196, 0, 0, 0, 52, 3.726, 3.684, 125.6, 27.06, 100, 0, 0, 33.5, 33.5, 4, 0.72, 90.5, 0, 0, 97, 53.09, 0, 0, 0, 0, 0, 14, 0, 13.9, 0, 2.76, 196, 0, 0, 0, 52, 1, 0.004, 0.004, 125.6, 27.27, 100, 0, 0, 141, 33.5, 33.5, 4, 0.72, 0, 90.5, 0, 0, 97, 53.09, 0, 0, 0, 0, 
5.05, 17.78, 100.33, 73.4, 74.16, , -0.938, 0.986, 396.068, 396.068, 2.76, -20.256, -20.256, -20.256, 52.582, 79.177, 35.24, 35.14, 7.377, 11.899, 0, 0, -2.788, -2.832, -2.788, -2.832, 1, 52.408, 52.408, 0.024, 0.132, -5.323, -5.395, -5.323, -5.395, 5.062, 7.377, 11.899, , , 1, 5.111, 0, 0, 13.9, 2.76, 196, 0, 0, 0, 52, 3.721, 3.663, 125.6, 26.985, 100, 0, 0, 33.5, 33.5, 4, 0.72, 90.5, 0, 0, 97, 52.965, 0, 0, 0, 0, 0, 14, 0, 13.9, 0, 2.76, 196, 0, 0, 0, 52, 1, 0.004, 0.004, 125.6, 27.27, 100, 0, 0, 141, 33.5, 33.5, 4, 0.72, 0, 90.5, 0, 0, 97, 52.965, 0, 0, 0, 0, 
5.1, 17.78, 100.33, 73.4, 74.16, , -0.992, 0.986, 399.906, 399.906, 2.76, -21.547, -21.547, -21.547, 52.568, 73.191, 35.24, 35.176, 7.377, 11.901, 0, 0, -2.964, -3.009, -2.964, -3.009, 1, 52.359, 52.359, 0.024, 0.132, -5.664, -5.74, -5.664, -5.74, 5.062, 7.377, 11.901, , , 1, 5.161, 0, 0, 13.9, 2.76, 196, 0, 0, 0, 52, 3.716, 3.643, 125.6, 26.91, 100, 0, 0, 33.5, 33.5, 4, 0.72, 90.5, 0, 0, 97, 52.84, 0, 0, 0, 0, 0, 14, 0, 13.9, 0, 2.76, 196, 0, 0, 0, 52, 1, 0.004, 0.004, 125.6, 27.27, 100, 0, 0, 141, 33.5, 33.5, 4, 0.72, 0, 90.5, 0, 0, 97, 52.84, 0, 0, 0, 0, 
5.15, 17.78, 100.33, 73.4, 74.16, , -1.071, 0.986, 403.797, 403.797, 2.756, -23.42, -23.42, -23.42, 52.543, 67.204, 35.24, 35.212, 7.378, 11.903, 0, 0, -3.22, -3.267, -3.22, -3.267, 1, 52.308, 52.308, 0.024, 0.132, -6.158, -6.242, -6.158, -6.242, 5.062, 7.378, 11.903, , , 1, 5.211, 0, 0, 13.9, 2.756, 196, 0, 0, 0, 52, 3.711, 3.64, 125.6, 27.032, 100, 0, 0, 33.5, 33.5, 4, 0.72, 90.5, 0, 0, 97, 52.82, 0, 0, 0, 0, 0, 14, 0, 13.9, 0, 2.756, 196, 0, 0, 0, 52, 1, 0.004, 0.004, 125.6, 27.336, 100, 0, 0, 141, 33.5, 33.5, 4, 0.72, 0, 90.5, 0, 0, 97, 52.82, 0, 0, 0, 0, 
5.2, 17.78, 100.33, 73.4, 74.16, , -1.168, 0.986, 407.629, 407.629, 2.752, -25.716, -25.716, -25.716, 52.511, 61.218, 35.24, 35.288, 7.378, 11.91, 0, 0, -3.533, -3.584, -3.533, -3.584, 1, 52.252, 52.252, 0.024, 0.132, -6.766, -6.859, -6.766, -6.859, 5.062, 7.378, 11.91, , , 1, 5.261, 0, 0, 13.9, 2.752, 196, 0, 0, 0, 52, 3.705, 3.64, 125.6, 27.186, 100, 0, 0, 33.5, 33.5, 4, 0.72, 90.5, 0, 0, 97, 52.82, 0, 0, 0, 0, 0, 14, 0, 13.9, 0, 2.752, 196, 0, 0, 0, 52, 1, 0.004, 0.004, 125.6, 27.413, 100, 0, 0, 141, 33.5, 33.5, 4, 0.72, 0, 90.5, 0, 0, 97, 52.82, 0, 0, 0, 0, 
5.25, 17.78, 100.33, 73.4, 74.16, , -1.204, 0.986, 411.458, 411.458, 2.748, -26.56, -26.56, -26.56, 52.478, 55.232, 35.24, 35.504, 7.379, 11.919, 0, 0, -3.647, -3.699, -3.647, -3.699, 1, 52.193, 52.193, 0.024, 0.132, -6.99, -7.087, -6.99, -7.087, 5.066, 7.379, 11.919, , , 1, 5.311, 0, 0, 13.9, 2.748, 196, 0, 0, 0, 52, 3.7, 3.64, 125.6, 27.339, 100, 0, 0, 33.5, 33.5, 4, 0.72, 90.5, 0, 0, 97, 52.82, 0, 0, 0, 0, 0, 14, 0, 13.9, 0, 2.748, 196, 0, 0, 0, 52, 1, 0.004, 0.004, 125.6, 27.49, 100, 0, 0, 141, 33.5, 33.5, 4, 0.72, 0, 90.5, 0, 0, 97, 52.82, 0, 0, 0, 0, 
5.3, 17.78, 100.33, 73.4, 74.16, , -1.157, 0.986, 415.285, 415.285, 2.743, -25.454, -25.454, -25.454, 52.437, 49.246, 35.24, 35.72, 7.38, 11.924, 0, 0, -3.492, -3.542, -3.492, -3.542, 1, 52.131, 52.131, 0.024, 0.132, -6.702, -6.795, -6.702, -6.795, 5.076, 7.38, 11.924, , , 1, 5.361, 0, 0, 13.9, 2.743, 196, 0, 0, 0, 52, 3.695, 3.64, 125.6, 27.493, 100, 0, 0, 33.5, 33.5, 4, 0.72, 90.5, 0, 0, 97, 52.82, 0, 0, 0, 0, 0, 14, 0, 13.9, 0, 2.743, 196, 0, 0, 0, 52, 1, 0.004, 0.004, 125.6, 27.568, 100, 0, 0, 141, 33.5, 33.5, 4, 0.72, 0, 90.5, 0, 0, 97, 52.82, 0, 0, 0, 0, 
5.35, 17.78, 100.33, 73.4, 74.16, , -1.096, 0.986, 419.113, 419.113, 2.739, -24.005, -24.005, -24.005, 52.383, 43.259, 35.24, 35.936, 7.382, 11.928, 0, 0, -3.288, -3.336, -3.288, -3.336, 1, 52.075, 52.075, 0.024, 0.133, -6.327, -6.415, -6.327, -6.415, 5.086, 7.382, 11.928, , , 1, 5.41, 0, 0, 13.9, 2.739, 196, 0, 0, 0, 52, 3.69, 3.64, 125.614, 27.64, 100, 0, 0, 33.496, 33.496, 3.992, 0.72, 90.5, 0, 0, 96.996, 52.815, 0, 0, 0, 0, 0, 14, 0, 13.9, 0, 2.739, 196, 0, 0, 0, 52, 1, 0.004, 0.004, 125.614, 27.64, 100, 0, 0, 141, 33.496, 33.496, 3.992, 0.72, 0, 90.5, 0, 0, 96.996, 52.815, 0, 0, 0, 0, 
5.4, 17.78, 100.33, 73.4, 74.16, , -1.123, 0.986, 422.941, 422.941, 2.733, -24.64, -24.64, -24.64, 52.326, 58.827, 35.24, 36.152, 7.382, 11.942, 0, 0, -3.37, -3.42, -3.37, -3.42, 1, 52.02, 52.02, 0.024, 0.133, -6.503, -6.593, -6.503, -6.593, 5.096, 7.382, 11.942, , , 1, 5.461, 0, 0, 13.9, 2.733, 196, 0, 0, 0, 52, 3.69, 3.64, 125.957, 27.64, 100, 0, 0, 33.401, 33.401, 3.801, 0.72, 90.5, 0, 0, 96.9, 52.697, 0, 0, 0, 0, 0, 14, 0, 13.9, 0, 2.733, 196, 0, 0, 0, 52, 1, 0.004, 0.004, 125.957, 27.64, 100, 0, 0, 141, 33.401, 33.401, 3.801, 0.72, 0, 90.5, 0, 0, 96.9, 52.697, 0, 0, 0, 0, 
5.45, 17.78, 100.33, 73.4, 74.16, , -1.048, 0.986, 426.769, 426.769, 2.727, -22.883, -22.883, -22.883, 52.282, 59.663, 35.192, 36.272, 7.382, 11.958, 0, 0, -3.127, -3.172, -3.127, -3.172, 1, 51.965, 51.965, 0.024, 0.133, -6.044, -6.13, -6.044, -6.13, 5.101, 7.382, 11.958, , , 1, 5.511, 0, 0, 13.9, 2.727, 196, 0, 0, 0, 52, 3.69, 3.64, 126.301, 27.64, 100, 0, 0, 33.305, 33.305, 3.609, 0.72, 90.5, 0, 0, 96.805, 52.579, 0, 0, 0, 0, 0, 14, 0, 13.9, 0, 2.727, 196, 0, 0, 0, 52, 1, 0.004, 0.004, 126.301, 27.64, 100, 0, 0, 141, 33.305, 33.305, 3.609, 0.72, 0, 90.5, 0, 0, 96.805, 52.579, 0, 0, 0, 0, 
5.5, 17.78, 100.33, 73.4, 74.16, , -1.12, 0.986, 430.544, 430.544, 2.721, -24.59, -24.59, -24.59, 52.263, 60.5, 34.976, 36.056, 7.382, 11.981, 0, 0, -3.356, -3.405, -3.356, -3.405, 1, 51.911, 51.911, 0.024, 0.132, -6.497, -6.589, -6.497, -6.589, 5.098, 7.382, 11.981, , , 1, 5.56, 0, 0, 13.9, 2.721, 196, 0, 0, 0, 52, 3.69, 3.64, 126.644, 27.64, 100, 0, 0, 33.21, 33.21, 3.418, 0.72, 90.5, 0, 0, 96.709, 52.46, 0, 0, 0, 0, 0, 14, 0, 13.9, 0, 2.721, 196, 0, 0, 0, 52, 1, 0.004, 0.004, 126.644, 27.64, 100, 0, 0, 141, 33.21, 33.21, 3.418, 0.72, 0, 90.5, 0, 0, 96.709, 52.46, 0, 0, 0, 0, 
5.55, 17.78, 100.33, 73.4, 74.16, , -1.186, 0.986, 434.348, 434.348, 2.715, -26.142, -26.142, -26.142, 52.276, 61.336, 34.76, 35.84, 7.382, 12.007, 0, 0, -3.565, -3.615, -3.565, -3.615, 1, 51.854, 51.854, 0.024, 0.132, -6.905, -7.002, -6.905, -7.002, 5.095, 7.382, 12.007, , , 1, 5.611, 0, 0, 13.9, 2.715, 196, 0, 0, 0, 52, 3.69, 3.64, 126.988, 27.64, 100, 0, 0, 33.115, 33.115, 3.226, 0.72, 90.5, 0, 0, 96.613, 52.342, 0, 0, 0, 0, 0, 14, 0, 13.9, 0, 2.715, 196, 0, 0, 0, 52, 1, 0.004, 0.004, 126.988, 27.64, 100, 0, 0, 141, 33.115, 33.115, 3.226, 0.72, 0, 90.5, 0, 0, 96.613, 52.342, 0, 0, 0, 0, 
5.6, 17.78, 100.33, 73.4, 74.16, , -1.199, 0.986, 438.176, 438.176, 2.709, -26.458, -26.458, -26.458, 52.324, 62.173, 34.544, 35.624, 7.381, 12.038, 0, 0, -3.605, -3.654, -3.605, -3.654, 1, 51.793, 51.793, 0.024, 0.132, -6.983, -7.08, -6.983, -7.08, 5.093, 7.381, 12.038, , , 1, 5.661, 0, 0, 13.9, 2.709, 196, 0, 0, 0, 52, 3.69, 3.64, 127.331, 27.64, 100, 0, 0, 33.019, 33.019, 3.034, 0.72, 90.5, 0, 0, 96.517, 52.224, 0, 0, 0, 0, 0, 14, 0, 13.9, 0, 2.709, 196, 0, 0, 0, 52, 1, 0.004, 0.004, 127.331, 27.64, 100, 0, 0, 141, 33.019, 33.019, 3.034, 0.72, 0, 90.5, 0, 0, 96.517, 52.224, 0, 0, 0, 0, 
5.65, 17.78, 100.33, 73.4, 74.16, , -1.188, 0.986, 441.992, 441.992, 2.708, -26.203, -26.203, -26.203, 52.397, 63.009, 34.328, 35.408, 7.38, 12.072, 0, 0, -3.565, -3.613, -3.565, -3.613, 1, 51.734, 51.734, 0.024, 0.132, -6.906, -7.002, -6.906, -7.002, 5.09, 7.38, 12.072, , , 1, 5.71, 0, 0, 13.917, 2.708, 196, 0, 0, 0, 52, 3.697, 3.63, 127.4, 27.579, 100, 0, 0, 32.919, 32.96, 3.165, 0.72, 90.459, 0, 0, 96.541, 52.149, 0, 0, 0, 0, 0, 14.008, 0, 13.917, 0, 2.708, 196, 0, 0, 0, 52, 1, 0.004, 0.004, 127.4, 27.579, 100, 0, 0, 141, 32.919, 32.96, 3.165, 0.72, 0, 90.459, 0, 0, 96.541, 52.149, 0, 0, 0, 0, 
5.7, 17.78, 100.33, 73.4, 74.16, , -1.297, 0.986, 445.758, 445.758, 2.708, -28.787, -28.787, -28.787, 52.47, 63.846, 34.208, 35.248, 7.379, 12.085, 0, 0, -3.909, -3.964, -3.909, -3.964, 1, 51.671, 51.671, 0.024, 0.132, -7.577, -7.682, -7.577, -7.682, 5.089, 7.379, 12.085, , , 1, 5.761, 0, 0, 13.937, 2.708, 196, 0, 0, 0, 52, 3.706, 3.618, 127.4, 27.504, 100, 0, 0, 32.818, 32.909, 3.367, 0.72, 90.408, 0, 0, 96.592, 52.085, 0, 0, 0, 0, 0, 14.018, 0, 13.937, 0, 2.708, 196, 0, 0, 0, 52, 1, 0.004, 0.004, 127.4, 27.504, 100, 0, 0, 141, 32.818, 32.909, 3.367, 0.72, 0, 90.408, 0, 0, 96.592, 52.085, 0, 0, 0, 0, 
5.75, 17.78, 100.33, 73.4, 74.16, , -1.347, 0.986, 449.582, 449.582, 2.708, -29.983, -29.983, -29.983, 52.531, 64.682, 34.424, 35.284, 7.378, 12.09, 0, 0, -4.065, -4.122, -4.065, -4.122, 1, 51.605, 51.605, 0.024, 0.132, -7.881, -7.99, -7.881, -7.99, 5.089, 7.378, 12.09, , , 1, 5.811, 0, 0, 13.957, 2.708, 196, 0, 0, 0, 52, 3.716, 3.606, 127.4, 27.43, 100, 0, 0, 32.717, 32.858, 3.569, 0.72, 90.358, 0, 0, 96.642, 52.021, 0, 0, 0, 0, 0, 14.028, 0, 13.957, 0, 2.708, 196, 0, 0, 0, 52, 1, 0.004, 0.004, 127.4, 27.43, 100, 0, 0, 141, 32.717, 32.858, 3.569, 0.72, 0, 90.358, 0, 0, 96.642, 52.021, 0, 0, 0, 0, 
5.8, 17.78, 100.33, 73.4, 74.16, , -1.47, 0.986, 453.366, 453.366, 2.708, -32.907, -32.907, -32.907, 52.582, 65.518, 34.64, 35.32, 7.378, 12.082, 0, 0, -4.455, -4.518, -4.455, -4.518, 1, 51.535, 51.535, 0.024, 0.132, -8.641, -8.762, -8.641, -8.762, 5.088, 7.378, 12.082, , , 1, 5.861, 0, 0, 13.977, 2.708, 196, 0, 0, 0, 52, 3.725, 3.594, 127.4, 27.355, 100, 0, 0, 32.615, 32.808, 3.77, 0.72, 90.307, 0, 0, 96.693, 51.958, 0, 0, 0, 0, 0, 14.039, 0, 13.977, 0, 2.708, 196, 0, 0, 0, 52, 1, 0.004, 0.004, 127.4, 27.355, 100, 0, 0, 141, 32.615, 32.808, 3.77, 0.72, 0, 90.307, 0, 0, 96.693, 51.958, 0, 0, 0, 0, 
5.85, 17.78, 100.33, 73.4, 74.16, , -1.616, 0.986, 457.132, 457.132, 2.708, -36.354, -36.354, -36.354, 52.624, 66.355, 34.856, 35.356, 7.377, 12.067, 0, 0, -4.915, -4.986, -4.915, -4.986, 1, 51.458, 51.458, 0.024, 0.132, -9.539, -9.675, -9.539, -9.675, 5.087, 7.377, 12.067, , , 1, 5.911, 0, 0, 13.997, 2.708, 196, 0, 0, 0, 52, 3.734, 3.582, 127.4, 27.28, 100, 0, 0, 32.514, 32.757, 3.972, 0.72, 90.257, 0, 0, 96.743, 51.894, 0, 0, 0, 0, 0, 14.049, 0, 13.997, 0, 2.708, 196, 0, 0, 0, 52, 1, 0.004, 0.004, 127.4, 27.28, 100, 0, 0, 141, 32.514, 32.757, 3.972, 0.72, 0, 90.257, 0, 0, 96.743, 51.894, 0, 0, 0, 0, 
5.9, 17.78, 100.33, 73.4, 74.16, , -1.738, 0.986, 460.898, 460.898, 2.706, -39.267, -39.267, -39.267, 52.649, 67.191, 35.072, 35.392, 7.377, 12.051, 0, 0, -5.301, -5.379, -5.301, -5.379, 1, 51.373, 51.373, 0.024, 0.132, -10.298, -10.445, -10.298, -10.445, 5.093, 7.377, 12.051, , , 1, 5.961, 0, 0, 14.023, 2.706, 196, 0, 0, 0, 52, 3.727, 3.582, 127.4, 27.27, 100, 0, 0, 32.5, 32.694, 4, 0.72, 90.193, 0, 0, 96.693, 51.814, 0, 0, 0, 0, 0, 14.061, 0, 14.023, 0, 2.706, 196, 0, 0, 0, 52, 1, 0.004, 0.004, 127.4, 27.27, 100, 0, 0, 141, 32.5, 32.693, 4, 0.72, 0, 90.193, 0, 0, 96.693, 51.814, 0, 0, 0, 0, 
5.95, 17.78, 100.33, 73.4, 74.16, , -1.816, 0.986, 464.664, 464.664, 2.705, -41.118, -41.118, -41.118, 52.668, 68.028, 35.24, 35.436, 7.377, 12.033, 0, 0, -5.542, -5.623, -5.542, -5.623, 1, 51.284, 51.284, 0.024, 0.133, -10.78, -10.932, -10.78, -10.932, 5.098, 7.377, 12.033, , , 1, 6.011, 0, 0, 14.049, 2.705, 196, 0, 0, 0, 52, 3.718, 3.585, 127.4, 27.27, 100, 0, 0, 32.5, 32.628, 4, 0.72, 90.128, 0, 0, 96.628, 51.732, 0, 0, 0, 0, 0, 14.074, 0, 14.049, 0, 2.705, 196, 0, 0, 0, 52, 1, 0.004, 0.004, 127.4, 27.27, 100, 0, 0, 141, 32.5, 32.628, 4, 0.72, 0, 90.128, 0, 0, 96.628, 51.732, 0, 0, 0, 0, 
6, 17.78, 100.33, 73.4, 74.16, , -1.863, 0.986, 468.43, 468.43, 2.703, -42.226, -42.226, -42.226, 52.68, 68.864, 35.24, 35.508, 7.377, 12.029, 0, 0, -5.684, -5.766, -5.684, -5.766, 1, 51.192, 51.192, 0.024, 0.133, -11.07, -11.227, -11.07, -11.227, 5.103, 7.377, 12.029, , , 1, 6.061, 0, 0, 14.075, 2.703, 196, 0, 0, 0, 52, 3.709, 3.587, 127.4, 27.27, 100, 0, 0, 32.5, 32.563, 4, 0.72, 90.062, 0, 0, 96.562, 51.649, 0, 0, 0, 0, 0, 14.088, 0, 14.075, 0, 2.703, 196, 0, 0, 0, 52, 1, 0.004, 0.004, 127.4, 27.27, 100, 0, 0, 141, 32.5, 32.562, 4, 0.72, 0, 90.062, 0, 0, 96.562, 51.649, 0, 0, 0, 0, 
6.05, 17.78, 100.33, 73.4, 74.16, , -1.829, 0.986, 472.196, 472.196, 2.702, -41.409, -41.409, -41.409, 52.684, 69.701, 35.24, 35.58, 7.377, 12.034, 0, 0, -5.564, -5.645, -5.564, -5.645, 1, 51.1, 51.1, 0.024, 0.133, -10.857, -11.009, -10.857, -11.009, 5.109, 7.377, 12.034, , , 1, 6.111, 0, 0, 14.1, 2.702, 196, 0, 0, 0, 52, 3.7, 3.59, 127.4, 27.266, 100, 0, 0, 32.5, 32.5, 4, 0.72, 90, 0, 0, 96.5, 51.57, 0, 0, 0, 0, 0, 14.099, 0, 14.1, 0, 2.702, 196, 0, 0, 0, 52, 1, 0.004, 0.004, 127.4, 27.266, 100, 0, 0, 141, 32.5, 32.5, 4, 0.72, 0, 90, 0, 0, 96.5, 51.57, 0, 0, 0, 0, 
6.1, 17.78, 100.33, 73.4, 74.16, , -1.784, 0.986, 475.962, 475.962, 2.696, -40.34, -40.34, -40.34, 52.676, 70.537, 35.24, 35.652, 7.377, 12.045, 0, 0, -5.411, -5.49, -5.411, -5.49, 1, 51.009, 51.009, 0.024, 0.133, -10.578, -10.727, -10.578, -10.727, 5.108, 7.377, 12.045, , , 1, 6.16, 0, 0, 14.1, 2.696, 196, 0, 0, 0, 52, 3.704, 3.596, 127.4, 27.192, 100, 0, 0, 32.5, 32.5, 4, 0.72, 90, 0, 0, 96.5, 51.57, 0, 0, 0, 0, 0, 14.079, 0, 14.1, 0, 2.696, 196, 0, 0, 0, 52, 1, 0.004, 0.004, 127.4, 27.192, 100, 0, 0, 141, 32.5, 32.5, 4, 0.72, 0, 90, 0, 0, 96.5, 51.57, 0, 0, 0, 0, 
6.15, 17.78, 100.33, 73.4, 74.16, , -1.769, 0.986, 479.729, 479.729, 2.691, -39.99, -39.99, -39.99, 52.666, 71.374, 35.24, 35.724, 7.378, 12.06, 0, 0, -5.354, -5.432, -5.354, -5.432, 1, 50.92, 50.92, 0.024, 0.132, -10.489, -10.637, -10.489, -10.637, 5.107, 7.378, 12.06, , , 1, 6.211, 0, 0, 14.1, 2.691, 196, 0, 0, 0, 52, 3.708, 3.602, 127.4, 27.118, 100, 0, 0, 32.5, 32.5, 4, 0.72, 90, 0, 0, 96.5, 51.57, 0, 0, 0, 0, 0, 14.059, 0, 14.1, 0, 2.691, 196, 0, 0, 0, 52, 1, 0.004, 0.004, 127.4, 27.118, 100, 0, 0, 141, 32.5, 32.5, 4, 0.72, 0, 90, 0, 0, 96.5, 51.57, 0, 0, 0, 0, 
6.2, 17.78, 100.33, 73.4, 74.16, , -1.793, 0.986, 483.492, 483.492, 2.686, -40.58, -40.58, -40.58, 52.659, 72.21, 35.163, 35.749, 7.378, 12.074, 0, 0, -5.422, -5.502, -5.422, -5.502, 1, 50.831, 50.831, 0.024, 0.132, -10.645, -10.797, -10.645, -10.797, 5.105, 7.378, 12.074, , , 1, 6.261, 0, 0, 14.1, 2.686, 196, 0, 0, 0, 52, 3.712, 3.608, 127.4, 27.044, 100, 0, 0, 32.5, 32.5, 4, 0.72, 90, 0, 0, 96.5, 51.57, 0, 0, 0, 0, 0, 14.039, 0, 14.1, 0, 2.686, 196, 0, 0, 0, 52, 1, 0.004, 0.004, 127.4, 27.044, 100, 0, 0, 141, 32.5, 32.5, 4, 0.72, 0, 90, 0, 0, 96.5, 51.57, 0, 0, 0, 0, 
6.25, 17.78, 100.33, 73.4, 74.16, , -1.753, 0.986, 487.199, 487.199, 2.681, -39.633, -39.633, -39.633, 52.653, 73.046, 34.811, 35.608, 7.379, 12.089, 0, 0, -5.287, -5.365, -5.287, -5.365, 1, 50.742, 50.742, 0.024, 0.132, -10.397, -10.545, -10.397, -10.545, 5.104, 7.379, 12.089, , , 1, 6.311, 0, 0, 14.1, 2.681, 196, 0, 0, 0, 52, 3.716, 3.614, 127.4, 26.97, 100, 0, 0, 32.5, 32.5, 4, 0.72, 90, 0, 0, 96.5, 51.57, 0, 0, 0, 0, 0, 14.019, 0, 14.1, 0, 2.681, 196, 0, 0, 0, 52, 1, 0.004, 0.004, 127.4, 26.97, 100, 0, 0, 141, 32.5, 32.5, 4, 0.72, 0, 90, 0, 0, 96.5, 51.57, 0, 0, 0, 0, 
6.3, 17.78, 100.33, 73.4, 74.16, , -1.718, 0.986, 490.905, 490.905, 2.676, -38.804, -38.804, -38.804, 52.649, 73.883, 34.46, 35.468, 7.38, 12.101, 0, 0, -5.169, -5.245, -5.169, -5.245, 1, 50.654, 50.654, 0.024, 0.132, -10.18, -10.326, -10.18, -10.326, 5.098, 7.38, 12.101, , , 1, 6.361, 0, 0, 14.101, 2.676, 196, 0, 0, 0, 52, 3.72, 3.62, 127.4, 26.909, 100, 0, 0, 32.494, 32.494, 4, 0.72, 89.997, 0, 0, 96.494, 51.562, 0, 0, 0, 0, 0, 14, 0, 14.101, 0, 2.676, 196, 0, 0, 0, 52, 1, 0.004, 0.004, 127.4, 26.909, 100, 0, 0, 141, 32.494, 32.494, 4, 0.72, 0, 89.997, 0, 0, 96.494, 51.562, 0, 0, 0, 0, 
6.35, 17.78, 100.33, 73.4, 74.16, , -1.705, 0.986, 494.642, 494.642, 2.669, -38.495, -38.495, -38.495, 52.643, 74.719, 34.108, 35.327, 7.381, 12.112, 0, 0, -5.12, -5.194, -5.12, -5.194, 1, 50.569, 50.569, 0.024, 0.132, -10.099, -10.244, -10.099, -10.244, 5.088, 7.381, 12.112, , , 1, 6.411, 0, 0, 14.111, 2.669, 196, 0, 0, 0, 52, 3.719, 3.623, 127.4, 27.063, 100, 0, 0, 32.338, 32.338, 4, 0.72, 89.945, 0, 0, 96.39, 51.369, 0, 0, 0, 0, 0, 14, 0, 14.111, 0, 2.669, 196, 0, 0, 0, 52, 1, 0.004, 0.004, 127.4, 27.063, 100, 0, 0, 141, 32.338, 32.338, 4, 0.72, 0, 89.945, 0, 0, 96.39, 51.369, 0, 0, 0, 0, 
6.4, 17.78, 100.33, 73.4, 74.16, , -1.698, 0.986, 498.391, 498.391, 2.662, -38.335, -38.335, -38.335, 52.642, 75.556, 33.756, 35.187, 7.382, 12.123, 0, 0, -5.09, -5.162, -5.09, -5.162, 1, 50.483, 50.483, 0.024, 0.132, -10.057, -10.201, -10.057, -10.201, 5.078, 7.382, 12.123, , , 1, 6.461, 0, 0, 14.121, 2.662, 196, 0, 0, 0, 52, 3.718, 3.626, 127.4, 27.216, 100, 0, 0, 32.183, 32.183, 4, 0.72, 89.893, 0, 0, 96.286, 51.176, 0, 0, 0, 0, 0, 14, 0, 14.121, 0, 2.662, 196, 0, 0, 0, 52, 1, 0.004, 0.004, 127.4, 27.216, 100, 0, 0, 141, 32.183, 32.183, 4, 0.72, 0, 89.893, 0, 0, 96.286, 51.176, 0, 0, 0, 0, 
6.45, 17.78, 100.33, 73.4, 74.16, , -1.66, 0.986, 502.096, 502.096, 2.655, -37.415, -37.415, -37.415, 52.642, 76.392, 33.481, 35.06, 7.382, 12.136, 0, 0, -4.959, -5.028, -4.959, -5.028, 1, 50.399, 50.399, 0.024, 0.132, -9.815, -9.955, -9.815, -9.955, 5.068, 7.382, 12.136, , , 1, 6.511, 0, 0, 14.132, 2.655, 196, 0, 0, 0, 52, 3.717, 3.629, 127.4, 27.37, 100, 0, 0, 32.027, 32.027, 4, 0.72, 89.841, 0, 0, 96.183, 50.983, 0, 0, 0, 0, 0, 14, 0, 14.132, 0, 2.655, 196, 0, 0, 0, 52, 1, 0.004, 0.004, 127.4, 27.37, 100, 0, 0, 141, 32.027, 32.027, 4, 0.72, 0, 89.841, 0, 0, 96.183, 50.983, 0, 0, 0, 0, 
6.5, 17.78, 100.33, 73.4, 74.16, , -1.638, 0.986, 505.745, 505.745, 2.649, -36.911, -36.911, -36.911, 52.643, 77.229, 33.886, 35.06, 7.382, 12.151, 0, 0, -4.884, -4.952, -4.884, -4.952, 1, 50.316, 50.316, 0.024, 0.132, -9.682, -9.822, -9.682, -9.822, 5.066, 7.382, 12.151, , , 1, 6.561, 0, 0, 14.142, 2.649, 196, 0, 0, 0, 52, 3.716, 3.633, 127.4, 27.523, 100, 0, 0, 31.871, 31.871, 4, 0.72, 89.789, 0, 0, 96.079, 50.79, 0, 0, 0, 0, 0, 14, 0, 14.142, 0, 2.649, 196, 0, 0, 0, 52, 1, 0.004, 0.004, 127.4, 27.523, 100, 0, 0, 141, 31.871, 31.871, 4, 0.72, 0, 89.789, 0, 0, 96.079, 50.79, 0, 0, 0, 0, 
6.55, 17.78, 100.33, 73.4, 74.16, , -1.603, 0.986, 509.436, 509.436, 2.643, -36.078, -36.078, -36.078, 52.645, 78.065, 34.292, 35.06, 7.382, 12.168, 0, 0, -4.768, -4.834, -4.768, -4.834, 1, 50.233, 50.233, 0.024, 0.132, -9.464, -9.6, -9.464, -9.6, 5.077, 7.382, 12.168, , , 1, 6.61, 0, 0, 14.153, 2.643, 196, 0, 0, 0, 52, 3.714, 3.635, 127.4, 27.649, 100, 0, 0, 31.738, 31.738, 4, 0.72, 89.737, 0, 0, 96, 50.626, 0, 0, 0, 0, 0, 14.003, 0, 14.153, 0, 2.643, 196, 0, 0, 0, 52, 1, 0.004, 0.004, 127.4, 27.649, 100, 0, 0, 141, 31.738, 31.738, 4, 0.72, 0, 89.737, 0, 0, 96, 50.626, 0, 0, 0, 0, 
6.6, 17.78, 100.33, 73.4, 74.16, , -1.559, 0.986, 513.142, 513.142, 2.639, -35.038, -35.038, -35.038, 52.649, 78.901, 34.698, 35.06, 7.382, 12.185, 0, 0, -4.624, -4.689, -4.624, -4.689, 1, 50.154, 50.154, 0.024, 0.132, -9.192, -9.322, -9.192, -9.322, 5.088, 7.382, 12.185, , , 1, 6.661, 0, 0, 14.163, 2.639, 196, 0, 0, 0, 52, 3.709, 3.632, 127.4, 27.688, 100, 0, 0, 31.686, 31.686, 4, 0.72, 89.685, 0, 0, 96, 50.561, 0, 0, 0, 0, 0, 14.013, 0, 14.163, 0, 2.639, 196, 0, 0, 0, 52, 1, 0.004, 0.004, 127.4, 27.688, 100, 0, 0, 141, 31.686, 31.686, 4, 0.72, 0, 89.685, 0, 0, 96, 50.561, 0, 0, 0, 0, 
6.65, 17.78, 100.33, 73.4, 74.16, , -1.525, 0.986, 516.836, 516.836, 2.635, -34.219, -34.219, -34.219, 52.648, 79.738, 35.104, 35.06, 7.381, 12.2, 0, 0, -4.507, -4.572, -4.507, -4.572, 1, 50.077, 50.077, 0.024, 0.132, -8.978, -9.103, -8.978, -9.103, 5.099, 7.381, 12.2, , , 1, 6.711, 0, 0, 14.173, 2.635, 196, 0, 0, 0, 52, 3.703, 3.63, 127.4, 27.727, 100, 0, 0, 31.633, 31.633, 4, 0.72, 89.633, 0, 0, 96, 50.495, 0, 0, 0, 0, 0, 14.023, 0, 14.173, 0, 2.635, 196, 0, 0, 0, 52, 1, 0.004, 0.004, 127.4, 27.727, 100, 0, 0, 141, 31.633, 31.633, 4, 0.72, 0, 89.633, 0, 0, 96, 50.495, 0, 0, 0, 0, 
6.7, 17.78, 100.33, 73.4, 74.16, , -1.538, 0.986, 520.484, 520.484, 2.631, -34.534, -34.534, -34.534, 52.647, 80.574, 35.428, 35.068, 7.38, 12.215, 0, 0, -4.538, -4.603, -4.538, -4.603, 1, 50, 50, 0.024, 0.132, -9.06, -9.187, -9.06, -9.187, 5.109, 7.38, 12.215, , , 1, 6.761, 0, 0, 14.184, 2.631, 196, 0, 0, 0, 52, 3.698, 3.628, 127.4, 27.765, 100, 0, 0, 31.581, 31.581, 4, 0.72, 89.581, 0, 0, 96, 50.43, 0, 0, 0, 0, 0, 14.034, 0, 14.184, 0, 2.631, 196, 0, 0, 0, 52, 1, 0.004, 0.004, 127.4, 27.765, 100, 0, 0, 141, 31.581, 31.581, 4, 0.72, 0, 89.581, 0, 0, 96, 50.43, 0, 0, 0, 0, 
6.75, 17.78, 100.33, 73.4, 74.16, , -1.614, 0.986, 524.188, 524.188, 2.627, -36.345, -36.345, -36.345, 52.649, 81.411, 35.464, 35.104, 7.38, 12.229, 0, 0, -4.768, -4.836, -4.768, -4.836, 1, 49.921, 49.921, 0.024, 0.132, -9.535, -9.668, -9.535, -9.668, 5.114, 7.38, 12.229, , , 1, 6.811, 0, 0, 14.194, 2.627, 196, 0, 0, 0, 52, 3.693, 3.626, 127.4, 27.804, 100, 0, 0, 31.528, 31.528, 4, 0.72, 89.528, 0, 0, 96, 50.365, 0, 0, 0, 0, 0, 14.044, 0, 14.194, 0, 2.627, 196, 0, 0, 0, 52, 1, 0.004, 0.004, 127.4, 27.804, 100, 0, 0, 141, 31.528, 31.528, 4, 0.72, 0, 89.528, 0, 0, 96, 50.365, 0, 0, 0, 0, 
6.8, 17.78, 100.33, 73.4, 74.16, , -1.733, 0.986, 527.856, 527.856, 2.622, -39.174, -39.174, -39.174, 52.653, 82.247, 35.5, 35.14, 7.38, 12.244, 0, 0, -5.131, -5.205, -5.131, -5.205, 1, 49.839, 49.839, 0.024, 0.132, -10.275, -10.42, -10.275, -10.42, 5.12, 7.38, 12.244, , , 1, 6.861, 0, 0, 14.2, 2.622, 196, 0, 0, 0, 52, 3.688, 3.621, 127.4, 27.844, 100, 0, 0, 31.5, 31.5, 4, 0.72, 89.5, 0, 0, 95.975, 50.299, 0, 0, 0, 0, 0, 14.05, 0, 14.2, 0, 2.622, 196, 0, 0, 0, 52, 1, 0.004, 0.004, 127.4, 27.844, 100, 0, 0, 141, 31.5, 31.5, 4, 0.72, 0, 89.5, 0, 0, 95.975, 50.299, 0, 0, 0, 0, 
6.85, 17.78, 100.33, 73.4, 74.16, , -1.824, 0.986, 531.504, 531.504, 2.618, -41.333, -41.333, -41.333, 52.661, 83.084, 35.536, 35.176, 7.38, 12.26, 0, 0, -5.406, -5.483, -5.406, -5.483, 1, 49.747, 49.747, 0.024, 0.132, -10.839, -10.993, -10.839, -10.993, 5.126, 7.38, 12.26, , , 1, 6.911, 0, 0, 14.2, 2.618, 196, 0, 0, 0, 52, 3.682, 3.614, 127.4, 27.884, 100, 0, 0, 31.5, 31.5, 4, 0.72, 89.5, 0, 0, 95.921, 50.232, 0, 0, 0, 0, 0, 14.05, 0, 14.2, 0, 2.618, 196, 0, 0, 0, 52, 1, 0.004, 0.004, 127.4, 27.884, 100, 0, 0, 141, 31.5, 31.5, 4, 0.72, 0, 89.5, 0, 0, 95.921, 50.232, 0, 0, 0, 0, 
6.9, 17.78, 100.33, 73.4, 74.16, , -1.826, 0.986, 535.153, 535.153, 2.613, -41.386, -41.386, -41.386, 52.665, 83.92, 35.572, 35.212, 7.38, 12.278, 0, 0, -5.406, -5.48, -5.406, -5.48, 1, 49.655, 49.655, 0.024, 0.133, -10.851, -11.007, -10.851, -11.007, 5.129, 7.38, 12.278, , , 1, 6.961, 0, 0, 14.2, 2.613, 196, 0, 0, 0, 52, 3.677, 3.606, 127.4, 27.924, 100, 0, 0, 31.5, 31.5, 4, 0.72, 89.5, 0, 0, 95.866, 50.164, 0, 0, 0, 0, 0, 14.05, 0, 14.2, 0, 2.613, 196, 0, 0, 0, 52, 1, 0.004, 0.004, 127.4, 27.924, 100, 0, 0, 141, 31.5, 31.5, 4, 0.72, 0, 89.5, 0, 0, 95.866, 50.164, 0, 0, 0, 0, 
6.95, 17.78, 100.33, 73.4, 74.16, , -1.69, 0.986, 538.801, 538.801, 2.608, -38.148, -38.148, -38.148, 52.661, 84.757, 35.576, 35.2, 7.379, 12.3, 0, 0, -4.976, -5.045, -4.976, -5.045, 1, 49.567, 49.567, 0.024, 0.133, -10.003, -10.145, -10.003, -10.145, 5.108, 7.379, 12.3, , , 1, 7.011, 0, 0, 14.2, 2.608, 196, 0, 0, 0, 52, 3.671, 3.599, 127.4, 27.964, 100, 0, 0, 31.5, 31.5, 4, 0.72, 89.5, 0, 0, 95.812, 50.097, 0, 0, 0, 0, 0, 14.05, 0, 14.2, 0, 2.608, 196, 0, 0, 0, 52, 1, 0.004, 0.004, 127.4, 27.964, 100, 0, 0, 141, 31.5, 31.5, 4, 0.72, 0, 89.5, 0, 0, 95.812, 50.097, 0, 0, 0, 0, 
7, 17.78, 100.33, 73.4, 74.16, , -1.559, 0.986, 542.45, 542.45, 2.604, -35.043, -35.043, -35.043, 52.645, 83.409, 35.468, 35.02, 7.379, 12.322, 0, 0, -4.565, -4.627, -4.565, -4.627, 1, 49.485, 49.485, 0.024, 0.133, -9.192, -9.322, -9.192, -9.322, 5.086, 7.379, 12.322, , , 1, 7.061, 0, 0, 14.2, 2.604, 196, 0, 0, 0, 52, 3.666, 3.591, 127.4, 28.004, 100, 0, 0, 31.5, 31.5, 4, 0.72, 89.5, 0, 0, 95.758, 50.029, 0, 0, 0, 0, 0, 14.05, 0, 14.2, 0, 2.604, 196, 0, 0, 0, 52, 1, 0.004, 0.004, 127.4, 28.004, 100, 0, 0, 141, 31.5, 31.5, 4, 0.72, 0, 89.5, 0, 0, 95.758, 50.029, 0, 0, 0, 0, 
7.05, 17.78, 100.33, 73.4, 74.16, , -1.496, 0.986, 546.098, 546.098, 2.599, -33.544, -33.544, -33.544, 52.62, 81.971, 35.36, 34.84, 7.378, 12.346, 0, 0, -4.362, -4.421, -4.362, -4.421, 1, 49.411, 49.411, 0.024, 0.133, -8.802, -8.928, -8.802, -8.928, 5.065, 7.378, 12.346, , , 1, 7.111, 0, 0, 14.21, 2.599, 196, 0, 0, 0, 52, 3.665, 3.593, 127.4, 28.01, 100, 0, 0, 31.451, 31.451, 4, 0.718, 89.5, 0, 0, 95.701, 49.899, 0, 0, 0, 0, 0, 14.05, 0, 14.21, 0, 2.599, 196, 0, 0, 0, 52, 1, 0.004, 0.004, 127.4, 28.01, 100, 0, 0, 141, 31.451, 31.451, 4, 0.718, 0, 89.5, 0, 0, 95.701, 49.899, 0, 0, 0, 0, 
7.1, 17.78, 100.33, 73.4, 74.16, , -1.49, 0.986, 549.731, 549.731, 2.594, -33.403, -33.403, -33.403, 52.6, 80.533, 35.252, 34.66, 7.378, 12.368, 0, 0, -4.336, -4.394, -4.336, -4.394, 1, 49.337, 49.337, 0.024, 0.133, -8.77, -8.895, -8.77, -8.895, 5.044, 7.378, 12.368, , , 1, 7.161, 0, 0, 14.221, 2.594, 196, 0, 0, 0, 52, 3.665, 3.596, 127.4, 28.01, 100, 0, 0, 31.395, 31.395, 4, 0.716, 89.5, 0, 0, 95.644, 49.759, 0, 0, 0, 0, 0, 14.05, 0, 14.221, 0, 2.594, 196, 0, 0, 0, 52, 1, 0.004, 0.004, 127.4, 28.01, 100, 0, 0, 141, 31.395, 31.395, 4, 0.716, 0, 89.5, 0, 0, 95.644, 49.759, 0, 0, 0, 0, 
7.15, 17.78, 100.33, 73.4, 74.16, , -1.496, 0.986, 553.323, 553.323, 2.59, -33.557, -33.557, -33.557, 52.586, 79.094, 35.144, 34.48, 7.377, 12.387, 0, 0, -4.347, -4.407, -4.347, -4.407, 1, 49.262, 49.262, 0.024, 0.133, -8.814, -8.939, -8.814, -8.939, 5.03, 7.377, 12.387, , , 1, 7.211, 0, 0, 14.232, 2.59, 196, 0, 0, 0, 52, 3.665, 3.6, 127.4, 28.01, 100, 0, 0, 31.338, 31.338, 4, 0.714, 89.5, 0, 0, 95.588, 49.619, 0, 0, 0, 0, 0, 14.05, 0, 14.232, 0, 2.59, 196, 0, 0, 0, 52, 1, 0.004, 0.004, 127.4, 28.01, 100, 0, 0, 141, 31.338, 31.338, 4, 0.714, 0, 89.5, 0, 0, 95.588, 49.619, 0, 0, 0, 0, 
7.2, 17.78, 100.33, 73.4, 74.16, , -1.551, 0.986, 556.97, 556.97, 2.585, -34.863, -34.863, -34.863, 52.582, 77.656, 35.028, 34.38, 7.377, 12.41, 0, 0, -4.508, -4.572, -4.508, -4.572, 1, 49.186, 49.186, 0.024, 0.133, -9.156, -9.286, -9.156, -9.286, 5.018, 7.377, 12.41, , , 1, 7.261, 0, 0, 14.244, 2.585, 196, 0, 0, 0, 52, 3.665, 3.603, 127.4, 28.01, 100, 0, 0, 31.282, 31.282, 4, 0.711, 89.5, 0, 0, 95.531, 49.479, 0, 0, 0, 0, 0, 14.05, 0, 14.244, 0, 2.585, 196, 0, 0, 0, 52, 1, 0.004, 0.004, 127.4, 28.01, 100, 0, 0, 141, 31.282, 31.282, 4, 0.711, 0, 89.5, 0, 0, 95.531, 49.479, 0, 0, 0, 0, 
7.25, 17.78, 100.33, 73.4, 74.16, , -1.588, 0.986, 560.579, 560.579, 2.581, -35.734, -35.734, -35.734, 52.588, 76.218, 34.884, 34.56, 7.378, 12.436, 0, 0, -4.614, -4.68, -4.614, -4.68, 1, 49.107, 49.107, 0.024, 0.133, -9.382, -9.516, -9.382, -9.516, 5.005, 7.378, 12.436, , , 1, 7.311, 0, 0, 14.255, 2.581, 196.096, 0, 0, 0, 52, 3.669, 3.606, 127.4, 28.028, 100, 0, 0, 31.227, 31.227, 4, 0.71, 89.5, 0, 0, 95.5, 49.371, 0, 0, 0, 0, 0, 14.05, 0, 14.255, 0, 2.581, 196.096, 0, 0, 0, 52, 1, 0.004, 0.004, 127.4, 28.028, 100, 0, 0, 141, 31.227, 31.227, 4, 0.71, 0, 89.5, 0, 0, 95.5, 49.371, 0, 0, 0, 0, 
7.3, 17.78, 100.33, 73.4, 74.16, , -1.552, 0.986, 564.171, 564.171, 2.577, -34.891, -34.891, -34.891, 52.602, 74.779, 34.74, 34.74, 7.378, 12.465, 0, 0, -4.499, -4.565, -4.499, -4.565, 1, 49.025, 49.025, 0.024, 0.134, -9.16, -9.289, -9.16, -9.289, 4.993, 7.378, 12.465, , , 1, 7.361, 0, 0, 14.265, 2.577, 196.304, 0, 0, 0, 52, 3.677, 3.61, 127.4, 28.066, 100, 0, 0, 31.175, 31.175, 4, 0.71, 89.5, 0, 0, 95.5, 49.307, 0, 0, 0, 0, 0, 14.05, 0, 14.265, 0, 2.577, 196.304, 0, 0, 0, 52, 1, 0.004, 0.004, 127.4, 28.066, 100, 0, 0, 141, 31.175, 31.175, 4, 0.71, 0, 89.5, 0, 0, 95.5, 49.307, 0, 0, 0, 0, 
7.35, 17.78, 100.33, 73.4, 74.16, , -1.426, 0.986, 567.763, 567.763, 2.574, -31.909, -31.909, -31.909, 52.609, 73.341, 34.596, 34.92, 7.379, 12.497, 0, 0, -4.109, -4.169, -4.109, -4.169, 1, 48.951, 48.951, 0.024, 0.134, -8.376, -8.492, -8.376, -8.492, 4.984, 7.379, 12.497, , , 1, 7.411, 0, 0, 14.276, 2.574, 196.512, 0, 0, 0, 52, 3.685, 3.613, 127.4, 28.105, 100, 0, 0, 31.122, 31.122, 4, 0.71, 89.5, 0, 0, 95.5, 49.242, 0, 0, 0, 0, 0, 14.05, 0, 14.276, 0, 2.574, 196.512, 0, 0, 0, 52, 1, 0.004, 0.004, 127.4, 28.105, 100, 0, 0, 141, 31.122, 31.122, 4, 0.71, 0, 89.5, 0, 0, 95.5, 49.242, 0, 0, 0, 0, 
7.4, 17.78, 100.33, 73.4, 74.16, , -1.351, 0.986, 571.356, 571.356, 2.57, -30.127, -30.127, -30.127, 52.612, 71.903, 34.452, 35.1, 7.379, 12.534, 0, 0, -3.874, -3.93, -3.874, -3.93, 1, 48.882, 48.882, 0.024, 0.134, -7.906, -8.018, -7.906, -8.018, 4.976, 7.379, 12.534, , , 1, 7.46, 0, 0, 14.286, 2.57, 196.721, 0, 0, 0, 52, 3.694, 3.616, 127.4, 28.143, 100, 0, 0, 31.07, 31.07, 4, 0.71, 89.5, 0, 0, 95.5, 49.177, 0, 0, 0, 0, 0, 14.05, 0, 14.286, 0, 2.57, 196.721, 0, 0, 0, 52, 1, 0.004, 0.004, 127.4, 28.143, 100, 0, 0, 141, 31.07, 31.07, 4, 0.71, 0, 89.5, 0, 0, 95.5, 49.177, 0, 0, 0, 0, 
7.45, 17.78, 100.33, 73.4, 74.16, , -1.339, 0.986, 574.948, 574.948, 2.567, -29.833, -29.833, -29.833, 52.612, 70.464, 34.403, 35.343, 7.38, 12.577, 0, 0, -3.831, -3.886, -3.831, -3.886, 1, 48.814, 48.814, 0.024, 0.133, -7.829, -7.939, -7.829, -7.939, 4.969, 7.38, 12.577, , , 1, 7.51, 0, 0, 14.296, 2.567, 196.929, 0, 0, 0, 52, 3.702, 3.619, 127.4, 28.182, 100, 0, 0, 31.018, 31.018, 4, 0.71, 89.5, 0, 0, 95.5, 49.112, 0, 0, 0, 0, 0, 14.05, 0, 14.296, 0, 2.567, 196.929, 0, 0, 0, 52, 1, 0.004, 0.004, 127.4, 28.182, 100, 0, 0, 141, 31.018, 31.018, 4, 0.71, 0, 89.5, 0, 0, 95.5, 49.112, 0, 0, 0, 0, 
7.5, 17.78, 100.33, 73.4, 74.16, , -1.338, 0.986, 578.54, 578.54, 2.564, -29.83, -29.83, -29.83, 52.612, 69.026, 34.69, 35.809, 7.38, 12.618, 0, 0, -3.824, -3.879, -3.824, -3.879, 1, 48.747, 48.747, 0.024, 0.133, -7.828, -7.938, -7.828, -7.938, 4.962, 7.38, 12.618, , , 1, 7.561, 0, 0, 14.307, 2.564, 197.138, 0, 0, 0, 52, 3.707, 3.622, 127.4, 28.246, 100, 0, 0, 30.966, 30.966, 4, 0.711, 89.466, 0, 0, 95.5, 49.09, 0, 0, 0, 0, 0, 14.05, 0, 14.307, 0, 2.564, 197.138, 0, 0, 0, 52, 1, 0.004, 0.004, 127.4, 28.246, 100, 0, 0, 141, 30.966, 30.966, 4, 0.711, 0, 89.466, 0, 0, 95.5, 49.047, 0, 0, 0, 0, 
7.55, 17.78, 100.33, 73.4, 74.16, , -1.361, 0.986, 582.132, 582.132, 2.561, -30.358, -30.358, -30.358, 52.617, 67.588, 34.977, 36.275, 7.379, 12.651, 0, 0, -3.885, -3.941, -3.885, -3.941, 1, 48.68, 48.68, 0.024, 0.133, -7.966, -8.078, -7.966, -8.078, 4.959, 7.379, 12.651, , , 1, 7.611, 0, 0, 14.317, 2.561, 197.346, 0, 0, 0, 52, 3.71, 3.625, 127.4, 28.323, 100, 0, 0, 30.914, 30.914, 4, 0.713, 89.414, 0, 0, 95.5, 49.09, 0, 0, 0, 0, 0, 14.05, 0, 14.317, 0, 2.561, 197.346, 0, 0, 0, 52, 1, 0.004, 0.004, 127.4, 28.323, 100, 0, 0, 141, 30.914, 30.914, 4, 0.713, 0, 89.414, 0, 0, 95.5, 48.983, 0, 0, 0, 0, 
7.6, 17.78, 100.33, 73.4, 74.16, , -1.486, 0.986, 585.725, 585.725, 2.558, -33.337, -33.337, -33.337, 52.631, 66.149, 35.264, 36.741, 7.379, 12.681, 0, 0, -4.258, -4.322, -4.258, -4.322, 1, 48.608, 48.608, 0.024, 0.133, -8.745, -8.868, -8.745, -8.868, 4.966, 7.379, 12.681, , , 1, 7.66, 0, 0, 14.328, 2.558, 197.554, 0, 0, 0, 52, 3.713, 3.628, 127.4, 28.4, 100, 0, 0, 30.861, 30.861, 4, 0.716, 89.361, 0, 0, 95.5, 49.09, 0, 0, 0, 0, 0, 14.05, 0, 14.328, 0, 2.558, 197.554, 0, 0, 0, 52, 1, 0.004, 0.004, 127.4, 28.4, 100, 0, 0, 141, 30.861, 30.861, 4, 0.716, 0, 89.361, 0, 0, 95.5, 48.918, 0, 0, 0, 0, 
7.65, 17.78, 100.33, 73.4, 74.16, , -1.517, 0.986, 589.268, 589.268, 2.555, -34.063, -34.063, -34.063, 52.654, 64.711, 35.551, 37.207, 7.378, 12.707, 0, 0, -4.344, -4.409, -4.344, -4.409, 1, 48.532, 48.532, 0.024, 0.133, -8.932, -9.057, -8.932, -9.057, 4.974, 7.378, 12.707, , , 1, 7.71, 0, 0, 14.338, 2.555, 197.762, 0, 0, 0, 52, 3.716, 3.631, 127.4, 28.477, 100, 0, 0, 30.809, 30.809, 4, 0.718, 89.309, 0, 0, 95.5, 49.09, 0, 0, 0, 0, 0, 14.05, 0, 14.338, 0, 2.555, 197.762, 0, 0, 0, 52, 1, 0.004, 0.004, 127.4, 28.477, 100, 0, 0, 141, 30.809, 30.809, 4, 0.718, 0, 89.309, 0, 0, 95.5, 48.854, 0, 0, 0, 0, 
7.7, 17.78, 100.33, 73.4, 74.16, , -1.505, 0.986, 592.838, 592.838, 2.552, -33.786, -33.786, -33.786, 52.683, 63.273, 35.766, 37.522, 7.378, 12.73, 0, 0, -4.303, -4.367, -4.303, -4.367, 1, 48.455, 48.455, 0.024, 0.133, -8.855, -8.978, -8.855, -8.978, 4.982, 7.378, 12.73, , , 1, 7.761, 0, 0, 14.349, 2.552, 197.971, 0, 0, 0, 52, 3.72, 3.635, 127.4, 28.554, 100, 0, 0, 30.757, 30.757, 4, 0.72, 89.257, 0, 0, 95.5, 49.09, 0, 0, 0, 0, 0, 14.05, 0, 14.349, 0, 2.552, 197.971, 0, 0, 0, 52, 1, 0.004, 0.004, 127.4, 28.554, 100, 0, 0, 141, 30.757, 30.757, 4, 0.72, 0, 89.257, 0, 0, 95.5, 48.789, 0, 0, 0, 0, 
7.75, 17.78, 100.33, 73.4, 74.16, , -1.482, 0.986, 596.415, 596.415, 2.551, -33.254, -33.254, -33.254, 52.71, 61.834, 35.693, 37.233, 7.377, 12.743, 0, 0, -4.229, -4.291, -4.229, -4.291, 1, 48.381, 48.381, 0.024, 0.133, -8.712, -8.833, -8.712, -8.833, 4.99, 7.377, 12.743, , , 1, 7.811, 0, 0, 14.359, 2.551, 198, 0, 0, 0, 52, 3.72, 3.639, 127.4, 28.598, 100, 0, 0, 30.705, 30.705, 4, 0.72, 89.205, 0, 0, 95.5, 48.979, 0, 0, 0, 0, 0, 14.059, 0, 14.359, 0, 2.551, 198, 0, 0, 0, 52, 1, 0.004, 0.004, 127.4, 28.598, 100, 0, 0, 141, 30.705, 30.705, 4, 0.72, 0, 89.205, 0, 0, 95.5, 48.724, 0, 0, 0, 0, 
7.8, 17.78, 100.33, 73.4, 74.16, , -1.491, 0.986, 599.952, 599.952, 2.549, -33.467, -33.467, -33.467, 52.727, 60.396, 35.621, 36.944, 7.377, 12.755, 0, 0, -4.252, -4.312, -4.252, -4.312, 1, 48.307, 48.307, 0.024, 0.133, -8.765, -8.888, -8.765, -8.888, 5.008, 7.377, 12.755, , , 1, 7.861, 0, 0, 14.369, 2.549, 198, 0, 0, 0, 52, 3.72, 3.645, 127.4, 28.637, 100, 0, 0, 30.653, 30.653, 4, 0.72, 89.153, 0, 0, 95.5, 48.851, 0, 0, 0, 0, 0, 14.069, 0, 14.369, 0, 2.549, 198, 0, 0, 0, 52, 1, 0.004, 0.004, 127.4, 28.637, 100, 0, 0, 141, 30.653, 30.653, 4, 0.72, 0, 89.153, 0, 0, 95.5, 48.66, 0, 0, 0, 0, 
7.85, 17.78, 100.33, 73.4, 74.16, , -1.464, 0.986, 603.49, 603.49, 2.548, -32.811, -32.811, -32.811, 52.733, 58.958, 35.549, 36.655, 7.377, 12.764, 0, 0, -4.162, -4.22, -4.162, -4.22, 1, 48.233, 48.233, 0.024, 0.133, -8.595, -8.714, -8.595, -8.714, 5.026, 7.377, 12.764, , , 1, 7.911, 0, 0, 14.38, 2.548, 198, 0, 0, 0, 52, 3.72, 3.65, 127.4, 28.675, 100, 0, 0, 30.601, 30.601, 4, 0.72, 89.101, 0, 0, 95.5, 48.722, 0, 0, 0, 0, 0, 14.08, 0, 14.38, 0, 2.548, 198, 0, 0, 0, 52, 1, 0.004, 0.004, 127.4, 28.675, 100, 0, 0, 141, 30.601, 30.601, 4, 0.72, 0, 89.101, 0, 0, 95.5, 48.595, 0, 0, 0, 0, 
7.9, 17.78, 100.33, 73.4, 74.16, , -1.44, 0.986, 607.028, 607.028, 2.547, -32.259, -32.259, -32.259, 52.725, 57.519, 35.476, 36.366, 7.377, 12.771, 0, 0, -4.085, -4.143, -4.085, -4.143, 1, 48.161, 48.161, 0.024, 0.133, -8.452, -8.569, -8.452, -8.569, 5.043, 7.377, 12.771, , , 1, 7.96, 0, 0, 14.39, 2.547, 198, 0, 0, 0, 52, 3.72, 3.655, 127.4, 28.714, 100, 0, 0, 30.549, 30.549, 4, 0.72, 89.049, 0, 0, 95.5, 48.593, 0, 0, 0, 0, 0, 14.09, 0, 14.39, 0, 2.547, 198, 0, 0, 0, 52, 1, 0.004, 0.004, 127.4, 28.714, 100, 0, 0, 141, 30.549, 30.549, 4, 0.72, 0, 89.049, 0, 0, 95.5, 48.531, 0, 0, 0, 0, 
7.95, 17.78, 100.33, 73.4, 74.16, , -1.423, 0.986, 610.566, 610.566, 2.546, -31.842, -31.842, -31.842, 52.701, 56.081, 35.404, 36.116, 7.377, 12.773, 0, 0, -4.026, -4.084, -4.026, -4.084, 1, 48.089, 48.089, 0.024, 0.133, -8.346, -8.461, -8.346, -8.461, 5.06, 7.377, 12.773, , , 1, 8.011, 0, 0, 14.4, 2.546, 198, 0, 0, 0, 52, 3.72, 3.66, 127.4, 28.75, 100, 0, 0, 30.494, 30.494, 4, 0.72, 89, 0, 0, 95.494, 48.468, 0, 0, 0, 0, 0, 14.099, 0, 14.4, 0, 2.546, 198, 0, 0, 0, 52, 1, 0.004, 0.004, 127.4, 28.75, 100, 0, 0, 141, 30.494, 30.494, 4, 0.72, 0, 89, 0, 0, 95.494, 48.466, 0, 0, 0, 0, 
8, 17.78, 100.33, 73.4, 74.16, , -1.41, 0.986, 614.104, 614.104, 2.539, -31.542, -31.542, -31.542, 52.671, 43.471, 35.332, 36.008, 7.377, 12.776, 0, 0, -3.982, -4.04, -3.982, -4.04, 1, 48.019, 48.019, 0.024, 0.133, -8.272, -8.388, -8.272, -8.388, 5.055, 7.377, 12.776, , , 1, 8.061, 0, 0, 14.4, 2.539, 198, 0, 0, 0, 52, 3.724, 3.66, 127.4, 28.75, 100, 0, 0, 30.398, 30.398, 4, 0.72, 89, 0, 0, 95.398, 48.408, 0, 0, 0, 0, 0, 14.08, 0, 14.4, 0, 2.539, 198, 0, 0, 0, 52, 1, 0.004, 0.004, 127.4, 28.75, 100, 0, 0, 141, 30.398, 30.398, 4, 0.72, 0, 89, 0, 0, 95.398, 48.407, 0, 0, 0, 0, 
8.05, 17.78, 100.33, 73.4, 74.16, , -1.455, 0.986, 617.641, 617.641, 2.532, -32.609, -32.609, -32.609, 52.645, 56, 35.26, 35.9, 7.377, 12.783, 0, 0, -4.109, -4.171, -4.109, -4.171, 1, 47.947, 47.947, 0.024, 0.133, -8.557, -8.675, -8.557, -8.675, 5.05, 7.377, 12.783, , , 1, 8.11, 0, 0, 14.4, 2.532, 198, 0, 0, 0, 52, 3.728, 3.66, 127.4, 28.75, 100, 0, 0, 30.303, 30.303, 4, 0.72, 89, 0, 0, 95.302, 48.348, 0, 0, 0, 0, 0, 14.06, 0, 14.4, 0, 2.532, 198, 0, 0, 0, 52, 1, 0.004, 0.004, 127.4, 28.75, 100, 0, 0, 141, 30.302, 30.303, 4, 0.72, 0, 89, 0, 0, 95.302, 48.348, 0, 0, 0, 0, 
8.1, 17.78, 100.33, 73.4, 74.16, , -1.435, 0.986, 621.179, 621.179, 2.525, -32.142, -32.142, -32.142, 52.63, 58.428, 35.188, 35.792, 7.377, 12.794, 0, 0, -4.044, -4.104, -4.044, -4.104, 1, 47.874, 47.874, 0.024, 0.133, -8.436, -8.554, -8.436, -8.554, 5.045, 7.377, 12.794, , , 1, 8.16, 0, 0, 14.4, 2.525, 198, 0, 0, 0, 52, 3.732, 3.66, 127.4, 28.75, 100, 0, 0, 30.207, 30.207, 4, 0.72, 89, 0, 0, 95.206, 48.289, 0, 0, 0, 0, 0, 14.041, 0, 14.4, 0, 2.525, 198, 0, 0, 0, 52, 1, 0.004, 0.004, 127.4, 28.75, 100, 0, 0, 141, 30.206, 30.207, 4, 0.72, 0, 89, 0, 0, 95.206, 48.288, 0, 0, 0, 0, 
8.15, 17.78, 100.33, 73.4, 74.16, , -1.426, 0.986, 624.698, 624.698, 2.518, -31.931, -31.931, -31.931, 52.626, 59.271, 35.116, 35.684, 7.377, 12.817, 0, 0, -4.011, -4.07, -4.011, -4.07, 1, 47.805, 47.805, 0.024, 0.133, -8.381, -8.498, -8.381, -8.498, 5.04, 7.377, 12.817, , , 1, 8.211, 0, 0, 14.4, 2.518, 198, 0, 0, 0, 52, 3.736, 3.66, 127.4, 28.75, 100, 0, 0, 30.111, 30.111, 4, 0.72, 89, 0, 0, 95.11, 48.229, 0, 0, 0, 0, 0, 14.022, 0, 14.4, 0, 2.518, 198, 0, 0, 0, 52, 1, 0.004, 0.004, 127.4, 28.75, 100, 0, 0, 141, 30.11, 30.111, 4, 0.72, 0, 89, 0, 0, 95.11, 48.229, 0, 0, 0, 0, 
8.2, 17.78, 100.33, 73.4, 74.16, , -1.49, 0.986, 628.184, 628.184, 2.511, -33.452, -33.452, -33.452, 52.635, 60.114, 35.076, 35.632, 7.377, 12.842, 0, 0, -4.196, -4.258, -4.196, -4.258, 1, 47.732, 47.732, 0.024, 0.133, -8.777, -8.902, -8.777, -8.902, 5.032, 7.377, 12.842, , , 1, 8.261, 0, 0, 14.4, 2.511, 198, 0, 0, 0, 52, 3.739, 3.66, 127.4, 28.75, 100, 0, 0, 30.015, 30.015, 4, 0.72, 89, 0, 0, 95.013, 48.17, 0, 0, 0, 0, 0, 14.003, 0, 14.4, 0, 2.511, 198, 0, 0, 0, 52, 1, 0.004, 0.004, 127.4, 28.75, 100, 0, 0, 141, 30.013, 30.015, 4, 0.72, 0, 89, 0, 0, 95.013, 48.17, 0, 0, 0, 0, 
8.25, 17.78, 100.33, 73.4, 74.16, , -1.547, 0.986, 631.722, 631.722, 2.509, -34.808, -34.808, -34.808, 52.654, 60.956, 35.148, 35.776, 7.377, 12.879, 0, 0, -4.361, -4.423, -4.361, -4.423, 1, 47.657, 47.657, 0.024, 0.133, -9.129, -9.258, -9.129, -9.258, 5.024, 7.377, 12.879, , , 1, 8.31, 0, 0, 14.4, 2.509, 198, 0, 0, 0, 52, 3.736, 3.66, 127.4, 28.75, 100, 0, 0, 30, 30, 4, 0.72, 89, 0, 0, 95, 48.106, 0, 0, 0, 0, 0, 14, 0, 14.4, 0, 2.509, 198, 0, 0, 0, 52, 1, 0.004, 0.004, 127.4, 28.75, 100, 0, 0, 141, 30, 30, 4, 0.72, 0, 89, 0, 0, 95, 48.106, 0, 0, 0, 0, 
8.3, 17.78, 100.33, 73.4, 74.16, , -1.513, 0.986, 635.223, 635.223, 2.508, -33.985, -33.985, -33.985, 52.678, 61.799, 35.22, 35.92, 7.377, 12.916, 0, 0, -4.252, -4.312, -4.252, -4.312, 1, 47.579, 47.579, 0.024, 0.133, -8.91, -9.036, -8.91, -9.036, 5.016, 7.377, 12.916, , , 1, 8.36, 0, 0, 14.4, 2.508, 198, 0, 0, 0, 52, 3.732, 3.66, 127.4, 28.75, 100, 0, 0, 30, 30, 4, 0.72, 89, 0, 0, 95, 48.041, 0, 0, 0, 0, 0, 14, 0, 14.4, 0, 2.508, 198, 0, 0, 0, 52, 1, 0.004, 0.004, 127.4, 28.75, 100, 0, 0, 141, 30, 30, 4, 0.72, 0, 89, 0, 0, 95, 48.041, 0, 0, 0, 0, 
8.35, 17.78, 100.33, 73.4, 74.16, , -1.442, 0.986, 638.708, 638.708, 2.507, -32.307, -32.307, -32.307, 52.689, 62.642, 35.292, 36.064, 7.377, 12.955, 0, 0, -4.037, -4.093, -4.037, -4.093, 1, 47.504, 47.504, 0.024, 0.133, -8.467, -8.588, -8.467, -8.588, 5.008, 7.377, 12.955, , , 1, 8.411, 0, 0, 14.4, 2.507, 198, 0, 0, 0, 52, 3.728, 3.66, 127.4, 28.75, 100, 0, 0, 30, 30, 4, 0.72, 89, 0, 0, 95, 47.977, 0, 0, 0, 0, 0, 14, 0, 14.4, 0, 2.507, 198, 0, 0, 0, 52, 1, 0.004, 0.004, 127.4, 28.75, 100, 0, 0, 141, 30, 30, 4, 0.72, 0, 89, 0, 0, 95, 47.977, 0, 0, 0, 0, 
8.4, 17.78, 100.33, 73.4, 74.16, , -1.377, 0.986, 642.195, 642.195, 2.505, -30.777, -30.777, -30.777, 52.691, 63.484, 35.364, 36.208, 7.377, 12.992, 0, 0, -3.842, -3.894, -3.842, -3.894, 1, 47.433, 47.433, 0.024, 0.133, -8.066, -8.181, -8.066, -8.181, 4.994, 7.377, 12.992, , , 1, 8.461, 0, 0, 14.4, 2.505, 198, 0, 0, 0, 52, 3.724, 3.66, 127.4, 28.75, 100, 0, 0, 30, 30, 4, 0.72, 89, 0, 0, 95, 47.912, 0, 0, 0, 0, 0, 14, 0, 14.4, 0, 2.505, 198, 0, 0, 0, 52, 1, 0.004, 0.004, 127.4, 28.75, 100, 0, 0, 141, 30, 30, 4, 0.72, 0, 89, 0, 0, 95, 47.912, 0, 0, 0, 0, 
8.45, 17.78, 100.33, 73.4, 74.16, , -1.323, 0.986, 645.68, 645.68, 2.504, -29.48, -29.48, -29.48, 52.686, 64.327, 35.412, 36.399, 7.377, 13.02, 0, 0, -3.676, -3.724, -3.676, -3.724, 1, 47.365, 47.365, 0.024, 0.133, -7.728, -7.837, -7.728, -7.837, 4.976, 7.377, 13.02, , , 1, 8.51, 0, 0, 14.4, 2.504, 198, 0, 0, 0, 52, 3.72, 3.66, 127.4, 28.758, 100, 0, 0, 29.994, 29.994, 4, 0.72, 89, 0, 0, 95, 47.85, 0, 0, 0, 0, 0, 14, 0, 14.4, 0, 2.504, 198, 0, 0, 0, 52, 1, 0.004, 0.004, 127.4, 28.758, 100, 0, 0, 141, 29.994, 29.994, 4, 0.72, 0, 89, 0, 0, 95, 47.85, 0, 0, 0, 0, 
8.5, 17.78, 100.33, 73.4, 74.16, , -1.263, 0.986, 649.165, 649.165, 2.5, -28.059, -28.059, -28.059, 52.675, 65.17, 35.376, 36.759, 7.377, 13.048, 0, 0, -3.493, -3.539, -3.493, -3.539, 1, 47.3, 47.3, 0.024, 0.133, -7.357, -7.462, -7.357, -7.462, 4.959, 7.377, 13.048, , , 1, 8.56, 0, 0, 14.4, 2.5, 198, 0, 0, 0, 52, 3.72, 3.66, 127.4, 28.895, 100, 0, 0, 29.902, 29.902, 4, 0.72, 89, 0, 0, 95, 47.85, 0, 0, 0, 0, 0, 14, 0, 14.4, 0, 2.5, 198, 0, 0, 0, 52, 1, 0.004, 0.004, 127.4, 28.895, 100, 0, 0, 141, 29.902, 29.902, 4, 0.72, 0, 89, 0, 0, 95, 47.85, 0, 0, 0, 0, 
8.55, 17.78, 100.33, 73.4, 74.16, , -1.273, 0.986, 652.632, 652.632, 2.496, -28.309, -28.309, -28.309, 52.662, 66.012, 35.34, 37.119, 7.378, 13.07, 0, 0, -3.517, -3.564, -3.517, -3.564, 1, 47.238, 47.238, 0.024, 0.133, -7.424, -7.531, -7.424, -7.531, 4.942, 7.378, 13.07, , , 1, 8.611, 0, 0, 14.4, 2.496, 198, 0, 0, 0, 52, 3.72, 3.66, 127.4, 29.032, 100, 0, 0, 29.809, 29.809, 4, 0.72, 89, 0, 0, 95, 47.85, 0, 0, 0, 0, 0, 14, 0, 14.4, 0, 2.496, 198, 0, 0, 0, 52, 1, 0.004, 0.004, 127.4, 29.032, 100, 0, 0, 141, 29.809, 29.809, 4, 0.72, 0, 89, 0, 0, 95, 47.85, 0, 0, 0, 0, 
8.6, 17.78, 100.33, 73.4, 74.16, , -1.425, 0.986, 656.066, 656.066, 2.492, -31.915, -31.915, -31.915, 52.662, 66.855, 35.304, 37.479, 7.378, 13.091, 0, 0, -3.959, -4.011, -3.959, -4.011, 1, 47.171, 47.171, 0.024, 0.133, -8.371, -8.488, -8.371, -8.488, 4.938, 7.378, 13.091, , , 1, 8.661, 0, 0, 14.4, 2.492, 198, 0, 0, 0, 52, 3.72, 3.66, 127.4, 29.169, 100, 0, 0, 29.717, 29.717, 4, 0.72, 89, 0, 0, 95, 47.85, 0, 0, 0, 0, 0, 14, 0, 14.4, 0, 2.492, 198, 0, 0, 0, 52, 1, 0.004, 0.004, 127.4, 29.169, 100, 0, 0, 141, 29.717, 29.717, 4, 0.72, 0, 89, 0, 0, 95, 47.85, 0, 0, 0, 0, 
8.65, 17.78, 100.33, 73.4, 74.16, , -1.499, 0.986, 659.55, 659.55, 2.487, -33.677, -33.677, -33.677, 52.675, 67.697, 35.268, 37.839, 7.379, 13.106, 0, 0, -4.17, -4.228, -4.17, -4.228, 1, 47.098, 47.098, 0.024, 0.133, -8.831, -8.954, -8.831, -8.954, 4.941, 7.379, 13.106, , , 1, 8.71, 0, 0, 14.4, 2.487, 198, 0, 0, 0, 52, 3.72, 3.66, 127.4, 29.306, 100, 0, 0, 29.624, 29.624, 4, 0.72, 89, 0, 0, 95, 47.85, 0, 0, 0, 0, 0, 14, 0, 14.4, 0, 2.487, 198, 0, 0, 0, 52, 1, 0.004, 0.004, 127.4, 29.306, 100, 0, 0, 141, 29.624, 29.624, 4, 0.72, 0, 89, 0, 0, 95, 47.85, 0, 0, 0, 0, 
8.7, 17.78, 100.33, 73.4, 74.16, , -1.526, 0.986, 663.002, 663.002, 2.483, -34.318, -34.318, -34.318, 52.697, 68.54, 35.24, 38.01, 7.379, 13.121, 0, 0, -4.244, -4.304, -4.244, -4.304, 1, 47.021, 47.021, 0.024, 0.133, -8.995, -9.12, -8.995, -9.12, 4.943, 7.379, 13.121, , , 1, 8.76, 0, 0, 14.4, 2.483, 198, 0, 0, 0, 52, 3.72, 3.66, 127.4, 29.443, 100, 0, 0, 29.531, 29.531, 4, 0.72, 89, 0, 0, 95, 47.85, 0, 0, 0, 0, 0, 14, 0, 14.4, 0, 2.483, 198, 0, 0, 0, 52, 1, 0.004, 0.004, 127.4, 29.443, 100, 0, 0, 141, 29.531, 29.531, 4, 0.72, 0, 89, 0, 0, 95, 47.85, 0, 0, 0, 0, 
8.75, 17.78, 100.33, 73.4, 74.16, , -1.527, 0.986, 666.451, 666.451, 2.48, -34.332, -34.332, -34.332, 52.724, 69.383, 35.24, 37.508, 7.38, 13.129, 0, 0, -4.24, -4.3, -4.24, -4.3, 1, 46.942, 46.942, 0.024, 0.133, -8.994, -9.119, -8.994, -9.119, 4.946, 7.38, 13.129, , , 1, 8.81, 0, 0, 14.4, 2.48, 198, 0, 0, 0, 52, 3.737, 3.672, 127.4, 29.445, 100, 0, 0, 29.439, 29.439, 4, 0.72, 89, 0, 0, 95.061, 47.773, 0, 0, 0, 0, 0, 14, 0, 14.4, 0, 2.48, 198, 0, 0, 0, 52, 1, 0.004, 0.004, 127.4, 29.445, 100, 0, 0, 141, 29.439, 29.439, 4, 0.72, 0, 89, 0, 0, 95.061, 47.773, 0, 0, 0, 0, 
8.8, 17.78, 100.33, 73.4, 74.16, , -1.525, 0.986, 669.935, 669.935, 2.478, -34.302, -34.302, -34.302, 52.748, 70.225, 35.24, 37.006, 7.38, 13.136, 0, 0, -4.231, -4.291, -4.231, -4.291, 1, 46.865, 46.865, 0.024, 0.133, -8.983, -9.106, -8.983, -9.106, 4.95, 7.38, 13.136, , , 1, 8.861, 0, 0, 14.4, 2.478, 198, 0, 0, 0, 52, 3.763, 3.691, 127.4, 29.376, 100, 0, 0, 29.346, 29.346, 4, 0.72, 89, 0, 0, 95.154, 47.656, 0, 0, 0, 0, 0, 14, 0, 14.4, 0, 2.478, 198, 0, 0, 0, 52, 1, 0.004, 0.004, 127.4, 29.376, 100, 0, 0, 141, 29.346, 29.346, 4, 0.72, 0, 89, 0, 0, 95.154, 47.656, 0, 0, 0, 0, 
8.85, 17.78, 100.33, 73.4, 74.16, , -1.402, 0.986, 673.372, 673.372, 2.475, -31.366, -31.366, -31.366, 52.762, 71.068, 35.24, 36.504, 7.38, 13.132, 0, 0, -3.862, -3.917, -3.862, -3.917, 1, 46.79, 46.79, 0.024, 0.132, -8.212, -8.324, -8.212, -8.324, 4.958, 7.38, 13.132, , , 1, 8.911, 0, 0, 14.4, 2.475, 198, 0, 0, 0, 52, 3.789, 3.709, 127.4, 29.308, 100, 0, 0, 29.254, 29.254, 4, 0.72, 89, 0, 0, 95.246, 47.54, 0, 0, 0, 0, 0, 14, 0, 14.4, 0, 2.475, 198, 0, 0, 0, 52, 1, 0.004, 0.004, 127.4, 29.308, 100, 0, 0, 141, 29.254, 29.254, 4, 0.72, 0, 89, 0, 0, 95.246, 47.54, 0, 0, 0, 0, 
8.9, 17.78, 100.33, 73.4, 74.16, , -1.39, 0.986, 676.806, 676.806, 2.473, -31.088, -31.088, -31.088, 52.758, 71.911, 35.24, 36.002, 7.379, 13.128, 0, 0, -3.82, -3.875, -3.82, -3.875, 1, 46.722, 46.722, 0.024, 0.132, -8.138, -8.25, -8.138, -8.25, 4.965, 7.379, 13.128, , , 1, 8.96, 0, 0, 14.4, 2.473, 198, 0, 0, 0, 52, 3.815, 3.728, 127.4, 29.239, 100, 0, 0, 29.161, 29.161, 4, 0.72, 89, 0, 0, 95.339, 47.423, 0, 0, 0, 0, 0, 14, 0, 14.4, 0, 2.473, 198, 0, 0, 0, 52, 1, 0.004, 0.004, 127.4, 29.239, 100, 0, 0, 141, 29.161, 29.161, 4, 0.72, 0, 89, 0, 0, 95.339, 47.423, 0, 0, 0, 0, 
8.95, 17.78, 100.33, 73.4, 74.16, , -1.472, 0.986, 680.24, 680.24, 2.47, -33.038, -33.038, -33.038, 52.746, 72.753, 35.204, 35.586, 7.379, 13.121, 0, 0, -4.052, -4.11, -4.052, -4.11, 1, 46.65, 46.65, 0.024, 0.132, -8.65, -8.77, -8.65, -8.77, 4.972, 7.379, 13.121, , , 1, 9.011, 0, 0, 14.4, 2.47, 198, 0, 0, 0, 52, 3.841, 3.746, 127.4, 29.171, 100, 0, 0, 29.069, 29.069, 4, 0.72, 89, 0, 0, 95.431, 47.306, 0, 0, 0, 0, 0, 14, 0, 14.4, 0, 2.47, 198, 0, 0, 0, 52, 1, 0.004, 0.004, 127.4, 29.171, 100, 0, 0, 141, 29.069, 29.069, 4, 0.72, 0, 89, 0, 0, 95.431, 47.306, 0, 0, 0, 0, 
9, 17.78, 100.33, 73.4, 74.16, , -1.579, 0.986, 683.673, 683.673, 2.466, -35.588, -35.588, -35.588, 52.73, 73.596, 35.023, 35.513, 7.378, 13.114, 0, 0, -4.355, -4.419, -4.355, -4.419, 1, 46.575, 46.575, 0.024, 0.132, -9.321, -9.45, -9.321, -9.45, 4.977, 7.378, 13.114, , , 1, 9.061, 0, 0, 14.403, 2.466, 198, 0, 0, 0, 52, 3.859, 3.761, 127.4, 29.16, 100, 0, 0, 28.973, 28.973, 4, 0.72, 89.027, 0, 0, 95.513, 47.187, 0, 0, 0, 0, 0, 14, 0, 14.403, 0, 2.466, 198, 0, 0, 0, 52, 1, 0.004, 0.004, 127.4, 29.16, 100, 0, 0, 141, 28.973, 28.973, 4, 0.72, 0, 89.027, 0, 0, 95.513, 47.187, 0, 0, 0, 0, 
9.05, 17.78, 100.33, 73.4, 74.16, , -1.578, 0.986, 687.107, 687.107, 2.458, -35.568, -35.568, -35.568, 52.711, 74.439, 34.842, 35.441, 7.378, 13.109, 0, 0, -4.346, -4.411, -4.346, -4.411, 1, 46.496, 46.496, 0.024, 0.132, -9.318, -9.448, -9.318, -9.448, 4.966, 7.378, 13.109, , , 1, 9.11, 0, 0, 14.413, 2.458, 198, 0, 0, 0, 52, 3.856, 3.765, 127.4, 29.313, 100, 0, 0, 28.869, 28.869, 4, 0.72, 89.131, 0, 0, 95.565, 47.058, 0, 0, 0, 0, 0, 14, 0, 14.413, 0, 2.458, 198, 0, 0, 0, 52, 1, 0.004, 0.004, 127.4, 29.313, 100, 0, 0, 141, 28.869, 28.869, 4, 0.72, 0, 89.131, 0, 0, 95.565, 47.058, 0, 0, 0, 0, 
9.1, 17.78, 100.33, 73.4, 74.16, , -1.608, 0.986, 690.516, 690.516, 2.451, -36.262, -36.262, -36.262, 52.689, 75.281, 34.662, 35.369, 7.378, 13.104, 0, 0, -4.424, -4.49, -4.424, -4.49, 1, 46.418, 46.418, 0.024, 0.132, -9.504, -9.637, -9.504, -9.637, 4.955, 7.378, 13.104, , , 1, 9.161, 0, 0, 14.423, 2.451, 198, 0, 0, 0, 52, 3.853, 3.769, 127.4, 29.467, 100, 0, 0, 28.766, 28.766, 4, 0.72, 89.234, 0, 0, 95.617, 46.929, 0, 0, 0, 0, 0, 14, 0, 14.423, 0, 2.451, 198, 0, 0, 0, 52, 1, 0.004, 0.004, 127.4, 29.467, 100, 0, 0, 141, 28.766, 28.766, 4, 0.72, 0, 89.234, 0, 0, 95.617, 46.929, 0, 0, 0, 0, 
9.15, 17.78, 100.33, 73.4, 74.16, , -1.675, 0.986, 693.906, 693.906, 2.443, -37.857, -37.857, -37.857, 52.673, 76.124, 34.481, 35.296, 7.379, 13.103, 0, 0, -4.61, -4.68, -4.61, -4.68, 1, 46.335, 46.335, 0.024, 0.131, -9.925, -10.065, -9.925, -10.065, 4.945, 7.379, 13.103, , , 1, 9.211, 0, 0, 14.434, 2.443, 198, 0, 0, 0, 52, 3.85, 3.774, 127.4, 29.62, 100, 0, 0, 28.662, 28.662, 4, 0.72, 89.338, 0, 0, 95.669, 46.801, 0, 0, 0, 0, 0, 14, 0, 14.434, 0, 2.443, 198, 0, 0, 0, 52, 1, 0.004, 0.004, 127.4, 29.62, 100, 0, 0, 141, 28.662, 28.662, 4, 0.72, 0, 89.338, 0, 0, 95.669, 46.801, 0, 0, 0, 0, 
9.2, 17.78, 100.33, 73.4, 74.16, , -1.641, 0.986, 697.34, 697.34, 2.435, -37.062, -37.062, -37.062, 52.658, 76.967, 34.356, 35.248, 7.379, 13.102, 0, 0, -4.505, -4.573, -4.505, -4.573, 1, 46.252, 46.252, 0.024, 0.131, -9.721, -9.857, -9.721, -9.857, 4.934, 7.379, 13.102, , , 1, 9.261, 0, 0, 14.444, 2.435, 198, 0, 0, 0, 52, 3.847, 3.778, 127.4, 29.774, 100, 0, 0, 28.558, 28.558, 4, 0.72, 89.442, 0, 0, 95.721, 46.672, 0, 0, 0, 0, 0, 14, 0, 14.444, 0, 2.435, 198, 0, 0, 0, 52, 1, 0.004, 0.004, 127.4, 29.774, 100, 0, 0, 141, 28.558, 28.558, 4, 0.72, 0, 89.442, 0, 0, 95.721, 46.672, 0, 0, 0, 0, 
9.25, 17.78, 100.33, 73.4, 74.16, , -1.561, 0.986, 700.736, 700.736, 2.43, -35.164, -35.164, -35.164, 52.642, 77.809, 34.428, 35.284, 7.38, 13.108, 0, 0, -4.267, -4.331, -4.267, -4.331, 1, 46.17, 46.17, 0.024, 0.131, -9.227, -9.355, -9.227, -9.355, 4.932, 7.38, 13.108, , , 1, 9.311, 0, 0, 14.455, 2.43, 198, 0, 0, 0, 52, 3.846, 3.78, 127.4, 29.894, 100, 0, 0, 28.5, 28.5, 4, 0.72, 89.5, 0, 0, 95.773, 46.6, 0, 0, 0, 0, 0, 14, 0, 14.455, 0, 2.43, 198, 0, 0, 0, 52, 1, 0.004, 0.004, 127.4, 29.894, 100, 0, 0, 141, 28.5, 28.5, 4, 0.72, 0, 89.5, 0, 0, 95.773, 46.6, 0, 0, 0, 0, 
9.3, 17.78, 100.33, 73.4, 74.16, , -1.488, 0.986, 704.12, 704.12, 2.427, -33.438, -33.438, -33.438, 52.633, 78.652, 34.5, 35.32, 7.38, 13.115, 0, 0, -4.051, -4.113, -4.051, -4.113, 1, 46.094, 46.094, 0.024, 0.131, -8.776, -8.897, -8.776, -8.897, 4.932, 7.38, 13.115, , , 1, 9.36, 0, 0, 14.465, 2.427, 198, 0, 0, 0, 52, 3.85, 3.78, 127.4, 29.971, 100, 0, 0, 28.5, 28.5, 4, 0.72, 89.5, 0, 0, 95.825, 46.6, 0, 0, 0, 0, 0, 14, 0, 14.465, 0, 2.427, 198, 0, 0, 0, 52, 1, 0.004, 0.004, 127.4, 29.971, 100, 0, 0, 141, 28.5, 28.5, 4, 0.72, 0, 89.5, 0, 0, 95.825, 46.6, 0, 0, 0, 0, 
9.35, 17.78, 100.33, 73.4, 74.158, , -1.454, 0.986, 707.504, 707.504, 2.425, -32.623, -32.623, -32.623, 52.631, 79.495, 34.572, 35.356, 7.38, 13.128, 0, 0, -3.948, -4.008, -3.948, -4.008, 1, 46.021, 46.021, 0.024, 0.132, -8.562, -8.68, -8.562, -8.68, 4.932, 7.38, 13.128, , , 1, 9.411, 0, 0, 14.476, 2.425, 198, 0, 0, 0, 52, 3.853, 3.78, 127.4, 30.049, 100, 0, 0, 28.5, 28.5, 4, 0.72, 89.5, 0, 0, 95.878, 46.6, 0, 0, 0, 0, 0, 14, 0, 14.476, 0, 2.425, 198, 0, 0, 0, 52, 1, 0.004, 0.004, 127.4, 30.049, 100, 0, 0, 141, 28.5, 28.5, 4, 0.72, 0, 89.5, 0, 0, 95.878, 46.6, 0, 0, 0, 0, 
9.4, 17.78, 100.33, 73.4, 74.157, , -1.358, 0.986, 710.888, 710.888, 2.422, -30.351, -30.351, -30.351, 52.636, 80.337, 34.644, 35.392, 7.379, 13.142, 0, 0, -3.667, -3.723, -3.667, -3.723, 1, 45.95, 45.95, 0.024, 0.132, -7.965, -8.075, -7.965, -8.075, 4.931, 7.379, 13.142, , , 1, 9.461, 0, 0, 14.486, 2.422, 198, 0, 0, 0, 52, 3.856, 3.78, 127.4, 30.126, 100, 0, 0, 28.5, 28.5, 4, 0.72, 89.5, 0, 0, 95.93, 46.6, 0, 0, 0, 0, 0, 14, 0, 14.486, 0, 2.422, 198, 0, 0, 0, 52, 1, 0.004, 0.004, 127.4, 30.126, 100, 0, 0, 141, 28.5, 28.5, 4, 0.72, 0, 89.5, 0, 0, 95.93, 46.6, 0, 0, 0, 0, 
9.45, 17.78, 100.33, 73.4, 74.155, , -1.313, 0.986, 714.272, 714.272, 2.42, -29.288, -29.288, -29.288, 52.647, 81.18, 34.731, 35.404, 7.379, 13.162, 0, 0, -3.532, -3.586, -3.532, -3.586, 1, 45.883, 45.883, 0.024, 0.132, -7.683, -7.791, -7.683, -7.791, 4.928, 7.379, 13.162, , , 1, 9.511, 0, 0, 14.496, 2.42, 198, 0, 0, 0, 52, 3.859, 3.78, 127.4, 30.204, 100, 0, 0, 28.5, 28.5, 4, 0.72, 89.5, 0, 0, 95.982, 46.6, 0, 0, 0, 0, 0, 14, 0, 14.496, 0, 2.42, 198, 0, 0, 0, 52, 1, 0.004, 0.004, 127.4, 30.204, 100, 0, 0, 141, 28.5, 28.5, 4, 0.72, 0, 89.5, 0, 0, 95.982, 46.6, 0, 0, 0, 0, 
9.5, 17.78, 100.33, 73.4, 74.154, , -1.313, 0.986, 717.645, 717.645, 2.418, -29.281, -29.281, -29.281, 52.669, 82.022, 34.872, 35.334, 7.378, 13.184, 0, 0, -3.526, -3.578, -3.526, -3.578, 1, 45.816, 45.816, 0.024, 0.132, -7.678, -7.787, -7.678, -7.787, 4.922, 7.378, 13.184, , , 1, 9.561, 0, 0, 14.5, 2.418, 198, 0, 0, 0, 52, 3.86, 3.793, 127.4, 30.183, 100, 0, 0, 28.437, 28.437, 4, 0.72, 89.5, 0, 0, 96, 46.521, 0, 0, 0, 0, 0, 14, 0, 14.5, 0, 2.418, 198, 0, 0, 0, 52, 1, 0.004, 0.004, 127.4, 30.183, 100, 0, 0, 141, 28.437, 28.437, 4, 0.72, 0, 89.5, 0, 0, 96, 46.521, 0, 0, 0, 0, 
9.55, 17.78, 100.33, 73.4, 74.152, , -1.36, 0.986, 720.98, 720.98, 2.415, -30.39, -30.39, -30.39, 52.688, 82.865, 35.013, 35.263, 7.378, 13.197, 0, 0, -3.654, -3.707, -3.654, -3.707, 1, 45.748, 45.748, 0.024, 0.132, -7.964, -8.078, -7.964, -8.078, 4.916, 7.378, 13.197, , , 1, 9.611, 0, 0, 14.5, 2.415, 198, 0, 0, 0, 52, 3.86, 3.812, 127.4, 30.112, 100, 0, 0, 28.34, 28.34, 4, 0.72, 89.5, 0, 0, 96, 46.402, 0, 0, 0, 0, 0, 14, 0, 14.5, 0, 2.415, 198, 0, 0, 0, 52, 1, 0.004, 0.004, 127.4, 30.112, 100, 0, 0, 141, 28.34, 28.34, 4, 0.72, 0, 89.5, 0, 0, 96, 46.402, 0, 0, 0, 0, 
9.6, 17.78, 100.33, 73.4, 74.151, , -1.527, 0.986, 724.357, 724.357, 2.413, -34.354, -34.354, -34.354, 52.702, 83.708, 35.155, 35.193, 7.377, 13.209, 0, 0, -4.124, -4.182, -4.124, -4.182, 1, 45.679, 45.679, 0.024, 0.132, -9.001, -9.129, -9.001, -9.129, 4.91, 7.377, 13.209, , , 1, 9.661, 0, 0, 14.5, 2.413, 198, 0, 0, 0, 52, 3.86, 3.831, 127.4, 30.041, 100, 0, 0, 28.244, 28.244, 4, 0.72, 89.5, 0, 0, 96, 46.283, 0, 0, 0, 0, 0, 14, 0, 14.5, 0, 2.413, 198, 0, 0, 0, 52, 1, 0.004, 0.004, 127.4, 30.041, 100, 0, 0, 141, 28.244, 28.244, 4, 0.72, 0, 89.5, 0, 0, 96, 46.283, 0, 0, 0, 0, 
9.65, 17.78, 100.33, 73.4, 74.149, , -1.653, 0.986, 727.718, 727.718, 2.411, -37.361, -37.361, -37.361, 52.714, 84.55, 35.296, 35.122, 7.377, 13.209, 0, 0, -4.478, -4.542, -4.478, -4.542, 1, 45.597, 45.597, 0.024, 0.132, -9.788, -9.927, -9.788, -9.927, 4.912, 7.377, 13.209, , , 1, 9.711, 0, 0, 14.5, 2.411, 198, 0, 0, 0, 52, 3.86, 3.85, 127.4, 29.97, 100, 0, 0, 28.148, 28.148, 4, 0.72, 89.5, 0, 0, 96, 46.164, 0, 0, 0, 0, 0, 14, 0, 14.5, 0, 2.411, 198, 0, 0, 0, 52, 1, 0.004, 0.004, 127.4, 29.97, 100, 0, 0, 141, 28.148, 28.148, 4, 0.72, 0, 89.5, 0, 0, 96, 46.164, 0, 0, 0, 0, 
9.7, 17.78, 100.33, 73.4, 74.148, , -1.701, 0.986, 731.054, 731.054, 2.409, -38.494, -38.494, -38.494, 52.718, 85.393, 35.438, 35.06, 7.377, 13.206, 0, 0, -4.608, -4.672, -4.608, -4.672, 1, 45.514, 45.514, 0.024, 0.132, -10.085, -10.227, -10.085, -10.227, 4.917, 7.377, 13.206, , , 1, 9.761, 0, 0, 14.5, 2.409, 198, 0, 0, 0, 52, 3.86, 3.87, 127.4, 29.898, 100, 0, 0, 28.052, 28.052, 4, 0.72, 89.5, 0, 0, 96, 46.044, 0, 0, 0, 0, 0, 14, 0, 14.5, 0, 2.409, 198, 0, 0, 0, 52, 1, 0.004, 0.004, 127.4, 29.898, 100, 0, 0, 141, 28.052, 28.052, 4, 0.72, 0, 89.5, 0, 0, 96, 46.044, 0, 0, 0, 0, 
9.75, 17.78, 100.33, 73.4, 74.146, , -1.674, 0.986, 734.389, 734.389, 2.406, -37.859, -37.859, -37.859, 52.713, 86.236, 35.585, 35.06, 7.377, 13.192, 0, 0, -4.525, -4.589, -4.525, -4.589, 1, 45.43, 45.43, 0.024, 0.132, -9.919, -10.06, -9.919, -10.06, 4.923, 7.377, 13.192, , , 1, 9.811, 0, 0, 14.5, 2.406, 198, 0, 0, 0, 52, 3.864, 3.882, 127.4, 29.894, 100, 0, 0, 28, 27.954, 4, 0.72, 89.5, 0, 0, 96.046, 45.923, 0, 0, 0, 0, 0, 14, 0, 14.5, 0, 2.406, 198, 0, 0, 0, 52, 1, 0.004, 0.004, 127.4, 29.894, 100, 0, 0, 141, 28, 27.954, 4, 0.72, 0, 89.5, 0, 0, 96.046, 45.923, 0, 0, 0, 0, 
9.8, 17.78, 100.33, 73.4, 74.145, , -1.629, 0.986, 737.725, 737.725, 2.4, -36.79, -36.79, -36.79, 52.701, 87.078, 35.732, 35.06, 7.377, 13.175, 0, 0, -4.39, -4.452, -4.39, -4.452, 1, 45.348, 45.348, 0.024, 0.132, -9.64, -9.777, -9.64, -9.777, 4.929, 7.377, 13.175, , , 1, 9.861, 0, 0, 14.5, 2.4, 198, 0, 0, 0, 52, 3.872, 3.886, 127.4, 29.968, 100, 0, 0, 28, 27.854, 4, 0.72, 89.5, 0, 0, 96.146, 45.799, 0, 0, 0, 0, 0, 14, 0, 14.5, 0, 2.4, 198, 0, 0, 0, 52, 1, 0.004, 0.004, 127.4, 29.968, 100, 0, 0, 141, 28, 27.854, 4, 0.72, 0, 89.5, 0, 0, 96.146, 45.799, 0, 0, 0, 0, 
9.85, 17.78, 100.33, 73.4, 74.143, , -1.548, 0.986, 741.06, 741.06, 2.395, -34.879, -34.879, -34.879, 52.695, 87.921, 35.878, 35.06, 7.377, 13.165, 0, 0, -4.154, -4.213, -4.154, -4.213, 1, 45.268, 45.268, 0.024, 0.132, -9.14, -9.272, -9.14, -9.272, 4.926, 7.377, 13.165, , , 1, 9.911, 0, 0, 14.5, 2.395, 198, 0, 0, 0, 52, 3.88, 3.89, 127.4, 30.042, 100, 0, 0, 28, 27.754, 4, 0.72, 89.5, 0, 0, 96.246, 45.675, 0, 0, 0, 0, 0, 14, 0, 14.5, 0, 2.395, 198, 0, 0, 0, 52, 1, 0.004, 0.004, 127.4, 30.042, 100, 0, 0, 141, 28, 27.754, 4, 0.72, 0, 89.5, 0, 0, 96.246, 45.675, 0, 0, 0, 0, 
9.9, 17.78, 100.33, 73.4, 74.142, , -1.393, 0.986, 744.396, 744.396, 2.39, -31.202, -31.202, -31.202, 52.688, 88.764, 36.025, 35.06, 7.377, 13.157, 0, 0, -3.71, -3.761, -3.71, -3.761, 1, 45.194, 45.194, 0.024, 0.132, -8.177, -8.296, -8.177, -8.296, 4.909, 7.377, 13.157, , , 1, 9.961, 0, 0, 14.5, 2.39, 198, 0, 0, 0, 52, 3.888, 3.894, 127.4, 30.116, 100, 0, 0, 28, 27.654, 4, 0.72, 89.5, 0, 0, 96.346, 45.551, 0, 0, 0, 0, 0, 14, 0, 14.5, 0, 2.39, 198, 0, 0, 0, 52, 1, 0.004, 0.004, 127.4, 30.116, 100, 0, 0, 141, 28, 27.654, 4, 0.72, 0, 89.5, 0, 0, 96.346, 45.551, 0, 0, 0, 0, 
9.95, 17.78, 100.33, 73.4, 74.14, , -1.347, 0.986, 747.732, 747.732, 2.385, -30.11, -30.11, -30.11, 52.683, 89.606, 36.124, 35.195, 7.377, 13.158, 0, 0, -3.574, -3.622, -3.574, -3.622, 1, 45.124, 45.124, 0.024, 0.132, -7.89, -8.006, -7.89, -8.006, 4.892, 7.377, 13.158, , , 1, 10.011, 0, 0, 14.5, 2.385, 198, 0, 0, 0, 52, 3.896, 3.898, 127.4, 30.19, 100, 0, 0, 28, 27.554, 4, 0.72, 89.5, 0, 0, 96.446, 45.427, 0, 0, 0, 0, 0, 14, 0, 14.5, 0, 2.385, 198, 0, 0, 0, 52, 1, 0.004, 0.004, 127.4, 30.19, 100, 0, 0, 141, 28, 27.554, 4, 0.72, 0, 89.5, 0, 0, 96.446, 45.427, 0, 0, 0, 0, 
10, 17.78, 100.33, 73.4, 74.138, , -1.371, 0.986, 751.046, 751.046, 2.379, -30.668, -30.668, -30.668, 52.685, 86.58, 36.052, 35.807, 7.377, 13.161, 0, 0, -3.633, -3.683, -3.633, -3.683, 1, 45.057, 45.057, 0.024, 0.133, -8.036, -8.155, -8.036, -8.155, 4.875, 7.377, 13.161, , , 1, 10.06, 0, 0, 14.5, 2.379, 198, 0, 0, 0, 52, 3.909, 3.906, 127.4, 30.264, 100, 0, 0, 27.954, 27.5, 4, 0.72, 89.546, 0, 0, 96.523, 45.331, 0, 0, 0, 0, 0, 14, 0, 14.5, 0, 2.379, 198, 0, 0, 0, 52, 1, 0.004, 0.004, 127.4, 30.264, 100, 0, 0, 141, 27.954, 27.5, 4, 0.72, 0, 89.546, 0, 0, 96.523, 45.331, 0, 0, 0, 0, 
10.05, 17.78, 100.33, 73.4, 74.137, , -1.452, 0.986, 754.335, 754.335, 2.374, -32.6, -32.6, -32.6, 52.689, 83.393, 35.98, 36.419, 7.377, 13.166, 0, 0, -3.853, -3.908, -3.853, -3.908, 1, 44.986, 44.986, 0.024, 0.133, -8.543, -8.668, -8.543, -8.668, 4.856, 7.377, 13.166, , , 1, 10.11, 0, 0, 14.5, 2.374, 198, 0, 0, 0, 52, 3.928, 3.918, 127.4, 30.338, 100, 0, 0, 27.854, 27.5, 4, 0.72, 89.646, 0, 0, 96.573, 45.269, 0, 0, 0, 0, 0, 14, 0, 14.5, 0, 2.374, 198, 0, 0, 0, 52, 1, 0.004, 0.004, 127.4, 30.338, 100, 0, 0, 141, 27.854, 27.5, 4, 0.72, 0, 89.646, 0, 0, 96.573, 45.269, 0, 0, 0, 0, 
10.1, 17.78, 100.33, 73.4, 74.135, , -1.462, 0.986, 757.625, 757.625, 2.368, -32.846, -32.846, -32.846, 52.691, 80.206, 35.908, 37.031, 7.377, 13.173, 0, 0, -3.876, -3.933, -3.876, -3.933, 1, 44.913, 44.913, 0.024, 0.132, -8.608, -8.733, -8.608, -8.733, 4.815, 7.377, 13.173, , , 1, 10.161, 0, 0, 14.5, 2.368, 198, 0, 0, 0, 52, 3.947, 3.93, 127.4, 30.412, 100, 0, 0, 27.754, 27.5, 4, 0.72, 89.746, 0, 0, 96.623, 45.207, 0, 0, 0, 0, 0, 14, 0, 14.5, 0, 2.368, 198, 0, 0, 0, 52, 1, 0.004, 0.004, 127.4, 30.412, 100, 0, 0, 141, 27.754, 27.5, 4, 0.72, 0, 89.746, 0, 0, 96.623, 45.207, 0, 0, 0, 0, 
10.15, 17.78, 100.33, 73.4, 74.134, , -1.511, 0.986, 760.943, 760.943, 2.363, -33.994, -33.994, -33.994, 52.688, 77.018, 35.836, 37.643, 7.377, 13.168, 0, 0, -4.006, -4.065, -4.006, -4.065, 1, 44.841, 44.841, 0.024, 0.132, -8.909, -9.038, -8.909, -9.038, 4.773, 7.377, 13.168, , , 1, 10.211, 0, 0, 14.5, 2.363, 198, 0, 0, 0, 52, 3.966, 3.942, 127.4, 30.486, 100, 0, 0, 27.654, 27.5, 4, 0.72, 89.846, 0, 0, 96.673, 45.145, 0, 0, 0, 0, 0, 14, 0, 14.5, 0, 2.363, 198, 0, 0, 0, 52, 1, 0.004, 0.004, 127.4, 30.486, 100, 0, 0, 141, 27.654, 27.5, 4, 0.72, 0, 89.846, 0, 0, 96.673, 45.145, 0, 0, 0, 0, 
10.2, 17.78, 100.33, 73.4, 74.132, , -1.566, 0.986, 764.269, 764.269, 2.357, -35.305, -35.305, -35.305, 52.683, 73.831, 35.764, 38.001, 7.378, 13.159, 0, 0, -4.154, -4.217, -4.154, -4.217, 1, 44.762, 44.762, 0.024, 0.132, -9.254, -9.386, -9.254, -9.386, 4.731, 7.378, 13.159, , , 1, 10.26, 0, 0, 14.5, 2.357, 198, 0, 0, 0, 52, 3.985, 3.954, 127.4, 30.56, 100, 0, 0, 27.554, 27.5, 4, 0.72, 89.946, 0, 0, 96.723, 45.083, 0, 0, 0, 0, 0, 14, 0, 14.5, 0, 2.357, 198, 0, 0, 0, 52, 1, 0.004, 0.004, 127.4, 30.56, 100, 0, 0, 141, 27.554, 27.5, 4, 0.72, 0, 89.946, 0, 0, 96.723, 45.083, 0, 0, 0, 0, 
10.25, 17.78, 100.33, 73.4, 74.131, , -1.563, 0.986, 767.557, 767.557, 2.353, -35.234, -35.234, -35.234, 52.675, 70.644, 35.692, 37.461, 7.378, 13.146, 0, 0, -4.138, -4.203, -4.138, -4.203, 1, 44.683, 44.683, 0.024, 0.132, -9.238, -9.369, -9.238, -9.369, 4.694, 7.378, 13.146, , , 1, 10.31, 0, 0, 14.5, 2.353, 198, 0, 0, 0, 52, 3.997, 3.961, 127.4, 30.6, 100, 0, 0, 27.5, 27.5, 4, 0.72, 90, 0, 0, 96.774, 45.02, 0, 0, 0, 0, 0, 14, 0, 14.5, 0, 2.353, 198, 0, 0, 0, 52, 1, 0.004, 0.004, 127.4, 30.6, 100, 0, 0, 141, 27.5, 27.5, 4, 0.72, 0, 90, 0, 0, 96.774, 45.02, 0, 0, 0, 0, 
10.3, 17.78, 100.33, 73.4, 74.129, , -1.492, 0.986, 770.809, 770.809, 2.351, -33.539, -33.539, -33.539, 52.664, 67.456, 35.62, 36.921, 7.379, 13.13, 0, 0, -3.932, -3.993, -3.932, -3.993, 1, 44.604, 44.604, 0.024, 0.132, -8.796, -8.919, -8.796, -8.919, 4.686, 7.379, 13.13, , , 1, 10.361, 0, 0, 14.5, 2.351, 198, 0, 0, 0, 52, 4.003, 3.963, 127.4, 30.6, 100, 0, 0, 27.5, 27.5, 4, 0.72, 90, 0, 0, 96.826, 44.956, 0, 0, 0, 0, 0, 14, 0, 14.5, 0, 2.351, 198, 0, 0, 0, 52, 1, 0.004, 0.004, 127.4, 30.6, 100, 0, 0, 141, 27.5, 27.5, 4, 0.72, 0, 90, 0, 0, 96.826, 44.956, 0, 0, 0, 0, 
10.35, 17.78, 100.33, 73.4, 74.128, , -1.436, 0.986, 774.069, 774.069, 2.349, -32.218, -32.218, -32.218, 52.655, 64.269, 35.548, 36.381, 7.379, 13.121, 0, 0, -3.771, -3.828, -3.771, -3.828, 1, 44.532, 44.532, 0.024, 0.132, -8.451, -8.569, -8.451, -8.569, 4.678, 7.379, 13.121, , , 1, 10.411, 0, 0, 14.5, 2.349, 198, 0, 0, 0, 52, 4.008, 3.965, 127.4, 30.6, 100, 0, 0, 27.5, 27.5, 4, 0.72, 90, 0, 0, 96.878, 44.891, 0, 0, 0, 0, 0, 14, 0, 14.5, 0, 2.349, 198, 0, 0, 0, 52, 1, 0.004, 0.004, 127.4, 30.6, 100, 0, 0, 141, 27.5, 27.5, 4, 0.72, 0, 90, 0, 0, 96.878, 44.891, 0, 0, 0, 0, 
10.4, 17.78, 100.33, 73.4, 74.126, , -1.439, 0.986, 777.357, 777.357, 2.346, -32.284, -32.284, -32.284, 52.652, 61.082, 35.476, 35.841, 7.38, 13.115, 0, 0, -3.772, -3.83, -3.772, -3.83, 1, 44.459, 44.459, 0.024, 0.132, -8.469, -8.586, -8.469, -8.586, 4.67, 7.38, 13.115, , , 1, 10.46, 0, 0, 14.5, 2.346, 198, 0, 0, 0, 52, 4.013, 3.967, 127.4, 30.6, 100, 0, 0, 27.5, 27.5, 4, 0.72, 90, 0, 0, 96.93, 44.827, 0, 0, 0, 0, 0, 14, 0, 14.5, 0, 2.346, 198, 0, 0, 0, 52, 1, 0.004, 0.004, 127.4, 30.6, 100, 0, 0, 141, 27.5, 27.5, 4, 0.72, 0, 90, 0, 0, 96.93, 44.827, 0, 0, 0, 0, 
10.45, 17.78, 100.33, 73.4, 74.125, , -1.411, 0.986, 780.646, 780.646, 2.344, -31.621, -31.621, -31.621, 52.654, 57.894, 35.428, 35.42, 7.38, 13.118, 0, 0, -3.688, -3.744, -3.688, -3.744, 1, 44.387, 44.387, 0.024, 0.132, -8.295, -8.41, -8.295, -8.41, 4.662, 7.38, 13.118, , , 1, 10.51, 0, 0, 14.5, 2.344, 198, 0, 0, 0, 52, 4.018, 3.969, 127.4, 30.6, 100, 0, 0, 27.5, 27.5, 4, 0.72, 90, 0, 0, 96.982, 44.762, 0, 0, 0, 0, 0, 14, 0, 14.5, 0, 2.344, 198, 0, 0, 0, 52, 1, 0.004, 0.004, 127.4, 30.6, 100, 0, 0, 141, 27.5, 27.5, 4, 0.72, 0, 90, 0, 0, 96.982, 44.762, 0, 0, 0, 0, 
10.5, 17.78, 100.33, 73.4, 74.123, , -1.417, 0.986, 783.911, 783.911, 2.34, -31.775, -31.775, -31.775, 52.659, 54.707, 35.462, 35.42, 7.379, 13.126, 0, 0, -3.7, -3.755, -3.7, -3.755, 1, 44.317, 44.317, 0.024, 0.132, -8.334, -8.451, -8.334, -8.451, 4.668, 7.379, 13.126, , , 1, 10.561, 0, 0, 14.5, 2.34, 198.063, 0, 0, 0, 52, 4.023, 3.978, 127.4, 30.669, 100, 0, 0, 27.437, 27.437, 4, 0.72, 90, 0, 0, 97.032, 44.701, 0, 0, 0, 0, 0, 14, 0, 14.5, 0, 2.34, 198.063, 0, 0, 0, 52, 1, 0.004, 0.004, 127.4, 30.669, 100, 0, 0, 141, 27.437, 27.437, 4, 0.72, 0, 90, 0, 0, 97.032, 44.701, 0, 0, 0, 0, 
10.55, 17.78, 100.33, 73.4, 74.122, , -1.452, 0.986, 787.154, 787.154, 2.334, -32.615, -32.615, -32.615, 52.666, 51.52, 35.496, 35.42, 7.379, 13.135, 0, 0, -3.793, -3.848, -3.793, -3.848, 1, 44.244, 44.244, 0.024, 0.132, -8.553, -8.673, -8.553, -8.673, 4.678, 7.379, 13.135, , , 1, 10.611, 0, 0, 14.5, 2.334, 198.16, 0, 0, 0, 52, 4.028, 3.989, 127.4, 30.774, 100, 0, 0, 27.34, 27.34, 4, 0.72, 90, 0, 0, 97.08, 44.641, 0, 0, 0, 0, 0, 14, 0, 14.5, 0, 2.334, 198.16, 0, 0, 0, 52, 1, 0.004, 0.004, 127.4, 30.774, 100, 0, 0, 141, 27.34, 27.34, 4, 0.72, 0, 90, 0, 0, 97.08, 44.641, 0, 0, 0, 0, 
10.6, 17.78, 100.33, 73.4, 74.12, , -1.434, 0.986, 790.397, 790.397, 2.329, -32.174, -32.174, -32.174, 52.669, 48.332, 35.53, 35.42, 7.379, 13.145, 0, 0, -3.738, -3.791, -3.738, -3.791, 1, 44.171, 44.171, 0.024, 0.132, -8.437, -8.555, -8.437, -8.555, 4.688, 7.379, 13.145, , , 1, 10.661, 0, 0, 14.5, 2.329, 198.256, 0, 0, 0, 52, 4.033, 4.001, 127.4, 30.879, 100, 0, 0, 27.244, 27.244, 4, 0.72, 90, 0, 0, 97.128, 44.581, 0, 0, 0, 0, 0, 14, 0, 14.5, 0, 2.329, 198.256, 0, 0, 0, 52, 1, 0.004, 0.004, 127.4, 30.879, 100, 0, 0, 141, 27.244, 27.244, 4, 0.72, 0, 90, 0, 0, 97.128, 44.581, 0, 0, 0, 0, 
10.65, 17.78, 100.33, 73.4, 74.121, , -1.408, 0.986, 793.64, 793.64, 2.324, -31.575, -31.575, -31.575, 52.668, 48.063, 35.564, 35.42, 7.379, 13.147, 0, 0, -3.663, -3.714, -3.663, -3.714, 1, 44.098, 44.098, 0.024, 0.132, -8.281, -8.396, -8.281, -8.396, 4.698, 7.379, 13.147, , , 1, 10.711, 0, 0, 14.5, 2.324, 198.352, 0, 0, 0, 52, 4.038, 4.012, 127.4, 30.984, 100, 0, 0, 27.148, 27.148, 4, 0.72, 90, 0, 0, 97.176, 44.522, 0, 0, 0, 0, 0, 14, 0, 14.5, 0, 2.324, 198.352, 0, 0, 0, 52, 1, 0.004, 0.004, 127.4, 30.984, 100, 0, 0, 141, 27.148, 27.148, 4, 0.72, 0, 90, 0, 0, 97.176, 44.522, 0, 0, 0, 0, 
10.7, 17.78, 100.33, 73.4, 74.123, , -1.385, 0.986, 796.883, 796.883, 2.318, -31.029, -31.029, -31.029, 52.658, 61.385, 35.598, 35.42, 7.379, 13.145, 0, 0, -3.594, -3.644, -3.594, -3.644, 1, 44.029, 44.029, 0.024, 0.132, -8.139, -8.251, -8.139, -8.251, 4.717, 7.379, 13.145, , , 1, 10.761, 0, 0, 14.5, 2.318, 198.448, 0, 0, 0, 52, 4.042, 4.024, 127.4, 31.088, 100, 0, 0, 27.052, 27.052, 4, 0.72, 90, 0, 0, 97.224, 44.462, 0, 0, 0, 0, 0, 14, 0, 14.5, 0, 2.318, 198.448, 0, 0, 0, 52, 1, 0.004, 0.004, 127.4, 31.088, 100, 0, 0, 141, 27.052, 27.052, 4, 0.72, 0, 90, 0, 0, 97.224, 44.462, 0, 0, 0, 0, 
10.75, 17.78, 100.33, 73.4, 74.124, , -1.386, 0.986, 800.126, 800.126, 2.314, -31.048, -31.048, -31.048, 52.646, 62.013, 35.6, 35.384, 7.38, 13.141, 0, 0, -3.591, -3.641, -3.591, -3.641, 1, 43.959, 43.959, 0.024, 0.133, -8.146, -8.258, -8.146, -8.258, 4.74, 7.38, 13.141, , , 1, 10.811, 0, 0, 14.5, 2.314, 198.452, 0, 0, 0, 52, 4.048, 4.034, 127.4, 31.163, 100, 0, 0, 26.976, 26.976, 4, 0.72, 90.024, 0, 0, 97.274, 44.4, 0, 0, 0, 0, 0, 14, 0, 14.5, 0, 2.314, 198.452, 0, 0, 0, 52, 1, 0.004, 0.004, 127.4, 31.163, 100, 0, 0, 141, 26.976, 26.976, 4, 0.72, 0, 90.024, 0, 0, 97.274, 44.4, 0, 0, 0, 0, 
10.8, 17.78, 100.33, 73.4, 74.126, , -1.36, 0.986, 803.369, 803.369, 2.31, -30.442, -30.442, -30.442, 52.632, 62.64, 35.6, 35.346, 7.381, 13.134, 0, 0, -3.515, -3.563, -3.515, -3.563, 1, 43.89, 43.89, 0.024, 0.133, -7.989, -8.099, -7.989, -8.099, 4.763, 7.381, 13.134, , , 1, 10.861, 0, 0, 14.5, 2.31, 198.348, 0, 0, 0, 52, 4.056, 4.042, 127.4, 31.201, 100, 0, 0, 26.924, 26.924, 4, 0.72, 90.076, 0, 0, 97.326, 44.336, 0, 0, 0, 0, 0, 14, 0, 14.5, 0, 2.31, 198.348, 0, 0, 0, 52, 1, 0.004, 0.004, 127.4, 31.201, 100, 0, 0, 141, 26.924, 26.924, 4, 0.72, 0, 90.076, 0, 0, 97.326, 44.336, 0, 0, 0, 0, 
10.85, 17.78, 100.33, 73.4, 74.127, , -1.356, 0.986, 806.598, 806.598, 2.306, -30.337, -30.337, -30.337, 52.616, 63.267, 35.6, 35.308, 7.382, 13.13, 0, 0, -3.496, -3.545, -3.496, -3.545, 1, 43.825, 43.825, 0.024, 0.133, -7.964, -8.073, -7.964, -8.073, 4.787, 7.382, 13.13, , , 1, 10.911, 0, 0, 14.5, 2.306, 198.244, 0, 0, 0, 52, 4.063, 4.05, 127.4, 31.24, 100, 0, 0, 26.872, 26.872, 4, 0.72, 90.128, 0, 0, 97.378, 44.271, 0, 0, 0, 0, 0, 14, 0, 14.5, 0, 2.306, 198.244, 0, 0, 0, 52, 1, 0.004, 0.004, 127.4, 31.24, 100, 0, 0, 141, 26.872, 26.872, 4, 0.72, 0, 90.128, 0, 0, 97.378, 44.271, 0, 0, 0, 0, 
10.9, 17.78, 100.33, 73.4, 74.129, , -1.414, 0.986, 809.796, 809.796, 2.301, -31.717, -31.717, -31.717, 52.606, 63.895, 35.6, 35.27, 7.382, 13.127, 0, 0, -3.649, -3.701, -3.649, -3.701, 1, 43.756, 43.756, 0.024, 0.134, -8.327, -8.443, -8.327, -8.443, 4.791, 7.382, 13.127, , , 1, 10.961, 0, 0, 14.5, 2.301, 198.14, 0, 0, 0, 52, 4.07, 4.059, 127.4, 31.278, 100, 0, 0, 26.82, 26.82, 4, 0.72, 90.18, 0, 0, 97.43, 44.207, 0, 0, 0, 0, 0, 14, 0, 14.5, 0, 2.301, 198.14, 0, 0, 0, 52, 1, 0.004, 0.004, 127.4, 31.278, 100, 0, 0, 141, 26.82, 26.82, 4, 0.72, 0, 90.18, 0, 0, 97.43, 44.207, 0, 0, 0, 0, 
10.95, 17.78, 100.33, 73.4, 74.13, , -1.445, 0.986, 812.995, 812.995, 2.297, -32.446, -32.446, -32.446, 52.6, 64.522, 35.584, 35.256, 7.382, 13.13, 0, 0, -3.727, -3.78, -3.727, -3.78, 1, 43.685, 43.685, 0.024, 0.134, -8.519, -8.639, -8.519, -8.639, 4.785, 7.382, 13.13, , , 1, 11.011, 0, 0, 14.5, 2.297, 198.035, 0, 0, 0, 52, 4.078, 4.067, 127.4, 31.317, 100, 0, 0, 26.768, 26.768, 4, 0.72, 90.232, 0, 0, 97.482, 44.142, 0, 0, 0, 0, 0, 14, 0, 14.5, 0, 2.297, 198.035, 0, 0, 0, 52, 1, 0.004, 0.004, 127.4, 31.317, 100, 0, 0, 141, 26.768, 26.768, 4, 0.72, 0, 90.232, 0, 0, 97.482, 44.142, 0, 0, 0, 0, 
11, 17.78, 100.33, 73.4, 74.132, , -1.462, 0.986, 816.211, 816.211, 2.295, -32.849, -32.849, -32.849, 52.602, 65.149, 35.512, 35.328, 7.382, 13.136, 0, 0, -3.768, -3.821, -3.768, -3.821, 1, 43.613, 43.613, 0.024, 0.134, -8.625, -8.748, -8.625, -8.748, 4.778, 7.382, 13.136, , , 1, 11.061, 0, 0, 14.5, 2.295, 198, 0, 0, 0, 52, 4.081, 4.074, 127.4, 31.33, 100, 0, 0, 26.786, 26.786, 4, 0.72, 90.286, 0, 0, 97.5, 44.12, 0, 0, 0, 0, 0, 14, 0, 14.5, 0, 2.295, 198, 0, 0, 0, 52, 1, 0.004, 0.004, 127.4, 31.33, 100, 0, 0, 141, 26.786, 26.786, 4, 0.72, 0, 90.286, 0, 0, 97.5, 44.12, 0, 0, 0, 0, 
11.05, 17.78, 100.33, 73.4, 74.134, , -1.465, 0.986, 819.454, 819.454, 2.293, -32.922, -32.922, -32.922, 52.609, 65.777, 35.44, 35.4, 7.381, 13.142, 0, 0, -3.77, -3.822, -3.77, -3.822, 1, 43.54, 43.54, 0.024, 0.135, -8.644, -8.767, -8.644, -8.767, 4.771, 7.381, 13.142, , , 1, 11.111, 0, 0, 14.5, 2.293, 198, 0, 0, 0, 52, 4.084, 4.081, 127.4, 31.33, 100, 0, 0, 26.84, 26.84, 4, 0.72, 90.34, 0, 0, 97.5, 44.12, 0, 0, 0, 0, 0, 14, 0, 14.5, 0, 2.293, 198, 0, 0, 0, 52, 1, 0.004, 0.004, 127.4, 31.33, 100, 0, 0, 141, 26.84, 26.84, 4, 0.72, 0, 90.34, 0, 0, 97.5, 44.12, 0, 0, 0, 0, 
11.1, 17.78, 100.33, 73.4, 74.135, , -1.488, 0.986, 822.655, 822.655, 2.291, -33.482, -33.482, -33.482, 52.622, 66.404, 35.368, 35.472, 7.38, 13.15, 0, 0, -3.828, -3.88, -3.828, -3.88, 1, 43.466, 43.466, 0.024, 0.135, -8.788, -8.914, -8.788, -8.914, 4.762, 7.38, 13.15, , , 1, 11.161, 0, 0, 14.5, 2.291, 198, 0, 0, 0, 52, 4.086, 4.087, 127.4, 31.33, 100, 0, 0, 26.895, 26.895, 4, 0.72, 90.395, 0, 0, 97.5, 44.12, 0, 0, 0, 0, 0, 14, 0, 14.5, 0, 2.291, 198, 0, 0, 0, 52, 1, 0.004, 0.004, 127.4, 31.33, 100, 0, 0, 141, 26.895, 26.895, 4, 0.72, 0, 90.395, 0, 0, 97.5, 44.12, 0, 0, 0, 0, 
11.15, 17.78, 100.33, 73.4, 74.137, , -1.49, 0.986, 825.832, 825.832, 2.289, -33.533, -33.533, -33.533, 52.643, 67.031, 35.296, 35.544, 7.379, 13.156, 0, 0, -3.827, -3.879, -3.827, -3.879, 1, 43.391, 43.391, 0.024, 0.135, -8.798, -8.924, -8.798, -8.924, 4.752, 7.379, 13.156, , , 1, 11.211, 0, 0, 14.5, 2.289, 198, 0, 0, 0, 52, 4.088, 4.094, 127.4, 31.33, 100, 0, 0, 26.949, 26.949, 4, 0.72, 90.449, 0, 0, 97.5, 44.12, 0, 0, 0, 0, 0, 14, 0, 14.5, 0, 2.289, 198, 0, 0, 0, 52, 1, 0.004, 0.004, 127.4, 31.33, 100, 0, 0, 141, 26.949, 26.949, 4, 0.72, 0, 90.449, 0, 0, 97.5, 44.12, 0, 0, 0, 0, 
11.2, 17.78, 100.33, 73.4, 74.138, , -1.47, 0.986, 828.988, 828.988, 2.287, -33.057, -33.057, -33.057, 52.667, 67.659, 35.248, 35.671, 7.378, 13.162, 0, 0, -3.766, -3.816, -3.766, -3.816, 1, 43.317, 43.317, 0.024, 0.135, -8.67, -8.793, -8.67, -8.793, 4.741, 7.378, 13.162, , , 1, 11.261, 0, 0, 14.5, 2.287, 198, 0, 0, 0, 52, 4.091, 4.101, 127.4, 31.337, 100, 0, 0, 26.997, 26.994, 4, 0.72, 90.5, 0, 0, 97.503, 44.113, 0, 0, 0, 0, 0, 14, 0, 14.5, 0, 2.287, 198, 0, 0, 0, 52, 1, 0.004, 0.004, 127.4, 31.337, 100, 0, 0, 141, 26.997, 26.994, 4, 0.72, 0, 90.5, 0, 0, 97.503, 44.113, 0, 0, 0, 0, 
11.25, 17.78, 100.33, 73.4, 74.14, , -1.453, 0.986, 832.187, 832.187, 2.282, -32.658, -32.658, -32.658, 52.689, 68.286, 35.284, 35.995, 7.378, 13.168, 0, 0, -3.715, -3.765, -3.715, -3.765, 1, 43.243, 43.243, 0.024, 0.135, -8.562, -8.683, -8.562, -8.683, 4.73, 7.378, 13.168, , , 1, 11.311, 0, 0, 14.5, 2.282, 198, 0, 0, 0, 52, 4.109, 4.118, 127.4, 31.448, 100, 0, 0, 26.947, 26.894, 4, 0.72, 90.5, 0, 0, 97.553, 43.989, 0, 0, 0, 0, 0, 14, 0, 14.5, 0, 2.282, 198, 0, 0, 0, 52, 1, 0.004, 0.004, 127.4, 31.448, 100, 0, 0, 141, 26.947, 26.894, 4, 0.72, 0, 90.5, 0, 0, 97.553, 43.989, 0, 0, 0, 0, 
11.3, 17.78, 100.33, 73.4, 74.141, , -1.43, 0.986, 835.385, 835.385, 2.278, -32.098, -32.098, -32.098, 52.703, 68.913, 35.32, 36.319, 7.377, 13.174, 0, 0, -3.646, -3.695, -3.646, -3.695, 1, 43.171, 43.171, 0.024, 0.135, -8.414, -8.532, -8.414, -8.532, 4.722, 7.377, 13.174, , , 1, 11.361, 0, 0, 14.5, 2.278, 198, 0, 0, 0, 52, 4.127, 4.135, 127.4, 31.559, 100, 0, 0, 26.897, 26.794, 4, 0.72, 90.5, 0, 0, 97.603, 43.865, 0, 0, 0, 0, 0, 14, 0, 14.5, 0, 2.278, 198, 0, 0, 0, 52, 1, 0.004, 0.004, 127.4, 31.559, 100, 0, 0, 141, 26.897, 26.794, 4, 0.72, 0, 90.5, 0, 0, 97.603, 43.865, 0, 0, 0, 0, 
11.35, 17.78, 100.33, 73.4, 74.143, , -1.4, 0.986, 838.58, 838.58, 2.273, -31.398, -31.398, -31.398, 52.704, 69.541, 35.356, 36.643, 7.377, 13.177, 0, 0, -3.562, -3.609, -3.562, -3.609, 1, 43.1, 43.1, 0.024, 0.135, -8.229, -8.344, -8.229, -8.344, 4.732, 7.377, 13.177, , , 1, 11.411, 0, 0, 14.5, 2.273, 198, 0, 0, 0, 52, 4.145, 4.152, 127.4, 31.67, 100, 0, 0, 26.847, 26.694, 4, 0.72, 90.5, 0, 0, 97.653, 43.741, 0, 0, 0, 0, 0, 14, 0, 14.5, 0, 2.273, 198, 0, 0, 0, 52, 1, 0.004, 0.004, 127.4, 31.67, 100, 0, 0, 141, 26.847, 26.694, 4, 0.72, 0, 90.5, 0, 0, 97.653, 43.741, 0, 0, 0, 0, 
11.4, 17.78, 100.33, 73.4, 74.144, , -1.363, 0.986, 841.735, 841.735, 2.268, -30.53, -30.53, -30.53, 52.697, 70.168, 35.392, 36.967, 7.377, 13.177, 0, 0, -3.457, -3.503, -3.457, -3.503, 1, 43.031, 43.031, 0.024, 0.135, -8.003, -8.115, -8.003, -8.115, 4.741, 7.377, 13.177, , , 1, 11.46, 0, 0, 14.5, 2.268, 198, 0, 0, 0, 52, 4.163, 4.169, 127.4, 31.781, 100, 0, 0, 26.797, 26.594, 4, 0.72, 90.5, 0, 0, 97.703, 43.617, 0, 0, 0, 0, 0, 14, 0, 14.5, 0, 2.268, 198, 0, 0, 0, 52, 1, 0.004, 0.004, 127.4, 31.781, 100, 0, 0, 141, 26.797, 26.594, 4, 0.72, 0, 90.5, 0, 0, 97.703, 43.617, 0, 0, 0, 0, 
11.45, 17.78, 100.33, 73.4, 74.146, , -1.374, 0.986, 844.89, 844.89, 2.264, -30.79, -30.79, -30.79, 52.682, 70.795, 35.412, 37.125, 7.377, 13.173, 0, 0, -3.479, -3.526, -3.479, -3.526, 1, 42.963, 42.963, 0.024, 0.135, -8.074, -8.186, -8.074, -8.186, 4.75, 7.377, 13.173, , , 1, 11.51, 0, 0, 14.5, 2.264, 198, 0, 0, 0, 52, 4.181, 4.185, 127.4, 31.888, 100, 0, 0, 26.746, 26.5, 4, 0.72, 90.5, 0, 0, 97.754, 43.5, 0, 0, 0, 0, 0, 14, 0, 14.5, 0, 2.264, 198, 0, 0, 0, 52, 1, 0.004, 0.004, 127.4, 31.888, 100, 0, 0, 141, 26.746, 26.5, 4, 0.72, 0, 90.5, 0, 0, 97.754, 43.5, 0, 0, 0, 0, 
11.5, 17.78, 100.33, 73.4, 74.147, , -1.408, 0.986, 848.045, 848.045, 2.261, -31.591, -31.591, -31.591, 52.665, 71.422, 35.376, 36.693, 7.377, 13.165, 0, 0, -3.562, -3.612, -3.562, -3.612, 1, 42.893, 42.893, 0.024, 0.134, -8.286, -8.401, -8.286, -8.401, 4.757, 7.377, 13.165, , , 1, 11.561, 0, 0, 14.5, 2.261, 198, 0, 0, 0, 52, 4.19, 4.189, 127.4, 31.932, 100, 0, 0, 26.687, 26.5, 4, 0.72, 90.5, 0, 0, 97.813, 43.5, 0, 0, 0, 0, 0, 14, 0, 14.5, 0, 2.261, 198, 0, 0, 0, 52, 1, 0.004, 0.004, 127.4, 31.932, 100, 0, 0, 141, 26.687, 26.5, 4, 0.72, 0, 90.5, 0, 0, 97.813, 43.5, 0, 0, 0, 0, 
11.55, 17.78, 100.33, 73.4, 74.149, , -1.403, 0.986, 851.201, 851.201, 2.259, -31.471, -31.471, -31.471, 52.65, 72.05, 35.34, 36.261, 7.377, 13.152, 0, 0, -3.544, -3.592, -3.544, -3.592, 1, 42.822, 42.822, 0.024, 0.134, -8.255, -8.37, -8.255, -8.37, 4.744, 7.377, 13.152, , , 1, 11.611, 0, 0, 14.5, 2.259, 198, 0, 0, 0, 52, 4.2, 4.192, 127.4, 31.976, 100, 0, 0, 26.627, 26.5, 4, 0.72, 90.5, 0, 0, 97.873, 43.5, 0, 0, 0, 0, 0, 14, 0, 14.5, 0, 2.259, 198, 0, 0, 0, 52, 1, 0.004, 0.004, 127.4, 31.976, 100, 0, 0, 141, 26.627, 26.5, 4, 0.72, 0, 90.5, 0, 0, 97.873, 43.5, 0, 0, 0, 0, 
11.6, 17.78, 100.33, 73.4, 74.15, , -1.413, 0.986, 854.328, 854.328, 2.257, -31.718, -31.718, -31.718, 52.638, 72.677, 35.304, 35.829, 7.377, 13.132, 0, 0, -3.566, -3.615, -3.566, -3.615, 1, 42.751, 42.751, 0.024, 0.134, -8.321, -8.438, -8.321, -8.438, 4.731, 7.377, 13.132, , , 1, 11.661, 0, 0, 14.5, 2.257, 198, 0, 0, 0, 52, 4.209, 4.196, 127.4, 32.02, 100, 0, 0, 26.568, 26.5, 4, 0.72, 90.5, 0, 0, 97.932, 43.5, 0, 0, 0, 0, 0, 14, 0, 14.5, 0, 2.257, 198, 0, 0, 0, 52, 1, 0.004, 0.004, 127.4, 32.02, 100, 0, 0, 141, 26.568, 26.5, 4, 0.72, 0, 90.5, 0, 0, 97.932, 43.5, 0, 0, 0, 0, 
11.65, 17.78, 100.33, 73.4, 74.152, , -1.444, 0.986, 857.448, 857.448, 2.254, -32.451, -32.451, -32.451, 52.634, 73.304, 35.268, 35.397, 7.377, 13.111, 0, 0, -3.642, -3.693, -3.642, -3.693, 1, 42.679, 42.679, 0.024, 0.134, -8.513, -8.635, -8.513, -8.635, 4.718, 7.377, 13.111, , , 1, 11.711, 0, 0, 14.5, 2.254, 198, 0, 0, 0, 52, 4.219, 4.199, 127.4, 32.064, 100, 0, 0, 26.508, 26.5, 4, 0.72, 90.5, 0, 0, 97.992, 43.5, 0, 0, 0, 0, 0, 14, 0, 14.5, 0, 2.254, 198, 0, 0, 0, 52, 1, 0.004, 0.004, 127.4, 32.064, 100, 0, 0, 141, 26.508, 26.5, 4, 0.72, 0, 90.5, 0, 0, 97.992, 43.5, 0, 0, 0, 0, 
11.7, 17.78, 100.33, 73.4, 74.153, , -1.541, 0.986, 860.603, 860.603, 2.249, -34.74, -34.74, -34.74, 52.636, 73.932, 35.24, 35.044, 7.377, 13.091, 0, 0, -3.891, -3.946, -3.891, -3.946, 1, 42.604, 42.604, 0.024, 0.134, -9.113, -9.243, -9.113, -9.243, 4.704, 7.377, 13.091, , , 1, 11.761, 0, 0, 14.5, 2.249, 198.089, 0, 0, 0, 52, 4.221, 4.199, 127.4, 32.07, 100, 0, 0, 26.455, 26.455, 4, 0.72, 90.455, 0, 0, 98, 43.332, 0, 0, 0, 0, 0, 14, 0, 14.5, 0, 2.249, 198.089, 0, 0, 0, 52, 1, 0.004, 0.004, 127.4, 32.07, 100, 0, 0, 141, 26.455, 26.455, 4, 0.72, 0, 90.455, 0, 0, 98, 43.332, 0, 0, 0, 0, 
11.75, 17.78, 100.33, 73.4, 74.155, , -1.556, 0.986, 863.73, 863.73, 2.244, -35.109, -35.109, -35.109, 52.644, 74.559, 35.24, 34.972, 7.377, 13.071, 0, 0, -3.925, -3.981, -3.925, -3.981, 1, 42.525, 42.525, 0.024, 0.134, -9.209, -9.34, -9.209, -9.34, 4.702, 7.377, 13.071, , , 1, 11.811, 0, 0, 14.5, 2.244, 198.193, 0, 0, 0, 52, 4.222, 4.198, 127.4, 32.07, 100, 0, 0, 26.404, 26.404, 4, 0.72, 90.404, 0, 0, 98, 43.137, 0, 0, 0, 0, 0, 14, 0, 14.5, 0, 2.244, 198.193, 0, 0, 0, 52, 1, 0.004, 0.004, 127.4, 32.07, 100, 0, 0, 141, 26.404, 26.404, 4, 0.72, 0, 90.404, 0, 0, 98, 43.137, 0, 0, 0, 0, 
11.8, 17.78, 100.33, 73.4, 74.156, , -1.549, 0.986, 866.851, 866.851, 2.238, -34.945, -34.945, -34.945, 52.651, 75.186, 35.24, 34.9, 7.377, 13.054, 0, 0, -3.899, -3.955, -3.899, -3.955, 1, 42.448, 42.448, 0.024, 0.134, -9.164, -9.295, -9.164, -9.295, 4.701, 7.377, 13.054, , , 1, 11.861, 0, 0, 14.5, 2.238, 198.297, 0, 0, 0, 52, 4.223, 4.197, 127.4, 32.07, 100, 0, 0, 26.352, 26.352, 4, 0.72, 90.352, 0, 0, 98, 42.942, 0, 0, 0, 0, 0, 14, 0, 14.5, 0, 2.238, 198.297, 0, 0, 0, 52, 1, 0.004, 0.004, 127.4, 32.07, 100, 0, 0, 141, 26.352, 26.352, 4, 0.72, 0, 90.352, 0, 0, 98, 42.942, 0, 0, 0, 0, 
11.85, 17.78, 100.33, 73.4, 74.158, , -1.613, 0.986, 870.006, 870.006, 2.232, -36.472, -36.472, -36.472, 52.661, 75.814, 35.24, 34.828, 7.377, 13.04, 0, 0, -4.061, -4.12, -4.061, -4.12, 1, 42.369, 42.369, 0.024, 0.134, -9.563, -9.699, -9.563, -9.699, 4.7, 7.377, 13.04, , , 1, 11.911, 0, 0, 14.5, 2.232, 198.4, 0, 0, 0, 52, 4.224, 4.196, 127.4, 32.07, 100, 0, 0, 26.3, 26.3, 4, 0.72, 90.3, 0, 0, 98, 42.747, 0, 0, 0, 0, 0, 14, 0, 14.5, 0, 2.232, 198.4, 0, 0, 0, 52, 1, 0.004, 0.004, 127.4, 32.07, 100, 0, 0, 141, 26.3, 26.3, 4, 0.72, 0, 90.3, 0, 0, 98, 42.747, 0, 0, 0, 0, 
11.9, 17.78, 100.33, 73.4, 74.159, , -1.679, 0.986, 873.133, 873.133, 2.227, -38.023, -38.023, -38.023, 52.674, 76.441, 35.24, 34.756, 7.377, 13.035, 0, 0, -4.225, -4.288, -4.225, -4.288, 1, 42.287, 42.287, 0.024, 0.134, -9.967, -10.108, -9.967, -10.108, 4.699, 7.377, 13.035, , , 1, 11.961, 0, 0, 14.5, 2.227, 198.496, 0, 0, 0, 52, 4.225, 4.195, 127.4, 32.07, 100, 0, 0, 26.252, 26.252, 4, 0.72, 90.248, 0, 0, 98, 42.557, 0, 0, 0, 0, 0, 14, 0, 14.5, 0, 2.227, 198.496, 0, 0, 0, 52, 1, 0.004, 0.004, 127.4, 32.07, 100, 0, 0, 141, 26.252, 26.252, 4, 0.72, 0, 90.248, 0, 0, 98, 42.557, 0, 0, 0, 0, 
11.95, 17.78, 100.33, 73.4, 74.16, , -1.719, 0.986, 876.239, 876.239, 2.225, -38.988, -38.988, -38.988, 52.691, 77.068, 35.232, 34.724, 7.377, 13.037, 0, 0, -4.324, -4.389, -4.324, -4.389, 1, 42.201, 42.201, 0.024, 0.134, -10.218, -10.362, -10.218, -10.362, 4.702, 7.377, 13.037, , , 1, 12.011, 0, 0, 14.5, 2.225, 198.391, 0, 0, 0, 52, 4.233, 4.19, 127.4, 32.07, 100, 0, 0, 26.304, 26.304, 4, 0.72, 90.196, 0, 0, 98, 42.493, 0, 0, 0, 0, 0, 14, 0, 14.5, 0, 2.225, 198.391, 0, 0, 0, 52, 1, 0.004, 0.004, 127.4, 32.07, 100, 0, 0, 141, 26.304, 26.304, 4, 0.72, 0, 90.196, 0, 0, 98, 42.493, 0, 0, 0, 0, 
12, 17.78, 100.33, 73.4, 74.16, , -1.659, 0.986, 879.312, 879.312, 2.223, -37.565, -37.565, -37.565, 52.704, 77.696, 35.196, 34.832, 7.377, 13.051, 0, 0, -4.158, -4.221, -4.158, -4.221, 1, 42.116, 42.116, 0.024, 0.134, -9.843, -9.982, -9.843, -9.982, 4.705, 7.377, 13.051, , , 1, 12.061, 0, 0, 14.5, 2.223, 198.287, 0, 0, 0, 52, 4.24, 4.184, 127.4, 32.07, 100, 0, 0, 26.357, 26.357, 4, 0.72, 90.143, 0, 0, 98, 42.428, 0, 0, 0, 0, 0, 14, 0, 14.5, 0, 2.223, 198.287, 0, 0, 0, 52, 1, 0.004, 0.004, 127.4, 32.07, 100, 0, 0, 141, 26.357, 26.357, 4, 0.72, 0, 90.143, 0, 0, 98, 42.428, 0, 0, 0, 0, 
12.05, 17.78, 100.33, 73.4, 74.16, , -1.619, 0.986, 882.412, 882.412, 2.221, -36.622, -36.622, -36.622, 52.714, 78.323, 35.16, 34.94, 7.377, 13.072, 0, 0, -4.046, -4.107, -4.046, -4.107, 1, 42.033, 42.033, 0.024, 0.134, -9.593, -9.73, -9.593, -9.73, 4.708, 7.377, 13.072, , , 1, 12.11, 0, 0, 14.5, 2.221, 198.182, 0, 0, 0, 52, 4.247, 4.179, 127.4, 32.07, 100, 0, 0, 26.409, 26.409, 4, 0.72, 90.091, 0, 0, 98, 42.363, 0, 0, 0, 0, 0, 14, 0, 14.5, 0, 2.221, 198.182, 0, 0, 0, 52, 1, 0.004, 0.004, 127.4, 32.07, 100, 0, 0, 141, 26.409, 26.409, 4, 0.72, 0, 90.091, 0, 0, 98, 42.363, 0, 0, 0, 0, 
12.1, 17.78, 100.33, 73.4, 74.16, , -1.589, 0.986, 885.518, 885.518, 2.219, -35.912, -35.912, -35.912, 52.718, 78.95, 35.124, 35.048, 7.377, 13.106, 0, 0, -3.96, -4.02, -3.96, -4.02, 1, 41.952, 41.952, 0.024, 0.134, -9.406, -9.541, -9.406, -9.541, 4.711, 7.377, 13.106, , , 1, 12.161, 0, 0, 14.5, 2.219, 198.077, 0, 0, 0, 52, 4.255, 4.174, 127.4, 32.07, 100, 0, 0, 26.461, 26.461, 4, 0.72, 90.039, 0, 0, 98, 42.298, 0, 0, 0, 0, 0, 14, 0, 14.5, 0, 2.219, 198.077, 0, 0, 0, 52, 1, 0.004, 0.004, 127.4, 32.07, 100, 0, 0, 141, 26.461, 26.461, 4, 0.72, 0, 90.039, 0, 0, 98, 42.298, 0, 0, 0, 0, 
12.15, 17.78, 100.33, 73.4, 74.16, , -1.561, 0.986, 888.59, 888.59, 2.217, -35.243, -35.243, -35.243, 52.719, 79.578, 35.088, 35.156, 7.377, 13.144, 0, 0, -3.88, -3.938, -3.88, -3.938, 1, 41.873, 41.873, 0.024, 0.134, -9.232, -9.363, -9.232, -9.363, 4.706, 7.377, 13.144, , , 1, 12.211, 0, 0, 14.5, 2.217, 198, 0, 0, 0, 52, 4.259, 4.173, 127.4, 32.108, 100, 0, 0, 26.474, 26.474, 4, 0.72, 90, 0, 0, 97.974, 42.25, 0, 0, 0, 0, 0, 14, 0, 14.5, 0, 2.217, 198, 0, 0, 0, 52, 1, 0.004, 0.004, 127.4, 32.108, 100, 0, 0, 141, 26.474, 26.474, 4, 0.72, 0, 90, 0, 0, 97.974, 42.25, 0, 0, 0, 0, 
12.2, 17.78, 100.33, 73.4, 74.16, , -1.535, 0.986, 891.663, 891.663, 2.213, -34.612, -34.612, -34.612, 52.718, 80.205, 35.076, 35.24, 7.377, 13.188, 0, 0, -3.804, -3.86, -3.804, -3.86, 1, 41.795, 41.795, 0.024, 0.134, -9.067, -9.196, -9.067, -9.196, 4.695, 7.377, 13.188, , , 1, 12.26, 0, 0, 14.5, 2.213, 198, 0, 0, 0, 52, 4.255, 4.185, 127.4, 32.255, 100, 0, 0, 26.375, 26.375, 4, 0.72, 90, 0, 0, 97.875, 42.25, 0, 0, 0, 0, 0, 14, 0, 14.5, 0, 2.213, 198, 0, 0, 0, 52, 1, 0.004, 0.004, 127.4, 32.255, 100, 0, 0, 141, 26.375, 26.375, 4, 0.72, 0, 90, 0, 0, 97.875, 42.25, 0, 0, 0, 0, 
12.25, 17.78, 100.33, 73.4, 74.16, , -1.516, 0.986, 894.735, 894.735, 2.209, -34.177, -34.177, -34.177, 52.713, 80.832, 35.148, 35.24, 7.377, 13.23, 0, 0, -3.749, -3.804, -3.749, -3.804, 1, 41.718, 41.718, 0.024, 0.134, -8.953, -9.081, -8.953, -9.081, 4.684, 7.377, 13.23, , , 1, 12.31, 0, 0, 14.5, 2.209, 198, 0, 0, 0, 52, 4.251, 4.197, 127.4, 32.402, 100, 0, 0, 26.276, 26.276, 4, 0.72, 90, 0, 0, 97.776, 42.25, 0, 0, 0, 0, 0, 14, 0, 14.5, 0, 2.209, 198, 0, 0, 0, 52, 1, 0.004, 0.004, 127.4, 32.402, 100, 0, 0, 141, 26.276, 26.276, 4, 0.72, 0, 90, 0, 0, 97.776, 42.25, 0, 0, 0, 0, 
12.3, 17.78, 100.33, 73.4, 74.16, , -1.543, 0.986, 897.807, 897.807, 2.204, -34.817, -34.817, -34.817, 52.709, 81.46, 35.22, 35.24, 7.378, 13.264, 0, 0, -3.811, -3.866, -3.811, -3.866, 1, 41.64, 41.64, 0.024, 0.134, -9.121, -9.251, -9.121, -9.251, 4.674, 7.378, 13.264, , , 1, 12.361, 0, 0, 14.5, 2.204, 198, 0, 0, 0, 52, 4.247, 4.209, 127.4, 32.549, 100, 0, 0, 26.177, 26.177, 4, 0.72, 90, 0, 0, 97.677, 42.25, 0, 0, 0, 0, 0, 14, 0, 14.5, 0, 2.204, 198, 0, 0, 0, 52, 1, 0.004, 0.004, 127.4, 32.549, 100, 0, 0, 141, 26.177, 26.177, 4, 0.72, 0, 90, 0, 0, 97.677, 42.25, 0, 0, 0, 0, 
12.35, 17.78, 100.33, 73.4, 74.16, , -1.547, 0.986, 900.88, 900.88, 2.2, -34.915, -34.915, -34.915, 52.705, 82.087, 35.292, 35.24, 7.378, 13.296, 0, 0, -3.816, -3.87, -3.816, -3.87, 1, 41.561, 41.561, 0.024, 0.134, -9.148, -9.277, -9.148, -9.277, 4.667, 7.378, 13.296, , , 1, 12.411, 0, 0, 14.5, 2.2, 198, 0, 0, 0, 52, 4.243, 4.221, 127.4, 32.695, 100, 0, 0, 26.077, 26.077, 4, 0.72, 90, 0, 0, 97.577, 42.25, 0, 0, 0, 0, 0, 14, 0, 14.5, 0, 2.2, 198, 0, 0, 0, 52, 1, 0.004, 0.004, 127.4, 32.695, 100, 0, 0, 141, 26.077, 26.077, 4, 0.72, 0, 90, 0, 0, 97.577, 42.25, 0, 0, 0, 0, 
12.4, 17.78, 100.33, 73.4, 74.16, , -1.537, 0.986, 903.948, 903.948, 2.196, -34.676, -34.676, -34.676, 52.705, 82.714, 35.364, 35.24, 7.379, 13.32, 0, 0, -3.784, -3.836, -3.784, -3.836, 1, 41.484, 41.484, 0.024, 0.134, -9.087, -9.215, -9.087, -9.215, 4.668, 7.379, 13.32, , , 1, 12.461, 0, 0, 14.5, 2.196, 198, 0, 0, 0, 52, 4.244, 4.235, 127.4, 32.81, 100, 0, 0, 26, 26, 4, 0.72, 90, 0, 0, 97.5, 42.222, 0, 0, 0, 0, 0, 14, 0, 14.5, 0, 2.196, 198, 0, 0, 0, 52, 1, 0.004, 0.004, 127.4, 32.81, 100, 0, 0, 141, 26, 26, 4, 0.72, 0, 90, 0, 0, 97.5, 42.222, 0, 0, 0, 0, 
12.45, 17.78, 100.33, 73.4, 74.16, , -1.525, 0.986, 906.98, 906.98, 2.192, -34.384, -34.384, -34.384, 52.708, 83.342, 35.333, 35.24, 7.379, 13.34, 0, 0, -3.745, -3.797, -3.745, -3.797, 1, 41.408, 41.408, 0.024, 0.134, -9.009, -9.137, -9.009, -9.137, 4.669, 7.379, 13.34, , , 1, 12.511, 0, 0, 14.5, 2.192, 198, 0, 0, 0, 52, 4.265, 4.257, 127.4, 32.81, 100, 0, 0, 26, 26, 4, 0.72, 90, 0, 0, 97.5, 42.098, 0, 0, 0, 0, 0, 14, 0, 14.5, 0, 2.192, 198, 0, 0, 0, 52, 1, 0.004, 0.004, 127.4, 32.81, 100, 0, 0, 141, 26, 26, 4, 0.72, 0, 90, 0, 0, 97.5, 42.098, 0, 0, 0, 0, 
12.5, 17.78, 100.33, 73.4, 74.16, , -1.493, 0.986, 910.012, 910.012, 2.188, -33.643, -33.643, -33.643, 52.716, 83.969, 34.937, 35.24, 7.38, 13.352, 0, 0, -3.658, -3.708, -3.658, -3.708, 1, 41.33, 41.33, 0.024, 0.134, -8.814, -8.939, -8.814, -8.939, 4.67, 7.38, 13.352, , , 1, 12.561, 0, 0, 14.5, 2.188, 198, 0, 0, 0, 52, 4.285, 4.279, 127.4, 32.81, 100, 0, 0, 26, 26, 4, 0.72, 90, 0, 0, 97.5, 41.973, 0, 0, 0, 0, 0, 14, 0, 14.5, 0, 2.188, 198, 0, 0, 0, 52, 1, 0.004, 0.004, 127.4, 32.81, 100, 0, 0, 141, 26, 26, 4, 0.72, 0, 90, 0, 0, 97.5, 41.973, 0, 0, 0, 0, 
12.55, 17.78, 100.33, 73.4, 74.16, , -1.448, 0.986, 913.045, 913.045, 2.183, -32.566, -32.566, -32.566, 52.729, 84.596, 34.541, 35.24, 7.38, 13.362, 0, 0, -3.534, -3.582, -3.534, -3.582, 1, 41.258, 41.258, 0.024, 0.134, -8.531, -8.651, -8.531, -8.651, 4.672, 7.38, 13.362, , , 1, 12.61, 0, 0, 14.5, 2.183, 198, 0, 0, 0, 52, 4.305, 4.301, 127.4, 32.81, 100, 0, 0, 26, 26, 4, 0.72, 90, 0, 0, 97.5, 41.848, 0, 0, 0, 0, 0, 14, 0, 14.5, 0, 2.183, 198, 0, 0, 0, 52, 1, 0.004, 0.004, 127.4, 32.81, 100, 0, 0, 141, 26, 26, 4, 0.72, 0, 90, 0, 0, 97.5, 41.848, 0, 0, 0, 0, 
12.6, 17.78, 100.33, 73.4, 74.16, , -1.434, 0.986, 916.077, 916.077, 2.179, -32.241, -32.241, -32.241, 52.745, 85.224, 34.145, 35.24, 7.379, 13.366, 0, 0, -3.492, -3.539, -3.492, -3.539, 1, 41.186, 41.186, 0.024, 0.134, -8.441, -8.561, -8.441, -8.561, 4.678, 7.379, 13.366, , , 1, 12.66, 0, 0, 14.5, 2.179, 198, 0, 0, 0, 52, 4.325, 4.324, 127.4, 32.81, 100, 0, 0, 26, 26, 4, 0.72, 90, 0, 0, 97.5, 41.723, 0, 0, 0, 0, 0, 14, 0, 14.5, 0, 2.179, 198, 0, 0, 0, 52, 1, 0.004, 0.004, 127.4, 32.81, 100, 0, 0, 141, 26, 26, 4, 0.72, 0, 90, 0, 0, 97.5, 41.723, 0, 0, 0, 0, 
12.65, 17.78, 100.33, 73.4, 74.16, , -1.434, 0.986, 919.11, 919.11, 2.175, -32.239, -32.239, -32.239, 52.765, 85.851, 33.749, 35.24, 7.379, 13.367, 0, 0, -3.485, -3.533, -3.485, -3.533, 1, 41.115, 41.115, 0.024, 0.134, -8.437, -8.558, -8.437, -8.558, 4.684, 7.379, 13.367, , , 1, 12.71, 0, 0, 14.5, 2.175, 198, 0, 0, 0, 52, 4.341, 4.34, 127.4, 32.85, 100, 0, 0, 26, 26, 4, 0.72, 90, 0, 0, 97.5, 41.63, 0, 0, 0, 0, 0, 14, 0, 14.5, 0, 2.175, 198, 0, 0, 0, 52, 1, 0.004, 0.004, 127.4, 32.85, 100, 0, 0, 141, 26, 26, 4, 0.72, 0, 90, 0, 0, 97.5, 41.63, 0, 0, 0, 0, 
12.7, 17.78, 100.33, 73.4, 74.16, , -1.449, 0.986, 922.142, 922.142, 2.173, -32.587, -32.587, -32.587, 52.778, 86.478, 33.487, 35.232, 7.379, 13.354, 0, 0, -3.516, -3.566, -3.516, -3.566, 1, 41.043, 41.043, 0.024, 0.133, -8.525, -8.647, -8.525, -8.647, 4.689, 7.379, 13.354, , , 1, 12.76, 0, 0, 14.5, 2.173, 198, 0, 0, 0, 52, 4.345, 4.34, 127.4, 33.003, 100, 0, 0, 26, 26, 4, 0.72, 90, 0, 0, 97.5, 41.63, 0, 0, 0, 0, 0, 14, 0, 14.5, 0, 2.173, 198, 0, 0, 0, 52, 1, 0.004, 0.004, 127.4, 33.003, 100, 0, 0, 141, 26, 26, 4, 0.72, 0, 90, 0, 0, 97.5, 41.63, 0, 0, 0, 0, 
12.75, 17.78, 100.33, 73.4, 74.16, , -1.426, 0.986, 925.175, 925.175, 2.17, -32.043, -32.043, -32.043, 52.786, 87.106, 33.7, 35.197, 7.379, 13.339, 0, 0, -3.452, -3.5, -3.452, -3.5, 1, 40.971, 40.971, 0.024, 0.133, -8.382, -8.501, -8.382, -8.501, 4.694, 7.379, 13.339, , , 1, 12.811, 0, 0, 14.5, 2.17, 198, 0, 0, 0, 52, 4.349, 4.34, 127.4, 33.157, 100, 0, 0, 26, 26, 4, 0.72, 90, 0, 0, 97.5, 41.63, 0, 0, 0, 0, 0, 14, 0, 14.5, 0, 2.17, 198, 0, 0, 0, 52, 1, 0.004, 0.004, 127.4, 33.157, 100, 0, 0, 141, 26, 26, 4, 0.72, 0, 90, 0, 0, 97.5, 41.63, 0, 0, 0, 0, 
12.8, 17.78, 100.33, 73.4, 74.16, , -1.414, 0.986, 928.191, 928.191, 2.168, -31.772, -31.772, -31.772, 52.78, 87.733, 33.914, 35.161, 7.379, 13.31, 0, 0, -3.417, -3.465, -3.417, -3.465, 1, 40.9, 40.9, 0.024, 0.133, -8.312, -8.43, -8.312, -8.43, 4.687, 7.379, 13.31, , , 1, 12.861, 0, 0, 14.5, 2.168, 198, 0, 0, 0, 52, 4.353, 4.34, 127.4, 33.31, 100, 0, 0, 26, 26, 4, 0.72, 90, 0, 0, 97.5, 41.63, 0, 0, 0, 0, 0, 14, 0, 14.5, 0, 2.168, 198, 0, 0, 0, 52, 1, 0.004, 0.004, 127.4, 33.31, 100, 0, 0, 141, 26, 26, 4, 0.72, 0, 90, 0, 0, 97.5, 41.63, 0, 0, 0, 0, 
12.85, 17.78, 100.33, 73.396, 74.16, , -1.424, 0.986, 931.185, 931.185, 2.165, -31.997, -31.997, -31.997, 52.764, 88.36, 34.127, 35.125, 7.379, 13.28, 0, 0, -3.435, -3.484, -3.435, -3.484, 1, 40.828, 40.828, 0.024, 0.134, -8.373, -8.492, -8.373, -8.492, 4.68, 7.379, 13.28, , , 1, 12.911, 0, 0, 14.5, 2.165, 198, 0, 0, 0, 52, 4.358, 4.34, 127.4, 33.464, 100, 0, 0, 26, 26, 4, 0.72, 90, 0, 0, 97.5, 41.63, 0, 0, 0, 0, 0, 14, 0, 14.5, 0, 2.165, 198, 0, 0, 0, 52, 1, 0.004, 0.004, 127.4, 33.464, 100, 0, 0, 141, 26, 26, 4, 0.72, 0, 90, 0, 0, 97.5, 41.63, 0, 0, 0, 0, 
12.9, 17.78, 100.33, 73.391, 74.16, , -1.379, 0.986, 934.179, 934.179, 2.162, -30.945, -30.945, -30.945, 52.741, 88.988, 34.341, 35.09, 7.38, 13.245, 0, 0, -3.316, -3.364, -3.316, -3.364, 1, 40.756, 40.756, 0.024, 0.134, -8.103, -8.217, -8.103, -8.217, 4.673, 7.38, 13.245, , , 1, 12.961, 0, 0, 14.5, 2.162, 198, 0, 0, 0, 52, 4.36, 4.344, 127.4, 33.55, 100, 0, 0, 25.959, 25.959, 4, 0.722, 89.958, 0, 0, 97.5, 41.58, 0, 0, 0, 0, 0, 14, 0, 14.5, 0, 2.162, 198, 0, 0, 0, 52, 1, 0.004, 0.004, 127.4, 33.55, 100, 0, 0, 141, 25.959, 25.959, 4, 0.722, 0, 89.958, 0, 0, 97.5, 41.58, 0, 0, 0, 0, 
12.95, 17.78, 100.33, 73.386, 74.16, , -1.367, 0.986, 937.172, 937.172, 2.156, -30.67, -30.67, -30.67, 52.714, 89.615, 34.555, 35.112, 7.38, 13.211, 0, 0, -3.281, -3.327, -3.281, -3.327, 1, 40.689, 40.689, 0.024, 0.134, -8.035, -8.148, -8.035, -8.148, 4.667, 7.38, 13.211, , , 1, 13.011, 0, 0, 14.5, 2.156, 198, 0, 0, 0, 52, 4.36, 4.354, 127.4, 33.55, 100, 0, 0, 25.862, 25.862, 4, 0.726, 89.861, 0, 0, 97.5, 41.459, 0, 0, 0, 0, 0, 14, 0, 14.5, 0, 2.156, 198, 0, 0, 0, 52, 1, 0.004, 0.004, 127.4, 33.55, 100, 0, 0, 141, 25.862, 25.862, 4, 0.726, 0, 89.861, 0, 0, 97.5, 41.459, 0, 0, 0, 0, 
13, 17.78, 100.33, 73.381, 74.16, , -1.466, 0.986, 940.166, 940.166, 2.151, -33.018, -33.018, -33.018, 52.698, 84.142, 34.774, 35.44, 7.38, 13.181, 0, 0, -3.524, -3.573, -3.524, -3.573, 1, 40.617, 40.617, 0.024, 0.134, -8.652, -8.775, -8.652, -8.775, 4.66, 7.38, 13.181, , , 1, 13.061, 0, 0, 14.5, 2.151, 198, 0, 0, 0, 52, 4.36, 4.363, 127.4, 33.55, 100, 0, 0, 25.766, 25.766, 4, 0.729, 89.764, 0, 0, 97.5, 41.339, 0, 0, 0, 0, 0, 14, 0, 14.5, 0, 2.151, 198, 0, 0, 0, 52, 1, 0.004, 0.004, 127.4, 33.55, 100, 0, 0, 141, 25.766, 25.766, 4, 0.729, 0, 89.764, 0, 0, 97.5, 41.339, 0, 0, 0, 0, 
13.05, 17.78, 100.33, 73.376, 74.16, , -1.539, 0.986, 943.159, 943.159, 2.146, -34.733, -34.733, -34.733, 52.695, 78.415, 34.992, 35.768, 7.38, 13.152, 0, 0, -3.7, -3.752, -3.7, -3.752, 1, 40.542, 40.542, 0.024, 0.134, -9.101, -9.23, -9.101, -9.23, 4.653, 7.38, 13.152, , , 1, 13.111, 0, 0, 14.5, 2.146, 198, 0, 0, 0, 52, 4.36, 4.373, 127.4, 33.55, 100, 0, 0, 25.669, 25.669, 4, 0.733, 89.668, 0, 0, 97.5, 41.219, 0, 0, 0, 0, 0, 14, 0, 14.5, 0, 2.146, 198, 0, 0, 0, 52, 1, 0.004, 0.004, 127.4, 33.55, 100, 0, 0, 141, 25.669, 25.669, 4, 0.733, 0, 89.668, 0, 0, 97.5, 41.219, 0, 0, 0, 0, 
13.1, 17.78, 100.33, 73.371, 74.16, , -1.583, 0.986, 946.147, 946.147, 2.141, -35.776, -35.776, -35.776, 52.71, 72.687, 35.211, 36.096, 7.38, 13.138, 0, 0, -3.804, -3.858, -3.804, -3.858, 1, 40.462, 40.462, 0.024, 0.134, -9.372, -9.506, -9.372, -9.506, 4.646, 7.38, 13.138, , , 1, 13.161, 0, 0, 14.5, 2.141, 198, 0, 0, 0, 52, 4.36, 4.383, 127.4, 33.55, 100, 0, 0, 25.572, 25.572, 4, 0.737, 89.571, 0, 0, 97.5, 41.099, 0, 0, 0, 0, 0, 14, 0, 14.5, 0, 2.141, 198, 0, 0, 0, 52, 1, 0.004, 0.004, 127.4, 33.55, 100, 0, 0, 141, 25.572, 25.572, 4, 0.737, 0, 89.571, 0, 0, 97.5, 41.099, 0, 0, 0, 0, 
13.15, 17.78, 100.33, 73.366, 74.16, , -1.532, 0.986, 949.103, 949.103, 2.136, -34.582, -34.582, -34.582, 52.728, 66.96, 35.429, 36.424, 7.38, 13.125, 0, 0, -3.673, -3.724, -3.673, -3.724, 1, 40.384, 40.384, 0.024, 0.134, -9.057, -9.185, -9.057, -9.185, 4.639, 7.38, 13.125, , , 1, 13.211, 0, 0, 14.495, 2.136, 198, 0, 0, 0, 52, 4.364, 4.39, 127.4, 33.568, 100, 0, 0, 25.475, 25.5, 4, 0.739, 89.5, 0, 0, 97.475, 40.979, 0, 0, 0, 0, 0, 14, 0, 14.495, 0, 2.136, 198, 0, 0, 0, 52, 1, 0.004, 0.004, 127.4, 33.568, 100, 0, 0, 141, 25.475, 25.5, 4, 0.739, 0, 89.5, 0, 0, 97.475, 40.979, 0, 0, 0, 0, 
13.2, 17.78, 100.33, 73.361, 74.16, , -1.552, 0.986, 952.08, 952.08, 2.133, -35.057, -35.057, -35.057, 52.751, 61.233, 35.592, 36.64, 7.38, 13.127, 0, 0, -3.717, -3.768, -3.717, -3.768, 1, 40.31, 40.31, 0.024, 0.134, -9.178, -9.307, -9.178, -9.307, 4.639, 7.38, 13.127, , , 1, 13.261, 0, 0, 14.476, 2.133, 198, 0, 0, 0, 52, 4.379, 4.392, 127.4, 33.64, 100, 0, 0, 25.379, 25.5, 4, 0.735, 89.5, 0, 0, 97.379, 40.86, 0, 0, 0, 0, 0, 14, 0, 14.476, 0, 2.133, 198, 0, 0, 0, 52, 1, 0.004, 0.004, 127.4, 33.64, 100, 0, 0, 141, 25.379, 25.5, 4, 0.735, 0, 89.5, 0, 0, 97.379, 40.86, 0, 0, 0, 0, 
13.25, 17.78, 100.33, 73.356, 74.159, , -1.62, 0.986, 955.073, 955.073, 2.13, -36.661, -36.661, -36.661, 52.775, 55.505, 35.556, 36.46, 7.38, 13.13, 0, 0, -3.88, -3.932, -3.88, -3.932, 1, 40.23, 40.23, 0.024, 0.134, -9.593, -9.73, -9.593, -9.73, 4.644, 7.38, 13.13, , , 1, 13.31, 0, 0, 14.457, 2.13, 198, 0, 0, 0, 52, 4.395, 4.394, 127.4, 33.711, 100, 0, 0, 25.283, 25.5, 4, 0.731, 89.5, 0, 0, 97.283, 40.741, 0, 0, 0, 0, 0, 14, 0, 14.457, 0, 2.13, 198, 0, 0, 0, 52, 1, 0.004, 0.004, 127.4, 33.711, 100, 0, 0, 141, 25.283, 25.5, 4, 0.731, 0, 89.5, 0, 0, 97.283, 40.741, 0, 0, 0, 0, 
13.3, 17.778, 100.33, 73.351, 74.158, , -1.522, 0.986, 958.029, 958.029, 2.128, -34.338, -34.338, -34.338, 52.797, 49.778, 35.52, 36.28, 7.38, 13.151, 0, 0, -3.627, -3.676, -3.627, -3.676, 1, 40.151, 40.151, 0.024, 0.134, -8.982, -9.11, -8.982, -9.11, 4.649, 7.38, 13.151, , , 1, 13.36, 0, 0, 14.437, 2.128, 198, 0, 0, 0, 52, 4.41, 4.396, 127.4, 33.782, 100, 0, 0, 25.187, 25.5, 4, 0.727, 89.5, 0, 0, 97.187, 40.621, 0, 0, 0, 0, 0, 14, 0, 14.437, 0, 2.128, 198, 0, 0, 0, 52, 1, 0.004, 0.004, 127.4, 33.782, 100, 0, 0, 141, 25.187, 25.5, 4, 0.727, 0, 89.5, 0, 0, 97.187, 40.621, 0, 0, 0, 0, 
13.35, 17.777, 100.33, 73.346, 74.156, , -1.447, 0.986, 960.984, 960.984, 2.125, -32.563, -32.563, -32.563, 52.809, 62.539, 35.484, 36.1, 7.379, 13.172, 0, 0, -3.433, -3.479, -3.433, -3.479, 1, 40.077, 40.077, 0.024, 0.134, -8.516, -8.636, -8.516, -8.636, 4.654, 7.379, 13.172, , , 1, 13.411, 0, 0, 14.418, 2.125, 198, 0, 0, 0, 52, 4.426, 4.398, 127.4, 33.853, 100, 0, 0, 25.09, 25.5, 4, 0.724, 89.5, 0, 0, 97.09, 40.502, 0, 0, 0, 0, 0, 14, 0, 14.418, 0, 2.125, 198, 0, 0, 0, 52, 1, 0.004, 0.004, 127.4, 33.853, 100, 0, 0, 141, 25.09, 25.5, 4, 0.724, 0, 89.5, 0, 0, 97.09, 40.502, 0, 0, 0, 0, 
13.4, 17.776, 100.33, 73.341, 74.155, , -1.402, 0.986, 963.94, 963.94, 2.122, -31.485, -31.485, -31.485, 52.815, 66.541, 35.448, 35.92, 7.379, 13.195, 0, 0, -3.314, -3.357, -3.314, -3.357, 1, 40.005, 40.005, 0.024, 0.134, -8.233, -8.348, -8.233, -8.348, 4.658, 7.379, 13.195, , , 1, 13.461, 0, 0, 14.4, 2.122, 198.012, 0, 0, 0, 52.012, 4.442, 4.403, 127.4, 33.92, 100, 0, 0, 25, 25.494, 4, 0.72, 89.531, 0, 0, 97.037, 40.39, 0, 0, 0, 0, 0, 14, 0, 14.4, 0, 2.122, 198.012, 0, 0, 0, 52.012, 1, 0.004, 0.004, 127.4, 33.92, 100, 0, 0, 141, 25, 25.494, 4, 0.72, 0, 89.531, 0, 0, 97.037, 40.39, 0, 0, 0, 0, 
13.45, 17.775, 100.33, 73.336, 74.153, , -1.456, 0.986, 966.864, 966.864, 2.118, -32.786, -32.786, -32.786, 52.818, 67.619, 35.404, 35.756, 7.379, 13.219, 0, 0, -3.445, -3.49, -3.445, -3.49, 1, 39.935, 39.935, 0.024, 0.133, -8.572, -8.693, -8.572, -8.693, 4.659, 7.379, 13.219, , , 1, 13.511, 0, 0, 14.4, 2.118, 198.219, 0, 0, 0, 52.219, 4.475, 4.453, 127.4, 33.92, 100, 0, 0, 25, 25.39, 4, 0.724, 90.048, 0, 0, 97.657, 40.39, 0, 0, 0, 0, 0, 14, 0, 14.4, 0, 2.118, 198.219, 0, 0, 0, 52.219, 1, 0.004, 0.004, 127.4, 33.92, 100, 0, 0, 141, 25, 25.39, 4, 0.724, 0, 90.048, 0, 0, 97.657, 40.39, 0, 0, 0, 0, 
13.5, 17.774, 100.33, 73.331, 74.152, , -1.494, 0.986, 969.782, 969.782, 2.114, -33.694, -33.694, -33.694, 52.831, 68.697, 35.332, 35.648, 7.379, 13.233, 0, 0, -3.535, -3.582, -3.535, -3.582, 1, 39.859, 39.859, 0.024, 0.133, -8.808, -8.934, -8.808, -8.934, 4.66, 7.379, 13.233, , , 1, 13.561, 0, 0, 14.4, 2.114, 198.426, 0, 0, 0, 52.426, 4.508, 4.502, 127.4, 33.92, 100, 0, 0, 25, 25.287, 4, 0.729, 90.564, 0, 0, 98.277, 40.39, 0, 0, 0, 0, 0, 14, 0, 14.4, 0, 2.114, 198.426, 0, 0, 0, 52.426, 1, 0.004, 0.004, 127.4, 33.92, 100, 0, 0, 141, 25, 25.287, 4, 0.729, 0, 90.564, 0, 0, 98.277, 40.39, 0, 0, 0, 0, 
13.55, 17.773, 100.33, 73.326, 74.15, , -1.431, 0.986, 972.701, 972.701, 2.111, -32.191, -32.191, -32.191, 52.842, 69.775, 35.26, 35.54, 7.379, 13.246, 0, 0, -3.371, -3.416, -3.371, -3.416, 1, 39.785, 39.785, 0.024, 0.133, -8.414, -8.534, -8.414, -8.534, 4.661, 7.379, 13.246, , , 1, 13.611, 0, 0, 14.4, 2.111, 198.632, 0, 0, 0, 52.632, 4.541, 4.552, 127.4, 33.92, 100, 0, 0, 25, 25.184, 4, 0.733, 91.081, 0, 0, 98.897, 40.39, 0, 0, 0, 0, 0, 14, 0, 14.4, 0, 2.111, 198.632, 0, 0, 0, 52.632, 1, 0.005, 0.005, 127.4, 33.92, 100, 0, 0, 141, 25, 25.184, 4, 0.733, 0, 91.081, 0, 0, 98.897, 40.39, 0, 0, 0, 0, 
13.6, 17.772, 100.33, 73.321, 74.149, , -1.408, 0.986, 974.669, 974.669, 2.107, -31.635, -31.635, -31.635, 52.851, 70.853, 35.188, 35.432, 7.38, 13.243, 0, 0, -3.309, -3.353, -3.309, -3.353, 1, 39.715, 39.715, 0.024, 0.133, -8.268, -8.385, -8.268, -8.385, 4.662, 7.38, 13.243, , , 1, 13.66, 0, 0, 14.4, 2.107, 198.839, 0, 0, 0, 52.839, 4.574, 4.601, 127.4, 33.92, 100, 0, 0, 25, 25.081, 4, 0.737, 91.597, 0, 0, 99.517, 40.39, 0, 0, 0, 0, 0, 14, 0, 14.4, 0, 2.107, 198.839, 0, 0, 0, 52.839, 1, 0.005, 0.005, 127.4, 33.92, 100, 0, 0, 141, 25, 25.081, 4, 0.737, 0, 91.597, 0, 0, 99.517, 40.39, 0, 0, 0, 0, 
13.65, 17.77, 100.33, 73.316, 74.147, , -1.407, 0.986, 976.259, 976.259, 2.103, -31.626, -31.626, -31.626, 52.857, 71.93, 35.116, 35.324, 7.38, 13.24, 0, 0, -3.306, -3.349, -3.306, -3.349, 1, 39.675, 39.675, 0.024, 0.133, -8.264, -8.381, -8.264, -8.381, 4.66, 7.38, 13.24, , , 1, 13.71, 0, 0, 14.4, 2.103, 199, 0, 0, 0, 53, 4.602, 4.64, 127.4, 33.952, 100, 0, 0, 25, 25, 4, 0.739, 91.978, 0, 0, 100, 40.363, 0, 0, 0, 0, 0, 14, 0, 14.4, 0, 2.103, 199, 0, 0, 0, 53, 1, 0.005, 0.005, 127.4, 33.952, 100, 0, 0, 141, 25, 25, 4, 0.739, 0, 91.978, 0, 0, 100, 40.363, 0, 0, 0, 0, 
13.7, 17.769, 100.33, 73.311, 74.146, , -1.447, 0.986, 979.141, 979.141, 2.1, -32.562, -32.562, -32.562, 52.863, 73.008, 35.06, 35.29, 7.38, 13.225, 0, 0, -3.397, -3.443, -3.397, -3.443, 1, 39.63, 39.63, 0.024, 0.133, -8.506, -8.627, -8.506, -8.627, 4.659, 7.38, 13.225, , , 1, 13.761, 0, 0, 14.4, 2.1, 199, 0, 0, 0, 53, 4.61, 4.64, 127.4, 34.098, 100, 0, 0, 25, 25, 4, 0.735, 91.878, 0, 0, 100, 40.239, 0, 0, 0, 0, 0, 14, 0, 14.4, 0, 2.1, 199, 0, 0, 0, 53, 1, 0.005, 0.005, 127.4, 34.098, 100, 0, 0, 141, 25, 25, 4, 0.735, 0, 91.878, 0, 0, 100, 40.239, 0, 0, 0, 0, 
13.75, 17.768, 100.33, 73.306, 74.144, , -1.486, 0.986, 982.04, 982.04, 2.097, -33.502, -33.502, -33.502, 52.876, 74.086, 35.06, 35.514, 7.379, 13.21, 0, 0, -3.488, -3.536, -3.488, -3.536, 1, 39.556, 39.556, 0.024, 0.133, -8.75, -8.874, -8.75, -8.874, 4.658, 7.379, 13.21, , , 1, 13.811, 0, 0, 14.4, 2.097, 199, 0, 0, 0, 53, 4.618, 4.64, 127.4, 34.244, 100, 0, 0, 25, 25, 4, 0.731, 91.778, 0, 0, 100, 40.116, 0, 0, 0, 0, 0, 14, 0, 14.4, 0, 2.097, 199, 0, 0, 0, 53, 1, 0.005, 0.005, 127.4, 34.244, 100, 0, 0, 141, 25, 25, 4, 0.731, 0, 91.778, 0, 0, 100, 40.116, 0, 0, 0, 0, 
13.8, 17.767, 100.33, 73.301, 74.143, , -1.526, 0.986, 984.958, 984.958, 2.094, -34.448, -34.448, -34.448, 52.881, 75.164, 35.06, 35.74, 7.379, 13.187, 0, 0, -3.577, -3.627, -3.577, -3.627, 1, 39.479, 39.479, 0.024, 0.133, -8.996, -9.122, -8.996, -9.122, 4.656, 7.379, 13.187, , , 1, 13.861, 0, 0, 14.4, 2.094, 199, 0, 0, 0, 53, 4.626, 4.64, 127.4, 34.39, 100, 0, 0, 25, 25, 4, 0.727, 91.678, 0, 0, 100, 39.992, 0, 0, 0, 0, 0, 14, 0, 14.4, 0, 2.094, 199, 0, 0, 0, 53, 1, 0.005, 0.005, 127.4, 34.39, 100, 0, 0, 141, 25, 25, 4, 0.727, 0, 91.678, 0, 0, 100, 39.992, 0, 0, 0, 0, 
13.85, 17.766, 100.33, 73.296, 74.141, , -1.531, 0.986, 987.847, 987.847, 2.09, -34.564, -34.564, -34.564, 52.883, 76.242, 35.06, 35.964, 7.378, 13.164, 0, 0, -3.583, -3.633, -3.583, -3.633, 1, 39.402, 39.402, 0.024, 0.133, -9.026, -9.153, -9.026, -9.153, 4.651, 7.378, 13.164, , , 1, 13.911, 0, 0, 14.4, 2.09, 199, 0, 0, 0, 53, 4.634, 4.64, 127.4, 34.536, 100, 0, 0, 25, 25, 4, 0.723, 91.578, 0, 0, 100, 39.869, 0, 0, 0, 0, 0, 14, 0, 14.4, 0, 2.09, 199, 0, 0, 0, 53, 1, 0.005, 0.005, 127.4, 34.536, 100, 0, 0, 141, 25, 25, 4, 0.723, 0, 91.578, 0, 0, 100, 39.869, 0, 0, 0, 0, 
13.9, 17.765, 100.33, 73.292, 74.14, , -1.523, 0.986, 990.74, 990.74, 2.087, -34.368, -34.368, -34.368, 52.875, 77.32, 35.06, 36.189, 7.378, 13.138, 0, 0, -3.556, -3.606, -3.556, -3.606, 1, 39.324, 39.324, 0.024, 0.133, -8.977, -9.103, -8.977, -9.103, 4.645, 7.378, 13.138, , , 1, 13.961, 0, 0, 14.4, 2.087, 199, 0, 0, 0, 52.956, 4.634, 4.634, 127.4, 34.65, 100, 0, 0, 24.978, 24.978, 4, 0.721, 91.389, 0, 0, 100, 39.77, 0, 0, 0, 0, 0, 14, 0, 14.4, 0, 2.087, 199, 0, 0, 0, 52.956, 1, 0.005, 0.005, 127.4, 34.65, 100, 0, 0, 141, 24.978, 24.978, 4, 0.721, 0, 91.389, 0, 0, 100, 39.77, 0, 0, 0, 0, 
13.95, 17.764, 100.33, 73.287, 74.138, , -1.49, 0.986, 993.66, 993.66, 2.082, -33.61, -33.61, -33.61, 52.862, 78.398, 35.058, 36.41, 7.377, 13.112, 0, 0, -3.471, -3.518, -3.471, -3.518, 1, 39.247, 39.247, 0.024, 0.133, -8.783, -8.905, -8.783, -8.905, 4.64, 7.377, 13.112, , , 1, 14.011, 0, 0, 14.4, 2.082, 199, 0, 0, 0, 52.754, 4.608, 4.606, 127.4, 34.65, 100, 0, 0, 24.877, 24.877, 4, 0.725, 90.885, 0, 0, 100, 39.77, 0, 0, 0, 0, 0, 14, 0, 14.4, 0, 2.082, 199, 0, 0, 0, 52.754, 1, 0.005, 0.005, 127.4, 34.65, 100, 0, 0, 141, 24.877, 24.877, 4, 0.725, 0, 90.885, 0, 0, 100, 39.77, 0, 0, 0, 0, 
14, 17.762, 100.33, 73.282, 74.136, , -1.416, 0.986, 996.533, 996.533, 2.078, -31.843, -31.843, -31.843, 52.843, 79.476, 34.945, 36.391, 7.377, 13.086, 0, 0, -3.283, -3.327, -3.283, -3.327, 1, 39.173, 39.173, 0.024, 0.133, -8.326, -8.44, -8.326, -8.44, 4.635, 7.377, 13.086, , , 1, 14.061, 0, 0, 14.4, 2.078, 199, 0, 0, 0, 52.552, 4.582, 4.578, 127.4, 34.65, 100, 0, 0, 24.776, 24.776, 4, 0.729, 90.381, 0, 0, 100, 39.77, 0, 0, 0, 0, 0, 14, 0, 14.4, 0, 2.078, 199, 0, 0, 0, 52.552, 1, 0.005, 0.005, 127.4, 34.65, 100, 0, 0, 141, 24.776, 24.776, 4, 0.729, 0, 90.381, 0, 0, 100, 39.77, 0, 0, 0, 0, 
14.05, 17.761, 100.33, 73.277, 74.135, , -1.318, 0.986, 999.38, 999.38, 2.073, -29.51, -29.51, -29.51, 52.818, 80.554, 34.833, 36.372, 7.377, 13.06, 0, 0, -3.037, -3.077, -3.037, -3.077, 1, 39.106, 39.106, 0.024, 0.133, -7.72, -7.827, -7.72, -7.827, 4.626, 7.377, 13.06, , , 1, 14.11, 0, 0, 14.4, 2.073, 199, 0, 0, 0, 52.351, 4.556, 4.549, 127.4, 34.65, 100, 0, 0, 24.675, 24.675, 4, 0.733, 89.877, 0, 0, 100, 39.77, 0, 0, 0, 0, 0, 14, 0, 14.4, 0, 2.073, 199, 0, 0, 0, 52.351, 1, 0.005, 0.004, 127.4, 34.65, 100, 0, 0, 141, 24.675, 24.675, 4, 0.733, 0, 89.877, 0, 0, 100, 39.77, 0, 0, 0, 0, 
14.1, 17.76, 100.33, 73.272, 74.133, , -1.421, 0.986, 1002.263, 1002.263, 2.068, -31.969, -31.969, -31.969, 52.794, 81.632, 34.72, 36.353, 7.377, 13.041, 0, 0, -3.282, -3.326, -3.282, -3.326, 1, 39.039, 39.039, 0.024, 0.133, -8.366, -8.481, -8.366, -8.481, 4.617, 7.377, 13.041, , , 1, 14.16, 0, 0, 14.4, 2.068, 199, 0, 0, 0, 52.149, 4.529, 4.521, 127.4, 34.65, 100, 0, 0, 24.575, 24.575, 4, 0.737, 89.373, 0, 0, 100, 39.77, 0, 0, 0, 0, 0, 14, 0, 14.4, 0, 2.068, 199, 0, 0, 0, 52.149, 1, 0.005, 0.004, 127.4, 34.65, 100, 0, 0, 141, 24.575, 24.575, 4, 0.737, 0, 89.373, 0, 0, 100, 39.77, 0, 0, 0, 0, 
14.15, 17.759, 100.33, 73.273, 74.132, , -1.502, 0.986, 1005.145, 1005.145, 2.064, -33.887, -33.887, -33.887, 52.78, 82.71, 34.608, 36.335, 7.377, 13.023, 0, 0, -3.471, -3.519, -3.471, -3.519, 1, 38.966, 38.966, 0.024, 0.133, -8.87, -8.992, -8.87, -8.992, 4.608, 7.377, 13.023, , , 1, 14.211, 0, 0, 14.4, 2.064, 199, 0, 0, 0, 51.948, 4.519, 4.506, 127.4, 34.671, 100, 0, 0, 24.5, 24.5, 4, 0.74, 89.13, 0, 0, 100, 39.738, 0, 0, 0, 0, 0, 14, 0, 14.4, 0, 2.064, 199, 0, 0, 0, 51.948, 1, 0.005, 0.004, 127.4, 34.671, 100, 0, 0, 141, 24.5, 24.5, 4, 0.74, 0, 89.13, 0, 0, 100, 39.738, 0, 0, 0, 0, 
14.2, 17.758, 100.33, 73.278, 74.13, , -1.546, 0.986, 1008.027, 1008.027, 2.059, -34.924, -34.924, -34.924, 52.77, 83.788, 34.568, 36.36, 7.377, 13.013, 0, 0, -3.571, -3.62, -3.571, -3.62, 1, 38.89, 38.89, 0.024, 0.133, -9.143, -9.268, -9.143, -9.268, 4.599, 7.377, 13.013, , , 1, 14.261, 0, 0, 14.4, 2.059, 199, 0, 0, 0, 51.748, 4.555, 4.53, 127.4, 34.744, 100, 0, 0, 24.5, 24.5, 4, 0.74, 89.63, 0, 0, 100, 39.614, 0, 0, 0, 0, 0, 14, 0, 14.4, 0, 2.059, 199, 0, 0, 0, 51.748, 1, 0.005, 0.004, 127.4, 34.744, 100, 0, 0, 141, 24.5, 24.5, 4, 0.74, 0, 89.63, 0, 0, 100, 39.614, 0, 0, 0, 0, 
14.25, 17.757, 100.33, 73.283, 74.129, , -1.511, 0.986, 1010.884, 1010.884, 2.055, -34.109, -34.109, -34.109, 52.764, 84.866, 34.784, 36.54, 7.377, 13.005, 0, 0, -3.482, -3.531, -3.482, -3.531, 1, 38.811, 38.811, 0.024, 0.133, -8.929, -9.052, -8.929, -9.052, 4.588, 7.377, 13.005, , , 1, 14.31, 0, 0, 14.4, 2.055, 199, 0, 0, 0, 51.548, 4.591, 4.554, 127.4, 34.818, 100, 0, 0, 24.5, 24.5, 4, 0.74, 90.13, 0, 0, 100, 39.49, 0, 0, 0, 0, 0, 14, 0, 14.4, 0, 2.055, 199, 0, 0, 0, 51.548, 1, 0.005, 0.004, 127.4, 34.818, 100, 0, 0, 141, 24.5, 24.5, 4, 0.74, 0, 90.13, 0, 0, 100, 39.49, 0, 0, 0, 0, 
14.3, 17.756, 100.33, 73.288, 74.127, , -1.442, 0.986, 1013.732, 1013.732, 2.051, -32.464, -32.464, -32.464, 52.758, 85.944, 35, 36.72, 7.377, 13.005, 0, 0, -3.31, -3.356, -3.31, -3.356, 1, 38.738, 38.738, 0.024, 0.133, -8.497, -8.616, -8.497, -8.616, 4.575, 7.377, 13.005, , , 1, 14.36, 0, 0, 14.4, 2.051, 199, 0, 0, 0, 51.348, 4.627, 4.578, 127.4, 34.892, 100, 0, 0, 24.5, 24.5, 4, 0.74, 90.63, 0, 0, 100, 39.366, 0, 0, 0, 0, 0, 14, 0, 14.4, 0, 2.051, 199, 0, 0, 0, 51.348, 1, 0.005, 0.005, 127.4, 34.892, 100, 0, 0, 141, 24.5, 24.5, 4, 0.74, 0, 90.63, 0, 0, 100, 39.366, 0, 0, 0, 0, 
14.35, 17.754, 100.33, 73.293, 74.126, , -1.317, 0.986, 1016.579, 1016.579, 2.046, -29.501, -29.501, -29.501, 52.749, 87.022, 35.216, 36.9, 7.377, 13.008, 0, 0, -3.003, -3.045, -3.003, -3.045, 1, 38.668, 38.668, 0.024, 0.133, -7.723, -7.831, -7.723, -7.831, 4.562, 7.377, 13.008, , , 1, 14.411, 0, 0, 14.4, 2.046, 199, 0, 0, 0, 51.148, 4.663, 4.602, 127.4, 34.965, 100, 0, 0, 24.5, 24.5, 4, 0.74, 91.13, 0, 0, 100, 39.242, 0, 0, 0, 0, 0, 14, 0, 14.4, 0, 2.046, 199, 0, 0, 0, 51.148, 1, 0.005, 0.005, 127.4, 34.965, 100, 0, 0, 141, 24.5, 24.5, 4, 0.74, 0, 91.13, 0, 0, 100, 39.242, 0, 0, 0, 0, 
14.4, 17.753, 100.33, 73.298, 74.124, , -1.213, 0.986, 1019.41, 1019.41, 2.042, -27.041, -27.041, -27.041, 52.732, 88.1, 35.432, 37.08, 7.377, 13.014, 0, 0, -2.748, -2.786, -2.748, -2.786, 1, 38.606, 38.606, 0.024, 0.133, -7.081, -7.181, -7.081, -7.181, 4.549, 7.377, 13.014, , , 1, 14.461, 0, 0, 14.4, 2.042, 199, 0, 0, 0, 51, 4.694, 4.623, 127.4, 35.039, 100, 0, 0, 24.5, 24.5, 4, 0.74, 91.474, 0, 0, 99.974, 39.118, 0, 0, 0, 0, 0, 14, 0, 14.4, 0, 2.042, 199, 0, 0, 0, 51, 1, 0.005, 0.005, 127.4, 35.039, 100, 0, 0, 141, 24.5, 24.5, 4, 0.74, 0, 91.474, 0, 0, 99.974, 39.118, 0, 0, 0, 0, 
14.45, 17.752, 100.33, 73.303, 74.123, , -1.132, 0.986, 1022.223, 1022.223, 2.038, -25.128, -25.128, -25.128, 52.716, 89.177, 35.6, 37.141, 7.377, 13.021, 0, 0, -2.549, -2.583, -2.549, -2.583, 1, 38.547, 38.547, 0.024, 0.133, -6.583, -6.677, -6.583, -6.677, 4.536, 7.377, 13.021, , , 1, 14.511, 0, 0, 14.4, 2.038, 199, 0, 0, 0, 51, 4.708, 4.632, 127.4, 35.113, 100, 0, 0, 24.5, 24.5, 4, 0.74, 91.375, 0, 0, 99.875, 38.995, 0, 0, 0, 0, 0, 14, 0, 14.4, 0, 2.038, 199, 0, 0, 0, 51, 1, 0.005, 0.005, 127.4, 35.113, 100, 0, 0, 141, 24.5, 24.5, 4, 0.74, 0, 91.375, 0, 0, 99.875, 38.995, 0, 0, 0, 0, 
14.5, 17.751, 100.33, 73.308, 74.121, , -1.145, 0.986, 1025.064, 1025.064, 2.034, -25.42, -25.42, -25.42, 52.7, 90.255, 35.6, 36.781, 7.377, 13.031, 0, 0, -2.575, -2.608, -2.575, -2.608, 1, 38.49, 38.49, 0.024, 0.133, -6.662, -6.757, -6.662, -6.757, 4.525, 7.377, 13.031, , , 1, 14.561, 0, 0, 14.4, 2.034, 199, 0, 0, 0, 51, 4.721, 4.642, 127.4, 35.186, 100, 0, 0, 24.5, 24.5, 4, 0.74, 91.276, 0, 0, 99.776, 38.872, 0, 0, 0, 0, 0, 14, 0, 14.4, 0, 2.034, 199, 0, 0, 0, 51, 1, 0.005, 0.005, 127.4, 35.186, 100, 0, 0, 141, 24.5, 24.5, 4, 0.74, 0, 91.276, 0, 0, 99.776, 38.872, 0, 0, 0, 0, 
14.55, 17.75, 100.33, 73.313, 74.12, , -1.162, 0.986, 1027.905, 1027.905, 2.031, -25.835, -25.835, -25.835, 52.7, 91.333, 35.6, 36.421, 7.377, 13.042, 0, 0, -2.614, -2.647, -2.614, -2.647, 1, 38.432, 38.432, 0.024, 0.133, -6.772, -6.868, -6.772, -6.868, 4.513, 7.377, 13.042, , , 1, 14.611, 0, 0, 14.4, 2.031, 199, 0, 0, 0, 51, 4.735, 4.652, 127.4, 35.259, 100, 0, 0, 24.5, 24.5, 4, 0.74, 91.177, 0, 0, 99.677, 38.749, 0, 0, 0, 0, 0, 14, 0, 14.4, 0, 2.031, 199, 0, 0, 0, 51, 1, 0.005, 0.005, 127.4, 35.259, 100, 0, 0, 141, 24.5, 24.5, 4, 0.74, 0, 91.177, 0, 0, 99.677, 38.749, 0, 0, 0, 0, 
14.6, 17.749, 100.33, 73.318, 74.12, , -1.11, 0.986, 1030.719, 1030.719, 2.027, -24.602, -24.602, -24.602, 52.703, 92.411, 35.6, 36.061, 7.377, 13.052, 0, 0, -2.485, -2.516, -2.485, -2.516, 1, 38.375, 38.375, 0.024, 0.133, -6.449, -6.54, -6.449, -6.54, 4.502, 7.377, 13.052, , , 1, 14.661, 0, 0, 14.4, 2.027, 199, 0, 0, 0, 51, 4.749, 4.662, 127.4, 35.333, 100, 0, 0, 24.5, 24.5, 4, 0.74, 91.077, 0, 0, 99.577, 38.626, 0, 0, 0, 0, 0, 14, 0, 14.4, 0, 2.027, 199, 0, 0, 0, 51, 1, 0.005, 0.005, 127.4, 35.333, 100, 0, 0, 141, 24.5, 24.5, 4, 0.74, 0, 91.077, 0, 0, 99.577, 38.626, 0, 0, 0, 0, 
14.65, 17.748, 100.33, 73.323, 74.12, , -1.062, 0.986, 1033.533, 1033.533, 2.024, -23.464, -23.464, -23.464, 52.713, 93.489, 35.6, 35.701, 7.377, 13.06, 0, 0, -2.366, -2.396, -2.366, -2.396, 1, 38.321, 38.321, 0.024, 0.133, -6.149, -6.237, -6.149, -6.237, 4.494, 7.377, 13.06, , , 1, 14.711, 0, 0, 14.4, 2.024, 199, 0, 0, 0, 51.043, 4.76, 4.672, 127.4, 35.39, 100, 0, 0, 24.479, 24.479, 4, 0.74, 90.893, 0, 0, 99.372, 38.53, 0, 0, 0, 0, 0, 14, 0, 14.4, 0, 2.024, 199, 0, 0, 0, 51.043, 1, 0.005, 0.005, 127.4, 35.39, 100, 0, 0, 141, 24.479, 24.479, 4, 0.74, 0, 90.893, 0, 0, 99.372, 38.53, 0, 0, 0, 0, 
14.7, 17.746, 100.33, 73.328, 74.12, , -1.018, 0.986, 1036.346, 1036.346, 2.021, -22.414, -22.414, -22.414, 52.725, 94.567, 35.576, 35.404, 7.377, 13.064, 0, 0, -2.255, -2.285, -2.255, -2.285, 1, 38.269, 38.269, 0.024, 0.132, -5.872, -5.956, -5.872, -5.956, 4.505, 7.377, 13.064, , , 1, 14.761, 0, 0, 14.4, 2.021, 199, 0, 0, 0, 51.236, 4.76, 4.682, 127.4, 35.39, 100, 0, 0, 24.382, 24.382, 4, 0.74, 90.409, 0, 0, 98.791, 38.53, 0, 0, 0, 0, 0, 14, 0, 14.4, 0, 2.021, 199, 0, 0, 0, 51.236, 1, 0.005, 0.005, 127.4, 35.39, 100, 0, 0, 141, 24.382, 24.382, 4, 0.74, 0, 90.409, 0, 0, 98.791, 38.53, 0, 0, 0, 0, 
14.75, 17.745, 100.33, 73.333, 74.12, , -1.033, 0.986, 1039.158, 1039.158, 2.019, -22.788, -22.788, -22.788, 52.737, 95.645, 35.468, 35.332, 7.377, 13.067, 0, 0, -2.288, -2.32, -2.288, -2.32, 1, 38.219, 38.219, 0.024, 0.132, -5.97, -6.055, -5.97, -6.055, 4.516, 7.377, 13.067, , , 1, 14.81, 0, 0, 14.4, 2.019, 199, 0, 0, 0, 51.43, 4.76, 4.692, 127.4, 35.39, 100, 0, 0, 24.285, 24.285, 4, 0.74, 89.924, 0, 0, 98.209, 38.53, 0, 0, 0, 0, 0, 14, 0, 14.4, 0, 2.019, 199, 0, 0, 0, 51.43, 1, 0.005, 0.005, 127.4, 35.39, 100, 0, 0, 141, 24.285, 24.285, 4, 0.74, 0, 89.924, 0, 0, 98.209, 38.53, 0, 0, 0, 0, 
14.8, 17.744, 100.33, 73.338, 74.12, , -1.069, 0.986, 1041.965, 1041.965, 2.017, -23.639, -23.639, -23.639, 52.737, 96.723, 35.36, 35.26, 7.377, 13.064, 0, 0, -2.369, -2.403, -2.369, -2.403, 1, 38.167, 38.167, 0.024, 0.132, -6.193, -6.281, -6.193, -6.281, 4.527, 7.377, 13.064, , , 1, 14.86, 0, 0, 14.4, 2.017, 199, 0, 0, 0, 51.624, 4.76, 4.701, 127.4, 35.39, 100, 0, 0, 24.188, 24.188, 4, 0.74, 89.44, 0, 0, 97.628, 38.53, 0, 0, 0, 0, 0, 14, 0, 14.4, 0, 2.017, 199, 0, 0, 0, 51.624, 1, 0.005, 0.005, 127.4, 35.39, 100, 0, 0, 141, 24.188, 24.188, 4, 0.74, 0, 89.44, 0, 0, 97.628, 38.53, 0, 0, 0, 0, 
14.85, 17.743, 100.33, 73.343, 74.12, , -1.146, 0.986, 1044.744, 1044.744, 2.015, -25.469, -25.469, -25.469, 52.735, 97.801, 35.252, 35.188, 7.377, 13.057, 0, 0, -2.55, -2.586, -2.55, -2.586, 1, 38.112, 38.112, 0.024, 0.132, -6.673, -6.767, -6.673, -6.767, 4.539, 7.377, 13.057, , , 1, 14.911, 0, 0, 14.4, 2.015, 199, 0, 0, 0, 51.818, 4.76, 4.711, 127.4, 35.39, 100, 0, 0, 24.091, 24.091, 4, 0.74, 88.955, 0, 0, 97.047, 38.53, 0, 0, 0, 0, 0, 14, 0, 14.4, 0, 2.015, 199, 0, 0, 0, 51.818, 1, 0.005, 0.005, 127.4, 35.39, 100, 0, 0, 141, 24.091, 24.091, 4, 0.74, 0, 88.955, 0, 0, 97.047, 38.53, 0, 0, 0, 0, 
14.9, 17.742, 100.33, 73.348, 74.12, , -1.193, 0.986, 1047.542, 1047.542, 2.013, -26.586, -26.586, -26.586, 52.731, 98.879, 35.144, 35.116, 7.377, 13.052, 0, 0, -2.659, -2.696, -2.659, -2.696, 1, 38.051, 38.051, 0.024, 0.132, -6.966, -7.064, -6.966, -7.064, 4.536, 7.377, 13.052, , , 1, 14.961, 0, 0, 14.4, 2.013, 199, 0, 0, 0, 51.988, 4.758, 4.718, 127.4, 35.399, 100, 0, 0, 24, 24, 4, 0.74, 88.5, 0, 0, 96.537, 38.53, 0, 0, 0, 0, 0, 14, 0, 14.4, 0, 2.013, 199, 0, 0, 0, 51.988, 1, 0.005, 0.005, 127.4, 35.399, 100, 0, 0, 141, 24, 24, 4, 0.74, 0, 88.5, 0, 0, 96.537, 38.53, 0, 0, 0, 0, 
14.95, 17.741, 100.33, 73.353, 74.12, , -1.213, 0.986, 1050.356, 1050.356, 2.009, -27.046, -27.046, -27.046, 52.723, 99.957, 35.068, 35.076, 7.377, 13.047, 0, 0, -2.701, -2.74, -2.701, -2.74, 1, 37.99, 37.99, 0.024, 0.132, -7.086, -7.186, -7.086, -7.186, 4.531, 7.377, 13.047, , , 1, 15.011, 0, 0, 14.4, 2.009, 199, 0, 0, 0, 51.781, 4.732, 4.689, 127.4, 35.552, 100, 0, 0, 24, 24, 4, 0.74, 88.5, 0, 0, 97.157, 38.53, 0, 0, 0, 0, 0, 14, 0, 14.4, 0, 2.009, 199, 0, 0, 0, 51.781, 1, 0.005, 0.005, 127.4, 35.553, 100, 0, 0, 141, 24, 24, 4, 0.74, 0, 88.5, 0, 0, 97.157, 38.53, 0, 0, 0, 0, 
15, 17.739, 100.33, 73.357, 74.12, , -1.216, 0.986, 1053.14, 1053.14, 2.005, -27.112, -27.112, -27.112, 52.713, 97.573, 35.104, 35.148, 7.377, 13.048, 0, 0, -2.703, -2.743, -2.703, -2.743, 1, 37.929, 37.929, 0.024, 0.132, -7.103, -7.203, -7.103, -7.203, 4.526, 7.377, 13.048, , , 1, 15.061, 0, 0, 14.4, 2.005, 199, 0, 0, 0, 51.574, 4.705, 4.66, 127.4, 35.705, 100, 0, 0, 24, 24, 4, 0.74, 88.5, 0, 0, 97.777, 38.53, 0, 0, 0, 0, 0, 14, 0, 14.4, 0, 2.005, 199, 0, 0, 0, 51.574, 1, 0.005, 0.005, 127.4, 35.706, 100, 0, 0, 141, 24, 24, 4, 0.74, 0, 88.5, 0, 0, 97.777, 38.53, 0, 0, 0, 0, 
15.05, 17.738, 100.33, 73.362, 74.12, , -1.2, 0.986, 1055.92, 1055.92, 2.002, -26.733, -26.733, -26.733, 52.721, 95.045, 35.14, 35.22, 7.377, 13.051, 0, 0, -2.661, -2.701, -2.661, -2.701, 1, 37.867, 37.867, 0.024, 0.132, -7.003, -7.102, -7.003, -7.102, 4.521, 7.377, 13.051, , , 1, 15.111, 0, 0, 14.4, 2.002, 199, 0, 0, 0, 51.368, 4.678, 4.631, 127.4, 35.858, 100, 0, 0, 24, 24, 4, 0.74, 88.5, 0, 0, 98.397, 38.53, 0, 0, 0, 0, 0, 14, 0, 14.4, 0, 2.002, 199, 0, 0, 0, 51.368, 1, 0.005, 0.005, 127.4, 35.86, 100, 0, 0, 141, 24, 24, 4, 0.74, 0, 88.5, 0, 0, 98.397, 38.53, 0, 0, 0, 0, 
15.1, 17.737, 100.33, 73.367, 74.12, , -1.111, 0.986, 1058.699, 1058.699, 1.998, -24.622, -24.622, -24.622, 52.73, 92.517, 35.176, 35.292, 7.377, 13.056, 0, 0, -2.447, -2.485, -2.447, -2.485, 1, 37.808, 37.808, 0.024, 0.132, -6.448, -6.541, -6.448, -6.541, 4.505, 7.377, 13.056, , , 1, 15.161, 0, 0, 14.4, 1.998, 199, 0, 0, 0, 51.161, 4.651, 4.603, 127.4, 36.011, 100, 0, 0, 24, 24, 4, 0.74, 88.5, 0, 0, 99.017, 38.53, 0, 0, 0, 0, 0, 14, 0, 14.4, 0, 1.998, 199, 0, 0, 0, 51.161, 1, 0.005, 0.005, 127.4, 36.013, 100, 0, 0, 141, 24, 24, 4, 0.74, 0, 88.5, 0, 0, 99.017, 38.53, 0, 0, 0, 0, 
15.15, 17.736, 100.33, 73.372, 74.12, , -1.093, 0.986, 1061.478, 1061.478, 1.995, -24.195, -24.195, -24.195, 52.74, 89.988, 35.212, 35.364, 7.377, 13.063, 0, 0, -2.401, -2.437, -2.401, -2.437, 1, 37.755, 37.755, 0.024, 0.133, -6.334, -6.426, -6.334, -6.426, 4.487, 7.377, 13.063, , , 1, 15.211, 0, 0, 14.4, 1.995, 199, 0, 0, 0, 51, 4.632, 4.585, 127.4, 36.13, 100, 0, 0, 23.978, 23.978, 4, 0.739, 88.5, 0, 0, 99.367, 38.502, 0, 0, 0, 0, 0, 14, 0, 14.4, 0, 1.995, 199, 0, 0, 0, 51, 1, 0.005, 0.005, 127.4, 36.13, 100, 0, 0, 141, 23.978, 23.978, 4, 0.739, 0, 88.5, 0, 0, 99.367, 38.502, 0, 0, 0, 0, 
15.2, 17.735, 100.33, 73.377, 74.12, , -1.146, 0.986, 1064.258, 1064.258, 1.993, -25.451, -25.451, -25.451, 52.755, 87.46, 35.248, 35.452, 7.377, 13.066, 0, 0, -2.522, -2.558, -2.522, -2.558, 1, 37.699, 37.699, 0.024, 0.133, -6.661, -6.757, -6.661, -6.757, 4.47, 7.377, 13.066, , , 1, 15.261, 0, 0, 14.4, 1.993, 199, 0, 0, 0, 51, 4.642, 4.607, 127.4, 36.13, 100, 0, 0, 23.877, 23.877, 4, 0.735, 88.5, 0, 0, 98.762, 38.375, 0, 0, 0, 0, 0, 14, 0, 14.4, 0, 1.993, 199, 0, 0, 0, 51, 1, 0.005, 0.005, 127.4, 36.13, 100, 0, 0, 141, 23.877, 23.877, 4, 0.735, 0, 88.5, 0, 0, 98.762, 38.375, 0, 0, 0, 0, 
15.25, 17.734, 100.33, 73.382, 74.12, , -1.103, 0.986, 1067.012, 1067.012, 1.991, -24.442, -24.442, -24.442, 52.773, 84.932, 35.284, 35.596, 7.377, 13.067, 0, 0, -2.42, -2.453, -2.42, -2.453, 1, 37.641, 37.641, 0.024, 0.133, -6.397, -6.489, -6.397, -6.489, 4.452, 7.377, 13.067, , , 1, 15.311, 0, 0, 14.4, 1.991, 199, 0, 0, 0, 51, 4.652, 4.629, 127.4, 36.13, 100, 0, 0, 23.776, 23.776, 4, 0.731, 88.5, 0, 0, 98.157, 38.248, 0, 0, 0, 0, 0, 14, 0, 14.4, 0, 1.991, 199, 0, 0, 0, 51, 1, 0.005, 0.005, 127.4, 36.13, 100, 0, 0, 141, 23.776, 23.776, 4, 0.731, 0, 88.5, 0, 0, 98.157, 38.248, 0, 0, 0, 0, 
15.3, 17.733, 100.33, 73.387, 74.12, , -1.053, 0.986, 1069.764, 1069.764, 1.989, -23.261, -23.261, -23.261, 52.76, 82.404, 35.32, 35.74, 7.377, 13.063, 0, 0, -2.3, -2.331, -2.3, -2.331, 1, 37.588, 37.588, 0.024, 0.133, -6.088, -6.175, -6.088, -6.175, 4.438, 7.377, 13.063, , , 1, 15.36, 0, 0, 14.4, 1.989, 199, 0, 0, 0, 51, 4.662, 4.651, 127.4, 36.13, 100, 0, 0, 23.675, 23.675, 4, 0.727, 88.5, 0, 0, 97.552, 38.121, 0, 0, 0, 0, 0, 14, 0, 14.4, 0, 1.989, 199, 0, 0, 0, 51, 1, 0.005, 0.005, 127.4, 36.13, 100, 0, 0, 141, 23.675, 23.675, 4, 0.727, 0, 88.5, 0, 0, 97.552, 38.121, 0, 0, 0, 0, 
15.35, 17.731, 100.33, 73.392, 74.12, , -1.104, 0.986, 1072.543, 1072.543, 1.986, -24.468, -24.468, -24.468, 52.742, 79.875, 35.356, 35.884, 7.378, 13.057, 0, 0, -2.416, -2.448, -2.416, -2.448, 1, 37.534, 37.534, 0.024, 0.133, -6.408, -6.497, -6.408, -6.497, 4.424, 7.378, 13.057, , , 1, 15.411, 0, 0, 14.4, 1.986, 199, 0, 0, 0, 51, 4.673, 4.674, 127.4, 36.13, 100, 0, 0, 23.575, 23.575, 4, 0.723, 88.5, 0, 0, 96.948, 37.994, 0, 0, 0, 0, 0, 14, 0, 14.4, 0, 1.986, 199, 0, 0, 0, 51, 1, 0.005, 0.005, 127.4, 36.13, 100, 0, 0, 141, 23.575, 23.575, 4, 0.723, 0, 88.5, 0, 0, 96.948, 37.994, 0, 0, 0, 0, 
15.4, 17.73, 100.33, 73.397, 74.12, , -1.122, 0.986, 1075.308, 1075.308, 1.984, -24.889, -24.889, -24.889, 52.712, 77.347, 35.392, 36.028, 7.378, 13.053, 0, 0, -2.453, -2.487, -2.453, -2.487, 1, 37.477, 37.477, 0.024, 0.133, -6.522, -6.611, -6.522, -6.611, 4.411, 7.378, 13.053, , , 1, 15.461, 0, 0, 14.4, 1.984, 199, 0, 0, 0, 51.052, 4.689, 4.698, 127.4, 36.159, 100, 0, 0, 23.513, 23.513, 4, 0.721, 88.5, 0, 0, 96.5, 37.884, 0, 0, 0, 0, 0, 14, 0, 14.4, 0, 1.984, 199, 0, 0, 0, 51.052, 1, 0.005, 0.005, 127.4, 36.159, 100, 0, 0, 141, 23.513, 23.513, 4, 0.721, 0, 88.5, 0, 0, 96.5, 37.884, 0, 0, 0, 0, 
15.45, 17.729, 100.33, 73.4, 74.12, , -1.097, 0.986, 1078.055, 1078.055, 1.978, -24.31, -24.31, -24.31, 52.678, 74.819, 35.436, 36.092, 7.379, 13.052, 0, 0, -2.392, -2.426, -2.392, -2.426, 1, 37.421, 37.421, 0.024, 0.133, -6.375, -6.462, -6.375, -6.462, 4.398, 7.379, 13.052, , , 1, 15.51, 0, 0, 14.4, 1.978, 199, 0, 0, 0, 51.252, 4.725, 4.73, 127.4, 36.27, 100, 0, 0, 23.563, 23.563, 4, 0.725, 88.5, 0, 0, 96.5, 37.822, 0, 0, 0, 0, 0, 14, 0, 14.4, 0, 1.978, 199, 0, 0, 0, 51.252, 1, 0.005, 0.005, 127.4, 36.27, 100, 0, 0, 141, 23.563, 23.563, 4, 0.725, 0, 88.5, 0, 0, 96.5, 37.822, 0, 0, 0, 0, 
15.5, 17.728, 100.33, 73.4, 74.12, , -1.127, 0.986, 1080.801, 1080.801, 1.972, -25.019, -25.019, -25.019, 52.641, 72.291, 35.508, 35.876, 7.379, 13.053, 0, 0, -2.458, -2.494, -2.458, -2.494, 1, 37.367, 37.367, 0.024, 0.133, -6.564, -6.654, -6.564, -6.654, 4.383, 7.379, 13.053, , , 1, 15.561, 0, 0, 14.4, 1.972, 199, 0, 0, 0, 51.452, 4.761, 4.762, 127.4, 36.382, 100, 0, 0, 23.613, 23.613, 4, 0.729, 88.5, 0, 0, 96.5, 37.76, 0, 0, 0, 0, 0, 14, 0, 14.4, 0, 1.972, 199, 0, 0, 0, 51.452, 1, 0.005, 0.005, 127.4, 36.382, 100, 0, 0, 141, 23.613, 23.613, 4, 0.729, 0, 88.5, 0, 0, 96.5, 37.76, 0, 0, 0, 0, 
15.55, 17.727, 100.33, 73.4, 74.12, , -1.173, 0.986, 1083.548, 1083.548, 1.966, -26.119, -26.119, -26.119, 52.625, 69.763, 35.58, 35.66, 7.38, 13.057, 0, 0, -2.562, -2.602, -2.562, -2.602, 1, 37.308, 37.308, 0.024, 0.133, -6.856, -6.95, -6.856, -6.95, 4.367, 7.38, 13.057, , , 1, 15.611, 0, 0, 14.4, 1.966, 199, 0, 0, 0, 51.652, 4.797, 4.794, 127.4, 36.493, 100, 0, 0, 23.663, 23.663, 4, 0.733, 88.5, 0, 0, 96.5, 37.698, 0, 0, 0, 0, 0, 14, 0, 14.4, 0, 1.966, 199, 0, 0, 0, 51.652, 1, 0.005, 0.005, 127.4, 36.493, 100, 0, 0, 141, 23.663, 23.663, 4, 0.733, 0, 88.5, 0, 0, 96.5, 37.698, 0, 0, 0, 0, 
15.6, 17.726, 100.33, 73.4, 74.12, , -1.159, 0.986, 1086.296, 1086.296, 1.961, -25.769, -25.769, -25.769, 52.614, 67.234, 35.652, 35.444, 7.38, 13.061, 0, 0, -2.525, -2.563, -2.525, -2.563, 1, 37.25, 37.25, 0.024, 0.133, -6.765, -6.859, -6.765, -6.859, 4.35, 7.38, 13.061, , , 1, 15.66, 0, 0, 14.4, 1.961, 199, 0, 0, 0, 51.852, 4.833, 4.826, 127.4, 36.605, 100, 0, 0, 23.713, 23.713, 4, 0.737, 88.5, 0, 0, 96.5, 37.636, 0, 0, 0, 0, 0, 14, 0, 14.4, 0, 1.961, 199, 0, 0, 0, 51.852, 1, 0.005, 0.005, 127.4, 36.605, 100, 0, 0, 141, 23.713, 23.713, 4, 0.737, 0, 88.5, 0, 0, 96.5, 37.636, 0, 0, 0, 0, 
15.65, 17.725, 100.33, 73.4, 74.12, , -1.149, 0.986, 1089.032, 1089.032, 1.956, -25.542, -25.542, -25.542, 52.616, 64.706, 35.724, 35.228, 7.379, 13.065, 0, 0, -2.5, -2.536, -2.5, -2.536, 1, 37.193, 37.193, 0.024, 0.133, -6.706, -6.799, -6.706, -6.799, 4.333, 7.379, 13.065, , , 1, 15.711, 0, 0, 14.4, 1.956, 199, 0, 0, 0, 52, 4.862, 4.852, 127.4, 36.71, 100, 0, 0, 23.735, 23.735, 4, 0.739, 88.566, 0, 0, 96.583, 37.571, 0, 0, 0, 0, 0, 14, 0, 14.4, 0, 1.956, 199, 0, 0, 0, 52, 1, 0.005, 0.005, 127.4, 36.71, 100, 0, 0, 141, 23.735, 23.735, 4, 0.739, 0, 88.566, 0, 0, 96.583, 37.571, 0, 0, 0, 0, 
15.7, 17.723, 100.33, 73.4, 74.12, , -1.15, 0.986, 1091.747, 1091.747, 1.954, -25.579, -25.579, -25.579, 52.625, 62.178, 35.748, 35.084, 7.379, 13.064, 0, 0, -2.5, -2.534, -2.5, -2.534, 1, 37.135, 37.135, 0.024, 0.133, -6.714, -6.807, -6.714, -6.807, 4.324, 7.379, 13.064, , , 1, 15.761, 0, 0, 14.4, 1.954, 199, 0, 0, 0, 52, 4.869, 4.857, 127.4, 36.797, 100, 0, 0, 23.675, 23.675, 4, 0.737, 88.803, 0, 0, 96.879, 37.497, 0, 0, 0, 0, 0, 14, 0, 14.4, 0, 1.954, 199, 0, 0, 0, 52, 1, 0.005, 0.005, 127.4, 36.797, 100, 0, 0, 141, 23.675, 23.675, 4, 0.737, 0, 88.803, 0, 0, 96.879, 37.497, 0, 0, 0, 0, 
15.75, 17.722, 100.33, 73.4, 74.12, , -1.158, 0.986, 1094.461, 1094.461, 1.951, -25.753, -25.753, -25.753, 52.642, 59.65, 35.604, 35.192, 7.378, 13.058, 0, 0, -2.513, -2.547, -2.513, -2.547, 1, 37.077, 37.077, 0.024, 0.133, -6.756, -6.851, -6.756, -6.851, 4.348, 7.378, 13.058, , , 1, 15.811, 0, 0, 14.4, 1.951, 199, 0, 0, 0, 52, 4.876, 4.863, 127.4, 36.885, 100, 0, 0, 23.615, 23.615, 4, 0.735, 89.04, 0, 0, 97.175, 37.423, 0, 0, 0, 0, 0, 14, 0, 14.4, 0, 1.951, 199, 0, 0, 0, 52, 1, 0.005, 0.005, 127.4, 36.885, 100, 0, 0, 141, 23.615, 23.615, 4, 0.735, 0, 89.04, 0, 0, 97.175, 37.423, 0, 0, 0, 0, 
15.8, 17.721, 100.33, 73.4, 74.12, , -1.169, 0.986, 1097.176, 1097.176, 1.949, -26.011, -26.011, -26.011, 52.667, 57.122, 35.46, 35.3, 7.378, 13.047, 0, 0, -2.535, -2.568, -2.535, -2.568, 1, 37.019, 37.019, 0.024, 0.133, -6.82, -6.917, -6.82, -6.917, 4.372, 7.378, 13.047, , , 1, 15.861, 0, 0, 14.4, 1.949, 199, 0, 0, 0, 52, 4.883, 4.869, 127.4, 36.973, 100, 0, 0, 23.556, 23.556, 4, 0.732, 89.277, 0, 0, 97.472, 37.349, 0, 0, 0, 0, 0, 14, 0, 14.4, 0, 1.949, 199, 0, 0, 0, 52, 1, 0.005, 0.005, 127.4, 36.973, 100, 0, 0, 141, 23.556, 23.556, 4, 0.732, 0, 89.277, 0, 0, 97.472, 37.349, 0, 0, 0, 0, 
15.85, 17.72, 100.33, 73.4, 74.12, , -1.153, 0.986, 1099.891, 1099.891, 1.947, -25.639, -25.639, -25.639, 52.694, 54.593, 35.316, 35.408, 7.377, 13.031, 0, 0, -2.495, -2.528, -2.495, -2.528, 1, 36.961, 36.961, 0.024, 0.133, -6.719, -6.813, -6.719, -6.813, 4.397, 7.377, 13.031, , , 1, 15.91, 0, 0, 14.4, 1.947, 199, 0, 0, 0, 52, 4.89, 4.874, 127.4, 37.055, 100, 0, 0, 23.497, 23.497, 4, 0.73, 89.503, 0, 0, 97.767, 37.276, 0, 0, 0, 0, 0, 14, 0, 14.4, 0, 1.947, 199, 0, 0, 0, 52, 1, 0.005, 0.005, 127.4, 37.055, 100, 0, 0, 141, 23.497, 23.497, 4, 0.73, 0, 89.503, 0, 0, 97.767, 37.276, 0, 0, 0, 0, 
15.9, 17.72, 100.33, 73.4, 74.12, , -1.158, 0.986, 1102.606, 1102.606, 1.944, -25.765, -25.765, -25.765, 52.722, 52.065, 35.172, 35.516, 7.377, 13.015, 0, 0, -2.503, -2.537, -2.503, -2.537, 1, 36.905, 36.905, 0.024, 0.133, -6.747, -6.842, -6.747, -6.842, 4.42, 7.377, 13.015, , , 1, 15.961, 0, 0, 14.4, 1.944, 199, 0, 0, 0, 52, 4.889, 4.862, 127.4, 37.055, 100, 0, 0, 23.44, 23.44, 4, 0.73, 89.56, 0, 0, 98.051, 37.205, 0, 0, 0, 0, 0, 14, 0, 14.4, 0, 1.944, 199, 0, 0, 0, 52, 1, 0.005, 0.005, 127.4, 37.055, 100, 0, 0, 141, 23.44, 23.44, 4, 0.73, 0, 89.561, 0, 0, 98.051, 37.205, 0, 0, 0, 0, 
15.95, 17.72, 100.33, 73.4, 74.12, , -1.272, 0.986, 1105.322, 1105.322, 1.942, -28.478, -28.478, -28.478, 52.751, 49.537, 35.068, 35.6, 7.377, 12.999, 0, 0, -2.759, -2.799, -2.759, -2.799, 1, 36.846, 36.846, 0.024, 0.133, -7.452, -7.557, -7.452, -7.557, 4.439, 7.377, 12.999, , , 1, 16.011, 0, 0, 14.4, 1.942, 199, 0, 0, 0, 52, 4.888, 4.849, 127.4, 37.055, 100, 0, 0, 23.383, 23.383, 4, 0.73, 89.617, 0, 0, 98.335, 37.135, 0, 0, 0, 0, 0, 14, 0, 14.4, 0, 1.942, 199, 0, 0, 0, 52, 1, 0.005, 0.005, 127.4, 37.055, 100, 0, 0, 141, 23.383, 23.383, 4, 0.73, 0, 89.618, 0, 0, 98.335, 37.135, 0, 0, 0, 0, 
16, 17.72, 100.33, 73.4, 74.12, , -1.398, 0.986, 1108.038, 1108.038, 1.94, -31.45, -31.45, -31.45, 52.786, 50.449, 35.103, 35.6, 7.377, 12.988, 0, 0, -3.039, -3.084, -3.039, -3.084, 1, 36.78, 36.78, 0.024, 0.134, -8.224, -8.339, -8.224, -8.339, 4.458, 7.377, 12.988, , , 1, 16.06, 0, 0, 14.4, 1.94, 199, 0, 0, 0, 52, 4.887, 4.837, 127.4, 37.055, 100, 0, 0, 23.326, 23.326, 4, 0.73, 89.674, 0, 0, 98.619, 37.064, 0, 0, 0, 0, 0, 14, 0, 14.4, 0, 1.94, 199, 0, 0, 0, 52, 1, 0.005, 0.005, 127.4, 37.055, 100, 0, 0, 141, 23.326, 23.326, 4, 0.73, 0, 89.675, 0, 0, 98.619, 37.064, 0, 0, 0, 0, 
16.05, 17.72, 100.33, 73.4, 74.12, , -1.536, 0.986, 1110.755, 1110.755, 1.937, -34.725, -34.725, -34.725, 52.824, 63.558, 35.139, 35.6, 7.378, 12.982, 0, 0, -3.349, -3.398, -3.349, -3.398, 1, 36.706, 36.706, 0.024, 0.134, -9.073, -9.2, -9.073, -9.2, 4.477, 7.378, 12.982, , , 1, 16.111, 0, 0, 14.4, 1.937, 199, 0, 0, 0, 52, 4.885, 4.824, 127.4, 37.055, 100, 0, 0, 23.269, 23.269, 4, 0.73, 89.731, 0, 0, 98.903, 36.994, 0, 0, 0, 0, 0, 14, 0, 14.4, 0, 1.937, 199, 0, 0, 0, 52, 1, 0.005, 0.005, 127.4, 37.055, 100, 0, 0, 141, 23.269, 23.269, 4, 0.73, 0, 89.732, 0, 0, 98.903, 36.994, 0, 0, 0, 0, 
16.1, 17.72, 100.33, 73.4, 74.12, , -1.677, 0.986, 1113.447, 1113.447, 1.934, -38.08, -38.08, -38.08, 52.864, 64.67, 35.175, 35.6, 7.378, 12.983, 0, 0, -3.665, -3.718, -3.665, -3.718, 1, 36.628, 36.628, 0.024, 0.134, -9.943, -10.083, -9.943, -10.083, 4.497, 7.378, 12.983, , , 1, 16.161, 0, 0, 14.4, 1.934, 199, 0, 0, 0, 52, 4.893, 4.819, 127.4, 37.082, 100, 0, 0, 23.214, 23.214, 4, 0.731, 89.642, 0, 0, 98.821, 36.926, 0, 0, 0, 0, 0, 14, 0, 14.4, 0, 1.934, 199, 0, 0, 0, 52, 1, 0.005, 0.005, 127.4, 37.082, 100, 0, 0, 141, 23.214, 23.214, 4, 0.731, 0, 89.64, 0, 0, 98.821, 36.926, 0, 0, 0, 0, 
16.15, 17.72, 100.33, 73.4, 74.12, , -1.82, 0.986, 1116.13, 1116.13, 1.93, -41.463, -41.463, -41.463, 52.903, 65.537, 35.21, 35.6, 7.379, 12.992, 0, 0, -3.983, -4.04, -3.983, -4.04, 1, 36.537, 36.537, 0.024, 0.134, -10.82, -10.973, -10.82, -10.973, 4.483, 7.379, 12.992, , , 1, 16.21, 0, 0, 14.4, 1.93, 199, 0, 0, 0, 52, 4.905, 4.818, 127.4, 37.122, 100, 0, 0, 23.16, 23.16, 4, 0.734, 89.479, 0, 0, 98.549, 36.858, 0, 0, 0, 0, 0, 14, 0, 14.4, 0, 1.93, 199, 0, 0, 0, 52, 1, 0.005, 0.005, 127.4, 37.123, 100, 0, 0, 141, 23.16, 23.16, 4, 0.734, 0, 89.477, 0, 0, 98.549, 36.858, 0, 0, 0, 0, 
16.2, 17.72, 100.33, 73.4, 74.12, , -1.415, 0.986, 1118.814, 1118.814, 1.926, -31.871, -31.871, -31.871, 52.932, 66.404, 35.275, 35.594, 7.379, 13.006, 0, 0, -3.06, -3.103, -3.06, -3.103, 1, 36.449, 36.449, 0.024, 0.134, -8.312, -8.431, -8.312, -8.431, 4.465, 7.379, 13.006, , , 1, 16.26, 0, 0, 14.4, 1.926, 199, 0, 0, 0, 52, 4.917, 4.817, 127.4, 37.162, 100, 0, 0, 23.105, 23.105, 4, 0.736, 89.316, 0, 0, 98.277, 36.791, 0, 0, 0, 0, 0, 14, 0, 14.4, 0, 1.926, 199, 0, 0, 0, 52, 1, 0.005, 0.005, 127.4, 37.163, 100, 0, 0, 141, 23.105, 23.105, 4, 0.736, 0, 89.315, 0, 0, 98.277, 36.791, 0, 0, 0, 0, 
16.25, 17.72, 100.33, 73.4, 74.12, , -0.948, 0.986, 1121.497, 1121.497, 1.922, -20.786, -20.786, -20.786, 52.898, 67.271, 35.494, 35.558, 7.38, 13.026, 0, 0, -1.994, -2.022, -1.994, -2.022, 1, 36.394, 36.394, 0.024, 0.134, -5.412, -5.491, -5.412, -5.491, 4.448, 7.38, 13.026, , , 1, 16.311, 0, 0, 14.4, 1.922, 199, 0, 0, 0, 52, 4.929, 4.816, 127.4, 37.202, 100, 0, 0, 23.051, 23.051, 4, 0.738, 89.153, 0, 0, 98.005, 36.723, 0, 0, 0, 0, 0, 14, 0, 14.4, 0, 1.922, 199, 0, 0, 0, 52, 1, 0.005, 0.005, 127.4, 37.203, 100, 0, 0, 141, 23.051, 23.051, 4, 0.738, 0, 89.153, 0, 0, 98.005, 36.723, 0, 0, 0, 0, 
16.3, 17.72, 100.33, 73.4, 74.12, , -0.301, 0.986, 1124.181, 1124.181, 1.918, -5.449, -5.449, -5.449, 52.83, 68.139, 35.712, 35.521, 7.38, 13.05, 0, 0, -0.523, -0.53, -0.523, -0.53, 1, 36.36, 36.36, 0.024, 0.134, -1.395, -1.418, -1.395, -1.418, 4.43, 7.38, 13.05, , , 1, 16.361, 0, 0, 14.4, 1.918, 199, 0, 0, 0, 52, 4.941, 4.816, 127.4, 37.242, 100, 0, 0, 23.003, 23.003, 4, 0.74, 89.01, 0, 0, 97.747, 36.66, 0, 0, 0, 0, 0, 14, 0, 14.4, 0, 1.918, 199, 0, 0, 0, 52, 1, 0.005, 0.005, 127.4, 37.243, 100, 0, 0, 141, 23.003, 23.003, 4, 0.74, 0, 89.01, 0, 0, 97.747, 36.66, 0, 0, 0, 0, 
16.35, 17.72, 100.33, 73.4, 74.12, , 0.358, 0.986, 1126.849, 1126.849, 1.916, 10.191, 10.191, 10.191, 52.707, 69.006, 35.931, 35.485, 7.379, 13.077, 0, 0, 0.977, 0.991, 0.977, 0.991, 1, 36.36, 36.36, 0.024, 0.133, 2.707, 2.742, 2.707, 2.742, 4.414, 7.379, 13.077, , , 1, 16.41, 0, 0, 14.4, 1.916, 199, 0, 0, 0, 52, 4.955, 4.827, 127.4, 37.283, 100, 0, 0, 23.058, 23.058, 4, 0.74, 89.173, 0, 0, 97.692, 36.66, 0, 0, 0, 0, 0, 14, 0, 14.4, 0, 1.916, 199, 0, 0, 0, 52, 1, 0.005, 0.005, 127.4, 37.283, 100, 0, 0, 141, 23.058, 23.058, 4, 0.74, 0, 89.173, 0, 0, 97.692, 36.66, 0, 0, 0, 0, 
16.4, 17.72, 100.33, 73.4, 74.12, , 1.029, 0.986, 1129.504, 1129.504, 1.914, 26.11, 26.11, 26.11, 52.564, 69.873, 36.149, 35.448, 7.379, 13.105, 0, 0, 2.504, 2.539, 2.504, 2.539, 1, 36.398, 36.398, 0.024, 0.133, 6.887, 6.982, 6.887, 6.982, 4.399, 7.379, 13.105, , , 1, 16.46, 0, 0, 14.4, 1.914, 199, 0, 0, 0, 52, 4.969, 4.837, 127.4, 37.323, 100, 0, 0, 23.112, 23.112, 4, 0.74, 89.336, 0, 0, 97.638, 36.66, 0, 0, 0, 0, 0, 14, 0, 14.4, 0, 1.914, 199, 0, 0, 0, 52, 1, 0.005, 0.005, 127.4, 37.324, 100, 0, 0, 141, 23.112, 23.112, 4, 0.74, 0, 89.336, 0, 0, 97.638, 36.66, 0, 0, 0, 0, 
16.45, 17.72, 100.33, 73.4, 74.12, , 1.351, 0.986, 1132.157, 1132.157, 1.912, 33.747, 33.747, 33.747, 52.409, 70.74, 36.288, 35.412, 7.378, 13.134, 0, 0, 3.238, 3.284, 3.238, 3.284, 1, 36.456, 36.456, 0.024, 0.133, 8.906, 9.032, 8.906, 9.032, 4.384, 7.378, 13.134, , , 1, 16.511, 0, 0, 14.4, 1.912, 199, 0, 0, 0, 52, 4.983, 4.848, 127.4, 37.364, 100, 0, 0, 23.166, 23.166, 4, 0.74, 89.499, 0, 0, 97.584, 36.66, 0, 0, 0, 0, 0, 14, 0, 14.4, 0, 1.912, 199, 0, 0, 0, 52, 1, 0.005, 0.005, 127.4, 37.364, 100, 0, 0, 141, 23.166, 23.166, 4, 0.74, 0, 89.499, 0, 0, 97.584, 36.66, 0, 0, 0, 0, 
16.5, 17.72, 100.33, 73.4, 74.12, , 1.563, 0.986, 1134.81, 1134.81, 1.911, 38.77, 38.77, 38.77, 52.278, 71.607, 36.144, 35.376, 7.378, 13.16, 0, 0, 3.723, 3.777, 3.723, 3.777, 1, 36.53, 36.53, 0.024, 0.133, 10.243, 10.39, 10.243, 10.39, 4.369, 7.378, 13.16, , , 1, 16.561, 0, 0, 14.4, 1.911, 199, 0, 0, 0, 52, 4.997, 4.859, 127.4, 37.404, 100, 0, 0, 23.221, 23.221, 4, 0.74, 89.662, 0, 0, 97.529, 36.66, 0, 0, 0, 0, 0, 14, 0, 14.4, 0, 1.911, 199, 0, 0, 0, 52, 1, 0.005, 0.005, 127.4, 37.404, 100, 0, 0, 141, 23.221, 23.221, 4, 0.74, 0, 89.662, 0, 0, 97.529, 36.66, 0, 0, 0, 0, 
16.55, 17.72, 100.33, 73.4, 74.12, , 1.538, 0.986, 1137.493, 1137.493, 1.91, 38.201, 38.201, 38.201, 52.158, 72.474, 36, 35.34, 7.377, 13.179, 0, 0, 3.675, 3.729, 3.675, 3.729, 1, 36.606, 36.606, 0.024, 0.133, 10.109, 10.256, 10.109, 10.256, 4.363, 7.377, 13.179, , , 1, 16.611, 0, 0, 14.4, 1.91, 199, 0, 0, 0, 52, 5.003, 4.863, 127.4, 37.406, 100, 0, 0, 23.274, 23.274, 4, 0.74, 89.822, 0, 0, 97.596, 36.66, 0, 0, 0, 0, 0, 14, 0, 14.4, 0, 1.91, 199, 0, 0, 0, 52, 1, 0.005, 0.005, 127.4, 37.406, 100, 0, 0, 141, 23.274, 23.274, 4, 0.74, 0, 89.822, 0, 0, 97.596, 36.66, 0, 0, 0, 0, 
16.6, 17.72, 100.33, 73.4, 74.12, , 1.499, 0.986, 1140.177, 1140.177, 1.91, 37.258, 37.258, 37.258, 52.089, 73.342, 35.856, 35.304, 7.377, 13.193, 0, 0, 3.591, 3.644, 3.591, 3.644, 1, 36.682, 36.682, 0.024, 0.133, 9.874, 10.019, 9.874, 10.019, 4.361, 7.377, 13.193, , , 1, 16.661, 0, 0, 14.4, 1.91, 199, 0, 0, 0, 52, 4.997, 4.857, 127.4, 37.368, 100, 0, 0, 23.326, 23.326, 4, 0.74, 89.978, 0, 0, 97.804, 36.66, 0, 0, 0, 0, 0, 14, 0, 14.4, 0, 1.91, 199, 0, 0, 0, 52, 1, 0.005, 0.005, 127.4, 37.368, 100, 0, 0, 141, 23.326, 23.326, 4, 0.74, 0, 89.978, 0, 0, 97.804, 36.66, 0, 0, 0, 0, 
16.65, 17.72, 100.33, 73.4, 74.12, , 1.414, 0.986, 1142.86, 1142.86, 1.911, 35.248, 35.248, 35.248, 52.034, 74.209, 35.712, 35.268, 7.377, 13.194, 0, 0, 3.403, 3.454, 3.403, 3.454, 1, 36.756, 36.756, 0.024, 0.133, 9.351, 9.488, 9.351, 9.488, 4.359, 7.377, 13.194, , , 1, 16.711, 0, 0, 14.4, 1.911, 199, 0, 0, 0, 52, 4.992, 4.852, 127.4, 37.329, 100, 0, 0, 23.378, 23.378, 4, 0.74, 90.134, 0, 0, 98.012, 36.66, 0, 0, 0, 0, 0, 14, 0, 14.4, 0, 1.911, 199, 0, 0, 0, 52, 1, 0.005, 0.005, 127.4, 37.329, 100, 0, 0, 141, 23.378, 23.378, 4, 0.74, 0, 90.134, 0, 0, 98.012, 36.66, 0, 0, 0, 0, 
16.7, 17.72, 100.33, 73.4, 74.12, , 1.4, 0.986, 1145.544, 1145.544, 1.911, 34.911, 34.911, 34.911, 52.002, 75.076, 35.584, 35.256, 7.377, 13.188, 0, 0, 3.378, 3.429, 3.378, 3.429, 1, 36.825, 36.825, 0.024, 0.133, 9.269, 9.404, 9.269, 9.404, 4.357, 7.377, 13.188, , , 1, 16.761, 0, 0, 14.4, 1.911, 199, 0, 0, 0, 52, 4.987, 4.847, 127.4, 37.291, 100, 0, 0, 23.43, 23.43, 4, 0.74, 90.291, 0, 0, 98.221, 36.66, 0, 0, 0, 0, 0, 14, 0, 14.4, 0, 1.911, 199, 0, 0, 0, 52, 1, 0.005, 0.005, 127.4, 37.291, 100, 0, 0, 141, 23.43, 23.43, 4, 0.74, 0, 90.291, 0, 0, 98.221, 36.66, 0, 0, 0, 0, 
16.75, 17.72, 100.33, 73.4, 74.12, , 1.45, 0.986, 1148.229, 1148.229, 1.912, 36.118, 36.118, 36.118, 51.981, 75.943, 35.512, 35.328, 7.377, 13.166, 0, 0, 3.503, 3.556, 3.503, 3.556, 1, 36.897, 36.897, 0.024, 0.133, 9.595, 9.731, 9.595, 9.731, 4.359, 7.377, 13.166, , , 1, 16.81, 0, 0, 14.4, 1.912, 199, 0, 0, 0, 52, 4.982, 4.842, 127.4, 37.252, 100, 0, 0, 23.482, 23.482, 4, 0.74, 90.447, 0, 0, 98.429, 36.66, 0, 0, 0, 0, 0, 14, 0, 14.4, 0, 1.912, 199, 0, 0, 0, 52, 1, 0.005, 0.005, 127.4, 37.252, 100, 0, 0, 141, 23.482, 23.482, 4, 0.74, 0, 90.447, 0, 0, 98.429, 36.66, 0, 0, 0, 0, 
16.8, 17.72, 100.33, 73.4, 74.12, , 1.516, 0.986, 1150.937, 1150.937, 1.915, 37.688, 37.688, 37.688, 51.968, 76.81, 35.44, 35.4, 7.377, 13.141, 0, 0, 3.663, 3.718, 3.663, 3.718, 1, 36.971, 36.971, 0.024, 0.133, 10.014, 10.156, 10.014, 10.156, 4.364, 7.377, 13.141, , , 1, 16.86, 0.049, 0, 14.4, 1.915, 199, 0, 0, 0, 52, 4.98, 4.843, 127.4, 37.24, 100, 0, 0, 23.5, 23.5, 4, 0.74, 90.797, 0, 0, 98.896, 36.742, 0, 0, 0.049, 0, 0, 14, 0, 14.4, 0, 1.915, 199, 0, 0, 0, 52, 1, 0.005, 0.005, 127.4, 37.24, 100, 0, 0, 141, 23.5, 23.5, 4, 0.74, 0, 90.797, 0, 0, 98.896, 36.742, 0, 0, 0, 0, 
16.85, 17.72, 100.33, 73.4, 74.12, , 1.589, 0.986, 1153.65, 1153.65, 1.918, 39.416, 39.416, 39.416, 51.961, 77.677, 35.368, 35.472, 7.378, 13.107, 0, 0, 3.839, 3.896, 3.839, 3.896, 1, 37.049, 37.049, 0.024, 0.133, 10.475, 10.622, 10.475, 10.622, 4.37, 7.378, 13.107, , , 1, 16.911, 0.124, 0, 14.4, 1.918, 199, 0, 0, 0, 52, 4.98, 4.847, 127.4, 37.24, 100, 0, 0, 23.5, 23.5, 4, 0.74, 91.247, 0, 0, 99.496, 36.866, 0, 0, 0.124, 0, 0, 14, 0, 14.4, 0, 1.918, 199, 0, 0, 0, 52, 1, 0.005, 0.005, 127.4, 37.24, 100, 0, 0, 141, 23.5, 23.5, 4, 0.74, 0, 91.247, 0, 0, 99.496, 36.866, 0, 0, 0, 0, 
16.9, 17.72, 100.33, 73.4, 74.12, , 1.699, 0.986, 1156.334, 1156.334, 1.922, 42.014, 42.014, 42.014, 51.954, 78.545, 35.296, 35.544, 7.378, 13.074, 0, 0, 4.102, 4.162, 4.102, 4.162, 1, 37.129, 37.129, 0.024, 0.133, 11.168, 11.325, 11.168, 11.325, 4.376, 7.378, 13.074, , , 1, 16.961, 0.199, 0, 14.4, 1.922, 199, 0, 0, 0, 52, 4.98, 4.851, 127.4, 37.24, 100, 0, 0, 23.5, 23.5, 4, 0.74, 91.697, 0, 0, 100.096, 36.99, 0, 0, 0.199, 0, 0, 14, 0, 14.4, 0, 1.922, 199, 0, 0, 0, 52, 1, 0.005, 0.005, 127.4, 37.24, 100, 0, 0, 141, 23.5, 23.5, 4, 0.74, 0, 91.697, 0, 0, 100.096, 36.99, 0, 0, 0, 0, 
16.95, 17.72, 100.33, 73.4, 74.12, , 1.834, 0.986, 1159.027, 1159.027, 1.926, 45.229, 45.229, 45.229, 51.941, 79.412, 35.202, 35.611, 7.379, 13.044, 0, 0, 4.427, 4.492, 4.427, 4.492, 1, 37.216, 37.216, 0.024, 0.133, 12.028, 12.197, 12.028, 12.197, 4.383, 7.379, 13.044, , , 1, 17.01, 0.274, 0, 14.4, 1.926, 199, 0, 0, 0, 52, 4.98, 4.855, 127.4, 37.24, 100, 0, 0, 23.5, 23.5, 4, 0.74, 92.147, 0, 0, 100.696, 37.114, 0, 0, 0.274, 0, 0, 14, 0, 14.4, 0, 1.926, 199, 0, 0, 0, 52, 1, 0.005, 0.005, 127.4, 37.24, 100, 0, 0, 141, 23.5, 23.5, 4, 0.74, 0, 92.147, 0, 0, 100.696, 37.114, 0, 0, 0, 0, 
17, 17.72, 100.33, 73.4, 74.12, , 2.025, 0.986, 1161.742, 1161.742, 1.93, 49.759, 49.759, 49.759, 51.919, 80.279, 35.03, 35.663, 7.379, 13.018, 0, 0, 4.886, 4.957, 4.886, 4.957, 1, 37.312, 37.312, 0.024, 0.133, 13.24, 13.426, 13.24, 13.426, 4.401, 7.379, 13.018, , , 1, 17.06, 0.35, 0, 14.4, 1.93, 199, 0, 0, 0, 52, 4.98, 4.859, 127.4, 37.24, 100, 0, 0, 23.5, 23.5, 4, 0.74, 92.597, 0, 0, 101.296, 37.238, 0, 0, 0.35, 0, 0, 14, 0, 14.4, 0, 1.93, 199, 0, 0, 0, 52, 1, 0.005, 0.005, 127.4, 37.24, 100, 0, 0, 141, 23.5, 23.5, 4, 0.74, 0, 92.597, 0, 0, 101.296, 37.238, 0, 0, 0, 0, 
17.05, 17.72, 100.33, 73.4, 74.12, , 2.214, 0.986, 1164.477, 1164.477, 1.936, 54.256, 54.256, 54.256, 51.888, 81.146, 34.859, 35.714, 7.38, 13.005, 0, 0, 5.344, 5.421, 5.344, 5.421, 1, 37.418, 37.418, 0.024, 0.133, 14.446, 14.649, 14.446, 14.649, 4.418, 7.38, 13.005, , , 1, 17.111, 0.396, 0, 14.407, 1.936, 199.141, 0, 0, 0, 52.205, 5.164, 5.098, 127.4, 37.578, 100, 0, 0, 23.842, 23.808, 4.212, 0.748, 93.162, 0, 0, 101.947, 37.408, 0, 0, 0.396, 0, 0, 14, 0, 14.407, 0, 1.936, 199.141, 0, 0, 0, 52.205, 1, 0.005, 0.005, 127.4, 37.578, 100, 0, 0, 141, 23.842, 23.808, 4.212, 0.748, 0, 93.162, 0, 0, 101.947, 37.408, 0, 0, 0, 0, 
17.1, 17.72, 100.33, 73.4, 74.12, , 2.403, 0.986, 1167.225, 1167.225, 1.943, 58.732, 58.732, 58.732, 51.849, 82.013, 34.687, 35.766, 7.38, 12.99, 0, 0, 5.801, 5.884, 5.801, 5.884, 1, 37.533, 37.533, 0.024, 0.133, 15.65, 15.868, 15.65, 15.868, 4.436, 7.38, 12.99, , , 1, 17.161, 0.429, 0, 14.417, 1.943, 199.349, 0, 0, 0, 52.517, 5.443, 5.458, 127.4, 38.075, 100, 0, 0, 24.361, 24.275, 4.523, 0.761, 93.788, 0, 0, 102.624, 37.602, 0, 0, 0.429, 0, 0, 14, 0, 14.417, 0, 1.943, 199.349, 0, 0, 0, 52.517, 1, 0.005, 0.006, 127.4, 38.075, 100, 0, 0, 141, 24.361, 24.275, 4.523, 0.761, 0, 93.788, 0, 0, 102.624, 37.602, 0, 0, 0, 0, 
17.15, 17.72, 100.33, 73.4, 74.12, , 2.574, 0.986, 1169.972, 1169.972, 1.951, 62.798, 62.798, 62.798, 51.808, 82.881, 34.515, 35.817, 7.379, 12.968, 0, 0, 6.223, 6.311, 6.223, 6.311, 1, 37.652, 37.652, 0.024, 0.133, 16.746, 16.98, 16.746, 16.98, 4.453, 7.379, 12.968, , , 1, 17.21, 0.461, 0, 14.428, 1.951, 199.556, 0, 0, 0, 52.828, 5.722, 5.817, 127.4, 38.572, 100, 0, 0, 24.88, 24.742, 4.834, 0.773, 94.412, 0, 0, 103.301, 37.796, 0, 0, 0.461, 0, 0, 14, 0, 14.428, 0, 1.951, 199.556, 0, 0, 0, 52.828, 1, 0.006, 0.006, 127.4, 38.572, 100, 0, 0, 141, 24.88, 24.742, 4.834, 0.773, 0, 94.412, 0, 0, 103.301, 37.796, 0, 0, 0, 0, 
17.2, 17.72, 100.33, 73.4, 74.119, , 2.732, 0.986, 1172.719, 1172.719, 1.958, 66.534, 66.534, 66.534, 51.763, 83.748, 34.343, 35.869, 7.379, 12.936, 0, 0, 6.614, 6.708, 6.614, 6.708, 1, 37.789, 37.789, 0.024, 0.134, 17.755, 18.004, 17.755, 18.004, 4.445, 7.379, 12.936, , , 1, 17.261, 0.493, 0, 14.438, 1.958, 199.763, 0, 0, 0, 53.139, 6.001, 6.177, 127.4, 39.069, 100, 0, 0, 25.398, 25.209, 5.145, 0.786, 95.038, 0, 0, 103.978, 37.99, 0, 0, 0.493, 0, 0, 14, 0, 14.438, 0, 1.958, 199.763, 0, 0, 0, 53.139, 1, 0.006, 0.006, 127.4, 39.069, 100, 0, 0, 141, 25.398, 25.209, 5.145, 0.786, 0, 95.038, 0, 0, 103.978, 37.99, 0, 0, 0, 0, 
17.25, 17.72, 100.33, 73.4, 74.119, , 2.842, 0.986, 1175.465, 1175.465, 1.965, 69.138, 69.138, 69.138, 51.719, 84.615, 34.525, 35.963, 7.378, 12.862, 0, 0, 6.898, 6.996, 6.898, 6.996, 1, 37.928, 37.928, 0.024, 0.134, 18.465, 18.726, 18.465, 18.726, 4.434, 7.378, 12.862, , , 1, 17.311, 0.525, 0, 14.449, 1.965, 199.971, 0, 0, 0, 53.45, 6.28, 6.537, 127.4, 39.565, 100, 0, 0, 25.917, 25.675, 5.456, 0.798, 95.662, 0, 0, 104.655, 38.184, 0, 0, 0.525, 0, 0, 14, 0, 14.449, 0, 1.965, 199.971, 0, 0, 0, 53.45, 1, 0.006, 0.006, 127.4, 39.565, 100, 0, 0, 141, 25.917, 25.675, 5.456, 0.798, 0, 95.662, 0, 0, 104.655, 38.184, 0, 0, 0, 0, 
17.3, 17.72, 100.33, 73.4, 74.118, , 2.952, 0.986, 1178.228, 1178.228, 1.973, 71.768, 71.768, 71.768, 51.677, 85.482, 34.714, 36.057, 7.378, 12.776, 0, 0, 7.187, 7.289, 7.187, 7.289, 1, 38.071, 38.071, 0.024, 0.134, 19.181, 19.454, 19.181, 19.454, 4.424, 7.378, 12.776, , , 1, 17.361, 0.463, 0, 14.459, 1.973, 199.82, 0, 0, 0, 53.588, 6.259, 6.461, 127.4, 39.901, 100, 0, 0, 26.22, 25.97, 5.59, 0.804, 95.929, 0, 0, 104.929, 38.325, 0, 0, 0.463, 0, 0, 14, 0, 14.459, 0, 1.973, 199.82, 0, 0, 0, 53.588, 1, 0.006, 0.006, 127.4, 39.901, 100, 0, 0, 141, 26.22, 25.97, 5.59, 0.804, 0, 95.929, 0, 0, 104.929, 38.325, 0, 0, 0, 0, 
17.35, 17.72, 100.33, 73.4, 74.117, , 3.064, 0.986, 1181.008, 1181.008, 1.98, 74.425, 74.425, 74.425, 51.644, 86.349, 34.903, 36.152, 7.377, 12.625, 0, 0, 7.48, 7.586, 7.48, 7.586, 1, 38.221, 38.221, 0.024, 0.135, 19.903, 20.188, 19.903, 20.188, 4.413, 7.377, 12.625, , , 1, 17.41, 0.385, 0, 14.469, 1.98, 199.611, 0, 0, 0, 53.692, 6.181, 6.302, 127.4, 40.211, 100, 0, 0, 26.481, 26.231, 5.695, 0.808, 96.138, 0, 0, 105.138, 38.456, 0, 0, 0.384, 0, 0, 14, 0, 14.469, 0, 1.98, 199.611, 0, 0, 0, 53.692, 1, 0.006, 0.006, 127.4, 40.211, 100, 0, 0, 141, 26.481, 26.231, 5.695, 0.808, 0, 96.138, 0, 0, 105.138, 38.456, 0, 0, 0, 0, 
17.4, 17.72, 100.33, 73.4, 74.116, , 3.119, 0.986, 1183.788, 1183.788, 1.987, 75.723, 75.723, 75.723, 51.614, 87.216, 35.093, 36.246, 7.377, 12.472, 0, 0, 7.64, 7.749, 7.64, 7.749, 1, 38.374, 38.374, 0.024, 0.135, 20.259, 20.549, 20.259, 20.549, 4.395, 7.377, 12.472, , , 1, 17.461, 0.307, 0, 14.48, 1.987, 199.402, 0, 0, 0, 53.797, 6.102, 6.143, 127.4, 40.521, 100, 0, 0, 26.743, 26.493, 5.799, 0.812, 96.346, 0, 0, 105.346, 38.586, 0, 0, 0.306, 0, 0, 14, 0, 14.48, 0, 1.987, 199.402, 0, 0, 0, 53.797, 1, 0.006, 0.006, 127.4, 40.521, 100, 0, 0, 141, 26.743, 26.493, 5.799, 0.812, 0, 96.346, 0, 0, 105.346, 38.586, 0, 0, 0, 0, 
17.45, 17.72, 100.33, 73.4, 74.116, , 3.152, 0.986, 1186.574, 1186.574, 1.995, 76.511, 76.511, 76.511, 51.6, 88.084, 35.232, 36.36, 7.377, 12.302, 0, 0, 7.75, 7.86, 7.75, 7.86, 1, 38.53, 38.53, 0.024, 0.135, 20.476, 20.769, 20.476, 20.769, 4.377, 7.377, 12.302, , , 1, 17.511, 0.228, 0, 14.49, 1.995, 199.192, 0, 0, 0, 53.902, 6.024, 5.984, 127.4, 40.83, 100, 0, 0, 27.004, 26.754, 5.904, 0.816, 96.554, 0, 0, 105.554, 38.717, 0, 0, 0.227, 0, 0, 14, 0, 14.49, 0, 1.995, 199.192, 0, 0, 0, 53.902, 1, 0.006, 0.006, 127.4, 40.83, 100, 0, 0, 141, 27.004, 26.754, 5.904, 0.816, 0, 96.554, 0, 0, 105.554, 38.717, 0, 0, 0, 0, 
17.5, 17.72, 100.33, 73.4, 74.115, , 3.138, 0.986, 1189.387, 1189.387, 2.002, 76.181, 76.181, 76.181, 51.593, 88.951, 35.196, 36.54, 7.377, 12.143, 0, 0, 7.748, 7.858, 7.748, 7.858, 1, 38.686, 38.686, 0.024, 0.135, 20.39, 20.681, 20.39, 20.681, 4.359, 7.377, 12.143, , , 1, 17.561, 0.153, 0, 14.5, 2.002, 199, 0, 0, 0, 54, 5.947, 5.832, 127.4, 41.112, 100, 0, 0, 27.253, 27.006, 6, 0.82, 96.753, 0, 0, 105.753, 38.844, 0, 0, 0.152, 0, 0, 14, 0, 14.5, 0, 2.002, 199, 0, 0, 0, 54, 1, 0.006, 0.006, 127.4, 41.112, 100, 0, 0, 141, 27.253, 27.006, 6, 0.82, 0, 96.753, 0, 0, 105.753, 38.844, 0, 0, 0, 0, 
17.55, 17.72, 100.33, 73.4, 74.114, , 3.117, 0.986, 1192.216, 1192.216, 2.006, 75.693, 75.693, 75.693, 51.603, 89.818, 35.16, 36.72, 7.378, 12.063, 0, 0, 7.73, 7.839, 7.73, 7.839, 1, 38.841, 38.841, 0.024, 0.136, 20.261, 20.55, 20.261, 20.55, 4.341, 7.378, 12.063, , , 1, 17.611, 0.121, 0, 14.5, 2.006, 199, 0, 0, 0, 54, 5.899, 5.79, 127.4, 41.073, 100, 0, 0, 27.305, 27.11, 6, 0.82, 96.805, 0, 0, 105.805, 38.908, 0, 0, 0.12, 0, 0, 14, 0, 14.5, 0, 2.006, 199, 0, 0, 0, 54, 1, 0.006, 0.006, 127.4, 41.073, 100, 0, 0, 141, 27.305, 27.11, 6, 0.82, 0, 96.805, 0, 0, 105.805, 38.908, 0, 0, 0, 0, 
17.6, 17.72, 100.33, 73.4, 74.113, , 3.09, 0.986, 1195.063, 1195.063, 2.01, 75.047, 75.047, 75.047, 51.588, 90.685, 35.124, 36.9, 7.378, 11.997, 0, 0, 7.695, 7.802, 7.695, 7.802, 1, 38.995, 38.995, 0.024, 0.136, 20.091, 20.378, 20.091, 20.378, 4.345, 7.378, 11.997, , , 1, 17.661, 0.088, 0, 14.5, 2.01, 199, 0, 0, 0, 54, 5.851, 5.747, 127.4, 41.035, 100, 0, 0, 27.357, 27.215, 6, 0.82, 96.858, 0, 0, 105.857, 38.973, 0, 0, 0.088, 0, 0, 14, 0, 14.5, 0, 2.01, 199, 0, 0, 0, 54, 1, 0.006, 0.006, 127.4, 41.035, 100, 0, 0, 141, 27.357, 27.215, 6, 0.82, 0, 96.858, 0, 0, 105.858, 38.973, 0, 0, 0, 0, 
17.65, 17.72, 100.33, 73.4, 74.113, , 3.15, 0.986, 1197.91, 1197.91, 2.015, 76.475, 76.475, 76.475, 51.558, 91.552, 35.088, 37.08, 7.379, 12.052, 0, 0, 7.874, 7.983, 7.874, 7.983, 1, 39.15, 39.15, 0.024, 0.135, 20.494, 20.787, 20.494, 20.787, 4.362, 7.379, 12.052, , , 1, 17.71, 0.056, 0, 14.5, 2.015, 199, 0, 0, 0, 54, 5.803, 5.704, 127.4, 40.996, 100, 0, 0, 27.409, 27.319, 6, 0.82, 96.91, 0, 0, 105.909, 39.038, 0, 0, 0.056, 0, 0, 14, 0, 14.5, 0, 2.015, 199, 0, 0, 0, 54, 1, 0.006, 0.006, 127.4, 40.996, 100, 0, 0, 141, 27.409, 27.319, 6, 0.82, 0, 96.91, 0, 0, 105.91, 39.038, 0, 0, 0, 0, 
17.7, 17.72, 100.33, 73.4, 74.112, , 3.239, 0.986, 1200.764, 1200.764, 2.019, 78.586, 78.586, 78.586, 51.475, 92.419, 35.076, 37.149, 7.379, 12.115, 0, 0, 8.125, 8.236, 8.125, 8.236, 1, 39.308, 39.308, 0.024, 0.135, 21.089, 21.391, 21.089, 21.391, 4.38, 7.379, 12.115, , , 1, 17.76, 0.023, 0, 14.5, 2.019, 199, 0, 0, 0, 54, 5.755, 5.662, 127.4, 40.958, 100, 0, 0, 27.461, 27.423, 6, 0.82, 96.962, 0, 0, 105.961, 39.102, 0, 0, 0.023, 0, 0, 14, 0, 14.5, 0, 2.019, 199, 0, 0, 0, 54, 1, 0.006, 0.006, 127.4, 40.958, 100, 0, 0, 141, 27.461, 27.423, 6, 0.82, 0, 96.962, 0, 0, 105.962, 39.102, 0, 0, 0, 0, 
17.75, 17.72, 100.33, 73.4, 74.111, , 3.376, 0.986, 1203.648, 1203.648, 2.023, 81.847, 81.847, 81.847, 51.338, 93.287, 35.148, 36.825, 7.38, 12.268, 0, 0, 8.499, 8.617, 8.499, 8.617, 1, 39.507, 39.507, 0.024, 0.135, 22.017, 22.332, 22.017, 22.332, 4.397, 7.38, 12.268, , , 1, 17.811, 0.008, 0, 14.5, 2.023, 199, 0, 0, 0, 54.042, 5.732, 5.659, 127.4, 40.922, 100, 0, 0, 27.531, 27.531, 6, 0.82, 97.011, 0, 0, 106.021, 39.202, 0, 0, 0.008, 0, 0, 14, 0, 14.5, 0, 2.023, 199, 0, 0, 0, 54.042, 1, 0.006, 0.006, 127.4, 40.922, 100, 0, 0, 141, 27.531, 27.531, 6, 0.82, 0, 97.011, 0, 0, 106.023, 39.202, 0, 0, 0, 0, 
17.8, 17.72, 100.33, 73.4, 74.11, , 3.55, 0.986, 1207.367, 1207.367, 2.026, 85.969, 85.969, 85.969, 51.112, 94.154, 35.22, 36.501, 7.38, 12.42, 0, 0, 8.98, 9.105, 8.98, 9.105, 1, 39.772, 39.772, 0.024, 0.135, 23.214, 23.544, 23.214, 23.544, 4.416, 7.38, 12.42, , , 1, 17.861, 0.038, 0, 14.5, 2.026, 199, 0, 0, 0, 54.203, 5.779, 5.768, 127.4, 40.892, 100, 0, 0, 27.652, 27.652, 6, 0.822, 97.052, 0, 0, 106.102, 39.402, 0, 0, 0.038, 0, 0, 14, 0, 14.5, 0, 2.026, 199, 0, 0, 0, 54.203, 1, 0.006, 0.006, 127.4, 40.892, 100, 0, 0, 141, 27.652, 27.652, 6, 0.822, 0, 97.052, 0, 0, 106.103, 39.402, 0, 0, 0, 0, 
17.85, 17.72, 100.33, 73.4, 74.11, , 3.75, 0.986, 1211.69, 1211.69, 2.029, 90.715, 90.715, 90.715, 50.933, 95.021, 35.292, 36.177, 7.38, 12.554, 0, 0, 9.538, 9.672, 9.538, 9.672, 1, 39.978, 39.978, 0.024, 0.134, 24.607, 24.954, 24.607, 24.954, 4.436, 7.38, 12.554, , , 1, 17.91, 0.068, 0, 14.5, 2.029, 199, 0, 0, 0, 54.365, 5.826, 5.878, 127.4, 40.862, 100, 0, 0, 27.773, 27.773, 6, 0.824, 97.092, 0, 0, 106.182, 39.602, 0, 0, 0.068, 0, 0, 14, 0, 14.5, 0, 2.029, 199, 0, 0, 0, 54.365, 1, 0.006, 0.006, 127.4, 40.862, 100, 0, 0, 141, 27.773, 27.773, 6, 0.824, 0, 97.092, 0, 0, 106.184, 39.602, 0, 0, 0, 0, 
17.9, 17.72, 100.33, 73.4, 74.109, , 3.807, 0.986, 1214.665, 1214.665, 2.032, 92.076, 92.076, 92.076, 50.768, 95.888, 35.364, 35.853, 7.379, 12.684, 0, 0, 9.725, 9.863, 9.725, 9.863, 1, 40.165, 40.165, 0.024, 0.134, 25.054, 25.406, 25.054, 25.406, 4.456, 7.379, 12.684, , , 1, 17.96, 0.098, 0, 14.5, 2.032, 199, 0, 0, 0, 54.526, 5.872, 5.988, 127.4, 40.832, 100, 0, 0, 27.894, 27.894, 6, 0.825, 97.132, 0, 0, 106.263, 39.802, 0, 0, 0.098, 0, 0, 14, 0, 14.5, 0, 2.032, 199, 0, 0, 0, 54.526, 1, 0.006, 0.006, 127.4, 40.832, 100, 0, 0, 141, 27.894, 27.894, 6, 0.825, 0, 97.132, 0, 0, 106.264, 39.802, 0, 0, 0, 0, 
17.95, 17.72, 100.33, 73.4, 74.108, , 3.846, 0.986, 1217.584, 1217.584, 2.035, 92.999, 92.999, 92.999, 50.603, 96.755, 35.42, 35.632, 7.379, 12.719, 0, 0, 9.867, 10.007, 9.867, 10.007, 1, 40.356, 40.356, 0.024, 0.134, 25.384, 25.739, 25.384, 25.739, 4.476, 7.379, 12.719, , , 1, 18.011, 0.128, 0, 14.5, 2.035, 199, 0, 0, 0, 54.687, 5.919, 6.097, 127.4, 40.802, 100, 0, 0, 28.015, 28.015, 6, 0.827, 97.172, 0, 0, 106.344, 40.002, 0, 0, 0.128, 0, 0, 14, 0, 14.5, 0, 2.035, 199, 0, 0, 0, 54.687, 1, 0.006, 0.006, 127.4, 40.802, 100, 0, 0, 141, 28.015, 28.015, 6, 0.827, 0, 97.172, 0, 0, 106.345, 40.002, 0, 0, 0, 0, 
18, 17.72, 100.33, 73.4, 74.107, , 3.862, 0.986, 1220.502, 1220.502, 2.038, 93.391, 93.391, 93.391, 50.438, 93.367, 35.42, 35.776, 7.378, 12.752, 0, 0, 9.956, 10.096, 9.956, 10.096, 1, 40.546, 40.546, 0.024, 0.134, 25.574, 25.931, 25.574, 25.931, 4.492, 7.378, 12.752, , , 1, 18.061, 0.157, 0, 14.5, 2.038, 199, 0, 0, 0, 54.848, 5.966, 6.207, 127.4, 40.772, 100, 0, 0, 28.136, 28.136, 6, 0.828, 97.213, 0, 0, 106.424, 40.202, 0, 0, 0.157, 0, 0, 14, 0, 14.5, 0, 2.038, 199, 0, 0, 0, 54.848, 1, 0.006, 0.006, 127.4, 40.772, 100, 0, 0, 141, 28.136, 28.136, 6, 0.828, 0, 97.213, 0, 0, 106.425, 40.202, 0, 0, 0, 0, 
18.05, 17.72, 100.33, 73.4, 74.106, , 3.887, 0.986, 1223.45, 1223.45, 2.041, 93.997, 93.997, 93.997, 50.274, 89.802, 35.42, 35.92, 7.378, 12.698, 0, 0, 10.069, 10.21, 10.069, 10.21, 1, 40.735, 40.735, 0.024, 0.134, 25.827, 26.188, 25.827, 26.188, 4.493, 7.378, 12.698, , , 1, 18.111, 0.187, 0, 14.5, 2.041, 199, 0, 0, 0, 55.01, 6.013, 6.317, 127.4, 40.743, 100, 0, 0, 28.257, 28.257, 6, 0.83, 97.253, 0, 0, 106.505, 40.402, 0, 0, 0.187, 0, 0, 14, 0, 14.5, 0, 2.041, 199, 0, 0, 0, 55.01, 1, 0.006, 0.007, 127.4, 40.743, 100, 0, 0, 141, 28.257, 28.257, 6, 0.83, 0, 97.253, 0, 0, 106.506, 40.402, 0, 0, 0, 0, 
18.1, 17.72, 100.33, 73.395, 74.106, , 3.91, 0.986, 1226.407, 1226.407, 2.044, 94.543, 94.543, 94.543, 50.118, 86.236, 35.42, 36.064, 7.378, 12.644, 0, 0, 10.175, 10.318, 10.175, 10.318, 1, 40.93, 40.93, 0.024, 0.134, 26.056, 26.421, 26.056, 26.421, 4.494, 7.378, 12.644, , , 1, 18.161, 0.217, 0, 14.5, 2.044, 199, 0, 0, 0, 55.171, 6.06, 6.426, 127.4, 40.713, 100, 0, 0, 28.378, 28.378, 6, 0.832, 97.293, 0, 0, 106.585, 40.602, 0, 0, 0.217, 0, 0, 14, 0, 14.5, 0, 2.044, 199, 0, 0, 0, 55.171, 1, 0.006, 0.007, 127.4, 40.713, 100, 0, 0, 141, 28.378, 28.378, 6, 0.832, 0, 97.293, 0, 0, 106.586, 40.602, 0, 0, 0, 0, 
18.15, 17.72, 100.33, 73.39, 74.105, , 3.908, 0.986, 1229.363, 1229.363, 2.047, 94.505, 94.505, 94.505, 50.019, 82.671, 35.42, 36.208, 7.379, 12.566, 0, 0, 10.22, 10.364, 10.22, 10.364, 1, 41.124, 41.124, 0.024, 0.134, 26.087, 26.454, 26.087, 26.454, 4.496, 7.379, 12.566, , , 1, 18.211, 0.247, 0, 14.5, 2.047, 199, 0, 0, 0, 55.332, 6.106, 6.536, 127.4, 40.683, 100, 0, 0, 28.499, 28.499, 6, 0.833, 97.333, 0, 0, 106.666, 40.802, 0, 0, 0.247, 0, 0, 14, 0, 14.5, 0, 2.047, 199, 0, 0, 0, 55.332, 1, 0.006, 0.007, 127.4, 40.683, 100, 0, 0, 141, 28.499, 28.499, 6, 0.833, 0, 97.333, 0, 0, 106.667, 40.802, 0, 0, 0, 0, 
18.2, 17.72, 100.33, 73.385, 74.104, , 3.942, 0.986, 1232.341, 1232.341, 2.05, 95.303, 95.303, 95.303, 50.003, 79.105, 35.38, 36.233, 7.379, 12.488, 0, 0, 10.355, 10.502, 10.355, 10.502, 1, 41.316, 41.316, 0.024, 0.134, 26.308, 26.678, 26.308, 26.678, 4.496, 7.379, 12.488, , , 1, 18.261, 0.276, 0, 14.5, 2.05, 199, 0, 0, 0, 55.494, 6.153, 6.646, 127.4, 40.653, 100, 0, 0, 28.62, 28.62, 6, 0.835, 97.374, 0, 0, 106.747, 41.002, 0, 0, 0.276, 0, 0, 14, 0, 14.5, 0, 2.05, 199, 0, 0, 0, 55.494, 1, 0.006, 0.007, 127.4, 40.653, 100, 0, 0, 141, 28.62, 28.62, 6, 0.835, 0, 97.374, 0, 0, 106.747, 41.002, 0, 0, 0, 0, 
18.25, 17.72, 100.33, 73.38, 74.103, , 3.999, 0.986, 1235.336, 1235.336, 2.053, 96.661, 96.661, 96.661, 50.096, 75.54, 35.2, 35.837, 7.38, 12.462, 0, 0, 10.551, 10.701, 10.551, 10.701, 1, 41.514, 41.514, 0.024, 0.134, 26.652, 27.027, 26.652, 27.027, 4.479, 7.38, 12.462, , , 1, 18.311, 0.306, 0, 14.5, 2.053, 199, 0, 0, 0, 55.655, 6.2, 6.755, 127.4, 40.623, 100, 0, 0, 28.741, 28.741, 6, 0.837, 97.414, 0, 0, 106.827, 41.202, 0, 0, 0.306, 0, 0, 14, 0, 14.5, 0, 2.053, 199, 0, 0, 0, 55.655, 1, 0.006, 0.007, 127.4, 40.623, 100, 0, 0, 141, 28.741, 28.741, 6, 0.837, 0, 97.414, 0, 0, 106.828, 41.202, 0, 0, 0, 0, 
18.3, 17.72, 100.33, 73.375, 74.103, , 4.061, 0.986, 1238.369, 1238.369, 2.056, 98.135, 98.135, 98.135, 50.249, 71.974, 35.02, 35.441, 7.38, 12.438, 0, 0, 10.765, 10.919, 10.765, 10.919, 1, 41.714, 41.714, 0.024, 0.134, 26.957, 27.339, 26.957, 27.339, 4.463, 7.38, 12.438, , , 1, 18.361, 0.336, 0, 14.5, 2.056, 199, 0, 0, 0, 55.816, 6.247, 6.865, 127.4, 40.593, 100, 0, 0, 28.862, 28.862, 6, 0.838, 97.454, 0, 0, 106.908, 41.402, 0, 0, 0.336, 0, 0, 14, 0, 14.5, 0, 2.056, 199, 0, 0, 0, 55.816, 1, 0.006, 0.007, 127.4, 40.593, 100, 0, 0, 141, 28.862, 28.862, 6, 0.838, 0, 97.454, 0, 0, 106.908, 41.402, 0, 0, 0, 0, 
18.35, 17.72, 100.33, 73.37, 74.102, , 4.14, 0.986, 1241.401, 1241.401, 2.059, 100.01, 100.01, 100.01, 50.494, 68.409, 34.84, 35.045, 7.38, 12.46, 0, 0, 11.027, 11.184, 11.027, 11.184, 1, 41.917, 41.917, 0.024, 0.134, 27.344, 27.731, 27.344, 27.731, 4.446, 7.38, 12.46, , , 1, 18.411, 0.366, 0, 14.5, 2.059, 199, 0, 0, 0, 55.977, 6.293, 6.975, 127.4, 40.564, 100, 0, 0, 28.983, 28.983, 6, 0.84, 97.494, 0, 0, 106.989, 41.602, 0, 0, 0.366, 0, 0, 14, 0, 14.5, 0, 2.059, 199, 0, 0, 0, 55.977, 1, 0.006, 0.007, 127.4, 40.564, 100, 0, 0, 141, 28.983, 28.983, 6, 0.84, 0, 97.494, 0, 0, 106.989, 41.602, 0, 0, 0, 0, 
18.4, 17.72, 100.33, 73.366, 74.101, , 4.236, 0.986, 1244.433, 1244.433, 2.087, 102.286, 102.286, 102.286, 50.765, 64.843, 34.66, 34.649, 7.379, 12.486, 0, 0, 11.335, 11.497, 11.335, 11.497, 1, 42.124, 42.124, 0.024, 0.134, 27.811, 28.204, 27.811, 28.204, 4.43, 7.379, 12.486, , , 1, 18.461, 0.358, 0, 14.5, 2.087, 199, 0, 0, 0, 56.535, 6.426, 6.988, 127.4, 41.334, 100, 0, 0, 29.758, 29.758, 6.456, 0.86, 98.392, 0, 0, 108.026, 41.907, 0, 0, 0.358, 0, 0, 14, 0, 14.5, 0, 2.087, 199, 0, 0, 0, 56.535, 1, 0.006, 0.007, 127.4, 41.334, 100, 0, 0, 141, 29.758, 29.758, 6.456, 0.86, 0, 98.392, 0, 0, 108.026, 41.907, 0, 0, 0, 0, 
18.45, 17.72, 100.33, 73.361, 74.1, , 4.382, 0.986, 1247.504, 1247.504, 2.119, 105.761, 105.761, 105.761, 51.027, 61.278, 34.528, 34.372, 7.379, 12.508, 0, 0, 11.782, 11.949, 11.782, 11.949, 1, 42.334, 42.334, 0.024, 0.134, 28.626, 29.029, 28.626, 29.029, 4.428, 7.379, 12.508, , , 1, 18.511, 0.343, 0, 14.5, 2.119, 199, 0, 0, 0, 57.158, 6.572, 6.986, 127.4, 42.214, 100, 0, 0, 30.64, 30.64, 6.975, 0.882, 99.429, 0, 0, 109.219, 42.23, 0, 0, 0.343, 0, 0, 14, 0, 14.5, 0, 2.119, 199, 0, 0, 0, 57.158, 1, 0.006, 0.007, 127.4, 42.214, 100, 0, 0, 141, 30.64, 30.64, 6.975, 0.882, 0, 99.429, 0, 0, 109.219, 42.23, 0, 0, 0, 0, 
18.5, 17.72, 100.33, 73.356, 74.101, , 4.514, 0.986, 1250.577, 1250.577, 2.15, 108.885, 108.885, 108.885, 51.209, 57.712, 34.564, 34.516, 7.378, 12.53, 0, 0, 12.192, 12.363, 12.192, 12.363, 1, 42.554, 42.554, 0.024, 0.134, 29.367, 29.782, 29.367, 29.782, 4.431, 7.378, 12.53, , , 1, 18.561, 0.328, 0, 14.5, 2.15, 199, 0, 0, 0, 57.78, 6.718, 6.984, 127.4, 43.093, 100, 0, 0, 31.522, 31.522, 7.494, 0.905, 100.467, 0, 0, 110.412, 42.553, 0, 0, 0.328, 0, 0, 14, 0, 14.5, 0, 2.15, 199, 0, 0, 0, 57.78, 1, 0.007, 0.007, 127.4, 43.093, 100, 0, 0, 141, 31.522, 31.522, 7.494, 0.905, 0, 100.467, 0, 0, 110.412, 42.553, 0, 0, 0, 0, 
18.55, 17.72, 100.33, 73.351, 74.103, , 4.624, 0.986, 1253.649, 1253.649, 2.182, 111.498, 111.498, 111.498, 51.326, 54.147, 34.6, 34.66, 7.378, 12.507, 0, 0, 12.549, 12.723, 12.549, 12.723, 1, 42.78, 42.78, 0.024, 0.133, 29.997, 30.422, 29.997, 30.422, 4.433, 7.378, 12.507, , , 1, 18.611, 0.314, 0, 14.5, 2.182, 199, 0, 0, 0, 58.402, 6.865, 6.982, 127.4, 43.973, 100, 0, 0, 32.404, 32.404, 8.012, 0.928, 101.504, 0, 0, 111.605, 42.875, 0, 0, 0.314, 0, 0, 14, 0, 14.5, 0, 2.182, 199, 0, 0, 0, 58.402, 1, 0.007, 0.007, 127.4, 43.973, 100, 0, 0, 141, 32.404, 32.404, 8.012, 0.928, 0, 101.504, 0, 0, 111.605, 42.875, 0, 0, 0, 0, 
18.6, 17.72, 100.33, 73.346, 74.106, , 4.71, 0.986, 1256.759, 1256.759, 2.213, 113.555, 113.555, 113.555, 51.398, 50.581, 34.636, 34.804, 7.377, 12.48, 0, 0, 12.847, 13.025, 12.847, 13.025, 1, 43.01, 43.01, 0.024, 0.133, 30.524, 30.955, 30.524, 30.955, 4.435, 7.377, 12.48, , , 1, 18.66, 0.301, 0, 14.5, 2.213, 199, 0, 0, 0, 59.013, 7.009, 6.986, 127.4, 44.819, 100, 0, 0, 33.263, 33.263, 8.513, 0.95, 102.523, 0, 0, 112.775, 43.193, 0, 0, 0.301, 0, 0, 14, 0, 14.5, 0, 2.213, 199, 0, 0, 0, 59.013, 1, 0.007, 0.007, 127.4, 44.819, 100, 0, 0, 141, 33.263, 33.263, 8.513, 0.95, 0, 102.523, 0, 0, 112.775, 43.193, 0, 0, 0, 0, 
18.65, 17.72, 100.33, 73.341, 74.108, , 4.756, 0.986, 1259.89, 1259.89, 2.225, 114.642, 114.642, 114.642, 51.397, 47.015, 34.672, 34.948, 7.377, 12.39, 0, 0, 13.037, 13.217, 13.037, 13.217, 1, 43.245, 43.245, 0.024, 0.133, 30.802, 31.237, 30.802, 31.237, 4.453, 7.377, 12.39, , , 1, 18.71, 0.328, 0, 14.5, 2.225, 199, 0, 0, 0, 59.326, 7.111, 7.128, 127.4, 45.127, 100, 0, 0, 33.576, 33.576, 8.722, 0.959, 103.098, 0, 0, 113.403, 43.388, 0, 0, 0.328, 0, 0, 14, 0, 14.5, 0, 2.225, 199, 0, 0, 0, 59.326, 1, 0.007, 0.007, 127.4, 45.127, 100, 0, 0, 141, 33.576, 33.576, 8.722, 0.959, 0, 103.101, 0, 0, 113.403, 43.388, 0, 0, 0, 0, 
18.7, 17.72, 100.33, 73.336, 74.11, , 4.747, 0.986, 1263.045, 1263.045, 2.236, 114.437, 114.437, 114.437, 51.398, 60.238, 34.763, 35.108, 7.377, 12.292, 0, 0, 13.082, 13.265, 13.082, 13.265, 1, 43.48, 43.48, 0.024, 0.133, 30.748, 31.183, 30.748, 31.183, 4.476, 7.377, 12.292, , , 1, 18.761, 0.356, 0, 14.5, 2.236, 199, 0, 0, 0, 59.64, 7.212, 7.27, 127.4, 45.436, 100, 0, 0, 33.89, 33.89, 8.931, 0.967, 103.674, 0, 0, 114.03, 43.584, 0, 0, 0.356, 0, 0, 14, 0, 14.5, 0, 2.236, 199, 0, 0, 0, 59.64, 1, 0.007, 0.007, 127.4, 45.436, 100, 0, 0, 141, 33.89, 33.89, 8.931, 0.967, 0, 103.679, 0, 0, 114.03, 43.584, 0, 0, 0, 0, 
18.75, 17.72, 100.33, 73.331, 74.113, , 4.735, 0.986, 1266.2, 1266.2, 2.248, 114.153, 114.153, 114.153, 51.399, 64.407, 35.051, 35.324, 7.377, 12.193, 0, 0, 13.12, 13.304, 13.12, 13.304, 1, 43.714, 43.714, 0.024, 0.133, 30.669, 31.104, 30.669, 31.104, 4.499, 7.377, 12.193, , , 1, 18.811, 0.383, 0, 14.5, 2.248, 199, 0, 0, 0, 59.954, 7.313, 7.412, 127.4, 45.744, 100, 0, 0, 34.204, 34.204, 9.14, 0.975, 104.249, 0, 0, 114.658, 43.78, 0, 0, 0.383, 0, 0, 14, 0, 14.5, 0, 2.248, 199, 0, 0, 0, 59.954, 1, 0.007, 0.007, 127.4, 45.744, 100, 0, 0, 141, 34.204, 34.204, 9.14, 0.975, 0, 104.256, 0, 0, 114.658, 43.78, 0, 0, 0, 0, 
18.8, 17.72, 100.33, 73.326, 74.115, , 4.732, 0.986, 1269.375, 1269.375, 2.26, 114.086, 114.086, 114.086, 51.408, 65.12, 35.339, 35.54, 7.377, 12.094, 0, 0, 13.183, 13.369, 13.183, 13.369, 1, 43.945, 43.945, 0.024, 0.133, 30.646, 31.081, 30.646, 31.081, 4.521, 7.377, 12.094, , , 1, 18.861, 0.41, 0, 14.5, 2.26, 199, 0, 0, 0, 60.268, 7.415, 7.555, 127.4, 46.053, 100, 0, 0, 34.518, 34.518, 9.349, 0.984, 104.824, 0, 0, 115.286, 43.975, 0, 0, 0.41, 0, 0, 14, 0, 14.5, 0, 2.26, 199, 0, 0, 0, 60.268, 1, 0.007, 0.007, 127.4, 46.053, 100, 0, 0, 141, 34.518, 34.518, 9.349, 0.984, 0, 104.834, 0, 0, 115.286, 43.975, 0, 0, 0, 0, 
18.85, 17.72, 100.33, 73.321, 74.117, , 4.74, 0.986, 1272.574, 1272.574, 2.272, 114.278, 114.278, 114.278, 51.417, 65.834, 35.627, 35.756, 7.377, 12.039, 0, 0, 13.278, 13.465, 13.278, 13.465, 1, 44.179, 44.179, 0.024, 0.133, 30.693, 31.128, 30.693, 31.128, 4.543, 7.377, 12.039, , , 1, 18.911, 0.42, 0, 14.5, 2.272, 199, 0, 0, 0, 60.53, 7.48, 7.651, 127.4, 46.228, 100, 0, 0, 34.839, 34.839, 9.532, 0.991, 105.28, 0, 0, 115.765, 44.193, 0, 0, 0.42, 0, 0, 14, 0, 14.5, 0, 2.272, 199, 0, 0, 0, 60.53, 1, 0.008, 0.008, 127.4, 46.228, 100, 0, 0, 141, 34.839, 34.839, 9.532, 0.991, 0, 105.282, 0, 0, 115.765, 44.193, 0, 0, 0, 0, 
18.9, 17.72, 100.33, 73.316, 74.119, , 4.72, 0.986, 1275.773, 1275.773, 2.285, 113.825, 113.825, 113.825, 51.426, 66.548, 35.915, 35.972, 7.377, 11.991, 0, 0, 13.295, 13.484, 13.295, 13.484, 1, 44.413, 44.413, 0.024, 0.133, 30.566, 30.999, 30.566, 30.999, 4.565, 7.377, 11.991, , , 1, 18.961, 0.385, 0, 14.5, 2.285, 199, 0, 0, 0, 60.643, 7.44, 7.618, 127.4, 46.061, 100, 0, 0, 35.18, 35.18, 9.645, 0.993, 105.393, 0, 0, 115.822, 44.475, 0, 0, 0.385, 0, 0, 14, 0, 14.5, 0, 2.285, 199, 0, 0, 0, 60.643, 1, 0.008, 0.008, 127.4, 46.061, 100, 0, 0, 141, 35.18, 35.18, 9.645, 0.993, 0, 105.395, 0, 0, 115.822, 44.475, 0, 0, 0, 0, 
18.95, 17.72, 100.33, 73.311, 74.122, , 4.724, 0.986, 1278.995, 1278.995, 2.297, 113.918, 113.918, 113.918, 51.432, 67.261, 36.1, 36.1, 7.377, 11.997, 0, 0, 13.376, 13.566, 13.376, 13.566, 1, 44.646, 44.646, 0.024, 0.133, 30.588, 31.022, 30.588, 31.022, 4.587, 7.377, 11.997, , , 1, 19.01, 0.35, 0, 14.5, 2.297, 199, 0, 0, 0, 60.757, 7.4, 7.586, 127.4, 45.894, 100, 0, 0, 35.52, 35.52, 9.759, 0.995, 105.507, 0, 0, 115.878, 44.757, 0, 0, 0.35, 0, 0, 14, 0, 14.5, 0, 2.297, 199, 0, 0, 0, 60.757, 1, 0.008, 0.008, 127.4, 45.894, 100, 0, 0, 141, 35.52, 35.52, 9.759, 0.995, 0, 105.509, 0, 0, 115.878, 44.757, 0, 0, 0, 0, 
19, 17.72, 100.33, 73.306, 74.124, , 4.742, 0.986, 1282.238, 1282.238, 2.31, 114.343, 114.343, 114.343, 51.43, 67.975, 35.92, 35.92, 7.377, 12.015, 0, 0, 13.495, 13.685, 13.495, 13.685, 1, 44.88, 44.88, 0.024, 0.133, 30.702, 31.137, 30.702, 31.137, 4.608, 7.377, 12.015, , , 1, 19.06, 0.314, 0, 14.5, 2.31, 199, 0, 0, 0, 60.87, 7.36, 7.553, 127.4, 45.727, 100, 0, 0, 35.861, 35.861, 9.873, 0.997, 105.62, 0, 0, 115.935, 45.039, 0, 0, 0.314, 0, 0, 14, 0, 14.5, 0, 2.31, 199, 0, 0, 0, 60.87, 1, 0.008, 0.008, 127.4, 45.727, 100, 0, 0, 141, 35.861, 35.861, 9.873, 0.997, 0, 105.623, 0, 0, 115.935, 45.039, 0, 0, 0, 0, 
19.05, 17.72, 100.33, 73.301, 74.126, , 4.709, 0.986, 1285.481, 1285.481, 2.322, 113.578, 113.578, 113.578, 51.426, 68.689, 35.74, 35.74, 7.377, 12.057, 0, 0, 13.474, 13.664, 13.474, 13.664, 1, 45.114, 45.114, 0.024, 0.134, 30.502, 30.933, 30.502, 30.933, 4.619, 7.377, 12.057, , , 1, 19.11, 0.279, 0, 14.5, 2.322, 199, 0, 0, 0, 60.984, 7.321, 7.52, 127.4, 45.56, 100, 0, 0, 36.202, 36.202, 9.986, 1, 105.734, 0, 0, 115.992, 45.321, 0, 0, 0.279, 0, 0, 14, 0, 14.5, 0, 2.322, 199, 0, 0, 0, 60.984, 1, 0.008, 0.008, 127.4, 45.56, 100, 0, 0, 141, 36.202, 36.202, 9.986, 1, 0, 105.736, 0, 0, 115.992, 45.321, 0, 0, 0, 0, 
19.1, 17.72, 100.33, 73.296, 74.129, , 4.682, 0.986, 1288.755, 1288.755, 2.335, 112.944, 112.944, 112.944, 51.423, 69.402, 35.56, 35.56, 7.377, 12.104, 0, 0, 13.468, 13.658, 13.468, 13.658, 1, 45.348, 45.348, 0.024, 0.133, 30.332, 30.76, 30.332, 30.76, 4.626, 7.377, 12.104, , , 1, 19.161, 0.222, 0, 14.5, 2.335, 199.191, 0, 0, 0, 61, 7.243, 7.385, 127.4, 45.364, 100, 0, 0, 36.53, 36.53, 10, 1, 105.703, 0, 0, 115.859, 45.592, 0, 0, 0.222, 0, 0, 14, 0, 14.5, 0, 2.335, 199.191, 0, 0, 0, 61, 1, 0.007, 0.007, 127.4, 45.364, 100, 0, 0, 141, 36.53, 36.53, 10, 1, 0, 105.702, 0, 0, 115.859, 45.592, 0, 0, 0, 0, 
19.15, 17.72, 100.33, 73.291, 74.131, , 4.662, 0.986, 1292.055, 1292.055, 2.347, 112.464, 112.464, 112.464, 51.433, 70.116, 35.38, 35.38, 7.377, 12.151, 0, 0, 13.479, 13.669, 13.479, 13.669, 1, 45.579, 45.579, 0.024, 0.133, 30.2, 30.625, 30.2, 30.625, 4.634, 7.377, 12.151, , , 1, 19.211, 0.163, 0, 14.5, 2.347, 199.409, 0, 0, 0, 61, 7.159, 7.234, 127.4, 45.164, 100, 0, 0, 36.857, 36.857, 10, 1, 105.648, 0, 0, 115.695, 45.861, 0, 0, 0.163, 0, 0, 14, 0, 14.5, 0, 2.347, 199.409, 0, 0, 0, 61, 1, 0.007, 0.007, 127.4, 45.164, 100, 0, 0, 141, 36.857, 36.857, 10, 1, 0, 105.648, 0, 0, 115.695, 45.861, 0, 0, 0, 0, 
19.2, 17.72, 100.33, 73.286, 74.133, , 4.654, 0.986, 1295.39, 1295.39, 2.36, 112.273, 112.273, 112.273, 51.452, 70.829, 35.192, 35.232, 7.377, 12.199, 0, 0, 13.525, 13.715, 13.525, 13.715, 1, 45.81, 45.81, 0.024, 0.133, 30.14, 30.562, 30.14, 30.562, 4.642, 7.377, 12.199, , , 1, 19.261, 0.103, 0, 14.5, 2.36, 199.626, 0, 0, 0, 61, 7.076, 7.083, 127.4, 44.964, 100, 0, 0, 37.183, 37.183, 10, 1, 105.594, 0, 0, 115.532, 46.131, 0, 0, 0.103, 0, 0, 14, 0, 14.5, 0, 2.36, 199.626, 0, 0, 0, 61, 1, 0.007, 0.007, 127.4, 44.964, 100, 0, 0, 141, 37.183, 37.183, 10, 1, 0, 105.593, 0, 0, 115.532, 46.131, 0, 0, 0, 0, 
19.25, 17.72, 100.33, 73.281, 74.135, , 4.613, 0.986, 1298.726, 1298.726, 2.372, 111.322, 111.322, 111.322, 51.48, 71.543, 34.976, 35.196, 7.377, 12.281, 0, 0, 13.477, 13.667, 13.477, 13.667, 1, 46.042, 46.042, 0.024, 0.133, 29.866, 30.286, 29.866, 30.286, 4.633, 7.377, 12.281, , , 1, 19.311, 0.043, 0, 14.5, 2.372, 199.843, 0, 0, 0, 61, 6.992, 6.932, 127.4, 44.764, 100, 0, 0, 37.509, 37.509, 10, 1, 105.539, 0, 0, 115.368, 46.401, 0, 0, 0.043, 0, 0, 14, 0, 14.5, 0, 2.372, 199.843, 0, 0, 0, 61, 1, 0.007, 0.007, 127.4, 44.764, 100, 0, 0, 141, 37.509, 37.509, 10, 1, 0, 105.539, 0, 0, 115.368, 46.401, 0, 0, 0, 0, 
19.3, 17.72, 100.33, 73.276, 74.138, , 4.589, 0.986, 1302.062, 1302.062, 2.384, 110.75, 110.75, 110.75, 51.52, 72.257, 34.76, 35.16, 7.377, 12.377, 0, 0, 13.474, 13.664, 13.474, 13.664, 1, 46.266, 46.266, 0.024, 0.134, 29.692, 30.109, 29.692, 30.109, 4.62, 7.377, 12.377, , , 1, 19.361, 0, 0, 14.5, 2.384, 200.064, 0, 0, 0, 61, 6.928, 6.813, 127.4, 44.596, 100, 0, 0, 37.794, 37.794, 10, 1, 105.5, 0, 0, 115.234, 46.637, 0, 0, 0, 0, 0, 14, 0, 14.5, 0, 2.384, 200.064, 0, 0, 0, 61, 1, 0.007, 0.007, 127.4, 44.596, 100, 0, 0, 141, 37.794, 37.794, 10, 1, 0, 105.5, 0, 0, 115.234, 46.637, 0, 0, 0, 0, 
19.35, 17.72, 100.33, 73.271, 74.14, , 4.591, 0.986, 1305.399, 1305.399, 2.391, 110.803, 110.803, 110.803, 51.55, 72.97, 34.544, 35.124, 7.377, 12.499, 0, 0, 13.545, 13.735, 13.545, 13.735, 1, 46.494, 46.494, 0.024, 0.134, 29.686, 30.101, 29.686, 30.101, 4.607, 7.377, 12.499, , , 1, 19.411, 0, 0, 14.5, 2.391, 200.291, 0, 0, 0, 61, 6.921, 6.788, 127.4, 44.512, 100, 0, 0, 37.965, 37.965, 10, 1, 105.5, 0, 0, 115.177, 46.778, 0, 0, 0, 0, 0, 14, 0, 14.5, 0, 2.391, 200.291, 0, 0, 0, 61, 1, 0.007, 0.007, 127.4, 44.512, 100, 0, 0, 141, 37.965, 37.965, 10, 1, 0, 105.5, 0, 0, 115.177, 46.778, 0, 0, 0, 0, 
19.4, 17.72, 100.33, 73.274, 74.142, , 4.549, 0.986, 1308.783, 1308.783, 2.398, 109.812, 109.812, 109.812, 51.571, 73.684, 34.328, 35.088, 7.378, 12.632, 0, 0, 13.489, 13.677, 13.489, 13.677, 1, 46.72, 46.72, 0.024, 0.134, 29.409, 29.82, 29.409, 29.82, 4.594, 7.378, 12.632, , , 1, 19.461, 0, 0, 14.5, 2.398, 200.518, 0, 0, 0, 61, 6.915, 6.763, 127.4, 44.428, 100, 0, 0, 38.135, 38.135, 10, 1, 105.5, 0, 0, 115.12, 46.918, 0, 0, 0, 0, 0, 14, 0, 14.5, 0, 2.398, 200.518, 0, 0, 0, 61, 1, 0.007, 0.007, 127.4, 44.428, 100, 0, 0, 141, 38.135, 38.135, 10, 1, 0, 105.5, 0, 0, 115.12, 46.918, 0, 0, 0, 0, 
19.45, 17.72, 100.33, 73.279, 74.145, , 4.515, 0.986, 1312.2, 1312.2, 2.405, 108.995, 108.995, 108.995, 51.582, 74.398, 34.215, 35.068, 7.378, 12.774, 0, 0, 13.453, 13.641, 13.453, 13.641, 1, 46.943, 46.943, 0.024, 0.134, 29.185, 29.594, 29.185, 29.594, 4.591, 7.378, 12.774, , , 1, 19.511, 0, 0, 14.5, 2.405, 200.745, 0, 0, 0, 61, 6.908, 6.739, 127.4, 44.344, 100, 0, 0, 38.306, 38.306, 10, 1, 105.5, 0, 0, 115.064, 47.059, 0, 0, 0, 0, 0, 14, 0, 14.5, 0, 2.405, 200.745, 0, 0, 0, 61, 1, 0.007, 0.007, 127.4, 44.344, 100, 0, 0, 141, 38.306, 38.306, 10, 1, 0, 105.5, 0, 0, 115.064, 47.059, 0, 0, 0, 0, 
19.5, 17.72, 100.33, 73.283, 74.147, , 4.494, 0.986, 1315.634, 1315.634, 2.412, 108.513, 108.513, 108.513, 51.573, 75.111, 34.467, 35.104, 7.379, 12.919, 0, 0, 13.458, 13.645, 13.458, 13.645, 1, 47.165, 47.165, 0.024, 0.134, 29.058, 29.466, 29.058, 29.466, 4.597, 7.379, 12.919, , , 1, 19.561, 0, 0, 14.5, 2.412, 200.973, 0, 0, 0, 61, 6.901, 6.714, 127.4, 44.26, 100, 0, 0, 38.476, 38.476, 10, 1, 105.5, 0, 0, 115.007, 47.2, 0, 0, 0, 0, 0, 14, 0, 14.5, 0, 2.412, 200.973, 0, 0, 0, 61, 1, 0.007, 0.007, 127.4, 44.26, 100, 0, 0, 141, 38.476, 38.476, 10, 1, 0, 105.5, 0, 0, 115.007, 47.2, 0, 0, 0, 0, 
19.55, 17.72, 100.33, 73.288, 74.149, , 4.498, 0.986, 1319.067, 1319.067, 2.422, 108.607, 108.607, 108.607, 51.555, 75.825, 34.719, 35.14, 7.379, 13.032, 0, 0, 13.533, 13.72, 13.533, 13.72, 1, 47.388, 47.388, 0.024, 0.134, 29.093, 29.503, 29.093, 29.503, 4.602, 7.379, 13.032, , , 1, 19.611, 0, 0, 14.5, 2.422, 201, 0, 0, 0, 61, 6.874, 6.689, 127.4, 44.185, 100, 0, 0, 38.758, 38.758, 10, 1, 105.412, 0, 0, 114.912, 47.435, 0, 0, 0, 0, 0, 14, 0, 14.5, 0, 2.422, 201, 0, 0, 0, 61, 1, 0.007, 0.007, 127.4, 44.185, 100, 0, 0, 141, 38.758, 38.758, 10, 1, 0, 105.412, 0, 0, 114.912, 47.435, 0, 0, 0, 0, 
19.6, 17.72, 100.33, 73.293, 74.151, , 4.453, 0.986, 1322.501, 1322.501, 2.433, 107.546, 107.546, 107.546, 51.533, 76.539, 34.971, 35.176, 7.38, 13.129, 0, 0, 13.463, 13.651, 13.463, 13.651, 1, 47.609, 47.609, 0.024, 0.134, 28.82, 29.227, 28.82, 29.227, 4.608, 7.38, 13.129, , , 1, 19.661, 0, 0, 14.5, 2.433, 201, 0, 0, 0, 61, 6.844, 6.665, 127.4, 44.111, 100, 0, 0, 39.058, 39.058, 10, 1, 105.313, 0, 0, 114.813, 47.685, 0, 0, 0, 0, 0, 14, 0, 14.5, 0, 2.433, 201, 0, 0, 0, 61, 1, 0.007, 0.007, 127.4, 44.111, 100, 0, 0, 141, 39.058, 39.058, 10, 1, 0, 105.313, 0, 0, 114.813, 47.685, 0, 0, 0, 0, 
19.65, 17.72, 100.33, 73.298, 74.154, , 4.428, 0.986, 1325.964, 1325.964, 2.443, 106.964, 106.964, 106.964, 51.514, 77.252, 35.223, 35.212, 7.38, 13.195, 0, 0, 13.452, 13.64, 13.452, 13.64, 1, 47.826, 47.826, 0.024, 0.134, 28.675, 29.08, 28.675, 29.08, 4.626, 7.38, 13.195, , , 1, 19.711, 0, 0, 14.5, 2.443, 201, 0, 0, 0, 61, 6.814, 6.641, 127.4, 44.037, 100, 0, 0, 39.358, 39.358, 10, 1, 105.213, 0, 0, 114.713, 47.935, 0, 0, 0, 0, 0, 14, 0, 14.5, 0, 2.443, 201, 0, 0, 0, 61, 1, 0.007, 0.007, 127.4, 44.037, 100, 0, 0, 141, 39.358, 39.358, 10, 1, 0, 105.213, 0, 0, 114.713, 47.935, 0, 0, 0, 0, 
19.7, 17.72, 100.33, 73.303, 74.156, , 4.415, 0.986, 1329.449, 1329.449, 2.453, 106.645, 106.645, 106.645, 51.497, 77.966, 35.436, 35.24, 7.379, 13.244, 0, 0, 13.472, 13.662, 13.472, 13.662, 1, 48.046, 48.046, 0.024, 0.134, 28.599, 29.003, 28.599, 29.003, 4.656, 7.379, 13.244, , , 1, 19.761, 0, 0, 14.5, 2.453, 201, 0, 0, 0, 61, 6.784, 6.617, 127.4, 43.963, 100, 0, 0, 39.658, 39.658, 10, 1, 105.114, 0, 0, 114.614, 48.185, 0, 0, 0, 0, 0, 14, 0, 14.5, 0, 2.453, 201, 0, 0, 0, 61, 1, 0.007, 0.007, 127.4, 43.963, 100, 0, 0, 141, 39.658, 39.658, 10, 1, 0, 105.114, 0, 0, 114.614, 48.185, 0, 0, 0, 0, 
19.75, 17.72, 100.33, 73.308, 74.158, , 4.383, 0.986, 1332.934, 1332.934, 2.464, 105.897, 105.897, 105.897, 51.484, 78.68, 35.508, 35.24, 7.379, 13.272, 0, 0, 13.438, 13.628, 13.438, 13.628, 1, 48.266, 48.266, 0.024, 0.133, 28.407, 28.807, 28.407, 28.807, 4.686, 7.379, 13.272, , , 1, 19.811, 0, 0, 14.5, 2.464, 201, 0, 0, 0, 61, 6.754, 6.593, 127.4, 43.889, 100, 0, 0, 39.958, 39.958, 10, 1, 105.014, 0, 0, 114.514, 48.435, 0, 0, 0, 0, 0, 14, 0, 14.5, 0, 2.464, 201, 0, 0, 0, 61, 1, 0.007, 0.007, 127.4, 43.889, 100, 0, 0, 141, 39.958, 39.958, 10, 1, 0, 105.014, 0, 0, 114.514, 48.435, 0, 0, 0, 0, 
19.8, 17.72, 100.33, 73.313, 74.16, , 4.348, 0.986, 1336.467, 1336.467, 2.48, 105.069, 105.069, 105.069, 51.475, 79.393, 35.58, 35.24, 7.378, 13.289, 0, 0, 13.394, 13.584, 13.394, 13.584, 1, 48.484, 48.484, 0.024, 0.133, 28.191, 28.586, 28.191, 28.586, 4.716, 7.378, 13.289, , , 1, 19.861, 0, 0, 14.5, 2.48, 201, 0, 0, 0, 61, 6.711, 6.536, 127.113, 43.729, 100, 0, 0, 40.319, 40.358, 10, 1, 104.881, 0, 0, 114.181, 48.667, 0, 0, 0, 0, 0, 14, 0, 14.5, 0, 2.48, 201, 0, 0, 0, 61, 1, 0.007, 0.007, 127.113, 43.729, 100, 0, 0, 141, 40.319, 40.358, 10, 1, 0, 104.881, 0, 0, 114.181, 48.667, 0, 0, 0, 0, 
19.85, 17.719, 100.33, 73.318, 74.158, , 4.335, 0.986, 1340.006, 1340.006, 2.496, 104.771, 104.771, 104.771, 51.473, 80.107, 35.652, 35.24, 7.378, 13.3, 0, 0, 13.417, 13.607, 13.417, 13.607, 1, 48.7, 48.7, 0.024, 0.133, 28.112, 28.506, 28.112, 28.506, 4.742, 7.378, 13.3, , , 1, 19.911, 0, 0, 14.5, 2.496, 201, 0, 0, 0, 61, 6.666, 6.473, 126.78, 43.558, 100, 0, 0, 40.689, 40.775, 10, 1, 104.742, 0, 0, 113.811, 48.897, 0, 0, 0, 0, 0, 14, 0, 14.5, 0, 2.496, 201, 0, 0, 0, 61, 1, 0.007, 0.007, 126.78, 43.558, 100, 0, 0, 141, 40.689, 40.775, 10, 1, 0, 104.742, 0, 0, 113.811, 48.897, 0, 0, 0, 0, 
19.9, 17.718, 100.33, 73.323, 74.157, , 4.326, 0.986, 1343.545, 1343.545, 2.513, 104.562, 104.562, 104.562, 51.488, 80.821, 35.724, 35.24, 7.377, 13.308, 0, 0, 13.449, 13.639, 13.449, 13.639, 1, 48.914, 48.914, 0.024, 0.133, 28.049, 28.443, 28.049, 28.443, 4.765, 7.377, 13.308, , , 1, 19.961, 0, 0, 14.5, 2.513, 201, 0, 0, 0, 61, 6.62, 6.41, 126.447, 43.387, 100, 0, 0, 41.059, 41.192, 10, 1, 104.603, 0, 0, 113.441, 49.127, 0, 0, 0, 0, 0, 14, 0, 14.5, 0, 2.513, 201, 0, 0, 0, 61, 1, 0.007, 0.006, 126.447, 43.387, 100, 0, 0, 141, 41.059, 41.192, 10, 1, 0, 104.603, 0, 0, 113.441, 49.127, 0, 0, 0, 0, 
19.95, 17.718, 100.33, 73.328, 74.155, , 4.281, 0.986, 1347.083, 1347.083, 2.529, 103.492, 103.492, 103.492, 51.517, 81.534, 35.764, 35.2, 7.377, 13.318, 0, 0, 13.37, 13.557, 13.37, 13.557, 1, 49.128, 49.128, 0.024, 0.133, 27.748, 28.138, 27.748, 28.138, 4.788, 7.377, 13.318, , , 1, 20.011, 0, 0, 14.5, 2.529, 201, 0, 0, 0, 61, 6.575, 6.347, 126.113, 43.215, 100, 0, 0, 41.43, 41.608, 10, 1, 104.464, 0, 0, 113.07, 49.356, 0, 0, 0, 0, 0, 14, 0, 14.5, 0, 2.529, 201, 0, 0, 0, 61, 1, 0.007, 0.006, 126.113, 43.215, 100, 0, 0, 141, 41.43, 41.608, 10, 1, 0, 104.464, 0, 0, 113.07, 49.356, 0, 0, 0, 0, 
20, 17.717, 100.33, 73.333, 74.154, , 4.266, 0.986, 1350.672, 1350.672, 2.546, 103.14, 103.14, 103.14, 51.559, 82.248, 35.692, 35.02, 7.377, 13.33, 0, 0, 13.383, 13.569, 13.383, 13.569, 1, 49.341, 49.341, 0.024, 0.132, 27.629, 28.019, 27.629, 28.019, 4.811, 7.377, 13.33, , , 1, 20.061, 0, 0, 14.5, 2.546, 201, 0, 0, 0, 61, 6.529, 6.284, 125.78, 43.044, 100, 0, 0, 41.8, 42.025, 10, 1, 104.325, 0, 0, 112.7, 49.586, 0, 0, 0, 0, 0, 14, 0, 14.5, 0, 2.546, 201, 0, 0, 0, 61, 1, 0.007, 0.006, 125.78, 43.044, 100, 0, 0, 141, 41.8, 42.025, 10, 1, 0, 104.325, 0, 0, 112.7, 49.586, 0, 0, 0, 0, 
20.05, 17.716, 100.33, 73.338, 74.152, , 4.231, 0.986, 1354.264, 1354.264, 2.56, 102.322, 102.322, 102.322, 51.615, 82.962, 35.62, 34.84, 7.377, 13.345, 0, 0, 13.333, 13.517, 13.333, 13.517, 1, 49.552, 49.552, 0.024, 0.132, 27.382, 27.77, 27.382, 27.77, 4.828, 7.377, 13.345, , , 1, 20.111, 0, 0, 14.5, 2.56, 201, 0, 0, 0, 61, 6.493, 6.235, 125.6, 42.935, 100, 0, 0, 42.105, 42.381, 10, 1, 104.198, 0, 0, 112.343, 49.807, 0, 0, 0, 0, 0, 14, 0, 14.5, 0, 2.56, 201, 0, 0, 0, 61, 1, 0.006, 0.006, 125.6, 42.935, 100, 0, 0, 141, 42.105, 42.381, 10, 1, 0, 104.198, 0, 0, 112.343, 49.807, 0, 0, 0, 0, 
20.1, 17.715, 100.33, 73.343, 74.15, , 4.184, 0.986, 1357.875, 1357.875, 2.573, 101.215, 101.215, 101.215, 51.663, 83.675, 35.548, 34.66, 7.378, 13.362, 0, 0, 13.244, 13.426, 13.244, 13.426, 1, 49.76, 49.76, 0.024, 0.132, 27.06, 27.443, 27.06, 27.443, 4.837, 7.378, 13.362, , , 1, 20.161, 0, 0, 14.5, 2.573, 201, 0, 0, 0, 61, 6.468, 6.202, 125.6, 42.893, 100, 0, 0, 42.332, 42.665, 10, 1, 104.084, 0, 0, 112.002, 50.019, 0, 0, 0, 0, 0, 14, 0, 14.5, 0, 2.573, 201, 0, 0, 0, 61, 1, 0.006, 0.006, 125.6, 42.893, 100, 0, 0, 141, 42.332, 42.665, 10, 1, 0, 104.084, 0, 0, 112.002, 50.019, 0, 0, 0, 0, 
20.15, 17.714, 100.33, 73.348, 74.149, , 4.141, 0.986, 1361.524, 1361.524, 2.585, 100.188, 100.188, 100.188, 51.697, 84.389, 35.476, 34.48, 7.379, 13.38, 0, 0, 13.165, 13.345, 13.165, 13.345, 1, 49.967, 49.967, 0.024, 0.133, 26.766, 27.144, 26.766, 27.144, 4.847, 7.379, 13.38, , , 1, 20.211, 0, 0, 14.5, 2.585, 201, 0, 0, 0, 61, 6.443, 6.169, 125.6, 42.851, 100, 0, 0, 42.559, 42.949, 10, 1, 103.97, 0, 0, 111.661, 50.23, 0, 0, 0, 0, 0, 14, 0, 14.5, 0, 2.585, 201, 0, 0, 0, 61, 1, 0.006, 0.006, 125.6, 42.851, 100, 0, 0, 141, 42.559, 42.949, 10, 1, 0, 103.97, 0, 0, 111.661, 50.23, 0, 0, 0, 0, 
20.2, 17.714, 100.33, 73.353, 74.147, , 4.151, 0.986, 1365.172, 1365.172, 2.597, 100.438, 100.438, 100.438, 51.715, 85.102, 35.405, 34.379, 7.38, 13.398, 0, 0, 13.253, 13.435, 13.253, 13.435, 1, 50.174, 50.174, 0.024, 0.133, 26.825, 27.202, 26.825, 27.202, 4.857, 7.38, 13.398, , , 1, 20.261, 0, 0, 14.5, 2.597, 201, 0, 0, 0, 61, 6.418, 6.136, 125.6, 42.809, 100, 0, 0, 42.786, 43.233, 10, 1, 103.857, 0, 0, 111.32, 50.441, 0, 0, 0, 0, 0, 14, 0, 14.5, 0, 2.597, 201, 0, 0, 0, 61, 1, 0.006, 0.006, 125.6, 42.809, 100, 0, 0, 141, 42.786, 43.233, 10, 1, 0, 103.857, 0, 0, 111.32, 50.441, 0, 0, 0, 0, 
20.25, 17.713, 100.33, 73.358, 74.146, , 4.096, 0.986, 1368.82, 1368.82, 2.609, 99.123, 99.123, 99.123, 51.718, 85.816, 35.334, 34.554, 7.382, 13.414, 0, 0, 13.131, 13.313, 13.131, 13.313, 1, 50.378, 50.378, 0.024, 0.133, 26.473, 26.845, 26.473, 26.845, 4.862, 7.382, 13.414, , , 1, 20.311, 0, 0, 14.5, 2.609, 201, 0, 0, 0, 60.993, 6.393, 6.103, 125.6, 42.76, 100, 0, 0, 43.013, 43.51, 10, 1, 103.737, 0, 0, 110.977, 50.652, 0, 0, 0, 0, 0, 14, 0, 14.5, 0, 2.609, 201, 0, 0, 0, 60.993, 1, 0.006, 0.006, 125.6, 42.76, 100, 0, 0, 141, 43.013, 43.51, 10, 1, 0, 103.737, 0, 0, 110.977, 50.652, 0, 0, 0, 0, 
20.3, 17.712, 100.33, 73.363, 74.144, , 4.045, 0.986, 1372.469, 1372.469, 2.619, 97.927, 97.927, 97.927, 51.704, 86.53, 35.264, 34.73, 7.383, 13.428, 0, 0, 13.023, 13.206, 13.023, 13.206, 1, 50.577, 50.577, 0.024, 0.133, 26.158, 26.524, 26.158, 26.524, 4.857, 7.383, 13.428, , , 1, 20.361, 0, 0, 14.5, 2.619, 201, 0, 0, 0, 60.885, 6.357, 6.069, 125.6, 42.641, 100, 0, 0, 43.23, 43.673, 10, 0.998, 103.519, 0, 0, 110.595, 50.855, 0, 0, 0, 0, 0, 14, 0, 14.5, 0, 2.619, 201, 0, 0, 0, 60.885, 1, 0.006, 0.006, 125.6, 42.641, 100, 0, 0, 141, 43.23, 43.673, 10, 0.998, 0, 103.519, 0, 0, 110.595, 50.855, 0, 0, 0, 0, 
20.35, 17.711, 100.33, 73.368, 74.143, , 4.011, 0.986, 1376.13, 1376.13, 2.63, 97.128, 97.128, 97.128, 51.694, 87.243, 35.194, 34.906, 7.384, 13.441, 0, 0, 12.968, 13.15, 12.968, 13.15, 1, 50.777, 50.777, 0.024, 0.133, 25.95, 26.314, 25.95, 26.314, 4.853, 7.384, 13.441, , , 1, 20.411, 0, 0, 14.5, 2.63, 201, 0, 0, 0, 60.776, 6.321, 6.036, 125.6, 42.521, 100, 0, 0, 43.448, 43.836, 10, 0.996, 103.3, 0, 0, 110.213, 51.059, 0, 0, 0, 0, 0, 14, 0, 14.5, 0, 2.63, 201, 0, 0, 0, 60.776, 1, 0.006, 0.006, 125.6, 42.521, 100, 0, 0, 141, 43.448, 43.836, 10, 0.996, 0, 103.3, 0, 0, 110.213, 51.059, 0, 0, 0, 0, 
20.4, 17.711, 100.33, 73.373, 74.141, , 3.953, 0.986, 1379.836, 1379.836, 2.64, 95.757, 95.757, 95.757, 51.686, 87.957, 35.123, 35.082, 7.384, 13.452, 0, 0, 12.833, 13.015, 12.833, 13.015, 1, 50.975, 50.975, 0.024, 0.133, 25.587, 25.947, 25.587, 25.947, 4.849, 7.384, 13.452, , , 1, 20.46, 0, 0, 14.5, 2.64, 201, 0, 0, 0, 60.667, 6.285, 6.002, 125.6, 42.402, 100, 0, 0, 43.665, 43.999, 10, 0.993, 103.082, 0, 0, 109.831, 51.262, 0, 0, 0, 0, 0, 14, 0, 14.5, 0, 2.64, 201, 0, 0, 0, 60.667, 1, 0.006, 0.006, 125.6, 42.402, 100, 0, 0, 141, 43.665, 43.999, 10, 0.993, 0, 103.082, 0, 0, 109.831, 51.262, 0, 0, 0, 0, 
20.45, 17.71, 100.33, 73.378, 74.14, , 3.886, 0.986, 1383.542, 1383.542, 2.65, 94.173, 94.173, 94.173, 51.682, 88.671, 35.06, 35.288, 7.383, 13.458, 0, 0, 12.669, 12.85, 12.669, 12.85, 1, 51.17, 51.17, 0.024, 0.133, 25.165, 25.521, 25.165, 25.521, 4.845, 7.383, 13.458, , , 1, 20.511, 0, 0, 14.5, 2.65, 201, 0, 0, 0, 60.559, 6.249, 5.968, 125.6, 42.282, 100, 0, 0, 43.883, 44.162, 10, 0.991, 102.864, 0, 0, 109.449, 51.465, 0, 0, 0, 0, 0, 14, 0, 14.5, 0, 2.65, 201, 0, 0, 0, 60.559, 1, 0.006, 0.006, 125.6, 42.282, 100, 0, 0, 141, 43.883, 44.162, 10, 0.991, 0, 102.864, 0, 0, 109.449, 51.465, 0, 0, 0, 0, 
20.5, 17.709, 100.33, 73.383, 74.138, , 3.867, 0.986, 1387.29, 1387.29, 2.66, 93.709, 93.709, 93.709, 51.68, 89.384, 35.06, 35.767, 7.382, 13.458, 0, 0, 12.655, 12.835, 12.655, 12.835, 1, 51.36, 51.36, 0.024, 0.133, 25.042, 25.397, 25.042, 25.397, 4.845, 7.382, 13.458, , , 1, 20.561, 0, 0, 14.5, 2.66, 201, 0, 0, 0, 60.452, 6.216, 5.934, 125.6, 42.165, 100, 0, 0, 44.096, 44.322, 10, 0.989, 102.65, 0, 0, 109.1, 51.694, 0, 0, 0, 0, 0, 14, 0, 14.5, 0, 2.66, 201, 0, 0, 0, 60.452, 1, 0.006, 0.006, 125.6, 42.165, 100, 0, 0, 141, 44.096, 44.322, 10, 0.989, 0, 102.65, 0, 0, 109.1, 51.694, 0, 0, 0, 0, 
20.55, 17.708, 100.33, 73.388, 74.137, , 3.835, 0.986, 1391.056, 1391.056, 2.67, 92.967, 92.967, 92.967, 51.682, 90.098, 35.06, 36.247, 7.38, 13.45, 0, 0, 12.601, 12.78, 12.601, 12.78, 1, 51.554, 51.554, 0.024, 0.133, 24.842, 25.194, 24.842, 25.194, 4.845, 7.38, 13.45, , , 1, 20.61, 0, 0, 14.5, 2.67, 201, 0, 0, 0, 60.348, 6.184, 5.898, 125.6, 42.05, 100, 0, 0, 44.304, 44.478, 10, 0.987, 102.442, 0, 0, 108.788, 51.954, 0, 0, 0, 0, 0, 14, 0, 14.5, 0, 2.67, 201, 0, 0, 0, 60.348, 1, 0.006, 0.006, 125.6, 42.05, 100, 0, 0, 141, 44.304, 44.478, 10, 0.987, 0, 102.442, 0, 0, 108.788, 51.954, 0, 0, 0, 0, 
20.6, 17.708, 100.33, 73.392, 74.135, , 3.78, 0.986, 1394.823, 1394.823, 2.68, 91.665, 91.665, 91.665, 51.691, 90.812, 35.06, 36.726, 7.379, 13.434, 0, 0, 12.469, 12.647, 12.469, 12.647, 1, 51.742, 51.742, 0.024, 0.133, 24.49, 24.837, 24.49, 24.837, 4.846, 7.379, 13.434, , , 1, 20.661, 0, 0, 14.5, 2.68, 201, 0, 0, 0, 60.244, 6.153, 5.863, 125.6, 41.936, 100, 0, 0, 44.512, 44.634, 10, 0.985, 102.233, 0, 0, 108.475, 52.213, 0, 0, 0, 0, 0, 14, 0, 14.5, 0, 2.68, 201, 0, 0, 0, 60.244, 1, 0.006, 0.006, 125.6, 41.936, 100, 0, 0, 141, 44.512, 44.634, 10, 0.985, 0, 102.233, 0, 0, 108.475, 52.213, 0, 0, 0, 0, 
20.65, 17.707, 100.33, 73.397, 74.134, , 3.775, 0.986, 1398.589, 1398.589, 2.691, 91.552, 91.552, 91.552, 51.705, 91.525, 35.06, 37.206, 7.378, 13.412, 0, 0, 12.499, 12.677, 12.499, 12.677, 1, 51.929, 51.929, 0.024, 0.133, 24.453, 24.801, 24.453, 24.801, 4.846, 7.378, 13.412, , , 1, 20.711, 0, 0, 14.5, 2.691, 201, 0, 0, 0, 60.14, 6.122, 5.827, 125.6, 41.821, 100, 0, 0, 44.721, 44.791, 10, 0.983, 102.025, 0, 0, 108.162, 52.472, 0, 0, 0, 0, 0, 14, 0, 14.5, 0, 2.691, 201, 0, 0, 0, 60.14, 1, 0.006, 0.006, 125.6, 41.821, 100, 0, 0, 141, 44.721, 44.791, 10, 0.983, 0, 102.025, 0, 0, 108.162, 52.472, 0, 0, 0, 0, 
20.7, 17.706, 100.33, 73.398, 74.132, , 3.743, 0.986, 1402.355, 1402.355, 2.701, 90.785, 90.785, 90.785, 51.722, 92.239, 35.115, 37.477, 7.378, 13.385, 0, 0, 12.439, 12.614, 12.439, 12.614, 1, 52.114, 52.114, 0.024, 0.133, 24.241, 24.585, 24.241, 24.585, 4.853, 7.378, 13.385, , , 1, 20.761, 0, 0, 14.5, 2.701, 201, 0, 0, 0, 60.035, 6.091, 5.792, 125.6, 41.707, 100, 0, 0, 44.929, 44.947, 10, 0.981, 101.817, 0, 0, 107.85, 52.732, 0, 0, 0, 0, 0, 14, 0, 14.5, 0, 2.701, 201, 0, 0, 0, 60.035, 1, 0.006, 0.006, 125.6, 41.707, 100, 0, 0, 141, 44.929, 44.947, 10, 0.981, 0, 101.817, 0, 0, 107.85, 52.732, 0, 0, 0, 0, 
20.75, 17.705, 100.33, 73.393, 74.131, , 3.694, 0.986, 1406.167, 1406.167, 2.711, 89.632, 89.632, 89.632, 51.742, 92.953, 35.367, 37.009, 7.378, 13.359, 0, 0, 12.325, 12.499, 12.325, 12.499, 1, 52.299, 52.299, 0.024, 0.134, 23.923, 24.262, 23.923, 24.262, 4.862, 7.378, 13.359, , , 1, 20.811, 0, 0, 14.5, 2.711, 201, 0, 0, 0, 60, 6.08, 5.768, 125.6, 41.615, 100, 0, 0, 45.072, 45.108, 10, 0.98, 101.713, 0, 0, 107.676, 52.953, 0, 0, 0, 0, 0, 14, 0, 14.5, 0, 2.711, 201, 0, 0, 0, 60, 1, 0.006, 0.006, 125.6, 41.615, 100, 0, 0, 141, 45.072, 45.108, 10, 0.98, 0, 101.713, 0, 0, 107.676, 52.953, 0, 0, 0, 0, 
20.8, 17.705, 100.33, 73.388, 74.129, , 3.677, 0.986, 1409.994, 1409.994, 2.72, 89.231, 89.231, 89.231, 51.763, 93.666, 35.619, 36.541, 7.379, 13.334, 0, 0, 12.315, 12.488, 12.315, 12.488, 1, 52.482, 52.482, 0.024, 0.134, 23.808, 24.145, 23.808, 24.145, 4.871, 7.379, 13.334, , , 1, 20.861, 0, 0, 14.5, 2.72, 201, 0, 0, 0, 60, 6.08, 5.749, 125.6, 41.535, 100, 0, 0, 45.181, 45.272, 10, 0.98, 101.659, 0, 0, 107.567, 53.156, 0, 0, 0, 0, 0, 14, 0, 14.5, 0, 2.72, 201, 0, 0, 0, 60, 1, 0.006, 0.006, 125.6, 41.535, 100, 0, 0, 141, 45.181, 45.272, 10, 0.98, 0, 101.659, 0, 0, 107.567, 53.156, 0, 0, 0, 0, 
20.85, 17.704, 100.33, 73.383, 74.128, , 3.674, 0.986, 1413.822, 1413.822, 2.73, 89.165, 89.165, 89.165, 51.772, 94.38, 35.871, 36.073, 7.379, 13.316, 0, 0, 12.348, 12.522, 12.348, 12.522, 1, 52.666, 52.666, 0.024, 0.134, 23.787, 24.122, 23.787, 24.122, 4.88, 7.379, 13.316, , , 1, 20.911, 0, 0, 14.5, 2.73, 201, 0, 0, 0, 60, 6.08, 5.731, 125.6, 41.454, 100, 0, 0, 45.29, 45.436, 10, 0.98, 101.604, 0, 0, 107.459, 53.358, 0, 0, 0, 0, 0, 14, 0, 14.5, 0, 2.73, 201, 0, 0, 0, 60, 1, 0.006, 0.006, 125.6, 41.454, 100, 0, 0, 141, 45.29, 45.436, 10, 0.98, 0, 101.604, 0, 0, 107.459, 53.358, 0, 0, 0, 0, 
20.9, 17.703, 100.33, 73.378, 74.126, , 3.624, 0.986, 1417.803, 1417.803, 2.74, 87.979, 87.979, 87.979, 51.775, 95.094, 36.123, 35.605, 7.38, 13.307, 0, 0, 12.227, 12.4, 12.227, 12.4, 1, 52.85, 52.85, 0.024, 0.134, 23.469, 23.798, 23.469, 23.798, 4.887, 7.38, 13.307, , , 1, 20.961, 0, 0, 14.5, 2.74, 201, 0, 0, 0, 60, 6.08, 5.712, 125.6, 41.374, 100, 0, 0, 45.4, 45.599, 10, 0.98, 101.55, 0, 0, 107.35, 53.56, 0, 0, 0, 0, 0, 14, 0, 14.5, 0, 2.74, 201, 0, 0, 0, 60, 1, 0.006, 0.006, 125.6, 41.374, 100, 0, 0, 141, 45.4, 45.599, 10, 0.98, 0, 101.55, 0, 0, 107.35, 53.56, 0, 0, 0, 0, 
20.95, 17.702, 100.33, 73.373, 74.125, , 3.576, 0.986, 1423.545, 1423.545, 2.749, 86.843, 86.843, 86.843, 51.771, 95.807, 36.265, 35.319, 7.38, 13.299, 0, 0, 12.13, 12.3, 12.13, 12.3, 1, 53.071, 53.071, 0.024, 0.134, 23.17, 23.495, 23.17, 23.495, 4.894, 7.38, 13.299, , , 1, 21.011, 0, 0, 14.5, 2.749, 201, 0, 0, 0, 60, 6.08, 5.695, 125.6, 41.294, 100, 0, 0, 45.5, 45.754, 10, 0.98, 101.5, 0, 0, 107.246, 53.754, 0, 0, 0, 0, 0, 14, 0, 14.5, 0, 2.749, 201, 0, 0, 0, 60, 1, 0.006, 0.006, 125.6, 41.294, 100, 0, 0, 141, 45.5, 45.754, 10, 0.98, 0, 101.5, 0, 0, 107.246, 53.754, 0, 0, 0, 0, 
21, 17.702, 100.33, 73.368, 74.123, , 3.538, 0.986, 1427.696, 1427.696, 2.754, 85.952, 85.952, 85.952, 51.763, 87.384, 36.013, 35.679, 7.379, 13.292, 0, 0, 12.047, 12.216, 12.047, 12.216, 1, 53.312, 53.312, 0.024, 0.134, 22.936, 23.257, 22.936, 23.257, 4.901, 7.379, 13.292, , , 1, 21.061, 0, 0, 14.5, 2.754, 201, 0, 0, 0, 60, 6.08, 5.689, 125.6, 41.213, 100, 0, 0, 45.5, 45.808, 10, 0.98, 101.5, 0, 0, 107.191, 53.821, 0, 0, 0, 0, 0, 14, 0, 14.5, 0, 2.754, 201, 0, 0, 0, 60, 1, 0.006, 0.006, 125.6, 41.213, 100, 0, 0, 141, 45.5, 45.808, 10, 0.98, 0, 101.5, 0, 0, 107.191, 53.821, 0, 0, 0, 0, 
21.05, 17.701, 100.33, 73.363, 74.121, , 3.465, 0.986, 1431.588, 1431.588, 2.758, 84.235, 84.235, 84.235, 51.758, 78.377, 35.761, 36.039, 7.379, 13.283, 0, 0, 11.844, 12.009, 11.844, 12.009, 1, 53.488, 53.488, 0.024, 0.134, 22.479, 22.794, 22.479, 22.794, 4.908, 7.379, 13.283, , , 1, 21.111, 0, 0, 14.5, 2.758, 201, 0, 0, 0, 60, 6.08, 5.684, 125.6, 41.133, 100, 0, 0, 45.5, 45.863, 10, 0.98, 101.5, 0, 0, 107.137, 53.889, 0, 0, 0, 0, 0, 14, 0, 14.5, 0, 2.758, 201, 0, 0, 0, 60, 1, 0.006, 0.006, 125.6, 41.133, 100, 0, 0, 141, 45.5, 45.863, 10, 0.98, 0, 101.5, 0, 0, 107.137, 53.889, 0, 0, 0, 0, 
21.1, 17.7, 100.33, 73.358, 74.12, , 3.318, 0.986, 1435.479, 1435.479, 2.762, 80.741, 80.741, 80.741, 51.76, 69.371, 35.509, 36.399, 7.378, 13.273, 0, 0, 11.386, 11.544, 11.386, 11.544, 1, 53.656, 53.656, 0.024, 0.134, 21.546, 21.848, 21.546, 21.848, 4.918, 7.378, 13.273, , , 1, 21.161, 0, 0, 14.5, 2.762, 201, 0, 0, 0, 60, 6.08, 5.678, 125.6, 41.052, 100, 0, 0, 45.5, 45.917, 10, 0.98, 101.5, 0, 0, 107.083, 53.956, 0, 0, 0, 0, 0, 14, 0, 14.5, 0, 2.762, 201, 0, 0, 0, 60, 1, 0.006, 0.006, 125.6, 41.052, 100, 0, 0, 141, 45.5, 45.917, 10, 0.98, 0, 101.5, 0, 0, 107.083, 53.956, 0, 0, 0, 0, 
21.15, 17.7, 100.33, 73.353, 74.12, , 3.096, 0.986, 1439.387, 1439.387, 2.767, 75.485, 75.485, 75.485, 51.774, 60.364, 35.257, 36.759, 7.378, 13.257, 0, 0, 10.675, 10.822, 10.675, 10.822, 1, 53.813, 53.813, 0.024, 0.134, 20.14, 20.422, 20.14, 20.422, 4.936, 7.378, 13.257, , , 1, 21.211, 0, 0, 14.5, 2.767, 201, 0, 0, 0, 60, 6.08, 5.673, 125.6, 40.972, 100, 0, 0, 45.5, 45.971, 10, 0.98, 101.5, 0, 0, 107.028, 54.024, 0, 0, 0, 0, 0, 14, 0, 14.5, 0, 2.767, 201, 0, 0, 0, 60, 1, 0.006, 0.006, 125.6, 40.972, 100, 0, 0, 141, 45.5, 45.971, 10, 0.98, 0, 101.5, 0, 0, 107.028, 54.024, 0, 0, 0, 0, 
21.2, 17.7, 100.33, 73.348, 74.12, , 2.852, 0.986, 1443.339, 1443.339, 2.775, 69.69, 69.69, 69.69, 51.799, 51.357, 35.068, 36.977, 7.377, 13.232, 0, 0, 9.881, 10.019, 9.881, 10.019, 1, 53.961, 53.961, 0.024, 0.134, 18.586, 18.846, 18.586, 18.846, 4.954, 7.377, 13.232, , , 1, 21.26, 0, 0, 14.5, 2.775, 201, 0, 0, 0, 60, 6.076, 5.665, 125.6, 40.896, 100, 0, 0, 45.5, 46, 10, 0.98, 101.546, 0, 0, 107, 54.143, 0, 0, 0, 0, 0, 14, 0, 14.5, 0, 2.775, 201, 0, 0, 0, 60, 1, 0.006, 0.006, 125.6, 40.896, 100, 0, 0, 141, 45.5, 46, 10, 0.98, 0, 101.546, 0, 0, 107, 54.143, 0, 0, 0, 0, 
21.25, 17.7, 100.33, 73.343, 74.12, , 2.62, 0.986, 1447.231, 1447.231, 2.788, 64.19, 64.19, 64.19, 51.83, 42.351, 35.104, 36.689, 7.377, 13.205, 0, 0, 9.125, 9.252, 9.125, 9.252, 1, 54.098, 54.098, 0.024, 0.134, 17.109, 17.35, 17.109, 17.35, 4.973, 7.377, 13.205, , , 1, 21.311, 0, 0, 14.5, 2.788, 201, 0, 0, 0, 60, 6.067, 5.654, 125.6, 40.825, 100, 0, 0, 45.5, 46, 10, 0.98, 101.642, 0, 0, 107, 54.322, 0, 0, 0, 0, 0, 14, 0, 14.5, 0, 2.788, 201, 0, 0, 0, 60, 1, 0.006, 0.006, 125.6, 40.825, 100, 0, 0, 141, 45.5, 46, 10, 0.98, 0, 101.642, 0, 0, 107, 54.322, 0, 0, 0, 0, 
21.3, 17.7, 100.33, 73.338, 74.12, , 2.351, 0.986, 1451.181, 1451.181, 2.8, 57.823, 57.823, 57.823, 51.867, 42.034, 35.14, 36.401, 7.377, 13.173, 0, 0, 8.239, 8.355, 8.239, 8.355, 1, 54.222, 54.222, 0.024, 0.134, 15.4, 15.617, 15.4, 15.617, 4.991, 7.377, 13.173, , , 1, 21.361, 0, 0, 14.5, 2.8, 201, 0, 0, 0, 60, 6.059, 5.644, 125.6, 40.754, 100, 0, 0, 45.5, 46, 10, 0.98, 101.738, 0, 0, 107, 54.502, 0, 0, 0, 0, 0, 14, 0, 14.5, 0, 2.8, 201, 0, 0, 0, 60, 1, 0.006, 0.006, 125.6, 40.754, 100, 0, 0, 141, 45.5, 46, 10, 0.98, 0, 101.738, 0, 0, 107, 54.502, 0, 0, 0, 0, 
21.35, 17.7, 100.33, 73.333, 74.12, , 2.098, 0.986, 1455.139, 1455.139, 2.812, 51.818, 51.818, 51.818, 51.91, 55.442, 35.176, 36.113, 7.377, 13.138, 0, 0, 7.4, 7.505, 7.4, 7.505, 1, 54.332, 54.332, 0.024, 0.134, 13.788, 13.983, 13.788, 13.983, 5.017, 7.377, 13.138, , , 1, 21.41, 0, 0, 14.5, 2.812, 201, 0, 0, 0, 60, 6.05, 5.633, 125.6, 40.682, 100, 0, 0, 45.5, 46, 10, 0.98, 101.835, 0, 0, 107, 54.681, 0, 0, 0, 0, 0, 14, 0, 14.5, 0, 2.812, 201, 0, 0, 0, 60, 1, 0.006, 0.006, 125.6, 40.682, 100, 0, 0, 141, 45.5, 46, 10, 0.98, 0, 101.835, 0, 0, 107, 54.681, 0, 0, 0, 0, 
21.4, 17.7, 100.33, 73.328, 74.12, , 1.919, 0.986, 1459.097, 1459.097, 2.825, 47.577, 47.577, 47.577, 51.959, 60.142, 35.212, 35.825, 7.377, 13.098, 0, 0, 6.807, 6.905, 6.807, 6.905, 1, 54.43, 54.43, 0.024, 0.134, 12.647, 12.827, 12.647, 12.827, 5.044, 7.377, 13.098, , , 1, 21.46, 0, 0, 14.5, 2.825, 201, 0, 0, 0, 60, 6.041, 5.623, 125.6, 40.611, 100, 0, 0, 45.5, 46, 10, 0.98, 101.931, 0, 0, 107, 54.861, 0, 0, 0, 0, 0, 14, 0, 14.5, 0, 2.825, 201, 0, 0, 0, 60, 1, 0.006, 0.006, 125.6, 40.611, 100, 0, 0, 141, 45.5, 46, 10, 0.98, 0, 101.931, 0, 0, 107, 54.861, 0, 0, 0, 0, 
21.45, 17.7, 100.33, 73.323, 74.12, , 1.797, 0.986, 1463.078, 1463.078, 2.835, 44.68, 44.68, 44.68, 52.002, 60.858, 35.24, 35.648, 7.377, 13.058, 0, 0, 6.403, 6.495, 6.403, 6.495, 1, 54.522, 54.522, 0.024, 0.134, 11.867, 12.035, 11.867, 12.035, 5.07, 7.377, 13.058, , , 1, 21.511, 0, 0, 14.5, 2.835, 201, 0, 0, 0, 60, 6.034, 5.612, 125.6, 40.538, 100, 0, 0, 45.5, 46, 10, 0.98, 102, 0, 0, 107, 55.008, 0, 0, 0, 0, 0, 14, 0, 14.5, 0, 2.835, 201, 0, 0, 0, 60, 1, 0.006, 0.006, 125.6, 40.538, 100, 0, 0, 141, 45.5, 46, 10, 0.98, 0, 102, 0, 0, 107, 55.008, 0, 0, 0, 0, 
21.5, 17.7, 100.33, 73.318, 74.12, , 1.664, 0.986, 1467.092, 1467.092, 2.839, 41.527, 41.527, 41.527, 52.036, 61.575, 35.24, 35.864, 7.377, 13.019, 0, 0, 5.962, 6.046, 5.962, 6.046, 1, 54.608, 54.608, 0.024, 0.134, 11.023, 11.179, 11.023, 11.179, 5.096, 7.377, 13.019, , , 1, 21.561, 0, 0, 14.5, 2.839, 201, 0, 0, 0, 60, 6.028, 5.6, 125.6, 40.461, 100, 0, 0, 45.5, 46, 10, 0.98, 102, 0, 0, 107, 55.073, 0, 0, 0, 0, 0, 14, 0, 14.5, 0, 2.839, 201, 0, 0, 0, 60, 1, 0.006, 0.006, 125.6, 40.461, 100, 0, 0, 141, 45.5, 46, 10, 0.98, 0, 102, 0, 0, 107, 55.073, 0, 0, 0, 0, 
21.55, 17.7, 100.33, 73.313, 74.12, , 1.518, 0.986, 1471.05, 1471.05, 2.842, 38.054, 38.054, 38.054, 52.064, 62.292, 35.24, 36.08, 7.377, 12.982, 0, 0, 5.47, 5.548, 5.47, 5.548, 1, 54.687, 54.687, 0.024, 0.134, 10.096, 10.238, 10.096, 10.238, 5.101, 7.377, 12.982, , , 1, 21.61, 0, 0, 14.5, 2.842, 201, 0, 0, 0, 60, 6.023, 5.589, 125.6, 40.384, 100, 0, 0, 45.5, 46, 10, 0.98, 102, 0, 0, 107, 55.137, 0, 0, 0, 0, 0, 14, 0, 14.5, 0, 2.842, 201, 0, 0, 0, 60, 1, 0.006, 0.006, 125.6, 40.384, 100, 0, 0, 141, 45.5, 46, 10, 0.98, 0, 102, 0, 0, 107, 55.137, 0, 0, 0, 0, 
21.6, 17.7, 100.33, 73.308, 74.12, , 1.337, 0.986, 1475.076, 1475.076, 2.846, 33.759, 33.759, 33.759, 52.089, 63.008, 35.24, 36.296, 7.377, 12.95, 0, 0, 4.858, 4.927, 4.858, 4.927, 1, 54.758, 54.758, 0.024, 0.134, 8.953, 9.079, 8.953, 9.079, 5.101, 7.377, 12.95, , , 1, 21.661, 0, 0, 14.5, 2.846, 201, 0, 0, 0, 60, 6.018, 5.577, 125.6, 40.307, 100, 0, 0, 45.5, 46, 10, 0.98, 102, 0, 0, 107, 55.202, 0, 0, 0, 0, 0, 14, 0, 14.5, 0, 2.846, 201, 0, 0, 0, 60, 1, 0.006, 0.006, 125.6, 40.307, 100, 0, 0, 141, 45.5, 46, 10, 0.98, 0, 102, 0, 0, 107, 55.202, 0, 0, 0, 0, 
21.65, 17.7, 100.33, 73.303, 74.12, , 1.116, 0.986, 1479.101, 1479.101, 2.849, 28.529, 28.529, 28.529, 52.112, 63.725, 35.24, 36.512, 7.377, 12.92, 0, 0, 4.11, 4.168, 4.11, 4.168, 1, 54.819, 54.819, 0.024, 0.134, 7.564, 7.67, 7.564, 7.67, 5.101, 7.377, 12.92, , , 1, 21.711, 0, 0, 14.5, 2.849, 201, 0, 0, 0, 60, 6.013, 5.566, 125.6, 40.23, 100, 0, 0, 45.5, 46, 10, 0.98, 102, 0, 0, 107, 55.266, 0, 0, 0, 0, 0, 14, 0, 14.5, 0, 2.849, 201, 0, 0, 0, 60, 1, 0.006, 0.006, 125.6, 40.23, 100, 0, 0, 141, 45.5, 46, 10, 0.98, 0, 102, 0, 0, 107, 55.266, 0, 0, 0, 0, 
21.7, 17.7, 100.33, 73.298, 74.12, , 0.8, 0.986, 1483.081, 1483.081, 2.853, 21.032, 21.032, 21.032, 52.134, 64.441, 35.2, 36.696, 7.377, 12.897, 0, 0, 3.032, 3.073, 3.032, 3.073, 1, 54.868, 54.868, 0.024, 0.134, 5.576, 5.655, 5.576, 5.655, 5.101, 7.377, 12.897, , , 1, 21.76, 0, 0, 14.5, 2.853, 201.092, 0, 0, 0, 60, 6.012, 5.565, 125.6, 40.173, 100, 0, 0, 45.5, 46, 10, 0.98, 102, 0, 0, 107, 55.3, 0, 0, 0, 0, 0, 14, 0, 14.5, 0, 2.853, 201.092, 0, 0, 0, 60, 1, 0.006, 0.006, 125.6, 40.173, 100, 0, 0, 141, 45.5, 46, 10, 0.98, 0, 102, 0, 0, 107, 55.3, 0, 0, 0, 0, 
21.75, 17.7, 100.33, 73.294, 74.12, , 0.377, 0.986, 1487.072, 1487.072, 2.857, 11.003, 11.003, 11.003, 52.16, 65.158, 35.02, 36.768, 7.377, 12.876, 0, 0, 1.588, 1.607, 1.588, 1.607, 1, 54.9, 54.9, 0.024, 0.134, 2.921, 2.963, 2.921, 2.963, 5.113, 7.377, 12.876, , , 1, 21.811, 0, 0, 14.5, 2.857, 201.285, 0, 0, 0, 60, 6.016, 5.574, 125.6, 40.137, 100, 0, 0, 45.5, 46, 10, 0.98, 102, 0, 0, 107, 55.3, 0, 0, 0, 0, 0, 14, 0, 14.5, 0, 2.857, 201.285, 0, 0, 0, 60, 1, 0.006, 0.006, 125.6, 40.137, 100, 0, 0, 141, 45.5, 46, 10, 0.98, 0, 102, 0, 0, 107, 55.3, 0, 0, 0, 0, 
21.8, 17.7, 100.33, 73.289, 74.12, , -0.114, 0.986, 1491.098, 1491.098, 2.861, -0.645, -0.645, -0.645, 52.205, 65.875, 34.84, 36.84, 7.377, 12.863, 0, 0, -0.091, -0.096, -0.091, -0.096, 1, 54.905, 54.905, 0.024, 0.133, -0.159, -0.159, -0.159, -0.159, 5.134, 7.377, 12.863, , , 1, 21.861, 0, 0, 14.5, 2.861, 201.477, 0, 0, 0, 60, 6.02, 5.584, 125.6, 40.102, 100, 0, 0, 45.5, 46, 10, 0.98, 102, 0, 0, 107, 55.3, 0, 0, 0, 0, 0, 14, 0, 14.5, 0, 2.861, 201.477, 0, 0, 0, 60, 1, 0.006, 0.006, 125.6, 40.102, 100, 0, 0, 141, 45.5, 46, 10, 0.98, 0, 102, 0, 0, 107, 55.3, 0, 0, 0, 0, 
21.85, 17.7, 100.33, 73.284, 74.12, , -0.604, 0.986, 1495.124, 1495.124, 2.865, -12.285, -12.285, -12.285, 52.267, 66.591, 34.66, 36.912, 7.377, 12.852, 0, 0, -1.769, -1.797, -1.769, -1.797, 1, 54.886, 54.886, 0.024, 0.133, -3.232, -3.276, -3.232, -3.276, 5.155, 7.377, 12.852, , , 1, 21.911, 0, 0, 14.5, 2.865, 201.669, 0, 0, 0, 60, 6.023, 5.593, 125.6, 40.066, 100, 0, 0, 45.5, 46, 10, 0.98, 102, 0, 0, 107, 55.3, 0, 0, 0, 0, 0, 14, 0, 14.5, 0, 2.865, 201.669, 0, 0, 0, 60, 1, 0.006, 0.006, 125.6, 40.066, 100, 0, 0, 141, 45.5, 46, 10, 0.98, 0, 102, 0, 0, 107, 55.3, 0, 0, 0, 0, 
21.9, 17.7, 100.33, 73.279, 74.12, , -1.067, 0.986, 1499.149, 1499.149, 2.87, -23.263, -23.263, -23.263, 52.346, 67.308, 34.48, 36.984, 7.377, 12.846, 0, 0, -3.349, -3.4, -3.349, -3.4, 1, 54.845, 54.845, 0.024, 0.133, -6.123, -6.21, -6.123, -6.21, 5.176, 7.377, 12.846, , , 1, 21.961, 0, 0, 14.5, 2.87, 201.862, 0, 0, 0, 60, 6.027, 5.603, 125.6, 40.031, 100, 0, 0, 45.5, 46, 10, 0.98, 102, 0, 0, 107, 55.3, 0, 0, 0, 0, 0, 14, 0, 14.5, 0, 2.87, 201.862, 0, 0, 0, 60, 1, 0.006, 0.006, 125.6, 40.031, 100, 0, 0, 141, 45.5, 46, 10, 0.98, 0, 102, 0, 0, 107, 55.3, 0, 0, 0, 0, 
21.95, 17.7, 100.33, 73.274, 74.12, , -1.525, 0.986, 1503.175, 1503.175, 2.872, -34.118, -34.118, -34.118, 52.43, 68.025, 34.332, 37.048, 7.377, 12.842, 0, 0, -4.91, -4.981, -4.91, -4.981, 1, 54.781, 54.781, 0.024, 0.133, -8.973, -9.101, -8.973, -9.101, 5.192, 7.377, 12.842, , , 1, 22.011, 0, 0, 14.5, 2.872, 202, 0, 0, 0, 60, 6.032, 5.612, 125.6, 40.005, 100, 0, 0, 45.5, 46, 10, 0.98, 102, 0, 0, 107, 55.282, 0, 0, 0, 0, 0, 14, 0, 14.5, 0, 2.872, 202, 0, 0, 0, 60, 1, 0.006, 0.006, 125.6, 40.005, 100, 0, 0, 141, 45.5, 46, 10, 0.98, 0, 102, 0, 0, 107, 55.282, 0, 0, 0, 0, 
22, 17.7, 100.33, 73.271, 74.12, , -1.898, 0.986, 1507.201, 1507.201, 2.87, -42.988, -42.988, -42.988, 52.511, 68.741, 34.296, 37.084, 7.377, 12.843, 0, 0, -6.178, -6.265, -6.178, -6.265, 1, 54.696, 54.696, 0.024, 0.133, -11.295, -11.456, -11.295, -11.456, 5.203, 7.377, 12.843, , , 1, 22.061, 0, 0, 14.5, 2.87, 202, 0, 0, 0, 60, 6.038, 5.618, 125.6, 40.005, 100, 0, 0, 45.5, 46, 10, 0.98, 102, 0, 0, 107, 55.217, 0, 0, 0, 0, 0, 14, 0, 14.5, 0, 2.87, 202, 0, 0, 0, 60, 1, 0.006, 0.006, 125.6, 40.005, 100, 0, 0, 141, 45.5, 46, 10, 0.98, 0, 102, 0, 0, 107, 55.217, 0, 0, 0, 0, 
22.05, 17.7, 100.33, 73.276, 74.12, , -2.205, 0.986, 1511.228, 1511.228, 2.867, -50.271, -50.271, -50.271, 52.586, 69.458, 34.26, 37.12, 7.377, 12.844, 0, 0, -7.211, -7.312, -7.211, -7.312, 1, 54.594, 54.594, 0.024, 0.133, -13.195, -13.383, -13.195, -13.383, 5.214, 7.377, 12.844, , , 1, 22.11, 0, 0, 14.5, 2.867, 202, 0, 0, 0, 60, 6.044, 5.624, 125.6, 40.005, 100, 0, 0, 45.5, 46, 10, 0.98, 102, 0, 0, 107, 55.153, 0, 0, 0, 0, 0, 14, 0, 14.5, 0, 2.867, 202, 0, 0, 0, 60, 1, 0.006, 0.006, 125.6, 40.005, 100, 0, 0, 141, 45.5, 46, 10, 0.98, 0, 102, 0, 0, 107, 55.153, 0, 0, 0, 0, 
22.1, 17.7, 100.33, 73.281, 74.12, , -2.509, 0.986, 1515.253, 1515.253, 2.865, -57.483, -57.483, -57.483, 52.651, 70.174, 34.224, 37.156, 7.378, 12.849, 0, 0, -8.227, -8.342, -8.227, -8.342, 1, 54.477, 54.477, 0.024, 0.133, -15.071, -15.287, -15.071, -15.287, 5.226, 7.378, 12.849, , , 1, 22.16, 0, 0, 14.5, 2.865, 202, 0, 0, 0, 60, 6.05, 5.631, 125.6, 40.005, 100, 0, 0, 45.5, 46, 10, 0.98, 102, 0, 0, 107, 55.088, 0, 0, 0, 0, 0, 14, 0, 14.5, 0, 2.865, 202, 0, 0, 0, 60, 1, 0.006, 0.006, 125.6, 40.005, 100, 0, 0, 141, 45.5, 46, 10, 0.98, 0, 102, 0, 0, 107, 55.088, 0, 0, 0, 0, 
22.15, 17.7, 100.33, 73.286, 74.12, , -2.859, 0.986, 1519.278, 1519.278, 2.863, -65.784, -65.784, -65.784, 52.707, 70.891, 34.188, 37.192, 7.378, 12.853, 0, 0, -9.391, -9.521, -9.391, -9.521, 1, 54.341, 54.341, 0.024, 0.133, -17.23, -17.477, -17.23, -17.477, 5.23, 7.378, 12.853, , , 1, 22.211, 0, 0, 14.5, 2.863, 202, 0, 0, 0, 60, 6.057, 5.637, 125.6, 40.005, 100, 0, 0, 45.5, 46, 10, 0.98, 102, 0, 0, 107, 55.024, 0, 0, 0, 0, 0, 14, 0, 14.5, 0, 2.863, 202, 0, 0, 0, 60, 1, 0.006, 0.006, 125.6, 40.005, 100, 0, 0, 141, 45.5, 46, 10, 0.98, 0, 102, 0, 0, 107, 55.024, 0, 0, 0, 0, 
22.2, 17.7, 100.33, 73.291, 74.12, , -3.255, 0.986, 1523.29, 1523.29, 2.86, -75.177, -75.177, -75.177, 52.752, 71.608, 34.215, 37.149, 7.379, 12.852, 0, 0, -10.7, -10.848, -10.7, -10.848, 1, 54.187, 54.187, 0.024, 0.133, -19.672, -19.953, -19.672, -19.953, 5.215, 7.379, 12.852, , , 1, 22.261, 0, 0, 14.5, 2.86, 201.9, 0, 0, 0, 60, 6.066, 5.637, 125.6, 40.024, 100, 0, 0, 45.5, 46, 10, 0.98, 102, 0, 0, 107, 54.959, 0, 0, 0, 0, 0, 14, 0, 14.5, 0, 2.86, 201.9, 0, 0, 0, 60, 1, 0.006, 0.006, 125.6, 40.024, 100, 0, 0, 141, 45.5, 46, 10, 0.98, 0, 102, 0, 0, 107, 54.959, 0, 0, 0, 0, 
22.25, 17.7, 100.33, 73.296, 74.12, , -3.645, 0.986, 1527.25, 1527.25, 2.857, -84.443, -84.443, -84.443, 52.796, 72.324, 34.467, 36.825, 7.379, 12.851, 0, 0, -11.98, -12.147, -11.98, -12.147, 1, 54.012, 54.012, 0.024, 0.133, -22.079, -22.395, -22.079, -22.395, 5.2, 7.379, 12.851, , , 1, 22.311, 0, 0, 14.5, 2.857, 201.692, 0, 0, 0, 60, 6.078, 5.631, 125.6, 40.062, 100, 0, 0, 45.5, 46, 10, 0.98, 102, 0, 0, 107, 54.894, 0, 0, 0, 0, 0, 14, 0, 14.5, 0, 2.857, 201.692, 0, 0, 0, 60, 1, 0.006, 0.006, 125.6, 40.062, 100, 0, 0, 141, 45.5, 46, 10, 0.98, 0, 102, 0, 0, 107, 54.894, 0, 0, 0, 0, 
22.3, 17.7, 100.33, 73.301, 74.12, , -4.034, 0.986, 1531.276, 1531.276, 2.854, -93.66, -93.66, -93.66, 52.846, 73.041, 34.719, 36.501, 7.38, 12.849, 0, 0, -13.241, -13.427, -13.241, -13.427, 1, 53.818, 53.818, 0.024, 0.134, -24.466, -24.817, -24.466, -24.817, 5.186, 7.38, 12.849, , , 1, 22.361, 0, 0, 14.5, 2.854, 201.483, 0, 0, 0, 60, 6.091, 5.625, 125.6, 40.101, 100, 0, 0, 45.5, 46, 10, 0.98, 102, 0, 0, 107, 54.83, 0, 0, 0, 0, 0, 14, 0, 14.5, 0, 2.854, 201.483, 0, 0, 0, 60, 1, 0.006, 0.006, 125.6, 40.101, 100, 0, 0, 141, 45.5, 46, 10, 0.98, 0, 102, 0, 0, 107, 54.83, 0, 0, 0, 0, 
22.35, 17.7, 100.33, 73.306, 74.12, , -4.429, 0.986, 1535.241, 1535.241, 2.851, -103.049, -103.049, -103.049, 52.904, 73.758, 34.971, 36.177, 7.38, 12.846, 0, 0, -14.509, -14.714, -14.509, -14.714, 1, 53.605, 53.605, 0.024, 0.134, -26.889, -27.273, -26.889, -27.273, 5.171, 7.38, 12.846, , , 1, 22.411, 0, 0, 14.5, 2.851, 201.275, 0, 0, 0, 60, 6.103, 5.618, 125.6, 40.139, 100, 0, 0, 45.5, 46, 10, 0.98, 102, 0, 0, 107, 54.765, 0, 0, 0, 0, 0, 14, 0, 14.5, 0, 2.851, 201.275, 0, 0, 0, 60, 1, 0.006, 0.006, 125.6, 40.139, 100, 0, 0, 141, 45.5, 46, 10, 0.98, 0, 102, 0, 0, 107, 54.765, 0, 0, 0, 0, 
22.4, 17.7, 100.33, 73.311, 74.12, , -4.79, 0.986, 1539.199, 1539.199, 2.848, -111.627, -111.627, -111.627, 52.968, 74.474, 35.223, 35.853, 7.38, 12.843, 0, 0, -15.649, -15.87, -15.649, -15.87, 1, 53.373, 53.373, 0.024, 0.134, -29.093, -29.507, -29.093, -29.507, 5.167, 7.38, 12.843, , , 1, 22.461, 0, 0, 14.5, 2.848, 201.067, 0, 0, 0, 60, 6.116, 5.612, 125.6, 40.178, 100, 0, 0, 45.5, 46, 10, 0.98, 102, 0, 0, 107, 54.701, 0, 0, 0, 0, 0, 14, 0, 14.5, 0, 2.848, 201.067, 0, 0, 0, 60, 1, 0.006, 0.006, 125.6, 40.178, 100, 0, 0, 141, 45.5, 46, 10, 0.98, 0, 102, 0, 0, 107, 54.701, 0, 0, 0, 0, 
22.45, 17.699, 100.33, 73.316, 74.12, , -5.032, 0.986, 1543.123, 1543.123, 2.836, -117.355, -117.355, -117.355, 53.033, 75.191, 35.436, 35.624, 7.379, 12.841, 0, 0, -16.402, -16.634, -16.402, -16.634, 1, 53.12, 53.12, 0.024, 0.134, -30.561, -30.995, -30.561, -30.995, 5.162, 7.379, 12.841, , , 1, 22.511, 0, 0, 14.5, 2.836, 201.269, 0, 0, 0, 60, 6.109, 5.625, 125.721, 40.29, 100, 0, 0, 45.433, 45.933, 10, 0.98, 101.933, 0, 0, 107.034, 54.388, 0, 0, 0, 0, 0, 14, 0, 14.5, 0, 2.836, 201.27, 0, 0, 0, 60, 1, 0.006, 0.006, 125.721, 40.29, 100, 0, 0, 141, 45.433, 45.933, 10, 0.98, 0, 101.933, 0, 0, 107.034, 54.388, 0, 0, 0, 0, 
22.5, 17.698, 100.33, 73.321, 74.12, , -5.217, 0.986, 1546.402, 1546.402, 2.819, -121.746, -121.746, -121.746, 53.066, 75.907, 35.508, 35.732, 7.379, 12.85, 0, 0, -16.963, -17.205, -16.963, -17.205, 1, 52.987, 52.987, 0.024, 0.134, -31.682, -32.132, -31.682, -32.132, 5.158, 7.379, 12.85, , , 1, 22.561, 0, 0, 14.5, 2.819, 201.664, 0, 0, 0, 60, 6.092, 5.648, 125.899, 40.437, 100, 0, 0, 45.334, 45.834, 10, 0.98, 101.834, 0, 0, 107.083, 53.958, 0, 0, 0, 0, 0, 14, 0, 14.5, 0, 2.819, 201.667, 0, 0, 0, 60, 1, 0.006, 0.006, 125.899, 40.437, 100, 0, 0, 141, 45.334, 45.834, 10, 0.98, 0, 101.834, 0, 0, 107.083, 53.958, 0, 0, 0, 0, 
22.55, 17.697, 100.33, 73.326, 74.12, , -5.479, 0.986, 1548.649, 1548.649, 2.802, -127.973, -127.973, -127.973, 53.116, 76.624, 35.58, 35.84, 7.379, 12.859, 0, 0, -17.74, -17.994, -17.74, -17.994, 1, 52.751, 52.751, 0.024, 0.134, -33.266, -33.738, -33.266, -33.738, 5.154, 7.379, 12.859, , , 1, 22.611, 0, 0, 14.5, 2.802, 202.059, 0, 0, 0, 60, 6.075, 5.671, 126.077, 40.583, 100, 0, 0, 45.235, 45.735, 10, 0.98, 101.735, 0, 0, 107.132, 53.528, 0, 0, 0, 0, 0, 14, 0, 14.5, 0, 2.802, 202.063, 0, 0, 0, 60, 1, 0.006, 0.006, 126.077, 40.583, 100, 0, 0, 141, 45.235, 45.735, 10, 0.98, 0, 101.735, 0, 0, 107.132, 53.528, 0, 0, 0, 0, 
22.6, 17.696, 100.33, 73.331, 74.12, , -5.687, 0.986, 1552.54, 1552.54, 2.785, -132.925, -132.925, -132.925, 53.164, 77.341, 35.652, 35.948, 7.379, 12.877, 0, 0, -18.33, -18.592, -18.33, -18.592, 1, 52.469, 52.469, 0.024, 0.134, -34.524, -35.013, -34.524, -35.013, 5.15, 7.379, 12.877, , , 1, 22.66, 0, 0, 14.5, 2.785, 202.455, 0, 0, 0, 60, 6.058, 5.694, 126.255, 40.73, 100, 0, 0, 45.136, 45.636, 10, 0.98, 101.636, 0, 0, 107.182, 53.098, 0, 0, 0, 0, 0, 14, 0, 14.5, 0, 2.785, 202.46, 0, 0, 0, 60, 1, 0.006, 0.006, 126.255, 40.73, 100, 0, 0, 141, 45.136, 45.636, 10, 0.98, 0, 101.636, 0, 0, 107.182, 53.098, 0, 0, 0, 0, 
22.65, 17.695, 100.33, 73.336, 74.12, , -5.837, 0.986, 1556.372, 1556.372, 2.769, -136.486, -136.486, -136.486, 53.197, 78.057, 35.724, 36.056, 7.379, 12.896, 0, 0, -18.718, -18.986, -18.718, -18.986, 1, 52.179, 52.179, 0.024, 0.134, -35.428, -35.93, -35.428, -35.93, 5.147, 7.379, 12.896, , , 1, 22.711, 0, 0, 14.5, 2.769, 202.85, 0, 0, 0, 60, 6.041, 5.716, 126.432, 40.877, 100, 0, 0, 45.038, 45.538, 10, 0.98, 101.538, 0, 0, 107.231, 52.668, 0, 0, 0, 0, 0, 14, 0, 14.5, 0, 2.769, 202.857, 0, 0, 0, 60, 1, 0.006, 0.006, 126.432, 40.877, 100, 0, 0, 141, 45.038, 45.538, 10, 0.98, 0, 101.538, 0, 0, 107.231, 52.668, 0, 0, 0, 0, 
22.7, 17.693, 100.33, 73.341, 74.12, , -5.971, 0.986, 1560.245, 1560.245, 2.758, -139.66, -139.66, -139.66, 53.22, 78.774, 35.717, 36.1, 7.38, 12.927, 0, 0, -19.045, -19.318, -19.045, -19.318, 1, 51.879, 51.879, 0.024, 0.134, -36.239, -36.752, -36.239, -36.752, 5.144, 7.38, 12.927, , , 1, 22.761, 0, 0, 14.5, 2.758, 203, 0, 0, 0, 60, 6.036, 5.726, 126.617, 40.93, 100, 0, 0, 44.935, 45.435, 10, 0.98, 101.5, 0, 0, 107.282, 52.384, 0, 0, 0, 0, 0, 14, 0, 14.5, 0, 2.758, 203, 0, 0, 0, 60, 1, 0.006, 0.006, 126.617, 40.93, 100, 0, 0, 141, 44.935, 45.435, 10, 0.98, 0, 101.5, 0, 0, 107.283, 52.384, 0, 0, 0, 0, 
22.75, 17.692, 100.33, 73.346, 74.12, , -6.051, 0.986, 1564.071, 1564.071, 2.75, -141.573, -141.573, -141.573, 53.24, 79.491, 35.429, 35.92, 7.38, 12.957, 0, 0, -19.196, -19.471, -19.196, -19.471, 1, 51.575, 51.575, 0.024, 0.134, -36.722, -37.242, -36.722, -37.242, 5.141, 7.38, 12.957, , , 1, 22.811, 0, 0, 14.5, 2.75, 203, 0, 0, 0, 60, 6.037, 5.727, 126.805, 40.93, 100, 0, 0, 44.831, 45.331, 10, 0.98, 101.5, 0, 0, 107.335, 52.188, 0, 0, 0, 0, 0, 14, 0, 14.5, 0, 2.75, 203, 0, 0, 0, 60, 1, 0.006, 0.006, 126.805, 40.93, 100, 0, 0, 141, 44.831, 45.331, 10, 0.98, 0, 101.5, 0, 0, 107.335, 52.188, 0, 0, 0, 0, 
22.8, 17.691, 100.33, 73.351, 74.12, , -6.078, 0.986, 1567.855, 1567.855, 2.742, -142.21, -142.21, -142.21, 53.268, 80.207, 35.141, 35.74, 7.38, 12.997, 0, 0, -19.17, -19.444, -19.17, -19.444, 1, 51.268, 51.268, 0.024, 0.134, -36.871, -37.391, -36.871, -37.391, 5.148, 7.38, 12.997, , , 1, 22.861, 0, 0, 14.5, 2.742, 203, 0, 0, 0, 60, 6.038, 5.728, 126.993, 40.93, 100, 0, 0, 44.726, 45.226, 10, 0.98, 101.5, 0, 0, 107.387, 51.993, 0, 0, 0, 0, 0, 14, 0, 14.5, 0, 2.742, 203, 0, 0, 0, 60, 1, 0.006, 0.006, 126.993, 40.93, 100, 0, 0, 141, 44.726, 45.226, 10, 0.98, 0, 101.5, 0, 0, 107.388, 51.993, 0, 0, 0, 0, 
22.85, 17.69, 100.33, 73.356, 74.12, , -6.089, 0.986, 1571.679, 1571.679, 2.735, -142.482, -142.482, -142.482, 53.302, 80.924, 34.853, 35.56, 7.38, 13.037, 0, 0, -19.094, -19.366, -19.094, -19.366, 1, 50.962, 50.962, 0.024, 0.134, -36.92, -37.44, -36.92, -37.44, 5.163, 7.38, 13.037, , , 1, 22.911, 0, 0, 14.5, 2.735, 203, 0, 0, 0, 60, 6.039, 5.729, 127.182, 40.93, 100, 0, 0, 44.621, 45.121, 10, 0.98, 101.5, 0, 0, 107.439, 51.797, 0, 0, 0, 0, 0, 14, 0, 14.5, 0, 2.735, 203, 0, 0, 0, 60, 1, 0.006, 0.006, 127.182, 40.93, 100, 0, 0, 141, 44.621, 45.121, 10, 0.98, 0, 101.5, 0, 0, 107.44, 51.797, 0, 0, 0, 0, 
22.9, 17.689, 100.33, 73.36, 74.12, , -6.08, 0.986, 1575.447, 1575.447, 2.727, -142.271, -142.271, -142.271, 53.342, 81.64, 34.565, 35.38, 7.38, 13.086, 0, 0, -18.951, -19.221, -18.951, -19.221, 1, 50.654, 50.654, 0.024, 0.134, -36.837, -37.357, -36.837, -37.357, 5.179, 7.38, 13.086, , , 1, 22.961, 0, 0, 14.5, 2.727, 203, 0, 0, 0, 60, 6.04, 5.73, 127.37, 40.93, 100, 0, 0, 44.517, 45.017, 10, 0.98, 101.5, 0, 0, 107.492, 51.601, 0, 0, 0, 0, 0, 14, 0, 14.5, 0, 2.727, 203, 0, 0, 0, 60, 1, 0.006, 0.006, 127.37, 40.93, 100, 0, 0, 141, 44.517, 45.017, 10, 0.98, 0, 101.5, 0, 0, 107.493, 51.601, 0, 0, 0, 0, 
22.95, 17.688, 100.33, 73.365, 74.12, , -6.029, 0.986, 1579.164, 1579.164, 2.707, -141.077, -141.077, -141.077, 53.384, 82.357, 34.38, 35.288, 7.38, 13.136, 0, 0, -18.679, -18.944, -18.679, -18.944, 1, 50.347, 50.347, 0.024, 0.134, -36.499, -37.014, -36.499, -37.014, 5.195, 7.38, 13.136, , , 1, 23.011, 0, 0, 14.5, 2.707, 203, 0, 0, 0, 60, 6.082, 5.782, 127.107, 41.052, 100, 0, 0, 44.215, 44.635, 10, 0.978, 101.583, 0, 0, 107.866, 51.268, 0, 0, 0, 0, 0, 14, 0, 14.5, 0, 2.707, 203, 0, 0, 0, 60, 1, 0.006, 0.006, 127.107, 41.052, 100, 0, 0, 141, 44.215, 44.634, 10, 0.978, 0, 101.583, 0, 0, 107.874, 51.268, 0, 0, 0, 0, 
23, 17.687, 100.33, 73.37, 74.12, , -6.005, 0.986, 1582.871, 1582.871, 2.686, -140.517, -140.517, -140.517, 53.416, 80.774, 34.56, 35.504, 7.38, 13.19, 0, 0, -18.492, -18.753, -18.492, -18.753, 1, 50.043, 50.043, 0.024, 0.134, -36.333, -36.846, -36.333, -36.846, 5.206, 7.38, 13.19, , , 1, 23.061, 0, 0, 14.5, 2.686, 203, 0, 0, 0, 60, 6.132, 5.844, 126.758, 41.194, 100, 0, 0, 43.876, 44.201, 10, 0.976, 101.68, 0, 0, 108.302, 50.909, 0, 0, 0, 0, 0, 14, 0, 14.5, 0, 2.686, 203, 0, 0, 0, 60, 1, 0.006, 0.006, 126.758, 41.194, 100, 0, 0, 141, 43.876, 44.198, 10, 0.976, 0, 101.68, 0, 0, 108.308, 50.909, 0, 0, 0, 0, 
23.05, 17.685, 100.33, 73.375, 74.12, , -6.005, 0.986, 1586.577, 1586.577, 2.664, -140.516, -140.516, -140.516, 53.423, 79.044, 34.74, 35.72, 7.38, 13.244, 0, 0, -18.379, -18.638, -18.379, -18.638, 1, 49.738, 49.738, 0.024, 0.134, -36.324, -36.839, -36.324, -36.839, 5.199, 7.38, 13.244, , , 1, 23.111, 0, 0, 14.5, 2.664, 203, 0, 0, 0, 60, 6.183, 5.905, 126.409, 41.336, 100, 0, 0, 43.537, 43.766, 10, 0.975, 101.776, 0, 0, 108.738, 50.55, 0, 0, 0, 0, 0, 14, 0, 14.5, 0, 2.664, 203, 0, 0, 0, 60, 1, 0.006, 0.006, 126.409, 41.336, 100, 0, 0, 141, 43.537, 43.762, 10, 0.975, 0, 101.776, 0, 0, 108.742, 50.55, 0, 0, 0, 0, 
23.1, 17.684, 100.33, 73.38, 74.12, , -5.993, 0.986, 1590.281, 1590.281, 2.643, -140.229, -140.229, -140.229, 53.413, 77.314, 34.92, 35.936, 7.38, 13.297, 0, 0, -18.23, -18.487, -18.23, -18.487, 1, 49.434, 49.434, 0.024, 0.134, -36.255, -36.769, -36.255, -36.769, 5.192, 7.38, 13.297, , , 1, 23.16, 0, 0, 14.5, 2.643, 203, 0, 0, 0, 60, 6.233, 5.967, 126.06, 41.478, 100, 0, 0, 43.198, 43.332, 10, 0.973, 101.873, 0, 0, 109.174, 50.191, 0, 0, 0, 0, 0, 14, 0, 14.5, 0, 2.643, 203, 0, 0, 0, 60, 1, 0.006, 0.006, 126.06, 41.478, 100, 0, 0, 141, 43.198, 43.326, 10, 0.973, 0, 101.873, 0, 0, 109.177, 50.191, 0, 0, 0, 0, 
23.15, 17.683, 100.33, 73.385, 74.12, , -5.946, 0.986, 1593.929, 1593.929, 2.621, -139.137, -139.137, -139.137, 53.385, 75.584, 35.1, 36.152, 7.379, 13.349, 0, 0, -17.978, -18.231, -17.978, -18.231, 1, 49.132, 49.132, 0.024, 0.134, -35.995, -36.506, -35.995, -36.506, 5.184, 7.379, 13.349, , , 1, 23.211, 0, 0, 14.5, 2.621, 203, 0, 0, 0, 60, 6.283, 6.029, 125.712, 41.62, 100, 0, 0, 42.859, 42.898, 10, 0.971, 101.969, 0, 0, 109.61, 49.832, 0, 0, 0, 0, 0, 14, 0, 14.5, 0, 2.621, 203, 0, 0, 0, 60, 1, 0.006, 0.006, 125.712, 41.62, 100, 0, 0, 141, 42.859, 42.89, 10, 0.971, 0, 101.969, 0, 0, 109.611, 49.832, 0, 0, 0, 0, 
23.2, 17.682, 100.33, 73.39, 74.12, , -5.926, 0.986, 1597.578, 1597.578, 2.602, -138.665, -138.665, -138.665, 53.339, 73.854, 35.288, 36.272, 7.379, 13.389, 0, 0, -17.808, -18.059, -17.808, -18.059, 1, 48.832, 48.832, 0.024, 0.135, -35.903, -36.413, -35.903, -36.413, 5.177, 7.379, 13.389, , , 1, 23.261, 0, 0, 14.5, 2.602, 203, 0, 0, 0, 60, 6.315, 6.077, 125.6, 41.784, 100, 0, 0, 42.507, 42.513, 10, 0.972, 102.04, 0, 0, 109.952, 49.515, 0, 0, 0, 0, 0, 14, 0, 14.5, 0, 2.602, 203, 0, 0, 0, 60, 1, 0.006, 0.006, 125.6, 41.784, 100, 0, 0, 141, 42.507, 42.507, 10, 0.972, 0, 102.04, 0, 0, 109.952, 49.515, 0, 0, 0, 0, 
23.25, 17.681, 100.33, 73.395, 74.12, , -5.889, 0.986, 1601.199, 1601.199, 2.585, -137.783, -137.783, -137.783, 53.293, 72.124, 35.504, 36.056, 7.378, 13.429, 0, 0, -17.588, -17.836, -17.588, -17.836, 1, 48.534, 48.534, 0.024, 0.135, -35.705, -36.212, -35.705, -36.212, 5.157, 7.378, 13.429, , , 1, 23.311, 0, 0, 14.5, 2.585, 203, 0, 0, 0, 60, 6.338, 6.117, 125.6, 41.959, 100, 0, 0, 42.15, 42.154, 10, 0.974, 102.1, 0, 0, 110.25, 49.22, 0, 0, 0, 0, 0, 14, 0, 14.5, 0, 2.585, 203, 0, 0, 0, 60, 1, 0.006, 0.006, 125.6, 41.959, 100, 0, 0, 141, 42.15, 42.15, 10, 0.974, 0, 102.1, 0, 0, 110.25, 49.22, 0, 0, 0, 0, 
23.3, 17.68, 100.33, 73.4, 74.12, , -5.827, 0.986, 1604.781, 1604.781, 2.567, -136.317, -136.317, -136.317, 53.257, 70.394, 35.72, 35.84, 7.378, 13.456, 0, 0, -17.294, -17.539, -17.294, -17.539, 1, 48.237, 48.237, 0.024, 0.135, -35.35, -35.852, -35.35, -35.852, 5.135, 7.378, 13.456, , , 1, 23.361, 0, 0, 14.5, 2.567, 203, 0, 0, 0, 60, 6.36, 6.158, 125.6, 42.134, 100, 0, 0, 41.793, 41.795, 10, 0.976, 102.16, 0, 0, 110.548, 48.925, 0, 0, 0, 0, 0, 14, 0, 14.5, 0, 2.567, 203, 0, 0, 0, 60, 1, 0.006, 0.006, 125.6, 42.134, 100, 0, 0, 141, 41.793, 41.793, 10, 0.976, 0, 102.16, 0, 0, 110.548, 48.925, 0, 0, 0, 0, 
23.35, 17.679, 100.33, 73.395, 74.12, , -5.793, 0.986, 1608.319, 1608.319, 2.549, -135.517, -135.517, -135.517, 53.228, 68.664, 35.936, 35.624, 7.377, 13.482, 0, 0, -17.087, -17.327, -17.087, -17.327, 1, 47.943, 47.943, 0.024, 0.135, -35.161, -35.659, -35.161, -35.659, 5.114, 7.377, 13.482, , , 1, 23.411, 0, 0, 14.5, 2.549, 203, 0, 0, 0, 60, 6.383, 6.198, 125.6, 42.309, 100, 0, 0, 41.436, 41.437, 10, 0.979, 102.219, 0, 0, 110.845, 48.629, 0, 0, 0, 0, 0, 14, 0, 14.5, 0, 2.549, 203, 0, 0, 0, 60, 1, 0.006, 0.006, 125.6, 42.309, 100, 0, 0, 141, 41.436, 41.436, 10, 0.979, 0, 102.219, 0, 0, 110.845, 48.629, 0, 0, 0, 0, 
23.4, 17.677, 100.33, 73.39, 74.12, , -5.783, 0.986, 1611.857, 1611.857, 2.533, -135.283, -135.283, -135.283, 53.209, 66.934, 36.152, 35.408, 7.377, 13.499, 0, 0, -16.953, -17.19, -16.953, -17.19, 1, 47.651, 47.651, 0.024, 0.135, -35.111, -35.606, -35.111, -35.606, 5.093, 7.377, 13.499, , , 1, 23.46, 0, 0, 14.5, 2.533, 203, 0, 0, 0, 60, 6.409, 6.238, 125.6, 42.481, 100, 0, 0, 41.059, 41.059, 10, 0.98, 102.305, 0, 0, 111.109, 48.307, 0, 0, 0, 0, 0, 14, 0, 14.5, 0, 2.533, 203, 0, 0, 0, 60, 1, 0.006, 0.006, 125.6, 42.481, 100, 0, 0, 141, 41.059, 41.059, 10, 0.98, 0, 102.305, 0, 0, 111.109, 48.307, 0, 0, 0, 0, 
23.45, 17.676, 100.33, 73.385, 74.12, , -5.765, 0.986, 1615.395, 1615.395, 2.517, -134.883, -134.883, -134.883, 53.205, 65.204, 36.359, 35.232, 7.377, 13.515, 0, 0, -16.799, -17.033, -16.799, -17.033, 1, 47.358, 47.358, 0.024, 0.134, -35.012, -35.505, -35.012, -35.505, 5.07, 7.377, 13.515, , , 1, 23.51, 0, 0, 14.5, 2.517, 203, 0, 0, 0, 60, 6.437, 6.278, 125.6, 42.649, 100, 0, 0, 40.661, 40.661, 10, 0.98, 102.418, 0, 0, 111.336, 47.952, 0, 0, 0, 0, 0, 14, 0, 14.5, 0, 2.517, 203, 0, 0, 0, 60, 1, 0.006, 0.006, 125.6, 42.649, 100, 0, 0, 141, 40.661, 40.661, 10, 0.98, 0, 102.418, 0, 0, 111.336, 47.952, 0, 0, 0, 0, 
23.5, 17.675, 100.33, 73.38, 74.12, , -5.753, 0.986, 1618.921, 1618.921, 2.502, -134.591, -134.591, -134.591, 53.208, 63.475, 36.535, 35.197, 7.377, 13.529, 0, 0, -16.659, -16.891, -16.659, -16.891, 1, 47.068, 47.068, 0.024, 0.134, -34.936, -35.426, -34.936, -35.426, 5.047, 7.377, 13.529, , , 1, 23.56, 0, 0, 14.5, 2.502, 203, 0, 0, 0, 60, 6.465, 6.318, 125.6, 42.817, 100, 0, 0, 40.264, 40.264, 10, 0.98, 102.532, 0, 0, 111.564, 47.597, 0, 0, 0, 0, 0, 14, 0, 14.5, 0, 2.502, 203, 0, 0, 0, 60, 1, 0.006, 0.006, 125.6, 42.817, 100, 0, 0, 141, 40.264, 40.264, 10, 0.98, 0, 102.532, 0, 0, 111.564, 47.597, 0, 0, 0, 0, 
23.55, 17.674, 100.33, 73.375, 74.12, , -5.789, 0.986, 1622.406, 1622.406, 2.486, -135.459, -135.459, -135.459, 53.218, 61.745, 36.712, 35.162, 7.377, 13.543, 0, 0, -16.664, -16.894, -16.664, -16.894, 1, 46.776, 46.776, 0.024, 0.134, -35.157, -35.649, -35.157, -35.649, 5.023, 7.377, 13.543, , , 1, 23.611, 0, 0, 14.5, 2.486, 203, 0, 0, 0, 60, 6.494, 6.358, 125.6, 42.985, 100, 0, 0, 39.866, 39.866, 10, 0.98, 102.645, 0, 0, 111.791, 47.242, 0, 0, 0, 0, 0, 14, 0, 14.5, 0, 2.486, 203, 0, 0, 0, 60, 1, 0.006, 0.006, 125.6, 42.985, 100, 0, 0, 141, 39.866, 39.866, 10, 0.98, 0, 102.645, 0, 0, 111.791, 47.242, 0, 0, 0, 0, 
23.6, 17.673, 100.33, 73.37, 74.12, , -5.794, 0.986, 1625.846, 1625.846, 2.471, -135.585, -135.585, -135.585, 53.234, 60.015, 36.888, 35.126, 7.377, 13.555, 0, 0, -16.575, -16.805, -16.575, -16.805, 1, 46.482, 46.482, 0.024, 0.134, -35.178, -35.67, -35.178, -35.67, 5, 7.377, 13.555, , , 1, 23.661, 0.006, 0, 14.5, 2.471, 203, 0, 0, 0, 60.009, 6.534, 6.41, 125.616, 43.156, 100, 0, 0, 39.47, 39.47, 10, 0.98, 102.776, 0, 0, 112.035, 46.893, 0, 0, 0.006, 0, 0, 14, 0, 14.5, 0, 2.471, 203, 0, 0, 0, 60.009, 1, 0.007, 0.006, 125.616, 43.156, 100, 0, 0, 141, 39.47, 39.47, 10, 0.98, 0, 102.776, 0, 0, 112.035, 46.893, 0, 0, 0, 0, 
23.65, 17.672, 100.33, 73.365, 74.12, , -5.782, 0.986, 1629.28, 1629.28, 2.456, -135.286, -135.286, -135.286, 53.254, 58.285, 37.065, 35.091, 7.377, 13.568, 0, 0, -16.435, -16.664, -16.435, -16.664, 1, 46.189, 46.189, 0.024, 0.134, -35.087, -35.579, -35.087, -35.579, 4.993, 7.377, 13.568, , , 1, 23.711, 0.079, 0, 14.5, 2.456, 203, 0, 0, 0, 60.117, 6.702, 6.596, 125.811, 43.357, 100, 0, 0, 39.091, 39.091, 10, 0.982, 103.102, 0, 0, 112.47, 46.624, 0, 0, 0.079, 0, 0, 14, 0, 14.5, 0, 2.456, 203, 0, 0, 0, 60.117, 1, 0.007, 0.006, 125.811, 43.357, 100, 0, 0, 141, 39.091, 39.091, 10, 0.982, 0, 103.102, 0, 0, 112.47, 46.624, 0, 0, 0, 0, 
23.7, 17.671, 100.33, 73.36, 74.12, , -5.75, 0.986, 1632.705, 1632.705, 2.442, -134.554, -134.554, -134.554, 53.273, 56.555, 37.167, 35.064, 7.377, 13.572, 0, 0, -16.244, -16.471, -16.244, -16.471, 1, 45.899, 45.899, 0.024, 0.134, -34.884, -35.374, -34.884, -35.374, 5.01, 7.377, 13.572, , , 1, 23.761, 0.151, 0, 14.5, 2.442, 203, 0, 0, 0, 60.226, 6.871, 6.782, 126.007, 43.558, 100, 0, 0, 38.712, 38.712, 10, 0.985, 103.428, 0, 0, 112.904, 46.354, 0, 0, 0.151, 0, 0, 14, 0, 14.5, 0, 2.442, 203, 0, 0, 0, 60.226, 1, 0.007, 0.006, 126.007, 43.558, 100, 0, 0, 141, 38.712, 38.712, 10, 0.985, 0, 103.428, 0, 0, 112.904, 46.354, 0, 0, 0, 0, 
23.75, 17.67, 100.33, 73.355, 74.12, , -5.685, 0.986, 1636.09, 1636.09, 2.427, -133.016, -133.016, -133.016, 53.288, 54.825, 36.726, 35.101, 7.377, 13.573, 0, 0, -15.96, -16.183, -15.96, -16.183, 1, 45.61, 45.61, 0.024, 0.134, -34.475, -34.959, -34.475, -34.959, 5.026, 7.377, 13.573, , , 1, 23.81, 0.224, 0, 14.5, 2.427, 203, 0, 0, 0, 60.335, 7.04, 6.968, 126.203, 43.759, 100, 0, 0, 38.333, 38.333, 10, 0.987, 103.754, 0, 0, 113.339, 46.085, 0, 0, 0.224, 0, 0, 14, 0, 14.5, 0, 2.427, 203, 0, 0, 0, 60.335, 1, 0.007, 0.007, 126.203, 43.759, 100, 0, 0, 141, 38.333, 38.333, 10, 0.987, 0, 103.754, 0, 0, 113.339, 46.085, 0, 0, 0, 0, 
23.8, 17.669, 100.33, 73.35, 74.12, , -5.506, 0.986, 1639.474, 1639.474, 2.413, -128.755, -128.755, -128.755, 53.297, 53.095, 36.285, 35.138, 7.377, 13.564, 0, 0, -15.358, -15.573, -15.358, -15.573, 1, 45.323, 45.323, 0.024, 0.134, -33.366, -33.836, -33.366, -33.836, 5.042, 7.377, 13.564, , , 1, 23.861, 0.297, 0, 14.5, 2.413, 203, 0, 0, 0, 60.443, 7.209, 7.154, 126.398, 43.96, 100, 0, 0, 37.955, 37.955, 10, 0.989, 104.08, 0, 0, 113.774, 45.816, 0, 0, 0.297, 0, 0, 14, 0, 14.5, 0, 2.413, 203, 0, 0, 0, 60.443, 1, 0.007, 0.007, 126.398, 43.96, 100, 0, 0, 141, 37.955, 37.955, 10, 0.989, 0, 104.08, 0, 0, 113.774, 45.816, 0, 0, 0, 0, 
23.85, 17.668, 100.33, 73.345, 74.12, , -5.29, 0.986, 1642.838, 1642.838, 2.398, -123.643, -123.643, -123.643, 53.292, 51.365, 35.845, 35.175, 7.377, 13.551, 0, 0, -14.661, -14.867, -14.661, -14.867, 1, 45.048, 45.048, 0.024, 0.134, -32.042, -32.494, -32.042, -32.494, 5.059, 7.377, 13.551, , , 1, 23.911, 0.36, 0, 14.5, 2.398, 203, 0, 0, 0, 60.761, 7.41, 7.38, 126.5, 44.469, 100, 0, 0, 37.574, 37.574, 10.104, 0.997, 104.511, 0, 0, 114.261, 45.577, 0, 0, 0.36, 0, 0, 14, 0, 14.5, 0, 2.398, 203, 0, 0, 0, 60.761, 1, 0.008, 0.007, 126.5, 44.469, 100, 0, 0, 141, 37.574, 37.574, 10.104, 0.997, 0, 104.511, 0, 0, 114.261, 45.577, 0, 0, 0, 0, 
23.9, 17.667, 100.33, 73.34, 74.12, , -5.069, 0.986, 1646.174, 1646.174, 2.385, -118.405, -118.405, -118.405, 53.283, 49.635, 35.404, 35.211, 7.377, 13.531, 0, 0, -13.958, -14.152, -13.958, -14.152, 1, 44.788, 44.788, 0.024, 0.134, -30.69, -31.123, -30.69, -31.123, 5.081, 7.377, 13.531, , , 1, 23.96, 0.411, 0, 14.5, 2.385, 203, 0, 0, 0, 61.304, 7.651, 7.652, 126.5, 45.312, 100, 0, 0, 37.192, 37.192, 10.322, 1.011, 105.054, 0, 0, 114.804, 45.374, 0, 0, 0.411, 0, 0, 14, 0, 14.5, 0, 2.385, 203, 0, 0, 0, 61.304, 1, 0.008, 0.007, 126.5, 45.312, 100, 0, 0, 141, 37.192, 37.192, 10.322, 1.011, 0, 105.054, 0, 0, 114.804, 45.374, 0, 0, 0, 0, 
23.95, 17.667, 100.33, 73.335, 74.12, , -4.873, 0.986, 1649.463, 1649.463, 2.371, -113.754, -113.754, -113.754, 53.271, 47.905, 35.06, 35.216, 7.377, 13.508, 0, 0, -13.332, -13.52, -13.332, -13.52, 1, 44.536, 44.536, 0.024, 0.133, -29.491, -29.908, -29.491, -29.908, 5.103, 7.377, 13.508, , , 1, 24.011, 0.462, 0, 14.5, 2.371, 203, 0, 0, 0, 61.848, 7.891, 7.924, 126.5, 46.154, 100, 0, 0, 36.81, 36.81, 10.539, 1.025, 105.598, 0, 0, 115.348, 45.17, 0, 0, 0.462, 0, 0, 14, 0, 14.5, 0, 2.371, 203, 0, 0, 0, 61.848, 1, 0.008, 0.008, 126.5, 46.154, 100, 0, 0, 141, 36.81, 36.81, 10.539, 1.025, 0, 105.598, 0, 0, 115.348, 45.17, 0, 0, 0, 0, 
24, 17.666, 100.33, 73.331, 74.12, , -4.678, 0.986, 1652.751, 1652.751, 2.358, -109.132, -109.132, -109.132, 53.257, 59.188, 35.06, 35.108, 7.377, 13.472, 0, 0, -12.719, -12.899, -12.719, -12.899, 1, 44.292, 44.292, 0.024, 0.133, -28.301, -28.701, -28.301, -28.701, 5.125, 7.377, 13.472, , , 1, 24.061, 0.513, 0, 14.5, 2.358, 203, 0, 0, 0, 62.391, 8.131, 8.196, 126.5, 46.997, 100, 0, 0, 36.428, 36.428, 10.757, 1.039, 106.141, 0, 0, 115.891, 44.967, 0, 0, 0.513, 0, 0, 14, 0, 14.5, 0, 2.358, 203, 0, 0, 0, 62.391, 1, 0.008, 0.008, 126.5, 46.997, 100, 0, 0, 141, 36.428, 36.428, 10.757, 1.039, 0, 106.141, 0, 0, 115.891, 44.967, 0, 0, 0, 0, 
24.05, 17.665, 100.33, 73.326, 74.12, , -4.502, 0.986, 1656.033, 1656.033, 2.344, -104.967, -104.967, -104.967, 53.241, 63.839, 35.06, 35, 7.377, 13.431, 0, 0, -12.165, -12.337, -12.165, -12.337, 1, 44.064, 44.064, 0.024, 0.133, -27.23, -27.614, -27.23, -27.614, 5.139, 7.377, 13.431, , , 1, 24.11, 0.564, 0, 14.5, 2.344, 203, 0, 0, 0, 62.935, 8.371, 8.467, 126.5, 47.839, 100, 0, 0, 36.046, 36.046, 10.974, 1.053, 106.685, 0, 0, 116.435, 44.764, 0, 0, 0.564, 0, 0, 14, 0, 14.5, 0, 2.344, 203, 0, 0, 0, 62.935, 1, 0.008, 0.008, 126.5, 47.839, 100, 0, 0, 141, 36.046, 36.046, 10.974, 1.053, 0, 106.685, 0, 0, 116.435, 44.764, 0, 0, 0, 0, 
24.1, 17.664, 100.33, 73.321, 74.12, , -4.423, 0.986, 1659.276, 1659.276, 2.337, -103.088, -103.088, -103.088, 53.232, 64.716, 35.06, 34.892, 7.377, 13.379, 0, 0, -11.886, -12.054, -11.886, -12.054, 1, 43.84, 43.84, 0.024, 0.133, -26.748, -27.123, -26.748, -27.123, 5.102, 7.377, 13.379, , , 1, 24.161, 0.551, 0, 14.5, 2.337, 203, 0, 0, 0, 63.383, 8.55, 8.554, 126.328, 48.575, 100, 0, 0, 35.809, 35.714, 11.191, 1.065, 106.989, 0, 0, 116.691, 44.503, 0, 0, 0.551, 0, 0, 14, 0, 14.5, 0, 2.337, 203, 0, 0, 0, 63.383, 1, 0.009, 0.009, 126.328, 48.575, 100, 0, 0, 141, 35.809, 35.809, 11.191, 1.065, 0, 106.989, 0, 0, 116.691, 44.503, 0, 0, 0, 0, 
24.15, 17.663, 100.33, 73.316, 74.12, , -4.334, 0.986, 1662.519, 1662.519, 2.331, -101.004, -101.004, -101.004, 53.232, 65.593, 35.06, 34.784, 7.378, 13.321, 0, 0, -11.587, -11.752, -11.587, -11.752, 1, 43.618, 43.618, 0.024, 0.133, -26.206, -26.574, -26.206, -26.574, 5.066, 7.378, 13.321, , , 1, 24.211, 0.529, 0, 14.5, 2.331, 203, 0, 0, 0, 63.817, 8.719, 8.616, 126.132, 49.297, 100, 0, 0, 35.591, 35.39, 11.409, 1.077, 107.261, 0, 0, 116.909, 44.233, 0, 0, 0.529, 0, 0, 14, 0, 14.5, 0, 2.331, 203, 0, 0, 0, 63.817, 1, 0.009, 0.009, 126.132, 49.297, 100, 0, 0, 141, 35.591, 35.591, 11.409, 1.077, 0, 107.261, 0, 0, 116.909, 44.233, 0, 0, 0, 0, 
24.2, 17.663, 100.33, 73.311, 74.12, , -4.228, 0.986, 1665.749, 1665.749, 2.325, -98.484, -98.484, -98.484, 53.239, 66.47, 35.076, 34.803, 7.378, 13.25, 0, 0, -11.243, -11.404, -11.243, -11.404, 1, 43.4, 43.4, 0.024, 0.133, -25.55, -25.909, -25.55, -25.909, 5.029, 7.378, 13.25, , , 1, 24.26, 0.507, 0, 14.5, 2.325, 203, 0, 0, 0, 64.252, 8.889, 8.678, 125.937, 50.019, 100, 0, 0, 35.374, 35.065, 11.626, 1.089, 107.533, 0, 0, 117.126, 43.964, 0, 0, 0.507, 0, 0, 14, 0, 14.5, 0, 2.325, 203, 0, 0, 0, 64.252, 1, 0.009, 0.009, 125.937, 50.019, 100, 0, 0, 141, 35.374, 35.374, 11.626, 1.089, 0, 107.533, 0, 0, 117.126, 43.964, 0, 0, 0, 0, 
24.25, 17.662, 100.33, 73.306, 74.12, , -4.083, 0.986, 1668.948, 1668.948, 2.318, -95.05, -95.05, -95.05, 53.246, 67.347, 35.148, 35.271, 7.379, 13.172, 0, 0, -10.8, -10.954, -10.8, -10.954, 1, 43.19, 43.19, 0.024, 0.133, -24.656, -25.003, -24.656, -25.003, 4.995, 7.379, 13.172, , , 1, 24.311, 0.486, 0, 14.5, 2.318, 203, 0, 0, 0, 64.687, 9.059, 8.739, 125.741, 50.74, 100, 0, 0, 35.157, 34.74, 11.843, 1.101, 107.804, 0, 0, 117.343, 43.694, 0, 0, 0.486, 0, 0, 14, 0, 14.5, 0, 2.318, 203, 0, 0, 0, 64.687, 1, 0.009, 0.009, 125.741, 50.74, 100, 0, 0, 141, 35.157, 35.157, 11.843, 1.101, 0, 107.804, 0, 0, 117.343, 43.694, 0, 0, 0, 0, 
24.3, 17.661, 100.33, 73.301, 74.12, , -4.002, 0.986, 1672.146, 1672.146, 2.31, -93.128, -93.128, -93.128, 53.253, 68.224, 35.22, 35.739, 7.379, 13.108, 0, 0, -10.53, -10.682, -10.53, -10.682, 1, 42.985, 42.985, 0.024, 0.133, -24.152, -24.495, -24.152, -24.495, 4.974, 7.379, 13.108, , , 1, 24.361, 0.473, 0, 14.5, 2.31, 203, 0, 0, 0, 65, 9.178, 8.777, 125.6, 51.41, 100, 0, 0, 34.913, 34.446, 12.058, 1.109, 108.015, 0, 0, 117.515, 43.444, 0, 0, 0.473, 0, 0, 14, 0, 14.5, 0, 2.31, 203, 0, 0, 0, 65, 1, 0.01, 0.009, 125.6, 51.41, 100, 0, 0, 141, 34.913, 34.913, 12.058, 1.109, 0, 108.015, 0, 0, 117.515, 43.444, 0, 0, 0, 0, 
24.35, 17.66, 100.33, 73.296, 74.12, , -3.922, 0.986, 1675.329, 1675.329, 2.294, -91.233, -91.233, -91.233, 53.262, 69.101, 35.292, 36.207, 7.38, 13.052, 0, 0, -10.267, -10.415, -10.267, -10.415, 1, 42.786, 42.786, 0.024, 0.134, -23.657, -23.994, -23.657, -23.994, 4.954, 7.38, 13.052, , , 1, 24.411, 0.483, 0, 14.5, 2.294, 203, 0, 0, 0, 65, 9.152, 8.748, 125.6, 51.945, 100, 0, 0, 34.602, 34.238, 12.266, 1.107, 108.066, 0, 0, 117.566, 43.25, 0, 0, 0.483, 0, 0, 14, 0, 14.5, 0, 2.294, 203, 0, 0, 0, 65, 1, 0.01, 0.009, 125.6, 51.945, 100, 0, 0, 141, 34.602, 34.602, 12.266, 1.107, 0, 108.066, 0, 0, 117.566, 43.25, 0, 0, 0, 0, 
24.4, 17.66, 100.33, 73.291, 74.12, , -3.819, 0.986, 1678.484, 1678.484, 2.279, -88.797, -88.797, -88.797, 53.262, 69.978, 35.364, 36.675, 7.38, 13.008, 0, 0, -9.946, -10.089, -9.946, -10.089, 1, 42.591, 42.591, 0.024, 0.134, -23.024, -23.352, -23.024, -23.352, 4.934, 7.38, 13.008, , , 1, 24.461, 0.494, 0, 14.5, 2.279, 203, 0, 0, 0, 65, 9.126, 8.719, 125.6, 52.48, 100, 0, 0, 34.29, 34.029, 12.473, 1.105, 108.118, 0, 0, 117.618, 43.055, 0, 0, 0.494, 0, 0, 14, 0, 14.5, 0, 2.279, 203, 0, 0, 0, 65, 1, 0.01, 0.009, 125.6, 52.48, 100, 0, 0, 141, 34.29, 34.29, 12.473, 1.105, 0, 108.118, 0, 0, 117.618, 43.055, 0, 0, 0, 0, 
24.45, 17.659, 100.33, 73.286, 74.12, , -3.78, 0.986, 1681.64, 1681.64, 2.264, -87.867, -87.867, -87.867, 53.255, 70.856, 35.443, 36.98, 7.379, 12.971, 0, 0, -9.796, -9.937, -9.796, -9.937, 1, 42.398, 42.398, 0.024, 0.134, -22.787, -23.111, -22.787, -23.111, 4.913, 7.379, 12.971, , , 1, 24.511, 0.504, 0, 14.5, 2.264, 203, 0, 0, 0, 65, 9.1, 8.69, 125.6, 53.016, 100, 0, 0, 33.979, 33.821, 12.68, 1.103, 108.17, 0, 0, 117.67, 42.86, 0, 0, 0.504, 0, 0, 14, 0, 14.5, 0, 2.264, 203, 0, 0, 0, 65, 1, 0.01, 0.009, 125.6, 53.016, 100, 0, 0, 141, 33.979, 33.979, 12.68, 1.103, 0, 108.17, 0, 0, 117.67, 42.86, 0, 0, 0, 0, 
24.5, 17.658, 100.33, 73.281, 74.12, , -3.764, 0.986, 1684.778, 1684.778, 2.248, -87.486, -87.486, -87.486, 53.24, 71.733, 35.546, 36.705, 7.379, 12.947, 0, 0, -9.709, -9.849, -9.709, -9.849, 1, 42.208, 42.208, 0.024, 0.134, -22.694, -23.017, -22.694, -23.017, 4.908, 7.379, 12.947, , , 1, 24.561, 0.514, 0, 14.5, 2.248, 203, 0, 0, 0, 65, 9.074, 8.661, 125.6, 53.551, 100, 0, 0, 33.668, 33.612, 12.888, 1.101, 108.222, 0, 0, 117.722, 42.665, 0, 0, 0.514, 0, 0, 14, 0, 14.5, 0, 2.248, 203, 0, 0, 0, 65, 1, 0.01, 0.009, 125.6, 53.551, 100, 0, 0, 141, 33.668, 33.668, 12.888, 1.101, 0, 108.222, 0, 0, 117.722, 42.665, 0, 0, 0, 0, 
24.55, 17.657, 100.33, 73.276, 74.12, , -3.769, 0.986, 1687.892, 1687.892, 2.237, -87.622, -87.622, -87.622, 53.226, 72.61, 35.649, 36.43, 7.378, 12.931, 0, 0, -9.68, -9.82, -9.68, -9.82, 1, 42.018, 42.018, 0.024, 0.134, -22.736, -23.058, -22.736, -23.058, 4.904, 7.378, 12.931, , , 1, 24.61, 0.471, 0, 14.5, 2.237, 203, 0, 0, 0, 65, 9.013, 8.651, 125.6, 53.876, 100, 0, 0, 33.452, 33.452, 13, 1.099, 108.274, 0, 0, 117.726, 42.53, 0, 0, 0.471, 0, 0, 14, 0, 14.5, 0, 2.237, 203, 0, 0, 0, 65, 1, 0.009, 0.009, 125.6, 53.876, 100, 0, 0, 141, 33.452, 33.452, 13, 1.099, 0, 108.274, 0, 0, 117.726, 42.53, 0, 0, 0, 0, 
24.6, 17.657, 100.33, 73.271, 74.12, , -3.74, 0.986, 1691.006, 1691.006, 2.232, -86.93, -86.93, -86.93, 53.214, 73.487, 35.752, 36.155, 7.378, 12.912, 0, 0, -9.561, -9.699, -9.561, -9.699, 1, 41.828, 41.828, 0.024, 0.134, -22.562, -22.88, -22.562, -22.88, 4.901, 7.378, 12.912, , , 1, 24.661, 0.364, 0, 14.5, 2.232, 203, 0, 0, 0, 65, 8.91, 8.665, 125.6, 53.953, 100, 0, 0, 33.347, 33.347, 13, 1.097, 108.326, 0, 0, 117.674, 42.465, 0, 0, 0.364, 0, 0, 14, 0, 14.5, 0, 2.232, 203, 0, 0, 0, 65, 1, 0.009, 0.009, 125.6, 53.953, 100, 0, 0, 141, 33.347, 33.347, 13, 1.097, 0, 108.326, 0, 0, 117.674, 42.465, 0, 0, 0, 0, 
24.65, 17.656, 100.33, 73.274, 74.12, , -3.735, 0.986, 1694.104, 1694.104, 2.227, -86.814, -86.814, -86.814, 53.206, 74.364, 35.855, 35.88, 7.377, 12.892, 0, 0, -9.503, -9.642, -9.503, -9.642, 1, 41.638, 41.638, 0.024, 0.134, -22.536, -22.853, -22.536, -22.853, 4.898, 7.377, 12.892, , , 1, 24.711, 0.258, 0, 14.5, 2.227, 203, 0, 0, 0, 65, 8.808, 8.678, 125.6, 54.03, 100, 0, 0, 33.243, 33.243, 13, 1.095, 108.379, 0, 0, 117.621, 42.4, 0, 0, 0.258, 0, 0, 14, 0, 14.5, 0, 2.227, 203, 0, 0, 0, 65, 1, 0.009, 0.009, 125.6, 54.03, 100, 0, 0, 141, 33.243, 33.243, 13, 1.095, 0, 108.379, 0, 0, 117.621, 42.4, 0, 0, 0, 0, 
24.7, 17.655, 100.33, 73.279, 74.12, , -3.776, 0.986, 1697.176, 1697.176, 2.221, -87.786, -87.786, -87.786, 53.206, 75.241, 35.958, 35.605, 7.377, 12.881, 0, 0, -9.565, -9.705, -9.565, -9.705, 1, 41.449, 41.449, 0.024, 0.134, -22.79, -23.109, -22.79, -23.109, 4.894, 7.377, 12.881, , , 1, 24.76, 0.151, 0, 14.5, 2.221, 203, 0, 0, 0, 65, 8.705, 8.692, 125.6, 54.108, 100, 0, 0, 33.138, 33.138, 13, 1.093, 108.431, 0, 0, 117.569, 42.336, 0, 0, 0.151, 0, 0, 14, 0, 14.5, 0, 2.221, 203, 0, 0, 0, 65, 1, 0.009, 0.009, 125.6, 54.108, 100, 0, 0, 141, 33.138, 33.138, 13, 1.093, 0, 108.431, 0, 0, 117.569, 42.336, 0, 0, 0, 0, 
24.75, 17.654, 100.33, 73.284, 74.12, , -3.778, 0.986, 1700.214, 1700.214, 2.216, -87.837, -87.837, -87.837, 53.211, 76.118, 35.923, 35.6, 7.378, 12.879, 0, 0, -9.527, -9.665, -9.527, -9.665, 1, 41.261, 41.261, 0.024, 0.134, -22.799, -23.12, -22.799, -23.12, 4.891, 7.378, 12.879, , , 1, 24.811, 0.044, 0, 14.5, 2.216, 203, 0, 0, 0, 65, 8.603, 8.706, 125.6, 54.185, 100, 0, 0, 33.033, 33.033, 13, 1.091, 108.483, 0, 0, 117.517, 42.271, 0, 0, 0.044, 0, 0, 14, 0, 14.5, 0, 2.216, 203, 0, 0, 0, 65, 1, 0.009, 0.009, 125.6, 54.185, 100, 0, 0, 141, 33.033, 33.033, 13, 1.091, 0, 108.483, 0, 0, 117.517, 42.271, 0, 0, 0, 0, 
24.8, 17.654, 100.33, 73.289, 74.12, , -3.772, 0.986, 1703.246, 1703.246, 2.208, -87.693, -87.693, -87.693, 53.224, 76.995, 35.885, 35.6, 7.378, 12.894, 0, 0, -9.468, -9.605, -9.468, -9.605, 1, 41.068, 41.068, 0.024, 0.134, -22.756, -23.078, -22.756, -23.078, 4.887, 7.378, 12.894, , , 1, 24.861, 0.009, 0, 14.5, 2.208, 203, 0, 0, 0, 65, 8.588, 8.72, 125.6, 54.26, 100, 0, 0, 32.932, 32.932, 13, 1.095, 108.432, 0, 0, 117.432, 42.081, 0, 0, 0.009, 0, 0, 14, 0, 14.5, 0, 2.208, 203, 0, 0, 0, 65, 1, 0.009, 0.009, 125.6, 54.26, 100, 0, 0, 141, 32.932, 32.932, 13, 1.095, 0, 108.432, 0, 0, 117.432, 42.081, 0, 0, 0, 0, 
24.85, 17.653, 100.33, 73.294, 74.12, , -3.76, 0.986, 1706.279, 1706.279, 2.198, -87.413, -87.413, -87.413, 53.237, 77.872, 35.847, 35.6, 7.379, 12.925, 0, 0, -9.395, -9.53, -9.395, -9.53, 1, 40.877, 40.877, 0.024, 0.134, -22.678, -22.998, -22.678, -22.998, 4.884, 7.379, 12.925, , , 1, 24.911, 0.007, 0, 14.5, 2.198, 203, 0, 0, 0, 65, 8.614, 8.734, 125.6, 54.334, 100, 0, 0, 32.832, 32.832, 13, 1.103, 108.332, 0, 0, 117.332, 41.833, 0, 0, 0.007, 0, 0, 14, 0, 14.5, 0, 2.198, 203, 0, 0, 0, 65, 1, 0.009, 0.009, 125.6, 54.334, 100, 0, 0, 141, 32.832, 32.832, 13, 1.103, 0, 108.332, 0, 0, 117.332, 41.833, 0, 0, 0, 0, 
24.9, 17.652, 100.33, 73.299, 74.12, , -3.776, 0.986, 1709.311, 1709.311, 2.189, -87.803, -87.803, -87.803, 53.248, 78.749, 35.809, 35.6, 7.379, 12.974, 0, 0, -9.393, -9.527, -9.393, -9.527, 1, 40.687, 40.687, 0.024, 0.134, -22.774, -23.095, -22.774, -23.095, 4.88, 7.379, 12.974, , , 1, 24.961, 0.005, 0, 14.5, 2.189, 203, 0, 0, 0, 65, 8.64, 8.748, 125.6, 54.408, 100, 0, 0, 32.732, 32.732, 13, 1.111, 108.232, 0, 0, 117.232, 41.585, 0, 0, 0.005, 0, 0, 14, 0, 14.5, 0, 2.189, 203, 0, 0, 0, 65, 1, 0.009, 0.009, 125.6, 54.408, 100, 0, 0, 141, 32.732, 32.732, 13, 1.111, 0, 108.232, 0, 0, 117.232, 41.585, 0, 0, 0, 0, 
24.95, 17.651, 100.33, 73.304, 74.12, , -3.786, 0.986, 1712.333, 1712.333, 2.179, -88.042, -88.042, -88.042, 53.258, 79.626, 35.756, 35.584, 7.38, 13.041, 0, 0, -9.375, -9.507, -9.375, -9.507, 1, 40.497, 40.497, 0.024, 0.134, -22.832, -23.154, -22.832, -23.154, 4.876, 7.38, 13.041, , , 1, 25.01, 0.003, 0, 14.5, 2.179, 203, 0, 0, 0, 65, 8.666, 8.762, 125.6, 54.482, 100, 0, 0, 32.632, 32.632, 13, 1.119, 108.132, 0, 0, 117.132, 41.337, 0, 0, 0.003, 0, 0, 14, 0, 14.5, 0, 2.179, 203, 0, 0, 0, 65, 1, 0.009, 0.009, 125.6, 54.482, 100, 0, 0, 141, 32.632, 32.632, 13, 1.119, 0, 108.132, 0, 0, 117.132, 41.337, 0, 0, 0, 0, 
25, 17.651, 100.33, 73.309, 74.12, , -3.758, 0.986, 1715.327, 1715.327, 2.17, -87.379, -87.379, -87.379, 53.265, 80.503, 35.648, 35.512, 7.38, 13.11, 0, 0, -9.26, -9.39, -9.26, -9.39, 1, 40.306, 40.306, 0.024, 0.134, -22.655, -22.976, -22.655, -22.976, 4.872, 7.38, 13.11, , , 1, 25.061, 0.001, 0, 14.5, 2.17, 203, 0, 0, 0, 65, 8.692, 8.776, 125.6, 54.556, 100, 0, 0, 32.532, 32.532, 13, 1.127, 108.032, 0, 0, 117.032, 41.089, 0, 0, 0.001, 0, 0, 14, 0, 14.5, 0, 2.17, 203, 0, 0, 0, 65, 1, 0.009, 0.009, 125.6, 54.556, 100, 0, 0, 141, 32.532, 32.532, 13, 1.127, 0, 108.032, 0, 0, 117.032, 41.089, 0, 0, 0, 0, 
25.05, 17.65, 100.33, 73.314, 74.12, , -3.801, 0.986, 1718.294, 1718.294, 2.16, -88.404, -88.404, -88.404, 53.27, 81.38, 35.54, 35.44, 7.38, 13.182, 0, 0, -9.321, -9.452, -9.321, -9.452, 1, 40.115, 40.115, 0.024, 0.135, -22.918, -23.241, -22.918, -23.241, 4.868, 7.38, 13.182, , , 1, 25.111, 0, 0, 14.5, 2.16, 203, 0, 0, 0, 65, 8.723, 8.81, 125.6, 54.63, 100, 0, 0, 32.432, 32.432, 13, 1.13, 108, 0, 0, 116.932, 40.841, 0, 0, 0, 0, 0, 14, 0, 14.5, 0, 2.16, 203, 0, 0, 0, 65, 1, 0.009, 0.009, 125.6, 54.63, 100, 0, 0, 141, 32.432, 32.432, 13, 1.13, 0, 108, 0, 0, 116.932, 40.841, 0, 0, 0, 0, 
25.1, 17.65, 100.33, 73.318, 74.122, , -3.871, 0.986, 1721.072, 1721.072, 2.151, -90.073, -90.073, -90.073, 53.279, 82.257, 35.432, 35.368, 7.38, 13.25, 0, 0, -9.454, -9.586, -9.454, -9.586, 1, 39.921, 39.921, 0.024, 0.134, -23.349, -23.677, -23.349, -23.677, 4.862, 7.38, 13.25, , , 1, 25.161, 0, 0, 14.5, 2.151, 203, 0, 0, 0, 65, 8.757, 8.854, 125.6, 54.704, 100, 0, 0, 32.332, 32.332, 13, 1.13, 108, 0, 0, 116.832, 40.593, 0, 0, 0, 0, 0, 14, 0, 14.5, 0, 2.151, 203, 0, 0, 0, 65, 1, 0.009, 0.009, 125.6, 54.704, 100, 0, 0, 141, 32.332, 32.332, 13, 1.13, 0, 108, 0, 0, 116.832, 40.593, 0, 0, 0, 0, 
25.15, 17.65, 100.33, 73.323, 74.124, , -3.917, 0.986, 1722.549, 1722.549, 2.141, -91.165, -91.165, -91.165, 53.287, 83.134, 35.324, 35.296, 7.38, 13.312, 0, 0, -9.547, -9.68, -9.547, -9.68, 1, 39.759, 39.759, 0.024, 0.134, -23.63, -23.962, -23.63, -23.962, 4.854, 7.38, 13.312, , , 1, 25.211, 0, 0, 14.5, 2.141, 203, 0, 0, 0, 65, 8.791, 8.898, 125.6, 54.778, 100, 0, 0, 32.232, 32.232, 13, 1.13, 108, 0, 0, 116.732, 40.345, 0, 0, 0, 0, 0, 14, 0, 14.5, 0, 2.141, 203, 0, 0, 0, 65, 1, 0.009, 0.009, 125.6, 54.778, 100, 0, 0, 141, 32.232, 32.232, 13, 1.13, 0, 108, 0, 0, 116.732, 40.345, 0, 0, 0, 0, 
25.2, 17.65, 100.33, 73.328, 74.125, , -4.01, 0.986, 1724.805, 1724.805, 2.131, -93.374, -93.374, -93.374, 53.292, 84.011, 35.248, 35.28, 7.38, 13.365, 0, 0, -9.74, -9.875, -9.74, -9.875, 1, 39.662, 39.662, 0.024, 0.134, -24.198, -24.538, -24.198, -24.538, 4.846, 7.38, 13.365, , , 1, 25.26, 0, 0, 14.5, 2.131, 203, 0, 0, 0, 65, 8.825, 8.942, 125.6, 54.852, 100, 0, 0, 32.132, 32.132, 13, 1.13, 108, 0, 0, 116.632, 40.097, 0, 0, 0, 0, 0, 14, 0, 14.5, 0, 2.131, 203, 0, 0, 0, 65, 1, 0.009, 0.009, 125.6, 54.852, 100, 0, 0, 141, 32.132, 32.132, 13, 1.13, 0, 108, 0, 0, 116.632, 40.097, 0, 0, 0, 0, 
25.25, 17.65, 100.33, 73.333, 74.127, , -4.143, 0.986, 1727.723, 1727.723, 2.121, -96.537, -96.537, -96.537, 53.312, 84.889, 35.284, 35.46, 7.38, 13.406, 0, 0, -10.017, -10.156, -10.017, -10.156, 1, 39.482, 39.482, 0.024, 0.134, -25.008, -25.361, -25.008, -25.361, 4.838, 7.38, 13.406, , , 1, 25.311, 0, 0, 14.5, 2.121, 203, 0, 0, 0, 65, 8.859, 8.986, 125.6, 54.926, 100, 0, 0, 32.032, 32.032, 13, 1.13, 108, 0, 0, 116.532, 39.849, 0, 0, 0, 0, 0, 14, 0, 14.5, 0, 2.121, 203, 0, 0, 0, 65, 1, 0.009, 0.009, 125.6, 54.926, 100, 0, 0, 141, 32.032, 32.032, 13, 1.13, 0, 108, 0, 0, 116.532, 39.849, 0, 0, 0, 0, 
25.3, 17.65, 100.33, 73.338, 74.128, , -4.267, 0.986, 1730.643, 1730.643, 2.111, -99.472, -99.472, -99.472, 53.338, 85.766, 35.32, 35.64, 7.38, 13.438, 0, 0, -10.266, -10.41, -10.266, -10.41, 1, 39.272, 39.272, 0.024, 0.134, -25.756, -26.117, -25.756, -26.117, 4.827, 7.38, 13.438, , , 1, 25.361, 0.011, 0, 14.5, 2.111, 203, 0, 0, 0, 65.408, 8.96, 9.212, 125.6, 55.402, 100, 0, 0, 31.864, 32, 13.136, 1.138, 108.068, 0, 0, 116.432, 39.686, 0, 0, 0.011, 0, 0, 14, 0, 14.5, 0, 2.111, 203, 0, 0, 0, 65.408, 1, 0.009, 0.009, 125.6, 55.402, 100, 0, 0, 141, 31.864, 32, 13.136, 1.138, 0, 108.068, 0, 0, 116.432, 39.686, 0, 0, 0, 0, 
25.35, 17.65, 100.33, 73.343, 74.13, , -4.375, 0.986, 1733.55, 1733.55, 2.101, -102.039, -102.039, -102.039, 53.371, 86.643, 35.356, 35.82, 7.379, 13.459, 0, 0, -10.475, -10.622, -10.475, -10.622, 1, 39.052, 39.052, 0.024, 0.134, -26.407, -26.776, -26.407, -26.776, 4.812, 7.379, 13.459, , , 1, 25.41, 0.027, 0, 14.5, 2.101, 203, 0, 0, 0, 66.008, 9.092, 9.524, 125.6, 56.066, 100, 0, 0, 31.664, 32, 13.336, 1.15, 108.168, 0, 0, 116.332, 39.562, 0, 0, 0.027, 0, 0, 14, 0, 14.5, 0, 2.101, 203, 0, 0, 0, 66.008, 1, 0.009, 0.01, 125.6, 56.066, 100, 0, 0, 141, 31.664, 32, 13.336, 1.15, 0, 108.168, 0, 0, 116.332, 39.562, 0, 0, 0, 0, 
25.4, 17.65, 100.33, 73.348, 74.131, , -4.454, 0.986, 1736.432, 1736.432, 2.091, -103.92, -103.92, -103.92, 53.402, 87.52, 35.392, 36, 7.379, 13.467, 0, 0, -10.606, -10.756, -10.606, -10.756, 1, 38.829, 38.829, 0.024, 0.134, -26.878, -27.253, -26.878, -27.253, 4.796, 7.379, 13.467, , , 1, 25.46, 0.043, 0, 14.5, 2.091, 203, 0, 0, 0, 66.608, 9.224, 9.836, 125.6, 56.73, 100, 0, 0, 31.464, 32, 13.536, 1.162, 108.268, 0, 0, 116.232, 39.438, 0, 0, 0.043, 0, 0, 14, 0, 14.5, 0, 2.091, 203, 0, 0, 0, 66.608, 1, 0.01, 0.01, 125.6, 56.73, 100, 0, 0, 141, 31.464, 32, 13.536, 1.162, 0, 108.268, 0, 0, 116.232, 39.438, 0, 0, 0, 0, 
25.45, 17.65, 100.33, 73.353, 74.133, , -4.484, 0.986, 1739.289, 1739.289, 2.08, -104.634, -104.634, -104.634, 53.43, 88.397, 35.404, 36.148, 7.378, 13.455, 0, 0, -10.618, -10.768, -10.618, -10.768, 1, 38.606, 38.606, 0.024, 0.133, -27.05, -27.426, -27.05, -27.426, 4.78, 7.378, 13.455, , , 1, 25.511, 0.059, 0, 14.5, 2.08, 203, 0, 0, 0, 67.208, 9.356, 10.148, 125.6, 57.394, 100, 0, 0, 31.264, 32, 13.736, 1.174, 108.368, 0, 0, 116.132, 39.314, 0, 0, 0.059, 0, 0, 14, 0, 14.5, 0, 2.08, 203, 0, 0, 0, 67.208, 1, 0.01, 0.01, 125.6, 57.394, 100, 0, 0, 141, 31.264, 32, 13.736, 1.174, 0, 108.368, 0, 0, 116.132, 39.314, 0, 0, 0, 0, 
25.5, 17.65, 100.33, 73.358, 74.134, , -4.498, 0.986, 1742.136, 1742.136, 2.07, -104.981, -104.981, -104.981, 53.452, 89.274, 35.332, 36.184, 7.378, 13.431, 0, 0, -10.593, -10.743, -10.593, -10.743, 1, 38.378, 38.378, 0.024, 0.133, -27.127, -27.504, -27.127, -27.504, 4.764, 7.378, 13.431, , , 1, 25.561, 0.075, 0, 14.5, 2.07, 203, 0, 0, 0, 67.808, 9.488, 10.46, 125.6, 58.058, 100, 0, 0, 31.064, 32, 13.936, 1.186, 108.468, 0, 0, 116.032, 39.19, 0, 0, 0.075, 0, 0, 14, 0, 14.5, 0, 2.07, 203, 0, 0, 0, 67.808, 1, 0.01, 0.011, 125.6, 58.058, 100, 0, 0, 141, 31.064, 32, 13.936, 1.186, 0, 108.468, 0, 0, 116.032, 39.19, 0, 0, 0, 0, 
25.55, 17.65, 100.33, 73.363, 74.136, , -4.555, 0.986, 1744.984, 1744.984, 2.055, -106.331, -106.331, -106.331, 53.47, 90.151, 35.26, 36.22, 7.377, 13.385, 0, 0, -10.667, -10.817, -10.667, -10.817, 1, 38.15, 38.15, 0.024, 0.133, -27.467, -27.85, -27.467, -27.85, 4.748, 7.377, 13.385, , , 1, 25.611, 0.091, 0, 14.5, 2.055, 203, 0, 0, 0, 68.204, 9.618, 10.538, 125.6, 58.771, 100, 0, 0, 30.762, 31.796, 14.136, 1.194, 108.364, 0, 0, 115.83, 38.896, 0, 0, 0.091, 0, 0, 14, 0, 14.5, 0, 2.055, 203, 0, 0, 0, 68.204, 1, 0.01, 0.011, 125.6, 58.771, 100, 0, 0, 141, 30.762, 31.796, 14.136, 1.194, 0, 108.364, 0, 0, 115.83, 38.896, 0, 0, 0, 0, 
25.6, 17.65, 100.33, 73.368, 74.137, , -4.607, 0.986, 1747.802, 1747.802, 2.038, -107.572, -107.572, -107.572, 53.484, 91.028, 35.188, 36.256, 7.377, 13.335, 0, 0, -10.727, -10.877, -10.727, -10.877, 1, 37.919, 37.919, 0.024, 0.133, -27.779, -28.167, -27.779, -28.167, 4.732, 7.377, 13.335, , , 1, 25.661, 0.107, 0, 14.5, 2.038, 203, 0, 0, 0, 68.504, 9.747, 10.505, 125.6, 59.508, 100, 0, 0, 30.412, 31.496, 14.336, 1.2, 108.164, 0, 0, 115.58, 38.522, 0, 0, 0.107, 0, 0, 14, 0, 14.5, 0, 2.038, 203, 0, 0, 0, 68.504, 1, 0.01, 0.011, 125.6, 59.508, 100, 0, 0, 141, 30.412, 31.496, 14.336, 1.2, 0, 108.164, 0, 0, 115.58, 38.522, 0, 0, 0, 0, 
25.65, 17.65, 100.33, 73.373, 74.139, , -4.653, 0.986, 1750.583, 1750.583, 2.02, -108.664, -108.664, -108.664, 53.497, 91.905, 35.116, 36.292, 7.378, 13.275, 0, 0, -10.767, -10.917, -10.767, -10.917, 1, 37.685, 37.685, 0.024, 0.134, -28.054, -28.446, -28.054, -28.446, 4.716, 7.378, 13.275, , , 1, 25.711, 0.123, 0, 14.5, 2.02, 203, 0, 0, 0, 68.804, 9.876, 10.472, 125.6, 60.245, 100, 0, 0, 30.062, 31.196, 14.536, 1.206, 107.964, 0, 0, 115.33, 38.148, 0, 0, 0.123, 0, 0, 14, 0, 14.5, 0, 2.02, 203, 0, 0, 0, 68.804, 1, 0.01, 0.01, 125.6, 60.245, 100, 0, 0, 141, 30.062, 31.196, 14.536, 1.206, 0, 107.964, 0, 0, 115.33, 38.148, 0, 0, 0, 0, 
25.7, 17.65, 100.33, 73.378, 74.14, , -4.691, 0.986, 1753.362, 1753.362, 2.003, -109.583, -109.583, -109.583, 53.509, 92.782, 35.028, 36.312, 7.378, 13.22, 0, 0, -10.79, -10.94, -10.79, -10.94, 1, 37.449, 37.449, 0.024, 0.134, -28.284, -28.681, -28.284, -28.681, 4.7, 7.378, 13.22, , , 1, 25.761, 0.139, 0, 14.5, 2.003, 203, 0, 0, 0, 69.104, 10.005, 10.439, 125.6, 60.982, 100, 0, 0, 29.712, 30.896, 14.736, 1.212, 107.764, 0, 0, 115.08, 37.774, 0, 0, 0.139, 0, 0, 14, 0, 14.5, 0, 2.003, 203, 0, 0, 0, 69.104, 1, 0.01, 0.01, 125.6, 60.982, 100, 0, 0, 141, 29.712, 30.896, 14.736, 1.212, 0, 107.764, 0, 0, 115.08, 37.774, 0, 0, 0, 0, 
25.75, 17.65, 100.33, 73.383, 74.142, , -4.731, 0.986, 1756.139, 1756.139, 1.986, -110.527, -110.527, -110.527, 53.517, 93.659, 34.884, 36.276, 7.379, 13.174, 0, 0, -10.815, -10.966, -10.815, -10.966, 1, 37.21, 37.21, 0.024, 0.134, -28.522, -28.922, -28.522, -28.922, 4.688, 7.379, 13.174, , , 1, 25.811, 0.155, 0, 14.5, 1.986, 203, 0, 0, 0, 69.404, 10.134, 10.406, 125.6, 61.719, 100, 0, 0, 29.362, 30.596, 14.936, 1.218, 107.564, 0, 0, 114.83, 37.4, 0, 0, 0.155, 0, 0, 14, 0, 14.5, 0, 1.986, 203, 0, 0, 0, 69.404, 1, 0.01, 0.01, 125.6, 61.719, 100, 0, 0, 141, 29.362, 30.596, 14.936, 1.218, 0, 107.564, 0, 0, 114.83, 37.4, 0, 0, 0, 0, 
25.8, 17.65, 100.33, 73.388, 74.143, , -4.81, 0.986, 1758.886, 1758.886, 1.976, -112.403, -112.403, -112.403, 53.526, 94.536, 34.74, 36.24, 7.379, 13.139, 0, 0, -10.925, -11.077, -10.925, -11.077, 1, 36.969, 36.969, 0.024, 0.134, -29.002, -29.409, -29.002, -29.409, 4.677, 7.379, 13.139, , , 1, 25.861, 0.145, 0, 14.5, 1.976, 203, 0, 0, 0, 69.574, 10.173, 10.397, 125.6, 62.228, 100, 0, 0, 29.14, 30.353, 15, 1.221, 107.352, 0, 0, 114.565, 37.189, 0, 0, 0.145, 0, 0, 14, 0, 14.5, 0, 1.976, 203, 0, 0, 0, 69.574, 1, 0.01, 0.01, 125.6, 62.228, 100, 0, 0, 141, 29.139, 30.353, 15, 1.221, 0, 107.352, 0, 0, 114.565, 37.189, 0, 0, 0, 0, 
25.85, 17.65, 100.33, 73.393, 74.145, , -4.875, 0.986, 1761.62, 1761.62, 1.969, -113.952, -113.952, -113.952, 53.538, 95.413, 34.596, 36.204, 7.38, 13.129, 0, 0, -11.001, -11.156, -11.001, -11.156, 1, 36.72, 36.72, 0.024, 0.134, -29.396, -29.808, -29.396, -29.808, 4.666, 7.38, 13.129, , , 1, 25.91, 0.123, 0, 14.5, 1.969, 203, 0, 0, 0, 69.683, 10.17, 10.4, 125.6, 62.629, 100, 0, 0, 28.977, 30.136, 15, 1.224, 107.135, 0, 0, 114.293, 37.055, 0, 0, 0.123, 0, 0, 14, 0, 14.5, 0, 1.969, 203, 0, 0, 0, 69.683, 1, 0.01, 0.01, 125.6, 62.629, 100, 0, 0, 141, 28.976, 30.136, 15, 1.224, 0, 107.135, 0, 0, 114.293, 37.055, 0, 0, 0, 0, 
25.9, 17.65, 100.33, 73.398, 74.146, , -4.918, 0.986, 1764.335, 1764.335, 1.963, -114.965, -114.965, -114.965, 53.552, 96.29, 34.452, 36.168, 7.38, 13.129, 0, 0, -11.023, -11.179, -11.023, -11.179, 1, 36.47, 36.47, 0.024, 0.134, -29.648, -30.066, -29.648, -30.066, 4.654, 7.38, 13.129, , , 1, 25.96, 0.102, 0, 14.5, 1.963, 203, 0, 0, 0, 69.791, 10.166, 10.404, 125.6, 63.03, 100, 0, 0, 28.815, 29.92, 15, 1.226, 106.917, 0, 0, 114.022, 36.92, 0, 0, 0.102, 0, 0, 14, 0, 14.5, 0, 1.963, 203, 0, 0, 0, 69.791, 1, 0.01, 0.01, 125.6, 63.03, 100, 0, 0, 141, 28.813, 29.92, 15, 1.226, 0, 106.917, 0, 0, 114.022, 36.92, 0, 0, 0, 0, 
25.95, 17.65, 100.33, 73.4, 74.148, , -4.971, 0.986, 1767.03, 1767.03, 1.957, -116.238, -116.238, -116.238, 53.57, 97.167, 34.38, 36.243, 7.38, 13.151, 0, 0, -11.068, -11.225, -11.068, -11.225, 1, 36.221, 36.221, 0.024, 0.134, -29.966, -30.389, -29.966, -30.389, 4.641, 7.38, 13.151, , , 1, 26.01, 0.08, 0, 14.5, 1.957, 203, 0, 0, 0, 69.9, 10.163, 10.407, 125.6, 63.431, 100, 0, 0, 28.653, 29.703, 15, 1.228, 106.7, 0, 0, 113.75, 36.786, 0, 0, 0.08, 0, 0, 14, 0, 14.5, 0, 1.957, 203, 0, 0, 0, 69.9, 1, 0.01, 0.01, 125.6, 63.431, 100, 0, 0, 141, 28.65, 29.703, 15, 1.228, 0, 106.7, 0, 0, 113.75, 36.786, 0, 0, 0, 0, 
26, 17.65, 100.33, 73.4, 74.149, , -5.03, 0.986, 1769.715, 1769.715, 1.95, -117.644, -117.644, -117.644, 53.593, 93.866, 34.56, 36.711, 7.38, 13.175, 0, 0, -11.125, -11.282, -11.125, -11.282, 1, 35.966, 35.966, 0.024, 0.134, -30.318, -30.745, -30.318, -30.745, 4.628, 7.38, 13.175, , , 1, 26.061, 0.059, 0, 14.5, 1.95, 203, 0, 0, 0, 70, 10.161, 10.415, 125.6, 63.824, 100, 0, 0, 28.482, 29.482, 15.016, 1.23, 106.468, 0, 0, 113.46, 36.645, 0, 0, 0.059, 0, 0, 14, 0, 14.5, 0, 1.95, 203, 0, 0, 0, 70, 1, 0.01, 0.01, 125.6, 63.824, 100, 0, 0, 141, 28.476, 29.482, 15.016, 1.23, 0, 106.468, 0, 0, 113.46, 36.645, 0, 0, 0, 0, 
26.05, 17.65, 100.33, 73.4, 74.151, , -5.077, 0.986, 1772.371, 1772.371, 1.937, -118.763, -118.763, -118.763, 53.618, 90.297, 34.74, 37.179, 7.38, 13.207, 0, 0, -11.151, -11.307, -11.151, -11.307, 1, 35.71, 35.71, 0.024, 0.134, -30.59, -31.02, -30.59, -31.02, 4.615, 7.38, 13.207, , , 1, 26.111, 0.049, 0, 14.5, 1.937, 203, 0, 0, 0, 70, 10.186, 10.502, 125.6, 64.12, 100, 0, 0, 28.181, 29.181, 15.216, 1.234, 106.068, 0, 0, 112.96, 36.396, 0, 0, 0.049, 0, 0, 14, 0, 14.5, 0, 1.937, 203, 0, 0, 0, 70, 1, 0.01, 0.01, 125.6, 64.12, 100, 0, 0, 141, 28.176, 29.181, 15.216, 1.234, 0, 106.068, 0, 0, 112.96, 36.396, 0, 0, 0, 0, 
26.1, 17.65, 100.33, 73.4, 74.152, , -5.113, 0.986, 1775.019, 1775.019, 1.925, -119.623, -119.623, -119.623, 53.656, 86.728, 34.92, 37.647, 7.38, 13.236, 0, 0, -11.151, -11.308, -11.151, -11.308, 1, 35.453, 35.453, 0.024, 0.134, -30.793, -31.226, -30.793, -31.226, 4.602, 7.38, 13.236, , , 1, 26.16, 0.039, 0, 14.5, 1.925, 203, 0, 0, 0, 70, 10.21, 10.588, 125.6, 64.416, 100, 0, 0, 27.88, 28.88, 15.416, 1.238, 105.668, 0, 0, 112.46, 36.147, 0, 0, 0.039, 0, 0, 14, 0, 14.5, 0, 1.925, 203, 0, 0, 0, 70, 1, 0.01, 0.01, 125.6, 64.416, 100, 0, 0, 141, 27.876, 28.88, 15.416, 1.238, 0, 105.668, 0, 0, 112.46, 36.147, 0, 0, 0, 0, 
26.15, 17.65, 100.33, 73.4, 74.154, , -5.089, 0.986, 1777.642, 1777.642, 1.912, -119.052, -119.052, -119.052, 53.695, 83.16, 35.1, 38.115, 7.38, 13.255, 0, 0, -11.018, -11.173, -11.018, -11.173, 1, 35.197, 35.197, 0.024, 0.134, -30.622, -31.051, -30.622, -31.051, 4.581, 7.38, 13.255, , , 1, 26.21, 0.029, 0, 14.5, 1.912, 203, 0, 0, 0, 70, 10.234, 10.674, 125.6, 64.712, 100, 0, 0, 27.578, 28.578, 15.616, 1.242, 105.268, 0, 0, 111.96, 35.898, 0, 0, 0.029, 0, 0, 14, 0, 14.5, 0, 1.912, 203, 0, 0, 0, 70, 1, 0.01, 0.011, 125.6, 64.712, 100, 0, 0, 141, 27.576, 28.578, 15.616, 1.242, 0, 105.268, 0, 0, 111.96, 35.898, 0, 0, 0, 0, 
26.2, 17.65, 100.33, 73.4, 74.156, , -5.063, 0.986, 1780.244, 1780.244, 1.9, -118.43, -118.43, -118.43, 53.739, 79.591, 35.28, 38.345, 7.38, 13.269, 0, 0, -10.882, -11.035, -10.882, -11.035, 1, 34.941, 34.941, 0.024, 0.135, -30.437, -30.863, -30.437, -30.863, 4.553, 7.38, 13.269, , , 1, 26.261, 0.019, 0, 14.5, 1.9, 203, 0, 0, 0, 70, 10.258, 10.761, 125.6, 65.008, 100, 0, 0, 27.277, 28.277, 15.816, 1.246, 104.868, 0, 0, 111.46, 35.649, 0, 0, 0.019, 0, 0, 14, 0, 14.5, 0, 1.9, 203, 0, 0, 0, 70, 1, 0.01, 0.011, 125.6, 65.008, 100, 0, 0, 141, 27.276, 28.277, 15.816, 1.246, 0, 104.868, 0, 0, 111.46, 35.649, 0, 0, 0, 0, 
26.25, 17.65, 100.33, 73.4, 74.157, , -5.032, 0.986, 1782.809, 1782.809, 1.887, -117.717, -117.717, -117.717, 53.787, 76.023, 35.46, 37.733, 7.379, 13.264, 0, 0, -10.739, -10.89, -10.739, -10.89, 1, 34.687, 34.687, 0.024, 0.135, -30.226, -30.65, -30.226, -30.65, 4.526, 7.379, 13.264, , , 1, 26.311, 0.016, 0, 14.498, 1.887, 203, 0, 0, 0, 70.023, 10.295, 10.855, 125.6, 65.357, 100, 0, 0, 26.965, 27.958, 16.015, 1.251, 104.465, 0, 0, 110.938, 35.391, 0, 0, 0.016, 0, 0, 14, 0, 14.498, 0, 1.887, 203, 0, 0, 0, 70.023, 1, 0.01, 0.011, 125.6, 65.357, 100, 0, 0, 141, 26.965, 27.958, 16.015, 1.251, 0, 104.465, 0, 0, 110.938, 35.391, 0, 0, 0, 0, 
26.3, 17.65, 100.33, 73.4, 74.159, , -4.99, 0.986, 1785.375, 1785.375, 1.868, -116.714, -116.714, -116.714, 53.838, 72.454, 35.64, 37.121, 7.379, 13.255, 0, 0, -10.571, -10.719, -10.571, -10.719, 1, 34.434, 34.434, 0.024, 0.135, -29.946, -30.367, -29.946, -30.367, 4.499, 7.379, 13.255, , , 1, 26.361, 0.089, 0, 14.479, 1.868, 203, 0, 0, 0, 70.312, 10.489, 11.04, 125.6, 66.314, 100, 0, 0, 26.533, 27.429, 16.208, 1.26, 104.033, 0, 0, 110.169, 35.033, 0, 0, 0.089, 0, 0, 14, 0, 14.479, 0, 1.868, 203, 0, 0, 0, 70.312, 1, 0.01, 0.011, 125.6, 66.314, 100, 0, 0, 141, 26.533, 27.429, 16.208, 1.26, 0, 104.033, 0, 0, 110.169, 35.033, 0, 0, 0, 0, 
26.35, 17.65, 100.33, 73.4, 74.16, , -4.938, 0.986, 1787.942, 1787.942, 1.85, -115.484, -115.484, -115.484, 53.866, 68.886, 35.82, 36.509, 7.378, 13.232, 0, 0, -10.383, -10.527, -10.383, -10.527, 1, 34.183, 34.183, 0.024, 0.135, -29.611, -30.028, -29.611, -30.028, 4.479, 7.378, 13.232, , , 1, 26.411, 0.162, 0, 14.46, 1.85, 203, 0, 0, 0, 70.6, 10.682, 11.226, 125.6, 67.272, 100, 0, 0, 26.1, 26.9, 16.4, 1.27, 103.6, 0, 0, 109.4, 34.674, 0, 0, 0.162, 0, 0, 14, 0, 14.46, 0, 1.85, 203, 0, 0, 0, 70.6, 1, 0.011, 0.011, 125.6, 67.272, 100, 0, 0, 141, 26.1, 26.9, 16.4, 1.27, 0, 103.6, 0, 0, 109.4, 34.674, 0, 0, 0, 0, 
26.4, 17.65, 100.33, 73.4, 74.158, , -4.893, 0.986, 1790.467, 1790.467, 1.832, -114.423, -114.423, -114.423, 53.88, 65.317, 36, 35.897, 7.378, 13.208, 0, 0, -10.213, -10.353, -10.213, -10.353, 1, 33.933, 33.933, 0.024, 0.135, -29.335, -29.749, -29.335, -29.749, 4.469, 7.378, 13.208, , , 1, 26.461, 0.235, 0, 14.441, 1.832, 203, 0, 0, 0, 70.888, 10.875, 11.412, 125.6, 68.23, 100, 0, 0, 25.667, 26.371, 16.592, 1.28, 103.167, 0, 0, 108.631, 34.315, 0, 0, 0.235, 0, 0, 14, 0, 14.441, 0, 1.832, 203, 0, 0, 0, 70.888, 1, 0.011, 0.012, 125.6, 68.23, 100, 0, 0, 141, 25.667, 26.371, 16.592, 1.28, 0, 103.167, 0, 0, 108.631, 34.315, 0, 0, 0, 0, 
26.45, 17.65, 100.33, 73.4, 74.157, , -4.851, 0.986, 1792.977, 1792.977, 1.814, -113.426, -113.426, -113.426, 53.863, 61.748, 36.061, 35.452, 7.377, 13.176, 0, 0, -10.05, -10.187, -10.05, -10.187, 1, 33.685, 33.685, 0.023, 0.135, -29.084, -29.494, -29.084, -29.494, 4.458, 7.377, 13.176, , , 1, 26.511, 0.308, 0, 14.422, 1.814, 203, 0, 0, 0, 71.177, 11.069, 11.597, 125.6, 69.187, 100, 0, 0, 25.235, 25.842, 16.785, 1.289, 102.735, 0, 0, 107.862, 33.957, 0, 0, 0.308, 0, 0, 14, 0, 14.422, 0, 1.814, 203, 0, 0, 0, 71.177, 1, 0.011, 0.012, 125.6, 69.187, 100, 0, 0, 141, 25.235, 25.842, 16.785, 1.289, 0, 102.735, 0, 0, 107.862, 33.957, 0, 0, 0, 0, 
26.5, 17.65, 100.33, 73.4, 74.155, , -4.857, 0.986, 1795.464, 1795.464, 1.796, -113.578, -113.578, -113.578, 53.838, 58.18, 35.701, 35.596, 7.377, 13.143, 0, 0, -9.988, -10.125, -9.988, -10.125, 1, 33.438, 33.438, 0.023, 0.135, -29.139, -29.551, -29.139, -29.551, 4.448, 7.377, 13.143, , , 1, 26.56, 0.381, 0, 14.402, 1.796, 203, 0, 0, 0, 71.465, 11.262, 11.783, 125.6, 70.145, 100, 0, 0, 24.802, 25.313, 16.977, 1.299, 102.302, 0, 0, 107.092, 33.598, 0, 0, 0.381, 0, 0, 14, 0, 14.402, 0, 1.796, 203, 0, 0, 0, 71.465, 1, 0.011, 0.012, 125.6, 70.145, 100, 0, 0, 141, 24.802, 25.313, 16.977, 1.299, 0, 102.302, 0, 0, 107.092, 33.598, 0, 0, 0, 0, 
26.55, 17.65, 100.33, 73.4, 74.154, , -4.87, 0.986, 1797.948, 1797.948, 1.787, -113.887, -113.887, -113.887, 53.814, 54.611, 35.341, 35.74, 7.377, 13.102, 0, 0, -9.94, -10.077, -9.94, -10.077, 1, 33.191, 33.191, 0.023, 0.135, -29.237, -29.65, -29.237, -29.65, 4.439, 7.377, 13.102, , , 1, 26.61, 0.424, 0, 14.38, 1.787, 203, 0, 0, 0, 71.6, 11.372, 11.84, 125.6, 70.592, 100, 0, 0, 24.6, 25.1, 17, 1.302, 102.1, 0, 0, 106.8, 33.43, 0, 0, 0.424, 0, 0, 14, 0, 14.38, 0, 1.787, 203, 0, 0, 0, 71.6, 1, 0.012, 0.012, 125.6, 70.74, 100, 0, 0, 141, 24.6, 25.1, 17, 1.302, 0, 102.1, 0, 0, 106.8, 33.43, 0, 0, 0, 0, 
26.6, 17.65, 100.33, 73.4, 74.152, , -4.842, 0.986, 1800.405, 1800.405, 1.78, -113.234, -113.234, -113.234, 53.791, 51.043, 34.981, 35.884, 7.377, 13.06, 0, 0, -9.81, -9.945, -9.81, -9.945, 1, 32.944, 32.944, 0.023, 0.135, -29.07, -29.482, -29.07, -29.482, 4.437, 7.377, 13.06, , , 1, 26.661, 0.463, 0, 14.357, 1.78, 203, 0, 0, 0, 71.714, 11.471, 11.88, 125.6, 70.969, 100, 0, 0, 24.43, 24.93, 17, 1.304, 101.93, 0, 0, 106.573, 33.288, 0, 0, 0.463, 0, 0, 14, 0, 14.357, 0, 1.78, 203, 0, 0, 0, 71.714, 1, 0.012, 0.012, 125.6, 71.285, 100, 0, 0, 141, 24.43, 24.93, 17, 1.304, 0, 101.93, 0, 0, 106.573, 33.288, 0, 0, 0, 0, 
26.65, 17.65, 100.33, 73.4, 74.151, , -4.807, 0.986, 1802.858, 1802.858, 1.772, -112.404, -112.404, -112.404, 53.808, 62.399, 34.621, 36.028, 7.377, 13.007, 0, 0, -9.665, -9.798, -9.665, -9.798, 1, 32.699, 32.699, 0.023, 0.135, -28.857, -29.266, -28.857, -29.266, 4.435, 7.377, 13.007, , , 1, 26.711, 0.501, 0, 14.335, 1.772, 203, 0, 0, 0, 71.827, 11.57, 11.92, 125.6, 71.347, 100, 0, 0, 24.259, 24.759, 17, 1.307, 101.759, 0, 0, 106.345, 33.146, 0, 0, 0.501, 0, 0, 14, 0, 14.335, 0, 1.772, 203, 0, 0, 0, 71.827, 1, 0.012, 0.012, 125.6, 71.831, 100, 0, 0, 141, 24.259, 24.759, 17, 1.307, 0, 101.759, 0, 0, 106.345, 33.146, 0, 0, 0, 0, 
26.7, 17.65, 100.33, 73.4, 74.149, , -4.686, 0.986, 1805.266, 1805.266, 1.765, -109.534, -109.534, -109.534, 53.828, 68.035, 34.379, 36.101, 7.377, 12.953, 0, 0, -9.356, -9.486, -9.356, -9.486, 1, 32.455, 32.455, 0.023, 0.134, -28.106, -28.505, -28.106, -28.505, 4.433, 7.377, 12.953, , , 1, 26.761, 0.54, 0, 14.312, 1.765, 203, 0, 0, 0, 71.941, 11.669, 11.959, 125.6, 71.724, 100, 0, 0, 24.089, 24.589, 17, 1.309, 101.589, 0, 0, 106.118, 33.004, 0, 0, 0.54, 0, 0, 14, 0, 14.312, 0, 1.765, 203, 0, 0, 0, 71.941, 1, 0.012, 0.012, 125.6, 72.376, 100, 0, 0, 141, 24.089, 24.589, 17, 1.309, 0, 101.589, 0, 0, 106.118, 33.004, 0, 0, 0, 0, 
26.75, 17.65, 100.33, 73.4, 74.148, , -4.561, 0.986, 1807.67, 1807.67, 1.753, -106.561, -106.561, -106.561, 53.868, 68.688, 34.557, 35.923, 7.377, 12.89, 0, 0, -9.039, -9.165, -9.039, -9.165, 1, 32.224, 32.224, 0.023, 0.134, -27.328, -27.716, -27.328, -27.716, 4.431, 7.377, 12.89, , , 1, 26.811, 0.507, 0, 14.27, 1.753, 203, 0, 0, 0, 72, 11.683, 11.962, 125.6, 72.159, 100, 0, 0, 23.851, 24.351, 17.05, 1.312, 101.151, 0, 0, 105.577, 32.776, 0, 0, 0.507, 0, 0, 14, 0, 14.27, 0, 1.753, 203, 0, 0, 0, 72, 1, 0.012, 0.012, 125.6, 72.826, 100, 0, 0, 141, 23.851, 24.351, 17.05, 1.312, 0, 101.151, 0, 0, 105.577, 32.776, 0, 0, 0, 0, 
26.8, 17.65, 100.33, 73.4, 74.146, , -4.408, 0.986, 1810.054, 1810.054, 1.736, -102.951, -102.951, -102.951, 53.901, 69.34, 34.735, 35.745, 7.377, 12.828, 0, 0, -8.673, -8.794, -8.673, -8.794, 1, 31.995, 31.995, 0.023, 0.134, -26.386, -26.76, -26.386, -26.76, 4.427, 7.377, 12.828, , , 1, 26.861, 0.396, 0, 14.208, 1.736, 203, 0, 0, 0, 72, 11.606, 11.925, 125.6, 72.657, 100, 0, 0, 23.539, 24.039, 17.154, 1.316, 100.425, 0, 0, 104.695, 32.454, 0, 0, 0.396, 0, 0, 14, 0, 14.208, 0, 1.736, 203, 0, 0, 0, 72, 1, 0.012, 0.012, 125.6, 73.172, 100, 0, 0, 141, 23.539, 24.039, 17.154, 1.316, 0, 100.425, 0, 0, 104.695, 32.454, 0, 0, 0, 0, 
26.85, 17.65, 100.33, 73.4, 74.145, , -4.249, 0.986, 1812.428, 1812.428, 1.72, -99.172, -99.172, -99.172, 53.908, 69.992, 34.913, 35.567, 7.378, 12.77, 0, 0, -8.295, -8.411, -8.295, -8.411, 1, 31.779, 31.779, 0.023, 0.134, -25.405, -25.766, -25.405, -25.766, 4.424, 7.378, 12.77, , , 1, 26.91, 0.285, 0, 14.146, 1.72, 203, 0, 0, 0, 72, 11.53, 11.887, 125.6, 73.155, 100, 0, 0, 23.228, 23.728, 17.257, 1.32, 99.699, 0, 0, 103.813, 32.132, 0, 0, 0.285, 0, 0, 14, 0, 14.146, 0, 1.72, 203, 0, 0, 0, 72, 1, 0.012, 0.012, 125.6, 73.518, 100, 0, 0, 141, 23.228, 23.728, 17.257, 1.32, 0, 99.699, 0, 0, 103.813, 32.132, 0, 0, 0, 0, 
26.9, 17.65, 100.33, 73.4, 74.143, , -4.057, 0.986, 1814.763, 1814.763, 1.703, -94.628, -94.628, -94.628, 53.904, 70.645, 35.091, 35.389, 7.378, 12.713, 0, 0, -7.863, -7.974, -7.863, -7.974, 1, 31.567, 31.567, 0.024, 0.134, -24.251, -24.594, -24.251, -24.594, 4.42, 7.378, 12.713, , , 1, 26.96, 0.174, 0, 14.083, 1.703, 203, 0, 0, 0, 72, 11.453, 11.85, 125.6, 73.653, 100, 0, 0, 22.917, 23.417, 17.361, 1.324, 98.973, 0, 0, 102.932, 31.811, 0, 0, 0.174, 0, 0, 14, 0, 14.083, 0, 1.703, 203, 0, 0, 0, 72, 1, 0.012, 0.012, 125.6, 73.863, 100, 0, 0, 141, 22.917, 23.417, 17.361, 1.324, 0, 98.973, 0, 0, 102.932, 31.811, 0, 0, 0, 0, 
26.95, 17.65, 100.33, 73.4, 74.142, , -3.873, 0.986, 1817.093, 1817.093, 1.687, -90.254, -90.254, -90.254, 53.857, 71.297, 35.24, 35.234, 7.379, 12.675, 0, 0, -7.448, -7.553, -7.448, -7.553, 1, 31.369, 31.369, 0.024, 0.134, -23.142, -23.469, -23.142, -23.469, 4.416, 7.379, 12.675, , , 1, 27.011, 0.063, 0, 14.021, 1.687, 203, 0, 0, 0, 72, 11.376, 11.813, 125.6, 74.151, 100, 0, 0, 22.606, 23.106, 17.465, 1.329, 98.247, 0, 0, 102.05, 31.489, 0, 0, 0.063, 0, 0, 14, 0, 14.021, 0, 1.687, 203, 0, 0, 0, 72, 1, 0.012, 0.012, 125.6, 74.209, 100, 0, 0, 141, 22.606, 23.106, 17.465, 1.329, 0, 98.247, 0, 0, 102.05, 31.489, 0, 0, 0, 0, 
27, 17.65, 100.33, 73.4, 74.14, , -3.717, 0.986, 1819.404, 1819.404, 1.677, -86.56, -86.56, -86.56, 53.808, 71.949, 35.24, 35.198, 7.379, 12.637, 0, 0, -7.103, -7.204, -7.103, -7.204, 1, 31.174, 31.174, 0.024, 0.134, -22.216, -22.53, -22.216, -22.53, 4.418, 7.379, 12.637, , , 1, 27.061, 0.027, 0, 13.986, 1.677, 203, 0, 0, 0, 72, 11.372, 11.811, 125.6, 74.447, 100, 0, 0, 22.431, 22.931, 17.569, 1.33, 97.862, 0, 0, 101.508, 31.337, 0, 0, 0.027, 0, 0, 14, 0, 13.986, 0, 1.677, 203, 0, 0, 0, 72, 1, 0.012, 0.012, 125.6, 74.45, 100, 0, 0, 141, 22.431, 22.931, 17.569, 1.33, 0, 97.862, 0, 0, 101.508, 31.337, 0, 0, 0, 0, 
27.05, 17.65, 100.33, 73.4, 74.139, , -3.541, 0.986, 1821.712, 1821.712, 1.671, -82.388, -82.388, -82.388, 53.749, 72.602, 35.24, 35.161, 7.38, 12.609, 0, 0, -6.721, -6.817, -6.721, -6.817, 1, 30.992, 30.992, 0.024, 0.134, -21.167, -21.466, -21.167, -21.466, 4.42, 7.38, 12.609, , , 1, 27.111, 0.03, 0, 13.965, 1.671, 203, 0, 0, 0, 72, 11.406, 11.828, 125.6, 74.639, 100, 0, 0, 22.326, 22.826, 17.674, 1.33, 97.653, 0, 0, 101.142, 31.272, 0, 0, 0.03, 0, 0, 14, 0, 13.965, 0, 1.671, 203, 0, 0, 0, 72, 1, 0.012, 0.012, 125.6, 74.642, 100, 0, 0, 141, 22.326, 22.826, 17.674, 1.33, 0, 97.653, 0, 0, 101.142, 31.272, 0, 0, 0, 0, 
27.1, 17.65, 100.33, 73.4, 74.137, , -3.274, 0.986, 1824.001, 1824.001, 1.664, -76.045, -76.045, -76.045, 53.688, 73.254, 35.24, 35.125, 7.38, 12.581, 0, 0, -6.174, -6.261, -6.174, -6.261, 1, 30.815, 30.815, 0.024, 0.134, -19.559, -19.836, -19.559, -19.836, 4.422, 7.38, 12.581, , , 1, 27.161, 0.033, 0, 13.944, 1.664, 203, 0, 0, 0, 72, 11.439, 11.845, 125.6, 74.832, 100, 0, 0, 22.222, 22.722, 17.778, 1.33, 97.444, 0, 0, 100.776, 31.207, 0, 0, 0.033, 0, 0, 14, 0, 13.944, 0, 1.664, 203, 0, 0, 0, 72, 1, 0.012, 0.012, 125.6, 74.834, 100, 0, 0, 141, 22.222, 22.722, 17.778, 1.33, 0, 97.444, 0, 0, 100.776, 31.207, 0, 0, 0, 0, 
27.15, 17.65, 100.33, 73.4, 74.135, , -2.865, 0.986, 1826.286, 1826.286, 1.658, -66.351, -66.351, -66.351, 53.617, 73.906, 35.24, 35.088, 7.38, 12.551, 0, 0, -5.361, -5.436, -5.361, -5.436, 1, 30.66, 30.66, 0.024, 0.134, -17.076, -17.317, -17.076, -17.317, 4.425, 7.38, 12.551, , , 1, 27.211, 0.036, 0, 13.923, 1.658, 203, 0, 0, 0, 72, 11.473, 11.861, 125.6, 75.024, 100, 0, 0, 22.117, 22.617, 17.883, 1.33, 97.234, 0, 0, 100.41, 31.143, 0, 0, 0.036, 0, 0, 14, 0, 13.923, 0, 1.658, 203, 0, 0, 0, 72, 1, 0.012, 0.012, 125.6, 75.025, 100, 0, 0, 141, 22.117, 22.617, 17.883, 1.33, 0, 97.234, 0, 0, 100.41, 31.143, 0, 0, 0, 0, 
27.2, 17.65, 100.33, 73.4, 74.134, , -1.589, 0.986, 1828.554, 1828.554, 1.652, -36.073, -36.073, -36.073, 53.525, 74.559, 35.288, 35.155, 7.379, 12.522, 0, 0, -2.916, -2.955, -2.916, -2.955, 1, 30.521, 30.521, 0.024, 0.134, -9.213, -9.343, -9.213, -9.343, 4.405, 7.379, 12.522, , , 1, 27.261, 0.04, 0, 13.903, 1.652, 203, 0, 0, 0, 72, 11.506, 11.878, 125.6, 75.217, 100, 0, 0, 22.013, 22.513, 17.987, 1.33, 97.025, 0, 0, 100.044, 31.078, 0, 0, 0.04, 0, 0, 14, 0, 13.903, 0, 1.652, 203, 0, 0, 0, 72, 1, 0.012, 0.012, 125.6, 75.217, 100, 0, 0, 141, 22.013, 22.513, 17.987, 1.33, 0, 97.025, 0, 0, 100.044, 31.078, 0, 0, 0, 0, 
27.25, 17.65, 100.33, 73.4, 74.132, , -0.279, 0.986, 1830.819, 1830.819, 1.642, -5.001, -5.001, -5.001, 53.293, 75.211, 35.504, 35.587, 7.379, 12.489, 0, 0, -0.405, -0.408, -0.405, -0.408, 1, 30.5, 30.5, 0.024, 0.135, -1.127, -1.142, -1.127, -1.142, 4.384, 7.379, 12.489, , , 1, 27.311, 0.036, 0, 13.874, 1.642, 203, 0, 0, 0, 72.176, 11.499, 11.928, 125.6, 75.5, 100, 0, 0, 21.956, 22.456, 18, 1.334, 96.648, 0, 0, 99.692, 31.07, 0, 0, 0.036, 0, 0, 14, 0, 13.874, 0, 1.642, 203, 0, 0, 0, 72.176, 1, 0.012, 0.012, 125.6, 75.5, 100, 0, 0, 141, 21.956, 22.456, 18, 1.334, 0, 96.648, 0, 0, 99.692, 31.07, 0, 0, 0, 0, 
27.3, 17.65, 100.33, 73.4, 74.131, , 1.415, 0.986, 1833.042, 1833.042, 1.631, 35.194, 35.194, 35.194, 53.052, 75.863, 35.72, 36.019, 7.378, 12.455, 0, 0, 2.866, 2.91, 2.866, 2.91, 1, 30.486, 30.486, 0.024, 0.135, 9.537, 9.673, 9.537, 9.673, 4.362, 7.378, 12.455, , , 1, 27.36, 0.031, 0, 13.844, 1.631, 203, 0, 0, 0, 72.376, 11.487, 11.983, 125.6, 75.796, 100, 0, 0, 21.906, 22.406, 18, 1.338, 96.248, 0, 0, 99.342, 31.07, 0, 0, 0.031, 0, 0, 14, 0, 13.844, 0, 1.631, 203, 0, 0, 0, 72.376, 1, 0.012, 0.012, 125.6, 75.796, 100, 0, 0, 141, 21.906, 22.406, 18, 1.338, 0, 96.248, 0, 0, 99.342, 31.07, 0, 0, 0, 0, 
27.35, 17.65, 100.33, 73.4, 74.129, , 3.11, 0.986, 1835.266, 1835.266, 1.621, 75.389, 75.389, 75.389, 52.598, 76.516, 35.936, 36.451, 7.378, 12.434, 0, 0, 6.138, 6.227, 6.138, 6.227, 1, 30.64, 30.64, 0.024, 0.135, 20.2, 20.487, 20.2, 20.487, 4.341, 7.378, 12.434, , , 1, 27.41, 0.026, 0, 13.814, 1.621, 203, 0, 0, 0, 72.576, 11.475, 12.038, 125.6, 76.092, 100, 0, 0, 21.856, 22.356, 18, 1.342, 95.848, 0, 0, 98.992, 31.07, 0, 0, 0.026, 0, 0, 14, 0, 13.814, 0, 1.621, 203, 0, 0, 0, 72.576, 1, 0.011, 0.012, 125.6, 76.092, 100, 0, 0, 141, 21.856, 22.356, 18, 1.342, 0, 95.848, 0, 0, 98.992, 31.07, 0, 0, 0, 0, 
27.4, 17.65, 100.33, 73.4, 74.128, , 4.884, 0.986, 1837.489, 1837.489, 1.611, 117.484, 117.484, 117.484, 52.144, 77.168, 36.152, 36.883, 7.377, 12.413, 0, 0, 9.633, 9.772, 9.633, 9.772, 1, 30.794, 30.794, 0.024, 0.135, 31.672, 32.121, 31.672, 32.121, 4.324, 7.377, 12.413, , , 1, 27.461, 0.021, 0, 13.784, 1.611, 203, 0, 0, 0, 72.776, 11.463, 12.093, 125.6, 76.388, 100, 0, 0, 21.806, 22.306, 18, 1.346, 95.448, 0, 0, 98.642, 31.07, 0, 0, 0.021, 0, 0, 14, 0, 13.784, 0, 1.611, 203, 0, 0, 0, 72.776, 1, 0.011, 0.012, 125.6, 76.388, 100, 0, 0, 141, 21.806, 22.306, 18, 1.346, 0, 95.448, 0, 0, 98.642, 31.07, 0, 0, 0, 0, 
27.45, 17.65, 100.33, 73.4, 74.126, , 6.66, 0.986, 1839.712, 1839.712, 1.6, 159.617, 159.617, 159.617, 51.539, 77.82, 36.241, 37.133, 7.377, 12.403, 0, 0, 13.133, 13.322, 13.133, 13.322, 1, 31.115, 31.115, 0.024, 0.135, 43.161, 43.772, 43.161, 43.772, 4.307, 7.377, 12.403, , , 1, 27.511, 0.016, 0, 13.754, 1.6, 203, 0, 0, 0, 72.976, 11.451, 12.148, 125.6, 76.684, 100, 0, 0, 21.756, 22.256, 18, 1.35, 95.048, 0, 0, 98.292, 31.07, 0, 0, 0.016, 0, 0, 14, 0, 13.754, 0, 1.6, 203, 0, 0, 0, 72.976, 1, 0.011, 0.012, 125.6, 76.684, 100, 0, 0, 141, 21.756, 22.256, 18, 1.35, 0, 95.048, 0, 0, 98.292, 31.07, 0, 0, 0, 0, 
27.5, 17.65, 100.33, 73.4, 74.125, , 7.533, 0.986, 1841.954, 1841.954, 1.598, 180.343, 180.343, 180.343, 50.925, 78.473, 35.881, 36.737, 7.377, 12.394, 0, 0, 14.996, 15.21, 14.996, 15.21, 1, 31.447, 31.447, 0.024, 0.135, 49.171, 49.865, 49.171, 49.865, 4.29, 7.377, 12.394, , , 1, 27.561, 0.012, 0, 13.74, 1.598, 203, 0, 0, 0, 73, 11.442, 12.102, 125.6, 76.72, 100, 0, 0, 21.798, 22.298, 18, 1.35, 95, 0, 0, 98.298, 31.189, 0, 0, 0.012, 0, 0, 14, 0, 13.74, 0, 1.598, 203, 0, 0, 0, 73, 1, 0.011, 0.012, 125.6, 76.72, 100, 0, 0, 141, 21.798, 22.298, 18, 1.35, 0, 95, 0, 0, 98.298, 31.189, 0, 0, 0, 0, 
27.55, 17.65, 100.33, 73.4, 74.123, , 8.306, 0.986, 1844.199, 1844.199, 1.596, 198.691, 198.691, 198.691, 50.444, 79.125, 35.521, 36.341, 7.377, 12.385, 0, 0, 16.677, 16.913, 16.677, 16.913, 1, 31.847, 31.847, 0.024, 0.135, 54.571, 55.341, 54.571, 55.341, 4.274, 7.377, 12.385, , , 1, 27.611, 0.009, 0, 13.73, 1.596, 203, 0, 0, 0, 73, 11.434, 12.043, 125.6, 76.72, 100, 0, 0, 21.852, 22.352, 18, 1.35, 95, 0, 0, 98.352, 31.323, 0, 0, 0.009, 0, 0, 14, 0, 13.73, 0, 1.596, 203, 0, 0, 0, 73, 1, 0.011, 0.012, 125.6, 76.72, 100, 0, 0, 141, 21.852, 22.352, 18, 1.35, 0, 95, 0, 0, 98.352, 31.323, 0, 0, 0, 0, 
27.6, 17.65, 100.33, 73.4, 74.122, , 8.651, 0.986, 1846.498, 1846.498, 1.595, 206.884, 206.884, 206.884, 49.988, 79.778, 35.161, 35.945, 7.377, 12.375, 0, 0, 17.579, 17.829, 17.579, 17.829, 1, 32.261, 32.261, 0.024, 0.135, 57.191, 57.998, 57.191, 57.998, 4.263, 7.377, 12.375, , , 1, 27.661, 0.006, 0, 13.719, 1.595, 203, 0, 0, 0, 73, 11.425, 11.983, 125.6, 76.72, 100, 0, 0, 21.907, 22.407, 18, 1.35, 95, 0, 0, 98.407, 31.458, 0, 0, 0.006, 0, 0, 14, 0, 13.719, 0, 1.595, 203, 0, 0, 0, 73, 1, 0.011, 0.012, 125.6, 76.72, 100, 0, 0, 141, 21.907, 22.407, 18, 1.35, 0, 95, 0, 0, 98.407, 31.458, 0, 0, 0, 0, 
27.65, 17.65, 100.33, 73.4, 74.12, , 8.902, 0.986, 1848.811, 1848.811, 1.593, 212.847, 212.847, 212.847, 49.71, 80.43, 34.801, 35.549, 7.377, 12.364, 0, 0, 18.31, 18.571, 18.31, 18.571, 1, 32.691, 32.691, 0.024, 0.135, 59.201, 60.036, 59.201, 60.036, 4.253, 7.377, 12.364, , , 1, 27.711, 0.002, 0, 13.708, 1.593, 203, 0, 0, 0, 73, 11.416, 11.923, 125.6, 76.72, 100, 0, 0, 21.961, 22.461, 18, 1.35, 95, 0, 0, 98.461, 31.593, 0, 0, 0.002, 0, 0, 14, 0, 13.708, 0, 1.593, 203, 0, 0, 0, 73, 1, 0.011, 0.012, 125.6, 76.72, 100, 0, 0, 141, 21.961, 22.461, 18, 1.35, 0, 95, 0, 0, 98.461, 31.593, 0, 0, 0, 0, 
27.7, 17.65, 100.33, 73.4, 74.12, , 9.096, 0.986, 1851.178, 1851.178, 1.598, 217.434, 217.434, 217.434, 49.477, 81.082, 34.569, 35.221, 7.377, 12.352, 0, 0, 18.958, 19.228, 18.958, 19.228, 1, 33.126, 33.126, 0.024, 0.135, 60.658, 61.513, 60.658, 61.513, 4.242, 7.377, 12.352, , , 1, 27.761, 0, 0, 13.723, 1.598, 203, 0, 0, 0, 73.058, 11.433, 11.903, 125.6, 76.614, 100, 0, 0, 22.058, 22.586, 18, 1.351, 95.289, 0, 0, 98.789, 31.833, 0, 0, 0, 0, 0, 14, 0, 13.723, 0, 1.598, 203, 0, 0, 0, 73.058, 1, 0.011, 0.012, 125.6, 76.614, 100, 0, 0, 141, 22.058, 22.586, 18, 1.351, 0, 95.289, 0, 0, 98.789, 31.833, 0, 0, 0, 0, 
27.75, 17.65, 100.33, 73.4, 74.12, , 9.274, 0.986, 1853.561, 1853.561, 1.618, 221.676, 221.676, 221.676, 49.401, 81.735, 34.792, 35.135, 7.377, 12.354, 0, 0, 19.584, 19.862, 19.584, 19.862, 1, 33.576, 33.576, 0.024, 0.135, 61.976, 62.849, 61.976, 62.849, 4.232, 7.377, 12.354, , , 1, 27.811, 0, 0, 13.806, 1.618, 203, 0, 0, 0, 73.264, 11.515, 11.985, 125.6, 76.233, 100, 0, 0, 22.263, 22.895, 18, 1.355, 96.322, 0, 0, 99.822, 32.346, 0, 0, 0, 0, 0, 14, 0, 13.806, 0, 1.618, 203, 0, 0, 0, 73.264, 1, 0.011, 0.012, 125.6, 76.233, 100, 0, 0, 141, 22.263, 22.895, 18, 1.355, 0, 96.322, 0, 0, 99.822, 32.346, 0, 0, 0, 0, 
27.8, 17.65, 100.33, 73.4, 74.12, , 9.367, 0.986, 1855.984, 1855.984, 1.639, 223.881, 223.881, 223.881, 49.365, 82.387, 35.016, 35.049, 7.377, 12.358, 0, 0, 20.043, 20.328, 20.043, 20.328, 1, 34.03, 34.03, 0.024, 0.135, 62.636, 63.52, 62.636, 63.52, 4.225, 7.377, 12.358, , , 1, 27.861, 0, 0, 13.888, 1.639, 203, 0, 0, 0, 73.471, 11.598, 12.068, 125.6, 75.853, 100, 0, 0, 22.469, 23.204, 18, 1.359, 97.355, 0, 0, 100.855, 32.858, 0, 0, 0, 0, 0, 14, 0, 13.888, 0, 1.639, 203, 0, 0, 0, 73.471, 1, 0.011, 0.012, 125.6, 75.853, 100, 0, 0, 141, 22.469, 23.204, 18, 1.359, 0, 97.355, 0, 0, 100.855, 32.858, 0, 0, 0, 0, 
27.85, 17.65, 100.33, 73.4, 74.12, , 9.44, 0.986, 1858.415, 1858.415, 1.66, 225.638, 225.638, 225.638, 49.357, 83.039, 35.239, 34.963, 7.377, 12.385, 0, 0, 20.464, 20.757, 20.464, 20.757, 1, 34.487, 34.487, 0.024, 0.135, 63.152, 64.044, 63.152, 64.044, 4.219, 7.377, 12.385, , , 1, 27.911, 0, 0, 13.971, 1.66, 203, 0, 0, 0, 73.678, 11.68, 12.15, 125.6, 75.473, 100, 0, 0, 22.675, 23.512, 18, 1.363, 98.388, 0, 0, 101.888, 33.37, 0, 0, 0, 0, 0, 14, 0, 13.971, 0, 1.66, 203, 0, 0, 0, 73.678, 1, 0.012, 0.012, 125.6, 75.473, 100, 0, 0, 141, 22.675, 23.512, 18, 1.363, 0, 98.388, 0, 0, 101.888, 33.37, 0, 0, 0, 0, 
27.9, 17.65, 100.33, 73.4, 74.12, , 9.554, 0.986, 1860.894, 1860.894, 1.68, 228.352, 228.352, 228.352, 49.353, 83.692, 35.462, 34.878, 7.377, 12.414, 0, 0, 20.991, 21.29, 20.991, 21.29, 1, 34.945, 34.945, 0.024, 0.135, 63.9, 64.803, 63.9, 64.803, 4.213, 7.377, 12.414, , , 1, 27.961, 0, 0, 14.054, 1.68, 203, 0, 0, 0, 73.884, 11.762, 12.232, 125.6, 75.093, 100, 0, 0, 22.881, 23.821, 18, 1.368, 99.421, 0, 0, 102.921, 33.883, 0, 0, 0, 0, 0, 14, 0, 14.054, 0, 1.68, 203, 0, 0, 0, 73.884, 1, 0.012, 0.012, 125.6, 75.093, 100, 0, 0, 141, 22.881, 23.821, 18, 1.368, 0, 99.421, 0, 0, 102.921, 33.883, 0, 0, 0, 0, 
27.95, 17.65, 100.33, 73.4, 74.12, , 9.668, 0.986, 1863.379, 1863.379, 1.703, 231.047, 231.047, 231.047, 49.376, 84.344, 35.686, 34.792, 7.377, 12.458, 0, 0, 21.517, 21.824, 21.517, 21.824, 1, 35.417, 35.417, 0.024, 0.135, 64.638, 65.551, 64.638, 65.551, 4.208, 7.377, 12.458, , , 1, 28.011, 0.031, 0, 14.082, 1.703, 203, 0, 0, 0, 74.176, 11.868, 12.299, 125.6, 74.977, 100, 0, 0, 23.127, 24.211, 18.176, 1.375, 100.22, 0, 0, 103.632, 34.337, 0, 0, 0.031, 0, 0, 14, 0, 14.082, 0, 1.703, 203, 0, 0, 0, 74.176, 1, 0.012, 0.012, 125.6, 74.977, 100, 0, 0, 141, 23.127, 24.211, 18.176, 1.375, 0, 100.22, 0, 0, 103.632, 34.337, 0, 0, 0, 0, 
28, 17.65, 100.33, 73.4, 74.12, , 9.654, 0.986, 1865.946, 1865.946, 1.728, 230.727, 230.727, 230.727, 49.401, 84.996, 35.709, 34.846, 7.377, 12.504, 0, 0, 21.775, 22.086, 21.775, 22.086, 1, 35.89, 35.89, 0.024, 0.135, 64.502, 65.414, 64.502, 65.414, 4.212, 7.377, 12.504, , , 1, 28.061, 0.101, 0, 14.042, 1.728, 203, 0, 0, 0, 74.576, 12.007, 12.343, 125.6, 75.197, 100, 0, 0, 23.428, 24.713, 18.576, 1.387, 100.72, 0, 0, 103.932, 34.71, 0, 0, 0.101, 0, 0, 14, 0, 14.042, 0, 1.728, 203, 0, 0, 0, 74.576, 1, 0.012, 0.012, 125.6, 75.197, 100, 0, 0, 141, 23.428, 24.713, 18.576, 1.387, 0, 100.72, 0, 0, 103.932, 34.71, 0, 0, 0, 0, 
28.05, 17.65, 100.33, 73.4, 74.12, , 9.646, 0.986, 1868.525, 1868.525, 1.753, 230.546, 230.546, 230.546, 49.434, 85.649, 35.727, 34.902, 7.377, 12.556, 0, 0, 22.045, 22.36, 22.045, 22.36, 1, 36.362, 36.362, 0.024, 0.135, 64.408, 65.318, 64.408, 65.318, 4.222, 7.377, 12.556, , , 1, 28.111, 0.171, 0, 14.002, 1.753, 203, 0, 0, 0, 74.976, 12.145, 12.387, 125.6, 75.417, 100, 0, 0, 23.729, 25.215, 18.976, 1.399, 101.22, 0, 0, 104.232, 35.084, 0, 0, 0.171, 0, 0, 14, 0, 14.002, 0, 1.753, 203, 0, 0, 0, 74.976, 1, 0.012, 0.012, 125.6, 75.417, 100, 0, 0, 141, 23.729, 25.215, 18.976, 1.399, 0, 101.22, 0, 0, 104.232, 35.084, 0, 0, 0, 0, 
28.1, 17.65, 100.33, 73.4, 74.12, , 9.659, 0.986, 1871.148, 1871.148, 1.779, 230.86, 230.86, 230.86, 49.465, 86.301, 35.746, 34.959, 7.377, 12.609, 0, 0, 22.358, 22.676, 22.358, 22.676, 1, 36.835, 36.835, 0.024, 0.135, 64.461, 65.368, 64.461, 65.368, 4.233, 7.377, 12.609, , , 1, 28.161, 0.241, 0, 13.962, 1.779, 203, 0, 0, 0, 75.376, 12.284, 12.431, 125.6, 75.637, 100, 0, 0, 24.03, 25.717, 19.376, 1.411, 101.72, 0, 0, 104.532, 35.457, 0, 0, 0.241, 0, 0, 14, 0, 13.962, 0, 1.779, 203, 0, 0, 0, 75.376, 1, 0.012, 0.012, 125.6, 75.637, 100, 0, 0, 141, 24.03, 25.717, 19.376, 1.411, 0, 101.72, 0, 0, 104.532, 35.457, 0, 0, 0, 0, 
28.15, 17.65, 100.33, 73.4, 74.12, , 9.666, 0.986, 1873.796, 1873.796, 1.804, 231.039, 231.039, 231.039, 49.489, 86.953, 35.765, 35.016, 7.377, 12.668, 0, 0, 22.661, 22.982, 22.661, 22.982, 1, 37.308, 37.308, 0.024, 0.135, 64.478, 65.385, 64.478, 65.385, 4.244, 7.377, 12.668, , , 1, 28.211, 0.311, 0, 13.922, 1.804, 203, 0, 0, 0, 75.776, 12.422, 12.475, 125.6, 75.857, 100, 0, 0, 24.331, 26.219, 19.776, 1.423, 102.22, 0, 0, 104.832, 35.831, 0, 0, 0.311, 0, 0, 14, 0, 13.922, 0, 1.804, 203, 0, 0, 0, 75.776, 1, 0.012, 0.012, 125.6, 75.857, 100, 0, 0, 141, 24.331, 26.219, 19.776, 1.423, 0, 102.22, 0, 0, 104.832, 35.831, 0, 0, 0, 0, 
28.2, 17.65, 100.33, 73.4, 74.12, , 9.666, 0.986, 1876.48, 1876.48, 1.829, 231.045, 231.045, 231.045, 49.51, 87.606, 35.78, 35.06, 7.377, 12.728, 0, 0, 22.953, 23.275, 22.953, 23.275, 1, 37.781, 37.781, 0.024, 0.135, 64.451, 65.358, 64.451, 65.358, 4.249, 7.377, 12.728, , , 1, 28.261, 0.337, 0, 13.925, 1.829, 203, 0, 0, 0, 76, 12.444, 12.459, 125.6, 75.768, 100, 0, 0, 24.746, 26.787, 20, 1.432, 102.623, 0, 0, 105.123, 36.295, 0, 0, 0.337, 0, 0, 14, 0, 13.925, 0, 1.829, 203, 0, 0, 0, 76, 1, 0.012, 0.012, 125.6, 75.768, 100, 0, 0, 141, 24.746, 26.787, 20, 1.432, 0, 102.623, 0, 0, 105.123, 36.295, 0, 0, 0, 0, 
28.25, 17.65, 100.33, 73.4, 74.12, , 9.614, 0.986, 1879.206, 1879.206, 1.853, 229.806, 229.806, 229.806, 49.527, 88.258, 35.78, 35.06, 7.377, 12.803, 0, 0, 23.111, 23.436, 23.111, 23.436, 1, 38.254, 38.254, 0.024, 0.134, 64.074, 64.977, 64.074, 64.977, 4.243, 7.377, 12.803, , , 1, 28.311, 0.307, 0, 13.981, 1.853, 203, 0, 0, 0, 76, 12.317, 12.366, 125.6, 75.287, 100, 0, 0, 25.306, 27.44, 20, 1.435, 102.903, 0, 0, 105.403, 36.876, 0, 0, 0.307, 0, 0, 14, 0, 13.981, 0, 1.853, 203, 0, 0, 0, 76, 1, 0.012, 0.012, 125.6, 75.287, 100, 0, 0, 141, 25.306, 27.44, 20, 1.435, 0, 102.903, 0, 0, 105.403, 36.876, 0, 0, 0, 0, 
28.3, 17.65, 100.33, 73.4, 74.12, , 9.538, 0.986, 1881.953, 1881.953, 1.878, 228.033, 228.033, 228.033, 49.558, 88.91, 35.78, 35.06, 7.377, 12.882, 0, 0, 23.213, 23.54, 23.213, 23.54, 1, 38.722, 38.722, 0.024, 0.134, 63.547, 64.443, 63.547, 64.443, 4.237, 7.377, 12.882, , , 1, 28.36, 0.277, 0, 14.037, 1.878, 203, 0, 0, 0, 76, 12.19, 12.272, 125.6, 74.806, 100, 0, 0, 25.866, 28.093, 20, 1.439, 103.183, 0, 0, 105.683, 37.456, 0, 0, 0.277, 0, 0, 14, 0, 14.037, 0, 1.878, 203, 0, 0, 0, 76, 1, 0.012, 0.012, 125.6, 74.806, 100, 0, 0, 141, 25.866, 28.093, 20, 1.439, 0, 103.183, 0, 0, 105.683, 37.456, 0, 0, 0, 0, 
28.35, 17.65, 100.33, 73.4, 74.12, , 9.373, 0.986, 1886.144, 1886.144, 1.903, 224.128, 224.128, 224.128, 49.603, 89.563, 35.78, 35.06, 7.377, 12.971, 0, 0, 23.207, 23.534, 23.207, 23.534, 1, 39.222, 39.222, 0.024, 0.134, 62.356, 63.238, 62.356, 63.238, 4.231, 7.377, 12.971, , , 1, 28.411, 0.247, 0, 14.093, 1.903, 203, 0, 0, 0, 76, 12.064, 12.179, 125.6, 74.324, 100, 0, 0, 26.425, 28.746, 20, 1.443, 103.463, 0, 0, 105.963, 38.036, 0, 0, 0.247, 0, 0, 14, 0, 14.093, 0, 1.903, 203, 0, 0, 0, 76, 1, 0.012, 0.012, 125.6, 74.324, 100, 0, 0, 141, 26.425, 28.746, 20, 1.443, 0, 103.463, 0, 0, 105.963, 38.036, 0, 0, 0, 0, 
28.4, 17.65, 100.33, 73.4, 74.12, , 9.184, 0.986, 1889.936, 1889.936, 1.927, 219.634, 219.634, 219.634, 49.704, 90.215, 35.78, 35.06, 7.377, 13.064, 0, 0, 23.084, 23.411, 23.084, 23.411, 1, 39.901, 39.901, 0.024, 0.134, 61.006, 61.87, 61.006, 61.87, 4.225, 7.377, 13.064, , , 1, 28.461, 0.217, 0, 14.149, 1.927, 203, 0, 0, 0, 76, 11.937, 12.086, 125.6, 73.843, 100, 0, 0, 26.985, 29.399, 20, 1.447, 103.743, 0, 0, 106.243, 38.616, 0, 0, 0.217, 0, 0, 14, 0, 14.149, 0, 1.927, 203, 0, 0, 0, 76, 1, 0.012, 0.012, 125.6, 73.843, 100, 0, 0, 141, 26.985, 29.399, 20, 1.447, 0, 103.743, 0, 0, 106.243, 38.616, 0, 0, 0, 0, 
28.45, 17.65, 100.33, 73.4, 74.12, , 8.946, 0.986, 1892.819, 1892.819, 1.952, 214, 214, 214, 49.8, 90.867, 35.772, 35.068, 7.377, 13.155, 0, 0, 22.737, 23.06, 22.737, 23.06, 1, 40.451, 40.451, 0.024, 0.134, 59.346, 60.187, 59.346, 60.187, 4.221, 7.377, 13.155, , , 1, 28.511, 0.187, 0.002, 14.205, 1.952, 203, 0, 0, 0, 75.985, 11.808, 11.993, 125.6, 73.366, 100, 0, 0, 27.546, 30.038, 20, 1.45, 104.046, 0, 0, 106.577, 39.179, 0, 0, 0.187, 0, 0, 14, 0.002, 14.205, 0, 1.952, 203, 0, 0, 0, 75.985, 1, 0.012, 0.012, 125.6, 73.366, 100, 0, 0, 141, 27.546, 30.038, 20, 1.45, 0, 104.046, 0, 0, 106.577, 39.179, 0, 0, 0, 0, 
28.5, 17.65, 100.33, 73.4, 74.12, , 8.706, 0.986, 1895.727, 1895.727, 1.978, 208.318, 208.318, 208.318, 49.891, 91.52, 35.736, 35.104, 7.377, 13.245, 0, 0, 22.362, 22.68, 22.362, 22.68, 1, 40.882, 40.882, 0.024, 0.134, 57.67, 58.487, 57.67, 58.487, 4.218, 7.377, 13.245, , , 1, 28.561, 0.151, 0.027, 14.262, 1.978, 203, 0, 0, 0, 75.792, 11.658, 11.911, 125.6, 72.939, 100, 0, 0, 28.123, 30.519, 20, 1.446, 104.623, 0, 0, 107.538, 39.536, 0, 0, 0.151, 0, 0, 14, 0.027, 14.262, 0, 1.978, 203, 0, 0, 0, 75.792, 1, 0.012, 0.012, 125.6, 72.937, 100, 0, 0, 141, 28.123, 30.519, 20, 1.446, 0, 104.623, 0, 0, 107.538, 39.536, 0, 0, 0, 0, 
28.55, 17.65, 100.33, 73.4, 74.12, , 8.455, 0.986, 1898.653, 1898.653, 2.005, 202.369, 202.369, 202.369, 49.984, 92.172, 35.7, 35.14, 7.377, 13.318, 0, 0, 21.947, 22.258, 21.947, 22.258, 1, 41.3, 41.3, 0.023, 0.134, 55.92, 56.711, 55.92, 56.711, 4.214, 7.377, 13.318, , , 1, 28.611, 0.114, 0.052, 14.32, 2.005, 203, 0, 0, 0, 75.6, 11.508, 11.828, 125.6, 72.512, 100, 0, 0, 28.7, 31, 20, 1.442, 105.2, 0, 0, 108.5, 39.894, 0, 0, 0.114, 0, 0, 14, 0.052, 14.32, 0, 2.005, 203, 0, 0, 0, 75.6, 1, 0.012, 0.012, 125.6, 72.509, 100, 0, 0, 141, 28.7, 31, 20, 1.442, 0, 105.2, 0, 0, 108.5, 39.894, 0, 0, 0, 0, 
28.6, 17.65, 100.33, 73.4, 74.12, , 8.111, 0.986, 1901.647, 1901.647, 2.031, 194.212, 194.212, 194.212, 50.079, 92.824, 35.664, 35.176, 7.377, 13.384, 0, 0, 21.264, 21.566, 21.264, 21.566, 1, 41.707, 41.707, 0.023, 0.134, 53.565, 54.322, 53.565, 54.322, 4.212, 7.377, 13.384, , , 1, 28.66, 0.077, 0.077, 14.378, 2.031, 203, 0, 0, 0, 75.408, 11.358, 11.745, 125.6, 72.085, 100, 0, 0, 29.277, 31.481, 20, 1.438, 105.777, 0, 0, 109.462, 40.252, 0, 0, 0.077, 0, 0, 14, 0.077, 14.378, 0, 2.031, 203, 0, 0, 0, 75.408, 1, 0.011, 0.012, 125.6, 72.08, 100, 0, 0, 141, 29.277, 31.481, 20, 1.438, 0, 105.777, 0, 0, 109.462, 40.252, 0, 0, 0, 0, 
28.65, 17.65, 100.33, 73.4, 74.12, , 7.791, 0.986, 1904.64, 1904.64, 2.057, 186.633, 186.633, 186.633, 50.179, 93.477, 35.628, 35.212, 7.377, 13.427, 0, 0, 20.627, 20.92, 20.627, 20.92, 1, 42.097, 42.097, 0.023, 0.134, 51.374, 52.098, 51.374, 52.098, 4.222, 7.377, 13.427, , , 1, 28.711, 0.041, 0.102, 14.435, 2.057, 203, 0, 0, 0, 75.215, 11.208, 11.663, 125.6, 71.658, 100, 0, 0, 29.854, 31.962, 20, 1.434, 106.354, 0, 0, 110.423, 40.609, 0, 0, 0.041, 0, 0, 14, 0.102, 14.435, 0, 2.057, 203, 0, 0, 0, 75.215, 1, 0.011, 0.012, 125.6, 71.651, 100, 0, 0, 141, 29.854, 31.962, 20, 1.434, 0, 106.354, 0, 0, 110.423, 40.609, 0, 0, 0, 0, 
28.7, 17.65, 100.33, 73.4, 74.12, , 7.492, 0.986, 1907.633, 1907.633, 2.084, 179.545, 179.545, 179.545, 50.279, 94.129, 35.624, 35.28, 7.377, 13.46, 0, 0, 20.03, 20.312, 20.03, 20.312, 1, 42.468, 42.468, 0.023, 0.134, 49.32, 50.015, 49.32, 50.015, 4.233, 7.377, 13.46, , , 1, 28.761, 0.004, 0.127, 14.493, 2.084, 203, 0, 0, 0, 75.023, 11.058, 11.58, 125.6, 71.231, 100, 0, 0, 30.431, 32.442, 20, 1.43, 106.931, 0, 0, 111.385, 40.967, 0, 0, 0.004, 0, 0, 14, 0.127, 14.493, 0, 2.084, 203, 0, 0, 0, 75.023, 1, 0.011, 0.012, 125.6, 71.223, 100, 0, 0, 141, 30.431, 32.442, 20, 1.43, 0, 106.931, 0, 0, 111.385, 40.967, 0, 0, 0, 0, 
28.75, 17.65, 100.33, 73.4, 74.12, , 7.205, 0.986, 1910.704, 1910.704, 2.107, 172.747, 172.747, 172.747, 50.377, 94.781, 35.732, 35.46, 7.377, 13.466, 0, 0, 19.433, 19.707, 19.433, 19.707, 1, 42.829, 42.829, 0.023, 0.134, 47.369, 48.036, 47.369, 48.036, 4.243, 7.377, 13.466, , , 1, 28.811, 0, 0.137, 14.5, 2.107, 203.352, 0, 0, 0, 73.944, 10.741, 11.188, 125.6, 69.492, 100, 0, 0, 31.028, 32.764, 19.296, 1.398, 107.528, 0, 0, 112.556, 41.448, 0, 0, 0, 0, 0, 14, 0.137, 14.5, 0, 2.107, 203.352, 0, 0, 0, 73.944, 1, 0.011, 0.011, 125.6, 69.461, 100, 0, 0, 141, 31.028, 32.764, 19.296, 1.398, 0, 107.528, 0, 0, 112.556, 41.448, 0, 0, 0, 0, 
28.8, 17.65, 100.33, 73.4, 74.12, , 6.927, 0.986, 1913.795, 1913.795, 2.13, 166.157, 166.157, 166.157, 50.465, 95.434, 35.84, 35.64, 7.377, 13.459, 0, 0, 18.847, 19.112, 18.847, 19.112, 1, 43.18, 43.18, 0.023, 0.134, 45.481, 46.122, 45.481, 46.122, 4.254, 7.377, 13.459, , , 1, 28.861, 0, 0.145, 14.5, 2.13, 203.752, 0, 0, 0, 72.744, 10.401, 10.754, 125.6, 67.574, 100, 0, 0, 31.628, 33.064, 18.496, 1.362, 108.128, 0, 0, 113.756, 41.946, 0, 0, 0, 0, 0, 14, 0.145, 14.5, 0, 2.13, 203.752, 0, 0, 0, 72.744, 1, 0.01, 0.011, 125.6, 67.55, 100, 0, 0, 141, 31.628, 33.064, 18.496, 1.362, 0, 108.128, 0, 0, 113.756, 41.946, 0, 0, 0, 0, 
28.85, 17.65, 100.33, 73.4, 74.12, , 6.659, 0.986, 1916.908, 1916.908, 2.153, 159.792, 159.792, 159.792, 50.55, 96.086, 35.948, 35.82, 7.377, 13.435, 0, 0, 18.272, 18.529, 18.272, 18.529, 1, 43.512, 43.512, 0.023, 0.134, 43.661, 44.277, 43.661, 44.277, 4.268, 7.377, 13.435, , , 1, 28.911, 0, 0.153, 14.5, 2.153, 204.152, 0, 0, 0, 71.544, 10.061, 10.32, 125.6, 65.656, 100, 0, 0, 32.228, 33.364, 17.696, 1.326, 108.728, 0, 0, 114.956, 42.444, 0, 0, 0, 0, 0, 14, 0.153, 14.5, 0, 2.153, 204.152, 0, 0, 0, 71.544, 1, 0.01, 0.01, 125.6, 65.64, 100, 0, 0, 141, 32.228, 33.364, 17.696, 1.326, 0, 108.728, 0, 0, 114.956, 42.444, 0, 0, 0, 0, 
28.9, 17.65, 100.33, 73.4, 74.12, , 6.425, 0.986, 1920.062, 1920.062, 2.175, 154.265, 154.265, 154.265, 50.632, 96.739, 36.056, 36, 7.377, 13.401, 0, 0, 17.765, 18.016, 17.765, 18.016, 1, 43.834, 43.834, 0.023, 0.134, 42.085, 42.679, 42.085, 42.679, 4.282, 7.377, 13.401, , , 1, 28.961, 0, 0.161, 14.5, 2.175, 204.552, 0, 0, 0, 70.344, 9.721, 9.886, 125.6, 63.738, 100, 0, 0, 32.828, 33.664, 16.896, 1.29, 109.328, 0, 0, 116.156, 42.942, 0, 0, 0, 0, 0, 14, 0.161, 14.5, 0, 2.175, 204.552, 0, 0, 0, 70.344, 1, 0.009, 0.01, 125.6, 63.73, 100, 0, 0, 141, 32.828, 33.664, 16.896, 1.29, 0, 109.328, 0, 0, 116.156, 42.942, 0, 0, 0, 0, 
28.95, 17.65, 100.33, 73.4, 74.12, , 6.18, 0.986, 1923.239, 1923.239, 2.198, 148.447, 148.447, 148.447, 50.709, 97.391, 36.053, 36.14, 7.377, 13.355, 0, 0, 17.214, 17.458, 17.214, 17.458, 1, 44.145, 44.145, 0.024, 0.134, 40.438, 41.008, 40.438, 41.008, 4.296, 7.377, 13.355, , , 1, 29.011, 0, 0.169, 14.5, 2.198, 204.952, 0, 0, 0, 69.144, 9.381, 9.452, 125.6, 61.82, 100, 0, 0, 33.428, 33.964, 16.096, 1.254, 109.928, 0, 0, 117.356, 43.44, 0, 0, 0, 0, 0, 14, 0.169, 14.5, 0, 2.198, 204.952, 0, 0, 0, 69.144, 1, 0.009, 0.009, 125.6, 61.819, 100, 0, 0, 141, 33.428, 33.964, 16.096, 1.254, 0, 109.928, 0, 0, 117.356, 43.44, 0, 0, 0, 0, 
29, 17.649, 100.33, 73.4, 74.12, , 5.923, 0.986, 1926.44, 1926.44, 2.217, 142.351, 142.351, 142.351, 50.777, 89.442, 35.657, 36.14, 7.378, 13.303, 0, 0, 16.621, 16.859, 16.621, 16.859, 1, 44.443, 44.443, 0.024, 0.134, 38.722, 39.266, 38.722, 39.266, 4.312, 7.378, 13.303, , , 1, 29.061, 0, 0.182, 14.5, 2.217, 205, 0, 0, 0, 68.296, 9.102, 9.11, 125.6, 60.547, 100, 0, 0, 33.852, 34.264, 15.472, 1.229, 109.648, 0, 0, 117.5, 43.718, 0, 0, 0, 0, 0, 14, 0.182, 14.5, 0, 2.217, 205, 0, 0, 0, 68.296, 1, 0.009, 0.009, 125.6, 60.547, 100, 0, 0, 141, 33.852, 34.264, 15.472, 1.229, 0, 109.648, 0, 0, 117.5, 43.718, 0, 0, 0, 0, 
29.05, 17.648, 100.33, 73.4, 74.119, , 5.73, 0.986, 1929.683, 1929.683, 2.236, 137.791, 137.791, 137.791, 50.841, 80.943, 35.261, 36.14, 7.378, 13.259, 0, 0, 16.194, 16.425, 16.194, 16.425, 1, 44.731, 44.731, 0.024, 0.134, 37.434, 37.961, 37.434, 37.961, 4.347, 7.378, 13.259, , , 1, 29.11, 0, 0.196, 14.5, 2.236, 205, 0, 0, 0, 67.496, 8.832, 8.78, 125.6, 59.363, 100, 0, 0, 34.252, 34.564, 14.872, 1.205, 109.248, 0, 0, 117.5, 43.966, 0, 0, 0, 0, 0, 14, 0.196, 14.5, 0, 2.236, 205, 0, 0, 0, 67.496, 1, 0.009, 0.009, 125.6, 59.363, 100, 0, 0, 141, 34.252, 34.564, 14.872, 1.205, 0, 109.248, 0, 0, 117.5, 43.966, 0, 0, 0, 0, 
29.1, 17.647, 100.33, 73.4, 74.118, , 5.533, 0.986, 1932.926, 1932.926, 2.254, 133.107, 133.107, 133.107, 50.904, 72.445, 34.865, 36.14, 7.379, 13.221, 0, 0, 15.742, 15.967, 15.742, 15.967, 1, 45.009, 45.009, 0.024, 0.134, 36.115, 36.624, 36.115, 36.624, 4.382, 7.379, 13.221, , , 1, 29.16, 0, 0.21, 14.5, 2.254, 205, 0, 0, 0, 66.696, 8.562, 8.45, 125.6, 58.178, 100, 0, 0, 34.652, 34.864, 14.272, 1.181, 108.848, 0, 0, 117.5, 44.214, 0, 0, 0, 0, 0, 14, 0.21, 14.5, 0, 2.254, 205, 0, 0, 0, 66.696, 1, 0.008, 0.008, 125.6, 58.178, 100, 0, 0, 141, 34.652, 34.864, 14.272, 1.181, 0, 108.848, 0, 0, 117.5, 44.214, 0, 0, 0, 0, 
29.15, 17.646, 100.33, 73.4, 74.117, , 5.342, 0.986, 1936.175, 1936.175, 2.272, 128.583, 128.583, 128.583, 50.967, 63.947, 34.469, 36.14, 7.379, 13.192, 0, 0, 15.3, 15.519, 15.3, 15.519, 1, 45.276, 45.276, 0.024, 0.134, 34.843, 35.334, 34.843, 35.334, 4.417, 7.379, 13.192, , , 1, 29.211, 0, 0.224, 14.5, 2.272, 205, 0, 0, 0, 65.896, 8.292, 8.12, 125.6, 56.993, 100, 0, 0, 35.052, 35.164, 13.672, 1.157, 108.448, 0, 0, 117.5, 44.462, 0, 0, 0, 0, 0, 14, 0.224, 14.5, 0, 2.272, 205, 0, 0, 0, 65.896, 1, 0.008, 0.008, 125.6, 56.993, 100, 0, 0, 141, 35.052, 35.164, 13.672, 1.157, 0, 108.448, 0, 0, 117.5, 44.462, 0, 0, 0, 0, 
29.2, 17.645, 100.33, 73.4, 74.116, , 5.215, 0.986, 1939.464, 1939.464, 2.291, 125.591, 125.591, 125.591, 51.028, 55.448, 34.184, 36.148, 7.38, 13.169, 0, 0, 15.03, 15.246, 15.03, 15.246, 1, 45.537, 45.537, 0.024, 0.134, 33.991, 34.472, 33.991, 34.472, 4.452, 7.38, 13.169, , , 1, 29.261, 0, 0.238, 14.5, 2.291, 205, 0, 0, 0, 65.096, 8.022, 7.79, 125.6, 55.808, 100, 0, 0, 35.452, 35.464, 13.072, 1.133, 108.048, 0, 0, 117.5, 44.71, 0, 0, 0, 0, 0, 14, 0.238, 14.5, 0, 2.291, 205, 0, 0, 0, 65.096, 1, 0.008, 0.008, 125.6, 55.808, 100, 0, 0, 141, 35.452, 35.464, 13.072, 1.133, 0, 108.048, 0, 0, 117.5, 44.71, 0, 0, 0, 0, 
29.25, 17.644, 100.33, 73.4, 74.116, , 5.113, 0.986, 1942.787, 1942.787, 2.307, 123.158, 123.158, 123.158, 51.086, 46.95, 34.292, 36.184, 7.38, 13.156, 0, 0, 14.823, 15.035, 14.823, 15.035, 1, 45.793, 45.793, 0.024, 0.134, 33.296, 33.768, 33.296, 33.768, 4.469, 7.38, 13.156, , , 1, 29.311, 0, 0.222, 14.5, 2.307, 205, 0, 0, 0, 64.472, 7.837, 7.625, 125.6, 54.493, 100, 0, 0, 35.94, 35.94, 12.648, 1.116, 107.736, 0, 0, 117.236, 45.067, 0, 0, 0, 0, 0, 14, 0.222, 14.5, 0, 2.307, 205, 0, 0, 0, 64.472, 1, 0.008, 0.008, 125.6, 54.493, 100, 0, 0, 141, 35.94, 35.94, 12.648, 1.116, 0, 107.736, 0, 0, 117.236, 45.067, 0, 0, 0, 0, 
29.3, 17.642, 100.33, 73.4, 74.115, , 5.006, 0.986, 1946.122, 1946.122, 2.322, 120.645, 120.645, 120.645, 51.138, 63.126, 34.4, 36.22, 7.379, 13.15, 0, 0, 14.6, 14.809, 14.6, 14.809, 1, 46.043, 46.043, 0.024, 0.134, 32.582, 33.045, 32.582, 33.045, 4.482, 7.379, 13.15, , , 1, 29.36, 0, 0.202, 14.5, 2.322, 205, 0, 0, 0, 63.872, 7.663, 7.483, 125.6, 53.163, 100, 0, 0, 36.44, 36.44, 12.248, 1.1, 107.436, 0, 0, 116.936, 45.439, 0, 0, 0, 0, 0, 14, 0.202, 14.5, 0, 2.322, 205, 0, 0, 0, 63.872, 1, 0.008, 0.008, 125.6, 53.163, 100, 0, 0, 141, 36.44, 36.44, 12.248, 1.1, 0, 107.436, 0, 0, 116.936, 45.439, 0, 0, 0, 0, 
29.35, 17.641, 100.33, 73.4, 74.114, , 4.874, 0.986, 1949.458, 1949.458, 2.338, 117.497, 117.497, 117.497, 51.193, 64.339, 34.508, 36.256, 7.379, 13.144, 0, 0, 14.297, 14.5, 14.297, 14.5, 1, 46.286, 46.286, 0.024, 0.134, 31.698, 32.147, 31.698, 32.147, 4.494, 7.379, 13.144, , , 1, 29.411, 0, 0.182, 14.5, 2.338, 205, 0, 0, 0, 63.272, 7.489, 7.341, 125.6, 51.833, 100, 0, 0, 36.94, 36.94, 11.848, 1.084, 107.136, 0, 0, 116.636, 45.811, 0, 0, 0, 0, 0, 14, 0.182, 14.5, 0, 2.338, 205, 0, 0, 0, 63.272, 1, 0.007, 0.007, 125.6, 51.833, 100, 0, 0, 141, 36.94, 36.94, 11.848, 1.084, 0, 107.136, 0, 0, 116.636, 45.811, 0, 0, 0, 0, 
29.4, 17.64, 100.33, 73.4, 74.113, , 4.796, 0.986, 1952.838, 1952.838, 2.354, 115.66, 115.66, 115.66, 51.25, 65.236, 34.616, 36.292, 7.378, 13.137, 0, 0, 14.146, 14.345, 14.146, 14.345, 1, 46.524, 46.524, 0.024, 0.134, 31.169, 31.61, 31.169, 31.61, 4.507, 7.378, 13.137, , , 1, 29.461, 0, 0.162, 14.5, 2.354, 205, 0, 0, 0, 62.672, 7.315, 7.199, 125.6, 50.503, 100, 0, 0, 37.44, 37.44, 11.448, 1.068, 106.836, 0, 0, 116.336, 46.183, 0, 0, 0, 0, 0, 14, 0.162, 14.5, 0, 2.354, 205, 0, 0, 0, 62.672, 1, 0.007, 0.007, 125.6, 50.503, 100, 0, 0, 141, 37.44, 37.44, 11.448, 1.068, 0, 106.836, 0, 0, 116.336, 46.183, 0, 0, 0, 0, 
29.45, 17.639, 100.33, 73.4, 74.113, , 4.695, 0.986, 1956.222, 1956.222, 2.369, 113.26, 113.26, 113.26, 51.306, 66.133, 34.645, 36.249, 7.378, 13.134, 0, 0, 13.922, 14.117, 13.922, 14.117, 1, 46.76, 46.76, 0.024, 0.134, 30.489, 30.92, 30.489, 30.92, 4.507, 7.378, 13.134, , , 1, 29.511, 0, 0.142, 14.5, 2.369, 205, 0, 0, 0, 62.072, 7.141, 7.057, 125.6, 49.173, 100, 0, 0, 37.94, 37.94, 11.048, 1.052, 106.536, 0, 0, 116.036, 46.555, 0, 0, 0, 0, 0, 14, 0.142, 14.5, 0, 2.369, 205, 0, 0, 0, 62.072, 1, 0.007, 0.007, 125.6, 49.173, 100, 0, 0, 141, 37.94, 37.94, 11.048, 1.052, 0, 106.536, 0, 0, 116.036, 46.555, 0, 0, 0, 0, 
29.5, 17.638, 100.33, 73.4, 74.112, , 4.572, 0.986, 1959.606, 1959.606, 2.389, 110.368, 110.368, 110.368, 51.36, 67.03, 34.393, 35.925, 7.377, 13.135, 0, 0, 13.635, 13.824, 13.635, 13.824, 1, 46.991, 46.991, 0.024, 0.134, 29.678, 30.096, 29.678, 30.096, 4.501, 7.377, 13.135, , , 1, 29.56, 0, 0.123, 14.5, 2.389, 205, 0, 0, 0, 61.736, 7.012, 6.916, 125.6, 48.214, 100, 0, 0, 38.396, 38.396, 10.824, 1.041, 106.06, 0, 0, 115.472, 46.929, 0, 0, 0, 0, 0, 14, 0.123, 14.5, 0, 2.389, 205, 0, 0, 0, 61.736, 1, 0.007, 0.007, 125.6, 48.442, 100, 0, 0, 141, 38.396, 38.396, 10.824, 1.041, 0, 106.06, 0, 0, 115.472, 46.929, 0, 0, 0, 0, 
29.55, 17.637, 100.33, 73.4, 74.111, , 4.469, 0.986, 1962.99, 1962.99, 2.409, 107.918, 107.918, 107.918, 51.41, 67.928, 34.141, 35.601, 7.377, 13.143, 0, 0, 13.397, 13.583, 13.397, 13.583, 1, 47.216, 47.216, 0.024, 0.134, 28.99, 29.399, 28.99, 29.399, 4.496, 7.377, 13.143, , , 1, 29.61, 0, 0.104, 14.5, 2.409, 205, 0, 0, 0, 61.436, 6.889, 6.775, 125.6, 47.295, 100, 0, 0, 38.846, 38.846, 10.624, 1.031, 105.56, 0, 0, 114.872, 47.303, 0, 0, 0, 0, 0, 14, 0.104, 14.5, 0, 2.409, 205, 0, 0, 0, 61.436, 1, 0.007, 0.007, 125.6, 47.778, 100, 0, 0, 141, 38.846, 38.846, 10.624, 1.031, 0, 105.56, 0, 0, 114.872, 47.303, 0, 0, 0, 0, 
29.6, 17.636, 100.33, 73.4, 74.11, , 4.385, 0.986, 1966.452, 1966.452, 2.429, 105.929, 105.929, 105.929, 51.457, 68.825, 33.889, 35.277, 7.377, 13.157, 0, 0, 13.212, 13.395, 13.212, 13.395, 1, 47.436, 47.436, 0.024, 0.134, 28.43, 28.834, 28.43, 28.834, 4.49, 7.377, 13.157, , , 1, 29.661, 0, 0.085, 14.5, 2.429, 205, 0, 0, 0, 61.136, 6.766, 6.634, 125.6, 46.377, 100, 0, 0, 39.296, 39.296, 10.424, 1.021, 105.06, 0, 0, 114.272, 47.677, 0, 0, 0, 0, 0, 14, 0.085, 14.5, 0, 2.429, 205, 0, 0, 0, 61.136, 1, 0.007, 0.007, 125.6, 47.114, 100, 0, 0, 141, 39.296, 39.296, 10.424, 1.021, 0, 105.06, 0, 0, 114.272, 47.677, 0, 0, 0, 0, 
29.65, 17.634, 100.33, 73.4, 74.11, , 4.27, 0.986, 1969.915, 1969.915, 2.45, 103.198, 103.198, 103.198, 51.494, 69.722, 33.637, 34.953, 7.377, 13.178, 0, 0, 12.928, 13.108, 12.928, 13.108, 1, 47.649, 47.649, 0.024, 0.134, 27.676, 28.069, 27.676, 28.069, 4.492, 7.377, 13.178, , , 1, 29.711, 0, 0.066, 14.5, 2.45, 205, 0, 0, 0, 60.836, 6.643, 6.493, 125.6, 45.459, 100, 0, 0, 39.746, 39.746, 10.224, 1.011, 104.56, 0, 0, 113.672, 48.051, 0, 0, 0, 0, 0, 14, 0.066, 14.5, 0, 2.45, 205, 0, 0, 0, 60.836, 1, 0.007, 0.007, 125.6, 46.45, 100, 0, 0, 141, 39.746, 39.746, 10.224, 1.011, 0, 104.56, 0, 0, 113.672, 48.051, 0, 0, 0, 0, 
29.7, 17.633, 100.33, 73.4, 74.109, , 4.104, 0.986, 1973.353, 1973.353, 2.47, 99.272, 99.272, 99.272, 51.529, 70.619, 33.535, 34.724, 7.377, 13.207, 0, 0, 12.49, 12.664, 12.49, 12.664, 1, 47.856, 47.856, 0.024, 0.134, 26.604, 26.983, 26.604, 26.983, 4.508, 7.377, 13.207, , , 1, 29.761, 0, 0.047, 14.5, 2.47, 205, 0, 0, 0, 60.536, 6.52, 6.352, 125.6, 44.54, 100, 0, 0, 40.196, 40.196, 10.024, 1.001, 104.06, 0, 0, 113.072, 48.425, 0, 0, 0, 0, 0, 14, 0.047, 14.5, 0, 2.47, 205, 0, 0, 0, 60.536, 1, 0.007, 0.007, 125.6, 45.786, 100, 0, 0, 141, 40.196, 40.196, 10.024, 1.001, 0, 104.06, 0, 0, 113.072, 48.425, 0, 0, 0, 0, 
29.75, 17.632, 100.33, 73.4, 74.108, , 3.889, 0.986, 1976.838, 1976.838, 2.478, 94.169, 94.169, 94.169, 51.564, 71.516, 33.967, 34.832, 7.377, 13.236, 0, 0, 11.893, 12.058, 11.893, 12.058, 1, 48.055, 48.055, 0.024, 0.134, 25.222, 25.582, 25.222, 25.582, 4.523, 7.377, 13.236, , , 1, 29.811, 0, 0.039, 14.5, 2.478, 205, 0, 0, 0, 60.408, 6.467, 6.29, 125.6, 44.194, 100, 0, 0, 40.388, 40.388, 10, 0.996, 103.725, 0, 0, 112.725, 48.584, 0, 0, 0, 0, 0, 14, 0.039, 14.5, 0, 2.478, 205, 0, 0, 0, 60.408, 1, 0.006, 0.006, 125.6, 45.238, 100, 0, 0, 141, 40.388, 40.388, 10, 0.996, 0, 103.725, 0, 0, 112.725, 48.584, 0, 0, 0, 0, 
29.8, 17.631, 100.33, 73.4, 74.107, , 3.536, 0.986, 1980.362, 1980.362, 2.484, 85.811, 85.811, 85.811, 51.599, 72.413, 34.399, 34.94, 7.377, 13.266, 0, 0, 10.874, 11.024, 10.874, 11.024, 1, 48.243, 48.243, 0.024, 0.134, 22.969, 23.297, 22.969, 23.297, 4.538, 7.377, 13.266, , , 1, 29.861, 0, 0.031, 14.5, 2.484, 205, 0, 0, 0, 60.304, 6.425, 6.239, 125.6, 43.925, 100, 0, 0, 40.544, 40.544, 10, 0.992, 103.412, 0, 0, 112.412, 48.713, 0, 0, 0, 0, 0, 14, 0.031, 14.5, 0, 2.484, 205, 0, 0, 0, 60.304, 1, 0.006, 0.006, 125.6, 44.703, 100, 0, 0, 141, 40.544, 40.544, 10, 0.992, 0, 103.412, 0, 0, 112.412, 48.713, 0, 0, 0, 0, 
29.85, 17.63, 100.33, 73.4, 74.107, , 3.086, 0.986, 1983.878, 1983.878, 2.49, 75.128, 75.128, 75.128, 51.646, 73.31, 34.831, 35.048, 7.377, 13.293, 0, 0, 9.551, 9.681, 9.551, 9.681, 1, 48.408, 48.408, 0.024, 0.134, 20.095, 20.382, 20.095, 20.382, 4.555, 7.377, 13.293, , , 1, 29.911, 0, 0.024, 14.5, 2.49, 205, 0, 0, 0, 60.2, 6.382, 6.188, 125.6, 43.656, 100, 0, 0, 40.7, 40.7, 10, 0.988, 103.1, 0, 0, 112.1, 48.842, 0, 0, 0, 0, 0, 14, 0.024, 14.5, 0, 2.49, 205, 0, 0, 0, 60.2, 1, 0.006, 0.006, 125.6, 44.168, 100, 0, 0, 141, 40.7, 40.7, 10, 0.988, 0, 103.1, 0, 0, 112.1, 48.842, 0, 0, 0, 0, 
29.9, 17.629, 100.33, 73.396, 74.106, , 2.56, 0.986, 1987.371, 1987.371, 2.496, 62.665, 62.665, 62.665, 51.712, 74.207, 35.263, 35.156, 7.377, 13.317, 0, 0, 7.991, 8.098, 7.991, 8.098, 1, 48.547, 48.547, 0.024, 0.134, 16.745, 16.985, 16.745, 16.985, 4.584, 7.377, 13.317, , , 1, 29.961, 0, 0.017, 14.5, 2.496, 205, 0, 0, 0, 60.096, 6.339, 6.137, 125.6, 43.387, 100, 0, 0, 40.856, 40.856, 10, 0.984, 102.788, 0, 0, 111.788, 48.971, 0, 0, 0, 0, 0, 14, 0.017, 14.5, 0, 2.496, 205, 0, 0, 0, 60.096, 1, 0.006, 0.006, 125.6, 43.632, 100, 0, 0, 141, 40.856, 40.856, 10, 0.984, 0, 102.788, 0, 0, 111.788, 48.971, 0, 0, 0, 0, 
29.95, 17.628, 100.33, 73.391, 74.105, , 1.979, 0.986, 1990.964, 1990.964, 2.502, 48.87, 48.87, 48.87, 51.796, 75.104, 35.584, 35.327, 7.377, 13.336, 0, 0, 6.246, 6.329, 6.246, 6.329, 1, 48.66, 48.66, 0.024, 0.134, 13.044, 13.231, 13.044, 13.231, 4.614, 7.377, 13.336, , , 1, 30.011, 0, 0.01, 14.5, 2.502, 205, 0, 0, 0, 60, 6.299, 6.089, 125.6, 43.128, 100, 0, 0, 41.017, 41.017, 10, 0.98, 102.5, 0, 0, 111.483, 49.09, 0, 0, 0, 0, 0, 14, 0.01, 14.5, 0, 2.502, 205, 0, 0, 0, 60, 1, 0.006, 0.006, 125.6, 43.128, 100, 0, 0, 141, 41.017, 41.017, 10, 0.98, 0, 102.5, 0, 0, 111.483, 49.09, 0, 0, 0, 0, 
30, 17.626, 100.33, 73.386, 74.104, , 1.292, 0.986, 1994.514, 1994.514, 2.511, 32.584, 32.584, 32.584, 51.895, 76.001, 35.512, 35.723, 7.377, 13.349, 0, 0, 4.171, 4.226, 4.171, 4.226, 1, 48.745, 48.745, 0.024, 0.134, 8.693, 8.818, 8.693, 8.818, 4.643, 7.377, 13.349, , , 1, 30.061, 0, 0.008, 14.5, 2.511, 205, 0, 0, 0, 60, 6.291, 6.079, 125.6, 42.975, 100, 0, 0, 41.223, 41.223, 10, 0.98, 102.5, 0, 0, 111.277, 49.09, 0, 0, 0, 0, 0, 14, 0.008, 14.5, 0, 2.511, 205, 0, 0, 0, 60, 1, 0.006, 0.006, 125.6, 42.975, 100, 0, 0, 141, 41.223, 41.223, 10, 0.98, 0, 102.5, 0, 0, 111.277, 49.09, 0, 0, 0, 0, 
30.05, 17.625, 100.33, 73.381, 74.104, , 0.586, 0.986, 1998.076, 1998.076, 2.521, 15.828, 15.828, 15.828, 52.001, 76.898, 35.44, 36.119, 7.377, 13.358, 0, 0, 2.029, 2.055, 2.029, 2.055, 1, 48.789, 48.789, 0.024, 0.134, 4.229, 4.29, 4.229, 4.29, 4.672, 7.377, 13.358, , , 1, 30.11, 0, 0.006, 14.5, 2.521, 205, 0, 0, 0, 60, 6.283, 6.069, 125.6, 42.822, 100, 0, 0, 41.43, 41.43, 10, 0.98, 102.5, 0, 0, 111.07, 49.09, 0, 0, 0, 0, 0, 14, 0.006, 14.5, 0, 2.521, 205, 0, 0, 0, 60, 1, 0.006, 0.006, 125.6, 42.822, 100, 0, 0, 141, 41.43, 41.43, 10, 0.98, 0, 102.5, 0, 0, 111.07, 49.09, 0, 0, 0, 0, 
30.1, 17.624, 100.33, 73.376, 74.103, , -0.099, 0.986, 2001.66, 2001.66, 2.53, -0.415, -0.415, -0.415, 52.118, 77.796, 35.368, 36.515, 7.377, 13.36, 0, 0, -0.052, -0.054, -0.052, -0.054, 1, 48.798, 48.798, 0.024, 0.134, -0.087, -0.088, -0.087, -0.088, 4.694, 7.377, 13.36, , , 1, 30.161, 0, 0.004, 14.5, 2.53, 205, 0, 0, 0, 60, 6.275, 6.058, 125.6, 42.669, 100, 0, 0, 41.636, 41.636, 10, 0.98, 102.5, 0, 0, 110.864, 49.09, 0, 0, 0, 0, 0, 14, 0.004, 14.5, 0, 2.53, 205, 0, 0, 0, 60, 1, 0.006, 0.006, 125.6, 42.669, 100, 0, 0, 141, 41.636, 41.636, 10, 0.98, 0, 102.5, 0, 0, 110.864, 49.09, 0, 0, 0, 0, 
30.15, 17.623, 100.33, 73.371, 74.102, , -0.73, 0.986, 2005.198, 2005.198, 2.54, -15.398, -15.398, -15.398, 52.241, 78.693, 35.296, 36.911, 7.377, 13.36, 0, 0, -1.973, -1.999, -1.973, -1.999, 1, 48.777, 48.777, 0.024, 0.134, -4.051, -4.109, -4.051, -4.109, 4.715, 7.377, 13.36, , , 1, 30.211, 0, 0.002, 14.5, 2.54, 205, 0, 0, 0, 60, 6.266, 6.048, 125.6, 42.516, 100, 0, 0, 41.843, 41.843, 10, 0.98, 102.5, 0, 0, 110.657, 49.09, 0, 0, 0, 0, 0, 14, 0.002, 14.5, 0, 2.54, 205, 0, 0, 0, 60, 1, 0.006, 0.006, 125.6, 42.516, 100, 0, 0, 141, 41.843, 41.843, 10, 0.98, 0, 102.5, 0, 0, 110.657, 49.09, 0, 0, 0, 0, 
30.2, 17.622, 100.33, 73.366, 74.101, , -1.27, 0.986, 2008.782, 2008.782, 2.548, -28.195, -28.195, -28.195, 52.366, 79.59, 35.24, 37.18, 7.377, 13.355, 0, 0, -3.609, -3.659, -3.609, -3.659, 1, 48.73, 48.73, 0.024, 0.135, -7.42, -7.526, -7.42, -7.526, 4.735, 7.377, 13.355, , , 1, 30.261, 0, 0, 14.5, 2.548, 205, 0, 0, 0, 60, 6.265, 6.046, 125.6, 42.366, 100, 0, 0, 42, 42, 10, 0.98, 102.5, 0, 0, 110.5, 49.09, 0, 0, 0, 0, 0, 14, 0, 14.5, 0, 2.548, 205, 0, 0, 0, 60, 1, 0.006, 0.006, 125.6, 42.366, 100, 0, 0, 141, 42, 42, 10, 0.98, 0, 102.5, 0, 0, 110.5, 49.09, 0, 0, 0, 0, 
30.25, 17.621, 100.33, 73.361, 74.1, , -1.68, 0.986, 2012.374, 2012.374, 2.55, -37.934, -37.934, -37.934, 52.486, 80.487, 35.24, 37, 7.377, 13.352, 0, 0, -4.85, -4.918, -4.85, -4.918, 1, 48.656, 48.656, 0.024, 0.135, -9.972, -10.114, -9.972, -10.114, 4.756, 7.377, 13.352, , , 1, 30.311, 0, 0, 14.5, 2.55, 205, 0, 0, 0, 60, 6.286, 6.069, 125.6, 42.225, 100, 0, 0, 42, 42, 10, 0.98, 102.5, 0, 0, 110.5, 49.09, 0, 0, 0, 0, 0, 14, 0, 14.5, 0, 2.55, 205, 0, 0, 0, 60, 1, 0.006, 0.006, 125.6, 42.225, 100, 0, 0, 141, 42, 42, 10, 0.98, 0, 102.5, 0, 0, 110.5, 49.09, 0, 0, 0, 0, 
30.3, 17.621, 100.33, 73.356, 74.1, , -1.98, 0.986, 2015.953, 2015.953, 2.552, -45.044, -45.044, -45.044, 52.591, 81.384, 35.24, 36.82, 7.377, 13.353, 0, 0, -5.75, -5.83, -5.75, -5.83, 1, 48.563, 48.563, 0.024, 0.135, -11.822, -11.99, -11.822, -11.99, 4.768, 7.377, 13.353, , , 1, 30.36, 0, 0, 14.5, 2.552, 205, 0, 0, 0, 60, 6.308, 6.092, 125.6, 42.083, 100, 0, 0, 42, 42, 10, 0.98, 102.5, 0, 0, 110.5, 49.09, 0, 0, 0, 0, 0, 14, 0, 14.5, 0, 2.552, 205, 0, 0, 0, 60, 1, 0.006, 0.006, 125.6, 42.083, 100, 0, 0, 141, 42, 42, 10, 0.98, 0, 102.5, 0, 0, 110.5, 49.09, 0, 0, 0, 0, 
30.35, 17.623, 100.33, 73.351, 74.101, , -2.229, 0.986, 2019.49, 2019.49, 2.554, -50.957, -50.957, -50.957, 52.682, 82.281, 35.24, 36.64, 7.377, 13.357, 0, 0, -6.491, -6.58, -6.491, -6.58, 1, 48.457, 48.457, 0.024, 0.134, -13.353, -13.543, -13.353, -13.543, 4.775, 7.377, 13.357, , , 1, 30.41, 0, 0, 14.5, 2.554, 205, 0, 0, 0, 60, 6.329, 6.115, 125.6, 41.942, 100, 0, 0, 42, 42, 10, 0.98, 102.5, 0, 0, 110.5, 49.09, 0, 0, 0, 0, 0, 14, 0, 14.5, 0, 2.554, 205, 0, 0, 0, 60, 1, 0.006, 0.006, 125.6, 41.942, 100, 0, 0, 141, 42, 42, 10, 0.98, 0, 102.5, 0, 0, 110.5, 49.09, 0, 0, 0, 0, 
30.4, 17.625, 100.33, 73.346, 74.102, , -2.408, 0.986, 2023.078, 2023.078, 2.556, -55.209, -55.209, -55.209, 52.754, 83.178, 35.24, 36.46, 7.377, 13.368, 0, 0, -7.014, -7.112, -7.014, -7.112, 1, 48.34, 48.34, 0.024, 0.134, -14.45, -14.655, -14.45, -14.655, 4.781, 7.377, 13.368, , , 1, 30.46, 0, 0, 14.5, 2.556, 205, 0, 0, 0, 60, 6.35, 6.138, 125.6, 41.8, 100, 0, 0, 42, 42, 10, 0.98, 102.5, 0, 0, 110.5, 49.09, 0, 0, 0, 0, 0, 14, 0, 14.5, 0, 2.556, 205, 0, 0, 0, 60, 1, 0.006, 0.006, 125.6, 41.8, 100, 0, 0, 141, 42, 42, 10, 0.98, 0, 102.5, 0, 0, 110.5, 49.09, 0, 0, 0, 0, 
30.45, 17.626, 100.33, 73.341, 74.103, , -2.588, 0.986, 2026.637, 2026.637, 2.558, -59.49, -59.49, -59.49, 52.805, 84.075, 35.2, 36.288, 7.377, 13.382, 0, 0, -7.537, -7.645, -7.537, -7.645, 1, 48.215, 48.215, 0.024, 0.134, -15.557, -15.776, -15.557, -15.776, 4.787, 7.377, 13.382, , , 1, 30.511, 0, 0, 14.5, 2.558, 205, 0, 0, 0, 60.012, 6.376, 6.166, 125.6, 41.713, 100, 0, 0, 41.988, 41.994, 10, 0.98, 102.531, 0, 0, 110.537, 49.082, 0, 0, 0, 0, 0, 14, 0, 14.5, 0, 2.558, 205, 0, 0, 0, 60.012, 1, 0.006, 0.006, 125.6, 41.713, 100, 0, 0, 141, 41.988, 41.994, 10, 0.98, 0, 102.531, 0, 0, 110.537, 49.082, 0, 0, 0, 0, 
30.5, 17.628, 100.33, 73.336, 74.103, , -2.789, 0.986, 2030.174, 2030.174, 2.552, -64.268, -64.268, -64.268, 52.831, 84.972, 35.02, 36.144, 7.377, 13.401, 0, 0, -8.12, -8.236, -8.12, -8.236, 1, 48.079, 48.079, 0.024, 0.134, -16.796, -17.032, -16.796, -17.032, 4.793, 7.377, 13.401, , , 1, 30.561, 0, 0, 14.5, 2.552, 205, 0, 0, 0, 60.22, 6.473, 6.263, 125.6, 42.246, 100, 0, 0, 41.78, 41.89, 10, 0.989, 103.05, 0, 0, 111.16, 48.954, 0, 0, 0, 0, 0, 14, 0, 14.5, 0, 2.552, 205, 0, 0, 0, 60.22, 1, 0.006, 0.006, 125.6, 42.248, 100, 0, 0, 141, 41.78, 41.89, 10, 0.989, 0, 103.05, 0, 0, 111.16, 48.954, 0, 0, 0, 0, 
30.55, 17.63, 100.33, 73.331, 74.104, , -3.029, 0.986, 2033.712, 2033.712, 2.546, -69.961, -69.961, -69.961, 52.859, 85.869, 34.84, 36, 7.377, 13.421, 0, 0, -8.814, -8.938, -8.814, -8.938, 1, 47.932, 47.932, 0.024, 0.134, -18.275, -18.532, -18.275, -18.532, 4.799, 7.377, 13.421, , , 1, 30.61, 0, 0, 14.5, 2.546, 205, 0, 0, 0, 60.427, 6.571, 6.361, 125.6, 42.779, 100, 0, 0, 41.573, 41.786, 10, 0.997, 103.568, 0, 0, 111.782, 48.825, 0, 0, 0, 0, 0, 14, 0, 14.5, 0, 2.546, 205, 0, 0, 0, 60.427, 1, 0.006, 0.006, 125.6, 42.783, 100, 0, 0, 141, 41.573, 41.786, 10, 0.997, 0, 103.568, 0, 0, 111.782, 48.825, 0, 0, 0, 0, 
30.6, 17.632, 100.33, 73.326, 74.105, , -3.235, 0.986, 2037.25, 2037.25, 2.54, -74.852, -74.852, -74.852, 52.891, 86.767, 34.66, 35.856, 7.377, 13.44, 0, 0, -9.397, -9.53, -9.397, -9.53, 1, 47.774, 47.774, 0.024, 0.134, -19.541, -19.815, -19.541, -19.815, 4.805, 7.377, 13.44, , , 1, 30.661, 0, 0, 14.5, 2.54, 205, 0, 0, 0, 60.635, 6.668, 6.458, 125.6, 43.312, 100, 0, 0, 41.365, 41.683, 10, 1.005, 104.087, 0, 0, 112.405, 48.696, 0, 0, 0, 0, 0, 14, 0, 14.5, 0, 2.54, 205, 0, 0, 0, 60.635, 1, 0.007, 0.007, 125.6, 43.319, 100, 0, 0, 141, 41.365, 41.683, 10, 1.005, 0, 104.087, 0, 0, 112.405, 48.696, 0, 0, 0, 0, 
30.65, 17.634, 100.33, 73.321, 74.106, , -3.504, 0.986, 2040.754, 2040.754, 2.534, -81.226, -81.226, -81.226, 52.925, 87.664, 34.48, 35.712, 7.377, 13.457, 0, 0, -10.16, -10.303, -10.16, -10.303, 1, 47.605, 47.605, 0.023, 0.133, -21.189, -21.488, -21.189, -21.488, 4.811, 7.377, 13.457, , , 1, 30.711, 0, 0, 14.5, 2.534, 205, 0, 0, 0, 60.842, 6.766, 6.556, 125.6, 43.845, 100, 0, 0, 41.158, 41.579, 10, 1.014, 104.606, 0, 0, 113.027, 48.568, 0, 0, 0, 0, 0, 14, 0, 14.5, 0, 2.534, 205, 0, 0, 0, 60.842, 1, 0.007, 0.007, 125.6, 43.854, 100, 0, 0, 141, 41.158, 41.579, 10, 1.014, 0, 104.606, 0, 0, 113.027, 48.568, 0, 0, 0, 0, 
30.7, 17.636, 100.33, 73.316, 74.106, , -3.801, 0.986, 2044.257, 2044.257, 2.528, -88.267, -88.267, -88.267, 52.97, 88.561, 34.395, 35.6, 7.377, 13.467, 0, 0, -10.999, -11.152, -10.999, -11.152, 1, 47.42, 47.42, 0.023, 0.133, -23.007, -23.332, -23.007, -23.332, 4.822, 7.377, 13.467, , , 1, 30.76, 0, 0, 14.5, 2.528, 205, 0, 0, 0, 61.048, 6.853, 6.642, 125.6, 44.321, 100, 0, 0, 40.976, 41.428, 10.048, 1.021, 105.048, 0, 0, 113.548, 48.41, 0, 0, 0, 0, 0, 14, 0, 14.5, 0, 2.528, 205, 0, 0, 0, 61.048, 1, 0.007, 0.007, 125.6, 44.326, 100, 0, 0, 141, 40.976, 41.428, 10.048, 1.021, 0, 105.048, 0, 0, 113.548, 48.41, 0, 0, 0, 0, 
30.75, 17.638, 100.33, 73.312, 74.107, , -4.088, 0.986, 2047.795, 2047.795, 2.52, -95.088, -95.088, -95.088, 53.019, 89.458, 34.647, 35.6, 7.377, 13.475, 0, 0, -11.802, -11.965, -11.802, -11.965, 1, 47.221, 47.221, 0.024, 0.133, -24.762, -25.112, -24.762, -25.112, 4.844, 7.377, 13.475, , , 1, 30.81, 0.002, 0, 14.5, 2.52, 205, 0, 0, 0, 61.248, 6.907, 6.692, 125.6, 44.616, 100, 0, 0, 40.876, 41.128, 10.249, 1.025, 105.248, 0, 0, 113.748, 48.16, 0, 0, 0.002, 0, 0, 14, 0, 14.5, 0, 2.52, 205, 0, 0, 0, 61.248, 1, 0.007, 0.007, 125.6, 44.62, 100, 0, 0, 141, 40.876, 41.128, 10.249, 1.025, 0, 105.248, 0, 0, 113.748, 48.16, 0, 0, 0, 0, 
30.8, 17.64, 100.33, 73.307, 74.108, , -4.314, 0.986, 2051.28, 2051.28, 2.512, -100.457, -100.457, -100.457, 53.074, 90.355, 34.899, 35.6, 7.377, 13.475, 0, 0, -12.411, -12.583, -12.411, -12.583, 1, 47.009, 47.009, 0.024, 0.134, -26.134, -26.502, -26.134, -26.502, 4.866, 7.377, 13.475, , , 1, 30.861, 0.004, 0, 14.5, 2.512, 205, 0, 0, 0, 61.448, 6.961, 6.742, 125.6, 44.911, 100, 0, 0, 40.776, 40.828, 10.45, 1.029, 105.448, 0, 0, 113.948, 47.91, 0, 0, 0.004, 0, 0, 14, 0, 14.5, 0, 2.512, 205, 0, 0, 0, 61.448, 1, 0.007, 0.007, 125.6, 44.914, 100, 0, 0, 141, 40.776, 40.828, 10.45, 1.029, 0, 105.448, 0, 0, 113.948, 47.91, 0, 0, 0, 0, 
30.85, 17.642, 100.33, 73.302, 74.109, , -4.542, 0.986, 2054.731, 2054.731, 2.504, -105.871, -105.871, -105.871, 53.134, 91.252, 35.151, 35.6, 7.377, 13.473, 0, 0, -13.017, -13.199, -13.017, -13.199, 1, 46.787, 46.787, 0.024, 0.134, -27.512, -27.899, -27.512, -27.899, 4.888, 7.377, 13.473, , , 1, 30.911, 0.006, 0, 14.5, 2.504, 205, 0, 0, 0, 61.648, 7.015, 6.792, 125.6, 45.206, 100, 0, 0, 40.676, 40.528, 10.651, 1.033, 105.648, 0, 0, 114.148, 47.66, 0, 0, 0.006, 0, 0, 14, 0, 14.5, 0, 2.504, 205, 0, 0, 0, 61.648, 1, 0.007, 0.007, 125.6, 45.208, 100, 0, 0, 141, 40.676, 40.528, 10.651, 1.033, 0, 105.648, 0, 0, 114.148, 47.66, 0, 0, 0, 0, 
30.9, 17.644, 100.33, 73.297, 74.109, , -4.735, 0.986, 2058.165, 2058.165, 2.496, -110.449, -110.449, -110.449, 53.2, 92.149, 35.403, 35.6, 7.377, 13.461, 0, 0, -13.513, -13.704, -13.513, -13.704, 1, 46.552, 46.552, 0.024, 0.134, -28.67, -29.072, -28.67, -29.072, 4.91, 7.377, 13.461, , , 1, 30.961, 0.008, 0, 14.5, 2.496, 205, 0, 0, 0, 61.848, 7.069, 6.842, 125.6, 45.502, 100, 0, 0, 40.576, 40.228, 10.851, 1.037, 105.848, 0, 0, 114.348, 47.41, 0, 0, 0.008, 0, 0, 14, 0, 14.5, 0, 2.496, 205, 0, 0, 0, 61.848, 1, 0.007, 0.007, 125.6, 45.502, 100, 0, 0, 141, 40.576, 40.228, 10.851, 1.037, 0, 105.848, 0, 0, 114.348, 47.41, 0, 0, 0, 0, 
30.95, 17.646, 100.33, 73.292, 74.11, , -4.843, 0.986, 2061.599, 2061.599, 2.486, -113.021, -113.021, -113.021, 53.264, 93.046, 35.523, 35.6, 7.377, 13.449, 0, 0, -13.758, -13.953, -13.758, -13.953, 1, 46.31, 46.31, 0.024, 0.134, -29.302, -29.712, -29.302, -29.712, 4.93, 7.377, 13.449, , , 1, 31.01, 0.01, 0, 14.5, 2.486, 205, 0, 0, 0, 62.048, 7.132, 6.908, 125.6, 45.836, 100, 0, 0, 40.367, 39.891, 11, 1.04, 106.036, 0, 0, 114.573, 47.13, 0, 0, 0.01, 0, 0, 14, 0, 14.5, 0, 2.486, 205, 0, 0, 0, 62.048, 1, 0.007, 0.007, 125.6, 45.836, 100, 0, 0, 141, 40.367, 39.891, 11, 1.04, 0, 106.036, 0, 0, 114.573, 47.13, 0, 0, 0, 0, 
31, 17.647, 100.33, 73.287, 74.111, , -4.939, 0.986, 2065.033, 2065.033, 2.468, -115.304, -115.304, -115.304, 53.317, 91.051, 35.174, 35.6, 7.377, 13.432, 0, 0, -13.961, -14.159, -13.961, -14.159, 1, 46.062, 46.062, 0.024, 0.134, -29.87, -30.287, -29.87, -30.287, 4.949, 7.377, 13.432, , , 1, 31.061, 0.009, 0, 14.5, 2.468, 205, 0, 0, 0, 62.25, 7.223, 7.023, 125.6, 46.282, 100, 0, 0, 39.812, 39.438, 11, 1.041, 106.188, 0, 0, 114.875, 46.755, 0, 0, 0.009, 0, 0, 14, 0, 14.5, 0, 2.468, 205, 0, 0, 0, 62.25, 1, 0.007, 0.007, 125.6, 46.282, 100, 0, 0, 141, 39.812, 39.438, 11, 1.041, 0, 106.188, 0, 0, 114.875, 46.755, 0, 0, 0, 0, 
31.05, 17.649, 100.33, 73.282, 74.112, , -5.012, 0.986, 2068.437, 2068.437, 2.451, -117.044, -117.044, -117.044, 53.345, 88.872, 34.826, 35.6, 7.377, 13.415, 0, 0, -14.096, -14.298, -14.096, -14.298, 1, 45.808, 45.808, 0.024, 0.134, -30.309, -30.732, -30.309, -30.732, 4.969, 7.377, 13.415, , , 1, 31.111, 0.008, 0, 14.5, 2.451, 205, 0, 0, 0, 62.452, 7.313, 7.137, 125.6, 46.727, 100, 0, 0, 39.258, 38.984, 11, 1.042, 106.339, 0, 0, 115.177, 46.38, 0, 0, 0.008, 0, 0, 14, 0, 14.5, 0, 2.451, 205, 0, 0, 0, 62.452, 1, 0.007, 0.007, 125.6, 46.727, 100, 0, 0, 141, 39.258, 38.984, 11, 1.042, 0, 106.339, 0, 0, 115.177, 46.38, 0, 0, 0, 0, 
31.1, 17.651, 100.33, 73.277, 74.112, , -5.055, 0.986, 2071.821, 2071.821, 2.434, -118.056, -118.056, -118.056, 53.339, 86.693, 34.477, 35.6, 7.377, 13.398, 0, 0, -14.142, -14.345, -14.142, -14.345, 1, 45.551, 45.551, 0.024, 0.134, -30.571, -30.998, -30.571, -30.998, 4.989, 7.377, 13.398, , , 1, 31.16, 0.007, 0, 14.5, 2.434, 205, 0, 0, 0, 62.653, 7.404, 7.252, 125.6, 47.173, 100, 0, 0, 38.704, 38.53, 11, 1.043, 106.49, 0, 0, 115.48, 46.005, 0, 0, 0.007, 0, 0, 14, 0, 14.5, 0, 2.434, 205, 0, 0, 0, 62.653, 1, 0.007, 0.007, 125.6, 47.173, 100, 0, 0, 141, 38.704, 38.53, 11, 1.043, 0, 106.49, 0, 0, 115.48, 46.005, 0, 0, 0, 0, 
31.15, 17.653, 100.33, 73.272, 74.113, , -5.038, 0.986, 2075.205, 2075.205, 2.416, -117.672, -117.672, -117.672, 53.313, 84.514, 34.128, 35.6, 7.377, 13.38, 0, 0, -14.018, -14.218, -14.018, -14.218, 1, 45.296, 45.296, 0.024, 0.134, -30.488, -30.915, -30.488, -30.915, 4.974, 7.377, 13.38, , , 1, 31.211, 0.006, 0, 14.5, 2.416, 205, 0, 0, 0, 62.855, 7.495, 7.367, 125.6, 47.619, 100, 0, 0, 38.149, 38.077, 11, 1.044, 106.641, 0, 0, 115.782, 45.63, 0, 0, 0.006, 0, 0, 14, 0, 14.5, 0, 2.416, 205, 0, 0, 0, 62.855, 1, 0.007, 0.007, 125.6, 47.619, 100, 0, 0, 141, 38.149, 38.077, 11, 1.044, 0, 106.641, 0, 0, 115.782, 45.63, 0, 0, 0, 0, 
31.2, 17.655, 100.33, 73.27, 74.114, , -5.051, 0.986, 2078.55, 2078.55, 2.4, -117.964, -117.964, -117.964, 53.27, 82.334, 33.811, 35.596, 7.377, 13.358, 0, 0, -13.973, -14.173, -13.973, -14.173, 1, 45.042, 45.042, 0.024, 0.134, -30.588, -31.017, -30.588, -31.017, 4.96, 7.377, 13.358, , , 1, 31.261, 0.022, 0, 14.5, 2.4, 205, 0, 0, 0, 63.033, 7.6, 7.486, 125.6, 48.088, 100, 0, 0, 37.633, 37.633, 11.033, 1.046, 106.8, 0, 0, 116.05, 45.277, 0, 0, 0.022, 0, 0, 14, 0, 14.5, 0, 2.4, 205, 0, 0, 0, 63.033, 1, 0.008, 0.008, 125.6, 48.088, 100, 0, 0, 141, 37.633, 37.633, 11.033, 1.046, 0, 106.8, 0, 0, 116.05, 45.277, 0, 0, 0, 0, 
31.25, 17.657, 100.33, 73.27, 74.115, , -5.064, 0.986, 2081.885, 2081.885, 2.385, -118.294, -118.294, -118.294, 53.225, 80.155, 33.997, 35.521, 7.377, 13.335, 0, 0, -13.932, -14.132, -13.932, -14.132, 1, 44.784, 44.784, 0.024, 0.134, -30.696, -31.126, -30.696, -31.126, 4.945, 7.377, 13.335, , , 1, 31.31, 0.081, 0, 14.5, 2.385, 205, 0, 0, 0, 63.152, 7.741, 7.615, 125.6, 48.618, 100, 0, 0, 37.217, 37.217, 11.152, 1.05, 106.979, 0, 0, 116.229, 44.982, 0, 0, 0.081, 0, 0, 14, 0, 14.5, 0, 2.385, 205, 0, 0, 0, 63.152, 1, 0.008, 0.008, 125.6, 48.618, 100, 0, 0, 141, 37.217, 37.217, 11.152, 1.05, 0, 106.979, 0, 0, 116.229, 44.982, 0, 0, 0, 0, 
31.3, 17.659, 100.33, 73.27, 74.116, , -5.071, 0.986, 2085.22, 2085.22, 2.371, -118.46, -118.46, -118.46, 53.206, 77.976, 34.183, 35.447, 7.377, 13.312, 0, 0, -13.87, -14.07, -13.87, -14.07, 1, 44.529, 44.529, 0.024, 0.134, -30.753, -31.185, -30.753, -31.185, 4.931, 7.377, 13.312, , , 1, 31.361, 0.141, 0, 14.5, 2.371, 205, 0, 0, 0, 63.271, 7.883, 7.743, 125.6, 49.148, 100, 0, 0, 36.8, 36.8, 11.271, 1.053, 107.157, 0, 0, 116.407, 44.687, 0, 0, 0.141, 0, 0, 14, 0, 14.5, 0, 2.371, 205, 0, 0, 0, 63.271, 1, 0.008, 0.008, 125.6, 49.148, 100, 0, 0, 141, 36.8, 36.8, 11.271, 1.053, 0, 107.157, 0, 0, 116.407, 44.687, 0, 0, 0, 0, 
31.35, 17.661, 100.33, 73.27, 74.116, , -5.055, 0.986, 2088.509, 2088.509, 2.356, -118.098, -118.098, -118.098, 53.207, 75.796, 34.369, 35.372, 7.377, 13.29, 0, 0, -13.747, -13.945, -13.747, -13.945, 1, 44.273, 44.273, 0.024, 0.134, -30.654, -31.085, -30.654, -31.085, 4.904, 7.377, 13.29, , , 1, 31.411, 0.2, 0, 14.5, 2.356, 205, 0, 0, 0, 63.39, 8.025, 7.872, 125.6, 49.678, 100, 0, 0, 36.383, 36.383, 11.39, 1.057, 107.336, 0, 0, 116.586, 44.392, 0, 0, 0.2, 0, 0, 14, 0, 14.5, 0, 2.356, 205, 0, 0, 0, 63.39, 1, 0.008, 0.008, 125.6, 49.678, 100, 0, 0, 141, 36.383, 36.383, 11.39, 1.057, 0, 107.336, 0, 0, 116.586, 44.392, 0, 0, 0, 0, 
31.4, 17.663, 100.33, 73.27, 74.117, , -5.077, 0.986, 2091.77, 2091.77, 2.342, -118.609, -118.609, -118.609, 53.232, 73.617, 34.555, 35.298, 7.377, 13.275, 0, 0, -13.726, -13.923, -13.726, -13.923, 1, 44.018, 44.018, 0.024, 0.135, -30.772, -31.204, -30.772, -31.204, 4.874, 7.377, 13.275, , , 1, 31.46, 0.256, 0, 14.5, 2.342, 205, 0, 0, 0, 63.517, 8.164, 7.999, 125.6, 50.203, 100, 0, 0, 35.97, 35.97, 11.517, 1.061, 107.509, 0, 0, 116.763, 44.104, 0, 0, 0.256, 0, 0, 14, 0, 14.5, 0, 2.342, 205, 0, 0, 0, 63.517, 1, 0.009, 0.008, 125.6, 50.203, 100, 0, 0, 141, 35.97, 35.97, 11.517, 1.061, 0, 107.509, 0, 0, 116.763, 44.104, 0, 0, 0, 0, 
31.45, 17.665, 100.33, 73.27, 74.118, , -5.116, 0.986, 2095.013, 2095.013, 2.329, -119.552, -119.552, -119.552, 53.275, 71.438, 34.732, 35.288, 7.377, 13.26, 0, 0, -13.755, -13.952, -13.755, -13.952, 1, 43.76, 43.76, 0.024, 0.135, -30.995, -31.43, -30.995, -31.43, 4.844, 7.377, 13.26, , , 1, 31.511, 0.269, 0, 14.5, 2.329, 205, 0, 0, 0, 63.735, 8.274, 8.118, 125.6, 50.683, 100, 0, 0, 35.589, 35.589, 11.736, 1.067, 107.617, 0, 0, 116.926, 43.9, 0, 0, 0.269, 0, 0, 14, 0, 14.5, 0, 2.329, 205, 0, 0, 0, 63.735, 1, 0.009, 0.008, 125.6, 50.683, 100, 0, 0, 141, 35.589, 35.589, 11.736, 1.067, 0, 107.617, 0, 0, 116.926, 43.9, 0, 0, 0, 0, 
31.5, 17.666, 100.33, 73.27, 74.119, , -5.123, 0.986, 2098.256, 2098.256, 2.317, -119.705, -119.705, -119.705, 53.315, 69.258, 34.876, 35.504, 7.377, 13.254, 0, 0, -13.69, -13.886, -13.69, -13.886, 1, 43.5, 43.5, 0.024, 0.135, -31.011, -31.448, -31.011, -31.448, 4.814, 7.377, 13.254, , , 1, 31.561, 0.282, 0, 14.5, 2.317, 205, 0, 0, 0, 63.952, 8.383, 8.236, 125.6, 51.164, 100, 0, 0, 35.209, 35.209, 11.954, 1.074, 107.726, 0, 0, 117.089, 43.697, 0, 0, 0.282, 0, 0, 14, 0, 14.5, 0, 2.317, 205, 0, 0, 0, 63.952, 1, 0.009, 0.008, 125.6, 51.164, 100, 0, 0, 141, 35.209, 35.209, 11.954, 1.074, 0, 107.726, 0, 0, 117.089, 43.697, 0, 0, 0, 0, 
31.55, 17.668, 100.33, 73.27, 74.119, , -5.116, 0.986, 2101.467, 2101.467, 2.305, -119.563, -119.563, -119.563, 53.35, 67.079, 35.02, 35.72, 7.377, 13.247, 0, 0, -13.594, -13.786, -13.594, -13.786, 1, 43.24, 43.24, 0.024, 0.135, -30.956, -31.392, -30.956, -31.392, 4.793, 7.377, 13.247, , , 1, 31.611, 0.295, 0, 14.5, 2.305, 205, 0, 0, 0, 64.17, 8.493, 8.355, 125.6, 51.644, 100, 0, 0, 34.828, 34.828, 12.172, 1.08, 107.835, 0, 0, 117.252, 43.494, 0, 0, 0.295, 0, 0, 14, 0, 14.5, 0, 2.305, 205, 0, 0, 0, 64.17, 1, 0.009, 0.008, 125.6, 51.644, 100, 0, 0, 141, 34.828, 34.828, 12.172, 1.08, 0, 107.835, 0, 0, 117.252, 43.494, 0, 0, 0, 0, 
31.6, 17.67, 100.33, 73.27, 74.12, , -5.119, 0.986, 2104.666, 2104.666, 2.293, -119.628, -119.628, -119.628, 53.371, 64.9, 35.164, 35.936, 7.377, 13.242, 0, 0, -13.52, -13.71, -13.52, -13.71, 1, 42.981, 42.981, 0.024, 0.135, -30.959, -31.395, -30.959, -31.395, 4.777, 7.377, 13.242, , , 1, 31.661, 0.308, 0, 14.5, 2.293, 205, 0, 0, 0, 64.387, 8.603, 8.473, 125.6, 52.125, 100, 0, 0, 34.448, 34.448, 12.391, 1.087, 107.943, 0, 0, 117.415, 43.291, 0, 0, 0.308, 0, 0, 14, 0, 14.5, 0, 2.293, 205, 0, 0, 0, 64.387, 1, 0.009, 0.008, 125.6, 52.125, 100, 0, 0, 141, 34.448, 34.448, 12.391, 1.087, 0, 107.943, 0, 0, 117.415, 43.291, 0, 0, 0, 0, 
31.65, 17.669, 100.33, 73.27, 74.12, , -5.16, 0.986, 2107.864, 2107.864, 2.279, -120.609, -120.609, -120.609, 53.382, 62.72, 35.308, 36.152, 7.377, 13.236, 0, 0, -13.549, -13.739, -13.549, -13.739, 1, 42.721, 42.721, 0.024, 0.135, -31.206, -31.645, -31.206, -31.645, 4.762, 7.377, 13.236, , , 1, 31.711, 0.291, 0, 14.5, 2.279, 205, 0, 0, 0, 64.552, 8.667, 8.624, 125.6, 52.545, 100, 0, 0, 34.12, 34.146, 12.554, 1.093, 107.974, 0, 0, 117.526, 43.087, 0, 0, 0.291, 0, 0, 14, 0, 14.5, 0, 2.279, 205, 0, 0, 0, 64.552, 1, 0.009, 0.009, 125.6, 52.545, 100, 0, 0, 141, 34.12, 34.146, 12.554, 1.093, 0, 107.974, 0, 0, 117.526, 43.087, 0, 0, 0, 0, 
31.7, 17.668, 100.33, 73.27, 74.12, , -5.146, 0.986, 2111.028, 2111.028, 2.265, -120.289, -120.289, -120.289, 53.384, 60.541, 35.428, 36.233, 7.377, 13.207, 0, 0, -13.431, -13.619, -13.431, -13.619, 1, 42.459, 42.459, 0.024, 0.134, -31.123, -31.561, -31.123, -31.561, 4.746, 7.377, 13.207, , , 1, 31.761, 0.242, 0, 14.5, 2.265, 205, 0, 0, 0, 64.661, 8.681, 8.808, 125.6, 52.906, 100, 0, 0, 33.848, 33.928, 12.663, 1.1, 107.92, 0, 0, 117.58, 42.884, 0, 0, 0.242, 0, 0, 14, 0, 14.5, 0, 2.265, 205, 0, 0, 0, 64.661, 1, 0.009, 0.009, 125.6, 52.906, 100, 0, 0, 141, 33.848, 33.928, 12.663, 1.1, 0, 107.92, 0, 0, 117.58, 42.884, 0, 0, 0, 0, 
31.75, 17.668, 100.33, 73.27, 74.12, , -5.138, 0.986, 2114.17, 2114.17, 2.251, -120.093, -120.093, -120.093, 53.372, 58.362, 35.464, 35.837, 7.377, 13.178, 0, 0, -13.326, -13.513, -13.326, -13.513, 1, 42.197, 42.197, 0.024, 0.134, -31.076, -31.514, -31.076, -31.514, 4.751, 7.377, 13.178, , , 1, 31.81, 0.193, 0, 14.5, 2.251, 205, 0, 0, 0, 64.77, 8.695, 8.993, 125.6, 53.267, 100, 0, 0, 33.576, 33.711, 12.772, 1.106, 107.865, 0, 0, 117.635, 42.681, 0, 0, 0.193, 0, 0, 14, 0, 14.5, 0, 2.251, 205, 0, 0, 0, 64.77, 1, 0.009, 0.009, 125.6, 53.267, 100, 0, 0, 141, 33.576, 33.711, 12.772, 1.106, 0, 107.865, 0, 0, 117.635, 42.681, 0, 0, 0, 0, 
31.8, 17.667, 100.33, 73.27, 74.12, , -5.17, 0.986, 2117.284, 2117.284, 2.237, -120.853, -120.853, -120.853, 53.357, 56.183, 35.5, 35.441, 7.377, 13.14, 0, 0, -13.327, -13.515, -13.327, -13.515, 1, 41.935, 41.935, 0.024, 0.134, -31.281, -31.722, -31.281, -31.722, 4.77, 7.377, 13.14, , , 1, 31.86, 0.144, 0, 14.5, 2.237, 205, 0, 0, 0, 64.878, 8.709, 9.178, 125.6, 53.628, 100, 0, 0, 33.304, 33.493, 12.88, 1.113, 107.811, 0, 0, 117.689, 42.478, 0, 0, 0.144, 0, 0, 14, 0, 14.5, 0, 2.237, 205, 0, 0, 0, 64.878, 1, 0.009, 0.009, 125.6, 53.628, 100, 0, 0, 141, 33.304, 33.493, 12.88, 1.113, 0, 107.811, 0, 0, 117.689, 42.478, 0, 0, 0, 0, 
31.85, 17.666, 100.33, 73.27, 74.12, , -5.197, 0.986, 2120.397, 2120.397, 2.223, -121.498, -121.498, -121.498, 53.339, 54.003, 35.536, 35.045, 7.377, 13.101, 0, 0, -13.314, -13.503, -13.314, -13.503, 1, 41.671, 41.671, 0.024, 0.135, -31.457, -31.901, -31.457, -31.901, 4.79, 7.377, 13.101, , , 1, 31.911, 0.095, 0, 14.5, 2.223, 205, 0, 0, 0, 64.987, 8.723, 9.363, 125.6, 53.989, 100, 0, 0, 33.033, 33.276, 12.989, 1.119, 107.757, 0, 0, 117.743, 42.274, 0, 0, 0.095, 0, 0, 14, 0, 14.5, 0, 2.223, 205, 0, 0, 0, 64.987, 1, 0.009, 0.009, 125.6, 53.989, 100, 0, 0, 141, 33.033, 33.276, 12.989, 1.119, 0, 107.757, 0, 0, 117.743, 42.274, 0, 0, 0, 0, 
31.9, 17.665, 100.33, 73.27, 74.12, , -5.216, 0.986, 2123.497, 2123.497, 2.215, -121.958, -121.958, -121.958, 53.326, 51.824, 35.572, 34.649, 7.377, 13.063, 0, 0, -13.279, -13.469, -13.279, -13.469, 1, 41.408, 41.408, 0.024, 0.135, -31.584, -32.029, -31.584, -32.029, 4.81, 7.377, 13.063, , , 1, 31.961, 0.084, 0, 14.5, 2.215, 205, 0, 0, 0, 65, 8.741, 9.526, 125.6, 54.206, 100, 0, 0, 32.904, 33.202, 13, 1.122, 107.75, 0, 0, 117.607, 42.131, 0, 0, 0.084, 0, 0, 14, 0, 14.5, 0, 2.215, 205, 0, 0, 0, 65, 1, 0.009, 0.01, 125.6, 54.206, 100, 0, 0, 141, 32.904, 33.202, 13, 1.122, 0, 107.75, 0, 0, 117.607, 42.131, 0, 0, 0, 0, 
31.95, 17.665, 100.33, 73.27, 74.12, , -5.221, 0.986, 2126.57, 2126.57, 2.207, -122.076, -122.076, -122.076, 53.321, 59.432, 35.552, 34.38, 7.377, 13.024, 0, 0, -13.207, -13.395, -13.207, -13.395, 1, 41.145, 41.145, 0.024, 0.135, -31.618, -32.065, -31.618, -32.065, 4.829, 7.377, 13.024, , , 1, 32.012, 0.078, 0, 14.5, 2.207, 205, 0, 0, 0, 65, 8.76, 9.685, 125.6, 54.407, 100, 0, 0, 32.796, 33.148, 13, 1.124, 107.75, 0, 0, 117.443, 41.997, 0, 0, 0.078, 0, 0, 14, 0, 14.5, 0, 2.207, 205, 0, 0, 0, 65, 1, 0.009, 0.01, 125.6, 54.407, 100, 0, 0, 141, 32.796, 33.148, 13, 1.124, 0, 107.75, 0, 0, 117.443, 41.997, 0, 0, 0, 0, 
32, 17.664, 100.33, 73.27, 74.12, , -5.284, 0.986, 2129.61, 2129.61, 2.2, -123.571, -123.571, -123.571, 53.323, 68.31, 35.336, 34.56, 7.377, 13, 0, 0, -13.281, -13.468, -13.281, -13.468, 1, 40.882, 40.882, 0.024, 0.135, -32, -32.452, -32, -32.452, 4.846, 7.377, 13, , , 1, 32.061, 0.071, 0, 14.5, 2.2, 205, 0, 0, 0, 65, 8.778, 9.845, 125.6, 54.608, 100, 0, 0, 32.687, 33.093, 13, 1.126, 107.75, 0, 0, 117.28, 41.862, 0, 0, 0.071, 0, 0, 14, 0, 14.5, 0, 2.2, 205, 0, 0, 0, 65, 1, 0.009, 0.01, 125.6, 54.608, 100, 0, 0, 141, 32.687, 33.093, 13, 1.126, 0, 107.75, 0, 0, 117.28, 41.862, 0, 0, 0, 0, 
32.05, 17.663, 100.33, 73.27, 74.12, , -5.347, 0.986, 2132.642, 2132.642, 2.192, -125.072, -125.072, -125.072, 53.347, 69.015, 35.12, 34.74, 7.377, 12.977, 0, 0, -13.354, -13.541, -13.354, -13.541, 1, 40.611, 40.611, 0.024, 0.135, -32.379, -32.834, -32.379, -32.834, 4.862, 7.377, 12.977, , , 1, 32.111, 0.065, 0, 14.5, 2.192, 205, 0, 0, 0, 65, 8.797, 10.005, 125.6, 54.809, 100, 0, 0, 32.578, 33.039, 13, 1.128, 107.75, 0, 0, 117.117, 41.727, 0, 0, 0.065, 0, 0, 14, 0, 14.5, 0, 2.192, 205, 0, 0, 0, 65, 1, 0.009, 0.01, 125.6, 54.809, 100, 0, 0, 141, 32.578, 33.039, 13, 1.128, 0, 107.75, 0, 0, 117.117, 41.727, 0, 0, 0, 0, 
32.1, 17.662, 100.33, 73.27, 74.12, , -5.369, 0.986, 2135.674, 2135.674, 2.181, -125.611, -125.611, -125.611, 53.378, 69.72, 34.904, 34.92, 7.377, 12.958, 0, 0, -13.322, -13.508, -13.322, -13.508, 1, 40.339, 40.339, 0.024, 0.135, -32.499, -32.956, -32.499, -32.956, 4.879, 7.377, 12.958, , , 1, 32.161, 0.056, 0, 14.5, 2.181, 205, 0, 0, 0, 65.029, 8.827, 10.059, 125.6, 55.065, 100, 0, 0, 32.427, 32.927, 13.031, 1.13, 107.75, 0, 0, 116.956, 41.504, 0, 0, 0.056, 0, 0, 14, 0, 14.5, 0, 2.181, 205, 0, 0, 0, 65.029, 1, 0.009, 0.01, 125.6, 55.065, 100, 0, 0, 141, 32.427, 32.927, 13.031, 1.13, 0, 107.75, 0, 0, 116.956, 41.504, 0, 0, 0, 0, 
32.15, 17.661, 100.33, 73.27, 74.12, , -5.403, 0.986, 2138.651, 2138.651, 2.162, -126.406, -126.406, -126.406, 53.417, 70.425, 34.688, 35.1, 7.377, 12.94, 0, 0, -13.316, -13.501, -13.316, -13.501, 1, 40.067, 40.067, 0.024, 0.136, -32.682, -33.142, -32.682, -33.142, 4.894, 7.377, 12.94, , , 1, 32.211, 0.044, 0, 14.5, 2.162, 205, 0, 0, 0, 65.133, 8.89, 9.842, 125.6, 55.448, 100, 0, 0, 32.168, 32.668, 13.135, 1.13, 107.75, 0, 0, 116.8, 41.054, 0, 0, 0.044, 0, 0, 14, 0, 14.5, 0, 2.162, 205, 0, 0, 0, 65.133, 1, 0.009, 0.01, 125.6, 55.448, 100, 0, 0, 141, 32.168, 32.668, 13.135, 1.13, 0, 107.75, 0, 0, 116.8, 41.054, 0, 0, 0, 0, 
32.2, 17.661, 100.33, 73.27, 74.12, , -5.44, 0.986, 2141.4, 2141.4, 2.143, -127.307, -127.307, -127.307, 53.44, 71.13, 34.528, 35.319, 7.377, 12.934, 0, 0, -13.326, -13.512, -13.326, -13.512, 1, 39.918, 39.918, 0.024, 0.136, -32.892, -33.355, -32.892, -33.355, 4.875, 7.377, 12.934, , , 1, 32.26, 0.031, 0, 14.5, 2.143, 205, 0, 0, 0, 65.237, 8.952, 9.626, 125.6, 55.83, 100, 0, 0, 31.909, 32.409, 13.239, 1.13, 107.75, 0, 0, 116.644, 40.604, 0, 0, 0.031, 0, 0, 14, 0, 14.5, 0, 2.143, 205, 0, 0, 0, 65.237, 1, 0.009, 0.01, 125.6, 55.83, 100, 0, 0, 141, 31.909, 32.409, 13.239, 1.13, 0, 107.75, 0, 0, 116.644, 40.604, 0, 0, 0, 0, 
32.25, 17.66, 100.33, 73.27, 74.12, , -5.477, 0.986, 2142.878, 2142.878, 2.123, -128.177, -128.177, -128.177, 53.468, 71.836, 34.564, 35.679, 7.377, 12.929, 0, 0, -13.373, -13.559, -13.373, -13.559, 1, 39.731, 39.731, 0.024, 0.136, -33.104, -33.569, -33.104, -33.569, 4.856, 7.377, 12.929, , , 1, 32.31, 0.019, 0, 14.5, 2.123, 205, 0, 0, 0, 65.34, 9.014, 9.409, 125.6, 56.213, 100, 0, 0, 31.649, 32.149, 13.342, 1.13, 107.75, 0, 0, 116.488, 40.153, 0, 0, 0.019, 0, 0, 14, 0, 14.5, 0, 2.123, 205, 0, 0, 0, 65.34, 1, 0.009, 0.009, 125.6, 56.213, 100, 0, 0, 141, 31.649, 32.149, 13.342, 1.13, 0, 107.75, 0, 0, 116.488, 40.153, 0, 0, 0, 0, 
32.3, 17.659, 100.33, 73.27, 74.12, , -5.494, 0.986, 2145.163, 2145.163, 2.104, -128.593, -128.593, -128.593, 53.507, 72.541, 34.6, 36.039, 7.378, 12.949, 0, 0, -13.343, -13.53, -13.343, -13.53, 1, 39.456, 39.456, 0.024, 0.136, -33.191, -33.659, -33.191, -33.659, 4.837, 7.378, 12.949, , , 1, 32.36, 0.006, 0, 14.5, 2.104, 205, 0, 0, 0, 65.444, 9.076, 9.192, 125.6, 56.596, 100, 0, 0, 31.39, 31.89, 13.446, 1.13, 107.75, 0, 0, 116.331, 39.703, 0, 0, 0.006, 0, 0, 14, 0, 14.5, 0, 2.104, 205, 0, 0, 0, 65.444, 1, 0.009, 0.009, 125.6, 56.596, 100, 0, 0, 141, 31.39, 31.89, 13.446, 1.13, 0, 107.75, 0, 0, 116.331, 39.703, 0, 0, 0, 0, 
32.35, 17.658, 100.33, 73.27, 74.12, , -5.497, 0.986, 2148.081, 2148.081, 2.091, -128.651, -128.651, -128.651, 53.545, 73.246, 34.636, 36.399, 7.378, 12.972, 0, 0, -13.254, -13.44, -13.254, -13.44, 1, 39.178, 39.178, 0.024, 0.136, -33.18, -33.65, -33.18, -33.65, 4.818, 7.378, 12.972, , , 1, 32.411, 0, 0, 14.5, 2.091, 205, 0, 0, 0, 65.548, 9.123, 9.082, 125.6, 56.869, 100, 0, 0, 31.226, 31.726, 13.55, 1.13, 107.725, 0, 0, 116.225, 39.371, 0, 0, 0, 0, 0, 14, 0, 14.5, 0, 2.091, 205, 0, 0, 0, 65.548, 1, 0.009, 0.009, 125.6, 56.869, 100, 0, 0, 141, 31.226, 31.726, 13.55, 1.13, 0, 107.725, 0, 0, 116.225, 39.371, 0, 0, 0, 0, 
32.4, 17.658, 100.33, 73.27, 74.12, , -5.516, 0.986, 2150.965, 2150.965, 2.084, -129.114, -129.114, -129.114, 53.582, 73.951, 34.672, 36.759, 7.379, 13.016, 0, 0, -13.205, -13.393, -13.205, -13.393, 1, 38.899, 38.899, 0.024, 0.136, -33.279, -33.749, -33.279, -33.749, 4.803, 7.379, 13.016, , , 1, 32.461, 0, 0, 14.5, 2.084, 205, 0, 0, 0, 65.653, 9.15, 9.098, 125.6, 57.023, 100, 0, 0, 31.174, 31.674, 13.655, 1.13, 107.673, 0, 0, 116.173, 39.176, 0, 0, 0, 0, 0, 14, 0, 14.5, 0, 2.084, 205, 0, 0, 0, 65.653, 1, 0.009, 0.009, 125.6, 57.023, 100, 0, 0, 141, 31.174, 31.674, 13.655, 1.13, 0, 107.673, 0, 0, 116.173, 39.176, 0, 0, 0, 0, 
32.45, 17.657, 100.33, 73.27, 74.12, , -5.552, 0.986, 2153.836, 2153.836, 2.077, -129.984, -129.984, -129.984, 53.614, 74.656, 34.763, 36.977, 7.379, 13.064, 0, 0, -13.196, -13.386, -13.196, -13.386, 1, 38.623, 38.623, 0.024, 0.135, -33.482, -33.954, -33.482, -33.954, 4.789, 7.379, 13.064, , , 1, 32.51, 0, 0, 14.5, 2.077, 205, 0, 0, 0, 65.757, 9.177, 9.114, 125.6, 57.176, 100, 0, 0, 31.121, 31.621, 13.759, 1.13, 107.621, 0, 0, 116.121, 38.981, 0, 0, 0, 0, 0, 14, 0, 14.5, 0, 2.077, 205, 0, 0, 0, 65.757, 1, 0.009, 0.009, 125.6, 57.176, 100, 0, 0, 141, 31.121, 31.621, 13.759, 1.13, 0, 107.621, 0, 0, 116.121, 38.981, 0, 0, 0, 0, 
32.5, 17.656, 100.33, 73.27, 74.12, , -5.621, 0.986, 2156.684, 2156.684, 2.071, -131.612, -131.612, -131.612, 53.649, 75.361, 35.051, 36.689, 7.38, 13.112, 0, 0, -13.263, -13.453, -13.263, -13.453, 1, 38.341, 38.341, 0.024, 0.135, -33.88, -34.359, -33.88, -34.359, 4.775, 7.38, 13.112, , , 1, 32.561, 0, 0, 14.5, 2.071, 205, 0, 0, 0, 65.862, 9.204, 9.129, 125.6, 57.33, 100, 0, 0, 31.069, 31.569, 13.864, 1.13, 107.569, 0, 0, 116.069, 38.787, 0, 0, 0, 0, 0, 14, 0, 14.5, 0, 2.071, 205, 0, 0, 0, 65.862, 1, 0.009, 0.009, 125.6, 57.33, 100, 0, 0, 141, 31.069, 31.569, 13.864, 1.13, 0, 107.569, 0, 0, 116.069, 38.787, 0, 0, 0, 0, 
32.55, 17.655, 100.33, 73.27, 74.12, , -5.652, 0.986, 2159.533, 2159.533, 2.064, -132.364, -132.364, -132.364, 53.686, 76.066, 35.339, 36.401, 7.38, 13.16, 0, 0, -13.241, -13.43, -13.241, -13.43, 1, 38.054, 38.054, 0.024, 0.135, -34.053, -34.533, -34.053, -34.533, 4.761, 7.38, 13.16, , , 1, 32.611, 0, 0, 14.5, 2.064, 205, 0, 0, 0, 65.967, 9.231, 9.145, 125.6, 57.484, 100, 0, 0, 31.017, 31.517, 13.969, 1.13, 107.517, 0, 0, 116.017, 38.592, 0, 0, 0, 0, 0, 14, 0, 14.5, 0, 2.064, 205, 0, 0, 0, 65.967, 1, 0.009, 0.009, 125.6, 57.484, 100, 0, 0, 141, 31.017, 31.517, 13.969, 1.13, 0, 107.517, 0, 0, 116.017, 38.592, 0, 0, 0, 0, 
32.6, 17.655, 100.33, 73.27, 74.12, , -5.667, 0.986, 2162.378, 2162.378, 2.052, -132.731, -132.731, -132.731, 53.718, 76.771, 35.627, 36.113, 7.38, 13.194, 0, 0, -13.18, -13.366, -13.18, -13.366, 1, 37.766, 37.766, 0.024, 0.135, -34.127, -34.607, -34.127, -34.607, 4.749, 7.38, 13.194, , , 1, 32.661, 0, 0, 14.5, 2.052, 205, 0, 0, 0, 66, 9.259, 9.192, 125.6, 57.737, 100, 0, 0, 30.796, 31.364, 14, 1.133, 107.432, 0, 0, 115.864, 38.36, 0, 0, 0, 0, 0, 14, 0, 14.5, 0, 2.052, 205, 0, 0, 0, 66, 1, 0.009, 0.009, 125.6, 57.737, 100, 0, 0, 141, 30.796, 31.364, 14, 1.133, 0, 107.432, 0, 0, 115.864, 38.36, 0, 0, 0, 0, 
32.65, 17.654, 100.33, 73.27, 74.12, , -5.672, 0.986, 2165.157, 2165.157, 2.038, -132.846, -132.846, -132.846, 53.748, 77.476, 35.915, 35.825, 7.379, 13.225, 0, 0, -13.094, -13.278, -13.094, -13.278, 1, 37.477, 37.477, 0.024, 0.134, -34.139, -34.619, -34.139, -34.619, 4.738, 7.379, 13.225, , , 1, 32.71, 0, 0, 14.5, 2.038, 205, 0, 0, 0, 66, 9.287, 9.254, 125.6, 58.033, 100, 0, 0, 30.496, 31.164, 14, 1.137, 107.332, 0, 0, 115.664, 38.11, 0, 0, 0, 0, 0, 14, 0, 14.5, 0, 2.038, 205, 0, 0, 0, 66, 1, 0.009, 0.009, 125.6, 58.033, 100, 0, 0, 141, 30.496, 31.164, 14, 1.137, 0, 107.332, 0, 0, 115.664, 38.11, 0, 0, 0, 0, 
32.7, 17.653, 100.33, 73.27, 74.12, , -5.68, 0.986, 2167.924, 2167.924, 2.024, -133.028, -133.028, -133.028, 53.77, 78.181, 36.077, 35.718, 7.379, 13.244, 0, 0, -13.012, -13.195, -13.012, -13.195, 1, 37.191, 37.191, 0.023, 0.134, -34.171, -34.651, -34.171, -34.651, 4.727, 7.379, 13.244, , , 1, 32.761, 0, 0, 14.5, 2.024, 205, 0, 0, 0, 66, 9.315, 9.316, 125.6, 58.329, 100, 0, 0, 30.196, 30.964, 14, 1.141, 107.232, 0, 0, 115.464, 37.86, 0, 0, 0, 0, 0, 14, 0, 14.5, 0, 2.024, 205, 0, 0, 0, 66, 1, 0.009, 0.009, 125.6, 58.329, 100, 0, 0, 141, 30.196, 30.964, 14, 1.141, 0, 107.232, 0, 0, 115.464, 37.86, 0, 0, 0, 0, 
32.75, 17.652, 100.33, 73.27, 74.12, , -5.692, 0.986, 2170.671, 2170.671, 2.01, -133.323, -133.323, -133.323, 53.788, 78.886, 35.79, 36.256, 7.378, 13.26, 0, 0, -12.937, -13.121, -12.937, -13.121, 1, 36.902, 36.902, 0.023, 0.134, -34.233, -34.713, -34.233, -34.713, 4.716, 7.378, 13.26, , , 1, 32.811, 0, 0, 14.5, 2.01, 205, 0, 0, 0, 66, 9.343, 9.378, 125.6, 58.625, 100, 0, 0, 29.896, 30.764, 14, 1.145, 107.132, 0, 0, 115.264, 37.61, 0, 0, 0, 0, 0, 14, 0, 14.5, 0, 2.01, 205, 0, 0, 0, 66, 1, 0.009, 0.009, 125.6, 58.625, 100, 0, 0, 141, 29.896, 30.764, 14, 1.145, 0, 107.132, 0, 0, 115.264, 37.61, 0, 0, 0, 0, 
32.8, 17.652, 100.33, 73.27, 74.12, , -5.717, 0.986, 2173.396, 2173.396, 1.996, -133.935, -133.935, -133.935, 53.804, 79.591, 35.503, 36.794, 7.378, 13.263, 0, 0, -12.892, -13.077, -12.892, -13.077, 1, 36.612, 36.612, 0.023, 0.134, -34.381, -34.862, -34.381, -34.862, 4.703, 7.378, 13.263, , , 1, 32.86, 0, 0, 14.5, 1.996, 205, 0, 0, 0, 66, 9.371, 9.44, 125.6, 58.921, 100, 0, 0, 29.596, 30.564, 14, 1.149, 107.032, 0, 0, 115.064, 37.36, 0, 0, 0, 0, 0, 14, 0, 14.5, 0, 1.996, 205, 0, 0, 0, 66, 1, 0.009, 0.009, 125.6, 58.921, 100, 0, 0, 141, 29.596, 30.564, 14, 1.149, 0, 107.032, 0, 0, 115.064, 37.36, 0, 0, 0, 0, 
32.85, 17.651, 100.33, 73.27, 74.12, , -5.749, 0.986, 2176.11, 2176.11, 1.976, -134.696, -134.696, -134.696, 53.815, 80.296, 35.216, 37.332, 7.377, 13.264, 0, 0, -12.861, -13.048, -12.861, -13.048, 1, 36.323, 36.323, 0.024, 0.134, -34.569, -35.052, -34.569, -35.052, 4.689, 7.377, 13.264, , , 1, 32.91, 0, 0, 14.5, 1.976, 205, 0, 0, 0, 66, 9.413, 9.513, 125.6, 59.397, 100, 0, 0, 29.16, 30.126, 14, 1.15, 106.659, 0, 0, 114.556, 37.027, 0, 0, 0, 0, 0, 14, 0, 14.5, 0, 1.976, 205, 0, 0, 0, 66, 1, 0.009, 0.009, 125.6, 59.397, 100, 0, 0, 141, 29.16, 30.126, 14, 1.15, 0, 106.659, 0, 0, 114.556, 37.027, 0, 0, 0, 0, 
32.9, 17.65, 100.33, 73.27, 74.12, , -5.794, 0.986, 2178.796, 2178.796, 1.954, -135.769, -135.769, -135.769, 53.825, 81.001, 34.929, 37.87, 7.377, 13.261, 0, 0, -12.86, -13.045, -12.86, -13.045, 1, 36.033, 36.033, 0.024, 0.134, -34.836, -35.323, -34.836, -35.323, 4.674, 7.377, 13.261, , , 1, 32.96, 0, 0, 14.5, 1.954, 205, 0, 0, 0, 66, 9.462, 9.591, 125.6, 59.95, 100, 0, 0, 28.66, 29.576, 14, 1.15, 106.157, 0, 0, 113.904, 36.655, 0, 0, 0, 0, 0, 14, 0, 14.5, 0, 1.954, 205, 0, 0, 0, 66, 1, 0.009, 0.009, 125.6, 59.95, 100, 0, 0, 141, 28.66, 29.576, 14, 1.15, 0, 106.157, 0, 0, 113.904, 36.655, 0, 0, 0, 0, 
32.95, 17.65, 100.33, 73.27, 74.119, , -5.835, 0.986, 2181.474, 2181.474, 1.932, -136.75, -136.75, -136.75, 53.846, 81.706, 34.736, 38.235, 7.377, 13.258, 0, 0, -12.849, -13.032, -12.849, -13.032, 1, 35.736, 35.736, 0.024, 0.134, -35.077, -35.568, -35.077, -35.568, 4.66, 7.377, 13.258, , , 1, 33.01, 0, 0, 14.5, 1.932, 205, 0, 0, 0, 66, 9.511, 9.669, 125.6, 60.503, 100, 0, 0, 28.16, 29.026, 14, 1.15, 105.655, 0, 0, 113.251, 36.283, 0, 0, 0, 0, 0, 14, 0, 14.5, 0, 1.932, 205, 0, 0, 0, 66, 1, 0.01, 0.01, 125.6, 60.503, 100, 0, 0, 141, 28.16, 29.026, 14, 1.15, 0, 105.655, 0, 0, 113.251, 36.283, 0, 0, 0, 0, 
33, 17.65, 100.33, 73.27, 74.119, , -5.861, 0.986, 2184.127, 2184.127, 1.91, -137.357, -137.357, -137.357, 53.87, 82.411, 34.917, 37.91, 7.377, 13.255, 0, 0, -12.798, -12.979, -12.798, -12.979, 1, 35.439, 35.439, 0.024, 0.134, -35.216, -35.708, -35.216, -35.708, 4.652, 7.377, 13.255, , , 1, 33.061, 0, 0, 14.5, 1.91, 205, 0, 0, 0, 66, 9.56, 9.747, 125.6, 61.056, 100, 0, 0, 27.66, 28.476, 14, 1.15, 105.153, 0, 0, 112.598, 35.911, 0, 0, 0, 0, 0, 14, 0, 14.5, 0, 1.91, 205, 0, 0, 0, 66, 1, 0.01, 0.01, 125.6, 61.056, 100, 0, 0, 141, 27.66, 28.476, 14, 1.15, 0, 105.153, 0, 0, 112.598, 35.911, 0, 0, 0, 0, 
33.05, 17.65, 100.33, 73.27, 74.118, , -5.859, 0.986, 2186.753, 2186.753, 1.888, -137.329, -137.329, -137.329, 53.9, 83.117, 35.098, 37.584, 7.377, 13.251, 0, 0, -12.69, -12.868, -12.69, -12.868, 1, 35.141, 35.141, 0.024, 0.134, -35.19, -35.682, -35.19, -35.682, 4.654, 7.377, 13.251, , , 1, 33.111, 0, 0, 14.5, 1.888, 205, 0, 0, 0, 66, 9.609, 9.825, 125.6, 61.609, 100, 0, 0, 27.16, 27.926, 14, 1.15, 104.651, 0, 0, 111.946, 35.539, 0, 0, 0, 0, 0, 14, 0, 14.5, 0, 1.888, 205, 0, 0, 0, 66, 1, 0.01, 0.01, 125.6, 61.609, 100, 0, 0, 141, 27.16, 27.926, 14, 1.15, 0, 104.651, 0, 0, 111.946, 35.539, 0, 0, 0, 0, 
33.1, 17.65, 100.33, 73.27, 74.117, , -5.824, 0.986, 2189.347, 2189.347, 1.876, -136.494, -136.494, -136.494, 53.932, 83.822, 35.278, 37.259, 7.377, 13.251, 0, 0, -12.508, -12.683, -12.508, -12.683, 1, 34.846, 34.846, 0.024, 0.134, -34.954, -35.444, -34.954, -35.444, 4.656, 7.377, 13.251, , , 1, 33.16, 0, 0, 14.5, 1.876, 205, 0, 0, 0, 66.212, 9.723, 9.975, 125.6, 61.91, 100, 0, 0, 26.752, 27.431, 14, 1.156, 104.354, 0, 0, 111.568, 35.2, 0, 0, 0, 0, 0, 14, 0, 14.5, 0, 1.876, 205, 0, 0, 0, 66.212, 1, 0.01, 0.01, 125.6, 62.26, 100, 0, 0, 141, 26.752, 27.431, 14, 1.156, 0, 104.354, 0, 0, 111.568, 35.2, 0, 0, 0, 0, 
33.15, 17.65, 100.33, 73.27, 74.116, , -5.815, 0.986, 2191.922, 2191.922, 1.869, -136.279, -136.279, -136.279, 53.965, 84.527, 35.459, 36.934, 7.377, 13.252, 0, 0, -12.383, -12.556, -12.383, -12.556, 1, 34.553, 34.553, 0.024, 0.134, -34.876, -35.367, -34.876, -35.367, 4.657, 7.377, 13.252, , , 1, 33.211, 0, 0, 14.5, 1.869, 205, 0, 0, 0, 66.525, 9.866, 10.16, 125.6, 62.103, 100, 0, 0, 26.388, 26.962, 14, 1.164, 104.146, 0, 0, 111.307, 34.876, 0, 0, 0, 0, 0, 14, 0, 14.5, 0, 1.869, 205, 0, 0, 0, 66.525, 1, 0.01, 0.01, 125.6, 62.953, 100, 0, 0, 141, 26.388, 26.962, 14, 1.164, 0, 104.146, 0, 0, 111.307, 34.876, 0, 0, 0, 0, 
33.2, 17.65, 100.33, 73.27, 74.115, , -5.819, 0.986, 2194.488, 2194.488, 1.861, -136.383, -136.383, -136.383, 54, 85.232, 35.576, 36.68, 7.377, 13.249, 0, 0, -12.286, -12.459, -12.286, -12.459, 1, 34.256, 34.256, 0.024, 0.134, -34.879, -35.372, -34.879, -35.372, 4.657, 7.377, 13.249, , , 1, 33.261, 0, 0, 14.5, 1.861, 205, 0, 0, 0, 66.838, 10.01, 10.344, 125.6, 62.295, 100, 0, 0, 26.023, 26.494, 14, 1.172, 103.938, 0, 0, 111.047, 34.552, 0, 0, 0, 0, 0, 14, 0, 14.5, 0, 1.861, 205, 0, 0, 0, 66.838, 1, 0.01, 0.01, 125.6, 63.645, 100, 0, 0, 141, 26.023, 26.494, 14, 1.172, 0, 103.938, 0, 0, 111.047, 34.552, 0, 0, 0, 0, 
33.25, 17.65, 100.33, 73.27, 74.115, , -5.771, 0.986, 2197.008, 2197.008, 1.854, -135.257, -135.257, -135.257, 54.037, 85.937, 35.468, 36.68, 7.377, 13.244, 0, 0, -12.08, -12.251, -12.08, -12.251, 1, 33.957, 33.957, 0.024, 0.134, -34.57, -35.06, -34.57, -35.06, 4.641, 7.377, 13.244, , , 1, 33.31, 0, 0, 14.5, 1.854, 205, 0, 0, 0, 67.15, 10.154, 10.529, 125.6, 62.488, 100, 0, 0, 25.658, 26.025, 14, 1.181, 103.729, 0, 0, 110.786, 34.228, 0, 0, 0, 0, 0, 14, 0, 14.5, 0, 1.854, 205, 0, 0, 0, 67.15, 1, 0.01, 0.01, 125.6, 64.338, 100, 0, 0, 141, 25.658, 26.025, 14, 1.181, 0, 103.729, 0, 0, 110.786, 34.228, 0, 0, 0, 0, 
33.3, 17.65, 100.33, 73.27, 74.114, , -5.714, 0.986, 2199.52, 2199.52, 1.847, -133.897, -133.897, -133.897, 54.066, 86.642, 35.36, 36.68, 7.377, 13.234, 0, 0, -11.855, -12.021, -11.855, -12.021, 1, 33.665, 33.665, 0.024, 0.134, -34.201, -34.687, -34.201, -34.687, 4.626, 7.377, 13.234, , , 1, 33.361, 0, 0, 14.5, 1.847, 205, 0, 0, 0, 67.462, 10.298, 10.713, 125.6, 62.681, 100, 0, 0, 25.294, 25.556, 14, 1.189, 103.521, 0, 0, 110.526, 33.904, 0, 0, 0, 0, 0, 14, 0, 14.5, 0, 1.847, 205, 0, 0, 0, 67.462, 1, 0.01, 0.01, 125.6, 65.031, 100, 0, 0, 141, 25.294, 25.556, 14, 1.189, 0, 103.521, 0, 0, 110.526, 33.904, 0, 0, 0, 0, 
33.35, 17.65, 100.33, 73.27, 74.113, , -5.642, 0.986, 2202.03, 2202.03, 1.833, -132.205, -132.205, -132.205, 54.094, 87.347, 35.252, 36.68, 7.377, 13.221, 0, 0, -11.61, -11.773, -11.61, -11.773, 1, 33.373, 33.373, 0.024, 0.134, -33.757, -34.237, -33.757, -34.237, 4.61, 7.377, 13.221, , , 1, 33.411, 0.116, 0, 14.5, 1.833, 205, 0, 0, 0, 67.775, 10.437, 10.87, 125.6, 63.596, 100, 0, 0, 25.112, 25.317, 14.187, 1.197, 103.22, 0, 0, 110.033, 33.694, 0, 0, 0.116, 0, 0, 14, 0, 14.5, 0, 1.833, 205, 0, 0, 0, 67.775, 1, 0.011, 0.011, 125.6, 65.55, 100, 0, 0, 141, 25.112, 25.317, 14.187, 1.197, 0, 103.22, 0, 0, 110.033, 33.694, 0, 0, 0, 0, 
33.4, 17.65, 100.33, 73.27, 74.112, , -5.576, 0.986, 2204.531, 2204.531, 1.818, -130.641, -130.641, -130.641, 54.106, 88.052, 35.144, 36.68, 7.377, 13.198, 0, 0, -11.377, -11.537, -11.377, -11.537, 1, 33.091, 33.091, 0.024, 0.135, -33.347, -33.82, -33.347, -33.82, 4.594, 7.377, 13.198, , , 1, 33.462, 0.244, 0, 14.5, 1.818, 205, 0, 0, 0, 68.088, 10.575, 11.023, 125.6, 64.592, 100, 0, 0, 24.956, 25.108, 14.394, 1.206, 102.909, 0, 0, 109.515, 33.499, 0, 0, 0.244, 0, 0, 14, 0, 14.5, 0, 1.818, 205, 0, 0, 0, 68.088, 1, 0.011, 0.011, 125.6, 66.05, 100, 0, 0, 141, 24.956, 25.108, 14.394, 1.206, 0, 102.909, 0, 0, 109.515, 33.499, 0, 0, 0, 0, 
33.45, 17.65, 100.33, 73.27, 74.112, , -5.561, 0.986, 2206.963, 2206.963, 1.804, -130.287, -130.287, -130.287, 54.118, 88.757, 35.068, 36.617, 7.377, 13.17, 0, 0, -11.245, -11.403, -11.245, -11.403, 1, 32.808, 32.808, 0.024, 0.135, -33.251, -33.72, -33.251, -33.72, 4.57, 7.377, 13.17, , , 1, 33.511, 0.373, 0, 14.5, 1.804, 205, 0, 0, 0, 68.4, 10.714, 11.176, 125.6, 65.588, 100, 0, 0, 24.8, 24.9, 14.602, 1.214, 102.598, 0, 0, 108.996, 33.304, 0, 0, 0.373, 0, 0, 14, 0, 14.5, 0, 1.804, 205, 0, 0, 0, 68.4, 1, 0.011, 0.011, 125.6, 66.55, 100, 0, 0, 141, 24.8, 24.9, 14.602, 1.214, 0, 102.598, 0, 0, 108.996, 33.304, 0, 0, 0, 0, 
33.5, 17.65, 100.33, 73.27, 74.111, , -5.539, 0.986, 2209.39, 2209.39, 1.789, -129.771, -129.771, -129.771, 54.125, 89.462, 35.104, 36.329, 7.377, 13.127, 0, 0, -11.101, -11.257, -11.101, -11.257, 1, 32.525, 32.525, 0.024, 0.135, -33.114, -33.58, -33.114, -33.58, 4.546, 7.377, 13.127, , , 1, 33.561, 0.502, 0, 14.5, 1.789, 205, 0, 0, 0, 68.712, 10.853, 11.329, 125.6, 66.584, 100, 0, 0, 24.644, 24.692, 14.809, 1.222, 102.286, 0, 0, 108.477, 33.109, 0, 0, 0.502, 0, 0, 14, 0, 14.5, 0, 1.789, 205, 0, 0, 0, 68.712, 1, 0.011, 0.011, 125.6, 67.05, 100, 0, 0, 141, 24.644, 24.692, 14.809, 1.222, 0, 102.286, 0, 0, 108.477, 33.109, 0, 0, 0, 0, 
33.55, 17.65, 100.33, 73.27, 74.11, , -5.49, 0.986, 2211.797, 2211.797, 1.775, -128.612, -128.612, -128.612, 54.132, 90.167, 35.14, 36.041, 7.377, 13.076, 0, 0, -10.907, -11.062, -10.907, -11.062, 1, 32.244, 32.244, 0.024, 0.135, -32.817, -33.279, -32.817, -33.279, 4.522, 7.377, 13.076, , , 1, 33.611, 0.621, 0, 14.497, 1.775, 205, 0, 0, 0, 69.032, 10.987, 11.474, 125.6, 67.565, 100, 0, 0, 24.476, 24.492, 15.016, 1.231, 101.952, 0, 0, 107.936, 32.91, 0, 0, 0.621, 0, 0, 14, 0, 14.497, 0, 1.775, 205, 0, 0, 0, 69.032, 1, 0.011, 0.011, 125.6, 67.581, 100, 0, 0, 141, 24.476, 24.492, 15.016, 1.231, 0, 101.952, 0, 0, 107.936, 32.91, 0, 0, 0, 0, 
33.6, 17.65, 100.33, 73.27, 74.109, , -5.448, 0.986, 2214.198, 2214.198, 1.76, -127.618, -127.618, -127.618, 54.138, 90.872, 35.176, 35.753, 7.377, 13.011, 0, 0, -10.729, -10.882, -10.729, -10.882, 1, 31.968, 31.968, 0.024, 0.135, -32.559, -33.019, -32.559, -33.019, 4.498, 7.377, 13.011, , , 1, 33.66, 0.637, 0, 14.457, 1.76, 205, 0, 0, 0, 69.432, 11.069, 11.522, 125.6, 68.378, 100, 0, 0, 24.176, 24.392, 15.217, 1.239, 101.352, 0, 0, 107.136, 32.662, 0, 0, 0.637, 0, 0, 14, 0, 14.457, 0, 1.76, 205, 0, 0, 0, 69.432, 1, 0.011, 0.011, 125.6, 68.391, 100, 0, 0, 141, 24.176, 24.392, 15.217, 1.239, 0, 101.352, 0, 0, 107.136, 32.662, 0, 0, 0, 0, 
33.65, 17.65, 100.33, 73.27, 74.109, , -5.426, 0.986, 2216.581, 2216.581, 1.745, -127.096, -127.096, -127.096, 54.151, 91.577, 35.212, 35.465, 7.377, 12.938, 0, 0, -10.598, -10.749, -10.598, -10.749, 1, 31.693, 31.693, 0.024, 0.134, -32.416, -32.874, -32.416, -32.874, 4.477, 7.377, 12.938, , , 1, 33.71, 0.653, 0, 14.416, 1.745, 205, 0, 0, 0, 69.832, 11.151, 11.57, 125.6, 69.192, 100, 0, 0, 23.876, 24.292, 15.418, 1.247, 100.752, 0, 0, 106.336, 32.414, 0, 0, 0.653, 0, 0, 14, 0, 14.416, 0, 1.745, 205, 0, 0, 0, 69.832, 1, 0.011, 0.011, 125.6, 69.201, 100, 0, 0, 141, 23.876, 24.292, 15.418, 1.247, 0, 100.752, 0, 0, 106.336, 32.414, 0, 0, 0, 0, 
33.7, 17.65, 100.33, 73.27, 74.108, , -5.381, 0.986, 2218.943, 2218.943, 1.73, -126.043, -126.043, -126.043, 54.18, 92.282, 35.2, 35.319, 7.377, 12.86, 0, 0, -10.422, -10.571, -10.422, -10.571, 1, 31.42, 31.42, 0.024, 0.134, -32.135, -32.589, -32.135, -32.589, 4.457, 7.377, 12.86, , , 1, 33.76, 0.669, 0, 14.376, 1.73, 205, 0, 0, 0, 70.232, 11.233, 11.618, 125.6, 70.005, 100, 0, 0, 23.576, 24.192, 15.618, 1.255, 100.152, 0, 0, 105.536, 32.166, 0, 0, 0.669, 0, 0, 14, 0, 14.376, 0, 1.73, 205, 0, 0, 0, 70.232, 1, 0.011, 0.012, 125.6, 70.011, 100, 0, 0, 141, 23.576, 24.192, 15.618, 1.255, 0, 100.152, 0, 0, 105.536, 32.166, 0, 0, 0, 0, 
33.75, 17.65, 100.33, 73.27, 74.107, , -5.279, 0.986, 2221.255, 2221.255, 1.715, -123.627, -123.627, -123.627, 54.211, 92.987, 35.02, 35.679, 7.377, 12.779, 0, 0, -10.132, -10.278, -10.132, -10.278, 1, 31.149, 31.149, 0.024, 0.134, -31.498, -31.944, -31.498, -31.944, 4.437, 7.377, 12.779, , , 1, 33.811, 0.686, 0, 14.336, 1.715, 205, 0, 0, 0, 70.632, 11.315, 11.666, 125.6, 70.818, 100, 0, 0, 23.276, 24.092, 15.819, 1.263, 99.552, 0, 0, 104.736, 31.918, 0, 0, 0.686, 0, 0, 14, 0, 14.336, 0, 1.715, 205, 0, 0, 0, 70.632, 1, 0.011, 0.012, 125.6, 70.821, 100, 0, 0, 141, 23.276, 24.092, 15.819, 1.263, 0, 99.552, 0, 0, 104.736, 31.918, 0, 0, 0, 0, 
33.8, 17.65, 100.33, 73.271, 74.106, , -5.081, 0.986, 2223.56, 2223.56, 1.701, -118.933, -118.933, -118.933, 54.251, 93.693, 34.84, 36.039, 7.377, 12.705, 0, 0, -9.668, -9.807, -9.668, -9.807, 1, 30.883, 30.883, 0.024, 0.134, -30.286, -30.715, -30.286, -30.715, 4.417, 7.377, 12.705, , , 1, 33.861, 0.703, 0, 14.296, 1.701, 205, 0, 0, 0, 71.015, 11.402, 11.711, 125.6, 71.621, 100, 0, 0, 22.992, 23.977, 16.019, 1.271, 98.946, 0, 0, 103.938, 31.671, 0, 0, 0.703, 0, 0, 14, 0, 14.296, 0, 1.701, 205, 0, 0, 0, 71.015, 1, 0.011, 0.012, 125.6, 71.621, 100, 0, 0, 141, 22.992, 23.977, 16.019, 1.271, 0, 98.946, 0, 0, 103.938, 31.671, 0, 0, 0, 0, 
33.85, 17.65, 100.33, 73.276, 74.106, , -4.637, 0.986, 2225.849, 2225.849, 1.688, -108.384, -108.384, -108.384, 54.272, 94.398, 34.66, 36.399, 7.378, 12.636, 0, 0, -8.754, -8.881, -8.754, -8.881, 1, 30.63, 30.63, 0.024, 0.134, -27.593, -27.983, -27.593, -27.983, 4.402, 7.378, 12.636, , , 1, 33.911, 0.732, 0, 14.258, 1.688, 205, 0, 0, 0, 71.208, 11.546, 11.725, 125.6, 72.331, 100, 0, 0, 22.896, 23.688, 16.212, 1.278, 98.27, 0, 0, 103.166, 31.432, 0, 0, 0.732, 0, 0, 14, 0, 14.258, 0, 1.688, 205, 0, 0, 0, 71.208, 1, 0.011, 0.012, 125.6, 72.331, 100, 0, 0, 141, 22.896, 23.688, 16.212, 1.278, 0, 98.27, 0, 0, 103.166, 31.432, 0, 0, 0, 0, 
33.9, 17.65, 100.33, 73.281, 74.105, , -3.953, 0.986, 2228.127, 2228.127, 1.676, -92.168, -92.168, -92.168, 54.243, 95.103, 34.48, 36.759, 7.378, 12.572, 0, 0, -7.401, -7.509, -7.401, -7.509, 1, 30.411, 30.411, 0.024, 0.134, -23.441, -23.771, -23.441, -23.771, 4.391, 7.378, 12.572, , , 1, 33.961, 0.761, 0, 14.219, 1.676, 205, 0, 0, 0, 71.4, 11.69, 11.738, 125.6, 73.04, 100, 0, 0, 22.8, 23.4, 16.404, 1.286, 97.595, 0, 0, 102.394, 31.194, 0, 0, 0.761, 0, 0, 14, 0, 14.219, 0, 1.676, 205, 0, 0, 0, 71.402, 1, 0.011, 0.012, 125.6, 73.04, 100, 0, 0, 141, 22.8, 23.4, 16.404, 1.286, 0, 97.595, 0, 0, 102.394, 31.194, 0, 0, 0, 0, 
33.95, 17.65, 100.33, 73.286, 74.104, , -2.513, 0.986, 2230.372, 2230.372, 1.663, -58.008, -58.008, -58.008, 54.16, 95.808, 34.388, 36.953, 7.379, 12.51, 0, 0, -4.656, -4.725, -4.656, -4.725, 1, 30.224, 30.224, 0.024, 0.134, -14.667, -14.874, -14.667, -14.874, 4.379, 7.379, 12.51, , , 1, 34.011, 0.789, 0, 14.181, 1.663, 205, 0, 0, 0, 71.592, 11.834, 11.751, 125.6, 73.75, 100, 0, 0, 22.704, 23.112, 16.596, 1.294, 96.919, 0, 0, 101.622, 30.956, 0, 0, 0.789, 0, 0, 14, 0, 14.181, 0, 1.663, 205, 0, 0, 0, 71.595, 1, 0.012, 0.012, 125.6, 73.75, 100, 0, 0, 141, 22.704, 23.112, 16.596, 1.294, 0, 96.919, 0, 0, 101.622, 30.956, 0, 0, 0, 0, 
34, 17.65, 100.33, 73.291, 74.103, , -0.969, 0.986, 2232.614, 2232.614, 1.651, -21.369, -21.369, -21.369, 53.86, 92.107, 34.604, 36.557, 7.379, 12.451, 0, 0, -1.711, -1.739, -1.711, -1.739, 1, 30.158, 30.158, 0.024, 0.133, -5.203, -5.277, -5.203, -5.277, 4.368, 7.379, 12.451, , , 1, 34.061, 0.818, 0, 14.142, 1.651, 205, 0, 0, 0, 71.785, 11.978, 11.765, 125.6, 74.459, 100, 0, 0, 22.608, 22.823, 16.788, 1.301, 96.243, 0, 0, 100.849, 30.717, 0, 0, 0.818, 0, 0, 14, 0, 14.142, 0, 1.651, 205, 0, 0, 0, 71.788, 1, 0.012, 0.012, 125.6, 74.459, 100, 0, 0, 141, 22.608, 22.823, 16.788, 1.301, 0, 96.243, 0, 0, 100.849, 30.717, 0, 0, 0, 0, 
34.05, 17.65, 100.33, 73.295, 74.103, , 1.124, 0.986, 2234.839, 2234.839, 1.638, 28.285, 28.285, 28.285, 53.528, 88.124, 34.82, 36.161, 7.38, 12.395, 0, 0, 2.283, 2.312, 2.283, 2.312, 1, 30.118, 30.118, 0.024, 0.133, 7.881, 7.991, 7.881, 7.991, 4.362, 7.38, 12.395, , , 1, 34.111, 0.847, 0, 14.104, 1.638, 205, 0, 0, 0, 71.977, 12.123, 11.778, 125.6, 75.169, 100, 0, 0, 22.512, 22.535, 16.981, 1.309, 95.568, 0, 0, 100.077, 30.479, 0, 0, 0.847, 0, 0, 14, 0, 14.104, 0, 1.638, 205, 0, 0, 0, 71.981, 1, 0.012, 0.012, 125.6, 75.169, 100, 0, 0, 141, 22.512, 22.535, 16.981, 1.309, 0, 95.568, 0, 0, 100.077, 30.479, 0, 0, 0, 0, 
34.1, 17.65, 100.33, 73.3, 74.102, , 3.197, 0.986, 2237.061, 2237.061, 1.631, 77.448, 77.448, 77.448, 52.96, 84.142, 35.036, 35.765, 7.38, 12.336, 0, 0, 6.241, 6.327, 6.241, 6.327, 1, 30.269, 30.269, 0.024, 0.133, 20.85, 21.143, 20.85, 21.143, 4.358, 7.38, 12.336, , , 1, 34.161, 0.733, 0, 14.058, 1.631, 205, 0, 0, 0, 71.919, 12.01, 11.765, 125.6, 75.272, 100, 0, 0, 22.459, 22.459, 17.083, 1.31, 95.417, 0, 0, 99.875, 30.652, 0, 0, 0.733, 0, 0, 14, 0, 14.058, 0, 1.631, 205, 0, 0, 0, 71.917, 1, 0.012, 0.012, 125.6, 75.272, 100, 0, 0, 141, 22.459, 22.459, 17.083, 1.31, 0, 95.417, 0, 0, 99.875, 30.652, 0, 0, 0, 0, 
34.15, 17.65, 100.33, 73.305, 74.101, , 4.944, 0.986, 2239.243, 2239.243, 1.624, 118.909, 118.909, 118.909, 52.391, 80.16, 35.252, 35.369, 7.38, 12.275, 0, 0, 9.641, 9.776, 9.641, 9.776, 1, 30.42, 30.42, 0.024, 0.134, 32.022, 32.472, 32.022, 32.472, 4.354, 7.38, 12.275, , , 1, 34.211, 0.602, 0, 14.012, 1.624, 205, 0, 0, 0, 71.826, 11.861, 11.747, 125.6, 75.307, 100, 0, 0, 22.413, 22.413, 17.176, 1.31, 95.324, 0, 0, 99.736, 30.882, 0, 0, 0.602, 0, 0, 14, 0, 14.012, 0, 1.624, 205, 0, 0, 0, 71.825, 1, 0.012, 0.012, 125.6, 75.307, 100, 0, 0, 141, 22.413, 22.413, 17.176, 1.31, 0, 95.324, 0, 0, 99.736, 30.882, 0, 0, 0, 0, 
34.2, 17.65, 100.33, 73.31, 74.1, , 6.692, 0.986, 2241.425, 2241.425, 1.617, 160.37, 160.37, 160.37, 51.785, 76.178, 35.412, 35.06, 7.38, 12.216, 0, 0, 13.041, 13.224, 13.041, 13.224, 1, 30.748, 30.748, 0.024, 0.134, 43.193, 43.8, 43.193, 43.8, 4.351, 7.38, 12.216, , , 1, 34.261, 0.471, 0, 13.966, 1.617, 205, 0, 0, 0, 71.733, 11.713, 11.729, 125.6, 75.342, 100, 0, 0, 22.367, 22.367, 17.269, 1.31, 95.231, 0, 0, 99.597, 31.111, 0, 0, 0.471, 0, 0, 14, 0, 13.966, 0, 1.617, 205, 0, 0, 0, 71.732, 1, 0.012, 0.012, 125.6, 75.342, 100, 0, 0, 141, 22.367, 22.367, 17.269, 1.31, 0, 95.231, 0, 0, 99.597, 31.111, 0, 0, 0, 0, 
34.25, 17.65, 100.33, 73.315, 74.1, , 7.473, 0.986, 2243.645, 2243.645, 1.61, 178.911, 178.911, 178.911, 51.178, 72.195, 35.377, 35.06, 7.38, 12.16, 0, 0, 14.695, 14.901, 14.695, 14.901, 1, 31.08, 31.08, 0.024, 0.134, 48.538, 49.221, 48.538, 49.221, 4.34, 7.38, 12.16, , , 1, 34.311, 0.341, 0, 13.919, 1.61, 205, 0, 0, 0, 71.641, 11.565, 11.712, 125.6, 75.377, 100, 0, 0, 22.32, 22.32, 17.361, 1.31, 95.139, 0, 0, 99.458, 31.341, 0, 0, 0.341, 0, 0, 14, 0, 13.919, 0, 1.61, 205, 0, 0, 0, 71.64, 1, 0.012, 0.012, 125.6, 75.377, 100, 0, 0, 141, 22.32, 22.32, 17.361, 1.31, 0, 95.139, 0, 0, 99.458, 31.341, 0, 0, 0, 0, 
34.3, 17.65, 100.33, 73.32, 74.1, , 8.17, 0.986, 2245.868, 2245.868, 1.603, 195.459, 195.459, 195.459, 50.713, 68.213, 35.342, 35.06, 7.38, 12.112, 0, 0, 16.196, 16.423, 16.196, 16.423, 1, 31.476, 31.476, 0.024, 0.134, 53.376, 54.128, 53.376, 54.128, 4.32, 7.38, 12.112, , , 1, 34.361, 0.21, 0, 13.873, 1.603, 205, 0, 0, 0, 71.548, 11.417, 11.694, 125.6, 75.412, 100, 0, 0, 22.274, 22.274, 17.454, 1.31, 95.046, 0, 0, 99.319, 31.571, 0, 0, 0.21, 0, 0, 14, 0, 13.873, 0, 1.603, 205, 0, 0, 0, 71.548, 1, 0.012, 0.012, 125.6, 75.412, 100, 0, 0, 141, 22.274, 22.274, 17.454, 1.31, 0, 95.046, 0, 0, 99.319, 31.571, 0, 0, 0, 0, 
34.35, 17.65, 100.33, 73.325, 74.1, , 8.36, 0.986, 2248.127, 2248.127, 1.608, 199.954, 199.954, 199.954, 50.272, 64.231, 35.307, 35.06, 7.38, 12.075, 0, 0, 16.771, 17.006, 16.771, 17.006, 1, 31.882, 31.882, 0.024, 0.134, 54.893, 55.666, 54.893, 55.666, 4.3, 7.38, 12.075, , , 1, 34.411, 0.13, 0, 13.892, 1.608, 205, 0, 0, 0, 71.45, 11.294, 11.662, 125.6, 75.18, 100, 0, 0, 22.4, 22.425, 17.448, 1.308, 95.443, 0, 0, 99.719, 31.908, 0, 0, 0.13, 0, 0, 14, 0, 13.892, 0, 1.608, 205, 0, 0, 0, 71.45, 1, 0.011, 0.012, 125.6, 75.18, 100, 0, 0, 141, 22.4, 22.425, 17.448, 1.308, 0, 95.443, 0, 0, 99.719, 31.908, 0, 0, 0, 0, 
34.4, 17.65, 100.33, 73.33, 74.1, , 8.452, 0.986, 2250.394, 2250.394, 1.625, 202.153, 202.153, 202.153, 50.046, 60.248, 35.272, 35.06, 7.38, 12.054, 0, 0, 17.169, 17.411, 17.169, 17.411, 1, 32.293, 32.293, 0.024, 0.134, 55.779, 56.563, 55.779, 56.563, 4.28, 7.38, 12.054, , , 1, 34.461, 0.101, 0, 13.975, 1.625, 205, 0, 0, 0, 71.346, 11.198, 11.616, 125.6, 74.68, 100, 0, 0, 22.712, 22.79, 17.344, 1.304, 96.328, 0, 0, 100.656, 32.361, 0, 0, 0.101, 0, 0, 14, 0, 13.975, 0, 1.625, 205, 0, 0, 0, 71.346, 1, 0.011, 0.012, 125.6, 74.68, 100, 0, 0, 141, 22.712, 22.79, 17.344, 1.304, 0, 96.328, 0, 0, 100.656, 32.361, 0, 0, 0, 0, 
34.45, 17.65, 100.33, 73.335, 74.1, , 8.42, 0.986, 2252.731, 2252.731, 1.642, 201.406, 201.406, 201.406, 49.874, 56.266, 35.246, 35.072, 7.379, 12.056, 0, 0, 17.318, 17.562, 17.318, 17.562, 1, 32.706, 32.706, 0.024, 0.134, 55.732, 56.516, 55.732, 56.516, 4.26, 7.379, 12.056, , , 1, 34.511, 0.072, 0, 14.058, 1.642, 205, 0, 0, 0, 71.242, 11.102, 11.569, 125.6, 74.18, 100, 0, 0, 23.025, 23.154, 17.24, 1.3, 97.214, 0, 0, 101.594, 32.814, 0, 0, 0.072, 0, 0, 14, 0, 14.058, 0, 1.642, 205, 0, 0, 0, 71.242, 1, 0.011, 0.012, 125.6, 74.18, 100, 0, 0, 141, 23.025, 23.154, 17.24, 1.3, 0, 97.214, 0, 0, 101.594, 32.814, 0, 0, 0, 0, 
34.5, 17.65, 100.33, 73.34, 74.1, , 8.353, 0.986, 2255.09, 2255.09, 1.659, 199.827, 199.827, 199.827, 49.791, 52.284, 35.32, 35.22, 7.379, 12.075, 0, 0, 17.396, 17.642, 17.396, 17.642, 1, 33.112, 33.112, 0.024, 0.134, 55.422, 56.202, 55.422, 56.202, 4.239, 7.379, 12.075, , , 1, 34.561, 0.043, 0, 14.142, 1.659, 205, 0, 0, 0, 71.138, 11.006, 11.522, 125.6, 73.68, 100, 0, 0, 23.338, 23.519, 17.135, 1.295, 98.099, 0, 0, 102.531, 33.267, 0, 0, 0.043, 0, 0, 14, 0, 14.142, 0, 1.659, 205, 0, 0, 0, 71.138, 1, 0.011, 0.012, 125.6, 73.68, 100, 0, 0, 141, 23.338, 23.519, 17.135, 1.295, 0, 98.099, 0, 0, 102.531, 33.267, 0, 0, 0, 0, 
34.55, 17.65, 100.33, 73.345, 74.1, , 8.37, 0.986, 2257.487, 2257.487, 1.676, 200.236, 200.236, 200.236, 49.732, 48.302, 35.394, 35.368, 7.378, 12.12, 0, 0, 17.648, 17.899, 17.648, 17.899, 1, 33.516, 33.516, 0.024, 0.134, 55.572, 56.354, 55.572, 56.354, 4.218, 7.378, 12.12, , , 1, 34.611, 0.014, 0, 14.225, 1.676, 205, 0, 0, 0, 71.033, 10.911, 11.475, 125.6, 73.18, 100, 0, 0, 23.65, 23.883, 17.031, 1.291, 98.984, 0, 0, 103.469, 33.72, 0, 0, 0.014, 0, 0, 14, 0, 14.225, 0, 1.676, 205, 0, 0, 0, 71.033, 1, 0.011, 0.012, 125.6, 73.18, 100, 0, 0, 141, 23.65, 23.883, 17.031, 1.291, 0, 98.984, 0, 0, 103.469, 33.72, 0, 0, 0, 0, 
34.6, 17.65, 100.33, 73.35, 74.1, , 8.411, 0.986, 2259.893, 2259.893, 1.689, 201.205, 201.205, 201.205, 49.738, 44.319, 35.468, 35.516, 7.378, 12.174, 0, 0, 17.949, 18.204, 17.949, 18.204, 1, 33.926, 33.926, 0.024, 0.134, 55.852, 56.638, 55.852, 56.638, 4.198, 7.378, 12.174, , , 1, 34.661, 0.004, 0, 14.273, 1.689, 205, 0, 0, 0, 71, 10.871, 11.454, 125.6, 72.861, 100, 0, 0, 23.861, 24.074, 17, 1.29, 99.591, 0, 0, 104.091, 34.003, 0, 0, 0.004, 0, 0, 14, 0, 14.273, 0, 1.689, 205, 0, 0, 0, 71, 1, 0.011, 0.011, 125.6, 72.861, 100, 0, 0, 141, 23.861, 24.074, 17, 1.29, 0, 99.591, 0, 0, 104.091, 34.003, 0, 0, 0, 0, 
34.65, 17.65, 100.33, 73.355, 74.1, , 8.409, 0.986, 2262.343, 2262.343, 1.701, 201.163, 201.163, 201.163, 49.761, 47.037, 35.542, 35.664, 7.377, 12.243, 0, 0, 18.165, 18.423, 18.165, 18.423, 1, 34.337, 34.337, 0.024, 0.134, 55.824, 56.613, 55.824, 56.613, 4.18, 7.377, 12.243, , , 1, 34.711, 0.003, 0, 14.305, 1.701, 205, 0, 0, 0, 71, 10.858, 11.445, 125.6, 72.62, 100, 0, 0, 24.024, 24.183, 17, 1.29, 100.078, 0, 0, 104.578, 34.206, 0, 0, 0.003, 0, 0, 14, 0, 14.305, 0, 1.701, 205, 0, 0, 0, 71, 1, 0.011, 0.011, 125.6, 72.62, 100, 0, 0, 141, 24.024, 24.183, 17, 1.29, 0, 100.078, 0, 0, 104.578, 34.206, 0, 0, 0, 0, 
34.7, 17.65, 100.33, 73.36, 74.1, , 8.399, 0.986, 2264.8, 2264.8, 1.712, 200.927, 200.927, 200.927, 49.768, 59.08, 35.592, 35.835, 7.377, 12.309, 0, 0, 18.365, 18.625, 18.365, 18.625, 1, 34.751, 34.751, 0.024, 0.135, 55.738, 56.528, 55.738, 56.528, 4.175, 7.377, 12.309, , , 1, 34.762, 0.002, 0, 14.338, 1.712, 205, 0, 0, 0, 71, 10.845, 11.437, 125.6, 72.378, 100, 0, 0, 24.187, 24.291, 17, 1.29, 100.565, 0, 0, 105.065, 34.41, 0, 0, 0.002, 0, 0, 14, 0, 14.338, 0, 1.712, 205, 0, 0, 0, 71, 1, 0.011, 0.011, 125.6, 72.378, 100, 0, 0, 141, 24.187, 24.291, 17, 1.29, 0, 100.565, 0, 0, 105.065, 34.41, 0, 0, 0, 0, 
34.75, 17.65, 100.33, 73.365, 74.1, , 8.448, 0.986, 2267.307, 2267.307, 1.723, 202.104, 202.104, 202.104, 49.773, 59.742, 35.556, 36.087, 7.377, 12.372, 0, 0, 18.692, 18.955, 18.692, 18.955, 1, 35.165, 35.165, 0.024, 0.135, 56.077, 56.871, 56.077, 56.871, 4.17, 7.377, 12.372, , , 1, 34.811, 0.001, 0, 14.371, 1.723, 205, 0, 0, 0, 71, 10.832, 11.428, 125.6, 72.137, 100, 0, 0, 24.35, 24.4, 17, 1.29, 101.052, 0, 0, 105.552, 34.613, 0, 0, 0.001, 0, 0, 14, 0, 14.371, 0, 1.723, 205, 0, 0, 0, 71, 1, 0.011, 0.011, 125.6, 72.137, 100, 0, 0, 141, 24.35, 24.4, 17, 1.29, 0, 101.052, 0, 0, 105.552, 34.613, 0, 0, 0, 0, 
34.8, 17.65, 100.33, 73.37, 74.1, , 8.5, 0.986, 2269.825, 2269.825, 1.735, 203.355, 203.355, 203.355, 49.746, 60.405, 35.52, 36.339, 7.377, 12.434, 0, 0, 19.026, 19.294, 19.026, 19.294, 1, 35.58, 35.58, 0.024, 0.135, 56.443, 57.24, 56.443, 57.24, 4.165, 7.377, 12.434, , , 1, 34.861, 0, 0, 14.402, 1.735, 205.037, 0, 0, 0, 71, 10.815, 11.416, 125.6, 71.865, 100, 0, 0, 24.53, 24.544, 17, 1.29, 101.53, 0, 0, 106.044, 34.828, 0, 0, 0, 0, 0, 14, 0, 14.402, 0, 1.735, 205.037, 0, 0, 0, 71, 1, 0.011, 0.011, 125.6, 71.865, 100, 0, 0, 141, 24.53, 24.544, 17, 1.29, 0, 101.53, 0, 0, 106.044, 34.828, 0, 0, 0, 0, 
34.85, 17.65, 100.33, 73.375, 74.1, , 8.547, 0.986, 2272.42, 2272.42, 1.755, 204.474, 204.474, 204.474, 49.719, 61.067, 35.484, 36.591, 7.377, 12.493, 0, 0, 19.358, 19.629, 19.358, 19.629, 1, 35.995, 35.995, 0.024, 0.135, 56.806, 57.608, 56.806, 57.608, 4.16, 7.377, 12.493, , , 1, 34.911, 0, 0, 14.42, 1.755, 205.407, 0, 0, 0, 71, 10.752, 11.366, 125.6, 71.319, 100, 0, 0, 24.9, 25.1, 17, 1.29, 101.9, 0, 0, 106.6, 35.172, 0, 0, 0, 0, 0, 14, 0, 14.42, 0, 1.755, 205.407, 0, 0, 0, 71, 1, 0.011, 0.011, 125.6, 71.319, 100, 0, 0, 141, 24.9, 25.1, 17, 1.29, 0, 101.901, 0, 0, 106.6, 35.172, 0, 0, 0, 0, 
34.9, 17.65, 100.33, 73.38, 74.1, , 8.564, 0.986, 2275.024, 2275.024, 1.774, 204.881, 204.881, 204.881, 49.695, 61.729, 35.448, 36.843, 7.377, 12.555, 0, 0, 19.62, 19.894, 19.62, 19.894, 1, 36.414, 36.414, 0.024, 0.135, 56.954, 57.76, 56.954, 57.76, 4.169, 7.377, 12.555, , , 1, 34.961, 0, 0, 14.439, 1.774, 205.778, 0, 0, 0, 71, 10.689, 11.316, 125.6, 70.773, 100, 0, 0, 25.27, 25.656, 17, 1.29, 102.27, 0, 0, 107.156, 35.516, 0, 0, 0, 0, 0, 14, 0, 14.439, 0, 1.774, 205.778, 0, 0, 0, 71, 1, 0.011, 0.011, 125.6, 70.773, 100, 0, 0, 141, 25.27, 25.656, 17, 1.29, 0, 102.273, 0, 0, 107.156, 35.516, 0, 0, 0, 0, 
34.95, 17.65, 100.33, 73.385, 74.1, , 8.504, 0.986, 2277.649, 2277.649, 1.794, 203.458, 203.458, 203.458, 49.693, 62.392, 35.38, 36.961, 7.377, 12.622, 0, 0, 19.705, 19.978, 19.705, 19.978, 1, 36.833, 36.833, 0.024, 0.135, 56.554, 57.353, 56.554, 57.353, 4.179, 7.377, 12.622, , , 1, 35.011, 0, 0, 14.457, 1.794, 206.148, 0, 0, 0, 71, 10.626, 11.266, 125.6, 70.226, 100, 0, 0, 25.641, 26.211, 17, 1.29, 102.641, 0, 0, 107.711, 35.861, 0, 0, 0, 0, 0, 14, 0, 14.457, 0, 1.794, 206.148, 0, 0, 0, 71, 1, 0.01, 0.011, 125.6, 70.226, 100, 0, 0, 141, 25.641, 26.211, 17, 1.29, 0, 102.645, 0, 0, 107.711, 35.861, 0, 0, 0, 0, 
35, 17.65, 100.33, 73.39, 74.1, , 8.457, 0.986, 2280.303, 2280.303, 1.813, 202.349, 202.349, 202.349, 49.728, 63.054, 35.2, 36.601, 7.377, 12.696, 0, 0, 19.817, 20.092, 19.817, 20.092, 1, 37.252, 37.252, 0.024, 0.136, 56.209, 57.004, 56.209, 57.004, 4.189, 7.377, 12.696, , , 1, 35.06, 0, 0, 14.476, 1.813, 206.519, 0, 0, 0, 71, 10.563, 11.216, 125.6, 69.68, 100, 0, 0, 26.011, 26.767, 17, 1.29, 103.011, 0, 0, 108.267, 36.205, 0, 0, 0, 0, 0, 14, 0, 14.476, 0, 1.813, 206.519, 0, 0, 0, 71, 1, 0.01, 0.011, 125.6, 69.68, 100, 0, 0, 141, 26.011, 26.767, 17, 1.29, 0, 103.017, 0, 0, 108.267, 36.205, 0, 0, 0, 0, 
35.05, 17.65, 100.33, 73.395, 74.1, , 8.423, 0.986, 2282.986, 2282.986, 1.833, 201.555, 201.555, 201.555, 49.796, 63.716, 35.02, 36.241, 7.377, 12.786, 0, 0, 19.959, 20.235, 19.959, 20.235, 1, 37.668, 37.668, 0.024, 0.136, 55.92, 56.711, 55.92, 56.711, 4.199, 7.377, 12.786, , , 1, 35.11, 0, 0, 14.494, 1.833, 206.889, 0, 0, 0, 71, 10.5, 11.166, 125.6, 69.134, 100, 0, 0, 26.381, 27.322, 17, 1.29, 103.381, 0, 0, 108.822, 36.55, 0, 0, 0, 0, 0, 14, 0, 14.494, 0, 1.833, 206.889, 0, 0, 0, 71, 1, 0.01, 0.011, 125.6, 69.134, 100, 0, 0, 141, 26.381, 27.322, 17, 1.29, 0, 103.388, 0, 0, 108.822, 36.55, 0, 0, 0, 0, 
35.1, 17.65, 100.33, 73.4, 74.1, , 8.308, 0.986, 2285.718, 2285.718, 1.857, 198.828, 198.828, 198.828, 49.883, 64.379, 34.84, 35.881, 7.377, 12.875, 0, 0, 19.899, 20.176, 19.899, 20.176, 1, 38.08, 38.08, 0.024, 0.136, 55.046, 55.826, 55.046, 55.826, 4.217, 7.377, 12.875, , , 1, 35.16, 0, 0, 14.5, 1.857, 207, 0, 0, 0, 71, 10.465, 11.115, 125.6, 68.661, 100, 0, 0, 26.908, 27.976, 17, 1.29, 103.841, 0, 0, 109.41, 36.999, 0, 0, 0, 0, 0, 14, 0, 14.5, 0, 1.857, 207, 0, 0, 0, 71, 1, 0.01, 0.011, 125.6, 68.661, 100, 0, 0, 141, 26.91, 27.976, 17, 1.29, 0, 103.85, 0, 0, 109.41, 36.999, 0, 0, 0, 0, 
35.15, 17.65, 100.33, 73.4, 74.1, , 8.172, 0.986, 2288.466, 2288.466, 1.882, 195.623, 195.623, 195.623, 49.993, 65.041, 34.66, 35.521, 7.377, 12.965, 0, 0, 19.789, 20.066, 19.789, 20.066, 1, 38.481, 38.481, 0.024, 0.136, 54.028, 54.794, 54.028, 54.794, 4.236, 7.377, 12.965, , , 1, 35.211, 0, 0, 14.5, 1.882, 207, 0, 0, 0, 71, 10.443, 11.063, 125.6, 68.219, 100, 0, 0, 27.508, 28.676, 17, 1.29, 104.343, 0, 0, 110.012, 37.497, 0, 0, 0, 0, 0, 14, 0, 14.5, 0, 1.882, 207, 0, 0, 0, 71, 1, 0.01, 0.011, 125.6, 68.219, 100, 0, 0, 141, 27.512, 28.676, 17, 1.29, 0, 104.35, 0, 0, 110.012, 37.497, 0, 0, 0, 0, 
35.2, 17.65, 100.33, 73.4, 74.1, , 8.081, 0.986, 2291.246, 2291.246, 1.908, 193.459, 193.459, 193.459, 50.105, 65.704, 34.591, 35.24, 7.377, 13.049, 0, 0, 19.771, 20.048, 19.771, 20.048, 1, 38.921, 38.921, 0.024, 0.136, 53.325, 54.081, 53.325, 54.081, 4.255, 7.377, 13.049, , , 1, 35.261, 0, 0, 14.5, 1.908, 207, 0, 0, 0, 71, 10.421, 11.011, 125.6, 67.777, 100, 0, 0, 28.108, 29.376, 17, 1.29, 104.845, 0, 0, 110.614, 37.995, 0, 0, 0, 0, 0, 14, 0, 14.5, 0, 1.908, 207, 0, 0, 0, 71, 1, 0.01, 0.011, 125.6, 67.777, 100, 0, 0, 141, 28.114, 29.376, 17, 1.29, 0, 104.85, 0, 0, 110.614, 37.995, 0, 0, 0, 0, 
35.25, 17.65, 100.33, 73.4, 74.1, , 7.925, 0.986, 2294.592, 2294.592, 1.933, 189.775, 189.775, 189.775, 50.22, 66.366, 34.915, 35.24, 7.377, 13.12, 0, 0, 19.623, 19.898, 19.623, 19.898, 1, 39.5, 39.5, 0.024, 0.136, 52.205, 52.945, 52.205, 52.945, 4.274, 7.377, 13.12, , , 1, 35.311, 0, 0, 14.5, 1.933, 207, 0, 0, 0, 71, 10.399, 10.959, 125.6, 67.335, 100, 0, 0, 28.708, 30.076, 17, 1.29, 105.347, 0, 0, 111.217, 38.493, 0, 0, 0, 0, 0, 14, 0, 14.5, 0, 1.933, 207, 0, 0, 0, 71, 1, 0.01, 0.011, 125.6, 67.335, 100, 0, 0, 141, 28.717, 30.076, 17, 1.29, 0, 105.35, 0, 0, 111.217, 38.493, 0, 0, 0, 0, 
35.3, 17.65, 100.33, 73.4, 74.1, , 7.674, 0.986, 2298.864, 2298.864, 1.958, 183.813, 183.813, 183.813, 50.307, 67.028, 35.239, 35.24, 7.377, 13.185, 0, 0, 19.28, 19.551, 19.28, 19.551, 1, 39.965, 39.965, 0.024, 0.136, 50.459, 51.175, 50.459, 51.175, 4.282, 7.377, 13.185, , , 1, 35.361, 0, 0, 14.5, 1.958, 207, 0, 0, 0, 71, 10.377, 10.907, 125.6, 66.893, 100, 0, 0, 29.308, 30.776, 17, 1.29, 105.849, 0, 0, 111.819, 38.991, 0, 0, 0, 0, 0, 14, 0, 14.5, 0, 1.958, 207, 0, 0, 0, 71, 1, 0.01, 0.011, 125.6, 66.893, 100, 0, 0, 141, 29.319, 30.776, 17, 1.29, 0, 105.85, 0, 0, 111.819, 38.991, 0, 0, 0, 0, 
35.35, 17.65, 100.33, 73.4, 74.1, , 7.468, 0.986, 2302.135, 2302.135, 1.981, 178.939, 178.939, 178.939, 50.374, 67.691, 35.563, 35.24, 7.377, 13.227, 0, 0, 18.962, 19.228, 18.962, 19.228, 1, 40.34, 40.34, 0.024, 0.136, 49.056, 49.752, 49.056, 49.752, 4.283, 7.377, 13.227, , , 1, 35.411, 0, 0.023, 14.5, 1.981, 207, 0, 0, 0, 70.711, 10.273, 10.759, 125.6, 66.17, 100, 0, 0, 29.782, 31.212, 16.855, 1.282, 106.436, 0, 0, 112.581, 39.412, 0, 0, 0, 0, 0, 14, 0.023, 14.5, 0, 1.981, 207, 0, 0, 0, 70.71, 1, 0.01, 0.011, 125.6, 66.17, 100, 0, 0, 141, 29.789, 31.212, 16.855, 1.282, 0, 106.436, 0, 0, 112.581, 39.412, 0, 0, 0, 0, 
35.4, 17.65, 100.33, 73.4, 74.1, , 7.269, 0.986, 2305.053, 2305.053, 2.003, 174.228, 174.228, 174.228, 50.432, 68.353, 35.887, 35.24, 7.377, 13.266, 0, 0, 18.629, 18.89, 18.629, 18.89, 1, 40.699, 40.699, 0.024, 0.136, 47.712, 48.389, 47.712, 48.389, 4.284, 7.377, 13.266, , , 1, 35.461, 0, 0.056, 14.5, 2.003, 207, 0, 0, 0, 70.298, 10.13, 10.566, 125.6, 65.328, 100, 0, 0, 30.197, 31.523, 16.647, 1.269, 107.058, 0, 0, 113.411, 39.798, 0, 0, 0, 0, 0, 14, 0.056, 14.5, 0, 2.003, 207, 0, 0, 0, 70.295, 1, 0.01, 0.011, 125.6, 65.328, 100, 0, 0, 141, 30.202, 31.523, 16.647, 1.269, 0, 107.058, 0, 0, 113.411, 39.798, 0, 0, 0, 0, 
35.45, 17.65, 100.33, 73.4, 74.1, , 7.024, 0.986, 2307.972, 2307.972, 2.024, 168.413, 168.413, 168.413, 50.492, 69.015, 36.124, 35.24, 7.377, 13.288, 0, 0, 18.155, 18.411, 18.155, 18.411, 1, 41.05, 41.05, 0.024, 0.136, 46.067, 46.718, 46.067, 46.718, 4.285, 7.377, 13.288, , , 1, 35.511, 0, 0.09, 14.5, 2.024, 207, 0, 0, 0, 69.884, 9.986, 10.373, 125.6, 64.486, 100, 0, 0, 30.612, 31.834, 16.44, 1.257, 107.68, 0, 0, 114.241, 40.184, 0, 0, 0, 0, 0, 14, 0.09, 14.5, 0, 2.024, 207, 0, 0, 0, 69.88, 1, 0.01, 0.01, 125.6, 64.486, 100, 0, 0, 141, 30.616, 31.834, 16.44, 1.257, 0, 107.68, 0, 0, 114.241, 40.184, 0, 0, 0, 0, 
35.5, 17.65, 100.33, 73.4, 74.1, , 6.764, 0.986, 2310.931, 2310.931, 2.046, 162.258, 162.258, 162.258, 50.557, 69.678, 36.052, 35.24, 7.377, 13.307, 0, 0, 17.635, 17.883, 17.635, 17.883, 1, 41.389, 41.389, 0.024, 0.136, 44.327, 44.953, 44.327, 44.953, 4.282, 7.377, 13.307, , , 1, 35.561, 0, 0.123, 14.5, 2.046, 207, 0, 0, 0, 69.471, 9.843, 10.18, 125.6, 63.643, 100, 0, 0, 31.027, 32.145, 16.232, 1.244, 108.303, 0, 0, 115.071, 40.57, 0, 0, 0, 0, 0, 14, 0.123, 14.5, 0, 2.046, 207, 0, 0, 0, 69.465, 1, 0.01, 0.01, 125.6, 63.643, 100, 0, 0, 141, 31.029, 32.145, 16.232, 1.244, 0, 108.303, 0, 0, 115.071, 40.57, 0, 0, 0, 0, 
35.55, 17.65, 100.33, 73.4, 74.1, , 6.492, 0.986, 2313.924, 2313.924, 2.067, 155.814, 155.814, 155.814, 50.629, 70.34, 35.98, 35.24, 7.377, 13.314, 0, 0, 17.074, 17.314, 17.074, 17.314, 1, 41.712, 41.712, 0.024, 0.136, 42.506, 43.107, 42.506, 43.107, 4.274, 7.377, 13.314, , , 1, 35.611, 0, 0.156, 14.5, 2.067, 207, 0, 0, 0, 69.058, 9.7, 9.987, 125.6, 62.801, 100, 0, 0, 31.442, 32.456, 16.025, 1.232, 108.925, 0, 0, 115.9, 40.956, 0, 0, 0, 0, 0, 14, 0.156, 14.5, 0, 2.067, 207, 0, 0, 0, 69.05, 1, 0.01, 0.01, 125.6, 62.801, 100, 0, 0, 141, 31.442, 32.456, 16.025, 1.232, 0, 108.925, 0, 0, 115.9, 40.956, 0, 0, 0, 0, 
35.6, 17.65, 100.33, 73.4, 74.1, , 6.299, 0.986, 2316.918, 2316.918, 2.094, 151.232, 151.232, 151.232, 50.7, 71.003, 35.908, 35.24, 7.377, 13.318, 0, 0, 16.695, 16.93, 16.695, 16.93, 1, 42.028, 42.028, 0.024, 0.136, 41.204, 41.785, 41.204, 41.785, 4.265, 7.377, 13.318, , , 1, 35.661, 0, 0.19, 14.5, 2.094, 207, 0, 0, 0, 68.17, 9.42, 9.671, 125.6, 61.451, 100, 0, 0, 31.874, 32.708, 15.492, 1.208, 108.746, 0, 0, 116.254, 41.423, 0, 0, 0, 0, 0, 14, 0.19, 14.5, 0, 2.094, 207, 0, 0, 0, 68.154, 1, 0.01, 0.01, 125.6, 61.451, 100, 0, 0, 141, 31.874, 32.708, 15.492, 1.208, 0, 108.746, 0, 0, 116.254, 41.423, 0, 0, 0, 0, 
35.65, 17.65, 100.33, 73.4, 74.1, , 6.107, 0.986, 2319.944, 2319.944, 2.12, 146.682, 146.682, 146.682, 50.765, 71.665, 35.836, 35.24, 7.377, 13.306, 0, 0, 16.312, 16.542, 16.312, 16.542, 1, 42.332, 42.332, 0.024, 0.136, 39.912, 40.474, 39.912, 40.474, 4.257, 7.377, 13.306, , , 1, 35.711, 0, 0.225, 14.5, 2.12, 207, 0, 0, 0, 67.205, 9.118, 9.335, 125.6, 60.032, 100, 0, 0, 32.308, 32.949, 14.915, 1.183, 108.458, 0, 0, 116.542, 41.902, 0, 0, 0, 0, 0, 14, 0.225, 14.5, 0, 2.12, 207, 0, 0, 0, 67.192, 1, 0.009, 0.009, 125.6, 60.032, 100, 0, 0, 141, 32.308, 32.949, 14.915, 1.183, 0, 108.458, 0, 0, 116.542, 41.902, 0, 0, 0, 0, 
35.7, 17.65, 100.33, 73.4, 74.1, , 5.915, 0.986, 2323.017, 2323.017, 2.147, 142.126, 142.126, 142.126, 50.83, 72.327, 35.756, 35.264, 7.377, 13.292, 0, 0, 15.919, 16.145, 15.919, 16.145, 1, 42.626, 42.626, 0.024, 0.136, 38.622, 39.164, 38.622, 39.164, 4.252, 7.377, 13.292, , , 1, 35.761, 0, 0.26, 14.5, 2.147, 207, 0, 0, 0, 66.239, 8.816, 8.999, 125.6, 58.613, 100, 0, 0, 32.742, 33.19, 14.338, 1.158, 108.169, 0, 0, 116.831, 42.382, 0, 0, 0, 0, 0, 14, 0.26, 14.5, 0, 2.147, 207, 0, 0, 0, 66.231, 1, 0.009, 0.009, 125.6, 58.613, 100, 0, 0, 141, 32.742, 33.19, 14.338, 1.158, 0, 108.169, 0, 0, 116.831, 42.382, 0, 0, 0, 0, 
35.75, 17.65, 100.33, 73.4, 74.1, , 5.824, 0.986, 2326.126, 2326.126, 2.174, 139.974, 139.974, 139.974, 50.892, 72.99, 35.648, 35.372, 7.377, 13.267, 0, 0, 15.787, 16.012, 15.787, 16.012, 1, 42.915, 42.915, 0.024, 0.136, 37.992, 38.524, 37.992, 38.524, 4.255, 7.377, 13.267, , , 1, 35.811, 0, 0.294, 14.5, 2.174, 207, 0, 0, 0, 65.274, 8.514, 8.663, 125.6, 57.193, 100, 0, 0, 33.177, 33.431, 13.762, 1.133, 107.881, 0, 0, 117.119, 42.862, 0, 0, 0, 0, 0, 14, 0.294, 14.5, 0, 2.174, 207, 0, 0, 0, 65.269, 1, 0.009, 0.009, 125.6, 57.193, 100, 0, 0, 141, 33.177, 33.431, 13.762, 1.133, 0, 107.881, 0, 0, 117.119, 42.862, 0, 0, 0, 0, 
35.8, 17.65, 100.33, 73.4, 74.1, , 5.748, 0.986, 2329.239, 2329.239, 2.2, 138.173, 138.173, 138.173, 50.946, 73.652, 35.54, 35.48, 7.377, 13.242, 0, 0, 15.69, 15.914, 15.69, 15.914, 1, 43.2, 43.2, 0.024, 0.136, 37.463, 37.988, 37.463, 37.988, 4.258, 7.377, 13.242, , , 1, 35.86, 0, 0.329, 14.5, 2.2, 207, 0, 0, 0, 64.309, 8.212, 8.327, 125.6, 55.774, 100, 0, 0, 33.611, 33.673, 13.185, 1.108, 107.592, 0, 0, 117.408, 43.341, 0, 0, 0, 0, 0, 14, 0.329, 14.5, 0, 2.2, 207, 0, 0, 0, 64.308, 1, 0.008, 0.008, 125.6, 55.774, 100, 0, 0, 141, 33.611, 33.673, 13.185, 1.108, 0, 107.592, 0, 0, 117.408, 43.341, 0, 0, 0, 0, 
35.85, 17.65, 100.33, 73.4, 74.1, , 5.677, 0.986, 2332.353, 2332.353, 2.215, 136.5, 136.5, 136.5, 50.986, 74.315, 35.432, 35.588, 7.377, 13.219, 0, 0, 15.601, 15.824, 15.601, 15.824, 1, 43.482, 43.482, 0.024, 0.136, 36.978, 37.494, 36.978, 37.494, 4.261, 7.377, 13.219, , , 1, 35.911, 0, 0.32, 14.5, 2.215, 207, 0, 0, 0, 63.858, 8.082, 8.185, 125.6, 54.9, 100, 0, 0, 33.856, 33.785, 12.858, 1.093, 107.429, 0, 0, 117.5, 43.584, 0, 0, 0, 0, 0, 14, 0.32, 14.5, 0, 2.215, 207, 0, 0, 0, 63.858, 1, 0.008, 0.008, 125.6, 54.9, 100, 0, 0, 141, 33.856, 33.785, 12.858, 1.093, 0, 107.429, 0, 0, 117.5, 43.584, 0, 0, 0, 0, 
35.9, 17.65, 100.33, 73.4, 74.1, , 5.622, 0.986, 2335.504, 2335.504, 2.223, 135.208, 135.208, 135.208, 51.016, 74.977, 35.324, 35.696, 7.377, 13.198, 0, 0, 15.553, 15.775, 15.553, 15.775, 1, 43.761, 43.761, 0.024, 0.136, 36.606, 37.117, 36.606, 37.117, 4.266, 7.377, 13.198, , , 1, 35.961, 0, 0.291, 14.5, 2.223, 207, 0, 0, 0, 63.65, 8.033, 8.132, 125.6, 54.283, 100, 0, 0, 34.012, 33.838, 12.649, 1.082, 107.324, 0, 0, 117.5, 43.714, 0, 0, 0, 0, 0, 14, 0.291, 14.5, 0, 2.223, 207, 0, 0, 0, 63.649, 1, 0.008, 0.008, 125.6, 54.283, 100, 0, 0, 141, 34.012, 33.838, 12.649, 1.082, 0, 107.324, 0, 0, 117.5, 43.714, 0, 0, 0, 0, 
35.95, 17.65, 100.33, 73.4, 74.1, , 5.586, 0.986, 2338.677, 2338.677, 2.231, 134.36, 134.36, 134.36, 51.04, 75.639, 35.208, 35.756, 7.377, 13.191, 0, 0, 15.554, 15.777, 15.554, 15.777, 1, 44.035, 44.035, 0.024, 0.136, 36.359, 36.866, 36.359, 36.866, 4.283, 7.377, 13.191, , , 1, 36.011, 0, 0.262, 14.5, 2.231, 207, 0, 0, 0, 63.442, 7.984, 8.08, 125.6, 53.666, 100, 0, 0, 34.169, 33.89, 12.439, 1.072, 107.22, 0, 0, 117.5, 43.844, 0, 0, 0, 0, 0, 14, 0.262, 14.5, 0, 2.231, 207, 0, 0, 0, 63.439, 1, 0.008, 0.008, 125.6, 53.666, 100, 0, 0, 141, 34.169, 33.89, 12.439, 1.072, 0, 107.22, 0, 0, 117.5, 43.844, 0, 0, 0, 0, 
36, 17.65, 100.33, 73.4, 74.1, , 5.574, 0.986, 2341.876, 2341.876, 2.239, 134.069, 134.069, 134.069, 51.057, 76.302, 35.064, 35.648, 7.377, 13.187, 0, 0, 15.617, 15.842, 15.617, 15.842, 1, 44.311, 44.311, 0.024, 0.136, 36.266, 36.774, 36.266, 36.774, 4.3, 7.377, 13.187, , , 1, 36.061, 0, 0.232, 14.5, 2.239, 207, 0, 0, 0, 63.233, 7.935, 8.028, 125.6, 53.049, 100, 0, 0, 34.325, 33.942, 12.23, 1.062, 107.115, 0, 0, 117.5, 43.974, 0, 0, 0, 0, 0, 14, 0.232, 14.5, 0, 2.239, 207, 0, 0, 0, 63.23, 1, 0.008, 0.008, 125.6, 53.049, 100, 0, 0, 141, 34.325, 33.942, 12.23, 1.062, 0, 107.115, 0, 0, 117.5, 43.974, 0, 0, 0, 0, 
36.05, 17.65, 100.33, 73.4, 74.1, , 5.504, 0.986, 2345.075, 2345.075, 2.247, 132.414, 132.414, 132.414, 51.07, 76.964, 34.92, 35.54, 7.377, 13.197, 0, 0, 15.518, 15.741, 15.518, 15.741, 1, 44.587, 44.587, 0.024, 0.137, 35.809, 36.311, 35.809, 36.311, 4.317, 7.377, 13.197, , , 1, 36.111, 0, 0.203, 14.5, 2.247, 207, 0, 0, 0, 63.025, 7.886, 7.976, 125.6, 52.432, 100, 0, 0, 34.481, 33.994, 12.021, 1.051, 107.01, 0, 0, 117.5, 44.104, 0, 0, 0, 0, 0, 14, 0.203, 14.5, 0, 2.247, 207, 0, 0, 0, 63.021, 1, 0.008, 0.008, 125.6, 52.432, 100, 0, 0, 141, 34.481, 33.994, 12.021, 1.051, 0, 107.01, 0, 0, 117.5, 44.104, 0, 0, 0, 0, 
36.1, 17.65, 100.33, 73.4, 74.1, , 5.453, 0.986, 2348.296, 2348.296, 2.261, 131.222, 131.222, 131.222, 51.08, 77.626, 34.776, 35.432, 7.377, 13.208, 0, 0, 15.472, 15.695, 15.472, 15.695, 1, 44.854, 44.854, 0.024, 0.137, 35.478, 35.977, 35.478, 35.977, 4.334, 7.377, 13.208, , , 1, 36.16, 0, 0.166, 14.5, 2.261, 207, 0, 0, 0, 63, 7.845, 7.894, 125.6, 51.97, 100, 0, 0, 34.853, 34.442, 12, 1.05, 107, 0, 0, 117.32, 44.338, 0, 0, 0, 0, 0, 14, 0.166, 14.5, 0, 2.261, 207, 0, 0, 0, 63, 1, 0.008, 0.008, 125.6, 51.97, 100, 0, 0, 141, 34.853, 34.442, 12, 1.05, 0, 107, 0, 0, 117.32, 44.338, 0, 0, 0, 0, 
36.15, 17.65, 100.33, 73.4, 74.1, , 5.423, 0.986, 2351.541, 2351.541, 2.275, 130.499, 130.499, 130.499, 51.091, 78.289, 34.632, 35.324, 7.377, 13.219, 0, 0, 15.48, 15.702, 15.48, 15.702, 1, 45.123, 45.123, 0.024, 0.137, 35.276, 35.773, 35.276, 35.773, 4.354, 7.377, 13.219, , , 1, 36.21, 0, 0.128, 14.5, 2.275, 207, 0, 0, 0, 63, 7.804, 7.808, 125.6, 51.526, 100, 0, 0, 35.255, 34.944, 12, 1.05, 107, 0, 0, 117.12, 44.586, 0, 0, 0, 0, 0, 14, 0.128, 14.5, 0, 2.275, 207, 0, 0, 0, 63, 1, 0.008, 0.008, 125.6, 51.526, 100, 0, 0, 141, 35.255, 34.944, 12, 1.05, 0, 107, 0, 0, 117.12, 44.586, 0, 0, 0, 0, 
36.2, 17.65, 100.33, 73.4, 74.1, , 5.367, 0.986, 2354.83, 2354.83, 2.289, 129.174, 129.174, 129.174, 51.104, 78.951, 34.528, 35.28, 7.377, 13.231, 0, 0, 15.412, 15.632, 15.412, 15.632, 1, 45.39, 45.39, 0.024, 0.136, 34.908, 35.399, 34.908, 35.399, 4.373, 7.377, 13.231, , , 1, 36.261, 0, 0.09, 14.5, 2.289, 207, 0, 0, 0, 63, 7.764, 7.722, 125.6, 51.082, 100, 0, 0, 35.657, 35.446, 12, 1.05, 107, 0, 0, 116.92, 44.834, 0, 0, 0, 0, 0, 14, 0.09, 14.5, 0, 2.289, 207, 0, 0, 0, 63, 1, 0.008, 0.008, 125.6, 51.082, 100, 0, 0, 141, 35.657, 35.446, 12, 1.05, 0, 107, 0, 0, 116.92, 44.834, 0, 0, 0, 0, 
36.25, 17.65, 100.33, 73.4, 74.1, , 5.307, 0.986, 2358.149, 2358.149, 2.303, 127.768, 127.768, 127.768, 51.124, 79.614, 34.564, 35.46, 7.377, 13.239, 0, 0, 15.334, 15.551, 15.334, 15.551, 1, 45.654, 45.654, 0.024, 0.136, 34.514, 35, 34.514, 35, 4.392, 7.377, 13.239, , , 1, 36.311, 0, 0.052, 14.5, 2.303, 207, 0, 0, 0, 63, 7.724, 7.636, 125.6, 50.638, 100, 0, 0, 36.058, 35.948, 12, 1.05, 107, 0, 0, 116.72, 45.082, 0, 0, 0, 0, 0, 14, 0.052, 14.5, 0, 2.303, 207, 0, 0, 0, 63, 1, 0.008, 0.008, 125.6, 50.638, 100, 0, 0, 141, 36.058, 35.948, 12, 1.05, 0, 107, 0, 0, 116.72, 45.082, 0, 0, 0, 0, 
36.3, 17.65, 100.33, 73.4, 74.1, , 5.25, 0.986, 2361.473, 2361.473, 2.318, 126.418, 126.418, 126.418, 51.15, 80.276, 34.6, 35.64, 7.377, 13.247, 0, 0, 15.261, 15.475, 15.261, 15.475, 1, 45.913, 45.913, 0.024, 0.136, 34.134, 34.613, 34.134, 34.613, 4.412, 7.377, 13.247, , , 1, 36.36, 0, 0.014, 14.5, 2.318, 207, 0, 0, 0, 63, 7.684, 7.55, 125.6, 50.194, 100, 0, 0, 36.46, 36.45, 12, 1.05, 107, 0, 0, 116.52, 45.33, 0, 0, 0, 0, 0, 14, 0.014, 14.5, 0, 2.318, 207, 0, 0, 0, 63, 1, 0.008, 0.008, 125.6, 50.194, 100, 0, 0, 141, 36.46, 36.45, 12, 1.05, 0, 107, 0, 0, 116.52, 45.33, 0, 0, 0, 0, 
36.35, 17.65, 100.33, 73.4, 74.1, , 5.206, 0.986, 2364.762, 2364.762, 2.332, 125.387, 125.387, 125.387, 51.176, 80.938, 34.636, 35.82, 7.377, 13.243, 0, 0, 15.221, 15.434, 15.221, 15.434, 1, 46.172, 46.172, 0.024, 0.136, 33.837, 34.313, 33.837, 34.313, 4.43, 7.377, 13.243, , , 1, 36.411, 0, 0.008, 14.5, 2.332, 207, 0, 0, 0, 63, 7.633, 7.505, 125.6, 49.819, 100, 0, 0, 36.859, 36.859, 11.82, 1.05, 106.91, 0, 0, 116.41, 45.687, 0, 0, 0, 0, 0, 14, 0.008, 14.5, 0, 2.332, 207, 0, 0, 0, 63, 1, 0.008, 0.008, 125.6, 49.819, 100, 0, 0, 141, 36.859, 36.859, 11.82, 1.05, 0, 106.91, 0, 0, 116.41, 45.687, 0, 0, 0, 0, 
36.4, 17.65, 100.33, 73.4, 74.1, , 5.101, 0.986, 2368.129, 2368.129, 2.347, 122.884, 122.884, 122.884, 51.201, 81.601, 34.672, 36, 7.377, 13.239, 0, 0, 14.998, 15.207, 14.998, 15.207, 1, 46.43, 46.43, 0.024, 0.136, 33.145, 33.613, 33.145, 33.613, 4.447, 7.377, 13.239, , , 1, 36.461, 0, 0.006, 14.5, 2.347, 207, 0, 0, 0, 63, 7.582, 7.465, 125.6, 49.451, 100, 0, 0, 37.257, 37.257, 11.62, 1.05, 106.81, 0, 0, 116.31, 46.059, 0, 0, 0, 0, 0, 14, 0.006, 14.5, 0, 2.347, 207, 0, 0, 0, 63, 1, 0.008, 0.008, 125.6, 49.451, 100, 0, 0, 141, 37.257, 37.257, 11.62, 1.05, 0, 106.81, 0, 0, 116.31, 46.059, 0, 0, 0, 0, 
36.45, 17.65, 100.33, 73.397, 74.1, , 4.991, 0.986, 2371.512, 2371.512, 2.362, 120.288, 120.288, 120.288, 51.228, 82.263, 34.74, 36.14, 7.377, 13.225, 0, 0, 14.758, 14.965, 14.758, 14.965, 1, 46.68, 46.68, 0.024, 0.136, 32.428, 32.887, 32.428, 32.887, 4.465, 7.377, 13.225, , , 1, 36.51, 0, 0.004, 14.5, 2.362, 207, 0, 0, 0, 63, 7.53, 7.425, 125.6, 49.083, 100, 0, 0, 37.655, 37.655, 11.42, 1.05, 106.71, 0, 0, 116.21, 46.431, 0, 0, 0, 0, 0, 14, 0.004, 14.5, 0, 2.362, 207, 0, 0, 0, 63, 1, 0.007, 0.007, 125.6, 49.083, 100, 0, 0, 141, 37.655, 37.655, 11.42, 1.05, 0, 106.71, 0, 0, 116.21, 46.431, 0, 0, 0, 0, 
36.5, 17.65, 100.33, 73.392, 74.1, , 4.887, 0.986, 2374.899, 2374.899, 2.377, 117.824, 117.824, 117.824, 51.254, 82.926, 34.92, 36.14, 7.377, 13.212, 0, 0, 14.531, 14.736, 14.531, 14.736, 1, 46.923, 46.923, 0.024, 0.135, 31.747, 32.199, 31.747, 32.199, 4.482, 7.377, 13.212, , , 1, 36.561, 0, 0.002, 14.5, 2.377, 207, 0, 0, 0, 63, 7.478, 7.385, 125.6, 48.715, 100, 0, 0, 38.054, 38.054, 11.22, 1.05, 106.61, 0, 0, 116.11, 46.803, 0, 0, 0, 0, 0, 14, 0.002, 14.5, 0, 2.377, 207, 0, 0, 0, 63, 1, 0.007, 0.007, 125.6, 48.715, 100, 0, 0, 141, 38.054, 38.054, 11.22, 1.05, 0, 106.61, 0, 0, 116.11, 46.803, 0, 0, 0, 0, 
36.55, 17.65, 100.33, 73.387, 74.1, , 4.712, 0.986, 2378.333, 2378.333, 2.392, 113.688, 113.688, 113.688, 51.28, 83.588, 35.1, 36.14, 7.377, 13.19, 0, 0, 14.09, 14.289, 14.09, 14.289, 1, 47.16, 47.16, 0.024, 0.135, 30.617, 31.054, 30.617, 31.054, 4.497, 7.377, 13.19, , , 1, 36.611, 0, 0, 14.5, 2.392, 207, 0, 0, 0, 63, 7.426, 7.345, 125.6, 48.347, 100, 0, 0, 38.452, 38.452, 11.02, 1.05, 106.51, 0, 0, 116.01, 47.175, 0, 0, 0, 0, 0, 14, 0, 14.5, 0, 2.392, 207, 0, 0, 0, 63, 1, 0.007, 0.007, 125.6, 48.347, 100, 0, 0, 141, 38.452, 38.452, 11.02, 1.05, 0, 106.51, 0, 0, 116.01, 47.175, 0, 0, 0, 0, 
36.6, 17.65, 100.33, 73.382, 74.1, , 4.537, 0.986, 2381.767, 2381.767, 2.405, 109.539, 109.539, 109.539, 51.308, 84.25, 35.28, 36.14, 7.377, 13.167, 0, 0, 13.642, 13.835, 13.642, 13.835, 1, 47.389, 47.389, 0.024, 0.135, 29.484, 29.904, 29.484, 29.904, 4.51, 7.377, 13.167, , , 1, 36.661, 0, 0.041, 14.5, 2.405, 207, 0, 0, 0, 62.641, 7.332, 7.227, 125.6, 47.977, 100, 0, 0, 38.764, 38.764, 11, 1.045, 106.32, 0, 0, 115.73, 47.44, 0, 0, 0, 0, 0, 14, 0.041, 14.5, 0, 2.405, 207, 0, 0, 0, 62.641, 1, 0.007, 0.007, 125.6, 47.977, 100, 0, 0, 141, 38.764, 38.764, 11, 1.045, 0, 106.32, 0, 0, 115.73, 47.44, 0, 0, 0, 0, 
36.65, 17.65, 100.33, 73.377, 74.1, , 4.385, 0.986, 2385.201, 2385.201, 2.418, 105.937, 105.937, 105.937, 51.339, 84.913, 35.46, 36.14, 7.377, 13.149, 0, 0, 13.258, 13.444, 13.258, 13.444, 1, 47.608, 47.608, 0.024, 0.135, 28.498, 28.904, 28.498, 28.904, 4.523, 7.377, 13.149, , , 1, 36.711, 0, 0.087, 14.5, 2.418, 207, 0, 0, 0, 62.243, 7.232, 7.099, 125.6, 47.607, 100, 0, 0, 39.064, 39.064, 11, 1.039, 106.12, 0, 0, 115.43, 47.69, 0, 0, 0, 0, 0, 14, 0.087, 14.5, 0, 2.418, 207, 0, 0, 0, 62.243, 1, 0.007, 0.007, 125.6, 47.607, 100, 0, 0, 141, 39.064, 39.064, 11, 1.039, 0, 106.12, 0, 0, 115.43, 47.69, 0, 0, 0, 0, 
36.7, 17.65, 100.33, 73.372, 74.1, , 4.278, 0.986, 2388.634, 2388.634, 2.431, 103.406, 103.406, 103.406, 51.371, 85.575, 35.608, 36.195, 7.377, 13.131, 0, 0, 13, 13.183, 13, 13.183, 1, 47.823, 47.823, 0.024, 0.135, 27.801, 28.194, 27.801, 28.194, 4.536, 7.377, 13.131, , , 1, 36.761, 0, 0.133, 14.5, 2.431, 207, 0, 0, 0, 61.845, 7.132, 6.971, 125.6, 47.237, 100, 0, 0, 39.364, 39.364, 11, 1.033, 105.92, 0, 0, 115.13, 47.94, 0, 0, 0, 0, 0, 14, 0.133, 14.5, 0, 2.431, 207, 0, 0, 0, 61.845, 1, 0.007, 0.007, 125.6, 47.237, 100, 0, 0, 141, 39.364, 39.364, 11, 1.033, 0, 105.92, 0, 0, 115.13, 47.94, 0, 0, 0, 0, 
36.75, 17.65, 100.33, 73.367, 74.1, , 4.141, 0.986, 2392.12, 2392.12, 2.444, 100.159, 100.159, 100.159, 51.403, 86.237, 35.644, 36.447, 7.378, 13.125, 0, 0, 12.648, 12.825, 12.648, 12.825, 1, 48.033, 48.033, 0.024, 0.135, 26.912, 27.291, 26.912, 27.291, 4.548, 7.378, 13.125, , , 1, 36.811, 0, 0.179, 14.5, 2.444, 207, 0, 0, 0, 61.446, 7.032, 6.843, 125.6, 46.867, 100, 0, 0, 39.664, 39.664, 11, 1.027, 105.72, 0, 0, 114.83, 48.19, 0, 0, 0, 0, 0, 14, 0.179, 14.5, 0, 2.444, 207, 0, 0, 0, 61.446, 1, 0.007, 0.007, 125.6, 46.867, 100, 0, 0, 141, 39.664, 39.664, 11, 1.027, 0, 105.72, 0, 0, 114.83, 48.19, 0, 0, 0, 0, 
36.8, 17.65, 100.33, 73.362, 74.1, , 4.058, 0.986, 2395.639, 2395.639, 2.458, 98.178, 98.178, 98.178, 51.437, 86.9, 35.68, 36.699, 7.378, 13.119, 0, 0, 12.452, 12.626, 12.452, 12.626, 1, 48.236, 48.236, 0.024, 0.135, 26.363, 26.735, 26.363, 26.735, 4.558, 7.378, 13.119, , , 1, 36.86, 0, 0.225, 14.5, 2.458, 207, 0, 0, 0, 61.048, 6.932, 6.715, 125.6, 46.497, 100, 0, 0, 39.964, 39.964, 11, 1.021, 105.52, 0, 0, 114.53, 48.44, 0, 0, 0, 0, 0, 14, 0.225, 14.5, 0, 2.458, 207, 0, 0, 0, 61.048, 1, 0.007, 0.007, 125.6, 46.497, 100, 0, 0, 141, 39.964, 39.964, 11, 1.021, 0, 105.52, 0, 0, 114.53, 48.44, 0, 0, 0, 0, 
36.85, 17.65, 100.33, 73.357, 74.1, , 4.002, 0.986, 2399.16, 2399.16, 2.47, 96.853, 96.853, 96.853, 51.467, 87.562, 35.716, 36.951, 7.379, 13.128, 0, 0, 12.336, 12.508, 12.336, 12.508, 1, 48.437, 48.437, 0.024, 0.135, 25.993, 26.358, 25.993, 26.358, 4.568, 7.379, 13.128, , , 1, 36.911, 0, 0.197, 14.5, 2.47, 207, 0, 0, 0, 60.83, 6.764, 6.554, 125.6, 45.757, 100, 0, 0, 40.254, 40.254, 10.654, 1.01, 104.981, 0, 0, 113.894, 48.575, 0, 0, 0, 0, 0, 14, 0.197, 14.5, 0, 2.47, 207, 0, 0, 0, 60.83, 1, 0.007, 0.007, 125.6, 45.757, 100, 0, 0, 141, 40.254, 40.254, 10.654, 1.01, 0, 104.981, 0, 0, 113.894, 48.575, 0, 0, 0, 0, 
36.9, 17.65, 100.33, 73.352, 74.1, , 3.94, 0.986, 2402.645, 2402.645, 2.481, 95.392, 95.392, 95.392, 51.494, 88.225, 35.752, 37.203, 7.381, 13.139, 0, 0, 12.198, 12.37, 12.198, 12.37, 1, 48.634, 48.634, 0.024, 0.136, 25.588, 25.948, 25.588, 25.948, 4.577, 7.381, 13.139, , , 1, 36.961, 0, 0.161, 14.5, 2.481, 207, 0, 0, 0, 60.637, 6.587, 6.389, 125.6, 44.977, 100, 0, 0, 40.542, 40.542, 10.269, 0.998, 104.404, 0, 0, 113.221, 48.694, 0, 0, 0, 0, 0, 14, 0.161, 14.5, 0, 2.481, 207, 0, 0, 0, 60.637, 1, 0.007, 0.007, 125.6, 44.977, 100, 0, 0, 141, 40.542, 40.542, 10.269, 0.998, 0, 104.404, 0, 0, 113.221, 48.694, 0, 0, 0, 0, 
36.95, 17.65, 100.33, 73.347, 74.1, , 3.822, 0.986, 2406.235, 2406.235, 2.493, 92.612, 92.612, 92.612, 51.518, 88.887, 35.772, 37.305, 7.382, 13.174, 0, 0, 11.887, 12.056, 11.887, 12.056, 1, 48.826, 48.826, 0.024, 0.136, 24.83, 25.18, 24.83, 25.18, 4.587, 7.382, 13.174, , , 1, 37.01, 0, 0.124, 14.5, 2.493, 207, 0, 0, 0, 60.444, 6.41, 6.224, 125.6, 44.196, 100, 0, 0, 40.831, 40.831, 9.885, 0.987, 103.827, 0, 0, 112.548, 48.813, 0, 0, 0, 0, 0, 14, 0.124, 14.5, 0, 2.493, 207, 0, 0, 0, 60.444, 1, 0.006, 0.006, 125.6, 44.196, 100, 0, 0, 141, 40.831, 40.831, 9.885, 0.987, 0, 103.827, 0, 0, 112.548, 48.813, 0, 0, 0, 0, 
37, 17.65, 100.33, 73.342, 74.1, , 3.639, 0.986, 2409.791, 2409.791, 2.505, 88.261, 88.261, 88.261, 51.543, 83.251, 35.736, 36.873, 7.384, 13.211, 0, 0, 11.368, 11.529, 11.368, 11.529, 1, 49.013, 49.013, 0.024, 0.136, 23.652, 23.986, 23.652, 23.986, 4.631, 7.384, 13.211, , , 1, 37.06, 0, 0.088, 14.5, 2.505, 207, 0, 0, 0, 60.251, 6.234, 6.058, 125.6, 43.415, 100, 0, 0, 41.119, 41.119, 9.5, 0.975, 103.25, 0, 0, 111.875, 48.933, 0, 0, 0, 0, 0, 14, 0.088, 14.5, 0, 2.505, 207, 0, 0, 0, 60.251, 1, 0.006, 0.006, 125.6, 43.415, 100, 0, 0, 141, 41.119, 41.119, 9.5, 0.975, 0, 103.25, 0, 0, 111.875, 48.933, 0, 0, 0, 0, 
37.05, 17.65, 100.33, 73.337, 74.1, , 3.35, 0.986, 2413.348, 2413.348, 2.516, 81.419, 81.419, 81.419, 51.574, 77.068, 35.7, 36.441, 7.384, 13.272, 0, 0, 10.52, 10.668, 10.52, 10.668, 1, 49.187, 49.187, 0.024, 0.136, 21.808, 22.114, 21.808, 22.114, 4.676, 7.384, 13.272, , , 1, 37.111, 0, 0.051, 14.5, 2.516, 207, 0, 0, 0, 60.058, 6.057, 5.893, 125.6, 42.634, 100, 0, 0, 41.408, 41.408, 9.115, 0.964, 102.673, 0, 0, 111.202, 49.052, 0, 0, 0, 0, 0, 14, 0.051, 14.5, 0, 2.516, 207, 0, 0, 0, 60.058, 1, 0.006, 0.006, 125.6, 42.634, 100, 0, 0, 141, 41.408, 41.408, 9.115, 0.964, 0, 102.673, 0, 0, 111.202, 49.052, 0, 0, 0, 0, 
37.1, 17.65, 100.33, 73.332, 74.1, , 2.927, 0.986, 2416.94, 2416.94, 2.529, 71.373, 71.373, 71.373, 51.62, 70.885, 35.664, 36.009, 7.384, 13.335, 0, 0, 9.249, 9.381, 9.249, 9.381, 1, 49.342, 49.342, 0.024, 0.136, 19.105, 19.372, 19.105, 19.372, 4.72, 7.384, 13.335, , , 1, 37.161, 0, 0.035, 14.5, 2.529, 207, 0, 0, 0, 59.933, 6.01, 5.845, 125.6, 42.252, 100, 0, 0, 41.664, 41.664, 9, 0.961, 102.231, 0, 0, 110.731, 49.253, 0, 0, 0, 0, 0, 14, 0.035, 14.5, 0, 2.529, 207, 0, 0, 0, 59.933, 1, 0.006, 0.006, 125.6, 42.252, 100, 0, 0, 141, 41.664, 41.664, 9, 0.961, 0, 102.231, 0, 0, 110.731, 49.253, 0, 0, 0, 0, 
37.15, 17.65, 100.33, 73.327, 74.1, , 2.443, 0.986, 2420.532, 2420.532, 2.542, 59.889, 59.889, 59.889, 51.677, 64.701, 35.628, 35.577, 7.383, 13.408, 0, 0, 7.782, 7.89, 7.782, 7.89, 1, 49.476, 49.476, 0.024, 0.136, 16.018, 16.241, 16.018, 16.241, 4.765, 7.383, 13.408, , , 1, 37.21, 0, 0.027, 14.5, 2.542, 207, 0, 0, 0, 59.837, 6.024, 5.851, 125.6, 42.04, 100, 0, 0, 41.905, 41.905, 9, 0.963, 101.846, 0, 0, 110.346, 49.492, 0, 0, 0, 0, 0, 14, 0.027, 14.5, 0, 2.542, 207, 0, 0, 0, 59.837, 1, 0.006, 0.006, 125.6, 42.04, 100, 0, 0, 141, 41.905, 41.905, 9, 0.963, 0, 101.846, 0, 0, 110.346, 49.492, 0, 0, 0, 0, 
37.2, 17.65, 100.33, 73.322, 74.1, , 1.923, 0.986, 2424.167, 2424.167, 2.555, 47.551, 47.551, 47.551, 51.744, 58.518, 35.584, 35.216, 7.381, 13.482, 0, 0, 6.194, 6.278, 6.194, 6.278, 1, 49.587, 49.587, 0.024, 0.136, 12.705, 12.88, 12.705, 12.88, 4.8, 7.381, 13.482, , , 1, 37.26, 0, 0.019, 14.5, 2.555, 207, 0, 0, 0, 59.74, 6.039, 5.858, 125.6, 41.829, 100, 0, 0, 42.147, 42.147, 9, 0.965, 101.462, 0, 0, 109.962, 49.732, 0, 0, 0, 0, 0, 14, 0.019, 14.5, 0, 2.555, 207, 0, 0, 0, 59.74, 1, 0.006, 0.006, 125.6, 41.829, 100, 0, 0, 141, 42.147, 42.147, 9, 0.965, 0, 101.462, 0, 0, 109.962, 49.732, 0, 0, 0, 0, 
37.25, 17.65, 100.33, 73.317, 74.1, , 1.414, 0.986, 2427.789, 2427.789, 2.568, 35.489, 35.489, 35.489, 51.823, 52.335, 35.512, 35.108, 7.38, 13.535, 0, 0, 4.632, 4.694, 4.632, 4.694, 1, 49.668, 49.668, 0.024, 0.136, 9.47, 9.6, 9.47, 9.6, 4.834, 7.38, 13.535, , , 1, 37.311, 0, 0.012, 14.5, 2.568, 207, 0, 0, 0, 59.644, 6.053, 5.865, 125.6, 41.617, 100, 0, 0, 42.388, 42.388, 9, 0.967, 101.077, 0, 0, 109.577, 49.971, 0, 0, 0, 0, 0, 14, 0.012, 14.5, 0, 2.568, 207, 0, 0, 0, 59.644, 1, 0.006, 0.006, 125.6, 41.617, 100, 0, 0, 141, 42.388, 42.388, 9, 0.967, 0, 101.077, 0, 0, 109.577, 49.971, 0, 0, 0, 0, 
37.3, 17.65, 100.33, 73.312, 74.1, , 0.956, 0.986, 2431.391, 2431.391, 2.581, 24.617, 24.617, 24.617, 51.914, 51.735, 35.44, 35, 7.379, 13.583, 0, 0, 3.219, 3.261, 3.219, 3.261, 1, 49.726, 49.726, 0.024, 0.136, 6.559, 6.648, 6.559, 6.648, 4.869, 7.379, 13.583, , , 1, 37.361, 0, 0.004, 14.5, 2.581, 207, 0, 0, 0, 59.548, 6.068, 5.872, 125.6, 41.406, 100, 0, 0, 42.629, 42.629, 9, 0.969, 100.692, 0, 0, 109.192, 50.21, 0, 0, 0, 0, 0, 14, 0.004, 14.5, 0, 2.581, 207, 0, 0, 0, 59.548, 1, 0.006, 0.006, 125.6, 41.406, 100, 0, 0, 141, 42.629, 42.629, 9, 0.969, 0, 100.692, 0, 0, 109.192, 50.21, 0, 0, 0, 0, 
37.35, 17.65, 100.33, 73.307, 74.1, , 0.613, 0.986, 2435.039, 2435.039, 2.59, 16.477, 16.477, 16.477, 52.005, 60.155, 35.368, 34.892, 7.379, 13.6, 0, 0, 2.156, 2.185, 2.156, 2.185, 1, 49.766, 49.766, 0.024, 0.136, 4.385, 4.445, 4.385, 4.445, 4.903, 7.379, 13.6, , , 1, 37.41, 0, 0, 14.5, 2.59, 207, 0, 0, 0, 59.5, 6.08, 5.884, 125.6, 41.319, 100, 0, 0, 42.776, 42.776, 9.052, 0.971, 100.578, 0, 0, 109.052, 50.33, 0, 0, 0, 0, 0, 14, 0, 14.5, 0, 2.59, 207, 0, 0, 0, 59.5, 1, 0.006, 0.006, 125.6, 41.319, 100, 0, 0, 141, 42.776, 42.776, 9.052, 0.971, 0, 100.578, 0, 0, 109.052, 50.33, 0, 0, 0, 0, 
37.4, 17.65, 100.33, 73.302, 74.1, , 0.293, 0.986, 2438.688, 2438.688, 2.593, 8.9, 8.9, 8.9, 52.091, 59.963, 35.296, 34.784, 7.379, 13.61, 0, 0, 1.166, 1.181, 1.166, 1.181, 1, 49.79, 49.79, 0.024, 0.136, 2.369, 2.4, 2.369, 2.4, 4.905, 7.379, 13.61, , , 1, 37.46, 0, 0, 14.5, 2.593, 207, 0, 0, 0, 59.5, 6.089, 5.902, 125.6, 41.358, 100, 0, 0, 42.828, 42.828, 9.156, 0.973, 100.734, 0, 0, 109.156, 50.33, 0, 0, 0, 0, 0, 14, 0, 14.5, 0, 2.593, 207, 0, 0, 0, 59.5, 1, 0.006, 0.006, 125.6, 41.358, 100, 0, 0, 141, 42.828, 42.828, 9.156, 0.973, 0, 100.734, 0, 0, 109.156, 50.33, 0, 0, 0, 0, 
37.45, 17.65, 100.33, 73.298, 74.1, , 0.028, 0.986, 2442.336, 2442.336, 2.596, 2.619, 2.619, 2.619, 52.171, 57.568, 35.286, 34.762, 7.379, 13.594, 0, 0, 0.344, 0.347, 0.344, 0.347, 1, 49.797, 49.797, 0.024, 0.136, 0.701, 0.708, 0.701, 0.708, 4.904, 7.379, 13.594, , , 1, 37.511, 0, 0, 14.5, 2.596, 207, 0, 0, 0, 59.5, 6.098, 5.919, 125.6, 41.396, 100, 0, 0, 42.88, 42.88, 9.26, 0.975, 100.891, 0, 0, 109.26, 50.33, 0, 0, 0, 0, 0, 14, 0, 14.5, 0, 2.596, 207, 0, 0, 0, 59.5, 1, 0.006, 0.006, 125.6, 41.396, 100, 0, 0, 141, 42.88, 42.88, 9.26, 0.975, 0, 100.891, 0, 0, 109.26, 50.33, 0, 0, 0, 0, 
37.5, 17.65, 100.33, 73.293, 74.1, , -0.184, 0.986, 2445.984, 2445.984, 2.6, -2.417, -2.417, -2.417, 52.239, 58.298, 35.497, 35.043, 7.38, 13.572, 0, 0, -0.314, -0.321, -0.314, -0.321, 1, 49.792, 49.792, 0.024, 0.136, -0.635, -0.645, -0.635, -0.645, 4.903, 7.38, 13.572, , , 1, 37.561, 0, 0, 14.5, 2.6, 207, 0, 0, 0, 59.5, 6.108, 5.937, 125.6, 41.435, 100, 0, 0, 42.932, 42.932, 9.365, 0.977, 101.047, 0, 0, 109.365, 50.33, 0, 0, 0, 0, 0, 14, 0, 14.5, 0, 2.6, 207, 0, 0, 0, 59.5, 1, 0.006, 0.006, 125.6, 41.435, 100, 0, 0, 141, 42.932, 42.932, 9.365, 0.977, 0, 101.047, 0, 0, 109.365, 50.33, 0, 0, 0, 0, 
37.55, 17.65, 100.33, 73.288, 74.1, , -0.358, 0.986, 2449.633, 2449.633, 2.603, -6.54, -6.54, -6.54, 52.294, 59.027, 35.708, 35.324, 7.38, 13.544, 0, 0, -0.854, -0.868, -0.854, -0.868, 1, 49.778, 49.778, 0.024, 0.135, -1.725, -1.751, -1.725, -1.751, 4.903, 7.38, 13.544, , , 1, 37.61, 0, 0, 14.5, 2.603, 207, 0, 0, 0, 59.5, 6.117, 5.955, 125.6, 41.473, 100, 0, 0, 42.984, 42.984, 9.469, 0.979, 101.203, 0, 0, 109.469, 50.33, 0, 0, 0, 0, 0, 14, 0, 14.5, 0, 2.603, 207, 0, 0, 0, 59.5, 1, 0.006, 0.006, 125.6, 41.473, 100, 0, 0, 141, 42.984, 42.984, 9.469, 0.979, 0, 101.203, 0, 0, 109.469, 50.33, 0, 0, 0, 0, 
37.6, 17.65, 100.33, 73.283, 74.1, , -0.556, 0.986, 2453.281, 2453.281, 2.604, -11.251, -11.251, -11.251, 52.337, 59.757, 35.919, 35.606, 7.379, 13.513, 0, 0, -1.47, -1.492, -1.47, -1.492, 1, 49.754, 49.754, 0.024, 0.135, -2.967, -3.01, -2.967, -3.01, 4.907, 7.379, 13.513, , , 1, 37.661, 0, 0, 14.5, 2.604, 207, 0, 0, 0, 59.5, 6.132, 5.97, 125.6, 41.538, 100, 0, 0, 42.964, 42.964, 9.573, 0.98, 101.359, 0, 0, 109.536, 50.285, 0, 0, 0, 0, 0, 14, 0, 14.5, 0, 2.604, 207, 0, 0, 0, 59.5, 1, 0.006, 0.006, 125.6, 41.538, 100, 0, 0, 141, 42.964, 42.964, 9.573, 0.98, 0, 101.359, 0, 0, 109.536, 50.285, 0, 0, 0, 0, 
37.65, 17.65, 100.33, 73.278, 74.1, , -0.742, 0.986, 2456.93, 2456.93, 2.603, -15.67, -15.67, -15.67, 52.373, 60.487, 36.13, 35.887, 7.379, 13.487, 0, 0, -2.047, -2.076, -2.047, -2.076, 1, 49.722, 49.722, 0.024, 0.135, -4.13, -4.189, -4.13, -4.189, 4.914, 7.379, 13.487, , , 1, 37.711, 0, 0, 14.5, 2.603, 207, 0, 0, 0, 59.5, 6.15, 5.985, 125.6, 41.614, 100, 0, 0, 42.911, 42.911, 9.677, 0.98, 101.516, 0, 0, 109.589, 50.22, 0, 0, 0, 0, 0, 14, 0, 14.5, 0, 2.603, 207, 0, 0, 0, 59.5, 1, 0.006, 0.006, 125.6, 41.614, 100, 0, 0, 141, 42.911, 42.911, 9.677, 0.98, 0, 101.516, 0, 0, 109.589, 50.22, 0, 0, 0, 0, 
37.7, 17.65, 100.33, 73.273, 74.1, , -0.958, 0.986, 2460.578, 2460.578, 2.602, -20.786, -20.786, -20.786, 52.41, 61.217, 36.279, 36.118, 7.378, 13.463, 0, 0, -2.714, -2.751, -2.714, -2.751, 1, 49.681, 49.681, 0.024, 0.134, -5.474, -5.553, -5.474, -5.553, 4.922, 7.378, 13.463, , , 1, 37.762, 0, 0, 14.5, 2.602, 207, 0, 0, 0, 59.5, 6.168, 5.999, 125.6, 41.69, 100, 0, 0, 42.859, 42.859, 9.781, 0.98, 101.672, 0, 0, 109.641, 50.156, 0, 0, 0, 0, 0, 14, 0, 14.5, 0, 2.602, 207, 0, 0, 0, 59.5, 1, 0.006, 0.006, 125.6, 41.69, 100, 0, 0, 141, 42.859, 42.859, 9.781, 0.98, 0, 101.672, 0, 0, 109.641, 50.156, 0, 0, 0, 0, 
37.75, 17.65, 100.33, 73.272, 74.1, , -1.204, 0.986, 2464.227, 2464.227, 2.602, -26.622, -26.622, -26.622, 52.452, 61.947, 35.874, 35.897, 7.378, 13.449, 0, 0, -3.473, -3.52, -3.473, -3.52, 1, 49.625, 49.625, 0.024, 0.134, -7.006, -7.106, -7.006, -7.106, 4.929, 7.378, 13.449, , , 1, 37.811, 0, 0, 14.5, 2.602, 207, 0, 0, 0, 59.5, 6.186, 6.014, 125.6, 41.766, 100, 0, 0, 42.807, 42.807, 9.885, 0.98, 101.828, 0, 0, 109.693, 50.091, 0, 0, 0, 0, 0, 14, 0, 14.5, 0, 2.602, 207, 0, 0, 0, 59.5, 1, 0.006, 0.006, 125.6, 41.766, 100, 0, 0, 141, 42.807, 42.807, 9.885, 0.98, 0, 101.828, 0, 0, 109.693, 50.091, 0, 0, 0, 0, 
37.8, 17.65, 100.33, 73.277, 74.1, , -1.441, 0.986, 2467.875, 2467.875, 2.601, -32.243, -32.243, -32.243, 52.498, 62.676, 35.468, 35.675, 7.377, 13.439, 0, 0, -4.201, -4.258, -4.201, -4.258, 1, 49.557, 49.557, 0.024, 0.134, -8.479, -8.6, -8.479, -8.6, 4.953, 7.377, 13.439, , , 1, 37.861, 0, 0, 14.5, 2.601, 207, 0, 0, 0, 59.5, 6.203, 6.029, 125.6, 41.842, 100, 0, 0, 42.755, 42.755, 9.99, 0.98, 101.984, 0, 0, 109.745, 50.026, 0, 0, 0, 0, 0, 14, 0, 14.5, 0, 2.601, 207, 0, 0, 0, 59.5, 1, 0.006, 0.006, 125.6, 41.842, 100, 0, 0, 141, 42.755, 42.755, 9.99, 0.98, 0, 101.984, 0, 0, 109.745, 50.026, 0, 0, 0, 0, 
37.85, 17.65, 100.33, 73.282, 74.1, , -1.64, 0.986, 2471.524, 2471.524, 2.6, -36.979, -36.979, -36.979, 52.545, 63.406, 35.062, 35.454, 7.377, 13.438, 0, 0, -4.81, -4.877, -4.81, -4.877, 1, 49.479, 49.479, 0.024, 0.134, -9.717, -9.856, -9.717, -9.856, 4.988, 7.377, 13.438, , , 1, 37.911, 0, 0, 14.5, 2.6, 207, 0, 0, 0, 59.598, 6.222, 6.038, 125.6, 41.885, 100, 0, 0, 42.701, 42.701, 10, 0.98, 102, 0, 0, 109.799, 49.959, 0, 0, 0, 0, 0, 14, 0, 14.5, 0, 2.6, 207, 0, 0, 0, 59.598, 1, 0.006, 0.006, 125.6, 41.885, 100, 0, 0, 141, 42.701, 42.701, 10, 0.98, 0, 102, 0, 0, 109.799, 49.959, 0, 0, 0, 0, 
37.9, 17.65, 100.33, 73.287, 74.1, , -1.85, 0.986, 2475.172, 2475.172, 2.599, -41.951, -41.951, -41.951, 52.586, 64.136, 34.656, 35.233, 7.378, 13.441, 0, 0, -5.447, -5.523, -5.447, -5.523, 1, 49.393, 49.393, 0.024, 0.134, -11.016, -11.172, -11.016, -11.172, 5.023, 7.378, 13.441, , , 1, 37.961, 0, 0, 14.5, 2.599, 207, 0, 0, 0, 59.707, 6.24, 6.047, 125.6, 41.924, 100, 0, 0, 42.647, 42.647, 10, 0.98, 102, 0, 0, 109.853, 49.892, 0, 0, 0, 0, 0, 14, 0, 14.5, 0, 2.599, 207, 0, 0, 0, 59.707, 1, 0.006, 0.006, 125.6, 41.924, 100, 0, 0, 141, 42.647, 42.647, 10, 0.98, 0, 102, 0, 0, 109.853, 49.892, 0, 0, 0, 0, 
37.95, 17.65, 100.33, 73.292, 74.1, , -2.048, 0.986, 2478.799, 2478.799, 2.598, -46.652, -46.652, -46.652, 52.624, 64.866, 34.38, 35.092, 7.378, 13.448, 0, 0, -6.044, -6.129, -6.044, -6.129, 1, 49.295, 49.295, 0.024, 0.134, -12.242, -12.415, -12.242, -12.415, 5.057, 7.378, 13.448, , , 1, 38.011, 0, 0, 14.5, 2.598, 207, 0, 0, 0, 59.815, 6.259, 6.055, 125.6, 41.963, 100, 0, 0, 42.592, 42.592, 10, 0.98, 102, 0, 0, 109.908, 49.825, 0, 0, 0, 0, 0, 14, 0, 14.5, 0, 2.598, 207, 0, 0, 0, 59.815, 1, 0.006, 0.006, 125.6, 41.963, 100, 0, 0, 141, 42.592, 42.592, 10, 0.98, 0, 102, 0, 0, 109.908, 49.825, 0, 0, 0, 0, 
38, 17.65, 100.33, 73.297, 74.1, , -2.217, 0.986, 2482.396, 2482.396, 2.598, -50.669, -50.669, -50.669, 52.659, 65.596, 34.56, 35.236, 7.379, 13.456, 0, 0, -6.551, -6.642, -6.551, -6.642, 1, 49.187, 49.187, 0.024, 0.134, -13.287, -13.476, -13.287, -13.476, 5.081, 7.379, 13.456, , , 1, 38.06, 0, 0, 14.5, 2.598, 207, 0, 0, 0, 59.924, 6.277, 6.064, 125.6, 42.003, 100, 0, 0, 42.538, 42.538, 10, 0.98, 102, 0, 0, 109.962, 49.757, 0, 0, 0, 0, 0, 14, 0, 14.5, 0, 2.598, 207, 0, 0, 0, 59.924, 1, 0.006, 0.006, 125.6, 42.003, 100, 0, 0, 141, 42.538, 42.538, 10, 0.98, 0, 102, 0, 0, 109.962, 49.757, 0, 0, 0, 0, 
38.05, 17.65, 100.33, 73.302, 74.1, , -2.419, 0.986, 2486.044, 2486.044, 2.594, -55.469, -55.469, -55.469, 52.691, 66.325, 34.74, 35.38, 7.379, 13.464, 0, 0, -7.153, -7.255, -7.153, -7.255, 1, 49.071, 49.071, 0.024, 0.135, -14.538, -14.742, -14.538, -14.742, 5.081, 7.379, 13.464, , , 1, 38.11, 0, 0, 14.5, 2.594, 207, 0, 0, 0, 60.058, 6.306, 6.088, 125.6, 42.105, 100, 0, 0, 42.457, 42.457, 10, 0.981, 102.13, 0, 0, 110.159, 49.657, 0, 0, 0, 0, 0, 14, 0, 14.5, 0, 2.594, 207, 0, 0, 0, 60.058, 1, 0.006, 0.006, 125.6, 42.105, 100, 0, 0, 141, 42.457, 42.457, 10, 0.981, 0, 102.13, 0, 0, 110.159, 49.657, 0, 0, 0, 0, 
38.1, 17.65, 100.33, 73.307, 74.1, , -2.628, 0.986, 2489.647, 2489.647, 2.586, -60.428, -60.428, -60.428, 52.722, 67.055, 34.92, 35.524, 7.38, 13.471, 0, 0, -7.773, -7.882, -7.773, -7.882, 1, 48.946, 48.946, 0.024, 0.135, -15.829, -16.05, -15.829, -16.05, 5.082, 7.38, 13.471, , , 1, 38.161, 0, 0, 14.5, 2.586, 207, 0, 0, 0, 60.25, 6.359, 6.15, 125.6, 42.354, 100, 0, 0, 42.312, 42.312, 10, 0.985, 102.562, 0, 0, 110.688, 49.478, 0, 0, 0, 0, 0, 14, 0, 14.5, 0, 2.586, 207, 0, 0, 0, 60.25, 1, 0.006, 0.006, 125.6, 42.354, 100, 0, 0, 141, 42.312, 42.312, 10, 0.985, 0, 102.562, 0, 0, 110.688, 49.478, 0, 0, 0, 0, 
38.15, 17.65, 100.33, 73.312, 74.1, , -2.804, 0.986, 2493.239, 2493.239, 2.577, -64.602, -64.602, -64.602, 52.75, 67.785, 35.1, 35.668, 7.38, 13.472, 0, 0, -8.288, -8.403, -8.288, -8.403, 1, 48.809, 48.809, 0.024, 0.135, -16.914, -17.15, -16.914, -17.15, 5.082, 7.38, 13.472, , , 1, 38.211, 0, 0, 14.5, 2.577, 207, 0, 0, 0, 60.442, 6.412, 6.211, 125.6, 42.603, 100, 0, 0, 42.168, 42.168, 10, 0.989, 102.995, 0, 0, 111.216, 49.3, 0, 0, 0, 0, 0, 14, 0, 14.5, 0, 2.577, 207, 0, 0, 0, 60.442, 1, 0.006, 0.006, 125.6, 42.603, 100, 0, 0, 141, 42.168, 42.168, 10, 0.989, 0, 102.995, 0, 0, 111.216, 49.3, 0, 0, 0, 0, 
38.2, 17.65, 100.33, 73.317, 74.1, , -2.951, 0.986, 2496.831, 2496.831, 2.568, -68.089, -68.089, -68.089, 52.77, 68.515, 35.256, 35.851, 7.379, 13.469, 0, 0, -8.711, -8.832, -8.711, -8.832, 1, 48.663, 48.663, 0.024, 0.135, -17.819, -18.069, -17.819, -18.069, 5.082, 7.379, 13.469, , , 1, 38.261, 0, 0, 14.5, 2.568, 207, 0, 0, 0, 60.635, 6.465, 6.272, 125.6, 42.852, 100, 0, 0, 42.024, 42.024, 10, 0.993, 103.428, 0, 0, 111.745, 49.122, 0, 0, 0, 0, 0, 14, 0, 14.5, 0, 2.568, 207, 0, 0, 0, 60.635, 1, 0.007, 0.006, 125.6, 42.852, 100, 0, 0, 141, 42.024, 42.024, 10, 0.993, 0, 103.428, 0, 0, 111.745, 49.122, 0, 0, 0, 0, 
38.25, 17.65, 100.33, 73.322, 74.1, , -3.122, 0.986, 2500.424, 2500.424, 2.559, -72.144, -72.144, -72.144, 52.783, 69.245, 35.328, 36.175, 7.379, 13.461, 0, 0, -9.201, -9.33, -9.201, -9.33, 1, 48.51, 48.51, 0.024, 0.135, -18.877, -19.14, -18.877, -19.14, 5.061, 7.379, 13.461, , , 1, 38.311, 0, 0, 14.5, 2.559, 207, 0, 0, 0, 60.827, 6.517, 6.334, 125.6, 43.101, 100, 0, 0, 41.88, 41.88, 10, 0.996, 103.861, 0, 0, 112.274, 48.944, 0, 0, 0, 0, 0, 14, 0, 14.5, 0, 2.559, 207, 0, 0, 0, 60.827, 1, 0.007, 0.006, 125.6, 43.101, 100, 0, 0, 141, 41.88, 41.88, 10, 0.996, 0, 103.861, 0, 0, 112.274, 48.944, 0, 0, 0, 0, 
38.3, 17.65, 100.33, 73.327, 74.1, , -3.205, 0.986, 2503.967, 2503.967, 2.551, -74.123, -74.123, -74.123, 52.79, 69.974, 35.4, 36.499, 7.378, 13.448, 0, 0, -9.424, -9.556, -9.424, -9.556, 1, 48.351, 48.351, 0.024, 0.136, -19.393, -19.665, -19.393, -19.665, 5.04, 7.378, 13.448, , , 1, 38.361, 0, 0, 14.5, 2.551, 207, 0, 0, 0, 61, 6.568, 6.393, 125.6, 43.342, 100, 0, 0, 41.733, 41.733, 10, 1, 104.261, 0, 0, 112.773, 48.769, 0, 0, 0, 0, 0, 14, 0, 14.5, 0, 2.551, 207, 0, 0, 0, 61, 1, 0.007, 0.006, 125.6, 43.342, 100, 0, 0, 141, 41.733, 41.733, 10, 1, 0, 104.261, 0, 0, 112.773, 48.769, 0, 0, 0, 0, 
38.35, 17.65, 100.33, 73.332, 74.1, , -3.264, 0.986, 2507.537, 2507.537, 2.542, -75.529, -75.529, -75.529, 52.788, 70.704, 35.472, 36.823, 7.378, 13.431, 0, 0, -9.571, -9.706, -9.571, -9.706, 1, 48.19, 48.19, 0.024, 0.136, -19.76, -20.038, -19.76, -20.038, 5.019, 7.378, 13.431, , , 1, 38.411, 0, 0, 14.5, 2.542, 207, 0, 0, 0, 61, 6.601, 6.431, 125.6, 43.51, 100, 0, 0, 41.562, 41.562, 10, 1, 104.375, 0, 0, 113, 48.627, 0, 0, 0, 0, 0, 14, 0, 14.5, 0, 2.542, 207, 0, 0, 0, 61, 1, 0.007, 0.006, 125.6, 43.51, 100, 0, 0, 141, 41.562, 41.562, 10, 1, 0, 104.375, 0, 0, 113, 48.627, 0, 0, 0, 0, 
38.4, 17.65, 100.33, 73.337, 74.1, , -3.319, 0.986, 2511.116, 2511.116, 2.534, -76.821, -76.821, -76.821, 52.791, 71.434, 35.544, 37.147, 7.377, 13.409, 0, 0, -9.701, -9.839, -9.701, -9.839, 1, 48.022, 48.022, 0.024, 0.136, -20.096, -20.38, -20.096, -20.38, 4.998, 7.377, 13.409, , , 1, 38.461, 0, 0, 14.5, 2.534, 207, 0, 0, 0, 61, 6.634, 6.468, 125.6, 43.678, 100, 0, 0, 41.392, 41.392, 10, 1, 104.489, 0, 0, 113.227, 48.486, 0, 0, 0, 0, 0, 14, 0, 14.5, 0, 2.534, 207, 0, 0, 0, 61, 1, 0.007, 0.006, 125.6, 43.678, 100, 0, 0, 141, 41.392, 41.392, 10, 1, 0, 104.489, 0, 0, 113.227, 48.486, 0, 0, 0, 0, 
38.45, 17.65, 100.33, 73.342, 74.1, , -3.389, 0.986, 2514.653, 2514.653, 2.525, -78.498, -78.498, -78.498, 52.802, 72.164, 35.555, 37.332, 7.377, 13.388, 0, 0, -9.878, -10.018, -9.878, -10.018, 1, 47.853, 47.853, 0.024, 0.136, -20.533, -20.822, -20.533, -20.822, 5.001, 7.377, 13.388, , , 1, 38.51, 0, 0, 14.5, 2.525, 207, 0, 0, 0, 61, 6.667, 6.506, 125.6, 43.846, 100, 0, 0, 41.222, 41.222, 10, 1, 104.602, 0, 0, 113.455, 48.344, 0, 0, 0, 0, 0, 14, 0, 14.5, 0, 2.525, 207, 0, 0, 0, 61, 1, 0.007, 0.006, 125.6, 43.846, 100, 0, 0, 141, 41.222, 41.222, 10, 1, 0, 104.602, 0, 0, 113.455, 48.344, 0, 0, 0, 0, 
38.5, 17.65, 100.33, 73.347, 74.1, , -3.398, 0.986, 2518.141, 2518.141, 2.517, -78.701, -78.701, -78.701, 52.818, 72.893, 35.349, 37.023, 7.377, 13.367, 0, 0, -9.867, -10.007, -9.867, -10.007, 1, 47.684, 47.684, 0.024, 0.136, -20.579, -20.87, -20.579, -20.87, 5.011, 7.377, 13.367, , , 1, 38.56, 0, 0, 14.5, 2.517, 207, 0, 0, 0, 61, 6.7, 6.544, 125.6, 44.015, 100, 0, 0, 41.051, 41.051, 10, 1, 104.716, 0, 0, 113.682, 48.202, 0, 0, 0, 0, 0, 14, 0, 14.5, 0, 2.517, 207, 0, 0, 0, 61, 1, 0.007, 0.006, 125.6, 44.015, 100, 0, 0, 141, 41.051, 41.051, 10, 1, 0, 104.716, 0, 0, 113.682, 48.202, 0, 0, 0, 0, 
38.55, 17.65, 100.33, 73.352, 74.1, , -3.441, 0.986, 2521.658, 2521.658, 2.512, -79.733, -79.733, -79.733, 52.839, 73.623, 35.142, 36.714, 7.377, 13.351, 0, 0, -9.96, -10.1, -9.96, -10.1, 1, 47.512, 47.512, 0.024, 0.135, -20.839, -21.135, -20.839, -21.135, 5.021, 7.377, 13.351, , , 1, 38.611, 0, 0, 14.5, 2.512, 207, 0, 0, 0, 61, 6.726, 6.572, 125.6, 44.153, 100, 0, 0, 40.92, 40.92, 10, 1, 104.79, 0, 0, 113.79, 48.111, 0, 0, 0, 0, 0, 14, 0, 14.5, 0, 2.512, 207, 0, 0, 0, 61, 1, 0.007, 0.007, 125.6, 44.153, 100, 0, 0, 141, 40.92, 40.92, 10, 1, 0, 104.79, 0, 0, 113.79, 48.111, 0, 0, 0, 0, 
38.6, 17.65, 100.33, 73.356, 74.1, , -3.504, 0.986, 2525.18, 2525.18, 2.508, -81.233, -81.233, -81.233, 52.869, 74.353, 34.936, 36.405, 7.377, 13.339, 0, 0, -10.11, -10.251, -10.11, -10.251, 1, 47.337, 47.337, 0.024, 0.135, -21.219, -21.521, -21.219, -21.521, 5.03, 7.377, 13.339, , , 1, 38.661, 0, 0, 14.5, 2.508, 207, 0, 0, 0, 61, 6.749, 6.595, 125.6, 44.279, 100, 0, 0, 40.807, 40.807, 10, 1, 104.847, 0, 0, 113.847, 48.041, 0, 0, 0, 0, 0, 14, 0, 14.5, 0, 2.508, 207, 0, 0, 0, 61, 1, 0.007, 0.007, 125.6, 44.279, 100, 0, 0, 141, 40.807, 40.807, 10, 1, 0, 104.847, 0, 0, 113.847, 48.041, 0, 0, 0, 0, 
38.65, 17.65, 100.33, 73.361, 74.1, , -3.559, 0.986, 2528.665, 2528.665, 2.504, -82.55, -82.55, -82.55, 52.902, 75.083, 34.73, 36.095, 7.377, 13.329, 0, 0, -10.235, -10.377, -10.235, -10.377, 1, 47.159, 47.159, 0.024, 0.135, -21.549, -21.857, -21.549, -21.857, 5.04, 7.377, 13.329, , , 1, 38.711, 0, 0, 14.5, 2.504, 207, 0, 0, 0, 61, 6.771, 6.619, 125.6, 44.406, 100, 0, 0, 40.693, 40.693, 10, 1, 104.903, 0, 0, 113.903, 47.971, 0, 0, 0, 0, 0, 14, 0, 14.5, 0, 2.504, 207, 0, 0, 0, 61, 1, 0.007, 0.007, 125.6, 44.406, 100, 0, 0, 141, 40.693, 40.693, 10, 1, 0, 104.903, 0, 0, 113.903, 47.971, 0, 0, 0, 0, 
38.7, 17.65, 100.33, 73.366, 74.1, , -3.578, 0.986, 2532.15, 2532.15, 2.5, -83.007, -83.007, -83.007, 52.938, 75.813, 34.524, 35.786, 7.377, 13.321, 0, 0, -10.252, -10.397, -10.252, -10.397, 1, 46.979, 46.979, 0.024, 0.135, -21.652, -21.962, -21.652, -21.962, 5.049, 7.377, 13.321, , , 1, 38.761, 0, 0, 14.5, 2.5, 207, 0, 0, 0, 61, 6.794, 6.643, 125.6, 44.532, 100, 0, 0, 40.58, 40.58, 10, 1, 104.96, 0, 0, 113.96, 47.9, 0, 0, 0, 0, 0, 14, 0, 14.5, 0, 2.5, 207, 0, 0, 0, 61, 1, 0.007, 0.007, 125.6, 44.532, 100, 0, 0, 141, 40.58, 40.58, 10, 1, 0, 104.96, 0, 0, 113.96, 47.9, 0, 0, 0, 0, 
38.75, 17.65, 100.33, 73.371, 74.1, , -3.582, 0.986, 2535.604, 2535.604, 2.493, -83.099, -83.099, -83.099, 52.978, 76.542, 34.298, 35.706, 7.377, 13.315, 0, 0, -10.225, -10.37, -10.225, -10.37, 1, 46.796, 46.796, 0.024, 0.135, -21.661, -21.97, -21.661, -21.97, 5.058, 7.377, 13.315, , , 1, 38.81, 0, 0, 14.5, 2.493, 207, 0, 0, 0, 61, 6.822, 6.673, 125.6, 44.675, 100, 0, 0, 40.395, 40.395, 10, 1.001, 105.03, 0, 0, 114.045, 47.78, 0, 0, 0, 0, 0, 14, 0, 14.5, 0, 2.493, 207, 0, 0, 0, 61, 1, 0.007, 0.007, 125.6, 44.675, 100, 0, 0, 141, 40.395, 40.395, 10, 1.001, 0, 105.03, 0, 0, 114.045, 47.78, 0, 0, 0, 0, 
38.8, 17.65, 100.33, 73.376, 74.1, , -3.474, 0.986, 2539.037, 2539.037, 2.481, -80.539, -80.539, -80.539, 53.011, 77.272, 34.071, 35.63, 7.377, 13.312, 0, 0, -9.876, -10.017, -9.876, -10.017, 1, 46.616, 46.616, 0.024, 0.135, -20.981, -21.28, -20.981, -21.28, 5.068, 7.377, 13.312, , , 1, 38.861, 0, 0, 14.5, 2.481, 207, 0, 0, 0, 61, 6.863, 6.72, 125.6, 44.859, 100, 0, 0, 40.045, 40.045, 10, 1.005, 105.13, 0, 0, 114.195, 47.529, 0, 0, 0, 0, 0, 14, 0, 14.5, 0, 2.481, 207, 0, 0, 0, 61, 1, 0.007, 0.007, 125.6, 44.859, 100, 0, 0, 141, 40.045, 40.045, 10, 1.005, 0, 105.13, 0, 0, 114.195, 47.529, 0, 0, 0, 0, 
38.85, 17.65, 100.33, 73.381, 74.1, , -3.074, 0.986, 2542.471, 2542.471, 2.468, -71.056, -71.056, -71.056, 53.018, 78.002, 33.844, 35.555, 7.377, 13.308, 0, 0, -8.689, -8.815, -8.689, -8.815, 1, 46.452, 46.452, 0.024, 0.135, -18.505, -18.769, -18.505, -18.769, 5.079, 7.377, 13.308, , , 1, 38.911, 0, 0, 14.5, 2.468, 207, 0, 0, 0, 61, 6.904, 6.768, 125.6, 45.043, 100, 0, 0, 39.695, 39.695, 10, 1.009, 105.23, 0, 0, 114.345, 47.278, 0, 0, 0, 0, 0, 14, 0, 14.5, 0, 2.468, 207, 0, 0, 0, 61, 1, 0.007, 0.007, 125.6, 45.043, 100, 0, 0, 141, 39.695, 39.695, 10, 1.009, 0, 105.23, 0, 0, 114.345, 47.278, 0, 0, 0, 0, 
38.9, 17.65, 100.33, 73.386, 74.1, , -2.172, 0.986, 2545.905, 2545.905, 2.456, -49.657, -49.657, -49.657, 52.985, 78.732, 33.617, 35.479, 7.377, 13.304, 0, 0, -6.065, -6.155, -6.065, -6.155, 1, 46.314, 46.314, 0.024, 0.135, -12.917, -13.101, -12.917, -13.101, 5.092, 7.377, 13.304, , , 1, 38.96, 0, 0, 14.5, 2.456, 207, 0, 0, 0, 61, 6.945, 6.815, 125.6, 45.227, 100, 0, 0, 39.345, 39.345, 10, 1.013, 105.33, 0, 0, 114.495, 47.027, 0, 0, 0, 0, 0, 14, 0, 14.5, 0, 2.456, 207, 0, 0, 0, 61, 1, 0.007, 0.007, 125.6, 45.227, 100, 0, 0, 141, 39.345, 39.345, 10, 1.013, 0, 105.33, 0, 0, 114.495, 47.027, 0, 0, 0, 0, 
38.95, 17.65, 100.33, 73.391, 74.1, , -1.153, 0.986, 2549.312, 2549.312, 2.443, -25.491, -25.491, -25.491, 52.884, 79.462, 33.519, 35.404, 7.377, 13.3, 0, 0, -3.111, -3.159, -3.111, -3.159, 1, 46.229, 46.229, 0.024, 0.135, -6.593, -6.688, -6.593, -6.688, 5.105, 7.377, 13.3, , , 1, 39.011, 0, 0, 14.5, 2.443, 207, 0, 0, 0, 61, 6.986, 6.862, 125.6, 45.411, 100, 0, 0, 38.995, 38.995, 10, 1.017, 105.43, 0, 0, 114.645, 46.776, 0, 0, 0, 0, 0, 14, 0, 14.5, 0, 2.443, 207, 0, 0, 0, 61, 1, 0.007, 0.007, 125.6, 45.411, 100, 0, 0, 141, 38.995, 38.995, 10, 1.017, 0, 105.43, 0, 0, 114.645, 46.776, 0, 0, 0, 0, 
39, 17.65, 100.33, 73.396, 74.1, , -0.089, 0.986, 2552.695, 2552.695, 2.433, -0.247, -0.247, -0.247, 52.705, 78.103, 33.879, 35.332, 7.377, 13.299, 0, 0, -0.031, -0.034, -0.031, -0.034, 1, 46.204, 46.204, 0.024, 0.135, 0.024, 0.023, 0.024, 0.023, 5.118, 7.377, 13.299, , , 1, 39.061, 0, 0, 14.5, 2.433, 207, 0, 0, 0, 61, 7.018, 6.9, 125.6, 45.574, 100, 0, 0, 38.703, 38.703, 10, 1.02, 105.5, 0, 0, 114.766, 46.6, 0, 0, 0, 0, 0, 14, 0, 14.5, 0, 2.433, 207, 0, 0, 0, 61, 1, 0.007, 0.007, 125.6, 45.574, 100, 0, 0, 141, 38.703, 38.703, 10, 1.02, 0, 105.5, 0, 0, 114.766, 46.6, 0, 0, 0, 0, 
39.05, 17.65, 100.33, 73.4, 74.1, , 0.941, 0.986, 2556.08, 2556.08, 2.428, 24.191, 24.191, 24.191, 52.511, 76.563, 34.239, 35.26, 7.377, 13.297, 0, 0, 2.947, 2.988, 2.947, 2.988, 1, 46.225, 46.225, 0.024, 0.136, 6.437, 6.525, 6.437, 6.525, 5.12, 7.377, 13.297, , , 1, 39.11, 0, 0, 14.5, 2.428, 207, 0, 0, 0, 61, 7.03, 6.915, 125.6, 45.689, 100, 0, 0, 38.547, 38.547, 10, 1.02, 105.5, 0, 0, 114.818, 46.6, 0, 0, 0, 0, 0, 14, 0, 14.5, 0, 2.428, 207, 0, 0, 0, 61, 1, 0.007, 0.007, 125.6, 45.689, 100, 0, 0, 141, 38.547, 38.547, 10, 1.02, 0, 105.5, 0, 0, 114.818, 46.6, 0, 0, 0, 0, 
39.1, 17.65, 100.33, 73.4, 74.1, , 1.631, 0.986, 2559.464, 2559.464, 2.423, 40.565, 40.565, 40.565, 52.319, 75.023, 34.599, 35.188, 7.377, 13.292, 0, 0, 4.943, 5.013, 4.943, 5.013, 1, 46.287, 46.287, 0.024, 0.136, 10.747, 10.894, 10.747, 10.894, 5.095, 7.377, 13.292, , , 1, 39.161, 0, 0, 14.5, 2.423, 207, 0, 0, 0, 61, 7.041, 6.931, 125.6, 45.804, 100, 0, 0, 38.391, 38.391, 10, 1.02, 105.5, 0, 0, 114.87, 46.6, 0, 0, 0, 0, 0, 14, 0, 14.5, 0, 2.423, 207, 0, 0, 0, 61, 1, 0.007, 0.007, 125.6, 45.804, 100, 0, 0, 141, 38.391, 38.391, 10, 1.02, 0, 105.5, 0, 0, 114.87, 46.6, 0, 0, 0, 0, 
39.15, 17.65, 100.33, 73.4, 74.1, , 1.997, 0.986, 2562.848, 2562.848, 2.418, 49.253, 49.253, 49.253, 52.158, 73.483, 34.959, 35.116, 7.377, 13.286, 0, 0, 6.007, 6.093, 6.007, 6.093, 1, 46.385, 46.385, 0.024, 0.136, 13.047, 13.226, 13.047, 13.226, 5.071, 7.377, 13.286, , , 1, 39.211, 0, 0, 14.5, 2.418, 207, 0, 0, 0, 61, 7.053, 6.947, 125.6, 45.918, 100, 0, 0, 38.234, 38.234, 10, 1.02, 105.5, 0, 0, 114.922, 46.6, 0, 0, 0, 0, 0, 14, 0, 14.5, 0, 2.418, 207, 0, 0, 0, 61, 1, 0.007, 0.007, 125.6, 45.918, 100, 0, 0, 141, 38.234, 38.234, 10, 1.02, 0, 105.5, 0, 0, 114.922, 46.6, 0, 0, 0, 0, 
39.2, 17.65, 100.33, 73.4, 74.1, , 2.017, 0.986, 2566.232, 2566.232, 2.413, 49.739, 49.739, 49.739, 52.054, 71.943, 35.303, 35.06, 7.377, 13.279, 0, 0, 6.077, 6.164, 6.077, 6.164, 1, 46.484, 46.484, 0.024, 0.136, 13.199, 13.381, 13.199, 13.381, 5.046, 7.377, 13.279, , , 1, 39.261, 0, 0, 14.5, 2.413, 207, 0, 0, 0, 61, 7.064, 6.962, 125.6, 46.033, 100, 0, 0, 38.078, 38.078, 10, 1.02, 105.5, 0, 0, 114.974, 46.6, 0, 0, 0, 0, 0, 14, 0, 14.5, 0, 2.413, 207, 0, 0, 0, 61, 1, 0.007, 0.007, 125.6, 46.033, 100, 0, 0, 141, 38.078, 38.078, 10, 1.02, 0, 105.5, 0, 0, 114.974, 46.6, 0, 0, 0, 0, 
39.25, 17.65, 100.33, 73.4, 74.1, , 1.868, 0.986, 2569.616, 2569.616, 2.412, 46.201, 46.201, 46.201, 52, 70.403, 35.591, 35.06, 7.377, 13.269, 0, 0, 5.656, 5.736, 5.656, 5.736, 1, 46.581, 46.581, 0.024, 0.136, 12.27, 12.439, 12.27, 12.439, 5.013, 7.377, 13.269, , , 1, 39.31, 0, 0, 14.5, 2.412, 207, 0, 0, 0, 61, 7.059, 6.961, 125.6, 46.053, 100, 0, 0, 38.15, 38.1, 10, 1.02, 105.5, 0, 0, 115, 46.662, 0, 0, 0, 0, 0, 14, 0, 14.5, 0, 2.412, 207, 0, 0, 0, 61, 1, 0.007, 0.007, 125.6, 46.053, 100, 0, 0, 141, 38.15, 38.1, 10, 1.02, 0, 105.5, 0, 0, 115, 46.662, 0, 0, 0, 0, 
39.3, 17.65, 100.33, 73.4, 74.1, , 1.637, 0.986, 2573.032, 2573.032, 2.417, 40.717, 40.717, 40.717, 52, 68.863, 35.879, 35.06, 7.377, 13.257, 0, 0, 4.993, 5.064, 4.993, 5.064, 1, 46.671, 46.671, 0.024, 0.136, 10.815, 10.966, 10.815, 10.966, 4.962, 7.377, 13.257, , , 1, 39.36, 0, 0, 14.5, 2.417, 207, 0, 0, 0, 61, 7.037, 6.943, 125.6, 45.979, 100, 0, 0, 38.45, 38.3, 10, 1.02, 105.5, 0, 0, 115, 46.786, 0, 0, 0, 0, 0, 14, 0, 14.5, 0, 2.417, 207, 0, 0, 0, 61, 1, 0.007, 0.007, 125.6, 45.979, 100, 0, 0, 141, 38.45, 38.3, 10, 1.02, 0, 105.5, 0, 0, 115, 46.786, 0, 0, 0, 0, 
39.35, 17.65, 100.33, 73.4, 74.1, , 1.31, 0.986, 2576.452, 2576.452, 2.422, 32.964, 32.964, 32.964, 52.016, 67.323, 36.167, 35.06, 7.377, 13.245, 0, 0, 4.048, 4.105, 4.048, 4.105, 1, 46.744, 46.744, 0.024, 0.136, 8.754, 8.878, 8.754, 8.878, 4.912, 7.377, 13.245, , , 1, 39.411, 0, 0, 14.5, 2.422, 207, 0, 0, 0, 61, 7.015, 6.925, 125.6, 45.905, 100, 0, 0, 38.75, 38.5, 10, 1.02, 105.5, 0, 0, 115, 46.91, 0, 0, 0, 0, 0, 14, 0, 14.5, 0, 2.422, 207, 0, 0, 0, 61, 1, 0.007, 0.007, 125.6, 45.905, 100, 0, 0, 141, 38.75, 38.5, 10, 1.02, 0, 105.5, 0, 0, 115, 46.91, 0, 0, 0, 0, 
39.4, 17.65, 100.33, 73.4, 74.1, , 0.856, 0.986, 2579.836, 2579.836, 2.427, 22.192, 22.192, 22.192, 52.052, 65.783, 36.455, 35.06, 7.377, 13.233, 0, 0, 2.727, 2.766, 2.727, 2.766, 1, 46.798, 46.798, 0.024, 0.135, 5.894, 5.98, 5.894, 5.98, 4.861, 7.377, 13.233, , , 1, 39.461, 0, 0, 14.5, 2.427, 207, 0, 0, 0, 61, 6.993, 6.907, 125.6, 45.831, 100, 0, 0, 39.05, 38.7, 10, 1.02, 105.5, 0, 0, 115, 47.034, 0, 0, 0, 0, 0, 14, 0, 14.5, 0, 2.427, 207, 0, 0, 0, 61, 1, 0.007, 0.007, 125.6, 45.831, 100, 0, 0, 141, 39.05, 38.7, 10, 1.02, 0, 105.5, 0, 0, 115, 47.034, 0, 0, 0, 0, 
39.45, 17.65, 100.33, 73.4, 74.1, , 0.201, 0.986, 2583.264, 2583.264, 2.432, 6.647, 6.647, 6.647, 52.111, 64.243, 36.617, 35.108, 7.377, 13.223, 0, 0, 0.817, 0.829, 0.817, 0.829, 1, 46.829, 46.829, 0.024, 0.135, 1.779, 1.809, 1.779, 1.809, 4.81, 7.377, 13.223, , , 1, 39.511, 0, 0, 14.5, 2.432, 207, 0, 0, 0, 61, 6.971, 6.889, 125.6, 45.757, 100, 0, 0, 39.35, 38.9, 10, 1.02, 105.5, 0, 0, 115, 47.158, 0, 0, 0, 0, 0, 14, 0, 14.5, 0, 2.432, 207, 0, 0, 0, 61, 1, 0.007, 0.007, 125.6, 45.757, 100, 0, 0, 141, 39.35, 38.9, 10, 1.02, 0, 105.5, 0, 0, 115, 47.158, 0, 0, 0, 0, 
39.5, 17.651, 100.33, 73.4, 74.101, , -0.512, 0.986, 2586.698, 2586.698, 2.436, -10.262, -10.262, -10.262, 52.209, 62.703, 36.329, 35.324, 7.377, 13.215, 0, 0, -1.261, -1.277, -1.261, -1.277, 1, 46.823, 46.823, 0.024, 0.135, -2.687, -2.72, -2.687, -2.72, 4.789, 7.377, 13.215, , , 1, 39.561, 0, 0, 14.5, 2.436, 207, 0, 0, 0, 61, 6.96, 6.867, 125.6, 45.682, 100, 0, 0, 39.5, 39.052, 10, 1.02, 105.5, 0, 0, 114.948, 47.22, 0, 0, 0, 0, 0, 14, 0, 14.5, 0, 2.436, 207, 0, 0, 0, 61, 1, 0.007, 0.007, 125.6, 45.682, 100, 0, 0, 141, 39.5, 39.052, 10, 1.02, 0, 105.5, 0, 0, 114.948, 47.22, 0, 0, 0, 0, 
39.55, 17.651, 100.33, 73.4, 74.101, , -1.249, 0.986, 2590.132, 2590.132, 2.44, -27.748, -27.748, -27.748, 52.316, 61.163, 36.041, 35.54, 7.377, 13.209, 0, 0, -3.407, -3.452, -3.407, -3.452, 1, 46.775, 46.775, 0.024, 0.135, -7.296, -7.395, -7.296, -7.395, 4.769, 7.377, 13.209, , , 1, 39.61, 0, 0, 14.5, 2.44, 207, 0, 0, 0, 61, 6.96, 6.84, 125.6, 45.605, 100, 0, 0, 39.5, 39.156, 10, 1.02, 105.5, 0, 0, 114.844, 47.22, 0, 0, 0, 0, 0, 14, 0, 14.5, 0, 2.44, 207, 0, 0, 0, 61, 1, 0.007, 0.007, 125.6, 45.605, 100, 0, 0, 141, 39.5, 39.156, 10, 1.02, 0, 105.5, 0, 0, 114.844, 47.22, 0, 0, 0, 0, 
39.6, 17.652, 100.33, 73.4, 74.102, , -1.96, 0.986, 2593.566, 2593.566, 2.444, -44.625, -44.625, -44.625, 52.43, 59.623, 35.753, 35.756, 7.377, 13.206, 0, 0, -5.471, -5.546, -5.471, -5.546, 1, 46.695, 46.695, 0.024, 0.135, -11.732, -11.895, -11.732, -11.895, 4.748, 7.377, 13.206, , , 1, 39.66, 0, 0, 14.5, 2.444, 207, 0, 0, 0, 61, 6.96, 6.813, 125.6, 45.528, 100, 0, 0, 39.5, 39.259, 10, 1.02, 105.5, 0, 0, 114.741, 47.22, 0, 0, 0, 0, 0, 14, 0, 14.5, 0, 2.444, 207, 0, 0, 0, 61, 1, 0.007, 0.007, 125.6, 45.528, 100, 0, 0, 141, 39.5, 39.259, 10, 1.02, 0, 105.5, 0, 0, 114.741, 47.22, 0, 0, 0, 0, 
39.65, 17.653, 100.33, 73.4, 74.103, , -2.53, 0.986, 2597, 2597, 2.449, -58.137, -58.137, -58.137, 52.548, 58.083, 35.465, 35.972, 7.377, 13.207, 0, 0, -7.11, -7.21, -7.11, -7.21, 1, 46.585, 46.585, 0.024, 0.135, -15.263, -15.477, -15.263, -15.477, 4.727, 7.377, 13.207, , , 1, 39.711, 0, 0, 14.5, 2.449, 207, 0, 0, 0, 61, 6.96, 6.786, 125.6, 45.451, 100, 0, 0, 39.5, 39.363, 10, 1.02, 105.5, 0, 0, 114.637, 47.22, 0, 0, 0, 0, 0, 14, 0, 14.5, 0, 2.449, 207, 0, 0, 0, 61, 1, 0.007, 0.007, 125.6, 45.451, 100, 0, 0, 141, 39.5, 39.363, 10, 1.02, 0, 105.5, 0, 0, 114.637, 47.22, 0, 0, 0, 0, 
39.7, 17.654, 100.33, 73.4, 74.104, , -2.969, 0.986, 2600.433, 2600.433, 2.453, -68.552, -68.552, -68.552, 52.662, 56.543, 35.256, 36.061, 7.377, 13.213, 0, 0, -8.361, -8.479, -8.361, -8.479, 1, 46.442, 46.442, 0.024, 0.135, -17.968, -18.222, -17.968, -18.222, 4.744, 7.377, 13.213, , , 1, 39.761, 0, 0, 14.5, 2.453, 207, 0, 0, 0, 61, 6.96, 6.759, 125.6, 45.375, 100, 0, 0, 39.5, 39.467, 10, 1.02, 105.5, 0, 0, 114.533, 47.22, 0, 0, 0, 0, 0, 14, 0, 14.5, 0, 2.453, 207, 0, 0, 0, 61, 1, 0.007, 0.007, 125.6, 45.375, 100, 0, 0, 141, 39.5, 39.467, 10, 1.02, 0, 105.5, 0, 0, 114.533, 47.22, 0, 0, 0, 0, 
39.75, 17.654, 100.33, 73.4, 74.104, , -3.287, 0.986, 2603.867, 2603.867, 2.451, -76.113, -76.113, -76.113, 52.756, 55.003, 35.328, 35.701, 7.377, 13.221, 0, 0, -9.254, -9.385, -9.254, -9.385, 1, 46.281, 46.281, 0.024, 0.135, -19.915, -20.197, -19.915, -20.197, 4.761, 7.377, 13.221, , , 1, 39.81, 0, 0, 14.5, 2.451, 207, 0, 0, 0, 61, 6.967, 6.762, 125.6, 45.401, 100, 0, 0, 39.432, 39.432, 10, 1.02, 105.5, 0, 0, 114.568, 47.136, 0, 0, 0, 0, 0, 14, 0, 14.5, 0, 2.451, 207, 0, 0, 0, 61, 1, 0.007, 0.007, 125.6, 45.401, 100, 0, 0, 141, 39.432, 39.432, 10, 1.02, 0, 105.5, 0, 0, 114.568, 47.136, 0, 0, 0, 0, 
39.8, 17.655, 100.33, 73.4, 74.105, , -3.574, 0.986, 2607.301, 2607.301, 2.447, -82.922, -82.922, -82.922, 52.842, 53.463, 35.4, 35.341, 7.377, 13.234, 0, 0, -10.044, -10.187, -10.044, -10.187, 1, 46.107, 46.107, 0.024, 0.135, -21.665, -21.971, -21.665, -21.971, 4.779, 7.377, 13.234, , , 1, 39.861, 0, 0, 14.5, 2.447, 207, 0, 0, 0, 61, 6.977, 6.78, 125.6, 45.475, 100, 0, 0, 39.332, 39.332, 10, 1.02, 105.5, 0, 0, 114.669, 47.012, 0, 0, 0, 0, 0, 14, 0, 14.5, 0, 2.447, 207, 0, 0, 0, 61, 1, 0.007, 0.007, 125.6, 45.475, 100, 0, 0, 141, 39.332, 39.332, 10, 1.02, 0, 105.5, 0, 0, 114.669, 47.012, 0, 0, 0, 0, 
39.85, 17.656, 100.33, 73.4, 74.106, , -3.831, 0.986, 2610.697, 2610.697, 2.442, -89.015, -89.015, -89.015, 52.926, 51.923, 35.472, 34.981, 7.377, 13.247, 0, 0, -10.738, -10.891, -10.738, -10.891, 1, 45.922, 45.922, 0.024, 0.135, -23.222, -23.551, -23.222, -23.551, 4.796, 7.377, 13.247, , , 1, 39.911, 0, 0, 14.5, 2.442, 207, 0, 0, 0, 61, 6.987, 6.798, 125.6, 45.549, 100, 0, 0, 39.232, 39.232, 10, 1.02, 105.5, 0, 0, 114.769, 46.888, 0, 0, 0, 0, 0, 14, 0, 14.5, 0, 2.442, 207, 0, 0, 0, 61, 1, 0.007, 0.007, 125.6, 45.549, 100, 0, 0, 141, 39.232, 39.232, 10, 1.02, 0, 105.5, 0, 0, 114.769, 46.888, 0, 0, 0, 0, 
39.9, 17.657, 100.33, 73.4, 74.107, , -4.086, 0.986, 2614.081, 2614.081, 2.438, -95.083, -95.083, -95.083, 53.004, 50.383, 35.544, 34.621, 7.378, 13.26, 0, 0, -11.42, -11.583, -11.42, -11.583, 1, 45.721, 45.721, 0.024, 0.135, -24.768, -25.119, -24.768, -25.119, 4.826, 7.378, 13.26, , , 1, 39.961, 0, 0, 14.5, 2.438, 207, 0, 0, 0, 61, 6.997, 6.816, 125.6, 45.623, 100, 0, 0, 39.132, 39.132, 10, 1.02, 105.5, 0, 0, 114.869, 46.764, 0, 0, 0, 0, 0, 14, 0, 14.5, 0, 2.438, 207, 0, 0, 0, 61, 1, 0.007, 0.007, 125.6, 45.623, 100, 0, 0, 141, 39.132, 39.132, 10, 1.02, 0, 105.5, 0, 0, 114.869, 46.764, 0, 0, 0, 0, 
39.95, 17.657, 100.33, 73.4, 74.107, , -4.359, 0.986, 2617.465, 2617.465, 2.433, -101.558, -101.558, -101.558, 53.081, 48.843, 35.632, 34.38, 7.378, 13.271, 0, 0, -12.141, -12.313, -12.141, -12.313, 1, 45.507, 45.507, 0.024, 0.135, -26.415, -26.789, -26.415, -26.789, 4.86, 7.378, 13.271, , , 1, 40.011, 0, 0, 14.5, 2.433, 207, 0, 0, 0, 61, 7.007, 6.834, 125.6, 45.698, 100, 0, 0, 39.032, 39.032, 10, 1.02, 105.5, 0, 0, 114.97, 46.64, 0, 0, 0, 0, 0, 14, 0, 14.5, 0, 2.433, 207, 0, 0, 0, 61, 1, 0.007, 0.007, 125.6, 45.698, 100, 0, 0, 141, 39.032, 39.032, 10, 1.02, 0, 105.5, 0, 0, 114.97, 46.64, 0, 0, 0, 0, 
40, 17.658, 100.33, 73.4, 74.108, , -4.672, 0.986, 2620.802, 2620.802, 2.426, -108.976, -108.976, -108.976, 53.159, 38.302, 35.776, 34.56, 7.38, 13.278, 0, 0, -12.96, -13.143, -12.96, -13.143, 1, 45.28, 45.28, 0.024, 0.136, -28.301, -28.702, -28.301, -28.702, 4.894, 7.38, 13.278, , , 1, 40.06, 0, 0, 14.5, 2.426, 207, 0, 0, 0, 61, 7.038, 6.869, 125.6, 45.77, 100, 0, 0, 38.803, 38.803, 10, 1.02, 105.5, 0, 0, 115.067, 46.437, 0, 0, 0, 0, 0, 14, 0, 14.5, 0, 2.426, 207, 0, 0, 0, 61, 1, 0.007, 0.007, 125.6, 45.77, 100, 0, 0, 141, 38.803, 38.803, 10, 1.02, 0, 105.5, 0, 0, 115.067, 46.437, 0, 0, 0, 0, 
40.05, 17.659, 100.33, 73.4, 74.109, , -4.947, 0.986, 2624.139, 2624.139, 2.417, -115.516, -115.516, -115.516, 53.236, 41.747, 35.92, 34.74, 7.381, 13.282, 0, 0, -13.665, -13.858, -13.665, -13.858, 1, 45.039, 45.039, 0.024, 0.136, -29.955, -30.38, -29.955, -30.38, 4.929, 7.381, 13.282, , , 1, 40.111, 0, 0, 14.5, 2.417, 207, 0, 0, 0, 61, 7.078, 6.911, 125.6, 45.841, 100, 0, 0, 38.514, 38.514, 10, 1.02, 105.5, 0, 0, 115.163, 46.198, 0, 0, 0, 0, 0, 14, 0, 14.5, 0, 2.417, 207, 0, 0, 0, 61, 1, 0.007, 0.007, 125.6, 45.841, 100, 0, 0, 141, 38.514, 38.514, 10, 1.02, 0, 105.5, 0, 0, 115.163, 46.198, 0, 0, 0, 0, 
40.1, 17.66, 100.33, 73.4, 74.11, , -5.187, 0.986, 2627.475, 2627.475, 2.408, -121.217, -121.217, -121.217, 53.319, 49.314, 36.064, 34.92, 7.383, 13.279, 0, 0, -14.262, -14.463, -14.262, -14.463, 1, 44.781, 44.781, 0.024, 0.136, -31.387, -31.832, -31.387, -31.832, 4.944, 7.383, 13.279, , , 1, 40.161, 0, 0, 14.5, 2.408, 207, 0, 0, 0, 61, 7.119, 6.954, 125.6, 45.913, 100, 0, 0, 38.224, 38.224, 10, 1.02, 105.5, 0, 0, 115.26, 45.958, 0, 0, 0, 0, 0, 14, 0, 14.5, 0, 2.408, 207, 0, 0, 0, 61, 1, 0.007, 0.007, 125.6, 45.913, 100, 0, 0, 141, 38.224, 38.224, 10, 1.02, 0, 105.5, 0, 0, 115.26, 45.958, 0, 0, 0, 0, 
40.15, 17.66, 100.33, 73.4, 74.11, , -5.391, 0.986, 2630.811, 2630.811, 2.399, -126.06, -126.06, -126.06, 53.404, 50.506, 36.208, 35.1, 7.384, 13.274, 0, 0, -14.746, -14.954, -14.746, -14.954, 1, 44.513, 44.513, 0.024, 0.136, -32.592, -33.054, -32.592, -33.054, 4.945, 7.384, 13.274, , , 1, 40.21, 0, 0, 14.5, 2.399, 207, 0, 0, 0, 61, 7.159, 6.996, 125.6, 45.984, 100, 0, 0, 37.934, 37.934, 10, 1.02, 105.5, 0, 0, 115.356, 45.719, 0, 0, 0, 0, 0, 14, 0, 14.5, 0, 2.399, 207, 0, 0, 0, 61, 1, 0.007, 0.007, 125.6, 45.984, 100, 0, 0, 141, 37.934, 37.934, 10, 1.02, 0, 105.5, 0, 0, 115.356, 45.719, 0, 0, 0, 0, 
40.2, 17.661, 100.33, 73.4, 74.111, , -5.514, 0.986, 2634.11, 2634.11, 2.39, -128.967, -128.967, -128.967, 53.49, 51.698, 36.312, 35.256, 7.384, 13.265, 0, 0, -14.995, -15.207, -14.995, -15.207, 1, 44.238, 44.238, 0.024, 0.136, -33.294, -33.765, -33.294, -33.765, 4.947, 7.384, 13.265, , , 1, 40.261, 0, 0, 14.5, 2.39, 207, 0, 0, 0, 61, 7.2, 7.039, 125.6, 46.056, 100, 0, 0, 37.645, 37.645, 10, 1.02, 105.5, 0, 0, 115.452, 45.48, 0, 0, 0, 0, 0, 14, 0, 14.5, 0, 2.39, 207, 0, 0, 0, 61, 1, 0.007, 0.007, 125.6, 46.056, 100, 0, 0, 141, 37.645, 37.645, 10, 1.02, 0, 105.5, 0, 0, 115.452, 45.48, 0, 0, 0, 0, 
40.25, 17.662, 100.33, 73.4, 74.112, , -5.573, 0.986, 2637.382, 2637.382, 2.376, -130.389, -130.389, -130.389, 53.565, 52.89, 36.276, 35.328, 7.384, 13.256, 0, 0, -15.067, -15.282, -15.067, -15.282, 1, 43.953, 43.953, 0.024, 0.136, -33.618, -34.094, -33.618, -34.094, 4.948, 7.384, 13.256, , , 1, 40.311, 0, 0, 14.5, 2.376, 207, 0, 0, 0, 61.05, 7.252, 7.101, 125.6, 46.299, 100, 0, 0, 37.201, 37.201, 10.052, 1.021, 105.575, 0, 0, 115.625, 45.144, 0, 0, 0, 0, 0, 14, 0, 14.5, 0, 2.376, 207, 0, 0, 0, 61.05, 1, 0.007, 0.007, 125.6, 46.299, 100, 0, 0, 141, 37.201, 37.201, 10.052, 1.021, 0, 105.577, 0, 0, 115.625, 45.143, 0, 0, 0, 0, 
40.3, 17.663, 100.33, 73.4, 74.113, , -5.556, 0.986, 2640.626, 2640.626, 2.357, -129.989, -129.989, -129.989, 53.61, 54.082, 36.24, 35.4, 7.382, 13.244, 0, 0, -14.924, -15.139, -14.924, -15.139, 1, 43.669, 43.669, 0.024, 0.136, -33.486, -33.958, -33.486, -33.958, 4.941, 7.382, 13.244, , , 1, 40.361, 0, 0, 14.5, 2.357, 207, 0, 0, 0, 61.149, 7.317, 7.184, 125.6, 46.702, 100, 0, 0, 36.604, 36.604, 10.151, 1.023, 105.724, 0, 0, 115.874, 44.713, 0, 0, 0, 0, 0, 14, 0, 14.5, 0, 2.357, 207, 0, 0, 0, 61.149, 1, 0.007, 0.007, 125.6, 46.702, 100, 0, 0, 141, 36.604, 36.604, 10.151, 1.023, 0, 105.726, 0, 0, 115.874, 44.71, 0, 0, 0, 0, 
40.35, 17.664, 100.33, 73.4, 74.114, , -5.544, 0.986, 2643.868, 2643.868, 2.337, -129.705, -129.705, -129.705, 53.63, 55.274, 36.204, 35.472, 7.381, 13.232, 0, 0, -14.798, -15.011, -14.798, -15.011, 1, 43.387, 43.387, 0.024, 0.136, -33.406, -33.877, -33.406, -33.877, 4.915, 7.381, 13.232, , , 1, 40.411, 0, 0, 14.5, 2.337, 207, 0, 0, 0, 61.249, 7.382, 7.267, 125.6, 47.105, 100, 0, 0, 36.006, 36.006, 10.25, 1.025, 105.874, 0, 0, 116.123, 44.281, 0, 0, 0, 0, 0, 14, 0, 14.5, 0, 2.337, 207, 0, 0, 0, 61.249, 1, 0.007, 0.007, 125.6, 47.105, 100, 0, 0, 141, 36.006, 36.006, 10.25, 1.025, 0, 105.875, 0, 0, 116.123, 44.277, 0, 0, 0, 0, 
40.4, 17.664, 100.33, 73.4, 74.114, , -5.495, 0.986, 2647.09, 2647.09, 2.318, -128.537, -128.537, -128.537, 53.618, 56.466, 36.168, 35.544, 7.379, 13.22, 0, 0, -14.572, -14.783, -14.572, -14.783, 1, 43.108, 43.108, 0.024, 0.136, -33.111, -33.577, -33.111, -33.577, 4.888, 7.379, 13.22, , , 1, 40.461, 0, 0, 14.5, 2.318, 207, 0, 0, 0, 61.349, 7.447, 7.349, 125.6, 47.508, 100, 0, 0, 35.408, 35.408, 10.349, 1.027, 106.023, 0, 0, 116.372, 43.85, 0, 0, 0, 0, 0, 14, 0, 14.5, 0, 2.318, 207, 0, 0, 0, 61.349, 1, 0.007, 0.007, 125.6, 47.508, 100, 0, 0, 141, 35.408, 35.408, 10.349, 1.027, 0, 106.024, 0, 0, 116.372, 43.844, 0, 0, 0, 0, 
40.45, 17.665, 100.33, 73.4, 74.115, , -5.401, 0.986, 2650.288, 2650.288, 2.299, -126.318, -126.318, -126.318, 53.58, 57.659, 36.069, 35.608, 7.378, 13.208, 0, 0, -14.23, -14.435, -14.23, -14.435, 1, 42.831, 42.831, 0.024, 0.136, -32.56, -33.018, -32.56, -33.018, 4.862, 7.378, 13.208, , , 1, 40.511, 0, 0, 14.5, 2.299, 207, 0, 0, 0, 61.448, 7.511, 7.432, 125.6, 47.911, 100, 0, 0, 34.811, 34.811, 10.448, 1.029, 106.172, 0, 0, 116.621, 43.418, 0, 0, 0, 0, 0, 14, 0, 14.5, 0, 2.299, 207, 0, 0, 0, 61.448, 1, 0.007, 0.007, 125.6, 47.911, 100, 0, 0, 141, 34.811, 34.811, 10.448, 1.029, 0, 106.173, 0, 0, 116.621, 43.41, 0, 0, 0, 0, 
40.5, 17.666, 100.33, 73.4, 74.116, , -5.015, 0.986, 2653.443, 2653.443, 2.281, -117.167, -117.167, -117.167, 53.522, 58.851, 35.745, 35.644, 7.378, 13.198, 0, 0, -13.131, -13.319, -13.131, -13.319, 1, 42.564, 42.564, 0.024, 0.136, -30.235, -30.658, -30.235, -30.658, 4.836, 7.378, 13.198, , , 1, 40.561, 0, 0, 14.5, 2.281, 207, 0, 0, 0, 61.557, 7.585, 7.514, 125.6, 48.374, 100, 0, 0, 34.328, 34.328, 10.557, 1.031, 106.307, 0, 0, 116.779, 43.047, 0, 0, 0, 0, 0, 14, 0, 14.5, 0, 2.281, 207, 0, 0, 0, 61.557, 1, 0.008, 0.008, 125.6, 48.374, 100, 0, 0, 141, 34.328, 34.328, 10.557, 1.031, 0, 106.307, 0, 0, 116.779, 43.042, 0, 0, 0, 0, 
40.55, 17.667, 100.33, 73.4, 74.117, , -4.575, 0.986, 2656.598, 2656.598, 2.264, -106.744, -106.744, -106.744, 53.441, 60.043, 35.421, 35.68, 7.377, 13.187, 0, 0, -11.904, -12.073, -11.904, -12.073, 1, 42.319, 42.319, 0.024, 0.136, -27.578, -27.964, -27.578, -27.964, 4.82, 7.377, 13.187, , , 1, 40.611, 0, 0, 14.5, 2.264, 207, 0, 0, 0, 61.677, 7.669, 7.595, 125.6, 48.904, 100, 0, 0, 33.969, 33.969, 10.677, 1.034, 106.427, 0, 0, 116.839, 42.748, 0, 0, 0, 0, 0, 14, 0, 14.5, 0, 2.264, 207, 0, 0, 0, 61.677, 1, 0.008, 0.008, 125.6, 48.904, 100, 0, 0, 141, 33.969, 33.969, 10.677, 1.034, 0, 106.427, 0, 0, 116.839, 42.744, 0, 0, 0, 0, 
40.6, 17.667, 100.33, 73.4, 74.117, , -4.074, 0.986, 2659.749, 2659.749, 2.248, -94.842, -94.842, -94.842, 53.35, 61.235, 35.097, 35.716, 7.377, 13.175, 0, 0, -10.527, -10.675, -10.527, -10.675, 1, 42.105, 42.105, 0.024, 0.135, -24.537, -24.881, -24.537, -24.881, 4.803, 7.377, 13.175, , , 1, 40.661, 0, 0, 14.5, 2.248, 207, 0, 0, 0, 61.797, 7.753, 7.677, 125.6, 49.434, 100, 0, 0, 33.61, 33.61, 10.797, 1.036, 106.547, 0, 0, 116.898, 42.449, 0, 0, 0, 0, 0, 14, 0, 14.5, 0, 2.248, 207, 0, 0, 0, 61.797, 1, 0.008, 0.008, 125.6, 49.434, 100, 0, 0, 141, 33.61, 33.61, 10.797, 1.036, 0, 106.547, 0, 0, 116.898, 42.446, 0, 0, 0, 0, 
40.65, 17.668, 100.33, 73.4, 74.118, , -3.172, 0.986, 2662.821, 2662.821, 2.232, -73.447, -73.447, -73.447, 53.244, 62.427, 34.773, 35.752, 7.377, 13.161, 0, 0, -8.128, -8.244, -8.128, -8.244, 1, 41.918, 41.918, 0.024, 0.135, -19.017, -19.283, -19.017, -19.283, 4.786, 7.377, 13.161, , , 1, 40.71, 0, 0, 14.5, 2.232, 207, 0, 0, 0, 61.916, 7.836, 7.758, 125.6, 49.964, 100, 0, 0, 33.251, 33.251, 10.916, 1.038, 106.666, 0, 0, 116.958, 42.149, 0, 0, 0, 0, 0, 14, 0, 14.5, 0, 2.232, 207, 0, 0, 0, 61.916, 1, 0.008, 0.008, 125.6, 49.964, 100, 0, 0, 141, 33.251, 33.251, 10.916, 1.038, 0, 106.666, 0, 0, 116.958, 42.148, 0, 0, 0, 0, 
40.7, 17.669, 100.33, 73.4, 74.119, , -1.928, 0.986, 2665.915, 2665.915, 2.219, -43.955, -43.955, -43.955, 53.11, 63.619, 34.567, 35.905, 7.377, 13.135, 0, 0, -4.854, -4.924, -4.854, -4.924, 1, 41.778, 41.778, 0.024, 0.135, -11.35, -11.508, -11.35, -11.508, 4.769, 7.377, 13.135, , , 1, 40.761, 0, 0, 14.5, 2.219, 207, 0, 0, 0, 62, 7.903, 7.822, 125.6, 50.416, 100, 0, 0, 32.969, 32.969, 11, 1.04, 106.766, 0, 0, 117, 41.921, 0, 0, 0, 0, 0, 14, 0, 14.5, 0, 2.219, 207, 0, 0, 0, 62, 1, 0.008, 0.008, 125.6, 50.416, 100, 0, 0, 141, 32.969, 32.969, 11, 1.04, 0, 106.766, 0, 0, 117, 41.921, 0, 0, 0, 0, 
40.75, 17.67, 100.33, 73.4, 74.12, , -0.399, 0.986, 2669.025, 2669.025, 2.213, -7.666, -7.666, -7.666, 52.922, 64.811, 34.78, 36.474, 7.377, 13.107, 0, 0, -0.845, -0.858, -0.845, -0.858, 1, 41.733, 41.733, 0.024, 0.135, -1.877, -1.902, -1.877, -1.902, 4.767, 7.377, 13.107, , , 1, 40.811, 0, 0, 14.5, 2.213, 207, 0, 0, 0, 62, 7.932, 7.843, 125.6, 50.686, 100, 0, 0, 32.865, 32.865, 11, 1.04, 106.818, 0, 0, 117, 41.856, 0, 0, 0, 0, 0, 14, 0, 14.5, 0, 2.213, 207, 0, 0, 0, 62, 1, 0.008, 0.008, 125.6, 50.686, 100, 0, 0, 141, 32.865, 32.865, 11, 1.04, 0, 106.818, 0, 0, 117, 41.856, 0, 0, 0, 0, 
40.8, 17.67, 100.33, 73.4, 74.12, , 1.031, 0.986, 2672.058, 2672.058, 2.206, 26.251, 26.251, 26.251, 52.699, 66.003, 34.994, 37.044, 7.378, 13.066, 0, 0, 2.903, 2.944, 2.903, 2.944, 1, 41.742, 41.742, 0.024, 0.135, 7.064, 7.166, 7.064, 7.166, 4.768, 7.378, 13.066, , , 1, 40.861, 0, 0, 14.5, 2.206, 207, 0, 0, 0, 62, 7.96, 7.865, 125.6, 50.956, 100, 0, 0, 32.76, 32.76, 11, 1.04, 106.87, 0, 0, 117, 41.791, 0, 0, 0, 0, 0, 14, 0, 14.5, 0, 2.206, 207, 0, 0, 0, 62, 1, 0.008, 0.008, 125.6, 50.956, 100, 0, 0, 141, 32.76, 32.76, 11, 1.04, 0, 106.87, 0, 0, 117, 41.791, 0, 0, 0, 0, 
40.85, 17.67, 100.33, 73.4, 74.12, , 2.412, 0.986, 2675.11, 2675.11, 2.2, 59.01, 59.01, 59.01, 52.42, 67.195, 35.207, 37.613, 7.378, 13.025, 0, 0, 6.534, 6.626, 6.534, 6.626, 1, 41.828, 41.828, 0.024, 0.135, 15.749, 15.973, 15.749, 15.973, 4.768, 7.378, 13.025, , , 1, 40.911, 0, 0, 14.5, 2.2, 207, 0, 0, 0, 62, 7.988, 7.887, 125.6, 51.225, 100, 0, 0, 32.656, 32.656, 11, 1.04, 106.922, 0, 0, 117, 41.727, 0, 0, 0, 0, 0, 14, 0, 14.5, 0, 2.2, 207, 0, 0, 0, 62, 1, 0.008, 0.008, 125.6, 51.225, 100, 0, 0, 141, 32.656, 32.656, 11, 1.04, 0, 106.922, 0, 0, 117, 41.727, 0, 0, 0, 0, 
40.9, 17.67, 100.33, 73.4, 74.12, , 3.744, 0.986, 2678.183, 2678.183, 2.194, 90.61, 90.61, 90.61, 52.089, 68.388, 35.421, 38.182, 7.379, 12.987, 0, 0, 10.047, 10.189, 10.047, 10.189, 1, 41.989, 41.989, 0.024, 0.134, 24.176, 24.519, 24.176, 24.519, 4.769, 7.379, 12.987, , , 1, 40.961, 0, 0, 14.5, 2.194, 207, 0, 0, 0, 62, 8.016, 7.909, 125.6, 51.495, 100, 0, 0, 32.552, 32.552, 11, 1.04, 106.974, 0, 0, 117, 41.662, 0, 0, 0, 0, 0, 14, 0, 14.5, 0, 2.194, 207, 0, 0, 0, 62, 1, 0.008, 0.008, 125.6, 51.495, 100, 0, 0, 141, 32.552, 32.552, 11, 1.04, 0, 106.974, 0, 0, 117, 41.662, 0, 0, 0, 0, 
40.95, 17.67, 100.33, 73.4, 74.12, , 4.633, 0.986, 2681.216, 2681.216, 2.194, 111.719, 111.719, 111.719, 51.76, 69.58, 35.594, 38.549, 7.379, 12.95, 0, 0, 12.429, 12.605, 12.429, 12.605, 1, 42.19, 42.19, 0.024, 0.134, 29.894, 30.317, 29.894, 30.317, 4.776, 7.379, 12.95, , , 1, 41.011, 0, 0, 14.5, 2.194, 207.052, 0, 0, 0, 62.104, 8.015, 7.915, 125.6, 51.572, 100, 0, 0, 32.63, 32.63, 11, 1.041, 107, 0, 0, 117.026, 41.823, 0, 0, 0, 0, 0, 14, 0, 14.5, 0, 2.194, 207.052, 0, 0, 0, 62.104, 1, 0.008, 0.008, 125.6, 51.572, 100, 0, 0, 141, 32.63, 32.63, 11, 1.041, 0, 107, 0, 0, 117.026, 41.823, 0, 0, 0, 0, 
41, 17.67, 100.33, 73.4, 74.12, , 5.227, 0.986, 2684.266, 2684.266, 2.199, 125.807, 125.807, 125.807, 51.497, 63.451, 35.558, 37.857, 7.38, 12.942, 0, 0, 14.052, 14.251, 14.052, 14.251, 1, 42.44, 42.44, 0.024, 0.135, 33.759, 34.237, 33.759, 34.237, 4.785, 7.38, 12.942, , , 1, 41.061, 0, 0, 14.5, 2.199, 207.156, 0, 0, 0, 62.311, 7.985, 7.906, 125.6, 51.457, 100, 0, 0, 32.889, 32.889, 11, 1.043, 107, 0, 0, 117.078, 42.21, 0, 0, 0, 0, 0, 14, 0, 14.5, 0, 2.199, 207.156, 0, 0, 0, 62.311, 1, 0.008, 0.008, 125.6, 51.457, 100, 0, 0, 141, 32.889, 32.889, 11, 1.043, 0, 107, 0, 0, 117.078, 42.21, 0, 0, 0, 0, 
41.05, 17.67, 100.33, 73.4, 74.12, , 5.455, 0.986, 2687.338, 2687.338, 2.204, 131.233, 131.233, 131.233, 51.297, 58.514, 35.521, 37.165, 7.38, 12.934, 0, 0, 14.738, 14.947, 14.738, 14.947, 1, 42.705, 42.705, 0.024, 0.135, 35.336, 35.837, 35.336, 35.837, 4.794, 7.38, 12.934, , , 1, 41.111, 0, 0, 14.5, 2.204, 207.259, 0, 0, 0, 62.519, 7.955, 7.897, 125.6, 51.342, 100, 0, 0, 33.148, 33.148, 11, 1.045, 107, 0, 0, 117.13, 42.597, 0, 0, 0, 0, 0, 14, 0, 14.5, 0, 2.204, 207.259, 0, 0, 0, 62.519, 1, 0.008, 0.008, 125.6, 51.342, 100, 0, 0, 141, 33.148, 33.148, 11, 1.045, 0, 107, 0, 0, 117.13, 42.597, 0, 0, 0, 0, 
41.1, 17.67, 100.33, 73.4, 74.12, , 5.491, 0.986, 2690.448, 2690.448, 2.21, 132.071, 132.071, 132.071, 51.148, 59.363, 35.485, 36.472, 7.38, 12.954, 0, 0, 14.924, 15.134, 14.924, 15.134, 1, 42.976, 42.976, 0.024, 0.135, 35.639, 36.143, 35.639, 36.143, 4.804, 7.38, 12.954, , , 1, 41.161, 0, 0, 14.5, 2.21, 207.363, 0, 0, 0, 62.726, 7.925, 7.887, 125.6, 51.227, 100, 0, 0, 33.408, 33.408, 11, 1.047, 107, 0, 0, 117.182, 42.984, 0, 0, 0, 0, 0, 14, 0, 14.5, 0, 2.21, 207.363, 0, 0, 0, 62.726, 1, 0.008, 0.008, 125.6, 51.227, 100, 0, 0, 141, 33.408, 33.408, 11, 1.047, 0, 107, 0, 0, 117.182, 42.984, 0, 0, 0, 0, 
41.15, 17.67, 100.33, 73.4, 74.12, , 5.489, 0.986, 2693.562, 2693.562, 2.215, 132.048, 132.048, 132.048, 51.097, 60.212, 35.448, 35.78, 7.379, 12.974, 0, 0, 15.015, 15.226, 15.015, 15.226, 1, 43.248, 43.248, 0.024, 0.135, 35.674, 36.178, 35.674, 36.178, 4.807, 7.379, 12.974, , , 1, 41.211, 0, 0, 14.5, 2.215, 207.467, 0, 0, 0, 62.934, 7.895, 7.878, 125.6, 51.112, 100, 0, 0, 33.667, 33.667, 11, 1.049, 107, 0, 0, 117.233, 43.371, 0, 0, 0, 0, 0, 14, 0, 14.5, 0, 2.215, 207.467, 0, 0, 0, 62.934, 1, 0.008, 0.008, 125.6, 51.112, 100, 0, 0, 141, 33.667, 33.667, 11, 1.049, 0, 107, 0, 0, 117.233, 43.371, 0, 0, 0, 0, 
41.2, 17.67, 100.33, 73.4, 74.12, , 5.461, 0.986, 2696.675, 2696.675, 2.227, 131.388, 131.388, 131.388, 51.117, 61.061, 35.412, 35.288, 7.379, 12.991, 0, 0, 15.034, 15.246, 15.034, 15.246, 1, 43.516, 43.516, 0.024, 0.135, 35.492, 35.995, 35.492, 35.995, 4.802, 7.379, 12.991, , , 1, 41.261, 0, 0, 14.5, 2.227, 207.571, 0, 0, 0, 63, 7.864, 7.846, 125.6, 50.943, 100, 0, 0, 33.999, 33.999, 11, 1.05, 107, 0, 0, 117.214, 43.672, 0, 0, 0, 0, 0, 14, 0, 14.5, 0, 2.227, 207.571, 0, 0, 0, 63, 1, 0.008, 0.008, 125.6, 50.943, 100, 0, 0, 141, 33.999, 33.999, 11, 1.05, 0, 107, 0, 0, 117.214, 43.672, 0, 0, 0, 0, 
41.25, 17.67, 100.33, 73.4, 74.12, , 5.476, 0.986, 2699.827, 2699.827, 2.242, 131.752, 131.752, 131.752, 51.169, 61.91, 35.376, 35.504, 7.378, 13.008, 0, 0, 15.17, 15.383, 15.17, 15.383, 1, 43.784, 43.784, 0.024, 0.135, 35.561, 36.065, 35.561, 36.065, 4.797, 7.378, 13.008, , , 1, 41.311, 0, 0, 14.5, 2.242, 207.676, 0, 0, 0, 63, 7.834, 7.803, 125.6, 50.75, 100, 0, 0, 34.365, 34.365, 11, 1.05, 107, 0, 0, 117.162, 43.933, 0, 0, 0, 0, 0, 14, 0, 14.5, 0, 2.242, 207.676, 0, 0, 0, 63, 1, 0.008, 0.008, 125.6, 50.75, 100, 0, 0, 141, 34.365, 34.365, 11, 1.05, 0, 107, 0, 0, 117.162, 43.933, 0, 0, 0, 0, 
41.3, 17.67, 100.33, 73.4, 74.12, , 5.467, 0.986, 2703.001, 2703.001, 2.258, 131.539, 131.539, 131.539, 51.203, 62.76, 35.34, 35.72, 7.378, 13.012, 0, 0, 15.238, 15.451, 15.238, 15.451, 1, 44.056, 44.056, 0.024, 0.135, 35.478, 35.981, 35.478, 35.981, 4.791, 7.378, 13.012, , , 1, 41.361, 0, 0, 14.5, 2.258, 207.78, 0, 0, 0, 63, 7.804, 7.76, 125.6, 50.556, 100, 0, 0, 34.731, 34.731, 11, 1.05, 107, 0, 0, 117.11, 44.193, 0, 0, 0, 0, 0, 14, 0, 14.5, 0, 2.258, 207.78, 0, 0, 0, 63, 1, 0.008, 0.008, 125.6, 50.556, 100, 0, 0, 141, 34.731, 34.731, 11, 1.05, 0, 107, 0, 0, 117.11, 44.193, 0, 0, 0, 0, 
41.35, 17.67, 100.33, 73.4, 74.12, , 5.425, 0.986, 2706.2, 2706.2, 2.273, 130.542, 130.542, 130.542, 51.227, 63.609, 35.304, 35.936, 7.377, 13.016, 0, 0, 15.213, 15.426, 15.213, 15.426, 1, 44.325, 44.325, 0.024, 0.135, 35.191, 35.688, 35.191, 35.688, 4.786, 7.377, 13.016, , , 1, 41.411, 0, 0, 14.5, 2.273, 207.885, 0, 0, 0, 63, 7.773, 7.717, 125.6, 50.363, 100, 0, 0, 35.097, 35.097, 11, 1.05, 107, 0, 0, 117.058, 44.453, 0, 0, 0, 0, 0, 14, 0, 14.5, 0, 2.273, 207.885, 0, 0, 0, 63, 1, 0.008, 0.008, 125.6, 50.363, 100, 0, 0, 141, 35.097, 35.097, 11, 1.05, 0, 107, 0, 0, 117.058, 44.453, 0, 0, 0, 0, 
41.4, 17.67, 100.33, 73.4, 74.12, , 5.421, 0.986, 2709.442, 2709.442, 2.288, 130.461, 130.461, 130.461, 51.243, 64.458, 35.268, 36.152, 7.377, 13.012, 0, 0, 15.298, 15.512, 15.298, 15.512, 1, 44.592, 44.592, 0.024, 0.135, 35.161, 35.659, 35.161, 35.659, 4.778, 7.377, 13.012, , , 1, 41.461, 0, 0, 14.5, 2.288, 207.99, 0, 0, 0, 63, 7.743, 7.674, 125.6, 50.169, 100, 0, 0, 35.463, 35.463, 11, 1.05, 107, 0, 0, 117.005, 44.714, 0, 0, 0, 0, 0, 14, 0, 14.5, 0, 2.288, 207.99, 0, 0, 0, 63, 1, 0.008, 0.008, 125.6, 50.169, 100, 0, 0, 141, 35.463, 35.463, 11, 1.05, 0, 107, 0, 0, 117.005, 44.714, 0, 0, 0, 0, 
41.45, 17.67, 100.33, 73.4, 74.12, , 5.415, 0.986, 2712.685, 2712.685, 2.302, 130.322, 130.322, 130.322, 51.247, 65.307, 35.264, 36.312, 7.377, 13.008, 0, 0, 15.374, 15.589, 15.374, 15.589, 1, 44.859, 44.859, 0.024, 0.135, 35.119, 35.617, 35.119, 35.617, 4.771, 7.377, 13.008, , , 1, 41.511, 0, 0, 14.5, 2.302, 208, 0, 0, 0, 63, 7.71, 7.629, 125.6, 49.978, 100, 0, 0, 35.875, 35.875, 11.094, 1.05, 106.953, 0, 0, 116.859, 44.972, 0, 0, 0, 0, 0, 14, 0, 14.5, 0, 2.302, 208, 0, 0, 0, 63, 1, 0.008, 0.008, 125.6, 49.978, 100, 0, 0, 141, 35.875, 35.875, 11.094, 1.05, 0, 106.953, 0, 0, 116.859, 44.972, 0, 0, 0, 0, 
41.5, 17.67, 100.33, 73.4, 74.12, , 5.403, 0.986, 2715.933, 2715.933, 2.316, 130.035, 130.035, 130.035, 51.252, 66.156, 35.372, 36.276, 7.377, 13.018, 0, 0, 15.432, 15.647, 15.432, 15.647, 1, 45.125, 45.125, 0.024, 0.135, 35.039, 35.536, 35.039, 35.536, 4.763, 7.377, 13.018, , , 1, 41.561, 0, 0, 14.5, 2.316, 208, 0, 0, 0, 63, 7.677, 7.583, 125.6, 49.786, 100, 0, 0, 36.292, 36.292, 11.198, 1.05, 106.901, 0, 0, 116.703, 45.231, 0, 0, 0, 0, 0, 14, 0, 14.5, 0, 2.316, 208, 0, 0, 0, 63, 1, 0.008, 0.008, 125.6, 49.786, 100, 0, 0, 141, 36.292, 36.292, 11.198, 1.05, 0, 106.901, 0, 0, 116.703, 45.231, 0, 0, 0, 0, 
41.55, 17.67, 100.33, 73.4, 74.12, , 5.359, 0.986, 2719.221, 2719.221, 2.33, 129.005, 129.005, 129.005, 51.26, 67.005, 35.48, 36.24, 7.377, 13.03, 0, 0, 15.398, 15.615, 15.398, 15.615, 1, 45.39, 45.39, 0.024, 0.135, 34.756, 35.247, 34.756, 35.247, 4.757, 7.377, 13.03, , , 1, 41.611, 0, 0, 14.5, 2.33, 208, 0, 0, 0, 63, 7.643, 7.537, 125.6, 49.594, 100, 0, 0, 36.708, 36.708, 11.302, 1.05, 106.849, 0, 0, 116.547, 45.489, 0, 0, 0, 0, 0, 14, 0, 14.5, 0, 2.33, 208, 0, 0, 0, 63, 1, 0.008, 0.008, 125.6, 49.594, 100, 0, 0, 141, 36.708, 36.708, 11.302, 1.05, 0, 106.849, 0, 0, 116.547, 45.489, 0, 0, 0, 0, 
41.6, 17.67, 100.33, 73.4, 74.12, , 5.354, 0.986, 2722.51, 2722.51, 2.343, 128.894, 128.894, 128.894, 51.274, 67.855, 35.588, 36.204, 7.378, 13.052, 0, 0, 15.474, 15.694, 15.474, 15.694, 1, 45.654, 45.654, 0.024, 0.135, 34.716, 35.208, 34.716, 35.208, 4.758, 7.378, 13.052, , , 1, 41.661, 0, 0, 14.5, 2.343, 208, 0, 0, 0, 63, 7.61, 7.491, 125.6, 49.402, 100, 0, 0, 37.125, 37.125, 11.406, 1.05, 106.797, 0, 0, 116.391, 45.748, 0, 0, 0, 0, 0, 14, 0, 14.5, 0, 2.343, 208, 0, 0, 0, 63, 1, 0.008, 0.008, 125.6, 49.402, 100, 0, 0, 141, 37.125, 37.125, 11.406, 1.05, 0, 106.797, 0, 0, 116.391, 45.748, 0, 0, 0, 0, 
41.65, 17.67, 100.33, 73.4, 74.12, , 5.349, 0.986, 2725.81, 2725.81, 2.357, 128.779, 128.779, 128.779, 51.29, 68.704, 35.696, 36.168, 7.378, 13.076, 0, 0, 15.548, 15.77, 15.548, 15.77, 1, 45.92, 45.92, 0.024, 0.135, 34.675, 35.166, 34.675, 35.166, 4.759, 7.378, 13.076, , , 1, 41.711, 0, 0, 14.5, 2.357, 208, 0, 0, 0, 63, 7.577, 7.446, 125.6, 49.209, 100, 0, 0, 37.54, 37.54, 11.5, 1.05, 106.75, 0, 0, 116.239, 46.008, 0, 0, 0, 0, 0, 14, 0, 14.5, 0, 2.357, 208, 0, 0, 0, 63, 1, 0.007, 0.007, 125.6, 49.209, 100, 0, 0, 141, 37.54, 37.54, 11.5, 1.05, 0, 106.75, 0, 0, 116.239, 46.008, 0, 0, 0, 0, 
41.7, 17.67, 100.33, 73.396, 74.12, , 5.292, 0.986, 2729.146, 2729.146, 2.371, 127.42, 127.42, 127.42, 51.306, 69.553, 35.761, 36.125, 7.379, 13.102, 0, 0, 15.471, 15.693, 15.471, 15.693, 1, 46.184, 46.184, 0.024, 0.135, 34.298, 34.784, 34.298, 34.784, 4.76, 7.379, 13.102, , , 1, 41.761, 0, 0, 14.5, 2.371, 208, 0, 0, 0, 63, 7.552, 7.403, 125.6, 49, 100, 0, 0, 37.938, 37.938, 11.5, 1.05, 106.75, 0, 0, 116.125, 46.291, 0, 0, 0, 0, 0, 14, 0, 14.5, 0, 2.371, 208, 0, 0, 0, 63, 1, 0.007, 0.007, 125.6, 49, 100, 0, 0, 141, 37.938, 37.938, 11.5, 1.05, 0, 106.75, 0, 0, 116.125, 46.291, 0, 0, 0, 0, 
41.75, 17.67, 100.329, 73.391, 74.12, , 5.252, 0.986, 2732.482, 2732.482, 2.386, 126.479, 126.479, 126.479, 51.322, 70.402, 35.675, 36.056, 7.379, 13.129, 0, 0, 15.443, 15.665, 15.443, 15.665, 1, 46.444, 46.444, 0.024, 0.135, 34.036, 34.517, 34.036, 34.517, 4.761, 7.379, 13.129, , , 1, 41.811, 0, 0, 14.5, 2.386, 208, 0, 0, 0, 63, 7.527, 7.359, 125.6, 48.791, 100, 0, 0, 38.335, 38.335, 11.5, 1.05, 106.75, 0, 0, 116.011, 46.574, 0, 0, 0, 0, 0, 14, 0, 14.5, 0, 2.386, 208, 0, 0, 0, 63, 1, 0.007, 0.007, 125.6, 48.791, 100, 0, 0, 141, 38.335, 38.335, 11.5, 1.05, 0, 106.75, 0, 0, 116.011, 46.574, 0, 0, 0, 0, 
41.8, 17.67, 100.329, 73.386, 74.12, , 5.229, 0.986, 2735.863, 2735.863, 2.4, 125.947, 125.947, 125.947, 51.333, 71.251, 35.589, 35.987, 7.379, 13.151, 0, 0, 15.465, 15.687, 15.465, 15.687, 1, 46.703, 46.703, 0.024, 0.135, 33.887, 34.364, 33.887, 34.364, 4.773, 7.379, 13.151, , , 1, 41.861, 0, 0, 14.5, 2.4, 208, 0, 0, 0, 63, 7.502, 7.316, 125.6, 48.582, 100, 0, 0, 38.733, 38.733, 11.5, 1.05, 106.75, 0, 0, 115.898, 46.857, 0, 0, 0, 0, 0, 14, 0, 14.5, 0, 2.4, 208, 0, 0, 0, 63, 1, 0.007, 0.007, 125.6, 48.582, 100, 0, 0, 141, 38.733, 38.733, 11.5, 1.05, 0, 106.75, 0, 0, 115.898, 46.857, 0, 0, 0, 0, 
41.85, 17.67, 100.329, 73.381, 74.12, , 5.219, 0.986, 2739.292, 2739.292, 2.414, 125.707, 125.707, 125.707, 51.338, 72.1, 35.502, 35.918, 7.38, 13.173, 0, 0, 15.522, 15.744, 15.522, 15.744, 1, 46.961, 46.961, 0.024, 0.135, 33.817, 34.294, 33.817, 34.294, 4.786, 7.38, 13.173, , , 1, 41.911, 0, 0, 14.5, 2.414, 208, 0, 0, 0, 63, 7.478, 7.273, 125.6, 48.373, 100, 0, 0, 39.131, 39.131, 11.5, 1.05, 106.75, 0, 0, 115.784, 47.14, 0, 0, 0, 0, 0, 14, 0, 14.5, 0, 2.414, 208, 0, 0, 0, 63, 1, 0.007, 0.007, 125.6, 48.373, 100, 0, 0, 141, 39.131, 39.131, 11.5, 1.05, 0, 106.75, 0, 0, 115.784, 47.14, 0, 0, 0, 0, 
41.9, 17.67, 100.328, 73.376, 74.12, , 5.18, 0.986, 2742.677, 2742.677, 2.428, 124.776, 124.776, 124.776, 51.342, 72.95, 35.416, 35.849, 7.38, 13.19, 0, 0, 15.491, 15.712, 15.491, 15.712, 1, 47.217, 47.217, 0.024, 0.135, 33.566, 34.039, 33.566, 34.039, 4.799, 7.38, 13.19, , , 1, 41.961, 0, 0, 14.5, 2.428, 208, 0, 0, 0, 63, 7.464, 7.243, 125.6, 48.226, 100, 0, 0, 39.478, 39.478, 11.5, 1.052, 106.788, 0, 0, 115.636, 47.414, 0, 0, 0, 0, 0, 14, 0, 14.5, 0, 2.428, 208, 0, 0, 0, 63, 1, 0.007, 0.007, 125.6, 48.226, 100, 0, 0, 141, 39.478, 39.478, 11.5, 1.052, 0, 106.788, 0, 0, 115.636, 47.414, 0, 0, 0, 0, 
41.95, 17.67, 100.328, 73.372, 74.12, , 5.183, 0.986, 2746.097, 2746.097, 2.442, 124.852, 124.852, 124.852, 51.348, 73.799, 35.33, 35.78, 7.38, 13.207, 0, 0, 15.586, 15.806, 15.586, 15.806, 1, 47.473, 47.473, 0.024, 0.135, 33.582, 34.056, 33.582, 34.056, 4.811, 7.38, 13.207, , , 1, 42.011, 0, 0, 14.5, 2.442, 208, 0, 0, 0, 63, 7.455, 7.219, 125.6, 48.105, 100, 0, 0, 39.804, 39.804, 11.5, 1.054, 106.842, 0, 0, 115.473, 47.685, 0, 0, 0, 0, 0, 14, 0, 14.5, 0, 2.442, 208, 0, 0, 0, 63, 1, 0.007, 0.007, 125.6, 48.105, 100, 0, 0, 141, 39.804, 39.804, 11.5, 1.054, 0, 106.842, 0, 0, 115.473, 47.685, 0, 0, 0, 0, 
42, 17.67, 100.327, 73.367, 74.12, , 5.187, 0.986, 2749.55, 2749.55, 2.456, 124.963, 124.963, 124.963, 51.359, 74.648, 35.349, 35.705, 7.38, 13.216, 0, 0, 15.684, 15.904, 15.684, 15.904, 1, 47.732, 47.732, 0.024, 0.136, 33.606, 34.08, 33.606, 34.08, 4.82, 7.38, 13.216, , , 1, 42.061, 0, 0, 14.5, 2.456, 208, 0, 0, 0, 63, 7.447, 7.195, 125.6, 47.984, 100, 0, 0, 40.13, 40.13, 11.5, 1.056, 106.897, 0, 0, 115.31, 47.956, 0, 0, 0, 0, 0, 14, 0, 14.5, 0, 2.456, 208, 0, 0, 0, 63, 1, 0.007, 0.007, 125.6, 47.984, 100, 0, 0, 141, 40.13, 40.13, 11.5, 1.056, 0, 106.897, 0, 0, 115.31, 47.956, 0, 0, 0, 0, 
42.05, 17.67, 100.327, 73.362, 74.12, , 5.165, 0.986, 2753.035, 2753.035, 2.47, 124.444, 124.444, 124.444, 51.375, 75.497, 35.368, 35.63, 7.38, 13.223, 0, 0, 15.704, 15.924, 15.704, 15.924, 1, 47.986, 47.986, 0.024, 0.136, 33.456, 33.929, 33.456, 33.929, 4.827, 7.38, 13.223, , , 1, 42.11, 0, 0, 14.5, 2.47, 208, 0, 0, 0, 63, 7.438, 7.172, 125.6, 47.864, 100, 0, 0, 40.457, 40.457, 11.5, 1.058, 106.951, 0, 0, 115.147, 48.226, 0, 0, 0, 0, 0, 14, 0, 14.5, 0, 2.47, 208, 0, 0, 0, 63, 1, 0.007, 0.007, 125.6, 47.864, 100, 0, 0, 141, 40.457, 40.457, 11.5, 1.058, 0, 106.951, 0, 0, 115.147, 48.226, 0, 0, 0, 0, 
42.1, 17.67, 100.327, 73.357, 74.12, , 5.157, 0.986, 2756.52, 2756.52, 2.484, 124.269, 124.269, 124.269, 51.396, 76.346, 35.386, 35.555, 7.38, 13.23, 0, 0, 15.765, 15.985, 15.765, 15.985, 1, 48.24, 48.24, 0.024, 0.136, 33.395, 33.865, 33.395, 33.865, 4.834, 7.38, 13.23, , , 1, 42.16, 0, 0, 14.5, 2.484, 208, 0, 0, 0, 63, 7.428, 7.147, 125.6, 47.747, 100, 0, 0, 40.772, 40.777, 11.511, 1.06, 106.995, 0, 0, 114.978, 48.497, 0, 0, 0, 0, 0, 14, 0, 14.5, 0, 2.484, 208, 0, 0, 0, 63, 1, 0.007, 0.007, 125.6, 47.747, 100, 0, 0, 141, 40.772, 40.777, 11.511, 1.06, 0, 106.995, 0, 0, 114.978, 48.497, 0, 0, 0, 0, 
42.15, 17.67, 100.326, 73.352, 74.12, , 5.164, 0.986, 2760.041, 2760.041, 2.498, 124.424, 124.424, 124.424, 51.42, 77.195, 35.405, 35.48, 7.38, 13.236, 0, 0, 15.87, 16.091, 15.87, 16.091, 1, 48.498, 48.498, 0.024, 0.136, 33.421, 33.891, 33.421, 33.891, 4.84, 7.38, 13.236, , , 1, 42.21, 0, 0, 14.5, 2.498, 208, 0, 0, 0, 63, 7.405, 7.114, 125.6, 47.667, 100, 0, 0, 40.989, 41.049, 11.62, 1.062, 106.94, 0, 0, 114.761, 48.767, 0, 0, 0, 0, 0, 14, 0, 14.5, 0, 2.498, 208, 0, 0, 0, 63, 1, 0.007, 0.007, 125.6, 47.667, 100, 0, 0, 141, 40.989, 41.049, 11.62, 1.062, 0, 106.94, 0, 0, 114.761, 48.767, 0, 0, 0, 0, 
42.2, 17.67, 100.326, 73.347, 74.12, , 5.156, 0.986, 2763.578, 2763.578, 2.512, 124.251, 124.251, 124.251, 51.443, 78.045, 35.427, 35.42, 7.38, 13.239, 0, 0, 15.932, 16.155, 15.932, 16.155, 1, 48.755, 48.755, 0.024, 0.136, 33.359, 33.828, 33.359, 33.828, 4.836, 7.38, 13.239, , , 1, 42.261, 0, 0, 14.5, 2.512, 208, 0, 0, 0, 63, 7.382, 7.082, 125.6, 47.586, 100, 0, 0, 41.207, 41.321, 11.728, 1.065, 106.886, 0, 0, 114.543, 49.036, 0, 0, 0, 0, 0, 14, 0, 14.5, 0, 2.512, 208, 0, 0, 0, 63, 1, 0.007, 0.007, 125.6, 47.586, 100, 0, 0, 141, 41.207, 41.321, 11.728, 1.065, 0, 106.886, 0, 0, 114.543, 49.036, 0, 0, 0, 0, 
42.25, 17.67, 100.326, 73.342, 74.12, , 5.114, 0.986, 2767.116, 2767.116, 2.526, 123.26, 123.26, 123.26, 51.467, 78.894, 35.463, 35.42, 7.379, 13.24, 0, 0, 15.886, 16.111, 15.886, 16.111, 1, 49.009, 49.009, 0.024, 0.136, 33.077, 33.542, 33.077, 33.542, 4.819, 7.379, 13.24, , , 1, 42.311, 0, 0, 14.5, 2.526, 208, 0, 0, 0, 63, 7.359, 7.049, 125.6, 47.506, 100, 0, 0, 41.424, 41.592, 11.837, 1.067, 106.832, 0, 0, 114.326, 49.306, 0, 0, 0, 0, 0, 14, 0, 14.5, 0, 2.526, 208, 0, 0, 0, 63, 1, 0.007, 0.007, 125.6, 47.506, 100, 0, 0, 141, 41.424, 41.592, 11.837, 1.067, 0, 106.832, 0, 0, 114.326, 49.306, 0, 0, 0, 0, 
42.3, 17.67, 100.325, 73.337, 74.12, , 5.115, 0.986, 2770.654, 2770.654, 2.54, 123.272, 123.272, 123.272, 51.491, 79.743, 35.5, 35.42, 7.379, 13.252, 0, 0, 15.967, 16.194, 15.967, 16.194, 1, 49.261, 49.261, 0.024, 0.136, 33.064, 33.529, 33.064, 33.529, 4.801, 7.379, 13.252, , , 1, 42.361, 0, 0, 14.5, 2.54, 208, 0, 0, 0, 63, 7.336, 7.016, 125.6, 47.425, 100, 0, 0, 41.641, 41.864, 11.946, 1.069, 106.777, 0, 0, 114.109, 49.575, 0, 0, 0, 0, 0, 14, 0, 14.5, 0, 2.54, 208, 0, 0, 0, 63, 1, 0.007, 0.007, 125.6, 47.425, 100, 0, 0, 141, 41.641, 41.864, 11.946, 1.069, 0, 106.777, 0, 0, 114.109, 49.575, 0, 0, 0, 0, 
42.35, 17.67, 100.325, 73.332, 74.12, , 5.074, 0.986, 2774.231, 2774.231, 2.554, 122.318, 122.318, 122.318, 51.514, 80.592, 35.536, 35.42, 7.379, 13.269, 0, 0, 15.924, 16.151, 15.924, 16.151, 1, 49.515, 49.515, 0.024, 0.136, 32.794, 33.256, 32.794, 33.256, 4.784, 7.379, 13.269, , , 1, 42.411, 0, 0, 14.5, 2.554, 208, 0, 0, 0, 63, 7.313, 6.983, 125.6, 47.364, 100, 0, 0, 41.835, 42.142, 12, 1.07, 106.722, 0, 0, 113.886, 49.851, 0, 0, 0, 0, 0, 14, 0, 14.5, 0, 2.554, 208, 0, 0, 0, 63, 1, 0.007, 0.007, 125.6, 47.364, 100, 0, 0, 141, 41.835, 42.142, 12, 1.07, 0, 106.722, 0, 0, 113.886, 49.851, 0, 0, 0, 0, 
42.4, 17.67, 100.324, 73.327, 74.12, , 5.024, 0.986, 2777.847, 2777.847, 2.568, 121.13, 121.13, 121.13, 51.531, 81.441, 35.572, 35.42, 7.38, 13.284, 0, 0, 15.849, 16.076, 15.849, 16.076, 1, 49.765, 49.765, 0.024, 0.136, 32.464, 32.923, 32.464, 32.923, 4.77, 7.38, 13.284, , , 1, 42.461, 0, 0, 14.5, 2.568, 208, 0, 0, 0, 63, 7.289, 6.949, 125.6, 47.322, 100, 0, 0, 42.006, 42.426, 12, 1.07, 106.665, 0, 0, 113.659, 50.133, 0, 0, 0, 0, 0, 14, 0, 14.5, 0, 2.568, 208, 0, 0, 0, 63, 1, 0.007, 0.007, 125.6, 47.322, 100, 0, 0, 141, 42.006, 42.426, 12, 1.07, 0, 106.665, 0, 0, 113.659, 50.133, 0, 0, 0, 0, 
42.45, 17.67, 100.324, 73.322, 74.12, , 4.986, 0.986, 2781.487, 2781.487, 2.582, 120.228, 120.228, 120.228, 51.544, 82.29, 35.576, 35.428, 7.381, 13.298, 0, 0, 15.812, 16.037, 15.812, 16.037, 1, 50.013, 50.013, 0.024, 0.136, 32.212, 32.669, 32.212, 32.669, 4.763, 7.381, 13.298, , , 1, 42.511, 0, 0, 14.5, 2.582, 208, 0, 0, 0, 63, 7.265, 6.915, 125.6, 47.28, 100, 0, 0, 42.176, 42.71, 12, 1.07, 106.608, 0, 0, 113.432, 50.415, 0, 0, 0, 0, 0, 14, 0, 14.5, 0, 2.582, 208, 0, 0, 0, 63, 1, 0.007, 0.007, 125.6, 47.28, 100, 0, 0, 141, 42.176, 42.71, 12, 1.07, 0, 106.608, 0, 0, 113.432, 50.415, 0, 0, 0, 0, 
42.5, 17.67, 100.324, 73.317, 74.12, , 4.971, 0.986, 2785.079, 2785.079, 2.595, 119.892, 119.892, 119.892, 51.551, 83.14, 35.468, 35.464, 7.382, 13.315, 0, 0, 15.848, 16.07, 15.848, 16.07, 1, 50.261, 50.261, 0.024, 0.136, 32.116, 32.573, 32.116, 32.573, 4.755, 7.382, 13.315, , , 1, 42.561, 0, 0, 14.5, 2.595, 208, 0, 0, 0, 63, 7.241, 6.881, 125.6, 47.238, 100, 0, 0, 42.347, 42.994, 12, 1.07, 106.551, 0, 0, 113.205, 50.696, 0, 0, 0, 0, 0, 14, 0, 14.5, 0, 2.595, 208, 0, 0, 0, 63, 1, 0.007, 0.007, 125.6, 47.238, 100, 0, 0, 141, 42.347, 42.994, 12, 1.07, 0, 106.551, 0, 0, 113.205, 50.696, 0, 0, 0, 0, 
42.55, 17.67, 100.323, 73.312, 74.12, , 4.931, 0.986, 2788.767, 2788.767, 2.609, 118.94, 118.94, 118.94, 51.552, 83.989, 35.36, 35.5, 7.384, 13.333, 0, 0, 15.799, 16.02, 15.799, 16.02, 1, 50.506, 50.506, 0.024, 0.136, 31.861, 32.315, 31.861, 32.315, 4.748, 7.384, 13.333, , , 1, 42.611, 0, 0, 14.5, 2.609, 208, 0, 0, 0, 63, 7.219, 6.848, 125.6, 47.192, 100, 0, 0, 42.522, 43.277, 12, 1.07, 106.495, 0, 0, 112.978, 50.977, 0, 0, 0, 0, 0, 14, 0, 14.5, 0, 2.609, 208, 0, 0, 0, 63, 1, 0.007, 0.007, 125.6, 47.192, 100, 0, 0, 141, 42.522, 43.277, 12, 1.07, 0, 106.495, 0, 0, 112.978, 50.977, 0, 0, 0, 0, 
42.6, 17.67, 100.323, 73.307, 74.12, , 4.92, 0.986, 2792.44, 2792.44, 2.622, 118.68, 118.68, 118.68, 51.55, 84.838, 35.252, 35.536, 7.385, 13.341, 0, 0, 15.84, 16.06, 15.84, 16.06, 1, 50.748, 50.748, 0.024, 0.136, 31.791, 32.245, 31.791, 32.245, 4.741, 7.385, 13.341, , , 1, 42.661, 0, 0, 14.5, 2.622, 208, 0, 0, 0, 63, 7.209, 6.827, 125.6, 47.112, 100, 0, 0, 42.739, 43.549, 12, 1.07, 106.44, 0, 0, 112.761, 51.248, 0, 0, 0, 0, 0, 14, 0, 14.5, 0, 2.622, 208, 0, 0, 0, 63, 1, 0.007, 0.007, 125.6, 47.112, 100, 0, 0, 141, 42.739, 43.549, 12, 1.07, 0, 106.44, 0, 0, 112.761, 51.248, 0, 0, 0, 0, 
42.65, 17.67, 100.322, 73.302, 74.12, , 4.914, 0.986, 2796.106, 2796.106, 2.635, 118.562, 118.562, 118.562, 51.552, 85.687, 35.144, 35.572, 7.386, 13.345, 0, 0, 15.9, 16.12, 15.9, 16.12, 1, 50.992, 50.992, 0.024, 0.136, 31.759, 32.212, 31.759, 32.212, 4.744, 7.386, 13.345, , , 1, 42.711, 0, 0, 14.5, 2.635, 208, 0, 0, 0, 63, 7.199, 6.807, 125.6, 47.031, 100, 0, 0, 42.957, 43.821, 12, 1.07, 106.386, 0, 0, 112.543, 51.518, 0, 0, 0, 0, 0, 14, 0, 14.5, 0, 2.635, 208, 0, 0, 0, 63, 1, 0.007, 0.007, 125.6, 47.031, 100, 0, 0, 141, 42.957, 43.821, 12, 1.07, 0, 106.386, 0, 0, 112.543, 51.518, 0, 0, 0, 0, 
42.7, 17.67, 100.322, 73.297, 74.12, , 4.867, 0.986, 2799.815, 2799.815, 2.648, 117.453, 117.453, 117.453, 51.561, 86.536, 35.028, 35.632, 7.385, 13.344, 0, 0, 15.825, 16.045, 15.825, 16.045, 1, 51.233, 51.233, 0.024, 0.135, 31.459, 31.906, 31.459, 31.906, 4.747, 7.385, 13.344, , , 1, 42.761, 0, 0, 14.5, 2.648, 208, 0, 0, 0, 63, 7.19, 6.786, 125.6, 46.951, 100, 0, 0, 43.174, 44.092, 12, 1.07, 106.332, 0, 0, 112.326, 51.789, 0, 0, 0, 0, 0, 14, 0, 14.5, 0, 2.648, 208, 0, 0, 0, 63, 1, 0.007, 0.007, 125.6, 46.951, 100, 0, 0, 141, 43.174, 44.092, 12, 1.07, 0, 106.332, 0, 0, 112.326, 51.789, 0, 0, 0, 0, 
42.75, 17.67, 100.322, 73.292, 74.12, , 4.833, 0.986, 2803.581, 2803.581, 2.661, 116.636, 116.636, 116.636, 51.576, 87.385, 34.884, 35.776, 7.384, 13.341, 0, 0, 15.788, 16.008, 15.788, 16.008, 1, 51.473, 51.473, 0.024, 0.135, 31.233, 31.674, 31.233, 31.674, 4.75, 7.384, 13.341, , , 1, 42.811, 0, 0, 14.5, 2.661, 208, 0, 0, 0, 63, 7.18, 6.765, 125.6, 46.87, 100, 0, 0, 43.391, 44.364, 12, 1.07, 106.277, 0, 0, 112.109, 52.06, 0, 0, 0, 0, 0, 14, 0, 14.5, 0, 2.661, 208, 0, 0, 0, 63, 1, 0.007, 0.007, 125.6, 46.87, 100, 0, 0, 141, 43.391, 44.364, 12, 1.07, 0, 106.277, 0, 0, 112.109, 52.06, 0, 0, 0, 0, 
42.8, 17.67, 100.321, 73.287, 74.12, , 4.814, 0.986, 2807.347, 2807.347, 2.671, 116.189, 116.189, 116.189, 51.596, 88.235, 34.74, 35.92, 7.383, 13.333, 0, 0, 15.799, 16.019, 15.799, 16.019, 1, 51.713, 51.713, 0.024, 0.135, 31.1, 31.54, 31.1, 31.54, 4.754, 7.383, 13.333, , , 1, 42.861, 0, 0, 14.5, 2.671, 208, 0, 0, 0, 63, 7.173, 6.748, 125.6, 46.79, 100, 0, 0, 43.554, 44.554, 12, 1.07, 106.223, 0, 0, 111.946, 52.263, 0, 0, 0, 0, 0, 14, 0, 14.5, 0, 2.671, 208, 0, 0, 0, 63, 1, 0.007, 0.007, 125.6, 46.79, 100, 0, 0, 141, 43.554, 44.554, 12, 1.07, 0, 106.223, 0, 0, 111.946, 52.263, 0, 0, 0, 0, 
42.85, 17.67, 100.321, 73.282, 74.12, , 4.782, 0.986, 2811.113, 2811.113, 2.678, 115.443, 115.443, 115.443, 51.614, 89.084, 34.596, 36.064, 7.382, 13.321, 0, 0, 15.769, 15.99, 15.769, 15.99, 1, 51.951, 51.951, 0.024, 0.135, 30.891, 31.328, 30.891, 31.328, 4.762, 7.382, 13.321, , , 1, 42.911, 0, 0, 14.5, 2.678, 208, 0, 0, 0, 63, 7.17, 6.734, 125.6, 46.709, 100, 0, 0, 43.663, 44.663, 12, 1.07, 106.168, 0, 0, 111.837, 52.399, 0, 0, 0, 0, 0, 14, 0, 14.5, 0, 2.678, 208, 0, 0, 0, 63, 1, 0.007, 0.007, 125.6, 46.709, 100, 0, 0, 141, 43.663, 44.663, 12, 1.07, 0, 106.168, 0, 0, 111.837, 52.399, 0, 0, 0, 0, 
42.9, 17.67, 100.321, 73.277, 74.12, , 4.752, 0.986, 2814.879, 2814.879, 2.685, 114.742, 114.742, 114.742, 51.623, 89.933, 34.452, 36.208, 7.381, 13.313, 0, 0, 15.745, 15.968, 15.745, 15.968, 1, 52.185, 52.185, 0.024, 0.135, 30.698, 31.131, 30.698, 31.131, 4.772, 7.381, 13.313, , , 1, 42.961, 0, 0, 14.5, 2.685, 208, 0, 0, 0, 63, 7.167, 6.72, 125.6, 46.629, 100, 0, 0, 43.772, 44.772, 12, 1.07, 106.114, 0, 0, 111.728, 52.535, 0, 0, 0, 0, 0, 14, 0, 14.5, 0, 2.685, 208, 0, 0, 0, 63, 1, 0.007, 0.007, 125.6, 46.628, 100, 0, 0, 141, 43.772, 44.772, 12, 1.07, 0, 106.114, 0, 0, 111.728, 52.535, 0, 0, 0, 0, 
42.95, 17.67, 100.32, 73.272, 74.12, , 4.75, 0.986, 2818.65, 2818.65, 2.691, 114.683, 114.683, 114.683, 51.621, 90.782, 34.419, 36.272, 7.38, 13.307, 0, 0, 15.806, 16.031, 15.806, 16.031, 1, 52.421, 52.421, 0.024, 0.135, 30.681, 31.115, 30.681, 31.115, 4.782, 7.38, 13.307, , , 1, 43.01, 0, 0, 14.5, 2.691, 208, 0, 0, 0, 63, 7.164, 6.706, 125.6, 46.548, 100, 0, 0, 43.88, 44.88, 12, 1.07, 106.06, 0, 0, 111.62, 52.671, 0, 0, 0, 0, 0, 14, 0, 14.5, 0, 2.691, 208, 0, 0, 0, 63, 1, 0.007, 0.007, 125.6, 46.547, 100, 0, 0, 141, 43.88, 44.88, 12, 1.07, 0, 106.06, 0, 0, 111.62, 52.671, 0, 0, 0, 0, 
43, 17.67, 100.32, 73.273, 74.12, , 4.696, 0.986, 2822.478, 2822.478, 2.698, 113.408, 113.408, 113.408, 51.611, 87.401, 34.779, 36.056, 7.38, 13.299, 0, 0, 15.7, 15.923, 15.7, 15.923, 1, 52.657, 52.657, 0.024, 0.135, 30.345, 30.775, 30.345, 30.775, 4.791, 7.38, 13.299, , , 1, 43.061, 0, 0, 14.5, 2.698, 208, 0, 0, 0, 63, 7.16, 6.691, 125.6, 46.468, 100, 0, 0, 43.989, 44.989, 12, 1.07, 106.005, 0, 0, 111.511, 52.806, 0, 0, 0, 0, 0, 14, 0, 14.5, 0, 2.698, 208, 0, 0, 0, 63, 1, 0.007, 0.007, 125.6, 46.466, 100, 0, 0, 141, 43.989, 44.989, 12, 1.07, 0, 106.005, 0, 0, 111.511, 52.806, 0, 0, 0, 0, 
43.05, 17.67, 100.321, 73.278, 74.12, , 4.672, 0.986, 2827.952, 2827.952, 2.714, 112.845, 112.845, 112.845, 51.596, 83.651, 35.139, 35.84, 7.38, 13.291, 0, 0, 15.721, 15.943, 15.721, 15.943, 1, 52.92, 52.92, 0.024, 0.135, 30.206, 30.633, 30.206, 30.633, 4.8, 7.38, 13.291, , , 1, 43.111, 0, 0, 14.5, 2.714, 208, 0, 0, 0, 63, 7.141, 6.667, 125.6, 46.36, 100, 0, 0, 44.135, 45.18, 12, 1.07, 105.955, 0, 0, 111.365, 53.043, 0, 0, 0, 0, 0, 14, 0, 14.5, 0, 2.714, 208, 0, 0, 0, 63, 1, 0.007, 0.007, 125.6, 46.358, 100, 0, 0, 141, 44.135, 45.18, 12, 1.07, 0, 105.955, 0, 0, 111.365, 53.043, 0, 0, 0, 0, 
43.1, 17.67, 100.321, 73.282, 74.12, , 4.638, 0.986, 2832.51, 2832.51, 2.732, 112.053, 112.053, 112.053, 51.58, 79.902, 35.499, 35.624, 7.38, 13.281, 0, 0, 15.691, 15.912, 15.691, 15.912, 1, 53.259, 53.259, 0.024, 0.135, 30.001, 30.424, 30.001, 30.424, 4.808, 7.38, 13.281, , , 1, 43.161, 0, 0, 14.5, 2.732, 208, 0, 0, 0, 63, 7.12, 6.641, 125.6, 46.249, 100, 0, 0, 44.285, 45.38, 12, 1.07, 105.905, 0, 0, 111.215, 53.291, 0, 0, 0, 0, 0, 14, 0, 14.5, 0, 2.732, 208, 0, 0, 0, 63, 1, 0.007, 0.007, 125.6, 46.248, 100, 0, 0, 141, 44.285, 45.38, 12, 1.07, 0, 105.905, 0, 0, 111.215, 53.291, 0, 0, 0, 0, 
43.15, 17.67, 100.321, 73.287, 74.12, , 4.601, 0.986, 2836.401, 2836.401, 2.749, 111.177, 111.177, 111.177, 51.58, 76.153, 35.859, 35.408, 7.38, 13.27, 0, 0, 15.637, 15.856, 15.637, 15.856, 1, 53.489, 53.489, 0.024, 0.135, 29.767, 30.187, 29.767, 30.187, 4.816, 7.38, 13.27, , , 1, 43.211, 0, 0, 14.5, 2.749, 208, 0, 0, 0, 63, 7.099, 6.615, 125.6, 46.138, 100, 0, 0, 44.435, 45.58, 12, 1.07, 105.855, 0, 0, 111.065, 53.539, 0, 0, 0, 0, 0, 14, 0, 14.5, 0, 2.749, 208, 0, 0, 0, 63, 1, 0.007, 0.007, 125.6, 46.137, 100, 0, 0, 141, 44.435, 45.58, 12, 1.07, 0, 105.855, 0, 0, 111.065, 53.539, 0, 0, 0, 0, 
43.2, 17.67, 100.322, 73.292, 74.12, , 4.575, 0.986, 2840.292, 2840.292, 2.766, 110.558, 110.558, 110.558, 51.588, 72.404, 36.124, 35.2, 7.38, 13.25, 0, 0, 15.617, 15.835, 15.617, 15.835, 1, 53.716, 53.716, 0.024, 0.135, 29.598, 30.014, 29.598, 30.014, 4.825, 7.38, 13.25, , , 1, 43.261, 0, 0, 14.5, 2.766, 208, 0, 0, 0, 63, 7.078, 6.589, 125.6, 46.027, 100, 0, 0, 44.585, 45.78, 12, 1.07, 105.805, 0, 0, 110.915, 53.787, 0, 0, 0, 0, 0, 14, 0, 14.5, 0, 2.766, 208, 0, 0, 0, 63, 1, 0.007, 0.007, 125.6, 46.027, 100, 0, 0, 141, 44.585, 45.78, 12, 1.07, 0, 105.805, 0, 0, 110.915, 53.787, 0, 0, 0, 0, 
43.25, 17.67, 100.322, 73.297, 74.12, , 4.563, 0.986, 2844.184, 2844.184, 2.783, 110.284, 110.284, 110.284, 51.601, 68.655, 36.052, 35.02, 7.379, 13.224, 0, 0, 15.642, 15.862, 15.642, 15.862, 1, 53.942, 53.942, 0.024, 0.136, 29.518, 29.932, 29.518, 29.932, 4.838, 7.379, 13.224, , , 1, 43.31, 0, 0, 14.5, 2.783, 208, 0, 0, 0, 63, 7.057, 6.563, 125.6, 45.916, 100, 0, 0, 44.735, 45.98, 12, 1.07, 105.755, 0, 0, 110.765, 54.035, 0, 0, 0, 0, 0, 14, 0, 14.5, 0, 2.783, 208, 0, 0, 0, 63, 1, 0.007, 0.007, 125.6, 45.916, 100, 0, 0, 141, 44.735, 45.98, 12, 1.07, 0, 105.755, 0, 0, 110.765, 54.035, 0, 0, 0, 0, 
43.3, 17.67, 100.322, 73.302, 74.12, , 4.526, 0.986, 2848.076, 2848.076, 2.791, 109.423, 109.423, 109.423, 51.613, 64.905, 35.98, 34.84, 7.379, 13.193, 0, 0, 15.584, 15.804, 15.584, 15.804, 1, 54.167, 54.167, 0.024, 0.136, 29.279, 29.69, 29.279, 29.69, 4.858, 7.379, 13.193, , , 1, 43.36, 0, 0, 14.5, 2.791, 208, 0, 0, 0, 63, 7.047, 6.564, 125.6, 45.87, 100, 0, 0, 44.797, 46, 12, 1.07, 105.703, 0, 0, 110.703, 54.176, 0, 0, 0, 0, 0, 14, 0, 14.5, 0, 2.791, 208, 0, 0, 0, 63, 1, 0.007, 0.007, 125.6, 45.87, 100, 0, 0, 141, 44.797, 46, 12, 1.07, 0, 105.703, 0, 0, 110.703, 54.176, 0, 0, 0, 0, 
43.35, 17.67, 100.323, 73.307, 74.12, , 4.495, 0.986, 2852.023, 2852.023, 2.797, 108.671, 108.671, 108.671, 51.623, 61.156, 35.908, 34.66, 7.379, 13.158, 0, 0, 15.54, 15.76, 15.54, 15.76, 1, 54.392, 54.392, 0.024, 0.136, 29.073, 29.481, 29.073, 29.481, 4.879, 7.379, 13.158, , , 1, 43.411, 0, 0, 14.5, 2.797, 208, 0, 0, 0, 63, 7.037, 6.568, 125.6, 45.832, 100, 0, 0, 44.849, 46, 12, 1.07, 105.651, 0, 0, 110.651, 54.305, 0, 0, 0, 0, 0, 14, 0, 14.5, 0, 2.797, 208, 0, 0, 0, 63, 1, 0.007, 0.007, 125.6, 45.832, 100, 0, 0, 141, 44.849, 46, 12, 1.07, 0, 105.651, 0, 0, 110.651, 54.305, 0, 0, 0, 0, 
43.4, 17.67, 100.323, 73.312, 74.12, , 4.46, 0.986, 2855.981, 2855.981, 2.804, 107.863, 107.863, 107.863, 51.628, 57.407, 35.836, 34.48, 7.379, 13.123, 0, 0, 15.487, 15.706, 15.487, 15.706, 1, 54.615, 54.615, 0.024, 0.136, 28.854, 29.26, 28.854, 29.26, 4.9, 7.379, 13.123, , , 1, 43.461, 0, 0, 14.5, 2.804, 208, 0, 0, 0, 63, 7.028, 6.572, 125.6, 45.793, 100, 0, 0, 44.901, 46, 12, 1.07, 105.599, 0, 0, 110.599, 54.435, 0, 0, 0, 0, 0, 14, 0, 14.5, 0, 2.804, 208, 0, 0, 0, 63, 1, 0.007, 0.007, 125.6, 45.793, 100, 0, 0, 141, 44.901, 46, 12, 1.07, 0, 105.599, 0, 0, 110.599, 54.435, 0, 0, 0, 0, 
43.45, 17.669, 100.324, 73.317, 74.122, , 4.423, 0.986, 2859.972, 2859.972, 2.81, 106.974, 106.974, 106.974, 51.626, 53.658, 35.709, 34.38, 7.379, 13.088, 0, 0, 15.421, 15.638, 15.421, 15.638, 1, 54.834, 54.834, 0.024, 0.136, 28.618, 29.02, 28.618, 29.02, 4.921, 7.379, 13.088, , , 1, 43.511, 0, 0, 14.5, 2.81, 208, 0, 0, 0, 63, 7.018, 6.576, 125.6, 45.755, 100, 0, 0, 44.953, 46, 12, 1.07, 105.547, 0, 0, 110.547, 54.564, 0, 0, 0, 0, 0, 14, 0, 14.5, 0, 2.81, 208, 0, 0, 0, 63, 1, 0.007, 0.007, 125.6, 45.755, 100, 0, 0, 141, 44.953, 46, 12, 1.07, 0, 105.547, 0, 0, 110.547, 54.564, 0, 0, 0, 0, 
43.5, 17.668, 100.324, 73.322, 74.123, , 4.385, 0.986, 2863.976, 2863.976, 2.817, 106.084, 106.084, 106.084, 51.618, 49.908, 35.385, 34.56, 7.379, 13.059, 0, 0, 15.354, 15.57, 15.354, 15.57, 1, 55.05, 55.05, 0.024, 0.136, 28.383, 28.782, 28.383, 28.782, 4.946, 7.379, 13.059, , , 1, 43.56, 0, 0, 14.5, 2.817, 208, 0, 0, 0, 63, 7.01, 6.578, 125.6, 45.713, 100, 0, 0, 45, 46, 12, 1.07, 105.5, 0, 0, 110.5, 54.704, 0, 0, 0, 0, 0, 14, 0, 14.5, 0, 2.817, 208, 0, 0, 0, 63, 1, 0.007, 0.007, 125.6, 45.713, 100, 0, 0, 141, 45, 46, 12, 1.07, 0, 105.5, 0, 0, 110.5, 54.704, 0, 0, 0, 0, 
43.55, 17.668, 100.324, 73.327, 74.125, , 4.35, 0.986, 2867.943, 2867.943, 2.828, 105.253, 105.253, 105.253, 51.611, 46.159, 35.061, 34.74, 7.38, 13.038, 0, 0, 15.293, 15.507, 15.293, 15.507, 1, 55.265, 55.265, 0.024, 0.135, 28.164, 28.561, 28.164, 28.561, 4.971, 7.38, 13.038, , , 1, 43.611, 0, 0, 14.5, 2.828, 208, 0, 0, 0, 63, 7.01, 6.555, 125.6, 45.642, 100, 0, 0, 45, 46, 12, 1.07, 105.5, 0, 0, 110.5, 54.942, 0, 0, 0, 0, 0, 14, 0, 14.5, 0, 2.828, 208, 0, 0, 0, 63, 1, 0.007, 0.007, 125.6, 45.641, 100, 0, 0, 141, 45, 46, 12, 1.07, 0, 105.5, 0, 0, 110.5, 54.942, 0, 0, 0, 0, 
43.6, 17.667, 100.325, 73.332, 74.126, , 4.306, 0.986, 2871.97, 2871.97, 2.838, 104.23, 104.23, 104.23, 51.61, 42.41, 34.737, 34.92, 7.38, 13.023, 0, 0, 15.204, 15.418, 15.204, 15.418, 1, 55.479, 55.479, 0.024, 0.135, 27.891, 28.286, 27.891, 28.286, 4.996, 7.38, 13.023, , , 1, 43.661, 0, 0, 14.5, 2.838, 208, 0, 0, 0, 63, 7.01, 6.532, 125.6, 45.571, 100, 0, 0, 45, 46, 12, 1.07, 105.5, 0, 0, 110.5, 55.181, 0, 0, 0, 0, 0, 14, 0, 14.5, 0, 2.838, 208, 0, 0, 0, 63, 1, 0.007, 0.007, 125.6, 45.57, 100, 0, 0, 141, 45, 46, 12, 1.07, 0, 105.5, 0, 0, 110.5, 55.181, 0, 0, 0, 0, 
43.65, 17.666, 100.325, 73.337, 74.128, , 4.286, 0.986, 2875.996, 2875.996, 2.849, 103.744, 103.744, 103.744, 51.617, 55.019, 34.413, 35.1, 7.38, 13.016, 0, 0, 15.192, 15.406, 15.192, 15.406, 1, 55.692, 55.692, 0.024, 0.135, 27.758, 28.15, 27.758, 28.15, 5.021, 7.38, 13.016, , , 1, 43.71, 0, 0, 14.5, 2.849, 208, 0, 0, 0, 63, 7.01, 6.508, 125.6, 45.499, 100, 0, 0, 45, 46, 12, 1.07, 105.5, 0, 0, 110.5, 55.419, 0, 0, 0, 0, 0, 14, 0, 14.5, 0, 2.849, 208, 0, 0, 0, 63, 1, 0.007, 0.006, 125.6, 45.499, 100, 0, 0, 141, 45, 46, 12, 1.07, 0, 105.5, 0, 0, 110.5, 55.419, 0, 0, 0, 0, 
43.7, 17.665, 100.326, 73.342, 74.129, , 4.259, 0.986, 2880.079, 2880.079, 2.859, 103.113, 103.113, 103.113, 51.631, 65.272, 34.247, 35.43, 7.38, 13.01, 0, 0, 15.157, 15.369, 15.157, 15.369, 1, 55.904, 55.904, 0.024, 0.135, 27.582, 27.971, 27.582, 27.971, 5.034, 7.38, 13.01, , , 1, 43.761, 0, 0, 14.5, 2.859, 208, 0, 0, 0, 63, 7.01, 6.485, 125.6, 45.428, 100, 0, 0, 45, 46, 12, 1.07, 105.5, 0, 0, 110.5, 55.658, 0, 0, 0, 0, 0, 14, 0, 14.5, 0, 2.859, 208, 0, 0, 0, 63, 1, 0.007, 0.006, 125.6, 45.427, 100, 0, 0, 141, 45, 46, 12, 1.07, 0, 105.5, 0, 0, 110.5, 55.658, 0, 0, 0, 0, 
43.75, 17.665, 100.326, 73.347, 74.131, , 4.221, 0.986, 2884.175, 2884.175, 2.87, 102.219, 102.219, 102.219, 51.653, 65.777, 34.643, 36.294, 7.38, 13.004, 0, 0, 15.082, 15.294, 15.082, 15.294, 1, 56.113, 56.113, 0.024, 0.135, 27.33, 27.717, 27.33, 27.717, 5.047, 7.38, 13.004, , , 1, 43.811, 0, 0, 14.5, 2.87, 208, 0, 0, 0, 63, 7.01, 6.462, 125.6, 45.357, 100, 0, 0, 45, 46, 12, 1.07, 105.5, 0, 0, 110.5, 55.896, 0, 0, 0, 0, 0, 14, 0, 14.5, 0, 2.87, 208, 0, 0, 0, 63, 1, 0.007, 0.006, 125.6, 45.356, 100, 0, 0, 141, 45, 46, 12, 1.07, 0, 105.5, 0, 0, 110.5, 55.896, 0, 0, 0, 0, 
43.8, 17.664, 100.326, 73.352, 74.132, , 4.137, 0.986, 2888.272, 2888.272, 2.887, 100.22, 100.22, 100.22, 51.679, 66.283, 35.039, 37.158, 7.38, 12.993, 0, 0, 14.839, 15.049, 14.839, 15.049, 1, 56.322, 56.322, 0.024, 0.135, 26.781, 27.162, 26.781, 27.162, 5.06, 7.38, 12.993, , , 1, 43.86, 0, 0, 14.5, 2.887, 208, 0, 0, 0, 63, 6.982, 6.467, 125.762, 45.284, 100, 0, 0, 45.09, 46, 12, 1.072, 105.455, 0, 0, 110.455, 56.201, 0, 0, 0, 0, 0, 14.009, 0, 14.5, 0, 2.887, 208, 0, 0, 0, 63, 1, 0.007, 0.006, 125.762, 45.283, 100, 0, 0, 141, 45.09, 46, 12, 1.072, 0, 105.455, 0, 0, 110.455, 56.201, 0, 0, 0, 0, 
43.85, 17.663, 100.327, 73.357, 74.134, , 3.93, 0.986, 2892.368, 2892.368, 2.905, 95.327, 95.327, 95.327, 51.709, 66.789, 35.435, 38.022, 7.38, 12.973, 0, 0, 14.159, 14.36, 14.159, 14.36, 1, 56.524, 56.524, 0.024, 0.135, 25.46, 25.822, 25.46, 25.822, 5.073, 7.38, 12.973, , , 1, 43.911, 0, 0, 14.5, 2.905, 208, 0, 0, 0, 63, 6.951, 6.475, 125.942, 45.211, 100, 0, 0, 45.19, 46, 12, 1.074, 105.405, 0, 0, 110.405, 56.513, 0, 0, 0, 0, 0, 14.019, 0, 14.5, 0, 2.905, 208, 0, 0, 0, 63, 1, 0.007, 0.006, 125.942, 45.21, 100, 0, 0, 141, 45.19, 46, 12, 1.074, 0, 105.405, 0, 0, 110.405, 56.513, 0, 0, 0, 0, 
43.9, 17.662, 100.327, 73.362, 74.135, , 3.541, 0.986, 2896.465, 2896.465, 2.923, 86.102, 86.102, 86.102, 51.747, 67.295, 35.831, 38.886, 7.38, 12.947, 0, 0, 12.825, 13.007, 12.825, 13.007, 1, 56.71, 56.71, 0.024, 0.136, 22.983, 23.311, 22.983, 23.311, 5.094, 7.38, 12.947, , , 1, 43.961, 0, 0, 14.5, 2.923, 208, 0, 0, 0, 63, 6.92, 6.483, 126.122, 45.138, 100, 0, 0, 45.29, 46, 12, 1.076, 105.355, 0, 0, 110.355, 56.825, 0, 0, 0, 0, 0, 14.029, 0, 14.5, 0, 2.923, 208, 0, 0, 0, 63, 1, 0.007, 0.006, 126.122, 45.138, 100, 0, 0, 141, 45.29, 46, 12, 1.076, 0, 105.355, 0, 0, 110.355, 56.825, 0, 0, 0, 0, 
43.95, 17.662, 100.327, 73.367, 74.137, , 2.995, 0.986, 2900.569, 2900.569, 2.941, 73.142, 73.142, 73.142, 51.802, 67.8, 36.124, 39.387, 7.379, 12.915, 0, 0, 10.923, 11.078, 10.923, 11.078, 1, 56.872, 56.872, 0.024, 0.136, 19.512, 19.79, 19.512, 19.79, 5.12, 7.379, 12.915, , , 1, 44.011, 0, 0, 14.5, 2.941, 208, 0, 0, 0, 63, 6.889, 6.491, 126.302, 45.065, 100, 0, 0, 45.39, 46, 12, 1.078, 105.305, 0, 0, 110.305, 57.137, 0, 0, 0, 0, 0, 14.039, 0, 14.5, 0, 2.941, 208, 0, 0, 0, 63, 1, 0.007, 0.006, 126.302, 45.065, 100, 0, 0, 141, 45.39, 46, 12, 1.078, 0, 105.305, 0, 0, 110.305, 57.137, 0, 0, 0, 0, 
44, 17.661, 100.328, 73.372, 74.138, , 2.404, 0.986, 2904.739, 2904.739, 2.959, 59.13, 59.13, 59.13, 51.877, 68.306, 36.053, 38.601, 7.379, 12.881, 0, 0, 8.85, 8.976, 8.85, 8.976, 1, 57.007, 57.007, 0.024, 0.136, 15.76, 15.986, 15.76, 15.986, 5.146, 7.379, 12.881, , , 1, 44.061, 0, 0, 14.5, 2.959, 208, 0, 0, 0, 63, 6.858, 6.499, 126.482, 44.992, 100, 0, 0, 45.49, 46, 12, 1.08, 105.255, 0, 0, 110.255, 57.449, 0, 0, 0, 0, 0, 14.049, 0, 14.5, 0, 2.959, 208, 0, 0, 0, 63, 1, 0.007, 0.006, 126.482, 44.992, 100, 0, 0, 141, 45.49, 46, 12, 1.08, 0, 105.255, 0, 0, 110.255, 57.449, 0, 0, 0, 0, 
44.05, 17.66, 100.328, 73.377, 74.14, , 1.753, 0.986, 2908.909, 2908.909, 2.965, 43.68, 43.68, 43.68, 51.961, 68.812, 35.981, 37.816, 7.378, 12.846, 0, 0, 6.55, 6.644, 6.55, 6.644, 1, 57.111, 57.111, 0.024, 0.136, 11.631, 11.798, 11.631, 11.798, 5.172, 7.378, 12.846, , , 1, 44.111, 0, 0, 14.5, 2.965, 208, 0, 0, 0, 63, 6.852, 6.504, 126.669, 44.917, 100, 0, 0, 45.5, 46, 12, 1.078, 105.297, 0, 0, 110.297, 57.538, 0, 0, 0, 0, 0, 14.059, 0, 14.5, 0, 2.965, 208, 0, 0, 0, 63, 1, 0.007, 0.007, 126.669, 44.916, 100, 0, 0, 141, 45.5, 46, 12, 1.078, 0, 105.297, 0, 0, 110.297, 57.538, 0, 0, 0, 0, 
44.1, 17.659, 100.329, 73.382, 74.141, , 1.072, 0.986, 2913.079, 2913.079, 2.971, 27.524, 27.524, 27.524, 52.047, 69.317, 35.91, 37.03, 7.378, 12.813, 0, 0, 4.134, 4.192, 4.134, 4.192, 1, 57.182, 57.182, 0.024, 0.136, 7.322, 7.429, 7.322, 7.429, 5.193, 7.378, 12.813, , , 1, 44.161, 0, 0, 14.5, 2.971, 208, 0, 0, 0, 63, 6.849, 6.508, 126.856, 44.841, 100, 0, 0, 45.5, 46, 12, 1.076, 105.349, 0, 0, 110.349, 57.603, 0, 0, 0, 0, 0, 14.07, 0, 14.5, 0, 2.971, 208, 0, 0, 0, 63, 1, 0.007, 0.007, 126.856, 44.84, 100, 0, 0, 141, 45.5, 46, 12, 1.076, 0, 105.349, 0, 0, 110.349, 57.603, 0, 0, 0, 0, 
44.15, 17.659, 100.329, 73.387, 74.143, , 0.468, 0.986, 2917.248, 2917.248, 2.977, 13.202, 13.202, 13.202, 52.136, 69.823, 35.839, 36.244, 7.377, 12.785, 0, 0, 1.985, 2.012, 1.985, 2.012, 1, 57.22, 57.22, 0.024, 0.137, 3.512, 3.565, 3.512, 3.565, 5.21, 7.377, 12.785, , , 1, 44.211, 0, 0, 14.5, 2.977, 208, 0, 0, 0, 63, 6.846, 6.512, 127.044, 44.764, 100, 0, 0, 45.5, 46, 12, 1.074, 105.401, 0, 0, 110.401, 57.667, 0, 0, 0, 0, 0, 14.08, 0, 14.5, 0, 2.977, 208, 0, 0, 0, 63, 1, 0.007, 0.007, 127.044, 44.764, 100, 0, 0, 141, 45.5, 46, 12, 1.074, 0, 105.401, 0, 0, 110.401, 57.667, 0, 0, 0, 0, 
44.2, 17.658, 100.329, 73.391, 74.144, , -0.04, 0.986, 2921.417, 2921.417, 2.982, 1.165, 1.165, 1.165, 52.225, 70.329, 35.708, 35.62, 7.377, 12.758, 0, 0, 0.177, 0.177, 0.177, 0.177, 1, 57.231, 57.231, 0.024, 0.137, 0.32, 0.328, 0.32, 0.328, 5.226, 7.377, 12.758, , , 1, 44.261, 0, 0, 14.5, 2.982, 208, 0, 0, 0, 63, 6.843, 6.516, 127.231, 44.688, 100, 0, 0, 45.5, 46, 12, 1.072, 105.453, 0, 0, 110.453, 57.732, 0, 0, 0, 0, 0, 14.091, 0, 14.5, 0, 2.982, 208, 0, 0, 0, 63, 1, 0.007, 0.007, 127.231, 44.687, 100, 0, 0, 141, 45.5, 46, 12, 1.072, 0, 105.453, 0, 0, 110.453, 57.732, 0, 0, 0, 0, 
44.25, 17.657, 100.33, 73.396, 74.146, , -0.515, 0.986, 2925.627, 2925.627, 2.987, -10.115, -10.115, -10.115, 52.31, 70.835, 35.309, 35.728, 7.377, 12.734, 0, 0, -1.518, -1.543, -1.518, -1.543, 1, 57.218, 57.218, 0.024, 0.137, -2.659, -2.694, -2.659, -2.694, 5.243, 7.377, 12.734, , , 1, 44.311, 0, 0, 14.5, 2.987, 208, 0, 0, 0, 63.02, 6.841, 6.52, 127.4, 44.627, 100, 0, 0, 45.5, 46, 12, 1.07, 105.49, 0, 0, 110.5, 57.79, 0, 0, 0, 0, 0, 14.098, 0, 14.5, 0, 2.987, 208, 0, 0, 0, 63.02, 1, 0.007, 0.007, 127.4, 44.629, 100, 0, 0, 141, 45.5, 46, 12, 1.07, 0, 105.49, 0, 0, 110.5, 57.79, 0, 0, 0, 0, 
44.3, 17.656, 100.33, 73.4, 74.148, , -0.978, 0.986, 2929.841, 2929.841, 2.99, -21.095, -21.095, -21.095, 52.375, 71.34, 34.91, 35.837, 7.377, 12.709, 0, 0, -3.166, -3.214, -3.166, -3.214, 1, 57.18, 57.18, 0.024, 0.137, -5.552, -5.628, -5.552, -5.628, 5.254, 7.377, 12.709, , , 1, 44.361, 0, 0, 14.5, 2.99, 208, 0, 0, 0, 63.22, 6.853, 6.52, 127.4, 44.701, 100, 0, 0, 45.5, 46, 12, 1.07, 105.39, 0, 0, 110.5, 57.79, 0, 0, 0, 0, 0, 14.078, 0, 14.5, 0, 2.99, 208, 0, 0, 0, 63.22, 1, 0.007, 0.007, 127.4, 44.703, 100, 0, 0, 141, 45.5, 46, 12, 1.07, 0, 105.39, 0, 0, 110.5, 57.79, 0, 0, 0, 0, 
44.35, 17.655, 100.33, 73.4, 74.149, , -1.384, 0.986, 2934.01, 2934.01, 2.992, -30.738, -30.738, -30.738, 52.438, 71.846, 34.511, 35.946, 7.377, 12.685, 0, 0, -4.611, -4.679, -4.611, -4.679, 1, 57.119, 57.119, 0.024, 0.136, -8.088, -8.201, -8.088, -8.201, 5.253, 7.377, 12.685, , , 1, 44.411, 0, 0, 14.5, 2.992, 208, 0, 0, 0, 63.42, 6.865, 6.52, 127.4, 44.775, 100, 0, 0, 45.5, 46, 12, 1.07, 105.29, 0, 0, 110.5, 57.79, 0, 0, 0, 0, 0, 14.058, 0, 14.5, 0, 2.992, 208, 0, 0, 0, 63.42, 1, 0.007, 0.007, 127.4, 44.777, 100, 0, 0, 141, 45.5, 46, 12, 1.07, 0, 105.29, 0, 0, 110.5, 57.79, 0, 0, 0, 0, 
44.4, 17.655, 100.33, 73.4, 74.151, , -1.715, 0.986, 2938.193, 2938.193, 2.995, -38.592, -38.592, -38.592, 52.494, 72.352, 34.111, 36.055, 7.377, 12.661, 0, 0, -5.782, -5.867, -5.782, -5.867, 1, 57.04, 57.04, 0.024, 0.136, -10.148, -10.291, -10.148, -10.291, 5.252, 7.377, 12.661, , , 1, 44.461, 0, 0, 14.5, 2.995, 208, 0, 0, 0, 63.62, 6.877, 6.52, 127.4, 44.849, 100, 0, 0, 45.5, 46, 12, 1.07, 105.19, 0, 0, 110.5, 57.79, 0, 0, 0, 0, 0, 14.038, 0, 14.5, 0, 2.995, 208, 0, 0, 0, 63.62, 1, 0.007, 0.007, 127.4, 44.851, 100, 0, 0, 141, 45.5, 46, 12, 1.07, 0, 105.19, 0, 0, 110.5, 57.79, 0, 0, 0, 0, 
44.45, 17.654, 100.33, 73.4, 74.152, , -2.006, 0.986, 2942.432, 2942.432, 2.998, -45.498, -45.498, -45.498, 52.541, 72.858, 33.824, 36.116, 7.378, 12.639, 0, 0, -6.807, -6.906, -6.807, -6.906, 1, 56.947, 56.947, 0.024, 0.136, -11.955, -12.125, -11.955, -12.125, 5.251, 7.378, 12.639, , , 1, 44.51, 0, 0, 14.5, 2.998, 208, 0, 0, 0, 63.82, 6.889, 6.52, 127.4, 44.923, 100, 0, 0, 45.5, 46, 12, 1.07, 105.09, 0, 0, 110.5, 57.79, 0, 0, 0, 0, 0, 14.018, 0, 14.5, 0, 2.998, 208, 0, 0, 0, 63.82, 1, 0.007, 0.007, 127.4, 44.925, 100, 0, 0, 141, 45.5, 46, 12, 1.07, 0, 105.09, 0, 0, 110.5, 57.79, 0, 0, 0, 0, 
44.5, 17.653, 100.33, 73.4, 74.154, , -2.267, 0.986, 2946.602, 2946.602, 3, -51.677, -51.677, -51.677, 52.578, 73.363, 33.932, 36.008, 7.378, 12.621, 0, 0, -7.718, -7.829, -7.718, -7.829, 1, 56.841, 56.841, 0.024, 0.136, -13.569, -13.762, -13.569, -13.762, 5.25, 7.378, 12.621, , , 1, 44.56, 0, 0, 14.5, 3, 208, 0, 0, 0, 64, 6.9, 6.519, 127.4, 44.983, 100, 0, 0, 45.5, 46, 12, 1.07, 105.01, 0, 0, 110.5, 57.778, 0, 0, 0, 0, 0, 14, 0, 14.5, 0, 3, 208, 0, 0, 0, 64, 1, 0.007, 0.007, 127.4, 44.981, 100, 0, 0, 141, 45.5, 46, 12, 1.07, 0, 105.01, 0, 0, 110.5, 57.778, 0, 0, 0, 0, 
44.55, 17.652, 100.33, 73.4, 74.155, , -2.522, 0.986, 2950.772, 2950.772, 2.995, -57.744, -57.744, -57.744, 52.607, 73.869, 34.04, 35.9, 7.379, 12.613, 0, 0, -8.604, -8.728, -8.604, -8.728, 1, 56.721, 56.721, 0.024, 0.136, -15.155, -15.369, -15.155, -15.369, 5.255, 7.379, 12.613, , , 1, 44.611, 0, 0, 14.5, 2.995, 208, 0, 0, 0, 64, 6.9, 6.507, 127.4, 44.911, 100, 0, 0, 45.5, 46, 12, 1.074, 105.106, 0, 0, 110.5, 57.659, 0, 0, 0, 0, 0, 14, 0, 14.5, 0, 2.995, 208, 0, 0, 0, 64, 1, 0.007, 0.007, 127.4, 44.91, 100, 0, 0, 141, 45.5, 46, 12, 1.074, 0, 105.106, 0, 0, 110.5, 57.659, 0, 0, 0, 0, 
44.6, 17.652, 100.33, 73.4, 74.157, , -2.793, 0.986, 2954.941, 2954.941, 2.99, -64.167, -64.167, -64.167, 52.636, 74.375, 34.148, 35.792, 7.379, 12.609, 0, 0, -9.538, -9.674, -9.538, -9.674, 1, 56.588, 56.588, 0.024, 0.135, -16.83, -17.069, -16.83, -17.069, 5.26, 7.379, 12.609, , , 1, 44.661, 0, 0, 14.5, 2.99, 208, 0, 0, 0, 64, 6.9, 6.496, 127.4, 44.84, 100, 0, 0, 45.5, 46, 12, 1.078, 105.202, 0, 0, 110.5, 57.54, 0, 0, 0, 0, 0, 14, 0, 14.5, 0, 2.99, 208, 0, 0, 0, 64, 1, 0.007, 0.007, 127.4, 44.839, 100, 0, 0, 141, 45.5, 46, 12, 1.078, 0, 105.202, 0, 0, 110.5, 57.54, 0, 0, 0, 0, 
44.65, 17.651, 100.33, 73.4, 74.158, , -3.063, 0.986, 2959.11, 2959.11, 2.985, -70.577, -70.577, -70.577, 52.671, 74.881, 34.256, 35.684, 7.38, 12.62, 0, 0, -10.464, -10.613, -10.464, -10.613, 1, 56.44, 56.44, 0.024, 0.135, -18.5, -18.762, -18.5, -18.762, 5.265, 7.38, 12.62, , , 1, 44.71, 0, 0, 14.5, 2.985, 208, 0, 0, 0, 64, 6.9, 6.484, 127.4, 44.769, 100, 0, 0, 45.5, 46, 12, 1.082, 105.298, 0, 0, 110.5, 57.42, 0, 0, 0, 0, 0, 14, 0, 14.5, 0, 2.985, 208, 0, 0, 0, 64, 1, 0.007, 0.006, 127.4, 44.768, 100, 0, 0, 141, 45.5, 46, 12, 1.082, 0, 105.298, 0, 0, 110.5, 57.42, 0, 0, 0, 0, 
44.7, 17.65, 100.33, 73.4, 74.16, , -3.344, 0.986, 2963.28, 2963.28, 2.98, -77.262, -77.262, -77.262, 52.712, 75.386, 34.388, 35.592, 7.38, 12.633, 0, 0, -11.423, -11.585, -11.423, -11.585, 1, 56.279, 56.279, 0.024, 0.135, -20.236, -20.524, -20.236, -20.524, 5.269, 7.38, 12.633, , , 1, 44.76, 0, 0, 14.5, 2.98, 208, 0, 0, 0, 64, 6.9, 6.473, 127.4, 44.697, 100, 0, 0, 45.5, 46, 12, 1.086, 105.394, 0, 0, 110.5, 57.301, 0, 0, 0, 0, 0, 14, 0, 14.5, 0, 2.98, 208, 0, 0, 0, 64, 1, 0.007, 0.006, 127.4, 44.697, 100, 0, 0, 141, 45.5, 46, 12, 1.086, 0, 105.394, 0, 0, 110.5, 57.301, 0, 0, 0, 0, 
44.75, 17.65, 100.33, 73.4, 74.16, , -3.62, 0.986, 2967.415, 2967.415, 2.975, -83.793, -83.793, -83.793, 52.76, 75.892, 34.604, 35.556, 7.379, 12.655, 0, 0, -12.352, -12.526, -12.352, -12.526, 1, 56.1, 56.1, 0.024, 0.135, -21.927, -22.238, -21.927, -22.238, 5.273, 7.379, 12.655, , , 1, 44.811, 0, 0, 14.5, 2.975, 208, 0, 0, 0, 64, 6.9, 6.461, 127.4, 44.626, 100, 0, 0, 45.5, 46, 12, 1.09, 105.49, 0, 0, 110.5, 57.182, 0, 0, 0, 0, 0, 14, 0, 14.5, 0, 2.975, 208, 0, 0, 0, 64, 1, 0.007, 0.006, 127.4, 44.626, 100, 0, 0, 141, 45.5, 46, 12, 1.09, 0, 105.49, 0, 0, 110.5, 57.182, 0, 0, 0, 0, 
44.8, 17.65, 100.33, 73.4, 74.16, , -3.867, 0.986, 2971.536, 2971.536, 2.969, -89.679, -89.679, -89.679, 52.809, 76.398, 34.82, 35.52, 7.379, 12.679, 0, 0, -13.177, -13.362, -13.177, -13.362, 1, 55.912, 55.912, 0.024, 0.135, -23.446, -23.778, -23.446, -23.778, 5.277, 7.379, 12.679, , , 1, 44.861, 0, 0, 14.5, 2.969, 208, 0, 0, 0, 64, 6.907, 6.465, 127.4, 44.749, 100, 0, 0, 45.413, 46, 12, 1.09, 105.587, 0, 0, 110.587, 56.954, 0, 0, 0, 0, 0, 14, 0, 14.5, 0, 2.969, 208, 0, 0, 0, 64, 1, 0.007, 0.006, 127.4, 44.749, 100, 0, 0, 141, 45.413, 46, 12, 1.09, 0, 105.587, 0, 0, 110.587, 56.954, 0, 0, 0, 0, 
44.85, 17.65, 100.33, 73.4, 74.16, , -4.092, 0.986, 2975.69, 2975.69, 2.962, -95.006, -95.006, -95.006, 52.857, 76.903, 35.036, 35.484, 7.378, 12.704, 0, 0, -13.909, -14.105, -13.909, -14.105, 1, 55.713, 55.713, 0.024, 0.135, -24.817, -25.169, -24.817, -25.169, 5.282, 7.378, 12.704, , , 1, 44.911, 0, 0, 14.5, 2.962, 208, 0, 0, 0, 64, 6.915, 6.471, 127.4, 44.89, 100, 0, 0, 45.317, 46, 12, 1.09, 105.683, 0, 0, 110.683, 56.713, 0, 0, 0, 0, 0, 14, 0, 14.5, 0, 2.962, 208, 0, 0, 0, 64, 1, 0.007, 0.006, 127.4, 44.89, 100, 0, 0, 141, 45.317, 46, 12, 1.09, 0, 105.683, 0, 0, 110.683, 56.713, 0, 0, 0, 0, 
44.9, 17.65, 100.33, 73.4, 74.16, , -4.307, 0.986, 2979.787, 2979.787, 2.955, -100.106, -100.106, -100.106, 52.903, 77.409, 35.252, 35.448, 7.378, 12.729, 0, 0, -14.602, -14.807, -14.602, -14.807, 1, 55.502, 55.502, 0.024, 0.135, -26.128, -26.496, -26.128, -26.496, 5.286, 7.378, 12.729, , , 1, 44.961, 0, 0, 14.5, 2.955, 208, 0, 0, 0, 64, 6.922, 6.477, 127.4, 45.03, 100, 0, 0, 45.221, 46, 12, 1.09, 105.779, 0, 0, 110.779, 56.473, 0, 0, 0, 0, 0, 14, 0, 14.5, 0, 2.955, 208, 0, 0, 0, 64, 1, 0.007, 0.006, 127.4, 45.03, 100, 0, 0, 141, 45.221, 46, 12, 1.09, 0, 105.779, 0, 0, 110.779, 56.473, 0, 0, 0, 0, 
44.95, 17.65, 100.33, 73.4, 74.16, , -4.513, 0.986, 2983.884, 2983.884, 2.948, -105.006, -105.006, -105.006, 52.948, 77.915, 35.405, 35.443, 7.377, 12.751, 0, 0, -15.257, -15.472, -15.257, -15.472, 1, 55.28, 55.28, 0.024, 0.135, -27.385, -27.771, -27.385, -27.771, 5.29, 7.377, 12.751, , , 1, 45.011, 0, 0, 14.5, 2.948, 208, 0, 0, 0, 64, 6.93, 6.482, 127.4, 45.17, 100, 0, 0, 45.125, 46, 12, 1.09, 105.875, 0, 0, 110.875, 56.232, 0, 0, 0, 0, 0, 14, 0, 14.5, 0, 2.948, 208, 0, 0, 0, 64, 1, 0.007, 0.006, 127.4, 45.17, 100, 0, 0, 141, 45.125, 46, 12, 1.09, 0, 105.875, 0, 0, 110.875, 56.232, 0, 0, 0, 0, 
45, 17.65, 100.33, 73.4, 74.16, , -4.661, 0.986, 2987.981, 2987.981, 2.941, -108.531, -108.531, -108.531, 52.99, 78.421, 35.336, 35.547, 7.377, 12.771, 0, 0, -15.702, -15.924, -15.702, -15.924, 1, 55.049, 55.049, 0.024, 0.136, -28.281, -28.681, -28.281, -28.681, 5.295, 7.377, 12.771, , , 1, 45.06, 0, 0, 14.5, 2.941, 208, 0, 0, 0, 64, 6.938, 6.488, 127.4, 45.311, 100, 0, 0, 45.029, 46, 12, 1.09, 105.971, 0, 0, 110.971, 55.992, 0, 0, 0, 0, 0, 14, 0, 14.5, 0, 2.941, 208, 0, 0, 0, 64, 1, 0.007, 0.006, 127.4, 45.311, 100, 0, 0, 141, 45.029, 46, 12, 1.09, 0, 105.971, 0, 0, 110.971, 55.992, 0, 0, 0, 0, 
45.05, 17.65, 100.33, 73.4, 74.16, , -4.791, 0.986, 2992.021, 2992.021, 2.927, -111.624, -111.624, -111.624, 53.026, 78.926, 35.266, 35.651, 7.377, 12.785, 0, 0, -16.08, -16.307, -16.08, -16.307, 1, 54.811, 54.811, 0.024, 0.136, -29.07, -29.48, -29.07, -29.48, 5.299, 7.377, 12.785, , , 1, 45.11, 0, 0, 14.5, 2.927, 208, 0, 0, 0, 64, 6.974, 6.518, 127.4, 45.427, 100, 0, 0, 44.933, 46, 12, 1.089, 106.067, 0, 0, 111.067, 55.67, 0, 0, 0, 0, 0, 14, 0, 14.5, 0, 2.927, 208, 0, 0, 0, 64, 1, 0.007, 0.006, 127.4, 45.427, 100, 0, 0, 141, 44.933, 46, 12, 1.089, 0, 106.067, 0, 0, 111.067, 55.67, 0, 0, 0, 0, 
45.1, 17.65, 100.33, 73.4, 74.16, , -4.91, 0.986, 2996.046, 2996.046, 2.91, -114.441, -114.441, -114.441, 53.056, 79.432, 35.197, 35.754, 7.377, 12.798, 0, 0, -16.414, -16.644, -16.414, -16.644, 1, 54.567, 54.567, 0.024, 0.136, -29.787, -30.207, -29.787, -30.207, 5.304, 7.377, 12.798, , , 1, 45.161, 0, 0, 14.5, 2.91, 208, 0, 0, 0, 64, 7.023, 6.559, 127.4, 45.533, 100, 0, 0, 44.837, 46, 12, 1.087, 106.163, 0, 0, 111.163, 55.312, 0, 0, 0, 0, 0, 14, 0, 14.5, 0, 2.91, 208, 0, 0, 0, 64, 1, 0.007, 0.006, 127.4, 45.534, 100, 0, 0, 141, 44.837, 46, 12, 1.087, 0, 106.163, 0, 0, 111.163, 55.312, 0, 0, 0, 0, 
45.15, 17.65, 100.33, 73.4, 74.16, , -5.018, 0.986, 3000.072, 3000.072, 2.893, -117.014, -117.014, -117.014, 53.083, 79.938, 35.128, 35.858, 7.377, 12.806, 0, 0, -16.706, -16.941, -16.706, -16.941, 1, 54.315, 54.315, 0.024, 0.136, -30.442, -30.87, -30.442, -30.87, 5.313, 7.377, 12.806, , , 1, 45.211, 0, 0, 14.5, 2.893, 208, 0, 0, 0, 64, 7.072, 6.599, 127.4, 45.639, 100, 0, 0, 44.74, 46, 12, 1.085, 106.26, 0, 0, 111.26, 54.954, 0, 0, 0, 0, 0, 14, 0, 14.5, 0, 2.893, 208, 0, 0, 0, 64, 1, 0.007, 0.007, 127.4, 45.64, 100, 0, 0, 141, 44.74, 46, 12, 1.085, 0, 106.26, 0, 0, 111.26, 54.954, 0, 0, 0, 0, 
45.2, 17.65, 100.33, 73.4, 74.16, , -5.114, 0.986, 3004.098, 3004.098, 2.876, -119.281, -119.281, -119.281, 53.108, 80.444, 35.06, 35.963, 7.377, 12.814, 0, 0, -16.95, -17.188, -16.95, -17.188, 1, 54.057, 54.057, 0.024, 0.136, -31.019, -31.454, -31.019, -31.454, 5.323, 7.377, 12.814, , , 1, 45.261, 0, 0, 14.5, 2.876, 208, 0, 0, 0, 64, 7.121, 6.639, 127.4, 45.746, 100, 0, 0, 44.644, 46, 12, 1.083, 106.356, 0, 0, 111.356, 54.597, 0, 0, 0, 0, 0, 14, 0, 14.5, 0, 2.876, 208, 0, 0, 0, 64, 1, 0.007, 0.007, 127.4, 45.747, 100, 0, 0, 141, 44.644, 46, 12, 1.083, 0, 106.356, 0, 0, 111.356, 54.597, 0, 0, 0, 0, 
45.25, 17.65, 100.33, 73.4, 74.16, , -5.192, 0.986, 3008.113, 3008.113, 2.859, -121.16, -121.16, -121.16, 53.127, 80.949, 35.06, 36.113, 7.377, 12.823, 0, 0, -17.135, -17.376, -17.135, -17.376, 1, 53.794, 53.794, 0.024, 0.136, -31.496, -31.937, -31.496, -31.937, 5.333, 7.377, 12.823, , , 1, 45.311, 0, 0, 14.5, 2.859, 208, 0, 0, 0, 64, 7.17, 6.68, 127.4, 45.852, 100, 0, 0, 44.548, 46, 12, 1.081, 106.452, 0, 0, 111.452, 54.239, 0, 0, 0, 0, 0, 14, 0, 14.5, 0, 2.859, 208, 0, 0, 0, 64, 1, 0.007, 0.007, 127.4, 45.854, 100, 0, 0, 141, 44.548, 46, 12, 1.081, 0, 106.452, 0, 0, 111.452, 54.239, 0, 0, 0, 0, 
45.3, 17.65, 100.33, 73.4, 74.16, , -5.261, 0.986, 3012.071, 3012.071, 2.848, -122.784, -122.784, -122.784, 53.141, 81.455, 35.06, 36.263, 7.377, 12.833, 0, 0, -17.281, -17.523, -17.281, -17.523, 1, 53.528, 53.528, 0.024, 0.136, -31.912, -32.358, -31.912, -32.358, 5.343, 7.377, 12.833, , , 1, 45.361, 0, 0, 14.5, 2.848, 208, 0, 0, 0, 64, 7.201, 6.706, 127.4, 45.924, 100, 0, 0, 44.5, 46, 12, 1.081, 106.5, 0, 0, 111.5, 53.995, 0, 0, 0, 0, 0, 14, 0, 14.5, 0, 2.848, 208, 0, 0, 0, 64, 1, 0.007, 0.007, 127.4, 45.925, 100, 0, 0, 141, 44.5, 46, 12, 1.081, 0, 106.5, 0, 0, 111.5, 53.995, 0, 0, 0, 0, 
45.35, 17.65, 100.33, 73.4, 74.16, , -5.347, 0.986, 3016.027, 3016.027, 2.841, -124.839, -124.839, -124.839, 53.15, 81.961, 35.06, 36.413, 7.377, 12.852, 0, 0, -17.483, -17.729, -17.483, -17.729, 1, 53.314, 53.314, 0.024, 0.136, -32.438, -32.893, -32.438, -32.893, 5.348, 7.377, 12.852, , , 1, 45.411, 0, 0, 14.5, 2.841, 208, 0, 0, 0, 64, 7.212, 6.719, 127.4, 45.963, 100, 0, 0, 44.5, 46, 12, 1.083, 106.5, 0, 0, 111.5, 53.866, 0, 0, 0, 0, 0, 14, 0, 14.5, 0, 2.841, 208, 0, 0, 0, 64, 1, 0.007, 0.007, 127.4, 45.964, 100, 0, 0, 141, 44.5, 46, 12, 1.083, 0, 106.5, 0, 0, 111.5, 53.866, 0, 0, 0, 0, 
45.4, 17.65, 100.33, 73.4, 74.16, , -5.39, 0.986, 3018.402, 3018.402, 2.834, -125.854, -125.854, -125.854, 53.158, 82.466, 35.06, 36.563, 7.377, 12.872, 0, 0, -17.574, -17.821, -17.574, -17.821, 1, 53.15, 53.15, 0.024, 0.136, -32.697, -33.156, -32.697, -33.156, 5.345, 7.377, 12.872, , , 1, 45.461, 0, 0, 14.5, 2.834, 208, 0, 0, 0, 64, 7.224, 6.731, 127.4, 46.002, 100, 0, 0, 44.5, 46, 12, 1.085, 106.5, 0, 0, 111.5, 53.737, 0, 0, 0, 0, 0, 14, 0, 14.5, 0, 2.834, 208, 0, 0, 0, 64, 1, 0.007, 0.007, 127.4, 46.002, 100, 0, 0, 141, 44.5, 46, 12, 1.085, 0, 106.5, 0, 0, 111.5, 53.737, 0, 0, 0, 0, 
45.45, 17.65, 100.33, 73.4, 74.16, , -5.41, 0.986, 3021.567, 3021.567, 2.828, -126.345, -126.345, -126.345, 53.173, 82.972, 35.068, 36.609, 7.377, 12.9, 0, 0, -17.57, -17.817, -17.57, -17.817, 1, 52.88, 52.88, 0.024, 0.136, -32.818, -33.279, -32.818, -33.279, 5.342, 7.377, 12.9, , , 1, 45.511, 0, 0, 14.5, 2.828, 208, 0, 0, 0, 64, 7.235, 6.744, 127.4, 46.04, 100, 0, 0, 44.5, 46, 12, 1.087, 106.5, 0, 0, 111.5, 53.608, 0, 0, 0, 0, 0, 14, 0, 14.5, 0, 2.828, 208, 0, 0, 0, 64, 1, 0.007, 0.007, 127.4, 46.041, 100, 0, 0, 141, 44.5, 46, 12, 1.087, 0, 106.5, 0, 0, 111.5, 53.608, 0, 0, 0, 0, 
45.5, 17.65, 100.33, 73.4, 74.16, , -5.445, 0.986, 3025.458, 3025.458, 2.821, -127.166, -127.166, -127.166, 53.185, 83.478, 35.104, 36.285, 7.377, 12.928, 0, 0, -17.592, -17.839, -17.592, -17.839, 1, 52.607, 52.607, 0.024, 0.136, -33.022, -33.487, -33.022, -33.487, 5.339, 7.377, 12.928, , , 1, 45.561, 0, 0, 14.5, 2.821, 208, 0, 0, 0, 64, 7.247, 6.756, 127.4, 46.079, 100, 0, 0, 44.5, 46, 12, 1.089, 106.5, 0, 0, 111.5, 53.479, 0, 0, 0, 0, 0, 14, 0, 14.5, 0, 2.821, 208, 0, 0, 0, 64, 1, 0.007, 0.007, 127.4, 46.079, 100, 0, 0, 141, 44.5, 46, 12, 1.089, 0, 106.5, 0, 0, 111.5, 53.479, 0, 0, 0, 0, 
45.55, 17.65, 100.33, 73.4, 74.16, , -5.499, 0.986, 3029.35, 3029.35, 2.809, -128.473, -128.473, -128.473, 53.201, 83.984, 35.14, 35.961, 7.377, 12.958, 0, 0, -17.679, -17.928, -17.679, -17.928, 1, 52.33, 52.33, 0.024, 0.136, -33.351, -33.822, -33.351, -33.822, 5.322, 7.377, 12.958, , , 1, 45.611, 0, 0, 14.5, 2.809, 208, 0, 0, 0, 64, 7.27, 6.776, 127.4, 46.141, 100, 0, 0, 44.433, 45.933, 12, 1.09, 106.567, 0, 0, 111.567, 53.273, 0, 0, 0, 0, 0, 14, 0, 14.5, 0, 2.809, 208, 0, 0, 0, 64, 1, 0.007, 0.007, 127.4, 46.141, 100, 0, 0, 141, 44.433, 45.933, 12, 1.09, 0, 106.567, 0, 0, 111.567, 53.273, 0, 0, 0, 0, 
45.6, 17.65, 100.33, 73.4, 74.16, , -5.525, 0.986, 3033.241, 3033.241, 2.795, -129.096, -129.096, -129.096, 53.223, 84.489, 35.176, 35.637, 7.377, 12.987, 0, 0, -17.67, -17.918, -17.67, -17.918, 1, 52.053, 52.053, 0.024, 0.135, -33.502, -33.974, -33.502, -33.974, 5.288, 7.377, 12.987, , , 1, 45.661, 0, 0, 14.5, 2.795, 208, 0, 0, 0, 64, 7.299, 6.799, 127.4, 46.212, 100, 0, 0, 44.337, 45.837, 12, 1.09, 106.663, 0, 0, 111.663, 53.035, 0, 0, 0, 0, 0, 14, 0, 14.5, 0, 2.795, 208, 0, 0, 0, 64, 1, 0.007, 0.007, 127.4, 46.212, 100, 0, 0, 141, 44.337, 45.837, 12, 1.09, 0, 106.663, 0, 0, 111.663, 53.035, 0, 0, 0, 0, 
45.65, 17.65, 100.33, 73.4, 74.16, , -5.522, 0.986, 3037.068, 3037.068, 2.782, -129.026, -129.026, -129.026, 53.252, 84.995, 35.212, 35.313, 7.378, 13.01, 0, 0, -17.566, -17.811, -17.566, -17.811, 1, 51.776, 51.776, 0.024, 0.135, -33.465, -33.935, -33.465, -33.935, 5.254, 7.378, 13.01, , , 1, 45.71, 0, 0, 14.5, 2.782, 208, 0, 0, 0, 64, 7.328, 6.822, 127.4, 46.284, 100, 0, 0, 44.24, 45.74, 12, 1.09, 106.76, 0, 0, 111.76, 52.796, 0, 0, 0, 0, 0, 14, 0, 14.5, 0, 2.782, 208, 0, 0, 0, 64, 1, 0.007, 0.007, 127.4, 46.284, 100, 0, 0, 141, 44.24, 45.74, 12, 1.09, 0, 106.76, 0, 0, 111.76, 52.796, 0, 0, 0, 0, 
45.7, 17.65, 100.33, 73.4, 74.16, , -5.564, 0.986, 3040.896, 3040.896, 2.768, -130.032, -130.032, -130.032, 53.292, 85.501, 35.216, 35.06, 7.378, 13.034, 0, 0, -17.606, -17.852, -17.606, -17.852, 1, 51.497, 51.497, 0.024, 0.135, -33.698, -34.173, -33.698, -34.173, 5.221, 7.378, 13.034, , , 1, 45.761, 0, 0, 14.5, 2.768, 208, 0, 0, 0, 64, 7.357, 6.845, 127.4, 46.355, 100, 0, 0, 44.144, 45.644, 12, 1.09, 106.856, 0, 0, 111.856, 52.558, 0, 0, 0, 0, 0, 14, 0, 14.5, 0, 2.768, 208, 0, 0, 0, 64, 1, 0.007, 0.007, 127.4, 46.355, 100, 0, 0, 141, 44.144, 45.644, 12, 1.09, 0, 106.856, 0, 0, 111.856, 52.558, 0, 0, 0, 0, 
45.75, 17.65, 100.33, 73.4, 74.16, , -5.589, 0.986, 3044.688, 3044.688, 2.754, -130.621, -130.621, -130.621, 53.345, 86.007, 35.108, 35.06, 7.379, 13.057, 0, 0, -17.588, -17.835, -17.588, -17.835, 1, 51.214, 51.214, 0.024, 0.134, -33.818, -34.295, -33.818, -34.295, 5.188, 7.379, 13.057, , , 1, 45.811, 0, 0, 14.5, 2.754, 208, 0, 0, 0, 64, 7.386, 6.868, 127.4, 46.426, 100, 0, 0, 44.048, 45.548, 12, 1.09, 106.952, 0, 0, 111.952, 52.319, 0, 0, 0, 0, 0, 14, 0, 14.5, 0, 2.754, 208, 0, 0, 0, 64, 1, 0.007, 0.007, 127.4, 46.426, 100, 0, 0, 141, 44.048, 45.548, 12, 1.09, 0, 106.952, 0, 0, 111.952, 52.319, 0, 0, 0, 0, 
45.8, 17.65, 100.33, 73.4, 74.16, , -5.612, 0.986, 3048.454, 3048.454, 2.737, -131.175, -131.175, -131.175, 53.409, 86.512, 35, 35.06, 7.379, 13.08, 0, 0, -17.564, -17.81, -17.564, -17.81, 1, 50.932, 50.932, 0.024, 0.135, -33.921, -34.401, -33.921, -34.401, 5.161, 7.379, 13.08, , , 1, 45.86, 0, 0, 14.5, 2.737, 208, 0, 0, 0, 64, 7.41, 6.903, 127.4, 46.58, 100, 0, 0, 43.863, 45.305, 12, 1.09, 107.02, 0, 0, 112.137, 52.005, 0, 0, 0, 0, 0, 14, 0, 14.5, 0, 2.737, 208, 0, 0, 0, 64, 1, 0.007, 0.007, 127.4, 46.58, 100, 0, 0, 141, 43.863, 45.305, 12, 1.09, 0, 107.02, 0, 0, 112.137, 52.005, 0, 0, 0, 0, 
45.85, 17.65, 100.33, 73.4, 74.16, , -5.671, 0.986, 3052.221, 3052.221, 2.718, -132.586, -132.586, -132.586, 53.481, 87.018, 34.892, 35.06, 7.38, 13.106, 0, 0, -17.652, -17.902, -17.652, -17.902, 1, 50.645, 50.645, 0.024, 0.135, -34.238, -34.724, -34.238, -34.724, 5.134, 7.38, 13.106, , , 1, 45.91, 0, 0, 14.5, 2.718, 208, 0, 0, 0, 64, 7.43, 6.95, 127.4, 46.812, 100, 0, 0, 43.59, 44.914, 12, 1.09, 107.059, 0, 0, 112.41, 51.616, 0, 0, 0, 0, 0, 14, 0, 14.5, 0, 2.718, 208, 0, 0, 0, 64, 1, 0.007, 0.007, 127.4, 46.812, 100, 0, 0, 141, 43.59, 44.914, 12, 1.09, 0, 107.059, 0, 0, 112.41, 51.616, 0, 0, 0, 0, 
45.9, 17.65, 100.33, 73.4, 74.16, , -5.717, 0.986, 3055.987, 3055.987, 2.699, -133.671, -133.671, -133.671, 53.544, 87.524, 34.784, 35.06, 7.38, 13.132, 0, 0, -17.696, -17.946, -17.696, -17.946, 1, 50.357, 50.357, 0.024, 0.135, -34.472, -34.959, -34.472, -34.959, 5.107, 7.38, 13.132, , , 1, 45.961, 0, 0, 14.5, 2.699, 208, 0, 0, 0, 64, 7.451, 6.997, 127.4, 47.043, 100, 0, 0, 43.316, 44.523, 12, 1.09, 107.098, 0, 0, 112.684, 51.227, 0, 0, 0, 0, 0, 14, 0, 14.5, 0, 2.699, 208, 0, 0, 0, 64, 1, 0.007, 0.007, 127.4, 47.043, 100, 0, 0, 141, 43.316, 44.523, 12, 1.09, 0, 107.098, 0, 0, 112.684, 51.227, 0, 0, 0, 0, 
45.95, 17.65, 100.33, 73.4, 74.16, , -5.74, 0.986, 3059.701, 3059.701, 2.68, -134.23, -134.23, -134.23, 53.583, 88.03, 34.716, 35.076, 7.38, 13.161, 0, 0, -17.668, -17.918, -17.668, -17.918, 1, 50.068, 50.068, 0.024, 0.135, -34.595, -35.083, -34.595, -35.083, 5.081, 7.38, 13.161, , , 1, 46.011, 0, 0, 14.5, 2.68, 208, 0, 0, 0, 64, 7.471, 7.044, 127.4, 47.274, 100, 0, 0, 43.043, 44.133, 12, 1.09, 107.137, 0, 0, 112.957, 50.838, 0, 0, 0, 0, 0, 14, 0, 14.5, 0, 2.68, 208, 0, 0, 0, 64, 1, 0.007, 0.007, 127.4, 47.274, 100, 0, 0, 141, 43.043, 44.133, 12, 1.09, 0, 107.137, 0, 0, 112.957, 50.838, 0, 0, 0, 0, 
46, 17.65, 100.33, 73.4, 74.16, , -5.781, 0.986, 3063.408, 3063.408, 2.661, -135.211, -135.211, -135.211, 53.587, 80.762, 34.788, 35.148, 7.38, 13.19, 0, 0, -17.695, -17.945, -17.695, -17.945, 1, 49.777, 49.777, 0.024, 0.135, -34.848, -35.339, -34.848, -35.339, 5.097, 7.38, 13.19, , , 1, 46.061, 0, 0, 14.5, 2.661, 208, 0, 0, 0, 64, 7.491, 7.091, 127.4, 47.505, 100, 0, 0, 42.77, 43.742, 12, 1.09, 107.176, 0, 0, 113.23, 50.449, 0, 0, 0, 0, 0, 14, 0, 14.5, 0, 2.661, 208, 0, 0, 0, 64, 1, 0.007, 0.007, 127.4, 47.505, 100, 0, 0, 141, 42.77, 43.742, 12, 1.09, 0, 107.176, 0, 0, 113.23, 50.449, 0, 0, 0, 0, 
46.05, 17.65, 100.33, 73.4, 74.159, , -5.82, 0.986, 3067.094, 3067.094, 2.642, -136.123, -136.123, -136.123, 53.548, 72.819, 34.86, 35.22, 7.38, 13.214, 0, 0, -17.711, -17.959, -17.711, -17.959, 1, 49.479, 49.479, 0.024, 0.135, -35.106, -35.601, -35.106, -35.601, 5.113, 7.38, 13.214, , , 1, 46.11, 0, 0, 14.5, 2.642, 208, 0, 0, 0, 64, 7.512, 7.138, 127.4, 47.736, 100, 0, 0, 42.496, 43.352, 12, 1.09, 107.215, 0, 0, 113.504, 50.06, 0, 0, 0, 0, 0, 14, 0, 14.5, 0, 2.642, 208, 0, 0, 0, 64, 1, 0.007, 0.007, 127.4, 47.736, 100, 0, 0, 141, 42.496, 43.352, 12, 1.09, 0, 107.215, 0, 0, 113.504, 50.06, 0, 0, 0, 0, 
46.1, 17.65, 100.33, 73.4, 74.158, , -5.823, 0.986, 3070.739, 3070.739, 2.623, -136.204, -136.204, -136.204, 53.472, 64.876, 34.932, 35.292, 7.38, 13.237, 0, 0, -17.616, -17.861, -17.616, -17.861, 1, 49.184, 49.184, 0.024, 0.136, -35.173, -35.668, -35.173, -35.668, 5.13, 7.38, 13.237, , , 1, 46.16, 0, 0, 14.5, 2.623, 208.026, 0, 0, 0, 64, 7.533, 7.185, 127.4, 47.964, 100, 0, 0, 42.223, 42.962, 12, 1.09, 107.255, 0, 0, 113.777, 49.683, 0, 0, 0, 0, 0, 14, 0, 14.5, 0, 2.623, 208.026, 0, 0, 0, 64, 1, 0.008, 0.007, 127.4, 47.964, 100, 0, 0, 141, 42.223, 42.962, 12, 1.09, 0, 107.255, 0, 0, 113.777, 49.683, 0, 0, 0, 0, 
46.15, 17.65, 100.33, 73.4, 74.156, , -5.847, 0.986, 3074.331, 3074.331, 2.605, -136.777, -136.777, -136.777, 53.384, 56.933, 35.004, 35.364, 7.38, 13.258, 0, 0, -17.585, -17.83, -17.585, -17.83, 1, 48.889, 48.889, 0.024, 0.136, -35.384, -35.885, -35.384, -35.885, 5.146, 7.38, 13.258, , , 1, 46.21, 0, 0, 14.5, 2.605, 208.242, 0, 0, 0, 64, 7.568, 7.231, 127.4, 48.163, 100, 0, 0, 41.951, 42.582, 12, 1.09, 107.31, 0, 0, 114.049, 49.413, 0, 0, 0, 0, 0, 14, 0, 14.5, 0, 2.605, 208.242, 0, 0, 0, 64, 1, 0.008, 0.007, 127.4, 48.163, 100, 0, 0, 141, 41.951, 42.582, 12, 1.09, 0, 107.31, 0, 0, 114.049, 49.413, 0, 0, 0, 0, 
46.2, 17.65, 100.33, 73.4, 74.155, , -5.881, 0.986, 3077.966, 3077.966, 2.587, -137.596, -137.596, -137.596, 53.3, 48.99, 35.084, 35.515, 7.38, 13.278, 0, 0, -17.582, -17.827, -17.582, -17.827, 1, 48.594, 48.594, 0.024, 0.136, -35.65, -36.156, -35.65, -36.156, 5.157, 7.38, 13.278, , , 1, 46.261, 0, 0, 14.5, 2.587, 208.459, 0, 0, 0, 64, 7.603, 7.278, 127.4, 48.362, 100, 0, 0, 41.679, 42.201, 12, 1.09, 107.364, 0, 0, 114.321, 49.144, 0, 0, 0, 0, 0, 14, 0, 14.5, 0, 2.587, 208.459, 0, 0, 0, 64, 1, 0.008, 0.007, 127.4, 48.362, 100, 0, 0, 141, 41.679, 42.201, 12, 1.09, 0, 107.364, 0, 0, 114.321, 49.144, 0, 0, 0, 0, 
46.25, 17.65, 100.33, 73.4, 74.153, , -5.9, 0.986, 3081.561, 3081.561, 2.569, -138.057, -138.057, -138.057, 53.234, 41.047, 35.192, 35.947, 7.38, 13.296, 0, 0, -17.532, -17.776, -17.532, -17.776, 1, 48.296, 48.296, 0.024, 0.136, -35.813, -36.32, -35.813, -36.32, 5.166, 7.38, 13.296, , , 1, 46.311, 0, 0, 14.5, 2.569, 208.675, 0, 0, 0, 64, 7.638, 7.325, 127.4, 48.561, 100, 0, 0, 41.408, 41.821, 12, 1.09, 107.418, 0, 0, 114.592, 48.874, 0, 0, 0, 0, 0, 14, 0, 14.5, 0, 2.569, 208.675, 0, 0, 0, 64, 1, 0.008, 0.007, 127.4, 48.561, 100, 0, 0, 141, 41.408, 41.821, 12, 1.09, 0, 107.418, 0, 0, 114.592, 48.874, 0, 0, 0, 0, 
46.3, 17.65, 100.33, 73.4, 74.151, , -5.902, 0.986, 3085.108, 3085.108, 2.551, -138.1, -138.1, -138.1, 53.188, 48.475, 35.3, 36.379, 7.38, 13.314, 0, 0, -17.429, -17.672, -17.429, -17.672, 1, 47.996, 47.996, 0.024, 0.136, -35.856, -36.364, -35.856, -36.364, 5.176, 7.38, 13.314, , , 1, 46.36, 0, 0, 14.5, 2.551, 208.892, 0, 0, 0, 64, 7.673, 7.372, 127.4, 48.76, 100, 0, 0, 41.136, 41.44, 12, 1.09, 107.473, 0, 0, 114.864, 48.605, 0, 0, 0, 0, 0, 14, 0, 14.5, 0, 2.551, 208.892, 0, 0, 0, 64, 1, 0.008, 0.007, 127.4, 48.76, 100, 0, 0, 141, 41.136, 41.44, 12, 1.09, 0, 107.473, 0, 0, 114.864, 48.605, 0, 0, 0, 0, 
46.35, 17.65, 100.33, 73.4, 74.15, , -5.915, 0.986, 3088.7, 3088.7, 2.534, -138.427, -138.427, -138.427, 53.167, 53.326, 35.408, 36.811, 7.38, 13.333, 0, 0, -17.36, -17.604, -17.36, -17.604, 1, 47.697, 47.697, 0.024, 0.136, -35.958, -36.466, -35.958, -36.466, 5.185, 7.38, 13.333, , , 1, 46.411, 0, 0, 14.5, 2.534, 209, 0, 0, 0, 64, 7.704, 7.419, 127.4, 48.97, 100, 0, 0, 40.822, 41.072, 12, 1.09, 107.5, 0, 0, 115.089, 48.286, 0, 0, 0, 0, 0, 14, 0, 14.5, 0, 2.534, 209, 0, 0, 0, 64, 1, 0.008, 0.007, 127.4, 48.97, 100, 0, 0, 141, 40.822, 41.072, 12, 1.09, 0, 107.5, 0, 0, 115.089, 48.286, 0, 0, 0, 0, 
46.4, 17.65, 100.33, 73.4, 74.148, , -5.925, 0.986, 3092.201, 3092.201, 2.519, -138.675, -138.675, -138.675, 53.169, 54.362, 35.516, 37.243, 7.38, 13.352, 0, 0, -17.283, -17.528, -17.283, -17.528, 1, 47.398, 47.398, 0.024, 0.136, -36.019, -36.527, -36.019, -36.527, 5.179, 7.38, 13.352, , , 1, 46.461, 0, 0, 14.5, 2.519, 209, 0, 0, 0, 64, 7.733, 7.468, 127.4, 49.189, 100, 0, 0, 40.467, 40.717, 12, 1.09, 107.5, 0, 0, 115.268, 47.917, 0, 0, 0, 0, 0, 14, 0, 14.5, 0, 2.519, 209, 0, 0, 0, 64, 1, 0.008, 0.007, 127.4, 49.189, 100, 0, 0, 141, 40.467, 40.717, 12, 1.09, 0, 107.5, 0, 0, 115.268, 47.917, 0, 0, 0, 0, 
46.45, 17.65, 100.33, 73.4, 74.147, , -5.923, 0.986, 3095.715, 3095.715, 2.504, -138.62, -138.62, -138.62, 53.192, 55.398, 35.6, 37.493, 7.38, 13.369, 0, 0, -17.168, -17.411, -17.168, -17.411, 1, 47.102, 47.102, 0.024, 0.136, -35.99, -36.496, -35.99, -36.496, 5.168, 7.38, 13.369, , , 1, 46.51, 0, 0, 14.5, 2.504, 209, 0, 0, 0, 64, 7.761, 7.516, 127.4, 49.408, 100, 0, 0, 40.111, 40.361, 12, 1.09, 107.5, 0, 0, 115.446, 47.549, 0, 0, 0, 0, 0, 14, 0, 14.5, 0, 2.504, 209, 0, 0, 0, 64, 1, 0.008, 0.007, 127.4, 49.408, 100, 0, 0, 141, 40.111, 40.361, 12, 1.09, 0, 107.5, 0, 0, 115.446, 47.549, 0, 0, 0, 0, 
46.5, 17.65, 100.33, 73.4, 74.145, , -5.914, 0.986, 3099.232, 3099.232, 2.488, -138.408, -138.408, -138.408, 53.235, 56.433, 35.6, 37.097, 7.38, 13.386, 0, 0, -17.034, -17.274, -17.034, -17.274, 1, 46.802, 46.802, 0.024, 0.136, -35.909, -36.414, -35.909, -36.414, 5.157, 7.38, 13.386, , , 1, 46.56, 0, 0, 14.5, 2.488, 209, 0, 0, 0, 64, 7.79, 7.565, 127.4, 49.627, 100, 0, 0, 39.756, 40.006, 12, 1.09, 107.5, 0, 0, 115.625, 47.18, 0, 0, 0, 0, 0, 14, 0, 14.5, 0, 2.488, 209, 0, 0, 0, 64, 1, 0.008, 0.007, 127.4, 49.627, 100, 0, 0, 141, 39.756, 40.006, 12, 1.09, 0, 107.5, 0, 0, 115.625, 47.18, 0, 0, 0, 0, 
46.55, 17.65, 100.33, 73.4, 74.144, , -5.926, 0.986, 3102.666, 3102.666, 2.473, -138.701, -138.701, -138.701, 53.289, 57.469, 35.6, 36.701, 7.38, 13.401, 0, 0, -16.959, -17.199, -16.959, -17.199, 1, 46.502, 46.502, 0.024, 0.136, -35.947, -36.452, -35.947, -36.452, 5.147, 7.38, 13.401, , , 1, 46.611, 0, 0, 14.5, 2.473, 209, 0, 0, 0, 64, 7.821, 7.615, 127.4, 49.838, 100, 0, 0, 39.383, 39.618, 12, 1.09, 107.516, 0, 0, 115.781, 46.824, 0, 0, 0, 0, 0, 14, 0, 14.5, 0, 2.473, 209, 0, 0, 0, 64, 1, 0.008, 0.008, 127.4, 49.838, 100, 0, 0, 141, 39.383, 39.618, 12, 1.09, 0, 107.516, 0, 0, 115.781, 46.824, 0, 0, 0, 0, 
46.6, 17.65, 100.33, 73.4, 74.142, , -5.918, 0.986, 3106.099, 3106.099, 2.459, -138.533, -138.533, -138.533, 53.347, 58.505, 35.6, 36.305, 7.379, 13.417, 0, 0, -16.83, -17.069, -16.83, -17.069, 1, 46.202, 46.202, 0.024, 0.136, -35.866, -36.369, -35.866, -36.369, 5.135, 7.379, 13.417, , , 1, 46.661, 0, 0, 14.5, 2.459, 209, 0, 0, 0, 64, 7.861, 7.668, 127.4, 50.032, 100, 0, 0, 38.964, 39.147, 12, 1.09, 107.568, 0, 0, 115.885, 46.499, 0, 0, 0, 0, 0, 14, 0, 14.5, 0, 2.459, 209, 0, 0, 0, 64, 1, 0.008, 0.008, 127.4, 50.032, 100, 0, 0, 141, 38.964, 39.147, 12, 1.09, 0, 107.568, 0, 0, 115.885, 46.499, 0, 0, 0, 0, 
46.65, 17.65, 100.33, 73.4, 74.141, , -5.912, 0.986, 3109.533, 3109.533, 2.445, -138.376, -138.376, -138.376, 53.391, 59.541, 35.6, 35.909, 7.379, 13.428, 0, 0, -16.703, -16.939, -16.703, -16.939, 1, 45.9, 45.9, 0.024, 0.135, -35.796, -36.298, -35.796, -36.298, 5.122, 7.379, 13.428, , , 1, 46.711, 0, 0, 14.5, 2.445, 209, 0, 0, 0, 64, 7.901, 7.722, 127.4, 50.225, 100, 0, 0, 38.546, 38.677, 12, 1.09, 107.62, 0, 0, 115.99, 46.173, 0, 0, 0, 0, 0, 14, 0, 14.5, 0, 2.445, 209, 0, 0, 0, 64, 1, 0.008, 0.008, 127.4, 50.225, 100, 0, 0, 141, 38.546, 38.677, 12, 1.09, 0, 107.62, 0, 0, 115.99, 46.173, 0, 0, 0, 0, 
46.7, 17.65, 100.33, 73.4, 74.139, , -5.911, 0.986, 3112.955, 3112.955, 2.431, -138.363, -138.363, -138.363, 53.417, 60.577, 35.545, 35.608, 7.378, 13.439, 0, 0, -16.593, -16.828, -16.593, -16.828, 1, 45.599, 45.599, 0.024, 0.135, -35.773, -36.273, -35.773, -36.273, 5.109, 7.378, 13.439, , , 1, 46.76, 0, 0, 14.5, 2.431, 209, 0, 0, 0, 64, 7.94, 7.775, 127.4, 50.419, 100, 0, 0, 38.128, 38.206, 12, 1.09, 107.672, 0, 0, 116.094, 45.848, 0, 0, 0, 0, 0, 14, 0, 14.5, 0, 2.431, 209, 0, 0, 0, 64, 1, 0.008, 0.008, 127.4, 50.419, 100, 0, 0, 141, 38.128, 38.206, 12, 1.09, 0, 107.672, 0, 0, 116.094, 45.848, 0, 0, 0, 0, 
46.75, 17.65, 100.33, 73.4, 74.138, , -5.924, 0.986, 3116.291, 3116.291, 2.416, -138.691, -138.691, -138.691, 53.43, 61.613, 35.293, 35.644, 7.378, 13.442, 0, 0, -16.522, -16.757, -16.522, -16.757, 1, 45.3, 45.3, 0.023, 0.135, -35.851, -36.353, -35.851, -36.353, 5.096, 7.378, 13.442, , , 1, 46.81, 0, 0, 14.5, 2.416, 209, 0, 0, 0, 64, 7.98, 7.828, 127.4, 50.612, 100, 0, 0, 37.709, 37.735, 12, 1.09, 107.724, 0, 0, 116.198, 45.523, 0, 0, 0, 0, 0, 14, 0, 14.5, 0, 2.416, 209, 0, 0, 0, 64, 1, 0.008, 0.008, 127.4, 50.612, 100, 0, 0, 141, 37.709, 37.735, 12, 1.09, 0, 107.724, 0, 0, 116.198, 45.523, 0, 0, 0, 0, 
46.8, 17.65, 100.33, 73.4, 74.136, , -5.894, 0.986, 3119.661, 3119.661, 2.405, -137.976, -137.976, -137.976, 53.43, 62.649, 35.041, 35.68, 7.377, 13.443, 0, 0, -16.33, -16.563, -16.33, -16.563, 1, 45.002, 45.002, 0.023, 0.134, -35.666, -36.165, -35.666, -36.165, 5.088, 7.377, 13.443, , , 1, 46.861, 0, 0, 14.5, 2.405, 209.112, 0, 0, 0, 64, 8.011, 7.871, 127.4, 50.767, 100, 0, 0, 37.392, 37.338, 12, 1.09, 107.777, 0, 0, 116.277, 45.293, 0, 0, 0, 0, 0, 14, 0, 14.5, 0, 2.405, 209.112, 0, 0, 0, 64, 1, 0.008, 0.008, 127.4, 50.767, 100, 0, 0, 141, 37.392, 37.338, 12, 1.09, 0, 107.777, 0, 0, 116.277, 45.293, 0, 0, 0, 0, 
46.85, 17.65, 100.33, 73.4, 74.135, , -5.78, 0.986, 3123.013, 3123.013, 2.397, -135.285, -135.285, -135.285, 53.428, 63.685, 34.789, 35.716, 7.377, 13.433, 0, 0, -15.912, -16.138, -15.912, -16.138, 1, 44.705, 44.705, 0.024, 0.134, -34.972, -35.463, -34.972, -35.463, 5.092, 7.377, 13.433, , , 1, 46.911, 0, 0, 14.5, 2.397, 209.326, 0, 0, 0, 64, 8.032, 7.902, 127.4, 50.887, 100, 0, 0, 37.177, 37.015, 12, 1.09, 107.831, 0, 0, 116.331, 45.16, 0, 0, 0, 0, 0, 14, 0, 14.5, 0, 2.397, 209.326, 0, 0, 0, 64, 1, 0.008, 0.008, 127.4, 50.887, 100, 0, 0, 141, 37.177, 37.015, 12, 1.09, 0, 107.831, 0, 0, 116.331, 45.16, 0, 0, 0, 0, 
46.9, 17.65, 100.33, 73.4, 74.133, , -5.526, 0.986, 3126.301, 3126.301, 2.389, -129.255, -129.255, -129.255, 53.421, 64.721, 34.537, 35.752, 7.378, 13.419, 0, 0, -15.114, -15.327, -15.114, -15.327, 1, 44.418, 44.418, 0.024, 0.134, -33.417, -33.886, -33.417, -33.886, 5.096, 7.378, 13.419, , , 1, 46.961, 0, 0, 14.5, 2.389, 209.541, 0, 0, 0, 64, 8.054, 7.933, 127.4, 51.006, 100, 0, 0, 36.961, 36.692, 12, 1.09, 107.885, 0, 0, 116.385, 45.026, 0, 0, 0, 0, 0, 14, 0, 14.5, 0, 2.389, 209.541, 0, 0, 0, 64, 1, 0.008, 0.008, 127.4, 51.006, 100, 0, 0, 141, 36.961, 36.692, 12, 1.09, 0, 107.885, 0, 0, 116.385, 45.026, 0, 0, 0, 0, 
46.95, 17.65, 100.33, 73.4, 74.132, , -4.828, 0.986, 3129.59, 3129.59, 2.38, -112.694, -112.694, -112.694, 53.399, 65.756, 34.38, 35.764, 7.378, 13.399, 0, 0, -13.123, -13.308, -13.123, -13.308, 1, 44.149, 44.149, 0.024, 0.134, -29.143, -29.552, -29.143, -29.552, 5.1, 7.378, 13.399, , , 1, 47.011, 0, 0, 14.5, 2.38, 209.755, 0, 0, 0, 64, 8.075, 7.964, 127.4, 51.126, 100, 0, 0, 36.746, 36.369, 12, 1.09, 107.939, 0, 0, 116.439, 44.892, 0, 0, 0, 0, 0, 14, 0, 14.5, 0, 2.38, 209.755, 0, 0, 0, 64, 1, 0.008, 0.008, 127.4, 51.126, 100, 0, 0, 141, 36.746, 36.369, 12, 1.09, 0, 107.939, 0, 0, 116.439, 44.892, 0, 0, 0, 0, 
47, 17.65, 100.329, 73.4, 74.13, , -4.039, 0.986, 3132.856, 3132.856, 2.372, -93.991, -93.991, -93.991, 53.338, 63.713, 34.56, 35.692, 7.379, 13.377, 0, 0, -10.9, -11.053, -10.9, -11.053, 1, 43.926, 43.926, 0.024, 0.134, -24.316, -24.657, -24.316, -24.657, 5.103, 7.379, 13.377, , , 1, 47.061, 0, 0, 14.5, 2.372, 209.97, 0, 0, 0, 64, 8.097, 7.996, 127.4, 51.246, 100, 0, 0, 36.53, 36.045, 12, 1.09, 107.992, 0, 0, 116.492, 44.759, 0, 0, 0, 0, 0, 14, 0, 14.5, 0, 2.372, 209.97, 0, 0, 0, 64, 1, 0.008, 0.008, 127.4, 51.246, 100, 0, 0, 141, 36.53, 36.045, 12, 1.09, 0, 107.992, 0, 0, 116.492, 44.759, 0, 0, 0, 0, 
47.05, 17.65, 100.329, 73.4, 74.129, , -3.194, 0.986, 3136.099, 3136.099, 2.359, -73.953, -73.953, -73.953, 53.251, 60.698, 34.74, 35.62, 7.379, 13.352, 0, 0, -8.538, -8.659, -8.538, -8.659, 1, 43.75, 43.75, 0.024, 0.135, -19.146, -19.413, -19.146, -19.413, 5.095, 7.379, 13.352, , , 1, 47.11, 0, 0, 14.5, 2.359, 210, 0, 0, 0, 64, 8.12, 8.02, 127.4, 51.449, 100, 0, 0, 36.167, 35.75, 12, 1.09, 108, 0, 0, 116.583, 44.637, 0, 0, 0, 0, 0, 14, 0, 14.5, 0, 2.359, 210, 0, 0, 0, 64, 1, 0.008, 0.008, 127.4, 51.449, 100, 0, 0, 141, 36.167, 35.75, 12, 1.09, 0, 108, 0, 0, 116.583, 44.637, 0, 0, 0, 0, 
47.1, 17.65, 100.329, 73.4, 74.127, , -2.278, 0.986, 3139.342, 3139.342, 2.345, -52.215, -52.215, -52.215, 53.143, 57.682, 34.92, 35.548, 7.38, 13.327, 0, 0, -6.011, -6.094, -6.011, -6.094, 1, 43.609, 43.609, 0.024, 0.135, -13.531, -13.721, -13.531, -13.721, 5.087, 7.38, 13.327, , , 1, 47.161, 0, 0, 14.5, 2.345, 210, 0, 0, 0, 64, 8.143, 8.043, 127.4, 51.664, 100, 0, 0, 35.779, 35.459, 12, 1.09, 108, 0, 0, 116.68, 44.517, 0, 0, 0, 0, 0, 14, 0, 14.5, 0, 2.345, 210, 0, 0, 0, 64, 1, 0.008, 0.008, 127.4, 51.664, 100, 0, 0, 141, 35.779, 35.459, 12, 1.09, 0, 108, 0, 0, 116.68, 44.517, 0, 0, 0, 0, 
47.15, 17.65, 100.328, 73.4, 74.126, , -1.192, 0.986, 3142.557, 3142.557, 2.331, -26.456, -26.456, -26.456, 53.013, 54.667, 35.1, 35.476, 7.38, 13.304, 0, 0, -3.039, -3.081, -3.039, -3.081, 1, 43.512, 43.512, 0.024, 0.135, -6.843, -6.939, -6.843, -6.939, 5.079, 7.38, 13.304, , , 1, 47.211, 0, 0, 14.5, 2.331, 210, 0, 0, 0, 64, 8.167, 8.067, 127.4, 51.88, 100, 0, 0, 35.391, 35.169, 12, 1.09, 108, 0, 0, 116.777, 44.396, 0, 0, 0, 0, 0, 14, 0, 14.5, 0, 2.331, 210, 0, 0, 0, 64, 1, 0.008, 0.008, 127.4, 51.88, 100, 0, 0, 141, 35.391, 35.169, 12, 1.09, 0, 108, 0, 0, 116.777, 44.396, 0, 0, 0, 0, 
47.2, 17.65, 100.328, 73.4, 74.124, , -0.012, 0.986, 3145.756, 3145.756, 2.318, 1.542, 1.542, 1.542, 52.832, 53.846, 35.248, 35.38, 7.379, 13.282, 0, 0, 0.178, 0.183, 0.178, 0.183, 1, 43.492, 43.492, 0.024, 0.135, 0.461, 0.467, 0.461, 0.467, 5.071, 7.379, 13.282, , , 1, 47.261, 0, 0, 14.5, 2.318, 210, 0, 0, 0, 64, 8.19, 8.09, 127.4, 52.095, 100, 0, 0, 35.004, 34.878, 12, 1.09, 108, 0, 0, 116.874, 44.276, 0, 0, 0, 0, 0, 14, 0, 14.5, 0, 2.318, 210, 0, 0, 0, 64, 1, 0.008, 0.008, 127.4, 52.095, 100, 0, 0, 141, 35.004, 34.878, 12, 1.09, 0, 108, 0, 0, 116.874, 44.276, 0, 0, 0, 0, 
47.25, 17.65, 100.327, 73.4, 74.123, , 1.118, 0.986, 3148.954, 3148.954, 2.304, 28.349, 28.349, 28.349, 52.621, 54.75, 35.284, 35.2, 7.379, 13.26, 0, 0, 3.261, 3.308, 3.261, 3.308, 1, 43.518, 43.518, 0.024, 0.135, 7.544, 7.649, 7.544, 7.649, 5.05, 7.379, 13.26, , , 1, 47.311, 0, 0, 14.5, 2.304, 210, 0, 0, 0, 64, 8.213, 8.113, 127.4, 52.31, 100, 0, 0, 34.616, 34.587, 12, 1.09, 108, 0, 0, 116.971, 44.156, 0, 0, 0, 0, 0, 14, 0, 14.5, 0, 2.304, 210, 0, 0, 0, 64, 1, 0.008, 0.008, 127.4, 52.31, 100, 0, 0, 141, 34.616, 34.587, 12, 1.09, 0, 108, 0, 0, 116.971, 44.156, 0, 0, 0, 0, 
47.3, 17.65, 100.327, 73.4, 74.121, , 2.265, 0.986, 3152.123, 3152.123, 2.296, 55.57, 55.57, 55.57, 52.38, 55.654, 35.32, 35.02, 7.378, 13.237, 0, 0, 6.406, 6.497, 6.406, 6.497, 1, 43.592, 43.592, 0.024, 0.135, 14.782, 14.989, 14.782, 14.989, 5.028, 7.378, 13.237, , , 1, 47.36, 0, 0, 14.5, 2.296, 210, 0, 0, 0, 64, 8.228, 8.146, 127.4, 52.471, 100, 0, 0, 34.5, 34.5, 12, 1.09, 108, 0, 0, 117.068, 44.12, 0, 0, 0, 0, 0, 14, 0, 14.5, 0, 2.296, 210, 0, 0, 0, 64, 1, 0.008, 0.008, 127.4, 52.471, 100, 0, 0, 141, 34.5, 34.5, 12, 1.09, 0, 108, 0, 0, 117.068, 44.12, 0, 0, 0, 0, 
47.35, 17.65, 100.327, 73.4, 74.121, , 3.403, 0.986, 3155.288, 3155.288, 2.29, 82.554, 82.554, 82.554, 52.158, 56.557, 35.356, 34.84, 7.378, 13.214, 0, 0, 9.538, 9.672, 9.538, 9.672, 1, 43.743, 43.743, 0.024, 0.135, 21.985, 22.294, 21.985, 22.294, 5.005, 7.378, 13.214, , , 1, 47.41, 0, 0, 14.5, 2.29, 210, 0, 0, 0, 64, 8.24, 8.182, 127.4, 52.611, 100, 0, 0, 34.5, 34.5, 12, 1.09, 108, 0, 0, 117.164, 44.12, 0, 0, 0, 0, 0, 14, 0, 14.5, 0, 2.29, 210, 0, 0, 0, 64, 1, 0.008, 0.008, 127.4, 52.611, 100, 0, 0, 141, 34.5, 34.5, 12, 1.09, 0, 108, 0, 0, 117.164, 44.12, 0, 0, 0, 0, 
47.4, 17.65, 100.326, 73.4, 74.122, , 4.475, 0.986, 3158.486, 3158.486, 2.284, 108.007, 108.007, 108.007, 51.938, 57.461, 35.392, 34.66, 7.377, 13.191, 0, 0, 12.517, 12.693, 12.517, 12.693, 1, 43.935, 43.935, 0.024, 0.136, 28.801, 29.208, 28.801, 29.208, 4.982, 7.377, 13.191, , , 1, 47.461, 0, 0, 14.5, 2.284, 210, 0, 0, 0, 64, 8.251, 8.219, 127.4, 52.752, 100, 0, 0, 34.5, 34.5, 12, 1.09, 108, 0, 0, 117.261, 44.12, 0, 0, 0, 0, 0, 14, 0, 14.5, 0, 2.284, 210, 0, 0, 0, 64, 1, 0.008, 0.008, 127.4, 52.752, 100, 0, 0, 141, 34.5, 34.5, 12, 1.09, 0, 108, 0, 0, 117.261, 44.12, 0, 0, 0, 0, 
47.45, 17.65, 100.326, 73.4, 74.124, , 5.135, 0.986, 3161.685, 3161.685, 2.279, 123.661, 123.661, 123.661, 51.722, 58.365, 35.428, 34.591, 7.377, 13.168, 0, 0, 14.392, 14.593, 14.392, 14.593, 1, 44.17, 44.17, 0.024, 0.136, 33.049, 33.516, 33.049, 33.516, 4.975, 7.377, 13.168, , , 1, 47.511, 0, 0, 14.5, 2.279, 210, 0, 0, 0, 64, 8.263, 8.255, 127.4, 52.892, 100, 0, 0, 34.5, 34.5, 12, 1.09, 108, 0, 0, 117.357, 44.12, 0, 0, 0, 0, 0, 14, 0, 14.5, 0, 2.279, 210, 0, 0, 0, 64, 1, 0.008, 0.008, 127.4, 52.892, 100, 0, 0, 141, 34.5, 34.5, 12, 1.09, 0, 108, 0, 0, 117.357, 44.12, 0, 0, 0, 0, 
47.5, 17.65, 100.325, 73.4, 74.125, , 5.543, 0.986, 3164.884, 3164.884, 2.273, 133.346, 133.346, 133.346, 51.559, 59.269, 35.464, 34.915, 7.377, 13.147, 0, 0, 15.593, 15.81, 15.593, 15.81, 1, 44.441, 44.441, 0.024, 0.135, 35.718, 36.222, 35.718, 36.222, 4.975, 7.377, 13.147, , , 1, 47.561, 0, 0, 14.5, 2.273, 210, 0, 0, 0, 64, 8.274, 8.292, 127.4, 53.033, 100, 0, 0, 34.5, 34.5, 12, 1.09, 108, 0, 0, 117.454, 44.12, 0, 0, 0, 0, 0, 14, 0, 14.5, 0, 2.273, 210, 0, 0, 0, 64, 1, 0.008, 0.008, 127.4, 53.033, 100, 0, 0, 141, 34.5, 34.5, 12, 1.09, 0, 108, 0, 0, 117.454, 44.12, 0, 0, 0, 0, 
47.55, 17.65, 100.325, 73.4, 74.127, , 5.668, 0.986, 3168.082, 3168.082, 2.279, 136.324, 136.324, 136.324, 51.449, 60.172, 35.5, 35.239, 7.377, 13.129, 0, 0, 16.034, 16.258, 16.034, 16.258, 1, 44.718, 44.718, 0.024, 0.135, 36.595, 37.11, 36.595, 37.11, 4.976, 7.377, 13.129, , , 1, 47.611, 0, 0, 14.5, 2.279, 210, 0, 0, 0, 64, 8.252, 8.271, 127.4, 52.947, 100, 0, 0, 34.75, 34.75, 12.052, 1.09, 107.974, 0, 0, 117.422, 44.368, 0, 0, 0, 0, 0, 14, 0, 14.5, 0, 2.279, 210, 0, 0, 0, 64, 1, 0.008, 0.008, 127.4, 52.947, 100, 0, 0, 141, 34.75, 34.75, 12.052, 1.09, 0, 107.974, 0, 0, 117.422, 44.368, 0, 0, 0, 0, 
47.6, 17.65, 100.325, 73.4, 74.128, , 5.698, 0.986, 3171.318, 3171.318, 2.297, 137.026, 137.026, 137.026, 51.381, 61.076, 35.536, 35.563, 7.377, 13.115, 0, 0, 16.216, 16.442, 16.216, 16.442, 1, 44.999, 44.999, 0.024, 0.135, 36.831, 37.35, 36.831, 37.35, 4.977, 7.377, 13.115, , , 1, 47.66, 0, 0, 14.5, 2.297, 210, 0, 0, 0, 64, 8.196, 8.192, 127.4, 52.653, 100, 0, 0, 35.25, 35.25, 12.152, 1.09, 107.924, 0, 0, 117.272, 44.864, 0, 0, 0, 0, 0, 14, 0, 14.5, 0, 2.297, 210, 0, 0, 0, 64, 1, 0.008, 0.008, 127.4, 52.653, 100, 0, 0, 141, 35.25, 35.25, 12.152, 1.09, 0, 107.924, 0, 0, 117.272, 44.864, 0, 0, 0, 0, 
47.65, 17.65, 100.324, 73.4, 74.13, , 5.695, 0.986, 3174.579, 3174.579, 2.315, 136.972, 136.972, 136.972, 51.328, 61.98, 35.572, 35.887, 7.377, 13.107, 0, 0, 16.31, 16.537, 16.31, 16.537, 1, 45.282, 45.282, 0.024, 0.135, 36.855, 37.374, 36.855, 37.374, 4.977, 7.377, 13.107, , , 1, 47.71, 0, 0, 14.5, 2.315, 210, 0, 0, 0, 64, 8.14, 8.113, 127.4, 52.359, 100, 0, 0, 35.75, 35.75, 12.252, 1.09, 107.874, 0, 0, 117.122, 45.36, 0, 0, 0, 0, 0, 14, 0, 14.5, 0, 2.315, 210, 0, 0, 0, 64, 1, 0.008, 0.008, 127.4, 52.359, 100, 0, 0, 141, 35.75, 35.75, 12.252, 1.09, 0, 107.874, 0, 0, 117.122, 45.36, 0, 0, 0, 0, 
47.7, 17.65, 100.324, 73.4, 74.131, , 5.672, 0.986, 3177.868, 3177.868, 2.333, 136.433, 136.433, 136.433, 51.288, 62.884, 35.576, 36.092, 7.377, 13.102, 0, 0, 16.347, 16.574, 16.347, 16.574, 1, 45.563, 45.563, 0.024, 0.135, 36.742, 37.26, 36.742, 37.26, 4.976, 7.377, 13.102, , , 1, 47.76, 0, 0, 14.5, 2.333, 210, 0, 0, 0, 64, 8.084, 8.034, 127.4, 52.065, 100, 0, 0, 36.25, 36.25, 12.352, 1.09, 107.824, 0, 0, 116.972, 45.856, 0, 0, 0, 0, 0, 14, 0, 14.5, 0, 2.333, 210, 0, 0, 0, 64, 1, 0.008, 0.008, 127.4, 52.065, 100, 0, 0, 141, 36.25, 36.25, 12.352, 1.09, 0, 107.824, 0, 0, 116.972, 45.856, 0, 0, 0, 0, 
47.75, 17.65, 100.324, 73.4, 74.133, , 5.678, 0.986, 3181.203, 3181.203, 2.35, 136.584, 136.584, 136.584, 51.256, 63.787, 35.468, 35.876, 7.377, 13.105, 0, 0, 16.465, 16.696, 16.465, 16.696, 1, 45.844, 45.844, 0.024, 0.135, 36.803, 37.322, 36.803, 37.322, 4.975, 7.377, 13.105, , , 1, 47.811, 0, 0, 14.5, 2.35, 210, 0, 0, 0, 64, 8.028, 7.955, 127.4, 51.771, 100, 0, 0, 36.75, 36.75, 12.452, 1.09, 107.774, 0, 0, 116.822, 46.352, 0, 0, 0, 0, 0, 14, 0, 14.5, 0, 2.35, 210, 0, 0, 0, 64, 1, 0.008, 0.008, 127.4, 51.771, 100, 0, 0, 141, 36.75, 36.75, 12.452, 1.09, 0, 107.774, 0, 0, 116.822, 46.352, 0, 0, 0, 0, 
47.8, 17.65, 100.323, 73.4, 74.134, , 5.653, 0.986, 3184.538, 3184.538, 2.363, 135.994, 135.994, 135.994, 51.233, 64.691, 35.36, 35.66, 7.377, 13.113, 0, 0, 16.491, 16.724, 16.491, 16.724, 1, 46.124, 46.124, 0.024, 0.135, 36.658, 37.175, 36.658, 37.175, 4.974, 7.377, 13.113, , , 1, 47.861, 0, 0, 14.5, 2.363, 210, 0, 0, 0, 64, 7.995, 7.906, 127.4, 51.588, 100, 0, 0, 37.109, 37.109, 12.557, 1.09, 107.722, 0, 0, 116.722, 46.667, 0, 0, 0, 0, 0, 14, 0, 14.5, 0, 2.363, 210, 0, 0, 0, 64, 1, 0.008, 0.008, 127.4, 51.588, 100, 0, 0, 141, 37.109, 37.109, 12.557, 1.09, 0, 107.722, 0, 0, 116.722, 46.667, 0, 0, 0, 0, 
47.85, 17.65, 100.323, 73.4, 74.136, , 5.613, 0.986, 3187.874, 3187.874, 2.37, 135.045, 135.045, 135.045, 51.221, 65.595, 35.252, 35.444, 7.377, 13.123, 0, 0, 16.473, 16.706, 16.473, 16.706, 1, 46.4, 46.4, 0.024, 0.135, 36.412, 36.924, 36.412, 36.924, 4.975, 7.377, 13.123, , , 1, 47.91, 0, 0, 14.5, 2.37, 210, 0, 0, 0, 64, 7.984, 7.887, 127.4, 51.508, 100, 0, 0, 37.326, 37.326, 12.665, 1.09, 107.668, 0, 0, 116.668, 46.802, 0, 0, 0, 0, 0, 14, 0, 14.5, 0, 2.37, 210, 0, 0, 0, 64, 1, 0.008, 0.008, 127.4, 51.508, 100, 0, 0, 141, 37.326, 37.326, 12.665, 1.09, 0, 107.668, 0, 0, 116.668, 46.802, 0, 0, 0, 0, 
47.9, 17.65, 100.322, 73.4, 74.137, , 5.609, 0.986, 3191.209, 3191.209, 2.377, 134.947, 134.947, 134.947, 51.21, 66.499, 35.144, 35.228, 7.377, 13.136, 0, 0, 16.562, 16.797, 16.562, 16.797, 1, 46.676, 46.676, 0.024, 0.134, 36.394, 36.906, 36.394, 36.906, 4.978, 7.377, 13.136, , , 1, 47.961, 0, 0, 14.5, 2.377, 210, 0, 0, 0, 64, 7.973, 7.869, 127.4, 51.427, 100, 0, 0, 37.543, 37.543, 12.774, 1.09, 107.614, 0, 0, 116.614, 46.937, 0, 0, 0, 0, 0, 14, 0, 14.5, 0, 2.377, 210, 0, 0, 0, 64, 1, 0.008, 0.008, 127.4, 51.427, 100, 0, 0, 141, 37.543, 37.543, 12.774, 1.09, 0, 107.614, 0, 0, 116.614, 46.937, 0, 0, 0, 0, 
47.95, 17.65, 100.322, 73.4, 74.139, , 5.588, 0.986, 3194.621, 3194.621, 2.383, 134.451, 134.451, 134.451, 51.199, 67.403, 35.044, 35.131, 7.377, 13.148, 0, 0, 16.599, 16.835, 16.599, 16.835, 1, 46.953, 46.953, 0.024, 0.134, 36.268, 36.778, 36.268, 36.778, 4.981, 7.377, 13.148, , , 1, 48.011, 0, 0, 14.5, 2.383, 210, 0, 0, 0, 64, 7.962, 7.85, 127.4, 51.347, 100, 0, 0, 37.761, 37.761, 12.883, 1.09, 107.56, 0, 0, 116.56, 47.072, 0, 0, 0, 0, 0, 14, 0, 14.5, 0, 2.383, 210, 0, 0, 0, 64, 1, 0.008, 0.008, 127.4, 51.347, 100, 0, 0, 141, 37.761, 37.761, 12.883, 1.09, 0, 107.56, 0, 0, 116.56, 47.072, 0, 0, 0, 0, 
48, 17.65, 100.322, 73.4, 74.14, , 5.555, 0.986, 3198.034, 3198.034, 2.39, 133.679, 133.679, 133.679, 51.188, 68.306, 34.972, 35.455, 7.377, 13.159, 0, 0, 16.6, 16.837, 16.6, 16.837, 1, 47.228, 47.228, 0.024, 0.134, 36.068, 36.574, 36.068, 36.574, 4.985, 7.377, 13.159, , , 1, 48.06, 0, 0, 14.5, 2.39, 210, 0, 0, 0, 64, 7.951, 7.832, 127.4, 51.266, 100, 0, 0, 37.978, 37.978, 12.991, 1.09, 107.505, 0, 0, 116.505, 47.207, 0, 0, 0, 0, 0, 14, 0, 14.5, 0, 2.39, 210, 0, 0, 0, 64, 1, 0.008, 0.008, 127.4, 51.266, 100, 0, 0, 141, 37.978, 37.978, 12.991, 1.09, 0, 107.505, 0, 0, 116.505, 47.207, 0, 0, 0, 0, 
48.05, 17.65, 100.321, 73.4, 74.142, , 5.516, 0.986, 3201.422, 3201.422, 2.404, 132.757, 132.757, 132.757, 51.18, 69.21, 34.9, 35.779, 7.377, 13.164, 0, 0, 16.582, 16.817, 16.582, 16.817, 1, 47.501, 47.501, 0.024, 0.134, 35.826, 36.329, 35.826, 36.329, 4.987, 7.377, 13.164, , , 1, 48.111, 0, 0, 14.5, 2.404, 210, 0, 0, 0, 64.167, 7.937, 7.783, 127.4, 51.008, 100, 0, 0, 38.417, 38.417, 12.83, 1.093, 107.583, 0, 0, 116.417, 47.428, 0, 0, 0, 0, 0, 14, 0, 14.5, 0, 2.404, 210, 0, 0, 0, 64.167, 1, 0.008, 0.008, 127.4, 51.008, 100, 0, 0, 141, 38.417, 38.417, 12.83, 1.093, 0, 107.583, 0, 0, 116.417, 47.428, 0, 0, 0, 0, 
48.1, 17.65, 100.321, 73.4, 74.143, , 5.538, 0.986, 3204.907, 3204.907, 2.417, 133.298, 133.298, 133.298, 51.176, 70.114, 34.828, 36.103, 7.378, 13.164, 0, 0, 16.746, 16.983, 16.746, 16.983, 1, 47.773, 47.773, 0.024, 0.134, 35.973, 36.48, 35.973, 36.48, 4.982, 7.378, 13.164, , , 1, 48.161, 0, 0, 14.5, 2.417, 210, 0, 0, 0, 64.352, 7.922, 7.731, 127.4, 50.734, 100, 0, 0, 38.88, 38.88, 12.644, 1.097, 107.676, 0, 0, 116.324, 47.66, 0, 0, 0, 0, 0, 14, 0, 14.5, 0, 2.417, 210, 0, 0, 0, 64.352, 1, 0.008, 0.008, 127.4, 50.734, 100, 0, 0, 141, 38.88, 38.88, 12.644, 1.097, 0, 107.676, 0, 0, 116.324, 47.66, 0, 0, 0, 0, 
48.15, 17.65, 100.321, 73.4, 74.145, , 5.508, 0.986, 3208.394, 3208.394, 2.431, 132.573, 132.573, 132.573, 51.18, 71.018, 34.756, 36.427, 7.378, 13.165, 0, 0, 16.749, 16.985, 16.749, 16.985, 1, 48.045, 48.045, 0.024, 0.134, 35.773, 36.277, 35.773, 36.277, 4.978, 7.378, 13.165, , , 1, 48.211, 0, 0, 14.5, 2.431, 210, 0, 0, 0, 64.537, 7.907, 7.68, 127.4, 50.46, 100, 0, 0, 39.343, 39.343, 12.459, 1.101, 107.769, 0, 0, 116.231, 47.891, 0, 0, 0, 0, 0, 14, 0, 14.5, 0, 2.431, 210, 0, 0, 0, 64.537, 1, 0.008, 0.008, 127.4, 50.46, 100, 0, 0, 141, 39.343, 39.343, 12.459, 1.101, 0, 107.769, 0, 0, 116.231, 47.891, 0, 0, 0, 0, 
48.2, 17.65, 100.32, 73.4, 74.146, , 5.468, 0.986, 3211.88, 3211.88, 2.445, 131.628, 131.628, 131.628, 51.199, 71.921, 34.746, 36.634, 7.379, 13.166, 0, 0, 16.724, 16.959, 16.724, 16.959, 1, 48.316, 48.316, 0.024, 0.134, 35.507, 36.007, 35.507, 36.007, 4.973, 7.379, 13.166, , , 1, 48.261, 0, 0, 14.5, 2.445, 210, 0, 0, 0, 64.722, 7.892, 7.628, 127.4, 50.186, 100, 0, 0, 39.806, 39.806, 12.274, 1.104, 107.861, 0, 0, 116.139, 48.123, 0, 0, 0, 0, 0, 14, 0, 14.5, 0, 2.445, 210, 0, 0, 0, 64.722, 1, 0.008, 0.008, 127.4, 50.186, 100, 0, 0, 141, 39.806, 39.806, 12.274, 1.104, 0, 107.861, 0, 0, 116.139, 48.123, 0, 0, 0, 0, 
48.25, 17.65, 100.32, 73.4, 74.148, , 5.452, 0.986, 3215.366, 3215.366, 2.458, 131.255, 131.255, 131.255, 51.228, 72.825, 34.954, 36.426, 7.379, 13.17, 0, 0, 16.771, 17.006, 16.771, 17.006, 1, 48.587, 48.587, 0.024, 0.134, 35.387, 35.887, 35.387, 35.887, 4.969, 7.379, 13.17, , , 1, 48.311, 0, 0, 14.5, 2.458, 210, 0, 0, 0, 64.907, 7.877, 7.576, 127.4, 49.912, 100, 0, 0, 40.269, 40.269, 12.089, 1.108, 107.954, 0, 0, 116.046, 48.354, 0, 0, 0, 0, 0, 14, 0, 14.5, 0, 2.458, 210, 0, 0, 0, 64.907, 1, 0.008, 0.008, 127.4, 49.912, 100, 0, 0, 141, 40.269, 40.269, 12.089, 1.108, 0, 107.954, 0, 0, 116.046, 48.354, 0, 0, 0, 0, 
48.3, 17.65, 100.321, 73.4, 74.15, , 5.435, 0.986, 3218.904, 3218.904, 2.476, 130.872, 130.872, 130.872, 51.264, 73.729, 35.163, 36.217, 7.38, 13.179, 0, 0, 16.813, 17.049, 16.813, 17.049, 1, 48.857, 48.857, 0.024, 0.134, 35.259, 35.755, 35.259, 35.755, 4.947, 7.38, 13.179, , , 1, 48.361, 0, 0, 14.5, 2.476, 210, 0, 0, 0, 65, 7.847, 7.528, 127.4, 49.701, 100, 0, 0, 40.655, 40.732, 12.054, 1.108, 107.948, 0, 0, 115.948, 48.662, 0, 0, 0, 0, 0, 14, 0, 14.5, 0, 2.477, 210, 0, 0, 0, 65, 1, 0.008, 0.008, 127.4, 49.701, 100, 0, 0, 141, 40.655, 40.732, 12.054, 1.108, 0, 107.948, 0, 0, 115.948, 48.662, 0, 0, 0, 0, 
48.35, 17.65, 100.321, 73.4, 74.151, , 5.39, 0.986, 3222.48, 3222.48, 2.499, 129.792, 129.792, 129.792, 51.304, 74.633, 35.371, 36.009, 7.38, 13.189, 0, 0, 16.764, 17.001, 16.764, 17.001, 1, 49.126, 49.126, 0.024, 0.134, 34.944, 35.435, 34.944, 35.435, 4.92, 7.38, 13.189, , , 1, 48.411, 0, 0, 14.5, 2.499, 210, 0, 0, 0, 65, 7.802, 7.483, 127.4, 49.549, 100, 0, 0, 40.965, 41.197, 12.157, 1.104, 107.844, 0, 0, 115.844, 49.046, 0, 0, 0, 0, 0, 14, 0, 14.5, 0, 2.499, 210, 0, 0, 0, 65, 1, 0.008, 0.008, 127.4, 49.549, 100, 0, 0, 141, 40.965, 41.197, 12.157, 1.104, 0, 107.844, 0, 0, 115.844, 49.046, 0, 0, 0, 0, 
48.4, 17.65, 100.321, 73.4, 74.153, , 5.35, 0.986, 3226.05, 3226.05, 2.522, 128.872, 128.872, 128.872, 51.331, 75.536, 35.58, 35.8, 7.38, 13.201, 0, 0, 16.736, 16.972, 16.736, 16.972, 1, 49.391, 49.391, 0.024, 0.134, 34.677, 35.163, 34.677, 35.163, 4.893, 7.38, 13.201, , , 1, 48.461, 0, 0, 14.5, 2.522, 210, 0, 0, 0, 65, 7.756, 7.439, 127.4, 49.397, 100, 0, 0, 41.275, 41.662, 12.26, 1.1, 107.741, 0, 0, 115.741, 49.431, 0, 0, 0, 0, 0, 14, 0, 14.5, 0, 2.522, 210, 0, 0, 0, 65, 1, 0.008, 0.007, 127.4, 49.397, 100, 0, 0, 141, 41.275, 41.662, 12.26, 1.1, 0, 107.741, 0, 0, 115.741, 49.431, 0, 0, 0, 0, 
48.45, 17.65, 100.322, 73.4, 74.154, , 5.334, 0.986, 3229.597, 3229.597, 2.545, 128.48, 128.48, 128.48, 51.347, 76.44, 35.776, 35.599, 7.38, 13.209, 0, 0, 16.775, 17.012, 16.775, 17.012, 1, 49.655, 49.655, 0.024, 0.135, 34.558, 35.042, 34.558, 35.042, 4.866, 7.38, 13.209, , , 1, 48.511, 0, 0, 14.5, 2.545, 210, 0, 0, 0, 65, 7.711, 7.395, 127.4, 49.245, 100, 0, 0, 41.585, 42.127, 12.364, 1.096, 107.637, 0, 0, 115.637, 49.815, 0, 0, 0, 0, 0, 14, 0, 14.5, 0, 2.545, 210, 0, 0, 0, 65, 1, 0.008, 0.007, 127.4, 49.245, 100, 0, 0, 141, 41.585, 42.127, 12.364, 1.096, 0, 107.637, 0, 0, 115.637, 49.815, 0, 0, 0, 0, 
48.5, 17.65, 100.322, 73.4, 74.156, , 5.257, 0.986, 3233.245, 3233.245, 2.567, 126.653, 126.653, 126.653, 51.356, 77.344, 35.663, 35.561, 7.38, 13.213, 0, 0, 16.623, 16.858, 16.623, 16.858, 1, 49.918, 49.918, 0.024, 0.135, 34.062, 34.538, 34.062, 34.538, 4.848, 7.38, 13.213, , , 1, 48.561, 0, 0, 14.5, 2.567, 210, 0, 0, 0, 65, 7.665, 7.35, 127.4, 49.094, 100, 0, 0, 41.895, 42.592, 12.467, 1.091, 107.533, 0, 0, 115.533, 50.199, 0, 0, 0, 0, 0, 14, 0, 14.5, 0, 2.567, 210, 0, 0, 0, 65, 1, 0.008, 0.007, 127.4, 49.094, 100, 0, 0, 141, 41.895, 42.592, 12.467, 1.091, 0, 107.533, 0, 0, 115.533, 50.199, 0, 0, 0, 0, 
48.55, 17.65, 100.323, 73.4, 74.157, , 5.226, 0.986, 3236.893, 3236.893, 2.579, 125.944, 125.944, 125.944, 51.357, 78.248, 35.551, 35.524, 7.38, 13.217, 0, 0, 16.618, 16.852, 16.618, 16.852, 1, 50.179, 50.179, 0.024, 0.135, 33.872, 34.347, 33.872, 34.347, 4.838, 7.38, 13.217, , , 1, 48.611, 0, 0, 14.5, 2.579, 210, 0, 0, 0, 65, 7.649, 7.322, 127.4, 48.941, 100, 0, 0, 42.069, 42.853, 12.571, 1.09, 107.5, 0, 0, 115.359, 50.415, 0, 0, 0, 0, 0, 14, 0, 14.5, 0, 2.579, 210, 0, 0, 0, 65, 1, 0.008, 0.007, 127.4, 48.941, 100, 0, 0, 141, 42.069, 42.853, 12.571, 1.09, 0, 107.5, 0, 0, 115.359, 50.415, 0, 0, 0, 0, 
48.6, 17.65, 100.323, 73.4, 74.159, , 5.214, 0.986, 3240.542, 3240.542, 2.586, 125.647, 125.647, 125.647, 51.355, 79.151, 35.439, 35.486, 7.38, 13.22, 0, 0, 16.665, 16.901, 16.665, 16.901, 1, 50.437, 50.437, 0.024, 0.135, 33.792, 34.267, 33.792, 34.267, 4.828, 7.38, 13.22, , , 1, 48.661, 0, 0, 14.5, 2.586, 210, 0, 0, 0, 65, 7.647, 7.302, 127.4, 48.788, 100, 0, 0, 42.173, 43.009, 12.675, 1.09, 107.5, 0, 0, 115.151, 50.544, 0, 0, 0, 0, 0, 14, 0, 14.5, 0, 2.586, 210, 0, 0, 0, 65, 1, 0.008, 0.007, 127.4, 48.788, 100, 0, 0, 141, 42.173, 43.009, 12.675, 1.09, 0, 107.5, 0, 0, 115.151, 50.544, 0, 0, 0, 0, 
48.65, 17.65, 100.323, 73.4, 74.16, , 5.198, 0.986, 3244.204, 3244.204, 2.592, 125.277, 125.277, 125.277, 51.358, 80.055, 35.327, 35.449, 7.38, 13.225, 0, 0, 16.701, 16.939, 16.701, 16.939, 1, 50.694, 50.694, 0.024, 0.135, 33.69, 34.164, 33.69, 34.164, 4.818, 7.38, 13.225, , , 1, 48.711, 0, 0, 14.5, 2.592, 210, 0, 0, 0, 65, 7.644, 7.282, 127.4, 48.635, 100, 0, 0, 42.277, 43.166, 12.779, 1.09, 107.5, 0, 0, 114.944, 50.674, 0, 0, 0, 0, 0, 14, 0, 14.5, 0, 2.592, 210, 0, 0, 0, 65, 1, 0.008, 0.007, 127.4, 48.635, 100, 0, 0, 141, 42.277, 43.166, 12.779, 1.09, 0, 107.5, 0, 0, 114.944, 50.674, 0, 0, 0, 0, 
48.7, 17.649, 100.324, 73.4, 74.16, , 5.156, 0.986, 3247.91, 3247.91, 2.599, 124.287, 124.287, 124.287, 51.366, 80.959, 35.161, 35.46, 7.379, 13.234, 0, 0, 16.653, 16.891, 16.653, 16.891, 1, 50.951, 50.951, 0.024, 0.135, 33.418, 33.89, 33.418, 33.89, 4.81, 7.379, 13.234, , , 1, 48.761, 0, 0, 14.5, 2.599, 210, 0, 0, 0, 65, 7.642, 7.263, 127.4, 48.482, 100, 0, 0, 42.381, 43.322, 12.883, 1.09, 107.5, 0, 0, 114.737, 50.803, 0, 0, 0, 0, 0, 14, 0, 14.5, 0, 2.599, 210, 0, 0, 0, 65, 1, 0.008, 0.007, 127.4, 48.482, 100, 0, 0, 141, 42.381, 43.322, 12.883, 1.09, 0, 107.5, 0, 0, 114.737, 50.803, 0, 0, 0, 0, 
48.75, 17.648, 100.324, 73.4, 74.16, , 5.182, 0.986, 3251.616, 3251.616, 2.605, 124.899, 124.899, 124.899, 51.377, 81.863, 34.801, 35.64, 7.379, 13.243, 0, 0, 16.82, 17.059, 16.82, 17.059, 1, 51.207, 51.207, 0.024, 0.134, 33.574, 34.048, 33.574, 34.048, 4.806, 7.379, 13.243, , , 1, 48.811, 0, 0, 14.5, 2.605, 210, 0, 0, 0, 65, 7.64, 7.243, 127.4, 48.328, 100, 0, 0, 42.485, 43.478, 12.988, 1.09, 107.5, 0, 0, 114.529, 50.932, 0, 0, 0, 0, 0, 14, 0, 14.5, 0, 2.605, 210, 0, 0, 0, 65, 1, 0.008, 0.007, 127.4, 48.328, 100, 0, 0, 141, 42.485, 43.478, 12.988, 1.09, 0, 107.5, 0, 0, 114.529, 50.932, 0, 0, 0, 0, 
48.8, 17.646, 100.324, 73.4, 74.16, , 5.152, 0.986, 3255.323, 3255.323, 2.618, 124.201, 124.201, 124.201, 51.391, 82.766, 34.441, 35.82, 7.378, 13.253, 0, 0, 16.808, 17.046, 16.808, 17.046, 1, 51.463, 51.463, 0.024, 0.134, 33.376, 33.846, 33.376, 33.846, 4.803, 7.378, 13.253, , , 1, 48.861, 0, 0, 14.5, 2.618, 210, 0, 0, 0, 65, 7.611, 7.209, 127.4, 48.31, 100, 0, 0, 42.672, 43.758, 13, 1.09, 107.586, 0, 0, 114.414, 51.165, 0, 0, 0, 0, 0, 14, 0, 14.5, 0, 2.618, 210, 0, 0, 0, 65, 1, 0.008, 0.007, 127.4, 48.31, 100, 0, 0, 141, 42.672, 43.758, 13, 1.09, 0, 107.586, 0, 0, 114.414, 51.165, 0, 0, 0, 0, 
48.85, 17.645, 100.325, 73.4, 74.16, , 5.116, 0.986, 3259.056, 3259.056, 2.633, 123.345, 123.345, 123.345, 51.407, 83.67, 34.081, 36, 7.378, 13.259, 0, 0, 16.774, 17.011, 16.774, 17.011, 1, 51.719, 51.719, 0.024, 0.134, 33.136, 33.602, 33.136, 33.602, 4.799, 7.378, 13.259, , , 1, 48.911, 0, 0, 14.5, 2.633, 210, 0, 0, 0, 65, 7.577, 7.173, 127.4, 48.31, 100, 0, 0, 42.872, 44.058, 13, 1.09, 107.687, 0, 0, 114.313, 51.415, 0, 0, 0, 0, 0, 14, 0, 14.5, 0, 2.633, 210, 0, 0, 0, 65, 1, 0.008, 0.007, 127.4, 48.31, 100, 0, 0, 141, 42.872, 44.058, 13, 1.09, 0, 107.687, 0, 0, 114.313, 51.415, 0, 0, 0, 0, 
48.9, 17.644, 100.325, 73.4, 74.16, , 5.097, 0.986, 3262.823, 3262.823, 2.647, 122.904, 122.904, 122.904, 51.418, 84.574, 33.721, 36.18, 7.377, 13.254, 0, 0, 16.796, 17.033, 16.796, 17.033, 1, 51.972, 51.972, 0.024, 0.134, 33.01, 33.475, 33.01, 33.475, 4.799, 7.377, 13.254, , , 1, 48.96, 0, 0, 14.5, 2.647, 210, 0, 0, 0, 65, 7.543, 7.137, 127.4, 48.31, 100, 0, 0, 43.072, 44.358, 13, 1.09, 107.787, 0, 0, 114.213, 51.665, 0, 0, 0, 0, 0, 14, 0, 14.5, 0, 2.647, 210, 0, 0, 0, 65, 1, 0.007, 0.007, 127.4, 48.31, 100, 0, 0, 141, 43.072, 44.358, 13, 1.09, 0, 107.787, 0, 0, 114.213, 51.665, 0, 0, 0, 0, 
48.95, 17.643, 100.326, 73.4, 74.16, , 5.076, 0.986, 3266.589, 3266.589, 2.661, 122.42, 122.42, 122.42, 51.426, 85.478, 33.519, 36.272, 7.377, 13.245, 0, 0, 16.81, 17.047, 16.81, 17.047, 1, 52.225, 52.225, 0.024, 0.134, 32.875, 33.338, 32.875, 33.338, 4.808, 7.377, 13.245, , , 1, 49.01, 0, 0, 14.5, 2.661, 210, 0, 0, 0, 65, 7.509, 7.101, 127.4, 48.31, 100, 0, 0, 43.272, 44.658, 13, 1.09, 107.888, 0, 0, 114.112, 51.915, 0, 0, 0, 0, 0, 14, 0, 14.5, 0, 2.661, 210, 0, 0, 0, 65, 1, 0.007, 0.007, 127.4, 48.31, 100, 0, 0, 141, 43.272, 44.658, 13, 1.09, 0, 107.888, 0, 0, 114.112, 51.915, 0, 0, 0, 0, 
49, 17.642, 100.326, 73.4, 74.16, , 5.014, 0.986, 3270.415, 3270.415, 2.675, 120.958, 120.958, 120.958, 51.432, 83.139, 33.879, 36.056, 7.377, 13.229, 0, 0, 16.688, 16.923, 16.688, 16.923, 1, 52.475, 52.475, 0.024, 0.134, 32.479, 32.937, 32.479, 32.937, 4.817, 7.377, 13.229, , , 1, 49.061, 0, 0, 14.5, 2.675, 210, 0, 0, 0, 65, 7.475, 7.065, 127.4, 48.31, 100, 0, 0, 43.472, 44.958, 13, 1.09, 107.988, 0, 0, 114.012, 52.165, 0, 0, 0, 0, 0, 14, 0, 14.5, 0, 2.675, 210, 0, 0, 0, 65, 1, 0.007, 0.007, 127.4, 48.31, 100, 0, 0, 141, 43.472, 44.958, 13, 1.09, 0, 107.988, 0, 0, 114.012, 52.165, 0, 0, 0, 0, 
49.05, 17.641, 100.326, 73.4, 74.16, , 5.014, 0.986, 3274.243, 3274.243, 2.694, 120.97, 120.97, 120.97, 51.436, 80.519, 34.239, 35.84, 7.377, 13.212, 0, 0, 16.768, 17.006, 16.768, 17.006, 1, 52.738, 52.738, 0.024, 0.135, 32.481, 32.941, 32.481, 32.941, 4.825, 7.377, 13.212, , , 1, 49.111, 0, 0, 14.5, 2.694, 210, 0, 0, 0, 65, 7.46, 7.036, 127.4, 48.189, 100, 0, 0, 43.661, 45.161, 13, 1.093, 107.959, 0, 0, 113.795, 52.498, 0, 0, 0, 0, 0, 14, 0, 14.5, 0, 2.694, 210, 0, 0, 0, 65, 1, 0.007, 0.007, 127.4, 48.189, 100, 0, 0, 141, 43.661, 45.161, 13, 1.093, 0, 107.959, 0, 0, 113.795, 52.498, 0, 0, 0, 0, 
49.1, 17.64, 100.327, 73.4, 74.16, , 4.981, 0.986, 3279.105, 3279.105, 2.713, 120.193, 120.193, 120.193, 51.445, 77.899, 34.599, 35.624, 7.377, 13.192, 0, 0, 16.758, 16.997, 16.758, 16.997, 1, 53.113, 53.113, 0.024, 0.135, 32.266, 32.724, 32.266, 32.724, 4.834, 7.377, 13.192, , , 1, 49.16, 0, 0, 14.5, 2.713, 210, 0, 0, 0, 65, 7.449, 7.008, 127.4, 48.05, 100, 0, 0, 43.848, 45.348, 13, 1.097, 107.912, 0, 0, 113.562, 52.845, 0, 0, 0, 0, 0, 14, 0, 14.5, 0, 2.713, 210, 0, 0, 0, 65, 1, 0.007, 0.007, 127.4, 48.05, 100, 0, 0, 141, 43.848, 45.348, 13, 1.097, 0, 107.912, 0, 0, 113.562, 52.845, 0, 0, 0, 0, 
49.15, 17.638, 100.327, 73.4, 74.16, , 4.919, 0.986, 3284.255, 3284.255, 2.733, 118.717, 118.717, 118.717, 51.461, 75.279, 34.959, 35.408, 7.377, 13.173, 0, 0, 16.654, 16.892, 16.654, 16.892, 1, 53.363, 53.363, 0.024, 0.135, 31.86, 32.311, 31.86, 32.311, 4.849, 7.377, 13.173, , , 1, 49.21, 0, 0, 14.5, 2.733, 210, 0, 0, 0, 65, 7.438, 6.98, 127.4, 47.912, 100, 0, 0, 44.036, 45.536, 13, 1.101, 107.866, 0, 0, 113.328, 53.192, 0, 0, 0, 0, 0, 14, 0, 14.5, 0, 2.733, 210, 0, 0, 0, 65, 1, 0.007, 0.007, 127.4, 47.912, 100, 0, 0, 141, 44.036, 45.536, 13, 1.101, 0, 107.866, 0, 0, 113.328, 53.192, 0, 0, 0, 0, 
49.2, 17.637, 100.327, 73.4, 74.16, , 4.891, 0.986, 3288.145, 3288.145, 2.752, 118.048, 118.048, 118.048, 51.484, 72.659, 35.24, 35.248, 7.378, 13.156, 0, 0, 16.636, 16.874, 16.636, 16.874, 1, 53.605, 53.605, 0.024, 0.135, 31.668, 32.116, 31.668, 32.116, 4.864, 7.378, 13.156, , , 1, 49.261, 0, 0, 14.5, 2.752, 210, 0, 0, 0, 65, 7.427, 6.952, 127.4, 47.774, 100, 0, 0, 44.223, 45.723, 13, 1.104, 107.819, 0, 0, 113.095, 53.539, 0, 0, 0, 0, 0, 14, 0, 14.5, 0, 2.752, 210, 0, 0, 0, 65, 1, 0.007, 0.007, 127.4, 47.774, 100, 0, 0, 141, 44.223, 45.723, 13, 1.104, 0, 107.819, 0, 0, 113.095, 53.539, 0, 0, 0, 0, 
49.25, 17.636, 100.328, 73.4, 74.16, , 4.864, 0.986, 3292.037, 3292.037, 2.772, 117.429, 117.429, 117.429, 51.512, 70.039, 35.24, 35.284, 7.378, 13.138, 0, 0, 16.623, 16.861, 16.623, 16.861, 1, 53.847, 53.847, 0.024, 0.135, 31.487, 31.931, 31.487, 31.931, 4.879, 7.378, 13.138, , , 1, 49.311, 0, 0, 14.5, 2.772, 210, 0, 0, 0, 65, 7.415, 6.923, 127.4, 47.636, 100, 0, 0, 44.41, 45.91, 13, 1.108, 107.772, 0, 0, 112.862, 53.886, 0, 0, 0, 0, 0, 14, 0, 14.5, 0, 2.772, 210, 0, 0, 0, 65, 1, 0.007, 0.007, 127.4, 47.636, 100, 0, 0, 141, 44.41, 45.91, 13, 1.108, 0, 107.772, 0, 0, 112.862, 53.886, 0, 0, 0, 0, 
49.3, 17.635, 100.328, 73.4, 74.16, , 4.821, 0.986, 3295.929, 3295.929, 2.785, 116.396, 116.396, 116.396, 51.54, 67.418, 35.24, 35.32, 7.38, 13.119, 0, 0, 16.551, 16.788, 16.551, 16.788, 1, 54.086, 54.086, 0.024, 0.135, 31.193, 31.632, 31.193, 31.632, 4.893, 7.38, 13.119, , , 1, 49.361, 0, 0, 14.5, 2.785, 210, 0, 0, 0, 65, 7.394, 6.907, 127.4, 47.53, 100, 0, 0, 44.5, 46, 13, 1.11, 107.723, 0, 0, 112.723, 54.125, 0, 0, 0, 0, 0, 14, 0, 14.5, 0, 2.785, 210, 0, 0, 0, 65, 1, 0.007, 0.007, 127.4, 47.53, 100, 0, 0, 141, 44.5, 46, 13, 1.11, 0, 107.723, 0, 0, 112.723, 54.125, 0, 0, 0, 0, 
49.35, 17.634, 100.329, 73.4, 74.16, , 4.778, 0.986, 3299.869, 3299.869, 2.792, 115.396, 115.396, 115.396, 51.562, 64.798, 35.24, 35.356, 7.381, 13.1, 0, 0, 16.481, 16.717, 16.481, 16.717, 1, 54.325, 54.325, 0.024, 0.134, 30.912, 31.347, 30.912, 31.347, 4.896, 7.381, 13.1, , , 1, 49.411, 0, 0, 14.5, 2.792, 210, 0, 0, 0, 65, 7.363, 6.901, 127.4, 47.453, 100, 0, 0, 44.5, 46, 13, 1.11, 107.671, 0, 0, 112.671, 54.254, 0, 0, 0, 0, 0, 14, 0, 14.5, 0, 2.792, 210, 0, 0, 0, 65, 1, 0.007, 0.007, 127.4, 47.453, 100, 0, 0, 141, 44.5, 46, 13, 1.11, 0, 107.671, 0, 0, 112.671, 54.254, 0, 0, 0, 0, 
49.4, 17.633, 100.329, 73.4, 74.16, , 4.742, 0.986, 3303.826, 3303.826, 2.799, 114.537, 114.537, 114.537, 51.574, 62.178, 35.24, 35.392, 7.383, 13.079, 0, 0, 16.429, 16.665, 16.429, 16.665, 1, 54.561, 54.561, 0.024, 0.134, 30.674, 31.107, 30.674, 31.107, 4.897, 7.383, 13.079, , , 1, 49.461, 0, 0, 14.5, 2.799, 210, 0, 0, 0, 65, 7.332, 6.894, 127.4, 47.376, 100, 0, 0, 44.5, 46, 13, 1.11, 107.619, 0, 0, 112.619, 54.383, 0, 0, 0, 0, 0, 14, 0, 14.5, 0, 2.799, 210, 0, 0, 0, 65, 1, 0.007, 0.007, 127.4, 47.376, 100, 0, 0, 141, 44.5, 46, 13, 1.11, 0, 107.619, 0, 0, 112.619, 54.383, 0, 0, 0, 0, 
49.45, 17.632, 100.329, 73.4, 74.16, , 4.701, 0.986, 3307.783, 3307.783, 2.807, 113.573, 113.573, 113.573, 51.574, 59.558, 35.232, 35.404, 7.384, 13.058, 0, 0, 16.36, 16.595, 16.36, 16.595, 1, 54.795, 54.795, 0.024, 0.134, 30.415, 30.844, 30.415, 30.844, 4.897, 7.384, 13.058, , , 1, 49.511, 0, 0, 14.5, 2.807, 210, 0, 0, 0, 65, 7.3, 6.888, 127.4, 47.299, 100, 0, 0, 44.5, 46, 13, 1.11, 107.567, 0, 0, 112.567, 54.512, 0, 0, 0, 0, 0, 14, 0, 14.5, 0, 2.807, 210, 0, 0, 0, 65, 1, 0.007, 0.007, 127.4, 47.299, 100, 0, 0, 141, 44.5, 46, 13, 1.11, 0, 107.567, 0, 0, 112.567, 54.512, 0, 0, 0, 0, 
49.5, 17.63, 100.33, 73.4, 74.16, , 4.644, 0.986, 3311.753, 3311.753, 2.814, 112.223, 112.223, 112.223, 51.565, 56.938, 35.196, 35.332, 7.384, 13.046, 0, 0, 16.234, 16.465, 16.234, 16.465, 1, 55.023, 55.023, 0.024, 0.134, 30.057, 30.482, 30.057, 30.482, 4.897, 7.384, 13.046, , , 1, 49.561, 0, 0, 14.5, 2.814, 210, 0, 0, 0, 65, 7.269, 6.882, 127.4, 47.222, 100, 0, 0, 44.5, 46, 13, 1.11, 107.515, 0, 0, 112.515, 54.641, 0, 0, 0, 0, 0, 14, 0, 14.5, 0, 2.814, 210, 0, 0, 0, 65, 1, 0.007, 0.007, 127.4, 47.222, 100, 0, 0, 141, 44.5, 46, 13, 1.11, 0, 107.515, 0, 0, 112.515, 54.641, 0, 0, 0, 0, 
49.55, 17.629, 100.33, 73.4, 74.16, , 4.581, 0.986, 3315.779, 3315.779, 2.828, 110.741, 110.741, 110.741, 51.55, 54.318, 35.16, 35.26, 7.384, 13.034, 0, 0, 16.086, 16.316, 16.086, 16.316, 1, 55.251, 55.251, 0.024, 0.134, 29.67, 30.09, 29.67, 30.09, 4.908, 7.384, 13.034, , , 1, 49.611, 0, 0.001, 14.5, 2.828, 210.133, 0, 0, 0, 64.87, 7.222, 6.846, 127.4, 47.028, 100, 0, 0, 44.597, 46, 12.933, 1.107, 107.3, 0, 0, 112.3, 54.922, 0, 0, 0, 0, 0, 14, 0.001, 14.5, 0, 2.828, 210.133, 0, 0, 0, 64.87, 1, 0.007, 0.007, 127.4, 47.028, 100, 0, 0, 141, 44.597, 46, 12.933, 1.107, 0, 107.3, 0, 0, 112.3, 54.922, 0, 0, 0, 0, 
49.6, 17.628, 100.33, 73.4, 74.16, , 4.503, 0.986, 3319.805, 3319.805, 2.845, 108.902, 108.902, 108.902, 51.54, 51.697, 35.124, 35.188, 7.382, 13.025, 0, 0, 15.884, 16.111, 15.884, 16.111, 1, 55.476, 55.476, 0.024, 0.134, 29.182, 29.595, 29.182, 29.595, 4.921, 7.382, 13.025, , , 1, 49.66, 0, 0.003, 14.5, 2.845, 210.319, 0, 0, 0, 64.685, 7.167, 6.797, 127.4, 46.789, 100, 0, 0, 44.736, 46, 12.841, 1.104, 107.022, 0, 0, 112.022, 55.267, 0, 0, 0, 0, 0, 14, 0.003, 14.5, 0, 2.845, 210.319, 0, 0, 0, 64.685, 1, 0.007, 0.007, 127.4, 46.789, 100, 0, 0, 141, 44.736, 46, 12.841, 1.104, 0, 107.022, 0, 0, 112.022, 55.267, 0, 0, 0, 0, 
49.65, 17.627, 100.33, 73.4, 74.16, , 4.421, 0.986, 3323.831, 3323.831, 2.861, 106.943, 106.943, 106.943, 51.545, 49.077, 35.088, 35.116, 7.381, 13.016, 0, 0, 15.659, 15.882, 15.659, 15.882, 1, 55.696, 55.696, 0.024, 0.134, 28.656, 29.06, 28.656, 29.06, 4.934, 7.381, 13.016, , , 1, 49.71, 0, 0.005, 14.5, 2.861, 210.504, 0, 0, 0, 64.5, 7.113, 6.748, 127.4, 46.55, 100, 0, 0, 44.875, 46, 12.748, 1.1, 106.744, 0, 0, 111.744, 55.613, 0, 0, 0, 0, 0, 14, 0.005, 14.5, 0, 2.861, 210.504, 0, 0, 0, 64.5, 1, 0.007, 0.007, 127.4, 46.55, 100, 0, 0, 141, 44.875, 46, 12.748, 1.1, 0, 106.744, 0, 0, 111.744, 55.613, 0, 0, 0, 0, 
49.7, 17.626, 100.33, 73.4, 74.16, , 4.285, 0.986, 3327.907, 3327.907, 2.878, 103.732, 103.732, 103.732, 51.564, 46.457, 35.028, 35.108, 7.379, 13.007, 0, 0, 15.246, 15.462, 15.246, 15.462, 1, 55.911, 55.911, 0.024, 0.134, 27.785, 28.177, 27.785, 28.177, 4.947, 7.379, 13.007, , , 1, 49.76, 0, 0.007, 14.5, 2.878, 210.689, 0, 0, 0, 64.315, 7.058, 6.698, 127.4, 46.311, 100, 0, 0, 45.014, 46, 12.656, 1.096, 106.467, 0, 0, 111.467, 55.958, 0, 0, 0, 0, 0, 14, 0.007, 14.5, 0, 2.878, 210.689, 0, 0, 0, 64.315, 1, 0.007, 0.007, 127.4, 46.311, 100, 0, 0, 141, 45.014, 46, 12.656, 1.096, 0, 106.467, 0, 0, 111.467, 55.958, 0, 0, 0, 0, 
49.75, 17.625, 100.33, 73.4, 74.16, , 4.082, 0.986, 3331.964, 3331.964, 2.895, 98.933, 98.933, 98.933, 51.601, 43.837, 34.884, 35.324, 7.378, 12.997, 0, 0, 14.592, 14.798, 14.592, 14.798, 1, 56.122, 56.122, 0.024, 0.134, 26.483, 26.855, 26.483, 26.855, 4.967, 7.378, 12.997, , , 1, 49.81, 0, 0.009, 14.5, 2.895, 210.874, 0, 0, 0, 64.13, 7.003, 6.649, 127.4, 46.072, 100, 0, 0, 45.153, 46, 12.563, 1.093, 106.189, 0, 0, 111.189, 56.303, 0, 0, 0, 0, 0, 14, 0.009, 14.5, 0, 2.895, 210.874, 0, 0, 0, 64.13, 1, 0.007, 0.007, 127.4, 46.072, 100, 0, 0, 141, 45.153, 46, 12.563, 1.093, 0, 106.189, 0, 0, 111.189, 56.303, 0, 0, 0, 0, 
49.8, 17.624, 100.33, 73.4, 74.16, , 3.77, 0.986, 3336.019, 3336.019, 2.908, 91.529, 91.529, 91.529, 51.657, 53.212, 34.74, 35.54, 7.378, 12.973, 0, 0, 13.541, 13.733, 13.541, 13.733, 1, 56.319, 56.319, 0.024, 0.134, 24.48, 24.823, 24.48, 24.823, 4.993, 7.378, 12.973, , , 1, 49.86, 0, 0.011, 14.5, 2.908, 211.069, 0, 0, 0, 63.935, 6.952, 6.604, 127.4, 45.847, 100, 0, 0, 45.266, 46, 12.466, 1.089, 105.931, 0, 0, 110.931, 56.585, 0, 0, 0, 0, 0, 14, 0.011, 14.5, 0, 2.908, 211.069, 0, 0, 0, 63.935, 1, 0.007, 0.006, 127.4, 45.847, 100, 0, 0, 141, 45.266, 46, 12.466, 1.089, 0, 105.931, 0, 0, 110.931, 56.585, 0, 0, 0, 0, 
49.85, 17.622, 100.33, 73.4, 74.16, , 3.309, 0.986, 3340.134, 3340.134, 2.915, 80.601, 80.601, 80.601, 51.721, 65.947, 34.596, 35.756, 7.377, 12.949, 0, 0, 11.956, 12.125, 11.956, 12.125, 1, 56.494, 56.494, 0.024, 0.134, 21.534, 21.837, 21.534, 21.837, 5.019, 7.377, 12.949, , , 1, 49.911, 0, 0.013, 14.5, 2.915, 211.283, 0, 0, 0, 63.72, 6.908, 6.566, 127.4, 45.649, 100, 0, 0, 45.32, 46, 12.358, 1.084, 105.717, 0, 0, 110.717, 56.719, 0, 0, 0, 0, 0, 14, 0.013, 14.5, 0, 2.915, 211.283, 0, 0, 0, 63.72, 1, 0.007, 0.006, 127.4, 45.649, 100, 0, 0, 141, 45.32, 46, 12.358, 1.084, 0, 105.717, 0, 0, 110.717, 56.719, 0, 0, 0, 0, 
49.9, 17.621, 100.33, 73.4, 74.16, , 2.737, 0.986, 3344.294, 3344.294, 2.922, 67.03, 67.03, 67.03, 51.792, 66.322, 34.452, 35.972, 7.378, 12.915, 0, 0, 9.966, 10.108, 9.966, 10.108, 1, 56.644, 56.644, 0.024, 0.134, 17.889, 18.141, 17.889, 18.141, 5.045, 7.378, 12.915, , , 1, 49.961, 0, 0.015, 14.5, 2.922, 211.498, 0, 0, 0, 63.504, 6.864, 6.529, 127.4, 45.452, 100, 0, 0, 45.373, 46, 12.251, 1.08, 105.502, 0, 0, 110.502, 56.853, 0, 0, 0, 0, 0, 14, 0.015, 14.5, 0, 2.922, 211.498, 0, 0, 0, 63.504, 1, 0.007, 0.006, 127.4, 45.452, 100, 0, 0, 141, 45.374, 46, 12.251, 1.08, 0, 105.502, 0, 0, 110.502, 56.853, 0, 0, 0, 0, 
49.95, 17.62, 100.33, 73.4, 74.16, , 2.118, 0.986, 3348.389, 3348.389, 2.93, 52.332, 52.332, 52.332, 51.871, 66.697, 34.388, 36.14, 7.378, 12.881, 0, 0, 7.798, 7.908, 7.798, 7.908, 1, 56.766, 56.766, 0.024, 0.134, 13.95, 14.146, 13.95, 14.146, 5.079, 7.378, 12.881, , , 1, 50.011, 0, 0.017, 14.5, 2.93, 211.712, 0, 0, 0, 63.289, 6.82, 6.491, 127.4, 45.255, 100, 0, 0, 45.427, 46, 12.144, 1.076, 105.288, 0, 0, 110.288, 56.988, 0, 0, 0, 0, 0, 14, 0.017, 14.5, 0, 2.93, 211.712, 0, 0, 0, 63.289, 1, 0.007, 0.006, 127.4, 45.255, 100, 0, 0, 141, 45.428, 46, 12.144, 1.076, 0, 105.288, 0, 0, 110.288, 56.988, 0, 0, 0, 0, 
50, 17.62, 100.33, 73.4, 74.16, , 1.479, 0.986, 3352.559, 3352.559, 2.937, 37.189, 37.189, 37.189, 51.961, 67.072, 34.604, 36.14, 7.379, 12.846, 0, 0, 5.55, 5.629, 5.55, 5.629, 1, 56.857, 56.857, 0.024, 0.135, 9.902, 10.041, 9.902, 10.041, 5.119, 7.379, 12.846, , , 1, 50.061, 0, 0.019, 14.5, 2.937, 211.927, 0, 0, 0, 63.073, 6.776, 6.454, 127.4, 45.057, 100, 0, 0, 45.481, 46, 12.036, 1.072, 105.073, 0, 0, 110.073, 57.122, 0, 0, 0, 0, 0, 14, 0.019, 14.5, 0, 2.937, 211.927, 0, 0, 0, 63.073, 1, 0.007, 0.006, 127.4, 45.057, 100, 0, 0, 141, 45.482, 46, 12.036, 1.072, 0, 105.073, 0, 0, 110.073, 57.122, 0, 0, 0, 0, 
50.05, 17.62, 100.33, 73.4, 74.16, , 0.853, 0.986, 3356.729, 3356.729, 2.944, 22.326, 22.326, 22.326, 52.057, 67.447, 34.82, 36.14, 7.379, 12.811, 0, 0, 3.336, 3.384, 3.336, 3.384, 1, 56.915, 56.915, 0.024, 0.135, 5.94, 6.025, 5.94, 6.025, 5.159, 7.379, 12.811, , , 1, 50.111, 0, 0.019, 14.5, 2.944, 211.872, 0, 0, 0, 62.744, 6.708, 6.375, 127.4, 44.659, 100, 0, 0, 45.5, 46, 11.808, 1.065, 104.904, 0, 0, 109.904, 57.17, 0, 0, 0, 0, 0, 14, 0.019, 14.5, 0, 2.944, 211.872, 0, 0, 0, 62.744, 1, 0.007, 0.006, 127.4, 44.659, 100, 0, 0, 141, 45.5, 46, 11.808, 1.065, 0, 104.904, 0, 0, 109.904, 57.17, 0, 0, 0, 0, 
50.1, 17.62, 100.33, 73.4, 74.16, , 0.296, 0.986, 3360.899, 3360.899, 2.952, 9.128, 9.128, 9.128, 52.147, 67.822, 35.036, 36.14, 7.38, 12.785, 0, 0, 1.365, 1.384, 1.365, 1.384, 1, 56.945, 56.945, 0.024, 0.135, 2.434, 2.468, 2.434, 2.468, 5.199, 7.38, 12.785, , , 1, 50.161, 0, 0.018, 14.5, 2.952, 211.678, 0, 0, 0, 62.357, 6.628, 6.274, 127.4, 44.157, 100, 0, 0, 45.5, 46, 11.517, 1.057, 104.759, 0, 0, 109.759, 57.17, 0, 0, 0, 0, 0, 14, 0.018, 14.5, 0, 2.952, 211.678, 0, 0, 0, 62.357, 1, 0.007, 0.006, 127.4, 44.157, 100, 0, 0, 141, 45.5, 46, 11.517, 1.057, 0, 104.759, 0, 0, 109.759, 57.17, 0, 0, 0, 0, 
50.15, 17.62, 100.33, 73.4, 74.16, , -0.203, 0.986, 3365.068, 3365.068, 2.96, -2.731, -2.731, -2.731, 52.234, 68.197, 35.252, 36.14, 7.38, 12.758, 0, 0, -0.408, -0.414, -0.408, -0.414, 1, 56.948, 56.948, 0.024, 0.135, -0.707, -0.72, -0.707, -0.72, 5.231, 7.38, 12.758, , , 1, 50.211, 0, 0.017, 14.5, 2.96, 211.484, 0, 0, 0, 61.969, 6.547, 6.173, 127.4, 43.655, 100, 0, 0, 45.5, 46, 11.227, 1.049, 104.613, 0, 0, 109.613, 57.17, 0, 0, 0, 0, 0, 14, 0.017, 14.5, 0, 2.96, 211.484, 0, 0, 0, 61.969, 1, 0.006, 0.006, 127.4, 43.655, 100, 0, 0, 141, 45.5, 46, 11.227, 1.049, 0, 104.613, 0, 0, 109.613, 57.17, 0, 0, 0, 0, 
50.2, 17.62, 100.33, 73.4, 74.16, , -0.658, 0.986, 3369.237, 3369.237, 2.968, -13.52, -13.52, -13.52, 52.313, 68.572, 35.452, 36.116, 7.38, 12.74, 0, 0, -2.021, -2.05, -2.021, -2.05, 1, 56.927, 56.927, 0.024, 0.135, -3.557, -3.611, -3.557, -3.611, 5.244, 7.38, 12.74, , , 1, 50.261, 0, 0.016, 14.5, 2.968, 211.291, 0, 0, 0, 61.581, 6.466, 6.072, 127.4, 43.153, 100, 0, 0, 45.5, 46, 10.936, 1.042, 104.468, 0, 0, 109.468, 57.17, 0, 0, 0, 0, 0, 14, 0.016, 14.5, 0, 2.968, 211.291, 0, 0, 0, 61.581, 1, 0.006, 0.006, 127.4, 43.153, 100, 0, 0, 141, 45.5, 46, 10.936, 1.042, 0, 104.468, 0, 0, 109.468, 57.17, 0, 0, 0, 0, 
50.25, 17.62, 100.33, 73.4, 74.16, , -1.082, 0.986, 3373.407, 3373.407, 2.976, -23.565, -23.565, -23.565, 52.383, 68.947, 35.596, 36.008, 7.379, 12.723, 0, 0, -3.52, -3.571, -3.52, -3.571, 1, 56.881, 56.881, 0.024, 0.135, -6.203, -6.293, -6.203, -6.293, 5.257, 7.379, 12.723, , , 1, 50.311, 0, 0.015, 14.5, 2.976, 211.097, 0, 0, 0, 61.194, 6.385, 5.971, 127.4, 42.651, 100, 0, 0, 45.5, 46, 10.645, 1.034, 104.323, 0, 0, 109.323, 57.17, 0, 0, 0, 0, 0, 14, 0.015, 14.5, 0, 2.976, 211.097, 0, 0, 0, 61.194, 1, 0.006, 0.006, 127.4, 42.651, 100, 0, 0, 141, 45.5, 46, 10.645, 1.034, 0, 104.323, 0, 0, 109.323, 57.17, 0, 0, 0, 0, 
50.3, 17.62, 100.33, 73.4, 74.16, , -1.475, 0.986, 3377.577, 3377.577, 2.98, -32.89, -32.89, -32.89, 52.436, 69.321, 35.74, 35.9, 7.379, 12.711, 0, 0, -4.908, -4.979, -4.908, -4.979, 1, 56.816, 56.816, 0.024, 0.135, -8.654, -8.778, -8.654, -8.778, 5.27, 7.379, 12.711, , , 1, 50.361, 0, 0.013, 14.5, 2.98, 211.105, 0, 0, 0, 61, 6.341, 5.914, 127.4, 42.4, 100, 0, 0, 45.5, 46, 10.552, 1.029, 104.224, 0, 0, 109.224, 57.17, 0, 0, 0, 0, 0, 14, 0.013, 14.5, 0, 2.98, 211.105, 0, 0, 0, 61, 1, 0.006, 0.006, 127.4, 42.4, 100, 0, 0, 141, 45.5, 46, 10.552, 1.029, 0, 104.224, 0, 0, 109.224, 57.17, 0, 0, 0, 0, 
50.35, 17.62, 100.33, 73.4, 74.16, , -1.805, 0.986, 3381.747, 3381.747, 2.979, -40.734, -40.734, -40.734, 52.481, 69.696, 35.884, 35.792, 7.378, 12.7, 0, 0, -6.073, -6.159, -6.073, -6.159, 1, 56.732, 56.732, 0.024, 0.135, -10.712, -10.866, -10.712, -10.866, 5.281, 7.378, 12.7, , , 1, 50.411, 0, 0.01, 14.5, 2.979, 211.314, 0, 0, 0, 61, 6.334, 5.901, 127.4, 42.4, 100, 0, 0, 45.5, 46, 10.657, 1.027, 104.172, 0, 0, 109.172, 57.17, 0, 0, 0, 0, 0, 14, 0.01, 14.5, 0, 2.979, 211.314, 0, 0, 0, 61, 1, 0.006, 0.006, 127.4, 42.4, 100, 0, 0, 141, 45.5, 46, 10.657, 1.027, 0, 104.172, 0, 0, 109.172, 57.17, 0, 0, 0, 0, 
50.4, 17.62, 100.33, 73.4, 74.16, , -2.057, 0.986, 3385.915, 3385.915, 2.979, -46.711, -46.711, -46.711, 52.521, 70.071, 36.028, 35.684, 7.378, 12.69, 0, 0, -6.952, -7.051, -6.952, -7.051, 1, 56.634, 56.634, 0.024, 0.135, -12.278, -12.453, -12.278, -12.453, 5.27, 7.378, 12.69, , , 1, 50.461, 0, 0.007, 14.5, 2.979, 211.523, 0, 0, 0, 61, 6.327, 5.889, 127.4, 42.4, 100, 0, 0, 45.5, 46, 10.762, 1.025, 104.119, 0, 0, 109.119, 57.17, 0, 0, 0, 0, 0, 14, 0.007, 14.5, 0, 2.979, 211.523, 0, 0, 0, 61, 1, 0.006, 0.006, 127.4, 42.4, 100, 0, 0, 141, 45.5, 46, 10.762, 1.025, 0, 104.119, 0, 0, 109.119, 57.17, 0, 0, 0, 0, 
50.45, 17.62, 100.33, 73.4, 74.16, , -2.22, 0.986, 3390.085, 3390.085, 2.979, -50.582, -50.582, -50.582, 52.554, 70.446, 36.069, 35.624, 7.378, 12.681, 0, 0, -7.515, -7.622, -7.515, -7.622, 1, 56.526, 56.526, 0.024, 0.135, -13.289, -13.478, -13.289, -13.478, 5.258, 7.378, 12.681, , , 1, 50.511, 0, 0.004, 14.5, 2.979, 211.732, 0, 0, 0, 61, 6.319, 5.876, 127.4, 42.4, 100, 0, 0, 45.5, 46, 10.866, 1.023, 104.067, 0, 0, 109.067, 57.17, 0, 0, 0, 0, 0, 14, 0.004, 14.5, 0, 2.979, 211.732, 0, 0, 0, 61, 1, 0.006, 0.006, 127.4, 42.4, 100, 0, 0, 141, 45.5, 46, 10.866, 1.023, 0, 104.067, 0, 0, 109.067, 57.17, 0, 0, 0, 0, 
50.5, 17.62, 100.33, 73.4, 74.16, , -2.355, 0.986, 3394.255, 3394.255, 2.978, -53.782, -53.782, -53.782, 52.578, 70.821, 35.745, 35.732, 7.379, 12.679, 0, 0, -7.976, -8.089, -7.976, -8.089, 1, 56.412, 56.412, 0.024, 0.135, -14.126, -14.326, -14.126, -14.326, 5.247, 7.379, 12.679, , , 1, 50.561, 0, 0.001, 14.5, 2.978, 211.941, 0, 0, 0, 61, 6.312, 5.864, 127.4, 42.4, 100, 0, 0, 45.5, 46, 10.971, 1.021, 104.015, 0, 0, 109.015, 57.17, 0, 0, 0, 0, 0, 14, 0.001, 14.5, 0, 2.978, 211.941, 0, 0, 0, 61, 1, 0.006, 0.006, 127.4, 42.4, 100, 0, 0, 141, 45.5, 46, 10.971, 1.021, 0, 104.015, 0, 0, 109.015, 57.17, 0, 0, 0, 0, 
50.55, 17.62, 100.33, 73.4, 74.16, , -2.485, 0.986, 3398.367, 3398.367, 2.972, -56.862, -56.862, -56.862, 52.595, 71.196, 35.421, 35.84, 7.379, 12.678, 0, 0, -8.414, -8.534, -8.414, -8.534, 1, 56.292, 56.292, 0.024, 0.134, -14.931, -15.142, -14.931, -15.142, 5.236, 7.379, 12.678, , , 1, 50.611, 0.008, 0, 14.5, 2.972, 212, 0, 0, 0, 61.144, 6.33, 5.88, 127.4, 42.612, 100, 0, 0, 45.5, 46, 11.072, 1.023, 104.144, 0, 0, 109.072, 57.079, 0, 0, 0.008, 0, 0, 14, 0, 14.5, 0, 2.972, 212, 0, 0, 0, 61.144, 1, 0.006, 0.006, 127.4, 42.612, 100, 0, 0, 141, 45.5, 46, 11.072, 1.023, 0, 104.144, 0, 0, 109.144, 57.079, 0, 0, 0, 0, 
50.6, 17.62, 100.33, 73.4, 74.16, , -2.621, 0.986, 3402.511, 3402.511, 2.963, -60.108, -60.108, -60.108, 52.608, 71.571, 35.097, 35.948, 7.38, 12.678, 0, 0, -8.873, -9, -8.873, -9, 1, 56.164, 56.164, 0.024, 0.134, -15.779, -16.003, -15.779, -16.003, 5.239, 7.38, 12.678, , , 1, 50.661, 0.019, 0, 14.5, 2.963, 212, 0, 0, 0, 61.344, 6.358, 5.908, 127.4, 42.907, 100, 0, 0, 45.5, 46, 11.172, 1.027, 104.344, 0, 0, 109.172, 56.953, 0, 0, 0.019, 0, 0, 14, 0, 14.5, 0, 2.963, 212, 0, 0, 0, 61.344, 1, 0.006, 0.006, 127.4, 42.907, 100, 0, 0, 141, 45.5, 46, 11.172, 1.027, 0, 104.344, 0, 0, 109.344, 56.953, 0, 0, 0, 0, 
50.65, 17.62, 100.33, 73.4, 74.16, , -2.793, 0.986, 3406.641, 3406.641, 2.954, -64.185, -64.185, -64.185, 52.624, 71.946, 34.773, 36.056, 7.38, 12.677, 0, 0, -9.451, -9.586, -9.451, -9.586, 1, 56.029, 56.029, 0.024, 0.134, -16.842, -17.082, -16.842, -17.082, 5.245, 7.38, 12.677, , , 1, 50.71, 0.03, 0, 14.5, 2.954, 212, 0, 0, 0, 61.544, 6.386, 5.936, 127.4, 43.202, 100, 0, 0, 45.5, 46, 11.272, 1.031, 104.544, 0, 0, 109.272, 56.827, 0, 0, 0.03, 0, 0, 14, 0, 14.5, 0, 2.954, 212, 0, 0, 0, 61.544, 1, 0.006, 0.006, 127.4, 43.202, 100, 0, 0, 141, 45.5, 46, 11.272, 1.031, 0, 104.544, 0, 0, 109.544, 56.827, 0, 0, 0, 0, 
50.7, 17.62, 100.33, 73.4, 74.16, , -3.031, 0.986, 3410.767, 3410.767, 2.945, -69.829, -69.829, -69.829, 52.648, 72.32, 34.599, 36.1, 7.38, 12.684, 0, 0, -10.254, -10.399, -10.254, -10.399, 1, 55.883, 55.883, 0.024, 0.134, -18.313, -18.573, -18.313, -18.573, 5.251, 7.38, 12.684, , , 1, 50.76, 0.041, 0, 14.5, 2.945, 212, 0, 0, 0, 61.744, 6.414, 5.964, 127.4, 43.497, 100, 0, 0, 45.5, 46, 11.372, 1.035, 104.744, 0, 0, 109.372, 56.701, 0, 0, 0.041, 0, 0, 14, 0, 14.5, 0, 2.945, 212, 0, 0, 0, 61.744, 1, 0.006, 0.006, 127.4, 43.497, 100, 0, 0, 141, 45.5, 46, 11.372, 1.035, 0, 104.744, 0, 0, 109.744, 56.701, 0, 0, 0, 0, 
50.75, 17.62, 100.33, 73.4, 74.16, , -3.329, 0.986, 3414.916, 3414.916, 2.936, -76.906, -76.906, -76.906, 52.683, 72.695, 34.959, 35.92, 7.379, 12.691, 0, 0, -11.26, -11.418, -11.26, -11.418, 1, 55.723, 55.723, 0.024, 0.134, -20.155, -20.441, -20.155, -20.441, 5.257, 7.379, 12.691, , , 1, 50.811, 0.052, 0, 14.5, 2.936, 212, 0, 0, 0, 61.944, 6.442, 5.992, 127.4, 43.792, 100, 0, 0, 45.5, 46, 11.472, 1.039, 104.944, 0, 0, 109.472, 56.575, 0, 0, 0.052, 0, 0, 14, 0, 14.5, 0, 2.936, 212, 0, 0, 0, 61.944, 1, 0.006, 0.006, 127.4, 43.792, 100, 0, 0, 141, 45.5, 46, 11.472, 1.039, 0, 104.944, 0, 0, 109.944, 56.575, 0, 0, 0, 0, 
50.8, 17.62, 100.33, 73.4, 74.16, , -3.631, 0.986, 3419.013, 3419.013, 2.927, -84.087, -84.087, -84.087, 52.719, 73.07, 35.319, 35.74, 7.379, 12.698, 0, 0, -12.272, -12.444, -12.272, -12.444, 1, 55.548, 55.548, 0.024, 0.134, -22.021, -22.333, -22.021, -22.333, 5.262, 7.379, 12.698, , , 1, 50.861, 0.055, 0, 14.5, 2.927, 212, 0, 0, 0, 62.149, 6.522, 6.064, 127.4, 44.096, 100, 0, 0, 45.425, 46, 11.575, 1.044, 105.075, 0, 0, 109.649, 56.355, 0, 0, 0.055, 0, 0, 14, 0, 14.5, 0, 2.927, 212, 0, 0, 0, 62.149, 1, 0.006, 0.006, 127.4, 44.096, 100, 0, 0, 141, 45.425, 46, 11.575, 1.044, 0, 105.075, 0, 0, 110.075, 56.355, 0, 0, 0, 0, 
50.85, 17.62, 100.33, 73.4, 74.16, , -3.945, 0.986, 3423.108, 3423.108, 2.918, -91.536, -91.536, -91.536, 52.754, 73.445, 35.679, 35.56, 7.378, 12.705, 0, 0, -13.314, -13.5, -13.314, -13.5, 1, 55.356, 55.356, 0.024, 0.134, -23.956, -24.296, -23.956, -24.296, 5.267, 7.378, 12.705, , , 1, 50.911, 0.055, 0, 14.5, 2.918, 212, 0, 0, 0, 62.357, 6.621, 6.153, 127.4, 44.404, 100, 0, 0, 45.322, 46, 11.679, 1.051, 105.179, 0, 0, 109.857, 56.098, 0, 0, 0.055, 0, 0, 14, 0, 14.5, 0, 2.918, 212, 0, 0, 0, 62.357, 1, 0.006, 0.006, 127.4, 44.404, 100, 0, 0, 141, 45.322, 46, 11.679, 1.051, 0, 105.179, 0, 0, 110.179, 56.098, 0, 0, 0, 0, 
50.9, 17.62, 100.33, 73.4, 74.16, , -4.24, 0.986, 3427.134, 3427.134, 2.909, -98.52, -98.52, -98.52, 52.788, 73.82, 36.039, 35.38, 7.378, 12.716, 0, 0, -14.278, -14.478, -14.278, -14.478, 1, 55.149, 55.149, 0.024, 0.134, -25.77, -26.134, -25.77, -26.134, 5.271, 7.378, 12.716, , , 1, 50.961, 0.055, 0, 14.5, 2.909, 212, 0, 0, 0, 62.564, 6.721, 6.243, 127.4, 44.711, 100, 0, 0, 45.218, 46, 11.783, 1.057, 105.283, 0, 0, 110.064, 55.84, 0, 0, 0.055, 0, 0, 14, 0, 14.5, 0, 2.909, 212, 0, 0, 0, 62.564, 1, 0.007, 0.006, 127.4, 44.711, 100, 0, 0, 141, 45.218, 46, 11.783, 1.057, 0, 105.283, 0, 0, 110.283, 55.84, 0, 0, 0, 0, 
50.95, 17.62, 100.33, 73.4, 74.16, , -4.515, 0.986, 3431.219, 3431.219, 2.901, -105.066, -105.066, -105.066, 52.821, 74.195, 36.288, 35.256, 7.377, 12.727, 0, 0, -15.164, -15.378, -15.164, -15.378, 1, 54.928, 54.928, 0.024, 0.134, -27.466, -27.855, -27.466, -27.855, 5.276, 7.377, 12.727, , , 1, 51.011, 0.055, 0, 14.5, 2.901, 212, 0, 0, 0, 62.772, 6.82, 6.332, 127.4, 45.018, 100, 0, 0, 45.114, 46, 11.888, 1.063, 105.388, 0, 0, 110.272, 55.583, 0, 0, 0.055, 0, 0, 14, 0, 14.5, 0, 2.901, 212, 0, 0, 0, 62.772, 1, 0.007, 0.006, 127.4, 45.018, 100, 0, 0, 141, 45.114, 46, 11.888, 1.063, 0, 105.388, 0, 0, 110.388, 55.583, 0, 0, 0, 0, 
51, 17.62, 100.33, 73.4, 74.16, , -4.733, 0.986, 3435.267, 3435.267, 2.892, -110.245, -110.245, -110.245, 52.85, 74.57, 36.144, 35.328, 7.377, 12.737, 0, 0, -15.845, -16.069, -15.845, -16.069, 1, 54.697, 54.697, 0.024, 0.134, -28.806, -29.214, -28.806, -29.214, 5.282, 7.377, 12.737, , , 1, 51.061, 0.055, 0, 14.5, 2.892, 212, 0, 0, 0, 62.979, 6.92, 6.421, 127.4, 45.325, 100, 0, 0, 45.01, 46, 11.992, 1.069, 105.492, 0, 0, 110.479, 55.326, 0, 0, 0.055, 0, 0, 14, 0, 14.5, 0, 2.892, 212, 0, 0, 0, 62.979, 1, 0.007, 0.006, 127.4, 45.325, 100, 0, 0, 141, 45.01, 46, 11.992, 1.069, 0, 105.492, 0, 0, 110.492, 55.326, 0, 0, 0, 0, 
51.05, 17.62, 100.33, 73.4, 74.16, , -4.9, 0.986, 3439.331, 3439.331, 2.88, -114.197, -114.197, -114.197, 52.871, 74.945, 36, 35.4, 7.377, 12.748, 0, 0, -16.343, -16.574, -16.343, -16.574, 1, 54.454, 54.454, 0.024, 0.134, -29.826, -30.249, -29.826, -30.249, 5.289, 7.377, 12.748, , , 1, 51.111, 0.043, 0, 14.5, 2.88, 212, 0, 0, 0, 63, 6.936, 6.424, 127.4, 45.427, 100, 0, 0, 45, 46, 12, 1.07, 105.552, 0, 0, 110.551, 55.173, 0, 0, 0.043, 0, 0, 14, 0, 14.5, 0, 2.88, 212, 0, 0, 0, 63, 1, 0.007, 0.006, 127.4, 45.427, 100, 0, 0, 141, 45, 46, 12, 1.07, 0, 105.552, 0, 0, 110.552, 55.173, 0, 0, 0, 0, 
51.1, 17.62, 100.33, 73.4, 74.16, , -5.04, 0.986, 3443.372, 3443.372, 2.867, -117.53, -117.53, -117.53, 52.894, 75.32, 35.856, 35.472, 7.377, 12.767, 0, 0, -16.744, -16.982, -16.744, -16.982, 1, 54.202, 54.202, 0.024, 0.134, -30.684, -31.119, -30.684, -31.119, 5.297, 7.377, 12.767, , , 1, 51.161, 0.031, 0, 14.5, 2.867, 212, 0, 0, 0, 63, 6.943, 6.417, 127.4, 45.511, 100, 0, 0, 45, 46, 12, 1.07, 105.609, 0, 0, 110.608, 55.031, 0, 0, 0.031, 0, 0, 14, 0, 14.5, 0, 2.867, 212, 0, 0, 0, 63, 1, 0.007, 0.006, 127.4, 45.511, 100, 0, 0, 141, 45, 46, 12, 1.07, 0, 105.609, 0, 0, 110.609, 55.031, 0, 0, 0, 0, 
51.15, 17.62, 100.33, 73.4, 74.16, , -5.171, 0.986, 3447.345, 3447.345, 2.854, -120.64, -120.64, -120.64, 52.919, 75.694, 35.712, 35.544, 7.377, 12.786, 0, 0, -17.106, -17.349, -17.106, -17.349, 1, 53.942, 53.942, 0.024, 0.134, -31.482, -31.928, -31.482, -31.928, 5.304, 7.377, 12.786, , , 1, 51.211, 0.018, 0, 14.5, 2.854, 212, 0, 0, 0, 63, 6.95, 6.41, 127.4, 45.596, 100, 0, 0, 45, 46, 12, 1.07, 105.666, 0, 0, 110.666, 54.889, 0, 0, 0.018, 0, 0, 14, 0, 14.5, 0, 2.854, 212, 0, 0, 0, 63, 1, 0.007, 0.006, 127.4, 45.596, 100, 0, 0, 141, 45, 46, 12, 1.07, 0, 105.666, 0, 0, 110.666, 54.889, 0, 0, 0, 0, 
51.2, 17.62, 100.33, 73.4, 74.16, , -5.275, 0.986, 3451.367, 3451.367, 2.842, -123.123, -123.123, -123.123, 52.945, 76.069, 35.632, 35.576, 7.377, 12.818, 0, 0, -17.374, -17.62, -17.374, -17.62, 1, 53.679, 53.679, 0.024, 0.135, -32.115, -32.569, -32.115, -32.569, 5.309, 7.377, 12.818, , , 1, 51.261, 0.006, 0, 14.5, 2.842, 212, 0, 0, 0, 63, 6.957, 6.403, 127.4, 45.68, 100, 0, 0, 45, 46, 12, 1.07, 105.723, 0, 0, 110.723, 54.748, 0, 0, 0.006, 0, 0, 14, 0, 14.5, 0, 2.842, 212, 0, 0, 0, 63, 1, 0.007, 0.006, 127.4, 45.68, 100, 0, 0, 141, 45, 46, 12, 1.07, 0, 105.723, 0, 0, 110.723, 54.748, 0, 0, 0, 0, 
51.25, 17.62, 100.33, 73.4, 74.16, , -5.322, 0.986, 3455.325, 3455.325, 2.829, -124.238, -124.238, -124.238, 52.971, 76.444, 35.776, 35.468, 7.377, 12.852, 0, 0, -17.445, -17.691, -17.445, -17.691, 1, 53.412, 53.412, 0.024, 0.135, -32.391, -32.848, -32.391, -32.848, 5.312, 7.377, 12.852, , , 1, 51.311, 0, 0, 14.5, 2.829, 212, 0, 0, 0, 63.054, 6.978, 6.429, 127.4, 45.78, 100, 0, 0, 44.919, 45.973, 12, 1.072, 105.831, 0, 0, 110.858, 54.479, 0, 0, 0, 0, 0, 14, 0, 14.5, 0, 2.829, 212, 0, 0, 0, 63.054, 1, 0.007, 0.006, 127.4, 45.78, 100, 0, 0, 141, 44.919, 45.973, 12, 1.072, 0, 105.831, 0, 0, 110.858, 54.479, 0, 0, 0, 0, 
51.3, 17.62, 100.33, 73.4, 74.16, , -5.35, 0.986, 3459.283, 3459.283, 2.816, -124.913, -124.913, -124.913, 52.991, 76.819, 35.92, 35.36, 7.377, 12.894, 0, 0, -17.492, -17.739, -17.492, -17.739, 1, 53.181, 53.181, 0.024, 0.135, -32.559, -33.018, -32.559, -33.018, 5.315, 7.377, 12.894, , , 1, 51.361, 0, 0, 14.5, 2.816, 212, 0, 0, 0, 63.158, 7.014, 6.485, 127.4, 45.896, 100, 0, 0, 44.763, 45.921, 12, 1.076, 105.988, 0, 0, 111.067, 54.093, 0, 0, 0, 0, 0, 14, 0, 14.5, 0, 2.816, 212, 0, 0, 0, 63.158, 1, 0.007, 0.006, 127.4, 45.896, 100, 0, 0, 141, 44.763, 45.921, 12, 1.076, 0, 105.988, 0, 0, 111.067, 54.093, 0, 0, 0, 0, 
51.35, 17.62, 100.33, 73.4, 74.16, , -5.423, 0.986, 3461.832, 3461.832, 2.802, -126.651, -126.651, -126.651, 53.005, 77.194, 36.064, 35.252, 7.378, 12.938, 0, 0, -17.658, -17.909, -17.658, -17.909, 1, 53.032, 53.032, 0.024, 0.135, -32.999, -33.465, -32.999, -33.465, 5.317, 7.378, 12.938, , , 1, 51.411, 0, 0, 14.5, 2.802, 212, 0, 0, 0, 63.262, 7.049, 6.541, 127.4, 46.011, 100, 0, 0, 44.608, 45.869, 12, 1.08, 106.144, 0, 0, 111.275, 53.708, 0, 0, 0, 0, 0, 14, 0, 14.5, 0, 2.802, 212, 0, 0, 0, 63.262, 1, 0.007, 0.007, 127.4, 46.011, 100, 0, 0, 141, 44.608, 45.869, 12, 1.08, 0, 106.144, 0, 0, 111.275, 53.708, 0, 0, 0, 0, 
51.4, 17.62, 100.33, 73.4, 74.16, , -5.485, 0.986, 3464.751, 3464.751, 2.789, -128.108, -128.108, -128.108, 53.03, 77.569, 36.208, 35.144, 7.378, 12.98, 0, 0, -17.769, -18.022, -17.769, -18.022, 1, 52.757, 52.757, 0.024, 0.135, -33.363, -33.834, -33.363, -33.834, 5.319, 7.378, 12.98, , , 1, 51.46, 0, 0, 14.5, 2.789, 212, 0, 0, 0, 63.367, 7.084, 6.597, 127.4, 46.127, 100, 0, 0, 44.452, 45.817, 12, 1.085, 106.3, 0, 0, 111.483, 53.322, 0, 0, 0, 0, 0, 14, 0, 14.5, 0, 2.789, 212, 0, 0, 0, 63.367, 1, 0.007, 0.007, 127.4, 46.127, 100, 0, 0, 141, 44.452, 45.817, 12, 1.085, 0, 106.3, 0, 0, 111.483, 53.322, 0, 0, 0, 0, 
51.45, 17.62, 100.33, 73.4, 74.16, , -5.517, 0.986, 3468.642, 3468.642, 2.776, -128.891, -128.891, -128.891, 53.055, 77.944, 36.242, 35.154, 7.379, 13.021, 0, 0, -17.782, -18.038, -17.782, -18.038, 1, 52.481, 52.481, 0.024, 0.135, -33.552, -34.026, -33.552, -34.026, 5.311, 7.379, 13.021, , , 1, 51.511, 0, 0, 14.5, 2.776, 212, 0, 0, 0, 63.471, 7.119, 6.653, 127.4, 46.243, 100, 0, 0, 44.297, 45.766, 12, 1.089, 106.456, 0, 0, 111.692, 52.936, 0, 0, 0, 0, 0, 14, 0, 14.5, 0, 2.776, 212, 0, 0, 0, 63.471, 1, 0.007, 0.007, 127.4, 46.243, 100, 0, 0, 141, 44.297, 45.766, 12, 1.089, 0, 106.456, 0, 0, 111.692, 52.936, 0, 0, 0, 0, 
51.5, 17.62, 100.33, 73.4, 74.16, , -5.559, 0.986, 3472.534, 3472.534, 2.762, -129.886, -129.886, -129.886, 53.079, 78.319, 35.888, 35.579, 7.379, 13.054, 0, 0, -17.825, -18.08, -17.825, -18.08, 1, 52.199, 52.199, 0.024, 0.135, -33.796, -34.274, -33.796, -34.274, 5.303, 7.379, 13.054, , , 1, 51.561, 0, 0, 14.5, 2.762, 212, 0, 0, 0, 63.575, 7.152, 6.692, 127.4, 46.33, 100, 0, 0, 44.141, 45.604, 12, 1.09, 106.575, 0, 0, 111.9, 52.638, 0, 0, 0, 0, 0, 14, 0, 14.5, 0, 2.762, 212, 0, 0, 0, 63.575, 1, 0.007, 0.007, 127.4, 46.33, 100, 0, 0, 141, 44.141, 45.604, 12, 1.09, 0, 106.575, 0, 0, 111.9, 52.638, 0, 0, 0, 0, 
51.55, 17.62, 100.33, 73.4, 74.16, , -5.603, 0.986, 3476.425, 3476.425, 2.748, -130.948, -130.948, -130.948, 53.098, 78.693, 35.533, 36.004, 7.38, 13.083, 0, 0, -17.874, -18.129, -17.874, -18.129, 1, 51.916, 51.916, 0.024, 0.135, -34.059, -34.541, -34.059, -34.541, 5.295, 7.38, 13.083, , , 1, 51.611, 0, 0, 14.5, 2.748, 212, 0, 0, 0, 63.679, 7.183, 6.723, 127.4, 46.408, 100, 0, 0, 43.984, 45.396, 12, 1.09, 106.679, 0, 0, 112.108, 52.379, 0, 0, 0, 0, 0, 14, 0, 14.5, 0, 2.748, 212, 0, 0, 0, 63.679, 1, 0.007, 0.007, 127.4, 46.408, 100, 0, 0, 141, 43.984, 45.396, 12, 1.09, 0, 106.679, 0, 0, 112.108, 52.379, 0, 0, 0, 0, 
51.6, 17.62, 100.33, 73.4, 74.16, , -5.632, 0.986, 3480.259, 3480.259, 2.735, -131.625, -131.625, -131.625, 53.114, 79.068, 35.179, 36.429, 7.38, 13.108, 0, 0, -17.869, -18.122, -17.869, -18.122, 1, 51.632, 51.632, 0.024, 0.135, -34.223, -34.708, -34.223, -34.708, 5.287, 7.38, 13.108, , , 1, 51.661, 0, 0, 14.5, 2.735, 212, 0, 0, 0, 63.783, 7.214, 6.754, 127.4, 46.485, 100, 0, 0, 43.828, 45.188, 12, 1.09, 106.783, 0, 0, 112.317, 52.12, 0, 0, 0, 0, 0, 14, 0, 14.5, 0, 2.735, 212, 0, 0, 0, 63.783, 1, 0.007, 0.007, 127.4, 46.485, 100, 0, 0, 141, 43.828, 45.188, 12, 1.09, 0, 106.783, 0, 0, 112.317, 52.12, 0, 0, 0, 0, 
51.65, 17.62, 100.33, 73.4, 74.16, , -5.673, 0.986, 3484.045, 3484.045, 2.721, -132.618, -132.618, -132.618, 53.128, 79.443, 34.825, 36.854, 7.379, 13.131, 0, 0, -17.904, -18.157, -17.904, -18.157, 1, 51.345, 51.345, 0.024, 0.135, -34.472, -34.96, -34.472, -34.96, 5.274, 7.379, 13.131, , , 1, 51.711, 0, 0, 14.5, 2.721, 212, 0, 0, 0, 63.888, 7.246, 6.786, 127.4, 46.562, 100, 0, 0, 43.672, 44.979, 12, 1.09, 106.888, 0, 0, 112.525, 51.86, 0, 0, 0, 0, 0, 14, 0, 14.5, 0, 2.721, 212, 0, 0, 0, 63.888, 1, 0.007, 0.007, 127.4, 46.562, 100, 0, 0, 141, 43.672, 44.979, 12, 1.09, 0, 106.888, 0, 0, 112.525, 51.86, 0, 0, 0, 0, 
51.7, 17.62, 100.33, 73.4, 74.16, , -5.702, 0.986, 3487.811, 3487.811, 2.707, -133.313, -133.313, -133.313, 53.136, 79.818, 34.566, 37.164, 7.379, 13.154, 0, 0, -17.898, -18.15, -17.898, -18.15, 1, 51.059, 51.059, 0.024, 0.135, -34.646, -35.137, -34.646, -35.137, 5.26, 7.379, 13.154, , , 1, 51.761, 0, 0, 14.5, 2.707, 212, 0, 0, 0, 63.992, 7.277, 6.817, 127.4, 46.639, 100, 0, 0, 43.516, 44.771, 12, 1.09, 106.992, 0, 0, 112.733, 51.601, 0, 0, 0, 0, 0, 14, 0, 14.5, 0, 2.707, 212, 0, 0, 0, 63.992, 1, 0.007, 0.007, 127.4, 46.639, 100, 0, 0, 141, 43.516, 44.771, 12, 1.09, 0, 106.992, 0, 0, 112.733, 51.601, 0, 0, 0, 0, 
51.75, 17.62, 100.33, 73.4, 74.16, , -5.705, 0.986, 3491.577, 3491.577, 2.692, -133.377, -133.377, -133.377, 53.139, 80.193, 34.895, 36.761, 7.378, 13.178, 0, 0, -17.806, -18.058, -17.806, -18.058, 1, 50.771, 50.771, 0.024, 0.135, -34.659, -35.151, -34.659, -35.151, 5.246, 7.378, 13.178, , , 1, 51.811, 0, 0, 14.5, 2.692, 212, 0, 0, 0, 64, 7.312, 6.855, 127.58, 46.793, 100, 0, 0, 43.303, 44.455, 12, 1.09, 107.05, 0, 0, 112.9, 51.269, 0, 0, 0, 0, 0, 14, 0, 14.5, 0, 2.692, 212, 0, 0, 0, 64, 1, 0.007, 0.007, 127.58, 46.793, 100, 0, 0, 141, 43.303, 44.455, 12, 1.09, 0, 107.05, 0, 0, 112.9, 51.269, 0, 0, 0, 0, 
51.8, 17.62, 100.33, 73.4, 74.16, , -5.705, 0.986, 3495.343, 3495.343, 2.676, -133.399, -133.399, -133.399, 53.139, 80.568, 35.225, 36.359, 7.378, 13.207, 0, 0, -17.709, -17.959, -17.709, -17.959, 1, 50.482, 50.482, 0.024, 0.135, -34.667, -35.157, -34.667, -35.157, 5.232, 7.378, 13.207, , , 1, 51.861, 0, 0, 14.5, 2.676, 212, 0, 0, 0, 64, 7.348, 6.895, 127.776, 46.954, 100, 0, 0, 43.085, 44.128, 12, 1.09, 107.104, 0, 0, 113.063, 50.93, 0, 0, 0, 0, 0, 14, 0, 14.5, 0, 2.676, 212, 0, 0, 0, 64, 1, 0.007, 0.007, 127.776, 46.954, 100, 0, 0, 141, 43.085, 44.128, 12, 1.09, 0, 107.104, 0, 0, 113.063, 50.93, 0, 0, 0, 0, 
51.85, 17.62, 100.33, 73.4, 74.16, , -5.726, 0.986, 3499.052, 3499.052, 2.661, -133.895, -133.895, -133.895, 53.134, 80.943, 35.554, 35.956, 7.377, 13.241, 0, 0, -17.673, -17.923, -17.673, -17.923, 1, 50.192, 50.192, 0.024, 0.135, -34.801, -35.293, -34.801, -35.293, 5.202, 7.377, 13.241, , , 1, 51.911, 0, 0, 14.5, 2.661, 212, 0, 0, 0, 64, 7.384, 6.934, 127.971, 47.115, 100, 0, 0, 42.867, 43.8, 12, 1.09, 107.159, 0, 0, 113.226, 50.59, 0, 0, 0, 0, 0, 14, 0, 14.5, 0, 2.661, 212, 0, 0, 0, 64, 1, 0.007, 0.007, 127.971, 47.115, 100, 0, 0, 141, 42.867, 43.8, 12, 1.09, 0, 107.159, 0, 0, 113.226, 50.59, 0, 0, 0, 0, 
51.9, 17.62, 100.33, 73.4, 74.16, , -5.707, 0.986, 3502.758, 3502.758, 2.646, -133.446, -133.446, -133.446, 53.124, 81.318, 35.883, 35.554, 7.377, 13.276, 0, 0, -17.511, -17.758, -17.511, -17.758, 1, 49.904, 49.904, 0.024, 0.135, -34.691, -35.182, -34.691, -35.182, 5.168, 7.377, 13.276, , , 1, 51.961, 0, 0, 14.5, 2.646, 212, 0, 0, 0, 64, 7.421, 6.973, 128.167, 47.276, 100, 0, 0, 42.648, 43.473, 12, 1.09, 107.213, 0, 0, 113.389, 50.251, 0, 0, 0, 0, 0, 14, 0, 14.5, 0, 2.646, 212, 0, 0, 0, 64, 1, 0.007, 0.007, 128.167, 47.276, 100, 0, 0, 141, 42.648, 43.473, 12, 1.09, 0, 107.213, 0, 0, 113.389, 50.251, 0, 0, 0, 0, 
51.95, 17.62, 100.33, 73.4, 74.16, , -5.705, 0.986, 3506.465, 3506.465, 2.631, -133.396, -133.396, -133.396, 53.108, 81.693, 36.092, 35.256, 7.377, 13.312, 0, 0, -17.401, -17.646, -17.401, -17.646, 1, 49.615, 49.615, 0.024, 0.135, -34.686, -35.177, -34.686, -35.177, 5.135, 7.377, 13.312, , , 1, 52.01, 0, 0, 14.5, 2.631, 212, 0, 0, 0, 64, 7.454, 7.018, 128.3, 47.452, 100, 0, 0, 42.428, 43.16, 12, 1.09, 107.268, 0, 0, 113.572, 49.908, 0, 0, 0, 0, 0, 14, 0, 14.5, 0, 2.631, 212, 0, 0, 0, 64, 1, 0.008, 0.007, 128.3, 47.452, 100, 0, 0, 141, 42.428, 43.16, 12, 1.09, 0, 107.268, 0, 0, 113.572, 49.908, 0, 0, 0, 0, 
52, 17.62, 100.33, 73.4, 74.16, , -5.746, 0.986, 3510.161, 3510.161, 2.616, -134.375, -134.375, -134.375, 53.103, 78.136, 35.876, 35.328, 7.377, 13.345, 0, 0, -17.426, -17.671, -17.426, -17.671, 1, 49.325, 49.325, 0.024, 0.135, -34.946, -35.44, -34.946, -35.44, 5.101, 7.377, 13.345, , , 1, 52.061, 0, 0, 14.5, 2.616, 212, 0, 0, 0, 64, 7.484, 7.073, 128.3, 47.661, 100, 0, 0, 42.201, 42.877, 12, 1.09, 107.325, 0, 0, 113.799, 49.559, 0, 0, 0, 0, 0, 14, 0, 14.5, 0, 2.616, 212, 0, 0, 0, 64, 1, 0.008, 0.007, 128.3, 47.661, 100, 0, 0, 141, 42.201, 42.877, 12, 1.09, 0, 107.325, 0, 0, 113.799, 49.557, 0, 0, 0, 0, 
52.05, 17.62, 100.33, 73.4, 74.16, , -5.786, 0.986, 3513.809, 3513.809, 2.601, -135.334, -135.334, -135.334, 53.112, 74.142, 35.66, 35.4, 7.377, 13.376, 0, 0, -17.446, -17.693, -17.446, -17.693, 1, 49.036, 49.036, 0.024, 0.135, -35.191, -35.688, -35.191, -35.688, 5.097, 7.377, 13.376, , , 1, 52.111, 0, 0, 14.5, 2.601, 212, 0, 0, 0, 64, 7.513, 7.129, 128.3, 47.871, 100, 0, 0, 41.975, 42.594, 12, 1.09, 107.381, 0, 0, 114.025, 49.21, 0, 0, 0, 0, 0, 14, 0, 14.5, 0, 2.601, 212, 0, 0, 0, 64, 1, 0.008, 0.007, 128.3, 47.871, 100, 0, 0, 141, 41.975, 42.594, 12, 1.09, 0, 107.381, 0, 0, 114.025, 49.206, 0, 0, 0, 0, 
52.1, 17.62, 100.33, 73.4, 74.16, , -5.784, 0.986, 3517.407, 3517.407, 2.586, -135.302, -135.302, -135.302, 53.133, 70.149, 35.444, 35.472, 7.377, 13.398, 0, 0, -17.338, -17.584, -17.338, -17.584, 1, 48.744, 48.744, 0.024, 0.136, -35.167, -35.664, -35.167, -35.664, 5.1, 7.377, 13.398, , , 1, 52.16, 0, 0, 14.5, 2.586, 212, 0, 0, 0, 64, 7.543, 7.184, 128.3, 48.08, 100, 0, 0, 41.749, 42.311, 12, 1.09, 107.438, 0, 0, 114.251, 48.861, 0, 0, 0, 0, 0, 14, 0, 14.5, 0, 2.586, 212, 0, 0, 0, 64, 1, 0.008, 0.007, 128.3, 48.08, 100, 0, 0, 141, 41.749, 42.311, 12, 1.09, 0, 107.438, 0, 0, 114.251, 48.856, 0, 0, 0, 0, 
52.15, 17.62, 100.33, 73.4, 74.16, , -5.833, 0.986, 3520.999, 3520.999, 2.571, -136.452, -136.452, -136.452, 53.169, 66.155, 35.228, 35.544, 7.377, 13.414, 0, 0, -17.38, -17.626, -17.38, -17.626, 1, 48.447, 48.447, 0.024, 0.136, -35.44, -35.941, -35.44, -35.941, 5.102, 7.377, 13.414, , , 1, 52.211, 0, 0, 14.5, 2.571, 212, 0, 0, 0, 64, 7.572, 7.239, 128.3, 48.289, 100, 0, 0, 41.523, 42.028, 12, 1.09, 107.494, 0, 0, 114.477, 48.512, 0, 0, 0, 0, 0, 14, 0, 14.5, 0, 2.571, 212, 0, 0, 0, 64, 1, 0.008, 0.007, 128.3, 48.289, 100, 0, 0, 141, 41.523, 42.028, 12, 1.09, 0, 107.494, 0, 0, 114.477, 48.505, 0, 0, 0, 0, 
52.2, 17.62, 100.33, 73.4, 74.16, , -5.896, 0.986, 3524.592, 3524.592, 2.563, -137.962, -137.962, -137.962, 53.234, 62.161, 35.06, 35.592, 7.377, 13.425, 0, 0, -17.466, -17.713, -17.466, -17.713, 1, 48.151, 48.151, 0.024, 0.136, -35.794, -36.299, -35.794, -36.299, 5.105, 7.377, 13.425, , , 1, 52.261, 0, 0, 14.5, 2.563, 212, 0, 0, 0, 64, 7.58, 7.269, 128.131, 48.38, 100, 0, 0, 41.406, 41.906, 12, 1.09, 107.5, 0, 0, 114.594, 48.355, 0, 0, 0, 0, 0, 14, 0, 14.5, 0, 2.563, 212, 0, 0, 0, 64, 1, 0.008, 0.007, 128.131, 48.38, 100, 0, 0, 141, 41.406, 41.906, 12, 1.09, 0, 107.5, 0, 0, 114.594, 48.353, 0, 0, 0, 0, 
52.25, 17.62, 100.33, 73.4, 74.16, , -5.91, 0.986, 3528.184, 3528.184, 2.557, -138.301, -138.301, -138.301, 53.328, 58.168, 35.06, 35.556, 7.377, 13.433, 0, 0, -17.401, -17.646, -17.401, -17.646, 1, 47.851, 47.851, 0.024, 0.136, -35.824, -36.329, -35.824, -36.329, 5.11, 7.377, 13.433, , , 1, 52.311, 0, 0, 14.5, 2.557, 212, 0, 0, 0, 64, 7.585, 7.295, 127.942, 48.457, 100, 0, 0, 41.301, 41.801, 12, 1.09, 107.5, 0, 0, 114.699, 48.225, 0, 0, 0, 0, 0, 14, 0, 14.5, 0, 2.557, 212, 0, 0, 0, 64, 1, 0.008, 0.007, 127.942, 48.457, 100, 0, 0, 141, 41.301, 41.801, 12, 1.09, 0, 107.5, 0, 0, 114.699, 48.224, 0, 0, 0, 0, 
52.3, 17.62, 100.33, 73.4, 74.16, , -5.924, 0.986, 3531.722, 3531.722, 2.55, -138.649, -138.649, -138.649, 53.449, 54.174, 35.06, 35.52, 7.377, 13.439, 0, 0, -17.337, -17.58, -17.337, -17.58, 1, 47.549, 47.549, 0.024, 0.136, -35.831, -36.336, -35.831, -36.336, 5.117, 7.377, 13.439, , , 1, 52.361, 0, 0, 14.5, 2.55, 212, 0, 0, 0, 64, 7.59, 7.321, 127.754, 48.534, 100, 0, 0, 41.197, 41.697, 12, 1.09, 107.5, 0, 0, 114.803, 48.095, 0, 0, 0, 0, 0, 14, 0, 14.5, 0, 2.55, 212, 0, 0, 0, 64, 1, 0.008, 0.007, 127.754, 48.534, 100, 0, 0, 141, 41.197, 41.697, 12, 1.09, 0, 107.5, 0, 0, 114.803, 48.094, 0, 0, 0, 0, 
52.35, 17.62, 100.33, 73.4, 74.16, , -5.98, 0.986, 3535.223, 3535.223, 2.544, -139.964, -139.964, -139.964, 53.592, 50.18, 35.06, 35.484, 7.377, 13.444, 0, 0, -17.389, -17.632, -17.389, -17.632, 1, 47.253, 47.253, 0.024, 0.136, -36.066, -36.574, -36.066, -36.574, 5.123, 7.377, 13.444, , , 1, 52.411, 0, 0, 14.5, 2.544, 212, 0, 0, 0, 64, 7.595, 7.347, 127.566, 48.612, 100, 0, 0, 41.092, 41.592, 12, 1.09, 107.5, 0, 0, 114.908, 47.965, 0, 0, 0, 0, 0, 14, 0, 14.5, 0, 2.544, 212, 0, 0, 0, 64, 1, 0.008, 0.007, 127.566, 48.612, 100, 0, 0, 141, 41.092, 41.592, 12, 1.09, 0, 107.5, 0, 0, 114.908, 47.964, 0, 0, 0, 0, 
52.4, 17.62, 100.33, 73.4, 74.16, , -6.028, 0.986, 3538.708, 3538.708, 2.537, -141.123, -141.123, -141.123, 53.781, 46.187, 35.06, 35.448, 7.377, 13.448, 0, 0, -17.419, -17.664, -17.419, -17.664, 1, 46.948, 46.948, 0.024, 0.136, -36.242, -36.752, -36.242, -36.752, 5.13, 7.377, 13.448, , , 1, 52.461, 0, 0, 14.5, 2.537, 212, 0, 0, 0, 64, 7.602, 7.372, 127.4, 48.691, 100, 0, 0, 40.985, 41.481, 12, 1.09, 107.5, 0, 0, 115.01, 47.814, 0, 0, 0, 0, 0, 14, 0, 14.5, 0, 2.537, 212, 0, 0, 0, 64, 1, 0.008, 0.007, 127.4, 48.691, 100, 0, 0, 141, 40.985, 41.481, 12, 1.09, 0, 107.5, 0, 0, 115.01, 47.814, 0, 0, 0, 0, 
52.45, 17.62, 100.33, 73.4, 74.16, , -6.023, 0.986, 3542.193, 3542.193, 2.531, -141.012, -141.012, -141.012, 53.989, 52.925, 35.094, 35.499, 7.377, 13.451, 0, 0, -17.292, -17.535, -17.292, -17.535, 1, 46.643, 46.643, 0.024, 0.135, -36.072, -36.58, -36.072, -36.58, 5.118, 7.377, 13.451, , , 1, 52.511, 0, 0, 14.5, 2.531, 212, 0, 0, 0, 64, 7.616, 7.39, 127.4, 48.78, 100, 0, 0, 40.864, 41.319, 12, 1.09, 107.5, 0, 0, 115.09, 47.513, 0, 0, 0, 0, 0, 14, 0, 14.5, 0, 2.531, 212, 0, 0, 0, 64, 1, 0.008, 0.007, 127.4, 48.78, 100, 0, 0, 141, 40.864, 41.319, 12, 1.09, 0, 107.5, 0, 0, 115.091, 47.513, 0, 0, 0, 0, 
52.5, 17.62, 100.33, 73.4, 74.16, , -6.075, 0.986, 3545.627, 3545.627, 2.525, -142.248, -142.248, -142.248, 54.209, 61.361, 35.249, 35.86, 7.377, 13.451, 0, 0, -17.329, -17.574, -17.329, -17.574, 1, 46.336, 46.336, 0.024, 0.135, -36.24, -36.751, -36.24, -36.751, 5.095, 7.377, 13.451, , , 1, 52.56, 0, 0, 14.5, 2.525, 212, 0, 0, 0, 64, 7.631, 7.408, 127.4, 48.869, 100, 0, 0, 40.743, 41.158, 12, 1.09, 107.5, 0, 0, 115.171, 47.211, 0, 0, 0, 0, 0, 14, 0, 14.5, 0, 2.525, 212, 0, 0, 0, 64, 1, 0.008, 0.007, 127.4, 48.869, 100, 0, 0, 141, 40.743, 41.158, 12, 1.09, 0, 107.5, 0, 0, 115.172, 47.211, 0, 0, 0, 0, 
52.55, 17.62, 100.33, 73.4, 74.16, , -6.112, 0.986, 3549.061, 3549.061, 2.518, -143.136, -143.136, -143.136, 54.434, 61.458, 35.403, 36.221, 7.377, 13.449, 0, 0, -17.322, -17.568, -17.322, -17.568, 1, 46.027, 46.027, 0.024, 0.135, -36.316, -36.829, -36.316, -36.829, 5.072, 7.377, 13.449, , , 1, 52.61, 0, 0, 14.5, 2.518, 212, 0, 0, 0, 64, 7.645, 7.425, 127.4, 48.958, 100, 0, 0, 40.622, 40.996, 12, 1.09, 107.5, 0, 0, 115.252, 46.91, 0, 0, 0, 0, 0, 14, 0, 14.5, 0, 2.518, 212, 0, 0, 0, 64, 1, 0.008, 0.007, 127.4, 48.958, 100, 0, 0, 141, 40.622, 40.996, 12, 1.09, 0, 107.5, 0, 0, 115.252, 46.91, 0, 0, 0, 0, 
52.6, 17.62, 100.33, 73.4, 74.16, , -6.125, 0.986, 3552.481, 3552.481, 2.512, -143.432, -143.432, -143.432, 54.663, 61.555, 35.558, 36.581, 7.377, 13.44, 0, 0, -17.243, -17.487, -17.243, -17.487, 1, 45.718, 45.718, 0.024, 0.134, -36.241, -36.752, -36.241, -36.752, 5.049, 7.377, 13.44, , , 1, 52.661, 0, 0, 14.5, 2.512, 212, 0, 0, 0, 64, 7.66, 7.443, 127.4, 49.047, 100, 0, 0, 40.501, 40.834, 12, 1.09, 107.5, 0, 0, 115.333, 46.609, 0, 0, 0, 0, 0, 14, 0, 14.5, 0, 2.512, 212, 0, 0, 0, 64, 1, 0.008, 0.007, 127.4, 49.047, 100, 0, 0, 141, 40.501, 40.834, 12, 1.09, 0, 107.5, 0, 0, 115.333, 46.609, 0, 0, 0, 0, 
52.65, 17.62, 100.33, 73.4, 74.161, , -6.094, 0.986, 3555.865, 3555.865, 2.506, -142.705, -142.705, -142.705, 54.896, 61.652, 35.712, 36.942, 7.377, 13.425, 0, 0, -17.04, -17.281, -17.04, -17.281, 1, 45.407, 45.407, 0.024, 0.134, -35.904, -36.412, -35.904, -36.412, 5.032, 7.377, 13.425, , , 1, 52.711, 0, 0, 14.5, 2.506, 212, 0, 0, 0, 64, 7.674, 7.461, 127.4, 49.136, 100, 0, 0, 40.38, 40.673, 12, 1.09, 107.5, 0, 0, 115.414, 46.307, 0, 0, 0, 0, 0, 14, 0, 14.5, 0, 2.506, 212, 0, 0, 0, 64, 1, 0.008, 0.007, 127.4, 49.136, 100, 0, 0, 141, 40.38, 40.673, 12, 1.09, 0, 107.5, 0, 0, 115.414, 46.307, 0, 0, 0, 0, 
52.7, 17.62, 100.33, 73.4, 74.161, , -6.12, 0.986, 3559.206, 3559.206, 2.499, -143.34, -143.34, -143.34, 55.131, 61.749, 35.867, 37.303, 7.377, 13.407, 0, 0, -16.998, -17.238, -16.998, -17.238, 1, 45.095, 45.095, 0.024, 0.134, -35.909, -36.416, -35.909, -36.416, 5.019, 7.377, 13.407, , , 1, 52.761, 0, 0, 14.5, 2.499, 212, 0, 0, 0, 64, 7.689, 7.479, 127.4, 49.225, 100, 0, 0, 40.258, 40.511, 12, 1.09, 107.5, 0, 0, 115.494, 46.006, 0, 0, 0, 0, 0, 14, 0, 14.5, 0, 2.499, 212, 0, 0, 0, 64, 1, 0.008, 0.007, 127.4, 49.225, 100, 0, 0, 141, 40.258, 40.511, 12, 1.09, 0, 107.5, 0, 0, 115.495, 46.006, 0, 0, 0, 0, 
52.75, 17.62, 100.33, 73.4, 74.161, , -6.122, 0.986, 3562.543, 3562.543, 2.493, -143.39, -143.39, -143.39, 55.372, 61.846, 35.926, 37.329, 7.377, 13.385, 0, 0, -16.886, -17.124, -16.886, -17.124, 1, 44.785, 44.785, 0.024, 0.133, -35.767, -36.271, -35.767, -36.271, 5.006, 7.377, 13.385, , , 1, 52.81, 0, 0, 14.5, 2.493, 212, 0, 0, 0, 64, 7.704, 7.497, 127.4, 49.314, 100, 0, 0, 40.137, 40.35, 12, 1.09, 107.5, 0, 0, 115.575, 45.705, 0, 0, 0, 0, 0, 14, 0, 14.5, 0, 2.493, 212, 0, 0, 0, 64, 1, 0.008, 0.008, 127.4, 49.314, 100, 0, 0, 141, 40.137, 40.35, 12, 1.09, 0, 107.5, 0, 0, 115.576, 45.705, 0, 0, 0, 0, 
52.8, 17.62, 100.33, 73.4, 74.162, , -6.093, 0.986, 3565.874, 3565.874, 2.487, -142.715, -142.715, -142.715, 55.547, 61.944, 35.982, 37.347, 7.377, 13.362, 0, 0, -16.689, -16.924, -16.689, -16.924, 1, 44.474, 44.474, 0.024, 0.133, -35.454, -35.954, -35.454, -35.954, 4.993, 7.377, 13.362, , , 1, 52.861, 0, 0, 14.5, 2.487, 212, 0, 0, 0, 64, 7.718, 7.514, 127.4, 49.403, 100, 0, 0, 40.016, 40.188, 12, 1.09, 107.5, 0, 0, 115.656, 45.404, 0, 0, 0, 0, 0, 14, 0, 14.5, 0, 2.487, 212, 0, 0, 0, 64, 1, 0.008, 0.008, 127.4, 49.403, 100, 0, 0, 141, 40.016, 40.188, 12, 1.09, 0, 107.5, 0, 0, 115.657, 45.404, 0, 0, 0, 0, 
52.85, 17.62, 100.33, 73.4, 74.162, , -6.069, 0.986, 3569.163, 3569.163, 2.48, -142.135, -142.135, -142.135, 55.632, 62.041, 36.039, 37.366, 7.377, 13.336, 0, 0, -16.508, -16.739, -16.508, -16.739, 1, 44.166, 44.166, 0.024, 0.133, -35.267, -35.765, -35.267, -35.765, 4.979, 7.377, 13.336, , , 1, 52.911, 0, 0, 14.5, 2.48, 212, 0, 0, 0, 64, 7.733, 7.532, 127.4, 49.492, 100, 0, 0, 39.895, 40.027, 12, 1.09, 107.5, 0, 0, 115.737, 45.102, 0, 0, 0, 0, 0, 14, 0, 14.5, 0, 2.48, 212, 0, 0, 0, 64, 1, 0.008, 0.008, 127.4, 49.492, 100, 0, 0, 141, 39.895, 40.027, 12, 1.09, 0, 107.5, 0, 0, 115.738, 45.102, 0, 0, 0, 0, 
52.9, 17.62, 100.33, 73.4, 74.162, , -6.071, 0.986, 3572.451, 3572.451, 2.474, -142.209, -142.209, -142.209, 55.606, 62.138, 36.096, 37.385, 7.377, 13.313, 0, 0, -16.402, -16.632, -16.402, -16.632, 1, 43.862, 43.862, 0.024, 0.133, -35.323, -35.821, -35.323, -35.821, 4.964, 7.377, 13.313, , , 1, 52.961, 0, 0, 14.5, 2.474, 212, 0, 0, 0, 64, 7.747, 7.55, 127.4, 49.581, 100, 0, 0, 39.774, 39.865, 12, 1.09, 107.5, 0, 0, 115.817, 44.801, 0, 0, 0, 0, 0, 14, 0, 14.5, 0, 2.474, 212, 0, 0, 0, 64, 1, 0.008, 0.008, 127.4, 49.581, 100, 0, 0, 141, 39.774, 39.865, 12, 1.09, 0, 107.5, 0, 0, 115.819, 44.801, 0, 0, 0, 0, 
52.95, 17.62, 100.33, 73.4, 74.163, , -6.072, 0.986, 3575.717, 3575.717, 2.468, -142.227, -142.227, -142.227, 55.407, 62.235, 36.069, 37.384, 7.377, 13.293, 0, 0, -16.289, -16.518, -16.289, -16.518, 1, 43.551, 43.551, 0.024, 0.133, -35.432, -35.929, -35.432, -35.929, 4.948, 7.377, 13.293, , , 1, 53.011, 0, 0, 14.5, 2.468, 212, 0, 0, 0, 64, 7.762, 7.568, 127.4, 49.67, 100, 0, 0, 39.653, 39.704, 12, 1.09, 107.5, 0, 0, 115.898, 44.5, 0, 0, 0, 0, 0, 14, 0, 14.5, 0, 2.468, 212, 0, 0, 0, 64, 1, 0.008, 0.008, 127.4, 49.67, 100, 0, 0, 141, 39.653, 39.704, 12, 1.09, 0, 107.5, 0, 0, 115.9, 44.5, 0, 0, 0, 0, 
53, 17.62, 100.33, 73.4, 74.163, , -6.024, 0.986, 3578.915, 3578.915, 2.462, -141.1, -141.1, -141.1, 55.105, 62.332, 35.745, 37.312, 7.377, 13.274, 0, 0, -16.046, -16.272, -16.046, -16.272, 1, 43.243, 43.243, 0.024, 0.133, -35.345, -35.84, -35.345, -35.84, 4.933, 7.377, 13.274, , , 1, 53.061, 0, 0, 14.5, 2.462, 212, 0, 0, 0, 64, 7.776, 7.585, 127.4, 49.759, 100, 0, 0, 39.532, 39.542, 12, 1.09, 107.5, 0, 0, 115.979, 44.198, 0, 0, 0, 0, 0, 14, 0, 14.5, 0, 2.462, 212, 0, 0, 0, 64, 1, 0.008, 0.008, 127.4, 49.759, 100, 0, 0, 141, 39.532, 39.542, 12, 1.09, 0, 107.5, 0, 0, 115.981, 44.198, 0, 0, 0, 0, 
53.05, 17.62, 100.33, 73.4, 74.164, , -6.008, 0.986, 3582.114, 3582.114, 2.432, -140.717, -140.717, -140.717, 54.725, 62.43, 35.421, 37.24, 7.378, 13.256, 0, 0, -15.889, -16.113, -15.889, -16.113, 1, 42.938, 42.938, 0.024, 0.132, -35.499, -35.996, -35.499, -35.996, 4.919, 7.378, 13.256, , , 1, 53.11, 0, 0, 14.5, 2.432, 212, 0, 0, 0, 64, 7.853, 7.696, 127.4, 50.223, 100, 0, 0, 38.692, 38.692, 12, 1.09, 107.575, 0, 0, 116.22, 43.936, 0, 0, 0, 0, 0, 14, 0, 14.5, 0, 2.432, 212, 0, 0, 0, 64, 1, 0.008, 0.008, 127.4, 50.223, 100, 0, 0, 141, 38.692, 38.692, 12, 1.09, 0, 107.575, 0, 0, 116.225, 43.936, 0, 0, 0, 0, 
53.1, 17.62, 100.33, 73.4, 74.164, , -6.002, 0.986, 3585.312, 3585.312, 2.395, -140.59, -140.59, -140.59, 54.377, 62.527, 35.097, 37.168, 7.378, 13.241, 0, 0, -15.762, -15.985, -15.762, -15.985, 1, 42.636, 42.636, 0.024, 0.132, -35.703, -36.204, -35.703, -36.204, 4.923, 7.378, 13.241, , , 1, 53.161, 0, 0, 14.5, 2.395, 212, 0, 0, 0, 64, 7.953, 7.839, 127.4, 50.806, 100, 0, 0, 37.601, 37.601, 12, 1.09, 107.674, 0, 0, 116.518, 43.688, 0, 0, 0, 0, 0, 14, 0, 14.5, 0, 2.395, 212, 0, 0, 0, 64, 1, 0.008, 0.008, 127.4, 50.806, 100, 0, 0, 141, 37.601, 37.601, 12, 1.09, 0, 107.674, 0, 0, 116.522, 43.688, 0, 0, 0, 0, 
53.15, 17.62, 100.33, 73.4, 74.164, , -6.002, 0.986, 3588.511, 3588.511, 2.357, -140.597, -140.597, -140.597, 54.106, 62.624, 34.773, 37.096, 7.379, 13.228, 0, 0, -15.651, -15.873, -15.651, -15.873, 1, 42.332, 42.332, 0.024, 0.132, -35.887, -36.391, -35.887, -36.391, 4.926, 7.379, 13.228, , , 1, 53.211, 0, 0, 14.5, 2.357, 212, 0, 0, 0, 64, 8.052, 7.981, 127.4, 51.389, 100, 0, 0, 36.51, 36.51, 12, 1.09, 107.773, 0, 0, 116.815, 43.44, 0, 0, 0, 0, 0, 14, 0, 14.5, 0, 2.357, 212, 0, 0, 0, 64, 1, 0.008, 0.008, 127.4, 51.389, 100, 0, 0, 141, 36.51, 36.51, 12, 1.09, 0, 107.773, 0, 0, 116.818, 43.44, 0, 0, 0, 0, 
53.2, 17.62, 100.33, 73.4, 74.165, , -5.974, 0.986, 3591.634, 3591.634, 2.32, -139.939, -139.939, -139.939, 53.901, 62.721, 34.544, 37.008, 7.379, 13.214, 0, 0, -15.465, -15.685, -15.465, -15.685, 1, 42.026, 42.026, 0.024, 0.132, -35.834, -36.339, -35.834, -36.339, 4.929, 7.379, 13.214, , , 1, 53.26, 0, 0, 14.5, 2.32, 212, 0, 0, 0, 64, 8.151, 8.124, 127.4, 51.972, 100, 0, 0, 35.419, 35.419, 12, 1.09, 107.872, 0, 0, 117.113, 43.192, 0, 0, 0, 0, 0, 14, 0, 14.5, 0, 2.32, 212, 0, 0, 0, 64, 1, 0.008, 0.008, 127.4, 51.972, 100, 0, 0, 141, 35.419, 35.419, 12, 1.09, 0, 107.872, 0, 0, 117.115, 43.192, 0, 0, 0, 0, 
53.25, 17.62, 100.33, 73.4, 74.165, , -5.969, 0.986, 3594.747, 3594.747, 2.283, -139.814, -139.814, -139.814, 53.81, 62.818, 34.652, 36.864, 7.38, 13.199, 0, 0, -15.337, -15.555, -15.337, -15.555, 1, 41.723, 41.723, 0.024, 0.132, -35.876, -36.382, -35.876, -36.382, 4.93, 7.38, 13.199, , , 1, 53.31, 0, 0, 14.5, 2.283, 212, 0, 0, 0, 64, 8.25, 8.267, 127.4, 52.555, 100, 0, 0, 34.327, 34.327, 12, 1.09, 107.97, 0, 0, 117.411, 42.944, 0, 0, 0, 0, 0, 14, 0, 14.5, 0, 2.283, 212, 0, 0, 0, 64, 1, 0.008, 0.008, 127.4, 52.555, 100, 0, 0, 141, 34.327, 34.327, 12, 1.09, 0, 107.97, 0, 0, 117.411, 42.944, 0, 0, 0, 0, 
53.3, 17.62, 100.33, 73.4, 74.165, , -6.007, 0.986, 3597.861, 3597.861, 2.256, -140.732, -140.732, -140.732, 53.781, 62.916, 34.76, 36.72, 7.38, 13.184, 0, 0, -15.324, -15.542, -15.324, -15.542, 1, 41.416, 41.416, 0.024, 0.132, -36.134, -36.643, -36.134, -36.643, 4.912, 7.38, 13.184, , , 1, 53.36, 0, 0, 14.5, 2.256, 212, 0, 0, 0, 64, 8.319, 8.338, 127.4, 52.912, 100, 0, 0, 33.719, 33.789, 12, 1.09, 107.965, 0, 0, 117.395, 42.565, 0, 0, 0, 0, 0, 14, 0, 14.5, 0, 2.256, 212, 0, 0, 0, 64, 1, 0.008, 0.008, 127.4, 52.912, 100, 0, 0, 141, 33.719, 33.789, 12, 1.09, 0, 107.965, 0, 0, 117.395, 42.565, 0, 0, 0, 0, 
53.35, 17.62, 100.33, 73.4, 74.166, , -6.011, 0.986, 3600.938, 3600.938, 2.233, -140.82, -140.82, -140.82, 53.787, 63.013, 34.868, 36.576, 7.379, 13.171, 0, 0, -15.222, -15.438, -15.222, -15.438, 1, 41.108, 41.108, 0.024, 0.132, -36.164, -36.674, -36.164, -36.674, 4.894, 7.379, 13.171, , , 1, 53.411, 0, 0, 14.5, 2.233, 212, 0, 0, 0, 64, 8.374, 8.378, 127.4, 53.172, 100, 0, 0, 33.317, 33.488, 12, 1.09, 107.915, 0, 0, 117.244, 42.129, 0, 0, 0, 0, 0, 14, 0, 14.5, 0, 2.233, 212, 0, 0, 0, 64, 1, 0.008, 0.008, 127.4, 53.172, 100, 0, 0, 141, 33.317, 33.488, 12, 1.09, 0, 107.915, 0, 0, 117.244, 42.129, 0, 0, 0, 0, 
53.4, 17.62, 100.33, 73.4, 74.166, , -6.007, 0.986, 3603.996, 3603.996, 2.21, -140.741, -140.741, -140.741, 53.763, 63.11, 34.976, 36.432, 7.379, 13.16, 0, 0, -15.102, -15.316, -15.102, -15.316, 1, 40.803, 40.803, 0.024, 0.132, -36.157, -36.667, -36.157, -36.667, 4.875, 7.379, 13.16, , , 1, 53.461, 0, 0, 14.5, 2.21, 212, 0, 0, 0, 64, 8.429, 8.418, 127.4, 53.432, 100, 0, 0, 32.916, 33.187, 12, 1.09, 107.864, 0, 0, 117.093, 41.693, 0, 0, 0, 0, 0, 14, 0, 14.5, 0, 2.21, 212, 0, 0, 0, 64, 1, 0.008, 0.008, 127.4, 53.432, 100, 0, 0, 141, 32.916, 33.187, 12, 1.09, 0, 107.864, 0, 0, 117.093, 41.693, 0, 0, 0, 0, 
53.45, 17.62, 100.33, 73.4, 74.167, , -6.001, 0.986, 3607.028, 3607.028, 2.187, -140.599, -140.599, -140.599, 53.72, 63.207, 35.068, 36.288, 7.379, 13.153, 0, 0, -14.975, -15.186, -14.975, -15.186, 1, 40.497, 40.497, 0.024, 0.132, -36.149, -36.657, -36.149, -36.657, 4.856, 7.379, 13.153, , , 1, 53.51, 0, 0, 14.5, 2.187, 212, 0, 0, 0, 64, 8.484, 8.459, 127.4, 53.692, 100, 0, 0, 32.514, 32.886, 12, 1.09, 107.814, 0, 0, 116.943, 41.258, 0, 0, 0, 0, 0, 14, 0, 14.5, 0, 2.187, 212, 0, 0, 0, 64, 1, 0.008, 0.008, 127.4, 53.692, 100, 0, 0, 141, 32.514, 32.886, 12, 1.09, 0, 107.814, 0, 0, 116.943, 41.258, 0, 0, 0, 0, 
53.5, 17.62, 100.33, 73.4, 74.167, , -5.994, 0.986, 3610.029, 3610.029, 2.163, -140.435, -140.435, -140.435, 53.665, 63.304, 35.104, 36.144, 7.379, 13.15, 0, 0, -14.847, -15.056, -14.847, -15.056, 1, 40.19, 40.19, 0.024, 0.133, -36.144, -36.651, -36.144, -36.651, 4.824, 7.379, 13.15, , , 1, 53.56, 0, 0, 14.5, 2.163, 212, 0, 0, 0, 64, 8.54, 8.499, 127.4, 53.952, 100, 0, 0, 32.112, 32.584, 12, 1.09, 107.764, 0, 0, 116.792, 40.822, 0, 0, 0, 0, 0, 14, 0, 14.5, 0, 2.163, 212, 0, 0, 0, 64, 1, 0.008, 0.008, 127.4, 53.952, 100, 0, 0, 141, 32.112, 32.584, 12, 1.09, 0, 107.764, 0, 0, 116.792, 40.822, 0, 0, 0, 0, 
53.55, 17.62, 100.33, 73.4, 74.167, , -5.977, 0.986, 3612.628, 3612.628, 2.144, -140.045, -140.045, -140.045, 53.6, 63.402, 35.14, 36, 7.379, 13.157, 0, 0, -14.708, -14.915, -14.708, -14.915, 1, 39.888, 39.888, 0.024, 0.133, -36.079, -36.586, -36.079, -36.586, 4.791, 7.379, 13.157, , , 1, 53.611, 0, 0, 14.5, 2.144, 212, 0, 0, 0, 64.086, 8.606, 8.557, 127.4, 54.278, 100, 0, 0, 31.829, 32.329, 12.086, 1.092, 107.664, 0, 0, 116.664, 40.487, 0, 0, 0, 0, 0, 14, 0, 14.5, 0, 2.144, 212, 0, 0, 0, 64.086, 1, 0.009, 0.009, 127.4, 54.278, 100, 0, 0, 141, 31.829, 32.329, 12.086, 1.092, 0, 107.664, 0, 0, 116.664, 40.487, 0, 0, 0, 0, 
53.6, 17.62, 100.33, 73.4, 74.168, , -5.931, 0.986, 3614.105, 3614.105, 2.125, -138.95, -138.95, -138.95, 53.546, 63.499, 35.176, 35.856, 7.379, 13.166, 0, 0, -14.535, -14.74, -14.535, -14.74, 1, 39.656, 39.656, 0.024, 0.133, -35.827, -36.332, -35.827, -36.332, 4.758, 7.379, 13.166, , , 1, 53.661, 0, 0, 14.5, 2.125, 212, 0, 0, 0, 64.205, 8.676, 8.623, 127.4, 54.629, 100, 0, 0, 31.59, 32.09, 12.205, 1.094, 107.545, 0, 0, 116.545, 40.192, 0, 0, 0, 0, 0, 14, 0, 14.5, 0, 2.125, 212, 0, 0, 0, 64.205, 1, 0.009, 0.009, 127.4, 54.629, 100, 0, 0, 141, 31.59, 32.09, 12.205, 1.094, 0, 107.545, 0, 0, 116.545, 40.192, 0, 0, 0, 0, 
53.65, 17.62, 100.33, 73.4, 74.168, , -5.616, 0.986, 3616.564, 3616.564, 2.107, -131.48, -131.48, -131.48, 53.505, 63.596, 35.212, 35.712, 7.38, 13.185, 0, 0, -13.681, -13.873, -13.681, -13.873, 1, 39.505, 39.505, 0.024, 0.133, -33.936, -34.414, -33.936, -34.414, 4.726, 7.38, 13.185, , , 1, 53.71, 0, 0, 14.5, 2.107, 212, 0, 0, 0, 64.324, 8.746, 8.688, 127.4, 54.98, 100, 0, 0, 31.352, 31.852, 12.324, 1.096, 107.426, 0, 0, 116.426, 39.897, 0, 0, 0, 0, 0, 14, 0, 14.5, 0, 2.107, 212, 0, 0, 0, 64.324, 1, 0.009, 0.009, 127.4, 54.98, 100, 0, 0, 141, 31.352, 31.852, 12.324, 1.096, 0, 107.426, 0, 0, 116.426, 39.897, 0, 0, 0, 0, 
53.7, 17.62, 100.33, 73.4, 74.169, , -5.117, 0.986, 3619.481, 3619.481, 2.088, -119.654, -119.654, -119.654, 53.425, 63.693, 35.256, 35.584, 7.38, 13.204, 0, 0, -12.371, -12.544, -12.371, -12.544, 1, 39.256, 39.256, 0.024, 0.133, -30.921, -31.356, -30.921, -31.356, 4.715, 7.38, 13.204, , , 1, 53.761, 0, 0, 14.5, 2.088, 212, 0, 0, 0, 64.443, 8.816, 8.754, 127.4, 55.331, 100, 0, 0, 31.114, 31.614, 12.443, 1.099, 107.307, 0, 0, 116.307, 39.602, 0, 0, 0, 0, 0, 14, 0, 14.5, 0, 2.088, 212, 0, 0, 0, 64.443, 1, 0.009, 0.009, 127.4, 55.331, 100, 0, 0, 141, 31.114, 31.614, 12.443, 1.099, 0, 107.307, 0, 0, 116.307, 39.602, 0, 0, 0, 0, 
53.75, 17.62, 100.33, 73.4, 74.169, , -3.962, 0.986, 3622.363, 3622.363, 2.074, -92.24, -92.24, -92.24, 53.324, 63.79, 35.328, 35.512, 7.379, 13.224, 0, 0, -9.504, -9.639, -9.504, -9.639, 1, 39.019, 39.019, 0.024, 0.133, -23.849, -24.186, -23.849, -24.186, 4.709, 7.379, 13.224, , , 1, 53.811, 0, 0, 14.5, 2.074, 212, 0, 0, 0, 64.559, 8.87, 8.823, 127.4, 55.696, 100, 0, 0, 30.941, 31.441, 12.559, 1.102, 107.25, 0, 0, 116.221, 39.424, 0, 0, 0, 0, 0, 14, 0, 14.5, 0, 2.074, 212, 0, 0, 0, 64.559, 1, 0.009, 0.009, 127.4, 55.696, 100, 0, 0, 141, 30.941, 31.441, 12.559, 1.102, 0, 107.25, 0, 0, 116.221, 39.424, 0, 0, 0, 0, 
53.8, 17.62, 100.33, 73.4, 74.169, , -2.672, 0.986, 3625.245, 3625.245, 2.064, -61.657, -61.657, -61.657, 53.184, 63.887, 35.4, 35.44, 7.379, 13.243, 0, 0, -6.332, -6.422, -6.332, -6.422, 1, 38.851, 38.851, 0.024, 0.133, -15.942, -16.168, -15.942, -16.168, 4.703, 7.379, 13.243, , , 1, 53.861, 0, 0, 14.5, 2.064, 212, 0, 0, 0, 64.672, 8.908, 8.895, 127.4, 56.073, 100, 0, 0, 30.828, 31.328, 12.673, 1.107, 107.25, 0, 0, 116.164, 39.353, 0, 0, 0, 0, 0, 14, 0, 14.5, 0, 2.064, 212, 0, 0, 0, 64.672, 1, 0.009, 0.009, 127.4, 56.073, 100, 0, 0, 141, 30.828, 31.328, 12.673, 1.107, 0, 107.25, 0, 0, 116.164, 39.353, 0, 0, 0, 0, 
53.85, 17.62, 100.33, 73.4, 74.17, , -1.226, 0.986, 3628.127, 3628.127, 2.054, -27.352, -27.352, -27.352, 53.008, 63.985, 35.472, 35.368, 7.378, 13.26, 0, 0, -2.802, -2.84, -2.802, -2.84, 1, 38.761, 38.761, 0.024, 0.133, -7.055, -7.155, -7.055, -7.155, 4.696, 7.378, 13.26, , , 1, 53.911, 0, 0, 14.5, 2.054, 212, 0, 0, 0, 64.785, 8.947, 8.967, 127.4, 56.451, 100, 0, 0, 30.715, 31.215, 12.786, 1.111, 107.25, 0, 0, 116.107, 39.283, 0, 0, 0, 0, 0, 14, 0, 14.5, 0, 2.054, 212, 0, 0, 0, 64.785, 1, 0.009, 0.009, 127.4, 56.451, 100, 0, 0, 141, 30.715, 31.215, 12.786, 1.111, 0, 107.25, 0, 0, 116.107, 39.283, 0, 0, 0, 0, 
53.9, 17.62, 100.33, 73.4, 74.17, , -0.05, 0.986, 3630.951, 3630.951, 2.044, 0.557, 0.557, 0.557, 52.812, 64.082, 35.544, 35.296, 7.378, 13.276, 0, 0, 0.052, 0.056, 0.052, 0.056, 1, 38.714, 38.714, 0.024, 0.133, 0.21, 0.212, 0.21, 0.212, 4.705, 7.378, 13.276, , , 1, 53.961, 0, 0, 14.5, 2.044, 212, 0, 0, 0, 64.898, 8.985, 9.04, 127.4, 56.828, 100, 0, 0, 30.602, 31.102, 12.9, 1.116, 107.25, 0, 0, 116.051, 39.213, 0, 0, 0, 0, 0, 14, 0, 14.5, 0, 2.044, 212, 0, 0, 0, 64.898, 1, 0.009, 0.009, 127.4, 56.828, 100, 0, 0, 141, 30.602, 31.102, 12.9, 1.116, 0, 107.25, 0, 0, 116.051, 39.213, 0, 0, 0, 0, 
53.95, 17.62, 100.33, 73.4, 74.17, , 0.949, 0.986, 3633.771, 3633.771, 2.035, 24.253, 24.253, 24.253, 52.598, 64.179, 35.6, 35.256, 7.377, 13.284, 0, 0, 2.472, 2.511, 2.472, 2.511, 1, 38.756, 38.756, 0.024, 0.133, 6.393, 6.483, 6.393, 6.483, 4.717, 7.377, 13.284, , , 1, 54.01, 0, 0, 14.5, 2.035, 212, 0, 0, 0, 65.011, 9.022, 9.108, 127.4, 57.184, 100, 0, 0, 30.505, 31.005, 13.013, 1.12, 107.261, 0, 0, 116, 39.157, 0, 0, 0, 0, 0, 14, 0, 14.5, 0, 2.035, 212, 0, 0, 0, 65.011, 1, 0.009, 0.009, 127.4, 57.184, 100, 0, 0, 141, 30.505, 31.005, 13.013, 1.12, 0, 107.261, 0, 0, 116, 39.157, 0, 0, 0, 0, 
54, 17.62, 100.33, 73.4, 74.17, , 1.373, 0.986, 3636.62, 3636.62, 2.035, 34.308, 34.308, 34.308, 52.401, 64.276, 35.6, 35.328, 7.377, 13.291, 0, 0, 3.503, 3.556, 3.503, 3.556, 1, 38.812, 38.812, 0.024, 0.133, 9.06, 9.187, 9.06, 9.187, 4.729, 7.377, 13.291, , , 1, 54.061, 0, 0, 14.5, 2.035, 212, 0, 0, 0, 65.12, 9.038, 9.142, 127.4, 57.385, 100, 0, 0, 30.56, 31.06, 13.122, 1.125, 107.37, 0, 0, 116, 39.224, 0, 0, 0, 0, 0, 14, 0, 14.5, 0, 2.035, 212, 0, 0, 0, 65.12, 1, 0.009, 0.009, 127.4, 57.385, 100, 0, 0, 141, 30.56, 31.06, 13.122, 1.125, 0, 107.37, 0, 0, 116, 39.224, 0, 0, 0, 0, 
54.05, 17.62, 100.33, 73.4, 74.17, , 1.728, 0.986, 3639.467, 3639.467, 2.035, 42.745, 42.745, 42.745, 52.239, 64.373, 35.6, 35.4, 7.377, 13.291, 0, 0, 4.373, 4.438, 4.373, 4.438, 1, 38.891, 38.891, 0.024, 0.133, 11.313, 11.47, 11.313, 11.47, 4.74, 7.377, 13.291, , , 1, 54.111, 0, 0, 14.5, 2.035, 212, 0, 0, 0, 65.229, 9.054, 9.176, 127.4, 57.586, 100, 0, 0, 30.615, 31.115, 13.23, 1.129, 107.479, 0, 0, 116, 39.292, 0, 0, 0, 0, 0, 14, 0, 14.5, 0, 2.035, 212, 0, 0, 0, 65.229, 1, 0.009, 0.009, 127.4, 57.586, 100, 0, 0, 141, 30.615, 31.115, 13.23, 1.129, 0, 107.479, 0, 0, 116, 39.292, 0, 0, 0, 0, 
54.1, 17.62, 100.33, 73.4, 74.17, , 2.026, 0.986, 3642.315, 3642.315, 2.035, 49.804, 49.804, 49.804, 52.101, 64.471, 35.6, 35.472, 7.377, 13.288, 0, 0, 5.107, 5.182, 5.107, 5.182, 1, 38.987, 38.987, 0.024, 0.133, 13.213, 13.397, 13.213, 13.397, 4.748, 7.377, 13.288, , , 1, 54.161, 0, 0, 14.5, 2.035, 212, 0, 0, 0, 65.338, 9.071, 9.21, 127.4, 57.787, 100, 0, 0, 30.669, 31.169, 13.339, 1.134, 107.588, 0, 0, 116, 39.36, 0, 0, 0, 0, 0, 14, 0, 14.5, 0, 2.035, 212, 0, 0, 0, 65.338, 1, 0.009, 0.009, 127.4, 57.787, 100, 0, 0, 141, 30.669, 31.169, 13.339, 1.134, 0, 107.588, 0, 0, 116, 39.36, 0, 0, 0, 0, 
54.15, 17.62, 100.33, 73.4, 74.17, , 2.412, 0.986, 3645.162, 3645.162, 2.035, 58.958, 58.958, 58.958, 51.975, 64.568, 35.6, 35.544, 7.377, 13.273, 0, 0, 6.069, 6.157, 6.069, 6.157, 1, 39.091, 39.091, 0.024, 0.133, 15.683, 15.9, 15.683, 15.9, 4.751, 7.377, 13.273, , , 1, 54.21, 0, 0, 14.5, 2.035, 212, 0, 0, 0, 65.448, 9.087, 9.244, 127.4, 57.988, 100, 0, 0, 30.724, 31.224, 13.448, 1.138, 107.698, 0, 0, 116, 39.428, 0, 0, 0, 0, 0, 14, 0, 14.5, 0, 2.035, 212, 0, 0, 0, 65.448, 1, 0.009, 0.009, 127.4, 57.988, 100, 0, 0, 141, 30.724, 31.224, 13.448, 1.138, 0, 107.698, 0, 0, 116, 39.428, 0, 0, 0, 0, 
54.2, 17.62, 100.33, 73.4, 74.17, , 2.853, 0.986, 3648.009, 3648.009, 2.038, 69.444, 69.444, 69.444, 51.874, 64.665, 35.632, 35.584, 7.377, 13.257, 0, 0, 7.175, 7.277, 7.175, 7.277, 1, 39.225, 39.225, 0.024, 0.133, 18.511, 18.768, 18.511, 18.768, 4.755, 7.377, 13.257, , , 1, 54.261, 0.002, 0, 14.5, 2.038, 212, 0, 0, 0, 65.618, 9.103, 9.261, 127.4, 58.085, 100, 0, 0, 30.809, 31.309, 13.559, 1.142, 107.809, 0, 0, 116.03, 39.57, 0, 0, 0.002, 0, 0, 14, 0, 14.5, 0, 2.038, 212, 0, 0, 0, 65.618, 1, 0.009, 0.009, 127.4, 58.085, 100, 0, 0, 141, 30.809, 31.309, 13.559, 1.142, 0, 107.809, 0, 0, 116.03, 39.57, 0, 0, 0, 0, 
54.25, 17.62, 100.33, 73.4, 74.17, , 3.427, 0.986, 3650.856, 3650.856, 2.044, 83.064, 83.064, 83.064, 51.738, 64.762, 35.776, 35.512, 7.377, 13.241, 0, 0, 8.617, 8.74, 8.617, 8.74, 1, 39.434, 39.434, 0.024, 0.134, 22.182, 22.493, 22.182, 22.493, 4.759, 7.377, 13.241, , , 1, 54.311, 0.007, 0, 14.5, 2.044, 212, 0, 0, 0, 65.845, 9.117, 9.263, 127.4, 58.085, 100, 0, 0, 30.923, 31.423, 13.673, 1.147, 107.923, 0, 0, 116.086, 39.781, 0, 0, 0.007, 0, 0, 14, 0, 14.5, 0, 2.044, 212, 0, 0, 0, 65.845, 1, 0.009, 0.009, 127.4, 58.085, 100, 0, 0, 141, 30.923, 31.423, 13.673, 1.147, 0, 107.923, 0, 0, 116.086, 39.781, 0, 0, 0, 0, 
54.3, 17.62, 100.33, 73.4, 74.17, , 4.191, 0.986, 3654.619, 3654.619, 2.05, 101.174, 101.174, 101.174, 51.56, 64.859, 35.92, 35.44, 7.377, 13.226, 0, 0, 10.582, 10.732, 10.582, 10.732, 1, 39.738, 39.738, 0.024, 0.134, 27.116, 27.496, 27.116, 27.496, 4.757, 7.377, 13.226, , , 1, 54.36, 0.011, 0, 14.5, 2.05, 212, 0, 0, 0, 66.073, 9.132, 9.266, 127.4, 58.085, 100, 0, 0, 31.036, 31.536, 13.786, 1.151, 108.036, 0, 0, 116.143, 39.993, 0, 0, 0.011, 0, 0, 14, 0, 14.5, 0, 2.05, 212, 0, 0, 0, 66.073, 1, 0.009, 0.009, 127.4, 58.085, 100, 0, 0, 141, 31.036, 31.536, 13.786, 1.151, 0, 108.036, 0, 0, 116.143, 39.993, 0, 0, 0, 0, 
54.35, 17.62, 100.33, 73.4, 74.17, , 5.06, 0.986, 3658.943, 3658.943, 2.056, 121.81, 121.81, 121.81, 51.405, 64.957, 36.064, 35.368, 7.377, 13.217, 0, 0, 12.84, 13.022, 12.84, 13.022, 1, 39.996, 39.996, 0.024, 0.134, 32.76, 33.22, 32.76, 33.22, 4.737, 7.377, 13.217, , , 1, 54.411, 0.016, 0, 14.5, 2.056, 212, 0, 0, 0, 66.3, 9.147, 9.268, 127.4, 58.085, 100, 0, 0, 31.15, 31.65, 13.9, 1.156, 108.15, 0, 0, 116.2, 40.204, 0, 0, 0.016, 0, 0, 14, 0, 14.5, 0, 2.056, 212, 0, 0, 0, 66.3, 1, 0.009, 0.009, 127.4, 58.085, 100, 0, 0, 141, 31.15, 31.65, 13.9, 1.156, 0, 108.15, 0, 0, 116.2, 40.204, 0, 0, 0, 0, 
54.4, 17.62, 100.33, 73.4, 74.17, , 5.516, 0.986, 3661.862, 3661.862, 2.062, 132.635, 132.635, 132.635, 51.261, 65.054, 36.208, 35.296, 7.377, 13.209, 0, 0, 14.074, 14.274, 14.074, 14.274, 1, 40.252, 40.252, 0.024, 0.134, 35.765, 36.268, 35.765, 36.268, 4.718, 7.377, 13.209, , , 1, 54.461, 0.02, 0, 14.5, 2.062, 212, 0, 0, 0, 66.512, 9.16, 9.27, 127.4, 58.08, 100, 0, 0, 31.256, 31.756, 14, 1.16, 108.256, 0, 0, 116.256, 40.406, 0, 0, 0.02, 0, 0, 14, 0, 14.5, 0, 2.062, 212, 0, 0, 0, 66.512, 1, 0.009, 0.009, 127.4, 58.08, 100, 0, 0, 141, 31.256, 31.756, 14, 1.16, 0, 108.256, 0, 0, 116.256, 40.406, 0, 0, 0, 0, 
54.45, 17.62, 100.33, 73.4, 74.17, , 5.92, 0.986, 3664.78, 3664.78, 2.066, 142.224, 142.224, 142.224, 51.139, 65.151, 36.249, 35.256, 7.377, 13.216, 0, 0, 15.188, 15.404, 15.188, 15.404, 1, 40.536, 40.536, 0.024, 0.134, 38.433, 38.975, 38.433, 38.975, 4.698, 7.377, 13.216, , , 1, 54.511, 0.025, 0, 14.5, 2.066, 212, 0, 0, 0, 66.617, 9.162, 9.272, 127.4, 58.042, 100, 0, 0, 31.308, 31.808, 14, 1.162, 108.308, 0, 0, 116.308, 40.535, 0, 0, 0.025, 0, 0, 14, 0, 14.5, 0, 2.066, 212, 0, 0, 0, 66.617, 1, 0.009, 0.009, 127.4, 58.042, 100, 0, 0, 141, 31.308, 31.808, 14, 1.162, 0, 108.308, 0, 0, 116.308, 40.535, 0, 0, 0, 0, 
54.5, 17.62, 100.33, 73.4, 74.17, , 6.246, 0.986, 3667.699, 3667.699, 2.07, 149.958, 149.958, 149.958, 51.031, 65.248, 35.925, 35.328, 7.377, 13.223, 0, 0, 16.121, 16.351, 16.121, 16.351, 1, 40.836, 40.836, 0.024, 0.134, 40.597, 41.169, 40.597, 41.169, 4.678, 7.377, 13.223, , , 1, 54.561, 0.029, 0, 14.5, 2.07, 212, 0, 0, 0, 66.721, 9.164, 9.274, 127.4, 58.003, 100, 0, 0, 31.36, 31.86, 14, 1.164, 108.36, 0, 0, 116.36, 40.664, 0, 0, 0.029, 0, 0, 14, 0, 14.5, 0, 2.07, 212, 0, 0, 0, 66.721, 1, 0.009, 0.009, 127.4, 58.003, 100, 0, 0, 141, 31.36, 31.86, 14, 1.164, 0, 108.36, 0, 0, 116.36, 40.664, 0, 0, 0, 0, 
54.55, 17.62, 100.33, 73.4, 74.17, , 6.441, 0.986, 3670.648, 3670.648, 2.074, 154.595, 154.595, 154.595, 50.934, 65.345, 35.601, 35.4, 7.377, 13.229, 0, 0, 16.74, 16.978, 16.74, 16.978, 1, 41.146, 41.146, 0.024, 0.134, 41.915, 42.505, 41.915, 42.505, 4.645, 7.377, 13.229, , , 1, 54.61, 0.033, 0, 14.5, 2.074, 212, 0, 0, 0, 66.825, 9.166, 9.276, 127.4, 57.965, 100, 0, 0, 31.412, 31.912, 14, 1.166, 108.412, 0, 0, 116.412, 40.793, 0, 0, 0.033, 0, 0, 14, 0, 14.5, 0, 2.074, 212, 0, 0, 0, 66.825, 1, 0.009, 0.009, 127.4, 57.965, 100, 0, 0, 141, 31.412, 31.912, 14, 1.166, 0, 108.412, 0, 0, 116.412, 40.793, 0, 0, 0, 0, 
54.6, 17.62, 100.33, 73.4, 74.17, , 6.584, 0.986, 3673.612, 3673.612, 2.078, 157.988, 157.988, 157.988, 50.874, 65.442, 35.277, 35.472, 7.377, 13.235, 0, 0, 17.234, 17.477, 17.234, 17.477, 1, 41.466, 41.466, 0.024, 0.134, 42.888, 43.492, 42.888, 43.492, 4.612, 7.377, 13.235, , , 1, 54.661, 0.037, 0, 14.5, 2.078, 212, 0, 0, 0, 66.929, 9.169, 9.279, 127.4, 57.926, 100, 0, 0, 31.465, 31.965, 14, 1.169, 108.465, 0, 0, 116.465, 40.922, 0, 0, 0.037, 0, 0, 14, 0, 14.5, 0, 2.078, 212, 0, 0, 0, 66.929, 1, 0.009, 0.009, 127.4, 57.926, 100, 0, 0, 141, 31.465, 31.965, 14, 1.169, 0, 108.465, 0, 0, 116.465, 40.922, 0, 0, 0, 0, 
54.65, 17.62, 100.33, 73.4, 74.17, , 6.657, 0.986, 3676.607, 3676.607, 2.086, 159.719, 159.719, 159.719, 50.833, 65.54, 34.953, 35.544, 7.377, 13.232, 0, 0, 17.557, 17.804, 17.557, 17.804, 1, 41.79, 41.79, 0.024, 0.134, 43.389, 44, 43.389, 44, 4.578, 7.377, 13.232, , , 1, 54.711, 0.037, 0, 14.5, 2.086, 212, 0, 0, 0, 67, 9.163, 9.281, 127.4, 57.9, 100, 0, 0, 31.6, 32.066, 14, 1.17, 108.533, 0, 0, 116.566, 41.092, 0, 0, 0.037, 0, 0, 14, 0, 14.5, 0, 2.086, 212, 0, 0, 0, 67, 1, 0.009, 0.009, 127.4, 57.9, 100, 0, 0, 141, 31.6, 32.066, 14, 1.17, 0, 108.533, 0, 0, 116.566, 41.092, 0, 0, 0, 0, 
54.7, 17.62, 100.33, 73.4, 74.17, , 6.682, 0.986, 3679.626, 3679.626, 2.103, 160.315, 160.315, 160.315, 50.817, 65.637, 34.724, 35.6, 7.377, 13.228, 0, 0, 17.759, 18.007, 17.759, 18.007, 1, 42.12, 42.12, 0.024, 0.134, 43.57, 44.182, 43.57, 44.182, 4.546, 7.377, 13.228, , , 1, 54.762, 0.029, 0, 14.5, 2.103, 212, 0, 0, 0, 67, 9.14, 9.285, 127.4, 57.9, 100, 0, 0, 31.911, 32.274, 14, 1.17, 108.637, 0, 0, 116.774, 41.35, 0, 0, 0.029, 0, 0, 14, 0, 14.5, 0, 2.103, 212, 0, 0, 0, 67, 1, 0.009, 0.009, 127.4, 57.9, 100, 0, 0, 141, 31.911, 32.274, 14, 1.17, 0, 108.637, 0, 0, 116.774, 41.35, 0, 0, 0, 0, 
54.75, 17.62, 100.33, 73.4, 74.17, , 6.683, 0.986, 3682.664, 3682.664, 2.12, 160.357, 160.357, 160.357, 50.802, 65.734, 34.831, 35.6, 7.377, 13.218, 0, 0, 17.9, 18.151, 17.9, 18.151, 1, 42.446, 42.446, 0.024, 0.134, 43.593, 44.206, 43.593, 44.206, 4.534, 7.377, 13.218, , , 1, 54.811, 0.021, 0, 14.5, 2.12, 212, 0, 0, 0, 67, 9.117, 9.29, 127.4, 57.9, 100, 0, 0, 32.222, 32.481, 14, 1.17, 108.741, 0, 0, 116.981, 41.607, 0, 0, 0.021, 0, 0, 14, 0, 14.5, 0, 2.12, 212, 0, 0, 0, 67, 1, 0.009, 0.009, 127.4, 57.9, 100, 0, 0, 141, 32.222, 32.481, 14, 1.17, 0, 108.741, 0, 0, 116.981, 41.607, 0, 0, 0, 0, 
54.8, 17.62, 100.33, 73.4, 74.17, , 6.694, 0.986, 3685.736, 3685.736, 2.136, 160.625, 160.625, 160.625, 50.785, 65.831, 34.938, 35.6, 7.377, 13.208, 0, 0, 18.07, 18.322, 18.07, 18.322, 1, 42.774, 42.774, 0.024, 0.134, 43.682, 44.296, 43.682, 44.296, 4.521, 7.377, 13.208, , , 1, 54.861, 0.012, 0, 14.5, 2.136, 212, 0, 0, 0, 67, 9.094, 9.294, 127.4, 57.9, 100, 0, 0, 32.533, 32.689, 14, 1.17, 108.844, 0, 0, 117.189, 41.864, 0, 0, 0.012, 0, 0, 14, 0, 14.5, 0, 2.136, 212, 0, 0, 0, 67, 1, 0.009, 0.009, 127.4, 57.9, 100, 0, 0, 141, 32.533, 32.689, 14, 1.17, 0, 108.844, 0, 0, 117.189, 41.864, 0, 0, 0, 0, 
54.85, 17.62, 100.33, 73.4, 74.17, , 6.697, 0.986, 3688.833, 3688.833, 2.153, 160.69, 160.69, 160.69, 50.765, 65.928, 35.045, 35.6, 7.377, 13.2, 0, 0, 18.217, 18.47, 18.217, 18.47, 1, 43.106, 43.106, 0.024, 0.134, 43.716, 44.332, 43.716, 44.332, 4.509, 7.377, 13.2, , , 1, 54.911, 0.004, 0, 14.5, 2.153, 212, 0, 0, 0, 67, 9.071, 9.298, 127.4, 57.9, 100, 0, 0, 32.844, 32.896, 14, 1.17, 108.948, 0, 0, 117.396, 42.121, 0, 0, 0.004, 0, 0, 14, 0, 14.5, 0, 2.153, 212, 0, 0, 0, 67, 1, 0.009, 0.009, 127.4, 57.9, 100, 0, 0, 141, 32.844, 32.896, 14, 1.17, 0, 108.948, 0, 0, 117.396, 42.121, 0, 0, 0, 0, 
54.9, 17.62, 100.33, 73.4, 74.17, , 6.692, 0.986, 3691.951, 3691.951, 2.173, 160.576, 160.576, 160.576, 50.745, 66.026, 35.152, 35.6, 7.377, 13.193, 0, 0, 18.343, 18.598, 18.343, 18.598, 1, 43.435, 43.435, 0.024, 0.133, 43.702, 44.319, 43.702, 44.319, 4.496, 7.377, 13.193, , , 1, 54.96, 0, 0, 14.5, 2.173, 212, 0, 0, 0, 67.093, 9.051, 9.275, 127.4, 57.729, 100, 0, 0, 33.185, 33.185, 14.046, 1.172, 109.093, 0, 0, 117.569, 42.538, 0, 0, 0, 0, 0, 14, 0, 14.5, 0, 2.173, 212, 0, 0, 0, 67.093, 1, 0.009, 0.009, 127.4, 57.729, 100, 0, 0, 141, 33.185, 33.185, 14.046, 1.172, 0, 109.093, 0, 0, 117.569, 42.538, 0, 0, 0, 0, 
54.95, 17.62, 100.33, 73.4, 74.17, , 6.67, 0.986, 3695.106, 3695.106, 2.198, 160.061, 160.061, 160.061, 50.732, 66.123, 35.24, 35.6, 7.377, 13.192, 0, 0, 18.422, 18.679, 18.422, 18.679, 1, 43.763, 43.763, 0.024, 0.133, 43.572, 44.188, 43.572, 44.188, 4.512, 7.377, 13.192, , , 1, 55.01, 0, 0, 14.5, 2.198, 212, 0, 0, 0, 67.278, 9.032, 9.226, 127.4, 57.387, 100, 0, 0, 33.556, 33.556, 14.139, 1.176, 109.278, 0, 0, 117.708, 43.114, 0, 0, 0, 0, 0, 14, 0, 14.5, 0, 2.198, 212, 0, 0, 0, 67.278, 1, 0.009, 0.009, 127.4, 57.387, 100, 0, 0, 141, 33.556, 33.556, 14.139, 1.176, 0, 109.278, 0, 0, 117.708, 43.114, 0, 0, 0, 0, 
55, 17.62, 100.33, 73.4, 74.17, , 6.668, 0.986, 3698.261, 3698.261, 2.222, 160.02, 160.02, 160.02, 50.73, 55.565, 35.24, 35.6, 7.377, 13.191, 0, 0, 18.557, 18.815, 18.557, 18.815, 1, 44.091, 44.091, 0.024, 0.133, 43.561, 44.176, 43.561, 44.176, 4.537, 7.377, 13.191, , , 1, 55.06, 0, 0, 14.5, 2.222, 212, 0, 0, 0, 67.463, 9.014, 9.177, 127.4, 57.046, 100, 0, 0, 33.926, 33.926, 14.231, 1.179, 109.463, 0, 0, 117.847, 43.69, 0, 0, 0, 0, 0, 14, 0, 14.5, 0, 2.222, 212, 0, 0, 0, 67.463, 1, 0.009, 0.009, 127.4, 57.046, 100, 0, 0, 141, 33.926, 33.926, 14.231, 1.179, 0, 109.463, 0, 0, 117.847, 43.69, 0, 0, 0, 0, 
55.05, 17.62, 100.33, 73.4, 74.17, , 6.669, 0.986, 3701.429, 3701.429, 2.247, 160.061, 160.061, 160.061, 50.745, 43.823, 35.24, 35.6, 7.377, 13.187, 0, 0, 18.699, 18.959, 18.699, 18.959, 1, 44.419, 44.419, 0.024, 0.133, 43.563, 44.177, 43.563, 44.177, 4.561, 7.377, 13.187, , , 1, 55.111, 0, 0, 14.5, 2.247, 212, 0, 0, 0, 67.648, 8.995, 9.128, 127.4, 56.704, 100, 0, 0, 34.296, 34.296, 14.324, 1.183, 109.648, 0, 0, 117.986, 44.266, 0, 0, 0, 0, 0, 14, 0, 14.5, 0, 2.247, 212, 0, 0, 0, 67.648, 1, 0.009, 0.009, 127.4, 56.704, 100, 0, 0, 141, 34.296, 34.296, 14.324, 1.183, 0, 109.648, 0, 0, 117.986, 44.266, 0, 0, 0, 0, 
55.1, 17.62, 100.33, 73.4, 74.17, , 6.624, 0.986, 3704.672, 3704.672, 2.271, 159.004, 159.004, 159.004, 50.772, 50.805, 35.24, 35.6, 7.377, 13.183, 0, 0, 18.709, 18.971, 18.709, 18.971, 1, 44.747, 44.747, 0.024, 0.133, 43.251, 43.86, 43.251, 43.86, 4.586, 7.377, 13.183, , , 1, 55.161, 0, 0, 14.5, 2.271, 212, 0, 0, 0, 67.833, 8.977, 9.079, 127.4, 56.362, 100, 0, 0, 34.667, 34.667, 14.417, 1.187, 109.833, 0, 0, 118.125, 44.842, 0, 0, 0, 0, 0, 14, 0, 14.5, 0, 2.271, 212, 0, 0, 0, 67.833, 1, 0.009, 0.009, 127.4, 56.362, 100, 0, 0, 141, 34.667, 34.667, 14.417, 1.187, 0, 109.833, 0, 0, 118.125, 44.842, 0, 0, 0, 0, 
55.15, 17.62, 100.33, 73.4, 74.17, , 6.602, 0.986, 3707.915, 3707.915, 2.294, 158.469, 158.469, 158.469, 50.812, 55.978, 35.24, 35.6, 7.377, 13.174, 0, 0, 18.782, 19.045, 18.782, 19.045, 1, 45.073, 45.073, 0.024, 0.133, 43.07, 43.675, 43.07, 43.675, 4.613, 7.377, 13.174, , , 1, 55.211, 0, 0, 14.5, 2.294, 212, 0, 0, 0, 68, 8.959, 9.033, 127.4, 56.047, 100, 0, 0, 35.021, 35.021, 14.51, 1.19, 110, 0, 0, 118.245, 45.373, 0, 0, 0, 0, 0, 14, 0, 14.5, 0, 2.294, 212, 0, 0, 0, 68, 1, 0.009, 0.009, 127.4, 56.047, 100, 0, 0, 141, 35.021, 35.021, 14.51, 1.19, 0, 110, 0, 0, 118.245, 45.373, 0, 0, 0, 0, 
55.2, 17.62, 100.33, 73.4, 74.17, , 6.583, 0.986, 3711.169, 3711.169, 2.304, 158.022, 158.022, 158.022, 50.863, 56.872, 35.24, 35.552, 7.377, 13.164, 0, 0, 18.864, 19.129, 18.864, 19.129, 1, 45.399, 45.399, 0.024, 0.133, 42.908, 43.51, 42.908, 43.51, 4.642, 7.377, 13.164, , , 1, 55.261, 0, 0, 14.5, 2.304, 212, 0, 0, 0, 68, 8.946, 9.009, 127.4, 55.971, 100, 0, 0, 35.23, 35.23, 14.615, 1.19, 110, 0, 0, 118.192, 45.503, 0, 0, 0, 0, 0, 14, 0, 14.5, 0, 2.304, 212, 0, 0, 0, 68, 1, 0.009, 0.009, 127.4, 55.971, 100, 0, 0, 141, 35.23, 35.23, 14.615, 1.19, 0, 110, 0, 0, 118.192, 45.503, 0, 0, 0, 0, 
55.25, 17.62, 100.33, 73.4, 74.17, , 6.547, 0.986, 3714.458, 3714.458, 2.314, 157.195, 157.195, 157.195, 50.91, 57.766, 35.24, 35.336, 7.377, 13.15, 0, 0, 18.899, 19.164, 18.899, 19.164, 1, 45.722, 45.722, 0.024, 0.133, 42.643, 43.243, 42.643, 43.243, 4.671, 7.377, 13.15, , , 1, 55.31, 0, 0, 14.5, 2.314, 212, 0, 0, 0, 68, 8.934, 8.984, 127.4, 55.895, 100, 0, 0, 35.439, 35.439, 14.72, 1.19, 110, 0, 0, 118.14, 45.632, 0, 0, 0, 0, 0, 14, 0, 14.5, 0, 2.314, 212, 0, 0, 0, 68, 1, 0.009, 0.009, 127.4, 55.895, 100, 0, 0, 141, 35.439, 35.439, 14.72, 1.19, 0, 110, 0, 0, 118.14, 45.632, 0, 0, 0, 0, 
55.3, 17.62, 100.33, 73.4, 74.169, , 6.513, 0.986, 3717.786, 3717.786, 2.324, 156.388, 156.388, 156.388, 50.952, 58.66, 35.24, 35.12, 7.377, 13.135, 0, 0, 18.935, 19.202, 18.935, 19.202, 1, 46.042, 46.042, 0.024, 0.133, 42.388, 42.985, 42.388, 42.985, 4.7, 7.377, 13.135, , , 1, 55.36, 0, 0, 14.5, 2.324, 212, 0, 0, 0, 68, 8.921, 8.96, 127.4, 55.818, 100, 0, 0, 35.649, 35.649, 14.824, 1.19, 110, 0, 0, 118.088, 45.762, 0, 0, 0, 0, 0, 14, 0, 14.5, 0, 2.324, 212, 0, 0, 0, 68, 1, 0.009, 0.009, 127.4, 55.818, 100, 0, 0, 141, 35.649, 35.649, 14.824, 1.19, 0, 110, 0, 0, 118.088, 45.762, 0, 0, 0, 0, 
55.35, 17.62, 100.33, 73.4, 74.169, , 6.496, 0.986, 3721.122, 3721.122, 2.333, 155.997, 155.997, 155.997, 50.988, 59.554, 35.24, 34.904, 7.377, 13.125, 0, 0, 19.02, 19.288, 19.02, 19.288, 1, 46.362, 46.362, 0.024, 0.133, 42.253, 42.848, 42.253, 42.848, 4.715, 7.377, 13.125, , , 1, 55.411, 0, 0, 14.5, 2.333, 212, 0, 0, 0, 68, 8.909, 8.936, 127.4, 55.742, 100, 0, 0, 35.858, 35.858, 14.929, 1.19, 110, 0, 0, 118.036, 45.892, 0, 0, 0, 0, 0, 14, 0, 14.5, 0, 2.333, 212, 0, 0, 0, 68, 1, 0.009, 0.009, 127.4, 55.742, 100, 0, 0, 141, 35.858, 35.858, 14.929, 1.19, 0, 110, 0, 0, 118.036, 45.892, 0, 0, 0, 0, 
55.4, 17.62, 100.33, 73.4, 74.168, , 6.499, 0.986, 3724.459, 3724.459, 2.346, 156.066, 156.066, 156.066, 51.016, 60.448, 35.24, 34.688, 7.377, 13.115, 0, 0, 19.16, 19.428, 19.16, 19.428, 1, 46.684, 46.684, 0.024, 0.133, 42.248, 42.843, 42.248, 42.843, 4.72, 7.377, 13.115, , , 1, 55.461, 0, 0, 14.5, 2.346, 212.128, 0, 0, 0, 68, 8.892, 8.901, 127.4, 55.643, 100, 0, 0, 36.128, 36.096, 15, 1.19, 110, 0, 0, 118, 46.1, 0, 0, 0, 0, 0, 14, 0, 14.5, 0, 2.346, 212.128, 0, 0, 0, 68, 1, 0.009, 0.009, 127.4, 55.643, 100, 0, 0, 141, 36.128, 36.096, 15, 1.19, 0, 110, 0, 0, 118, 46.1, 0, 0, 0, 0, 
55.45, 17.62, 100.33, 73.4, 74.168, , 6.434, 0.986, 3727.843, 3727.843, 2.363, 154.539, 154.539, 154.539, 51.04, 61.342, 35.232, 34.552, 7.377, 13.108, 0, 0, 19.1, 19.366, 19.1, 19.366, 1, 47.003, 47.003, 0.024, 0.133, 41.818, 42.408, 41.818, 42.408, 4.724, 7.377, 13.108, , , 1, 55.511, 0, 0, 14.5, 2.363, 212.528, 0, 0, 0, 68, 8.868, 8.843, 127.4, 55.495, 100, 0, 0, 36.528, 36.396, 15, 1.19, 110, 0, 0, 118, 46.474, 0, 0, 0, 0, 0, 14, 0, 14.5, 0, 2.363, 212.528, 0, 0, 0, 68, 1, 0.009, 0.009, 127.4, 55.495, 100, 0, 0, 141, 36.528, 36.396, 15, 1.19, 0, 110, 0, 0, 118, 46.474, 0, 0, 0, 0, 
55.5, 17.62, 100.33, 73.4, 74.168, , 6.399, 0.986, 3731.26, 3731.26, 2.381, 153.708, 153.708, 153.708, 51.06, 62.236, 35.196, 34.696, 7.377, 13.102, 0, 0, 19.125, 19.391, 19.125, 19.391, 1, 47.319, 47.319, 0.024, 0.133, 41.58, 42.165, 41.58, 42.165, 4.729, 7.377, 13.102, , , 1, 55.561, 0, 0, 14.5, 2.381, 212.928, 0, 0, 0, 68, 8.844, 8.785, 127.4, 55.347, 100, 0, 0, 36.928, 36.696, 15, 1.19, 110, 0, 0, 118, 46.848, 0, 0, 0, 0, 0, 14, 0, 14.5, 0, 2.381, 212.928, 0, 0, 0, 68, 1, 0.009, 0.009, 127.4, 55.347, 100, 0, 0, 141, 36.928, 36.696, 15, 1.19, 0, 110, 0, 0, 118, 46.848, 0, 0, 0, 0, 
55.55, 17.62, 100.33, 73.4, 74.167, , 6.371, 0.986, 3734.694, 3734.694, 2.398, 153.046, 153.046, 153.046, 51.073, 63.13, 35.16, 34.84, 7.377, 13.099, 0, 0, 19.169, 19.436, 19.169, 19.436, 1, 47.633, 47.633, 0.024, 0.133, 41.39, 41.972, 41.39, 41.972, 4.731, 7.377, 13.099, , , 1, 55.611, 0, 0, 14.5, 2.398, 213.328, 0, 0, 0, 68, 8.82, 8.727, 127.4, 55.199, 100, 0, 0, 37.328, 36.996, 15, 1.19, 110, 0, 0, 118, 47.222, 0, 0, 0, 0, 0, 14, 0, 14.5, 0, 2.398, 213.328, 0, 0, 0, 68, 1, 0.009, 0.009, 127.4, 55.199, 100, 0, 0, 141, 37.328, 36.996, 15, 1.19, 0, 110, 0, 0, 118, 47.222, 0, 0, 0, 0, 
55.6, 17.62, 100.33, 73.4, 74.167, , 6.324, 0.986, 3738.128, 3738.128, 2.416, 151.941, 151.941, 151.941, 51.083, 64.024, 35.124, 34.984, 7.377, 13.096, 0, 0, 19.156, 19.423, 19.156, 19.423, 1, 47.947, 47.947, 0.024, 0.133, 41.083, 41.661, 41.083, 41.661, 4.723, 7.377, 13.096, , , 1, 55.661, 0, 0, 14.5, 2.416, 213.728, 0, 0, 0, 68, 8.796, 8.669, 127.4, 55.051, 100, 0, 0, 37.728, 37.296, 15, 1.19, 110, 0, 0, 118, 47.596, 0, 0, 0, 0, 0, 14, 0, 14.5, 0, 2.416, 213.728, 0, 0, 0, 68, 1, 0.009, 0.009, 127.4, 55.051, 100, 0, 0, 141, 37.728, 37.296, 15, 1.19, 0, 110, 0, 0, 118, 47.596, 0, 0, 0, 0, 
55.65, 17.62, 100.33, 73.4, 74.167, , 6.277, 0.986, 3741.61, 3741.61, 2.436, 150.837, 150.837, 150.837, 51.092, 64.918, 35.088, 35.128, 7.377, 13.092, 0, 0, 19.141, 19.408, 19.141, 19.408, 1, 48.259, 48.259, 0.024, 0.133, 40.779, 41.353, 40.779, 41.353, 4.716, 7.377, 13.092, , , 1, 55.711, 0, 0, 14.5, 2.436, 214, 0, 0, 0, 68, 8.769, 8.611, 127.4, 54.891, 100, 0, 0, 38.144, 37.692, 15, 1.19, 110.032, 0, 0, 117.968, 47.989, 0, 0, 0, 0, 0, 14, 0, 14.5, 0, 2.436, 214, 0, 0, 0, 68, 1, 0.009, 0.009, 127.4, 54.891, 100, 0, 0, 141, 38.144, 37.692, 15, 1.19, 0, 110.032, 0, 0, 117.968, 47.989, 0, 0, 0, 0, 
55.7, 17.62, 100.33, 73.4, 74.166, , 6.269, 0.986, 3745.127, 3745.127, 2.461, 150.644, 150.644, 150.644, 51.097, 65.812, 35.083, 35.305, 7.377, 13.089, 0, 0, 19.241, 19.51, 19.241, 19.51, 1, 48.567, 48.567, 0.024, 0.133, 40.72, 41.294, 40.72, 41.294, 4.709, 7.377, 13.089, , , 1, 55.761, 0, 0, 14.5, 2.461, 214, 0, 0, 0, 68, 8.735, 8.551, 127.4, 54.706, 100, 0, 0, 38.594, 38.292, 15, 1.19, 110.132, 0, 0, 117.868, 48.423, 0, 0, 0, 0, 0, 14, 0, 14.5, 0, 2.461, 214, 0, 0, 0, 68, 1, 0.009, 0.009, 127.4, 54.706, 100, 0, 0, 141, 38.594, 38.292, 15, 1.19, 0, 110.132, 0, 0, 117.868, 48.423, 0, 0, 0, 0, 
55.75, 17.62, 100.33, 73.4, 74.166, , 6.264, 0.986, 3748.665, 3748.665, 2.486, 150.533, 150.533, 150.533, 51.11, 66.705, 35.187, 35.599, 7.377, 13.088, 0, 0, 19.348, 19.62, 19.348, 19.62, 1, 48.877, 48.877, 0.024, 0.133, 40.68, 41.253, 40.68, 41.253, 4.702, 7.377, 13.088, , , 1, 55.811, 0, 0, 14.5, 2.486, 214, 0, 0, 0, 68, 8.701, 8.491, 127.4, 54.521, 100, 0, 0, 39.044, 38.892, 15, 1.19, 110.232, 0, 0, 117.768, 48.857, 0, 0, 0, 0, 0, 14, 0, 14.5, 0, 2.486, 214, 0, 0, 0, 68, 1, 0.009, 0.009, 127.4, 54.521, 100, 0, 0, 141, 39.044, 38.892, 15, 1.19, 0, 110.232, 0, 0, 117.768, 48.857, 0, 0, 0, 0, 
55.8, 17.62, 100.33, 73.4, 74.165, , 6.202, 0.986, 3752.202, 3752.202, 2.51, 149.069, 149.069, 149.069, 51.13, 67.599, 35.291, 35.893, 7.377, 13.087, 0, 0, 19.28, 19.55, 19.28, 19.55, 1, 49.184, 49.184, 0.024, 0.133, 40.269, 40.837, 40.269, 40.837, 4.695, 7.377, 13.087, , , 1, 55.861, 0, 0, 14.5, 2.51, 214, 0, 0, 0, 68, 8.667, 8.431, 127.4, 54.336, 100, 0, 0, 39.494, 39.492, 15, 1.19, 110.332, 0, 0, 117.668, 49.291, 0, 0, 0, 0, 0, 14, 0, 14.5, 0, 2.51, 214, 0, 0, 0, 68, 1, 0.009, 0.008, 127.4, 54.336, 100, 0, 0, 141, 39.494, 39.492, 15, 1.19, 0, 110.332, 0, 0, 117.668, 49.291, 0, 0, 0, 0, 
55.85, 17.62, 100.33, 73.4, 74.165, , 6.196, 0.986, 3755.793, 3755.793, 2.535, 148.927, 148.927, 148.927, 51.158, 68.493, 35.394, 36.187, 7.377, 13.089, 0, 0, 19.383, 19.653, 19.383, 19.653, 1, 49.489, 49.489, 0.024, 0.133, 40.206, 40.774, 40.206, 40.774, 4.687, 7.377, 13.089, , , 1, 55.91, 0, 0, 14.5, 2.535, 214, 0, 0, 0, 68, 8.633, 8.371, 127.4, 54.151, 100, 0, 0, 39.944, 40.092, 15, 1.19, 110.432, 0, 0, 117.568, 49.725, 0, 0, 0, 0, 0, 14, 0, 14.5, 0, 2.535, 214, 0, 0, 0, 68, 1, 0.009, 0.008, 127.4, 54.151, 100, 0, 0, 141, 39.944, 40.092, 15, 1.19, 0, 110.432, 0, 0, 117.568, 49.725, 0, 0, 0, 0, 
55.9, 17.62, 100.33, 73.4, 74.165, , 6.167, 0.986, 3759.385, 3759.385, 2.555, 148.245, 148.245, 148.245, 51.192, 69.387, 35.498, 36.482, 7.377, 13.092, 0, 0, 19.412, 19.682, 19.412, 19.682, 1, 49.795, 49.795, 0.024, 0.133, 39.993, 40.558, 39.993, 40.558, 4.68, 7.377, 13.092, , , 1, 55.96, 0, 0, 14.5, 2.555, 214, 0, 0, 0, 68, 8.607, 8.323, 127.4, 53.988, 100, 0, 0, 40.3, 40.567, 15, 1.19, 110.533, 0, 0, 117.5, 50.082, 0, 0, 0, 0, 0, 14, 0, 14.5, 0, 2.555, 214, 0, 0, 0, 68, 1, 0.009, 0.008, 127.4, 53.988, 100, 0, 0, 141, 40.3, 40.567, 15, 1.19, 0, 110.533, 0, 0, 117.5, 50.082, 0, 0, 0, 0, 
55.95, 17.62, 100.33, 73.4, 74.164, , 6.113, 0.986, 3762.997, 3762.997, 2.564, 146.967, 146.967, 146.967, 51.232, 70.281, 35.6, 36.768, 7.377, 13.094, 0, 0, 19.362, 19.631, 19.362, 19.631, 1, 50.1, 50.1, 0.024, 0.133, 39.618, 40.179, 39.618, 40.179, 4.678, 7.377, 13.094, , , 1, 56.011, 0, 0, 14.5, 2.564, 214, 0, 0, 0, 68, 8.599, 8.3, 127.4, 53.872, 100, 0, 0, 40.456, 40.775, 15, 1.19, 110.638, 0, 0, 117.5, 50.276, 0, 0, 0, 0, 0, 14, 0, 14.5, 0, 2.564, 214, 0, 0, 0, 68, 1, 0.009, 0.008, 127.4, 53.872, 100, 0, 0, 141, 40.456, 40.775, 15, 1.19, 0, 110.638, 0, 0, 117.5, 50.276, 0, 0, 0, 0, 
56, 17.62, 100.33, 73.4, 74.164, , 6.042, 0.986, 3766.646, 3766.646, 2.573, 145.301, 145.301, 145.301, 51.264, 71.175, 35.6, 36.674, 7.377, 13.096, 0, 0, 19.259, 19.527, 19.259, 19.527, 1, 50.4, 50.4, 0.024, 0.133, 39.142, 39.697, 39.142, 39.697, 4.695, 7.377, 13.096, , , 1, 56.061, 0, 0, 14.5, 2.573, 214, 0, 0, 0, 68, 8.591, 8.277, 127.4, 53.757, 100, 0, 0, 40.612, 40.983, 15, 1.19, 110.742, 0, 0, 117.5, 50.47, 0, 0, 0, 0, 0, 14, 0, 14.5, 0, 2.573, 214, 0, 0, 0, 68, 1, 0.009, 0.008, 127.4, 53.757, 100, 0, 0, 141, 40.612, 40.983, 15, 1.19, 0, 110.742, 0, 0, 117.5, 50.47, 0, 0, 0, 0, 
56.05, 17.62, 100.33, 73.4, 74.164, , 6.033, 0.986, 3770.294, 3770.294, 2.582, 145.1, 145.1, 145.1, 51.289, 72.069, 35.6, 36.581, 7.377, 13.098, 0, 0, 19.343, 19.615, 19.343, 19.615, 1, 50.697, 50.697, 0.024, 0.133, 39.069, 39.622, 39.069, 39.622, 4.712, 7.377, 13.098, , , 1, 56.111, 0, 0, 14.5, 2.582, 214, 0, 0, 0, 68, 8.582, 8.254, 127.4, 53.641, 100, 0, 0, 40.769, 41.192, 15, 1.19, 110.846, 0, 0, 117.5, 50.663, 0, 0, 0, 0, 0, 14, 0, 14.5, 0, 2.582, 214, 0, 0, 0, 68, 1, 0.009, 0.008, 127.4, 53.641, 100, 0, 0, 141, 40.769, 41.192, 15, 1.19, 0, 110.846, 0, 0, 117.5, 50.663, 0, 0, 0, 0, 
56.1, 17.62, 100.33, 73.4, 74.163, , 5.907, 0.986, 3773.988, 3773.988, 2.591, 142.103, 142.103, 142.103, 51.308, 72.963, 35.6, 36.487, 7.377, 13.101, 0, 0, 19.05, 19.32, 19.05, 19.32, 1, 50.991, 50.991, 0.024, 0.133, 38.249, 38.788, 38.249, 38.788, 4.729, 7.377, 13.101, , , 1, 56.161, 0, 0, 14.5, 2.591, 214, 0, 0, 0, 68, 8.574, 8.231, 127.4, 53.526, 100, 0, 0, 40.925, 41.4, 15, 1.19, 110.95, 0, 0, 117.5, 50.857, 0, 0, 0, 0, 0, 14, 0, 14.5, 0, 2.591, 214, 0, 0, 0, 68, 1, 0.009, 0.008, 127.4, 53.526, 100, 0, 0, 141, 40.925, 41.4, 15, 1.19, 0, 110.95, 0, 0, 117.5, 50.857, 0, 0, 0, 0, 
56.15, 17.62, 100.33, 73.4, 74.163, , 5.715, 0.986, 3777.695, 3777.695, 2.606, 137.563, 137.563, 137.563, 51.323, 73.857, 35.6, 36.393, 7.377, 13.104, 0, 0, 18.542, 18.805, 18.542, 18.805, 1, 51.281, 51.281, 0.024, 0.132, 37.015, 37.536, 37.015, 37.536, 4.745, 7.377, 13.104, , , 1, 56.211, 0, 0, 14.5, 2.606, 214, 0, 0, 0, 68, 8.568, 8.196, 127.4, 53.396, 100, 0, 0, 41.125, 41.725, 15, 1.191, 111.075, 0, 0, 117.525, 51.137, 0, 0, 0, 0, 0, 14, 0, 14.5, 0, 2.606, 214, 0, 0, 0, 68, 1, 0.009, 0.008, 127.4, 53.396, 100, 0, 0, 141, 41.125, 41.725, 15, 1.191, 0, 111.075, 0, 0, 117.525, 51.137, 0, 0, 0, 0, 
56.2, 17.62, 100.33, 73.4, 74.162, , 5.459, 0.986, 3781.418, 3781.418, 2.628, 131.488, 131.488, 131.488, 51.345, 74.751, 35.592, 36.265, 7.377, 13.107, 0, 0, 17.816, 18.067, 17.816, 18.067, 1, 51.56, 51.56, 0.024, 0.132, 35.367, 35.866, 35.367, 35.866, 4.771, 7.377, 13.107, , , 1, 56.261, 0, 0, 14.5, 2.628, 214, 0, 0, 0, 68, 8.564, 8.15, 127.4, 53.255, 100, 0, 0, 41.365, 42.158, 15, 1.193, 111.219, 0, 0, 117.573, 51.497, 0, 0, 0, 0, 0, 14, 0, 14.5, 0, 2.628, 214, 0, 0, 0, 68, 1, 0.009, 0.008, 127.4, 53.255, 100, 0, 0, 141, 41.365, 42.158, 15, 1.193, 0, 111.219, 0, 0, 117.573, 51.497, 0, 0, 0, 0, 
56.25, 17.62, 100.33, 73.4, 74.162, , 5.111, 0.986, 3785.184, 3785.184, 2.65, 123.238, 123.238, 123.238, 51.376, 75.645, 35.556, 36.013, 7.377, 13.107, 0, 0, 16.781, 17.018, 16.781, 17.018, 1, 51.823, 51.823, 0.024, 0.133, 33.132, 33.598, 33.132, 33.598, 4.797, 7.377, 13.107, , , 1, 56.311, 0, 0, 14.5, 2.65, 214, 0, 0, 0, 68, 8.56, 8.104, 127.4, 53.114, 100, 0, 0, 41.606, 42.59, 15, 1.195, 111.363, 0, 0, 117.621, 51.856, 0, 0, 0, 0, 0, 14, 0, 14.5, 0, 2.65, 214, 0, 0, 0, 68, 1, 0.009, 0.008, 127.4, 53.114, 100, 0, 0, 141, 41.606, 42.59, 15, 1.195, 0, 111.363, 0, 0, 117.621, 51.856, 0, 0, 0, 0, 
56.3, 17.62, 100.33, 73.4, 74.162, , 4.69, 0.986, 3788.95, 3788.95, 2.673, 113.258, 113.258, 113.258, 51.42, 76.539, 35.52, 35.761, 7.377, 13.107, 0, 0, 15.495, 15.711, 15.495, 15.711, 1, 52.066, 52.066, 0.024, 0.133, 30.424, 30.852, 30.424, 30.852, 4.823, 7.377, 13.107, , , 1, 56.361, 0, 0, 14.5, 2.673, 214, 0, 0, 0, 68, 8.556, 8.058, 127.4, 52.972, 100, 0, 0, 41.846, 43.023, 15, 1.197, 111.508, 0, 0, 117.669, 52.216, 0, 0, 0, 0, 0, 14, 0, 14.5, 0, 2.673, 214, 0, 0, 0, 68, 1, 0.009, 0.008, 127.4, 52.972, 100, 0, 0, 141, 41.846, 43.023, 15, 1.197, 0, 111.508, 0, 0, 117.669, 52.216, 0, 0, 0, 0, 
56.35, 17.62, 100.33, 73.4, 74.161, , 4.238, 0.986, 3792.717, 3792.717, 2.695, 102.542, 102.542, 102.542, 51.478, 77.433, 35.484, 35.509, 7.377, 13.092, 0, 0, 14.086, 14.282, 14.086, 14.282, 1, 52.289, 52.289, 0.024, 0.133, 27.516, 27.904, 27.516, 27.904, 4.849, 7.377, 13.092, , , 1, 56.411, 0, 0, 14.5, 2.695, 214, 0, 0, 0, 68, 8.553, 8.011, 127.4, 52.831, 100, 0, 0, 42.087, 43.456, 15, 1.199, 111.652, 0, 0, 117.717, 52.575, 0, 0, 0, 0, 0, 14, 0, 14.5, 0, 2.695, 214, 0, 0, 0, 68, 1, 0.009, 0.008, 127.4, 52.831, 100, 0, 0, 141, 42.087, 43.456, 15, 1.199, 0, 111.652, 0, 0, 117.717, 52.575, 0, 0, 0, 0, 
56.4, 17.62, 100.33, 73.4, 74.161, , 3.708, 0.986, 3796.519, 3796.519, 2.712, 89.968, 89.968, 89.968, 51.552, 78.327, 35.448, 35.257, 7.377, 13.069, 0, 0, 12.402, 12.576, 12.402, 12.576, 1, 52.489, 52.489, 0.024, 0.133, 24.113, 24.453, 24.113, 24.453, 4.853, 7.377, 13.069, , , 1, 56.461, 0, 0, 14.5, 2.712, 214, 0, 0, 0, 68, 8.547, 7.981, 127.4, 52.759, 100, 0, 0, 42.3, 43.8, 15, 1.199, 111.767, 0, 0, 117.8, 52.861, 0, 0, 0, 0, 0, 14, 0, 14.5, 0, 2.712, 214, 0, 0, 0, 68, 1, 0.009, 0.008, 127.4, 52.759, 100, 0, 0, 141, 42.3, 43.8, 15, 1.199, 0, 111.767, 0, 0, 117.8, 52.861, 0, 0, 0, 0, 
56.45, 17.62, 100.33, 73.4, 74.16, , 3.124, 0.986, 3800.346, 3800.346, 2.719, 76.12, 76.12, 76.12, 51.642, 79.221, 35.428, 35.163, 7.377, 13.033, 0, 0, 10.526, 10.674, 10.526, 10.674, 1, 52.657, 52.657, 0.024, 0.133, 20.373, 20.659, 20.373, 20.659, 4.846, 7.377, 13.033, , , 1, 56.511, 0, 0, 14.5, 2.719, 214, 0, 0, 0, 68, 8.539, 7.986, 127.4, 52.835, 100, 0, 0, 42.456, 43.956, 15, 1.197, 111.819, 0, 0, 117.956, 52.99, 0, 0, 0, 0, 0, 14, 0, 14.5, 0, 2.719, 214, 0, 0, 0, 68, 1, 0.009, 0.008, 127.4, 52.835, 100, 0, 0, 141, 42.456, 43.956, 15, 1.197, 0, 111.819, 0, 0, 117.956, 52.99, 0, 0, 0, 0, 
56.5, 17.62, 100.33, 73.4, 74.16, , 2.531, 0.986, 3804.182, 3804.182, 2.726, 62.051, 62.051, 62.051, 51.733, 80.115, 35.464, 35.631, 7.377, 12.988, 0, 0, 8.604, 8.722, 8.604, 8.722, 1, 52.796, 52.796, 0.024, 0.133, 16.582, 16.814, 16.582, 16.814, 4.84, 7.377, 12.988, , , 1, 56.561, 0, 0, 14.5, 2.726, 214, 0, 0, 0, 68, 8.531, 7.99, 127.4, 52.911, 100, 0, 0, 42.612, 44.112, 15, 1.195, 111.871, 0, 0, 118.112, 53.12, 0, 0, 0, 0, 0, 14, 0, 14.5, 0, 2.726, 214, 0, 0, 0, 68, 1, 0.009, 0.008, 127.4, 52.911, 100, 0, 0, 141, 42.612, 44.112, 15, 1.195, 0, 111.871, 0, 0, 118.112, 53.12, 0, 0, 0, 0, 
56.55, 17.62, 100.33, 73.4, 74.16, , 1.846, 0.986, 3808.074, 3808.074, 2.733, 45.807, 45.807, 45.807, 51.828, 81.009, 35.5, 36.099, 7.377, 12.936, 0, 0, 6.364, 6.452, 6.364, 6.452, 1, 52.904, 52.904, 0.024, 0.133, 12.221, 12.394, 12.221, 12.394, 4.834, 7.377, 12.936, , , 1, 56.611, 0, 0, 14.5, 2.733, 214, 0, 0, 0, 68, 8.522, 7.994, 127.4, 52.987, 100, 0, 0, 42.769, 44.269, 15, 1.193, 111.923, 0, 0, 118.269, 53.249, 0, 0, 0, 0, 0, 14, 0, 14.5, 0, 2.733, 214, 0, 0, 0, 68, 1, 0.009, 0.008, 127.4, 52.987, 100, 0, 0, 141, 42.769, 44.269, 15, 1.193, 0, 111.923, 0, 0, 118.269, 53.249, 0, 0, 0, 0, 
56.6, 17.62, 100.33, 73.4, 74.161, , 1.13, 0.986, 3811.965, 3811.965, 2.74, 28.82, 28.82, 28.82, 51.949, 81.903, 35.536, 36.567, 7.377, 12.881, 0, 0, 4.01, 4.064, 4.01, 4.064, 1, 52.978, 52.978, 0.024, 0.133, 7.681, 7.789, 7.681, 7.789, 4.839, 7.377, 12.881, , , 1, 56.661, 0, 0, 14.5, 2.74, 214, 0, 0, 0, 68, 8.514, 7.998, 127.4, 53.064, 100, 0, 0, 42.925, 44.425, 15, 1.191, 111.975, 0, 0, 118.425, 53.378, 0, 0, 0, 0, 0, 14, 0, 14.5, 0, 2.74, 214, 0, 0, 0, 68, 1, 0.009, 0.008, 127.4, 53.064, 100, 0, 0, 141, 42.925, 44.425, 15, 1.191, 0, 111.975, 0, 0, 118.425, 53.378, 0, 0, 0, 0, 
56.65, 17.62, 100.33, 73.4, 74.161, , 0.287, 0.986, 3817.189, 3817.189, 2.746, 8.819, 8.819, 8.819, 52.112, 82.797, 35.572, 37.035, 7.377, 12.837, 0, 0, 1.228, 1.243, 1.228, 1.243, 1, 53.015, 53.015, 0.024, 0.133, 2.365, 2.4, 2.365, 2.4, 4.85, 7.377, 12.837, , , 1, 56.711, 0, 0, 14.5, 2.746, 214, 0, 0, 0, 68, 8.508, 7.995, 127.4, 53.005, 100, 0, 0, 42.974, 44.474, 15, 1.191, 112.104, 0, 0, 118.448, 53.408, 0, 0, 0, 0, 0, 14, 0, 14.5, 0, 2.746, 214, 0, 0, 0, 68, 1, 0.009, 0.008, 127.4, 53.005, 100, 0, 0, 141, 42.974, 44.474, 15, 1.191, 0, 112.104, 0, 0, 118.448, 53.408, 0, 0, 0, 0, 
56.7, 17.62, 100.33, 73.4, 74.161, , -0.446, 0.986, 3822.005, 3822.005, 2.752, -8.568, -8.568, -8.568, 52.212, 83.691, 35.584, 37.281, 7.377, 12.801, 0, 0, -1.192, -1.211, -1.192, -1.211, 1, 53.007, 53.007, 0.024, 0.133, -2.242, -2.271, -2.242, -2.271, 4.861, 7.377, 12.801, , , 1, 56.761, 0, 0, 14.5, 2.752, 214, 0, 0, 0, 68, 8.504, 7.986, 127.4, 52.822, 100, 0, 0, 42.924, 44.424, 15, 1.193, 112.304, 0, 0, 118.348, 53.346, 0, 0, 0, 0, 0, 14, 0, 14.5, 0, 2.752, 214, 0, 0, 0, 68, 1, 0.009, 0.008, 127.4, 52.822, 100, 0, 0, 141, 42.924, 44.424, 15, 1.193, 0, 112.304, 0, 0, 118.348, 53.346, 0, 0, 0, 0, 
56.75, 17.62, 100.33, 73.4, 74.162, , -0.937, 0.986, 3825.313, 3825.313, 2.758, -20.223, -20.223, -20.223, 52.311, 84.585, 35.512, 36.741, 7.377, 12.775, 0, 0, -2.814, -2.854, -2.814, -2.854, 1, 52.967, 52.967, 0.024, 0.133, -5.323, -5.395, -5.323, -5.395, 4.871, 7.377, 12.775, , , 1, 56.811, 0, 0, 14.5, 2.758, 214, 0, 0, 0, 68, 8.5, 7.977, 127.4, 52.639, 100, 0, 0, 42.874, 44.374, 15, 1.195, 112.504, 0, 0, 118.248, 53.284, 0, 0, 0, 0, 0, 14, 0, 14.5, 0, 2.758, 214, 0, 0, 0, 68, 1, 0.009, 0.008, 127.4, 52.639, 100, 0, 0, 141, 42.874, 44.374, 15, 1.195, 0, 112.504, 0, 0, 118.248, 53.284, 0, 0, 0, 0, 
56.8, 17.62, 100.33, 73.4, 74.162, , -1.25, 0.986, 3827.453, 3827.453, 2.764, -27.634, -27.634, -27.634, 52.381, 85.479, 35.44, 36.201, 7.378, 12.756, 0, 0, -3.845, -3.9, -3.845, -3.9, 1, 52.939, 52.939, 0.024, 0.133, -7.28, -7.379, -7.28, -7.379, 4.885, 7.378, 12.756, , , 1, 56.861, 0, 0, 14.5, 2.764, 214, 0, 0, 0, 68, 8.496, 7.968, 127.4, 52.456, 100, 0, 0, 42.824, 44.324, 15, 1.197, 112.704, 0, 0, 118.148, 53.222, 0, 0, 0, 0, 0, 14, 0, 14.5, 0, 2.764, 214, 0, 0, 0, 68, 1, 0.009, 0.008, 127.4, 52.456, 100, 0, 0, 141, 42.824, 44.324, 15, 1.197, 0, 112.704, 0, 0, 118.148, 53.222, 0, 0, 0, 0, 
56.85, 17.62, 100.33, 73.4, 74.163, , -1.699, 0.986, 3831.345, 3831.345, 2.77, -38.294, -38.294, -38.294, 52.451, 86.373, 35.368, 35.661, 7.379, 12.748, 0, 0, -5.32, -5.395, -5.32, -5.395, 1, 52.883, 52.883, 0.024, 0.133, -10.078, -10.216, -10.078, -10.216, 4.903, 7.379, 12.748, , , 1, 56.911, 0, 0, 14.5, 2.77, 214, 0, 0, 0, 68, 8.492, 7.959, 127.4, 52.273, 100, 0, 0, 42.774, 44.274, 15, 1.199, 112.904, 0, 0, 118.048, 53.16, 0, 0, 0, 0, 0, 14, 0, 14.5, 0, 2.77, 214, 0, 0, 0, 68, 1, 0.009, 0.008, 127.4, 52.273, 100, 0, 0, 141, 42.774, 44.274, 15, 1.199, 0, 112.904, 0, 0, 118.048, 53.16, 0, 0, 0, 0, 
56.9, 17.62, 100.33, 73.4, 74.163, , -2.138, 0.986, 3835.237, 3835.237, 2.77, -48.726, -48.726, -48.726, 52.526, 87.267, 35.296, 35.121, 7.38, 12.746, 0, 0, -6.758, -6.852, -6.758, -6.852, 1, 52.786, 52.786, 0.024, 0.133, -12.804, -12.984, -12.804, -12.984, 4.92, 7.38, 12.746, , , 1, 56.961, 0, 0, 14.5, 2.77, 214, 0, 0, 0, 68, 8.497, 7.971, 127.4, 52.226, 100, 0, 0, 42.693, 44.193, 15, 1.201, 113.028, 0, 0, 118.028, 53.06, 0, 0, 0, 0, 0, 14, 0, 14.5, 0, 2.77, 214, 0, 0, 0, 68, 1, 0.009, 0.008, 127.4, 52.226, 100, 0, 0, 141, 42.693, 44.193, 15, 1.201, 0, 113.028, 0, 0, 118.028, 53.06, 0, 0, 0, 0, 
56.95, 17.62, 100.33, 73.4, 74.163, , -2.475, 0.986, 3839.128, 3839.128, 2.766, -56.705, -56.705, -56.705, 52.588, 88.161, 35.208, 34.74, 7.382, 12.745, 0, 0, -7.848, -7.957, -7.848, -7.957, 1, 52.672, 52.672, 0.024, 0.133, -14.886, -15.096, -14.886, -15.096, 4.938, 7.382, 12.745, , , 1, 57.011, 0, 0, 14.5, 2.766, 214, 0, 0, 0, 68, 8.511, 8.001, 127.4, 52.306, 100, 0, 0, 42.585, 44.085, 15, 1.203, 113.083, 0, 0, 118.083, 52.925, 0, 0, 0, 0, 0, 14, 0, 14.5, 0, 2.766, 214, 0, 0, 0, 68, 1, 0.009, 0.008, 127.4, 52.306, 100, 0, 0, 141, 42.585, 44.085, 15, 1.203, 0, 113.083, 0, 0, 118.083, 52.925, 0, 0, 0, 0, 
57, 17.62, 100.33, 73.4, 74.164, , -2.743, 0.986, 3842.988, 3842.988, 2.761, -63.068, -63.068, -63.068, 52.637, 85.41, 35.064, 34.92, 7.383, 12.743, 0, 0, -8.708, -8.829, -8.708, -8.829, 1, 52.538, 52.538, 0.024, 0.133, -16.543, -16.777, -16.543, -16.777, 4.951, 7.383, 12.743, , , 1, 57.061, 0, 0, 14.5, 2.761, 214, 0, 0, 0, 68, 8.526, 8.032, 127.4, 52.385, 100, 0, 0, 42.476, 43.976, 15, 1.205, 113.137, 0, 0, 118.137, 52.79, 0, 0, 0, 0, 0, 14, 0, 14.5, 0, 2.761, 214, 0, 0, 0, 68, 1, 0.009, 0.008, 127.4, 52.385, 100, 0, 0, 141, 42.476, 43.976, 15, 1.205, 0, 113.137, 0, 0, 118.137, 52.79, 0, 0, 0, 0, 
57.05, 17.62, 100.33, 73.4, 74.164, , -2.978, 0.986, 3846.834, 3846.834, 2.756, -68.655, -68.655, -68.655, 52.674, 82.254, 34.92, 35.1, 7.384, 12.742, 0, 0, -9.455, -9.588, -9.455, -9.588, 1, 52.394, 52.394, 0.024, 0.134, -17.997, -18.253, -17.997, -18.253, 4.956, 7.384, 12.742, , , 1, 57.11, 0, 0, 14.5, 2.756, 214, 0, 0, 0, 68, 8.54, 8.062, 127.4, 52.464, 100, 0, 0, 42.367, 43.867, 15, 1.208, 113.191, 0, 0, 118.191, 52.656, 0, 0, 0, 0, 0, 14, 0, 14.5, 0, 2.756, 214, 0, 0, 0, 68, 1, 0.009, 0.008, 127.4, 52.464, 100, 0, 0, 141, 42.367, 43.867, 15, 1.208, 0, 113.191, 0, 0, 118.191, 52.656, 0, 0, 0, 0, 
57.1, 17.62, 100.33, 73.4, 74.164, , -3.185, 0.986, 3850.72, 3850.72, 2.751, -73.557, -73.557, -73.557, 52.698, 79.098, 34.776, 35.28, 7.384, 12.742, 0, 0, -10.102, -10.245, -10.102, -10.245, 1, 52.238, 52.238, 0.024, 0.134, -19.274, -19.548, -19.274, -19.548, 4.962, 7.384, 12.742, , , 1, 57.16, 0, 0, 14.5, 2.751, 214, 0, 0, 0, 68, 8.554, 8.093, 127.4, 52.544, 100, 0, 0, 42.259, 43.759, 15, 1.21, 113.246, 0, 0, 118.246, 52.521, 0, 0, 0, 0, 0, 14, 0, 14.5, 0, 2.751, 214, 0, 0, 0, 68, 1, 0.009, 0.008, 127.4, 52.544, 100, 0, 0, 141, 42.259, 43.759, 15, 1.21, 0, 113.246, 0, 0, 118.246, 52.521, 0, 0, 0, 0, 
57.15, 17.62, 100.33, 73.4, 74.165, , -3.31, 0.986, 3854.548, 3854.548, 2.747, -76.525, -76.525, -76.525, 52.711, 75.942, 34.632, 35.46, 7.383, 12.739, 0, 0, -10.475, -10.624, -10.475, -10.624, 1, 52.074, 52.074, 0.024, 0.134, -20.049, -20.333, -20.049, -20.333, 4.967, 7.383, 12.739, , , 1, 57.211, 0, 0, 14.5, 2.747, 214, 0, 0, 0, 68, 8.552, 8.116, 127.4, 52.63, 100, 0, 0, 42.195, 43.695, 15, 1.21, 113.305, 0, 0, 118.305, 52.442, 0, 0, 0, 0, 0, 14, 0, 14.5, 0, 2.747, 214, 0, 0, 0, 68, 1, 0.009, 0.008, 127.4, 52.63, 100, 0, 0, 141, 42.195, 43.695, 15, 1.21, 0, 113.305, 0, 0, 118.305, 52.442, 0, 0, 0, 0, 
57.2, 17.62, 100.33, 73.4, 74.165, , -3.49, 0.986, 3858.376, 3858.376, 2.742, -80.803, -80.803, -80.803, 52.722, 72.786, 34.544, 35.648, 7.382, 12.732, 0, 0, -11.023, -11.182, -11.023, -11.182, 1, 51.904, 51.904, 0.024, 0.134, -21.164, -21.465, -21.164, -21.465, 4.972, 7.382, 12.732, , , 1, 57.261, 0, 0, 14.5, 2.742, 214, 0, 0, 0, 68, 8.548, 8.138, 127.4, 52.717, 100, 0, 0, 42.136, 43.636, 15, 1.21, 113.364, 0, 0, 118.364, 52.368, 0, 0, 0, 0, 0, 14, 0, 14.5, 0, 2.742, 214, 0, 0, 0, 68, 1, 0.009, 0.008, 127.4, 52.717, 100, 0, 0, 141, 42.136, 43.636, 15, 1.21, 0, 113.364, 0, 0, 118.364, 52.368, 0, 0, 0, 0, 
57.25, 17.62, 100.33, 73.4, 74.166, , -3.64, 0.986, 3862.204, 3862.204, 2.738, -84.371, -84.371, -84.371, 52.741, 69.63, 34.652, 35.864, 7.38, 12.728, 0, 0, -11.47, -11.635, -11.47, -11.635, 1, 51.725, 51.725, 0.024, 0.134, -22.09, -22.404, -22.09, -22.404, 4.973, 7.38, 12.728, , , 1, 57.31, 0, 0, 14.5, 2.738, 214, 0, 0, 0, 68, 8.545, 8.161, 127.4, 52.804, 100, 0, 0, 42.076, 43.576, 15, 1.21, 113.424, 0, 0, 118.424, 52.294, 0, 0, 0, 0, 0, 14, 0, 14.5, 0, 2.738, 214, 0, 0, 0, 68, 1, 0.009, 0.008, 127.4, 52.804, 100, 0, 0, 141, 42.076, 43.576, 15, 1.21, 0, 113.424, 0, 0, 118.424, 52.294, 0, 0, 0, 0, 
57.3, 17.62, 100.33, 73.4, 74.166, , -3.746, 0.986, 3866.032, 3866.032, 2.734, -86.892, -86.892, -86.892, 52.767, 66.474, 34.76, 36.08, 7.379, 12.727, 0, 0, -11.771, -11.94, -11.771, -11.94, 1, 51.542, 51.542, 0.024, 0.134, -22.74, -23.062, -22.74, -23.062, 4.973, 7.379, 12.727, , , 1, 57.36, 0, 0, 14.5, 2.734, 214, 0, 0, 0, 68, 8.541, 8.184, 127.4, 52.891, 100, 0, 0, 42.017, 43.517, 15, 1.21, 113.483, 0, 0, 118.483, 52.221, 0, 0, 0, 0, 0, 14, 0, 14.5, 0, 2.734, 214, 0, 0, 0, 68, 1, 0.009, 0.008, 127.4, 52.891, 100, 0, 0, 141, 42.017, 43.517, 15, 1.21, 0, 113.483, 0, 0, 118.483, 52.221, 0, 0, 0, 0, 
57.35, 17.62, 100.33, 73.4, 74.166, , -3.831, 0.986, 3869.847, 3869.847, 2.727, -88.917, -88.917, -88.917, 52.797, 63.318, 34.868, 36.296, 7.378, 12.73, 0, 0, -12.002, -12.173, -12.002, -12.173, 1, 51.351, 51.351, 0.024, 0.134, -23.258, -23.587, -23.258, -23.587, 4.974, 7.378, 12.73, , , 1, 57.411, 0, 0, 14.5, 2.727, 214, 0, 0, 0, 68, 8.558, 8.19, 127.4, 52.943, 100, 0, 0, 41.925, 43.425, 15, 1.21, 113.425, 0, 0, 118.5, 52.106, 0, 0, 0, 0, 0, 14, 0, 14.5, 0, 2.727, 214, 0, 0, 0, 68, 1, 0.009, 0.008, 127.4, 52.943, 100, 0, 0, 141, 41.925, 43.425, 15, 1.21, 0, 113.425, 0, 0, 118.5, 52.106, 0, 0, 0, 0, 
57.4, 17.62, 100.33, 73.4, 74.167, , -3.962, 0.986, 3873.613, 3873.613, 2.718, -92.014, -92.014, -92.014, 52.832, 60.162, 34.976, 36.512, 7.377, 12.739, 0, 0, -12.373, -12.55, -12.373, -12.55, 1, 51.154, 51.154, 0.024, 0.134, -24.053, -24.393, -24.053, -24.393, 4.974, 7.377, 12.739, , , 1, 57.461, 0, 0, 14.5, 2.718, 214, 0, 0, 0, 68, 8.583, 8.19, 127.4, 52.981, 100, 0, 0, 41.822, 43.322, 15, 1.21, 113.322, 0, 0, 118.5, 51.975, 0, 0, 0, 0, 0, 14, 0, 14.5, 0, 2.718, 214, 0, 0, 0, 68, 1, 0.009, 0.008, 127.4, 52.981, 100, 0, 0, 141, 41.822, 43.322, 15, 1.21, 0, 113.322, 0, 0, 118.5, 51.975, 0, 0, 0, 0, 
57.45, 17.62, 100.33, 73.4, 74.167, , -4.023, 0.986, 3877.379, 3877.379, 2.71, -93.463, -93.463, -93.463, 52.872, 57.006, 35.068, 36.593, 7.377, 12.756, 0, 0, -12.517, -12.697, -12.517, -12.697, 1, 50.953, 50.953, 0.024, 0.134, -24.414, -24.758, -24.414, -24.758, 4.975, 7.377, 12.756, , , 1, 57.511, 0, 0, 14.5, 2.71, 214, 0, 0, 0, 68, 8.608, 8.19, 127.4, 53.02, 100, 0, 0, 41.718, 43.218, 15, 1.21, 113.218, 0, 0, 118.5, 51.844, 0, 0, 0, 0, 0, 14, 0, 14.5, 0, 2.71, 214, 0, 0, 0, 68, 1, 0.009, 0.008, 127.4, 53.02, 100, 0, 0, 141, 41.718, 43.218, 15, 1.21, 0, 113.218, 0, 0, 118.5, 51.844, 0, 0, 0, 0, 
57.5, 17.62, 100.33, 73.4, 74.168, , -4.119, 0.986, 3881.145, 3881.145, 2.701, -95.759, -95.759, -95.759, 52.915, 53.85, 35.104, 36.197, 7.378, 12.784, 0, 0, -12.772, -12.955, -12.772, -12.955, 1, 50.749, 50.749, 0.024, 0.134, -24.993, -25.344, -24.993, -25.344, 4.976, 7.378, 12.784, , , 1, 57.561, 0, 0, 14.5, 2.701, 214, 0, 0, 0, 68, 8.633, 8.19, 127.4, 53.058, 100, 0, 0, 41.614, 43.114, 15, 1.21, 113.114, 0, 0, 118.5, 51.714, 0, 0, 0, 0, 0, 14, 0, 14.5, 0, 2.701, 214, 0, 0, 0, 68, 1, 0.009, 0.008, 127.4, 53.058, 100, 0, 0, 141, 41.614, 43.114, 15, 1.21, 0, 113.114, 0, 0, 118.5, 51.714, 0, 0, 0, 0, 
57.55, 17.62, 100.33, 73.4, 74.168, , -4.251, 0.986, 3884.883, 3884.883, 2.693, -98.88, -98.88, -98.88, 52.967, 50.694, 35.14, 35.801, 7.378, 12.812, 0, 0, -13.133, -13.321, -13.133, -13.321, 1, 50.539, 50.539, 0.024, 0.133, -25.783, -26.143, -25.783, -26.143, 4.976, 7.378, 12.812, , , 1, 57.611, 0, 0, 14.5, 2.693, 214, 0, 0, 0, 68, 8.658, 8.19, 127.4, 53.097, 100, 0, 0, 41.51, 43.01, 15, 1.21, 113.01, 0, 0, 118.5, 51.583, 0, 0, 0, 0, 0, 14, 0, 14.5, 0, 2.693, 214, 0, 0, 0, 68, 1, 0.009, 0.008, 127.4, 53.097, 100, 0, 0, 141, 41.51, 43.01, 15, 1.21, 0, 113.01, 0, 0, 118.5, 51.583, 0, 0, 0, 0, 
57.6, 17.62, 100.33, 73.4, 74.168, , -4.394, 0.986, 3888.589, 3888.589, 2.679, -102.289, -102.289, -102.289, 53.028, 47.538, 35.176, 35.405, 7.379, 12.839, 0, 0, -13.528, -13.721, -13.528, -13.721, 1, 50.317, 50.317, 0.024, 0.133, -26.643, -27.015, -26.643, -27.015, 4.977, 7.379, 12.839, , , 1, 57.661, 0, 0, 14.5, 2.679, 214, 0, 0, 0, 68.087, 8.678, 8.242, 127.4, 53.198, 100, 0, 0, 41.327, 42.611, 15, 1.21, 112.827, 0, 0, 118.457, 51.248, 0, 0, 0, 0, 0, 14, 0, 14.5, 0, 2.679, 214, 0, 0, 0, 68.087, 1, 0.009, 0.008, 127.4, 53.198, 100, 0, 0, 141, 41.327, 42.611, 15, 1.21, 0, 112.827, 0, 0, 118.457, 51.248, 0, 0, 0, 0, 
57.65, 17.62, 100.33, 73.4, 74.169, , -4.498, 0.986, 3892.295, 3892.295, 2.664, -104.761, -104.761, -104.761, 53.081, 44.382, 35.212, 35.009, 7.38, 12.866, 0, 0, -13.794, -13.989, -13.794, -13.989, 1, 50.094, 50.094, 0.024, 0.133, -27.258, -27.638, -27.258, -27.638, 4.99, 7.38, 12.866, , , 1, 57.711, 0, 0, 14.5, 2.664, 214, 0, 0, 0, 68.183, 8.698, 8.3, 127.4, 53.305, 100, 0, 0, 41.135, 42.178, 15, 1.21, 112.635, 0, 0, 118.409, 50.89, 0, 0, 0, 0, 0, 14, 0, 14.5, 0, 2.664, 214, 0, 0, 0, 68.183, 1, 0.009, 0.008, 127.4, 53.305, 100, 0, 0, 141, 41.135, 42.178, 15, 1.21, 0, 112.635, 0, 0, 118.409, 50.89, 0, 0, 0, 0, 
57.7, 17.62, 100.33, 73.4, 74.169, , -4.648, 0.986, 3896.001, 3896.001, 2.65, -108.321, -108.321, -108.321, 53.124, 41.226, 35.216, 34.74, 7.381, 12.891, 0, 0, -14.197, -14.396, -14.197, -14.396, 1, 49.866, 49.866, 0.024, 0.133, -28.162, -28.554, -28.162, -28.554, 5.006, 7.381, 12.891, , , 1, 57.761, 0, 0, 14.5, 2.65, 214, 0, 0, 0, 68.279, 8.719, 8.357, 127.4, 53.412, 100, 0, 0, 40.942, 41.745, 15, 1.21, 112.442, 0, 0, 118.361, 50.533, 0, 0, 0, 0, 0, 14, 0, 14.5, 0, 2.65, 214, 0, 0, 0, 68.279, 1, 0.009, 0.008, 127.4, 53.412, 100, 0, 0, 141, 40.942, 41.745, 15, 1.21, 0, 112.442, 0, 0, 118.361, 50.533, 0, 0, 0, 0, 
57.75, 17.62, 100.33, 73.4, 74.169, , -4.711, 0.986, 3899.667, 3899.667, 2.635, -109.819, -109.819, -109.819, 53.158, 53.86, 35.108, 34.92, 7.382, 12.911, 0, 0, -14.33, -14.53, -14.33, -14.53, 1, 49.626, 49.626, 0.024, 0.133, -28.537, -28.935, -28.537, -28.935, 5.022, 7.382, 12.911, , , 1, 57.811, 0, 0, 14.5, 2.635, 214, 0, 0, 0, 68.375, 8.739, 8.415, 127.4, 53.518, 100, 0, 0, 40.75, 41.312, 15, 1.21, 112.25, 0, 0, 118.312, 50.175, 0, 0, 0, 0, 0, 14, 0, 14.5, 0, 2.635, 214, 0, 0, 0, 68.375, 1, 0.009, 0.008, 127.4, 53.518, 100, 0, 0, 141, 40.75, 41.312, 15, 1.21, 0, 112.25, 0, 0, 118.312, 50.175, 0, 0, 0, 0, 
57.8, 17.62, 100.33, 73.4, 74.17, , -4.571, 0.986, 3903.315, 3903.315, 2.621, -106.502, -106.502, -106.502, 53.17, 56.406, 35, 35.1, 7.382, 12.922, 0, 0, -13.841, -14.034, -13.841, -14.034, 1, 49.389, 49.389, 0.024, 0.132, -27.669, -28.056, -27.669, -28.056, 5.039, 7.382, 12.922, , , 1, 57.861, 0, 0, 14.5, 2.621, 214, 0, 0, 0, 68.471, 8.759, 8.473, 127.4, 53.625, 100, 0, 0, 40.558, 40.88, 15, 1.21, 112.058, 0, 0, 118.264, 49.817, 0, 0, 0, 0, 0, 14, 0, 14.5, 0, 2.621, 214, 0, 0, 0, 68.471, 1, 0.009, 0.008, 127.4, 53.625, 100, 0, 0, 141, 40.558, 40.88, 15, 1.21, 0, 112.058, 0, 0, 118.264, 49.817, 0, 0, 0, 0, 
57.85, 17.62, 100.33, 73.4, 74.171, , -4.181, 0.986, 3906.964, 3906.964, 2.612, -97.249, -97.249, -97.249, 53.148, 57.038, 34.892, 35.28, 7.382, 12.934, 0, 0, -12.593, -12.767, -12.593, -12.767, 1, 49.17, 49.17, 0.024, 0.132, -25.269, -25.622, -25.269, -25.622, 5.047, 7.382, 12.934, , , 1, 57.91, 0, 0, 14.5, 2.612, 214, 0, 0, 0, 68.573, 8.777, 8.506, 127.4, 53.738, 100, 0, 0, 40.427, 40.64, 15, 1.21, 111.927, 0, 0, 118.213, 49.619, 0, 0, 0, 0, 0, 14, 0, 14.5, 0, 2.612, 214, 0, 0, 0, 68.573, 1, 0.009, 0.009, 127.4, 53.739, 100, 0, 0, 141, 40.427, 40.64, 15, 1.21, 0, 111.927, 0, 0, 118.213, 49.619, 0, 0, 0, 0, 
57.9, 17.62, 100.33, 73.4, 74.172, , -3.653, 0.986, 3910.614, 3910.614, 2.605, -84.728, -84.728, -84.728, 53.108, 57.67, 34.784, 35.46, 7.382, 12.944, 0, 0, -10.935, -11.085, -10.935, -11.085, 1, 48.973, 48.973, 0.024, 0.133, -22.026, -22.335, -22.026, -22.335, 5.053, 7.382, 12.944, , , 1, 57.96, 0, 0, 14.5, 2.605, 214, 0, 0, 0, 68.678, 8.795, 8.529, 127.4, 53.854, 100, 0, 0, 40.322, 40.483, 15, 1.21, 111.822, 0, 0, 118.161, 49.489, 0, 0, 0, 0, 0, 14, 0, 14.5, 0, 2.605, 214, 0, 0, 0, 68.678, 1, 0.009, 0.009, 127.4, 53.855, 100, 0, 0, 141, 40.322, 40.483, 15, 1.21, 0, 111.822, 0, 0, 118.161, 49.489, 0, 0, 0, 0, 
57.95, 17.62, 100.33, 73.4, 74.174, , -3.443, 0.986, 3914.214, 3914.214, 2.599, -79.758, -79.758, -79.758, 53.063, 58.302, 34.731, 35.561, 7.382, 12.956, 0, 0, -10.246, -10.389, -10.246, -10.389, 1, 48.796, 48.796, 0.024, 0.133, -20.754, -21.045, -20.754, -21.045, 5.06, 7.382, 12.956, , , 1, 58.011, 0, 0, 14.5, 2.599, 214, 0, 0, 0, 68.782, 8.813, 8.552, 127.4, 53.97, 100, 0, 0, 40.218, 40.326, 15, 1.21, 111.718, 0, 0, 118.109, 49.36, 0, 0, 0, 0, 0, 14, 0, 14.5, 0, 2.599, 214, 0, 0, 0, 68.782, 1, 0.009, 0.009, 127.4, 53.971, 100, 0, 0, 141, 40.218, 40.326, 15, 1.21, 0, 111.718, 0, 0, 118.109, 49.36, 0, 0, 0, 0, 
58, 17.62, 100.33, 73.4, 74.175, , -3.551, 0.986, 3917.807, 3917.807, 2.592, -82.311, -82.311, -82.311, 53.026, 58.934, 34.874, 35.383, 7.38, 12.967, 0, 0, -10.514, -10.662, -10.514, -10.662, 1, 48.627, 48.627, 0.024, 0.133, -21.43, -21.731, -21.43, -21.731, 5.066, 7.38, 12.967, , , 1, 58.061, 0, 0, 14.5, 2.592, 214, 0, 0, 0, 68.887, 8.831, 8.575, 127.4, 54.085, 100, 0, 0, 40.113, 40.169, 15, 1.21, 111.613, 0, 0, 118.056, 49.23, 0, 0, 0, 0, 0, 14, 0, 14.5, 0, 2.592, 214, 0, 0, 0, 68.887, 1, 0.009, 0.009, 127.4, 54.087, 100, 0, 0, 141, 40.113, 40.169, 15, 1.21, 0, 111.613, 0, 0, 118.056, 49.23, 0, 0, 0, 0, 
58.05, 17.62, 100.33, 73.4, 74.177, , -4.001, 0.986, 3921.385, 3921.385, 2.586, -92.999, -92.999, -92.999, 53.033, 59.565, 35.016, 35.205, 7.379, 12.979, 0, 0, -11.812, -11.979, -11.812, -11.979, 1, 48.437, 48.437, 0.024, 0.133, -24.204, -24.545, -24.204, -24.545, 5.074, 7.379, 12.979, , , 1, 58.11, 0, 0, 14.5, 2.586, 214, 0, 0, 0, 68.992, 8.849, 8.598, 127.4, 54.201, 100, 0, 0, 40.008, 40.013, 15, 1.21, 111.508, 0, 0, 118.004, 49.1, 0, 0, 0, 0, 0, 14, 0, 14.5, 0, 2.586, 214, 0, 0, 0, 68.992, 1, 0.009, 0.009, 127.4, 54.203, 100, 0, 0, 141, 40.008, 40.013, 15, 1.21, 0, 111.508, 0, 0, 118.004, 49.1, 0, 0, 0, 0, 
58.1, 17.62, 100.33, 73.4, 74.178, , -4.834, 0.986, 3924.923, 3924.923, 2.577, -112.766, -112.766, -112.766, 53.081, 60.197, 35.158, 35.027, 7.379, 12.992, 0, 0, -14.251, -14.454, -14.251, -14.454, 1, 48.21, 48.21, 0.024, 0.133, -29.306, -29.72, -29.306, -29.72, 5.084, 7.379, 12.992, , , 1, 58.16, 0, 0, 14.5, 2.577, 214, 0, 0, 0, 68.816, 8.85, 8.613, 127.4, 54.346, 100, 0, 0, 39.908, 39.908, 15, 1.21, 111.5, 0, 0, 118, 48.862, 0, 0, 0, 0, 0, 14, 0, 14.5, 0, 2.577, 214, 0, 0, 0, 68.816, 1, 0.009, 0.009, 127.4, 54.349, 100, 0, 0, 141, 39.908, 39.908, 15, 1.21, 0, 111.5, 0, 0, 118, 48.862, 0, 0, 0, 0, 
58.15, 17.62, 100.33, 73.4, 74.18, , -5.907, 0.986, 3928.512, 3928.512, 2.568, -138.233, -138.233, -138.233, 53.167, 60.829, 35.3, 34.849, 7.379, 13.006, 0, 0, -17.375, -17.621, -17.375, -17.621, 1, 47.939, 47.939, 0.024, 0.133, -35.864, -36.37, -35.864, -36.37, 5.094, 7.379, 13.006, , , 1, 58.211, 0, 0, 14.5, 2.568, 214, 0, 0, 0, 68.616, 8.85, 8.627, 127.4, 54.494, 100, 0, 0, 39.808, 39.808, 15, 1.21, 111.5, 0, 0, 118, 48.614, 0, 0, 0, 0, 0, 14, 0, 14.5, 0, 2.568, 214, 0, 0, 0, 68.616, 1, 0.009, 0.009, 127.4, 54.496, 100, 0, 0, 141, 39.808, 39.808, 15, 1.21, 0, 111.5, 0, 0, 118, 48.614, 0, 0, 0, 0, 
58.2, 17.62, 100.33, 73.4, 74.181, , -6.826, 0.986, 3932.069, 3932.069, 2.559, -160.039, -160.039, -160.039, 53.283, 61.461, 35.42, 34.747, 7.379, 13.022, 0, 0, -19.991, -20.273, -19.991, -20.273, 1, 47.619, 47.619, 0.024, 0.133, -41.438, -42.024, -41.438, -42.024, 5.104, 7.379, 13.022, , , 1, 58.261, 0, 0, 14.5, 2.559, 214, 0, 0, 0, 68.416, 8.85, 8.641, 127.4, 54.642, 100, 0, 0, 39.708, 39.708, 15, 1.21, 111.5, 0, 0, 118, 48.366, 0, 0, 0, 0, 0, 14, 0, 14.5, 0, 2.559, 214, 0, 0, 0, 68.416, 1, 0.009, 0.009, 127.4, 54.643, 100, 0, 0, 141, 39.708, 39.708, 15, 1.21, 0, 111.5, 0, 0, 118, 48.366, 0, 0, 0, 0, 
58.25, 17.62, 100.33, 73.4, 74.183, , -7.55, 0.986, 3935.59, 3935.59, 2.551, -177.228, -177.228, -177.228, 53.426, 62.093, 35.42, 35.038, 7.379, 13.037, 0, 0, -21.984, -22.292, -21.984, -22.292, 1, 47.243, 47.243, 0.024, 0.133, -45.785, -46.433, -45.785, -46.433, 5.113, 7.379, 13.037, , , 1, 58.311, 0, 0, 14.5, 2.551, 214, 0, 0, 0, 68.216, 8.85, 8.655, 127.4, 54.79, 100, 0, 0, 39.608, 39.608, 15, 1.21, 111.5, 0, 0, 118, 48.118, 0, 0, 0, 0, 0, 14, 0, 14.5, 0, 2.551, 214, 0, 0, 0, 68.216, 1, 0.009, 0.009, 127.4, 54.791, 100, 0, 0, 141, 39.608, 39.608, 15, 1.21, 0, 111.5, 0, 0, 118, 48.118, 0, 0, 0, 0, 
58.3, 17.62, 100.33, 73.4, 74.184, , -8.064, 0.986, 3939.075, 3939.075, 2.542, -189.416, -189.416, -189.416, 53.571, 62.725, 35.42, 35.33, 7.38, 13.05, 0, 0, -23.309, -23.636, -23.309, -23.636, 1, 46.844, 46.844, 0.024, 0.133, -48.81, -49.499, -48.81, -49.499, 5.118, 7.38, 13.05, , , 1, 58.361, 0, 0, 14.5, 2.542, 214, 0, 0, 0, 68.016, 8.85, 8.669, 127.4, 54.938, 100, 0, 0, 39.508, 39.508, 15, 1.21, 111.5, 0, 0, 118, 47.87, 0, 0, 0, 0, 0, 14, 0, 14.5, 0, 2.542, 214, 0, 0, 0, 68.016, 1, 0.009, 0.009, 127.4, 54.938, 100, 0, 0, 141, 39.508, 39.508, 15, 1.21, 0, 111.5, 0, 0, 118, 47.87, 0, 0, 0, 0, 
58.35, 17.62, 100.33, 73.4, 74.186, , -8.478, 0.986, 3942.56, 3942.56, 2.526, -199.259, -199.259, -199.259, 53.711, 63.357, 35.42, 35.621, 7.38, 13.065, 0, 0, -24.295, -24.635, -24.295, -24.635, 1, 46.425, 46.425, 0.024, 0.133, -51.216, -51.939, -51.216, -51.939, 5.123, 7.38, 13.065, , , 1, 58.411, 0, 0, 14.5, 2.526, 214, 0, 0, 0, 68.184, 8.878, 8.734, 127.4, 55.018, 100, 0, 0, 39.04, 39.04, 15, 1.21, 111.316, 0, 0, 118, 47.506, 0, 0, 0, 0, 0, 14, 0, 14.5, 0, 2.526, 214, 0, 0, 0, 68.184, 1, 0.009, 0.009, 127.4, 55.018, 100, 0, 0, 141, 39.04, 39.04, 15, 1.21, 0, 111.316, 0, 0, 118, 47.506, 0, 0, 0, 0, 
58.4, 17.62, 100.33, 73.4, 74.188, , -8.841, 0.986, 3946.012, 3946.012, 2.511, -207.885, -207.885, -207.885, 53.837, 63.989, 35.42, 35.913, 7.379, 13.084, 0, 0, -25.11, -25.462, -25.11, -25.462, 1, 45.988, 45.988, 0.024, 0.133, -53.313, -54.065, -53.313, -54.065, 5.128, 7.379, 13.084, , , 1, 58.461, 0, 0, 14.5, 2.511, 214, 0, 0, 0, 68.384, 8.908, 8.804, 127.4, 55.092, 100, 0, 0, 38.54, 38.54, 15, 1.21, 111.116, 0, 0, 118, 47.132, 0, 0, 0, 0, 0, 14, 0, 14.5, 0, 2.511, 214, 0, 0, 0, 68.384, 1, 0.009, 0.009, 127.4, 55.093, 100, 0, 0, 141, 38.54, 38.54, 15, 1.21, 0, 111.116, 0, 0, 118, 47.132, 0, 0, 0, 0, 
58.45, 17.62, 100.33, 73.4, 74.189, , -9.142, 0.986, 3949.432, 3949.432, 2.495, -215.022, -215.022, -215.022, 53.952, 64.62, 35.412, 36.116, 7.379, 13.103, 0, 0, -25.723, -26.084, -25.723, -26.084, 1, 45.524, 45.524, 0.024, 0.133, -55.033, -55.81, -55.033, -55.81, 5.129, 7.379, 13.103, , , 1, 58.511, 0, 0, 14.5, 2.495, 214, 0, 0, 0, 68.584, 8.938, 8.874, 127.4, 55.166, 100, 0, 0, 38.04, 38.04, 15, 1.21, 110.916, 0, 0, 118, 46.758, 0, 0, 0, 0, 0, 14, 0, 14.5, 0, 2.495, 214, 0, 0, 0, 68.584, 1, 0.009, 0.009, 127.4, 55.167, 100, 0, 0, 141, 38.04, 38.04, 15, 1.21, 0, 110.916, 0, 0, 118, 46.758, 0, 0, 0, 0, 
58.5, 17.62, 100.33, 73.4, 74.191, , -9.352, 0.986, 3952.816, 3952.816, 2.479, -220.022, -220.022, -220.022, 54.049, 65.252, 35.376, 36.008, 7.378, 13.12, 0, 0, -26.054, -26.421, -26.054, -26.421, 1, 45.054, 45.054, 0.024, 0.133, -56.214, -57.005, -56.214, -57.005, 5.109, 7.378, 13.12, , , 1, 58.561, 0, 0, 14.5, 2.479, 214, 0, 0, 0, 68.784, 8.968, 8.944, 127.4, 55.24, 100, 0, 0, 37.54, 37.54, 15, 1.21, 110.716, 0, 0, 118, 46.384, 0, 0, 0, 0, 0, 14, 0, 14.5, 0, 2.479, 214, 0, 0, 0, 68.784, 1, 0.009, 0.009, 127.4, 55.241, 100, 0, 0, 141, 37.54, 37.54, 15, 1.21, 0, 110.716, 0, 0, 118, 46.384, 0, 0, 0, 0, 
58.55, 17.62, 100.33, 73.4, 74.192, , -9.564, 0.986, 3956.2, 3956.2, 2.463, -225.047, -225.047, -225.047, 54.131, 65.884, 35.34, 35.9, 7.378, 13.138, 0, 0, -26.361, -26.733, -26.361, -26.733, 1, 44.576, 44.576, 0.024, 0.133, -57.416, -58.224, -57.416, -58.224, 5.089, 7.378, 13.138, , , 1, 58.611, 0, 0, 14.5, 2.463, 214, 0, 0, 0, 68.984, 8.998, 9.014, 127.4, 55.314, 100, 0, 0, 37.04, 37.04, 15, 1.21, 110.516, 0, 0, 118, 46.01, 0, 0, 0, 0, 0, 14, 0, 14.5, 0, 2.463, 214, 0, 0, 0, 68.984, 1, 0.009, 0.009, 127.4, 55.316, 100, 0, 0, 141, 37.04, 37.04, 15, 1.21, 0, 110.516, 0, 0, 118, 46.01, 0, 0, 0, 0, 
58.6, 17.62, 100.33, 73.4, 74.194, , -9.674, 0.986, 3959.534, 3959.534, 2.44, -227.671, -227.671, -227.671, 54.197, 66.516, 35.304, 35.792, 7.377, 13.155, 0, 0, -26.379, -26.753, -26.379, -26.753, 1, 44.079, 44.079, 0.024, 0.133, -58.015, -58.833, -58.015, -58.833, 5.069, 7.377, 13.155, , , 1, 58.661, 0, 0, 14.5, 2.44, 214, 0, 0, 0, 69, 9.055, 9.108, 127.4, 55.59, 100, 0, 0, 36.632, 36.54, 15, 1.21, 110.5, 0, 0, 118.092, 45.524, 0, 0, 0, 0, 0, 14, 0, 14.5, 0, 2.44, 214, 0, 0, 0, 69, 1, 0.009, 0.009, 127.4, 55.595, 100, 0, 0, 141, 36.632, 36.54, 15, 1.21, 0, 110.5, 0, 0, 118.092, 45.524, 0, 0, 0, 0, 
58.65, 17.62, 100.33, 73.4, 74.195, , -9.615, 0.986, 3962.818, 3962.818, 2.416, -226.273, -226.273, -226.273, 54.258, 67.148, 35.268, 35.684, 7.377, 13.172, 0, 0, -25.936, -26.303, -25.936, -26.303, 1, 43.581, 43.581, 0.024, 0.134, -57.601, -58.415, -57.601, -58.415, 5.049, 7.377, 13.172, , , 1, 58.711, 0, 0, 14.5, 2.416, 214, 0, 0, 0, 69, 9.115, 9.204, 127.4, 55.884, 100, 0, 0, 36.232, 36.04, 15, 1.21, 110.5, 0, 0, 118.192, 45.028, 0, 0, 0, 0, 0, 14, 0, 14.5, 0, 2.416, 214, 0, 0, 0, 69, 1, 0.009, 0.009, 127.4, 55.888, 100, 0, 0, 141, 36.232, 36.04, 15, 1.21, 0, 110.5, 0, 0, 118.192, 45.028, 0, 0, 0, 0, 
58.7, 17.62, 100.33, 73.4, 74.197, , -8.941, 0.986, 3966.061, 3966.061, 2.393, -210.302, -210.302, -210.302, 54.293, 67.78, 35.216, 35.6, 7.377, 13.184, 0, 0, -23.896, -24.234, -23.896, -24.234, 1, 43.105, 43.105, 0.024, 0.133, -53.509, -54.264, -53.509, -54.264, 5.021, 7.377, 13.184, , , 1, 58.76, 0, 0, 14.5, 2.393, 214, 0, 0, 0, 69, 9.175, 9.3, 127.4, 56.178, 100, 0, 0, 35.832, 35.54, 15, 1.21, 110.5, 0, 0, 118.292, 44.532, 0, 0, 0, 0, 0, 14, 0, 14.5, 0, 2.393, 214, 0, 0, 0, 69, 1, 0.009, 0.01, 127.4, 56.181, 100, 0, 0, 141, 35.832, 35.54, 15, 1.21, 0, 110.5, 0, 0, 118.292, 44.532, 0, 0, 0, 0, 
58.75, 17.62, 100.33, 73.4, 74.198, , -8.032, 0.986, 3969.275, 3969.275, 2.369, -188.739, -188.739, -188.739, 54.288, 68.412, 35.108, 35.6, 7.377, 13.195, 0, 0, -21.276, -21.576, -21.276, -21.576, 1, 42.663, 42.663, 0.024, 0.133, -48.02, -48.697, -48.02, -48.697, 4.992, 7.377, 13.195, , , 1, 58.811, 0, 0, 14.5, 2.369, 214, 0, 0, 0, 69, 9.235, 9.396, 127.4, 56.472, 100, 0, 0, 35.432, 35.04, 15, 1.21, 110.5, 0, 0, 118.392, 44.036, 0, 0, 0, 0, 0, 14, 0, 14.5, 0, 2.369, 214, 0, 0, 0, 69, 1, 0.009, 0.01, 127.4, 56.474, 100, 0, 0, 141, 35.432, 35.04, 15, 1.21, 0, 110.5, 0, 0, 118.392, 44.036, 0, 0, 0, 0, 
58.8, 17.62, 100.33, 73.4, 74.2, , -6.896, 0.986, 3972.465, 3972.465, 2.345, -161.799, -161.799, -161.799, 54.193, 69.044, 35, 35.6, 7.377, 13.2, 0, 0, -18.097, -18.352, -18.097, -18.352, 1, 42.287, 42.287, 0.024, 0.133, -41.177, -41.758, -41.177, -41.758, 4.963, 7.377, 13.2, , , 1, 58.861, 0, 0, 14.5, 2.345, 214, 0, 0, 0, 69, 9.295, 9.492, 127.4, 56.766, 100, 0, 0, 35.032, 34.54, 15, 1.21, 110.5, 0, 0, 118.492, 43.54, 0, 0, 0, 0, 0, 14, 0, 14.5, 0, 2.345, 214, 0, 0, 0, 69, 1, 0.009, 0.01, 127.4, 56.767, 100, 0, 0, 141, 35.032, 34.54, 15, 1.21, 0, 110.5, 0, 0, 118.492, 43.54, 0, 0, 0, 0, 
58.85, 17.62, 100.33, 73.4, 74.201, , -5.34, 0.986, 3975.62, 3975.62, 2.315, -124.88, -124.88, -124.88, 54.046, 69.675, 34.892, 35.6, 7.377, 13.203, 0, 0, -13.882, -14.077, -13.882, -14.077, 1, 41.975, 41.975, 0.024, 0.133, -31.798, -32.246, -31.798, -32.246, 4.934, 7.377, 13.203, , , 1, 58.911, 0, 0, 14.5, 2.315, 214, 0, 0, 0, 68.908, 9.335, 9.558, 127.4, 57.233, 100, 0, 0, 34.586, 34.224, 15, 1.21, 110.408, 0, 0, 118.408, 43.213, 0, 0, 0, 0, 0, 14, 0, 14.5, 0, 2.315, 214, 0, 0, 0, 68.908, 1, 0.009, 0.01, 127.4, 57.132, 100, 0, 0, 141, 34.586, 34.224, 15, 1.21, 0, 110.408, 0, 0, 118.408, 43.213, 0, 0, 0, 0, 
58.9, 17.62, 100.33, 73.4, 74.203, , -3.283, 0.986, 3978.716, 3978.716, 2.284, -76.084, -76.084, -76.084, 53.848, 70.307, 34.784, 35.6, 7.377, 13.2, 0, 0, -8.428, -8.546, -8.428, -8.546, 1, 41.73, 41.73, 0.024, 0.133, -19.31, -19.581, -19.31, -19.581, 4.92, 7.377, 13.2, , , 1, 58.961, 0, 0, 14.5, 2.284, 214, 0, 0, 0, 68.808, 9.373, 9.621, 127.4, 57.714, 100, 0, 0, 34.136, 33.924, 15, 1.21, 110.308, 0, 0, 118.308, 42.901, 0, 0, 0, 0, 0, 14, 0, 14.5, 0, 2.284, 214, 0, 0, 0, 68.808, 1, 0.009, 0.01, 127.4, 57.503, 100, 0, 0, 141, 34.136, 33.924, 15, 1.21, 0, 110.308, 0, 0, 118.308, 42.901, 0, 0, 0, 0, 
58.95, 17.62, 100.33, 73.4, 74.204, , -1.073, 0.986, 3981.788, 3981.788, 2.254, -23.658, -23.658, -23.658, 53.491, 70.939, 34.807, 35.623, 7.377, 13.196, 0, 0, -2.611, -2.647, -2.611, -2.647, 1, 41.651, 41.651, 0.024, 0.133, -5.818, -5.898, -5.818, -5.898, 4.907, 7.377, 13.196, , , 1, 59.011, 0, 0, 14.5, 2.254, 214, 0, 0, 0, 68.708, 9.411, 9.684, 127.4, 58.195, 100, 0, 0, 33.686, 33.624, 15, 1.21, 110.208, 0, 0, 118.208, 42.589, 0, 0, 0, 0, 0, 14, 0, 14.5, 0, 2.254, 214, 0, 0, 0, 68.708, 1, 0.009, 0.01, 127.4, 57.875, 100, 0, 0, 141, 33.686, 33.624, 15, 1.21, 0, 110.208, 0, 0, 118.208, 42.589, 0, 0, 0, 0, 
59, 17.62, 100.33, 73.4, 74.206, , 0.891, 0.986, 3984.861, 3984.861, 2.223, 22.928, 22.928, 22.928, 53.068, 71.571, 35.296, 35.728, 7.377, 13.183, 0, 0, 2.532, 2.569, 2.532, 2.569, 1, 41.643, 41.643, 0.024, 0.133, 6.357, 6.447, 6.357, 6.447, 4.894, 7.377, 13.183, , , 1, 59.06, 0, 0, 14.5, 2.223, 214, 0, 0, 0, 68.608, 9.449, 9.747, 127.4, 58.676, 100, 0, 0, 33.236, 33.324, 15, 1.21, 110.108, 0, 0, 118.108, 42.277, 0, 0, 0, 0, 0, 14, 0, 14.5, 0, 2.223, 214, 0, 0, 0, 68.608, 1, 0.009, 0.01, 127.4, 58.246, 100, 0, 0, 141, 33.236, 33.324, 15, 1.21, 0, 110.108, 0, 0, 118.108, 42.277, 0, 0, 0, 0, 
59.05, 17.62, 100.33, 73.4, 74.207, , 2.704, 0.986, 3987.906, 3987.906, 2.192, 65.931, 65.931, 65.931, 52.57, 72.203, 35.784, 35.832, 7.377, 13.169, 0, 0, 7.295, 7.399, 7.295, 7.399, 1, 41.719, 41.719, 0.024, 0.133, 17.732, 17.982, 17.732, 17.982, 4.88, 7.377, 13.169, , , 1, 59.111, 0, 0, 14.5, 2.192, 214, 0, 0, 0, 68.508, 9.487, 9.81, 127.4, 59.157, 100, 0, 0, 32.786, 33.024, 15, 1.21, 110.008, 0, 0, 118.008, 41.965, 0, 0, 0, 0, 0, 14, 0, 14.5, 0, 2.192, 214, 0, 0, 0, 68.508, 1, 0.009, 0.01, 127.4, 58.618, 100, 0, 0, 141, 32.786, 33.024, 15, 1.21, 0, 110.008, 0, 0, 118.008, 41.965, 0, 0, 0, 0, 
59.1, 17.62, 100.33, 73.4, 74.209, , 4.374, 0.986, 3990.939, 3990.939, 2.183, 105.57, 105.57, 105.57, 52.125, 72.835, 36.273, 35.937, 7.377, 13.155, 0, 0, 11.7, 11.867, 11.7, 11.867, 1, 41.915, 41.915, 0.024, 0.132, 28.301, 28.699, 28.301, 28.699, 4.881, 7.377, 13.155, , , 1, 59.161, 0, 0, 14.5, 2.183, 214, 0, 0, 0, 68.596, 9.49, 9.826, 127.4, 59.301, 100, 0, 0, 32.702, 33, 15, 1.21, 110, 0, 0, 118, 41.999, 0, 0, 0, 0, 0, 14, 0, 14.5, 0, 2.183, 214, 0, 0, 0, 68.596, 1, 0.009, 0.01, 127.4, 58.856, 100, 0, 0, 141, 32.702, 33, 15, 1.21, 0, 110, 0, 0, 118, 41.999, 0, 0, 0, 0, 
59.15, 17.62, 100.33, 73.4, 74.21, , 5.61, 0.986, 3993.971, 3993.971, 2.176, 134.888, 134.888, 134.888, 51.712, 73.467, 36.761, 36.042, 7.377, 13.14, 0, 0, 15.004, 15.217, 15.004, 15.217, 1, 42.155, 42.155, 0.024, 0.132, 36.22, 36.728, 36.22, 36.728, 4.887, 7.377, 13.14, , , 1, 59.211, 0, 0, 14.5, 2.176, 214, 0, 0, 0, 68.7, 9.49, 9.837, 127.4, 59.417, 100, 0, 0, 32.65, 33, 15, 1.21, 110, 0, 0, 118, 42.064, 0, 0, 0, 0, 0, 14, 0, 14.5, 0, 2.176, 214, 0, 0, 0, 68.7, 1, 0.009, 0.01, 127.4, 59.087, 100, 0, 0, 141, 32.65, 33, 15, 1.21, 0, 110, 0, 0, 118, 42.064, 0, 0, 0, 0, 
59.2, 17.62, 100.33, 73.4, 74.21, , 6.368, 0.986, 3997.027, 3997.027, 2.169, 152.868, 152.868, 152.868, 51.344, 74.099, 37.213, 36.12, 7.377, 13.122, 0, 0, 17.092, 17.334, 17.092, 17.334, 1, 42.452, 42.452, 0.024, 0.132, 41.177, 41.755, 41.177, 41.755, 4.893, 7.377, 13.122, , , 1, 59.261, 0, 0, 14.5, 2.169, 214, 0, 0, 0, 68.804, 9.49, 9.848, 127.4, 59.533, 100, 0, 0, 32.598, 33, 15, 1.21, 110, 0, 0, 118, 42.129, 0, 0, 0, 0, 0, 14, 0, 14.5, 0, 2.169, 214, 0, 0, 0, 68.804, 1, 0.009, 0.01, 127.4, 59.317, 100, 0, 0, 141, 32.598, 33, 15, 1.21, 0, 110, 0, 0, 118, 42.129, 0, 0, 0, 0, 
59.25, 17.62, 100.33, 73.4, 74.21, , 6.778, 0.986, 4000.1, 4000.1, 2.161, 162.611, 162.611, 162.611, 51.101, 74.731, 37.102, 35.785, 7.377, 13.104, 0, 0, 18.296, 18.554, 18.296, 18.554, 1, 42.779, 42.779, 0.024, 0.132, 43.971, 44.589, 43.971, 44.589, 4.899, 7.377, 13.104, , , 1, 59.311, 0, 0, 14.5, 2.161, 214, 0, 0, 0, 68.908, 9.49, 9.86, 127.4, 59.648, 100, 0, 0, 32.546, 33, 15, 1.21, 110, 0, 0, 118, 42.193, 0, 0, 0, 0, 0, 14, 0, 14.5, 0, 2.161, 214, 0, 0, 0, 68.908, 1, 0.009, 0.01, 127.4, 59.547, 100, 0, 0, 141, 32.546, 33, 15, 1.21, 0, 110, 0, 0, 118, 42.193, 0, 0, 0, 0, 
59.3, 17.62, 100.33, 73.4, 74.21, , 6.86, 0.986, 4003.172, 4003.172, 2.158, 164.563, 164.563, 164.563, 50.944, 75.362, 36.99, 35.45, 7.378, 13.089, 0, 0, 18.656, 18.919, 18.656, 18.919, 1, 43.113, 43.113, 0.024, 0.132, 44.602, 45.23, 44.602, 45.23, 4.905, 7.378, 13.089, , , 1, 59.361, 0, 0, 14.5, 2.158, 214, 0, 0, 0, 68.975, 9.482, 9.855, 127.4, 59.699, 100, 0, 0, 32.556, 33.05, 15, 1.21, 110.012, 0, 0, 118.012, 42.312, 0, 0, 0, 0, 0, 14, 0, 14.5, 0, 2.158, 214, 0, 0, 0, 68.975, 1, 0.009, 0.01, 127.4, 59.699, 100, 0, 0, 141, 32.556, 33.05, 15, 1.21, 0, 110.012, 0, 0, 118.012, 42.312, 0, 0, 0, 0, 
59.35, 17.62, 100.33, 73.4, 74.21, , 6.855, 0.986, 4006.29, 4006.29, 2.183, 164.437, 164.437, 164.437, 50.917, 75.994, 36.879, 35.116, 7.378, 13.074, 0, 0, 18.783, 19.048, 18.783, 19.048, 1, 43.452, 43.452, 0.024, 0.132, 44.607, 45.236, 44.607, 45.236, 4.91, 7.378, 13.074, , , 1, 59.411, 0, 0, 14.5, 2.183, 214, 0, 0, 0, 68.768, 9.418, 9.731, 127.4, 59.277, 100, 0, 0, 33.023, 33.465, 15, 1.21, 110.116, 0, 0, 118.116, 42.829, 0, 0, 0, 0, 0, 14, 0, 14.5, 0, 2.183, 214, 0, 0, 0, 68.768, 1, 0.009, 0.01, 127.4, 59.277, 100, 0, 0, 141, 33.023, 33.465, 15, 1.21, 0, 110.116, 0, 0, 118.116, 42.829, 0, 0, 0, 0, 
59.4, 17.62, 100.33, 73.4, 74.21, , 6.79, 0.986, 4009.446, 4009.446, 2.208, 162.902, 162.902, 162.902, 50.926, 76.626, 36.767, 34.781, 7.379, 13.055, 0, 0, 18.752, 19.017, 18.752, 19.017, 1, 43.787, 43.787, 0.024, 0.132, 44.184, 44.806, 44.184, 44.806, 4.915, 7.379, 13.055, , , 1, 59.461, 0, 0, 14.5, 2.208, 214, 0, 0, 0, 68.56, 9.354, 9.606, 127.4, 58.855, 100, 0, 0, 33.49, 33.88, 15, 1.21, 110.22, 0, 0, 118.22, 43.345, 0, 0, 0, 0, 0, 14, 0, 14.5, 0, 2.208, 214, 0, 0, 0, 68.56, 1, 0.009, 0.01, 127.4, 58.855, 100, 0, 0, 141, 33.49, 33.88, 15, 1.21, 0, 110.22, 0, 0, 118.22, 43.345, 0, 0, 0, 0, 
59.45, 17.62, 100.33, 73.4, 74.21, , 6.771, 0.986, 4012.601, 4012.601, 2.234, 162.465, 162.465, 162.465, 50.95, 77.258, 36.593, 34.56, 7.379, 13.036, 0, 0, 18.844, 19.11, 18.844, 19.11, 1, 44.121, 44.121, 0.024, 0.132, 44.042, 44.662, 44.042, 44.662, 4.92, 7.379, 13.036, , , 1, 59.51, 0, 0, 14.5, 2.234, 214, 0, 0, 0, 68.353, 9.289, 9.482, 127.4, 58.433, 100, 0, 0, 33.956, 34.295, 15, 1.21, 110.324, 0, 0, 118.324, 43.862, 0, 0, 0, 0, 0, 14, 0, 14.5, 0, 2.234, 214, 0, 0, 0, 68.353, 1, 0.009, 0.01, 127.4, 58.433, 100, 0, 0, 141, 33.956, 34.295, 15, 1.21, 0, 110.324, 0, 0, 118.324, 43.862, 0, 0, 0, 0, 
59.5, 17.62, 100.33, 73.4, 74.21, , 6.717, 0.986, 4015.782, 4015.782, 2.259, 161.203, 161.203, 161.203, 50.986, 77.89, 36.197, 34.74, 7.38, 13.018, 0, 0, 18.836, 19.105, 18.836, 19.105, 1, 44.455, 44.455, 0.024, 0.132, 43.668, 44.284, 43.668, 44.284, 4.92, 7.38, 13.018, , , 1, 59.56, 0, 0, 14.5, 2.259, 214, 0, 0, 0, 68.145, 9.225, 9.357, 127.4, 58.011, 100, 0, 0, 34.423, 34.71, 15, 1.21, 110.427, 0, 0, 118.427, 44.378, 0, 0, 0, 0, 0, 14, 0, 14.5, 0, 2.259, 214, 0, 0, 0, 68.145, 1, 0.009, 0.01, 127.4, 58.011, 100, 0, 0, 141, 34.423, 34.71, 15, 1.21, 0, 110.427, 0, 0, 118.427, 44.378, 0, 0, 0, 0, 
59.55, 17.62, 100.33, 73.4, 74.21, , 6.648, 0.986, 4018.987, 4018.987, 2.282, 159.568, 159.568, 159.568, 51.032, 78.522, 35.801, 34.92, 7.38, 13, 0, 0, 18.784, 19.054, 18.784, 19.054, 1, 44.78, 44.78, 0.024, 0.132, 43.187, 43.797, 43.187, 43.797, 4.897, 7.38, 13, , , 1, 59.611, 0, 0, 14.5, 2.282, 214, 0, 0, 0, 68, 9.163, 9.246, 127.4, 57.575, 100, 0, 0, 34.863, 35.075, 15, 1.21, 110.481, 0, 0, 118.481, 44.857, 0, 0, 0, 0, 0, 14, 0, 14.5, 0, 2.282, 214, 0, 0, 0, 68, 1, 0.009, 0.009, 127.4, 57.575, 100, 0, 0, 141, 34.863, 35.075, 15, 1.21, 0, 110.481, 0, 0, 118.481, 44.857, 0, 0, 0, 0, 
59.6, 17.62, 100.33, 73.4, 74.21, , 6.618, 0.986, 4022.23, 4022.23, 2.302, 158.864, 158.864, 158.864, 51.079, 79.154, 35.405, 35.1, 7.38, 12.989, 0, 0, 18.839, 19.109, 18.839, 19.109, 1, 45.105, 45.105, 0.024, 0.132, 42.953, 43.559, 42.953, 43.559, 4.873, 7.38, 12.989, , , 1, 59.661, 0, 0, 14.5, 2.302, 214, 0, 0, 0, 68, 9.105, 9.165, 127.4, 57.109, 100, 0, 0, 35.24, 35.327, 15, 1.21, 110.418, 0, 0, 118.418, 45.246, 0, 0, 0, 0, 0, 14, 0, 14.5, 0, 2.302, 214, 0, 0, 0, 68, 1, 0.009, 0.009, 127.4, 57.109, 100, 0, 0, 141, 35.24, 35.327, 15, 1.21, 0, 110.418, 0, 0, 118.418, 45.246, 0, 0, 0, 0, 
59.65, 17.62, 100.33, 73.4, 74.21, , 6.592, 0.986, 4025.506, 4025.506, 2.322, 158.24, 158.24, 158.24, 51.125, 79.786, 35.009, 35.28, 7.379, 12.978, 0, 0, 18.901, 19.17, 18.901, 19.17, 1, 45.433, 45.433, 0.024, 0.132, 42.748, 43.35, 42.748, 43.35, 4.85, 7.379, 12.978, , , 1, 59.71, 0, 0, 14.5, 2.322, 214, 0, 0, 0, 68, 9.047, 9.085, 127.4, 56.643, 100, 0, 0, 35.617, 35.578, 15, 1.21, 110.356, 0, 0, 118.356, 45.636, 0, 0, 0, 0, 0, 14, 0, 14.5, 0, 2.322, 214, 0, 0, 0, 68, 1, 0.009, 0.009, 127.4, 56.643, 100, 0, 0, 141, 35.617, 35.578, 15, 1.21, 0, 110.356, 0, 0, 118.356, 45.636, 0, 0, 0, 0, 
59.7, 17.62, 100.33, 73.4, 74.21, , 6.559, 0.986, 4028.809, 4028.809, 2.342, 157.483, 157.483, 157.483, 51.162, 80.417, 34.716, 35.428, 7.379, 12.979, 0, 0, 18.946, 19.212, 18.946, 19.212, 1, 45.755, 45.755, 0.024, 0.132, 42.511, 43.11, 42.511, 43.11, 4.826, 7.379, 12.979, , , 1, 59.76, 0, 0, 14.5, 2.342, 214, 0, 0, 0, 68, 8.989, 9.005, 127.4, 56.178, 100, 0, 0, 35.994, 35.829, 15, 1.21, 110.293, 0, 0, 118.293, 46.025, 0, 0, 0, 0, 0, 14, 0, 14.5, 0, 2.342, 214, 0, 0, 0, 68, 1, 0.009, 0.009, 127.4, 56.178, 100, 0, 0, 141, 35.994, 35.829, 15, 1.21, 0, 110.293, 0, 0, 118.293, 46.025, 0, 0, 0, 0, 
59.75, 17.62, 100.33, 73.4, 74.21, , 6.51, 0.986, 4032.145, 4032.145, 2.361, 156.306, 156.306, 156.306, 51.191, 81.049, 34.788, 35.464, 7.378, 12.982, 0, 0, 18.938, 19.204, 18.938, 19.204, 1, 46.076, 46.076, 0.024, 0.132, 42.166, 42.762, 42.166, 42.762, 4.803, 7.378, 12.982, , , 1, 59.811, 0.017, 0, 14.5, 2.361, 214, 0, 0, 0, 68.072, 8.969, 8.97, 127.4, 55.828, 100, 0, 0, 36.34, 36.072, 15, 1.211, 110.25, 0, 0, 118.214, 46.403, 0, 0, 0.017, 0, 0, 14, 0, 14.5, 0, 2.362, 214, 0, 0, 0, 68.072, 1, 0.009, 0.009, 127.4, 55.828, 100, 0, 0, 141, 36.34, 36.072, 15, 1.211, 0, 110.25, 0, 0, 118.214, 46.403, 0, 0, 0, 0, 
59.8, 17.62, 100.33, 73.4, 74.21, , 6.535, 0.986, 4035.48, 4035.48, 2.379, 156.908, 156.908, 156.908, 51.212, 81.681, 34.86, 35.5, 7.378, 12.994, 0, 0, 19.145, 19.412, 19.145, 19.412, 1, 46.398, 46.398, 0.024, 0.132, 42.314, 42.912, 42.314, 42.912, 4.78, 7.378, 12.994, , , 1, 59.861, 0.069, 0, 14.5, 2.379, 214, 0, 0, 0, 68.299, 9.029, 9.034, 127.4, 55.703, 100, 0, 0, 36.623, 36.299, 15, 1.213, 110.25, 0, 0, 118.101, 46.754, 0, 0, 0.069, 0, 0, 14, 0, 14.5, 0, 2.379, 214, 0, 0, 0, 68.299, 1, 0.009, 0.009, 127.4, 55.703, 100, 0, 0, 141, 36.623, 36.299, 15, 1.213, 0, 110.25, 0, 0, 118.101, 46.754, 0, 0, 0, 0, 
59.85, 17.62, 100.33, 73.4, 74.21, , 6.569, 0.986, 4038.839, 4038.839, 2.397, 157.733, 157.733, 157.733, 51.223, 82.313, 34.932, 35.536, 7.377, 13.007, 0, 0, 19.381, 19.651, 19.381, 19.651, 1, 46.719, 46.719, 0.024, 0.132, 42.528, 43.128, 42.528, 43.128, 4.757, 7.377, 13.007, , , 1, 59.911, 0.121, 0, 14.5, 2.397, 214, 0, 0, 0, 68.525, 9.089, 9.097, 127.4, 55.579, 100, 0, 0, 36.906, 36.525, 15, 1.215, 110.25, 0, 0, 117.988, 47.106, 0, 0, 0.121, 0, 0, 14, 0, 14.5, 0, 2.397, 214, 0, 0, 0, 68.525, 1, 0.009, 0.009, 127.4, 55.579, 100, 0, 0, 141, 36.906, 36.525, 15, 1.215, 0, 110.25, 0, 0, 117.988, 47.106, 0, 0, 0, 0, 
59.9, 17.62, 100.33, 73.4, 74.21, , 6.609, 0.986, 4042.228, 4042.228, 2.415, 158.691, 158.691, 158.691, 51.224, 82.945, 35.004, 35.572, 7.377, 13.019, 0, 0, 19.638, 19.912, 19.638, 19.912, 1, 47.047, 47.047, 0.024, 0.132, 42.784, 43.388, 42.784, 43.388, 4.734, 7.377, 13.019, , , 1, 59.961, 0.173, 0, 14.5, 2.415, 214, 0, 0, 0, 68.751, 9.149, 9.16, 127.4, 55.454, 100, 0, 0, 37.189, 36.751, 15, 1.218, 110.25, 0, 0, 117.874, 47.458, 0, 0, 0.173, 0, 0, 14, 0, 14.5, 0, 2.415, 214, 0, 0, 0, 68.751, 1, 0.009, 0.009, 127.4, 55.454, 100, 0, 0, 141, 37.189, 36.751, 15, 1.218, 0, 110.25, 0, 0, 117.874, 47.458, 0, 0, 0, 0, 
59.95, 17.62, 100.33, 73.4, 74.21, , 6.709, 0.986, 4045.662, 4045.662, 2.433, 161.051, 161.051, 161.051, 51.216, 83.577, 35.092, 35.64, 7.377, 13.031, 0, 0, 20.072, 20.353, 20.072, 20.353, 1, 47.377, 47.377, 0.024, 0.132, 43.428, 44.042, 43.428, 44.042, 4.745, 7.377, 13.031, , , 1, 60.011, 0.225, 0, 14.5, 2.433, 214, 0, 0, 0, 68.977, 9.209, 9.224, 127.4, 55.33, 100, 0, 0, 37.472, 36.977, 15, 1.22, 110.25, 0, 0, 117.761, 47.81, 0, 0, 0.225, 0, 0, 14, 0, 14.5, 0, 2.433, 214, 0, 0, 0, 68.977, 1, 0.009, 0.009, 127.4, 55.33, 100, 0, 0, 141, 37.472, 36.977, 15, 1.22, 0, 110.25, 0, 0, 117.761, 47.81, 0, 0, 0, 0, 
60, 17.62, 100.33, 73.4, 74.21, , 6.827, 0.986, 4049.096, 4049.096, 2.45, 163.875, 163.875, 163.875, 51.202, 78.16, 35.236, 35.82, 7.378, 13.041, 0, 0, 20.567, 20.857, 20.567, 20.857, 1, 47.71, 47.71, 0.024, 0.133, 44.202, 44.827, 44.202, 44.827, 4.757, 7.378, 13.041, , , 1, 60.06, 0.245, 0, 14.5, 2.45, 214, 0, 0, 0, 69.282, 9.277, 9.261, 127.4, 55.496, 100, 0, 0, 37.641, 37.188, 15.192, 1.228, 110.344, 0, 0, 117.562, 48.138, 0, 0, 0.245, 0, 0, 14, 0, 14.5, 0, 2.45, 214, 0, 0, 0, 69.282, 1, 0.01, 0.01, 127.4, 55.497, 100, 0, 0, 141, 37.641, 37.188, 15.192, 1.228, 0, 110.344, 0, 0, 117.562, 48.138, 0, 0, 0, 0, 
60.05, 17.62, 100.33, 73.4, 74.21, , 6.933, 0.986, 4052.549, 4052.549, 2.467, 166.39, 166.39, 166.39, 51.191, 72.071, 35.38, 36, 7.378, 13.052, 0, 0, 21.028, 21.325, 21.028, 21.325, 1, 48.049, 48.049, 0.024, 0.133, 44.891, 45.525, 44.891, 45.525, 4.768, 7.378, 13.052, , , 1, 60.111, 0.262, 0, 14.5, 2.467, 214, 0, 0, 0, 69.596, 9.346, 9.296, 127.4, 55.688, 100, 0, 0, 37.798, 37.397, 15.4, 1.236, 110.449, 0, 0, 117.353, 48.463, 0, 0, 0.262, 0, 0, 14, 0, 14.5, 0, 2.467, 214, 0, 0, 0, 69.596, 1, 0.01, 0.01, 127.4, 55.69, 100, 0, 0, 141, 37.798, 37.397, 15.4, 1.236, 0, 110.449, 0, 0, 117.353, 48.463, 0, 0, 0, 0, 
60.1, 17.62, 100.33, 73.4, 74.21, , 7.005, 0.986, 4056.034, 4056.034, 2.485, 168.112, 168.112, 168.112, 51.186, 65.983, 35.524, 36.18, 7.379, 13.058, 0, 0, 21.395, 21.698, 21.395, 21.698, 1, 48.39, 48.39, 0.024, 0.133, 45.361, 46.001, 45.361, 46.001, 4.78, 7.379, 13.058, , , 1, 60.161, 0.279, 0, 14.5, 2.485, 214, 0, 0, 0, 69.91, 9.415, 9.33, 127.4, 55.88, 100, 0, 0, 37.955, 37.607, 15.608, 1.244, 110.553, 0, 0, 117.143, 48.788, 0, 0, 0.279, 0, 0, 14, 0, 14.5, 0, 2.485, 214, 0, 0, 0, 69.91, 1, 0.01, 0.01, 127.4, 55.882, 100, 0, 0, 141, 37.955, 37.607, 15.608, 1.244, 0, 110.553, 0, 0, 117.143, 48.788, 0, 0, 0, 0, 
60.15, 17.62, 100.33, 73.4, 74.21, , 7.058, 0.986, 4059.519, 4059.519, 2.502, 169.359, 169.359, 169.359, 51.189, 59.894, 35.668, 36.36, 7.379, 13.064, 0, 0, 21.705, 22.011, 21.705, 22.011, 1, 48.736, 48.736, 0.024, 0.133, 45.693, 46.337, 45.693, 46.337, 4.79, 7.379, 13.064, , , 1, 60.211, 0.295, 0, 14.5, 2.502, 214, 0, 0, 0, 70.224, 9.484, 9.365, 127.4, 56.071, 100, 0, 0, 38.112, 37.816, 15.817, 1.253, 110.658, 0, 0, 116.934, 49.114, 0, 0, 0.295, 0, 0, 14, 0, 14.5, 0, 2.502, 214, 0, 0, 0, 70.224, 1, 0.01, 0.01, 127.4, 56.074, 100, 0, 0, 141, 38.112, 37.816, 15.817, 1.253, 0, 110.658, 0, 0, 116.934, 49.114, 0, 0, 0, 0, 
60.2, 17.62, 100.33, 73.4, 74.21, , 7.043, 0.986, 4063.041, 4063.041, 2.52, 169.03, 169.03, 169.03, 51.201, 53.805, 35.772, 36.46, 7.379, 13.064, 0, 0, 21.813, 22.121, 21.813, 22.121, 1, 49.086, 49.086, 0.024, 0.133, 45.591, 46.232, 45.591, 46.232, 4.798, 7.379, 13.064, , , 1, 60.261, 0.304, 0, 14.5, 2.52, 214, 0, 0, 0, 70.526, 9.541, 9.386, 127.4, 56.269, 100, 0, 0, 38.27, 38.033, 16.026, 1.261, 110.757, 0, 0, 116.724, 49.449, 0, 0, 0.304, 0, 0, 14, 0, 14.5, 0, 2.52, 214, 0, 0, 0, 70.526, 1, 0.01, 0.009, 127.4, 56.274, 100, 0, 0, 141, 38.27, 38.033, 16.026, 1.261, 0, 110.757, 0, 0, 116.724, 49.449, 0, 0, 0, 0, 
60.25, 17.62, 100.33, 73.4, 74.21, , 7.008, 0.986, 4066.599, 4066.599, 2.539, 168.191, 168.191, 168.191, 51.226, 47.716, 35.736, 36.28, 7.38, 13.062, 0, 0, 21.858, 22.166, 21.858, 22.166, 1, 49.434, 49.434, 0.024, 0.133, 45.345, 45.982, 45.345, 45.982, 4.807, 7.38, 13.062, , , 1, 60.311, 0.254, 0, 14.5, 2.539, 214, 0, 0, 0, 70.743, 9.507, 9.312, 127.4, 56.51, 100, 0, 0, 38.433, 38.304, 16.245, 1.27, 110.811, 0, 0, 116.507, 49.854, 0, 0, 0.254, 0, 0, 14, 0, 14.5, 0, 2.539, 214, 0, 0, 0, 70.743, 1, 0.01, 0.009, 127.4, 56.514, 100, 0, 0, 141, 38.433, 38.304, 16.245, 1.27, 0, 110.811, 0, 0, 116.507, 49.854, 0, 0, 0, 0, 
60.3, 17.62, 100.33, 73.4, 74.21, , 6.984, 0.986, 4070.191, 4070.191, 2.558, 167.63, 167.63, 167.63, 51.251, 41.628, 35.7, 36.1, 7.38, 13.058, 0, 0, 21.94, 22.248, 21.94, 22.248, 1, 49.78, 49.78, 0.024, 0.133, 45.171, 45.806, 45.171, 45.806, 4.815, 7.38, 13.058, , , 1, 60.361, 0.204, 0, 14.5, 2.558, 214, 0, 0, 0, 70.961, 9.474, 9.238, 127.4, 56.751, 100, 0, 0, 38.596, 38.576, 16.463, 1.278, 110.865, 0, 0, 116.289, 50.26, 0, 0, 0.204, 0, 0, 14, 0, 14.5, 0, 2.558, 214, 0, 0, 0, 70.961, 1, 0.01, 0.009, 127.4, 56.754, 100, 0, 0, 141, 38.596, 38.576, 16.463, 1.278, 0, 110.866, 0, 0, 116.289, 50.26, 0, 0, 0, 0, 
60.35, 17.62, 100.33, 73.4, 74.21, , 6.964, 0.986, 4073.784, 4073.784, 2.577, 167.168, 167.168, 167.168, 51.273, 46.361, 35.664, 35.92, 7.379, 13.053, 0, 0, 22.032, 22.341, 22.032, 22.341, 1, 50.122, 50.122, 0.024, 0.133, 45.026, 45.661, 45.026, 45.661, 4.818, 7.379, 13.053, , , 1, 60.41, 0.153, 0, 14.5, 2.577, 214, 0, 0, 0, 71.178, 9.44, 9.164, 127.4, 56.993, 100, 0, 0, 38.759, 38.848, 16.681, 1.287, 110.92, 0, 0, 116.072, 50.665, 0, 0, 0.153, 0, 0, 14, 0, 14.5, 0, 2.577, 214, 0, 0, 0, 71.178, 1, 0.01, 0.009, 127.4, 56.994, 100, 0, 0, 141, 38.759, 38.848, 16.681, 1.287, 0, 110.92, 0, 0, 116.072, 50.665, 0, 0, 0, 0, 
60.4, 17.62, 100.33, 73.4, 74.21, , 6.913, 0.986, 4077.42, 4077.42, 2.596, 165.962, 165.962, 165.962, 51.292, , 35.628, 35.74, 7.379, 13.05, 0, 0, 22.023, 22.333, 22.023, 22.333, 1, 50.463, 50.463, 0.024, 0.133, 44.685, 45.317, 44.685, 45.317, 4.815, 7.379, 13.05, , , 1, 60.461, 0.103, 0, 14.5, 2.596, 214, 0, 0, 0, 71.396, 9.406, 9.09, 127.4, 57.234, 100, 0, 0, 38.922, 39.12, 16.9, 1.296, 110.974, 0, 0, 115.854, 51.07, 0, 0, 0.103, 0, 0, 14, 0, 14.5, 0, 2.596, 214, 0, 0, 0, 71.396, 1, 0.01, 0.009, 127.4, 57.234, 100, 0, 0, 141, 38.922, 39.12, 16.9, 1.296, 0, 110.975, 0, 0, 115.854, 51.07, 0, 0, 0, 0, 
60.45, 17.62, 100.33, 73.4, 74.21, , 6.886, 0.986, 4081.097, 4081.097, 2.614, 165.335, 165.335, 165.335, 51.31, , 35.592, 35.6, 7.379, 13.048, 0, 0, 22.089, 22.4, 22.089, 22.4, 1, 50.806, 50.806, 0.024, 0.133, 44.503, 45.134, 44.503, 45.134, 4.812, 7.379, 13.048, , , 1, 60.511, 0.071, 0, 14.5, 2.614, 214.117, 0, 0, 0, 71.557, 9.37, 9.026, 127.4, 57.345, 100, 0, 0, 39.113, 39.448, 17, 1.302, 111, 0, 0, 115.693, 51.441, 0, 0, 0.071, 0, 0, 14, 0, 14.5, 0, 2.614, 214.117, 0, 0, 0, 71.557, 1, 0.009, 0.009, 127.4, 57.345, 100, 0, 0, 141, 39.113, 39.448, 17, 1.302, 0, 111, 0, 0, 115.693, 51.441, 0, 0, 0, 0, 
60.5, 17.62, 100.33, 73.4, 74.21, , 6.87, 0.986, 4084.804, 4084.804, 2.632, 164.965, 164.965, 164.965, 51.319, , 35.556, 35.6, 7.379, 13.057, 0, 0, 22.185, 22.497, 22.185, 22.497, 1, 51.143, 51.143, 0.024, 0.133, 44.394, 45.025, 44.394, 45.025, 4.808, 7.379, 13.057, , , 1, 60.561, 0.053, 0, 14.5, 2.632, 214.333, 0, 0, 0, 71.665, 9.331, 8.969, 127.4, 57.345, 100, 0, 0, 39.33, 39.828, 17, 1.307, 111, 0, 0, 115.585, 51.779, 0, 0, 0.053, 0, 0, 14, 0, 14.5, 0, 2.632, 214.335, 0, 0, 0, 71.665, 1, 0.009, 0.009, 127.4, 57.345, 100, 0, 0, 141, 39.33, 39.828, 17, 1.307, 0, 111, 0, 0, 115.585, 51.779, 0, 0, 0, 0, 
60.55, 17.62, 100.33, 73.4, 74.21, , 6.795, 0.986, 4088.51, 4088.51, 2.65, 163.183, 163.183, 163.183, 51.321, , 35.52, 35.6, 7.379, 13.071, 0, 0, 22.089, 22.399, 22.089, 22.399, 1, 51.481, 51.481, 0.024, 0.133, 43.912, 44.535, 43.912, 44.535, 4.809, 7.379, 13.071, , , 1, 60.61, 0.036, 0, 14.5, 2.65, 214.55, 0, 0, 0, 71.774, 9.291, 8.913, 127.4, 57.345, 100, 0, 0, 39.548, 40.209, 17, 1.311, 111, 0, 0, 115.476, 52.117, 0, 0, 0.036, 0, 0, 14, 0, 14.5, 0, 2.65, 214.552, 0, 0, 0, 71.774, 1, 0.009, 0.009, 127.4, 57.345, 100, 0, 0, 141, 39.548, 40.209, 17, 1.311, 0, 111, 0, 0, 115.476, 52.117, 0, 0, 0, 0, 
60.6, 17.62, 100.33, 73.4, 74.21, , 6.73, 0.986, 4092.275, 4092.275, 2.667, 161.656, 161.656, 161.656, 51.318, , 35.484, 35.6, 7.38, 13.082, 0, 0, 22.026, 22.334, 22.026, 22.334, 1, 51.817, 51.817, 0.024, 0.133, 43.503, 44.12, 43.503, 44.12, 4.815, 7.38, 13.082, , , 1, 60.661, 0.019, 0, 14.5, 2.667, 214.766, 0, 0, 0, 71.883, 9.252, 8.856, 127.4, 57.345, 100, 0, 0, 39.765, 40.589, 17, 1.315, 111, 0, 0, 115.367, 52.455, 0, 0, 0.019, 0, 0, 14, 0, 14.5, 0, 2.667, 214.77, 0, 0, 0, 71.883, 1, 0.009, 0.009, 127.4, 57.345, 100, 0, 0, 141, 39.765, 40.589, 17, 1.315, 0, 111, 0, 0, 115.367, 52.455, 0, 0, 0, 0, 
60.65, 17.62, 100.33, 73.4, 74.21, , 6.667, 0.986, 4096.041, 4096.041, 2.685, 160.172, 160.172, 160.172, 51.311, , 35.448, 35.6, 7.382, 13.091, 0, 0, 21.962, 22.27, 21.962, 22.27, 1, 52.149, 52.149, 0.024, 0.134, 43.11, 43.72, 43.11, 43.72, 4.821, 7.382, 13.091, , , 1, 60.711, 0.001, 0, 14.5, 2.685, 214.983, 0, 0, 0, 71.991, 9.213, 8.8, 127.4, 57.345, 100, 0, 0, 39.983, 40.97, 17, 1.32, 111, 0, 0, 115.259, 52.793, 0, 0, 0.001, 0, 0, 14, 0, 14.5, 0, 2.685, 214.987, 0, 0, 0, 71.991, 1, 0.009, 0.009, 127.4, 57.345, 100, 0, 0, 141, 39.983, 40.97, 17, 1.32, 0, 111, 0, 0, 115.259, 52.793, 0, 0, 0, 0, 
60.7, 17.62, 100.33, 73.4, 74.21, , 6.585, 0.986, 4099.807, 4099.807, 2.694, 158.225, 158.225, 158.225, 51.299, , 35.475, 35.592, 7.382, 13.094, 0, 0, 21.861, 22.168, 21.861, 22.168, 1, 52.476, 52.476, 0.024, 0.134, 42.597, 43.2, 42.597, 43.2, 4.827, 7.382, 13.094, , , 1, 60.76, 0, 0, 14.5, 2.694, 215.192, 0, 0, 0, 72, 9.197, 8.771, 127.4, 57.309, 100, 0, 0, 40.096, 41.192, 17, 1.322, 111, 0, 0, 115.202, 52.939, 0, 0, 0, 0, 0, 14, 0, 14.5, 0, 2.694, 215.196, 0, 0, 0, 72, 1, 0.009, 0.009, 127.4, 57.309, 100, 0, 0, 141, 40.096, 41.192, 17, 1.322, 0, 111, 0, 0, 115.202, 52.939, 0, 0, 0, 0, 
60.75, 17.62, 100.33, 73.4, 74.21, , 6.491, 0.986, 4104.087, 4104.087, 2.702, 155.999, 155.999, 155.999, 51.279, , 35.727, 35.556, 7.382, 13.094, 0, 0, 21.734, 22.04, 21.734, 22.04, 1, 52.938, 52.938, 0.024, 0.134, 42.013, 42.607, 42.013, 42.607, 4.833, 7.382, 13.094, , , 1, 60.811, 0, 0, 14.5, 2.702, 215.402, 0, 0, 0, 72, 9.182, 8.745, 127.4, 57.27, 100, 0, 0, 40.2, 41.4, 17, 1.324, 111, 0, 0, 115.15, 53.068, 0, 0, 0, 0, 0, 14, 0, 14.5, 0, 2.702, 215.404, 0, 0, 0, 72, 1, 0.009, 0.009, 127.4, 57.27, 100, 0, 0, 141, 40.2, 41.4, 17, 1.324, 0, 111, 0, 0, 115.15, 53.068, 0, 0, 0, 0, 
60.8, 17.62, 100.33, 73.4, 74.21, , 6.421, 0.986, 4109.754, 4109.754, 2.71, 154.354, 154.354, 154.354, 51.263, , 35.979, 35.52, 7.382, 13.079, 0, 0, 21.634, 21.939, 21.634, 21.939, 1, 53.31, 53.31, 0.024, 0.134, 41.582, 42.169, 41.582, 42.169, 4.838, 7.382, 13.079, , , 1, 60.861, 0, 0, 14.5, 2.71, 215.611, 0, 0, 0, 72, 9.167, 8.719, 127.4, 57.232, 100, 0, 0, 40.304, 41.608, 17, 1.326, 111, 0, 0, 115.098, 53.197, 0, 0, 0, 0, 0, 14, 0, 14.5, 0, 2.71, 215.612, 0, 0, 0, 72, 1, 0.009, 0.009, 127.4, 57.232, 100, 0, 0, 141, 40.304, 41.608, 17, 1.326, 0, 111, 0, 0, 115.098, 53.197, 0, 0, 0, 0, 
60.85, 17.62, 100.33, 73.4, 74.21, , 6.361, 0.986, 4113.646, 4113.646, 2.718, 152.923, 152.923, 152.923, 51.25, , 36.231, 35.484, 7.382, 13.056, 0, 0, 21.56, 21.864, 21.56, 21.864, 1, 53.624, 53.624, 0.024, 0.133, 41.208, 41.789, 41.208, 41.789, 4.843, 7.382, 13.056, , , 1, 60.911, 0, 0, 14.5, 2.718, 215.82, 0, 0, 0, 72, 9.153, 8.693, 127.4, 57.193, 100, 0, 0, 40.408, 41.817, 17, 1.328, 111, 0, 0, 115.046, 53.326, 0, 0, 0, 0, 0, 14, 0, 14.5, 0, 2.718, 215.821, 0, 0, 0, 72, 1, 0.009, 0.009, 127.4, 57.193, 100, 0, 0, 141, 40.408, 41.817, 17, 1.328, 0, 111, 0, 0, 115.046, 53.326, 0, 0, 0, 0, 
60.9, 17.62, 100.33, 73.4, 74.21, , 6.307, 0.986, 4117.538, 4117.538, 2.728, 151.666, 151.666, 151.666, 51.238, , 36.483, 35.448, 7.381, 13.025, 0, 0, 21.507, 21.81, 21.507, 21.81, 1, 53.936, 53.936, 0.024, 0.133, 40.881, 41.456, 40.881, 41.456, 4.848, 7.381, 13.025, , , 1, 60.961, 0, 0, 14.5, 2.728, 216, 0, 0, 0, 71.967, 9.132, 8.662, 127.4, 57.112, 100, 0, 0, 40.539, 42.033, 16.987, 1.329, 110.989, 0, 0, 114.994, 53.495, 0, 0, 0, 0, 0, 14, 0, 14.5, 0, 2.728, 216, 0, 0, 0, 71.967, 1, 0.009, 0.009, 127.4, 57.112, 100, 0, 0, 141, 40.539, 42.033, 16.987, 1.329, 0, 110.989, 0, 0, 114.994, 53.495, 0, 0, 0, 0, 
60.95, 17.62, 100.33, 73.4, 74.21, , 6.256, 0.986, 4121.429, 4121.429, 2.752, 150.451, 150.451, 150.451, 51.228, , 36.553, 35.452, 7.38, 12.989, 0, 0, 21.457, 21.759, 21.457, 21.759, 1, 54.244, 54.244, 0.024, 0.133, 40.559, 41.13, 40.559, 41.13, 4.854, 7.38, 12.989, , , 1, 61.01, 0, 0, 14.5, 2.752, 216, 0, 0, 0, 71.689, 9.064, 8.597, 127.4, 56.772, 100, 0, 0, 40.863, 42.311, 16.894, 1.322, 110.896, 0, 0, 114.948, 53.954, 0, 0, 0, 0, 0, 14, 0, 14.5, 0, 2.752, 216, 0, 0, 0, 71.689, 1, 0.009, 0.009, 127.4, 56.772, 100, 0, 0, 141, 40.863, 42.311, 16.894, 1.322, 0, 110.896, 0, 0, 114.948, 53.954, 0, 0, 0, 0, 
61, 17.62, 100.33, 73.4, 74.21, , 6.196, 0.986, 4125.349, 4125.349, 2.776, 149.033, 149.033, 149.033, 51.233, , 35.977, 35.596, 7.379, 12.948, 0, 0, 21.376, 21.677, 21.376, 21.677, 1, 54.553, 54.553, 0.024, 0.133, 40.173, 40.738, 40.173, 40.738, 4.877, 7.379, 12.948, , , 1, 61.061, 0, 0, 14.5, 2.776, 216, 0, 0, 0, 71.411, 8.997, 8.533, 127.4, 56.431, 100, 0, 0, 41.187, 42.589, 16.802, 1.314, 110.804, 0, 0, 114.902, 54.414, 0, 0, 0, 0, 0, 14, 0, 14.5, 0, 2.776, 216, 0, 0, 0, 71.411, 1, 0.009, 0.009, 127.4, 56.431, 100, 0, 0, 141, 41.187, 42.589, 16.802, 1.314, 0, 110.804, 0, 0, 114.902, 54.414, 0, 0, 0, 0, 
61.05, 17.62, 100.33, 73.4, 74.21, , 6.134, 0.986, 4129.325, 4129.325, 2.799, 147.568, 147.568, 147.568, 51.251, , 35.401, 35.74, 7.378, 12.904, 0, 0, 21.285, 21.584, 21.285, 21.584, 1, 54.857, 54.857, 0.024, 0.133, 39.766, 40.325, 39.766, 40.325, 4.901, 7.378, 12.904, , , 1, 61.111, 0, 0, 14.5, 2.799, 216, 0, 0, 0, 71.133, 8.929, 8.468, 127.4, 56.09, 100, 0, 0, 41.511, 42.867, 16.709, 1.307, 110.711, 0, 0, 114.856, 54.873, 0, 0, 0, 0, 0, 14, 0, 14.5, 0, 2.799, 216, 0, 0, 0, 71.133, 1, 0.009, 0.008, 127.4, 56.09, 100, 0, 0, 141, 41.511, 42.867, 16.709, 1.307, 0, 110.711, 0, 0, 114.856, 54.873, 0, 0, 0, 0, 
61.1, 17.62, 100.33, 73.4, 74.21, , 6.095, 0.986, 4133.344, 4133.344, 2.823, 146.659, 146.659, 146.659, 51.28, , 34.825, 35.884, 7.378, 12.861, 0, 0, 21.271, 21.569, 21.271, 21.569, 1, 55.157, 55.157, 0.024, 0.133, 39.5, 40.056, 39.5, 40.056, 4.924, 7.378, 12.861, , , 1, 61.161, 0, 0, 14.5, 2.823, 216, 0, 0, 0, 70.856, 8.862, 8.403, 127.4, 55.749, 100, 0, 0, 41.835, 43.144, 16.617, 1.299, 110.619, 0, 0, 114.809, 55.332, 0, 0, 0, 0, 0, 14, 0, 14.5, 0, 2.823, 216, 0, 0, 0, 70.856, 1, 0.009, 0.008, 127.4, 55.749, 100, 0, 0, 141, 41.835, 43.144, 16.617, 1.299, 0, 110.619, 0, 0, 114.809, 55.332, 0, 0, 0, 0, 
61.15, 17.62, 100.33, 73.4, 74.21, , 6.053, 0.986, 4137.302, 4137.302, 2.846, 145.667, 145.667, 145.667, 51.318, , 34.249, 36.028, 7.377, 12.818, 0, 0, 21.24, 21.54, 21.24, 21.54, 1, 55.456, 55.456, 0.024, 0.133, 39.204, 39.754, 39.204, 39.754, 4.948, 7.377, 12.818, , , 1, 61.211, 0, 0, 14.5, 2.846, 216, 0, 0, 0, 70.578, 8.794, 8.338, 127.4, 55.409, 100, 0, 0, 42.159, 43.422, 16.524, 1.292, 110.526, 0, 0, 114.763, 55.791, 0, 0, 0, 0, 0, 14, 0, 14.5, 0, 2.846, 216, 0, 0, 0, 70.578, 1, 0.009, 0.008, 127.4, 55.409, 100, 0, 0, 141, 42.159, 43.422, 16.524, 1.292, 0, 110.526, 0, 0, 114.763, 55.791, 0, 0, 0, 0, 
61.2, 17.62, 100.33, 73.4, 74.21, , 5.997, 0.986, 4141.323, 4141.323, 2.865, 144.332, 144.332, 144.332, 51.365, , 33.863, 36.1, 7.377, 12.78, 0, 0, 21.159, 21.457, 21.159, 21.457, 1, 55.754, 55.754, 0.024, 0.132, 38.807, 39.352, 38.807, 39.352, 4.971, 7.377, 12.78, , , 1, 61.261, 0, 0.004, 14.5, 2.865, 216, 0, 0, 0, 70.5, 8.731, 8.287, 127.4, 55.149, 100, 0, 0, 42.4, 43.612, 16.423, 1.288, 110.349, 0, 0, 114.675, 56.153, 0, 0, 0, 0, 0, 14, 0.004, 14.5, 0, 2.865, 216, 0, 0, 0, 70.5, 1, 0.009, 0.008, 127.4, 55.149, 100, 0, 0, 141, 42.4, 43.612, 16.423, 1.288, 0, 110.349, 0, 0, 114.675, 56.153, 0, 0, 0, 0, 
61.25, 17.62, 100.33, 73.4, 74.21, , 5.94, 0.986, 4145.403, 4145.403, 2.883, 142.992, 142.992, 142.992, 51.414, , 34.151, 35.92, 7.377, 12.744, 0, 0, 21.073, 21.369, 21.073, 21.369, 1, 56.049, 56.049, 0.024, 0.132, 38.411, 38.951, 38.411, 38.951, 4.993, 7.377, 12.744, , , 1, 61.31, 0, 0.009, 14.5, 2.883, 216, 0, 0, 0, 70.5, 8.669, 8.241, 127.4, 54.918, 100, 0, 0, 42.608, 43.769, 16.319, 1.286, 110.14, 0, 0, 114.571, 56.477, 0, 0, 0, 0, 0, 14, 0.009, 14.5, 0, 2.883, 216, 0, 0, 0, 70.5, 1, 0.009, 0.008, 127.4, 54.918, 100, 0, 0, 141, 42.608, 43.769, 16.319, 1.286, 0, 110.14, 0, 0, 114.571, 56.477, 0, 0, 0, 0, 
61.3, 17.62, 100.33, 73.4, 74.21, , 5.891, 0.986, 4149.456, 4149.456, 2.9, 141.831, 141.831, 141.831, 51.46, , 34.439, 35.74, 7.377, 12.714, 0, 0, 21.01, 21.306, 21.01, 21.306, 1, 56.344, 56.344, 0.024, 0.132, 38.066, 38.601, 38.066, 38.601, 5.015, 7.377, 12.714, , , 1, 61.361, 0, 0.014, 14.5, 2.9, 216, 0, 0, 0, 70.5, 8.608, 8.195, 127.4, 54.686, 100, 0, 0, 42.817, 43.925, 16.215, 1.284, 109.931, 0, 0, 114.467, 56.801, 0, 0, 0, 0, 0, 14, 0.014, 14.5, 0, 2.9, 216, 0, 0, 0, 70.5, 1, 0.009, 0.008, 127.4, 54.686, 100, 0, 0, 141, 42.817, 43.925, 16.215, 1.284, 0, 109.931, 0, 0, 114.467, 56.801, 0, 0, 0, 0, 
61.35, 17.62, , , 74.21, , 5.824, , 4153.548, 4153.548, 2.918, 140.255, 140.255, 140.255, 51.502, , 34.727, 35.56, 7.377, 12.687, 0, 0, 20.883, 21.178, 20.883, 21.178, 1, 56.635, 56.635, 0.024, 0.133, 37.613, 38.14, 37.613, 38.14, 5.037, 7.377, 12.687, , , 1, 61.411, 0, 0.019, 14.5, 2.918, 216, 0, 0, 0, 70.5, 8.546, 8.15, 127.4, 54.455, 100, 0, 0, 43.025, 44.081, 16.11, 1.282, 109.722, 0, 0, 114.362, 57.125, 0, 0, 0, 0, 0, 14, 0.019, 14.5, 0, 2.918, 216, 0, 0, 0, 70.5, 1, 0.009, 0.008, 127.4, 54.455, 100, 0, 0, 141, 43.025, 44.081, 16.11, 1.282, 0, 109.722, 0, 0, 114.362, 57.125, 0, 0, 0, 0, 
61.4, 17.62, , , 74.21, , 5.693, , 4157.693, 4157.693, 2.935, 137.164, 137.164, 137.164, 51.525, , 35.015, 35.38, 7.377, 12.664, 0, 0, 20.523, 20.814, 20.523, 20.814, 1, 56.92, 56.92, 0.024, 0.133, 37.089, 37.609, 37.089, 37.609, 5.048, 7.377, 12.664, , , 1, 61.461, 0, 0.025, 14.5, 2.935, 216, 0, 0, 0, 70.5, 8.485, 8.104, 127.4, 54.224, 100, 0, 0, 43.233, 44.238, 16.006, 1.28, 109.513, 0, 0, 114.258, 57.449, 0, 0, 0, 0, 0, 14, 0.025, 14.5, 0, 2.935, 216, 0, 0, 0, 70.5, 1, 0.009, 0.008, 127.4, 54.224, 100, 0, 0, 141, 43.233, 44.238, 16.006, 1.28, 0, 109.513, 0, 0, 114.258, 57.449, 0, 0, 0, 0, 
61.45, 17.62, , , 74.21, , 5.441, , 4161.804, 4161.804, 2.944, 131.176, 131.176, 131.176, 51.544, , 35.24, 35.248, 7.377, 12.645, 0, 0, 19.716, 19.996, 19.716, 19.996, 1, 57.197, 57.197, 0.024, 0.133, 36.76, 37.276, 36.76, 37.276, 5.046, 7.377, 12.645, , , 1, 61.511, 0, 0.03, 14.5, 2.944, 216, 0, 0, 0, 70.4, 8.454, 8.068, 127.4, 54.134, 100, 0, 0, 43.3, 44.3, 16, 1.278, 109.398, 0, 0, 114.2, 57.662, 0, 0, 0, 0, 0, 14, 0.03, 14.5, 0, 2.944, 216, 0, 0, 0, 70.4, 1, 0.008, 0.008, 127.4, 54.134, 100, 0, 0, 141, 43.3, 44.3, 16, 1.278, 0, 109.398, 0, 0, 114.2, 57.662, 0, 0, 0, 0, 
61.5, 17.62, , , 74.21, , 4.977, , 4165.973, 4165.973, 2.952, 120.186, 120.186, 120.186, 51.561, , 35.24, 35.284, 7.377, 12.626, 0, 0, 18.136, 18.393, 18.136, 18.393, 1, 57.456, 57.456, 0.024, 0.133, 36.504, 37.018, 36.504, 37.018, 5.044, 7.377, 12.626, , , 1, 61.561, 0, 0.035, 14.5, 2.952, 216, 0, 0, 0, 70.291, 8.426, 8.033, 127.4, 54.054, 100, 0, 0, 43.354, 44.354, 16, 1.276, 109.29, 0, 0, 114.146, 57.865, 0, 0, 0, 0, 0, 14, 0.035, 14.5, 0, 2.952, 216, 0, 0, 0, 70.291, 1, 0.008, 0.008, 127.4, 54.054, 100, 0, 0, 141, 43.354, 44.354, 16, 1.276, 0, 109.29, 0, 0, 114.146, 57.865, 0, 0, 0, 0, 
61.55, 17.62, , , 74.21, , 4.292, , 4170.143, 4170.143, 2.961, 103.938, 103.938, 103.938, 51.579, , 35.24, 35.32, 7.377, 12.608, 0, 0, 15.736, 15.959, 15.736, 15.959, 1, 57.686, 57.686, 0.024, 0.133, 36.351, 36.861, 36.351, 36.861, 5.042, 7.377, 12.608, , , 1, 61.61, 0, 0.041, 14.5, 2.961, 216, 0, 0, 0, 70.183, 8.397, 7.998, 127.4, 53.974, 100, 0, 0, 43.409, 44.409, 16, 1.274, 109.182, 0, 0, 114.091, 58.069, 0, 0, 0, 0, 0, 14, 0.041, 14.5, 0, 2.961, 216, 0, 0, 0, 70.183, 1, 0.008, 0.008, 127.4, 53.974, 100, 0, 0, 141, 43.409, 44.409, 16, 1.274, 0, 109.182, 0, 0, 114.091, 58.069, 0, 0, 0, 0, 
61.6, 17.62, , , 74.21, , 3.929, , 4174.312, 4174.312, 2.969, 95.318, 95.318, 95.318, , , 35.24, 35.356, 7.377, 12.594, 0, 0, 14.468, 14.673, 14.468, 14.673, 1, 57.857, 57.857, 0.024, 0.133, 35.252, 35.745, 35.252, 35.745, 5.04, 7.377, 12.594, , , 1, 61.658, 0, 0.046, 14.5, 2.969, 216, 0, 0, 0, 70.074, 8.369, 7.964, 127.4, 53.893, 100, 0, 0, 43.463, 44.463, 16, 1.271, 109.074, 0, 0, 114.037, 58.272, 0, 0, 0, 0, 0, 14, 0.046, 14.5, 0, 2.969, 216, 0, 0, 0, 70.074, 1, 0.008, 0.008, 127.4, 53.893, 100, 0, 0, 141, 43.463, 44.463, 16, 1.271, 0, 109.074, 0, 0, 114.037, 58.272, 0, 0, 0, 0, 
61.65, 17.62, , , 74.21, , 3.475, , 4176.762, 4176.762, , 84.554, 84.554, 84.554, , , 35.24, 35.392, 7.377, 12.585, 0, 0, 12.863, 13.046, 12.863, 13.046, 1, 57.963, 57.963, 0.024, 0.133, , , , , 5.041, 7.377, 12.585, , , 1, 61.683, , , , , , , , , , , , , , , , , , , , , , , , , , , , , , , , , , , , , , , , , , , , , , , , , , , , , , , , , , , , , , , , 
61.7, 17.62, , , 74.21, , 2.853, , 4178.884, 4178.884, , 69.811, 69.811, 69.811, , , , , 7.377, 12.575, 0, 0, 10.643, 10.791, 10.643, 10.791, 1, 58.053, 58.053, 0.024, 0.133, , , , , 5.041, 7.377, 12.575, , , 1, 61.708, , , , , , , , , , , , , , , , , , , , , , , , , , , , , , , , , , , , , , , , , , , , , , , , , , , , , , , , , , , , , , , , 
61.75, 17.62, , , 74.21, , 2.181, , 4181.007, 4181.007, , 53.867, 53.867, 53.867, , , , , 7.377, 12.563, 0, 0, 8.224, 8.339, 8.224, 8.339, 1, 58.124, 58.124, 0.024, 0.133, , , , , 5.042, 7.377, 12.563, , , 1, 61.734, , , , , , , , , , , , , , , , , , , , , , , , , , , , , , , , , , , , , , , , , , , , , , , , , , , , , , , , , , , , , , , , 
61.8, , , , , , , , 4183.131, 4183.131, , , , , , , , , , , , , , , , , , 58.17, 58.17, 0.024, 0.133, , , , , 5.043, , , , , , , , , , , , , , , , , , , , , , , , , , , , , , , , , , , , , , , , , , , , , , , , , , , , , , , , , , , , , , , , , , , , , , 
