Time, (DWRT ATMO) Humidity, (DWRT ATMO) Pressure, (DWRT ATMO) Temperature 1, (DWRT ATMO) Temperature 2, (DWRT CPU) ????????????????????????????????????????????????????????????????, (DWRT CPU) Acceleration, (DWRT CPU) Correction Factor, (DWRT CPU) Distance, (DWRT CPU) Distance 1, (DWRT CPU) Engine RPM, (DWRT CPU) Force, (DWRT CPU) Force 1, (DWRT CPU) Force Drum 1, (DWRT CPU) Gear Ratio, (DWRT CPU) Inductive 1 Signal Strength, (DWRT CPU) Internal Temp 1, (DWRT CPU) Internal Temp 2, (DWRT CPU) LC1 Volts Petrol AFR, (DWRT CPU) LC2 Volts Petrol AFR2, (DWRT CPU) Link 0 Status, (DWRT CPU) Link 1 Status, (DWRT CPU) Power, (DWRT CPU) Power (uncorrected), (DWRT CPU) Power Drum 1, (DWRT CPU) Power Drum 1 (uncorrected), (DWRT CPU) Sampling, (DWRT CPU) Speed, (DWRT CPU) Speed 1, (DWRT CPU) TCP RX kB/s, (DWRT CPU) TCP TX kB/s, (DWRT CPU) Torque, (DWRT CPU) Torque (uncorrected), (DWRT CPU) Torque Drum 1, (DWRT CPU) Torque Drum 1 (uncorrected), (DWRT CPU) UDP RX kB/s, (DWRT CPU) User Analog 1, (DWRT CPU) User Analog 2, (DWRT CPU) User Analog 3, (DWRT CPU) User Analog 4, (Gen) Sampling, (Gen) Sampling Duration, (Harley - ECU Type 14 SW Level 141) Accel Enrichment, (Harley - ECU Type 14 SW Level 141) Decel Enleanment, (Harley - ECU Type 14 SW Level 141) Desired Air/Fuel, (Harley - ECU Type 14 SW Level 141) Engine Speed, (Harley - ECU Type 14 SW Level 141) Engine Temperature, (Harley - ECU Type 14 SW Level 141) Front Adaptive Fuel Factor, (Harley - ECU Type 14 SW Level 141) Front Closed Loop Integrator, (Harley - ECU Type 14 SW Level 141) Front Spark Knock Retard, (Harley - ECU Type 14 SW Level 141) Idle Air Control Motor Position, (Harley - ECU Type 14 SW Level 141) Injector Time Front, (Harley - ECU Type 14 SW Level 141) Injector Time Rear, (Harley - ECU Type 14 SW Level 141) Intake Air Temperature, (Harley - ECU Type 14 SW Level 141) Manifold Absolute Pressure, (Harley - ECU Type 14 SW Level 141) Rear Adaptive Fuel Factor, (Harley - ECU Type 14 SW Level 141) Rear Closed Loop Integrator, (Harley - ECU Type 14 SW Level 141) Rear Spark Knock Retard, (Harley - ECU Type 14 SW Level 141) Spark Advance Front, (Harley - ECU Type 14 SW Level 141) Spark Advance Rear, (Harley - ECU Type 14 SW Level 141) Throttle Position, (Harley - ECU Type 14 SW Level 141) Throttle Position Sensor Voltage, (Harley - ECU Type 14 SW Level 141) VE Front, (Harley - ECU Type 14 SW Level 141) VE New Front, (Harley - ECU Type 14 SW Level 141) VE New Rear, (Harley - ECU Type 14 SW Level 141) VE Rear, (Harley - ECU Type 14 SW Level 141) Vehicle Speed, (Harley - ECU Type 14 SW Level 141) WBO2 AFR Front, (Harley - ECU Type 14 SW Level 141) WBO2 AFR Rear, (PV) Accel Enrichment, (PV) AT Lambda 1, (PV) AT Lambda 2, (PV) Battery Voltage, (PV) Decel Enleanment, (PV) Desired Air/Fuel, (PV) Desired Lambda, (PV) Engine Speed, (PV) Engine Temperature, (PV) Front Adaptive Fuel Factor, (PV) Front Closed Loop Integrator, (PV) Front Spark Knock Retard, (PV) Idle Air Control Motor Position, (PV) Idle Set Speed, (PV) Injector Time Front, (PV) Injector Time Rear, (PV) Intake Air Temperature, (PV) Manifold Absolute Pressure, (PV) Rear Adaptive Fuel Factor, (PV) Rear Closed Loop Integrator, (PV) Rear Spark Knock Retard, (PV) Software Level, (PV) Spark Advance Front, (PV) Spark Advance Rear, (PV) Throttle Position, (PV) Throttle Position Sensor, (PV) Twistgrip Position, (PV) VE Front, (PV) VE New Front, (PV) VE New Rear, (PV) VE Rear, (PV) Vehicle Speed, (PV) Warm-up Fuel AFR (Lambda), (PV) Warm-up Fuel AFR (Ratio), (PV) WBO2 AFR Front, (PV) WBO2 AFR Rear, 
0, , , , , , 3.127, , , , , 75.95, 75.95, 75.95, , , , , , , , , , , , , , , , , , , , , , , , , , , , , , , , , , , , , , , , , , , , , , , , , , , , , , , , , , , , , , , , , , , , , , , , , , , , , , , , , , , , , , , , , , , , 
0.05, , , , , , 3.097, , , , , 75.235, 75.235, 75.235, , , , , , , , , , , , , , 40.096, 40.096, , , , , , , , , , , , , , , , , , , , , , , , , , , , , , , , , , , , , , , , , , , , , , , , , , , , , , , , , , , , , , , , , , , , , , , , , , , , , 
0.1, , , , , , 3.073, , 4.697, 4.697, , 74.668, 74.668, 74.668, , , 35.405, 34.791, , , , , 7.861, 7.976, 7.861, 7.976, , 40.327, 40.327, , , , , , , , , , , , 1, 0.051, , , , , , , , , , , , , , , , , , , , , , , , , , , , , , , , , , , , , , , , , , , , , , , , , , , , , , , , , , , , , , , , 
0.15, , 100.33, 73.17, , , 3.058, 0.986, 10.608, 10.608, , 74.321, 74.321, 74.321, , , 35.369, 35.007, 7.38, 12.518, , , 7.864, 7.979, 7.864, 7.979, , 40.55, 40.55, , , , , , , , 7.38, 12.518, , , 1, 0.109, , , , , , , , , , , , , , , , , , , , , , , , , , , , , , , , , , , , , , , , , , , , , , , , , , , , , , , , , , , , , , , , 
0.2, , 100.33, 73.17, , , 3.05, 0.986, 15.354, 15.354, , 74.131, 74.131, 74.131, , , 35.333, 35.223, 7.379, 12.527, 0, 0, 7.881, 7.997, 7.881, 7.997, 1, 40.769, 40.769, 0.025, 0.136, , , , , 4.241, 7.379, 12.527, , , 1, 0.177, , , , , , , , , , , , , , , , , , , , , , , , , , , , , , , , , , , , , , , , , , , , , , , , , , , , , , , , , , , , , , , , 
0.25, , 100.33, 73.17, , , 3.044, 0.986, 19.83, 19.83, , 73.99, 73.99, 73.99, , , 35.297, 35.439, 7.379, 12.536, 0, 0, 7.913, 8.03, 7.913, 8.03, 1, 40.997, 40.997, 0.025, 0.136, 19.488, 19.778, 19.488, 19.778, 4.3, 7.379, 12.536, , , 1, 0.268, , , , , , , , , , , , , , , , , , , , , , , , , , , , , , , , , , , , , , , , , , , , , , , , , , , , , , , , , , , , , , , , 
0.3, , 100.33, 73.17, , , 3.04, 0.986, 24.263, 24.263, , 73.892, 73.892, 73.892, , , 35.261, 35.655, 7.379, 12.542, 0, 0, 7.982, 8.101, 7.982, 8.101, 1, 41.187, 41.187, 0.025, 0.135, 19.405, 19.691, 19.405, 19.691, 4.359, 7.379, 12.542, , , 1, 0.335, , , , , , , , , , , , , , , , , , , , , , , , , , , , , , , , , , , , , , , , , , , , , , , , , , , , , , , , , , , , , , , , 
0.35, , 100.33, 73.17, , , 2.993, 0.986, 27.744, 27.744, , 72.786, 72.786, 72.786, , 87.028, 35.255, 35.78, 7.379, 12.549, 0, 0, 7.905, 8.024, 7.905, 8.024, 1, 41.338, 41.338, 0.025, 0.135, 19.23, 19.513, 19.23, 19.513, 4.418, 7.379, 12.549, , , 1, 0.385, , , , , , , , , , , , , , , , , , , , , , , , , , , , , , , , , , , , , , , , , , , , , , , , , , , , , , , , , , , , , , , , 
0.4, , 100.33, 73.17, , , 2.932, 0.986, 30.776, 30.776, , 71.346, 71.346, 71.346, , 69.221, 35.291, 35.78, 7.38, 12.55, 0, 0, 7.776, 7.894, 7.776, 7.894, 1, 41.484, 41.484, 0.025, 0.135, 19.042, 19.322, 19.042, 19.322, 4.469, 7.38, 12.55, , , 1, 0.436, , , , , , , , , , , , , , , , , , , , , , , , , , , , , , , , , , , , , , , , , , , , , , , , , , , , , , , , , , , , , , , , 
0.45, , 100.33, 73.17, , , 2.897, 0.986, 33.809, 33.809, , 70.515, 70.515, 70.515, , 51.415, 35.327, 35.78, 7.38, 12.552, 0, 0, 7.713, 7.83, 7.713, 7.83, 1, 41.63, 41.63, 0.025, 0.135, 19.012, 19.29, 19.012, 19.29, 4.462, 7.38, 12.552, , , 1, 0.486, , , , , , , , , , , , , , , , , , , , , , , , , , , , , , , , , , , , , , , , , , , , , , , , , , , , , , , , , , , , , , , , 
0.5, , 100.33, 73.17, , , 2.888, 0.986, 36.841, 36.841, 2.091, 70.297, 70.297, 70.297, , 63.69, 35.363, 35.78, 7.38, 12.551, 0, 0, 7.717, 7.834, 7.717, 7.834, 1, 41.774, 41.774, 0.025, 0.135, 18.979, 19.255, 18.979, 19.255, 4.456, 7.38, 12.551, , , 1, 0.535, 0, 0, 13.5, 2.091, 167, 0, 0, 0, 59, 6.506, 6.431, 123.8, 41.386, 100, 0, 0, 29.883, 29.883, 6.808, 0.86, 98, 0, 0, 107.096, 41.749, 0, 0, 0, 0, 0, 13.5, 0, 13.5, 0, 2.091, 167, 0, 0, 0, 59, 1, 0.007, 0.006, 123.8, 41.386, 100, 0, 0, 141, 29.883, 29.883, 6.808, 0.86, 0, 98, 0, 0, 107.096, 41.749, 0, 1.1, 0, 0, 
0.55, , 100.33, 73.17, , , 2.895, 0.986, 39.873, 39.873, 2.112, 70.475, 70.475, 70.475, 50.917, 67.095, 35.399, 35.78, 7.379, 12.551, 0, 0, 7.764, 7.881, 7.764, 7.881, 1, 41.917, 41.917, 0.025, 0.135, 18.941, 19.216, 18.941, 19.216, 4.449, 7.379, 12.551, , , 1, 0.585, 0, 0, 13.5, 2.112, 167, 0, 0, 0, 59, 6.448, 6.4, 123.8, 41.078, 100, 0, 0, 30.3, 30.3, 6.6, 0.86, 98, 0, 0, 107.2, 41.878, 0, 0, 0, 0, 0, 13.5, 0, 13.5, 0, 2.112, 167, 0, 0, 0, 59, 1, 0.007, 0.006, 123.8, 41.078, 100, 0, 0, 141, 30.3, 30.3, 6.6, 0.86, 0, 98, 0, 0, 107.2, 41.878, 0, 1.1, 0, 0, 
0.6, 17.06, 100.33, 73.17, 73.871, , 2.893, 0.986, 42.905, 42.905, 2.133, 70.434, 70.434, 70.434, 51.333, 67.98, 35.405, 35.825, 7.379, 12.55, 0, 0, 7.787, 7.902, 7.787, 7.902, 1, 42.061, 42.061, 0.025, 0.135, 18.873, 19.148, 18.873, 19.148, 4.444, 7.379, 12.55, , , 1, 0.636, 0, 0, 13.5, 2.133, 167, 0, 0, 0, 59, 6.39, 6.369, 123.8, 40.77, 100, 0, 0, 30.717, 30.717, 6.392, 0.86, 98, 0, 0, 107.304, 42.007, 0, 0, 0, 0, 0, 13.5, 0, 13.5, 0, 2.133, 167, 0, 0, 0, 59, 1, 0.006, 0.006, 123.8, 40.77, 100, 0, 0, 141, 30.717, 30.717, 6.392, 0.86, 0, 98, 0, 0, 107.304, 42.007, 0, 1.1, 0, 0, 
0.65, 17.06, 100.33, 73.17, 73.872, , 2.902, 0.986, 45.959, 45.959, 2.154, 70.656, 70.656, 70.656, 51.578, 68.864, 35.369, 35.933, 7.379, 12.549, 0, 0, 7.838, 7.954, 7.838, 7.954, 1, 42.205, 42.205, 0.025, 0.135, 18.892, 19.167, 18.892, 19.167, 4.45, 7.379, 12.549, , , 1, 0.685, 0, 0, 13.5, 2.154, 167, 0, 0, 0, 59, 6.331, 6.337, 123.8, 40.461, 100, 0, 0, 31.133, 31.133, 6.183, 0.86, 98, 0, 0, 107.408, 42.136, 0, 0, 0, 0, 0, 13.5, 0, 13.5, 0, 2.154, 167, 0, 0, 0, 59, 1, 0.006, 0.006, 123.8, 40.461, 100, 0, 0, 141, 31.133, 31.133, 6.183, 0.86, 0, 98, 0, 0, 107.408, 42.136, 0, 1.1, 0, 0, 
0.7, 17.06, 100.33, 73.17, 73.873, , 2.922, 0.986, 49.031, 49.031, 2.173, 71.12, 71.12, 71.12, 51.663, 69.749, 35.333, 36.041, 7.38, 12.546, 0, 0, 7.915, 8.033, 7.915, 8.033, 1, 42.35, 42.35, 0.025, 0.135, 18.992, 19.268, 18.992, 19.268, 4.455, 7.38, 12.546, , , 1, 0.735, 0, 0, 13.5, 2.173, 167, 0, 0, 0, 59, 6.279, 6.307, 123.8, 40.172, 100, 0, 0, 31.524, 31.524, 6.024, 0.86, 98, 0, 0, 107.5, 42.265, 0, 0, 0, 0, 0, 13.5, 0, 13.5, 0, 2.173, 167, 0, 0, 0, 59, 1, 0.006, 0.006, 123.8, 40.172, 100, 0, 0, 141, 31.524, 31.524, 6.024, 0.86, 0, 98, 0, 0, 107.5, 42.265, 0, 1.1, 0, 0, 
0.75, 17.06, 100.33, 73.17, 73.874, , 2.843, 0.986, 52.146, 52.146, 2.18, 69.247, 69.247, 69.247, 51.691, 70.633, 35.297, 36.149, 7.381, 12.542, 0, 0, 7.732, 7.844, 7.732, 7.844, 1, 42.494, 42.494, 0.025, 0.135, 18.492, 18.761, 18.492, 18.761, 4.461, 7.381, 12.542, , , 1, 0.786, 0, 0, 13.5, 2.18, 167, 0, 0, 0, 59, 6.267, 6.281, 123.8, 40.024, 100, 0, 0, 31.724, 31.724, 6.224, 0.86, 98, 0, 0, 107.5, 42.389, 0, 0, 0, 0, 0, 13.5, 0, 13.5, 0, 2.18, 167, 0, 0, 0, 59, 1, 0.006, 0.006, 123.8, 40.024, 100, 0, 0, 141, 31.724, 31.724, 6.224, 0.86, 0, 98, 0, 0, 107.5, 42.389, 0, 1.1, 0, 0, 
0.8, 17.06, 100.33, 73.17, 73.875, , 2.715, 0.986, 55.239, 55.239, 2.187, 66.21, 66.21, 66.21, 51.696, 71.517, 35.261, 36.257, 7.382, 12.536, 0, 0, 7.415, 7.521, 7.415, 7.521, 1, 42.634, 42.634, 0.025, 0.135, 17.68, 17.937, 17.68, 17.937, 4.466, 7.382, 12.536, , , 1, 0.835, 0, 0, 13.5, 2.187, 167, 0, 0, 0, 59, 6.255, 6.255, 123.8, 39.876, 100, 0, 0, 31.924, 31.924, 6.424, 0.86, 98, 0, 0, 107.5, 42.513, 0, 0, 0, 0, 0, 13.5, 0, 13.5, 0, 2.187, 167, 0, 0, 0, 59, 1, 0.006, 0.006, 123.8, 39.876, 100, 0, 0, 141, 31.924, 31.924, 6.424, 0.86, 0, 98, 0, 0, 107.5, 42.513, 0, 1.1, 0, 0, 
0.85, 17.06, 100.33, 73.17, 73.876, , 2.537, 0.986, 58.312, 58.312, 2.194, 62.009, 62.009, 62.009, 51.716, 72.402, 35.164, 36.154, 7.384, 12.529, 0, 0, 6.964, 7.064, 6.964, 7.064, 1, 42.764, 42.764, 0.025, 0.135, 16.555, 16.795, 16.555, 16.795, 4.487, 7.384, 12.529, , , 1, 0.885, 0, 0, 13.5, 2.194, 167, 0, 0, 0, 59, 6.243, 6.229, 123.8, 39.728, 100, 0, 0, 32.124, 32.124, 6.624, 0.86, 98, 0, 0, 107.5, 42.637, 0, 0, 0, 0, 0, 13.5, 0, 13.5, 0, 2.194, 167, 0, 0, 0, 59, 1, 0.006, 0.006, 123.8, 39.728, 100, 0, 0, 141, 32.124, 32.124, 6.624, 0.86, 0, 98, 0, 0, 107.5, 42.637, 0, 1.1, 0, 0, 
0.9, 17.06, 100.33, 73.17, 73.878, , 2.308, 0.986, 61.465, 61.465, 2.202, 56.555, 56.555, 56.555, 51.747, 73.286, 34.984, 35.758, 7.384, 12.523, 0, 0, 6.367, 6.459, 6.367, 6.459, 1, 42.886, 42.886, 0.025, 0.135, 15.092, 15.309, 15.092, 15.309, 4.511, 7.384, 12.523, , , 1, 0.935, 0, 0, 13.5, 2.202, 167, 0, 0, 0, 59, 6.231, 6.203, 123.8, 39.58, 100, 0, 0, 32.324, 32.324, 6.824, 0.86, 98, 0, 0, 107.5, 42.761, 0, 0, 0, 0, 0, 13.5, 0, 13.5, 0, 2.202, 167, 0, 0, 0, 59, 1, 0.006, 0.006, 123.8, 39.58, 100, 0, 0, 141, 32.324, 32.324, 6.824, 0.86, 0, 98, 0, 0, 107.5, 42.761, 0, 1.1, 0, 0, 
0.95, 17.06, 100.33, 73.17, 73.879, , 2.034, 0.986, 64.6, 64.6, 2.209, 50.063, 50.063, 50.063, 51.797, 74.171, 34.804, 35.362, 7.384, 12.518, 0, 0, 5.65, 5.732, 5.65, 5.732, 1, 42.994, 42.994, 0.025, 0.136, 13.352, 13.542, 13.352, 13.542, 4.536, 7.384, 12.518, , , 1, 0.985, 0, 0.009, 13.5, 2.209, 167, 0, 0, 0, 58.952, 6.203, 6.154, 123.8, 39.432, 100, 0, 0, 32.476, 32.476, 6.976, 0.86, 98, 0, 0, 107.5, 42.885, 0, 0, 0, 0, 0, 13.5, 0.009, 13.5, 0, 2.209, 167, 0, 0, 0, 58.952, 1, 0.006, 0.006, 123.8, 39.432, 100, 0, 0, 141, 32.476, 32.476, 6.976, 0.86, 0, 98, 0, 0, 107.5, 42.885, 0, 1.1, 0, 0, 
1, 17.06, 100.33, 73.17, 73.88, , 1.717, 0.986, 67.713, 67.713, 2.217, 42.56, 42.56, 42.56, 51.854, 75.055, 34.624, 34.966, 7.383, 12.515, 0, 0, 4.815, 4.885, 4.815, 4.885, 1, 43.085, 43.085, 0.025, 0.136, 11.34, 11.502, 11.34, 11.502, 4.56, 7.383, 12.515, , , 1, 1.035, 0, 0.081, 13.5, 2.217, 167, 0, 0, 0, 58.552, 6.059, 5.934, 123.8, 39.284, 100, 0, 0, 32.276, 32.276, 6.776, 0.856, 98, 0, 0, 107.5, 43.011, 0, 0, 0, 0, 0, 13.5, 0.081, 13.5, 0, 2.217, 167, 0, 0, 0, 58.552, 1, 0.006, 0.006, 123.8, 39.284, 100, 0, 0, 141, 32.276, 32.276, 6.776, 0.856, 0, 98, 0, 0, 107.5, 43.011, 0, 1.1, 0, 0, 
1.05, 17.06, 100.33, 73.17, 73.881, , 1.477, 0.986, 70.868, 70.868, 2.225, 36.852, 36.852, 36.852, 51.912, 75.94, 34.444, 34.57, 7.381, 12.514, 0, 0, 4.176, 4.238, 4.176, 4.238, 1, 43.165, 43.165, 0.025, 0.136, 9.81, 9.948, 9.81, 9.948, 4.577, 7.381, 12.514, , , 1, 1.086, 0, 0.153, 13.5, 2.225, 167, 0, 0, 0, 58.152, 5.915, 5.714, 123.8, 39.136, 100, 0, 0, 32.076, 32.076, 6.576, 0.852, 98, 0, 0, 107.5, 43.137, 0, 0, 0, 0, 0, 13.5, 0.153, 13.5, 0, 2.225, 167, 0, 0, 0, 58.152, 1, 0.006, 0.006, 123.8, 39.136, 100, 0, 0, 141, 32.076, 32.076, 6.576, 0.852, 0, 98, 0, 0, 107.5, 43.137, 0, 1.1, 0, 0, 
1.1, 17.06, 100.33, 73.17, 73.882, , 1.242, 0.986, 74.024, 74.024, 2.233, 31.275, 31.275, 31.275, 51.966, 76.824, 34.355, 34.355, 7.38, 12.51, 0, 0, 3.55, 3.603, 3.55, 3.603, 1, 43.233, 43.233, 0.025, 0.135, 8.316, 8.433, 8.316, 8.433, 4.587, 7.38, 12.51, , , 1, 1.135, 0, 0.225, 13.5, 2.233, 167, 0, 0, 0, 57.752, 5.771, 5.494, 123.8, 38.988, 100, 0, 0, 31.876, 31.876, 6.376, 0.848, 98, 0, 0, 107.5, 43.263, 0, 0, 0, 0, 0, 13.5, 0.225, 13.5, 0, 2.233, 167, 0, 0, 0, 57.752, 1, 0.006, 0.005, 123.8, 38.988, 100, 0, 0, 141, 31.876, 31.876, 6.376, 0.848, 0, 98, 0, 0, 107.5, 43.263, 0, 1.1, 0, 0, 
1.15, 17.06, 100.33, 73.17, 73.883, , 1.015, 0.986, 77.179, 77.179, 2.241, 25.908, 25.908, 25.908, 52.016, 77.709, 34.391, 34.391, 7.378, 12.506, 0, 0, 2.945, 2.99, 2.945, 2.99, 1, 43.287, 43.287, 0.025, 0.135, 6.88, 6.977, 6.88, 6.977, 4.598, 7.378, 12.506, , , 1, 1.186, 0, 0.297, 13.5, 2.241, 167, 0, 0, 0, 57.352, 5.627, 5.274, 123.8, 38.84, 100, 0, 0, 31.676, 31.676, 6.176, 0.844, 98, 0, 0, 107.5, 43.389, 0, 0, 0, 0, 0, 13.5, 0.297, 13.5, 0, 2.241, 167, 0, 0, 0, 57.352, 1, 0.006, 0.005, 123.8, 38.84, 100, 0, 0, 141, 31.676, 31.676, 6.176, 0.844, 0, 98, 0, 0, 107.5, 43.389, 0, 1.1, 0, 0, 
1.2, 17.06, 100.33, 73.17, 73.884, , 0.879, 0.986, 80.335, 80.335, 2.249, 22.668, 22.668, 22.668, 52.06, 78.593, 34.427, 34.427, 7.378, 12.494, 0, 0, 2.581, 2.62, 2.581, 2.62, 1, 43.335, 43.335, 0.025, 0.135, 6.014, 6.101, 6.014, 6.101, 4.609, 7.378, 12.494, , , 1, 1.235, 0, 0.359, 13.5, 2.249, 167, 0, 0, 0, 56.942, 5.47, 5.054, 123.8, 38.561, 100, 0, 0, 31.396, 31.396, 5.954, 0.837, 97.879, 0, 0, 107.338, 43.507, 0, 0, 0, 0, 0, 13.5, 0.359, 13.5, 0, 2.249, 167, 0, 0, 0, 56.942, 1, 0.006, 0.005, 123.8, 38.561, 100, 0, 0, 141, 31.396, 31.396, 5.954, 0.837, 0, 97.879, 0, 0, 107.338, 43.507, 0, 1.1, 0, 0, 
1.25, 17.06, 100.33, 73.17, 73.886, , 0.784, 0.986, 83.514, 83.514, 2.254, 20.432, 20.432, 20.432, 52.094, 79.478, 34.463, 34.463, 7.377, 12.48, 0, 0, 2.329, 2.364, 2.329, 2.364, 1, 43.375, 43.375, 0.025, 0.135, 5.416, 5.494, 5.416, 5.494, 4.62, 7.377, 12.48, , , 1, 1.285, 0, 0.346, 13.5, 2.254, 167, 0, 0, 0, 56.462, 5.22, 4.839, 123.8, 37.32, 100, 0, 0, 30.531, 30.531, 5.569, 0.816, 96.869, 0, 0, 105.992, 43.567, 0, 0, 0, 0, 0, 13.5, 0.346, 13.5, 0, 2.254, 167, 0, 0, 0, 56.462, 1, 0.006, 0.005, 123.8, 37.32, 100, 0, 0, 141, 30.531, 30.531, 5.569, 0.816, 0, 96.869, 0, 0, 105.992, 43.567, 0, 1.1, 0, 0, 
1.3, 17.06, 100.33, 73.17, 73.887, , 0.719, 0.986, 86.708, 86.708, 2.259, 18.892, 18.892, 18.892, 52.129, 80.362, 34.499, 34.499, 7.377, 12.466, 0, 0, 2.155, 2.188, 2.155, 2.188, 1, 43.413, 43.413, 0.025, 0.134, 5.004, 5.076, 5.004, 5.076, 4.632, 7.377, 12.466, , , 1, 1.335, 0, 0.334, 13.5, 2.259, 167, 0, 0, 0, 55.981, 4.97, 4.623, 123.8, 36.078, 100, 0, 0, 29.665, 29.665, 5.185, 0.795, 95.86, 0, 0, 104.646, 43.626, 0, 0, 0, 0, 0, 13.5, 0.334, 13.5, 0, 2.259, 167, 0, 0, 0, 55.981, 1, 0.005, 0.005, 123.8, 36.078, 100, 0, 0, 141, 29.665, 29.665, 5.185, 0.795, 0, 95.86, 0, 0, 104.646, 43.626, 0, 1.1, 0, 0, 
1.35, 17.06, 100.33, 73.17, 73.888, , 0.619, 0.986, 89.864, 89.864, 2.264, 16.512, 16.512, 16.512, 52.168, 81.246, 34.58, 34.52, 7.377, 12.451, 0, 0, 1.885, 1.914, 1.885, 1.914, 1, 43.448, 43.448, 0.025, 0.134, 4.371, 4.434, 4.371, 4.434, 4.645, 7.377, 12.451, , , 1, 1.385, 0, 0.321, 13.5, 2.264, 167, 0, 0, 0, 55.5, 4.72, 4.408, 123.8, 34.837, 100, 0, 0, 28.8, 28.8, 4.8, 0.774, 94.85, 0, 0, 103.3, 43.686, 0, 0, 0, 0, 0, 13.5, 0.321, 13.5, 0, 2.264, 167, 0, 0, 0, 55.5, 1, 0.005, 0.004, 123.8, 34.837, 100, 0, 0, 141, 28.8, 28.8, 4.8, 0.774, 0, 94.85, 0, 0, 103.3, 43.686, 0, 1.1, 0, 0, 
1.4, 17.06, 100.33, 73.17, 73.889, , 0.574, 0.986, 93.046, 93.046, 2.269, 15.442, 15.442, 15.442, 52.212, 82.131, 34.724, 34.52, 7.377, 12.451, 0, 0, 1.764, 1.791, 1.764, 1.791, 1, 43.477, 43.477, 0.025, 0.134, 4.084, 4.143, 4.084, 4.143, 4.657, 7.377, 12.451, , , 1, 1.435, 0, 0.308, 13.5, 2.269, 167, 0, 0, 0, 55.019, 4.47, 4.193, 123.8, 33.596, 100, 0, 0, 27.935, 27.935, 4.415, 0.753, 93.84, 0, 0, 101.954, 43.746, 0, 0, 0, 0, 0, 13.5, 0.308, 13.5, 0, 2.269, 167, 0, 0, 0, 55.019, 1, 0.005, 0.004, 123.8, 33.596, 100, 0, 0, 141, 27.935, 27.935, 4.415, 0.753, 0, 93.84, 0, 0, 101.954, 43.746, 0, 1.1, 0, 0, 
1.45, 17.06, 100.33, 73.17, 73.89, , 0.561, 0.986, 96.237, 96.237, 2.274, 15.145, 15.145, 15.145, 52.258, 83.015, 34.868, 34.52, 7.378, 12.455, 0, 0, 1.732, 1.757, 1.732, 1.757, 1, 43.504, 43.504, 0.025, 0.134, 4.003, 4.06, 4.003, 4.06, 4.665, 7.378, 12.455, , , 1, 1.485, 0, 0.296, 13.5, 2.274, 167, 0, 0, 0, 54.538, 4.22, 3.977, 123.8, 32.354, 100, 0, 0, 27.069, 27.069, 4.031, 0.732, 92.831, 0, 0, 100.608, 43.805, 0, 0, 0, 0, 0, 13.5, 0.296, 13.5, 0, 2.274, 167, 0, 0, 0, 54.538, 1, 0.005, 0.004, 123.8, 32.354, 100, 0, 0, 141, 27.069, 27.069, 4.031, 0.732, 0, 92.831, 0, 0, 100.608, 43.805, 0, 1.1, 0, 0, 
1.5, 17.06, 100.33, 73.17, 73.891, , 0.542, 0.986, 99.392, 99.392, 2.276, 14.69, 14.69, 14.69, 52.299, 83.9, 35.012, 34.52, 7.379, 12.49, 0, 0, 1.681, 1.704, 1.681, 1.704, 1, 43.532, 43.532, 0.025, 0.134, 3.879, 3.933, 3.879, 3.933, 4.66, 7.379, 12.49, , , 1, 1.535, 0, 0.244, 13.5, 2.276, 167, 0, 0, 0, 54.5, 4.268, 4.026, 123.8, 32.149, 100, 0, 0, 27, 27, 4, 0.728, 92.51, 0, 0, 100.212, 43.869, 0, 0, 0, 0, 0, 13.5, 0.244, 13.5, 0, 2.276, 167, 0, 0, 0, 54.5, 1, 0.005, 0.004, 123.8, 32.149, 100, 0, 0, 141, 27, 27, 4, 0.728, 0, 92.51, 0, 0, 100.212, 43.869, 0, 1.1, 0, 0, 
1.55, 17.06, 100.33, 73.17, 73.892, , 0.547, 0.986, 102.577, 102.577, 2.278, 14.805, 14.805, 14.805, 52.331, 84.784, 35.156, 34.52, 7.381, 12.534, 0, 0, 1.696, 1.719, 1.696, 1.719, 1, 43.559, 43.559, 0.025, 0.134, 3.906, 3.961, 3.906, 3.961, 4.655, 7.381, 12.534, , , 1, 1.585, 0, 0.189, 13.5, 2.278, 167, 0, 0, 0, 54.5, 4.342, 4.098, 123.8, 32.033, 100, 0, 0, 27, 27, 4, 0.726, 92.25, 0, 0, 99.9, 43.934, 0, 0, 0, 0, 0, 13.5, 0.189, 13.5, 0, 2.278, 167, 0, 0, 0, 54.5, 1, 0.005, 0.004, 123.8, 32.033, 100, 0, 0, 141, 27, 27, 4, 0.726, 0, 92.25, 0, 0, 99.9, 43.934, 0, 1.1, 0, 0, 
1.6, 17.06, 100.33, 73.17, 73.894, , 0.557, 0.986, 105.776, 105.776, 2.281, 15.043, 15.043, 15.043, 52.346, 85.669, 35.316, 34.611, 7.382, 12.608, 0, 0, 1.726, 1.748, 1.726, 1.748, 1, 43.586, 43.586, 0.025, 0.134, 3.966, 4.024, 3.966, 4.024, 4.651, 7.382, 12.608, , , 1, 1.635, 0, 0.134, 13.5, 2.281, 167, 0, 0, 0, 54.5, 4.416, 4.17, 123.8, 31.917, 100, 0, 0, 27, 27, 4, 0.724, 91.99, 0, 0, 99.588, 43.999, 0, 0, 0, 0, 0, 13.5, 0.134, 13.5, 0, 2.281, 167, 0, 0, 0, 54.5, 1, 0.005, 0.004, 123.8, 31.917, 100, 0, 0, 141, 27, 27, 4, 0.724, 0, 91.99, 0, 0, 99.588, 43.999, 0, 1.1, 0, 0, 
1.65, 17.06, 100.33, 73.17, 73.895, , 0.546, 0.986, 108.974, 108.974, 2.283, 14.77, 14.77, 14.77, 52.352, 86.553, 35.496, 34.827, 7.384, 12.692, 0, 0, 1.695, 1.717, 1.695, 1.717, 1, 43.614, 43.614, 0.025, 0.134, 3.893, 3.95, 3.893, 3.95, 4.643, 7.384, 12.692, , , 1, 1.685, 0, 0.079, 13.5, 2.283, 167, 0, 0, 0, 54.5, 4.49, 4.242, 123.8, 31.802, 100, 0, 0, 27, 27, 4, 0.722, 91.729, 0, 0, 99.275, 44.063, 0, 0, 0, 0, 0, 13.5, 0.079, 13.5, 0, 2.283, 167, 0, 0, 0, 54.5, 1, 0.005, 0.004, 123.8, 31.802, 100, 0, 0, 141, 27, 27, 4, 0.722, 0, 91.729, 0, 0, 99.275, 44.063, 0, 1.1, 0, 0, 
1.7, 17.06, 100.33, 73.17, 73.896, , 0.573, 0.986, 112.173, 112.173, 2.285, 15.419, 15.419, 15.419, 52.352, 87.438, 35.676, 35.043, 7.384, 12.789, 0, 0, 1.771, 1.795, 1.771, 1.795, 1, 43.641, 43.641, 0.025, 0.134, 4.065, 4.125, 4.065, 4.125, 4.626, 7.384, 12.789, , , 1, 1.735, 0, 0.029, 13.5, 2.285, 167, 0, 0, 0, 54.486, 4.555, 4.31, 123.8, 31.695, 100, 0, 0, 27, 27, 4, 0.72, 91.466, 0, 0, 98.959, 44.12, 0, 0, 0, 0, 0, 13.5, 0.029, 13.5, 0, 2.285, 167, 0, 0, 0, 54.486, 1, 0.005, 0.005, 123.8, 31.695, 100, 0, 0, 141, 27, 27, 4, 0.72, 0, 91.466, 0, 0, 98.959, 44.12, 0, 1.1, 0, 0, 
1.75, 17.06, 100.33, 73.17, 73.897, , 0.602, 0.986, 115.372, 115.372, 2.286, 16.117, 16.117, 16.117, 52.337, 88.322, 35.856, 35.259, 7.384, 12.891, 0, 0, 1.852, 1.878, 1.852, 1.878, 1, 43.671, 43.671, 0.025, 0.134, 4.251, 4.313, 4.251, 4.313, 4.609, 7.384, 12.891, , , 1, 1.785, 0, 0.022, 13.5, 2.286, 167, 0, 0, 0, 54.373, 4.554, 4.351, 123.8, 31.653, 100, 0, 0, 27, 27, 4, 0.723, 91.182, 0, 0, 98.618, 44.12, 0, 0, 0, 0, 0, 13.5, 0.022, 13.5, 0, 2.286, 167, 0, 0, 0, 54.373, 1, 0.005, 0.005, 123.8, 31.653, 100, 0, 0, 141, 27, 27, 4, 0.723, 0, 91.182, 0, 0, 98.618, 44.12, 0, 1.1, 0, 0, 
1.8, 17.06, 100.33, 73.17, 73.898, , 0.608, 0.986, 118.57, 118.57, 2.287, 16.247, 16.247, 16.247, 52.324, 89.206, 36.036, 35.475, 7.383, 12.979, 0, 0, 1.868, 1.895, 1.868, 1.895, 1, 43.701, 43.701, 0.025, 0.134, 4.287, 4.349, 4.287, 4.349, 4.592, 7.383, 12.979, , , 1, 1.835, 0, 0.016, 13.5, 2.287, 167, 0, 0, 0, 54.259, 4.553, 4.392, 123.8, 31.611, 100, 0, 0, 27, 27, 4, 0.725, 90.898, 0, 0, 98.277, 44.12, 0, 0, 0, 0, 0, 13.5, 0.016, 13.5, 0, 2.287, 167, 0, 0, 0, 54.259, 1, 0.005, 0.005, 123.8, 31.611, 100, 0, 0, 141, 27, 27, 4, 0.725, 0, 90.898, 0, 0, 98.277, 44.12, 0, 1.1, 0, 0, 
1.85, 17.06, 100.33, 73.17, 73.899, , 0.515, 0.986, 121.769, 121.769, 2.288, 14.055, 14.055, 14.055, 52.316, 90.091, 36.019, 35.842, 7.382, 13.062, 0, 0, 1.615, 1.64, 1.615, 1.64, 1, 43.73, 43.73, 0.025, 0.135, 3.71, 3.762, 3.71, 3.762, 4.574, 7.382, 13.062, , , 1, 1.885, 0, 0.009, 13.5, 2.288, 167, 0, 0, 0, 54.145, 4.551, 4.433, 123.8, 31.569, 100, 0, 0, 27, 27, 4, 0.727, 90.614, 0, 0, 97.936, 44.12, 0, 0, 0, 0, 0, 13.5, 0.009, 13.5, 0, 2.288, 167, 0, 0, 0, 54.145, 1, 0.005, 0.005, 123.8, 31.569, 100, 0, 0, 141, 27, 27, 4, 0.727, 0, 90.614, 0, 0, 97.936, 44.12, 0, 1.1, 0, 0, 
1.9, 17.06, 100.33, 73.17, 73.9, , 0.478, 0.986, 124.967, 124.967, 2.289, 13.166, 13.166, 13.166, 52.321, 90.975, 35.731, 36.418, 7.38, 13.107, 0, 0, 1.513, 1.537, 1.513, 1.537, 1, 43.752, 43.752, 0.025, 0.135, 3.477, 3.524, 3.477, 3.524, 4.574, 7.38, 13.107, , , 1, 1.936, 0, 0.002, 13.5, 2.289, 167, 0, 0, 0, 54.032, 4.55, 4.474, 123.8, 31.527, 100, 0, 0, 27, 27, 4, 0.729, 90.33, 0, 0, 97.595, 44.12, 0, 0, 0, 0, 0, 13.5, 0.002, 13.5, 0, 2.289, 167, 0, 0, 0, 54.032, 1, 0.005, 0.005, 123.8, 31.527, 100, 0, 0, 141, 27, 27, 4, 0.729, 0, 90.33, 0, 0, 97.595, 44.12, 0, 1.1, 0, 0, 
1.95, 17.06, 100.33, 73.17, 73.901, , 0.56, 0.986, 128.166, 128.166, 2.291, 15.123, 15.123, 15.123, 52.324, 91.86, 35.443, 36.994, 7.379, 13.134, 0, 0, 1.739, 1.767, 1.739, 1.767, 1, 43.778, 43.778, 0.025, 0.135, 3.994, 4.048, 3.994, 4.048, 4.575, 7.379, 13.134, , , 1, 1.985, 0, 0, 13.508, 2.291, 167, 0, 0, 0, 54, 4.542, 4.478, 123.8, 31.455, 100, 0, 0, 26.959, 26.959, 4, 0.73, 90.209, 0, 0, 97.5, 44.12, 0, 0, 0, 0, 0, 13.5, 0, 13.508, 0, 2.291, 167, 0, 0, 0, 54, 1, 0.005, 0.004, 123.8, 31.455, 100, 0, 0, 141, 26.959, 26.959, 4, 0.73, 0, 90.209, 0, 0, 97.5, 44.12, 0, 1.092, 0, 0, 
2, 17.06, 100.33, 73.17, 73.902, , 0.536, 0.986, 131.365, 131.365, 2.292, 14.558, 14.558, 14.558, 52.326, 92.744, 35.155, 37.57, 7.378, 13.119, 0, 0, 1.674, 1.702, 1.674, 1.702, 1, 43.805, 43.805, 0.025, 0.135, 3.843, 3.896, 3.843, 3.896, 4.575, 7.378, 13.119, , , 1, 2.035, 0, 0, 13.519, 2.292, 167, 0, 0, 0, 54, 4.531, 4.469, 123.8, 31.371, 100, 0, 0, 26.903, 26.903, 4, 0.73, 90.153, 0, 0, 97.5, 44.12, 0, 0, 0, 0, 0, 13.5, 0, 13.519, 0, 2.292, 167, 0, 0, 0, 54, 1, 0.005, 0.004, 123.8, 31.371, 100, 0, 0, 141, 26.903, 26.903, 4, 0.73, 0, 90.153, 0, 0, 97.5, 44.12, 0, 1.081, 0, 0, 
2.05, 17.06, 100.33, 73.17, 73.903, , 0.44, 0.986, 134.563, 134.563, 2.294, 12.279, 12.279, 12.279, 52.329, 93.629, 34.867, 38.146, 7.377, 13.081, 0, 0, 1.412, 1.436, 1.412, 1.436, 1, 43.831, 43.831, 0.025, 0.136, 3.24, 3.286, 3.24, 3.286, 4.575, 7.377, 13.081, , , 1, 2.085, 0, 0, 13.531, 2.294, 167, 0, 0, 0, 54, 4.519, 4.46, 123.8, 31.287, 100, 0, 0, 26.846, 26.846, 4, 0.73, 90.096, 0, 0, 97.5, 44.12, 0, 0, 0, 0, 0, 13.5, 0, 13.531, 0, 2.294, 167, 0, 0, 0, 54, 1, 0.005, 0.004, 123.8, 31.287, 100, 0, 0, 141, 26.846, 26.846, 4, 0.73, 0, 90.096, 0, 0, 97.5, 44.12, 0, 1.069, 0, 0, 
2.1, 17.06, 100.33, 73.17, 73.903, , 0.27, 0.986, 137.762, 137.762, 2.295, 8.245, 8.245, 8.245, 52.343, 94.513, 34.76, 38.193, 7.377, 13.017, 0, 0, 0.948, 0.965, 0.948, 0.965, 1, 43.848, 43.848, 0.025, 0.135, 2.175, 2.208, 2.175, 2.208, 4.605, 7.377, 13.017, , , 1, 2.135, 0, 0, 13.542, 2.295, 167, 0, 0, 0, 54, 4.508, 4.451, 123.8, 31.204, 100, 0, 0, 26.79, 26.79, 4, 0.73, 90.04, 0, 0, 97.5, 44.12, 0, 0, 0, 0, 0, 13.5, 0, 13.542, 0, 2.295, 167, 0, 0, 0, 54, 1, 0.005, 0.004, 123.8, 31.204, 100, 0, 0, 141, 26.79, 26.79, 4, 0.73, 0, 90.04, 0, 0, 97.5, 44.12, 0, 1.058, 0, 0, 
2.15, 17.06, 100.33, 73.17, 73.904, , 0.363, 0.986, 141.005, 141.005, 2.297, 10.433, 10.433, 10.433, 52.359, 95.398, 34.904, 37.509, 7.377, 12.938, 0, 0, 1.201, 1.222, 1.201, 1.222, 1, 43.863, 43.863, 0.025, 0.135, 2.75, 2.793, 2.75, 2.793, 4.636, 7.377, 12.938, , , 1, 2.185, 0, 0, 13.553, 2.297, 167, 0, 0, 0, 54, 4.497, 4.444, 123.8, 31.133, 100, 0, 0, 26.734, 26.734, 4, 0.729, 90, 0, 0, 97.5, 44.12, 0, 0, 0, 0, 0, 13.5, 0, 13.553, 0, 2.297, 167, 0, 0, 0, 54, 1, 0.004, 0.004, 123.8, 31.133, 100, 0, 0, 141, 26.734, 26.734, 4, 0.729, 0, 90, 0, 0, 97.5, 44.12, 0, 1.047, 0, 0, 
2.2, 17.06, 100.33, 73.17, 73.905, , 0.381, 0.986, 144.223, 144.223, 2.297, 10.874, 10.874, 10.874, 52.373, 96.282, 35.048, 36.825, 7.377, 12.858, 0, 0, 1.253, 1.275, 1.253, 1.275, 1, 43.884, 43.884, 0.025, 0.135, 2.864, 2.91, 2.864, 2.91, 4.666, 7.377, 12.858, , , 1, 2.235, 0, 0, 13.564, 2.297, 167, 0, 0, 0, 54, 4.489, 4.441, 123.8, 31.095, 100, 0, 0, 26.682, 26.682, 4, 0.727, 90, 0, 0, 97.5, 44.12, 0, 0, 0, 0, 0, 13.5, 0, 13.564, 0, 2.297, 167, 0, 0, 0, 54, 1, 0.004, 0.004, 123.8, 31.095, 100, 0, 0, 141, 26.682, 26.682, 4, 0.727, 0, 90, 0, 0, 97.5, 44.12, 0, 1.036, 0, 0, 
2.25, 17.06, 100.33, 73.17, 73.906, , 0.343, 0.986, 147.422, 147.422, 2.298, 9.964, 9.964, 9.964, 52.392, 97.166, 35.192, 36.141, 7.378, 12.777, 0, 0, 1.149, 1.169, 1.149, 1.169, 1, 43.902, 43.902, 0.025, 0.135, 2.623, 2.665, 2.623, 2.665, 4.696, 7.378, 12.777, , , 1, 2.285, 0, 0, 13.574, 2.298, 167, 0, 0, 0, 54, 4.481, 4.438, 123.8, 31.056, 100, 0, 0, 26.63, 26.63, 4, 0.725, 90, 0, 0, 97.5, 44.12, 0, 0, 0, 0, 0, 13.5, 0, 13.574, 0, 2.298, 167, 0, 0, 0, 54, 1, 0.004, 0.004, 123.8, 31.056, 100, 0, 0, 141, 26.63, 26.63, 4, 0.725, 0, 90, 0, 0, 97.5, 44.12, 0, 1.026, 0, 0, 
2.3, 17.06, 100.33, 73.17, 73.906, , 0.312, 0.986, 150.62, 150.62, 2.299, 9.226, 9.226, 9.226, 52.417, 98.051, 35.336, 35.457, 7.378, 12.713, 0, 0, 1.065, 1.083, 1.065, 1.083, 1, 43.918, 43.918, 0.025, 0.135, 2.428, 2.467, 2.428, 2.467, 4.723, 7.378, 12.713, , , 1, 2.335, 0, 0, 13.585, 2.299, 167, 0, 0, 0, 54, 4.472, 4.435, 123.8, 31.017, 100, 0, 0, 26.577, 26.577, 4, 0.723, 90, 0, 0, 97.5, 44.12, 0, 0, 0, 0, 0, 13.5, 0, 13.585, 0, 2.299, 167, 0, 0, 0, 54, 1, 0.004, 0.004, 123.8, 31.017, 100, 0, 0, 141, 26.577, 26.577, 4, 0.723, 0, 90, 0, 0, 97.5, 44.12, 0, 1.015, 0, 0, 
2.35, 17.06, 100.33, 73.17, 73.907, , 0.393, 0.986, 153.847, 153.847, 2.3, 11.167, 11.167, 11.167, 52.448, 97.567, 35.42, 35.166, 7.379, 12.66, 0, 0, 1.291, 1.311, 1.291, 1.311, 1, 43.934, 43.934, 0.024, 0.135, 2.939, 2.984, 2.939, 2.984, 4.749, 7.379, 12.66, , , 1, 2.385, 0, 0, 13.595, 2.3, 167, 0, 0, 0, 54, 4.464, 4.432, 123.8, 30.979, 100, 0, 0, 26.525, 26.525, 4, 0.721, 90, 0, 0, 97.5, 44.12, 0, 0, 0, 0, 0, 13.5, 0, 13.595, 0, 2.3, 167, 0, 0, 0, 54, 1, 0.004, 0.004, 123.8, 30.979, 100, 0, 0, 141, 26.525, 26.525, 4, 0.721, 0, 90, 0, 0, 97.5, 44.12, 0, 1.005, 0, 0, 
2.4, 17.06, 100.33, 73.17, 73.908, , 0.512, 0.986, 157.081, 157.081, 2.301, 13.975, 13.975, 13.975, 52.468, 93.892, 35.42, 35.418, 7.379, 12.629, 0, 0, 1.616, 1.641, 1.616, 1.641, 1, 43.959, 43.959, 0.024, 0.135, 3.678, 3.733, 3.678, 3.733, 4.775, 7.379, 12.629, , , 1, 2.435, 0, 0, 13.6, 2.301, 167, 0, 0, 0, 54, 4.46, 4.43, 123.8, 30.998, 100, 0, 0, 26.552, 26.552, 4, 0.72, 90, 0, 0, 97.448, 44.12, 0, 0, 0, 0, 0, 13.5, 0, 13.6, 0, 2.301, 167, 0, 0, 0, 54, 1, 0.004, 0.004, 123.8, 30.998, 100, 0, 0, 141, 26.552, 26.552, 4, 0.72, 0, 90, 0, 0, 97.448, 44.12, 0, 1, 0, 0, 
2.45, 17.06, 100.33, 73.17, 73.909, , 0.522, 0.986, 160.279, 160.279, 2.304, 14.223, 14.223, 14.223, 52.478, 90.216, 35.42, 35.67, 7.38, 12.615, 0, 0, 1.645, 1.67, 1.645, 1.67, 1, 43.985, 43.985, 0.024, 0.135, 3.743, 3.798, 3.743, 3.798, 4.801, 7.38, 12.615, , , 1, 2.485, 0, 0, 13.6, 2.304, 167, 0, 0, 0, 54, 4.46, 4.43, 123.8, 31.072, 100, 0, 0, 26.652, 26.652, 4, 0.72, 90, 0, 0, 97.348, 44.12, 0, 0, 0, 0, 0, 13.5, 0, 13.6, 0, 2.304, 167, 0, 0, 0, 54, 1, 0.004, 0.004, 123.8, 31.072, 100, 0, 0, 141, 26.652, 26.652, 4, 0.72, 0, 90, 0, 0, 97.348, 44.12, 0, 1, 0, 0, 
2.5, 17.06, 100.33, 73.17, 73.909, , 0.49, 0.986, 163.511, 163.511, 2.306, 13.46, 13.46, 13.46, 52.48, 86.541, 35.42, 35.922, 7.38, 12.613, 0, 0, 1.557, 1.581, 1.557, 1.581, 1, 44.01, 44.01, 0.024, 0.135, 3.542, 3.594, 3.542, 3.594, 4.787, 7.38, 12.613, , , 1, 2.535, 0, 0, 13.6, 2.306, 167, 0, 0, 0, 54, 4.46, 4.43, 123.8, 31.146, 100, 0, 0, 26.752, 26.752, 4, 0.72, 90, 0, 0, 97.248, 44.12, 0, 0, 0, 0, 0, 13.5, 0, 13.6, 0, 2.306, 167, 0, 0, 0, 54, 1, 0.004, 0.004, 123.8, 31.146, 100, 0, 0, 141, 26.752, 26.752, 4, 0.72, 0, 90, 0, 0, 97.248, 44.12, 0, 1, 0, 0, 
2.55, 17.06, 100.33, 73.17, 73.91, , 0.473, 0.986, 166.741, 166.741, 2.308, 13.06, 13.06, 13.06, 52.469, 82.865, 35.42, 36.174, 7.379, 12.621, 0, 0, 1.512, 1.535, 1.512, 1.535, 1, 44.033, 44.033, 0.025, 0.135, 3.436, 3.487, 3.436, 3.487, 4.759, 7.379, 12.621, , , 1, 2.585, 0, 0, 13.6, 2.308, 167, 0, 0, 0, 54, 4.46, 4.43, 123.8, 31.22, 100, 0, 0, 26.852, 26.852, 4, 0.72, 90, 0, 0, 97.148, 44.12, 0, 0, 0, 0, 0, 13.5, 0, 13.6, 0, 2.308, 167, 0, 0, 0, 54, 1, 0.004, 0.004, 123.8, 31.22, 100, 0, 0, 141, 26.852, 26.852, 4, 0.72, 0, 90, 0, 0, 97.148, 44.12, 0, 1, 0, 0, 
2.6, 17.06, 100.33, 73.17, 73.911, , 0.527, 0.986, 169.941, 169.941, 2.311, 14.334, 14.334, 14.334, 52.445, 79.189, 35.39, 36.305, 7.379, 12.633, 0, 0, 1.661, 1.684, 1.661, 1.684, 1, 44.057, 44.057, 0.025, 0.135, 3.774, 3.828, 3.774, 3.828, 4.731, 7.379, 12.633, , , 1, 2.635, 0, 0, 13.6, 2.311, 167, 0, 0, 0, 54, 4.46, 4.43, 123.8, 31.294, 100, 0, 0, 26.952, 26.952, 4, 0.72, 90, 0, 0, 97.048, 44.12, 0, 0, 0, 0, 0, 13.5, 0, 13.6, 0, 2.311, 167, 0, 0, 0, 54, 1, 0.004, 0.004, 123.8, 31.294, 100, 0, 0, 141, 26.952, 26.952, 4, 0.72, 0, 90, 0, 0, 97.048, 44.12, 0, 1, 0, 0, 
2.65, 17.06, 100.33, 73.17, 73.912, , 0.493, 0.986, 173.177, 173.177, 2.312, 13.52, 13.52, 13.52, 52.411, 75.514, 35.318, 36.269, 7.378, 12.648, 0, 0, 1.567, 1.588, 1.567, 1.588, 1, 44.083, 44.083, 0.025, 0.136, 3.561, 3.611, 3.561, 3.611, 4.703, 7.378, 12.648, , , 1, 2.685, 0, 0, 13.6, 2.312, 167, 0, 0, 0, 54, 4.457, 4.433, 123.8, 31.311, 100, 0, 0, 26.974, 26.974, 4, 0.72, 90, 0, 0, 97.026, 44.184, 0, 0, 0, 0, 0, 13.5, 0, 13.6, 0, 2.312, 167, 0, 0, 0, 54, 1, 0.004, 0.004, 123.8, 31.311, 100, 0, 0, 141, 26.974, 26.974, 4, 0.72, 0, 90, 0, 0, 97.026, 44.184, 0, 1, 0, 0, 
2.7, 17.06, 100.33, 73.17, 73.913, , 0.421, 0.986, 176.42, 176.42, 2.312, 11.82, 11.82, 11.82, 52.376, 71.838, 35.246, 36.233, 7.378, 12.657, 0, 0, 1.37, 1.389, 1.37, 1.389, 1, 44.105, 44.105, 0.025, 0.136, 3.114, 3.158, 3.114, 3.158, 4.678, 7.378, 12.657, , , 1, 2.736, 0, 0, 13.6, 2.312, 167, 0, 0, 0, 54, 4.451, 4.438, 123.8, 31.274, 100, 0, 0, 26.924, 26.924, 4, 0.72, 90, 0, 0, 97.076, 44.308, 0, 0, 0, 0, 0, 13.5, 0, 13.6, 0, 2.312, 167, 0, 0, 0, 54, 1, 0.004, 0.004, 123.8, 31.274, 100, 0, 0, 141, 26.924, 26.924, 4, 0.72, 0, 90, 0, 0, 97.076, 44.308, 0, 1, 0, 0, 
2.75, 17.06, 100.33, 73.17, 73.913, , 0.318, 0.986, 179.663, 179.663, 2.311, 9.387, 9.387, 9.387, 52.352, 68.163, 35.174, 36.197, 7.377, 12.658, 0, 0, 1.089, 1.104, 1.089, 1.104, 1, 44.123, 44.123, 0.025, 0.136, 2.476, 2.508, 2.476, 2.508, 4.656, 7.377, 12.658, , , 1, 2.786, 0, 0, 13.6, 2.311, 167, 0, 0, 0, 54, 4.445, 4.443, 123.8, 31.237, 100, 0, 0, 26.874, 26.874, 4, 0.72, 90, 0, 0, 97.126, 44.432, 0, 0, 0, 0, 0, 13.5, 0, 13.6, 0, 2.311, 167, 0, 0, 0, 54, 1, 0.004, 0.004, 123.8, 31.237, 100, 0, 0, 141, 26.874, 26.874, 4, 0.72, 0, 90, 0, 0, 97.126, 44.432, 0, 1, 0, 0, 
2.8, 17.06, 100.33, 73.17, 73.914, , 0.358, 0.986, 182.864, 182.864, 2.311, 10.34, 10.34, 10.34, 52.334, 64.487, 35.102, 36.161, 7.377, 12.657, 0, 0, 1.199, 1.216, 1.199, 1.216, 1, 44.14, 44.14, 0.025, 0.136, 2.728, 2.764, 2.728, 2.764, 4.634, 7.377, 12.657, , , 1, 2.835, 0, 0, 13.6, 2.311, 167, 0, 0, 0, 54, 4.439, 4.448, 123.8, 31.2, 100, 0, 0, 26.824, 26.824, 4, 0.72, 90, 0, 0, 97.176, 44.556, 0, 0, 0, 0, 0, 13.5, 0, 13.6, 0, 2.311, 167, 0, 0, 0, 54, 1, 0.004, 0.004, 123.8, 31.2, 100, 0, 0, 141, 26.824, 26.824, 4, 0.72, 0, 90, 0, 0, 97.176, 44.556, 0, 1, 0, 0, 
2.85, 17.06, 100.33, 73.17, 73.915, , 0.37, 0.986, 186.085, 186.085, 2.311, 10.618, 10.618, 10.618, 52.321, 60.811, 35.163, 36.081, 7.377, 12.656, 0, 0, 1.231, 1.249, 1.231, 1.249, 1, 44.158, 44.158, 0.025, 0.136, 2.801, 2.838, 2.801, 2.838, 4.612, 7.377, 12.656, , , 1, 2.886, 0, 0, 13.6, 2.311, 167, 0, 0, 0, 54, 4.433, 4.453, 123.8, 31.163, 100, 0, 0, 26.774, 26.774, 4, 0.72, 90, 0, 0, 97.226, 44.68, 0, 0, 0, 0, 0, 13.5, 0, 13.6, 0, 2.311, 167, 0, 0, 0, 54, 1, 0.004, 0.004, 123.8, 31.163, 100, 0, 0, 141, 26.774, 26.774, 4, 0.72, 0, 90, 0, 0, 97.226, 44.68, 0, 1, 0, 0, 
2.9, 17.06, 100.33, 73.17, 73.916, , 0.353, 0.986, 189.328, 189.328, 2.311, 10.213, 10.213, 10.213, 52.316, 57.136, 35.409, 35.94, 7.377, 12.656, 0, 0, 1.185, 1.202, 1.185, 1.202, 1, 44.176, 44.176, 0.025, 0.136, 2.695, 2.73, 2.695, 2.73, 4.607, 7.377, 12.656, , , 1, 2.935, 0, 0, 13.6, 2.311, 167, 0, 0, 0, 54, 4.433, 4.458, 123.8, 31.125, 100, 0, 0, 26.723, 26.723, 4, 0.72, 90, 0, 0, 97.277, 44.74, 0, 0, 0, 0, 0, 13.5, 0, 13.6, 0, 2.311, 167, 0, 0, 0, 54, 1, 0.004, 0.004, 123.8, 31.125, 100, 0, 0, 141, 26.723, 26.723, 4, 0.72, 0, 90, 0, 0, 97.277, 44.74, 0, 1, 0, 0, 
2.95, 17.06, 100.33, 73.17, 73.916, , 0.426, 0.986, 192.571, 192.571, 2.312, 11.937, 11.937, 11.937, 52.313, 53.46, 35.656, 35.8, 7.377, 12.657, 0, 0, 1.386, 1.405, 1.386, 1.405, 1, 44.195, 44.195, 0.025, 0.136, 3.15, 3.192, 3.15, 3.192, 4.62, 7.377, 12.657, , , 1, 2.986, 0, 0, 13.6, 2.312, 167, 0, 0, 0, 54, 4.44, 4.463, 123.8, 31.086, 100, 0, 0, 26.671, 26.671, 4, 0.72, 90, 0, 0, 97.329, 44.74, 0, 0, 0, 0, 0, 13.5, 0, 13.6, 0, 2.312, 167, 0, 0, 0, 54, 1, 0.004, 0.004, 123.8, 31.086, 100, 0, 0, 141, 26.671, 26.671, 4, 0.72, 0, 90, 0, 0, 97.329, 44.74, 0, 1, 0, 0, 
3, 17.06, 100.33, 73.17, 73.917, , 0.495, 0.986, 195.814, 195.814, 2.312, 13.586, 13.586, 13.586, 52.308, 49.785, 35.902, 35.659, 7.377, 12.663, 0, 0, 1.579, 1.6, 1.579, 1.6, 1, 44.218, 44.218, 0.025, 0.136, 3.585, 3.634, 3.585, 3.634, 4.634, 7.377, 12.663, , , 1, 3.036, 0, 0, 13.6, 2.312, 167, 0, 0, 0, 54, 4.446, 4.468, 123.8, 31.048, 100, 0, 0, 26.619, 26.619, 4, 0.72, 90, 0, 0, 97.381, 44.74, 0, 0, 0, 0, 0, 13.5, 0, 13.6, 0, 2.312, 167, 0, 0, 0, 54, 1, 0.004, 0.004, 123.8, 31.048, 100, 0, 0, 141, 26.619, 26.619, 4, 0.72, 0, 90, 0, 0, 97.381, 44.74, 0, 1, 0, 0, 
3.05, 17.06, 100.33, 73.17, 73.918, , 0.549, 0.986, 199.057, 199.057, 2.312, 14.862, 14.862, 14.862, 52.3, 46.109, 36.148, 35.518, 7.377, 12.678, 0, 0, 1.728, 1.751, 1.728, 1.751, 1, 44.245, 44.245, 0.025, 0.135, 3.923, 3.978, 3.923, 3.978, 4.647, 7.377, 12.678, , , 1, 3.085, 0, 0, 13.6, 2.312, 167, 0, 0, 0, 54, 4.452, 4.473, 123.8, 31.009, 100, 0, 0, 26.567, 26.567, 4, 0.72, 90, 0, 0, 97.433, 44.74, 0, 0, 0, 0, 0, 13.5, 0, 13.6, 0, 2.312, 167, 0, 0, 0, 54, 1, 0.004, 0.004, 123.8, 31.009, 100, 0, 0, 141, 26.567, 26.567, 4, 0.72, 0, 90, 0, 0, 97.433, 44.74, 0, 1, 0, 0, 
3.1, 17.06, 100.33, 73.17, 73.919, , 0.54, 0.986, 202.3, 202.3, 2.313, 14.654, 14.654, 14.654, 52.292, 45.694, 36.243, 35.42, 7.377, 12.694, 0, 0, 1.706, 1.728, 1.706, 1.728, 1, 44.273, 44.273, 0.025, 0.135, 3.869, 3.922, 3.869, 3.922, 4.666, 7.377, 12.694, , , 1, 3.135, 0, 0, 13.6, 2.313, 167, 0, 0, 0, 54, 4.458, 4.479, 123.8, 30.971, 100, 0, 0, 26.515, 26.515, 4, 0.72, 90, 0, 0, 97.485, 44.74, 0, 0, 0, 0, 0, 13.5, 0, 13.6, 0, 2.313, 167, 0, 0, 0, 54, 1, 0.004, 0.004, 123.8, 30.971, 100, 0, 0, 141, 26.515, 26.515, 4, 0.72, 0, 90, 0, 0, 97.485, 44.74, 0, 1, 0, 0, 
3.15, 17.06, 100.33, 73.17, 73.919, , 0.542, 0.986, 205.542, 205.542, 2.314, 14.694, 14.694, 14.694, 52.285, 57.933, 35.986, 35.42, 7.377, 12.712, 0, 0, 1.712, 1.734, 1.712, 1.734, 1, 44.301, 44.301, 0.025, 0.135, 3.881, 3.933, 3.881, 3.933, 4.69, 7.377, 12.712, , , 1, 3.185, 0, 0, 13.6, 2.314, 167, 0, 0, 0, 54, 4.46, 4.469, 123.8, 30.96, 100, 0, 0, 26.569, 26.569, 4, 0.72, 90, 0, 0, 97.431, 44.74, 0, 0, 0, 0, 0, 13.5, 0, 13.6, 0, 2.314, 167, 0, 0, 0, 54, 1, 0.004, 0.004, 123.8, 30.96, 100, 0, 0, 141, 26.569, 26.569, 4, 0.72, 0, 90, 0, 0, 97.431, 44.74, 0, 1, 0, 0, 
3.2, 17.06, 100.33, 73.17, 73.92, , 0.533, 0.986, 208.785, 208.785, 2.315, 14.483, 14.483, 14.483, 52.287, 58.642, 35.729, 35.42, 7.377, 12.73, 0, 0, 1.688, 1.71, 1.688, 1.71, 1, 44.328, 44.328, 0.025, 0.135, 3.826, 3.877, 3.826, 3.877, 4.715, 7.377, 12.73, , , 1, 3.235, 0, 0, 13.6, 2.315, 167, 0, 0, 0, 54, 4.46, 4.454, 123.8, 30.96, 100, 0, 0, 26.665, 26.665, 4, 0.72, 90, 0, 0, 97.335, 44.74, 0, 0, 0, 0, 0, 13.5, 0, 13.6, 0, 2.315, 167, 0, 0, 0, 54, 1, 0.004, 0.004, 123.8, 30.96, 100, 0, 0, 141, 26.665, 26.665, 4, 0.72, 0, 90, 0, 0, 97.335, 44.74, 0, 1, 0, 0, 
3.25, 17.06, 100.33, 73.17, 73.92, , 0.491, 0.986, 212.028, 212.028, 2.316, 13.485, 13.485, 13.485, 52.296, 59.351, 35.471, 35.42, 7.377, 12.747, 0, 0, 1.571, 1.594, 1.571, 1.594, 1, 44.354, 44.354, 0.025, 0.135, 3.562, 3.61, 3.562, 3.61, 4.739, 7.377, 12.747, , , 1, 3.285, 0, 0, 13.6, 2.316, 167, 0, 0, 0, 54, 4.46, 4.438, 123.8, 30.96, 100, 0, 0, 26.762, 26.762, 4, 0.72, 90, 0, 0, 97.238, 44.74, 0, 0, 0, 0, 0, 13.5, 0, 13.6, 0, 2.316, 167, 0, 0, 0, 54, 1, 0.004, 0.004, 123.8, 30.96, 100, 0, 0, 141, 26.762, 26.762, 4, 0.72, 0, 90, 0, 0, 97.238, 44.74, 0, 1, 0, 0, 
3.3, 17.06, 100.33, 73.17, 73.92, , 0.508, 0.986, 215.271, 215.271, 2.317, 13.882, 13.882, 13.882, 52.311, 60.06, 35.214, 35.42, 7.377, 12.76, 0, 0, 1.618, 1.642, 1.618, 1.642, 1, 44.379, 44.379, 0.025, 0.135, 3.665, 3.714, 3.665, 3.714, 4.762, 7.377, 12.76, , , 1, 3.335, 0, 0, 13.6, 2.317, 167, 0, 0, 0, 54, 4.46, 4.423, 123.8, 30.96, 100, 0, 0, 26.858, 26.858, 4, 0.72, 90, 0, 0, 97.142, 44.74, 0, 0, 0, 0, 0, 13.5, 0, 13.6, 0, 2.317, 167, 0, 0, 0, 54, 1, 0.004, 0.004, 123.8, 30.96, 100, 0, 0, 141, 26.858, 26.858, 4, 0.72, 0, 90, 0, 0, 97.142, 44.74, 0, 1, 0, 0, 
3.35, 17.06, 100.33, 73.17, 73.92, , 0.52, 0.986, 218.514, 218.514, 2.318, 14.183, 14.183, 14.183, 52.333, 60.769, 35.074, 35.42, 7.378, 12.768, 0, 0, 1.653, 1.678, 1.653, 1.678, 1, 44.405, 44.405, 0.025, 0.135, 3.742, 3.793, 3.742, 3.793, 4.777, 7.378, 12.768, , , 1, 3.385, 0, 0, 13.6, 2.318, 167, 0, 0, 0, 54, 4.46, 4.407, 123.8, 30.96, 100, 0, 0, 26.954, 26.954, 4, 0.72, 90, 0, 0, 97.046, 44.74, 0, 0, 0, 0, 0, 13.5, 0, 13.6, 0, 2.318, 167, 0, 0, 0, 54, 1, 0.004, 0.004, 123.8, 30.96, 100, 0, 0, 141, 26.954, 26.954, 4, 0.72, 0, 90, 0, 0, 97.046, 44.74, 0, 1, 0, 0, 
3.4, 17.06, 100.33, 73.17, 73.92, , 0.514, 0.986, 221.757, 221.757, 2.32, 14.035, 14.035, 14.035, 52.358, 61.478, 35.111, 35.42, 7.378, 12.772, 0, 0, 1.638, 1.66, 1.638, 1.66, 1, 44.431, 44.431, 0.025, 0.135, 3.701, 3.753, 3.701, 3.753, 4.791, 7.378, 12.772, , , 1, 3.435, 0, 0, 13.6, 2.32, 167, 0, 0, 0, 54, 4.46, 4.4, 123.8, 30.923, 100, 0, 0, 27, 27, 4, 0.72, 90, 0, 0, 97, 44.74, 0, 0, 0, 0, 0, 13.5, 0, 13.6, 0, 2.32, 167, 0, 0, 0, 54, 1, 0.004, 0.004, 123.8, 30.923, 100, 0, 0, 141, 27, 27, 4, 0.72, 0, 90, 0, 0, 97, 44.74, 0, 1, 0, 0, 
3.45, 17.06, 100.33, 73.17, 73.92, , 0.524, 0.986, 225, 225, 2.323, 14.262, 14.262, 14.262, 52.38, 62.186, 35.147, 35.42, 7.379, 12.772, 0, 0, 1.665, 1.689, 1.665, 1.689, 1, 44.457, 44.457, 0.025, 0.135, 3.758, 3.812, 3.758, 3.812, 4.806, 7.379, 12.772, , , 1, 3.485, 0, 0, 13.6, 2.323, 167, 0, 0, 0, 54, 4.46, 4.4, 123.8, 30.851, 100, 0, 0, 27, 27, 4, 0.72, 90, 0, 0, 97, 44.74, 0, 0, 0, 0, 0, 13.5, 0, 13.6, 0, 2.323, 167, 0, 0, 0, 54, 1, 0.004, 0.004, 123.8, 30.851, 100, 0, 0, 141, 27, 27, 4, 0.72, 0, 90, 0, 0, 97, 44.74, 0, 1, 0, 0, 
3.5, 17.06, 100.33, 73.17, 73.92, , 0.528, 0.986, 228.268, 228.268, 2.326, 14.365, 14.365, 14.365, 52.391, 62.895, 35.183, 35.42, 7.379, 12.769, 0, 0, 1.678, 1.702, 1.678, 1.702, 1, 44.483, 44.483, 0.025, 0.135, 3.784, 3.839, 3.784, 3.839, 4.821, 7.379, 12.769, , , 1, 3.535, 0, 0, 13.6, 2.326, 167, 0, 0, 0, 54, 4.46, 4.4, 123.8, 30.779, 100, 0, 0, 27, 27, 4, 0.72, 90, 0, 0, 97, 44.74, 0, 0, 0, 0, 0, 13.5, 0, 13.6, 0, 2.326, 167, 0, 0, 0, 54, 1, 0.004, 0.004, 123.8, 30.779, 100, 0, 0, 141, 27, 27, 4, 0.72, 0, 90, 0, 0, 97, 44.74, 0, 1, 0, 0, 
3.55, 17.06, 100.33, 73.17, 73.92, , 0.52, 0.986, 231.551, 231.551, 2.329, 14.18, 14.18, 14.18, 52.388, 63.604, 35.219, 35.42, 7.38, 12.76, 0, 0, 1.657, 1.682, 1.657, 1.682, 1, 44.509, 44.509, 0.025, 0.135, 3.736, 3.79, 3.736, 3.79, 4.815, 7.38, 12.76, , , 1, 3.585, 0, 0, 13.6, 2.329, 167, 0, 0, 0, 54, 4.46, 4.4, 123.8, 30.707, 100, 0, 0, 27, 27, 4, 0.72, 90, 0, 0, 97, 44.74, 0, 0, 0, 0, 0, 13.5, 0, 13.6, 0, 2.329, 167, 0, 0, 0, 54, 1, 0.004, 0.004, 123.8, 30.707, 100, 0, 0, 141, 27, 27, 4, 0.72, 0, 90, 0, 0, 97, 44.74, 0, 1, 0, 0, 
3.6, 17.06, 100.33, 73.17, 73.92, , 0.458, 0.986, 234.794, 234.794, 2.332, 12.701, 12.701, 12.701, 52.378, 64.313, 35.225, 35.556, 7.38, 12.749, 0, 0, 1.485, 1.508, 1.485, 1.508, 1, 44.534, 44.534, 0.025, 0.135, 3.345, 3.396, 3.345, 3.396, 4.807, 7.38, 12.749, , , 1, 3.635, 0, 0, 13.6, 2.332, 167, 0, 0, 0, 54, 4.46, 4.4, 123.8, 30.635, 100, 0, 0, 27, 27, 4, 0.72, 90, 0, 0, 97, 44.74, 0, 0, 0, 0, 0, 13.5, 0, 13.6, 0, 2.332, 167, 0, 0, 0, 54, 1, 0.004, 0.004, 123.8, 30.635, 100, 0, 0, 141, 27, 27, 4, 0.72, 0, 90, 0, 0, 97, 44.74, 0, 1, 0, 0, 
3.65, 17.06, 100.33, 73.17, 73.92, , 0.42, 0.986, 238.037, 238.037, 2.333, 11.812, 11.812, 11.812, 52.361, 65.022, 35.189, 35.88, 7.379, 12.737, 0, 0, 1.382, 1.403, 1.382, 1.403, 1, 44.557, 44.557, 0.025, 0.136, 3.112, 3.159, 3.112, 3.159, 4.799, 7.379, 12.737, , , 1, 3.685, 0, 0, 13.6, 2.333, 167, 0, 0, 0, 54, 4.454, 4.394, 123.8, 30.581, 100, 0, 0, 27, 27, 4, 0.72, 90, 0, 0, 97, 44.772, 0, 0, 0, 0, 0, 13.5, 0, 13.6, 0, 2.333, 167, 0, 0, 0, 54, 1, 0.004, 0.004, 123.8, 30.581, 100, 0, 0, 141, 27, 27, 4, 0.72, 0, 90, 0, 0, 97, 44.772, 0, 1, 0, 0, 
3.7, 17.06, 100.33, 73.17, 73.92, , 0.378, 0.986, 241.291, 241.291, 2.334, 10.818, 10.818, 10.818, 52.345, 65.731, 35.153, 36.204, 7.379, 12.722, 0, 0, 1.267, 1.286, 1.267, 1.286, 1, 44.576, 44.576, 0.025, 0.136, 2.852, 2.893, 2.852, 2.893, 4.791, 7.379, 12.722, , , 1, 3.735, 0, 0, 13.6, 2.334, 167, 0, 0, 0, 54, 4.442, 4.382, 123.8, 30.544, 100, 0, 0, 27, 27, 4, 0.72, 90, 0, 0, 97, 44.834, 0, 0, 0, 0, 0, 13.5, 0, 13.6, 0, 2.334, 167, 0, 0, 0, 54, 1, 0.004, 0.004, 123.8, 30.544, 100, 0, 0, 141, 27, 27, 4, 0.72, 0, 90, 0, 0, 97, 44.834, 0, 1, 0, 0, 
3.75, 17.06, 100.33, 73.17, 73.92, , 0.29, 0.986, 244.58, 244.58, 2.335, 8.733, 8.733, 8.733, 52.338, 66.44, 35.117, 36.528, 7.378, 12.703, 0, 0, 1.024, 1.039, 1.024, 1.039, 1, 44.592, 44.592, 0.025, 0.136, 2.304, 2.335, 2.304, 2.335, 4.774, 7.378, 12.703, , , 1, 3.785, 0, 0, 13.6, 2.335, 167, 0, 0, 0, 54, 4.43, 4.37, 123.8, 30.507, 100, 0, 0, 27, 27, 4, 0.72, 90, 0, 0, 97, 44.896, 0, 0, 0, 0, 0, 13.5, 0, 13.6, 0, 2.335, 167, 0, 0, 0, 54, 1, 0.004, 0.004, 123.8, 30.507, 100, 0, 0, 141, 27, 27, 4, 0.72, 0, 90, 0, 0, 97, 44.896, 0, 1, 0, 0, 
3.8, 17.06, 100.33, 73.17, 73.92, , 0.265, 0.986, 247.831, 247.831, 2.336, 8.134, 8.134, 8.134, 52.341, 67.148, 35.081, 36.852, 7.378, 12.685, 0, 0, 0.954, 0.968, 0.954, 0.968, 1, 44.606, 44.606, 0.025, 0.136, 2.145, 2.174, 2.145, 2.174, 4.755, 7.378, 12.685, , , 1, 3.835, 0, 0, 13.6, 2.336, 167, 0, 0, 0, 54, 4.418, 4.358, 123.8, 30.47, 100, 0, 0, 27, 27, 4, 0.72, 90, 0, 0, 97, 44.958, 0, 0, 0, 0, 0, 13.5, 0, 13.6, 0, 2.336, 167, 0, 0, 0, 54, 1, 0.004, 0.004, 123.8, 30.47, 100, 0, 0, 141, 27, 27, 4, 0.72, 0, 90, 0, 0, 97, 44.958, 0, 1, 0, 0, 
3.85, 17.06, 100.33, 73.17, 73.92, , 0.244, 0.986, 251.092, 251.092, 2.337, 7.647, 7.647, 7.647, 52.354, 67.857, 35.046, 36.882, 7.377, 12.667, 0, 0, 0.898, 0.909, 0.898, 0.909, 1, 44.62, 44.62, 0.025, 0.136, 2.016, 2.042, 2.016, 2.042, 4.736, 7.377, 12.667, , , 1, 3.885, 0, 0, 13.6, 2.337, 167, 0, 0, 0, 54, 4.406, 4.346, 123.8, 30.433, 100, 0, 0, 27, 27, 4, 0.72, 90, 0, 0, 97, 45.02, 0, 0, 0, 0, 0, 13.5, 0, 13.6, 0, 2.337, 167, 0, 0, 0, 54, 1, 0.004, 0.004, 123.8, 30.433, 100, 0, 0, 141, 27, 27, 4, 0.72, 0, 90, 0, 0, 97, 45.02, 0, 1, 0, 0, 
3.9, 17.06, 100.33, 73.17, 73.92, , 0.209, 0.986, 254.38, 254.38, 2.337, 6.811, 6.811, 6.811, 52.369, 68.566, 35.011, 36.505, 7.377, 12.651, 0, 0, 0.801, 0.809, 0.801, 0.809, 1, 44.631, 44.631, 0.025, 0.136, 1.796, 1.817, 1.796, 1.817, 4.717, 7.377, 12.651, , , 1, 3.936, 0, 0, 13.6, 2.337, 167, 0, 0, 0, 54, 4.4, 4.34, 123.8, 30.435, 100, 0, 0, 27, 27, 4, 0.72, 90, 0, 0, 97, 45.084, 0, 0, 0, 0, 0, 13.5, 0, 13.6, 0, 2.337, 167, 0, 0, 0, 54, 1, 0.004, 0.004, 123.8, 30.435, 100, 0, 0, 141, 27, 27, 4, 0.72, 0, 90, 0, 0, 97, 45.084, 0, 1, 0, 0, 
3.95, 17.06, 100.33, 73.17, 73.92, , 0.169, 0.986, 257.669, 257.669, 2.338, 5.86, 5.86, 5.86, 52.384, 69.275, 34.977, 36.129, 7.377, 12.643, 0, 0, 0.689, 0.697, 0.689, 0.697, 1, 44.639, 44.639, 0.025, 0.136, 1.544, 1.562, 1.544, 1.562, 4.701, 7.377, 12.643, , , 1, 3.985, 0, 0, 13.6, 2.338, 167, 0, 0, 0, 54, 4.4, 4.34, 123.8, 30.474, 100, 0, 0, 27, 27, 4, 0.72, 90, 0, 0, 97, 45.148, 0, 0, 0, 0, 0, 13.5, 0, 13.6, 0, 2.338, 167, 0, 0, 0, 54, 1, 0.004, 0.004, 123.8, 30.474, 100, 0, 0, 141, 27, 27, 4, 0.72, 0, 90, 0, 0, 97, 45.148, 0, 1, 0, 0, 
4, 17.06, 100.33, 73.17, 73.92, , 0.158, 0.986, 260.933, 260.933, 2.339, 5.604, 5.604, 5.604, 52.389, 69.984, 34.943, 35.753, 7.377, 12.638, 0, 0, 0.659, 0.667, 0.659, 0.667, 1, 44.646, 44.646, 0.025, 0.136, 1.476, 1.495, 1.476, 1.495, 4.684, 7.377, 12.638, , , 1, 4.036, 0, 0, 13.6, 2.339, 167, 0, 0, 0, 54, 4.4, 4.34, 123.8, 30.512, 100, 0, 0, 27, 27, 4, 0.72, 90, 0, 0, 97, 45.213, 0, 0, 0, 0, 0, 13.5, 0, 13.6, 0, 2.339, 167, 0, 0, 0, 54, 1, 0.004, 0.004, 123.8, 30.513, 100, 0, 0, 141, 27, 27, 4, 0.72, 0, 90, 0, 0, 97, 45.213, 0, 1, 0, 0, 
4.05, 17.06, 100.33, 73.17, 73.92, , 0.173, 0.986, 264.181, 264.181, 2.34, 5.958, 5.958, 5.958, 52.381, 70.693, 34.909, 35.376, 7.378, 12.647, 0, 0, 0.701, 0.708, 0.701, 0.708, 1, 44.655, 44.655, 0.025, 0.136, 1.57, 1.59, 1.57, 1.59, 4.668, 7.378, 12.647, , , 1, 4.085, 0, 0, 13.6, 2.34, 167, 0, 0, 0, 54, 4.4, 4.34, 123.8, 30.551, 100, 0, 0, 27, 27, 4, 0.72, 90, 0, 0, 97, 45.277, 0, 0, 0, 0, 0, 13.5, 0, 13.6, 0, 2.34, 167, 0, 0, 0, 54, 1, 0.004, 0.004, 123.8, 30.551, 100, 0, 0, 141, 27, 27, 4, 0.72, 0, 90, 0, 0, 97, 45.277, 0, 1, 0, 0, 
4.1, 17.06, 100.33, 73.17, 73.92, , 0.193, 0.986, 267.469, 267.469, 2.341, 6.433, 6.433, 6.433, 52.365, 71.401, 34.892, 35.072, 7.378, 12.658, 0, 0, 0.757, 0.766, 0.757, 0.766, 1, 44.664, 44.664, 0.025, 0.135, 1.697, 1.719, 1.697, 1.719, 4.652, 7.378, 12.658, , , 1, 4.136, 0, 0, 13.6, 2.341, 167, 0, 0, 0, 54, 4.4, 4.34, 123.8, 30.589, 100, 0, 0, 27, 27, 4, 0.72, 90, 0, 0, 97, 45.342, 0, 0, 0, 0, 0, 13.5, 0, 13.6, 0, 2.341, 167, 0, 0, 0, 54, 1, 0.004, 0.004, 123.8, 30.59, 100, 0, 0, 141, 27, 27, 4, 0.72, 0, 90, 0, 0, 97, 45.342, 0, 1, 0, 0, 
4.15, 17.06, 100.33, 73.17, 73.92, , 0.211, 0.986, 270.758, 270.758, 2.342, 6.842, 6.842, 6.842, 52.339, 72.11, 34.968, 35.148, 7.379, 12.679, 0, 0, 0.805, 0.816, 0.805, 0.816, 1, 44.675, 44.675, 0.025, 0.135, 1.806, 1.829, 1.806, 1.829, 4.663, 7.379, 12.679, , , 1, 4.185, 0, 0, 13.6, 2.342, 167, 0, 0, 0, 54, 4.409, 4.344, 123.8, 30.599, 100, 0, 0, 27.072, 27.072, 4, 0.72, 90, 0, 0, 97, 45.36, 0, 0, 0, 0, 0, 13.5, 0, 13.6, 0, 2.342, 167, 0, 0, 0, 54, 1, 0.004, 0.004, 123.8, 30.599, 100, 0, 0, 141, 27.072, 27.072, 4, 0.72, 0, 90, 0, 0, 97, 45.36, 0, 1, 0, 0, 
4.2, 17.06, 100.33, 73.17, 73.92, , 0.23, 0.986, 274.034, 274.034, 2.342, 7.293, 7.293, 7.293, 52.331, 72.819, 35.044, 35.224, 7.379, 12.698, 0, 0, 0.857, 0.87, 0.857, 0.87, 1, 44.687, 44.687, 0.025, 0.135, 1.925, 1.951, 1.925, 1.951, 4.678, 7.379, 12.698, , , 1, 4.236, 0, 0, 13.6, 2.342, 167, 0, 0, 0, 54, 4.421, 4.35, 123.8, 30.598, 100, 0, 0, 27.172, 27.172, 4, 0.72, 90, 0, 0, 97, 45.36, 0, 0, 0, 0, 0, 13.5, 0, 13.6, 0, 2.342, 167, 0, 0, 0, 54, 1, 0.004, 0.004, 123.8, 30.598, 100, 0, 0, 141, 27.172, 27.172, 4, 0.72, 0, 90, 0, 0, 97, 45.36, 0, 1, 0, 0, 
4.25, 17.06, 100.33, 73.17, 73.92, , 0.257, 0.986, 277.277, 277.277, 2.343, 7.949, 7.949, 7.949, 52.338, 73.528, 35.12, 35.3, 7.381, 12.712, 0, 0, 0.934, 0.948, 0.934, 0.948, 1, 44.7, 44.7, 0.025, 0.135, 2.099, 2.126, 2.099, 2.126, 4.693, 7.381, 12.712, , , 1, 4.285, 0, 0, 13.6, 2.343, 167, 0, 0, 0, 54, 4.433, 4.356, 123.8, 30.597, 100, 0, 0, 27.272, 27.272, 4, 0.72, 90, 0, 0, 97, 45.36, 0, 0, 0, 0, 0, 13.5, 0, 13.6, 0, 2.343, 167, 0, 0, 0, 54, 1, 0.004, 0.004, 123.8, 30.597, 100, 0, 0, 141, 27.272, 27.272, 4, 0.72, 0, 90, 0, 0, 97, 45.36, 0, 1, 0, 0, 
4.3, 17.06, 100.33, 73.17, 73.92, , 0.281, 0.986, 280.558, 280.558, 2.344, 8.515, 8.515, 8.515, 52.36, 74.237, 35.196, 35.376, 7.382, 12.724, 0, 0, 1.001, 1.016, 1.001, 1.016, 1, 44.714, 44.714, 0.025, 0.135, 2.247, 2.276, 2.247, 2.276, 4.708, 7.382, 12.724, , , 1, 4.335, 0, 0, 13.6, 2.344, 167, 0, 0, 0, 54, 4.445, 4.362, 123.8, 30.596, 100, 0, 0, 27.372, 27.372, 4, 0.72, 90, 0, 0, 97, 45.36, 0, 0, 0, 0, 0, 13.5, 0, 13.6, 0, 2.344, 167, 0, 0, 0, 54, 1, 0.004, 0.004, 123.8, 30.596, 100, 0, 0, 141, 27.372, 27.372, 4, 0.72, 0, 90, 0, 0, 97, 45.36, 0, 1, 0, 0, 
4.35, 17.06, 100.33, 73.17, 73.92, , 0.296, 0.986, 283.847, 283.847, 2.344, 8.87, 8.87, 8.87, 52.404, 74.946, 35.24, 35.617, 7.382, 12.724, 0, 0, 1.044, 1.059, 1.044, 1.059, 1, 44.728, 44.728, 0.025, 0.134, 2.339, 2.369, 2.339, 2.369, 4.725, 7.382, 12.724, , , 1, 4.385, 0, 0, 13.6, 2.344, 167, 0, 0, 0, 54, 4.457, 4.368, 123.8, 30.595, 100, 0, 0, 27.472, 27.472, 4, 0.72, 90, 0, 0, 97, 45.36, 0, 0, 0, 0, 0, 13.5, 0, 13.6, 0, 2.344, 167, 0, 0, 0, 54, 1, 0.004, 0.004, 123.8, 30.595, 100, 0, 0, 141, 27.472, 27.472, 4, 0.72, 0, 90, 0, 0, 97, 45.36, 0, 1, 0, 0, 
4.4, 17.06, 100.33, 73.17, 73.92, , 0.299, 0.986, 287.137, 287.137, 2.346, 8.939, 8.939, 8.939, 52.446, 75.655, 35.24, 36.085, 7.382, 12.723, 0, 0, 1.052, 1.067, 1.052, 1.067, 1, 44.742, 44.742, 0.025, 0.134, 2.355, 2.385, 2.355, 2.385, 4.744, 7.382, 12.723, , , 1, 4.434, 0, 0, 13.6, 2.346, 167, 0, 0, 0, 54, 4.46, 4.37, 123.8, 30.564, 100, 0, 0, 27.5, 27.5, 4, 0.72, 90, 0, 0, 97, 45.36, 0, 0, 0, 0, 0, 13.5, 0, 13.6, 0, 2.346, 167, 0, 0, 0, 54, 1, 0.004, 0.004, 123.8, 30.564, 100, 0, 0, 141, 27.5, 27.5, 4, 0.72, 0, 90, 0, 0, 97, 45.36, 0, 1, 0, 0, 
4.45, 17.06, 100.33, 73.17, 73.92, , 0.26, 0.986, 290.381, 290.381, 2.347, 8.016, 8.016, 8.016, 52.483, 76.363, 35.24, 36.553, 7.382, 12.711, 0, 0, 0.944, 0.957, 0.944, 0.957, 1, 44.756, 44.756, 0.024, 0.134, 2.112, 2.138, 2.112, 2.138, 4.763, 7.382, 12.711, , , 1, 4.485, 0, 0, 13.6, 2.347, 167, 0, 0, 0, 54, 4.46, 4.37, 123.8, 30.521, 100, 0, 0, 27.5, 27.5, 4, 0.72, 90, 0, 0, 97, 45.36, 0, 0, 0, 0, 0, 13.5, 0, 13.6, 0, 2.347, 167, 0, 0, 0, 54, 1, 0.004, 0.004, 123.8, 30.521, 100, 0, 0, 141, 27.5, 27.5, 4, 0.72, 0, 90, 0, 0, 97, 45.36, 0, 1, 0, 0, 
4.5, 17.06, 100.33, 73.17, 73.92, , 0.256, 0.986, 293.649, 293.649, 2.349, 7.918, 7.918, 7.918, 52.502, 77.072, 35.24, 37.021, 7.382, 12.699, 0, 0, 0.932, 0.945, 0.932, 0.945, 1, 44.768, 44.768, 0.024, 0.134, 2.086, 2.112, 2.086, 2.112, 4.782, 7.382, 12.699, , , 1, 4.535, 0, 0, 13.6, 2.349, 167, 0, 0, 0, 54, 4.46, 4.37, 123.8, 30.478, 100, 0, 0, 27.5, 27.5, 4, 0.72, 90, 0, 0, 97, 45.36, 0, 0, 0, 0, 0, 13.5, 0, 13.6, 0, 2.349, 167, 0, 0, 0, 54, 1, 0.004, 0.004, 123.8, 30.478, 100, 0, 0, 141, 27.5, 27.5, 4, 0.72, 0, 90, 0, 0, 97, 45.36, 0, 1, 0, 0, 
4.55, 17.061, 100.33, 73.17, 73.921, , 0.288, 0.986, 296.938, 296.938, 2.35, 8.676, 8.676, 8.676, 52.498, 77.781, 35.24, 37.489, 7.38, 12.691, 0, 0, 1.022, 1.035, 1.022, 1.035, 1, 44.782, 44.782, 0.024, 0.134, 2.286, 2.314, 2.286, 2.314, 4.793, 7.38, 12.691, , , 1, 4.585, 0, 0, 13.6, 2.35, 167, 0, 0, 0, 54, 4.46, 4.37, 123.8, 30.436, 100, 0, 0, 27.5, 27.5, 4, 0.72, 90, 0, 0, 97, 45.36, 0, 0, 0, 0, 0, 13.5, 0, 13.6, 0, 2.35, 167, 0, 0, 0, 54, 1, 0.004, 0.004, 123.8, 30.436, 100, 0, 0, 141, 27.5, 27.5, 4, 0.72, 0, 90, 0, 0, 97, 45.36, 0, 1, 0, 0, 
4.6, 17.062, 100.33, 73.17, 73.923, , 0.362, 0.986, 300.226, 300.226, 2.351, 10.433, 10.433, 10.433, 52.479, 78.49, 35.225, 37.549, 7.379, 12.684, 0, 0, 1.228, 1.247, 1.228, 1.247, 1, 44.798, 44.798, 0.024, 0.134, 2.749, 2.784, 2.749, 2.784, 4.786, 7.379, 12.684, , , 1, 4.635, 0, 0, 13.6, 2.351, 167, 0, 0, 0, 54, 4.46, 4.373, 123.8, 30.435, 100, 0, 0, 27.5, 27.5, 4, 0.72, 90, 0, 0, 97, 45.36, 0, 0, 0, 0, 0, 13.5, 0, 13.6, 0, 2.351, 167, 0, 0, 0, 54, 1, 0.004, 0.004, 123.8, 30.435, 100, 0, 0, 141, 27.5, 27.5, 4, 0.72, 0, 90, 0, 0, 97, 45.36, 0, 1, 0, 0, 
4.65, 17.063, 100.33, 73.17, 73.924, , 0.398, 0.986, 303.515, 303.515, 2.35, 11.292, 11.292, 11.292, 52.446, 79.199, 35.189, 37.047, 7.379, 12.675, 0, 0, 1.329, 1.349, 1.329, 1.349, 1, 44.817, 44.817, 0.025, 0.135, 2.976, 3.015, 2.976, 3.015, 4.779, 7.379, 12.675, , , 1, 4.685, 0, 0, 13.6, 2.35, 167, 0, 0, 0, 54, 4.46, 4.38, 123.8, 30.474, 100, 0, 0, 27.5, 27.5, 4, 0.72, 90, 0, 0, 97, 45.36, 0, 0, 0, 0, 0, 13.5, 0, 13.6, 0, 2.35, 167, 0, 0, 0, 54, 1, 0.004, 0.004, 123.8, 30.474, 100, 0, 0, 141, 27.5, 27.5, 4, 0.72, 0, 90, 0, 0, 97, 45.36, 0, 1, 0, 0, 
4.7, 17.065, 100.33, 73.17, 73.926, , 0.451, 0.986, 306.804, 306.804, 2.35, 12.545, 12.545, 12.545, 52.426, 79.908, 35.153, 36.545, 7.378, 12.666, 0, 0, 1.478, 1.499, 1.478, 1.499, 1, 44.838, 44.838, 0.025, 0.135, 3.308, 3.352, 3.308, 3.352, 4.772, 7.378, 12.666, , , 1, 4.735, 0, 0, 13.6, 2.35, 167, 0, 0, 0, 54, 4.46, 4.386, 123.8, 30.513, 100, 0, 0, 27.5, 27.5, 4, 0.72, 90, 0, 0, 97, 45.36, 0, 0, 0, 0, 0, 13.5, 0, 13.6, 0, 2.35, 167, 0, 0, 0, 54, 1, 0.004, 0.004, 123.8, 30.513, 100, 0, 0, 141, 27.5, 27.5, 4, 0.72, 0, 90, 0, 0, 97, 45.36, 0, 1, 0, 0, 
4.75, 17.066, 100.33, 73.17, 73.928, , 0.588, 0.986, 310.093, 310.093, 2.35, 15.804, 15.804, 15.804, 52.407, 80.617, 35.117, 36.043, 7.378, 12.651, 0, 0, 1.864, 1.89, 1.864, 1.89, 1, 44.864, 44.864, 0.025, 0.135, 4.165, 4.223, 4.165, 4.223, 4.765, 7.378, 12.651, , , 1, 4.785, 0, 0, 13.6, 2.35, 167, 0, 0, 0, 54, 4.46, 4.392, 123.8, 30.551, 100, 0, 0, 27.5, 27.5, 4, 0.72, 90, 0, 0, 97, 45.36, 0, 0, 0, 0, 0, 13.5, 0, 13.6, 0, 2.35, 167, 0, 0, 0, 54, 1, 0.004, 0.004, 123.8, 30.551, 100, 0, 0, 141, 27.5, 27.5, 4, 0.72, 0, 90, 0, 0, 97, 45.36, 0, 1, 0, 0, 
4.8, 17.067, 100.33, 73.17, 73.929, , 0.599, 0.986, 313.381, 313.381, 2.349, 16.051, 16.051, 16.051, 52.389, 81.325, 35.082, 35.541, 7.378, 12.635, 0, 0, 1.895, 1.921, 1.895, 1.921, 1, 44.894, 44.894, 0.025, 0.136, 4.23, 4.29, 4.23, 4.29, 4.76, 7.378, 12.635, , , 1, 4.835, 0, 0, 13.6, 2.349, 167, 0, 0, 0, 54, 4.46, 4.398, 123.8, 30.59, 100, 0, 0, 27.5, 27.5, 4, 0.72, 90, 0, 0, 97, 45.36, 0, 0, 0, 0, 0, 13.5, 0, 13.6, 0, 2.349, 167, 0, 0, 0, 54, 1, 0.004, 0.004, 123.8, 30.59, 100, 0, 0, 141, 27.5, 27.5, 4, 0.72, 0, 90, 0, 0, 97, 45.36, 0, 1, 0, 0, 
4.85, 17.068, 100.33, 73.17, 73.931, , 0.56, 0.986, 316.67, 316.67, 2.35, 15.139, 15.139, 15.139, 52.382, 82.034, 35.089, 35.254, 7.379, 12.607, 0, 0, 1.789, 1.812, 1.789, 1.812, 1, 44.924, 44.924, 0.025, 0.136, 3.99, 4.048, 3.99, 4.048, 4.755, 7.379, 12.607, , , 1, 4.886, 0, 0, 13.6, 2.35, 167, 0, 0, 0, 54, 4.451, 4.39, 123.8, 30.6, 100, 0, 0, 27.5, 27.5, 4, 0.72, 90, 0, 0, 96.963, 45.36, 0, 0, 0, 0, 0, 13.5, 0, 13.6, 0, 2.35, 167, 0, 0, 0, 54, 1, 0.004, 0.004, 123.8, 30.6, 100, 0, 0, 141, 27.5, 27.5, 4, 0.72, 0, 90, 0, 0, 96.963, 45.36, 0, 1, 0, 0, 
4.9, 17.069, 100.33, 73.17, 73.932, , 0.486, 0.986, 319.959, 319.959, 2.352, 13.389, 13.389, 13.389, 52.377, 82.743, 35.161, 35.291, 7.379, 12.578, 0, 0, 1.585, 1.603, 1.585, 1.603, 1, 44.95, 44.95, 0.025, 0.136, 3.53, 3.582, 3.53, 3.582, 4.75, 7.379, 12.578, , , 1, 4.935, 0, 0, 13.6, 2.352, 167, 0, 0, 0, 54, 4.439, 4.375, 123.8, 30.6, 100, 0, 0, 27.5, 27.5, 4, 0.72, 90, 0, 0, 96.911, 45.36, 0, 0, 0, 0, 0, 13.5, 0, 13.6, 0, 2.352, 167, 0, 0, 0, 54, 1, 0.004, 0.004, 123.8, 30.6, 100, 0, 0, 141, 27.5, 27.5, 4, 0.72, 0, 90, 0, 0, 96.911, 45.36, 0, 1, 0, 0, 
4.95, 17.07, 100.33, 73.17, 73.934, , 0.442, 0.986, 323.247, 323.247, 2.354, 12.349, 12.349, 12.349, 52.373, 83.452, 35.233, 35.327, 7.38, 12.55, 0, 0, 1.462, 1.479, 1.462, 1.479, 1, 44.974, 44.974, 0.025, 0.137, 3.255, 3.304, 3.255, 3.304, 4.75, 7.38, 12.55, , , 1, 4.986, 0, 0, 13.6, 2.354, 167, 0, 0, 0, 54, 4.426, 4.36, 123.8, 30.6, 100, 0, 0, 27.5, 27.5, 4, 0.72, 90, 0, 0, 96.859, 45.36, 0, 0, 0, 0, 0, 13.5, 0, 13.6, 0, 2.354, 167, 0, 0, 0, 54, 1, 0.004, 0.004, 123.8, 30.6, 100, 0, 0, 141, 27.5, 27.5, 4, 0.72, 0, 90, 0, 0, 96.859, 45.36, 0, 1, 0, 0, 
5, 17.071, 100.33, 73.17, 73.935, , 0.312, 0.986, 326.536, 326.536, 2.355, 9.257, 9.257, 9.257, 52.366, 84.161, 35.306, 35.363, 7.38, 12.521, 0, 0, 1.096, 1.109, 1.096, 1.109, 1, 44.995, 44.995, 0.025, 0.136, 2.44, 2.476, 2.44, 2.476, 4.759, 7.38, 12.521, , , 1, 5.036, 0, 0, 13.6, 2.355, 167, 0, 0, 0, 54, 4.414, 4.346, 123.8, 30.6, 100, 0, 0, 27.5, 27.5, 4, 0.72, 90, 0, 0, 96.807, 45.36, 0, 0, 0, 0, 0, 13.5, 0, 13.6, 0, 2.355, 167, 0, 0, 0, 54, 1, 0.004, 0.004, 123.8, 30.6, 100, 0, 0, 141, 27.5, 27.5, 4, 0.72, 0, 90, 0, 0, 96.807, 45.36, 0, 1, 0, 0, 
5.05, 17.073, 100.33, 73.17, 73.937, , 0.151, 0.986, 329.824, 329.824, 2.357, 5.427, 5.427, 5.427, 52.368, 84.87, 35.378, 35.399, 7.38, 12.503, 0, 0, 0.642, 0.649, 0.642, 0.649, 1, 45.004, 45.004, 0.025, 0.136, 1.432, 1.451, 1.432, 1.451, 4.769, 7.38, 12.503, , , 1, 5.085, 0, 0, 13.6, 2.357, 167, 0, 0, 0, 54, 4.401, 4.331, 123.8, 30.6, 100, 0, 0, 27.5, 27.5, 4, 0.72, 90, 0, 0, 96.755, 45.36, 0, 0, 0, 0, 0, 13.5, 0, 13.6, 0, 2.357, 167, 0, 0, 0, 54, 1, 0.004, 0.004, 123.8, 30.6, 100, 0, 0, 141, 27.5, 27.5, 4, 0.72, 0, 90, 0, 0, 96.755, 45.36, 0, 1, 0, 0, 
5.1, 17.074, 100.33, 73.17, 73.938, , 0.11, 0.986, 333.113, 333.113, 2.357, 4.466, 4.466, 4.466, 52.37, 85.578, 35.36, 35.39, 7.379, 12.485, 0, 0, 0.527, 0.535, 0.527, 0.535, 1, 45.01, 45.01, 0.025, 0.136, 1.178, 1.194, 1.178, 1.194, 4.779, 7.379, 12.485, , , 1, 5.135, 0, 0, 13.6, 2.357, 167, 0, 0, 0, 54, 4.406, 4.323, 123.8, 30.6, 100, 0, 0, 27.5, 27.5, 4, 0.72, 90, 0, 0, 96.703, 45.36, 0, 0, 0, 0, 0, 13.5, 0, 13.6, 0, 2.357, 167, 0, 0, 0, 54, 1, 0.004, 0.004, 123.8, 30.6, 100, 0, 0, 141, 27.5, 27.5, 4, 0.72, 0, 90, 0, 0, 96.703, 45.36, 0, 1, 0, 0, 
5.15, 17.075, 100.33, 73.17, 73.94, , 0.093, 0.986, 336.401, 336.401, 2.357, 4.049, 4.049, 4.049, 52.37, 86.287, 35.216, 35.318, 7.379, 12.483, 0, 0, 0.477, 0.486, 0.477, 0.486, 1, 45.015, 45.015, 0.025, 0.136, 1.069, 1.083, 1.069, 1.083, 4.784, 7.379, 12.483, , , 1, 5.185, 0, 0, 13.6, 2.357, 167, 0, 0, 0, 54, 4.412, 4.316, 123.8, 30.6, 100, 0, 0, 27.5, 27.5, 4, 0.72, 90, 0, 0, 96.651, 45.36, 0, 0, 0, 0, 0, 13.5, 0, 13.6, 0, 2.357, 167, 0, 0, 0, 54, 1, 0.004, 0.004, 123.8, 30.6, 100, 0, 0, 141, 27.5, 27.5, 4, 0.72, 0, 90, 0, 0, 96.651, 45.36, 0, 1, 0, 0, 
5.2, 17.076, 100.33, 73.17, 73.941, , 0.075, 0.986, 339.69, 339.69, 2.357, 3.637, 3.637, 3.637, 52.368, 86.996, 35.072, 35.246, 7.378, 12.481, 0, 0, 0.428, 0.438, 0.428, 0.438, 1, 45.019, 45.019, 0.025, 0.136, 0.962, 0.974, 0.962, 0.974, 4.778, 7.378, 12.481, , , 1, 5.235, 0, 0, 13.6, 2.357, 167, 0, 0, 0, 54, 4.418, 4.309, 123.8, 30.6, 100, 0, 0, 27.5, 27.5, 4, 0.72, 90, 0, 0, 96.598, 45.36, 0, 0, 0, 0, 0, 13.5, 0, 13.6, 0, 2.357, 167, 0, 0, 0, 54, 1, 0.004, 0.004, 123.8, 30.6, 100, 0, 0, 141, 27.5, 27.5, 4, 0.72, 0, 90, 0, 0, 96.598, 45.36, 0, 1, 0, 0, 
5.25, 17.077, 100.33, 73.17, 73.943, , 0.044, 0.986, 342.979, 342.979, 2.357, 2.901, 2.901, 2.901, 52.365, 87.705, 34.928, 35.174, 7.378, 12.487, 0, 0, 0.342, 0.35, 0.342, 0.35, 1, 45.021, 45.021, 0.025, 0.136, 0.768, 0.778, 0.768, 0.778, 4.771, 7.378, 12.487, , , 1, 5.285, 0, 0, 13.6, 2.357, 167, 0, 0, 0, 54, 4.424, 4.301, 123.8, 30.6, 100, 0, 0, 27.5, 27.5, 4, 0.72, 90, 0, 0, 96.546, 45.36, 0, 0, 0, 0, 0, 13.5, 0, 13.6, 0, 2.357, 167, 0, 0, 0, 54, 1, 0.004, 0.004, 123.8, 30.6, 100, 0, 0, 141, 27.5, 27.5, 4, 0.72, 0, 90, 0, 0, 96.546, 45.36, 0, 1, 0, 0, 
5.3, 17.078, 100.33, 73.17, 73.944, , 0.163, 0.986, 346.311, 346.311, 2.358, 5.711, 5.711, 5.711, 52.361, 88.414, 34.784, 35.102, 7.378, 12.493, 0, 0, 0.675, 0.688, 0.675, 0.688, 1, 45.025, 45.025, 0.025, 0.136, 1.508, 1.531, 1.508, 1.531, 4.764, 7.378, 12.493, , , 1, 5.335, 0, 0, 13.6, 2.358, 167, 0, 0, 0, 54, 4.43, 4.296, 123.8, 30.595, 100, 0, 0, 27.5, 27.5, 4, 0.72, 90, 0, 0, 96.5, 45.36, 0, 0, 0, 0, 0, 13.5, 0, 13.6, 0, 2.358, 167, 0, 0, 0, 54, 1, 0.004, 0.004, 123.8, 30.595, 100, 0, 0, 141, 27.5, 27.5, 4, 0.72, 0, 90, 0, 0, 96.5, 45.36, 0, 1, 0, 0, 
5.35, 17.079, 100.33, 73.17, 73.946, , 0.216, 0.986, 349.622, 349.622, 2.359, 6.972, 6.972, 6.972, 52.356, 87.193, 34.67, 35.09, 7.379, 12.498, 0, 0, 0.825, 0.839, 0.825, 0.839, 1, 45.038, 45.038, 0.025, 0.136, 1.84, 1.869, 1.84, 1.869, 4.756, 7.379, 12.498, , , 1, 5.385, 0, 0, 13.6, 2.359, 167, 0, 0, 0, 54, 4.43, 4.302, 123.8, 30.556, 100, 0, 0, 27.5, 27.5, 4, 0.72, 90, 0, 0, 96.5, 45.36, 0, 0, 0, 0, 0, 13.5, 0, 13.6, 0, 2.359, 167, 0, 0, 0, 54, 1, 0.004, 0.004, 123.8, 30.556, 100, 0, 0, 141, 27.5, 27.5, 4, 0.72, 0, 90, 0, 0, 96.5, 45.36, 0, 1, 0, 0, 
5.4, 17.081, 100.33, 73.17, 73.947, , 0.199, 0.986, 352.911, 352.911, 2.361, 6.561, 6.561, 6.561, 52.366, 81.469, 34.598, 35.162, 7.379, 12.503, 0, 0, 0.777, 0.789, 0.777, 0.789, 1, 45.047, 45.047, 0.025, 0.136, 1.731, 1.759, 1.731, 1.759, 4.746, 7.379, 12.503, , , 1, 5.435, 0, 0, 13.6, 2.361, 167, 0, 0, 0, 54, 4.43, 4.308, 123.8, 30.518, 100, 0, 0, 27.5, 27.5, 4, 0.72, 90, 0, 0, 96.5, 45.36, 0, 0, 0, 0, 0, 13.5, 0, 13.6, 0, 2.361, 167, 0, 0, 0, 54, 1, 0.004, 0.004, 123.8, 30.518, 100, 0, 0, 141, 27.5, 27.5, 4, 0.72, 0, 90, 0, 0, 96.5, 45.36, 0, 1, 0, 0, 
5.45, 17.082, 100.33, 73.17, 73.949, , 0.197, 0.986, 356.2, 356.2, 2.362, 6.519, 6.519, 6.519, 52.389, 75.744, 34.526, 35.234, 7.38, 12.501, 0, 0, 0.774, 0.784, 0.774, 0.784, 1, 45.057, 45.057, 0.025, 0.135, 1.719, 1.746, 1.719, 1.746, 4.735, 7.38, 12.501, , , 1, 5.485, 0, 0, 13.6, 2.362, 167, 0, 0, 0, 54, 4.43, 4.315, 123.8, 30.479, 100, 0, 0, 27.5, 27.5, 4, 0.72, 90, 0, 0, 96.5, 45.36, 0, 0, 0, 0, 0, 13.5, 0, 13.6, 0, 2.362, 167, 0, 0, 0, 54, 1, 0.004, 0.004, 123.8, 30.479, 100, 0, 0, 141, 27.5, 27.5, 4, 0.72, 0, 90, 0, 0, 96.5, 45.36, 0, 1, 0, 0, 
5.5, 17.083, 100.33, 73.17, 73.95, , 0.196, 0.986, 359.488, 359.488, 2.364, 6.494, 6.494, 6.494, 52.424, 70.02, 34.454, 35.306, 7.38, 12.498, 0, 0, 0.771, 0.78, 0.771, 0.78, 1, 45.067, 45.067, 0.025, 0.135, 1.711, 1.738, 1.711, 1.738, 4.725, 7.38, 12.498, , , 1, 5.535, 0, 0, 13.6, 2.364, 167, 0, 0, 0, 54, 4.43, 4.321, 123.8, 30.44, 100, 0, 0, 27.5, 27.5, 4, 0.72, 90, 0, 0, 96.5, 45.36, 0, 0, 0, 0, 0, 13.5, 0, 13.6, 0, 2.364, 167, 0, 0, 0, 54, 1, 0.004, 0.004, 123.8, 30.44, 100, 0, 0, 141, 27.5, 27.5, 4, 0.72, 0, 90, 0, 0, 96.5, 45.36, 0, 1, 0, 0, 
5.55, 17.084, 100.33, 73.17, 73.952, , 0.185, 0.986, 362.789, 362.789, 2.365, 6.251, 6.251, 6.251, 52.468, 64.296, 34.382, 35.378, 7.38, 12.493, 0, 0, 0.743, 0.75, 0.743, 0.75, 1, 45.078, 45.078, 0.025, 0.135, 1.646, 1.67, 1.646, 1.67, 4.714, 7.38, 12.493, , , 1, 5.585, 0, 0, 13.6, 2.365, 167, 0, 0, 0, 54, 4.428, 4.329, 123.8, 30.415, 100, 0, 0, 27.518, 27.518, 4, 0.72, 90, 0, 0, 96.5, 45.36, 0, 0, 0, 0, 0, 13.5, 0, 13.6, 0, 2.365, 167, 0, 0, 0, 54, 1, 0.004, 0.004, 123.8, 30.415, 100, 0, 0, 141, 27.518, 27.518, 4, 0.72, 0, 90, 0, 0, 96.5, 45.36, 0, 1, 0, 0, 
5.6, 17.085, 100.33, 73.17, 73.953, , 0.148, 0.986, 366.125, 366.125, 2.366, 5.362, 5.362, 5.362, 52.503, 58.572, 34.416, 35.435, 7.379, 12.488, 0, 0, 0.637, 0.642, 0.637, 0.642, 1, 45.086, 45.086, 0.025, 0.135, 1.41, 1.431, 1.41, 1.431, 4.722, 7.379, 12.488, , , 1, 5.635, 0, 0, 13.6, 2.366, 167, 0, 0, 0, 54, 4.421, 4.342, 123.8, 30.415, 100, 0, 0, 27.575, 27.575, 4, 0.72, 90, 0, 0, 96.5, 45.36, 0, 0, 0, 0, 0, 13.5, 0, 13.6, 0, 2.366, 167, 0, 0, 0, 54, 1, 0.004, 0.004, 123.8, 30.415, 100, 0, 0, 141, 27.575, 27.575, 4, 0.72, 0, 90, 0, 0, 96.5, 45.36, 0, 1, 0, 0, 
5.65, 17.086, 100.33, 73.17, 73.955, , 0.175, 0.986, 369.42, 369.42, 2.367, 6.002, 6.002, 6.002, 52.527, 52.847, 34.596, 35.471, 7.379, 12.491, 0, 0, 0.713, 0.72, 0.713, 0.72, 1, 45.094, 45.094, 0.025, 0.136, 1.579, 1.602, 1.579, 1.602, 4.731, 7.379, 12.491, , , 1, 5.685, 0, 0, 13.6, 2.367, 167, 0, 0, 0, 54, 4.414, 4.354, 123.8, 30.415, 100, 0, 0, 27.632, 27.632, 4, 0.72, 90, 0, 0, 96.5, 45.36, 0, 0, 0, 0, 0, 13.5, 0, 13.6, 0, 2.367, 167, 0, 0, 0, 54, 1, 0.004, 0.004, 123.8, 30.415, 100, 0, 0, 141, 27.632, 27.632, 4, 0.72, 0, 90, 0, 0, 96.5, 45.36, 0, 1, 0, 0, 
5.7, 17.087, 100.33, 73.17, 73.956, , 0.186, 0.986, 372.709, 372.709, 2.368, 6.271, 6.271, 6.271, 52.525, 47.123, 34.776, 35.507, 7.378, 12.495, 0, 0, 0.745, 0.752, 0.745, 0.752, 1, 45.105, 45.105, 0.025, 0.136, 1.65, 1.674, 1.65, 1.674, 4.739, 7.378, 12.495, , , 1, 5.735, 0, 0, 13.6, 2.368, 167, 0, 0, 0, 54, 4.407, 4.367, 123.8, 30.415, 100, 0, 0, 27.689, 27.689, 4, 0.72, 90, 0, 0, 96.5, 45.36, 0, 0, 0, 0, 0, 13.5, 0, 13.6, 0, 2.368, 167, 0, 0, 0, 54, 1, 0.004, 0.004, 123.8, 30.415, 100, 0, 0, 141, 27.689, 27.689, 4, 0.72, 0, 90, 0, 0, 96.5, 45.36, 0, 1, 0, 0, 
5.75, 17.089, 100.33, 73.17, 73.958, , 0.165, 0.986, 375.999, 375.999, 2.368, 5.776, 5.776, 5.776, 52.505, 41.399, 34.956, 35.543, 7.378, 12.511, 0, 0, 0.687, 0.692, 0.687, 0.692, 1, 45.113, 45.113, 0.025, 0.136, 1.519, 1.542, 1.519, 1.542, 4.747, 7.378, 12.511, , , 1, 5.785, 0, 0, 13.6, 2.368, 167, 0, 0, 0, 54, 4.401, 4.379, 123.8, 30.415, 100, 0, 0, 27.745, 27.745, 4, 0.72, 90, 0, 0, 96.5, 45.36, 0, 0, 0, 0, 0, 13.5, 0, 13.6, 0, 2.368, 167, 0, 0, 0, 54, 1, 0.004, 0.004, 123.8, 30.415, 100, 0, 0, 141, 27.745, 27.745, 4, 0.72, 0, 90, 0, 0, 96.5, 45.36, 0, 1, 0, 0, 
5.8, 17.09, 100.33, 73.17, 73.96, , 0.198, 0.986, 379.334, 379.334, 2.368, 6.558, 6.558, 6.558, 52.476, 54.188, 35.136, 35.579, 7.377, 12.529, 0, 0, 0.78, 0.787, 0.78, 0.787, 1, 45.12, 45.12, 0.025, 0.136, 1.726, 1.752, 1.726, 1.752, 4.751, 7.377, 12.529, , , 1, 5.834, 0, 0, 13.6, 2.368, 167, 0, 0, 0, 54, 4.4, 4.374, 123.8, 30.452, 100, 0, 0, 27.8, 27.8, 4, 0.72, 90, 0, 0, 96.5, 45.422, 0, 0, 0, 0, 0, 13.5, 0, 13.6, 0, 2.368, 167, 0, 0, 0, 54, 1, 0.004, 0.004, 123.8, 30.452, 100, 0, 0, 141, 27.8, 27.8, 4, 0.72, 0, 90, 0, 0, 96.5, 45.422, 0, 1, 0, 0, 
5.85, 17.089, 100.33, 73.17, 73.96, , 0.248, 0.986, 382.641, 382.641, 2.367, 7.74, 7.74, 7.74, 52.441, 55.795, 35.195, 35.721, 7.377, 12.55, 0, 0, 0.921, 0.929, 0.921, 0.929, 1, 45.129, 45.129, 0.025, 0.136, 2.04, 2.069, 2.04, 2.069, 4.753, 7.377, 12.55, , , 1, 5.885, 0, 0, 13.6, 2.367, 167, 0, 0, 0, 54, 4.4, 4.367, 123.8, 30.492, 100, 0, 0, 27.854, 27.854, 4, 0.72, 90, 0, 0, 96.5, 45.489, 0, 0, 0, 0, 0, 13.5, 0, 13.6, 0, 2.367, 167, 0, 0, 0, 54, 1, 0.004, 0.004, 123.8, 30.493, 100, 0, 0, 141, 27.854, 27.854, 4, 0.72, 0, 90, 0, 0, 96.5, 45.489, 0, 1, 0, 0, 
5.9, 17.087, 100.33, 73.17, 73.96, , 0.301, 0.986, 385.929, 385.929, 2.367, 8.985, 8.985, 8.985, 52.41, 56.904, 35.087, 36.009, 7.377, 12.572, 0, 0, 1.069, 1.08, 1.069, 1.08, 1, 45.143, 45.143, 0.025, 0.136, 2.37, 2.402, 2.37, 2.402, 4.755, 7.377, 12.572, , , 1, 5.935, 0, 0, 13.6, 2.367, 167, 0, 0, 0, 54, 4.4, 4.361, 123.8, 30.532, 100, 0, 0, 27.909, 27.909, 4, 0.72, 90, 0, 0, 96.5, 45.557, 0, 0, 0, 0, 0, 13.5, 0, 13.6, 0, 2.367, 167, 0, 0, 0, 54, 1, 0.004, 0.004, 123.8, 30.533, 100, 0, 0, 141, 27.909, 27.909, 4, 0.72, 0, 90, 0, 0, 96.5, 45.557, 0, 1, 0, 0, 
5.95, 17.085, 100.33, 73.17, 73.96, , 0.322, 0.986, 389.218, 389.218, 2.366, 9.497, 9.497, 9.497, 52.384, 58.012, 34.979, 36.297, 7.377, 12.589, 0, 0, 1.129, 1.141, 1.129, 1.141, 1, 45.158, 45.158, 0.025, 0.136, 2.505, 2.54, 2.505, 2.54, 4.757, 7.377, 12.589, , , 1, 5.986, 0, 0, 13.6, 2.366, 167, 0, 0, 0, 54, 4.4, 4.354, 123.8, 30.573, 100, 0, 0, 27.963, 27.963, 4, 0.72, 90, 0, 0, 96.5, 45.624, 0, 0, 0, 0, 0, 13.5, 0, 13.6, 0, 2.366, 167, 0, 0, 0, 54, 1, 0.004, 0.004, 123.8, 30.573, 100, 0, 0, 141, 27.963, 27.963, 4, 0.72, 0, 90, 0, 0, 96.5, 45.624, 0, 1, 0, 0, 
6, 17.083, 100.33, 73.17, 73.96, , 0.296, 0.986, 392.543, 392.543, 2.365, 8.872, 8.872, 8.872, 52.361, 59.121, 34.871, 36.585, 7.377, 12.606, 0, 0, 1.055, 1.066, 1.055, 1.066, 1, 45.174, 45.174, 0.025, 0.136, 2.34, 2.372, 2.34, 2.372, 4.755, 7.377, 12.606, , , 1, 6.035, 0, 0, 13.6, 2.365, 167, 0, 0, 0, 54, 4.398, 4.346, 123.8, 30.6, 100, 0, 0, 28, 27.983, 4, 0.72, 90, 0, 0, 96.5, 45.691, 0, 0, 0, 0, 0, 13.5, 0, 13.6, 0, 2.365, 167, 0, 0, 0, 54, 1, 0.004, 0.004, 123.8, 30.6, 100, 0, 0, 141, 28, 27.983, 4, 0.72, 0, 90, 0, 0, 96.5, 45.691, 0, 1, 0, 0, 
6.05, 17.081, 100.33, 73.17, 73.96, , 0.278, 0.986, 395.861, 395.861, 2.364, 8.453, 8.453, 8.453, 52.341, 60.23, 34.763, 36.873, 7.377, 12.616, 0, 0, 1.005, 1.016, 1.005, 1.016, 1, 45.188, 45.188, 0.025, 0.136, 2.23, 2.26, 2.23, 2.26, 4.752, 7.377, 12.616, , , 1, 6.085, 0, 0, 13.6, 2.364, 167, 0, 0, 0, 54, 4.39, 4.335, 123.8, 30.6, 100, 0, 0, 28, 27.931, 4, 0.72, 90, 0, 0, 96.5, 45.755, 0, 0, 0, 0, 0, 13.5, 0, 13.6, 0, 2.364, 167, 0, 0, 0, 54, 1, 0.004, 0.004, 123.8, 30.6, 100, 0, 0, 141, 28, 27.931, 4, 0.72, 0, 90, 0, 0, 96.5, 45.755, 0, 1, 0, 0, 
6.1, 17.079, 100.33, 73.17, 73.96, , 0.297, 0.986, 399.149, 399.149, 2.364, 8.895, 8.895, 8.895, 52.313, 61.339, 34.834, 36.891, 7.377, 12.625, 0, 0, 1.058, 1.07, 1.058, 1.07, 1, 45.203, 45.203, 0.025, 0.136, 2.348, 2.38, 2.348, 2.38, 4.749, 7.377, 12.625, , , 1, 6.135, 0, 0, 13.6, 2.364, 167, 0, 0, 0, 54, 4.383, 4.323, 123.8, 30.6, 100, 0, 0, 28, 27.879, 4, 0.72, 90, 0, 0, 96.5, 45.82, 0, 0, 0, 0, 0, 13.5, 0, 13.6, 0, 2.364, 167, 0, 0, 0, 54, 1, 0.004, 0.004, 123.8, 30.6, 100, 0, 0, 141, 28, 27.879, 4, 0.72, 0, 90, 0, 0, 96.5, 45.82, 0, 1, 0, 0, 
6.15, 17.077, 100.33, 73.17, 73.96, , 0.259, 0.986, 402.485, 402.485, 2.363, 7.99, 7.99, 7.99, 52.279, 62.448, 35.155, 36.535, 7.377, 12.632, 0, 0, 0.95, 0.963, 0.95, 0.963, 1, 45.218, 45.218, 0.025, 0.135, 2.111, 2.14, 2.111, 2.14, 4.745, 7.377, 12.632, , , 1, 6.186, 0, 0, 13.6, 2.363, 167, 0, 0, 0, 54, 4.376, 4.312, 123.8, 30.6, 100, 0, 0, 28, 27.827, 4, 0.72, 90, 0, 0, 96.5, 45.884, 0, 0, 0, 0, 0, 13.5, 0, 13.6, 0, 2.363, 167, 0, 0, 0, 54, 1, 0.004, 0.004, 123.8, 30.6, 100, 0, 0, 141, 28, 27.827, 4, 0.72, 0, 90, 0, 0, 96.5, 45.884, 0, 1, 0, 0, 
6.2, 17.075, 100.33, 73.17, 73.96, , 0.232, 0.986, 405.795, 405.795, 2.362, 7.36, 7.36, 7.36, 52.236, 63.557, 35.475, 36.179, 7.377, 12.638, 0, 0, 0.875, 0.888, 0.875, 0.888, 1, 45.231, 45.231, 0.025, 0.135, 1.947, 1.973, 1.947, 1.973, 4.749, 7.377, 12.638, , , 1, 6.235, 0, 0, 13.6, 2.362, 167, 0, 0, 0, 54, 4.369, 4.301, 123.8, 30.6, 100, 0, 0, 28, 27.775, 4, 0.72, 90, 0, 0, 96.5, 45.949, 0, 0, 0, 0, 0, 13.5, 0, 13.6, 0, 2.362, 167, 0, 0, 0, 54, 1, 0.004, 0.004, 123.8, 30.6, 100, 0, 0, 141, 28, 27.775, 4, 0.72, 0, 90, 0, 0, 96.5, 45.949, 0, 1, 0, 0, 
6.25, 17.073, 100.33, 73.17, 73.96, , 0.227, 0.986, 409.09, 409.09, 2.361, 7.236, 7.236, 7.236, 52.195, 64.666, 35.795, 35.823, 7.377, 12.643, 0, 0, 0.861, 0.874, 0.861, 0.874, 1, 45.242, 45.242, 0.025, 0.135, 1.916, 1.942, 1.916, 1.942, 4.762, 7.377, 12.643, , , 1, 6.286, 0, 0, 13.6, 2.361, 167, 0, 0, 0, 54, 4.361, 4.292, 123.8, 30.6, 100, 0, 0, 28, 27.723, 4, 0.72, 90, 0, 0, 96.5, 45.98, 0, 0, 0, 0, 0, 13.5, 0, 13.6, 0, 2.361, 167, 0, 0, 0, 54, 1, 0.004, 0.004, 123.8, 30.6, 100, 0, 0, 141, 28, 27.723, 4, 0.72, 0, 90, 0, 0, 96.5, 45.98, 0, 1, 0, 0, 
6.3, 17.072, 100.33, 73.17, 73.96, , 0.285, 0.986, 412.426, 412.426, 2.36, 8.618, 8.618, 8.618, 52.165, 65.775, 36.115, 35.468, 7.377, 12.648, 0, 0, 1.025, 1.041, 1.025, 1.041, 1, 45.254, 45.254, 0.025, 0.135, 2.282, 2.313, 2.282, 2.313, 4.775, 7.377, 12.648, , , 1, 6.336, 0, 0, 13.6, 2.36, 167, 0, 0, 0, 54, 4.354, 4.287, 123.8, 30.6, 100, 0, 0, 28, 27.671, 4, 0.72, 90, 0, 0, 96.5, 45.98, 0, 0, 0, 0, 0, 13.5, 0, 13.6, 0, 2.36, 167, 0, 0, 0, 54, 1, 0.004, 0.004, 123.8, 30.6, 100, 0, 0, 141, 28, 27.671, 4, 0.72, 0, 90, 0, 0, 96.5, 45.98, 0, 1, 0, 0, 
6.35, 17.07, 100.33, 73.17, 73.96, , 0.3, 0.986, 415.727, 415.727, 2.359, 8.967, 8.967, 8.967, 52.148, 66.884, 36.254, 35.24, 7.377, 12.652, 0, 0, 1.066, 1.084, 1.066, 1.084, 1, 45.268, 45.268, 0.025, 0.135, 2.375, 2.407, 2.375, 2.407, 4.787, 7.377, 12.652, , , 1, 6.386, 0, 0, 13.6, 2.359, 167, 0, 0, 0, 54, 4.347, 4.282, 123.8, 30.6, 100, 0, 0, 28, 27.619, 4, 0.72, 90, 0, 0, 96.5, 45.98, 0, 0, 0, 0, 0, 13.5, 0, 13.6, 0, 2.359, 167, 0, 0, 0, 54, 1, 0.004, 0.004, 123.8, 30.6, 100, 0, 0, 141, 28, 27.619, 4, 0.72, 0, 90, 0, 0, 96.5, 45.98, 0, 1, 0, 0, 
6.4, 17.068, 100.33, 73.17, 73.96, , 0.303, 0.986, 419.03, 419.03, 2.358, 9.042, 9.042, 9.042, 52.16, 67.993, 36.072, 35.24, 7.377, 12.656, 0, 0, 1.075, 1.093, 1.075, 1.093, 1, 45.282, 45.282, 0.025, 0.135, 2.394, 2.427, 2.394, 2.427, 4.794, 7.377, 12.656, , , 1, 6.435, 0, 0, 13.6, 2.358, 167, 0, 0, 0, 54, 4.339, 4.277, 123.8, 30.6, 100, 0, 0, 28, 27.567, 4, 0.72, 90, 0, 0, 96.5, 45.98, 0, 0, 0, 0, 0, 13.5, 0, 13.6, 0, 2.358, 167, 0, 0, 0, 54, 1, 0.004, 0.004, 123.8, 30.6, 100, 0, 0, 141, 28, 27.567, 4, 0.72, 0, 90, 0, 0, 96.5, 45.98, 0, 1, 0, 0, 
6.45, 17.066, 100.33, 73.17, 73.96, , 0.314, 0.986, 422.366, 422.366, 2.357, 9.306, 9.306, 9.306, 52.192, 69.102, 35.89, 35.24, 7.377, 12.659, 0, 0, 1.107, 1.125, 1.107, 1.125, 1, 45.297, 45.297, 0.024, 0.135, 2.462, 2.497, 2.462, 2.497, 4.783, 7.377, 12.659, , , 1, 6.485, 0, 0, 13.6, 2.357, 167, 0, 0, 0, 54, 4.332, 4.271, 123.8, 30.6, 100, 0, 0, 28, 27.515, 4, 0.72, 90, 0, 0, 96.5, 45.98, 0, 0, 0, 0, 0, 13.5, 0, 13.6, 0, 2.357, 167, 0, 0, 0, 54, 1, 0.004, 0.004, 123.8, 30.6, 100, 0, 0, 141, 28, 27.515, 4, 0.72, 0, 90, 0, 0, 96.5, 45.98, 0, 1, 0, 0, 
6.5, 17.064, 100.33, 73.17, 73.96, , 0.356, 0.986, 425.702, 425.702, 2.36, 10.292, 10.292, 10.292, 52.235, 70.211, 35.708, 35.24, 7.378, 12.663, 0, 0, 1.227, 1.244, 1.227, 1.244, 1, 45.314, 45.314, 0.024, 0.134, 2.719, 2.759, 2.719, 2.759, 4.773, 7.378, 12.663, , , 1, 6.535, 0, 0, 13.607, 2.36, 167, 0, 0, 0, 54, 4.328, 4.271, 123.8, 30.545, 100, 0, 0, 28, 27.572, 4, 0.72, 89.964, 0, 0, 96.5, 45.98, 0, 0, 0, 0, 0, 13.5, 0, 13.607, 0, 2.36, 167, 0, 0, 0, 54, 1, 0.004, 0.004, 123.8, 30.545, 100, 0, 0, 141, 28, 27.572, 4, 0.72, 0, 89.964, 0, 0, 96.5, 45.98, 0, 0.993, 0, 0, 
6.55, 17.062, 100.33, 73.17, 73.96, , 0.424, 0.986, 429.013, 429.013, 2.364, 11.925, 11.925, 11.925, 52.279, 71.32, 35.526, 35.24, 7.378, 12.663, 0, 0, 1.422, 1.442, 1.422, 1.442, 1, 45.334, 45.334, 0.024, 0.134, 3.148, 3.195, 3.148, 3.195, 4.763, 7.378, 12.663, , , 1, 6.586, 0, 0, 13.617, 2.364, 167, 0, 0, 0, 54, 4.325, 4.273, 123.8, 30.471, 100, 0, 0, 28, 27.672, 4, 0.72, 89.914, 0, 0, 96.5, 45.98, 0, 0, 0, 0, 0, 13.5, 0, 13.617, 0, 2.364, 167, 0, 0, 0, 54, 1, 0.004, 0.004, 123.8, 30.471, 100, 0, 0, 141, 28, 27.672, 4, 0.72, 0, 89.914, 0, 0, 96.5, 45.98, 0, 0.983, 0, 0, 
6.6, 17.06, 100.33, 73.17, 73.96, , 0.496, 0.986, 432.307, 432.307, 2.368, 13.627, 13.627, 13.627, 52.305, 72.429, 35.39, 35.255, 7.379, 12.662, 0, 0, 1.625, 1.649, 1.625, 1.649, 1, 45.359, 45.359, 0.024, 0.134, 3.596, 3.65, 3.596, 3.65, 4.754, 7.379, 12.662, , , 1, 6.635, 0, 0, 13.627, 2.368, 167, 0, 0, 0, 54, 4.322, 4.275, 123.8, 30.397, 100, 0, 0, 28, 27.772, 4, 0.72, 89.864, 0, 0, 96.5, 45.98, 0, 0, 0, 0, 0, 13.5, 0, 13.627, 0, 2.368, 167, 0, 0, 0, 54, 1, 0.004, 0.004, 123.8, 30.397, 100, 0, 0, 141, 28, 27.772, 4, 0.72, 0, 89.864, 0, 0, 96.5, 45.98, 0, 0.973, 0, 0, 
6.65, 17.058, 100.33, 73.17, 73.96, , 0.39, 0.986, 435.642, 435.642, 2.372, 11.101, 11.101, 11.101, 52.323, 73.538, 35.318, 35.291, 7.379, 12.655, 0, 0, 1.323, 1.344, 1.323, 1.344, 1, 45.382, 45.382, 0.024, 0.135, 2.928, 2.973, 2.928, 2.973, 4.748, 7.379, 12.655, , , 1, 6.685, 0, 0, 13.637, 2.372, 167, 0, 0, 0, 54, 4.319, 4.277, 123.8, 30.323, 100, 0, 0, 28, 27.872, 4, 0.72, 89.814, 0, 0, 96.5, 45.98, 0, 0, 0, 0, 0, 13.5, 0, 13.637, 0, 2.372, 167, 0, 0, 0, 54, 1, 0.004, 0.004, 123.8, 30.323, 100, 0, 0, 141, 28, 27.872, 4, 0.72, 0, 89.814, 0, 0, 96.5, 45.98, 0, 0.963, 0, 0, 
6.7, 17.056, 100.33, 73.17, 73.96, , 0.34, 0.986, 438.978, 438.978, 2.375, 9.921, 9.921, 9.921, 52.335, 74.647, 35.246, 35.327, 7.38, 12.645, 0, 0, 1.182, 1.201, 1.182, 1.201, 1, 45.4, 45.4, 0.024, 0.135, 2.616, 2.657, 2.616, 2.657, 4.742, 7.38, 12.645, , , 1, 6.735, 0, 0, 13.647, 2.375, 167, 0, 0, 0, 54, 4.316, 4.279, 123.8, 30.249, 100, 0, 0, 28, 27.972, 4, 0.72, 89.764, 0, 0, 96.5, 45.98, 0, 0, 0, 0, 0, 13.5, 0, 13.647, 0, 2.375, 167, 0, 0, 0, 54, 1, 0.004, 0.004, 123.8, 30.249, 100, 0, 0, 141, 28, 27.972, 4, 0.72, 0, 89.764, 0, 0, 96.5, 45.98, 0, 0.953, 0, 0, 
6.75, 17.054, 100.33, 73.17, 73.96, , 0.308, 0.986, 442.313, 442.313, 2.377, 9.171, 9.171, 9.171, 52.335, 75.755, 35.174, 35.363, 7.38, 12.63, 0, 0, 1.093, 1.11, 1.093, 1.11, 1, 45.416, 45.416, 0.024, 0.135, 2.418, 2.457, 2.418, 2.457, 4.737, 7.38, 12.63, , , 1, 6.785, 0, 0, 13.658, 2.377, 167, 0, 0, 0, 54, 4.313, 4.274, 123.8, 30.23, 100, 0, 0, 28, 28, 4, 0.72, 89.712, 0, 0, 96.5, 45.98, 0, 0, 0, 0, 0, 13.5, 0, 13.658, 0, 2.377, 167, 0, 0, 0, 54, 1, 0.004, 0.004, 123.8, 30.23, 100, 0, 0, 141, 28, 28, 4, 0.72, 0, 89.712, 0, 0, 96.5, 45.98, 0, 0.942, 0, 0, 
6.8, 17.052, 100.33, 73.17, 73.96, , 0.262, 0.986, 445.649, 445.649, 2.377, 8.072, 8.072, 8.072, 52.339, 76.864, 35.102, 35.399, 7.379, 12.612, 0, 0, 0.963, 0.978, 0.963, 0.978, 1, 45.43, 45.43, 0.024, 0.136, 2.129, 2.162, 2.129, 2.162, 4.731, 7.379, 12.612, , , 1, 6.836, 0, 0, 13.668, 2.377, 167, 0, 0, 0, 54, 4.31, 4.266, 123.8, 30.23, 100, 0, 0, 28, 28, 4, 0.72, 89.66, 0, 0, 96.5, 45.98, 0, 0, 0, 0, 0, 13.5, 0, 13.668, 0, 2.377, 167, 0, 0, 0, 54, 1, 0.004, 0.004, 123.8, 30.23, 100, 0, 0, 141, 28, 28, 4, 0.72, 0, 89.66, 0, 0, 96.5, 45.98, 0, 0.932, 0, 0, 
6.85, 17.051, 100.33, 73.17, 73.96, , 0.183, 0.986, 448.942, 448.942, 2.377, 6.201, 6.201, 6.201, 52.348, 77.973, 35.105, 35.526, 7.379, 12.592, 0, 0, 0.741, 0.751, 0.741, 0.751, 1, 45.441, 45.441, 0.024, 0.136, 1.636, 1.66, 1.636, 1.66, 4.73, 7.379, 12.592, , , 1, 6.885, 0, 0, 13.678, 2.377, 167, 0, 0, 0, 54, 4.307, 4.257, 123.8, 30.23, 100, 0, 0, 28, 28, 4, 0.72, 89.608, 0, 0, 96.5, 45.98, 0, 0, 0, 0, 0, 13.5, 0, 13.678, 0, 2.377, 167, 0, 0, 0, 54, 1, 0.004, 0.004, 123.8, 30.23, 100, 0, 0, 141, 28, 28, 4, 0.72, 0, 89.608, 0, 0, 96.5, 45.98, 0, 0.922, 0, 0, 
6.9, 17.049, 100.33, 73.17, 73.96, , 0.171, 0.986, 452.253, 452.253, 2.378, 5.921, 5.921, 5.921, 52.366, 79.082, 35.213, 35.778, 7.379, 12.572, 0, 0, 0.708, 0.717, 0.708, 0.717, 1, 45.448, 45.448, 0.024, 0.136, 1.562, 1.585, 1.562, 1.585, 4.728, 7.379, 12.572, , , 1, 6.936, 0, 0, 13.689, 2.378, 167, 0, 0, 0, 54, 4.303, 4.249, 123.8, 30.23, 100, 0, 0, 28, 28, 4, 0.72, 89.556, 0, 0, 96.5, 45.98, 0, 0, 0, 0, 0, 13.5, 0, 13.689, 0, 2.378, 167, 0, 0, 0, 54, 1, 0.004, 0.004, 123.8, 30.23, 100, 0, 0, 141, 28, 28, 4, 0.72, 0, 89.556, 0, 0, 96.5, 45.98, 0, 0.911, 0, 0, 
6.95, 17.047, 100.33, 73.17, 73.96, , 0.227, 0.986, 455.589, 455.589, 2.378, 7.248, 7.248, 7.248, 52.385, 80.191, 35.321, 36.03, 7.379, 12.555, 0, 0, 0.867, 0.877, 0.867, 0.877, 1, 45.46, 45.46, 0.024, 0.136, 1.911, 1.938, 1.911, 1.938, 4.727, 7.379, 12.555, , , 1, 6.985, 0, 0, 13.699, 2.378, 167, 0, 0, 0, 54, 4.3, 4.241, 123.8, 30.23, 100, 0, 0, 28, 28, 4, 0.72, 89.504, 0, 0, 96.5, 45.98, 0, 0, 0, 0, 0, 13.5, 0, 13.699, 0, 2.378, 167, 0, 0, 0, 54, 1, 0.004, 0.004, 123.8, 30.23, 100, 0, 0, 141, 28, 28, 4, 0.72, 0, 89.504, 0, 0, 96.5, 45.98, 0, 0.901, 0, 0, 
7, 17.045, 100.33, 73.17, 73.96, , 0.18, 0.986, 458.925, 458.925, 2.38, 6.124, 6.124, 6.124, 52.406, 81.3, 35.429, 36.282, 7.379, 12.541, 0, 0, 0.733, 0.741, 0.733, 0.741, 1, 45.471, 45.471, 0.025, 0.136, 1.615, 1.637, 1.615, 1.637, 4.725, 7.379, 12.541, , , 1, 7.035, 0, 0, 13.7, 2.38, 167, 0, 0, 0, 54, 4.3, 4.24, 123.8, 30.23, 100, 0, 0, 28, 28, 4, 0.72, 89.543, 0, 0, 96.5, 45.98, 0, 0, 0, 0, 0, 13.5, 0, 13.7, 0, 2.38, 167, 0, 0, 0, 54, 1, 0.004, 0.004, 123.8, 30.23, 100, 0, 0, 141, 28, 28, 4, 0.72, 0, 89.543, 0, 0, 96.5, 45.98, 0, 0.9, 0, 0, 
7.05, 17.043, 100.33, 73.17, 73.96, , 0.172, 0.986, 462.26, 462.26, 2.381, 5.95, 5.95, 5.95, 52.43, 82.409, 35.537, 36.534, 7.379, 12.532, 0, 0, 0.712, 0.721, 0.712, 0.721, 1, 45.48, 45.48, 0.024, 0.136, 1.567, 1.589, 1.567, 1.589, 4.713, 7.379, 12.532, , , 1, 7.085, 0, 0, 13.7, 2.381, 167, 0, 0, 0, 54, 4.3, 4.24, 123.8, 30.23, 100, 0, 0, 28, 28, 4, 0.72, 89.589, 0, 0, 96.5, 45.98, 0, 0, 0, 0, 0, 13.5, 0, 13.7, 0, 2.381, 167, 0, 0, 0, 54, 1, 0.004, 0.004, 123.8, 30.23, 100, 0, 0, 141, 28, 28, 4, 0.72, 0, 89.589, 0, 0, 96.5, 45.98, 0, 0.9, 0, 0, 
7.1, 17.041, 100.33, 73.17, 73.96, , 0.187, 0.986, 465.596, 465.596, 2.383, 6.304, 6.304, 6.304, 52.442, 83.518, 35.6, 36.637, 7.38, 12.527, 0, 0, 0.754, 0.764, 0.754, 0.764, 1, 45.489, 45.489, 0.024, 0.136, 1.659, 1.682, 1.659, 1.682, 4.701, 7.38, 12.527, , , 1, 7.135, 0, 0, 13.7, 2.383, 167, 0, 0, 0, 54, 4.3, 4.24, 123.8, 30.23, 100, 0, 0, 28, 28, 4, 0.72, 89.635, 0, 0, 96.5, 45.98, 0, 0, 0, 0, 0, 13.5, 0, 13.7, 0, 2.383, 167, 0, 0, 0, 54, 1, 0.004, 0.004, 123.8, 30.23, 100, 0, 0, 141, 28, 28, 4, 0.72, 0, 89.635, 0, 0, 96.5, 45.98, 0, 0.9, 0, 0, 
7.15, 17.04, 100.33, 73.17, 73.96, , 0.211, 0.986, 468.932, 468.932, 2.385, 6.872, 6.872, 6.872, 52.449, 84.627, 35.6, 36.534, 7.38, 12.528, 0, 0, 0.822, 0.834, 0.822, 0.834, 1, 45.499, 45.499, 0.024, 0.135, 1.807, 1.834, 1.807, 1.834, 4.689, 7.38, 12.528, , , 1, 7.185, 0, 0, 13.7, 2.385, 167, 0, 0, 0, 54, 4.3, 4.24, 123.8, 30.23, 100, 0, 0, 28, 28, 4, 0.72, 89.681, 0, 0, 96.5, 45.98, 0, 0, 0, 0, 0, 13.5, 0, 13.7, 0, 2.385, 167, 0, 0, 0, 54, 1, 0.004, 0.004, 123.8, 30.23, 100, 0, 0, 141, 28, 28, 4, 0.72, 0, 89.681, 0, 0, 96.5, 45.98, 0, 0.9, 0, 0, 
7.2, 17.04, 100.33, 73.17, 73.961, , 0.258, 0.986, 472.267, 472.267, 2.386, 7.988, 7.988, 7.988, 52.448, 85.736, 35.6, 36.431, 7.379, 12.533, 0, 0, 0.956, 0.971, 0.956, 0.971, 1, 45.51, 45.51, 0.024, 0.135, 2.102, 2.132, 2.102, 2.132, 4.678, 7.379, 12.533, , , 1, 7.235, 0, 0, 13.7, 2.386, 167, 0, 0, 0, 54, 4.3, 4.24, 123.8, 30.23, 100, 0, 0, 28, 28, 4, 0.72, 89.728, 0, 0, 96.5, 45.98, 0, 0, 0, 0, 0, 13.5, 0, 13.7, 0, 2.386, 167, 0, 0, 0, 54, 1, 0.004, 0.004, 123.8, 30.23, 100, 0, 0, 141, 28, 28, 4, 0.72, 0, 89.728, 0, 0, 96.5, 45.98, 0, 0.9, 0, 0, 
7.25, 17.04, 100.33, 73.17, 73.962, , 0.295, 0.986, 475.603, 475.603, 2.387, 8.863, 8.863, 8.863, 52.437, 86.845, 35.6, 36.328, 7.379, 12.542, 0, 0, 1.061, 1.078, 1.061, 1.078, 1, 45.524, 45.524, 0.024, 0.135, 2.333, 2.366, 2.333, 2.366, 4.691, 7.379, 12.542, , , 1, 7.285, 0, 0, 13.7, 2.387, 167, 0, 0, 0, 54, 4.294, 4.238, 123.8, 30.23, 100, 0, 0, 28, 28.054, 4, 0.72, 89.777, 0, 0, 96.5, 45.98, 0, 0, 0, 0, 0, 13.5, 0, 13.7, 0, 2.387, 167, 0, 0, 0, 54, 1, 0.004, 0.004, 123.8, 30.23, 100, 0, 0, 141, 28, 28.054, 4, 0.72, 0, 89.777, 0, 0, 96.5, 45.98, 0, 0.9, 0, 0, 
7.3, 17.04, 100.33, 73.17, 73.963, , 0.311, 0.986, 478.939, 478.939, 2.387, 9.235, 9.235, 9.235, 52.422, 87.954, 35.6, 36.225, 7.379, 12.554, 0, 0, 1.106, 1.123, 1.106, 1.123, 1, 45.539, 45.539, 0.024, 0.135, 2.432, 2.466, 2.432, 2.466, 4.704, 7.379, 12.554, , , 1, 7.335, 0, 0, 13.7, 2.387, 167, 0, 0, 0, 54, 4.281, 4.234, 123.8, 30.23, 100, 0, 0, 28, 28.158, 4, 0.72, 89.829, 0, 0, 96.5, 45.98, 0, 0, 0, 0, 0, 13.5, 0, 13.7, 0, 2.387, 167, 0, 0, 0, 54, 1, 0.004, 0.004, 123.8, 30.23, 100, 0, 0, 141, 28, 28.158, 4, 0.72, 0, 89.829, 0, 0, 96.5, 45.98, 0, 0.9, 0, 0, 
7.35, 17.04, 100.33, 73.17, 73.963, , 0.249, 0.986, 482.275, 482.275, 2.387, 7.761, 7.761, 7.761, 52.409, 88.147, 35.6, 36.14, 7.379, 12.567, 0, 0, 0.929, 0.943, 0.929, 0.943, 1, 45.552, 45.552, 0.024, 0.135, 2.044, 2.073, 2.044, 2.073, 4.717, 7.379, 12.567, , , 1, 7.385, 0, 0, 13.7, 2.387, 167, 0, 0, 0, 54, 4.269, 4.23, 123.8, 30.23, 100, 0, 0, 28, 28.261, 4, 0.72, 89.881, 0, 0, 96.5, 45.98, 0, 0, 0, 0, 0, 13.5, 0, 13.7, 0, 2.387, 167, 0, 0, 0, 54, 1, 0.004, 0.004, 123.8, 30.23, 100, 0, 0, 141, 28, 28.261, 4, 0.72, 0, 89.881, 0, 0, 96.5, 45.98, 0, 0.9, 0, 0, 
7.4, 17.04, 100.33, 73.17, 73.964, , 0.223, 0.986, 485.61, 485.61, 2.387, 7.147, 7.147, 7.147, 52.4, 86.204, 35.6, 36.14, 7.379, 12.583, 0, 0, 0.856, 0.868, 0.856, 0.868, 1, 45.562, 45.562, 0.024, 0.135, 1.882, 1.909, 1.882, 1.909, 4.73, 7.379, 12.583, , , 1, 7.435, 0, 0, 13.7, 2.387, 167, 0, 0, 0, 54, 4.256, 4.225, 123.8, 30.23, 100, 0, 0, 28, 28.365, 4, 0.72, 89.933, 0, 0, 96.5, 45.98, 0, 0, 0, 0, 0, 13.5, 0, 13.7, 0, 2.387, 167, 0, 0, 0, 54, 1, 0.004, 0.004, 123.8, 30.23, 100, 0, 0, 141, 28, 28.365, 4, 0.72, 0, 89.933, 0, 0, 96.5, 45.98, 0, 0.9, 0, 0, 
7.45, 17.04, 100.33, 73.17, 73.965, , 0.206, 0.986, 488.946, 488.946, 2.387, 6.756, 6.756, 6.756, 52.395, 84.262, 35.6, 36.14, 7.379, 12.599, 0, 0, 0.809, 0.821, 0.809, 0.821, 1, 45.573, 45.573, 0.024, 0.135, 1.78, 1.804, 1.78, 1.804, 4.734, 7.379, 12.599, , , 1, 7.485, 0, 0, 13.7, 2.387, 167, 0, 0, 0, 54, 4.244, 4.221, 123.8, 30.23, 100, 0, 0, 28, 28.469, 4, 0.72, 89.985, 0, 0, 96.5, 45.98, 0, 0, 0, 0, 0, 13.5, 0, 13.7, 0, 2.387, 167, 0, 0, 0, 54, 1, 0.004, 0.004, 123.8, 30.23, 100, 0, 0, 141, 28, 28.469, 4, 0.72, 0, 89.985, 0, 0, 96.5, 45.98, 0, 0.9, 0, 0, 
7.5, 17.04, 100.33, 73.17, 73.966, , 0.17, 0.986, 492.282, 492.282, 2.387, 5.9, 5.9, 5.9, 52.391, 82.319, 35.6, 36.14, 7.38, 12.614, 0, 0, 0.707, 0.717, 0.707, 0.717, 1, 45.582, 45.582, 0.024, 0.135, 1.554, 1.575, 1.554, 1.575, 4.735, 7.38, 12.614, , , 1, 7.535, 0, 0, 13.7, 2.387, 167, 0, 0, 0, 54, 4.248, 4.223, 123.8, 30.23, 100, 0, 0, 28, 28.43, 4, 0.72, 89.928, 0, 0, 96.5, 45.98, 0, 0, 0, 0, 0, 13.5, 0, 13.7, 0, 2.387, 167, 0, 0, 0, 54, 1, 0.004, 0.004, 123.8, 30.23, 100, 0, 0, 141, 28, 28.43, 4, 0.72, 0, 89.928, 0, 0, 96.5, 45.98, 0, 0.9, 0, 0, 
7.55, 17.04, 100.33, 73.17, 73.966, , 0.21, 0.986, 495.617, 495.617, 2.388, 6.838, 6.838, 6.838, 52.389, 80.376, 35.6, 36.14, 7.38, 12.627, 0, 0, 0.819, 0.832, 0.819, 0.832, 1, 45.59, 45.59, 0.024, 0.134, 1.801, 1.826, 1.801, 1.826, 4.736, 7.38, 12.627, , , 1, 7.585, 0, 0, 13.7, 2.388, 167, 0, 0, 0, 54, 4.26, 4.227, 123.8, 30.23, 100, 0, 0, 28, 28.329, 4, 0.72, 89.828, 0, 0, 96.5, 45.98, 0, 0, 0, 0, 0, 13.5, 0, 13.7, 0, 2.388, 167, 0, 0, 0, 54, 1, 0.004, 0.004, 123.8, 30.23, 100, 0, 0, 141, 28, 28.329, 4, 0.72, 0, 89.827, 0, 0, 96.5, 45.98, 0, 0.9, 0, 0, 
7.6, 17.04, 100.33, 73.17, 73.967, , 0.262, 0.986, 498.953, 498.953, 2.388, 8.09, 8.09, 8.09, 52.382, 78.433, 35.585, 36.08, 7.379, 12.635, 0, 0, 0.97, 0.986, 0.97, 0.986, 1, 45.602, 45.602, 0.024, 0.134, 2.131, 2.161, 2.131, 2.161, 4.737, 7.379, 12.635, , , 1, 7.635, 0, 0, 13.7, 2.388, 167, 0, 0, 0, 54, 4.273, 4.231, 123.8, 30.23, 100, 0, 0, 28, 28.229, 4, 0.72, 89.728, 0, 0, 96.5, 45.98, 0, 0, 0, 0, 0, 13.5, 0, 13.7, 0, 2.388, 167, 0, 0, 0, 54, 1, 0.004, 0.004, 123.8, 30.23, 100, 0, 0, 141, 28, 28.229, 4, 0.72, 0, 89.727, 0, 0, 96.5, 45.98, 0, 0.9, 0, 0, 
7.65, 17.04, 100.33, 73.17, 73.968, , 0.312, 0.986, 502.288, 502.288, 2.388, 9.261, 9.261, 9.261, 52.372, 76.49, 35.549, 35.936, 7.379, 12.64, 0, 0, 1.111, 1.129, 1.111, 1.129, 1, 45.618, 45.618, 0.024, 0.135, 2.441, 2.474, 2.441, 2.474, 4.727, 7.379, 12.64, , , 1, 7.685, 0, 0, 13.7, 2.388, 167, 0, 0, 0, 54, 4.285, 4.235, 123.8, 30.23, 100, 0, 0, 28, 28.129, 4, 0.72, 89.628, 0, 0, 96.5, 45.98, 0, 0, 0, 0, 0, 13.5, 0, 13.7, 0, 2.388, 167, 0, 0, 0, 54, 1, 0.004, 0.004, 123.8, 30.23, 100, 0, 0, 141, 28, 28.129, 4, 0.72, 0, 89.627, 0, 0, 96.5, 45.98, 0, 0.9, 0, 0, 
7.7, 17.04, 100.33, 73.17, 73.969, , 0.284, 0.986, 505.624, 505.624, 2.389, 8.614, 8.614, 8.614, 52.361, 74.547, 35.513, 35.792, 7.378, 12.641, 0, 0, 1.035, 1.05, 1.035, 1.05, 1, 45.632, 45.632, 0.024, 0.135, 2.272, 2.302, 2.272, 2.302, 4.714, 7.378, 12.641, , , 1, 7.735, 0, 0, 13.7, 2.389, 167, 0, 0, 0, 54, 4.297, 4.239, 123.8, 30.23, 100, 0, 0, 28, 28.028, 4, 0.72, 89.528, 0, 0, 96.5, 45.98, 0, 0, 0, 0, 0, 13.5, 0, 13.7, 0, 2.389, 167, 0, 0, 0, 54, 1, 0.004, 0.004, 123.8, 30.23, 100, 0, 0, 141, 28, 28.028, 4, 0.72, 0, 89.526, 0, 0, 96.5, 45.98, 0, 0.9, 0, 0, 
7.75, 17.04, 100.33, 73.17, 73.97, , 0.243, 0.986, 508.959, 508.959, 2.389, 7.639, 7.639, 7.639, 52.35, 72.605, 35.477, 35.648, 7.378, 12.643, 0, 0, 0.918, 0.932, 0.918, 0.932, 1, 45.645, 45.645, 0.025, 0.135, 2.015, 2.042, 2.015, 2.042, 4.701, 7.378, 12.643, , , 1, 7.785, 0, 0, 13.7, 2.389, 167, 0, 0, 0, 54, 4.3, 4.24, 123.8, 30.23, 100, 0, 0, 28, 28, 4, 0.72, 89.5, 0, 0, 96.5, 45.98, 0, 0, 0, 0, 0, 13.5, 0, 13.7, 0, 2.389, 167, 0, 0, 0, 54, 1, 0.004, 0.004, 123.8, 30.23, 100, 0, 0, 141, 28, 28, 4, 0.72, 0, 89.5, 0, 0, 96.5, 45.98, 0, 0.9, 0, 0, 
7.8, 17.04, 100.33, 73.17, 73.97, , 0.206, 0.986, 512.309, 512.309, 2.389, 6.746, 6.746, 6.746, 52.345, 70.662, 35.441, 35.504, 7.377, 12.646, 0, 0, 0.811, 0.823, 0.811, 0.823, 1, 45.656, 45.656, 0.025, 0.136, 1.779, 1.804, 1.779, 1.804, 4.687, 7.377, 12.646, , , 1, 7.835, 0, 0, 13.7, 2.389, 167, 0, 0, 0, 54, 4.3, 4.24, 123.8, 30.23, 100, 0, 0, 28, 28, 4, 0.72, 89.5, 0, 0, 96.5, 45.98, 0, 0, 0, 0, 0, 13.5, 0, 13.7, 0, 2.389, 167, 0, 0, 0, 54, 1, 0.004, 0.004, 123.8, 30.23, 100, 0, 0, 141, 28, 28, 4, 0.72, 0, 89.5, 0, 0, 96.5, 45.98, 0, 0.9, 0, 0, 
7.85, 17.04, 100.33, 73.17, 73.971, , 0.194, 0.986, 515.693, 515.693, 2.39, 6.466, 6.466, 6.466, 52.341, 68.719, 35.45, 35.496, 7.377, 12.652, 0, 0, 0.778, 0.788, 0.778, 0.788, 1, 45.665, 45.665, 0.025, 0.136, 1.705, 1.73, 1.705, 1.73, 4.675, 7.377, 12.652, , , 1, 7.885, 0, 0, 13.7, 2.39, 167, 0, 0, 0, 54, 4.3, 4.24, 123.8, 30.23, 100, 0, 0, 28, 28, 4, 0.72, 89.5, 0, 0, 96.5, 45.98, 0, 0, 0, 0, 0, 13.5, 0, 13.7, 0, 2.39, 167, 0, 0, 0, 54, 1, 0.004, 0.004, 123.8, 30.23, 100, 0, 0, 141, 28, 28, 4, 0.72, 0, 89.5, 0, 0, 96.5, 45.98, 0, 0.9, 0, 0, 
7.9, 17.04, 100.33, 73.17, 73.972, , 0.157, 0.986, 519.034, 519.034, 2.39, 5.599, 5.599, 5.599, 52.34, 66.776, 35.522, 35.676, 7.377, 12.663, 0, 0, 0.674, 0.684, 0.674, 0.684, 1, 45.674, 45.674, 0.025, 0.136, 1.476, 1.499, 1.476, 1.499, 4.663, 7.377, 12.663, , , 1, 7.935, 0, 0, 13.7, 2.39, 167, 0, 0, 0, 54, 4.3, 4.24, 123.8, 30.23, 100, 0, 0, 28, 28, 4, 0.72, 89.5, 0, 0, 96.5, 45.98, 0, 0, 0, 0, 0, 13.5, 0, 13.7, 0, 2.39, 167, 0, 0, 0, 54, 1, 0.004, 0.004, 123.8, 30.23, 100, 0, 0, 141, 28, 28, 4, 0.72, 0, 89.5, 0, 0, 96.5, 45.98, 0, 0.9, 0, 0, 
7.95, 17.04, 100.33, 73.17, 73.973, , 0.138, 0.986, 522.371, 522.371, 2.39, 5.13, 5.13, 5.13, 52.342, 64.833, 35.594, 35.856, 7.377, 12.674, 0, 0, 0.617, 0.627, 0.617, 0.627, 1, 45.681, 45.681, 0.025, 0.136, 1.352, 1.374, 1.352, 1.374, 4.651, 7.377, 12.674, , , 1, 7.985, 0, 0, 13.7, 2.39, 167, 0, 0, 0, 54, 4.3, 4.24, 123.8, 30.23, 100, 0, 0, 28, 28, 4, 0.72, 89.5, 0, 0, 96.5, 45.98, 0, 0, 0, 0, 0, 13.5, 0, 13.7, 0, 2.39, 167, 0, 0, 0, 54, 1, 0.004, 0.004, 123.8, 30.23, 100, 0, 0, 141, 28, 28, 4, 0.72, 0, 89.5, 0, 0, 96.5, 45.98, 0, 0.9, 0, 0, 
8, 17.04, 100.33, 73.17, 73.973, , 0.148, 0.986, 525.707, 525.707, 2.391, 5.366, 5.366, 5.366, 52.35, 62.891, 35.666, 36.036, 7.377, 12.686, 0, 0, 0.644, 0.654, 0.644, 0.654, 1, 45.688, 45.688, 0.025, 0.136, 1.414, 1.437, 1.414, 1.437, 4.639, 7.377, 12.686, , , 1, 8.035, 0, 0, 13.7, 2.391, 167, 0, 0, 0, 54, 4.3, 4.241, 123.8, 30.23, 100, 0, 0, 28, 28, 4, 0.72, 89.5, 0, 0, 96.464, 45.98, 0, 0, 0, 0, 0, 13.5, 0, 13.7, 0, 2.391, 167, 0, 0, 0, 54, 1, 0.004, 0.004, 123.8, 30.23, 100, 0, 0, 141, 28, 28, 4, 0.72, 0, 89.5, 0, 0, 96.464, 45.98, 0, 0.9, 0, 0, 
8.05, 17.04, 100.33, 73.17, 73.974, , 0.249, 0.986, 529.042, 529.042, 2.393, 7.779, 7.779, 7.779, 52.36, 60.948, 35.738, 36.216, 7.377, 12.692, 0, 0, 0.935, 0.947, 0.935, 0.947, 1, 45.698, 45.698, 0.025, 0.136, 2.049, 2.082, 2.049, 2.082, 4.636, 7.377, 12.692, , , 1, 8.085, 0, 0, 13.7, 2.393, 167, 0, 0, 0, 54, 4.3, 4.242, 123.8, 30.23, 100, 0, 0, 28, 28, 4, 0.72, 89.5, 0, 0, 96.414, 45.98, 0, 0, 0, 0, 0, 13.5, 0, 13.7, 0, 2.393, 167, 0, 0, 0, 54, 1, 0.004, 0.004, 123.8, 30.23, 100, 0, 0, 141, 28, 28, 4, 0.72, 0, 89.5, 0, 0, 96.414, 45.98, 0, 0.9, 0, 0, 
8.1, 17.04, 100.33, 73.17, 73.975, , 0.281, 0.986, 532.412, 532.412, 2.395, 8.53, 8.53, 8.53, 52.372, 59.005, 35.72, 36.244, 7.377, 12.688, 0, 0, 1.025, 1.039, 1.025, 1.039, 1, 45.712, 45.712, 0.025, 0.136, 2.248, 2.281, 2.248, 2.281, 4.654, 7.377, 12.688, , , 1, 8.135, 0, 0, 13.7, 2.395, 167, 0, 0, 0, 54, 4.3, 4.243, 123.8, 30.23, 100, 0, 0, 28, 28, 4, 0.72, 89.5, 0, 0, 96.364, 45.98, 0, 0, 0, 0, 0, 13.5, 0, 13.7, 0, 2.395, 167, 0, 0, 0, 54, 1, 0.004, 0.004, 123.8, 30.23, 100, 0, 0, 141, 28, 28, 4, 0.72, 0, 89.5, 0, 0, 96.364, 45.98, 0, 0.9, 0, 0, 
8.15, 17.04, 100.33, 73.17, 73.976, , 0.304, 0.986, 535.78, 535.78, 2.397, 9.074, 9.074, 9.074, 52.398, 57.062, 35.576, 36.064, 7.377, 12.679, 0, 0, 1.09, 1.105, 1.09, 1.105, 1, 45.727, 45.727, 0.025, 0.135, 2.391, 2.425, 2.391, 2.425, 4.672, 7.377, 12.679, , , 1, 8.185, 0, 0, 13.7, 2.397, 167, 0, 0, 0, 54, 4.3, 4.244, 123.8, 30.23, 100, 0, 0, 28, 28, 4, 0.72, 89.5, 0, 0, 96.314, 45.98, 0, 0, 0, 0, 0, 13.5, 0, 13.7, 0, 2.397, 167, 0, 0, 0, 54, 1, 0.004, 0.004, 123.8, 30.23, 100, 0, 0, 141, 28, 28, 4, 0.72, 0, 89.5, 0, 0, 96.314, 45.98, 0, 0.9, 0, 0, 
8.2, 17.04, 100.33, 73.17, 73.976, , 0.372, 0.986, 539.116, 539.116, 2.399, 10.688, 10.688, 10.688, 52.427, 55.119, 35.432, 35.884, 7.377, 12.659, 0, 0, 1.284, 1.302, 1.284, 1.302, 1, 45.744, 45.744, 0.025, 0.135, 2.816, 2.856, 2.816, 2.856, 4.689, 7.377, 12.659, , , 1, 8.235, 0, 0, 13.7, 2.399, 167, 0, 0, 0, 54, 4.3, 4.245, 123.8, 30.23, 100, 0, 0, 28, 28, 4, 0.72, 89.5, 0, 0, 96.264, 45.98, 0, 0, 0, 0, 0, 13.5, 0, 13.7, 0, 2.399, 167, 0, 0, 0, 54, 1, 0.004, 0.004, 123.8, 30.23, 100, 0, 0, 141, 28, 28, 4, 0.72, 0, 89.5, 0, 0, 96.264, 45.98, 0, 0.9, 0, 0, 
8.25, 17.04, 100.33, 73.17, 73.977, , 0.415, 0.986, 542.452, 542.452, 2.401, 11.721, 11.721, 11.721, 52.457, 53.177, 35.288, 35.704, 7.377, 12.639, 0, 0, 1.41, 1.429, 1.41, 1.429, 1, 45.762, 45.762, 0.025, 0.135, 3.087, 3.13, 3.087, 3.13, 4.709, 7.377, 12.639, , , 1, 8.285, 0, 0, 13.7, 2.401, 167, 0, 0, 0, 54, 4.3, 4.241, 123.8, 30.2, 100, 0, 0, 28, 28, 4, 0.72, 89.5, 0, 0, 96.211, 45.98, 0, 0, 0, 0, 0, 13.5, 0, 13.7, 0, 2.401, 167, 0, 0, 0, 54, 1, 0.004, 0.004, 123.8, 30.2, 100, 0, 0, 141, 28, 28, 4, 0.72, 0, 89.5, 0, 0, 96.211, 45.98, 0, 0.9, 0, 0, 
8.3, 17.04, 100.33, 73.17, 73.978, , 0.402, 0.986, 545.813, 545.813, 2.402, 11.4, 11.4, 11.4, 52.476, 51.234, 35.144, 35.524, 7.377, 12.616, 0, 0, 1.372, 1.391, 1.372, 1.391, 1, 45.784, 45.784, 0.025, 0.135, 3.001, 3.043, 3.001, 3.043, 4.741, 7.377, 12.616, , , 1, 8.335, 0, 0, 13.7, 2.402, 167, 0, 0, 0, 54, 4.3, 4.236, 123.8, 30.16, 100, 0, 0, 28, 28, 4, 0.72, 89.5, 0, 0, 96.156, 45.98, 0, 0, 0, 0, 0, 13.5, 0, 13.7, 0, 2.402, 167, 0, 0, 0, 54, 1, 0.004, 0.004, 123.8, 30.16, 100, 0, 0, 141, 28, 28, 4, 0.72, 0, 89.5, 0, 0, 96.156, 45.98, 0, 0.9, 0, 0, 
8.35, 17.04, 100.33, 73.17, 73.979, , 0.348, 0.986, 549.19, 549.19, 2.403, 10.13, 10.13, 10.13, 52.489, 49.291, 35.151, 35.39, 7.377, 12.596, 0, 0, 1.22, 1.238, 1.22, 1.238, 1, 45.802, 45.802, 0.025, 0.134, 2.665, 2.703, 2.665, 2.703, 4.774, 7.377, 12.596, , , 1, 8.385, 0, 0, 13.7, 2.403, 167, 0, 0, 0, 54, 4.3, 4.23, 123.8, 30.12, 100, 0, 0, 28, 28, 4, 0.72, 89.5, 0, 0, 96.102, 45.98, 0, 0, 0, 0, 0, 13.5, 0, 13.7, 0, 2.403, 167, 0, 0, 0, 54, 1, 0.004, 0.004, 123.8, 30.12, 100, 0, 0, 141, 28, 28, 4, 0.72, 0, 89.5, 0, 0, 96.102, 45.98, 0, 0.9, 0, 0, 
8.4, 17.04, 100.33, 73.17, 73.979, , 0.36, 0.986, 552.526, 552.526, 2.405, 10.412, 10.412, 10.412, 52.493, 57.236, 35.367, 35.318, 7.377, 12.586, 0, 0, 1.256, 1.273, 1.256, 1.273, 1, 45.82, 45.82, 0.025, 0.134, 2.738, 2.778, 2.738, 2.778, 4.806, 7.377, 12.586, , , 1, 8.435, 0, 0, 13.7, 2.405, 167, 0, 0, 0, 54, 4.3, 4.225, 123.8, 30.08, 100, 0, 0, 28, 28, 4, 0.72, 89.5, 0, 0, 96.047, 45.98, 0, 0, 0, 0, 0, 13.5, 0, 13.7, 0, 2.405, 167, 0, 0, 0, 54, 1, 0.004, 0.004, 123.8, 30.08, 100, 0, 0, 141, 28, 28, 4, 0.72, 0, 89.5, 0, 0, 96.047, 45.98, 0, 0.9, 0, 0, 
8.45, 17.04, 100.33, 73.17, 73.98, , 0.294, 0.986, 555.861, 555.861, 2.406, 8.852, 8.852, 8.852, 52.487, 64.004, 35.583, 35.246, 7.377, 12.578, 0, 0, 1.068, 1.083, 1.068, 1.083, 1, 45.838, 45.838, 0.025, 0.134, 2.328, 2.361, 2.328, 2.361, 4.835, 7.377, 12.578, , , 1, 8.486, 0, 0, 13.7, 2.406, 167, 0, 0, 0, 54, 4.3, 4.221, 123.8, 30.045, 100, 0, 0, 28, 28, 4, 0.72, 89.5, 0, 0, 96.008, 45.988, 0, 0, 0, 0, 0, 13.5, 0, 13.7, 0, 2.406, 167, 0, 0, 0, 54, 1, 0.004, 0.004, 123.8, 30.045, 100, 0, 0, 141, 28, 28, 4, 0.72, 0, 89.5, 0, 0, 96.008, 45.988, 0, 0.9, 0, 0, 
8.5, 17.04, 100.33, 73.17, 73.98, , 0.213, 0.986, 559.213, 559.213, 2.406, 6.927, 6.927, 6.927, 52.474, 64.734, 35.799, 35.174, 7.377, 12.58, 0, 0, 0.836, 0.848, 0.836, 0.848, 1, 45.851, 45.851, 0.025, 0.133, 1.822, 1.848, 1.822, 1.848, 4.83, 7.377, 12.58, , , 1, 8.535, 0, 0, 13.7, 2.406, 167, 0, 0, 0, 54, 4.3, 4.226, 123.8, 30.045, 100, 0, 0, 28, 28, 4, 0.72, 89.5, 0, 0, 96.064, 46.059, 0, 0, 0, 0, 0, 13.5, 0, 13.7, 0, 2.406, 167, 0, 0, 0, 54, 1, 0.004, 0.004, 123.8, 30.045, 100, 0, 0, 141, 28, 28, 4, 0.72, 0, 89.5, 0, 0, 96.065, 46.059, 0, 0.9, 0, 0, 
8.55, 17.04, 100.33, 73.17, 73.98, , 0.155, 0.986, 562.597, 562.597, 2.406, 5.552, 5.552, 5.552, 52.466, 65.465, 36.015, 35.102, 7.377, 12.582, 0, 0, 0.669, 0.679, 0.669, 0.679, 1, 45.861, 45.861, 0.025, 0.133, 1.462, 1.482, 1.462, 1.482, 4.826, 7.377, 12.582, , , 1, 8.585, 0, 0, 13.7, 2.406, 167, 0, 0, 0, 54, 4.3, 4.232, 123.8, 30.045, 100, 0, 0, 28, 28, 4, 0.72, 89.5, 0, 0, 96.121, 46.129, 0, 0, 0, 0, 0, 13.5, 0, 13.7, 0, 2.406, 167, 0, 0, 0, 54, 1, 0.004, 0.004, 123.8, 30.045, 100, 0, 0, 141, 28, 28, 4, 0.72, 0, 89.5, 0, 0, 96.122, 46.129, 0, 0.9, 0, 0, 
8.6, 17.04, 100.33, 73.17, 73.98, , 0.196, 0.986, 565.934, 565.934, 2.406, 6.514, 6.514, 6.514, 52.46, 66.196, 35.989, 35.272, 7.377, 12.588, 0, 0, 0.784, 0.798, 0.784, 0.798, 1, 45.87, 45.87, 0.024, 0.133, 1.715, 1.74, 1.715, 1.74, 4.821, 7.377, 12.588, , , 1, 8.635, 0, 0, 13.7, 2.406, 167, 0, 0, 0, 54, 4.3, 4.238, 123.8, 30.045, 100, 0, 0, 28, 28, 4, 0.72, 89.5, 0, 0, 96.178, 46.2, 0, 0, 0, 0, 0, 13.5, 0, 13.7, 0, 2.406, 167, 0, 0, 0, 54, 1, 0.004, 0.004, 123.8, 30.045, 100, 0, 0, 141, 28, 28, 4, 0.72, 0, 89.5, 0, 0, 96.178, 46.2, 0, 0.9, 0, 0, 
8.65, 17.04, 100.33, 73.17, 73.98, , 0.241, 0.986, 569.297, 569.297, 2.406, 7.589, 7.589, 7.589, 52.451, 66.926, 35.629, 35.776, 7.377, 12.592, 0, 0, 0.913, 0.929, 0.913, 0.929, 1, 45.881, 45.881, 0.024, 0.133, 1.999, 2.028, 1.999, 2.028, 4.817, 7.377, 12.592, , , 1, 8.685, 0, 0, 13.7, 2.406, 167, 0, 0, 0, 54, 4.3, 4.243, 123.8, 30.045, 100, 0, 0, 28, 28, 4, 0.72, 89.5, 0, 0, 96.234, 46.27, 0, 0, 0, 0, 0, 13.5, 0, 13.7, 0, 2.406, 167, 0, 0, 0, 54, 1, 0.004, 0.004, 123.8, 30.045, 100, 0, 0, 141, 28, 28, 4, 0.72, 0, 89.5, 0, 0, 96.235, 46.27, 0, 0.9, 0, 0, 
8.7, 17.04, 100.33, 73.17, 73.98, , 0.287, 0.986, 572.672, 572.672, 2.407, 8.68, 8.68, 8.68, 52.442, 67.657, 35.269, 36.28, 7.377, 12.595, 0, 0, 1.044, 1.062, 1.044, 1.062, 1, 45.895, 45.895, 0.024, 0.133, 2.287, 2.321, 2.287, 2.321, 4.811, 7.377, 12.595, , , 1, 8.735, 0, 0, 13.7, 2.407, 167, 0, 0, 0, 54, 4.295, 4.245, 123.8, 30.075, 100, 0, 0, 28, 28, 4, 0.72, 89.5, 0, 0, 96.25, 46.339, 0, 0, 0, 0, 0, 13.5, 0, 13.7, 0, 2.407, 167, 0, 0, 0, 54, 1, 0.004, 0.004, 123.8, 30.075, 100, 0, 0, 141, 28, 28, 4, 0.72, 0, 89.5, 0, 0, 96.25, 46.339, 0, 0.9, 0, 0, 
8.75, 17.04, 100.33, 73.17, 73.98, , 0.334, 0.986, 576.008, 576.008, 2.407, 9.791, 9.791, 9.791, 52.433, 68.388, 34.909, 36.784, 7.377, 12.597, 0, 0, 1.178, 1.198, 1.178, 1.198, 1, 45.91, 45.91, 0.024, 0.133, 2.578, 2.617, 2.578, 2.617, 4.805, 7.377, 12.597, , , 1, 8.785, 0, 0, 13.7, 2.407, 167, 0, 0, 0, 54, 4.289, 4.245, 123.8, 30.115, 100, 0, 0, 28, 28, 4, 0.72, 89.5, 0, 0, 96.25, 46.406, 0, 0, 0, 0, 0, 13.5, 0, 13.7, 0, 2.407, 167, 0, 0, 0, 54, 1, 0.004, 0.004, 123.8, 30.115, 100, 0, 0, 141, 28, 28, 4, 0.72, 0, 89.5, 0, 0, 96.25, 46.406, 0, 0.9, 0, 0, 
8.8, 17.04, 100.33, 73.17, 73.98, , 0.403, 0.986, 579.382, 579.382, 2.408, 11.421, 11.421, 11.421, 52.424, 69.118, 34.549, 37.288, 7.377, 12.596, 0, 0, 1.376, 1.398, 1.376, 1.398, 1, 45.927, 45.927, 0.024, 0.134, 3.007, 3.053, 3.007, 3.053, 4.799, 7.377, 12.596, , , 1, 8.835, 0, 0, 13.7, 2.408, 167, 0, 0, 0, 54, 4.282, 4.245, 123.8, 30.155, 100, 0, 0, 28, 28, 4, 0.72, 89.5, 0, 0, 96.25, 46.473, 0, 0, 0, 0, 0, 13.5, 0, 13.7, 0, 2.408, 167, 0, 0, 0, 54, 1, 0.004, 0.004, 123.8, 30.155, 100, 0, 0, 141, 28, 28, 4, 0.72, 0, 89.5, 0, 0, 96.25, 46.473, 0, 0.9, 0, 0, 
8.85, 17.04, 100.33, 73.17, 73.98, , 0.446, 0.986, 582.766, 582.766, 2.409, 12.464, 12.464, 12.464, 52.411, 69.849, 34.325, 37.399, 7.377, 12.595, 0, 0, 1.503, 1.527, 1.503, 1.527, 1, 45.949, 45.949, 0.024, 0.134, 3.282, 3.331, 3.282, 3.331, 4.793, 7.377, 12.595, , , 1, 8.885, 0, 0, 13.7, 2.409, 167, 0, 0, 0, 54, 4.276, 4.245, 123.8, 30.195, 100, 0, 0, 28, 28, 4, 0.72, 89.5, 0, 0, 96.25, 46.541, 0, 0, 0, 0, 0, 13.5, 0, 13.7, 0, 2.409, 167, 0, 0, 0, 54, 1, 0.004, 0.004, 123.8, 30.195, 100, 0, 0, 141, 28, 28, 4, 0.72, 0, 89.5, 0, 0, 96.25, 46.541, 0, 0.9, 0, 0, 
8.9, 17.04, 100.33, 73.17, 73.98, , 0.442, 0.986, 586.149, 586.149, 2.409, 12.358, 12.358, 12.358, 52.401, 70.58, 34.289, 36.967, 7.377, 12.593, 0, 0, 1.492, 1.514, 1.492, 1.514, 1, 45.97, 45.97, 0.024, 0.134, 3.255, 3.302, 3.255, 3.302, 4.791, 7.377, 12.593, , , 1, 8.935, 0, 0, 13.7, 2.409, 167, 0, 0, 0, 54, 4.269, 4.244, 123.8, 30.23, 100, 0, 0, 28, 28, 4, 0.72, 89.5, 0, 0, 96.244, 46.6, 0, 0, 0, 0, 0, 13.5, 0, 13.7, 0, 2.409, 167, 0, 0, 0, 54, 1, 0.004, 0.004, 123.8, 30.23, 100, 0, 0, 141, 28, 28, 4, 0.72, 0, 89.5, 0, 0, 96.244, 46.6, 0, 0.9, 0, 0, 
8.95, 17.04, 100.33, 73.17, 73.98, , 0.343, 0.986, 589.484, 589.484, 2.409, 10.001, 10.001, 10.001, 52.392, 71.31, 34.253, 36.535, 7.377, 12.592, 0, 0, 1.208, 1.227, 1.208, 1.227, 1, 45.99, 45.99, 0.024, 0.134, 2.634, 2.672, 2.634, 2.672, 4.791, 7.377, 12.592, , , 1, 8.985, 0, 0, 13.7, 2.409, 167, 0, 0, 0, 54, 4.263, 4.239, 123.8, 30.23, 100, 0, 0, 28, 28, 4, 0.72, 89.5, 0, 0, 96.192, 46.6, 0, 0, 0, 0, 0, 13.5, 0, 13.7, 0, 2.409, 167, 0, 0, 0, 54, 1, 0.004, 0.004, 123.8, 30.23, 100, 0, 0, 141, 28, 28, 4, 0.72, 0, 89.5, 0, 0, 96.191, 46.6, 0, 0.9, 0, 0, 
9, 17.04, 100.33, 73.17, 73.98, , 0.317, 0.986, 592.85, 592.85, 2.41, 9.394, 9.394, 9.394, 52.383, 72.041, 34.217, 36.103, 7.377, 12.589, 0, 0, 1.136, 1.153, 1.136, 1.153, 1, 46.004, 46.004, 0.024, 0.135, 2.475, 2.51, 2.475, 2.51, 4.791, 7.377, 12.589, , , 1, 9.035, 0, 0, 13.7, 2.41, 167, 0, 0, 0, 54, 4.257, 4.234, 123.8, 30.23, 100, 0, 0, 28, 28, 4, 0.72, 89.5, 0, 0, 96.14, 46.6, 0, 0, 0, 0, 0, 13.5, 0, 13.7, 0, 2.41, 167, 0, 0, 0, 54, 1, 0.004, 0.004, 123.8, 30.23, 100, 0, 0, 141, 28, 28, 4, 0.72, 0, 89.5, 0, 0, 96.139, 46.6, 0, 0.9, 0, 0, 
9.05, 17.04, 100.33, 73.17, 73.98, , 0.306, 0.986, 596.234, 596.234, 2.41, 9.124, 9.124, 9.124, 52.366, 72.772, 34.181, 35.671, 7.377, 12.587, 0, 0, 1.105, 1.121, 1.105, 1.121, 1, 46.022, 46.022, 0.024, 0.135, 2.406, 2.438, 2.406, 2.438, 4.791, 7.377, 12.587, , , 1, 9.085, 0, 0, 13.7, 2.41, 167, 0, 0, 0, 54, 4.25, 4.229, 123.8, 30.23, 100, 0, 0, 28, 28, 4, 0.72, 89.5, 0, 0, 96.088, 46.6, 0, 0, 0, 0, 0, 13.5, 0, 13.7, 0, 2.41, 167, 0, 0, 0, 54, 1, 0.004, 0.004, 123.8, 30.23, 100, 0, 0, 141, 28, 28, 4, 0.72, 0, 89.5, 0, 0, 96.087, 46.6, 0, 0.9, 0, 0, 
9.1, 17.04, 100.33, 73.17, 73.98, , 0.196, 0.986, 599.618, 599.618, 2.411, 6.528, 6.528, 6.528, 52.349, 73.502, 34.266, 35.511, 7.377, 12.583, 0, 0, 0.791, 0.802, 0.791, 0.802, 1, 46.035, 46.035, 0.024, 0.135, 1.723, 1.745, 1.723, 1.745, 4.797, 7.377, 12.583, , , 1, 9.135, 0, 0, 13.7, 2.411, 167, 0, 0, 0, 54, 4.244, 4.224, 123.8, 30.23, 100, 0, 0, 28, 28, 4, 0.72, 89.5, 0, 0, 96.035, 46.6, 0, 0, 0, 0, 0, 13.5, 0, 13.7, 0, 2.411, 167, 0, 0, 0, 54, 1, 0.004, 0.004, 123.8, 30.23, 100, 0, 0, 141, 28, 28, 4, 0.72, 0, 89.5, 0, 0, 96.035, 46.6, 0, 0.9, 0, 0, 
9.15, 17.04, 100.33, 73.17, 73.98, , 0.131, 0.986, 602.961, 602.961, 2.411, 4.975, 4.975, 4.975, 52.333, 74.233, 34.518, 35.727, 7.377, 12.578, 0, 0, 0.603, 0.612, 0.603, 0.612, 1, 46.043, 46.043, 0.024, 0.135, 1.314, 1.33, 1.314, 1.33, 4.813, 7.377, 12.578, , , 1, 9.185, 0, 0, 13.7, 2.411, 167, 0, 0, 0, 54, 4.244, 4.22, 123.8, 30.23, 100, 0, 0, 28.03, 28.03, 4, 0.72, 89.5, 0, 0, 96, 46.6, 0, 0, 0, 0, 0, 13.5, 0, 13.7, 0, 2.411, 167, 0, 0, 0, 54, 1, 0.004, 0.004, 123.8, 30.23, 100, 0, 0, 141, 28.03, 28.03, 4, 0.72, 0, 89.5, 0, 0, 96, 46.6, 0, 0.9, 0, 0, 
9.2, 17.04, 100.33, 73.17, 73.98, , 0.119, 0.986, 606.319, 606.319, 2.41, 4.695, 4.695, 4.695, 52.318, 74.964, 34.77, 35.943, 7.377, 12.57, 0, 0, 0.569, 0.578, 0.569, 0.578, 1, 46.049, 46.049, 0.024, 0.135, 1.241, 1.255, 1.241, 1.255, 4.829, 7.377, 12.57, , , 1, 9.235, 0, 0, 13.7, 2.41, 167, 0, 0, 0, 54, 4.255, 4.22, 123.8, 30.23, 100, 0, 0, 28.122, 28.122, 4, 0.72, 89.5, 0, 0, 96, 46.6, 0, 0, 0, 0, 0, 13.5, 0, 13.7, 0, 2.41, 167, 0, 0, 0, 54, 1, 0.004, 0.004, 123.8, 30.23, 100, 0, 0, 141, 28.122, 28.122, 4, 0.72, 0, 89.5, 0, 0, 96, 46.6, 0, 0.9, 0, 0, 
9.25, 17.04, 100.33, 73.17, 73.98, , 0.159, 0.986, 609.703, 609.703, 2.41, 5.632, 5.632, 5.632, 52.315, 75.694, 35.022, 36.159, 7.377, 12.562, 0, 0, 0.683, 0.693, 0.683, 0.693, 1, 46.057, 46.057, 0.024, 0.135, 1.488, 1.506, 1.488, 1.506, 4.844, 7.377, 12.562, , , 1, 9.286, 0, 0, 13.7, 2.41, 167, 0, 0, 0, 54, 4.266, 4.22, 123.8, 30.23, 100, 0, 0, 28.215, 28.215, 4, 0.72, 89.5, 0, 0, 96, 46.6, 0, 0, 0, 0, 0, 13.5, 0, 13.7, 0, 2.41, 167, 0, 0, 0, 54, 1, 0.004, 0.004, 123.8, 30.23, 100, 0, 0, 141, 28.215, 28.215, 4, 0.72, 0, 89.5, 0, 0, 96, 46.6, 0, 0.9, 0, 0, 
9.3, 17.04, 100.33, 73.17, 73.98, , 0.16, 0.986, 613.087, 613.087, 2.409, 5.663, 5.663, 5.663, 52.322, 76.425, 35.274, 36.375, 7.377, 12.552, 0, 0, 0.686, 0.696, 0.686, 0.696, 1, 46.065, 46.065, 0.024, 0.134, 1.495, 1.513, 1.495, 1.513, 4.861, 7.377, 12.552, , , 1, 9.336, 0, 0, 13.7, 2.409, 167, 0, 0, 0, 54, 4.277, 4.22, 123.8, 30.23, 100, 0, 0, 28.307, 28.307, 4, 0.72, 89.5, 0, 0, 96, 46.6, 0, 0, 0, 0, 0, 13.5, 0, 13.7, 0, 2.409, 167, 0, 0, 0, 54, 1, 0.004, 0.004, 123.8, 30.23, 100, 0, 0, 141, 28.307, 28.307, 4, 0.72, 0, 89.5, 0, 0, 96, 46.6, 0, 0.9, 0, 0, 
9.35, 17.04, 100.33, 73.172, 73.98, , 0.225, 0.986, 616.47, 616.47, 2.409, 7.22, 7.22, 7.22, 52.34, 77.156, 35.48, 36.47, 7.377, 12.542, 0, 0, 0.875, 0.888, 0.875, 0.888, 1, 46.072, 46.072, 0.024, 0.134, 1.905, 1.928, 1.905, 1.928, 4.879, 7.377, 12.542, , , 1, 9.385, 0, 0, 13.7, 2.409, 167, 0, 0, 0, 54, 4.288, 4.22, 123.8, 30.23, 100, 0, 0, 28.4, 28.4, 4, 0.72, 89.5, 0, 0, 96, 46.6, 0, 0, 0, 0, 0, 13.5, 0, 13.7, 0, 2.409, 167, 0, 0, 0, 54, 1, 0.004, 0.004, 123.8, 30.23, 100, 0, 0, 141, 28.4, 28.4, 4, 0.72, 0, 89.5, 0, 0, 96, 46.6, 0, 0.9, 0, 0, 
9.4, 17.04, 100.33, 73.176, 73.98, , 0.305, 0.986, 619.854, 619.854, 2.408, 9.11, 9.11, 9.11, 52.367, 77.886, 35.624, 36.398, 7.377, 12.539, 0, 0, 1.104, 1.12, 1.104, 1.12, 1, 46.087, 46.087, 0.024, 0.134, 2.401, 2.433, 2.401, 2.433, 4.897, 7.377, 12.539, , , 1, 9.435, 0, 0, 13.7, 2.408, 167, 0, 0, 0, 54, 4.299, 4.22, 123.8, 30.23, 100, 0, 0, 28.493, 28.493, 4, 0.72, 89.5, 0, 0, 96, 46.6, 0, 0, 0, 0, 0, 13.5, 0, 13.7, 0, 2.408, 167, 0, 0, 0, 54, 1, 0.004, 0.004, 123.8, 30.23, 100, 0, 0, 141, 28.493, 28.493, 4, 0.72, 0, 89.5, 0, 0, 96, 46.6, 0, 0.9, 0, 0, 
9.45, 17.04, 100.33, 73.179, 73.98, , 0.356, 0.986, 623.238, 623.238, 2.41, 10.32, 10.32, 10.32, 52.397, 78.617, 35.767, 36.326, 7.377, 12.537, 0, 0, 1.251, 1.269, 1.251, 1.269, 1, 46.104, 46.104, 0.024, 0.134, 2.718, 2.756, 2.718, 2.756, 4.915, 7.377, 12.537, , , 1, 9.485, 0, 0, 13.7, 2.41, 167, 0, 0, 0, 54, 4.297, 4.217, 123.8, 30.23, 100, 0, 0, 28.457, 28.457, 4, 0.72, 89.5, 0, 0, 96, 46.6, 0, 0, 0, 0, 0, 13.5, 0, 13.7, 0, 2.41, 167, 0, 0, 0, 54, 1, 0.004, 0.004, 123.8, 30.23, 100, 0, 0, 141, 28.457, 28.457, 4, 0.72, 0, 89.5, 0, 0, 96, 46.6, 0, 0.9, 0, 0, 
9.5, 17.04, 100.33, 73.183, 73.98, , 0.376, 0.986, 626.622, 626.622, 2.413, 10.803, 10.803, 10.803, 52.423, 79.348, 35.911, 36.255, 7.377, 12.542, 0, 0, 1.309, 1.329, 1.309, 1.329, 1, 46.122, 46.122, 0.024, 0.134, 2.845, 2.884, 2.845, 2.884, 4.933, 7.377, 12.542, , , 1, 9.535, 0, 0, 13.7, 2.413, 167, 0, 0, 0, 54, 4.293, 4.213, 123.8, 30.23, 100, 0, 0, 28.411, 28.411, 4, 0.72, 89.5, 0, 0, 96, 46.6, 0, 0, 0, 0, 0, 13.5, 0, 13.7, 0, 2.413, 167, 0, 0, 0, 54, 1, 0.004, 0.004, 123.8, 30.23, 100, 0, 0, 141, 28.411, 28.411, 4, 0.72, 0, 89.5, 0, 0, 96, 46.6, 0, 0.9, 0, 0, 
9.55, 17.04, 100.33, 73.187, 73.98, , 0.376, 0.986, 629.979, 629.979, 2.415, 10.787, 10.787, 10.787, 52.438, 80.079, 36.054, 36.183, 7.377, 12.547, 0, 0, 1.308, 1.328, 1.308, 1.328, 1, 46.14, 46.14, 0.024, 0.134, 2.84, 2.879, 2.84, 2.879, 4.914, 7.377, 12.547, , , 1, 9.585, 0, 0, 13.7, 2.415, 167, 0, 0, 0, 54, 4.289, 4.209, 123.8, 30.23, 100, 0, 0, 28.365, 28.365, 4, 0.72, 89.5, 0, 0, 96, 46.6, 0, 0, 0, 0, 0, 13.5, 0, 13.7, 0, 2.415, 167, 0, 0, 0, 54, 1, 0.004, 0.004, 123.8, 30.23, 100, 0, 0, 141, 28.365, 28.365, 4, 0.72, 0, 89.5, 0, 0, 96, 46.6, 0, 0.9, 0, 0, 
9.6, 17.04, 100.33, 73.191, 73.98, , 0.341, 0.986, 633.323, 633.323, 2.418, 9.968, 9.968, 9.968, 52.44, 80.809, 36.053, 36.01, 7.377, 12.558, 0, 0, 1.209, 1.228, 1.209, 1.228, 1, 46.158, 46.158, 0.024, 0.134, 2.624, 2.659, 2.624, 2.659, 4.891, 7.377, 12.558, , , 1, 9.635, 0, 0, 13.7, 2.418, 167, 0, 0, 0, 54, 4.285, 4.205, 123.8, 30.23, 100, 0, 0, 28.319, 28.319, 4, 0.72, 89.5, 0, 0, 96, 46.6, 0, 0, 0, 0, 0, 13.5, 0, 13.7, 0, 2.418, 167, 0, 0, 0, 54, 1, 0.004, 0.004, 123.8, 30.23, 100, 0, 0, 141, 28.319, 28.319, 4, 0.72, 0, 89.5, 0, 0, 96, 46.6, 0, 0.9, 0, 0, 
9.65, 17.04, 100.33, 73.195, 73.98, , 0.207, 0.986, 636.708, 636.708, 2.42, 6.797, 6.797, 6.797, 52.438, 81.54, 35.836, 35.685, 7.377, 12.57, 0, 0, 0.824, 0.838, 0.824, 0.838, 1, 46.172, 46.172, 0.024, 0.134, 1.791, 1.812, 1.791, 1.812, 4.867, 7.377, 12.57, , , 1, 9.685, 0, 0, 13.7, 2.42, 167, 0, 0, 0, 54, 4.282, 4.202, 123.8, 30.23, 100, 0, 0, 28.272, 28.272, 4, 0.72, 89.5, 0, 0, 96, 46.6, 0, 0, 0, 0, 0, 13.5, 0, 13.7, 0, 2.42, 167, 0, 0, 0, 54, 1, 0.004, 0.004, 123.8, 30.23, 100, 0, 0, 141, 28.272, 28.272, 4, 0.72, 0, 89.5, 0, 0, 96, 46.6, 0, 0.9, 0, 0, 
9.7, 17.04, 100.33, 73.198, 73.98, , 0.192, 0.986, 640.093, 640.093, 2.421, 6.441, 6.441, 6.441, 52.434, 82.271, 35.62, 35.359, 7.377, 12.569, 0, 0, 0.782, 0.795, 0.782, 0.795, 1, 46.181, 46.181, 0.024, 0.134, 1.698, 1.717, 1.698, 1.717, 4.844, 7.377, 12.569, , , 1, 9.735, 0, 0, 13.7, 2.421, 167, 0, 0, 0, 54, 4.282, 4.202, 123.8, 30.23, 100, 0, 0, 28.278, 28.278, 4, 0.72, 89.5, 0, 0, 96, 46.6, 0, 0, 0, 0, 0, 13.5, 0, 13.7, 0, 2.421, 167, 0, 0, 0, 54, 1, 0.004, 0.004, 123.8, 30.23, 100, 0, 0, 141, 28.278, 28.278, 4, 0.72, 0, 89.5, 0, 0, 96, 46.6, 0, 0.9, 0, 0, 
9.75, 17.04, 100.33, 73.202, 73.98, , 0.19, 0.986, 643.477, 643.477, 2.421, 6.392, 6.392, 6.392, 52.429, 83.001, 35.403, 35.034, 7.377, 12.569, 0, 0, 0.778, 0.789, 0.778, 0.789, 1, 46.19, 46.19, 0.024, 0.134, 1.686, 1.705, 1.686, 1.705, 4.828, 7.377, 12.569, , , 1, 9.785, 0, 0, 13.7, 2.421, 167, 0, 0, 0, 54, 4.287, 4.207, 123.8, 30.23, 100, 0, 0, 28.333, 28.333, 4, 0.72, 89.5, 0, 0, 96, 46.6, 0, 0, 0, 0, 0, 13.5, 0, 13.7, 0, 2.421, 167, 0, 0, 0, 54, 1, 0.004, 0.004, 123.8, 30.23, 100, 0, 0, 141, 28.333, 28.333, 4, 0.72, 0, 89.5, 0, 0, 96, 46.6, 0, 0.9, 0, 0, 
9.8, 17.04, 100.33, 73.206, 73.98, , 0.159, 0.986, 646.861, 646.861, 2.421, 5.646, 5.646, 5.646, 52.433, 83.732, 35.186, 34.709, 7.377, 12.559, 0, 0, 0.689, 0.697, 0.689, 0.697, 1, 46.199, 46.199, 0.024, 0.134, 1.489, 1.506, 1.489, 1.506, 4.812, 7.377, 12.559, , , 1, 9.835, 0, 0, 13.7, 2.421, 167, 0, 0, 0, 54, 4.291, 4.211, 123.8, 30.23, 100, 0, 0, 28.387, 28.387, 4, 0.72, 89.5, 0, 0, 96, 46.6, 0, 0, 0, 0, 0, 13.5, 0, 13.7, 0, 2.421, 167, 0, 0, 0, 54, 1, 0.004, 0.004, 123.8, 30.23, 100, 0, 0, 141, 28.387, 28.387, 4, 0.72, 0, 89.5, 0, 0, 96, 46.6, 0, 0.9, 0, 0, 
9.85, 17.04, 100.33, 73.21, 73.981, , 0.188, 0.986, 650.245, 650.245, 2.421, 6.335, 6.335, 6.335, 52.442, 84.463, 35.03, 34.58, 7.377, 12.548, 0, 0, 0.772, 0.782, 0.772, 0.782, 1, 46.209, 46.209, 0.025, 0.135, 1.668, 1.691, 1.668, 1.691, 4.797, 7.377, 12.548, , , 1, 9.885, 0, 0, 13.7, 2.421, 167, 0, 0, 0, 54, 4.295, 4.215, 123.8, 30.23, 100, 0, 0, 28.441, 28.441, 4, 0.72, 89.5, 0, 0, 96, 46.6, 0, 0, 0, 0, 0, 13.5, 0, 13.7, 0, 2.421, 167, 0, 0, 0, 54, 1, 0.004, 0.004, 123.8, 30.23, 100, 0, 0, 141, 28.441, 28.441, 4, 0.72, 0, 89.5, 0, 0, 96, 46.6, 0, 0.9, 0, 0, 
9.9, 17.04, 100.33, 73.214, 73.981, , 0.284, 0.986, 653.629, 653.629, 2.421, 8.605, 8.605, 8.605, 52.457, 85.193, 34.958, 34.724, 7.377, 12.53, 0, 0, 1.048, 1.062, 1.048, 1.062, 1, 46.22, 46.22, 0.025, 0.135, 2.264, 2.298, 2.264, 2.298, 4.781, 7.377, 12.53, , , 1, 9.935, 0, 0, 13.7, 2.421, 167, 0, 0, 0, 54, 4.3, 4.22, 123.8, 30.23, 100, 0, 0, 28.496, 28.496, 4, 0.72, 89.5, 0, 0, 96, 46.6, 0, 0, 0, 0, 0, 13.5, 0, 13.7, 0, 2.421, 167, 0, 0, 0, 54, 1, 0.004, 0.004, 123.8, 30.23, 100, 0, 0, 141, 28.496, 28.496, 4, 0.72, 0, 89.5, 0, 0, 96, 46.6, 0, 0.9, 0, 0, 
9.95, 17.04, 100.33, 73.218, 73.982, , 0.377, 0.986, 657.013, 657.013, 2.422, 10.821, 10.821, 10.821, 52.468, 85.924, 34.886, 34.868, 7.377, 12.51, 0, 0, 1.318, 1.335, 1.318, 1.335, 1, 46.237, 46.237, 0.025, 0.135, 2.845, 2.89, 2.845, 2.89, 4.775, 7.377, 12.51, , , 1, 9.985, 0, 0, 13.7, 2.422, 167, 0, 0, 0, 54, 4.287, 4.213, 123.8, 30.197, 100, 0, 0, 28.544, 28.5, 4, 0.72, 89.5, 0, 0, 96, 46.6, 0, 0, 0, 0, 0, 13.5, 0, 13.7, 0, 2.422, 167, 0, 0, 0, 54, 1, 0.004, 0.004, 123.8, 30.197, 100, 0, 0, 141, 28.544, 28.5, 4, 0.72, 0, 89.5, 0, 0, 96, 46.6, 0, 0.9, 0, 0, 
10, 17.04, 100.33, 73.221, 73.982, , 0.357, 0.986, 660.397, 660.397, 2.423, 10.351, 10.351, 10.351, 52.469, 86.655, 34.814, 35.012, 7.377, 12.497, 0, 0, 1.262, 1.277, 1.262, 1.277, 1, 46.256, 46.256, 0.025, 0.135, 2.72, 2.763, 2.72, 2.763, 4.774, 7.377, 12.497, , , 1, 10.035, 0, 0, 13.7, 2.423, 167, 0, 0, 0, 54, 4.272, 4.205, 123.8, 30.162, 100, 0, 0, 28.592, 28.5, 4, 0.72, 89.5, 0, 0, 96, 46.6, 0, 0, 0, 0, 0, 13.5, 0, 13.7, 0, 2.423, 167, 0, 0, 0, 54, 1, 0.004, 0.004, 123.8, 30.162, 100, 0, 0, 141, 28.592, 28.5, 4, 0.72, 0, 89.5, 0, 0, 96, 46.6, 0, 0.9, 0, 0, 
10.05, 17.04, 100.33, 73.225, 73.982, , 0.349, 0.986, 663.825, 663.825, 2.424, 10.149, 10.149, 10.149, 52.461, 87.385, 34.742, 35.156, 7.377, 12.484, 0, 0, 1.237, 1.252, 1.237, 1.252, 1, 46.273, 46.273, 0.025, 0.135, 2.668, 2.709, 2.668, 2.709, 4.772, 7.377, 12.484, , , 1, 10.085, 0, 0, 13.7, 2.424, 167, 0, 0, 0, 54, 4.258, 4.198, 123.8, 30.126, 100, 0, 0, 28.64, 28.5, 4, 0.72, 89.5, 0, 0, 96, 46.6, 0, 0, 0, 0, 0, 13.5, 0, 13.7, 0, 2.424, 167, 0, 0, 0, 54, 1, 0.004, 0.004, 123.8, 30.126, 100, 0, 0, 141, 28.64, 28.5, 4, 0.72, 0, 89.5, 0, 0, 96, 46.6, 0, 0.9, 0, 0, 
10.1, 17.04, 100.33, 73.229, 73.983, , 0.309, 0.986, 667.233, 667.233, 2.425, 9.211, 9.211, 9.211, 52.439, 88.116, 34.76, 35.225, 7.377, 12.481, 0, 0, 1.123, 1.137, 1.123, 1.137, 1, 46.29, 46.29, 0.025, 0.135, 2.422, 2.459, 2.422, 2.459, 4.771, 7.377, 12.481, , , 1, 10.135, 0, 0, 13.7, 2.425, 167, 0, 0, 0, 54, 4.244, 4.19, 123.8, 30.091, 100, 0, 0, 28.688, 28.5, 4, 0.72, 89.5, 0, 0, 96, 46.6, 0, 0, 0, 0, 0, 13.5, 0, 13.7, 0, 2.425, 167, 0, 0, 0, 54, 1, 0.004, 0.004, 123.8, 30.091, 100, 0, 0, 141, 28.688, 28.5, 4, 0.72, 0, 89.5, 0, 0, 96, 46.6, 0, 0.9, 0, 0, 
10.15, 17.04, 100.33, 73.233, 73.983, , 0.243, 0.986, 670.616, 670.616, 2.426, 7.636, 7.636, 7.636, 52.407, 88.847, 34.904, 35.189, 7.377, 12.48, 0, 0, 0.931, 0.943, 0.931, 0.943, 1, 46.301, 46.301, 0.025, 0.135, 2.01, 2.039, 2.01, 2.039, 4.774, 7.377, 12.48, , , 1, 10.185, 0, 0, 13.7, 2.426, 167, 0, 0, 0, 54, 4.229, 4.182, 123.8, 30.055, 100, 0, 0, 28.736, 28.5, 4, 0.72, 89.5, 0, 0, 96, 46.6, 0, 0, 0, 0, 0, 13.5, 0, 13.7, 0, 2.426, 167, 0, 0, 0, 54, 1, 0.004, 0.004, 123.8, 30.055, 100, 0, 0, 141, 28.736, 28.5, 4, 0.72, 0, 89.5, 0, 0, 96, 46.6, 0, 0.9, 0, 0, 
10.2, 17.04, 100.33, 73.237, 73.983, , 0.196, 0.986, 674, 674, 2.425, 6.534, 6.534, 6.534, 52.373, 89.577, 35.048, 35.153, 7.377, 12.489, 0, 0, 0.797, 0.808, 0.797, 0.808, 1, 46.312, 46.312, 0.025, 0.135, 1.722, 1.745, 1.722, 1.745, 4.785, 7.377, 12.489, , , 1, 10.235, 0, 0, 13.7, 2.425, 167, 0, 0, 0, 54, 4.227, 4.18, 123.8, 30.017, 100, 0, 0, 28.787, 28.5, 4, 0.72, 89.5, 0, 0, 96, 46.6, 0, 0, 0, 0, 0, 13.5, 0, 13.7, 0, 2.425, 167, 0, 0, 0, 54, 1, 0.004, 0.004, 123.8, 30.017, 100, 0, 0, 141, 28.787, 28.5, 4, 0.72, 0, 89.5, 0, 0, 96, 46.6, 0, 0.9, 0, 0, 
10.25, 17.04, 100.33, 73.24, 73.984, , 0.187, 0.986, 677.384, 677.384, 2.425, 6.313, 6.313, 6.313, 52.342, 90.308, 35.192, 35.117, 7.377, 12.501, 0, 0, 0.769, 0.781, 0.769, 0.781, 1, 46.323, 46.323, 0.025, 0.134, 1.665, 1.689, 1.665, 1.689, 4.797, 7.377, 12.501, , , 1, 10.285, 0, 0, 13.7, 2.425, 167, 0, 0, 0, 54, 4.23, 4.18, 123.8, 29.978, 100, 0, 0, 28.839, 28.5, 4, 0.72, 89.5, 0, 0, 96, 46.6, 0, 0, 0, 0, 0, 13.5, 0, 13.7, 0, 2.425, 167, 0, 0, 0, 54, 1, 0.004, 0.004, 123.8, 29.978, 100, 0, 0, 141, 28.839, 28.5, 4, 0.72, 0, 89.5, 0, 0, 96, 46.6, 0, 0.9, 0, 0, 
10.3, 17.04, 100.33, 73.244, 73.984, , 0.179, 0.986, 680.768, 680.768, 2.424, 6.117, 6.117, 6.117, 52.327, 91.039, 35.336, 35.081, 7.377, 12.511, 0, 0, 0.744, 0.757, 0.744, 0.757, 1, 46.332, 46.332, 0.025, 0.134, 1.614, 1.639, 1.614, 1.639, 4.808, 7.377, 12.511, , , 1, 10.335, 0, 0, 13.7, 2.424, 167, 0, 0, 0, 54, 4.233, 4.18, 123.8, 29.94, 100, 0, 0, 28.891, 28.5, 4, 0.72, 89.5, 0, 0, 96, 46.6, 0, 0, 0, 0, 0, 13.5, 0, 13.7, 0, 2.424, 167, 0, 0, 0, 54, 1, 0.004, 0.004, 123.8, 29.94, 100, 0, 0, 141, 28.892, 28.5, 4, 0.72, 0, 89.5, 0, 0, 96, 46.6, 0, 0.9, 0, 0, 
10.35, 17.04, 100.33, 73.248, 73.985, , 0.153, 0.986, 684.152, 684.152, 2.423, 5.51, 5.51, 5.51, 52.326, 90.424, 35.478, 35.148, 7.377, 12.522, 0, 0, 0.67, 0.682, 0.67, 0.682, 1, 46.341, 46.341, 0.025, 0.134, 1.455, 1.478, 1.455, 1.478, 4.817, 7.377, 12.522, , , 1, 10.385, 0, 0, 13.7, 2.423, 167, 0, 0, 0, 54, 4.237, 4.18, 123.8, 29.901, 100, 0, 0, 28.944, 28.5, 4, 0.72, 89.5, 0, 0, 96, 46.6, 0, 0, 0, 0, 0, 13.5, 0, 13.7, 0, 2.423, 167, 0, 0, 0, 54, 1, 0.004, 0.004, 123.8, 29.901, 100, 0, 0, 141, 28.944, 28.5, 4, 0.72, 0, 89.5, 0, 0, 96, 46.6, 0, 0.9, 0, 0, 
10.4, 17.04, 100.33, 73.252, 73.985, , 0.156, 0.986, 687.536, 687.536, 2.422, 5.59, 5.59, 5.59, 52.338, 86.671, 35.617, 35.356, 7.377, 12.527, 0, 0, 0.681, 0.692, 0.681, 0.692, 1, 46.35, 46.35, 0.025, 0.134, 1.475, 1.497, 1.475, 1.497, 4.821, 7.377, 12.527, , , 1, 10.435, 0, 0, 13.7, 2.422, 167, 0, 0, 0, 54, 4.24, 4.18, 123.8, 29.862, 100, 0, 0, 28.996, 28.5, 4, 0.72, 89.5, 0, 0, 96, 46.6, 0, 0, 0, 0, 0, 13.5, 0, 13.7, 0, 2.422, 167, 0, 0, 0, 54, 1, 0.004, 0.004, 123.8, 29.862, 100, 0, 0, 141, 28.997, 28.5, 4, 0.72, 0, 89.5, 0, 0, 96, 46.6, 0, 0.9, 0, 0, 
10.45, 17.04, 100.33, 73.256, 73.985, , 0.207, 0.986, 690.951, 690.951, 2.424, 6.796, 6.796, 6.796, 52.361, 82.917, 35.756, 35.565, 7.377, 12.532, 0, 0, 0.829, 0.84, 0.829, 0.84, 1, 46.359, 46.359, 0.025, 0.134, 1.792, 1.82, 1.792, 1.82, 4.825, 7.377, 12.532, , , 1, 10.485, 0, 0, 13.7, 2.424, 167, 0, 0, 0, 54, 4.235, 4.168, 123.8, 29.927, 100, 0, 0, 28.911, 28.5, 4, 0.72, 89.5, 0, 0, 95.955, 46.6, 0, 0, 0, 0, 0, 13.5, 0, 13.7, 0, 2.424, 167, 0, 0, 0, 54, 1, 0.004, 0.004, 123.8, 29.927, 100, 0, 0, 141, 28.91, 28.5, 4, 0.72, 0, 89.5, 0, 0, 95.955, 46.6, 0, 0.9, 0, 0, 
10.5, 17.04, 100.33, 73.259, 73.986, , 0.276, 0.986, 694.372, 694.372, 2.426, 8.436, 8.436, 8.436, 52.376, 79.164, 35.895, 35.773, 7.377, 12.533, 0, 0, 1.029, 1.042, 1.029, 1.042, 1, 46.372, 46.372, 0.025, 0.134, 2.225, 2.258, 2.225, 2.258, 4.829, 7.377, 12.533, , , 1, 10.535, 0, 0, 13.7, 2.426, 167, 0, 0, 0, 54, 4.229, 4.156, 123.8, 29.998, 100, 0, 0, 28.815, 28.5, 4, 0.72, 89.5, 0, 0, 95.907, 46.6, 0, 0, 0, 0, 0, 13.5, 0, 13.7, 0, 2.426, 167, 0, 0, 0, 54, 1, 0.004, 0.004, 123.8, 29.998, 100, 0, 0, 141, 28.813, 28.5, 4, 0.72, 0, 89.5, 0, 0, 95.907, 46.6, 0, 0.9, 0, 0, 
10.55, 17.04, 100.33, 73.263, 73.986, , 0.315, 0.986, 697.756, 697.756, 2.427, 9.341, 9.341, 9.341, 52.385, 75.41, 36.034, 35.982, 7.377, 12.534, 0, 0, 1.142, 1.156, 1.142, 1.156, 1, 46.387, 46.387, 0.025, 0.134, 2.464, 2.499, 2.464, 2.499, 4.828, 7.377, 12.534, , , 1, 10.585, 0, 0, 13.7, 2.427, 167, 0, 0, 0, 54, 4.223, 4.143, 123.8, 30.069, 100, 0, 0, 28.718, 28.5, 4, 0.72, 89.5, 0, 0, 95.859, 46.6, 0, 0, 0, 0, 0, 13.5, 0, 13.7, 0, 2.427, 167, 0, 0, 0, 54, 1, 0.004, 0.004, 123.8, 30.069, 100, 0, 0, 141, 28.717, 28.5, 4, 0.72, 0, 89.5, 0, 0, 95.859, 46.6, 0, 0.9, 0, 0, 
10.6, 17.04, 100.33, 73.267, 73.986, , 0.381, 0.986, 701.14, 701.14, 2.429, 10.917, 10.917, 10.917, 52.385, 71.657, 36.068, 36.095, 7.377, 12.538, 0, 0, 1.335, 1.352, 1.335, 1.352, 1, 46.404, 46.404, 0.025, 0.134, 2.878, 2.92, 2.878, 2.92, 4.813, 7.377, 12.538, , , 1, 10.635, 0, 0, 13.7, 2.429, 167, 0, 0, 0, 54, 4.217, 4.131, 123.8, 30.14, 100, 0, 0, 28.622, 28.5, 4, 0.72, 89.5, 0, 0, 95.811, 46.6, 0, 0, 0, 0, 0, 13.5, 0, 13.7, 0, 2.429, 167, 0, 0, 0, 54, 1, 0.004, 0.004, 123.8, 30.14, 100, 0, 0, 141, 28.621, 28.5, 4, 0.72, 0, 89.5, 0, 0, 95.811, 46.6, 0, 0.9, 0, 0, 
10.65, 17.04, 100.33, 73.269, 73.987, , 0.417, 0.986, 704.549, 704.549, 2.431, 11.76, 11.76, 11.76, 52.374, 67.904, 35.77, 35.908, 7.377, 12.544, 0, 0, 1.438, 1.457, 1.438, 1.457, 1, 46.424, 46.424, 0.025, 0.134, 3.1, 3.145, 3.1, 3.145, 4.798, 7.377, 12.544, , , 1, 10.685, 0, 0, 13.7, 2.431, 167, 0, 0, 0, 54, 4.212, 4.118, 123.8, 30.212, 100, 0, 0, 28.525, 28.5, 4, 0.72, 89.5, 0, 0, 95.762, 46.6, 0, 0, 0, 0, 0, 13.5, 0, 13.7, 0, 2.431, 167, 0, 0, 0, 54, 1, 0.004, 0.004, 123.8, 30.212, 100, 0, 0, 141, 28.525, 28.5, 4, 0.72, 0, 89.5, 0, 0, 95.762, 46.6, 0, 0.9, 0, 0, 
10.7, 17.04, 100.33, 73.265, 73.987, , 0.399, 0.986, 707.976, 707.976, 2.432, 11.332, 11.332, 11.332, 52.355, 64.15, 35.471, 35.722, 7.377, 12.551, 0, 0, 1.385, 1.405, 1.385, 1.405, 1, 46.444, 46.444, 0.025, 0.134, 2.987, 3.031, 2.987, 3.031, 4.782, 7.377, 12.551, , , 1, 10.735, 0, 0, 13.7, 2.432, 167, 0, 0, 0, 54, 4.21, 4.113, 123.8, 30.23, 100, 0, 0, 28.5, 28.5, 4, 0.72, 89.5, 0, 0, 95.71, 46.6, 0, 0, 0, 0, 0, 13.5, 0, 13.7, 0, 2.432, 167, 0, 0, 0, 54, 1, 0.004, 0.004, 123.8, 30.23, 100, 0, 0, 141, 28.5, 28.5, 4, 0.72, 0, 89.5, 0, 0, 95.71, 46.6, 0, 0.9, 0, 0, 
10.75, 17.04, 100.33, 73.261, 73.988, , 0.264, 0.986, 711.36, 711.36, 2.432, 8.147, 8.147, 8.147, 52.336, 60.397, 35.172, 35.535, 7.377, 12.559, 0, 0, 0.996, 1.012, 0.996, 1.012, 1, 46.46, 46.46, 0.025, 0.134, 2.147, 2.179, 2.147, 2.179, 4.767, 7.377, 12.559, , , 1, 10.785, 0, 0, 13.7, 2.432, 167, 0, 0, 0, 54, 4.21, 4.109, 123.8, 30.23, 100, 0, 0, 28.5, 28.5, 4, 0.72, 89.5, 0, 0, 95.656, 46.6, 0, 0, 0, 0, 0, 13.5, 0, 13.7, 0, 2.432, 167, 0, 0, 0, 54, 1, 0.004, 0.004, 123.8, 30.23, 100, 0, 0, 141, 28.5, 28.5, 4, 0.72, 0, 89.5, 0, 0, 95.656, 46.6, 0, 0.9, 0, 0, 
10.8, 17.04, 100.33, 73.258, 73.988, , 0.181, 0.986, 714.744, 714.744, 2.432, 6.181, 6.181, 6.181, 52.321, 56.644, 34.873, 35.348, 7.377, 12.562, 0, 0, 0.755, 0.769, 0.755, 0.769, 1, 46.471, 46.471, 0.025, 0.134, 1.628, 1.654, 1.628, 1.654, 4.772, 7.377, 12.562, , , 1, 10.835, 0, 0, 13.7, 2.432, 167, 0, 0, 0, 54, 4.21, 4.106, 123.8, 30.23, 100, 0, 0, 28.5, 28.5, 4, 0.72, 89.5, 0, 0, 95.602, 46.6, 0, 0, 0, 0, 0, 13.5, 0, 13.7, 0, 2.432, 167, 0, 0, 0, 54, 1, 0.004, 0.004, 123.8, 30.23, 100, 0, 0, 141, 28.5, 28.5, 4, 0.72, 0, 89.5, 0, 0, 95.602, 46.6, 0, 0.9, 0, 0, 
10.85, 17.04, 100.33, 73.254, 73.988, , 0.126, 0.986, 718.147, 718.147, 2.432, 4.873, 4.873, 4.873, 52.309, 52.89, 34.76, 35.24, 7.377, 12.563, 0, 0, 0.595, 0.607, 0.595, 0.607, 1, 46.478, 46.478, 0.025, 0.134, 1.284, 1.305, 1.284, 1.305, 4.779, 7.377, 12.563, , , 1, 10.885, 0, 0, 13.7, 2.432, 167, 0, 0, 0, 54, 4.21, 4.103, 123.8, 30.23, 100, 0, 0, 28.5, 28.5, 4, 0.72, 89.5, 0, 0, 95.548, 46.6, 0, 0, 0, 0, 0, 13.5, 0, 13.7, 0, 2.432, 167, 0, 0, 0, 54, 1, 0.004, 0.004, 123.8, 30.23, 100, 0, 0, 141, 28.5, 28.5, 4, 0.72, 0, 89.5, 0, 0, 95.548, 46.6, 0, 0.9, 0, 0, 
10.9, 17.04, 100.33, 73.25, 73.989, , 0.092, 0.986, 721.58, 721.58, 2.432, 4.057, 4.057, 4.057, 52.296, 49.137, 34.904, 35.24, 7.377, 12.558, 0, 0, 0.496, 0.506, 0.496, 0.506, 1, 46.483, 46.483, 0.025, 0.135, 1.07, 1.087, 1.07, 1.087, 4.786, 7.377, 12.558, , , 1, 10.935, 0, 0, 13.7, 2.432, 167, 0, 0, 0, 54, 4.211, 4.102, 123.8, 30.221, 100, 0, 0, 28.5, 28.5, 4, 0.72, 89.5, 0, 0, 95.51, 46.612, 0, 0, 0, 0, 0, 13.5, 0, 13.7, 0, 2.432, 167, 0, 0, 0, 54, 1, 0.004, 0.004, 123.8, 30.221, 100, 0, 0, 141, 28.5, 28.5, 4, 0.72, 0, 89.5, 0, 0, 95.51, 46.612, 0, 0.9, 0, 0, 
10.95, 17.04, 100.33, 73.246, 73.989, , 0.148, 0.986, 724.964, 724.964, 2.432, 5.397, 5.397, 5.397, 52.285, 45.383, 35.048, 35.24, 7.377, 12.55, 0, 0, 0.661, 0.671, 0.661, 0.671, 1, 46.488, 46.488, 0.025, 0.135, 1.425, 1.448, 1.425, 1.448, 4.792, 7.377, 12.55, , , 1, 10.985, 0, 0, 13.7, 2.432, 167, 0, 0, 0, 54, 4.221, 4.127, 123.8, 30.147, 100, 0, 0, 28.5, 28.5, 4, 0.72, 89.5, 0, 0, 95.611, 46.737, 0, 0, 0, 0, 0, 13.5, 0, 13.7, 0, 2.432, 167, 0, 0, 0, 54, 1, 0.004, 0.004, 123.8, 30.147, 100, 0, 0, 141, 28.5, 28.5, 4, 0.72, 0, 89.5, 0, 0, 95.611, 46.737, 0, 0.9, 0, 0, 
11, 17.04, 100.33, 73.242, 73.99, , 0.204, 0.986, 728.38, 728.38, 2.431, 6.718, 6.718, 6.718, 52.278, 41.63, 35.192, 35.24, 7.377, 12.538, 0, 0, 0.822, 0.834, 0.822, 0.834, 1, 46.497, 46.497, 0.025, 0.135, 1.774, 1.801, 1.774, 1.801, 4.798, 7.377, 12.538, , , 1, 11.035, 0, 0, 13.7, 2.431, 167, 0, 0, 0, 54, 4.231, 4.151, 123.8, 30.072, 100, 0, 0, 28.5, 28.5, 4, 0.72, 89.5, 0, 0, 95.712, 46.861, 0, 0, 0, 0, 0, 13.5, 0, 13.7, 0, 2.431, 167, 0, 0, 0, 54, 1, 0.004, 0.004, 123.8, 30.072, 100, 0, 0, 141, 28.5, 28.5, 4, 0.72, 0, 89.5, 0, 0, 95.712, 46.861, 0, 0.9, 0, 0, 
11.05, 17.04, 100.33, 73.239, 73.99, , 0.239, 0.986, 731.799, 731.799, 2.431, 7.55, 7.55, 7.55, 52.278, 57.07, 35.336, 35.24, 7.377, 12.524, 0, 0, 0.924, 0.936, 0.924, 0.936, 1, 46.51, 46.51, 0.025, 0.135, 1.994, 2.023, 1.994, 2.023, 4.803, 7.377, 12.524, , , 1, 11.085, 0, 0, 13.7, 2.431, 167, 0, 0, 0, 54, 4.241, 4.175, 123.8, 29.998, 100, 0, 0, 28.5, 28.5, 4, 0.72, 89.5, 0, 0, 95.812, 46.986, 0, 0, 0, 0, 0, 13.5, 0, 13.7, 0, 2.431, 167, 0, 0, 0, 54, 1, 0.004, 0.004, 123.8, 29.998, 100, 0, 0, 141, 28.5, 28.5, 4, 0.72, 0, 89.5, 0, 0, 95.812, 46.986, 0, 0.9, 0, 0, 
11.1, 17.039, 100.33, 73.235, 73.99, , 0.222, 0.986, 735.183, 735.183, 2.43, 7.157, 7.157, 7.157, 52.285, 57.789, 35.405, 35.225, 7.377, 12.512, 0, 0, 0.877, 0.887, 0.877, 0.887, 1, 46.521, 46.521, 0.025, 0.134, 1.89, 1.918, 1.89, 1.918, 4.808, 7.377, 12.512, , , 1, 11.135, 0, 0, 13.7, 2.43, 167, 0, 0, 0, 54, 4.251, 4.199, 123.8, 29.924, 100, 0, 0, 28.5, 28.5, 4, 0.72, 89.5, 0, 0, 95.913, 47.11, 0, 0, 0, 0, 0, 13.5, 0, 13.7, 0, 2.43, 167, 0, 0, 0, 54, 1, 0.004, 0.004, 123.8, 29.924, 100, 0, 0, 141, 28.5, 28.5, 4, 0.72, 0, 89.5, 0, 0, 95.913, 47.11, 0, 0.9, 0, 0, 
11.15, 17.038, 100.33, 73.231, 73.989, , 0.244, 0.986, 738.612, 738.612, 2.43, 7.672, 7.672, 7.672, 52.3, 58.508, 35.369, 35.189, 7.377, 12.501, 0, 0, 0.94, 0.952, 0.94, 0.952, 1, 46.533, 46.533, 0.025, 0.134, 2.026, 2.055, 2.026, 2.055, 4.813, 7.377, 12.501, , , 1, 11.185, 0, 0, 13.703, 2.43, 167, 0, 0, 0, 54, 4.26, 4.219, 123.8, 29.86, 100, 0, 0, 28.513, 28.513, 4, 0.72, 89.5, 0, 0, 95.987, 47.22, 0, 0, 0, 0, 0, 13.5, 0, 13.703, 0, 2.43, 167, 0, 0, 0, 54, 1, 0.004, 0.004, 123.8, 29.86, 100, 0, 0, 141, 28.513, 28.513, 4, 0.72, 0, 89.5, 0, 0, 95.987, 47.22, 0, 0.897, 0, 0, 
11.2, 17.037, 100.33, 73.227, 73.989, , 0.218, 0.986, 742.019, 742.019, 2.432, 7.04, 7.04, 7.04, 52.322, 59.227, 35.333, 35.153, 7.377, 12.496, 0, 0, 0.862, 0.874, 0.862, 0.874, 1, 46.548, 46.548, 0.024, 0.134, 1.858, 1.884, 1.858, 1.884, 4.821, 7.377, 12.496, , , 1, 11.235, 0, 0, 13.722, 2.432, 167, 0, 0, 0, 54, 4.26, 4.207, 123.8, 29.86, 100, 0, 0, 28.61, 28.61, 4, 0.72, 89.5, 0, 0, 95.89, 47.22, 0, 0, 0, 0, 0, 13.5, 0, 13.722, 0, 2.432, 167, 0, 0, 0, 54, 1, 0.004, 0.004, 123.8, 29.86, 100, 0, 0, 141, 28.61, 28.61, 4, 0.72, 0, 89.5, 0, 0, 95.89, 47.22, 0, 0.878, 0, 0, 
11.25, 17.036, 100.33, 73.223, 73.989, , 0.162, 0.986, 745.41, 745.41, 2.435, 5.734, 5.734, 5.734, 52.345, 59.946, 35.297, 35.117, 7.378, 12.494, 0, 0, 0.702, 0.712, 0.702, 0.712, 1, 46.556, 46.556, 0.024, 0.134, 1.513, 1.534, 1.513, 1.534, 4.834, 7.378, 12.494, , , 1, 11.285, 0, 0, 13.741, 2.435, 167, 0, 0, 0, 54, 4.26, 4.195, 123.8, 29.86, 100, 0, 0, 28.706, 28.706, 4, 0.72, 89.5, 0, 0, 95.794, 47.22, 0, 0, 0, 0, 0, 13.5, 0, 13.741, 0, 2.435, 167, 0, 0, 0, 54, 1, 0.004, 0.004, 123.8, 29.86, 100, 0, 0, 141, 28.706, 28.706, 4, 0.72, 0, 89.5, 0, 0, 95.794, 47.22, 0, 0.859, 0, 0, 
11.3, 17.035, 100.33, 73.22, 73.988, , 0.193, 0.986, 748.844, 748.844, 2.437, 6.46, 6.46, 6.46, 52.365, 60.665, 35.261, 35.081, 7.379, 12.497, 0, 0, 0.792, 0.802, 0.792, 0.802, 1, 46.564, 46.564, 0.024, 0.134, 1.704, 1.729, 1.704, 1.729, 4.846, 7.379, 12.497, , , 1, 11.335, 0, 0, 13.76, 2.437, 167, 0, 0, 0, 54, 4.26, 4.184, 123.8, 29.86, 100, 0, 0, 28.802, 28.802, 4, 0.72, 89.5, 0, 0, 95.698, 47.22, 0, 0, 0, 0, 0, 13.5, 0, 13.76, 0, 2.437, 167, 0, 0, 0, 54, 1, 0.004, 0.004, 123.8, 29.86, 100, 0, 0, 141, 28.802, 28.802, 4, 0.72, 0, 89.5, 0, 0, 95.698, 47.22, 0, 0.84, 0, 0, 
11.35, 17.033, 100.33, 73.216, 73.988, , 0.269, 0.986, 752.239, 752.239, 2.439, 8.254, 8.254, 8.254, 52.381, 61.384, 35.164, 35.105, 7.38, 12.505, 0, 0, 1.011, 1.024, 1.011, 1.024, 1, 46.574, 46.574, 0.024, 0.133, 2.176, 2.208, 2.176, 2.208, 4.859, 7.38, 12.505, , , 1, 11.385, 0, 0, 13.78, 2.439, 167, 0, 0, 0, 54, 4.26, 4.172, 123.8, 29.86, 100, 0, 0, 28.898, 28.898, 4, 0.72, 89.5, 0, 0, 95.602, 47.22, 0, 0, 0, 0, 0, 13.5, 0, 13.78, 0, 2.439, 167, 0, 0, 0, 54, 1, 0.004, 0.004, 123.8, 29.86, 100, 0, 0, 141, 28.898, 28.898, 4, 0.72, 0, 89.5, 0, 0, 95.602, 47.22, 0, 0.82, 0, 0, 
11.4, 17.032, 100.33, 73.212, 73.987, , 0.304, 0.986, 755.645, 755.645, 2.441, 9.097, 9.097, 9.097, 52.386, 62.103, 34.984, 35.213, 7.382, 12.514, 0, 0, 1.114, 1.128, 1.114, 1.128, 1, 46.591, 46.591, 0.024, 0.133, 2.397, 2.433, 2.397, 2.433, 4.87, 7.382, 12.514, , , 1, 11.435, 0, 0, 13.799, 2.441, 167, 0, 0, 0, 54, 4.26, 4.161, 123.8, 29.86, 100, 0, 0, 28.994, 28.994, 4, 0.72, 89.5, 0, 0, 95.506, 47.22, 0, 0, 0, 0, 0, 13.5, 0, 13.799, 0, 2.441, 167, 0, 0, 0, 54, 1, 0.004, 0.004, 123.8, 29.86, 100, 0, 0, 141, 28.994, 28.994, 4, 0.72, 0, 89.5, 0, 0, 95.506, 47.22, 0, 0.801, 0, 0, 
11.45, 17.031, 100.33, 73.208, 73.987, , 0.271, 0.986, 759.076, 759.076, 2.441, 8.323, 8.323, 8.323, 52.386, 62.822, 34.804, 35.321, 7.383, 12.524, 0, 0, 1.019, 1.032, 1.019, 1.032, 1, 46.605, 46.605, 0.024, 0.133, 2.192, 2.227, 2.192, 2.227, 4.878, 7.383, 12.524, , , 1, 11.485, 0, 0, 13.8, 2.441, 167, 0, 0, 0, 54, 4.254, 4.164, 123.8, 29.86, 100, 0, 0, 28.902, 29, 4, 0.72, 89.5, 0, 0, 95.5, 47.22, 0, 0, 0, 0, 0, 13.5, 0, 13.8, 0, 2.441, 167, 0, 0, 0, 54, 1, 0.004, 0.004, 123.8, 29.86, 100, 0, 0, 141, 28.902, 29, 4, 0.72, 0, 89.5, 0, 0, 95.5, 47.22, 0, 0.8, 0, 0, 
11.5, 17.03, 100.33, 73.204, 73.987, , 0.282, 0.986, 762.46, 762.46, 2.442, 8.58, 8.58, 8.58, 52.382, 63.54, 34.624, 35.429, 7.384, 12.531, 0, 0, 1.052, 1.065, 1.052, 1.065, 1, 46.618, 46.618, 0.024, 0.133, 2.259, 2.295, 2.259, 2.295, 4.886, 7.384, 12.531, , , 1, 11.536, 0, 0, 13.8, 2.442, 167, 0, 0, 0, 54, 4.248, 4.168, 123.8, 29.86, 100, 0, 0, 28.799, 29, 4, 0.72, 89.5, 0, 0, 95.5, 47.22, 0, 0, 0, 0, 0, 13.5, 0, 13.8, 0, 2.442, 167, 0, 0, 0, 54, 1, 0.004, 0.004, 123.8, 29.86, 100, 0, 0, 141, 28.799, 29, 4, 0.72, 0, 89.5, 0, 0, 95.5, 47.22, 0, 0.8, 0, 0, 
11.55, 17.029, 100.33, 73.2, 73.986, , 0.289, 0.986, 765.878, 765.878, 2.442, 8.744, 8.744, 8.744, 52.372, 64.259, 34.444, 35.537, 7.384, 12.536, 0, 0, 1.072, 1.086, 1.072, 1.086, 1, 46.632, 46.632, 0.024, 0.133, 2.301, 2.339, 2.301, 2.339, 4.894, 7.384, 12.536, , , 1, 11.585, 0, 0, 13.8, 2.442, 167, 0, 0, 0, 54, 4.242, 4.172, 123.8, 29.86, 100, 0, 0, 28.695, 29, 4, 0.72, 89.5, 0, 0, 95.5, 47.22, 0, 0, 0, 0, 0, 13.5, 0, 13.8, 0, 2.442, 167, 0, 0, 0, 54, 1, 0.004, 0.004, 123.8, 29.86, 100, 0, 0, 141, 28.695, 29, 4, 0.72, 0, 89.5, 0, 0, 95.5, 47.22, 0, 0.8, 0, 0, 
11.6, 17.028, 100.33, 73.197, 73.986, , 0.292, 0.986, 769.312, 769.312, 2.443, 8.824, 8.824, 8.824, 52.358, 64.978, 34.446, 35.691, 7.384, 12.536, 0, 0, 1.083, 1.098, 1.083, 1.098, 1, 46.647, 46.647, 0.024, 0.133, 2.323, 2.36, 2.323, 2.36, 4.902, 7.384, 12.536, , , 1, 11.636, 0, 0, 13.8, 2.443, 167, 0, 0, 0, 54, 4.235, 4.176, 123.8, 29.86, 100, 0, 0, 28.591, 29, 4, 0.72, 89.5, 0, 0, 95.5, 47.22, 0, 0, 0, 0, 0, 13.5, 0, 13.8, 0, 2.443, 167, 0, 0, 0, 54, 1, 0.004, 0.004, 123.8, 29.86, 100, 0, 0, 141, 28.591, 29, 4, 0.72, 0, 89.5, 0, 0, 95.5, 47.22, 0, 0.8, 0, 0, 
11.65, 17.027, 100.33, 73.193, 73.986, , 0.292, 0.986, 772.746, 772.746, 2.443, 8.82, 8.82, 8.82, 52.338, 65.697, 34.698, 35.907, 7.383, 12.532, 0, 0, 1.085, 1.098, 1.085, 1.098, 1, 46.662, 46.662, 0.024, 0.133, 2.325, 2.36, 2.325, 2.36, 4.887, 7.383, 12.532, , , 1, 11.685, 0, 0, 13.8, 2.443, 167, 0, 0, 0, 54, 4.23, 4.179, 123.8, 29.86, 100, 0, 0, 28.505, 29, 4, 0.72, 89.497, 0, 0, 95.5, 47.22, 0, 0, 0, 0, 0, 13.5, 0, 13.8, 0, 2.443, 167, 0, 0, 0, 54, 1, 0.004, 0.004, 123.8, 29.86, 100, 0, 0, 141, 28.505, 29, 4, 0.72, 0, 89.497, 0, 0, 95.5, 47.22, 0, 0.8, 0, 0, 
11.7, 17.025, 100.33, 73.189, 73.985, , 0.352, 0.986, 776.132, 776.132, 2.444, 10.237, 10.237, 10.237, 52.315, 66.416, 34.95, 36.123, 7.382, 12.527, 0, 0, 1.259, 1.275, 1.259, 1.275, 1, 46.678, 46.678, 0.024, 0.133, 2.701, 2.741, 2.701, 2.741, 4.872, 7.382, 12.527, , , 1, 11.736, 0, 0, 13.8, 2.444, 167, 0, 0, 0, 54, 4.228, 4.172, 123.8, 29.86, 100, 0, 0, 28.546, 29, 4, 0.72, 89.477, 0, 0, 95.5, 47.22, 0, 0, 0, 0, 0, 13.5, 0, 13.8, 0, 2.444, 167, 0, 0, 0, 54, 1, 0.004, 0.004, 123.8, 29.86, 100, 0, 0, 141, 28.546, 29, 4, 0.72, 0, 89.477, 0, 0, 95.5, 47.22, 0, 0.8, 0, 0, 
11.75, 17.024, 100.33, 73.185, 73.985, , 0.423, 0.986, 779.545, 779.545, 2.444, 11.908, 11.908, 11.908, 52.288, 67.135, 35.202, 36.339, 7.381, 12.519, 0, 0, 1.464, 1.484, 1.464, 1.484, 1, 46.696, 46.696, 0.024, 0.133, 3.143, 3.19, 3.143, 3.19, 4.856, 7.381, 12.519, , , 1, 11.785, 0, 0, 13.8, 2.444, 167, 0, 0, 0, 54, 4.226, 4.164, 123.8, 29.86, 100, 0, 0, 28.587, 29, 4, 0.72, 89.456, 0, 0, 95.5, 47.22, 0, 0, 0, 0, 0, 13.5, 0, 13.8, 0, 2.444, 167, 0, 0, 0, 54, 1, 0.004, 0.004, 123.8, 29.86, 100, 0, 0, 141, 28.587, 29, 4, 0.72, 0, 89.456, 0, 0, 95.5, 47.22, 0, 0.8, 0, 0, 
11.8, 17.023, 100.33, 73.181, 73.984, , 0.49, 0.986, 782.978, 782.978, 2.445, 13.515, 13.515, 13.515, 52.255, 67.854, 35.454, 36.555, 7.381, 12.515, 0, 0, 1.662, 1.684, 1.662, 1.684, 1, 46.719, 46.719, 0.024, 0.133, 3.57, 3.623, 3.57, 3.623, 4.841, 7.381, 12.515, , , 1, 11.835, 0, 0, 13.8, 2.445, 167, 0, 0, 0, 54, 4.224, 4.157, 123.8, 29.86, 100, 0, 0, 28.628, 29, 4, 0.72, 89.436, 0, 0, 95.5, 47.22, 0, 0, 0, 0, 0, 13.5, 0, 13.8, 0, 2.445, 167, 0, 0, 0, 54, 1, 0.004, 0.004, 123.8, 29.86, 100, 0, 0, 141, 28.628, 29, 4, 0.72, 0, 89.436, 0, 0, 95.5, 47.22, 0, 0.8, 0, 0, 
11.85, 17.022, 100.33, 73.178, 73.984, , 0.528, 0.986, 786.412, 786.412, 2.446, 14.401, 14.401, 14.401, 52.22, 68.573, 35.585, 36.65, 7.382, 12.513, 0, 0, 1.772, 1.795, 1.772, 1.795, 1, 46.745, 46.745, 0.024, 0.133, 3.807, 3.864, 3.807, 3.864, 4.826, 7.382, 12.513, , , 1, 11.885, 0, 0, 13.8, 2.446, 167, 0, 0, 0, 54, 4.222, 4.15, 123.8, 29.86, 100, 0, 0, 28.669, 29, 4, 0.72, 89.415, 0, 0, 95.5, 47.22, 0, 0, 0, 0, 0, 13.5, 0, 13.8, 0, 2.446, 167, 0, 0, 0, 54, 1, 0.004, 0.004, 123.8, 29.86, 100, 0, 0, 141, 28.669, 29, 4, 0.72, 0, 89.415, 0, 0, 95.5, 47.22, 0, 0.8, 0, 0, 
11.9, 17.021, 100.33, 73.174, 73.984, , 0.476, 0.986, 789.846, 789.846, 2.446, 13.177, 13.177, 13.177, 52.184, 69.292, 35.549, 36.578, 7.382, 12.514, 0, 0, 1.622, 1.644, 1.622, 1.644, 1, 46.771, 46.771, 0.024, 0.132, 3.484, 3.537, 3.484, 3.537, 4.812, 7.382, 12.514, , , 1, 11.935, 0, 0, 13.8, 2.446, 167, 0, 0, 0, 54, 4.22, 4.142, 123.8, 29.86, 100, 0, 0, 28.71, 29, 4, 0.72, 89.395, 0, 0, 95.5, 47.22, 0, 0, 0, 0, 0, 13.5, 0, 13.8, 0, 2.446, 167, 0, 0, 0, 54, 1, 0.004, 0.004, 123.8, 29.86, 100, 0, 0, 141, 28.71, 29, 4, 0.72, 0, 89.395, 0, 0, 95.5, 47.22, 0, 0.8, 0, 0, 
11.95, 17.02, 100.33, 73.17, 73.983, , 0.418, 0.986, 793.254, 793.254, 2.447, 11.801, 11.801, 11.801, 52.153, 70.011, 35.513, 36.506, 7.382, 12.516, 0, 0, 1.453, 1.474, 1.453, 1.474, 1, 46.794, 46.794, 0.024, 0.132, 3.122, 3.17, 3.122, 3.17, 4.797, 7.382, 12.516, , , 1, 11.985, 0, 0, 13.8, 2.447, 167, 0, 0, 0, 54, 4.217, 4.135, 123.8, 29.86, 100, 0, 0, 28.751, 29, 4, 0.72, 89.374, 0, 0, 95.5, 47.22, 0, 0, 0, 0, 0, 13.5, 0, 13.8, 0, 2.447, 167, 0, 0, 0, 54, 1, 0.004, 0.004, 123.8, 29.86, 100, 0, 0, 141, 28.751, 29, 4, 0.72, 0, 89.374, 0, 0, 95.5, 47.22, 0, 0.8, 0, 0, 
12, 17.019, 100.33, 73.174, 73.983, , 0.377, 0.986, 796.644, 796.644, 2.448, 10.82, 10.82, 10.82, 52.125, 70.73, 35.477, 36.434, 7.382, 12.518, 0, 0, 1.333, 1.352, 1.333, 1.352, 1, 46.812, 46.812, 0.024, 0.132, 2.864, 2.909, 2.864, 2.909, 4.783, 7.382, 12.518, , , 1, 12.035, 0, 0, 13.8, 2.448, 167, 0, 0, 0, 54, 4.215, 4.127, 123.8, 29.86, 100, 0, 0, 28.792, 29, 4, 0.72, 89.354, 0, 0, 95.5, 47.22, 0, 0, 0, 0, 0, 13.5, 0, 13.8, 0, 2.448, 167, 0, 0, 0, 54, 1, 0.004, 0.004, 123.8, 29.86, 100, 0, 0, 141, 28.792, 29, 4, 0.72, 0, 89.354, 0, 0, 95.5, 47.22, 0, 0.8, 0, 0, 
12.05, 17.017, 100.33, 73.178, 73.982, , 0.398, 0.986, 800.078, 800.078, 2.448, 11.32, 11.32, 11.32, 52.106, 71.449, 35.441, 36.362, 7.382, 12.522, 0, 0, 1.395, 1.415, 1.395, 1.415, 1, 46.831, 46.831, 0.024, 0.132, 2.998, 3.045, 2.998, 3.045, 4.771, 7.382, 12.522, , , 1, 12.084, 0, 0, 13.8, 2.448, 167, 0, 0, 0, 54, 4.213, 4.12, 123.8, 29.86, 100, 0, 0, 28.833, 29, 4, 0.72, 89.333, 0, 0, 95.5, 47.22, 0, 0, 0, 0, 0, 13.5, 0, 13.8, 0, 2.448, 167, 0, 0, 0, 54, 1, 0.004, 0.004, 123.8, 29.86, 100, 0, 0, 141, 28.833, 29, 4, 0.72, 0, 89.333, 0, 0, 95.5, 47.22, 0, 0.8, 0, 0, 
12.1, 17.016, 100.33, 73.181, 73.982, , 0.372, 0.986, 803.512, 803.512, 2.449, 10.722, 10.722, 10.722, 52.099, 72.168, 35.435, 36.229, 7.381, 12.524, 0, 0, 1.322, 1.341, 1.322, 1.341, 1, 46.851, 46.851, 0.024, 0.132, 2.84, 2.885, 2.84, 2.885, 4.762, 7.381, 12.524, , , 1, 12.135, 0, 0, 13.8, 2.449, 167, 0, 0, 0, 54, 4.211, 4.113, 123.8, 29.86, 100, 0, 0, 28.874, 29, 4, 0.72, 89.313, 0, 0, 95.5, 47.22, 0, 0, 0, 0, 0, 13.5, 0, 13.8, 0, 2.449, 167, 0, 0, 0, 54, 1, 0.004, 0.004, 123.8, 29.86, 100, 0, 0, 141, 28.874, 29, 4, 0.72, 0, 89.313, 0, 0, 95.5, 47.22, 0, 0.8, 0, 0, 
12.15, 17.015, 100.33, 73.185, 73.982, , 0.362, 0.986, 806.946, 806.946, 2.45, 10.469, 10.469, 10.469, 52.121, 72.887, 35.471, 36.013, 7.38, 12.524, 0, 0, 1.291, 1.309, 1.291, 1.309, 1, 46.868, 46.868, 0.024, 0.131, 2.772, 2.816, 2.772, 2.816, 4.753, 7.38, 12.524, , , 1, 12.185, 0, 0, 13.8, 2.45, 167, 0, 0, 0, 54, 4.209, 4.105, 123.8, 29.86, 100, 0, 0, 28.915, 29, 4, 0.72, 89.293, 0, 0, 95.5, 47.22, 0, 0, 0, 0, 0, 13.5, 0, 13.8, 0, 2.45, 167, 0, 0, 0, 54, 1, 0.004, 0.004, 123.8, 29.86, 100, 0, 0, 141, 28.915, 29, 4, 0.72, 0, 89.293, 0, 0, 95.5, 47.22, 0, 0.8, 0, 0, 
12.2, 17.014, 100.33, 73.189, 73.981, , 0.392, 0.986, 810.379, 810.379, 2.45, 11.182, 11.182, 11.182, 52.163, 73.606, 35.507, 35.797, 7.379, 12.526, 0, 0, 1.38, 1.398, 1.38, 1.398, 1, 46.886, 46.886, 0.024, 0.131, 2.959, 3.007, 2.959, 3.007, 4.744, 7.379, 12.526, , , 1, 12.235, 0, 0, 13.8, 2.45, 167, 0, 0, 0, 54, 4.207, 4.098, 123.8, 29.86, 100, 0, 0, 28.956, 29, 4, 0.72, 89.272, 0, 0, 95.5, 47.22, 0, 0, 0, 0, 0, 13.5, 0, 13.8, 0, 2.45, 167, 0, 0, 0, 54, 1, 0.004, 0.004, 123.8, 29.86, 100, 0, 0, 141, 28.956, 29, 4, 0.72, 0, 89.272, 0, 0, 95.5, 47.22, 0, 0.8, 0, 0, 
12.25, 17.013, 100.33, 73.193, 73.981, , 0.35, 0.986, 813.813, 813.813, 2.451, 10.181, 10.181, 10.181, 52.221, 74.325, 35.543, 35.581, 7.378, 12.532, 0, 0, 1.257, 1.273, 1.257, 1.273, 1, 46.904, 46.904, 0.024, 0.131, 2.693, 2.735, 2.693, 2.735, 4.742, 7.378, 12.532, , , 1, 12.285, 0, 0, 13.8, 2.451, 167, 0, 0, 0, 54, 4.205, 4.091, 123.8, 29.86, 100, 0, 0, 28.997, 29, 4, 0.72, 89.252, 0, 0, 95.5, 47.22, 0, 0, 0, 0, 0, 13.5, 0, 13.8, 0, 2.451, 167, 0, 0, 0, 54, 1, 0.004, 0.004, 123.8, 29.86, 100, 0, 0, 141, 28.997, 29, 4, 0.72, 0, 89.252, 0, 0, 95.5, 47.22, 0, 0.8, 0, 0, 
12.3, 17.012, 100.33, 73.197, 73.981, , 0.269, 0.986, 817.247, 817.247, 2.453, 8.264, 8.264, 8.264, 52.295, 75.044, 35.579, 35.365, 7.378, 12.538, 0, 0, 1.02, 1.034, 1.02, 1.034, 1, 46.922, 46.922, 0.024, 0.131, 2.184, 2.218, 2.184, 2.218, 4.754, 7.378, 12.538, , , 1, 12.335, 0, 0, 13.8, 2.453, 167, 0, 0, 0, 54, 4.2, 4.088, 123.8, 29.86, 100, 0, 0, 29, 29, 4, 0.72, 89.2, 0, 0, 95.5, 47.22, 0, 0, 0, 0, 0, 13.5, 0, 13.8, 0, 2.453, 167, 0, 0, 0, 54, 1, 0.004, 0.004, 123.8, 29.86, 100, 0, 0, 141, 29, 29, 4, 0.72, 0, 89.2, 0, 0, 95.5, 47.22, 0, 0.8, 0, 0, 
12.35, 17.011, 100.33, 73.2, 73.98, , 0.186, 0.986, 820.681, 820.681, 2.456, 6.31, 6.31, 6.31, 52.352, 75.762, 35.66, 35.24, 7.378, 12.546, 0, 0, 0.778, 0.79, 0.778, 0.79, 1, 46.934, 46.934, 0.024, 0.131, 1.665, 1.691, 1.665, 1.691, 4.767, 7.378, 12.546, , , 1, 12.386, 0, 0, 13.8, 2.456, 167, 0, 0, 0, 54, 4.195, 4.086, 123.8, 29.86, 100, 0, 0, 29, 29, 4, 0.72, 89.145, 0, 0, 95.5, 47.22, 0, 0, 0, 0, 0, 13.5, 0, 13.8, 0, 2.456, 167, 0, 0, 0, 54, 1, 0.004, 0.004, 123.8, 29.86, 100, 0, 0, 141, 29, 29, 4, 0.72, 0, 89.145, 0, 0, 95.5, 47.22, 0, 0.8, 0, 0, 
12.4, 17.011, 100.33, 73.204, 73.98, , 0.139, 0.986, 824.115, 824.115, 2.459, 5.192, 5.192, 5.192, 52.39, 76.481, 35.804, 35.24, 7.378, 12.553, 0, 0, 0.641, 0.651, 0.641, 0.651, 1, 46.942, 46.942, 0.024, 0.131, 1.369, 1.39, 1.369, 1.39, 4.779, 7.378, 12.553, , , 1, 12.436, 0, 0, 13.8, 2.459, 167, 0, 0, 0, 54, 4.189, 4.084, 123.8, 29.86, 100, 0, 0, 29, 29, 4, 0.72, 89.091, 0, 0, 95.5, 47.22, 0, 0, 0, 0, 0, 13.5, 0, 13.8, 0, 2.459, 167, 0, 0, 0, 54, 1, 0.004, 0.004, 123.8, 29.86, 100, 0, 0, 141, 29, 29, 4, 0.72, 0, 89.091, 0, 0, 95.5, 47.22, 0, 0.8, 0, 0, 
12.45, 17.012, 100.33, 73.208, 73.981, , 0.14, 0.986, 827.598, 827.598, 2.461, 5.217, 5.217, 5.217, 52.408, 77.2, 35.948, 35.24, 7.379, 12.558, 0, 0, 0.644, 0.654, 0.644, 0.654, 1, 46.95, 46.95, 0.024, 0.131, 1.375, 1.395, 1.375, 1.395, 4.792, 7.379, 12.558, , , 1, 12.486, 0, 0, 13.8, 2.461, 167, 0, 0, 0, 54, 4.184, 4.081, 123.8, 29.86, 100, 0, 0, 29, 29, 4, 0.72, 89.036, 0, 0, 95.5, 47.22, 0, 0, 0, 0, 0, 13.5, 0, 13.8, 0, 2.461, 167, 0, 0, 0, 54, 1, 0.004, 0.004, 123.8, 29.86, 100, 0, 0, 141, 29, 29, 4, 0.72, 0, 89.036, 0, 0, 95.5, 47.22, 0, 0.8, 0, 0, 
12.5, 17.013, 100.33, 73.212, 73.981, , 0.197, 0.986, 831.051, 831.051, 2.463, 6.556, 6.556, 6.556, 52.403, 77.919, 36.092, 35.24, 7.379, 12.56, 0, 0, 0.809, 0.822, 0.809, 0.822, 1, 46.957, 46.957, 0.024, 0.131, 1.729, 1.755, 1.729, 1.755, 4.815, 7.379, 12.56, , , 1, 12.535, 0, 0, 13.8, 2.463, 167, 0, 0, 0, 54, 4.179, 4.08, 123.8, 29.885, 100, 0, 0, 29, 29, 4, 0.72, 89.034, 0, 0, 95.5, 47.22, 0, 0, 0, 0, 0, 13.5, 0, 13.8, 0, 2.463, 167, 0, 0, 0, 54, 1, 0.004, 0.004, 123.8, 29.885, 100, 0, 0, 141, 29, 29, 4, 0.72, 0, 89.034, 0, 0, 95.5, 47.22, 0, 0.8, 0, 0, 
12.55, 17.014, 100.33, 73.216, 73.981, , 0.267, 0.986, 834.485, 834.485, 2.462, 8.229, 8.229, 8.229, 52.377, 78.638, 36.236, 35.24, 7.38, 12.555, 0, 0, 1.016, 1.031, 1.016, 1.031, 1, 46.97, 46.97, 0.024, 0.131, 2.171, 2.204, 2.171, 2.204, 4.838, 7.38, 12.555, , , 1, 12.586, 0, 0, 13.8, 2.462, 167, 0, 0, 0, 54, 4.175, 4.08, 123.8, 29.959, 100, 0, 0, 29, 29, 4, 0.72, 89.134, 0, 0, 95.5, 47.22, 0, 0, 0, 0, 0, 13.5, 0, 13.8, 0, 2.462, 167, 0, 0, 0, 54, 1, 0.004, 0.004, 123.8, 29.959, 100, 0, 0, 141, 29, 29, 4, 0.72, 0, 89.134, 0, 0, 95.5, 47.22, 0, 0.8, 0, 0, 
12.6, 17.015, 100.33, 73.22, 73.982, , 0.285, 0.986, 837.919, 837.919, 2.461, 8.65, 8.65, 8.65, 52.356, 79.357, 36.154, 35.225, 7.38, 12.548, 0, 0, 1.07, 1.082, 1.07, 1.082, 1, 46.982, 46.982, 0.024, 0.131, 2.281, 2.316, 2.281, 2.316, 4.86, 7.38, 12.548, , , 1, 12.635, 0, 0, 13.8, 2.461, 167, 0, 0, 0, 54, 4.171, 4.08, 123.8, 30.033, 100, 0, 0, 29, 29, 4, 0.72, 89.234, 0, 0, 95.5, 47.22, 0, 0, 0, 0, 0, 13.5, 0, 13.8, 0, 2.461, 167, 0, 0, 0, 54, 1, 0.004, 0.004, 123.8, 30.033, 100, 0, 0, 141, 29, 29, 4, 0.72, 0, 89.234, 0, 0, 95.5, 47.22, 0, 0.8, 0, 0, 
12.65, 17.016, 100.33, 73.223, 73.982, , 0.228, 0.986, 841.352, 841.352, 2.46, 7.309, 7.309, 7.309, 52.346, 80.076, 35.758, 35.189, 7.379, 12.539, 0, 0, 0.903, 0.915, 0.903, 0.915, 1, 46.995, 46.995, 0.024, 0.131, 1.927, 1.959, 1.927, 1.959, 4.883, 7.379, 12.539, , , 1, 12.686, 0, 0, 13.8, 2.46, 167, 0, 0, 0, 54, 4.167, 4.08, 123.8, 30.107, 100, 0, 0, 29, 29, 4, 0.72, 89.334, 0, 0, 95.5, 47.22, 0, 0, 0, 0, 0, 13.5, 0, 13.8, 0, 2.46, 167, 0, 0, 0, 54, 1, 0.004, 0.004, 123.8, 30.107, 100, 0, 0, 141, 29, 29, 4, 0.72, 0, 89.334, 0, 0, 95.5, 47.22, 0, 0.8, 0, 0, 
12.7, 17.017, 100.33, 73.227, 73.982, , 0.181, 0.986, 844.786, 844.786, 2.459, 6.193, 6.193, 6.193, 52.349, 80.795, 35.362, 35.153, 7.379, 12.53, 0, 0, 0.764, 0.777, 0.764, 0.777, 1, 47.006, 47.006, 0.024, 0.131, 1.632, 1.66, 1.632, 1.66, 4.879, 7.379, 12.53, , , 1, 12.735, 0, 0, 13.8, 2.459, 167, 0, 0, 0, 54, 4.163, 4.08, 123.8, 30.181, 100, 0, 0, 29, 29, 4, 0.72, 89.434, 0, 0, 95.5, 47.22, 0, 0, 0, 0, 0, 13.5, 0, 13.8, 0, 2.459, 167, 0, 0, 0, 54, 1, 0.004, 0.004, 123.8, 30.181, 100, 0, 0, 141, 29, 29, 4, 0.72, 0, 89.434, 0, 0, 95.5, 47.22, 0, 0.8, 0, 0, 
12.75, 17.019, 100.33, 73.231, 73.983, , 0.15, 0.986, 848.22, 848.22, 2.459, 5.448, 5.448, 5.448, 52.367, 81.514, 34.966, 35.117, 7.378, 12.525, 0, 0, 0.673, 0.685, 0.673, 0.685, 1, 47.014, 47.014, 0.024, 0.131, 1.435, 1.459, 1.435, 1.459, 4.867, 7.378, 12.525, , , 1, 12.786, 0, 0, 13.8, 2.459, 167, 0, 0, 0, 54, 4.16, 4.076, 123.8, 30.192, 100, 0, 0, 29.017, 29, 4, 0.72, 89.466, 0, 0, 95.5, 47.22, 0, 0, 0, 0, 0, 13.5, 0, 13.8, 0, 2.459, 167, 0, 0, 0, 54, 1, 0.004, 0.004, 123.8, 30.192, 100, 0, 0, 141, 29.017, 29.017, 4, 0.72, 0, 89.466, 0, 0, 95.5, 47.22, 0, 0.8, 0, 0, 
12.8, 17.02, 100.33, 73.235, 73.983, , 0.121, 0.986, 851.653, 851.653, 2.46, 4.772, 4.772, 4.772, 52.388, 82.233, 34.57, 35.081, 7.378, 12.522, 0, 0, 0.59, 0.6, 0.59, 0.6, 1, 47.02, 47.02, 0.024, 0.131, 1.255, 1.276, 1.255, 1.276, 4.856, 7.378, 12.522, , , 1, 12.835, 0, 0, 13.8, 2.46, 167, 0, 0, 0, 54, 4.16, 4.064, 123.8, 30.081, 100, 0, 0, 29.067, 29, 4, 0.72, 89.366, 0, 0, 95.5, 47.22, 0, 0, 0, 0, 0, 13.5, 0, 13.8, 0, 2.46, 167, 0, 0, 0, 54, 1, 0.004, 0.004, 123.8, 30.081, 100, 0, 0, 141, 29.067, 29.067, 4, 0.72, 0, 89.366, 0, 0, 95.5, 47.22, 0, 0.8, 0, 0, 
12.85, 17.021, 100.33, 73.239, 73.984, , 0.124, 0.986, 855.129, 855.129, 2.462, 4.827, 4.827, 4.827, 52.407, 82.952, 34.34, 35.09, 7.377, 12.523, 0, 0, 0.596, 0.608, 0.596, 0.608, 1, 47.026, 47.026, 0.024, 0.132, 1.27, 1.29, 1.27, 1.29, 4.845, 7.377, 12.523, , , 1, 12.885, 0, 0, 13.8, 2.462, 167, 0, 0, 0, 54, 4.16, 4.052, 123.8, 29.97, 100, 0, 0, 29.117, 29, 4, 0.72, 89.266, 0, 0, 95.5, 47.22, 0, 0, 0, 0, 0, 13.5, 0, 13.8, 0, 2.462, 167, 0, 0, 0, 54, 1, 0.004, 0.004, 123.8, 29.97, 100, 0, 0, 141, 29.117, 29.117, 4, 0.72, 0, 89.266, 0, 0, 95.5, 47.22, 0, 0.8, 0, 0, 
12.9, 17.022, 100.33, 73.242, 73.984, , 0.126, 0.986, 858.589, 858.589, 2.464, 4.88, 4.88, 4.88, 52.418, 83.671, 34.34, 35.162, 7.377, 12.526, 0, 0, 0.603, 0.615, 0.603, 0.615, 1, 47.034, 47.034, 0.024, 0.132, 1.285, 1.304, 1.285, 1.304, 4.833, 7.377, 12.526, , , 1, 12.935, 0, 0, 13.8, 2.464, 167, 0, 0, 0, 54, 4.16, 4.04, 123.8, 29.859, 100, 0, 0, 29.167, 29, 4, 0.72, 89.166, 0, 0, 95.5, 47.22, 0, 0, 0, 0, 0, 13.5, 0, 13.8, 0, 2.464, 167, 0, 0, 0, 54, 1, 0.004, 0.004, 123.8, 29.859, 100, 0, 0, 141, 29.167, 29.167, 4, 0.72, 0, 89.166, 0, 0, 95.5, 47.22, 0, 0.8, 0, 0, 
12.95, 17.023, 100.33, 73.246, 73.984, , 0.107, 0.986, 862.023, 862.023, 2.465, 4.438, 4.438, 4.438, 52.424, 84.39, 34.34, 35.234, 7.377, 12.532, 0, 0, 0.549, 0.558, 0.549, 0.558, 1, 47.039, 47.039, 0.024, 0.132, 1.17, 1.186, 1.17, 1.186, 4.82, 7.377, 12.532, , , 1, 12.985, 0, 0, 13.8, 2.465, 167, 0, 0, 0, 54, 4.16, 4.028, 123.8, 29.748, 100, 0, 0, 29.217, 29, 4, 0.72, 89.066, 0, 0, 95.5, 47.22, 0, 0, 0, 0, 0, 13.5, 0, 13.8, 0, 2.465, 167, 0, 0, 0, 54, 1, 0.004, 0.004, 123.8, 29.748, 100, 0, 0, 141, 29.217, 29.217, 4, 0.72, 0, 89.066, 0, 0, 95.5, 47.22, 0, 0.8, 0, 0, 
13, 17.024, 100.33, 73.25, 73.985, , -0.009, 0.986, 865.457, 865.457, 2.467, 1.669, 1.669, 1.669, 52.431, 85.109, 34.34, 35.306, 7.377, 12.538, 0, 0, 0.207, 0.211, 0.207, 0.211, 1, 47.042, 47.042, 0.024, 0.132, 0.44, 0.447, 0.44, 0.447, 4.807, 7.377, 12.538, , , 1, 13.035, 0, 0, 13.8, 2.467, 167, 0, 0, 0, 54, 4.16, 4.024, 123.8, 29.688, 100, 0, 0, 29.268, 29.035, 4, 0.72, 89, 0, 0, 95.5, 47.22, 0, 0, 0, 0, 0, 13.5, 0, 13.8, 0, 2.467, 167, 0, 0, 0, 54, 1, 0.004, 0.004, 123.8, 29.688, 100, 0, 0, 141, 29.268, 29.268, 4, 0.72, 0, 89, 0, 0, 95.5, 47.22, 0, 0.8, 0, 0, 
13.05, 17.025, 100.33, 73.254, 73.985, , -0.092, 0.986, 868.892, 868.892, 2.467, -0.297, -0.297, -0.297, 52.439, 85.828, 34.34, 35.378, 7.378, 12.545, 0, 0, -0.036, -0.036, -0.036, -0.036, 1, 47.039, 47.039, 0.025, 0.132, -0.077, -0.078, -0.077, -0.078, 4.794, 7.378, 12.545, , , 1, 13.085, 0, 0, 13.8, 2.467, 167, 0, 0, 0, 54, 4.16, 4.037, 123.8, 29.727, 100, 0, 0, 29.32, 29.139, 4, 0.72, 89, 0, 0, 95.5, 47.22, 0, 0, 0, 0, 0, 13.5, 0, 13.8, 0, 2.467, 167, 0, 0, 0, 54, 1, 0.004, 0.004, 123.8, 29.727, 100, 0, 0, 141, 29.32, 29.32, 4, 0.72, 0, 89, 0, 0, 95.5, 47.22, 0, 0.8, 0, 0, 
13.1, 17.027, 100.33, 73.258, 73.986, , -0.146, 0.986, 872.347, 872.347, 2.467, -1.576, -1.576, -1.576, 52.451, 86.547, 34.416, 35.39, 7.378, 12.551, 0, 0, -0.194, -0.196, -0.194, -0.196, 1, 47.032, 47.032, 0.025, 0.132, -0.414, -0.42, -0.414, -0.42, 4.78, 7.378, 12.551, , , 1, 13.135, 0, 0, 13.8, 2.467, 167, 0, 0, 0, 54, 4.16, 4.049, 123.8, 29.765, 100, 0, 0, 29.372, 29.243, 4, 0.72, 89, 0, 0, 95.5, 47.22, 0, 0, 0, 0, 0, 13.5, 0, 13.8, 0, 2.467, 167, 0, 0, 0, 54, 1, 0.004, 0.004, 123.8, 29.765, 100, 0, 0, 141, 29.372, 29.372, 4, 0.72, 0, 89, 0, 0, 95.5, 47.22, 0, 0.8, 0, 0, 
13.15, 17.028, 100.33, 73.261, 73.986, , -0.165, 0.986, 875.829, 875.829, 2.467, -2.028, -2.028, -2.028, 52.467, 87.266, 34.596, 35.318, 7.379, 12.555, 0, 0, -0.25, -0.252, -0.25, -0.252, 1, 47.023, 47.023, 0.024, 0.132, -0.533, -0.54, -0.533, -0.54, 4.767, 7.379, 12.555, , , 1, 13.185, 0, 0, 13.8, 2.467, 167, 0, 0, 0, 54, 4.16, 4.062, 123.8, 29.804, 100, 0, 0, 29.424, 29.346, 4, 0.72, 89, 0, 0, 95.5, 47.22, 0, 0, 0, 0, 0, 13.5, 0, 13.8, 0, 2.467, 167, 0, 0, 0, 54, 1, 0.004, 0.004, 123.8, 29.804, 100, 0, 0, 141, 29.424, 29.424, 4, 0.72, 0, 89, 0, 0, 95.5, 47.22, 0, 0.8, 0, 0, 
13.2, 17.029, 100.33, 73.265, 73.986, , -0.067, 0.986, 879.263, 879.263, 2.467, 0.299, 0.299, 0.299, 52.482, 87.984, 34.776, 35.246, 7.379, 12.557, 0, 0, 0.036, 0.04, 0.036, 0.04, 1, 47.017, 47.017, 0.024, 0.132, 0.079, 0.079, 0.079, 0.079, 4.753, 7.379, 12.557, , , 1, 13.235, 0, 0, 13.8, 2.467, 167, 0, 0, 0, 54, 4.16, 4.074, 123.8, 29.842, 100, 0, 0, 29.476, 29.45, 4, 0.72, 89, 0, 0, 95.5, 47.22, 0, 0, 0, 0, 0, 13.5, 0, 13.8, 0, 2.467, 167, 0, 0, 0, 54, 1, 0.004, 0.004, 123.8, 29.842, 100, 0, 0, 141, 29.476, 29.476, 4, 0.72, 0, 89, 0, 0, 95.5, 47.22, 0, 0.8, 0, 0, 
13.25, 17.03, 100.33, 73.269, 73.987, , -0.026, 0.986, 882.697, 882.697, 2.467, 1.281, 1.281, 1.281, 52.493, 88.703, 34.956, 35.174, 7.38, 12.551, 0, 0, 0.157, 0.162, 0.157, 0.162, 1, 47.015, 47.015, 0.024, 0.132, 0.337, 0.341, 0.337, 0.341, 4.74, 7.38, 12.551, , , 1, 13.285, 0, 0, 13.79, 2.467, 167, 0, 0, 0, 54, 4.16, 4.082, 123.8, 29.822, 100, 0, 0, 29.448, 29.5, 4, 0.72, 89, 0, 0, 95.5, 47.22, 0, 0, 0, 0, 0, 13.5, 0, 13.79, 0, 2.467, 167, 0, 0, 0, 54, 1, 0.004, 0.004, 123.8, 29.822, 100, 0, 0, 141, 29.448, 29.5, 4, 0.72, 0, 89, 0, 0, 95.5, 47.22, 0, 0.8, 0, 0, 
13.3, 17.031, 100.33, 73.27, 73.987, , -0.014, 0.986, 886.13, 886.13, 2.468, 1.56, 1.56, 1.56, 52.494, 89.422, 35.136, 35.102, 7.38, 12.544, 0, 0, 0.191, 0.196, 0.191, 0.196, 1, 47.015, 47.015, 0.024, 0.132, 0.411, 0.416, 0.411, 0.416, 4.733, 7.38, 12.544, , , 1, 13.335, 0, 0, 13.77, 2.468, 167, 0, 0, 0, 54, 4.16, 4.086, 123.8, 29.75, 100, 0, 0, 29.352, 29.5, 4, 0.72, 89, 0, 0, 95.5, 47.22, 0, 0, 0, 0, 0, 13.5, 0, 13.77, 0, 2.468, 167, 0, 0, 0, 54, 1, 0.004, 0.004, 123.8, 29.75, 100, 0, 0, 141, 29.352, 29.5, 4, 0.72, 0, 89, 0, 0, 95.5, 47.22, 0, 0.8, 0, 0, 
13.35, 17.032, 100.33, 73.27, 73.987, , -0.012, 0.986, 889.564, 889.564, 2.468, 1.597, 1.597, 1.597, 52.488, 87.945, 35.164, 35.181, 7.38, 12.53, 0, 0, 0.195, 0.2, 0.195, 0.2, 1, 47.015, 47.015, 0.024, 0.132, 0.42, 0.427, 0.42, 0.427, 4.742, 7.38, 12.53, , , 1, 13.385, 0, 0, 13.751, 2.468, 167, 0, 0, 0, 54, 4.16, 4.09, 123.8, 29.679, 100, 0, 0, 29.256, 29.5, 4, 0.72, 89, 0, 0, 95.5, 47.22, 0, 0, 0, 0, 0, 13.5, 0, 13.751, 0, 2.468, 167, 0, 0, 0, 54, 1, 0.004, 0.004, 123.8, 29.679, 100, 0, 0, 141, 29.256, 29.5, 4, 0.72, 0, 89, 0, 0, 95.5, 47.22, 0, 0.8, 0, 0, 
13.4, 17.033, 100.33, 73.27, 73.988, , -0.07, 0.986, 893.048, 893.048, 2.468, 0.234, 0.234, 0.234, 52.474, 80.821, 34.984, 35.469, 7.38, 12.516, 0, 0, 0.027, 0.028, 0.027, 0.028, 1, 47.014, 47.014, 0.024, 0.132, 0.062, 0.064, 0.062, 0.064, 4.751, 7.38, 12.516, , , 1, 13.435, 0, 0, 13.732, 2.468, 167, 0, 0, 0, 54, 4.16, 4.094, 123.8, 29.608, 100, 0, 0, 29.16, 29.5, 4, 0.72, 89, 0, 0, 95.5, 47.22, 0, 0, 0, 0, 0, 13.5, 0, 13.732, 0, 2.468, 167, 0, 0, 0, 54, 1, 0.004, 0.004, 123.8, 29.608, 100, 0, 0, 141, 29.16, 29.5, 4, 0.72, 0, 89, 0, 0, 95.5, 47.22, 0, 0.8, 0, 0, 
13.45, 17.035, 100.33, 73.27, 73.988, , -0.237, 0.986, 896.501, 896.501, 2.469, -3.731, -3.731, -3.731, 52.453, 73.697, 34.804, 35.757, 7.38, 12.502, 0, 0, -0.462, -0.469, -0.462, -0.469, 1, 47.01, 47.01, 0.024, 0.132, -0.983, -0.995, -0.983, -0.995, 4.76, 7.38, 12.502, , , 1, 13.485, 0, 0, 13.713, 2.469, 167, 0, 0, 0, 54, 4.16, 4.097, 123.8, 29.537, 100, 0, 0, 29.063, 29.5, 4, 0.72, 89, 0, 0, 95.5, 47.22, 0, 0, 0, 0, 0, 13.5, 0, 13.713, 0, 2.469, 167, 0, 0, 0, 54, 1, 0.004, 0.004, 123.8, 29.537, 100, 0, 0, 141, 29.063, 29.5, 4, 0.72, 0, 89, 0, 0, 95.5, 47.22, 0, 0.8, 0, 0, 
13.5, 17.036, 100.33, 73.27, 73.989, , -0.422, 0.986, 899.934, 899.934, 2.468, -8.128, -8.128, -8.128, 52.437, 66.573, 34.624, 36.045, 7.38, 12.489, 0, 0, -1.004, -1.02, -1.004, -1.02, 1, 46.991, 46.991, 0.024, 0.132, -2.142, -2.169, -2.142, -2.169, 4.772, 7.38, 12.489, , , 1, 13.535, 0, 0, 13.707, 2.468, 167.065, 0, 0, 0, 54, 4.159, 4.099, 123.8, 29.514, 100, 0, 0, 29.016, 29.484, 4, 0.72, 89, 0, 0, 95.5, 47.22, 0, 0, 0, 0, 0, 13.507, 0, 13.707, 0, 2.468, 167.065, 0, 0, 0, 54, 1, 0.004, 0.004, 123.8, 29.514, 100, 0, 0, 141, 29.016, 29.484, 4, 0.72, 0, 89, 0, 0, 95.5, 47.22, 0, 0.8, 0, 0, 
13.55, 17.037, 100.33, 73.27, 73.989, , -0.498, 0.986, 903.368, 903.368, 2.466, -9.917, -9.917, -9.917, 52.426, 59.449, 34.444, 36.333, 7.38, 12.484, 0, 0, -1.225, -1.242, -1.225, -1.242, 1, 46.967, 46.967, 0.024, 0.132, -2.612, -2.649, -2.612, -2.649, 4.809, 7.38, 12.484, , , 1, 13.585, 0, 0, 13.726, 2.466, 167.258, 0, 0, 0, 54, 4.157, 4.097, 123.8, 29.585, 100, 0, 0, 29.064, 29.436, 4, 0.72, 89, 0, 0, 95.5, 47.22, 0, 0, 0, 0, 0, 13.526, 0, 13.726, 0, 2.466, 167.258, 0, 0, 0, 54, 1, 0.004, 0.004, 123.8, 29.585, 100, 0, 0, 141, 29.064, 29.436, 4, 0.72, 0, 89, 0, 0, 95.5, 47.22, 0, 0.8, 0, 0, 
13.6, 17.038, 100.33, 73.27, 73.989, , -0.575, 0.986, 906.802, 906.802, 2.464, -11.765, -11.765, -11.765, 52.423, 52.324, 34.413, 36.471, 7.38, 12.48, 0, 0, -1.452, -1.473, -1.452, -1.473, 1, 46.94, 46.94, 0.024, 0.131, -3.098, -3.142, -3.098, -3.142, 4.846, 7.38, 12.48, , , 1, 13.635, 0, 0, 13.745, 2.464, 167.45, 0, 0, 0, 54, 4.155, 4.095, 123.8, 29.656, 100, 0, 0, 29.112, 29.388, 4, 0.72, 89, 0, 0, 95.5, 47.22, 0, 0, 0, 0, 0, 13.545, 0, 13.745, 0, 2.464, 167.45, 0, 0, 0, 54, 1, 0.004, 0.004, 123.8, 29.656, 100, 0, 0, 141, 29.112, 29.388, 4, 0.72, 0, 89, 0, 0, 95.5, 47.22, 0, 0.8, 0, 0, 
13.65, 17.039, 100.33, 73.27, 73.99, , -0.662, 0.986, 910.235, 910.235, 2.463, -13.829, -13.829, -13.829, 52.434, 49.893, 34.588, 36.401, 7.38, 12.484, 0, 0, -1.706, -1.73, -1.706, -1.73, 1, 46.909, 46.909, 0.024, 0.131, -3.641, -3.694, -3.641, -3.694, 4.882, 7.38, 12.484, , , 1, 13.685, 0, 0, 13.764, 2.463, 167.642, 0, 0, 0, 54, 4.154, 4.094, 123.8, 29.728, 100, 0, 0, 29.161, 29.339, 4, 0.72, 89, 0, 0, 95.5, 47.22, 0, 0, 0, 0, 0, 13.564, 0, 13.764, 0, 2.463, 167.642, 0, 0, 0, 54, 1, 0.004, 0.004, 123.8, 29.728, 100, 0, 0, 141, 29.161, 29.339, 4, 0.72, 0, 89, 0, 0, 95.5, 47.22, 0, 0.8, 0, 0, 
13.7, 17.04, 100.33, 73.27, 73.99, , -0.734, 0.986, 913.679, 913.679, 2.461, -15.514, -15.514, -15.514, 52.465, 62.866, 34.762, 36.331, 7.379, 12.489, 0, 0, -1.913, -1.94, -1.913, -1.94, 1, 46.872, 46.872, 0.024, 0.131, -4.083, -4.143, -4.083, -4.143, 4.919, 7.379, 12.489, , , 1, 13.735, 0, 0, 13.783, 2.461, 167.835, 0, 0, 0, 54, 4.152, 4.092, 123.8, 29.799, 100, 0, 0, 29.209, 29.291, 4, 0.72, 89, 0, 0, 95.5, 47.22, 0, 0, 0, 0, 0, 13.583, 0, 13.783, 0, 2.461, 167.835, 0, 0, 0, 54, 1, 0.004, 0.004, 123.8, 29.799, 100, 0, 0, 141, 29.209, 29.291, 4, 0.72, 0, 89, 0, 0, 95.5, 47.22, 0, 0.8, 0, 0, 
13.75, 17.04, 100.33, 73.27, 73.99, , -0.713, 0.986, 917.164, 917.164, 2.459, -15.024, -15.024, -15.024, 52.503, 63.891, 34.937, 36.261, 7.379, 12.499, 0, 0, -1.851, -1.876, -1.851, -1.876, 1, 46.836, 46.836, 0.024, 0.131, -3.949, -4.009, -3.949, -4.009, 4.921, 7.379, 12.499, , , 1, 13.785, 0, 0, 13.8, 2.459, 168, 0, 0, 0, 54, 4.151, 4.09, 123.8, 29.86, 100, 0, 0, 29.243, 29.243, 4, 0.72, 89.007, 0, 0, 95.5, 47.22, 0, 0, 0, 0, 0, 13.599, 0, 13.8, 0, 2.459, 168, 0, 0, 0, 54, 1, 0.004, 0.004, 123.8, 29.86, 100, 0, 0, 141, 29.243, 29.243, 4, 0.72, 0, 89.007, 0, 0, 95.5, 47.22, 0, 0.8, 0, 0, 
13.8, 17.04, 100.33, 73.27, 73.99, , -0.756, 0.986, 920.605, 920.605, 2.458, -16.038, -16.038, -16.038, 52.544, 64.917, 35.111, 36.192, 7.378, 12.51, 0, 0, -1.974, -2.002, -1.974, -2.002, 1, 46.801, 46.801, 0.024, 0.131, -4.211, -4.275, -4.211, -4.275, 4.917, 7.378, 12.51, , , 1, 13.835, 0, 0, 13.8, 2.458, 168, 0, 0, 0, 54, 4.155, 4.088, 123.8, 29.86, 100, 0, 0, 29.191, 29.191, 4, 0.72, 89.059, 0, 0, 95.5, 47.22, 0, 0, 0, 0, 0, 13.588, 0, 13.8, 0, 2.458, 168, 0, 0, 0, 54, 1, 0.004, 0.004, 123.8, 29.86, 100, 0, 0, 141, 29.191, 29.191, 4, 0.72, 0, 89.059, 0, 0, 95.5, 47.22, 0, 0.8, 0, 0, 
13.85, 17.04, 100.33, 73.27, 73.99, , -0.854, 0.986, 924.039, 924.039, 2.457, -18.373, -18.373, -18.373, 52.581, 65.943, 35.298, 36.092, 7.378, 12.524, 0, 0, -2.259, -2.291, -2.259, -2.291, 1, 46.762, 46.762, 0.024, 0.131, -4.822, -4.893, -4.822, -4.893, 4.913, 7.378, 12.524, , , 1, 13.885, 0, 0, 13.8, 2.457, 168, 0, 0, 0, 54, 4.159, 4.086, 123.8, 29.86, 100, 0, 0, 29.139, 29.139, 4, 0.72, 89.111, 0, 0, 95.5, 47.22, 0, 0, 0, 0, 0, 13.578, 0, 13.8, 0, 2.457, 168, 0, 0, 0, 54, 1, 0.004, 0.004, 123.8, 29.86, 100, 0, 0, 141, 29.139, 29.139, 4, 0.72, 0, 89.111, 0, 0, 95.5, 47.22, 0, 0.8, 0, 0, 
13.9, 17.04, 100.33, 73.27, 73.99, , -0.994, 0.986, 927.466, 927.466, 2.457, -21.698, -21.698, -21.698, 52.618, 66.969, 35.521, 35.906, 7.377, 12.538, 0, 0, -2.665, -2.703, -2.665, -2.703, 1, 46.716, 46.716, 0.024, 0.132, -5.692, -5.776, -5.692, -5.776, 4.909, 7.377, 12.538, , , 1, 13.935, 0, 0, 13.8, 2.457, 168, 0, 0, 0, 54, 4.163, 4.083, 123.8, 29.86, 100, 0, 0, 29.086, 29.086, 4, 0.72, 89.164, 0, 0, 95.5, 47.22, 0, 0, 0, 0, 0, 13.567, 0, 13.8, 0, 2.457, 168, 0, 0, 0, 54, 1, 0.004, 0.004, 123.8, 29.86, 100, 0, 0, 141, 29.086, 29.086, 4, 0.72, 0, 89.164, 0, 0, 95.5, 47.22, 0, 0.8, 0, 0, 
13.95, 17.04, 100.33, 73.27, 73.99, , -1.112, 0.986, 930.85, 930.85, 2.456, -24.486, -24.486, -24.486, 52.652, 67.995, 35.744, 35.72, 7.377, 12.556, 0, 0, -3.004, -3.047, -3.004, -3.047, 1, 46.664, 46.664, 0.024, 0.132, -6.418, -6.513, -6.418, -6.513, 4.894, 7.377, 12.556, , , 1, 13.985, 0, 0, 13.8, 2.456, 168, 0, 0, 0, 54, 4.167, 4.081, 123.8, 29.86, 100, 0, 0, 29.034, 29.034, 4, 0.72, 89.216, 0, 0, 95.5, 47.22, 0, 0, 0, 0, 0, 13.557, 0, 13.8, 0, 2.456, 168, 0, 0, 0, 54, 1, 0.004, 0.004, 123.8, 29.86, 100, 0, 0, 141, 29.034, 29.034, 4, 0.72, 0, 89.216, 0, 0, 95.5, 47.22, 0, 0.8, 0, 0, 
14, 17.04, 100.33, 73.27, 73.99, , -1.272, 0.986, 934.272, 934.272, 2.455, -28.286, -28.286, -28.286, 52.685, 69.021, 35.967, 35.534, 7.377, 12.574, 0, 0, -3.464, -3.516, -3.464, -3.516, 1, 46.607, 46.607, 0.024, 0.132, -7.41, -7.518, -7.41, -7.518, 4.873, 7.377, 12.574, , , 1, 14.036, 0, 0, 13.8, 2.455, 167.926, 0, 0, 0, 54, 4.171, 4.08, 123.8, 29.86, 100, 0, 0, 29, 29, 4, 0.72, 89.268, 0, 0, 95.5, 47.22, 0, 0, 0, 0, 0, 13.546, 0, 13.8, 0, 2.455, 167.926, 0, 0, 0, 54, 1, 0.004, 0.004, 123.8, 29.86, 100, 0, 0, 141, 29, 29, 4, 0.72, 0, 89.268, 0, 0, 95.5, 47.22, 0, 0.8, 0, 0, 
14.05, 17.04, 100.33, 73.27, 73.99, , -1.493, 0.986, 937.706, 937.706, 2.454, -33.546, -33.546, -33.546, 52.71, 70.046, 36.191, 35.348, 7.377, 12.589, 0, 0, -4.1, -4.162, -4.1, -4.162, 1, 46.537, 46.537, 0.024, 0.132, -8.783, -8.911, -8.783, -8.911, 4.852, 7.377, 12.589, , , 1, 14.085, 0, 0, 13.8, 2.454, 167.709, 0, 0, 0, 54, 4.173, 4.08, 123.8, 29.86, 100, 0, 0, 29, 29, 4, 0.72, 89.323, 0, 0, 95.5, 47.22, 0, 0, 0, 0, 0, 13.535, 0, 13.8, 0, 2.454, 167.709, 0, 0, 0, 54, 1, 0.004, 0.004, 123.8, 29.86, 100, 0, 0, 141, 29, 29, 4, 0.72, 0, 89.323, 0, 0, 95.5, 47.22, 0, 0.8, 0, 0, 
14.1, 17.04, 100.33, 73.27, 73.99, , -1.795, 0.986, 941.139, 941.139, 2.453, -40.701, -40.701, -40.701, 52.744, 71.072, 36.169, 35.225, 7.377, 12.604, 0, 0, -4.966, -5.039, -4.966, -5.039, 1, 46.453, 46.453, 0.024, 0.132, -10.651, -10.805, -10.651, -10.805, 4.831, 7.377, 12.604, , , 1, 14.135, 0, 0, 13.8, 2.453, 167.491, 0, 0, 0, 54, 4.175, 4.08, 123.8, 29.86, 100, 0, 0, 29, 29, 4, 0.72, 89.377, 0, 0, 95.5, 47.22, 0, 0, 0, 0, 0, 13.525, 0, 13.8, 0, 2.453, 167.491, 0, 0, 0, 54, 1, 0.004, 0.004, 123.8, 29.86, 100, 0, 0, 141, 29, 29, 4, 0.72, 0, 89.377, 0, 0, 95.5, 47.22, 0, 0.8, 0, 0, 
14.15, 17.04, 100.33, 73.27, 73.99, , -2.283, 0.986, 944.573, 944.573, 2.452, -52.293, -52.293, -52.293, 52.789, 72.098, 35.809, 35.189, 7.377, 12.609, 0, 0, -6.361, -6.455, -6.361, -6.455, 1, 46.351, 46.351, 0.024, 0.132, -13.665, -13.866, -13.665, -13.866, 4.819, 7.377, 12.609, , , 1, 14.186, 0, 0, 13.8, 2.452, 167.274, 0, 0, 0, 54, 4.177, 4.08, 123.8, 29.86, 100, 0, 0, 29, 29, 4, 0.72, 89.432, 0, 0, 95.5, 47.22, 0, 0, 0, 0, 0, 13.514, 0, 13.8, 0, 2.452, 167.274, 0, 0, 0, 54, 1, 0.004, 0.004, 123.8, 29.86, 100, 0, 0, 141, 29, 29, 4, 0.72, 0, 89.432, 0, 0, 95.5, 47.22, 0, 0.8, 0, 0, 
14.2, 17.04, 100.33, 73.27, 73.99, , -2.903, 0.986, 947.973, 947.973, 2.451, -66.993, -66.993, -66.993, 52.849, 73.124, 35.449, 35.153, 7.377, 12.615, 0, 0, -8.119, -8.238, -8.119, -8.238, 1, 46.227, 46.227, 0.024, 0.132, -17.476, -17.731, -17.476, -17.731, 4.821, 7.377, 12.615, , , 1, 14.235, 0, 0, 13.8, 2.451, 167.057, 0, 0, 0, 54, 4.179, 4.08, 123.8, 29.86, 100, 0, 0, 29, 29, 4, 0.72, 89.486, 0, 0, 95.5, 47.22, 0, 0, 0, 0, 0, 13.503, 0, 13.8, 0, 2.451, 167.057, 0, 0, 0, 54, 1, 0.004, 0.004, 123.8, 29.86, 100, 0, 0, 141, 29, 29, 4, 0.72, 0, 89.486, 0, 0, 95.5, 47.22, 0, 0.8, 0, 0, 
14.25, 17.04, 100.33, 73.27, 73.99, , -3.597, 0.986, 951.357, 951.357, 2.444, -83.454, -83.454, -83.454, 52.942, 74.15, 35.089, 35.117, 7.377, 12.612, 0, 0, -10.077, -10.223, -10.077, -10.223, 1, 46.056, 46.056, 0.024, 0.132, -21.732, -22.048, -21.732, -22.048, 4.822, 7.377, 12.612, , , 1, 14.285, 0, 0, 13.8, 2.444, 167, 0, 0, 0, 54, 4.193, 4.096, 123.8, 29.887, 100, 0, 0, 28.852, 28.852, 4, 0.72, 89.537, 0, 0, 95.611, 46.945, 0, 0, 0, 0, 0, 13.5, 0, 13.8, 0, 2.444, 167, 0, 0, 0, 54, 1, 0.004, 0.004, 123.8, 29.887, 100, 0, 0, 141, 28.852, 28.852, 4, 0.72, 0, 89.537, 0, 0, 95.611, 46.945, 0, 0.8, 0, 0, 
14.3, 17.04, 100.33, 73.27, 73.99, , -4.32, 0.986, 954.741, 954.741, 2.434, -100.608, -100.608, -100.608, 53.044, 75.175, 34.729, 35.081, 7.377, 12.609, 0, 0, -12.101, -12.273, -12.101, -12.273, 1, 45.853, 45.853, 0.024, 0.132, -26.154, -26.534, -26.154, -26.534, 4.823, 7.377, 12.609, , , 1, 14.335, 0, 0, 13.8, 2.434, 167, 0, 0, 0, 54, 4.211, 4.118, 123.8, 29.924, 100, 0, 0, 28.652, 28.652, 4, 0.72, 89.587, 0, 0, 95.761, 46.573, 0, 0, 0, 0, 0, 13.5, 0, 13.8, 0, 2.434, 167, 0, 0, 0, 54, 1, 0.004, 0.004, 123.8, 29.924, 100, 0, 0, 141, 28.652, 28.652, 4, 0.72, 0, 89.587, 0, 0, 95.761, 46.573, 0, 0.8, 0, 0, 
14.35, 17.04, 100.33, 73.27, 73.99, , -5.028, 0.986, 958.125, 958.125, 2.424, -117.41, -117.41, -117.41, 53.155, 76.201, 34.505, 35.075, 7.377, 12.599, 0, 0, -14.048, -14.249, -14.048, -14.249, 1, 45.62, 45.62, 0.024, 0.132, -30.461, -30.904, -30.461, -30.904, 4.828, 7.377, 12.599, , , 1, 14.385, 0, 0, 13.8, 2.424, 167, 0, 0, 0, 54, 4.229, 4.14, 123.8, 29.961, 100, 0, 0, 28.452, 28.452, 4, 0.72, 89.637, 0, 0, 95.911, 46.201, 0, 0, 0, 0, 0, 13.5, 0, 13.8, 0, 2.424, 167, 0, 0, 0, 54, 1, 0.004, 0.004, 123.8, 29.961, 100, 0, 0, 141, 28.452, 28.452, 4, 0.72, 0, 89.637, 0, 0, 95.911, 46.201, 0, 0.8, 0, 0, 
14.4, 17.04, 100.33, 73.27, 73.99, , -5.741, 0.986, 961.509, 961.509, 2.414, -134.337, -134.337, -134.337, 53.278, 77.227, 34.469, 35.111, 7.377, 12.59, 0, 0, -15.976, -16.207, -15.976, -16.207, 1, 45.348, 45.348, 0.024, 0.132, -34.776, -35.281, -34.776, -35.281, 4.843, 7.377, 12.59, , , 1, 14.435, 0, 0, 13.8, 2.414, 167, 0, 0, 0, 54, 4.247, 4.162, 123.8, 29.998, 100, 0, 0, 28.252, 28.252, 4, 0.72, 89.687, 0, 0, 96.061, 45.829, 0, 0, 0, 0, 0, 13.5, 0, 13.8, 0, 2.414, 167, 0, 0, 0, 54, 1, 0.004, 0.004, 123.8, 29.998, 100, 0, 0, 141, 28.252, 28.252, 4, 0.72, 0, 89.687, 0, 0, 96.061, 45.829, 0, 0.8, 0, 0, 
14.45, 17.04, 100.33, 73.27, 73.99, , -6.425, 0.986, 964.885, 964.885, 2.404, -150.582, -150.582, -150.582, 53.418, 78.253, 34.433, 35.147, 7.377, 12.584, 0, 0, -17.791, -18.048, -17.791, -18.048, 1, 45.035, 45.035, 0.024, 0.132, -38.891, -39.456, -38.891, -39.456, 4.858, 7.377, 12.584, , , 1, 14.485, 0, 0, 13.8, 2.404, 167, 0, 0, 0, 54, 4.265, 4.184, 123.8, 30.035, 100, 0, 0, 28.052, 28.052, 4, 0.72, 89.737, 0, 0, 96.211, 45.457, 0, 0, 0, 0, 0, 13.5, 0, 13.8, 0, 2.404, 167, 0, 0, 0, 54, 1, 0.004, 0.004, 123.8, 30.035, 100, 0, 0, 141, 28.052, 28.052, 4, 0.72, 0, 89.737, 0, 0, 96.211, 45.457, 0, 0.8, 0, 0, 
14.5, 17.04, 100.33, 73.27, 73.99, , -6.93, 0.986, 968.221, 968.221, 2.39, -162.55, -162.55, -162.55, 53.549, 79.279, 34.397, 35.183, 7.377, 12.578, 0, 0, -19.06, -19.336, -19.06, -19.336, 1, 44.697, 44.697, 0.024, 0.132, -41.882, -42.491, -41.882, -42.491, 4.873, 7.377, 12.578, , , 1, 14.535, 0, 0, 13.8, 2.39, 167, 0, 0, 0, 54, 4.291, 4.213, 123.8, 30.133, 100, 0, 0, 27.839, 27.799, 4, 0.72, 89.83, 0, 0, 96.371, 45.11, 0, 0, 0, 0, 0, 13.5, 0, 13.8, 0, 2.39, 167, 0, 0, 0, 54, 1, 0.004, 0.004, 123.8, 30.133, 100, 0, 0, 141, 27.839, 27.799, 4, 0.72, 0, 89.83, 0, 0, 96.371, 45.11, 0, 0.8, 0, 0, 
14.55, 17.04, 100.33, 73.27, 73.99, , -7.406, 0.986, 971.521, 971.521, 2.374, -173.863, -173.863, -173.863, 53.667, 80.304, 34.361, 35.219, 7.377, 12.578, 0, 0, -20.221, -20.515, -20.221, -20.515, 1, 44.334, 44.334, 0.024, 0.132, -44.698, -45.349, -44.698, -45.349, 4.888, 7.377, 12.578, , , 1, 14.585, 0, 0, 13.8, 2.374, 167, 0, 0, 0, 54, 4.319, 4.245, 123.8, 30.253, 100, 0, 0, 27.622, 27.527, 4, 0.72, 89.939, 0, 0, 96.534, 44.772, 0, 0, 0, 0, 0, 13.5, 0, 13.8, 0, 2.374, 167, 0, 0, 0, 54, 1, 0.004, 0.004, 123.8, 30.253, 100, 0, 0, 141, 27.622, 27.527, 4, 0.72, 0, 89.939, 0, 0, 96.534, 44.772, 0, 0.8, 0, 0, 
14.6, 17.04, 100.33, 73.27, 73.99, , -7.841, 0.986, 974.809, 974.809, 2.359, -184.186, -184.186, -184.186, 53.791, 81.33, 34.431, 35.164, 7.377, 12.578, 0, 0, -21.245, -21.554, -21.245, -21.554, 1, 43.941, 43.941, 0.024, 0.132, -47.253, -47.942, -47.253, -47.942, 4.885, 7.377, 12.578, , , 1, 14.635, 0, 0, 13.8, 2.359, 167, 0, 0, 0, 54, 4.347, 4.276, 123.8, 30.373, 100, 0, 0, 27.404, 27.255, 4, 0.72, 90.048, 0, 0, 96.697, 44.434, 0, 0, 0, 0, 0, 13.5, 0, 13.8, 0, 2.359, 167, 0, 0, 0, 54, 1, 0.004, 0.004, 123.8, 30.373, 100, 0, 0, 141, 27.404, 27.255, 4, 0.72, 0, 90.048, 0, 0, 96.697, 44.434, 0, 0.8, 0, 0, 
14.65, 17.04, 100.33, 73.27, 73.99, , -8.212, 0.986, 978.098, 978.098, 2.343, -192.991, -192.991, -192.991, 53.913, 82.356, 34.647, 34.984, 7.377, 12.599, 0, 0, -22.067, -22.388, -22.067, -22.388, 1, 43.531, 43.531, 0.024, 0.132, -49.41, -50.13, -49.41, -50.13, 4.881, 7.377, 12.599, , , 1, 14.685, 0, 0, 13.8, 2.343, 167, 0, 0, 0, 54, 4.376, 4.308, 123.8, 30.492, 100, 0, 0, 27.187, 26.984, 4, 0.72, 90.157, 0, 0, 96.86, 44.096, 0, 0, 0, 0, 0, 13.5, 0, 13.8, 0, 2.343, 167, 0, 0, 0, 54, 1, 0.004, 0.004, 123.8, 30.492, 100, 0, 0, 141, 27.187, 26.984, 4, 0.72, 0, 90.157, 0, 0, 96.86, 44.096, 0, 0.8, 0, 0, 
14.7, 17.04, 100.33, 73.27, 73.99, , -8.396, 0.986, 981.345, 981.345, 2.327, -197.375, -197.375, -197.375, 54.026, 83.382, 34.863, 34.804, 7.377, 12.623, 0, 0, -22.347, -22.672, -22.347, -22.672, 1, 43.108, 43.108, 0.024, 0.132, -50.435, -51.171, -50.435, -51.171, 4.877, 7.377, 12.623, , , 1, 14.735, 0, 0, 13.8, 2.327, 167, 0, 0, 0, 54, 4.406, 4.341, 123.8, 30.634, 100, 0, 0, 26.962, 26.72, 4, 0.72, 90.25, 0, 0, 97.015, 43.748, 0, 0, 0, 0, 0, 13.5, 0, 13.8, 0, 2.327, 167, 0, 0, 0, 54, 1, 0.004, 0.004, 123.8, 30.634, 100, 0, 0, 141, 26.962, 26.72, 4, 0.72, 0, 90.25, 0, 0, 97.015, 43.748, 0, 0.8, 0, 0, 
14.75, 17.04, 100.33, 73.27, 73.99, , -8.563, 0.986, 984.567, 984.567, 2.306, -201.338, -201.338, -201.338, 54.105, 84.408, 35.079, 34.624, 7.377, 12.666, 0, 0, -22.567, -22.896, -22.567, -22.896, 1, 42.675, 42.675, 0.024, 0.133, -51.366, -52.115, -51.366, -52.115, 4.873, 7.377, 12.666, , , 1, 14.785, 0, 0, 13.8, 2.306, 167, 0, 0, 0, 54, 4.446, 4.387, 123.8, 30.915, 100, 0, 0, 26.69, 26.502, 4, 0.72, 90.25, 0, 0, 97.124, 43.343, 0, 0, 0, 0, 0, 13.5, 0, 13.8, 0, 2.306, 167, 0, 0, 0, 54, 1, 0.004, 0.004, 123.8, 30.915, 100, 0, 0, 141, 26.69, 26.502, 4, 0.72, 0, 90.25, 0, 0, 97.124, 43.343, 0, 0.8, 0, 0, 
14.8, 17.04, 100.33, 73.27, 73.99, , -8.728, 0.986, 987.765, 987.765, 2.285, -205.26, -205.26, -205.26, 54.174, 85.433, 35.295, 34.444, 7.377, 12.711, 0, 0, -22.775, -23.108, -22.775, -23.108, 1, 42.234, 42.234, 0.024, 0.133, -52.3, -53.062, -52.3, -53.062, 4.861, 7.377, 12.711, , , 1, 14.835, 0, 0, 13.8, 2.285, 167, 0, 0, 0, 54, 4.486, 4.433, 123.8, 31.195, 100, 0, 0, 26.418, 26.285, 4, 0.72, 90.25, 0, 0, 97.233, 42.937, 0, 0, 0, 0, 0, 13.5, 0, 13.8, 0, 2.285, 167, 0, 0, 0, 54, 1, 0.004, 0.004, 123.8, 31.195, 100, 0, 0, 141, 26.418, 26.285, 4, 0.72, 0, 90.25, 0, 0, 97.233, 42.937, 0, 0.8, 0, 0, 
14.85, 17.04, 100.33, 73.27, 73.99, , -8.832, 0.986, 990.879, 990.879, 2.264, -207.748, -207.748, -207.748, 54.235, 86.459, 35.42, 34.416, 7.377, 12.768, 0, 0, -22.802, -23.135, -22.802, -23.135, 1, 41.785, 41.785, 0.025, 0.133, -52.878, -53.65, -52.878, -53.65, 4.849, 7.377, 12.768, , , 1, 14.885, 0, 0, 13.8, 2.264, 167, 0, 0, 0, 54, 4.526, 4.478, 123.8, 31.476, 100, 0, 0, 26.147, 26.067, 4, 0.72, 90.25, 0, 0, 97.341, 42.532, 0, 0, 0, 0, 0, 13.5, 0, 13.8, 0, 2.264, 167, 0, 0, 0, 54, 1, 0.004, 0.004, 123.8, 31.476, 100, 0, 0, 141, 26.147, 26.067, 4, 0.72, 0, 90.25, 0, 0, 97.341, 42.532, 0, 0.8, 0, 0, 
14.9, 17.04, 100.33, 73.27, 73.99, , -8.923, 0.986, 993.992, 993.992, 2.243, -209.917, -209.917, -209.917, 54.284, 87.485, 35.42, 34.596, 7.378, 12.828, 0, 0, -22.79, -23.122, -22.79, -23.122, 1, 41.324, 41.324, 0.025, 0.133, -53.379, -54.16, -53.379, -54.16, 4.837, 7.378, 12.828, , , 1, 14.936, 0, 0, 13.8, 2.243, 167, 0, 0, 0, 54, 4.566, 4.524, 123.8, 31.756, 100, 0, 0, 25.875, 25.85, 4, 0.72, 90.25, 0, 0, 97.45, 42.126, 0, 0, 0, 0, 0, 13.5, 0, 13.8, 0, 2.243, 167, 0, 0, 0, 54, 1, 0.004, 0.004, 123.8, 31.756, 100, 0, 0, 141, 25.875, 25.85, 4, 0.72, 0, 90.25, 0, 0, 97.45, 42.126, 0, 0.8, 0, 0, 
14.95, 17.04, 100.33, 73.27, 73.99, , -9.003, 0.986, 997.104, 997.104, 2.227, -211.8, -211.8, -211.8, 54.328, 88.511, 35.42, 34.776, 7.378, 12.873, 0, 0, -22.742, -23.075, -22.742, -23.075, 1, 40.863, 40.863, 0.025, 0.133, -53.813, -54.601, -53.813, -54.601, 4.825, 7.378, 12.873, , , 1, 14.985, 0, 0, 13.8, 2.227, 167, 0, 0, 0, 54, 4.596, 4.557, 123.8, 31.994, 100, 0, 0, 25.662, 25.721, 4, 0.72, 90.221, 0, 0, 97.5, 41.831, 0, 0, 0, 0, 0, 13.5, 0, 13.8, 0, 2.227, 167, 0, 0, 0, 54, 1, 0.005, 0.005, 123.8, 31.994, 100, 0, 0, 141, 25.662, 25.721, 4, 0.72, 0, 90.221, 0, 0, 97.5, 41.831, 0, 0.8, 0, 0, 
15, 17.04, 100.33, 73.27, 73.99, , -9.102, 0.986, 1000.136, 1000.136, 2.215, -214.17, -214.17, -214.17, 54.377, 89.537, 35.42, 34.956, 7.379, 12.915, 0, 0, -22.733, -23.065, -22.733, -23.065, 1, 40.402, 40.402, 0.025, 0.133, -54.362, -55.158, -54.362, -55.158, 4.812, 7.379, 12.915, , , 1, 15.035, 0, 0, 13.8, 2.215, 167, 0, 0, 0, 54, 4.617, 4.58, 123.8, 32.195, 100, 0, 0, 25.499, 25.666, 4, 0.72, 90.166, 0, 0, 97.5, 41.629, 0, 0, 0, 0, 0, 13.5, 0, 13.8, 0, 2.215, 167, 0, 0, 0, 54, 1, 0.005, 0.005, 123.8, 32.195, 100, 0, 0, 141, 25.499, 25.666, 4, 0.72, 0, 90.166, 0, 0, 97.5, 41.629, 0, 0.8, 0, 0, 
15.05, 17.039, 100.33, 73.27, 73.992, , -9.167, 0.986, 1002.431, 1002.431, 2.203, -215.711, -215.711, -215.711, 54.443, 90.562, 35.42, 35.136, 7.379, 12.942, 0, 0, -22.697, -23.03, -22.697, -23.03, 1, 39.937, 39.937, 0.025, 0.133, -54.714, -55.515, -54.714, -55.515, 4.8, 7.379, 12.942, , , 1, 15.086, 0, 0, 13.8, 2.203, 167, 0, 0, 0, 54, 4.637, 4.603, 123.8, 32.396, 100, 0, 0, 25.336, 25.612, 4, 0.72, 90.112, 0, 0, 97.5, 41.426, 0, 0, 0, 0, 0, 13.5, 0, 13.8, 0, 2.203, 167, 0, 0, 0, 54, 1, 0.005, 0.005, 123.8, 32.396, 100, 0, 0, 141, 25.336, 25.612, 4, 0.72, 0, 90.112, 0, 0, 97.5, 41.426, 0, 0.8, 0, 0, 
15.1, 17.038, 100.33, 73.27, 73.993, , -9.194, 0.986, 1003.927, 1003.927, 2.191, -216.355, -216.355, -216.355, 54.485, 91.588, 35.571, 35.27, 7.38, 12.966, 0, 0, -22.635, -22.968, -22.635, -22.968, 1, 39.634, 39.634, 0.025, 0.133, -54.852, -55.655, -54.852, -55.655, 4.787, 7.38, 12.966, , , 1, 15.135, 0, 0, 13.8, 2.191, 167, 0, 0, 0, 54, 4.658, 4.626, 123.8, 32.597, 100, 0, 0, 25.173, 25.558, 4, 0.72, 90.058, 0, 0, 97.5, 41.224, 0, 0, 0, 0, 0, 13.5, 0, 13.8, 0, 2.191, 167, 0, 0, 0, 54, 1, 0.005, 0.005, 123.8, 32.597, 100, 0, 0, 141, 25.173, 25.558, 4, 0.72, 0, 90.058, 0, 0, 97.5, 41.224, 0, 0.8, 0, 0, 
15.15, 17.036, 100.33, 73.27, 73.995, , -9.197, 0.986, 1006.767, 1006.767, 2.18, -216.438, -216.438, -216.438, 54.528, 92.614, 35.931, 35.342, 7.38, 12.974, 0, 0, -22.389, -22.719, -22.389, -22.719, 1, 39.368, 39.368, 0.024, 0.132, -54.788, -55.587, -54.788, -55.587, 4.774, 7.38, 12.974, , , 1, 15.185, 0, 0, 13.8, 2.18, 167, 0, 0, 0, 54, 4.679, 4.649, 123.8, 32.798, 100, 0, 0, 25.01, 25.503, 4, 0.72, 90.003, 0, 0, 97.5, 41.022, 0, 0, 0, 0, 0, 13.5, 0, 13.8, 0, 2.18, 167, 0, 0, 0, 54, 1, 0.005, 0.005, 123.8, 32.798, 100, 0, 0, 141, 25.01, 25.503, 4, 0.72, 0, 90.003, 0, 0, 97.5, 41.022, 0, 0.8, 0, 0, 
15.2, 17.035, 100.33, 73.27, 73.996, , -9.203, 0.986, 1009.699, 1009.699, 2.159, -216.58, -216.58, -216.58, 54.632, 93.64, 36.291, 35.414, 7.379, 12.979, 0, 0, -22.14, -22.465, -22.14, -22.465, 1, 38.899, 38.899, 0.024, 0.132, -54.728, -55.524, -54.728, -55.524, 4.768, 7.379, 12.979, , , 1, 15.235, 0, 0, 13.781, 2.159, 167, 0, 0, 0, 54, 4.721, 4.689, 123.8, 33.084, 100, 0, 0, 24.813, 25.22, 4, 0.72, 89.813, 0, 0, 97.407, 40.547, 0, 0, 0, 0, 0, 13.5, 0, 13.781, 0, 2.159, 167, 0, 0, 0, 54, 1, 0.005, 0.005, 123.8, 33.084, 100, 0, 0, 141, 24.813, 25.22, 4, 0.72, 0, 89.813, 0, 0, 97.407, 40.547, 0, 0.8, 0, 0, 
15.25, 17.034, 100.33, 73.27, 73.998, , -9.217, 0.986, 1012.581, 1012.581, 2.138, -216.934, -216.934, -216.934, 54.739, 94.666, 36.651, 35.486, 7.379, 12.985, 0, 0, -21.913, -22.235, -21.913, -22.235, 1, 38.43, 38.43, 0.024, 0.132, -54.711, -55.505, -54.711, -55.505, 4.769, 7.379, 12.985, , , 1, 15.285, 0, 0, 13.762, 2.138, 167, 0, 0, 0, 54, 4.765, 4.731, 123.8, 33.376, 100, 0, 0, 24.615, 24.923, 4, 0.72, 89.615, 0, 0, 97.308, 40.055, 0, 0, 0, 0, 0, 13.5, 0, 13.762, 0, 2.138, 167, 0, 0, 0, 54, 1, 0.005, 0.005, 123.8, 33.376, 100, 0, 0, 141, 24.615, 24.923, 4, 0.72, 0, 89.615, 0, 0, 97.308, 40.055, 0, 0.8, 0, 0, 
15.3, 17.033, 100.33, 73.27, 73.999, , -9.15, 0.986, 1015.438, 1015.438, 2.117, -215.337, -215.337, -215.337, 54.849, 95.691, 37.011, 35.558, 7.378, 12.992, 0, 0, -21.493, -21.806, -21.493, -21.806, 1, 37.96, 37.96, 0.024, 0.132, -54.205, -54.991, -54.205, -54.991, 4.769, 7.378, 12.992, , , 1, 15.335, 0, 0, 13.742, 2.117, 167, 0, 0, 0, 54, 4.808, 4.773, 123.8, 33.668, 100, 0, 0, 24.417, 24.625, 4, 0.72, 89.417, 0, 0, 97.208, 39.563, 0, 0, 0, 0, 0, 13.5, 0, 13.742, 0, 2.117, 167, 0, 0, 0, 54, 1, 0.005, 0.005, 123.8, 33.668, 100, 0, 0, 141, 24.417, 24.625, 4, 0.72, 0, 89.417, 0, 0, 97.208, 39.563, 0, 0.8, 0, 0, 
15.35, 17.032, 100.33, 73.27, 74.001, , -9.057, 0.986, 1018.28, 1018.28, 2.096, -213.155, -213.155, -213.155, 54.95, 95.758, 36.978, 35.6, 7.378, 12.994, 0, 0, -21.014, -21.317, -21.014, -21.317, 1, 37.496, 37.496, 0.024, 0.132, -53.552, -54.328, -53.552, -54.328, 4.77, 7.378, 12.994, , , 1, 15.385, 0, 0, 13.722, 2.096, 167, 0, 0, 0, 54, 4.852, 4.814, 123.8, 33.959, 100, 0, 0, 24.218, 24.327, 4, 0.72, 89.218, 0, 0, 97.109, 39.071, 0, 0, 0, 0, 0, 13.5, 0, 13.722, 0, 2.096, 167, 0, 0, 0, 54, 1, 0.005, 0.005, 123.8, 33.959, 100, 0, 0, 141, 24.218, 24.327, 4, 0.72, 0, 89.218, 0, 0, 97.109, 39.071, 0, 0.8, 0, 0, 
15.4, 17.031, 100.33, 73.27, 74.002, , -9.079, 0.986, 1021.059, 1021.059, 2.075, -213.681, -213.681, -213.681, 55.053, 93.357, 36.402, 35.6, 7.377, 12.994, 0, 0, -20.802, -21.103, -20.802, -21.103, 1, 37.032, 37.032, 0.024, 0.132, -53.579, -54.358, -53.579, -54.358, 4.77, 7.377, 12.994, , , 1, 15.435, 0, 0, 13.702, 2.075, 167, 0, 0, 0, 54, 4.896, 4.856, 123.8, 34.251, 100, 0, 0, 24.02, 24.03, 4, 0.72, 89.02, 0, 0, 97.01, 38.579, 0, 0, 0, 0, 0, 13.5, 0, 13.702, 0, 2.075, 167, 0, 0, 0, 54, 1, 0.005, 0.005, 123.8, 34.251, 100, 0, 0, 141, 24.02, 24.03, 4, 0.72, 0, 89.02, 0, 0, 97.01, 38.579, 0, 0.8, 0, 0, 
15.45, 17.03, 100.33, 73.27, 74.004, , -9.086, 0.986, 1023.813, 1023.813, 2.054, -213.861, -213.861, -213.861, 55.16, 90.956, 35.826, 35.6, 7.377, 12.993, 0, 0, -20.556, -20.855, -20.556, -20.855, 1, 36.567, 36.567, 0.024, 0.132, -53.526, -54.305, -53.526, -54.305, 4.768, 7.377, 12.993, , , 1, 15.485, 0, 0, 13.7, 2.054, 167, 0, 0, 0, 54, 4.947, 4.889, 123.8, 34.546, 100, 0, 0, 23.82, 23.82, 4, 0.72, 88.91, 0, 0, 96.91, 38.082, 0, 0, 0, 0, 0, 13.5, 0, 13.7, 0, 2.054, 167, 0, 0, 0, 54, 1, 0.005, 0.005, 123.8, 34.546, 100, 0, 0, 141, 23.82, 23.82, 4, 0.72, 0, 88.91, 0, 0, 96.91, 38.082, 0, 0.8, 0, 0, 
15.5, 17.028, 100.33, 73.27, 74.005, , -9.07, 0.986, 1026.529, 1026.529, 2.033, -213.476, -213.476, -213.476, 55.25, 88.555, 35.25, 35.6, 7.377, 12.991, 0, 0, -20.256, -20.551, -20.256, -20.551, 1, 36.104, 36.104, 0.024, 0.132, -53.34, -54.117, -53.34, -54.117, 4.767, 7.377, 12.991, , , 1, 15.536, 0, 0, 13.7, 2.033, 167, 0, 0, 0, 54, 4.999, 4.921, 123.8, 34.842, 100, 0, 0, 23.62, 23.62, 4, 0.72, 88.81, 0, 0, 96.81, 37.584, 0, 0, 0, 0, 0, 13.5, 0, 13.7, 0, 2.033, 167, 0, 0, 0, 54, 1, 0.005, 0.005, 123.8, 34.842, 100, 0, 0, 141, 23.62, 23.62, 4, 0.72, 0, 88.81, 0, 0, 96.81, 37.584, 0, 0.8, 0, 0, 
15.55, 17.027, 100.33, 73.27, 74.007, , -9.073, 0.986, 1029.202, 1029.202, 2.012, -213.556, -213.556, -213.556, 55.325, 86.154, 34.674, 35.6, 7.377, 12.988, 0, 0, -20.004, -20.296, -20.004, -20.296, 1, 35.642, 35.642, 0.024, 0.132, -53.293, -54.07, -53.293, -54.07, 4.766, 7.377, 12.988, , , 1, 15.585, 0, 0, 13.7, 2.012, 167, 0, 0, 0, 54, 5.051, 4.953, 123.8, 35.138, 100, 0, 0, 23.42, 23.42, 4, 0.72, 88.71, 0, 0, 96.71, 37.086, 0, 0, 0, 0, 0, 13.5, 0, 13.7, 0, 2.012, 167, 0, 0, 0, 54, 1, 0.005, 0.005, 123.8, 35.138, 100, 0, 0, 141, 23.42, 23.42, 4, 0.72, 0, 88.71, 0, 0, 96.71, 37.086, 0, 0.8, 0, 0, 
15.6, 17.026, 100.33, 73.27, 74.008, , -9.085, 0.986, 1031.855, 1031.855, 1.99, -213.853, -213.853, -213.853, 55.375, 83.753, 34.4, 35.57, 7.377, 12.983, 0, 0, -19.775, -20.065, -19.775, -20.065, 1, 35.176, 35.176, 0.024, 0.132, -53.312, -54.088, -53.312, -54.088, 4.762, 7.377, 12.983, , , 1, 15.635, 0, 0, 13.7, 1.99, 167, 0, 0, 0, 54, 5.103, 4.985, 123.8, 35.434, 100, 0, 0, 23.22, 23.22, 4, 0.72, 88.61, 0, 0, 96.61, 36.588, 0, 0, 0, 0, 0, 13.5, 0, 13.7, 0, 1.99, 167, 0, 0, 0, 54, 1, 0.005, 0.005, 123.8, 35.434, 100, 0, 0, 141, 23.22, 23.22, 4, 0.72, 0, 88.61, 0, 0, 96.61, 36.588, 0, 0.8, 0, 0, 
15.65, 17.025, 100.33, 73.27, 74.01, , -9.029, 0.986, 1034.481, 1034.481, 1.969, -212.522, -212.522, -212.522, 55.416, 81.352, 34.544, 35.498, 7.377, 12.987, 0, 0, -19.395, -19.68, -19.395, -19.68, 1, 34.708, 34.708, 0.024, 0.132, -52.957, -53.729, -52.957, -53.729, 4.728, 7.377, 12.987, , , 1, 15.685, 0, 0, 13.7, 1.969, 167, 0, 0, 0, 54, 5.155, 5.017, 123.8, 35.73, 100, 0, 0, 23.02, 23.02, 4, 0.72, 88.51, 0, 0, 96.51, 36.09, 0, 0, 0, 0, 0, 13.5, 0, 13.7, 0, 1.969, 167, 0, 0, 0, 54, 1, 0.005, 0.005, 123.8, 35.73, 100, 0, 0, 141, 23.02, 23.02, 4, 0.72, 0, 88.51, 0, 0, 96.51, 36.09, 0, 0.8, 0, 0, 
15.7, 17.024, 100.33, 73.27, 74.011, , -8.945, 0.986, 1037.092, 1037.092, 1.934, -210.547, -210.547, -210.547, 55.407, 78.951, 34.688, 35.426, 7.377, 12.994, 0, 0, -18.961, -19.24, -18.961, -19.24, 1, 34.25, 34.25, 0.024, 0.132, -52.452, -53.216, -52.452, -53.216, 4.693, 7.377, 12.994, , , 1, 15.735, 0.049, 0, 13.727, 1.934, 167, 0, 0, 0, 54.181, 5.318, 5.16, 123.8, 36.362, 100, 0, 0, 22.637, 22.637, 4, 0.724, 88.727, 0, 0, 96.591, 35.533, 0, 0, 0.049, 0, 0, 13.5, 0, 13.727, 0, 1.934, 167, 0, 0, 0, 54.181, 1, 0.005, 0.005, 123.8, 36.362, 100, 0, 0, 141, 22.637, 22.637, 4, 0.724, 0, 88.727, 0, 0, 96.591, 35.533, 0, 0.782, 0, 0, 
15.75, 17.023, 100.33, 73.27, 74.013, , -8.706, 0.986, 1039.63, 1039.63, 1.898, -204.884, -204.884, -204.884, 55.382, 76.55, 34.832, 35.354, 7.377, 13.01, 0, 0, -18.223, -18.491, -18.223, -18.491, 1, 33.798, 33.798, 0.024, 0.132, -51.08, -51.824, -51.08, -51.824, 4.658, 7.377, 13.01, , , 1, 15.786, 0.103, 0, 13.757, 1.898, 167, 0, 0, 0, 54.383, 5.493, 5.315, 123.8, 37.032, 100, 0, 0, 22.234, 22.234, 4, 0.728, 88.979, 0, 0, 96.692, 34.969, 0, 0, 0.103, 0, 0, 13.5, 0, 13.757, 0, 1.898, 167, 0, 0, 0, 54.383, 1, 0.005, 0.005, 123.8, 37.032, 100, 0, 0, 141, 22.234, 22.234, 4, 0.728, 0, 88.979, 0, 0, 96.692, 34.969, 0, 0.762, 0, 0, 
15.8, 17.022, 100.33, 73.27, 74.015, , -8.405, 0.986, 1042.152, 1042.152, 1.862, -197.747, -197.747, -197.747, 55.302, 74.149, 34.976, 35.282, 7.377, 13.031, 0, 0, -17.371, -17.626, -17.371, -17.626, 1, 33.362, 33.362, 0.024, 0.132, -49.357, -50.076, -49.357, -50.076, 4.624, 7.377, 13.031, , , 1, 15.835, 0.158, 0, 13.788, 1.862, 167, 0, 0, 0, 54.585, 5.669, 5.47, 123.8, 37.701, 100, 0, 0, 21.831, 21.831, 4, 0.732, 89.231, 0, 0, 96.792, 34.406, 0, 0, 0.158, 0, 0, 13.5, 0, 13.788, 0, 1.862, 167, 0, 0, 0, 54.585, 1, 0.006, 0.005, 123.8, 37.701, 100, 0, 0, 141, 21.831, 21.831, 4, 0.732, 0, 89.231, 0, 0, 96.792, 34.406, 0, 0.742, 0, 0, 
15.85, 17.02, 100.33, 73.27, 74.016, , -7.959, 0.986, 1044.637, 1044.637, 1.826, -187.172, -187.172, -187.172, 55.191, 71.748, 35.075, 35.195, 7.377, 13.056, 0, 0, -16.254, -16.491, -16.254, -16.491, 1, 32.941, 32.941, 0.024, 0.132, -46.815, -47.495, -46.815, -47.495, 4.589, 7.377, 13.056, , , 1, 15.885, 0.212, 0, 13.818, 1.826, 167, 0, 0, 0, 54.786, 5.844, 5.625, 123.8, 38.37, 100, 0, 0, 21.427, 21.427, 4, 0.736, 89.483, 0, 0, 96.893, 33.842, 0, 0, 0.212, 0, 0, 13.5, 0, 13.818, 0, 1.826, 167, 0, 0, 0, 54.786, 1, 0.006, 0.005, 123.8, 38.37, 100, 0, 0, 141, 21.427, 21.427, 4, 0.736, 0, 89.483, 0, 0, 96.893, 33.842, 0, 0.721, 0, 0, 
15.9, 17.019, 100.33, 73.27, 74.018, , -7.524, 0.986, 1047.099, 1047.099, 1.79, -176.862, -176.862, -176.862, 55.028, 69.347, 35.111, 35.087, 7.377, 13.083, 0, 0, -15.175, -15.395, -15.175, -15.395, 1, 32.546, 32.546, 0.024, 0.132, -44.346, -44.988, -44.346, -44.988, 4.555, 7.377, 13.083, , , 1, 15.935, 0.267, 0, 13.848, 1.79, 167, 0, 0, 0, 54.988, 6.019, 5.781, 123.8, 39.04, 100, 0, 0, 21.024, 21.024, 4, 0.74, 89.735, 0, 0, 96.994, 33.279, 0, 0, 0.267, 0, 0, 13.5, 0, 13.848, 0, 1.79, 167, 0, 0, 0, 54.988, 1, 0.006, 0.005, 123.8, 39.04, 100, 0, 0, 141, 21.024, 21.024, 4, 0.74, 0, 89.735, 0, 0, 96.994, 33.279, 0, 0.701, 0, 0, 
15.95, 17.018, 100.33, 73.27, 74.019, , -7.106, 0.986, 1049.531, 1049.531, 1.766, -166.951, -166.951, -166.951, 54.876, 66.946, 35.147, 34.979, 7.377, 13.108, 0, 0, -14.154, -14.359, -14.154, -14.359, 1, 32.172, 32.172, 0.024, 0.132, -41.984, -42.592, -41.984, -42.592, 4.521, 7.377, 13.108, , , 1, 15.985, 0.337, 0, 13.862, 1.766, 167, 0, 0, 0, 55.47, 6.339, 6.168, 123.8, 40.598, 100, 0, 0, 21.176, 21.176, 4.235, 0.754, 90.161, 0, 0, 97.47, 32.88, 0, 0, 0.337, 0, 0, 13.5, 0, 13.862, 0, 1.766, 167, 0, 0, 0, 55.47, 1, 0.006, 0.006, 123.8, 40.598, 100, 0, 0, 141, 21.176, 21.176, 4.235, 0.754, 0, 90.161, 0, 0, 97.47, 32.88, 0, 0.7, 0, 0, 
16, 17.017, 100.33, 73.27, 74.021, , -6.731, 0.986, 1051.926, 1051.926, 1.743, -158.067, -158.067, -158.067, 54.736, 64.545, 35.183, 34.871, 7.377, 13.131, 0, 0, -13.245, -13.436, -13.245, -13.436, 1, 31.822, 31.822, 0.024, 0.132, -39.857, -40.434, -39.857, -40.434, 4.486, 7.377, 13.131, , , 1, 16.035, 0.408, 0, 13.874, 1.743, 167, 0, 0, 0, 55.97, 6.668, 6.571, 123.8, 42.213, 100, 0, 0, 21.364, 21.364, 4.485, 0.769, 90.599, 0, 0, 97.97, 32.491, 0, 0, 0.408, 0, 0, 13.5, 0, 13.874, 0, 1.743, 167, 0, 0, 0, 55.97, 1, 0.007, 0.006, 123.8, 42.213, 100, 0, 0, 141, 21.364, 21.364, 4.485, 0.769, 0, 90.599, 0, 0, 97.97, 32.491, 0, 0.7, 0, 0, 
16.05, 17.016, 100.33, 73.27, 74.022, , -6.404, 0.986, 1054.285, 1054.285, 1.721, -150.296, -150.296, -150.296, 54.628, 62.144, 35.219, 34.763, 7.377, 13.139, 0, 0, -12.458, -12.637, -12.458, -12.637, 1, 31.486, 31.486, 0.024, 0.132, -37.983, -38.533, -37.983, -38.533, 4.476, 7.377, 13.139, , , 1, 16.085, 0.479, 0, 13.887, 1.721, 167, 0, 0, 0, 56.47, 6.997, 6.973, 123.8, 43.828, 100, 0, 0, 21.551, 21.551, 4.735, 0.784, 91.036, 0, 0, 98.47, 32.102, 0, 0, 0.479, 0, 0, 13.5, 0, 13.887, 0, 1.721, 167, 0, 0, 0, 56.47, 1, 0.007, 0.007, 123.8, 43.828, 100, 0, 0, 141, 21.551, 21.551, 4.735, 0.784, 0, 91.036, 0, 0, 98.47, 32.102, 0, 0.7, 0, 0, 
16.1, 17.015, 100.33, 73.27, 74.024, , -6.175, 0.986, 1056.619, 1056.619, 1.698, -144.876, -144.876, -144.876, 54.551, 59.742, 35.24, 34.76, 7.378, 13.136, 0, 0, -11.882, -12.053, -11.882, -12.053, 1, 31.164, 31.164, 0.024, 0.132, -36.66, -37.191, -36.66, -37.191, 4.472, 7.378, 13.136, , , 1, 16.135, 0.551, 0, 13.899, 1.698, 167, 0, 0, 0, 56.97, 7.325, 7.376, 123.8, 45.443, 100, 0, 0, 21.739, 21.739, 4.985, 0.799, 91.474, 0, 0, 98.97, 31.713, 0, 0, 0.551, 0, 0, 13.5, 0, 13.899, 0, 1.698, 167, 0, 0, 0, 56.97, 1, 0.007, 0.007, 123.8, 45.443, 100, 0, 0, 141, 21.739, 21.739, 4.985, 0.799, 0, 91.474, 0, 0, 98.97, 31.713, 0, 0.7, 0, 0, 
16.15, 17.014, 100.33, 73.27, 74.025, , -6.038, 0.986, 1058.93, 1058.93, 1.682, -141.625, -141.625, -141.625, 54.529, 57.341, 35.24, 34.904, 7.379, 13.106, 0, 0, -11.501, -11.666, -11.501, -11.666, 1, 30.853, 30.853, 0.024, 0.132, -35.847, -36.366, -35.847, -36.366, 4.468, 7.379, 13.106, , , 1, 16.185, 0.639, 0, 13.889, 1.682, 167, 0, 0, 0, 57.448, 7.677, 7.691, 123.8, 47.109, 100, 0, 0, 21.918, 21.918, 5.336, 0.811, 91.836, 0, 0, 99.28, 31.412, 0, 0, 0.639, 0, 0, 13.5, 0, 13.889, 0, 1.682, 167, 0, 0, 0, 57.448, 1, 0.008, 0.007, 123.8, 47.109, 100, 0, 0, 141, 21.918, 21.918, 5.336, 0.811, 0, 91.836, 0, 0, 99.28, 31.412, 0, 0.7, 0, 0, 
16.2, 17.012, 100.33, 73.27, 74.027, , -5.876, 0.986, 1061.231, 1061.231, 1.666, -137.782, -137.782, -137.782, 54.561, 54.94, 35.24, 35.048, 7.38, 13.056, 0, 0, -11.079, -11.24, -11.079, -11.24, 1, 30.551, 30.551, 0.024, 0.132, -34.868, -35.373, -34.868, -35.373, 4.465, 7.38, 13.056, , , 1, 16.235, 0.728, 0, 13.877, 1.666, 167, 0, 0, 0, 57.924, 8.031, 8, 123.8, 48.778, 100, 0, 0, 22.096, 22.096, 5.693, 0.823, 92.193, 0, 0, 99.577, 31.117, 0, 0, 0.728, 0, 0, 13.5, 0, 13.877, 0, 1.666, 167, 0, 0, 0, 57.924, 1, 0.008, 0.008, 123.8, 48.778, 100, 0, 0, 141, 22.096, 22.096, 5.693, 0.823, 0, 92.193, 0, 0, 99.577, 31.117, 0, 0.7, 0, 0, 
16.25, 17.011, 100.33, 73.27, 74.028, , -5.688, 0.986, 1063.521, 1063.521, 1.65, -133.345, -133.345, -133.345, 54.597, 52.539, 35.24, 35.192, 7.382, 12.962, 0, 0, -10.618, -10.772, -10.618, -10.772, 1, 30.257, 30.257, 0.024, 0.132, -33.724, -34.213, -33.724, -34.213, 4.47, 7.382, 12.962, , , 1, 16.285, 0.817, 0, 13.865, 1.65, 167, 0, 0, 0, 58.4, 8.385, 8.31, 123.8, 50.447, 100, 0, 0, 22.275, 22.275, 6.05, 0.835, 92.55, 0, 0, 99.875, 30.822, 0, 0, 0.817, 0, 0, 13.5, 0, 13.865, 0, 1.65, 167, 0, 0, 0, 58.4, 1, 0.009, 0.008, 123.8, 50.447, 100, 0, 0, 141, 22.275, 22.275, 6.05, 0.835, 0, 92.55, 0, 0, 99.875, 30.822, 0, 0.7, 0, 0, 
16.3, 17.01, 100.33, 73.27, 74.03, , -5.536, 0.986, 1065.781, 1065.781, 1.634, -129.729, -129.729, -129.729, 54.638, 50.138, 35.24, 35.336, 7.383, 12.831, 0, 0, -10.23, -10.378, -10.23, -10.378, 1, 29.974, 29.974, 0.024, 0.132, -32.789, -33.264, -32.789, -33.264, 4.478, 7.383, 12.831, , , 1, 16.335, 0.907, 0, 13.853, 1.634, 167, 0, 0, 0, 58.876, 8.738, 8.62, 123.8, 52.116, 100, 0, 0, 22.454, 22.454, 6.407, 0.847, 92.907, 0, 0, 100.173, 30.527, 0, 0, 0.907, 0, 0, 13.5, 0, 13.853, 0, 1.634, 167, 0, 0, 0, 58.876, 1, 0.009, 0.008, 123.8, 52.116, 100, 0, 0, 141, 22.454, 22.454, 6.407, 0.847, 0, 92.907, 0, 0, 100.173, 30.527, 0, 0.7, 0, 0, 
16.35, 17.01, 100.33, 73.27, 74.03, , -5.427, 0.986, 1068.004, 1068.004, 1.625, -127.159, -127.159, -127.159, 54.668, 55.594, 35.18, 35.48, 7.385, 12.669, 0, 0, -9.935, -10.078, -9.935, -10.078, 1, 29.695, 29.695, 0.024, 0.132, -32.119, -32.585, -32.119, -32.585, 4.487, 7.385, 12.669, , , 1, 16.385, 0.985, 0, 13.842, 1.625, 167, 0, 0, 0, 59.154, 8.943, 8.734, 123.8, 52.806, 100, 0, 0, 22.423, 22.423, 6.577, 0.852, 93.077, 0, 0, 100.211, 30.354, 0, 0, 0.985, 0, 0, 13.5, 0, 13.842, 0, 1.625, 167, 0, 0, 0, 59.154, 1, 0.009, 0.009, 123.8, 52.806, 100, 0, 0, 141, 22.423, 22.423, 6.577, 0.852, 0, 93.077, 0, 0, 100.211, 30.354, 0, 0.7, 0, 0, 
16.4, 17.01, 100.33, 73.27, 74.03, , -5.213, 0.986, 1070.213, 1070.213, 1.619, -122.067, -122.067, -122.067, 54.679, 66.122, 35.036, 35.624, 7.386, 12.476, 0, 0, -9.456, -9.592, -9.456, -9.592, 1, 29.423, 29.423, 0.024, 0.132, -30.823, -31.272, -30.823, -31.272, 4.495, 7.386, 12.476, , , 1, 16.435, 1.06, 0, 13.832, 1.619, 167, 0, 0, 0, 59.362, 9.095, 8.78, 123.8, 53.152, 100, 0, 0, 22.319, 22.319, 6.681, 0.854, 93.181, 0, 0, 100.159, 30.225, 0, 0, 1.06, 0, 0, 13.5, 0, 13.832, 0, 1.619, 167, 0, 0, 0, 59.362, 1, 0.009, 0.009, 123.8, 53.152, 100, 0, 0, 141, 22.319, 22.319, 6.681, 0.854, 0, 93.181, 0, 0, 100.159, 30.225, 0, 0.7, 0, 0, 
16.45, 17.01, 100.33, 73.27, 74.03, , -4.791, 0.986, 1072.395, 1072.395, 1.612, -112.076, -112.076, -112.076, 54.651, 66.997, 34.892, 35.768, 7.386, 12.273, 0, 0, -8.621, -8.745, -8.621, -8.745, 1, 29.163, 29.163, 0.024, 0.132, -28.314, -28.728, -28.314, -28.728, 4.494, 7.386, 12.273, , , 1, 16.485, 1.135, 0, 13.821, 1.612, 167, 0, 0, 0, 59.571, 9.247, 8.826, 123.8, 53.498, 100, 0, 0, 22.215, 22.215, 6.785, 0.856, 93.285, 0, 0, 100.107, 30.096, 0, 0, 1.135, 0, 0, 13.5, 0, 13.821, 0, 1.612, 167, 0, 0, 0, 59.571, 1, 0.01, 0.009, 123.8, 53.498, 100, 0, 0, 141, 22.215, 22.215, 6.785, 0.856, 0, 93.285, 0, 0, 100.107, 30.096, 0, 0.7, 0, 0, 
16.5, 17.01, 100.33, 73.27, 74.03, , -4.204, 0.986, 1074.568, 1074.568, 1.606, -98.152, -98.152, -98.152, 54.523, 67.872, 34.748, 35.912, 7.386, 12.058, 0, 0, -7.499, -7.606, -7.499, -7.606, 1, 28.936, 28.936, 0.024, 0.132, -24.795, -25.159, -24.795, -25.159, 4.485, 7.386, 12.058, , , 1, 16.535, 1.21, 0, 13.811, 1.606, 167, 0, 0, 0, 59.779, 9.399, 8.871, 123.8, 53.843, 100, 0, 0, 22.11, 22.11, 6.89, 0.858, 93.39, 0, 0, 100.055, 29.967, 0, 0, 1.21, 0, 0, 13.5, 0, 13.811, 0, 1.606, 167, 0, 0, 0, 59.779, 1, 0.01, 0.009, 123.8, 53.843, 100, 0, 0, 141, 22.11, 22.11, 6.89, 0.858, 0, 93.39, 0, 0, 100.055, 29.967, 0, 0.7, 0, 0, 
16.55, 17.01, 100.33, 73.27, 74.03, , -2.954, 0.986, 1076.71, 1076.71, 1.599, -68.498, -68.498, -68.498, 54.371, 68.747, 34.604, 36.056, 7.386, 11.867, 0, 0, -5.227, -5.302, -5.227, -5.302, 1, 28.726, 28.726, 0.024, 0.132, -17.235, -17.488, -17.235, -17.488, 4.477, 7.386, 11.867, , , 1, 16.585, 1.285, 0, 13.801, 1.599, 167, 0, 0, 0, 59.988, 9.551, 8.917, 123.8, 54.189, 100, 0, 0, 22.006, 22.006, 6.994, 0.86, 93.494, 0, 0, 100.003, 29.838, 0, 0, 1.285, 0, 0, 13.5, 0, 13.801, 0, 1.599, 167, 0, 0, 0, 59.988, 1, 0.01, 0.009, 123.8, 54.189, 100, 0, 0, 141, 22.006, 22.006, 6.994, 0.86, 0, 93.494, 0, 0, 100.003, 29.838, 0, 0.7, 0, 0, 
16.6, 17.01, 100.33, 73.27, 74.03, , -1.7, 0.986, 1078.85, 1078.85, 1.581, -38.737, -38.737, -38.737, 54.043, 69.622, 34.58, 36.049, 7.386, 11.702, 0, 0, -2.947, -2.989, -2.947, -2.989, 1, 28.64, 28.64, 0.024, 0.132, -9.645, -9.786, -9.645, -9.786, 4.468, 7.386, 11.702, , , 1, 16.635, 1.064, 0, 13.8, 1.581, 167.195, 0, 0, 0, 60, 9.361, 8.788, 123.8, 54.821, 100, 0, 0, 21.902, 21.902, 7.195, 0.868, 93.354, 0, 0, 99.951, 29.647, 0, 0, 1.064, 0, 0, 13.5, 0, 13.8, 0, 1.581, 167.195, 0, 0, 0, 60, 1, 0.01, 0.009, 123.8, 54.821, 100, 0, 0, 141, 21.902, 21.902, 7.195, 0.868, 0, 93.354, 0, 0, 99.951, 29.647, 0, 0.7, 0, 0, 
16.65, 17.01, 100.33, 73.27, 74.03, , -0.224, 0.986, 1080.955, 1080.955, 1.561, -3.735, -3.735, -3.735, 53.716, 70.497, 34.724, 35.833, 7.386, 11.566, 0, 0, -0.286, -0.29, -0.286, -0.29, 1, 28.554, 28.554, 0.024, 0.132, -0.587, -0.595, -0.587, -0.595, 4.444, 7.386, 11.566, , , 1, 16.685, 0.823, 0, 13.8, 1.561, 167.402, 0, 0, 0, 60, 9.149, 8.648, 123.8, 55.472, 100, 0, 0, 21.799, 21.799, 7.402, 0.876, 93.198, 0, 0, 99.899, 29.452, 0, 0, 0.823, 0, 0, 13.5, 0, 13.8, 0, 1.561, 167.402, 0, 0, 0, 60, 1, 0.009, 0.009, 123.8, 55.472, 100, 0, 0, 141, 21.799, 21.799, 7.402, 0.876, 0, 93.198, 0, 0, 99.899, 29.452, 0, 0.7, 0, 0, 
16.7, 17.01, 100.33, 73.27, 74.03, , 1.251, 0.986, 1083.059, 1083.059, 1.541, 31.266, 31.266, 31.266, 53.245, 71.372, 34.868, 35.617, 7.385, 11.464, 0, 0, 2.375, 2.41, 2.375, 2.41, 1, 28.616, 28.616, 0.024, 0.132, 8.472, 8.595, 8.472, 8.595, 4.406, 7.385, 11.464, , , 1, 16.735, 0.582, 0, 13.8, 1.541, 167.61, 0, 0, 0, 60, 8.938, 8.508, 123.8, 56.122, 100, 0, 0, 21.695, 21.695, 7.61, 0.884, 93.043, 0, 0, 99.848, 29.257, 0, 0, 0.582, 0, 0, 13.5, 0, 13.8, 0, 1.541, 167.61, 0, 0, 0, 60, 1, 0.009, 0.008, 123.8, 56.122, 100, 0, 0, 141, 21.695, 21.695, 7.61, 0.884, 0, 93.043, 0, 0, 99.848, 29.257, 0, 0.7, 0, 0, 
16.75, 17.01, 100.33, 73.27, 74.03, , 2.416, 0.986, 1085.132, 1085.132, 1.522, 58.899, 58.899, 58.899, 52.761, 72.247, 35.012, 35.401, 7.383, 11.386, 0, 0, 4.483, 4.548, 4.483, 4.548, 1, 28.692, 28.692, 0.024, 0.132, 15.749, 15.979, 15.749, 15.979, 4.369, 7.383, 11.386, , , 1, 16.785, 0.342, 0, 13.8, 1.522, 167.817, 0, 0, 0, 60, 8.726, 8.368, 123.8, 56.773, 100, 0, 0, 21.591, 21.591, 7.817, 0.893, 92.887, 0, 0, 99.796, 29.062, 0, 0, 0.342, 0, 0, 13.5, 0, 13.8, 0, 1.522, 167.817, 0, 0, 0, 60, 1, 0.009, 0.008, 123.8, 56.773, 100, 0, 0, 141, 21.591, 21.591, 7.817, 0.893, 0, 92.887, 0, 0, 99.796, 29.062, 0, 0.7, 0, 0, 
16.8, 17.01, 100.33, 73.27, 74.03, , 3.503, 0.986, 1087.198, 1087.198, 1.505, 84.689, 84.689, 84.689, 52.296, 73.122, 35.156, 35.185, 7.382, 11.338, 0, 0, 6.453, 6.545, 6.453, 6.545, 1, 28.85, 28.85, 0.024, 0.132, 22.581, 22.91, 22.581, 22.91, 4.332, 7.382, 11.338, , , 1, 16.835, 0.127, 0, 13.8, 1.505, 168.025, 0, 0, 0, 60, 8.537, 8.239, 123.8, 57.326, 100, 0, 0, 21.506, 21.506, 8, 0.9, 92.75, 0, 0, 99.756, 28.913, 0, 0, 0.127, 0, 0, 13.5, 0, 13.8, 0, 1.505, 168.025, 0, 0, 0, 60, 1, 0.008, 0.008, 123.8, 57.326, 100, 0, 0, 141, 21.506, 21.506, 8, 0.9, 0, 92.75, 0, 0, 99.756, 28.913, 0, 0.7, 0, 0, 
16.85, 17.01, 100.33, 73.27, 74.03, , 4.147, 0.986, 1089.284, 1089.284, 1.507, 99.98, 99.98, 99.98, 51.84, 73.997, 35.314, 34.927, 7.38, 11.305, 0, 0, 7.651, 7.76, 7.651, 7.76, 1, 29.047, 29.047, 0.024, 0.132, 26.73, 27.12, 26.73, 27.12, 4.294, 7.38, 11.305, , , 1, 16.885, 0.101, 0, 13.8, 1.507, 168.234, 0, 0, 0, 60, 8.508, 8.185, 123.8, 57.172, 100, 0, 0, 21.559, 21.559, 8, 0.9, 92.75, 0, 0, 99.809, 29.109, 0, 0, 0.101, 0, 0, 13.5, 0, 13.8, 0, 1.507, 168.234, 0, 0, 0, 60, 1, 0.008, 0.008, 123.8, 57.172, 100, 0, 0, 141, 21.559, 21.559, 8, 0.9, 0, 92.75, 0, 0, 99.809, 29.109, 0, 0.7, 0, 0, 
16.9, 17.01, 100.33, 73.27, 74.03, , 4.444, 0.986, 1091.388, 1091.388, 1.51, 107.022, 107.022, 107.022, 51.458, 74.872, 35.491, 34.609, 7.379, 11.292, 0, 0, 8.243, 8.36, 8.243, 8.36, 1, 29.258, 29.258, 0.024, 0.131, 28.772, 29.19, 28.772, 29.19, 4.257, 7.379, 11.292, , , 1, 16.935, 0.075, 0, 13.8, 1.51, 168.444, 0, 0, 0, 60, 8.48, 8.132, 123.8, 57.017, 100, 0, 0, 21.611, 21.611, 8, 0.9, 92.75, 0, 0, 99.861, 29.305, 0, 0, 0.075, 0, 0, 13.5, 0, 13.8, 0, 1.51, 168.444, 0, 0, 0, 60, 1, 0.008, 0.008, 123.8, 57.017, 100, 0, 0, 141, 21.611, 21.611, 8, 0.9, 0, 92.75, 0, 0, 99.861, 29.305, 0, 0.7, 0, 0, 
16.95, 17.01, 100.33, 73.27, 74.03, , 4.637, 0.986, 1093.504, 1093.504, 1.513, 111.604, 111.604, 111.604, 51.164, 75.747, 35.667, 34.291, 7.378, 11.297, 0, 0, 8.652, 8.775, 8.652, 8.775, 1, 29.484, 29.484, 0.025, 0.131, 30.143, 30.581, 30.143, 30.581, 4.219, 7.378, 11.297, , , 1, 16.985, 0.048, 0, 13.8, 1.513, 168.653, 0, 0, 0, 60, 8.452, 8.079, 123.8, 56.862, 100, 0, 0, 21.663, 21.663, 8, 0.9, 92.75, 0, 0, 99.913, 29.5, 0, 0, 0.048, 0, 0, 13.5, 0, 13.8, 0, 1.513, 168.653, 0, 0, 0, 60, 1, 0.008, 0.008, 123.8, 56.862, 100, 0, 0, 141, 21.663, 21.663, 8, 0.9, 0, 92.75, 0, 0, 99.913, 29.5, 0, 0.7, 0, 0, 
17, 17.01, 100.33, 73.27, 74.03, , 4.629, 0.986, 1095.646, 1095.646, 1.515, 111.412, 111.412, 111.412, 50.915, 76.622, 35.844, 33.974, 7.377, 11.327, 0, 0, 8.705, 8.828, 8.705, 8.828, 1, 29.711, 29.711, 0.025, 0.131, 30.212, 30.651, 30.212, 30.651, 4.181, 7.377, 11.327, , , 1, 17.035, 0.022, 0, 13.8, 1.515, 168.862, 0, 0, 0, 60, 8.424, 8.025, 123.8, 56.707, 100, 0, 0, 21.715, 21.715, 8, 0.9, 92.75, 0, 0, 99.965, 29.696, 0, 0, 0.022, 0, 0, 13.5, 0, 13.8, 0, 1.515, 168.862, 0, 0, 0, 60, 1, 0.008, 0.008, 123.8, 56.707, 100, 0, 0, 141, 21.715, 21.715, 8, 0.9, 0, 92.75, 0, 0, 99.965, 29.696, 0, 0.7, 0, 0, 
17.05, 17.01, 100.33, 73.27, 74.03, , 4.63, 0.986, 1097.791, 1097.791, 1.521, 111.436, 111.436, 111.436, 50.812, 77.497, 36.02, 33.656, 7.377, 11.378, 0, 0, 8.775, 8.899, 8.775, 8.899, 1, 29.94, 29.94, 0.025, 0.131, 30.322, 30.763, 30.322, 30.763, 4.156, 7.377, 11.378, , , 1, 17.085, 0.005, 0, 13.8, 1.521, 169, 0, 0, 0, 60, 8.401, 7.986, 123.8, 56.564, 100, 0, 0, 21.787, 21.787, 8, 0.9, 92.805, 0, 0, 100.074, 29.917, 0, 0, 0.005, 0, 0, 13.5, 0, 13.8, 0, 1.521, 169, 0, 0, 0, 60, 1, 0.008, 0.008, 123.8, 56.564, 100, 0, 0, 141, 21.787, 21.787, 8, 0.9, 0, 92.805, 0, 0, 100.074, 29.917, 0, 0.7, 0, 0, 
17.1, 17.01, 100.33, 73.27, 74.03, , 4.678, 0.986, 1099.954, 1099.954, 1.533, 112.598, 112.598, 112.598, 50.716, 78.372, 36.069, 33.628, 7.377, 11.464, 0, 0, 8.932, 9.059, 8.932, 9.059, 1, 30.169, 30.169, 0.025, 0.131, 30.649, 31.097, 30.649, 31.097, 4.143, 7.377, 11.464, , , 1, 17.135, 0.004, 0, 13.8, 1.533, 169, 0, 0, 0, 60, 8.389, 7.973, 123.8, 56.445, 100, 0, 0, 21.896, 21.896, 8, 0.9, 92.968, 0, 0, 100.291, 30.188, 0, 0, 0.004, 0, 0, 13.5, 0, 13.8, 0, 1.533, 169, 0, 0, 0, 60, 1, 0.008, 0.008, 123.8, 56.445, 100, 0, 0, 141, 21.896, 21.896, 8, 0.9, 0, 92.968, 0, 0, 100.291, 30.188, 0, 0.7, 0, 0, 
17.15, 17.01, 100.33, 73.27, 74.03, , 4.726, 0.986, 1102.117, 1102.117, 1.545, 113.731, 113.731, 113.731, 50.707, 79.247, 35.849, 34.216, 7.377, 11.566, 0, 0, 9.088, 9.218, 9.088, 9.218, 1, 30.401, 30.401, 0.024, 0.132, 30.968, 31.422, 30.968, 31.422, 4.129, 7.377, 11.566, , , 1, 17.185, 0.002, 0, 13.8, 1.545, 169, 0, 0, 0, 60, 8.377, 7.959, 123.8, 56.325, 100, 0, 0, 22.004, 22.004, 8, 0.9, 93.132, 0, 0, 100.509, 30.458, 0, 0, 0.002, 0, 0, 13.5, 0, 13.8, 0, 1.545, 169, 0, 0, 0, 60, 1, 0.008, 0.008, 123.8, 56.325, 100, 0, 0, 141, 22.004, 22.004, 8, 0.9, 0, 93.132, 0, 0, 100.509, 30.458, 0, 0.7, 0, 0, 
17.2, 17.01, 100.33, 73.27, 74.03, , 4.713, 0.986, 1104.342, 1104.342, 1.557, 113.432, 113.432, 113.432, 50.697, 80.121, 35.629, 34.804, 7.377, 11.697, 0, 0, 9.133, 9.265, 9.133, 9.265, 1, 30.633, 30.633, 0.024, 0.132, 30.883, 31.337, 30.883, 31.337, 4.116, 7.377, 11.697, , , 1, 17.235, 0.001, 0, 13.8, 1.557, 169, 0, 0, 0, 60, 8.365, 7.946, 123.8, 56.206, 100, 0, 0, 22.113, 22.113, 8, 0.9, 93.295, 0, 0, 100.726, 30.729, 0, 0, 0.001, 0, 0, 13.5, 0, 13.8, 0, 1.557, 169, 0, 0, 0, 60, 1, 0.008, 0.008, 123.8, 56.206, 100, 0, 0, 141, 22.113, 22.113, 8, 0.9, 0, 93.295, 0, 0, 100.726, 30.729, 0, 0.7, 0, 0, 
17.25, 17.01, 100.33, 73.27, 74.03, , 4.701, 0.986, 1106.567, 1106.567, 1.569, 113.133, 113.133, 113.133, 50.715, 80.996, 35.408, 35.391, 7.377, 11.83, 0, 0, 9.179, 9.312, 9.179, 9.312, 1, 30.865, 30.865, 0.024, 0.132, 30.798, 31.252, 30.798, 31.252, 4.107, 7.377, 11.83, , , 1, 17.285, 0, 0, 13.8, 1.569, 169, 0, 0, 0, 60, 8.353, 7.933, 123.8, 56.086, 100, 0, 0, 22.222, 22.222, 8, 0.9, 93.458, 0, 0, 100.943, 31, 0, 0, 0, 0, 0, 13.5, 0, 13.8, 0, 1.569, 169, 0, 0, 0, 60, 1, 0.008, 0.008, 123.8, 56.086, 100, 0, 0, 141, 22.222, 22.222, 8, 0.9, 0, 93.458, 0, 0, 100.943, 31, 0, 0.7, 0, 0, 
17.3, 17.01, 100.33, 73.27, 74.03, , 4.697, 0.986, 1108.809, 1108.809, 1.581, 113.059, 113.059, 113.059, 50.734, 81.871, 35.188, 35.979, 7.377, 11.967, 0, 0, 9.241, 9.374, 9.241, 9.374, 1, 31.097, 31.097, 0.024, 0.133, 30.767, 31.22, 30.767, 31.22, 4.113, 7.377, 11.967, , , 1, 17.335, 0, 0, 13.808, 1.581, 169, 0, 0, 0, 60, 8.324, 7.906, 123.8, 55.885, 100, 0, 0, 22.366, 22.366, 8, 0.9, 93.654, 0, 0, 101.193, 31.261, 0, 0, 0, 0, 0, 13.5, 0, 13.808, 0, 1.581, 169, 0, 0, 0, 60, 1, 0.008, 0.008, 123.8, 55.885, 100, 0, 0, 141, 22.366, 22.366, 8, 0.9, 0, 93.654, 0, 0, 101.193, 31.261, 0, 0.7, 0, 0, 
17.35, 17.01, 100.33, 73.27, 74.03, , 4.695, 0.986, 1111.054, 1111.054, 1.593, 113.009, 113.009, 113.009, 50.744, 82.746, 35.09, 36.244, 7.377, 12.097, 0, 0, 9.305, 9.438, 9.305, 9.438, 1, 31.327, 31.327, 0.024, 0.133, 30.741, 31.195, 30.741, 31.195, 4.119, 7.377, 12.097, , , 1, 17.385, 0, 0, 13.818, 1.593, 169, 0, 0, 0, 60, 8.288, 7.874, 123.8, 55.654, 100, 0, 0, 22.522, 22.522, 8, 0.9, 93.862, 0, 0, 101.453, 31.52, 0, 0, 0, 0, 0, 13.5, 0, 13.818, 0, 1.593, 169, 0, 0, 0, 60, 1, 0.008, 0.008, 123.8, 55.654, 100, 0, 0, 141, 22.522, 22.522, 8, 0.9, 0, 93.862, 0, 0, 101.453, 31.52, 0, 0.7, 0, 0, 
17.4, 17.01, 100.33, 73.27, 74.03, , 4.698, 0.986, 1113.317, 1113.317, 1.604, 113.083, 113.083, 113.083, 50.752, 83.621, 35.162, 36.064, 7.377, 12.211, 0, 0, 9.381, 9.516, 9.381, 9.516, 1, 31.556, 31.556, 0.024, 0.133, 30.762, 31.215, 30.762, 31.215, 4.125, 7.377, 12.211, , , 1, 17.435, 0, 0, 13.829, 1.604, 169, 0, 0, 0, 60, 8.253, 7.842, 123.8, 55.424, 100, 0, 0, 22.678, 22.678, 8, 0.9, 94.071, 0, 0, 101.714, 31.778, 0, 0, 0, 0, 0, 13.5, 0, 13.829, 0, 1.604, 169, 0, 0, 0, 60, 1, 0.008, 0.008, 123.8, 55.424, 100, 0, 0, 141, 22.678, 22.678, 8, 0.9, 0, 94.071, 0, 0, 101.714, 31.778, 0, 0.7, 0, 0, 
17.45, 17.01, 100.33, 73.27, 74.03, , 4.702, 0.986, 1115.584, 1115.584, 1.616, 113.184, 113.184, 113.184, 50.737, 84.496, 35.234, 35.884, 7.377, 12.312, 0, 0, 9.459, 9.596, 9.459, 9.596, 1, 31.788, 31.788, 0.024, 0.133, 30.793, 31.247, 30.793, 31.247, 4.131, 7.377, 12.312, , , 1, 17.485, 0, 0, 13.839, 1.616, 169, 0, 0, 0, 60, 8.218, 7.809, 123.8, 55.194, 100, 0, 0, 22.834, 22.834, 8, 0.9, 94.279, 0, 0, 101.974, 32.036, 0, 0, 0, 0, 0, 13.5, 0, 13.839, 0, 1.616, 169, 0, 0, 0, 60, 1, 0.008, 0.008, 123.8, 55.194, 100, 0, 0, 141, 22.834, 22.834, 8, 0.9, 0, 94.279, 0, 0, 101.974, 32.036, 0, 0.7, 0, 0, 
17.5, 17.01, 100.33, 73.27, 74.03, , 4.686, 0.986, 1117.884, 1117.884, 1.627, 112.796, 112.796, 112.796, 50.715, 85.371, 35.306, 35.704, 7.377, 12.385, 0, 0, 9.496, 9.633, 9.496, 9.633, 1, 32.021, 32.021, 0.024, 0.133, 30.698, 31.149, 30.698, 31.149, 4.145, 7.377, 12.385, , , 1, 17.535, 0, 0, 13.849, 1.627, 169, 0, 0, 0, 60, 8.182, 7.777, 123.8, 54.964, 100, 0, 0, 22.991, 22.991, 8, 0.9, 94.488, 0, 0, 102.234, 32.294, 0, 0, 0, 0, 0, 13.5, 0, 13.849, 0, 1.627, 169, 0, 0, 0, 60, 1, 0.008, 0.008, 123.8, 54.964, 100, 0, 0, 141, 22.991, 22.991, 8, 0.9, 0, 94.488, 0, 0, 102.234, 32.294, 0, 0.7, 0, 0, 
17.55, 17.01, 100.33, 73.27, 74.03, , 4.663, 0.986, 1120.196, 1120.196, 1.639, 112.27, 112.27, 112.27, 50.702, 86.246, 35.378, 35.524, 7.377, 12.452, 0, 0, 9.521, 9.657, 9.521, 9.657, 1, 32.251, 32.251, 0.024, 0.133, 30.568, 31.015, 30.568, 31.015, 4.159, 7.377, 12.452, , , 1, 17.585, 0, 0, 13.86, 1.639, 169, 0, 0, 0, 60.102, 8.14, 7.739, 123.616, 54.648, 100, 0, 0, 23.204, 23.204, 8, 0.902, 94.704, 0, 0, 102.505, 32.5, 0, 0, 0, 0, 0, 13.51, 0, 13.86, 0, 1.639, 169, 0, 0, 0, 60.102, 1, 0.008, 0.008, 123.616, 54.648, 100, 0, 0, 141, 23.204, 23.204, 8, 0.902, 0, 94.704, 0, 0, 102.505, 32.5, 0, 0.7, 0, 0, 
17.6, 17.01, 100.33, 73.27, 74.03, , 4.644, 0.986, 1122.543, 1122.543, 1.652, 111.815, 111.815, 111.815, 50.692, 87.121, 35.314, 35.39, 7.377, 12.506, 0, 0, 9.548, 9.686, 9.548, 9.686, 1, 32.481, 32.481, 0.024, 0.133, 30.443, 30.887, 30.443, 30.887, 4.173, 7.377, 12.506, , , 1, 17.635, 0, 0, 13.871, 1.652, 169, 0, 0, 0, 60.211, 8.098, 7.701, 123.42, 54.326, 100, 0, 0, 23.422, 23.422, 8, 0.904, 94.922, 0, 0, 102.777, 32.702, 0, 0, 0, 0, 0, 13.521, 0, 13.871, 0, 1.652, 169, 0, 0, 0, 60.211, 1, 0.008, 0.008, 123.42, 54.326, 100, 0, 0, 141, 23.422, 23.422, 8, 0.904, 0, 94.922, 0, 0, 102.777, 32.702, 0, 0.7, 0, 0, 
17.65, 17.01, 100.33, 73.27, 74.03, , 4.626, 0.986, 1124.903, 1124.903, 1.664, 111.384, 111.384, 111.384, 50.716, 87.996, 35.062, 35.318, 7.377, 12.56, 0, 0, 9.577, 9.716, 9.577, 9.716, 1, 32.709, 32.709, 0.024, 0.133, 30.32, 30.76, 30.32, 30.76, 4.186, 7.377, 12.56, , , 1, 17.685, 0, 0, 13.882, 1.664, 169, 0, 0, 0, 60.32, 8.055, 7.663, 123.225, 54.004, 100, 0, 0, 23.639, 23.639, 8, 0.906, 95.139, 0, 0, 103.049, 32.904, 0, 0, 0, 0, 0, 13.532, 0, 13.882, 0, 1.664, 169, 0, 0, 0, 60.32, 1, 0.008, 0.008, 123.225, 54.004, 100, 0, 0, 141, 23.639, 23.639, 8, 0.906, 0, 95.139, 0, 0, 103.049, 32.904, 0, 0.7, 0, 0, 
17.7, 17.009, 100.33, 73.27, 74.03, , 4.599, 0.986, 1127.28, 1127.28, 1.676, 110.769, 110.769, 110.769, 50.749, 88.871, 34.81, 35.246, 7.377, 12.613, 0, 0, 9.59, 9.73, 9.59, 9.73, 1, 32.937, 32.937, 0.024, 0.134, 30.127, 30.564, 30.127, 30.564, 4.179, 7.377, 12.613, , , 1, 17.735, 0, 0, 13.893, 1.676, 169, 0, 0, 0, 60.428, 8.013, 7.625, 123.029, 53.682, 100, 0, 0, 23.857, 23.857, 8, 0.909, 95.357, 0, 0, 103.321, 33.107, 0, 0, 0, 0, 0, 13.543, 0, 13.893, 0, 1.676, 169, 0, 0, 0, 60.428, 1, 0.008, 0.008, 123.029, 53.682, 100, 0, 0, 141, 23.857, 23.857, 8, 0.909, 0, 95.357, 0, 0, 103.321, 33.107, 0, 0.7, 0, 0, 
17.75, 17.008, 100.33, 73.27, 74.03, , 4.571, 0.986, 1129.662, 1129.662, 1.688, 110.098, 110.098, 110.098, 50.808, 89.746, 34.558, 35.174, 7.377, 12.669, 0, 0, 9.598, 9.738, 9.598, 9.738, 1, 33.164, 33.164, 0.024, 0.134, 29.912, 30.346, 29.912, 30.346, 4.171, 7.377, 12.669, , , 1, 17.785, 0, 0, 13.9, 1.688, 169, 0, 0, 0, 60.5, 7.973, 7.59, 122.83, 53.342, 100, 0, 0, 24.077, 24.077, 8, 0.91, 95.597, 0, 0, 103.577, 33.312, 0, 0, 0, 0, 0, 13.55, 0, 13.9, 0, 1.688, 169, 0, 0, 0, 60.5, 1, 0.008, 0.008, 122.83, 53.341, 100, 0, 0, 141, 24.077, 24.077, 8, 0.91, 0, 95.597, 0, 0, 103.577, 33.312, 0, 0.7, 0, 0, 
17.8, 17.007, 100.33, 73.27, 74.03, , 4.515, 0.986, 1132.084, 1132.084, 1.702, 108.761, 108.761, 108.761, 50.873, 90.621, 34.306, 35.102, 7.377, 12.735, 0, 0, 9.544, 9.682, 9.544, 9.682, 1, 33.39, 33.39, 0.024, 0.134, 29.514, 29.942, 29.514, 29.942, 4.163, 7.377, 12.735, , , 1, 17.835, 0, 0, 13.9, 1.702, 169, 0, 0, 0, 60.5, 7.936, 7.562, 122.626, 52.964, 100, 0, 0, 24.305, 24.305, 8, 0.91, 95.881, 0, 0, 103.805, 33.525, 0, 0, 0, 0, 0, 13.55, 0, 13.9, 0, 1.702, 169, 0, 0, 0, 60.5, 1, 0.008, 0.008, 122.626, 52.962, 100, 0, 0, 141, 24.305, 24.305, 8, 0.91, 0, 95.881, 0, 0, 103.805, 33.525, 0, 0.7, 0, 0, 
17.85, 17.006, 100.33, 73.27, 74.03, , 4.452, 0.986, 1134.516, 1134.516, 1.715, 107.278, 107.278, 107.278, 50.929, 91.496, 34.239, 35.01, 7.377, 12.801, 0, 0, 9.475, 9.612, 9.475, 9.612, 1, 33.61, 33.61, 0.024, 0.134, 29.076, 29.497, 29.076, 29.497, 4.155, 7.377, 12.801, , , 1, 17.885, 0, 0, 13.9, 1.715, 169, 0, 0, 0, 60.5, 7.9, 7.534, 122.421, 52.587, 100, 0, 0, 24.532, 24.532, 8, 0.91, 96.165, 0, 0, 104.032, 33.737, 0, 0, 0, 0, 0, 13.55, 0, 13.9, 0, 1.715, 169, 0, 0, 0, 60.5, 1, 0.008, 0.008, 122.421, 52.583, 100, 0, 0, 141, 24.532, 24.532, 8, 0.91, 0, 96.165, 0, 0, 104.032, 33.737, 0, 0.7, 0, 0, 
17.9, 17.006, 100.33, 73.27, 74.03, , 4.415, 0.986, 1136.948, 1136.948, 1.728, 106.405, 106.405, 106.405, 50.982, 92.371, 34.427, 34.89, 7.377, 12.862, 0, 0, 9.459, 9.596, 9.459, 9.596, 1, 33.829, 33.829, 0.024, 0.134, 28.813, 29.23, 28.813, 29.23, 4.144, 7.377, 12.862, , , 1, 17.935, 0, 0, 13.9, 1.728, 169, 0, 0, 0, 60.5, 7.864, 7.505, 122.217, 52.21, 100, 0, 0, 24.759, 24.759, 8, 0.91, 96.449, 0, 0, 104.259, 33.95, 0, 0, 0, 0, 0, 13.55, 0, 13.9, 0, 1.728, 169, 0, 0, 0, 60.5, 1, 0.008, 0.008, 122.217, 52.204, 100, 0, 0, 141, 24.759, 24.759, 8, 0.91, 0, 96.449, 0, 0, 104.259, 33.95, 0, 0.7, 0, 0, 
17.95, 17.005, 100.33, 73.27, 74.03, , 4.381, 0.986, 1139.379, 1139.379, 1.741, 105.616, 105.616, 105.616, 51.012, 93.245, 34.615, 34.77, 7.377, 12.919, 0, 0, 9.45, 9.587, 9.45, 9.587, 1, 34.045, 34.045, 0.024, 0.134, 28.575, 28.988, 28.575, 28.988, 4.133, 7.377, 12.919, , , 1, 17.985, 0, 0, 13.9, 1.741, 169, 0, 0, 0, 60.5, 7.827, 7.477, 122.012, 51.833, 100, 0, 0, 24.986, 24.986, 8, 0.91, 96.733, 0, 0, 104.486, 34.162, 0, 0, 0, 0, 0, 13.55, 0, 13.9, 0, 1.741, 169, 0, 0, 0, 60.5, 1, 0.008, 0.008, 122.012, 51.825, 100, 0, 0, 141, 24.986, 24.986, 8, 0.91, 0, 96.733, 0, 0, 104.486, 34.162, 0, 0.7, 0, 0, 
18, 17.004, 100.33, 73.27, 74.03, , 4.31, 0.986, 1141.862, 1141.862, 1.748, 103.934, 103.934, 103.934, 51.04, 94.12, 34.804, 34.65, 7.377, 12.958, 0, 0, 9.357, 9.492, 9.357, 9.492, 1, 34.261, 34.261, 0.024, 0.134, 28.114, 28.521, 28.114, 28.521, 4.122, 7.377, 12.958, , , 1, 18.035, 0, 0, 13.9, 1.748, 169, 0, 0, 0, 60.394, 7.805, 7.463, 122, 51.615, 100, 0, 0, 25.106, 25.106, 8, 0.908, 96.909, 0, 0, 104.606, 34.307, 0, 0, 0, 0, 0, 13.539, 0, 13.9, 0, 1.748, 169, 0, 0, 0, 60.394, 1, 0.008, 0.007, 122, 51.612, 100, 0, 0, 141, 25.106, 25.106, 8, 0.908, 0, 96.909, 0, 0, 104.606, 34.307, 0, 0.7, 0, 0, 
18.05, 17.003, 100.33, 73.27, 74.03, , 4.244, 0.986, 1144.349, 1144.349, 1.753, 102.36, 102.36, 102.36, 51.044, 94.995, 34.992, 34.531, 7.377, 12.994, 0, 0, 9.274, 9.407, 9.274, 9.407, 1, 34.471, 34.471, 0.024, 0.134, 27.684, 28.084, 27.684, 28.084, 4.111, 7.377, 12.994, , , 1, 18.085, 0, 0, 13.9, 1.753, 169, 0, 0, 0, 60.282, 7.783, 7.451, 122, 51.408, 100, 0, 0, 25.218, 25.218, 8, 0.906, 97.078, 0, 0, 104.718, 34.448, 0, 0, 0, 0, 0, 13.528, 0, 13.9, 0, 1.753, 169, 0, 0, 0, 60.282, 1, 0.008, 0.007, 122, 51.406, 100, 0, 0, 141, 25.218, 25.218, 8, 0.906, 0, 97.078, 0, 0, 104.718, 34.448, 0, 0.7, 0, 0, 
18.1, 17.003, 100.33, 73.27, 74.03, , 4.239, 0.986, 1146.859, 1146.859, 1.759, 102.238, 102.238, 102.238, 51.044, 95.87, 35.153, 34.427, 7.377, 13.008, 0, 0, 9.318, 9.454, 9.318, 9.454, 1, 34.68, 34.68, 0.024, 0.134, 27.654, 28.054, 27.654, 28.054, 4.102, 7.377, 13.008, , , 1, 18.135, 0, 0, 13.9, 1.759, 169, 0, 0, 0, 60.169, 7.762, 7.439, 122, 51.201, 100, 0, 0, 25.331, 25.331, 8, 0.903, 97.247, 0, 0, 104.831, 34.589, 0, 0, 0, 0, 0, 13.517, 0, 13.9, 0, 1.759, 169, 0, 0, 0, 60.169, 1, 0.008, 0.007, 122, 51.199, 100, 0, 0, 141, 25.331, 25.331, 8, 0.903, 0, 97.247, 0, 0, 104.831, 34.589, 0, 0.7, 0, 0, 
18.15, 17.002, 100.33, 73.27, 74.03, , 4.227, 0.986, 1149.376, 1149.376, 1.765, 101.968, 101.968, 101.968, 51.03, 96.745, 35.172, 34.408, 7.377, 13.021, 0, 0, 9.349, 9.486, 9.349, 9.486, 1, 34.89, 34.89, 0.024, 0.134, 27.585, 27.985, 27.585, 27.985, 4.094, 7.377, 13.021, , , 1, 18.185, 0, 0, 13.9, 1.765, 169, 0, 0, 0, 60.056, 7.741, 7.426, 122, 50.994, 100, 0, 0, 25.444, 25.444, 8, 0.901, 97.416, 0, 0, 104.944, 34.73, 0, 0, 0, 0, 0, 13.506, 0, 13.9, 0, 1.765, 169, 0, 0, 0, 60.056, 1, 0.008, 0.007, 122, 50.993, 100, 0, 0, 141, 25.444, 25.444, 8, 0.901, 0, 97.416, 0, 0, 104.944, 34.73, 0, 0.7, 0, 0, 
18.2, 17.001, 100.33, 73.27, 74.03, , 4.194, 0.986, 1151.913, 1151.913, 1.773, 101.171, 101.171, 101.171, 51.013, 97.62, 35.191, 34.389, 7.378, 13.025, 0, 0, 9.331, 9.468, 9.331, 9.468, 1, 35.099, 35.099, 0.024, 0.135, 27.38, 27.778, 27.38, 27.778, 4.086, 7.378, 13.025, , , 1, 18.235, 0, 0, 13.9, 1.773, 169, 0, 0, 0, 60.093, 7.72, 7.412, 122, 50.786, 100, 0, 0, 25.547, 25.547, 8, 0.902, 97.5, 0, 0, 105.093, 34.858, 0, 0, 0, 0, 0, 13.5, 0, 13.9, 0, 1.773, 169, 0, 0, 0, 60.093, 1, 0.008, 0.007, 122, 50.786, 100, 0, 0, 141, 25.547, 25.547, 8, 0.902, 0, 97.5, 0, 0, 105.093, 34.858, 0, 0.7, 0, 0, 
18.25, 17, 100.33, 73.27, 74.03, , 4.157, 0.986, 1154.462, 1154.462, 1.783, 100.297, 100.297, 100.297, 50.989, 98.495, 35.21, 34.37, 7.378, 13.03, 0, 0, 9.305, 9.441, 9.305, 9.441, 1, 35.306, 35.306, 0.024, 0.135, 27.152, 27.547, 27.152, 27.547, 4.078, 7.378, 13.03, , , 1, 18.285, 0, 0, 13.9, 1.783, 169, 0, 0, 0, 60.28, 7.699, 7.395, 122, 50.578, 100, 0, 0, 25.64, 25.64, 8, 0.906, 97.5, 0, 0, 105.28, 34.974, 0, 0, 0, 0, 0, 13.5, 0, 13.9, 0, 1.783, 169, 0, 0, 0, 60.28, 1, 0.008, 0.007, 122, 50.578, 100, 0, 0, 141, 25.64, 25.64, 8, 0.906, 0, 97.5, 0, 0, 105.28, 34.974, 0, 0.7, 0, 0, 
18.3, 17, 100.33, 73.27, 74.03, , 4.114, 0.986, 1157.027, 1157.027, 1.792, 99.297, 99.297, 99.297, 50.979, 99.37, 35.229, 34.351, 7.38, 13.036, 0, 0, 9.264, 9.4, 9.264, 9.4, 1, 35.51, 35.51, 0.024, 0.135, 26.885, 27.277, 26.885, 27.277, 4.084, 7.38, 13.036, , , 1, 18.335, 0, 0, 13.9, 1.792, 169, 0, 0, 0, 60.466, 7.679, 7.378, 122, 50.37, 100, 0, 0, 25.733, 25.733, 8, 0.909, 97.5, 0, 0, 105.466, 35.089, 0, 0, 0, 0, 0, 13.5, 0, 13.9, 0, 1.792, 169, 0, 0, 0, 60.466, 1, 0.008, 0.007, 122, 50.37, 100, 0, 0, 141, 25.733, 25.733, 8, 0.909, 0, 97.5, 0, 0, 105.466, 35.089, 0, 0.7, 0, 0, 
18.35, 16.999, 100.33, 73.27, 74.03, , 4.096, 0.986, 1159.61, 1159.61, 1.802, 98.854, 98.854, 98.854, 50.985, 98.797, 35.18, 34.431, 7.381, 13.042, 0, 0, 9.277, 9.413, 9.277, 9.413, 1, 35.712, 35.712, 0.024, 0.134, 26.763, 27.153, 26.763, 27.153, 4.097, 7.381, 13.042, , , 1, 18.385, 0, 0, 13.9, 1.802, 169, 0, 0, 0, 60.653, 7.658, 7.361, 122, 50.162, 100, 0, 0, 25.826, 25.826, 8, 0.913, 97.5, 0, 0, 105.653, 35.205, 0, 0, 0, 0, 0, 13.5, 0, 13.9, 0, 1.802, 169, 0, 0, 0, 60.653, 1, 0.008, 0.007, 122, 50.162, 100, 0, 0, 141, 25.826, 25.826, 8, 0.913, 0, 97.5, 0, 0, 105.653, 35.205, 0, 0.7, 0, 0, 
18.4, 16.998, 100.33, 73.27, 74.03, , 4.094, 0.986, 1162.205, 1162.205, 1.812, 98.815, 98.815, 98.815, 51.004, 94.501, 35.036, 34.647, 7.384, 13.052, 0, 0, 9.329, 9.465, 9.329, 9.465, 1, 35.913, 35.913, 0.024, 0.134, 26.744, 27.134, 26.744, 27.134, 4.109, 7.384, 13.052, , , 1, 18.434, 0, 0, 13.9, 1.812, 169, 0, 0, 0, 60.84, 7.638, 7.344, 122, 49.955, 100, 0, 0, 25.92, 25.92, 8, 0.917, 97.5, 0, 0, 105.84, 35.321, 0, 0, 0, 0, 0, 13.5, 0, 13.9, 0, 1.812, 169, 0, 0, 0, 60.84, 1, 0.008, 0.007, 122, 49.955, 100, 0, 0, 141, 25.92, 25.92, 8, 0.917, 0, 97.5, 0, 0, 105.84, 35.321, 0, 0.7, 0, 0, 
18.45, 16.997, 100.33, 73.27, 74.03, , 4.065, 0.986, 1164.822, 1164.822, 1.822, 98.138, 98.138, 98.138, 51.03, 90.205, 34.892, 34.863, 7.386, 13.063, 0, 0, 9.318, 9.453, 9.318, 9.453, 1, 36.116, 36.116, 0.024, 0.134, 26.544, 26.931, 26.544, 26.931, 4.122, 7.386, 13.063, , , 1, 18.485, 0, 0, 13.9, 1.822, 169, 0, 0, 0, 61, 7.614, 7.326, 122, 49.713, 100, 0, 0, 26.029, 26.029, 8, 0.92, 97.551, 0, 0, 106.058, 35.474, 0, 0, 0, 0, 0, 13.5, 0, 13.9, 0, 1.822, 169, 0, 0, 0, 61, 1, 0.008, 0.007, 122, 49.713, 100, 0, 0, 141, 26.029, 26.029, 8, 0.92, 0, 97.551, 0, 0, 106.058, 35.474, 0, 0.7, 0, 0, 
18.5, 16.997, 100.33, 73.27, 74.03, , 4.029, 0.986, 1167.445, 1167.445, 1.84, 97.28, 97.28, 97.28, 51.073, 85.909, 34.748, 35.079, 7.388, 13.076, 0, 0, 9.29, 9.423, 9.29, 9.423, 1, 36.315, 36.315, 0.024, 0.134, 26.293, 26.677, 26.293, 26.677, 4.132, 7.388, 13.076, , , 1, 18.535, 0, 0, 13.9, 1.84, 169, 0, 0, 0, 61, 7.572, 7.296, 122, 49.293, 100, 0, 0, 26.237, 26.237, 8, 0.918, 97.914, 0, 0, 106.473, 35.86, 0, 0, 0, 0, 0, 13.5, 0, 13.9, 0, 1.84, 169, 0, 0, 0, 61, 1, 0.008, 0.007, 122, 49.293, 100, 0, 0, 141, 26.237, 26.237, 8, 0.918, 0, 97.914, 0, 0, 106.473, 35.86, 0, 0.7, 0, 0, 
18.55, 16.996, 100.33, 73.27, 74.03, , 4.04, 0.986, 1170.097, 1170.097, 1.858, 97.555, 97.555, 97.555, 51.117, 81.614, 34.604, 35.295, 7.39, 13.089, 0, 0, 9.365, 9.5, 9.365, 9.5, 1, 36.513, 36.513, 0.024, 0.134, 26.348, 26.733, 26.348, 26.733, 4.137, 7.39, 13.089, , , 1, 18.585, 0, 0, 13.9, 1.858, 169, 0, 0, 0, 61, 7.529, 7.266, 122, 48.873, 100, 0, 0, 26.444, 26.444, 8, 0.916, 98.277, 0, 0, 106.888, 36.246, 0, 0, 0, 0, 0, 13.5, 0, 13.9, 0, 1.858, 169, 0, 0, 0, 61, 1, 0.008, 0.007, 122, 48.873, 100, 0, 0, 141, 26.444, 26.444, 8, 0.916, 0, 98.277, 0, 0, 106.888, 36.246, 0, 0.7, 0, 0, 
18.6, 16.995, 100.33, 73.27, 74.03, , 4.045, 0.986, 1172.757, 1172.757, 1.875, 97.673, 97.673, 97.673, 51.151, 77.318, 34.596, 35.435, 7.391, 13.099, 0, 0, 9.425, 9.562, 9.425, 9.562, 1, 36.714, 36.714, 0.024, 0.134, 26.36, 26.746, 26.36, 26.746, 4.143, 7.391, 13.099, , , 1, 18.635, 0, 0, 13.9, 1.875, 169, 0, 0, 0, 61, 7.486, 7.236, 122, 48.452, 100, 0, 0, 26.651, 26.651, 8, 0.913, 98.64, 0, 0, 107.303, 36.632, 0, 0, 0, 0, 0, 13.5, 0, 13.9, 0, 1.875, 169, 0, 0, 0, 61, 1, 0.007, 0.007, 122, 48.452, 100, 0, 0, 141, 26.651, 26.651, 8, 0.913, 0, 98.64, 0, 0, 107.303, 36.632, 0, 0.7, 0, 0, 
18.65, 16.994, 100.33, 73.27, 74.03, , 4.026, 0.986, 1175.441, 1175.441, 1.893, 97.235, 97.235, 97.235, 51.185, 73.022, 34.776, 35.471, 7.392, 13.109, 0, 0, 9.435, 9.572, 9.435, 9.572, 1, 36.915, 36.915, 0.024, 0.133, 26.224, 26.608, 26.224, 26.608, 4.148, 7.392, 13.109, , , 1, 18.685, 0, 0, 13.9, 1.893, 169, 0, 0, 0, 61, 7.444, 7.205, 122, 48.032, 100, 0, 0, 26.859, 26.859, 8, 0.911, 99.003, 0, 0, 107.718, 37.018, 0, 0, 0, 0, 0, 13.5, 0, 13.9, 0, 1.893, 169, 0, 0, 0, 61, 1, 0.007, 0.007, 122, 48.032, 100, 0, 0, 141, 26.859, 26.859, 8, 0.911, 0, 99.003, 0, 0, 107.718, 37.018, 0, 0.7, 0, 0, 
18.7, 16.994, 100.33, 73.27, 74.03, , 4.009, 0.986, 1178.125, 1178.125, 1.907, 96.811, 96.811, 96.811, 51.217, 68.726, 34.956, 35.507, 7.391, 13.115, 0, 0, 9.445, 9.581, 9.445, 9.581, 1, 37.117, 37.117, 0.024, 0.133, 26.094, 26.476, 26.094, 26.476, 4.15, 7.391, 13.115, , , 1, 18.735, 0, 0, 13.9, 1.907, 169, 0, 0, 0, 61, 7.413, 7.183, 122, 47.716, 100, 0, 0, 27.033, 27.033, 8, 0.911, 99.3, 0, 0, 108.033, 37.322, 0, 0, 0, 0, 0, 13.5, 0, 13.9, 0, 1.907, 169, 0, 0, 0, 61, 1, 0.007, 0.007, 122, 47.716, 100, 0, 0, 141, 27.033, 27.033, 8, 0.911, 0, 99.3, 0, 0, 108.033, 37.322, 0, 0.7, 0, 0, 
18.75, 16.993, 100.33, 73.27, 74.03, , 3.991, 0.986, 1180.81, 1180.81, 1.912, 96.404, 96.404, 96.404, 51.246, 64.43, 35.136, 35.543, 7.39, 13.12, 0, 0, 9.454, 9.591, 9.454, 9.591, 1, 37.316, 37.316, 0.024, 0.133, 25.97, 26.35, 25.97, 26.35, 4.148, 7.39, 13.12, , , 1, 18.785, 0, 0, 13.9, 1.912, 169, 0, 0, 0, 61, 7.408, 7.178, 122, 47.599, 100, 0, 0, 27.138, 27.138, 8, 0.913, 99.457, 0, 0, 108.138, 37.451, 0, 0, 0, 0, 0, 13.5, 0, 13.9, 0, 1.912, 169, 0, 0, 0, 61, 1, 0.007, 0.007, 122, 47.599, 100, 0, 0, 141, 27.138, 27.138, 8, 0.913, 0, 99.457, 0, 0, 108.138, 37.451, 0, 0.7, 0, 0, 
18.8, 16.992, 100.33, 73.27, 74.03, , 3.983, 0.986, 1183.541, 1183.541, 1.918, 96.22, 96.22, 96.22, 51.271, 60.134, 35.316, 35.579, 7.388, 13.115, 0, 0, 9.486, 9.623, 9.486, 9.623, 1, 37.514, 37.514, 0.024, 0.133, 25.909, 26.288, 25.909, 26.288, 4.146, 7.388, 13.115, , , 1, 18.835, 0, 0, 13.9, 1.918, 169, 0, 0, 0, 61, 7.403, 7.173, 122, 47.483, 100, 0, 0, 27.243, 27.243, 8, 0.915, 99.614, 0, 0, 108.243, 37.581, 0, 0, 0, 0, 0, 13.5, 0, 13.9, 0, 1.918, 169, 0, 0, 0, 61, 1, 0.007, 0.007, 122, 47.483, 100, 0, 0, 141, 27.243, 27.243, 8, 0.915, 0, 99.614, 0, 0, 108.243, 37.581, 0, 0.7, 0, 0, 
18.85, 16.991, 100.33, 73.27, 74.03, , 3.976, 0.986, 1186.287, 1186.287, 1.924, 96.04, 96.04, 96.04, 51.291, 55.838, 35.42, 35.57, 7.386, 13.11, 0, 0, 9.518, 9.655, 9.518, 9.655, 1, 37.709, 37.709, 0.024, 0.133, 25.851, 26.227, 25.851, 26.227, 4.144, 7.386, 13.11, , , 1, 18.886, 0, 0, 13.9, 1.924, 169, 0, 0, 0, 61, 7.398, 7.168, 122, 47.367, 100, 0, 0, 27.347, 27.347, 8, 0.917, 99.771, 0, 0, 108.347, 37.711, 0, 0, 0, 0, 0, 13.5, 0, 13.9, 0, 1.924, 169, 0, 0, 0, 61, 1, 0.007, 0.007, 122, 47.367, 100, 0, 0, 141, 27.347, 27.347, 8, 0.917, 0, 99.771, 0, 0, 108.347, 37.711, 0, 0.7, 0, 0, 
18.9, 16.99, 100.33, 73.27, 74.03, , 3.902, 0.986, 1189.034, 1189.034, 1.93, 94.293, 94.293, 94.293, 51.31, 51.542, 35.42, 35.498, 7.384, 13.098, 0, 0, 9.393, 9.527, 9.393, 9.527, 1, 37.905, 37.905, 0.024, 0.133, 25.37, 25.739, 25.37, 25.739, 4.144, 7.384, 13.098, , , 1, 18.935, 0, 0, 13.9, 1.93, 169, 0, 0, 0, 61, 7.392, 7.162, 122, 47.251, 100, 0, 0, 27.452, 27.452, 8, 0.919, 99.928, 0, 0, 108.452, 37.84, 0, 0, 0, 0, 0, 13.5, 0, 13.9, 0, 1.93, 169, 0, 0, 0, 61, 1, 0.007, 0.007, 122, 47.251, 100, 0, 0, 141, 27.452, 27.452, 8, 0.919, 0, 99.928, 0, 0, 108.452, 37.84, 0, 0.7, 0, 0, 
18.95, 16.99, 100.33, 73.27, 74.03, , 3.845, 0.986, 1191.792, 1191.792, 1.938, 92.954, 92.954, 92.954, 51.33, 47.246, 35.42, 35.426, 7.381, 13.085, 0, 0, 9.307, 9.441, 9.307, 9.441, 1, 38.097, 38.097, 0.024, 0.133, 25.001, 25.363, 25.001, 25.363, 4.157, 7.381, 13.085, , , 1, 18.985, 0, 0, 13.9, 1.938, 169, 0, 0, 0, 61, 7.385, 7.16, 122, 47.035, 100, 0, 0, 27.608, 27.608, 8, 0.92, 100.108, 0, 0, 108.662, 37.968, 0, 0, 0, 0, 0, 13.5, 0, 13.9, 0, 1.938, 169, 0, 0, 0, 61, 1, 0.007, 0.007, 122, 47.035, 100, 0, 0, 141, 27.608, 27.608, 8, 0.92, 0, 100.108, 0, 0, 108.662, 37.968, 0, 0.7, 0, 0, 
19, 16.99, 100.33, 73.27, 74.031, , 3.822, 0.986, 1194.571, 1194.571, 1.948, 92.409, 92.409, 92.409, 51.348, 48.524, 35.42, 35.354, 7.38, 13.062, 0, 0, 9.299, 9.433, 9.299, 9.433, 1, 38.288, 38.288, 0.024, 0.133, 24.846, 25.204, 24.846, 25.204, 4.169, 7.38, 13.062, , , 1, 19.035, 0, 0, 13.9, 1.948, 169, 0, 0, 0, 61, 7.375, 7.16, 122, 46.74, 100, 0, 0, 27.808, 27.808, 8, 0.92, 100.308, 0, 0, 108.962, 38.094, 0, 0, 0, 0, 0, 13.5, 0, 13.9, 0, 1.948, 169, 0, 0, 0, 61, 1, 0.007, 0.007, 122, 46.74, 100, 0, 0, 141, 27.808, 27.808, 8, 0.92, 0, 100.308, 0, 0, 108.962, 38.094, 0, 0.7, 0, 0, 
19.05, 16.99, 100.33, 73.27, 74.032, , 3.798, 0.986, 1197.351, 1197.351, 1.959, 91.833, 91.833, 91.833, 51.364, 60.142, 35.42, 35.282, 7.378, 13.039, 0, 0, 9.288, 9.421, 9.288, 9.421, 1, 38.476, 38.476, 0.024, 0.134, 24.683, 25.04, 24.683, 25.04, 4.181, 7.378, 13.039, , , 1, 19.085, 0, 0, 13.9, 1.959, 169, 0, 0, 0, 61, 7.365, 7.16, 122, 46.445, 100, 0, 0, 28.008, 28.008, 8, 0.92, 100.508, 0, 0, 109.262, 38.22, 0, 0, 0, 0, 0, 13.5, 0, 13.9, 0, 1.959, 169, 0, 0, 0, 61, 1, 0.007, 0.007, 122, 46.445, 100, 0, 0, 141, 28.008, 28.008, 8, 0.92, 0, 100.508, 0, 0, 109.262, 38.22, 0, 0.7, 0, 0, 
19.1, 16.99, 100.33, 73.27, 74.033, , 3.773, 0.986, 1200.132, 1200.132, 1.97, 91.242, 91.242, 91.242, 51.375, 60.74, 35.39, 35.18, 7.378, 13.008, 0, 0, 9.274, 9.407, 9.274, 9.407, 1, 38.663, 38.663, 0.024, 0.134, 24.517, 24.873, 24.517, 24.873, 4.193, 7.378, 13.008, , , 1, 19.135, 0, 0, 13.9, 1.97, 169, 0, 0, 0, 61, 7.355, 7.16, 122, 46.15, 100, 0, 0, 28.208, 28.208, 8, 0.92, 100.708, 0, 0, 109.562, 38.346, 0, 0, 0, 0, 0, 13.5, 0, 13.9, 0, 1.97, 169, 0, 0, 0, 61, 1, 0.007, 0.007, 122, 46.15, 100, 0, 0, 141, 28.208, 28.208, 8, 0.92, 0, 100.708, 0, 0, 109.562, 38.346, 0, 0.7, 0, 0, 
19.15, 16.99, 100.33, 73.27, 74.033, , 3.732, 0.986, 1202.978, 1202.978, 1.98, 90.288, 90.288, 90.288, 51.384, 61.338, 35.318, 35.036, 7.377, 12.976, 0, 0, 9.22, 9.353, 9.22, 9.353, 1, 38.85, 38.85, 0.024, 0.134, 24.256, 24.611, 24.256, 24.611, 4.202, 7.377, 12.976, , , 1, 19.185, 0, 0, 13.9, 1.98, 169, 0, 0, 0, 61, 7.345, 7.16, 122, 45.856, 100, 0, 0, 28.408, 28.408, 8, 0.92, 100.908, 0, 0, 109.862, 38.472, 0, 0, 0, 0, 0, 13.5, 0, 13.9, 0, 1.98, 169, 0, 0, 0, 61, 1, 0.007, 0.007, 122, 45.856, 100, 0, 0, 141, 28.408, 28.408, 8, 0.92, 0, 100.908, 0, 0, 109.862, 38.472, 0, 0.7, 0, 0, 
19.2, 16.99, 100.33, 73.27, 74.034, , 3.71, 0.986, 1205.813, 1205.813, 1.99, 89.765, 89.765, 89.765, 51.388, 61.936, 35.246, 34.892, 7.377, 12.94, 0, 0, 9.21, 9.344, 9.21, 9.344, 1, 39.035, 39.035, 0.024, 0.134, 24.113, 24.467, 24.113, 24.467, 4.211, 7.377, 12.94, , , 1, 19.235, 0, 0, 13.9, 1.99, 169, 0, 0, 0, 60.892, 7.321, 7.146, 122, 45.72, 100, 0, 0, 28.554, 28.554, 8, 0.92, 101, 0, 0, 110, 38.664, 0, 0, 0, 0, 0, 13.5, 0, 13.9, 0, 1.99, 169, 0, 0, 0, 60.892, 1, 0.007, 0.007, 122, 45.72, 100, 0, 0, 141, 28.554, 28.554, 8, 0.92, 0, 101, 0, 0, 110, 38.664, 0, 0.7, 0, 0, 
19.25, 16.99, 100.33, 73.27, 74.035, , 3.724, 0.986, 1208.626, 1208.626, 2, 90.092, 90.092, 90.092, 51.39, 62.534, 35.174, 34.748, 7.377, 12.904, 0, 0, 9.287, 9.423, 9.287, 9.423, 1, 39.22, 39.22, 0.024, 0.134, 24.2, 24.557, 24.2, 24.557, 4.219, 7.377, 12.904, , , 1, 19.284, 0, 0, 13.9, 2, 169, 0, 0, 0, 60.692, 7.285, 7.12, 122, 45.72, 100, 0, 0, 28.654, 28.654, 8, 0.92, 101, 0, 0, 110, 38.912, 0, 0, 0, 0, 0, 13.5, 0, 13.9, 0, 2, 169, 0, 0, 0, 60.692, 1, 0.007, 0.007, 122, 45.72, 100, 0, 0, 141, 28.654, 28.654, 8, 0.92, 0, 101, 0, 0, 110, 38.912, 0, 0.7, 0, 0, 
19.3, 16.99, 100.33, 73.27, 74.036, , 3.745, 0.986, 1211.486, 1211.486, 2.009, 90.609, 90.609, 90.609, 51.39, 63.133, 35.102, 34.604, 7.377, 12.875, 0, 0, 9.401, 9.538, 9.401, 9.538, 1, 39.404, 39.404, 0.024, 0.134, 24.341, 24.697, 24.341, 24.697, 4.228, 7.377, 12.875, , , 1, 19.335, 0, 0, 13.9, 2.009, 169, 0, 0, 0, 60.492, 7.249, 7.094, 122, 45.72, 100, 0, 0, 28.754, 28.754, 8, 0.92, 101, 0, 0, 110, 39.16, 0, 0, 0, 0, 0, 13.5, 0, 13.9, 0, 2.009, 169, 0, 0, 0, 60.492, 1, 0.007, 0.007, 122, 45.72, 100, 0, 0, 141, 28.754, 28.754, 8, 0.92, 0, 101, 0, 0, 110, 39.16, 0, 0.7, 0, 0, 
19.35, 16.99, 100.33, 73.27, 74.036, , 3.771, 0.986, 1214.455, 1214.455, 2.019, 91.218, 91.218, 91.218, 51.387, 63.731, 35.075, 34.596, 7.377, 12.847, 0, 0, 9.53, 9.668, 9.53, 9.668, 1, 39.674, 39.674, 0.024, 0.134, 24.507, 24.862, 24.507, 24.862, 4.246, 7.377, 12.847, , , 1, 19.385, 0, 0, 13.9, 2.019, 169, 0, 0, 0, 60.292, 7.213, 7.068, 122, 45.72, 100, 0, 0, 28.854, 28.854, 8, 0.92, 101, 0, 0, 110, 39.408, 0, 0, 0, 0, 0, 13.5, 0, 13.9, 0, 2.019, 169, 0, 0, 0, 60.292, 1, 0.007, 0.007, 122, 45.72, 100, 0, 0, 141, 28.854, 28.854, 8, 0.92, 0, 101, 0, 0, 110, 39.408, 0, 0.7, 0, 0, 
19.4, 16.99, 100.33, 73.27, 74.037, , 3.803, 0.986, 1218.78, 1218.78, 2.029, 91.976, 91.976, 91.976, 51.384, 64.329, 35.111, 34.776, 7.377, 12.834, 0, 0, 9.653, 9.792, 9.653, 9.792, 1, 39.931, 39.931, 0.024, 0.134, 24.713, 25.071, 24.713, 25.071, 4.267, 7.377, 12.834, , , 1, 19.435, 0, 0, 13.9, 2.029, 169, 0, 0, 0, 60.092, 7.177, 7.042, 122, 45.72, 100, 0, 0, 28.954, 28.954, 8, 0.92, 101, 0, 0, 110, 39.656, 0, 0, 0, 0, 0, 13.5, 0, 13.9, 0, 2.029, 169, 0, 0, 0, 60.092, 1, 0.007, 0.007, 122, 45.72, 100, 0, 0, 141, 28.954, 28.954, 8, 0.92, 0, 101, 0, 0, 110, 39.656, 0, 0.7, 0, 0, 
19.45, 16.99, 100.33, 73.27, 74.038, , 3.807, 0.986, 1222.487, 1222.487, 2.038, 92.082, 92.082, 92.082, 51.381, 64.927, 35.147, 34.956, 7.377, 12.825, 0, 0, 9.709, 9.848, 9.709, 9.848, 1, 40.12, 40.12, 0.024, 0.134, 24.742, 25.1, 24.742, 25.1, 4.287, 7.377, 12.825, , , 1, 19.485, 0, 0, 13.9, 2.038, 169, 0, 0, 0, 60, 7.154, 7.017, 122, 45.601, 100, 0, 0, 29.162, 29.162, 8, 0.92, 101, 0, 0, 110, 39.904, 0, 0, 0, 0, 0, 13.5, 0, 13.9, 0, 2.038, 169, 0, 0, 0, 60, 1, 0.007, 0.007, 122, 45.601, 100, 0, 0, 141, 29.162, 29.162, 8, 0.92, 0, 101, 0, 0, 110, 39.904, 0, 0.7, 0, 0, 
19.5, 16.99, 100.33, 73.27, 74.039, , 3.776, 0.986, 1225.406, 1225.406, 2.048, 91.358, 91.358, 91.358, 51.384, 65.525, 35.183, 35.136, 7.377, 12.828, 0, 0, 9.678, 9.815, 9.678, 9.815, 1, 40.306, 40.306, 0.024, 0.134, 24.546, 24.902, 24.546, 24.902, 4.307, 7.377, 12.828, , , 1, 19.535, 0, 0, 13.9, 2.048, 169, 0, 0, 0, 60, 7.142, 6.993, 122, 45.381, 100, 0, 0, 29.462, 29.462, 8, 0.92, 101, 0, 0, 110, 40.152, 0, 0, 0, 0, 0, 13.5, 0, 13.9, 0, 2.048, 169, 0, 0, 0, 60, 1, 0.007, 0.007, 122, 45.381, 100, 0, 0, 141, 29.462, 29.462, 8, 0.92, 0, 101, 0, 0, 110, 40.152, 0, 0.7, 0, 0, 
19.55, 16.99, 100.33, 73.27, 74.039, , 3.75, 0.986, 1228.325, 1228.325, 2.057, 90.724, 90.724, 90.724, 51.391, 66.123, 35.219, 35.316, 7.377, 12.834, 0, 0, 9.655, 9.793, 9.655, 9.793, 1, 40.492, 40.492, 0.024, 0.134, 24.371, 24.725, 24.371, 24.725, 4.322, 7.377, 12.834, , , 1, 19.585, 0, 0, 13.9, 2.057, 169, 0, 0, 0, 60, 7.13, 6.969, 122, 45.161, 100, 0, 0, 29.762, 29.762, 8, 0.92, 101, 0, 0, 110, 40.4, 0, 0, 0, 0, 0, 13.5, 0, 13.9, 0, 2.057, 169, 0, 0, 0, 60, 1, 0.007, 0.007, 122, 45.161, 100, 0, 0, 141, 29.762, 29.762, 8, 0.92, 0, 101, 0, 0, 110, 40.4, 0, 0.7, 0, 0, 
19.6, 16.99, 100.33, 73.27, 74.04, , 3.721, 0.986, 1231.252, 1231.252, 2.067, 90.04, 90.04, 90.04, 51.405, 66.722, 35.255, 35.435, 7.377, 12.845, 0, 0, 9.627, 9.764, 9.627, 9.764, 1, 40.678, 40.678, 0.024, 0.134, 24.182, 24.533, 24.182, 24.533, 4.334, 7.377, 12.845, , , 1, 19.636, 0, 0, 13.9, 2.067, 169, 0, 0, 0, 60, 7.118, 6.945, 122, 44.941, 100, 0, 0, 30.062, 30.062, 8, 0.92, 101, 0, 0, 110, 40.648, 0, 0, 0, 0, 0, 13.5, 0, 13.9, 0, 2.067, 169, 0, 0, 0, 60, 1, 0.007, 0.007, 122, 44.941, 100, 0, 0, 141, 30.062, 30.062, 8, 0.92, 0, 101, 0, 0, 110, 40.648, 0, 0.7, 0, 0, 
19.65, 16.99, 100.33, 73.27, 74.041, , 3.684, 0.986, 1234.208, 1234.208, 2.077, 89.165, 89.165, 89.165, 51.423, 67.32, 35.291, 35.471, 7.377, 12.858, 0, 0, 9.576, 9.714, 9.576, 9.714, 1, 40.86, 40.86, 0.024, 0.134, 23.938, 24.286, 23.938, 24.286, 4.347, 7.377, 12.858, , , 1, 19.685, 0, 0, 13.9, 2.077, 169, 0, 0, 0, 60, 7.106, 6.921, 122, 44.721, 100, 0, 0, 30.362, 30.362, 8, 0.92, 101, 0, 0, 110, 40.896, 0, 0, 0, 0, 0, 13.5, 0, 13.9, 0, 2.077, 169, 0, 0, 0, 60, 1, 0.007, 0.007, 122, 44.721, 100, 0, 0, 141, 30.362, 30.362, 8, 0.92, 0, 101, 0, 0, 110, 40.896, 0, 0.7, 0, 0, 
19.7, 16.99, 100.33, 73.27, 74.042, , 3.663, 0.986, 1237.189, 1237.189, 2.087, 88.671, 88.671, 88.671, 51.447, 67.918, 35.327, 35.507, 7.377, 12.869, 0, 0, 9.565, 9.703, 9.565, 9.703, 1, 41.041, 41.041, 0.024, 0.134, 23.795, 24.142, 23.795, 24.142, 4.36, 7.377, 12.869, , , 1, 19.735, 0, 0, 13.9, 2.087, 169, 0, 0, 0, 60.104, 7.084, 6.913, 122, 44.582, 100, 0, 0, 30.604, 30.604, 8, 0.92, 100.948, 0, 0, 110.052, 41.074, 0, 0, 0, 0, 0, 13.51, 0, 13.9, 0, 2.087, 169, 0, 0, 0, 60.104, 1, 0.007, 0.007, 122, 44.581, 100, 0, 0, 141, 30.604, 30.604, 8, 0.92, 0, 100.948, 0, 0, 110.052, 41.074, 0, 0.7, 0, 0, 
19.75, 16.99, 100.33, 73.27, 74.042, , 3.648, 0.986, 1240.182, 1240.182, 2.097, 88.326, 88.326, 88.326, 51.467, 68.516, 35.363, 35.543, 7.377, 12.879, 0, 0, 9.57, 9.707, 9.57, 9.707, 1, 41.22, 41.22, 0.024, 0.133, 23.693, 24.038, 23.693, 24.038, 4.362, 7.377, 12.879, , , 1, 19.785, 0, 0, 13.9, 2.097, 169, 0, 0, 0, 60.296, 7.056, 6.919, 122, 44.51, 100, 0, 0, 30.796, 30.796, 8, 0.92, 100.852, 0, 0, 110.148, 41.194, 0, 0, 0, 0, 0, 13.53, 0, 13.9, 0, 2.097, 169, 0, 0, 0, 60.296, 1, 0.007, 0.007, 122, 44.51, 100, 0, 0, 141, 30.796, 30.796, 8, 0.92, 0, 100.852, 0, 0, 110.148, 41.194, 0, 0.7, 0, 0, 
19.8, 16.99, 100.33, 73.27, 74.043, , 3.622, 0.986, 1243.176, 1243.176, 2.108, 87.711, 87.711, 87.711, 51.484, 69.114, 35.399, 35.579, 7.377, 12.886, 0, 0, 9.543, 9.682, 9.543, 9.682, 1, 41.4, 41.4, 0.024, 0.133, 23.521, 23.863, 23.521, 23.863, 4.36, 7.377, 12.886, , , 1, 19.835, 0, 0, 13.9, 2.108, 169, 0, 0, 0, 60.488, 7.027, 6.925, 122, 44.439, 100, 0, 0, 30.988, 30.988, 8, 0.92, 100.756, 0, 0, 110.244, 41.313, 0, 0, 0, 0, 0, 13.549, 0, 13.9, 0, 2.108, 169, 0, 0, 0, 60.488, 1, 0.007, 0.007, 122, 44.439, 100, 0, 0, 141, 30.988, 30.988, 8, 0.92, 0, 100.756, 0, 0, 110.244, 41.313, 0, 0.7, 0, 0, 
19.85, 16.99, 100.33, 73.27, 74.044, , 3.592, 0.986, 1246.191, 1246.191, 2.118, 87.003, 87.003, 87.003, 51.497, 69.712, 35.42, 35.66, 7.377, 12.891, 0, 0, 9.505, 9.645, 9.505, 9.645, 1, 41.58, 41.58, 0.024, 0.133, 23.326, 23.665, 23.326, 23.665, 4.357, 7.377, 12.891, , , 1, 19.885, 0, 0, 13.9, 2.118, 169, 0, 0, 0, 60.681, 6.998, 6.93, 122, 44.368, 100, 0, 0, 31.181, 31.181, 8, 0.92, 100.66, 0, 0, 110.34, 41.432, 0, 0, 0, 0, 0, 13.568, 0, 13.9, 0, 2.118, 169, 0, 0, 0, 60.681, 1, 0.007, 0.007, 122, 44.367, 100, 0, 0, 141, 31.181, 31.181, 8, 0.92, 0, 100.66, 0, 0, 110.34, 41.432, 0, 0.7, 0, 0, 
19.9, 16.99, 100.33, 73.27, 74.045, , 3.559, 0.986, 1249.223, 1249.223, 2.129, 86.218, 86.218, 86.218, 51.505, 70.311, 35.42, 35.804, 7.377, 12.891, 0, 0, 9.46, 9.6, 9.46, 9.6, 1, 41.755, 41.755, 0.024, 0.133, 23.11, 23.447, 23.11, 23.447, 4.354, 7.377, 12.891, , , 1, 19.936, 0, 0, 13.9, 2.129, 169, 0, 0, 0, 60.873, 6.969, 6.936, 122, 44.297, 100, 0, 0, 31.373, 31.373, 8, 0.92, 100.563, 0, 0, 110.437, 41.551, 0, 0, 0, 0, 0, 13.587, 0, 13.9, 0, 2.129, 169, 0, 0, 0, 60.873, 1, 0.007, 0.007, 122, 44.296, 100, 0, 0, 141, 31.373, 31.373, 8, 0.92, 0, 100.563, 0, 0, 110.437, 41.551, 0, 0.7, 0, 0, 
19.95, 16.99, 100.33, 73.27, 74.046, , 3.566, 0.986, 1252.255, 1252.255, 2.139, 86.386, 86.386, 86.386, 51.509, 70.909, 35.42, 35.948, 7.377, 12.888, 0, 0, 9.52, 9.66, 9.52, 9.66, 1, 41.929, 41.929, 0.024, 0.133, 23.154, 23.493, 23.154, 23.493, 4.353, 7.377, 12.888, , , 1, 19.985, 0, 0, 13.9, 2.139, 169, 0, 0, 0, 61, 6.943, 6.927, 122, 44.201, 100, 0, 0, 31.565, 31.565, 8, 0.92, 100.5, 0, 0, 110.5, 41.711, 0, 0, 0, 0, 0, 13.6, 0, 13.9, 0, 2.139, 169, 0, 0, 0, 61, 1, 0.007, 0.007, 122, 44.199, 100, 0, 0, 141, 31.565, 31.565, 8, 0.92, 0, 100.5, 0, 0, 110.5, 41.711, 0, 0.7, 0, 0, 
20, 16.99, 100.33, 73.27, 74.046, , 3.557, 0.986, 1255.306, 1255.306, 2.148, 86.19, 86.19, 86.19, 51.506, 71.507, 35.42, 36.092, 7.377, 12.88, 0, 0, 9.539, 9.679, 9.539, 9.679, 1, 42.109, 42.109, 0.024, 0.133, 23.101, 23.44, 23.101, 23.44, 4.353, 7.377, 12.88, , , 1, 20.036, 0, 0, 13.9, 2.148, 169, 0, 0, 0, 61, 6.922, 6.888, 122, 44.059, 100, 0, 0, 31.758, 31.758, 8, 0.92, 100.5, 0, 0, 110.5, 41.95, 0, 0, 0, 0, 0, 13.6, 0, 13.9, 0, 2.148, 169, 0, 0, 0, 61, 1, 0.007, 0.007, 122, 44.056, 100, 0, 0, 141, 31.758, 31.758, 8, 0.92, 0, 100.5, 0, 0, 110.5, 41.95, 0, 0.7, 0, 0, 
20.05, 16.99, 100.33, 73.27, 74.047, , 3.531, 0.986, 1258.378, 1258.378, 2.157, 85.565, 85.565, 85.565, 51.504, 72.105, 35.42, 36.236, 7.377, 12.871, 0, 0, 9.509, 9.649, 9.509, 9.649, 1, 42.286, 42.286, 0.024, 0.133, 22.935, 23.27, 22.935, 23.27, 4.354, 7.377, 12.871, , , 1, 20.085, 0, 0, 13.9, 2.157, 169, 0, 0, 0, 61, 6.9, 6.85, 122, 43.916, 100, 0, 0, 31.95, 31.95, 8, 0.92, 100.5, 0, 0, 110.5, 42.188, 0, 0, 0, 0, 0, 13.6, 0, 13.9, 0, 2.157, 169, 0, 0, 0, 61, 1, 0.007, 0.007, 122, 43.914, 100, 0, 0, 141, 31.95, 31.95, 8, 0.92, 0, 100.5, 0, 0, 110.5, 42.188, 0, 0.7, 0, 0, 
20.1, 16.99, 100.33, 73.27, 74.048, , 3.534, 0.986, 1261.45, 1261.45, 2.166, 85.642, 85.642, 85.642, 51.502, 72.703, 35.42, 36.395, 7.377, 12.86, 0, 0, 9.557, 9.697, 9.557, 9.697, 1, 42.461, 42.461, 0.024, 0.133, 22.956, 23.292, 22.956, 23.292, 4.354, 7.377, 12.86, , , 1, 20.135, 0, 0, 13.9, 2.166, 169, 0, 0, 0, 61, 6.879, 6.812, 122, 43.773, 100, 0, 0, 32.142, 32.142, 8, 0.92, 100.5, 0, 0, 110.5, 42.426, 0, 0, 0, 0, 0, 13.6, 0, 13.9, 0, 2.166, 169, 0, 0, 0, 61, 1, 0.007, 0.007, 122, 43.772, 100, 0, 0, 141, 32.142, 32.142, 8, 0.92, 0, 100.5, 0, 0, 110.5, 42.426, 0, 0.7, 0, 0, 
20.15, 16.99, 100.33, 73.27, 74.049, , 3.543, 0.986, 1264.54, 1264.54, 2.175, 85.859, 85.859, 85.859, 51.501, 73.301, 35.42, 36.573, 7.377, 12.85, 0, 0, 9.621, 9.761, 9.621, 9.761, 1, 42.636, 42.636, 0.024, 0.134, 23.015, 23.352, 23.015, 23.352, 4.361, 7.377, 12.85, , , 1, 20.186, 0, 0, 13.9, 2.175, 169, 0, 0, 0, 61, 6.858, 6.773, 122, 43.63, 100, 0, 0, 32.335, 32.335, 8, 0.92, 100.5, 0, 0, 110.5, 42.665, 0, 0, 0, 0, 0, 13.6, 0, 13.9, 0, 2.175, 169, 0, 0, 0, 61, 1, 0.007, 0.007, 122, 43.63, 100, 0, 0, 141, 32.335, 32.335, 8, 0.92, 0, 100.5, 0, 0, 110.5, 42.665, 0, 0.7, 0, 0, 
20.2, 16.99, 100.33, 73.27, 74.049, , 3.557, 0.986, 1267.653, 1267.653, 2.184, 86.207, 86.207, 86.207, 51.499, 73.9, 35.42, 36.75, 7.377, 12.842, 0, 0, 9.701, 9.841, 9.701, 9.841, 1, 42.812, 42.812, 0.024, 0.134, 23.11, 23.447, 23.11, 23.447, 4.406, 7.377, 12.842, , , 1, 20.235, 0, 0, 13.903, 2.184, 169, 0, 0, 0, 60.972, 6.831, 6.733, 122, 43.474, 100, 0, 0, 32.528, 32.528, 8, 0.919, 100.458, 0, 0, 110.458, 42.888, 0, 0, 0, 0, 0, 13.6, 0, 13.903, 0, 2.184, 169, 0, 0, 0, 60.972, 1, 0.007, 0.007, 122, 43.474, 100, 0, 0, 141, 32.528, 32.528, 8, 0.919, 0, 100.458, 0, 0, 110.458, 42.888, 0, 0.697, 0, 0, 
20.25, 16.99, 100.33, 73.27, 74.05, , 3.518, 0.986, 1270.766, 1270.766, 2.193, 85.281, 85.281, 85.281, 51.499, 74.498, 35.42, 36.928, 7.377, 12.835, 0, 0, 9.635, 9.774, 9.635, 9.774, 1, 42.988, 42.988, 0.024, 0.134, 22.86, 23.193, 22.86, 23.193, 4.45, 7.377, 12.835, , , 1, 20.285, 0, 0, 13.923, 2.193, 169, 0, 0, 0, 60.772, 6.767, 6.681, 122, 43.252, 100, 0, 0, 32.728, 32.728, 8, 0.915, 100.158, 0, 0, 110.158, 43.014, 0, 0, 0, 0, 0, 13.6, 0, 13.923, 0, 2.193, 169, 0, 0, 0, 60.772, 1, 0.007, 0.007, 122, 43.252, 100, 0, 0, 141, 32.728, 32.728, 8, 0.915, 0, 100.158, 0, 0, 110.158, 43.014, 0, 0.677, 0, 0, 
20.3, 16.99, 100.33, 73.27, 74.049, , 3.498, 0.986, 1273.88, 1273.88, 2.202, 84.799, 84.799, 84.799, 51.509, 75.096, 35.42, 37.106, 7.377, 12.835, 0, 0, 9.62, 9.758, 9.62, 9.758, 1, 43.162, 43.162, 0.024, 0.134, 22.727, 23.057, 22.727, 23.057, 4.495, 7.377, 12.835, , , 1, 20.335, 0, 0, 13.943, 2.202, 169, 0, 0, 0, 60.572, 6.703, 6.629, 122, 43.03, 100, 0, 0, 32.928, 32.928, 8, 0.911, 99.858, 0, 0, 109.858, 43.14, 0, 0, 0, 0, 0, 13.6, 0, 13.943, 0, 2.202, 169, 0, 0, 0, 60.572, 1, 0.007, 0.007, 122, 43.03, 100, 0, 0, 141, 32.928, 32.928, 8, 0.911, 0, 99.858, 0, 0, 109.858, 43.14, 0, 0.657, 0, 0, 
20.35, 16.99, 100.33, 73.27, 74.048, , 3.51, 0.986, 1276.993, 1276.993, 2.211, 85.083, 85.083, 85.083, 51.524, 75.694, 35.486, 37.063, 7.377, 12.838, 0, 0, 9.691, 9.831, 9.691, 9.831, 1, 43.334, 43.334, 0.024, 0.134, 22.796, 23.128, 22.796, 23.128, 4.54, 7.377, 12.838, , , 1, 20.385, 0, 0, 13.963, 2.211, 169, 0, 0, 0, 60.372, 6.639, 6.577, 122, 42.808, 100, 0, 0, 33.128, 33.128, 8, 0.907, 99.558, 0, 0, 109.558, 43.266, 0, 0, 0, 0, 0, 13.6, 0, 13.963, 0, 2.211, 169, 0, 0, 0, 60.372, 1, 0.007, 0.006, 122, 42.808, 100, 0, 0, 141, 33.128, 33.128, 8, 0.907, 0, 99.558, 0, 0, 109.558, 43.266, 0, 0.637, 0, 0, 
20.4, 16.99, 100.33, 73.27, 74.048, , 3.487, 0.986, 1280.145, 1280.145, 2.22, 84.546, 84.546, 84.546, 51.542, 76.292, 35.668, 36.625, 7.377, 12.849, 0, 0, 9.668, 9.806, 9.668, 9.806, 1, 43.506, 43.506, 0.024, 0.134, 22.643, 22.972, 22.643, 22.972, 4.561, 7.377, 12.849, , , 1, 20.435, 0, 0, 13.983, 2.22, 169, 0, 0, 0, 60.172, 6.575, 6.525, 122, 42.586, 100, 0, 0, 33.328, 33.328, 8, 0.903, 99.258, 0, 0, 109.258, 43.392, 0, 0, 0, 0, 0, 13.6, 0, 13.983, 0, 2.22, 169, 0, 0, 0, 60.172, 1, 0.007, 0.006, 122, 42.586, 100, 0, 0, 141, 33.328, 33.328, 8, 0.903, 0, 99.258, 0, 0, 109.258, 43.392, 0, 0.617, 0, 0, 
20.45, 16.99, 100.33, 73.27, 74.047, , 3.449, 0.986, 1283.319, 1283.319, 2.23, 83.653, 83.653, 83.653, 51.568, 76.89, 35.85, 36.188, 7.377, 12.864, 0, 0, 9.604, 9.74, 9.604, 9.74, 1, 43.679, 43.679, 0.024, 0.134, 22.393, 22.718, 22.393, 22.718, 4.581, 7.377, 12.864, , , 1, 20.485, 0, 0, 14, 2.23, 169, 0, 0, 0, 60, 6.513, 6.474, 122, 42.365, 100, 0, 0, 33.556, 33.556, 8, 0.9, 98.972, 0, 0, 108.972, 43.535, 0, 0, 0, 0, 0, 13.597, 0, 14, 0, 2.23, 169, 0, 0, 0, 60, 1, 0.007, 0.006, 122, 42.365, 100, 0, 0, 141, 33.556, 33.556, 8, 0.9, 0, 98.972, 0, 0, 108.972, 43.535, 0, 0.6, 0, 0, 
20.5, 16.99, 100.33, 73.27, 74.046, , 3.396, 0.986, 1286.518, 1286.518, 2.245, 82.405, 82.405, 82.405, 51.596, 77.489, 36.032, 35.751, 7.377, 12.885, 0, 0, 9.497, 9.632, 9.497, 9.632, 1, 43.848, 43.848, 0.024, 0.134, 22.047, 22.367, 22.047, 22.367, 4.601, 7.377, 12.885, , , 1, 20.535, 0, 0, 14, 2.245, 169, 0, 0, 0, 60, 6.465, 6.432, 122, 42.146, 100, 0, 0, 33.956, 33.956, 8, 0.9, 98.772, 0, 0, 108.772, 43.783, 0, 0, 0, 0, 0, 13.577, 0, 14, 0, 2.245, 169, 0, 0, 0, 60, 1, 0.007, 0.006, 122, 42.145, 100, 0, 0, 141, 33.956, 33.956, 8, 0.9, 0, 98.772, 0, 0, 108.772, 43.783, 0, 0.6, 0, 0, 
20.55, 16.99, 100.33, 73.27, 74.045, , 3.4, 0.986, 1289.717, 1289.717, 2.259, 82.496, 82.496, 82.496, 51.622, 78.087, 36.214, 35.314, 7.377, 12.91, 0, 0, 9.544, 9.68, 9.544, 9.68, 1, 44.016, 44.016, 0.024, 0.134, 22.062, 22.382, 22.062, 22.382, 4.621, 7.377, 12.91, , , 1, 20.585, 0, 0, 14, 2.259, 169, 0, 0, 0, 60, 6.417, 6.39, 122, 41.927, 100, 0, 0, 34.356, 34.356, 8, 0.9, 98.572, 0, 0, 108.572, 44.031, 0, 0, 0, 0, 0, 13.557, 0, 14, 0, 2.259, 169, 0, 0, 0, 60, 1, 0.007, 0.006, 122, 41.925, 100, 0, 0, 141, 34.356, 34.356, 8, 0.9, 0, 98.572, 0, 0, 108.572, 44.031, 0, 0.6, 0, 0, 
20.6, 16.99, 100.33, 73.27, 74.045, , 3.378, 0.986, 1292.915, 1292.915, 2.274, 81.973, 81.973, 81.973, 51.641, 78.685, 36.154, 35.06, 7.377, 12.935, 0, 0, 9.519, 9.656, 9.519, 9.656, 1, 44.186, 44.186, 0.024, 0.134, 21.914, 22.231, 21.914, 22.231, 4.614, 7.377, 12.935, , , 1, 20.635, 0, 0, 14, 2.274, 169, 0, 0, 0, 60, 6.369, 6.348, 122, 41.708, 100, 0, 0, 34.756, 34.756, 8, 0.9, 98.372, 0, 0, 108.372, 44.279, 0, 0, 0, 0, 0, 13.537, 0, 14, 0, 2.274, 169, 0, 0, 0, 60, 1, 0.006, 0.006, 122, 41.705, 100, 0, 0, 141, 34.756, 34.756, 8, 0.9, 0, 98.372, 0, 0, 108.372, 44.279, 0, 0.6, 0, 0, 
20.65, 16.99, 100.33, 73.27, 74.044, , 3.334, 0.986, 1296.117, 1296.117, 2.288, 80.928, 80.928, 80.928, 51.657, 79.283, 35.758, 35.06, 7.377, 12.96, 0, 0, 9.435, 9.57, 9.435, 9.57, 1, 44.352, 44.352, 0.024, 0.134, 21.628, 21.941, 21.628, 21.941, 4.593, 7.377, 12.96, , , 1, 20.686, 0, 0, 14, 2.288, 169, 0, 0, 0, 60, 6.321, 6.306, 122, 41.488, 100, 0, 0, 35.156, 35.156, 8, 0.9, 98.172, 0, 0, 108.172, 44.527, 0, 0, 0, 0, 0, 13.517, 0, 14, 0, 2.288, 169, 0, 0, 0, 60, 1, 0.006, 0.006, 122, 41.485, 100, 0, 0, 141, 35.156, 35.156, 8, 0.9, 0, 98.172, 0, 0, 108.172, 44.527, 0, 0.6, 0, 0, 
20.7, 16.99, 100.33, 73.27, 74.043, , 3.335, 0.986, 1299.36, 1299.36, 2.302, 80.971, 80.971, 80.971, 51.669, 79.881, 35.362, 35.06, 7.377, 12.977, 0, 0, 9.475, 9.612, 9.475, 9.612, 1, 44.517, 44.517, 0.024, 0.134, 21.635, 21.949, 21.635, 21.949, 4.572, 7.377, 12.977, , , 1, 20.735, 0, 0, 14, 2.302, 169, 0, 0, 0, 60, 6.277, 6.267, 122, 41.289, 100, 0, 0, 35.515, 35.515, 8, 0.9, 97.985, 0, 0, 107.985, 44.758, 0, 0, 0, 0, 0, 13.5, 0, 14, 0, 2.302, 169, 0, 0, 0, 60, 1, 0.006, 0.006, 122, 41.288, 100, 0, 0, 141, 35.515, 35.515, 8, 0.9, 0, 97.985, 0, 0, 107.985, 44.758, 0, 0.6, 0, 0, 
20.75, 16.99, 100.33, 73.27, 74.042, , 3.329, 0.986, 1302.603, 1302.603, 2.306, 80.827, 80.827, 80.827, 51.672, 80.479, 34.966, 35.06, 7.377, 12.989, 0, 0, 9.492, 9.631, 9.492, 9.631, 1, 44.683, 44.683, 0.024, 0.134, 21.594, 21.908, 21.594, 21.908, 4.552, 7.377, 12.989, , , 1, 20.785, 0, 0, 14, 2.306, 169, 0, 0, 0, 60, 6.259, 6.249, 122, 41.212, 100, 0, 0, 35.619, 35.619, 8, 0.9, 97.881, 0, 0, 107.881, 44.887, 0, 0, 0, 0, 0, 13.5, 0, 14, 0, 2.306, 169, 0, 0, 0, 60, 1, 0.006, 0.006, 122, 41.211, 100, 0, 0, 141, 35.619, 35.619, 8, 0.9, 0, 97.881, 0, 0, 107.881, 44.887, 0, 0.6, 0, 0, 
20.8, 16.99, 100.33, 73.27, 74.042, , 3.316, 0.986, 1305.854, 1305.854, 2.31, 80.507, 80.507, 80.507, 51.674, 81.078, 34.57, 35.06, 7.377, 12.997, 0, 0, 9.489, 9.629, 9.489, 9.629, 1, 44.847, 44.847, 0.024, 0.134, 21.508, 21.821, 21.508, 21.821, 4.546, 7.377, 12.997, , , 1, 20.835, 0, 0, 14, 2.31, 169, 0, 0, 0, 60, 6.24, 6.23, 122, 41.134, 100, 0, 0, 35.723, 35.723, 8, 0.9, 97.777, 0, 0, 107.777, 45.016, 0, 0, 0, 0, 0, 13.5, 0, 14, 0, 2.31, 169, 0, 0, 0, 60, 1, 0.006, 0.006, 122, 41.134, 100, 0, 0, 141, 35.723, 35.723, 8, 0.9, 0, 97.777, 0, 0, 107.777, 45.016, 0, 0.6, 0, 0, 
20.85, 16.99, 100.33, 73.27, 74.041, , 3.29, 0.986, 1309.143, 1309.143, 2.315, 79.907, 79.907, 79.907, 51.676, 81.676, 34.4, 35.166, 7.377, 13.002, 0, 0, 9.453, 9.593, 9.453, 9.593, 1, 45.01, 45.01, 0.024, 0.134, 21.346, 21.657, 21.346, 21.657, 4.549, 7.377, 13.002, , , 1, 20.885, 0, 0, 14, 2.315, 169, 0, 0, 0, 60, 6.221, 6.211, 122, 41.057, 100, 0, 0, 35.827, 35.827, 8, 0.9, 97.673, 0, 0, 107.673, 45.146, 0, 0, 0, 0, 0, 13.5, 0, 14, 0, 2.315, 169, 0, 0, 0, 60, 1, 0.006, 0.006, 122, 41.056, 100, 0, 0, 141, 35.827, 35.827, 8, 0.9, 0, 97.673, 0, 0, 107.673, 45.146, 0, 0.6, 0, 0, 
20.9, 16.99, 100.33, 73.27, 74.04, , 3.262, 0.986, 1312.431, 1312.431, 2.319, 79.234, 79.234, 79.234, 51.678, 82.274, 34.544, 35.418, 7.377, 13.007, 0, 0, 9.408, 9.546, 9.408, 9.546, 1, 45.174, 45.174, 0.024, 0.133, 21.166, 21.474, 21.166, 21.474, 4.552, 7.377, 13.007, , , 1, 20.935, 0, 0, 14, 2.319, 169, 0, 0, 0, 60, 6.202, 6.192, 122, 40.98, 100, 0, 0, 35.931, 35.931, 8, 0.9, 97.569, 0, 0, 107.569, 45.275, 0, 0, 0, 0, 0, 13.5, 0, 14, 0, 2.319, 169, 0, 0, 0, 60, 1, 0.006, 0.006, 122, 40.979, 100, 0, 0, 141, 35.931, 35.931, 8, 0.9, 0, 97.569, 0, 0, 107.569, 45.275, 0, 0.6, 0, 0, 
20.95, 16.99, 100.33, 73.27, 74.039, , 3.191, 0.986, 1315.72, 1315.72, 2.325, 77.569, 77.569, 77.569, 51.679, 82.872, 34.688, 35.67, 7.377, 13.013, 0, 0, 9.241, 9.377, 9.241, 9.377, 1, 45.334, 45.334, 0.024, 0.133, 20.72, 21.023, 20.72, 21.023, 4.555, 7.377, 13.013, , , 1, 20.985, 0, 0, 14, 2.325, 169, 0, 0, 0, 60, 6.186, 6.172, 122, 40.904, 100, 0, 0, 36.065, 36.098, 8, 0.9, 97.467, 0, 0, 107.435, 45.401, 0, 0, 0, 0, 0, 13.5, 0, 14, 0, 2.325, 169, 0, 0, 0, 60, 1, 0.006, 0.006, 122, 40.904, 100, 0, 0, 141, 36.065, 36.098, 8, 0.9, 0, 97.467, 0, 0, 107.435, 45.401, 0, 0.6, 0, 0, 
21, 16.99, 100.33, 73.27, 74.038, , 3.042, 0.986, 1319.008, 1319.008, 2.334, 74.024, 74.024, 74.024, 51.687, 83.47, 34.832, 35.922, 7.377, 13.025, 0, 0, 8.847, 8.977, 8.847, 8.977, 1, 45.489, 45.489, 0.024, 0.133, 19.771, 20.06, 19.771, 20.06, 4.553, 7.377, 13.025, , , 1, 21.036, 0, 0, 14, 2.334, 169, 0, 0, 0, 60, 6.175, 6.149, 122, 40.833, 100, 0, 0, 36.258, 36.387, 8, 0.9, 97.371, 0, 0, 107.242, 45.52, 0, 0, 0, 0, 0, 13.5, 0, 14, 0, 2.334, 169, 0, 0, 0, 60, 1, 0.006, 0.006, 122, 40.833, 100, 0, 0, 141, 36.258, 36.387, 8, 0.9, 0, 97.371, 0, 0, 107.242, 45.52, 0, 0.6, 0, 0, 
21.05, 16.99, 100.33, 73.27, 74.038, , 2.873, 0.986, 1322.34, 1322.34, 2.342, 70.016, 70.016, 70.016, 51.699, 84.068, 34.976, 36.174, 7.377, 13.041, 0, 0, 8.393, 8.516, 8.393, 8.516, 1, 45.638, 45.638, 0.024, 0.133, 18.696, 18.969, 18.696, 18.969, 4.546, 7.377, 13.041, , , 1, 21.085, 0, 0, 14, 2.342, 169, 0, 0, 0, 60, 6.163, 6.126, 122, 40.762, 100, 0, 0, 36.45, 36.675, 8, 0.9, 97.275, 0, 0, 107.05, 45.639, 0, 0, 0, 0, 0, 13.5, 0, 14, 0, 2.342, 169, 0, 0, 0, 60, 1, 0.006, 0.006, 122, 40.762, 100, 0, 0, 141, 36.45, 36.675, 8, 0.9, 0, 97.275, 0, 0, 107.05, 45.639, 0, 0.6, 0, 0, 
21.1, 16.99, 100.33, 73.27, 74.037, , 2.631, 0.986, 1325.676, 1325.676, 2.35, 64.282, 64.282, 64.282, 51.717, 84.667, 35.046, 36.262, 7.377, 13.057, 0, 0, 7.727, 7.84, 7.727, 7.84, 1, 45.777, 45.777, 0.024, 0.133, 17.16, 17.41, 17.16, 17.41, 4.539, 7.377, 13.057, , , 1, 21.135, 0, 0, 14, 2.35, 169, 0, 0, 0, 60, 6.151, 6.103, 122, 40.691, 100, 0, 0, 36.642, 36.963, 8, 0.9, 97.179, 0, 0, 106.858, 45.758, 0, 0, 0, 0, 0, 13.5, 0, 14, 0, 2.35, 169, 0, 0, 0, 60, 1, 0.006, 0.006, 122, 40.691, 100, 0, 0, 141, 36.642, 36.963, 8, 0.9, 0, 97.179, 0, 0, 106.858, 45.758, 0, 0.6, 0, 0, 
21.15, 16.99, 100.33, 73.27, 74.036, , 2.313, 0.986, 1329.011, 1329.011, 2.359, 56.747, 56.747, 56.747, 51.749, 85.265, 35.011, 36.124, 7.378, 13.072, 0, 0, 6.839, 6.939, 6.839, 6.939, 1, 45.899, 45.899, 0.024, 0.133, 15.142, 15.363, 15.142, 15.363, 4.532, 7.378, 13.072, , , 1, 21.185, 0, 0, 14, 2.359, 169, 0, 0, 0, 60, 6.14, 6.08, 122, 40.62, 100, 0, 0, 36.835, 37.252, 8, 0.9, 97.083, 0, 0, 106.665, 45.877, 0, 0, 0, 0, 0, 13.5, 0, 14, 0, 2.359, 169, 0, 0, 0, 60, 1, 0.006, 0.006, 122, 40.62, 100, 0, 0, 141, 36.835, 37.252, 8, 0.9, 0, 97.083, 0, 0, 106.665, 45.877, 0, 0.6, 0, 0, 
21.2, 16.99, 100.33, 73.27, 74.035, , 1.919, 0.986, 1332.347, 1332.347, 2.367, 47.406, 47.406, 47.406, 51.795, 85.863, 34.977, 35.986, 7.378, 13.082, 0, 0, 5.724, 5.809, 5.724, 5.809, 1, 46.005, 46.005, 0.024, 0.133, 12.642, 12.826, 12.642, 12.826, 4.529, 7.378, 13.082, , , 1, 21.235, 0, 0.007, 14, 2.367, 169, 0, 0, 0, 59.892, 6.088, 6.012, 122, 40.384, 100, 0, 0, 36.852, 37.352, 7.908, 0.897, 96.946, 0, 0, 106.359, 45.997, 0, 0, 0, 0, 0, 13.502, 0.007, 14, 0, 2.367, 169, 0, 0, 0, 59.892, 1, 0.006, 0.006, 122, 40.384, 100, 0, 0, 141, 36.852, 37.352, 7.908, 0.897, 0, 96.946, 0, 0, 106.432, 45.997, 0, 0.6, 0, 0, 
21.25, 16.99, 100.33, 73.27, 74.035, , 1.554, 0.986, 1335.684, 1335.684, 2.376, 38.746, 38.746, 38.746, 51.854, 86.461, 34.942, 35.848, 7.379, 13.085, 0, 0, 4.687, 4.757, 4.687, 4.757, 1, 46.094, 46.094, 0.024, 0.133, 10.325, 10.474, 10.325, 10.474, 4.55, 7.379, 13.085, , , 1, 21.285, 0, 0.057, 14, 2.376, 169, 0, 0, 0, 59.123, 5.789, 5.67, 122, 39.284, 100, 0, 0, 35.794, 36.294, 7.331, 0.876, 96.56, 0, 0, 105.349, 46.116, 0, 0, 0, 0, 0, 13.511, 0.057, 14, 0, 2.376, 169, 0, 0, 0, 59.123, 1, 0.006, 0.006, 122, 39.284, 100, 0, 0, 141, 35.794, 36.294, 7.331, 0.876, 0, 96.56, 0, 0, 105.95, 46.116, 0, 0.6, 0, 0, 
21.3, 16.99, 100.33, 73.27, 74.034, , 1.224, 0.986, 1339.036, 1339.036, 2.384, 30.914, 30.914, 30.914, 51.91, 87.059, 34.908, 35.71, 7.38, 13.085, 0, 0, 3.746, 3.802, 3.746, 3.802, 1, 46.159, 46.159, 0.024, 0.133, 8.23, 8.348, 8.23, 8.348, 4.57, 7.38, 13.085, , , 1, 21.336, 0, 0.107, 14, 2.384, 169, 0, 0, 0, 58.354, 5.49, 5.327, 122, 38.184, 100, 0, 0, 34.737, 35.237, 6.754, 0.855, 96.174, 0, 0, 104.339, 46.235, 0, 0, 0, 0, 0, 13.521, 0.107, 14, 0, 2.384, 169, 0, 0, 0, 58.354, 1, 0.005, 0.005, 122, 38.184, 100, 0, 0, 141, 34.737, 35.237, 6.754, 0.855, 0, 96.174, 0, 0, 105.467, 46.235, 0, 0.6, 0, 0, 
21.35, 16.99, 100.33, 73.27, 74.033, , 0.94, 0.986, 1342.42, 1342.42, 2.393, 24.174, 24.174, 24.174, 51.961, 85.634, 34.858, 35.608, 7.381, 13.08, 0, 0, 2.934, 2.977, 2.934, 2.977, 1, 46.213, 46.213, 0.024, 0.133, 6.428, 6.52, 6.428, 6.52, 4.59, 7.381, 13.08, , , 1, 21.385, 0, 0.158, 14, 2.393, 169, 0, 0, 0, 57.585, 5.191, 4.985, 122, 37.084, 100, 0, 0, 33.679, 34.179, 6.177, 0.834, 95.788, 0, 0, 103.33, 46.354, 0, 0, 0, 0, 0, 13.53, 0.158, 14, 0, 2.393, 169, 0, 0, 0, 57.585, 1, 0.005, 0.005, 122, 37.084, 100, 0, 0, 141, 33.679, 34.179, 6.177, 0.834, 0, 95.788, 0, 0, 104.985, 46.354, 0, 0.6, 0, 0, 
21.4, 16.99, 100.33, 73.27, 74.032, , 0.733, 0.986, 1345.804, 1345.804, 2.401, 19.259, 19.259, 19.259, 52.007, 79.003, 34.745, 35.645, 7.382, 13.076, 0, 0, 2.34, 2.374, 2.34, 2.374, 1, 46.256, 46.256, 0.024, 0.133, 5.116, 5.187, 5.116, 5.187, 4.61, 7.382, 13.076, , , 1, 21.435, 0, 0.208, 14, 2.401, 169, 0, 0, 0, 56.815, 4.892, 4.643, 122, 35.984, 100, 0, 0, 32.621, 33.121, 5.6, 0.812, 95.402, 0, 0, 102.32, 46.474, 0, 0, 0, 0, 0, 13.54, 0.208, 14, 0, 2.401, 169, 0, 0, 0, 56.815, 1, 0.005, 0.005, 122, 35.984, 100, 0, 0, 141, 32.621, 33.121, 5.6, 0.812, 0, 95.402, 0, 0, 104.502, 46.474, 0, 0.6, 0, 0, 
21.45, 16.99, 100.33, 73.27, 74.032, , 0.532, 0.986, 1349.188, 1349.188, 2.41, 14.496, 14.496, 14.496, 52.043, 72.373, 34.632, 35.683, 7.382, 13.074, 0, 0, 1.763, 1.788, 1.763, 1.788, 1, 46.289, 46.289, 0.024, 0.133, 3.847, 3.9, 3.847, 3.9, 4.638, 7.382, 13.074, , , 1, 21.485, 0, 0.258, 14, 2.41, 169, 0, 0, 0, 56.046, 4.593, 4.301, 122, 34.884, 100, 0, 0, 31.563, 32.063, 5.023, 0.791, 95.015, 0, 0, 101.311, 46.593, 0, 0, 0, 0, 0, 13.55, 0.258, 14, 0, 2.41, 169, 0, 0, 0, 56.046, 1, 0.005, 0.005, 122, 34.884, 100, 0, 0, 141, 31.563, 32.063, 5.023, 0.791, 0, 95.015, 0, 0, 104.019, 46.593, 0, 0.6, 0, 0, 
21.5, 16.99, 100.33, 73.27, 74.031, , 0.352, 0.986, 1352.572, 1352.572, 2.411, 10.223, 10.223, 10.223, 52.063, 65.743, 34.52, 35.72, 7.382, 13.078, 0, 0, 1.245, 1.262, 1.245, 1.262, 1, 46.308, 46.308, 0.024, 0.133, 2.712, 2.748, 2.712, 2.748, 4.665, 7.382, 13.078, , , 1, 21.535, 0, 0.256, 14, 2.411, 169, 0, 0, 0, 55.804, 4.505, 4.223, 122, 34.286, 100, 0, 0, 31.108, 31.51, 4.8, 0.78, 94.303, 0, 0, 100.711, 46.6, 0, 0, 0, 0, 0, 13.56, 0.256, 14, 0, 2.411, 169, 0, 0, 0, 55.804, 1, 0.004, 0.004, 122, 34.286, 100, 0, 0, 141, 31.108, 31.51, 4.8, 0.78, 0, 94.303, 0, 0, 102.905, 46.6, 0, 0.6, 0, 0, 
21.55, 16.99, 100.33, 73.27, 74.03, , 0.261, 0.986, 1355.956, 1355.956, 2.412, 8.057, 8.057, 8.057, 52.079, 59.113, 34.408, 35.758, 7.382, 13.091, 0, 0, 0.982, 0.993, 0.982, 0.993, 1, 46.324, 46.324, 0.024, 0.133, 2.138, 2.165, 2.138, 2.165, 4.693, 7.382, 13.091, , , 1, 21.586, 0, 0.252, 14, 2.412, 169, 0, 0, 0, 55.596, 4.432, 4.163, 122, 33.709, 100, 0, 0, 30.692, 30.99, 4.592, 0.77, 93.577, 0, 0, 100.139, 46.6, 0, 0, 0, 0, 0, 13.57, 0.252, 14, 0, 2.412, 169, 0, 0, 0, 55.596, 1, 0.004, 0.004, 122, 33.709, 100, 0, 0, 141, 30.692, 30.99, 4.592, 0.77, 0, 93.577, 0, 0, 101.763, 46.6, 0, 0.6, 0, 0, 
21.6, 16.988, 100.33, 73.27, 74.031, , 0.134, 0.986, 1359.38, 1359.38, 2.413, 5.049, 5.049, 5.049, 52.091, 52.483, 34.412, 35.737, 7.382, 13.108, 0, 0, 0.617, 0.623, 0.617, 0.623, 1, 46.335, 46.335, 0.024, 0.133, 1.34, 1.356, 1.34, 1.356, 4.721, 7.382, 13.108, , , 1, 21.635, 0, 0.248, 14, 2.413, 169, 0, 0, 0, 55.388, 4.358, 4.102, 122, 33.132, 100, 0, 0, 30.275, 30.469, 4.383, 0.759, 92.851, 0, 0, 99.566, 46.6, 0, 0, 0, 0, 0, 13.581, 0.248, 14, 0, 2.413, 169, 0, 0, 0, 55.388, 1, 0.004, 0.004, 122, 33.132, 100, 0, 0, 141, 30.275, 30.469, 4.383, 0.759, 0, 92.851, 0, 0, 100.622, 46.6, 0, 0.6, 0, 0, 
21.65, 16.986, 100.33, 73.27, 74.031, , -0.028, 0.986, 1362.792, 1362.792, 2.414, 1.218, 1.218, 1.218, 52.102, 45.853, 34.593, 35.628, 7.381, 13.131, 0, 0, 0.151, 0.15, 0.151, 0.15, 1, 46.337, 46.337, 0.024, 0.133, 0.324, 0.327, 0.324, 0.327, 4.727, 7.381, 13.131, , , 1, 21.685, 0, 0.244, 14, 2.414, 169, 0, 0, 0, 55.179, 4.284, 4.042, 122, 32.555, 100, 0, 0, 29.858, 29.948, 4.175, 0.749, 92.124, 0, 0, 98.993, 46.6, 0, 0, 0, 0, 0, 13.591, 0.244, 14, 0, 2.414, 169, 0, 0, 0, 55.179, 1, 0.004, 0.004, 122, 32.555, 100, 0, 0, 141, 29.858, 29.948, 4.175, 0.749, 0, 92.124, 0, 0, 99.481, 46.6, 0, 0.6, 0, 0, 
21.7, 16.983, 100.33, 73.27, 74.032, , -0.214, 0.986, 1366.176, 1366.176, 2.415, -3.204, -3.204, -3.204, 52.115, 60.409, 34.774, 35.52, 7.38, 13.155, 0, 0, -0.387, -0.397, -0.387, -0.397, 1, 46.329, 46.329, 0.024, 0.133, -0.848, -0.861, -0.848, -0.861, 4.724, 7.38, 13.155, , , 1, 21.735, 0, 0.235, 14, 2.415, 169, 0, 0, 0, 54.971, 4.21, 3.973, 122, 32.009, 100, 0, 0, 29.471, 29.471, 4, 0.739, 91.442, 0, 0, 98.428, 46.6, 0, 0, 0, 0, 0, 13.6, 0.235, 14, 0, 2.415, 169, 0, 0, 0, 54.971, 1, 0.004, 0.004, 122, 32.009, 100, 0, 0, 141, 29.471, 29.471, 4, 0.739, 0, 91.442, 0, 0, 98.428, 46.6, 0, 0.6, 0, 0, 
21.75, 16.981, 100.33, 73.27, 74.033, , -0.256, 0.986, 1369.56, 1369.56, 2.415, -4.19, -4.19, -4.19, 52.128, 62.99, 34.954, 35.411, 7.38, 13.179, 0, 0, -0.507, -0.519, -0.507, -0.519, 1, 46.318, 46.318, 0.024, 0.133, -1.109, -1.125, -1.109, -1.125, 4.721, 7.38, 13.179, , , 1, 21.785, 0, 0.202, 14, 2.415, 169, 0, 0, 0, 54.764, 4.135, 3.851, 122, 31.631, 100, 0, 0, 29.264, 29.264, 4, 0.735, 91.029, 0, 0, 97.911, 46.6, 0, 0, 0, 0, 0, 13.6, 0.202, 14, 0, 2.415, 169, 0, 0, 0, 54.764, 1, 0.004, 0.004, 122, 31.631, 100, 0, 0, 141, 29.264, 29.264, 4, 0.735, 0, 91.029, 0, 0, 97.911, 46.6, 0, 0.6, 0, 0, 
21.8, 16.979, 100.33, 73.27, 74.034, , -0.342, 0.986, 1372.944, 1372.944, 2.415, -6.241, -6.241, -6.241, 52.142, 63.98, 35.135, 35.303, 7.38, 13.199, 0, 0, -0.757, -0.771, -0.757, -0.771, 1, 46.305, 46.305, 0.024, 0.133, -1.652, -1.676, -1.652, -1.676, 4.718, 7.38, 13.199, , , 1, 21.835, 0, 0.169, 14, 2.415, 169, 0, 0, 0, 54.558, 4.061, 3.729, 122, 31.252, 100, 0, 0, 29.058, 29.058, 4, 0.731, 90.616, 0, 0, 97.395, 46.6, 0, 0, 0, 0, 0, 13.6, 0.169, 14, 0, 2.415, 169, 0, 0, 0, 54.558, 1, 0.004, 0.004, 122, 31.252, 100, 0, 0, 141, 29.058, 29.058, 4, 0.731, 0, 90.616, 0, 0, 97.395, 46.6, 0, 0.6, 0, 0, 
21.85, 16.977, 100.33, 73.27, 74.034, , -0.431, 0.986, 1376.343, 1376.343, 2.414, -8.337, -8.337, -8.337, 52.168, 64.969, 35.24, 35.452, 7.38, 13.209, 0, 0, -1.013, -1.029, -1.013, -1.029, 1, 46.283, 46.283, 0.024, 0.133, -2.207, -2.238, -2.207, -2.238, 4.718, 7.38, 13.209, , , 1, 21.886, 0, 0.136, 14, 2.414, 169, 0, 0, 0, 54.351, 3.986, 3.607, 122, 30.874, 100, 0, 0, 28.851, 28.851, 4, 0.727, 90.202, 0, 0, 96.878, 46.6, 0, 0, 0, 0, 0, 13.6, 0.136, 14, 0, 2.414, 169, 0, 0, 0, 54.351, 1, 0.004, 0.003, 122, 30.874, 100, 0, 0, 141, 28.851, 28.851, 4, 0.727, 0, 90.202, 0, 0, 96.878, 46.6, 0, 0.6, 0, 0, 
21.9, 16.974, 100.33, 73.27, 74.035, , -0.474, 0.986, 1379.776, 1379.776, 2.414, -9.371, -9.371, -9.371, 52.197, 65.958, 35.24, 35.956, 7.38, 13.209, 0, 0, -1.14, -1.157, -1.14, -1.157, 1, 46.26, 46.26, 0.024, 0.133, -2.481, -2.516, -2.481, -2.516, 4.72, 7.38, 13.209, , , 1, 21.935, 0, 0.103, 14, 2.414, 169, 0, 0, 0, 54.145, 3.912, 3.485, 122, 30.495, 100, 0, 0, 28.645, 28.645, 4, 0.723, 89.789, 0, 0, 96.362, 46.6, 0, 0, 0, 0, 0, 13.6, 0.103, 14, 0, 2.414, 169, 0, 0, 0, 54.145, 1, 0.004, 0.003, 122, 30.495, 100, 0, 0, 141, 28.645, 28.645, 4, 0.723, 0, 89.789, 0, 0, 96.362, 46.6, 0, 0.6, 0, 0, 
21.95, 16.972, 100.33, 73.27, 74.036, , -0.399, 0.986, 1383.163, 1383.163, 2.414, -7.598, -7.598, -7.598, 52.227, 66.947, 35.24, 36.46, 7.379, 13.188, 0, 0, -0.924, -0.939, -0.924, -0.939, 1, 46.238, 46.238, 0.024, 0.134, -2.012, -2.04, -2.012, -2.04, 4.722, 7.379, 13.188, , , 1, 21.985, 0, 0.075, 13.994, 2.414, 169, 0, 0, 0, 53.942, 3.868, 3.43, 122, 30.187, 100, 0, 0, 28.5, 28.5, 3.942, 0.719, 89.384, 0, 0, 95.826, 46.6, 0, 0, 0, 0, 0, 13.6, 0.075, 13.994, 0, 2.414, 169, 0, 0, 0, 53.942, 1, 0.004, 0.003, 122, 30.187, 100, 0, 0, 141, 28.5, 28.5, 3.942, 0.719, 0, 89.384, 0, 0, 95.826, 46.6, 0, 0.6, 0, 0, 
22, 16.97, 100.33, 73.27, 74.037, , -0.38, 0.986, 1386.547, 1386.547, 2.415, -7.135, -7.135, -7.135, 52.258, 67.937, 35.24, 36.964, 7.379, 13.161, 0, 0, -0.868, -0.88, -0.868, -0.88, 1, 46.22, 46.22, 0.024, 0.134, -1.887, -1.914, -1.887, -1.914, 4.724, 7.379, 13.161, , , 1, 22.035, 0, 0.06, 13.975, 2.415, 169, 0, 0, 0, 53.748, 3.895, 3.528, 122, 30.043, 100, 0, 0, 28.5, 28.5, 3.748, 0.715, 88.996, 0, 0, 95.244, 46.6, 0, 0, 0, 0, 0, 13.6, 0.06, 13.975, 0, 2.415, 169, 0, 0, 0, 53.748, 1, 0.004, 0.003, 122, 30.043, 100, 0, 0, 141, 28.5, 28.5, 3.748, 0.715, 0, 88.996, 0, 0, 95.244, 46.6, 0, 0.6, 0, 0, 
22.05, 16.967, 100.33, 73.27, 74.038, , -0.409, 0.986, 1389.931, 1389.931, 2.415, -7.831, -7.831, -7.831, 52.292, 68.926, 35.24, 37.468, 7.378, 13.116, 0, 0, -0.952, -0.965, -0.952, -0.965, 1, 46.2, 46.2, 0.024, 0.134, -2.068, -2.099, -2.068, -2.099, 4.73, 7.378, 13.116, , , 1, 22.085, 0, 0.044, 13.955, 2.415, 169, 0, 0, 0, 53.554, 3.922, 3.627, 122, 29.899, 100, 0, 0, 28.5, 28.5, 3.554, 0.711, 88.609, 0, 0, 94.663, 46.6, 0, 0, 0, 0, 0, 13.6, 0.044, 13.955, 0, 2.415, 169, 0, 0, 0, 53.554, 1, 0.004, 0.003, 122, 29.899, 100, 0, 0, 141, 28.5, 28.5, 3.554, 0.711, 0, 88.609, 0, 0, 94.663, 46.6, 0, 0.6, 0, 0, 
22.1, 16.965, 100.33, 73.27, 74.038, , -0.437, 0.986, 1393.315, 1393.315, 2.415, -8.491, -8.491, -8.491, 52.33, 69.915, 35.285, 37.579, 7.378, 13.068, 0, 0, -1.029, -1.046, -1.029, -1.046, 1, 46.179, 46.179, 0.024, 0.134, -2.241, -2.273, -2.241, -2.273, 4.738, 7.378, 13.068, , , 1, 22.135, 0, 0.029, 13.936, 2.415, 169, 0, 0, 0, 53.36, 3.95, 3.726, 122, 29.755, 100, 0, 0, 28.5, 28.5, 3.36, 0.707, 88.221, 0, 0, 94.081, 46.6, 0, 0, 0, 0, 0, 13.6, 0.029, 13.936, 0, 2.415, 169, 0, 0, 0, 53.36, 1, 0.004, 0.004, 122, 29.755, 100, 0, 0, 141, 28.5, 28.5, 3.36, 0.707, 0, 88.221, 0, 0, 94.081, 46.6, 0, 0.6, 0, 0, 
22.15, 16.963, 100.33, 73.27, 74.039, , -0.434, 0.986, 1396.699, 1396.699, 2.416, -8.431, -8.431, -8.431, 52.373, 70.905, 35.393, 37.147, 7.377, 13.014, 0, 0, -1.02, -1.038, -1.02, -1.038, 1, 46.157, 46.157, 0.024, 0.134, -2.223, -2.255, -2.223, -2.255, 4.746, 7.377, 13.014, , , 1, 22.186, 0, 0.013, 13.917, 2.416, 169, 0, 0, 0, 53.167, 3.977, 3.825, 122, 29.611, 100, 0, 0, 28.5, 28.5, 3.167, 0.703, 87.833, 0, 0, 93.5, 46.6, 0, 0, 0, 0, 0, 13.6, 0.013, 13.917, 0, 2.416, 169, 0, 0, 0, 53.167, 1, 0.004, 0.004, 122, 29.611, 100, 0, 0, 141, 28.5, 28.5, 3.167, 0.703, 0, 87.833, 0, 0, 93.5, 46.6, 0, 0.6, 0, 0, 
22.2, 16.961, 100.33, 73.27, 74.04, , -0.441, 0.986, 1400.083, 1400.083, 2.416, -8.58, -8.58, -8.58, 52.418, 71.894, 35.501, 36.715, 7.377, 12.964, 0, 0, -1.038, -1.055, -1.038, -1.055, 1, 46.136, 46.136, 0.024, 0.134, -2.26, -2.294, -2.26, -2.294, 4.755, 7.377, 12.964, , , 1, 22.235, 0, 0, 13.9, 2.416, 169, 0, 0, 0, 53, 3.999, 3.908, 122, 29.478, 100, 0, 0, 28.485, 28.485, 3, 0.7, 87.5, 0, 0, 93, 46.6, 0, 0, 0, 0, 0, 13.6, 0, 13.9, 0, 2.416, 169, 0, 0, 0, 53, 1, 0.004, 0.004, 122, 29.478, 100, 0, 0, 141, 28.485, 28.485, 3, 0.7, 0, 87.5, 0, 0, 93, 46.6, 0, 0.6, 0, 0, 
22.25, 16.958, 100.33, 73.27, 74.041, , -0.468, 0.986, 1403.467, 1403.467, 2.417, -9.239, -9.239, -9.239, 52.459, 72.883, 35.609, 36.283, 7.377, 12.929, 0, 0, -1.118, -1.135, -1.118, -1.135, 1, 46.113, 46.113, 0.024, 0.134, -2.43, -2.468, -2.43, -2.468, 4.764, 7.377, 12.929, , , 1, 22.285, 0, 0, 13.9, 2.417, 169, 0, 0, 0, 53, 3.991, 3.891, 122, 29.401, 100, 0, 0, 28.382, 28.382, 3, 0.7, 87.5, 0, 0, 93, 46.6, 0, 0, 0, 0, 0, 13.6, 0, 13.9, 0, 2.417, 169, 0, 0, 0, 53, 1, 0.004, 0.004, 122, 29.401, 100, 0, 0, 141, 28.382, 28.382, 3, 0.7, 0, 87.5, 0, 0, 93, 46.6, 0, 0.6, 0, 0, 
22.3, 16.956, 100.33, 73.27, 74.041, , -0.47, 0.986, 1406.851, 1406.851, 2.418, -9.281, -9.281, -9.281, 52.497, 73.872, 35.717, 35.851, 7.377, 12.895, 0, 0, -1.123, -1.141, -1.123, -1.141, 1, 46.089, 46.089, 0.024, 0.134, -2.439, -2.477, -2.439, -2.477, 4.776, 7.377, 12.895, , , 1, 22.335, 0, 0, 13.9, 2.418, 169, 0, 0, 0, 53, 3.982, 3.874, 122, 29.325, 100, 0, 0, 28.278, 28.278, 3, 0.7, 87.5, 0, 0, 93, 46.6, 0, 0, 0, 0, 0, 13.6, 0, 13.9, 0, 2.418, 169, 0, 0, 0, 53, 1, 0.004, 0.004, 122, 29.325, 100, 0, 0, 141, 28.278, 28.278, 3, 0.7, 0, 87.5, 0, 0, 93, 46.6, 0, 0.6, 0, 0, 
22.35, 16.954, 100.33, 73.27, 74.042, , -0.423, 0.986, 1410.235, 1410.235, 2.419, -8.165, -8.165, -8.165, 52.529, 74.862, 35.735, 35.585, 7.378, 12.87, 0, 0, -0.989, -1.003, -0.989, -1.003, 1, 46.066, 46.066, 0.024, 0.133, -2.144, -2.178, -2.144, -2.178, 4.788, 7.378, 12.87, , , 1, 22.385, 0, 0, 13.9, 2.419, 169, 0, 0, 0, 53, 3.974, 3.858, 122, 29.248, 100, 0, 0, 28.174, 28.174, 3, 0.7, 87.5, 0, 0, 93, 46.6, 0, 0, 0, 0, 0, 13.6, 0, 13.9, 0, 2.419, 169, 0, 0, 0, 53, 1, 0.004, 0.004, 122, 29.248, 100, 0, 0, 141, 28.174, 28.174, 3, 0.7, 0, 87.5, 0, 0, 93, 46.6, 0, 0.6, 0, 0, 
22.4, 16.951, 100.33, 73.27, 74.043, , -0.405, 0.986, 1413.62, 1413.62, 2.42, -7.736, -7.736, -7.736, 52.546, 75.851, 35.627, 35.549, 7.378, 12.846, 0, 0, -0.937, -0.948, -0.937, -0.948, 1, 46.048, 46.048, 0.024, 0.133, -2.029, -2.062, -2.029, -2.062, 4.8, 7.378, 12.846, , , 1, 22.435, 0, 0, 13.9, 2.42, 169, 0, 0, 0, 53, 3.966, 3.841, 122, 29.172, 100, 0, 0, 28.071, 28.071, 3, 0.7, 87.5, 0, 0, 93, 46.6, 0, 0, 0, 0, 0, 13.6, 0, 13.9, 0, 2.42, 169, 0, 0, 0, 53, 1, 0.004, 0.004, 122, 29.172, 100, 0, 0, 141, 28.071, 28.071, 3, 0.7, 0, 87.5, 0, 0, 93, 46.6, 0, 0.6, 0, 0, 
22.45, 16.949, 100.33, 73.27, 74.044, , -0.526, 0.986, 1417.004, 1417.004, 2.421, -10.606, -10.606, -10.606, 52.561, 76.84, 35.519, 35.513, 7.379, 12.825, 0, 0, -1.285, -1.3, -1.285, -1.3, 1, 46.024, 46.024, 0.024, 0.133, -2.782, -2.826, -2.782, -2.826, 4.812, 7.379, 12.825, , , 1, 22.485, 0, 0, 13.9, 2.421, 169, 0, 0, 0, 53, 3.96, 3.835, 122, 29.097, 100, 0, 0, 28, 28, 3, 0.7, 87.5, 0, 0, 93, 46.6, 0, 0, 0, 0, 0, 13.6, 0, 13.9, 0, 2.421, 169, 0, 0, 0, 53, 1, 0.004, 0.004, 122, 29.097, 100, 0, 0, 141, 28, 28, 3, 0.7, 0, 87.5, 0, 0, 93, 46.6, 0, 0.6, 0, 0, 
22.5, 16.947, 100.33, 73.27, 74.044, , -0.686, 0.986, 1420.388, 1420.388, 2.42, -14.406, -14.406, -14.406, 52.574, 77.829, 35.411, 35.477, 7.379, 12.806, 0, 0, -1.742, -1.764, -1.742, -1.764, 1, 45.995, 45.995, 0.024, 0.133, -3.78, -3.838, -3.78, -3.838, 4.822, 7.379, 12.806, , , 1, 22.535, 0, 0, 13.9, 2.42, 169, 0, 0, 0, 53, 3.96, 3.85, 122, 29.025, 100, 0, 0, 28, 28, 3, 0.7, 87.5, 0, 0, 93, 46.6, 0, 0, 0, 0, 0, 13.6, 0, 13.9, 0, 2.42, 169, 0, 0, 0, 53, 1, 0.004, 0.004, 122, 29.025, 100, 0, 0, 141, 28, 28, 3, 0.7, 0, 87.5, 0, 0, 93, 46.6, 0, 0.6, 0, 0, 
22.55, 16.944, 100.33, 73.27, 74.045, , -0.854, 0.986, 1423.747, 1423.747, 2.419, -18.384, -18.384, -18.384, 52.579, 78.819, 35.303, 35.441, 7.38, 12.792, 0, 0, -2.22, -2.249, -2.22, -2.249, 1, 45.957, 45.957, 0.024, 0.133, -4.825, -4.898, -4.825, -4.898, 4.832, 7.38, 12.792, , , 1, 22.585, 0, 0, 13.9, 2.419, 169, 0, 0, 0, 53, 3.96, 3.866, 122, 28.954, 100, 0, 0, 28, 28, 3, 0.7, 87.5, 0, 0, 93, 46.6, 0, 0, 0, 0, 0, 13.6, 0, 13.9, 0, 2.419, 169, 0, 0, 0, 53, 1, 0.004, 0.004, 122, 28.954, 100, 0, 0, 141, 28, 28, 3, 0.7, 0, 87.5, 0, 0, 93, 46.6, 0, 0.6, 0, 0, 
22.6, 16.942, 100.33, 73.27, 74.046, , -1.022, 0.986, 1427.088, 1427.088, 2.418, -22.387, -22.387, -22.387, 52.577, 79.808, 35.255, 35.405, 7.38, 12.779, 0, 0, -2.7, -2.736, -2.7, -2.736, 1, 45.908, 45.908, 0.024, 0.133, -5.876, -5.965, -5.876, -5.965, 4.842, 7.38, 12.779, , , 1, 22.635, 0, 0, 13.9, 2.418, 169, 0, 0, 0, 53, 3.96, 3.881, 122, 28.882, 100, 0, 0, 28, 28, 3, 0.7, 87.5, 0, 0, 93, 46.6, 0, 0, 0, 0, 0, 13.6, 0, 13.9, 0, 2.418, 169, 0, 0, 0, 53, 1, 0.004, 0.004, 122, 28.882, 100, 0, 0, 141, 28, 28, 3, 0.7, 0, 87.5, 0, 0, 93, 46.6, 0, 0.6, 0, 0, 
22.65, 16.94, 100.33, 73.27, 74.047, , -1.177, 0.986, 1430.472, 1430.472, 2.418, -26.066, -26.066, -26.066, 52.57, 80.797, 35.291, 35.369, 7.38, 12.779, 0, 0, -3.141, -3.186, -3.141, -3.186, 1, 45.853, 45.853, 0.024, 0.132, -6.843, -6.947, -6.843, -6.947, 4.852, 7.38, 12.779, , , 1, 22.685, 0, 0, 13.9, 2.418, 169, 0, 0, 0, 53, 3.96, 3.897, 122, 28.81, 100, 0, 0, 28, 28, 3, 0.7, 87.5, 0, 0, 93, 46.6, 0, 0, 0, 0, 0, 13.6, 0, 13.9, 0, 2.418, 169, 0, 0, 0, 53, 1, 0.004, 0.004, 122, 28.81, 100, 0, 0, 141, 28, 28, 3, 0.7, 0, 87.5, 0, 0, 93, 46.6, 0, 0.6, 0, 0, 
22.7, 16.938, 100.33, 73.27, 74.047, , -1.377, 0.986, 1433.856, 1433.856, 2.416, -30.802, -30.802, -30.802, 52.557, 81.786, 35.327, 35.333, 7.379, 12.781, 0, 0, -3.704, -3.76, -3.704, -3.76, 1, 45.792, 45.792, 0.024, 0.132, -8.09, -8.211, -8.09, -8.211, 4.849, 7.379, 12.781, , , 1, 22.735, 0, 0, 13.9, 2.416, 169, 0, 0, 0, 53, 3.959, 3.908, 122, 28.761, 100, 0, 0, 28, 28, 3, 0.7, 87.507, 0, 0, 93.013, 46.583, 0, 0, 0, 0, 0, 13.6, 0, 13.9, 0, 2.416, 169, 0, 0, 0, 53, 1, 0.004, 0.004, 122, 28.761, 100, 0, 0, 141, 28, 28, 3, 0.7, 0, 87.507, 0, 0, 93.013, 46.583, 0, 0.6, 0, 0, 
22.75, 16.935, 100.33, 73.27, 74.048, , -1.574, 0.986, 1437.222, 1437.222, 2.408, -35.47, -35.47, -35.47, 52.541, 82.776, 35.363, 35.297, 7.379, 12.791, 0, 0, -4.258, -4.323, -4.258, -4.323, 1, 45.716, 45.716, 0.024, 0.132, -9.318, -9.457, -9.318, -9.457, 4.843, 7.379, 12.791, , , 1, 22.785, 0, 0, 13.9, 2.408, 169, 0, 0, 0, 53, 3.949, 3.897, 122, 28.833, 100, 0, 0, 28, 28, 3, 0.7, 87.555, 0, 0, 93.11, 46.464, 0, 0, 0, 0, 0, 13.6, 0, 13.9, 0, 2.408, 169, 0, 0, 0, 53, 1, 0.004, 0.004, 122, 28.833, 100, 0, 0, 141, 28, 28, 3, 0.7, 0, 87.555, 0, 0, 93.11, 46.464, 0, 0.6, 0, 0, 
22.8, 16.933, 100.33, 73.27, 74.049, , -1.738, 0.986, 1440.558, 1440.558, 2.401, -39.357, -39.357, -39.357, 52.528, 83.765, 35.399, 35.261, 7.378, 12.801, 0, 0, -4.717, -4.789, -4.717, -4.789, 1, 45.632, 45.632, 0.024, 0.132, -10.342, -10.496, -10.342, -10.496, 4.837, 7.378, 12.801, , , 1, 22.835, 0, 0, 13.9, 2.401, 169, 0, 0, 0, 53, 3.939, 3.885, 122, 28.904, 100, 0, 0, 28, 28, 3, 0.7, 87.603, 0, 0, 93.206, 46.345, 0, 0, 0, 0, 0, 13.6, 0, 13.9, 0, 2.401, 169, 0, 0, 0, 53, 1, 0.004, 0.004, 122, 28.904, 100, 0, 0, 141, 28, 28, 3, 0.7, 0, 87.603, 0, 0, 93.206, 46.345, 0, 0.6, 0, 0, 
22.85, 16.931, 100.33, 73.27, 74.05, , -1.794, 0.986, 1443.94, 1443.94, 2.394, -40.697, -40.697, -40.697, 52.516, 84.754, 35.42, 35.361, 7.378, 12.808, 0, 0, -4.867, -4.941, -4.867, -4.941, 1, 45.543, 45.543, 0.024, 0.132, -10.697, -10.856, -10.697, -10.856, 4.831, 7.378, 12.808, , , 1, 22.885, 0, 0, 13.9, 2.394, 169, 0, 0, 0, 53, 3.93, 3.874, 122, 28.975, 100, 0, 0, 28, 28, 3, 0.7, 87.651, 0, 0, 93.302, 46.226, 0, 0, 0, 0, 0, 13.6, 0, 13.9, 0, 2.394, 169, 0, 0, 0, 53, 1, 0.004, 0.004, 122, 28.975, 100, 0, 0, 141, 28, 28, 3, 0.7, 0, 87.651, 0, 0, 93.302, 46.226, 0, 0.6, 0, 0, 
22.9, 16.932, 100.33, 73.27, 74.05, , -1.885, 0.986, 1447.296, 1447.296, 2.386, -42.851, -42.851, -42.851, 52.502, 85.744, 35.42, 35.649, 7.378, 12.814, 0, 0, -5.116, -5.193, -5.116, -5.193, 1, 45.451, 45.451, 0.024, 0.132, -11.267, -11.433, -11.267, -11.433, 4.831, 7.378, 12.814, , , 1, 22.935, 0, 0, 13.9, 2.386, 169, 0, 0, 0, 53, 3.92, 3.862, 122, 29.046, 100, 0, 0, 28, 28, 3, 0.7, 87.699, 0, 0, 93.398, 46.106, 0, 0, 0, 0, 0, 13.6, 0, 13.9, 0, 2.386, 169, 0, 0, 0, 53, 1, 0.004, 0.004, 122, 29.046, 100, 0, 0, 141, 28, 28, 3, 0.7, 0, 87.699, 0, 0, 93.398, 46.106, 0, 0.6, 0, 0, 
22.95, 16.934, 100.33, 73.27, 74.05, , -1.995, 0.986, 1450.632, 1450.632, 2.379, -45.464, -45.464, -45.464, 52.489, 86.733, 35.42, 35.937, 7.379, 12.816, 0, 0, -5.418, -5.498, -5.418, -5.498, 1, 45.352, 45.352, 0.024, 0.132, -11.956, -12.133, -11.956, -12.133, 4.834, 7.379, 12.816, , , 1, 22.985, 0, 0, 13.9, 2.379, 169, 0, 0, 0, 53, 3.911, 3.851, 122, 29.117, 100, 0, 0, 28, 28, 3, 0.7, 87.747, 0, 0, 93.494, 45.987, 0, 0, 0, 0, 0, 13.6, 0, 13.9, 0, 2.379, 169, 0, 0, 0, 53, 1, 0.004, 0.004, 122, 29.117, 100, 0, 0, 141, 28, 28, 3, 0.7, 0, 87.747, 0, 0, 93.494, 45.987, 0, 0.6, 0, 0, 
23, 16.936, 100.33, 73.27, 74.05, , -2.065, 0.986, 1453.969, 1453.969, 2.376, -47.123, -47.123, -47.123, 52.481, 87.722, 35.42, 36.225, 7.379, 12.819, 0, 0, -5.602, -5.684, -5.602, -5.684, 1, 45.25, 45.25, 0.024, 0.132, -12.394, -12.577, -12.394, -12.577, 4.838, 7.379, 12.819, , , 1, 23.035, 0, 0, 13.9, 2.376, 169, 0, 0, 0, 53, 3.92, 3.85, 122, 29.12, 100, 0, 0, 27.902, 27.902, 3, 0.7, 87.799, 0, 0, 93.5, 45.859, 0, 0, 0, 0, 0, 13.6, 0, 13.9, 0, 2.376, 169, 0, 0, 0, 53, 1, 0.004, 0.004, 122, 29.12, 100, 0, 0, 141, 27.902, 27.902, 3, 0.7, 0, 87.799, 0, 0, 93.5, 45.859, 0, 0.6, 0, 0, 
23.05, 16.938, 100.33, 73.27, 74.05, , -2.001, 0.986, 1457.305, 1457.305, 2.373, -45.609, -45.609, -45.609, 52.477, 88.711, 35.42, 36.513, 7.381, 12.824, 0, 0, -5.411, -5.49, -5.411, -5.49, 1, 45.147, 45.147, 0.024, 0.133, -11.997, -12.174, -11.997, -12.174, 4.841, 7.381, 12.824, , , 1, 23.085, 0, 0, 13.9, 2.373, 169, 0, 0, 0, 53, 3.93, 3.85, 122, 29.12, 100, 0, 0, 27.799, 27.799, 3, 0.7, 87.851, 0, 0, 93.5, 45.73, 0, 0, 0, 0, 0, 13.6, 0, 13.9, 0, 2.373, 169, 0, 0, 0, 53, 1, 0.004, 0.004, 122, 29.12, 100, 0, 0, 141, 27.799, 27.799, 3, 0.7, 0, 87.851, 0, 0, 93.5, 45.73, 0, 0.6, 0, 0, 
23.1, 16.941, 100.33, 73.27, 74.05, , -1.967, 0.986, 1460.623, 1460.623, 2.37, -44.824, -44.824, -44.824, 52.476, 89.701, 35.39, 36.801, 7.382, 12.829, 0, 0, -5.307, -5.383, -5.307, -5.383, 1, 45.05, 45.05, 0.024, 0.133, -11.791, -11.964, -11.791, -11.964, 4.845, 7.382, 12.829, , , 1, 23.135, 0, 0, 13.9, 2.37, 169, 0, 0, 0, 53, 3.94, 3.85, 122, 29.12, 100, 0, 0, 27.695, 27.695, 3, 0.7, 87.903, 0, 0, 93.5, 45.602, 0, 0, 0, 0, 0, 13.6, 0, 13.9, 0, 2.37, 169, 0, 0, 0, 53, 1, 0.004, 0.004, 122, 29.12, 100, 0, 0, 141, 27.695, 27.695, 3, 0.7, 0, 87.903, 0, 0, 93.5, 45.602, 0, 0.6, 0, 0, 
23.15, 16.943, 100.33, 73.27, 74.05, , -2.046, 0.986, 1463.911, 1463.911, 2.367, -46.69, -46.69, -46.69, 52.484, 90.69, 35.318, 37.089, 7.382, 12.843, 0, 0, -5.517, -5.596, -5.517, -5.596, 1, 44.949, 44.949, 0.024, 0.133, -12.28, -12.46, -12.28, -12.46, 4.85, 7.382, 12.843, , , 1, 23.185, 0, 0, 13.9, 2.367, 169, 0, 0, 0, 53, 3.951, 3.85, 122, 29.12, 100, 0, 0, 27.591, 27.591, 3, 0.7, 87.955, 0, 0, 93.5, 45.473, 0, 0, 0, 0, 0, 13.6, 0, 13.9, 0, 2.367, 169, 0, 0, 0, 53, 1, 0.004, 0.004, 122, 29.12, 100, 0, 0, 141, 27.591, 27.591, 3, 0.7, 0, 87.955, 0, 0, 93.5, 45.473, 0, 0.6, 0, 0, 
23.2, 16.945, 100.33, 73.27, 74.05, , -2.193, 0.986, 1467.2, 1467.2, 2.363, -50.186, -50.186, -50.186, 52.504, 91.679, 35.246, 37.377, 7.382, 12.856, 0, 0, -5.915, -6, -5.915, -6, 1, 44.843, 44.843, 0.024, 0.133, -13.192, -13.386, -13.192, -13.386, 4.854, 7.382, 12.856, , , 1, 23.235, 0, 0, 13.9, 2.363, 169, 0, 0, 0, 53, 3.96, 3.852, 122, 29.12, 100, 0, 0, 27.483, 27.483, 3, 0.7, 88, 0, 0, 93.513, 45.346, 0, 0, 0, 0, 0, 13.6, 0, 13.9, 0, 2.363, 169, 0, 0, 0, 53, 1, 0.004, 0.004, 122, 29.12, 100, 0, 0, 141, 27.483, 27.483, 3, 0.7, 0, 88, 0, 0, 93.513, 45.346, 0, 0.6, 0, 0, 
23.25, 16.948, 100.33, 73.27, 74.05, , -2.266, 0.986, 1470.514, 1470.514, 2.356, -51.91, -51.91, -51.91, 52.539, 92.668, 35.174, 37.665, 7.382, 12.866, 0, 0, -6.103, -6.19, -6.103, -6.19, 1, 44.731, 44.731, 0.024, 0.133, -13.637, -13.837, -13.637, -13.837, 4.859, 7.382, 12.866, , , 1, 23.285, 0, 0, 13.9, 2.356, 169, 0, 0, 0, 53, 3.959, 3.865, 122, 29.12, 100, 0, 0, 27.338, 27.338, 3, 0.7, 88, 0, 0, 93.61, 45.226, 0, 0, 0, 0, 0, 13.6, 0, 13.9, 0, 2.356, 169, 0, 0, 0, 53, 1, 0.004, 0.004, 122, 29.12, 100, 0, 0, 141, 27.338, 27.338, 3, 0.7, 0, 88, 0, 0, 93.61, 45.226, 0, 0.6, 0, 0, 
23.3, 16.95, 100.33, 73.27, 74.05, , -2.284, 0.986, 1473.837, 1473.837, 2.35, -52.333, -52.333, -52.333, 52.57, 93.658, 35.102, 37.953, 7.382, 12.877, 0, 0, -6.137, -6.222, -6.137, -6.222, 1, 44.616, 44.616, 0.024, 0.133, -13.74, -13.941, -13.74, -13.941, 4.863, 7.382, 12.877, , , 1, 23.335, 0, 0, 13.9, 2.35, 169, 0, 0, 0, 53, 3.958, 3.879, 122, 29.12, 100, 0, 0, 27.194, 27.194, 3, 0.7, 88, 0, 0, 93.706, 45.107, 0, 0, 0, 0, 0, 13.6, 0, 13.9, 0, 2.35, 169, 0, 0, 0, 53, 1, 0.004, 0.004, 122, 29.12, 100, 0, 0, 141, 27.194, 27.194, 3, 0.7, 0, 88, 0, 0, 93.706, 45.107, 0, 0.6, 0, 0, 
23.35, 16.952, 100.33, 73.27, 74.05, , -2.37, 0.986, 1477.08, 1477.08, 2.343, -54.388, -54.388, -54.388, 52.601, 93.589, 35.15, 38.06, 7.381, 12.877, 0, 0, -6.364, -6.453, -6.364, -6.453, 1, 44.499, 44.499, 0.024, 0.133, -14.273, -14.482, -14.273, -14.482, 4.867, 7.381, 12.877, , , 1, 23.384, 0, 0, 13.9, 2.343, 169, 0, 0, 0, 53, 3.957, 3.892, 122, 29.12, 100, 0, 0, 27.05, 27.05, 3, 0.7, 88, 0, 0, 93.802, 44.988, 0, 0, 0, 0, 0, 13.6, 0, 13.9, 0, 2.343, 169, 0, 0, 0, 53, 1, 0.004, 0.004, 122, 29.12, 100, 0, 0, 141, 27.05, 27.05, 3, 0.7, 0, 88, 0, 0, 93.802, 44.988, 0, 0.6, 0, 0, 
23.4, 16.954, 100.33, 73.27, 74.05, , -2.396, 0.986, 1480.355, 1480.355, 2.336, -55.006, -55.006, -55.006, 52.633, 90.799, 35.365, 37.916, 7.379, 12.877, 0, 0, -6.42, -6.51, -6.42, -6.51, 1, 44.378, 44.378, 0.024, 0.133, -14.428, -14.639, -14.428, -14.639, 4.871, 7.379, 12.877, , , 1, 23.435, 0, 0, 13.9, 2.336, 169, 0, 0, 0, 53, 3.956, 3.905, 122, 29.12, 100, 0, 0, 26.906, 26.906, 3, 0.7, 88, 0, 0, 93.898, 44.869, 0, 0, 0, 0, 0, 13.6, 0, 13.9, 0, 2.336, 169, 0, 0, 0, 53, 1, 0.004, 0.004, 122, 29.12, 100, 0, 0, 141, 26.906, 26.906, 3, 0.7, 0, 88, 0, 0, 93.898, 44.869, 0, 0.6, 0, 0, 
23.45, 16.957, 100.33, 73.27, 74.05, , -2.379, 0.986, 1483.631, 1483.631, 2.329, -54.603, -54.603, -54.603, 52.657, 88.009, 35.581, 37.773, 7.379, 12.864, 0, 0, -6.355, -6.445, -6.355, -6.445, 1, 44.258, 44.258, 0.024, 0.133, -14.315, -14.523, -14.315, -14.523, 4.875, 7.379, 12.864, , , 1, 23.485, 0, 0, 13.9, 2.329, 169, 0, 0, 0, 53, 3.955, 3.919, 122, 29.12, 100, 0, 0, 26.762, 26.762, 3, 0.7, 88, 0, 0, 93.994, 44.75, 0, 0, 0, 0, 0, 13.6, 0, 13.9, 0, 2.329, 169, 0, 0, 0, 53, 1, 0.004, 0.004, 122, 29.12, 100, 0, 0, 141, 26.762, 26.762, 3, 0.7, 0, 88, 0, 0, 93.994, 44.75, 0, 0.6, 0, 0, 
23.5, 16.959, 100.33, 73.27, 74.05, , -2.318, 0.986, 1486.874, 1486.874, 2.326, -53.159, -53.159, -53.159, 52.677, 85.22, 35.796, 37.629, 7.378, 12.85, 0, 0, -6.17, -6.258, -6.17, -6.258, 1, 44.14, 44.14, 0.024, 0.133, -13.931, -14.132, -13.931, -14.132, 4.879, 7.378, 12.85, , , 1, 23.535, 0, 0, 13.9, 2.326, 169, 0, 0, 0, 53, 3.96, 3.922, 122, 29.12, 100, 0, 0, 26.702, 26.702, 3, 0.7, 88, 0, 0, 94, 44.74, 0, 0, 0, 0, 0, 13.6, 0, 13.9, 0, 2.326, 169, 0, 0, 0, 53, 1, 0.004, 0.004, 122, 29.12, 100, 0, 0, 141, 26.702, 26.702, 3, 0.7, 0, 88, 0, 0, 94, 44.74, 0, 0.6, 0, 0, 
23.55, 16.961, 100.33, 73.27, 74.05, , -2.286, 0.986, 1490.117, 1490.117, 2.324, -52.405, -52.405, -52.405, 52.695, 82.43, 36.011, 37.486, 7.378, 12.837, 0, 0, -6.064, -6.153, -6.064, -6.153, 1, 44.024, 44.024, 0.024, 0.133, -13.729, -13.927, -13.729, -13.927, 4.859, 7.378, 12.837, , , 1, 23.586, 0, 0, 13.9, 2.324, 169, 0, 0, 0, 53, 3.965, 3.924, 122, 29.12, 100, 0, 0, 26.65, 26.65, 3, 0.7, 88, 0, 0, 94, 44.74, 0, 0, 0, 0, 0, 13.6, 0, 13.9, 0, 2.324, 169, 0, 0, 0, 53, 1, 0.004, 0.004, 122, 29.12, 100, 0, 0, 141, 26.65, 26.65, 3, 0.7, 0, 88, 0, 0, 94, 44.74, 0, 0.6, 0, 0, 
23.6, 16.964, 100.33, 73.27, 74.05, , -2.293, 0.986, 1493.36, 1493.36, 2.321, -52.565, -52.565, -52.565, 52.712, 79.64, 36.053, 37.299, 7.377, 12.824, 0, 0, -6.065, -6.156, -6.065, -6.156, 1, 43.909, 43.909, 0.024, 0.133, -13.765, -13.964, -13.765, -13.964, 4.834, 7.377, 12.824, , , 1, 23.635, 0, 0, 13.9, 2.321, 169, 0, 0, 0, 53, 3.97, 3.926, 122, 29.12, 100, 0, 0, 26.597, 26.597, 3, 0.7, 88, 0, 0, 94, 44.74, 0, 0, 0, 0, 0, 13.6, 0, 13.9, 0, 2.321, 169, 0, 0, 0, 53, 1, 0.004, 0.004, 122, 29.12, 100, 0, 0, 141, 26.597, 26.597, 3, 0.7, 0, 88, 0, 0, 94, 44.74, 0, 0.6, 0, 0, 
23.65, 16.966, 100.33, 73.27, 74.05, , -2.349, 0.986, 1496.603, 1496.603, 2.318, -53.897, -53.897, -53.897, 52.734, 76.85, 35.836, 37.046, 7.377, 12.823, 0, 0, -6.202, -6.294, -6.202, -6.294, 1, 43.792, 43.792, 0.024, 0.133, -14.109, -14.311, -14.109, -14.311, 4.81, 7.377, 12.823, , , 1, 23.685, 0, 0, 13.9, 2.318, 169, 0, 0, 0, 53, 3.976, 3.928, 122, 29.12, 100, 0, 0, 26.545, 26.545, 3, 0.7, 88, 0, 0, 94, 44.74, 0, 0, 0, 0, 0, 13.6, 0, 13.9, 0, 2.318, 169, 0, 0, 0, 53, 1, 0.004, 0.004, 122, 29.12, 100, 0, 0, 141, 26.545, 26.545, 3, 0.7, 0, 88, 0, 0, 94, 44.74, 0, 0.6, 0, 0, 
23.7, 16.968, 100.33, 73.27, 74.05, , -2.321, 0.986, 1499.845, 1499.845, 2.315, -53.228, -53.228, -53.228, 52.759, 74.061, 35.62, 36.793, 7.377, 12.822, 0, 0, -6.111, -6.202, -6.111, -6.202, 1, 43.675, 43.675, 0.024, 0.132, -13.928, -14.128, -13.928, -14.128, 4.785, 7.377, 12.822, , , 1, 23.736, 0, 0, 13.9, 2.315, 169, 0, 0, 0, 53, 3.981, 3.931, 122, 29.131, 100, 0, 0, 26.486, 26.486, 3, 0.7, 88, 0, 0, 94, 44.723, 0, 0, 0, 0, 0, 13.6, 0, 13.9, 0, 2.315, 169, 0, 0, 0, 53, 1, 0.004, 0.004, 122, 29.131, 100, 0, 0, 141, 26.486, 26.486, 3, 0.7, 0, 88, 0, 0, 94, 44.723, 0, 0.6, 0, 0, 
23.75, 16.97, 100.33, 73.27, 74.05, , -2.313, 0.986, 1503.065, 1503.065, 2.31, -53.059, -53.059, -53.059, 52.786, 71.271, 35.403, 36.54, 7.377, 12.84, 0, 0, -6.076, -6.166, -6.076, -6.166, 1, 43.56, 43.56, 0.024, 0.132, -13.876, -14.077, -13.876, -14.077, 4.75, 7.377, 12.84, , , 1, 23.785, 0, 0, 13.9, 2.31, 169, 0, 0, 0, 53, 3.991, 3.941, 122, 29.203, 100, 0, 0, 26.39, 26.39, 3, 0.7, 88, 0, 0, 94, 44.604, 0, 0, 0, 0, 0, 13.6, 0, 13.9, 0, 2.31, 169, 0, 0, 0, 53, 1, 0.004, 0.004, 122, 29.203, 100, 0, 0, 141, 26.39, 26.39, 3, 0.7, 0, 88, 0, 0, 94, 44.604, 0, 0.6, 0, 0, 
23.8, 16.973, 100.33, 73.27, 74.05, , -2.33, 0.986, 1506.264, 1506.264, 2.305, -53.448, -53.448, -53.448, 52.818, 68.481, 35.186, 36.287, 7.377, 12.861, 0, 0, -6.104, -6.194, -6.104, -6.194, 1, 43.443, 43.443, 0.024, 0.132, -13.971, -14.173, -13.971, -14.173, 4.707, 7.377, 12.861, , , 1, 23.835, 0, 0, 13.9, 2.305, 169, 0, 0, 0, 53, 4.001, 3.951, 122, 29.274, 100, 0, 0, 26.293, 26.293, 3, 0.7, 88, 0, 0, 94, 44.484, 0, 0, 0, 0, 0, 13.6, 0, 13.9, 0, 2.305, 169, 0, 0, 0, 53, 1, 0.004, 0.004, 122, 29.274, 100, 0, 0, 141, 26.293, 26.293, 3, 0.7, 0, 88, 0, 0, 94, 44.484, 0, 0.6, 0, 0, 
23.85, 16.975, 100.33, 73.27, 74.05, , -2.36, 0.986, 1509.463, 1509.463, 2.3, -54.16, -54.16, -54.16, 52.854, 65.692, 35.151, 36.231, 7.377, 12.905, 0, 0, -6.167, -6.257, -6.167, -6.257, 1, 43.325, 43.325, 0.024, 0.132, -14.147, -14.351, -14.147, -14.351, 4.665, 7.377, 12.905, , , 1, 23.886, 0, 0, 13.9, 2.3, 169, 0, 0, 0, 53, 4.01, 3.96, 122, 29.345, 100, 0, 0, 26.197, 26.197, 3, 0.7, 88, 0, 0, 94, 44.364, 0, 0, 0, 0, 0, 13.6, 0, 13.9, 0, 2.3, 169, 0, 0, 0, 53, 1, 0.004, 0.004, 122, 29.345, 100, 0, 0, 141, 26.197, 26.197, 3, 0.7, 0, 88, 0, 0, 94, 44.364, 0, 0.6, 0, 0, 
23.9, 16.977, 100.33, 73.27, 74.05, , -2.345, 0.986, 1512.661, 1512.661, 2.295, -53.82, -53.82, -53.82, 52.894, 62.902, 35.367, 36.447, 7.377, 12.952, 0, 0, -6.111, -6.2, -6.111, -6.2, 1, 43.207, 43.207, 0.024, 0.132, -14.048, -14.251, -14.048, -14.251, 4.623, 7.377, 12.952, , , 1, 23.935, 0, 0, 13.9, 2.295, 169, 0, 0, 0, 53, 4.02, 3.97, 122, 29.416, 100, 0, 0, 26.1, 26.1, 3, 0.7, 88, 0, 0, 94, 44.244, 0, 0, 0, 0, 0, 13.6, 0, 13.9, 0, 2.295, 169, 0, 0, 0, 53, 1, 0.004, 0.004, 122, 29.416, 100, 0, 0, 141, 26.1, 26.1, 3, 0.7, 0, 88, 0, 0, 94, 44.244, 0, 0.6, 0, 0, 
23.95, 16.98, 100.33, 73.27, 74.05, , -2.312, 0.986, 1515.854, 1515.854, 2.29, -53.035, -53.035, -53.035, 52.937, 60.112, 35.583, 36.663, 7.377, 13.014, 0, 0, -6.005, -6.093, -6.005, -6.093, 1, 43.09, 43.09, 0.024, 0.132, -13.832, -14.033, -13.832, -14.033, 4.598, 7.377, 13.014, , , 1, 23.985, 0, 0, 13.9, 2.29, 169, 0, 0, 0, 53, 4.03, 3.98, 122, 29.487, 100, 0, 0, 26.004, 26.004, 3, 0.7, 88, 0, 0, 94, 44.125, 0, 0, 0, 0, 0, 13.6, 0, 13.9, 0, 2.29, 169, 0, 0, 0, 53, 1, 0.004, 0.004, 122, 29.487, 100, 0, 0, 141, 26.004, 26.004, 3, 0.7, 0, 88, 0, 0, 94, 44.125, 0, 0.6, 0, 0, 
24, 16.982, 100.33, 73.27, 74.05, , -2.345, 0.986, 1519.009, 1519.009, 2.286, -53.82, -53.82, -53.82, 52.976, 57.322, 35.799, 36.879, 7.377, 13.077, 0, 0, -6.078, -6.167, -6.078, -6.167, 1, 42.973, 42.973, 0.024, 0.132, -14.028, -14.23, -14.028, -14.23, 4.601, 7.377, 13.077, , , 1, 24.035, 0, 0, 13.919, 2.286, 169, 0, 0, 0, 53, 4.034, 3.99, 122, 29.561, 100, 0, 0, 25.809, 25.809, 3, 0.7, 88, 0, 0, 94.096, 44.001, 0, 0, 0, 0, 0, 13.6, 0, 13.919, 0, 2.286, 169, 0, 0, 0, 53, 1, 0.004, 0.004, 122, 29.561, 100, 0, 0, 141, 25.809, 25.809, 3, 0.7, 0, 88, 0, 0, 94.096, 44.001, 0, 0.6, 0, 0, 
24.05, 16.984, 100.33, 73.27, 74.05, , -2.347, 0.986, 1522.165, 1522.165, 2.282, -53.877, -53.877, -53.877, 53.01, 54.533, 36.015, 37.095, 7.377, 13.141, 0, 0, -6.068, -6.157, -6.068, -6.157, 1, 42.854, 42.854, 0.024, 0.132, -14.035, -14.236, -14.035, -14.236, 4.603, 7.377, 13.141, , , 1, 24.085, 0, 0, 13.939, 2.282, 169, 0, 0, 0, 53, 4.038, 4, 122, 29.635, 100, 0, 0, 25.61, 25.61, 3, 0.7, 88, 0, 0, 94.196, 43.878, 0, 0, 0, 0, 0, 13.6, 0, 13.939, 0, 2.282, 169, 0, 0, 0, 53, 1, 0.004, 0.004, 122, 29.635, 100, 0, 0, 141, 25.61, 25.61, 3, 0.7, 0, 88, 0, 0, 94.196, 43.878, 0, 0.6, 0, 0, 
24.1, 16.986, 100.33, 73.27, 74.05, , -2.333, 0.986, 1525.32, 1525.32, 2.278, -53.534, -53.534, -53.534, 53.03, 51.743, 36.08, 36.902, 7.377, 13.206, 0, 0, -6.013, -6.1, -6.013, -6.1, 1, 42.736, 42.736, 0.024, 0.132, -13.938, -14.138, -13.938, -14.138, 4.606, 7.377, 13.206, , , 1, 24.135, 0, 0, 13.959, 2.278, 169, 0, 0, 0, 53, 4.042, 4.009, 122, 29.709, 100, 0, 0, 25.41, 25.41, 3, 0.7, 88, 0, 0, 94.296, 43.754, 0, 0, 0, 0, 0, 13.6, 0, 13.959, 0, 2.278, 169, 0, 0, 0, 53, 1, 0.004, 0.004, 122, 29.709, 100, 0, 0, 141, 25.41, 25.41, 3, 0.7, 0, 88, 0, 0, 94.296, 43.754, 0, 0.6, 0, 0, 
24.15, 16.989, 100.33, 73.27, 74.05, , -2.314, 0.986, 1528.475, 1528.475, 2.273, -53.081, -53.081, -53.081, 53.041, 48.953, 35.936, 36.146, 7.377, 13.257, 0, 0, -5.945, -6.031, -5.945, -6.031, 1, 42.619, 42.619, 0.024, 0.132, -13.816, -14.016, -13.816, -14.016, 4.61, 7.377, 13.257, , , 1, 24.185, 0, 0, 13.979, 2.273, 169, 0, 0, 0, 53, 4.046, 4.019, 122, 29.783, 100, 0, 0, 25.211, 25.211, 3, 0.7, 88, 0, 0, 94.396, 43.631, 0, 0, 0, 0, 0, 13.6, 0, 13.979, 0, 2.273, 169, 0, 0, 0, 53, 1, 0.004, 0.004, 122, 29.783, 100, 0, 0, 141, 25.211, 25.211, 3, 0.7, 0, 88, 0, 0, 94.396, 43.631, 0, 0.6, 0, 0, 
24.2, 16.99, 100.33, 73.27, 74.051, , -2.282, 0.986, 1531.601, 1531.601, 2.269, -52.329, -52.329, -52.329, 53.045, 46.163, 35.792, 35.39, 7.377, 13.304, 0, 0, -5.847, -5.931, -5.847, -5.931, 1, 42.502, 42.502, 0.024, 0.132, -13.62, -13.818, -13.62, -13.818, 4.62, 7.377, 13.304, , , 1, 24.235, 0, 0, 13.999, 2.269, 169, 0, 0, 0, 53, 4.05, 4.029, 122, 29.857, 100, 0, 0, 25.012, 25.012, 3, 0.7, 88, 0, 0, 94.496, 43.507, 0, 0, 0, 0, 0, 13.6, 0, 13.999, 0, 2.269, 169, 0, 0, 0, 53, 1, 0.004, 0.004, 122, 29.857, 100, 0, 0, 141, 25.012, 25.012, 3, 0.7, 0, 88, 0, 0, 94.496, 43.507, 0, 0.6, 0, 0, 
24.25, 16.99, 100.33, 73.27, 74.052, , -2.243, 0.986, 1534.723, 1534.723, 2.263, -51.396, -51.396, -51.396, 53.037, 43.374, 35.648, 34.634, 7.377, 13.335, 0, 0, -5.729, -5.811, -5.729, -5.811, 1, 42.389, 42.389, 0.024, 0.132, -13.378, -13.572, -13.378, -13.572, 4.63, 7.377, 13.335, , , 1, 24.285, 0, 0, 14, 2.263, 169.384, 0, 0, 0, 53, 4.059, 4.039, 122, 29.931, 100, 0, 0, 24.906, 24.906, 3, 0.7, 88, 0, 0, 94.5, 43.382, 0, 0, 0, 0, 0, 13.6, 0, 14, 0, 2.263, 169.384, 0, 0, 0, 53, 1, 0.004, 0.004, 122, 29.931, 100, 0, 0, 141, 24.906, 24.906, 3, 0.7, 0, 88, 0, 0, 94.5, 43.382, 0, 0.6, 0, 0, 
24.3, 16.99, 100.33, 73.27, 74.053, , -2.194, 0.986, 1537.878, 1537.878, 2.256, -50.251, -50.251, -50.251, 53.031, 40.584, 35.504, 33.878, 7.378, 13.362, 0, 0, -5.587, -5.666, -5.587, -5.666, 1, 42.277, 42.277, 0.024, 0.133, -13.08, -13.272, -13.08, -13.272, 4.639, 7.378, 13.362, , , 1, 24.335, 0, 0, 14, 2.256, 169.784, 0, 0, 0, 53, 4.069, 4.049, 122, 30.005, 100, 0, 0, 24.805, 24.805, 3, 0.7, 88, 0, 0, 94.5, 43.256, 0, 0, 0, 0, 0, 13.6, 0, 14, 0, 2.256, 169.784, 0, 0, 0, 53, 1, 0.004, 0.004, 122, 30.005, 100, 0, 0, 141, 24.805, 24.805, 3, 0.7, 0, 88, 0, 0, 94.5, 43.256, 0, 0.6, 0, 0, 
24.35, 16.99, 100.33, 73.27, 74.054, , -2.214, 0.986, 1540.974, 1540.974, 2.249, -50.714, -50.714, -50.714, 53.028, 51.492, 35.42, 33.659, 7.378, 13.375, 0, 0, -5.622, -5.702, -5.622, -5.702, 1, 42.167, 42.167, 0.024, 0.133, -13.199, -13.395, -13.199, -13.395, 4.649, 7.378, 13.375, , , 1, 24.385, 0, 0, 14, 2.249, 170.184, 0, 0, 0, 53, 4.08, 4.059, 122, 30.079, 100, 0, 0, 24.705, 24.705, 3, 0.7, 88, 0, 0, 94.5, 43.13, 0, 0, 0, 0, 0, 13.6, 0, 14, 0, 2.249, 170.184, 0, 0, 0, 53, 1, 0.004, 0.004, 122, 30.079, 100, 0, 0, 141, 24.705, 24.705, 3, 0.7, 0, 88, 0, 0, 94.5, 43.13, 0, 0.6, 0, 0, 
24.4, 16.99, 100.33, 73.27, 74.055, , -2.251, 0.986, 1544.055, 1544.055, 2.243, -51.598, -51.598, -51.598, 53.039, 54.383, 35.42, 34.18, 7.379, 13.385, 0, 0, -5.703, -5.785, -5.703, -5.785, 1, 42.054, 42.054, 0.024, 0.133, -13.427, -13.627, -13.427, -13.627, 4.672, 7.379, 13.385, , , 1, 24.435, 0, 0, 14, 2.243, 170.584, 0, 0, 0, 53, 4.09, 4.069, 122, 30.153, 100, 0, 0, 24.604, 24.604, 3, 0.7, 88, 0, 0, 94.5, 43.004, 0, 0, 0, 0, 0, 13.6, 0, 14, 0, 2.243, 170.584, 0, 0, 0, 53, 1, 0.004, 0.004, 122, 30.153, 100, 0, 0, 141, 24.604, 24.604, 3, 0.7, 0, 88, 0, 0, 94.5, 43.004, 0, 0.6, 0, 0, 
24.45, 16.99, 100.33, 73.27, 74.056, , -2.243, 0.986, 1547.168, 1547.168, 2.236, -51.415, -51.415, -51.415, 53.053, 55.179, 35.42, 34.701, 7.379, 13.381, 0, 0, -5.666, -5.748, -5.666, -5.748, 1, 41.941, 41.941, 0.024, 0.133, -13.376, -13.574, -13.376, -13.574, 4.695, 7.379, 13.381, , , 1, 24.484, 0, 0, 14, 2.236, 170.984, 0, 0, 0, 53, 4.1, 4.079, 122, 30.227, 100, 0, 0, 24.504, 24.504, 3, 0.7, 88, 0, 0, 94.5, 42.878, 0, 0, 0, 0, 0, 13.6, 0, 14, 0, 2.236, 170.984, 0, 0, 0, 53, 1, 0.004, 0.004, 122, 30.227, 100, 0, 0, 141, 24.504, 24.504, 3, 0.7, 0, 88, 0, 0, 94.5, 42.878, 0, 0.6, 0, 0, 
24.5, 16.99, 100.33, 73.27, 74.057, , -2.252, 0.986, 1550.252, 1550.252, 2.231, -51.626, -51.626, -51.626, 53.071, 55.976, 35.42, 35.223, 7.38, 13.374, 0, 0, -5.675, -5.757, -5.675, -5.757, 1, 41.829, 41.829, 0.024, 0.133, -13.426, -13.624, -13.426, -13.624, 4.718, 7.38, 13.374, , , 1, 24.534, 0, 0, 14, 2.231, 171, 0, 0, 0, 53, 4.106, 4.09, 122, 30.23, 100, 0, 0, 24.401, 24.401, 3, 0.7, 87.901, 0, 0, 94.5, 42.75, 0, 0, 0, 0, 0, 13.6, 0, 14, 0, 2.231, 171, 0, 0, 0, 53, 1, 0.004, 0.004, 122, 30.23, 100, 0, 0, 141, 24.401, 24.401, 3, 0.7, 0, 87.901, 0, 0, 94.5, 42.75, 0, 0.6, 0, 0, 
24.55, 16.99, 100.33, 73.27, 74.059, , -2.272, 0.986, 1553.324, 1553.324, 2.226, -52.104, -52.104, -52.104, 53.088, 56.772, 35.42, 35.744, 7.38, 13.362, 0, 0, -5.713, -5.796, -5.713, -5.796, 1, 41.716, 41.716, 0.024, 0.133, -13.545, -13.745, -13.545, -13.745, 4.741, 7.38, 13.362, , , 1, 24.584, 0, 0, 14, 2.226, 171, 0, 0, 0, 53, 4.112, 4.1, 122, 30.23, 100, 0, 0, 24.298, 24.298, 3, 0.7, 87.798, 0, 0, 94.5, 42.621, 0, 0, 0, 0, 0, 13.6, 0, 14, 0, 2.226, 171, 0, 0, 0, 53, 1, 0.004, 0.004, 122, 30.23, 100, 0, 0, 141, 24.298, 24.298, 3, 0.7, 0, 87.798, 0, 0, 94.5, 42.621, 0, 0.6, 0, 0, 
24.6, 16.99, 100.33, 73.27, 74.06, , -2.311, 0.986, 1556.397, 1556.397, 2.221, -53.026, -53.026, -53.026, 53.104, 57.569, 35.429, 36.167, 7.379, 13.35, 0, 0, -5.8, -5.885, -5.8, -5.885, 1, 41.601, 41.601, 0.024, 0.133, -13.782, -13.984, -13.782, -13.984, 4.759, 7.379, 13.35, , , 1, 24.634, 0, 0, 14, 2.221, 171, 0, 0, 0, 53, 4.118, 4.11, 122, 30.23, 100, 0, 0, 24.195, 24.195, 3, 0.7, 87.694, 0, 0, 94.5, 42.493, 0, 0, 0, 0, 0, 13.6, 0, 14, 0, 2.221, 171, 0, 0, 0, 53, 1, 0.004, 0.004, 122, 30.23, 100, 0, 0, 141, 24.195, 24.195, 3, 0.7, 0, 87.694, 0, 0, 94.5, 42.493, 0, 0.6, 0, 0, 
24.65, 16.99, 100.33, 73.27, 74.061, , -2.268, 0.986, 1559.469, 1559.469, 2.216, -52.021, -52.021, -52.021, 53.121, 58.365, 35.466, 36.279, 7.379, 13.336, 0, 0, -5.676, -5.758, -5.676, -5.758, 1, 41.484, 41.484, 0.024, 0.132, -13.518, -13.715, -13.518, -13.715, 4.775, 7.379, 13.336, , , 1, 24.685, 0, 0, 14, 2.216, 171, 0, 0, 0, 53, 4.124, 4.121, 122, 30.23, 100, 0, 0, 24.093, 24.093, 3, 0.7, 87.591, 0, 0, 94.5, 42.365, 0, 0, 0, 0, 0, 13.6, 0, 14, 0, 2.216, 171, 0, 0, 0, 53, 1, 0.004, 0.004, 122, 30.23, 100, 0, 0, 141, 24.093, 24.093, 3, 0.7, 0, 87.591, 0, 0, 94.5, 42.365, 0, 0.6, 0, 0, 
24.7, 16.99, 100.33, 73.27, 74.062, , -2.196, 0.986, 1562.536, 1562.536, 2.211, -50.323, -50.323, -50.323, 53.124, 59.162, 35.504, 36.391, 7.378, 13.321, 0, 0, -5.475, -5.552, -5.475, -5.552, 1, 41.372, 41.372, 0.024, 0.132, -13.075, -13.265, -13.075, -13.265, 4.792, 7.378, 13.321, , , 1, 24.735, 0, 0, 14.002, 2.211, 171, 0, 0, 0, 53, 4.13, 4.131, 122.042, 30.251, 100, 0, 0, 24, 24, 3, 0.7, 87.494, 0, 0, 94.488, 42.232, 0, 0, 0, 0, 0, 13.6, 0, 14.002, 0, 2.211, 171, 0, 0, 0, 53, 1, 0.004, 0.004, 122.042, 30.251, 100, 0, 0, 141, 24, 24, 3, 0.7, 0, 87.494, 0, 0, 94.488, 42.232, 0, 0.598, 0, 0, 
24.75, 16.99, 100.33, 73.27, 74.063, , -2.203, 0.986, 1565.568, 1565.568, 2.202, -50.469, -50.469, -50.469, 53.124, 59.958, 35.541, 36.503, 7.378, 13.312, 0, 0, -5.475, -5.551, -5.475, -5.551, 1, 41.261, 41.261, 0.024, 0.132, -13.114, -13.304, -13.114, -13.304, 4.808, 7.378, 13.312, , , 1, 24.785, 0, 0, 14.022, 2.202, 171, 0, 0, 0, 53, 4.134, 4.137, 122.391, 30.429, 100, 0, 0, 24, 24, 3, 0.698, 87.446, 0, 0, 94.391, 42.052, 0, 0, 0, 0, 0, 13.6, 0, 14.022, 0, 2.202, 171, 0, 0, 0, 53, 1, 0.004, 0.004, 122.391, 30.429, 100, 0, 0, 141, 24, 24, 3, 0.698, 0, 87.446, 0, 0, 94.391, 42.052, 0, 0.578, 0, 0, 
24.8, 16.99, 100.33, 73.27, 74.064, , -2.239, 0.986, 1568.601, 1568.601, 2.194, -51.339, -51.339, -51.339, 53.121, 60.754, 35.578, 36.615, 7.377, 13.306, 0, 0, -5.554, -5.63, -5.554, -5.63, 1, 41.15, 41.15, 0.024, 0.132, -13.341, -13.534, -13.341, -13.534, 4.799, 7.377, 13.306, , , 1, 24.834, 0, 0, 14.041, 2.194, 171, 0, 0, 0, 53, 4.138, 4.144, 122.74, 30.606, 100, 0, 0, 24, 24, 3, 0.696, 87.397, 0, 0, 94.295, 41.872, 0, 0, 0, 0, 0, 13.6, 0, 14.041, 0, 2.194, 171, 0, 0, 0, 53, 1, 0.004, 0.004, 122.74, 30.606, 100, 0, 0, 141, 24, 24, 3, 0.696, 0, 87.397, 0, 0, 94.295, 41.872, 0, 0.559, 0, 0, 
24.85, 16.99, 100.33, 73.27, 74.065, , -2.297, 0.986, 1571.635, 1571.635, 2.185, -52.713, -52.713, -52.713, 53.121, 61.551, 35.645, 36.499, 7.377, 13.3, 0, 0, -5.688, -5.765, -5.688, -5.765, 1, 41.036, 41.036, 0.024, 0.132, -13.699, -13.897, -13.699, -13.897, 4.778, 7.377, 13.3, , , 1, 24.885, 0, 0, 14.06, 2.185, 171, 0, 0, 0, 53, 4.142, 4.151, 123.088, 30.783, 100, 0, 0, 24, 24, 3, 0.694, 87.349, 0, 0, 94.198, 41.691, 0, 0, 0, 0, 0, 13.6, 0, 14.06, 0, 2.185, 171, 0, 0, 0, 53, 1, 0.004, 0.004, 123.088, 30.783, 100, 0, 0, 141, 24, 24, 3, 0.694, 0, 87.349, 0, 0, 94.198, 41.691, 0, 0.54, 0, 0, 
24.9, 16.99, 100.33, 73.27, 74.067, , -2.369, 0.986, 1574.667, 1574.667, 2.176, -54.429, -54.429, -54.429, 53.124, 62.347, 35.753, 36.067, 7.377, 13.294, 0, 0, -5.855, -5.934, -5.855, -5.934, 1, 40.919, 40.919, 0.024, 0.132, -14.144, -14.348, -14.144, -14.348, 4.757, 7.377, 13.294, , , 1, 24.935, 0, 0, 14.08, 2.176, 171, 0, 0, 0, 53, 4.146, 4.158, 123.437, 30.961, 100, 0, 0, 24, 24, 3, 0.692, 87.3, 0, 0, 94.101, 41.511, 0, 0, 0, 0, 0, 13.6, 0, 14.08, 0, 2.176, 171, 0, 0, 0, 53, 1, 0.004, 0.004, 123.437, 30.961, 100, 0, 0, 141, 24, 24, 3, 0.692, 0, 87.3, 0, 0, 94.101, 41.511, 0, 0.52, 0, 0, 
24.95, 16.99, 100.33, 73.27, 74.068, , -2.421, 0.986, 1577.68, 1577.68, 2.167, -55.664, -55.664, -55.664, 53.129, 63.144, 35.861, 35.635, 7.377, 13.294, 0, 0, -5.971, -6.052, -5.971, -6.052, 1, 40.799, 40.799, 0.024, 0.132, -14.464, -14.673, -14.464, -14.673, 4.736, 7.377, 13.294, , , 1, 24.985, 0, 0, 14.099, 2.167, 171, 0, 0, 0, 53, 4.15, 4.165, 123.786, 31.138, 100, 0, 0, 24, 24, 3, 0.69, 87.252, 0, 0, 94.004, 41.331, 0, 0, 0, 0, 0, 13.6, 0, 14.099, 0, 2.167, 171, 0, 0, 0, 53, 1, 0.004, 0.004, 123.786, 31.138, 100, 0, 0, 141, 24, 24, 3, 0.69, 0, 87.252, 0, 0, 94.004, 41.331, 0, 0.501, 0, 0, 
25, 16.99, 100.33, 73.27, 74.069, , -2.454, 0.986, 1580.673, 1580.673, 2.164, -56.456, -56.456, -56.456, 53.129, 63.94, 35.969, 35.203, 7.377, 13.298, 0, 0, -6.04, -6.122, -6.04, -6.122, 1, 40.677, 40.677, 0.024, 0.132, -14.669, -14.882, -14.669, -14.882, 4.715, 7.377, 13.298, , , 1, 25.035, 0, 0, 14.1, 2.164, 171, 0, 0, 0, 53, 4.164, 4.17, 123.8, 31.182, 100, 0, 0, 24, 24, 3, 0.688, 87.2, 0, 0, 94, 41.259, 0, 0, 0, 0, 0, 13.6, 0, 14.1, 0, 2.164, 171, 0, 0, 0, 53, 1, 0.004, 0.004, 123.8, 31.182, 100, 0, 0, 141, 24, 24, 3, 0.688, 0, 87.2, 0, 0, 94, 41.259, 0, 0.5, 0, 0, 
25.05, 16.99, 100.33, 73.27, 74.07, , -2.468, 0.986, 1583.667, 1583.667, 2.161, -56.774, -56.774, -56.774, 53.126, 64.736, 36.077, 34.771, 7.377, 13.303, 0, 0, -6.055, -6.139, -6.055, -6.139, 1, 40.555, 40.555, 0.024, 0.132, -14.753, -14.967, -14.753, -14.967, 4.693, 7.377, 13.303, , , 1, 25.085, 0, 0, 14.1, 2.161, 171, 0, 0, 0, 53, 4.178, 4.175, 123.8, 31.221, 100, 0, 0, 24, 24, 3, 0.686, 87.148, 0, 0, 94, 41.195, 0, 0, 0, 0, 0, 13.6, 0, 14.1, 0, 2.161, 171, 0, 0, 0, 53, 1, 0.004, 0.004, 123.8, 31.221, 100, 0, 0, 141, 24, 24, 3, 0.686, 0, 87.148, 0, 0, 94, 41.195, 0, 0.5, 0, 0, 
25.1, 16.99, 100.33, 73.27, 74.071, , -2.465, 0.986, 1586.66, 1586.66, 2.158, -56.718, -56.718, -56.718, 53.118, 65.533, 36.095, 34.535, 7.377, 13.311, 0, 0, -6.03, -6.115, -6.03, -6.115, 1, 40.43, 40.43, 0.024, 0.132, -14.74, -14.955, -14.74, -14.955, 4.672, 7.377, 13.311, , , 1, 25.135, 0, 0, 14.1, 2.158, 171, 0, 0, 0, 53, 4.193, 4.18, 123.8, 31.259, 100, 0, 0, 24, 24, 3, 0.684, 87.096, 0, 0, 94, 41.13, 0, 0, 0, 0, 0, 13.6, 0, 14.1, 0, 2.158, 171, 0, 0, 0, 53, 1, 0.004, 0.004, 123.8, 31.259, 100, 0, 0, 141, 24, 24, 3, 0.684, 0, 87.096, 0, 0, 94, 41.13, 0, 0.5, 0, 0, 
25.15, 16.99, 100.33, 73.27, 74.072, , -2.441, 0.986, 1589.654, 1589.654, 2.155, -56.131, -56.131, -56.131, 53.102, 66.329, 35.987, 34.571, 7.377, 13.323, 0, 0, -5.95, -6.035, -5.95, -6.035, 1, 40.306, 40.306, 0.024, 0.132, -14.591, -14.804, -14.591, -14.804, 4.651, 7.377, 13.323, , , 1, 25.185, 0, 0, 14.1, 2.155, 171, 0, 0, 0, 53, 4.208, 4.186, 123.8, 31.298, 100, 0, 0, 24, 24, 3, 0.682, 87.044, 0, 0, 94, 41.066, 0, 0, 0, 0, 0, 13.6, 0, 14.1, 0, 2.155, 171, 0, 0, 0, 53, 1, 0.004, 0.004, 123.8, 31.298, 100, 0, 0, 141, 24, 24, 3, 0.682, 0, 87.044, 0, 0, 94, 41.066, 0, 0.5, 0, 0, 
25.2, 16.99, 100.33, 73.27, 74.073, , -2.427, 0.986, 1592.616, 1592.616, 2.151, -55.813, -55.813, -55.813, 53.081, 67.126, 35.879, 34.607, 7.377, 13.338, 0, 0, -5.896, -5.981, -5.896, -5.981, 1, 40.183, 40.183, 0.024, 0.132, -14.514, -14.727, -14.514, -14.727, 4.638, 7.377, 13.338, , , 1, 25.235, 0, 0, 14.097, 2.151, 171, 0, 0, 0, 53, 4.224, 4.191, 123.8, 31.354, 100, 0, 0, 24, 24, 3, 0.681, 87, 0, 0, 94, 40.993, 0, 0, 0, 0, 0, 13.6, 0, 14.097, 0, 2.151, 171, 0, 0, 0, 53, 1, 0.004, 0.004, 123.8, 31.354, 100, 0, 0, 141, 24, 24, 3, 0.681, 0, 87, 0, 0, 94, 40.993, 0, 0.5, 0, 0, 
25.25, 16.99, 100.33, 73.27, 74.075, , -2.43, 0.986, 1595.571, 1595.571, 2.143, -55.882, -55.882, -55.882, 53.054, 67.922, 35.771, 34.643, 7.377, 13.352, 0, 0, -5.883, -5.968, -5.883, -5.968, 1, 40.061, 40.061, 0.024, 0.132, -14.539, -14.752, -14.539, -14.752, 4.637, 7.377, 13.352, , , 1, 25.285, 0, 0, 14.077, 2.143, 171, 0, 0, 0, 53, 4.25, 4.197, 123.8, 31.502, 100, 0, 0, 24, 24, 3, 0.685, 87, 0, 0, 94, 40.869, 0, 0, 0, 0, 0, 13.6, 0, 14.077, 0, 2.143, 171, 0, 0, 0, 53, 1, 0.004, 0.004, 123.8, 31.502, 100, 0, 0, 141, 24, 24, 3, 0.685, 0, 87, 0, 0, 94, 40.869, 0, 0.5, 0, 0, 
25.3, 16.99, 100.33, 73.27, 74.076, , -2.473, 0.986, 1598.527, 1598.527, 2.136, -56.911, -56.911, -56.911, 53.034, 68.718, 35.663, 34.679, 7.377, 13.365, 0, 0, -5.972, -6.059, -5.972, -6.059, 1, 39.968, 39.968, 0.024, 0.132, -14.812, -15.031, -14.812, -15.031, 4.636, 7.377, 13.365, , , 1, 25.335, 0, 0, 14.057, 2.136, 171, 0, 0, 0, 53, 4.276, 4.203, 123.8, 31.65, 100, 0, 0, 24, 24, 3, 0.689, 87, 0, 0, 94, 40.745, 0, 0, 0, 0, 0, 13.6, 0, 14.057, 0, 2.136, 171, 0, 0, 0, 53, 1, 0.004, 0.004, 123.8, 31.65, 100, 0, 0, 141, 24, 24, 3, 0.689, 0, 87, 0, 0, 94, 40.745, 0, 0.5, 0, 0, 
25.35, 16.99, 100.33, 73.27, 74.077, , -2.483, 0.986, 1600.478, 1600.478, 2.128, -57.154, -57.154, -57.154, 53.021, 69.515, 35.6, 34.73, 7.377, 13.381, 0, 0, -5.984, -6.071, -5.984, -6.071, 1, 39.906, 39.906, 0.024, 0.132, -14.88, -15.1, -14.88, -15.1, 4.635, 7.377, 13.381, , , 1, 25.385, 0, 0, 14.037, 2.128, 171, 0, 0, 0, 53, 4.302, 4.209, 123.8, 31.798, 100, 0, 0, 24, 24, 3, 0.693, 87, 0, 0, 94, 40.621, 0, 0, 0, 0, 0, 13.6, 0, 14.037, 0, 2.128, 171, 0, 0, 0, 53, 1, 0.004, 0.004, 123.8, 31.798, 100, 0, 0, 141, 24, 24, 3, 0.693, 0, 87, 0, 0, 94, 40.621, 0, 0.5, 0, 0, 
25.4, 16.99, 100.33, 73.27, 74.078, , -2.481, 0.986, 1602.099, 1602.099, 2.12, -57.1, -57.1, -57.1, 53.005, 70.311, 35.6, 34.802, 7.377, 13.4, 0, 0, -5.968, -6.055, -5.968, -6.055, 1, 39.787, 39.787, 0.024, 0.132, -14.869, -15.09, -14.869, -15.09, 4.634, 7.377, 13.4, , , 1, 25.435, 0, 0, 14.017, 2.12, 171, 0, 0, 0, 53, 4.328, 4.215, 123.8, 31.946, 100, 0, 0, 24, 24, 3, 0.697, 87, 0, 0, 94, 40.497, 0, 0, 0, 0, 0, 13.6, 0, 14.017, 0, 2.12, 171, 0, 0, 0, 53, 1, 0.004, 0.004, 123.8, 31.946, 100, 0, 0, 141, 24, 24, 3, 0.697, 0, 87, 0, 0, 94, 40.497, 0, 0.5, 0, 0, 
25.45, 16.99, 100.33, 73.27, 74.079, , -2.506, 0.986, 1605.018, 1605.018, 2.113, -57.702, -57.702, -57.702, 52.991, 71.108, 35.6, 34.874, 7.377, 13.422, 0, 0, -6.014, -6.1, -6.014, -6.1, 1, 39.662, 39.662, 0.024, 0.132, -15.03, -15.252, -15.03, -15.252, 4.635, 7.377, 13.422, , , 1, 25.485, 0, 0, 14, 2.113, 171, 0, 0, 0, 53, 4.349, 4.223, 123.8, 32.082, 100, 0, 0, 23.986, 23.986, 3, 0.7, 86.984, 0, 0, 94, 40.373, 0, 0, 0, 0, 0, 13.6, 0, 14, 0, 2.113, 171, 0, 0, 0, 53, 1, 0.004, 0.004, 123.8, 32.082, 100, 0, 0, 141, 23.986, 23.986, 3, 0.7, 0, 86.984, 0, 0, 94, 40.373, 0, 0.5, 0, 0, 
25.5, 16.99, 100.33, 73.27, 74.08, , -2.511, 0.986, 1607.937, 1607.937, 2.106, -57.824, -57.824, -57.824, 52.982, 71.904, 35.6, 34.946, 7.377, 13.445, 0, 0, -6.009, -6.095, -6.009, -6.095, 1, 39.535, 39.535, 0.024, 0.132, -15.064, -15.286, -15.064, -15.286, 4.637, 7.377, 13.445, , , 1, 25.536, 0, 0, 14, 2.106, 171, 0, 0, 0, 53, 4.343, 4.243, 123.8, 32.156, 100, 0, 0, 23.886, 23.886, 3, 0.7, 86.884, 0, 0, 94, 40.249, 0, 0, 0, 0, 0, 13.6, 0, 14, 0, 2.106, 171, 0, 0, 0, 53, 1, 0.004, 0.004, 123.8, 32.156, 100, 0, 0, 141, 23.886, 23.886, 3, 0.7, 0, 86.884, 0, 0, 94, 40.249, 0, 0.5, 0, 0, 
25.55, 16.99, 100.33, 73.27, 74.08, , -2.496, 0.986, 1610.856, 1610.856, 2.099, -57.466, -57.466, -57.466, 52.983, 72.7, 35.6, 35.018, 7.377, 13.47, 0, 0, -5.952, -6.039, -5.952, -6.039, 1, 39.409, 39.409, 0.024, 0.132, -14.972, -15.193, -14.972, -15.193, 4.638, 7.377, 13.47, , , 1, 25.586, 0, 0, 14, 2.099, 171, 0, 0, 0, 53, 4.337, 4.263, 123.8, 32.23, 100, 0, 0, 23.786, 23.786, 3, 0.7, 86.784, 0, 0, 94, 40.125, 0, 0, 0, 0, 0, 13.6, 0, 14, 0, 2.099, 171, 0, 0, 0, 53, 1, 0.004, 0.004, 123.8, 32.23, 100, 0, 0, 141, 23.786, 23.786, 3, 0.7, 0, 86.784, 0, 0, 94, 40.125, 0, 0.5, 0, 0, 
25.6, 16.99, 100.33, 73.27, 74.08, , -2.472, 0.986, 1613.742, 1613.742, 2.092, -56.9, -56.9, -56.9, 52.988, 73.497, 35.645, 35.391, 7.377, 13.497, 0, 0, -5.876, -5.961, -5.876, -5.961, 1, 39.283, 39.283, 0.024, 0.132, -14.823, -15.039, -14.823, -15.039, 4.638, 7.377, 13.497, , , 1, 25.635, 0, 0, 14, 2.092, 171, 0, 0, 0, 53, 4.331, 4.283, 123.8, 32.304, 100, 0, 0, 23.686, 23.686, 3, 0.7, 86.684, 0, 0, 94, 40.001, 0, 0, 0, 0, 0, 13.6, 0, 14, 0, 2.092, 171, 0, 0, 0, 53, 1, 0.004, 0.004, 123.8, 32.304, 100, 0, 0, 141, 23.686, 23.686, 3, 0.7, 0, 86.684, 0, 0, 94, 40.001, 0, 0.5, 0, 0, 
25.65, 16.99, 100.33, 73.27, 74.08, , -2.483, 0.986, 1616.624, 1616.624, 2.085, -57.17, -57.17, -57.17, 53.007, 74.293, 35.753, 36.18, 7.377, 13.52, 0, 0, -5.885, -5.97, -5.885, -5.97, 1, 39.16, 39.16, 0.024, 0.132, -14.888, -15.104, -14.888, -15.104, 4.625, 7.377, 13.52, , , 1, 25.686, 0, 0, 14, 2.085, 171, 0, 0, 0, 53, 4.325, 4.303, 123.8, 32.378, 100, 0, 0, 23.586, 23.586, 3, 0.7, 86.584, 0, 0, 94, 39.877, 0, 0, 0, 0, 0, 13.6, 0, 14, 0, 2.085, 171, 0, 0, 0, 53, 1, 0.004, 0.004, 123.8, 32.378, 100, 0, 0, 141, 23.586, 23.586, 3, 0.7, 0, 86.584, 0, 0, 94, 39.877, 0, 0.5, 0, 0, 
25.7, 16.99, 100.33, 73.27, 74.08, , -2.588, 0.986, 1619.507, 1619.507, 2.078, -59.648, -59.648, -59.648, 53.038, 75.09, 35.86, 36.969, 7.377, 13.538, 0, 0, -6.118, -6.206, -6.118, -6.206, 1, 39.033, 39.033, 0.024, 0.132, -15.524, -15.748, -15.524, -15.748, 4.612, 7.377, 13.538, , , 1, 25.735, 0, 0.003, 14, 2.078, 171, 0, 0, 0, 52.972, 4.311, 4.296, 123.8, 32.452, 100, 0, 0, 23.472, 23.472, 3, 0.699, 86.421, 0, 0, 93.889, 39.753, 0, 0, 0, 0, 0, 13.6, 0.003, 14, 0, 2.078, 171, 0, 0, 0, 52.968, 1, 0.004, 0.004, 123.8, 32.452, 100, 0, 0, 141, 23.472, 23.472, 3, 0.699, 0, 86.421, 0, 0, 93.889, 39.753, 0, 0.5, 0, 0, 
25.75, 16.99, 100.33, 73.27, 74.08, , -2.674, 0.986, 1622.366, 1622.366, 2.073, -61.688, -61.688, -61.688, 53.086, 75.886, 35.968, 37.758, 7.377, 13.552, 0, 0, -6.304, -6.395, -6.304, -6.395, 1, 38.901, 38.901, 0.024, 0.132, -16.042, -16.273, -16.042, -16.273, 4.599, 7.377, 13.552, , , 1, 25.786, 0, 0.023, 14, 2.073, 171, 0, 0, 0, 52.774, 4.243, 4.125, 123.8, 32.525, 100, 0, 0, 23.274, 23.274, 3, 0.691, 85.927, 0, 0, 93.198, 39.63, 0, 0, 0, 0, 0, 13.6, 0.023, 14, 0, 2.073, 171, 0, 0, 0, 52.771, 1, 0.004, 0.004, 123.8, 32.525, 100, 0, 0, 141, 23.274, 23.274, 3, 0.691, 0, 85.927, 0, 0, 93.198, 39.63, 0, 0.5, 0, 0, 
25.8, 16.99, 100.33, 73.27, 74.08, , -2.751, 0.986, 1625.214, 1625.214, 2.068, -63.53, -63.53, -63.53, 53.129, 76.682, 36.075, 38.547, 7.378, 13.561, 0, 0, -6.469, -6.563, -6.469, -6.563, 1, 38.766, 38.766, 0.024, 0.132, -16.506, -16.743, -16.506, -16.743, 4.586, 7.378, 13.561, , , 1, 25.835, 0, 0.043, 14, 2.068, 171, 0, 0, 0, 52.575, 4.176, 3.955, 123.8, 32.599, 100, 0, 0, 23.075, 23.075, 3, 0.683, 85.433, 0, 0, 92.506, 39.507, 0, 0, 0, 0, 0, 13.6, 0.043, 14, 0, 2.068, 171, 0, 0, 0, 52.573, 1, 0.004, 0.004, 123.8, 32.599, 100, 0, 0, 141, 23.075, 23.075, 3, 0.683, 0, 85.433, 0, 0, 92.506, 39.507, 0, 0.5, 0, 0, 
25.85, 16.99, 100.33, 73.27, 74.08, , -2.886, 0.986, 1628.098, 1628.098, 2.063, -66.719, -66.719, -66.719, 53.17, 77.479, 36.068, 38.861, 7.378, 13.573, 0, 0, -6.768, -6.868, -6.768, -6.868, 1, 38.627, 38.627, 0.024, 0.132, -17.323, -17.573, -17.323, -17.573, 4.583, 7.378, 13.573, , , 1, 25.885, 0, 0.062, 14, 2.063, 171, 0, 0, 0, 52.377, 4.108, 3.784, 123.8, 32.672, 100, 0, 0, 22.877, 22.877, 3, 0.675, 84.939, 0, 0, 91.814, 39.384, 0, 0, 0, 0, 0, 13.6, 0.062, 14, 0, 2.063, 171, 0, 0, 0, 52.375, 1, 0.004, 0.003, 123.8, 32.672, 100, 0, 0, 141, 22.877, 22.877, 3, 0.675, 0, 84.939, 0, 0, 91.814, 39.384, 0, 0.5, 0, 0, 
25.9, 16.99, 100.33, 73.27, 74.08, , -3.026, 0.986, 1630.953, 1630.953, 2.058, -70.053, -70.053, -70.053, 53.202, 78.275, 35.887, 38.463, 7.379, 13.588, 0, 0, -7.078, -7.184, -7.078, -7.184, 1, 38.479, 38.479, 0.024, 0.132, -18.178, -18.439, -18.178, -18.439, 4.579, 7.379, 13.588, , , 1, 25.935, 0, 0.082, 14, 2.058, 171, 0, 0, 0, 52.179, 4.041, 3.614, 123.8, 32.745, 100, 0, 0, 22.679, 22.679, 3, 0.667, 84.445, 0, 0, 91.123, 39.261, 0, 0, 0, 0, 0, 13.6, 0.082, 14, 0, 2.058, 171, 0, 0, 0, 52.178, 1, 0.004, 0.003, 123.8, 32.745, 100, 0, 0, 141, 22.679, 22.679, 3, 0.667, 0, 84.445, 0, 0, 91.123, 39.261, 0, 0.5, 0, 0, 
25.95, 16.99, 100.33, 73.27, 74.08, , -3.176, 0.986, 1633.766, 1633.766, 2.053, -73.622, -73.622, -73.622, 53.233, 79.072, 35.706, 38.066, 7.379, 13.612, 0, 0, -7.408, -7.519, -7.408, -7.519, 1, 38.321, 38.321, 0.024, 0.132, -19.092, -19.366, -19.092, -19.366, 4.575, 7.379, 13.612, , , 1, 25.985, 0, 0.098, 14, 2.053, 171, 0, 0, 0, 51.96, 3.975, 3.464, 123.8, 32.774, 100, 0, 0, 22.45, 22.45, 2.976, 0.66, 83.94, 0, 0, 90.44, 39.138, 0, 0, 0, 0, 0, 13.6, 0.098, 14, 0, 2.053, 171, 0, 0, 0, 51.96, 1, 0.004, 0.003, 123.8, 32.774, 100, 0, 0, 141, 22.45, 22.45, 2.976, 0.66, 0, 83.94, 0, 0, 90.44, 39.138, 0, 0.5, 0, 0, 
26, 16.99, 100.33, 73.27, 74.08, , -3.326, 0.986, 1636.579, 1636.579, 2.045, -77.171, -77.171, -77.171, 53.261, 79.868, 35.526, 37.668, 7.38, 13.648, 0, 0, -7.731, -7.847, -7.731, -7.847, 1, 38.157, 38.157, 0.024, 0.132, -20, -20.287, -20, -20.287, 4.572, 7.38, 13.648, , , 1, 26.035, 0, 0.082, 14, 2.045, 171, 0, 0, 0, 51.56, 3.925, 3.502, 123.8, 32.478, 100, 0, 0, 21.95, 21.95, 2.776, 0.656, 83.34, 0, 0, 89.84, 39.014, 0, 0, 0, 0, 0, 13.6, 0.082, 14, 0, 2.045, 171, 0, 0, 0, 51.56, 1, 0.004, 0.003, 123.8, 32.478, 100, 0, 0, 141, 21.95, 21.95, 2.776, 0.656, 0, 83.34, 0, 0, 89.84, 39.014, 0, 0.5, 0, 0, 
26.05, 16.99, 100.33, 73.27, 74.08, , -3.466, 0.986, 1639.392, 1639.392, 2.037, -80.492, -80.492, -80.492, 53.294, 80.665, 35.345, 37.271, 7.38, 13.7, 0, 0, -8.03, -8.15, -8.03, -8.15, 1, 37.983, 37.983, 0.024, 0.132, -20.848, -21.149, -20.848, -21.149, 4.569, 7.38, 13.7, , , 1, 26.085, 0, 0.066, 14, 2.037, 171, 0, 0, 0, 51.16, 3.875, 3.54, 123.8, 32.182, 100, 0, 0, 21.45, 21.45, 2.576, 0.652, 82.74, 0, 0, 89.24, 38.89, 0, 0, 0, 0, 0, 13.6, 0.066, 14, 0, 2.037, 171, 0, 0, 0, 51.16, 1, 0.004, 0.003, 123.8, 32.182, 100, 0, 0, 141, 21.45, 21.45, 2.576, 0.652, 0, 82.74, 0, 0, 89.24, 38.89, 0, 0.5, 0, 0, 
26.1, 16.99, 100.33, 73.27, 74.08, , -3.498, 0.986, 1642.205, 1642.205, 2.03, -81.266, -81.266, -81.266, 53.328, 81.461, 35.285, 36.889, 7.379, 13.774, 0, 0, -8.074, -8.194, -8.074, -8.194, 1, 37.807, 37.807, 0.024, 0.132, -21.037, -21.339, -21.037, -21.339, 4.567, 7.379, 13.774, , , 1, 26.135, 0, 0.05, 14, 2.03, 171, 0, 0, 0, 50.76, 3.825, 3.578, 123.8, 31.886, 100, 0, 0, 20.95, 20.95, 2.376, 0.648, 82.14, 0, 0, 88.64, 38.766, 0, 0, 0, 0, 0, 13.6, 0.05, 14, 0, 2.03, 171, 0, 0, 0, 50.76, 1, 0.004, 0.004, 123.8, 31.886, 100, 0, 0, 141, 20.95, 20.95, 2.376, 0.648, 0, 82.14, 0, 0, 88.64, 38.766, 0, 0.5, 0, 0, 
26.15, 16.99, 100.33, 73.27, 74.08, , -3.439, 0.986, 1644.99, 1644.99, 2.022, -79.87, -79.87, -79.87, 53.36, 82.257, 35.393, 36.529, 7.379, 13.856, 0, 0, -7.904, -8.02, -7.904, -8.02, 1, 37.626, 37.626, 0.024, 0.132, -20.666, -20.963, -20.666, -20.963, 4.565, 7.379, 13.856, , , 1, 26.185, 0, 0.034, 14, 2.022, 171, 0, 0, 0, 50.36, 3.775, 3.616, 123.8, 31.59, 100, 0, 0, 20.45, 20.45, 2.176, 0.644, 81.54, 0, 0, 88.04, 38.642, 0, 0, 0, 0, 0, 13.6, 0.034, 14, 0, 2.022, 171, 0, 0, 0, 50.36, 1, 0.004, 0.004, 123.8, 31.59, 100, 0, 0, 141, 20.45, 20.45, 2.176, 0.644, 0, 81.54, 0, 0, 88.04, 38.642, 0, 0.5, 0, 0, 
26.2, 16.99, 100.33, 73.27, 74.08, , -3.243, 0.986, 1647.738, 1647.738, 2.014, -75.222, -75.222, -75.222, 53.373, 83.054, 35.501, 36.169, 7.378, 13.949, 0, 0, -7.414, -7.52, -7.414, -7.52, 1, 37.458, 37.458, 0.024, 0.132, -19.456, -19.737, -19.456, -19.737, 4.563, 7.378, 13.949, , , 1, 26.235, 0, 0.02, 14, 2.014, 171, 0, 0, 0, 50, 3.734, 3.653, 123.8, 31.33, 100, 0, 0, 20.01, 20.01, 2, 0.64, 81.019, 0, 0, 87.519, 38.506, 0, 0, 0, 0, 0, 13.6, 0.02, 14, 0, 2.014, 171, 0, 0, 0, 50, 1, 0.004, 0.004, 123.8, 31.33, 100, 0, 0, 141, 20.01, 20.01, 2, 0.64, 0, 81.019, 0, 0, 87.519, 38.506, 0, 0.5, 0, 0, 
26.25, 16.99, 100.33, 73.27, 74.08, , -3.126, 0.986, 1650.509, 1650.509, 2.005, -72.455, -72.455, -72.455, 53.373, 83.85, 35.609, 35.809, 7.378, 14.038, 0, 0, -7.11, -7.211, -7.11, -7.211, 1, 37.299, 37.299, 0.024, 0.132, -18.741, -19.012, -18.741, -19.012, 4.563, 7.378, 14.038, , , 1, 26.285, 0, 0.016, 14, 2.005, 171, 0, 0, 0, 50, 3.775, 3.682, 123.8, 31.33, 100, 0, 0, 20.107, 20.107, 2, 0.64, 81.214, 0, 0, 87.714, 38.264, 0, 0, 0, 0, 0, 13.6, 0.016, 14, 0, 2.005, 171, 0, 0, 0, 50, 1, 0.004, 0.004, 123.8, 31.33, 100, 0, 0, 141, 20.107, 20.107, 2, 0.64, 0, 81.214, 0, 0, 87.714, 38.264, 0, 0.5, 0, 0, 
26.3, 16.99, 100.33, 73.27, 74.08, , -3.043, 0.986, 1653.286, 1653.286, 1.997, -70.467, -70.467, -70.467, 53.356, 84.647, 35.717, 35.449, 7.377, 14.119, 0, 0, -6.883, -6.98, -6.883, -6.98, 1, 37.145, 37.145, 0.024, 0.132, -18.232, -18.495, -18.232, -18.495, 4.564, 7.377, 14.119, , , 1, 26.335, 0, 0.012, 14, 1.997, 171, 0, 0, 0, 50, 3.816, 3.711, 123.8, 31.33, 100, 0, 0, 20.204, 20.204, 2, 0.64, 81.409, 0, 0, 87.909, 38.021, 0, 0, 0, 0, 0, 13.6, 0.012, 14, 0, 1.997, 171, 0, 0, 0, 50, 1, 0.004, 0.004, 123.8, 31.33, 100, 0, 0, 141, 20.204, 20.204, 2, 0.64, 0, 81.409, 0, 0, 87.909, 38.021, 0, 0.5, 0, 0, 
26.35, 16.99, 100.33, 73.27, 74.08, , -3.056, 0.986, 1656.001, 1656.001, 1.988, -70.794, -70.794, -70.794, 53.334, 84.247, 35.75, 35.225, 7.377, 14.187, 0, 0, -6.883, -6.98, -6.883, -6.98, 1, 36.992, 36.992, 0.024, 0.132, -18.326, -18.591, -18.326, -18.591, 4.566, 7.377, 14.187, , , 1, 26.385, 0, 0.008, 14, 1.988, 171, 0, 0, 0, 50, 3.857, 3.74, 123.8, 31.33, 100, 0, 0, 20.302, 20.302, 2, 0.64, 81.603, 0, 0, 88.103, 37.779, 0, 0, 0, 0, 0, 13.6, 0.008, 14, 0, 1.988, 171, 0, 0, 0, 50, 1, 0.004, 0.004, 123.8, 31.33, 100, 0, 0, 141, 20.302, 20.302, 2, 0.64, 0, 81.603, 0, 0, 88.103, 37.779, 0, 0.5, 0, 0, 
26.4, 16.99, 100.33, 73.27, 74.08, , -3.087, 0.986, 1658.715, 1658.715, 1.98, -71.52, -71.52, -71.52, 53.301, 80.771, 35.678, 35.189, 7.378, 14.228, 0, 0, -6.923, -7.021, -6.923, -7.021, 1, 36.839, 36.839, 0.024, 0.132, -18.524, -18.792, -18.524, -18.792, 4.568, 7.378, 14.228, , , 1, 26.436, 0, 0.004, 14, 1.98, 171, 0, 0, 0, 50, 3.898, 3.769, 123.8, 31.33, 100, 0, 0, 20.399, 20.399, 2, 0.64, 81.798, 0, 0, 88.298, 37.537, 0, 0, 0, 0, 0, 13.6, 0.004, 14, 0, 1.98, 171, 0, 0, 0, 50, 1, 0.004, 0.004, 123.8, 31.33, 100, 0, 0, 141, 20.399, 20.399, 2, 0.64, 0, 81.798, 0, 0, 88.298, 37.537, 0, 0.5, 0, 0, 
26.45, 16.99, 100.33, 73.27, 74.08, , -3.153, 0.986, 1661.43, 1661.43, 1.971, -73.091, -73.091, -73.091, 53.266, 77.294, 35.606, 35.153, 7.378, 14.257, 0, 0, -7.047, -7.149, -7.047, -7.149, 1, 36.683, 36.683, 0.024, 0.132, -18.943, -19.217, -18.943, -19.217, 4.569, 7.378, 14.257, , , 1, 26.485, 0, 0, 14, 1.971, 171, 0, 0, 0, 50, 3.938, 3.798, 123.8, 31.33, 100, 0, 0, 20.496, 20.496, 2, 0.64, 81.992, 0, 0, 88.492, 37.295, 0, 0, 0, 0, 0, 13.6, 0, 14, 0, 1.971, 171, 0, 0, 0, 50, 1, 0.004, 0.004, 123.8, 31.33, 100, 0, 0, 141, 20.496, 20.496, 2, 0.64, 0, 81.992, 0, 0, 88.492, 37.295, 0, 0.5, 0, 0, 
26.5, 16.99, 100.33, 73.27, 74.08, , -3.195, 0.986, 1664.127, 1664.127, 1.961, -74.087, -74.087, -74.087, 53.227, 73.818, 35.534, 35.117, 7.379, 14.257, 0, 0, -7.113, -7.216, -7.113, -7.216, 1, 36.522, 36.522, 0.024, 0.132, -19.213, -19.491, -19.213, -19.491, 4.57, 7.379, 14.257, , , 1, 26.536, 0, 0, 14, 1.961, 171, 0, 0, 0, 50, 3.96, 3.838, 123.8, 31.398, 100, 0, 0, 20.5, 20.5, 2, 0.64, 82.185, 0, 0, 88.685, 37.112, 0, 0, 0, 0, 0, 13.6, 0, 14, 0, 1.961, 171, 0, 0, 0, 50, 1, 0.004, 0.004, 123.8, 31.398, 100, 0, 0, 141, 20.5, 20.5, 2, 0.64, 0, 82.185, 0, 0, 88.685, 37.167, 0, 0.5, 0, 0, 
26.55, 16.99, 100.33, 73.27, 74.08, , -3.22, 0.986, 1666.812, 1666.812, 1.951, -74.698, -74.698, -74.698, 53.195, 70.342, 35.462, 35.081, 7.379, 14.251, 0, 0, -7.14, -7.243, -7.14, -7.243, 1, 36.36, 36.36, 0.024, 0.132, -19.386, -19.666, -19.386, -19.666, 4.572, 7.379, 14.251, , , 1, 26.585, 0, 0, 14, 1.951, 171, 0, 0, 0, 50, 3.981, 3.879, 123.8, 31.469, 100, 0, 0, 20.5, 20.5, 2, 0.64, 82.377, 0, 0, 88.877, 36.933, 0, 0, 0, 0, 0, 13.6, 0, 14, 0, 1.951, 171, 0, 0, 0, 50, 1, 0.004, 0.004, 123.8, 31.469, 100, 0, 0, 141, 20.5, 20.5, 2, 0.64, 0, 82.377, 0, 0, 88.877, 37.048, 0, 0.5, 0, 0, 
26.6, 16.99, 100.33, 73.27, 74.08, , -3.29, 0.986, 1669.495, 1669.495, 1.941, -76.352, -76.352, -76.352, 53.167, 66.866, 35.39, 35, 7.38, 14.232, 0, 0, -7.262, -7.365, -7.262, -7.365, 1, 36.197, 36.197, 0.024, 0.132, -19.822, -20.108, -19.822, -20.108, 4.573, 7.38, 14.232, , , 1, 26.635, 0, 0, 14, 1.941, 171, 0, 0, 0, 50, 4.003, 3.919, 123.8, 31.541, 100, 0, 0, 20.5, 20.5, 2, 0.64, 82.569, 0, 0, 89.069, 36.754, 0, 0, 0, 0, 0, 13.6, 0, 14, 0, 1.941, 171, 0, 0, 0, 50, 1, 0.004, 0.004, 123.8, 31.541, 100, 0, 0, 141, 20.5, 20.5, 2, 0.64, 0, 82.569, 0, 0, 89.069, 36.928, 0, 0.5, 0, 0, 
26.65, 16.99, 100.33, 73.27, 74.08, , -3.354, 0.986, 1672.175, 1672.175, 1.931, -77.871, -77.871, -77.871, 53.165, 63.39, 35.318, 34.856, 7.38, 14.207, 0, 0, -7.372, -7.475, -7.372, -7.475, 1, 36.028, 36.028, 0.024, 0.132, -20.221, -20.514, -20.221, -20.514, 4.572, 7.38, 14.207, , , 1, 26.685, 0, 0, 14, 1.931, 171, 0, 0, 0, 50, 4.024, 3.96, 123.8, 31.612, 100, 0, 0, 20.5, 20.5, 2, 0.64, 82.762, 0, 0, 89.262, 36.575, 0, 0, 0, 0, 0, 13.6, 0, 14, 0, 1.931, 171, 0, 0, 0, 50, 1, 0.004, 0.004, 123.8, 31.612, 100, 0, 0, 141, 20.5, 20.5, 2, 0.64, 0, 82.762, 0, 0, 89.262, 36.808, 0, 0.5, 0, 0, 
26.7, 16.99, 100.33, 73.27, 74.08, , -3.323, 0.986, 1674.828, 1674.828, 1.921, -77.153, -77.153, -77.153, 53.166, 59.914, 35.246, 34.713, 7.379, 14.172, 0, 0, -7.275, -7.376, -7.275, -7.376, 1, 35.86, 35.86, 0.024, 0.132, -20.033, -20.325, -20.033, -20.325, 4.567, 7.379, 14.172, , , 1, 26.735, 0, 0, 14, 1.921, 171, 0, 0, 0, 50, 4.045, 4, 123.8, 31.683, 100, 0, 0, 20.5, 20.5, 2, 0.64, 82.954, 0, 0, 89.454, 36.396, 0, 0, 0, 0, 0, 13.6, 0, 14, 0, 1.921, 171, 0, 0, 0, 50, 1, 0.004, 0.004, 123.8, 31.683, 100, 0, 0, 141, 20.5, 20.5, 2, 0.64, 0, 82.954, 0, 0, 89.454, 36.689, 0, 0.5, 0, 0, 
26.75, 16.99, 100.33, 73.27, 74.08, , -3.262, 0.986, 1677.47, 1677.47, 1.913, -75.71, -75.71, -75.71, 53.177, 56.438, 35.175, 34.569, 7.379, 14.131, 0, 0, -7.11, -7.21, -7.11, -7.21, 1, 35.693, 35.693, 0.024, 0.132, -19.654, -19.941, -19.654, -19.941, 4.562, 7.379, 14.131, , , 1, 26.785, 0, 0, 14, 1.913, 171, 0, 0, 0, 50, 4.077, 4.023, 123.8, 31.758, 100, 0, 0, 20.5, 20.5, 2, 0.64, 83.158, 0, 0, 89.658, 36.302, 0, 0, 0, 0, 0, 13.6, 0, 14, 0, 1.913, 171, 0, 0, 0, 50, 1, 0.004, 0.004, 123.8, 31.758, 100, 0, 0, 141, 20.5, 20.5, 2, 0.64, 0, 83.158, 0, 0, 89.658, 36.562, 0, 0.5, 0, 0, 
26.8, 16.99, 100.33, 73.27, 74.08, , -3.147, 0.986, 1680.093, 1680.093, 1.904, -72.98, -72.98, -72.98, 53.204, 52.962, 35.103, 34.426, 7.378, 14.079, 0, 0, -6.824, -6.921, -6.824, -6.921, 1, 35.532, 35.532, 0.024, 0.132, -18.935, -19.213, -18.935, -19.213, 4.557, 7.378, 14.079, , , 1, 26.835, 0, 0, 14, 1.904, 171, 0, 0, 0, 50, 4.112, 4.039, 123.8, 31.835, 100, 0, 0, 20.5, 20.5, 2, 0.64, 83.365, 0, 0, 89.865, 36.238, 0, 0, 0, 0, 0, 13.6, 0, 14, 0, 1.904, 171, 0, 0, 0, 50, 1, 0.004, 0.004, 123.8, 31.835, 100, 0, 0, 141, 20.5, 20.5, 2, 0.64, 0, 83.365, 0, 0, 89.865, 36.434, 0, 0.5, 0, 0, 
26.85, 16.988, 100.33, 73.27, 74.081, , -3.083, 0.986, 1682.717, 1682.717, 1.896, -71.46, -71.46, -71.46, 53.247, 49.486, 35.089, 34.528, 7.378, 14.022, 0, 0, -6.648, -6.745, -6.648, -6.745, 1, 35.377, 35.377, 0.024, 0.132, -18.521, -18.793, -18.521, -18.793, 4.551, 7.378, 14.022, , , 1, 26.886, 0, 0, 14, 1.896, 171, 0, 0, 0, 50, 4.147, 4.056, 123.8, 31.912, 100, 0, 0, 20.5, 20.5, 2, 0.64, 83.573, 0, 0, 90.073, 36.173, 0, 0, 0, 0, 0, 13.6, 0, 14, 0, 1.896, 171, 0, 0, 0, 50, 1, 0.004, 0.004, 123.8, 31.912, 100, 0, 0, 141, 20.5, 20.5, 2, 0.64, 0, 83.573, 0, 0, 90.073, 36.305, 0, 0.5, 0, 0, 
26.9, 16.986, 100.33, 73.27, 74.081, , -3.056, 0.986, 1685.342, 1685.342, 1.888, -70.816, -70.816, -70.816, 53.321, 46.009, 35.161, 34.998, 7.377, 13.952, 0, 0, -6.552, -6.649, -6.552, -6.649, 1, 35.222, 35.222, 0.024, 0.132, -18.329, -18.596, -18.329, -18.596, 4.535, 7.377, 13.952, , , 1, 26.935, 0, 0, 14, 1.888, 171, 0, 0, 0, 50, 4.183, 4.072, 123.8, 31.989, 100, 0, 0, 20.5, 20.5, 2, 0.64, 83.78, 0, 0, 90.28, 36.108, 0, 0, 0, 0, 0, 13.6, 0, 14, 0, 1.888, 171, 0, 0, 0, 50, 1, 0.004, 0.004, 123.8, 31.989, 100, 0, 0, 141, 20.5, 20.5, 2, 0.64, 0, 83.78, 0, 0, 90.28, 36.176, 0, 0.5, 0, 0, 
26.95, 16.983, 100.33, 73.27, 74.082, , -3.037, 0.986, 1687.943, 1687.943, 1.879, -70.361, -70.361, -70.361, 53.408, 44.54, 35.233, 35.468, 7.377, 13.882, 0, 0, -6.484, -6.579, -6.484, -6.579, 1, 35.069, 35.069, 0.024, 0.132, -18.18, -18.444, -18.18, -18.444, 4.519, 7.377, 13.882, , , 1, 26.985, 0, 0, 14, 1.879, 171, 0, 0, 0, 50, 4.218, 4.089, 123.8, 32.065, 100, 0, 0, 20.5, 20.5, 2, 0.64, 83.988, 0, 0, 90.488, 36.044, 0, 0, 0, 0, 0, 13.6, 0, 14, 0, 1.879, 171, 0, 0, 0, 50, 1, 0.004, 0.004, 123.8, 32.065, 100, 0, 0, 141, 20.5, 20.5, 2, 0.64, 0, 83.988, 0, 0, 90.488, 36.048, 0, 0.5, 0, 0, 
27, 16.981, 100.33, 73.27, 74.083, , -3.019, 0.986, 1690.539, 1690.539, 1.876, -69.955, -69.955, -69.955, 53.524, 55.393, 35.306, 35.938, 7.377, 13.81, 0, 0, -6.421, -6.515, -6.421, -6.515, 1, 34.917, 34.917, 0.024, 0.132, -18.043, -18.303, -18.043, -18.303, 4.503, 7.377, 13.81, , , 1, 27.036, 0, 0, 14, 1.876, 171, 0, 0, 0, 50, 4.249, 4.117, 123.8, 32.204, 100, 0, 0, 20.5, 20.5, 2, 0.64, 84.09, 0, 0, 90.59, 35.816, 0, 0, 0, 0, 0, 13.6, 0, 14, 0, 1.876, 171, 0, 0, 0, 50, 1, 0.004, 0.004, 123.8, 32.204, 100, 0, 0, 141, 20.5, 20.5, 2, 0.64, 0, 84.09, 0, 0, 90.59, 35.816, 0, 0.5, 0, 0, 
27.05, 16.979, 100.33, 73.27, 74.084, , -3.004, 0.986, 1693.105, 1693.105, 1.872, -69.582, -69.582, -69.582, 53.639, 57.736, 35.378, 36.407, 7.377, 13.739, 0, 0, -6.362, -6.453, -6.362, -6.453, 1, 34.765, 34.765, 0.024, 0.132, -17.917, -18.175, -17.917, -18.175, 4.487, 7.377, 13.739, , , 1, 27.085, 0, 0, 14, 1.872, 171, 0, 0, 0, 50, 4.28, 4.146, 123.8, 32.346, 100, 0, 0, 20.5, 20.5, 2, 0.64, 84.187, 0, 0, 90.687, 35.577, 0, 0, 0, 0, 0, 13.6, 0, 14, 0, 1.872, 171, 0, 0, 0, 50, 1, 0.004, 0.004, 123.8, 32.346, 100, 0, 0, 141, 20.5, 20.5, 2, 0.64, 0, 84.187, 0, 0, 90.687, 35.577, 0, 0.5, 0, 0, 
27.1, 16.976, 100.33, 73.27, 74.085, , -2.974, 0.986, 1695.665, 1695.665, 1.868, -68.875, -68.875, -68.875, 53.716, 58.457, 35.405, 36.574, 7.377, 13.67, 0, 0, -6.272, -6.361, -6.272, -6.361, 1, 34.612, 34.612, 0.024, 0.132, -17.707, -17.962, -17.707, -17.962, 4.472, 7.377, 13.67, , , 1, 27.136, 0, 0, 14, 1.868, 171, 0, 0, 0, 50, 4.31, 4.175, 123.8, 32.488, 100, 0, 0, 20.5, 20.5, 2, 0.64, 84.283, 0, 0, 90.783, 35.339, 0, 0, 0, 0, 0, 13.6, 0, 14, 0, 1.868, 171, 0, 0, 0, 50, 1, 0.004, 0.004, 123.8, 32.488, 100, 0, 0, 141, 20.5, 20.5, 2, 0.64, 0, 84.283, 0, 0, 90.783, 35.339, 0, 0.5, 0, 0, 
27.15, 16.974, 100.33, 73.27, 74.085, , -2.879, 0.986, 1698.203, 1698.203, 1.865, -66.643, -66.643, -66.643, 53.779, 59.179, 35.369, 36.322, 7.377, 13.603, 0, 0, -6.04, -6.125, -6.04, -6.125, 1, 34.463, 34.463, 0.024, 0.132, -17.114, -17.362, -17.114, -17.362, 4.458, 7.377, 13.603, , , 1, 27.185, 0, 0, 14, 1.865, 171, 0, 0, 0, 50, 4.341, 4.204, 123.8, 32.631, 100, 0, 0, 20.5, 20.5, 2, 0.64, 84.379, 0, 0, 90.879, 35.1, 0, 0, 0, 0, 0, 13.6, 0, 14, 0, 1.865, 171, 0, 0, 0, 50, 1, 0.004, 0.004, 123.8, 32.631, 100, 0, 0, 141, 20.5, 20.5, 2, 0.64, 0, 84.379, 0, 0, 90.879, 35.1, 0, 0.5, 0, 0, 
27.2, 16.972, 100.33, 73.27, 74.086, , -2.789, 0.986, 1700.74, 1700.74, 1.861, -64.496, -64.496, -64.496, 53.798, 59.9, 35.333, 36.07, 7.377, 13.54, 0, 0, -5.819, -5.901, -5.819, -5.901, 1, 34.322, 34.322, 0.024, 0.132, -16.551, -16.792, -16.551, -16.792, 4.444, 7.377, 13.54, , , 1, 27.235, 0, 0, 14, 1.861, 171, 0, 0, 0, 50, 4.372, 4.232, 123.8, 32.773, 100, 0, 0, 20.5, 20.5, 2, 0.64, 84.475, 0, 0, 90.975, 34.862, 0, 0, 0, 0, 0, 13.6, 0, 14, 0, 1.861, 171, 0, 0, 0, 50, 1, 0.004, 0.004, 123.8, 32.773, 100, 0, 0, 141, 20.5, 20.5, 2, 0.64, 0, 84.475, 0, 0, 90.975, 34.862, 0, 0.5, 0, 0, 
27.25, 16.969, 100.33, 73.27, 74.087, , -2.705, 0.986, 1703.278, 1703.278, 1.851, -62.514, -62.514, -62.514, 53.797, 60.621, 35.297, 35.818, 7.377, 13.478, 0, 0, -5.62, -5.698, -5.62, -5.698, 1, 34.184, 34.184, 0.024, 0.132, -16.044, -16.277, -16.044, -16.277, 4.43, 7.377, 13.478, , , 1, 27.286, 0, 0, 14, 1.851, 171, 0, 0, 0, 50, 4.411, 4.272, 124.056, 32.967, 100, 0, 0, 20.464, 20.464, 2, 0.64, 84.713, 0, 0, 91.213, 34.667, 0, 0, 0, 0, 0, 13.6, 0, 14, 0, 1.851, 171, 0, 0, 0, 50, 1, 0.004, 0.004, 124.056, 32.967, 100, 0, 0, 141, 20.464, 20.464, 2, 0.64, 0, 84.713, 0, 0, 91.213, 34.667, 0, 0.5, 0, 0, 
27.3, 16.967, 100.33, 73.27, 74.088, , -2.66, 0.986, 1705.803, 1705.803, 1.839, -61.448, -61.448, -61.448, 53.767, 61.343, 35.261, 35.566, 7.377, 13.418, 0, 0, -5.503, -5.58, -5.503, -5.58, 1, 34.049, 34.049, 0.024, 0.132, -15.776, -16.006, -15.776, -16.006, 4.435, 7.377, 13.418, , , 1, 27.335, 0, 0, 14, 1.839, 171, 0, 0, 0, 50, 4.454, 4.315, 124.402, 33.18, 100, 0, 0, 20.416, 20.416, 2, 0.64, 85.002, 0, 0, 91.502, 34.487, 0, 0, 0, 0, 0, 13.6, 0, 14, 0, 1.839, 171, 0, 0, 0, 50, 1, 0.004, 0.004, 124.402, 33.18, 100, 0, 0, 141, 20.416, 20.416, 2, 0.64, 0, 85.002, 0, 0, 91.502, 34.487, 0, 0.5, 0, 0, 
27.35, 16.965, 100.33, 73.27, 74.088, , -2.654, 0.986, 1708.315, 1708.315, 1.827, -61.297, -61.297, -61.297, 53.728, 62.064, 35.195, 35.36, 7.377, 13.36, 0, 0, -5.469, -5.546, -5.469, -5.546, 1, 33.916, 33.916, 0.024, 0.131, -15.747, -15.977, -15.747, -15.977, 4.445, 7.377, 13.36, , , 1, 27.385, 0, 0, 14, 1.827, 171, 0, 0, 0, 50, 4.496, 4.359, 124.748, 33.392, 100, 0, 0, 20.368, 20.368, 2, 0.64, 85.29, 0, 0, 91.79, 34.307, 0, 0, 0, 0, 0, 13.6, 0, 14, 0, 1.827, 171, 0, 0, 0, 50, 1, 0.005, 0.004, 124.748, 33.392, 100, 0, 0, 141, 20.368, 20.368, 2, 0.64, 0, 85.29, 0, 0, 91.79, 34.307, 0, 0.5, 0, 0, 
27.4, 16.963, 100.33, 73.27, 74.089, , -2.589, 0.986, 1710.809, 1710.809, 1.815, -59.752, -59.752, -59.752, 53.683, 62.785, 35.087, 35.216, 7.378, 13.312, 0, 0, -5.311, -5.386, -5.311, -5.386, 1, 33.783, 33.783, 0.024, 0.131, -15.364, -15.589, -15.364, -15.589, 4.455, 7.378, 13.312, , , 1, 27.435, 0, 0, 14, 1.815, 171, 0, 0, 0, 50, 4.538, 4.402, 125.095, 33.605, 100, 0, 0, 20.32, 20.32, 2, 0.64, 85.579, 0, 0, 92.079, 34.128, 0, 0, 0, 0, 0, 13.6, 0, 14, 0, 1.815, 171, 0, 0, 0, 50, 1, 0.005, 0.004, 125.095, 33.605, 100, 0, 0, 141, 20.32, 20.32, 2, 0.64, 0, 85.579, 0, 0, 92.079, 34.128, 0, 0.5, 0, 0, 
27.45, 16.96, 100.33, 73.27, 74.09, , -2.487, 0.986, 1713.292, 1713.292, 1.803, -57.353, -57.353, -57.353, 53.62, 63.507, 34.979, 35.072, 7.378, 13.264, 0, 0, -5.076, -5.147, -5.076, -5.147, 1, 33.655, 33.655, 0.024, 0.131, -14.764, -14.98, -14.764, -14.98, 4.465, 7.378, 13.264, , , 1, 27.485, 0, 0, 14, 1.803, 171, 0, 0, 0, 50, 4.581, 4.445, 125.441, 33.817, 100, 0, 0, 20.272, 20.272, 2, 0.64, 85.867, 0, 0, 92.367, 33.948, 0, 0, 0, 0, 0, 13.6, 0, 14, 0, 1.803, 171, 0, 0, 0, 50, 1, 0.005, 0.004, 125.441, 33.817, 100, 0, 0, 141, 20.272, 20.272, 2, 0.64, 0, 85.867, 0, 0, 92.367, 33.948, 0, 0.5, 0, 0, 
27.5, 16.958, 100.33, 73.27, 74.091, , -2.504, 0.986, 1715.756, 1715.756, 1.795, -57.749, -57.749, -57.749, 53.549, 64.228, 34.871, 34.928, 7.379, 13.224, 0, 0, -5.091, -5.163, -5.091, -5.163, 1, 33.529, 33.529, 0.024, 0.131, -14.884, -15.101, -14.884, -15.101, 4.469, 7.379, 13.224, , , 1, 27.536, 0, 0, 14, 1.795, 171, 0, 0, 0, 50, 4.606, 4.477, 125.6, 33.958, 100, 0, 0, 20.221, 20.221, 2, 0.64, 86.059, 0, 0, 92.559, 33.828, 0, 0, 0, 0, 0, 13.6, 0, 14, 0, 1.795, 171, 0, 0, 0, 50, 1, 0.005, 0.005, 125.6, 33.958, 100, 0, 0, 141, 20.221, 20.221, 2, 0.64, 0, 86.059, 0, 0, 92.559, 33.828, 0, 0.5, 0, 0, 
27.55, 16.956, 100.33, 73.27, 74.091, , -2.558, 0.986, 1718.214, 1718.214, 1.79, -59.028, -59.028, -59.028, 53.494, 64.949, 34.763, 34.784, 7.379, 13.184, 0, 0, -5.184, -5.26, -5.184, -5.26, 1, 33.402, 33.402, 0.024, 0.131, -15.231, -15.454, -15.231, -15.454, 4.471, 7.379, 13.184, , , 1, 27.585, 0, 0, 14, 1.79, 171, 0, 0, 0, 50, 4.617, 4.5, 125.6, 34.038, 100, 0, 0, 20.166, 20.166, 2, 0.64, 86.168, 0, 0, 92.668, 33.759, 0, 0, 0, 0, 0, 13.6, 0, 14, 0, 1.79, 171, 0, 0, 0, 50, 1, 0.005, 0.005, 125.6, 34.038, 100, 0, 0, 141, 20.166, 20.166, 2, 0.64, 0, 86.168, 0, 0, 92.668, 33.759, 0, 0.5, 0, 0, 
27.6, 16.953, 100.33, 73.27, 74.092, , -2.587, 0.986, 1720.671, 1720.671, 1.785, -59.709, -59.709, -59.709, 53.441, 65.671, 34.759, 34.7, 7.381, 13.147, 0, 0, -5.222, -5.299, -5.222, -5.299, 1, 33.274, 33.274, 0.024, 0.131, -15.42, -15.645, -15.42, -15.645, 4.473, 7.381, 13.147, , , 1, 27.635, 0, 0, 14, 1.785, 171, 0, 0, 0, 50, 4.628, 4.523, 125.6, 34.117, 100, 0, 0, 20.111, 20.111, 2, 0.64, 86.277, 0, 0, 92.777, 33.69, 0, 0, 0, 0, 0, 13.6, 0, 14, 0, 1.785, 171, 0, 0, 0, 50, 1, 0.005, 0.005, 125.6, 34.117, 100, 0, 0, 141, 20.111, 20.111, 2, 0.64, 0, 86.277, 0, 0, 92.777, 33.69, 0, 0.5, 0, 0, 
27.65, 16.951, 100.33, 73.27, 74.093, , -2.611, 0.986, 1723.128, 1723.128, 1.781, -60.293, -60.293, -60.293, 53.41, 66.392, 34.898, 34.7, 7.382, 13.11, 0, 0, -5.252, -5.329, -5.252, -5.329, 1, 33.142, 33.142, 0.024, 0.131, -15.583, -15.81, -15.583, -15.81, 4.475, 7.382, 13.11, , , 1, 27.686, 0, 0, 14, 1.781, 171, 0, 0, 0, 50, 4.639, 4.546, 125.6, 34.197, 100, 0, 0, 20.057, 20.057, 2, 0.64, 86.386, 0, 0, 92.886, 33.622, 0, 0, 0, 0, 0, 13.6, 0, 14, 0, 1.781, 171, 0, 0, 0, 50, 1, 0.005, 0.005, 125.6, 34.197, 100, 0, 0, 141, 20.057, 20.057, 2, 0.64, 0, 86.386, 0, 0, 92.886, 33.622, 0, 0.5, 0, 0, 
27.7, 16.949, 100.33, 73.27, 74.094, , -2.622, 0.986, 1725.587, 1725.587, 1.776, -60.553, -60.553, -60.553, 53.38, 67.113, 35.038, 34.7, 7.382, 13.075, 0, 0, -5.253, -5.332, -5.253, -5.332, 1, 33.01, 33.01, 0.024, 0.131, -15.657, -15.885, -15.657, -15.885, 4.471, 7.382, 13.075, , , 1, 27.735, 0, 0, 14, 1.776, 171, 0, 0, 0, 50, 4.65, 4.569, 125.6, 34.277, 100, 0, 0, 20.002, 20.002, 2, 0.64, 86.496, 0, 0, 92.996, 33.553, 0, 0, 0, 0, 0, 13.6, 0, 14, 0, 1.776, 171, 0, 0, 0, 50, 1, 0.005, 0.005, 125.6, 34.277, 100, 0, 0, 141, 20.002, 20.002, 2, 0.64, 0, 86.496, 0, 0, 92.996, 33.553, 0, 0.5, 0, 0, 
27.75, 16.947, 100.33, 73.27, 74.094, , -2.632, 0.986, 1728.043, 1728.043, 1.769, -60.8, -60.8, -60.8, 53.373, 67.835, 35.177, 34.7, 7.382, 13.041, 0, 0, -5.253, -5.333, -5.253, -5.333, 1, 32.878, 32.878, 0.024, 0.131, -15.726, -15.956, -15.726, -15.956, 4.461, 7.382, 13.041, , , 1, 27.785, 0, 0, 14, 1.769, 171, 0, 0, 0, 50, 4.688, 4.57, 125.6, 34.491, 100, 0, 0, 19.905, 19.905, 2, 0.64, 86.595, 0, 0, 93.095, 33.432, 0, 0, 0, 0, 0, 13.6, 0, 14, 0, 1.769, 171, 0, 0, 0, 50, 1, 0.005, 0.005, 125.6, 34.491, 100, 0, 0, 141, 19.905, 19.905, 2, 0.64, 0, 86.595, 0, 0, 93.095, 33.432, 0, 0.5, 0, 0, 
27.8, 16.944, 100.33, 73.27, 74.095, , -2.643, 0.986, 1730.449, 1730.449, 1.762, -61.043, -61.043, -61.043, 53.366, 68.556, 35.317, 34.7, 7.382, 13.014, 0, 0, -5.253, -5.333, -5.253, -5.333, 1, 32.746, 32.746, 0.024, 0.131, -15.79, -16.02, -15.79, -16.02, 4.45, 7.382, 13.014, , , 1, 27.836, 0, 0, 14, 1.762, 171, 0, 0, 0, 50, 4.727, 4.57, 125.6, 34.71, 100, 0, 0, 19.806, 19.806, 2, 0.64, 86.694, 0, 0, 93.194, 33.31, 0, 0, 0, 0, 0, 13.6, 0, 14, 0, 1.762, 171, 0, 0, 0, 50, 1, 0.005, 0.005, 125.6, 34.71, 100, 0, 0, 141, 19.806, 19.806, 2, 0.64, 0, 86.694, 0, 0, 93.194, 33.31, 0, 0.5, 0, 0, 
27.85, 16.942, 100.33, 73.27, 74.096, , -2.652, 0.986, 1732.856, 1732.856, 1.754, -61.28, -61.28, -61.28, 53.363, 69.277, 35.381, 34.787, 7.382, 12.988, 0, 0, -5.253, -5.333, -5.253, -5.333, 1, 32.612, 32.612, 0.024, 0.131, -15.853, -16.083, -15.853, -16.083, 4.44, 7.382, 12.988, , , 1, 27.885, 0, 0, 14, 1.754, 171, 0, 0, 0, 50, 4.767, 4.57, 125.6, 34.929, 100, 0, 0, 19.708, 19.708, 2, 0.64, 86.792, 0, 0, 93.292, 33.187, 0, 0, 0, 0, 0, 13.6, 0, 14, 0, 1.754, 171, 0, 0, 0, 50, 1, 0.005, 0.005, 125.6, 34.929, 100, 0, 0, 141, 19.708, 19.708, 2, 0.64, 0, 86.792, 0, 0, 93.292, 33.187, 0, 0.5, 0, 0, 
27.9, 16.94, 100.33, 73.27, 74.097, , -2.66, 0.986, 1735.263, 1735.263, 1.747, -61.472, -61.472, -61.472, 53.36, 69.999, 35.233, 35.122, 7.381, 12.97, 0, 0, -5.246, -5.326, -5.246, -5.326, 1, 32.478, 32.478, 0.024, 0.131, -15.904, -16.134, -15.904, -16.134, 4.426, 7.381, 12.97, , , 1, 27.935, 0, 0, 14, 1.747, 171, 0, 0, 0, 50, 4.807, 4.57, 125.6, 35.149, 100, 0, 0, 19.609, 19.609, 2, 0.64, 86.891, 0, 0, 93.391, 33.065, 0, 0, 0, 0, 0, 13.6, 0, 14, 0, 1.747, 171, 0, 0, 0, 50, 1, 0.005, 0.005, 125.6, 35.149, 100, 0, 0, 141, 19.609, 19.609, 2, 0.64, 0, 86.891, 0, 0, 93.391, 33.065, 0, 0.5, 0, 0, 
27.95, 16.937, 100.33, 73.27, 74.098, , -2.666, 0.986, 1737.665, 1737.665, 1.74, -61.614, -61.614, -61.614, 53.36, 70.72, 35.084, 35.456, 7.379, 12.952, 0, 0, -5.235, -5.315, -5.235, -5.315, 1, 32.342, 32.342, 0.024, 0.131, -15.943, -16.172, -15.943, -16.172, 4.409, 7.379, 12.952, , , 1, 27.986, 0, 0, 14, 1.74, 171, 0, 0, 0, 50, 4.846, 4.57, 125.6, 35.368, 100, 0, 0, 19.51, 19.51, 2, 0.64, 86.99, 0, 0, 93.49, 32.942, 0, 0, 0, 0, 0, 13.6, 0, 14, 0, 1.74, 171, 0, 0, 0, 50, 1, 0.005, 0.005, 125.6, 35.368, 100, 0, 0, 141, 19.51, 19.51, 2, 0.64, 0, 86.99, 0, 0, 93.49, 32.942, 0, 0.5, 0, 0, 
28, 16.935, 100.33, 73.27, 74.098, , -2.662, 0.986, 1740.048, 1740.048, 1.733, -61.528, -61.528, -61.528, 53.361, 71.441, 34.935, 35.791, 7.379, 12.933, 0, 0, -5.208, -5.286, -5.208, -5.286, 1, 32.207, 32.207, 0.024, 0.131, -15.921, -16.149, -15.921, -16.149, 4.391, 7.379, 12.933, , , 1, 28.035, 0, 0, 14, 1.733, 171, 0, 0, 0, 50, 4.874, 4.612, 125.6, 35.592, 100, 0, 0, 19.5, 19.5, 2, 0.64, 87.273, 0, 0, 93.409, 32.817, 0, 0, 0, 0, 0, 13.6, 0, 14, 0, 1.733, 171, 0, 0, 0, 50, 1, 0.005, 0.005, 125.6, 35.592, 100, 0, 0, 141, 19.5, 19.5, 2, 0.64, 0, 87.273, 0, 0, 93.409, 32.817, 0, 0.5, 0, 0, 
28.05, 16.933, 100.33, 73.27, 74.099, , -2.666, 0.986, 1742.425, 1742.425, 1.726, -61.616, -61.616, -61.616, 53.364, 72.163, 34.786, 36.126, 7.378, 12.914, 0, 0, -5.195, -5.271, -5.195, -5.271, 1, 32.074, 32.074, 0.024, 0.131, -15.943, -16.17, -15.943, -16.17, 4.374, 7.378, 12.914, , , 1, 28.085, 0, 0, 14, 1.726, 171, 0, 0, 0, 50, 4.9, 4.658, 125.6, 35.817, 100, 0, 0, 19.5, 19.5, 2, 0.64, 87.577, 0, 0, 93.308, 32.692, 0, 0, 0, 0, 0, 13.6, 0, 14, 0, 1.726, 171, 0, 0, 0, 50, 1, 0.005, 0.005, 125.6, 35.817, 100, 0, 0, 141, 19.5, 19.5, 2, 0.64, 0, 87.577, 0, 0, 93.308, 32.692, 0, 0.5, 0, 0, 
28.1, 16.931, 100.33, 73.27, 74.1, , -2.696, 0.986, 1744.785, 1744.785, 1.718, -62.325, -62.325, -62.325, 53.37, 72.884, 34.7, 36.26, 7.378, 12.886, 0, 0, -5.232, -5.309, -5.232, -5.309, 1, 31.94, 31.94, 0.024, 0.132, -16.123, -16.354, -16.123, -16.354, 4.356, 7.378, 12.886, , , 1, 28.135, 0, 0, 14, 1.718, 171, 0, 0, 0, 50, 4.926, 4.705, 125.6, 36.042, 100, 0, 0, 19.5, 19.5, 2, 0.64, 87.881, 0, 0, 93.206, 32.566, 0, 0, 0, 0, 0, 13.6, 0, 14, 0, 1.718, 171, 0, 0, 0, 50, 1, 0.005, 0.005, 125.6, 36.042, 100, 0, 0, 141, 19.5, 19.5, 2, 0.64, 0, 87.881, 0, 0, 93.206, 32.566, 0, 0.5, 0, 0, 
28.15, 16.931, 100.33, 73.27, 74.099, , -2.68, 0.986, 1747.138, 1747.138, 1.711, -61.943, -61.943, -61.943, 53.385, 73.605, 34.7, 36.116, 7.377, 12.857, 0, 0, -5.179, -5.255, -5.179, -5.255, 1, 31.804, 31.804, 0.024, 0.132, -16.022, -16.252, -16.022, -16.252, 4.339, 7.377, 12.857, , , 1, 28.185, 0, 0, 14, 1.711, 171, 0, 0, 0, 50, 4.953, 4.752, 125.6, 36.266, 100, 0, 0, 19.5, 19.5, 2, 0.64, 88.184, 0, 0, 93.105, 32.441, 0, 0, 0, 0, 0, 13.6, 0, 14, 0, 1.711, 171, 0, 0, 0, 50, 1, 0.005, 0.005, 125.6, 36.266, 100, 0, 0, 141, 19.5, 19.5, 2, 0.64, 0, 88.184, 0, 0, 93.105, 32.441, 0, 0.5, 0, 0, 
28.2, 16.932, 100.33, 73.27, 74.099, , -2.518, 0.986, 1749.473, 1749.473, 1.704, -58.11, -58.11, -58.11, 53.396, 74.327, 34.7, 35.972, 7.377, 12.823, 0, 0, -4.843, -4.913, -4.843, -4.913, 1, 31.671, 31.671, 0.024, 0.132, -15.028, -15.245, -15.028, -15.245, 4.321, 7.377, 12.823, , , 1, 28.235, 0, 0, 14, 1.704, 171, 0, 0, 0, 50, 4.979, 4.798, 125.6, 36.491, 100, 0, 0, 19.5, 19.5, 2, 0.64, 88.488, 0, 0, 93.004, 32.315, 0, 0, 0, 0, 0, 13.6, 0, 14, 0, 1.704, 171, 0, 0, 0, 50, 1, 0.005, 0.005, 125.6, 36.491, 100, 0, 0, 141, 19.5, 19.5, 2, 0.64, 0, 88.488, 0, 0, 93.004, 32.315, 0, 0.5, 0, 0, 
28.25, 16.933, 100.33, 73.27, 74.098, , -2.39, 0.986, 1751.808, 1751.808, 1.698, -55.081, -55.081, -55.081, 53.395, 75.048, 34.7, 35.828, 7.377, 12.788, 0, 0, -4.573, -4.639, -4.573, -4.639, 1, 31.551, 31.551, 0.024, 0.132, -14.243, -14.449, -14.243, -14.449, 4.304, 7.377, 12.788, , , 1, 28.285, 0, 0, 14, 1.698, 171, 0, 0, 0, 50, 5.003, 4.81, 125.6, 36.643, 100, 0, 0, 19.404, 19.404, 2, 0.64, 88.114, 0, 0, 93.386, 32.191, 0, 0, 0, 0, 0, 13.6, 0, 14, 0, 1.698, 171, 0, 0, 0, 50, 1, 0.005, 0.005, 125.6, 36.643, 100, 0, 0, 141, 19.404, 19.404, 2, 0.64, 0, 88.114, 0, 0, 93.386, 32.191, 0, 0.5, 0, 0, 
28.3, 16.934, 100.33, 73.27, 74.097, , -2.37, 0.986, 1754.142, 1754.142, 1.691, -54.601, -54.601, -54.601, 53.396, 75.769, 34.7, 35.684, 7.377, 12.757, 0, 0, -4.514, -4.579, -4.514, -4.579, 1, 31.431, 31.431, 0.024, 0.132, -14.116, -14.321, -14.116, -14.321, 4.289, 7.377, 12.757, , , 1, 28.335, 0, 0, 14, 1.691, 171, 0, 0, 0, 50, 5.027, 4.82, 125.6, 36.791, 100, 0, 0, 19.304, 19.304, 2, 0.64, 87.713, 0, 0, 93.787, 32.067, 0, 0, 0, 0, 0, 13.6, 0, 14, 0, 1.691, 171, 0, 0, 0, 50, 1, 0.005, 0.005, 125.6, 36.791, 100, 0, 0, 141, 19.304, 19.304, 2, 0.64, 0, 87.713, 0, 0, 93.787, 32.067, 0, 0.5, 0, 0, 
28.35, 16.935, 100.33, 73.27, 74.096, , -2.353, 0.986, 1756.466, 1756.466, 1.684, -54.21, -54.21, -54.21, 53.408, 76.491, 34.685, 35.555, 7.377, 12.725, 0, 0, -4.463, -4.526, -4.463, -4.526, 1, 31.313, 31.313, 0.024, 0.132, -14.012, -14.215, -14.012, -14.215, 4.285, 7.377, 12.725, , , 1, 28.385, 0, 0, 14, 1.684, 171, 0, 0, 0, 50, 5.051, 4.83, 125.6, 36.94, 100, 0, 0, 19.204, 19.204, 2, 0.64, 87.311, 0, 0, 94.189, 31.943, 0, 0, 0, 0, 0, 13.6, 0, 14, 0, 1.684, 171, 0, 0, 0, 50, 1, 0.005, 0.005, 125.6, 36.94, 100, 0, 0, 141, 19.204, 19.204, 2, 0.64, 0, 87.311, 0, 0, 94.189, 31.943, 0, 0.5, 0, 0, 
28.4, 16.937, 100.33, 73.27, 74.096, , -2.349, 0.986, 1758.755, 1758.755, 1.678, -54.099, -54.099, -54.099, 53.422, 77.212, 34.649, 35.447, 7.377, 12.696, 0, 0, -4.436, -4.497, -4.436, -4.497, 1, 31.194, 31.194, 0.024, 0.132, -13.977, -14.181, -13.977, -14.181, 4.281, 7.377, 12.696, , , 1, 28.435, 0, 0, 14, 1.678, 171, 0, 0, 0, 50, 5.075, 4.84, 125.6, 37.088, 100, 0, 0, 19.104, 19.104, 2, 0.64, 86.91, 0, 0, 94.59, 31.819, 0, 0, 0, 0, 0, 13.6, 0, 14, 0, 1.678, 171, 0, 0, 0, 50, 1, 0.005, 0.005, 125.6, 37.088, 100, 0, 0, 141, 19.104, 19.104, 2, 0.64, 0, 86.91, 0, 0, 94.59, 31.819, 0, 0.5, 0, 0, 
28.45, 16.938, 100.33, 73.27, 74.095, , -2.383, 0.986, 1761.044, 1761.044, 1.671, -54.914, -54.914, -54.914, 53.449, 77.933, 34.613, 35.339, 7.377, 12.667, 0, 0, -4.483, -4.544, -4.483, -4.544, 1, 31.074, 31.074, 0.024, 0.132, -14.182, -14.388, -14.182, -14.388, 4.277, 7.377, 12.667, , , 1, 28.485, 0, 0, 14, 1.671, 171, 0, 0, 0, 50, 5.099, 4.85, 125.6, 37.237, 100, 0, 0, 19.004, 19.004, 2, 0.64, 86.508, 0, 0, 94.992, 31.695, 0, 0, 0, 0, 0, 13.6, 0, 14, 0, 1.671, 171, 0, 0, 0, 50, 1, 0.005, 0.005, 125.6, 37.237, 100, 0, 0, 141, 19.004, 19.004, 2, 0.64, 0, 86.508, 0, 0, 94.992, 31.695, 0, 0.5, 0, 0, 
28.5, 16.939, 100.33, 73.27, 74.094, , -2.573, 0.986, 1763.334, 1763.334, 1.666, -59.434, -59.434, -59.434, 53.476, 78.655, 34.577, 35.231, 7.377, 12.636, 0, 0, -4.831, -4.897, -4.831, -4.897, 1, 30.952, 30.952, 0.024, 0.132, -15.34, -15.563, -15.34, -15.563, 4.273, 7.377, 12.636, , , 1, 28.535, 0, 0, 14, 1.666, 171, 0, 0, 0, 50, 5.129, 4.871, 125.6, 37.453, 100, 0, 0, 18.905, 18.905, 2, 0.644, 86.791, 0, 0, 95, 31.572, 0, 0, 0, 0, 0, 13.6, 0, 14, 0, 1.666, 171, 0, 0, 0, 50, 1, 0.005, 0.005, 125.6, 37.453, 100, 0, 0, 141, 18.905, 18.905, 2, 0.644, 0, 86.791, 0, 0, 95, 31.572, 0, 0.5, 0, 0, 
28.55, 16.94, 100.33, 73.27, 74.093, , -2.738, 0.986, 1765.624, 1765.624, 1.661, -63.343, -63.343, -63.343, 53.507, 79.376, 34.541, 35.123, 7.377, 12.605, 0, 0, -5.129, -5.199, -5.129, -5.199, 1, 30.813, 30.813, 0.024, 0.132, -16.342, -16.579, -16.342, -16.579, 4.274, 7.377, 12.605, , , 1, 28.585, 0, 0, 14, 1.661, 171, 0, 0, 0, 50, 5.158, 4.893, 125.6, 37.67, 100, 0, 0, 18.806, 18.806, 2, 0.648, 87.087, 0, 0, 95, 31.449, 0, 0, 0, 0, 0, 13.6, 0, 14, 0, 1.661, 171, 0, 0, 0, 50, 1, 0.005, 0.005, 125.6, 37.67, 100, 0, 0, 141, 18.806, 18.806, 2, 0.648, 0, 87.087, 0, 0, 95, 31.449, 0, 0.5, 0, 0, 
28.6, 16.941, 100.33, 73.27, 74.093, , -2.768, 0.986, 1767.913, 1767.913, 1.656, -64.047, -64.047, -64.047, 53.533, 80.097, 34.565, 35, 7.377, 12.567, 0, 0, -5.165, -5.237, -5.165, -5.237, 1, 30.674, 30.674, 0.024, 0.132, -16.52, -16.76, -16.52, -16.76, 4.275, 7.377, 12.567, , , 1, 28.635, 0, 0, 14, 1.656, 171, 0, 0, 0, 50, 5.188, 4.915, 125.6, 37.888, 100, 0, 0, 18.706, 18.706, 2, 0.652, 87.383, 0, 0, 95, 31.326, 0, 0, 0, 0, 0, 13.6, 0, 14, 0, 1.656, 171, 0, 0, 0, 50, 1, 0.005, 0.005, 125.6, 37.888, 100, 0, 0, 141, 18.706, 18.706, 2, 0.652, 0, 87.383, 0, 0, 95, 31.326, 0, 0.5, 0, 0, 
28.65, 16.942, 100.33, 73.27, 74.092, , -2.8, 0.986, 1770.197, 1770.197, 1.651, -64.81, -64.81, -64.81, 53.528, 80.819, 34.673, 34.856, 7.377, 12.528, 0, 0, -5.204, -5.278, -5.204, -5.278, 1, 30.533, 30.533, 0.024, 0.132, -16.714, -16.958, -16.714, -16.958, 4.276, 7.377, 12.528, , , 1, 28.686, 0, 0, 14, 1.651, 171, 0, 0, 0, 50, 5.218, 4.936, 125.6, 38.105, 100, 0, 0, 18.607, 18.607, 2, 0.656, 87.68, 0, 0, 95, 31.203, 0, 0, 0, 0, 0, 13.6, 0, 14, 0, 1.651, 171, 0, 0, 0, 50, 1, 0.005, 0.005, 125.6, 38.105, 100, 0, 0, 141, 18.607, 18.607, 2, 0.656, 0, 87.68, 0, 0, 95, 31.203, 0, 0.5, 0, 0, 
28.7, 16.943, 100.33, 73.27, 74.091, , -2.854, 0.986, 1772.442, 1772.442, 1.645, -66.109, -66.109, -66.109, 53.521, 81.54, 34.781, 34.712, 7.377, 12.489, 0, 0, -5.282, -5.357, -5.282, -5.357, 1, 30.392, 30.392, 0.024, 0.132, -17.056, -17.306, -17.056, -17.306, 4.277, 7.377, 12.489, , , 1, 28.735, 0, 0, 14, 1.645, 171, 0, 0, 0, 50, 5.248, 4.958, 125.6, 38.323, 100, 0, 0, 18.508, 18.508, 2, 0.66, 87.976, 0, 0, 95, 31.08, 0, 0, 0, 0, 0, 13.6, 0, 14, 0, 1.645, 171, 0, 0, 0, 50, 1, 0.005, 0.005, 125.6, 38.323, 100, 0, 0, 141, 18.508, 18.508, 2, 0.66, 0, 87.976, 0, 0, 95, 31.08, 0, 0.5, 0, 0, 
28.75, 16.945, 100.33, 73.27, 74.09, , -2.906, 0.986, 1774.686, 1774.686, 1.637, -67.331, -67.331, -67.331, 53.491, 82.261, 34.889, 34.568, 7.377, 12.451, 0, 0, -5.354, -5.43, -5.354, -5.43, 1, 30.247, 30.247, 0.024, 0.132, -17.377, -17.634, -17.377, -17.634, 4.273, 7.377, 12.451, , , 1, 28.786, 0, 0, 14, 1.637, 171, 0, 0, 0, 50.183, 5.285, 4.984, 125.6, 38.544, 100, 0, 0, 18.408, 18.408, 2, 0.66, 88, 0, 0, 94.908, 30.956, 0, 0, 0, 0, 0, 13.6, 0, 14, 0, 1.637, 171, 0, 0, 0, 50.183, 1, 0.005, 0.005, 125.6, 38.544, 100, 0, 0, 141, 18.408, 18.408, 2, 0.66, 0, 88, 0, 0, 94.908, 30.956, 0, 0.5, 0, 0, 
28.8, 16.946, 100.33, 73.27, 74.09, , -2.878, 0.986, 1776.909, 1776.909, 1.628, -66.677, -66.677, -66.677, 53.461, 82.983, 34.997, 34.424, 7.377, 12.42, 0, 0, -5.276, -5.352, -5.276, -5.352, 1, 30.103, 30.103, 0.024, 0.132, -17.218, -17.472, -17.218, -17.472, 4.27, 7.377, 12.42, , , 1, 28.835, 0, 0, 14, 1.628, 171, 0, 0, 0, 50.382, 5.323, 5.01, 125.6, 38.766, 100, 0, 0, 18.309, 18.309, 2, 0.66, 88, 0, 0, 94.808, 30.833, 0, 0, 0, 0, 0, 13.6, 0, 14, 0, 1.628, 171, 0, 0, 0, 50.382, 1, 0.005, 0.005, 125.6, 38.766, 100, 0, 0, 141, 18.309, 18.309, 2, 0.66, 0, 88, 0, 0, 94.808, 30.833, 0, 0.5, 0, 0, 
28.85, 16.947, 100.33, 73.27, 74.089, , -2.851, 0.986, 1779.133, 1779.133, 1.619, -66.023, -66.023, -66.023, 53.434, 83.704, 35.105, 34.431, 7.377, 12.391, 0, 0, -5.198, -5.275, -5.198, -5.275, 1, 29.958, 29.958, 0.024, 0.133, -17.06, -17.31, -17.06, -17.31, 4.266, 7.377, 12.391, , , 1, 28.885, 0, 0, 14, 1.619, 171, 0, 0, 0, 50.582, 5.361, 5.036, 125.6, 38.988, 100, 0, 0, 18.209, 18.209, 2, 0.66, 88, 0, 0, 94.708, 30.709, 0, 0, 0, 0, 0, 13.6, 0, 14, 0, 1.619, 171, 0, 0, 0, 50.582, 1, 0.005, 0.005, 125.6, 38.988, 100, 0, 0, 141, 18.209, 18.209, 2, 0.66, 0, 88, 0, 0, 94.708, 30.709, 0, 0.5, 0, 0, 
28.9, 16.948, 100.33, 73.27, 74.088, , -2.772, 0.986, 1781.337, 1781.337, 1.61, -64.151, -64.151, -64.151, 53.407, 84.425, 35.213, 34.647, 7.377, 12.377, 0, 0, -5.031, -5.104, -5.031, -5.104, 1, 29.814, 29.814, 0.024, 0.133, -16.584, -16.827, -16.584, -16.827, 4.262, 7.377, 12.377, , , 1, 28.935, 0, 0, 14, 1.61, 171, 0, 0, 0, 50.781, 5.398, 5.062, 125.6, 39.21, 100, 0, 0, 18.11, 18.11, 2, 0.66, 88, 0, 0, 94.608, 30.586, 0, 0, 0, 0, 0, 13.6, 0, 14, 0, 1.61, 171, 0, 0, 0, 50.781, 1, 0.005, 0.005, 125.6, 39.21, 100, 0, 0, 141, 18.11, 18.11, 2, 0.66, 0, 88, 0, 0, 94.608, 30.586, 0, 0.5, 0, 0, 
28.95, 16.949, 100.33, 73.27, 74.087, , -2.689, 0.986, 1783.541, 1783.541, 1.601, -62.201, -62.201, -62.201, 53.381, 85.147, 35.321, 34.863, 7.378, 12.367, 0, 0, -4.858, -4.928, -4.858, -4.928, 1, 29.676, 29.676, 0.024, 0.133, -16.089, -16.324, -16.089, -16.324, 4.252, 7.378, 12.367, , , 1, 28.985, 0, 0, 14, 1.601, 171, 0, 0, 0, 50.98, 5.436, 5.087, 125.6, 39.432, 100, 0, 0, 18.01, 18.01, 2, 0.66, 88, 0, 0, 94.508, 30.462, 0, 0, 0, 0, 0, 13.6, 0, 14, 0, 1.601, 171, 0, 0, 0, 50.98, 1, 0.005, 0.005, 125.6, 39.432, 100, 0, 0, 141, 18.01, 18.01, 2, 0.66, 0, 88, 0, 0, 94.508, 30.462, 0, 0.5, 0, 0, 
29, 16.95, 100.33, 73.27, 74.086, , -2.608, 0.986, 1785.727, 1785.727, 1.593, -60.271, -60.271, -60.271, 53.356, 85.868, 35.429, 35.079, 7.378, 12.366, 0, 0, -4.685, -4.754, -4.685, -4.754, 1, 29.539, 29.539, 0.024, 0.134, -15.591, -15.818, -15.591, -15.818, 4.241, 7.378, 12.366, , , 1, 29.035, 0, 0, 14, 1.593, 171, 0, 0, 0, 51, 5.454, 5.099, 125.6, 39.582, 100, 0, 0, 17.912, 17.912, 2, 0.66, 87.911, 0, 0, 94.5, 30.341, 0, 0, 0, 0, 0, 13.6, 0, 14, 0, 1.593, 171, 0, 0, 0, 51, 1, 0.005, 0.005, 125.6, 39.582, 100, 0, 0, 141, 17.912, 17.912, 2, 0.66, 0, 87.911, 0, 0, 94.5, 30.341, 0, 0.5, 0, 0, 
29.05, 16.951, 100.33, 73.27, 74.086, , -2.527, 0.986, 1787.908, 1787.908, 1.585, -58.346, -58.346, -58.346, 53.368, 86.59, 35.537, 35.295, 7.379, 12.369, 0, 0, -4.512, -4.579, -4.512, -4.579, 1, 29.41, 29.41, 0.024, 0.134, -15.093, -15.312, -15.093, -15.312, 4.23, 7.379, 12.369, , , 1, 29.085, 0, 0, 14, 1.585, 171, 0, 0, 0, 51, 5.47, 5.108, 125.6, 39.725, 100, 0, 0, 17.815, 17.815, 2, 0.66, 87.814, 0, 0, 94.5, 30.221, 0, 0, 0, 0, 0, 13.6, 0, 14, 0, 1.585, 171, 0, 0, 0, 51, 1, 0.005, 0.005, 125.6, 39.725, 100, 0, 0, 141, 17.815, 17.815, 2, 0.66, 0, 87.814, 0, 0, 94.5, 30.221, 0, 0.5, 0, 0, 
29.1, 16.953, 100.33, 73.27, 74.085, , -2.398, 0.986, 1790.077, 1790.077, 1.577, -55.295, -55.295, -55.295, 53.391, 87.311, 35.57, 35.39, 7.379, 12.37, 0, 0, -4.258, -4.322, -4.258, -4.322, 1, 29.284, 29.284, 0.024, 0.134, -14.298, -14.507, -14.298, -14.507, 4.219, 7.379, 12.37, , , 1, 29.135, 0, 0, 14, 1.577, 171, 0, 0, 0, 51, 5.485, 5.118, 125.6, 39.869, 100, 0, 0, 17.718, 17.718, 2, 0.66, 87.717, 0, 0, 94.5, 30.1, 0, 0, 0, 0, 0, 13.6, 0, 14, 0, 1.577, 171, 0, 0, 0, 51, 1, 0.006, 0.005, 125.6, 39.869, 100, 0, 0, 141, 17.718, 17.718, 2, 0.66, 0, 87.717, 0, 0, 94.5, 30.1, 0, 0.5, 0, 0, 
29.15, 16.954, 100.33, 73.27, 74.084, , -2.247, 0.986, 1792.238, 1792.238, 1.569, -51.715, -51.715, -51.715, 53.431, 88.032, 35.498, 35.318, 7.38, 12.372, 0, 0, -3.967, -4.026, -3.967, -4.026, 1, 29.168, 29.168, 0.024, 0.134, -13.365, -13.561, -13.365, -13.561, 4.204, 7.38, 12.372, , , 1, 29.185, 0, 0, 14, 1.569, 171, 0, 0, 0, 51, 5.501, 5.128, 125.6, 40.012, 100, 0, 0, 17.621, 17.621, 2, 0.66, 87.62, 0, 0, 94.5, 29.98, 0, 0, 0, 0, 0, 13.6, 0, 14, 0, 1.569, 171, 0, 0, 0, 51, 1, 0.006, 0.005, 125.6, 40.012, 100, 0, 0, 141, 17.621, 17.621, 2, 0.66, 0, 87.62, 0, 0, 94.5, 29.98, 0, 0.5, 0, 0, 
29.2, 16.955, 100.33, 73.27, 74.083, , -2.188, 0.986, 1794.389, 1794.389, 1.561, -50.319, -50.319, -50.319, 53.481, 88.754, 35.426, 35.246, 7.38, 12.364, 0, 0, -3.843, -3.901, -3.843, -3.901, 1, 29.058, 29.058, 0.024, 0.134, -12.993, -13.184, -12.993, -13.184, 4.186, 7.38, 12.364, , , 1, 29.235, 0, 0, 14, 1.561, 171, 0, 0, 0, 51, 5.516, 5.138, 125.6, 40.156, 100, 0, 0, 17.523, 17.523, 2, 0.66, 87.523, 0, 0, 94.5, 29.859, 0, 0, 0, 0, 0, 13.6, 0, 14, 0, 1.561, 171, 0, 0, 0, 51, 1, 0.006, 0.005, 125.6, 40.156, 100, 0, 0, 141, 17.523, 17.523, 2, 0.66, 0, 87.523, 0, 0, 94.5, 29.859, 0, 0.5, 0, 0, 
29.25, 16.956, 100.33, 73.27, 74.083, , -2.214, 0.986, 1796.531, 1796.531, 1.557, -50.94, -50.94, -50.94, 53.532, 89.475, 35.354, 35.174, 7.379, 12.352, 0, 0, -3.875, -3.934, -3.875, -3.934, 1, 28.948, 28.948, 0.024, 0.134, -13.14, -13.332, -13.14, -13.332, 4.167, 7.379, 12.352, , , 1, 29.285, 0, 0, 14.016, 1.557, 171, 0, 0, 0, 51, 5.52, 5.156, 125.6, 40.307, 100, 0, 0, 17.5, 17.5, 2, 0.66, 87.5, 0, 0, 94.421, 29.731, 0, 0, 0, 0, 0, 13.6, 0, 14.016, 0, 1.557, 171, 0, 0, 0, 51, 1, 0.006, 0.005, 125.6, 40.307, 100, 0, 0, 141, 17.5, 17.5, 2, 0.66, 0, 87.5, 0, 0, 94.421, 29.731, 0, 0.484, 0, 0, 
29.3, 16.957, 100.33, 73.27, 74.082, , -2.178, 0.986, 1798.667, 1798.667, 1.554, -50.071, -50.071, -50.071, 53.582, 90.196, 35.282, 35.102, 7.379, 12.331, 0, 0, -3.796, -3.854, -3.796, -3.854, 1, 28.837, 28.837, 0.024, 0.134, -12.906, -13.094, -12.906, -13.094, 4.149, 7.379, 12.331, , , 1, 29.335, 0, 0, 14.037, 1.554, 171, 0, 0, 0, 51, 5.52, 5.176, 125.6, 40.46, 100, 0, 0, 17.5, 17.5, 2, 0.66, 87.5, 0, 0, 94.317, 29.601, 0, 0, 0, 0, 0, 13.6, 0, 14.037, 0, 1.554, 171, 0, 0, 0, 51, 1, 0.006, 0.005, 125.6, 40.46, 100, 0, 0, 141, 17.5, 17.5, 2, 0.66, 0, 87.5, 0, 0, 94.317, 29.601, 0, 0.464, 0, 0, 
29.35, 16.958, 100.33, 73.27, 74.081, , -2.019, 0.986, 1800.791, 1800.791, 1.551, -46.309, -46.309, -46.309, 53.61, 88.4, 35.27, 35.06, 7.378, 12.306, 0, 0, -3.499, -3.553, -3.499, -3.553, 1, 28.73, 28.73, 0.024, 0.135, -11.933, -12.106, -11.933, -12.106, 4.134, 7.378, 12.306, , , 1, 29.385, 0, 0, 14.057, 1.551, 171, 0, 0, 0, 51, 5.52, 5.197, 125.6, 40.614, 100, 0, 0, 17.5, 17.5, 2, 0.66, 87.5, 0, 0, 94.214, 29.471, 0, 0, 0, 0, 0, 13.6, 0, 14.057, 0, 1.551, 171, 0, 0, 0, 51, 1, 0.006, 0.005, 125.6, 40.614, 100, 0, 0, 141, 17.5, 17.5, 2, 0.66, 0, 87.5, 0, 0, 94.214, 29.471, 0, 0.443, 0, 0, 
29.4, 16.959, 100.33, 73.27, 74.08, , -1.897, 0.986, 1802.914, 1802.914, 1.548, -43.408, -43.408, -43.408, 53.569, 79.438, 35.342, 35.06, 7.378, 12.276, 0, 0, -3.267, -3.317, -3.267, -3.317, 1, 28.635, 28.635, 0.024, 0.135, -11.185, -11.346, -11.185, -11.346, 4.129, 7.378, 12.276, , , 1, 29.435, 0, 0, 14.078, 1.548, 171, 0, 0, 0, 51, 5.52, 5.218, 125.6, 40.767, 100, 0, 0, 17.5, 17.5, 2, 0.66, 87.5, 0, 0, 94.11, 29.341, 0, 0, 0, 0, 0, 13.6, 0, 14.078, 0, 1.548, 171, 0, 0, 0, 51, 1, 0.006, 0.005, 125.6, 40.767, 100, 0, 0, 141, 17.5, 17.5, 2, 0.66, 0, 87.5, 0, 0, 94.11, 29.341, 0, 0.422, 0, 0, 
29.45, 16.959, 100.33, 73.27, 74.08, , -1.997, 0.986, 1805.038, 1805.038, 1.545, -45.798, -45.798, -45.798, 53.527, 70.477, 35.414, 35.06, 7.377, 12.244, 0, 0, -3.433, -3.485, -3.433, -3.485, 1, 28.539, 28.539, 0.024, 0.135, -11.817, -11.988, -11.817, -11.988, 4.124, 7.377, 12.244, , , 1, 29.486, 0, 0, 14.099, 1.545, 171, 0, 0, 0, 51, 5.52, 5.238, 125.6, 40.921, 100, 0, 0, 17.5, 17.5, 2, 0.66, 87.5, 0, 0, 94.006, 29.21, 0, 0, 0, 0, 0, 13.6, 0, 14.099, 0, 1.545, 171, 0, 0, 0, 51, 1, 0.006, 0.005, 125.6, 40.921, 100, 0, 0, 141, 17.5, 17.5, 2, 0.66, 0, 87.5, 0, 0, 94.006, 29.21, 0, 0.402, 0, 0, 
29.5, 16.958, 100.33, 73.27, 74.081, , -2.098, 0.986, 1807.162, 1807.162, 1.538, -48.189, -48.189, -48.189, 53.446, 61.515, 35.486, 35.06, 7.377, 12.212, 0, 0, -3.6, -3.653, -3.6, -3.653, 1, 28.432, 28.432, 0.024, 0.135, -12.449, -12.629, -12.449, -12.629, 4.12, 7.377, 12.212, , , 1, 29.535, 0, 0, 14.1, 1.538, 171, 0, 0, 0, 51, 5.549, 5.265, 125.6, 40.997, 100, 0, 0, 17.5, 17.5, 2, 0.66, 87.5, 0, 0, 94, 29.089, 0, 0, 0, 0, 0, 13.6, 0, 14.1, 0, 1.538, 171, 0, 0, 0, 51, 1, 0.006, 0.005, 125.6, 40.997, 100, 0, 0, 141, 17.5, 17.5, 2, 0.66, 0, 87.5, 0, 0, 94, 29.089, 0, 0.4, 0, 0, 
29.55, 16.957, 100.33, 73.27, 74.082, , -2.035, 0.986, 1809.248, 1809.248, 1.53, -46.697, -46.697, -46.697, 53.365, 52.553, 35.558, 35.06, 7.377, 12.18, 0, 0, -3.477, -3.529, -3.477, -3.529, 1, 28.326, 28.326, 0.024, 0.135, -12.084, -12.259, -12.084, -12.259, 4.119, 7.377, 12.18, , , 1, 29.585, 0, 0, 14.1, 1.53, 171, 0, 0, 0, 51, 5.58, 5.292, 125.6, 41.069, 100, 0, 0, 17.5, 17.5, 2, 0.66, 87.5, 0, 0, 94, 28.969, 0, 0, 0, 0, 0, 13.6, 0, 14.1, 0, 1.53, 171, 0, 0, 0, 51, 1, 0.006, 0.005, 125.6, 41.069, 100, 0, 0, 141, 17.5, 17.5, 2, 0.66, 0, 87.5, 0, 0, 94, 28.969, 0, 0.4, 0, 0, 
29.6, 16.956, 100.33, 73.27, 74.083, , -1.958, 0.986, 1811.333, 1811.333, 1.522, -44.869, -44.869, -44.869, 53.26, 43.592, 35.645, 35.06, 7.377, 12.151, 0, 0, -3.328, -3.378, -3.328, -3.378, 1, 28.226, 28.226, 0.024, 0.134, -11.632, -11.801, -11.632, -11.801, 4.133, 7.377, 12.151, , , 1, 29.636, 0, 0, 14.1, 1.522, 171, 0, 0, 0, 51, 5.611, 5.319, 125.6, 41.14, 100, 0, 0, 17.5, 17.5, 2, 0.66, 87.5, 0, 0, 94, 28.849, 0, 0, 0, 0, 0, 13.6, 0, 14.1, 0, 1.522, 171, 0, 0, 0, 51, 1, 0.006, 0.005, 125.6, 41.14, 100, 0, 0, 141, 17.5, 17.5, 2, 0.66, 0, 87.5, 0, 0, 94, 28.849, 0, 0.4, 0, 0, 
29.65, 16.955, 100.33, 73.27, 74.083, , -1.937, 0.986, 1813.405, 1813.405, 1.514, -44.369, -44.369, -44.369, 53.15, 47.846, 35.753, 35.06, 7.377, 12.122, 0, 0, -3.28, -3.33, -3.28, -3.33, 1, 28.128, 28.128, 0.024, 0.134, -11.524, -11.69, -11.524, -11.69, 4.147, 7.377, 12.122, , , 1, 29.685, 0, 0, 14.1, 1.514, 171, 0, 0, 0, 51, 5.642, 5.346, 125.6, 41.211, 100, 0, 0, 17.5, 17.5, 2, 0.66, 87.5, 0, 0, 94, 28.729, 0, 0, 0, 0, 0, 13.6, 0, 14.1, 0, 1.514, 171, 0, 0, 0, 51, 1, 0.006, 0.005, 125.6, 41.211, 100, 0, 0, 141, 17.5, 17.5, 2, 0.66, 0, 87.5, 0, 0, 94, 28.729, 0, 0.4, 0, 0, 
29.7, 16.954, 100.33, 73.27, 74.084, , -1.94, 0.986, 1815.471, 1815.471, 1.506, -44.438, -44.438, -44.438, 53.055, 64.3, 35.861, 35.06, 7.377, 12.098, 0, 0, -3.276, -3.326, -3.276, -3.326, 1, 28.03, 28.03, 0.024, 0.134, -11.562, -11.729, -11.562, -11.729, 4.162, 7.377, 12.098, , , 1, 29.735, 0, 0, 14.1, 1.506, 171, 0, 0, 0, 51, 5.673, 5.373, 125.6, 41.283, 100, 0, 0, 17.5, 17.5, 2, 0.66, 87.5, 0, 0, 94, 28.609, 0, 0, 0, 0, 0, 13.6, 0, 14.1, 0, 1.506, 171, 0, 0, 0, 51, 1, 0.006, 0.005, 125.6, 41.283, 100, 0, 0, 141, 17.5, 17.5, 2, 0.66, 0, 87.5, 0, 0, 94, 28.609, 0, 0.4, 0, 0, 
29.75, 16.953, 100.33, 73.27, 74.085, , -1.921, 0.986, 1817.537, 1817.537, 1.498, -44.002, -44.002, -44.002, 52.973, 68.021, 35.969, 35.06, 7.377, 12.075, 0, 0, -3.232, -3.282, -3.232, -3.282, 1, 27.933, 27.933, 0.024, 0.134, -11.465, -11.629, -11.465, -11.629, 4.176, 7.377, 12.075, , , 1, 29.785, 0, 0, 14.1, 1.498, 171, 0, 0, 0, 51.146, 5.711, 5.387, 125.6, 41.515, 100, 0, 0, 17.427, 17.427, 2.146, 0.663, 87.719, 0, 0, 94.146, 28.489, 0, 0, 0, 0, 0, 13.6, 0, 14.1, 0, 1.498, 171, 0, 0, 0, 51.146, 1, 0.006, 0.005, 125.6, 41.515, 100, 0, 0, 141, 17.427, 17.427, 2.146, 0.663, 0, 87.719, 0, 0, 94.146, 28.489, 0, 0.4, 0, 0, 
29.8, 16.951, 100.33, 73.27, 74.086, , -1.876, 0.986, 1819.603, 1819.603, 1.489, -42.924, -42.924, -42.924, 52.918, 70.327, 36.077, 35.06, 7.377, 12.058, 0, 0, -3.14, -3.187, -3.14, -3.187, 1, 27.837, 27.837, 0.024, 0.134, -11.195, -11.355, -11.195, -11.355, 4.182, 7.377, 12.058, , , 1, 29.835, 0, 0, 14.1, 1.489, 171, 0, 0, 0, 51.338, 5.751, 5.397, 125.6, 41.798, 100, 0, 0, 17.331, 17.331, 2.338, 0.667, 88.008, 0, 0, 94.338, 28.37, 0, 0, 0, 0, 0, 13.6, 0, 14.1, 0, 1.489, 171, 0, 0, 0, 51.338, 1, 0.006, 0.005, 125.6, 41.798, 100, 0, 0, 141, 17.331, 17.331, 2.338, 0.667, 0, 88.008, 0, 0, 94.338, 28.37, 0, 0.4, 0, 0, 
29.85, 16.95, 100.33, 73.27, 74.086, , -1.839, 0.986, 1821.663, 1821.663, 1.481, -42.06, -42.06, -42.06, 52.921, 72.634, 36.155, 35.226, 7.377, 12.044, 0, 0, -3.063, -3.109, -3.063, -3.109, 1, 27.745, 27.745, 0.024, 0.134, -10.977, -11.133, -10.977, -11.133, 4.188, 7.377, 12.044, , , 1, 29.885, 0, 0, 14.1, 1.481, 171, 0, 0, 0, 51.531, 5.791, 5.407, 125.6, 42.08, 100, 0, 0, 17.235, 17.235, 2.531, 0.671, 88.296, 0, 0, 94.531, 28.251, 0, 0, 0, 0, 0, 13.6, 0, 14.1, 0, 1.481, 171, 0, 0, 0, 51.531, 1, 0.006, 0.005, 125.6, 42.08, 100, 0, 0, 141, 17.235, 17.235, 2.531, 0.671, 0, 88.296, 0, 0, 94.531, 28.251, 0, 0.4, 0, 0, 
29.9, 16.949, 100.33, 73.27, 74.087, , -1.844, 0.986, 1823.694, 1823.694, 1.472, -42.17, -42.17, -42.17, 52.927, 72.225, 36.191, 35.622, 7.377, 12.036, 0, 0, -3.062, -3.107, -3.062, -3.107, 1, 27.653, 27.653, 0.024, 0.133, -10.996, -11.152, -10.996, -11.152, 4.193, 7.377, 12.036, , , 1, 29.935, 0, 0, 14.1, 1.472, 171, 0, 0, 0, 51.723, 5.832, 5.416, 125.6, 42.363, 100, 0, 0, 17.138, 17.138, 2.723, 0.674, 88.585, 0, 0, 94.723, 28.132, 0, 0, 0, 0, 0, 13.6, 0, 14.1, 0, 1.472, 171, 0, 0, 0, 51.723, 1, 0.006, 0.005, 125.6, 42.363, 100, 0, 0, 141, 17.138, 17.138, 2.723, 0.674, 0, 88.585, 0, 0, 94.723, 28.132, 0, 0.4, 0, 0, 
29.95, 16.948, 100.33, 73.27, 74.088, , -1.848, 0.986, 1825.725, 1825.725, 1.464, -42.28, -42.28, -42.28, 53.014, 70.151, 36.227, 36.018, 7.378, 12.031, 0, 0, -3.06, -3.104, -3.06, -3.104, 1, 27.56, 27.56, 0.024, 0.133, -11.014, -11.171, -11.014, -11.171, 4.199, 7.378, 12.031, , , 1, 29.985, 0, 0, 14.1, 1.464, 171, 0, 0, 0, 51.915, 5.872, 5.426, 125.6, 42.646, 100, 0, 0, 17.042, 17.042, 2.915, 0.678, 88.873, 0, 0, 94.915, 28.012, 0, 0, 0, 0, 0, 13.6, 0, 14.1, 0, 1.464, 171, 0, 0, 0, 51.915, 1, 0.006, 0.005, 125.6, 42.646, 100, 0, 0, 141, 17.042, 17.042, 2.915, 0.678, 0, 88.873, 0, 0, 94.915, 28.012, 0, 0.4, 0, 0, 
30, 16.947, 100.33, 73.27, 74.089, , -1.749, 0.986, 1827.756, 1827.756, 1.458, -39.929, -39.929, -39.929, 53.101, 63.179, 36.263, 36.414, 7.378, 12.031, 0, 0, -2.884, -2.925, -2.884, -2.925, 1, 27.467, 27.467, 0.024, 0.133, -10.39, -10.538, -10.39, -10.538, 4.194, 7.378, 12.031, , , 1, 30.035, 0, 0, 14.1, 1.458, 171, 0, 0, 0, 52, 5.914, 5.45, 125.6, 42.915, 100, 0, 0, 17, 17, 3, 0.682, 89.028, 0, 0, 95, 27.891, 0, 0, 0, 0, 0, 13.6, 0, 14.1, 0, 1.458, 171, 0, 0, 0, 52, 1, 0.006, 0.005, 125.6, 42.915, 100, 0, 0, 141, 17, 17, 3, 0.682, 0, 89.028, 0, 0, 95, 27.891, 0, 0.4, 0, 0, 
30.05, 16.946, 100.33, 73.27, 74.09, , -1.636, 0.986, 1829.786, 1829.786, 1.454, -37.242, -37.242, -37.242, 53.157, 58.597, 36.299, 36.81, 7.379, 12.036, 0, 0, -2.684, -2.722, -2.684, -2.722, 1, 27.385, 27.385, 0.024, 0.134, -9.679, -9.816, -9.679, -9.816, 4.186, 7.379, 12.036, , , 1, 30.085, 0, 0, 14.1, 1.454, 171, 0, 0, 0, 52, 5.956, 5.486, 125.6, 43.174, 100, 0, 0, 17, 17, 3, 0.686, 89.078, 0, 0, 95, 27.767, 0, 0, 0, 0, 0, 13.6, 0, 14.1, 0, 1.454, 171, 0, 0, 0, 52, 1, 0.006, 0.005, 125.6, 43.174, 100, 0, 0, 141, 17, 17, 3, 0.686, 0, 89.078, 0, 0, 95, 27.767, 0, 0.4, 0, 0, 
30.1, 16.945, 100.33, 73.27, 74.09, , -1.344, 0.986, 1831.806, 1831.806, 1.451, -30.317, -30.317, -30.317, 53.203, 59.305, 36.244, 36.889, 7.379, 12.043, 0, 0, -2.182, -2.212, -2.182, -2.212, 1, 27.306, 27.306, 0.024, 0.134, -7.867, -7.978, -7.867, -7.978, 4.177, 7.379, 12.043, , , 1, 30.135, 0, 0, 14.1, 1.451, 171, 0, 0, 0, 52, 5.998, 5.522, 125.6, 43.433, 100, 0, 0, 17, 17, 3, 0.69, 89.128, 0, 0, 95, 27.644, 0, 0, 0, 0, 0, 13.6, 0, 14.1, 0, 1.451, 171, 0, 0, 0, 52, 1, 0.006, 0.006, 125.6, 43.433, 100, 0, 0, 141, 17, 17, 3, 0.69, 0, 89.128, 0, 0, 95, 27.644, 0, 0.4, 0, 0, 
30.15, 16.943, 100.33, 73.27, 74.091, , -0.923, 0.986, 1833.818, 1833.818, 1.447, -20.322, -20.322, -20.322, 53.183, 60.014, 36.064, 36.529, 7.38, 12.051, 0, 0, -1.46, -1.481, -1.46, -1.481, 1, 27.247, 27.247, 0.024, 0.134, -5.257, -5.332, -5.257, -5.332, 4.169, 7.38, 12.051, , , 1, 30.185, 0, 0, 14.1, 1.447, 171, 0, 0, 0, 52, 6.04, 5.558, 125.6, 43.692, 100, 0, 0, 17, 17, 3, 0.694, 89.178, 0, 0, 95, 27.52, 0, 0, 0, 0, 0, 13.6, 0, 14.1, 0, 1.447, 171, 0, 0, 0, 52, 1, 0.006, 0.006, 125.6, 43.692, 100, 0, 0, 141, 17, 17, 3, 0.694, 0, 89.178, 0, 0, 95, 27.52, 0, 0.4, 0, 0, 
30.2, 16.942, 100.33, 73.27, 74.092, , -0.514, 0.986, 1835.826, 1835.826, 1.444, -10.639, -10.639, -10.639, 53.071, 60.722, 35.884, 36.169, 7.38, 12.061, 0, 0, -0.763, -0.774, -0.763, -0.774, 1, 27.215, 27.215, 0.024, 0.134, -2.731, -2.769, -2.731, -2.769, 4.156, 7.38, 12.061, , , 1, 30.235, 0, 0, 14.1, 1.444, 171, 0, 0, 0, 52, 6.082, 5.594, 125.6, 43.951, 100, 0, 0, 17, 17, 3, 0.698, 89.228, 0, 0, 95, 27.397, 0, 0, 0, 0, 0, 13.6, 0, 14.1, 0, 1.444, 171, 0, 0, 0, 52, 1, 0.006, 0.006, 125.6, 43.951, 100, 0, 0, 141, 17, 17, 3, 0.698, 0, 89.228, 0, 0, 95, 27.397, 0, 0.4, 0, 0, 
30.25, 16.941, 100.33, 73.27, 74.093, , -0.144, 0.986, 1837.822, 1837.822, 1.44, -1.84, -1.84, -1.84, 52.954, 61.43, 35.704, 35.809, 7.379, 12.072, 0, 0, -0.132, -0.134, -0.132, -0.134, 1, 27.188, 27.188, 0.024, 0.134, -0.439, -0.444, -0.439, -0.444, 4.14, 7.379, 12.072, , , 1, 30.285, 0, 0, 14.1, 1.44, 171, 0, 0, 0, 52, 6.105, 5.615, 125.6, 44.087, 100, 0, 0, 17, 17, 3, 0.7, 89.279, 0, 0, 95, 27.34, 0, 0, 0, 0, 0, 13.6, 0, 14.1, 0, 1.44, 171, 0, 0, 0, 52, 1, 0.006, 0.006, 125.6, 44.087, 100, 0, 0, 141, 17, 17, 3, 0.7, 0, 89.279, 0, 0, 95, 27.34, 0, 0.4, 0, 0, 
30.3, 16.94, 100.33, 73.27, 74.093, , 0.227, 0.986, 1839.817, 1839.817, 1.437, 6.959, 6.959, 6.959, 52.79, 62.139, 35.524, 35.449, 7.379, 12.084, 0, 0, 0.5, 0.505, 0.5, 0.505, 1, 27.201, 27.201, 0.024, 0.134, 1.853, 1.881, 1.853, 1.881, 4.125, 7.379, 12.084, , , 1, 30.335, 0, 0, 14.1, 1.437, 171, 0, 0, 0, 52, 6.113, 5.623, 125.6, 44.125, 100, 0, 0, 17, 17, 3, 0.7, 89.331, 0, 0, 95, 27.34, 0, 0, 0, 0, 0, 13.6, 0, 14.1, 0, 1.437, 171, 0, 0, 0, 52, 1, 0.006, 0.006, 125.6, 44.125, 100, 0, 0, 141, 17, 17, 3, 0.7, 0, 89.331, 0, 0, 95, 27.34, 0, 0.4, 0, 0, 
30.35, 16.939, 100.33, 73.27, 74.094, , 0.565, 0.986, 1841.813, 1841.813, 1.433, 14.977, 14.977, 14.977, 52.626, 62.847, 35.405, 35.24, 7.378, 12.098, 0, 0, 1.076, 1.09, 1.076, 1.09, 1, 27.213, 27.213, 0.024, 0.134, 3.961, 4.018, 3.961, 4.018, 4.11, 7.378, 12.098, , , 1, 30.386, 0, 0, 14.1, 1.433, 171, 0, 0, 0, 52, 6.121, 5.631, 125.6, 44.164, 100, 0, 0, 17, 17, 3, 0.7, 89.383, 0, 0, 95, 27.34, 0, 0, 0, 0, 0, 13.6, 0, 14.1, 0, 1.433, 171, 0, 0, 0, 52, 1, 0.006, 0.006, 125.6, 44.164, 100, 0, 0, 141, 17, 17, 3, 0.7, 0, 89.383, 0, 0, 95, 27.34, 0, 0.4, 0, 0, 
30.4, 16.938, 100.33, 73.27, 74.095, , 0.9, 0.986, 1843.81, 1843.81, 1.43, 22.928, 22.928, 22.928, 52.474, 63.556, 35.369, 35.24, 7.378, 12.113, 0, 0, 1.647, 1.67, 1.647, 1.67, 1, 27.255, 27.255, 0.024, 0.134, 6.052, 6.139, 6.052, 6.139, 4.104, 7.378, 12.113, , , 1, 30.435, 0, 0, 14.1, 1.43, 171, 0, 0, 0, 52, 6.13, 5.64, 125.6, 44.202, 100, 0, 0, 17, 17, 3, 0.7, 89.435, 0, 0, 95, 27.34, 0, 0, 0, 0, 0, 13.6, 0, 14.1, 0, 1.43, 171, 0, 0, 0, 52, 1, 0.006, 0.006, 125.6, 44.202, 100, 0, 0, 141, 17, 17, 3, 0.7, 0, 89.435, 0, 0, 95, 27.34, 0, 0.4, 0, 0, 
30.45, 16.937, 100.33, 73.27, 74.096, , 1.104, 0.986, 1845.806, 1845.806, 1.427, 27.767, 27.767, 27.767, 52.326, 64.264, 35.333, 35.24, 7.378, 12.13, 0, 0, 1.997, 2.025, 1.997, 2.025, 1, 27.306, 27.306, 0.024, 0.134, 7.336, 7.441, 7.336, 7.441, 4.108, 7.378, 12.13, , , 1, 30.485, 0, 0, 14.1, 1.427, 171, 0, 0, 0, 52, 6.138, 5.648, 125.6, 44.241, 100, 0, 0, 17, 17, 3, 0.7, 89.488, 0, 0, 95, 27.34, 0, 0, 0, 0, 0, 13.6, 0, 14.1, 0, 1.427, 171, 0, 0, 0, 52, 1, 0.006, 0.006, 125.6, 44.241, 100, 0, 0, 141, 17, 17, 3, 0.7, 0, 89.488, 0, 0, 95, 27.34, 0, 0.4, 0, 0, 
30.5, 16.935, 100.33, 73.27, 74.096, , 1.213, 0.986, 1847.801, 1847.801, 1.427, 30.354, 30.354, 30.354, 52.197, 64.973, 35.297, 35.24, 7.378, 12.146, 0, 0, 2.186, 2.217, 2.186, 2.217, 1, 27.362, 27.362, 0.024, 0.134, 8.035, 8.151, 8.035, 8.151, 4.112, 7.378, 12.146, , , 1, 30.535, 0, 0, 14.1, 1.427, 171, 0, 0, 0, 52, 6.146, 5.65, 125.6, 44.276, 100, 0, 0, 17.035, 17.035, 3, 0.7, 89.535, 0, 0, 95.07, 27.384, 0, 0, 0, 0, 0, 13.6, 0, 14.1, 0, 1.427, 171, 0, 0, 0, 52, 1, 0.006, 0.006, 125.6, 44.276, 100, 0, 0, 141, 17.035, 17.035, 3, 0.7, 0, 89.535, 0, 0, 95.07, 27.384, 0, 0.4, 0, 0, 
30.55, 16.934, 100.33, 73.27, 74.097, , 1.319, 0.986, 1849.796, 1849.796, 1.428, 32.868, 32.868, 32.868, 52.099, 65.681, 35.261, 35.24, 7.379, 12.161, 0, 0, 2.371, 2.405, 2.371, 2.405, 1, 27.426, 27.426, 0.024, 0.134, 8.716, 8.841, 8.716, 8.841, 4.117, 7.379, 12.161, , , 1, 30.585, 0, 0, 14.1, 1.428, 171, 0, 0, 0, 52, 6.153, 5.65, 125.6, 44.31, 100, 0, 0, 17.081, 17.081, 3, 0.7, 89.581, 0, 0, 95.163, 27.441, 0, 0, 0, 0, 0, 13.6, 0, 14.1, 0, 1.428, 171, 0, 0, 0, 52, 1, 0.006, 0.006, 125.6, 44.31, 100, 0, 0, 141, 17.081, 17.081, 3, 0.7, 0, 89.581, 0, 0, 95.163, 27.441, 0, 0.4, 0, 0, 
30.6, 16.933, 100.33, 73.27, 74.098, , 1.415, 0.986, 1851.792, 1851.792, 1.429, 35.15, 35.15, 35.15, 51.999, 66.389, 35.27, 35.406, 7.379, 12.174, 0, 0, 2.542, 2.579, 2.542, 2.579, 1, 27.491, 27.491, 0.024, 0.134, 9.339, 9.473, 9.339, 9.473, 4.122, 7.379, 12.174, , , 1, 30.636, 0, 0, 14.1, 1.429, 171, 0, 0, 0, 52, 6.16, 5.65, 125.6, 44.345, 100, 0, 0, 17.128, 17.128, 3, 0.7, 89.628, 0, 0, 95.256, 27.498, 0, 0, 0, 0, 0, 13.6, 0, 14.1, 0, 1.429, 171, 0, 0, 0, 52, 1, 0.006, 0.006, 125.6, 44.345, 100, 0, 0, 141, 17.128, 17.128, 3, 0.7, 0, 89.628, 0, 0, 95.256, 27.498, 0, 0.4, 0, 0, 
30.65, 16.932, 100.33, 73.27, 74.099, , 1.512, 0.986, 1853.787, 1853.787, 1.429, 37.432, 37.432, 37.432, 51.877, 67.098, 35.342, 35.802, 7.38, 12.183, 0, 0, 2.713, 2.753, 2.713, 2.753, 1, 27.567, 27.567, 0.024, 0.134, 9.961, 10.104, 9.961, 10.104, 4.131, 7.38, 12.183, , , 1, 30.686, 0, 0, 14.1, 1.429, 171, 0, 0, 0, 52, 6.168, 5.65, 125.6, 44.379, 100, 0, 0, 17.174, 17.174, 3, 0.7, 89.674, 0, 0, 95.348, 27.556, 0, 0, 0, 0, 0, 13.6, 0, 14.1, 0, 1.429, 171, 0, 0, 0, 52, 1, 0.006, 0.006, 125.6, 44.379, 100, 0, 0, 141, 17.174, 17.174, 3, 0.7, 0, 89.674, 0, 0, 95.348, 27.556, 0, 0.4, 0, 0, 
30.7, 16.931, 100.33, 73.27, 74.099, , 1.519, 0.986, 1855.798, 1855.798, 1.43, 37.602, 37.602, 37.602, 51.755, 67.806, 35.414, 36.198, 7.38, 12.19, 0, 0, 2.733, 2.773, 2.733, 2.773, 1, 27.644, 27.644, 0.024, 0.134, 10.029, 10.172, 10.029, 10.172, 4.14, 7.38, 12.19, , , 1, 30.735, 0, 0, 14.1, 1.43, 171, 0, 0, 0, 52, 6.175, 5.65, 125.6, 44.413, 100, 0, 0, 17.22, 17.22, 3, 0.7, 89.72, 0, 0, 95.441, 27.613, 0, 0, 0, 0, 0, 13.6, 0, 14.1, 0, 1.43, 171, 0, 0, 0, 52, 1, 0.006, 0.006, 125.6, 44.413, 100, 0, 0, 141, 17.22, 17.22, 3, 0.7, 0, 89.72, 0, 0, 95.441, 27.613, 0, 0.4, 0, 0, 
30.75, 16.93, 100.33, 73.27, 74.1, , 1.516, 0.986, 1857.811, 1857.811, 1.431, 37.537, 37.537, 37.537, 51.652, 68.515, 35.486, 36.594, 7.379, 12.194, 0, 0, 2.735, 2.775, 2.735, 2.775, 1, 27.719, 27.719, 0.024, 0.134, 10.034, 10.178, 10.034, 10.178, 4.148, 7.379, 12.194, , , 1, 30.785, 0, 0, 14.1, 1.431, 171, 0, 0, 0, 52, 6.178, 5.65, 125.6, 44.449, 100, 0, 0, 17.269, 17.269, 3, 0.7, 89.731, 0, 0, 95.5, 27.673, 0, 0, 0, 0, 0, 13.6, 0, 14.1, 0, 1.431, 171, 0, 0, 0, 52, 1, 0.006, 0.006, 125.6, 44.449, 100, 0, 0, 141, 17.269, 17.269, 3, 0.7, 0, 89.731, 0, 0, 95.5, 27.673, 0, 0.4, 0, 0, 
30.8, 16.93, 100.33, 73.27, 74.1, , 1.509, 0.986, 1859.834, 1859.834, 1.431, 37.373, 37.373, 37.373, 51.556, 69.223, 35.558, 36.99, 7.379, 12.197, 0, 0, 2.732, 2.771, 2.732, 2.771, 1, 27.793, 27.793, 0.024, 0.134, 10.008, 10.151, 10.008, 10.151, 4.153, 7.379, 12.197, , , 1, 30.835, 0, 0, 14.1, 1.431, 171, 0, 0, 0, 52, 6.174, 5.65, 125.6, 44.487, 100, 0, 0, 17.321, 17.321, 3, 0.7, 89.679, 0, 0, 95.5, 27.738, 0, 0, 0, 0, 0, 13.6, 0, 14.1, 0, 1.431, 171, 0, 0, 0, 52, 1, 0.006, 0.006, 125.6, 44.487, 100, 0, 0, 141, 17.321, 17.321, 3, 0.7, 0, 89.679, 0, 0, 95.5, 27.738, 0, 0.4, 0, 0, 
30.85, 16.93, 100.33, 73.27, 74.1, , 1.499, 0.986, 1861.865, 1861.865, 1.431, 37.137, 37.137, 37.137, 51.477, 69.931, 35.57, 37.087, 7.378, 12.199, 0, 0, 2.723, 2.761, 2.723, 2.761, 1, 27.869, 27.869, 0.024, 0.134, 9.959, 10.102, 9.959, 10.102, 4.139, 7.378, 12.199, , , 1, 30.885, 0, 0, 14.1, 1.431, 171, 0, 0, 0, 52, 6.17, 5.65, 125.6, 44.526, 100, 0, 0, 17.373, 17.373, 3, 0.7, 89.627, 0, 0, 95.5, 27.802, 0, 0, 0, 0, 0, 13.6, 0, 14.1, 0, 1.431, 171, 0, 0, 0, 52, 1, 0.006, 0.006, 125.6, 44.526, 100, 0, 0, 141, 17.373, 17.373, 3, 0.7, 0, 89.627, 0, 0, 95.5, 27.802, 0, 0.4, 0, 0, 
30.9, 16.93, 100.33, 73.27, 74.1, , 1.506, 0.986, 1863.896, 1863.896, 1.432, 37.291, 37.291, 37.291, 51.421, 70.64, 35.5, 36.769, 7.378, 12.2, 0, 0, 2.743, 2.78, 2.743, 2.78, 1, 27.945, 27.945, 0.024, 0.134, 10.013, 10.158, 10.013, 10.158, 4.126, 7.378, 12.2, , , 1, 30.935, 0, 0, 14.1, 1.432, 171, 0, 0, 0, 52, 6.166, 5.65, 125.6, 44.564, 100, 0, 0, 17.425, 17.425, 3, 0.7, 89.575, 0, 0, 95.5, 27.867, 0, 0, 0, 0, 0, 13.6, 0, 14.1, 0, 1.432, 171, 0, 0, 0, 52, 1, 0.006, 0.006, 125.6, 44.564, 100, 0, 0, 141, 17.425, 17.425, 3, 0.7, 0, 89.575, 0, 0, 95.5, 27.867, 0, 0.4, 0, 0, 
30.95, 16.93, 100.33, 73.27, 74.1, , 1.554, 0.986, 1865.927, 1865.927, 1.432, 38.451, 38.451, 38.451, 51.37, 71.348, 35.429, 36.451, 7.377, 12.202, 0, 0, 2.836, 2.875, 2.836, 2.875, 1, 28.021, 28.021, 0.024, 0.134, 10.333, 10.482, 10.333, 10.482, 4.112, 7.377, 12.202, , , 1, 30.985, 0, 0, 14.1, 1.432, 171, 0, 0, 0, 52, 6.162, 5.65, 125.6, 44.603, 100, 0, 0, 17.477, 17.477, 3, 0.7, 89.523, 0, 0, 95.5, 27.932, 0, 0, 0, 0, 0, 13.6, 0, 14.1, 0, 1.432, 171, 0, 0, 0, 52, 1, 0.006, 0.006, 125.6, 44.603, 100, 0, 0, 141, 17.477, 17.477, 3, 0.7, 0, 89.523, 0, 0, 95.5, 27.932, 0, 0.4, 0, 0, 
31, 16.93, 100.33, 73.27, 74.1, , 1.603, 0.986, 1867.957, 1867.957, 1.435, 39.61, 39.61, 39.61, 51.343, 72.057, 35.359, 36.134, 7.377, 12.204, 0, 0, 2.93, 2.97, 2.93, 2.97, 1, 28.1, 28.1, 0.024, 0.133, 10.653, 10.807, 10.653, 10.807, 4.099, 7.377, 12.204, , , 1, 31.035, 0.002, 0, 14.1, 1.435, 171, 0, 0, 0, 52.113, 6.173, 5.67, 125.6, 44.717, 100, 0, 0, 17.557, 17.538, 3.038, 0.702, 89.5, 0, 0, 95.538, 28.03, 0, 0, 0.002, 0, 0, 13.6, 0, 14.1, 0, 1.435, 171, 0, 0, 0, 52.113, 1, 0.006, 0.006, 125.6, 44.717, 100, 0, 0, 141, 17.557, 17.538, 3.038, 0.702, 0, 89.5, 0, 0, 95.538, 28.03, 0, 0.4, 0, 0, 
31.05, 16.93, 100.33, 73.27, 74.1, , 1.72, 0.986, 1870.022, 1870.022, 1.441, 42.388, 42.388, 42.388, 51.317, 72.765, 35.288, 35.816, 7.377, 12.208, 0, 0, 3.146, 3.189, 3.146, 3.189, 1, 28.179, 28.179, 0.024, 0.133, 11.409, 11.573, 11.409, 11.573, 4.088, 7.377, 12.208, , , 1, 31.085, 0.005, 0, 14.1, 1.441, 171, 0, 0, 0, 52.315, 6.197, 5.706, 125.6, 44.891, 100, 0, 0, 17.658, 17.605, 3.105, 0.706, 89.5, 0, 0, 95.605, 28.156, 0, 0, 0.005, 0, 0, 13.6, 0, 14.1, 0, 1.441, 171, 0, 0, 0, 52.315, 1, 0.006, 0.006, 125.6, 44.891, 100, 0, 0, 141, 17.658, 17.605, 3.105, 0.706, 0, 89.5, 0, 0, 95.605, 28.156, 0, 0.4, 0, 0, 
31.1, 16.93, 100.33, 73.27, 74.1, , 1.837, 0.986, 1872.088, 1872.088, 1.447, 45.166, 45.166, 45.166, 51.296, 73.474, 35.228, 35.565, 7.377, 12.213, 0, 0, 3.363, 3.409, 3.363, 3.409, 1, 28.269, 28.269, 0.024, 0.133, 12.165, 12.339, 12.165, 12.339, 4.077, 7.377, 12.213, , , 1, 31.134, 0.009, 0, 14.1, 1.447, 171, 0, 0, 0, 52.518, 6.22, 5.741, 125.6, 45.065, 100, 0, 0, 17.759, 17.673, 3.173, 0.71, 89.5, 0, 0, 95.673, 28.281, 0, 0, 0.009, 0, 0, 13.6, 0, 14.1, 0, 1.447, 171, 0, 0, 0, 52.518, 1, 0.006, 0.006, 125.6, 45.065, 100, 0, 0, 141, 17.759, 17.673, 3.173, 0.71, 0, 89.5, 0, 0, 95.673, 28.281, 0, 0.4, 0, 0, 
31.15, 16.93, 100.33, 73.27, 74.1, , 1.927, 0.986, 1874.154, 1874.154, 1.453, 47.29, 47.29, 47.29, 51.275, 74.182, 35.192, 35.455, 7.377, 12.221, 0, 0, 3.531, 3.58, 3.531, 3.58, 1, 28.361, 28.361, 0.024, 0.133, 12.74, 12.922, 12.74, 12.922, 4.067, 7.377, 12.221, , , 1, 31.184, 0.012, 0, 14.1, 1.453, 171, 0, 0, 0, 52.72, 6.244, 5.777, 125.6, 45.239, 100, 0, 0, 17.86, 17.74, 3.24, 0.714, 89.5, 0, 0, 95.74, 28.406, 0, 0, 0.012, 0, 0, 13.6, 0, 14.1, 0, 1.453, 171, 0, 0, 0, 52.72, 1, 0.006, 0.006, 125.6, 45.239, 100, 0, 0, 141, 17.86, 17.74, 3.24, 0.714, 0, 89.5, 0, 0, 95.74, 28.406, 0, 0.4, 0, 0, 
31.2, 16.93, 100.33, 73.27, 74.1, , 2.006, 0.986, 1876.22, 1876.22, 1.459, 49.16, 49.16, 49.16, 51.27, 74.89, 35.155, 35.344, 7.377, 12.229, 0, 0, 3.68, 3.734, 3.68, 3.734, 1, 28.458, 28.458, 0.024, 0.134, 13.244, 13.434, 13.244, 13.434, 4.057, 7.377, 12.229, , , 1, 31.235, 0.015, 0, 14.1, 1.459, 171, 0, 0, 0, 52.922, 6.268, 5.813, 125.6, 45.413, 100, 0, 0, 17.961, 17.807, 3.307, 0.718, 89.5, 0, 0, 95.807, 28.532, 0, 0, 0.015, 0, 0, 13.6, 0, 14.1, 0, 1.459, 171, 0, 0, 0, 52.922, 1, 0.006, 0.006, 125.6, 45.413, 100, 0, 0, 141, 17.961, 17.807, 3.307, 0.718, 0, 89.5, 0, 0, 95.807, 28.532, 0, 0.4, 0, 0, 
31.25, 16.93, 100.33, 73.27, 74.1, , 2.076, 0.986, 1878.287, 1878.287, 1.465, 50.823, 50.823, 50.823, 51.276, 75.599, 35.118, 35.234, 7.377, 12.241, 0, 0, 3.815, 3.873, 3.815, 3.873, 1, 28.558, 28.558, 0.024, 0.134, 13.689, 13.885, 13.689, 13.885, 4.051, 7.377, 12.241, , , 1, 31.285, 0.019, 0, 14.1, 1.465, 171, 0, 0, 0, 53.124, 6.291, 5.849, 125.6, 45.587, 100, 0, 0, 18.062, 17.875, 3.375, 0.722, 89.5, 0, 0, 95.875, 28.657, 0, 0, 0.019, 0, 0, 13.6, 0, 14.1, 0, 1.465, 171, 0, 0, 0, 53.124, 1, 0.006, 0.006, 125.6, 45.587, 100, 0, 0, 141, 18.062, 17.875, 3.375, 0.722, 0, 89.5, 0, 0, 95.875, 28.657, 0, 0.4, 0, 0, 
31.3, 16.93, 100.33, 73.27, 74.1, , 2.135, 0.986, 1880.354, 1880.354, 1.471, 52.243, 52.243, 52.243, 51.29, 76.307, 35.081, 35.124, 7.377, 12.252, 0, 0, 3.936, 3.995, 3.936, 3.995, 1, 28.662, 28.662, 0.024, 0.134, 14.064, 14.266, 14.064, 14.266, 4.048, 7.377, 12.252, , , 1, 31.335, 0.022, 0, 14.1, 1.471, 171, 0, 0, 0, 53.326, 6.315, 5.884, 125.6, 45.76, 100, 0, 0, 18.163, 17.942, 3.442, 0.727, 89.5, 0, 0, 95.942, 28.782, 0, 0, 0.022, 0, 0, 13.6, 0, 14.1, 0, 1.471, 171, 0, 0, 0, 53.326, 1, 0.006, 0.006, 125.6, 45.76, 100, 0, 0, 141, 18.163, 17.942, 3.442, 0.727, 0, 89.5, 0, 0, 95.942, 28.782, 0, 0.4, 0, 0, 
31.35, 16.93, 100.33, 73.27, 74.1, , 2.184, 0.986, 1882.429, 1882.429, 1.477, 53.402, 53.402, 53.402, 51.322, 77.016, 35.015, 35.09, 7.377, 12.265, 0, 0, 4.038, 4.098, 4.038, 4.098, 1, 28.771, 28.771, 0.024, 0.134, 14.367, 14.574, 14.367, 14.574, 4.044, 7.377, 12.265, , , 1, 31.386, 0.025, 0, 14.1, 1.477, 171.015, 0, 0, 0, 53.515, 6.339, 5.919, 125.6, 45.942, 100, 0, 0, 18.265, 18.022, 3.515, 0.73, 89.5, 0, 0, 96.015, 28.908, 0, 0, 0.025, 0, 0, 13.6, 0, 14.1, 0, 1.477, 171.015, 0, 0, 0, 53.515, 1, 0.006, 0.006, 125.6, 45.942, 100, 0, 0, 141, 18.265, 18.022, 3.515, 0.73, 0, 89.5, 0, 0, 96.015, 28.908, 0, 0.4, 0, 0, 
31.4, 16.93, 100.33, 73.27, 74.1, , 2.194, 0.986, 1884.532, 1884.532, 1.484, 53.637, 53.637, 53.637, 51.354, 77.724, 34.907, 35.162, 7.377, 12.275, 0, 0, 4.072, 4.134, 4.072, 4.134, 1, 28.881, 28.881, 0.024, 0.134, 14.417, 14.625, 14.417, 14.625, 4.041, 7.377, 12.275, , , 1, 31.435, 0.025, 0, 14.1, 1.484, 171.119, 0, 0, 0, 53.619, 6.365, 5.951, 125.6, 46.174, 100, 0, 0, 18.369, 18.179, 3.619, 0.732, 89.5, 0, 0, 96.119, 29.039, 0, 0, 0.025, 0, 0, 13.6, 0, 14.1, 0, 1.484, 171.119, 0, 0, 0, 53.619, 1, 0.006, 0.006, 125.6, 46.174, 100, 0, 0, 141, 18.369, 18.179, 3.619, 0.732, 0, 89.5, 0, 0, 96.119, 29.039, 0, 0.4, 0, 0, 
31.45, 16.93, 100.33, 73.27, 74.1, , 2.204, 0.986, 1886.635, 1886.635, 1.491, 53.872, 53.872, 53.872, 51.396, 78.433, 34.799, 35.234, 7.377, 12.28, 0, 0, 4.106, 4.169, 4.106, 4.169, 1, 28.991, 28.991, 0.024, 0.134, 14.466, 14.676, 14.466, 14.676, 4.044, 7.377, 12.28, , , 1, 31.485, 0.025, 0, 14.1, 1.491, 171.224, 0, 0, 0, 53.724, 6.391, 5.982, 125.6, 46.405, 100, 0, 0, 18.474, 18.336, 3.724, 0.734, 89.5, 0, 0, 96.224, 29.17, 0, 0, 0.025, 0, 0, 13.6, 0, 14.1, 0, 1.491, 171.224, 0, 0, 0, 53.724, 1, 0.006, 0.006, 125.6, 46.405, 100, 0, 0, 141, 18.474, 18.336, 3.724, 0.734, 0, 89.5, 0, 0, 96.224, 29.17, 0, 0.4, 0, 0, 
31.5, 16.93, 100.33, 73.27, 74.1, , 2.288, 0.986, 1888.757, 1888.757, 1.498, 55.865, 55.865, 55.865, 51.438, 79.141, 34.691, 35.306, 7.377, 12.283, 0, 0, 4.276, 4.341, 4.276, 4.341, 1, 29.1, 29.1, 0.024, 0.134, 14.994, 15.211, 14.994, 15.211, 4.05, 7.377, 12.283, , , 1, 31.536, 0.025, 0, 14.1, 1.498, 171.328, 0, 0, 0, 53.828, 6.417, 6.014, 125.6, 46.636, 100, 0, 0, 18.578, 18.493, 3.828, 0.737, 89.5, 0, 0, 96.328, 29.301, 0, 0, 0.025, 0, 0, 13.6, 0, 14.1, 0, 1.498, 171.328, 0, 0, 0, 53.828, 1, 0.006, 0.006, 125.6, 46.636, 100, 0, 0, 141, 18.578, 18.493, 3.828, 0.737, 0, 89.5, 0, 0, 96.328, 29.301, 0, 0.4, 0, 0, 
31.55, 16.93, 100.33, 73.27, 74.1, , 2.373, 0.986, 1890.88, 1890.88, 1.505, 57.894, 57.894, 57.894, 51.453, 79.849, 34.583, 35.378, 7.377, 12.278, 0, 0, 4.449, 4.515, 4.449, 4.515, 1, 29.217, 29.217, 0.024, 0.134, 15.532, 15.757, 15.532, 15.757, 4.056, 7.377, 12.278, , , 1, 31.586, 0.025, 0, 14.1, 1.505, 171.433, 0, 0, 0, 53.933, 6.443, 6.045, 125.6, 46.867, 100, 0, 0, 18.683, 18.65, 3.933, 0.739, 89.5, 0, 0, 96.433, 29.431, 0, 0, 0.025, 0, 0, 13.6, 0, 14.1, 0, 1.505, 171.433, 0, 0, 0, 53.933, 1, 0.006, 0.006, 125.6, 46.867, 100, 0, 0, 141, 18.683, 18.65, 3.933, 0.739, 0, 89.5, 0, 0, 96.433, 29.431, 0, 0.4, 0, 0, 
31.6, 16.93, 100.33, 73.27, 74.1, , 2.433, 0.986, 1893.002, 1893.002, 1.51, 59.326, 59.326, 59.326, 51.463, 80.558, 34.671, 35.435, 7.377, 12.272, 0, 0, 4.577, 4.645, 4.577, 4.645, 1, 29.336, 29.336, 0.024, 0.134, 15.916, 16.147, 15.916, 16.147, 4.063, 7.377, 12.272, , , 1, 31.635, 0.023, 0, 14.1, 1.51, 171.538, 0, 0, 0, 54, 6.46, 6.062, 125.6, 47.029, 100, 0, 0, 18.769, 18.769, 4, 0.74, 89.5, 0, 0, 96.5, 29.539, 0, 0, 0.023, 0, 0, 13.6, 0, 14.1, 0, 1.51, 171.538, 0, 0, 0, 54, 1, 0.006, 0.006, 125.6, 47.029, 100, 0, 0, 141, 18.769, 18.769, 4, 0.74, 0, 89.5, 0, 0, 96.5, 29.539, 0, 0.4, 0, 0, 
31.65, 16.93, 100.33, 73.27, 74.1, , 2.487, 0.986, 1895.125, 1895.125, 1.513, 60.591, 60.591, 60.591, 51.455, 81.266, 35.031, 35.471, 7.377, 12.262, 0, 0, 4.694, 4.763, 4.694, 4.763, 1, 29.458, 29.458, 0.024, 0.134, 16.257, 16.494, 16.257, 16.494, 4.067, 7.377, 12.262, , , 1, 31.685, 0.018, 0, 14.1, 1.513, 171.642, 0, 0, 0, 54, 6.46, 6.055, 125.6, 47.067, 100, 0, 0, 18.821, 18.821, 4, 0.74, 89.5, 0, 0, 96.5, 29.604, 0, 0, 0.018, 0, 0, 13.6, 0, 14.1, 0, 1.513, 171.642, 0, 0, 0, 54, 1, 0.006, 0.006, 125.6, 47.067, 100, 0, 0, 141, 18.821, 18.821, 4, 0.74, 0, 89.5, 0, 0, 96.5, 29.604, 0, 0.4, 0, 0, 
31.7, 16.93, 100.33, 73.27, 74.1, , 2.491, 0.986, 1897.27, 1897.27, 1.516, 60.688, 60.688, 60.688, 51.438, 81.975, 35.391, 35.507, 7.377, 12.255, 0, 0, 4.719, 4.789, 4.719, 4.789, 1, 29.581, 29.581, 0.024, 0.134, 16.287, 16.525, 16.287, 16.525, 4.069, 7.377, 12.255, , , 1, 31.735, 0.013, 0, 14.1, 1.516, 171.746, 0, 0, 0, 54, 6.46, 6.048, 125.6, 47.106, 100, 0, 0, 18.873, 18.873, 4, 0.74, 89.5, 0, 0, 96.5, 29.67, 0, 0, 0.013, 0, 0, 13.6, 0, 14.1, 0, 1.516, 171.746, 0, 0, 0, 54, 1, 0.006, 0.006, 125.6, 47.106, 100, 0, 0, 141, 18.873, 18.873, 4, 0.74, 0, 89.5, 0, 0, 96.5, 29.67, 0, 0.4, 0, 0, 
31.75, 16.93, 100.33, 73.27, 74.1, , 2.462, 0.986, 1899.433, 1899.433, 1.52, 60.008, 60.008, 60.008, 51.419, 82.683, 35.751, 35.543, 7.377, 12.258, 0, 0, 4.684, 4.754, 4.684, 4.754, 1, 29.704, 29.704, 0.024, 0.133, 16.11, 16.345, 16.11, 16.345, 4.071, 7.377, 12.258, , , 1, 31.785, 0.008, 0, 14.1, 1.52, 171.85, 0, 0, 0, 54, 6.46, 6.041, 125.6, 47.144, 100, 0, 0, 18.925, 18.925, 4, 0.74, 89.5, 0, 0, 96.5, 29.736, 0, 0, 0.008, 0, 0, 13.6, 0, 14.1, 0, 1.52, 171.85, 0, 0, 0, 54, 1, 0.006, 0.006, 125.6, 47.144, 100, 0, 0, 141, 18.925, 18.925, 4, 0.74, 0, 89.5, 0, 0, 96.5, 29.736, 0, 0.4, 0, 0, 
31.8, 16.93, 100.33, 73.27, 74.1, , 2.444, 0.986, 1901.596, 1901.596, 1.523, 59.594, 59.594, 59.594, 51.398, 83.392, 36.111, 35.579, 7.377, 12.264, 0, 0, 4.67, 4.74, 4.67, 4.74, 1, 29.826, 29.826, 0.024, 0.133, 16.004, 16.237, 16.004, 16.237, 4.073, 7.377, 12.264, , , 1, 31.835, 0.002, 0, 14.1, 1.523, 171.954, 0, 0, 0, 54, 6.46, 6.033, 125.6, 47.183, 100, 0, 0, 18.977, 18.977, 4, 0.74, 89.5, 0, 0, 96.5, 29.801, 0, 0, 0.002, 0, 0, 13.6, 0, 14.1, 0, 1.523, 171.954, 0, 0, 0, 54, 1, 0.006, 0.006, 125.6, 47.183, 100, 0, 0, 141, 18.977, 18.977, 4, 0.74, 0, 89.5, 0, 0, 96.5, 29.801, 0, 0.4, 0, 0, 
31.85, 16.93, 100.33, 73.27, 74.1, , 2.442, 0.986, 1903.757, 1903.757, 1.527, 59.547, 59.547, 59.547, 51.379, 84.1, 36.205, 35.65, 7.378, 12.285, 0, 0, 4.685, 4.755, 4.685, 4.755, 1, 29.948, 29.948, 0.024, 0.133, 15.998, 16.231, 15.998, 16.231, 4.069, 7.378, 12.285, , , 1, 31.885, 0, 0, 14.1, 1.527, 172, 0, 0, 0, 54, 6.46, 6.037, 125.6, 47.117, 100, 0, 0, 19.056, 19.056, 4.112, 0.74, 89.556, 0, 0, 96.5, 29.899, 0, 0, 0, 0, 0, 13.6, 0, 14.1, 0, 1.527, 172, 0, 0, 0, 54, 1, 0.006, 0.006, 125.6, 47.117, 100, 0, 0, 141, 19.056, 19.056, 4.112, 0.74, 0, 89.556, 0, 0, 96.5, 29.899, 0, 0.4, 0, 0, 
31.9, 16.93, 100.33, 73.27, 74.1, , 2.432, 0.986, 1905.929, 1905.929, 1.532, 59.307, 59.307, 59.307, 51.367, 84.808, 35.933, 35.769, 7.378, 12.306, 0, 0, 4.685, 4.755, 4.685, 4.755, 1, 30.069, 30.069, 0.024, 0.133, 15.938, 16.17, 15.938, 16.17, 4.057, 7.378, 12.306, , , 1, 31.935, 0, 0, 14.1, 1.532, 172, 0, 0, 0, 54, 6.46, 6.049, 125.6, 46.969, 100, 0, 0, 19.156, 19.156, 4.312, 0.74, 89.656, 0, 0, 96.5, 30.023, 0, 0, 0, 0, 0, 13.6, 0, 14.1, 0, 1.532, 172, 0, 0, 0, 54, 1, 0.006, 0.006, 125.6, 46.969, 100, 0, 0, 141, 19.156, 19.156, 4.312, 0.74, 0, 89.656, 0, 0, 96.5, 30.023, 0, 0.4, 0, 0, 
31.95, 16.93, 100.33, 73.27, 74.1, , 2.401, 0.986, 1908.132, 1908.132, 1.538, 58.568, 58.568, 58.568, 51.36, 85.517, 35.66, 35.889, 7.379, 12.337, 0, 0, 4.645, 4.715, 4.645, 4.715, 1, 30.19, 30.19, 0.024, 0.132, 15.74, 15.967, 15.74, 15.967, 4.044, 7.379, 12.337, , , 1, 31.985, 0, 0, 14.1, 1.538, 172, 0, 0, 0, 54, 6.46, 6.061, 125.6, 46.821, 100, 0, 0, 19.256, 19.256, 4.512, 0.74, 89.756, 0, 0, 96.5, 30.147, 0, 0, 0, 0, 0, 13.6, 0, 14.1, 0, 1.538, 172, 0, 0, 0, 54, 1, 0.006, 0.006, 125.6, 46.821, 100, 0, 0, 141, 19.256, 19.256, 4.512, 0.74, 0, 89.756, 0, 0, 96.5, 30.147, 0, 0.4, 0, 0, 
32, 16.93, 100.33, 73.27, 74.1, , 2.386, 0.986, 1910.334, 1910.334, 1.543, 58.203, 58.203, 58.203, 51.376, 86.225, 35.387, 36.008, 7.379, 12.367, 0, 0, 4.634, 4.705, 4.634, 4.705, 1, 30.308, 30.308, 0.024, 0.132, 15.642, 15.866, 15.642, 15.866, 4.032, 7.379, 12.367, , , 1, 32.035, 0, 0, 14.1, 1.543, 172, 0, 0, 0, 54, 6.46, 6.073, 125.6, 46.673, 100, 0, 0, 19.356, 19.356, 4.712, 0.74, 89.856, 0, 0, 96.5, 30.271, 0, 0, 0, 0, 0, 13.6, 0, 14.1, 0, 1.543, 172, 0, 0, 0, 54, 1, 0.006, 0.006, 125.6, 46.673, 100, 0, 0, 141, 19.356, 19.356, 4.712, 0.74, 0, 89.856, 0, 0, 96.5, 30.271, 0, 0.4, 0, 0, 
32.05, 16.93, 100.33, 73.27, 74.1, , 2.467, 0.986, 1912.537, 1912.537, 1.549, 60.129, 60.129, 60.129, 51.392, 86.934, 35.115, 36.127, 7.38, 12.39, 0, 0, 4.809, 4.881, 4.809, 4.881, 1, 30.427, 30.427, 0.024, 0.132, 16.153, 16.385, 16.153, 16.385, 4.019, 7.38, 12.39, , , 1, 32.085, 0, 0, 14.1, 1.549, 172, 0, 0, 0, 54, 6.46, 6.085, 125.6, 46.525, 100, 0, 0, 19.456, 19.456, 4.912, 0.74, 89.956, 0, 0, 96.5, 30.395, 0, 0, 0, 0, 0, 13.6, 0, 14.1, 0, 1.549, 172, 0, 0, 0, 54, 1, 0.006, 0.006, 125.6, 46.525, 100, 0, 0, 141, 19.456, 19.456, 4.912, 0.74, 0, 89.956, 0, 0, 96.5, 30.395, 0, 0.4, 0, 0, 
32.1, 16.929, 100.33, 73.27, 74.1, , 2.547, 0.986, 1914.739, 1914.739, 1.557, 62.036, 62.036, 62.036, 51.416, 87.642, 34.875, 36.259, 7.38, 12.412, 0, 0, 4.982, 5.055, 4.982, 5.055, 1, 30.552, 30.552, 0.024, 0.132, 16.658, 16.898, 16.658, 16.898, 4.008, 7.38, 12.412, , , 1, 32.135, 0, 0, 14.106, 1.557, 172, 0, 0, 0, 54, 6.445, 6.078, 125.6, 46.357, 100, 0, 0, 19.584, 19.584, 4.944, 0.741, 90, 0, 0, 96.556, 30.554, 0, 0, 0, 0, 0, 13.6, 0, 14.106, 0, 1.557, 172, 0, 0, 0, 54, 1, 0.006, 0.006, 125.6, 46.357, 100, 0, 0, 141, 19.584, 19.584, 4.944, 0.741, 0, 90, 0, 0, 96.556, 30.554, 0, 0.4, 0, 0, 
32.15, 16.928, 100.33, 73.27, 74.1, , 2.587, 0.986, 1916.964, 1916.964, 1.568, 62.993, 62.993, 62.993, 51.44, 88.35, 34.837, 36.469, 7.38, 12.424, 0, 0, 5.081, 5.156, 5.081, 5.156, 1, 30.677, 30.677, 0.024, 0.132, 16.907, 17.15, 16.907, 17.15, 3.996, 7.38, 12.424, , , 1, 32.185, 0, 0, 14.116, 1.568, 172, 0, 0, 0, 54, 6.418, 6.056, 125.6, 46.173, 100, 0, 0, 19.734, 19.734, 4.844, 0.743, 90, 0, 0, 96.656, 30.74, 0, 0, 0, 0, 0, 13.6, 0, 14.116, 0, 1.568, 172, 0, 0, 0, 54, 1, 0.006, 0.006, 125.6, 46.173, 100, 0, 0, 141, 19.734, 19.734, 4.844, 0.743, 0, 90, 0, 0, 96.656, 30.74, 0, 0.4, 0, 0, 
32.2, 16.928, 100.33, 73.27, 74.1, , 2.627, 0.986, 1919.189, 1919.189, 1.579, 63.949, 63.949, 63.949, 51.463, 89.059, 34.798, 36.679, 7.379, 12.435, 0, 0, 5.181, 5.257, 5.181, 5.257, 1, 30.808, 30.808, 0.024, 0.133, 17.155, 17.402, 17.155, 17.402, 3.984, 7.379, 12.435, , , 1, 32.235, 0, 0, 14.126, 1.579, 172, 0, 0, 0, 54, 6.391, 6.034, 125.6, 45.989, 100, 0, 0, 19.884, 19.884, 4.744, 0.745, 90, 0, 0, 96.756, 30.926, 0, 0, 0, 0, 0, 13.6, 0, 14.126, 0, 1.579, 172, 0, 0, 0, 54, 1, 0.006, 0.006, 125.6, 45.989, 100, 0, 0, 141, 19.884, 19.884, 4.744, 0.745, 0, 90, 0, 0, 96.756, 30.926, 0, 0.4, 0, 0, 
32.25, 16.927, 100.33, 73.27, 74.1, , 2.618, 0.986, 1921.454, 1921.454, 1.59, 63.719, 63.719, 63.719, 51.487, 89.767, 34.76, 36.889, 7.379, 12.437, 0, 0, 5.182, 5.259, 5.182, 5.259, 1, 30.938, 30.938, 0.024, 0.133, 17.086, 17.332, 17.086, 17.332, 3.972, 7.379, 12.437, , , 1, 32.285, 0, 0, 14.136, 1.59, 172, 0, 0, 0, 54, 6.364, 6.012, 125.6, 45.805, 100, 0, 0, 20.034, 20.034, 4.644, 0.747, 90, 0, 0, 96.856, 31.112, 0, 0, 0, 0, 0, 13.6, 0, 14.136, 0, 1.59, 172, 0, 0, 0, 54, 1, 0.006, 0.006, 125.6, 45.805, 100, 0, 0, 141, 20.034, 20.034, 4.644, 0.747, 0, 90, 0, 0, 96.856, 31.112, 0, 0.4, 0, 0, 
32.3, 16.926, 100.33, 73.27, 74.1, , 2.605, 0.986, 1923.721, 1923.721, 1.601, 63.413, 63.413, 63.413, 51.513, 90.476, 34.722, 37.098, 7.378, 12.44, 0, 0, 5.177, 5.254, 5.177, 5.254, 1, 31.067, 31.067, 0.024, 0.133, 16.996, 17.243, 16.996, 17.243, 3.967, 7.378, 12.44, , , 1, 32.335, 0, 0, 14.146, 1.601, 172, 0, 0, 0, 54, 6.337, 5.99, 125.6, 45.621, 100, 0, 0, 20.184, 20.184, 4.544, 0.749, 90, 0, 0, 96.956, 31.298, 0, 0, 0, 0, 0, 13.6, 0, 14.146, 0, 1.601, 172, 0, 0, 0, 54, 1, 0.006, 0.006, 125.6, 45.621, 100, 0, 0, 141, 20.184, 20.184, 4.544, 0.749, 0, 90, 0, 0, 96.956, 31.298, 0, 0.4, 0, 0, 
32.35, 16.925, 100.33, 73.27, 74.1, , 2.528, 0.986, 1925.988, 1925.988, 1.609, 61.594, 61.594, 61.594, 51.539, 89.041, 34.745, 37.22, 7.378, 12.441, 0, 0, 5.047, 5.123, 5.047, 5.123, 1, 31.197, 31.197, 0.024, 0.133, 16.5, 16.74, 16.5, 16.74, 3.961, 7.378, 12.441, , , 1, 32.385, 0, 0, 14.156, 1.609, 172, 0, 0, 0, 54, 6.304, 5.964, 125.6, 45.428, 100, 0, 0, 20.28, 20.28, 4.5, 0.751, 90.061, 0, 0, 97.061, 31.418, 0, 0, 0, 0, 0, 13.6, 0, 14.156, 0, 1.609, 172, 0, 0, 0, 54, 1, 0.006, 0.006, 125.6, 45.428, 100, 0, 0, 141, 20.28, 20.28, 4.5, 0.751, 0, 90.061, 0, 0, 97.061, 31.418, 0, 0.4, 0, 0, 
32.4, 16.925, 100.33, 73.27, 74.1, , 2.441, 0.986, 1928.255, 1928.255, 1.616, 59.53, 59.53, 59.53, 51.563, 81.508, 34.853, 37.22, 7.377, 12.442, 0, 0, 4.897, 4.97, 4.897, 4.97, 1, 31.319, 31.319, 0.024, 0.133, 15.939, 16.171, 15.939, 16.171, 3.956, 7.377, 12.442, , , 1, 32.435, 0, 0, 14.167, 1.616, 172, 0, 0, 0, 54, 6.266, 5.936, 125.6, 45.228, 100, 0, 0, 20.335, 20.335, 4.5, 0.753, 90.17, 0, 0, 97.17, 31.485, 0, 0, 0, 0, 0, 13.6, 0, 14.167, 0, 1.616, 172, 0, 0, 0, 54, 1, 0.006, 0.006, 125.6, 45.228, 100, 0, 0, 141, 20.335, 20.335, 4.5, 0.753, 0, 90.17, 0, 0, 97.17, 31.485, 0, 0.4, 0, 0, 
32.45, 16.924, 100.33, 73.27, 74.1, , 2.334, 0.986, 1930.539, 1930.539, 1.623, 56.989, 56.989, 56.989, 51.588, 73.974, 34.961, 37.22, 7.377, 12.447, 0, 0, 4.705, 4.775, 4.705, 4.775, 1, 31.44, 31.44, 0.024, 0.133, 15.25, 15.472, 15.25, 15.472, 3.95, 7.377, 12.447, , , 1, 32.485, 0, 0, 14.178, 1.623, 172, 0, 0, 0, 54, 6.228, 5.908, 125.6, 45.028, 100, 0, 0, 20.389, 20.389, 4.5, 0.756, 90.278, 0, 0, 97.278, 31.553, 0, 0, 0, 0, 0, 13.6, 0, 14.178, 0, 1.623, 172, 0, 0, 0, 54, 1, 0.006, 0.006, 125.6, 45.028, 100, 0, 0, 141, 20.389, 20.389, 4.5, 0.756, 0, 90.278, 0, 0, 97.278, 31.553, 0, 0.4, 0, 0, 
32.5, 16.923, 100.33, 73.27, 74.1, , 2.221, 0.986, 1932.828, 1932.828, 1.63, 54.328, 54.328, 54.328, 51.615, 66.44, 35.069, 37.22, 7.377, 12.453, 0, 0, 4.502, 4.569, 4.502, 4.569, 1, 31.551, 31.551, 0.024, 0.133, 14.53, 14.742, 14.53, 14.742, 3.955, 7.377, 12.453, , , 1, 32.535, 0, 0, 14.189, 1.63, 172, 0, 0, 0, 54, 6.19, 5.879, 125.6, 44.828, 100, 0, 0, 20.443, 20.443, 4.5, 0.758, 90.387, 0, 0, 97.387, 31.62, 0, 0, 0, 0, 0, 13.6, 0, 14.189, 0, 1.63, 172, 0, 0, 0, 54, 1, 0.006, 0.006, 125.6, 44.828, 100, 0, 0, 141, 20.443, 20.443, 4.5, 0.758, 0, 90.387, 0, 0, 97.387, 31.62, 0, 0.4, 0, 0, 
32.55, 16.922, 100.33, 73.27, 74.1, , 2.175, 0.986, 1935.117, 1935.117, 1.637, 53.24, 53.24, 53.24, 51.643, 58.907, 35.177, 37.22, 7.377, 12.466, 0, 0, 4.427, 4.494, 4.427, 4.494, 1, 31.659, 31.659, 0.024, 0.133, 14.231, 14.439, 14.231, 14.439, 3.964, 7.377, 12.466, , , 1, 32.585, 0, 0, 14.2, 1.637, 172, 0, 0, 0, 54, 6.152, 5.851, 125.6, 44.628, 100, 0, 0, 20.498, 20.498, 4.5, 0.76, 90.496, 0, 0, 97.496, 31.687, 0, 0, 0, 0, 0, 13.6, 0, 14.2, 0, 1.637, 172, 0, 0, 0, 54, 1, 0.006, 0.006, 125.6, 44.628, 100, 0, 0, 141, 20.498, 20.498, 4.5, 0.76, 0, 90.496, 0, 0, 97.496, 31.687, 0, 0.4, 0, 0, 
32.6, 16.922, 100.33, 73.27, 74.1, , 2.15, 0.986, 1937.406, 1937.406, 1.643, 52.647, 52.647, 52.647, 51.665, 51.373, 35.27, 37.129, 7.377, 12.479, 0, 0, 4.392, 4.459, 4.392, 4.459, 1, 31.765, 31.765, 0.024, 0.133, 14.066, 14.27, 14.066, 14.27, 3.974, 7.377, 12.479, , , 1, 32.635, 0, 0, 14.2, 1.643, 172, 0, 0, 0, 54, 6.132, 5.824, 125.6, 44.504, 100, 0, 0, 20.5, 20.5, 4.5, 0.758, 90.5, 0, 0, 97.5, 31.755, 0, 0, 0, 0, 0, 13.6, 0, 14.2, 0, 1.643, 172, 0, 0, 0, 54, 1, 0.006, 0.006, 125.6, 44.504, 100, 0, 0, 141, 20.5, 20.5, 4.5, 0.758, 0, 90.5, 0, 0, 97.5, 31.755, 0, 0.4, 0, 0, 
32.65, 16.921, 100.33, 73.27, 74.1, , 2.147, 0.986, 1939.729, 1939.729, 1.649, 52.57, 52.57, 52.57, 51.684, 44.222, 35.342, 36.913, 7.377, 12.5, 0, 0, 4.402, 4.468, 4.402, 4.468, 1, 31.87, 31.87, 0.024, 0.133, 14.039, 14.244, 14.039, 14.244, 3.984, 7.377, 12.5, , , 1, 32.685, 0, 0, 14.2, 1.649, 172, 0, 0, 0, 54, 6.114, 5.797, 125.6, 44.384, 100, 0, 0, 20.5, 20.5, 4.5, 0.756, 90.5, 0, 0, 97.5, 31.822, 0, 0, 0, 0, 0, 13.6, 0, 14.2, 0, 1.649, 172, 0, 0, 0, 54, 1, 0.006, 0.006, 125.6, 44.384, 100, 0, 0, 141, 20.5, 20.5, 4.5, 0.756, 0, 90.5, 0, 0, 97.5, 31.822, 0, 0.4, 0, 0, 
32.7, 16.92, 100.33, 73.27, 74.1, , 2.151, 0.986, 1942.065, 1942.065, 1.656, 52.674, 52.674, 52.674, 51.708, 55.826, 35.414, 36.697, 7.377, 12.521, 0, 0, 4.426, 4.493, 4.426, 4.493, 1, 31.977, 31.977, 0.024, 0.133, 14.061, 14.267, 14.061, 14.267, 3.997, 7.377, 12.521, , , 1, 32.735, 0, 0, 14.2, 1.656, 172, 0, 0, 0, 54, 6.095, 5.77, 125.6, 44.263, 100, 0, 0, 20.5, 20.5, 4.5, 0.754, 90.5, 0, 0, 97.5, 31.889, 0, 0, 0, 0, 0, 13.6, 0, 14.2, 0, 1.656, 172, 0, 0, 0, 54, 1, 0.006, 0.006, 125.6, 44.263, 100, 0, 0, 141, 20.5, 20.5, 4.5, 0.754, 0, 90.5, 0, 0, 97.5, 31.889, 0, 0.4, 0, 0, 
32.75, 16.919, 100.33, 73.27, 74.1, , 2.172, 0.986, 1944.4, 1944.4, 1.662, 53.162, 53.162, 53.162, 51.733, 61.319, 35.486, 36.481, 7.377, 12.554, 0, 0, 4.483, 4.55, 4.483, 4.55, 1, 32.083, 32.083, 0.024, 0.133, 14.184, 14.392, 14.184, 14.392, 4.011, 7.377, 12.554, , , 1, 32.785, 0, 0, 14.2, 1.662, 172, 0, 0, 0, 54, 6.077, 5.742, 125.6, 44.142, 100, 0, 0, 20.5, 20.5, 4.5, 0.751, 90.5, 0, 0, 97.5, 31.957, 0, 0, 0, 0, 0, 13.6, 0, 14.2, 0, 1.662, 172, 0, 0, 0, 54, 1, 0.006, 0.006, 125.6, 44.142, 100, 0, 0, 141, 20.5, 20.5, 4.5, 0.751, 0, 90.5, 0, 0, 97.5, 31.957, 0, 0.4, 0, 0, 
32.8, 16.919, 100.33, 73.27, 74.1, , 2.199, 0.986, 1946.735, 1946.735, 1.668, 53.798, 53.798, 53.798, 51.754, 62.388, 35.558, 36.265, 7.377, 12.588, 0, 0, 4.551, 4.62, 4.551, 4.62, 1, 32.191, 32.191, 0.024, 0.133, 14.348, 14.557, 14.348, 14.557, 4.026, 7.377, 12.588, , , 1, 32.835, 0, 0, 14.2, 1.668, 172, 0, 0, 0, 54, 6.06, 5.721, 125.53, 44.022, 100, 0, 0, 20.5, 20.52, 4.5, 0.75, 90.5, 0, 0, 97.5, 32.049, 0, 0, 0, 0, 0, 13.6, 0, 14.2, 0, 1.668, 172, 0, 0, 0, 54, 1, 0.006, 0.006, 125.53, 44.021, 100, 0, 0, 141, 20.5, 20.52, 4.5, 0.75, 0, 90.5, 0, 0, 97.5, 32.049, 0, 0.4, 0, 0, 
32.85, 16.918, 100.33, 73.27, 74.1, , 2.189, 0.986, 1949.086, 1949.086, 1.674, 53.58, 53.58, 53.58, 51.774, 63.456, 35.524, 36.08, 7.377, 12.631, 0, 0, 4.547, 4.617, 4.547, 4.617, 1, 32.3, 32.3, 0.024, 0.133, 14.284, 14.493, 14.284, 14.493, 4.04, 7.377, 12.631, , , 1, 32.885, 0, 0, 14.2, 1.674, 172, 0, 0, 0, 54, 6.047, 5.709, 125.334, 43.901, 100, 0, 0, 20.5, 20.574, 4.5, 0.75, 90.5, 0, 0, 97.5, 32.183, 0, 0, 0, 0, 0, 13.6, 0, 14.2, 0, 1.674, 172, 0, 0, 0, 54, 1, 0.006, 0.006, 125.334, 43.9, 100, 0, 0, 141, 20.5, 20.574, 4.5, 0.75, 0, 90.5, 0, 0, 97.5, 32.183, 0, 0.4, 0, 0, 
32.9, 16.917, 100.33, 73.27, 74.1, , 2.166, 0.986, 1951.445, 1951.445, 1.68, 53.03, 53.03, 53.03, 51.793, 64.524, 35.344, 35.936, 7.377, 12.675, 0, 0, 4.515, 4.585, 4.515, 4.585, 1, 32.408, 32.408, 0.024, 0.133, 14.133, 14.34, 14.133, 14.34, 4.047, 7.377, 12.675, , , 1, 32.935, 0, 0, 14.2, 1.68, 172, 0, 0, 0, 54, 6.034, 5.697, 125.138, 43.78, 100, 0, 0, 20.5, 20.628, 4.5, 0.75, 90.5, 0, 0, 97.5, 32.318, 0, 0, 0, 0, 0, 13.6, 0, 14.2, 0, 1.68, 172, 0, 0, 0, 54, 1, 0.006, 0.006, 125.138, 43.779, 100, 0, 0, 141, 20.5, 20.628, 4.5, 0.75, 0, 90.5, 0, 0, 97.5, 32.318, 0, 0.4, 0, 0, 
32.95, 16.916, 100.33, 73.27, 74.1, , 2.157, 0.986, 1953.803, 1953.803, 1.686, 52.826, 52.826, 52.826, 51.812, 65.592, 35.164, 35.792, 7.377, 12.726, 0, 0, 4.513, 4.583, 4.513, 4.583, 1, 32.515, 32.515, 0.024, 0.133, 14.075, 14.28, 14.075, 14.28, 4.042, 7.377, 12.726, , , 1, 32.985, 0, 0, 14.2, 1.686, 172, 0, 0, 0, 54, 6.021, 5.685, 124.943, 43.66, 100, 0, 0, 20.5, 20.683, 4.5, 0.75, 90.5, 0, 0, 97.5, 32.453, 0, 0, 0, 0, 0, 13.6, 0, 14.2, 0, 1.686, 172, 0, 0, 0, 54, 1, 0.006, 0.006, 124.943, 43.658, 100, 0, 0, 141, 20.5, 20.683, 4.5, 0.75, 0, 90.5, 0, 0, 97.5, 32.453, 0, 0.4, 0, 0, 
33, 16.915, 100.33, 73.27, 74.1, , 2.154, 0.986, 1956.161, 1956.161, 1.693, 52.743, 52.743, 52.743, 51.824, 66.66, 34.984, 35.648, 7.377, 12.778, 0, 0, 4.521, 4.591, 4.521, 4.591, 1, 32.624, 32.624, 0.024, 0.133, 14.049, 14.253, 14.049, 14.253, 4.037, 7.377, 12.778, , , 1, 33.035, 0, 0, 14.2, 1.693, 172, 0, 0, 0, 54, 6.008, 5.673, 124.747, 43.539, 100, 0, 0, 20.5, 20.737, 4.5, 0.75, 90.5, 0, 0, 97.5, 32.588, 0, 0, 0, 0, 0, 13.6, 0, 14.2, 0, 1.693, 172, 0, 0, 0, 54, 1, 0.006, 0.006, 124.747, 43.537, 100, 0, 0, 141, 20.5, 20.737, 4.5, 0.75, 0, 90.5, 0, 0, 97.5, 32.588, 0, 0.4, 0, 0, 
33.05, 16.915, 100.33, 73.27, 74.1, , 2.146, 0.986, 1958.538, 1958.538, 1.698, 52.563, 52.563, 52.563, 51.834, 67.728, 34.804, 35.504, 7.377, 12.821, 0, 0, 4.522, 4.591, 4.522, 4.591, 1, 32.733, 32.733, 0.024, 0.133, 13.999, 14.203, 13.999, 14.203, 4.033, 7.377, 12.821, , , 1, 33.085, 0, 0, 14.2, 1.698, 172, 0, 0, 0, 54, 5.992, 5.661, 124.545, 43.351, 100, 0, 0, 20.543, 20.75, 4.5, 0.752, 90.5, 0, 0, 97.5, 32.727, 0, 0, 0, 0, 0, 13.6, 0, 14.2, 0, 1.698, 172, 0, 0, 0, 54, 1, 0.006, 0.006, 124.545, 43.348, 100, 0, 0, 141, 20.543, 20.75, 4.5, 0.752, 0, 90.5, 0, 0, 97.5, 32.727, 0, 0.4, 0, 0, 
33.1, 16.914, 100.33, 73.27, 74.1, , 2.137, 0.986, 1960.922, 1960.922, 1.704, 52.352, 52.352, 52.352, 51.841, 68.796, 34.745, 35.42, 7.377, 12.863, 0, 0, 4.52, 4.587, 4.52, 4.587, 1, 32.841, 32.841, 0.024, 0.133, 13.942, 14.145, 13.942, 14.145, 4.031, 7.377, 12.863, , , 1, 33.135, 0, 0, 14.2, 1.704, 172, 0, 0, 0, 54, 5.975, 5.648, 124.342, 43.142, 100, 0, 0, 20.6, 20.75, 4.5, 0.754, 90.5, 0, 0, 97.5, 32.867, 0, 0, 0, 0, 0, 13.6, 0, 14.2, 0, 1.704, 172, 0, 0, 0, 54, 1, 0.006, 0.006, 124.342, 43.139, 100, 0, 0, 141, 20.6, 20.75, 4.5, 0.754, 0, 90.5, 0, 0, 97.5, 32.867, 0, 0.4, 0, 0, 
33.15, 16.913, 100.33, 73.27, 74.1, , 2.152, 0.986, 1963.324, 1963.324, 1.71, 52.706, 52.706, 52.706, 51.846, 69.864, 34.853, 35.42, 7.377, 12.894, 0, 0, 4.567, 4.632, 4.567, 4.632, 1, 32.949, 32.949, 0.024, 0.133, 14.034, 14.239, 14.034, 14.239, 4.038, 7.377, 12.894, , , 1, 33.185, 0, 0, 14.2, 1.71, 172, 0, 0, 0, 54, 5.958, 5.636, 124.138, 42.932, 100, 0, 0, 20.656, 20.75, 4.5, 0.756, 90.5, 0, 0, 97.5, 33.007, 0, 0, 0, 0, 0, 13.6, 0, 14.2, 0, 1.71, 172, 0, 0, 0, 54, 1, 0.006, 0.006, 124.138, 42.931, 100, 0, 0, 141, 20.656, 20.75, 4.5, 0.756, 0, 90.5, 0, 0, 97.5, 33.007, 0, 0.4, 0, 0, 
33.2, 16.912, 100.33, 73.27, 74.1, , 2.173, 0.986, 1965.73, 1965.73, 1.716, 53.201, 53.201, 53.201, 51.845, 70.932, 34.961, 35.42, 7.378, 12.923, 0, 0, 4.625, 4.689, 4.625, 4.689, 1, 33.058, 33.058, 0.024, 0.134, 14.165, 14.371, 14.165, 14.371, 4.045, 7.378, 12.923, , , 1, 33.235, 0, 0, 14.2, 1.716, 172, 0, 0, 0, 54, 5.941, 5.623, 123.934, 42.723, 100, 0, 0, 20.713, 20.75, 4.5, 0.759, 90.5, 0, 0, 97.5, 33.147, 0, 0, 0, 0, 0, 13.6, 0, 14.2, 0, 1.716, 172, 0, 0, 0, 54, 1, 0.006, 0.006, 123.934, 42.723, 100, 0, 0, 141, 20.713, 20.75, 4.5, 0.759, 0, 90.5, 0, 0, 97.5, 33.147, 0, 0.4, 0, 0, 
33.25, 16.912, 100.33, 73.27, 74.1, , 2.161, 0.986, 1968.137, 1968.137, 1.721, 52.922, 52.922, 52.922, 51.844, 72, 35.069, 35.42, 7.379, 12.943, 0, 0, 4.615, 4.679, 4.615, 4.679, 1, 33.166, 33.166, 0.024, 0.134, 14.092, 14.297, 14.092, 14.297, 4.052, 7.379, 12.943, , , 1, 33.285, 0, 0, 14.2, 1.721, 172, 0, 0, 0, 54, 5.926, 5.611, 123.8, 42.546, 100, 0, 0, 20.768, 20.732, 4.536, 0.76, 90.5, 0, 0, 97.5, 33.262, 0, 0, 0, 0, 0, 13.6, 0, 14.2, 0, 1.721, 172, 0, 0, 0, 54, 1, 0.006, 0.006, 123.8, 42.545, 100, 0, 0, 141, 20.768, 20.732, 4.536, 0.76, 0, 90.5, 0, 0, 97.5, 33.262, 0, 0.4, 0, 0, 
33.3, 16.911, 100.33, 73.27, 74.1, , 2.144, 0.986, 1970.544, 1970.544, 1.724, 52.518, 52.518, 52.518, 51.831, 73.068, 35.177, 35.42, 7.381, 12.962, 0, 0, 4.595, 4.658, 4.595, 4.658, 1, 33.271, 33.271, 0.024, 0.134, 13.986, 14.19, 13.986, 14.19, 4.059, 7.381, 12.962, , , 1, 33.335, 0, 0, 14.2, 1.724, 172, 0, 0, 0, 54, 5.916, 5.6, 123.8, 42.429, 100, 0, 0, 20.82, 20.68, 4.64, 0.76, 90.5, 0, 0, 97.5, 33.327, 0, 0, 0, 0, 0, 13.6, 0, 14.2, 0, 1.724, 172, 0, 0, 0, 54, 1, 0.006, 0.006, 123.8, 42.429, 100, 0, 0, 141, 20.82, 20.68, 4.64, 0.76, 0, 90.5, 0, 0, 97.5, 33.327, 0, 0.4, 0, 0, 
33.35, 16.91, 100.33, 73.27, 74.1, , 2.173, 0.986, 1972.974, 1972.974, 1.726, 53.21, 53.21, 53.21, 51.817, 74.136, 35.27, 35.435, 7.382, 12.978, 0, 0, 4.671, 4.736, 4.671, 4.736, 1, 33.376, 33.376, 0.024, 0.133, 14.179, 14.384, 14.179, 14.384, 4.085, 7.382, 12.978, , , 1, 33.385, 0, 0, 14.2, 1.726, 172, 0, 0, 0, 54, 5.906, 5.588, 123.8, 42.313, 100, 0, 0, 20.872, 20.628, 4.745, 0.76, 90.5, 0, 0, 97.5, 33.392, 0, 0, 0, 0, 0, 13.6, 0, 14.2, 0, 1.726, 172, 0, 0, 0, 54, 1, 0.006, 0.006, 123.8, 42.312, 100, 0, 0, 141, 20.872, 20.628, 4.745, 0.76, 0, 90.5, 0, 0, 97.5, 33.392, 0, 0.4, 0, 0, 
33.4, 16.91, 100.33, 73.27, 74.1, , 2.205, 0.986, 1975.406, 1975.406, 1.729, 53.973, 53.973, 53.973, 51.783, 75.204, 35.342, 35.471, 7.384, 12.993, 0, 0, 4.753, 4.82, 4.753, 4.82, 1, 33.484, 33.484, 0.024, 0.133, 14.39, 14.597, 14.39, 14.597, 4.11, 7.384, 12.993, , , 1, 33.435, 0, 0, 14.2, 1.729, 172, 0, 0, 0, 54, 5.895, 5.577, 123.8, 42.197, 100, 0, 0, 20.925, 20.575, 4.849, 0.76, 90.5, 0, 0, 97.5, 33.457, 0, 0, 0, 0, 0, 13.6, 0, 14.2, 0, 1.729, 172, 0, 0, 0, 54, 1, 0.006, 0.006, 123.8, 42.196, 100, 0, 0, 141, 20.925, 20.575, 4.849, 0.76, 0, 90.5, 0, 0, 97.5, 33.457, 0, 0.4, 0, 0, 
33.45, 16.91, 100.33, 73.27, 74.1, , 2.212, 0.986, 1977.865, 1977.865, 1.732, 54.138, 54.138, 54.138, 51.747, 76.272, 35.414, 35.507, 7.384, 13.001, 0, 0, 4.783, 4.85, 4.783, 4.85, 1, 33.593, 33.593, 0.024, 0.133, 14.446, 14.655, 14.446, 14.655, 4.135, 7.384, 13.001, , , 1, 33.485, 0, 0, 14.2, 1.732, 172, 0, 0, 0, 54, 5.885, 5.565, 123.8, 42.081, 100, 0, 0, 20.977, 20.523, 4.954, 0.76, 90.5, 0, 0, 97.5, 33.521, 0, 0, 0, 0, 0, 13.6, 0, 14.2, 0, 1.732, 172, 0, 0, 0, 54, 1, 0.006, 0.006, 123.8, 42.079, 100, 0, 0, 141, 20.977, 20.523, 4.954, 0.76, 0, 90.5, 0, 0, 97.5, 33.521, 0, 0.4, 0, 0, 
33.5, 16.91, 100.33, 73.27, 74.1, , 2.216, 0.986, 1980.324, 1980.324, 1.735, 54.24, 54.24, 54.24, 51.695, 77.341, 35.486, 35.543, 7.384, 13.008, 0, 0, 4.807, 4.874, 4.807, 4.874, 1, 33.703, 33.703, 0.024, 0.133, 14.485, 14.695, 14.485, 14.695, 4.161, 7.384, 13.008, , , 1, 33.535, 0, 0, 14.2, 1.735, 172, 0, 0, 0, 54, 5.869, 5.558, 123.8, 41.991, 100, 0, 0, 21, 20.554, 5, 0.758, 90.5, 0, 0, 97.5, 33.618, 0, 0, 0, 0, 0, 13.6, 0, 14.2, 0, 1.735, 172, 0, 0, 0, 54, 1, 0.006, 0.006, 123.8, 41.99, 100, 0, 0, 141, 21, 20.554, 5, 0.758, 0, 90.5, 0, 0, 97.5, 33.618, 0, 0.4, 0, 0, 
33.55, 16.91, 100.33, 73.27, 74.1, , 2.197, 0.986, 1982.781, 1982.781, 1.739, 53.771, 53.771, 53.771, 51.647, 78.409, 35.558, 35.579, 7.383, 13.006, 0, 0, 4.781, 4.846, 4.781, 4.846, 1, 33.812, 33.812, 0.024, 0.133, 14.369, 14.579, 14.369, 14.579, 4.173, 7.383, 13.006, , , 1, 33.584, 0, 0, 14.2, 1.739, 172, 0, 0, 0, 54, 5.85, 5.554, 123.8, 41.922, 100, 0, 0, 21, 20.65, 5, 0.754, 90.5, 0, 0, 97.5, 33.739, 0, 0, 0, 0, 0, 13.6, 0, 14.2, 0, 1.739, 172, 0, 0, 0, 54, 1, 0.006, 0.006, 123.8, 41.921, 100, 0, 0, 141, 21, 20.65, 5, 0.754, 0, 90.5, 0, 0, 97.5, 33.739, 0, 0.4, 0, 0, 
33.6, 16.91, 100.33, 73.27, 74.1, , 2.183, 0.986, 1985.244, 1985.244, 1.743, 53.446, 53.446, 53.446, 51.622, 79.477, 35.494, 35.509, 7.381, 13.002, 0, 0, 4.767, 4.831, 4.767, 4.831, 1, 33.922, 33.922, 0.024, 0.133, 14.29, 14.5, 14.29, 14.5, 4.181, 7.381, 13.002, , , 1, 33.634, 0, 0, 14.2, 1.743, 172, 0, 0, 0, 54, 5.831, 5.55, 123.8, 41.853, 100, 0, 0, 21, 20.746, 5, 0.75, 90.5, 0, 0, 97.5, 33.86, 0, 0, 0, 0, 0, 13.6, 0, 14.2, 0, 1.743, 172, 0, 0, 0, 54, 1, 0.006, 0.006, 123.8, 41.851, 100, 0, 0, 141, 21, 20.746, 5, 0.75, 0, 90.5, 0, 0, 97.5, 33.86, 0, 0.4, 0, 0, 
33.65, 16.91, 100.33, 73.27, 74.1, , 2.193, 0.986, 1987.728, 1987.728, 1.747, 53.69, 53.69, 53.69, 51.604, 80.545, 35.242, 35.293, 7.38, 12.993, 0, 0, 4.805, 4.87, 4.805, 4.87, 1, 34.032, 34.032, 0.024, 0.132, 14.358, 14.57, 14.358, 14.57, 4.19, 7.38, 12.993, , , 1, 33.685, 0, 0, 14.2, 1.747, 172, 0, 0, 0, 54, 5.812, 5.546, 123.8, 41.784, 100, 0, 0, 21, 20.842, 5, 0.746, 90.5, 0, 0, 97.5, 33.981, 0, 0, 0, 0, 0, 13.6, 0, 14.2, 0, 1.747, 172, 0, 0, 0, 54, 1, 0.006, 0.006, 123.8, 41.782, 100, 0, 0, 141, 21, 20.842, 5, 0.746, 0, 90.5, 0, 0, 97.5, 33.981, 0, 0.4, 0, 0, 
33.7, 16.91, 100.33, 73.27, 74.1, , 2.195, 0.986, 1990.211, 1990.211, 1.751, 53.751, 53.751, 53.751, 51.608, 81.613, 34.99, 35.077, 7.378, 12.984, 0, 0, 4.825, 4.892, 4.825, 4.892, 1, 34.142, 34.142, 0.024, 0.132, 14.373, 14.586, 14.373, 14.586, 4.199, 7.378, 12.984, , , 1, 33.735, 0, 0, 14.2, 1.751, 172, 0, 0, 0, 54, 5.792, 5.542, 123.8, 41.714, 100, 0, 0, 21, 20.938, 5, 0.742, 90.5, 0, 0, 97.5, 34.102, 0, 0, 0, 0, 0, 13.6, 0, 14.2, 0, 1.751, 172, 0, 0, 0, 54, 1, 0.006, 0.006, 123.8, 41.713, 100, 0, 0, 141, 21, 20.938, 5, 0.742, 0, 90.5, 0, 0, 97.5, 34.102, 0, 0.4, 0, 0, 
33.75, 16.91, 100.33, 73.27, 74.1, , 2.181, 0.986, 1992.695, 1992.695, 1.755, 53.419, 53.419, 53.419, 51.623, 82.681, 34.738, 34.861, 7.378, 12.978, 0, 0, 4.809, 4.878, 4.809, 4.878, 1, 34.25, 34.25, 0.024, 0.132, 14.279, 14.49, 14.279, 14.49, 4.2, 7.378, 12.978, , , 1, 33.785, 0, 0, 14.207, 1.755, 172, 0, 0, 0, 54, 5.771, 5.531, 123.8, 41.617, 100, 0, 0, 21.036, 21.036, 5, 0.741, 90.536, 0, 0, 97.536, 34.225, 0, 0, 0, 0, 0, 13.6, 0, 14.207, 0, 1.755, 172, 0, 0, 0, 54, 1, 0.006, 0.006, 123.8, 41.614, 100, 0, 0, 141, 21.036, 21.036, 5, 0.741, 0, 90.536, 0, 0, 97.536, 34.225, 0, 0.393, 0, 0, 
33.8, 16.91, 100.33, 73.27, 74.1, , 2.165, 0.986, 1995.191, 1995.191, 1.762, 53.024, 53.024, 53.024, 51.656, 83.749, 34.486, 34.645, 7.377, 12.974, 0, 0, 4.787, 4.857, 4.787, 4.857, 1, 34.357, 34.357, 0.024, 0.132, 14.168, 14.376, 14.168, 14.376, 4.194, 7.377, 12.974, , , 1, 33.835, 0, 0, 14.227, 1.762, 172, 0, 0, 0, 54, 5.747, 5.505, 123.8, 41.469, 100, 0, 0, 21.136, 21.136, 5, 0.745, 90.636, 0, 0, 97.636, 34.349, 0, 0, 0, 0, 0, 13.6, 0, 14.227, 0, 1.762, 172, 0, 0, 0, 54, 1, 0.006, 0.006, 123.8, 41.466, 100, 0, 0, 141, 21.136, 21.136, 5, 0.745, 0, 90.636, 0, 0, 97.636, 34.349, 0, 0.373, 0, 0, 
33.85, 16.91, 100.33, 73.27, 74.1, , 2.145, 0.986, 1997.703, 1997.703, 1.769, 52.549, 52.549, 52.549, 51.689, 84.817, 34.416, 34.535, 7.377, 12.973, 0, 0, 4.756, 4.826, 4.756, 4.826, 1, 34.463, 34.463, 0.024, 0.132, 14.033, 14.238, 14.033, 14.238, 4.187, 7.377, 12.973, , , 1, 33.885, 0, 0, 14.247, 1.769, 172, 0, 0, 0, 54, 5.723, 5.479, 123.8, 41.321, 100, 0, 0, 21.236, 21.236, 5, 0.749, 90.736, 0, 0, 97.736, 34.473, 0, 0, 0, 0, 0, 13.6, 0, 14.247, 0, 1.769, 172, 0, 0, 0, 54, 1, 0.006, 0.006, 123.8, 41.318, 100, 0, 0, 141, 21.236, 21.236, 5, 0.749, 0, 90.736, 0, 0, 97.736, 34.473, 0, 0.353, 0, 0, 
33.9, 16.91, 100.33, 73.27, 74.1, , 2.053, 0.986, 2000.214, 2000.214, 1.776, 50.383, 50.383, 50.383, 51.72, 85.885, 34.596, 34.571, 7.377, 12.973, 0, 0, 4.573, 4.64, 4.573, 4.64, 1, 34.57, 34.57, 0.024, 0.132, 13.447, 13.643, 13.447, 13.643, 4.181, 7.377, 12.973, , , 1, 33.935, 0, 0, 14.267, 1.776, 172, 0, 0, 0, 54, 5.699, 5.453, 123.8, 41.173, 100, 0, 0, 21.336, 21.336, 5, 0.753, 90.836, 0, 0, 97.836, 34.597, 0, 0, 0, 0, 0, 13.6, 0, 14.267, 0, 1.776, 172, 0, 0, 0, 54, 1, 0.006, 0.005, 123.8, 41.17, 100, 0, 0, 141, 21.336, 21.336, 5, 0.753, 0, 90.836, 0, 0, 97.836, 34.597, 0, 0.333, 0, 0, 
33.95, 16.91, 100.33, 73.27, 74.1, , 1.91, 0.986, 2002.724, 2002.724, 1.783, 46.993, 46.993, 46.993, 51.758, 86.953, 34.776, 34.607, 7.377, 12.976, 0, 0, 4.279, 4.34, 4.279, 4.34, 1, 34.668, 34.668, 0.024, 0.132, 12.533, 12.716, 12.533, 12.716, 4.175, 7.377, 12.976, , , 1, 33.985, 0, 0, 14.287, 1.783, 172, 0, 0, 0, 54, 5.675, 5.427, 123.8, 41.025, 100, 0, 0, 21.436, 21.436, 5, 0.757, 90.936, 0, 0, 97.936, 34.721, 0, 0, 0, 0, 0, 13.6, 0, 14.287, 0, 1.783, 172, 0, 0, 0, 54, 1, 0.006, 0.005, 123.8, 41.022, 100, 0, 0, 141, 21.436, 21.436, 5, 0.757, 0, 90.936, 0, 0, 97.936, 34.721, 0, 0.313, 0, 0, 
34, 16.91, 100.33, 73.27, 74.1, , 1.851, 0.986, 2005.254, 2005.254, 1.789, 45.587, 45.587, 45.587, 51.801, 88.021, 34.956, 34.643, 7.377, 12.981, 0, 0, 4.164, 4.223, 4.164, 4.223, 1, 34.761, 34.761, 0.024, 0.132, 12.148, 12.325, 12.148, 12.325, 4.17, 7.377, 12.981, , , 1, 34.035, 0, 0, 14.3, 1.789, 172, 0, 0, 0, 54, 5.659, 5.409, 123.8, 40.902, 100, 0, 0, 21.537, 21.537, 5, 0.759, 91.037, 0, 0, 98.075, 34.8, 0, 0, 0, 0, 0, 13.6, 0, 14.3, 0, 1.789, 172, 0, 0, 0, 54, 1, 0.006, 0.005, 123.8, 40.901, 100, 0, 0, 141, 21.537, 21.537, 5, 0.759, 0, 91.037, 0, 0, 98.075, 34.8, 0, 0.3, 0, 0, 
34.05, 16.91, 100.33, 73.27, 74.1, , 1.824, 0.986, 2007.792, 2007.792, 1.795, 44.953, 44.953, 44.953, 51.838, 89.089, 35.136, 34.679, 7.377, 12.987, 0, 0, 4.119, 4.176, 4.119, 4.176, 1, 34.852, 34.852, 0.024, 0.133, 11.968, 12.142, 11.968, 12.142, 4.165, 7.377, 12.987, , , 1, 34.085, 0, 0, 14.3, 1.795, 172, 0, 0, 0, 54, 5.654, 5.404, 123.8, 40.826, 100, 0, 0, 21.64, 21.64, 5, 0.754, 91.141, 0, 0, 98.282, 34.8, 0, 0, 0, 0, 0, 13.6, 0, 14.3, 0, 1.795, 172, 0, 0, 0, 54, 1, 0.006, 0.005, 123.8, 40.825, 100, 0, 0, 141, 21.64, 21.64, 5, 0.754, 0, 91.141, 0, 0, 98.282, 34.8, 0, 0.3, 0, 0, 
34.1, 16.91, 100.33, 73.27, 74.1, , 1.815, 0.986, 2010.354, 2010.354, 1.802, 44.73, 44.73, 44.73, 51.872, 90.157, 35.27, 34.774, 7.377, 12.994, 0, 0, 4.11, 4.167, 4.11, 4.167, 1, 34.943, 34.943, 0.024, 0.133, 11.902, 12.075, 11.902, 12.075, 4.16, 7.377, 12.994, , , 1, 34.136, 0, 0, 14.3, 1.802, 172, 0, 0, 0, 54, 5.65, 5.4, 123.8, 40.749, 100, 0, 0, 21.744, 21.744, 5, 0.75, 91.245, 0, 0, 98.49, 34.8, 0, 0, 0, 0, 0, 13.6, 0, 14.3, 0, 1.802, 172, 0, 0, 0, 54, 1, 0.006, 0.005, 123.8, 40.748, 100, 0, 0, 141, 21.744, 21.744, 5, 0.75, 0, 91.245, 0, 0, 98.49, 34.8, 0, 0.3, 0, 0, 
34.15, 16.91, 100.33, 73.27, 74.1, , 1.812, 0.986, 2012.918, 2012.918, 1.808, 44.657, 44.657, 44.657, 51.896, 91.225, 35.341, 34.952, 7.377, 13.004, 0, 0, 4.115, 4.172, 4.115, 4.172, 1, 35.033, 35.033, 0.024, 0.133, 11.876, 12.049, 11.876, 12.049, 4.154, 7.377, 13.004, , , 1, 34.185, 0, 0, 14.3, 1.808, 172, 0, 0, 0, 54, 5.646, 5.396, 123.8, 40.672, 100, 0, 0, 21.847, 21.847, 5, 0.746, 91.349, 0, 0, 98.697, 34.8, 0, 0, 0, 0, 0, 13.6, 0, 14.3, 0, 1.808, 172, 0, 0, 0, 54, 1, 0.006, 0.005, 123.8, 40.672, 100, 0, 0, 141, 21.847, 21.847, 5, 0.746, 0, 91.349, 0, 0, 98.697, 34.8, 0, 0.3, 0, 0, 
34.2, 16.91, 100.33, 73.27, 74.1, , 1.87, 0.986, 2015.457, 2015.457, 1.814, 46.058, 46.058, 46.058, 51.917, 92.293, 35.411, 35.129, 7.377, 13.017, 0, 0, 4.254, 4.315, 4.254, 4.315, 1, 35.123, 35.123, 0.024, 0.133, 12.245, 12.425, 12.245, 12.425, 4.148, 7.377, 13.017, , , 1, 34.235, 0, 0, 14.3, 1.814, 172, 0, 0, 0, 54, 5.642, 5.392, 123.8, 40.595, 100, 0, 0, 21.95, 21.95, 5, 0.742, 91.452, 0, 0, 98.905, 34.8, 0, 0, 0, 0, 0, 13.6, 0, 14.3, 0, 1.814, 172, 0, 0, 0, 54, 1, 0.006, 0.005, 123.8, 40.595, 100, 0, 0, 141, 21.95, 21.95, 5, 0.742, 0, 91.452, 0, 0, 98.905, 34.8, 0, 0.3, 0, 0, 
34.25, 16.91, 100.33, 73.27, 74.1, , 1.905, 0.986, 2018.008, 2018.008, 1.82, 46.875, 46.875, 46.875, 51.923, 93.362, 35.482, 35.306, 7.377, 13.031, 0, 0, 4.339, 4.403, 4.339, 4.403, 1, 35.219, 35.219, 0.024, 0.133, 12.461, 12.643, 12.461, 12.643, 4.143, 7.377, 13.031, , , 1, 34.285, 0, 0, 14.3, 1.82, 172, 0, 0, 0, 54, 5.63, 5.387, 123.8, 40.48, 100, 0, 0, 22.052, 22.052, 5, 0.742, 91.5, 0, 0, 99.054, 34.865, 0, 0, 0, 0, 0, 13.6, 0, 14.3, 0, 1.82, 172, 0, 0, 0, 54, 1, 0.006, 0.005, 123.8, 40.479, 100, 0, 0, 141, 22.052, 22.052, 5, 0.742, 0, 91.5, 0, 0, 99.054, 34.865, 0, 0.3, 0, 0, 
34.3, 16.91, 100.33, 73.27, 74.1, , 1.861, 0.986, 2020.602, 2020.602, 1.825, 45.838, 45.838, 45.838, 51.925, 94.43, 35.553, 35.483, 7.377, 13.046, 0, 0, 4.253, 4.317, 4.253, 4.317, 1, 35.313, 35.313, 0.024, 0.133, 12.186, 12.365, 12.186, 12.365, 4.137, 7.377, 13.046, , , 1, 34.335, 0, 0, 14.3, 1.825, 172, 0, 0, 0, 54, 5.609, 5.381, 123.8, 40.331, 100, 0, 0, 22.153, 22.153, 5, 0.746, 91.5, 0, 0, 99.155, 34.99, 0, 0, 0, 0, 0, 13.6, 0, 14.3, 0, 1.825, 172, 0, 0, 0, 54, 1, 0.006, 0.005, 123.8, 40.33, 100, 0, 0, 141, 22.153, 22.153, 5, 0.746, 0, 91.5, 0, 0, 99.155, 34.99, 0, 0.3, 0, 0, 
34.35, 16.91, 100.33, 73.27, 74.1, , 1.833, 0.986, 2023.184, 2023.184, 1.83, 45.164, 45.164, 45.164, 51.922, 94.699, 35.563, 35.774, 7.377, 13.06, 0, 0, 4.201, 4.264, 4.201, 4.264, 1, 35.406, 35.406, 0.024, 0.133, 12.008, 12.185, 12.008, 12.185, 4.131, 7.377, 13.06, , , 1, 34.384, 0, 0, 14.3, 1.83, 172, 0, 0, 0, 54, 5.589, 5.375, 123.8, 40.183, 100, 0, 0, 22.254, 22.254, 5, 0.75, 91.5, 0, 0, 99.255, 35.115, 0, 0, 0, 0, 0, 13.6, 0, 14.3, 0, 1.83, 172, 0, 0, 0, 54, 1, 0.006, 0.005, 123.8, 40.181, 100, 0, 0, 141, 22.254, 22.254, 5, 0.75, 0, 91.5, 0, 0, 99.255, 35.115, 0, 0.3, 0, 0, 
34.4, 16.91, 100.33, 73.27, 74.1, , 1.825, 0.986, 2025.75, 2025.75, 1.835, 44.989, 44.989, 44.989, 51.912, 92.693, 35.453, 36.286, 7.377, 13.073, 0, 0, 4.195, 4.259, 4.195, 4.259, 1, 35.497, 35.497, 0.024, 0.133, 11.964, 12.14, 11.964, 12.14, 4.14, 7.377, 13.073, , , 1, 34.435, 0, 0, 14.3, 1.835, 172, 0, 0, 0, 54, 5.569, 5.369, 123.8, 40.034, 100, 0, 0, 22.355, 22.355, 5, 0.754, 91.5, 0, 0, 99.355, 35.24, 0, 0, 0, 0, 0, 13.6, 0, 14.3, 0, 1.835, 172, 0, 0, 0, 54, 1, 0.006, 0.005, 123.8, 40.032, 100, 0, 0, 141, 22.355, 22.355, 5, 0.754, 0, 91.5, 0, 0, 99.355, 35.24, 0, 0.3, 0, 0, 
34.45, 16.91, 100.33, 73.27, 74.1, , 1.814, 0.986, 2028.35, 2028.35, 1.84, 44.72, 44.72, 44.72, 51.897, 90.687, 35.343, 36.799, 7.377, 13.082, 0, 0, 4.182, 4.244, 4.182, 4.244, 1, 35.588, 35.588, 0.024, 0.133, 11.895, 12.071, 11.895, 12.071, 4.149, 7.377, 13.082, , , 1, 34.485, 0, 0, 14.3, 1.84, 172, 0, 0, 0, 54, 5.549, 5.363, 123.8, 39.885, 100, 0, 0, 22.456, 22.456, 5, 0.758, 91.5, 0, 0, 99.456, 35.365, 0, 0, 0, 0, 0, 13.6, 0, 14.3, 0, 1.84, 172, 0, 0, 0, 54, 1, 0.006, 0.005, 123.8, 39.883, 100, 0, 0, 141, 22.456, 22.456, 5, 0.758, 0, 91.5, 0, 0, 99.456, 35.365, 0, 0.3, 0, 0, 
34.5, 16.91, 100.33, 73.27, 74.1, , 1.8, 0.986, 2030.973, 2030.973, 1.844, 44.392, 44.392, 44.392, 51.876, 88.681, 35.233, 37.311, 7.377, 13.088, 0, 0, 4.163, 4.224, 4.163, 4.224, 1, 35.677, 35.677, 0.024, 0.133, 11.812, 11.985, 11.812, 11.985, 4.158, 7.377, 13.088, , , 1, 34.535, 0, 0, 14.289, 1.844, 172, 0, 0, 0, 54, 5.542, 5.361, 123.8, 39.779, 100, 0, 0, 22.556, 22.556, 5, 0.76, 91.556, 0, 0, 99.5, 35.489, 0, 0, 0, 0, 0, 13.6, 0, 14.289, 0, 1.844, 172, 0, 0, 0, 54, 1, 0.006, 0.005, 123.8, 39.778, 100, 0, 0, 141, 22.556, 22.556, 5, 0.76, 0, 91.556, 0, 0, 99.5, 35.489, 0, 0.3, 0, 0, 
34.55, 16.91, 100.33, 73.27, 74.1, , 1.815, 0.986, 2033.573, 2033.573, 1.848, 44.754, 44.754, 44.754, 51.852, 86.676, 35.124, 37.823, 7.377, 13.091, 0, 0, 4.209, 4.269, 4.209, 4.269, 1, 35.766, 35.766, 0.024, 0.133, 11.912, 12.087, 11.912, 12.087, 4.168, 7.377, 13.091, , , 1, 34.585, 0, 0, 14.269, 1.848, 172, 0, 0, 0, 54, 5.546, 5.363, 123.8, 39.705, 100, 0, 0, 22.655, 22.655, 5, 0.76, 91.655, 0, 0, 99.5, 35.612, 0, 0, 0, 0, 0, 13.6, 0, 14.269, 0, 1.848, 172, 0, 0, 0, 54, 1, 0.006, 0.005, 123.8, 39.704, 100, 0, 0, 141, 22.655, 22.655, 5, 0.76, 0, 91.655, 0, 0, 99.5, 35.612, 0, 0.3, 0, 0, 
34.6, 16.91, 100.33, 73.27, 74.1, , 1.835, 0.986, 2036.169, 2036.169, 1.852, 45.222, 45.222, 45.222, 51.833, 84.67, 34.924, 37.969, 7.378, 13.093, 0, 0, 4.264, 4.324, 4.264, 4.324, 1, 35.858, 35.858, 0.024, 0.133, 12.041, 12.217, 12.041, 12.217, 4.187, 7.378, 13.093, , , 1, 34.635, 0, 0, 14.249, 1.852, 172, 0, 0, 0, 54, 5.55, 5.365, 123.8, 39.632, 100, 0, 0, 22.754, 22.754, 5, 0.76, 91.754, 0, 0, 99.5, 35.735, 0, 0, 0, 0, 0, 13.6, 0, 14.249, 0, 1.852, 172, 0, 0, 0, 54, 1, 0.006, 0.005, 123.8, 39.631, 100, 0, 0, 141, 22.754, 22.754, 5, 0.76, 0, 91.754, 0, 0, 99.5, 35.735, 0, 0.3, 0, 0, 
34.65, 16.91, 100.33, 73.27, 74.1, , 1.763, 0.986, 2038.794, 2038.794, 1.855, 43.513, 43.513, 43.513, 51.817, 82.664, 34.6, 37.609, 7.378, 13.09, 0, 0, 4.112, 4.17, 4.112, 4.17, 1, 35.948, 35.948, 0.024, 0.133, 11.588, 11.757, 11.588, 11.757, 4.21, 7.378, 13.09, , , 1, 34.685, 0, 0, 14.229, 1.855, 172, 0, 0, 0, 54, 5.554, 5.367, 123.8, 39.559, 100, 0, 0, 22.853, 22.853, 5, 0.76, 91.853, 0, 0, 99.5, 35.858, 0, 0, 0, 0, 0, 13.6, 0, 14.229, 0, 1.855, 172, 0, 0, 0, 54, 1, 0.006, 0.005, 123.8, 39.558, 100, 0, 0, 141, 22.853, 22.853, 5, 0.76, 0, 91.853, 0, 0, 99.5, 35.858, 0, 0.3, 0, 0, 
34.7, 16.91, 100.33, 73.27, 74.1, , 1.706, 0.986, 2041.419, 2041.419, 1.859, 42.175, 42.175, 42.175, 51.817, 80.659, 34.276, 37.249, 7.379, 13.085, 0, 0, 3.995, 4.052, 3.995, 4.052, 1, 36.033, 36.033, 0.024, 0.133, 11.233, 11.396, 11.233, 11.396, 4.233, 7.379, 13.085, , , 1, 34.736, 0, 0, 14.21, 1.859, 172, 0, 0, 0, 54, 5.558, 5.369, 123.8, 39.485, 100, 0, 0, 22.952, 22.952, 5, 0.76, 91.952, 0, 0, 99.5, 35.981, 0, 0, 0, 0, 0, 13.6, 0, 14.21, 0, 1.859, 172, 0, 0, 0, 54, 1, 0.006, 0.005, 123.8, 39.485, 100, 0, 0, 141, 22.952, 22.952, 5, 0.76, 0, 91.952, 0, 0, 99.5, 35.981, 0, 0.3, 0, 0, 
34.75, 16.911, 100.33, 73.27, 74.099, , 1.699, 0.986, 2044.042, 2044.042, 1.863, 42.014, 42.014, 42.014, 51.819, 78.653, 33.952, 36.889, 7.379, 13.078, 0, 0, 3.99, 4.046, 3.99, 4.046, 1, 36.117, 36.117, 0.024, 0.133, 11.19, 11.353, 11.19, 11.353, 4.256, 7.379, 13.078, , , 1, 34.785, 0, 0, 14.2, 1.863, 172, 0, 0, 0, 54, 5.549, 5.372, 123.8, 39.411, 100, 0, 0, 23.052, 23.052, 5, 0.758, 92, 0, 0, 99.552, 36.105, 0, 0, 0, 0, 0, 13.6, 0, 14.2, 0, 1.863, 172, 0, 0, 0, 54, 1, 0.006, 0.005, 123.8, 39.411, 100, 0, 0, 141, 23.052, 23.052, 5, 0.758, 0, 92, 0, 0, 99.552, 36.105, 0, 0.3, 0, 0, 
34.8, 16.912, 100.33, 73.27, 74.098, , 1.717, 0.986, 2046.679, 2046.679, 1.868, 42.428, 42.428, 42.428, 51.827, 76.647, 33.628, 36.529, 7.38, 13.069, 0, 0, 4.039, 4.096, 4.039, 4.096, 1, 36.201, 36.201, 0.024, 0.133, 11.3, 11.465, 11.3, 11.465, 4.252, 7.38, 13.069, , , 1, 34.836, 0, 0, 14.2, 1.868, 172, 0, 0, 0, 54, 5.526, 5.376, 123.8, 39.337, 100, 0, 0, 23.153, 23.153, 5, 0.754, 92, 0, 0, 99.653, 36.229, 0, 0, 0, 0, 0, 13.6, 0, 14.2, 0, 1.868, 172, 0, 0, 0, 54, 1, 0.006, 0.005, 123.8, 39.337, 100, 0, 0, 141, 23.153, 23.153, 5, 0.754, 0, 92, 0, 0, 99.653, 36.229, 0, 0.3, 0, 0, 
34.85, 16.913, 100.33, 73.27, 74.097, , 1.763, 0.986, 2049.332, 2049.332, 1.873, 43.519, 43.519, 43.519, 51.832, 74.642, 33.531, 36.305, 7.38, 13.062, 0, 0, 4.153, 4.212, 4.153, 4.212, 1, 36.288, 36.288, 0.024, 0.132, 11.59, 11.759, 11.59, 11.759, 4.237, 7.38, 13.062, , , 1, 34.885, 0, 0, 14.2, 1.873, 172, 0, 0, 0, 54, 5.504, 5.38, 123.8, 39.263, 100, 0, 0, 23.253, 23.253, 5, 0.75, 92, 0, 0, 99.753, 36.354, 0, 0, 0, 0, 0, 13.6, 0, 14.2, 0, 1.873, 172, 0, 0, 0, 54, 1, 0.005, 0.005, 123.8, 39.263, 100, 0, 0, 141, 23.253, 23.253, 5, 0.75, 0, 92, 0, 0, 99.753, 36.354, 0, 0.3, 0, 0, 
34.9, 16.913, 100.33, 73.27, 74.097, , 1.832, 0.986, 2051.985, 2051.985, 1.877, 45.162, 45.162, 45.162, 51.836, 72.636, 33.747, 36.269, 7.379, 13.055, 0, 0, 4.319, 4.381, 4.319, 4.381, 1, 36.377, 36.377, 0.024, 0.132, 12.028, 12.203, 12.028, 12.203, 4.222, 7.379, 13.055, , , 1, 34.935, 0, 0, 14.2, 1.877, 172, 0, 0, 0, 54, 5.482, 5.384, 123.8, 39.188, 100, 0, 0, 23.353, 23.353, 5, 0.746, 92, 0, 0, 99.853, 36.478, 0, 0, 0, 0, 0, 13.6, 0, 14.2, 0, 1.877, 172, 0, 0, 0, 54, 1, 0.005, 0.005, 123.8, 39.188, 100, 0, 0, 141, 23.353, 23.353, 5, 0.746, 0, 92, 0, 0, 99.853, 36.478, 0, 0.3, 0, 0, 
34.95, 16.914, 100.33, 73.27, 74.096, , 1.911, 0.986, 2054.638, 2054.638, 1.882, 47.041, 47.041, 47.041, 51.832, 70.63, 33.963, 36.233, 7.379, 13.054, 0, 0, 4.509, 4.572, 4.509, 4.572, 1, 36.473, 36.473, 0.024, 0.132, 12.53, 12.713, 12.53, 12.713, 4.207, 7.379, 13.054, , , 1, 34.985, 0, 0, 14.2, 1.882, 172, 0, 0, 0, 54, 5.46, 5.388, 123.8, 39.114, 100, 0, 0, 23.454, 23.454, 5, 0.742, 92, 0, 0, 99.954, 36.603, 0, 0, 0, 0, 0, 13.6, 0, 14.2, 0, 1.882, 172, 0, 0, 0, 54, 1, 0.005, 0.005, 123.8, 39.114, 100, 0, 0, 141, 23.454, 23.454, 5, 0.742, 0, 92, 0, 0, 99.954, 36.603, 0, 0.3, 0, 0, 
35, 16.915, 100.33, 73.27, 74.095, , 1.88, 0.986, 2057.321, 2057.321, 1.887, 46.312, 46.312, 46.312, 51.827, 68.625, 34.179, 36.197, 7.378, 13.061, 0, 0, 4.45, 4.511, 4.45, 4.511, 1, 36.569, 36.569, 0.024, 0.132, 12.337, 12.516, 12.337, 12.516, 4.197, 7.378, 13.061, , , 1, 35.035, 0, 0, 14.2, 1.887, 172, 0, 0, 0, 54, 5.454, 5.387, 123.8, 39.04, 100, 0, 0, 23.554, 23.554, 5, 0.74, 92.054, 0, 0, 100.108, 36.727, 0, 0, 0, 0, 0, 13.6, 0, 14.2, 0, 1.887, 172, 0, 0, 0, 54, 1, 0.005, 0.005, 123.8, 39.04, 100, 0, 0, 141, 23.554, 23.554, 5, 0.74, 0, 92.054, 0, 0, 100.108, 36.727, 0, 0.3, 0, 0, 
35.05, 16.916, 100.33, 73.27, 74.094, , 1.844, 0.986, 2060, 2060, 1.891, 45.45, 45.45, 45.45, 51.825, 66.619, 34.395, 36.161, 7.378, 13.07, 0, 0, 4.379, 4.438, 4.379, 4.438, 1, 36.661, 36.661, 0.024, 0.132, 12.108, 12.284, 12.108, 12.284, 4.192, 7.378, 13.07, , , 1, 35.085, 0, 0, 14.2, 1.891, 172, 0, 0, 0, 54, 5.462, 5.381, 123.8, 38.965, 100, 0, 0, 23.655, 23.655, 5, 0.74, 92.155, 0, 0, 100.309, 36.852, 0, 0, 0, 0, 0, 13.6, 0, 14.2, 0, 1.891, 172, 0, 0, 0, 54, 1, 0.005, 0.005, 123.8, 38.965, 100, 0, 0, 141, 23.655, 23.655, 5, 0.74, 0, 92.155, 0, 0, 100.309, 36.852, 0, 0.3, 0, 0, 
35.1, 16.917, 100.33, 73.27, 74.093, , 1.813, 0.986, 2062.653, 2062.653, 1.896, 44.714, 44.714, 44.714, 51.821, 64.613, 34.592, 36.104, 7.377, 13.083, 0, 0, 4.321, 4.379, 4.321, 4.379, 1, 36.752, 36.752, 0.024, 0.132, 11.912, 12.087, 11.912, 12.087, 4.187, 7.377, 13.083, , , 1, 35.136, 0, 0, 14.2, 1.896, 172, 0, 0, 0, 54, 5.47, 5.375, 123.8, 38.891, 100, 0, 0, 23.755, 23.755, 5, 0.74, 92.255, 0, 0, 100.51, 36.976, 0, 0, 0, 0, 0, 13.6, 0, 14.2, 0, 1.896, 172, 0, 0, 0, 54, 1, 0.005, 0.005, 123.8, 38.891, 100, 0, 0, 141, 23.755, 23.755, 5, 0.74, 0, 92.255, 0, 0, 100.51, 36.976, 0, 0.3, 0, 0, 
35.15, 16.917, 100.33, 73.27, 74.093, , 1.798, 0.986, 2065.333, 2065.333, 1.901, 44.357, 44.357, 44.357, 51.816, 62.608, 34.765, 36.018, 7.377, 13.09, 0, 0, 4.299, 4.355, 4.299, 4.355, 1, 36.84, 36.84, 0.024, 0.132, 11.818, 11.991, 11.818, 11.991, 4.181, 7.377, 13.09, , , 1, 35.185, 0, 0, 14.2, 1.901, 172, 0, 0, 0, 54, 5.478, 5.369, 123.8, 38.816, 100, 0, 0, 23.855, 23.855, 5, 0.74, 92.355, 0, 0, 100.711, 37.101, 0, 0, 0, 0, 0, 13.6, 0, 14.2, 0, 1.901, 172, 0, 0, 0, 54, 1, 0.005, 0.005, 123.8, 38.816, 100, 0, 0, 141, 23.855, 23.855, 5, 0.74, 0, 92.355, 0, 0, 100.711, 37.101, 0, 0.3, 0, 0, 
35.2, 16.918, 100.33, 73.27, 74.092, , 1.802, 0.986, 2068.048, 2068.048, 1.906, 44.445, 44.445, 44.445, 51.806, 60.602, 34.937, 35.931, 7.377, 13.091, 0, 0, 4.318, 4.375, 4.318, 4.375, 1, 36.928, 36.928, 0.024, 0.132, 11.843, 12.016, 11.843, 12.016, 4.183, 7.377, 13.091, , , 1, 35.235, 0, 0, 14.2, 1.906, 172, 0, 0, 0, 54, 5.486, 5.363, 123.8, 38.741, 100, 0, 0, 23.956, 23.956, 5, 0.74, 92.456, 0, 0, 100.912, 37.225, 0, 0, 0, 0, 0, 13.6, 0, 14.2, 0, 1.906, 172, 0, 0, 0, 54, 1, 0.005, 0.005, 123.8, 38.741, 100, 0, 0, 141, 23.956, 23.956, 5, 0.74, 0, 92.456, 0, 0, 100.912, 37.225, 0, 0.3, 0, 0, 
35.25, 16.919, 100.33, 73.27, 74.091, , 1.847, 0.986, 2070.74, 2070.74, 1.912, 45.531, 45.531, 45.531, 51.792, 58.596, 35.11, 35.845, 7.377, 13.082, 0, 0, 4.434, 4.493, 4.434, 4.493, 1, 37.016, 37.016, 0.024, 0.132, 12.136, 12.313, 12.136, 12.313, 4.21, 7.377, 13.082, , , 1, 35.285, 0, 0, 14.2, 1.912, 172, 0, 0, 0, 54, 5.482, 5.349, 123.8, 38.645, 100, 0, 0, 24, 24.028, 5, 0.742, 92.528, 0, 0, 101.028, 37.315, 0, 0, 0, 0, 0, 13.6, 0, 14.2, 0, 1.912, 172, 0, 0, 0, 54, 1, 0.005, 0.005, 123.8, 38.645, 100, 0, 0, 141, 24, 24.028, 5, 0.742, 0, 92.528, 0, 0, 101.028, 37.315, 0, 0.3, 0, 0, 
35.3, 16.92, 100.33, 73.27, 74.09, , 1.909, 0.986, 2073.423, 2073.423, 1.919, 47.004, 47.004, 47.004, 51.782, 56.591, 35.282, 35.759, 7.378, 13.057, 0, 0, 4.587, 4.65, 4.587, 4.65, 1, 37.11, 37.11, 0.024, 0.132, 12.532, 12.715, 12.532, 12.715, 4.237, 7.378, 13.057, , , 1, 35.335, 0, 0, 14.2, 1.919, 172, 0, 0, 0, 54, 5.466, 5.33, 123.8, 38.534, 100, 0, 0, 24, 24.079, 5, 0.746, 92.579, 0, 0, 101.079, 37.378, 0, 0, 0, 0, 0, 13.6, 0, 14.2, 0, 1.919, 172, 0, 0, 0, 54, 1, 0.005, 0.005, 123.8, 38.534, 100, 0, 0, 141, 24, 24.079, 5, 0.746, 0, 92.579, 0, 0, 101.079, 37.378, 0, 0.3, 0, 0, 
35.35, 16.92, 100.33, 73.27, 74.09, , 1.858, 0.986, 2076.138, 2076.138, 1.926, 45.782, 45.782, 45.782, 51.776, 54.585, 35.435, 35.709, 7.378, 13.027, 0, 0, 4.478, 4.539, 4.478, 4.539, 1, 37.204, 37.204, 0.024, 0.132, 12.206, 12.383, 12.206, 12.383, 4.264, 7.378, 13.027, , , 1, 35.386, 0, 0, 14.2, 1.926, 172, 0, 0, 0, 54, 5.451, 5.311, 123.8, 38.422, 100, 0, 0, 24, 24.129, 5, 0.75, 92.629, 0, 0, 101.129, 37.44, 0, 0, 0, 0, 0, 13.6, 0, 14.2, 0, 1.926, 172, 0, 0, 0, 54, 1, 0.005, 0.005, 123.8, 38.422, 100, 0, 0, 141, 24, 24.129, 5, 0.75, 0, 92.629, 0, 0, 101.129, 37.44, 0, 0.3, 0, 0, 
35.4, 16.921, 100.33, 73.27, 74.089, , 1.812, 0.986, 2078.862, 2078.862, 1.932, 44.709, 44.709, 44.709, 51.802, 62.4, 35.51, 35.803, 7.379, 12.987, 0, 0, 4.384, 4.444, 4.384, 4.444, 1, 37.295, 37.295, 0.024, 0.132, 11.917, 12.09, 11.917, 12.09, 4.291, 7.379, 12.987, , , 1, 35.435, 0, 0, 14.2, 1.932, 172, 0, 0, 0, 54, 5.436, 5.292, 123.8, 38.311, 100, 0, 0, 24, 24.179, 5, 0.754, 92.679, 0, 0, 101.179, 37.503, 0, 0, 0, 0, 0, 13.6, 0, 14.2, 0, 1.932, 172, 0, 0, 0, 54, 1, 0.005, 0.005, 123.8, 38.311, 100, 0, 0, 141, 24, 24.179, 5, 0.754, 0, 92.679, 0, 0, 101.179, 37.503, 0, 0.3, 0, 0, 
35.45, 16.922, 100.33, 73.27, 74.088, , 1.792, 0.986, 2081.609, 2081.609, 1.939, 44.219, 44.219, 44.219, 51.836, 69.62, 35.586, 35.897, 7.379, 12.949, 0, 0, 4.346, 4.406, 4.346, 4.406, 1, 37.386, 37.386, 0.024, 0.132, 11.778, 11.949, 11.778, 11.949, 4.319, 7.379, 12.949, , , 1, 35.485, 0, 0, 14.2, 1.939, 172, 0, 0, 0, 54, 5.421, 5.273, 123.8, 38.2, 100, 0, 0, 24, 24.23, 5, 0.758, 92.73, 0, 0, 101.23, 37.565, 0, 0, 0, 0, 0, 13.6, 0, 14.2, 0, 1.939, 172, 0, 0, 0, 54, 1, 0.005, 0.005, 123.8, 38.2, 100, 0, 0, 141, 24, 24.23, 5, 0.758, 0, 92.73, 0, 0, 101.23, 37.565, 0, 0.3, 0, 0, 
35.5, 16.923, 100.33, 73.27, 74.087, , 1.737, 0.986, 2084.338, 2084.338, 1.946, 42.931, 42.931, 42.931, 51.885, 72.059, 35.661, 35.991, 7.38, 12.914, 0, 0, 4.23, 4.288, 4.23, 4.288, 1, 37.476, 37.476, 0.024, 0.132, 11.425, 11.59, 11.425, 11.59, 4.346, 7.38, 12.914, , , 1, 35.535, 0, 0, 14.2, 1.946, 172, 0, 0, 0, 54, 5.408, 5.264, 123.8, 38.126, 100, 0, 0, 24, 24.289, 5, 0.76, 92.789, 0, 0, 101.328, 37.638, 0, 0, 0, 0, 0, 13.6, 0, 14.2, 0, 1.946, 172, 0, 0, 0, 54, 1, 0.005, 0.005, 123.8, 38.126, 100, 0, 0, 141, 24, 24.289, 5, 0.76, 0, 92.789, 0, 0, 101.328, 37.638, 0, 0.3, 0, 0, 
35.55, 16.923, 100.33, 73.27, 74.087, , 1.656, 0.986, 2087.052, 2087.052, 1.952, 41.016, 41.016, 41.016, 51.929, 74.095, 35.736, 36.085, 7.38, 12.886, 0, 0, 4.052, 4.106, 4.052, 4.106, 1, 37.561, 37.561, 0.024, 0.132, 10.903, 11.061, 10.903, 11.061, 4.373, 7.38, 12.886, , , 1, 35.585, 0, 0, 14.2, 1.952, 172, 0, 0, 0, 54, 5.396, 5.263, 123.8, 38.078, 100, 0, 0, 24, 24.354, 5, 0.76, 92.854, 0, 0, 101.458, 37.719, 0, 0, 0, 0, 0, 13.6, 0, 14.2, 0, 1.952, 172, 0, 0, 0, 54, 1, 0.005, 0.005, 123.8, 38.078, 100, 0, 0, 141, 24, 24.354, 5, 0.76, 0, 92.854, 0, 0, 101.458, 37.719, 0, 0.3, 0, 0, 
35.6, 16.924, 100.33, 73.27, 74.086, , 1.608, 0.986, 2089.794, 2089.794, 1.958, 39.858, 39.858, 39.858, 51.97, 66.472, 35.72, 36.216, 7.379, 12.869, 0, 0, 3.944, 3.998, 3.944, 3.998, 1, 37.643, 37.643, 0.024, 0.132, 10.588, 10.743, 10.588, 10.743, 4.4, 7.379, 12.869, , , 1, 35.635, 0, 0, 14.2, 1.958, 172, 0, 0, 0, 54, 5.385, 5.262, 123.8, 38.03, 100, 0, 0, 24, 24.419, 5, 0.76, 92.919, 0, 0, 101.589, 37.8, 0, 0, 0, 0, 0, 13.6, 0, 14.2, 0, 1.958, 172, 0, 0, 0, 54, 1, 0.005, 0.005, 123.8, 38.029, 100, 0, 0, 141, 24, 24.419, 5, 0.76, 0, 92.919, 0, 0, 101.589, 37.8, 0, 0.3, 0, 0, 
35.65, 16.925, 100.33, 73.27, 74.085, , 1.571, 0.986, 2092.545, 2092.545, 1.964, 39.004, 39.004, 39.004, 51.984, 65.917, 35.576, 36.396, 7.379, 12.857, 0, 0, 3.866, 3.92, 3.866, 3.92, 1, 37.722, 37.722, 0.024, 0.132, 10.355, 10.508, 10.355, 10.508, 4.415, 7.379, 12.857, , , 1, 35.685, 0, 0, 14.2, 1.964, 172, 0, 0, 0, 54, 5.373, 5.26, 123.8, 37.982, 100, 0, 0, 24, 24.484, 5, 0.76, 92.984, 0, 0, 101.719, 37.881, 0, 0, 0, 0, 0, 13.6, 0, 14.2, 0, 1.964, 172, 0, 0, 0, 54, 1, 0.005, 0.005, 123.8, 37.981, 100, 0, 0, 141, 24, 24.484, 5, 0.76, 0, 92.984, 0, 0, 101.719, 37.881, 0, 0.3, 0, 0, 
35.7, 16.926, 100.33, 73.27, 74.084, , 1.577, 0.986, 2095.326, 2095.326, 1.968, 39.129, 39.129, 39.129, 51.992, 66.914, 35.432, 36.576, 7.378, 12.856, 0, 0, 3.888, 3.942, 3.888, 3.942, 1, 37.8, 37.8, 0.024, 0.132, 10.388, 10.542, 10.388, 10.542, 4.426, 7.378, 12.856, , , 1, 35.735, 0, 0, 14.2, 1.968, 172, 0, 0, 0, 54, 5.361, 5.251, 123.8, 37.912, 100, 0, 0, 24.158, 24.539, 5, 0.76, 93.04, 0, 0, 101.829, 37.95, 0, 0, 0, 0, 0, 13.6, 0, 14.2, 0, 1.968, 172, 0, 0, 0, 54, 1, 0.005, 0.005, 123.8, 37.911, 100, 0, 0, 141, 24.158, 24.539, 5, 0.76, 0, 93.04, 0, 0, 101.829, 37.95, 0, 0.3, 0, 0, 
35.75, 16.926, 100.33, 73.27, 74.084, , 1.603, 0.986, 2098.091, 2098.091, 1.972, 39.76, 39.76, 39.76, 51.986, 67.911, 35.288, 36.756, 7.378, 12.855, 0, 0, 3.96, 4.015, 3.96, 4.015, 1, 37.88, 37.88, 0.024, 0.133, 10.557, 10.712, 10.557, 10.712, 4.437, 7.378, 12.855, , , 1, 35.785, 0, 0, 14.2, 1.972, 172, 0, 0, 0, 54, 5.35, 5.24, 123.8, 37.836, 100, 0, 0, 24.365, 24.591, 5, 0.76, 93.092, 0, 0, 101.933, 38.015, 0, 0, 0, 0, 0, 13.6, 0, 14.2, 0, 1.972, 172, 0, 0, 0, 54, 1, 0.005, 0.005, 123.8, 37.835, 100, 0, 0, 141, 24.365, 24.591, 5, 0.76, 0, 93.092, 0, 0, 101.933, 38.015, 0, 0.3, 0, 0, 
35.8, 16.927, 100.33, 73.27, 74.083, , 1.655, 0.986, 2100.838, 2100.838, 1.976, 40.986, 40.986, 40.986, 51.978, 68.908, 35.144, 36.936, 7.377, 12.854, 0, 0, 4.089, 4.148, 4.089, 4.148, 1, 37.961, 37.961, 0.024, 0.133, 10.885, 11.044, 10.885, 11.044, 4.448, 7.377, 12.854, , , 1, 35.835, 0, 0, 14.2, 1.976, 172, 0, 0, 0, 54, 5.339, 5.229, 123.8, 37.76, 100, 0, 0, 24.573, 24.643, 5, 0.76, 93.144, 0, 0, 102.038, 38.08, 0, 0, 0, 0, 0, 13.6, 0, 14.2, 0, 1.976, 172, 0, 0, 0, 54, 1, 0.005, 0.005, 123.8, 37.759, 100, 0, 0, 141, 24.573, 24.643, 5, 0.76, 0, 93.144, 0, 0, 102.038, 38.08, 0, 0.3, 0, 0, 
35.85, 16.928, 100.33, 73.27, 74.082, , 1.701, 0.986, 2103.61, 2103.61, 1.98, 42.091, 42.091, 42.091, 51.971, 69.905, 35.105, 36.919, 7.377, 12.85, 0, 0, 4.207, 4.269, 4.207, 4.269, 1, 38.043, 38.043, 0.024, 0.133, 11.18, 11.343, 11.18, 11.343, 4.454, 7.377, 12.85, , , 1, 35.885, 0, 0, 14.2, 1.98, 172, 0, 0, 0, 54, 5.327, 5.217, 123.8, 37.684, 100, 0, 0, 24.78, 24.695, 5, 0.76, 93.196, 0, 0, 102.142, 38.146, 0, 0, 0, 0, 0, 13.6, 0, 14.2, 0, 1.98, 172, 0, 0, 0, 54, 1, 0.005, 0.005, 123.8, 37.684, 100, 0, 0, 141, 24.78, 24.695, 5, 0.76, 0, 93.196, 0, 0, 102.142, 38.146, 0, 0.3, 0, 0, 
35.9, 16.929, 100.33, 73.27, 74.081, , 1.745, 0.986, 2106.392, 2106.392, 1.984, 43.127, 43.127, 43.127, 51.965, 70.901, 35.213, 36.631, 7.378, 12.839, 0, 0, 4.319, 4.383, 4.319, 4.383, 1, 38.128, 38.128, 0.024, 0.133, 11.458, 11.624, 11.458, 11.624, 4.458, 7.378, 12.839, , , 1, 35.935, 0, 0, 14.2, 1.984, 172, 0, 0, 0, 54, 5.316, 5.206, 123.8, 37.608, 100, 0, 0, 24.988, 24.747, 5, 0.76, 93.248, 0, 0, 102.246, 38.211, 0, 0, 0, 0, 0, 13.6, 0, 14.2, 0, 1.984, 172, 0, 0, 0, 54, 1, 0.005, 0.005, 123.8, 37.608, 100, 0, 0, 141, 24.988, 24.747, 5, 0.76, 0, 93.248, 0, 0, 102.246, 38.211, 0, 0.3, 0, 0, 
35.95, 16.929, 100.33, 73.27, 74.081, , 1.773, 0.986, 2109.205, 2109.205, 1.989, 43.793, 43.793, 43.793, 51.959, 71.898, 35.321, 36.343, 7.378, 12.826, 0, 0, 4.396, 4.461, 4.396, 4.461, 1, 38.215, 38.215, 0.024, 0.133, 11.636, 11.805, 11.636, 11.805, 4.462, 7.378, 12.826, , , 1, 35.985, 0, 0, 14.2, 1.989, 172, 0, 0, 0, 54, 5.299, 5.212, 123.8, 37.495, 100, 0, 0, 25, 24.75, 5, 0.76, 93.3, 0, 0, 102.3, 38.338, 0, 0, 0, 0, 0, 13.6, 0, 14.2, 0, 1.989, 172, 0, 0, 0, 54, 1, 0.005, 0.005, 123.8, 37.495, 100, 0, 0, 141, 25, 24.75, 5, 0.76, 0, 93.3, 0, 0, 102.3, 38.338, 0, 0.3, 0, 0, 
36, 16.93, 100.33, 73.27, 74.08, , 1.779, 0.986, 2112.004, 2112.004, 1.994, 43.938, 43.938, 43.938, 51.955, 72.895, 35.429, 36.055, 7.379, 12.808, 0, 0, 4.42, 4.486, 4.42, 4.486, 1, 38.303, 38.303, 0.024, 0.133, 11.676, 11.845, 11.676, 11.845, 4.466, 7.379, 12.808, , , 1, 36.036, 0, 0, 14.2, 1.994, 172, 0, 0, 0, 54, 5.283, 5.219, 123.8, 37.379, 100, 0, 0, 25, 24.75, 5, 0.76, 93.353, 0, 0, 102.352, 38.469, 0, 0, 0, 0, 0, 13.6, 0, 14.2, 0, 1.994, 172, 0, 0, 0, 54, 1, 0.005, 0.005, 123.8, 37.379, 100, 0, 0, 141, 25, 24.75, 5, 0.76, 0, 93.353, 0, 0, 102.353, 38.469, 0, 0.3, 0, 0, 
36.05, 16.93, 100.33, 73.27, 74.08, , 1.755, 0.986, 2114.785, 2114.785, 1.998, 43.363, 43.363, 43.363, 51.956, 73.892, 35.537, 35.767, 7.379, 12.792, 0, 0, 4.372, 4.436, 4.372, 4.436, 1, 38.39, 38.39, 0.024, 0.133, 11.523, 11.69, 11.523, 11.69, 4.468, 7.379, 12.792, , , 1, 36.085, 0, 0, 14.2, 1.998, 172, 0, 0, 0, 54, 5.266, 5.227, 123.8, 37.264, 100, 0, 0, 25, 24.75, 5, 0.76, 93.405, 0, 0, 102.404, 38.599, 0, 0, 0, 0, 0, 13.6, 0, 14.2, 0, 1.998, 172, 0, 0, 0, 54, 1, 0.005, 0.005, 123.8, 37.264, 100, 0, 0, 141, 25, 24.75, 5, 0.76, 0, 93.405, 0, 0, 102.405, 38.599, 0, 0.3, 0, 0, 
36.1, 16.93, 100.33, 73.27, 74.08, , 1.723, 0.986, 2117.59, 2117.59, 2.003, 42.616, 42.616, 42.616, 51.96, 74.889, 35.57, 35.6, 7.38, 12.786, 0, 0, 4.307, 4.368, 4.307, 4.368, 1, 38.476, 38.476, 0.024, 0.133, 11.324, 11.488, 11.324, 11.488, 4.468, 7.38, 12.786, , , 1, 36.135, 0, 0, 14.2, 2.003, 172, 0, 0, 0, 54, 5.249, 5.234, 123.8, 37.149, 100, 0, 0, 25, 24.75, 5, 0.76, 93.457, 0, 0, 102.456, 38.73, 0, 0, 0, 0, 0, 13.6, 0, 14.2, 0, 2.003, 172, 0, 0, 0, 54, 1, 0.005, 0.005, 123.8, 37.149, 100, 0, 0, 141, 25, 24.75, 5, 0.76, 0, 93.457, 0, 0, 102.457, 38.73, 0, 0.3, 0, 0, 
36.15, 16.93, 100.33, 73.27, 74.08, , 1.684, 0.986, 2120.402, 2120.402, 2.008, 41.694, 41.694, 41.694, 51.971, 75.886, 35.498, 35.6, 7.38, 12.782, 0, 0, 4.223, 4.282, 4.223, 4.282, 1, 38.561, 38.561, 0.024, 0.133, 11.079, 11.238, 11.079, 11.238, 4.468, 7.38, 12.782, , , 1, 36.185, 0, 0, 14.2, 2.008, 172, 0, 0, 0, 54, 5.234, 5.24, 123.8, 37.041, 100, 0, 0, 25.008, 24.767, 5, 0.76, 93.509, 0, 0, 102.508, 38.861, 0, 0, 0, 0, 0, 13.6, 0, 14.2, 0, 2.008, 172, 0, 0, 0, 54, 1, 0.005, 0.005, 123.8, 37.041, 100, 0, 0, 141, 25.008, 24.767, 5, 0.76, 0, 93.509, 0, 0, 102.509, 38.861, 0, 0.3, 0, 0, 
36.2, 16.93, 100.33, 73.27, 74.08, , 1.59, 0.986, 2123.215, 2123.215, 2.012, 39.457, 39.457, 39.457, 51.984, 76.882, 35.426, 35.6, 7.38, 12.791, 0, 0, 4.006, 4.061, 4.006, 4.061, 1, 38.643, 38.643, 0.024, 0.133, 10.48, 10.632, 10.48, 10.632, 4.468, 7.38, 12.791, , , 1, 36.235, 0, 0, 14.2, 2.012, 172, 0, 0, 0, 54, 5.228, 5.239, 123.8, 36.964, 100, 0, 0, 25.06, 24.871, 5, 0.76, 93.561, 0, 0, 102.56, 38.99, 0, 0, 0, 0, 0, 13.6, 0, 14.2, 0, 2.012, 172, 0, 0, 0, 54, 1, 0.005, 0.005, 123.8, 36.964, 100, 0, 0, 141, 25.06, 24.871, 5, 0.76, 0, 93.561, 0, 0, 102.561, 38.99, 0, 0.3, 0, 0, 
36.25, 16.93, 100.33, 73.27, 74.08, , 1.54, 0.986, 2126.042, 2126.042, 2.016, 38.262, 38.262, 38.262, 52, 77.879, 35.354, 35.6, 7.38, 12.801, 0, 0, 3.895, 3.948, 3.895, 3.948, 1, 38.719, 38.719, 0.024, 0.133, 10.16, 10.307, 10.16, 10.307, 4.469, 7.38, 12.801, , , 1, 36.285, 0, 0, 14.2, 2.016, 172, 0, 0, 0, 54, 5.222, 5.238, 123.8, 36.887, 100, 0, 0, 25.112, 24.975, 5, 0.76, 93.613, 0, 0, 102.612, 39.119, 0, 0, 0, 0, 0, 13.6, 0, 14.2, 0, 2.016, 172, 0, 0, 0, 54, 1, 0.005, 0.005, 123.8, 36.887, 100, 0, 0, 141, 25.112, 24.975, 5, 0.76, 0, 93.613, 0, 0, 102.613, 39.119, 0, 0.3, 0, 0, 
36.3, 16.93, 100.33, 73.27, 74.08, , 1.55, 0.986, 2128.89, 2128.89, 2.02, 38.506, 38.506, 38.506, 52.008, 78.876, 35.282, 35.6, 7.38, 12.814, 0, 0, 3.929, 3.982, 3.929, 3.982, 1, 38.798, 38.798, 0.024, 0.133, 10.223, 10.372, 10.223, 10.372, 4.47, 7.38, 12.814, , , 1, 36.336, 0, 0, 14.2, 2.02, 172, 0, 0, 0, 54, 5.215, 5.237, 123.8, 36.81, 100, 0, 0, 25.165, 25.079, 5, 0.76, 93.665, 0, 0, 102.665, 39.248, 0, 0, 0, 0, 0, 13.6, 0, 14.2, 0, 2.02, 172, 0, 0, 0, 54, 1, 0.005, 0.005, 123.8, 36.81, 100, 0, 0, 141, 25.165, 25.079, 5, 0.76, 0, 93.665, 0, 0, 102.665, 39.248, 0, 0.3, 0, 0, 
36.35, 16.93, 100.33, 73.27, 74.08, , 1.572, 0.986, 2131.738, 2131.738, 2.024, 39.045, 39.045, 39.045, 52.01, 79.873, 35.18, 35.585, 7.38, 12.824, 0, 0, 3.992, 4.047, 3.992, 4.047, 1, 38.877, 38.877, 0.024, 0.133, 10.365, 10.518, 10.365, 10.518, 4.471, 7.38, 12.824, , , 1, 36.385, 0, 0, 14.2, 2.024, 172, 0, 0, 0, 54, 5.209, 5.236, 123.8, 36.733, 100, 0, 0, 25.217, 25.183, 5, 0.76, 93.717, 0, 0, 102.717, 39.377, 0, 0, 0, 0, 0, 13.6, 0, 14.2, 0, 2.024, 172, 0, 0, 0, 54, 1, 0.005, 0.005, 123.8, 36.733, 100, 0, 0, 141, 25.217, 25.183, 5, 0.76, 0, 93.717, 0, 0, 102.717, 39.377, 0, 0.3, 0, 0, 
36.4, 16.93, 100.33, 73.27, 74.08, , 1.592, 0.986, 2134.586, 2134.586, 2.028, 39.517, 39.517, 39.517, 51.998, 80.87, 35.036, 35.549, 7.381, 12.824, 0, 0, 4.048, 4.105, 4.048, 4.105, 1, 38.958, 38.958, 0.024, 0.133, 10.49, 10.647, 10.49, 10.647, 4.472, 7.381, 12.824, , , 1, 36.435, 0, 0, 14.2, 2.028, 172, 0, 0, 0, 54, 5.206, 5.23, 123.8, 36.669, 100, 0, 0, 25.291, 25.291, 5, 0.76, 93.77, 0, 0, 102.77, 39.485, 0, 0, 0, 0, 0, 13.6, 0, 14.2, 0, 2.028, 172, 0, 0, 0, 54, 1, 0.005, 0.005, 123.8, 36.669, 100, 0, 0, 141, 25.291, 25.291, 5, 0.76, 0, 93.77, 0, 0, 102.77, 39.485, 0, 0.3, 0, 0, 
36.45, 16.93, 100.33, 73.27, 74.08, , 1.573, 0.986, 2137.433, 2137.433, 2.032, 39.068, 39.068, 39.068, 51.987, 81.866, 34.892, 35.513, 7.382, 12.822, 0, 0, 4.009, 4.066, 4.009, 4.066, 1, 39.039, 39.039, 0.024, 0.133, 10.372, 10.529, 10.372, 10.529, 4.473, 7.382, 12.822, , , 1, 36.485, 0, 0, 14.2, 2.032, 172, 0, 0, 0, 54, 5.21, 5.215, 123.8, 36.627, 100, 0, 0, 25.405, 25.405, 5, 0.76, 93.827, 0, 0, 102.827, 39.556, 0, 0, 0, 0, 0, 13.6, 0, 14.2, 0, 2.032, 172, 0, 0, 0, 54, 1, 0.005, 0.005, 123.8, 36.627, 100, 0, 0, 141, 25.405, 25.405, 5, 0.76, 0, 93.827, 0, 0, 102.827, 39.556, 0, 0.3, 0, 0, 
36.5, 16.93, 100.33, 73.27, 74.08, , 1.552, 0.986, 2140.28, 2140.28, 2.036, 38.572, 38.572, 38.572, 51.977, 82.863, 34.748, 35.477, 7.382, 12.812, 0, 0, 3.966, 4.022, 3.966, 4.022, 1, 39.118, 39.118, 0.024, 0.134, 10.242, 10.397, 10.242, 10.397, 4.485, 7.382, 12.812, , , 1, 36.535, 0, 0, 14.2, 2.036, 172, 0, 0, 0, 54, 5.213, 5.2, 123.8, 36.585, 100, 0, 0, 25.518, 25.518, 5, 0.76, 93.884, 0, 0, 102.884, 39.626, 0, 0, 0, 0, 0, 13.6, 0, 14.2, 0, 2.036, 172, 0, 0, 0, 54, 1, 0.005, 0.005, 123.8, 36.585, 100, 0, 0, 141, 25.518, 25.518, 5, 0.76, 0, 93.884, 0, 0, 102.884, 39.626, 0, 0.3, 0, 0, 
36.55, 16.93, 100.33, 73.27, 74.08, , 1.529, 0.986, 2143.127, 2143.127, 2.04, 38.029, 38.029, 38.029, 51.973, 83.86, 34.604, 35.441, 7.382, 12.802, 0, 0, 3.917, 3.973, 3.917, 3.973, 1, 39.194, 39.194, 0.024, 0.134, 10.1, 10.25, 10.1, 10.25, 4.497, 7.382, 12.802, , , 1, 36.585, 0, 0, 14.2, 2.04, 172, 0, 0, 0, 54, 5.216, 5.185, 123.8, 36.543, 100, 0, 0, 25.632, 25.632, 5, 0.76, 93.941, 0, 0, 102.941, 39.697, 0, 0, 0, 0, 0, 13.6, 0, 14.2, 0, 2.04, 172, 0, 0, 0, 54, 1, 0.005, 0.005, 123.8, 36.543, 100, 0, 0, 141, 25.632, 25.632, 5, 0.76, 0, 93.941, 0, 0, 102.941, 39.697, 0, 0.3, 0, 0, 
36.6, 16.93, 100.33, 73.27, 74.08, , 1.53, 0.986, 2146.004, 2146.004, 2.044, 38.056, 38.056, 38.056, 51.973, 84.857, 34.535, 35.571, 7.382, 12.789, 0, 0, 3.928, 3.984, 3.928, 3.984, 1, 39.27, 39.27, 0.024, 0.134, 10.107, 10.257, 10.107, 10.257, 4.509, 7.382, 12.789, , , 1, 36.635, 0, 0, 14.2, 2.044, 172, 0, 0, 0, 54, 5.22, 5.171, 123.8, 36.501, 100, 0, 0, 25.745, 25.745, 5, 0.76, 93.998, 0, 0, 102.998, 39.767, 0, 0, 0, 0, 0, 13.6, 0, 14.2, 0, 2.044, 172, 0, 0, 0, 54, 1, 0.005, 0.005, 123.8, 36.501, 100, 0, 0, 141, 25.745, 25.745, 5, 0.76, 0, 93.998, 0, 0, 102.998, 39.767, 0, 0.3, 0, 0, 
36.65, 16.93, 100.33, 73.27, 74.08, , 1.55, 0.986, 2148.879, 2148.879, 2.048, 38.516, 38.516, 38.516, 51.978, 85.854, 34.571, 35.931, 7.382, 12.776, 0, 0, 3.983, 4.04, 3.983, 4.04, 1, 39.346, 39.346, 0.024, 0.134, 10.229, 10.38, 10.229, 10.38, 4.521, 7.382, 12.776, , , 1, 36.685, 0, 0, 14.2, 2.048, 172, 0, 0, 0, 54, 5.209, 5.164, 123.8, 36.462, 100, 0, 0, 25.8, 25.8, 5, 0.76, 94, 0, 0, 103, 39.832, 0, 0, 0, 0, 0, 13.6, 0, 14.2, 0, 2.048, 172, 0, 0, 0, 54, 1, 0.005, 0.005, 123.8, 36.462, 100, 0, 0, 141, 25.8, 25.8, 5, 0.76, 0, 94, 0, 0, 103, 39.832, 0, 0.3, 0, 0, 
36.7, 16.93, 100.33, 73.27, 74.08, , 1.615, 0.986, 2151.727, 2151.727, 2.052, 40.057, 40.057, 40.057, 51.978, 86.851, 34.607, 36.291, 7.38, 12.767, 0, 0, 4.15, 4.209, 4.15, 4.209, 1, 39.424, 39.424, 0.024, 0.134, 10.639, 10.794, 10.639, 10.794, 4.52, 7.38, 12.767, , , 1, 36.735, 0, 0, 14.2, 2.052, 172, 0, 0, 0, 54, 5.198, 5.158, 123.8, 36.424, 100, 0, 0, 25.852, 25.852, 5, 0.76, 94, 0, 0, 103, 39.897, 0, 0, 0, 0, 0, 13.6, 0, 14.2, 0, 2.052, 172, 0, 0, 0, 54, 1, 0.005, 0.005, 123.8, 36.424, 100, 0, 0, 141, 25.852, 25.852, 5, 0.76, 0, 94, 0, 0, 103, 39.897, 0, 0.3, 0, 0, 
36.75, 16.93, 100.33, 73.27, 74.08, , 1.633, 0.986, 2154.619, 2154.619, 2.056, 40.507, 40.507, 40.507, 51.974, 87.847, 34.643, 36.651, 7.379, 12.757, 0, 0, 4.205, 4.265, 4.205, 4.265, 1, 39.504, 39.504, 0.024, 0.134, 10.76, 10.916, 10.76, 10.916, 4.519, 7.379, 12.757, , , 1, 36.785, 0, 0, 14.2, 2.056, 172, 0, 0, 0, 54, 5.186, 5.151, 123.8, 36.385, 100, 0, 0, 25.904, 25.904, 5, 0.76, 94, 0, 0, 103, 39.961, 0, 0, 0, 0, 0, 13.6, 0, 14.2, 0, 2.056, 172, 0, 0, 0, 54, 1, 0.005, 0.005, 123.8, 36.385, 100, 0, 0, 141, 25.904, 25.904, 5, 0.76, 0, 94, 0, 0, 103, 39.961, 0, 0.3, 0, 0, 
36.8, 16.93, 100.33, 73.27, 74.08, , 1.622, 0.986, 2157.539, 2157.539, 2.06, 40.23, 40.23, 40.23, 51.969, 88.844, 34.679, 37.011, 7.379, 12.746, 0, 0, 4.187, 4.247, 4.187, 4.247, 1, 39.614, 39.614, 0.024, 0.134, 10.687, 10.843, 10.687, 10.843, 4.518, 7.379, 12.746, , , 1, 36.835, 0, 0, 14.2, 2.06, 172, 0, 0, 0, 54, 5.175, 5.145, 123.8, 36.347, 100, 0, 0, 25.956, 25.956, 5, 0.76, 94, 0, 0, 103, 40.026, 0, 0, 0, 0, 0, 13.6, 0, 14.2, 0, 2.06, 172, 0, 0, 0, 54, 1, 0.005, 0.005, 123.8, 36.347, 100, 0, 0, 141, 25.956, 25.956, 5, 0.76, 0, 94, 0, 0, 103, 40.026, 0, 0.3, 0, 0, 
36.85, 16.93, 100.33, 73.27, 74.08, , 1.609, 0.986, 2161.862, 2161.862, 2.064, 39.92, 39.92, 39.92, 51.965, 89.841, 34.745, 37.008, 7.378, 12.735, 0, 0, 4.167, 4.227, 4.167, 4.227, 1, 39.724, 39.724, 0.024, 0.134, 10.605, 10.759, 10.605, 10.759, 4.517, 7.378, 12.735, , , 1, 36.885, 0, 0, 14.2, 2.064, 172, 0, 0, 0, 54, 5.164, 5.139, 123.8, 36.301, 100, 0, 0, 26.008, 26.008, 4.981, 0.76, 94.008, 0, 0, 103, 40.09, 0, 0, 0, 0, 0, 13.6, 0, 14.2, 0, 2.064, 172, 0, 0, 0, 54, 1, 0.005, 0.005, 123.8, 36.301, 100, 0, 0, 141, 26.008, 26.008, 4.981, 0.76, 0, 94.009, 0, 0, 103, 40.09, 0, 0.3, 0, 0, 
36.9, 16.93, 100.33, 73.27, 74.08, , 1.582, 0.986, 2165.652, 2165.652, 2.069, 39.298, 39.298, 39.298, 51.967, 90.838, 34.853, 36.504, 7.378, 12.722, 0, 0, 4.113, 4.172, 4.113, 4.172, 1, 39.804, 39.804, 0.024, 0.134, 10.44, 10.591, 10.44, 10.591, 4.506, 7.378, 12.722, , , 1, 36.935, 0, 0, 14.2, 2.069, 172, 0, 0, 0, 54, 5.161, 5.133, 123.8, 36.224, 100, 0, 0, 26.06, 26.06, 4.877, 0.76, 94.06, 0, 0, 103, 40.155, 0, 0, 0, 0, 0, 13.6, 0, 14.2, 0, 2.069, 172, 0, 0, 0, 54, 1, 0.005, 0.005, 123.8, 36.224, 100, 0, 0, 141, 26.06, 26.06, 4.877, 0.76, 0, 94.061, 0, 0, 103, 40.155, 0, 0.3, 0, 0, 
36.95, 16.93, 100.33, 73.27, 74.08, , 1.535, 0.986, 2168.571, 2168.571, 2.073, 38.169, 38.169, 38.169, 51.976, 91.835, 34.961, 36, 7.377, 12.709, 0, 0, 4.002, 4.06, 4.002, 4.06, 1, 39.881, 39.881, 0.024, 0.133, 10.139, 10.285, 10.139, 10.285, 4.493, 7.377, 12.709, , , 1, 36.985, 0, 0, 14.2, 2.073, 172, 0, 0, 0, 54, 5.158, 5.126, 123.8, 36.147, 100, 0, 0, 26.112, 26.112, 4.773, 0.76, 94.112, 0, 0, 103, 40.22, 0, 0, 0, 0, 0, 13.6, 0, 14.2, 0, 2.073, 172, 0, 0, 0, 54, 1, 0.005, 0.005, 123.8, 36.147, 100, 0, 0, 141, 26.112, 26.112, 4.773, 0.76, 0, 94.113, 0, 0, 103, 40.22, 0, 0.3, 0, 0, 
37, 16.93, 100.33, 73.27, 74.08, , 1.512, 0.986, 2171.462, 2171.462, 2.078, 37.628, 37.628, 37.628, 51.992, 92.831, 35.069, 35.496, 7.377, 12.7, 0, 0, 3.952, 4.009, 3.952, 4.009, 1, 39.957, 39.957, 0.024, 0.133, 9.992, 10.136, 9.992, 10.136, 4.481, 7.377, 12.7, , , 1, 37.035, 0, 0, 14.2, 2.078, 172, 0, 0, 0, 54, 5.155, 5.12, 123.8, 36.07, 100, 0, 0, 26.165, 26.165, 4.669, 0.76, 94.165, 0, 0, 103, 40.284, 0, 0, 0, 0, 0, 13.6, 0, 14.2, 0, 2.078, 172, 0, 0, 0, 54, 1, 0.005, 0.005, 123.8, 36.07, 100, 0, 0, 141, 26.165, 26.165, 4.669, 0.76, 0, 94.165, 0, 0, 103, 40.284, 0, 0.3, 0, 0, 
37.05, 16.93, 100.33, 73.27, 74.08, , 1.497, 0.986, 2174.356, 2174.356, 2.083, 37.285, 37.285, 37.285, 52.017, 93.828, 35.177, 34.992, 7.377, 12.691, 0, 0, 3.922, 3.98, 3.922, 3.98, 1, 40.033, 40.033, 0.024, 0.133, 9.897, 10.04, 9.897, 10.04, 4.469, 7.377, 12.691, , , 1, 37.085, 0, 0, 14.2, 2.083, 172, 0, 0, 0, 54, 5.152, 5.114, 123.8, 35.993, 100, 0, 0, 26.217, 26.217, 4.565, 0.76, 94.217, 0, 0, 103, 40.349, 0, 0, 0, 0, 0, 13.6, 0, 14.2, 0, 2.083, 172, 0, 0, 0, 54, 1, 0.005, 0.005, 123.8, 35.993, 100, 0, 0, 141, 26.217, 26.217, 4.565, 0.76, 0, 94.217, 0, 0, 103, 40.349, 0, 0.3, 0, 0, 
37.1, 16.93, 100.33, 73.27, 74.08, , 1.489, 0.986, 2177.312, 2177.312, 2.086, 37.091, 37.091, 37.091, 52.038, 94.825, 35.195, 34.836, 7.377, 12.686, 0, 0, 3.908, 3.966, 3.908, 3.966, 1, 40.108, 40.108, 0.024, 0.133, 9.841, 9.984, 9.841, 9.984, 4.464, 7.377, 12.686, , , 1, 37.136, 0, 0, 14.2, 2.086, 172, 0, 0, 0, 54, 5.153, 5.108, 123.8, 35.93, 100, 0, 0, 26.269, 26.269, 4.46, 0.76, 94.269, 0, 0, 103, 40.39, 0, 0, 0, 0, 0, 13.6, 0, 14.2, 0, 2.086, 172, 0, 0, 0, 54, 1, 0.005, 0.005, 123.8, 35.93, 100, 0, 0, 141, 26.269, 26.269, 4.46, 0.76, 0, 94.269, 0, 0, 103, 40.39, 0, 0.3, 0, 0, 
37.15, 16.93, 100.33, 73.27, 74.08, , 1.422, 0.986, 2180.246, 2180.246, 2.089, 35.494, 35.494, 35.494, 52.054, 95.822, 35.087, 35.16, 7.377, 12.681, 0, 0, 3.747, 3.801, 3.747, 3.801, 1, 40.181, 40.181, 0.024, 0.133, 9.414, 9.55, 9.414, 9.55, 4.463, 7.377, 12.681, , , 1, 37.185, 0, 0, 14.2, 2.089, 172, 0, 0, 0, 54, 5.161, 5.101, 123.8, 35.892, 100, 0, 0, 26.321, 26.321, 4.356, 0.76, 94.321, 0, 0, 103, 40.39, 0, 0, 0, 0, 0, 13.6, 0, 14.2, 0, 2.089, 172, 0, 0, 0, 54, 1, 0.005, 0.005, 123.8, 35.892, 100, 0, 0, 141, 26.321, 26.321, 4.356, 0.76, 0, 94.321, 0, 0, 103, 40.39, 0, 0.3, 0, 0, 
37.2, 16.93, 100.33, 73.27, 74.08, , 1.311, 0.986, 2183.165, 2183.165, 2.092, 32.88, 32.88, 32.88, 52.066, 96.819, 34.979, 35.484, 7.377, 12.683, 0, 0, 3.478, 3.528, 3.478, 3.528, 1, 40.249, 40.249, 0.024, 0.133, 8.719, 8.844, 8.719, 8.844, 4.461, 7.377, 12.683, , , 1, 37.235, 0, 0, 14.2, 2.092, 172, 0, 0, 0, 54, 5.17, 5.095, 123.8, 35.853, 100, 0, 0, 26.373, 26.373, 4.252, 0.76, 94.373, 0, 0, 103, 40.39, 0, 0, 0, 0, 0, 13.6, 0, 14.2, 0, 2.092, 172, 0, 0, 0, 54, 1, 0.005, 0.005, 123.8, 35.853, 100, 0, 0, 141, 26.373, 26.373, 4.252, 0.76, 0, 94.373, 0, 0, 103, 40.39, 0, 0.3, 0, 0, 
37.25, 16.93, 100.33, 73.27, 74.08, , 1.307, 0.986, 2186.119, 2186.119, 2.094, 32.765, 32.765, 32.765, 52.074, 97.816, 34.871, 35.808, 7.377, 12.684, 0, 0, 3.472, 3.522, 3.472, 3.522, 1, 40.314, 40.314, 0.024, 0.133, 8.688, 8.813, 8.688, 8.813, 4.459, 7.377, 12.684, , , 1, 37.285, 0, 0, 14.2, 2.094, 172, 0, 0, 0, 54, 5.178, 5.089, 123.8, 35.815, 100, 0, 0, 26.425, 26.425, 4.148, 0.76, 94.426, 0, 0, 103, 40.39, 0, 0, 0, 0, 0, 13.6, 0, 14.2, 0, 2.094, 172, 0, 0, 0, 54, 1, 0.005, 0.005, 123.8, 35.815, 100, 0, 0, 141, 26.425, 26.425, 4.148, 0.76, 0, 94.426, 0, 0, 103, 40.39, 0, 0.3, 0, 0, 
37.3, 16.93, 100.33, 73.27, 74.08, , 1.287, 0.986, 2189.06, 2189.06, 2.097, 32.29, 32.29, 32.29, 52.066, 98.812, 34.763, 36.132, 7.377, 12.685, 0, 0, 3.428, 3.478, 3.428, 3.478, 1, 40.379, 40.379, 0.024, 0.133, 8.562, 8.685, 8.562, 8.685, 4.467, 7.377, 12.685, , , 1, 37.335, 0, 0, 14.2, 2.097, 172, 0, 0, 0, 54, 5.186, 5.083, 123.8, 35.776, 100, 0, 0, 26.477, 26.477, 4.044, 0.76, 94.478, 0, 0, 103, 40.39, 0, 0, 0, 0, 0, 13.6, 0, 14.2, 0, 2.097, 172, 0, 0, 0, 54, 1, 0.005, 0.005, 123.8, 35.776, 100, 0, 0, 141, 26.477, 26.477, 4.044, 0.76, 0, 94.478, 0, 0, 103, 40.39, 0, 0.3, 0, 0, 
37.35, 16.93, 100.33, 73.27, 74.08, , 1.24, 0.986, 2191.979, 2191.979, 2.1, 31.197, 31.197, 31.197, 52.056, 98.698, 34.73, 36.471, 7.377, 12.685, 0, 0, 3.317, 3.365, 3.317, 3.365, 1, 40.442, 40.442, 0.024, 0.133, 8.272, 8.393, 8.272, 8.393, 4.479, 7.377, 12.685, , , 1, 37.385, 0, 0, 14.206, 2.1, 172.116, 0, 0, 0, 54, 5.176, 5.073, 123.8, 35.739, 100, 0, 0, 26.5, 26.528, 4.116, 0.76, 94.5, 0, 0, 103.029, 40.459, 0, 0, 0, 0, 0, 13.6, 0, 14.206, 0, 2.1, 172.116, 0, 0, 0, 54, 1, 0.005, 0.005, 123.8, 35.739, 100, 0, 0, 141, 26.5, 26.528, 4.116, 0.76, 0, 94.5, 0, 0, 103.029, 40.459, 0, 0.3, 0, 0, 
37.4, 16.93, 100.33, 73.27, 74.08, , 1.237, 0.986, 2194.957, 2194.957, 2.105, 31.115, 31.115, 31.115, 52.045, 95.419, 34.802, 36.831, 7.377, 12.688, 0, 0, 3.314, 3.362, 3.314, 3.362, 1, 40.504, 40.504, 0.024, 0.133, 8.252, 8.372, 8.252, 8.372, 4.491, 7.377, 12.688, , , 1, 37.435, 0, 0, 14.216, 2.105, 172.315, 0, 0, 0, 54, 5.151, 5.06, 123.8, 35.702, 100, 0, 0, 26.5, 26.578, 4.315, 0.76, 94.5, 0, 0, 103.079, 40.583, 0, 0, 0, 0, 0, 13.6, 0, 14.216, 0, 2.105, 172.315, 0, 0, 0, 54, 1, 0.005, 0.005, 123.8, 35.702, 100, 0, 0, 141, 26.5, 26.578, 4.315, 0.76, 0, 94.5, 0, 0, 103.079, 40.583, 0, 0.3, 0, 0, 
37.45, 16.93, 100.33, 73.27, 74.08, , 1.248, 0.986, 2197.942, 2197.942, 2.109, 31.387, 31.387, 31.387, 52.043, 92.14, 34.874, 37.191, 7.377, 12.69, 0, 0, 3.349, 3.396, 3.349, 3.396, 1, 40.565, 40.565, 0.024, 0.133, 8.326, 8.447, 8.326, 8.447, 4.503, 7.377, 12.69, , , 1, 37.485, 0, 0, 14.226, 2.109, 172.514, 0, 0, 0, 54, 5.126, 5.047, 123.8, 35.665, 100, 0, 0, 26.5, 26.628, 4.514, 0.76, 94.5, 0, 0, 103.128, 40.707, 0, 0, 0, 0, 0, 13.6, 0, 14.226, 0, 2.109, 172.514, 0, 0, 0, 54, 1, 0.005, 0.005, 123.8, 35.665, 100, 0, 0, 141, 26.5, 26.628, 4.514, 0.76, 0, 94.5, 0, 0, 103.128, 40.707, 0, 0.3, 0, 0, 
37.5, 16.93, 100.33, 73.27, 74.08, , 1.277, 0.986, 2200.897, 2200.897, 2.113, 32.072, 32.072, 32.072, 52.045, 88.862, 34.946, 37.551, 7.377, 12.69, 0, 0, 3.426, 3.474, 3.426, 3.474, 1, 40.628, 40.628, 0.024, 0.133, 8.506, 8.63, 8.506, 8.63, 4.507, 7.377, 12.69, , , 1, 37.535, 0, 0, 14.236, 2.113, 172.713, 0, 0, 0, 54, 5.101, 5.034, 123.8, 35.628, 100, 0, 0, 26.5, 26.678, 4.713, 0.76, 94.5, 0, 0, 103.178, 40.831, 0, 0, 0, 0, 0, 13.6, 0, 14.236, 0, 2.113, 172.713, 0, 0, 0, 54, 1, 0.005, 0.005, 123.8, 35.628, 100, 0, 0, 141, 26.5, 26.678, 4.713, 0.76, 0, 94.5, 0, 0, 103.178, 40.831, 0, 0.3, 0, 0, 
37.55, 16.93, 100.33, 73.27, 74.08, , 1.266, 0.986, 2203.853, 2203.853, 2.118, 31.801, 31.801, 31.801, 52.052, 85.583, 35.018, 37.911, 7.377, 12.69, 0, 0, 3.401, 3.449, 3.401, 3.449, 1, 40.691, 40.691, 0.024, 0.134, 8.433, 8.556, 8.433, 8.556, 4.501, 7.377, 12.69, , , 1, 37.585, 0, 0, 14.246, 2.118, 172.912, 0, 0, 0, 54, 5.076, 5.021, 123.8, 35.591, 100, 0, 0, 26.5, 26.728, 4.912, 0.76, 94.5, 0, 0, 103.228, 40.955, 0, 0, 0, 0, 0, 13.6, 0, 14.246, 0, 2.118, 172.912, 0, 0, 0, 54, 1, 0.005, 0.005, 123.8, 35.591, 100, 0, 0, 141, 26.5, 26.728, 4.912, 0.76, 0, 94.5, 0, 0, 103.228, 40.955, 0, 0.3, 0, 0, 
37.6, 16.93, 100.33, 73.27, 74.08, , 1.235, 0.986, 2206.811, 2206.811, 2.121, 31.085, 31.085, 31.085, 52.065, 82.304, 35.015, 37.969, 7.377, 12.692, 0, 0, 3.329, 3.376, 3.329, 3.376, 1, 40.754, 40.754, 0.024, 0.134, 8.242, 8.361, 8.242, 8.361, 4.495, 7.377, 12.692, , , 1, 37.635, 0, 0, 14.256, 2.121, 173.122, 0, 0, 0, 54, 5.063, 5.014, 123.8, 35.552, 100, 0, 0, 26.5, 26.72, 5, 0.76, 94.5, 0, 0, 103.281, 41.01, 0, 0, 0, 0, 0, 13.6, 0, 14.256, 0, 2.121, 173.122, 0, 0, 0, 54, 1, 0.005, 0.005, 123.8, 35.552, 100, 0, 0, 141, 26.5, 26.72, 5, 0.76, 0, 94.5, 0, 0, 103.281, 41.01, 0, 0.3, 0, 0, 
37.65, 16.93, 100.33, 73.27, 74.08, , 1.229, 0.986, 2209.805, 2209.805, 2.123, 30.926, 30.926, 30.926, 52.077, 79.026, 34.907, 37.609, 7.377, 12.694, 0, 0, 3.318, 3.364, 3.318, 3.364, 1, 40.816, 40.816, 0.024, 0.134, 8.198, 8.317, 8.198, 8.317, 4.49, 7.377, 12.694, , , 1, 37.685, 0, 0, 14.267, 2.123, 173.341, 0, 0, 0, 54, 5.06, 5.013, 123.8, 35.512, 100, 0, 0, 26.5, 26.665, 5, 0.76, 94.5, 0, 0, 103.335, 41.01, 0, 0, 0, 0, 0, 13.6, 0, 14.267, 0, 2.123, 173.341, 0, 0, 0, 54, 1, 0.005, 0.005, 123.8, 35.512, 100, 0, 0, 141, 26.5, 26.665, 5, 0.76, 0, 94.5, 0, 0, 103.335, 41.01, 0, 0.3, 0, 0, 
37.7, 16.93, 100.33, 73.27, 74.08, , 1.219, 0.986, 2212.799, 2212.799, 2.125, 30.688, 30.688, 30.688, 52.085, 75.747, 34.799, 37.249, 7.377, 12.698, 0, 0, 3.298, 3.342, 3.298, 3.342, 1, 40.877, 40.877, 0.024, 0.134, 8.134, 8.251, 8.134, 8.251, 4.482, 7.377, 12.698, , , 1, 37.735, 0, 0, 14.278, 2.125, 173.559, 0, 0, 0, 54, 5.057, 5.012, 123.8, 35.472, 100, 0, 0, 26.5, 26.611, 5, 0.76, 94.5, 0, 0, 103.39, 41.01, 0, 0, 0, 0, 0, 13.6, 0, 14.278, 0, 2.125, 173.559, 0, 0, 0, 54, 1, 0.005, 0.005, 123.8, 35.472, 100, 0, 0, 141, 26.5, 26.611, 5, 0.76, 0, 94.5, 0, 0, 103.39, 41.01, 0, 0.3, 0, 0, 
37.75, 16.93, 100.33, 73.27, 74.08, , 1.205, 0.986, 2215.792, 2215.792, 2.127, 30.375, 30.375, 30.375, 52.089, 72.468, 34.691, 36.889, 7.377, 12.703, 0, 0, 3.269, 3.314, 3.269, 3.314, 1, 40.938, 40.938, 0.024, 0.134, 8.051, 8.166, 8.051, 8.166, 4.467, 7.377, 12.703, , , 1, 37.785, 0, 0, 14.289, 2.127, 173.777, 0, 0, 0, 54, 5.053, 5.011, 123.8, 35.431, 100, 0, 0, 26.5, 26.557, 5, 0.76, 94.5, 0, 0, 103.444, 41.01, 0, 0, 0, 0, 0, 13.6, 0, 14.289, 0, 2.127, 173.777, 0, 0, 0, 54, 1, 0.005, 0.005, 123.8, 35.431, 100, 0, 0, 141, 26.5, 26.557, 5, 0.76, 0, 94.5, 0, 0, 103.444, 41.01, 0, 0.3, 0, 0, 
37.8, 16.93, 100.33, 73.27, 74.08, , 1.184, 0.986, 2218.786, 2218.786, 2.129, 29.878, 29.878, 29.878, 52.089, 69.19, 34.583, 36.529, 7.377, 12.713, 0, 0, 3.22, 3.265, 3.22, 3.265, 1, 40.998, 40.998, 0.024, 0.134, 7.92, 8.033, 7.92, 8.033, 4.452, 7.377, 12.713, , , 1, 37.835, 0, 0, 14.3, 2.129, 173.996, 0, 0, 0, 54, 5.05, 5.01, 123.8, 35.391, 100, 0, 0, 26.5, 26.502, 5, 0.76, 94.5, 0, 0, 103.499, 41.01, 0, 0, 0, 0, 0, 13.6, 0, 14.3, 0, 2.129, 173.996, 0, 0, 0, 54, 1, 0.005, 0.005, 123.8, 35.391, 100, 0, 0, 141, 26.5, 26.502, 5, 0.76, 0, 94.5, 0, 0, 103.499, 41.01, 0, 0.3, 0, 0, 
37.85, 16.93, 100.33, 73.27, 74.08, , 1.175, 0.986, 2221.779, 2221.779, 2.133, 29.642, 29.642, 29.642, 52.081, 65.911, 34.565, 36.26, 7.377, 12.725, 0, 0, 3.199, 3.244, 3.199, 3.244, 1, 41.056, 41.056, 0.024, 0.134, 7.858, 7.971, 7.858, 7.971, 4.437, 7.377, 12.725, , , 1, 37.885, 0, 0, 14.3, 2.133, 174, 0, 0, 0, 54, 5.038, 4.999, 123.8, 35.282, 100, 0, 0, 26.596, 26.596, 5, 0.76, 94.549, 0, 0, 103.5, 41.129, 0, 0, 0, 0, 0, 13.6, 0, 14.3, 0, 2.133, 174, 0, 0, 0, 54, 1, 0.005, 0.005, 123.8, 35.282, 100, 0, 0, 141, 26.596, 26.596, 5, 0.76, 0, 94.549, 0, 0, 103.5, 41.129, 0, 0.3, 0, 0, 
37.9, 16.93, 100.33, 73.27, 74.08, , 1.181, 0.986, 2224.773, 2224.773, 2.136, 29.808, 29.808, 29.808, 52.07, 62.632, 34.673, 36.116, 7.377, 12.738, 0, 0, 3.221, 3.266, 3.221, 3.266, 1, 41.114, 41.114, 0.024, 0.134, 7.903, 8.018, 7.903, 8.018, 4.424, 7.377, 12.738, , , 1, 37.935, 0, 0, 14.3, 2.136, 174, 0, 0, 0, 54, 5.025, 4.987, 123.8, 35.171, 100, 0, 0, 26.696, 26.695, 5, 0.76, 94.599, 0, 0, 103.5, 41.252, 0, 0, 0, 0, 0, 13.6, 0, 14.3, 0, 2.136, 174, 0, 0, 0, 54, 1, 0.005, 0.005, 123.8, 35.171, 100, 0, 0, 141, 26.696, 26.696, 5, 0.76, 0, 94.599, 0, 0, 103.5, 41.252, 0, 0.3, 0, 0, 
37.95, 16.93, 100.33, 73.27, 74.08, , 1.202, 0.986, 2227.767, 2227.767, 2.14, 30.287, 30.287, 30.287, 52.056, 59.354, 34.781, 35.972, 7.377, 12.751, 0, 0, 3.278, 3.324, 3.278, 3.324, 1, 41.174, 41.174, 0.024, 0.134, 8.032, 8.149, 8.032, 8.149, 4.418, 7.377, 12.751, , , 1, 37.985, 0, 0, 14.3, 2.14, 174, 0, 0, 0, 54, 5.012, 4.975, 123.8, 35.061, 100, 0, 0, 26.796, 26.795, 5, 0.76, 94.648, 0, 0, 103.5, 41.376, 0, 0, 0, 0, 0, 13.6, 0, 14.3, 0, 2.14, 174, 0, 0, 0, 54, 1, 0.005, 0.005, 123.8, 35.061, 100, 0, 0, 141, 26.796, 26.796, 5, 0.76, 0, 94.648, 0, 0, 103.5, 41.376, 0, 0.3, 0, 0, 
38, 16.93, 100.33, 73.27, 74.08, , 1.213, 0.986, 2230.771, 2230.771, 2.144, 30.559, 30.559, 30.559, 52.039, 56.075, 34.889, 35.828, 7.377, 12.759, 0, 0, 3.312, 3.359, 3.312, 3.359, 1, 41.233, 41.233, 0.024, 0.134, 8.107, 8.225, 8.107, 8.225, 4.413, 7.377, 12.759, , , 1, 38.035, 0, 0, 14.3, 2.144, 174, 0, 0, 0, 54, 4.999, 4.963, 123.8, 34.95, 100, 0, 0, 26.896, 26.894, 5, 0.76, 94.698, 0, 0, 103.5, 41.499, 0, 0, 0, 0, 0, 13.6, 0, 14.3, 0, 2.144, 174, 0, 0, 0, 54, 1, 0.005, 0.005, 123.8, 34.95, 100, 0, 0, 141, 26.896, 26.896, 5, 0.76, 0, 94.698, 0, 0, 103.5, 41.499, 0, 0.3, 0, 0, 
38.05, 16.93, 100.33, 73.27, 74.08, , 1.195, 0.986, 2233.804, 2233.804, 2.148, 30.145, 30.145, 30.145, 52.024, 52.796, 34.997, 35.684, 7.377, 12.767, 0, 0, 3.273, 3.318, 3.273, 3.318, 1, 41.293, 41.293, 0.024, 0.134, 7.998, 8.116, 7.998, 8.116, 4.408, 7.377, 12.767, , , 1, 38.085, 0, 0, 14.3, 2.148, 174, 0, 0, 0, 54, 4.986, 4.951, 123.8, 34.839, 100, 0, 0, 26.996, 26.994, 5, 0.76, 94.748, 0, 0, 103.5, 41.623, 0, 0, 0, 0, 0, 13.6, 0, 14.3, 0, 2.148, 174, 0, 0, 0, 54, 1, 0.005, 0.005, 123.8, 34.839, 100, 0, 0, 141, 26.996, 26.996, 5, 0.76, 0, 94.748, 0, 0, 103.5, 41.623, 0, 0.3, 0, 0, 
38.1, 16.93, 100.33, 73.27, 74.08, , 1.208, 0.986, 2236.807, 2236.807, 2.151, 30.454, 30.454, 30.454, 52.011, 49.518, 35.09, 35.57, 7.377, 12.765, 0, 0, 3.311, 3.357, 3.311, 3.357, 1, 41.353, 41.353, 0.024, 0.134, 8.081, 8.2, 8.081, 8.2, 4.403, 7.377, 12.765, , , 1, 38.135, 0, 0, 14.311, 2.151, 174, 0, 0, 0, 54, 4.979, 4.947, 123.8, 34.794, 100, 0, 0, 27.055, 27.054, 5, 0.76, 94.805, 0, 0, 103.5, 41.697, 0, 0, 0, 0, 0, 13.6, 0, 14.311, 0, 2.151, 174, 0, 0, 0, 54, 1, 0.005, 0.005, 123.8, 34.794, 100, 0, 0, 141, 27.055, 27.055, 5, 0.76, 0, 94.805, 0, 0, 103.5, 41.697, 0, 0.289, 0, 0, 
38.15, 16.93, 100.33, 73.27, 74.08, , 1.23, 0.986, 2239.808, 2239.808, 2.154, 30.966, 30.966, 30.966, 52.002, 46.239, 35.162, 35.498, 7.377, 12.76, 0, 0, 3.371, 3.419, 3.371, 3.419, 1, 41.414, 41.414, 0.024, 0.135, 8.219, 8.339, 8.219, 8.339, 4.415, 7.377, 12.76, , , 1, 38.185, 0, 0, 14.322, 2.154, 174, 0, 0, 0, 54, 4.972, 4.943, 123.8, 34.752, 100, 0, 0, 27.111, 27.111, 5, 0.76, 94.861, 0, 0, 103.5, 41.767, 0, 0, 0, 0, 0, 13.6, 0, 14.322, 0, 2.154, 174, 0, 0, 0, 54, 1, 0.005, 0.005, 123.8, 34.752, 100, 0, 0, 141, 27.111, 27.111, 5, 0.76, 0, 94.861, 0, 0, 103.5, 41.767, 0, 0.278, 0, 0, 
38.2, 16.93, , , 74.08, , 1.242, , 2242.84, 2242.84, 2.157, 31.248, 31.248, 31.248, 51.996, 42.96, 35.234, 35.426, 7.377, 12.75, 0, 0, 3.407, 3.457, 3.407, 3.457, 1, 41.476, 41.476, 0.024, 0.135, 8.295, 8.415, 8.295, 8.415, 4.428, 7.377, 12.75, , , 1, 38.235, 0, 0, 14.334, 2.157, 174, 0, 0, 0, 54, 4.965, 4.94, 123.8, 34.71, 100, 0, 0, 27.168, 27.168, 5, 0.76, 94.918, 0, 0, 103.5, 41.838, 0, 0, 0, 0, 0, 13.6, 0, 14.334, 0, 2.157, 174, 0, 0, 0, 54, 1, 0.005, 0.005, 123.8, 34.71, 100, 0, 0, 141, 27.168, 27.168, 5, 0.76, 0, 94.918, 0, 0, 103.5, 41.838, 0, 0.266, 0, 0, 
38.25, 16.93, , , 74.08, , 1.247, , 2245.873, 2245.873, 2.16, 31.377, 31.377, 31.377, 51.993, 54.904, 35.306, 35.354, 7.377, 12.738, 0, 0, 3.426, 3.476, 3.426, 3.476, 1, 41.538, 41.538, 0.024, 0.135, 8.329, 8.45, 8.329, 8.45, 4.441, 7.377, 12.738, , , 1, 38.285, 0, 0, 14.345, 2.16, 174, 0, 0, 0, 54, 4.958, 4.937, 123.8, 34.668, 100, 0, 0, 27.225, 27.225, 5, 0.76, 94.975, 0, 0, 103.5, 41.909, 0, 0, 0, 0, 0, 13.6, 0, 14.345, 0, 2.16, 174, 0, 0, 0, 54, 1, 0.005, 0.005, 123.8, 34.668, 100, 0, 0, 141, 27.225, 27.225, 5, 0.76, 0, 94.975, 0, 0, 103.5, 41.909, 0, 0.255, 0, 0, 
38.3, 16.93, , , 74.08, , 1.245, , 2248.905, 2248.905, 2.162, 31.331, 31.331, 31.331, 52, , 35.378, 35.282, 7.377, 12.73, 0, 0, 3.426, 3.476, 3.426, 3.476, 1, 41.601, 41.601, 0.024, 0.135, 8.315, 8.437, 8.315, 8.437, 4.454, 7.377, 12.73, , , 1, 38.335, 0, 0, 14.356, 2.162, 174, 0, 0, 0, 54, 4.953, 4.933, 123.8, 34.65, 100, 0, 0, 27.28, 27.28, 5, 0.76, 95, 0, 0, 103.5, 41.978, 0, 0, 0, 0, 0, 13.6, 0, 14.356, 0, 2.162, 174, 0, 0, 0, 54, 1, 0.005, 0.005, 123.8, 34.65, 100, 0, 0, 141, 27.28, 27.28, 5, 0.76, 0, 95, 0, 0, 103.5, 41.978, 0, 0.244, 0, 0, 
38.35, 16.93, , , 74.08, , 1.21, , 2251.937, 2251.937, 2.164, 30.494, 30.494, 30.494, 52.011, , 35.391, 35.357, 7.377, 12.723, 0, 0, 3.339, 3.389, 3.339, 3.389, 1, 41.662, 41.662, 0.024, 0.135, 8.091, 8.21, 8.091, 8.21, 4.484, 7.377, 12.723, , , 1, 38.385, 0, 0, 14.367, 2.164, 174, 0, 0, 0, 54, 4.95, 4.93, 123.8, 34.65, 100, 0, 0, 27.335, 27.335, 5, 0.76, 95, 0, 0, 103.5, 42.045, 0, 0, 0, 0, 0, 13.6, 0, 14.367, 0, 2.164, 174, 0, 0, 0, 54, 1, 0.005, 0.005, 123.8, 34.65, 100, 0, 0, 141, 27.335, 27.335, 5, 0.76, 0, 95, 0, 0, 103.5, 42.045, 0, 0.233, 0, 0, 
38.4, 16.93, , , 74.08, , 1.185, , 2254.992, 2254.992, 2.165, 29.897, 29.897, 29.897, 52.027, , 35.321, 35.636, 7.377, 12.722, 0, 0, 3.278, 3.327, 3.278, 3.327, 1, 41.721, 41.721, 0.024, 0.135, 7.931, 8.047, 7.931, 8.047, 4.516, 7.377, 12.722, , , 1, 38.435, 0, 0, 14.378, 2.165, 174, 0, 0, 0, 54, 4.947, 4.927, 123.8, 34.65, 100, 0, 0, 27.389, 27.389, 5, 0.76, 95, 0, 0, 103.5, 42.113, 0, 0, 0, 0, 0, 13.6, 0, 14.378, 0, 2.165, 174, 0, 0, 0, 54, 1, 0.005, 0.005, 123.8, 34.65, 100, 0, 0, 141, 27.389, 27.389, 5, 0.76, 0, 95, 0, 0, 103.5, 42.113, 0, 0.222, 0, 0, 
38.45, 16.93, , , 74.08, , 1.167, , 2258.063, 2258.063, 2.167, 29.489, 29.489, 29.489, 52.047, , 35.251, 35.915, 7.377, 12.724, 0, 0, 3.238, 3.285, 3.238, 3.285, 1, 41.78, 41.78, 0.024, 0.134, 7.814, 7.929, 7.814, 7.929, 4.547, 7.377, 12.724, , , 1, 38.485, 0, 0, 14.389, 2.167, 174, 0, 0, 0, 54, 4.943, 4.923, 123.8, 34.65, 100, 0, 0, 27.443, 27.443, 5, 0.76, 95, 0, 0, 103.5, 42.18, 0, 0, 0, 0, 0, 13.6, 0, 14.389, 0, 2.167, 174, 0, 0, 0, 54, 1, 0.005, 0.005, 123.8, 34.65, 100, 0, 0, 141, 27.443, 27.443, 5, 0.76, 0, 95, 0, 0, 103.5, 42.18, 0, 0.211, 0, 0, 
38.5, 16.93, , , 74.08, , 1.166, , 2261.095, 2261.095, 2.169, 29.46, 29.46, 29.46, 52.066, , 35.181, 36.194, 7.377, 12.731, 0, 0, 3.239, 3.287, 3.239, 3.287, 1, 41.838, 41.838, 0.024, 0.134, 7.667, 7.781, 7.667, 7.781, 4.579, 7.377, 12.731, , , 1, 38.535, 0, 0, 14.4, 2.169, 174, 0, 0, 0, 54, 4.94, 4.92, 123.8, 34.65, 100, 0, 0, 27.498, 27.498, 5, 0.76, 95, 0, 0, 103.5, 42.247, 0, 0, 0, 0, 0, 13.6, 0, 14.4, 0, 2.169, 174, 0, 0, 0, 54, 1, 0.005, 0.005, 123.8, 34.65, 100, 0, 0, 141, 27.498, 27.498, 5, 0.76, 0, 95, 0, 0, 103.5, 42.247, 0, 0.2, 0, 0, 
38.55, 16.93, , , 74.08, , 1.13, , 2264.147, 2264.147, 2.173, 28.601, 28.601, 28.601, 52.08, , 35.112, 36.473, 7.377, 12.74, 0, 0, 3.15, 3.195, 3.15, 3.195, 1, 41.895, 41.895, 0.024, 0.134, 7.429, 7.54, 7.429, 7.54, 4.604, 7.377, 12.74, , , 1, 38.585, 0, 0, 14.4, 2.173, 174, 0, 0, 0, 54, 4.94, 4.92, 123.8, 34.575, 100, 0, 0, 27.5, 27.5, 5, 0.76, 95, 0, 0, 103.5, 42.25, 0, 0, 0, 0, 0, 13.6, 0, 14.4, 0, 2.173, 174, 0, 0, 0, 54, 1, 0.005, 0.005, 123.8, 34.575, 100, 0, 0, 141, 27.5, 27.5, 5, 0.76, 0, 95, 0, 0, 103.5, 42.25, 0, 0.2, 0, 0, 
38.6, 16.93, , , 74.08, , 1.059, , 2267.22, 2267.22, 2.177, 26.914, 26.914, 26.914, 52.096, , 35.041, 36.651, 7.377, 12.743, 0, 0, 2.969, 3.011, 2.969, 3.011, 1, 41.949, 41.949, 0.024, 0.134, 7.102, 7.207, 7.102, 7.207, 4.626, 7.377, 12.743, , , 1, 38.635, 0, 0, 14.4, 2.177, 174, 0, 0, 0, 54, 4.94, 4.92, 123.8, 34.498, 100, 0, 0, 27.5, 27.5, 5, 0.76, 95, 0, 0, 103.5, 42.25, 0, 0, 0, 0, 0, 13.6, 0, 14.4, 0, 2.177, 174, 0, 0, 0, 54, 1, 0.005, 0.005, 123.8, 34.498, 100, 0, 0, 141, 27.5, 27.5, 5, 0.76, 0, 95, 0, 0, 103.5, 42.25, 0, 0.2, 0, 0, 
38.65, , , , , , 1.092, , 2270.293, 2270.293, 2.181, 27.696, 27.696, 27.696, 52.113, , 34.966, 36.539, 7.377, 12.743, 0, 0, 3.058, 3.103, 3.058, 3.103, 1, 42.002, 42.002, 0.024, 0.134, 7.369, 7.477, 7.369, 7.477, 4.648, 7.377, 12.743, , , 1, 38.685, 0, 0, 14.4, 2.181, 174, 0, 0, 0, 54, 4.94, 4.92, 123.8, 34.421, 100, 0, 0, 27.5, 27.5, 5, 0.76, 95, 0, 0, 103.5, 42.25, 0, 0, 0, 0, 0, 13.6, 0, 14.4, 0, 2.181, 174, 0, 0, 0, 54, 1, 0.005, 0.005, 123.8, 34.421, 100, 0, 0, 141, 27.5, 27.5, 5, 0.76, 0, 95, 0, 0, 103.5, 42.25, 0, 0.2, 0, 0, 
38.7, , , , , , 1.109, , 2273.366, 2273.366, 2.185, 28.119, 28.119, 28.119, 52.126, , 34.892, 36.428, 7.377, 12.735, 0, 0, 3.108, 3.153, 3.108, 3.153, 1, 42.058, 42.058, 0.024, 0.134, , , , , 4.671, 7.377, 12.735, , , 1, 38.735, 0, 0, 14.4, 2.185, 174, 0, 0, 0, 54, 4.94, 4.92, 123.8, 34.344, 100, 0, 0, 27.5, 27.5, 5, 0.76, 95, 0, 0, 103.5, 42.25, 0, 0, 0, 0, 0, 13.6, 0, 14.4, 0, 2.185, 174, 0, 0, 0, 54, 1, 0.005, 0.005, 123.8, 34.344, 100, 0, 0, 141, 27.5, 27.5, 5, 0.76, 0, 95, 0, 0, 103.5, 42.25, 0, 0.2, 0, 0, 
38.75, , , , , , 1.107, , 2276.439, 2276.439, , 28.063, 28.063, 28.063, , , 34.818, 36.316, 7.377, 12.725, 0, 0, 3.104, 3.15, 3.104, 3.15, 1, 42.094, 42.094, 0.024, 0.134, , , , , 4.679, 7.377, 12.725, , , 1, 38.785, , , , , , , , , , , , , , , , , , , , , , , , , , , , , , , , , , , , , , , , , , , , , , , , , , , , , , , , , , , , , , , , 
38.8, , , , , , 1.058, , 2278.067, 2278.067, , 26.891, 26.891, 26.891, , , 34.743, 36.205, 7.377, 12.715, 0, 0, 2.978, 3.02, 2.978, 3.02, 1, 42.121, 42.121, 0.024, 0.134, , , , , 4.681, 7.377, 12.715, , , 1, 38.821, , , , , , , , , , , , , , , , , , , , , , , , , , , , , , , , , , , , , , , , , , , , , , , , , , , , , , , , , , , , , , , , 
38.85, , , , , , 1.075, , 2279.612, 2279.612, , 27.304, 27.304, 27.304, , , , , 7.377, 12.705, 0, 0, 3.026, 3.069, 3.026, 3.069, 1, 42.147, 42.147, 0.024, 0.134, , , , , 4.683, 7.377, 12.705, , , 1, 38.846, , , , , , , , , , , , , , , , , , , , , , , , , , , , , , , , , , , , , , , , , , , , , , , , , , , , , , , , , , , , , , , , 
38.9, , , , , , 1.189, , 2281.168, 2281.168, , 30.004, 30.004, 30.004, , , , , 7.377, 12.695, 0, 0, 3.326, 3.375, 3.326, 3.375, 1, 42.175, 42.175, 0.024, 0.134, , , , , 4.685, 7.377, 12.695, , , 1, 38.871, , , , , , , , , , , , , , , , , , , , , , , , , , , , , , , , , , , , , , , , , , , , , , , , , , , , , , , , , , , , , , , , 
38.95, , , , , , , , 2282.704, 2282.704, , , , , , , , , 7.377, 12.684, , , , , , , , , , , , , , , , , 7.377, 12.684, , , 1, 38.896, , , , , , , , , , , , , , , , , , , , , , , , , , , , , , , , , , , , , , , , , , , , , , , , , , , , , , , , , , , , , , , , 
