Time, (DWRT ATMO) Humidity, (DWRT ATMO) Pressure, (DWRT ATMO) Temperature 1, (DWRT ATMO) Temperature 2, (DWRT CPU) ????????????????????????????????????????????????????????????????, (DWRT CPU) Acceleration, (DWRT CPU) Correction Factor, (DWRT CPU) Distance, (DWRT CPU) Distance 1, (DWRT CPU) Engine RPM, (DWRT CPU) Force, (DWRT CPU) Force 1, (DWRT CPU) Force Drum 1, (DWRT CPU) Gear Ratio, (DWRT CPU) Inductive 1 Signal Strength, (DWRT CPU) Internal Temp 1, (DWRT CPU) Internal Temp 2, (DWRT CPU) LC1 Volts Petrol AFR, (DWRT CPU) LC2 Volts Petrol AFR2, (DWRT CPU) Link 0 Status, (DWRT CPU) Link 1 Status, (DWRT CPU) Power, (DWRT CPU) Power (uncorrected), (DWRT CPU) Power Drum 1, (DWRT CPU) Power Drum 1 (uncorrected), (DWRT CPU) Sampling, (DWRT CPU) Speed, (DWRT CPU) Speed 1, (DWRT CPU) TCP RX kB/s, (DWRT CPU) TCP TX kB/s, (DWRT CPU) Torque, (DWRT CPU) Torque (uncorrected), (DWRT CPU) Torque Drum 1, (DWRT CPU) Torque Drum 1 (uncorrected), (DWRT CPU) UDP RX kB/s, (DWRT CPU) User Analog 1, (DWRT CPU) User Analog 2, (DWRT CPU) User Analog 3, (DWRT CPU) User Analog 4, (Gen) Sampling, (Gen) Sampling Duration, (Harley - ECU Type 14 SW Level 141) Accel Enrichment, (Harley - ECU Type 14 SW Level 141) Decel Enleanment, (Harley - ECU Type 14 SW Level 141) Desired Air/Fuel, (Harley - ECU Type 14 SW Level 141) Engine Speed, (Harley - ECU Type 14 SW Level 141) Engine Temperature, (Harley - ECU Type 14 SW Level 141) Front Adaptive Fuel Factor, (Harley - ECU Type 14 SW Level 141) Front Closed Loop Integrator, (Harley - ECU Type 14 SW Level 141) Front Spark Knock Retard, (Harley - ECU Type 14 SW Level 141) Idle Air Control Motor Position, (Harley - ECU Type 14 SW Level 141) Injector Time Front, (Harley - ECU Type 14 SW Level 141) Injector Time Rear, (Harley - ECU Type 14 SW Level 141) Intake Air Temperature, (Harley - ECU Type 14 SW Level 141) Manifold Absolute Pressure, (Harley - ECU Type 14 SW Level 141) Rear Adaptive Fuel Factor, (Harley - ECU Type 14 SW Level 141) Rear Closed Loop Integrator, (Harley - ECU Type 14 SW Level 141) Rear Spark Knock Retard, (Harley - ECU Type 14 SW Level 141) Spark Advance Front, (Harley - ECU Type 14 SW Level 141) Spark Advance Rear, (Harley - ECU Type 14 SW Level 141) Throttle Position, (Harley - ECU Type 14 SW Level 141) Throttle Position Sensor Voltage, (Harley - ECU Type 14 SW Level 141) VE Front, (Harley - ECU Type 14 SW Level 141) VE New Front, (Harley - ECU Type 14 SW Level 141) VE New Rear, (Harley - ECU Type 14 SW Level 141) VE Rear, (Harley - ECU Type 14 SW Level 141) Vehicle Speed, (Harley - ECU Type 14 SW Level 141) WBO2 AFR Front, (Harley - ECU Type 14 SW Level 141) WBO2 AFR Rear, (PV) Accel Enrichment, (PV) AT Lambda 1, (PV) AT Lambda 2, (PV) Battery Voltage, (PV) Decel Enleanment, (PV) Desired Air/Fuel, (PV) Desired Lambda, (PV) Engine Speed, (PV) Engine Temperature, (PV) Front Adaptive Fuel Factor, (PV) Front Closed Loop Integrator, (PV) Front Spark Knock Retard, (PV) Idle Air Control Motor Position, (PV) Idle Set Speed, (PV) Injector Time Front, (PV) Injector Time Rear, (PV) Intake Air Temperature, (PV) Manifold Absolute Pressure, (PV) Rear Adaptive Fuel Factor, (PV) Rear Closed Loop Integrator, (PV) Rear Spark Knock Retard, (PV) Software Level, (PV) Spark Advance Front, (PV) Spark Advance Rear, (PV) Throttle Position, (PV) Throttle Position Sensor, (PV) Twistgrip Position, (PV) VE Front, (PV) VE New Front, (PV) VE New Rear, (PV) VE Rear, (PV) Vehicle Speed, (PV) Warm-up Fuel AFR (Lambda), (PV) Warm-up Fuel AFR (Ratio), (PV) WBO2 AFR Front, (PV) WBO2 AFR Rear, 
0, , , , , , , , , , , , , , , , , , , , , , , , , , , , , , , , , , , , , , , , 1, 0, , , , , , , , , , , , , , , , , , , , , , , , , , , , , , , , , , , , , , , , , , , , , , , , , , , , , , , , , , , , , , , , 
0.05, , , , , , 1.442, , , , , 35.904, 35.904, 35.904, , , , , , , , , , , , , , , , , , , , , , , , , , , 1, 0.05, , , , , , , , , , , , , , , , , , , , , , , , , , , , , , , , , , , , , , , , , , , , , , , , , , , , , , , , , , , , , , , , 
0.1, , 100.3, 73.96, , , 1.178, 0.987, , , , 29.64, 29.64, 29.64, , , , , , , , , , , , , , 35.572, 35.572, , , , , , , , , , , , 1, 0.075, , , , , , , , , , , , , , , , , , , , , , , , , , , , , , , , , , , , , , , , , , , , , , , , , , , , , , , , , , , , , , , , 
0.15, , 100.3, 73.96, , , 1.137, 0.987, 4.856, 4.856, , 28.672, 28.672, 28.672, , , , , 7.38, 12.37, 0, 0, 2.695, 2.731, 2.695, 2.731, 1, 35.65, 35.65, 0.024, 0.133, 7.848, 7.952, 7.848, 7.952, 4.331, 7.38, 12.37, , , 1, 0.149, , , , , , , , , , , , , , , , , , , , , , , , , , , , , , , , , , , , , , , , , , , , , , , , , , , , , , , , , , , , , , , , 
0.2, , 100.3, 73.96, , , 1.222, 0.987, 8.793, 8.793, 1.851, 30.682, 30.682, 30.682, , , , , 7.38, 12.452, 0, 0, 2.889, 2.929, 2.889, 2.929, 1, 35.741, 35.741, 0.024, 0.134, 8.189, 8.298, 8.189, 8.298, 4.312, 7.38, 12.452, , , 1, 0.2, 0, 0, 13.8, 1.851, 190, 0, 0, 0, 52, 4.83, 4.766, 125.6, 36.4, 100, 0, 0, 22, 22, 4, 0.72, 86.066, 0, 0, 93.5, 36.04, 0, 0, 0, 0, 0, 14, 0, 13.8, 0, 1.851, 190, 0, 0, 0, 52, 1, 0.005, 0.005, 125.6, 36.4, 100, 0, 0, 141, 22, 22, 4, 0.72, 0, 86.066, 0, 0, 93.5, 36.04, 0, 0.7, 0, 0, 
0.25, , 100.3, 73.96, , , 1.332, 0.987, 13.806, 13.806, 1.856, 33.298, 33.298, 33.298, , , , , 7.38, 12.548, 0, 0, 3.143, 3.184, 3.143, 3.184, 1, 35.836, 35.836, 0.024, 0.135, 8.855, 8.973, 8.855, 8.973, 4.292, 7.38, 12.548, , , 1, 0.349, 0, 0, 13.8, 1.856, 190, 0, 0, 0, 52, 4.814, 4.744, 125.6, 36.258, 100, 0, 0, 22, 22, 4, 0.72, 86.162, 0, 0, 93.5, 36.04, 0, 0, 0, 0, 0, 14, 0, 13.8, 0, 1.856, 190, 0, 0, 0, 52, 1, 0.005, 0.005, 125.6, 36.258, 100, 0, 0, 141, 22, 22, 4, 0.72, 0, 86.162, 0, 0, 93.5, 36.04, 0, 0.7, 0, 0, 
0.3, , 100.3, 73.96, , , 1.436, 0.987, 18.84, 18.84, 1.86, 35.766, 35.766, 35.766, 51.988, , 35.39, 35.149, 7.38, 12.656, 0, 0, 3.382, 3.426, 3.382, 3.426, 1, 35.908, 35.908, 0.024, 0.136, 9.508, 9.634, 9.508, 9.634, 4.273, 7.38, 12.656, , , 1, 0.401, 0, 0, 13.8, 1.86, 190, 0, 0, 0, 52, 4.799, 4.723, 125.6, 36.116, 100, 0, 0, 22, 22, 4, 0.72, 86.259, 0, 0, 93.5, 36.04, 0, 0, 0, 0, 0, 14, 0, 13.8, 0, 1.86, 190, 0, 0, 0, 52, 1, 0.005, 0.005, 125.6, 36.116, 100, 0, 0, 141, 22, 22, 4, 0.72, 0, 86.259, 0, 0, 93.5, 36.04, 0, 0.7, 0, 0, 
0.35, , 100.3, 73.96, , , 1.377, 0.987, 21.463, 21.463, 1.864, 34.366, 34.366, 34.366, 52.02, , 35.354, 35.257, 7.38, 12.748, 0, 0, 3.255, 3.299, 3.255, 3.299, 1, 35.978, 35.978, 0.024, 0.137, 9.135, 9.255, 9.135, 9.255, 4.259, 7.38, 12.748, , , 1, 0.45, 0, 0, 13.8, 1.864, 190, 0, 0, 0, 52, 4.783, 4.702, 125.6, 35.973, 100, 0, 0, 22, 22, 4, 0.72, 86.355, 0, 0, 93.5, 36.04, 0, 0, 0, 0, 0, 14, 0, 13.8, 0, 1.864, 190, 0, 0, 0, 52, 1, 0.005, 0.005, 125.6, 35.973, 100, 0, 0, 141, 22, 22, 4, 0.72, 0, 86.355, 0, 0, 93.5, 36.04, 0, 0.7, 0, 0, 
0.4, , 100.3, 73.96, , , 1.357, 0.987, 24.095, 24.095, 1.869, 33.894, 33.894, 33.894, 52.018, , 35.318, 35.365, 7.379, 12.824, 0, 0, 3.217, 3.261, 3.217, 3.261, 1, 36.044, 36.044, 0.024, 0.136, 9.009, 9.127, 9.009, 9.127, 4.274, 7.379, 12.824, , , 1, 0.5, 0, 0, 13.8, 1.869, 190, 0, 0, 0, 52, 4.768, 4.681, 125.6, 35.831, 100, 0, 0, 22, 22, 4, 0.72, 86.452, 0, 0, 93.5, 36.04, 0, 0, 0, 0, 0, 14, 0, 13.8, 0, 1.869, 190, 0, 0, 0, 52, 1, 0.005, 0.005, 125.6, 35.831, 100, 0, 0, 141, 22, 22, 4, 0.72, 0, 86.452, 0, 0, 93.5, 36.04, 0, 0.7, 0, 0, 
0.45, , 100.3, 73.96, , , 1.428, 0.987, 26.749, 26.749, 1.874, 35.585, 35.585, 35.585, 52.01, , 35.282, 35.473, 7.379, 12.893, 0, 0, 3.383, 3.429, 3.383, 3.429, 1, 36.113, 36.113, 0.024, 0.136, 9.46, 9.584, 9.46, 9.584, 4.288, 7.379, 12.893, , , 1, 0.551, 0, 0, 13.81, 1.874, 190, 0, 0, 0, 52, 4.76, 4.67, 125.6, 35.76, 100, 0, 0, 22.048, 22.048, 4, 0.72, 86.5, 0, 0, 93.5, 36.1, 0, 0, 0, 0, 0, 14, 0, 13.81, 0, 1.874, 190, 0, 0, 0, 52, 1, 0.005, 0.005, 125.6, 35.76, 100, 0, 0, 141, 22.048, 22.048, 4, 0.72, 0, 86.5, 0, 0, 93.5, 36.1, 0, 0.69, 0, 0, 
0.5, , 100.3, 73.96, , , 1.431, 0.987, 29.403, 29.403, 1.878, 35.648, 35.648, 35.648, 51.993, , 35.246, 35.581, 7.378, 12.956, 0, 0, 3.395, 3.442, 3.395, 3.442, 1, 36.187, 36.187, 0.024, 0.136, 9.479, 9.602, 9.479, 9.602, 4.303, 7.378, 12.956, , , 1, 0.601, 0, 0, 13.83, 1.878, 190, 0, 0, 0, 52, 4.759, 4.669, 125.6, 35.76, 100, 0, 0, 22.149, 22.149, 4, 0.72, 86.5, 0, 0, 93.5, 36.224, 0, 0, 0, 0, 0, 14, 0, 13.83, 0, 1.878, 190, 0, 0, 0, 52, 1, 0.005, 0.005, 125.6, 35.76, 100, 0, 0, 141, 22.149, 22.149, 4, 0.72, 0, 86.5, 0, 0, 93.5, 36.224, 0, 0.67, 0, 0, 
0.55, 17.949, 100.3, 73.96, 74.731, , 1.37, 0.987, 32.056, 32.056, 1.884, 34.209, 34.209, 34.209, 51.984, , 35.299, 35.541, 7.378, 13.006, 0, 0, 3.265, 3.311, 3.265, 3.311, 1, 36.257, 36.257, 0.024, 0.135, 9.098, 9.216, 9.098, 9.216, 4.317, 7.378, 13.006, , , 1, 0.651, 0, 0, 13.85, 1.884, 190, 0, 0, 0, 52, 4.758, 4.668, 125.6, 35.76, 100, 0, 0, 22.249, 22.249, 4, 0.72, 86.5, 0, 0, 93.5, 36.349, 0, 0, 0, 0, 0, 14, 0, 13.85, 0, 1.884, 190, 0, 0, 0, 52, 1, 0.005, 0.005, 125.6, 35.76, 100, 0, 0, 141, 22.249, 22.249, 4, 0.72, 0, 86.5, 0, 0, 93.5, 36.349, 0, 0.65, 0, 0, 
0.6, 17.948, 100.3, 73.96, 74.731, , 1.365, 0.987, 34.709, 34.709, 1.888, 34.094, 34.094, 34.094, 51.98, , 35.371, 35.469, 7.377, 13.042, 0, 0, 3.259, 3.306, 3.259, 3.306, 1, 36.325, 36.325, 0.024, 0.135, 9.069, 9.185, 9.069, 9.185, 4.326, 7.377, 13.042, , , 1, 0.701, 0, 0, 13.87, 1.888, 190, 0, 0, 0, 52, 4.757, 4.667, 125.6, 35.76, 100, 0, 0, 22.349, 22.349, 4, 0.72, 86.5, 0, 0, 93.5, 36.473, 0, 0, 0, 0, 0, 14, 0, 13.87, 0, 1.888, 190, 0, 0, 0, 52, 1, 0.005, 0.005, 125.6, 35.76, 100, 0, 0, 141, 22.349, 22.349, 4, 0.72, 0, 86.5, 0, 0, 93.5, 36.473, 0, 0.63, 0, 0, 
0.65, 17.947, 100.3, 73.96, 74.732, , 1.378, 0.987, 37.362, 37.362, 1.894, 34.397, 34.397, 34.397, 51.98, , 35.443, 35.397, 7.377, 13.068, 0, 0, 3.293, 3.34, 3.293, 3.34, 1, 36.395, 36.395, 0.024, 0.135, 9.15, 9.267, 9.15, 9.267, 4.334, 7.377, 13.068, , , 1, 0.75, 0, 0, 13.89, 1.894, 190, 0, 0, 0, 52, 4.756, 4.666, 125.6, 35.76, 100, 0, 0, 22.45, 22.45, 4, 0.72, 86.5, 0, 0, 93.5, 36.598, 0, 0, 0, 0, 0, 14, 0, 13.89, 0, 1.894, 190, 0, 0, 0, 52, 1, 0.005, 0.005, 125.6, 35.76, 100, 0, 0, 141, 22.45, 22.45, 4, 0.72, 0, 86.5, 0, 0, 93.5, 36.598, 0, 0.61, 0, 0, 
0.7, 17.946, 100.3, 73.96, 74.733, , 1.335, 0.987, 40.015, 40.015, 1.897, 33.372, 33.372, 33.372, 51.981, , 35.515, 35.325, 7.377, 13.084, 0, 0, 3.201, 3.245, 3.201, 3.245, 1, 36.464, 36.464, 0.024, 0.135, 8.875, 8.988, 8.875, 8.988, 4.342, 7.377, 13.084, , , 1, 0.801, 0, 0, 13.9, 1.897, 190, 0, 0, 0, 52, 4.752, 4.662, 125.6, 35.76, 100, 0, 0, 22.5, 22.5, 4, 0.72, 86.5, 0, 0, 93.5, 36.66, 0, 0, 0, 0, 0, 14, 0, 13.9, 0, 1.897, 190, 0, 0, 0, 52, 1, 0.005, 0.005, 125.6, 35.76, 100, 0, 0, 141, 22.5, 22.5, 4, 0.72, 0, 86.5, 0, 0, 93.5, 36.66, 0, 0.6, 0, 0, 
0.75, 17.944, 100.3, 73.96, 74.734, , 1.251, 0.987, 42.675, 42.675, 1.899, 31.395, 31.395, 31.395, 51.988, , 35.587, 35.253, 7.377, 13.099, 0, 0, 3.016, 3.057, 3.016, 3.057, 1, 36.529, 36.529, 0.024, 0.135, 8.348, 8.453, 8.348, 8.453, 4.35, 7.377, 13.099, , , 1, 0.851, 0, 0, 13.9, 1.899, 190, 0, 0, 0, 52, 4.747, 4.657, 125.6, 35.76, 100, 0, 0, 22.5, 22.5, 4, 0.72, 86.5, 0, 0, 93.5, 36.66, 0, 0, 0, 0, 0, 14, 0, 13.9, 0, 1.899, 190, 0, 0, 0, 52, 1, 0.005, 0.005, 125.6, 35.76, 100, 0, 0, 141, 22.5, 22.5, 4, 0.72, 0, 86.5, 0, 0, 93.5, 36.66, 0, 0.6, 0, 0, 
0.8, 17.943, 100.3, 73.96, 74.734, , 1.041, 0.987, 45.36, 45.36, 1.901, 26.4, 26.4, 26.4, 52.003, , 35.393, 35.21, 7.377, 13.114, 0, 0, 2.539, 2.572, 2.539, 2.572, 1, 36.587, 36.587, 0.024, 0.135, 7.018, 7.107, 7.018, 7.107, 4.354, 7.377, 13.114, , , 1, 0.9, 0, 0, 13.9, 1.901, 190, 0, 0, 0, 52, 4.742, 4.652, 125.6, 35.76, 100, 0, 0, 22.5, 22.5, 4, 0.72, 86.5, 0, 0, 93.5, 36.66, 0, 0, 0, 0, 0, 14, 0, 13.9, 0, 1.901, 190, 0, 0, 0, 52, 1, 0.005, 0.005, 125.6, 35.76, 100, 0, 0, 141, 22.5, 22.5, 4, 0.72, 0, 86.5, 0, 0, 93.5, 36.66, 0, 0.6, 0, 0, 
0.85, 17.942, 100.3, 73.96, 74.735, , 0.926, 0.987, 48.03, 48.03, 1.903, 23.672, 23.672, 23.672, 52.03, , 35.141, 35.174, 7.377, 13.133, 0, 0, 2.279, 2.309, 2.279, 2.309, 1, 36.635, 36.635, 0.024, 0.135, 6.29, 6.37, 6.29, 6.37, 4.356, 7.377, 13.133, , , 1, 0.95, 0, 0, 13.9, 1.903, 190, 0, 0, 0, 52, 4.737, 4.647, 125.6, 35.76, 100, 0, 0, 22.5, 22.5, 4, 0.72, 86.5, 0, 0, 93.5, 36.66, 0, 0, 0, 0, 0, 14, 0, 13.9, 0, 1.903, 190, 0, 0, 0, 52, 1, 0.005, 0.005, 125.6, 35.76, 100, 0, 0, 141, 22.5, 22.5, 4, 0.72, 0, 86.5, 0, 0, 93.5, 36.66, 0, 0.6, 0, 0, 
0.9, 17.941, 100.3, 73.96, 74.736, , 0.906, 0.987, 50.683, 50.683, 1.904, 23.21, 23.21, 23.21, 52.055, , 34.889, 35.138, 7.378, 13.155, 0, 0, 2.238, 2.267, 2.238, 2.267, 1, 36.681, 36.681, 0.024, 0.135, 6.163, 6.243, 6.163, 6.243, 4.359, 7.378, 13.155, , , 1, 1, 0, 0, 13.9, 1.904, 190, 0, 0, 0, 52, 4.732, 4.642, 125.6, 35.76, 100, 0, 0, 22.5, 22.5, 4, 0.72, 86.5, 0, 0, 93.5, 36.66, 0, 0, 0, 0, 0, 14, 0, 13.9, 0, 1.904, 190, 0, 0, 0, 52, 1, 0.005, 0.005, 125.6, 35.76, 100, 0, 0, 141, 22.5, 22.5, 4, 0.72, 0, 86.5, 0, 0, 93.5, 36.66, 0, 0.6, 0, 0, 
0.95, 17.94, 100.3, 73.96, 74.737, , 0.865, 0.987, 53.381, 53.381, 1.908, 22.222, 22.222, 22.222, 52.08, , 34.637, 35.102, 7.378, 13.175, 0, 0, 2.146, 2.175, 2.146, 2.175, 1, 36.725, 36.725, 0.024, 0.135, 5.898, 5.975, 5.898, 5.975, 4.362, 7.378, 13.175, , , 1, 1.05, 0, 0, 13.9, 1.908, 190, 0, 0, 0, 52, 4.733, 4.645, 125.6, 35.735, 100, 0, 0, 22.534, 22.534, 4, 0.72, 86.5, 0, 0, 93.567, 36.743, 0, 0, 0, 0, 0, 14, 0, 13.9, 0, 1.908, 190, 0, 0, 0, 52, 1, 0.005, 0.005, 125.6, 35.735, 100, 0, 0, 141, 22.534, 22.534, 4, 0.72, 0, 86.5, 0, 0, 93.567, 36.743, 0, 0.6, 0, 0, 
1, 17.939, 100.3, 73.96, 74.738, , 0.819, 0.987, 56.095, 56.095, 1.911, 21.145, 21.145, 21.145, 52.1, , 34.385, 35.066, 7.379, 13.192, 0, 0, 2.047, 2.074, 2.047, 2.074, 1, 36.765, 36.765, 0.024, 0.135, 5.609, 5.683, 5.609, 5.683, 4.352, 7.379, 13.192, , , 1, 1.101, 0, 0, 13.9, 1.911, 190, 0, 0, 0, 52, 4.738, 4.651, 125.6, 35.7, 100, 0, 0, 22.582, 22.582, 4, 0.72, 86.5, 0, 0, 93.663, 36.863, 0, 0, 0, 0, 0, 14, 0, 13.9, 0, 1.911, 190, 0, 0, 0, 52, 1, 0.005, 0.005, 125.6, 35.7, 100, 0, 0, 141, 22.582, 22.582, 4, 0.72, 0, 86.5, 0, 0, 93.663, 36.863, 0, 0.6, 0, 0, 
1.05, 17.938, 100.3, 73.96, 74.738, , 0.971, 0.987, 58.779, 58.779, 1.915, 24.743, 24.743, 24.743, 52.115, , 34.516, 35.148, 7.379, 13.205, 0, 0, 2.398, 2.43, 2.398, 2.43, 1, 36.808, 36.808, 0.024, 0.135, 6.565, 6.65, 6.565, 6.65, 4.329, 7.379, 13.205, , , 1, 1.151, 0, 0, 13.9, 1.915, 190, 0, 0, 0, 52, 4.743, 4.658, 125.6, 35.664, 100, 0, 0, 22.63, 22.63, 4, 0.72, 86.5, 0, 0, 93.76, 36.982, 0, 0, 0, 0, 0, 14, 0, 13.9, 0, 1.915, 190, 0, 0, 0, 52, 1, 0.005, 0.005, 125.6, 35.664, 100, 0, 0, 141, 22.63, 22.63, 4, 0.72, 0, 86.5, 0, 0, 93.76, 36.982, 0, 0.6, 0, 0, 
1.1, 17.936, 100.3, 73.96, 74.739, , 1.076, 0.987, 61.463, 61.463, 1.919, 27.236, 27.236, 27.236, 52.101, , 34.732, 35.256, 7.38, 13.211, 0, 0, 2.642, 2.678, 2.642, 2.678, 1, 36.861, 36.861, 0.024, 0.135, 7.228, 7.321, 7.228, 7.321, 4.305, 7.38, 13.211, , , 1, 1.2, 0, 0, 13.9, 1.919, 190, 0, 0, 0, 52, 4.748, 4.665, 125.6, 35.628, 100, 0, 0, 22.678, 22.678, 4, 0.72, 86.5, 0, 0, 93.856, 37.101, 0, 0, 0, 0, 0, 14, 0, 13.9, 0, 1.919, 190, 0, 0, 0, 52, 1, 0.005, 0.005, 125.6, 35.628, 100, 0, 0, 141, 22.678, 22.678, 4, 0.72, 0, 86.5, 0, 0, 93.856, 37.101, 0, 0.6, 0, 0, 
1.15, 17.935, 100.3, 73.96, 74.74, , 1.061, 0.987, 64.148, 64.148, 1.923, 26.887, 26.887, 26.887, 52.082, 93.222, 34.947, 35.363, 7.38, 13.217, 0, 0, 2.613, 2.647, 2.613, 2.647, 1, 36.914, 36.914, 0.024, 0.135, 7.138, 7.229, 7.138, 7.229, 4.282, 7.38, 13.217, , , 1, 1.251, 0, 0, 13.9, 1.923, 190, 0, 0, 0, 52, 4.753, 4.672, 125.6, 35.593, 100, 0, 0, 22.726, 22.726, 4, 0.72, 86.5, 0, 0, 93.952, 37.22, 0, 0, 0, 0, 0, 14, 0, 13.9, 0, 1.923, 190, 0, 0, 0, 52, 1, 0.005, 0.005, 125.6, 35.593, 100, 0, 0, 141, 22.726, 22.726, 4, 0.72, 0, 86.5, 0, 0, 93.952, 37.22, 0, 0.6, 0, 0, 
1.2, 17.934, 100.3, 73.96, 74.741, , 1.05, 0.987, 66.85, 66.85, 1.925, 26.626, 26.626, 26.626, 52.053, 90.665, 35.162, 35.471, 7.38, 13.221, 0, 0, 2.592, 2.625, 2.592, 2.625, 1, 36.967, 36.967, 0.024, 0.135, 7.073, 7.162, 7.073, 7.162, 4.266, 7.38, 13.221, , , 1, 1.301, 0, 0, 13.9, 1.925, 190, 0, 0, 0, 52, 4.752, 4.668, 125.6, 35.556, 100, 0, 0, 22.776, 22.776, 4, 0.72, 86.5, 0, 0, 94, 37.28, 0, 0, 0, 0, 0, 14, 0, 13.9, 0, 1.925, 190, 0, 0, 0, 52, 1, 0.005, 0.005, 125.6, 35.556, 100, 0, 0, 141, 22.776, 22.776, 4, 0.72, 0, 86.5, 0, 0, 94, 37.28, 0, 0.6, 0, 0, 
1.25, 17.933, 100.3, 73.96, 74.741, , 1.042, 0.987, 69.566, 69.566, 1.926, 26.44, 26.44, 26.44, 52.03, 88.108, 35.377, 35.578, 7.38, 13.228, 0, 0, 2.576, 2.609, 2.576, 2.609, 1, 37.019, 37.019, 0.024, 0.135, 7.028, 7.115, 7.028, 7.115, 4.267, 7.38, 13.228, , , 1, 1.351, 0, 0, 13.9, 1.926, 190, 0, 0, 0, 52, 4.747, 4.655, 125.6, 35.517, 100, 0, 0, 22.828, 22.828, 4, 0.72, 86.5, 0, 0, 94, 37.28, 0, 0, 0, 0, 0, 14, 0, 13.9, 0, 1.926, 190, 0, 0, 0, 52, 1, 0.005, 0.005, 125.6, 35.517, 100, 0, 0, 141, 22.828, 22.828, 4, 0.72, 0, 86.5, 0, 0, 94, 37.28, 0, 0.6, 0, 0, 
1.3, 17.932, 100.3, 73.96, 74.742, , 1.018, 0.987, 72.281, 72.281, 1.926, 25.854, 25.854, 25.854, 52.011, 85.552, 35.42, 35.6, 7.38, 13.241, 0, 0, 2.522, 2.554, 2.522, 2.554, 1, 37.071, 37.071, 0.024, 0.135, 6.874, 6.959, 6.874, 6.959, 4.269, 7.38, 13.241, , , 1, 1.401, 0, 0, 13.9, 1.926, 190, 0, 0, 0, 52, 4.742, 4.641, 125.6, 35.479, 100, 0, 0, 22.88, 22.88, 4, 0.72, 86.5, 0, 0, 94, 37.28, 0, 0, 0, 0, 0, 14, 0, 13.9, 0, 1.926, 190, 0, 0, 0, 52, 1, 0.005, 0.005, 125.6, 35.479, 100, 0, 0, 141, 22.88, 22.88, 4, 0.72, 0, 86.5, 0, 0, 94, 37.28, 0, 0.6, 0, 0, 
1.35, 17.931, 100.3, 73.96, 74.743, , 0.994, 0.987, 74.996, 74.996, 1.927, 25.298, 25.298, 25.298, 52.016, 82.995, 35.42, 35.6, 7.38, 13.257, 0, 0, 2.472, 2.502, 2.472, 2.502, 1, 37.12, 37.12, 0.024, 0.135, 6.727, 6.81, 6.727, 6.81, 4.27, 7.38, 13.257, , , 1, 1.45, 0, 0, 13.9, 1.927, 190, 0, 0, 0, 52, 4.737, 4.628, 125.6, 35.44, 100, 0, 0, 22.932, 22.932, 4, 0.72, 86.5, 0, 0, 94, 37.28, 0, 0, 0, 0, 0, 14, 0, 13.9, 0, 1.927, 190, 0, 0, 0, 52, 1, 0.005, 0.005, 125.6, 35.44, 100, 0, 0, 141, 22.932, 22.932, 4, 0.72, 0, 86.5, 0, 0, 94, 37.28, 0, 0.6, 0, 0, 
1.4, 17.93, 100.3, 73.96, 74.744, , 1.016, 0.987, 77.71, 77.71, 1.928, 25.812, 25.812, 25.812, 52.027, 80.438, 35.42, 35.6, 7.38, 13.28, 0, 0, 2.526, 2.556, 2.526, 2.556, 1, 37.169, 37.169, 0.024, 0.135, 6.863, 6.946, 6.863, 6.946, 4.273, 7.38, 13.28, , , 1, 1.5, 0, 0, 13.9, 1.928, 190, 0, 0, 0, 52, 4.732, 4.614, 125.6, 35.402, 100, 0, 0, 22.984, 22.984, 4, 0.72, 86.5, 0, 0, 94, 37.28, 0, 0, 0, 0, 0, 14, 0, 13.9, 0, 1.928, 190, 0, 0, 0, 52, 1, 0.005, 0.005, 125.6, 35.402, 100, 0, 0, 141, 22.984, 22.984, 4, 0.72, 0, 86.5, 0, 0, 94, 37.28, 0, 0.6, 0, 0, 
1.45, 17.928, 100.3, 73.96, 74.744, , 1.042, 0.987, 80.425, 80.425, 1.931, 26.441, 26.441, 26.441, 52.054, 77.881, 35.42, 35.6, 7.38, 13.302, 0, 0, 2.592, 2.622, 2.592, 2.622, 1, 37.222, 37.222, 0.024, 0.135, 7.028, 7.112, 7.028, 7.112, 4.285, 7.38, 13.302, , , 1, 1.551, 0, 0, 13.9, 1.931, 190, 0, 0, 0, 52, 4.724, 4.616, 125.6, 35.39, 100, 0, 0, 23, 23, 4, 0.72, 86.5, 0, 0, 94, 37.28, 0, 0, 0, 0, 0, 14, 0, 13.9, 0, 1.931, 190, 0, 0, 0, 52, 1, 0.005, 0.005, 125.6, 35.39, 100, 0, 0, 141, 23, 23, 4, 0.72, 0, 86.5, 0, 0, 94, 37.28, 0, 0.6, 0, 0, 
1.5, 17.927, 100.3, 73.96, 74.745, , 1.077, 0.987, 83.139, 83.139, 1.935, 27.259, 27.259, 27.259, 52.078, 75.324, 35.42, 35.6, 7.379, 13.318, 0, 0, 2.675, 2.708, 2.675, 2.708, 1, 37.275, 37.275, 0.024, 0.134, 7.241, 7.327, 7.241, 7.327, 4.297, 7.379, 13.318, , , 1, 1.601, 0, 0, 13.9, 1.935, 190, 0, 0, 0, 52, 4.714, 4.626, 125.6, 35.39, 100, 0, 0, 23, 23, 4, 0.72, 86.5, 0, 0, 94, 37.28, 0, 0, 0, 0, 0, 14, 0, 13.9, 0, 1.935, 190, 0, 0, 0, 52, 1, 0.005, 0.005, 125.6, 35.39, 100, 0, 0, 141, 23, 23, 4, 0.72, 0, 86.5, 0, 0, 94, 37.28, 0, 0.6, 0, 0, 
1.55, 17.926, 100.3, 73.96, 74.746, , 1.176, 0.987, 85.855, 85.855, 1.938, 29.623, 29.623, 29.623, 52.099, 72.767, 35.42, 35.6, 7.379, 13.331, 0, 0, 2.912, 2.949, 2.912, 2.949, 1, 37.329, 37.329, 0.024, 0.134, 7.867, 7.962, 7.867, 7.962, 4.31, 7.379, 13.331, , , 1, 1.651, 0, 0, 13.9, 1.938, 190, 0, 0, 0, 52, 4.705, 4.635, 125.6, 35.39, 100, 0, 0, 23, 23, 4, 0.72, 86.5, 0, 0, 94, 37.28, 0, 0, 0, 0, 0, 14, 0, 13.9, 0, 1.938, 190, 0, 0, 0, 52, 1, 0.005, 0.005, 125.6, 35.39, 100, 0, 0, 141, 23, 23, 4, 0.72, 0, 86.5, 0, 0, 94, 37.28, 0, 0.6, 0, 0, 
1.6, 17.925, 100.3, 73.96, 74.747, , 1.309, 0.987, 88.571, 88.571, 1.942, 32.784, 32.784, 32.784, 52.095, 70.21, 35.42, 35.6, 7.378, 13.332, 0, 0, 3.228, 3.271, 3.228, 3.271, 1, 37.393, 37.393, 0.024, 0.134, 8.706, 8.812, 8.706, 8.812, 4.322, 7.378, 13.332, , , 1, 1.701, 0, 0, 13.9, 1.942, 190, 0, 0, 0, 52, 4.696, 4.644, 125.6, 35.39, 100, 0, 0, 23, 23, 4, 0.72, 86.5, 0, 0, 94, 37.28, 0, 0, 0, 0, 0, 14, 0, 13.9, 0, 1.942, 190, 0, 0, 0, 52, 1, 0.005, 0.005, 125.6, 35.39, 100, 0, 0, 141, 23, 23, 4, 0.72, 0, 86.5, 0, 0, 94, 37.28, 0, 0.6, 0, 0, 
1.65, 17.924, 100.3, 73.96, 74.747, , 1.365, 0.987, 91.316, 91.316, 1.946, 34.112, 34.112, 34.112, 52.084, 67.653, 35.42, 35.6, 7.378, 13.328, 0, 0, 3.363, 3.41, 3.363, 3.41, 1, 37.46, 37.46, 0.024, 0.134, 9.063, 9.173, 9.063, 9.173, 4.339, 7.378, 13.328, , , 1, 1.751, 0, 0, 13.9, 1.946, 190, 0, 0, 0, 52, 4.686, 4.654, 125.6, 35.39, 100, 0, 0, 23, 23, 4, 0.72, 86.5, 0, 0, 94, 37.28, 0, 0, 0, 0, 0, 14, 0, 13.9, 0, 1.946, 190, 0, 0, 0, 52, 1, 0.005, 0.005, 125.6, 35.39, 100, 0, 0, 141, 23, 23, 4, 0.72, 0, 86.5, 0, 0, 94, 37.28, 0, 0.6, 0, 0, 
1.7, 17.923, 100.3, 73.96, 74.748, , 1.442, 0.987, 94.063, 94.063, 1.95, 35.926, 35.926, 35.926, 52.053, 65.096, 35.42, 35.6, 7.377, 13.308, 0, 0, 3.547, 3.598, 3.547, 3.598, 1, 37.53, 37.53, 0.024, 0.134, 9.549, 9.666, 9.549, 9.666, 4.356, 7.377, 13.308, , , 1, 1.801, 0.026, 0, 13.9, 1.95, 190, 0, 0, 0, 52.09, 4.731, 4.7, 125.6, 35.479, 100, 0, 0, 23.09, 23.09, 4.06, 0.723, 86.71, 0, 0, 94.27, 37.336, 0, 0, 0.026, 0, 0, 14, 0, 13.9, 0, 1.95, 190, 0, 0, 0, 52.09, 1, 0.005, 0.005, 125.6, 35.479, 100, 0, 0, 141, 23.09, 23.09, 4.06, 0.723, 0, 86.71, 0, 0, 94.27, 37.336, 0, 0.6, 0, 0, 
1.75, 17.922, 100.3, 73.96, 74.749, , 1.599, 0.987, 96.809, 96.809, 1.955, 39.643, 39.643, 39.643, 52.018, 62.54, 35.42, 35.6, 7.377, 13.285, 0, 0, 3.923, 3.978, 3.923, 3.978, 1, 37.605, 37.605, 0.024, 0.134, 10.545, 10.678, 10.545, 10.678, 4.373, 7.377, 13.285, , , 1, 1.851, 0.112, 0, 13.9, 1.955, 190, 0, 0, 0, 52.39, 4.901, 4.833, 125.6, 35.775, 100, 0, 0, 23.39, 23.39, 4.26, 0.733, 87.41, 0, 0, 95.17, 37.523, 0, 0, 0.112, 0, 0, 14, 0, 13.9, 0, 1.955, 190, 0, 0, 0, 52.39, 1, 0.005, 0.005, 125.6, 35.775, 100, 0, 0, 141, 23.39, 23.39, 4.26, 0.733, 0, 87.41, 0, 0, 95.17, 37.523, 0, 0.6, 0, 0, 
1.8, 17.92, 100.3, 73.96, 74.75, , 1.738, 0.987, 99.556, 99.556, 1.96, 42.959, 42.959, 42.959, 51.976, 59.983, 35.361, 35.541, 7.377, 13.254, 0, 0, 4.263, 4.321, 4.263, 4.321, 1, 37.688, 37.688, 0.024, 0.134, 11.434, 11.58, 11.434, 11.58, 4.39, 7.377, 13.254, , , 1, 1.901, 0.198, 0, 13.9, 1.96, 190, 0, 0, 0, 52.69, 5.071, 4.966, 125.6, 36.071, 100, 0, 0, 23.69, 23.69, 4.46, 0.743, 88.11, 0, 0, 96.07, 37.71, 0, 0, 0.198, 0, 0, 14, 0, 13.9, 0, 1.96, 190, 0, 0, 0, 52.69, 1, 0.005, 0.005, 125.6, 36.071, 100, 0, 0, 141, 23.69, 23.69, 4.46, 0.743, 0, 88.11, 0, 0, 96.07, 37.71, 0, 0.6, 0, 0, 
1.85, 17.921, 100.3, 73.96, 74.75, , 1.863, 0.987, 102.303, 102.303, 1.965, 45.931, 45.931, 45.931, 51.945, 57.426, 35.289, 35.469, 7.377, 13.219, 0, 0, 4.571, 4.63, 4.571, 4.63, 1, 37.778, 37.778, 0.024, 0.134, 12.232, 12.387, 12.232, 12.387, 4.401, 7.377, 13.219, , , 1, 1.951, 0.284, 0, 13.9, 1.965, 190, 0, 0, 0, 52.99, 5.241, 5.099, 125.6, 36.367, 100, 0, 0, 23.99, 23.99, 4.66, 0.753, 88.81, 0, 0, 96.97, 37.897, 0, 0, 0.284, 0, 0, 14, 0, 13.9, 0, 1.965, 190, 0, 0, 0, 52.99, 1, 0.006, 0.005, 125.6, 36.367, 100, 0, 0, 141, 23.99, 23.99, 4.66, 0.753, 0, 88.81, 0, 0, 96.97, 37.897, 0, 0.6, 0, 0, 
1.9, 17.922, 100.3, 73.96, 74.75, , 1.974, 0.987, 105.078, 105.078, 1.969, 48.563, 48.563, 48.563, 51.92, 54.869, 35.217, 35.397, 7.377, 13.168, 0, 0, 4.845, 4.907, 4.845, 4.907, 1, 37.87, 37.87, 0.024, 0.134, 12.937, 13.102, 12.937, 13.102, 4.409, 7.377, 13.168, , , 1, 2.001, 0.37, 0, 13.9, 1.969, 190, 0, 0, 0, 53.29, 5.411, 5.232, 125.6, 36.663, 100, 0, 0, 24.29, 24.29, 4.86, 0.763, 89.51, 0, 0, 97.87, 38.084, 0, 0, 0.37, 0, 0, 14, 0, 13.9, 0, 1.969, 190, 0, 0, 0, 53.29, 1, 0.006, 0.005, 125.6, 36.663, 100, 0, 0, 141, 24.29, 24.29, 4.86, 0.763, 0, 89.51, 0, 0, 97.87, 38.084, 0, 0.6, 0, 0, 
1.95, 17.923, 100.3, 73.96, 74.75, , 2.078, 0.987, 107.853, 107.853, 1.974, 51.022, 51.022, 51.022, 51.91, 52.312, 35.145, 35.325, 7.377, 13.116, 0, 0, 5.103, 5.166, 5.103, 5.166, 1, 37.973, 37.973, 0.024, 0.134, 13.594, 13.768, 13.594, 13.768, 4.418, 7.377, 13.116, , , 1, 2.051, 0.412, 0, 13.9, 1.974, 190.065, 0, 0, 0, 53.533, 5.522, 5.325, 125.6, 36.918, 100, 0, 0, 24.565, 24.565, 5, 0.771, 90.065, 0, 0, 98.582, 38.256, 0, 0, 0.412, 0, 0, 14, 0, 13.9, 0, 1.974, 190.065, 0, 0, 0, 53.533, 1, 0.006, 0.005, 125.6, 36.918, 100, 0, 0, 141, 24.565, 24.565, 5, 0.771, 0, 90.065, 0, 0, 98.582, 38.256, 0, 0.6, 0, 0, 
2, 17.924, 100.3, 73.96, 74.75, , 2.157, 0.987, 110.6, 110.6, 1.98, 52.907, 52.907, 52.907, 51.903, 49.755, 35.073, 35.253, 7.377, 13.054, 0, 0, 5.307, 5.373, 5.307, 5.373, 1, 38.078, 38.078, 0.024, 0.134, 14.096, 14.276, 14.096, 14.276, 4.427, 7.377, 13.054, , , 1, 2.101, 0.352, 0, 13.9, 1.98, 190.283, 0, 0, 0, 53.641, 5.496, 5.325, 125.6, 37.079, 100, 0, 0, 24.783, 24.783, 5, 0.773, 90.283, 0, 0, 98.853, 38.392, 0, 0, 0.352, 0, 0, 14, 0, 13.9, 0, 1.98, 190.283, 0, 0, 0, 53.641, 1, 0.006, 0.005, 125.6, 37.079, 100, 0, 0, 141, 24.783, 24.783, 5, 0.773, 0, 90.283, 0, 0, 98.853, 38.392, 0, 0.6, 0, 0, 
2.05, 17.925, 100.3, 73.96, 74.75, , 2.204, 0.987, 113.377, 113.377, 1.985, 54.025, 54.025, 54.025, 51.901, 49.128, 35.174, 35.24, 7.377, 12.989, 0, 0, 5.435, 5.502, 5.435, 5.502, 1, 38.187, 38.187, 0.024, 0.134, 14.393, 14.577, 14.393, 14.577, 4.424, 7.377, 12.989, , , 1, 2.151, 0.293, 0, 13.9, 1.985, 190.5, 0, 0, 0, 53.75, 5.47, 5.325, 125.6, 37.24, 100, 0, 0, 25, 25, 5, 0.775, 90.5, 0, 0, 99.125, 38.528, 0, 0, 0.293, 0, 0, 14, 0, 13.9, 0, 1.985, 190.5, 0, 0, 0, 53.75, 1, 0.006, 0.005, 125.6, 37.24, 100, 0, 0, 141, 25, 25, 5, 0.775, 0, 90.5, 0, 0, 99.125, 38.528, 0, 0.6, 0, 0, 
2.1, 17.926, 100.3, 73.96, 74.75, , 2.216, 0.987, 116.19, 116.19, 1.991, 54.312, 54.312, 54.312, 51.903, 62.648, 35.314, 35.24, 7.377, 12.909, 0, 0, 5.481, 5.548, 5.481, 5.548, 1, 38.298, 38.298, 0.024, 0.135, 14.468, 14.655, 14.468, 14.655, 4.411, 7.377, 12.909, , , 1, 2.2, 0.233, 0, 13.9, 1.991, 190.717, 0, 0, 0, 53.859, 5.444, 5.325, 125.6, 37.401, 100, 0, 0, 25.217, 25.217, 5, 0.777, 90.717, 0, 0, 99.397, 38.663, 0, 0, 0.233, 0, 0, 14, 0, 13.9, 0, 1.991, 190.717, 0, 0, 0, 53.859, 1, 0.006, 0.005, 125.6, 37.401, 100, 0, 0, 141, 25.217, 25.217, 5, 0.777, 0, 90.717, 0, 0, 99.397, 38.663, 0, 0.6, 0, 0, 
2.15, 17.928, 100.3, 73.96, 74.75, , 2.268, 0.987, 118.976, 118.976, 1.996, 55.546, 55.546, 55.546, 51.907, 64.5, 35.453, 35.24, 7.377, 12.83, 0, 0, 5.622, 5.69, 5.622, 5.69, 1, 38.409, 38.409, 0.024, 0.135, 14.796, 14.987, 14.796, 14.987, 4.399, 7.377, 12.83, , , 1, 2.25, 0.173, 0, 13.9, 1.996, 190.935, 0, 0, 0, 53.967, 5.418, 5.325, 125.6, 37.562, 100, 0, 0, 25.435, 25.435, 5, 0.779, 90.935, 0, 0, 99.668, 38.799, 0, 0, 0.173, 0, 0, 14, 0, 13.9, 0, 1.996, 190.935, 0, 0, 0, 53.967, 1, 0.006, 0.005, 125.6, 37.562, 100, 0, 0, 141, 25.435, 25.435, 5, 0.779, 0, 90.935, 0, 0, 99.668, 38.799, 0, 0.6, 0, 0, 
2.2, 17.929, 100.3, 73.96, 74.75, , 2.321, 0.987, 121.76, 121.76, 2.002, 56.789, 56.789, 56.789, 51.905, 65.337, 35.593, 35.24, 7.377, 12.758, 0, 0, 5.763, 5.833, 5.763, 5.833, 1, 38.523, 38.523, 0.024, 0.135, 15.127, 15.323, 15.127, 15.323, 4.386, 7.377, 12.758, , , 1, 2.3, 0.129, 0, 13.9, 2.002, 191, 0, 0, 0, 54, 5.384, 5.323, 125.6, 37.64, 100, 0, 0, 25.583, 25.583, 5, 0.78, 91, 0, 0, 99.792, 38.892, 0, 0, 0.129, 0, 0, 14, 0, 13.9, 0, 2.002, 191, 0, 0, 0, 54, 1, 0.005, 0.005, 125.6, 37.64, 100, 0, 0, 141, 25.583, 25.583, 5, 0.78, 0, 91, 0, 0, 99.792, 38.892, 0, 0.6, 0, 0, 
2.25, 17.93, 100.3, 73.96, 74.75, , 2.303, 0.987, 124.574, 124.574, 2.008, 56.367, 56.367, 56.367, 51.9, 66.174, 35.733, 35.24, 7.377, 12.689, 0, 0, 5.737, 5.807, 5.737, 5.807, 1, 38.638, 38.638, 0.024, 0.135, 15.017, 15.211, 15.017, 15.211, 4.38, 7.377, 12.689, , , 1, 2.351, 0.092, 0, 13.9, 2.008, 191, 0, 0, 0, 54, 5.347, 5.319, 125.6, 37.683, 100, 0, 0, 25.702, 25.702, 5, 0.78, 91, 0, 0, 99.851, 38.965, 0, 0, 0.092, 0, 0, 14, 0, 13.9, 0, 2.008, 191, 0, 0, 0, 54, 1, 0.005, 0.005, 125.6, 37.683, 100, 0, 0, 141, 25.702, 25.702, 5, 0.78, 0, 91, 0, 0, 99.851, 38.965, 0, 0.6, 0, 0, 
2.3, 17.931, 100.3, 73.96, 74.75, , 2.297, 0.987, 127.404, 127.404, 2.013, 56.225, 56.225, 56.225, 51.888, 67.011, 35.731, 35.24, 7.377, 12.641, 0, 0, 5.74, 5.81, 5.74, 5.81, 1, 38.752, 38.752, 0.024, 0.135, 14.984, 15.177, 14.984, 15.177, 4.388, 7.377, 12.641, , , 1, 2.401, 0.055, 0, 13.9, 2.013, 191, 0, 0, 0, 54, 5.31, 5.315, 125.6, 37.726, 100, 0, 0, 25.821, 25.821, 5, 0.78, 91, 0, 0, 99.911, 39.039, 0, 0, 0.055, 0, 0, 14, 0, 13.9, 0, 2.013, 191, 0, 0, 0, 54, 1, 0.005, 0.005, 125.6, 37.726, 100, 0, 0, 141, 25.821, 25.821, 5, 0.78, 0, 91, 0, 0, 99.911, 39.039, 0, 0.6, 0, 0, 
2.35, 17.932, 100.3, 73.96, 74.75, , 2.303, 0.987, 130.251, 130.251, 2.019, 56.387, 56.387, 56.387, 51.866, 67.848, 35.657, 35.24, 7.377, 12.596, 0, 0, 5.774, 5.844, 5.774, 5.844, 1, 38.866, 38.866, 0.024, 0.135, 15.034, 15.228, 15.034, 15.228, 4.397, 7.377, 12.596, , , 1, 2.451, 0.018, 0, 13.9, 2.019, 191, 0, 0, 0, 54, 5.273, 5.312, 125.6, 37.769, 100, 0, 0, 25.94, 25.94, 5, 0.78, 91, 0, 0, 99.97, 39.113, 0, 0, 0.018, 0, 0, 14, 0, 13.9, 0, 2.019, 191, 0, 0, 0, 54, 1, 0.005, 0.005, 125.6, 37.769, 100, 0, 0, 141, 25.94, 25.94, 5, 0.78, 0, 91, 0, 0, 99.97, 39.113, 0, 0.6, 0, 0, 
2.4, 17.933, 100.3, 73.96, 74.75, , 2.349, 0.987, 133.098, 133.098, 2.024, 57.465, 57.465, 57.465, 51.84, 68.685, 35.582, 35.24, 7.377, 12.598, 0, 0, 5.902, 5.973, 5.902, 5.973, 1, 38.98, 38.98, 0.024, 0.135, 15.332, 15.528, 15.332, 15.528, 4.406, 7.377, 12.598, , , 1, 2.501, 0, 0, 13.9, 2.024, 191, 0, 0, 0, 54, 5.259, 5.308, 125.6, 37.79, 100, 0, 0, 26.054, 26.054, 5, 0.78, 91.027, 0, 0, 100.027, 39.184, 0, 0, 0, 0, 0, 14, 0, 13.9, 0, 2.024, 191, 0, 0, 0, 54, 1, 0.005, 0.005, 125.6, 37.79, 100, 0, 0, 141, 26.054, 26.054, 5, 0.78, 0, 91.027, 0, 0, 100.027, 39.184, 0, 0.6, 0, 0, 
2.45, 17.934, 100.3, 73.96, 74.75, , 2.4, 0.987, 135.945, 135.945, 2.03, 58.676, 58.676, 58.676, 51.805, 69.523, 35.508, 35.24, 7.377, 12.603, 0, 0, 6.043, 6.117, 6.043, 6.117, 1, 39.1, 39.1, 0.024, 0.135, 15.665, 15.865, 15.665, 15.865, 4.415, 7.377, 12.603, , , 1, 2.551, 0, 0, 13.9, 2.03, 191, 0, 0, 0, 54, 5.266, 5.305, 125.6, 37.79, 100, 0, 0, 26.163, 26.163, 5, 0.78, 91.082, 0, 0, 100.082, 39.251, 0, 0, 0, 0, 0, 14, 0, 13.9, 0, 2.03, 191, 0, 0, 0, 54, 1, 0.005, 0.005, 125.6, 37.79, 100, 0, 0, 141, 26.163, 26.163, 5, 0.78, 0, 91.082, 0, 0, 100.082, 39.251, 0, 0.6, 0, 0, 
2.5, 17.936, 100.3, 73.96, 74.75, , 2.438, 0.987, 138.792, 138.792, 2.036, 59.581, 59.581, 59.581, 51.776, 70.36, 35.433, 35.24, 7.377, 12.651, 0, 0, 6.155, 6.231, 6.155, 6.231, 1, 39.221, 39.221, 0.024, 0.135, 15.915, 16.117, 15.915, 16.117, 4.434, 7.377, 12.651, , , 1, 2.6, 0, 0, 13.9, 2.036, 191, 0, 0, 0, 54, 5.274, 5.302, 125.6, 37.79, 100, 0, 0, 26.272, 26.272, 5, 0.78, 91.136, 0, 0, 100.136, 39.318, 0, 0, 0, 0, 0, 14, 0, 13.9, 0, 2.036, 191, 0, 0, 0, 54, 1, 0.005, 0.005, 125.6, 37.79, 100, 0, 0, 141, 26.272, 26.272, 5, 0.78, 0, 91.136, 0, 0, 100.136, 39.318, 0, 0.6, 0, 0, 
2.55, 17.937, 100.3, 73.96, 74.75, , 2.439, 0.987, 141.659, 141.659, 2.041, 59.624, 59.624, 59.624, 51.756, 71.197, 35.45, 35.24, 7.377, 12.7, 0, 0, 6.178, 6.254, 6.178, 6.254, 1, 39.343, 39.343, 0.024, 0.135, 15.932, 16.134, 15.932, 16.134, 4.452, 7.377, 12.7, , , 1, 2.65, 0, 0, 13.9, 2.041, 191, 0, 0, 0, 54, 5.282, 5.299, 125.6, 37.79, 100, 0, 0, 26.38, 26.38, 5, 0.78, 91.19, 0, 0, 100.19, 39.386, 0, 0, 0, 0, 0, 14, 0, 13.9, 0, 2.041, 191, 0, 0, 0, 54, 1, 0.005, 0.005, 125.6, 37.79, 100, 0, 0, 141, 26.38, 26.38, 5, 0.78, 0, 91.19, 0, 0, 100.19, 39.386, 0, 0.6, 0, 0, 
2.6, 17.938, 100.3, 73.96, 74.75, , 2.41, 0.987, 144.543, 144.543, 2.047, 58.935, 58.935, 58.935, 51.747, 72.034, 35.486, 35.24, 7.378, 12.767, 0, 0, 6.124, 6.201, 6.124, 6.201, 1, 39.464, 39.464, 0.024, 0.135, 15.751, 15.951, 15.751, 15.951, 4.471, 7.378, 12.767, , , 1, 2.701, 0, 0, 13.9, 2.047, 191, 0, 0, 0, 54, 5.289, 5.295, 125.6, 37.79, 100, 0, 0, 26.489, 26.489, 5, 0.78, 91.245, 0, 0, 100.245, 39.453, 0, 0, 0, 0, 0, 14, 0, 13.9, 0, 2.047, 191, 0, 0, 0, 54, 1, 0.005, 0.005, 125.6, 37.79, 100, 0, 0, 141, 26.489, 26.489, 5, 0.78, 0, 91.245, 0, 0, 100.245, 39.453, 0, 0.6, 0, 0, 
2.65, 17.939, 100.3, 73.96, 74.75, , 2.348, 0.987, 147.425, 147.425, 2.05, 57.451, 57.451, 57.451, 51.742, 72.871, 35.522, 35.24, 7.378, 12.835, 0, 0, 5.987, 6.062, 5.987, 6.062, 1, 39.59, 39.59, 0.024, 0.135, 15.352, 15.547, 15.352, 15.547, 4.49, 7.378, 12.835, , , 1, 2.751, 0, 0, 13.9, 2.05, 191.188, 0, 0, 0, 54, 5.301, 5.29, 125.6, 37.756, 100, 0, 0, 26.594, 26.594, 5, 0.78, 91.297, 0, 0, 100.297, 39.518, 0, 0, 0, 0, 0, 14, 0, 13.9, 0, 2.05, 191.188, 0, 0, 0, 54, 1, 0.005, 0.005, 125.6, 37.756, 100, 0, 0, 141, 26.594, 26.594, 5, 0.78, 0, 91.297, 0, 0, 100.297, 39.518, 0, 0.6, 0, 0, 
2.7, 17.94, 100.3, 73.96, 74.75, , 2.316, 0.987, 150.739, 150.739, 2.054, 56.692, 56.692, 56.692, 51.731, 73.708, 35.558, 35.24, 7.379, 12.887, 0, 0, 5.929, 6.003, 5.929, 6.003, 1, 39.761, 39.761, 0.024, 0.135, 15.15, 15.342, 15.15, 15.342, 4.504, 7.379, 12.887, , , 1, 2.801, 0, 0, 13.9, 2.054, 191.396, 0, 0, 0, 54, 5.314, 5.285, 125.6, 37.719, 100, 0, 0, 26.698, 26.698, 5, 0.78, 91.349, 0, 0, 100.349, 39.583, 0, 0, 0, 0, 0, 14, 0, 13.9, 0, 2.054, 191.396, 0, 0, 0, 54, 1, 0.005, 0.005, 125.6, 37.719, 100, 0, 0, 141, 26.698, 26.698, 5, 0.78, 0, 91.349, 0, 0, 100.349, 39.583, 0, 0.6, 0, 0, 
2.75, 17.941, 100.3, 73.96, 74.75, , 2.362, 0.987, 155.063, 155.063, 2.057, 57.787, 57.787, 57.787, 51.711, 74.545, 35.594, 35.24, 7.379, 12.94, 0, 0, 6.072, 6.147, 6.072, 6.147, 1, 39.906, 39.906, 0.024, 0.135, 15.451, 15.649, 15.451, 15.649, 4.516, 7.379, 12.94, , , 1, 2.851, 0, 0, 13.9, 2.057, 191.604, 0, 0, 0, 54, 5.326, 5.28, 125.6, 37.681, 100, 0, 0, 26.802, 26.802, 5, 0.78, 91.401, 0, 0, 100.401, 39.647, 0, 0, 0, 0, 0, 14, 0, 13.9, 0, 2.057, 191.604, 0, 0, 0, 54, 1, 0.005, 0.005, 125.6, 37.681, 100, 0, 0, 141, 26.802, 26.802, 5, 0.78, 0, 91.401, 0, 0, 100.401, 39.647, 0, 0.6, 0, 0, 
2.8, 17.942, 100.3, 73.96, 74.75, , 2.416, 0.987, 158.432, 158.432, 2.06, 59.084, 59.084, 59.084, 51.681, 75.382, 35.541, 35.535, 7.38, 12.964, 0, 0, 6.23, 6.307, 6.23, 6.307, 1, 40.023, 40.023, 0.024, 0.135, 15.81, 16.013, 15.81, 16.013, 4.528, 7.38, 12.964, , , 1, 2.901, 0, 0, 13.9, 2.06, 191.812, 0, 0, 0, 54, 5.339, 5.275, 125.6, 37.644, 100, 0, 0, 26.906, 26.906, 5, 0.78, 91.453, 0, 0, 100.453, 39.712, 0, 0, 0, 0, 0, 14, 0, 13.9, 0, 2.06, 191.812, 0, 0, 0, 54, 1, 0.005, 0.005, 125.6, 37.644, 100, 0, 0, 141, 26.906, 26.906, 5, 0.78, 0, 91.453, 0, 0, 100.453, 39.712, 0, 0.6, 0, 0, 
2.85, 17.944, 100.3, 73.96, 74.75, , 2.475, 0.987, 161.35, 161.35, 2.064, 60.472, 60.472, 60.472, 51.634, 76.219, 35.469, 35.895, 7.38, 12.988, 0, 0, 6.395, 6.476, 6.395, 6.476, 1, 40.145, 40.145, 0.024, 0.135, 16.195, 16.403, 16.195, 16.403, 4.54, 7.38, 12.988, , , 1, 2.951, 0, 0, 13.901, 2.064, 192, 0, 0, 0, 54, 5.349, 5.27, 125.6, 37.605, 100, 0, 0, 27.013, 27.013, 5.007, 0.78, 91.524, 0, 0, 100.527, 39.787, 0, 0, 0, 0, 0, 14, 0, 13.901, 0, 2.064, 192, 0, 0, 0, 54, 1, 0.005, 0.005, 125.6, 37.605, 100, 0, 0, 141, 27.013, 27.013, 5.007, 0.78, 0, 91.524, 0, 0, 100.527, 39.787, 0, 0.6, 0, 0, 
2.9, 17.945, 100.3, 73.96, 74.75, , 2.531, 0.987, 164.269, 164.269, 2.071, 61.808, 61.808, 61.808, 51.58, 77.056, 35.397, 36.255, 7.38, 12.995, 0, 0, 6.556, 6.638, 6.556, 6.638, 1, 40.268, 40.268, 0.024, 0.135, 16.572, 16.784, 16.572, 16.784, 4.544, 7.38, 12.995, , , 1, 3.001, 0, 0, 13.907, 2.071, 192, 0, 0, 0, 54, 5.337, 5.274, 125.6, 37.555, 100, 0, 0, 27.148, 27.148, 5.074, 0.783, 91.759, 0, 0, 100.796, 39.954, 0, 0, 0, 0, 0, 14, 0, 13.907, 0, 2.071, 192, 0, 0, 0, 54, 1, 0.005, 0.005, 125.6, 37.555, 100, 0, 0, 141, 27.148, 27.148, 5.074, 0.783, 0, 91.759, 0, 0, 100.796, 39.954, 0, 0.6, 0, 0, 
2.95, 17.946, 100.3, 73.96, 74.75, , 2.551, 0.987, 167.206, 167.206, 2.078, 62.279, 62.279, 62.279, 51.516, 77.893, 35.325, 36.615, 7.379, 13.003, 0, 0, 6.626, 6.708, 6.626, 6.708, 1, 40.397, 40.397, 0.024, 0.135, 16.715, 16.929, 16.715, 16.929, 4.543, 7.379, 13.003, , , 1, 3.051, 0, 0, 13.914, 2.078, 192, 0, 0, 0, 54, 5.325, 5.278, 125.6, 37.505, 100, 0, 0, 27.283, 27.283, 5.142, 0.786, 91.995, 0, 0, 101.066, 40.121, 0, 0, 0, 0, 0, 14, 0, 13.914, 0, 2.078, 192, 0, 0, 0, 54, 1, 0.005, 0.005, 125.6, 37.505, 100, 0, 0, 141, 27.283, 27.283, 5.142, 0.786, 0, 91.995, 0, 0, 101.066, 40.121, 0, 0.6, 0, 0, 
3, 17.947, 100.3, 73.96, 74.75, , 2.531, 0.987, 170.161, 170.161, 2.085, 61.814, 61.814, 61.814, 51.477, 78.73, 35.253, 36.975, 7.379, 13.004, 0, 0, 6.596, 6.678, 6.596, 6.678, 1, 40.521, 40.521, 0.024, 0.135, 16.606, 16.816, 16.606, 16.816, 4.541, 7.379, 13.004, , , 1, 3.101, 0, 0, 13.921, 2.085, 192, 0, 0, 0, 54, 5.312, 5.283, 125.6, 37.455, 100, 0, 0, 27.418, 27.418, 5.209, 0.788, 92.231, 0, 0, 101.336, 40.288, 0, 0, 0, 0, 0, 14, 0, 13.921, 0, 2.085, 192, 0, 0, 0, 54, 1, 0.005, 0.005, 125.6, 37.455, 100, 0, 0, 141, 27.418, 27.418, 5.209, 0.788, 0, 92.231, 0, 0, 101.336, 40.288, 0, 0.6, 0, 0, 
3.05, 17.948, 100.3, 73.96, 74.75, , 2.516, 0.987, 173.117, 173.117, 2.092, 61.47, 61.47, 61.47, 51.451, 79.567, 35.122, 36.774, 7.378, 13.004, 0, 0, 6.578, 6.662, 6.578, 6.662, 1, 40.645, 40.645, 0.024, 0.135, 16.52, 16.728, 16.52, 16.728, 4.539, 7.378, 13.004, , , 1, 3.151, 0, 0, 13.928, 2.092, 192, 0, 0, 0, 54, 5.3, 5.287, 125.6, 37.406, 100, 0, 0, 27.553, 27.553, 5.276, 0.791, 92.467, 0, 0, 101.605, 40.455, 0, 0, 0, 0, 0, 14, 0, 13.928, 0, 2.092, 192, 0, 0, 0, 54, 1, 0.005, 0.005, 125.6, 37.406, 100, 0, 0, 141, 27.553, 27.553, 5.276, 0.791, 0, 92.467, 0, 0, 101.605, 40.455, 0, 0.6, 0, 0, 
3.1, 17.949, 100.3, 73.96, 74.75, , 2.511, 0.987, 176.073, 176.073, 2.099, 61.336, 61.336, 61.336, 51.457, 80.405, 34.978, 36.45, 7.378, 13.004, 0, 0, 6.584, 6.669, 6.584, 6.669, 1, 40.772, 40.772, 0.024, 0.135, 16.484, 16.692, 16.484, 16.692, 4.534, 7.378, 13.004, , , 1, 3.201, 0, 0, 13.934, 2.099, 192, 0, 0, 0, 54, 5.288, 5.291, 125.6, 37.356, 100, 0, 0, 27.687, 27.687, 5.344, 0.794, 92.703, 0, 0, 101.875, 40.622, 0, 0, 0, 0, 0, 14, 0, 13.934, 0, 2.099, 192, 0, 0, 0, 54, 1, 0.005, 0.005, 125.6, 37.356, 100, 0, 0, 141, 27.687, 27.687, 5.344, 0.794, 0, 92.703, 0, 0, 101.875, 40.622, 0, 0.6, 0, 0, 
3.15, 17.95, 100.3, 73.96, 74.75, , 2.522, 0.987, 179.029, 179.029, 2.106, 61.621, 61.621, 61.621, 51.483, 81.242, 34.834, 36.126, 7.377, 13.004, 0, 0, 6.636, 6.721, 6.636, 6.721, 1, 40.898, 40.898, 0.024, 0.135, 16.552, 16.762, 16.552, 16.762, 4.519, 7.377, 13.004, , , 1, 3.251, 0, 0, 13.941, 2.106, 192, 0, 0, 0, 54, 5.276, 5.295, 125.6, 37.306, 100, 0, 0, 27.822, 27.822, 5.411, 0.796, 92.939, 0, 0, 102.144, 40.789, 0, 0, 0, 0, 0, 14, 0, 13.941, 0, 2.106, 192, 0, 0, 0, 54, 1, 0.005, 0.005, 125.6, 37.306, 100, 0, 0, 141, 27.822, 27.822, 5.411, 0.796, 0, 92.939, 0, 0, 102.144, 40.789, 0, 0.6, 0, 0, 
3.2, 17.95, 100.3, 73.96, 74.75, , 2.516, 0.987, 182.013, 182.013, 2.113, 61.47, 61.47, 61.47, 51.526, 82.079, 34.69, 35.802, 7.378, 13.006, 0, 0, 6.641, 6.726, 6.641, 6.726, 1, 41.022, 41.022, 0.024, 0.135, 16.498, 16.708, 16.498, 16.708, 4.505, 7.378, 13.006, , , 1, 3.301, 0, 0, 13.948, 2.113, 192, 0, 0, 0, 54, 5.264, 5.299, 125.6, 37.256, 100, 0, 0, 27.957, 27.957, 5.478, 0.799, 93.175, 0, 0, 102.414, 40.957, 0, 0, 0, 0, 0, 14, 0, 13.948, 0, 2.113, 192, 0, 0, 0, 54, 1, 0.005, 0.005, 125.6, 37.256, 100, 0, 0, 141, 27.957, 27.957, 5.478, 0.799, 0, 93.175, 0, 0, 102.414, 40.957, 0, 0.6, 0, 0, 
3.25, 17.95, 100.3, 73.96, 74.75, , 2.495, 0.987, 185.008, 185.008, 2.118, 60.965, 60.965, 60.965, 51.584, 82.916, 34.546, 35.478, 7.378, 13.009, 0, 0, 6.605, 6.69, 6.605, 6.69, 1, 41.148, 41.148, 0.024, 0.135, 16.346, 16.555, 16.346, 16.555, 4.49, 7.378, 13.009, , , 1, 3.35, 0, 0, 13.958, 2.118, 192, 0, 0, 0, 54, 5.255, 5.297, 125.6, 37.24, 100, 0, 0, 28.078, 28.078, 5.578, 0.8, 93.289, 0, 0, 102.5, 41.106, 0, 0, 0, 0, 0, 14, 0, 13.958, 0, 2.118, 192, 0, 0, 0, 54, 1, 0.005, 0.005, 125.6, 37.24, 100, 0, 0, 141, 28.078, 28.078, 5.578, 0.8, 0, 93.289, 0, 0, 102.5, 41.106, 0, 0.6, 0, 0, 
3.3, 17.95, 100.3, 73.96, 74.75, , 2.435, 0.987, 188.001, 188.001, 2.123, 59.546, 59.546, 59.546, 51.64, 83.753, 34.55, 35.715, 7.379, 13.014, 0, 0, 6.469, 6.552, 6.469, 6.552, 1, 41.271, 41.271, 0.024, 0.136, 15.949, 16.155, 15.949, 16.155, 4.478, 7.379, 13.014, , , 1, 3.4, 0, 0, 13.969, 2.123, 192, 0, 0, 0, 54, 5.248, 5.292, 125.6, 37.24, 100, 0, 0, 28.192, 28.192, 5.692, 0.8, 93.346, 0, 0, 102.5, 41.248, 0, 0, 0, 0, 0, 14, 0, 13.969, 0, 2.123, 192, 0, 0, 0, 54, 1, 0.005, 0.005, 125.6, 37.24, 100, 0, 0, 141, 28.192, 28.192, 5.692, 0.8, 0, 93.346, 0, 0, 102.5, 41.248, 0, 0.6, 0, 0, 
3.35, 17.95, 100.3, 73.96, 74.75, , 2.44, 0.987, 191.019, 191.019, 2.128, 59.667, 59.667, 59.667, 51.69, 84.59, 34.586, 36.075, 7.381, 13.02, 0, 0, 6.502, 6.586, 6.502, 6.586, 1, 41.393, 41.393, 0.024, 0.135, 15.966, 16.173, 15.966, 16.173, 4.48, 7.381, 13.02, , , 1, 3.451, 0, 0, 13.981, 2.128, 192, 0, 0, 0, 54, 5.242, 5.288, 125.6, 37.24, 100, 0, 0, 28.306, 28.306, 5.806, 0.8, 93.403, 0, 0, 102.5, 41.389, 0, 0, 0, 0, 0, 14, 0, 13.981, 0, 2.128, 192, 0, 0, 0, 54, 1, 0.005, 0.005, 125.6, 37.24, 100, 0, 0, 141, 28.306, 28.306, 5.806, 0.8, 0, 93.403, 0, 0, 102.5, 41.389, 0, 0.6, 0, 0, 
3.4, 17.95, 100.3, 73.96, 74.75, , 2.478, 0.987, 194.051, 194.051, 2.133, 60.57, 60.57, 60.57, 51.72, 85.427, 34.622, 36.435, 7.382, 13.03, 0, 0, 6.621, 6.706, 6.621, 6.706, 1, 41.515, 41.515, 0.024, 0.135, 16.194, 16.404, 16.194, 16.404, 4.482, 7.382, 13.03, , , 1, 3.501, 0, 0, 13.992, 2.133, 192, 0, 0, 0, 54, 5.235, 5.283, 125.6, 37.24, 100, 0, 0, 28.42, 28.42, 5.92, 0.8, 93.46, 0, 0, 102.5, 41.531, 0, 0, 0, 0, 0, 14, 0, 13.992, 0, 2.133, 192, 0, 0, 0, 54, 1, 0.005, 0.005, 125.6, 37.24, 100, 0, 0, 141, 28.42, 28.42, 5.92, 0.8, 0, 93.46, 0, 0, 102.5, 41.531, 0, 0.6, 0, 0, 
3.45, 17.95, 100.3, 73.96, 74.75, , 2.438, 0.987, 197.084, 197.084, 2.14, 59.635, 59.635, 59.635, 51.74, 86.264, 34.658, 36.795, 7.384, 13.04, 0, 0, 6.538, 6.623, 6.538, 6.623, 1, 41.636, 41.636, 0.024, 0.135, 15.938, 16.144, 15.938, 16.144, 4.484, 7.384, 13.04, , , 1, 3.551, 0, 0, 14, 2.14, 192, 0, 0, 0, 54.03, 5.238, 5.288, 125.6, 37.24, 100, 0, 0, 28.575, 28.575, 6, 0.801, 93.545, 0, 0, 102.56, 41.686, 0, 0, 0, 0, 0, 14, 0, 14, 0, 2.14, 192, 0, 0, 0, 54.03, 1, 0.005, 0.005, 125.6, 37.24, 100, 0, 0, 141, 28.575, 28.575, 6, 0.801, 0, 93.545, 0, 0, 102.56, 41.686, 0, 0.6, 0, 0, 
3.5, 17.95, 100.3, 73.96, 74.75, , 2.416, 0.987, 200.116, 200.116, 2.15, 59.102, 59.102, 59.102, 51.748, 87.101, 34.694, 37.155, 7.384, 13.045, 0, 0, 6.498, 6.584, 6.498, 6.584, 1, 41.756, 41.756, 0.024, 0.135, 15.79, 15.995, 15.79, 15.995, 4.486, 7.384, 13.045, , , 1, 3.601, 0, 0, 14, 2.15, 192, 0, 0, 0, 54.13, 5.266, 5.314, 125.6, 37.24, 100, 0, 0, 28.825, 28.825, 6, 0.805, 93.695, 0, 0, 102.76, 41.872, 0, 0, 0, 0, 0, 14, 0, 14, 0, 2.15, 192, 0, 0, 0, 54.13, 1, 0.005, 0.005, 125.6, 37.24, 100, 0, 0, 141, 28.825, 28.825, 6, 0.805, 0, 93.695, 0, 0, 102.76, 41.872, 0, 0.6, 0, 0, 
3.55, 17.95, 100.3, 73.96, 74.75, , 2.407, 0.987, 203.148, 203.148, 2.16, 58.91, 58.91, 58.91, 51.759, 87.938, 34.818, 36.925, 7.384, 13.05, 0, 0, 6.495, 6.582, 6.495, 6.582, 1, 41.876, 41.876, 0.024, 0.135, 15.735, 15.94, 15.735, 15.94, 4.504, 7.384, 13.05, , , 1, 3.651, 0, 0, 14, 2.16, 192, 0, 0, 0, 54.23, 5.294, 5.34, 125.6, 37.24, 100, 0, 0, 29.075, 29.075, 6, 0.809, 93.845, 0, 0, 102.96, 42.058, 0, 0, 0, 0, 0, 14, 0, 14, 0, 2.16, 192, 0, 0, 0, 54.23, 1, 0.005, 0.005, 125.6, 37.24, 100, 0, 0, 141, 29.075, 29.075, 6, 0.809, 0, 93.845, 0, 0, 102.96, 42.058, 0, 0.6, 0, 0, 
3.6, 17.95, 100.3, 73.96, 74.75, , 2.528, 0.987, 206.181, 206.181, 2.17, 61.772, 61.772, 61.772, 51.768, 88.775, 34.962, 36.565, 7.383, 13.056, 0, 0, 6.831, 6.921, 6.831, 6.921, 1, 41.998, 41.998, 0.024, 0.135, 16.498, 16.713, 16.498, 16.713, 4.525, 7.383, 13.056, , , 1, 3.701, 0, 0, 14, 2.17, 192, 0, 0, 0, 54.33, 5.322, 5.366, 125.6, 37.24, 100, 0, 0, 29.325, 29.325, 6, 0.813, 93.995, 0, 0, 103.16, 42.244, 0, 0, 0, 0, 0, 14, 0, 14, 0, 2.17, 192, 0, 0, 0, 54.33, 1, 0.005, 0.005, 125.6, 37.24, 100, 0, 0, 141, 29.325, 29.325, 6, 0.813, 0, 93.995, 0, 0, 103.16, 42.244, 0, 0.6, 0, 0, 
3.65, 17.95, 100.3, 73.96, 74.75, , 2.564, 0.987, 209.231, 209.231, 2.18, 62.625, 62.625, 62.625, 51.77, 89.612, 35.106, 36.205, 7.381, 13.061, 0, 0, 6.945, 7.036, 6.945, 7.036, 1, 42.125, 42.125, 0.024, 0.135, 16.725, 16.943, 16.725, 16.943, 4.546, 7.381, 13.061, , , 1, 3.751, 0, 0, 14, 2.18, 192, 0, 0, 0, 54.43, 5.35, 5.392, 125.6, 37.24, 100, 0, 0, 29.575, 29.575, 6, 0.817, 94.145, 0, 0, 103.36, 42.43, 0, 0, 0, 0, 0, 14, 0, 14, 0, 2.18, 192, 0, 0, 0, 54.43, 1, 0.005, 0.005, 125.6, 37.24, 100, 0, 0, 141, 29.575, 29.575, 6, 0.817, 0, 94.145, 0, 0, 103.36, 42.43, 0, 0.6, 0, 0, 
3.7, 17.95, 100.3, 73.96, 74.75, , 2.508, 0.987, 212.304, 212.304, 2.188, 61.302, 61.302, 61.302, 51.775, 90.449, 35.25, 35.845, 7.38, 13.065, 0, 0, 6.82, 6.908, 6.82, 6.908, 1, 42.25, 42.25, 0.024, 0.135, 16.371, 16.584, 16.371, 16.584, 4.567, 7.38, 13.065, , , 1, 3.8, 0, 0, 14, 2.188, 192, 0, 0, 0, 54.531, 5.37, 5.408, 125.6, 37.24, 100, 0, 0, 29.766, 29.766, 6, 0.82, 94.297, 0, 0, 103.562, 42.579, 0, 0, 0, 0, 0, 14, 0, 14, 0, 2.188, 192, 0, 0, 0, 54.531, 1, 0.005, 0.005, 125.6, 37.24, 100, 0, 0, 141, 29.766, 29.766, 6, 0.82, 0, 94.297, 0, 0, 103.562, 42.579, 0, 0.6, 0, 0, 
3.75, 17.95, 100.3, 73.96, 74.75, , 2.514, 0.987, 215.415, 215.415, 2.191, 61.459, 61.459, 61.459, 51.78, 91.287, 35.394, 35.485, 7.378, 13.069, 0, 0, 6.858, 6.945, 6.858, 6.945, 1, 42.375, 42.375, 0.024, 0.135, 16.413, 16.625, 16.413, 16.625, 4.581, 7.378, 13.069, , , 1, 3.85, 0, 0, 14, 2.191, 192, 0, 0, 0, 54.635, 5.37, 5.402, 125.6, 37.24, 100, 0, 0, 29.818, 29.818, 6, 0.82, 94.453, 0, 0, 103.771, 42.644, 0, 0, 0, 0, 0, 14, 0, 14, 0, 2.191, 192, 0, 0, 0, 54.635, 1, 0.005, 0.005, 125.6, 37.24, 100, 0, 0, 141, 29.818, 29.818, 6, 0.82, 0, 94.453, 0, 0, 103.771, 42.644, 0, 0.6, 0, 0, 
3.8, 17.95, 100.3, 73.96, 74.75, , 2.526, 0.987, 218.51, 218.51, 2.194, 61.724, 61.724, 61.724, 51.782, 92.124, 35.479, 35.302, 7.378, 13.073, 0, 0, 6.908, 6.995, 6.908, 6.995, 1, 42.498, 42.498, 0.024, 0.135, 16.484, 16.696, 16.484, 16.696, 4.591, 7.378, 13.073, , , 1, 3.901, 0, 0, 14, 2.194, 192, 0, 0, 0, 54.74, 5.37, 5.396, 125.6, 37.24, 100, 0, 0, 29.87, 29.87, 6, 0.82, 94.609, 0, 0, 103.979, 42.709, 0, 0, 0, 0, 0, 14, 0, 14, 0, 2.194, 192, 0, 0, 0, 54.74, 1, 0.005, 0.005, 125.6, 37.24, 100, 0, 0, 141, 29.87, 29.87, 6, 0.82, 0, 94.609, 0, 0, 103.979, 42.709, 0, 0.6, 0, 0, 
3.85, 17.95, 100.3, 73.96, 74.75, , 2.537, 0.987, 221.582, 221.582, 2.198, 62.005, 62.005, 62.005, 51.778, 92.961, 35.551, 35.158, 7.377, 13.077, 0, 0, 6.961, 7.046, 6.961, 7.046, 1, 42.624, 42.624, 0.024, 0.134, 16.561, 16.771, 16.561, 16.771, 4.602, 7.377, 13.077, , , 1, 3.951, 0, 0, 14, 2.198, 192, 0, 0, 0, 54.844, 5.37, 5.389, 125.6, 37.24, 100, 0, 0, 29.922, 29.922, 6, 0.82, 94.766, 0, 0, 104.188, 42.773, 0, 0, 0, 0, 0, 14, 0, 14, 0, 2.198, 192, 0, 0, 0, 54.844, 1, 0.005, 0.005, 125.6, 37.24, 100, 0, 0, 141, 29.922, 29.922, 6, 0.82, 0, 94.766, 0, 0, 104.188, 42.773, 0, 0.6, 0, 0, 
3.9, 17.95, 100.3, 73.96, 74.75, , 2.516, 0.987, 224.692, 224.692, 2.201, 61.505, 61.505, 61.505, 51.771, 93.798, 35.623, 35.014, 7.377, 13.073, 0, 0, 6.925, 7.01, 6.925, 7.01, 1, 42.75, 42.75, 0.024, 0.134, 16.429, 16.638, 16.429, 16.638, 4.612, 7.377, 13.073, , , 1, 4.001, 0, 0, 14, 2.201, 192, 0, 0, 0, 54.948, 5.37, 5.383, 125.6, 37.24, 100, 0, 0, 29.974, 29.974, 6, 0.82, 94.922, 0, 0, 104.396, 42.838, 0, 0, 0, 0, 0, 14, 0, 14, 0, 2.201, 192, 0, 0, 0, 54.948, 1, 0.005, 0.005, 125.6, 37.24, 100, 0, 0, 141, 29.974, 29.974, 6, 0.82, 0, 94.922, 0, 0, 104.396, 42.838, 0, 0.6, 0, 0, 
3.95, 17.95, 100.3, 73.96, 74.75, , 2.52, 0.987, 227.806, 227.806, 2.206, 61.596, 61.596, 61.596, 51.763, 94.635, 35.695, 34.87, 7.377, 13.067, 0, 0, 6.956, 7.042, 6.956, 7.042, 1, 42.875, 42.875, 0.024, 0.134, 16.456, 16.665, 16.456, 16.665, 4.61, 7.377, 13.067, , , 1, 4.051, 0, 0, 14, 2.206, 192, 0, 0, 0, 55, 5.359, 5.374, 125.427, 37.169, 100, 0, 0, 30.048, 30.048, 6, 0.82, 95, 0, 0, 104.5, 42.931, 0, 0, 0, 0, 0, 14, 0, 14, 0, 2.206, 192, 0, 0, 0, 55, 1, 0.005, 0.005, 125.427, 37.169, 100, 0, 0, 141, 30.048, 30.048, 6, 0.82, 0, 95, 0, 0, 104.5, 42.931, 0, 0.6, 0, 0, 
4, 17.95, 100.3, 73.96, 74.75, , 2.562, 0.987, 230.919, 230.919, 2.212, 62.597, 62.597, 62.597, 51.753, 95.472, 35.767, 34.726, 7.377, 13.054, 0, 0, 7.089, 7.177, 7.089, 7.177, 1, 43.001, 43.001, 0.024, 0.134, 16.726, 16.939, 16.726, 16.939, 4.592, 7.377, 13.054, , , 1, 4.1, 0, 0, 14, 2.212, 192, 0, 0, 0, 55, 5.338, 5.363, 125.081, 37.027, 100, 0, 0, 30.144, 30.144, 6, 0.82, 95, 0, 0, 104.5, 43.052, 0, 0, 0, 0, 0, 14, 0, 14, 0, 2.212, 192, 0, 0, 0, 55, 1, 0.005, 0.005, 125.081, 37.027, 100, 0, 0, 141, 30.144, 30.144, 6, 0.82, 0, 95, 0, 0, 104.5, 43.052, 0, 0.6, 0, 0, 
4.05, 17.95, 100.3, 73.96, 74.75, , 2.552, 0.987, 234.071, 234.071, 2.218, 62.358, 62.358, 62.358, 51.744, 96.309, 35.574, 34.847, 7.377, 13.039, 0, 0, 7.082, 7.169, 7.082, 7.169, 1, 43.128, 43.128, 0.024, 0.134, 16.664, 16.877, 16.664, 16.877, 4.573, 7.377, 13.039, , , 1, 4.151, 0, 0, 14, 2.218, 192, 0, 0, 0, 55, 5.317, 5.351, 124.735, 36.884, 100, 0, 0, 30.24, 30.24, 6, 0.82, 95, 0, 0, 104.5, 43.173, 0, 0, 0, 0, 0, 14, 0, 14, 0, 2.218, 192, 0, 0, 0, 55, 1, 0.005, 0.005, 124.735, 36.884, 100, 0, 0, 141, 30.24, 30.24, 6, 0.82, 0, 95, 0, 0, 104.5, 43.173, 0, 0.6, 0, 0, 
4.1, 17.95, 100.3, 73.96, 74.75, , 2.545, 0.987, 237.226, 237.226, 2.224, 62.194, 62.194, 62.194, 51.741, 97.146, 35.323, 35.026, 7.377, 13.024, 0, 0, 7.083, 7.171, 7.083, 7.171, 1, 43.254, 43.254, 0.024, 0.135, 16.621, 16.834, 16.621, 16.834, 4.555, 7.377, 13.024, , , 1, 4.201, 0, 0, 14, 2.224, 192, 0, 0, 0, 55, 5.296, 5.34, 124.388, 36.742, 100, 0, 0, 30.337, 30.337, 6, 0.82, 95, 0, 0, 104.5, 43.294, 0, 0, 0, 0, 0, 14, 0, 14, 0, 2.224, 192, 0, 0, 0, 55, 1, 0.005, 0.005, 124.388, 36.742, 100, 0, 0, 141, 30.337, 30.337, 6, 0.82, 0, 95, 0, 0, 104.5, 43.294, 0, 0.6, 0, 0, 
4.15, 17.95, 100.3, 73.96, 74.75, , 2.546, 0.987, 240.382, 240.382, 2.23, 62.226, 62.226, 62.226, 51.741, 93.238, 35.072, 35.206, 7.377, 13.01, 0, 0, 7.107, 7.196, 7.107, 7.196, 1, 43.381, 43.381, 0.024, 0.135, 16.63, 16.845, 16.63, 16.845, 4.532, 7.377, 13.01, , , 1, 4.251, 0, 0, 14, 2.23, 192, 0, 0, 0, 55, 5.275, 5.328, 124.042, 36.6, 100, 0, 0, 30.433, 30.433, 6, 0.82, 95, 0, 0, 104.5, 43.415, 0, 0, 0, 0, 0, 14, 0, 14, 0, 2.23, 192, 0, 0, 0, 55, 1, 0.005, 0.005, 124.042, 36.6, 100, 0, 0, 141, 30.433, 30.433, 6, 0.82, 0, 95, 0, 0, 104.5, 43.415, 0, 0.6, 0, 0, 
4.2, 17.95, 100.3, 73.96, 74.75, , 2.517, 0.987, 243.537, 243.537, 2.237, 61.532, 61.532, 61.532, 51.744, 88.426, 34.821, 35.385, 7.377, 13.001, 0, 0, 7.048, 7.136, 7.048, 7.136, 1, 43.508, 43.508, 0.024, 0.135, 16.444, 16.655, 16.444, 16.655, 4.504, 7.377, 13.001, , , 1, 4.301, 0, 0, 14, 2.237, 192, 0, 0, 0, 55, 5.257, 5.314, 123.8, 36.479, 100, 0, 0, 30.572, 30.572, 6, 0.82, 94.957, 0, 0, 104.457, 43.554, 0, 0, 0, 0, 0, 14, 0, 14, 0, 2.237, 192, 0, 0, 0, 55, 1, 0.005, 0.005, 123.8, 36.479, 100, 0, 0, 141, 30.572, 30.572, 6, 0.82, 0, 94.957, 0, 0, 104.457, 43.554, 0, 0.6, 0, 0, 
4.25, 17.95, 100.3, 73.96, 74.75, , 2.473, 0.987, 246.713, 246.713, 2.247, 60.496, 60.496, 60.496, 51.753, 83.614, 34.57, 35.564, 7.377, 12.995, 0, 0, 6.948, 7.036, 6.948, 7.036, 1, 43.632, 43.632, 0.024, 0.135, 16.165, 16.373, 16.165, 16.373, 4.475, 7.377, 12.995, , , 1, 4.351, 0, 0, 14, 2.247, 192, 0, 0, 0, 55, 5.245, 5.294, 123.8, 36.408, 100, 0, 0, 30.812, 30.812, 6, 0.82, 94.812, 0, 0, 104.312, 43.732, 0, 0, 0, 0, 0, 14, 0, 14, 0, 2.247, 192, 0, 0, 0, 55, 1, 0.005, 0.005, 123.8, 36.408, 100, 0, 0, 141, 30.812, 30.812, 6, 0.82, 0, 94.812, 0, 0, 104.312, 43.732, 0, 0.6, 0, 0, 
4.3, 17.95, 100.3, 73.96, 74.75, , 2.417, 0.987, 249.912, 249.912, 2.257, 59.169, 59.169, 59.169, 51.765, 78.802, 34.693, 35.571, 7.377, 12.995, 0, 0, 6.815, 6.903, 6.815, 6.903, 1, 43.754, 43.754, 0.024, 0.135, 15.807, 16.01, 15.807, 16.01, 4.446, 7.377, 12.995, , , 1, 4.401, 0, 0, 14, 2.257, 192, 0, 0, 0, 55, 5.233, 5.274, 123.8, 36.336, 100, 0, 0, 31.053, 31.053, 6, 0.82, 94.668, 0, 0, 104.168, 43.911, 0, 0, 0, 0, 0, 14, 0, 14, 0, 2.257, 192, 0, 0, 0, 55, 1, 0.005, 0.005, 123.8, 36.336, 100, 0, 0, 141, 31.053, 31.053, 6, 0.82, 0, 94.668, 0, 0, 104.168, 43.911, 0, 0.6, 0, 0, 
4.35, 17.95, 100.3, 73.96, 74.75, , 2.456, 0.987, 253.11, 253.11, 2.267, 60.104, 60.104, 60.104, 51.777, 73.99, 34.91, 35.535, 7.377, 12.997, 0, 0, 6.943, 7.033, 6.943, 7.033, 1, 43.875, 43.875, 0.024, 0.135, 16.054, 16.258, 16.054, 16.258, 4.424, 7.377, 12.997, , , 1, 4.451, 0, 0, 14, 2.267, 192, 0, 0, 0, 55, 5.222, 5.253, 123.8, 36.265, 100, 0, 0, 31.293, 31.293, 6, 0.82, 94.524, 0, 0, 104.024, 44.09, 0, 0, 0, 0, 0, 14, 0, 14, 0, 2.267, 192, 0, 0, 0, 55, 1, 0.005, 0.005, 123.8, 36.265, 100, 0, 0, 141, 31.293, 31.293, 6, 0.82, 0, 94.524, 0, 0, 104.024, 44.09, 0, 0.6, 0, 0, 
4.4, 17.95, 100.3, 73.96, 74.75, , 2.478, 0.987, 256.309, 256.309, 2.277, 60.61, 60.61, 60.61, 51.786, 69.177, 35.127, 35.499, 7.377, 13.001, 0, 0, 7.022, 7.112, 7.022, 7.112, 1, 43.998, 43.998, 0.024, 0.135, 16.186, 16.391, 16.186, 16.391, 4.431, 7.377, 13.001, , , 1, 4.501, 0, 0, 14, 2.277, 192, 0, 0, 0, 55, 5.21, 5.233, 123.8, 36.194, 100, 0, 0, 31.534, 31.534, 6, 0.82, 94.38, 0, 0, 103.88, 44.269, 0, 0, 0, 0, 0, 14, 0, 14, 0, 2.277, 192, 0, 0, 0, 55, 1, 0.005, 0.005, 123.8, 36.194, 100, 0, 0, 141, 31.534, 31.534, 6, 0.82, 0, 94.38, 0, 0, 103.88, 44.269, 0, 0.6, 0, 0, 
4.45, 17.95, 100.3, 73.96, 74.75, , 2.49, 0.987, 259.507, 259.507, 2.287, 60.903, 60.903, 60.903, 51.793, 64.365, 35.344, 35.463, 7.377, 13.006, 0, 0, 7.076, 7.166, 7.076, 7.166, 1, 44.121, 44.121, 0.024, 0.135, 16.262, 16.468, 16.262, 16.468, 4.438, 7.377, 13.006, , , 1, 4.55, 0, 0, 14, 2.287, 192, 0, 0, 0, 55.01, 5.199, 5.215, 123.8, 36.13, 100, 0, 0, 31.76, 31.76, 6, 0.82, 94.25, 0, 0, 103.75, 44.443, 0, 0, 0, 0, 0, 14, 0, 14, 0, 2.287, 192, 0, 0, 0, 55.01, 1, 0.005, 0.005, 123.8, 36.13, 100, 0, 0, 141, 31.76, 31.76, 6, 0.82, 0, 94.25, 0, 0, 103.75, 44.443, 0, 0.6, 0, 0, 
4.5, 17.95, 100.3, 73.96, 74.75, , 2.549, 0.987, 262.706, 262.706, 2.294, 62.307, 62.307, 62.307, 51.799, 59.553, 35.561, 35.427, 7.377, 13.013, 0, 0, 7.259, 7.353, 7.259, 7.353, 1, 44.246, 44.246, 0.024, 0.135, 16.636, 16.846, 16.636, 16.846, 4.445, 7.377, 13.013, , , 1, 4.601, 0, 0, 14, 2.294, 192, 0, 0, 0, 55.115, 5.193, 5.215, 123.8, 36.13, 100, 0, 0, 31.865, 31.865, 6, 0.822, 94.25, 0, 0, 103.75, 44.572, 0, 0, 0, 0, 0, 14, 0, 14, 0, 2.294, 192, 0, 0, 0, 55.115, 1, 0.005, 0.005, 123.8, 36.13, 100, 0, 0, 141, 31.865, 31.865, 6, 0.822, 0, 94.25, 0, 0, 103.75, 44.572, 0, 0.6, 0, 0, 
4.55, 17.95, 100.3, 73.96, 74.75, , 2.576, 0.987, 265.933, 265.933, 2.3, 62.945, 62.945, 62.945, 51.802, 54.741, 35.541, 35.45, 7.378, 13.022, 0, 0, 7.353, 7.448, 7.353, 7.448, 1, 44.372, 44.372, 0.024, 0.134, 16.804, 17.018, 16.804, 17.018, 4.452, 7.378, 13.022, , , 1, 4.651, 0, 0, 14, 2.3, 192, 0, 0, 0, 55.219, 5.187, 5.215, 123.8, 36.13, 100, 0, 0, 31.969, 31.969, 6, 0.824, 94.25, 0, 0, 103.75, 44.701, 0, 0, 0, 0, 0, 14, 0, 14, 0, 2.3, 192, 0, 0, 0, 55.219, 1, 0.005, 0.005, 123.8, 36.13, 100, 0, 0, 141, 31.969, 31.969, 6, 0.824, 0, 94.25, 0, 0, 103.75, 44.701, 0, 0.6, 0, 0, 
4.6, 17.95, 100.3, 73.96, 74.75, , 2.575, 0.987, 269.176, 269.176, 2.307, 62.942, 62.942, 62.942, 51.806, 49.929, 35.469, 35.486, 7.379, 13.031, 0, 0, 7.372, 7.467, 7.372, 7.467, 1, 44.501, 44.501, 0.024, 0.134, 16.802, 17.017, 16.802, 17.017, 4.483, 7.379, 13.031, , , 1, 4.701, 0, 0, 14, 2.307, 192, 0, 0, 0, 55.323, 5.181, 5.215, 123.8, 36.13, 100, 0, 0, 32.073, 32.073, 6, 0.826, 94.25, 0, 0, 103.75, 44.83, 0, 0, 0, 0, 0, 14, 0, 14, 0, 2.307, 192, 0, 0, 0, 55.323, 1, 0.005, 0.005, 123.8, 36.13, 100, 0, 0, 141, 32.073, 32.073, 6, 0.826, 0, 94.25, 0, 0, 103.75, 44.83, 0, 0.6, 0, 0, 
4.65, 17.95, 100.3, 73.96, 74.75, , 2.54, 0.987, 272.419, 272.419, 2.314, 62.1, 62.1, 62.1, 51.812, 45.117, 35.397, 35.522, 7.38, 13.042, 0, 0, 7.294, 7.389, 7.294, 7.389, 1, 44.628, 44.628, 0.024, 0.134, 16.575, 16.788, 16.575, 16.788, 4.515, 7.38, 13.042, , , 1, 4.751, 0, 0, 14, 2.314, 192, 0, 0, 0, 55.427, 5.174, 5.215, 123.8, 36.13, 100, 0, 0, 32.177, 32.177, 6, 0.829, 94.25, 0, 0, 103.75, 44.96, 0, 0, 0, 0, 0, 14, 0, 14, 0, 2.314, 192, 0, 0, 0, 55.427, 1, 0.005, 0.005, 123.8, 36.13, 100, 0, 0, 141, 32.177, 32.177, 6, 0.829, 0, 94.25, 0, 0, 103.75, 44.96, 0, 0.6, 0, 0, 
4.7, 17.95, 100.3, 73.96, 74.75, , 2.545, 0.987, 275.696, 275.696, 2.32, 62.229, 62.229, 62.229, 51.82, 40.305, 35.325, 35.558, 7.382, 13.057, 0, 0, 7.33, 7.426, 7.33, 7.426, 1, 44.753, 44.753, 0.024, 0.134, 16.606, 16.821, 16.606, 16.821, 4.547, 7.382, 13.057, , , 1, 4.801, 0, 0, 14, 2.32, 192, 0, 0, 0, 55.531, 5.171, 5.22, 123.8, 36.13, 100, 0, 0, 32.266, 32.266, 6, 0.831, 94.266, 0, 0, 103.766, 45.069, 0, 0, 0, 0, 0, 14, 0, 14, 0, 2.32, 192, 0, 0, 0, 55.531, 1, 0.005, 0.005, 123.8, 36.13, 100, 0, 0, 141, 32.266, 32.266, 6, 0.831, 0, 94.266, 0, 0, 103.766, 45.069, 0, 0.6, 0, 0, 
4.75, 17.95, 100.3, 73.96, 74.75, , 2.539, 0.987, 278.97, 278.97, 2.324, 62.086, 62.086, 62.086, 51.825, 52.761, 35.253, 35.594, 7.383, 13.077, 0, 0, 7.333, 7.431, 7.333, 7.431, 1, 44.881, 44.881, 0.024, 0.134, 16.564, 16.78, 16.564, 16.78, 4.579, 7.383, 13.077, , , 1, 4.85, 0, 0, 14, 2.324, 192, 0, 0, 0, 55.635, 5.173, 5.238, 123.8, 36.13, 100, 0, 0, 32.318, 32.318, 6, 0.833, 94.318, 0, 0, 103.818, 45.134, 0, 0, 0, 0, 0, 14, 0, 14, 0, 2.324, 192, 0, 0, 0, 55.635, 1, 0.005, 0.005, 123.8, 36.13, 100, 0, 0, 141, 32.318, 32.318, 6, 0.833, 0, 94.318, 0, 0, 103.818, 45.134, 0, 0.6, 0, 0, 
4.8, 17.95, 100.3, 73.96, 74.75, , 2.485, 0.987, 282.213, 282.213, 2.327, 60.817, 60.817, 60.817, 51.83, 56.447, 35.122, 35.689, 7.384, 13.096, 0, 0, 7.203, 7.301, 7.203, 7.301, 1, 45.006, 45.006, 0.024, 0.134, 16.224, 16.435, 16.224, 16.435, 4.604, 7.384, 13.096, , , 1, 4.901, 0, 0, 14, 2.327, 192, 0, 0, 0, 55.74, 5.175, 5.256, 123.8, 36.13, 100, 0, 0, 32.37, 32.37, 6, 0.835, 94.37, 0, 0, 103.87, 45.199, 0, 0, 0, 0, 0, 14, 0, 14, 0, 2.327, 192, 0, 0, 0, 55.74, 1, 0.005, 0.005, 123.8, 36.13, 100, 0, 0, 141, 32.37, 32.37, 6, 0.835, 0, 94.37, 0, 0, 103.87, 45.199, 0, 0.6, 0, 0, 
4.85, 17.95, 100.3, 73.96, 74.75, , 2.516, 0.987, 285.497, 285.497, 2.331, 61.555, 61.555, 61.555, 51.831, 57.118, 34.978, 35.797, 7.384, 13.114, 0, 0, 7.312, 7.41, 7.312, 7.41, 1, 45.13, 45.13, 0.024, 0.135, 16.421, 16.635, 16.421, 16.635, 4.626, 7.384, 13.114, , , 1, 4.951, 0, 0, 14, 2.331, 192, 0, 0, 0, 55.844, 5.177, 5.273, 123.8, 36.13, 100, 0, 0, 32.422, 32.422, 6, 0.837, 94.422, 0, 0, 103.922, 45.263, 0, 0, 0, 0, 0, 14, 0, 14, 0, 2.331, 192, 0, 0, 0, 55.844, 1, 0.005, 0.005, 123.8, 36.13, 100, 0, 0, 141, 32.422, 32.422, 6, 0.837, 0, 94.422, 0, 0, 103.922, 45.263, 0, 0.6, 0, 0, 
4.9, 17.95, 100.3, 73.96, 74.75, , 2.546, 0.987, 288.786, 288.786, 2.334, 62.247, 62.247, 62.247, 51.826, 57.789, 34.834, 35.905, 7.383, 13.132, 0, 0, 7.415, 7.513, 7.415, 7.513, 1, 45.255, 45.255, 0.024, 0.135, 16.608, 16.823, 16.608, 16.823, 4.649, 7.383, 13.132, , , 1, 5, 0, 0, 14, 2.334, 192, 0, 0, 0, 55.948, 5.179, 5.291, 123.8, 36.13, 100, 0, 0, 32.474, 32.474, 6, 0.839, 94.474, 0, 0, 103.974, 45.328, 0, 0, 0, 0, 0, 14, 0, 14, 0, 2.334, 192, 0, 0, 0, 55.948, 1, 0.005, 0.005, 123.8, 36.13, 100, 0, 0, 141, 32.474, 32.474, 6, 0.839, 0, 94.474, 0, 0, 103.974, 45.328, 0, 0.6, 0, 0, 
4.95, 17.95, 100.3, 73.96, 74.75, , 2.559, 0.987, 292.077, 292.077, 2.339, 62.561, 62.561, 62.561, 51.815, 58.461, 34.69, 36.013, 7.382, 13.151, 0, 0, 7.474, 7.571, 7.474, 7.571, 1, 45.381, 45.381, 0.024, 0.135, 16.696, 16.911, 16.696, 16.911, 4.671, 7.382, 13.151, , , 1, 5.05, 0, 0, 14.01, 2.339, 192, 0, 0, 0, 56, 5.174, 5.288, 123.8, 36.13, 100, 0, 0, 32.6, 32.6, 6.1, 0.84, 94.45, 0, 0, 103.95, 45.422, 0, 0, 0, 0, 0, 14, 0, 14.01, 0, 2.339, 192, 0, 0, 0, 56, 1, 0.005, 0.005, 123.8, 36.13, 100, 0, 0, 141, 32.6, 32.6, 6.1, 0.84, 0, 94.45, 0, 0, 103.95, 45.422, 0, 0.59, 0, 0, 
5, 17.95, 100.3, 73.96, 74.75, , 2.516, 0.987, 295.413, 295.413, 2.345, 61.54, 61.54, 61.54, 51.804, 59.132, 34.546, 36.121, 7.381, 13.164, 0, 0, 7.372, 7.468, 7.372, 7.468, 1, 45.508, 45.508, 0.024, 0.135, 16.429, 16.638, 16.429, 16.638, 4.683, 7.381, 13.164, , , 1, 5.101, 0, 0, 14.03, 2.345, 192, 0, 0, 0, 56, 5.162, 5.264, 123.8, 36.13, 100, 0, 0, 32.8, 32.8, 6.3, 0.84, 94.35, 0, 0, 103.85, 45.546, 0, 0, 0, 0, 0, 14, 0, 14.03, 0, 2.345, 192, 0, 0, 0, 56, 1, 0.005, 0.005, 123.8, 36.13, 100, 0, 0, 141, 32.8, 32.8, 6.3, 0.84, 0, 94.35, 0, 0, 103.85, 45.546, 0, 0.57, 0, 0, 
5.05, 17.95, 100.3, 73.96, 74.75, , 2.512, 0.987, 298.75, 298.75, 2.351, 61.447, 61.447, 61.447, 51.793, 59.803, 34.372, 36.465, 7.38, 13.173, 0, 0, 7.382, 7.476, 7.382, 7.476, 1, 45.632, 45.632, 0.024, 0.135, 16.407, 16.616, 16.407, 16.616, 4.687, 7.38, 13.173, , , 1, 5.151, 0, 0, 14.05, 2.351, 192, 0, 0, 0, 56, 5.15, 5.24, 123.8, 36.13, 100, 0, 0, 33, 33, 6.5, 0.84, 94.25, 0, 0, 103.75, 45.67, 0, 0, 0, 0, 0, 14, 0, 14.05, 0, 2.351, 192, 0, 0, 0, 56, 1, 0.005, 0.005, 123.8, 36.13, 100, 0, 0, 141, 33, 33, 6.5, 0.84, 0, 94.25, 0, 0, 103.75, 45.67, 0, 0.55, 0, 0, 
5.1, 17.95, 100.3, 73.96, 74.75, , 2.514, 0.987, 302.086, 302.086, 2.357, 61.503, 61.503, 61.503, 51.782, 60.474, 34.192, 36.861, 7.379, 13.179, 0, 0, 7.41, 7.502, 7.41, 7.502, 1, 45.758, 45.758, 0.024, 0.135, 16.424, 16.633, 16.424, 16.633, 4.69, 7.379, 13.179, , , 1, 5.2, 0, 0, 14.07, 2.357, 192, 0, 0, 0, 56, 5.138, 5.216, 123.8, 36.13, 100, 0, 0, 33.2, 33.2, 6.7, 0.84, 94.15, 0, 0, 103.65, 45.794, 0, 0, 0, 0, 0, 14, 0, 14.07, 0, 2.357, 192, 0, 0, 0, 56, 1, 0.005, 0.005, 123.8, 36.13, 100, 0, 0, 141, 33.2, 33.2, 6.7, 0.84, 0, 94.15, 0, 0, 103.65, 45.794, 0, 0.53, 0, 0, 
5.15, 17.95, 100.3, 73.96, 74.75, , 2.476, 0.987, 305.422, 305.422, 2.363, 60.619, 60.619, 60.619, 51.772, 61.145, 34.012, 37.257, 7.379, 13.183, 0, 0, 7.322, 7.415, 7.322, 7.415, 1, 45.882, 45.882, 0.024, 0.135, 16.19, 16.396, 16.19, 16.396, 4.693, 7.379, 13.183, , , 1, 5.25, 0, 0, 14.09, 2.363, 192, 0, 0, 0, 56, 5.126, 5.192, 123.8, 36.13, 100, 0, 0, 33.4, 33.4, 6.9, 0.84, 94.05, 0, 0, 103.55, 45.918, 0, 0, 0, 0, 0, 14, 0, 14.09, 0, 2.363, 192, 0, 0, 0, 56, 1, 0.005, 0.005, 123.8, 36.13, 100, 0, 0, 141, 33.4, 33.4, 6.9, 0.84, 0, 94.05, 0, 0, 103.55, 45.918, 0, 0.51, 0, 0, 
5.2, 17.95, 100.3, 73.96, 74.75, , 2.481, 0.987, 308.758, 308.758, 2.369, 60.721, 60.721, 60.721, 51.764, 61.817, 33.832, 37.653, 7.38, 13.183, 0, 0, 7.355, 7.447, 7.355, 7.447, 1, 46.005, 46.005, 0.024, 0.135, 16.219, 16.425, 16.219, 16.425, 4.692, 7.38, 13.183, , , 1, 5.3, 0, 0, 14.1, 2.369, 192, 0, 0, 0, 56, 5.107, 5.163, 123.8, 36.093, 100, 0, 0, 33.55, 33.55, 7, 0.84, 93.95, 0, 0, 103.4, 46.042, 0, 0, 0, 0, 0, 14, 0, 14.1, 0, 2.369, 192, 0, 0, 0, 56, 1, 0.005, 0.005, 123.8, 36.093, 100, 0, 0, 141, 33.55, 33.55, 7, 0.84, 0, 93.95, 0, 0, 103.4, 46.042, 0, 0.5, 0, 0, 
5.25, 17.95, 100.3, 73.96, 74.75, , 2.506, 0.987, 312.115, 312.115, 2.375, 61.317, 61.317, 61.317, 51.759, 62.488, 33.652, 38.049, 7.381, 13.181, 0, 0, 7.448, 7.541, 7.448, 7.541, 1, 46.128, 46.128, 0.024, 0.135, 16.379, 16.589, 16.379, 16.589, 4.674, 7.381, 13.181, , , 1, 5.35, 0, 0, 14.1, 2.375, 192, 0, 0, 0, 56, 5.081, 5.129, 123.8, 36.019, 100, 0, 0, 33.65, 33.65, 7, 0.84, 93.85, 0, 0, 103.2, 46.166, 0, 0, 0, 0, 0, 14, 0, 14.1, 0, 2.375, 192, 0, 0, 0, 56, 1, 0.005, 0.005, 123.8, 36.019, 100, 0, 0, 141, 33.65, 33.65, 7, 0.84, 0, 93.85, 0, 0, 103.2, 46.166, 0, 0.5, 0, 0, 
5.3, 17.95, 100.3, 73.96, 74.75, , 2.544, 0.987, 315.495, 315.495, 2.381, 62.236, 62.236, 62.236, 51.756, 63.159, 33.764, 37.689, 7.383, 13.181, 0, 0, 7.58, 7.675, 7.58, 7.675, 1, 46.254, 46.254, 0.024, 0.135, 16.625, 16.84, 16.625, 16.84, 4.657, 7.383, 13.181, , , 1, 5.4, 0, 0, 14.1, 2.381, 192, 0, 0, 0, 56, 5.055, 5.095, 123.8, 35.945, 100, 0, 0, 33.75, 33.75, 7, 0.84, 93.75, 0, 0, 103, 46.29, 0, 0, 0, 0, 0, 14, 0, 14.1, 0, 2.381, 192, 0, 0, 0, 56, 1, 0.005, 0.005, 123.8, 35.945, 100, 0, 0, 141, 33.75, 33.75, 7, 0.84, 0, 93.75, 0, 0, 103, 46.29, 0, 0.5, 0, 0, 
5.35, 17.95, 100.3, 73.96, 74.75, , 2.549, 0.987, 318.831, 318.831, 2.387, 62.341, 62.341, 62.341, 51.756, 63.83, 33.939, 37.164, 7.384, 13.185, 0, 0, 7.613, 7.71, 7.613, 7.71, 1, 46.381, 46.381, 0.024, 0.135, 16.654, 16.869, 16.654, 16.869, 4.64, 7.384, 13.185, , , 1, 5.451, 0, 0, 14.1, 2.387, 192, 0, 0, 0, 56, 5.029, 5.061, 123.8, 35.871, 100, 0, 0, 33.85, 33.85, 7, 0.84, 93.65, 0, 0, 102.8, 46.414, 0, 0, 0, 0, 0, 14, 0, 14.1, 0, 2.387, 192, 0, 0, 0, 56, 1, 0.005, 0.005, 123.8, 35.871, 100, 0, 0, 141, 33.85, 33.85, 7, 0.84, 0, 93.65, 0, 0, 102.8, 46.414, 0, 0.5, 0, 0, 
5.4, 17.95, 100.3, 73.96, 74.75, , 2.643, 0.987, 322.233, 322.233, 2.393, 64.574, 64.574, 64.574, 51.76, 64.501, 34.114, 36.639, 7.385, 13.196, 0, 0, 7.909, 8.01, 7.909, 8.01, 1, 46.508, 46.508, 0.024, 0.135, 17.251, 17.474, 17.251, 17.474, 4.626, 7.385, 13.196, , , 1, 5.501, 0, 0, 14.1, 2.393, 192, 0, 0, 0, 56, 5.003, 5.027, 123.8, 35.797, 100, 0, 0, 33.95, 33.95, 7, 0.84, 93.55, 0, 0, 102.6, 46.538, 0, 0, 0, 0, 0, 14, 0, 14.1, 0, 2.393, 192, 0, 0, 0, 56, 1, 0.005, 0.005, 123.8, 35.797, 100, 0, 0, 141, 33.95, 33.95, 7, 0.84, 0, 93.55, 0, 0, 102.6, 46.538, 0, 0.5, 0, 0, 
5.45, 17.95, 100.3, 73.96, 74.75, , 2.779, 0.987, 325.651, 325.651, 2.402, 67.816, 67.816, 67.816, 51.76, 65.173, 34.289, 36.113, 7.386, 13.215, 0, 0, 8.332, 8.439, 8.332, 8.439, 1, 46.643, 46.643, 0.024, 0.135, 18.118, 18.351, 18.118, 18.351, 4.621, 7.386, 13.215, , , 1, 5.55, 0.044, 0, 14.1, 2.402, 192, 0, 0, 0, 56.149, 5.069, 5.097, 123.8, 35.87, 100, 0, 0, 34.273, 34.273, 7.099, 0.843, 93.5, 0, 0, 102.525, 46.693, 0, 0, 0.044, 0, 0, 14, 0, 14.1, 0, 2.402, 192, 0, 0, 0, 56.149, 1, 0.005, 0.005, 123.8, 35.87, 100, 0, 0, 141, 34.273, 34.273, 7.099, 0.843, 0, 93.5, 0, 0, 102.525, 46.693, 0, 0.5, 0, 0, 
5.5, 17.95, 100.3, 73.96, 74.75, , 2.924, 0.987, 329.035, 329.035, 2.413, 71.263, 71.263, 71.263, 51.759, 65.844, 34.464, 35.588, 7.386, 13.241, 0, 0, 8.783, 8.898, 8.783, 8.898, 1, 46.786, 46.786, 0.024, 0.134, 19.04, 19.284, 19.04, 19.284, 4.617, 7.386, 13.241, , , 1, 5.6, 0.132, 0, 14.1, 2.413, 192, 0, 0, 0, 56.446, 5.227, 5.272, 123.8, 36.089, 100, 0, 0, 34.818, 34.818, 7.298, 0.849, 93.5, 0, 0, 102.574, 46.878, 0, 0, 0.132, 0, 0, 14, 0, 14.1, 0, 2.413, 192, 0, 0, 0, 56.446, 1, 0.005, 0.005, 123.8, 36.089, 100, 0, 0, 141, 34.818, 34.818, 7.298, 0.849, 0, 93.5, 0, 0, 102.574, 46.878, 0, 0.5, 0, 0, 
5.55, 17.95, 100.3, 73.96, 74.75, , 3.08, 0.987, 332.466, 332.466, 2.424, 74.96, 74.96, 74.96, 51.756, 66.515, 34.646, 35.37, 7.385, 13.275, 0, 0, 9.27, 9.39, 9.27, 9.39, 1, 46.935, 46.935, 0.024, 0.134, 20.03, 20.285, 20.03, 20.285, 4.613, 7.385, 13.275, , , 1, 5.651, 0.221, 0, 14.1, 2.424, 192, 0, 0, 0, 56.744, 5.384, 5.447, 123.8, 36.308, 100, 0, 0, 35.364, 35.364, 7.496, 0.855, 93.5, 0, 0, 102.624, 47.064, 0, 0, 0.221, 0, 0, 14, 0, 14.1, 0, 2.424, 192, 0, 0, 0, 56.744, 1, 0.005, 0.005, 123.8, 36.308, 100, 0, 0, 141, 35.364, 35.364, 7.496, 0.855, 0, 93.5, 0, 0, 102.624, 47.064, 0, 0.5, 0, 0, 
5.6, 17.95, 100.3, 73.96, 74.75, , 3.248, 0.987, 335.871, 335.871, 2.435, 78.944, 78.944, 78.944, 51.748, 67.186, 34.831, 35.296, 7.384, 13.307, 0, 0, 9.794, 9.921, 9.794, 9.921, 1, 47.089, 47.089, 0.024, 0.134, 21.098, 21.366, 21.098, 21.366, 4.609, 7.384, 13.307, , , 1, 5.701, 0.309, 0, 14.1, 2.435, 192, 0, 0, 0, 57.042, 5.542, 5.621, 123.8, 36.527, 100, 0, 0, 35.91, 35.91, 7.694, 0.861, 93.5, 0, 0, 102.674, 47.249, 0, 0, 0.309, 0, 0, 14, 0, 14.1, 0, 2.435, 192, 0, 0, 0, 57.042, 1, 0.006, 0.006, 123.8, 36.527, 100, 0, 0, 141, 35.91, 35.91, 7.694, 0.861, 0, 93.5, 0, 0, 102.674, 47.249, 0, 0.5, 0, 0, 
5.65, 17.95, 100.3, 73.96, 74.75, , 3.395, 0.987, 339.275, 339.275, 2.446, 82.431, 82.431, 82.431, 51.736, 67.858, 35.016, 35.221, 7.382, 13.332, 0, 0, 10.258, 10.391, 10.258, 10.391, 1, 47.259, 47.259, 0.024, 0.134, 22.034, 22.315, 22.034, 22.315, 4.641, 7.382, 13.332, , , 1, 5.751, 0.397, 0, 14.1, 2.446, 192, 0, 0, 0, 57.339, 5.7, 5.796, 123.8, 36.747, 100, 0, 0, 36.455, 36.455, 7.893, 0.867, 93.5, 0, 0, 102.723, 47.435, 0, 0, 0.397, 0, 0, 14, 0, 14.1, 0, 2.446, 192, 0, 0, 0, 57.339, 1, 0.006, 0.006, 123.8, 36.747, 100, 0, 0, 141, 36.455, 36.455, 7.893, 0.867, 0, 93.5, 0, 0, 102.723, 47.435, 0, 0.5, 0, 0, 
5.7, 17.95, 100.3, 73.96, 74.75, , 3.438, 0.987, 342.76, 342.76, 2.456, 83.461, 83.461, 83.461, 51.726, 68.529, 35.201, 35.147, 7.381, 13.343, 0, 0, 10.422, 10.557, 10.422, 10.557, 1, 47.429, 47.429, 0.024, 0.134, 22.313, 22.598, 22.313, 22.598, 4.675, 7.381, 13.343, , , 1, 5.801, 0.424, 0, 14.1, 2.456, 192, 0, 0, 0, 57.596, 5.779, 5.867, 123.8, 37.025, 100, 0, 0, 37.015, 37.015, 8.048, 0.874, 93.62, 0, 0, 102.846, 47.625, 0, 0, 0.424, 0, 0, 14, 0, 14.1, 0, 2.456, 192, 0, 0, 0, 57.596, 1, 0.006, 0.006, 123.8, 37.025, 100, 0, 0, 141, 37.015, 37.015, 8.048, 0.874, 0, 93.62, 0, 0, 102.846, 47.625, 0, 0.5, 0, 0, 
5.75, 17.95, 100.3, 73.96, 74.75, , 3.457, 0.987, 346.201, 346.201, 2.465, 83.913, 83.913, 83.913, 51.719, 69.2, 35.387, 35.073, 7.379, 13.328, 0, 0, 10.516, 10.651, 10.516, 10.651, 1, 47.599, 47.599, 0.024, 0.134, 22.438, 22.724, 22.438, 22.724, 4.708, 7.379, 13.328, , , 1, 5.851, 0.378, 0, 14.1, 2.465, 192, 0, 0, 0, 57.805, 5.767, 5.817, 123.8, 37.374, 100, 0, 0, 37.59, 37.59, 8.153, 0.882, 93.882, 0, 0, 103.055, 47.821, 0, 0, 0.378, 0, 0, 14, 0, 14.1, 0, 2.465, 192, 0, 0, 0, 57.805, 1, 0.006, 0.006, 123.8, 37.374, 100, 0, 0, 141, 37.59, 37.59, 8.153, 0.882, 0, 93.882, 0, 0, 103.055, 47.821, 0, 0.5, 0, 0, 
5.8, 17.95, 100.3, 73.96, 74.75, , 3.452, 0.987, 349.661, 349.661, 2.473, 83.797, 83.797, 83.797, 51.711, 69.871, 35.42, 35.06, 7.378, 13.298, 0, 0, 10.539, 10.674, 10.539, 10.674, 1, 47.772, 47.772, 0.024, 0.134, 22.41, 22.697, 22.41, 22.697, 4.742, 7.378, 13.298, , , 1, 5.901, 0.332, 0, 14.1, 2.473, 192, 0, 0, 0, 58.015, 5.754, 5.766, 123.8, 37.723, 100, 0, 0, 38.165, 38.165, 8.258, 0.891, 94.143, 0, 0, 103.265, 48.016, 0, 0, 0.332, 0, 0, 14, 0, 14.1, 0, 2.473, 192, 0, 0, 0, 58.015, 1, 0.006, 0.006, 123.8, 37.723, 100, 0, 0, 141, 38.165, 38.165, 8.258, 0.891, 0, 94.143, 0, 0, 103.265, 48.016, 0, 0.5, 0, 0, 
5.85, 17.95, 100.3, 73.96, 74.75, , 3.426, 0.987, 353.146, 353.146, 2.481, 83.188, 83.188, 83.188, 51.705, 70.542, 35.42, 35.06, 7.377, 13.239, 0, 0, 10.499, 10.634, 10.499, 10.634, 1, 47.944, 47.944, 0.024, 0.134, 22.25, 22.535, 22.25, 22.535, 4.765, 7.377, 13.239, , , 1, 5.951, 0.286, 0, 14.1, 2.481, 192, 0, 0, 0, 58.224, 5.742, 5.716, 123.8, 38.072, 100, 0, 0, 38.741, 38.741, 8.363, 0.899, 94.405, 0, 0, 103.474, 48.212, 0, 0, 0.286, 0, 0, 14, 0, 14.1, 0, 2.481, 192, 0, 0, 0, 58.224, 1, 0.006, 0.006, 123.8, 38.072, 100, 0, 0, 141, 38.741, 38.741, 8.363, 0.899, 0, 94.405, 0, 0, 103.474, 48.212, 0, 0.5, 0, 0, 
5.9, 17.95, 100.3, 73.96, 74.75, , 3.396, 0.987, 356.631, 356.631, 2.489, 82.491, 82.491, 82.491, 51.702, 71.214, 35.42, 35.06, 7.377, 13.174, 0, 0, 10.449, 10.582, 10.449, 10.582, 1, 48.114, 48.114, 0.024, 0.134, 22.064, 22.346, 22.064, 22.346, 4.783, 7.377, 13.174, , , 1, 6, 0.24, 0, 14.1, 2.489, 192, 0, 0, 0, 58.433, 5.729, 5.666, 123.8, 38.42, 100, 0, 0, 39.316, 39.316, 8.468, 0.907, 94.666, 0, 0, 103.683, 48.407, 0, 0, 0.24, 0, 0, 14, 0, 14.1, 0, 2.49, 192, 0, 0, 0, 58.433, 1, 0.006, 0.006, 123.8, 38.42, 100, 0, 0, 141, 39.316, 39.316, 8.468, 0.907, 0, 94.666, 0, 0, 103.683, 48.407, 0, 0.5, 0, 0, 
5.95, 17.95, 100.3, 73.96, 74.75, , 3.423, 0.987, 360.159, 360.159, 2.499, 83.115, 83.115, 83.115, 51.701, 71.885, 35.42, 35.06, 7.377, 13.098, 0, 0, 10.566, 10.7, 10.566, 10.7, 1, 48.283, 48.283, 0.024, 0.134, 22.23, 22.514, 22.23, 22.514, 4.802, 7.377, 13.098, , , 1, 6.051, 0.19, 0, 14.1, 2.499, 192, 0, 0, 0, 58.577, 5.697, 5.614, 123.8, 38.554, 100, 0, 0, 39.616, 39.616, 8.5, 0.912, 94.827, 0, 0, 103.789, 48.614, 0, 0, 0.19, 0, 0, 14, 0, 14.1, 0, 2.499, 192, 0, 0, 0, 58.577, 1, 0.006, 0.005, 123.8, 38.554, 100, 0, 0, 141, 39.616, 39.616, 8.5, 0.912, 0, 94.827, 0, 0, 103.789, 48.614, 0, 0.5, 0, 0, 
6, 17.95, 100.3, 73.96, 74.75, , 3.425, 0.987, 363.697, 363.697, 2.508, 83.169, 83.169, 83.169, 51.704, 72.556, 35.42, 35.06, 7.377, 13.037, 0, 0, 10.61, 10.744, 10.61, 10.744, 1, 48.455, 48.455, 0.024, 0.134, 22.243, 22.527, 22.243, 22.527, 4.82, 7.377, 13.037, , , 1, 6.101, 0.139, 0, 14.1, 2.508, 192, 0, 0, 0, 58.691, 5.656, 5.562, 123.8, 38.596, 100, 0, 0, 39.786, 39.786, 8.5, 0.914, 94.941, 0, 0, 103.845, 48.825, 0, 0, 0.139, 0, 0, 14, 0, 14.1, 0, 2.508, 192, 0, 0, 0, 58.691, 1, 0.006, 0.005, 123.8, 38.596, 100, 0, 0, 141, 39.786, 39.786, 8.5, 0.914, 0, 94.941, 0, 0, 103.845, 48.825, 0, 0.5, 0, 0, 
6.05, 17.95, 100.3, 73.96, 74.75, , 3.4, 0.987, 367.235, 367.235, 2.518, 82.582, 82.582, 82.582, 51.716, 73.227, 35.42, 35.001, 7.377, 13.01, 0, 0, 10.574, 10.706, 10.574, 10.706, 1, 48.624, 48.624, 0.024, 0.134, 22.081, 22.364, 22.081, 22.364, 4.819, 7.377, 13.01, , , 1, 6.15, 0.088, 0, 14.1, 2.518, 192, 0, 0, 0, 58.805, 5.615, 5.51, 123.8, 38.638, 100, 0, 0, 39.957, 39.957, 8.5, 0.916, 95.055, 0, 0, 103.902, 49.036, 0, 0, 0.088, 0, 0, 14, 0, 14.1, 0, 2.518, 192, 0, 0, 0, 58.805, 1, 0.006, 0.005, 123.8, 38.638, 100, 0, 0, 141, 39.957, 39.957, 8.5, 0.916, 0, 95.055, 0, 0, 103.902, 49.036, 0, 0.5, 0, 0, 
6.1, 17.95, 100.3, 73.96, 74.75, , 3.417, 0.987, 370.772, 370.772, 2.528, 82.995, 82.995, 82.995, 51.734, 73.898, 35.42, 34.929, 7.377, 12.999, 0, 0, 10.663, 10.797, 10.663, 10.797, 1, 48.793, 48.793, 0.024, 0.134, 22.183, 22.468, 22.183, 22.468, 4.811, 7.377, 12.999, , , 1, 6.201, 0.037, 0, 14.1, 2.528, 192, 0, 0, 0, 58.918, 5.574, 5.458, 123.8, 38.68, 100, 0, 0, 40.127, 40.127, 8.5, 0.918, 95.168, 0, 0, 103.959, 49.248, 0, 0, 0.037, 0, 0, 14, 0, 14.1, 0, 2.528, 192, 0, 0, 0, 58.918, 1, 0.006, 0.005, 123.8, 38.68, 100, 0, 0, 141, 40.127, 40.127, 8.5, 0.918, 0, 95.168, 0, 0, 103.959, 49.248, 0, 0.5, 0, 0, 
6.15, 17.95, 100.3, 73.96, 74.75, , 3.421, 0.987, 374.31, 374.31, 2.537, 83.093, 83.093, 83.093, 51.757, 74.57, 35.42, 34.857, 7.378, 13.033, 0, 0, 10.711, 10.846, 10.711, 10.846, 1, 48.961, 48.961, 0.024, 0.135, 22.201, 22.484, 22.201, 22.484, 4.802, 7.378, 13.033, , , 1, 6.251, 0, 0, 14.1, 2.537, 192, 0, 0, 0, 59, 5.546, 5.414, 123.8, 38.699, 100, 0, 0, 40.311, 40.311, 8.5, 0.92, 95.281, 0, 0, 103.985, 49.438, 0, 0, 0, 0, 0, 14, 0, 14.1, 0, 2.537, 192, 0, 0, 0, 59, 1, 0.006, 0.005, 123.8, 38.699, 100, 0, 0, 141, 40.311, 40.311, 8.5, 0.92, 0, 95.281, 0, 0, 103.985, 49.438, 0, 0.5, 0, 0, 
6.2, 17.95, 100.3, 73.96, 74.75, , 3.394, 0.987, 377.877, 377.877, 2.546, 82.449, 82.449, 82.449, 51.778, 75.241, 35.42, 34.785, 7.378, 13.082, 0, 0, 10.664, 10.799, 10.664, 10.799, 1, 49.13, 49.13, 0.024, 0.135, 22.021, 22.301, 22.021, 22.301, 4.794, 7.378, 13.082, , , 1, 6.3, 0, 0, 14.1, 2.546, 192, 0, 0, 0, 59, 5.549, 5.392, 123.8, 38.658, 100, 0, 0, 40.529, 40.529, 8.5, 0.92, 95.39, 0, 0, 103.93, 49.573, 0, 0, 0, 0, 0, 14, 0, 14.1, 0, 2.546, 192, 0, 0, 0, 59, 1, 0.006, 0.005, 123.8, 38.658, 100, 0, 0, 141, 40.529, 40.529, 8.5, 0.92, 0, 95.39, 0, 0, 103.93, 49.573, 0, 0.5, 0, 0, 
6.25, 17.95, 100.3, 73.96, 74.75, , 3.357, 0.987, 381.469, 381.469, 2.555, 81.579, 81.579, 81.579, 51.79, 75.912, 35.42, 34.713, 7.379, 13.173, 0, 0, 10.587, 10.723, 10.587, 10.723, 1, 49.297, 49.297, 0.024, 0.135, 21.782, 22.06, 21.782, 22.06, 4.791, 7.379, 13.173, , , 1, 6.35, 0, 0, 14.1, 2.555, 192, 0, 0, 0, 59, 5.552, 5.37, 123.8, 38.618, 100, 0, 0, 40.748, 40.748, 8.5, 0.92, 95.499, 0, 0, 103.876, 49.709, 0, 0, 0, 0, 0, 14, 0, 14.1, 0, 2.555, 192, 0, 0, 0, 59, 1, 0.006, 0.005, 123.8, 38.618, 100, 0, 0, 141, 40.748, 40.748, 8.5, 0.92, 0, 95.499, 0, 0, 103.876, 49.709, 0, 0.5, 0, 0, 
6.3, 17.95, 100.3, 73.96, 74.75, , 3.369, 0.987, 385.061, 385.061, 2.565, 81.856, 81.856, 81.856, 51.794, 76.583, 35.42, 34.789, 7.379, 13.265, 0, 0, 10.658, 10.796, 10.658, 10.796, 1, 49.463, 49.463, 0.024, 0.135, 21.853, 22.131, 21.853, 22.131, 4.792, 7.379, 13.265, , , 1, 6.401, 0, 0, 14.1, 2.565, 192, 0, 0, 0, 59, 5.556, 5.348, 123.8, 38.578, 100, 0, 0, 40.966, 40.966, 8.5, 0.92, 95.608, 0, 0, 103.821, 49.844, 0, 0, 0, 0, 0, 14, 0, 14.1, 0, 2.565, 192, 0, 0, 0, 59, 1, 0.006, 0.005, 123.8, 38.578, 100, 0, 0, 141, 40.966, 40.966, 8.5, 0.92, 0, 95.608, 0, 0, 103.821, 49.844, 0, 0.5, 0, 0, 
6.35, 17.95, 100.3, 73.96, 74.75, , 3.33, 0.987, 388.654, 388.654, 2.574, 80.934, 80.934, 80.934, 51.789, 77.254, 35.42, 34.897, 7.38, 13.36, 0, 0, 10.574, 10.71, 10.574, 10.71, 1, 49.629, 49.629, 0.024, 0.135, 21.61, 21.884, 21.61, 21.884, 4.792, 7.38, 13.36, , , 1, 6.451, 0, 0, 14.1, 2.574, 192, 0, 0, 0, 59, 5.559, 5.327, 123.8, 38.537, 100, 0, 0, 41.184, 41.184, 8.5, 0.92, 95.717, 0, 0, 103.766, 49.979, 0, 0, 0, 0, 0, 14, 0, 14.1, 0, 2.574, 192, 0, 0, 0, 59, 1, 0.006, 0.005, 123.8, 38.537, 100, 0, 0, 141, 41.184, 41.184, 8.5, 0.92, 0, 95.717, 0, 0, 103.766, 49.979, 0, 0.5, 0, 0, 
6.4, 17.95, 100.3, 73.96, 74.75, , 3.324, 0.987, 392.282, 392.282, 2.582, 80.812, 80.812, 80.812, 51.777, 77.926, 35.42, 35.005, 7.38, 13.452, 0, 0, 10.594, 10.73, 10.594, 10.73, 1, 49.795, 49.795, 0.024, 0.135, 21.582, 21.858, 21.582, 21.858, 4.793, 7.38, 13.452, , , 1, 6.501, 0, 0, 14.093, 2.582, 192, 0, 0, 0, 59, 5.567, 5.322, 123.8, 38.498, 100, 0, 0, 41.323, 41.359, 8.5, 0.92, 95.823, 0, 0, 103.714, 50.156, 0, 0, 0, 0, 0, 14, 0, 14.093, 0, 2.582, 192, 0, 0, 0, 59, 1, 0.006, 0.005, 123.8, 38.498, 100, 0, 0, 141, 41.323, 41.359, 8.5, 0.92, 0, 95.823, 0, 0, 103.714, 50.156, 0, 0.5, 0, 0, 
6.45, 17.95, 100.3, 73.96, 74.75, , 3.333, 0.987, 395.93, 395.93, 2.591, 81.024, 81.024, 81.024, 51.764, 78.597, 35.42, 35.113, 7.379, 13.534, 0, 0, 10.657, 10.794, 10.657, 10.794, 1, 49.961, 49.961, 0.024, 0.135, 21.644, 21.922, 21.644, 21.922, 4.796, 7.379, 13.534, , , 1, 6.551, 0, 0, 14.082, 2.591, 192, 0, 0, 0, 59, 5.578, 5.325, 123.8, 38.459, 100, 0, 0, 41.427, 41.516, 8.5, 0.92, 95.927, 0, 0, 103.661, 50.349, 0, 0, 0, 0, 0, 14, 0, 14.082, 0, 2.591, 192, 0, 0, 0, 59, 1, 0.006, 0.005, 123.8, 38.459, 100, 0, 0, 141, 41.427, 41.516, 8.5, 0.92, 0, 95.927, 0, 0, 103.661, 50.349, 0, 0.5, 0, 0, 
6.5, 17.95, 100.3, 73.96, 74.75, , 3.325, 0.987, 399.579, 399.579, 2.599, 80.837, 80.837, 80.837, 51.756, 79.268, 35.42, 35.221, 7.379, 13.611, 0, 0, 10.667, 10.804, 10.667, 10.804, 1, 50.126, 50.126, 0.024, 0.135, 21.598, 21.875, 21.598, 21.875, 4.804, 7.379, 13.611, , , 1, 6.601, 0, 0, 14.072, 2.599, 192, 0, 0, 0, 59, 5.588, 5.328, 123.8, 38.421, 100, 0, 0, 41.531, 41.672, 8.5, 0.92, 96.031, 0, 0, 103.609, 50.543, 0, 0, 0, 0, 0, 14, 0, 14.072, 0, 2.599, 192, 0, 0, 0, 59, 1, 0.006, 0.005, 123.8, 38.421, 100, 0, 0, 141, 41.531, 41.672, 8.5, 0.92, 0, 96.031, 0, 0, 103.609, 50.543, 0, 0.5, 0, 0, 
6.55, 17.95, 100.3, 73.96, 74.75, , 3.262, 0.987, 403.227, 403.227, 2.607, 79.333, 79.333, 79.333, 51.754, 79.939, 35.39, 35.151, 7.378, 13.66, 0, 0, 10.503, 10.636, 10.503, 10.636, 1, 50.289, 50.289, 0.024, 0.135, 21.198, 21.471, 21.198, 21.471, 4.811, 7.378, 13.66, , , 1, 6.651, 0, 0, 14.061, 2.607, 192, 0, 0, 0, 59, 5.599, 5.332, 123.8, 38.382, 100, 0, 0, 41.635, 41.828, 8.5, 0.92, 96.135, 0, 0, 103.557, 50.737, 0, 0, 0, 0, 0, 14, 0, 14.061, 0, 2.607, 192, 0, 0, 0, 59, 1, 0.006, 0.005, 123.8, 38.382, 100, 0, 0, 141, 41.635, 41.828, 8.5, 0.92, 0, 96.135, 0, 0, 103.557, 50.737, 0, 0.5, 0, 0, 
6.6, 17.95, 100.3, 73.96, 74.75, , 3.26, 0.987, 406.876, 406.876, 2.616, 79.303, 79.303, 79.303, 51.759, 80.611, 35.354, 35.043, 7.378, 13.704, 0, 0, 10.532, 10.667, 10.532, 10.667, 1, 50.451, 50.451, 0.024, 0.135, 21.188, 21.46, 21.188, 21.46, 4.818, 7.378, 13.704, , , 1, 6.7, 0, 0, 14.051, 2.616, 192, 0, 0, 0, 59, 5.609, 5.335, 123.8, 38.344, 100, 0, 0, 41.74, 41.984, 8.5, 0.92, 96.24, 0, 0, 103.505, 50.931, 0, 0, 0, 0, 0, 14, 0, 14.051, 0, 2.616, 192, 0, 0, 0, 59, 1, 0.006, 0.005, 123.8, 38.344, 100, 0, 0, 141, 41.74, 41.984, 8.5, 0.92, 0, 96.24, 0, 0, 103.505, 50.931, 0, 0.5, 0, 0, 
6.65, 17.95, 100.3, 73.96, 74.75, , 3.236, 0.987, 410.554, 410.554, 2.624, 78.739, 78.739, 78.739, 51.767, 81.282, 35.318, 34.935, 7.377, 13.72, 0, 0, 10.491, 10.626, 10.491, 10.626, 1, 50.614, 50.614, 0.024, 0.134, 21.033, 21.302, 21.033, 21.302, 4.826, 7.377, 13.72, , , 1, 6.751, 0, 0, 14.041, 2.624, 192, 0, 0, 0, 59, 5.614, 5.342, 123.8, 38.305, 100, 0, 0, 41.844, 42.094, 8.594, 0.92, 96.344, 0, 0, 103.5, 51.125, 0, 0, 0, 0, 0, 14, 0, 14.041, 0, 2.624, 192, 0, 0, 0, 59, 1, 0.006, 0.005, 123.8, 38.305, 100, 0, 0, 141, 41.844, 42.094, 8.594, 0.92, 0, 96.344, 0, 0, 103.5, 51.125, 0, 0.5, 0, 0, 
6.7, 17.95, 100.3, 73.96, 74.75, , 3.189, 0.987, 414.261, 414.261, 2.633, 77.624, 77.624, 77.624, 51.782, 81.953, 35.282, 34.827, 7.377, 13.732, 0, 0, 10.375, 10.51, 10.375, 10.51, 1, 50.771, 50.771, 0.024, 0.134, 20.729, 20.994, 20.729, 20.994, 4.839, 7.377, 13.732, , , 1, 6.801, 0, 0, 14.03, 2.633, 192, 0, 0, 0, 59, 5.618, 5.349, 123.8, 38.267, 100, 0, 0, 41.948, 42.198, 8.698, 0.92, 96.448, 0, 0, 103.5, 51.32, 0, 0, 0, 0, 0, 14, 0, 14.03, 0, 2.633, 192, 0, 0, 0, 59, 1, 0.006, 0.005, 123.8, 38.267, 100, 0, 0, 141, 41.948, 42.198, 8.698, 0.92, 0, 96.448, 0, 0, 103.5, 51.32, 0, 0.5, 0, 0, 
6.75, 17.95, 100.3, 73.96, 74.75, , 3.176, 0.987, 417.969, 417.969, 2.642, 77.312, 77.312, 77.312, 51.797, 82.624, 35.246, 34.719, 7.377, 13.716, 0, 0, 10.368, 10.502, 10.368, 10.502, 1, 50.928, 50.928, 0.024, 0.134, 20.64, 20.905, 20.64, 20.905, 4.852, 7.377, 13.716, , , 1, 6.85, 0, 0, 14.02, 2.642, 192, 0, 0, 0, 59, 5.622, 5.356, 123.8, 38.228, 100, 0, 0, 42.052, 42.302, 8.802, 0.92, 96.552, 0, 0, 103.5, 51.515, 0, 0, 0, 0, 0, 14, 0, 14.02, 0, 2.642, 192, 0, 0, 0, 59, 1, 0.006, 0.005, 123.8, 38.228, 100, 0, 0, 141, 42.052, 42.302, 8.802, 0.92, 0, 96.552, 0, 0, 103.5, 51.515, 0, 0.5, 0, 0, 
6.8, 17.95, 100.3, 73.96, 74.75, , 3.18, 0.987, 421.675, 421.675, 2.651, 77.42, 77.42, 77.42, 51.815, 83.295, 34.945, 34.789, 7.377, 13.698, 0, 0, 10.411, 10.55, 10.411, 10.55, 1, 51.087, 51.087, 0.024, 0.134, 20.662, 20.925, 20.662, 20.925, 4.865, 7.377, 13.698, , , 1, 6.9, 0, 0, 14.009, 2.651, 192, 0, 0, 0, 59, 5.626, 5.363, 123.8, 38.19, 100, 0, 0, 42.156, 42.406, 8.906, 0.92, 96.656, 0, 0, 103.5, 51.71, 0, 0, 0, 0, 0, 14, 0, 14.009, 0, 2.651, 192, 0, 0, 0, 59, 1, 0.006, 0.005, 123.8, 38.19, 100, 0, 0, 141, 42.156, 42.406, 8.906, 0.92, 0, 96.656, 0, 0, 103.5, 51.71, 0, 0.5, 0, 0, 
6.85, 17.95, 100.3, 73.96, 74.75, , 3.155, 0.987, 425.382, 425.382, 2.659, 76.833, 76.833, 76.833, 51.835, 83.967, 34.585, 34.897, 7.377, 13.661, 0, 0, 10.364, 10.503, 10.364, 10.503, 1, 51.246, 51.246, 0.024, 0.134, 20.497, 20.758, 20.497, 20.758, 4.873, 7.377, 13.661, , , 1, 6.951, 0, 0, 14, 2.659, 192, 0, 0, 0, 59, 5.63, 5.369, 123.8, 38.151, 100, 0, 0, 42.267, 42.511, 9, 0.92, 96.756, 0, 0, 103.494, 51.899, 0, 0, 0, 0, 0, 14, 0, 14, 0, 2.659, 192, 0, 0, 0, 59, 1, 0.006, 0.005, 123.8, 38.151, 100, 0, 0, 141, 42.267, 42.511, 9, 0.92, 0, 96.756, 0, 0, 103.494, 51.899, 0, 0.5, 0, 0, 
6.9, 17.95, 100.3, 73.96, 74.75, , 3.147, 0.987, 429.116, 429.116, 2.668, 76.648, 76.648, 76.648, 51.857, 84.638, 34.225, 35.005, 7.377, 13.625, 0, 0, 10.373, 10.509, 10.373, 10.509, 1, 51.401, 51.401, 0.024, 0.134, 20.441, 20.701, 20.441, 20.701, 4.86, 7.377, 13.625, , , 1, 7.001, 0, 0, 14, 2.668, 192, 0, 0, 0, 59, 5.63, 5.36, 123.8, 38.109, 100, 0, 0, 42.438, 42.625, 9, 0.92, 96.812, 0, 0, 103.438, 52.041, 0, 0, 0, 0, 0, 14, 0, 14, 0, 2.668, 192, 0, 0, 0, 59, 1, 0.006, 0.005, 123.8, 38.109, 100, 0, 0, 141, 42.438, 42.625, 9, 0.92, 0, 96.812, 0, 0, 103.438, 52.041, 0, 0.5, 0, 0, 
6.95, 17.95, 100.3, 73.96, 74.75, , 3.156, 0.987, 432.882, 432.882, 2.677, 76.86, 76.86, 76.86, 51.874, 85.309, 33.865, 35.113, 7.377, 13.583, 0, 0, 10.434, 10.568, 10.434, 10.568, 1, 51.558, 51.558, 0.024, 0.134, 20.492, 20.751, 20.492, 20.751, 4.846, 7.377, 13.583, , , 1, 7.05, 0, 0, 14, 2.677, 192, 0, 0, 0, 59, 5.63, 5.351, 123.8, 38.067, 100, 0, 0, 42.608, 42.739, 9, 0.92, 96.869, 0, 0, 103.381, 52.183, 0, 0, 0, 0, 0, 14, 0, 14, 0, 2.677, 192, 0, 0, 0, 59, 1, 0.006, 0.005, 123.8, 38.067, 100, 0, 0, 141, 42.608, 42.739, 9, 0.92, 0, 96.869, 0, 0, 103.381, 52.183, 0, 0.5, 0, 0, 
7, 17.95, 100.3, 73.96, 74.75, , 3.132, 0.987, 436.648, 436.648, 2.686, 76.285, 76.285, 76.285, 51.888, 85.98, 33.505, 35.221, 7.377, 13.541, 0, 0, 10.388, 10.52, 10.388, 10.52, 1, 51.714, 51.714, 0.024, 0.134, 20.332, 20.59, 20.332, 20.59, 4.833, 7.377, 13.541, , , 1, 7.101, 0, 0, 14, 2.686, 192, 0, 0, 0, 59, 5.63, 5.342, 123.8, 38.025, 100, 0, 0, 42.778, 42.852, 9, 0.92, 96.926, 0, 0, 103.324, 52.325, 0, 0, 0, 0, 0, 14, 0, 14, 0, 2.686, 192, 0, 0, 0, 59, 1, 0.006, 0.005, 123.8, 38.025, 100, 0, 0, 141, 42.778, 42.852, 9, 0.92, 0, 96.926, 0, 0, 103.324, 52.325, 0, 0.5, 0, 0, 
7.05, 17.95, 100.3, 73.96, 74.75, , 3.139, 0.987, 440.414, 440.414, 2.695, 76.458, 76.458, 76.458, 51.897, 86.651, 33.735, 35.299, 7.377, 13.495, 0, 0, 10.444, 10.574, 10.444, 10.574, 1, 51.869, 51.869, 0.024, 0.134, 20.375, 20.634, 20.375, 20.634, 4.819, 7.377, 13.495, , , 1, 7.151, 0, 0, 14, 2.695, 192, 0, 0, 0, 59, 5.63, 5.333, 123.8, 37.983, 100, 0, 0, 42.949, 42.966, 9, 0.92, 96.983, 0, 0, 103.267, 52.467, 0, 0, 0, 0, 0, 14, 0, 14, 0, 2.695, 192, 0, 0, 0, 59, 1, 0.006, 0.005, 123.8, 37.983, 100, 0, 0, 141, 42.949, 42.966, 9, 0.92, 0, 96.983, 0, 0, 103.267, 52.467, 0, 0.5, 0, 0, 
7.1, 17.951, 100.3, 73.96, 74.751, , 3.147, 0.987, 444.227, 444.227, 2.703, 76.648, 76.648, 76.648, 51.902, 87.323, 34.095, 35.371, 7.377, 13.448, 0, 0, 10.501, 10.633, 10.501, 10.633, 1, 52.025, 52.025, 0.024, 0.134, 20.422, 20.684, 20.422, 20.684, 4.833, 7.377, 13.448, , , 1, 7.2, 0, 0, 14, 2.703, 192.159, 0, 0, 0, 59, 5.624, 5.321, 123.8, 37.97, 100, 0, 0, 43.04, 43.04, 9, 0.92, 96.96, 0, 0, 103.131, 52.609, 0, 0, 0, 0, 0, 14, 0, 14, 0, 2.703, 192.159, 0, 0, 0, 59, 1, 0.006, 0.005, 123.8, 37.97, 100, 0, 0, 141, 43.04, 43.04, 9, 0.92, 0, 96.96, 0, 0, 103.131, 52.609, 0, 0.5, 0, 0, 
7.15, 17.952, 100.3, 73.96, 74.753, , 3.132, 0.987, 448.022, 448.022, 2.711, 76.31, 76.31, 76.31, 51.902, 78.923, 34.455, 35.443, 7.377, 13.402, 0, 0, 10.485, 10.618, 10.485, 10.618, 1, 52.182, 52.182, 0.024, 0.134, 20.331, 20.592, 20.331, 20.592, 4.851, 7.377, 13.402, , , 1, 7.251, 0, 0, 14, 2.711, 192.386, 0, 0, 0, 59, 5.615, 5.309, 123.8, 37.97, 100, 0, 0, 43.097, 43.097, 9, 0.92, 96.903, 0, 0, 102.96, 52.75, 0, 0, 0, 0, 0, 14, 0, 14, 0, 2.711, 192.386, 0, 0, 0, 59, 1, 0.006, 0.005, 123.8, 37.97, 100, 0, 0, 141, 43.097, 43.097, 9, 0.92, 0, 96.903, 0, 0, 102.96, 52.75, 0, 0.5, 0, 0, 
7.2, 17.953, 100.3, 73.96, 74.754, , 3.113, 0.987, 451.806, 451.806, 2.72, 75.856, 75.856, 75.856, 51.901, 68.795, 34.815, 35.515, 7.377, 13.356, 0, 0, 10.453, 10.586, 10.453, 10.586, 1, 52.338, 52.338, 0.024, 0.135, 20.21, 20.47, 20.21, 20.47, 4.868, 7.377, 13.356, , , 1, 7.301, 0, 0, 14, 2.72, 192.614, 0, 0, 0, 59, 5.605, 5.296, 123.8, 37.97, 100, 0, 0, 43.153, 43.153, 9, 0.92, 96.847, 0, 0, 102.79, 52.89, 0, 0, 0, 0, 0, 14, 0, 14, 0, 2.72, 192.614, 0, 0, 0, 59, 1, 0.006, 0.005, 123.8, 37.97, 100, 0, 0, 141, 43.153, 43.153, 9, 0.92, 0, 96.847, 0, 0, 102.79, 52.89, 0, 0.5, 0, 0, 
7.25, 17.954, 100.3, 73.96, 74.756, , 3.126, 0.987, 455.634, 455.634, 2.728, 76.164, 76.164, 76.164, 51.897, 58.668, 35.175, 35.587, 7.377, 13.317, 0, 0, 10.527, 10.662, 10.527, 10.662, 1, 52.494, 52.494, 0.024, 0.135, 20.294, 20.554, 20.294, 20.554, 4.885, 7.377, 13.317, , , 1, 7.35, 0, 0, 14, 2.728, 192.841, 0, 0, 0, 59, 5.596, 5.284, 123.8, 37.97, 100, 0, 0, 43.21, 43.21, 9, 0.92, 96.79, 0, 0, 102.619, 53.031, 0, 0, 0, 0, 0, 14, 0, 14, 0, 2.728, 192.841, 0, 0, 0, 59, 1, 0.006, 0.005, 123.8, 37.97, 100, 0, 0, 141, 43.21, 43.21, 9, 0.92, 0, 96.79, 0, 0, 102.619, 53.031, 0, 0.5, 0, 0, 
7.3, 17.955, 100.3, 73.96, 74.757, , 3.124, 0.987, 459.462, 459.462, 2.736, 76.123, 76.123, 76.123, 51.891, 48.54, 35.151, 35.6, 7.377, 13.277, 0, 0, 10.552, 10.689, 10.552, 10.689, 1, 52.65, 52.65, 0.024, 0.135, 20.286, 20.546, 20.286, 20.546, 4.916, 7.377, 13.277, , , 1, 7.401, 0, 0, 14, 2.736, 193, 0, 0, 0, 59, 5.588, 5.274, 123.8, 37.982, 100, 0, 0, 43.266, 43.266, 9, 0.921, 96.734, 0, 0, 102.451, 53.17, 0, 0, 0, 0, 0, 14, 0, 14, 0, 2.736, 193, 0, 0, 0, 59, 1, 0.006, 0.005, 123.8, 37.983, 100, 0, 0, 141, 43.266, 43.266, 9, 0.921, 0, 96.734, 0, 0, 102.451, 53.17, 0, 0.5, 0, 0, 
7.35, 17.957, 100.3, 73.96, 74.759, , 3.11, 0.987, 464.936, 464.936, 2.744, 75.781, 75.781, 75.781, 51.884, 38.413, 35.043, 35.6, 7.377, 13.249, 0, 0, 10.535, 10.673, 10.535, 10.673, 1, 52.825, 52.825, 0.024, 0.135, 20.199, 20.455, 20.199, 20.455, 4.951, 7.377, 13.249, , , 1, 7.451, 0, 0, 14, 2.744, 193, 0, 0, 0, 59, 5.582, 5.272, 123.8, 38.022, 100, 0, 0, 43.321, 43.321, 9, 0.923, 96.679, 0, 0, 102.288, 53.305, 0, 0, 0, 0, 0, 14, 0, 14, 0, 2.744, 193, 0, 0, 0, 59, 1, 0.006, 0.005, 123.8, 38.023, 100, 0, 0, 141, 43.321, 43.321, 9, 0.923, 0, 96.679, 0, 0, 102.288, 53.305, 0, 0.5, 0, 0, 
7.4, 17.958, 100.3, 73.96, 74.76, , 3.096, 0.987, 469.494, 469.494, 2.752, 75.455, 75.455, 75.455, 51.88, 50.745, 34.935, 35.6, 7.377, 13.222, 0, 0, 10.53, 10.668, 10.53, 10.668, 1, 53.052, 53.052, 0.024, 0.135, 20.114, 20.369, 20.114, 20.369, 4.985, 7.377, 13.222, , , 1, 7.5, 0, 0, 14, 2.752, 193, 0, 0, 0, 59, 5.575, 5.27, 123.8, 38.062, 100, 0, 0, 43.375, 43.375, 9, 0.925, 96.625, 0, 0, 102.125, 53.44, 0, 0, 0, 0, 0, 14, 0, 14, 0, 2.752, 193, 0, 0, 0, 59, 1, 0.006, 0.005, 123.8, 38.063, 100, 0, 0, 141, 43.375, 43.375, 9, 0.925, 0, 96.625, 0, 0, 102.125, 53.44, 0, 0.5, 0, 0, 
7.45, 17.959, 100.3, 73.96, 74.762, , 3.082, 0.987, 473.385, 473.385, 2.76, 75.137, 75.137, 75.137, 51.882, 51.518, 34.827, 35.6, 7.377, 13.2, 0, 0, 10.524, 10.661, 10.524, 10.661, 1, 53.207, 53.207, 0.024, 0.135, 20.028, 20.283, 20.028, 20.283, 5.02, 7.377, 13.2, , , 1, 7.551, 0, 0, 14, 2.76, 193, 0, 0, 0, 59, 5.568, 5.268, 123.8, 38.103, 100, 0, 0, 43.429, 43.429, 9, 0.927, 96.571, 0, 0, 101.962, 53.575, 0, 0, 0, 0, 0, 14, 0, 14, 0, 2.76, 193, 0, 0, 0, 59, 1, 0.006, 0.005, 123.8, 38.104, 100, 0, 0, 141, 43.429, 43.429, 9, 0.927, 0, 96.571, 0, 0, 101.962, 53.575, 0, 0.5, 0, 0, 
7.5, 17.96, 100.3, 73.96, 74.763, , 3.067, 0.987, 477.276, 477.276, 2.769, 74.786, 74.786, 74.786, 51.886, 52.29, 34.719, 35.6, 7.377, 13.178, 0, 0, 10.505, 10.641, 10.505, 10.641, 1, 53.361, 53.361, 0.024, 0.135, 19.933, 20.186, 19.933, 20.186, 5.045, 7.377, 13.178, , , 1, 7.601, 0, 0, 14, 2.769, 193, 0, 0, 0, 59, 5.562, 5.266, 123.8, 38.143, 100, 0, 0, 43.484, 43.484, 9, 0.929, 96.516, 0, 0, 101.799, 53.71, 0, 0, 0, 0, 0, 14, 0, 14, 0, 2.769, 193, 0, 0, 0, 59, 1, 0.006, 0.005, 123.8, 38.144, 100, 0, 0, 141, 43.484, 43.484, 9, 0.929, 0, 96.516, 0, 0, 101.799, 53.71, 0, 0.5, 0, 0, 
7.55, 17.961, 100.3, 73.96, 74.765, , 3.052, 0.987, 481.168, 481.168, 2.777, 74.422, 74.422, 74.422, 51.895, 53.063, 34.789, 35.57, 7.377, 13.156, 0, 0, 10.484, 10.619, 10.484, 10.619, 1, 53.513, 53.513, 0.024, 0.135, 19.833, 20.085, 19.833, 20.085, 5.06, 7.377, 13.156, , , 1, 7.65, 0, 0, 14, 2.777, 192.854, 0, 0, 0, 59, 5.56, 5.264, 123.8, 38.182, 100, 0, 0, 43.536, 43.536, 9, 0.931, 96.5, 0, 0, 101.714, 53.84, 0, 0, 0, 0, 0, 14, 0, 14, 0, 2.777, 192.854, 0, 0, 0, 59, 1, 0.006, 0.005, 123.8, 38.183, 100, 0, 0, 141, 43.536, 43.536, 9, 0.931, 0, 96.5, 0, 0, 101.714, 53.84, 0, 0.5, 0, 0, 
7.6, 17.962, 100.3, 73.96, 74.766, , 3.024, 0.987, 485.06, 485.06, 2.785, 73.777, 73.777, 73.777, 51.909, 53.835, 34.897, 35.534, 7.377, 13.133, 0, 0, 10.422, 10.556, 10.422, 10.556, 1, 53.664, 53.664, 0.024, 0.135, 19.655, 19.907, 19.655, 19.907, 5.075, 7.377, 13.133, , , 1, 7.701, 0, 0, 14, 2.785, 192.646, 0, 0, 0, 59, 5.56, 5.261, 123.8, 38.221, 100, 0, 0, 43.589, 43.589, 9, 0.934, 96.5, 0, 0, 101.661, 53.97, 0, 0, 0, 0, 0, 14, 0, 14, 0, 2.785, 192.646, 0, 0, 0, 59, 1, 0.006, 0.005, 123.8, 38.221, 100, 0, 0, 141, 43.589, 43.589, 9, 0.934, 0, 96.5, 0, 0, 101.661, 53.97, 0, 0.5, 0, 0, 
7.65, 17.963, 100.3, 73.96, 74.768, , 3.008, 0.987, 488.952, 488.952, 2.793, 73.393, 73.393, 73.393, 51.925, 54.607, 35.005, 35.498, 7.377, 13.109, 0, 0, 10.397, 10.531, 10.397, 10.531, 1, 53.814, 53.814, 0.024, 0.134, 19.545, 19.797, 19.545, 19.797, 5.09, 7.377, 13.109, , , 1, 7.751, 0, 0, 14, 2.793, 192.438, 0, 0, 0, 59, 5.56, 5.259, 123.8, 38.259, 100, 0, 0, 43.641, 43.641, 9, 0.936, 96.5, 0, 0, 101.609, 54.099, 0, 0, 0, 0, 0, 14, 0, 14, 0, 2.793, 192.438, 0, 0, 0, 59, 1, 0.006, 0.005, 123.8, 38.26, 100, 0, 0, 141, 43.641, 43.641, 9, 0.936, 0, 96.5, 0, 0, 101.609, 54.099, 0, 0.5, 0, 0, 
7.7, 17.965, 100.3, 73.96, 74.769, , 2.996, 0.987, 492.885, 492.885, 2.801, 73.118, 73.118, 73.118, 51.945, 55.38, 35.113, 35.462, 7.377, 13.084, 0, 0, 10.387, 10.521, 10.387, 10.521, 1, 53.962, 53.962, 0.024, 0.134, 19.463, 19.714, 19.463, 19.714, 5.104, 7.377, 13.084, , , 1, 7.801, 0, 0, 14, 2.801, 192.229, 0, 0, 0, 59, 5.56, 5.257, 123.8, 38.298, 100, 0, 0, 43.693, 43.693, 9, 0.938, 96.5, 0, 0, 101.557, 54.228, 0, 0, 0, 0, 0, 14, 0, 14, 0, 2.801, 192.229, 0, 0, 0, 59, 1, 0.006, 0.005, 123.8, 38.298, 100, 0, 0, 141, 43.693, 43.693, 9, 0.938, 0, 96.5, 0, 0, 101.557, 54.228, 0, 0.5, 0, 0, 
7.75, 17.966, 100.3, 73.96, 74.771, , 2.989, 0.987, 496.812, 496.812, 2.81, 72.943, 72.943, 72.943, 51.965, 56.152, 35.221, 35.426, 7.377, 13.065, 0, 0, 10.391, 10.525, 10.391, 10.525, 1, 54.111, 54.111, 0.024, 0.134, 19.409, 19.659, 19.409, 19.659, 5.119, 7.377, 13.065, , , 1, 7.851, 0, 0, 14, 2.81, 192.021, 0, 0, 0, 59, 5.56, 5.255, 123.8, 38.336, 100, 0, 0, 43.745, 43.745, 9, 0.94, 96.5, 0, 0, 101.505, 54.357, 0, 0, 0, 0, 0, 14, 0, 14, 0, 2.81, 192.021, 0, 0, 0, 59, 1, 0.006, 0.005, 123.8, 38.337, 100, 0, 0, 141, 43.745, 43.745, 9, 0.94, 0, 96.5, 0, 0, 101.505, 54.357, 0, 0.5, 0, 0, 
7.8, 17.967, 100.3, 73.96, 74.772, , 2.984, 0.987, 500.721, 500.721, 2.818, 72.822, 72.822, 72.822, 51.98, 56.924, 35.299, 35.45, 7.377, 13.046, 0, 0, 10.403, 10.536, 10.403, 10.536, 1, 54.259, 54.259, 0.024, 0.134, 19.37, 19.62, 19.37, 19.62, 5.133, 7.377, 13.046, , , 1, 7.901, 0, 0, 14, 2.818, 192, 0, 0, 0, 59, 5.555, 5.255, 123.8, 38.262, 100, 0, 0, 43.75, 43.75, 9, 0.94, 96.5, 0, 0, 101.5, 54.503, 0, 0, 0, 0, 0, 14, 0, 14, 0, 2.818, 192, 0, 0, 0, 59, 1, 0.006, 0.005, 123.8, 38.26, 100, 0, 0, 141, 43.75, 43.75, 9, 0.94, 0, 96.5, 0, 0, 101.5, 54.503, 0, 0.5, 0, 0, 
7.85, 17.968, 100.3, 73.96, 74.774, , 2.976, 0.987, 504.684, 504.684, 2.826, 72.654, 72.654, 72.654, 51.987, 57.697, 35.371, 35.486, 7.377, 13.031, 0, 0, 10.408, 10.54, 10.408, 10.54, 1, 54.406, 54.406, 0.024, 0.134, 19.322, 19.572, 19.322, 19.572, 5.148, 7.377, 13.031, , , 1, 7.95, 0, 0, 14, 2.826, 192, 0, 0, 0, 59, 5.549, 5.255, 123.8, 38.175, 100, 0, 0, 43.75, 43.75, 9, 0.94, 96.5, 0, 0, 101.5, 54.65, 0, 0, 0, 0, 0, 14, 0, 14, 0, 2.826, 192, 0, 0, 0, 59, 1, 0.006, 0.005, 123.8, 38.174, 100, 0, 0, 141, 43.75, 43.75, 9, 0.94, 0, 96.5, 0, 0, 101.5, 54.65, 0, 0.5, 0, 0, 
7.9, 17.969, 100.3, 73.96, 74.775, , 2.976, 0.987, 508.711, 508.711, 2.835, 72.65, 72.65, 72.65, 51.988, 58.469, 35.443, 35.522, 7.377, 13.016, 0, 0, 10.436, 10.568, 10.436, 10.568, 1, 54.554, 54.554, 0.024, 0.134, 19.322, 19.57, 19.322, 19.57, 5.161, 7.377, 13.016, , , 1, 8, 0, 0, 14, 2.835, 192, 0, 0, 0, 59, 5.543, 5.255, 123.8, 38.088, 100, 0, 0, 43.75, 43.75, 9, 0.94, 96.5, 0, 0, 101.5, 54.798, 0, 0, 0, 0, 0, 14, 0, 14, 0, 2.835, 192, 0, 0, 0, 59, 1, 0.006, 0.005, 123.8, 38.087, 100, 0, 0, 141, 43.75, 43.75, 9, 0.94, 0, 96.5, 0, 0, 101.5, 54.798, 0, 0.5, 0, 0, 
7.95, 17.97, 100.3, 73.96, 74.777, , 2.958, 0.987, 512.673, 512.673, 2.843, 72.234, 72.234, 72.234, 51.983, 59.242, 35.515, 35.558, 7.378, 12.998, 0, 0, 10.405, 10.536, 10.405, 10.536, 1, 54.701, 54.701, 0.024, 0.134, 19.214, 19.459, 19.214, 19.459, 5.151, 7.378, 12.998, , , 1, 8.051, 0, 0, 14, 2.843, 192, 0, 0, 0, 59, 5.537, 5.255, 123.8, 38.001, 100, 0, 0, 43.75, 43.75, 9, 0.94, 96.5, 0, 0, 101.5, 54.946, 0, 0, 0, 0, 0, 14, 0, 14, 0, 2.843, 192, 0, 0, 0, 59, 1, 0.006, 0.005, 123.8, 38.001, 100, 0, 0, 141, 43.75, 43.75, 9, 0.94, 0, 96.5, 0, 0, 101.5, 54.946, 0, 0.5, 0, 0, 
8, 17.971, 100.3, 73.96, 74.779, , 2.952, 0.987, 516.63, 516.63, 2.85, 72.09, 72.09, 72.09, 51.972, 60.014, 35.587, 35.594, 7.378, 12.98, 0, 0, 10.412, 10.542, 10.412, 10.542, 1, 54.849, 54.849, 0.024, 0.135, 19.181, 19.425, 19.181, 19.425, 5.141, 7.378, 12.98, , , 1, 8.101, 0, 0, 14, 2.85, 192, 0, 0, 0, 59, 5.533, 5.262, 123.8, 37.947, 100, 0, 0, 43.712, 43.712, 9, 0.94, 96.462, 0, 0, 101.462, 55.084, 0, 0, 0, 0, 0, 14, 0, 14, 0, 2.85, 192, 0, 0, 0, 59, 1, 0.006, 0.005, 123.8, 37.919, 100, 0, 0, 141, 43.712, 43.712, 9, 0.94, 0, 96.462, 0, 0, 101.462, 55.084, 0, 0.5, 0, 0, 
8.05, 17.973, 100.3, 73.96, 74.78, , 2.94, 0.987, 520.626, 520.626, 2.858, 71.809, 71.809, 71.809, 51.956, 60.786, 35.57, 35.541, 7.379, 12.958, 0, 0, 10.399, 10.53, 10.399, 10.53, 1, 54.993, 54.993, 0.024, 0.135, 19.112, 19.356, 19.112, 19.356, 5.131, 7.379, 12.958, , , 1, 8.15, 0, 0, 14, 2.858, 192, 0, 0, 0, 59, 5.531, 5.272, 123.8, 37.907, 100, 0, 0, 43.658, 43.658, 9, 0.94, 96.408, 0, 0, 101.408, 55.219, 0, 0, 0, 0, 0, 14, 0, 14, 0, 2.858, 192, 0, 0, 0, 59, 1, 0.006, 0.005, 123.8, 37.84, 100, 0, 0, 141, 43.658, 43.658, 9, 0.94, 0, 96.408, 0, 0, 101.408, 55.219, 0, 0.5, 0, 0, 
8.1, 17.974, 100.3, 73.96, 74.782, , 2.924, 0.987, 524.653, 524.653, 2.865, 71.425, 71.425, 71.425, 51.944, 61.559, 35.534, 35.469, 7.379, 12.935, 0, 0, 10.37, 10.503, 10.37, 10.503, 1, 55.14, 55.14, 0.024, 0.136, 19.014, 19.258, 19.014, 19.258, 5.122, 7.379, 12.935, , , 1, 8.2, 0, 0, 14, 2.865, 192, 0, 0, 0, 59, 5.529, 5.281, 123.8, 37.866, 100, 0, 0, 43.603, 43.603, 9, 0.94, 96.353, 0, 0, 101.353, 55.354, 0, 0, 0, 0, 0, 14, 0, 14, 0, 2.865, 192, 0, 0, 0, 59, 1, 0.006, 0.005, 123.8, 37.76, 100, 0, 0, 141, 43.603, 43.603, 9, 0.94, 0, 96.353, 0, 0, 101.353, 55.354, 0, 0.5, 0, 0, 
8.15, 17.975, 100.3, 73.96, 74.783, , 2.911, 0.987, 528.679, 528.679, 2.872, 71.114, 71.114, 71.114, 51.934, 62.331, 35.498, 35.397, 7.379, 12.911, 0, 0, 10.351, 10.485, 10.351, 10.485, 1, 55.285, 55.285, 0.024, 0.136, 18.935, 19.179, 18.935, 19.179, 5.127, 7.379, 12.911, , , 1, 8.251, 0, 0, 14, 2.872, 192, 0, 0, 0, 59, 5.527, 5.291, 123.8, 37.826, 100, 0, 0, 43.549, 43.549, 9, 0.94, 96.299, 0, 0, 101.299, 55.489, 0, 0, 0, 0, 0, 14, 0, 14, 0, 2.872, 192, 0, 0, 0, 59, 1, 0.006, 0.005, 123.8, 37.68, 100, 0, 0, 141, 43.549, 43.549, 9, 0.94, 0, 96.299, 0, 0, 101.299, 55.489, 0, 0.5, 0, 0, 
8.2, 17.976, 100.3, 73.96, 74.785, , 2.892, 0.987, 532.705, 532.705, 2.879, 70.664, 70.664, 70.664, 51.925, 63.104, 35.462, 35.325, 7.38, 12.888, 0, 0, 10.312, 10.446, 10.312, 10.446, 1, 55.428, 55.428, 0.024, 0.137, 18.818, 19.062, 18.818, 19.062, 5.133, 7.38, 12.888, , , 1, 8.301, 0, 0, 14, 2.879, 192, 0, 0, 0, 59.01, 5.525, 5.3, 123.8, 37.794, 100, 0, 0, 43.505, 43.505, 9.01, 0.94, 96.245, 0, 0, 101.24, 55.629, 0, 0, 0, 0, 0, 14, 0, 14, 0, 2.879, 192, 0, 0, 0, 59.01, 1, 0.006, 0.005, 123.8, 37.619, 100, 0, 0, 141, 43.505, 43.505, 9.01, 0.94, 0, 96.245, 0, 0, 101.24, 55.629, 0, 0.5, 0, 0, 
8.25, 17.977, 100.3, 73.96, 74.786, , 2.892, 0.987, 536.731, 536.731, 2.886, 70.67, 70.67, 70.67, 51.919, 63.876, 35.426, 35.253, 7.38, 12.874, 0, 0, 10.34, 10.474, 10.34, 10.474, 1, 55.572, 55.572, 0.024, 0.137, 18.822, 19.066, 18.822, 19.066, 5.139, 7.38, 12.874, , , 1, 8.35, 0, 0, 14, 2.886, 192, 0, 0, 0, 59.115, 5.528, 5.3, 123.8, 37.831, 100, 0, 0, 43.557, 43.557, 9.115, 0.942, 96.193, 0, 0, 101.135, 55.824, 0, 0, 0, 0, 0, 14, 0, 14, 0, 2.886, 192, 0, 0, 0, 59.115, 1, 0.006, 0.005, 123.8, 37.694, 100, 0, 0, 141, 43.557, 43.557, 9.115, 0.942, 0, 96.193, 0, 0, 101.135, 55.824, 0, 0.5, 0, 0, 
8.3, 17.978, 100.3, 73.96, 74.788, , 2.901, 0.987, 540.822, 540.822, 2.894, 70.893, 70.893, 70.893, 51.915, 64.648, 35.243, 35.21, 7.38, 12.861, 0, 0, 10.398, 10.534, 10.398, 10.534, 1, 55.716, 55.716, 0.024, 0.138, 18.882, 19.127, 18.882, 19.127, 5.144, 7.38, 12.861, , , 1, 8.4, 0, 0, 14, 2.894, 192, 0, 0, 0, 59.219, 5.532, 5.3, 123.8, 37.869, 100, 0, 0, 43.609, 43.609, 9.219, 0.944, 96.141, 0, 0, 101.031, 56.019, 0, 0, 0, 0, 0, 14, 0, 14, 0, 2.894, 192, 0, 0, 0, 59.219, 1, 0.006, 0.005, 123.8, 37.768, 100, 0, 0, 141, 43.609, 43.609, 9.219, 0.944, 0, 96.141, 0, 0, 101.031, 56.019, 0, 0.5, 0, 0, 
8.35, 17.979, 100.3, 73.96, 74.789, , 2.892, 0.987, 544.864, 544.864, 2.901, 70.678, 70.678, 70.678, 51.914, 65.421, 35.027, 35.174, 7.38, 12.856, 0, 0, 10.395, 10.529, 10.395, 10.529, 1, 55.861, 55.861, 0.024, 0.138, 18.825, 19.069, 18.825, 19.069, 5.15, 7.38, 12.856, , , 1, 8.45, 0, 0, 14, 2.901, 192, 0, 0, 0, 59.323, 5.535, 5.3, 123.8, 37.906, 100, 0, 0, 43.661, 43.661, 9.323, 0.946, 96.089, 0, 0, 100.927, 56.214, 0, 0, 0, 0, 0, 14, 0, 14, 0, 2.901, 192, 0, 0, 0, 59.323, 1, 0.006, 0.005, 123.8, 37.843, 100, 0, 0, 141, 43.661, 43.661, 9.323, 0.946, 0, 96.089, 0, 0, 100.927, 56.214, 0, 0.5, 0, 0, 
8.4, 17.98, 100.3, 73.96, 74.789, , 2.897, 0.987, 548.934, 548.934, 2.909, 70.795, 70.795, 70.795, 51.916, 66.193, 34.811, 35.138, 7.38, 12.852, 0, 0, 10.439, 10.573, 10.439, 10.573, 1, 56.005, 56.005, 0.024, 0.138, 18.855, 19.099, 18.855, 19.099, 5.155, 7.38, 12.852, , , 1, 8.501, 0, 0, 14, 2.909, 192, 0, 0, 0, 59.427, 5.538, 5.3, 123.8, 37.944, 100, 0, 0, 43.714, 43.714, 9.427, 0.949, 96.036, 0, 0, 100.823, 56.409, 0, 0, 0, 0, 0, 14, 0, 14, 0, 2.909, 192, 0, 0, 0, 59.427, 1, 0.006, 0.005, 123.8, 37.918, 100, 0, 0, 141, 43.714, 43.714, 9.427, 0.949, 0, 96.036, 0, 0, 100.823, 56.409, 0, 0.5, 0, 0, 
8.45, 17.981, 100.3, 73.96, 74.788, , 2.919, 0.987, 553.03, 553.03, 2.916, 71.329, 71.329, 71.329, 51.92, 66.965, 34.595, 35.102, 7.381, 12.851, 0, 0, 10.545, 10.68, 10.545, 10.68, 1, 56.148, 56.148, 0.024, 0.138, 18.996, 19.241, 18.996, 19.241, 5.161, 7.381, 12.851, , , 1, 8.551, 0, 0, 14, 2.916, 192, 0, 0, 0, 59.531, 5.541, 5.297, 123.8, 37.982, 100, 0, 0, 43.766, 43.75, 9.531, 0.951, 96, 0, 0, 100.734, 56.603, 0, 0, 0, 0, 0, 14, 0, 14, 0, 2.916, 192, 0, 0, 0, 59.531, 1, 0.006, 0.005, 123.8, 37.982, 100, 0, 0, 141, 43.766, 43.75, 9.531, 0.951, 0, 96, 0, 0, 100.734, 56.603, 0, 0.5, 0, 0, 
8.5, 17.982, 100.3, 73.96, 74.786, , 2.941, 0.987, 557.125, 557.125, 2.924, 71.86, 71.86, 71.86, 51.926, 67.738, 34.379, 35.066, 7.382, 12.849, 0, 0, 10.651, 10.788, 10.651, 10.788, 1, 56.294, 56.294, 0.024, 0.138, 19.135, 19.381, 19.135, 19.381, 5.166, 7.382, 12.849, , , 1, 8.6, 0, 0, 14, 2.924, 192, 0, 0, 0, 59.635, 5.545, 5.288, 123.8, 38.02, 100, 0, 0, 43.818, 43.75, 9.635, 0.953, 96, 0, 0, 100.682, 56.798, 0, 0, 0, 0, 0, 14, 0, 14, 0, 2.924, 192, 0, 0, 0, 59.635, 1, 0.006, 0.005, 123.8, 38.02, 100, 0, 0, 141, 43.818, 43.75, 9.635, 0.953, 0, 96, 0, 0, 100.682, 56.798, 0, 0.5, 0, 0, 
8.55, 17.983, 100.3, 73.96, 74.785, , 2.95, 0.987, 561.222, 561.222, 2.931, 72.063, 72.063, 72.063, 51.935, 68.51, 34.572, 35.06, 7.383, 12.845, 0, 0, 10.709, 10.847, 10.709, 10.847, 1, 56.44, 56.44, 0.024, 0.137, 19.186, 19.434, 19.186, 19.434, 5.18, 7.383, 12.845, , , 1, 8.651, 0, 0, 14, 2.931, 192, 0, 0, 0, 59.74, 5.55, 5.278, 123.8, 38.059, 100, 0, 0, 43.87, 43.75, 9.74, 0.955, 96, 0, 0, 100.63, 56.993, 0, 0, 0, 0, 0, 14, 0, 14, 0, 2.931, 192, 0, 0, 0, 59.74, 1, 0.006, 0.005, 123.8, 38.059, 100, 0, 0, 141, 43.87, 43.75, 9.74, 0.955, 0, 96, 0, 0, 100.63, 56.993, 0, 0.5, 0, 0, 
8.6, 17.983, 100.3, 73.96, 74.783, , 2.952, 0.987, 565.323, 565.323, 2.939, 72.121, 72.121, 72.121, 51.944, 69.283, 34.856, 35.06, 7.384, 12.841, 0, 0, 10.746, 10.884, 10.746, 10.884, 1, 56.585, 56.585, 0.024, 0.137, 19.199, 19.447, 19.199, 19.447, 5.196, 7.384, 12.841, , , 1, 8.701, 0, 0, 14, 2.939, 192, 0, 0, 0, 59.844, 5.554, 5.269, 123.8, 38.097, 100, 0, 0, 43.922, 43.75, 9.844, 0.957, 96, 0, 0, 100.578, 57.188, 0, 0, 0, 0, 0, 14, 0, 14, 0, 2.939, 192, 0, 0, 0, 59.844, 1, 0.006, 0.005, 123.8, 38.097, 100, 0, 0, 141, 43.922, 43.75, 9.844, 0.957, 0, 96, 0, 0, 100.578, 57.188, 0, 0.5, 0, 0, 
8.65, 17.984, 100.3, 73.96, 74.782, , 2.956, 0.987, 569.493, 569.493, 2.947, 72.213, 72.213, 72.213, 51.952, 70.055, 35.139, 35.06, 7.386, 12.837, 0, 0, 10.786, 10.926, 10.786, 10.926, 1, 56.732, 56.732, 0.024, 0.137, 19.221, 19.469, 19.221, 19.469, 5.212, 7.386, 12.837, , , 1, 8.751, 0, 0, 14, 2.947, 192, 0, 0, 0, 59.948, 5.558, 5.26, 123.8, 38.136, 100, 0, 0, 43.974, 43.75, 9.948, 0.959, 96, 0, 0, 100.526, 57.383, 0, 0, 0, 0, 0, 14, 0, 14, 0, 2.947, 192, 0, 0, 0, 59.948, 1, 0.006, 0.005, 123.8, 38.136, 100, 0, 0, 141, 43.974, 43.75, 9.948, 0.959, 0, 96, 0, 0, 100.526, 57.383, 0, 0.5, 0, 0, 
8.7, 17.985, 100.3, 73.96, 74.78, , 2.947, 0.987, 573.593, 573.593, 2.955, 72.002, 72.002, 72.002, 51.961, 70.827, 35.423, 35.06, 7.388, 12.833, 0, 0, 10.783, 10.923, 10.783, 10.923, 1, 56.879, 56.879, 0.024, 0.136, 19.161, 19.409, 19.161, 19.409, 5.229, 7.388, 12.833, , , 1, 8.801, 0, 0, 14, 2.955, 192, 0, 0, 0, 60, 5.56, 5.252, 123.8, 38.177, 100, 0, 0, 44.03, 43.78, 10, 0.96, 96, 0, 0, 100.5, 57.554, 0, 0, 0, 0, 0, 14, 0, 14, 0, 2.955, 192, 0, 0, 0, 60, 1, 0.006, 0.005, 123.8, 38.177, 100, 0, 0, 141, 44.03, 43.78, 10, 0.96, 0, 96, 0, 0, 100.5, 57.554, 0, 0.5, 0, 0, 
8.75, 17.986, 100.3, 73.96, 74.779, , 2.901, 0.987, 577.748, 577.748, 2.963, 70.927, 70.927, 70.927, 51.967, 71.6, 35.706, 35.06, 7.388, 12.834, 0, 0, 10.648, 10.786, 10.648, 10.786, 1, 57.025, 57.025, 0.024, 0.136, 18.872, 19.117, 18.872, 19.117, 5.249, 7.388, 12.834, , , 1, 8.851, 0, 0, 14, 2.963, 192, 0, 0, 0, 60, 5.56, 5.246, 123.8, 38.221, 100, 0, 0, 44.089, 43.839, 10, 0.96, 96, 0, 0, 100.5, 57.701, 0, 0, 0, 0, 0, 14, 0, 14, 0, 2.963, 192, 0, 0, 0, 60, 1, 0.006, 0.005, 123.8, 38.221, 100, 0, 0, 141, 44.089, 43.839, 10, 0.96, 0, 96, 0, 0, 100.5, 57.701, 0, 0.5, 0, 0, 
8.8, 17.986, 100.3, 73.96, 74.777, , 2.824, 0.987, 581.918, 581.918, 2.971, 69.089, 69.089, 69.089, 51.973, 72.372, 35.699, 35.087, 7.388, 12.837, 0, 0, 10.396, 10.532, 10.396, 10.532, 1, 57.168, 57.168, 0.024, 0.136, 18.381, 18.62, 18.381, 18.62, 5.274, 7.388, 12.837, , , 1, 8.9, 0, 0, 14, 2.971, 192, 0, 0, 0, 60, 5.56, 5.24, 123.8, 38.265, 100, 0, 0, 44.149, 43.899, 10, 0.96, 96, 0, 0, 100.5, 57.849, 0, 0, 0, 0, 0, 14, 0, 14, 0, 2.971, 192, 0, 0, 0, 60, 1, 0.006, 0.005, 123.8, 38.266, 100, 0, 0, 141, 44.149, 43.899, 10, 0.96, 0, 96, 0, 0, 100.5, 57.849, 0, 0.5, 0, 0, 
8.85, 17.987, 100.3, 73.96, 74.776, , 2.742, 0.987, 586.088, 586.088, 2.98, 67.145, 67.145, 67.145, 51.98, 73.145, 35.589, 35.124, 7.387, 12.84, 0, 0, 10.127, 10.259, 10.127, 10.259, 1, 57.306, 57.306, 0.024, 0.136, 17.861, 18.093, 17.861, 18.093, 5.298, 7.387, 12.84, , , 1, 8.951, 0, 0, 14, 2.98, 192, 0, 0, 0, 60, 5.56, 5.234, 123.8, 38.309, 100, 0, 0, 44.208, 43.958, 10, 0.96, 96, 0, 0, 100.5, 57.997, 0, 0, 0, 0, 0, 14, 0, 14, 0, 2.98, 192, 0, 0, 0, 60, 1, 0.006, 0.005, 123.8, 38.31, 100, 0, 0, 141, 44.208, 43.958, 10, 0.96, 0, 96, 0, 0, 100.5, 57.997, 0, 0.5, 0, 0, 
8.9, 17.988, 100.3, 73.96, 74.774, , 2.676, 0.987, 590.258, 590.258, 2.988, 65.589, 65.589, 65.589, 51.987, 73.917, 35.479, 35.16, 7.386, 12.844, 0, 0, 9.915, 10.044, 9.915, 10.044, 1, 57.44, 57.44, 0.024, 0.137, 17.444, 17.671, 17.444, 17.671, 5.323, 7.386, 12.844, , , 1, 9.001, 0, 0, 14, 2.988, 192, 0, 0, 0, 60, 5.561, 5.231, 123.8, 38.34, 100, 0, 0, 44.25, 44.016, 10, 0.96, 96.016, 0, 0, 100.516, 58.139, 0, 0, 0, 0, 0, 14, 0, 14, 0, 2.988, 192, 0, 0, 0, 60, 1, 0.006, 0.005, 123.8, 38.34, 100, 0, 0, 141, 44.25, 44.016, 10, 0.96, 0, 96.016, 0, 0, 100.516, 58.139, 0, 0.5, 0, 0, 
8.95, 17.989, 100.3, 73.96, 74.773, , 2.614, 0.987, 594.451, 594.451, 2.994, 64.116, 64.116, 64.116, 51.993, 74.689, 35.37, 35.197, 7.385, 12.846, 0, 0, 9.715, 9.842, 9.715, 9.842, 1, 57.574, 57.574, 0.024, 0.137, 17.05, 17.271, 17.05, 17.271, 5.326, 7.385, 12.846, , , 1, 9.05, 0, 0, 14, 2.994, 192, 0, 0, 0, 60, 5.565, 5.234, 123.8, 38.34, 100, 0, 0, 44.25, 44.068, 10, 0.96, 96.068, 0, 0, 100.568, 58.268, 0, 0, 0, 0, 0, 14, 0, 14, 0, 2.994, 192, 0, 0, 0, 60, 1, 0.006, 0.005, 123.8, 38.34, 100, 0, 0, 141, 44.25, 44.068, 10, 0.96, 0, 96.068, 0, 0, 100.568, 58.268, 0, 0.5, 0, 0, 
9, 17.99, 100.3, 73.96, 74.771, , 2.535, 0.987, 598.68, 598.68, 3.001, 62.254, 62.254, 62.254, 52.001, 75.462, 35.26, 35.233, 7.383, 12.846, 0, 0, 9.455, 9.578, 9.455, 9.578, 1, 57.701, 57.701, 0.024, 0.137, 16.553, 16.767, 16.553, 16.767, 5.309, 7.383, 12.846, , , 1, 9.101, 0, 0, 14, 3.001, 192, 0, 0, 0, 60, 5.57, 5.237, 123.8, 38.34, 100, 0, 0, 44.25, 44.12, 10, 0.96, 96.12, 0, 0, 100.62, 58.397, 0, 0, 0, 0, 0, 14, 0, 14, 0, 3.001, 192, 0, 0, 0, 60, 1, 0.006, 0.005, 123.8, 38.34, 100, 0, 0, 141, 44.25, 44.12, 10, 0.96, 0, 96.12, 0, 0, 100.62, 58.397, 0, 0.5, 0, 0, 
9.05, 17.99, 100.3, 73.96, 74.769, , 2.484, 0.987, 602.858, 602.858, 3.008, 61.045, 61.045, 61.045, 52.01, 76.234, 35.092, 35.122, 7.381, 12.84, 0, 0, 9.292, 9.412, 9.292, 9.412, 1, 57.826, 57.826, 0.024, 0.137, 16.23, 16.438, 16.23, 16.438, 5.293, 7.381, 12.84, , , 1, 9.151, 0, 0, 14, 3.008, 192, 0, 0, 0, 60, 5.574, 5.24, 123.8, 38.34, 100, 0, 0, 44.25, 44.172, 10, 0.96, 96.172, 0, 0, 100.672, 58.526, 0, 0, 0, 0, 0, 14, 0, 14, 0, 3.008, 192, 0, 0, 0, 60, 1, 0.006, 0.005, 123.8, 38.34, 100, 0, 0, 141, 44.25, 44.172, 10, 0.96, 0, 96.172, 0, 0, 100.672, 58.526, 0, 0.5, 0, 0, 
9.1, 17.991, 100.3, 73.96, 74.768, , 2.472, 0.987, 607.103, 607.103, 3.015, 60.76, 60.76, 60.76, 52.018, 77.006, 34.912, 34.978, 7.38, 12.83, 0, 0, 9.268, 9.388, 9.268, 9.388, 1, 57.949, 57.949, 0.024, 0.138, 16.152, 16.358, 16.152, 16.358, 5.276, 7.38, 12.83, , , 1, 9.201, 0, 0, 14, 3.015, 192, 0, 0, 0, 60, 5.578, 5.243, 123.8, 38.34, 100, 0, 0, 44.25, 44.224, 10, 0.96, 96.224, 0, 0, 100.724, 58.655, 0, 0, 0, 0, 0, 14, 0, 14, 0, 3.015, 192, 0, 0, 0, 60, 1, 0.006, 0.005, 123.8, 38.34, 100, 0, 0, 141, 44.25, 44.224, 10, 0.96, 0, 96.224, 0, 0, 100.724, 58.655, 0, 0.5, 0, 0, 
9.15, 17.992, 100.3, 73.96, 74.766, , 2.445, 0.987, 611.347, 611.347, 3.02, 60.138, 60.138, 60.138, 52.024, 75.332, 34.732, 34.834, 7.38, 12.819, 0, 0, 9.193, 9.312, 9.193, 9.312, 1, 58.071, 58.071, 0.024, 0.138, 15.985, 16.189, 15.985, 16.189, 5.262, 7.38, 12.819, , , 1, 9.251, 0, 0, 14, 3.02, 192, 0, 0, 0, 60, 5.584, 5.247, 123.8, 38.34, 100, 0, 0, 44.223, 44.223, 10, 0.96, 96.277, 0, 0, 100.777, 58.754, 0, 0, 0, 0, 0, 14, 0, 14, 0, 3.02, 192, 0, 0, 0, 60, 1, 0.006, 0.005, 123.8, 38.34, 100, 0, 0, 141, 44.223, 44.223, 10, 0.96, 0, 96.277, 0, 0, 100.777, 58.754, 0, 0.5, 0, 0, 
9.2, 17.993, 100.3, 73.96, 74.765, , 2.35, 0.987, 615.593, 615.593, 3.024, 57.872, 57.872, 57.872, 52.03, 73.191, 34.552, 34.69, 7.38, 12.806, 0, 0, 8.865, 8.978, 8.865, 8.978, 1, 58.189, 58.189, 0.024, 0.138, 15.382, 15.578, 15.382, 15.578, 5.256, 7.38, 12.806, , , 1, 9.301, 0, 0, 14, 3.024, 192, 0, 0, 0, 60, 5.593, 5.25, 123.8, 38.34, 100, 0, 0, 44.168, 44.168, 10, 0.96, 96.332, 0, 0, 100.832, 58.821, 0, 0, 0, 0, 0, 14, 0, 14, 0, 3.024, 192, 0, 0, 0, 60, 1, 0.006, 0.005, 123.8, 38.34, 100, 0, 0, 141, 44.168, 44.168, 10, 0.96, 0, 96.332, 0, 0, 100.832, 58.821, 0, 0.5, 0, 0, 
9.25, 17.993, 100.3, 73.96, 74.763, , 2.21, 0.987, 619.839, 619.839, 3.027, 54.547, 54.547, 54.547, 52.038, 71.051, 34.372, 34.546, 7.38, 12.79, 0, 0, 8.371, 8.478, 8.371, 8.478, 1, 58.302, 58.302, 0.024, 0.138, 14.497, 14.681, 14.497, 14.681, 5.251, 7.38, 12.79, , , 1, 9.351, 0, 0, 14, 3.027, 192, 0, 0, 0, 60, 5.602, 5.253, 123.8, 38.34, 100, 0, 0, 44.114, 44.114, 10, 0.96, 96.386, 0, 0, 100.886, 58.888, 0, 0, 0, 0, 0, 14, 0, 14, 0, 3.027, 192, 0, 0, 0, 60, 1, 0.006, 0.005, 123.8, 38.34, 100, 0, 0, 141, 44.114, 44.114, 10, 0.96, 0, 96.386, 0, 0, 100.886, 58.888, 0, 0.5, 0, 0, 
9.3, 17.994, 100.3, 73.96, 74.762, , 2.037, 0.987, 624.084, 624.084, 3.03, 50.463, 50.463, 50.463, 52.049, 68.91, 34.399, 34.52, 7.379, 12.774, 0, 0, 7.756, 7.857, 7.756, 7.857, 1, 58.41, 58.41, 0.024, 0.138, 13.41, 13.579, 13.41, 13.579, 5.245, 7.379, 12.774, , , 1, 9.401, 0, 0, 14, 3.03, 192, 0, 0, 0, 60, 5.61, 5.256, 123.8, 38.34, 100, 0, 0, 44.06, 44.06, 10, 0.96, 96.44, 0, 0, 100.94, 58.956, 0, 0, 0, 0, 0, 14, 0, 14, 0, 3.03, 192, 0, 0, 0, 60, 1, 0.006, 0.005, 123.8, 38.34, 100, 0, 0, 141, 44.06, 44.06, 10, 0.96, 0, 96.44, 0, 0, 100.94, 58.956, 0, 0.5, 0, 0, 
9.35, 17.995, 100.3, 73.96, 74.76, , 1.849, 0.987, 628.376, 628.376, 3.034, 46.008, 46.008, 46.008, 52.065, 66.77, 34.471, 34.52, 7.379, 12.757, 0, 0, 7.084, 7.176, 7.084, 7.176, 1, 58.507, 58.507, 0.024, 0.138, 12.223, 12.378, 12.223, 12.378, 5.239, 7.379, 12.757, , , 1, 9.451, 0, 0, 14, 3.034, 192, 0, 0, 0, 60, 5.619, 5.26, 123.8, 38.34, 100, 0, 0, 44.005, 44.005, 10, 0.96, 96.495, 0, 0, 100.995, 59.023, 0, 0, 0, 0, 0, 14, 0, 14, 0, 3.034, 192, 0, 0, 0, 60, 1, 0.006, 0.005, 123.8, 38.34, 100, 0, 0, 141, 44.005, 44.005, 10, 0.96, 0, 96.495, 0, 0, 100.995, 59.023, 0, 0.5, 0, 0, 
9.4, 17.996, 100.3, 73.96, 74.759, , 1.662, 0.987, 632.659, 632.659, 3.041, 41.558, 41.558, 41.558, 52.081, 64.629, 34.543, 34.52, 7.378, 12.741, 0, 0, 6.409, 6.493, 6.409, 6.493, 1, 58.595, 58.595, 0.024, 0.138, 11.038, 11.178, 11.038, 11.178, 5.23, 7.378, 12.741, , , 1, 9.502, 0, 0, 14.009, 3.041, 192, 0, 0, 0, 60.187, 5.636, 5.281, 123.8, 38.446, 100, 0, 0, 44.14, 44.14, 10, 0.964, 96.687, 0, 0, 101.187, 59.088, 0, 0, 0, 0, 0, 14, 0, 14.009, 0, 3.041, 192, 0, 0, 0, 60.187, 1, 0.006, 0.005, 123.8, 38.446, 100, 0, 0, 141, 44.14, 44.14, 10, 0.964, 0, 96.687, 0, 0, 101.187, 59.088, 0, 0.491, 0, 0, 
9.45, 17.996, 100.3, 73.96, 74.757, , 1.499, 0.987, 636.938, 636.938, 3.048, 37.686, 37.686, 37.686, 52.098, 62.489, 34.615, 34.52, 7.378, 12.726, 0, 0, 5.82, 5.897, 5.82, 5.897, 1, 58.674, 58.674, 0.024, 0.137, 10.006, 10.134, 10.006, 10.134, 5.221, 7.378, 12.726, , , 1, 9.552, 0, 0, 14.02, 3.048, 192, 0, 0, 0, 60.394, 5.654, 5.303, 123.8, 38.561, 100, 0, 0, 44.296, 44.296, 10, 0.968, 96.894, 0, 0, 101.394, 59.152, 0, 0, 0, 0, 0, 14, 0, 14.02, 0, 3.048, 192, 0, 0, 0, 60.394, 1, 0.006, 0.005, 123.8, 38.561, 100, 0, 0, 141, 44.296, 44.296, 10, 0.968, 0, 96.894, 0, 0, 101.394, 59.152, 0, 0.48, 0, 0, 
9.5, 17.997, 100.3, 73.96, 74.756, , 1.368, 0.987, 641.236, 641.236, 3.056, 34.598, 34.598, 34.598, 52.111, 60.348, 34.687, 34.52, 7.377, 12.711, 0, 0, 5.351, 5.421, 5.351, 5.421, 1, 58.746, 58.746, 0.024, 0.137, 9.184, 9.3, 9.184, 9.3, 5.212, 7.377, 12.711, , , 1, 9.601, 0, 0, 14.03, 3.056, 192, 0, 0, 0, 60.602, 5.671, 5.326, 123.8, 38.676, 100, 0, 0, 44.451, 44.451, 10, 0.972, 97.102, 0, 0, 101.602, 59.217, 0, 0, 0, 0, 0, 14, 0, 14.03, 0, 3.056, 192, 0, 0, 0, 60.602, 1, 0.006, 0.005, 123.8, 38.676, 100, 0, 0, 141, 44.451, 44.451, 10, 0.972, 0, 97.102, 0, 0, 101.602, 59.217, 0, 0.47, 0, 0, 
9.55, 17.998, 100.3, 73.96, 74.754, , 1.258, 0.987, 645.5, 645.5, 3.063, 31.985, 31.985, 31.985, 52.123, 58.208, 34.644, 34.647, 7.377, 12.7, 0, 0, 4.953, 5.016, 4.953, 5.016, 1, 58.813, 58.813, 0.024, 0.137, 8.488, 8.595, 8.488, 8.595, 5.203, 7.377, 12.7, , , 1, 9.652, 0, 0, 14.041, 3.063, 192, 0, 0, 0, 60.809, 5.689, 5.349, 123.8, 38.791, 100, 0, 0, 44.607, 44.607, 10, 0.976, 97.309, 0, 0, 101.809, 59.281, 0, 0, 0, 0, 0, 14, 0, 14.041, 0, 3.063, 192, 0, 0, 0, 60.809, 1, 0.006, 0.005, 123.8, 38.791, 100, 0, 0, 141, 44.607, 44.607, 10, 0.976, 0, 97.309, 0, 0, 101.809, 59.281, 0, 0.46, 0, 0, 
9.6, 17.999, 100.3, 73.96, 74.753, , 1.181, 0.987, 649.825, 649.825, 3.07, 30.168, 30.168, 30.168, 52.13, 56.067, 34.575, 34.801, 7.378, 12.692, 0, 0, 4.677, 4.736, 4.677, 4.736, 1, 58.873, 58.873, 0.024, 0.137, 8.004, 8.105, 8.004, 8.105, 5.208, 7.378, 12.692, , , 1, 9.701, 0, 0, 14.051, 3.07, 192, 0, 0, 0, 61, 5.706, 5.372, 123.8, 38.899, 100, 0, 0, 44.754, 44.754, 10, 0.98, 97.508, 0, 0, 102.013, 59.345, 0, 0, 0, 0, 0, 14, 0, 14.051, 0, 3.07, 192, 0, 0, 0, 61, 1, 0.006, 0.005, 123.8, 38.899, 100, 0, 0, 141, 44.754, 44.754, 10, 0.98, 0, 97.508, 0, 0, 102.013, 59.345, 0, 0.449, 0, 0, 
9.65, 17.999, 100.3, 73.96, 74.751, , 1.095, 0.987, 654.149, 654.149, 3.073, 28.126, 28.126, 28.126, 52.134, 53.926, 34.506, 34.956, 7.378, 12.687, 0, 0, 4.365, 4.418, 4.365, 4.418, 1, 58.93, 58.93, 0.024, 0.136, 7.461, 7.556, 7.461, 7.556, 5.214, 7.378, 12.687, , , 1, 9.75, 0, 0, 14.061, 3.073, 192, 0, 0, 0, 61, 5.72, 5.395, 123.8, 38.938, 100, 0, 0, 44.806, 44.806, 10, 0.982, 97.613, 0, 0, 102.169, 59.41, 0, 0, 0, 0, 0, 14, 0, 14.062, 0, 3.073, 192, 0, 0, 0, 61, 1, 0.006, 0.005, 123.8, 38.938, 100, 0, 0, 141, 44.806, 44.806, 10, 0.982, 0, 97.613, 0, 0, 102.169, 59.41, 0, 0.439, 0, 0, 
9.7, 18, 100.3, 73.96, 74.75, , 1.002, 0.987, 658.474, 658.474, 3.076, 25.904, 25.904, 25.904, 52.139, 51.786, 34.438, 35.11, 7.379, 12.684, 0, 0, 4.024, 4.072, 4.024, 4.072, 1, 58.983, 58.983, 0.024, 0.136, 6.872, 6.958, 6.872, 6.958, 5.22, 7.379, 12.684, , , 1, 9.801, 0, 0, 14.072, 3.076, 192, 0, 0, 0, 61, 5.733, 5.418, 123.8, 38.976, 100, 0, 0, 44.859, 44.859, 10, 0.984, 97.718, 0, 0, 102.326, 59.475, 0, 0, 0, 0, 0, 14, 0, 14.072, 0, 3.076, 192, 0, 0, 0, 61, 1, 0.006, 0.005, 123.8, 38.976, 100, 0, 0, 141, 44.859, 44.859, 10, 0.984, 0, 97.718, 0, 0, 102.326, 59.475, 0, 0.428, 0, 0, 
9.75, 18, 100.3, 73.96, 74.752, , 0.932, 0.987, 662.719, 662.719, 3.079, 24.248, 24.248, 24.248, 52.146, 49.645, 34.369, 35.265, 7.379, 12.681, 0, 0, 3.769, 3.816, 3.769, 3.816, 1, 59.03, 59.03, 0.024, 0.136, 6.432, 6.513, 6.432, 6.513, 5.227, 7.379, 12.681, , , 1, 9.851, 0, 0, 14.082, 3.079, 192, 0, 0, 0, 61, 5.747, 5.441, 123.8, 39.015, 100, 0, 0, 44.911, 44.911, 10, 0.986, 97.822, 0, 0, 102.483, 59.54, 0, 0, 0, 0, 0, 14, 0, 14.082, 0, 3.079, 192, 0, 0, 0, 61, 1, 0.006, 0.005, 123.8, 39.015, 100, 0, 0, 141, 44.911, 44.911, 10, 0.986, 0, 97.822, 0, 0, 102.483, 59.54, 0, 0.418, 0, 0, 
9.8, 18, 100.3, 73.96, 74.753, , 0.919, 0.987, 667.036, 667.036, 3.082, 23.942, 23.942, 23.942, 52.155, 47.505, 34.45, 35.341, 7.38, 12.679, 0, 0, 3.724, 3.77, 3.724, 3.77, 1, 59.075, 59.075, 0.024, 0.136, 6.35, 6.43, 6.35, 6.43, 5.258, 7.38, 12.679, , , 1, 9.901, 0, 0, 14.093, 3.082, 192, 0, 0, 0, 61, 5.76, 5.464, 123.8, 39.054, 100, 0, 0, 44.963, 44.963, 10, 0.989, 97.927, 0, 0, 102.64, 59.605, 0, 0, 0, 0, 0, 14, 0, 14.093, 0, 3.082, 192, 0, 0, 0, 61, 1, 0.006, 0.005, 123.8, 39.054, 100, 0, 0, 141, 44.963, 44.963, 10, 0.989, 0, 97.927, 0, 0, 102.64, 59.605, 0, 0.407, 0, 0, 
9.85, 18, 100.3, 73.96, 74.755, , 0.93, 0.987, 671.359, 671.359, 3.084, 24.203, 24.203, 24.203, 52.164, 45.364, 34.639, 35.36, 7.38, 12.676, 0, 0, 3.767, 3.813, 3.767, 3.813, 1, 59.121, 59.121, 0.024, 0.136, 6.418, 6.499, 6.418, 6.499, 5.299, 7.38, 12.676, , , 1, 9.951, 0, 0, 14.1, 3.084, 192, 0, 0, 0, 61, 5.777, 5.487, 123.8, 39.08, 100, 0, 0, 45, 45.016, 10, 0.991, 98.049, 0, 0, 102.799, 59.67, 0, 0, 0, 0, 0, 14, 0, 14.1, 0, 3.084, 192, 0, 0, 0, 61, 1, 0.006, 0.006, 123.8, 39.08, 100, 0, 0, 141, 45, 45.016, 10, 0.991, 0, 98.049, 0, 0, 102.799, 59.67, 0, 0.4, 0, 0, 
9.9, 18, 100.3, 73.96, 74.756, , 0.964, 0.987, 675.683, 675.683, 3.087, 25.018, 25.018, 25.018, 52.169, 43.224, 34.828, 35.379, 7.379, 12.674, 0, 0, 3.897, 3.946, 3.897, 3.946, 1, 59.168, 59.168, 0.024, 0.136, 6.634, 6.717, 6.634, 6.717, 5.341, 7.379, 12.674, , , 1, 10.001, 0, 0, 14.1, 3.087, 192, 0, 0, 0, 61, 5.798, 5.508, 123.8, 39.08, 100, 0, 0, 45, 45.071, 10, 0.993, 98.212, 0, 0, 102.962, 59.738, 0, 0, 0, 0, 0, 14, 0, 14.1, 0, 3.087, 192, 0, 0, 0, 61, 1, 0.006, 0.006, 123.8, 39.08, 100, 0, 0, 141, 45, 45.071, 10, 0.993, 0, 98.212, 0, 0, 102.962, 59.738, 0, 0.4, 0, 0, 
9.95, 18, 100.3, 73.96, 74.758, , 1.042, 0.987, 680.061, 680.061, 3.09, 26.866, 26.866, 26.866, 52.172, 41.083, 35.017, 35.398, 7.379, 12.668, 0, 0, 4.189, 4.243, 4.189, 4.243, 1, 59.217, 59.217, 0.024, 0.136, 7.123, 7.213, 7.123, 7.213, 5.382, 7.379, 12.668, , , 1, 10.05, 0, 0, 14.1, 3.09, 192, 0, 0, 0, 61, 5.82, 5.53, 123.8, 39.08, 100, 0, 0, 45, 45.125, 10, 0.995, 98.375, 0, 0, 103.125, 59.805, 0, 0, 0, 0, 0, 14, 0, 14.1, 0, 3.09, 192, 0, 0, 0, 61, 1, 0.006, 0.006, 123.8, 39.08, 100, 0, 0, 141, 45, 45.125, 10, 0.995, 0, 98.375, 0, 0, 103.125, 59.805, 0, 0.4, 0, 0, 
10, 18, 100.3, 73.96, 74.76, , 1.141, 0.987, 684.418, 684.418, 3.092, 29.218, 29.218, 29.218, 52.169, 40.721, 35.206, 35.417, 7.378, 12.66, 0, 0, 4.561, 4.619, 4.561, 4.619, 1, 59.272, 59.272, 0.024, 0.137, 7.746, 7.846, 7.746, 7.846, 5.396, 7.378, 12.66, , , 1, 10.1, 0, 0, 14.1, 3.092, 192, 0, 0, 0, 61, 5.842, 5.552, 123.8, 39.08, 100, 0, 0, 45, 45.179, 10, 0.997, 98.538, 0, 0, 103.288, 59.872, 0, 0, 0, 0, 0, 14, 0, 14.1, 0, 3.092, 192, 0, 0, 0, 61, 1, 0.006, 0.006, 123.8, 39.08, 100, 0, 0, 141, 45, 45.179, 10, 0.997, 0, 98.538, 0, 0, 103.288, 59.872, 0, 0.4, 0, 0, 
10.05, 18, 100.3, 73.96, 74.761, , 1.257, 0.987, 688.742, 688.742, 3.095, 31.967, 31.967, 31.967, 52.16, 56.694, 35.122, 35.42, 7.378, 12.651, 0, 0, 4.995, 5.059, 4.995, 5.059, 1, 59.331, 59.331, 0.024, 0.137, 8.476, 8.585, 8.476, 8.585, 5.399, 7.378, 12.651, , , 1, 10.151, 0, 0, 14.1, 3.095, 192, 0, 0, 0, 61, 5.863, 5.573, 123.8, 39.08, 100, 0, 0, 45, 45.234, 10, 0.999, 98.701, 0, 0, 103.451, 59.94, 0, 0, 0, 0, 0, 14, 0, 14.1, 0, 3.095, 192, 0, 0, 0, 61, 1, 0.006, 0.006, 123.8, 39.08, 100, 0, 0, 141, 45, 45.234, 10, 0.999, 0, 98.701, 0, 0, 103.451, 59.94, 0, 0.4, 0, 0, 
10.1, 18, 100.3, 73.96, 74.763, , 1.379, 0.987, 693.065, 693.065, 3.098, 34.866, 34.866, 34.866, 52.145, 64.757, 34.978, 35.42, 7.377, 12.642, 0, 0, 5.455, 5.525, 5.455, 5.525, 1, 59.396, 59.396, 0.024, 0.137, 9.246, 9.366, 9.246, 9.366, 5.401, 7.377, 12.642, , , 1, 10.201, 0, 0, 14.107, 3.098, 192.146, 0, 0, 0, 61.073, 5.884, 5.583, 123.8, 39.134, 100, 0, 0, 45.073, 45.323, 10.073, 1.001, 98.896, 0, 0, 103.609, 60.005, 0, 0, 0, 0, 0, 14, 0, 14.1, 0, 3.098, 192.146, 0, 0, 0, 61.073, 1, 0.006, 0.006, 123.8, 39.136, 100, 0, 0, 141, 45.073, 45.323, 10.073, 1.001, 0, 98.896, 0, 0, 103.609, 60.005, 0, 0.4, 0, 0, 
10.15, 18, 100.3, 73.96, 74.764, , 1.485, 0.987, 697.39, 697.39, 3.102, 37.397, 37.397, 37.397, 52.132, 65.475, 34.834, 35.42, 7.377, 12.632, 0, 0, 5.857, 5.933, 5.857, 5.933, 1, 59.467, 59.467, 0.024, 0.138, 9.919, 10.048, 9.919, 10.048, 5.403, 7.377, 12.632, , , 1, 10.251, 0, 0, 14.118, 3.102, 192.356, 0, 0, 0, 61.177, 5.904, 5.587, 123.8, 39.212, 100, 0, 0, 45.177, 45.427, 10.178, 1.004, 99.104, 0, 0, 103.766, 60.07, 0, 0, 0, 0, 0, 14, 0, 14.1, 0, 3.102, 192.356, 0, 0, 0, 61.177, 1, 0.006, 0.006, 123.8, 39.213, 100, 0, 0, 141, 45.177, 45.427, 10.178, 1.004, 0, 99.104, 0, 0, 103.766, 60.07, 0, 0.4, 0, 0, 
10.2, 18, 100.3, 73.96, 74.766, , 1.575, 0.987, 701.737, 701.737, 3.106, 39.524, 39.524, 39.524, 52.121, 66.192, 34.69, 35.42, 7.377, 12.621, 0, 0, 6.198, 6.277, 6.198, 6.277, 1, 59.545, 59.545, 0.024, 0.138, 10.484, 10.622, 10.484, 10.622, 5.4, 7.377, 12.621, , , 1, 10.301, 0, 0, 14.128, 3.106, 192.565, 0, 0, 0, 61.281, 5.923, 5.591, 123.8, 39.289, 100, 0, 0, 45.281, 45.531, 10.282, 1.006, 99.312, 0, 0, 103.922, 60.134, 0, 0, 0, 0, 0, 14, 0, 14.1, 0, 3.106, 192.565, 0, 0, 0, 61.281, 1, 0.006, 0.006, 123.8, 39.29, 100, 0, 0, 141, 45.281, 45.531, 10.282, 1.006, 0, 99.312, 0, 0, 103.922, 60.134, 0, 0.4, 0, 0, 
10.25, 18, 100.3, 73.96, 74.767, , 1.645, 0.987, 706.125, 706.125, 3.109, 41.184, 41.184, 41.184, 52.112, 66.909, 34.546, 35.42, 7.377, 12.614, 0, 0, 6.466, 6.549, 6.466, 6.549, 1, 59.625, 59.625, 0.024, 0.138, 10.927, 11.07, 10.927, 11.07, 5.391, 7.377, 12.614, , , 1, 10.351, 0, 0, 14.139, 3.109, 192.774, 0, 0, 0, 61.385, 5.943, 5.595, 123.8, 39.366, 100, 0, 0, 45.385, 45.635, 10.387, 1.008, 99.521, 0, 0, 104.078, 60.199, 0, 0, 0, 0, 0, 14, 0, 14.1, 0, 3.109, 192.774, 0, 0, 0, 61.385, 1, 0.006, 0.006, 123.8, 39.367, 100, 0, 0, 141, 45.385, 45.635, 10.387, 1.008, 0, 99.521, 0, 0, 104.078, 60.199, 0, 0.4, 0, 0, 
10.3, 18, 100.3, 73.96, 74.769, , 1.704, 0.987, 710.459, 710.459, 3.113, 42.585, 42.585, 42.585, 52.109, 67.627, 34.668, 35.715, 7.377, 12.615, 0, 0, 6.696, 6.78, 6.696, 6.78, 1, 59.708, 59.708, 0.024, 0.138, 11.299, 11.446, 11.299, 11.446, 5.381, 7.377, 12.615, , , 1, 10.4, 0, 0, 14.149, 3.113, 192.983, 0, 0, 0, 61.49, 5.963, 5.6, 123.8, 39.444, 100, 0, 0, 45.49, 45.74, 10.492, 1.01, 99.729, 0, 0, 104.234, 60.264, 0, 0, 0, 0, 0, 14, 0, 14.1, 0, 3.113, 192.983, 0, 0, 0, 61.49, 1, 0.006, 0.006, 123.8, 39.444, 100, 0, 0, 141, 45.49, 45.74, 10.492, 1.01, 0, 99.729, 0, 0, 104.234, 60.264, 0, 0.4, 0, 0, 
10.35, 18, 100.3, 73.96, 74.77, , 1.75, 0.987, 714.859, 714.859, 3.117, 43.671, 43.671, 43.671, 52.109, 68.344, 34.848, 36.075, 7.377, 12.619, 0, 0, 6.877, 6.964, 6.877, 6.964, 1, 59.795, 59.795, 0.024, 0.139, 11.587, 11.739, 11.587, 11.739, 5.371, 7.377, 12.619, , , 1, 10.45, 0, 0, 14.159, 3.117, 193.192, 0, 0, 0, 61.594, 5.97, 5.611, 123.8, 39.521, 100, 0, 0, 45.594, 45.797, 10.596, 1.012, 99.891, 0, 0, 104.391, 60.328, 0, 0, 0, 0, 0, 14, 0, 14.119, 0, 3.117, 193.192, 0, 0, 0, 61.594, 1, 0.006, 0.006, 123.8, 39.521, 100, 0, 0, 141, 45.594, 45.797, 10.596, 1.012, 0, 99.891, 0, 0, 104.391, 60.328, 0, 0.4, 0, 0, 
10.4, 18, 100.3, 73.96, 74.772, , 1.779, 0.987, 719.183, 719.183, 3.122, 44.364, 44.364, 44.364, 52.109, 69.061, 35.028, 36.435, 7.377, 12.628, 0, 0, 6.996, 7.084, 6.996, 7.084, 1, 59.884, 59.884, 0.024, 0.139, 11.772, 11.926, 11.772, 11.926, 5.369, 7.377, 12.628, , , 1, 10.5, 0, 0, 14.17, 3.122, 193.4, 0, 0, 0, 61.698, 5.975, 5.624, 123.8, 39.598, 100, 0, 0, 45.698, 45.849, 10.7, 1.014, 100.047, 0, 0, 104.547, 60.393, 0, 0, 0, 0, 0, 14, 0, 14.14, 0, 3.122, 193.4, 0, 0, 0, 61.698, 1, 0.006, 0.006, 123.8, 39.598, 100, 0, 0, 141, 45.698, 45.849, 10.7, 1.014, 0, 100.047, 0, 0, 104.547, 60.393, 0, 0.4, 0, 0, 
10.45, 18, 100.3, 73.96, 74.773, , 1.801, 0.987, 723.589, 723.589, 3.126, 44.9, 44.9, 44.9, 52.107, 69.779, 35.208, 36.795, 7.377, 12.639, 0, 0, 7.09, 7.18, 7.09, 7.18, 1, 59.973, 59.973, 0.024, 0.138, 11.915, 12.069, 11.915, 12.069, 5.387, 7.377, 12.639, , , 1, 10.551, 0, 0, 14.18, 3.126, 193.608, 0, 0, 0, 61.802, 5.98, 5.636, 123.8, 39.675, 100, 0, 0, 45.802, 45.901, 10.804, 1.016, 100.203, 0, 0, 104.703, 60.457, 0, 0, 0, 0, 0, 14, 0, 14.161, 0, 3.126, 193.608, 0, 0, 0, 61.802, 1, 0.006, 0.006, 123.8, 39.675, 100, 0, 0, 141, 45.802, 45.901, 10.804, 1.016, 0, 100.203, 0, 0, 104.703, 60.457, 0, 0.4, 0, 0, 
10.5, 18, 100.3, 73.96, 74.775, , 1.825, 0.987, 727.993, 727.993, 3.131, 45.464, 45.464, 45.464, 52.105, 70.496, 35.388, 37.155, 7.377, 12.652, 0, 0, 7.19, 7.282, 7.19, 7.282, 1, 60.063, 60.063, 0.024, 0.138, 12.066, 12.222, 12.066, 12.222, 5.406, 7.377, 12.652, , , 1, 10.601, 0, 0, 14.191, 3.131, 193.817, 0, 0, 0, 61.906, 5.985, 5.649, 123.8, 39.752, 100, 0, 0, 45.906, 45.953, 10.908, 1.018, 100.359, 0, 0, 104.859, 60.522, 0, 0, 0, 0, 0, 14, 0, 14.181, 0, 3.131, 193.817, 0, 0, 0, 61.906, 1, 0.006, 0.006, 123.8, 39.752, 100, 0, 0, 141, 45.906, 45.953, 10.908, 1.018, 0, 100.359, 0, 0, 104.859, 60.522, 0, 0.4, 0, 0, 
10.55, 18, 100.3, 73.96, 74.776, , 1.828, 0.987, 732.399, 732.399, 3.136, 45.534, 45.534, 45.534, 52.103, 71.213, 35.45, 36.895, 7.377, 12.663, 0, 0, 7.21, 7.304, 7.21, 7.304, 1, 60.155, 60.155, 0.024, 0.138, 12.084, 12.242, 12.084, 12.242, 5.424, 7.377, 12.663, , , 1, 10.651, 0, 0, 14.2, 3.136, 193.95, 0, 0, 0, 62, 5.991, 5.66, 123.8, 39.82, 100, 0, 0, 46, 46, 11, 1.02, 100.505, 0, 0, 105.005, 60.593, 0, 0, 0, 0, 0, 14, 0, 14.2, 0, 3.136, 193.95, 0, 0, 0, 62, 1, 0.006, 0.006, 123.8, 39.82, 100, 0, 0, 141, 46, 46, 11, 1.02, 0, 100.505, 0, 0, 105.005, 60.593, 0, 0.4, 0, 0, 
10.6, 18, 100.3, 73.96, 74.778, , 1.808, 0.987, 736.738, 736.738, 3.14, 45.071, 45.071, 45.071, 52.101, 71.931, 35.486, 36.499, 7.377, 12.665, 0, 0, 7.148, 7.241, 7.148, 7.241, 1, 60.245, 60.245, 0.024, 0.137, 11.963, 12.117, 11.963, 12.117, 5.442, 7.377, 12.665, , , 1, 10.701, 0, 0, 14.2, 3.14, 193.535, 0, 0, 0, 62, 6, 5.663, 123.8, 39.82, 100, 0, 0, 46, 46, 11, 1.022, 100.557, 0, 0, 105.057, 60.723, 0, 0, 0, 0, 0, 14, 0, 14.2, 0, 3.14, 193.535, 0, 0, 0, 62, 1, 0.006, 0.006, 123.8, 39.82, 100, 0, 0, 141, 46, 46, 11, 1.022, 0, 100.557, 0, 0, 105.057, 60.723, 0, 0.4, 0, 0, 
10.65, 18, 100.301, 73.96, 74.779, , 1.81, 0.987, 741.123, 741.123, 3.144, 45.118, 45.118, 45.118, 52.097, 72.648, 35.522, 36.103, 7.377, 12.664, 0, 0, 7.167, 7.259, 7.167, 7.259, 1, 60.336, 60.336, 0.024, 0.137, 11.976, 12.131, 11.976, 12.131, 5.465, 7.377, 12.664, , , 1, 10.751, 0, 0, 14.2, 3.144, 193.12, 0, 0, 0, 62, 6.01, 5.667, 123.8, 39.82, 100, 0, 0, 46, 46, 11, 1.024, 100.609, 0, 0, 105.109, 60.853, 0, 0, 0, 0, 0, 14, 0, 14.2, 0, 3.144, 193.12, 0, 0, 0, 62, 1, 0.006, 0.006, 123.8, 39.82, 100, 0, 0, 141, 46, 46, 11, 1.024, 0, 100.609, 0, 0, 105.109, 60.853, 0, 0.4, 0, 0, 
10.7, 18, 100.301, 73.96, 74.781, , 1.817, 0.987, 745.585, 745.585, 3.149, 45.284, 45.284, 45.284, 52.093, 73.365, 35.558, 35.707, 7.377, 12.652, 0, 0, 7.205, 7.297, 7.205, 7.297, 1, 60.426, 60.426, 0.024, 0.137, 12.02, 12.178, 12.02, 12.178, 5.489, 7.377, 12.652, , , 1, 10.801, 0, 0, 14.2, 3.149, 192.705, 0, 0, 0, 62, 6.019, 5.67, 123.8, 39.82, 100, 0, 0, 46, 46, 11, 1.026, 100.661, 0, 0, 105.161, 60.984, 0, 0, 0, 0, 0, 14, 0, 14.2, 0, 3.149, 192.705, 0, 0, 0, 62, 1, 0.006, 0.006, 123.8, 39.82, 100, 0, 0, 141, 46, 46, 11, 1.026, 0, 100.661, 0, 0, 105.161, 60.984, 0, 0.4, 0, 0, 
10.75, 18, 100.301, 73.96, 74.782, , 1.818, 0.987, 750.021, 750.021, 3.153, 45.303, 45.303, 45.303, 52.087, 74.083, 35.594, 35.311, 7.377, 12.638, 0, 0, 7.22, 7.31, 7.22, 7.31, 1, 60.517, 60.517, 0.024, 0.136, 12.026, 12.184, 12.026, 12.184, 5.512, 7.377, 12.638, , , 1, 10.851, 0, 0, 14.2, 3.153, 192.29, 0, 0, 0, 62, 6.028, 5.673, 123.8, 39.82, 100, 0, 0, 46, 46, 11, 1.029, 100.714, 0, 0, 105.214, 61.114, 0, 0, 0, 0, 0, 14, 0, 14.2, 0, 3.153, 192.29, 0, 0, 0, 62, 1, 0.006, 0.006, 123.8, 39.82, 100, 0, 0, 141, 46, 46, 11, 1.029, 0, 100.714, 0, 0, 105.214, 61.114, 0, 0.4, 0, 0, 
10.8, 18, 100.302, 73.96, 74.784, , 1.828, 0.987, 754.427, 754.427, 3.157, 45.549, 45.549, 45.549, 52.078, 74.8, 35.541, 35.565, 7.377, 12.62, 0, 0, 7.27, 7.361, 7.27, 7.361, 1, 60.608, 60.608, 0.024, 0.136, 12.093, 12.251, 12.093, 12.251, 5.536, 7.377, 12.62, , , 1, 10.901, 0, 0, 14.2, 3.157, 192, 0, 0, 0, 62, 6.038, 5.673, 123.8, 39.82, 100, 0, 0, 46, 46, 11, 1.031, 100.766, 0, 0, 105.266, 61.225, 0, 0, 0, 0, 0, 14, 0, 14.2, 0, 3.157, 192, 0, 0, 0, 62, 1, 0.006, 0.006, 123.8, 39.82, 100, 0, 0, 141, 46, 46, 11, 1.031, 0, 100.766, 0, 0, 105.266, 61.225, 0, 0.4, 0, 0, 
10.85, 18, 100.302, 73.96, 74.785, , 1.844, 0.987, 758.833, 758.833, 3.159, 45.925, 45.925, 45.925, 52.068, 75.517, 35.469, 35.961, 7.377, 12.603, 0, 0, 7.34, 7.433, 7.34, 7.433, 1, 60.7, 60.7, 0.024, 0.136, 12.195, 12.354, 12.195, 12.354, 5.535, 7.377, 12.603, , , 1, 10.951, 0, 0, 14.2, 3.159, 192, 0, 0, 0, 62, 6.047, 5.668, 123.8, 39.82, 100, 0, 0, 46, 46, 11, 1.033, 100.818, 0, 0, 105.318, 61.29, 0, 0, 0, 0, 0, 14, 0, 14.2, 0, 3.159, 192, 0, 0, 0, 62, 1, 0.006, 0.006, 123.8, 39.82, 100, 0, 0, 141, 46, 46, 11, 1.033, 0, 100.818, 0, 0, 105.318, 61.29, 0, 0.4, 0, 0, 
10.9, 18, 100.302, 73.96, 74.787, , 1.852, 0.987, 763.278, 763.278, 3.161, 46.132, 46.132, 46.132, 52.062, 76.235, 35.397, 36.357, 7.377, 12.591, 0, 0, 7.384, 7.478, 7.384, 7.478, 1, 60.791, 60.791, 0.024, 0.136, 12.252, 12.411, 12.252, 12.411, 5.529, 7.377, 12.591, , , 1, 11.001, 0, 0, 14.2, 3.161, 192, 0, 0, 0, 62, 6.057, 5.663, 123.8, 39.82, 100, 0, 0, 46, 46, 11, 1.035, 100.87, 0, 0, 105.37, 61.356, 0, 0, 0, 0, 0, 14, 0, 14.2, 0, 3.161, 192, 0, 0, 0, 62, 1, 0.006, 0.006, 123.8, 39.82, 100, 0, 0, 141, 46, 46, 11, 1.035, 0, 100.87, 0, 0, 105.37, 61.356, 0, 0.4, 0, 0, 
10.95, 18, 100.303, 73.96, 74.788, , 1.853, 0.987, 767.734, 767.734, 3.163, 46.148, 46.148, 46.148, 52.058, 76.952, 35.325, 36.753, 7.377, 12.581, 0, 0, 7.396, 7.492, 7.396, 7.492, 1, 60.883, 60.883, 0.024, 0.136, 12.258, 12.416, 12.258, 12.416, 5.522, 7.377, 12.581, , , 1, 11.051, 0, 0, 14.2, 3.163, 192, 0, 0, 0, 62, 6.066, 5.658, 123.8, 39.82, 100, 0, 0, 46, 46, 11, 1.037, 100.922, 0, 0, 105.422, 61.422, 0, 0, 0, 0, 0, 14, 0, 14.2, 0, 3.163, 192, 0, 0, 0, 62, 1, 0.006, 0.006, 123.8, 39.82, 100, 0, 0, 141, 46, 46, 11, 1.037, 0, 100.922, 0, 0, 105.422, 61.422, 0, 0.4, 0, 0, 
11, 18, 100.303, 73.96, 74.79, , 1.856, 0.987, 772.17, 772.17, 3.165, 46.231, 46.231, 46.231, 52.056, 77.669, 35.253, 37.149, 7.377, 12.577, 0, 0, 7.421, 7.518, 7.421, 7.518, 1, 60.975, 60.975, 0.024, 0.136, 12.281, 12.438, 12.281, 12.438, 5.516, 7.377, 12.577, , , 1, 11.101, 0, 0, 14.2, 3.165, 192, 0, 0, 0, 62, 6.075, 5.653, 123.8, 39.82, 100, 0, 0, 46, 46, 11, 1.039, 100.974, 0, 0, 105.474, 61.487, 0, 0, 0, 0, 0, 14, 0, 14.2, 0, 3.165, 192, 0, 0, 0, 62, 1, 0.006, 0.006, 123.8, 39.82, 100, 0, 0, 141, 46, 46, 11, 1.039, 0, 100.974, 0, 0, 105.474, 61.487, 0, 0.4, 0, 0, 
11.05, 18.001, 100.304, 73.96, 74.788, , 1.869, 0.987, 776.661, 776.661, 3.17, 46.542, 46.542, 46.542, 52.058, 78.387, 35.21, 37.072, 7.377, 12.573, 0, 0, 7.483, 7.581, 7.483, 7.581, 1, 61.068, 61.068, 0.024, 0.136, 12.364, 12.522, 12.364, 12.522, 5.506, 7.377, 12.573, , , 1, 11.151, 0, 0, 14.2, 3.17, 192.097, 0, 0, 0, 62.096, 6.096, 5.672, 123.8, 39.894, 100, 0, 0, 45.976, 46, 11, 1.04, 101.121, 0, 0, 105.669, 61.58, 0, 0, 0, 0, 0, 14, 0, 14.2, 0, 3.17, 192.097, 0, 0, 0, 62.096, 1, 0.006, 0.006, 123.8, 39.894, 100, 0, 0, 141, 45.976, 46, 11, 1.04, 0, 101.121, 0, 0, 105.669, 61.58, 0, 0.4, 0, 0, 
11.1, 18.002, 100.304, 73.96, 74.787, , 1.875, 0.987, 781.127, 781.127, 3.177, 46.684, 46.684, 46.684, 52.061, 79.104, 35.174, 36.892, 7.377, 12.569, 0, 0, 7.518, 7.616, 7.518, 7.616, 1, 61.16, 61.16, 0.024, 0.136, 12.401, 12.559, 12.401, 12.559, 5.496, 7.377, 12.569, , , 1, 11.201, 0, 0, 14.2, 3.177, 192.29, 0, 0, 0, 62.288, 6.128, 5.715, 123.8, 40.036, 100, 0, 0, 45.928, 46, 11, 1.04, 101.362, 0, 0, 106.007, 61.699, 0, 0, 0, 0, 0, 14, 0, 14.2, 0, 3.177, 192.29, 0, 0, 0, 62.288, 1, 0.006, 0.006, 123.8, 40.036, 100, 0, 0, 141, 45.928, 46, 11, 1.04, 0, 101.362, 0, 0, 106.007, 61.699, 0, 0.4, 0, 0, 
11.15, 18.003, 100.304, 73.96, 74.785, , 1.882, 0.987, 785.552, 785.552, 3.184, 46.848, 46.848, 46.848, 52.065, 79.821, 35.138, 36.712, 7.377, 12.563, 0, 0, 7.557, 7.654, 7.557, 7.654, 1, 61.254, 61.254, 0.024, 0.137, 12.442, 12.601, 12.442, 12.601, 5.486, 7.377, 12.563, , , 1, 11.251, 0, 0, 14.2, 3.184, 192.483, 0, 0, 0, 62.481, 6.159, 5.758, 123.8, 40.179, 100, 0, 0, 45.88, 46, 11, 1.04, 101.603, 0, 0, 106.345, 61.818, 0, 0, 0, 0, 0, 14, 0, 14.2, 0, 3.184, 192.483, 0, 0, 0, 62.481, 1, 0.006, 0.006, 123.8, 40.179, 100, 0, 0, 141, 45.88, 46, 11, 1.04, 0, 101.603, 0, 0, 106.345, 61.818, 0, 0.4, 0, 0, 
11.2, 18.005, 100.305, 73.96, 74.784, , 1.889, 0.987, 790.041, 790.041, 3.192, 47.024, 47.024, 47.024, 52.07, 80.539, 35.102, 36.532, 7.377, 12.549, 0, 0, 7.598, 7.694, 7.598, 7.694, 1, 61.348, 61.348, 0.024, 0.137, 12.487, 12.647, 12.487, 12.647, 5.475, 7.377, 12.549, , , 1, 11.3, 0, 0, 14.2, 3.192, 192.676, 0, 0, 0, 62.673, 6.191, 5.801, 123.8, 40.321, 100, 0, 0, 45.832, 46, 11, 1.04, 101.845, 0, 0, 106.682, 61.937, 0, 0, 0, 0, 0, 14, 0, 14.2, 0, 3.192, 192.676, 0, 0, 0, 62.673, 1, 0.006, 0.006, 123.8, 40.321, 100, 0, 0, 141, 45.832, 46, 11, 1.04, 0, 101.845, 0, 0, 106.682, 61.937, 0, 0.4, 0, 0, 
11.25, 18.006, 100.305, 73.96, 74.782, , 1.888, 0.987, 794.532, 794.532, 3.199, 46.988, 46.988, 46.988, 52.077, 81.256, 35.066, 36.352, 7.377, 12.535, 0, 0, 7.603, 7.699, 7.603, 7.699, 1, 61.442, 61.442, 0.024, 0.137, 12.475, 12.637, 12.475, 12.637, 5.476, 7.377, 12.535, , , 1, 11.35, 0, 0, 14.2, 3.199, 192.869, 0, 0, 0, 62.865, 6.223, 5.845, 123.8, 40.463, 100, 0, 0, 45.784, 46, 11, 1.04, 102.086, 0, 0, 107.02, 62.057, 0, 0, 0, 0, 0, 14, 0, 14.2, 0, 3.199, 192.869, 0, 0, 0, 62.865, 1, 0.006, 0.006, 123.8, 40.463, 100, 0, 0, 141, 45.784, 46, 11, 1.04, 0, 102.086, 0, 0, 107.02, 62.057, 0, 0.4, 0, 0, 
11.3, 18.007, 100.306, 73.96, 74.781, , 1.88, 0.987, 799.022, 799.022, 3.206, 46.801, 46.801, 46.801, 52.085, 81.973, 35.06, 36.202, 7.377, 12.518, 0, 0, 7.584, 7.679, 7.584, 7.679, 1, 61.536, 61.536, 0.024, 0.137, 12.424, 12.584, 12.424, 12.584, 5.486, 7.377, 12.518, , , 1, 11.4, 0, 0, 14.2, 3.206, 193.073, 0, 0, 0, 63, 6.25, 5.877, 123.8, 40.573, 100, 0, 0, 45.733, 46, 11, 1.04, 102.323, 0, 0, 107.323, 62.161, 0, 0, 0, 0, 0, 14, 0, 14.2, 0, 3.206, 193.073, 0, 0, 0, 63, 1, 0.006, 0.006, 123.8, 40.573, 100, 0, 0, 141, 45.733, 46, 11, 1.04, 0, 102.323, 0, 0, 107.323, 62.161, 0, 0.4, 0, 0, 
11.35, 18.008, 100.306, 73.96, 74.779, , 1.87, 0.987, 803.513, 803.513, 3.211, 46.578, 46.578, 46.578, 52.09, 82.691, 35.06, 36.058, 7.377, 12.502, 0, 0, 7.559, 7.653, 7.559, 7.653, 1, 61.631, 61.631, 0.024, 0.138, 12.364, 12.524, 12.364, 12.524, 5.497, 7.377, 12.502, , , 1, 11.451, 0, 0, 14.2, 3.211, 193.3, 0, 0, 0, 63, 6.266, 5.882, 123.8, 40.616, 100, 0, 0, 45.676, 46, 11, 1.041, 102.55, 0, 0, 107.55, 62.232, 0, 0, 0, 0, 0, 14, 0, 14.2, 0, 3.211, 193.3, 0, 0, 0, 63, 1, 0.006, 0.006, 123.8, 40.616, 100, 0, 0, 141, 45.676, 46, 11, 1.041, 0, 102.55, 0, 0, 107.55, 62.232, 0, 0.4, 0, 0, 
11.4, 18.009, 100.306, 73.96, 74.778, , 1.865, 0.987, 808.004, 808.004, 3.216, 46.455, 46.455, 46.455, 52.093, 83.408, 35.06, 35.914, 7.377, 12.488, 0, 0, 7.551, 7.645, 7.551, 7.645, 1, 61.724, 61.724, 0.024, 0.138, 12.331, 12.491, 12.331, 12.491, 5.508, 7.377, 12.488, , , 1, 11.501, 0, 0, 14.2, 3.216, 193.527, 0, 0, 0, 63, 6.282, 5.888, 123.8, 40.658, 100, 0, 0, 45.619, 46, 11, 1.043, 102.777, 0, 0, 107.777, 62.302, 0, 0, 0, 0, 0, 14, 0, 14.2, 0, 3.216, 193.527, 0, 0, 0, 63, 1, 0.006, 0.006, 123.8, 40.658, 100, 0, 0, 141, 45.619, 46, 11, 1.043, 0, 102.777, 0, 0, 107.777, 62.302, 0, 0.4, 0, 0, 
11.45, 18.01, 100.307, 73.96, 74.776, , 1.872, 0.987, 812.583, 812.583, 3.221, 46.612, 46.612, 46.612, 52.093, 84.125, 35.06, 35.77, 7.377, 12.475, 0, 0, 7.588, 7.684, 7.588, 7.684, 1, 61.817, 61.817, 0.024, 0.138, 12.372, 12.532, 12.372, 12.532, 5.514, 7.377, 12.475, , , 1, 11.551, 0, 0, 14.2, 3.221, 193.755, 0, 0, 0, 63, 6.298, 5.894, 123.8, 40.7, 100, 0, 0, 45.562, 46, 11, 1.044, 103.005, 0, 0, 108.005, 62.372, 0, 0, 0, 0, 0, 14, 0, 14.2, 0, 3.221, 193.755, 0, 0, 0, 63, 1, 0.006, 0.006, 123.8, 40.7, 100, 0, 0, 141, 45.562, 46, 11, 1.044, 0, 103.005, 0, 0, 108.005, 62.372, 0, 0.4, 0, 0, 
11.5, 18.011, 100.307, 73.96, 74.775, , 1.88, 0.987, 817.074, 817.074, 3.226, 46.82, 46.82, 46.82, 52.09, 84.843, 35.06, 35.626, 7.377, 12.469, 0, 0, 7.632, 7.73, 7.632, 7.73, 1, 61.911, 61.911, 0.024, 0.138, 12.428, 12.588, 12.428, 12.588, 5.512, 7.377, 12.469, , , 1, 11.601, 0, 0, 14.2, 3.226, 193.982, 0, 0, 0, 63, 6.313, 5.899, 123.8, 40.742, 100, 0, 0, 45.505, 46, 11, 1.045, 103.232, 0, 0, 108.232, 62.443, 0, 0, 0, 0, 0, 14, 0, 14.2, 0, 3.226, 193.982, 0, 0, 0, 63, 1, 0.006, 0.006, 123.8, 40.742, 100, 0, 0, 141, 45.505, 46, 11, 1.045, 0, 103.232, 0, 0, 108.232, 62.443, 0, 0.4, 0, 0, 
11.55, 18.013, 100.307, 73.96, 74.773, , 1.871, 0.987, 821.564, 821.564, 3.229, 46.608, 46.608, 46.608, 52.085, 85.56, 35.09, 35.57, 7.377, 12.463, 0, 0, 7.61, 7.708, 7.61, 7.708, 1, 62.005, 62.005, 0.024, 0.138, 12.373, 12.533, 12.373, 12.533, 5.51, 7.377, 12.463, , , 1, 11.65, 0, 0, 14.2, 3.229, 194, 0, 0, 0, 63, 6.324, 5.908, 123.8, 40.708, 100, 0, 0, 45.5, 46, 11, 1.046, 103.4, 0, 0, 108.4, 62.511, 0, 0, 0, 0, 0, 14, 0, 14.2, 0, 3.229, 194, 0, 0, 0, 63, 1, 0.006, 0.006, 123.8, 40.708, 100, 0, 0, 141, 45.5, 46, 11, 1.046, 0, 103.4, 0, 0, 108.4, 62.511, 0, 0.4, 0, 0, 
11.6, 18.014, 100.308, 73.96, 74.772, , 1.878, 0.987, 826.135, 826.135, 3.231, 46.776, 46.776, 46.776, 52.08, 86.278, 35.126, 35.534, 7.377, 12.457, 0, 0, 7.648, 7.747, 7.648, 7.747, 1, 62.099, 62.099, 0.024, 0.137, 12.419, 12.579, 12.419, 12.579, 5.508, 7.377, 12.457, , , 1, 11.7, 0, 0, 14.2, 3.231, 194, 0, 0, 0, 63, 6.334, 5.917, 123.8, 40.668, 100, 0, 0, 45.5, 46, 11, 1.047, 103.563, 0, 0, 108.563, 62.578, 0, 0, 0, 0, 0, 14, 0, 14.2, 0, 3.231, 194, 0, 0, 0, 63, 1, 0.006, 0.006, 123.8, 40.668, 100, 0, 0, 141, 45.5, 46, 11, 1.047, 0, 103.563, 0, 0, 108.563, 62.578, 0, 0.4, 0, 0, 
11.65, 18.015, 100.308, 73.96, 74.77, , 1.889, 0.987, 830.634, 830.634, 3.233, 47.03, 47.03, 47.03, 52.073, 86.995, 35.162, 35.498, 7.377, 12.45, 0, 0, 7.7, 7.8, 7.7, 7.8, 1, 62.193, 62.193, 0.024, 0.137, 12.488, 12.648, 12.488, 12.648, 5.506, 7.377, 12.45, , , 1, 11.751, 0, 0, 14.2, 3.233, 194, 0, 0, 0, 63, 6.343, 5.925, 123.8, 40.628, 100, 0, 0, 45.5, 46, 11, 1.048, 103.726, 0, 0, 108.726, 62.645, 0, 0, 0, 0, 0, 14, 0, 14.2, 0, 3.233, 194, 0, 0, 0, 63, 1, 0.006, 0.006, 123.8, 40.628, 100, 0, 0, 141, 45.5, 46, 11, 1.048, 0, 103.726, 0, 0, 108.726, 62.645, 0, 0.4, 0, 0, 
11.7, 18.016, 100.309, 73.96, 74.769, , 1.923, 0.987, 835.2, 835.2, 3.235, 47.837, 47.837, 47.837, 52.065, 87.712, 35.198, 35.462, 7.377, 12.437, 0, 0, 7.845, 7.946, 7.845, 7.946, 1, 62.288, 62.288, 0.024, 0.137, 12.704, 12.867, 12.704, 12.867, 5.511, 7.377, 12.437, , , 1, 11.801, 0, 0, 14.2, 3.235, 194, 0, 0, 0, 63, 6.353, 5.934, 123.8, 40.587, 100, 0, 0, 45.5, 46, 11, 1.049, 103.889, 0, 0, 108.889, 62.713, 0, 0, 0, 0, 0, 14, 0, 14.2, 0, 3.235, 194, 0, 0, 0, 63, 1, 0.006, 0.006, 123.8, 40.587, 100, 0, 0, 141, 45.5, 46, 11, 1.049, 0, 103.889, 0, 0, 108.889, 62.713, 0, 0.4, 0, 0, 
11.75, 18.017, 100.309, 73.96, 74.767, , 2.069, 0.987, 839.779, 839.779, 3.24, 51.309, 51.309, 51.309, 52.054, 88.43, 35.234, 35.426, 7.377, 12.424, 0, 0, 8.428, 8.537, 8.428, 8.537, 1, 62.385, 62.385, 0.024, 0.137, 13.63, 13.805, 13.63, 13.805, 5.515, 7.377, 12.424, , , 1, 11.851, 0, 0, 14.2, 3.24, 194, 0, 0, 0, 63, 6.361, 5.947, 123.8, 40.56, 100, 0, 0, 45.531, 46, 11.066, 1.05, 104.05, 0, 0, 109.05, 62.818, 0, 0, 0, 0, 0, 14, 0, 14.2, 0, 3.24, 194, 0, 0, 0, 63, 1, 0.006, 0.006, 123.8, 40.56, 100, 0, 0, 141, 45.531, 46, 11.066, 1.05, 0, 104.05, 0, 0, 109.05, 62.818, 0, 0.4, 0, 0, 
11.8, 18.018, 100.309, 73.96, 74.766, , 2.344, 0.987, 844.356, 844.356, 3.249, 57.836, 57.836, 57.836, 52.04, 89.147, 35.24, 35.391, 7.377, 12.406, 0, 0, 9.521, 9.642, 9.521, 9.642, 1, 62.494, 62.494, 0.024, 0.137, 15.368, 15.566, 15.368, 15.566, 5.52, 7.377, 12.406, , , 1, 11.901, 0, 0, 14.2, 3.249, 194, 0, 0, 0, 63, 6.364, 5.971, 123.8, 40.56, 100, 0, 0, 45.635, 46, 11.274, 1.049, 104.205, 0, 0, 109.205, 63.011, 0, 0, 0, 0, 0, 14, 0, 14.2, 0, 3.249, 194, 0, 0, 0, 63, 1, 0.006, 0.006, 123.8, 40.56, 100, 0, 0, 141, 45.635, 46, 11.274, 1.049, 0, 104.205, 0, 0, 109.205, 63.011, 0, 0.4, 0, 0, 
11.85, 18.019, 100.31, 73.96, 74.764, , 2.645, 0.987, 848.935, 848.935, 3.257, 64.981, 64.981, 64.981, 52.029, 89.864, 35.24, 35.355, 7.377, 12.389, 0, 0, 10.72, 10.856, 10.72, 10.856, 1, 62.618, 62.618, 0.024, 0.137, 17.271, 17.493, 17.271, 17.493, 5.525, 7.377, 12.389, , , 1, 11.951, 0, 0, 14.2, 3.257, 194, 0, 0, 0, 63, 6.367, 5.995, 123.8, 40.56, 100, 0, 0, 45.739, 46, 11.481, 1.048, 104.361, 0, 0, 109.361, 63.204, 0, 0, 0, 0, 0, 14, 0, 14.2, 0, 3.257, 194, 0, 0, 0, 63, 1, 0.006, 0.006, 123.8, 40.56, 100, 0, 0, 141, 45.739, 46, 11.481, 1.048, 0, 104.361, 0, 0, 109.361, 63.204, 0, 0.4, 0, 0, 
11.9, 18.021, 100.31, 73.96, 74.763, , 2.939, 0.987, 853.513, 853.513, 3.266, 71.95, 71.95, 71.95, 52.018, 90.582, 35.24, 35.32, 7.377, 12.376, 0, 0, 11.894, 12.046, 11.894, 12.046, 1, 62.757, 62.757, 0.024, 0.137, 19.126, 19.372, 19.126, 19.372, 5.52, 7.377, 12.376, , , 1, 12.001, 0, 0, 14.2, 3.266, 194, 0, 0, 0, 63, 6.37, 6.019, 123.8, 40.56, 100, 0, 0, 45.842, 46, 11.689, 1.047, 104.517, 0, 0, 109.517, 63.397, 0, 0, 0, 0, 0, 14, 0, 14.2, 0, 3.266, 194, 0, 0, 0, 63, 1, 0.006, 0.006, 123.8, 40.56, 100, 0, 0, 141, 45.842, 46, 11.689, 1.047, 0, 104.517, 0, 0, 109.517, 63.397, 0, 0.4, 0, 0, 
11.95, 18.022, 100.31, 73.96, 74.761, , 3.196, 0.987, 858.092, 858.092, 3.275, 78.067, 78.067, 78.067, 52.011, 91.299, 35.24, 35.284, 7.377, 12.363, 0, 0, 12.934, 13.099, 12.934, 13.099, 1, 62.909, 62.909, 0.024, 0.137, 20.756, 21.023, 20.756, 21.023, 5.513, 7.377, 12.363, , , 1, 12.051, 0, 0, 14.2, 3.275, 194, 0, 0, 0, 63, 6.373, 6.043, 123.8, 40.56, 100, 0, 0, 45.946, 46, 11.896, 1.046, 104.672, 0, 0, 109.672, 63.59, 0, 0, 0, 0, 0, 14, 0, 14.2, 0, 3.275, 194, 0, 0, 0, 63, 1, 0.006, 0.006, 123.8, 40.56, 100, 0, 0, 141, 45.946, 46, 11.896, 1.046, 0, 104.672, 0, 0, 109.672, 63.59, 0, 0.4, 0, 0, 
12, 18.023, 100.309, 73.96, 74.76, , 3.365, 0.987, 862.67, 862.67, 3.281, 82.076, 82.076, 82.076, 52.005, 92.016, 35.24, 35.249, 7.377, 12.355, 0, 0, 13.631, 13.805, 13.631, 13.805, 1, 63.073, 63.073, 0.024, 0.137, 21.824, 22.103, 21.824, 22.103, 5.506, 7.377, 12.355, , , 1, 12.101, 0, 0, 14.2, 3.281, 194, 0, 0, 0, 63, 6.38, 6.051, 123.8, 40.56, 100, 0, 0, 46, 46, 12, 1.044, 104.776, 0, 0, 109.776, 63.721, 0, 0, 0, 0, 0, 14, 0, 14.2, 0, 3.281, 194, 0, 0, 0, 63, 1, 0.006, 0.006, 123.8, 40.56, 100, 0, 0, 141, 46, 46, 12, 1.044, 0, 104.776, 0, 0, 109.776, 63.721, 0, 0.4, 0, 0, 
12.05, 18.024, 100.309, 73.96, 74.758, , 3.396, 0.987, 867.248, 867.248, 3.286, 82.816, 82.816, 82.816, 52, 92.734, 35.268, 35.295, 7.377, 12.347, 0, 0, 13.788, 13.965, 13.788, 13.965, 1, 63.242, 63.242, 0.024, 0.137, 22.023, 22.305, 22.023, 22.305, 5.5, 7.377, 12.347, , , 1, 12.151, 0, 0, 14.2, 3.286, 194, 0, 0, 0, 63, 6.389, 6.044, 123.8, 40.56, 100, 0, 0, 46, 46, 12, 1.043, 104.828, 0, 0, 109.828, 63.786, 0, 0, 0, 0, 0, 14, 0, 14.2, 0, 3.286, 194, 0, 0, 0, 63, 1, 0.006, 0.006, 123.8, 40.56, 100, 0, 0, 141, 46, 46, 12, 1.043, 0, 104.828, 0, 0, 109.828, 63.786, 0, 0.4, 0, 0, 
12.1, 18.025, 100.308, 73.96, 74.756, , 3.379, 0.987, 871.891, 871.891, 3.29, 82.402, 82.402, 82.402, 51.99, 93.451, 35.304, 35.368, 7.378, 12.344, 0, 0, 13.756, 13.933, 13.756, 13.933, 1, 63.413, 63.413, 0.024, 0.137, 21.918, 22.197, 21.918, 22.197, 5.485, 7.378, 12.344, , , 1, 12.201, 0, 0, 14.2, 3.29, 194, 0, 0, 0, 63, 6.398, 6.037, 123.8, 40.56, 100, 0, 0, 46, 46, 12, 1.042, 104.881, 0, 0, 109.881, 63.851, 0, 0, 0, 0, 0, 14, 0, 14.2, 0, 3.29, 194, 0, 0, 0, 63, 1, 0.006, 0.006, 123.8, 40.56, 100, 0, 0, 141, 46, 46, 12, 1.042, 0, 104.881, 0, 0, 109.881, 63.851, 0, 0.4, 0, 0, 
12.15, 18.026, 100.308, 73.96, 74.755, , 3.351, 0.987, 876.497, 876.497, 3.294, 81.755, 81.755, 81.755, 51.977, 88.891, 35.341, 35.441, 7.378, 12.34, 0, 0, 13.685, 13.86, 13.685, 13.86, 1, 63.578, 63.578, 0.024, 0.137, 21.752, 22.028, 21.752, 22.028, 5.464, 7.378, 12.34, , , 1, 12.251, 0, 0, 14.2, 3.294, 194, 0, 0, 0, 63, 6.408, 6.03, 123.8, 40.56, 100, 0, 0, 46, 46, 12, 1.041, 104.933, 0, 0, 109.933, 63.916, 0, 0, 0, 0, 0, 14, 0, 14.2, 0, 3.294, 194, 0, 0, 0, 63, 1, 0.006, 0.006, 123.8, 40.56, 100, 0, 0, 141, 46, 46, 12, 1.041, 0, 104.933, 0, 0, 109.933, 63.916, 0, 0.4, 0, 0, 
12.2, 18.027, 100.308, 73.96, 74.753, , 3.341, 0.987, 881.138, 881.138, 3.299, 81.523, 81.523, 81.523, 51.958, 83.173, 35.377, 35.514, 7.38, 12.333, 0, 0, 13.682, 13.858, 13.682, 13.858, 1, 63.744, 63.744, 0.024, 0.137, 21.697, 21.973, 21.697, 21.973, 5.444, 7.38, 12.333, , , 1, 12.3, 0, 0, 14.2, 3.299, 194, 0, 0, 0, 63, 6.417, 6.022, 123.8, 40.56, 100, 0, 0, 46, 46, 12, 1.04, 104.985, 0, 0, 109.985, 63.981, 0, 0, 0, 0, 0, 14, 0, 14.2, 0, 3.299, 194, 0, 0, 0, 63, 1, 0.006, 0.006, 123.8, 40.56, 100, 0, 0, 141, 46, 46, 12, 1.04, 0, 104.985, 0, 0, 109.985, 63.981, 0, 0.4, 0, 0, 
12.25, 18.029, 100.307, 73.96, 74.752, , 3.335, 0.987, 885.809, 885.809, 3.308, 81.389, 81.389, 81.389, 51.936, 77.455, 35.413, 35.587, 7.381, 12.326, 0, 0, 13.697, 13.873, 13.697, 13.873, 1, 63.91, 63.91, 0.024, 0.138, 21.671, 21.947, 21.671, 21.947, 5.423, 7.381, 12.326, , , 1, 12.35, 0, 0, 14.2, 3.308, 194, 0, 0, 0, 63.067, 6.421, 6.019, 123.8, 40.432, 100, 0, 0, 46, 46, 12, 1.043, 105.208, 0, 0, 110.277, 64.168, 0, 0, 0, 0, 0, 14, 0, 14.2, 0, 3.308, 194, 0, 0, 0, 63.067, 1, 0.006, 0.006, 123.8, 40.432, 100, 0, 0, 141, 46, 46, 12, 1.043, 0, 105.208, 0, 0, 110.277, 64.168, 0, 0.4, 0, 0, 
12.3, 18.03, 100.307, 73.96, 74.75, , 3.341, 0.987, 890.479, 890.479, 3.32, 81.525, 81.525, 81.525, 51.916, 71.736, 35.538, 35.63, 7.383, 12.325, 0, 0, 13.756, 13.932, 13.756, 13.932, 1, 64.076, 64.076, 0.024, 0.138, 21.715, 21.991, 21.715, 21.991, 5.423, 7.383, 12.325, , , 1, 12.401, 0, 0, 14.2, 3.32, 194, 0, 0, 0, 63.163, 6.423, 6.018, 123.8, 40.254, 100, 0, 0, 46, 46, 12, 1.047, 105.496, 0, 0, 110.662, 64.407, 0, 0, 0, 0, 0, 14, 0, 14.2, 0, 3.32, 194, 0, 0, 0, 63.163, 1, 0.006, 0.006, 123.8, 40.254, 100, 0, 0, 141, 46, 46, 12, 1.047, 0, 105.496, 0, 0, 110.662, 64.407, 0, 0.4, 0, 0, 
12.35, 18.03, 100.306, 73.96, 74.751, , 3.344, 0.987, 895.149, 895.149, 3.331, 81.602, 81.602, 81.602, 51.905, 66.018, 35.682, 35.666, 7.386, 12.325, 0, 0, 13.804, 13.982, 13.804, 13.982, 1, 64.242, 64.242, 0.024, 0.137, 21.739, 22.017, 21.739, 22.017, 5.448, 7.386, 12.325, , , 1, 12.45, 0, 0, 14.2, 3.331, 194, 0, 0, 0, 63.26, 6.425, 6.017, 123.8, 40.076, 100, 0, 0, 46, 46, 12, 1.05, 105.785, 0, 0, 111.046, 64.646, 0, 0, 0, 0, 0, 14, 0, 14.2, 0, 3.331, 194, 0, 0, 0, 63.26, 1, 0.006, 0.006, 123.8, 40.076, 100, 0, 0, 141, 46, 46, 12, 1.05, 0, 105.785, 0, 0, 111.046, 64.646, 0, 0.4, 0, 0, 
12.4, 18.03, 100.306, 73.96, 74.753, , 3.318, 0.987, 899.82, 899.82, 3.343, 81, 81, 81, 51.903, 60.3, 35.826, 35.702, 7.388, 12.332, 0, 0, 13.735, 13.913, 13.735, 13.913, 1, 64.408, 64.408, 0.024, 0.137, 21.58, 21.856, 21.58, 21.856, 5.473, 7.388, 12.332, , , 1, 12.5, 0, 0, 14.2, 3.343, 194, 0, 0, 0, 63.356, 6.427, 6.016, 123.8, 39.898, 100, 0, 0, 46, 46, 12, 1.054, 106.073, 0, 0, 111.431, 64.886, 0, 0, 0, 0, 0, 14, 0, 14.2, 0, 3.343, 194, 0, 0, 0, 63.356, 1, 0.006, 0.006, 123.8, 39.898, 100, 0, 0, 141, 46, 46, 12, 1.054, 0, 106.073, 0, 0, 111.431, 64.886, 0, 0.4, 0, 0, 
12.45, 18.03, 100.306, 73.96, 74.754, , 3.204, 0.987, 904.489, 904.489, 3.354, 78.301, 78.301, 78.301, 51.912, 54.582, 35.97, 35.738, 7.39, 12.339, 0, 0, 13.308, 13.48, 13.308, 13.48, 1, 64.571, 64.571, 0.024, 0.137, 20.857, 21.124, 20.857, 21.124, 5.499, 7.39, 12.339, , , 1, 12.55, 0, 0, 14.2, 3.354, 194, 0, 0, 0, 63.452, 6.429, 6.015, 123.8, 39.72, 100, 0, 0, 46, 46, 12, 1.058, 106.362, 0, 0, 111.815, 65.125, 0, 0, 0, 0, 0, 14, 0, 14.2, 0, 3.354, 194, 0, 0, 0, 63.452, 1, 0.006, 0.006, 123.8, 39.72, 100, 0, 0, 141, 46, 46, 12, 1.058, 0, 106.362, 0, 0, 111.815, 65.125, 0, 0.4, 0, 0, 
12.5, 18.03, 100.305, 73.96, 74.756, , 2.994, 0.987, 909.223, 909.223, 3.363, 73.301, 73.301, 73.301, 51.936, 48.864, 36.114, 35.774, 7.39, 12.356, 0, 0, 12.486, 12.647, 12.486, 12.647, 1, 64.727, 64.727, 0.024, 0.137, 19.517, 19.768, 19.517, 19.768, 5.527, 7.39, 12.356, , , 1, 12.6, 0, 0, 14.2, 3.363, 194, 0, 0, 0, 63.554, 6.431, 6.018, 123.8, 39.656, 100, 0, 0, 46, 46, 12, 1.061, 106.612, 0, 0, 112.112, 65.312, 0, 0, 0, 0, 0, 14, 0, 14.2, 0, 3.363, 194, 0, 0, 0, 63.554, 1, 0.006, 0.006, 123.8, 39.656, 100, 0, 0, 141, 46, 46, 12, 1.061, 0, 106.612, 0, 0, 112.112, 65.312, 0, 0.4, 0, 0, 
12.55, 18.03, 100.305, 73.96, 74.757, , 2.716, 0.987, 913.989, 913.989, 3.368, 66.725, 66.725, 66.725, 51.963, 43.145, 35.992, 35.839, 7.39, 12.374, 0, 0, 11.39, 11.536, 11.39, 11.536, 1, 64.868, 64.868, 0.024, 0.137, 17.757, 17.986, 17.757, 17.986, 5.569, 7.39, 12.374, , , 1, 12.651, 0, 0, 14.2, 3.368, 194, 0, 0, 0, 63.662, 6.433, 6.023, 123.8, 39.696, 100, 0, 0, 46, 46, 12, 1.063, 106.828, 0, 0, 112.328, 65.447, 0, 0, 0, 0, 0, 14, 0, 14.2, 0, 3.368, 194, 0, 0, 0, 63.662, 1, 0.006, 0.006, 123.8, 39.696, 100, 0, 0, 141, 46, 46, 12, 1.063, 0, 106.828, 0, 0, 112.328, 65.447, 0, 0.4, 0, 0, 
12.6, 18.03, 100.305, 73.96, 74.759, , 2.396, 0.987, 918.686, 918.686, 3.372, 59.134, 59.134, 59.134, 51.99, 37.427, 35.812, 35.911, 7.388, 12.387, 0, 0, 10.114, 10.244, 10.114, 10.244, 1, 64.996, 64.996, 0.024, 0.137, 15.728, 15.932, 15.728, 15.932, 5.611, 7.388, 12.387, , , 1, 12.701, 0, 0, 14.2, 3.372, 194, 0, 0, 0, 63.771, 6.435, 6.028, 123.8, 39.735, 100, 0, 0, 46, 46, 12, 1.065, 107.043, 0, 0, 112.543, 65.582, 0, 0, 0, 0, 0, 14, 0, 14.2, 0, 3.372, 194, 0, 0, 0, 63.771, 1, 0.006, 0.006, 123.8, 39.735, 100, 0, 0, 141, 46, 46, 12, 1.065, 0, 107.043, 0, 0, 112.543, 65.582, 0, 0.4, 0, 0, 
12.65, 18.03, 100.304, 73.96, 74.76, , 2.057, 0.987, 923.424, 923.424, 3.377, 51.092, 51.092, 51.092, 52.017, 37.553, 35.632, 35.983, 7.386, 12.4, 0, 0, 8.754, 8.866, 8.754, 8.866, 1, 65.108, 65.108, 0.024, 0.136, 13.58, 13.757, 13.58, 13.757, 5.653, 7.386, 12.4, , , 1, 12.75, 0, 0, 14.2, 3.377, 194, 0, 0, 0, 63.879, 6.438, 6.034, 123.8, 39.775, 100, 0, 0, 46, 46, 12, 1.068, 107.259, 0, 0, 112.759, 65.716, 0, 0, 0, 0, 0, 14, 0, 14.2, 0, 3.377, 194, 0, 0, 0, 63.879, 1, 0.006, 0.006, 123.8, 39.775, 100, 0, 0, 141, 46, 46, 12, 1.068, 0, 107.259, 0, 0, 112.759, 65.716, 0, 0.4, 0, 0, 
12.7, 18.03, 100.304, 73.96, 74.762, , 1.757, 0.987, 928.189, 928.189, 3.382, 43.974, 43.974, 43.974, 52.045, 47.115, 35.452, 36.055, 7.384, 12.404, 0, 0, 7.546, 7.643, 7.546, 7.643, 1, 65.202, 65.202, 0.024, 0.136, 11.681, 11.833, 11.681, 11.833, 5.695, 7.384, 12.404, , , 1, 12.8, 0, 0, 14.2, 3.382, 194, 0, 0, 0, 63.987, 6.44, 6.039, 123.8, 39.815, 100, 0, 0, 46, 46, 12, 1.07, 107.474, 0, 0, 112.974, 65.851, 0, 0, 0, 0, 0, 14, 0, 14.2, 0, 3.382, 194, 0, 0, 0, 63.987, 1, 0.006, 0.006, 123.8, 39.815, 100, 0, 0, 141, 46, 46, 12, 1.07, 0, 107.474, 0, 0, 112.974, 65.851, 0, 0.4, 0, 0, 
12.75, 18.03, 100.303, 73.96, 74.763, , 1.476, 0.987, 932.955, 932.955, 3.388, 37.312, 37.312, 37.312, 52.072, 52.285, 35.272, 36.127, 7.382, 12.405, 0, 0, 6.411, 6.494, 6.411, 6.494, 1, 65.281, 65.281, 0.024, 0.136, 9.908, 10.035, 9.908, 10.035, 5.711, 7.382, 12.405, , , 1, 12.851, 0, 0, 14.2, 3.388, 194, 0, 0, 0, 64.171, 6.488, 6.078, 123.8, 39.946, 100, 0, 0, 46, 46, 12, 1.07, 107.585, 0, 0, 113.341, 65.87, 0, 0, 0, 0, 0, 14, 0, 14.2, 0, 3.388, 194, 0, 0, 0, 64.171, 1, 0.006, 0.006, 123.8, 39.946, 100, 0, 0, 141, 46, 46, 12, 1.07, 0, 107.585, 0, 0, 113.341, 65.87, 0, 0.4, 0, 0, 
12.8, 18.03, 100.303, 73.96, 74.765, , 1.21, 0.987, 937.72, 937.72, 3.394, 31.013, 31.013, 31.013, 52.101, 57.454, 35.212, 36.409, 7.38, 12.396, 0, 0, 5.334, 5.403, 5.334, 5.403, 1, 65.348, 65.348, 0.024, 0.136, 8.232, 8.338, 8.232, 8.338, 5.726, 7.38, 12.396, , , 1, 12.901, 0, 0, 14.2, 3.394, 194, 0, 0, 0, 64.364, 6.545, 6.123, 123.8, 40.09, 100, 0, 0, 46, 46, 12, 1.07, 107.682, 0, 0, 113.729, 65.87, 0, 0, 0, 0, 0, 14, 0, 14.2, 0, 3.394, 194, 0, 0, 0, 64.364, 1, 0.006, 0.006, 123.8, 40.09, 100, 0, 0, 141, 46, 46, 12, 1.07, 0, 107.682, 0, 0, 113.729, 65.87, 0, 0.4, 0, 0, 
12.85, 18.03, 100.303, 73.96, 74.766, , 0.974, 0.987, 942.564, 942.564, 3.4, 25.409, 25.409, 25.409, 52.128, 62.624, 35.177, 36.736, 7.378, 12.385, 0, 0, 4.375, 4.43, 4.375, 4.43, 1, 65.402, 65.402, 0.024, 0.136, 6.742, 6.827, 6.742, 6.827, 5.741, 7.378, 12.385, , , 1, 12.95, 0, 0, 14.2, 3.4, 194, 0, 0, 0, 64.558, 6.601, 6.167, 123.8, 40.233, 100, 0, 0, 46, 46, 12, 1.07, 107.779, 0, 0, 114.116, 65.87, 0, 0, 0, 0, 0, 14, 0, 14.2, 0, 3.4, 194, 0, 0, 0, 64.558, 1, 0.007, 0.006, 123.8, 40.233, 100, 0, 0, 141, 46, 46, 12, 1.07, 0, 107.779, 0, 0, 114.116, 65.87, 0, 0.4, 0, 0, 
12.9, 18.03, 100.302, 73.96, 74.768, , 0.762, 0.987, 947.346, 947.346, 3.406, 20.379, 20.379, 20.379, 52.154, 67.794, 35.143, 37.064, 7.378, 12.369, 0, 0, 3.513, 3.555, 3.513, 3.555, 1, 65.444, 65.444, 0.024, 0.135, 5.406, 5.473, 5.406, 5.473, 5.756, 7.378, 12.369, , , 1, 13.001, 0, 0, 14.2, 3.406, 194, 0, 0, 0, 64.752, 6.657, 6.212, 123.8, 40.376, 100, 0, 0, 46, 46, 12, 1.07, 107.876, 0, 0, 114.504, 65.87, 0, 0, 0, 0, 0, 14, 0, 14.2, 0, 3.406, 194, 0, 0, 0, 64.752, 1, 0.007, 0.006, 123.8, 40.376, 100, 0, 0, 141, 46, 46, 12, 1.07, 0, 107.876, 0, 0, 114.504, 65.87, 0, 0.4, 0, 0, 
12.95, 18.03, 100.302, 73.96, 74.769, , 0.591, 0.987, 952.111, 952.111, 3.411, 16.306, 16.306, 16.306, 52.174, 68.459, 35.108, 37.391, 7.378, 12.353, 0, 0, 2.813, 2.846, 2.813, 2.846, 1, 65.478, 65.478, 0.024, 0.136, 4.325, 4.377, 4.325, 4.377, 5.755, 7.378, 12.353, , , 1, 13.051, 0, 0, 14.2, 3.411, 194, 0, 0, 0, 64.946, 6.713, 6.257, 123.8, 40.52, 100, 0, 0, 46, 46, 12, 1.07, 107.973, 0, 0, 114.891, 65.87, 0, 0, 0, 0, 0, 14, 0, 14.2, 0, 3.411, 194, 0, 0, 0, 64.946, 1, 0.007, 0.006, 123.8, 40.52, 100, 0, 0, 141, 46, 46, 12, 1.07, 0, 107.973, 0, 0, 114.891, 65.87, 0, 0.4, 0, 0, 
13, 18.03, 100.302, 73.96, 74.771, , 0.489, 0.987, 956.877, 956.877, 3.415, 13.893, 13.893, 13.893, 52.19, 66.59, 35.074, 37.719, 7.378, 12.338, 0, 0, 2.398, 2.425, 2.398, 2.425, 1, 65.506, 65.506, 0.024, 0.136, 3.685, 3.727, 3.685, 3.727, 5.752, 7.378, 12.338, , , 1, 13.1, 0, 0, 14.2, 3.415, 194, 0, 0, 0, 65, 6.734, 6.283, 123.8, 40.667, 100, 0, 0, 46, 46, 12.144, 1.073, 108.216, 0, 0, 115, 65.87, 0, 0, 0, 0, 0, 14, 0, 14.2, 0, 3.415, 194, 0, 0, 0, 65, 1, 0.007, 0.006, 123.8, 40.667, 100, 0, 0, 141, 46, 46, 12.144, 1.073, 0, 108.216, 0, 0, 115, 65.87, 0, 0.4, 0, 0, 
13.05, 18.03, 100.301, 73.96, 74.773, , 0.443, 0.987, 961.73, 961.73, 3.417, 12.815, 12.815, 12.815, 52.203, 66.038, 35.105, 37.929, 7.379, 12.324, 0, 0, 2.212, 2.238, 2.212, 2.238, 1, 65.529, 65.529, 0.024, 0.136, 3.397, 3.436, 3.397, 3.436, 5.75, 7.379, 12.324, , , 1, 13.151, 0, 0, 14.2, 3.417, 194, 0, 0, 0, 65, 6.74, 6.301, 123.8, 40.815, 100, 0, 0, 46, 46, 12.344, 1.077, 108.516, 0, 0, 115, 65.87, 0, 0, 0, 0, 0, 14, 0, 14.2, 0, 3.417, 194, 0, 0, 0, 65, 1, 0.007, 0.006, 123.8, 40.815, 100, 0, 0, 141, 46, 46, 12.344, 1.077, 0, 108.516, 0, 0, 115, 65.87, 0, 0.4, 0, 0, 
13.1, 18.03, 100.301, 73.96, 74.774, , 0.449, 0.987, 966.501, 966.501, 3.419, 12.954, 12.954, 12.954, 52.214, 66.607, 35.181, 38.061, 7.379, 12.315, 0, 0, 2.237, 2.264, 2.237, 2.264, 1, 65.55, 65.55, 0.024, 0.137, 3.434, 3.472, 3.434, 3.472, 5.748, 7.379, 12.315, , , 1, 13.201, 0, 0, 14.2, 3.419, 194, 0, 0, 0, 65, 6.746, 6.319, 123.8, 40.963, 100, 0, 0, 46, 46, 12.544, 1.081, 108.816, 0, 0, 115, 65.87, 0, 0, 0, 0, 0, 14, 0, 14.2, 0, 3.419, 194, 0, 0, 0, 65, 1, 0.007, 0.006, 123.8, 40.963, 100, 0, 0, 141, 46, 46, 12.544, 1.081, 0, 108.816, 0, 0, 115, 65.87, 0, 0.4, 0, 0, 
13.15, 18.03, 100.3, 73.96, 74.776, , 0.537, 0.987, 971.362, 971.362, 3.421, 15.03, 15.03, 15.03, 52.219, 67.177, 35.256, 38.193, 7.38, 12.307, 0, 0, 2.596, 2.628, 2.596, 2.628, 1, 65.575, 65.575, 0.024, 0.137, 3.982, 4.03, 3.982, 4.03, 5.747, 7.38, 12.307, , , 1, 13.25, 0, 0, 14.2, 3.421, 194, 0, 0, 0, 65, 6.752, 6.337, 123.8, 41.111, 100, 0, 0, 46, 46, 12.744, 1.085, 109.116, 0, 0, 115, 65.87, 0, 0, 0, 0, 0, 14, 0, 14.2, 0, 3.421, 194, 0, 0, 0, 65, 1, 0.007, 0.006, 123.8, 41.111, 100, 0, 0, 141, 46, 46, 12.744, 1.085, 0, 109.116, 0, 0, 115, 65.87, 0, 0.4, 0, 0, 
13.2, 18.03, 100.3, 73.96, 74.777, , 0.677, 0.987, 976.128, 976.128, 3.423, 18.361, 18.361, 18.361, 52.217, 67.746, 35.331, 38.324, 7.38, 12.303, 0, 0, 3.173, 3.211, 3.173, 3.211, 1, 65.606, 65.606, 0.024, 0.137, 4.864, 4.924, 4.864, 4.924, 5.746, 7.38, 12.303, , , 1, 13.301, 0, 0, 14.2, 3.423, 194, 0, 0, 0, 65, 6.758, 6.355, 123.8, 41.259, 100, 0, 0, 46, 46, 12.944, 1.089, 109.416, 0, 0, 115, 65.87, 0, 0, 0, 0, 0, 14, 0, 14.2, 0, 3.423, 194, 0, 0, 0, 65, 1, 0.007, 0.006, 123.8, 41.259, 100, 0, 0, 141, 46, 46, 12.944, 1.089, 0, 109.416, 0, 0, 115, 65.87, 0, 0.4, 0, 0, 
13.25, 18.03, 100.3, 73.96, 74.779, , 0.835, 0.987, 980.896, 980.896, 3.425, 22.111, 22.111, 22.111, 52.205, 68.316, 35.406, 38.456, 7.379, 12.3, 0, 0, 3.824, 3.87, 3.824, 3.87, 1, 65.644, 65.644, 0.024, 0.138, 5.858, 5.933, 5.858, 5.933, 5.745, 7.379, 12.3, , , 1, 13.351, 0.144, 0, 14.2, 3.425, 194, 0, 0, 0, 65.414, 7.01, 6.481, 123.8, 41.452, 100, 0, 0, 46, 46, 13.138, 1.098, 109.985, 0, 0, 115.623, 65.953, 0, 0, 0.144, 0, 0, 14, 0, 14.2, 0, 3.425, 194, 0, 0, 0, 65.415, 1, 0.007, 0.006, 123.8, 41.452, 100, 0, 0, 141, 46, 46, 13.138, 1.098, 0, 109.985, 0, 0, 115.623, 65.953, 0, 0.4, 0, 0, 
13.3, 18.03, 100.3, 73.96, 74.78, , 1, 0.987, 985.753, 985.753, 3.426, 26.018, 26.018, 26.018, 52.189, 68.885, 35.361, 38.185, 7.379, 12.287, 0, 0, 4.503, 4.558, 4.503, 4.558, 1, 65.689, 65.689, 0.024, 0.138, 6.895, 6.984, 6.895, 6.984, 5.744, 7.379, 12.287, , , 1, 13.4, 0.344, 0, 14.2, 3.426, 194, 0, 0, 0, 65.989, 7.368, 6.654, 123.8, 41.664, 100, 0, 0, 46, 46, 13.331, 1.11, 110.658, 0, 0, 116.488, 66.073, 0, 0, 0.344, 0, 0, 14, 0, 14.2, 0, 3.426, 194, 0, 0, 0, 65.992, 1, 0.008, 0.006, 123.8, 41.664, 100, 0, 0, 141, 46, 46, 13.331, 1.11, 0, 110.658, 0, 0, 116.488, 66.073, 0, 0.4, 0, 0, 
13.35, 18.03, 100.3, 73.96, 74.782, , 1.13, 0.987, 990.529, 990.529, 3.427, 29.109, 29.109, 29.109, 52.174, 69.455, 35.289, 37.825, 7.378, 12.27, 0, 0, 5.04, 5.103, 5.04, 5.103, 1, 65.744, 65.744, 0.024, 0.138, 7.715, 7.815, 7.715, 7.815, 5.745, 7.378, 12.27, , , 1, 13.45, 0.544, 0, 14.2, 3.427, 194, 0, 0, 0, 66.563, 7.726, 6.827, 123.8, 41.875, 100, 0, 0, 46, 46, 13.523, 1.121, 111.331, 0, 0, 117.354, 66.192, 0, 0, 0.544, 0, 0, 14, 0, 14.2, 0, 3.427, 194, 0, 0, 0, 66.569, 1, 0.008, 0.007, 123.8, 41.875, 100, 0, 0, 141, 46, 46, 13.523, 1.121, 0, 111.331, 0, 0, 117.354, 66.192, 0, 0.4, 0, 0, 
13.4, 18.03, 100.3, 73.96, 74.783, , 1.196, 0.987, 995.38, 995.38, 3.428, 30.671, 30.671, 30.671, 52.162, 70.024, 35.217, 37.465, 7.378, 12.226, 0, 0, 5.314, 5.382, 5.314, 5.382, 1, 65.803, 65.803, 0.024, 0.138, 8.13, 8.236, 8.13, 8.236, 5.749, 7.378, 12.226, , , 1, 13.501, 0.744, 0, 14.2, 3.428, 194, 0, 0, 0, 67.138, 8.083, 7, 123.8, 42.087, 100, 0, 0, 46, 46, 13.715, 1.133, 112.004, 0, 0, 118.219, 66.311, 0, 0, 0.744, 0, 0, 14, 0, 14.2, 0, 3.428, 194, 0, 0, 0, 67.146, 1, 0.008, 0.007, 123.8, 42.087, 100, 0, 0, 141, 46, 46, 13.715, 1.133, 0, 112.004, 0, 0, 118.219, 66.311, 0, 0.4, 0, 0, 
13.45, 18.03, 100.3, 73.96, 74.785, , 1.19, 0.987, 1000.161, 1000.161, 3.429, 30.536, 30.536, 30.536, 52.157, 70.594, 35.145, 37.105, 7.377, 12.169, 0, 0, 5.295, 5.363, 5.295, 5.363, 1, 65.861, 65.861, 0.024, 0.138, 8.095, 8.201, 8.095, 8.201, 5.754, 7.377, 12.169, , , 1, 13.551, 0.944, 0, 14.2, 3.429, 194, 0, 0, 0, 67.713, 8.441, 7.173, 123.8, 42.298, 100, 0, 0, 46, 46, 13.908, 1.144, 112.677, 0, 0, 119.085, 66.43, 0, 0, 0.944, 0, 0, 14, 0, 14.2, 0, 3.429, 194, 0, 0, 0, 67.723, 1, 0.009, 0.007, 123.8, 42.298, 100, 0, 0, 141, 46, 46, 13.908, 1.144, 0, 112.677, 0, 0, 119.085, 66.43, 0, 0.4, 0, 0, 
13.5, 18.03, 100.3, 73.96, 74.786, , 1.166, 0.987, 1005.007, 1005.007, 3.432, 29.968, 29.968, 29.968, 52.159, 71.163, 35.073, 36.745, 7.377, 12.09, 0, 0, 5.201, 5.268, 5.201, 5.268, 1, 65.921, 65.921, 0.024, 0.138, 7.943, 8.048, 7.943, 8.048, 5.758, 7.377, 12.09, , , 1, 13.601, 0.96, 0, 14.2, 3.432, 194, 0, 0, 0, 68.2, 8.601, 7.34, 123.8, 42.822, 100, 0, 0, 46, 46, 14.208, 1.158, 113.364, 0, 0, 119.864, 66.49, 0, 0, 0.96, 0, 0, 14, 0, 14.2, 0, 3.432, 194, 0, 0, 0, 68.207, 1, 0.009, 0.007, 123.8, 42.822, 100, 0, 0, 141, 46, 46, 14.208, 1.158, 0, 113.364, 0, 0, 119.864, 66.49, 0, 0.4, 0, 0, 
13.55, 18.03, 100.3, 73.96, 74.788, , 1.092, 0.987, 1009.794, 1009.794, 3.435, 28.217, 28.217, 28.217, 52.164, 71.733, 35.09, 36.503, 7.377, 11.999, 0, 0, 4.901, 4.964, 4.901, 4.964, 1, 65.978, 65.978, 0.024, 0.138, 7.479, 7.578, 7.479, 7.578, 5.769, 7.377, 11.999, , , 1, 13.651, 0.806, 0, 14.2, 3.435, 194, 0, 0, 0, 68.6, 8.563, 7.5, 123.8, 43.634, 100, 0, 0, 46, 46, 14.608, 1.174, 114.064, 0, 0, 120.564, 66.49, 0, 0, 0.806, 0, 0, 14, 0, 14.2, 0, 3.435, 194, 0, 0, 0, 68.606, 1, 0.009, 0.007, 123.8, 43.634, 100, 0, 0, 141, 46, 46, 14.608, 1.174, 0, 114.064, 0, 0, 120.564, 66.49, 0, 0.4, 0, 0, 
13.6, 18.03, 100.3, 73.96, 74.789, , 1.015, 0.987, 1014.659, 1014.659, 3.439, 26.402, 26.402, 26.402, 52.171, 72.302, 35.126, 36.287, 7.377, 11.915, 0, 0, 4.59, 4.649, 4.59, 4.649, 1, 66.031, 66.031, 0.024, 0.137, 6.998, 7.089, 6.998, 7.089, 5.787, 7.377, 11.915, , , 1, 13.701, 0.652, 0, 14.2, 3.439, 194, 0, 0, 0, 69, 8.525, 7.66, 123.8, 44.446, 100, 0, 0, 46, 46, 15.008, 1.19, 114.764, 0, 0, 121.264, 66.49, 0, 0, 0.652, 0, 0, 14, 0, 14.2, 0, 3.439, 194, 0, 0, 0, 69.004, 1, 0.008, 0.008, 123.8, 44.446, 100, 0, 0, 141, 46, 46, 15.008, 1.19, 0, 114.764, 0, 0, 121.264, 66.49, 0, 0.4, 0, 0, 
13.65, 18.03, 100.3, 73.96, 74.79, , 0.914, 0.987, 1019.493, 1019.493, 3.442, 24.006, 24.006, 24.006, 52.18, 72.872, 35.162, 36.071, 7.377, 11.834, 0, 0, 4.177, 4.23, 4.177, 4.23, 1, 66.093, 66.093, 0.024, 0.137, 6.363, 6.444, 6.363, 6.444, 5.806, 7.377, 11.834, , , 1, 13.75, 0.498, 0, 14.2, 3.442, 194, 0, 0, 0, 69.4, 8.487, 7.82, 123.8, 45.258, 100, 0, 0, 46, 46, 15.408, 1.206, 115.464, 0, 0, 121.964, 66.49, 0, 0, 0.498, 0, 0, 14, 0, 14.2, 0, 3.442, 194, 0, 0, 0, 69.402, 1, 0.008, 0.008, 123.8, 45.258, 100, 0, 0, 141, 46, 46, 15.408, 1.206, 0, 115.464, 0, 0, 121.964, 66.49, 0, 0.4, 0, 0, 
13.7, 18.03, 100.3, 73.96, 74.79, , 0.812, 0.987, 1024.289, 1024.289, 3.445, 21.577, 21.577, 21.577, 52.184, 73.441, 35.198, 35.855, 7.377, 11.789, 0, 0, 3.757, 3.804, 3.757, 3.804, 1, 66.126, 66.126, 0.024, 0.137, 5.719, 5.791, 5.719, 5.791, 5.825, 7.377, 11.789, , , 1, 13.801, 0.344, 0, 14.2, 3.445, 194, 0, 0, 0, 69.8, 8.449, 7.98, 123.8, 46.07, 100, 0, 0, 46, 46, 15.808, 1.222, 116.164, 0, 0, 122.664, 66.49, 0, 0, 0.344, 0, 0, 14, 0, 14.2, 0, 3.445, 194, 0, 0, 0, 69.801, 1, 0.008, 0.008, 123.8, 46.07, 100, 0, 0, 141, 46, 46, 15.808, 1.222, 0, 116.164, 0, 0, 122.664, 66.49, 0, 0.4, 0, 0, 
13.75, 18.03, 100.3, 73.96, 74.79, , 0.719, 0.987, 1029.154, 1029.154, 3.448, 19.382, 19.382, 19.382, 52.191, 74.011, 35.234, 35.639, 7.377, 11.764, 0, 0, 3.377, 3.419, 3.377, 3.419, 1, 66.162, 66.162, 0.024, 0.137, 5.137, 5.201, 5.137, 5.201, 5.842, 7.377, 11.764, , , 1, 13.851, 0.242, 0, 14.2, 3.448, 194, 0, 0, 0, 70, 8.407, 8.027, 123.8, 46.46, 100, 0, 0, 46, 46, 16, 1.23, 116.552, 0, 0, 123, 66.49, 0, 0, 0.242, 0, 0, 14, 0, 14.2, 0, 3.448, 194, 0, 0, 0, 70, 1, 0.008, 0.008, 123.8, 46.46, 100, 0, 0, 141, 46, 46, 16, 1.23, 0, 116.552, 0, 0, 123, 66.49, 0, 0.4, 0, 0, 
13.8, 18.03, 100.3, 73.96, 74.79, , 0.625, 0.987, 1034.019, 1034.019, 3.451, 17.135, 17.135, 17.135, 52.198, 74.58, 34.945, 35.511, 7.377, 11.772, 0, 0, 2.987, 3.024, 2.987, 3.024, 1, 66.195, 66.195, 0.024, 0.136, 4.54, 4.597, 4.54, 4.597, 5.846, 7.377, 11.772, , , 1, 13.9, 0.188, 0, 14.2, 3.451, 194, 0, 0, 0, 70, 8.361, 7.961, 123.8, 46.46, 100, 0, 0, 46, 46, 16, 1.23, 116.652, 0, 0, 123, 66.49, 0, 0, 0.188, 0, 0, 14, 0, 14.2, 0, 3.451, 194, 0, 0, 0, 70, 1, 0.008, 0.008, 123.8, 46.46, 100, 0, 0, 141, 46, 46, 16, 1.23, 0, 116.652, 0, 0, 123, 66.49, 0, 0.4, 0, 0, 
13.85, 18.03, 100.3, 73.96, 74.79, , 0.523, 0.987, 1038.883, 1038.883, 3.453, 14.718, 14.718, 14.718, 52.204, 75.15, 34.585, 35.403, 7.377, 11.802, 0, 0, 2.567, 2.598, 2.567, 2.598, 1, 66.223, 66.223, 0.024, 0.136, 3.898, 3.949, 3.898, 3.949, 5.85, 7.377, 11.802, , , 1, 13.95, 0.134, 0, 14.2, 3.453, 194, 0, 0, 0, 70, 8.315, 7.895, 123.8, 46.46, 100, 0, 0, 46, 46, 16, 1.23, 116.752, 0, 0, 123, 66.49, 0, 0, 0.134, 0, 0, 14, 0, 14.2, 0, 3.453, 194, 0, 0, 0, 70, 1, 0.008, 0.008, 123.8, 46.46, 100, 0, 0, 141, 46, 46, 16, 1.23, 0, 116.752, 0, 0, 123, 66.49, 0, 0.4, 0, 0, 
13.9, 18.03, 100.3, 73.96, 74.79, , 0.41, 0.987, 1044.844, 1044.844, 3.455, 12.046, 12.046, 12.046, 52.206, 75.719, 34.225, 35.295, 7.377, 11.839, 0, 0, 2.101, 2.126, 2.101, 2.126, 1, 66.246, 66.246, 0.024, 0.136, 3.19, 3.232, 3.19, 3.232, 5.853, 7.377, 11.839, , , 1, 14.001, 0.08, 0, 14.2, 3.455, 194, 0, 0, 0, 70, 8.269, 7.829, 123.8, 46.46, 100, 0, 0, 46, 46, 16, 1.23, 116.852, 0, 0, 123, 66.49, 0, 0, 0.08, 0, 0, 14, 0, 14.2, 0, 3.455, 194, 0, 0, 0, 70, 1, 0.008, 0.008, 123.8, 46.46, 100, 0, 0, 141, 46, 46, 16, 1.23, 0, 116.852, 0, 0, 123, 66.49, 0, 0.4, 0, 0, 
13.95, 18.03, 100.3, 73.96, 74.79, , 0.28, 0.987, 1050.851, 1050.851, 3.458, 8.974, 8.974, 8.974, 52.208, 76.289, 33.865, 35.187, 7.377, 11.884, 0, 0, 1.566, 1.584, 1.566, 1.584, 1, 66.27, 66.27, 0.024, 0.136, 2.376, 2.407, 2.376, 2.407, 5.856, 7.377, 11.884, , , 1, 14.051, 0.026, 0, 14.2, 3.458, 194, 0, 0, 0, 70, 8.223, 7.763, 123.8, 46.46, 100, 0, 0, 46, 46, 16, 1.23, 116.952, 0, 0, 123, 66.49, 0, 0, 0.026, 0, 0, 14, 0, 14.2, 0, 3.458, 194, 0, 0, 0, 70, 1, 0.008, 0.008, 123.8, 46.46, 100, 0, 0, 141, 46, 46, 16, 1.23, 0, 116.952, 0, 0, 123, 66.49, 0, 0.4, 0, 0, 
14, 18.03, 100.3, 73.96, 74.79, , 0.169, 0.987, 1055.715, 1055.715, 3.459, 6.333, 6.333, 6.333, 52.21, 76.858, 33.505, 35.079, 7.377, 11.92, 0, 0, 1.105, 1.117, 1.105, 1.117, 1, 66.28, 66.28, 0.024, 0.136, 1.677, 1.699, 1.677, 1.699, 5.853, 7.377, 11.92, , , 1, 14.101, 0, 0, 14.21, 3.459, 194, 0, 0, 0, 70, 8.207, 7.725, 123.8, 46.571, 100, 0, 0, 46, 46, 16, 1.23, 117.025, 0, 0, 123, 66.55, 0, 0, 0, 0, 0, 14, 0, 14.21, 0, 3.459, 194, 0, 0, 0, 70, 1, 0.008, 0.008, 123.8, 46.571, 100, 0, 0, 141, 46, 46, 16, 1.23, 0, 117.025, 0, 0, 123, 66.55, 0, 0.39, 0, 0, 
14.05, 18.03, 100.3, 73.96, 74.79, , 0.064, 0.987, 1060.579, 1060.579, 3.46, 3.825, 3.825, 3.825, 52.214, 77.428, 33.765, 35.119, 7.377, 11.95, 0, 0, 0.667, 0.674, 0.667, 0.674, 1, 66.287, 66.287, 0.024, 0.136, 1.014, 1.027, 1.014, 1.027, 5.849, 7.377, 11.95, , , 1, 14.151, 0, 0, 14.229, 3.46, 194, 0, 0, 0, 70, 8.22, 7.716, 123.8, 46.784, 100, 0, 0, 46, 46, 16, 1.23, 117.073, 0, 0, 123, 66.67, 0, 0, 0, 0, 0, 14, 0, 14.229, 0, 3.46, 194, 0, 0, 0, 70, 1, 0.008, 0.008, 123.8, 46.784, 100, 0, 0, 141, 46, 46, 16, 1.23, 0, 117.073, 0, 0, 123, 66.67, 0, 0.371, 0, 0, 
14.1, 18.03, 100.3, 73.96, 74.79, , -0.034, 0.987, 1065.444, 1065.444, 3.461, 1.499, 1.499, 1.499, 52.221, 77.997, 34.161, 35.191, 7.377, 11.971, 0, 0, 0.262, 0.264, 0.262, 0.264, 1, 66.288, 66.288, 0.024, 0.136, 0.399, 0.403, 0.399, 0.403, 5.845, 7.377, 11.971, , , 1, 14.201, 0, 0, 14.248, 3.461, 194, 0, 0, 0, 70, 8.234, 7.706, 123.8, 46.998, 100, 0, 0, 46, 46, 16, 1.23, 117.121, 0, 0, 123, 66.789, 0, 0, 0, 0, 0, 14, 0, 14.248, 0, 3.461, 194, 0, 0, 0, 70, 1, 0.008, 0.008, 123.8, 46.998, 100, 0, 0, 141, 46, 46, 16, 1.23, 0, 117.121, 0, 0, 123, 66.789, 0, 0.352, 0, 0, 
14.15, 18.03, 100.3, 73.96, 74.79, , -0.12, 0.987, 1070.309, 1070.309, 3.462, -0.539, -0.539, -0.539, 52.232, 78.567, 34.557, 35.263, 7.378, 11.984, 0, 0, -0.094, -0.096, -0.094, -0.096, 1, 66.285, 66.285, 0.024, 0.137, -0.141, -0.144, -0.141, -0.144, 5.844, 7.378, 11.984, , , 1, 14.251, 0, 0, 14.268, 3.462, 194, 0, 0, 0, 70, 8.247, 7.696, 123.8, 47.211, 100, 0, 0, 46, 46, 16, 1.23, 117.169, 0, 0, 123, 66.909, 0, 0, 0, 0, 0, 14, 0, 14.268, 0, 3.462, 194, 0, 0, 0, 70, 1, 0.008, 0.008, 123.8, 47.211, 100, 0, 0, 141, 46, 46, 16, 1.23, 0, 117.169, 0, 0, 123, 66.909, 0, 0.332, 0, 0, 
14.2, 18.03, 100.3, 73.96, 74.79, , -0.203, 0.987, 1075.173, 1075.173, 3.462, -2.504, -2.504, -2.504, 52.245, 79.136, 34.953, 35.335, 7.378, 11.997, 0, 0, -0.437, -0.443, -0.437, -0.443, 1, 66.277, 66.277, 0.024, 0.137, -0.66, -0.671, -0.66, -0.671, 5.856, 7.378, 11.997, , , 1, 14.301, 0, 0, 14.287, 3.462, 194, 0, 0, 0, 70, 8.261, 7.687, 123.8, 47.425, 100, 0, 0, 46, 46, 16, 1.23, 117.217, 0, 0, 123, 67.029, 0, 0, 0, 0, 0, 14, 0, 14.287, 0, 3.462, 194, 0, 0, 0, 70, 1, 0.008, 0.008, 123.8, 47.425, 100, 0, 0, 141, 46, 46, 16, 1.23, 0, 117.217, 0, 0, 123, 67.029, 0, 0.313, 0, 0, 
14.25, 18.03, 100.3, 73.96, 74.79, , -0.249, 0.987, 1078.237, 1078.237, 3.463, -3.602, -3.602, -3.602, 52.259, 79.706, 35.349, 35.407, 7.379, 12.009, 0, 0, -0.629, -0.637, -0.629, -0.637, 1, 66.267, 66.267, 0.024, 0.137, -0.95, -0.965, -0.95, -0.965, 5.869, 7.379, 12.009, , , 1, 14.351, 0, 0, 14.3, 3.463, 194, 0, 0, 0, 70, 8.272, 7.685, 123.8, 47.57, 100, 0, 0, 46, 46, 16, 1.231, 117.267, 0, 0, 123, 67.11, 0, 0, 0, 0, 0, 14, 0, 14.3, 0, 3.463, 194, 0, 0, 0, 70, 1, 0.008, 0.008, 123.8, 47.57, 100, 0, 0, 141, 46, 46, 16, 1.231, 0, 117.267, 0, 0, 123, 67.11, 0, 0.3, 0, 0, 
14.3, 18.03, 100.3, 73.96, 74.79, , -0.296, 0.987, 1082.566, 1082.566, 3.463, -4.699, -4.699, -4.699, 52.268, 80.275, 35.42, 35.39, 7.379, 12.022, 0, 0, -0.821, -0.83, -0.821, -0.83, 1, 66.26, 66.26, 0.024, 0.138, -1.241, -1.261, -1.241, -1.261, 5.882, 7.379, 12.022, , , 1, 14.401, 0, 0, 14.3, 3.463, 194, 0, 0, 0, 70, 8.278, 7.699, 123.8, 47.57, 100, 0, 0, 46, 46, 16, 1.235, 117.319, 0, 0, 123, 67.11, 0, 0, 0, 0, 0, 14, 0, 14.3, 0, 3.463, 194, 0, 0, 0, 70, 1, 0.008, 0.008, 123.8, 47.57, 100, 0, 0, 141, 46, 46, 16, 1.235, 0, 117.319, 0, 0, 123, 67.11, 0, 0.3, 0, 0, 
14.35, 18.03, 100.3, 73.96, 74.79, , -0.32, 0.987, 1087.431, 1087.431, 3.463, -5.284, -5.284, -5.284, 52.282, 80.845, 35.42, 35.354, 7.38, 12.035, 0, 0, -0.923, -0.935, -0.923, -0.935, 1, 66.244, 66.244, 0.024, 0.138, -1.397, -1.417, -1.397, -1.417, 5.895, 7.38, 12.035, , , 1, 14.451, 0, 0, 14.3, 3.463, 194, 0, 0, 0, 70, 8.284, 7.714, 123.8, 47.57, 100, 0, 0, 46, 46, 16, 1.24, 117.371, 0, 0, 123, 67.11, 0, 0, 0, 0, 0, 14, 0, 14.3, 0, 3.463, 194, 0, 0, 0, 70, 1, 0.008, 0.008, 123.8, 47.57, 100, 0, 0, 141, 46, 46, 16, 1.24, 0, 117.371, 0, 0, 123, 67.11, 0, 0.3, 0, 0, 
14.4, 18.03, 100.3, 73.96, 74.79, , -0.338, 0.987, 1092.296, 1092.296, 3.464, -5.71, -5.71, -5.71, 52.291, 81.414, 35.42, 35.318, 7.38, 12.05, 0, 0, -0.998, -1.01, -0.998, -1.01, 1, 66.227, 66.227, 0.024, 0.138, -1.511, -1.531, -1.511, -1.531, 5.89, 7.38, 12.05, , , 1, 14.501, 0, 0, 14.3, 3.464, 194, 0, 0, 0, 70, 8.291, 7.728, 123.8, 47.57, 100, 0, 0, 46, 46, 16, 1.244, 117.423, 0, 0, 123, 67.11, 0, 0, 0, 0, 0, 14, 0, 14.3, 0, 3.464, 194, 0, 0, 0, 70, 1, 0.008, 0.008, 123.8, 47.57, 100, 0, 0, 141, 46, 46, 16, 1.244, 0, 117.423, 0, 0, 123, 67.11, 0, 0.3, 0, 0, 
14.45, 18.03, 100.3, 73.96, 74.79, , -0.333, 0.987, 1097.16, 1097.16, 3.464, -5.593, -5.593, -5.593, 52.298, 81.984, 35.42, 35.282, 7.38, 12.065, 0, 0, -0.978, -0.99, -0.978, -0.99, 1, 66.209, 66.209, 0.024, 0.138, -1.481, -1.499, -1.481, -1.499, 5.882, 7.38, 12.065, , , 1, 14.551, 0, 0, 14.3, 3.464, 194, 0, 0, 0, 70, 8.297, 7.743, 123.8, 47.57, 100, 0, 0, 46, 46, 16, 1.248, 117.475, 0, 0, 123, 67.11, 0, 0, 0, 0, 0, 14, 0, 14.3, 0, 3.464, 194, 0, 0, 0, 70, 1, 0.008, 0.008, 123.8, 47.57, 100, 0, 0, 141, 46, 46, 16, 1.248, 0, 117.475, 0, 0, 123, 67.11, 0, 0.3, 0, 0, 
14.5, 18.03, 100.3, 73.96, 74.79, , -0.316, 0.987, 1104.171, 1104.171, 3.464, -5.184, -5.184, -5.184, 52.3, 82.553, 35.42, 35.246, 7.38, 12.076, 0, 0, -0.905, -0.918, -0.905, -0.918, 1, 66.19, 66.19, 0.024, 0.138, -1.373, -1.39, -1.373, -1.39, 5.874, 7.38, 12.076, , , 1, 14.601, 0, 0, 14.3, 3.464, 194, 0, 0, 0, 70.1, 8.303, 7.764, 123.8, 47.607, 100, 0, 0, 46, 46, 16.1, 1.252, 117.45, 0, 0, 123, 67.05, 0, 0, 0, 0, 0, 14, 0, 14.3, 0, 3.464, 194, 0, 0, 0, 70.1, 1, 0.008, 0.008, 123.8, 47.607, 100, 0, 0, 141, 46, 46, 16.1, 1.252, 0, 117.45, 0, 0, 123, 67.05, 0, 0.3, 0, 0, 
14.55, 18.03, 100.3, 73.96, 74.79, , -0.316, 0.987, 1109.128, 1109.128, 3.463, -5.183, -5.183, -5.183, 52.3, 83.123, 35.45, 35.388, 7.38, 12.082, 0, 0, -0.903, -0.918, -0.903, -0.918, 1, 66.17, 66.17, 0.024, 0.138, -1.372, -1.388, -1.372, -1.388, 5.865, 7.38, 12.082, , , 1, 14.651, 0, 0, 14.3, 3.463, 194, 0, 0, 0, 70.292, 8.309, 7.791, 123.8, 47.678, 100, 0, 0, 46, 46, 16.292, 1.256, 117.354, 0, 0, 123, 66.93, 0, 0, 0, 0, 0, 14, 0, 14.3, 0, 3.463, 194, 0, 0, 0, 70.292, 1, 0.008, 0.008, 123.8, 47.678, 100, 0, 0, 141, 46, 46, 16.292, 1.256, 0, 117.354, 0, 0, 123, 66.93, 0, 0.3, 0, 0, 
14.6, 18.03, 100.3, 73.96, 74.79, , -0.32, 0.987, 1111.657, 1111.657, 3.462, -5.278, -5.278, -5.278, 52.3, 83.692, 35.486, 35.568, 7.38, 12.086, 0, 0, -0.919, -0.935, -0.919, -0.935, 1, 66.158, 66.158, 0.024, 0.137, -1.396, -1.414, -1.396, -1.414, 5.852, 7.38, 12.086, , , 1, 14.7, 0, 0, 14.3, 3.462, 194, 0, 0, 0, 70.485, 8.314, 7.818, 123.8, 47.749, 100, 0, 0, 46, 46, 16.485, 1.26, 117.258, 0, 0, 123, 66.811, 0, 0, 0, 0, 0, 14, 0, 14.3, 0, 3.462, 194, 0, 0, 0, 70.485, 1, 0.008, 0.008, 123.8, 47.749, 100, 0, 0, 141, 46, 46, 16.485, 1.26, 0, 117.258, 0, 0, 123, 66.811, 0, 0.3, 0, 0, 
14.65, 18.03, 100.3, 73.96, 74.79, , -0.316, 0.987, 1116.522, 1116.522, 3.461, -5.168, -5.168, -5.168, 52.299, 84.262, 35.522, 35.748, 7.38, 12.088, 0, 0, -0.899, -0.915, -0.899, -0.915, 1, 66.146, 66.146, 0.024, 0.137, -1.367, -1.385, -1.367, -1.385, 5.835, 7.38, 12.088, , , 1, 14.75, 0, 0, 14.3, 3.461, 194, 0, 0, 0, 70.677, 8.32, 7.845, 123.8, 47.82, 100, 0, 0, 46, 46, 16.677, 1.264, 117.162, 0, 0, 123, 66.691, 0, 0, 0, 0, 0, 14, 0, 14.3, 0, 3.461, 194, 0, 0, 0, 70.677, 1, 0.008, 0.008, 123.8, 47.82, 100, 0, 0, 141, 46, 46, 16.677, 1.264, 0, 117.162, 0, 0, 123, 66.691, 0, 0.3, 0, 0, 
14.7, 18.03, 100.3, 73.96, 74.79, , -0.324, 0.987, 1121.387, 1121.387, 3.461, -5.358, -5.358, -5.358, 52.297, 84.831, 35.558, 35.928, 7.38, 12.087, 0, 0, -0.932, -0.947, -0.932, -0.947, 1, 66.13, 66.13, 0.024, 0.137, -1.417, -1.437, -1.417, -1.437, 5.818, 7.38, 12.087, , , 1, 14.801, 0, 0, 14.3, 3.461, 194, 0, 0, 0, 70.869, 8.326, 7.872, 123.8, 47.892, 100, 0, 0, 46, 46, 16.869, 1.267, 117.065, 0, 0, 123, 66.571, 0, 0, 0, 0, 0, 14, 0, 14.3, 0, 3.461, 194, 0, 0, 0, 70.869, 1, 0.008, 0.008, 123.8, 47.892, 100, 0, 0, 141, 46, 46, 16.869, 1.267, 0, 117.065, 0, 0, 123, 66.571, 0, 0.3, 0, 0, 
14.75, 18.03, 100.3, 73.96, 74.79, , -0.319, 0.987, 1126.252, 1126.252, 3.459, -5.258, -5.258, -5.258, 52.293, 85.401, 35.594, 36.108, 7.379, 12.083, 0, 0, -0.914, -0.928, -0.914, -0.928, 1, 66.113, 66.113, 0.024, 0.137, -1.39, -1.41, -1.39, -1.41, 5.801, 7.379, 12.083, , , 1, 14.851, 0, 0, 14.3, 3.459, 194, 0, 0, 0, 71, 8.345, 7.896, 123.8, 47.987, 100, 0, 0, 46, 46, 17, 1.27, 117, 0, 0, 123, 66.49, 0, 0, 0, 0, 0, 14, 0, 14.3, 0, 3.459, 194, 0, 0, 0, 71, 1, 0.008, 0.008, 123.8, 47.987, 100, 0, 0, 141, 46, 46, 17, 1.27, 0, 117, 0, 0, 123, 66.49, 0, 0.3, 0, 0, 
14.8, 18.03, 100.3, 73.96, 74.79, , -0.333, 0.987, 1131.097, 1131.097, 3.458, -5.583, -5.583, -5.583, 52.289, 85.97, 35.541, 36.347, 7.379, 12.079, 0, 0, -0.971, -0.984, -0.971, -0.984, 1, 66.097, 66.097, 0.024, 0.137, -1.477, -1.497, -1.477, -1.497, 5.783, 7.379, 12.079, , , 1, 14.9, 0, 0, 14.3, 3.458, 194, 0, 0, 0, 71, 8.391, 7.914, 123.8, 48.135, 100, 0, 0, 46, 46, 17, 1.27, 117, 0, 0, 123, 66.49, 0, 0, 0, 0, 0, 14, 0, 14.3, 0, 3.458, 194, 0, 0, 0, 71, 1, 0.008, 0.008, 123.8, 48.135, 100, 0, 0, 141, 46, 46, 17, 1.27, 0, 117, 0, 0, 123, 66.49, 0, 0.3, 0, 0, 
14.85, 18.03, 100.3, 73.96, 74.79, , -0.318, 0.987, 1135.884, 1135.884, 3.456, -5.219, -5.219, -5.219, 52.284, 86.54, 35.469, 36.599, 7.378, 12.073, 0, 0, -0.907, -0.919, -0.907, -0.919, 1, 66.082, 66.082, 0.024, 0.136, -1.381, -1.401, -1.381, -1.401, 5.764, 7.378, 12.073, , , 1, 14.951, 0, 0, 14.3, 3.456, 194, 0, 0, 0, 71, 8.437, 7.932, 123.8, 48.283, 100, 0, 0, 46, 46, 17, 1.27, 117, 0, 0, 123, 66.49, 0, 0, 0, 0, 0, 14, 0, 14.3, 0, 3.456, 194, 0, 0, 0, 71, 1, 0.008, 0.008, 123.8, 48.283, 100, 0, 0, 141, 46, 46, 17, 1.27, 0, 117, 0, 0, 123, 66.49, 0, 0.3, 0, 0, 
14.9, 18.03, 100.3, 73.96, 74.79, , -0.32, 0.987, 1140.747, 1140.747, 3.454, -5.269, -5.269, -5.269, 52.279, 87.109, 35.397, 36.851, 7.378, 12.066, 0, 0, -0.914, -0.927, -0.914, -0.927, 1, 66.066, 66.066, 0.024, 0.136, -1.393, -1.413, -1.393, -1.413, 5.745, 7.378, 12.066, , , 1, 15.001, 0, 0, 14.3, 3.454, 194, 0, 0, 0, 71, 8.483, 7.95, 123.8, 48.431, 100, 0, 0, 46, 46, 17, 1.27, 117, 0, 0, 123, 66.49, 0, 0, 0, 0, 0, 14, 0, 14.3, 0, 3.454, 194, 0, 0, 0, 71, 1, 0.009, 0.008, 123.8, 48.431, 100, 0, 0, 141, 46, 46, 17, 1.27, 0, 117, 0, 0, 123, 66.49, 0, 0.3, 0, 0, 
14.95, 18.03, 100.3, 73.96, 74.79, , -0.345, 0.987, 1145.612, 1145.612, 3.453, -5.866, -5.866, -5.866, 52.275, 87.679, 35.325, 37.103, 7.377, 12.057, 0, 0, -1.018, -1.032, -1.018, -1.032, 1, 66.049, 66.049, 0.024, 0.136, -1.552, -1.572, -1.552, -1.572, 5.726, 7.377, 12.057, , , 1, 15.051, 0, 0, 14.3, 3.453, 194, 0, 0, 0, 71, 8.529, 7.968, 123.8, 48.579, 100, 0, 0, 46, 46, 17, 1.27, 117, 0, 0, 123, 66.49, 0, 0, 0, 0, 0, 14, 0, 14.3, 0, 3.453, 194, 0, 0, 0, 71, 1, 0.009, 0.008, 123.8, 48.579, 100, 0, 0, 141, 46, 46, 17, 1.27, 0, 117, 0, 0, 123, 66.49, 0, 0.3, 0, 0, 
15, 18.031, 100.3, 73.96, 74.79, , -0.36, 0.987, 1150.477, 1150.477, 3.451, -6.227, -6.227, -6.227, 52.272, 88.248, 35.253, 37.355, 7.377, 12.049, 0, 0, -1.081, -1.095, -1.081, -1.095, 1, 66.031, 66.031, 0.024, 0.136, -1.648, -1.668, -1.648, -1.668, 5.707, 7.377, 12.049, , , 1, 15.101, 0, 0, 14.3, 3.451, 194, 0, 0, 0, 71, 8.558, 7.978, 123.8, 48.68, 100, 0, 0, 46, 46, 17, 1.27, 117, 0, 0, 123, 66.49, 0, 0, 0, 0, 0, 14, 0, 14.3, 0, 3.451, 194, 0, 0, 0, 71, 1, 0.009, 0.008, 123.8, 48.68, 100, 0, 0, 141, 46, 46, 17, 1.27, 0, 117, 0, 0, 123, 66.49, 0, 0.3, 0, 0, 
15.05, 18.032, 100.3, 73.96, 74.79, , -0.346, 0.987, 1155.304, 1155.304, 3.451, -5.899, -5.899, -5.899, 52.27, 88.818, 35.211, 36.93, 7.377, 12.044, 0, 0, -1.025, -1.037, -1.025, -1.037, 1, 66.012, 66.012, 0.024, 0.136, -1.561, -1.58, -1.561, -1.58, 5.693, 7.377, 12.044, , , 1, 15.151, 0, 0, 14.3, 3.451, 194, 0, 0, 0, 71, 8.552, 7.972, 123.8, 48.68, 100, 0, 0, 46, 46, 17, 1.27, 117, 0, 0, 123, 66.49, 0, 0, 0, 0, 0, 14, 0, 14.3, 0, 3.451, 194, 0, 0, 0, 71, 1, 0.009, 0.008, 123.8, 48.68, 100, 0, 0, 141, 46, 46, 17, 1.27, 0, 117, 0, 0, 123, 66.49, 0, 0.3, 0, 0, 
15.1, 18.033, 100.3, 73.96, 74.79, , -0.28, 0.987, 1160.108, 1160.108, 3.45, -4.339, -4.339, -4.339, 52.27, 89.387, 35.175, 36.356, 7.377, 12.04, 0, 0, -0.753, -0.763, -0.753, -0.763, 1, 65.995, 65.995, 0.024, 0.136, -1.149, -1.16, -1.149, -1.16, 5.679, 7.377, 12.04, , , 1, 15.201, 0, 0, 14.3, 3.45, 194, 0, 0, 0, 71, 8.545, 7.965, 123.8, 48.68, 100, 0, 0, 46, 46, 17, 1.27, 117, 0, 0, 123, 66.49, 0, 0, 0, 0, 0, 14, 0, 14.3, 0, 3.45, 194, 0, 0, 0, 71, 1, 0.009, 0.008, 123.8, 48.68, 100, 0, 0, 141, 46, 46, 17, 1.27, 0, 117, 0, 0, 123, 66.49, 0, 0.3, 0, 0, 
15.15, 18.033, 100.3, 73.96, 74.79, , 0.024, 0.987, 1164.973, 1164.973, 3.45, 2.884, 2.884, 2.884, 52.266, 86.056, 35.139, 35.782, 7.377, 12.04, 0, 0, 0.502, 0.508, 0.502, 0.508, 1, 65.984, 65.984, 0.024, 0.136, 0.764, 0.777, 0.764, 0.777, 5.665, 7.377, 12.04, , , 1, 15.25, 0, 0, 14.3, 3.45, 194, 0, 0, 0, 71, 8.539, 7.959, 123.8, 48.68, 100, 0, 0, 46, 46, 17, 1.27, 117, 0, 0, 123, 66.49, 0, 0, 0, 0, 0, 14, 0, 14.3, 0, 3.45, 194, 0, 0, 0, 71, 1, 0.009, 0.008, 123.8, 48.68, 100, 0, 0, 141, 46, 46, 17, 1.27, 0, 117, 0, 0, 123, 66.49, 0, 0.3, 0, 0, 
15.2, 18.034, 100.3, 73.96, 74.79, , 0.729, 0.987, 1169.838, 1169.838, 3.449, 19.606, 19.606, 19.606, 52.244, 81.869, 35.103, 35.208, 7.377, 12.042, 0, 0, 3.414, 3.456, 3.414, 3.456, 1, 65.998, 65.998, 0.024, 0.136, 5.2, 5.269, 5.2, 5.269, 5.656, 7.377, 12.042, , , 1, 15.301, 0, 0, 14.3, 3.449, 194, 0, 0, 0, 71, 8.533, 7.953, 123.8, 48.68, 100, 0, 0, 46, 46, 17, 1.27, 117, 0, 0, 123, 66.49, 0, 0, 0, 0, 0, 14, 0, 14.3, 0, 3.449, 194, 0, 0, 0, 71, 1, 0.009, 0.008, 123.8, 48.68, 100, 0, 0, 141, 46, 46, 17, 1.27, 0, 117, 0, 0, 123, 66.49, 0, 0.3, 0, 0, 
15.25, 18.035, 100.3, 73.96, 74.79, , 2.078, 0.987, 1174.651, 1174.651, 3.449, 51.608, 51.608, 51.608, 52.187, 77.682, 35.067, 34.635, 7.377, 12.047, 0, 0, 9.013, 9.125, 9.013, 9.125, 1, 66.059, 66.059, 0.024, 0.136, 13.724, 13.902, 13.724, 13.902, 5.667, 7.377, 12.047, , , 1, 15.351, 0, 0, 14.3, 3.449, 194, 0, 0, 0, 71, 8.54, 7.963, 123.8, 48.716, 100, 0, 0, 46, 46, 17, 1.27, 117.05, 0, 0, 123, 66.552, 0, 0, 0, 0, 0, 14, 0, 14.3, 0, 3.449, 194, 0, 0, 0, 71, 1, 0.009, 0.008, 123.8, 48.716, 100, 0, 0, 141, 46, 46, 17, 1.27, 0, 117.05, 0, 0, 123, 66.552, 0, 0.3, 0, 0, 
15.3, 18.036, 100.3, 73.96, 74.79, , 3.432, 0.987, 1180.783, 1180.783, 3.448, 83.731, 83.731, 83.731, 52.047, 73.495, 35.262, 34.867, 7.377, 12.05, 0, 0, 14.655, 14.84, 14.655, 14.84, 1, 66.283, 66.283, 0.024, 0.137, 22.296, 22.583, 22.296, 22.583, 5.678, 7.377, 12.05, , , 1, 15.4, 0, 0, 14.3, 3.448, 194, 0, 0, 0, 71, 8.559, 7.988, 123.8, 48.785, 100, 0, 0, 46, 46, 17, 1.27, 117.146, 0, 0, 123, 66.671, 0, 0, 0, 0, 0, 14, 0, 14.3, 0, 3.448, 194, 0, 0, 0, 71, 1, 0.009, 0.008, 123.8, 48.785, 100, 0, 0, 141, 46, 46, 17, 1.27, 0, 117.146, 0, 0, 123, 66.671, 0, 0.3, 0, 0, 
15.35, 18.036, 100.3, 73.96, 74.79, , 4.395, 0.987, 1186.67, 1186.67, 3.448, 106.595, 106.595, 106.595, 51.967, 69.307, 35.515, 35.301, 7.377, 12.047, 0, 0, 18.697, 18.934, 18.697, 18.934, 1, 66.479, 66.479, 0.024, 0.137, 28.401, 28.766, 28.401, 28.766, 5.688, 7.377, 12.047, , , 1, 15.451, 0, 0, 14.3, 3.448, 194, 0, 0, 0, 71, 8.578, 8.013, 123.8, 48.854, 100, 0, 0, 46, 46, 17, 1.27, 117.242, 0, 0, 123, 66.79, 0, 0, 0, 0, 0, 14, 0, 14.3, 0, 3.448, 194, 0, 0, 0, 71, 1, 0.009, 0.008, 123.8, 48.854, 100, 0, 0, 141, 46, 46, 17, 1.27, 0, 117.242, 0, 0, 123, 66.79, 0, 0.3, 0, 0, 
15.4, 18.037, 100.3, 73.96, 74.79, , 5.152, 0.987, 1191.472, 1191.472, 3.447, 124.547, 124.547, 124.547, 51.891, 65.12, 35.768, 35.734, 7.377, 12.044, 0, 0, 21.902, 22.181, 21.902, 22.181, 1, 66.72, 66.72, 0.024, 0.137, 33.206, 33.632, 33.206, 33.632, 5.699, 7.377, 12.044, , , 1, 15.501, 0, 0, 14.3, 3.447, 194, 0, 0, 0, 71, 8.598, 8.038, 123.8, 48.924, 100, 0, 0, 46, 46, 17, 1.27, 117.338, 0, 0, 123, 66.91, 0, 0, 0, 0, 0, 14, 0, 14.3, 0, 3.447, 194, 0, 0, 0, 71, 1, 0.009, 0.008, 123.8, 48.924, 100, 0, 0, 141, 46, 46, 17, 1.27, 0, 117.338, 0, 0, 123, 66.91, 0, 0.3, 0, 0, 
15.45, 18.038, 100.3, 73.96, 74.79, , 5.577, 0.987, 1196.3, 1196.3, 3.446, 134.649, 134.649, 134.649, 51.832, 60.933, 36.021, 36.168, 7.378, 12.036, 0, 0, 23.756, 24.06, 23.756, 24.06, 1, 66.985, 66.985, 0.024, 0.137, 35.926, 36.386, 35.926, 36.386, 5.725, 7.378, 12.036, , , 1, 15.551, 0, 0, 14.3, 3.446, 194, 0, 0, 0, 71, 8.617, 8.063, 123.8, 48.993, 100, 0, 0, 46, 46, 17, 1.27, 117.435, 0, 0, 123, 67.029, 0, 0, 0, 0, 0, 14, 0, 14.3, 0, 3.446, 194, 0, 0, 0, 71, 1, 0.009, 0.008, 123.8, 48.993, 100, 0, 0, 141, 46, 46, 17, 1.27, 0, 117.435, 0, 0, 123, 67.029, 0, 0.3, 0, 0, 
15.5, 18.039, 100.3, 73.96, 74.79, , 5.746, 0.987, 1201.165, 1201.165, 3.453, 138.657, 138.657, 138.657, 51.801, 56.746, 36.274, 36.602, 7.378, 12.026, 0, 0, 24.561, 24.876, 24.561, 24.876, 1, 67.268, 67.268, 0.024, 0.137, 37.012, 37.487, 37.012, 37.487, 5.751, 7.378, 12.026, , , 1, 15.601, 0.019, 0, 14.3, 3.453, 194, 0, 0, 0, 71.199, 8.688, 8.129, 123.8, 49.138, 100, 0, 0, 45.967, 45.967, 17.133, 1.276, 117.666, 0, 0, 123.116, 67.253, 0, 0, 0.019, 0, 0, 14, 0, 14.3, 0, 3.453, 194, 0, 0, 0, 71.199, 1, 0.009, 0.008, 123.8, 49.138, 100, 0, 0, 141, 45.967, 45.967, 17.133, 1.276, 0, 117.666, 0, 0, 123.116, 67.253, 0, 0.3, 0, 0, 
15.55, 18.039, 100.3, 73.96, 74.79, , 5.803, 0.987, 1206.105, 1206.105, 3.475, 140.031, 140.031, 140.031, 51.796, 52.559, 36.35, 36.355, 7.379, 12.009, 0, 0, 24.911, 25.229, 24.911, 25.229, 1, 67.558, 67.558, 0.024, 0.137, 37.384, 37.863, 37.384, 37.863, 5.777, 7.379, 12.009, , , 1, 15.651, 0.078, 0, 14.3, 3.475, 194, 0, 0, 0, 71.822, 8.871, 8.28, 123.8, 49.445, 100, 0, 0, 45.863, 45.863, 17.548, 1.295, 118.185, 0, 0, 123.479, 67.702, 0, 0, 0.078, 0, 0, 14, 0, 14.3, 0, 3.475, 194, 0, 0, 0, 71.822, 1, 0.009, 0.008, 123.8, 49.445, 100, 0, 0, 141, 45.863, 45.863, 17.548, 1.295, 0, 118.185, 0, 0, 123.479, 67.702, 0, 0.3, 0, 0, 
15.6, 18.04, 100.3, 73.96, 74.79, , 5.836, 0.987, 1210.992, 1210.992, 3.498, 140.81, 140.81, 140.81, 51.796, 50.959, 36.386, 35.959, 7.379, 11.993, 0, 0, 25.154, 25.476, 25.154, 25.476, 1, 67.846, 67.846, 0.024, 0.137, 37.592, 38.074, 37.592, 38.074, 5.804, 7.379, 11.993, , , 1, 15.701, 0.137, 0, 14.3, 3.498, 194, 0, 0, 0, 72.444, 9.054, 8.432, 123.8, 49.752, 100, 0, 0, 45.759, 45.759, 17.963, 1.313, 118.703, 0, 0, 123.842, 68.15, 0, 0, 0.137, 0, 0, 14, 0, 14.3, 0, 3.498, 194, 0, 0, 0, 72.444, 1, 0.009, 0.008, 123.8, 49.752, 100, 0, 0, 141, 45.759, 45.759, 17.963, 1.313, 0, 118.703, 0, 0, 123.842, 68.15, 0, 0.3, 0, 0, 
15.65, 18.041, 100.3, 73.96, 74.79, , 5.873, 0.987, 1215.94, 1215.94, 3.52, 141.695, 141.695, 141.695, 51.798, 60.296, 36.422, 35.563, 7.38, 11.978, 0, 0, 25.421, 25.745, 25.421, 25.745, 1, 68.136, 68.136, 0.024, 0.136, 37.826, 38.312, 37.826, 38.312, 5.834, 7.38, 11.978, , , 1, 15.75, 0.196, 0, 14.3, 3.52, 194, 0, 0, 0, 73.066, 9.236, 8.584, 123.8, 50.059, 100, 0, 0, 45.656, 45.656, 18.378, 1.332, 119.222, 0, 0, 124.205, 68.599, 0, 0, 0.196, 0, 0, 14, 0, 14.3, 0, 3.52, 194, 0, 0, 0, 73.066, 1, 0.009, 0.008, 123.8, 50.059, 100, 0, 0, 141, 45.656, 45.656, 18.378, 1.332, 0, 119.222, 0, 0, 124.205, 68.599, 0, 0.3, 0, 0, 
15.7, 18.042, 100.3, 73.96, 74.79, , 5.859, 0.987, 1220.909, 1220.909, 3.542, 141.381, 141.381, 141.381, 51.804, 63.808, 36.458, 35.167, 7.38, 11.964, 0, 0, 25.472, 25.797, 25.472, 25.797, 1, 68.423, 68.423, 0.024, 0.136, 37.736, 38.223, 37.736, 38.223, 5.866, 7.38, 11.964, , , 1, 15.801, 0.255, 0, 14.3, 3.542, 194, 0, 0, 0, 73.689, 9.419, 8.736, 123.8, 50.366, 100, 0, 0, 45.552, 45.552, 18.793, 1.35, 119.741, 0, 0, 124.568, 69.047, 0, 0, 0.255, 0, 0, 14, 0, 14.3, 0, 3.542, 194, 0, 0, 0, 73.689, 1, 0.009, 0.008, 123.8, 50.366, 100, 0, 0, 141, 45.552, 45.552, 18.793, 1.35, 0, 119.741, 0, 0, 124.568, 69.047, 0, 0.3, 0, 0, 
15.75, 18.042, 100.3, 73.96, 74.79, , 5.914, 0.987, 1225.878, 1225.878, 3.558, 142.678, 142.678, 142.678, 51.812, 59.806, 36.494, 34.771, 7.379, 11.955, 0, 0, 25.815, 26.143, 25.815, 26.143, 1, 68.717, 68.717, 0.024, 0.136, 38.077, 38.568, 38.077, 38.568, 5.897, 7.379, 11.955, , , 1, 15.851, 0.311, 0, 14.3, 3.558, 194, 0, 0, 0, 74, 9.549, 8.776, 123.8, 50.52, 100, 0, 0, 45.5, 45.5, 19, 1.361, 120.052, 0, 0, 124.776, 69.374, 0, 0, 0.311, 0, 0, 14, 0, 14.3, 0, 3.558, 194, 0, 0, 0, 74, 1, 0.01, 0.008, 123.8, 50.52, 100, 0, 0, 141, 45.5, 45.5, 19, 1.361, 0, 120.052, 0, 0, 124.776, 69.374, 0, 0.3, 0, 0, 
15.8, 18.043, 100.3, 73.96, 74.79, , 5.914, 0.987, 1230.853, 1230.853, 3.566, 142.696, 142.696, 142.696, 51.82, 56.608, 36.323, 34.789, 7.379, 11.948, 0, 0, 25.928, 26.258, 25.928, 26.258, 1, 69.01, 69.01, 0.024, 0.136, 38.077, 38.569, 38.077, 38.569, 5.929, 7.379, 11.948, , , 1, 15.901, 0.362, 0, 14.3, 3.566, 194, 0, 0, 0, 74, 9.626, 8.695, 123.8, 50.52, 100, 0, 0, 45.5, 45.5, 19, 1.363, 120.157, 0, 0, 124.828, 69.569, 0, 0, 0.362, 0, 0, 14, 0, 14.3, 0, 3.566, 194, 0, 0, 0, 74, 1, 0.01, 0.008, 123.8, 50.52, 100, 0, 0, 141, 45.5, 45.5, 19, 1.363, 0, 120.157, 0, 0, 124.828, 69.569, 0, 0.3, 0, 0, 
15.85, 18.044, 100.3, 73.96, 74.79, , 5.912, 0.987, 1235.913, 1235.913, 3.574, 142.652, 142.652, 142.652, 51.822, 56.683, 36.107, 34.897, 7.379, 11.95, 0, 0, 26.032, 26.364, 26.032, 26.364, 1, 69.3, 69.3, 0.024, 0.135, 38.064, 38.556, 38.064, 38.556, 5.947, 7.379, 11.95, , , 1, 15.951, 0.413, 0, 14.3, 3.574, 194, 0, 0, 0, 74, 9.704, 8.614, 123.8, 50.52, 100, 0, 0, 45.5, 45.5, 19, 1.365, 120.262, 0, 0, 124.881, 69.765, 0, 0, 0.413, 0, 0, 14, 0, 14.3, 0, 3.574, 194, 0, 0, 0, 74, 1, 0.01, 0.008, 123.8, 50.52, 100, 0, 0, 141, 45.5, 45.5, 19, 1.365, 0, 120.262, 0, 0, 124.881, 69.765, 0, 0.3, 0, 0, 
15.9, 18.045, 100.3, 73.96, 74.79, , 5.936, 0.987, 1240.903, 1240.903, 3.582, 143.217, 143.217, 143.217, 51.817, 56.759, 35.891, 35.005, 7.378, 11.954, 0, 0, 26.245, 26.579, 26.245, 26.579, 1, 69.593, 69.593, 0.024, 0.135, 38.218, 38.711, 38.218, 38.711, 5.949, 7.378, 11.954, , , 1, 16.001, 0.464, 0, 14.3, 3.582, 194, 0, 0, 0, 74, 9.781, 8.534, 123.8, 50.52, 100, 0, 0, 45.5, 45.5, 19, 1.367, 120.366, 0, 0, 124.933, 69.96, 0, 0, 0.464, 0, 0, 14, 0, 14.3, 0, 3.582, 194, 0, 0, 0, 74, 1, 0.01, 0.008, 123.8, 50.52, 100, 0, 0, 141, 45.5, 45.5, 19, 1.367, 0, 120.366, 0, 0, 124.933, 69.96, 0, 0.3, 0, 0, 
15.95, 18.045, 100.3, 73.96, 74.79, , 5.938, 0.987, 1245.98, 1245.98, 3.59, 143.273, 143.273, 143.273, 51.81, 56.835, 35.675, 35.113, 7.378, 11.969, 0, 0, 26.365, 26.701, 26.365, 26.701, 1, 69.889, 69.889, 0.024, 0.135, 38.239, 38.732, 38.239, 38.732, 5.95, 7.378, 11.969, , , 1, 16.051, 0.516, 0, 14.3, 3.59, 194, 0, 0, 0, 74, 9.858, 8.453, 123.8, 50.52, 100, 0, 0, 45.5, 45.5, 19, 1.369, 120.471, 0, 0, 124.985, 70.155, 0, 0, 0.516, 0, 0, 14, 0, 14.3, 0, 3.59, 194, 0, 0, 0, 74, 1, 0.01, 0.008, 123.8, 50.52, 100, 0, 0, 141, 45.5, 45.5, 19, 1.369, 0, 120.471, 0, 0, 124.985, 70.155, 0, 0.3, 0, 0, 
16, 18.046, 100.3, 73.96, 74.79, , 5.951, 0.987, 1251.056, 1251.056, 3.602, 143.598, 143.598, 143.598, 51.798, 56.91, 35.459, 35.221, 7.377, 11.984, 0, 0, 26.534, 26.874, 26.534, 26.874, 1, 70.182, 70.182, 0.024, 0.135, 38.335, 38.827, 38.335, 38.827, 5.952, 7.377, 11.984, , , 1, 16.1, 0.454, 0, 14.3, 3.602, 194, 0, 0, 0, 74, 9.768, 8.414, 123.8, 50.467, 100, 0, 0, 45.572, 45.572, 19, 1.367, 120.716, 0, 0, 125.072, 70.389, 0, 0, 0.454, 0, 0, 14, 0, 14.3, 0, 3.602, 194, 0, 0, 0, 74, 1, 0.01, 0.008, 123.8, 50.467, 100, 0, 0, 141, 45.572, 45.572, 19, 1.367, 0, 120.716, 0, 0, 125.072, 70.389, 0, 0.3, 0, 0, 
16.05, 18.047, 100.3, 73.96, 74.79, , 5.933, 0.987, 1256.181, 1256.181, 3.617, 143.177, 143.177, 143.177, 51.789, 56.986, 35.278, 35.212, 7.378, 12.009, 0, 0, 26.568, 26.909, 26.568, 26.909, 1, 70.476, 70.476, 0.024, 0.135, 38.23, 38.721, 38.23, 38.721, 5.946, 7.378, 12.009, , , 1, 16.15, 0.348, 0, 14.3, 3.617, 194, 0, 0, 0, 74, 9.612, 8.392, 123.8, 50.393, 100, 0, 0, 45.672, 45.672, 19, 1.363, 121.016, 0, 0, 125.172, 70.638, 0, 0, 0.348, 0, 0, 14, 0, 14.3, 0, 3.617, 194, 0, 0, 0, 74, 1, 0.01, 0.008, 123.8, 50.393, 100, 0, 0, 141, 45.672, 45.672, 19, 1.363, 0, 121.016, 0, 0, 125.172, 70.638, 0, 0.3, 0, 0, 
16.1, 18.048, 100.3, 73.96, 74.79, , 5.933, 0.987, 1261.309, 1261.309, 3.631, 143.193, 143.193, 143.193, 51.782, 57.062, 35.104, 35.177, 7.378, 12.036, 0, 0, 26.682, 27.024, 26.682, 27.024, 1, 70.772, 70.772, 0.024, 0.135, 38.239, 38.73, 38.239, 38.73, 5.932, 7.378, 12.036, , , 1, 16.201, 0.242, 0, 14.3, 3.631, 194, 0, 0, 0, 74, 9.456, 8.37, 123.8, 50.319, 100, 0, 0, 45.772, 45.772, 19, 1.359, 121.316, 0, 0, 125.272, 70.887, 0, 0, 0.242, 0, 0, 14, 0, 14.3, 0, 3.631, 194, 0, 0, 0, 74, 1, 0.009, 0.008, 123.8, 50.319, 100, 0, 0, 141, 45.772, 45.772, 19, 1.359, 0, 121.316, 0, 0, 125.272, 70.887, 0, 0.3, 0, 0, 
16.15, 18.049, 100.3, 73.96, 74.79, , 5.914, 0.987, 1266.456, 1266.456, 3.646, 142.742, 142.742, 142.742, 51.781, 57.137, 34.93, 35.142, 7.379, 12.081, 0, 0, 26.708, 27.052, 26.708, 27.052, 1, 71.067, 71.067, 0.024, 0.135, 38.119, 38.608, 38.119, 38.608, 5.917, 7.379, 12.081, , , 1, 16.251, 0.136, 0, 14.3, 3.646, 194, 0, 0, 0, 74, 9.3, 8.348, 123.8, 50.245, 100, 0, 0, 45.872, 45.872, 19, 1.355, 121.616, 0, 0, 125.372, 71.136, 0, 0, 0.136, 0, 0, 14, 0, 14.3, 0, 3.646, 194, 0, 0, 0, 74, 1, 0.009, 0.008, 123.8, 50.245, 100, 0, 0, 141, 45.872, 45.872, 19, 1.355, 0, 121.616, 0, 0, 125.372, 71.136, 0, 0.3, 0, 0, 
16.2, 18.049, 100.3, 73.96, 74.79, , 5.915, 0.987, 1271.644, 1271.644, 3.66, 142.775, 142.775, 142.775, 51.784, 57.213, 34.756, 35.107, 7.379, 12.126, 0, 0, 26.825, 27.17, 26.825, 27.17, 1, 71.356, 71.356, 0.024, 0.135, 38.125, 38.615, 38.125, 38.615, 5.903, 7.379, 12.126, , , 1, 16.3, 0.03, 0, 14.3, 3.66, 194, 0, 0, 0, 74, 9.144, 8.327, 123.8, 50.171, 100, 0, 0, 45.972, 45.972, 19, 1.351, 121.916, 0, 0, 125.472, 71.385, 0, 0, 0.03, 0, 0, 14, 0, 14.3, 0, 3.66, 194, 0, 0, 0, 74, 1, 0.009, 0.008, 123.8, 50.171, 100, 0, 0, 141, 45.972, 45.972, 19, 1.351, 0, 121.916, 0, 0, 125.472, 71.385, 0, 0.3, 0, 0, 
16.25, 18.05, 100.3, 73.96, 74.79, , 5.902, 0.987, 1276.832, 1276.832, 3.681, 142.469, 142.469, 142.469, 51.789, 57.289, 34.583, 35.073, 7.38, 12.183, 0, 0, 26.878, 27.221, 26.878, 27.221, 1, 71.649, 71.649, 0.024, 0.135, 38.04, 38.528, 38.04, 38.528, 5.891, 7.38, 12.183, , , 1, 16.351, 0, 0, 14.3, 3.681, 194, 0, 0, 0, 74, 9.071, 8.273, 123.8, 50.044, 100, 0, 0, 46, 46, 19, 1.353, 122.179, 0, 0, 125.607, 71.763, 0, 0, 0, 0, 0, 14, 0, 14.3, 0, 3.681, 194, 0, 0, 0, 74, 1, 0.009, 0.008, 123.8, 50.044, 100, 0, 0, 141, 46, 46, 19, 1.353, 0, 122.179, 0, 0, 125.607, 71.763, 0, 0.3, 0, 0, 
16.3, 18.05, 100.3, 73.96, 74.79, , 5.884, 0.987, 1282.022, 1282.022, 3.704, 142.059, 142.059, 142.059, 51.796, 57.365, 34.735, 35.108, 7.38, 12.241, 0, 0, 26.907, 27.25, 26.907, 27.25, 1, 71.943, 71.943, 0.024, 0.135, 37.925, 38.413, 37.925, 38.413, 5.89, 7.38, 12.241, , , 1, 16.401, 0, 0, 14.3, 3.704, 194, 0, 0, 0, 74, 9.03, 8.207, 123.8, 49.897, 100, 0, 0, 46, 46, 19, 1.357, 122.427, 0, 0, 125.756, 72.195, 0, 0, 0, 0, 0, 14, 0, 14.3, 0, 3.704, 194, 0, 0, 0, 74, 1, 0.009, 0.008, 123.8, 49.897, 100, 0, 0, 141, 46, 46, 19, 1.357, 0, 122.427, 0, 0, 125.756, 72.195, 0, 0.3, 0, 0, 
16.35, 18.05, 100.3, 73.96, 74.791, , 5.879, 0.987, 1287.225, 1287.225, 3.727, 141.945, 141.945, 141.945, 51.802, 57.44, 35.071, 35.182, 7.38, 12.3, 0, 0, 26.994, 27.339, 26.994, 27.339, 1, 72.234, 72.234, 0.024, 0.135, 37.89, 38.376, 37.89, 38.376, 5.889, 7.38, 12.3, , , 1, 16.45, 0, 0, 14.3, 3.727, 194, 0, 0, 0, 74, 8.989, 8.14, 123.8, 49.751, 100, 0, 0, 46, 46, 19, 1.361, 122.675, 0, 0, 125.905, 72.627, 0, 0, 0, 0, 0, 14, 0, 14.3, 0, 3.727, 194, 0, 0, 0, 74, 1, 0.009, 0.008, 123.8, 49.751, 100, 0, 0, 141, 46, 46, 19, 1.361, 0, 122.675, 0, 0, 125.905, 72.627, 0, 0.3, 0, 0, 
16.4, 18.05, 100.3, 73.96, 74.791, , 5.853, 0.987, 1292.531, 1292.531, 3.75, 141.341, 141.341, 141.341, 51.807, 57.516, 35.407, 35.257, 7.379, 12.358, 0, 0, 26.988, 27.334, 26.988, 27.334, 1, 72.525, 72.525, 0.024, 0.136, 37.725, 38.21, 37.725, 38.21, 5.888, 7.379, 12.358, , , 1, 16.501, 0, 0, 14.3, 3.75, 194, 0, 0, 0, 74, 8.949, 8.073, 123.8, 49.604, 100, 0, 0, 46, 46, 19, 1.365, 122.923, 0, 0, 126.054, 73.059, 0, 0, 0, 0, 0, 14, 0, 14.3, 0, 3.75, 194, 0, 0, 0, 74, 1, 0.009, 0.008, 123.8, 49.604, 100, 0, 0, 141, 46, 46, 19, 1.365, 0, 122.923, 0, 0, 126.054, 73.059, 0, 0.3, 0, 0, 
16.45, 18.05, 100.3, 73.96, 74.792, , 5.843, 0.987, 1297.838, 1297.838, 3.773, 141.119, 141.119, 141.119, 51.811, 57.592, 35.743, 35.332, 7.379, 12.404, 0, 0, 27.055, 27.402, 27.055, 27.402, 1, 72.817, 72.817, 0.024, 0.136, 37.664, 38.147, 37.664, 38.147, 5.887, 7.379, 12.404, , , 1, 16.551, 0, 0, 14.3, 3.773, 194, 0, 0, 0, 74, 8.908, 8.006, 123.8, 49.457, 100, 0, 0, 46, 46, 19, 1.369, 123.171, 0, 0, 126.202, 73.492, 0, 0, 0, 0, 0, 14, 0, 14.3, 0, 3.773, 194, 0, 0, 0, 74, 1, 0.009, 0.008, 123.8, 49.457, 100, 0, 0, 141, 46, 46, 19, 1.369, 0, 123.171, 0, 0, 126.202, 73.492, 0, 0.3, 0, 0, 
16.5, 18.05, 100.3, 73.96, 74.792, , 5.82, 0.987, 1303.145, 1303.145, 3.791, 140.573, 140.573, 140.573, 51.815, 57.667, 36.08, 35.407, 7.379, 12.451, 0, 0, 27.058, 27.404, 27.058, 27.404, 1, 73.107, 73.107, 0.024, 0.136, 37.515, 37.996, 37.515, 37.996, 5.898, 7.379, 12.451, , , 1, 16.6, 0, 0, 14.3, 3.791, 194, 0, 0, 0, 74, 8.886, 7.96, 123.8, 49.305, 100, 0, 0, 46, 46, 19, 1.37, 123.357, 0, 0, 126.321, 73.851, 0, 0, 0, 0, 0, 14, 0, 14.3, 0, 3.791, 194, 0, 0, 0, 74, 1, 0.009, 0.008, 123.8, 49.305, 100, 0, 0, 141, 46, 46, 19, 1.37, 0, 123.357, 0, 0, 126.321, 73.851, 0, 0.3, 0, 0, 
16.55, 18.05, 100.3, 73.96, 74.792, , 5.807, 0.987, 1308.452, 1308.452, 3.806, 140.273, 140.273, 140.273, 51.822, 57.743, 35.874, 35.39, 7.38, 12.489, 0, 0, 27.105, 27.452, 27.105, 27.452, 1, 73.394, 73.394, 0.024, 0.136, 37.43, 37.91, 37.43, 37.91, 5.91, 7.38, 12.489, , , 1, 16.651, 0, 0, 14.3, 3.806, 194, 0, 0, 0, 74, 8.872, 7.923, 123.8, 49.152, 100, 0, 0, 46, 46, 19, 1.37, 123.514, 0, 0, 126.426, 74.177, 0, 0, 0, 0, 0, 14, 0, 14.3, 0, 3.806, 194, 0, 0, 0, 74, 1, 0.009, 0.008, 123.8, 49.151, 100, 0, 0, 141, 46, 46, 19, 1.37, 0, 123.514, 0, 0, 126.426, 74.177, 0, 0.3, 0, 0, 
16.6, 18.05, 100.3, 73.96, 74.793, , 5.764, 0.987, 1313.758, 1313.758, 3.821, 139.269, 139.269, 139.269, 51.832, 57.819, 35.55, 35.354, 7.381, 12.528, 0, 0, 27.014, 27.361, 27.014, 27.361, 1, 73.679, 73.679, 0.024, 0.136, 37.156, 37.632, 37.156, 37.632, 5.922, 7.381, 12.528, , , 1, 16.701, 0, 0, 14.3, 3.821, 194, 0, 0, 0, 74, 8.859, 7.887, 123.8, 48.998, 100, 0, 0, 46, 46, 19, 1.37, 123.671, 0, 0, 126.53, 74.502, 0, 0, 0, 0, 0, 14, 0, 14.3, 0, 3.821, 194, 0, 0, 0, 74, 1, 0.009, 0.008, 123.8, 48.996, 100, 0, 0, 141, 46, 46, 19, 1.37, 0, 123.671, 0, 0, 126.53, 74.502, 0, 0.3, 0, 0, 
16.65, 18.05, 100.3, 73.96, 74.793, , 5.733, 0.987, 1319.169, 1319.169, 3.836, 138.519, 138.519, 138.519, 51.846, 57.894, 35.226, 35.318, 7.383, 12.564, 0, 0, 26.974, 27.319, 26.974, 27.319, 1, 73.963, 73.963, 0.024, 0.135, 36.947, 37.419, 36.947, 37.419, 5.934, 7.383, 12.564, , , 1, 16.751, 0, 0, 14.3, 3.836, 194, 0, 0, 0, 74, 8.845, 7.85, 123.8, 48.844, 100, 0, 0, 46, 46, 19, 1.37, 123.827, 0, 0, 126.635, 74.827, 0, 0, 0, 0, 0, 14, 0, 14.3, 0, 3.836, 194, 0, 0, 0, 74, 1, 0.009, 0.008, 123.8, 48.842, 100, 0, 0, 141, 46, 46, 19, 1.37, 0, 123.827, 0, 0, 126.635, 74.827, 0, 0.3, 0, 0, 
16.7, 18.05, 100.3, 73.96, 74.793, , 5.694, 0.987, 1324.491, 1324.491, 3.851, 137.607, 137.607, 137.607, 51.864, 57.97, 34.902, 35.282, 7.384, 12.601, 0, 0, 26.897, 27.241, 26.897, 27.241, 1, 74.248, 74.248, 0.024, 0.135, 36.69, 37.16, 36.69, 37.16, 5.958, 7.384, 12.601, , , 1, 16.801, 0, 0, 14.3, 3.851, 194, 0, 0, 0, 74, 8.831, 7.814, 123.8, 48.69, 100, 0, 0, 46, 46, 19, 1.37, 123.984, 0, 0, 126.74, 75.152, 0, 0, 0, 0, 0, 14, 0, 14.3, 0, 3.851, 194, 0, 0, 0, 74, 1, 0.009, 0.008, 123.8, 48.687, 100, 0, 0, 141, 46, 46, 19, 1.37, 0, 123.984, 0, 0, 126.74, 75.152, 0, 0.3, 0, 0, 
16.75, 18.05, 100.3, 73.96, 74.794, , 5.669, 0.987, 1329.92, 1329.92, 3.867, 137.038, 137.038, 137.038, 51.883, 58.046, 34.578, 35.246, 7.385, 12.636, 0, 0, 26.888, 27.232, 26.888, 27.232, 1, 74.525, 74.525, 0.024, 0.135, 36.526, 36.992, 36.526, 36.992, 5.983, 7.385, 12.636, , , 1, 16.851, 0, 0, 14.3, 3.867, 194.205, 0, 0, 0, 74, 8.82, 7.795, 123.8, 48.372, 100, 0, 0, 46, 46, 19, 1.37, 124.205, 0, 0, 126.853, 75.441, 0, 0, 0, 0, 0, 14, 0, 14.3, 0, 3.867, 194.205, 0, 0, 0, 74, 1, 0.009, 0.008, 123.8, 48.367, 100, 0, 0, 141, 46, 46, 19, 1.37, 0, 124.205, 0, 0, 126.853, 75.441, 0, 0.3, 0, 0, 
16.8, 18.05, 100.3, 73.96, 74.794, , 5.66, 0.987, 1335.35, 1335.35, 3.884, 136.812, 136.812, 136.812, 51.899, 58.122, 34.668, 35.299, 7.386, 12.671, 0, 0, 26.946, 27.291, 26.946, 27.291, 1, 74.805, 74.805, 0.024, 0.135, 36.454, 36.919, 36.454, 36.919, 6.007, 7.386, 12.671, , , 1, 16.901, 0, 0, 14.3, 3.884, 194.434, 0, 0, 0, 74, 8.808, 7.777, 123.8, 48.035, 100, 0, 0, 46, 46, 19, 1.37, 124.434, 0, 0, 126.967, 75.725, 0, 0, 0, 0, 0, 14, 0, 14.3, 0, 3.884, 194.434, 0, 0, 0, 74, 1, 0.009, 0.008, 123.8, 48.031, 100, 0, 0, 141, 46, 46, 19, 1.37, 0, 124.434, 0, 0, 126.967, 75.725, 0, 0.3, 0, 0, 
16.85, 18.05, 100.3, 73.96, 74.795, , 5.648, 0.987, 1340.781, 1340.781, 3.9, 136.555, 136.555, 136.555, 51.913, 58.197, 34.848, 35.371, 7.385, 12.698, 0, 0, 26.996, 27.342, 26.996, 27.342, 1, 75.09, 75.09, 0.024, 0.135, 36.376, 36.841, 36.376, 36.841, 6.032, 7.385, 12.698, , , 1, 16.951, 0, 0, 14.3, 3.9, 194.662, 0, 0, 0, 74, 8.797, 7.76, 123.8, 47.698, 100, 0, 0, 46, 46, 19, 1.37, 124.662, 0, 0, 127.081, 76.009, 0, 0, 0, 0, 0, 14, 0, 14.3, 0, 3.9, 194.662, 0, 0, 0, 74, 1, 0.009, 0.008, 123.8, 47.696, 100, 0, 0, 141, 46, 46, 19, 1.37, 0, 124.662, 0, 0, 127.081, 76.009, 0, 0.3, 0, 0, 
16.9, 18.05, 100.3, 73.96, 74.795, , 5.64, 0.987, 1346.297, 1346.297, 3.916, 136.368, 136.368, 136.368, 51.922, 58.273, 35.028, 35.443, 7.384, 12.724, 0, 0, 27.06, 27.406, 27.06, 27.406, 1, 75.368, 75.368, 0.024, 0.135, 36.318, 36.783, 36.318, 36.783, 6.047, 7.384, 12.724, , , 1, 17.001, 0, 0, 14.3, 3.916, 194.89, 0, 0, 0, 74, 8.785, 7.743, 123.8, 47.362, 100, 0, 0, 46, 46, 19, 1.37, 124.89, 0, 0, 127.195, 76.294, 0, 0, 0, 0, 0, 14, 0, 14.3, 0, 3.916, 194.89, 0, 0, 0, 74, 1, 0.009, 0.008, 123.8, 47.361, 100, 0, 0, 141, 46, 46, 19, 1.37, 0, 124.89, 0, 0, 127.195, 76.294, 0, 0.3, 0, 0, 
16.95, 18.05, 100.3, 73.96, 74.795, , 5.626, 0.987, 1351.75, 1351.75, 3.927, 136.027, 136.027, 136.027, 51.927, 58.349, 35.208, 35.515, 7.383, 12.742, 0, 0, 27.091, 27.439, 27.091, 27.439, 1, 75.648, 75.648, 0.024, 0.135, 36.224, 36.687, 36.224, 36.687, 6.058, 7.383, 12.742, , , 1, 17.051, 0, 0, 14.3, 3.927, 195.113, 0, 0, 0, 74, 8.774, 7.729, 123.8, 47.075, 100, 0, 0, 46, 46, 19, 1.37, 125.057, 0, 0, 127.278, 76.5, 0, 0, 0, 0, 0, 14, 0, 14.3, 0, 3.927, 195.113, 0, 0, 0, 74, 1, 0.009, 0.008, 123.8, 47.075, 100, 0, 0, 141, 46, 46, 19, 1.37, 0, 125.057, 0, 0, 127.278, 76.5, 0, 0.3, 0, 0, 
17, 18.05, 100.3, 73.96, 74.796, , 5.594, 0.987, 1357.29, 1357.29, 3.935, 135.278, 135.278, 135.278, 51.929, 58.424, 35.388, 35.587, 7.382, 12.76, 0, 0, 27.042, 27.388, 27.042, 27.388, 1, 75.93, 75.93, 0.024, 0.135, 36.022, 36.485, 36.022, 36.485, 6.068, 7.382, 12.76, , , 1, 17.101, 0, 0, 14.3, 3.935, 195.33, 0, 0, 0, 74, 8.763, 7.717, 123.8, 46.833, 100, 0, 0, 46, 46, 19, 1.37, 125.165, 0, 0, 127.333, 76.635, 0, 0, 0, 0, 0, 14, 0, 14.3, 0, 3.935, 195.33, 0, 0, 0, 74, 1, 0.009, 0.008, 123.8, 46.833, 100, 0, 0, 141, 46, 46, 19, 1.37, 0, 125.165, 0, 0, 127.333, 76.635, 0, 0.3, 0, 0, 
17.05, 18.05, 100.3, 73.96, 74.796, , 5.555, 0.987, 1362.754, 1362.754, 3.942, 134.378, 134.378, 134.378, 51.931, 58.5, 35.154, 35.511, 7.381, 12.776, 0, 0, 26.958, 27.304, 26.958, 27.304, 1, 76.204, 76.204, 0.024, 0.135, 35.781, 36.242, 35.781, 36.242, 6.079, 7.381, 12.776, , , 1, 17.151, 0, 0, 14.3, 3.942, 195.548, 0, 0, 0, 74, 8.753, 7.705, 123.8, 46.592, 100, 0, 0, 46, 46, 19, 1.37, 125.274, 0, 0, 127.387, 76.77, 0, 0, 0, 0, 0, 14, 0, 14.3, 0, 3.942, 195.548, 0, 0, 0, 74, 1, 0.009, 0.008, 123.8, 46.592, 100, 0, 0, 141, 46, 46, 19, 1.37, 0, 125.274, 0, 0, 127.387, 76.77, 0, 0.3, 0, 0, 
17.1, 18.05, 100.3, 73.96, 74.797, , 5.525, 0.987, 1368.314, 1368.314, 3.95, 133.668, 133.668, 133.668, 51.93, 58.576, 34.83, 35.403, 7.379, 12.793, 0, 0, 26.912, 27.258, 26.912, 27.258, 1, 76.478, 76.478, 0.024, 0.135, 35.593, 36.052, 35.593, 36.052, 6.09, 7.379, 12.793, , , 1, 17.201, 0, 0, 14.3, 3.95, 195.765, 0, 0, 0, 74, 8.742, 7.693, 123.8, 46.351, 100, 0, 0, 46, 46, 19, 1.37, 125.383, 0, 0, 127.441, 76.904, 0, 0, 0, 0, 0, 14, 0, 14.3, 0, 3.95, 195.765, 0, 0, 0, 74, 1, 0.009, 0.008, 123.8, 46.351, 100, 0, 0, 141, 46, 46, 19, 1.37, 0, 125.383, 0, 0, 127.441, 76.904, 0, 0.3, 0, 0, 
17.15, 18.05, 100.3, 73.96, 74.797, , 5.488, 0.987, 1373.951, 1373.951, 3.957, 132.799, 132.799, 132.799, 51.927, 58.651, 34.506, 35.295, 7.379, 12.814, 0, 0, 26.834, 27.18, 26.834, 27.18, 1, 76.751, 76.751, 0.024, 0.135, 35.365, 35.82, 35.365, 35.82, 6.103, 7.379, 12.814, , , 1, 17.251, 0, 0, 14.3, 3.957, 195.983, 0, 0, 0, 74, 8.731, 7.681, 123.8, 46.109, 100, 0, 0, 46, 46, 19, 1.37, 125.491, 0, 0, 127.496, 77.039, 0, 0, 0, 0, 0, 14, 0, 14.3, 0, 3.957, 195.983, 0, 0, 0, 74, 1, 0.009, 0.008, 123.8, 46.109, 100, 0, 0, 141, 46, 46, 19, 1.37, 0, 125.491, 0, 0, 127.496, 77.039, 0, 0.3, 0, 0, 
17.2, 18.05, 100.3, 73.96, 74.797, , 5.463, 0.987, 1379.543, 1379.543, 3.977, 132.212, 132.212, 132.212, 51.923, 58.727, 34.182, 35.187, 7.379, 12.836, 0, 0, 26.811, 27.156, 26.811, 27.156, 1, 77.026, 77.026, 0.024, 0.135, 35.211, 35.665, 35.211, 35.665, 6.117, 7.379, 12.836, , , 1, 17.301, 0, 0, 14.272, 3.977, 195.632, 0, 0, 0, 74, 8.696, 7.631, 123.8, 45.989, 100, 0, 0, 46.046, 46.046, 19, 1.368, 125.592, 0, 0, 127.5, 77.393, 0, 0, 0, 0, 0, 14, 0, 14.272, 0, 3.977, 195.632, 0, 0, 0, 74, 1, 0.009, 0.008, 123.8, 45.989, 100, 0, 0, 141, 46.046, 46.046, 19, 1.368, 0, 125.592, 0, 0, 127.5, 77.393, 0, 0.3, 0, 0, 
17.25, 18.05, 100.3, 73.96, 74.798, , 5.44, 0.987, 1385.114, 1385.114, 3.998, 131.659, 131.659, 131.659, 51.921, 58.803, 33.858, 35.079, 7.379, 12.859, 0, 0, 26.792, 27.137, 26.792, 27.137, 1, 77.293, 77.293, 0.024, 0.135, 35.066, 35.516, 35.066, 35.516, 6.13, 7.379, 12.859, , , 1, 17.35, 0, 0, 14.242, 3.998, 195.232, 0, 0, 0, 74, 8.659, 7.578, 123.8, 45.879, 100, 0, 0, 46.096, 46.096, 19, 1.366, 125.692, 0, 0, 127.5, 77.766, 0, 0, 0, 0, 0, 14, 0, 14.242, 0, 3.998, 195.232, 0, 0, 0, 74, 1, 0.009, 0.008, 123.8, 45.879, 100, 0, 0, 141, 46.096, 46.096, 19, 1.366, 0, 125.692, 0, 0, 127.5, 77.766, 0, 0.3, 0, 0, 
17.3, 18.05, 100.3, 73.96, 74.798, , 5.41, 0.987, 1390.773, 1390.773, 4.018, 130.966, 130.966, 130.966, 51.921, 58.879, 33.948, 35.237, 7.379, 12.882, 0, 0, 26.745, 27.088, 26.745, 27.088, 1, 77.563, 77.563, 0.024, 0.136, 34.88, 35.327, 34.88, 35.327, 6.139, 7.379, 12.882, , , 1, 17.4, 0, 0, 14.212, 4.018, 194.832, 0, 0, 0, 74, 8.622, 7.525, 123.8, 45.769, 100, 0, 0, 46.146, 46.146, 19, 1.364, 125.792, 0, 0, 127.5, 78.139, 0, 0, 0, 0, 0, 14, 0, 14.212, 0, 4.018, 194.832, 0, 0, 0, 74, 1, 0.009, 0.008, 123.8, 45.769, 100, 0, 0, 141, 46.146, 46.146, 19, 1.364, 0, 125.792, 0, 0, 127.5, 78.139, 0, 0.3, 0, 0, 
17.35, 18.05, 100.3, 73.96, 74.798, , 5.375, 0.987, 1396.39, 1396.39, 4.039, 130.143, 130.143, 130.143, 51.927, 58.954, 34.128, 35.453, 7.379, 12.901, 0, 0, 26.668, 27.009, 26.668, 27.009, 1, 77.834, 77.834, 0.024, 0.136, 34.656, 35.102, 34.656, 35.102, 6.143, 7.379, 12.901, , , 1, 17.45, 0, 0, 14.182, 4.039, 194.432, 0, 0, 0, 74, 8.585, 7.472, 123.8, 45.659, 100, 0, 0, 46.196, 46.196, 19, 1.362, 125.892, 0, 0, 127.5, 78.512, 0, 0, 0, 0, 0, 14, 0, 14.182, 0, 4.039, 194.432, 0, 0, 0, 74, 1, 0.009, 0.008, 123.8, 45.659, 100, 0, 0, 141, 46.196, 46.196, 19, 1.362, 0, 125.892, 0, 0, 127.5, 78.512, 0, 0.3, 0, 0, 
17.4, 18.05, 100.3, 73.96, 74.799, , 5.33, 0.987, 1402.086, 1402.086, 4.059, 129.096, 129.096, 129.096, 51.936, 59.03, 34.308, 35.669, 7.38, 12.919, 0, 0, 26.544, 26.882, 26.544, 26.882, 1, 78.101, 78.101, 0.024, 0.136, 34.371, 34.813, 34.371, 34.813, 6.147, 7.38, 12.919, , , 1, 17.501, 0, 0, 14.152, 4.059, 194.032, 0, 0, 0, 74, 8.548, 7.419, 123.8, 45.549, 100, 0, 0, 46.246, 46.246, 19, 1.36, 125.992, 0, 0, 127.5, 78.885, 0, 0, 0, 0, 0, 14, 0, 14.152, 0, 4.059, 194.032, 0, 0, 0, 74, 1, 0.009, 0.008, 123.8, 45.549, 100, 0, 0, 141, 46.246, 46.246, 19, 1.36, 0, 125.992, 0, 0, 127.5, 78.885, 0, 0.3, 0, 0, 
17.45, 18.05, 100.3, 73.96, 74.799, , 5.244, 0.987, 1407.78, 1407.78, 4.074, 127.053, 127.053, 127.053, 51.948, 59.106, 34.488, 35.885, 7.38, 12.936, 0, 0, 26.21, 26.546, 26.21, 26.546, 1, 78.364, 78.364, 0.024, 0.137, 33.82, 34.255, 33.82, 34.255, 6.152, 7.38, 12.936, , , 1, 17.551, 0, 0.004, 14.13, 4.074, 194, 0, 0, 0, 73.8, 8.461, 7.31, 123.8, 45.171, 100, 0, 0, 46.3, 46.3, 18.9, 1.356, 125.95, 0, 0, 127.5, 79.164, 0, 0, 0, 0, 0, 14, 0.004, 14.13, 0, 4.074, 194, 0, 0, 0, 73.8, 1, 0.008, 0.007, 123.8, 45.171, 100, 0, 0, 141, 46.3, 46.3, 18.9, 1.356, 0, 125.95, 0, 0, 127.5, 79.164, 0, 0.3, 0, 0, 
17.5, 18.05, 100.3, 73.96, 74.8, , 5.142, 0.987, 1413.475, 1413.475, 4.088, 124.644, 124.644, 124.644, 51.961, 59.181, 34.668, 36.101, 7.379, 12.952, 0, 0, 25.796, 26.127, 25.796, 26.127, 1, 78.622, 78.622, 0.024, 0.137, 33.171, 33.598, 33.171, 33.598, 6.151, 7.379, 12.952, , , 1, 17.601, 0, 0.008, 14.108, 4.088, 194, 0, 0, 0, 73.583, 8.37, 7.196, 123.8, 44.77, 100, 0, 0, 46.354, 46.354, 18.791, 1.352, 125.896, 0, 0, 127.5, 79.435, 0, 0, 0, 0, 0, 14, 0.008, 14.108, 0, 4.088, 194, 0, 0, 0, 73.583, 1, 0.008, 0.007, 123.8, 44.77, 100, 0, 0, 141, 46.354, 46.354, 18.791, 1.352, 0, 125.896, 0, 0, 127.5, 79.435, 0, 0.3, 0, 0, 
17.55, 18.05, 100.3, 73.96, 74.8, , 5.005, 0.987, 1419.216, 1419.216, 4.102, 121.4, 121.4, 121.4, 51.974, 59.257, 34.67, 36.051, 7.379, 12.967, 0, 0, 25.204, 25.528, 25.204, 25.528, 1, 78.873, 78.873, 0.024, 0.137, 32.3, 32.716, 32.3, 32.716, 6.12, 7.379, 12.967, , , 1, 17.651, 0, 0.013, 14.087, 4.102, 194, 0, 0, 0, 73.365, 8.278, 7.082, 123.8, 44.369, 100, 0, 0, 46.409, 46.409, 18.683, 1.347, 125.841, 0, 0, 127.5, 79.705, 0, 0, 0, 0, 0, 14, 0.013, 14.087, 0, 4.102, 194, 0, 0, 0, 73.365, 1, 0.008, 0.007, 123.8, 44.369, 100, 0, 0, 141, 46.409, 46.409, 18.683, 1.347, 0, 125.841, 0, 0, 127.5, 79.705, 0, 0.3, 0, 0, 
17.6, 18.05, 100.3, 73.96, 74.8, , 4.834, 0.987, 1424.979, 1424.979, 4.116, 117.34, 117.34, 117.34, 51.988, 59.333, 34.634, 35.943, 7.378, 12.982, 0, 0, 24.435, 24.751, 24.435, 24.751, 1, 79.116, 79.116, 0.024, 0.137, 31.212, 31.612, 31.212, 31.612, 6.09, 7.378, 12.982, , , 1, 17.701, 0, 0.017, 14.065, 4.116, 194, 0, 0, 0, 73.148, 8.187, 6.968, 123.8, 43.968, 100, 0, 0, 46.463, 46.463, 18.574, 1.343, 125.787, 0, 0, 127.5, 79.976, 0, 0, 0, 0, 0, 14, 0.017, 14.065, 0, 4.116, 194, 0, 0, 0, 73.148, 1, 0.008, 0.007, 123.8, 43.968, 100, 0, 0, 141, 46.463, 46.463, 18.574, 1.343, 0, 125.787, 0, 0, 127.5, 79.976, 0, 0.3, 0, 0, 
17.65, 18.05, 100.3, 73.96, 74.8, , 4.657, 0.987, 1430.773, 1430.773, 4.129, 113.147, 113.147, 113.147, 52.005, 59.408, 34.598, 35.835, 7.378, 12.995, 0, 0, 23.634, 23.938, 23.634, 23.938, 1, 79.353, 79.353, 0.024, 0.137, 30.087, 30.471, 30.087, 30.471, 6.06, 7.378, 12.995, , , 1, 17.751, 0, 0.02, 14.043, 4.129, 194, 0, 0, 0, 72.891, 8.093, 6.871, 123.8, 43.52, 100, 0, 0, 46.482, 46.5, 18.427, 1.336, 125.714, 0, 0, 127.5, 80.25, 0, 0, 0, 0, 0, 14, 0.02, 14.043, 0, 4.129, 194, 0, 0, 0, 72.891, 1, 0.008, 0.007, 123.8, 43.52, 100, 0, 0, 141, 46.482, 46.5, 18.427, 1.336, 0, 125.714, 0, 0, 127.5, 80.25, 0, 0.3, 0, 0, 
17.7, 18.05, 100.3, 73.96, 74.8, , 4.472, 0.987, 1438.83, 1438.83, 4.142, 108.778, 108.778, 108.778, 52.023, 59.484, 34.562, 35.727, 7.378, 13.009, 0, 0, 22.81, 23.105, 22.81, 23.105, 1, 79.632, 79.632, 0.024, 0.137, 28.913, 29.283, 28.913, 29.283, 6.029, 7.378, 13.009, , , 1, 17.801, 0, 0.02, 14.02, 4.142, 194, 0, 0, 0, 72.55, 7.991, 6.813, 123.8, 42.975, 100, 0, 0, 46.425, 46.5, 18.2, 1.325, 125.6, 0, 0, 127.5, 80.532, 0, 0, 0, 0, 0, 14, 0.02, 14.02, 0, 4.142, 194, 0, 0, 0, 72.55, 1, 0.008, 0.007, 123.8, 42.975, 100, 0, 0, 141, 46.425, 46.5, 18.2, 1.325, 0, 125.6, 0, 0, 127.5, 80.532, 0, 0.3, 0, 0, 
17.75, 18.05, 100.3, 73.96, 74.8, , 4.353, 0.987, 1444.667, 1444.667, 4.154, 105.952, 105.952, 105.952, 52.036, 59.56, 34.526, 35.619, 7.378, 13.009, 0, 0, 22.279, 22.568, 22.279, 22.568, 1, 79.884, 79.884, 0.024, 0.137, 28.155, 28.516, 28.155, 28.516, 6.023, 7.378, 13.009, , , 1, 17.851, 0, 0.02, 13.997, 4.154, 194, 0, 0, 0, 72.209, 7.89, 6.756, 123.8, 42.43, 100, 0, 0, 46.368, 46.5, 17.973, 1.314, 125.486, 0, 0, 127.5, 80.814, 0, 0, 0, 0, 0, 14, 0.02, 13.997, 0, 4.154, 194, 0, 0, 0, 72.209, 1, 0.008, 0.007, 123.8, 42.43, 100, 0, 0, 141, 46.368, 46.5, 17.973, 1.314, 0, 125.486, 0, 0, 127.5, 80.814, 0, 0.3, 0, 0, 
17.8, 18.05, 100.3, 73.96, 74.8, , 4.276, 0.987, 1450.504, 1450.504, 4.166, 104.135, 104.135, 104.135, 52.045, 59.636, 34.697, 35.866, 7.379, 13.006, 0, 0, 21.957, 22.242, 21.957, 22.242, 1, 80.098, 80.098, 0.024, 0.136, 27.667, 28.022, 27.667, 28.022, 6.017, 7.379, 13.006, , , 1, 17.901, 0, 0.02, 13.975, 4.166, 194, 0, 0, 0, 71.868, 7.789, 6.698, 123.8, 41.884, 100, 0, 0, 46.311, 46.5, 17.745, 1.302, 125.373, 0, 0, 127.5, 81.096, 0, 0, 0, 0, 0, 14, 0.02, 13.975, 0, 4.166, 194, 0, 0, 0, 71.868, 1, 0.008, 0.007, 123.8, 41.884, 100, 0, 0, 141, 46.311, 46.5, 17.745, 1.302, 0, 125.373, 0, 0, 127.5, 81.096, 0, 0.3, 0, 0, 
17.85, 18.05, 100.3, 73.96, 74.8, , 4.225, 0.987, 1456.342, 1456.342, 4.179, 102.939, 102.939, 102.939, 52.049, 59.711, 34.913, 36.19, 7.379, 12.992, 0, 0, 21.763, 22.045, 21.763, 22.045, 1, 80.309, 80.309, 0.024, 0.136, 27.347, 27.699, 27.347, 27.699, 6.011, 7.379, 12.992, , , 1, 17.951, 0, 0.02, 13.952, 4.179, 194, 0, 0, 0, 71.527, 7.688, 6.64, 123.8, 41.339, 100, 0, 0, 46.255, 46.5, 17.518, 1.291, 125.259, 0, 0, 127.5, 81.377, 0, 0, 0, 0, 0, 14, 0.02, 13.952, 0, 4.179, 194, 0, 0, 0, 71.527, 1, 0.008, 0.007, 123.8, 41.339, 100, 0, 0, 141, 46.255, 46.5, 17.518, 1.291, 0, 125.259, 0, 0, 127.5, 81.377, 0, 0.3, 0, 0, 
17.9, 18.05, 100.3, 73.96, 74.8, , 4.197, 0.987, 1462.18, 1462.18, 4.19, 102.268, 102.268, 102.268, 52.048, 59.787, 35.129, 36.514, 7.38, 12.974, 0, 0, 21.677, 21.958, 21.677, 21.958, 1, 80.518, 80.518, 0.024, 0.136, 27.169, 27.519, 27.169, 27.519, 6.004, 7.38, 12.974, , , 1, 18.001, 0, 0.016, 13.92, 4.19, 194, 0, 0, 0, 71.4, 7.643, 6.636, 123.8, 40.963, 100, 0, 0, 46.15, 46.45, 17.4, 1.286, 125.15, 0, 0, 127.5, 81.586, 0, 0, 0, 0, 0, 14, 0.016, 13.92, 0, 4.19, 194, 0, 0, 0, 71.4, 1, 0.008, 0.007, 123.8, 40.963, 100, 0, 0, 141, 46.15, 46.45, 17.4, 1.286, 0, 125.15, 0, 0, 127.5, 81.586, 0, 0.3, 0, 0, 
17.95, 18.05, 100.3, 73.96, 74.8, , 4.161, 0.987, 1468.059, 1468.059, 4.201, 101.424, 101.424, 101.424, 52.046, 59.863, 35.345, 36.838, 7.38, 12.951, 0, 0, 21.554, 21.833, 21.554, 21.833, 1, 80.729, 80.729, 0.024, 0.136, 26.946, 27.294, 26.946, 27.294, 6.03, 7.38, 12.951, , , 1, 18.051, 0, 0.012, 13.887, 4.201, 194, 0, 0, 0, 71.291, 7.603, 6.637, 123.8, 40.602, 100, 0, 0, 46.041, 46.396, 17.291, 1.282, 125.041, 0, 0, 127.5, 81.788, 0, 0, 0, 0, 0, 14, 0.012, 13.887, 0, 4.201, 194, 0, 0, 0, 71.291, 1, 0.008, 0.007, 123.8, 40.602, 100, 0, 0, 141, 46.041, 46.396, 17.291, 1.282, 0, 125.041, 0, 0, 127.5, 81.788, 0, 0.3, 0, 0, 
18, 18.05, 100.3, 73.96, 74.8, , 4.13, 0.987, 1473.972, 1473.972, 4.212, 100.69, 100.69, 100.69, 52.044, 59.938, 35.561, 37.162, 7.379, 12.925, 0, 0, 21.454, 21.731, 21.454, 21.731, 1, 80.935, 80.935, 0.024, 0.136, 26.752, 27.097, 26.752, 27.097, 6.066, 7.379, 12.925, , , 1, 18.101, 0, 0.007, 13.855, 4.212, 194, 0, 0, 0, 71.183, 7.563, 6.638, 123.8, 40.241, 100, 0, 0, 45.933, 46.341, 17.183, 1.277, 124.933, 0, 0, 127.5, 81.99, 0, 0, 0, 0, 0, 14, 0.007, 13.855, 0, 4.212, 194, 0, 0, 0, 71.183, 1, 0.008, 0.007, 123.8, 40.241, 100, 0, 0, 141, 45.933, 46.341, 17.183, 1.277, 0, 124.933, 0, 0, 127.5, 81.99, 0, 0.3, 0, 0, 
18.05, 18.05, 100.3, 73.96, 74.8, , 4.082, 0.987, 1479.915, 1479.915, 4.223, 99.575, 99.575, 99.575, 52.042, 60.014, 35.57, 36.925, 7.379, 12.904, 0, 0, 21.271, 21.545, 21.271, 21.545, 1, 81.139, 81.139, 0.024, 0.135, 26.457, 26.799, 26.457, 26.799, 6.103, 7.379, 12.904, , , 1, 18.151, 0, 0.003, 13.822, 4.223, 194, 0, 0, 0, 71.074, 7.522, 6.639, 123.8, 39.88, 100, 0, 0, 45.824, 46.287, 17.074, 1.273, 124.824, 0, 0, 127.5, 82.193, 0, 0, 0, 0, 0, 14, 0.003, 13.822, 0, 4.223, 194, 0, 0, 0, 71.074, 1, 0.008, 0.007, 123.8, 39.88, 100, 0, 0, 141, 45.824, 46.287, 17.074, 1.273, 0, 124.824, 0, 0, 127.5, 82.193, 0, 0.3, 0, 0, 
18.1, 18.05, 100.3, 73.96, 74.8, , 4.059, 0.987, 1485.782, 1485.782, 4.233, 99.018, 99.018, 99.018, 52.041, 60.09, 35.534, 36.565, 7.378, 12.884, 0, 0, 21.204, 21.478, 21.204, 21.478, 1, 81.341, 81.341, 0.024, 0.135, 26.31, 26.651, 26.31, 26.651, 6.14, 7.378, 12.884, , , 1, 18.201, 0, 0, 13.79, 4.233, 194, 0, 0, 0, 71, 7.489, 6.634, 123.8, 39.573, 100, 0, 0, 45.7, 46.183, 17, 1.27, 124.733, 0, 0, 127.5, 82.392, 0, 0, 0, 0, 0, 14, 0, 13.79, 0, 4.233, 194, 0, 0, 0, 71, 1, 0.007, 0.007, 123.8, 39.573, 100, 0, 0, 141, 45.7, 46.183, 17, 1.27, 0, 124.733, 0, 0, 127.5, 82.392, 0, 0.3, 0, 0, 
18.15, 18.05, 100.3, 73.96, 74.8, , 4.015, 0.987, 1491.718, 1491.718, 4.244, 97.989, 97.989, 97.989, 52.04, 57.958, 35.498, 36.205, 7.378, 12.87, 0, 0, 21.036, 21.308, 21.036, 21.308, 1, 81.542, 81.542, 0.024, 0.135, 26.037, 26.373, 26.037, 26.373, 6.18, 7.378, 12.87, , , 1, 18.251, 0, 0, 13.759, 4.244, 194, 0, 0, 0, 71, 7.469, 6.614, 123.8, 39.381, 100, 0, 0, 45.544, 45.975, 17, 1.27, 124.681, 0, 0, 127.5, 82.587, 0, 0, 0, 0, 0, 14, 0, 13.759, 0, 4.244, 194, 0, 0, 0, 71, 1, 0.007, 0.007, 123.8, 39.381, 100, 0, 0, 141, 45.544, 45.975, 17, 1.27, 0, 124.681, 0, 0, 127.5, 82.587, 0, 0.3, 0, 0, 
18.2, 18.05, 100.3, 73.96, 74.8, , 3.992, 0.987, 1497.636, 1497.636, 4.254, 97.449, 97.449, 97.449, 52.04, 55.341, 35.462, 35.845, 7.377, 12.858, 0, 0, 20.971, 21.242, 20.971, 21.242, 1, 81.742, 81.742, 0.024, 0.135, 25.894, 26.226, 25.894, 26.226, 6.221, 7.377, 12.858, , , 1, 18.301, 0, 0, 13.727, 4.254, 194, 0, 0, 0, 71, 7.449, 6.594, 123.8, 39.188, 100, 0, 0, 45.388, 45.767, 17, 1.27, 124.629, 0, 0, 127.5, 82.782, 0, 0, 0, 0, 0, 14, 0, 13.727, 0, 4.254, 194, 0, 0, 0, 71, 1, 0.007, 0.007, 123.8, 39.188, 100, 0, 0, 141, 45.388, 45.767, 17, 1.27, 0, 124.629, 0, 0, 127.5, 82.782, 0, 0.3, 0, 0, 
18.25, 18.05, 100.3, 73.96, 74.8, , 3.955, 0.987, 1503.623, 1503.623, 4.265, 96.568, 96.568, 96.568, 52.043, 52.724, 35.426, 35.485, 7.377, 12.843, 0, 0, 20.83, 21.1, 20.83, 21.1, 1, 81.939, 81.939, 0.024, 0.136, 25.658, 25.988, 25.658, 25.988, 6.262, 7.377, 12.843, , , 1, 18.351, 0, 0, 13.696, 4.265, 194, 0, 0, 0, 71, 7.429, 6.574, 123.8, 38.995, 100, 0, 0, 45.231, 45.558, 17, 1.27, 124.577, 0, 0, 127.5, 82.977, 0, 0, 0, 0, 0, 14, 0, 13.696, 0, 4.265, 194, 0, 0, 0, 71, 1, 0.007, 0.007, 123.8, 38.995, 100, 0, 0, 141, 45.231, 45.558, 17, 1.27, 0, 124.577, 0, 0, 127.5, 82.977, 0, 0.3, 0, 0, 
18.3, 18.05, 100.3, 73.96, 74.8, , 3.926, 0.987, 1509.61, 1509.61, 4.275, 95.902, 95.902, 95.902, 52.046, 50.108, 35.42, 35.538, 7.377, 12.826, 0, 0, 20.737, 21.005, 20.737, 21.005, 1, 82.131, 82.131, 0.024, 0.136, 25.48, 25.807, 25.48, 25.807, 6.304, 7.377, 12.826, , , 1, 18.401, 0, 0, 13.665, 4.275, 194, 0, 0, 0, 71, 7.41, 6.555, 123.8, 38.802, 100, 0, 0, 45.075, 45.35, 17, 1.27, 124.525, 0, 0, 127.5, 83.172, 0, 0, 0, 0, 0, 14, 0, 13.665, 0, 4.275, 194, 0, 0, 0, 71, 1, 0.007, 0.007, 123.8, 38.802, 100, 0, 0, 141, 45.075, 45.35, 17, 1.27, 0, 124.525, 0, 0, 127.5, 83.172, 0, 0.3, 0, 0, 
18.35, 18.05, 100.3, 73.96, 74.8, , 3.882, 0.987, 1515.598, 1515.598, 4.283, 94.867, 94.867, 94.867, 52.05, 55.62, 35.42, 35.682, 7.377, 12.806, 0, 0, 20.561, 20.827, 20.561, 20.827, 1, 82.328, 82.328, 0.024, 0.136, 25.203, 25.526, 25.203, 25.526, 6.34, 7.377, 12.806, , , 1, 18.451, 0, 0, 13.645, 4.283, 194, 0, 0, 0, 71, 7.391, 6.536, 123.8, 38.67, 100, 0, 0, 44.946, 45.169, 17, 1.27, 124.5, 0, 0, 127.5, 83.333, 0, 0, 0, 0, 0, 14, 0, 13.645, 0, 4.283, 194, 0, 0, 0, 71, 1, 0.007, 0.006, 123.8, 38.67, 100, 0, 0, 141, 44.946, 45.169, 17, 1.27, 0, 124.5, 0, 0, 127.5, 83.333, 0, 0.3, 0, 0, 
18.4, 18.05, 100.3, 73.96, 74.8, , 3.843, 0.987, 1521.585, 1521.585, 4.289, 93.94, 93.94, 93.94, 52.052, 67.397, 35.42, 35.826, 7.378, 12.782, 0, 0, 20.407, 20.671, 20.407, 20.671, 1, 82.518, 82.518, 0.024, 0.136, 24.955, 25.276, 24.955, 25.276, 6.372, 7.378, 12.782, , , 1, 18.501, 0, 0, 13.634, 4.289, 194, 0, 0, 0, 71, 7.375, 6.518, 123.8, 38.593, 100, 0, 0, 44.842, 45.012, 17, 1.27, 124.5, 0, 0, 127.5, 83.463, 0, 0, 0, 0, 0, 14, 0, 13.634, 0, 4.289, 194, 0, 0, 0, 71, 1, 0.007, 0.006, 123.8, 38.593, 100, 0, 0, 141, 44.842, 45.012, 17, 1.27, 0, 124.5, 0, 0, 127.5, 83.463, 0, 0.3, 0, 0, 
18.45, 18.05, 100.3, 73.96, 74.8, , 3.786, 0.987, 1527.584, 1527.584, 4.294, 92.586, 92.586, 92.586, 52.054, 68.479, 35.42, 35.97, 7.378, 12.755, 0, 0, 20.159, 20.42, 20.159, 20.42, 1, 82.706, 82.706, 0.024, 0.136, 24.595, 24.912, 24.595, 24.912, 6.404, 7.378, 12.755, , , 1, 18.551, 0, 0, 13.624, 4.294, 194, 0, 0, 0, 71, 7.358, 6.5, 123.8, 38.516, 100, 0, 0, 44.738, 44.856, 17, 1.27, 124.5, 0, 0, 127.5, 83.593, 0, 0, 0, 0, 0, 14, 0, 13.624, 0, 4.294, 194, 0, 0, 0, 71, 1, 0.007, 0.006, 123.8, 38.516, 100, 0, 0, 141, 44.738, 44.856, 17, 1.27, 0, 124.5, 0, 0, 127.5, 83.593, 0, 0.3, 0, 0, 
18.5, 18.05, 100.3, 73.96, 74.8, , 3.738, 0.987, 1533.679, 1533.679, 4.299, 91.454, 91.454, 91.454, 52.053, 68.992, 35.42, 36.114, 7.379, 12.724, 0, 0, 19.959, 20.216, 19.959, 20.216, 1, 82.894, 82.894, 0.024, 0.137, 24.296, 24.608, 24.296, 24.608, 6.436, 7.379, 12.724, , , 1, 18.601, 0, 0, 13.613, 4.299, 194, 0, 0, 0, 71, 7.341, 6.483, 123.8, 38.439, 100, 0, 0, 44.633, 44.7, 17, 1.27, 124.5, 0, 0, 127.5, 83.723, 0, 0, 0, 0, 0, 14, 0, 13.613, 0, 4.299, 194, 0, 0, 0, 71, 1, 0.007, 0.006, 123.8, 38.439, 100, 0, 0, 141, 44.633, 44.7, 17, 1.27, 0, 124.5, 0, 0, 127.5, 83.723, 0, 0.3, 0, 0, 
18.55, 18.05, 100.3, 73.96, 74.8, , 3.691, 0.987, 1539.751, 1539.751, 4.305, 90.347, 90.347, 90.347, 52.049, 69.505, 35.479, 35.992, 7.379, 12.697, 0, 0, 19.763, 20.017, 19.763, 20.017, 1, 83.08, 83.08, 0.024, 0.137, 24.003, 24.311, 24.003, 24.311, 6.463, 7.379, 12.697, , , 1, 18.651, 0, 0, 13.603, 4.305, 194, 0, 0, 0, 71, 7.325, 6.465, 123.8, 38.362, 100, 0, 0, 44.529, 44.544, 17, 1.27, 124.5, 0, 0, 127.5, 83.854, 0, 0, 0, 0, 0, 14, 0, 13.603, 0, 4.305, 194, 0, 0, 0, 71, 1, 0.007, 0.006, 123.8, 38.362, 100, 0, 0, 141, 44.529, 44.544, 17, 1.27, 0, 124.5, 0, 0, 127.5, 83.854, 0, 0.3, 0, 0, 
18.6, 18.05, 100.3, 73.96, 74.8, , 3.674, 0.987, 1545.772, 1545.772, 4.313, 89.959, 89.959, 89.959, 52.044, 70.017, 35.551, 35.812, 7.38, 12.674, 0, 0, 19.721, 19.974, 19.721, 19.974, 1, 83.263, 83.263, 0.024, 0.137, 23.901, 24.209, 23.901, 24.209, 6.475, 7.38, 12.674, , , 1, 18.701, 0, 0, 13.6, 4.313, 194, 0, 0, 0, 70.867, 7.293, 6.441, 123.8, 38.243, 100, 0, 0, 44.5, 44.5, 17, 1.267, 124.367, 0, 0, 127.5, 83.973, 0, 0, 0, 0, 0, 14, 0, 13.6, 0, 4.313, 194, 0, 0, 0, 70.867, 1, 0.007, 0.006, 123.8, 38.243, 100, 0, 0, 141, 44.5, 44.5, 17, 1.267, 0, 124.367, 0, 0, 127.5, 83.973, 0, 0.287, 0, 0, 
18.65, 18.05, 100.3, 73.96, 74.8, , 3.658, 0.987, 1551.879, 1551.879, 4.322, 89.576, 89.576, 89.576, 52.04, 70.53, 35.623, 35.632, 7.38, 12.654, 0, 0, 19.681, 19.933, 19.681, 19.933, 1, 83.444, 83.444, 0.024, 0.136, 23.802, 24.108, 23.802, 24.108, 6.487, 7.38, 12.654, , , 1, 18.751, 0, 0, 13.6, 4.322, 194, 0, 0, 0, 70.681, 7.256, 6.415, 123.8, 38.107, 100, 0, 0, 44.5, 44.5, 17, 1.264, 124.181, 0, 0, 127.5, 84.087, 0, 0, 0, 0, 0, 14, 0, 13.6, 0, 4.322, 194, 0, 0, 0, 70.681, 1, 0.007, 0.006, 123.8, 38.107, 100, 0, 0, 141, 44.5, 44.5, 17, 1.264, 0, 124.181, 0, 0, 127.5, 84.087, 0, 0.268, 0, 0, 
18.7, 18.05, 100.3, 73.96, 74.8, , 3.631, 0.987, 1557.939, 1557.939, 4.331, 88.932, 88.932, 88.932, 52.038, 71.043, 35.695, 35.452, 7.379, 12.637, 0, 0, 19.582, 19.832, 19.582, 19.832, 1, 83.627, 83.627, 0.024, 0.136, 23.631, 23.935, 23.631, 23.935, 6.499, 7.379, 12.637, , , 1, 18.8, 0, 0, 13.6, 4.331, 194, 0, 0, 0, 70.496, 7.219, 6.389, 123.8, 37.972, 100, 0, 0, 44.5, 44.5, 17, 1.26, 123.996, 0, 0, 127.5, 84.202, 0, 0, 0, 0, 0, 14, 0, 13.6, 0, 4.331, 194, 0, 0, 0, 70.496, 1, 0.007, 0.006, 123.8, 37.972, 100, 0, 0, 141, 44.5, 44.5, 17, 1.26, 0, 123.996, 0, 0, 127.5, 84.202, 0, 0.25, 0, 0, 
18.75, 18.05, 100.3, 73.96, 74.8, , 3.614, 0.987, 1564.083, 1564.083, 4.34, 88.541, 88.541, 88.541, 52.038, 71.555, 35.767, 35.272, 7.379, 12.628, 0, 0, 19.537, 19.787, 19.537, 19.787, 1, 83.808, 83.808, 0.024, 0.136, 23.526, 23.829, 23.526, 23.829, 6.512, 7.379, 12.628, , , 1, 18.85, 0, 0, 13.6, 4.34, 194, 0, 0, 0, 70.311, 7.182, 6.364, 123.8, 37.837, 100, 0, 0, 44.5, 44.5, 17, 1.256, 123.811, 0, 0, 127.5, 84.317, 0, 0, 0, 0, 0, 14, 0, 13.6, 0, 4.34, 194, 0, 0, 0, 70.311, 1, 0.007, 0.006, 123.8, 37.837, 100, 0, 0, 141, 44.5, 44.5, 17, 1.256, 0, 123.811, 0, 0, 127.5, 84.317, 0, 0.231, 0, 0, 
18.8, 18.05, 100.3, 73.96, 74.8, , 3.596, 0.987, 1570.199, 1570.199, 4.349, 88.127, 88.127, 88.127, 52.041, 72.068, 35.721, 35.24, 7.378, 12.625, 0, 0, 19.486, 19.736, 19.486, 19.736, 1, 83.988, 83.988, 0.024, 0.136, 23.416, 23.717, 23.416, 23.717, 6.529, 7.378, 12.625, , , 1, 18.901, 0, 0, 13.6, 4.349, 194, 0, 0, 0, 70.126, 7.145, 6.338, 123.8, 37.702, 100, 0, 0, 44.5, 44.5, 17, 1.253, 123.626, 0, 0, 127.5, 84.432, 0, 0, 0, 0, 0, 14, 0, 13.6, 0, 4.349, 194, 0, 0, 0, 70.126, 1, 0.007, 0.006, 123.8, 37.702, 100, 0, 0, 141, 44.5, 44.5, 17, 1.253, 0, 123.626, 0, 0, 127.5, 84.432, 0, 0.213, 0, 0, 
18.85, 18.05, 100.3, 73.96, 74.8, , 3.559, 0.987, 1576.251, 1576.251, 4.36, 87.243, 87.243, 87.243, 52.046, 72.581, 35.649, 35.24, 7.378, 12.626, 0, 0, 19.331, 19.578, 19.331, 19.578, 1, 84.164, 84.164, 0.024, 0.136, 23.18, 23.477, 23.18, 23.477, 6.546, 7.378, 12.626, , , 1, 18.951, 0, 0, 13.597, 4.36, 194, 0, 0, 0, 70, 7.111, 6.313, 123.8, 37.539, 100, 0, 0, 44.42, 44.42, 16.936, 1.25, 123.468, 0, 0, 127.5, 84.609, 0, 0, 0, 0, 0, 14, 0, 13.597, 0, 4.36, 194, 0, 0, 0, 70, 1, 0.007, 0.006, 123.8, 37.539, 100, 0, 0, 141, 44.42, 44.42, 16.936, 1.25, 0, 123.468, 0, 0, 127.5, 84.609, 0, 0.2, 0, 0, 
18.9, 18.051, 100.3, 73.96, 74.8, , 3.511, 0.987, 1582.396, 1582.396, 4.374, 86.126, 86.126, 86.126, 52.053, 73.093, 35.577, 35.24, 7.377, 12.63, 0, 0, 19.124, 19.368, 19.124, 19.368, 1, 84.34, 84.34, 0.024, 0.136, 22.88, 23.173, 22.88, 23.173, 6.563, 7.377, 12.63, , , 1, 19.001, 0, 0, 13.587, 4.374, 194, 0, 0, 0, 70, 7.084, 6.292, 123.8, 37.317, 100, 0, 0, 44.17, 44.17, 16.736, 1.25, 123.368, 0, 0, 127.5, 84.919, 0, 0, 0, 0, 0, 14, 0, 13.587, 0, 4.374, 194, 0, 0, 0, 70, 1, 0.007, 0.006, 123.8, 37.317, 100, 0, 0, 141, 44.17, 44.17, 16.736, 1.25, 0, 123.368, 0, 0, 127.5, 84.919, 0, 0.2, 0, 0, 
18.95, 18.052, 100.3, 73.96, 74.8, , 3.457, 0.987, 1588.663, 1588.663, 4.388, 84.831, 84.831, 84.831, 52.06, 73.606, 35.505, 35.24, 7.377, 12.633, 0, 0, 18.875, 19.116, 18.875, 19.116, 1, 84.515, 84.515, 0.024, 0.135, 22.532, 22.822, 22.532, 22.822, 6.581, 7.377, 12.633, , , 1, 19.051, 0, 0, 13.577, 4.388, 194, 0, 0, 0, 70, 7.057, 6.271, 123.8, 37.095, 100, 0, 0, 43.92, 43.92, 16.536, 1.25, 123.268, 0, 0, 127.5, 85.229, 0, 0, 0, 0, 0, 14, 0, 13.577, 0, 4.388, 194, 0, 0, 0, 70, 1, 0.007, 0.006, 123.8, 37.095, 100, 0, 0, 141, 43.92, 43.92, 16.536, 1.25, 0, 123.268, 0, 0, 127.5, 85.229, 0, 0.2, 0, 0, 
19, 18.053, 100.3, 73.96, 74.8, , 3.415, 0.987, 1594.809, 1594.809, 4.402, 83.854, 83.854, 83.854, 52.069, 74.119, 35.433, 35.24, 7.377, 12.636, 0, 0, 18.695, 18.934, 18.695, 18.934, 1, 84.687, 84.687, 0.024, 0.136, 22.269, 22.555, 22.269, 22.555, 6.595, 7.377, 12.636, , , 1, 19.101, 0, 0, 13.567, 4.402, 194, 0, 0, 0, 70, 7.03, 6.25, 123.8, 36.873, 100, 0, 0, 43.67, 43.67, 16.336, 1.25, 123.168, 0, 0, 127.5, 85.539, 0, 0, 0, 0, 0, 14, 0, 13.567, 0, 4.402, 194, 0, 0, 0, 70, 1, 0.007, 0.006, 123.8, 36.873, 100, 0, 0, 141, 43.67, 43.67, 16.336, 1.25, 0, 123.168, 0, 0, 127.5, 85.539, 0, 0.2, 0, 0, 
19.05, 18.054, 100.3, 73.96, 74.8, , 3.334, 0.987, 1600.953, 1600.953, 4.416, 81.94, 81.94, 81.94, 52.078, 74.632, 35.568, 35.21, 7.377, 12.633, 0, 0, 18.304, 18.538, 18.304, 18.538, 1, 84.854, 84.854, 0.024, 0.136, 21.757, 22.035, 21.757, 22.035, 6.609, 7.377, 12.633, , , 1, 19.15, 0, 0, 13.557, 4.416, 194, 0, 0, 0, 70, 7.003, 6.229, 123.8, 36.651, 100, 0, 0, 43.42, 43.42, 16.136, 1.25, 123.068, 0, 0, 127.5, 85.849, 0, 0, 0, 0, 0, 14, 0, 13.557, 0, 4.416, 194, 0, 0, 0, 70, 1, 0.007, 0.006, 123.8, 36.651, 100, 0, 0, 141, 43.42, 43.42, 16.136, 1.25, 0, 123.068, 0, 0, 127.5, 85.849, 0, 0.2, 0, 0, 
19.1, 18.055, 100.3, 73.96, 74.8, , 3.219, 0.987, 1607.114, 1607.114, 4.429, 79.205, 79.205, 79.205, 52.088, 75.144, 35.748, 35.174, 7.377, 12.623, 0, 0, 17.726, 17.953, 17.726, 17.953, 1, 85.017, 85.017, 0.024, 0.136, 21.027, 21.296, 21.027, 21.296, 6.623, 7.377, 12.623, , , 1, 19.201, 0, 0, 13.543, 4.429, 194, 0, 0, 0, 69.93, 6.956, 6.192, 123.8, 36.397, 100, 0, 0, 43.093, 43.093, 15.965, 1.248, 122.93, 0, 0, 127.5, 86.103, 0, 0, 0, 0, 0, 14, 0, 13.543, 0, 4.429, 194, 0, 0, 0, 69.93, 1, 0.007, 0.006, 123.8, 36.397, 100, 0, 0, 141, 43.093, 43.093, 15.965, 1.248, 0, 122.93, 0, 0, 127.5, 86.103, 0, 0.2, 0, 0, 
19.15, 18.056, 100.3, 73.96, 74.8, , 3.097, 0.987, 1613.365, 1613.365, 4.437, 76.323, 76.323, 76.323, 52.098, 75.657, 35.928, 35.138, 7.377, 12.606, 0, 0, 17.112, 17.333, 17.112, 17.333, 1, 85.174, 85.174, 0.024, 0.136, 20.258, 20.516, 20.258, 20.516, 6.637, 7.377, 12.606, , , 1, 19.25, 0, 0.001, 13.521, 4.437, 194, 0, 0, 0, 69.713, 6.867, 6.119, 123.8, 36.077, 100, 0, 0, 42.604, 42.604, 15.857, 1.241, 122.713, 0, 0, 127.5, 86.238, 0, 0, 0, 0, 0, 14, 0.001, 13.521, 0, 4.437, 194, 0, 0, 0, 69.713, 1, 0.007, 0.006, 123.8, 36.077, 100, 0, 0, 141, 42.604, 42.604, 15.857, 1.241, 0, 122.713, 0, 0, 127.5, 86.238, 0, 0.2, 0, 0, 
19.2, 18.058, 100.3, 73.96, 74.8, , 2.962, 0.987, 1619.61, 1619.61, 4.445, 73.113, 73.113, 73.113, 52.108, 76.17, 36.108, 35.102, 7.377, 12.58, 0, 0, 16.421, 16.631, 16.421, 16.631, 1, 85.326, 85.326, 0.024, 0.137, 19.403, 19.649, 19.403, 19.649, 6.634, 7.377, 12.58, , , 1, 19.3, 0, 0.003, 13.5, 4.445, 194, 0, 0, 0, 69.496, 6.778, 6.046, 123.8, 35.756, 100, 0, 0, 42.115, 42.115, 15.748, 1.235, 122.496, 0, 0, 127.5, 86.373, 0, 0, 0, 0, 0, 14, 0.003, 13.5, 0, 4.445, 194, 0, 0, 0, 69.496, 1, 0.007, 0.006, 123.8, 35.756, 100, 0, 0, 141, 42.115, 42.115, 15.748, 1.235, 0, 122.496, 0, 0, 127.5, 86.373, 0, 0.2, 0, 0, 
19.25, 18.059, 100.3, 73.96, 74.8, , 2.767, 0.987, 1625.794, 1625.794, 4.454, 68.497, 68.497, 68.497, 52.115, 76.682, 36.288, 35.066, 7.377, 12.548, 0, 0, 15.411, 15.607, 15.411, 15.607, 1, 85.469, 85.469, 0.024, 0.137, 18.176, 18.405, 18.176, 18.405, 6.627, 7.377, 12.548, , , 1, 19.35, 0, 0.004, 13.478, 4.454, 194, 0, 0, 0, 69.278, 6.689, 5.973, 123.8, 35.435, 100, 0, 0, 41.626, 41.626, 15.639, 1.228, 122.278, 0, 0, 127.5, 86.507, 0, 0, 0, 0, 0, 14, 0.004, 13.478, 0, 4.454, 194, 0, 0, 0, 69.278, 1, 0.007, 0.006, 123.8, 35.435, 100, 0, 0, 141, 41.626, 41.626, 15.639, 1.228, 0, 122.278, 0, 0, 127.5, 86.507, 0, 0.2, 0, 0, 
19.3, 18.06, 100.3, 73.96, 74.8, , 2.588, 0.987, 1632.105, 1632.105, 4.462, 64.247, 64.247, 64.247, 52.124, 77.195, 36.464, 35.232, 7.377, 12.508, 0, 0, 14.477, 14.662, 14.477, 14.662, 1, 85.602, 85.602, 0.024, 0.137, 17.045, 17.261, 17.045, 17.261, 6.62, 7.377, 12.508, , , 1, 19.4, 0, 0.005, 13.456, 4.462, 194, 0, 0, 0, 69.061, 6.6, 5.9, 123.8, 35.115, 100, 0, 0, 41.137, 41.137, 15.53, 1.222, 122.061, 0, 0, 127.5, 86.642, 0, 0, 0, 0, 0, 14, 0.005, 13.456, 0, 4.462, 194, 0, 0, 0, 69.061, 1, 0.007, 0.006, 123.8, 35.115, 100, 0, 0, 141, 41.137, 41.137, 15.53, 1.222, 0, 122.061, 0, 0, 127.5, 86.642, 0, 0.2, 0, 0, 
19.35, 18.061, 100.3, 73.96, 74.8, , 2.451, 0.987, 1638.313, 1638.313, 4.467, 61.001, 61.001, 61.001, 52.131, 77.708, 36.639, 35.442, 7.377, 12.466, 0, 0, 13.766, 13.941, 13.766, 13.941, 1, 85.728, 85.728, 0.024, 0.138, 16.182, 16.388, 16.182, 16.388, 6.614, 7.377, 12.466, , , 1, 19.451, 0, 0.006, 13.442, 4.467, 194, 0, 0, 0, 68.843, 6.524, 5.839, 123.8, 34.852, 100, 0, 0, 40.687, 40.687, 15.422, 1.215, 121.843, 0, 0, 127.5, 86.729, 0, 0, 0, 0, 0, 14, 0.006, 13.442, 0, 4.467, 194, 0, 0, 0, 68.843, 1, 0.006, 0.006, 123.8, 34.852, 100, 0, 0, 141, 40.687, 40.687, 15.422, 1.215, 0, 121.843, 0, 0, 127.5, 86.729, 0, 0.2, 0, 0, 
19.4, 18.062, 100.3, 73.96, 74.8, , 2.31, 0.987, 1644.6, 1644.6, 4.471, 57.672, 57.672, 57.672, 52.137, 78.22, 36.814, 35.653, 7.377, 12.42, 0, 0, 13.032, 13.198, 13.032, 13.198, 1, 85.846, 85.846, 0.024, 0.138, 15.297, 15.492, 15.297, 15.492, 6.614, 7.377, 12.42, , , 1, 19.501, 0, 0.007, 13.431, 4.471, 194, 0, 0, 0, 68.626, 6.453, 5.783, 123.8, 34.612, 100, 0, 0, 40.252, 40.252, 15.313, 1.209, 121.626, 0, 0, 127.5, 86.796, 0, 0, 0, 0, 0, 14, 0.007, 13.431, 0, 4.471, 194, 0, 0, 0, 68.626, 1, 0.006, 0.006, 123.8, 34.612, 100, 0, 0, 141, 40.252, 40.252, 15.313, 1.209, 0, 121.626, 0, 0, 127.5, 86.796, 0, 0.2, 0, 0, 
19.45, 18.063, 100.3, 73.96, 74.8, , 2.166, 0.987, 1650.911, 1650.911, 4.474, 54.26, 54.26, 54.26, 52.143, 78.733, 36.989, 35.863, 7.377, 12.373, 0, 0, 12.277, 12.434, 12.277, 12.434, 1, 85.957, 85.957, 0.024, 0.138, 14.389, 14.575, 14.389, 14.575, 6.618, 7.377, 12.373, , , 1, 19.55, 0, 0.008, 13.42, 4.474, 194, 0, 0, 0, 68.409, 6.383, 5.726, 123.8, 34.372, 100, 0, 0, 39.817, 39.817, 15.204, 1.202, 121.409, 0, 0, 127.5, 86.863, 0, 0, 0, 0, 0, 14, 0.008, 13.42, 0, 4.474, 194, 0, 0, 0, 68.409, 1, 0.006, 0.006, 123.8, 34.372, 100, 0, 0, 141, 39.817, 39.817, 15.204, 1.202, 0, 121.409, 0, 0, 127.5, 86.863, 0, 0.2, 0, 0, 
19.5, 18.064, 100.3, 73.96, 74.8, , 2.087, 0.987, 1657.115, 1657.115, 4.478, 52.399, 52.399, 52.399, 52.148, 79.246, 37.164, 36.073, 7.377, 12.323, 0, 0, 11.871, 12.023, 11.871, 12.023, 1, 86.063, 86.063, 0.024, 0.138, 13.893, 14.074, 13.893, 14.074, 6.623, 7.377, 12.323, , , 1, 19.6, 0, 0.009, 13.41, 4.478, 194, 0, 0, 0, 68.191, 6.312, 5.67, 123.8, 34.131, 100, 0, 0, 39.383, 39.383, 15.096, 1.196, 121.191, 0, 0, 127.5, 86.931, 0, 0, 0, 0, 0, 14, 0.009, 13.41, 0, 4.478, 194, 0, 0, 0, 68.191, 1, 0.006, 0.006, 123.8, 34.131, 100, 0, 0, 141, 39.383, 39.383, 15.096, 1.196, 0, 121.191, 0, 0, 127.5, 86.931, 0, 0.2, 0, 0, 
19.55, 18.066, 100.3, 73.96, 74.8, , 2.037, 0.987, 1663.406, 1663.406, 4.482, 51.215, 51.215, 51.215, 52.151, 79.758, 36.817, 36.064, 7.377, 12.281, 0, 0, 11.617, 11.765, 11.617, 11.765, 1, 86.166, 86.166, 0.024, 0.138, 13.578, 13.756, 13.578, 13.756, 6.627, 7.377, 12.281, , , 1, 19.651, 0, 0.01, 13.4, 4.482, 194, 0, 0, 0, 67.977, 6.24, 5.614, 123.8, 33.86, 100, 0, 0, 38.942, 38.948, 14.977, 1.189, 120.902, 0, 0, 127.402, 87.004, 0, 0, 0, 0, 0, 14, 0.01, 13.4, 0, 4.482, 194, 0, 0, 0, 67.977, 1, 0.006, 0.006, 123.8, 33.86, 100, 0, 0, 141, 38.942, 38.948, 14.977, 1.189, 0, 120.902, 0, 0, 127.402, 87.004, 0, 0.2, 0, 0, 
19.6, 18.067, 100.3, 73.96, 74.8, , 1.977, 0.987, 1669.717, 1669.717, 4.49, 49.788, 49.788, 49.788, 52.153, 80.271, 36.224, 35.953, 7.377, 12.252, 0, 0, 11.306, 11.452, 11.306, 11.452, 1, 86.267, 86.267, 0.024, 0.138, 13.198, 13.372, 13.198, 13.372, 6.634, 7.377, 12.252, , , 1, 19.701, 0, 0.008, 13.4, 4.49, 194, 0, 0, 0, 67.785, 6.153, 5.566, 123.8, 33.362, 100, 0, 0, 38.462, 38.515, 14.785, 1.184, 120.085, 0, 0, 126.585, 87.124, 0, 0, 0, 0, 0, 14, 0.008, 13.4, 0, 4.49, 194, 0, 0, 0, 67.785, 1, 0.006, 0.006, 123.8, 33.362, 100, 0, 0, 141, 38.462, 38.515, 14.785, 1.184, 0, 120.085, 0, 0, 126.585, 87.124, 0, 0.2, 0, 0, 
19.65, 18.068, 100.3, 73.96, 74.8, , 1.932, 0.987, 1676.027, 1676.027, 4.497, 48.718, 48.718, 48.718, 52.155, 80.784, 35.632, 35.842, 7.377, 12.231, 0, 0, 11.076, 11.219, 11.076, 11.219, 1, 86.365, 86.365, 0.024, 0.137, 12.915, 13.084, 12.915, 13.084, 6.648, 7.377, 12.231, , , 1, 19.751, 0, 0.006, 13.4, 4.497, 194, 0, 0, 0, 67.592, 6.067, 5.518, 123.8, 32.864, 100, 0, 0, 37.981, 38.083, 14.592, 1.178, 119.267, 0, 0, 125.767, 87.243, 0, 0, 0, 0, 0, 14, 0.006, 13.4, 0, 4.497, 194, 0, 0, 0, 67.592, 1, 0.006, 0.006, 123.8, 32.864, 100, 0, 0, 141, 37.981, 38.083, 14.592, 1.178, 0, 119.267, 0, 0, 125.767, 87.243, 0, 0.2, 0, 0, 
19.7, 18.069, 100.3, 73.96, 74.8, , 1.935, 0.987, 1682.338, 1682.338, 4.505, 48.804, 48.804, 48.804, 52.157, 81.296, 35.039, 35.731, 7.377, 12.224, 0, 0, 11.108, 11.251, 11.108, 11.251, 1, 86.461, 86.461, 0.024, 0.137, 12.937, 13.106, 12.937, 13.106, 6.661, 7.377, 12.224, , , 1, 19.801, 0, 0.004, 13.4, 4.505, 194, 0, 0, 0, 67.4, 5.98, 5.47, 123.8, 32.366, 100, 0, 0, 37.5, 37.65, 14.4, 1.172, 118.45, 0, 0, 124.95, 87.362, 0, 0, 0, 0, 0, 14, 0.004, 13.4, 0, 4.505, 194, 0, 0, 0, 67.4, 1, 0.006, 0.005, 123.8, 32.366, 100, 0, 0, 141, 37.5, 37.65, 14.4, 1.172, 0, 118.45, 0, 0, 124.95, 87.362, 0, 0.2, 0, 0, 
19.75, 18.07, 100.3, 73.96, 74.8, , 1.961, 0.987, 1688.649, 1688.649, 4.513, 49.402, 49.402, 49.402, 52.159, 81.809, 34.447, 35.62, 7.377, 12.226, 0, 0, 11.257, 11.402, 11.257, 11.402, 1, 86.559, 86.559, 0.024, 0.137, 13.097, 13.266, 13.097, 13.266, 6.674, 7.377, 12.226, , , 1, 19.851, 0, 0.002, 13.4, 4.513, 194, 0, 0, 0, 67.208, 5.893, 5.422, 123.8, 31.868, 100, 0, 0, 37.019, 37.217, 14.208, 1.166, 117.633, 0, 0, 124.133, 87.481, 0, 0, 0, 0, 0, 14, 0.002, 13.4, 0, 4.513, 194, 0, 0, 0, 67.208, 1, 0.006, 0.005, 123.8, 31.868, 100, 0, 0, 141, 37.019, 37.217, 14.208, 1.166, 0, 117.633, 0, 0, 124.133, 87.481, 0, 0.2, 0, 0, 
19.8, 18.071, 100.3, 73.96, 74.8, , 1.968, 0.987, 1695.084, 1695.084, 4.52, 49.568, 49.568, 49.568, 52.158, 82.322, 34.458, 35.57, 7.377, 12.244, 0, 0, 11.309, 11.453, 11.309, 11.453, 1, 86.656, 86.656, 0.024, 0.136, 13.142, 13.311, 13.142, 13.311, 6.687, 7.377, 12.244, , , 1, 19.901, 0, 0, 13.4, 4.52, 194, 0, 0, 0, 67.015, 5.807, 5.374, 123.8, 31.37, 100, 0, 0, 36.538, 36.785, 14.015, 1.16, 116.815, 0, 0, 123.315, 87.6, 0, 0, 0, 0, 0, 14, 0, 13.4, 0, 4.52, 194, 0, 0, 0, 67.015, 1, 0.006, 0.005, 123.8, 31.37, 100, 0, 0, 141, 36.538, 36.785, 14.015, 1.16, 0, 116.815, 0, 0, 123.315, 87.6, 0, 0.2, 0, 0, 
19.85, 18.072, 100.3, 73.96, 74.8, , 1.955, 0.987, 1701.397, 1701.397, 4.523, 49.271, 49.271, 49.271, 52.156, 82.834, 34.602, 35.534, 7.377, 12.263, 0, 0, 11.254, 11.397, 11.254, 11.397, 1, 86.752, 86.752, 0.024, 0.136, 13.064, 13.232, 13.064, 13.232, 6.7, 7.377, 12.263, , , 1, 19.951, 0, 0, 13.4, 4.523, 194, 0, 0, 0, 67, 5.785, 5.36, 123.8, 31.33, 100, 0, 0, 36.5, 36.702, 14, 1.158, 116.702, 0, 0, 123.202, 87.61, 0, 0, 0, 0, 0, 14, 0, 13.4, 0, 4.523, 194, 0, 0, 0, 67, 1, 0.006, 0.005, 123.8, 31.33, 100, 0, 0, 141, 36.5, 36.702, 14, 1.158, 0, 116.702, 0, 0, 123.202, 87.61, 0, 0.2, 0, 0, 
19.9, 18.074, 100.3, 73.96, 74.8, , 1.966, 0.987, 1707.708, 1707.708, 4.526, 49.534, 49.534, 49.534, 52.155, 83.347, 34.746, 35.498, 7.378, 12.279, 0, 0, 11.328, 11.47, 11.328, 11.47, 1, 86.851, 86.851, 0.024, 0.136, 13.133, 13.302, 13.133, 13.302, 6.713, 7.378, 12.279, , , 1, 20.001, 0, 0, 13.4, 4.526, 194, 0, 0, 0, 67, 5.768, 5.35, 123.8, 31.33, 100, 0, 0, 36.5, 36.65, 14, 1.156, 116.65, 0, 0, 123.15, 87.61, 0, 0, 0, 0, 0, 14, 0, 13.4, 0, 4.526, 194, 0, 0, 0, 67, 1, 0.006, 0.005, 123.8, 31.33, 100, 0, 0, 141, 36.5, 36.65, 14, 1.156, 0, 116.65, 0, 0, 123.15, 87.61, 0, 0.2, 0, 0, 
19.95, 18.075, 100.3, 73.96, 74.8, , 1.977, 0.987, 1714.024, 1714.024, 4.528, 49.8, 49.8, 49.8, 52.154, 83.86, 34.89, 35.462, 7.378, 12.293, 0, 0, 11.402, 11.545, 11.402, 11.545, 1, 86.948, 86.948, 0.024, 0.136, 13.203, 13.373, 13.203, 13.373, 6.726, 7.378, 12.293, , , 1, 20.05, 0, 0, 13.4, 4.528, 194, 0, 0, 0, 67, 5.751, 5.34, 123.8, 31.33, 100, 0, 0, 36.5, 36.598, 14, 1.154, 116.598, 0, 0, 123.098, 87.61, 0, 0, 0, 0, 0, 14, 0, 13.4, 0, 4.528, 194, 0, 0, 0, 67, 1, 0.006, 0.005, 123.8, 31.33, 100, 0, 0, 141, 36.5, 36.598, 14, 1.154, 0, 116.598, 0, 0, 123.098, 87.61, 0, 0.2, 0, 0, 
20, 18.076, 100.3, 73.96, 74.8, , 1.922, 0.987, 1720.457, 1720.457, 4.531, 48.505, 48.505, 48.505, 52.152, 84.372, 35.034, 35.426, 7.379, 12.302, 0, 0, 11.117, 11.257, 11.117, 11.257, 1, 87.044, 87.044, 0.024, 0.135, 12.861, 13.027, 12.861, 13.027, 6.739, 7.379, 12.302, , , 1, 20.101, 0, 0, 13.4, 4.531, 194, 0, 0, 0, 67, 5.735, 5.329, 123.8, 31.33, 100, 0, 0, 36.5, 36.546, 14, 1.152, 116.546, 0, 0, 123.046, 87.61, 0, 0, 0, 0, 0, 14, 0, 13.4, 0, 4.531, 194, 0, 0, 0, 67, 1, 0.006, 0.005, 123.8, 31.33, 100, 0, 0, 141, 36.5, 36.546, 14, 1.152, 0, 116.546, 0, 0, 123.046, 87.61, 0, 0.2, 0, 0, 
20.05, 18.077, 100.3, 73.96, 74.8, , 1.852, 0.987, 1726.767, 1726.767, 4.534, 46.85, 46.85, 46.85, 52.153, 84.885, 35.119, 35.39, 7.379, 12.309, 0, 0, 10.748, 10.885, 10.748, 10.885, 1, 87.14, 87.14, 0.024, 0.136, 12.422, 12.582, 12.422, 12.582, 6.736, 7.379, 12.309, , , 1, 20.151, 0, 0, 13.397, 4.534, 194.023, 0, 0, 0, 66.977, 5.713, 5.308, 123.8, 31.3, 100, 0, 0, 36.477, 36.471, 13.988, 1.15, 116.454, 0, 0, 122.96, 87.632, 0, 0, 0, 0, 0, 14, 0, 13.397, 0, 4.534, 194.023, 0, 0, 0, 66.977, 1, 0.006, 0.005, 123.8, 31.3, 100, 0, 0, 141, 36.477, 36.471, 13.988, 1.15, 0, 116.454, 0, 0, 122.96, 87.632, 0, 0.2, 0, 0, 
20.1, 18.078, 100.3, 73.96, 74.8, , 1.784, 0.987, 1733.204, 1733.204, 4.54, 45.231, 45.231, 45.231, 52.155, 85.398, 35.191, 35.354, 7.38, 12.31, 0, 0, 10.387, 10.519, 10.387, 10.519, 1, 87.229, 87.229, 0.024, 0.136, 11.993, 12.145, 11.993, 12.145, 6.73, 7.38, 12.31, , , 1, 20.201, 0, 0.003, 13.368, 4.54, 194.215, 0, 0, 0, 66.785, 5.659, 5.207, 123.8, 31.053, 100, 0, 0, 36.285, 36.231, 13.892, 1.146, 116.069, 0, 0, 122.623, 87.811, 0, 0, 0, 0, 0, 14, 0.003, 13.368, 0, 4.54, 194.215, 0, 0, 0, 66.785, 1, 0.006, 0.005, 123.8, 31.053, 100, 0, 0, 141, 36.285, 36.231, 13.892, 1.146, 0, 116.069, 0, 0, 122.623, 87.811, 0, 0.2, 0, 0, 
20.15, 18.079, 100.3, 73.96, 74.8, , 1.688, 0.987, 1739.578, 1739.578, 4.547, 42.96, 42.96, 42.96, 52.156, 83.653, 35.263, 35.318, 7.38, 12.31, 0, 0, 9.874, 10.001, 9.874, 10.001, 1, 87.317, 87.317, 0.024, 0.136, 11.39, 11.536, 11.39, 11.536, 6.724, 7.38, 12.31, , , 1, 20.251, 0, 0.006, 13.339, 4.547, 194.408, 0, 0, 0, 66.592, 5.604, 5.106, 123.8, 30.806, 100, 0, 0, 36.092, 35.99, 13.796, 1.142, 115.685, 0, 0, 122.287, 87.991, 0, 0, 0, 0, 0, 14, 0.006, 13.339, 0, 4.547, 194.408, 0, 0, 0, 66.592, 1, 0.006, 0.005, 123.8, 30.806, 100, 0, 0, 141, 36.092, 35.99, 13.796, 1.142, 0, 115.685, 0, 0, 122.287, 87.991, 0, 0.2, 0, 0, 
20.2, 18.08, 100.3, 73.96, 74.801, , 1.573, 0.987, 1745.952, 1745.952, 4.554, 40.232, 40.232, 40.232, 52.158, 81.413, 35.335, 35.282, 7.379, 12.303, 0, 0, 9.255, 9.376, 9.255, 9.376, 1, 87.397, 87.397, 0.024, 0.136, 10.667, 10.804, 10.667, 10.804, 6.718, 7.379, 12.303, , , 1, 20.301, 0, 0.009, 13.31, 4.554, 194.6, 0, 0, 0, 66.4, 5.549, 5.005, 123.8, 30.559, 100, 0, 0, 35.9, 35.75, 13.7, 1.138, 115.3, 0, 0, 121.95, 88.171, 0, 0, 0, 0, 0, 14, 0.009, 13.31, 0, 4.554, 194.6, 0, 0, 0, 66.4, 1, 0.006, 0.005, 123.8, 30.559, 100, 0, 0, 141, 35.9, 35.75, 13.7, 1.138, 0, 115.3, 0, 0, 121.95, 88.171, 0, 0.2, 0, 0, 
20.25, 18.082, 100.3, 73.96, 74.802, , 1.422, 0.987, 1752.291, 1752.291, 4.56, 36.653, 36.653, 36.653, 52.161, 79.173, 35.407, 35.246, 7.379, 12.296, 0, 0, 8.44, 8.549, 8.44, 8.549, 1, 87.471, 87.471, 0.024, 0.137, 9.718, 9.842, 9.718, 9.842, 6.703, 7.379, 12.296, , , 1, 20.35, 0, 0.012, 13.281, 4.56, 194.792, 0, 0, 0, 66.208, 5.494, 4.904, 123.8, 30.312, 100, 0, 0, 35.708, 35.51, 13.604, 1.134, 114.915, 0, 0, 121.613, 88.351, 0, 0, 0, 0, 0, 14, 0.012, 13.281, 0, 4.56, 194.792, 0, 0, 0, 66.208, 1, 0.006, 0.005, 123.8, 30.312, 100, 0, 0, 141, 35.708, 35.51, 13.604, 1.134, 0, 114.915, 0, 0, 121.613, 88.351, 0, 0.2, 0, 0, 
20.3, 18.083, 100.3, 73.96, 74.804, , 1.284, 0.987, 1758.777, 1758.777, 4.567, 33.378, 33.378, 33.378, 52.165, 76.934, 35.39, 35.299, 7.378, 12.286, 0, 0, 7.692, 7.792, 7.692, 7.792, 1, 87.539, 87.539, 0.024, 0.137, 8.848, 8.962, 8.848, 8.962, 6.687, 7.378, 12.286, , , 1, 20.401, 0, 0.015, 13.252, 4.567, 194.985, 0, 0, 0, 66.015, 5.439, 4.803, 123.8, 30.065, 100, 0, 0, 35.515, 35.269, 13.508, 1.13, 114.531, 0, 0, 121.277, 88.531, 0, 0, 0, 0, 0, 14, 0.015, 13.252, 0, 4.567, 194.985, 0, 0, 0, 66.015, 1, 0.006, 0.005, 123.8, 30.065, 100, 0, 0, 141, 35.515, 35.269, 13.508, 1.13, 0, 114.531, 0, 0, 121.277, 88.531, 0, 0.2, 0, 0, 
20.35, 18.084, 100.3, 73.96, 74.805, , 1.145, 0.987, 1765.136, 1765.136, 4.57, 30.093, 30.093, 30.093, 52.169, 74.694, 35.354, 35.371, 7.378, 12.276, 0, 0, 6.939, 7.028, 6.939, 7.028, 1, 87.6, 87.6, 0.024, 0.137, 7.976, 8.079, 7.976, 8.079, 6.671, 7.378, 12.276, , , 1, 20.451, 0, 0.016, 13.22, 4.57, 195.199, 0, 0, 0, 65.602, 5.321, 4.694, 123.8, 29.713, 100, 0, 0, 35.4, 35.2, 13.301, 1.12, 113.604, 0, 0, 120.304, 88.608, 0, 0, 0, 0, 0, 14, 0.016, 13.22, 0, 4.57, 195.199, 0, 0, 0, 65.602, 1, 0.005, 0.004, 123.8, 29.713, 100, 0, 0, 141, 35.4, 35.2, 13.301, 1.12, 0, 113.604, 0, 0, 120.304, 88.608, 0, 0.2, 0, 0, 
20.4, 18.085, 100.3, 73.96, 74.807, , 1.002, 0.987, 1771.574, 1771.574, 4.573, 26.694, 26.694, 26.694, 52.175, 72.454, 35.318, 35.443, 7.378, 12.265, 0, 0, 6.16, 6.238, 6.16, 6.238, 1, 87.654, 87.654, 0.024, 0.138, 7.075, 7.166, 7.075, 7.166, 6.655, 7.378, 12.265, , , 1, 20.501, 0, 0.017, 13.188, 4.573, 195.416, 0, 0, 0, 65.169, 5.198, 4.585, 123.8, 29.353, 100, 0, 0, 35.292, 35.146, 13.084, 1.109, 112.63, 0, 0, 119.276, 88.676, 0, 0, 0, 0, 0, 14, 0.017, 13.188, 0, 4.573, 195.416, 0, 0, 0, 65.169, 1, 0.005, 0.004, 123.8, 29.353, 100, 0, 0, 141, 35.292, 35.146, 13.084, 1.109, 0, 112.63, 0, 0, 119.276, 88.676, 0, 0.2, 0, 0, 
20.45, 18.086, 100.3, 73.96, 74.808, , 0.812, 0.987, 1777.975, 1777.975, 4.576, 22.182, 22.182, 22.182, 52.183, 70.214, 35.282, 35.515, 7.378, 12.255, 0, 0, 5.121, 5.187, 5.121, 5.187, 1, 87.701, 87.701, 0.024, 0.138, 5.878, 5.954, 5.878, 5.954, 6.651, 7.378, 12.255, , , 1, 20.551, 0, 0.018, 13.155, 4.576, 195.632, 0, 0, 0, 64.736, 5.075, 4.476, 123.8, 28.993, 100, 0, 0, 35.184, 35.092, 12.868, 1.098, 111.656, 0, 0, 118.248, 88.744, 0, 0, 0, 0, 0, 14, 0.018, 13.155, 0, 4.576, 195.632, 0, 0, 0, 64.736, 1, 0.005, 0.004, 123.8, 28.993, 100, 0, 0, 141, 35.184, 35.092, 12.868, 1.098, 0, 111.656, 0, 0, 118.248, 88.744, 0, 0.2, 0, 0, 
20.5, 18.087, 100.3, 73.96, 74.81, , 0.672, 0.987, 1784.447, 1784.447, 4.579, 18.874, 18.874, 18.874, 52.193, 67.974, 35.246, 35.587, 7.379, 12.251, 0, 0, 4.359, 4.416, 4.359, 4.416, 1, 87.738, 87.738, 0.024, 0.138, 5, 5.065, 5, 5.065, 6.654, 7.379, 12.251, , , 1, 20.601, 0, 0.019, 13.123, 4.579, 195.848, 0, 0, 0, 64.303, 4.951, 4.367, 123.8, 28.632, 100, 0, 0, 35.076, 35.038, 12.652, 1.088, 110.682, 0, 0, 117.22, 88.812, 0, 0, 0, 0, 0, 14, 0.019, 13.123, 0, 4.579, 195.848, 0, 0, 0, 64.303, 1, 0.005, 0.004, 123.8, 28.632, 100, 0, 0, 141, 35.076, 35.038, 12.652, 1.088, 0, 110.682, 0, 0, 117.22, 88.812, 0, 0.2, 0, 0, 
20.55, 18.088, 100.3, 73.96, 74.811, , 0.51, 0.987, 1790.818, 1790.818, 4.581, 15.031, 15.031, 15.031, 52.203, 65.734, 35.299, 35.541, 7.379, 12.248, 0, 0, 3.472, 3.518, 3.472, 3.518, 1, 87.768, 87.768, 0.024, 0.138, 3.981, 4.033, 3.981, 4.033, 6.657, 7.379, 12.248, , , 1, 20.65, 0, 0.019, 13.093, 4.581, 196, 0, 0, 0, 63.897, 4.838, 4.281, 123.862, 28.266, 100, 0, 0, 35, 35, 12.432, 1.077, 109.709, 0, 0, 116.175, 88.86, 0, 0, 0, 0, 0, 14, 0.019, 13.093, 0, 4.581, 196, 0, 0, 0, 63.897, 1, 0.005, 0.004, 123.862, 28.266, 100, 0, 0, 141, 35, 35, 12.432, 1.077, 0, 109.709, 0, 0, 116.175, 88.86, 0, 0.2, 0, 0, 
20.6, 18.09, 100.3, 73.96, 74.813, , 0.365, 0.987, 1797.303, 1797.303, 4.583, 11.578, 11.578, 11.578, 52.212, 63.494, 35.371, 35.469, 7.38, 12.25, 0, 0, 2.676, 2.711, 2.676, 2.711, 1, 87.79, 87.79, 0.024, 0.138, 3.065, 3.105, 3.065, 3.105, 6.66, 7.38, 12.25, , , 1, 20.701, 0, 0.016, 13.07, 4.583, 196, 0, 0, 0, 63.555, 4.748, 4.251, 124.067, 27.887, 100, 0, 0, 35, 35, 12.203, 1.067, 108.739, 0, 0, 115.09, 88.86, 0, 0, 0, 0, 0, 14, 0.016, 13.07, 0, 4.583, 196, 0, 0, 0, 63.555, 1, 0.005, 0.004, 124.067, 27.887, 100, 0, 0, 141, 35, 35, 12.203, 1.067, 0, 108.739, 0, 0, 115.09, 88.86, 0, 0.2, 0, 0, 
20.65, 18.091, 100.3, 73.96, 74.814, , 0.235, 0.987, 1803.66, 1803.66, 4.584, 8.516, 8.516, 8.516, 52.221, 61.254, 35.443, 35.397, 7.38, 12.252, 0, 0, 1.968, 1.995, 1.968, 1.995, 1, 87.805, 87.805, 0.024, 0.138, 2.254, 2.283, 2.254, 2.283, 6.681, 7.38, 12.252, , , 1, 20.751, 0, 0.012, 13.047, 4.584, 196, 0, 0, 0, 63.212, 4.658, 4.222, 124.273, 27.508, 100, 0, 0, 35, 35, 11.975, 1.056, 107.768, 0, 0, 114.006, 88.86, 0, 0, 0, 0, 0, 14, 0.012, 13.047, 0, 4.584, 196, 0, 0, 0, 63.212, 1, 0.005, 0.004, 124.273, 27.508, 100, 0, 0, 141, 35, 35, 11.975, 1.056, 0, 107.768, 0, 0, 114.006, 88.86, 0, 0.2, 0, 0, 
20.7, 18.092, 100.3, 73.96, 74.816, , 0.13, 0.987, 1810.147, 1810.147, 4.586, 6.018, 6.018, 6.018, 52.229, 59.014, 35.515, 35.325, 7.38, 12.253, 0, 0, 1.39, 1.409, 1.39, 1.409, 1, 87.813, 87.813, 0.024, 0.137, 1.592, 1.612, 1.592, 1.612, 6.715, 7.38, 12.253, , , 1, 20.8, 0, 0.009, 13.025, 4.586, 196, 0, 0, 0, 62.87, 4.567, 4.192, 124.478, 27.129, 100, 0, 0, 35, 35, 11.747, 1.046, 106.798, 0, 0, 112.921, 88.86, 0, 0, 0, 0, 0, 14, 0.009, 13.025, 0, 4.586, 196, 0, 0, 0, 62.87, 1, 0.005, 0.004, 124.478, 27.129, 100, 0, 0, 141, 35, 35, 11.747, 1.046, 0, 106.798, 0, 0, 112.921, 88.86, 0, 0.2, 0, 0, 
20.75, 18.093, 100.3, 73.96, 74.817, , 0.054, 0.987, 1816.507, 1816.507, 4.587, 4.213, 4.213, 4.213, 52.236, 56.775, 35.587, 35.253, 7.38, 12.253, 0, 0, 0.972, 0.987, 0.972, 0.987, 1, 87.818, 87.818, 0.024, 0.137, 1.115, 1.128, 1.115, 1.128, 6.749, 7.38, 12.253, , , 1, 20.85, 0, 0.005, 13.002, 4.587, 196, 0, 0, 0, 62.527, 4.477, 4.162, 124.684, 26.75, 100, 0, 0, 35, 35, 11.518, 1.036, 105.828, 0, 0, 111.837, 88.86, 0, 0, 0, 0, 0, 14, 0.005, 13.002, 0, 4.587, 196, 0, 0, 0, 62.527, 1, 0.005, 0.004, 124.684, 26.75, 100, 0, 0, 141, 35, 35, 11.518, 1.036, 0, 105.828, 0, 0, 111.837, 88.86, 0, 0.2, 0, 0, 
20.8, 18.094, 100.3, 73.96, 74.819, , 0.023, 0.987, 1822.989, 1822.989, 4.588, 3.488, 3.488, 3.488, 52.242, 54.535, 35.777, 35.299, 7.38, 12.256, 0, 0, 0.805, 0.816, 0.805, 0.816, 1, 87.82, 87.82, 0.024, 0.137, 0.923, 0.933, 0.923, 0.933, 6.783, 7.38, 12.256, , , 1, 20.901, 0, 0.004, 13, 4.588, 196, 0, 0, 0, 62.4, 4.44, 4.122, 124.879, 26.61, 100, 0, 0, 35, 35, 11.4, 1.032, 105.402, 0, 0, 111.402, 88.86, 0, 0, 0, 0, 0, 14, 0.004, 13, 0, 4.588, 196, 0, 0, 0, 62.4, 1, 0.004, 0.004, 124.879, 26.61, 100, 0, 0, 141, 35, 35, 11.4, 1.032, 0, 105.402, 0, 0, 111.402, 88.86, 0, 0.2, 0, 0, 
20.85, 18.095, 100.3, 73.96, 74.82, , -0.011, 0.987, 1829.476, 1829.476, 4.588, 2.659, 2.659, 2.659, 52.247, 52.295, 35.993, 35.371, 7.38, 12.258, 0, 0, 0.614, 0.622, 0.614, 0.622, 1, 87.82, 87.82, 0.024, 0.137, 0.704, 0.711, 0.704, 0.711, 6.812, 7.38, 12.258, , , 1, 20.951, 0, 0.003, 13, 4.588, 196, 0, 0, 0, 62.292, 4.408, 4.081, 125.074, 26.491, 100, 0, 0, 35, 35, 11.292, 1.029, 105.023, 0, 0, 111.023, 88.86, 0, 0, 0, 0, 0, 14, 0.003, 13, 0, 4.588, 196, 0, 0, 0, 62.292, 1, 0.004, 0.004, 125.074, 26.491, 100, 0, 0, 141, 35, 35, 11.292, 1.029, 0, 105.023, 0, 0, 111.023, 88.86, 0, 0.2, 0, 0, 
20.9, 18.096, 100.3, 73.96, 74.822, , -0.06, 0.987, 1835.832, 1835.832, 4.588, 1.514, 1.514, 1.514, 52.252, 50.055, 36.209, 35.443, 7.38, 12.265, 0, 0, 0.35, 0.354, 0.35, 0.354, 1, 87.819, 87.819, 0.024, 0.137, 0.4, 0.404, 0.4, 0.404, 6.833, 7.38, 12.265, , , 1, 21, 0, 0.002, 13, 4.588, 196, 0, 0, 0, 62.184, 4.375, 4.04, 125.269, 26.372, 100, 0, 0, 35, 35, 11.184, 1.026, 104.644, 0, 0, 110.644, 88.86, 0, 0, 0, 0, 0, 14, 0.002, 13, 0, 4.588, 196, 0, 0, 0, 62.184, 1, 0.004, 0.004, 125.269, 26.372, 100, 0, 0, 141, 35, 35, 11.184, 1.026, 0, 104.644, 0, 0, 110.644, 88.86, 0, 0.2, 0, 0, 
20.95, 18.098, 100.3, 73.96, 74.823, , -0.108, 0.987, 1842.318, 1842.318, 4.589, 0.364, 0.364, 0.364, 52.257, 47.815, 36.425, 35.515, 7.38, 12.273, 0, 0, 0.084, 0.086, 0.084, 0.086, 1, 87.814, 87.814, 0.024, 0.137, 0.096, 0.096, 0.096, 0.096, 6.853, 7.38, 12.273, , , 1, 21.051, 0, 0.001, 13, 4.589, 196, 0, 0, 0, 62.076, 4.343, 3.999, 125.464, 26.253, 100, 0, 0, 35, 35, 11.076, 1.022, 104.265, 0, 0, 110.265, 88.86, 0, 0, 0, 0, 0, 14, 0.001, 13, 0, 4.589, 196, 0, 0, 0, 62.076, 1, 0.004, 0.004, 125.464, 26.253, 100, 0, 0, 141, 35, 35, 11.076, 1.022, 0, 104.265, 0, 0, 110.265, 88.86, 0, 0.2, 0, 0, 
21, 18.099, 100.3, 73.96, 74.825, , -0.157, 0.987, 1848.692, 1848.692, 4.589, -0.803, -0.803, -0.803, 52.262, 55.113, 36.641, 35.587, 7.38, 12.29, 0, 0, -0.185, -0.188, -0.185, -0.188, 1, 87.808, 87.808, 0.024, 0.137, -0.213, -0.217, -0.213, -0.217, 6.874, 7.38, 12.29, , , 1, 21.101, 0, 0.001, 13, 4.589, 196, 0, 0, 0, 61.942, 4.31, 3.964, 125.6, 26.084, 100, 0, 0, 35, 35, 10.942, 1.019, 103.884, 0, 0, 109.884, 88.86, 0, 0, 0, 0, 0, 14, 0.001, 13, 0, 4.589, 196, 0, 0, 0, 61.942, 1, 0.004, 0.004, 125.6, 26.084, 100, 0, 0, 141, 35, 35, 10.942, 1.019, 0, 103.884, 0, 0, 109.884, 88.86, 0, 0.2, 0, 0, 
21.05, 18.1, 100.3, 73.96, 74.826, , -0.213, 0.987, 1855.161, 1855.161, 4.589, -2.124, -2.124, -2.124, 52.266, 56.969, 36.473, 35.63, 7.379, 12.308, 0, 0, -0.491, -0.497, -0.491, -0.497, 1, 87.799, 87.799, 0.024, 0.137, -0.563, -0.571, -0.563, -0.571, 6.892, 7.379, 12.308, , , 1, 21.15, 0, 0.005, 13, 4.589, 196, 0, 0, 0, 61.749, 4.277, 3.945, 125.6, 25.799, 100, 0, 0, 35, 35, 10.749, 1.015, 103.498, 0, 0, 109.498, 88.86, 0, 0, 0, 0, 0, 14, 0.005, 13, 0, 4.589, 196, 0, 0, 0, 61.749, 1, 0.004, 0.004, 125.6, 25.799, 100, 0, 0, 141, 35, 35, 10.749, 1.015, 0, 103.498, 0, 0, 109.498, 88.86, 0, 0.2, 0, 0, 
21.1, 18.101, 100.3, 73.963, 74.828, , -0.276, 0.987, 1861.646, 1861.646, 4.589, -3.631, -3.631, -3.631, 52.27, 57.154, 36.221, 35.666, 7.379, 12.327, 0, 0, -0.839, -0.85, -0.839, -0.85, 1, 87.786, 87.786, 0.024, 0.137, -0.961, -0.974, -0.961, -0.974, 6.892, 7.379, 12.327, , , 1, 21.201, 0, 0.009, 13, 4.589, 196, 0, 0, 0, 61.556, 4.245, 3.926, 125.6, 25.513, 100, 0, 0, 35, 35, 10.556, 1.011, 103.112, 0, 0, 109.112, 88.86, 0, 0, 0, 0, 0, 14, 0.009, 13, 0, 4.589, 196, 0, 0, 0, 61.556, 1, 0.004, 0.004, 125.6, 25.513, 100, 0, 0, 141, 35, 35, 10.556, 1.011, 0, 103.112, 0, 0, 109.112, 88.86, 0, 0.2, 0, 0, 
21.15, 18.102, 100.3, 73.967, 74.83, , -0.304, 0.987, 1868.003, 1868.003, 4.589, -4.276, -4.276, -4.276, 52.272, 57.701, 35.969, 35.702, 7.379, 12.346, 0, 0, -0.989, -1, -0.989, -1, 1, 87.77, 87.77, 0.024, 0.137, -1.131, -1.147, -1.131, -1.147, 6.893, 7.379, 12.346, , , 1, 21.251, 0, 0.013, 13, 4.589, 196, 0, 0, 0, 61.363, 4.212, 3.906, 125.6, 25.227, 100, 0, 0, 35, 35, 10.363, 1.007, 102.726, 0, 0, 108.726, 88.86, 0, 0, 0, 0, 0, 14, 0.013, 13, 0, 4.589, 196, 0, 0, 0, 61.363, 1, 0.004, 0.004, 125.6, 25.227, 100, 0, 0, 141, 35, 35, 10.363, 1.007, 0, 102.726, 0, 0, 108.726, 88.86, 0, 0.2, 0, 0, 
21.2, 18.103, 100.3, 73.971, 74.831, , -0.275, 0.987, 1874.489, 1874.489, 4.589, -3.608, -3.608, -3.608, 52.272, 58.248, 35.717, 35.738, 7.38, 12.368, 0, 0, -0.834, -0.844, -0.834, -0.844, 1, 87.755, 87.755, 0.024, 0.137, -0.955, -0.968, -0.955, -0.968, 6.893, 7.38, 12.368, , , 1, 21.3, 0, 0.017, 13, 4.589, 196, 0, 0, 0, 61.17, 4.179, 3.887, 125.6, 24.941, 100, 0, 0, 35, 35, 10.17, 1.003, 102.34, 0, 0, 108.34, 88.86, 0, 0, 0, 0, 0, 14, 0.017, 13, 0, 4.589, 196, 0, 0, 0, 61.17, 1, 0.004, 0.004, 125.6, 24.941, 100, 0, 0, 141, 35, 35, 10.17, 1.003, 0, 102.34, 0, 0, 108.34, 88.86, 0, 0.2, 0, 0, 
21.25, 18.104, 100.3, 73.975, 74.833, , -0.286, 0.987, 1880.877, 1880.877, 4.589, -3.854, -3.854, -3.854, 52.267, 58.795, 35.465, 35.774, 7.381, 12.39, 0, 0, -0.891, -0.902, -0.891, -0.902, 1, 87.741, 87.741, 0.024, 0.137, -1.02, -1.032, -1.02, -1.032, 6.894, 7.381, 12.39, , , 1, 21.35, 0, 0.02, 13, 4.589, 196, 0, 0, 0, 61, 4.146, 3.866, 125.6, 24.681, 100, 0, 0, 35, 35, 10, 1, 101.963, 0, 0, 107.975, 88.844, 0, 0, 0, 0, 0, 14, 0.02, 13, 0, 4.589, 196, 0, 0, 0, 61, 1, 0.004, 0.004, 125.6, 24.681, 100, 0, 0, 141, 35, 35, 10, 1, 0, 101.963, 0, 0, 107.975, 88.844, 0, 0.2, 0, 0, 
21.3, 18.106, 100.3, 73.979, 74.834, , -0.288, 0.987, 1887.332, 1887.332, 4.588, -3.918, -3.918, -3.918, 52.262, 59.342, 35.39, 35.721, 7.383, 12.414, 0, 0, -0.904, -0.917, -0.904, -0.917, 1, 87.726, 87.726, 0.024, 0.137, -1.037, -1.049, -1.037, -1.049, 6.908, 7.383, 12.414, , , 1, 21.401, 0, 0.015, 13, 4.588, 196, 0, 0, 0, 61, 4.108, 3.833, 125.6, 24.604, 100, 0, 0, 35, 35, 10, 0.995, 101.651, 0, 0, 107.768, 88.714, 0, 0, 0, 0, 0, 14, 0.015, 13, 0, 4.588, 196, 0, 0, 0, 61, 1, 0.004, 0.004, 125.6, 24.604, 100, 0, 0, 141, 35, 35, 10, 0.995, 0, 101.651, 0, 0, 107.768, 88.714, 0, 0.2, 0, 0, 
21.35, 18.107, 100.3, 73.983, 74.836, , -0.309, 0.987, 1893.751, 1893.751, 4.586, -4.408, -4.408, -4.408, 52.257, 59.889, 35.354, 35.649, 7.384, 12.437, 0, 0, -1.017, -1.031, -1.017, -1.031, 1, 87.711, 87.711, 0.024, 0.137, -1.166, -1.18, -1.166, -1.18, 6.924, 7.384, 12.437, , , 1, 21.451, 0, 0.011, 13, 4.586, 196, 0, 0, 0, 61, 4.071, 3.8, 125.6, 24.527, 100, 0, 0, 35, 35, 10, 0.991, 101.34, 0, 0, 107.56, 88.584, 0, 0, 0, 0, 0, 14, 0.011, 13, 0, 4.586, 196, 0, 0, 0, 61, 1, 0.004, 0.004, 125.6, 24.527, 100, 0, 0, 141, 35, 35, 10, 0.991, 0, 101.34, 0, 0, 107.56, 88.584, 0, 0.2, 0, 0, 
21.4, 18.108, 100.3, 73.988, 74.837, , -0.392, 0.987, 1900.173, 1900.173, 4.585, -6.375, -6.375, -6.375, 52.256, 60.436, 35.318, 35.577, 7.384, 12.459, 0, 0, -1.47, -1.491, -1.47, -1.491, 1, 87.694, 87.694, 0.024, 0.137, -1.686, -1.706, -1.686, -1.706, 6.94, 7.384, 12.459, , , 1, 21.5, 0, 0.007, 13, 4.585, 196, 0, 0, 0, 61, 4.034, 3.767, 125.6, 24.45, 100, 0, 0, 35, 35, 10, 0.987, 101.029, 0, 0, 107.353, 88.454, 0, 0, 0, 0, 0, 14, 0.007, 13, 0, 4.585, 196, 0, 0, 0, 61, 1, 0.004, 0.004, 125.6, 24.45, 100, 0, 0, 141, 35, 35, 10, 0.987, 0, 101.029, 0, 0, 107.353, 88.454, 0, 0.2, 0, 0, 
21.45, 18.109, 100.3, 73.992, 74.839, , -0.537, 0.987, 1906.66, 1906.66, 4.584, -9.811, -9.811, -9.811, 52.259, 60.983, 35.282, 35.505, 7.384, 12.481, 0, 0, -2.262, -2.294, -2.262, -2.294, 1, 87.672, 87.672, 0.024, 0.137, -2.594, -2.627, -2.594, -2.627, 6.956, 7.384, 12.481, , , 1, 21.55, 0, 0.003, 13, 4.584, 196, 0, 0, 0, 61, 3.997, 3.734, 125.6, 24.374, 100, 0, 0, 35, 35, 10, 0.983, 100.718, 0, 0, 107.145, 88.324, 0, 0, 0, 0, 0, 14, 0.003, 13, 0, 4.584, 196, 0, 0, 0, 61, 1, 0.004, 0.004, 125.6, 24.374, 100, 0, 0, 141, 35, 35, 10, 0.983, 0, 100.718, 0, 0, 107.145, 88.324, 0, 0.2, 0, 0, 
21.5, 18.11, 100.3, 73.996, 74.84, , -0.669, 0.987, 1913.061, 1913.061, 4.583, -12.947, -12.947, -12.947, 52.268, 61.53, 35.246, 35.433, 7.383, 12.495, 0, 0, -2.985, -3.026, -2.985, -3.026, 1, 87.642, 87.642, 0.024, 0.137, -3.424, -3.468, -3.424, -3.468, 6.959, 7.383, 12.495, , , 1, 21.601, 0, 0.001, 12.982, 4.583, 196, 0, 0, 0, 60.88, 3.963, 3.699, 125.6, 24.275, 100, 0, 0, 35, 35, 10, 0.978, 100.53, 0, 0, 107, 88.23, 0, 0, 0, 0, 0, 14, 0.001, 12.982, 0, 4.583, 196, 0, 0, 0, 60.88, 1, 0.004, 0.004, 125.6, 24.275, 100, 0, 0, 141, 35, 35, 10, 0.978, 0, 100.53, 0, 0, 107, 88.23, 0, 0.2, 0, 0, 
21.55, 18.112, 100.3, 74, 74.84, , -0.813, 0.987, 1919.501, 1919.501, 4.582, -16.361, -16.361, -16.361, 52.264, 62.077, 35.24, 35.243, 7.381, 12.509, 0, 0, -3.771, -3.822, -3.771, -3.822, 1, 87.606, 87.606, 0.024, 0.137, -4.328, -4.384, -4.328, -4.384, 6.953, 7.381, 12.509, , , 1, 21.651, 0, 0.003, 12.922, 4.582, 196, 0, 0, 0, 60.478, 3.939, 3.661, 125.6, 24.127, 100, 0, 0, 35, 35, 10, 0.97, 100.631, 0, 0, 107, 88.23, 0, 0, 0, 0, 0, 14, 0.003, 12.922, 0, 4.582, 196, 0, 0, 0, 60.478, 1, 0.004, 0.004, 125.6, 24.127, 100, 0, 0, 141, 35, 35, 10, 0.97, 0, 100.631, 0, 0, 107, 88.23, 0, 0.2, 0, 0, 
21.6, 18.114, 100.3, 74.004, 74.84, , -1.156, 0.987, 1925.936, 1925.936, 4.581, -24.494, -24.494, -24.494, 52.239, 62.623, 35.24, 35.027, 7.38, 12.499, 0, 0, -5.643, -5.717, -5.643, -5.717, 1, 87.56, 87.56, 0.024, 0.137, -6.488, -6.572, -6.488, -6.572, 6.947, 7.38, 12.499, , , 1, 21.701, 0, 0.005, 12.861, 4.581, 196, 0, 0, 0, 60.076, 3.915, 3.623, 125.6, 23.978, 100, 0, 0, 35, 35, 10, 0.962, 100.731, 0, 0, 107, 88.23, 0, 0, 0, 0, 0, 14, 0.005, 12.861, 0, 4.581, 196, 0, 0, 0, 60.076, 1, 0.004, 0.004, 125.6, 23.978, 100, 0, 0, 141, 35, 35, 10, 0.962, 0, 100.731, 0, 0, 107, 88.23, 0, 0.2, 0, 0, 
21.65, 18.116, 100.3, 74.009, 74.84, , -1.562, 0.987, 1932.345, 1932.345, 4.58, -34.131, -34.131, -34.131, 52.196, 63.17, 35.24, 34.811, 7.378, 12.486, 0, 0, -7.857, -7.959, -7.857, -7.959, 1, 87.491, 87.491, 0.024, 0.137, -9.051, -9.169, -9.051, -9.169, 6.941, 7.378, 12.486, , , 1, 21.751, 0, 0.007, 12.801, 4.58, 196, 0, 0, 0, 59.675, 3.891, 3.584, 125.6, 23.83, 100, 0, 0, 35, 35, 10, 0.954, 100.831, 0, 0, 107, 88.23, 0, 0, 0, 0, 0, 14, 0.007, 12.801, 0, 4.58, 196, 0, 0, 0, 59.675, 1, 0.004, 0.004, 125.6, 23.83, 100, 0, 0, 141, 35, 35, 10, 0.954, 0, 100.831, 0, 0, 107, 88.23, 0, 0.2, 0, 0, 
21.7, 18.118, 100.3, 74.013, 74.84, , -1.876, 0.987, 1938.701, 1938.701, 4.58, -41.583, -41.583, -41.583, 52.134, 63.717, 35.24, 34.595, 7.378, 12.447, 0, 0, -9.564, -9.687, -9.564, -9.687, 1, 87.404, 87.404, 0.024, 0.137, -11.04, -11.182, -11.04, -11.182, 6.934, 7.378, 12.447, , , 1, 21.801, 0, 0.009, 12.741, 4.58, 196, 0, 0, 0, 59.273, 3.866, 3.546, 125.6, 23.681, 100, 0, 0, 35, 35, 10, 0.945, 100.932, 0, 0, 107, 88.23, 0, 0, 0, 0, 0, 14, 0.009, 12.741, 0, 4.58, 196, 0, 0, 0, 59.273, 1, 0.004, 0.004, 125.6, 23.681, 100, 0, 0, 141, 35, 35, 10, 0.945, 0, 100.932, 0, 0, 107, 88.23, 0, 0.2, 0, 0, 
21.75, 18.12, 100.3, 74.017, 74.84, , -2.132, 0.987, 1945.188, 1945.188, 4.575, -47.67, -47.67, -47.67, 52.051, 64.264, 35.24, 34.379, 7.377, 12.404, 0, 0, -10.954, -11.095, -10.954, -11.095, 1, 87.304, 87.304, 0.024, 0.137, -12.67, -12.834, -12.67, -12.834, 6.926, 7.377, 12.404, , , 1, 21.851, 0, 0.01, 12.681, 4.575, 196, 0, 0, 0, 58.872, 3.829, 3.514, 125.6, 23.415, 100, 0, 0, 35, 35, 9.872, 0.935, 101.064, 0, 0, 107.032, 88.19, 0, 0, 0, 0, 0, 14, 0.01, 12.681, 0, 4.575, 196, 0, 0, 0, 58.872, 1, 0.004, 0.004, 125.6, 23.415, 100, 0, 0, 141, 35, 35, 9.872, 0.935, 0, 101.064, 0, 0, 107.032, 88.19, 0, 0.2, 0, 0, 
21.8, 18.122, 100.3, 74.021, 74.84, , -2.435, 0.987, 1951.559, 1951.559, 4.561, -54.867, -54.867, -54.867, 51.98, 64.811, 35.24, 34.517, 7.377, 12.323, 0, 0, -12.594, -12.757, -12.594, -12.757, 1, 87.189, 87.189, 0.024, 0.137, -14.597, -14.785, -14.597, -14.785, 6.918, 7.377, 12.323, , , 1, 21.9, 0, 0.01, 12.621, 4.561, 196, 0, 0, 0, 58.472, 3.763, 3.494, 125.6, 22.899, 100, 0, 0, 35, 35, 9.472, 0.919, 101.264, 0, 0, 107.132, 88.066, 0, 0, 0, 0, 0, 14, 0.01, 12.621, 0, 4.561, 196, 0, 0, 0, 58.472, 1, 0.004, 0.004, 125.6, 22.899, 100, 0, 0, 141, 35, 35, 9.472, 0.919, 0, 101.264, 0, 0, 107.132, 88.066, 0, 0.2, 0, 0, 
21.85, 18.124, 100.3, 74.025, 74.84, , -2.558, 0.987, 1957.995, 1957.995, 4.547, -57.782, -57.782, -57.782, 51.945, 65.358, 35.24, 34.733, 7.377, 12.236, 0, 0, -13.246, -13.417, -13.246, -13.417, 1, 87.061, 87.061, 0.024, 0.136, -15.379, -15.578, -15.379, -15.578, 6.91, 7.377, 12.236, , , 1, 21.951, 0, 0.01, 12.561, 4.547, 196, 0, 0, 0, 58.072, 3.697, 3.474, 125.6, 22.383, 100, 0, 0, 35, 35, 9.072, 0.903, 101.464, 0, 0, 107.232, 87.942, 0, 0, 0, 0, 0, 14, 0.01, 12.561, 0, 4.547, 196, 0, 0, 0, 58.072, 1, 0.004, 0.004, 125.6, 22.383, 100, 0, 0, 141, 35, 35, 9.072, 0.903, 0, 101.464, 0, 0, 107.232, 87.942, 0, 0.2, 0, 0, 
21.9, 18.126, 100.3, 74.03, 74.84, , -2.453, 0.987, 1964.387, 1964.387, 4.533, -55.297, -55.297, -55.297, 51.94, 65.905, 35.24, 34.949, 7.377, 12.136, 0, 0, -12.658, -12.821, -12.658, -12.821, 1, 86.935, 86.935, 0.024, 0.136, -14.721, -14.91, -14.721, -14.91, 6.902, 7.377, 12.136, , , 1, 22.001, 0, 0.01, 12.501, 4.533, 196, 0, 0, 0, 57.672, 3.631, 3.454, 125.6, 21.867, 100, 0, 0, 35, 35, 8.672, 0.887, 101.664, 0, 0, 107.332, 87.818, 0, 0, 0, 0, 0, 14, 0.01, 12.501, 0, 4.533, 196, 0, 0, 0, 57.672, 1, 0.004, 0.003, 125.6, 21.867, 100, 0, 0, 141, 35, 35, 8.672, 0.887, 0, 101.664, 0, 0, 107.332, 87.818, 0, 0.2, 0, 0, 
21.95, 18.127, 100.3, 74.034, 74.84, , -2.414, 0.987, 1970.743, 1970.743, 4.519, -54.367, -54.367, -54.367, 51.966, 66.452, 35.24, 35.165, 7.377, 12.035, 0, 0, -12.427, -12.586, -12.427, -12.586, 1, 86.813, 86.813, 0.024, 0.136, -14.467, -14.654, -14.467, -14.654, 6.91, 7.377, 12.035, , , 1, 22.05, 0, 0.01, 12.441, 4.519, 196, 0, 0, 0, 57.272, 3.565, 3.434, 125.6, 21.351, 100, 0, 0, 35, 35, 8.272, 0.871, 101.864, 0, 0, 107.432, 87.694, 0, 0, 0, 0, 0, 14, 0.01, 12.441, 0, 4.519, 196, 0, 0, 0, 57.272, 1, 0.004, 0.003, 125.6, 21.351, 100, 0, 0, 141, 35, 35, 8.272, 0.871, 0, 101.864, 0, 0, 107.432, 87.694, 0, 0.2, 0, 0, 
22, 18.129, 100.3, 74.038, 74.84, , -2.568, 0.987, 1977.18, 1977.18, 4.51, -58.031, -58.031, -58.031, 52.023, 66.999, 35.24, 35.381, 7.377, 11.944, 0, 0, -13.243, -13.413, -13.243, -13.413, 1, 86.688, 86.688, 0.024, 0.136, -15.423, -15.622, -15.423, -15.622, 6.918, 7.377, 11.944, , , 1, 22.101, 0, 0.009, 12.4, 4.51, 196, 0, 0, 0, 57, 3.523, 3.419, 125.6, 20.951, 100, 0, 0, 35, 35, 7.934, 0.86, 102.033, 0, 0, 107.5, 87.549, 0, 0, 0, 0, 0, 14, 0.009, 12.4, 0, 4.51, 196, 0, 0, 0, 57, 1, 0.004, 0.003, 125.6, 20.951, 100, 0, 0, 141, 35, 35, 7.934, 0.86, 0, 102.033, 0, 0, 107.5, 87.549, 0, 0.2, 0, 0, 
22.05, 18.131, 100.3, 74.042, 74.84, , -2.595, 0.987, 1983.491, 1983.491, 4.508, -58.685, -58.685, -58.685, 52.098, 67.546, 35.21, 35.361, 7.377, 11.856, 0, 0, -13.373, -13.543, -13.373, -13.543, 1, 86.555, 86.555, 0.024, 0.136, -15.575, -15.775, -15.575, -15.775, 6.926, 7.377, 11.856, , , 1, 22.151, 0, 0.007, 12.4, 4.508, 196, 0, 0, 0, 57, 3.532, 3.416, 125.6, 20.798, 100, 0, 0, 35, 35, 7.727, 0.86, 102.136, 0, 0, 107.5, 87.357, 0, 0, 0, 0, 0, 14, 0.007, 12.4, 0, 4.508, 196, 0, 0, 0, 57, 1, 0.004, 0.003, 125.6, 20.798, 100, 0, 0, 141, 35, 35, 7.727, 0.86, 0, 102.136, 0, 0, 107.5, 87.357, 0, 0.2, 0, 0, 
22.1, 18.133, 100.3, 74.046, 74.84, , -2.483, 0.987, 1989.928, 1989.928, 4.507, -56.032, -56.032, -56.032, 52.162, 68.093, 35.174, 35.289, 7.377, 11.797, 0, 0, -12.75, -12.912, -12.75, -12.912, 1, 86.428, 86.428, 0.024, 0.136, -14.853, -15.045, -14.853, -15.045, 6.934, 7.377, 11.797, , , 1, 22.201, 0, 0.005, 12.4, 4.507, 196, 0, 0, 0, 57, 3.541, 3.413, 125.6, 20.645, 100, 0, 0, 35, 35, 7.521, 0.86, 102.24, 0, 0, 107.5, 87.166, 0, 0, 0, 0, 0, 14, 0.005, 12.4, 0, 4.507, 196, 0, 0, 0, 57, 1, 0.004, 0.003, 125.6, 20.645, 100, 0, 0, 141, 35, 35, 7.521, 0.86, 0, 102.24, 0, 0, 107.5, 87.166, 0, 0.2, 0, 0, 
22.15, 18.135, 100.3, 74.051, 74.84, , -2.434, 0.987, 1996.238, 1996.238, 4.506, -54.864, -54.864, -54.864, 52.218, 68.64, 35.138, 35.217, 7.378, 11.745, 0, 0, -12.468, -12.628, -12.468, -12.628, 1, 86.306, 86.306, 0.024, 0.136, -14.53, -14.717, -14.53, -14.717, 6.926, 7.378, 11.745, , , 1, 22.251, 0, 0.003, 12.4, 4.506, 196, 0, 0, 0, 57, 3.551, 3.41, 125.6, 20.492, 100, 0, 0, 35, 35, 7.314, 0.86, 102.343, 0, 0, 107.5, 86.975, 0, 0, 0, 0, 0, 14, 0.003, 12.4, 0, 4.506, 196, 0, 0, 0, 57, 1, 0.004, 0.003, 125.6, 20.492, 100, 0, 0, 141, 35, 35, 7.314, 0.86, 0, 102.343, 0, 0, 107.5, 86.975, 0, 0.2, 0, 0, 
22.2, 18.137, 100.3, 74.055, 74.84, , -2.389, 0.987, 2002.549, 2002.549, 4.505, -53.797, -53.797, -53.797, 52.265, 69.187, 35.102, 35.145, 7.379, 11.714, 0, 0, -12.21, -12.367, -12.21, -12.367, 1, 86.185, 86.185, 0.024, 0.136, -14.235, -14.419, -14.235, -14.419, 6.918, 7.379, 11.714, , , 1, 22.3, 0, 0.001, 12.4, 4.505, 196, 0, 0, 0, 57, 3.56, 3.407, 125.6, 20.34, 100, 0, 0, 35, 35, 7.107, 0.86, 102.446, 0, 0, 107.5, 86.783, 0, 0, 0, 0, 0, 14, 0.001, 12.4, 0, 4.505, 196, 0, 0, 0, 57, 1, 0.004, 0.003, 125.6, 20.34, 100, 0, 0, 141, 35, 35, 7.107, 0.86, 0, 102.446, 0, 0, 107.5, 86.783, 0, 0.2, 0, 0, 
22.25, 18.139, 100.3, 74.059, 74.84, , -2.265, 0.987, 2008.86, 2008.86, 4.502, -50.848, -50.848, -50.848, 52.298, 69.734, 35.066, 35.073, 7.381, 11.688, 0, 0, -11.524, -11.672, -11.524, -11.672, 1, 86.069, 86.069, 0.024, 0.137, -13.444, -13.618, -13.444, -13.618, 6.91, 7.381, 11.688, , , 1, 22.35, 0, 0, 12.4, 4.502, 196, 0, 0, 0, 57, 3.569, 3.409, 125.6, 20.282, 100, 0, 0, 35, 35, 7.061, 0.86, 102.5, 0, 0, 107.5, 86.644, 0, 0, 0, 0, 0, 14, 0, 12.406, 0, 4.502, 196, 0, 0, 0, 57, 1, 0.004, 0.003, 125.6, 20.282, 100, 0, 0, 141, 35, 35, 7.061, 0.86, 0, 102.5, 0, 0, 107.5, 86.644, 0, 0.2, 0, 0, 
22.3, 18.141, 100.3, 74.063, 74.84, , -2.135, 0.987, 2015.17, 2015.17, 4.496, -47.787, -47.787, -47.787, 52.316, 70.281, 34.971, 35.296, 7.382, 11.664, 0, 0, -10.815, -10.955, -10.815, -10.955, 1, 85.959, 85.959, 0.024, 0.137, -12.63, -12.793, -12.63, -12.793, 6.902, 7.382, 11.664, , , 1, 22.401, 0, 0, 12.4, 4.496, 196, 0, 0, 0, 57, 3.578, 3.418, 125.6, 20.329, 100, 0, 0, 35, 35, 7.187, 0.86, 102.5, 0, 0, 107.5, 86.565, 0, 0, 0, 0, 0, 14, 0, 12.419, 0, 4.496, 196, 0, 0, 0, 57, 1, 0.004, 0.003, 125.6, 20.329, 100, 0, 0, 141, 35, 35, 7.187, 0.86, 0, 102.5, 0, 0, 107.5, 86.565, 0, 0.2, 0, 0, 
22.35, 18.143, 100.3, 74.067, 74.84, , -2.097, 0.987, 2021.481, 2021.481, 4.491, -46.889, -46.889, -46.889, 52.326, 70.828, 34.863, 35.584, 7.384, 11.642, 0, 0, -10.599, -10.735, -10.599, -10.735, 1, 85.853, 85.853, 0.024, 0.137, -12.39, -12.55, -12.39, -12.55, 6.901, 7.384, 11.642, , , 1, 22.451, 0, 0, 12.4, 4.491, 196, 0, 0, 0, 57, 3.587, 3.427, 125.6, 20.376, 100, 0, 0, 35, 35, 7.313, 0.86, 102.5, 0, 0, 107.5, 86.486, 0, 0, 0, 0, 0, 14, 0, 12.431, 0, 4.491, 196, 0, 0, 0, 57, 1, 0.004, 0.003, 125.6, 20.376, 100, 0, 0, 141, 35, 35, 7.313, 0.86, 0, 102.5, 0, 0, 107.5, 86.486, 0, 0.2, 0, 0, 
22.4, 18.145, 100.3, 74.07, 74.84, , -2.081, 0.987, 2027.792, 2027.792, 4.486, -46.508, -46.508, -46.508, 52.329, 71.374, 34.755, 35.872, 7.384, 11.633, 0, 0, -10.502, -10.637, -10.502, -10.637, 1, 85.748, 85.748, 0.024, 0.138, -12.288, -12.447, -12.288, -12.447, 6.9, 7.384, 11.633, , , 1, 22.5, 0, 0, 12.4, 4.486, 196, 0, 0, 0, 57, 3.596, 3.436, 125.6, 20.423, 100, 0, 0, 35, 35, 7.439, 0.86, 102.5, 0, 0, 107.5, 86.408, 0, 0, 0, 0, 0, 14, 0, 12.444, 0, 4.486, 196, 0, 0, 0, 57, 1, 0.004, 0.003, 125.6, 20.423, 100, 0, 0, 141, 35, 35, 7.439, 0.86, 0, 102.5, 0, 0, 107.5, 86.408, 0, 0.2, 0, 0, 
22.45, 18.146, 100.301, 74.07, 74.84, , -1.975, 0.987, 2034.102, 2034.102, 4.481, -43.984, -43.984, -43.984, 52.324, 71.921, 34.647, 36.16, 7.384, 11.629, 0, 0, -9.922, -10.05, -9.922, -10.05, 1, 85.646, 85.646, 0.024, 0.138, -11.621, -11.773, -11.621, -11.773, 6.9, 7.384, 11.629, , , 1, 22.55, 0, 0.001, 12.411, 4.481, 196, 0, 0, 0, 57, 3.606, 3.449, 125.6, 20.485, 100, 0, 0, 35, 35, 7.554, 0.862, 102.473, 0, 0, 107.5, 86.337, 0, 0, 0, 0, 0, 14, 0.001, 12.455, 0, 4.481, 196, 0, 0, 0, 57, 1, 0.004, 0.003, 125.6, 20.485, 100, 0, 0, 141, 35, 35, 7.554, 0.862, 0, 102.473, 0, 0, 107.5, 86.337, 0, 0.2, 0, 0, 
22.5, 18.148, 100.301, 74.07, 74.84, , -1.831, 0.987, 2040.414, 2040.414, 4.475, -40.586, -40.586, -40.586, 52.314, 72.468, 34.539, 36.448, 7.383, 11.64, 0, 0, -9.145, -9.263, -9.145, -9.263, 1, 85.55, 85.55, 0.024, 0.138, -10.725, -10.866, -10.725, -10.866, 6.899, 7.383, 11.64, , , 1, 22.6, 0, 0.002, 12.432, 4.475, 196, 0, 0, 0, 57, 3.619, 3.465, 125.6, 20.562, 100, 0, 0, 35, 35, 7.658, 0.866, 102.421, 0, 0, 107.5, 86.272, 0, 0, 0, 0, 0, 14, 0.002, 12.466, 0, 4.475, 196, 0, 0, 0, 57, 1, 0.004, 0.003, 125.6, 20.562, 100, 0, 0, 141, 35, 35, 7.658, 0.866, 0, 102.421, 0, 0, 107.5, 86.272, 0, 0.2, 0, 0, 
22.55, 18.15, 100.301, 74.07, 74.84, , -1.767, 0.987, 2046.725, 2046.725, 4.47, -39.073, -39.073, -39.073, 52.303, 73.015, 34.607, 36.268, 7.382, 11.658, 0, 0, -8.794, -8.907, -8.794, -8.907, 1, 85.46, 85.46, 0.024, 0.138, -10.327, -10.463, -10.327, -10.463, 6.879, 7.382, 11.658, , , 1, 22.651, 0, 0.003, 12.452, 4.47, 196, 0, 0, 0, 57, 3.631, 3.482, 125.6, 20.639, 100, 0, 0, 35, 35, 7.762, 0.87, 102.369, 0, 0, 107.5, 86.208, 0, 0, 0, 0, 0, 14, 0.003, 12.476, 0, 4.47, 196, 0, 0, 0, 57, 1, 0.004, 0.003, 125.6, 20.639, 100, 0, 0, 141, 35, 35, 7.762, 0.87, 0, 102.369, 0, 0, 107.5, 86.208, 0, 0.2, 0, 0, 
22.6, 18.152, 100.302, 74.07, 74.84, , -1.832, 0.987, 2052.959, 2052.959, 4.464, -40.615, -40.615, -40.615, 52.294, 73.562, 34.713, 35.984, 7.381, 11.691, 0, 0, -9.128, -9.246, -9.128, -9.246, 1, 85.371, 85.371, 0.024, 0.138, -10.737, -10.878, -10.737, -10.878, 6.84, 7.381, 11.691, , , 1, 22.701, 0, 0.004, 12.473, 4.464, 196, 0, 0, 0, 57, 3.644, 3.498, 125.6, 20.716, 100, 0, 0, 35, 35, 7.867, 0.875, 102.317, 0, 0, 107.5, 86.144, 0, 0, 0, 0, 0, 14, 0.004, 12.487, 0, 4.464, 196, 0, 0, 0, 57, 1, 0.004, 0.003, 125.6, 20.716, 100, 0, 0, 141, 35, 35, 7.867, 0.875, 0, 102.317, 0, 0, 107.5, 86.144, 0, 0.2, 0, 0, 
22.65, 18.154, 100.302, 74.07, 74.84, , -1.979, 0.987, 2059.221, 2059.221, 4.459, -44.096, -44.096, -44.096, 52.292, 74.109, 34.82, 35.701, 7.38, 11.732, 0, 0, -9.897, -10.024, -9.897, -10.024, 1, 85.274, 85.274, 0.024, 0.138, -11.659, -11.811, -11.659, -11.811, 6.802, 7.38, 11.732, , , 1, 22.75, 0, 0.005, 12.494, 4.459, 196, 0, 0, 0, 57, 3.656, 3.515, 125.6, 20.793, 100, 0, 0, 35, 35, 7.971, 0.879, 102.266, 0, 0, 107.5, 86.079, 0, 0, 0, 0, 0, 14, 0.005, 12.497, 0, 4.459, 196, 0, 0, 0, 57, 1, 0.004, 0.003, 125.6, 20.793, 100, 0, 0, 141, 35, 35, 7.971, 0.879, 0, 102.266, 0, 0, 107.5, 86.079, 0, 0.2, 0, 0, 
22.7, 18.156, 100.302, 74.07, 74.84, , -2.278, 0.987, 2065.532, 2065.532, 4.451, -51.19, -51.19, -51.19, 52.292, 74.656, 34.926, 35.417, 7.38, 11.766, 0, 0, -11.473, -11.619, -11.473, -11.619, 1, 85.17, 85.17, 0.024, 0.138, -13.535, -13.71, -13.535, -13.71, 6.764, 7.38, 11.766, , , 1, 22.801, 0, 0.007, 12.493, 4.451, 196, 0, 0, 0, 56.634, 3.585, 3.45, 125.6, 20.566, 100, 0, 0, 35, 35, 7.775, 0.868, 101.811, 0, 0, 106.878, 85.924, 0, 0, 0, 0, 0, 14, 0.007, 12.492, 0, 4.451, 196, 0, 0, 0, 56.634, 1, 0.004, 0.004, 125.6, 20.565, 100, 0, 0, 141, 35, 35, 7.775, 0.868, 0, 101.811, 0, 0, 106.878, 85.924, 0, 0.2, 0, 0, 
22.75, 18.158, 100.303, 74.07, 74.84, , -2.792, 0.987, 2071.763, 2071.763, 4.442, -63.384, -63.384, -63.384, 52.288, 75.203, 35.032, 35.134, 7.38, 11.796, 0, 0, -14.183, -14.363, -14.183, -14.363, 1, 85.044, 85.044, 0.024, 0.138, -16.762, -16.977, -16.762, -16.977, 6.73, 7.38, 11.796, , , 1, 22.851, 0, 0.01, 12.482, 4.442, 196, 0, 0, 0, 56.111, 3.477, 3.349, 125.6, 20.22, 100, 0, 0, 35, 35, 7.462, 0.852, 101.183, 0, 0, 105.988, 85.729, 0, 0, 0, 0, 0, 14, 0.01, 12.482, 0, 4.442, 196, 0, 0, 0, 56.111, 1, 0.004, 0.004, 125.6, 20.218, 100, 0, 0, 141, 35, 35, 7.462, 0.852, 0, 101.183, 0, 0, 105.988, 85.729, 0, 0.2, 0, 0, 
22.8, 18.16, 100.303, 74.07, 74.84, , -3.326, 0.987, 2078.027, 2078.027, 4.434, -76.071, -76.071, -76.071, 52.284, 75.75, 35.087, 35.656, 7.38, 11.821, 0, 0, -16.99, -17.207, -16.99, -17.207, 1, 84.889, 84.889, 0.024, 0.138, -20.119, -20.378, -20.119, -20.378, 6.701, 7.38, 11.821, , , 1, 22.9, 0, 0.013, 12.472, 4.434, 196, 0, 0, 0, 55.588, 3.369, 3.249, 125.6, 19.874, 100, 0, 0, 35, 35, 7.15, 0.835, 100.555, 0, 0, 105.099, 85.535, 0, 0, 0, 0, 0, 14, 0.013, 12.472, 0, 4.434, 196, 0, 0, 0, 55.588, 1, 0.004, 0.004, 125.6, 19.87, 100, 0, 0, 141, 35, 35, 7.15, 0.835, 0, 100.555, 0, 0, 105.099, 85.535, 0, 0.2, 0, 0, 
22.85, 18.16, 100.304, 74.07, 74.84, , -3.733, 0.987, 2084.212, 2084.212, 4.425, -85.719, -85.719, -85.719, 52.277, 76.297, 35.124, 36.46, 7.379, 11.843, 0, 0, -19.108, -19.351, -19.108, -19.351, 1, 84.712, 84.712, 0.024, 0.137, -22.674, -22.966, -22.674, -22.966, 6.672, 7.379, 11.843, , , 1, 22.951, 0, 0.017, 12.461, 4.425, 196, 0, 0, 0, 55.065, 3.261, 3.148, 125.6, 19.528, 100, 0, 0, 35, 35, 6.838, 0.818, 99.928, 0, 0, 104.21, 85.34, 0, 0, 0, 0, 0, 14, 0.017, 12.461, 0, 4.425, 196, 0, 0, 0, 55.065, 1, 0.004, 0.004, 125.6, 19.523, 100, 0, 0, 141, 35, 35, 6.838, 0.818, 0, 99.928, 0, 0, 104.21, 85.34, 0, 0.2, 0, 0, 
22.9, 18.16, 100.304, 74.07, 74.84, , -4.101, 0.987, 2090.522, 2090.522, 4.417, -94.46, -94.46, -94.46, 52.266, 76.844, 35.16, 37.265, 7.379, 11.918, 0, 0, -21.01, -21.279, -21.01, -21.279, 1, 84.516, 84.516, 0.024, 0.137, -24.991, -25.312, -24.991, -25.312, 6.643, 7.379, 11.918, , , 1, 23.001, 0, 0.02, 12.451, 4.417, 196, 0, 0, 0, 54.542, 3.154, 3.048, 125.6, 19.183, 100, 0, 0, 35, 35, 6.525, 0.801, 99.3, 0, 0, 103.321, 85.146, 0, 0, 0, 0, 0, 14, 0.02, 12.451, 0, 4.417, 196, 0, 0, 0, 54.542, 1, 0.004, 0.004, 125.6, 19.176, 100, 0, 0, 141, 35, 35, 6.525, 0.801, 0, 99.3, 0, 0, 103.321, 85.146, 0, 0.2, 0, 0, 
22.95, 18.16, 100.304, 74.07, 74.84, , -4.429, 0.987, 2096.71, 2096.71, 4.406, -102.258, -102.258, -102.258, 52.256, 77.391, 35.197, 38.07, 7.379, 12.025, 0, 0, -22.693, -22.984, -22.693, -22.984, 1, 84.299, 84.299, 0.024, 0.137, -27.058, -27.406, -27.058, -27.406, 6.624, 7.379, 12.025, , , 1, 23.05, 0, 0.021, 12.45, 4.406, 196, 0, 0, 0, 53.4, 3.003, 2.882, 125.6, 18.639, 100, 0, 0, 35, 35, 5.8, 0.767, 98.2, 0, 0, 102, 84.881, 0, 0, 0, 0, 0, 14, 0.021, 12.45, 0, 4.406, 196, 0, 0, 0, 53.4, 1, 0.003, 0.003, 125.6, 18.63, 100, 0, 0, 141, 35, 35, 5.8, 0.767, 0, 98.2, 0, 0, 102, 84.881, 0, 0.19, 0, 0, 
23, 18.16, 100.305, 74.07, 74.84, , -4.601, 0.987, 2102.892, 2102.892, 4.394, -106.337, -106.337, -106.337, 52.258, 77.938, 35.233, 38.875, 7.379, 12.295, 0, 0, -23.534, -23.836, -23.534, -23.836, 1, 84.071, 84.071, 0.024, 0.137, -28.135, -28.498, -28.135, -28.498, 6.625, 7.379, 12.295, , , 1, 23.101, 0, 0.022, 12.45, 4.394, 196, 0, 0, 0, 52.204, 2.849, 2.71, 125.6, 18.078, 100, 0, 0, 35, 35, 5.039, 0.731, 97.059, 0, 0, 100.641, 84.61, 0, 0, 0, 0, 0, 14, 0.022, 12.45, 0, 4.394, 196, 0, 0, 0, 52.204, 1, 0.003, 0.003, 125.6, 18.072, 100, 0, 0, 141, 35, 35, 5.039, 0.731, 0, 97.059, 0, 0, 100.641, 84.61, 0, 0.179, 0, 0, 
23.05, 18.16, 100.305, 74.07, 74.84, , -4.716, 0.987, 2109.122, 2109.122, 4.383, -109.085, -109.085, -109.085, 52.272, 78.485, 35.417, 38.489, 7.379, 12.673, 0, 0, -24.074, -24.381, -24.074, -24.381, 1, 83.838, 83.838, 0.024, 0.137, -28.854, -29.226, -28.854, -29.226, 6.626, 7.379, 12.673, , , 1, 23.151, 0, 0.023, 12.45, 4.383, 196, 0, 0, 0, 51.009, 2.694, 2.539, 125.6, 17.517, 100, 0, 0, 35, 35, 4.278, 0.695, 95.917, 0, 0, 99.283, 84.34, 0, 0, 0, 0, 0, 14, 0.023, 12.45, 0, 4.383, 196, 0, 0, 0, 51.009, 1, 0.003, 0.003, 125.6, 17.513, 100, 0, 0, 141, 35, 35, 4.278, 0.695, 0, 95.917, 0, 0, 99.283, 84.34, 0, 0.168, 0, 0, 
23.1, 18.16, 100.305, 74.07, 74.84, , -4.845, 0.987, 2115.267, 2115.267, 4.372, -112.148, -112.148, -112.148, 52.297, 79.032, 35.633, 37.841, 7.379, 13.326, 0, 0, -24.681, -24.996, -24.681, -24.996, 1, 83.599, 83.599, 0.024, 0.137, -29.651, -30.032, -29.651, -30.032, 6.627, 7.379, 13.326, , , 1, 23.201, 0, 0.024, 12.45, 4.372, 196, 0, 0, 0, 49.813, 2.54, 2.367, 125.6, 16.956, 100, 0, 0, 35, 35, 3.517, 0.659, 94.776, 0, 0, 97.924, 84.069, 0, 0, 0, 0, 0, 14, 0.024, 12.45, 0, 4.372, 196, 0, 0, 0, 49.813, 1, 0.003, 0.003, 125.6, 16.955, 100, 0, 0, 141, 35, 35, 3.517, 0.659, 0, 94.776, 0, 0, 97.924, 84.069, 0, 0.157, 0, 0, 
23.15, 18.16, 100.306, 74.07, 74.84, , -4.914, 0.987, 2121.412, 2121.412, 4.361, -113.781, -113.781, -113.781, 52.331, 76.41, 35.849, 37.193, 7.38, 14.18, 0, 0, -24.967, -25.287, -24.967, -25.287, 1, 83.354, 83.354, 0.024, 0.137, -30.063, -30.451, -30.063, -30.451, 6.628, 7.38, 14.18, , , 1, 23.251, 0, 0.024, 12.453, 4.361, 196, 0, 0, 0, 48.8, 2.349, 2.166, 125.6, 16.489, 100, 0, 0, 35, 35, 2.833, 0.629, 93.85, 0, 0, 96.85, 83.823, 0, 0, 0, 0, 0, 14.003, 0.024, 12.453, 0, 4.361, 196, 0, 0, 0, 48.8, 1, 0.002, 0.002, 125.6, 16.489, 100, 0, 0, 141, 35, 35, 2.833, 0.629, 0, 93.85, 0, 0, 96.85, 83.823, 0, 0.147, 0, 0, 
23.2, 18.16, 100.306, 74.07, 74.84, , -4.993, 0.987, 2127.556, 2127.556, 4.35, -115.668, -115.668, -115.668, 52.365, 73.093, 36.065, 36.545, 7.38, 15.248, 0, 0, -25.308, -25.633, -25.308, -25.633, 1, 83.105, 83.105, 0.024, 0.137, -30.542, -30.936, -30.542, -30.936, 6.62, 7.38, 15.248, , , 1, 23.301, 0, 0.021, 12.464, 4.35, 196, 0, 0, 0, 48.175, 2.079, 1.904, 125.6, 16.22, 100, 0, 0, 35, 35, 2.312, 0.609, 93.381, 0, 0, 96.381, 83.628, 0, 0, 0, 0, 0, 14.014, 0.021, 12.464, 0, 4.35, 196, 0, 0, 0, 48.175, 1, 0.002, 0.002, 125.6, 16.22, 100, 0, 0, 141, 35, 35, 2.312, 0.609, 0, 93.381, 0, 0, 96.381, 83.628, 0, 0.136, 0, 0, 
23.25, 18.16, 100.307, 74.07, 74.84, , -4.884, 0.987, 2133.7, 2133.7, 4.339, -113.095, -113.095, -113.095, 52.392, 69.776, 36.281, 35.897, 7.379, 16.485, 0, 0, -24.676, -24.994, -24.676, -24.994, 1, 82.853, 82.853, 0.024, 0.137, -29.848, -30.232, -29.848, -30.232, 6.613, 7.379, 16.485, , , 1, 23.351, 0, 0.018, 12.474, 4.339, 196, 0, 0, 0, 47.55, 1.809, 1.641, 125.6, 15.952, 100, 0, 0, 35, 35, 1.792, 0.589, 92.912, 0, 0, 95.912, 83.433, 0, 0, 0, 0, 0, 14.024, 0.018, 12.474, 0, 4.339, 196, 0, 0, 0, 47.55, 1, 0.002, 0.002, 125.6, 15.952, 100, 0, 0, 141, 35, 35, 1.792, 0.589, 0, 92.912, 0, 0, 95.912, 83.433, 0, 0.126, 0, 0, 
23.3, 18.16, 100.307, 74.07, 74.84, , -4.572, 0.987, 2139.82, 2139.82, 4.328, -105.708, -105.708, -105.708, 52.404, 66.458, 36.172, 35.544, 7.379, 17.739, 0, 0, -23.004, -23.302, -23.004, -23.302, 1, 82.613, 82.613, 0.024, 0.137, -27.891, -28.25, -27.891, -28.25, 6.606, 7.379, 17.739, , , 1, 23.4, 0, 0.015, 12.485, 4.328, 196, 0, 0, 0, 46.925, 1.539, 1.379, 125.6, 15.683, 100, 0, 0, 35, 35, 1.271, 0.569, 92.444, 0, 0, 95.444, 83.238, 0, 0, 0, 0, 0, 14.035, 0.015, 12.485, 0, 4.328, 196, 0, 0, 0, 46.925, 1, 0.001, 0.001, 125.6, 15.683, 100, 0, 0, 141, 35, 35, 1.271, 0.569, 0, 92.444, 0, 0, 95.444, 83.238, 0, 0.115, 0, 0, 
23.35, 18.16, 100.307, 74.07, 74.84, , -4.518, 0.987, 2145.867, 2145.867, 4.317, -104.418, -104.418, -104.418, 52.404, 63.141, 35.992, 35.256, 7.378, 19.007, 0, 0, -22.656, -22.95, -22.656, -22.95, 1, 82.387, 82.387, 0.024, 0.138, -27.551, -27.905, -27.551, -27.905, 6.599, 7.378, 19.007, , , 1, 23.451, 0, 0.011, 12.495, 4.317, 196, 0, 0, 0, 46.3, 1.269, 1.116, 125.6, 15.414, 100, 0, 0, 35, 35, 0.75, 0.549, 91.975, 0, 0, 94.975, 83.044, 0, 0, 0, 0, 0, 14.045, 0.011, 12.495, 0, 4.317, 196, 0, 0, 0, 46.3, 1, 0.001, 0.001, 125.6, 15.414, 100, 0, 0, 141, 35, 35, 0.75, 0.549, 0, 91.975, 0, 0, 94.975, 83.044, 0, 0.105, 0, 0, 
23.4, 18.16, 100.308, 74.07, 74.84, , -4.552, 0.987, 2151.914, 2151.914, 4.306, -105.239, -105.239, -105.239, 52.398, 59.824, 35.812, 34.968, 7.378, 20.082, 0, 0, -22.763, -23.058, -22.763, -23.058, 1, 82.157, 82.157, 0.024, 0.138, -27.771, -28.128, -27.771, -28.128, 6.632, 7.378, 20.082, , , 1, 23.501, 0, 0.009, 12.5, 4.306, 196, 0, 0, 0, 46, 1.011, 0.878, 125.6, 15.16, 100, 0, 0, 35, 35, 0.443, 0.54, 91.722, 0, 0, 94.722, 82.81, 0, 0, 0, 0, 0, 14.056, 0.009, 12.5, 0, 4.306, 196, 0, 0, 0, 46, 1, 0.001, 0.001, 125.6, 15.159, 100, 0, 0, 141, 35, 35, 0.443, 0.54, 0, 91.722, 0, 0, 94.722, 82.81, 0, 0.1, 0, 0, 
23.45, 18.16, 100.308, 74.07, 74.84, , -4.574, 0.987, 2158.021, 2158.021, 4.293, -105.757, -105.757, -105.757, 52.392, 56.507, 35.632, 34.68, 7.377, 20.962, 0, 0, -22.804, -23.099, -22.804, -23.099, 1, 81.928, 81.928, 0.024, 0.138, -27.911, -28.269, -27.911, -28.269, 6.672, 7.377, 20.962, , , 1, 23.55, 0, 0.007, 12.5, 4.293, 196, 0, 0, 0, 46, 0.763, 0.663, 125.6, 14.918, 100, 0, 0, 35, 35, 0.335, 0.54, 91.667, 0, 0, 94.667, 82.54, 0, 0, 0, 0, 0, 14.067, 0.007, 12.5, 0, 4.293, 196, 0, 0, 0, 46, 1, 0.001, 0.001, 125.6, 14.917, 100, 0, 0, 141, 35, 35, 0.335, 0.54, 0, 91.667, 0, 0, 94.667, 82.54, 0, 0.1, 0, 0, 
23.5, 18.16, 100.309, 74.07, 74.84, , -4.641, 0.987, 2164.009, 2164.009, 4.28, -107.359, -107.359, -107.359, 52.389, 53.19, 35.452, 34.392, 7.377, 21.61, 0, 0, -23.081, -23.378, -23.081, -23.378, 1, 81.698, 81.698, 0.024, 0.138, -28.334, -28.699, -28.334, -28.699, 6.712, 7.377, 21.61, , , 1, 23.601, 0, 0.005, 12.5, 4.28, 196, 0, 0, 0, 46, 0.515, 0.448, 125.6, 14.677, 100, 0, 0, 35, 35, 0.226, 0.54, 91.613, 0, 0, 94.613, 82.271, 0, 0, 0, 0, 0, 14.077, 0.005, 12.5, 0, 4.28, 196, 0, 0, 0, 46, 1, 0, 0, 125.6, 14.674, 100, 0, 0, 141, 35, 35, 0.226, 0.54, 0, 91.613, 0, 0, 94.613, 82.271, 0, 0.1, 0, 0, 
23.55, 18.16, 100.309, 74.07, 74.84, , -4.907, 0.987, 2170.078, 2170.078, 4.268, -113.683, -113.683, -113.683, 52.393, 49.873, 35.406, 34.593, 7.377, 22.008, 0, 0, -24.376, -24.689, -24.376, -24.689, 1, 81.461, 81.461, 0.024, 0.138, -30.001, -30.388, -30.001, -30.388, 6.752, 7.377, 22.008, , , 1, 23.651, 0, 0.002, 12.5, 4.268, 196, 0, 0, 0, 46, 0.268, 0.232, 125.6, 14.436, 100, 0, 0, 35, 35, 0.117, 0.54, 91.559, 0, 0, 94.559, 82.001, 0, 0, 0, 0, 0, 14.088, 0.002, 12.5, 0, 4.268, 196, 0, 0, 0, 46, 1, 0, 0, 125.6, 14.432, 100, 0, 0, 141, 35, 35, 0.117, 0.54, 0, 91.559, 0, 0, 94.559, 82.001, 0, 0.1, 0, 0, 
23.6, 18.16, 100.309, 74.07, 74.84, , -5.06, 0.987, 2176.104, 2176.104, 4.256, -117.32, -117.32, -117.32, 52.407, 46.555, 35.389, 34.901, 7.377, 22.261, 0, 0, -25.085, -25.408, -25.085, -25.408, 1, 81.21, 81.21, 0.024, 0.138, -30.953, -31.353, -30.953, -31.353, 6.796, 7.377, 22.261, , , 1, 23.7, 0, 0, 12.5, 4.256, 196, 0, 0, 0, 46, 0.02, 0.017, 125.6, 14.194, 100, 0, 0, 35, 35, 0.009, 0.54, 91.504, 0, 0, 94.504, 81.732, 0, 0, 0, 0, 0, 14.099, 0, 12.5, 0, 4.256, 196, 0, 0, 0, 46, 1, 0, 0, 125.6, 14.19, 100, 0, 0, 141, 35, 35, 0.009, 0.54, 0, 91.504, 0, 0, 94.504, 81.732, 0, 0.1, 0, 0, 
23.65, 18.16, 100.31, 74.07, 74.84, , -5.049, 0.987, 2182.091, 2182.091, 4.243, -117.059, -117.059, -117.059, 52.423, 53.572, 35.372, 35.209, 7.377, 22.344, 0, 0, -24.951, -25.272, -24.951, -25.272, 1, 80.955, 80.955, 0.024, 0.138, -30.875, -31.274, -30.875, -31.274, 6.84, 7.377, 22.344, , , 1, 23.751, 0, 0, 12.5, 4.243, 196, 0, 0, 0, 46, 0, 0, 125.6, 14.033, 100, 0, 0, 32.796, 32.796, 0, 0.542, 91.452, 0, 0, 94.452, 81.413, 0, 0, 0, 0, 0, 14.1, 0, 12.5, 0, 4.243, 196, 0, 0, 0, 46, 1, 0, 0, 125.6, 14.03, 100, 0, 0, 141, 32.796, 32.796, 0, 0.542, 0, 91.452, 0, 0, 94.452, 81.413, 0, 0.1, 0, 0, 
23.7, 18.16, 100.31, 74.07, 74.84, , -5.006, 0.987, 2188.015, 2188.015, 4.231, -116.047, -116.047, -116.047, 52.435, 57.284, 35.355, 35.517, 7.377, 22.39, 0, 0, -24.658, -24.974, -24.658, -24.974, 1, 80.701, 80.701, 0.024, 0.137, -30.602, -30.997, -30.602, -30.997, 6.884, 7.377, 22.39, , , 1, 23.801, 0, 0, 12.5, 4.231, 196, 0, 0, 0, 46, 0, 0, 125.6, 13.878, 100, 0, 0, 30.4, 30.4, 0, 0.544, 91.4, 0, 0, 94.4, 81.09, 0, 0, 0, 0, 0, 14.1, 0, 12.5, 0, 4.231, 196, 0, 0, 0, 46, 1, 0, 0, 125.6, 13.876, 100, 0, 0, 141, 30.4, 30.4, 0, 0.544, 0, 91.4, 0, 0, 94.4, 81.09, 0, 0.1, 0, 0, 
23.75, 18.16, 100.31, 74.07, 74.84, , -4.992, 0.987, 2193.945, 2193.945, 4.219, -115.716, -115.716, -115.716, 52.445, 58.837, 35.338, 35.824, 7.377, 22.39, 0, 0, -24.511, -24.825, -24.511, -24.825, 1, 80.448, 80.448, 0.024, 0.137, -30.51, -30.904, -30.51, -30.904, 6.928, 7.377, 22.39, , , 1, 23.852, 0, 0, 12.5, 4.219, 196, 0, 0, 0, 46, 0, 0, 125.6, 13.723, 100, 0, 0, 28.004, 28.004, 0, 0.546, 91.348, 0, 0, 94.348, 80.767, 0, 0, 0, 0, 0, 14.1, 0, 12.5, 0, 4.219, 196, 0, 0, 0, 46, 1, 0, 0, 125.6, 13.722, 100, 0, 0, 141, 28.004, 28.004, 0, 0.546, 0, 91.348, 0, 0, 94.348, 80.767, 0, 0.1, 0, 0, 
23.8, 18.16, 100.309, 74.07, 74.84, , -4.996, 0.987, 2199.924, 2199.924, 4.207, -115.818, -115.818, -115.818, 52.451, 58.796, 35.298, 35.939, 7.377, 22.39, 0, 0, -24.454, -24.77, -24.454, -24.77, 1, 80.197, 80.197, 0.024, 0.137, -30.533, -30.926, -30.533, -30.926, 6.946, 7.377, 22.39, , , 1, 23.901, 0, 0, 12.5, 4.207, 196, 0, 0, 0, 46, 0, 0, 125.6, 13.568, 100, 0, 0, 25.608, 25.608, 0, 0.548, 91.296, 0, 0, 94.296, 80.444, 0, 0, 0, 0, 0, 14.1, 0, 12.5, 0, 4.207, 196, 0, 0, 0, 46, 1, 0, 0, 125.6, 13.568, 100, 0, 0, 141, 25.608, 25.608, 0, 0.548, 0, 91.296, 0, 0, 94.296, 80.444, 0, 0.1, 0, 0, 
23.85, 18.16, 100.309, 74.07, 74.84, , -4.993, 0.987, 2205.8, 2205.8, 4.195, -115.767, -115.767, -115.767, 52.456, 58.896, 35.241, 35.901, 7.377, 22.39, 0, 0, -24.368, -24.681, -24.368, -24.681, 1, 79.946, 79.946, 0.024, 0.137, -30.516, -30.91, -30.516, -30.91, 6.945, 7.377, 22.39, , , 1, 23.951, 0, 0, 12.5, 4.195, 196, 0, 0, 0, 46, 0, 0, 125.6, 13.429, 100, 0, 0, 23.2, 23.2, 0, 0.55, 91.243, 0, 0, 94.243, 80.144, 0, 0, 0, 0, 0, 14.098, 0, 12.5, 0, 4.195, 196, 0, 0, 0, 46, 1, 0, 0, 125.6, 13.429, 100, 0, 0, 141, 23.2, 23.2, 0, 0.55, 0, 91.243, 0, 0, 94.243, 80.144, 0, 0.1, 0, 0, 
23.9, 18.16, 100.308, 74.07, 74.84, , -4.984, 0.987, 2211.715, 2211.715, 4.182, -115.565, -115.565, -115.565, 52.462, 58.997, 35.184, 35.863, 7.377, 22.39, 0, 0, -24.248, -24.56, -24.248, -24.56, 1, 79.691, 79.691, 0.024, 0.137, -30.459, -30.853, -30.459, -30.853, 6.944, 7.377, 22.39, , , 1, 24.001, 0, 0, 12.5, 4.182, 196, 0, 0, 0, 46, 0, 0, 125.6, 13.389, 100, 0, 0, 20.7, 20.7, 0, 0.55, 91.189, 0, 0, 94.189, 80.009, 0, 0, 0, 0, 0, 14.088, 0, 12.5, 0, 4.182, 196, 0, 0, 0, 46, 1, 0, 0, 125.6, 13.389, 100, 0, 0, 141, 20.7, 20.7, 0, 0.55, 0, 91.189, 0, 0, 94.189, 80.009, 0, 0.1, 0, 0, 
23.95, 18.16, 100.308, 74.07, 74.84, , -4.986, 0.987, 2217.553, 2217.553, 4.17, -115.605, -115.605, -115.605, 52.47, 59.097, 35.127, 35.825, 7.377, 22.39, 0, 0, -24.179, -24.491, -24.179, -24.491, 1, 79.477, 79.477, 0.024, 0.137, -30.464, -30.858, -30.464, -30.858, 6.942, 7.377, 22.39, , , 1, 24.051, 0, 0, 12.5, 4.17, 196, 0, 0, 0, 46, 0, 0, 125.6, 13.349, 100, 0, 0, 18.2, 18.2, 0, 0.55, 91.135, 0, 0, 94.135, 79.874, 0, 0, 0, 0, 0, 14.077, 0, 12.5, 0, 4.17, 196, 0, 0, 0, 46, 1, 0, 0, 125.6, 13.349, 100, 0, 0, 141, 18.2, 18.2, 0, 0.55, 0, 91.135, 0, 0, 94.135, 79.874, 0, 0.1, 0, 0, 
24, 18.16, 100.308, 74.07, 74.84, , -4.978, 0.987, 2221.056, 2221.056, 4.157, -115.425, -115.425, -115.425, 52.477, 59.197, 35.07, 35.787, 7.377, 22.39, 0, 0, -24.095, -24.407, -24.095, -24.407, 1, 79.292, 79.292, 0.024, 0.137, -30.414, -30.808, -30.414, -30.808, 6.935, 7.377, 22.39, , , 1, 24.101, 0, 0, 12.5, 4.157, 196, 0, 0, 0, 46, 0, 0, 125.6, 13.309, 100, 0, 0, 15.7, 15.7, 0, 0.55, 91.08, 0, 0, 94.08, 79.739, 0, 0, 0, 0, 0, 14.066, 0, 12.5, 0, 4.157, 196, 0, 0, 0, 46, 1, 0, 0, 125.6, 13.309, 100, 0, 0, 141, 15.7, 15.7, 0, 0.55, 0, 91.08, 0, 0, 94.08, 79.739, 0, 0.1, 0, 0, 
24.05, 18.16, 100.307, 74.07, 74.84, , -4.963, 0.987, 2226.892, 2226.892, 4.145, -115.078, -115.078, -115.078, 52.488, 59.297, 34.971, 35.898, 7.378, 22.39, 0, 0, -23.949, -24.258, -23.949, -24.258, 1, 79.042, 79.042, 0.024, 0.137, -30.317, -30.708, -30.317, -30.708, 6.916, 7.378, 22.39, , , 1, 24.151, 0, 0, 12.5, 4.145, 196, 0, 0, 0, 46, 0, 0, 125.6, 13.269, 100, 0, 0, 13.2, 13.2, 0, 0.55, 91.026, 0, 0, 94.026, 79.605, 0, 0, 0, 0, 0, 14.055, 0, 12.5, 0, 4.145, 196, 0, 0, 0, 46, 1, 0, 0, 125.6, 13.269, 100, 0, 0, 141, 13.2, 13.2, 0, 0.55, 0, 91.026, 0, 0, 94.026, 79.605, 0, 0.1, 0, 0, 
24.1, 18.16, 100.307, 74.07, 74.84, , -4.956, 0.987, 2232.73, 2232.73, 4.135, -114.916, -114.916, -114.916, 52.503, 59.398, 34.863, 36.042, 7.378, 22.39, 0, 0, -23.841, -24.146, -23.841, -24.146, 1, 78.792, 78.792, 0.024, 0.137, -30.266, -30.656, -30.266, -30.656, 6.897, 7.378, 22.39, , , 1, 24.2, 0, 0, 12.5, 4.135, 196, 0, 0, 0, 46, 0, 0, 125.6, 13.25, 100, 0, 0, 12, 12, 0, 0.55, 91, 0, 0, 94, 79.473, 0, 0, 0, 0, 0, 14.045, 0, 12.5, 0, 4.135, 196, 0, 0, 0, 46, 1, 0, 0, 125.6, 13.25, 100, 0, 0, 141, 12, 12, 0, 0.55, 0, 91, 0, 0, 94, 79.473, 0, 0.1, 0, 0, 
24.15, 18.161, 100.307, 74.07, 74.841, , -4.946, 0.987, 2238.568, 2238.568, 4.129, -114.687, -114.687, -114.687, 52.518, 59.498, 34.755, 36.186, 7.379, 22.39, 0, 0, -23.717, -24.022, -23.717, -24.022, 1, 78.54, 78.54, 0.024, 0.137, -30.198, -30.587, -30.198, -30.587, 6.878, 7.379, 22.39, , , 1, 24.25, 0, 0, 12.5, 4.129, 196, 0, 0, 0, 46, 0, 0, 125.6, 13.25, 100, 0, 0, 12, 12, 0, 0.55, 91, 0, 0, 94, 79.343, 0, 0, 0, 0, 0, 14.034, 0, 12.5, 0, 4.129, 196, 0, 0, 0, 46, 1, 0, 0, 125.6, 13.25, 100, 0, 0, 141, 12, 12, 0, 0.55, 0, 91, 0, 0, 94, 79.343, 0, 0.1, 0, 0, 
24.2, 18.161, 100.306, 74.07, 74.841, , -4.931, 0.987, 2244.393, 2244.393, 4.124, -114.339, -114.339, -114.339, 52.533, 59.598, 34.647, 36.33, 7.379, 22.39, 0, 0, -23.571, -23.873, -23.571, -23.873, 1, 78.293, 78.293, 0.024, 0.137, -30.099, -30.485, -30.099, -30.485, 6.863, 7.379, 22.39, , , 1, 24.3, 0, 0, 12.5, 4.124, 196, 0, 0, 0, 46, 0, 0, 125.6, 13.25, 100, 0, 0, 12, 12, 0, 0.55, 91, 0, 0, 94, 79.213, 0, 0, 0, 0, 0, 14.024, 0, 12.5, 0, 4.124, 196, 0, 0, 0, 46, 1, 0, 0, 125.6, 13.25, 100, 0, 0, 141, 12, 12, 0, 0.55, 0, 91, 0, 0, 94, 79.213, 0, 0.1, 0, 0, 
24.25, 18.162, 100.306, 74.07, 74.842, , -4.921, 0.987, 2250.088, 2250.088, 4.118, -114.109, -114.109, -114.109, 52.548, 59.698, 34.539, 36.474, 7.38, 22.39, 0, 0, -23.45, -23.751, -23.45, -23.751, 1, 78.045, 78.045, 0.024, 0.138, -30.029, -30.414, -30.029, -30.414, 6.854, 7.38, 22.39, , , 1, 24.351, 0, 0, 12.5, 4.118, 196, 0, 0, 0, 46, 0, 0, 125.6, 13.25, 100, 0, 0, 12, 12, 0, 0.55, 91, 0, 0, 94, 79.084, 0, 0, 0, 0, 0, 14.013, 0, 12.5, 0, 4.118, 196, 0, 0, 0, 46, 1, 0, 0, 125.6, 13.25, 100, 0, 0, 141, 12, 12, 0, 0.55, 0, 91, 0, 0, 94, 79.084, 0, 0.1, 0, 0, 
24.3, 18.163, 100.305, 74.07, 74.843, , -4.916, 0.987, 2255.846, 2255.846, 4.112, -113.987, -113.987, -113.987, 52.562, 59.798, 34.697, 36.264, 7.38, 22.39, 0, 0, -23.35, -23.65, -23.35, -23.65, 1, 77.8, 77.8, 0.024, 0.138, -29.987, -30.373, -29.987, -30.373, 6.844, 7.38, 22.39, , , 1, 24.401, 0, 0, 12.5, 4.112, 196, 0, 0, 0, 46, 0, 0, 125.6, 13.25, 100, 0, 0, 12, 12, 0, 0.55, 91, 0, 0, 94, 78.954, 0, 0, 0, 0, 0, 14.003, 0, 12.5, 0, 4.112, 196, 0, 0, 0, 46, 1, 0, 0, 125.6, 13.25, 100, 0, 0, 141, 12, 12, 0, 0.55, 0, 91, 0, 0, 94, 78.954, 0, 0.1, 0, 0, 
24.35, 18.164, 100.305, 74.07, 74.844, , -4.904, 0.987, 2261.592, 2261.592, 4.102, -113.727, -113.727, -113.727, 52.579, 59.899, 34.913, 35.976, 7.38, 22.39, 0, 0, -23.221, -23.521, -23.221, -23.521, 1, 77.553, 77.553, 0.024, 0.138, -29.909, -30.295, -29.909, -30.295, 6.835, 7.38, 22.39, , , 1, 24.451, 0, 0, 12.5, 4.102, 196, 0, 0, 0, 46, 0, 0, 125.6, 13.25, 100, 0, 0, 12, 12, 0, 0.55, 90.937, 0, 0, 93.937, 78.757, 0, 0, 0, 0, 0, 14, 0, 12.5, 0, 4.102, 196, 0, 0, 0, 46, 1, 0, 0, 125.6, 13.25, 100, 0, 0, 141, 12, 12, 0, 0.55, 0, 90.937, 0, 0, 93.937, 78.757, 0, 0.1, 0, 0, 
24.4, 18.164, 100.305, 74.07, 74.844, , -4.9, 0.987, 2267.286, 2267.286, 4.09, -113.642, -113.642, -113.642, 52.592, 59.999, 35.129, 35.688, 7.38, 22.39, 0, 0, -23.13, -23.428, -23.13, -23.428, 1, 77.303, 77.303, 0.024, 0.138, -29.88, -30.263, -29.88, -30.263, 6.825, 7.38, 22.39, , , 1, 24.501, 0, 0, 12.5, 4.09, 196, 0, 0, 0, 46, 0, 0, 125.6, 13.25, 100, 0, 0, 12, 12, 0, 0.55, 90.843, 0, 0, 93.843, 78.525, 0, 0, 0, 0, 0, 14, 0, 12.5, 0, 4.09, 196, 0, 0, 0, 46, 1, 0, 0, 125.6, 13.25, 100, 0, 0, 141, 12, 12, 0, 0.55, 0, 90.843, 0, 0, 93.843, 78.525, 0, 0.1, 0, 0, 
24.45, 18.165, 100.304, 74.07, 74.845, , -4.893, 0.987, 2272.982, 2272.982, 4.078, -113.467, -113.467, -113.467, 52.597, 60.099, 35.345, 35.4, 7.38, 22.39, 0, 0, -23.02, -23.318, -23.02, -23.318, 1, 77.057, 77.057, 0.024, 0.138, -29.831, -30.213, -29.831, -30.213, 6.808, 7.38, 22.39, , , 1, 24.55, 0, 0, 12.5, 4.078, 196, 0, 0, 0, 46, 0, 0, 125.6, 13.25, 100, 0, 0, 12, 12, 0, 0.55, 90.75, 0, 0, 93.75, 78.292, 0, 0, 0, 0, 0, 14, 0, 12.5, 0, 4.078, 196, 0, 0, 0, 46, 1, 0, 0, 125.6, 13.25, 100, 0, 0, 141, 12, 12, 0, 0.55, 0, 90.75, 0, 0, 93.75, 78.292, 0, 0.1, 0, 0, 
24.5, 18.166, 100.304, 74.07, 74.846, , -4.884, 0.987, 2278.678, 2278.678, 4.066, -113.278, -113.278, -113.278, 52.597, 60.199, 35.561, 35.112, 7.38, 22.39, 0, 0, -22.909, -23.204, -22.909, -23.204, 1, 76.815, 76.815, 0.024, 0.138, -29.783, -30.164, -29.783, -30.164, 6.791, 7.38, 22.39, , , 1, 24.601, 0, 0, 12.5, 4.066, 196, 0, 0, 0, 46, 0, 0, 125.6, 13.25, 100, 0, 0, 12, 12, 0, 0.55, 90.657, 0, 0, 93.657, 78.06, 0, 0, 0, 0, 0, 14, 0, 12.5, 0, 4.066, 196, 0, 0, 0, 46, 1, 0, 0, 125.6, 13.25, 100, 0, 0, 141, 12, 12, 0, 0.55, 0, 90.657, 0, 0, 93.657, 78.06, 0, 0.1, 0, 0, 
24.55, 18.167, 100.303, 74.07, 74.847, , -4.878, 0.987, 2284.3, 2284.3, 4.055, -113.139, -113.139, -113.139, 52.588, 60.3, 35.541, 35.267, 7.38, 22.39, 0, 0, -22.808, -23.102, -22.808, -23.102, 1, 76.567, 76.567, 0.024, 0.138, -29.751, -30.133, -29.751, -30.133, 6.774, 7.38, 22.39, , , 1, 24.651, 0, 0, 12.5, 4.055, 196, 0, 0, 0, 46, 0, 0, 125.6, 13.25, 100, 0, 0, 12, 12, 0, 0.55, 90.563, 0, 0, 93.563, 77.828, 0, 0, 0, 0, 0, 14, 0, 12.5, 0, 4.055, 196, 0, 0, 0, 46, 1, 0, 0, 125.6, 13.25, 100, 0, 0, 141, 12, 12, 0, 0.55, 0, 90.563, 0, 0, 93.563, 77.828, 0, 0.1, 0, 0, 
24.6, 18.167, 100.303, 74.07, 74.847, , -4.858, 0.987, 2289.955, 2289.955, 4.042, -112.66, -112.66, -112.66, 52.572, 60.4, 35.469, 35.519, 7.38, 22.39, 0, 0, -22.64, -22.932, -22.64, -22.932, 1, 76.323, 76.323, 0.024, 0.138, -29.634, -30.014, -29.634, -30.014, 6.757, 7.38, 22.39, , , 1, 24.701, 0, 0, 12.5, 4.042, 196, 0, 0, 0, 46, 0, 0, 125.6, 13.25, 100, 0, 0, 12, 12, 0, 0.55, 90.467, 0, 0, 93.5, 77.588, 0, 0, 0, 0, 0, 14, 0, 12.5, 0, 4.042, 196, 0, 0, 0, 46, 1, 0, 0, 125.6, 13.25, 100, 0, 0, 141, 12, 12, 0, 0.55, 0, 90.467, 0, 0, 93.5, 77.588, 0, 0.1, 0, 0, 
24.65, 18.168, 100.303, 74.07, 74.848, , -4.842, 0.987, 2295.536, 2295.536, 4.028, -112.297, -112.297, -112.297, 52.555, 60.5, 35.397, 35.771, 7.38, 22.39, 0, 0, -22.495, -22.783, -22.495, -22.783, 1, 76.079, 76.079, 0.024, 0.137, -29.547, -29.927, -29.547, -29.927, 6.747, 7.38, 22.39, , , 1, 24.751, 0, 0, 12.5, 4.028, 196, 0, 0, 0, 46, 0, 0, 125.6, 13.25, 100, 0, 0, 12, 12, 0, 0.55, 90.363, 0, 0, 93.5, 77.33, 0, 0, 0, 0, 0, 14, 0, 12.5, 0, 4.028, 196, 0, 0, 0, 46, 1, 0, 0, 125.6, 13.25, 100, 0, 0, 141, 12, 12, 0, 0.55, 0, 90.363, 0, 0, 93.5, 77.33, 0, 0.1, 0, 0, 
24.7, 18.169, 100.302, 74.07, 74.849, , -4.844, 0.987, 2301.202, 2301.202, 4.014, -112.335, -112.335, -112.335, 52.544, 60.6, 35.325, 36.023, 7.38, 22.39, 0, 0, -22.43, -22.718, -22.43, -22.718, 1, 75.835, 75.835, 0.024, 0.137, -29.562, -29.942, -29.562, -29.942, 6.737, 7.38, 22.39, , , 1, 24.801, 0, 0, 12.5, 4.014, 196, 0, 0, 0, 46, 0, 0, 125.6, 13.25, 100, 0, 0, 12, 12, 0, 0.55, 90.259, 0, 0, 93.5, 77.073, 0, 0, 0, 0, 0, 14, 0, 12.5, 0, 4.014, 196, 0, 0, 0, 46, 1, 0, 0, 125.6, 13.25, 100, 0, 0, 141, 12, 12, 0, 0.55, 0, 90.259, 0, 0, 93.5, 77.073, 0, 0.1, 0, 0, 
24.75, 18.17, 100.302, 74.07, 74.85, , -4.83, 0.987, 2306.761, 2306.761, 3.999, -112.03, -112.03, -112.03, 52.538, 60.701, 35.253, 36.275, 7.38, 22.39, 0, 0, -22.298, -22.583, -22.298, -22.583, 1, 75.593, 75.593, 0.024, 0.137, -29.484, -29.863, -29.484, -29.863, 6.726, 7.38, 22.39, , , 1, 24.851, 0, 0, 12.5, 3.999, 196, 0, 0, 0, 46, 0, 0, 125.6, 13.25, 100, 0, 0, 12, 12, 0, 0.55, 90.156, 0, 0, 93.5, 76.816, 0, 0, 0, 0, 0, 14, 0, 12.5, 0, 3.999, 196, 0, 0, 0, 46, 1, 0, 0, 125.6, 13.25, 100, 0, 0, 141, 12, 12, 0, 0.55, 0, 90.156, 0, 0, 93.5, 76.816, 0, 0.1, 0, 0, 
24.8, 18.17, 100.302, 74.07, 74.85, , -4.817, 0.987, 2312.32, 2312.32, 3.985, -111.714, -111.714, -111.714, 52.54, 60.801, 35.299, 36.113, 7.38, 22.39, 0, 0, -22.163, -22.447, -22.163, -22.447, 1, 75.351, 75.351, 0.024, 0.136, -29.4, -29.778, -29.4, -29.778, 6.716, 7.38, 22.39, , , 1, 24.901, 0, 0, 12.5, 3.985, 196, 0, 0, 0, 46, 0, 0, 125.6, 13.25, 100, 0, 0, 12, 12, 0, 0.55, 90.052, 0, 0, 93.5, 76.559, 0, 0, 0, 0, 0, 14, 0, 12.5, 0, 3.985, 196, 0, 0, 0, 46, 1, 0, 0, 125.6, 13.25, 100, 0, 0, 141, 12, 12, 0, 0.55, 0, 90.052, 0, 0, 93.5, 76.559, 0, 0.1, 0, 0, 
24.85, 18.171, 100.301, 74.07, 74.851, , -4.822, 0.987, 2317.88, 2317.88, 3.972, -111.84, -111.84, -111.84, 52.546, 60.901, 35.371, 35.861, 7.38, 22.39, 0, 0, -22.117, -22.399, -22.117, -22.399, 1, 75.107, 75.107, 0.024, 0.136, -29.43, -29.808, -29.43, -29.808, 6.706, 7.38, 22.39, , , 1, 24.951, 0, 0, 12.5, 3.972, 196, 0, 0, 0, 46, 0, 0, 125.773, 13.25, 100, 0, 0, 12, 12, 0, 0.55, 89.952, 0, 0, 93.452, 76.25, 0, 0, 0, 0, 0, 14, 0, 12.5, 0, 3.972, 196, 0, 0, 0, 46, 1, 0, 0, 125.773, 13.25, 100, 0, 0, 141, 12, 12, 0, 0.55, 0, 89.952, 0, 0, 93.452, 76.25, 0, 0.1, 0, 0, 
24.9, 18.172, 100.301, 74.07, 74.852, , -4.802, 0.987, 2323.439, 2323.439, 3.96, -111.379, -111.379, -111.379, 52.555, 61.001, 35.443, 35.609, 7.38, 22.39, 0, 0, -21.955, -22.235, -21.955, -22.235, 1, 74.863, 74.863, 0.024, 0.136, -29.304, -29.681, -29.304, -29.681, 6.695, 7.38, 22.39, , , 1, 25.001, 0, 0, 12.5, 3.96, 196, 0, 0, 0, 46, 0, 0, 126.119, 13.25, 100, 0, 0, 12, 12, 0, 0.55, 89.855, 0, 0, 93.355, 75.891, 0, 0, 0, 0, 0, 14, 0, 12.5, 0, 3.96, 196, 0, 0, 0, 46, 1, 0, 0, 126.119, 13.25, 100, 0, 0, 141, 12, 12, 0, 0.55, 0, 89.855, 0, 0, 93.355, 75.891, 0, 0.1, 0, 0, 
24.95, 18.173, 100.3, 74.07, 74.853, , -4.785, 0.987, 2328.975, 2328.975, 3.948, -110.976, -110.976, -110.976, 52.562, 61.101, 35.515, 35.357, 7.379, 22.39, 0, 0, -21.804, -22.083, -21.804, -22.083, 1, 74.624, 74.624, 0.024, 0.136, -29.196, -29.571, -29.196, -29.571, 6.685, 7.379, 22.39, , , 1, 25.051, 0, 0, 12.5, 3.948, 196, 0, 0, 0, 46, 0, 0, 126.465, 13.25, 100, 0, 0, 12, 12, 0, 0.55, 89.759, 0, 0, 93.259, 75.531, 0, 0, 0, 0, 0, 14, 0, 12.5, 0, 3.948, 196, 0, 0, 0, 46, 1, 0, 0, 126.465, 13.25, 100, 0, 0, 141, 12, 12, 0, 0.55, 0, 89.759, 0, 0, 93.259, 75.531, 0, 0.1, 0, 0, 
25, 18.173, 100.3, 74.07, 74.853, , -4.779, 0.987, 2334.447, 2334.447, 3.936, -110.854, -110.854, -110.854, 52.566, 61.202, 35.587, 35.105, 7.379, 22.39, 0, 0, -21.709, -21.987, -21.709, -21.987, 1, 74.381, 74.381, 0.024, 0.135, -29.162, -29.537, -29.162, -29.537, 6.674, 7.379, 22.39, , , 1, 25.1, 0, 0, 12.5, 3.936, 196, 0, 0, 0, 46, 0, 0, 126.812, 13.25, 100, 0, 0, 12, 12, 0, 0.55, 89.662, 0, 0, 93.162, 75.171, 0, 0, 0, 0, 0, 14, 0, 12.5, 0, 3.936, 196, 0, 0, 0, 46, 1, 0, 0, 126.812, 13.25, 100, 0, 0, 141, 12, 12, 0, 0.55, 0, 89.662, 0, 0, 93.162, 75.171, 0, 0.1, 0, 0, 
25.05, 18.174, 100.3, 74.07, 74.854, , -4.769, 0.987, 2339.945, 2339.945, 3.924, -110.604, -110.604, -110.604, 52.568, 61.302, 35.423, 35.267, 7.379, 22.39, 0, 0, -21.59, -21.867, -21.59, -21.867, 1, 74.142, 74.142, 0.024, 0.136, -29.094, -29.469, -29.094, -29.469, 6.665, 7.379, 22.39, , , 1, 25.15, 0, 0, 12.5, 3.924, 196, 0, 0, 0, 46, 0, 0, 127.158, 13.25, 100, 0, 0, 12, 12, 0, 0.55, 89.566, 0, 0, 93.066, 74.812, 0, 0, 0, 0, 0, 14, 0, 12.5, 0, 3.924, 196, 0, 0, 0, 46, 1, 0, 0, 127.158, 13.25, 100, 0, 0, 141, 12, 12, 0, 0.55, 0, 89.566, 0, 0, 93.066, 74.812, 0, 0.1, 0, 0, 
25.1, 18.175, 100.3, 74.07, 74.855, , -4.748, 0.987, 2345.374, 2345.374, 3.912, -110.131, -110.131, -110.131, 52.568, 61.402, 35.207, 35.519, 7.378, 22.39, 0, 0, -21.429, -21.704, -21.429, -21.704, 1, 73.899, 73.899, 0.024, 0.136, -28.97, -29.342, -28.97, -29.342, 6.657, 7.378, 22.39, , , 1, 25.201, 0, 0, 12.5, 3.912, 196, 0, 0, 0, 46, 0, 0, 127.4, 13.25, 100, 0, 0, 12, 12, 0, 0.55, 89.468, 0, 0, 92.968, 74.523, 0, 0, 0, 0, 0, 14, 0, 12.5, 0, 3.912, 196, 0, 0, 0, 46, 1, 0, 0, 127.4, 13.25, 100, 0, 0, 141, 12, 12, 0, 0.55, 0, 89.468, 0, 0, 92.968, 74.523, 0, 0.1, 0, 0, 
25.15, 18.176, 100.3, 74.07, 74.856, , -4.746, 0.987, 2350.805, 2350.805, 3.899, -110.092, -110.092, -110.092, 52.568, 61.502, 34.991, 35.771, 7.378, 22.39, 0, 0, -21.351, -21.626, -21.351, -21.626, 1, 73.66, 73.66, 0.024, 0.136, -28.96, -29.332, -28.96, -29.332, 6.649, 7.378, 22.39, , , 1, 25.251, 0, 0, 12.5, 3.899, 196, 0, 0, 0, 46, 0, 0, 127.4, 13.25, 100, 0, 0, 12, 12, 0, 0.55, 89.368, 0, 0, 92.868, 74.398, 0, 0, 0, 0, 0, 14, 0, 12.5, 0, 3.899, 196, 0, 0, 0, 46, 1, 0, 0, 127.4, 13.25, 100, 0, 0, 141, 12, 12, 0, 0.55, 0, 89.368, 0, 0, 92.868, 74.398, 0, 0.1, 0, 0, 
25.2, 18.177, 100.3, 74.07, 74.857, , -4.734, 0.987, 2356.236, 2356.236, 3.887, -109.809, -109.809, -109.809, 52.569, 61.603, 34.775, 36.023, 7.377, 22.39, 0, 0, -21.228, -21.501, -21.228, -21.501, 1, 73.421, 73.421, 0.024, 0.136, -28.885, -29.255, -28.885, -29.255, 6.641, 7.377, 22.39, , , 1, 25.301, 0, 0, 12.5, 3.887, 196, 0, 0, 0, 46, 0, 0, 127.4, 13.25, 100, 0, 0, 12, 12, 0, 0.55, 89.268, 0, 0, 92.768, 74.274, 0, 0, 0, 0, 0, 14, 0, 12.5, 0, 3.887, 196, 0, 0, 0, 46, 1, 0, 0, 127.4, 13.25, 100, 0, 0, 141, 12, 12, 0, 0.55, 0, 89.268, 0, 0, 92.768, 74.274, 0, 0.1, 0, 0, 
25.25, 18.177, 100.3, 74.07, 74.857, , -4.721, 0.987, 2361.665, 2361.665, 3.874, -109.508, -109.508, -109.508, 52.572, 61.703, 34.559, 36.275, 7.377, 22.39, 0, 0, -21.101, -21.373, -21.101, -21.373, 1, 73.186, 73.186, 0.024, 0.136, -28.805, -29.173, -28.805, -29.173, 6.623, 7.377, 22.39, , , 1, 25.351, 0, 0, 12.5, 3.874, 196, 0, 0, 0, 46, 0, 0, 127.4, 13.25, 100, 0, 0, 12, 12, 0, 0.55, 89.168, 0, 0, 92.668, 74.149, 0, 0, 0, 0, 0, 14, 0, 12.5, 0, 3.874, 196, 0, 0, 0, 46, 1, 0, 0, 127.4, 13.25, 100, 0, 0, 141, 12, 12, 0, 0.55, 0, 89.168, 0, 0, 92.668, 74.149, 0, 0.1, 0, 0, 
25.3, 18.178, 100.3, 74.07, 74.858, , -4.712, 0.987, 2367.055, 2367.055, 3.862, -109.302, -109.302, -109.302, 52.576, 61.803, 34.638, 36.143, 7.377, 22.39, 0, 0, -20.993, -21.264, -20.993, -21.264, 1, 72.949, 72.949, 0.024, 0.137, -28.748, -29.117, -28.748, -29.117, 6.598, 7.377, 22.39, , , 1, 25.401, 0, 0, 12.5, 3.862, 196, 0, 0, 0, 46, 0, 0, 127.4, 13.25, 100, 0, 0, 12, 12, 0, 0.55, 89.068, 0, 0, 92.568, 74.025, 0, 0, 0, 0, 0, 14, 0, 12.5, 0, 3.861, 196, 0, 0, 0, 46, 1, 0, 0, 127.4, 13.25, 100, 0, 0, 141, 12, 12, 0, 0.55, 0, 89.068, 0, 0, 92.568, 74.025, 0, 0.1, 0, 0, 
25.35, 18.179, 100.3, 74.07, 74.859, , -4.704, 0.987, 2372.417, 2372.417, 3.847, -109.115, -109.115, -109.115, 52.583, 61.903, 34.782, 35.927, 7.377, 22.39, 0, 0, -20.889, -21.159, -20.889, -21.159, 1, 72.71, 72.71, 0.024, 0.137, -28.696, -29.063, -28.696, -29.063, 6.572, 7.377, 22.39, , , 1, 25.45, 0, 0, 12.5, 3.847, 196, 0, 0, 0, 46, 0, 0, 127.4, 13.263, 100, 0, 0, 12, 12, 0, 0.55, 88.952, 0, 0, 92.484, 73.821, 0, 0, 0, 0, 0, 14, 0, 12.5, 0, 3.847, 196, 0, 0, 0, 46, 1, 0, 0, 127.4, 13.263, 100, 0, 0, 141, 12, 12, 0, 0.55, 0, 88.952, 0, 0, 92.484, 73.821, 0, 0.1, 0, 0, 
25.4, 18.18, 100.3, 74.07, 74.86, , -4.695, 0.987, 2377.775, 2377.775, 3.829, -108.907, -108.907, -108.907, 52.587, 62.003, 34.926, 35.711, 7.377, 22.39, 0, 0, -20.782, -21.05, -20.782, -21.05, 1, 72.475, 72.475, 0.024, 0.137, -28.639, -29.006, -28.639, -29.006, 6.547, 7.377, 22.39, , , 1, 25.5, 0, 0, 12.5, 3.829, 196, 0, 0, 0, 46, 0, 0, 127.4, 13.3, 100, 0, 0, 12, 12, 0, 0.55, 88.801, 0, 0, 92.434, 73.449, 0, 0, 0, 0, 0, 14, 0, 12.5, 0, 3.829, 196, 0, 0, 0, 46, 1, 0, 0, 127.4, 13.3, 100, 0, 0, 141, 12, 12, 0, 0.55, 0, 88.801, 0, 0, 92.434, 73.449, 0, 0.1, 0, 0, 
25.45, 18.18, 100.3, 74.07, 74.86, , -4.686, 0.987, 2383.081, 2383.081, 3.811, -108.69, -108.69, -108.69, 52.588, 62.104, 35.07, 35.495, 7.377, 22.39, 0, 0, -20.673, -20.94, -20.673, -20.94, 1, 72.239, 72.239, 0.024, 0.137, -28.581, -28.949, -28.581, -28.949, 6.515, 7.377, 22.39, , , 1, 25.551, 0, 0, 12.5, 3.811, 196, 0, 0, 0, 46, 0, 0, 127.4, 13.337, 100, 0, 0, 12, 12, 0, 0.55, 88.651, 0, 0, 92.384, 73.077, 0, 0, 0, 0, 0, 14, 0, 12.5, 0, 3.811, 196, 0, 0, 0, 46, 1, 0, 0, 127.4, 13.337, 100, 0, 0, 141, 12, 12, 0, 0.55, 0, 88.651, 0, 0, 92.384, 73.077, 0, 0.1, 0, 0, 
25.5, 18.181, 100.3, 74.07, 74.86, , -4.67, 0.987, 2388.49, 2388.49, 3.793, -108.326, -108.326, -108.326, 52.584, 62.204, 35.214, 35.279, 7.377, 22.39, 0, 0, -20.534, -20.799, -20.534, -20.799, 1, 72.001, 72.001, 0.024, 0.137, -28.486, -28.854, -28.486, -28.854, 6.465, 7.377, 22.39, , , 1, 25.601, 0, 0, 12.5, 3.793, 196, 0, 0, 0, 46, 0, 0, 127.4, 13.374, 100, 0, 0, 12, 12, 0, 0.55, 88.5, 0, 0, 92.334, 72.705, 0, 0, 0, 0, 0, 14, 0, 12.5, 0, 3.793, 196, 0, 0, 0, 46, 1, 0, 0, 127.4, 13.374, 100, 0, 0, 141, 12, 12, 0, 0.55, 0, 88.5, 0, 0, 92.333, 72.705, 0, 0.1, 0, 0, 
25.55, 18.182, 100.3, 74.07, 74.86, , -4.659, 0.987, 2393.793, 2393.793, 3.775, -108.075, -108.075, -108.075, 52.575, 62.304, 35.417, 35.24, 7.377, 22.39, 0, 0, -20.42, -20.683, -20.42, -20.683, 1, 71.765, 71.765, 0.024, 0.137, -28.424, -28.79, -28.424, -28.79, 6.414, 7.377, 22.39, , , 1, 25.651, 0, 0, 12.5, 3.775, 196, 0, 0, 0, 46, 0, 0, 127.4, 13.411, 100, 0, 0, 12, 12, 0, 0.55, 88.349, 0, 0, 92.284, 72.333, 0, 0, 0, 0, 0, 14, 0, 12.5, 0, 3.775, 196, 0, 0, 0, 46, 1, 0, 0, 127.4, 13.411, 100, 0, 0, 141, 12, 12, 0, 0.55, 0, 88.349, 0, 0, 92.283, 72.333, 0, 0.1, 0, 0, 
25.6, 18.183, 100.3, 74.07, 74.86, , -4.647, 0.987, 2399.003, 2399.003, 3.761, -107.792, -107.792, -107.792, 52.565, 62.404, 35.633, 35.24, 7.377, 22.39, 0, 0, -20.301, -20.562, -20.301, -20.562, 1, 71.533, 71.533, 0.024, 0.137, -28.355, -28.722, -28.355, -28.722, 6.364, 7.377, 22.39, , , 1, 25.701, 0, 0, 12.5, 3.761, 196, 0, 0, 0, 46, 0, 0, 127.4, 13.449, 100, 0, 0, 12, 12, 0, 0.55, 88.232, 0, 0, 92.233, 72.037, 0, 0, 0, 0, 0, 14, 0, 12.5, 0, 3.761, 196, 0, 0, 0, 46, 1, 0, 0, 127.4, 13.449, 100, 0, 0, 141, 12, 12, 0, 0.55, 0, 88.232, 0, 0, 92.232, 72.037, 0, 0.1, 0, 0, 
25.65, 18.183, 100.3, 74.07, 74.86, , -4.638, 0.987, 2404.31, 2404.31, 3.755, -107.593, -107.593, -107.593, 52.556, 62.505, 35.849, 35.24, 7.377, 22.39, 0, 0, -20.196, -20.457, -20.196, -20.457, 1, 71.3, 71.3, 0.024, 0.137, -28.307, -28.673, -28.307, -28.673, 6.314, 7.377, 22.39, , , 1, 25.751, 0, 0, 12.5, 3.755, 196, 0, 0, 0, 46, 0, 0, 127.4, 13.489, 100, 0, 0, 12, 12, 0, 0.55, 88.177, 0, 0, 92.178, 71.902, 0, 0, 0, 0, 0, 14, 0, 12.5, 0, 3.755, 196, 0, 0, 0, 46, 1, 0, 0, 127.4, 13.489, 100, 0, 0, 141, 12, 12, 0, 0.55, 0, 88.177, 0, 0, 92.177, 71.902, 0, 0.1, 0, 0, 
25.7, 18.184, 100.3, 74.07, 74.86, , -4.629, 0.987, 2409.568, 2409.568, 3.748, -107.371, -107.371, -107.371, 52.553, 62.605, 36.065, 35.24, 7.377, 22.39, 0, 0, -20.089, -20.349, -20.089, -20.349, 1, 71.065, 71.065, 0.024, 0.137, -28.25, -28.614, -28.25, -28.614, 6.29, 7.377, 22.39, , , 1, 25.801, 0, 0, 12.5, 3.748, 196, 0, 0, 0, 46, 0, 0, 127.4, 13.529, 100, 0, 0, 12, 12, 0, 0.55, 88.123, 0, 0, 92.124, 71.767, 0, 0, 0, 0, 0, 14, 0, 12.5, 0, 3.748, 196, 0, 0, 0, 46, 1, 0, 0, 127.4, 13.529, 100, 0, 0, 141, 12, 12, 0, 0.55, 0, 88.123, 0, 0, 92.123, 71.767, 0, 0.1, 0, 0, 
25.75, 18.185, 100.3, 74.07, 74.86, , -4.624, 0.987, 2414.819, 2414.819, 3.741, -107.257, -107.257, -107.257, 52.556, 62.705, 36.281, 35.24, 7.377, 22.39, 0, 0, -20.001, -20.261, -20.001, -20.261, 1, 70.833, 70.833, 0.024, 0.137, -28.218, -28.581, -28.218, -28.581, 6.265, 7.377, 22.39, , , 1, 25.851, 0, 0, 12.5, 3.741, 196, 0, 0, 0, 46, 0, 0, 127.4, 13.569, 100, 0, 0, 12, 12, 0, 0.55, 88.069, 0, 0, 92.07, 71.633, 0, 0, 0, 0, 0, 14, 0, 12.5, 0, 3.741, 196, 0, 0, 0, 46, 1, 0, 0, 127.4, 13.569, 100, 0, 0, 141, 12, 12, 0, 0.55, 0, 88.069, 0, 0, 92.069, 71.633, 0, 0.1, 0, 0, 
25.8, 18.186, 100.3, 74.07, 74.86, , -4.61, 0.987, 2420.049, 2420.049, 3.735, -106.929, -106.929, -106.929, 52.566, 62.805, 36.028, 35.24, 7.377, 22.39, 0, 0, -19.875, -20.134, -19.875, -20.134, 1, 70.602, 70.602, 0.024, 0.137, -28.127, -28.488, -28.127, -28.488, 6.24, 7.377, 22.39, , , 1, 25.901, 0, 0, 12.5, 3.735, 196, 0, 0, 0, 46, 0, 0, 127.4, 13.61, 100, 0, 0, 12, 12, 0, 0.55, 88.015, 0, 0, 92.015, 71.498, 0, 0, 0, 0, 0, 14, 0, 12.5, 0, 3.735, 196, 0, 0, 0, 46, 1, 0, 0, 127.4, 13.61, 100, 0, 0, 141, 12, 12, 0, 0.55, 0, 88.015, 0, 0, 92.015, 71.498, 0, 0.1, 0, 0, 
25.85, 18.186, 100.3, 74.07, 74.86, , -4.598, 0.987, 2425.237, 2425.237, 3.72, -106.668, -106.668, -106.668, 52.578, 62.905, 35.673, 35.24, 7.377, 22.39, 0, 0, -19.762, -20.019, -19.762, -20.019, 1, 70.372, 70.372, 0.024, 0.136, -28.052, -28.411, -28.052, -28.411, 6.216, 7.377, 22.39, , , 1, 25.951, 0, 0, 12.5, 3.72, 196, 0, 0, 0, 46, 0, 0, 127.4, 13.647, 100, 0, 0, 12, 12, 0, 0.55, 87.892, 0, 0, 91.964, 71.191, 0, 0, 0, 0, 0, 14, 0, 12.5, 0, 3.72, 196, 0, 0, 0, 46, 1, 0, 0, 127.4, 13.647, 100, 0, 0, 141, 12, 12, 0, 0.55, 0, 87.892, 0, 0, 91.964, 71.191, 0, 0.1, 0, 0, 
25.9, 18.187, 100.3, 74.07, 74.86, , -4.59, 0.987, 2430.427, 2430.427, 3.704, -106.47, -106.47, -106.47, 52.585, 63.006, 35.317, 35.24, 7.377, 22.39, 0, 0, -19.661, -19.916, -19.661, -19.916, 1, 70.14, 70.14, 0.024, 0.136, -27.997, -28.353, -27.997, -28.353, 6.198, 7.377, 22.39, , , 1, 26.001, 0, 0, 12.5, 3.704, 196, 0, 0, 0, 46, 0, 0, 127.4, 13.684, 100, 0, 0, 12, 12, 0, 0.55, 87.741, 0, 0, 91.914, 70.817, 0, 0, 0, 0, 0, 14, 0, 12.5, 0, 3.704, 196, 0, 0, 0, 46, 1, 0, 0, 127.4, 13.684, 100, 0, 0, 141, 12, 12, 0, 0.55, 0, 87.741, 0, 0, 91.914, 70.817, 0, 0.1, 0, 0, 
25.95, 18.188, 100.3, 74.07, 74.86, , -4.578, 0.987, 2435.616, 2435.616, 3.687, -106.205, -106.205, -106.205, 52.586, 63.106, 34.961, 35.24, 7.377, 22.39, 0, 0, -19.547, -19.801, -19.547, -19.801, 1, 69.909, 69.909, 0.024, 0.136, -27.927, -28.284, -27.927, -28.284, 6.182, 7.377, 22.39, , , 1, 26.051, 0, 0, 12.5, 3.687, 196, 0, 0, 0, 46, 0, 0, 127.4, 13.721, 100, 0, 0, 12, 12, 0, 0.55, 87.59, 0, 0, 91.863, 70.443, 0, 0, 0, 0, 0, 14, 0, 12.5, 0, 3.687, 196, 0, 0, 0, 46, 1, 0, 0, 127.4, 13.721, 100, 0, 0, 141, 12, 12, 0, 0.55, 0, 87.59, 0, 0, 91.863, 70.443, 0, 0.1, 0, 0, 
26, 18.189, 100.3, 74.07, 74.86, , -4.56, 0.987, 2440.789, 2440.789, 3.67, -105.773, -105.773, -105.773, 52.581, 63.206, 34.605, 35.24, 7.377, 22.39, 0, 0, -19.405, -19.656, -19.405, -19.656, 1, 69.677, 69.677, 0.024, 0.135, -27.816, -28.172, -27.816, -28.172, 6.166, 7.377, 22.39, , , 1, 26.101, 0, 0, 12.5, 3.67, 196, 0, 0, 0, 46, 0, 0, 127.4, 13.758, 100, 0, 0, 12, 12, 0, 0.55, 87.44, 0, 0, 91.813, 70.069, 0, 0, 0, 0, 0, 14, 0, 12.5, 0, 3.67, 196, 0, 0, 0, 46, 1, 0, 0, 127.4, 13.758, 100, 0, 0, 141, 12, 12, 0, 0.55, 0, 87.44, 0, 0, 91.813, 70.069, 0, 0.1, 0, 0, 
26.05, 18.189, 100.3, 74.07, 74.86, , -4.551, 0.987, 2445.864, 2445.864, 3.653, -105.558, -105.558, -105.558, 52.568, 63.306, 34.492, 35.295, 7.377, 22.39, 0, 0, -19.302, -19.55, -19.302, -19.55, 1, 69.449, 69.449, 0.024, 0.135, -27.767, -28.122, -27.767, -28.122, 6.15, 7.377, 22.39, , , 1, 26.151, 0, 0, 12.5, 3.653, 196, 0, 0, 0, 46, 0, 0, 127.4, 13.795, 100, 0, 0, 12, 12, 0, 0.55, 87.289, 0, 0, 91.763, 69.695, 0, 0, 0, 0, 0, 14, 0, 12.5, 0, 3.653, 196, 0, 0, 0, 46, 1, 0, 0, 127.4, 13.795, 100, 0, 0, 141, 12, 12, 0, 0.55, 0, 87.289, 0, 0, 91.763, 69.695, 0, 0.1, 0, 0, 
26.1, 18.19, 100.3, 74.07, 74.86, , -4.543, 0.987, 2450.975, 2450.975, 3.639, -105.385, -105.385, -105.385, 52.554, 63.407, 34.456, 35.368, 7.377, 22.39, 0, 0, -19.207, -19.453, -19.207, -19.453, 1, 69.218, 69.218, 0.024, 0.135, -27.728, -28.084, -27.728, -28.084, 6.144, 7.377, 22.39, , , 1, 26.201, 0, 0, 12.5, 3.639, 196, 0, 0, 0, 46, 0, 0, 127.4, 13.867, 100, 0, 0, 12, 12, 0, 0.55, 87.208, 0, 0, 91.708, 69.438, 0, 0, 0, 0, 0, 14.008, 0, 12.5, 0, 3.639, 196, 0, 0, 0, 46, 1, 0, 0, 127.4, 13.867, 100, 0, 0, 141, 12, 12, 0, 0.55, 0, 87.208, 0, 0, 91.708, 69.438, 0, 0.1, 0, 0, 
26.15, 18.191, 100.3, 74.07, 74.86, , -4.526, 0.987, 2456.119, 2456.119, 3.626, -104.983, -104.983, -104.983, 52.544, 60.459, 34.419, 35.441, 7.377, 22.39, 0, 0, -19.07, -19.315, -19.07, -19.315, 1, 68.989, 68.989, 0.024, 0.135, -27.628, -27.983, -27.628, -27.983, 6.139, 7.377, 22.39, , , 1, 26.251, 0, 0, 12.5, 3.626, 196, 0, 0, 0, 46, 0, 0, 127.4, 13.951, 100, 0, 0, 12, 12, 0, 0.55, 87.151, 0, 0, 91.651, 69.226, 0, 0, 0, 0, 0, 14.02, 0, 12.5, 0, 3.626, 196, 0, 0, 0, 46, 1, 0, 0, 127.4, 13.951, 100, 0, 0, 141, 12, 12, 0, 0.55, 0, 87.151, 0, 0, 91.651, 69.226, 0, 0.1, 0, 0, 
26.2, 18.192, 100.3, 74.07, 74.86, , -4.513, 0.987, 2461.194, 2461.194, 3.614, -104.674, -104.674, -104.674, 52.54, 56.75, 34.383, 35.514, 7.377, 22.39, 0, 0, -18.951, -19.194, -18.951, -19.194, 1, 68.76, 68.76, 0.024, 0.135, -27.548, -27.904, -27.548, -27.904, 6.135, 7.377, 22.39, , , 1, 26.301, 0, 0, 12.5, 3.614, 196, 0, 0, 0, 46, 0, 0, 127.4, 14.035, 100, 0, 0, 12, 12, 0, 0.55, 87.094, 0, 0, 91.594, 69.015, 0, 0, 0, 0, 0, 14.031, 0, 12.5, 0, 3.614, 196, 0, 0, 0, 46, 1, 0, 0, 127.4, 14.035, 100, 0, 0, 141, 12, 12, 0, 0.55, 0, 87.094, 0, 0, 91.594, 69.015, 0, 0.1, 0, 0, 
26.25, 18.193, 100.3, 74.07, 74.86, , -4.505, 0.987, 2466.27, 2466.27, 3.601, -104.508, -104.508, -104.508, 52.541, 53.04, 34.347, 35.587, 7.378, 22.39, 0, 0, -18.859, -19.1, -18.859, -19.1, 1, 68.532, 68.532, 0.024, 0.136, -27.504, -27.859, -27.504, -27.859, 6.13, 7.378, 22.39, , , 1, 26.351, 0, 0, 12.5, 3.601, 196, 0, 0, 0, 46, 0, 0, 127.4, 14.12, 100, 0, 0, 12, 12, 0, 0.55, 87.038, 0, 0, 91.538, 68.804, 0, 0, 0, 0, 0, 14.043, 0, 12.5, 0, 3.601, 196, 0, 0, 0, 46, 1, 0, 0, 127.4, 14.12, 100, 0, 0, 141, 12, 12, 0, 0.55, 0, 87.038, 0, 0, 91.538, 68.804, 0, 0.1, 0, 0, 
26.3, 18.193, 100.3, 74.07, 74.86, , -4.496, 0.987, 2471.347, 2471.347, 3.591, -104.299, -104.299, -104.299, 52.549, 49.331, 34.458, 35.452, 7.378, 22.39, 0, 0, -18.759, -18.999, -18.759, -18.999, 1, 68.305, 68.305, 0.024, 0.136, -27.445, -27.8, -27.445, -27.8, 6.128, 7.378, 22.39, , , 1, 26.4, 0, 0, 12.5, 3.591, 196, 0, 0, 0, 46, 0, 0, 127.4, 14.188, 100, 0, 0, 12, 12, 0, 0.55, 86.965, 0, 0, 91.5, 68.639, 0, 0, 0, 0, 0, 14.054, 0, 12.5, 0, 3.591, 196, 0, 0, 0, 46, 1, 0, 0, 127.4, 14.188, 100, 0, 0, 141, 12, 12, 0, 0.55, 0, 86.965, 0, 0, 91.5, 68.639, 0, 0.1, 0, 0, 
26.35, 18.194, 100.3, 74.07, 74.86, , -4.484, 0.987, 2476.345, 2476.345, 3.585, -104.01, -104.01, -104.01, 52.561, 60.573, 34.602, 35.272, 7.379, 22.39, 0, 0, -18.646, -18.886, -18.646, -18.886, 1, 68.08, 68.08, 0.024, 0.136, -27.363, -27.717, -27.363, -27.717, 6.129, 7.379, 22.39, , , 1, 26.45, 0, 0, 12.5, 3.585, 196, 0, 0, 0, 46, 0, 0, 127.4, 14.227, 100, 0, 0, 12, 12, 0, 0.55, 86.861, 0, 0, 91.5, 68.575, 0, 0, 0, 0, 0, 14.064, 0, 12.5, 0, 3.585, 196, 0, 0, 0, 46, 1, 0, 0, 127.4, 14.227, 100, 0, 0, 141, 12, 12, 0, 0.55, 0, 86.861, 0, 0, 91.5, 68.575, 0, 0.1, 0, 0, 
26.4, 18.195, 100.3, 74.07, 74.86, , -4.479, 0.987, 2481.396, 2481.396, 3.58, -103.902, -103.902, -103.902, 52.572, , 34.746, 35.092, 7.381, 22.39, 0, 0, -18.564, -18.804, -18.564, -18.804, 1, 67.854, 67.854, 0.024, 0.136, -27.33, -27.683, -27.33, -27.683, 6.13, 7.381, 22.39, , , 1, 26.5, 0, 0, 12.5, 3.58, 196, 0, 0, 0, 46, 0, 0, 127.4, 14.265, 100, 0, 0, 12, 12, 0, 0.55, 86.757, 0, 0, 91.5, 68.51, 0, 0, 0, 0, 0, 14.074, 0, 12.5, 0, 3.58, 196, 0, 0, 0, 46, 1, 0, 0, 127.4, 14.265, 100, 0, 0, 141, 12, 12, 0, 0.55, 0, 86.757, 0, 0, 91.5, 68.51, 0, 0.1, 0, 0, 
26.45, 18.196, 100.3, 74.07, 74.86, , -4.474, 0.987, 2486.38, 2486.38, 3.574, -103.779, -103.779, -103.779, 52.583, , 34.89, 34.912, 7.382, 22.39, 0, 0, -18.48, -18.72, -18.48, -18.72, 1, 67.628, 67.628, 0.024, 0.136, -27.292, -27.643, -27.292, -27.643, 6.13, 7.382, 22.39, , , 1, 26.551, 0, 0, 12.5, 3.574, 196, 0, 0, 0, 46, 0, 0, 127.4, 14.304, 100, 0, 0, 12, 12, 0, 0.55, 86.654, 0, 0, 91.5, 68.446, 0, 0, 0, 0, 0, 14.085, 0, 12.5, 0, 3.574, 196, 0, 0, 0, 46, 1, 0, 0, 127.4, 14.304, 100, 0, 0, 141, 12, 12, 0, 0.55, 0, 86.654, 0, 0, 91.5, 68.446, 0, 0.1, 0, 0, 
26.5, 18.196, 100.3, 74.07, 74.86, , -4.463, 0.987, 2491.348, 2491.348, 3.569, -103.525, -103.525, -103.525, 52.595, , 35.034, 34.732, 7.384, 22.39, 0, 0, -18.374, -18.612, -18.374, -18.612, 1, 67.402, 67.402, 0.024, 0.137, -27.218, -27.57, -27.218, -27.57, 6.119, 7.384, 22.39, , , 1, 26.601, 0, 0, 12.5, 3.569, 196, 0, 0, 0, 46, 0, 0, 127.4, 14.342, 100, 0, 0, 12, 12, 0, 0.55, 86.55, 0, 0, 91.5, 68.381, 0, 0, 0, 0, 0, 14.095, 0, 12.5, 0, 3.569, 196, 0, 0, 0, 46, 1, 0, 0, 127.4, 14.342, 100, 0, 0, 141, 12, 12, 0, 0.55, 0, 86.55, 0, 0, 91.5, 68.381, 0, 0.1, 0, 0, 
26.55, 18.197, 100.3, 74.07, 74.86, , -4.449, 0.987, 2496.316, 2496.316, 3.557, -103.207, -103.207, -103.207, 52.605, , 35.149, 35.113, 7.385, 22.39, 0, 0, -18.256, -18.493, -18.256, -18.493, 1, 67.179, 67.179, 0.024, 0.137, -27.13, -27.479, -27.13, -27.479, 6.098, 7.385, 22.39, , , 1, 26.651, 0, 0, 12.505, 3.557, 196, 0, 0, 0, 46, 0, 0, 127.4, 14.4, 100, 0, 0, 12, 12, 0, 0.55, 86.422, 0, 0, 91.422, 68.157, 0, 0, 0, 0, 0, 14.089, 0, 12.505, 0, 3.557, 196, 0, 0, 0, 46, 1, 0, 0, 127.4, 14.4, 100, 0, 0, 141, 12, 12, 0, 0.55, 0, 86.422, 0, 0, 91.422, 68.157, 0, 0.1, 0, 0, 
26.6, 18.198, 100.3, 74.07, 74.86, , -4.441, 0.987, 2501.283, 2501.283, 3.54, -103.017, -103.017, -103.017, 52.612, , 35.257, 35.617, 7.386, 22.39, 0, 0, -18.162, -18.397, -18.162, -18.397, 1, 66.957, 66.957, 0.024, 0.137, -27.076, -27.425, -27.076, -27.425, 6.077, 7.386, 22.39, , , 1, 26.701, 0, 0, 12.515, 3.54, 196, 0, 0, 0, 46, 0, 0, 127.4, 14.474, 100, 0, 0, 12, 12, 0, 0.55, 86.272, 0, 0, 91.272, 67.785, 0, 0, 0, 0, 0, 14.069, 0, 12.515, 0, 3.54, 196, 0, 0, 0, 46, 1, 0, 0, 127.4, 14.474, 100, 0, 0, 141, 12, 12, 0, 0.55, 0, 86.272, 0, 0, 91.272, 67.785, 0, 0.1, 0, 0, 
26.65, 18.199, 100.3, 74.07, 74.86, , -4.432, 0.987, 2506.235, 2506.235, 3.524, -102.801, -102.801, -102.801, 52.618, , 35.365, 36.121, 7.385, 22.39, 0, 0, -18.063, -18.296, -18.063, -18.296, 1, 66.734, 66.734, 0.024, 0.137, -27.016, -27.364, -27.016, -27.364, 6.056, 7.385, 22.39, , , 1, 26.751, 0, 0, 12.525, 3.524, 196, 0, 0, 0, 46, 0, 0, 127.4, 14.548, 100, 0, 0, 12, 12, 0, 0.55, 86.122, 0, 0, 91.122, 67.413, 0, 0, 0, 0, 0, 14.049, 0, 12.525, 0, 3.524, 196, 0, 0, 0, 46, 1, 0, 0, 127.4, 14.548, 100, 0, 0, 141, 12, 12, 0, 0.55, 0, 86.122, 0, 0, 91.122, 67.413, 0, 0.1, 0, 0, 
26.7, 18.199, 100.3, 74.07, 74.86, , -4.418, 0.987, 2511.121, 2511.121, 3.507, -102.492, -102.492, -102.492, 52.622, , 35.473, 36.625, 7.384, 22.39, 0, 0, -17.949, -18.181, -17.949, -18.181, 1, 66.509, 66.509, 0.024, 0.137, -26.932, -27.279, -26.932, -27.279, 6.041, 7.384, 22.39, , , 1, 26.801, 0, 0, 12.535, 3.507, 196, 0, 0, 0, 46, 0, 0, 127.4, 14.622, 100, 0, 0, 12, 12, 0, 0.55, 85.972, 0, 0, 90.972, 67.041, 0, 0, 0, 0, 0, 14.029, 0, 12.535, 0, 3.507, 196, 0, 0, 0, 46, 1, 0, 0, 127.4, 14.622, 100, 0, 0, 141, 12, 12, 0, 0.55, 0, 85.972, 0, 0, 90.972, 67.041, 0, 0.1, 0, 0, 
26.75, 18.2, 100.3, 74.07, 74.86, , -4.41, 0.987, 2515.431, 2515.431, 3.491, -102.303, -102.303, -102.303, 52.624, , 35.581, 37.129, 7.383, 22.39, 0, 0, -17.863, -18.093, -17.863, -18.093, 1, 66.368, 66.368, 0.024, 0.137, -26.881, -27.228, -26.881, -27.228, 6.037, 7.383, 22.39, , , 1, 26.851, 0, 0, 12.545, 3.491, 196, 0, 0, 0, 46, 0, 0, 127.4, 14.696, 100, 0, 0, 12, 12, 0, 0.55, 85.822, 0, 0, 90.822, 66.669, 0, 0, 0, 0, 0, 14.009, 0, 12.545, 0, 3.491, 196, 0, 0, 0, 46, 1, 0, 0, 127.4, 14.696, 100, 0, 0, 141, 12, 12, 0, 0.55, 0, 85.822, 0, 0, 90.822, 66.669, 0, 0.1, 0, 0, 
26.8, 18.201, 100.3, 74.07, 74.86, , -4.402, 0.987, 2518.592, 2518.592, 3.477, -102.116, -102.116, -102.116, 52.624, , 35.374, 36.852, 7.382, 22.39, 0, 0, -17.792, -18.021, -17.792, -18.021, 1, 66.172, 66.172, 0.024, 0.137, -26.833, -27.178, -26.833, -27.178, 6.032, 7.382, 22.39, , , 1, 26.901, 0, 0, 12.556, 3.477, 196, 0, 0, 0, 46, 0, 0, 127.498, 14.751, 100, 0, 0, 12, 12, 0, 0.55, 85.696, 0, 0, 90.696, 66.389, 0, 0, 0, 0, 0, 14, 0, 12.556, 0, 3.477, 196, 0, 0, 0, 46, 1, 0, 0, 127.498, 14.751, 100, 0, 0, 141, 12, 12, 0, 0.55, 0, 85.696, 0, 0, 90.696, 66.389, 0, 0.1, 0, 0, 
26.85, 18.203, 100.3, 74.07, 74.86, , -4.386, 0.987, 2523.457, 2523.457, 3.465, -101.745, -101.745, -101.745, 52.622, , 35.098, 36.404, 7.381, 22.39, 0, 0, -17.667, -17.895, -17.667, -17.895, 1, 65.951, 65.951, 0.024, 0.137, -26.736, -27.081, -26.736, -27.081, 6.028, 7.381, 22.39, , , 1, 26.951, 0, 0, 12.566, 3.465, 196, 0, 0, 0, 46, 0, 0, 127.685, 14.789, 100, 0, 0, 12, 12, 0, 0.55, 85.591, 0, 0, 90.591, 66.194, 0, 0, 0, 0, 0, 14, 0, 12.566, 0, 3.465, 196, 0, 0, 0, 46, 1, 0, 0, 127.685, 14.789, 100, 0, 0, 141, 12, 12, 0, 0.55, 0, 85.591, 0, 0, 90.591, 66.194, 0, 0.1, 0, 0, 
26.9, 18.204, 100.3, 74.07, 74.86, , -4.378, 0.987, 2528.322, 2528.322, 3.453, -101.571, -101.571, -101.571, 52.62, , 34.822, 35.956, 7.379, 22.39, 0, 0, -17.577, -17.805, -17.577, -17.805, 1, 65.73, 65.73, 0.024, 0.136, -26.69, -27.036, -26.69, -27.036, 6.023, 7.379, 22.39, , , 1, 27.001, 0, 0, 12.576, 3.453, 196, 0, 0, 0, 46, 0, 0, 127.872, 14.828, 100, 0, 0, 12, 12, 0, 0.55, 85.486, 0, 0, 90.486, 65.999, 0, 0, 0, 0, 0, 14, 0, 12.576, 0, 3.453, 196, 0, 0, 0, 46, 1, 0, 0, 127.872, 14.828, 100, 0, 0, 141, 12, 12, 0, 0.55, 0, 85.486, 0, 0, 90.486, 65.999, 0, 0.1, 0, 0, 
26.95, 18.205, 100.3, 74.07, 74.86, , -4.371, 0.987, 2533.187, 2533.187, 3.442, -101.398, -101.398, -101.398, 52.618, , 34.546, 35.508, 7.379, 22.39, 0, 0, -17.488, -17.715, -17.488, -17.715, 1, 65.509, 65.509, 0.024, 0.136, -26.645, -26.99, -26.645, -26.99, 6.02, 7.379, 22.39, , , 1, 27.051, 0, 0, 12.587, 3.442, 196, 0, 0, 0, 46, 0, 0, 128.06, 14.866, 100, 0, 0, 12, 12, 0, 0.55, 85.382, 0, 0, 90.382, 65.804, 0, 0, 0, 0, 0, 14, 0, 12.587, 0, 3.442, 196, 0, 0, 0, 46, 1, 0, 0, 128.06, 14.866, 100, 0, 0, 141, 12, 12, 0, 0.55, 0, 85.382, 0, 0, 90.382, 65.804, 0, 0.1, 0, 0, 
27, 18.206, 100.3, 74.07, 74.86, , -4.361, 0.987, 2538.005, 2538.005, 3.43, -101.166, -101.166, -101.166, 52.616, , 34.27, 35.059, 7.378, 22.39, 0, 0, -17.39, -17.615, -17.39, -17.615, 1, 65.293, 65.293, 0.024, 0.136, -26.586, -26.931, -26.586, -26.931, 6.017, 7.378, 22.39, , , 1, 27.101, 0, 0, 12.597, 3.43, 196, 0, 0, 0, 46, 0, 0, 128.248, 14.905, 100, 0, 0, 12, 12, 0, 0.55, 85.277, 0, 0, 90.277, 65.61, 0, 0, 0, 0, 0, 14, 0, 12.597, 0, 3.43, 196, 0, 0, 0, 46, 1, 0, 0, 128.248, 14.905, 100, 0, 0, 141, 12, 12, 0, 0.55, 0, 85.277, 0, 0, 90.277, 65.61, 0, 0.1, 0, 0, 
27.05, 18.207, 100.3, 74.07, 74.86, , -4.351, 0.987, 2542.77, 2542.77, 3.423, -100.93, -100.93, -100.93, 52.614, , 34.273, 34.925, 7.378, 22.39, 0, 0, -17.292, -17.516, -17.292, -17.516, 1, 65.07, 65.07, 0.024, 0.136, -26.525, -26.869, -26.525, -26.869, 6.014, 7.378, 22.39, , , 1, 27.15, 0, 0, 12.6, 3.423, 196, 0, 0, 0, 46, 0, 0, 128.435, 14.944, 100, 0, 0, 12, 12, 0, 0.55, 85.211, 0, 0, 90.211, 65.508, 0, 0, 0, 0, 0, 14, 0, 12.6, 0, 3.423, 196, 0, 0, 0, 46, 1, 0, 0, 128.435, 14.944, 100, 0, 0, 141, 12, 12, 0, 0.55, 0, 85.211, 0, 0, 90.211, 65.508, 0, 0.1, 0, 0, 
27.1, 18.208, 100.3, 74.07, 74.86, , -4.342, 0.987, 2547.585, 2547.585, 3.417, -100.724, -100.724, -100.724, 52.614, , 34.461, 35.001, 7.378, 22.39, 0, 0, -17.198, -17.42, -17.198, -17.42, 1, 64.852, 64.852, 0.024, 0.136, -26.471, -26.814, -26.471, -26.814, 6.01, 7.378, 22.39, , , 1, 27.2, 0, 0, 12.6, 3.417, 196, 0, 0, 0, 46, 0, 0, 128.622, 14.982, 100, 0, 0, 12, 12, 0, 0.55, 85.159, 0, 0, 90.159, 65.442, 0, 0, 0, 0, 0, 14, 0, 12.6, 0, 3.417, 196, 0, 0, 0, 46, 1, 0, 0, 128.622, 14.982, 100, 0, 0, 141, 12, 12, 0, 0.55, 0, 85.159, 0, 0, 90.159, 65.442, 0, 0.1, 0, 0, 
27.15, 18.209, 100.3, 74.07, 74.86, , -4.328, 0.987, 2552.397, 2552.397, 3.411, -100.405, -100.405, -100.405, 52.616, , 34.65, 35.076, 7.378, 22.39, 0, 0, -17.086, -17.305, -17.086, -17.305, 1, 64.635, 64.635, 0.024, 0.136, -26.385, -26.727, -26.385, -26.727, 5.995, 7.378, 22.39, , , 1, 27.25, 0, 0, 12.6, 3.411, 196, 0, 0, 0, 46, 0, 0, 128.81, 15.021, 100, 0, 0, 12, 12, 0, 0.55, 85.107, 0, 0, 90.107, 65.376, 0, 0, 0, 0, 0, 14, 0, 12.6, 0, 3.411, 196, 0, 0, 0, 46, 1, 0, 0, 128.81, 15.021, 100, 0, 0, 141, 12, 12, 0, 0.55, 0, 85.107, 0, 0, 90.107, 65.376, 0, 0.1, 0, 0, 
27.2, 18.211, 100.3, 74.07, 74.86, , -4.312, 0.987, 2557.161, 2557.161, 3.405, -100.02, -100.02, -100.02, 52.625, , 34.838, 35.151, 7.379, 22.39, 0, 0, -16.963, -17.18, -16.963, -17.18, 1, 64.417, 64.417, 0.024, 0.136, -26.281, -26.621, -26.281, -26.621, 5.976, 7.379, 22.39, , , 1, 27.3, 0, 0, 12.6, 3.405, 196, 0, 0, 0, 46, 0, 0, 128.998, 15.059, 100, 0, 0, 12, 12, 0, 0.55, 85.055, 0, 0, 90.055, 65.311, 0, 0, 0, 0, 0, 14, 0, 12.6, 0, 3.405, 196, 0, 0, 0, 46, 1, 0, 0, 128.998, 15.059, 100, 0, 0, 141, 12, 12, 0, 0.55, 0, 85.055, 0, 0, 90.055, 65.311, 0, 0.1, 0, 0, 
27.25, 18.212, 100.3, 74.07, 74.86, , -4.301, 0.987, 2561.871, 2561.871, 3.399, -99.764, -99.764, -99.764, 52.635, , 35.026, 35.226, 7.379, 22.39, 0, 0, -16.863, -17.077, -16.863, -17.077, 1, 64.199, 64.199, 0.024, 0.136, -26.21, -26.547, -26.21, -26.547, 5.958, 7.379, 22.39, , , 1, 27.351, 0, 0, 12.6, 3.399, 196, 0, 0, 0, 46, 0, 0, 129.185, 15.098, 100, 0, 0, 12, 12, 0, 0.55, 85.003, 0, 0, 90.003, 65.245, 0, 0, 0, 0, 0, 14, 0, 12.6, 0, 3.399, 196, 0, 0, 0, 46, 1, 0, 0, 129.185, 15.098, 100, 0, 0, 141, 12, 12, 0, 0.55, 0, 85.003, 0, 0, 90.003, 65.245, 0, 0.1, 0, 0, 
27.3, 18.213, 100.3, 74.07, 74.86, , -4.29, 0.987, 2566.597, 2566.597, 3.389, -99.522, -99.522, -99.522, 52.647, , 34.971, 35.24, 7.38, 22.39, 0, 0, -16.765, -16.978, -16.765, -16.978, 1, 63.983, 63.983, 0.024, 0.136, -26.14, -26.476, -26.14, -26.476, 5.94, 7.38, 22.39, , , 1, 27.401, 0, 0, 12.617, 3.389, 196, 0, 0, 0, 46, 0, 0, 129.2, 15.229, 100, 0, 0, 12, 12, 0, 0.55, 84.913, 0, 0, 89.826, 65.029, 0, 0, 0, 0, 0, 14, 0, 12.617, 0, 3.389, 196, 0, 0, 0, 46, 1, 0, 0, 129.2, 15.229, 100, 0, 0, 141, 12, 12, 0, 0.55, 0, 84.913, 0, 0, 89.826, 65.029, 0, 0.091, 0, 0, 
27.35, 18.214, 100.3, 74.07, 74.86, , -4.281, 0.987, 2571.305, 2571.305, 3.379, -99.317, -99.317, -99.317, 52.659, , 34.863, 35.24, 7.38, 22.39, 0, 0, -16.674, -16.887, -16.674, -16.887, 1, 63.769, 63.769, 0.024, 0.136, -26.08, -26.415, -26.08, -26.415, 5.925, 7.38, 22.39, , , 1, 27.45, 0, 0, 12.636, 3.379, 196, 0, 0, 0, 46, 0, 0, 129.2, 15.366, 100, 0, 0, 12, 12, 0, 0.55, 84.82, 0, 0, 89.641, 64.799, 0, 0, 0, 0, 0, 14, 0, 12.636, 0, 3.379, 196, 0, 0, 0, 46, 1, 0, 0, 129.2, 15.366, 100, 0, 0, 141, 12, 12, 0, 0.55, 0, 84.82, 0, 0, 89.641, 64.799, 0, 0.082, 0, 0, 
27.4, 18.215, 100.3, 74.07, 74.86, , -4.269, 0.987, 2575.975, 2575.975, 3.369, -99.018, -99.018, -99.018, 52.668, , 34.755, 35.24, 7.379, 22.39, 0, 0, -16.567, -16.78, -16.567, -16.78, 1, 63.555, 63.555, 0.024, 0.136, -25.998, -26.331, -25.998, -26.331, 5.912, 7.379, 22.39, , , 1, 27.501, 0, 0, 12.654, 3.369, 196, 0, 0, 0, 46, 0, 0, 129.2, 15.503, 100, 0, 0, 12, 12, 0, 0.55, 84.728, 0, 0, 89.456, 64.569, 0, 0, 0, 0, 0, 14, 0, 12.654, 0, 3.369, 196, 0, 0, 0, 46, 1, 0, 0, 129.2, 15.503, 100, 0, 0, 141, 12, 12, 0, 0.55, 0, 84.728, 0, 0, 89.456, 64.569, 0, 0.073, 0, 0, 
27.45, 18.216, 100.3, 74.07, 74.86, , -4.26, 0.987, 2580.702, 2580.702, 3.358, -98.828, -98.828, -98.828, 52.672, , 34.647, 35.24, 7.379, 22.39, 0, 0, -16.48, -16.692, -16.48, -16.692, 1, 63.341, 63.341, 0.024, 0.136, -25.947, -26.279, -25.947, -26.279, 5.898, 7.379, 22.39, , , 1, 27.551, 0, 0, 12.673, 3.358, 196, 0, 0, 0, 46, 0, 0, 129.2, 15.64, 100, 0, 0, 12, 12, 0, 0.55, 84.635, 0, 0, 89.27, 64.34, 0, 0, 0, 0, 0, 14, 0, 12.673, 0, 3.358, 196, 0, 0, 0, 46, 1, 0, 0, 129.2, 15.64, 100, 0, 0, 141, 12, 12, 0, 0.55, 0, 84.635, 0, 0, 89.27, 64.34, 0, 0.064, 0, 0, 
27.5, 18.217, 100.3, 74.07, 74.86, , -4.253, 0.987, 2585.352, 2585.352, 3.348, -98.661, -98.661, -98.661, 52.672, , 34.539, 35.24, 7.378, 22.39, 0, 0, -16.396, -16.608, -16.396, -16.608, 1, 63.126, 63.126, 0.024, 0.136, -25.903, -26.235, -25.903, -26.235, 5.884, 7.378, 22.39, , , 1, 27.601, 0, 0, 12.691, 3.348, 196, 0, 0, 0, 46, 0, 0, 129.2, 15.777, 100, 0, 0, 12, 12, 0, 0.55, 84.543, 0, 0, 89.085, 64.11, 0, 0, 0, 0, 0, 14, 0, 12.691, 0, 3.348, 196, 0, 0, 0, 46, 1, 0, 0, 129.2, 15.777, 100, 0, 0, 141, 12, 12, 0, 0.55, 0, 84.543, 0, 0, 89.085, 64.11, 0, 0.054, 0, 0, 
27.55, 18.219, 100.3, 74.07, 74.86, , -4.243, 0.987, 2589.985, 2589.985, 3.337, -98.424, -98.424, -98.424, 52.668, , 34.697, 35.21, 7.378, 22.39, 0, 0, -16.301, -16.513, -16.301, -16.513, 1, 62.911, 62.911, 0.024, 0.136, -25.844, -26.174, -25.844, -26.174, 5.873, 7.378, 22.39, , , 1, 27.651, 0, 0, 12.7, 3.337, 196, 0, 0, 0, 46, 0, 0, 129.2, 15.88, 100, 0, 0, 12, 12, 0, 0.55, 84.444, 0, 0, 88.944, 63.866, 0, 0, 0, 0, 0, 14, 0, 12.7, 0, 3.337, 196, 0, 0, 0, 46, 1, 0, 0, 129.2, 15.88, 100, 0, 0, 141, 12, 12, 0, 0.55, 0, 84.444, 0, 0, 88.944, 63.866, 0, 0.045, 0, 0, 
27.6, 18.22, 100.3, 74.07, 74.86, , -4.23, 0.987, 2594.654, 2594.654, 3.325, -98.114, -98.114, -98.114, 52.664, , 34.913, 35.174, 7.377, 22.39, 0, 0, -16.194, -16.405, -16.194, -16.405, 1, 62.697, 62.697, 0.024, 0.136, -25.764, -26.094, -25.764, -26.094, 5.862, 7.377, 22.39, , , 1, 27.701, 0, 0, 12.7, 3.325, 196, 0, 0, 0, 46, 0, 0, 129.2, 15.955, 100, 0, 0, 12, 12, 0, 0.55, 84.34, 0, 0, 88.84, 63.609, 0, 0, 0, 0, 0, 14, 0, 12.7, 0, 3.325, 196, 0, 0, 0, 46, 1, 0, 0, 129.2, 15.955, 100, 0, 0, 141, 12, 12, 0, 0.55, 0, 84.34, 0, 0, 88.84, 63.609, 0, 0.034, 0, 0, 
27.65, 18.221, , , 74.86, , -4.223, , 2599.269, 2599.269, 3.313, -97.95, -97.95, -97.95, 52.664, , 35.129, 35.138, 7.377, 22.39, 0, 0, -16.113, -16.323, -16.113, -16.323, 1, 62.485, 62.485, 0.024, 0.136, -25.72, -26.05, -25.72, -26.05, 5.852, 7.377, 22.39, , , 1, 27.751, 0, 0, 12.7, 3.313, 196, 0, 0, 0, 46, 0, 0, 129.2, 16.03, 100, 0, 0, 12, 12, 0, 0.55, 84.237, 0, 0, 88.737, 63.352, 0, 0, 0, 0, 0, 14, 0, 12.7, 0, 3.313, 196, 0, 0, 0, 46, 1, 0, 0, 129.2, 16.03, 100, 0, 0, 141, 12, 12, 0, 0.55, 0, 84.237, 0, 0, 88.737, 63.352, 0, 0.024, 0, 0, 
27.7, 18.222, , , 74.86, , -4.212, , 2603.848, 2603.848, 3.302, -97.695, -97.695, -97.695, 52.671, , 35.345, 35.102, 7.377, 22.39, 0, 0, -16.016, -16.225, -16.016, -16.225, 1, 62.271, 62.271, 0.024, 0.136, -25.65, -25.979, -25.65, -25.979, 5.841, 7.377, 22.39, , , 1, 27.801, 0, 0, 12.7, 3.302, 196, 0, 0, 0, 46, 0, 0, 129.2, 16.104, 100, 0, 0, 12, 12, 0, 0.55, 84.133, 0, 0, 88.633, 63.094, 0, 0, 0, 0, 0, 14, 0, 12.7, 0, 3.302, 196, 0, 0, 0, 46, 1, 0, 0, 129.2, 16.104, 100, 0, 0, 141, 12, 12, 0, 0.55, 0, 84.133, 0, 0, 88.633, 63.094, 0, 0.013, 0, 0, 
27.75, 18.223, , , 74.86, , -4.198, , 2608.426, 2608.426, 3.29, -97.384, -97.384, -97.384, 52.681, , 35.561, 35.066, 7.377, 22.39, 0, 0, -15.911, -16.118, -15.911, -16.118, 1, 62.059, 62.059, 0.024, 0.136, -25.564, -25.891, -25.564, -25.891, 5.836, 7.377, 22.39, , , 1, 27.851, 0, 0, 12.7, 3.29, 196, 0, 0, 0, 46, 0, 0, 129.2, 16.179, 100, 0, 0, 12, 12, 0, 0.55, 84.029, 0, 0, 88.529, 62.837, 0, 0, 0, 0, 0, 14, 0, 12.7, 0, 3.29, 196, 0, 0, 0, 46, 1, 0, 0, 129.2, 16.179, 100, 0, 0, 141, 12, 12, 0, 0.55, 0, 84.029, 0, 0, 88.529, 62.837, 0, 0.003, 0, 0, 
27.8, 18.224, , , 74.86, , -4.189, , 2613.004, 2613.004, 3.276, -97.18, -97.18, -97.18, 52.696, , 35.57, 35.09, 7.377, 22.39, 0, 0, -15.824, -16.029, -15.824, -16.029, 1, 61.848, 61.848, 0.024, 0.136, -25.503, -25.829, -25.503, -25.829, 5.835, 7.377, 22.39, , , 1, 27.901, 0, 0, 12.714, 3.276, 196.277, 0, 0, 0, 46, 0, 0, 129.2, 16.277, 100, 0, 0, 12, 12, 0, 0.55, 83.862, 0, 0, 88.396, 62.551, 0, 0, 0, 0, 0, 14, 0, 12.714, 0, 3.276, 196.277, 0, 0, 0, 46, 1, 0, 0, 129.2, 16.277, 100, 0, 0, 141, 12, 12, 0, 0.55, 0, 83.862, 0, 0, 88.396, 62.551, 0, 0, 0, 0, 
27.85, 18.225, , , 74.86, , -4.184, , 2617.582, 2617.582, 3.26, -97.06, -97.06, -97.06, 52.708, , 35.534, 35.126, 7.377, 22.39, 0, 0, -15.75, -15.953, -15.75, -15.953, 1, 61.64, 61.64, 0.024, 0.136, -25.466, -25.791, -25.466, -25.791, 5.835, 7.377, 22.39, , , 1, 27.951, 0, 0, 12.733, 3.26, 196.662, 0, 0, 0, 46, 0, 0, 129.2, 16.384, 100, 0, 0, 12, 12, 0, 0.55, 83.669, 0, 0, 88.252, 62.252, 0, 0, 0, 0, 0, 14, 0, 12.733, 0, 3.26, 196.662, 0, 0, 0, 46, 1, 0, 0, 129.2, 16.384, 100, 0, 0, 141, 12, 12, 0, 0.55, 0, 83.669, 0, 0, 88.252, 62.252, 0, 0, 0, 0, 
27.9, 18.227, , , 74.86, , -4.176, , 2622.117, 2622.117, 3.245, -96.862, -96.862, -96.862, 52.712, , 35.498, 35.162, 7.377, 22.39, 0, 0, -15.664, -15.865, -15.664, -15.865, 1, 61.428, 61.428, 0.024, 0.136, -25.412, -25.736, -25.412, -25.736, 5.834, 7.377, 22.39, , , 1, 28.001, 0, 0, 12.752, 3.245, 197.046, 0, 0, 0, 46, 0, 0, 129.2, 16.49, 100, 0, 0, 12, 12, 0, 0.55, 83.477, 0, 0, 88.108, 61.953, 0, 0, 0, 0, 0, 14, 0, 12.752, 0, 3.245, 197.046, 0, 0, 0, 46, 1, 0, 0, 129.2, 16.49, 100, 0, 0, 141, 12, 12, 0, 0.55, 0, 83.477, 0, 0, 88.108, 61.953, 0, 0, 0, 0, 
27.95, 18.228, , , 74.86, , -4.169, , 2626.648, 2626.648, 3.229, -96.717, -96.717, -96.717, 52.706, , 35.462, 35.198, 7.377, 22.39, 0, 0, -15.587, -15.787, -15.587, -15.787, 1, 61.219, 61.219, 0.024, 0.135, -25.375, -25.7, -25.375, -25.7, 5.83, 7.377, 22.39, , , 1, 28.051, 0, 0, 12.772, 3.229, 197.431, 0, 0, 0, 46, 0, 0, 129.2, 16.597, 100, 0, 0, 12, 12, 0, 0.55, 83.285, 0, 0, 87.963, 61.654, 0, 0, 0, 0, 0, 14, 0, 12.772, 0, 3.229, 197.431, 0, 0, 0, 46, 1, 0, 0, 129.2, 16.597, 100, 0, 0, 141, 12, 12, 0, 0.55, 0, 83.285, 0, 0, 87.963, 61.654, 0, 0, 0, 0, 
28, 18.229, , , 74.86, , -4.165, , 2631.189, 2631.189, 3.214, -96.622, -96.622, -96.622, 52.695, , 35.426, 35.234, 7.377, 22.39, 0, 0, -15.518, -15.717, -15.518, -15.717, 1, 61.005, 61.005, 0.024, 0.135, -25.354, -25.681, -25.354, -25.681, 5.817, 7.377, 22.39, , , 1, 28.101, 0, 0, 12.791, 3.214, 197.815, 0, 0, 0, 46, 0, 0, 129.2, 16.704, 100, 0, 0, 12, 12, 0, 0.55, 83.092, 0, 0, 87.819, 61.355, 0, 0, 0, 0, 0, 14, 0, 12.791, 0, 3.214, 197.815, 0, 0, 0, 46, 1, 0, 0, 129.2, 16.704, 100, 0, 0, 141, 12, 12, 0, 0.55, 0, 83.092, 0, 0, 87.819, 61.355, 0, 0, 0, 0, 
28.05, 18.23, , , 74.86, , -4.156, , 2635.679, 2635.679, 3.203, -96.401, -96.401, -96.401, 52.686, , 35.272, 35.535, 7.377, 22.39, 0, 0, -15.43, -15.628, -15.43, -15.628, 1, 60.797, 60.797, 0.024, 0.135, -25.3, -25.628, -25.3, -25.628, 5.805, 7.377, 22.39, , , 1, 28.151, 0, 0, 12.8, 3.203, 198, 0, 0, 0, 46, 0, 0, 129.2, 16.776, 100, 0, 0, 12, 12, 0, 0.55, 82.943, 0, 0, 87.722, 61.171, 0, 0, 0, 0, 0, 14, 0, 12.8, 0, 3.203, 198, 0, 0, 0, 46, 1, 0, 0, 129.2, 16.776, 100, 0, 0, 141, 12, 12, 0, 0.55, 0, 82.943, 0, 0, 87.722, 61.171, 0, 0, 0, 0, 
28.1, , , , , , -4.147, , 2640.14, 2640.14, 3.197, -96.198, -96.198, -96.198, 52.675, , 35.092, 35.895, 7.377, 22.39, 0, 0, -15.345, -15.543, -15.345, -15.543, 1, 60.588, 60.588, 0.024, 0.135, -25.269, -25.597, -25.269, -25.597, 5.792, 7.377, 22.39, , , 1, 28.201, 0, 0, 12.8, 3.197, 198, 0, 0, 0, 46, 0, 0, 129.2, 16.816, 100, 0, 0, 12, 12, 0, 0.55, 82.834, 0, 0, 87.667, 61.102, 0, 0, 0, 0, 0, 14, 0, 12.8, 0, 3.197, 198, 0, 0, 0, 46, 1, 0, 0, 129.2, 16.816, 100, 0, 0, 141, 12, 12, 0, 0.55, 0, 82.834, 0, 0, 87.667, 61.102, 0, 0, 0, 0, 
28.15, , , , , , -4.134, , 2644.571, 2644.571, 3.191, -95.893, -95.893, -95.893, 52.663, , 34.912, 36.255, 7.377, 22.39, 0, 0, -15.252, -15.45, -15.252, -15.45, 1, 60.381, 60.381, 0.024, 0.134, -25.242, -25.572, -25.242, -25.572, 5.78, 7.377, 22.39, , , 1, 28.25, 0, 0, 12.8, 3.191, 198, 0, 0, 0, 46, 0, 0, 129.2, 16.857, 100, 0, 0, 12, 12, 0, 0.55, 82.725, 0, 0, 87.612, 61.033, 0, 0, 0, 0, 0, 14, 0, 12.8, 0, 3.191, 198, 0, 0, 0, 46, 1, 0, 0, 129.2, 16.857, 100, 0, 0, 141, 12, 12, 0, 0.55, 0, 82.725, 0, 0, 87.612, 61.033, 0, 0, 0, 0, 
28.2, , , , , , -4.13, , 2648.466, 2648.466, 3.185, -95.795, -95.795, -95.795, 52.652, , 34.732, 36.615, 7.377, 22.39, 0, 0, -15.211, -15.408, -15.211, -15.408, 1, 60.255, 60.255, 0.024, 0.134, -25.212, -25.542, -25.212, -25.542, 5.764, 7.377, 22.39, , , 1, 28.293, 0, 0, 12.8, 3.185, 198, 0, 0, 0, 46, 0, 0, 129.2, 16.897, 100, 0, 0, 12, 12, 0, 0.55, 82.616, 0, 0, 87.558, 60.964, 0, 0, 0, 0, 0, 14, 0, 12.8, 0, 3.185, 198, 0, 0, 0, 46, 1, 0, 0, 129.2, 16.897, 100, 0, 0, 141, 12, 12, 0, 0.55, 0, 82.616, 0, 0, 87.558, 60.964, 0, 0, 0, 0, 
28.25, , , , , , -4.118, , 2650.677, 2650.677, 3.178, -95.517, -95.517, -95.517, , , 34.552, 36.975, 7.377, 22.39, 0, 0, -15.14, -15.337, -15.14, -15.337, 1, 60.152, 60.152, 0.024, 0.134, , , , , 5.748, 7.377, 22.39, , , 1, 28.319, 0, 0, 12.8, 3.178, 198, 0, 0, 0, 46, 0, 0, 129.2, 16.938, 100, 0, 0, 12, 12, 0, 0.55, 82.507, 0, 0, 87.503, 60.896, 0, 0, 0, 0, 0, 14, 0, 12.8, 0, 3.178, 198, 0, 0, 0, 46, 1, 0, 0, 129.2, 16.938, 100, 0, 0, 141, 12, 12, 0, 0.55, 0, 82.507, 0, 0, 87.503, 60.896, 0, 0, 0, 0, 
28.3, , , , , , -4.115, , 2652.915, 2652.915, , -95.443, -95.443, -95.443, , , , , 7.377, 22.39, 0, 0, -15.1, -15.3, -15.1, -15.3, 1, 60.049, 60.049, 0.024, 0.134, , , , , 5.732, 7.377, 22.39, , , 1, 28.344, , , , , , , , , , , , , , , , , , , , , , , , , , , , , , , , , , , , , , , , , , , , , , , , , , , , , , , , , , , , , , , , 
28.35, , , , , , , , 2655.114, 2655.114, , , , , , , , , 7.377, 22.39, 0, 0, , , , , 1, 59.946, 59.946, 0.024, 0.134, , , , , 5.716, 7.377, 22.39, , , , 28.368, , , , , , , , , , , , , , , , , , , , , , , , , , , , , , , , , , , , , , , , , , , , , , , , , , , , , , , , , , , , , , , , 
28.4, , , , , , , , , , , , , , , , , , 7.377, 22.39, , , , , , , , , , , , , , , , , 7.377, 22.39, , , , , , , , , , , , , , , , , , , , , , , , , , , , , , , , , , , , , , , , , , , , , , , , , , , , , , , , , , , , , , , , , , , , 
