Time, (DWRT ATMO) Humidity, (DWRT ATMO) Pressure, (DWRT ATMO) Temperature 1, (DWRT ATMO) Temperature 2, (DWRT CPU) ????????????????????????????????????????????????????????????????, (DWRT CPU) Acceleration, (DWRT CPU) Correction Factor, (DWRT CPU) Distance, (DWRT CPU) Distance 1, (DWRT CPU) Engine RPM, (DWRT CPU) Force, (DWRT CPU) Force 1, (DWRT CPU) Force Drum 1, (DWRT CPU) Gear Ratio, (DWRT CPU) Inductive 1 Signal Strength, (DWRT CPU) Internal Temp 1, (DWRT CPU) Internal Temp 2, (DWRT CPU) LC1 Volts Petrol AFR, (DWRT CPU) LC2 Volts Petrol AFR2, (DWRT CPU) Link 0 Status, (DWRT CPU) Link 1 Status, (DWRT CPU) Power, (DWRT CPU) Power (uncorrected), (DWRT CPU) Power Drum 1, (DWRT CPU) Power Drum 1 (uncorrected), (DWRT CPU) Sampling, (DWRT CPU) Speed, (DWRT CPU) Speed 1, (DWRT CPU) TCP RX kB/s, (DWRT CPU) TCP TX kB/s, (DWRT CPU) Torque, (DWRT CPU) Torque (uncorrected), (DWRT CPU) Torque Drum 1, (DWRT CPU) Torque Drum 1 (uncorrected), (DWRT CPU) UDP RX kB/s, (DWRT CPU) User Analog 1, (DWRT CPU) User Analog 2, (DWRT CPU) User Analog 3, (DWRT CPU) User Analog 4, (Gen) Sampling, (Gen) Sampling Duration, (Harley - ECU Type 14 SW Level 141) Accel Enrichment, (Harley - ECU Type 14 SW Level 141) Decel Enleanment, (Harley - ECU Type 14 SW Level 141) Desired Air/Fuel, (Harley - ECU Type 14 SW Level 141) Engine Speed, (Harley - ECU Type 14 SW Level 141) Engine Temperature, (Harley - ECU Type 14 SW Level 141) Front Adaptive Fuel Factor, (Harley - ECU Type 14 SW Level 141) Front Closed Loop Integrator, (Harley - ECU Type 14 SW Level 141) Front Spark Knock Retard, (Harley - ECU Type 14 SW Level 141) Idle Air Control Motor Position, (Harley - ECU Type 14 SW Level 141) Injector Time Front, (Harley - ECU Type 14 SW Level 141) Injector Time Rear, (Harley - ECU Type 14 SW Level 141) Intake Air Temperature, (Harley - ECU Type 14 SW Level 141) Manifold Absolute Pressure, (Harley - ECU Type 14 SW Level 141) Rear Adaptive Fuel Factor, (Harley - ECU Type 14 SW Level 141) Rear Closed Loop Integrator, (Harley - ECU Type 14 SW Level 141) Rear Spark Knock Retard, (Harley - ECU Type 14 SW Level 141) Spark Advance Front, (Harley - ECU Type 14 SW Level 141) Spark Advance Rear, (Harley - ECU Type 14 SW Level 141) Throttle Position, (Harley - ECU Type 14 SW Level 141) Throttle Position Sensor Voltage, (Harley - ECU Type 14 SW Level 141) VE Front, (Harley - ECU Type 14 SW Level 141) VE New Front, (Harley - ECU Type 14 SW Level 141) VE New Rear, (Harley - ECU Type 14 SW Level 141) VE Rear, (Harley - ECU Type 14 SW Level 141) Vehicle Speed, (Harley - ECU Type 14 SW Level 141) WBO2 AFR Front, (Harley - ECU Type 14 SW Level 141) WBO2 AFR Rear, (PV) Accel Enrichment, (PV) AT Lambda 1, (PV) AT Lambda 2, (PV) Battery Voltage, (PV) Decel Enleanment, (PV) Desired Air/Fuel, (PV) Desired Lambda, (PV) Engine Speed, (PV) Engine Temperature, (PV) Front Adaptive Fuel Factor, (PV) Front Closed Loop Integrator, (PV) Front Spark Knock Retard, (PV) Idle Air Control Motor Position, (PV) Idle Set Speed, (PV) Injector Time Front, (PV) Injector Time Rear, (PV) Intake Air Temperature, (PV) Manifold Absolute Pressure, (PV) Rear Adaptive Fuel Factor, (PV) Rear Closed Loop Integrator, (PV) Rear Spark Knock Retard, (PV) Software Level, (PV) Spark Advance Front, (PV) Spark Advance Rear, (PV) Throttle Position, (PV) Throttle Position Sensor, (PV) Twistgrip Position, (PV) VE Front, (PV) VE New Front, (PV) VE New Rear, (PV) VE Rear, (PV) Vehicle Speed, (PV) Warm-up Fuel AFR (Lambda), (PV) Warm-up Fuel AFR (Ratio), (PV) WBO2 AFR Front, (PV) WBO2 AFR Rear, 
0, , , , , , 2.296, , , , , 56.29, 56.29, 56.29, , , , , , , , , , , , , , , , , , , , , , , , , , , , , , , , , , , , , , , , , , , , , , , , , , , , , , , , , , , , , , , , , , , , , , , , , , , , , , , , , , , , , , , , , , , , 
0.05, , , , , , 2.294, , , , , 56.226, 56.226, 56.226, , , , , , , , , , , , , , 42.871, 42.871, , , , , , , , , , , , , , , , , , , , , , , , , , , , , , , , , , , , , , , , , , , , , , , , , , , , , , , , , , , , , , , , , , , , , , , , , , , , , 
0.1, , , , , , 2.209, , 5.575, 5.575, 2.235, 54.222, 54.222, 54.222, , , , , 7.377, 12.824, , , 6.064, 6.15, 6.064, 6.15, , 43.027, 43.027, , , , , , , , 7.377, 12.824, , , 1, 0.058, 0, 0, 14.5, 2.235, 178, 0, 0, 0, 56, 5.28, 5.272, 125.526, 36.485, 100, 0, 0, 30.02, 30.02, 6, 0.8, 98, 0, 0, 107.5, 43.5, 0, 0, 0, 0, 0, 13.6, 0, 14.5, 0, 2.235, 178, 0, 0, 0, 56, 1, 0.005, 0.005, 125.526, 36.485, 100, 0, 0, 141, 30.02, 30.02, 6, 0.8, 0, 98, 0, 0, 107.5, 43.5, 0, 0, 0, 0, 
0.15, , , , , , 2.052, , 11.776, 11.776, 2.24, 50.5, 50.5, 50.5, 52.031, , , , 7.378, 12.84, , , 5.563, 5.641, 5.563, 5.641, , 43.17, 43.17, 0.024, 0.14, 12.394, 12.574, 12.394, 12.574, 4.551, 7.378, 12.84, , , 1, 0.133, 0, 0, 14.5, 2.24, 178, 0, 0, 0, 56, 5.277, 5.281, 125.117, 36.401, 100, 0, 0, 30.134, 30.134, 6, 0.8, 98, 0, 0, 107.5, 43.5, 0, 0, 0, 0, 0, 13.6, 0, 14.5, 0, 2.24, 178, 0, 0, 0, 56, 1, 0.005, 0.005, 125.117, 36.401, 100, 0, 0, 141, 30.134, 30.134, 6, 0.8, 0, 98, 0, 0, 107.5, 43.5, 0, 0, 0, 0, 
0.2, , , , , , 2.044, , 16.572, 16.572, 2.246, 50.317, 50.317, 50.317, 52.052, , 35.406, 35.046, 7.379, 12.854, 0, 0, 5.589, 5.667, 5.589, 5.667, 1, 43.312, 43.312, 0.024, 0.14, 12.601, 12.784, 12.601, 12.784, 4.584, 7.379, 12.854, , , 1, 0.208, 0, 0, 14.5, 2.246, 178, 0, 0, 0, 56, 5.275, 5.29, 124.708, 36.317, 100, 0, 0, 30.248, 30.248, 6, 0.8, 98, 0, 0, 107.5, 43.5, 0, 0, 0, 0, 0, 13.6, 0, 14.5, 0, 2.246, 178, 0, 0, 0, 56, 1, 0.005, 0.005, 124.708, 36.317, 100, 0, 0, 141, 30.248, 30.248, 6, 0.8, 0, 98, 0, 0, 107.5, 43.5, 0, 0, 0, 0, 
0.25, , , , , , 2.031, , 21.333, 21.333, 2.251, 50.015, 50.015, 50.015, 52.059, , 35.334, 34.974, 7.379, 12.864, 0, 0, 5.632, 5.711, 5.632, 5.711, 1, 43.463, 43.463, 0.024, 0.139, 12.872, 13.058, 12.872, 13.058, 4.616, 7.379, 12.864, , , 1, 0.282, 0, 0, 14.5, 2.251, 178, 0, 0, 0, 56, 5.273, 5.299, 124.299, 36.233, 100, 0, 0, 30.361, 30.361, 6, 0.8, 98, 0, 0, 107.5, 43.5, 0, 0, 0, 0, 0, 13.6, 0, 14.5, 0, 2.251, 178, 0, 0, 0, 56, 1, 0.005, 0.005, 124.299, 36.233, 100, 0, 0, 141, 30.361, 30.361, 6, 0.8, 0, 98, 0, 0, 107.5, 43.5, 0, 0, 0, 0, 
0.3, , 100.33, 73.269, , , 2.013, 0.986, 25.943, 25.943, 2.257, 49.578, 49.578, 49.578, 52.067, , 35.262, 34.902, 7.38, 12.871, 0, 0, 5.677, 5.757, 5.677, 5.757, 1, 43.572, 43.572, 0.024, 0.139, 13.148, 13.338, 13.148, 13.338, 4.649, 7.38, 12.871, , , 1, 0.339, 0, 0, 14.5, 2.257, 178, 0, 0, 0, 56, 5.27, 5.308, 123.89, 36.149, 100, 0, 0, 30.475, 30.475, 6, 0.8, 98, 0, 0, 107.5, 43.5, 0, 0, 0, 0, 0, 13.6, 0, 14.5, 0, 2.257, 178, 0, 0, 0, 56, 1, 0.005, 0.005, 123.89, 36.149, 100, 0, 0, 141, 30.475, 30.475, 6, 0.8, 0, 98, 0, 0, 107.5, 43.5, 0, 0, 0, 0, 
0.35, , 100.33, 73.265, , , 1.974, 0.986, 29.142, 29.142, 2.264, 48.652, 48.652, 48.652, 52.073, , 35.19, 34.83, 7.38, 12.863, 0, 0, 5.583, 5.663, 5.583, 5.663, 1, 43.671, 43.671, 0.024, 0.139, 12.901, 13.088, 12.901, 13.088, 4.648, 7.38, 12.863, , , 1, 0.39, 0, 0, 14.5, 2.264, 178, 0, 0, 0, 56, 5.239, 5.268, 123.8, 36.005, 100, 0, 0, 30.542, 30.542, 6, 0.8, 97.873, 0, 0, 107.373, 43.658, 0, 0, 0, 0, 0, 13.6, 0, 14.5, 0, 2.264, 178, 0, 0, 0, 56, 1, 0.005, 0.005, 123.8, 36.005, 100, 0, 0, 141, 30.542, 30.542, 6, 0.8, 0, 97.873, 0, 0, 107.373, 43.658, 0, 0, 0, 0, 
0.4, , 100.33, 73.261, , , 1.947, 0.986, 32.313, 32.313, 2.272, 48.016, 48.016, 48.016, 52.075, , 35.118, 34.758, 7.379, 12.853, 0, 0, 5.523, 5.602, 5.523, 5.602, 1, 43.768, 43.768, 0.024, 0.139, 12.733, 12.916, 12.733, 12.916, 4.63, 7.379, 12.853, , , 1, 0.439, 0, 0, 14.5, 2.272, 178, 0, 0, 0, 56, 5.198, 5.213, 123.8, 35.844, 100, 0, 0, 30.597, 30.597, 6, 0.8, 97.71, 0, 0, 107.21, 43.86, 0, 0, 0, 0, 0, 13.6, 0, 14.5, 0, 2.272, 178, 0, 0, 0, 56, 1, 0.005, 0.005, 123.8, 35.844, 100, 0, 0, 141, 30.597, 30.597, 6, 0.8, 0, 97.71, 0, 0, 107.21, 43.86, 0, 0, 0, 0, 
0.45, , 100.33, 73.257, , , 1.935, 0.986, 35.481, 35.481, 2.279, 47.736, 47.736, 47.736, 52.07, , 35.046, 34.729, 7.379, 12.829, 0, 0, 5.505, 5.583, 5.505, 5.583, 1, 43.866, 43.866, 0.024, 0.139, 12.66, 12.841, 12.66, 12.841, 4.611, 7.379, 12.829, , , 1, 0.489, 0, 0, 14.5, 2.279, 178, 0, 0, 0, 56, 5.158, 5.159, 123.8, 35.683, 100, 0, 0, 30.651, 30.651, 6, 0.8, 97.547, 0, 0, 107.047, 44.062, 0, 0, 0, 0, 0, 13.6, 0, 14.5, 0, 2.279, 178, 0, 0, 0, 56, 1, 0.005, 0.005, 123.8, 35.683, 100, 0, 0, 141, 30.651, 30.651, 6, 0.8, 0, 97.547, 0, 0, 107.047, 44.062, 0, 0, 0, 0, 
0.5, , 100.33, 73.254, , , 1.969, 0.986, 38.724, 38.724, 2.287, 48.545, 48.545, 48.545, 52.062, , 34.974, 34.873, 7.378, 12.806, 0, 0, 5.611, 5.69, 5.611, 5.69, 1, 43.963, 43.963, 0.024, 0.138, 12.877, 13.061, 12.877, 13.061, 4.593, 7.378, 12.806, , , 1, 0.54, 0, 0, 14.5, 2.287, 178, 0, 0, 0, 56, 5.118, 5.105, 123.8, 35.522, 100, 0, 0, 30.705, 30.705, 6, 0.8, 97.384, 0, 0, 106.884, 44.264, 0, 0, 0, 0, 0, 13.6, 0, 14.5, 0, 2.287, 178, 0, 0, 0, 56, 1, 0.005, 0.005, 123.8, 35.522, 100, 0, 0, 141, 30.705, 30.705, 6, 0.8, 0, 97.384, 0, 0, 106.884, 44.264, 0, 0, 0, 0, 
0.55, , 100.33, 73.25, , , 1.956, 0.986, 41.936, 41.936, 2.293, 48.236, 48.236, 48.236, 52.048, , 34.902, 35.017, 7.378, 12.795, 0, 0, 5.587, 5.666, 5.587, 5.666, 1, 44.061, 44.061, 0.024, 0.138, 12.799, 12.981, 12.799, 12.981, 4.578, 7.378, 12.795, , , 1, 0.589, 0, 0, 14.5, 2.293, 178, 0, 0, 0, 56, 5.084, 5.058, 123.8, 35.376, 100, 0, 0, 30.76, 30.76, 6, 0.8, 97.24, 0, 0, 106.74, 44.442, 0, 0, 0, 0, 0, 13.6, 0, 14.5, 0, 2.293, 178, 0, 0, 0, 56, 1, 0.005, 0.005, 123.8, 35.376, 100, 0, 0, 141, 30.76, 30.76, 6, 0.8, 0, 97.24, 0, 0, 106.74, 44.442, 0, 0, 0, 0, 
0.6, , 100.33, 73.246, , , 1.889, 0.986, 45.135, 45.135, 2.296, 46.641, 46.641, 46.641, 52.029, , 34.83, 35.161, 7.378, 12.786, 0, 0, 5.414, 5.49, 5.414, 5.49, 1, 44.158, 44.158, 0.024, 0.138, 12.379, 12.555, 12.379, 12.555, 4.567, 7.378, 12.786, , , 1, 0.639, 0, 0, 14.5, 2.296, 178, 0, 0, 0, 56, 5.081, 5.05, 123.8, 35.295, 100, 0, 0, 30.814, 30.814, 6, 0.8, 97.186, 0, 0, 106.686, 44.51, 0, 0, 0, 0, 0, 13.6, 0, 14.5, 0, 2.296, 178, 0, 0, 0, 56, 1, 0.005, 0.005, 123.8, 35.295, 100, 0, 0, 141, 30.814, 30.814, 6, 0.8, 0, 97.186, 0, 0, 106.686, 44.51, 0, 0, 0, 0, 
0.65, , 100.33, 73.242, , , 1.713, 0.986, 48.335, 48.335, 2.298, 42.486, 42.486, 42.486, 52.016, , 34.758, 35.305, 7.379, 12.797, 0, 0, 4.939, 5.008, 4.939, 5.008, 1, 44.248, 44.248, 0.024, 0.138, 11.279, 11.438, 11.279, 11.438, 4.555, 7.379, 12.797, , , 1, 0.69, 0, 0, 14.5, 2.298, 178, 0, 0, 0, 56, 5.078, 5.041, 123.8, 35.215, 100, 0, 0, 30.868, 30.868, 6, 0.8, 97.132, 0, 0, 106.632, 44.577, 0, 0, 0, 0, 0, 13.6, 0, 14.5, 0, 2.298, 178, 0, 0, 0, 56, 1, 0.005, 0.005, 123.8, 35.215, 100, 0, 0, 141, 30.868, 30.868, 6, 0.8, 0, 97.132, 0, 0, 106.632, 44.577, 0, 0, 0, 0, 
0.7, , 100.33, 73.238, , , 1.393, 0.986, 51.569, 51.569, 2.3, 34.884, 34.884, 34.884, 52.011, 92.439, 34.722, 35.406, 7.379, 12.808, 0, 0, 4.06, 4.117, 4.06, 4.117, 1, 44.328, 44.328, 0.024, 0.138, 9.262, 9.393, 9.262, 9.393, 4.544, 7.379, 12.808, , , 1, 0.74, 0, 0, 14.5, 2.3, 178, 0, 0, 0, 56, 5.075, 5.032, 123.8, 35.134, 100, 0, 0, 30.923, 30.923, 6, 0.8, 97.077, 0, 0, 106.577, 44.644, 0, 0, 0, 0, 0, 13.6, 0, 14.5, 0, 2.3, 178, 0, 0, 0, 56, 1, 0.005, 0.005, 123.8, 35.134, 100, 0, 0, 141, 30.923, 30.923, 6, 0.8, 0, 97.077, 0, 0, 106.577, 44.644, 0, 0, 0, 0, 
0.75, 17.011, 100.33, 73.234, 73.98, , 1.012, 0.986, 54.812, 54.812, 2.302, 25.839, 25.839, 25.839, 52.032, 85.398, 34.83, 35.334, 7.38, 12.835, 0, 0, 3.011, 3.053, 3.011, 3.053, 1, 44.386, 44.386, 0.024, 0.139, 6.862, 6.959, 6.862, 6.959, 4.539, 7.38, 12.835, , , 1, 0.79, 0, 0, 14.5, 2.302, 178, 0, 0, 0, 56, 5.071, 5.024, 123.8, 35.054, 100, 0, 0, 30.977, 30.977, 6, 0.8, 97.023, 0, 0, 106.523, 44.712, 0, 0, 0, 0, 0, 13.6, 0, 14.5, 0, 2.302, 178, 0, 0, 0, 56, 1, 0.005, 0.005, 123.8, 35.054, 100, 0, 0, 141, 30.977, 30.977, 6, 0.8, 0, 97.023, 0, 0, 106.523, 44.712, 0, 0, 0, 0, 
0.8, 17.012, 100.33, 73.231, 73.98, , 0.592, 0.986, 58.055, 58.055, 2.305, 15.879, 15.879, 15.879, 52.066, 78.356, 34.938, 35.262, 7.38, 12.863, 0, 0, 1.853, 1.88, 1.853, 1.88, 1, 44.425, 44.425, 0.024, 0.139, 4.219, 4.278, 4.219, 4.278, 4.554, 7.38, 12.863, , , 1, 0.84, 0, 0.025, 14.494, 2.305, 178, 0, 0, 0, 55.652, 4.925, 4.848, 123.8, 34.55, 100, 0, 0, 30.623, 30.507, 5.768, 0.791, 96.478, 0, 0, 105.746, 44.74, 0, 0, 0, 0, 0, 13.6, 0.025, 14.494, 0, 2.305, 178, 0, 0, 0, 55.652, 1, 0.005, 0.005, 123.8, 34.55, 100, 0, 0, 141, 30.623, 30.507, 5.768, 0.791, 0, 96.478, 0, 0, 105.746, 44.74, 0, 0, 0, 0, 
0.85, 17.013, 100.33, 73.227, 73.98, , 0.258, 0.986, 61.339, 61.339, 2.309, 7.958, 7.958, 7.958, 52.108, 71.315, 35.046, 35.19, 7.38, 12.879, 0, 0, 0.929, 0.943, 0.929, 0.943, 1, 44.448, 44.448, 0.024, 0.139, 2.115, 2.145, 2.115, 2.145, 4.568, 7.38, 12.879, , , 1, 0.89, 0, 0.068, 14.484, 2.309, 178, 0, 0, 0, 55.052, 4.675, 4.551, 123.8, 33.739, 100, 0, 0, 29.973, 29.657, 5.368, 0.775, 95.578, 0, 0, 104.446, 44.74, 0, 0, 0, 0, 0, 13.6, 0.068, 14.484, 0, 2.309, 178, 0, 0, 0, 55.052, 1, 0.005, 0.005, 123.8, 33.739, 100, 0, 0, 141, 29.973, 29.657, 5.368, 0.775, 0, 95.578, 0, 0, 104.446, 44.74, 0, 0, 0, 0, 
0.9, 17.014, 100.33, 73.223, 73.98, , -0.024, 0.986, 64.606, 64.606, 2.312, 1.267, 1.267, 1.267, 52.154, 64.273, 35.154, 35.118, 7.379, 12.894, 0, 0, 0.148, 0.151, 0.148, 0.151, 1, 44.452, 44.452, 0.024, 0.139, 0.339, 0.344, 0.339, 0.344, 4.583, 7.379, 12.894, , , 1, 0.94, 0, 0.111, 14.474, 2.312, 178, 0, 0, 0, 54.452, 4.425, 4.254, 123.8, 32.928, 100, 0, 0, 29.323, 28.807, 4.968, 0.759, 94.678, 0, 0, 103.146, 44.74, 0, 0, 0, 0, 0, 13.6, 0.111, 14.474, 0, 2.312, 178, 0, 0, 0, 54.452, 1, 0.004, 0.004, 123.8, 32.928, 100, 0, 0, 141, 29.323, 28.807, 4.968, 0.759, 0, 94.678, 0, 0, 103.146, 44.74, 0, 0, 0, 0, 
0.95, 17.016, 100.33, 73.219, 73.98, , -0.257, 0.986, 67.849, 67.849, 2.316, -4.247, -4.247, -4.247, 52.197, 57.231, 35.233, 35.146, 7.379, 12.895, 0, 0, -0.495, -0.503, -0.495, -0.503, 1, 44.443, 44.443, 0.024, 0.139, -1.122, -1.138, -1.122, -1.138, 4.598, 7.379, 12.895, , , 1, 0.989, 0, 0.154, 14.464, 2.316, 178, 0, 0, 0, 53.852, 4.175, 3.957, 123.8, 32.117, 100, 0, 0, 28.673, 27.957, 4.568, 0.743, 93.778, 0, 0, 101.846, 44.74, 0, 0, 0, 0, 0, 13.6, 0.154, 14.464, 0, 2.316, 178, 0, 0, 0, 53.852, 1, 0.004, 0.004, 123.8, 32.117, 100, 0, 0, 141, 28.673, 27.957, 4.568, 0.743, 0, 93.778, 0, 0, 101.846, 44.74, 0, 0, 0, 0, 
1, 17.017, 100.33, 73.215, 73.98, , -0.396, 0.986, 71.092, 71.092, 2.319, -7.555, -7.555, -7.555, 52.234, 50.19, 35.197, 35.578, 7.378, 12.895, 0, 0, -0.881, -0.894, -0.881, -0.894, 1, 44.428, 44.428, 0.024, 0.139, -1.996, -2.023, -1.996, -2.023, 4.635, 7.378, 12.895, , , 1, 1.039, 0, 0.197, 14.454, 2.319, 178, 0, 0, 0, 53.252, 3.925, 3.66, 123.8, 31.306, 100, 0, 0, 28.023, 27.107, 4.168, 0.727, 92.878, 0, 0, 100.546, 44.74, 0, 0, 0, 0, 0, 13.6, 0.197, 14.454, 0, 2.319, 178, 0, 0, 0, 53.252, 1, 0.004, 0.004, 123.8, 31.306, 100, 0, 0, 141, 28.023, 27.107, 4.168, 0.727, 0, 92.878, 0, 0, 100.546, 44.74, 0, 0, 0, 0, 
1.05, 17.018, 100.33, 73.212, 73.98, , -0.493, 0.986, 74.362, 74.362, 2.32, -9.86, -9.86, -9.86, 52.264, 43.148, 35.161, 36.01, 7.378, 12.911, 0, 0, -1.149, -1.166, -1.149, -1.166, 1, 44.405, 44.405, 0.024, 0.139, -2.605, -2.641, -2.605, -2.641, 4.671, 7.378, 12.911, , , 1, 1.09, 0, 0.2, 14.438, 2.32, 178, 0, 0, 0, 52.879, 3.786, 3.508, 123.8, 30.63, 100, 0, 0, 27.599, 26.72, 3.879, 0.715, 91.956, 0, 0, 99.275, 44.74, 0, 0, 0, 0, 0, 13.6, 0.2, 14.438, 0, 2.32, 178, 0, 0, 0, 52.879, 1, 0.004, 0.003, 123.8, 30.63, 100, 0, 0, 141, 27.599, 26.72, 3.879, 0.715, 0, 91.956, 0, 0, 99.275, 44.74, 0, 0, 0, 0, 
1.1, 17.019, 100.33, 73.208, 73.98, , -0.543, 0.986, 77.642, 77.642, 2.319, -11.054, -11.054, -11.054, 52.28, 45.481, 35.125, 36.442, 7.377, 12.928, 0, 0, -1.287, -1.307, -1.287, -1.307, 1, 44.378, 44.378, 0.024, 0.139, -2.921, -2.96, -2.921, -2.96, 4.708, 7.377, 12.928, , , 1, 1.14, 0, 0.174, 14.417, 2.319, 178, 0, 0, 0, 52.671, 3.728, 3.461, 123.8, 30.053, 100, 0, 0, 27.339, 26.668, 3.671, 0.707, 91.019, 0, 0, 98.025, 44.74, 0, 0, 0, 0, 0, 13.6, 0.174, 14.417, 0, 2.319, 178, 0, 0, 0, 52.671, 1, 0.004, 0.003, 123.8, 30.053, 100, 0, 0, 141, 27.339, 26.668, 3.671, 0.707, 0, 91.019, 0, 0, 98.025, 44.74, 0, 0, 0, 0, 
1.15, 17.02, 100.33, 73.204, 73.98, , -0.509, 0.986, 80.885, 80.885, 2.318, -10.229, -10.229, -10.229, 52.288, 54.481, 35.089, 36.874, 7.377, 12.995, 0, 0, -1.19, -1.21, -1.19, -1.21, 1, 44.351, 44.351, 0.024, 0.139, -2.702, -2.74, -2.702, -2.74, 4.745, 7.377, 12.995, , , 1, 1.19, 0, 0.148, 14.396, 2.318, 178, 0, 0, 0, 52.462, 3.669, 3.414, 123.8, 29.476, 100, 0, 0, 27.078, 26.616, 3.462, 0.699, 90.081, 0, 0, 96.775, 44.74, 0, 0, 0, 0, 0, 13.6, 0.148, 14.396, 0, 2.318, 178, 0, 0, 0, 52.462, 1, 0.004, 0.003, 123.8, 29.476, 100, 0, 0, 141, 27.078, 26.616, 3.462, 0.699, 0, 90.081, 0, 0, 96.775, 44.74, 0, 0, 0, 0, 
1.2, 17.021, 100.33, 73.2, 73.98, , -0.451, 0.986, 84.128, 84.128, 2.317, -8.86, -8.86, -8.86, 52.29, 55.585, 35.038, 37.227, 7.377, 13.066, 0, 0, -1.03, -1.048, -1.03, -1.048, 1, 44.327, 44.327, 0.024, 0.139, -2.341, -2.373, -2.341, -2.373, 4.745, 7.377, 13.066, , , 1, 1.239, 0, 0.122, 14.375, 2.317, 178, 0, 0, 0, 52.254, 3.611, 3.367, 123.8, 28.899, 100, 0, 0, 26.818, 26.564, 3.254, 0.69, 89.144, 0, 0, 95.525, 44.74, 0, 0, 0, 0, 0, 13.6, 0.122, 14.375, 0, 2.317, 178, 0, 0, 0, 52.254, 1, 0.004, 0.003, 123.8, 28.899, 100, 0, 0, 141, 26.818, 26.564, 3.254, 0.69, 0, 89.144, 0, 0, 95.525, 44.74, 0, 0, 0, 0, 
1.25, 17.022, 100.33, 73.196, 73.98, , -0.4, 0.986, 87.371, 87.371, 2.316, -7.66, -7.66, -7.66, 52.278, 56.689, 34.93, 37.263, 7.378, 13.185, 0, 0, -0.89, -0.904, -0.89, -0.904, 1, 44.306, 44.306, 0.024, 0.139, -2.024, -2.052, -2.024, -2.052, 4.744, 7.378, 13.185, , , 1, 1.289, 0, 0.096, 14.355, 2.316, 178, 0, 0, 0, 52.046, 3.553, 3.32, 123.8, 28.322, 100, 0, 0, 26.557, 26.511, 3.046, 0.682, 88.206, 0, 0, 94.275, 44.74, 0, 0, 0, 0, 0, 13.6, 0.096, 14.355, 0, 2.316, 178, 0, 0, 0, 52.046, 1, 0.004, 0.003, 123.8, 28.322, 100, 0, 0, 141, 26.557, 26.511, 3.046, 0.682, 0, 88.206, 0, 0, 94.275, 44.74, 0, 0, 0, 0, 
1.3, 17.024, 100.33, 73.193, 73.98, , -0.385, 0.986, 90.614, 90.614, 2.314, -7.3, -7.3, -7.3, 52.262, 57.792, 34.822, 37.299, 7.378, 13.309, 0, 0, -0.848, -0.861, -0.848, -0.861, 1, 44.286, 44.286, 0.024, 0.138, -1.931, -1.958, -1.931, -1.958, 4.743, 7.378, 13.309, , , 1, 1.34, 0, 0.086, 14.35, 2.314, 178.162, 0, 0, 0, 52, 3.554, 3.348, 123.8, 28.195, 100, 0, 0, 26.419, 26.419, 3, 0.678, 87.798, 0, 0, 93.798, 44.69, 0, 0, 0, 0, 0, 13.6, 0.086, 14.35, 0, 2.314, 178.162, 0, 0, 0, 52, 1, 0.004, 0.003, 123.8, 28.195, 100, 0, 0, 141, 26.419, 26.419, 3, 0.678, 0, 87.798, 0, 0, 93.798, 44.69, 0, 0, 0, 0, 
1.35, 17.025, 100.33, 73.189, 73.98, , -0.4, 0.986, 93.857, 93.857, 2.313, -7.664, -7.664, -7.664, 52.246, 58.896, 34.714, 37.335, 7.379, 13.438, 0, 0, -0.89, -0.903, -0.89, -0.903, 1, 44.267, 44.267, 0.024, 0.138, -2.026, -2.055, -2.026, -2.055, 4.742, 7.379, 13.438, , , 1, 1.389, 0, 0.081, 14.35, 2.313, 178.371, 0, 0, 0, 52, 3.571, 3.397, 123.8, 28.195, 100, 0, 0, 26.315, 26.315, 3, 0.676, 87.538, 0, 0, 93.538, 44.626, 0, 0, 0, 0, 0, 13.6, 0.081, 14.35, 0, 2.313, 178.371, 0, 0, 0, 52, 1, 0.004, 0.003, 123.8, 28.195, 100, 0, 0, 141, 26.315, 26.315, 3, 0.676, 0, 87.538, 0, 0, 93.538, 44.626, 0, 0, 0, 0, 
1.4, 17.026, 100.33, 73.185, 73.98, , -0.526, 0.986, 97.1, 97.1, 2.311, -10.652, -10.652, -10.652, 52.236, 59.999, 34.606, 37.371, 7.379, 13.568, 0, 0, -1.238, -1.254, -1.238, -1.254, 1, 44.248, 44.248, 0.024, 0.138, -2.815, -2.856, -2.815, -2.856, 4.724, 7.379, 13.568, , , 1, 1.439, 0, 0.076, 14.35, 2.311, 178.579, 0, 0, 0, 52, 3.589, 3.446, 123.8, 28.195, 100, 0, 0, 26.212, 26.212, 3, 0.674, 87.279, 0, 0, 93.279, 44.561, 0, 0, 0, 0, 0, 13.6, 0.076, 14.35, 0, 2.311, 178.579, 0, 0, 0, 52, 1, 0.004, 0.003, 123.8, 28.195, 100, 0, 0, 141, 26.212, 26.212, 3, 0.674, 0, 87.279, 0, 0, 93.279, 44.561, 0, 0, 0, 0, 
1.45, 17.027, 100.33, 73.181, 73.98, , -0.798, 0.986, 100.343, 100.343, 2.31, -17.103, -17.103, -17.103, 52.246, 61.103, 34.563, 37.4, 7.38, 13.665, 0, 0, -1.987, -2.012, -1.987, -2.012, 1, 44.215, 44.215, 0.024, 0.138, -4.518, -4.583, -4.518, -4.583, 4.698, 7.38, 13.665, , , 1, 1.49, 0, 0.07, 14.35, 2.31, 178.788, 0, 0, 0, 52, 3.607, 3.494, 123.8, 28.195, 100, 0, 0, 26.108, 26.108, 3, 0.672, 87.02, 0, 0, 93.02, 44.497, 0, 0, 0, 0, 0, 13.6, 0.07, 14.35, 0, 2.31, 178.788, 0, 0, 0, 52, 1, 0.004, 0.003, 123.8, 28.195, 100, 0, 0, 141, 26.108, 26.108, 3, 0.672, 0, 87.02, 0, 0, 93.02, 44.497, 0, 0, 0, 0, 
1.5, 17.028, 100.33, 73.177, 73.98, , -0.956, 0.986, 103.586, 103.586, 2.309, -20.841, -20.841, -20.841, 52.271, 62.206, 34.779, 37.4, 7.38, 13.757, 0, 0, -2.419, -2.451, -2.419, -2.451, 1, 44.172, 44.172, 0.024, 0.138, -5.504, -5.582, -5.504, -5.582, 4.673, 7.38, 13.757, , , 1, 1.54, 0, 0.065, 14.35, 2.309, 178.996, 0, 0, 0, 52, 3.624, 3.543, 123.8, 28.195, 100, 0, 0, 26.004, 26.004, 3, 0.67, 86.76, 0, 0, 92.76, 44.433, 0, 0, 0, 0, 0, 13.6, 0.065, 14.35, 0, 2.309, 178.996, 0, 0, 0, 52, 1, 0.004, 0.003, 123.8, 28.195, 100, 0, 0, 141, 26.004, 26.004, 3, 0.67, 0, 86.76, 0, 0, 92.76, 44.433, 0, 0, 0, 0, 
1.55, 17.029, 100.33, 73.174, 73.98, , -1.034, 0.986, 106.829, 106.829, 2.308, -22.69, -22.69, -22.69, 52.315, 63.31, 34.995, 37.4, 7.38, 13.821, 0, 0, -2.631, -2.667, -2.631, -2.667, 1, 44.122, 44.122, 0.024, 0.138, -5.988, -6.073, -5.988, -6.073, 4.647, 7.38, 13.821, , , 1, 1.59, 0, 0.052, 14.36, 2.308, 179.204, 0, 0, 0, 52, 3.634, 3.56, 123.8, 28.157, 100, 0, 0, 25.9, 25.9, 3, 0.668, 86.499, 0, 0, 92.499, 44.368, 0, 0, 0, 0, 0, 13.6, 0.052, 14.36, 0, 2.308, 179.204, 0, 0, 0, 52, 1, 0.004, 0.004, 123.8, 28.157, 100, 0, 0, 141, 25.9, 25.9, 3, 0.668, 0, 86.499, 0, 0, 92.499, 44.368, 0, 0, 0, 0, 
1.6, 17.03, 100.33, 73.17, 73.98, , -1.043, 0.986, 110.072, 110.072, 2.307, -22.916, -22.916, -22.916, 52.375, 64.414, 35.211, 37.4, 7.379, 13.88, 0, 0, -2.654, -2.691, -2.654, -2.691, 1, 44.07, 44.07, 0.024, 0.137, -6.041, -6.129, -6.041, -6.129, 4.637, 7.379, 13.88, , , 1, 1.64, 0, 0.038, 14.371, 2.307, 179.412, 0, 0, 0, 52, 3.643, 3.576, 123.8, 28.119, 100, 0, 0, 25.795, 25.795, 3, 0.666, 86.237, 0, 0, 92.237, 44.303, 0, 0, 0, 0, 0, 13.6, 0.038, 14.371, 0, 2.307, 179.412, 0, 0, 0, 52, 1, 0.004, 0.004, 123.8, 28.118, 100, 0, 0, 141, 25.795, 25.795, 3, 0.666, 0, 86.237, 0, 0, 92.237, 44.303, 0, 0, 0, 0, 
1.65, 17.032, 100.33, 73.17, 73.98, , -1.03, 0.986, 113.315, 113.315, 2.307, -22.602, -22.602, -22.602, 52.445, 65.517, 35.427, 37.4, 7.379, 13.919, 0, 0, -2.615, -2.653, -2.615, -2.653, 1, 44.018, 44.018, 0.024, 0.137, -5.953, -6.04, -5.953, -6.04, 4.638, 7.379, 13.919, , , 1, 1.69, 0, 0.025, 14.381, 2.307, 179.621, 0, 0, 0, 52, 3.653, 3.591, 123.8, 28.08, 100, 0, 0, 25.69, 25.69, 3, 0.664, 85.976, 0, 0, 91.976, 44.238, 0, 0, 0, 0, 0, 13.6, 0.025, 14.381, 0, 2.307, 179.621, 0, 0, 0, 52, 1, 0.004, 0.004, 123.8, 28.08, 100, 0, 0, 141, 25.69, 25.69, 3, 0.664, 0, 85.976, 0, 0, 91.976, 44.238, 0, 0, 0, 0, 
1.7, 17.033, 100.33, 73.17, 73.98, , -0.858, 0.986, 116.558, 116.558, 2.306, -18.521, -18.521, -18.521, 52.523, 66.621, 35.593, 37.393, 7.378, 13.955, 0, 0, -2.141, -2.172, -2.141, -2.172, 1, 43.966, 43.966, 0.024, 0.137, -4.874, -4.947, -4.874, -4.947, 4.64, 7.378, 13.955, , , 1, 1.74, 0, 0.011, 14.391, 2.306, 179.829, 0, 0, 0, 52, 3.662, 3.607, 123.8, 28.042, 100, 0, 0, 25.586, 25.586, 3, 0.662, 85.714, 0, 0, 91.714, 44.173, 0, 0, 0, 0, 0, 13.6, 0.011, 14.391, 0, 2.306, 179.829, 0, 0, 0, 52, 1, 0.004, 0.004, 123.8, 28.041, 100, 0, 0, 141, 25.586, 25.586, 3, 0.662, 0, 85.714, 0, 0, 91.714, 44.173, 0, 0, 0, 0, 
1.75, 17.034, 100.33, 73.17, 73.98, , -0.63, 0.986, 119.792, 119.792, 2.306, -13.126, -13.126, -13.126, 52.594, 67.724, 35.557, 37.357, 7.378, 13.975, 0, 0, -1.514, -1.538, -1.514, -1.538, 1, 43.931, 43.931, 0.024, 0.137, -3.45, -3.503, -3.45, -3.503, 4.642, 7.378, 13.975, , , 1, 1.789, 0, 0, 14.396, 2.306, 180, 0, 0, 0, 52, 3.666, 3.615, 123.865, 28.023, 100, 0, 0, 25.536, 25.536, 3, 0.66, 85.5, 0, 0, 91.482, 44.12, 0, 0, 0, 0, 0, 13.6, 0, 14.396, 0, 2.306, 180, 0, 0, 0, 52, 1, 0.004, 0.004, 123.865, 28.025, 100, 0, 0, 141, 25.536, 25.536, 3, 0.66, 0, 85.5, 0, 0, 91.482, 44.12, 0, 0, 0, 0, 
1.8, 17.035, 100.33, 73.17, 73.98, , -0.497, 0.986, 122.99, 122.99, 2.308, -9.948, -9.948, -9.948, 52.653, 68.828, 35.521, 37.321, 7.377, 13.991, 0, 0, -1.148, -1.165, -1.148, -1.165, 1, 43.903, 43.903, 0.024, 0.137, -2.611, -2.652, -2.611, -2.652, 4.653, 7.377, 13.991, , , 1, 1.839, 0, 0, 14.376, 2.308, 180, 0, 0, 0, 52, 3.644, 3.589, 124.225, 28.097, 100, 0, 0, 25.736, 25.736, 3, 0.66, 85.5, 0, 0, 91.382, 44.12, 0, 0, 0, 0, 0, 13.6, 0, 14.376, 0, 2.308, 180, 0, 0, 0, 52, 1, 0.004, 0.004, 124.225, 28.098, 100, 0, 0, 141, 25.736, 25.736, 3, 0.66, 0, 85.5, 0, 0, 91.382, 44.12, 0, 0, 0, 0, 
1.85, 17.036, 100.33, 73.17, 73.98, , -0.449, 0.986, 126.223, 126.223, 2.31, -8.813, -8.813, -8.813, 52.698, 69.931, 35.485, 37.285, 7.377, 13.98, 0, 0, -1.016, -1.031, -1.016, -1.031, 1, 43.879, 43.879, 0.024, 0.137, -2.311, -2.347, -2.311, -2.347, 4.685, 7.377, 13.98, , , 1, 1.889, 0, 0, 14.356, 2.31, 180, 0, 0, 0, 52, 3.622, 3.563, 124.585, 28.171, 100, 0, 0, 25.936, 25.936, 3, 0.66, 85.5, 0, 0, 91.282, 44.12, 0, 0, 0, 0, 0, 13.6, 0, 14.356, 0, 2.31, 180, 0, 0, 0, 52, 1, 0.004, 0.004, 124.585, 28.172, 100, 0, 0, 141, 25.936, 25.936, 3, 0.66, 0, 85.5, 0, 0, 91.282, 44.12, 0, 0, 0, 0, 
1.9, 17.037, 100.33, 73.17, 73.98, , -0.438, 0.986, 129.452, 129.452, 2.312, -8.55, -8.55, -8.55, 52.719, 71.035, 35.449, 37.249, 7.377, 13.962, 0, 0, -0.985, -1, -0.985, -1, 1, 43.857, 43.857, 0.024, 0.137, -2.241, -2.276, -2.241, -2.276, 4.718, 7.377, 13.962, , , 1, 1.939, 0, 0, 14.336, 2.312, 180, 0, 0, 0, 52, 3.6, 3.537, 124.945, 28.245, 100, 0, 0, 26.136, 26.136, 3, 0.66, 85.5, 0, 0, 91.182, 44.12, 0, 0, 0, 0, 0, 13.6, 0, 14.336, 0, 2.312, 180, 0, 0, 0, 52, 1, 0.004, 0.003, 124.945, 28.246, 100, 0, 0, 141, 26.136, 26.136, 3, 0.66, 0, 85.5, 0, 0, 91.182, 44.12, 0, 0, 0, 0, 
1.95, 17.038, 100.33, 73.17, 73.98, , -0.447, 0.986, 132.65, 132.65, 2.314, -8.767, -8.767, -8.767, 52.728, 72.139, 35.427, 37.241, 7.377, 13.93, 0, 0, -1.009, -1.024, -1.009, -1.024, 1, 43.834, 43.834, 0.024, 0.137, -2.297, -2.332, -2.297, -2.332, 4.75, 7.377, 13.93, , , 1, 1.989, 0, 0, 14.316, 2.314, 180, 0, 0, 0, 52, 3.578, 3.511, 125.305, 28.319, 100, 0, 0, 26.336, 26.336, 3, 0.66, 85.5, 0, 0, 91.082, 44.12, 0, 0, 0, 0, 0, 13.6, 0, 14.316, 0, 2.314, 180, 0, 0, 0, 52, 1, 0.004, 0.003, 125.305, 28.32, 100, 0, 0, 141, 26.336, 26.336, 3, 0.66, 0, 85.5, 0, 0, 91.082, 44.12, 0, 0, 0, 0, 
2, 17.04, 100.33, 73.17, 73.98, , -0.568, 0.986, 135.887, 135.887, 2.314, -11.648, -11.648, -11.648, 52.725, 73.242, 35.462, 37.347, 7.377, 13.894, 0, 0, -1.341, -1.36, -1.341, -1.36, 1, 43.81, 43.81, 0.024, 0.137, -3.052, -3.097, -3.052, -3.097, 4.78, 7.377, 13.894, , , 1, 2.039, 0, 0, 14.3, 2.314, 180, 0, 0, 0, 52, 3.561, 3.493, 125.6, 28.373, 100, 0, 0, 26.473, 26.482, 3, 0.66, 85.5, 0, 0, 91.018, 44.12, 0, 0, 0, 0, 0, 13.6, 0, 14.3, 0, 2.314, 180, 0, 0, 0, 52, 1, 0.004, 0.003, 125.6, 28.373, 100, 0, 0, 141, 26.473, 26.482, 3, 0.66, 0, 85.5, 0, 0, 91.018, 44.12, 0, 0, 0, 0, 
2.05, 17.041, 100.33, 73.17, 73.98, , -0.692, 0.986, 139.111, 139.111, 2.311, -14.588, -14.588, -14.588, 52.71, 74.346, 35.497, 37.452, 7.377, 13.859, 0, 0, -1.679, -1.704, -1.679, -1.704, 1, 43.778, 43.778, 0.024, 0.137, -3.822, -3.879, -3.822, -3.879, 4.803, 7.377, 13.859, , , 1, 2.089, 0, 0, 14.3, 2.311, 180, 0, 0, 0, 52, 3.566, 3.507, 125.6, 28.336, 100, 0, 0, 26.323, 26.382, 3, 0.66, 85.5, 0, 0, 91.118, 44.12, 0, 0, 0, 0, 0, 13.6, 0, 14.3, 0, 2.311, 180, 0, 0, 0, 52, 1, 0.004, 0.003, 125.6, 28.336, 100, 0, 0, 141, 26.323, 26.382, 3, 0.66, 0, 85.5, 0, 0, 91.118, 44.12, 0, 0, 0, 0, 
2.1, 17.043, 100.33, 73.17, 73.98, , -0.794, 0.986, 142.31, 142.31, 2.307, -17.013, -17.013, -17.013, 52.696, 75.449, 35.532, 37.558, 7.377, 13.825, 0, 0, -1.956, -1.986, -1.956, -1.986, 1, 43.74, 43.74, 0.024, 0.136, -4.457, -4.524, -4.457, -4.524, 4.825, 7.377, 13.825, , , 1, 2.139, 0, 0, 14.3, 2.307, 180, 0, 0, 0, 52, 3.571, 3.521, 125.6, 28.299, 100, 0, 0, 26.173, 26.282, 3, 0.66, 85.5, 0, 0, 91.218, 44.12, 0, 0, 0, 0, 0, 13.6, 0, 14.3, 0, 2.307, 180, 0, 0, 0, 52, 1, 0.004, 0.003, 125.6, 28.299, 100, 0, 0, 141, 26.173, 26.282, 3, 0.66, 0, 85.5, 0, 0, 91.218, 44.12, 0, 0, 0, 0, 
2.15, 17.045, 100.33, 73.17, 73.98, , -0.793, 0.986, 145.508, 145.508, 2.303, -16.972, -16.972, -16.972, 52.68, 76.553, 35.568, 37.663, 7.377, 13.803, 0, 0, -1.951, -1.979, -1.951, -1.979, 1, 43.701, 43.701, 0.024, 0.136, -4.448, -4.514, -4.448, -4.514, 4.847, 7.377, 13.803, , , 1, 2.189, 0, 0, 14.3, 2.303, 180, 0, 0, 0, 52, 3.576, 3.535, 125.6, 28.262, 100, 0, 0, 26.023, 26.182, 3, 0.66, 85.5, 0, 0, 91.318, 44.12, 0, 0, 0, 0, 0, 13.6, 0, 14.3, 0, 2.303, 180, 0, 0, 0, 52, 1, 0.004, 0.004, 125.6, 28.262, 100, 0, 0, 141, 26.023, 26.182, 3, 0.66, 0, 85.5, 0, 0, 91.318, 44.12, 0, 0, 0, 0, 
2.2, 17.047, 100.33, 73.17, 73.98, , -0.743, 0.986, 148.706, 148.706, 2.299, -15.795, -15.795, -15.795, 52.657, 77.656, 35.594, 37.716, 7.377, 13.787, 0, 0, -1.815, -1.841, -1.815, -1.841, 1, 43.661, 43.661, 0.024, 0.136, -4.141, -4.201, -4.141, -4.201, 4.869, 7.377, 13.787, , , 1, 2.239, 0, 0, 14.3, 2.299, 180, 0, 0, 0, 52, 3.581, 3.549, 125.6, 28.225, 100, 0, 0, 25.873, 26.082, 3, 0.66, 85.5, 0, 0, 91.418, 44.12, 0, 0, 0, 0, 0, 13.6, 0, 14.3, 0, 2.299, 180, 0, 0, 0, 52, 1, 0.004, 0.004, 125.6, 28.225, 100, 0, 0, 141, 25.873, 26.082, 3, 0.66, 0, 85.5, 0, 0, 91.418, 44.12, 0, 0, 0, 0, 
2.25, 17.049, 100.33, 73.17, 73.98, , -0.653, 0.986, 151.905, 151.905, 2.296, -13.664, -13.664, -13.664, 52.626, 78.76, 35.52, 37.162, 7.377, 13.779, 0, 0, -1.569, -1.591, -1.569, -1.591, 1, 43.627, 43.627, 0.024, 0.136, -3.583, -3.635, -3.583, -3.635, 4.851, 7.377, 13.779, , , 1, 2.289, 0, 0, 14.302, 2.296, 180, 0, 0, 0, 52, 3.585, 3.56, 125.6, 28.195, 100, 0, 0, 25.74, 25.98, 3, 0.66, 85.5, 0, 0, 91.5, 44.12, 0, 0, 0, 0, 0, 13.6, 0, 14.302, 0, 2.296, 180, 0, 0, 0, 52, 1, 0.004, 0.004, 125.6, 28.195, 100, 0, 0, 141, 25.74, 25.98, 3, 0.66, 0, 85.5, 0, 0, 91.5, 44.12, 0, 0, 0, 0, 
2.3, 17.051, 100.33, 73.17, 73.98, , -0.644, 0.986, 155.104, 155.104, 2.293, -13.446, -13.446, -13.446, 52.593, 79.864, 35.447, 36.609, 7.377, 13.774, 0, 0, -1.542, -1.564, -1.542, -1.564, 1, 43.595, 43.595, 0.024, 0.136, -3.528, -3.581, -3.528, -3.581, 4.828, 7.377, 13.774, , , 1, 2.34, 0, 0, 14.313, 2.293, 180, 0, 0, 0, 52, 3.588, 3.563, 125.6, 28.195, 100, 0, 0, 25.686, 25.872, 3, 0.66, 85.5, 0, 0, 91.5, 44.12, 0, 0, 0, 0, 0, 13.6, 0, 14.313, 0, 2.293, 180, 0, 0, 0, 52, 1, 0.004, 0.004, 125.6, 28.195, 100, 0, 0, 141, 25.686, 25.872, 3, 0.66, 0, 85.5, 0, 0, 91.5, 44.12, 0, 0, 0, 0, 
2.35, 17.053, 100.33, 73.17, 73.98, , -0.599, 0.986, 158.302, 158.302, 2.29, -12.372, -12.372, -12.372, 52.564, 80.967, 35.373, 36.056, 7.377, 13.767, 0, 0, -1.417, -1.437, -1.417, -1.437, 1, 43.562, 43.562, 0.024, 0.137, -3.248, -3.296, -3.248, -3.296, 4.804, 7.377, 13.767, , , 1, 2.39, 0, 0, 14.324, 2.29, 180, 0, 0, 0, 52, 3.59, 3.565, 125.6, 28.195, 100, 0, 0, 25.632, 25.763, 3, 0.66, 85.5, 0, 0, 91.5, 44.12, 0, 0, 0, 0, 0, 13.6, 0, 14.324, 0, 2.29, 180, 0, 0, 0, 52, 1, 0.004, 0.004, 125.6, 28.195, 100, 0, 0, 141, 25.632, 25.763, 3, 0.66, 0, 85.5, 0, 0, 91.5, 44.12, 0, 0, 0, 0, 
2.4, 17.055, 100.33, 73.17, 73.98, , -0.531, 0.986, 161.501, 161.501, 2.287, -10.774, -10.774, -10.774, 52.536, 82.071, 35.299, 35.503, 7.377, 13.759, 0, 0, -1.233, -1.25, -1.233, -1.25, 1, 43.534, 43.534, 0.024, 0.137, -2.83, -2.872, -2.83, -2.872, 4.78, 7.377, 13.759, , , 1, 2.439, 0, 0, 14.335, 2.287, 180, 0, 0, 0, 52, 3.592, 3.567, 125.6, 28.195, 100, 0, 0, 25.577, 25.654, 3, 0.66, 85.5, 0, 0, 91.5, 44.12, 0, 0, 0, 0, 0, 13.6, 0, 14.335, 0, 2.287, 180, 0, 0, 0, 52, 1, 0.004, 0.004, 125.6, 28.195, 100, 0, 0, 141, 25.577, 25.654, 3, 0.66, 0, 85.5, 0, 0, 91.5, 44.12, 0, 0, 0, 0, 
2.45, 17.056, 100.33, 73.17, 73.98, , -0.494, 0.986, 164.701, 164.701, 2.285, -9.89, -9.89, -9.89, 52.512, 83.174, 35.276, 35.067, 7.377, 13.743, 0, 0, -1.13, -1.147, -1.13, -1.147, 1, 43.508, 43.508, 0.024, 0.137, -2.599, -2.637, -2.599, -2.637, 4.763, 7.377, 13.743, , , 1, 2.489, 0, 0, 14.345, 2.285, 180, 0, 0, 0, 52, 3.594, 3.569, 125.6, 28.195, 100, 0, 0, 25.523, 25.546, 3, 0.66, 85.5, 0, 0, 91.5, 44.12, 0, 0, 0, 0, 0, 13.6, 0, 14.345, 0, 2.285, 180, 0, 0, 0, 52, 1, 0.004, 0.004, 125.6, 28.195, 100, 0, 0, 141, 25.523, 25.546, 3, 0.66, 0, 85.5, 0, 0, 91.5, 44.12, 0, 0, 0, 0, 
2.5, 17.058, 100.33, 73.17, 73.98, , -0.518, 0.986, 167.9, 167.9, 2.282, -10.462, -10.462, -10.462, 52.491, 84.278, 35.456, 35.103, 7.377, 13.724, 0, 0, -1.194, -1.213, -1.194, -1.213, 1, 43.484, 43.484, 0.024, 0.137, -2.751, -2.79, -2.751, -2.79, 4.751, 7.377, 13.724, , , 1, 2.539, 0, 0, 14.35, 2.282, 180, 0, 0, 0, 52, 3.598, 3.571, 125.6, 28.195, 100, 0, 0, 25.468, 25.437, 3, 0.66, 85.5, 0, 0, 91.5, 44.081, 0, 0, 0, 0, 0, 13.6, 0, 14.35, 0, 2.282, 180, 0, 0, 0, 52, 1, 0.004, 0.004, 125.6, 28.172, 100, 0, 0, 141, 25.468, 25.437, 3, 0.66, 0, 85.5, 0, 0, 91.5, 44.081, 0, 0, 0, 0, 
2.55, 17.06, 100.33, 73.17, 73.98, , -0.563, 0.986, 171.099, 171.099, 2.28, -11.54, -11.54, -11.54, 52.479, 85.381, 35.636, 35.139, 7.377, 13.701, 0, 0, -1.317, -1.337, -1.317, -1.337, 1, 43.456, 43.456, 0.024, 0.137, -3.035, -3.078, -3.035, -3.078, 4.738, 7.377, 13.701, , , 1, 2.589, 0, 0, 14.35, 2.28, 180, 0, 0, 0, 52, 3.604, 3.573, 125.6, 28.195, 100, 0, 0, 25.414, 25.328, 3, 0.66, 85.5, 0, 0, 91.5, 44.014, 0, 0, 0, 0, 0, 13.6, 0, 14.35, 0, 2.28, 180, 0, 0, 0, 52, 1, 0.004, 0.004, 125.6, 28.131, 100, 0, 0, 141, 25.414, 25.328, 3, 0.66, 0, 85.5, 0, 0, 91.5, 44.014, 0, 0, 0, 0, 
2.6, 17.062, 100.33, 73.17, 73.98, , -0.567, 0.986, 174.297, 174.297, 2.278, -11.637, -11.637, -11.637, 52.467, 86.485, 35.816, 35.175, 7.377, 13.677, 0, 0, -1.327, -1.347, -1.327, -1.347, 1, 43.427, 43.427, 0.024, 0.137, -3.063, -3.105, -3.063, -3.105, 4.726, 7.377, 13.677, , , 1, 2.64, 0, 0, 14.35, 2.278, 180, 0, 0, 0, 52, 3.609, 3.576, 125.6, 28.195, 100, 0, 0, 25.36, 25.22, 3, 0.66, 85.5, 0, 0, 91.5, 43.946, 0, 0, 0, 0, 0, 13.6, 0, 14.35, 0, 2.278, 180, 0, 0, 0, 52, 1, 0.004, 0.004, 125.6, 28.091, 100, 0, 0, 141, 25.36, 25.22, 3, 0.66, 0, 85.5, 0, 0, 91.5, 43.946, 0, 0, 0, 0, 
2.65, 17.064, 100.33, 73.17, 73.98, , -0.622, 0.986, 177.496, 177.496, 2.276, -12.94, -12.94, -12.94, 52.455, 87.589, 35.996, 35.211, 7.377, 13.661, 0, 0, -1.474, -1.497, -1.474, -1.497, 1, 43.398, 43.398, 0.024, 0.137, -3.407, -3.453, -3.407, -3.453, 4.722, 7.377, 13.661, , , 1, 2.69, 0, 0, 14.35, 2.276, 180, 0, 0, 0, 52, 3.614, 3.578, 125.6, 28.195, 100, 0, 0, 25.305, 25.111, 3, 0.66, 85.5, 0, 0, 91.5, 43.879, 0, 0, 0, 0, 0, 13.6, 0, 14.35, 0, 2.276, 180, 0, 0, 0, 52, 1, 0.004, 0.004, 125.6, 28.05, 100, 0, 0, 141, 25.305, 25.111, 3, 0.66, 0, 85.5, 0, 0, 91.5, 43.879, 0, 0, 0, 0, 
2.7, 17.066, 100.33, 73.17, 73.98, , -0.679, 0.986, 180.683, 180.683, 2.274, -14.295, -14.295, -14.295, 52.448, 88.632, 36.097, 35.254, 7.377, 13.649, 0, 0, -1.628, -1.653, -1.628, -1.653, 1, 43.363, 43.363, 0.024, 0.137, -3.764, -3.815, -3.764, -3.815, 4.733, 7.377, 13.649, , , 1, 2.739, 0, 0, 14.35, 2.274, 180, 0, 0, 0, 52, 3.62, 3.58, 125.6, 28.195, 100, 0, 0, 25.251, 25.002, 3, 0.66, 85.5, 0, 0, 91.5, 43.811, 0, 0, 0, 0, 0, 13.6, 0, 14.35, 0, 2.274, 180, 0, 0, 0, 52, 1, 0.004, 0.004, 125.6, 28.01, 100, 0, 0, 141, 25.251, 25.002, 3, 0.66, 0, 85.5, 0, 0, 91.5, 43.811, 0, 0, 0, 0, 
2.75, 17.068, 100.33, 73.17, 73.98, , -0.696, 0.986, 183.838, 183.838, 2.272, -14.695, -14.695, -14.695, 52.441, 86.743, 35.881, 35.326, 7.377, 13.644, 0, 0, -1.673, -1.698, -1.673, -1.698, 1, 43.328, 43.328, 0.024, 0.137, -3.869, -3.923, -3.869, -3.923, 4.745, 7.377, 13.644, , , 1, 2.789, 0, 0, 14.34, 2.272, 180, 0, 0, 0, 52, 3.623, 3.578, 125.6, 28.271, 100, 0, 0, 25.301, 25.051, 3, 0.658, 85.5, 0, 0, 91.5, 43.747, 0, 0, 0, 0, 0, 13.6, 0, 14.34, 0, 2.272, 180, 0, 0, 0, 52, 1, 0.004, 0.004, 125.6, 28.125, 100, 0, 0, 141, 25.301, 25.051, 3, 0.658, 0, 85.5, 0, 0, 91.5, 43.747, 0, 0, 0, 0, 
2.8, 17.07, 100.33, 73.17, 73.98, , -0.612, 0.986, 187.028, 187.028, 2.27, -12.701, -12.701, -12.701, 52.434, 84.854, 35.665, 35.398, 7.378, 13.642, 0, 0, -1.446, -1.468, -1.446, -1.468, 1, 43.293, 43.293, 0.024, 0.136, -3.343, -3.392, -3.343, -3.392, 4.756, 7.378, 13.642, , , 1, 2.839, 0, 0, 14.329, 2.27, 180, 0, 0, 0, 52, 3.626, 3.576, 125.6, 28.348, 100, 0, 0, 25.353, 25.103, 3, 0.656, 85.5, 0, 0, 91.5, 43.682, 0, 0, 0, 0, 0, 13.6, 0, 14.329, 0, 2.27, 180, 0, 0, 0, 52, 1, 0.004, 0.004, 125.6, 28.24, 100, 0, 0, 141, 25.353, 25.103, 3, 0.656, 0, 85.5, 0, 0, 91.5, 43.682, 0, 0, 0, 0, 
2.85, 17.072, 100.33, 73.17, 73.98, , -0.539, 0.986, 190.212, 190.212, 2.268, -10.96, -10.96, -10.96, 52.417, 82.965, 35.449, 35.47, 7.378, 13.633, 0, 0, -1.247, -1.266, -1.247, -1.266, 1, 43.266, 43.266, 0.024, 0.136, -2.885, -2.927, -2.885, -2.927, 4.767, 7.378, 13.633, , , 1, 2.889, 0, 0, 14.319, 2.268, 180, 0, 0, 0, 52, 3.629, 3.574, 125.6, 28.425, 100, 0, 0, 25.405, 25.155, 3, 0.654, 85.5, 0, 0, 91.5, 43.618, 0, 0, 0, 0, 0, 13.6, 0, 14.319, 0, 2.268, 180, 0, 0, 0, 52, 1, 0.004, 0.004, 125.6, 28.355, 100, 0, 0, 141, 25.405, 25.155, 3, 0.654, 0, 85.5, 0, 0, 91.5, 43.618, 0, 0, 0, 0, 
2.9, 17.074, 100.33, 73.17, 73.98, , -0.535, 0.986, 193.367, 193.367, 2.266, -10.87, -10.87, -10.87, 52.399, 81.076, 35.233, 35.542, 7.379, 13.618, 0, 0, -1.236, -1.254, -1.236, -1.254, 1, 43.24, 43.24, 0.024, 0.136, -2.863, -2.903, -2.863, -2.903, 4.778, 7.379, 13.618, , , 1, 2.94, 0, 0, 14.309, 2.266, 180, 0, 0, 0, 52, 3.632, 3.572, 125.6, 28.502, 100, 0, 0, 25.457, 25.207, 3, 0.652, 85.5, 0, 0, 91.5, 43.553, 0, 0, 0, 0, 0, 13.6, 0, 14.309, 0, 2.266, 180, 0, 0, 0, 52, 1, 0.004, 0.004, 125.6, 28.471, 100, 0, 0, 141, 25.457, 25.207, 3, 0.652, 0, 85.5, 0, 0, 91.5, 43.553, 0, 0, 0, 0, 
2.95, 17.075, 100.33, 73.17, 73.98, , -0.538, 0.986, 196.559, 196.559, 2.264, -10.934, -10.934, -10.934, 52.379, 79.187, 35.031, 35.686, 7.379, 13.59, 0, 0, -1.242, -1.26, -1.242, -1.26, 1, 43.214, 43.214, 0.024, 0.136, -2.882, -2.924, -2.882, -2.924, 4.788, 7.379, 13.59, , , 1, 2.99, 0, 0, 14.3, 2.264, 180, 0, 0, 0, 52, 3.634, 3.57, 125.6, 28.573, 100, 0, 0, 25.5, 25.26, 3, 0.65, 85.5, 0, 0, 91.5, 43.5, 0, 0, 0, 0, 0, 13.6, 0, 14.3, 0, 2.264, 180, 0, 0, 0, 52, 1, 0.004, 0.004, 125.6, 28.573, 100, 0, 0, 141, 25.5, 25.26, 3, 0.65, 0, 85.5, 0, 0, 91.5, 43.5, 0, 0, 0, 0, 
3, 17.077, 100.33, 73.17, 73.98, , -0.567, 0.986, 199.741, 199.741, 2.263, -11.628, -11.628, -11.628, 52.352, 77.298, 34.887, 36.118, 7.38, 13.552, 0, 0, -1.32, -1.338, -1.32, -1.338, 1, 43.187, 43.187, 0.024, 0.136, -3.068, -3.112, -3.068, -3.112, 4.799, 7.38, 13.552, , , 1, 3.039, 0, 0, 14.3, 2.263, 180, 0, 0, 0, 52, 3.628, 3.567, 125.6, 28.615, 100, 0, 0, 25.5, 25.317, 3, 0.647, 85.5, 0, 0, 91.5, 43.5, 0, 0, 0, 0, 0, 13.6, 0, 14.3, 0, 2.263, 180, 0, 0, 0, 52, 1, 0.004, 0.004, 125.6, 28.615, 100, 0, 0, 141, 25.5, 25.317, 3, 0.647, 0, 85.5, 0, 0, 91.5, 43.5, 0, 0, 0, 0, 
3.05, 17.079, 100.33, 73.17, 73.98, , -0.634, 0.986, 202.896, 202.896, 2.262, -13.229, -13.229, -13.229, 52.322, 75.409, 34.743, 36.55, 7.38, 13.515, 0, 0, -1.501, -1.52, -1.501, -1.52, 1, 43.156, 43.156, 0.024, 0.136, -3.493, -3.543, -3.493, -3.543, 4.809, 7.38, 13.515, , , 1, 3.089, 0, 0, 14.3, 2.262, 180, 0, 0, 0, 52, 3.623, 3.565, 125.6, 28.657, 100, 0, 0, 25.5, 25.374, 3, 0.645, 85.5, 0, 0, 91.5, 43.5, 0, 0, 0, 0, 0, 13.6, 0, 14.3, 0, 2.262, 180, 0, 0, 0, 52, 1, 0.004, 0.004, 125.6, 28.657, 100, 0, 0, 141, 25.5, 25.374, 3, 0.645, 0, 85.5, 0, 0, 91.5, 43.5, 0, 0, 0, 0, 
3.1, 17.081, 100.33, 73.17, 73.98, , -0.72, 0.986, 206.051, 206.051, 2.26, -15.26, -15.26, -15.26, 52.292, 73.52, 34.599, 36.982, 7.379, 13.479, 0, 0, -1.731, -1.753, -1.731, -1.753, 1, 43.123, 43.123, 0.024, 0.136, -4.031, -4.089, -4.031, -4.089, 4.798, 7.379, 13.479, , , 1, 3.139, 0, 0, 14.3, 2.26, 180, 0, 0, 0, 52, 3.617, 3.563, 125.6, 28.699, 100, 0, 0, 25.5, 25.431, 3, 0.643, 85.5, 0, 0, 91.5, 43.5, 0, 0, 0, 0, 0, 13.6, 0, 14.3, 0, 2.26, 180, 0, 0, 0, 52, 1, 0.004, 0.004, 125.6, 28.699, 100, 0, 0, 141, 25.5, 25.431, 3, 0.643, 0, 85.5, 0, 0, 91.5, 43.5, 0, 0, 0, 0, 
3.15, 17.083, 100.33, 73.17, 73.98, , -0.772, 0.986, 209.206, 209.206, 2.259, -16.505, -16.505, -16.505, 52.262, 71.631, 34.455, 37.414, 7.379, 13.468, 0, 0, -1.871, -1.895, -1.871, -1.895, 1, 43.086, 43.086, 0.024, 0.137, -4.362, -4.425, -4.362, -4.425, 4.782, 7.379, 13.468, , , 1, 3.189, 0, 0, 14.3, 2.259, 180, 0, 0, 0, 52, 3.611, 3.56, 125.6, 28.742, 100, 0, 0, 25.5, 25.488, 3, 0.64, 85.5, 0, 0, 91.5, 43.5, 0, 0, 0, 0, 0, 13.6, 0, 14.3, 0, 2.259, 180, 0, 0, 0, 52, 1, 0.004, 0.004, 125.6, 28.742, 100, 0, 0, 141, 25.5, 25.488, 3, 0.64, 0, 85.5, 0, 0, 91.5, 43.5, 0, 0, 0, 0, 
3.2, 17.085, 100.33, 73.17, 73.98, , -0.781, 0.986, 212.362, 212.362, 2.256, -16.705, -16.705, -16.705, 52.234, 69.742, 34.383, 37.738, 7.378, 13.483, 0, 0, -1.892, -1.917, -1.892, -1.917, 1, 43.047, 43.047, 0.024, 0.137, -4.418, -4.483, -4.418, -4.483, 4.766, 7.378, 13.483, , , 1, 3.239, 0, 0, 14.315, 2.256, 180, 0, 0, 0, 52, 3.613, 3.557, 125.6, 28.75, 100, 0, 0, 25.351, 25.351, 3, 0.643, 85.5, 0, 0, 91.5, 43.5, 0, 0, 0, 0, 0, 13.6, 0, 14.315, 0, 2.256, 180, 0, 0, 0, 52, 1, 0.004, 0.004, 125.6, 28.75, 100, 0, 0, 141, 25.351, 25.351, 3, 0.643, 0, 85.5, 0, 0, 91.5, 43.5, 0, 0, 0, 0, 
3.25, 17.087, 100.33, 73.17, 73.98, , -0.78, 0.986, 215.517, 215.517, 2.253, -16.69, -16.69, -16.69, 52.211, 67.853, 34.599, 37.63, 7.378, 13.529, 0, 0, -1.889, -1.914, -1.889, -1.914, 1, 43.006, 43.006, 0.024, 0.137, -4.415, -4.48, -4.415, -4.48, 4.751, 7.378, 13.529, , , 1, 3.29, 0, 0, 14.334, 2.253, 180, 0, 0, 0, 52, 3.617, 3.553, 125.6, 28.75, 100, 0, 0, 25.159, 25.159, 3, 0.647, 85.5, 0, 0, 91.5, 43.5, 0, 0, 0, 0, 0, 13.6, 0, 14.334, 0, 2.253, 180, 0, 0, 0, 52, 1, 0.004, 0.004, 125.6, 28.75, 100, 0, 0, 141, 25.159, 25.159, 3, 0.647, 0, 85.5, 0, 0, 91.5, 43.5, 0, 0, 0, 0, 
3.3, 17.089, 100.33, 73.17, 73.98, , -0.81, 0.986, 218.673, 218.673, 2.249, -17.411, -17.411, -17.411, 52.206, 65.964, 34.815, 37.522, 7.377, 13.61, 0, 0, -1.969, -1.995, -1.969, -1.995, 1, 42.968, 42.968, 0.024, 0.137, -4.605, -4.673, -4.605, -4.673, 4.732, 7.377, 13.61, , , 1, 3.34, 0, 0, 14.353, 2.249, 180, 0, 0, 0, 52, 3.621, 3.549, 125.6, 28.75, 100, 0, 0, 24.967, 24.967, 3, 0.651, 85.5, 0, 0, 91.5, 43.5, 0, 0, 0, 0, 0, 13.6, 0, 14.353, 0, 2.249, 180, 0, 0, 0, 52, 1, 0.004, 0.004, 125.6, 28.75, 100, 0, 0, 141, 24.967, 24.967, 3, 0.651, 0, 85.5, 0, 0, 91.5, 43.5, 0, 0, 0, 0, 
3.35, 17.09, 100.33, 73.17, 73.98, , -0.875, 0.986, 221.828, 221.828, 2.245, -18.94, -18.94, -18.94, 52.221, 64.075, 35.031, 37.414, 7.377, 13.706, 0, 0, -2.138, -2.168, -2.138, -2.168, 1, 42.925, 42.925, 0.024, 0.137, -5.007, -5.08, -5.007, -5.08, 4.711, 7.377, 13.706, , , 1, 3.39, 0, 0, 14.372, 2.245, 180, 0, 0, 0, 52, 3.624, 3.546, 125.6, 28.75, 100, 0, 0, 24.776, 24.776, 3, 0.654, 85.5, 0, 0, 91.5, 43.5, 0, 0, 0, 0, 0, 13.6, 0, 14.372, 0, 2.245, 180, 0, 0, 0, 52, 1, 0.004, 0.004, 125.6, 28.75, 100, 0, 0, 141, 24.776, 24.776, 3, 0.654, 0, 85.5, 0, 0, 91.5, 43.5, 0, 0, 0, 0, 
3.4, 17.09, 100.33, 73.17, 73.98, , -1.037, 0.986, 224.983, 224.983, 2.242, -22.798, -22.798, -22.798, 52.252, 62.186, 35.247, 37.306, 7.377, 13.819, 0, 0, -2.568, -2.607, -2.568, -2.607, 1, 42.878, 42.878, 0.024, 0.137, -6.021, -6.107, -6.021, -6.107, 4.69, 7.377, 13.819, , , 1, 3.44, 0, 0, 14.392, 2.242, 180, 0, 0, 0, 52, 3.628, 3.542, 125.6, 28.75, 100, 0, 0, 24.584, 24.584, 3, 0.658, 85.5, 0, 0, 91.5, 43.5, 0, 0, 0, 0, 0, 13.6, 0, 14.392, 0, 2.242, 180, 0, 0, 0, 52, 1, 0.004, 0.004, 125.6, 28.75, 100, 0, 0, 141, 24.584, 24.584, 3, 0.658, 0, 85.5, 0, 0, 91.5, 43.5, 0, 0, 0, 0, 
3.45, 17.09, 100.33, 73.17, 73.98, , -1.087, 0.986, 228.139, 228.139, 2.24, -23.967, -23.967, -23.967, 52.308, 60.297, 35.42, 37.134, 7.377, 13.922, 0, 0, -2.697, -2.738, -2.697, -2.738, 1, 42.82, 42.82, 0.024, 0.137, -6.325, -6.415, -6.325, -6.415, 4.669, 7.377, 13.922, , , 1, 3.489, 0, 0, 14.4, 2.24, 180, 0, 0, 0, 52, 3.63, 3.55, 125.6, 28.793, 100, 0, 0, 24.558, 24.558, 3, 0.66, 85.5, 0, 0, 91.5, 43.427, 0, 0, 0, 0, 0, 13.6, 0, 14.4, 0, 2.24, 180, 0, 0, 0, 52, 1, 0.004, 0.004, 125.6, 28.793, 100, 0, 0, 141, 24.558, 24.558, 3, 0.66, 0, 85.5, 0, 0, 91.5, 43.427, 0, 0, 0, 0, 
3.5, 17.09, 100.33, 73.17, 73.98, , -1.036, 0.986, 231.294, 231.294, 2.24, -22.772, -22.772, -22.772, 52.361, 58.408, 35.42, 36.702, 7.377, 14.012, 0, 0, -2.56, -2.6, -2.56, -2.6, 1, 42.768, 42.768, 0.024, 0.138, -6.005, -6.09, -6.005, -6.09, 4.661, 7.377, 14.012, , , 1, 3.539, 0, 0, 14.4, 2.24, 180, 0, 0, 0, 52, 3.63, 3.569, 125.6, 28.869, 100, 0, 0, 24.661, 24.661, 3, 0.66, 85.5, 0, 0, 91.5, 43.297, 0, 0, 0, 0, 0, 13.6, 0, 14.4, 0, 2.24, 180, 0, 0, 0, 52, 1, 0.004, 0.004, 125.6, 28.87, 100, 0, 0, 141, 24.661, 24.661, 3, 0.66, 0, 85.5, 0, 0, 91.5, 43.297, 0, 0, 0, 0, 
3.55, 17.09, 100.33, 73.17, 73.98, , -1.107, 0.986, 234.45, 234.45, 2.24, -24.446, -24.446, -24.446, 52.412, 56.519, 35.42, 36.27, 7.377, 14.073, 0, 0, -2.744, -2.788, -2.744, -2.788, 1, 42.716, 42.716, 0.024, 0.137, -6.441, -6.531, -6.441, -6.531, 4.668, 7.377, 14.073, , , 1, 3.589, 0, 0, 14.4, 2.24, 180, 0, 0, 0, 52, 3.63, 3.588, 125.6, 28.946, 100, 0, 0, 24.764, 24.764, 3, 0.66, 85.5, 0, 0, 91.5, 43.167, 0, 0, 0, 0, 0, 13.6, 0, 14.4, 0, 2.24, 180, 0, 0, 0, 52, 1, 0.004, 0.004, 125.6, 28.947, 100, 0, 0, 141, 24.764, 24.764, 3, 0.66, 0, 85.5, 0, 0, 91.5, 43.167, 0, 0, 0, 0, 
3.6, 17.09, 100.33, 73.17, 73.98, , -1.165, 0.986, 237.581, 237.581, 2.24, -25.838, -25.838, -25.838, 52.46, 54.63, 35.42, 35.838, 7.378, 14.093, 0, 0, -2.896, -2.942, -2.896, -2.942, 1, 42.659, 42.659, 0.024, 0.137, -6.8, -6.896, -6.8, -6.896, 4.676, 7.378, 14.093, , , 1, 3.64, 0, 0, 14.4, 2.24, 180, 0, 0, 0, 52, 3.63, 3.606, 125.6, 29.022, 100, 0, 0, 24.868, 24.868, 3, 0.66, 85.5, 0, 0, 91.5, 43.037, 0, 0, 0, 0, 0, 13.6, 0, 14.4, 0, 2.24, 180, 0, 0, 0, 52, 1, 0.004, 0.004, 125.6, 29.023, 100, 0, 0, 141, 24.868, 24.868, 3, 0.66, 0, 85.5, 0, 0, 91.5, 43.037, 0, 0, 0, 0, 
3.65, 17.09, 100.33, 73.17, 73.98, , -1.211, 0.986, 240.697, 240.697, 2.24, -26.929, -26.929, -26.929, 52.506, 52.741, 35.42, 35.406, 7.378, 14.091, 0, 0, -3.014, -3.061, -3.014, -3.061, 1, 42.599, 42.599, 0.024, 0.137, -7.08, -7.18, -7.08, -7.18, 4.684, 7.378, 14.091, , , 1, 3.69, 0, 0, 14.4, 2.24, 180, 0, 0, 0, 52, 3.63, 3.625, 125.6, 29.099, 100, 0, 0, 24.971, 24.971, 3, 0.66, 85.5, 0, 0, 91.5, 42.906, 0, 0, 0, 0, 0, 13.6, 0, 14.4, 0, 2.24, 180, 0, 0, 0, 52, 1, 0.004, 0.004, 125.6, 29.1, 100, 0, 0, 141, 24.971, 24.971, 3, 0.66, 0, 85.5, 0, 0, 91.5, 42.906, 0, 0, 0, 0, 
3.7, 17.09, 100.33, 73.17, 73.98, , -1.205, 0.986, 243.853, 243.853, 2.239, -26.787, -26.787, -26.787, 52.548, 50.852, 35.42, 35.06, 7.379, 14.054, 0, 0, -2.994, -3.039, -2.994, -3.039, 1, 42.538, 42.538, 0.024, 0.137, -7.036, -7.136, -7.036, -7.136, 4.691, 7.379, 14.054, , , 1, 3.739, 0, 0, 14.4, 2.239, 180, 0, 0, 0, 52, 3.63, 3.623, 125.6, 29.12, 100, 0, 0, 25, 25, 3, 0.66, 85.5, 0, 0, 91.5, 42.87, 0, 0, 0, 0, 0, 13.6, 0, 14.4, 0, 2.239, 180, 0, 0, 0, 52, 1, 0.004, 0.004, 125.6, 29.12, 100, 0, 0, 141, 25, 25, 3, 0.66, 0, 85.5, 0, 0, 91.5, 42.87, 0, 0, 0, 0, 
3.75, 17.09, 100.33, 73.17, 73.98, , -1.227, 0.986, 246.984, 246.984, 2.237, -27.303, -27.303, -27.303, 52.582, 63.726, 35.42, 35.06, 7.379, 14.007, 0, 0, -3.048, -3.094, -3.048, -3.094, 1, 42.478, 42.478, 0.024, 0.137, -7.167, -7.269, -7.167, -7.269, 4.696, 7.379, 14.007, , , 1, 3.789, 0, 0, 14.4, 2.237, 180, 0, 0, 0, 52, 3.63, 3.613, 125.6, 29.12, 100, 0, 0, 25, 25, 3, 0.66, 85.5, 0, 0, 91.5, 42.87, 0, 0, 0, 0, 0, 13.6, 0, 14.4, 0, 2.237, 180, 0, 0, 0, 52, 1, 0.004, 0.004, 125.6, 29.12, 100, 0, 0, 141, 25, 25, 3, 0.66, 0, 85.5, 0, 0, 91.5, 42.87, 0, 0, 0, 0, 
3.8, 17.09, 100.33, 73.17, 73.98, , -1.27, 0.986, 250.097, 250.097, 2.236, -28.315, -28.315, -28.315, 52.613, 68.021, 35.42, 35.06, 7.38, 13.946, 0, 0, -3.158, -3.206, -3.158, -3.206, 1, 42.416, 42.416, 0.024, 0.136, -7.431, -7.536, -7.431, -7.536, 4.7, 7.38, 13.946, , , 1, 3.839, 0, 0, 14.4, 2.236, 180, 0, 0, 0, 52, 3.63, 3.604, 125.6, 29.12, 100, 0, 0, 25, 25, 3, 0.66, 85.5, 0, 0, 91.5, 42.87, 0, 0, 0, 0, 0, 13.6, 0, 14.4, 0, 2.236, 180, 0, 0, 0, 52, 1, 0.004, 0.004, 125.6, 29.12, 100, 0, 0, 141, 25, 25, 3, 0.66, 0, 85.5, 0, 0, 91.5, 42.87, 0, 0, 0, 0, 
3.85, 17.09, 100.33, 73.17, 73.98, , -1.322, 0.986, 253.21, 253.21, 2.234, -29.565, -29.565, -29.565, 52.645, 68.721, 35.42, 35.06, 7.38, 13.889, 0, 0, -3.291, -3.341, -3.291, -3.341, 1, 42.351, 42.351, 0.024, 0.136, -7.754, -7.865, -7.754, -7.865, 4.704, 7.38, 13.889, , , 1, 3.889, 0, 0, 14.4, 2.234, 180, 0, 0, 0, 52, 3.63, 3.594, 125.6, 29.12, 100, 0, 0, 25, 25, 3, 0.66, 85.5, 0, 0, 91.5, 42.87, 0, 0, 0, 0, 0, 13.6, 0, 14.4, 0, 2.234, 180, 0, 0, 0, 52, 1, 0.004, 0.004, 125.6, 29.12, 100, 0, 0, 141, 25, 25, 3, 0.66, 0, 85.5, 0, 0, 91.5, 42.87, 0, 0, 0, 0, 
3.9, 17.09, 100.33, 73.17, 73.98, , -1.326, 0.986, 256.323, 256.323, 2.233, -29.658, -29.658, -29.658, 52.677, 69.42, 35.42, 35.06, 7.379, 13.84, 0, 0, -3.296, -3.345, -3.296, -3.345, 1, 42.284, 42.284, 0.024, 0.136, -7.774, -7.885, -7.774, -7.885, 4.709, 7.379, 13.84, , , 1, 3.939, 0, 0, 14.4, 2.233, 180, 0, 0, 0, 52, 3.63, 3.584, 125.6, 29.12, 100, 0, 0, 25, 25, 3, 0.66, 85.5, 0, 0, 91.5, 42.87, 0, 0, 0, 0, 0, 13.6, 0, 14.4, 0, 2.233, 180, 0, 0, 0, 52, 1, 0.004, 0.004, 125.6, 29.12, 100, 0, 0, 141, 25, 25, 3, 0.66, 0, 85.5, 0, 0, 91.5, 42.87, 0, 0, 0, 0, 
3.95, 17.09, 100.33, 73.17, 73.98, , -1.307, 0.986, 259.433, 259.433, 2.231, -29.207, -29.207, -29.207, 52.7, 70.119, 35.377, 35.074, 7.379, 13.803, 0, 0, -3.24, -3.288, -3.24, -3.288, 1, 42.219, 42.219, 0.024, 0.136, -7.651, -7.759, -7.651, -7.759, 4.72, 7.379, 13.803, , , 1, 3.99, 0, 0, 14.4, 2.231, 180, 0, 0, 0, 52, 3.636, 3.587, 125.6, 29.12, 100, 0, 0, 24.896, 24.896, 3, 0.66, 85.5, 0, 0, 91.5, 42.805, 0, 0, 0, 0, 0, 13.6, 0, 14.4, 0, 2.231, 180, 0, 0, 0, 52, 1, 0.004, 0.004, 125.6, 29.12, 100, 0, 0, 141, 24.896, 24.896, 3, 0.66, 0, 85.5, 0, 0, 91.5, 42.805, 0, 0, 0, 0, 
4, 17.09, 100.33, 73.17, 73.98, , -1.431, 0.986, 262.505, 262.505, 2.228, -32.143, -32.143, -32.143, 52.725, 70.819, 35.161, 35.146, 7.378, 13.791, 0, 0, -3.558, -3.611, -3.558, -3.611, 1, 42.151, 42.151, 0.024, 0.136, -8.414, -8.534, -8.414, -8.534, 4.732, 7.378, 13.791, , , 1, 4.04, 0, 0, 14.4, 2.228, 180, 0, 0, 0, 52, 3.648, 3.599, 125.6, 29.12, 100, 0, 0, 24.703, 24.703, 3, 0.66, 85.5, 0, 0, 91.5, 42.686, 0, 0, 0, 0, 0, 13.6, 0, 14.4, 0, 2.228, 180, 0, 0, 0, 52, 1, 0.004, 0.004, 125.6, 29.12, 100, 0, 0, 141, 24.703, 24.703, 3, 0.66, 0, 85.5, 0, 0, 91.5, 42.686, 0, 0, 0, 0, 
4.05, 17.09, 100.33, 73.17, 73.98, , -1.635, 0.986, 265.601, 265.601, 2.226, -36.981, -36.981, -36.981, 52.757, 71.518, 34.945, 35.218, 7.378, 13.789, 0, 0, -4.085, -4.145, -4.085, -4.145, 1, 42.076, 42.076, 0.024, 0.136, -9.673, -9.811, -9.673, -9.811, 4.743, 7.378, 13.789, , , 1, 4.089, 0, 0, 14.4, 2.226, 180, 0, 0, 0, 52, 3.659, 3.612, 125.6, 29.12, 100, 0, 0, 24.51, 24.51, 3, 0.66, 85.5, 0, 0, 91.5, 42.566, 0, 0, 0, 0, 0, 13.6, 0, 14.4, 0, 2.226, 180, 0, 0, 0, 52, 1, 0.004, 0.004, 125.6, 29.12, 100, 0, 0, 141, 24.51, 24.51, 3, 0.66, 0, 85.5, 0, 0, 91.5, 42.566, 0, 0, 0, 0, 
4.1, 17.09, 100.33, 73.17, 73.98, , -1.898, 0.986, 268.711, 268.711, 2.223, -43.24, -43.24, -43.24, 52.808, 72.217, 34.729, 35.29, 7.377, 13.808, 0, 0, -4.768, -4.839, -4.768, -4.839, 1, 41.984, 41.984, 0.024, 0.136, -11.302, -11.463, -11.302, -11.463, 4.755, 7.377, 13.808, , , 1, 4.139, 0, 0, 14.4, 2.223, 180, 0, 0, 0, 52, 3.671, 3.624, 125.6, 29.12, 100, 0, 0, 24.317, 24.317, 3, 0.66, 85.5, 0, 0, 91.5, 42.446, 0, 0, 0, 0, 0, 13.6, 0, 14.4, 0, 2.223, 180, 0, 0, 0, 52, 1, 0.004, 0.004, 125.6, 29.12, 100, 0, 0, 141, 24.317, 24.317, 3, 0.66, 0, 85.5, 0, 0, 91.5, 42.446, 0, 0, 0, 0, 
4.15, 17.09, 100.33, 73.17, 73.98, , -2.114, 0.986, 271.784, 271.784, 2.221, -48.37, -48.37, -48.37, 52.868, 72.916, 34.513, 35.362, 7.377, 13.832, 0, 0, -5.319, -5.398, -5.319, -5.398, 1, 41.884, 41.884, 0.024, 0.136, -12.624, -12.805, -12.624, -12.805, 4.755, 7.377, 13.832, , , 1, 4.189, 0, 0, 14.4, 2.221, 180, 0, 0, 0, 52, 3.683, 3.637, 125.6, 29.12, 100, 0, 0, 24.124, 24.124, 3, 0.66, 85.5, 0, 0, 91.5, 42.327, 0, 0, 0, 0, 0, 13.6, 0, 14.4, 0, 2.221, 180, 0, 0, 0, 52, 1, 0.004, 0.004, 125.6, 29.12, 100, 0, 0, 141, 24.124, 24.124, 3, 0.66, 0, 85.5, 0, 0, 91.5, 42.327, 0, 0, 0, 0, 
4.2, 17.09, 100.33, 73.17, 73.98, , -2.358, 0.986, 274.878, 274.878, 2.218, -54.157, -54.157, -54.157, 52.935, 73.616, 34.383, 35.413, 7.378, 13.869, 0, 0, -5.939, -6.027, -5.939, -6.027, 1, 41.772, 41.772, 0.024, 0.137, -14.119, -14.322, -14.119, -14.322, 4.754, 7.378, 13.869, , , 1, 4.239, 0, 0, 14.4, 2.218, 180, 0, 0, 0, 52, 3.691, 3.646, 125.6, 29.12, 100, 0, 0, 23.962, 23.962, 3, 0.66, 85.461, 0, 0, 91.5, 42.25, 0, 0, 0, 0, 0, 13.6, 0, 14.4, 0, 2.218, 180, 0, 0, 0, 52, 1, 0.004, 0.004, 125.6, 29.12, 100, 0, 0, 141, 23.962, 23.962, 3, 0.66, 0, 85.461, 0, 0, 91.5, 42.25, 0, 0, 0, 0, 
4.25, 17.09, 100.33, 73.17, 73.98, , -2.617, 0.986, 277.988, 277.988, 2.215, -60.304, -60.304, -60.304, 52.989, 74.315, 34.599, 35.377, 7.378, 13.903, 0, 0, -6.595, -6.693, -6.595, -6.693, 1, 41.644, 41.644, 0.024, 0.137, -15.709, -15.934, -15.709, -15.934, 4.753, 7.378, 13.903, , , 1, 4.289, 0, 0, 14.4, 2.215, 180, 0, 0, 0, 52, 3.693, 3.649, 125.6, 29.12, 100, 0, 0, 23.858, 23.858, 3, 0.66, 85.357, 0, 0, 91.5, 42.25, 0, 0, 0, 0, 0, 13.6, 0, 14.4, 0, 2.215, 180, 0, 0, 0, 52, 1, 0.004, 0.004, 125.6, 29.12, 100, 0, 0, 141, 23.858, 23.858, 3, 0.66, 0, 85.357, 0, 0, 91.5, 42.25, 0, 0, 0, 0, 
4.3, 17.09, 100.33, 73.17, 73.98, , -2.675, 0.986, 281.022, 281.022, 2.213, -61.663, -61.663, -61.663, 53.029, 75.014, 34.815, 35.341, 7.379, 13.927, 0, 0, -6.725, -6.824, -6.725, -6.824, 1, 41.51, 41.51, 0.024, 0.137, -16.055, -16.285, -16.055, -16.285, 4.753, 7.379, 13.927, , , 1, 4.339, 0, 0, 14.4, 2.213, 180, 0, 0, 0, 52, 3.695, 3.652, 125.6, 29.12, 100, 0, 0, 23.754, 23.754, 3, 0.66, 85.253, 0, 0, 91.5, 42.25, 0, 0, 0, 0, 0, 13.6, 0, 14.4, 0, 2.213, 180, 0, 0, 0, 52, 1, 0.004, 0.004, 125.6, 29.12, 100, 0, 0, 141, 23.754, 23.754, 3, 0.66, 0, 85.253, 0, 0, 91.5, 42.25, 0, 0, 0, 0, 
4.35, 17.09, 100.33, 73.17, 73.98, , -2.701, 0.986, 284.075, 284.075, 2.21, -62.296, -62.296, -62.296, 53.042, 75.713, 35.031, 35.305, 7.379, 13.947, 0, 0, -6.775, -6.875, -6.775, -6.875, 1, 41.375, 41.375, 0.024, 0.137, -16.216, -16.448, -16.216, -16.448, 4.743, 7.379, 13.947, , , 1, 4.389, 0, 0, 14.4, 2.21, 180, 0, 0, 0, 52, 3.697, 3.656, 125.6, 29.12, 100, 0, 0, 23.65, 23.65, 3, 0.66, 85.149, 0, 0, 91.5, 42.25, 0, 0, 0, 0, 0, 13.6, 0, 14.4, 0, 2.21, 180, 0, 0, 0, 52, 1, 0.004, 0.004, 125.6, 29.12, 100, 0, 0, 141, 23.65, 23.65, 3, 0.66, 0, 85.149, 0, 0, 91.5, 42.25, 0, 0, 0, 0, 
4.4, 17.09, 100.33, 73.17, 73.98, , -2.697, 0.986, 287.148, 287.148, 2.207, -62.202, -62.202, -62.202, 53.023, 76.413, 35.247, 35.269, 7.38, 13.956, 0, 0, -6.746, -6.846, -6.746, -6.846, 1, 41.239, 41.239, 0.024, 0.138, -16.193, -16.425, -16.193, -16.425, 4.729, 7.38, 13.956, , , 1, 4.439, 0, 0, 14.4, 2.207, 180, 0, 0, 0, 52, 3.699, 3.659, 125.6, 29.12, 100, 0, 0, 23.546, 23.546, 3, 0.66, 85.046, 0, 0, 91.5, 42.25, 0, 0, 0, 0, 0, 13.6, 0, 14.4, 0, 2.207, 180, 0, 0, 0, 52, 1, 0.004, 0.004, 125.6, 29.12, 100, 0, 0, 141, 23.546, 23.546, 3, 0.66, 0, 85.046, 0, 0, 91.5, 42.25, 0, 0, 0, 0, 
4.45, 17.09, 100.33, 73.17, 73.98, , -2.601, 0.986, 290.181, 290.181, 2.201, -59.912, -59.912, -59.912, 52.991, 77.112, 35.449, 35.276, 7.38, 13.962, 0, 0, -6.478, -6.573, -6.478, -6.573, 1, 41.105, 41.105, 0.024, 0.138, -15.607, -15.832, -15.607, -15.832, 4.715, 7.38, 13.962, , , 1, 4.489, 0, 0, 14.411, 2.201, 180, 0, 0, 0, 52, 3.7, 3.669, 125.6, 29.24, 100, 0, 0, 23.446, 23.446, 3, 0.66, 84.946, 0, 0, 91.446, 42.116, 0, 0, 0, 0, 0, 13.6, 0, 14.411, 0, 2.201, 180, 0, 0, 0, 52, 1, 0.004, 0.004, 125.6, 29.24, 100, 0, 0, 141, 23.446, 23.446, 3, 0.66, 0, 84.946, 0, 0, 91.446, 42.116, 0, 0, 0, 0, 
4.5, 17.09, 100.33, 73.17, 73.98, , -2.52, 0.986, 293.213, 293.213, 2.191, -57.998, -57.998, -57.998, 52.949, 77.811, 35.593, 35.456, 7.379, 13.962, 0, 0, -6.25, -6.342, -6.25, -6.342, 1, 40.978, 40.978, 0.024, 0.138, -15.118, -15.336, -15.118, -15.336, 4.701, 7.379, 13.962, , , 1, 4.54, 0, 0, 14.43, 2.191, 180, 0, 0, 0, 52, 3.7, 3.684, 125.6, 29.456, 100, 0, 0, 23.349, 23.349, 3, 0.66, 84.849, 0, 0, 91.349, 41.877, 0, 0, 0, 0, 0, 13.6, 0, 14.43, 0, 2.191, 180, 0, 0, 0, 52, 1, 0.004, 0.004, 125.6, 29.456, 100, 0, 0, 141, 23.349, 23.349, 3, 0.66, 0, 84.849, 0, 0, 91.349, 41.877, 0, 0, 0, 0, 
4.55, 17.09, 100.33, 73.17, 73.98, , -2.461, 0.986, 296.246, 296.246, 2.181, -56.618, -56.618, -56.618, 52.928, 78.511, 35.737, 35.636, 7.379, 13.962, 0, 0, -6.08, -6.17, -6.08, -6.17, 1, 40.853, 40.853, 0.024, 0.138, -14.768, -14.981, -14.768, -14.981, 4.687, 7.379, 13.962, , , 1, 4.59, 0, 0, 14.45, 2.181, 180, 0, 0, 0, 52, 3.7, 3.7, 125.6, 29.671, 100, 0, 0, 23.253, 23.253, 3, 0.66, 84.752, 0, 0, 91.253, 41.637, 0, 0, 0, 0, 0, 13.6, 0, 14.45, 0, 2.181, 180, 0, 0, 0, 52, 1, 0.004, 0.004, 125.6, 29.671, 100, 0, 0, 141, 23.253, 23.253, 3, 0.66, 0, 84.752, 0, 0, 91.252, 41.637, 0, 0, 0, 0, 
4.6, 17.09, 100.33, 73.17, 73.98, , -2.51, 0.986, 299.243, 299.243, 2.172, -57.765, -57.765, -57.765, 52.921, 79.21, 35.881, 35.816, 7.378, 13.965, 0, 0, -6.181, -6.274, -6.181, -6.274, 1, 40.727, 40.727, 0.024, 0.138, -15.064, -15.282, -15.064, -15.282, 4.673, 7.378, 13.965, , , 1, 4.64, 0, 0, 14.469, 2.172, 180, 0, 0, 0, 52, 3.7, 3.715, 125.6, 29.886, 100, 0, 0, 23.156, 23.156, 3, 0.66, 84.655, 0, 0, 91.156, 41.398, 0, 0, 0, 0, 0, 13.6, 0, 14.469, 0, 2.172, 180, 0, 0, 0, 52, 1, 0.004, 0.004, 125.6, 29.886, 100, 0, 0, 141, 23.156, 23.156, 3, 0.66, 0, 84.655, 0, 0, 91.155, 41.398, 0, 0, 0, 0, 
4.65, 17.09, 100.33, 73.17, 73.98, , -2.564, 0.986, 302.237, 302.237, 2.162, -59.061, -59.061, -59.061, 52.952, 79.909, 36.025, 35.996, 7.378, 13.969, 0, 0, -6.299, -6.394, -6.299, -6.394, 1, 40.599, 40.599, 0.024, 0.137, -15.395, -15.619, -15.395, -15.619, 4.659, 7.378, 13.969, , , 1, 4.69, 0, 0, 14.488, 2.162, 180, 0, 0, 0, 52, 3.7, 3.73, 125.6, 30.101, 100, 0, 0, 23.06, 23.06, 3, 0.66, 84.558, 0, 0, 91.06, 41.158, 0, 0, 0, 0, 0, 13.6, 0, 14.488, 0, 2.162, 180, 0, 0, 0, 52, 1, 0.004, 0.004, 125.6, 30.101, 100, 0, 0, 141, 23.06, 23.06, 3, 0.66, 0, 84.558, 0, 0, 91.058, 41.158, 0, 0, 0, 0, 
4.7, 17.091, 100.33, 73.17, 73.98, , -2.608, 0.986, 305.23, 305.23, 2.153, -60.101, -60.101, -60.101, 52.997, 80.608, 36.039, 36.097, 7.378, 13.976, 0, 0, -6.39, -6.485, -6.39, -6.485, 1, 40.469, 40.469, 0.024, 0.137, -15.653, -15.88, -15.653, -15.88, 4.644, 7.378, 13.976, , , 1, 4.739, 0, 0, 14.496, 2.153, 180, 0, 0, 0, 52, 3.71, 3.743, 125.6, 30.259, 100, 0, 0, 22.943, 22.962, 3, 0.66, 84.5, 0, 0, 91, 40.939, 0, 0, 0, 0, 0, 13.6, 0, 14.496, 0, 2.153, 180, 0, 0, 0, 52, 1, 0.004, 0.004, 125.6, 30.259, 100, 0, 0, 141, 22.943, 22.962, 3, 0.66, 0, 84.5, 0, 0, 91, 40.939, 0, 0, 0, 0, 
4.75, 17.092, 100.33, 73.17, 73.981, , -2.648, 0.986, 308.224, 308.224, 2.146, -61.045, -61.045, -61.045, 53.055, 81.308, 35.535, 35.881, 7.378, 13.985, 0, 0, -6.471, -6.566, -6.471, -6.566, 1, 40.338, 40.338, 0.024, 0.137, -15.885, -16.115, -15.885, -16.115, 4.63, 7.378, 13.985, , , 1, 4.79, 0, 0, 14.486, 2.146, 180, 0, 0, 0, 52, 3.736, 3.752, 125.6, 30.332, 100, 0, 0, 22.793, 22.862, 3, 0.66, 84.5, 0, 0, 91, 40.753, 0, 0, 0, 0, 0, 13.6, 0, 14.486, 0, 2.146, 180, 0, 0, 0, 52, 1, 0.004, 0.004, 125.6, 30.332, 100, 0, 0, 141, 22.793, 22.862, 3, 0.66, 0, 84.5, 0, 0, 91, 40.753, 0, 0, 0, 0, 
4.8, 17.092, 100.33, 73.17, 73.981, , -2.683, 0.986, 311.209, 311.209, 2.139, -61.877, -61.877, -61.877, 53.102, 82.007, 35.031, 35.665, 7.379, 14.002, 0, 0, -6.54, -6.635, -6.54, -6.635, 1, 40.203, 40.203, 0.024, 0.137, -16.088, -16.321, -16.088, -16.321, 4.615, 7.379, 14.002, , , 1, 4.839, 0, 0, 14.476, 2.139, 180, 0, 0, 0, 52, 3.762, 3.761, 125.6, 30.405, 100, 0, 0, 22.643, 22.762, 3, 0.66, 84.5, 0, 0, 91, 40.567, 0, 0, 0, 0, 0, 13.6, 0, 14.476, 0, 2.139, 180, 0, 0, 0, 52, 1, 0.004, 0.004, 125.6, 30.405, 100, 0, 0, 141, 22.643, 22.762, 3, 0.66, 0, 84.5, 0, 0, 91, 40.567, 0, 0, 0, 0, 
4.85, 17.093, 100.33, 73.17, 73.982, , -2.705, 0.986, 314.165, 314.165, 2.131, -62.411, -62.411, -62.411, 53.143, 82.706, 34.527, 35.449, 7.379, 14.019, 0, 0, -6.573, -6.668, -6.573, -6.668, 1, 40.068, 40.068, 0.024, 0.136, -16.214, -16.449, -16.214, -16.449, 4.6, 7.379, 14.019, , , 1, 4.889, 0, 0, 14.466, 2.131, 180, 0, 0, 0, 52, 3.788, 3.77, 125.6, 30.478, 100, 0, 0, 22.493, 22.662, 3, 0.66, 84.5, 0, 0, 91, 40.381, 0, 0, 0, 0, 0, 13.6, 0, 14.466, 0, 2.131, 180, 0, 0, 0, 52, 1, 0.004, 0.004, 125.6, 30.478, 100, 0, 0, 141, 22.493, 22.662, 3, 0.66, 0, 84.5, 0, 0, 91, 40.381, 0, 0, 0, 0, 
4.9, 17.094, 100.33, 73.17, 73.982, , -2.712, 0.986, 317.12, 317.12, 2.124, -62.584, -62.584, -62.584, 53.175, 83.406, 34.023, 35.233, 7.38, 14.036, 0, 0, -6.568, -6.662, -6.568, -6.662, 1, 39.932, 39.932, 0.024, 0.136, -16.252, -16.486, -16.252, -16.486, 4.585, 7.38, 14.036, , , 1, 4.94, 0, 0, 14.456, 2.124, 180, 0, 0, 0, 52, 3.814, 3.779, 125.6, 30.551, 100, 0, 0, 22.343, 22.562, 3, 0.66, 84.5, 0, 0, 91, 40.195, 0, 0, 0, 0, 0, 13.6, 0, 14.456, 0, 2.124, 180, 0, 0, 0, 52, 1, 0.004, 0.004, 125.6, 30.551, 100, 0, 0, 141, 22.343, 22.562, 3, 0.66, 0, 84.5, 0, 0, 91, 40.195, 0, 0, 0, 0, 
4.95, 17.095, 100.33, 73.17, 73.982, , -2.712, 0.986, 319.986, 319.986, 2.118, -62.591, -62.591, -62.591, 53.185, 84.105, 33.656, 35.06, 7.38, 14.053, 0, 0, -6.545, -6.638, -6.545, -6.638, 1, 39.855, 39.855, 0.024, 0.136, -16.249, -16.481, -16.249, -16.481, 4.582, 7.38, 14.053, , , 1, 4.989, 0, 0, 14.446, 2.118, 180, 0, 0, 0, 52, 3.832, 3.786, 125.6, 30.625, 100, 0, 0, 22.21, 22.46, 3, 0.659, 84.48, 0, 0, 90.98, 40.031, 0, 0, 0, 0, 0, 13.6, 0, 14.446, 0, 2.118, 180, 0, 0, 0, 52, 1, 0.004, 0.004, 125.6, 30.625, 100, 0, 0, 141, 22.21, 22.46, 3, 0.659, 0, 84.48, 0, 0, 90.98, 40.031, 0, 0, 0, 0, 
5, 17.095, 100.33, 73.17, 73.983, , -2.736, 0.986, 321.446, 321.446, 2.115, -63.153, -63.153, -63.153, 53.188, 84.804, 33.836, 35.06, 7.38, 14.062, 0, 0, -6.594, -6.687, -6.594, -6.687, 1, 39.77, 39.77, 0.024, 0.136, -16.395, -16.63, -16.395, -16.63, 4.597, 7.38, 14.062, , , 1, 5.039, 0, 0, 14.436, 2.115, 180, 0, 0, 0, 52, 3.839, 3.789, 125.6, 30.701, 100, 0, 0, 22.106, 22.356, 3, 0.657, 84.428, 0, 0, 90.928, 39.902, 0, 0, 0, 0, 0, 13.6, 0, 14.436, 0, 2.115, 180, 0, 0, 0, 52, 1, 0.004, 0.004, 125.6, 30.701, 100, 0, 0, 141, 22.106, 22.356, 3, 0.657, 0, 84.428, 0, 0, 90.928, 39.902, 0, 0, 0, 0, 
5.05, 17.096, 100.33, 73.17, 73.983, , -2.795, 0.986, 323.576, 323.576, 2.111, -64.547, -64.547, -64.547, 53.182, 85.503, 34.016, 35.06, 7.379, 14.07, 0, 0, -6.723, -6.818, -6.723, -6.818, 1, 39.631, 39.631, 0.024, 0.136, -16.758, -16.998, -16.758, -16.998, 4.613, 7.379, 14.07, , , 1, 5.09, 0, 0, 14.425, 2.111, 180, 0, 0, 0, 52, 3.845, 3.792, 125.6, 30.778, 100, 0, 0, 22.002, 22.252, 3, 0.655, 84.376, 0, 0, 90.876, 39.773, 0, 0, 0, 0, 0, 13.6, 0, 14.425, 0, 2.111, 180, 0, 0, 0, 52, 1, 0.004, 0.004, 125.6, 30.778, 100, 0, 0, 141, 22.002, 22.252, 3, 0.655, 0, 84.376, 0, 0, 90.876, 39.773, 0, 0, 0, 0, 
5.1, 17.097, 100.33, 73.17, 73.983, , -2.895, 0.986, 326.495, 326.495, 2.108, -66.918, -66.918, -66.918, 53.17, 86.203, 34.196, 35.06, 7.379, 14.064, 0, 0, -6.945, -7.045, -6.945, -7.045, 1, 39.487, 39.487, 0.024, 0.136, -17.377, -17.626, -17.377, -17.626, 4.629, 7.379, 14.064, , , 1, 5.139, 0, 0, 14.415, 2.108, 180, 0, 0, 0, 52, 3.851, 3.796, 125.6, 30.854, 100, 0, 0, 21.898, 22.148, 3, 0.653, 84.324, 0, 0, 90.824, 39.643, 0, 0, 0, 0, 0, 13.6, 0, 14.415, 0, 2.108, 180, 0, 0, 0, 52, 1, 0.004, 0.004, 125.6, 30.854, 100, 0, 0, 141, 21.898, 22.148, 3, 0.653, 0, 84.324, 0, 0, 90.824, 39.643, 0, 0, 0, 0, 
5.15, 17.098, 100.33, 73.17, 73.984, , -2.943, 0.986, 329.413, 329.413, 2.104, -68.072, -68.072, -68.072, 53.155, 86.902, 34.376, 35.06, 7.379, 14.057, 0, 0, -7.039, -7.141, -7.039, -7.141, 1, 39.341, 39.341, 0.024, 0.136, -17.684, -17.937, -17.684, -17.937, 4.644, 7.379, 14.057, , , 1, 5.189, 0, 0, 14.404, 2.104, 180, 0, 0, 0, 52, 3.857, 3.799, 125.6, 30.93, 100, 0, 0, 21.794, 22.044, 3, 0.651, 84.272, 0, 0, 90.772, 39.514, 0, 0, 0, 0, 0, 13.6, 0, 14.404, 0, 2.104, 180, 0, 0, 0, 52, 1, 0.004, 0.004, 125.6, 30.93, 100, 0, 0, 141, 21.794, 22.044, 3, 0.651, 0, 84.272, 0, 0, 90.772, 39.514, 0, 0, 0, 0, 
5.2, 17.098, 100.33, 73.17, 73.984, , -3.027, 0.986, 332.322, 332.322, 2.096, -70.062, -70.062, -70.062, 53.124, 87.601, 34.541, 35.011, 7.379, 14.048, 0, 0, -7.216, -7.322, -7.216, -7.322, 1, 39.191, 39.191, 0.024, 0.136, -18.208, -18.47, -18.208, -18.47, 4.656, 7.379, 14.048, , , 1, 5.24, 0, 0, 14.4, 2.096, 180, 0, 0, 0, 52, 3.867, 3.808, 125.6, 31.029, 100, 0, 0, 21.72, 21.97, 3, 0.65, 84.19, 0, 0, 90.72, 39.385, 0, 0, 0, 0, 0, 13.6, 0, 14.4, 0, 2.096, 180, 0, 0, 0, 52, 1, 0.004, 0.004, 125.6, 31.029, 100, 0, 0, 141, 21.72, 21.97, 3, 0.65, 0, 84.19, 0, 0, 90.72, 39.385, 0, 0, 0, 0, 
5.25, 17.099, 100.33, 73.17, 73.985, , -3.235, 0.986, 335.204, 335.204, 2.084, -74.994, -74.994, -74.994, 53.111, 88.3, 34.647, 34.764, 7.379, 14.039, 0, 0, -7.69, -7.803, -7.69, -7.803, 1, 39.033, 39.033, 0.024, 0.136, -19.494, -19.776, -19.494, -19.776, 4.668, 7.379, 14.039, , , 1, 5.289, 0, 0, 14.4, 2.084, 180, 0, 0, 0, 52, 3.88, 3.821, 125.6, 31.144, 100, 0, 0, 21.668, 21.918, 3, 0.65, 84.085, 0, 0, 90.668, 39.256, 0, 0, 0, 0, 0, 13.6, 0, 14.4, 0, 2.084, 180, 0, 0, 0, 52, 1, 0.004, 0.004, 125.6, 31.144, 100, 0, 0, 141, 21.668, 21.918, 3, 0.65, 0, 84.085, 0, 0, 90.668, 39.256, 0, 0, 0, 0, 
5.3, 17.1, 100.33, 73.17, 73.985, , -3.381, 0.986, 338.065, 338.065, 2.072, -78.478, -78.478, -78.478, 53.121, 89, 34.753, 34.516, 7.38, 14.034, 0, 0, -8.012, -8.131, -8.012, -8.131, 1, 38.867, 38.867, 0.024, 0.137, -20.392, -20.689, -20.392, -20.689, 4.681, 7.38, 14.034, , , 1, 5.339, 0, 0, 14.4, 2.072, 180, 0, 0, 0, 52, 3.892, 3.835, 125.6, 31.259, 100, 0, 0, 21.616, 21.866, 3, 0.65, 83.981, 0, 0, 90.616, 39.127, 0, 0, 0, 0, 0, 13.6, 0, 14.4, 0, 2.072, 180, 0, 0, 0, 52, 1, 0.004, 0.004, 125.6, 31.259, 100, 0, 0, 141, 21.616, 21.866, 3, 0.65, 0, 83.981, 0, 0, 90.616, 39.127, 0, 0, 0, 0, 
5.35, 17.101, 100.33, 73.17, 73.985, , -3.494, 0.986, 340.914, 340.914, 2.06, -81.147, -81.147, -81.147, 53.168, 89.699, 34.859, 34.269, 7.38, 14.029, 0, 0, -8.25, -8.373, -8.25, -8.373, 1, 38.693, 38.693, 0.024, 0.137, -21.073, -21.38, -21.073, -21.38, 4.69, 7.38, 14.029, , , 1, 5.389, 0, 0, 14.4, 2.06, 180, 0, 0, 0, 52, 3.905, 3.848, 125.6, 31.375, 100, 0, 0, 21.564, 21.814, 3, 0.65, 83.877, 0, 0, 90.564, 38.998, 0, 0, 0, 0, 0, 13.6, 0, 14.4, 0, 2.06, 180, 0, 0, 0, 52, 1, 0.004, 0.004, 125.6, 31.375, 100, 0, 0, 141, 21.564, 21.814, 3, 0.65, 0, 83.877, 0, 0, 90.564, 38.998, 0, 0, 0, 0, 
5.4, 17.102, 100.33, 73.17, 73.986, , -3.509, 0.986, 343.761, 343.761, 2.048, -81.506, -81.506, -81.506, 53.228, 90.398, 34.965, 34.022, 7.38, 14.031, 0, 0, -8.254, -8.375, -8.254, -8.375, 1, 38.518, 38.518, 0.024, 0.137, -21.142, -21.449, -21.142, -21.449, 4.672, 7.38, 14.031, , , 1, 5.44, 0, 0, 14.4, 2.048, 180, 0, 0, 0, 52, 3.917, 3.862, 125.6, 31.49, 100, 0, 0, 21.511, 21.761, 3, 0.65, 83.773, 0, 0, 90.511, 38.868, 0, 0, 0, 0, 0, 13.6, 0, 14.4, 0, 2.048, 180, 0, 0, 0, 52, 1, 0.004, 0.004, 125.6, 31.49, 100, 0, 0, 141, 21.511, 21.761, 3, 0.65, 0, 83.773, 0, 0, 90.511, 38.868, 0, 0, 0, 0, 
5.45, 17.102, 100.33, 73.17, 73.986, , -3.497, 0.986, 346.608, 346.608, 2.039, -81.223, -81.223, -81.223, 53.312, 91.098, 35.075, 33.829, 7.379, 14.033, 0, 0, -8.191, -8.309, -8.191, -8.309, 1, 38.341, 38.341, 0.024, 0.137, -21.044, -21.347, -21.044, -21.347, 4.655, 7.379, 14.033, , , 1, 5.489, 0, 0, 14.4, 2.039, 180, 0, 0, 0, 52, 3.941, 3.889, 125.76, 31.614, 100, 0, 0, 21.5, 21.706, 3, 0.652, 83.75, 0, 0, 90.545, 38.674, 0, 0, 0, 0, 0, 13.6, 0, 14.4, 0, 2.039, 180, 0, 0, 0, 52, 1, 0.004, 0.004, 125.76, 31.614, 100, 0, 0, 141, 21.5, 21.706, 3, 0.652, 0, 83.75, 0, 0, 90.545, 38.674, 0, 0, 0, 0, 
5.5, 17.103, 100.33, 73.17, 73.987, , -3.436, 0.986, 349.455, 349.455, 2.031, -79.795, -79.795, -79.795, 53.375, 91.797, 35.222, 34.123, 7.379, 14.033, 0, 0, -8.008, -8.123, -8.008, -8.123, 1, 38.167, 38.167, 0.024, 0.138, -20.646, -20.942, -20.646, -20.942, 4.637, 7.379, 14.033, , , 1, 5.539, 0, 0, 14.4, 2.031, 180, 0, 0, 0, 52, 3.969, 3.92, 125.964, 31.741, 100, 0, 0, 21.5, 21.649, 3, 0.654, 83.75, 0, 0, 90.602, 38.462, 0, 0, 0, 0, 0, 13.6, 0, 14.4, 0, 2.031, 180, 0, 0, 0, 52, 1, 0.004, 0.004, 125.964, 31.741, 100, 0, 0, 141, 21.5, 21.649, 3, 0.654, 0, 83.75, 0, 0, 90.602, 38.462, 0, 0, 0, 0, 
5.55, 17.104, 100.33, 73.171, 73.987, , -3.522, 0.986, 352.254, 352.254, 2.023, -81.821, -81.821, -81.821, 53.421, 92.496, 35.369, 34.417, 7.378, 14.034, 0, 0, -8.168, -8.285, -8.168, -8.285, 1, 37.994, 37.994, 0.024, 0.138, -21.151, -21.453, -21.151, -21.453, 4.62, 7.378, 14.034, , , 1, 5.59, 0, 0, 14.4, 2.023, 180, 0, 0, 0, 52, 3.996, 3.95, 126.169, 31.867, 100, 0, 0, 21.5, 21.592, 3, 0.656, 83.75, 0, 0, 90.659, 38.249, 0, 0, 0, 0, 0, 13.6, 0, 14.4, 0, 2.023, 180, 0, 0, 0, 52, 1, 0.004, 0.004, 126.169, 31.867, 100, 0, 0, 141, 21.5, 21.592, 3, 0.656, 0, 83.75, 0, 0, 90.659, 38.249, 0, 0, 0, 0, 
5.6, 17.105, 100.33, 73.175, 73.987, , -3.669, 0.986, 355.033, 355.033, 2.014, -85.318, -85.318, -85.318, 53.446, 93.195, 35.516, 34.711, 7.378, 14.032, 0, 0, -8.475, -8.595, -8.475, -8.595, 1, 37.811, 37.811, 0.024, 0.138, -22.04, -22.354, -22.04, -22.354, 4.604, 7.378, 14.032, , , 1, 5.639, 0, 0, 14.4, 2.014, 180, 0, 0, 0, 52, 4.023, 3.981, 126.373, 31.994, 100, 0, 0, 21.5, 21.535, 3, 0.659, 83.75, 0, 0, 90.716, 38.037, 0, 0, 0, 0, 0, 13.6, 0, 14.4, 0, 2.014, 180, 0, 0, 0, 52, 1, 0.004, 0.004, 126.373, 31.994, 100, 0, 0, 141, 21.5, 21.535, 3, 0.659, 0, 83.75, 0, 0, 90.716, 38.037, 0, 0, 0, 0, 
5.65, 17.105, 100.33, 73.179, 73.988, , -3.808, 0.986, 357.814, 357.814, 2.007, -88.612, -88.612, -88.612, 53.463, 93.895, 35.662, 35.005, 7.377, 14.031, 0, 0, -8.76, -8.887, -8.76, -8.887, 1, 37.624, 37.624, 0.024, 0.137, -22.886, -23.213, -22.886, -23.213, 4.589, 7.377, 14.031, , , 1, 5.69, 0, 0, 14.4, 2.007, 180, 0, 0, 0, 52.083, 4.121, 4.1, 126.574, 32.134, 100, 0, 0, 21.541, 21.541, 3, 0.662, 83.988, 0, 0, 91.01, 37.828, 0, 0, 0, 0, 0, 13.6, 0, 14.4, 0, 2.007, 180, 0, 0, 0, 52.083, 1, 0.004, 0.004, 126.574, 32.134, 100, 0, 0, 141, 21.541, 21.541, 3, 0.662, 0, 83.988, 0, 0, 91.01, 37.828, 0, 0, 0, 0, 
5.7, 17.106, 100.33, 73.183, 73.988, , -3.898, 0.986, 360.595, 360.595, 2.002, -90.757, -90.757, -90.757, 53.461, 94.509, 35.758, 35.247, 7.377, 14.023, 0, 0, -8.931, -9.061, -8.931, -9.061, 1, 37.428, 37.428, 0.024, 0.137, -23.437, -23.775, -23.437, -23.775, 4.574, 7.377, 14.023, , , 1, 5.74, 0, 0, 14.4, 2.002, 180, 0, 0, 0, 52.3, 4.335, 4.363, 126.77, 32.295, 100, 0, 0, 21.65, 21.65, 3, 0.666, 84.583, 0, 0, 91.659, 37.624, 0, 0, 0, 0, 0, 13.6, 0, 14.4, 0, 2.002, 180, 0, 0, 0, 52.3, 1, 0.004, 0.004, 126.77, 32.295, 100, 0, 0, 141, 21.65, 21.65, 3, 0.666, 0, 84.583, 0, 0, 91.659, 37.624, 0, 0, 0, 0, 
5.75, 17.107, 100.33, 73.187, 73.988, , -3.902, 0.986, 363.374, 363.374, 1.997, -90.86, -90.86, -90.86, 53.451, 90.967, 35.65, 35.283, 7.377, 14.014, 0, 0, -8.897, -9.027, -8.897, -9.027, 1, 37.231, 37.231, 0.024, 0.137, -23.467, -23.807, -23.467, -23.807, 4.559, 7.377, 14.014, , , 1, 5.789, 0, 0, 14.4, 1.997, 180, 0, 0, 0, 52.517, 4.55, 4.626, 126.966, 32.456, 100, 0, 0, 21.759, 21.759, 3, 0.67, 85.179, 0, 0, 92.308, 37.421, 0, 0, 0, 0, 0, 13.6, 0, 14.4, 0, 1.997, 180, 0, 0, 0, 52.517, 1, 0.005, 0.005, 126.966, 32.456, 100, 0, 0, 141, 21.759, 21.759, 3, 0.67, 0, 85.179, 0, 0, 92.308, 37.421, 0, 0, 0, 0, 
5.8, 17.108, 100.33, 73.191, 73.989, , -3.741, 0.986, 366.131, 366.131, 1.992, -87.026, -87.026, -87.026, 53.433, 87.424, 35.542, 35.319, 7.377, 14.004, 0, 0, -8.481, -8.606, -8.481, -8.606, 1, 37.035, 37.035, 0.024, 0.137, -22.487, -22.814, -22.487, -22.814, 4.542, 7.377, 14.004, , , 1, 5.84, 0, 0, 14.4, 1.992, 180, 0, 0, 0, 52.735, 4.764, 4.889, 127.161, 32.617, 100, 0, 0, 21.867, 21.867, 3, 0.675, 85.774, 0, 0, 92.958, 37.218, 0, 0, 0, 0, 0, 13.6, 0, 14.4, 0, 1.992, 180, 0, 0, 0, 52.735, 1, 0.005, 0.005, 127.161, 32.617, 100, 0, 0, 141, 21.867, 21.867, 3, 0.675, 0, 85.774, 0, 0, 92.958, 37.218, 0, 0, 0, 0, 
5.85, 17.108, 100.33, 73.194, 73.989, , -3.501, 0.986, 368.878, 368.878, 1.987, -81.338, -81.338, -81.338, 53.378, 83.882, 35.434, 35.355, 7.377, 13.994, 0, 0, -7.884, -8.001, -7.884, -8.001, 1, 36.855, 36.855, 0.024, 0.137, -21.032, -21.339, -21.032, -21.339, 4.522, 7.377, 13.994, , , 1, 5.89, 0, 0, 14.4, 1.987, 180, 0, 0, 0, 52.952, 4.978, 5.152, 127.357, 32.778, 100, 0, 0, 21.976, 21.976, 3, 0.679, 86.369, 0, 0, 93.607, 37.015, 0, 0, 0, 0, 0, 13.6, 0, 14.4, 0, 1.987, 180, 0, 0, 0, 52.952, 1, 0.005, 0.005, 127.357, 32.778, 100, 0, 0, 141, 21.976, 21.976, 3, 0.679, 0, 86.369, 0, 0, 93.607, 37.015, 0, 0, 0, 0, 
5.9, 17.109, 100.33, 73.198, 73.99, , -3.217, 0.986, 371.562, 371.562, 1.976, -74.617, -74.617, -74.617, 53.313, 80.339, 35.326, 35.391, 7.377, 13.98, 0, 0, -7.203, -7.311, -7.203, -7.311, 1, 36.681, 36.681, 0.024, 0.137, -19.318, -19.6, -19.318, -19.6, 4.503, 7.377, 13.98, , , 1, 5.939, 0.169, 0, 14.4, 1.976, 180, 0, 0, 0, 53.162, 5.172, 5.397, 127.4, 32.872, 100, 0, 0, 22.081, 22.081, 3.166, 0.683, 86.906, 0, 0, 94.197, 36.92, 0, 0, 0.169, 0, 0, 13.6, 0, 14.4, 0, 1.976, 180, 0, 0, 0, 53.162, 1, 0.005, 0.005, 127.4, 32.872, 100, 0, 0, 141, 22.081, 22.081, 3.166, 0.683, 0, 86.906, 0, 0, 94.197, 36.92, 0, 0, 0, 0, 
5.95, 17.11, 100.33, 73.202, 73.99, , -2.927, 0.986, 374.254, 374.254, 1.964, -67.737, -67.737, -67.737, 53.245, 76.797, 35.233, 35.427, 7.377, 13.966, 0, 0, -6.511, -6.608, -6.511, -6.608, 1, 36.528, 36.528, 0.024, 0.137, -17.56, -17.817, -17.56, -17.817, 4.484, 7.377, 13.966, , , 1, 5.99, 0.381, 0, 14.4, 1.964, 180, 0, 0, 0, 53.371, 5.361, 5.636, 127.4, 32.949, 100, 0, 0, 22.185, 22.185, 3.373, 0.687, 87.427, 0, 0, 94.77, 36.855, 0, 0, 0.381, 0, 0, 13.6, 0, 14.4, 0, 1.964, 180, 0, 0, 0, 53.371, 1, 0.005, 0.005, 127.4, 32.949, 100, 0, 0, 141, 22.185, 22.185, 3.373, 0.687, 0, 87.427, 0, 0, 94.77, 36.855, 0, 0, 0, 0, 
6, 17.11, 100.33, 73.206, 73.99, , -2.621, 0.986, 376.97, 376.97, 1.952, -60.488, -60.488, -60.488, 53.187, 73.254, 35.197, 35.463, 7.377, 13.94, 0, 0, -5.793, -5.878, -5.793, -5.878, 1, 36.386, 36.386, 0.024, 0.137, -15.7, -15.928, -15.7, -15.928, 4.474, 7.377, 13.94, , , 1, 6.04, 0.593, 0, 14.4, 1.952, 180, 0, 0, 0, 53.579, 5.549, 5.876, 127.4, 33.026, 100, 0, 0, 22.29, 22.29, 3.581, 0.692, 87.948, 0, 0, 95.343, 36.79, 0, 0, 0.593, 0, 0, 13.6, 0, 14.4, 0, 1.952, 180, 0, 0, 0, 53.579, 1, 0.006, 0.006, 127.4, 33.026, 100, 0, 0, 141, 22.29, 22.29, 3.581, 0.692, 0, 87.948, 0, 0, 95.343, 36.79, 0, 0, 0, 0, 
6.05, 17.11, 100.33, 73.21, 73.989, , -2.377, 0.986, 379.653, 379.653, 1.94, -54.691, -54.691, -54.691, 53.145, 69.711, 35.161, 35.499, 7.377, 13.911, 0, 0, -5.218, -5.294, -5.218, -5.294, 1, 36.261, 36.261, 0.024, 0.137, -14.21, -14.414, -14.21, -14.414, 4.481, 7.377, 13.911, , , 1, 6.089, 0.804, 0, 14.4, 1.94, 180, 0, 0, 0, 53.788, 5.738, 6.116, 127.4, 33.103, 100, 0, 0, 22.394, 22.394, 3.788, 0.696, 88.469, 0, 0, 95.916, 36.726, 0, 0, 0.804, 0, 0, 13.6, 0, 14.4, 0, 1.94, 180, 0, 0, 0, 53.788, 1, 0.006, 0.006, 127.4, 33.103, 100, 0, 0, 141, 22.394, 22.394, 3.788, 0.696, 0, 88.469, 0, 0, 95.916, 36.726, 0, 0, 0, 0, 
6.1, 17.11, 100.33, 73.213, 73.989, , -2.194, 0.986, 382.306, 382.306, 1.928, -50.346, -50.346, -50.346, 53.13, 66.169, 35.125, 35.535, 7.377, 13.834, 0, 0, -4.787, -4.855, -4.787, -4.855, 1, 36.149, 36.149, 0.024, 0.137, -13.089, -13.276, -13.089, -13.276, 4.488, 7.377, 13.834, , , 1, 6.14, 1.016, 0, 14.4, 1.928, 180, 0, 0, 0, 53.996, 5.926, 6.355, 127.4, 33.18, 100, 0, 0, 22.498, 22.498, 3.996, 0.7, 88.99, 0, 0, 96.489, 36.661, 0, 0, 1.016, 0, 0, 13.6, 0, 14.4, 0, 1.928, 180, 0, 0, 0, 53.996, 1, 0.006, 0.006, 127.4, 33.18, 100, 0, 0, 141, 22.498, 22.498, 3.996, 0.7, 0, 88.99, 0, 0, 96.489, 36.661, 0, 0, 0, 0, 
6.15, 17.11, 100.33, 73.217, 73.989, , -2.049, 0.986, 384.959, 384.959, 1.92, -46.911, -46.911, -46.911, 53.13, 62.626, 35.089, 35.571, 7.377, 13.748, 0, 0, -4.449, -4.511, -4.449, -4.511, 1, 36.043, 36.043, 0.024, 0.138, -12.197, -12.37, -12.197, -12.37, 4.495, 7.377, 13.748, , , 1, 6.19, 0.981, 0, 14.41, 1.92, 180, 0, 0, 0, 54.196, 6.05, 6.385, 127.4, 34.471, 100, 0, 0, 22.696, 22.696, 4.197, 0.714, 89.882, 0, 0, 97.529, 36.538, 0, 0, 0.981, 0, 0, 13.6, 0, 14.41, 0, 1.92, 180, 0, 0, 0, 54.196, 1, 0.006, 0.006, 127.4, 34.471, 100, 0, 0, 141, 22.696, 22.696, 4.197, 0.714, 0, 89.882, 0, 0, 97.529, 36.538, 0, 0, 0, 0, 
6.2, 17.11, 100.33, 73.221, 73.988, , -1.916, 0.986, 387.612, 387.612, 1.912, -43.763, -43.763, -43.763, 53.123, 59.084, 35.036, 35.576, 7.377, 13.585, 0, 0, -4.14, -4.197, -4.14, -4.197, 1, 35.945, 35.945, 0.024, 0.138, -11.377, -11.537, -11.377, -11.537, 4.507, 7.377, 13.585, , , 1, 6.239, 0.941, 0, 14.42, 1.912, 180, 0, 0, 0, 54.396, 6.172, 6.411, 127.4, 35.762, 100, 0, 0, 22.896, 22.896, 4.398, 0.728, 90.782, 0, 0, 98.579, 36.414, 0, 0, 0.941, 0, 0, 13.6, 0, 14.42, 0, 1.912, 180, 0, 0, 0, 54.396, 1, 0.006, 0.006, 127.4, 35.762, 100, 0, 0, 141, 22.896, 22.896, 4.398, 0.728, 0, 90.782, 0, 0, 98.579, 36.414, 0, 0, 0, 0, 
6.25, 17.11, 100.33, 73.225, 73.988, , -1.746, 0.986, 390.265, 390.265, 1.905, -39.727, -39.727, -39.727, 53.111, 55.541, 34.917, 35.457, 7.377, 13.407, 0, 0, -3.75, -3.803, -3.75, -3.803, 1, 35.85, 35.85, 0.024, 0.138, -10.329, -10.476, -10.329, -10.476, 4.528, 7.377, 13.407, , , 1, 6.29, 0.901, 0, 14.43, 1.905, 180, 0, 0, 0, 54.596, 6.294, 6.437, 127.4, 37.053, 100, 0, 0, 23.096, 23.096, 4.598, 0.742, 91.682, 0, 0, 99.629, 36.29, 0, 0, 0.901, 0, 0, 13.6, 0, 14.43, 0, 1.905, 180, 0, 0, 0, 54.596, 1, 0.007, 0.006, 127.4, 37.053, 100, 0, 0, 141, 23.096, 23.096, 4.598, 0.742, 0, 91.682, 0, 0, 99.629, 36.29, 0, 0, 0, 0, 
6.3, 17.11, 100.33, 73.229, 73.987, , -1.528, 0.986, 392.911, 392.911, 1.897, -34.565, -34.565, -34.565, 53.062, 51.999, 34.798, 35.338, 7.377, 13.161, 0, 0, -3.255, -3.302, -3.255, -3.302, 1, 35.77, 35.77, 0.024, 0.138, -8.989, -9.118, -8.989, -9.118, 4.549, 7.377, 13.161, , , 1, 6.339, 0.861, 0, 14.44, 1.897, 180, 0, 0, 0, 54.796, 6.416, 6.463, 127.4, 38.344, 100, 0, 0, 23.296, 23.296, 4.799, 0.756, 92.582, 0, 0, 100.679, 36.166, 0, 0, 0.861, 0, 0, 13.6, 0, 14.44, 0, 1.897, 180, 0, 0, 0, 54.796, 1, 0.007, 0.006, 127.4, 38.344, 100, 0, 0, 141, 23.296, 23.296, 4.799, 0.756, 0, 92.582, 0, 0, 100.679, 36.166, 0, 0, 0, 0, 
6.35, 17.11, 100.33, 73.232, 73.987, , -1.16, 0.986, 395.536, 395.536, 1.889, -25.834, -25.834, -25.834, 52.998, 48.456, 34.678, 35.218, 7.377, 12.899, 0, 0, -2.429, -2.465, -2.429, -2.465, 1, 35.7, 35.7, 0.024, 0.138, -6.721, -6.816, -6.721, -6.816, 4.571, 7.377, 12.899, , , 1, 6.39, 0.821, 0, 14.45, 1.889, 180, 0, 0, 0, 54.996, 6.538, 6.489, 127.4, 39.635, 100, 0, 0, 23.496, 23.496, 5, 0.77, 93.482, 0, 0, 101.729, 36.042, 0, 0, 0.821, 0, 0, 13.6, 0, 14.45, 0, 1.889, 180, 0, 0, 0, 54.996, 1, 0.007, 0.006, 127.4, 39.635, 100, 0, 0, 141, 23.496, 23.496, 5, 0.77, 0, 93.482, 0, 0, 101.729, 36.042, 0, 0, 0, 0, 
6.4, 17.11, 100.33, 73.236, 73.987, , -0.83, 0.986, 398.16, 398.16, 1.885, -18.012, -18.012, -18.012, 52.902, 51.203, 34.559, 35.099, 7.377, 12.631, 0, 0, -1.691, -1.717, -1.691, -1.717, 1, 35.651, 35.651, 0.024, 0.138, -4.688, -4.754, -4.688, -4.754, 4.587, 7.377, 12.631, , , 1, 6.44, 0.904, 0, 14.461, 1.885, 180, 0, 0, 0, 55.557, 6.787, 6.541, 127.4, 40.47, 100, 0, 0, 23.777, 23.777, 5.226, 0.783, 94.112, 0, 0, 102.362, 36.04, 0, 0, 0.904, 0, 0, 13.6, 0, 14.461, 0, 1.885, 180, 0, 0, 0, 55.557, 1, 0.007, 0.007, 127.4, 40.47, 100, 0, 0, 141, 23.777, 23.777, 5.226, 0.783, 0, 94.112, 0, 0, 102.362, 36.04, 0, 0, 0, 0, 
6.45, 17.11, 100.33, 73.24, 73.986, , -0.546, 0.986, 400.785, 400.785, 1.882, -11.254, -11.254, -11.254, 52.814, 62.986, 34.44, 34.98, 7.377, 12.361, 0, 0, -1.056, -1.072, -1.056, -1.072, 1, 35.617, 35.617, 0.024, 0.138, -2.931, -2.972, -2.931, -2.972, 4.556, 7.377, 12.361, , , 1, 6.489, 0.989, 0, 14.472, 1.882, 180, 0, 0, 0, 56.125, 7.039, 6.593, 127.4, 41.305, 100, 0, 0, 24.06, 24.06, 5.452, 0.797, 94.738, 0, 0, 102.988, 36.04, 0, 0, 0.989, 0, 0, 13.6, 0, 14.472, 0, 1.882, 180, 0, 0, 0, 56.125, 1, 0.007, 0.007, 127.4, 41.305, 100, 0, 0, 141, 24.06, 24.06, 5.452, 0.797, 0, 94.738, 0, 0, 102.988, 36.04, 0, 0, 0, 0, 
6.5, 17.11, 100.33, 73.244, 73.986, , -0.292, 0.986, 403.389, 403.389, 1.878, -5.235, -5.235, -5.235, 52.731, 63.747, 34.623, 35.023, 7.377, 12.145, 0, 0, -0.491, -0.499, -0.491, -0.499, 1, 35.595, 35.595, 0.024, 0.138, -1.362, -1.382, -1.362, -1.382, 4.526, 7.377, 12.145, , , 1, 6.539, 1.074, 0, 14.484, 1.878, 180, 0, 0, 0, 56.693, 7.292, 6.645, 127.4, 42.14, 100, 0, 0, 24.343, 24.343, 5.679, 0.81, 95.362, 0, 0, 103.612, 36.04, 0, 0, 1.074, 0, 0, 13.6, 0, 14.484, 0, 1.878, 180, 0, 0, 0, 56.693, 1, 0.008, 0.007, 127.4, 42.14, 100, 0, 0, 141, 24.343, 24.343, 5.679, 0.81, 0, 95.362, 0, 0, 103.612, 36.04, 0, 0, 0, 0, 
6.55, 17.11, 100.33, 73.248, 73.985, , -0.054, 0.986, 405.983, 405.983, 1.874, 0.403, 0.403, 0.403, 52.67, 64.508, 34.833, 35.08, 7.377, 11.944, 0, 0, 0.037, 0.039, 0.037, 0.039, 1, 35.589, 35.589, 0.024, 0.138, 0.11, 0.111, 0.11, 0.111, 4.496, 7.377, 11.944, , , 1, 6.589, 1.159, 0, 14.495, 1.874, 180, 0, 0, 0, 57.261, 7.544, 6.697, 127.4, 42.974, 100, 0, 0, 24.626, 24.626, 5.905, 0.824, 95.988, 0, 0, 104.238, 36.04, 0, 0, 1.159, 0, 0, 13.6, 0, 14.495, 0, 1.874, 180, 0, 0, 0, 57.261, 1, 0.008, 0.007, 127.4, 42.974, 100, 0, 0, 141, 24.626, 24.626, 5.905, 0.824, 0, 95.988, 0, 0, 104.238, 36.04, 0, 0, 0, 0, 
6.6, 17.11, 100.33, 73.251, 73.985, , 0.066, 0.986, 408.577, 408.577, 1.872, 3.265, 3.265, 3.265, 52.614, 65.269, 35.042, 35.137, 7.377, 11.831, 0, 0, 0.304, 0.31, 0.304, 0.31, 1, 35.587, 35.587, 0.024, 0.138, 0.86, 0.872, 0.86, 0.872, 4.466, 7.377, 11.831, , , 1, 6.64, 1.214, 0, 14.5, 1.872, 180, 0, 0, 0, 57.698, 7.755, 6.797, 127.281, 43.74, 100, 0, 0, 24.91, 24.91, 6.199, 0.836, 96.449, 0, 0, 104.732, 36.04, 0, 0, 1.214, 0, 0, 13.6, 0, 14.5, 0, 1.872, 180, 0, 0, 0, 57.698, 1, 0.008, 0.007, 127.281, 43.74, 100, 0, 0, 141, 24.91, 24.91, 6.199, 0.836, 0, 96.449, 0, 0, 104.732, 36.04, 0, 0, 0, 0, 
6.65, 17.11, 100.33, 73.255, 73.985, , 0.171, 0.986, 411.174, 411.174, 1.872, 5.739, 5.739, 5.739, 52.586, 66.03, 35.252, 35.194, 7.377, 11.746, 0, 0, 0.534, 0.545, 0.534, 0.545, 1, 35.594, 35.594, 0.024, 0.138, 1.51, 1.53, 1.51, 1.53, 4.445, 7.377, 11.746, , , 1, 6.689, 1.247, 0, 14.5, 1.872, 180, 0, 0, 0, 58.039, 7.935, 6.935, 127.077, 44.456, 100, 0, 0, 25.195, 25.195, 6.541, 0.848, 96.791, 0, 0, 105.131, 36.04, 0, 0, 1.247, 0, 0, 13.6, 0, 14.5, 0, 1.872, 180, 0, 0, 0, 58.039, 1, 0.008, 0.007, 127.077, 44.456, 100, 0, 0, 141, 25.195, 25.195, 6.541, 0.848, 0, 96.791, 0, 0, 105.131, 36.04, 0, 0, 0, 0, 
6.7, 17.11, 100.33, 73.259, 73.984, , 0.27, 0.986, 413.797, 413.797, 1.871, 8.104, 8.104, 8.104, 52.556, 66.792, 35.384, 35.262, 7.377, 11.736, 0, 0, 0.757, 0.771, 0.757, 0.771, 1, 35.603, 35.603, 0.024, 0.137, 2.131, 2.162, 2.131, 2.162, 4.425, 7.377, 11.736, , , 1, 6.739, 1.28, 0, 14.5, 1.871, 180, 0, 0, 0, 58.38, 8.114, 7.074, 126.872, 45.172, 100, 0, 0, 25.481, 25.481, 6.884, 0.859, 97.134, 0, 0, 105.531, 36.04, 0, 0, 1.28, 0, 0, 13.6, 0, 14.5, 0, 1.871, 180, 0, 0, 0, 58.38, 1, 0.008, 0.007, 126.872, 45.172, 100, 0, 0, 141, 25.481, 25.481, 6.884, 0.859, 0, 97.134, 0, 0, 105.531, 36.04, 0, 0, 0, 0, 
6.75, 17.11, 100.33, 73.263, 73.984, , 0.375, 0.986, 416.412, 416.412, 1.871, 10.576, 10.576, 10.576, 52.521, 67.553, 35.204, 35.37, 7.377, 11.752, 0, 0, 0.99, 1.007, 0.99, 1.007, 1, 35.62, 35.62, 0.024, 0.137, 2.782, 2.822, 2.782, 2.822, 4.405, 7.377, 11.752, , , 1, 6.79, 1.314, 0, 14.5, 1.871, 180, 0, 0, 0, 58.72, 8.293, 7.212, 126.668, 45.887, 100, 0, 0, 25.766, 25.766, 7.226, 0.871, 97.476, 0, 0, 105.93, 36.04, 0, 0, 1.314, 0, 0, 13.6, 0, 14.5, 0, 1.871, 180, 0, 0, 0, 58.72, 1, 0.008, 0.007, 126.668, 45.887, 100, 0, 0, 141, 25.766, 25.766, 7.226, 0.871, 0, 97.476, 0, 0, 105.93, 36.04, 0, 0, 0, 0, 
6.8, 17.11, 100.33, 73.267, 73.984, , 0.489, 0.986, 419.007, 419.007, 1.87, 13.294, 13.294, 13.294, 52.482, 68.314, 35.024, 35.478, 7.377, 11.81, 0, 0, 1.246, 1.265, 1.246, 1.265, 1, 35.641, 35.641, 0.024, 0.137, 3.498, 3.549, 3.498, 3.549, 4.385, 7.377, 11.81, , , 1, 6.84, 1.325, 0, 14.5, 1.87, 180, 0, 0, 0, 59, 8.429, 7.327, 126.466, 46.506, 100, 0, 0, 26.019, 26.019, 7.521, 0.881, 97.76, 0, 0, 106.26, 36.04, 0, 0, 1.325, 0, 0, 13.6, 0, 14.5, 0, 1.87, 180, 0, 0, 0, 59, 1, 0.008, 0.007, 126.466, 46.506, 100, 0, 0, 141, 26.019, 26.019, 7.521, 0.881, 0, 97.76, 0, 0, 106.26, 36.04, 0, 0, 0, 0, 
6.85, 17.11, 100.33, 73.269, 73.983, , 0.552, 0.986, 421.617, 421.617, 1.87, 14.789, 14.789, 14.789, 52.437, 69.075, 34.844, 35.586, 7.377, 11.884, 0, 0, 1.386, 1.406, 1.386, 1.406, 1, 35.669, 35.669, 0.024, 0.137, 3.894, 3.951, 3.894, 3.951, 4.381, 7.377, 11.884, , , 1, 6.889, 1.253, 0, 14.5, 1.87, 180, 0, 0, 0, 59, 8.366, 7.341, 126.279, 46.738, 100, 0, 0, 26.123, 26.123, 7.625, 0.885, 97.812, 0, 0, 106.312, 36.04, 0, 0, 1.253, 0, 0, 13.6, 0, 14.5, 0, 1.87, 180, 0, 0, 0, 59, 1, 0.008, 0.007, 126.279, 46.738, 100, 0, 0, 141, 26.123, 26.123, 7.625, 0.885, 0, 97.812, 0, 0, 106.312, 36.04, 0, 0, 0, 0, 
6.9, 17.11, 100.33, 73.266, 73.983, , 0.564, 0.986, 424.24, 424.24, 1.87, 15.061, 15.061, 15.061, 52.396, 69.836, 34.664, 35.694, 7.377, 11.97, 0, 0, 1.413, 1.433, 1.413, 1.433, 1, 35.697, 35.697, 0.024, 0.136, 3.969, 4.026, 3.969, 4.026, 4.38, 7.377, 11.97, , , 1, 6.94, 1.18, 0, 14.5, 1.87, 180, 0, 0, 0, 59, 8.304, 7.355, 126.091, 46.969, 100, 0, 0, 26.227, 26.227, 7.729, 0.889, 97.865, 0, 0, 106.365, 36.04, 0, 0, 1.18, 0, 0, 13.6, 0, 14.5, 0, 1.87, 180, 0, 0, 0, 59, 1, 0.008, 0.007, 126.091, 46.969, 100, 0, 0, 141, 26.227, 26.227, 7.729, 0.889, 0, 97.865, 0, 0, 106.365, 36.04, 0, 0, 0, 0, 
6.95, 17.11, 100.33, 73.262, 73.982, , 0.587, 0.986, 426.863, 426.863, 1.87, 15.607, 15.607, 15.607, 52.357, 70.597, 34.542, 35.686, 7.377, 12.062, 0, 0, 1.464, 1.484, 1.464, 1.484, 1, 35.725, 35.725, 0.024, 0.136, 4.115, 4.173, 4.115, 4.173, 4.379, 7.377, 12.062, , , 1, 6.989, 1.107, 0, 14.5, 1.87, 180, 0, 0, 0, 59, 8.241, 7.368, 125.904, 47.2, 100, 0, 0, 26.331, 26.331, 7.833, 0.893, 97.917, 0, 0, 106.417, 36.04, 0, 0, 1.107, 0, 0, 13.6, 0, 14.5, 0, 1.87, 180, 0, 0, 0, 59, 1, 0.008, 0.007, 125.904, 47.2, 100, 0, 0, 141, 26.331, 26.331, 7.833, 0.893, 0, 97.917, 0, 0, 106.417, 36.04, 0, 0, 0, 0, 
7, 17.11, 100.33, 73.258, 73.982, , 0.614, 0.986, 429.486, 429.486, 1.87, 16.261, 16.261, 16.261, 52.321, 71.358, 34.65, 35.218, 7.377, 12.147, 0, 0, 1.526, 1.546, 1.526, 1.546, 1, 35.756, 35.756, 0.024, 0.136, 4.29, 4.349, 4.29, 4.349, 4.378, 7.377, 12.147, , , 1, 7.039, 1.034, 0, 14.5, 1.87, 180, 0, 0, 0, 59, 8.179, 7.382, 125.716, 47.431, 100, 0, 0, 26.435, 26.435, 7.938, 0.897, 97.969, 0, 0, 106.469, 36.04, 0, 0, 1.034, 0, 0, 13.6, 0, 14.5, 0, 1.87, 180, 0, 0, 0, 59, 1, 0.008, 0.007, 125.716, 47.431, 100, 0, 0, 141, 26.435, 26.435, 7.938, 0.897, 0, 97.969, 0, 0, 106.469, 36.04, 0, 0, 0, 0, 
7.05, 17.11, 100.33, 73.254, 73.982, , 0.592, 0.986, 432.109, 432.109, 1.871, 15.747, 15.747, 15.747, 52.286, 72.119, 34.758, 34.75, 7.377, 12.229, 0, 0, 1.479, 1.499, 1.479, 1.499, 1, 35.788, 35.788, 0.024, 0.136, 4.156, 4.216, 4.156, 4.216, 4.377, 7.377, 12.229, , , 1, 7.089, 0.95, 0, 14.5, 1.871, 180, 0, 0, 0, 59.076, 8.093, 7.358, 125.668, 47.585, 100, 0, 0, 26.5, 26.519, 8, 0.9, 98.04, 0, 0, 106.58, 36.04, 0, 0, 0.95, 0, 0, 13.6, 0, 14.5, 0, 1.871, 180, 0, 0, 0, 59.076, 1, 0.008, 0.007, 125.668, 47.585, 100, 0, 0, 141, 26.5, 26.519, 8, 0.9, 0, 98.04, 0, 0, 106.58, 36.04, 0, 0, 0, 0, 
7.1, 17.11, 100.33, 73.25, 73.981, , 0.576, 0.986, 434.732, 434.732, 1.872, 15.361, 15.361, 15.361, 52.265, 72.88, 34.866, 34.282, 7.377, 12.298, 0, 0, 1.444, 1.464, 1.444, 1.464, 1, 35.816, 35.816, 0.024, 0.136, 4.055, 4.116, 4.055, 4.116, 4.377, 7.377, 12.298, , , 1, 7.14, 0.851, 0, 14.5, 1.872, 180, 0, 0, 0, 59.276, 7.97, 7.274, 125.848, 47.622, 100, 0, 0, 26.5, 26.569, 8, 0.9, 98.14, 0, 0, 106.78, 36.04, 0, 0, 0.851, 0, 0, 13.6, 0, 14.5, 0, 1.872, 180, 0, 0, 0, 59.276, 1, 0.008, 0.007, 125.848, 47.622, 100, 0, 0, 141, 26.5, 26.569, 8, 0.9, 0, 98.14, 0, 0, 106.78, 36.04, 0, 0, 0, 0, 
7.15, 17.11, 100.33, 73.247, 73.981, , 0.604, 0.986, 437.357, 437.357, 1.874, 16.035, 16.035, 16.035, 52.247, 73.641, 34.974, 33.814, 7.377, 12.359, 0, 0, 1.509, 1.529, 1.509, 1.529, 1, 35.845, 35.845, 0.024, 0.136, 4.235, 4.297, 4.235, 4.297, 4.377, 7.377, 12.359, , , 1, 7.19, 0.752, 0, 14.5, 1.874, 180, 0, 0, 0, 59.476, 7.847, 7.19, 126.028, 47.659, 100, 0, 0, 26.5, 26.619, 8, 0.9, 98.24, 0, 0, 106.98, 36.04, 0, 0, 0.752, 0, 0, 13.6, 0, 14.5, 0, 1.874, 180, 0, 0, 0, 59.476, 1, 0.008, 0.007, 126.028, 47.659, 100, 0, 0, 141, 26.5, 26.619, 8, 0.9, 0, 98.24, 0, 0, 106.98, 36.04, 0, 0, 0, 0, 
7.2, 17.11, 100.33, 73.243, 73.981, , 0.628, 0.986, 439.981, 439.981, 1.875, 16.601, 16.601, 16.601, 52.236, 74.402, 35.067, 33.591, 7.377, 12.403, 0, 0, 1.565, 1.585, 1.565, 1.585, 1, 35.877, 35.877, 0.024, 0.136, 4.386, 4.45, 4.386, 4.45, 4.377, 7.377, 12.403, , , 1, 7.24, 0.653, 0, 14.5, 1.875, 180, 0, 0, 0, 59.676, 7.724, 7.106, 126.208, 47.696, 100, 0, 0, 26.5, 26.669, 8, 0.9, 98.34, 0, 0, 107.18, 36.04, 0, 0, 0.653, 0, 0, 13.6, 0, 14.5, 0, 1.875, 180, 0, 0, 0, 59.676, 1, 0.008, 0.007, 126.208, 47.696, 100, 0, 0, 141, 26.5, 26.669, 8, 0.9, 0, 98.34, 0, 0, 107.18, 36.04, 0, 0, 0, 0, 
7.25, 17.11, 100.33, 73.239, 73.98, , 0.645, 0.986, 442.604, 442.604, 1.877, 16.988, 16.988, 16.988, 52.229, 75.164, 35.103, 34.347, 7.377, 12.435, 0, 0, 1.604, 1.624, 1.604, 1.624, 1, 35.909, 35.909, 0.024, 0.136, 4.489, 4.555, 4.489, 4.555, 4.38, 7.377, 12.435, , , 1, 7.29, 0.554, 0, 14.5, 1.877, 180, 0, 0, 0, 59.876, 7.601, 7.022, 126.388, 47.733, 100, 0, 0, 26.5, 26.719, 8, 0.9, 98.44, 0, 0, 107.38, 36.04, 0, 0, 0.554, 0, 0, 13.6, 0, 14.5, 0, 1.877, 180, 0, 0, 0, 59.876, 1, 0.008, 0.007, 126.388, 47.733, 100, 0, 0, 141, 26.5, 26.719, 8, 0.9, 0, 98.44, 0, 0, 107.38, 36.04, 0, 0, 0, 0, 
7.3, 17.111, 100.33, 73.235, 73.98, , 0.627, 0.986, 445.227, 445.227, 1.878, 16.577, 16.577, 16.577, 52.227, 75.925, 35.139, 35.103, 7.377, 12.462, 0, 0, 1.567, 1.587, 1.567, 1.587, 1, 35.94, 35.94, 0.024, 0.136, 4.381, 4.444, 4.381, 4.444, 4.386, 7.377, 12.462, , , 1, 7.34, 0.454, 0, 14.5, 1.878, 180.042, 0, 0, 0, 60, 7.489, 6.969, 126.5, 47.77, 100, 0, 0, 26.52, 26.75, 8, 0.9, 98.541, 0, 0, 107.521, 36.04, 0, 0, 0.454, 0, 0, 13.6, 0, 14.5, 0, 1.878, 180.042, 0, 0, 0, 60, 1, 0.007, 0.007, 126.5, 47.77, 100, 0, 0, 141, 26.52, 26.75, 8, 0.9, 0, 98.541, 0, 0, 107.521, 36.04, 0, 0, 0, 0, 
7.35, 17.112, 100.33, 73.231, 73.98, , 0.587, 0.986, 447.85, 447.85, 1.88, 15.633, 15.633, 15.633, 52.229, 76.686, 35.175, 35.859, 7.377, 12.484, 0, 0, 1.479, 1.499, 1.479, 1.499, 1, 35.971, 35.971, 0.024, 0.137, 4.131, 4.189, 4.131, 4.189, 4.391, 7.377, 12.484, , , 1, 7.39, 0.351, 0, 14.5, 1.88, 180.146, 0, 0, 0, 60, 7.393, 6.966, 126.5, 47.809, 100, 0, 0, 26.572, 26.75, 8, 0.9, 98.645, 0, 0, 107.573, 36.04, 0, 0, 0.351, 0, 0, 13.6, 0, 14.5, 0, 1.88, 180.146, 0, 0, 0, 60, 1, 0.007, 0.007, 126.5, 47.809, 100, 0, 0, 141, 26.572, 26.75, 8, 0.9, 0, 98.645, 0, 0, 107.573, 36.04, 0, 0, 0, 0, 
7.4, 17.113, 100.33, 73.228, 73.98, , 0.566, 0.986, 450.474, 450.474, 1.881, 15.132, 15.132, 15.132, 52.233, 77.447, 35.211, 36.615, 7.377, 12.524, 0, 0, 1.433, 1.453, 1.433, 1.453, 1, 36.002, 36.002, 0.024, 0.137, 3.999, 4.054, 3.999, 4.054, 4.397, 7.377, 12.524, , , 1, 7.44, 0.248, 0, 14.5, 1.881, 180.25, 0, 0, 0, 60, 7.297, 6.963, 126.5, 47.848, 100, 0, 0, 26.624, 26.75, 8, 0.9, 98.749, 0, 0, 107.624, 36.04, 0, 0, 0.248, 0, 0, 13.6, 0, 14.5, 0, 1.881, 180.25, 0, 0, 0, 60, 1, 0.007, 0.007, 126.5, 47.848, 100, 0, 0, 141, 26.624, 26.75, 8, 0.9, 0, 98.749, 0, 0, 107.624, 36.04, 0, 0, 0, 0, 
7.45, 17.114, 100.33, 73.224, 73.98, , 0.55, 0.986, 453.098, 453.098, 1.882, 14.755, 14.755, 14.755, 52.233, 78.208, 35.233, 37.148, 7.377, 12.578, 0, 0, 1.398, 1.418, 1.398, 1.418, 1, 36.03, 36.03, 0.024, 0.137, 3.9, 3.953, 3.9, 3.953, 4.391, 7.377, 12.578, , , 1, 7.49, 0.144, 0, 14.5, 1.882, 180.354, 0, 0, 0, 60, 7.201, 6.959, 126.5, 47.886, 100, 0, 0, 26.676, 26.75, 8, 0.9, 98.853, 0, 0, 107.676, 36.04, 0, 0, 0.144, 0, 0, 13.6, 0, 14.5, 0, 1.882, 180.354, 0, 0, 0, 60, 1, 0.007, 0.007, 126.5, 47.886, 100, 0, 0, 141, 26.676, 26.75, 8, 0.9, 0, 98.853, 0, 0, 107.676, 36.04, 0, 0, 0, 0, 
7.5, 17.115, 100.33, 73.22, 73.98, , 0.562, 0.986, 455.753, 455.753, 1.884, 15.037, 15.037, 15.037, 52.232, 78.969, 35.197, 36.788, 7.377, 12.658, 0, 0, 1.424, 1.446, 1.424, 1.446, 1, 36.058, 36.058, 0.024, 0.137, 3.975, 4.031, 3.975, 4.031, 4.377, 7.377, 12.658, , , 1, 7.54, 0.041, 0, 14.5, 1.884, 180.458, 0, 0, 0, 60, 7.105, 6.956, 126.5, 47.925, 100, 0, 0, 26.728, 26.75, 8, 0.9, 98.956, 0, 0, 107.728, 36.04, 0, 0, 0.041, 0, 0, 13.6, 0, 14.5, 0, 1.884, 180.458, 0, 0, 0, 60, 1, 0.007, 0.007, 126.5, 47.925, 100, 0, 0, 141, 26.728, 26.75, 8, 0.9, 0, 98.956, 0, 0, 107.728, 36.04, 0, 0, 0, 0, 
7.55, 17.116, 100.33, 73.216, 73.98, , 0.582, 0.986, 458.399, 458.399, 1.885, 15.501, 15.501, 15.501, 52.222, 79.73, 35.161, 36.428, 7.377, 12.759, 0, 0, 1.469, 1.492, 1.469, 1.492, 1, 36.086, 36.086, 0.024, 0.138, 4.099, 4.157, 4.099, 4.157, 4.363, 7.377, 12.759, , , 1, 7.59, 0.046, 0, 14.5, 1.885, 180.562, 0, 0, 0, 60.06, 7.147, 7.006, 126.391, 48.032, 100, 0, 0, 26.841, 26.841, 8.062, 0.902, 99.152, 0, 0, 107.902, 36.077, 0, 0, 0.046, 0, 0, 13.6, 0, 14.5, 0, 1.885, 180.562, 0, 0, 0, 60.061, 1, 0.007, 0.007, 126.391, 48.032, 100, 0, 0, 141, 26.841, 26.841, 8.062, 0.902, 0, 99.152, 0, 0, 107.902, 36.077, 0, 0, 0, 0, 
7.6, 17.118, 100.33, 73.212, 73.98, , 0.621, 0.986, 461.022, 461.022, 1.887, 16.434, 16.434, 16.434, 52.213, 80.491, 35.125, 36.068, 7.377, 12.874, 0, 0, 1.558, 1.582, 1.558, 1.582, 1, 36.116, 36.116, 0.024, 0.138, 4.346, 4.408, 4.346, 4.408, 4.349, 7.377, 12.874, , , 1, 7.639, 0.122, 0, 14.5, 1.887, 180.667, 0, 0, 0, 60.165, 7.287, 7.095, 126.203, 48.185, 100, 0, 0, 26.997, 26.997, 8.167, 0.907, 99.413, 0, 0, 108.163, 36.142, 0, 0, 0.122, 0, 0, 13.6, 0, 14.5, 0, 1.887, 180.667, 0, 0, 0, 60.165, 1, 0.007, 0.007, 126.203, 48.185, 100, 0, 0, 141, 26.997, 26.997, 8.167, 0.907, 0, 99.413, 0, 0, 108.163, 36.142, 0, 0, 0, 0, 
7.65, 17.119, 100.33, 73.208, 73.98, , 0.687, 0.986, 463.66, 463.66, 1.888, 18.007, 18.007, 18.007, 52.204, 81.252, 35.089, 35.708, 7.378, 13.001, 0, 0, 1.709, 1.735, 1.709, 1.735, 1, 36.148, 36.148, 0.024, 0.138, 4.763, 4.832, 4.763, 4.832, 4.336, 7.378, 13.001, , , 1, 7.689, 0.198, 0, 14.5, 1.888, 180.771, 0, 0, 0, 60.269, 7.428, 7.183, 126.014, 48.338, 100, 0, 0, 27.153, 27.153, 8.271, 0.911, 99.675, 0, 0, 108.425, 36.207, 0, 0, 0.198, 0, 0, 13.6, 0, 14.5, 0, 1.888, 180.771, 0, 0, 0, 60.27, 1, 0.007, 0.007, 126.014, 48.338, 100, 0, 0, 141, 27.153, 27.153, 8.271, 0.911, 0, 99.675, 0, 0, 108.425, 36.207, 0, 0, 0, 0, 
7.7, 17.12, 100.33, 73.205, 73.98, , 0.781, 0.986, 466.313, 466.313, 1.889, 20.221, 20.221, 20.221, 52.189, 82.013, 35.038, 35.427, 7.378, 13.12, 0, 0, 1.922, 1.951, 1.922, 1.951, 1, 36.185, 36.185, 0.024, 0.138, 5.348, 5.428, 5.348, 5.428, 4.326, 7.378, 13.12, , , 1, 7.74, 0.274, 0, 14.5, 1.889, 180.875, 0, 0, 0, 60.373, 7.568, 7.272, 125.826, 48.491, 100, 0, 0, 27.309, 27.309, 8.375, 0.915, 99.936, 0, 0, 108.686, 36.271, 0, 0, 0.274, 0, 0, 13.6, 0, 14.5, 0, 1.889, 180.875, 0, 0, 0, 60.374, 1, 0.007, 0.007, 125.826, 48.491, 100, 0, 0, 141, 27.309, 27.309, 8.375, 0.915, 0, 99.936, 0, 0, 108.686, 36.271, 0, 0, 0, 0, 
7.75, 17.121, 100.33, 73.201, 73.98, , 0.843, 0.986, 468.966, 468.966, 1.891, 21.696, 21.696, 21.696, 52.172, 82.774, 34.93, 35.463, 7.379, 13.232, 0, 0, 2.065, 2.096, 2.065, 2.096, 1, 36.224, 36.224, 0.024, 0.137, 5.74, 5.826, 5.74, 5.826, 4.316, 7.379, 13.232, , , 1, 7.789, 0.35, 0, 14.5, 1.891, 180.979, 0, 0, 0, 60.477, 7.709, 7.361, 125.638, 48.644, 100, 0, 0, 27.466, 27.466, 8.479, 0.919, 100.198, 0, 0, 108.948, 36.336, 0, 0, 0.35, 0, 0, 13.6, 0, 14.5, 0, 1.891, 180.979, 0, 0, 0, 60.479, 1, 0.007, 0.007, 125.638, 48.644, 100, 0, 0, 141, 27.466, 27.466, 8.479, 0.919, 0, 100.198, 0, 0, 108.948, 36.336, 0, 0, 0, 0, 
7.8, 17.122, 100.33, 73.197, 73.98, , 0.894, 0.986, 471.619, 471.619, 1.892, 22.912, 22.912, 22.912, 52.157, 83.536, 34.822, 35.499, 7.379, 13.327, 0, 0, 2.184, 2.218, 2.184, 2.218, 1, 36.269, 36.269, 0.024, 0.137, 6.064, 6.153, 6.064, 6.153, 4.307, 7.379, 13.327, , , 1, 7.839, 0.428, 0, 14.5, 1.892, 181, 0, 0, 0, 60.585, 7.845, 7.444, 125.6, 48.803, 100, 0, 0, 27.585, 27.585, 8.587, 0.923, 100.467, 0, 0, 109.174, 36.403, 0, 0, 0.428, 0, 0, 13.6, 0, 14.5, 0, 1.892, 181, 0, 0, 0, 60.587, 1, 0.008, 0.008, 125.6, 48.803, 100, 0, 0, 141, 27.585, 27.585, 8.587, 0.923, 0, 100.467, 0, 0, 109.174, 36.403, 0, 0, 0, 0, 
7.85, 17.123, 100.33, 73.193, 73.98, , 1.015, 0.986, 474.273, 474.273, 1.893, 25.771, 25.771, 25.771, 52.141, 84.297, 34.714, 35.535, 7.38, 13.405, 0, 0, 2.46, 2.498, 2.46, 2.498, 1, 36.315, 36.315, 0.024, 0.137, 6.824, 6.925, 6.824, 6.925, 4.304, 7.38, 13.405, , , 1, 7.89, 0.508, 0, 14.5, 1.893, 181, 0, 0, 0, 60.693, 7.98, 7.527, 125.6, 48.963, 100, 0, 0, 27.693, 27.693, 8.696, 0.928, 100.739, 0, 0, 109.391, 36.47, 0, 0, 0.508, 0, 0, 13.6, 0, 14.5, 0, 1.893, 181, 0, 0, 0, 60.695, 1, 0.008, 0.008, 125.6, 48.963, 100, 0, 0, 141, 27.693, 27.693, 8.696, 0.928, 0, 100.739, 0, 0, 109.391, 36.47, 0, 0, 0, 0, 
7.9, 17.124, 100.33, 73.189, 73.98, , 1.119, 0.986, 476.928, 476.928, 1.893, 28.242, 28.242, 28.242, 52.114, 85.058, 34.606, 35.571, 7.38, 13.458, 0, 0, 2.698, 2.742, 2.698, 2.742, 1, 36.37, 36.37, 0.024, 0.137, 7.482, 7.592, 7.482, 7.592, 4.322, 7.38, 13.458, , , 1, 7.939, 0.587, 0, 14.5, 1.893, 181, 0, 0, 0, 60.802, 8.115, 7.61, 125.6, 49.122, 100, 0, 0, 27.802, 27.802, 8.804, 0.932, 101.011, 0, 0, 109.609, 36.537, 0, 0, 0.587, 0, 0, 13.6, 0, 14.5, 0, 1.893, 181, 0, 0, 0, 60.803, 1, 0.008, 0.008, 125.6, 49.122, 100, 0, 0, 141, 27.802, 27.802, 8.804, 0.932, 0, 101.011, 0, 0, 109.609, 36.537, 0, 0, 0, 0, 
7.95, 17.126, 100.33, 73.186, 73.98, , 1.16, 0.986, 479.581, 479.581, 1.894, 29.224, 29.224, 29.224, 52.088, 85.819, 34.477, 35.578, 7.379, 13.483, 0, 0, 2.797, 2.842, 2.797, 2.842, 1, 36.427, 36.427, 0.024, 0.137, 7.747, 7.859, 7.747, 7.859, 4.341, 7.379, 13.483, , , 1, 7.989, 0.667, 0, 14.5, 1.894, 181, 0, 0, 0, 60.911, 8.249, 7.692, 125.6, 49.282, 100, 0, 0, 27.911, 27.911, 8.913, 0.936, 101.283, 0, 0, 109.826, 36.605, 0, 0, 0.667, 0, 0, 13.6, 0, 14.5, 0, 1.894, 181, 0, 0, 0, 60.911, 1, 0.008, 0.008, 125.6, 49.282, 100, 0, 0, 141, 27.911, 27.911, 8.913, 0.936, 0, 101.283, 0, 0, 109.826, 36.605, 0, 0, 0, 0, 
8, 17.127, 100.33, 73.182, 73.98, , 1.188, 0.986, 482.248, 482.248, 1.896, 29.886, 29.886, 29.886, 52.061, 86.58, 34.261, 35.47, 7.379, 13.476, 0, 0, 2.865, 2.911, 2.865, 2.911, 1, 36.485, 36.485, 0.024, 0.137, 7.927, 8.04, 7.927, 8.04, 4.36, 7.379, 13.476, , , 1, 8.04, 0.712, 0, 14.5, 1.896, 181, 0, 0, 0, 61.054, 8.354, 7.762, 125.6, 49.484, 100, 0, 0, 28, 28.009, 9.04, 0.941, 101.55, 0, 0, 110.1, 36.671, 0, 0, 0.712, 0, 0, 13.6, 0, 14.5, 0, 1.896, 181, 0, 0, 0, 61.054, 1, 0.008, 0.008, 125.6, 49.484, 100, 0, 0, 141, 28, 28.009, 9.04, 0.941, 0, 101.55, 0, 0, 110.1, 36.671, 0, 0, 0, 0, 
8.05, 17.128, 100.33, 73.178, 73.98, , 1.2, 0.986, 484.931, 484.931, 1.899, 30.176, 30.176, 30.176, 52.038, 87.341, 34.045, 35.362, 7.378, 13.429, 0, 0, 2.898, 2.941, 2.898, 2.941, 1, 36.544, 36.544, 0.024, 0.137, 8.007, 8.121, 8.007, 8.121, 4.378, 7.378, 13.429, , , 1, 8.09, 0.622, 0, 14.5, 1.899, 181, 0, 0, 0, 61.355, 8.321, 7.774, 125.6, 49.854, 100, 0, 0, 28, 28.059, 9.24, 0.945, 101.8, 0, 0, 110.6, 36.733, 0, 0, 0.622, 0, 0, 13.6, 0, 14.5, 0, 1.899, 181, 0, 0, 0, 61.355, 1, 0.008, 0.008, 125.6, 49.854, 100, 0, 0, 141, 28, 28.059, 9.24, 0.945, 0, 101.8, 0, 0, 110.6, 36.733, 0, 0, 0, 0, 
8.1, 17.129, 100.33, 73.174, 73.98, , 1.208, 0.986, 487.593, 487.593, 1.903, 30.366, 30.366, 30.366, 52.017, 88.102, 33.829, 35.254, 7.378, 13.356, 0, 0, 2.922, 2.964, 2.922, 2.964, 1, 36.604, 36.604, 0.024, 0.137, 8.06, 8.175, 8.06, 8.175, 4.398, 7.378, 13.356, , , 1, 8.14, 0.532, 0, 14.5, 1.903, 181, 0, 0, 0, 61.657, 8.288, 7.786, 125.6, 50.224, 100, 0, 0, 28, 28.109, 9.44, 0.949, 102.05, 0, 0, 111.1, 36.796, 0, 0, 0.532, 0, 0, 13.6, 0, 14.5, 0, 1.903, 181, 0, 0, 0, 61.657, 1, 0.008, 0.008, 125.6, 50.224, 100, 0, 0, 141, 28, 28.109, 9.44, 0.949, 0, 102.05, 0, 0, 111.1, 36.796, 0, 0, 0, 0, 
8.15, 17.13, 100.33, 73.17, 73.98, , 1.214, 0.986, 490.246, 490.246, 1.907, 30.517, 30.517, 30.517, 52, 88.863, 33.613, 35.146, 7.378, 13.249, 0, 0, 2.943, 2.983, 2.943, 2.983, 1, 36.663, 36.663, 0.024, 0.137, 8.102, 8.219, 8.102, 8.219, 4.417, 7.378, 13.249, , , 1, 8.189, 0.442, 0, 14.5, 1.907, 181, 0, 0, 0, 61.958, 8.255, 7.798, 125.6, 50.594, 100, 0, 0, 28, 28.16, 9.64, 0.953, 102.3, 0, 0, 111.6, 36.858, 0, 0, 0.442, 0, 0, 13.6, 0, 14.5, 0, 1.907, 181, 0, 0, 0, 61.958, 1, 0.008, 0.008, 125.6, 50.594, 100, 0, 0, 141, 28, 28.16, 9.64, 0.953, 0, 102.3, 0, 0, 111.6, 36.858, 0, 0, 0, 0, 
8.2, 17.131, 100.33, 73.174, 73.98, , 1.195, 0.986, 492.929, 492.929, 1.91, 30.047, 30.047, 30.047, 51.986, 89.624, 33.512, 35.046, 7.378, 13.139, 0, 0, 2.902, 2.941, 2.902, 2.941, 1, 36.722, 36.722, 0.024, 0.137, 7.979, 8.094, 7.979, 8.094, 4.436, 7.378, 13.139, , , 1, 8.239, 0.352, 0, 14.5, 1.91, 181, 0, 0, 0, 62.259, 8.222, 7.81, 125.6, 50.964, 100, 0, 0, 28, 28.21, 9.84, 0.957, 102.55, 0, 0, 112.1, 36.92, 0, 0, 0.352, 0, 0, 13.6, 0, 14.5, 0, 1.91, 181, 0, 0, 0, 62.259, 1, 0.008, 0.008, 125.6, 50.964, 100, 0, 0, 141, 28, 28.21, 9.84, 0.957, 0, 102.55, 0, 0, 112.1, 36.92, 0, 0, 0, 0, 
8.25, 17.132, 100.33, 73.177, 73.98, , 1.187, 0.986, 495.621, 495.621, 1.914, 29.87, 29.87, 29.87, 51.98, 90.385, 33.872, 34.974, 7.379, 13.025, 0, 0, 2.89, 2.928, 2.89, 2.928, 1, 36.78, 36.78, 0.024, 0.137, 7.933, 8.047, 7.933, 8.047, 4.455, 7.379, 13.025, , , 1, 8.289, 0.273, 0, 14.5, 1.914, 181, 0, 0, 0, 62.522, 8.192, 7.822, 125.6, 51.284, 100, 0, 0, 28.011, 28.261, 10, 0.961, 102.793, 0, 0, 112.554, 36.983, 0, 0, 0.273, 0, 0, 13.6, 0, 14.5, 0, 1.914, 181, 0, 0, 0, 62.522, 1, 0.008, 0.008, 125.6, 51.284, 100, 0, 0, 141, 28.011, 28.261, 10, 0.961, 0, 102.793, 0, 0, 112.554, 36.983, 0, 0, 0, 0, 
8.3, 17.134, 100.33, 73.181, 73.98, , 1.225, 0.986, 498.335, 498.335, 1.917, 30.781, 30.781, 30.781, 51.977, 91.146, 34.232, 34.902, 7.379, 12.922, 0, 0, 2.983, 3.023, 2.983, 3.023, 1, 36.839, 36.839, 0.024, 0.137, 8.176, 8.294, 8.176, 8.294, 4.444, 7.379, 12.922, , , 1, 8.339, 0.236, 0, 14.5, 1.917, 181, 0, 0, 0, 62.63, 8.179, 7.834, 125.6, 51.405, 100, 0, 0, 28.065, 28.315, 10, 0.965, 103.011, 0, 0, 112.826, 37.051, 0, 0, 0.236, 0, 0, 13.6, 0, 14.5, 0, 1.917, 181, 0, 0, 0, 62.63, 1, 0.008, 0.008, 125.6, 51.405, 100, 0, 0, 141, 28.065, 28.315, 10, 0.965, 0, 103.011, 0, 0, 112.826, 37.051, 0, 0, 0, 0, 
8.35, 17.135, 100.33, 73.185, 73.98, , 1.252, 0.986, 501.034, 501.034, 1.921, 31.426, 31.426, 31.426, 51.977, 91.908, 34.592, 34.83, 7.38, 12.838, 0, 0, 3.051, 3.091, 3.051, 3.091, 1, 36.903, 36.903, 0.024, 0.137, 8.347, 8.467, 8.347, 8.467, 4.43, 7.38, 12.838, , , 1, 8.39, 0.199, 0, 14.5, 1.921, 181, 0, 0, 0, 62.739, 8.166, 7.846, 125.6, 51.525, 100, 0, 0, 28.12, 28.37, 10, 0.969, 103.228, 0, 0, 113.098, 37.118, 0, 0, 0.199, 0, 0, 13.6, 0, 14.5, 0, 1.921, 181, 0, 0, 0, 62.739, 1, 0.008, 0.008, 125.6, 51.525, 100, 0, 0, 141, 28.12, 28.37, 10, 0.97, 0, 103.228, 0, 0, 113.098, 37.118, 0, 0, 0, 0, 
8.4, 17.136, 100.33, 73.189, 73.98, , 1.268, 0.986, 503.718, 503.718, 1.924, 31.806, 31.806, 31.806, 51.981, 92.669, 34.952, 34.758, 7.38, 12.769, 0, 0, 3.093, 3.133, 3.093, 3.133, 1, 36.966, 36.966, 0.024, 0.137, 8.449, 8.569, 8.449, 8.569, 4.417, 7.38, 12.769, , , 1, 8.439, 0.162, 0, 14.5, 1.924, 181, 0, 0, 0, 62.848, 8.153, 7.858, 125.6, 51.646, 100, 0, 0, 28.174, 28.424, 10, 0.974, 103.446, 0, 0, 113.37, 37.186, 0, 0, 0.162, 0, 0, 13.6, 0, 14.5, 0, 1.924, 181, 0, 0, 0, 62.848, 1, 0.008, 0.008, 125.6, 51.646, 100, 0, 0, 141, 28.174, 28.424, 10, 0.974, 0, 103.446, 0, 0, 113.37, 37.186, 0, 0, 0, 0, 
8.45, 17.137, 100.33, 73.193, 73.98, , 1.254, 0.986, 506.425, 506.425, 1.928, 31.465, 31.465, 31.465, 51.989, 93.43, 35.283, 34.65, 7.379, 12.724, 0, 0, 3.065, 3.105, 3.065, 3.105, 1, 37.03, 37.03, 0.024, 0.137, 8.357, 8.476, 8.357, 8.476, 4.404, 7.379, 12.724, , , 1, 8.489, 0.125, 0, 14.5, 1.928, 181, 0, 0, 0, 62.957, 8.14, 7.87, 125.6, 51.767, 100, 0, 0, 28.228, 28.478, 10, 0.978, 103.663, 0, 0, 113.641, 37.253, 0, 0, 0.125, 0, 0, 13.6, 0, 14.5, 0, 1.928, 181, 0, 0, 0, 62.957, 1, 0.008, 0.008, 125.6, 51.767, 100, 0, 0, 141, 28.228, 28.478, 10, 0.978, 0, 103.663, 0, 0, 113.641, 37.253, 0, 0, 0, 0, 
8.5, 17.138, 100.33, 73.196, 73.98, , 1.23, 0.986, 509.14, 509.14, 1.93, 30.904, 30.904, 30.904, 52.006, 94.191, 35.496, 34.401, 7.379, 12.692, 0, 0, 3.015, 3.055, 3.015, 3.055, 1, 37.092, 37.092, 0.024, 0.137, 8.206, 8.322, 8.206, 8.322, 4.385, 7.379, 12.692, , , 1, 8.54, 0.096, 0, 14.5, 1.93, 181, 0, 0, 0, 63, 8.12, 7.868, 125.6, 51.791, 100, 0, 0, 28.283, 28.5, 10, 0.98, 103.848, 0, 0, 113.783, 37.28, 0, 0, 0.096, 0, 0, 13.6, 0, 14.5, 0, 1.93, 181, 0, 0, 0, 63, 1, 0.008, 0.008, 125.6, 51.791, 100, 0, 0, 141, 28.283, 28.5, 10, 0.98, 0, 103.848, 0, 0, 113.783, 37.28, 0, 0, 0, 0, 
8.55, 17.139, 100.33, 73.2, 73.98, , 1.213, 0.986, 511.856, 511.856, 1.932, 30.493, 30.493, 30.493, 52.021, 94.952, 35.71, 34.152, 7.378, 12.684, 0, 0, 2.98, 3.02, 2.98, 3.02, 1, 37.154, 37.154, 0.024, 0.137, 8.095, 8.21, 8.095, 8.21, 4.365, 7.378, 12.684, , , 1, 8.59, 0.072, 0, 14.5, 1.932, 181, 0, 0, 0, 63, 8.095, 7.856, 125.6, 51.751, 100, 0, 0, 28.337, 28.5, 10, 0.98, 104.011, 0, 0, 113.837, 37.28, 0, 0, 0.072, 0, 0, 13.6, 0, 14.5, 0, 1.932, 181, 0, 0, 0, 63, 1, 0.008, 0.008, 125.6, 51.751, 100, 0, 0, 141, 28.337, 28.5, 10, 0.98, 0, 104.011, 0, 0, 113.837, 37.28, 0, 0, 0, 0, 
8.6, 17.14, 100.33, 73.204, 73.98, , 1.188, 0.986, 514.572, 514.572, 1.934, 29.894, 29.894, 29.894, 52.029, 95.713, 35.923, 33.903, 7.378, 12.695, 0, 0, 2.927, 2.967, 2.927, 2.967, 1, 37.212, 37.212, 0.024, 0.137, 7.934, 8.047, 7.934, 8.047, 4.344, 7.378, 12.695, , , 1, 8.64, 0.048, 0, 14.5, 1.934, 181, 0, 0, 0, 63, 8.07, 7.844, 125.6, 51.71, 100, 0, 0, 28.391, 28.5, 10, 0.98, 104.174, 0, 0, 113.891, 37.28, 0, 0, 0.048, 0, 0, 13.6, 0, 14.5, 0, 1.934, 181, 0, 0, 0, 63, 1, 0.008, 0.008, 125.6, 51.71, 100, 0, 0, 141, 28.391, 28.5, 10, 0.98, 0, 104.174, 0, 0, 113.891, 37.28, 0, 0, 0, 0, 
8.65, 17.14, 100.33, 73.208, 73.98, , 1.146, 0.986, 517.288, 517.288, 1.936, 28.896, 28.896, 28.896, 52.033, 96.474, 36.136, 33.654, 7.377, 12.748, 0, 0, 2.834, 2.874, 2.834, 2.874, 1, 37.269, 37.269, 0.024, 0.137, 7.667, 7.778, 7.667, 7.778, 4.323, 7.377, 12.748, , , 1, 8.69, 0.024, 0, 14.5, 1.936, 181, 0, 0, 0, 63, 8.045, 7.832, 125.6, 51.67, 100, 0, 0, 28.446, 28.5, 10, 0.98, 104.337, 0, 0, 113.946, 37.28, 0, 0, 0.024, 0, 0, 13.6, 0, 14.5, 0, 1.936, 181, 0, 0, 0, 63, 1, 0.008, 0.008, 125.6, 51.67, 100, 0, 0, 141, 28.446, 28.5, 10, 0.98, 0, 104.337, 0, 0, 113.946, 37.28, 0, 0, 0, 0, 
8.7, 17.14, 100.33, 73.212, 73.98, , 1.15, 0.986, 520.004, 520.004, 1.938, 28.993, 28.993, 28.993, 52.033, 97.075, 36.284, 33.486, 7.377, 12.813, 0, 0, 2.848, 2.888, 2.848, 2.888, 1, 37.325, 37.325, 0.024, 0.137, 7.693, 7.805, 7.693, 7.805, 4.315, 7.377, 12.813, , , 1, 8.739, 0, 0, 14.5, 1.938, 181, 0, 0, 0, 63, 8.02, 7.82, 125.6, 51.63, 100, 0, 0, 28.5, 28.5, 10, 0.98, 104.5, 0, 0, 114, 37.28, 0, 0, 0, 0, 0, 13.6, 0, 14.5, 0, 1.938, 181, 0, 0, 0, 63, 1, 0.008, 0.008, 125.6, 51.63, 100, 0, 0, 141, 28.5, 28.5, 10, 0.98, 0, 104.5, 0, 0, 114, 37.28, 0, 0, 0, 0, 
8.75, 17.14, 100.33, 73.215, 73.98, , 1.185, 0.986, 522.719, 522.719, 1.941, 29.821, 29.821, 29.821, 52.023, 89.819, 36.029, 33.814, 7.377, 12.906, 0, 0, 2.935, 2.975, 2.935, 2.975, 1, 37.385, 37.385, 0.024, 0.137, 7.915, 8.031, 7.915, 8.031, 4.324, 7.377, 12.906, , , 1, 8.789, 0, 0, 14.5, 1.941, 181, 0, 0, 0, 63, 8.02, 7.826, 125.6, 51.556, 100, 0, 0, 28.6, 28.6, 10, 0.98, 104.6, 0, 0, 114, 37.402, 0, 0, 0, 0, 0, 13.6, 0, 14.5, 0, 1.941, 181, 0, 0, 0, 63, 1, 0.008, 0.008, 125.6, 51.556, 100, 0, 0, 141, 28.6, 28.6, 10, 0.98, 0, 104.6, 0, 0, 114, 37.404, 0, 0, 0, 0, 
8.8, 17.14, 100.33, 73.219, 73.98, , 1.201, 0.986, 525.461, 525.461, 1.943, 30.217, 30.217, 30.217, 52.01, 82.563, 35.774, 34.142, 7.377, 12.999, 0, 0, 2.978, 3.018, 2.978, 3.018, 1, 37.446, 37.446, 0.024, 0.137, 8.02, 8.141, 8.02, 8.141, 4.333, 7.377, 12.999, , , 1, 8.84, 0, 0, 14.5, 1.943, 181, 0, 0, 0, 63, 8.02, 7.832, 125.6, 51.482, 100, 0, 0, 28.7, 28.7, 10, 0.98, 104.7, 0, 0, 114, 37.527, 0, 0, 0, 0, 0, 13.6, 0, 14.5, 0, 1.943, 181, 0, 0, 0, 63, 1, 0.008, 0.008, 125.6, 51.482, 100, 0, 0, 141, 28.7, 28.7, 10, 0.98, 0, 104.7, 0, 0, 114, 37.528, 0, 0, 0, 0, 
8.85, 17.14, 100.33, 73.223, 73.98, , 1.21, 0.986, 528.208, 528.208, 1.946, 30.429, 30.429, 30.429, 52, 75.307, 35.519, 34.47, 7.377, 13.093, 0, 0, 3.003, 3.043, 3.003, 3.043, 1, 37.507, 37.507, 0.024, 0.137, 8.077, 8.2, 8.077, 8.2, 4.343, 7.377, 13.093, , , 1, 8.89, 0, 0, 14.5, 1.946, 181, 0, 0, 0, 63, 8.02, 7.838, 125.6, 51.408, 100, 0, 0, 28.8, 28.8, 10, 0.98, 104.8, 0, 0, 114, 37.651, 0, 0, 0, 0, 0, 13.6, 0, 14.5, 0, 1.946, 181, 0, 0, 0, 63, 1, 0.008, 0.008, 125.6, 51.408, 100, 0, 0, 141, 28.8, 28.8, 10, 0.98, 0, 104.8, 0, 0, 114, 37.652, 0, 0, 0, 0, 
8.9, 17.14, 100.33, 73.227, 73.98, , 1.193, 0.986, 530.955, 530.955, 1.948, 30.013, 30.013, 30.013, 51.992, 68.051, 35.264, 34.798, 7.377, 13.177, 0, 0, 2.966, 3.006, 2.966, 3.006, 1, 37.567, 37.567, 0.024, 0.137, 7.969, 8.088, 7.969, 8.088, 4.354, 7.377, 13.177, , , 1, 8.939, 0, 0, 14.5, 1.948, 181, 0, 0, 0, 63, 8.02, 7.844, 125.6, 51.334, 100, 0, 0, 28.9, 28.9, 10, 0.98, 104.9, 0, 0, 114, 37.776, 0, 0, 0, 0, 0, 13.6, 0, 14.5, 0, 1.948, 181, 0, 0, 0, 63, 1, 0.008, 0.008, 125.6, 51.334, 100, 0, 0, 141, 28.9, 28.9, 10, 0.98, 0, 104.9, 0, 0, 114, 37.776, 0, 0, 0, 0, 
8.95, 17.14, 100.33, 73.231, 73.98, , 1.183, 0.986, 533.702, 533.702, 1.951, 29.793, 29.793, 29.793, 51.988, 60.794, 35.038, 35.06, 7.377, 13.23, 0, 0, 2.949, 2.989, 2.949, 2.989, 1, 37.625, 37.625, 0.024, 0.137, 7.912, 8.029, 7.912, 8.029, 4.376, 7.377, 13.23, , , 1, 8.989, 0, 0, 14.5, 1.951, 181, 0, 0, 0, 63, 8.02, 7.85, 125.6, 51.26, 100, 0, 0, 29, 29, 10, 0.98, 105, 0, 0, 114, 37.9, 0, 0, 0, 0, 0, 13.6, 0, 14.5, 0, 1.951, 181, 0, 0, 0, 63, 1, 0.008, 0.008, 125.6, 51.26, 100, 0, 0, 141, 29, 29, 10, 0.98, 0, 105, 0, 0, 114, 37.9, 0, 0, 0, 0, 
9, 17.14, 100.33, 73.234, 73.98, , 1.183, 0.986, 536.45, 536.45, 1.956, 29.785, 29.785, 29.785, 51.988, 53.538, 34.93, 35.06, 7.377, 13.273, 0, 0, 2.952, 2.992, 2.952, 2.992, 1, 37.684, 37.684, 0.024, 0.137, 7.91, 8.027, 7.91, 8.027, 4.397, 7.377, 13.273, , , 1, 9.039, 0, 0, 14.5, 1.956, 181, 0, 0, 0, 63, 8.026, 7.864, 125.6, 51.223, 100, 0, 0, 29.1, 29.1, 10, 0.98, 105.1, 0, 0, 114.15, 37.9, 0, 0, 0, 0, 0, 13.6, 0, 14.5, 0, 1.956, 181, 0, 0, 0, 63, 1, 0.008, 0.008, 125.6, 51.223, 100, 0, 0, 141, 29.1, 29.1, 10, 0.98, 0, 105.1, 0, 0, 114.15, 37.9, 0, 0, 0, 0, 
9.05, 17.14, 100.33, 73.238, 73.98, , 1.175, 0.986, 539.223, 539.223, 1.961, 29.595, 29.595, 29.595, 51.99, 55.644, 34.822, 35.06, 7.377, 13.282, 0, 0, 2.938, 2.978, 2.938, 2.978, 1, 37.743, 37.743, 0.024, 0.137, 7.859, 7.974, 7.859, 7.974, 4.419, 7.377, 13.282, , , 1, 9.089, 0, 0, 14.5, 1.961, 181, 0, 0, 0, 63, 8.032, 7.878, 125.6, 51.186, 100, 0, 0, 29.2, 29.2, 10, 0.98, 105.2, 0, 0, 114.3, 37.9, 0, 0, 0, 0, 0, 13.6, 0, 14.5, 0, 1.961, 181, 0, 0, 0, 63, 1, 0.008, 0.008, 125.6, 51.186, 100, 0, 0, 141, 29.2, 29.2, 10, 0.98, 0, 105.2, 0, 0, 114.3, 37.9, 0, 0, 0, 0, 
9.1, 17.14, 100.33, 73.242, 73.98, , 1.168, 0.986, 541.999, 541.999, 1.966, 29.425, 29.425, 29.425, 52.003, 66.773, 34.714, 35.06, 7.377, 13.286, 0, 0, 2.925, 2.965, 2.925, 2.965, 1, 37.802, 37.802, 0.024, 0.137, 7.813, 7.926, 7.813, 7.926, 4.441, 7.377, 13.286, , , 1, 9.139, 0, 0, 14.5, 1.966, 181, 0, 0, 0, 63, 8.038, 7.892, 125.6, 51.149, 100, 0, 0, 29.3, 29.3, 10, 0.98, 105.3, 0, 0, 114.45, 37.9, 0, 0, 0, 0, 0, 13.6, 0, 14.5, 0, 1.966, 181, 0, 0, 0, 63, 1, 0.008, 0.008, 125.6, 51.149, 100, 0, 0, 141, 29.3, 29.3, 10, 0.98, 0, 105.3, 0, 0, 114.45, 37.9, 0, 0, 0, 0, 
9.15, 17.14, 100.33, 73.246, 73.98, , 1.188, 0.986, 544.745, 544.745, 1.971, 29.907, 29.907, 29.907, 52.019, 67.649, 34.606, 35.06, 7.378, 13.272, 0, 0, 2.978, 3.018, 2.978, 3.018, 1, 37.861, 37.861, 0.024, 0.137, 7.938, 8.054, 7.938, 8.054, 4.445, 7.378, 13.272, , , 1, 9.189, 0, 0, 14.5, 1.971, 181, 0, 0, 0, 63, 8.044, 7.906, 125.6, 51.112, 100, 0, 0, 29.4, 29.4, 10, 0.98, 105.4, 0, 0, 114.6, 37.9, 0, 0, 0, 0, 0, 13.6, 0, 14.5, 0, 1.971, 181, 0, 0, 0, 63, 1, 0.008, 0.008, 125.6, 51.112, 100, 0, 0, 141, 29.4, 29.4, 10, 0.98, 0, 105.4, 0, 0, 114.6, 37.9, 0, 0, 0, 0, 
9.2, 17.14, 100.33, 73.25, 73.98, , 1.203, 0.986, 547.505, 547.505, 1.977, 30.276, 30.276, 30.276, 52.043, 68.525, 34.52, 35.06, 7.378, 13.257, 0, 0, 3.02, 3.06, 3.02, 3.06, 1, 37.923, 37.923, 0.024, 0.137, 8.032, 8.149, 8.032, 8.149, 4.448, 7.378, 13.257, , , 1, 9.24, 0, 0, 14.5, 1.977, 181, 0, 0, 0, 63, 8.05, 7.92, 125.6, 51.075, 100, 0, 0, 29.5, 29.5, 10, 0.98, 105.5, 0, 0, 114.75, 37.9, 0, 0, 0, 0, 0, 13.6, 0, 14.5, 0, 1.977, 181, 0, 0, 0, 63, 1, 0.008, 0.008, 125.6, 51.075, 100, 0, 0, 141, 29.5, 29.5, 10, 0.98, 0, 105.5, 0, 0, 114.75, 37.9, 0, 0, 0, 0, 
9.25, 17.14, 100.33, 73.254, 73.98, , 1.212, 0.986, 550.284, 550.284, 1.979, 30.474, 30.474, 30.474, 52.068, 69.401, 34.52, 35.06, 7.38, 13.235, 0, 0, 3.043, 3.086, 3.043, 3.086, 1, 37.983, 37.983, 0.024, 0.137, 8.08, 8.197, 8.08, 8.197, 4.451, 7.38, 13.235, , , 1, 9.289, 0, 0, 14.5, 1.979, 181, 0, 0, 0, 63, 8.025, 7.899, 125.6, 51.036, 100, 0, 0, 29.5, 29.5, 10, 0.98, 105.5, 0, 0, 114.802, 38.031, 0, 0, 0, 0, 0, 13.6, 0, 14.5, 0, 1.979, 181, 0, 0, 0, 63, 1, 0.008, 0.008, 125.6, 51.036, 100, 0, 0, 141, 29.5, 29.5, 10, 0.98, 0, 105.5, 0, 0, 114.802, 38.031, 0, 0, 0, 0, 
9.3, 17.14, 100.33, 73.257, 73.98, , 1.189, 0.986, 553.064, 553.064, 1.981, 29.929, 29.929, 29.929, 52.094, 70.277, 34.52, 35.06, 7.381, 13.215, 0, 0, 2.993, 3.036, 2.993, 3.036, 1, 38.043, 38.043, 0.024, 0.137, 7.932, 8.046, 7.932, 8.046, 4.455, 7.381, 13.215, , , 1, 9.339, 0, 0, 14.5, 1.981, 181, 0, 0, 0, 63, 8, 7.879, 125.6, 50.998, 100, 0, 0, 29.5, 29.5, 10, 0.98, 105.5, 0, 0, 114.854, 38.161, 0, 0, 0, 0, 0, 13.6, 0, 14.5, 0, 1.981, 181, 0, 0, 0, 63, 1, 0.008, 0.008, 125.6, 50.998, 100, 0, 0, 141, 29.5, 29.5, 10, 0.98, 0, 105.5, 0, 0, 114.854, 38.161, 0, 0, 0, 0, 
9.35, 17.14, 100.33, 73.261, 73.98, , 1.155, 0.986, 555.845, 555.845, 1.983, 29.128, 29.128, 29.128, 52.109, 71.153, 34.52, 35.06, 7.383, 13.203, 0, 0, 2.917, 2.96, 2.917, 2.96, 1, 38.101, 38.101, 0.024, 0.137, 7.717, 7.827, 7.717, 7.827, 4.452, 7.383, 13.203, , , 1, 9.39, 0, 0, 14.5, 1.983, 181, 0, 0, 0, 63, 7.975, 7.858, 125.6, 50.959, 100, 0, 0, 29.5, 29.5, 10, 0.98, 105.5, 0, 0, 114.906, 38.292, 0, 0, 0, 0, 0, 13.6, 0, 14.5, 0, 1.983, 181, 0, 0, 0, 63, 1, 0.008, 0.008, 125.6, 50.959, 100, 0, 0, 141, 29.5, 29.5, 10, 0.98, 0, 105.5, 0, 0, 114.906, 38.292, 0, 0, 0, 0, 
9.4, 17.14, 100.33, 73.265, 73.98, , 1.156, 0.986, 558.625, 558.625, 1.985, 29.164, 29.164, 29.164, 52.119, 72.029, 34.52, 35.06, 7.384, 13.193, 0, 0, 2.925, 2.968, 2.925, 2.968, 1, 38.158, 38.158, 0.024, 0.137, 7.725, 7.835, 7.725, 7.835, 4.447, 7.384, 13.193, , , 1, 9.439, 0, 0, 14.5, 1.985, 181, 0, 0, 0, 63, 7.95, 7.837, 125.6, 50.921, 100, 0, 0, 29.5, 29.5, 10, 0.98, 105.5, 0, 0, 114.958, 38.423, 0, 0, 0, 0, 0, 13.6, 0, 14.5, 0, 1.985, 181, 0, 0, 0, 63, 1, 0.008, 0.008, 125.6, 50.921, 100, 0, 0, 141, 29.5, 29.5, 10, 0.98, 0, 105.5, 0, 0, 114.958, 38.423, 0, 0, 0, 0, 
9.45, 17.14, 100.33, 73.269, 73.98, , 1.141, 0.986, 561.416, 561.416, 1.988, 28.793, 28.793, 28.793, 52.115, 72.905, 34.582, 35.077, 7.384, 13.192, 0, 0, 2.892, 2.934, 2.892, 2.934, 1, 38.217, 38.217, 0.024, 0.138, 7.627, 7.735, 7.627, 7.735, 4.441, 7.384, 13.192, , , 1, 9.489, 0, 0, 14.5, 1.988, 181, 0, 0, 0, 63, 7.932, 7.819, 125.6, 50.89, 100, 0, 0, 29.517, 29.517, 10, 0.98, 105.519, 0, 0, 115.019, 38.53, 0, 0, 0, 0, 0, 13.6, 0, 14.5, 0, 1.988, 181, 0, 0, 0, 63, 1, 0.008, 0.008, 125.6, 50.89, 100, 0, 0, 141, 29.517, 29.517, 10, 0.98, 0, 105.519, 0, 0, 115.019, 38.53, 0, 0, 0, 0, 
9.5, 17.14, 100.33, 73.267, 73.98, , 1.095, 0.986, 564.229, 564.229, 1.99, 27.701, 27.701, 27.701, 52.109, 73.781, 34.891, 35.163, 7.384, 13.191, 0, 0, 2.785, 2.826, 2.785, 2.826, 1, 38.272, 38.272, 0.024, 0.138, 7.339, 7.444, 7.339, 7.444, 4.435, 7.384, 13.191, , , 1, 9.54, 0, 0, 14.5, 1.99, 181, 0, 0, 0, 63, 7.941, 7.815, 125.6, 50.89, 100, 0, 0, 29.613, 29.613, 10, 0.98, 105.615, 0, 0, 115.115, 38.53, 0, 0, 0, 0, 0, 13.6, 0, 14.5, 0, 1.99, 181, 0, 0, 0, 63, 1, 0.008, 0.008, 125.6, 50.89, 100, 0, 0, 141, 29.613, 29.613, 10, 0.98, 0, 105.615, 0, 0, 115.115, 38.53, 0, 0, 0, 0, 
9.55, 17.14, 100.33, 73.264, 73.98, , 1.07, 0.986, 567.018, 567.018, 1.993, 27.12, 27.12, 27.12, 52.101, 74.658, 35.2, 35.249, 7.382, 13.199, 0, 0, 2.731, 2.769, 2.731, 2.769, 1, 38.326, 38.326, 0.024, 0.138, 7.187, 7.289, 7.187, 7.289, 4.429, 7.382, 13.199, , , 1, 9.59, 0, 0, 14.5, 1.993, 181, 0, 0, 0, 63, 7.951, 7.812, 125.6, 50.89, 100, 0, 0, 29.71, 29.71, 10, 0.98, 105.712, 0, 0, 115.212, 38.53, 0, 0, 0, 0, 0, 13.6, 0, 14.5, 0, 1.993, 181, 0, 0, 0, 63, 1, 0.008, 0.008, 125.6, 50.89, 100, 0, 0, 141, 29.71, 29.71, 10, 0.98, 0, 105.712, 0, 0, 115.212, 38.53, 0, 0, 0, 0, 
9.6, 17.14, 100.33, 73.26, 73.98, , 1.055, 0.986, 569.798, 569.798, 1.995, 26.765, 26.765, 26.765, 52.098, 75.534, 35.509, 35.335, 7.381, 13.206, 0, 0, 2.699, 2.736, 2.699, 2.736, 1, 38.378, 38.378, 0.024, 0.138, 7.095, 7.195, 7.095, 7.195, 4.423, 7.381, 13.206, , , 1, 9.639, 0, 0, 14.5, 1.995, 181, 0, 0, 0, 63, 7.961, 7.808, 125.6, 50.89, 100, 0, 0, 29.806, 29.806, 10, 0.98, 105.808, 0, 0, 115.308, 38.53, 0, 0, 0, 0, 0, 13.6, 0, 14.5, 0, 1.995, 181, 0, 0, 0, 63, 1, 0.008, 0.008, 125.6, 50.89, 100, 0, 0, 141, 29.806, 29.806, 10, 0.98, 0, 105.808, 0, 0, 115.308, 38.53, 0, 0, 0, 0, 
9.65, 17.14, 100.33, 73.256, 73.98, , 1.047, 0.986, 572.613, 572.613, 1.998, 26.565, 26.565, 26.565, 52.097, 76.41, 35.818, 35.421, 7.379, 13.207, 0, 0, 2.683, 2.72, 2.683, 2.72, 1, 38.43, 38.43, 0.024, 0.138, 7.041, 7.141, 7.041, 7.141, 4.417, 7.379, 13.207, , , 1, 9.69, 0, 0, 14.5, 1.998, 181, 0, 0, 0, 63, 7.97, 7.804, 125.6, 50.89, 100, 0, 0, 29.902, 29.902, 10, 0.98, 105.904, 0, 0, 115.404, 38.53, 0, 0, 0, 0, 0, 13.6, 0, 14.5, 0, 1.998, 181, 0, 0, 0, 63, 1, 0.008, 0.008, 125.6, 50.89, 100, 0, 0, 141, 29.902, 29.902, 10, 0.98, 0, 105.904, 0, 0, 115.404, 38.53, 0, 0, 0, 0, 
9.7, 17.14, 100.33, 73.252, 73.98, , 1.036, 0.986, 575.427, 575.427, 2, 26.328, 26.328, 26.328, 52.099, 77.286, 36.128, 35.507, 7.378, 13.208, 0, 0, 2.664, 2.701, 2.664, 2.701, 1, 38.48, 38.48, 0.024, 0.138, 6.978, 7.077, 6.978, 7.077, 4.41, 7.378, 13.208, , , 1, 9.74, 0, 0, 14.5, 2, 181, 0, 0, 0, 63, 7.98, 7.8, 125.6, 50.89, 100, 0, 0, 29.998, 29.998, 10, 0.98, 106, 0, 0, 115.5, 38.53, 0, 0, 0, 0, 0, 13.6, 0, 14.5, 0, 2, 181, 0, 0, 0, 63, 1, 0.008, 0.008, 125.6, 50.89, 100, 0, 0, 141, 29.998, 29.998, 10, 0.98, 0, 106, 0, 0, 115.5, 38.53, 0, 0, 0, 0, 
9.75, 17.14, 100.33, 73.248, 73.98, , 1.024, 0.986, 578.239, 578.239, 2.004, 26.027, 26.027, 26.027, 52.103, 78.162, 36.031, 35.528, 7.378, 13.198, 0, 0, 2.638, 2.674, 2.638, 2.674, 1, 38.53, 38.53, 0.024, 0.138, 6.897, 6.995, 6.897, 6.995, 4.404, 7.378, 13.198, , , 1, 9.789, 0, 0, 14.5, 2.004, 181, 0, 0, 0, 62.905, 7.963, 7.808, 125.43, 50.748, 100, 0, 0, 30, 30, 10, 0.98, 105.856, 0, 0, 115.356, 38.647, 0, 0, 0, 0, 0, 13.6, 0, 14.5, 0, 2.004, 181, 0, 0, 0, 62.905, 1, 0.008, 0.008, 125.43, 50.748, 100, 0, 0, 141, 30, 30, 10, 0.98, 0, 105.856, 0, 0, 115.356, 38.647, 0, 0, 0, 0, 
9.8, 17.14, 100.33, 73.245, 73.98, , 1.012, 0.986, 581.076, 581.076, 2.008, 25.742, 25.742, 25.742, 52.109, 79.038, 35.918, 35.547, 7.377, 13.188, 0, 0, 2.613, 2.65, 2.613, 2.65, 1, 38.581, 38.581, 0.024, 0.137, 6.821, 6.917, 6.821, 6.917, 4.397, 7.377, 13.188, , , 1, 9.839, 0, 0, 14.5, 2.008, 181, 0, 0, 0, 62.809, 7.946, 7.815, 125.256, 50.605, 100, 0, 0, 30, 30, 10, 0.98, 105.712, 0, 0, 115.212, 38.767, 0, 0, 0, 0, 0, 13.6, 0, 14.5, 0, 2.008, 181, 0, 0, 0, 62.809, 1, 0.008, 0.008, 125.256, 50.605, 100, 0, 0, 141, 30, 30, 10, 0.98, 0, 105.712, 0, 0, 115.212, 38.767, 0, 0, 0, 0, 
9.85, 17.14, 100.33, 73.241, 73.98, , 1, 0.986, 583.921, 583.921, 2.012, 25.458, 25.458, 25.458, 52.112, 79.914, 35.804, 35.566, 7.377, 13.168, 0, 0, 2.588, 2.624, 2.588, 2.624, 1, 38.631, 38.631, 0.024, 0.137, 6.744, 6.841, 6.744, 6.841, 4.389, 7.377, 13.168, , , 1, 9.89, 0, 0, 14.5, 2.012, 181, 0, 0, 0, 62.712, 7.928, 7.823, 125.082, 50.463, 100, 0, 0, 30, 30, 10, 0.98, 105.567, 0, 0, 115.067, 38.887, 0, 0, 0, 0, 0, 13.6, 0, 14.5, 0, 2.012, 181, 0, 0, 0, 62.712, 1, 0.008, 0.008, 125.082, 50.463, 100, 0, 0, 141, 30, 30, 10, 0.98, 0, 105.567, 0, 0, 115.067, 38.887, 0, 0, 0, 0, 
9.9, 17.14, 100.33, 73.237, 73.98, , 0.984, 0.986, 586.734, 586.734, 2.016, 25.086, 25.086, 25.086, 52.114, 80.79, 35.691, 35.585, 7.377, 13.148, 0, 0, 2.554, 2.588, 2.554, 2.588, 1, 38.681, 38.681, 0.024, 0.137, 6.646, 6.74, 6.646, 6.74, 4.382, 7.377, 13.148, , , 1, 9.94, 0, 0, 14.5, 2.016, 181, 0, 0, 0, 62.616, 7.911, 7.831, 124.908, 50.321, 100, 0, 0, 30, 30, 10, 0.98, 105.423, 0, 0, 114.923, 39.006, 0, 0, 0, 0, 0, 13.6, 0, 14.5, 0, 2.016, 181, 0, 0, 0, 62.616, 1, 0.008, 0.008, 124.908, 50.321, 100, 0, 0, 141, 30, 30, 10, 0.98, 0, 105.423, 0, 0, 114.923, 39.006, 0, 0, 0, 0, 
9.95, 17.14, 100.33, 73.233, 73.979, , 0.978, 0.986, 589.562, 589.562, 2.02, 24.948, 24.948, 24.948, 52.116, 81.666, 35.586, 35.6, 7.377, 13.13, 0, 0, 2.543, 2.576, 2.543, 2.576, 1, 38.732, 38.732, 0.024, 0.136, 6.609, 6.703, 6.609, 6.703, 4.375, 7.377, 13.13, , , 1, 9.989, 0, 0, 14.5, 2.02, 181, 0, 0, 0, 62.519, 7.893, 7.838, 124.735, 50.178, 100, 0, 0, 30, 30, 10, 0.98, 105.279, 0, 0, 114.779, 39.126, 0, 0, 0, 0, 0, 13.6, 0, 14.5, 0, 2.02, 181, 0, 0, 0, 62.519, 1, 0.008, 0.008, 124.735, 50.178, 100, 0, 0, 141, 30, 30, 10, 0.98, 0, 105.279, 0, 0, 114.779, 39.126, 0, 0, 0, 0, 
10, 17.14, 100.33, 73.229, 73.978, , 0.987, 0.986, 592.41, 592.41, 2.022, 25.159, 25.159, 25.159, 52.115, 82.542, 35.514, 35.6, 7.377, 13.111, 0, 0, 2.567, 2.601, 2.567, 2.601, 1, 38.783, 38.783, 0.024, 0.136, 6.663, 6.76, 6.663, 6.76, 4.393, 7.377, 13.111, , , 1, 10.039, 0, 0, 14.5, 2.022, 181, 0, 0, 0, 62.417, 7.875, 7.837, 124.85, 50.088, 100, 0, 0, 30, 30, 10, 0.98, 105.125, 0, 0, 114.625, 39.15, 0, 0, 0, 0, 0, 13.6, 0, 14.5, 0, 2.022, 181, 0, 0, 0, 62.417, 1, 0.008, 0.008, 124.85, 50.088, 100, 0, 0, 141, 30, 30, 10, 0.98, 0, 105.125, 0, 0, 114.625, 39.15, 0, 0, 0, 0, 
10.05, 17.14, 100.33, 73.225, 73.978, , 1.003, 0.986, 595.258, 595.258, 2.023, 25.534, 25.534, 25.534, 52.113, 83.418, 35.442, 35.6, 7.377, 13.106, 0, 0, 2.609, 2.642, 2.609, 2.642, 1, 38.834, 38.834, 0.024, 0.136, 6.763, 6.861, 6.763, 6.861, 4.411, 7.377, 13.106, , , 1, 10.089, 0, 0, 14.5, 2.023, 181, 0, 0, 0, 62.312, 7.856, 7.833, 125.038, 50.011, 100, 0, 0, 30, 30, 10, 0.98, 104.969, 0, 0, 114.469, 39.15, 0, 0, 0, 0, 0, 13.6, 0, 14.5, 0, 2.023, 181, 0, 0, 0, 62.312, 1, 0.008, 0.008, 125.038, 50.011, 100, 0, 0, 141, 30, 30, 10, 0.98, 0, 104.969, 0, 0, 114.469, 39.15, 0, 0, 0, 0, 
10.1, 17.14, 100.33, 73.222, 73.977, , 1.015, 0.986, 598.101, 598.101, 2.025, 25.82, 25.82, 25.82, 52.111, 84.294, 35.37, 35.6, 7.377, 13.101, 0, 0, 2.641, 2.675, 2.641, 2.675, 1, 38.884, 38.884, 0.024, 0.136, 6.84, 6.939, 6.84, 6.939, 4.429, 7.377, 13.101, , , 1, 10.139, 0, 0, 14.5, 2.025, 181, 0, 0, 0, 62.208, 7.838, 7.828, 125.225, 49.934, 100, 0, 0, 30, 30, 10, 0.98, 104.812, 0, 0, 114.312, 39.15, 0, 0, 0, 0, 0, 13.6, 0, 14.5, 0, 2.025, 181, 0, 0, 0, 62.208, 1, 0.008, 0.008, 125.225, 49.934, 100, 0, 0, 141, 30, 30, 10, 0.98, 0, 104.812, 0, 0, 114.312, 39.15, 0, 0, 0, 0, 
10.15, 17.14, 100.33, 73.218, 73.976, , 0.983, 0.986, 600.914, 600.914, 2.026, 25.075, 25.075, 25.075, 52.111, 85.171, 35.298, 35.6, 7.377, 13.11, 0, 0, 2.568, 2.601, 2.568, 2.601, 1, 38.933, 38.933, 0.024, 0.136, 6.643, 6.74, 6.643, 6.74, 4.446, 7.377, 13.11, , , 1, 10.19, 0, 0, 14.5, 2.026, 181, 0, 0, 0, 62.104, 7.819, 7.824, 125.412, 49.857, 100, 0, 0, 30, 30, 10, 0.98, 104.656, 0, 0, 114.156, 39.15, 0, 0, 0, 0, 0, 13.6, 0, 14.5, 0, 2.026, 181, 0, 0, 0, 62.104, 1, 0.008, 0.008, 125.412, 49.857, 100, 0, 0, 141, 30, 30, 10, 0.98, 0, 104.656, 0, 0, 114.156, 39.15, 0, 0, 0, 0, 
10.2, 17.14, 100.33, 73.214, 73.975, , 0.963, 0.986, 603.758, 603.758, 2.027, 24.604, 24.604, 24.604, 52.115, 86.047, 35.262, 35.643, 7.377, 13.119, 0, 0, 2.523, 2.557, 2.523, 2.557, 1, 38.981, 38.981, 0.024, 0.137, 6.518, 6.614, 6.518, 6.614, 4.453, 7.377, 13.119, , , 1, 10.24, 0, 0, 14.5, 2.027, 181, 0, 0, 0, 62, 7.8, 7.82, 125.6, 49.78, 100, 0, 0, 30, 30, 10, 0.98, 104.5, 0, 0, 114, 39.15, 0, 0, 0, 0, 0, 13.6, 0, 14.5, 0, 2.027, 181, 0, 0, 0, 62, 1, 0.008, 0.008, 125.6, 49.78, 100, 0, 0, 141, 30, 30, 10, 0.98, 0, 104.5, 0, 0, 114, 39.15, 0, 0, 0, 0, 
10.25, 17.14, 100.33, 73.21, 73.974, , 0.956, 0.986, 606.641, 606.641, 2.03, 24.431, 24.431, 24.431, 52.119, 86.923, 35.37, 35.859, 7.378, 13.134, 0, 0, 2.509, 2.542, 2.509, 2.542, 1, 39.028, 39.028, 0.024, 0.137, 6.471, 6.567, 6.471, 6.567, 4.459, 7.378, 13.134, , , 1, 10.289, 0, 0, 14.5, 2.03, 181, 0, 0, 0, 62, 7.788, 7.793, 125.228, 49.857, 100, 0, 0, 30.103, 30.103, 10, 0.98, 104.5, 0, 0, 114, 39.15, 0, 0, 0, 0, 0, 13.6, 0, 14.5, 0, 2.03, 181, 0, 0, 0, 62, 1, 0.008, 0.008, 125.228, 49.857, 100, 0, 0, 141, 30.103, 30.103, 10, 0.98, 0, 104.5, 0, 0, 114, 39.15, 0, 0, 0, 0, 
10.3, 17.14, 100.33, 73.206, 73.974, , 0.998, 0.986, 609.494, 609.494, 2.032, 25.429, 25.429, 25.429, 52.123, 87.799, 35.478, 36.075, 7.378, 13.15, 0, 0, 2.614, 2.651, 2.614, 2.651, 1, 39.074, 39.074, 0.024, 0.137, 6.735, 6.835, 6.735, 6.835, 4.465, 7.378, 13.15, , , 1, 10.34, 0, 0, 14.5, 2.032, 181, 0, 0, 0, 62, 7.775, 7.766, 124.856, 49.934, 100, 0, 0, 30.207, 30.207, 10, 0.98, 104.5, 0, 0, 114, 39.15, 0, 0, 0, 0, 0, 13.6, 0, 14.5, 0, 2.032, 181, 0, 0, 0, 62, 1, 0.008, 0.008, 124.856, 49.934, 100, 0, 0, 141, 30.207, 30.207, 10, 0.98, 0, 104.5, 0, 0, 114, 39.15, 0, 0, 0, 0, 
10.35, 17.14, 100.33, 73.203, 73.973, , 1.045, 0.986, 612.343, 612.343, 2.035, 26.53, 26.53, 26.53, 52.123, 88.675, 35.586, 36.291, 7.379, 13.166, 0, 0, 2.73, 2.77, 2.73, 2.77, 1, 39.125, 39.125, 0.024, 0.138, 7.026, 7.13, 7.026, 7.13, 4.471, 7.379, 13.166, , , 1, 10.39, 0, 0, 14.5, 2.035, 181, 0, 0, 0, 62, 7.763, 7.739, 124.484, 50.01, 100, 0, 0, 30.31, 30.31, 10, 0.98, 104.5, 0, 0, 114, 39.15, 0, 0, 0, 0, 0, 13.6, 0, 14.5, 0, 2.035, 181, 0, 0, 0, 62, 1, 0.008, 0.008, 124.484, 50.01, 100, 0, 0, 141, 30.31, 30.31, 10, 0.98, 0, 104.5, 0, 0, 114, 39.15, 0, 0, 0, 0, 
10.4, 17.14, 100.33, 73.199, 73.972, , 1.071, 0.986, 615.19, 615.19, 2.038, 27.146, 27.146, 27.146, 52.121, 89.551, 35.694, 36.507, 7.379, 13.183, 0, 0, 2.797, 2.837, 2.797, 2.837, 1, 39.178, 39.178, 0.024, 0.138, 7.188, 7.294, 7.188, 7.294, 4.464, 7.379, 13.183, , , 1, 10.439, 0, 0, 14.5, 2.038, 181, 0, 0, 0, 62, 7.75, 7.713, 124.112, 50.087, 100, 0, 0, 30.413, 30.413, 10, 0.98, 104.5, 0, 0, 114, 39.15, 0, 0, 0, 0, 0, 13.6, 0, 14.5, 0, 2.038, 181, 0, 0, 0, 62, 1, 0.008, 0.008, 124.112, 50.087, 100, 0, 0, 141, 30.413, 30.413, 10, 0.98, 0, 104.5, 0, 0, 114, 39.15, 0, 0, 0, 0, 
10.45, 17.14, 100.33, 73.195, 73.971, , 1.116, 0.986, 618.056, 618.056, 2.04, 28.232, 28.232, 28.232, 52.115, 90.427, 35.794, 36.666, 7.38, 13.201, 0, 0, 2.913, 2.954, 2.913, 2.954, 1, 39.233, 39.233, 0.024, 0.138, 7.478, 7.587, 7.478, 7.587, 4.452, 7.38, 13.201, , , 1, 10.49, 0, 0, 14.5, 2.04, 181, 0, 0, 0, 62.032, 7.746, 7.692, 123.8, 50.137, 100, 0, 0, 30.5, 30.5, 10, 0.98, 104.548, 0, 0, 114, 39.17, 0, 0, 0, 0, 0, 13.6, 0, 14.5, 0, 2.04, 181, 0, 0, 0, 62.032, 1, 0.008, 0.008, 123.8, 50.137, 100, 0, 0, 141, 30.5, 30.5, 10, 0.98, 0, 104.548, 0, 0, 114, 39.17, 0, 0, 0, 0, 
10.5, 17.14, 100.33, 73.191, 73.971, , 1.178, 0.986, 620.939, 620.939, 2.043, 29.689, 29.689, 29.689, 52.106, 91.303, 35.866, 36.594, 7.38, 13.22, 0, 0, 3.067, 3.111, 3.067, 3.111, 1, 39.291, 39.291, 0.024, 0.138, 7.867, 7.98, 7.867, 7.98, 4.441, 7.38, 13.22, , , 1, 10.54, 0, 0, 14.5, 2.043, 181, 0, 0, 0, 62.231, 7.782, 7.706, 123.8, 50.063, 100, 0, 0, 30.5, 30.5, 10, 0.98, 104.847, 0, 0, 114, 39.293, 0, 0, 0, 0, 0, 13.6, 0, 14.5, 0, 2.043, 181, 0, 0, 0, 62.231, 1, 0.008, 0.008, 123.8, 50.063, 100, 0, 0, 141, 30.5, 30.5, 10, 0.98, 0, 104.847, 0, 0, 114, 39.293, 0, 0, 0, 0, 
10.55, 17.14, 100.33, 73.187, 73.97, , 1.153, 0.986, 623.821, 623.821, 2.046, 29.092, 29.092, 29.092, 52.096, 92.179, 35.938, 36.522, 7.38, 13.239, 0, 0, 3.011, 3.052, 3.011, 3.052, 1, 39.35, 39.35, 0.024, 0.139, 7.71, 7.82, 7.71, 7.82, 4.429, 7.38, 13.239, , , 1, 10.589, 0, 0, 14.5, 2.046, 181, 0, 0, 0, 62.43, 7.817, 7.72, 123.8, 49.989, 100, 0, 0, 30.5, 30.5, 10, 0.98, 105.145, 0, 0, 114, 39.417, 0, 0, 0, 0, 0, 13.6, 0, 14.5, 0, 2.046, 181, 0, 0, 0, 62.43, 1, 0.008, 0.008, 123.8, 49.989, 100, 0, 0, 141, 30.5, 30.5, 10, 0.98, 0, 105.145, 0, 0, 114, 39.417, 0, 0, 0, 0, 
10.6, 17.14, 100.33, 73.184, 73.969, , 1.126, 0.986, 626.704, 626.704, 2.048, 28.467, 28.467, 28.467, 52.092, 93.055, 36.01, 36.45, 7.379, 13.258, 0, 0, 2.951, 2.991, 2.951, 2.991, 1, 39.408, 39.408, 0.024, 0.139, 7.546, 7.652, 7.546, 7.652, 4.422, 7.379, 13.258, , , 1, 10.639, 0, 0, 14.5, 2.048, 181, 0, 0, 0, 62.629, 7.853, 7.734, 123.8, 49.916, 100, 0, 0, 30.5, 30.5, 10, 0.98, 105.444, 0, 0, 114, 39.54, 0, 0, 0, 0, 0, 13.6, 0, 14.5, 0, 2.048, 181, 0, 0, 0, 62.629, 1, 0.008, 0.008, 123.8, 49.916, 100, 0, 0, 141, 30.5, 30.5, 10, 0.98, 0, 105.444, 0, 0, 114, 39.54, 0, 0, 0, 0, 
10.65, 17.14, 100.33, 73.18, 73.968, , 1.109, 0.986, 629.588, 629.588, 2.051, 28.062, 28.062, 28.062, 52.091, 93.931, 36.082, 36.378, 7.379, 13.267, 0, 0, 2.912, 2.954, 2.912, 2.954, 1, 39.463, 39.463, 0.024, 0.138, 7.439, 7.543, 7.439, 7.543, 4.421, 7.379, 13.267, , , 1, 10.689, 0, 0, 14.5, 2.051, 181, 0, 0, 0, 62.829, 7.889, 7.748, 123.8, 49.842, 100, 0, 0, 30.5, 30.5, 10, 0.98, 105.743, 0, 0, 114, 39.664, 0, 0, 0, 0, 0, 13.6, 0, 14.5, 0, 2.051, 181, 0, 0, 0, 62.829, 1, 0.008, 0.008, 123.8, 49.842, 100, 0, 0, 141, 30.5, 30.5, 10, 0.98, 0, 105.743, 0, 0, 114, 39.664, 0, 0, 0, 0, 
10.7, 17.14, 100.33, 73.176, 73.968, , 1.048, 0.986, 632.472, 632.472, 2.053, 26.621, 26.621, 26.621, 52.093, 94.733, 36.097, 36.291, 7.378, 13.275, 0, 0, 2.766, 2.807, 2.766, 2.807, 1, 39.517, 39.517, 0.024, 0.138, 7.055, 7.154, 7.055, 7.154, 4.42, 7.378, 13.275, , , 1, 10.739, 0, 0, 14.5, 2.053, 181, 0, 0, 0, 63, 7.915, 7.756, 123.8, 49.769, 100, 0, 0, 30.514, 30.514, 10, 0.98, 105.959, 0, 0, 114.014, 39.77, 0, 0, 0, 0, 0, 13.6, 0, 14.5, 0, 2.053, 181, 0, 0, 0, 63, 1, 0.008, 0.008, 123.8, 49.769, 100, 0, 0, 141, 30.514, 30.514, 10, 0.98, 0, 105.959, 0, 0, 114.014, 39.77, 0, 0, 0, 0, 
10.75, 17.14, 100.33, 73.172, 73.967, , 0.966, 0.986, 635.356, 635.356, 2.057, 24.668, 24.668, 24.668, 52.104, 91.907, 35.881, 36.147, 7.378, 13.266, 0, 0, 2.567, 2.604, 2.567, 2.604, 1, 39.566, 39.566, 0.024, 0.138, 6.535, 6.628, 6.535, 6.628, 4.42, 7.378, 13.266, , , 1, 10.789, 0, 0, 14.5, 2.057, 181, 0, 0, 0, 63, 7.88, 7.725, 123.8, 49.697, 100, 0, 0, 30.611, 30.611, 10, 0.98, 105.667, 0, 0, 114.111, 39.77, 0, 0, 0, 0, 0, 13.6, 0, 14.5, 0, 2.057, 181, 0, 0, 0, 63, 1, 0.008, 0.008, 123.8, 49.697, 100, 0, 0, 141, 30.611, 30.611, 10, 0.98, 0, 105.667, 0, 0, 114.111, 39.77, 0, 0, 0, 0, 
10.8, 17.14, 100.33, 73.17, 73.966, , 0.851, 0.986, 638.238, 638.238, 2.06, 21.938, 21.938, 21.938, 52.119, 89.081, 35.665, 36.003, 7.377, 13.254, 0, 0, 2.286, 2.318, 2.286, 2.318, 1, 39.611, 39.611, 0.024, 0.138, 5.811, 5.893, 5.811, 5.893, 4.419, 7.377, 13.254, , , 1, 10.84, 0, 0, 14.5, 2.06, 181, 0, 0, 0, 63, 7.845, 7.693, 123.8, 49.625, 100, 0, 0, 30.708, 30.708, 10, 0.98, 105.375, 0, 0, 114.208, 39.77, 0, 0, 0, 0, 0, 13.6, 0, 14.5, 0, 2.06, 181, 0, 0, 0, 63, 1, 0.008, 0.008, 123.8, 49.625, 100, 0, 0, 141, 30.708, 30.708, 10, 0.98, 0, 105.375, 0, 0, 114.208, 39.77, 0, 0, 0, 0, 
10.85, 17.14, 100.329, 73.17, 73.965, , 0.757, 0.986, 641.137, 641.137, 2.063, 19.716, 19.716, 19.716, 52.137, 86.254, 35.449, 35.859, 7.377, 13.23, 0, 0, 2.056, 2.085, 2.056, 2.085, 1, 39.65, 39.65, 0.024, 0.138, 5.222, 5.295, 5.222, 5.295, 4.418, 7.377, 13.23, , , 1, 10.89, 0, 0, 14.5, 2.063, 181, 0, 0, 0, 63, 7.81, 7.662, 123.8, 49.553, 100, 0, 0, 30.805, 30.805, 10, 0.98, 105.084, 0, 0, 114.305, 39.77, 0, 0, 0, 0, 0, 13.6, 0, 14.5, 0, 2.063, 181, 0, 0, 0, 63, 1, 0.008, 0.008, 123.8, 49.553, 100, 0, 0, 141, 30.805, 30.805, 10, 0.98, 0, 105.084, 0, 0, 114.305, 39.77, 0, 0, 0, 0, 
10.9, 17.14, 100.329, 73.17, 73.965, , 0.688, 0.986, 644.055, 644.055, 2.066, 18.091, 18.091, 18.091, 52.157, 83.428, 35.233, 35.715, 7.377, 13.205, 0, 0, 1.887, 1.914, 1.887, 1.914, 1, 39.687, 39.687, 0.024, 0.137, 4.79, 4.858, 4.79, 4.858, 4.417, 7.377, 13.205, , , 1, 10.939, 0, 0, 14.5, 2.066, 181, 0, 0, 0, 63, 7.775, 7.631, 123.8, 49.482, 100, 0, 0, 30.903, 30.903, 10, 0.98, 104.792, 0, 0, 114.403, 39.77, 0, 0, 0, 0, 0, 13.6, 0, 14.5, 0, 2.066, 181, 0, 0, 0, 63, 1, 0.008, 0.008, 123.8, 49.482, 100, 0, 0, 141, 30.903, 30.903, 10, 0.98, 0, 104.792, 0, 0, 114.403, 39.77, 0, 0, 0, 0, 
10.95, 17.14, 100.329, 73.17, 73.964, , 0.626, 0.986, 646.973, 646.973, 2.069, 16.616, 16.616, 16.616, 52.178, 80.601, 35.031, 35.593, 7.377, 13.182, 0, 0, 1.734, 1.759, 1.734, 1.759, 1, 39.722, 39.722, 0.024, 0.137, 4.399, 4.46, 4.399, 4.46, 4.416, 7.377, 13.182, , , 1, 10.989, 0, 0, 14.5, 2.069, 181, 0, 0, 0, 63, 7.74, 7.6, 123.8, 49.41, 100, 0, 0, 31, 31, 10, 0.98, 104.5, 0, 0, 114.5, 39.77, 0, 0, 0, 0, 0, 13.6, 0, 14.5, 0, 2.069, 181, 0, 0, 0, 63, 1, 0.008, 0.008, 123.8, 49.41, 100, 0, 0, 141, 31, 31, 10, 0.98, 0, 104.5, 0, 0, 114.5, 39.77, 0, 0, 0, 0, 
11, 17.14, 100.328, 73.17, 73.963, , 0.571, 0.986, 650.257, 650.257, 2.071, 15.31, 15.31, 15.31, 52.199, 77.775, 34.887, 35.557, 7.378, 13.16, 0, 0, 1.599, 1.622, 1.599, 1.622, 1, 39.751, 39.751, 0.024, 0.137, 4.051, 4.107, 4.051, 4.107, 4.419, 7.378, 13.16, , , 1, 11.039, 0, 0, 14.5, 2.071, 181, 0, 0, 0, 62.808, 7.775, 7.631, 123.8, 49.339, 100, 0, 0, 31, 31, 10, 0.984, 104.788, 0, 0, 114.788, 39.77, 0, 0, 0, 0, 0, 13.6, 0, 14.5, 0, 2.071, 181, 0, 0, 0, 62.808, 1, 0.008, 0.008, 123.8, 49.339, 100, 0, 0, 141, 31, 31, 10, 0.984, 0, 104.788, 0, 0, 114.788, 39.77, 0, 0, 0, 0, 
11.05, 17.14, 100.328, 73.17, 73.962, , 0.533, 0.986, 654.582, 654.582, 2.074, 14.413, 14.413, 14.413, 52.219, 74.948, 34.743, 35.521, 7.378, 13.147, 0, 0, 1.506, 1.529, 1.506, 1.529, 1, 39.783, 39.783, 0.024, 0.136, 3.811, 3.865, 3.811, 3.865, 4.427, 7.378, 13.147, , , 1, 11.089, 0, 0, 14.5, 2.074, 181, 0, 0, 0, 62.615, 7.809, 7.662, 123.8, 49.268, 100, 0, 0, 31, 31, 10, 0.988, 105.077, 0, 0, 115.077, 39.77, 0, 0, 0, 0, 0, 13.6, 0, 14.5, 0, 2.074, 181, 0, 0, 0, 62.615, 1, 0.008, 0.008, 123.8, 49.268, 100, 0, 0, 141, 31, 31, 10, 0.988, 0, 105.077, 0, 0, 115.077, 39.77, 0, 0, 0, 0, 
11.1, 17.14, 100.328, 73.17, 73.962, , 0.476, 0.986, 658.007, 658.007, 2.076, 13.058, 13.058, 13.058, 52.239, 72.122, 34.599, 35.485, 7.379, 13.137, 0, 0, 1.366, 1.386, 1.366, 1.386, 1, 39.819, 39.819, 0.024, 0.136, 3.451, 3.5, 3.451, 3.5, 4.435, 7.379, 13.137, , , 1, 11.14, 0, 0, 14.5, 2.076, 181, 0, 0, 0, 62.423, 7.844, 7.692, 123.8, 49.197, 100, 0, 0, 31, 31, 10, 0.992, 105.365, 0, 0, 115.365, 39.77, 0, 0, 0, 0, 0, 13.6, 0, 14.5, 0, 2.076, 181, 0, 0, 0, 62.423, 1, 0.008, 0.008, 123.8, 49.197, 100, 0, 0, 141, 31, 31, 10, 0.992, 0, 105.365, 0, 0, 115.365, 39.77, 0, 0, 0, 0, 
11.15, 17.14, 100.327, 73.17, 73.961, , 0.407, 0.986, 660.925, 660.925, 2.078, 11.423, 11.423, 11.423, 52.252, 69.295, 34.455, 35.449, 7.379, 13.136, 0, 0, 1.196, 1.213, 1.196, 1.213, 1, 39.842, 39.842, 0.024, 0.136, 3.017, 3.062, 3.017, 3.062, 4.443, 7.379, 13.136, , , 1, 11.19, 0, 0, 14.5, 2.078, 181, 0, 0, 0, 62.231, 7.878, 7.723, 123.8, 49.125, 100, 0, 0, 31, 31, 10, 0.995, 105.654, 0, 0, 115.654, 39.77, 0, 0, 0, 0, 0, 13.6, 0, 14.5, 0, 2.078, 181, 0, 0, 0, 62.231, 1, 0.008, 0.008, 123.8, 49.125, 100, 0, 0, 141, 31, 31, 10, 0.995, 0, 105.654, 0, 0, 115.654, 39.77, 0, 0, 0, 0, 
11.2, 17.14, 100.327, 73.17, 73.96, , 0.315, 0.986, 663.844, 663.844, 2.081, 9.243, 9.243, 9.243, 52.263, 66.469, 34.376, 35.391, 7.38, 13.137, 0, 0, 0.968, 0.982, 0.968, 0.982, 1, 39.861, 39.861, 0.024, 0.136, 2.44, 2.477, 2.44, 2.477, 4.447, 7.38, 13.137, , , 1, 11.24, 0, 0, 14.5, 2.081, 181, 0, 0, 0, 62.038, 7.913, 7.754, 123.8, 49.054, 100, 0, 0, 31, 31, 10, 0.999, 105.942, 0, 0, 115.942, 39.77, 0, 0, 0, 0, 0, 13.6, 0, 14.5, 0, 2.081, 181, 0, 0, 0, 62.038, 1, 0.008, 0.008, 123.8, 49.054, 100, 0, 0, 141, 31, 31, 10, 0.999, 0, 105.942, 0, 0, 115.942, 39.77, 0, 0, 0, 0, 
11.25, 17.141, 100.326, 73.17, 73.961, , 0.227, 0.986, 666.763, 666.763, 2.082, 7.149, 7.149, 7.149, 52.276, 63.642, 34.556, 35.247, 7.38, 13.137, 0, 0, 0.749, 0.76, 0.749, 0.76, 1, 39.875, 39.875, 0.024, 0.136, 1.887, 1.916, 1.887, 1.916, 4.441, 7.38, 13.137, , , 1, 11.29, 0, 0, 14.5, 2.082, 181, 0, 0, 0, 61.923, 7.902, 7.743, 123.8, 49.097, 100, 0, 0, 31, 31, 9.923, 0.998, 105.885, 0, 0, 116, 39.865, 0, 0, 0, 0, 0, 13.615, 0, 14.5, 0, 2.082, 181, 0, 0, 0, 61.923, 1, 0.008, 0.008, 123.8, 49.097, 100, 0, 0, 141, 31, 31, 9.923, 0.998, 0, 105.885, 0, 0, 116, 39.865, 0, 0, 0, 0, 
11.3, 17.142, 100.326, 73.17, 73.962, , 0.144, 0.986, 669.681, 669.681, 2.083, 5.165, 5.165, 5.165, 52.289, 60.816, 34.736, 35.103, 7.379, 13.137, 0, 0, 0.543, 0.549, 0.543, 0.549, 1, 39.884, 39.884, 0.024, 0.137, 1.364, 1.385, 1.364, 1.385, 4.434, 7.379, 13.137, , , 1, 11.34, 0, 0, 14.5, 2.083, 181, 0, 0, 0, 61.827, 7.878, 7.722, 123.8, 49.168, 100, 0, 0, 31, 31, 9.827, 0.997, 105.74, 0, 0, 116, 39.985, 0, 0, 0, 0, 0, 13.635, 0, 14.5, 0, 2.083, 181, 0, 0, 0, 61.827, 1, 0.008, 0.008, 123.8, 49.168, 100, 0, 0, 141, 31, 31, 9.827, 0.997, 0, 105.74, 0, 0, 116, 39.985, 0, 0, 0, 0, 
11.35, 17.143, 100.326, 73.17, 73.962, , 0.003, 0.986, 672.6, 672.6, 2.085, 1.825, 1.825, 1.825, 52.304, 57.989, 34.916, 34.959, 7.379, 13.134, 0, 0, 0.192, 0.193, 0.192, 0.193, 1, 39.89, 39.89, 0.024, 0.137, 0.482, 0.49, 0.482, 0.49, 4.428, 7.379, 13.134, , , 1, 11.389, 0, 0, 14.5, 2.085, 181, 0, 0, 0, 61.731, 7.855, 7.701, 123.8, 49.239, 100, 0, 0, 31, 31, 9.731, 0.995, 105.596, 0, 0, 116, 40.104, 0, 0, 0, 0, 0, 13.654, 0, 14.5, 0, 2.085, 181, 0, 0, 0, 61.731, 1, 0.008, 0.008, 123.8, 49.239, 100, 0, 0, 141, 31, 31, 9.731, 0.995, 0, 105.596, 0, 0, 116, 40.104, 0, 0, 0, 0, 
11.4, 17.145, 100.325, 73.17, 73.963, , -0.148, 0.986, 675.527, 675.527, 2.086, -1.751, -1.751, -1.751, 52.329, 55.163, 35.096, 34.815, 7.378, 13.129, 0, 0, -0.183, -0.187, -0.183, -0.187, 1, 39.885, 39.885, 0.024, 0.137, -0.461, -0.467, -0.461, -0.467, 4.424, 7.378, 13.129, , , 1, 11.44, 0, 0, 14.5, 2.086, 181, 0, 0, 0, 61.635, 7.832, 7.68, 123.8, 49.31, 100, 0, 0, 31, 31, 9.635, 0.993, 105.452, 0, 0, 116, 40.223, 0, 0, 0, 0, 0, 13.673, 0, 14.5, 0, 2.086, 181, 0, 0, 0, 61.635, 1, 0.008, 0.008, 123.8, 49.31, 100, 0, 0, 141, 31, 31, 9.635, 0.993, 0, 105.452, 0, 0, 116, 40.223, 0, 0, 0, 0, 
11.45, 17.146, 100.325, 73.17, 73.964, , -0.296, 0.986, 678.483, 678.483, 2.087, -5.254, -5.254, -5.254, 52.358, 52.336, 35.233, 34.743, 7.378, 13.119, 0, 0, -0.55, -0.559, -0.55, -0.559, 1, 39.875, 39.875, 0.024, 0.137, -1.384, -1.404, -1.384, -1.404, 4.427, 7.378, 13.119, , , 1, 11.49, 0, 0, 14.5, 2.087, 181, 0, 0, 0, 61.538, 7.809, 7.658, 123.8, 49.382, 100, 0, 0, 31, 31, 9.538, 0.991, 105.308, 0, 0, 116, 40.342, 0, 0, 0, 0, 0, 13.692, 0, 14.5, 0, 2.087, 181, 0, 0, 0, 61.538, 1, 0.008, 0.008, 123.8, 49.382, 100, 0, 0, 141, 31, 31, 9.538, 0.991, 0, 105.308, 0, 0, 116, 40.342, 0, 0, 0, 0, 
11.5, 17.147, 100.324, 73.17, 73.965, , -0.516, 0.986, 681.414, 681.414, 2.088, -10.485, -10.485, -10.485, 52.39, 49.51, 35.197, 34.959, 7.377, 13.107, 0, 0, -1.097, -1.113, -1.097, -1.113, 1, 39.857, 39.857, 0.024, 0.138, -2.759, -2.799, -2.759, -2.799, 4.429, 7.377, 13.107, , , 1, 11.539, 0, 0, 14.5, 2.088, 181, 0, 0, 0, 61.435, 7.807, 7.656, 123.8, 49.41, 100, 0, 0, 31, 31, 9.5, 0.991, 105.347, 0, 0, 116, 40.35, 0, 0, 0, 0, 0, 13.7, 0, 14.5, 0, 2.088, 181, 0, 0, 0, 61.435, 1, 0.008, 0.008, 123.8, 49.41, 100, 0, 0, 141, 31, 31, 9.5, 0.991, 0, 105.347, 0, 0, 116, 40.35, 0, 0, 0, 0, 
11.55, 17.148, 100.324, 73.17, 73.965, , -0.766, 0.986, 684.246, 684.246, 2.088, -16.413, -16.413, -16.413, 52.438, 46.684, 35.161, 35.175, 7.377, 13.098, 0, 0, -1.716, -1.741, -1.716, -1.741, 1, 39.823, 39.823, 0.024, 0.138, -4.315, -4.379, -4.315, -4.379, 4.432, 7.377, 13.098, , , 1, 11.589, 0, 0, 14.5, 2.088, 181, 0, 0, 0, 61.328, 7.819, 7.667, 123.8, 49.41, 100, 0, 0, 31, 31, 9.5, 0.993, 105.509, 0, 0, 116, 40.284, 0, 0, 0, 0, 0, 13.7, 0, 14.5, 0, 2.088, 181, 0, 0, 0, 61.328, 1, 0.008, 0.008, 123.8, 49.41, 100, 0, 0, 141, 31, 31, 9.5, 0.993, 0, 105.509, 0, 0, 116, 40.284, 0, 0, 0, 0, 
11.6, 17.149, 100.324, 73.17, 73.966, , -0.887, 0.986, 685.704, 685.704, 2.088, -19.29, -19.29, -19.29, 52.482, 43.857, 35.125, 35.391, 7.377, 13.089, 0, 0, -2.017, -2.045, -2.017, -2.045, 1, 39.79, 39.79, 0.024, 0.138, -5.072, -5.146, -5.072, -5.146, 4.438, 7.377, 13.089, , , 1, 11.639, 0, 0, 14.5, 2.088, 181, 0, 0, 0, 61.22, 7.831, 7.678, 123.8, 49.41, 100, 0, 0, 31, 31, 9.5, 0.996, 105.67, 0, 0, 116, 40.217, 0, 0, 0, 0, 0, 13.7, 0, 14.5, 0, 2.088, 181, 0, 0, 0, 61.22, 1, 0.008, 0.008, 123.8, 49.41, 100, 0, 0, 141, 31, 31, 9.5, 0.996, 0, 105.67, 0, 0, 116, 40.217, 0, 0, 0, 0, 
11.65, 17.15, 100.323, 73.17, 73.967, , -1.089, 0.986, 687.835, 687.835, 2.088, -24.082, -24.082, -24.082, 52.508, 41.031, 35.089, 35.607, 7.377, 13.087, 0, 0, -2.515, -2.551, -2.515, -2.551, 1, 39.773, 39.773, 0.024, 0.138, -6.327, -6.419, -6.327, -6.419, 4.453, 7.377, 13.087, , , 1, 11.689, 0, 0, 14.5, 2.088, 181, 0, 0, 0, 61.112, 7.842, 7.689, 123.8, 49.41, 100, 0, 0, 31, 31, 9.5, 0.998, 105.832, 0, 0, 116, 40.151, 0, 0, 0, 0, 0, 13.7, 0, 14.5, 0, 2.088, 181, 0, 0, 0, 61.112, 1, 0.008, 0.008, 123.8, 49.41, 100, 0, 0, 141, 31, 31, 9.5, 0.998, 0, 105.832, 0, 0, 116, 40.151, 0, 0, 0, 0, 
11.7, 17.151, 100.323, 73.17, 73.968, , -1.386, 0.986, 690.755, 690.755, 2.088, -31.121, -31.121, -31.121, 52.57, 47.658, 35.038, 35.838, 7.377, 13.089, 0, 0, -3.245, -3.293, -3.245, -3.293, 1, 39.719, 39.719, 0.024, 0.138, -8.169, -8.285, -8.169, -8.285, 4.468, 7.377, 13.089, , , 1, 11.739, 0, 0, 14.5, 2.088, 181, 0, 0, 0, 61.004, 7.854, 7.699, 123.8, 49.41, 100, 0, 0, 31, 31, 9.5, 1, 105.994, 0, 0, 116, 40.084, 0, 0, 0, 0, 0, 13.7, 0, 14.5, 0, 2.088, 181, 0, 0, 0, 61.004, 1, 0.008, 0.008, 123.8, 49.41, 100, 0, 0, 141, 31, 31, 9.5, 1, 0, 105.994, 0, 0, 116, 40.084, 0, 0, 0, 0, 
11.75, 17.153, 100.323, 73.17, 73.968, , -1.652, 0.986, 693.674, 693.674, 2.087, -37.44, -37.44, -37.44, 52.652, 55.008, 34.93, 36.126, 7.377, 13.093, 0, 0, -3.897, -3.956, -3.897, -3.956, 1, 39.644, 39.644, 0.024, 0.137, -9.812, -9.953, -9.812, -9.953, 4.483, 7.377, 13.093, , , 1, 11.789, 0, 0, 14.5, 2.087, 181, 0, 0, 0, 61.199, 7.854, 7.7, 123.8, 49.41, 100, 0, 0, 31, 31, 9.6, 1, 106, 0, 0, 116, 40.019, 0, 0, 0, 0, 0, 13.7, 0, 14.5, 0, 2.087, 181, 0, 0, 0, 61.199, 1, 0.008, 0.008, 123.8, 49.41, 100, 0, 0, 141, 31, 31, 9.6, 1, 0, 106, 0, 0, 116, 40.019, 0, 0, 0, 0, 
11.8, 17.154, 100.322, 73.17, 73.969, , -1.879, 0.986, 696.583, 696.583, 2.087, -42.82, -42.82, -42.82, 52.739, 55.809, 34.822, 36.414, 7.377, 13.1, 0, 0, -4.449, -4.517, -4.449, -4.517, 1, 39.551, 39.551, 0.024, 0.137, -11.206, -11.369, -11.206, -11.369, 4.498, 7.377, 13.1, , , 1, 11.839, 0, 0, 14.5, 2.087, 181, 0, 0, 0, 61.407, 7.853, 7.7, 123.8, 49.41, 100, 0, 0, 31, 31, 9.704, 1, 106, 0, 0, 116, 39.955, 0, 0, 0, 0, 0, 13.7, 0, 14.5, 0, 2.087, 181, 0, 0, 0, 61.407, 1, 0.008, 0.008, 123.8, 49.41, 100, 0, 0, 141, 31, 31, 9.704, 1, 0, 106, 0, 0, 116, 39.955, 0, 0, 0, 0, 
11.85, 17.155, 100.322, 73.17, 73.97, , -2.007, 0.986, 699.465, 699.465, 2.087, -45.857, -45.857, -45.857, 52.818, 56.61, 34.714, 36.702, 7.377, 13.106, 0, 0, -4.754, -4.826, -4.754, -4.826, 1, 39.453, 39.453, 0.024, 0.137, -11.983, -12.159, -11.983, -12.159, 4.5, 7.377, 13.106, , , 1, 11.89, 0, 0, 14.5, 2.087, 181, 0, 0, 0, 61.614, 7.852, 7.7, 123.8, 49.41, 100, 0, 0, 31, 31, 9.808, 1, 106, 0, 0, 116, 39.89, 0, 0, 0, 0, 0, 13.7, 0, 14.5, 0, 2.087, 181, 0, 0, 0, 61.614, 1, 0.008, 0.008, 123.8, 49.41, 100, 0, 0, 141, 31, 31, 9.808, 1, 0, 106, 0, 0, 116, 39.89, 0, 0, 0, 0, 
11.9, 17.156, 100.321, 73.17, 73.971, , -2.09, 0.986, 702.37, 702.37, 2.086, -47.837, -47.837, -47.837, 52.886, 57.41, 34.606, 36.99, 7.378, 13.113, 0, 0, -4.947, -5.021, -4.947, -5.021, 1, 39.35, 39.35, 0.024, 0.137, -12.486, -12.67, -12.486, -12.67, 4.501, 7.378, 13.113, , , 1, 11.94, 0, 0, 14.5, 2.086, 181, 0, 0, 0, 61.822, 7.851, 7.7, 123.8, 49.41, 100, 0, 0, 31, 31, 9.912, 1, 106, 0, 0, 116, 39.826, 0, 0, 0, 0, 0, 13.7, 0, 14.5, 0, 2.086, 181, 0, 0, 0, 61.822, 1, 0.008, 0.008, 123.8, 49.41, 100, 0, 0, 141, 31, 31, 9.912, 1, 0, 106, 0, 0, 116, 39.826, 0, 0, 0, 0, 
11.95, 17.157, 100.321, 73.17, 73.971, , -2.149, 0.986, 705.287, 705.287, 2.085, -49.227, -49.227, -49.227, 52.933, 58.211, 34.563, 37.162, 7.378, 13.117, 0, 0, -5.079, -5.152, -5.079, -5.152, 1, 39.243, 39.243, 0.024, 0.137, -12.835, -13.026, -12.835, -13.026, 4.503, 7.378, 13.117, , , 1, 11.989, 0, 0, 14.5, 2.085, 181, 0, 0, 0, 62, 7.852, 7.702, 123.8, 49.41, 100, 0, 0, 30.986, 30.986, 10, 0.999, 106, 0, 0, 116, 39.753, 0, 0, 0, 0, 0, 13.7, 0, 14.5, 0, 2.085, 181, 0, 0, 0, 62, 1, 0.008, 0.008, 123.8, 49.41, 100, 0, 0, 141, 30.986, 30.986, 10, 0.999, 0, 106, 0, 0, 116, 39.753, 0, 0, 0, 0, 
12, 17.158, 100.321, 73.17, 73.972, , -2.212, 0.986, 708.171, 708.171, 2.081, -50.731, -50.731, -50.731, 52.973, 59.012, 34.779, 36.874, 7.379, 13.119, 0, 0, -5.219, -5.294, -5.219, -5.294, 1, 39.135, 39.135, 0.024, 0.137, -13.22, -13.414, -13.22, -13.414, 4.504, 7.379, 13.119, , , 1, 12.039, 0, 0, 14.5, 2.081, 181, 0, 0, 0, 62, 7.863, 7.713, 123.8, 49.41, 100, 0, 0, 30.89, 30.89, 10, 0.996, 106, 0, 0, 116, 39.633, 0, 0, 0, 0, 0, 13.7, 0, 14.5, 0, 2.081, 181, 0, 0, 0, 62, 1, 0.008, 0.008, 123.8, 49.41, 100, 0, 0, 141, 30.89, 30.89, 10, 0.996, 0, 106, 0, 0, 116, 39.633, 0, 0, 0, 0, 
12.05, 17.159, 100.32, 73.17, 73.973, , -2.24, 0.986, 711.04, 711.04, 2.076, -51.4, -51.4, -51.4, 52.999, 59.813, 34.995, 36.586, 7.379, 13.126, 0, 0, -5.273, -5.348, -5.273, -5.348, 1, 39.022, 39.022, 0.024, 0.136, -13.389, -13.585, -13.389, -13.585, 4.515, 7.379, 13.126, , , 1, 12.089, 0, 0, 14.5, 2.076, 181, 0, 0, 0, 62, 7.875, 7.725, 123.8, 49.41, 100, 0, 0, 30.793, 30.793, 10, 0.992, 106, 0, 0, 116, 39.513, 0, 0, 0, 0, 0, 13.7, 0, 14.5, 0, 2.076, 181, 0, 0, 0, 62, 1, 0.008, 0.008, 123.8, 49.41, 100, 0, 0, 141, 30.793, 30.793, 10, 0.992, 0, 106, 0, 0, 116, 39.513, 0, 0, 0, 0, 
12.1, 17.161, 100.32, 73.17, 73.974, , -2.22, 0.986, 713.887, 713.887, 2.071, -50.916, -50.916, -50.916, 53.012, 60.613, 35.211, 36.298, 7.38, 13.135, 0, 0, -5.208, -5.281, -5.208, -5.281, 1, 38.909, 38.909, 0.024, 0.136, -13.259, -13.452, -13.259, -13.452, 4.528, 7.38, 13.135, , , 1, 12.139, 0, 0, 14.5, 2.071, 181, 0, 0, 0, 62, 7.887, 7.737, 123.8, 49.41, 100, 0, 0, 30.696, 30.696, 10, 0.988, 106, 0, 0, 116, 39.393, 0, 0, 0, 0, 0, 13.7, 0, 14.5, 0, 2.071, 181, 0, 0, 0, 62, 1, 0.008, 0.008, 123.8, 49.41, 100, 0, 0, 141, 30.696, 30.696, 10, 0.988, 0, 106, 0, 0, 116, 39.393, 0, 0, 0, 0, 
12.15, 17.162, 100.32, 73.17, 73.974, , -2.204, 0.986, 716.762, 716.762, 2.067, -50.539, -50.539, -50.539, 53.017, 61.414, 35.427, 36.01, 7.38, 13.148, 0, 0, -5.155, -5.228, -5.155, -5.228, 1, 38.796, 38.796, 0.024, 0.136, -13.161, -13.353, -13.161, -13.353, 4.54, 7.38, 13.148, , , 1, 12.189, 0, 0, 14.5, 2.067, 181, 0, 0, 0, 62, 7.898, 7.748, 123.8, 49.41, 100, 0, 0, 30.599, 30.599, 10, 0.984, 106, 0, 0, 116, 39.273, 0, 0, 0, 0, 0, 13.7, 0, 14.5, 0, 2.067, 181, 0, 0, 0, 62, 1, 0.008, 0.008, 123.8, 49.41, 100, 0, 0, 141, 30.599, 30.599, 10, 0.984, 0, 106, 0, 0, 116, 39.273, 0, 0, 0, 0, 
12.2, 17.163, 100.321, 73.17, 73.975, , -2.193, 0.986, 719.638, 719.638, 2.062, -50.283, -50.283, -50.283, 52.997, 62.215, 35.578, 35.73, 7.38, 13.165, 0, 0, -5.115, -5.188, -5.115, -5.188, 1, 38.686, 38.686, 0.024, 0.135, -13.097, -13.287, -13.097, -13.287, 4.553, 7.38, 13.165, , , 1, 12.24, 0, 0, 14.5, 2.062, 181, 0, 0, 0, 62, 7.91, 7.76, 123.8, 49.41, 100, 0, 0, 30.502, 30.502, 10, 0.98, 106, 0, 0, 116, 39.152, 0, 0, 0, 0, 0, 13.7, 0, 14.5, 0, 2.062, 181, 0, 0, 0, 62, 1, 0.008, 0.008, 123.8, 49.41, 100, 0, 0, 141, 30.502, 30.502, 10, 0.98, 0, 106, 0, 0, 116, 39.152, 0, 0, 0, 0, 
12.25, 17.164, 100.321, 73.17, 73.976, , -2.202, 0.986, 722.485, 722.485, 2.055, -50.508, -50.508, -50.508, 52.976, 63.015, 35.47, 35.478, 7.38, 13.183, 0, 0, -5.123, -5.196, -5.123, -5.196, 1, 38.576, 38.576, 0.024, 0.135, -13.164, -13.354, -13.164, -13.354, 4.558, 7.38, 13.183, , , 1, 12.29, 0, 0, 14.5, 2.055, 181, 0, 0, 0, 62, 7.922, 7.78, 123.8, 49.56, 100, 0, 0, 30.5, 30.5, 10, 0.984, 106, 0, 0, 115.899, 39.025, 0, 0, 0, 0, 0, 13.7, 0, 14.5, 0, 2.055, 181, 0, 0, 0, 62, 1, 0.008, 0.008, 123.8, 49.56, 100, 0, 0, 141, 30.5, 30.5, 10, 0.984, 0, 106, 0, 0, 115.899, 39.025, 0, 0, 0, 0, 
12.3, 17.165, 100.322, 73.17, 73.977, , -2.202, 0.986, 725.315, 725.315, 2.048, -50.511, -50.511, -50.511, 52.954, 63.816, 35.362, 35.226, 7.38, 13.202, 0, 0, -5.108, -5.182, -5.108, -5.182, 1, 38.465, 38.465, 0.024, 0.135, -13.17, -13.359, -13.17, -13.359, 4.556, 7.38, 13.202, , , 1, 12.339, 0, 0, 14.5, 2.048, 181, 0, 0, 0, 62, 7.934, 7.801, 123.8, 49.713, 100, 0, 0, 30.5, 30.5, 10, 0.988, 106, 0, 0, 115.796, 38.897, 0, 0, 0, 0, 0, 13.7, 0, 14.5, 0, 2.048, 181, 0, 0, 0, 62, 1, 0.008, 0.008, 123.8, 49.713, 100, 0, 0, 141, 30.5, 30.5, 10, 0.988, 0, 106, 0, 0, 115.796, 38.897, 0, 0, 0, 0, 
12.35, 17.166, 100.322, 73.17, 73.978, , -2.193, 0.986, 728.129, 728.129, 2.041, -50.294, -50.294, -50.294, 52.94, 64.617, 35.254, 34.974, 7.38, 13.218, 0, 0, -5.072, -5.145, -5.072, -5.145, 1, 38.355, 38.355, 0.024, 0.135, -13.117, -13.304, -13.117, -13.304, 4.554, 7.38, 13.218, , , 1, 12.39, 0, 0, 14.5, 2.041, 181, 0, 0, 0, 62, 7.947, 7.821, 123.8, 49.866, 100, 0, 0, 30.5, 30.5, 10, 0.992, 106, 0, 0, 115.693, 38.77, 0, 0, 0, 0, 0, 13.7, 0, 14.5, 0, 2.041, 181, 0, 0, 0, 62, 1, 0.008, 0.008, 123.8, 49.866, 100, 0, 0, 141, 30.5, 30.5, 10, 0.992, 0, 106, 0, 0, 115.693, 38.77, 0, 0, 0, 0, 
12.4, 17.167, 100.322, 73.17, 73.978, , -2.208, 0.986, 730.942, 730.942, 2.034, -50.643, -50.643, -50.643, 52.93, 65.418, 35.146, 34.722, 7.38, 13.23, 0, 0, -5.093, -5.166, -5.093, -5.166, 1, 38.246, 38.246, 0.024, 0.135, -13.21, -13.397, -13.21, -13.397, 4.552, 7.38, 13.23, , , 1, 12.44, 0, 0, 14.5, 2.034, 181, 0, 0, 0, 62, 7.959, 7.842, 123.8, 50.019, 100, 0, 0, 30.5, 30.5, 10, 0.996, 106, 0, 0, 115.591, 38.642, 0, 0, 0, 0, 0, 13.7, 0, 14.5, 0, 2.034, 181, 0, 0, 0, 62, 1, 0.008, 0.008, 123.8, 50.019, 100, 0, 0, 141, 30.5, 30.5, 10, 0.996, 0, 106, 0, 0, 115.591, 38.642, 0, 0, 0, 0, 
12.45, 17.169, 100.323, 73.17, 73.979, , -2.217, 0.986, 733.755, 733.755, 2.027, -50.856, -50.856, -50.856, 52.938, 66.218, 35.089, 34.513, 7.38, 13.238, 0, 0, -5.099, -5.172, -5.099, -5.172, 1, 38.133, 38.133, 0.024, 0.136, -13.266, -13.452, -13.266, -13.452, 4.547, 7.38, 13.238, , , 1, 12.489, 0, 0, 14.5, 2.027, 181, 0, 0, 0, 62, 7.975, 7.862, 123.8, 50.18, 100, 0, 0, 30.482, 30.482, 10, 1, 105.994, 0, 0, 115.488, 38.515, 0, 0, 0, 0, 0, 13.7, 0, 14.5, 0, 2.027, 181, 0, 0, 0, 62, 1, 0.008, 0.008, 123.8, 50.18, 100, 0, 0, 141, 30.482, 30.482, 10, 1, 0, 105.994, 0, 0, 115.488, 38.515, 0, 0, 0, 0, 
12.5, 17.17, 100.323, 73.17, 73.98, , -2.187, 0.986, 736.568, 736.568, 2.019, -50.151, -50.151, -50.151, 52.946, 67.019, 35.233, 34.477, 7.379, 13.24, 0, 0, -5.013, -5.084, -5.013, -5.084, 1, 38.023, 38.023, 0.024, 0.136, -13.079, -13.263, -13.079, -13.263, 4.533, 7.379, 13.24, , , 1, 12.539, 0, 0, 14.5, 2.019, 181, 0, 0, 0, 62, 8.018, 7.881, 123.8, 50.395, 100, 0, 0, 30.337, 30.337, 10, 1, 105.946, 0, 0, 115.391, 38.393, 0, 0, 0, 0, 0, 13.7, 0, 14.5, 0, 2.019, 181, 0, 0, 0, 62, 1, 0.008, 0.008, 123.8, 50.395, 100, 0, 0, 141, 30.337, 30.337, 10, 1, 0, 105.946, 0, 0, 115.391, 38.393, 0, 0, 0, 0, 
12.55, 17.171, 100.324, 73.17, 73.979, , -2.164, 0.986, 739.363, 739.363, 2.01, -49.617, -49.617, -49.617, 52.954, 67.82, 35.377, 34.441, 7.379, 13.239, 0, 0, -4.945, -5.014, -4.945, -5.014, 1, 37.915, 37.915, 0.024, 0.136, -12.939, -13.121, -12.939, -13.121, 4.518, 7.379, 13.239, , , 1, 12.59, 0, 0, 14.5, 2.01, 181, 0, 0, 0, 62, 8.061, 7.899, 123.8, 50.61, 100, 0, 0, 30.191, 30.191, 10, 1, 105.897, 0, 0, 115.294, 38.27, 0, 0, 0, 0, 0, 13.7, 0, 14.5, 0, 2.01, 181, 0, 0, 0, 62, 1, 0.008, 0.008, 123.8, 50.61, 100, 0, 0, 141, 30.191, 30.191, 10, 1, 0, 105.897, 0, 0, 115.294, 38.27, 0, 0, 0, 0, 
12.6, 17.171, 100.324, 73.17, 73.979, , -2.148, 0.986, 742.142, 742.142, 2.002, -49.228, -49.228, -49.228, 52.954, 68.62, 35.521, 34.405, 7.379, 13.234, 0, 0, -4.894, -4.961, -4.894, -4.961, 1, 37.807, 37.807, 0.024, 0.136, -12.837, -13.018, -12.837, -13.018, 4.504, 7.379, 13.234, , , 1, 12.639, 0, 0, 14.5, 2.002, 181, 0, 0, 0, 62, 8.104, 7.918, 123.8, 50.825, 100, 0, 0, 30.045, 30.045, 10, 1, 105.848, 0, 0, 115.196, 38.148, 0, 0, 0, 0, 0, 13.7, 0, 14.5, 0, 2.002, 181, 0, 0, 0, 62, 1, 0.008, 0.008, 123.8, 50.825, 100, 0, 0, 141, 30.045, 30.045, 10, 1, 0, 105.848, 0, 0, 115.196, 38.148, 0, 0, 0, 0, 
12.65, 17.172, 100.324, 73.17, 73.978, , -2.158, 0.986, 744.923, 744.923, 1.994, -49.48, -49.48, -49.48, 52.95, 69.421, 35.665, 34.369, 7.379, 13.227, 0, 0, -4.905, -4.972, -4.905, -4.972, 1, 37.698, 37.698, 0.024, 0.137, -12.905, -13.087, -12.905, -13.087, 4.49, 7.379, 13.227, , , 1, 12.69, 0, 0, 14.5, 1.994, 181, 0, 0, 0, 62, 8.146, 7.936, 123.8, 51.041, 100, 0, 0, 29.899, 29.899, 10, 1, 105.8, 0, 0, 115.099, 38.025, 0, 0, 0, 0, 0, 13.7, 0, 14.5, 0, 1.994, 181, 0, 0, 0, 62, 1, 0.008, 0.008, 123.8, 51.041, 100, 0, 0, 141, 29.899, 29.899, 10, 1, 0, 105.8, 0, 0, 115.099, 38.025, 0, 0, 0, 0, 
12.7, 17.173, 100.325, 73.17, 73.977, , -2.167, 0.986, 747.704, 747.704, 1.986, -49.677, -49.677, -49.677, 52.938, 70.222, 35.794, 34.389, 7.379, 13.217, 0, 0, -4.911, -4.978, -4.911, -4.978, 1, 37.589, 37.589, 0.024, 0.137, -12.959, -13.142, -12.959, -13.142, 4.486, 7.379, 13.217, , , 1, 12.74, 0, 0, 14.5, 1.986, 181, 0, 0, 0, 62, 8.189, 7.955, 123.8, 51.256, 100, 0, 0, 29.753, 29.753, 10, 1, 105.751, 0, 0, 115.002, 37.902, 0, 0, 0, 0, 0, 13.7, 0, 14.5, 0, 1.986, 181, 0, 0, 0, 62, 1, 0.008, 0.008, 123.8, 51.256, 100, 0, 0, 141, 29.753, 29.753, 10, 1, 0, 105.751, 0, 0, 115.002, 37.902, 0, 0, 0, 0, 
12.75, 17.174, 100.325, 73.17, 73.976, , -2.144, 0.986, 750.485, 750.485, 1.982, -49.139, -49.139, -49.139, 52.925, 71.023, 35.864, 34.633, 7.379, 13.205, 0, 0, -4.845, -4.911, -4.845, -4.911, 1, 37.48, 37.48, 0.024, 0.136, -12.824, -13.005, -12.824, -13.005, 4.482, 7.379, 13.205, , , 1, 12.79, 0, 0, 14.5, 1.982, 181, 0, 0, 0, 62, 8.198, 7.948, 123.8, 51.336, 100, 0, 0, 29.699, 29.699, 10, 1, 105.699, 0, 0, 114.897, 37.9, 0, 0, 0, 0, 0, 13.7, 0, 14.5, 0, 1.982, 181, 0, 0, 0, 62, 1, 0.008, 0.008, 123.8, 51.336, 100, 0, 0, 141, 29.699, 29.699, 10, 1, 0, 105.699, 0, 0, 114.897, 37.9, 0, 0, 0, 0, 
12.8, 17.174, 100.325, 73.17, 73.976, , -2.107, 0.986, 753.248, 753.248, 1.979, -48.266, -48.266, -48.266, 52.912, 71.823, 35.933, 34.877, 7.38, 13.192, 0, 0, -4.745, -4.812, -4.745, -4.812, 1, 37.372, 37.372, 0.024, 0.136, -12.599, -12.777, -12.599, -12.777, 4.478, 7.38, 13.192, , , 1, 12.839, 0, 0, 14.5, 1.979, 181, 0, 0, 0, 62, 8.207, 7.941, 123.8, 51.413, 100, 0, 0, 29.646, 29.646, 10, 1, 105.646, 0, 0, 114.793, 37.9, 0, 0, 0, 0, 0, 13.7, 0, 14.5, 0, 1.979, 181, 0, 0, 0, 62, 1, 0.008, 0.008, 123.8, 51.413, 100, 0, 0, 141, 29.646, 29.646, 10, 1, 0, 105.646, 0, 0, 114.793, 37.9, 0, 0, 0, 0, 
12.85, 17.175, 100.326, 73.17, 73.975, , -2.055, 0.986, 755.995, 755.995, 1.976, -47.028, -47.028, -47.028, 52.903, 72.624, 36.003, 35.121, 7.38, 13.182, 0, 0, -4.61, -4.677, -4.61, -4.677, 1, 37.268, 37.268, 0.024, 0.136, -12.278, -12.452, -12.278, -12.452, 4.474, 7.38, 13.182, , , 1, 12.889, 0, 0, 14.5, 1.976, 181, 0, 0, 0, 62, 8.215, 7.933, 123.8, 51.491, 100, 0, 0, 29.594, 29.594, 10, 1, 105.594, 0, 0, 114.688, 37.9, 0, 0, 0, 0, 0, 13.7, 0, 14.5, 0, 1.976, 181, 0, 0, 0, 62, 1, 0.008, 0.008, 123.8, 51.491, 100, 0, 0, 141, 29.594, 29.594, 10, 1, 0, 105.594, 0, 0, 114.688, 37.9, 0, 0, 0, 0, 
12.9, 17.176, 100.326, 73.17, 73.974, , -1.937, 0.986, 758.716, 758.716, 1.973, -44.245, -44.245, -44.245, 52.897, 73.425, 36.073, 35.366, 7.379, 13.175, 0, 0, -4.326, -4.39, -4.326, -4.39, 1, 37.166, 37.166, 0.024, 0.136, -11.553, -11.717, -11.553, -11.717, 4.471, 7.379, 13.175, , , 1, 12.939, 0, 0, 14.5, 1.973, 181, 0, 0, 0, 62, 8.223, 7.926, 123.8, 51.568, 100, 0, 0, 29.542, 29.542, 10, 1, 105.542, 0, 0, 114.584, 37.9, 0, 0, 0, 0, 0, 13.7, 0, 14.5, 0, 1.973, 181, 0, 0, 0, 62, 1, 0.008, 0.008, 123.8, 51.568, 100, 0, 0, 141, 29.542, 29.542, 10, 1, 0, 105.542, 0, 0, 114.584, 37.9, 0, 0, 0, 0, 
12.95, 17.177, 100.327, 73.17, 73.973, , -1.801, 0.986, 761.433, 761.433, 1.969, -41.005, -41.005, -41.005, 52.889, 74.225, 36.133, 35.6, 7.379, 13.17, 0, 0, -3.998, -4.057, -3.998, -4.057, 1, 37.074, 37.074, 0.024, 0.136, -10.709, -10.861, -10.709, -10.861, 4.467, 7.379, 13.17, , , 1, 12.989, 0, 0, 14.5, 1.969, 181, 0, 0, 0, 62, 8.229, 7.925, 123.8, 51.674, 100, 0, 0, 29.46, 29.47, 10, 1, 105.46, 0, 0, 114.47, 37.863, 0, 0, 0, 0, 0, 13.7, 0, 14.5, 0, 1.969, 181, 0, 0, 0, 62, 1, 0.008, 0.008, 123.8, 51.674, 100, 0, 0, 141, 29.46, 29.47, 10, 1, 0, 105.46, 0, 0, 114.47, 37.863, 0, 0, 0, 0, 
13, 17.177, 100.327, 73.17, 73.973, , -1.629, 0.986, 764.18, 764.18, 1.962, -36.941, -36.941, -36.941, 52.879, 75.026, 35.947, 35.6, 7.378, 13.169, 0, 0, -3.593, -3.646, -3.593, -3.646, 1, 36.987, 36.987, 0.024, 0.136, -9.648, -9.785, -9.648, -9.785, 4.464, 7.378, 13.169, , , 1, 13.039, 0, 0, 14.5, 1.962, 181, 0, 0, 0, 62, 8.224, 7.952, 123.8, 51.895, 100, 0, 0, 29.261, 29.321, 10, 1, 105.26, 0, 0, 114.32, 37.678, 0, 0, 0, 0, 0, 13.7, 0, 14.5, 0, 1.962, 181, 0, 0, 0, 62, 1, 0.008, 0.008, 123.8, 51.895, 100, 0, 0, 141, 29.261, 29.321, 10, 1, 0, 105.26, 0, 0, 114.32, 37.678, 0, 0, 0, 0, 
13.05, 17.178, 100.327, 73.17, 73.972, , -1.474, 0.986, 766.903, 766.903, 1.955, -33.258, -33.258, -33.258, 52.86, 75.827, 35.761, 35.6, 7.378, 13.171, 0, 0, -3.227, -3.274, -3.227, -3.274, 1, 36.911, 36.911, 0.024, 0.135, -8.689, -8.811, -8.689, -8.811, 4.46, 7.378, 13.171, , , 1, 13.089, 0, 0, 14.5, 1.955, 181, 0, 0, 0, 62, 8.219, 7.979, 123.8, 52.116, 100, 0, 0, 29.062, 29.171, 10, 1, 105.06, 0, 0, 114.17, 37.492, 0, 0, 0, 0, 0, 13.7, 0, 14.5, 0, 1.955, 181, 0, 0, 0, 62, 1, 0.008, 0.008, 123.8, 52.116, 100, 0, 0, 141, 29.062, 29.171, 10, 1, 0, 105.06, 0, 0, 114.17, 37.492, 0, 0, 0, 0, 
13.1, 17.179, 100.328, 73.17, 73.971, , -1.347, 0.986, 769.588, 769.588, 1.948, -30.252, -30.252, -30.252, 52.834, 76.627, 35.575, 35.6, 7.378, 13.179, 0, 0, -2.93, -2.972, -2.93, -2.972, 1, 36.84, 36.84, 0.024, 0.135, -7.908, -8.019, -7.908, -8.019, 4.462, 7.378, 13.179, , , 1, 13.14, 0, 0, 14.5, 1.948, 181, 0, 0, 0, 62, 8.214, 8.006, 123.8, 52.337, 100, 0, 0, 28.863, 29.022, 10, 1, 104.86, 0, 0, 114.02, 37.307, 0, 0, 0, 0, 0, 13.7, 0, 14.5, 0, 1.948, 181, 0, 0, 0, 62, 1, 0.008, 0.008, 123.8, 52.337, 100, 0, 0, 141, 28.863, 29.022, 10, 1, 0, 104.86, 0, 0, 114.02, 37.307, 0, 0, 0, 0, 
13.15, 17.18, 100.328, 73.17, 73.97, , -1.024, 0.986, 772.292, 772.292, 1.941, -22.59, -22.59, -22.59, 52.801, 77.428, 35.389, 35.6, 7.378, 13.187, 0, 0, -2.186, -2.217, -2.186, -2.217, 1, 36.774, 36.774, 0.024, 0.135, -5.904, -5.987, -5.904, -5.987, 4.47, 7.378, 13.187, , , 1, 13.19, 0, 0, 14.5, 1.941, 181, 0, 0, 0, 62, 8.209, 8.033, 123.8, 52.558, 100, 0, 0, 28.663, 28.873, 10, 1, 104.66, 0, 0, 113.87, 37.122, 0, 0, 0, 0, 0, 13.7, 0, 14.5, 0, 1.941, 181, 0, 0, 0, 62, 1, 0.008, 0.008, 123.8, 52.558, 100, 0, 0, 141, 28.663, 28.873, 10, 1, 0, 104.66, 0, 0, 113.87, 37.122, 0, 0, 0, 0, 
13.2, 17.18, 100.328, 73.17, 73.97, , -0.591, 0.986, 775.007, 775.007, 1.936, -12.309, -12.309, -12.309, 52.731, 78.229, 35.247, 35.593, 7.379, 13.193, 0, 0, -1.19, -1.207, -1.19, -1.207, 1, 36.739, 36.739, 0.024, 0.135, -3.212, -3.258, -3.212, -3.258, 4.477, 7.379, 13.193, , , 1, 13.239, 0, 0, 14.5, 1.936, 181, 0, 0, 0, 62, 8.204, 8.055, 123.8, 52.752, 100, 0, 0, 28.5, 28.74, 10, 1, 104.5, 0, 0, 113.739, 36.983, 0, 0, 0, 0, 0, 13.7, 0, 14.5, 0, 1.936, 181, 0, 0, 0, 62, 1, 0.008, 0.008, 123.8, 52.752, 100, 0, 0, 141, 28.5, 28.74, 10, 1, 0, 104.5, 0, 0, 113.739, 36.983, 0, 0, 0, 0, 
13.25, 17.181, 100.329, 73.17, 73.969, , 0.156, 0.986, 777.693, 777.693, 1.934, 5.412, 5.412, 5.412, 52.649, 79.03, 35.283, 35.557, 7.379, 13.201, 0, 0, 0.526, 0.532, 0.526, 0.532, 1, 36.716, 36.716, 0.024, 0.135, 1.452, 1.474, 1.452, 1.474, 4.485, 7.379, 13.201, , , 1, 13.29, 0, 0, 14.5, 1.934, 181, 0, 0, 0, 62, 8.196, 8.055, 123.8, 52.835, 100, 0, 0, 28.5, 28.683, 10, 1, 104.5, 0, 0, 113.682, 37.054, 0, 0, 0, 0, 0, 13.7, 0, 14.5, 0, 1.934, 181, 0, 0, 0, 62, 1, 0.008, 0.008, 123.8, 52.835, 100, 0, 0, 141, 28.5, 28.683, 10, 1, 0, 104.5, 0, 0, 113.682, 37.054, 0, 0, 0, 0, 
13.3, 17.182, 100.329, 73.17, 73.968, , 0.976, 0.986, 780.376, 780.376, 1.932, 24.856, 24.856, 24.856, 52.521, 79.83, 35.319, 35.521, 7.38, 13.214, 0, 0, 2.41, 2.443, 2.41, 2.443, 1, 36.754, 36.754, 0.024, 0.135, 6.579, 6.676, 6.579, 6.676, 4.49, 7.38, 13.214, , , 1, 13.34, 0, 0, 14.5, 1.932, 181, 0, 0, 0, 62, 8.188, 8.055, 123.8, 52.918, 100, 0, 0, 28.5, 28.626, 10, 1, 104.5, 0, 0, 113.625, 37.124, 0, 0, 0, 0, 0, 13.7, 0, 14.5, 0, 1.932, 181, 0, 0, 0, 62, 1, 0.008, 0.008, 123.8, 52.918, 100, 0, 0, 141, 28.5, 28.626, 10, 1, 0, 104.5, 0, 0, 113.625, 37.124, 0, 0, 0, 0, 
13.35, 17.183, 100.33, 73.17, 73.967, , 2.002, 0.986, 783.06, 783.06, 1.929, 49.207, 49.207, 49.207, 52.367, 80.631, 35.355, 35.485, 7.38, 13.227, 0, 0, 4.782, 4.849, 4.782, 4.849, 1, 36.821, 36.821, 0.024, 0.135, 13.039, 13.228, 13.039, 13.228, 4.491, 7.38, 13.227, , , 1, 13.389, 0, 0, 14.5, 1.929, 181, 0, 0, 0, 62, 8.18, 8.055, 123.8, 53, 100, 0, 0, 28.5, 28.568, 10, 1, 104.5, 0, 0, 113.568, 37.195, 0, 0, 0, 0, 0, 13.7, 0, 14.5, 0, 1.929, 181, 0, 0, 0, 62, 1, 0.008, 0.008, 123.8, 53, 100, 0, 0, 141, 28.5, 28.568, 10, 1, 0, 104.5, 0, 0, 113.568, 37.195, 0, 0, 0, 0, 
13.4, 17.184, 100.33, 73.17, 73.966, , 2.987, 0.986, 785.757, 785.757, 1.927, 72.582, 72.582, 72.582, 52.16, 81.432, 35.391, 35.449, 7.379, 13.244, 0, 0, 7.075, 7.176, 7.075, 7.176, 1, 36.949, 36.949, 0.024, 0.136, 19.286, 19.564, 19.286, 19.564, 4.493, 7.379, 13.244, , , 1, 13.439, 0, 0, 14.5, 1.927, 181, 0, 0, 0, 62, 8.172, 8.055, 123.8, 53.083, 100, 0, 0, 28.5, 28.511, 10, 1, 104.5, 0, 0, 113.511, 37.266, 0, 0, 0, 0, 0, 13.7, 0, 14.5, 0, 1.927, 181, 0, 0, 0, 62, 1, 0.008, 0.008, 123.8, 53.083, 100, 0, 0, 141, 28.5, 28.511, 10, 1, 0, 104.5, 0, 0, 113.511, 37.266, 0, 0, 0, 0, 
13.45, 17.184, 100.33, 73.17, 73.966, , 3.92, 0.986, 788.473, 788.473, 1.931, 94.716, 94.716, 94.716, 51.931, 82.232, 35.42, 35.406, 7.379, 13.261, 0, 0, 9.269, 9.403, 9.269, 9.403, 1, 37.124, 37.124, 0.024, 0.136, 25.26, 25.626, 25.26, 25.626, 4.495, 7.379, 13.261, , , 1, 13.49, 0, 0, 14.5, 1.931, 181, 0, 0, 0, 62, 8.161, 8.061, 123.8, 52.978, 100, 0, 0, 28.625, 28.625, 10, 1, 104.583, 0, 0, 113.625, 37.488, 0, 0, 0, 0, 0, 13.7, 0, 14.5, 0, 1.931, 181, 0, 0, 0, 62, 1, 0.008, 0.008, 123.8, 52.978, 100, 0, 0, 141, 28.625, 28.625, 10, 1, 0, 104.583, 0, 0, 113.625, 37.488, 0, 0, 0, 0, 
13.5, 17.185, 100.33, 73.17, 73.965, , 4.547, 0.986, 791.166, 791.166, 1.937, 109.598, 109.598, 109.598, 51.684, 83.033, 35.42, 35.334, 7.378, 13.281, 0, 0, 10.781, 10.938, 10.781, 10.938, 1, 37.331, 37.331, 0.024, 0.136, 29.339, 29.762, 29.339, 29.762, 4.496, 7.378, 13.281, , , 1, 13.54, 0, 0, 14.5, 1.937, 181, 0, 0, 0, 62, 8.149, 8.068, 123.8, 52.824, 100, 0, 0, 28.781, 28.781, 10, 1, 104.688, 0, 0, 113.781, 37.747, 0, 0, 0, 0, 0, 13.7, 0, 14.5, 0, 1.937, 181, 0, 0, 0, 62, 1, 0.008, 0.008, 123.8, 52.824, 100, 0, 0, 141, 28.781, 28.781, 10, 1, 0, 104.688, 0, 0, 113.781, 37.747, 0, 0, 0, 0, 
13.55, 17.186, 100.33, 73.17, 73.964, , 5.056, 0.986, 793.85, 793.85, 1.942, 121.66, 121.66, 121.66, 51.468, 83.834, 35.42, 35.262, 7.378, 13.3, 0, 0, 12.027, 12.203, 12.027, 12.203, 1, 37.575, 37.575, 0.024, 0.137, 32.68, 33.15, 32.68, 33.15, 4.492, 7.378, 13.3, , , 1, 13.589, 0, 0, 14.5, 1.942, 181, 0, 0, 0, 62, 8.138, 8.075, 123.8, 52.671, 100, 0, 0, 28.938, 28.938, 10, 1, 104.792, 0, 0, 113.938, 38.006, 0, 0, 0, 0, 0, 13.7, 0, 14.5, 0, 1.942, 181, 0, 0, 0, 62, 1, 0.008, 0.008, 123.8, 52.671, 100, 0, 0, 141, 28.938, 28.938, 10, 1, 0, 104.792, 0, 0, 113.938, 38.006, 0, 0, 0, 0, 
13.6, 17.187, 100.33, 73.17, 73.963, , 5.299, 0.986, 796.595, 796.595, 1.948, 127.449, 127.449, 127.449, 51.267, 84.635, 35.42, 35.19, 7.377, 13.313, 0, 0, 12.682, 12.868, 12.682, 12.868, 1, 37.828, 37.828, 0.024, 0.137, 34.341, 34.836, 34.341, 34.836, 4.488, 7.377, 13.313, , , 1, 13.639, 0, 0, 14.5, 1.948, 181, 0, 0, 0, 62, 8.126, 8.083, 123.8, 52.518, 100, 0, 0, 29.094, 29.094, 10, 1, 104.896, 0, 0, 114.094, 38.266, 0, 0, 0, 0, 0, 13.7, 0, 14.5, 0, 1.948, 181, 0, 0, 0, 62, 1, 0.008, 0.008, 123.8, 52.518, 100, 0, 0, 141, 29.094, 29.094, 10, 1, 0, 104.896, 0, 0, 114.094, 38.266, 0, 0, 0, 0, 
13.65, 17.187, 100.33, 73.17, 73.963, , 5.479, 0.986, 799.351, 799.351, 1.953, 131.708, 131.708, 131.708, 51.123, 85.435, 35.42, 35.118, 7.377, 13.324, 0, 0, 13.189, 13.383, 13.189, 13.383, 1, 38.096, 38.096, 0.024, 0.137, 35.58, 36.094, 35.58, 36.094, 4.485, 7.377, 13.324, , , 1, 13.689, 0, 0, 14.5, 1.953, 181, 0, 0, 0, 62, 8.115, 8.09, 123.8, 52.365, 100, 0, 0, 29.25, 29.25, 10, 1, 105, 0, 0, 114.25, 38.525, 0, 0, 0, 0, 0, 13.7, 0, 14.5, 0, 1.953, 181, 0, 0, 0, 62, 1, 0.008, 0.008, 123.8, 52.365, 100, 0, 0, 141, 29.25, 29.25, 10, 1, 0, 105, 0, 0, 114.25, 38.525, 0, 0, 0, 0, 
13.7, 17.188, 100.33, 73.17, 73.962, , 5.492, 0.986, 802.13, 802.13, 1.966, 132.033, 132.033, 132.033, 51.015, 86.166, 35.413, 35.074, 7.377, 13.324, 0, 0, 13.316, 13.512, 13.316, 13.512, 1, 38.366, 38.366, 0.024, 0.137, 35.735, 36.251, 35.735, 36.251, 4.481, 7.377, 13.324, , , 1, 13.739, 0, 0, 14.5, 1.966, 181, 0, 0, 0, 62, 8.09, 8.072, 123.8, 52.085, 100, 0, 0, 29.522, 29.522, 10, 1, 105.163, 0, 0, 114.522, 38.796, 0, 0, 0, 0, 0, 13.7, 0, 14.5, 0, 1.966, 181, 0, 0, 0, 62, 1, 0.008, 0.008, 123.8, 52.085, 100, 0, 0, 141, 29.522, 29.522, 10, 1, 0, 105.163, 0, 0, 114.522, 38.796, 0, 0, 0, 0, 
13.75, 17.189, 100.33, 73.17, 73.961, , 5.465, 0.986, 804.931, 804.931, 1.979, 131.38, 131.38, 131.38, 50.949, 83.467, 35.377, 35.146, 7.377, 13.321, 0, 0, 13.343, 13.538, 13.343, 13.538, 1, 38.638, 38.638, 0.024, 0.137, 35.604, 36.117, 35.604, 36.117, 4.467, 7.377, 13.321, , , 1, 13.79, 0, 0, 14.5, 1.979, 181, 0, 0, 0, 62, 8.065, 8.053, 123.8, 51.804, 100, 0, 0, 29.793, 29.793, 10, 1, 105.326, 0, 0, 114.793, 39.066, 0, 0, 0, 0, 0, 13.7, 0, 14.5, 0, 1.979, 181, 0, 0, 0, 62, 1, 0.008, 0.008, 123.8, 51.804, 100, 0, 0, 141, 29.793, 29.793, 10, 1, 0, 105.326, 0, 0, 114.793, 39.066, 0, 0, 0, 0, 
13.8, 17.19, 100.33, 73.17, 73.96, , 5.409, 0.986, 807.745, 807.745, 1.992, 130.075, 130.075, 130.075, 50.912, 80.769, 35.341, 35.218, 7.377, 13.305, 0, 0, 13.302, 13.496, 13.302, 13.496, 1, 38.906, 38.906, 0.024, 0.137, 35.283, 35.79, 35.283, 35.79, 4.453, 7.377, 13.305, , , 1, 13.839, 0, 0, 14.5, 1.992, 181, 0, 0, 0, 62, 8.04, 8.035, 123.8, 51.524, 100, 0, 0, 30.065, 30.065, 10, 1, 105.489, 0, 0, 115.065, 39.337, 0, 0, 0, 0, 0, 13.7, 0, 14.5, 0, 1.992, 181, 0, 0, 0, 62, 1, 0.008, 0.008, 123.8, 51.524, 100, 0, 0, 141, 30.065, 30.065, 10, 1, 0, 105.489, 0, 0, 115.065, 39.337, 0, 0, 0, 0, 
13.85, 17.19, 100.33, 73.17, 73.96, , 5.402, 0.986, 810.558, 810.558, 2.005, 129.897, 129.897, 129.897, 50.887, 78.07, 35.305, 35.29, 7.377, 13.286, 0, 0, 13.377, 13.569, 13.377, 13.569, 1, 39.174, 39.174, 0.024, 0.136, 35.244, 35.751, 35.244, 35.751, 4.44, 7.377, 13.286, , , 1, 13.89, 0, 0, 14.5, 2.005, 181, 0, 0, 0, 62, 8.015, 8.016, 123.8, 51.243, 100, 0, 0, 30.337, 30.337, 10, 1, 105.652, 0, 0, 115.337, 39.608, 0, 0, 0, 0, 0, 13.7, 0, 14.5, 0, 2.005, 181, 0, 0, 0, 62, 1, 0.008, 0.008, 123.8, 51.243, 100, 0, 0, 141, 30.337, 30.337, 10, 1, 0, 105.652, 0, 0, 115.337, 39.608, 0, 0, 0, 0, 
13.9, 17.19, 100.33, 73.17, 73.961, , 5.381, 0.986, 813.794, 813.794, 2.018, 129.416, 129.416, 129.416, 50.889, 75.371, 35.269, 35.362, 7.377, 13.253, 0, 0, 13.432, 13.622, 13.432, 13.622, 1, 39.445, 39.445, 0.024, 0.136, 35.112, 35.617, 35.112, 35.617, 4.426, 7.377, 13.253, , , 1, 13.94, 0, 0, 14.5, 2.018, 181.083, 0, 0, 0, 62, 7.985, 7.99, 123.8, 50.998, 100, 0, 0, 30.583, 30.562, 10, 1, 105.771, 0, 0, 115.542, 39.873, 0, 0, 0, 0, 0, 13.7, 0, 14.5, 0, 2.018, 181.083, 0, 0, 0, 62, 1, 0.008, 0.008, 123.8, 50.998, 100, 0, 0, 141, 30.583, 30.562, 10, 1, 0, 105.771, 0, 0, 115.542, 39.873, 0, 0, 0, 0, 
13.95, 17.19, 100.33, 73.17, 73.962, , 5.32, 0.986, 818.118, 818.118, 2.032, 127.971, 127.971, 127.971, 50.918, 72.673, 35.24, 35.564, 7.377, 13.219, 0, 0, 13.416, 13.606, 13.416, 13.606, 1, 39.774, 39.774, 0.024, 0.136, 34.691, 35.19, 34.691, 35.19, 4.422, 7.377, 13.219, , , 1, 13.989, 0, 0, 14.5, 2.032, 181.292, 0, 0, 0, 62, 7.949, 7.951, 123.8, 50.805, 100, 0, 0, 30.792, 30.719, 10, 1, 105.823, 0, 0, 115.646, 40.132, 0, 0, 0, 0, 0, 13.7, 0, 14.5, 0, 2.032, 181.292, 0, 0, 0, 62, 1, 0.008, 0.008, 123.8, 50.805, 100, 0, 0, 141, 30.792, 30.719, 10, 1, 0, 105.823, 0, 0, 115.646, 40.132, 0, 0, 0, 0, 
14, 17.19, 100.33, 73.17, 73.963, , 5.317, 0.986, 821.491, 821.491, 2.046, 127.91, 127.91, 127.91, 50.977, 69.974, 35.24, 36.284, 7.377, 13.175, 0, 0, 13.513, 13.705, 13.513, 13.705, 1, 40.165, 40.165, 0.024, 0.136, 34.644, 35.143, 34.644, 35.143, 4.419, 7.377, 13.175, , , 1, 14.039, 0, 0, 14.5, 2.046, 181.5, 0, 0, 0, 62, 7.912, 7.912, 123.8, 50.613, 100, 0, 0, 31, 30.875, 10, 1, 105.875, 0, 0, 115.75, 40.39, 0, 0, 0, 0, 0, 13.7, 0, 14.5, 0, 2.046, 181.5, 0, 0, 0, 62, 1, 0.008, 0.008, 123.8, 50.613, 100, 0, 0, 141, 31, 30.875, 10, 1, 0, 105.875, 0, 0, 115.75, 40.39, 0, 0, 0, 0, 
14.05, 17.19, 100.33, 73.17, 73.963, , 5.339, 0.986, 824.376, 824.376, 2.06, 128.425, 128.425, 128.425, 51.025, 67.275, 35.24, 37.004, 7.377, 13.132, 0, 0, 13.655, 13.85, 13.655, 13.85, 1, 40.446, 40.446, 0.024, 0.135, 34.754, 35.254, 34.754, 35.254, 4.415, 7.377, 13.132, , , 1, 14.089, 0, 0, 14.5, 2.06, 181.708, 0, 0, 0, 62, 7.876, 7.874, 123.8, 50.42, 100, 0, 0, 31.208, 31.031, 10, 1, 105.927, 0, 0, 115.854, 40.648, 0, 0, 0, 0, 0, 13.7, 0, 14.5, 0, 2.06, 181.708, 0, 0, 0, 62, 1, 0.008, 0.008, 123.8, 50.42, 100, 0, 0, 141, 31.208, 31.031, 10, 1, 0, 105.927, 0, 0, 115.854, 40.648, 0, 0, 0, 0, 
14.1, 17.19, 100.33, 73.17, 73.964, , 5.27, 0.986, 827.332, 827.332, 2.074, 126.792, 126.792, 126.792, 51.072, 64.576, 35.24, 37.724, 7.377, 13.093, 0, 0, 13.566, 13.761, 13.566, 13.761, 1, 40.706, 40.706, 0.024, 0.135, 34.282, 34.774, 34.282, 34.774, 4.412, 7.377, 13.093, , , 1, 14.14, 0, 0, 14.5, 2.074, 181.917, 0, 0, 0, 62, 7.84, 7.835, 123.8, 50.227, 100, 0, 0, 31.417, 31.188, 10, 1, 105.979, 0, 0, 115.958, 40.907, 0, 0, 0, 0, 0, 13.7, 0, 14.5, 0, 2.074, 181.917, 0, 0, 0, 62, 1, 0.008, 0.008, 123.8, 50.227, 100, 0, 0, 141, 31.417, 31.188, 10, 1, 0, 105.979, 0, 0, 115.958, 40.907, 0, 0, 0, 0, 
14.15, 17.19, 100.33, 73.17, 73.965, , 5.211, 0.986, 830.288, 830.288, 2.084, 125.417, 125.417, 125.417, 51.117, 61.878, 35.24, 38.444, 7.377, 13.056, 0, 0, 13.502, 13.697, 13.502, 13.697, 1, 40.961, 40.961, 0.024, 0.135, 33.881, 34.367, 33.881, 34.367, 4.429, 7.377, 13.056, , , 1, 14.189, 0, 0, 14.5, 2.084, 182.15, 0, 0, 0, 62, 7.812, 7.777, 123.8, 50.094, 100, 0, 0, 31.575, 31.288, 10, 1, 106, 0, 0, 116, 41.194, 0, 0, 0, 0, 0, 13.7, 0, 14.5, 0, 2.084, 182.15, 0, 0, 0, 62, 1, 0.008, 0.008, 123.8, 50.094, 100, 0, 0, 141, 31.575, 31.288, 10, 1, 0, 106, 0, 0, 116, 41.194, 0, 0, 0, 0, 
14.2, 17.19, 100.33, 73.17, 73.966, , 5.166, 0.986, 833.243, 833.243, 2.093, 124.346, 124.346, 124.346, 51.155, 59.179, 35.197, 38.862, 7.377, 13.035, 0, 0, 13.469, 13.664, 13.469, 13.664, 1, 41.217, 41.217, 0.024, 0.135, 33.563, 34.046, 33.563, 34.046, 4.455, 7.377, 13.035, , , 1, 14.24, 0, 0, 14.5, 2.093, 182.4, 0, 0, 0, 62, 7.791, 7.705, 123.8, 50.002, 100, 0, 0, 31.7, 31.35, 10, 1, 106, 0, 0, 116, 41.501, 0, 0, 0, 0, 0, 13.7, 0, 14.5, 0, 2.093, 182.4, 0, 0, 0, 62, 1, 0.008, 0.008, 123.8, 50.002, 100, 0, 0, 141, 31.7, 31.35, 10, 1, 0, 106, 0, 0, 116, 41.501, 0, 0, 0, 0, 
14.25, 17.19, 100.33, 73.17, 73.966, , 5.091, 0.986, 836.232, 836.232, 2.101, 122.579, 122.579, 122.579, 51.187, 56.48, 34.981, 38.07, 7.377, 13.016, 0, 0, 13.358, 13.551, 13.358, 13.551, 1, 41.472, 41.472, 0.024, 0.135, 33.067, 33.542, 33.067, 33.542, 4.48, 7.377, 13.016, , , 1, 14.289, 0, 0, 14.5, 2.101, 182.65, 0, 0, 0, 62, 7.77, 7.633, 123.8, 49.91, 100, 0, 0, 31.825, 31.412, 10, 1, 106, 0, 0, 116, 41.808, 0, 0, 0, 0, 0, 13.7, 0, 14.5, 0, 2.101, 182.65, 0, 0, 0, 62, 1, 0.008, 0.008, 123.8, 49.91, 100, 0, 0, 141, 31.825, 31.412, 10, 1, 0, 106, 0, 0, 116, 41.808, 0, 0, 0, 0, 
14.3, 17.19, 100.33, 73.17, 73.967, , 5.011, 0.986, 839.238, 839.238, 2.109, 120.665, 120.665, 120.665, 51.21, 53.782, 34.765, 37.278, 7.377, 13.019, 0, 0, 13.229, 13.421, 13.229, 13.421, 1, 41.719, 41.719, 0.024, 0.135, 32.534, 33.002, 32.534, 33.002, 4.506, 7.377, 13.019, , , 1, 14.339, 0, 0, 14.5, 2.109, 182.9, 0, 0, 0, 62, 7.748, 7.562, 123.8, 49.817, 100, 0, 0, 31.95, 31.475, 10, 1, 106, 0, 0, 116, 42.115, 0, 0, 0, 0, 0, 13.7, 0, 14.5, 0, 2.109, 182.9, 0, 0, 0, 62, 1, 0.008, 0.008, 123.8, 49.817, 100, 0, 0, 141, 31.95, 31.475, 10, 1, 0, 106, 0, 0, 116, 42.115, 0, 0, 0, 0, 
14.35, 17.19, 100.33, 73.17, 73.968, , 4.925, 0.986, 842.27, 842.27, 2.124, 118.64, 118.64, 118.64, 51.227, 51.083, 34.549, 36.486, 7.377, 13.022, 0, 0, 13.084, 13.275, 13.084, 13.275, 1, 41.963, 41.963, 0.024, 0.135, 31.975, 32.439, 31.975, 32.439, 4.511, 7.377, 13.022, , , 1, 14.39, 0, 0, 14.5, 2.124, 183, 0, 0, 0, 61.938, 7.687, 7.494, 123.8, 49.482, 100, 0, 0, 32.156, 31.718, 10, 0.999, 105.907, 0, 0, 115.969, 42.396, 0, 0, 0, 0, 0, 13.7, 0, 14.5, 0, 2.124, 183, 0, 0, 0, 61.938, 1, 0.008, 0.008, 123.8, 49.482, 100, 0, 0, 141, 32.156, 31.718, 10, 0.999, 0, 105.907, 0, 0, 115.969, 42.396, 0, 0, 0, 0, 
14.4, 17.19, 100.33, 73.17, 73.969, , 4.871, 0.986, 845.303, 845.303, 2.144, 117.372, 117.372, 117.372, 51.24, 65.999, 34.333, 35.694, 7.377, 13.035, 0, 0, 13.018, 13.208, 13.018, 13.208, 1, 42.205, 42.205, 0.024, 0.135, 31.623, 32.082, 31.623, 32.082, 4.508, 7.377, 13.035, , , 1, 14.439, 0, 0, 14.5, 2.144, 183, 0, 0, 0, 61.834, 7.599, 7.43, 123.8, 48.985, 100, 0, 0, 32.415, 32.081, 10, 0.997, 105.751, 0, 0, 115.917, 42.656, 0, 0, 0, 0, 0, 13.7, 0, 14.5, 0, 2.144, 183, 0, 0, 0, 61.834, 1, 0.008, 0.008, 123.8, 48.985, 100, 0, 0, 141, 32.415, 32.081, 10, 0.997, 0, 105.751, 0, 0, 115.917, 42.656, 0, 0, 0, 0, 
14.45, 17.19, 100.33, 73.17, 73.97, , 4.819, 0.986, 848.345, 848.345, 2.163, 116.134, 116.134, 116.134, 51.258, 68.763, 34.218, 35.06, 7.377, 13.048, 0, 0, 12.953, 13.143, 12.953, 13.143, 1, 42.443, 42.443, 0.024, 0.136, 31.279, 31.732, 31.279, 31.732, 4.504, 7.377, 13.048, , , 1, 14.49, 0, 0, 14.5, 2.163, 183, 0, 0, 0, 61.73, 7.511, 7.367, 123.8, 48.488, 100, 0, 0, 32.674, 32.444, 10, 0.995, 105.595, 0, 0, 115.865, 42.917, 0, 0, 0, 0, 0, 13.7, 0, 14.5, 0, 2.163, 183, 0, 0, 0, 61.73, 1, 0.007, 0.007, 123.8, 48.488, 100, 0, 0, 141, 32.674, 32.444, 10, 0.995, 0, 105.595, 0, 0, 115.865, 42.917, 0, 0, 0, 0, 
14.5, 17.19, 100.33, 73.17, 73.97, , 4.742, 0.986, 851.417, 851.417, 2.183, 114.317, 114.317, 114.317, 51.281, 69.429, 34.506, 35.06, 7.377, 13.057, 0, 0, 12.822, 13.01, 12.822, 13.01, 1, 42.68, 42.68, 0.024, 0.136, 30.776, 31.221, 30.776, 31.221, 4.5, 7.377, 13.057, , , 1, 14.539, 0, 0, 14.5, 2.183, 183, 0, 0, 0, 61.627, 7.423, 7.303, 123.8, 47.991, 100, 0, 0, 32.934, 32.807, 10, 0.993, 105.44, 0, 0, 115.813, 43.177, 0, 0, 0, 0, 0, 13.7, 0, 14.5, 0, 2.183, 183, 0, 0, 0, 61.627, 1, 0.007, 0.007, 123.8, 47.991, 100, 0, 0, 141, 32.934, 32.807, 10, 0.993, 0, 105.44, 0, 0, 115.813, 43.177, 0, 0, 0, 0, 
14.55, 17.19, 100.33, 73.17, 73.971, , 4.717, 0.986, 854.519, 854.519, 2.203, 113.714, 113.714, 113.714, 51.309, 70.095, 34.794, 35.06, 7.377, 13.066, 0, 0, 12.824, 13.012, 12.824, 13.012, 1, 42.915, 42.915, 0.024, 0.136, 30.598, 31.04, 30.598, 31.04, 4.49, 7.377, 13.066, , , 1, 14.59, 0, 0, 14.5, 2.203, 183, 0, 0, 0, 61.523, 7.334, 7.239, 123.8, 47.494, 100, 0, 0, 33.193, 33.17, 10, 0.99, 105.284, 0, 0, 115.761, 43.438, 0, 0, 0, 0, 0, 13.7, 0, 14.5, 0, 2.203, 183, 0, 0, 0, 61.523, 1, 0.007, 0.007, 123.8, 47.494, 100, 0, 0, 141, 33.193, 33.17, 10, 0.99, 0, 105.284, 0, 0, 115.761, 43.438, 0, 0, 0, 0, 
14.6, 17.19, 100.33, 73.17, 73.972, , 4.701, 0.986, 857.641, 857.641, 2.212, 113.343, 113.343, 113.343, 51.331, 70.761, 35.082, 35.06, 7.377, 13.066, 0, 0, 12.851, 13.039, 12.851, 13.039, 1, 43.147, 43.147, 0.024, 0.137, 30.483, 30.924, 30.483, 30.924, 4.473, 7.377, 13.066, , , 1, 14.639, 0, 0, 14.5, 2.212, 183, 0, 0, 0, 61.418, 7.291, 7.209, 123.8, 47.234, 100, 0, 0, 33.372, 33.372, 10, 0.988, 105.128, 0, 0, 115.628, 43.597, 0, 0, 0, 0, 0, 13.7, 0, 14.5, 0, 2.212, 183, 0, 0, 0, 61.418, 1, 0.007, 0.007, 123.8, 47.234, 100, 0, 0, 141, 33.372, 33.372, 10, 0.988, 0, 105.128, 0, 0, 115.628, 43.597, 0, 0, 0, 0, 
14.65, 17.19, 100.33, 73.17, 73.973, , 4.656, 0.986, 860.797, 860.797, 2.219, 112.289, 112.289, 112.289, 51.349, 71.426, 35.37, 35.06, 7.377, 13.065, 0, 0, 12.801, 12.988, 12.801, 12.988, 1, 43.378, 43.378, 0.024, 0.137, 30.191, 30.625, 30.191, 30.625, 4.457, 7.377, 13.065, , , 1, 14.69, 0, 0, 14.5, 2.219, 183, 0, 0, 0, 61.314, 7.261, 7.19, 123.8, 47.041, 100, 0, 0, 33.529, 33.529, 10, 0.986, 104.971, 0, 0, 115.471, 43.728, 0, 0, 0, 0, 0, 13.7, 0, 14.5, 0, 2.219, 183, 0, 0, 0, 61.314, 1, 0.007, 0.007, 123.8, 47.041, 100, 0, 0, 141, 33.529, 33.529, 10, 0.986, 0, 104.971, 0, 0, 115.471, 43.728, 0, 0, 0, 0, 
14.7, 17.19, 100.33, 73.17, 73.973, , 4.61, 0.986, 863.953, 863.953, 2.226, 111.185, 111.185, 111.185, 51.362, 72.092, 35.586, 35.082, 7.378, 13.057, 0, 0, 12.742, 12.929, 12.742, 12.929, 1, 43.608, 43.608, 0.024, 0.137, 29.888, 30.318, 29.888, 30.318, 4.44, 7.378, 13.057, , , 1, 14.74, 0, 0, 14.5, 2.226, 183, 0, 0, 0, 61.209, 7.231, 7.17, 123.8, 46.847, 100, 0, 0, 33.686, 33.686, 10, 0.984, 104.814, 0, 0, 115.314, 43.858, 0, 0, 0, 0, 0, 13.7, 0, 14.5, 0, 2.226, 183, 0, 0, 0, 61.209, 1, 0.007, 0.007, 123.8, 46.847, 100, 0, 0, 141, 33.686, 33.686, 10, 0.984, 0, 104.814, 0, 0, 115.314, 43.858, 0, 0, 0, 0, 
14.75, 17.19, 100.33, 73.17, 73.974, , 4.577, 0.986, 867.109, 867.109, 2.232, 110.416, 110.416, 110.416, 51.368, 72.758, 35.514, 35.19, 7.378, 13.049, 0, 0, 12.722, 12.907, 12.722, 12.907, 1, 43.834, 43.834, 0.024, 0.137, 29.677, 30.105, 29.677, 30.105, 4.432, 7.378, 13.049, , , 1, 14.79, 0, 0, 14.5, 2.232, 183, 0, 0, 0, 61.105, 7.2, 7.15, 123.8, 46.654, 100, 0, 0, 33.843, 33.843, 10, 0.982, 104.657, 0, 0, 115.157, 43.989, 0, 0, 0, 0, 0, 13.7, 0, 14.5, 0, 2.232, 183, 0, 0, 0, 61.105, 1, 0.007, 0.007, 123.8, 46.654, 100, 0, 0, 141, 33.843, 33.843, 10, 0.982, 0, 104.657, 0, 0, 115.157, 43.989, 0, 0, 0, 0, 
14.8, 17.19, 100.329, 73.17, 73.975, , 4.587, 0.986, 870.265, 870.265, 2.239, 110.653, 110.653, 110.653, 51.365, 73.424, 35.442, 35.298, 7.379, 13.046, 0, 0, 12.814, 13.001, 12.814, 13.001, 1, 44.06, 44.06, 0.024, 0.137, 29.742, 30.172, 29.742, 30.172, 4.437, 7.379, 13.046, , , 1, 14.84, 0, 0, 14.5, 2.239, 183, 0, 0, 0, 61, 7.17, 7.13, 123.8, 46.46, 100, 0, 0, 34, 34, 10, 0.98, 104.5, 0, 0, 115, 44.12, 0, 0, 0, 0, 0, 13.7, 0, 14.5, 0, 2.239, 183, 0, 0, 0, 61, 1, 0.007, 0.007, 123.8, 46.46, 100, 0, 0, 141, 34, 34, 10, 0.98, 0, 104.5, 0, 0, 115, 44.12, 0, 0, 0, 0, 
14.85, 17.19, 100.329, 73.17, 73.976, , 4.533, 0.986, 873.489, 873.489, 2.25, 109.385, 109.385, 109.385, 51.355, 74.09, 35.37, 35.406, 7.379, 13.043, 0, 0, 12.731, 12.917, 12.731, 12.917, 1, 44.286, 44.286, 0.024, 0.137, 29.406, 29.83, 29.406, 29.83, 4.441, 7.379, 13.043, , , 1, 14.889, 0, 0, 14.5, 2.25, 183, 0, 0, 0, 61, 7.13, 7.082, 123.8, 46.177, 100, 0, 0, 34.288, 34.288, 10, 0.98, 104.404, 0, 0, 114.904, 44.239, 0, 0, 0, 0, 0, 13.7, 0, 14.5, 0, 2.25, 183, 0, 0, 0, 61, 1, 0.007, 0.007, 123.8, 46.177, 100, 0, 0, 141, 34.288, 34.288, 10, 0.98, 0, 104.404, 0, 0, 114.904, 44.239, 0, 0, 0, 0, 
14.9, 17.19, 100.329, 73.17, 73.976, , 4.484, 0.986, 876.717, 876.717, 2.261, 108.209, 108.209, 108.209, 51.351, 74.756, 35.298, 35.514, 7.38, 13.046, 0, 0, 12.659, 12.843, 12.659, 12.843, 1, 44.51, 44.51, 0.024, 0.136, 29.092, 29.512, 29.092, 29.512, 4.445, 7.38, 13.046, , , 1, 14.94, 0, 0, 14.5, 2.261, 183, 0, 0, 0, 61, 7.089, 7.034, 123.8, 45.895, 100, 0, 0, 34.577, 34.577, 10, 0.98, 104.308, 0, 0, 114.808, 44.358, 0, 0, 0, 0, 0, 13.7, 0, 14.5, 0, 2.261, 183, 0, 0, 0, 61, 1, 0.007, 0.007, 123.8, 45.895, 100, 0, 0, 141, 34.577, 34.577, 10, 0.98, 0, 104.308, 0, 0, 114.808, 44.358, 0, 0, 0, 0, 
14.95, 17.19, 100.328, 73.17, 73.977, , 4.472, 0.986, 879.915, 879.915, 2.272, 107.939, 107.939, 107.939, 51.352, 75.422, 35.204, 35.586, 7.38, 13.049, 0, 0, 12.692, 12.874, 12.692, 12.874, 1, 44.733, 44.733, 0.024, 0.136, 29.017, 29.437, 29.017, 29.437, 4.451, 7.38, 13.049, , , 1, 14.99, 0, 0, 14.5, 2.272, 183, 0, 0, 0, 61, 7.049, 6.986, 123.8, 45.612, 100, 0, 0, 34.865, 34.865, 10, 0.98, 104.212, 0, 0, 114.712, 44.478, 0, 0, 0, 0, 0, 13.7, 0, 14.5, 0, 2.272, 183, 0, 0, 0, 61, 1, 0.007, 0.007, 123.8, 45.612, 100, 0, 0, 141, 34.865, 34.865, 10, 0.98, 0, 104.212, 0, 0, 114.712, 44.478, 0, 0, 0, 0, 
15, 17.19, 100.328, 73.17, 73.978, , 4.45, 0.986, 883.193, 883.193, 2.284, 107.42, 107.42, 107.42, 51.357, 76.088, 35.024, 35.514, 7.38, 13.061, 0, 0, 12.692, 12.874, 12.692, 12.874, 1, 44.954, 44.954, 0.024, 0.136, 28.874, 29.292, 28.874, 29.292, 4.464, 7.38, 13.061, , , 1, 15.04, 0, 0, 14.5, 2.284, 183, 0, 0, 0, 61, 7.008, 6.938, 123.8, 45.329, 100, 0, 0, 35.154, 35.154, 10, 0.98, 104.115, 0, 0, 114.615, 44.597, 0, 0, 0, 0, 0, 13.7, 0, 14.5, 0, 2.284, 183, 0, 0, 0, 61, 1, 0.007, 0.007, 123.8, 45.329, 100, 0, 0, 141, 35.154, 35.154, 10, 0.98, 0, 104.115, 0, 0, 114.615, 44.597, 0, 0, 0, 0, 
15.05, 17.19, 100.327, 73.17, 73.979, , 4.419, 0.986, 886.482, 886.482, 2.295, 106.684, 106.684, 106.684, 51.369, 76.754, 34.844, 35.442, 7.379, 13.074, 0, 0, 12.667, 12.848, 12.667, 12.848, 1, 45.171, 45.171, 0.024, 0.136, 28.67, 29.085, 28.67, 29.085, 4.478, 7.379, 13.074, , , 1, 15.089, 0, 0, 14.5, 2.295, 183, 0, 0, 0, 61, 6.968, 6.89, 123.8, 45.047, 100, 0, 0, 35.442, 35.442, 10, 0.98, 104.019, 0, 0, 114.519, 44.716, 0, 0, 0, 0, 0, 13.7, 0, 14.5, 0, 2.295, 183, 0, 0, 0, 61, 1, 0.007, 0.007, 123.8, 45.047, 100, 0, 0, 141, 35.442, 35.442, 10, 0.98, 0, 104.019, 0, 0, 114.519, 44.716, 0, 0, 0, 0, 
15.1, 17.19, 100.327, 73.17, 73.979, , 4.38, 0.986, 889.771, 889.771, 2.307, 105.767, 105.767, 105.767, 51.387, 77.42, 34.664, 35.37, 7.379, 13.093, 0, 0, 12.62, 12.801, 12.62, 12.801, 1, 45.388, 45.388, 0.024, 0.136, 28.416, 28.826, 28.416, 28.826, 4.492, 7.379, 13.093, , , 1, 15.139, 0, 0, 14.5, 2.307, 183, 0, 0, 0, 61, 6.928, 6.856, 123.8, 44.872, 100, 0, 0, 35.74, 35.74, 10, 0.98, 103.92, 0, 0, 114.34, 44.938, 0, 0, 0, 0, 0, 13.7, 0, 14.5, 0, 2.307, 183, 0, 0, 0, 61, 1, 0.007, 0.007, 123.8, 44.872, 100, 0, 0, 141, 35.74, 35.74, 10, 0.98, 0, 103.92, 0, 0, 114.34, 44.938, 0, 0, 0, 0, 
15.15, 17.19, 100.327, 73.17, 73.98, , 4.385, 0.986, 893.059, 893.059, 2.319, 105.883, 105.883, 105.883, 51.405, 78.086, 34.484, 35.298, 7.378, 13.112, 0, 0, 12.694, 12.876, 12.694, 12.876, 1, 45.605, 45.605, 0.024, 0.136, 28.439, 28.849, 28.439, 28.849, 4.505, 7.378, 13.112, , , 1, 15.19, 0, 0, 14.5, 2.319, 183, 0, 0, 0, 61, 6.888, 6.826, 123.8, 44.724, 100, 0, 0, 36.04, 36.04, 10, 0.98, 103.82, 0, 0, 114.14, 45.186, 0, 0, 0, 0, 0, 13.7, 0, 14.5, 0, 2.319, 183, 0, 0, 0, 61, 1, 0.007, 0.007, 123.8, 44.724, 100, 0, 0, 141, 36.04, 36.04, 10, 0.98, 0, 103.82, 0, 0, 114.14, 45.186, 0, 0, 0, 0, 
15.2, 17.191, 100.326, 73.17, 73.98, , 4.351, 0.986, 896.377, 896.377, 2.331, 105.085, 105.085, 105.085, 51.419, 78.752, 34.39, 35.355, 7.378, 13.137, 0, 0, 12.658, 12.84, 12.658, 12.84, 1, 45.823, 45.823, 0.024, 0.136, 28.217, 28.624, 28.217, 28.624, 4.531, 7.378, 13.137, , , 1, 15.239, 0, 0, 14.5, 2.331, 183, 0, 0, 0, 61, 6.848, 6.796, 123.8, 44.576, 100, 0, 0, 36.34, 36.34, 10, 0.98, 103.72, 0, 0, 113.94, 45.434, 0, 0, 0, 0, 0, 13.7, 0, 14.5, 0, 2.331, 183, 0, 0, 0, 61, 1, 0.007, 0.007, 123.8, 44.576, 100, 0, 0, 141, 36.34, 36.34, 10, 0.98, 0, 103.72, 0, 0, 113.94, 45.434, 0, 0, 0, 0, 
15.25, 17.193, 100.326, 73.17, 73.98, , 4.303, 0.986, 899.712, 899.712, 2.343, 103.954, 103.954, 103.954, 51.433, 79.418, 34.642, 35.931, 7.378, 13.164, 0, 0, 12.581, 12.761, 12.581, 12.761, 1, 46.036, 46.036, 0.024, 0.136, 27.907, 28.309, 27.907, 28.309, 4.558, 7.378, 13.164, , , 1, 15.29, 0, 0, 14.5, 2.343, 183, 0, 0, 0, 61, 6.808, 6.766, 123.8, 44.428, 100, 0, 0, 36.64, 36.64, 10, 0.98, 103.62, 0, 0, 113.74, 45.682, 0, 0, 0, 0, 0, 13.7, 0, 14.5, 0, 2.343, 183, 0, 0, 0, 61, 1, 0.007, 0.007, 123.8, 44.428, 100, 0, 0, 141, 36.64, 36.64, 10, 0.98, 0, 103.62, 0, 0, 113.74, 45.682, 0, 0, 0, 0, 
15.3, 17.194, 100.326, 73.17, 73.98, , 4.289, 0.986, 903.048, 903.048, 2.356, 103.633, 103.633, 103.633, 51.446, 80.084, 34.894, 36.507, 7.379, 13.191, 0, 0, 12.599, 12.779, 12.599, 12.779, 1, 46.247, 46.247, 0.024, 0.137, 27.814, 28.215, 27.814, 28.215, 4.584, 7.379, 13.191, , , 1, 15.339, 0, 0, 14.5, 2.356, 183, 0, 0, 0, 61, 6.768, 6.736, 123.8, 44.28, 100, 0, 0, 36.94, 36.94, 10, 0.98, 103.52, 0, 0, 113.54, 45.93, 0, 0, 0, 0, 0, 13.7, 0, 14.5, 0, 2.356, 183, 0, 0, 0, 61, 1, 0.007, 0.007, 123.8, 44.28, 100, 0, 0, 141, 36.94, 36.94, 10, 0.98, 0, 103.52, 0, 0, 113.54, 45.93, 0, 0, 0, 0, 
15.35, 17.195, 100.325, 73.17, 73.98, , 4.242, 0.986, 906.423, 906.423, 2.372, 102.511, 102.511, 102.511, 51.457, 80.75, 35.146, 37.083, 7.379, 13.217, 0, 0, 12.518, 12.696, 12.518, 12.696, 1, 46.458, 46.458, 0.024, 0.137, 27.506, 27.903, 27.506, 27.903, 4.61, 7.379, 13.217, , , 1, 15.389, 0, 0.03, 14.5, 2.372, 183, 0, 0, 0, 60.76, 6.581, 6.545, 123.8, 44.043, 100, 0, 0, 37.44, 37.4, 9.92, 0.977, 102.94, 0, 0, 113.02, 46.229, 0, 0, 0, 0, 0, 13.7, 0.03, 14.5, 0, 2.372, 183, 0, 0, 0, 60.76, 1, 0.007, 0.007, 123.8, 44.191, 100, 0, 0, 141, 37.44, 37.4, 9.92, 0.977, 0, 102.94, 0, 0, 113.02, 46.229, 0, 0, 0, 0, 
15.4, 17.196, 100.325, 73.17, 73.98, , 4.14, 0.986, 909.807, 909.807, 2.389, 100.108, 100.108, 100.108, 51.469, 81.416, 35.398, 37.659, 7.379, 13.242, 0, 0, 12.277, 12.451, 12.277, 12.451, 1, 46.666, 46.666, 0.024, 0.137, 26.853, 27.242, 26.853, 27.242, 4.624, 7.379, 13.242, , , 1, 15.44, 0, 0.068, 14.5, 2.389, 183, 0, 0, 0, 60.46, 6.357, 6.314, 123.8, 43.784, 100, 0, 0, 37.99, 37.9, 9.82, 0.973, 102.24, 0, 0, 112.42, 46.54, 0, 0, 0, 0, 0, 13.7, 0.068, 14.5, 0, 2.389, 183, 0, 0, 0, 60.46, 1, 0.007, 0.007, 123.8, 44.116, 100, 0, 0, 141, 37.99, 37.9, 9.82, 0.973, 0, 102.24, 0, 0, 112.42, 46.54, 0, 0, 0, 0, 
15.45, 17.197, 100.324, 73.17, 73.98, , 3.974, 0.986, 913.191, 913.191, 2.406, 96.156, 96.156, 96.156, 51.493, 82.082, 35.6, 38.005, 7.38, 13.266, 0, 0, 11.842, 12.009, 11.842, 12.009, 1, 46.868, 46.868, 0.024, 0.138, 25.783, 26.156, 25.783, 26.156, 4.633, 7.38, 13.266, , , 1, 15.49, 0, 0.106, 14.5, 2.406, 183, 0, 0, 0, 60.16, 6.133, 6.083, 123.8, 43.525, 100, 0, 0, 38.54, 38.4, 9.72, 0.969, 101.54, 0, 0, 111.82, 46.851, 0, 0, 0, 0, 0, 13.7, 0.106, 14.5, 0, 2.406, 183, 0, 0, 0, 60.16, 1, 0.006, 0.006, 123.8, 44.042, 100, 0, 0, 141, 38.54, 38.4, 9.72, 0.969, 0, 101.54, 0, 0, 111.82, 46.851, 0, 0, 0, 0, 
15.5, 17.198, 100.324, 73.17, 73.98, , 3.714, 0.986, 916.575, 916.575, 2.423, 90.003, 90.003, 90.003, 51.527, 82.747, 35.6, 37.429, 7.38, 13.283, 0, 0, 11.123, 11.281, 11.123, 11.281, 1, 47.061, 47.061, 0.024, 0.138, 24.119, 24.469, 24.119, 24.469, 4.642, 7.38, 13.283, , , 1, 15.54, 0, 0.144, 14.5, 2.423, 183, 0, 0, 0, 59.86, 5.909, 5.852, 123.8, 43.266, 100, 0, 0, 39.09, 38.9, 9.62, 0.965, 100.84, 0, 0, 111.22, 47.162, 0, 0, 0, 0, 0, 13.7, 0.144, 14.5, 0, 2.423, 183, 0, 0, 0, 59.86, 1, 0.006, 0.006, 123.8, 43.968, 100, 0, 0, 141, 39.09, 38.9, 9.62, 0.965, 0, 100.84, 0, 0, 111.22, 47.162, 0, 0, 0, 0, 
15.55, 17.199, 100.324, 73.17, 73.98, , 3.359, 0.986, 919.993, 919.993, 2.44, 81.585, 81.585, 81.585, 51.572, 83.413, 35.6, 36.853, 7.379, 13.298, 0, 0, 10.116, 10.261, 10.116, 10.261, 1, 47.24, 47.24, 0.024, 0.138, 21.846, 22.162, 21.846, 22.162, 4.65, 7.379, 13.298, , , 1, 15.589, 0, 0.182, 14.5, 2.44, 183, 0, 0, 0, 59.56, 5.685, 5.621, 123.8, 43.007, 100, 0, 0, 39.64, 39.4, 9.52, 0.961, 100.14, 0, 0, 110.62, 47.473, 0, 0, 0, 0, 0, 13.7, 0.182, 14.5, 0, 2.44, 183, 0, 0, 0, 59.56, 1, 0.006, 0.006, 123.8, 43.893, 100, 0, 0, 141, 39.64, 39.4, 9.52, 0.961, 0, 100.14, 0, 0, 110.62, 47.473, 0, 0, 0, 0, 
15.6, 17.201, 100.323, 73.17, 73.98, , 2.969, 0.986, 923.443, 923.443, 2.448, 72.342, 72.342, 72.342, 51.64, 84.079, 35.6, 36.277, 7.379, 13.307, 0, 0, 9, 9.13, 9, 9.13, 1, 47.397, 47.397, 0.024, 0.138, 19.351, 19.631, 19.351, 19.631, 4.653, 7.379, 13.307, , , 1, 15.639, 0, 0.222, 14.5, 2.448, 183, 0, 0, 0, 59.25, 5.468, 5.414, 123.8, 42.801, 100, 0, 0, 39.875, 39.583, 9.417, 0.957, 99.5, 0, 0, 110.167, 47.588, 0, 0, 0, 0, 0, 13.7, 0.222, 14.5, 0, 2.448, 183, 0, 0, 0, 59.25, 1, 0.006, 0.006, 123.8, 43.565, 100, 0, 0, 141, 39.875, 39.583, 9.417, 0.957, 0, 99.5, 0, 0, 110.167, 47.588, 0, 0, 0, 0, 
15.65, 17.202, 100.323, 73.17, 73.98, , 2.592, 0.986, 926.928, 926.928, 2.454, 63.384, 63.384, 63.384, 51.704, 84.745, 35.6, 35.701, 7.378, 13.315, 0, 0, 7.912, 8.027, 7.912, 8.027, 1, 47.535, 47.535, 0.024, 0.138, 16.933, 17.179, 16.933, 17.179, 4.651, 7.378, 13.315, , , 1, 15.69, 0, 0.261, 14.5, 2.454, 183, 0, 0, 0, 58.938, 5.254, 5.213, 123.8, 42.608, 100, 0, 0, 40.031, 39.688, 9.312, 0.953, 98.875, 0, 0, 109.75, 47.653, 0, 0, 0, 0, 0, 13.7, 0.261, 14.5, 0, 2.454, 183, 0, 0, 0, 58.938, 1, 0.006, 0.006, 123.8, 43.181, 100, 0, 0, 141, 40.031, 39.688, 9.312, 0.953, 0, 98.875, 0, 0, 109.75, 47.653, 0, 0, 0, 0, 
15.7, 17.203, 100.322, 73.17, 73.98, , 2.237, 0.986, 930.413, 930.413, 2.459, 54.966, 54.966, 54.966, 51.764, 85.411, 35.564, 35.247, 7.378, 13.322, 0, 0, 6.879, 6.979, 6.879, 6.979, 1, 47.656, 47.656, 0.024, 0.137, 14.667, 14.879, 14.667, 14.879, 4.65, 7.378, 13.322, , , 1, 15.739, 0, 0.301, 14.5, 2.459, 183, 0, 0, 0, 58.625, 5.039, 5.012, 123.8, 42.415, 100, 0, 0, 40.188, 39.792, 9.208, 0.948, 98.25, 0, 0, 109.333, 47.719, 0, 0, 0, 0, 0, 13.7, 0.301, 14.5, 0, 2.459, 183, 0, 0, 0, 58.625, 1, 0.005, 0.005, 123.8, 42.798, 100, 0, 0, 141, 40.188, 39.792, 9.208, 0.948, 0, 98.25, 0, 0, 109.333, 47.719, 0, 0, 0, 0, 
15.75, 17.204, 100.322, 73.17, 73.98, , 1.998, 0.986, 933.898, 933.898, 2.465, 49.316, 49.316, 49.316, 51.82, 86.077, 35.384, 35.283, 7.377, 13.328, 0, 0, 6.188, 6.278, 6.188, 6.278, 1, 47.761, 47.761, 0.024, 0.137, 13.143, 13.334, 13.143, 13.334, 4.648, 7.377, 13.328, , , 1, 15.789, 0, 0.34, 14.5, 2.465, 183, 0, 0, 0, 58.312, 4.825, 4.811, 123.8, 42.223, 100, 0, 0, 40.344, 39.896, 9.104, 0.944, 97.625, 0, 0, 108.917, 47.784, 0, 0, 0, 0, 0, 13.7, 0.34, 14.5, 0, 2.465, 183, 0, 0, 0, 58.312, 1, 0.005, 0.005, 123.8, 42.414, 100, 0, 0, 141, 40.344, 39.896, 9.104, 0.944, 0, 97.625, 0, 0, 108.917, 47.784, 0, 0, 0, 0, 
15.8, 17.205, 100.322, 73.17, 73.98, , 1.863, 0.986, 937.384, 937.384, 2.471, 46.096, 46.096, 46.096, 51.86, 86.743, 35.204, 35.319, 7.377, 13.357, 0, 0, 5.797, 5.881, 5.797, 5.881, 1, 47.855, 47.855, 0.024, 0.137, 12.273, 12.451, 12.273, 12.451, 4.653, 7.377, 13.357, , , 1, 15.839, 0, 0.38, 14.5, 2.471, 183, 0, 0, 0, 58, 4.61, 4.61, 123.8, 42.03, 100, 0, 0, 40.5, 40, 9, 0.94, 97, 0, 0, 108.5, 47.85, 0, 0, 0, 0, 0, 13.7, 0.38, 14.5, 0, 2.471, 183, 0, 0, 0, 58, 1, 0.005, 0.005, 123.8, 42.03, 100, 0, 0, 141, 40.5, 40, 9, 0.94, 0, 97, 0, 0, 108.5, 47.85, 0, 0, 0, 0, 
15.85, 17.206, 100.321, 73.17, 73.98, , 1.814, 0.986, 940.869, 940.869, 2.477, 44.934, 44.934, 44.934, 51.886, 87.409, 35.024, 35.355, 7.377, 13.392, 0, 0, 5.663, 5.743, 5.663, 5.743, 1, 47.946, 47.946, 0.024, 0.136, 11.958, 12.13, 11.958, 12.13, 4.673, 7.377, 13.392, , , 1, 15.889, 0, 0.361, 14.5, 2.477, 183, 0, 0, 0, 57.423, 4.641, 4.595, 123.8, 40.47, 100, 0, 0, 39.346, 38.942, 8.423, 0.913, 96.327, 0, 0, 107.25, 47.969, 0, 0, 0, 0, 0, 13.7, 0.361, 14.5, 0, 2.477, 183, 0, 0, 0, 57.423, 1, 0.005, 0.005, 123.8, 40.47, 100, 0, 0, 141, 39.346, 38.942, 8.423, 0.913, 0, 96.327, 0, 0, 107.25, 47.969, 0, 0, 0, 0, 
15.9, 17.207, 100.321, 73.17, 73.98, , 1.735, 0.986, 944.354, 944.354, 2.482, 43.08, 43.08, 43.08, 51.904, 88.075, 34.844, 35.391, 7.377, 13.443, 0, 0, 5.439, 5.515, 5.439, 5.515, 1, 48.035, 48.035, 0.024, 0.136, 11.46, 11.625, 11.46, 11.625, 4.694, 7.377, 13.443, , , 1, 15.939, 0, 0.342, 14.5, 2.482, 183, 0, 0, 0, 56.846, 4.672, 4.579, 123.8, 38.911, 100, 0, 0, 38.192, 37.885, 7.846, 0.886, 95.654, 0, 0, 106, 48.088, 0, 0, 0, 0, 0, 13.7, 0.342, 14.5, 0, 2.482, 183, 0, 0, 0, 56.846, 1, 0.005, 0.005, 123.8, 38.911, 100, 0, 0, 141, 38.192, 37.885, 7.846, 0.886, 0, 95.654, 0, 0, 106, 48.088, 0, 0, 0, 0, 
15.95, 17.209, 100.321, 73.17, 73.98, , 1.675, 0.986, 947.871, 947.871, 2.488, 41.657, 41.657, 41.657, 51.924, 88.741, 34.735, 35.448, 7.377, 13.499, 0, 0, 5.268, 5.342, 5.268, 5.342, 1, 48.119, 48.119, 0.024, 0.136, 11.076, 11.236, 11.076, 11.236, 4.714, 7.377, 13.499, , , 1, 15.989, 0, 0.322, 14.5, 2.488, 183, 0, 0, 0, 56.269, 4.702, 4.564, 123.8, 37.351, 100, 0, 0, 37.038, 36.827, 7.269, 0.859, 94.981, 0, 0, 104.75, 48.208, 0, 0, 0, 0, 0, 13.7, 0.322, 14.5, 0, 2.488, 183, 0, 0, 0, 56.269, 1, 0.005, 0.005, 123.8, 37.351, 100, 0, 0, 141, 37.038, 36.827, 7.269, 0.859, 0, 94.981, 0, 0, 104.75, 48.208, 0, 0, 0, 0, 
16, 17.21, 100.32, 73.17, 73.98, , 1.638, 0.986, 951.393, 951.393, 2.493, 40.765, 40.765, 40.765, 51.945, 89.407, 34.91, 35.588, 7.377, 13.562, 0, 0, 5.164, 5.236, 5.164, 5.236, 1, 48.202, 48.202, 0.024, 0.136, 10.834, 10.991, 10.834, 10.991, 4.735, 7.377, 13.562, , , 1, 16.04, 0, 0.303, 14.5, 2.493, 183, 0, 0, 0, 55.692, 4.733, 4.548, 123.8, 35.792, 100, 0, 0, 35.885, 35.769, 6.692, 0.832, 94.308, 0, 0, 103.5, 48.327, 0, 0, 0, 0, 0, 13.7, 0.303, 14.5, 0, 2.493, 183, 0, 0, 0, 55.692, 1, 0.005, 0.005, 123.8, 35.792, 100, 0, 0, 141, 35.885, 35.769, 6.692, 0.832, 0, 94.308, 0, 0, 103.5, 48.327, 0, 0, 0, 0, 
16.05, 17.211, 100.32, 73.172, 73.98, , 1.624, 0.986, 954.878, 954.878, 2.499, 40.456, 40.456, 40.456, 51.963, 90.073, 35.085, 35.728, 7.377, 13.629, 0, 0, 5.136, 5.208, 5.136, 5.208, 1, 48.283, 48.283, 0.024, 0.136, 10.749, 10.902, 10.749, 10.902, 4.757, 7.377, 13.629, , , 1, 16.09, 0, 0.284, 14.5, 2.499, 183, 0, 0, 0, 55.115, 4.764, 4.533, 123.8, 34.232, 100, 0, 0, 34.731, 34.712, 6.115, 0.805, 93.635, 0, 0, 102.25, 48.446, 0, 0, 0, 0, 0, 13.7, 0.284, 14.5, 0, 2.499, 183, 0, 0, 0, 55.115, 1, 0.005, 0.005, 123.8, 34.232, 100, 0, 0, 141, 34.731, 34.712, 6.115, 0.805, 0, 93.635, 0, 0, 102.25, 48.446, 0, 0, 0, 0, 
16.1, 17.212, 100.321, 73.176, 73.98, , 1.552, 0.986, 958.414, 958.414, 2.505, 38.728, 38.728, 38.728, 51.981, 90.739, 35.26, 35.868, 7.377, 13.677, 0, 0, 4.925, 4.995, 4.925, 4.995, 1, 48.36, 48.36, 0.024, 0.136, 10.287, 10.432, 10.287, 10.432, 4.779, 7.377, 13.677, , , 1, 16.14, 0, 0.237, 14.5, 2.505, 183, 0, 0, 0, 55, 4.754, 4.528, 123.8, 33.892, 100, 0, 0, 34.538, 34.615, 5.846, 0.802, 93.577, 0, 0, 102.038, 48.565, 0, 0, 0, 0, 0, 13.7, 0.237, 14.5, 0, 2.505, 183, 0, 0, 0, 55, 1, 0.005, 0.005, 123.8, 33.892, 100, 0, 0, 141, 34.538, 34.615, 5.846, 0.802, 0, 93.577, 0, 0, 102.038, 48.565, 0, 0, 0, 0, 
16.15, 17.213, 100.321, 73.18, 73.98, , 1.53, 0.986, 961.952, 961.952, 2.512, 38.226, 38.226, 38.226, 52, 91.405, 35.435, 36.008, 7.377, 13.715, 0, 0, 4.869, 4.939, 4.869, 4.939, 1, 48.436, 48.436, 0.024, 0.135, 10.15, 10.294, 10.15, 10.294, 4.801, 7.377, 13.715, , , 1, 16.19, 0, 0.183, 14.5, 2.512, 183, 0, 0, 0, 55, 4.734, 4.525, 123.8, 33.856, 100, 0, 0, 34.587, 34.76, 5.654, 0.803, 93.673, 0, 0, 102.087, 48.685, 0, 0, 0, 0, 0, 13.7, 0.183, 14.5, 0, 2.512, 183, 0, 0, 0, 55, 1, 0.005, 0.005, 123.8, 33.856, 100, 0, 0, 141, 34.587, 34.76, 5.654, 0.803, 0, 93.673, 0, 0, 102.087, 48.685, 0, 0, 0, 0, 
16.2, 17.214, 100.321, 73.183, 73.98, , 1.553, 0.986, 965.507, 965.507, 2.518, 38.765, 38.765, 38.765, 52.009, 92.071, 35.589, 36.147, 7.377, 13.736, 0, 0, 4.946, 5.017, 4.946, 5.017, 1, 48.512, 48.512, 0.024, 0.135, 10.291, 10.438, 10.291, 10.438, 4.824, 7.377, 13.736, , , 1, 16.24, 0, 0.129, 14.5, 2.518, 183, 0, 0, 0, 55, 4.713, 4.522, 123.8, 33.82, 100, 0, 0, 34.635, 34.904, 5.462, 0.805, 93.769, 0, 0, 102.135, 48.804, 0, 0, 0, 0, 0, 13.7, 0.129, 14.5, 0, 2.518, 183, 0, 0, 0, 55, 1, 0.005, 0.005, 123.8, 33.82, 100, 0, 0, 141, 34.635, 34.904, 5.462, 0.805, 0, 93.769, 0, 0, 102.135, 48.804, 0, 0, 0, 0, 
16.25, 17.215, 100.322, 73.187, 73.98, , 1.604, 0.986, 969.098, 969.098, 2.525, 39.973, 39.973, 39.973, 52.011, 92.737, 35.404, 36.258, 7.377, 13.749, 0, 0, 5.108, 5.18, 5.108, 5.18, 1, 48.591, 48.591, 0.024, 0.136, 10.61, 10.763, 10.61, 10.763, 4.834, 7.377, 13.749, , , 1, 16.29, 0, 0.075, 14.5, 2.525, 183, 0, 0, 0, 55, 4.693, 4.519, 123.8, 33.785, 100, 0, 0, 34.683, 35.048, 5.269, 0.807, 93.865, 0, 0, 102.183, 48.923, 0, 0, 0, 0, 0, 13.7, 0.075, 14.5, 0, 2.525, 183, 0, 0, 0, 55, 1, 0.005, 0.005, 123.8, 33.785, 100, 0, 0, 141, 34.683, 35.048, 5.269, 0.807, 0, 93.865, 0, 0, 102.183, 48.923, 0, 0, 0, 0, 
16.3, 17.217, 100.322, 73.191, 73.98, , 1.567, 0.986, 972.636, 972.636, 2.531, 39.103, 39.103, 39.103, 52.007, 93.402, 35.219, 36.369, 7.377, 13.742, 0, 0, 5.004, 5.076, 5.004, 5.076, 1, 48.67, 48.67, 0.024, 0.136, 10.379, 10.53, 10.379, 10.53, 4.844, 7.377, 13.742, , , 1, 16.34, 0, 0.022, 14.5, 2.531, 183, 0, 0, 0, 55, 4.673, 4.516, 123.8, 33.749, 100, 0, 0, 34.731, 35.192, 5.077, 0.809, 93.962, 0, 0, 102.231, 49.042, 0, 0, 0, 0, 0, 13.7, 0.022, 14.5, 0, 2.531, 183, 0, 0, 0, 55, 1, 0.005, 0.005, 123.8, 33.749, 100, 0, 0, 141, 34.731, 35.192, 5.077, 0.809, 0, 93.962, 0, 0, 102.231, 49.042, 0, 0, 0, 0, 
16.35, 17.218, 100.322, 73.195, 73.98, , 1.578, 0.986, 976.174, 976.174, 2.537, 39.353, 39.353, 39.353, 52, 94.068, 35.033, 36.48, 7.377, 13.722, 0, 0, 5.043, 5.117, 5.043, 5.117, 1, 48.748, 48.748, 0.024, 0.136, 10.447, 10.599, 10.447, 10.599, 4.854, 7.377, 13.722, , , 1, 16.39, 0, 0, 14.493, 2.537, 183, 0, 0, 0, 55, 4.673, 4.525, 123.8, 33.711, 100, 0, 0, 34.815, 35.282, 5, 0.811, 94.033, 0, 0, 102.283, 49.13, 0, 0, 0, 0, 0, 13.7, 0, 14.493, 0, 2.537, 183, 0, 0, 0, 55, 1, 0.005, 0.005, 123.8, 33.711, 100, 0, 0, 141, 34.815, 35.283, 5, 0.811, 0, 94.033, 0, 0, 102.283, 49.13, 0, 0, 0, 0, 
16.4, 17.219, 100.323, 73.199, 73.98, , 1.598, 0.986, 979.733, 979.733, 2.541, 39.846, 39.846, 39.846, 51.994, 94.734, 34.848, 36.591, 7.377, 13.677, 0, 0, 5.113, 5.189, 5.113, 5.189, 1, 48.829, 48.829, 0.024, 0.136, 10.578, 10.733, 10.578, 10.733, 4.864, 7.377, 13.677, , , 1, 16.44, 0, 0, 14.483, 2.541, 183, 0, 0, 0, 55, 4.686, 4.543, 123.8, 33.671, 100, 0, 0, 34.924, 35.337, 5, 0.813, 94.087, 0, 0, 102.337, 49.197, 0, 0, 0, 0, 0, 13.7, 0, 14.483, 0, 2.541, 183, 0, 0, 0, 55, 1, 0.005, 0.005, 123.8, 33.671, 100, 0, 0, 141, 34.924, 35.337, 5, 0.813, 0, 94.087, 0, 0, 102.337, 49.197, 0, 0, 0, 0, 
16.45, 17.22, 100.323, 73.202, 73.98, , 1.605, 0.986, 983.326, 983.326, 2.546, 40.001, 40.001, 40.001, 51.995, 95.4, 34.765, 36.622, 7.377, 13.616, 0, 0, 5.14, 5.218, 5.14, 5.218, 1, 48.909, 48.909, 0.024, 0.136, 10.62, 10.775, 10.62, 10.775, 4.845, 7.377, 13.616, , , 1, 16.49, 0, 0, 14.472, 2.546, 183, 0, 0, 0, 55, 4.699, 4.56, 123.8, 33.63, 100, 0, 0, 35.033, 35.391, 5, 0.816, 94.141, 0, 0, 102.391, 49.264, 0, 0, 0, 0, 0, 13.7, 0, 14.472, 0, 2.546, 183, 0, 0, 0, 55, 1, 0.005, 0.005, 123.8, 33.63, 100, 0, 0, 141, 35.033, 35.391, 5, 0.816, 0, 94.141, 0, 0, 102.391, 49.264, 0, 0, 0, 0, 
16.5, 17.221, 100.324, 73.206, 73.98, , 1.634, 0.986, 986.919, 986.919, 2.55, 40.701, 40.701, 40.701, 52.003, 96.066, 35.089, 36.334, 7.377, 13.536, 0, 0, 5.238, 5.318, 5.238, 5.318, 1, 48.99, 48.99, 0.024, 0.137, 10.804, 10.961, 10.804, 10.961, 4.826, 7.377, 13.536, , , 1, 16.539, 0, 0, 14.461, 2.55, 183, 0, 0, 0, 55, 4.712, 4.577, 123.8, 33.59, 100, 0, 0, 35.141, 35.445, 5, 0.818, 94.196, 0, 0, 102.446, 49.332, 0, 0, 0, 0, 0, 13.7, 0, 14.461, 0, 2.55, 183, 0, 0, 0, 55, 1, 0.005, 0.005, 123.8, 33.59, 100, 0, 0, 141, 35.141, 35.446, 5, 0.818, 0, 94.196, 0, 0, 102.446, 49.332, 0, 0, 0, 0, 
16.55, 17.222, 100.324, 73.21, 73.98, , 1.659, 0.986, 990.469, 990.469, 2.554, 41.279, 41.279, 41.279, 52.017, 96.732, 35.413, 36.046, 7.377, 13.444, 0, 0, 5.322, 5.402, 5.322, 5.402, 1, 49.072, 49.072, 0.024, 0.137, 10.956, 11.115, 10.956, 11.115, 4.807, 7.377, 13.444, , , 1, 16.589, 0, 0, 14.45, 2.554, 183, 0, 0, 0, 55, 4.725, 4.595, 123.8, 33.55, 100, 0, 0, 35.25, 35.499, 5, 0.82, 94.25, 0, 0, 102.5, 49.399, 0, 0, 0, 0, 0, 13.7, 0, 14.45, 0, 2.554, 183, 0, 0, 0, 55, 1, 0.005, 0.005, 123.8, 33.55, 100, 0, 0, 141, 35.25, 35.5, 5, 0.82, 0, 94.25, 0, 0, 102.5, 49.399, 0, 0, 0, 0, 
16.6, 17.222, 100.324, 73.214, 73.98, , 1.676, 0.986, 994.031, 994.031, 2.557, 41.686, 41.686, 41.686, 52.037, 97.398, 35.737, 35.758, 7.377, 13.349, 0, 0, 5.384, 5.464, 5.384, 5.464, 1, 49.155, 49.155, 0.024, 0.137, 11.061, 11.222, 11.061, 11.222, 4.787, 7.377, 13.349, , , 1, 16.64, 0, 0, 14.439, 2.557, 183, 0, 0, 0, 55, 4.724, 4.598, 123.8, 33.55, 100, 0, 0, 35.304, 35.5, 5, 0.82, 94.304, 0, 0, 102.5, 49.466, 0, 0, 0, 0, 0, 13.7, 0, 14.439, 0, 2.557, 183, 0, 0, 0, 55, 1, 0.005, 0.005, 123.8, 33.55, 100, 0, 0, 141, 35.304, 35.5, 5, 0.82, 0, 94.304, 0, 0, 102.5, 49.466, 0, 0, 0, 0, 
16.65, 17.223, 100.325, 73.218, 73.98, , 1.678, 0.986, 997.624, 997.624, 2.56, 41.732, 41.732, 41.732, 52.049, 98.064, 36.061, 35.47, 7.377, 13.251, 0, 0, 5.401, 5.478, 5.401, 5.478, 1, 49.238, 49.238, 0.024, 0.137, 11.07, 11.232, 11.07, 11.232, 4.78, 7.377, 13.251, , , 1, 16.689, 0, 0, 14.428, 2.56, 183, 0, 0, 0, 55, 4.723, 4.601, 123.8, 33.55, 100, 0, 0, 35.359, 35.5, 5, 0.82, 94.359, 0, 0, 102.5, 49.534, 0, 0, 0, 0, 0, 13.7, 0, 14.428, 0, 2.56, 183, 0, 0, 0, 55, 1, 0.005, 0.005, 123.8, 33.55, 100, 0, 0, 141, 35.359, 35.5, 5, 0.82, 0, 94.359, 0, 0, 102.5, 49.534, 0, 0, 0, 0, 
16.7, 17.224, 100.325, 73.222, 73.98, , 1.635, 0.986, 1001.216, 1001.216, 2.563, 40.73, 40.73, 40.73, 52.059, 98.73, 36.27, 35.233, 7.377, 13.171, 0, 0, 5.28, 5.355, 5.28, 5.355, 1, 49.32, 49.32, 0.024, 0.137, 10.802, 10.96, 10.802, 10.96, 4.776, 7.377, 13.171, , , 1, 16.739, 0, 0, 14.417, 2.563, 183, 0, 0, 0, 55, 4.722, 4.605, 123.8, 33.55, 100, 0, 0, 35.413, 35.5, 5, 0.82, 94.413, 0, 0, 102.5, 49.602, 0, 0, 0, 0, 0, 13.7, 0, 14.417, 0, 2.563, 183, 0, 0, 0, 55, 1, 0.005, 0.005, 123.8, 33.55, 100, 0, 0, 141, 35.413, 35.5, 5, 0.82, 0, 94.413, 0, 0, 102.5, 49.602, 0, 0, 0, 0, 
16.75, 17.225, 100.326, 73.225, 73.98, , 1.603, 0.986, 1004.857, 1004.857, 2.565, 39.964, 39.964, 39.964, 52.065, 89.168, 36.018, 35.197, 7.377, 13.104, 0, 0, 5.189, 5.264, 5.189, 5.264, 1, 49.4, 49.4, 0.024, 0.137, 10.597, 10.753, 10.597, 10.753, 4.773, 7.377, 13.104, , , 1, 16.79, 0, 0, 14.407, 2.565, 183, 0, 0, 0, 55, 4.721, 4.608, 123.8, 33.55, 100, 0, 0, 35.467, 35.5, 5, 0.82, 94.467, 0, 0, 102.5, 49.669, 0, 0, 0, 0, 0, 13.7, 0, 14.407, 0, 2.565, 183, 0, 0, 0, 55, 1, 0.005, 0.005, 123.8, 33.55, 100, 0, 0, 141, 35.467, 35.5, 5, 0.82, 0, 94.467, 0, 0, 102.5, 49.669, 0, 0, 0, 0, 
16.8, 17.225, 100.326, 73.229, 73.98, , 1.564, 0.986, 1008.472, 1008.472, 2.569, 39.038, 39.038, 39.038, 52.067, 79.605, 35.766, 35.161, 7.377, 13.052, 0, 0, 5.077, 5.151, 5.077, 5.151, 1, 49.479, 49.479, 0.024, 0.137, 10.351, 10.504, 10.351, 10.504, 4.769, 7.377, 13.052, , , 1, 16.84, 0, 0, 14.4, 2.569, 183, 0, 0, 0, 55, 4.717, 4.61, 123.8, 33.522, 100, 0, 0, 35.519, 35.519, 5, 0.819, 94.5, 0, 0, 102.519, 49.758, 0, 0, 0, 0, 0, 13.708, 0, 14.4, 0, 2.569, 183, 0, 0, 0, 55, 1, 0.005, 0.005, 123.8, 33.521, 100, 0, 0, 141, 35.519, 35.519, 5, 0.819, 0, 94.5, 0, 0, 102.519, 49.758, 0, 0, 0, 0, 
16.85, 17.226, 100.326, 73.233, 73.98, , 1.517, 0.986, 1012.08, 1012.08, 2.575, 37.921, 37.921, 37.921, 52.067, 70.043, 35.514, 35.125, 7.377, 13.013, 0, 0, 4.939, 5.011, 4.939, 5.011, 1, 49.557, 49.557, 0.024, 0.136, 10.054, 10.202, 10.054, 10.202, 4.79, 7.377, 13.013, , , 1, 16.89, 0, 0, 14.4, 2.575, 183, 0, 0, 0, 55, 4.708, 4.609, 123.8, 33.45, 100, 0, 0, 35.567, 35.567, 5, 0.817, 94.5, 0, 0, 102.567, 49.877, 0, 0, 0, 0, 0, 13.727, 0, 14.4, 0, 2.575, 183, 0, 0, 0, 55, 1, 0.005, 0.005, 123.8, 33.45, 100, 0, 0, 141, 35.567, 35.567, 5, 0.817, 0, 94.5, 0, 0, 102.567, 49.877, 0, 0, 0, 0, 
16.9, 17.227, 100.327, 73.237, 73.98, , 1.464, 0.986, 1015.728, 1015.728, 2.58, 36.665, 36.665, 36.665, 52.07, 60.48, 35.262, 35.089, 7.377, 12.983, 0, 0, 4.782, 4.852, 4.782, 4.852, 1, 49.632, 49.632, 0.024, 0.136, 9.72, 9.862, 9.72, 9.862, 4.82, 7.377, 12.983, , , 1, 16.939, 0, 0, 14.4, 2.58, 183, 0, 0, 0, 55, 4.699, 4.608, 123.8, 33.379, 100, 0, 0, 35.615, 35.615, 5, 0.815, 94.5, 0, 0, 102.615, 49.996, 0, 0, 0, 0, 0, 13.746, 0, 14.4, 0, 2.58, 183, 0, 0, 0, 55, 1, 0.005, 0.005, 123.8, 33.379, 100, 0, 0, 141, 35.615, 35.615, 5, 0.815, 0, 94.5, 0, 0, 102.615, 49.996, 0, 0, 0, 0, 
16.95, 17.228, 100.327, 73.241, 73.98, , 1.477, 0.986, 1019.321, 1019.321, 2.586, 36.986, 36.986, 36.986, 52.073, 50.918, 35.06, 35.06, 7.377, 12.962, 0, 0, 4.832, 4.903, 4.832, 4.903, 1, 49.706, 49.706, 0.024, 0.136, 9.805, 9.947, 9.805, 9.947, 4.849, 7.377, 12.962, , , 1, 16.989, 0, 0, 14.4, 2.586, 183, 0, 0, 0, 55, 4.691, 4.607, 123.8, 33.308, 100, 0, 0, 35.663, 35.663, 5, 0.813, 94.5, 0, 0, 102.663, 50.115, 0, 0, 0, 0, 0, 13.765, 0, 14.4, 0, 2.586, 183, 0, 0, 0, 55, 1, 0.005, 0.005, 123.8, 33.307, 100, 0, 0, 141, 35.663, 35.663, 5, 0.813, 0, 94.5, 0, 0, 102.663, 50.115, 0, 0, 0, 0, 
17, 17.228, 100.327, 73.244, 73.98, , 1.496, 0.986, 1022.952, 1022.952, 2.592, 37.438, 37.438, 37.438, 52.075, 41.355, 35.06, 35.06, 7.377, 12.943, 0, 0, 4.899, 4.969, 4.899, 4.969, 1, 49.779, 49.779, 0.024, 0.136, 9.924, 10.068, 9.924, 10.068, 4.879, 7.377, 12.943, , , 1, 17.039, 0, 0, 14.4, 2.592, 183, 0, 0, 0, 55, 4.682, 4.606, 123.8, 33.237, 100, 0, 0, 35.712, 35.712, 5, 0.812, 94.5, 0, 0, 102.712, 50.235, 0, 0, 0, 0, 0, 13.785, 0, 14.4, 0, 2.592, 183, 0, 0, 0, 55, 1, 0.005, 0.005, 123.8, 33.236, 100, 0, 0, 141, 35.712, 35.712, 5, 0.812, 0, 94.5, 0, 0, 102.712, 50.235, 0, 0, 0, 0, 
17.05, 17.229, 100.328, 73.248, 73.98, , 1.51, 0.986, 1026.6, 1026.6, 2.596, 37.771, 37.771, 37.771, 52.073, 58.593, 35.06, 35.06, 7.378, 12.926, 0, 0, 4.951, 5.021, 4.951, 5.021, 1, 49.854, 49.854, 0.024, 0.135, 10.013, 10.158, 10.013, 10.158, 4.907, 7.378, 12.926, , , 1, 17.089, 0, 0, 14.4, 2.596, 183, 0, 0, 0, 55, 4.674, 4.604, 123.8, 33.171, 100, 0, 0, 35.762, 35.762, 5.024, 0.81, 94.5, 0, 0, 102.762, 50.33, 0, 0, 0, 0, 0, 13.8, 0, 14.4, 0, 2.596, 183, 0, 0, 0, 55, 1, 0.005, 0.005, 123.8, 33.17, 100, 0, 0, 141, 35.762, 35.762, 5.024, 0.81, 0, 94.5, 0, 0, 102.762, 50.33, 0, 0, 0, 0, 
17.1, 17.23, 100.328, 73.252, 73.98, , 1.511, 0.986, 1030.249, 1030.249, 2.598, 37.794, 37.794, 37.794, 52.072, 59.503, 35.06, 35.06, 7.378, 12.91, 0, 0, 4.961, 5.031, 4.961, 5.031, 1, 49.929, 49.929, 0.024, 0.135, 10.02, 10.165, 10.02, 10.165, 4.934, 7.378, 12.91, , , 1, 17.139, 0, 0, 14.4, 2.598, 183, 0, 0, 0, 55, 4.671, 4.598, 123.8, 33.127, 100, 0, 0, 35.821, 35.821, 5.143, 0.807, 94.5, 0, 0, 102.821, 50.33, 0, 0, 0, 0, 0, 13.8, 0, 14.4, 0, 2.598, 183, 0, 0, 0, 55, 1, 0.005, 0.005, 123.8, 33.127, 100, 0, 0, 141, 35.821, 35.821, 5.143, 0.807, 0, 94.5, 0, 0, 102.821, 50.33, 0, 0, 0, 0, 
17.15, 17.231, 100.329, 73.256, 73.98, , 1.494, 0.986, 1033.897, 1033.897, 2.6, 37.394, 37.394, 37.394, 52.073, 60.414, 35.06, 35.06, 7.379, 12.897, 0, 0, 4.914, 4.984, 4.914, 4.984, 1, 50.005, 50.005, 0.024, 0.135, 9.915, 10.058, 9.915, 10.058, 4.961, 7.379, 12.897, , , 1, 17.189, 0, 0, 14.4, 2.6, 183, 0, 0, 0, 55, 4.667, 4.592, 123.8, 33.083, 100, 0, 0, 35.881, 35.881, 5.262, 0.805, 94.5, 0, 0, 102.881, 50.33, 0, 0, 0, 0, 0, 13.8, 0, 14.4, 0, 2.6, 183, 0, 0, 0, 55, 1, 0.005, 0.005, 123.8, 33.083, 100, 0, 0, 141, 35.881, 35.881, 5.262, 0.805, 0, 94.5, 0, 0, 102.881, 50.33, 0, 0, 0, 0, 
17.2, 17.231, 100.329, 73.26, 73.98, , 1.383, 0.986, 1037.546, 1037.546, 2.602, 34.763, 34.763, 34.763, 52.078, 61.324, 35.038, 35.11, 7.38, 12.882, 0, 0, 4.573, 4.638, 4.573, 4.638, 1, 50.077, 50.077, 0.024, 0.135, 9.218, 9.35, 9.218, 9.35, 4.989, 7.38, 12.882, , , 1, 17.239, 0, 0, 14.4, 2.602, 183, 0, 0, 0, 55, 4.664, 4.586, 123.8, 33.039, 100, 0, 0, 35.94, 35.94, 5.381, 0.802, 94.5, 0, 0, 102.94, 50.33, 0, 0, 0, 0, 0, 13.8, 0, 14.4, 0, 2.602, 183, 0, 0, 0, 55, 1, 0.005, 0.005, 123.8, 33.039, 100, 0, 0, 141, 35.94, 35.94, 5.381, 0.802, 0, 94.5, 0, 0, 102.94, 50.33, 0, 0, 0, 0, 
17.25, 17.232, 100.329, 73.263, 73.98, , 1.173, 0.986, 1041.228, 1041.228, 2.604, 29.789, 29.789, 29.789, 52.089, 62.235, 34.93, 35.362, 7.381, 12.868, 0, 0, 3.923, 3.979, 3.923, 3.979, 1, 50.144, 50.144, 0.024, 0.135, 7.9, 8.012, 7.9, 8.012, 5.009, 7.381, 12.868, , , 1, 17.289, 0, 0, 14.4, 2.604, 183, 0, 0, 0, 55, 4.66, 4.58, 123.8, 32.995, 100, 0, 0, 36, 36, 5.5, 0.8, 94.5, 0, 0, 103, 50.33, 0, 0, 0, 0, 0, 13.8, 0, 14.4, 0, 2.604, 183, 0, 0, 0, 55, 1, 0.005, 0.005, 123.8, 32.995, 100, 0, 0, 141, 36, 36, 5.5, 0.8, 0, 94.5, 0, 0, 103, 50.33, 0, 0, 0, 0, 
17.3, 17.233, 100.33, 73.267, 73.98, , 0.921, 0.986, 1044.916, 1044.916, 2.609, 23.804, 23.804, 23.804, 52.118, 63.145, 34.822, 35.614, 7.382, 12.856, 0, 0, 3.139, 3.183, 3.139, 3.183, 1, 50.194, 50.194, 0.024, 0.135, 6.312, 6.401, 6.312, 6.401, 5.007, 7.382, 12.856, , , 1, 17.339, 0, 0, 14.4, 2.609, 183, 0, 0, 0, 54.793, 4.597, 4.52, 123.8, 32.802, 100, 0, 0, 35.689, 35.689, 5.5, 0.796, 94.396, 0, 0, 102.689, 50.459, 0, 0, 0, 0, 0, 13.8, 0, 14.4, 0, 2.609, 183, 0, 0, 0, 54.793, 1, 0.005, 0.005, 123.8, 32.802, 100, 0, 0, 141, 35.689, 35.689, 5.5, 0.796, 0, 94.396, 0, 0, 102.689, 50.459, 0, 0, 0, 0, 
17.35, 17.234, 100.33, 73.27, 73.98, , 0.707, 0.986, 1048.566, 1048.566, 2.614, 18.738, 18.738, 18.738, 52.15, 64.056, 34.714, 35.866, 7.382, 12.846, 0, 0, 2.474, 2.509, 2.474, 2.509, 1, 50.234, 50.234, 0.024, 0.135, 4.967, 5.037, 4.967, 5.037, 5.005, 7.382, 12.846, , , 1, 17.389, 0, 0, 14.4, 2.614, 183, 0, 0, 0, 54.585, 4.533, 4.46, 123.8, 32.61, 100, 0, 0, 35.378, 35.378, 5.5, 0.792, 94.293, 0, 0, 102.378, 50.587, 0, 0, 0, 0, 0, 13.8, 0, 14.4, 0, 2.614, 183, 0, 0, 0, 54.585, 1, 0.005, 0.005, 123.8, 32.61, 100, 0, 0, 141, 35.378, 35.378, 5.5, 0.792, 0, 94.293, 0, 0, 102.378, 50.587, 0, 0, 0, 0, 
17.4, 17.235, 100.33, 73.27, 73.98, , 0.519, 0.986, 1052.273, 1052.273, 2.62, 14.256, 14.256, 14.256, 52.184, 64.966, 34.606, 36.118, 7.382, 12.837, 0, 0, 1.885, 1.911, 1.885, 1.911, 1, 50.265, 50.265, 0.024, 0.135, 3.777, 3.83, 3.777, 3.83, 5.002, 7.382, 12.837, , , 1, 17.439, 0, 0, 14.4, 2.62, 183, 0, 0, 0, 54.378, 4.47, 4.4, 123.8, 32.417, 100, 0, 0, 35.066, 35.066, 5.5, 0.788, 94.189, 0, 0, 102.066, 50.716, 0, 0, 0, 0, 0, 13.8, 0, 14.4, 0, 2.62, 183, 0, 0, 0, 54.378, 1, 0.005, 0.005, 123.8, 32.417, 100, 0, 0, 141, 35.066, 35.066, 5.5, 0.788, 0, 94.189, 0, 0, 102.066, 50.716, 0, 0, 0, 0, 
17.45, 17.235, 100.33, 73.27, 73.98, , 0.463, 0.986, 1055.934, 1055.934, 2.625, 12.944, 12.944, 12.944, 52.219, 65.877, 34.563, 36.284, 7.382, 12.828, 0, 0, 1.712, 1.737, 1.712, 1.737, 1, 50.288, 50.288, 0.024, 0.136, 3.425, 3.475, 3.425, 3.475, 4.999, 7.382, 12.828, , , 1, 17.49, 0, 0, 14.4, 2.625, 183, 0, 0, 0, 54.17, 4.407, 4.339, 123.8, 32.224, 100, 0, 0, 34.755, 34.755, 5.5, 0.783, 94.085, 0, 0, 101.755, 50.845, 0, 0, 0, 0, 0, 13.8, 0, 14.4, 0, 2.625, 183, 0, 0, 0, 54.17, 1, 0.005, 0.005, 123.8, 32.224, 100, 0, 0, 141, 34.755, 34.755, 5.5, 0.783, 0, 94.085, 0, 0, 101.755, 50.845, 0, 0, 0, 0, 
17.5, 17.236, 100.33, 73.27, 73.98, , 0.467, 0.986, 1059.611, 1059.611, 2.629, 13.037, 13.037, 13.037, 52.244, 66.788, 34.779, 36.104, 7.382, 12.814, 0, 0, 1.726, 1.751, 1.726, 1.751, 1, 50.312, 50.312, 0.024, 0.136, 3.446, 3.497, 3.446, 3.497, 4.99, 7.382, 12.814, , , 1, 17.54, 0, 0, 14.4, 2.629, 183, 0, 0, 0, 53.962, 4.347, 4.279, 123.8, 32.024, 100, 0, 0, 34.462, 34.462, 5.479, 0.779, 93.962, 0, 0, 101.444, 50.95, 0, 0, 0, 0, 0, 13.8, 0, 14.4, 0, 2.629, 183, 0, 0, 0, 53.962, 1, 0.004, 0.004, 123.8, 32.024, 100, 0, 0, 141, 34.462, 34.462, 5.479, 0.779, 0, 93.962, 0, 0, 101.444, 50.95, 0, 0, 0, 0, 
17.55, 17.237, 100.33, 73.27, 73.98, , 0.473, 0.986, 1063.304, 1063.304, 2.63, 13.177, 13.177, 13.177, 52.258, 67.698, 34.995, 35.924, 7.38, 12.791, 0, 0, 1.745, 1.77, 1.745, 1.77, 1, 50.337, 50.337, 0.024, 0.136, 3.481, 3.532, 3.481, 3.532, 4.982, 7.38, 12.791, , , 1, 17.589, 0, 0, 14.4, 2.63, 183, 0, 0, 0, 53.753, 4.299, 4.218, 123.8, 31.792, 100, 0, 0, 34.253, 34.253, 5.375, 0.775, 93.753, 0, 0, 101.13, 50.95, 0, 0, 0, 0, 0, 13.8, 0, 14.4, 0, 2.63, 183, 0, 0, 0, 53.753, 1, 0.004, 0.004, 123.8, 31.791, 100, 0, 0, 141, 34.253, 34.253, 5.375, 0.775, 0, 93.753, 0, 0, 101.13, 50.95, 0, 0, 0, 0, 
17.6, 17.238, 100.33, 73.27, 73.98, , 0.417, 0.986, 1066.952, 1066.952, 2.631, 11.853, 11.853, 11.853, 52.267, 68.609, 35.211, 35.744, 7.379, 12.764, 0, 0, 1.57, 1.592, 1.57, 1.592, 1, 50.359, 50.359, 0.024, 0.136, 3.129, 3.177, 3.129, 3.177, 4.973, 7.379, 12.764, , , 1, 17.639, 0, 0, 14.4, 2.631, 183, 0, 0, 0, 53.544, 4.252, 4.158, 123.8, 31.561, 100, 0, 0, 34.044, 34.044, 5.271, 0.771, 93.544, 0, 0, 100.816, 50.95, 0, 0, 0, 0, 0, 13.8, 0, 14.4, 0, 2.631, 183, 0, 0, 0, 53.544, 1, 0.004, 0.004, 123.8, 31.559, 100, 0, 0, 141, 34.044, 34.044, 5.271, 0.771, 0, 93.544, 0, 0, 100.816, 50.95, 0, 0, 0, 0, 
17.65, 17.238, 100.33, 73.27, 73.98, , 0.451, 0.986, 1070.656, 1070.656, 2.632, 12.653, 12.653, 12.653, 52.272, 69.519, 35.427, 35.564, 7.378, 12.729, 0, 0, 1.675, 1.699, 1.675, 1.699, 1, 50.381, 50.381, 0.024, 0.136, 3.34, 3.391, 3.34, 3.391, 4.965, 7.378, 12.729, , , 1, 17.689, 0, 0, 14.4, 2.632, 183, 0, 0, 0, 53.335, 4.205, 4.097, 123.8, 31.33, 100, 0, 0, 33.835, 33.835, 5.167, 0.767, 93.335, 0, 0, 100.502, 50.95, 0, 0, 0, 0, 0, 13.8, 0, 14.4, 0, 2.632, 183, 0, 0, 0, 53.335, 1, 0.004, 0.004, 123.8, 31.327, 100, 0, 0, 141, 33.835, 33.835, 5.167, 0.767, 0, 93.335, 0, 0, 100.502, 50.95, 0, 0, 0, 0, 
17.7, 17.239, 100.33, 73.27, 73.98, , 0.417, 0.986, 1074.362, 1074.362, 2.633, 11.837, 11.837, 11.837, 52.27, 70.43, 35.586, 35.463, 7.378, 12.692, 0, 0, 1.567, 1.591, 1.567, 1.591, 1, 50.404, 50.404, 0.024, 0.136, 3.124, 3.172, 3.124, 3.172, 4.964, 7.378, 12.692, , , 1, 17.739, 0, 0, 14.4, 2.633, 183, 0, 0, 0, 53.126, 4.158, 4.036, 123.8, 31.099, 100, 0, 0, 33.626, 33.626, 5.062, 0.763, 93.126, 0, 0, 100.188, 50.95, 0, 0, 0, 0, 0, 13.8, 0, 14.4, 0, 2.633, 183, 0, 0, 0, 53.126, 1, 0.004, 0.004, 123.8, 31.095, 100, 0, 0, 141, 33.626, 33.626, 5.062, 0.763, 0, 93.126, 0, 0, 100.188, 50.95, 0, 0, 0, 0, 
17.75, 17.24, 100.33, 73.27, 73.98, , 0.338, 0.986, 1078.068, 1078.068, 2.634, 9.984, 9.984, 9.984, 52.266, 71.34, 35.514, 35.679, 7.377, 12.652, 0, 0, 1.322, 1.343, 1.322, 1.343, 1, 50.421, 50.421, 0.024, 0.136, 2.635, 2.676, 2.635, 2.676, 4.964, 7.377, 12.652, , , 1, 17.789, 0, 0, 14.4, 2.634, 183, 0, 0, 0, 53, 4.132, 4.006, 123.8, 30.901, 100, 0, 0, 33.46, 33.46, 5, 0.76, 93, 0, 0, 100, 50.95, 0, 0, 0, 0, 0, 13.8, 0, 14.4, 0, 2.634, 183, 0, 0, 0, 53, 1, 0.004, 0.004, 123.8, 30.899, 100, 0, 0, 141, 33.46, 33.46, 5, 0.76, 0, 93, 0, 0, 100, 50.95, 0, 0, 0, 0, 
17.8, 17.24, 100.33, 73.27, 73.98, , 0.275, 0.986, 1081.764, 1081.764, 2.635, 8.469, 8.469, 8.469, 52.263, 72.251, 35.442, 35.895, 7.377, 12.62, 0, 0, 1.12, 1.141, 1.12, 1.141, 1, 50.435, 50.435, 0.024, 0.136, 2.235, 2.271, 2.235, 2.271, 4.965, 7.377, 12.62, , , 1, 17.839, 0, 0, 14.4, 2.635, 183, 0, 0, 0, 53, 4.136, 4.022, 123.8, 30.755, 100, 0, 0, 33.36, 33.36, 5, 0.76, 93, 0, 0, 100, 50.95, 0, 0, 0, 0, 0, 13.8, 0, 14.4, 0, 2.635, 183, 0, 0, 0, 53, 1, 0.004, 0.004, 123.8, 30.753, 100, 0, 0, 141, 33.36, 33.36, 5, 0.76, 0, 93, 0, 0, 100, 50.95, 0, 0, 0, 0, 
17.85, 17.24, 100.33, 73.27, 73.981, , 0.35, 0.986, 1085.412, 1085.412, 2.635, 10.256, 10.256, 10.256, 52.258, 73.161, 35.37, 36.111, 7.377, 12.603, 0, 0, 1.359, 1.381, 1.359, 1.381, 1, 50.45, 50.45, 0.024, 0.137, 2.708, 2.75, 2.708, 2.75, 4.965, 7.377, 12.603, , , 1, 17.889, 0, 0, 14.4, 2.635, 183, 0, 0, 0, 53, 4.14, 4.038, 123.8, 30.608, 100, 0, 0, 33.26, 33.26, 5, 0.76, 93, 0, 0, 100, 50.95, 0, 0, 0, 0, 0, 13.8, 0, 14.4, 0, 2.635, 183, 0, 0, 0, 53, 1, 0.004, 0.004, 123.8, 30.607, 100, 0, 0, 141, 33.26, 33.26, 5, 0.76, 0, 93, 0, 0, 100, 50.95, 0, 0, 0, 0, 
17.9, 17.24, 100.33, 73.27, 73.981, , 0.326, 0.986, 1089.113, 1089.113, 2.636, 9.701, 9.701, 9.701, 52.251, 74.072, 35.298, 36.327, 7.377, 12.589, 0, 0, 1.286, 1.307, 1.286, 1.307, 1, 50.466, 50.466, 0.024, 0.137, 2.562, 2.601, 2.562, 2.601, 4.966, 7.377, 12.589, , , 1, 17.939, 0, 0, 14.4, 2.636, 183, 0, 0, 0, 53, 4.144, 4.054, 123.8, 30.462, 100, 0, 0, 33.16, 33.16, 5, 0.76, 93, 0, 0, 100, 50.95, 0, 0, 0, 0, 0, 13.8, 0, 14.4, 0, 2.636, 183, 0, 0, 0, 53, 1, 0.004, 0.004, 123.8, 30.461, 100, 0, 0, 141, 33.16, 33.16, 5, 0.76, 0, 93, 0, 0, 100, 50.95, 0, 0, 0, 0, 
17.95, 17.24, 100.33, 73.27, 73.981, , 0.294, 0.986, 1092.819, 1092.819, 2.637, 8.929, 8.929, 8.929, 52.245, 74.982, 35.254, 36.45, 7.377, 12.579, 0, 0, 1.184, 1.203, 1.184, 1.203, 1, 50.48, 50.48, 0.024, 0.136, 2.359, 2.394, 2.359, 2.394, 4.968, 7.377, 12.579, , , 1, 17.989, 0, 0, 14.4, 2.637, 183, 0, 0, 0, 53, 4.148, 4.07, 123.8, 30.315, 100, 0, 0, 33.06, 33.06, 5, 0.76, 93, 0, 0, 100, 50.95, 0, 0, 0, 0, 0, 13.8, 0, 14.4, 0, 2.637, 183, 0, 0, 0, 53, 1, 0.004, 0.004, 123.8, 30.315, 100, 0, 0, 141, 33.06, 33.06, 5, 0.76, 0, 93, 0, 0, 100, 50.95, 0, 0, 0, 0, 
18, 17.24, 100.33, 73.27, 73.982, , 0.297, 0.986, 1096.526, 1096.526, 2.637, 9.003, 9.003, 9.003, 52.239, 75.893, 35.326, 36.198, 7.377, 12.568, 0, 0, 1.194, 1.212, 1.194, 1.212, 1, 50.494, 50.494, 0.024, 0.136, 2.38, 2.414, 2.38, 2.414, 4.97, 7.377, 12.568, , , 1, 18.039, 0, 0, 14.4, 2.637, 183, 0, 0, 0, 53, 4.144, 4.076, 123.8, 30.214, 100, 0, 0, 33, 33, 5, 0.76, 93, 0, 0, 100, 50.95, 0, 0, 0, 0, 0, 13.8, 0, 14.4, 0, 2.638, 183, 0, 0, 0, 53, 1, 0.004, 0.004, 123.8, 30.214, 100, 0, 0, 141, 33, 33, 5, 0.76, 0, 93, 0, 0, 100, 50.95, 0, 0, 0, 0, 
18.05, 17.24, 100.33, 73.27, 73.982, , 0.343, 0.986, 1100.234, 1100.234, 2.638, 10.103, 10.103, 10.103, 52.233, 76.803, 35.398, 35.946, 7.377, 12.557, 0, 0, 1.341, 1.361, 1.341, 1.361, 1, 50.511, 50.511, 0.024, 0.136, 2.672, 2.709, 2.672, 2.709, 4.972, 7.377, 12.557, , , 1, 18.09, 0, 0, 14.4, 2.638, 183, 0, 0, 0, 53, 4.129, 4.066, 123.8, 30.177, 100, 0, 0, 33, 33, 5, 0.76, 93, 0, 0, 100, 50.95, 0, 0, 0, 0, 0, 13.8, 0, 14.4, 0, 2.639, 183, 0, 0, 0, 53, 1, 0.004, 0.004, 123.8, 30.177, 100, 0, 0, 141, 33, 33, 5, 0.76, 0, 93, 0, 0, 100, 50.95, 0, 0, 0, 0, 
18.1, 17.24, 100.33, 73.27, 73.983, , 0.293, 0.986, 1103.94, 1103.94, 2.638, 8.903, 8.903, 8.903, 52.232, 77.714, 35.47, 35.694, 7.377, 12.543, 0, 0, 1.182, 1.2, 1.182, 1.2, 1, 50.527, 50.527, 0.024, 0.136, 2.354, 2.388, 2.354, 2.388, 4.975, 7.377, 12.543, , , 1, 18.14, 0, 0, 14.4, 2.638, 183, 0, 0, 0, 53, 4.114, 4.056, 123.8, 30.14, 100, 0, 0, 33, 33, 5, 0.76, 93, 0, 0, 100, 50.95, 0, 0, 0, 0, 0, 13.8, 0, 14.4, 0, 2.64, 183, 0, 0, 0, 53, 1, 0.004, 0.004, 123.8, 30.14, 100, 0, 0, 141, 33, 33, 5, 0.76, 0, 93, 0, 0, 100, 50.95, 0, 0, 0, 0, 
18.15, 17.24, 100.33, 73.27, 73.983, , 0.266, 0.986, 1107.646, 1107.646, 2.638, 8.259, 8.259, 8.259, 52.238, 78.624, 35.542, 35.442, 7.377, 12.521, 0, 0, 1.097, 1.114, 1.097, 1.114, 1, 50.541, 50.541, 0.024, 0.136, 2.184, 2.215, 2.184, 2.215, 4.981, 7.377, 12.521, , , 1, 18.189, 0, 0, 14.4, 2.638, 183, 0, 0, 0, 53, 4.099, 4.046, 123.8, 30.103, 100, 0, 0, 33, 33, 5, 0.76, 93, 0, 0, 100, 50.95, 0, 0, 0, 0, 0, 13.8, 0, 14.4, 0, 2.641, 183, 0, 0, 0, 53, 1, 0.004, 0.004, 123.8, 30.103, 100, 0, 0, 141, 33, 33, 5, 0.76, 0, 93, 0, 0, 100, 50.95, 0, 0, 0, 0, 
18.2, 17.24, 100.33, 73.27, 73.983, , 0.259, 0.986, 1111.353, 1111.353, 2.639, 8.108, 8.108, 8.108, 52.25, 79.535, 35.586, 35.24, 7.377, 12.502, 0, 0, 1.077, 1.095, 1.077, 1.095, 1, 50.554, 50.554, 0.024, 0.136, 2.143, 2.173, 2.143, 2.173, 4.987, 7.377, 12.502, , , 1, 18.239, 0, 0, 14.4, 2.639, 183, 0, 0, 0, 53, 4.084, 4.036, 123.8, 30.066, 100, 0, 0, 33, 33, 5, 0.76, 93, 0, 0, 100, 50.95, 0, 0, 0, 0, 0, 13.8, 0, 14.4, 0, 2.643, 183, 0, 0, 0, 53, 1, 0.004, 0.004, 123.8, 30.066, 100, 0, 0, 141, 33, 33, 5, 0.76, 0, 93, 0, 0, 100, 50.95, 0, 0, 0, 0, 
18.25, 17.24, 100.33, 73.27, 73.984, , 0.277, 0.986, 1115.059, 1115.059, 2.64, 8.523, 8.523, 8.523, 52.269, 80.445, 35.514, 35.24, 7.377, 12.489, 0, 0, 1.133, 1.151, 1.133, 1.151, 1, 50.568, 50.568, 0.024, 0.136, 2.252, 2.283, 2.252, 2.283, 4.994, 7.377, 12.489, , , 1, 18.289, 0, 0, 14.4, 2.64, 183, 0, 0, 0, 53, 4.077, 4.03, 123.8, 30.029, 100, 0, 0, 33, 33, 5, 0.76, 93, 0, 0, 100, 50.95, 0, 0, 0, 0, 0, 13.8, 0, 14.4, 0, 2.644, 183, 0, 0, 0, 53, 1, 0.004, 0.004, 123.8, 30.029, 100, 0, 0, 141, 33, 33, 5, 0.76, 0, 93, 0, 0, 100, 50.95, 0, 0, 0, 0, 
18.3, 17.24, 100.33, 73.27, 73.984, , 0.316, 0.986, 1118.766, 1118.766, 2.642, 9.452, 9.452, 9.452, 52.289, 81.356, 35.442, 35.24, 7.377, 12.477, 0, 0, 1.257, 1.277, 1.257, 1.277, 1, 50.584, 50.584, 0.024, 0.136, 2.496, 2.531, 2.496, 2.531, 4.997, 7.377, 12.477, , , 1, 18.339, 0, 0, 14.4, 2.642, 183, 0, 0, 0, 53, 4.082, 4.03, 123.8, 29.99, 100, 0, 0, 33, 33, 5, 0.76, 93, 0, 0, 100, 50.95, 0, 0, 0, 0, 0, 13.8, 0, 14.4, 0, 2.645, 183, 0, 0, 0, 53, 1, 0.004, 0.004, 123.8, 29.99, 100, 0, 0, 141, 33, 33, 5, 0.76, 0, 93, 0, 0, 100, 50.95, 0, 0, 0, 0, 
18.35, 17.24, 100.33, 73.27, 73.985, , 0.323, 0.986, 1122.472, 1122.472, 2.644, 9.63, 9.63, 9.63, 52.309, 82.266, 35.37, 35.24, 7.377, 12.468, 0, 0, 1.281, 1.301, 1.281, 1.301, 1, 50.6, 50.6, 0.024, 0.136, 2.544, 2.579, 2.544, 2.579, 4.995, 7.377, 12.468, , , 1, 18.389, 0, 0, 14.4, 2.644, 183, 0, 0, 0, 53, 4.087, 4.03, 123.8, 29.952, 100, 0, 0, 33, 33, 5, 0.76, 93, 0, 0, 100, 50.95, 0, 0, 0, 0, 0, 13.8, 0, 14.4, 0, 2.646, 183, 0, 0, 0, 53, 1, 0.004, 0.004, 123.8, 29.952, 100, 0, 0, 141, 33, 33, 5, 0.76, 0, 93, 0, 0, 100, 50.95, 0, 0, 0, 0, 
18.4, 17.24, 100.33, 73.27, 73.985, , 0.377, 0.986, 1126.178, 1126.178, 2.645, 10.906, 10.906, 10.906, 52.328, 83.177, 35.298, 35.24, 7.377, 12.458, 0, 0, 1.451, 1.473, 1.451, 1.473, 1, 50.619, 50.619, 0.024, 0.136, 2.88, 2.919, 2.88, 2.919, 4.993, 7.377, 12.458, , , 1, 18.439, 0, 0, 14.4, 2.645, 183, 0, 0, 0, 53, 4.093, 4.03, 123.8, 29.913, 100, 0, 0, 33, 33, 5, 0.76, 93, 0, 0, 100, 50.95, 0, 0, 0, 0, 0, 13.8, 0, 14.4, 0, 2.647, 183, 0, 0, 0, 53, 1, 0.004, 0.004, 123.8, 29.913, 100, 0, 0, 141, 33, 33, 5, 0.76, 0, 93, 0, 0, 100, 50.95, 0, 0, 0, 0, 
18.45, 17.24, 100.33, 73.27, 73.985, , 0.402, 0.986, 1129.884, 1129.884, 2.647, 11.509, 11.509, 11.509, 52.344, 84.087, 35.247, 35.24, 7.377, 12.447, 0, 0, 1.532, 1.555, 1.532, 1.555, 1, 50.638, 50.638, 0.024, 0.136, 3.038, 3.081, 3.038, 3.081, 4.991, 7.377, 12.447, , , 1, 18.49, 0, 0, 14.4, 2.647, 183, 0, 0, 0, 53, 4.098, 4.03, 123.8, 29.875, 100, 0, 0, 33, 33, 5, 0.76, 93, 0, 0, 100, 50.95, 0, 0, 0, 0, 0, 13.8, 0, 14.4, 0, 2.648, 183, 0, 0, 0, 53, 1, 0.004, 0.004, 123.8, 29.875, 100, 0, 0, 141, 33, 33, 5, 0.76, 0, 93, 0, 0, 100, 50.95, 0, 0, 0, 0, 
18.5, 17.24, 100.33, 73.27, 73.986, , 0.366, 0.986, 1133.59, 1133.59, 2.649, 10.644, 10.644, 10.644, 52.36, 84.998, 35.283, 35.24, 7.377, 12.434, 0, 0, 1.418, 1.438, 1.418, 1.438, 1, 50.658, 50.658, 0.024, 0.135, 2.81, 2.85, 2.81, 2.85, 4.99, 7.377, 12.434, , , 1, 18.539, 0, 0, 14.4, 2.649, 183, 0, 0, 0, 53, 4.106, 4.03, 123.8, 29.86, 100, 0, 0, 33, 33, 5, 0.76, 93, 0, 0, 100, 50.95, 0, 0, 0, 0, 0, 13.8, 0, 14.4, 0, 2.649, 183, 0, 0, 0, 53, 1, 0.004, 0.004, 123.8, 29.86, 100, 0, 0, 141, 33, 33, 5, 0.76, 0, 93, 0, 0, 100, 50.95, 0, 0, 0, 0, 
18.55, 17.24, 100.33, 73.27, 73.986, , 0.259, 0.986, 1137.296, 1137.296, 2.651, 8.096, 8.096, 8.096, 52.373, 85.908, 35.319, 35.24, 7.377, 12.418, 0, 0, 1.078, 1.093, 1.078, 1.093, 1, 50.674, 50.674, 0.024, 0.136, 2.136, 2.168, 2.136, 2.168, 4.998, 7.377, 12.418, , , 1, 18.589, 0, 0, 14.4, 2.651, 183, 0, 0, 0, 53, 4.116, 4.03, 123.8, 29.86, 100, 0, 0, 33, 33, 5, 0.76, 93, 0, 0, 100, 50.95, 0, 0, 0, 0, 0, 13.8, 0, 14.4, 0, 2.651, 183, 0, 0, 0, 53, 1, 0.004, 0.004, 123.8, 29.86, 100, 0, 0, 141, 33, 33, 5, 0.76, 0, 93, 0, 0, 100, 50.95, 0, 0, 0, 0, 
18.6, 17.24, 100.33, 73.27, 73.986, , 0.223, 0.986, 1141.003, 1141.003, 2.653, 7.243, 7.243, 7.243, 52.379, 86.819, 35.355, 35.24, 7.377, 12.403, 0, 0, 0.965, 0.978, 0.965, 0.978, 1, 50.687, 50.687, 0.024, 0.136, 1.91, 1.94, 1.91, 1.94, 5.005, 7.377, 12.403, , , 1, 18.639, 0, 0, 14.4, 2.653, 183, 0, 0, 0, 53, 4.126, 4.03, 123.8, 29.86, 100, 0, 0, 33, 33, 5, 0.76, 93, 0, 0, 100, 50.95, 0, 0, 0, 0, 0, 13.8, 0, 14.4, 0, 2.653, 183, 0, 0, 0, 53, 1, 0.004, 0.004, 123.8, 29.86, 100, 0, 0, 141, 33, 33, 5, 0.76, 0, 93, 0, 0, 100, 50.95, 0, 0, 0, 0, 
18.65, 17.24, 100.33, 73.27, 73.987, , 0.115, 0.986, 1144.709, 1144.709, 2.654, 4.692, 4.692, 4.692, 52.376, 87.729, 35.391, 35.24, 7.377, 12.392, 0, 0, 0.626, 0.634, 0.626, 0.634, 1, 50.696, 50.696, 0.024, 0.136, 1.236, 1.257, 1.236, 1.257, 5.012, 7.377, 12.392, , , 1, 18.689, 0, 0, 14.4, 2.654, 183, 0, 0, 0, 53, 4.136, 4.03, 123.8, 29.86, 100, 0, 0, 33, 33, 5, 0.76, 93, 0, 0, 100, 50.95, 0, 0, 0, 0, 0, 13.8, 0, 14.4, 0, 2.655, 183, 0, 0, 0, 53, 1, 0.004, 0.004, 123.8, 29.86, 100, 0, 0, 141, 33, 33, 5, 0.76, 0, 93, 0, 0, 100, 50.95, 0, 0, 0, 0, 
18.7, 17.24, 100.33, 73.27, 73.987, , 0.037, 0.986, 1148.415, 1148.415, 2.656, 2.836, 2.836, 2.836, 52.366, 88.64, 35.406, 35.254, 7.377, 12.382, 0, 0, 0.379, 0.383, 0.379, 0.383, 1, 50.7, 50.7, 0.024, 0.136, 0.746, 0.76, 0.746, 0.76, 5.02, 7.377, 12.382, , , 1, 18.739, 0, 0, 14.4, 2.656, 183, 0, 0, 0, 53, 4.146, 4.03, 123.8, 29.86, 100, 0, 0, 33, 33, 5, 0.76, 93, 0, 0, 100, 50.95, 0, 0, 0, 0, 0, 13.8, 0, 14.4, 0, 2.656, 183, 0, 0, 0, 53, 1, 0.004, 0.004, 123.8, 29.86, 100, 0, 0, 141, 33, 33, 5, 0.76, 0, 93, 0, 0, 100, 50.95, 0, 0, 0, 0, 
18.75, 17.24, 100.33, 73.27, 73.988, , 0.019, 0.986, 1152.122, 1152.122, 2.656, 2.414, 2.414, 2.414, 52.344, 86.456, 35.334, 35.326, 7.377, 12.38, 0, 0, 0.323, 0.325, 0.323, 0.325, 1, 50.7, 50.7, 0.024, 0.136, 0.634, 0.647, 0.634, 0.647, 5.024, 7.377, 12.38, , , 1, 18.789, 0, 0, 14.4, 2.656, 183, 0, 0, 0, 53, 4.144, 4.023, 123.8, 29.86, 100, 0, 0, 33, 33, 5, 0.76, 93, 0, 0, 100, 50.95, 0, 0, 0, 0, 0, 13.8, 0, 14.4, 0, 2.656, 183, 0, 0, 0, 53, 1, 0.004, 0.004, 123.8, 29.86, 100, 0, 0, 141, 33, 33, 5, 0.76, 0, 93, 0, 0, 100, 50.95, 0, 0, 0, 0, 
18.8, 17.24, 100.33, 73.27, 73.988, , 0.043, 0.986, 1155.828, 1155.828, 2.655, 2.988, 2.988, 2.988, 52.322, 84.272, 35.262, 35.398, 7.377, 12.377, 0, 0, 0.4, 0.402, 0.4, 0.402, 1, 50.701, 50.701, 0.024, 0.136, 0.785, 0.8, 0.785, 0.8, 5.028, 7.377, 12.377, , , 1, 18.839, 0, 0, 14.4, 2.655, 183, 0, 0, 0, 53, 4.134, 4.011, 123.8, 29.86, 100, 0, 0, 33, 33, 5, 0.76, 93, 0, 0, 100, 50.95, 0, 0, 0, 0, 0, 13.8, 0, 14.4, 0, 2.655, 183, 0, 0, 0, 53, 1, 0.004, 0.004, 123.8, 29.86, 100, 0, 0, 141, 33, 33, 5, 0.76, 0, 93, 0, 0, 100, 50.95, 0, 0, 0, 0, 
18.85, 17.24, 100.33, 73.27, 73.988, , 0.02, 0.986, 1159.594, 1159.594, 2.653, 2.449, 2.449, 2.449, 52.308, 82.088, 35.19, 35.47, 7.377, 12.375, 0, 0, 0.327, 0.33, 0.327, 0.33, 1, 50.703, 50.703, 0.024, 0.136, 0.644, 0.655, 0.644, 0.655, 5.032, 7.377, 12.375, , , 1, 18.889, 0, 0, 14.4, 2.653, 183, 0, 0, 0, 53, 4.124, 3.999, 123.8, 29.86, 100, 0, 0, 33, 33, 5, 0.76, 93, 0, 0, 100, 50.95, 0, 0, 0, 0, 0, 13.8, 0, 14.4, 0, 2.653, 183, 0, 0, 0, 53, 1, 0.004, 0.004, 123.8, 29.86, 100, 0, 0, 141, 33, 33, 5, 0.76, 0, 93, 0, 0, 100, 50.95, 0, 0, 0, 0, 
18.9, 17.24, 100.33, 73.27, 73.989, , -0.077, 0.986, 1163.315, 1163.315, 2.652, 0.133, 0.133, 0.133, 52.307, 79.904, 35.118, 35.542, 7.377, 12.373, 0, 0, 0.017, 0.017, 0.017, 0.017, 1, 50.702, 50.702, 0.024, 0.136, 0.034, 0.036, 0.034, 0.036, 5.036, 7.377, 12.373, , , 1, 18.939, 0, 0, 14.4, 2.652, 183, 0, 0, 0, 53, 4.114, 3.987, 123.8, 29.86, 100, 0, 0, 33, 33, 5, 0.76, 93, 0, 0, 100, 50.95, 0, 0, 0, 0, 0, 13.8, 0, 14.4, 0, 2.652, 183, 0, 0, 0, 53, 1, 0.004, 0.004, 123.8, 29.86, 100, 0, 0, 141, 33, 33, 5, 0.76, 0, 93, 0, 0, 100, 50.95, 0, 0, 0, 0, 
18.95, 17.24, 100.33, 73.27, 73.989, , -0.259, 0.986, 1167.021, 1167.021, 2.651, -4.172, -4.172, -4.172, 52.325, 77.72, 35.031, 35.622, 7.377, 12.37, 0, 0, -0.556, -0.564, -0.556, -0.564, 1, 50.694, 50.694, 0.024, 0.136, -1.099, -1.113, -1.099, -1.113, 5.031, 7.377, 12.37, , , 1, 18.989, 0, 0, 14.4, 2.651, 183, 0, 0, 0, 53, 4.104, 3.975, 123.8, 29.86, 100, 0, 0, 33, 33, 5, 0.76, 93, 0, 0, 100, 50.95, 0, 0, 0, 0, 0, 13.8, 0, 14.4, 0, 2.651, 183, 0, 0, 0, 53, 1, 0.004, 0.004, 123.8, 29.86, 100, 0, 0, 141, 33, 33, 5, 0.76, 0, 93, 0, 0, 100, 50.95, 0, 0, 0, 0, 
19, 17.24, 100.33, 73.27, 73.989, , -0.524, 0.986, 1170.728, 1170.728, 2.65, -10.478, -10.478, -10.478, 52.368, 75.536, 34.887, 35.73, 7.377, 12.366, 0, 0, -1.394, -1.415, -1.394, -1.415, 1, 50.674, 50.674, 0.024, 0.136, -2.756, -2.797, -2.756, -2.797, 5.02, 7.377, 12.366, , , 1, 19.039, 0, 0, 14.39, 2.65, 183, 0, 0, 0, 53, 4.1, 3.976, 123.8, 29.86, 100, 0, 0, 32.974, 32.974, 5, 0.76, 93, 0, 0, 100, 50.918, 0, 0, 0, 0, 0, 13.8, 0, 14.39, 0, 2.65, 183, 0, 0, 0, 53, 1, 0.004, 0.004, 123.8, 29.86, 100, 0, 0, 141, 32.974, 32.974, 5, 0.76, 0, 93, 0, 0, 100, 50.918, 0, 0, 0, 0, 
19.05, 17.24, 100.33, 73.27, 73.99, , -0.867, 0.986, 1174.434, 1174.434, 2.649, -18.595, -18.595, -18.595, 52.423, 73.352, 34.743, 35.838, 7.377, 12.363, 0, 0, -2.473, -2.508, -2.473, -2.508, 1, 50.638, 50.638, 0.024, 0.136, -4.887, -4.959, -4.887, -4.959, 5.009, 7.377, 12.363, , , 1, 19.089, 0, 0, 14.371, 2.649, 183, 0, 0, 0, 53, 4.1, 3.987, 123.8, 29.86, 100, 0, 0, 32.927, 32.927, 5, 0.76, 93, 0, 0, 100, 50.86, 0, 0, 0, 0, 0, 13.8, 0, 14.371, 0, 2.649, 183, 0, 0, 0, 53, 1, 0.004, 0.004, 123.8, 29.86, 100, 0, 0, 141, 32.927, 32.927, 5, 0.76, 0, 93, 0, 0, 100, 50.86, 0, 0, 0, 0, 
19.1, 17.24, 100.33, 73.27, 73.99, , -1.19, 0.986, 1178.14, 1178.14, 2.648, -26.273, -26.273, -26.273, 52.476, 71.168, 34.599, 35.946, 7.377, 12.36, 0, 0, -3.491, -3.541, -3.491, -3.541, 1, 50.587, 50.587, 0.024, 0.135, -6.904, -7.003, -6.904, -7.003, 4.998, 7.377, 12.36, , , 1, 19.139, 0, 0, 14.352, 2.648, 183, 0, 0, 0, 53, 4.1, 3.999, 123.8, 29.86, 100, 0, 0, 32.881, 32.881, 5, 0.76, 93, 0, 0, 100, 50.802, 0, 0, 0, 0, 0, 13.8, 0, 14.352, 0, 2.648, 183, 0, 0, 0, 53, 1, 0.004, 0.004, 123.8, 29.86, 100, 0, 0, 141, 32.881, 32.881, 5, 0.76, 0, 93, 0, 0, 100, 50.802, 0, 0, 0, 0, 
19.15, 17.24, 100.33, 73.27, 73.99, , -1.548, 0.986, 1181.847, 1181.847, 2.647, -34.756, -34.756, -34.756, 52.521, 68.984, 34.455, 36.054, 7.377, 12.364, 0, 0, -4.609, -4.679, -4.609, -4.679, 1, 50.521, 50.521, 0.024, 0.135, -9.129, -9.261, -9.129, -9.261, 4.986, 7.377, 12.364, , , 1, 19.189, 0, 0, 14.334, 2.647, 183, 0, 0, 0, 53, 4.1, 4.01, 123.8, 29.86, 100, 0, 0, 32.834, 32.834, 5, 0.76, 93, 0, 0, 100, 50.744, 0, 0, 0, 0, 0, 13.8, 0, 14.334, 0, 2.647, 183, 0, 0, 0, 53, 1, 0.004, 0.004, 123.8, 29.86, 100, 0, 0, 141, 32.834, 32.834, 5, 0.76, 0, 93, 0, 0, 100, 50.744, 0, 0, 0, 0, 
19.2, 17.24, 100.33, 73.27, 73.99, , -1.903, 0.986, 1185.553, 1185.553, 2.646, -43.179, -43.179, -43.179, 52.559, 66.8, 34.305, 36.14, 7.377, 12.367, 0, 0, -5.716, -5.803, -5.716, -5.803, 1, 50.434, 50.434, 0.024, 0.135, -11.337, -11.5, -11.337, -11.5, 4.974, 7.377, 12.367, , , 1, 19.24, 0, 0, 14.315, 2.646, 183, 0, 0, 0, 53, 4.1, 4.021, 123.8, 29.86, 100, 0, 0, 32.787, 32.787, 5, 0.76, 93, 0, 0, 100, 50.686, 0, 0, 0, 0, 0, 13.8, 0, 14.315, 0, 2.646, 183, 0, 0, 0, 53, 1, 0.004, 0.004, 123.8, 29.86, 100, 0, 0, 141, 32.787, 32.787, 5, 0.76, 0, 93, 0, 0, 100, 50.686, 0, 0, 0, 0, 
19.25, 17.24, 100.33, 73.27, 73.99, , -2.205, 0.986, 1189.259, 1189.259, 2.645, -50.346, -50.346, -50.346, 52.588, 64.616, 34.127, 36.14, 7.377, 12.374, 0, 0, -6.653, -6.754, -6.653, -6.754, 1, 50.328, 50.328, 0.024, 0.135, -13.214, -13.402, -13.214, -13.402, 4.962, 7.377, 12.374, , , 1, 19.289, 0, 0, 14.3, 2.645, 183, 0, 0, 0, 53, 4.099, 4.031, 123.8, 29.86, 100, 0, 0, 32.74, 32.74, 5, 0.76, 93, 0, 0, 100, 50.627, 0, 0, 0, 0, 0, 13.8, 0, 14.3, 0, 2.645, 183, 0, 0, 0, 53, 1, 0.004, 0.004, 123.8, 29.86, 100, 0, 0, 141, 32.74, 32.74, 5, 0.76, 0, 93, 0, 0, 100, 50.627, 0, 0, 0, 0, 
19.3, 17.24, 100.33, 73.27, 73.99, , -2.369, 0.986, 1192.965, 1192.965, 2.642, -54.251, -54.251, -54.251, 52.617, 62.432, 33.95, 36.14, 7.377, 12.38, 0, 0, -7.155, -7.264, -7.155, -7.264, 1, 50.212, 50.212, 0.024, 0.135, -14.234, -14.438, -14.234, -14.438, 4.949, 7.377, 12.38, , , 1, 19.34, 0, 0, 14.3, 2.642, 183, 0, 0, 0, 53, 4.095, 4.037, 123.8, 29.86, 100, 0, 0, 32.688, 32.688, 5, 0.76, 93, 0, 0, 100, 50.562, 0, 0, 0, 0, 0, 13.8, 0, 14.3, 0, 2.642, 183, 0, 0, 0, 53, 1, 0.004, 0.004, 123.8, 29.86, 100, 0, 0, 141, 32.688, 32.688, 5, 0.76, 0, 93, 0, 0, 100, 50.562, 0, 0, 0, 0, 
19.35, 17.24, 100.33, 73.27, 73.99, , -2.52, 0.986, 1196.671, 1196.671, 2.64, -57.842, -57.842, -57.842, 52.654, 60.248, 33.773, 36.14, 7.377, 12.388, 0, 0, -7.614, -7.728, -7.614, -7.728, 1, 50.089, 50.089, 0.024, 0.135, -15.168, -15.384, -15.168, -15.384, 4.945, 7.377, 12.388, , , 1, 19.389, 0, 0, 14.3, 2.64, 183, 0, 0, 0, 53, 4.091, 4.044, 123.8, 29.86, 100, 0, 0, 32.635, 32.635, 5, 0.76, 93, 0, 0, 100, 50.498, 0, 0, 0, 0, 0, 13.8, 0, 14.3, 0, 2.64, 183, 0, 0, 0, 53, 1, 0.004, 0.004, 123.8, 29.86, 100, 0, 0, 141, 32.635, 32.635, 5, 0.76, 0, 93, 0, 0, 100, 50.498, 0, 0, 0, 0, 
19.4, 17.24, 100.33, 73.27, 73.99, , -2.578, 0.986, 1200.338, 1200.338, 2.637, -59.216, -59.216, -59.216, 52.705, 58.064, 33.596, 36.14, 7.377, 12.396, 0, 0, -7.777, -7.891, -7.777, -7.891, 1, 49.962, 49.962, 0.024, 0.135, -15.514, -15.734, -15.514, -15.734, 4.957, 7.377, 12.396, , , 1, 19.439, 0, 0, 14.3, 2.637, 183, 0, 0, 0, 53, 4.087, 4.05, 123.8, 29.86, 100, 0, 0, 32.583, 32.583, 5, 0.76, 93, 0, 0, 100, 50.433, 0, 0, 0, 0, 0, 13.8, 0, 14.3, 0, 2.637, 183, 0, 0, 0, 53, 1, 0.004, 0.004, 123.8, 29.86, 100, 0, 0, 141, 32.583, 32.583, 5, 0.76, 0, 93, 0, 0, 100, 50.433, 0, 0, 0, 0, 
19.45, 17.24, 100.33, 73.27, 73.99, , -2.589, 0.986, 1204.01, 1204.01, 2.635, -59.479, -59.479, -59.479, 52.771, 55.88, 33.48, 36.131, 7.377, 12.401, 0, 0, -7.792, -7.903, -7.792, -7.903, 1, 49.831, 49.831, 0.024, 0.135, -15.564, -15.784, -15.564, -15.784, 4.968, 7.377, 12.401, , , 1, 19.489, 0, 0, 14.3, 2.635, 183, 0, 0, 0, 53, 4.082, 4.056, 123.8, 29.86, 100, 0, 0, 32.531, 32.531, 5, 0.76, 93, 0, 0, 100, 50.369, 0, 0, 0, 0, 0, 13.8, 0, 14.3, 0, 2.635, 183, 0, 0, 0, 53, 1, 0.004, 0.004, 123.8, 29.86, 100, 0, 0, 141, 32.531, 32.531, 5, 0.76, 0, 93, 0, 0, 100, 50.369, 0, 0, 0, 0, 
19.5, 17.24, 100.33, 73.27, 73.99, , -2.607, 0.986, 1207.708, 1207.708, 2.632, -59.9, -59.9, -59.9, 52.844, 53.696, 33.809, 36.058, 7.377, 12.406, 0, 0, -7.825, -7.936, -7.825, -7.936, 1, 49.7, 49.7, 0.024, 0.135, -15.651, -15.872, -15.651, -15.872, 4.98, 7.377, 12.406, , , 1, 19.539, 0, 0, 14.308, 2.632, 183, 0, 0, 0, 53, 4.082, 4.057, 123.8, 29.89, 100, 0, 0, 32.442, 32.442, 5, 0.759, 92.96, 0, 0, 100, 50.258, 0, 0, 0, 0, 0, 13.8, 0, 14.308, 0, 2.632, 183, 0, 0, 0, 53, 1, 0.004, 0.004, 123.8, 29.89, 100, 0, 0, 141, 32.442, 32.442, 5, 0.759, 0, 92.96, 0, 0, 100, 50.258, 0, 0, 0, 0, 
19.55, 17.24, 100.33, 73.27, 73.99, , -2.695, 0.986, 1211.356, 1211.356, 2.629, -62.007, -62.007, -62.007, 52.916, 51.512, 34.138, 35.985, 7.377, 12.412, 0, 0, -8.077, -8.192, -8.077, -8.192, 1, 49.568, 49.568, 0.024, 0.135, -16.179, -16.405, -16.179, -16.405, 4.993, 7.377, 12.412, , , 1, 19.589, 0, 0, 14.327, 2.629, 183, 0, 0, 0, 53, 4.085, 4.049, 123.8, 29.961, 100, 0, 0, 32.298, 32.298, 5, 0.757, 92.864, 0, 0, 100, 50.08, 0, 0, 0, 0, 0, 13.8, 0, 14.327, 0, 2.629, 183, 0, 0, 0, 53, 1, 0.004, 0.004, 123.8, 29.961, 100, 0, 0, 141, 32.298, 32.298, 5, 0.757, 0, 92.864, 0, 0, 100, 50.08, 0, 0, 0, 0, 
19.6, 17.24, 100.33, 73.27, 73.99, , -2.808, 0.986, 1215.006, 1215.006, 2.626, -64.681, -64.681, -64.681, 52.977, 49.328, 34.467, 35.912, 7.377, 12.418, 0, 0, -8.401, -8.521, -8.401, -8.521, 1, 49.431, 49.431, 0.024, 0.136, -16.859, -17.096, -16.859, -17.096, 5.008, 7.377, 12.418, , , 1, 19.64, 0, 0, 14.346, 2.626, 183, 0, 0, 0, 53, 4.089, 4.042, 123.8, 30.032, 100, 0, 0, 32.154, 32.154, 5, 0.755, 92.768, 0, 0, 100, 49.901, 0, 0, 0, 0, 0, 13.8, 0, 14.346, 0, 2.626, 183, 0, 0, 0, 53, 1, 0.004, 0.004, 123.8, 30.032, 100, 0, 0, 141, 32.154, 32.154, 5, 0.755, 0, 92.768, 0, 0, 100, 49.901, 0, 0, 0, 0, 
19.65, 17.24, 100.33, 73.27, 73.99, , -2.944, 0.986, 1218.655, 1218.655, 2.623, -67.92, -67.92, -67.92, 53.02, 51.498, 34.797, 35.839, 7.377, 12.424, 0, 0, -8.795, -8.922, -8.795, -8.922, 1, 49.286, 49.286, 0.024, 0.136, -17.69, -17.941, -17.69, -17.941, 5.024, 7.377, 12.424, , , 1, 19.689, 0, 0, 14.366, 2.623, 183, 0, 0, 0, 53, 4.093, 4.034, 123.8, 30.103, 100, 0, 0, 32.01, 32.01, 5, 0.753, 92.672, 0, 0, 100, 49.722, 0, 0, 0, 0, 0, 13.8, 0, 14.366, 0, 2.623, 183, 0, 0, 0, 53, 1, 0.004, 0.004, 123.8, 30.103, 100, 0, 0, 141, 32.01, 32.01, 5, 0.753, 0, 92.672, 0, 0, 100, 49.722, 0, 0, 0, 0, 
19.7, 17.24, 100.33, 73.27, 73.99, , -3.07, 0.986, 1222.287, 1222.287, 2.62, -70.892, -70.892, -70.892, 53.042, 64.04, 35.074, 35.78, 7.377, 12.429, 0, 0, -9.151, -9.284, -9.151, -9.284, 1, 49.135, 49.135, 0.024, 0.136, -18.455, -18.72, -18.455, -18.72, 5.039, 7.377, 12.429, , , 1, 19.74, 0, 0, 14.385, 2.62, 183, 0, 0, 0, 53, 4.097, 4.026, 123.8, 30.175, 100, 0, 0, 31.865, 31.865, 5, 0.752, 92.577, 0, 0, 100, 49.543, 0, 0, 0, 0, 0, 13.8, 0, 14.385, 0, 2.62, 183, 0, 0, 0, 53, 1, 0.004, 0.004, 123.8, 30.175, 100, 0, 0, 141, 31.865, 31.865, 5, 0.752, 0, 92.577, 0, 0, 100, 49.543, 0, 0, 0, 0, 
19.75, 17.24, 100.33, 73.27, 73.99, , -3.135, 0.986, 1225.879, 1225.879, 2.616, -72.44, -72.44, -72.44, 53.046, 64.772, 35.146, 35.78, 7.378, 12.438, 0, 0, -9.322, -9.458, -9.322, -9.458, 1, 48.979, 48.979, 0.024, 0.136, -18.855, -19.127, -18.855, -19.127, 5.053, 7.378, 12.438, , , 1, 19.79, 0, 0, 14.4, 2.616, 183, 0, 0, 0, 53, 4.101, 4.02, 123.8, 30.23, 100, 0, 0, 31.74, 31.74, 5, 0.75, 92.5, 0, 0, 100, 49.387, 0, 0, 0, 0, 0, 13.8, 0, 14.4, 0, 2.616, 183, 0, 0, 0, 53, 1, 0.004, 0.004, 123.8, 30.23, 100, 0, 0, 141, 31.74, 31.74, 5, 0.75, 0, 92.5, 0, 0, 100, 49.387, 0, 0, 0, 0, 
19.8, 17.24, 100.33, 73.27, 73.99, , -3.21, 0.986, 1229.471, 1229.471, 2.607, -74.236, -74.236, -74.236, 53.038, 65.505, 35.218, 35.78, 7.378, 12.447, 0, 0, -9.524, -9.661, -9.524, -9.661, 1, 48.819, 48.819, 0.024, 0.136, -19.326, -19.606, -19.326, -19.606, 5.046, 7.378, 12.447, , , 1, 19.84, 0, 0, 14.4, 2.607, 183, 0, 0, 0, 53, 4.105, 4.018, 123.8, 30.23, 100, 0, 0, 31.688, 31.688, 5, 0.748, 92.5, 0, 0, 100, 49.323, 0, 0, 0, 0, 0, 13.8, 0, 14.4, 0, 2.607, 183, 0, 0, 0, 53, 1, 0.004, 0.004, 123.8, 30.23, 100, 0, 0, 141, 31.688, 31.688, 5, 0.748, 0, 92.5, 0, 0, 100, 49.323, 0, 0, 0, 0, 
19.85, 17.24, 100.33, 73.27, 73.99, , -3.282, 0.986, 1233.064, 1233.064, 2.598, -75.935, -75.935, -75.935, 53.027, 66.237, 35.29, 35.78, 7.379, 12.464, 0, 0, -9.712, -9.85, -9.712, -9.85, 1, 48.655, 48.655, 0.024, 0.135, -19.772, -20.058, -19.772, -20.058, 5.04, 7.379, 12.464, , , 1, 19.889, 0, 0, 14.4, 2.598, 183, 0, 0, 0, 53, 4.109, 4.015, 123.8, 30.23, 100, 0, 0, 31.635, 31.635, 5, 0.745, 92.5, 0, 0, 100, 49.258, 0, 0, 0, 0, 0, 13.8, 0, 14.4, 0, 2.598, 183, 0, 0, 0, 53, 1, 0.004, 0.004, 123.8, 30.23, 100, 0, 0, 141, 31.635, 31.635, 5, 0.745, 0, 92.5, 0, 0, 100, 49.258, 0, 0, 0, 0, 
19.9, 17.24, 100.33, 73.27, 73.99, , -3.295, 0.986, 1236.656, 1236.656, 2.589, -76.246, -76.246, -76.246, 53.019, 66.97, 35.362, 35.78, 7.379, 12.481, 0, 0, -9.72, -9.858, -9.72, -9.858, 1, 48.488, 48.488, 0.024, 0.135, -19.856, -20.143, -19.856, -20.143, 5.033, 7.379, 12.481, , , 1, 19.939, 0, 0, 14.4, 2.589, 183, 0, 0, 0, 53, 4.113, 4.013, 123.8, 30.23, 100, 0, 0, 31.583, 31.583, 5, 0.743, 92.5, 0, 0, 100, 49.193, 0, 0, 0, 0, 0, 13.8, 0, 14.4, 0, 2.589, 183, 0, 0, 0, 53, 1, 0.004, 0.004, 123.8, 30.23, 100, 0, 0, 141, 31.583, 31.583, 5, 0.743, 0, 92.5, 0, 0, 100, 49.193, 0, 0, 0, 0, 
19.95, 17.24, 100.33, 73.27, 73.99, , -3.227, 0.986, 1240.243, 1240.243, 2.579, -74.653, -74.653, -74.653, 53.007, 67.702, 35.341, 35.751, 7.379, 12.508, 0, 0, -9.485, -9.62, -9.485, -9.62, 1, 48.325, 48.325, 0.024, 0.135, -19.446, -19.726, -19.446, -19.726, 5.027, 7.379, 12.508, , , 1, 19.99, 0, 0, 14.4, 2.579, 183, 0, 0, 0, 53, 4.117, 4.011, 123.8, 30.23, 100, 0, 0, 31.531, 31.531, 5, 0.741, 92.5, 0, 0, 100, 49.129, 0, 0, 0, 0, 0, 13.8, 0, 14.4, 0, 2.579, 183, 0, 0, 0, 53, 1, 0.004, 0.004, 123.8, 30.23, 100, 0, 0, 141, 31.531, 31.531, 5, 0.741, 0, 92.5, 0, 0, 100, 49.129, 0, 0, 0, 0, 
20, 17.24, 100.33, 73.27, 73.99, , -3.204, 0.986, 1243.78, 1243.78, 2.569, -74.112, -74.112, -74.112, 52.994, 68.435, 34.945, 35.607, 7.38, 12.538, 0, 0, -9.385, -9.52, -9.385, -9.52, 1, 48.164, 48.164, 0.024, 0.135, -19.31, -19.588, -19.31, -19.588, 5.033, 7.38, 12.538, , , 1, 20.04, 0, 0, 14.408, 2.569, 183.159, 0, 0, 0, 53, 4.123, 4.019, 123.8, 30.261, 100, 0, 0, 31.44, 31.44, 4.96, 0.742, 92.48, 0, 0, 99.98, 48.991, 0, 0, 0, 0, 0, 13.8, 0, 14.408, 0, 2.569, 183.159, 0, 0, 0, 53, 1, 0.004, 0.004, 123.8, 30.261, 100, 0, 0, 141, 31.44, 31.44, 4.958, 0.742, 0, 92.48, 0, 0, 99.98, 48.991, 0, 0, 0, 0, 
20.05, 17.24, 100.33, 73.27, 73.99, , -3.208, 0.986, 1247.318, 1247.318, 2.556, -74.21, -74.21, -74.21, 52.982, 69.167, 34.549, 35.463, 7.38, 12.575, 0, 0, -9.364, -9.499, -9.364, -9.499, 1, 48.003, 48.003, 0.024, 0.135, -19.339, -19.618, -19.339, -19.618, 5.043, 7.38, 12.575, , , 1, 20.089, 0, 0, 14.428, 2.556, 183.556, 0, 0, 0, 53, 4.131, 4.042, 123.8, 30.334, 100, 0, 0, 31.292, 31.292, 4.861, 0.746, 92.431, 0, 0, 99.931, 48.744, 0, 0, 0, 0, 0, 13.8, 0, 14.428, 0, 2.556, 183.556, 0, 0, 0, 53, 1, 0.004, 0.004, 123.8, 30.334, 100, 0, 0, 141, 31.292, 31.292, 4.86, 0.746, 0, 92.431, 0, 0, 99.931, 48.744, 0, 0, 0, 0, 
20.1, 17.24, 100.33, 73.27, 73.99, , -3.206, 0.986, 1250.856, 1250.856, 2.543, -74.162, -74.162, -74.162, 52.976, 69.9, 34.153, 35.319, 7.38, 12.615, 0, 0, -9.325, -9.46, -9.325, -9.46, 1, 47.842, 47.842, 0.024, 0.135, -19.329, -19.609, -19.329, -19.609, 5.052, 7.38, 12.615, , , 1, 20.14, 0, 0, 14.448, 2.543, 183.952, 0, 0, 0, 53, 4.139, 4.065, 123.8, 30.407, 100, 0, 0, 31.143, 31.143, 4.762, 0.75, 92.381, 0, 0, 99.881, 48.497, 0, 0, 0, 0, 0, 13.8, 0, 14.448, 0, 2.543, 183.952, 0, 0, 0, 53, 1, 0.004, 0.004, 123.8, 30.407, 100, 0, 0, 141, 31.143, 31.143, 4.761, 0.75, 0, 92.381, 0, 0, 99.881, 48.497, 0, 0, 0, 0, 
20.15, 17.24, 100.33, 73.27, 73.99, , -3.193, 0.986, 1254.394, 1254.394, 2.53, -73.851, -73.851, -73.851, 52.975, 70.632, 33.757, 35.175, 7.38, 12.66, 0, 0, -9.253, -9.388, -9.253, -9.388, 1, 47.68, 47.68, 0.024, 0.135, -19.248, -19.528, -19.248, -19.528, 5.062, 7.38, 12.66, , , 1, 20.19, 0, 0, 14.467, 2.53, 184.349, 0, 0, 0, 53, 4.147, 4.088, 123.8, 30.48, 100, 0, 0, 30.994, 30.994, 4.663, 0.753, 92.331, 0, 0, 99.831, 48.25, 0, 0, 0, 0, 0, 13.8, 0, 14.467, 0, 2.53, 184.349, 0, 0, 0, 53, 1, 0.004, 0.004, 123.8, 30.48, 100, 0, 0, 141, 30.994, 30.994, 4.662, 0.753, 0, 92.331, 0, 0, 99.831, 48.25, 0, 0, 0, 0, 
20.2, 17.24, 100.33, 73.27, 73.99, , -3.211, 0.986, 1257.931, 1257.931, 2.517, -74.272, -74.272, -74.272, 52.979, 71.365, 33.512, 35.074, 7.38, 12.706, 0, 0, -9.276, -9.411, -9.276, -9.411, 1, 47.517, 47.517, 0.024, 0.135, -19.356, -19.638, -19.356, -19.638, 5.072, 7.38, 12.706, , , 1, 20.24, 0, 0, 14.487, 2.517, 184.746, 0, 0, 0, 53, 4.155, 4.11, 123.8, 30.553, 100, 0, 0, 30.845, 30.845, 4.563, 0.757, 92.282, 0, 0, 99.782, 48.003, 0, 0, 0, 0, 0, 13.8, 0, 14.487, 0, 2.517, 184.746, 0, 0, 0, 53, 1, 0.004, 0.004, 123.8, 30.553, 100, 0, 0, 141, 30.845, 30.845, 4.563, 0.757, 0, 92.282, 0, 0, 99.782, 48.003, 0, 0, 0, 0, 
20.25, 17.24, 100.33, 73.27, 73.99, , -3.339, 0.986, 1261.426, 1261.426, 2.508, -77.317, -77.317, -77.317, 52.987, 72.097, 33.873, 35.142, 7.381, 12.754, 0, 0, -9.621, -9.761, -9.621, -9.761, 1, 47.353, 47.353, 0.024, 0.135, -20.145, -20.436, -20.145, -20.436, 5.082, 7.381, 12.754, , , 1, 20.291, 0, 0, 14.5, 2.508, 185, 0, 0, 0, 53, 4.163, 4.128, 123.8, 30.6, 100, 0, 0, 30.731, 30.731, 4.462, 0.76, 92.269, 0, 0, 99.769, 47.798, 0, 0, 0, 0, 0, 13.8, 0, 14.5, 0, 2.508, 185, 0, 0, 0, 53, 1, 0.004, 0.004, 123.8, 30.6, 100, 0, 0, 141, 30.731, 30.731, 4.462, 0.76, 0, 92.269, 0, 0, 99.769, 47.798, 0, 0, 0, 0, 
20.3, 17.24, 100.33, 73.27, 73.99, , -3.413, 0.986, 1264.911, 1264.911, 2.504, -79.076, -79.076, -79.076, 53, 72.83, 34.234, 35.211, 7.382, 12.803, 0, 0, -9.805, -9.947, -9.805, -9.947, 1, 47.182, 47.182, 0.024, 0.135, -20.599, -20.896, -20.599, -20.896, 5.093, 7.382, 12.803, , , 1, 20.339, 0, 0, 14.5, 2.504, 185, 0, 0, 0, 53, 4.171, 4.135, 123.8, 30.6, 100, 0, 0, 30.679, 30.679, 4.358, 0.76, 92.321, 0, 0, 99.821, 47.668, 0, 0, 0, 0, 0, 13.8, 0, 14.5, 0, 2.504, 185, 0, 0, 0, 53, 1, 0.004, 0.004, 123.8, 30.6, 100, 0, 0, 141, 30.679, 30.679, 4.358, 0.76, 0, 92.321, 0, 0, 99.821, 47.668, 0, 0, 0, 0, 
20.35, 17.24, 100.33, 73.27, 73.99, , -3.406, 0.986, 1268.389, 1268.389, 2.5, -78.92, -78.92, -78.92, 52.998, 73.562, 34.594, 35.28, 7.382, 12.849, 0, 0, -9.751, -9.891, -9.751, -9.891, 1, 47.009, 47.009, 0.024, 0.135, -20.558, -20.854, -20.558, -20.854, 5.103, 7.382, 12.849, , , 1, 20.39, 0, 0, 14.5, 2.5, 185, 0, 0, 0, 53, 4.18, 4.142, 123.8, 30.6, 100, 0, 0, 30.627, 30.627, 4.253, 0.76, 92.373, 0, 0, 99.873, 47.538, 0, 0, 0, 0, 0, 13.8, 0, 14.5, 0, 2.5, 185, 0, 0, 0, 53, 1, 0.004, 0.004, 123.8, 30.6, 100, 0, 0, 141, 30.627, 30.627, 4.253, 0.76, 0, 92.373, 0, 0, 99.873, 47.538, 0, 0, 0, 0, 
20.4, 17.24, 100.33, 73.27, 73.991, , -3.426, 0.986, 1271.823, 1271.823, 2.496, -79.402, -79.402, -79.402, 52.986, 74.295, 34.955, 35.349, 7.382, 12.894, 0, 0, -9.775, -9.915, -9.775, -9.915, 1, 46.835, 46.835, 0.024, 0.135, -20.689, -20.986, -20.689, -20.986, 5.099, 7.382, 12.894, , , 1, 20.44, 0, 0, 14.5, 2.496, 185, 0, 0, 0, 53, 4.188, 4.149, 123.8, 30.6, 100, 0, 0, 30.575, 30.575, 4.149, 0.76, 92.426, 0, 0, 99.926, 47.408, 0, 0, 0, 0, 0, 13.8, 0, 14.5, 0, 2.496, 185, 0, 0, 0, 53, 1, 0.004, 0.004, 123.8, 30.6, 100, 0, 0, 141, 30.575, 30.575, 4.149, 0.76, 0, 92.426, 0, 0, 99.926, 47.408, 0, 0, 0, 0, 
20.45, 17.241, 100.33, 73.27, 73.992, , -3.476, 0.986, 1275.296, 1275.296, 2.492, -80.583, -80.583, -80.583, 52.964, 75.027, 35.316, 35.417, 7.382, 12.93, 0, 0, -9.885, -10.026, -9.885, -10.026, 1, 46.661, 46.661, 0.024, 0.136, -21.006, -21.308, -21.006, -21.308, 5.072, 7.382, 12.93, , , 1, 20.489, 0, 0, 14.5, 2.492, 185, 0, 0, 0, 53, 4.196, 4.157, 123.8, 30.6, 100, 0, 0, 30.523, 30.523, 4.044, 0.76, 92.478, 0, 0, 99.978, 47.277, 0, 0, 0, 0, 0, 13.8, 0, 14.5, 0, 2.492, 185, 0, 0, 0, 53, 1, 0.004, 0.004, 123.8, 30.6, 100, 0, 0, 141, 30.523, 30.523, 4.044, 0.76, 0, 92.478, 0, 0, 99.978, 47.277, 0, 0, 0, 0, 
20.5, 17.242, 100.33, 73.27, 73.994, , -3.498, 0.986, 1278.759, 1278.759, 2.484, -81.109, -81.109, -81.109, 52.93, 75.76, 35.276, 35.456, 7.382, 12.964, 0, 0, -9.912, -10.054, -9.912, -10.054, 1, 46.485, 46.485, 0.024, 0.136, -21.154, -21.459, -21.154, -21.459, 5.046, 7.382, 12.964, , , 1, 20.54, 0, 0, 14.5, 2.484, 185, 0, 0, 0, 53, 4.202, 4.169, 123.8, 30.723, 100, 0, 0, 30.392, 30.392, 4.112, 0.76, 92.583, 0, 0, 100.111, 47.153, 0, 0, 0, 0, 0, 13.8, 0, 14.5, 0, 2.484, 185, 0, 0, 0, 53, 1, 0.004, 0.004, 123.8, 30.723, 100, 0, 0, 141, 30.392, 30.392, 4.112, 0.76, 0, 92.583, 0, 0, 100.111, 47.153, 0, 0, 0, 0, 
20.55, 17.243, 100.33, 73.27, 73.995, , -3.473, 0.986, 1282.189, 1282.189, 2.472, -80.523, -80.523, -80.523, 52.905, 76.492, 35.219, 35.494, 7.381, 12.986, 0, 0, -9.801, -9.941, -9.801, -9.941, 1, 46.31, 46.31, 0.024, 0.136, -21.015, -21.32, -21.015, -21.32, 5.019, 7.381, 12.986, , , 1, 20.59, 0, 0, 14.5, 2.472, 185, 0, 0, 0, 53, 4.206, 4.184, 123.8, 30.934, 100, 0, 0, 30.2, 30.2, 4.304, 0.76, 92.727, 0, 0, 100.303, 47.034, 0, 0, 0, 0, 0, 13.8, 0, 14.5, 0, 2.472, 185, 0, 0, 0, 53, 1, 0.004, 0.004, 123.8, 30.934, 100, 0, 0, 141, 30.2, 30.2, 4.304, 0.76, 0, 92.727, 0, 0, 100.303, 47.034, 0, 0, 0, 0, 
20.6, 17.243, 100.33, 73.27, 73.997, , -3.431, 0.986, 1285.573, 1285.573, 2.461, -79.53, -79.53, -79.53, 52.888, 77.225, 35.162, 35.532, 7.38, 13.004, 0, 0, -9.646, -9.784, -9.646, -9.784, 1, 46.137, 46.137, 0.024, 0.136, -20.763, -21.062, -20.763, -21.062, 4.994, 7.38, 13.004, , , 1, 20.639, 0, 0, 14.5, 2.461, 185, 0, 0, 0, 53, 4.21, 4.199, 123.8, 31.146, 100, 0, 0, 30.008, 30.008, 4.496, 0.76, 92.871, 0, 0, 100.494, 46.915, 0, 0, 0, 0, 0, 13.8, 0, 14.5, 0, 2.461, 185, 0, 0, 0, 53, 1, 0.004, 0.004, 123.8, 31.146, 100, 0, 0, 141, 30.008, 30.008, 4.496, 0.76, 0, 92.871, 0, 0, 100.494, 46.915, 0, 0, 0, 0, 
20.65, 17.244, 100.33, 73.27, 73.998, , -3.394, 0.986, 1288.957, 1288.957, 2.45, -78.643, -78.643, -78.643, 52.883, 77.957, 35.105, 35.57, 7.379, 13.013, 0, 0, -9.505, -9.641, -9.505, -9.641, 1, 45.964, 45.964, 0.024, 0.136, -20.533, -20.828, -20.533, -20.828, 4.973, 7.379, 13.013, , , 1, 20.69, 0, 0, 14.5, 2.45, 185, 0, 0, 0, 53, 4.214, 4.215, 123.8, 31.357, 100, 0, 0, 29.815, 29.815, 4.688, 0.76, 93.014, 0, 0, 100.686, 46.796, 0, 0, 0, 0, 0, 13.8, 0, 14.5, 0, 2.45, 185, 0, 0, 0, 53, 1, 0.004, 0.004, 123.8, 31.357, 100, 0, 0, 141, 29.815, 29.815, 4.688, 0.76, 0, 93.014, 0, 0, 100.686, 46.796, 0, 0, 0, 0, 
20.7, 17.245, 100.33, 73.27, 74, , -3.366, 0.986, 1292.341, 1292.341, 2.439, -77.993, -77.993, -77.993, 52.897, 78.69, 35.06, 35.578, 7.379, 13.019, 0, 0, -9.392, -9.527, -9.392, -9.527, 1, 45.794, 45.794, 0.024, 0.136, -20.359, -20.651, -20.359, -20.651, 4.953, 7.379, 13.019, , , 1, 20.739, 0, 0, 14.5, 2.439, 185, 0, 0, 0, 53, 4.218, 4.23, 123.8, 31.569, 100, 0, 0, 29.623, 29.623, 4.881, 0.76, 93.158, 0, 0, 100.877, 46.676, 0, 0, 0, 0, 0, 13.8, 0, 14.5, 0, 2.439, 185, 0, 0, 0, 53, 1, 0.004, 0.004, 123.8, 31.569, 100, 0, 0, 141, 29.623, 29.623, 4.881, 0.76, 0, 93.158, 0, 0, 100.877, 46.676, 0, 0, 0, 0, 
20.75, 17.246, 100.33, 73.27, 74.001, , -3.356, 0.986, 1295.725, 1295.725, 2.429, -77.752, -77.752, -77.752, 52.925, 79.422, 35.06, 35.47, 7.379, 13.022, 0, 0, -9.329, -9.461, -9.329, -9.461, 1, 45.626, 45.626, 0.024, 0.136, -20.287, -20.577, -20.287, -20.577, 4.932, 7.379, 13.022, , , 1, 20.79, 0, 0, 14.5, 2.429, 185, 0, 0, 0, 53, 4.229, 4.247, 123.8, 31.7, 100, 0, 0, 29.5, 29.5, 5, 0.76, 93.269, 0, 0, 101.038, 46.554, 0, 0, 0, 0, 0, 13.8, 0, 14.5, 0, 2.429, 185, 0, 0, 0, 53, 1, 0.004, 0.004, 123.8, 31.7, 100, 0, 0, 141, 29.5, 29.5, 5, 0.76, 0, 93.269, 0, 0, 101.038, 46.554, 0, 0, 0, 0, 
20.8, 17.246, 100.33, 73.27, 74.003, , -3.277, 0.986, 1299.109, 1299.109, 2.422, -75.888, -75.888, -75.888, 52.961, 80.155, 35.06, 35.362, 7.379, 13.023, 0, 0, -9.07, -9.199, -9.07, -9.199, 1, 45.46, 45.46, 0.024, 0.137, -19.787, -20.068, -19.787, -20.068, 4.911, 7.379, 13.023, , , 1, 20.84, 0, 0, 14.5, 2.422, 185, 0, 0, 0, 53, 4.254, 4.265, 123.8, 31.7, 100, 0, 0, 29.5, 29.5, 5, 0.76, 93.321, 0, 0, 101.142, 46.425, 0, 0, 0, 0, 0, 13.8, 0, 14.5, 0, 2.422, 185, 0, 0, 0, 53, 1, 0.004, 0.004, 123.8, 31.7, 100, 0, 0, 141, 29.5, 29.5, 5, 0.76, 0, 93.321, 0, 0, 101.142, 46.425, 0, 0, 0, 0, 
20.85, 17.247, 100.33, 73.27, 74.004, , -3.27, 0.986, 1302.466, 1302.466, 2.415, -75.722, -75.722, -75.722, 52.997, 80.887, 35.06, 35.254, 7.379, 13.019, 0, 0, -9.015, -9.144, -9.015, -9.144, 1, 45.296, 45.296, 0.024, 0.136, -19.728, -20.01, -19.728, -20.01, 4.906, 7.379, 13.019, , , 1, 20.89, 0, 0, 14.5, 2.415, 185, 0, 0, 0, 53, 4.279, 4.284, 123.8, 31.7, 100, 0, 0, 29.5, 29.5, 5, 0.76, 93.373, 0, 0, 101.246, 46.296, 0, 0, 0, 0, 0, 13.8, 0, 14.5, 0, 2.415, 185, 0, 0, 0, 53, 1, 0.004, 0.004, 123.8, 31.7, 100, 0, 0, 141, 29.5, 29.5, 5, 0.76, 0, 93.373, 0, 0, 101.246, 46.296, 0, 0, 0, 0, 
20.9, 17.248, 100.33, 73.27, 74.006, , -3.326, 0.986, 1305.801, 1305.801, 2.408, -77.044, -77.044, -77.044, 53.041, 81.62, 35.06, 35.146, 7.38, 13.012, 0, 0, -9.139, -9.269, -9.139, -9.269, 1, 45.128, 45.128, 0.024, 0.136, -20.055, -20.344, -20.055, -20.344, 4.901, 7.38, 13.012, , , 1, 20.94, 0, 0, 14.5, 2.408, 185, 0, 0, 0, 53, 4.304, 4.303, 123.8, 31.7, 100, 0, 0, 29.5, 29.5, 5, 0.76, 93.425, 0, 0, 101.35, 46.168, 0, 0, 0, 0, 0, 13.8, 0, 14.5, 0, 2.408, 185, 0, 0, 0, 53, 1, 0.004, 0.004, 123.8, 31.7, 100, 0, 0, 141, 29.5, 29.5, 5, 0.76, 0, 93.425, 0, 0, 101.35, 46.168, 0, 0, 0, 0, 
20.95, 17.249, 100.33, 73.27, 74.007, , -3.397, 0.986, 1309.137, 1309.137, 2.401, -78.738, -78.738, -78.738, 53.088, 82.352, 35.103, 35.038, 7.38, 13.005, 0, 0, -9.305, -9.437, -9.305, -9.437, 1, 44.959, 44.959, 0.024, 0.136, -20.476, -20.772, -20.476, -20.772, 4.897, 7.38, 13.005, , , 1, 20.99, 0, 0, 14.5, 2.401, 185, 0, 0, 0, 53, 4.329, 4.321, 123.8, 31.7, 100, 0, 0, 29.5, 29.5, 5, 0.76, 93.477, 0, 0, 101.454, 46.039, 0, 0, 0, 0, 0, 13.8, 0, 14.5, 0, 2.401, 185, 0, 0, 0, 53, 1, 0.004, 0.004, 123.8, 31.7, 100, 0, 0, 141, 29.5, 29.5, 5, 0.76, 0, 93.477, 0, 0, 101.454, 46.039, 0, 0, 0, 0, 
21, 17.249, 100.33, 73.27, 74.009, , -3.439, 0.986, 1312.437, 1312.437, 2.394, -79.743, -79.743, -79.743, 53.139, 83.085, 35.319, 34.93, 7.38, 12.996, 0, 0, -9.388, -9.52, -9.388, -9.52, 1, 44.788, 44.788, 0.024, 0.136, -20.718, -21.018, -20.718, -21.018, 4.892, 7.38, 12.996, , , 1, 21.039, 0, 0, 14.5, 2.394, 185, 0, 0, 0, 53, 4.348, 4.338, 123.8, 31.74, 100, 0, 0, 29.448, 29.448, 4.892, 0.76, 93.554, 0, 0, 101.554, 45.851, 0, 0, 0, 0, 0, 13.8, 0, 14.5, 0, 2.394, 185, 0, 0, 0, 53, 1, 0.004, 0.004, 123.8, 31.74, 100, 0, 0, 141, 29.448, 29.448, 4.892, 0.76, 0, 93.554, 0, 0, 101.554, 45.851, 0, 0, 0, 0, 
21.05, 17.25, 100.33, 73.27, 74.01, , -3.471, 0.986, 1315.725, 1315.725, 2.388, -80.503, -80.503, -80.503, 53.18, 83.817, 35.535, 34.822, 7.38, 12.987, 0, 0, -9.441, -9.574, -9.441, -9.574, 1, 44.611, 44.611, 0.024, 0.136, -20.898, -21.202, -20.898, -21.202, 4.898, 7.38, 12.987, , , 1, 21.09, 0, 0, 14.5, 2.388, 185, 0, 0, 0, 53, 4.364, 4.354, 123.8, 31.811, 100, 0, 0, 29.352, 29.352, 4.7, 0.76, 93.649, 0, 0, 101.649, 45.613, 0, 0, 0, 0, 0, 13.8, 0, 14.5, 0, 2.388, 185, 0, 0, 0, 53, 1, 0.004, 0.004, 123.8, 31.811, 100, 0, 0, 141, 29.352, 29.352, 4.7, 0.76, 0, 93.649, 0, 0, 101.649, 45.613, 0, 0, 0, 0, 
21.1, 17.251, 100.33, 73.27, 74.012, , -3.501, 0.986, 1319.014, 1319.014, 2.381, -81.211, -81.211, -81.211, 53.211, 84.55, 35.751, 34.714, 7.38, 12.979, 0, 0, -9.489, -9.621, -9.489, -9.621, 1, 44.435, 44.435, 0.024, 0.135, -21.069, -21.376, -21.069, -21.376, 4.907, 7.38, 12.979, , , 1, 21.139, 0, 0, 14.5, 2.381, 185, 0, 0, 0, 53, 4.379, 4.369, 123.8, 31.882, 100, 0, 0, 29.256, 29.256, 4.508, 0.76, 93.745, 0, 0, 101.745, 45.374, 0, 0, 0, 0, 0, 13.8, 0, 14.5, 0, 2.381, 185, 0, 0, 0, 53, 1, 0.004, 0.004, 123.8, 31.882, 100, 0, 0, 141, 29.256, 29.256, 4.508, 0.76, 0, 93.745, 0, 0, 101.745, 45.374, 0, 0, 0, 0, 
21.15, 17.252, 100.33, 73.27, 74.013, , -3.504, 0.986, 1322.303, 1322.303, 2.374, -81.298, -81.298, -81.298, 53.231, 85.282, 35.967, 34.606, 7.38, 12.975, 0, 0, -9.462, -9.594, -9.462, -9.594, 1, 44.259, 44.259, 0.024, 0.135, -21.087, -21.393, -21.087, -21.393, 4.916, 7.38, 12.975, , , 1, 21.19, 0, 0, 14.5, 2.374, 185, 0, 0, 0, 53, 4.394, 4.384, 123.8, 31.953, 100, 0, 0, 29.16, 29.16, 4.315, 0.76, 93.841, 0, 0, 101.841, 45.136, 0, 0, 0, 0, 0, 13.8, 0, 14.5, 0, 2.374, 185, 0, 0, 0, 53, 1, 0.004, 0.004, 123.8, 31.953, 100, 0, 0, 141, 29.16, 29.16, 4.315, 0.76, 0, 93.841, 0, 0, 101.841, 45.136, 0, 0, 0, 0, 
21.2, 17.252, 100.33, 73.27, 74.015, , -3.484, 0.986, 1325.569, 1325.569, 2.367, -80.816, -80.816, -80.816, 53.234, 86.015, 36.097, 34.513, 7.38, 12.975, 0, 0, -9.369, -9.5, -9.369, -9.5, 1, 44.084, 44.084, 0.024, 0.135, -20.962, -21.265, -20.962, -21.265, 4.924, 7.38, 12.975, , , 1, 21.24, 0, 0, 14.5, 2.367, 185, 0, 0, 0, 53, 4.41, 4.4, 123.8, 32.024, 100, 0, 0, 29.063, 29.063, 4.123, 0.76, 93.937, 0, 0, 101.937, 44.897, 0, 0, 0, 0, 0, 13.8, 0, 14.5, 0, 2.367, 185, 0, 0, 0, 53, 1, 0.004, 0.004, 123.8, 32.024, 100, 0, 0, 141, 29.063, 29.063, 4.123, 0.76, 0, 93.937, 0, 0, 101.937, 44.897, 0, 0, 0, 0, 
21.25, 17.253, 100.33, 73.27, 74.016, , -3.443, 0.986, 1328.812, 1328.812, 2.359, -79.86, -79.86, -79.86, 53.22, 86.747, 35.881, 34.477, 7.38, 12.971, 0, 0, -9.221, -9.351, -9.221, -9.351, 1, 43.911, 43.911, 0.024, 0.135, -20.719, -21.016, -20.719, -21.016, 4.926, 7.38, 12.971, , , 1, 21.29, 0, 0, 14.5, 2.359, 185, 0, 0, 0, 53, 4.43, 4.42, 123.8, 32.124, 100, 0, 0, 28.966, 28.966, 4.073, 0.76, 94.034, 0, 0, 102.069, 44.697, 0, 0, 0, 0, 0, 13.8, 0, 14.5, 0, 2.359, 185, 0, 0, 0, 53, 1, 0.004, 0.004, 123.8, 32.124, 100, 0, 0, 141, 28.966, 28.966, 4.073, 0.76, 0, 94.034, 0, 0, 102.069, 44.697, 0, 0, 0, 0, 
21.3, 17.254, 100.33, 73.27, 74.018, , -3.431, 0.986, 1332.056, 1332.056, 2.349, -79.566, -79.566, -79.566, 53.2, 87.48, 35.665, 34.441, 7.38, 12.965, 0, 0, -9.15, -9.28, -9.15, -9.28, 1, 43.738, 43.738, 0.024, 0.135, -20.653, -20.948, -20.653, -20.948, 4.923, 7.38, 12.965, , , 1, 21.34, 0, 0, 14.5, 2.349, 185, 0, 0, 0, 53, 4.461, 4.451, 123.8, 32.274, 100, 0, 0, 28.864, 28.864, 4.274, 0.76, 94.136, 0, 0, 102.271, 44.572, 0, 0, 0, 0, 0, 13.8, 0, 14.5, 0, 2.349, 185, 0, 0, 0, 53, 1, 0.004, 0.004, 123.8, 32.274, 100, 0, 0, 141, 28.864, 28.864, 4.274, 0.76, 0, 94.136, 0, 0, 102.271, 44.572, 0, 0, 0, 0, 
21.35, 17.255, 100.33, 73.27, 74.02, , -3.46, 0.986, 1335.3, 1335.3, 2.339, -80.254, -80.254, -80.254, 53.18, 88.212, 35.449, 34.405, 7.38, 12.95, 0, 0, -9.19, -9.322, -9.19, -9.322, 1, 43.565, 43.565, 0.024, 0.135, -20.839, -21.137, -20.839, -21.137, 4.92, 7.38, 12.95, , , 1, 21.39, 0, 0, 14.5, 2.339, 185, 0, 0, 0, 53, 4.491, 4.481, 123.8, 32.424, 100, 0, 0, 28.763, 28.763, 4.476, 0.76, 94.237, 0, 0, 102.474, 44.446, 0, 0, 0, 0, 0, 13.8, 0, 14.5, 0, 2.339, 185, 0, 0, 0, 53, 1, 0.004, 0.004, 123.8, 32.424, 100, 0, 0, 141, 28.763, 28.763, 4.476, 0.76, 0, 94.237, 0, 0, 102.474, 44.446, 0, 0, 0, 0, 
21.4, 17.256, 100.33, 73.27, 74.021, , -3.513, 0.986, 1338.535, 1338.535, 2.328, -81.514, -81.514, -81.514, 53.167, 88.945, 35.233, 34.369, 7.38, 12.929, 0, 0, -9.296, -9.429, -9.296, -9.429, 1, 43.389, 43.389, 0.024, 0.135, -21.171, -21.474, -21.171, -21.474, 4.917, 7.38, 12.929, , , 1, 21.439, 0, 0, 14.5, 2.328, 185, 0, 0, 0, 53, 4.521, 4.511, 123.8, 32.573, 100, 0, 0, 28.662, 28.662, 4.677, 0.76, 94.338, 0, 0, 102.676, 44.321, 0, 0, 0, 0, 0, 13.8, 0, 14.5, 0, 2.328, 185, 0, 0, 0, 53, 1, 0.005, 0.005, 123.8, 32.573, 100, 0, 0, 141, 28.662, 28.662, 4.677, 0.76, 0, 94.338, 0, 0, 102.676, 44.321, 0, 0, 0, 0, 
21.45, 17.256, 100.33, 73.27, 74.023, , -3.559, 0.986, 1341.733, 1341.733, 2.318, -82.615, -82.615, -82.615, 53.158, 89.677, 35.06, 34.383, 7.38, 12.901, 0, 0, -9.384, -9.518, -9.384, -9.518, 1, 43.211, 43.211, 0.024, 0.135, -21.459, -21.767, -21.459, -21.767, 4.903, 7.38, 12.901, , , 1, 21.489, 0, 0, 14.5, 2.318, 185, 0, 0, 0, 53, 4.552, 4.542, 123.8, 32.723, 100, 0, 0, 28.561, 28.561, 4.879, 0.76, 94.439, 0, 0, 102.879, 44.195, 0, 0, 0, 0, 0, 13.8, 0, 14.5, 0, 2.318, 185, 0, 0, 0, 53, 1, 0.005, 0.005, 123.8, 32.723, 100, 0, 0, 141, 28.561, 28.561, 4.879, 0.76, 0, 94.439, 0, 0, 102.879, 44.195, 0, 0, 0, 0, 
21.5, 17.257, 100.33, 73.27, 74.024, , -3.574, 0.986, 1344.901, 1344.901, 2.307, -82.971, -82.971, -82.971, 53.155, 90.41, 35.06, 34.599, 7.38, 12.867, 0, 0, -9.387, -9.521, -9.387, -9.521, 1, 43.031, 43.031, 0.024, 0.135, -21.551, -21.862, -21.551, -21.862, 4.882, 7.38, 12.867, , , 1, 21.54, 0, 0, 14.5, 2.307, 185, 0, 0, 0, 53, 4.579, 4.57, 123.871, 32.871, 100, 0, 0, 28.44, 28.44, 5, 0.76, 94.56, 0, 0, 103.079, 43.996, 0, 0, 0, 0, 0, 13.808, 0, 14.5, 0, 2.307, 185, 0, 0, 0, 53, 1, 0.005, 0.005, 123.871, 32.871, 100, 0, 0, 141, 28.44, 28.44, 5, 0.76, 0, 94.56, 0, 0, 103.079, 43.996, 0, 0, 0, 0, 
21.55, 17.258, 100.33, 73.27, 74.026, , -3.585, 0.986, 1348.056, 1348.056, 2.293, -83.247, -83.247, -83.247, 53.158, 91.142, 35.06, 34.815, 7.38, 12.837, 0, 0, -9.38, -9.513, -9.38, -9.513, 1, 42.85, 42.85, 0.024, 0.135, -21.621, -21.934, -21.621, -21.934, 4.861, 7.38, 12.837, , , 1, 21.59, 0, 0, 14.5, 2.293, 185, 0, 0, 0, 53, 4.601, 4.593, 124.05, 33.018, 100, 0, 0, 28.292, 28.292, 5, 0.76, 94.708, 0, 0, 103.278, 43.687, 0, 0, 0, 0, 0, 13.828, 0, 14.5, 0, 2.293, 185, 0, 0, 0, 53, 1, 0.005, 0.005, 124.05, 33.018, 100, 0, 0, 141, 28.292, 28.292, 5, 0.76, 0, 94.708, 0, 0, 103.278, 43.687, 0, 0, 0, 0, 
21.6, 17.259, 100.33, 73.27, 74.027, , -3.629, 0.986, 1351.212, 1351.212, 2.279, -84.276, -84.276, -84.276, 53.167, 91.875, 35.06, 35.031, 7.379, 12.813, 0, 0, -9.455, -9.589, -9.455, -9.589, 1, 42.668, 42.668, 0.024, 0.136, -21.884, -22.201, -21.884, -22.201, 4.84, 7.379, 12.813, , , 1, 21.639, 0, 0, 14.5, 2.279, 185, 0, 0, 0, 53, 4.622, 4.617, 124.229, 33.164, 100, 0, 0, 28.143, 28.143, 5, 0.76, 94.857, 0, 0, 103.476, 43.377, 0, 0, 0, 0, 0, 13.848, 0, 14.5, 0, 2.279, 185, 0, 0, 0, 53, 1, 0.005, 0.005, 124.229, 33.164, 100, 0, 0, 141, 28.143, 28.143, 5, 0.76, 0, 94.857, 0, 0, 103.476, 43.377, 0, 0, 0, 0, 
21.65, 17.259, 100.33, 73.27, 74.029, , -3.667, 0.986, 1354.367, 1354.367, 2.266, -85.179, -85.179, -85.179, 53.18, 92.607, 35.06, 35.247, 7.379, 12.797, 0, 0, -9.512, -9.647, -9.512, -9.647, 1, 42.484, 42.484, 0.024, 0.136, -22.112, -22.432, -22.112, -22.432, 4.818, 7.379, 12.797, , , 1, 21.689, 0, 0, 14.5, 2.266, 185, 0, 0, 0, 53, 4.644, 4.641, 124.407, 33.31, 100, 0, 0, 27.994, 27.994, 5, 0.76, 95.006, 0, 0, 103.675, 43.068, 0, 0, 0, 0, 0, 13.867, 0, 14.5, 0, 2.266, 185, 0, 0, 0, 53, 1, 0.005, 0.005, 124.407, 33.31, 100, 0, 0, 141, 27.994, 27.994, 5, 0.76, 0, 95.006, 0, 0, 103.675, 43.068, 0, 0, 0, 0, 
21.7, 17.26, 100.33, 73.27, 74.03, , -3.675, 0.986, 1357.511, 1357.511, 2.252, -85.379, -85.379, -85.379, 53.202, 93.34, 35.038, 35.492, 7.378, 12.79, 0, 0, -9.492, -9.626, -9.492, -9.626, 1, 42.296, 42.296, 0.024, 0.136, -22.156, -22.477, -22.156, -22.477, 4.794, 7.378, 12.79, , , 1, 21.739, 0, 0, 14.5, 2.252, 185, 0, 0, 0, 53, 4.666, 4.665, 124.586, 33.456, 100, 0, 0, 27.845, 27.845, 5, 0.76, 95.155, 0, 0, 103.873, 42.758, 0, 0, 0, 0, 0, 13.887, 0, 14.5, 0, 2.252, 185, 0, 0, 0, 53, 1, 0.005, 0.005, 124.586, 33.456, 100, 0, 0, 141, 27.845, 27.845, 5, 0.76, 0, 95.155, 0, 0, 103.873, 42.758, 0, 0, 0, 0, 
21.75, 17.26, 100.33, 73.27, 74.03, , -3.611, 0.986, 1360.624, 1360.624, 2.242, -83.874, -83.874, -83.874, 53.228, 89.569, 34.93, 35.852, 7.378, 12.788, 0, 0, -9.285, -9.416, -9.285, -9.416, 1, 42.112, 42.112, 0.024, 0.136, -21.756, -22.072, -21.756, -22.072, 4.77, 7.378, 12.788, , , 1, 21.79, 0, 0, 14.5, 2.242, 185, 0, 0, 0, 53, 4.683, 4.682, 124.768, 33.578, 100, 0, 0, 27.731, 27.731, 5, 0.76, 95.231, 0, 0, 104, 42.537, 0, 0, 0, 0, 0, 13.9, 0, 14.5, 0, 2.242, 185, 0, 0, 0, 53, 1, 0.005, 0.005, 124.768, 33.578, 100, 0, 0, 141, 27.731, 27.731, 5, 0.76, 0, 95.231, 0, 0, 104, 42.537, 0, 0, 0, 0, 
21.8, 17.26, 100.33, 73.27, 74.03, , -3.625, 0.986, 1363.737, 1363.737, 2.238, -84.194, -84.194, -84.194, 53.257, 85.799, 34.822, 36.212, 7.377, 12.792, 0, 0, -9.282, -9.413, -9.282, -9.413, 1, 41.93, 41.93, 0.024, 0.136, -21.826, -22.142, -21.826, -22.142, 4.745, 7.377, 12.792, , , 1, 21.839, 0, 0, 14.5, 2.238, 185, 0, 0, 0, 53, 4.691, 4.686, 124.957, 33.656, 100, 0, 0, 27.679, 27.679, 5, 0.76, 95.179, 0, 0, 104, 42.471, 0, 0, 0, 0, 0, 13.9, 0, 14.5, 0, 2.238, 185, 0, 0, 0, 53, 1, 0.005, 0.005, 124.957, 33.656, 100, 0, 0, 141, 27.679, 27.679, 5, 0.76, 0, 95.179, 0, 0, 104, 42.471, 0, 0, 0, 0, 
21.85, 17.26, 100.33, 73.27, 74.03, , -3.632, 0.986, 1366.839, 1366.839, 2.233, -84.379, -84.379, -84.379, 53.299, 82.028, 34.714, 36.572, 7.377, 12.792, 0, 0, -9.263, -9.395, -9.263, -9.395, 1, 41.748, 41.748, 0.024, 0.136, -21.86, -22.176, -21.86, -22.176, 4.721, 7.377, 12.792, , , 1, 21.89, 0, 0, 14.5, 2.233, 185, 0, 0, 0, 53, 4.7, 4.69, 125.146, 33.734, 100, 0, 0, 27.626, 27.626, 5, 0.76, 95.126, 0, 0, 104, 42.406, 0, 0, 0, 0, 0, 13.9, 0, 14.5, 0, 2.233, 185, 0, 0, 0, 53, 1, 0.005, 0.005, 125.146, 33.734, 100, 0, 0, 141, 27.626, 27.626, 5, 0.76, 0, 95.126, 0, 0, 104, 42.406, 0, 0, 0, 0, 
21.9, 17.26, 100.33, 73.27, 74.03, , -3.57, 0.986, 1369.911, 1369.911, 2.229, -82.894, -82.894, -82.894, 53.344, 78.257, 34.606, 36.932, 7.378, 12.787, 0, 0, -9.061, -9.191, -9.061, -9.191, 1, 41.567, 41.567, 0.024, 0.136, -21.457, -21.768, -21.457, -21.768, 4.698, 7.378, 12.787, , , 1, 21.94, 0, 0, 14.5, 2.229, 185, 0, 0, 0, 53, 4.708, 4.694, 125.335, 33.812, 100, 0, 0, 27.574, 27.574, 5, 0.76, 95.074, 0, 0, 104, 42.341, 0, 0, 0, 0, 0, 13.9, 0, 14.5, 0, 2.229, 185, 0, 0, 0, 53, 1, 0.005, 0.005, 125.335, 33.812, 100, 0, 0, 141, 27.574, 27.574, 5, 0.76, 0, 95.074, 0, 0, 104, 42.341, 0, 0, 0, 0, 
21.95, 17.26, 100.33, 73.27, 74.03, , -3.485, 0.986, 1372.983, 1372.983, 2.225, -80.899, -80.899, -80.899, 53.39, 74.486, 34.542, 37.155, 7.378, 12.781, 0, 0, -8.802, -8.931, -8.802, -8.931, 1, 41.388, 41.388, 0.024, 0.136, -20.921, -21.225, -20.921, -21.225, 4.676, 7.378, 12.781, , , 1, 21.99, 0, 0, 14.5, 2.225, 185, 0, 0, 0, 53, 4.717, 4.698, 125.524, 33.89, 100, 0, 0, 27.521, 27.521, 5, 0.76, 95.021, 0, 0, 104, 42.276, 0, 0, 0, 0, 0, 13.9, 0, 14.5, 0, 2.225, 185, 0, 0, 0, 53, 1, 0.005, 0.005, 125.524, 33.89, 100, 0, 0, 141, 27.521, 27.521, 5, 0.76, 0, 95.021, 0, 0, 104, 42.276, 0, 0, 0, 0, 
22, 17.26, 100.33, 73.27, 74.03, , -3.426, 0.986, 1376.046, 1376.046, 2.216, -79.496, -79.496, -79.496, 53.425, 70.716, 34.65, 36.831, 7.379, 12.771, 0, 0, -8.61, -8.737, -8.61, -8.737, 1, 41.213, 41.213, 0.024, 0.136, -20.542, -20.84, -20.542, -20.84, 4.653, 7.379, 12.771, , , 1, 22.039, 0, 0, 14.494, 2.216, 185, 0, 0, 0, 53, 4.741, 4.718, 125.6, 34.029, 100, 0, 0, 27.413, 27.442, 5, 0.759, 94.971, 0, 0, 103.913, 42.107, 0, 0, 0, 0, 0, 13.9, 0, 14.494, 0, 2.216, 185, 0, 0, 0, 53, 1, 0.005, 0.005, 125.6, 34.029, 100, 0, 0, 141, 27.413, 27.442, 5, 0.759, 0, 94.971, 0, 0, 103.913, 42.107, 0, 0, 0, 0, 
22.05, 17.26, 100.33, 73.27, 74.03, , -3.467, 0.986, 1379.078, 1379.078, 2.204, -80.482, -80.482, -80.482, 53.447, 66.945, 34.758, 36.507, 7.379, 12.764, 0, 0, -8.681, -8.809, -8.681, -8.809, 1, 41.038, 41.038, 0.024, 0.136, -20.788, -21.088, -20.788, -21.088, 4.63, 7.379, 12.764, , , 1, 22.089, 0, 0, 14.484, 2.204, 185, 0, 0, 0, 53, 4.775, 4.749, 125.6, 34.205, 100, 0, 0, 27.269, 27.346, 5, 0.757, 94.923, 0, 0, 103.769, 41.868, 0, 0, 0, 0, 0, 13.9, 0, 14.484, 0, 2.204, 185, 0, 0, 0, 53, 1, 0.005, 0.005, 125.6, 34.205, 100, 0, 0, 141, 27.269, 27.346, 5, 0.757, 0, 94.923, 0, 0, 103.769, 41.868, 0, 0, 0, 0, 
22.1, 17.26, 100.33, 73.27, 74.03, , -3.471, 0.986, 1382.111, 1382.111, 2.192, -80.571, -80.571, -80.571, 53.457, 63.174, 34.866, 36.183, 7.38, 12.759, 0, 0, -8.654, -8.78, -8.654, -8.78, 1, 40.861, 40.861, 0.024, 0.136, -20.81, -21.11, -20.81, -21.11, 4.639, 7.38, 12.759, , , 1, 22.14, 0, 0, 14.475, 2.192, 185, 0, 0, 0, 53, 4.81, 4.78, 125.6, 34.381, 100, 0, 0, 27.125, 27.25, 5, 0.755, 94.875, 0, 0, 103.625, 41.63, 0, 0, 0, 0, 0, 13.9, 0, 14.475, 0, 2.192, 185, 0, 0, 0, 53, 1, 0.005, 0.005, 125.6, 34.381, 100, 0, 0, 141, 27.125, 27.25, 5, 0.755, 0, 94.875, 0, 0, 103.625, 41.63, 0, 0, 0, 0, 
22.15, 17.26, 100.33, 73.27, 74.03, , -3.459, 0.986, 1385.137, 1385.137, 2.179, -80.283, -80.283, -80.283, 53.436, 58.965, 34.974, 35.859, 7.38, 12.76, 0, 0, -8.585, -8.71, -8.585, -8.71, 1, 40.687, 40.687, 0.024, 0.136, -20.739, -21.039, -20.739, -21.039, 4.66, 7.38, 12.76, , , 1, 22.189, 0, 0, 14.465, 2.179, 185, 0, 0, 0, 53, 4.845, 4.811, 125.6, 34.557, 100, 0, 0, 26.981, 27.154, 5, 0.753, 94.827, 0, 0, 103.481, 41.392, 0, 0, 0, 0, 0, 13.9, 0, 14.465, 0, 2.179, 185, 0, 0, 0, 53, 1, 0.005, 0.005, 125.6, 34.557, 100, 0, 0, 141, 26.981, 27.154, 5, 0.753, 0, 94.827, 0, 0, 103.481, 41.392, 0, 0, 0, 0, 
22.2, 17.26, 100.33, 73.27, 74.03, , -3.448, 0.986, 1388.131, 1388.131, 2.167, -80.034, -80.034, -80.034, 53.409, 54.647, 35.089, 35.586, 7.379, 12.771, 0, 0, -8.524, -8.648, -8.524, -8.648, 1, 40.514, 40.514, 0.024, 0.135, -20.688, -20.986, -20.688, -20.986, 4.68, 7.379, 12.771, , , 1, 22.239, 0, 0, 14.456, 2.167, 185, 0, 0, 0, 53, 4.879, 4.842, 125.6, 34.733, 100, 0, 0, 26.837, 27.058, 5, 0.751, 94.779, 0, 0, 103.337, 41.153, 0, 0, 0, 0, 0, 13.9, 0, 14.456, 0, 2.167, 185, 0, 0, 0, 53, 1, 0.005, 0.005, 125.6, 34.733, 100, 0, 0, 141, 26.837, 27.058, 5, 0.751, 0, 94.779, 0, 0, 103.337, 41.153, 0, 0, 0, 0, 
22.25, 17.26, 100.33, 73.27, 74.03, , -3.469, 0.986, 1391.124, 1391.124, 2.156, -80.523, -80.523, -80.523, 53.374, 50.328, 35.233, 35.514, 7.379, 12.783, 0, 0, -8.539, -8.662, -8.539, -8.662, 1, 40.339, 40.339, 0.024, 0.135, -20.828, -21.128, -20.828, -21.128, 4.7, 7.379, 12.783, , , 1, 22.29, 0, 0, 14.445, 2.156, 185, 0, 0, 0, 53, 4.909, 4.869, 125.6, 34.89, 100, 0, 0, 26.702, 26.929, 5, 0.751, 94.702, 0, 0, 103.226, 40.921, 0, 0, 0, 0, 0, 13.9, 0, 14.445, 0, 2.156, 185, 0, 0, 0, 53, 1, 0.005, 0.005, 125.6, 34.89, 100, 0, 0, 141, 26.702, 26.929, 5, 0.751, 0, 94.702, 0, 0, 103.226, 40.921, 0, 0, 0, 0, 
22.3, 17.26, 100.33, 73.27, 74.03, , -3.507, 0.986, 1394.116, 1394.116, 2.146, -81.441, -81.441, -81.441, 53.349, 50.326, 35.377, 35.442, 7.378, 12.795, 0, 0, -8.599, -8.721, -8.599, -8.721, 1, 40.162, 40.162, 0.024, 0.135, -21.08, -21.382, -21.08, -21.382, 4.715, 7.378, 12.795, , , 1, 22.339, 0, 0, 14.433, 2.146, 185, 0, 0, 0, 53, 4.932, 4.89, 125.6, 35.023, 100, 0, 0, 26.583, 26.75, 5, 0.753, 94.583, 0, 0, 103.166, 40.7, 0, 0, 0, 0, 0, 13.9, 0, 14.433, 0, 2.146, 185, 0, 0, 0, 53, 1, 0.005, 0.005, 125.6, 35.023, 100, 0, 0, 141, 26.583, 26.75, 5, 0.753, 0, 94.583, 0, 0, 103.166, 40.7, 0, 0, 0, 0, 
22.35, 17.26, 100.33, 73.27, 74.03, , -3.485, 0.986, 1397.072, 1397.072, 2.135, -80.915, -80.915, -80.915, 53.329, 64.451, 35.521, 35.37, 7.378, 12.804, 0, 0, -8.505, -8.628, -8.505, -8.628, 1, 40.008, 40.008, 0.024, 0.135, -20.947, -21.249, -20.947, -21.249, 4.726, 7.378, 12.804, , , 1, 22.389, 0, 0, 14.421, 2.135, 185, 0, 0, 0, 53, 4.954, 4.911, 125.6, 35.155, 100, 0, 0, 26.464, 26.571, 5, 0.756, 94.463, 0, 0, 103.106, 40.479, 0, 0, 0, 0, 0, 13.9, 0, 14.421, 0, 2.135, 185, 0, 0, 0, 53, 1, 0.005, 0.005, 125.6, 35.155, 100, 0, 0, 141, 26.464, 26.571, 5, 0.756, 0, 94.463, 0, 0, 103.106, 40.479, 0, 0, 0, 0, 
22.4, 17.26, 100.33, 73.27, 74.03, , -3.471, 0.986, 1399.348, 1399.348, 2.125, -80.58, -80.58, -80.58, 53.315, 65.082, 35.665, 35.298, 7.377, 12.807, 0, 0, -8.441, -8.564, -8.441, -8.564, 1, 39.921, 39.921, 0.024, 0.135, -20.863, -21.165, -20.863, -21.165, 4.736, 7.377, 12.807, , , 1, 22.44, 0, 0, 14.409, 2.125, 185, 0, 0, 0, 53, 4.977, 4.933, 125.6, 35.287, 100, 0, 0, 26.345, 26.393, 5, 0.758, 94.343, 0, 0, 103.047, 40.257, 0, 0, 0, 0, 0, 13.9, 0, 14.409, 0, 2.125, 185, 0, 0, 0, 53, 1, 0.005, 0.005, 125.6, 35.287, 100, 0, 0, 141, 26.345, 26.393, 5, 0.758, 0, 94.343, 0, 0, 103.047, 40.257, 0, 0, 0, 0, 
22.45, 17.26, 100.33, 73.27, 74.03, , -3.466, 0.986, 1400.825, 1400.825, 2.115, -80.47, -80.47, -80.47, 53.327, 65.713, 35.78, 35.276, 7.377, 12.806, 0, 0, -8.41, -8.534, -8.41, -8.534, 1, 39.774, 39.774, 0.024, 0.136, -20.836, -21.137, -20.836, -21.137, 4.746, 7.377, 12.806, , , 1, 22.49, 0, 0, 14.4, 2.115, 185, 0, 0, 0, 53, 4.997, 4.952, 125.6, 35.425, 100, 0, 0, 26.228, 26.228, 5, 0.76, 94.238, 0, 0, 103, 40.053, 0, 0, 0, 0, 0, 13.9, 0, 14.4, 0, 2.115, 185, 0, 0, 0, 53, 1, 0.005, 0.005, 125.6, 35.425, 100, 0, 0, 141, 26.228, 26.228, 5, 0.76, 0, 94.238, 0, 0, 103, 40.053, 0, 0, 0, 0, 
22.5, 17.26, 100.33, 73.27, 74.03, , -3.459, 0.986, 1403.571, 1403.571, 2.106, -80.295, -80.295, -80.295, 53.352, 66.345, 35.78, 35.453, 7.377, 12.795, 0, 0, -8.359, -8.48, -8.359, -8.48, 1, 39.6, 39.6, 0.024, 0.136, -20.782, -21.082, -20.782, -21.082, 4.748, 7.377, 12.795, , , 1, 22.54, 0, 0, 14.4, 2.106, 185, 0, 0, 0, 53, 5.005, 4.964, 125.6, 35.586, 100, 0, 0, 26.12, 26.12, 5, 0.76, 94.184, 0, 0, 103, 39.918, 0, 0, 0, 0, 0, 13.9, 0, 14.4, 0, 2.106, 185, 0, 0, 0, 53, 1, 0.005, 0.005, 125.6, 35.586, 100, 0, 0, 141, 26.12, 26.12, 5, 0.76, 0, 94.184, 0, 0, 103, 39.918, 0, 0, 0, 0, 
22.55, 17.26, 100.33, 73.27, 74.03, , -3.42, 0.986, 1406.49, 1406.49, 2.097, -79.379, -79.379, -79.379, 53.37, 66.976, 35.78, 35.631, 7.377, 12.784, 0, 0, -8.229, -8.348, -8.229, -8.348, 1, 39.427, 39.427, 0.024, 0.136, -20.537, -20.834, -20.537, -20.834, 4.722, 7.377, 12.784, , , 1, 22.59, 0, 0, 14.4, 2.097, 185, 0, 0, 0, 53, 5.014, 4.976, 125.6, 35.747, 100, 0, 0, 26.011, 26.011, 5, 0.76, 94.129, 0, 0, 103, 39.783, 0, 0, 0, 0, 0, 13.9, 0, 14.4, 0, 2.097, 185, 0, 0, 0, 53, 1, 0.005, 0.005, 125.6, 35.747, 100, 0, 0, 141, 26.011, 26.011, 5, 0.76, 0, 94.129, 0, 0, 103, 39.783, 0, 0, 0, 0, 
22.6, 17.26, 100.33, 73.27, 74.03, , -3.302, 0.986, 1409.41, 1409.41, 2.088, -76.579, -76.579, -76.579, 53.373, 67.608, 35.78, 35.809, 7.377, 12.77, 0, 0, -7.904, -8.019, -7.904, -8.019, 1, 39.258, 39.258, 0.024, 0.136, -19.812, -20.099, -19.812, -20.099, 4.696, 7.377, 12.77, , , 1, 22.64, 0, 0, 14.4, 2.088, 185, 0, 0, 0, 53, 5.023, 4.988, 125.6, 35.908, 100, 0, 0, 25.902, 25.902, 5, 0.76, 94.075, 0, 0, 103, 39.649, 0, 0, 0, 0, 0, 13.9, 0, 14.4, 0, 2.088, 185, 0, 0, 0, 53, 1, 0.005, 0.005, 125.6, 35.908, 100, 0, 0, 141, 25.902, 25.902, 5, 0.76, 0, 94.075, 0, 0, 103, 39.649, 0, 0, 0, 0, 
22.65, 17.26, 100.33, 73.27, 74.03, , -3.259, 0.986, 1412.304, 1412.304, 2.079, -75.567, -75.567, -75.567, 53.359, 68.239, 35.78, 35.987, 7.377, 12.757, 0, 0, -7.765, -7.878, -7.765, -7.878, 1, 39.093, 39.093, 0.024, 0.136, -19.556, -19.84, -19.556, -19.84, 4.67, 7.377, 12.757, , , 1, 22.69, 0, 0, 14.4, 2.079, 185, 0, 0, 0, 53, 5.032, 5, 125.6, 36.069, 100, 0, 0, 25.793, 25.793, 5, 0.76, 94.021, 0, 0, 103, 39.514, 0, 0, 0, 0, 0, 13.9, 0, 14.4, 0, 2.079, 185, 0, 0, 0, 53, 1, 0.005, 0.005, 125.6, 36.069, 100, 0, 0, 141, 25.793, 25.793, 5, 0.76, 0, 94.021, 0, 0, 103, 39.514, 0, 0, 0, 0, 
22.7, 17.26, 100.33, 73.27, 74.03, , -3.255, 0.986, 1415.184, 1415.184, 2.07, -75.488, -75.488, -75.488, 53.327, 68.871, 35.76, 36.114, 7.377, 12.745, 0, 0, -7.723, -7.836, -7.723, -7.836, 1, 38.93, 38.93, 0.024, 0.137, -19.545, -19.829, -19.545, -19.829, 4.643, 7.377, 12.745, , , 1, 22.739, 0, 0, 14.4, 2.07, 185, 0, 0, 0, 53, 5.046, 5.01, 125.6, 36.23, 100, 0, 0, 25.685, 25.685, 5, 0.76, 93.966, 0, 0, 102.966, 39.338, 0, 0, 0, 0, 0, 13.9, 0, 14.4, 0, 2.07, 185, 0, 0, 0, 53, 1, 0.005, 0.005, 125.6, 36.23, 100, 0, 0, 141, 25.684, 25.685, 5, 0.76, 0, 93.966, 0, 0, 102.966, 39.338, 0, 0, 0, 0, 
22.75, 17.26, 100.33, 73.27, 74.03, , -3.312, 0.986, 1418.031, 1418.031, 2.06, -76.842, -76.842, -76.842, 53.295, 69.502, 35.614, 35.932, 7.377, 12.735, 0, 0, -7.827, -7.942, -7.827, -7.942, 1, 38.766, 38.766, 0.024, 0.136, -19.907, -20.194, -19.907, -20.194, 4.627, 7.377, 12.735, , , 1, 22.789, 0, 0, 14.4, 2.06, 185, 0, 0, 0, 53, 5.065, 5.017, 125.6, 36.391, 100, 0, 0, 25.576, 25.576, 5, 0.76, 93.912, 0, 0, 102.912, 39.135, 0, 0, 0, 0, 0, 13.9, 0, 14.4, 0, 2.06, 185, 0, 0, 0, 53, 1, 0.005, 0.005, 125.6, 36.391, 100, 0, 0, 141, 25.575, 25.576, 5, 0.76, 0, 93.912, 0, 0, 102.912, 39.135, 0, 0, 0, 0, 
22.8, 17.26, 100.33, 73.27, 74.03, , -3.388, 0.986, 1420.878, 1420.878, 2.05, -78.643, -78.643, -78.643, 53.275, 70.134, 35.468, 35.75, 7.377, 12.73, 0, 0, -7.975, -8.092, -7.975, -8.092, 1, 38.597, 38.597, 0.024, 0.136, -20.381, -20.675, -20.381, -20.675, 4.612, 7.377, 12.73, , , 1, 22.839, 0, 0, 14.4, 2.05, 185, 0, 0, 0, 53, 5.083, 5.025, 125.6, 36.551, 100, 0, 0, 25.467, 25.467, 5, 0.76, 93.858, 0, 0, 102.858, 38.932, 0, 0, 0, 0, 0, 13.9, 0, 14.4, 0, 2.05, 185, 0, 0, 0, 53, 1, 0.005, 0.005, 125.6, 36.551, 100, 0, 0, 141, 25.466, 25.467, 5, 0.76, 0, 93.858, 0, 0, 102.858, 38.932, 0, 0, 0, 0, 
22.85, 17.26, 100.33, 73.27, 74.03, , -3.49, 0.986, 1423.725, 1423.725, 2.04, -81.064, -81.064, -81.064, 53.269, 70.765, 35.322, 35.568, 7.377, 12.726, 0, 0, -8.184, -8.303, -8.184, -8.303, 1, 38.424, 38.424, 0.024, 0.136, -21.011, -21.313, -21.011, -21.313, 4.596, 7.377, 12.726, , , 1, 22.89, 0, 0, 14.4, 2.04, 185, 0, 0, 0, 53, 5.102, 5.032, 125.6, 36.712, 100, 0, 0, 25.359, 25.359, 5, 0.76, 93.803, 0, 0, 102.803, 38.728, 0, 0, 0, 0, 0, 13.9, 0, 14.4, 0, 2.04, 185, 0, 0, 0, 53, 1, 0.005, 0.005, 125.6, 36.712, 100, 0, 0, 141, 25.357, 25.359, 5, 0.76, 0, 93.803, 0, 0, 102.803, 38.728, 0, 0, 0, 0, 
22.9, 17.26, 100.33, 73.27, 74.03, , -3.558, 0.986, 1426.547, 1426.547, 2.031, -82.682, -82.682, -82.682, 53.273, 71.397, 35.177, 35.386, 7.377, 12.726, 0, 0, -8.31, -8.43, -8.31, -8.43, 1, 38.247, 38.247, 0.024, 0.136, -21.427, -21.734, -21.427, -21.734, 4.581, 7.377, 12.726, , , 1, 22.939, 0, 0, 14.4, 2.031, 185, 0, 0, 0, 53, 5.12, 5.04, 125.6, 36.872, 100, 0, 0, 25.25, 25.25, 5, 0.76, 93.749, 0, 0, 102.749, 38.525, 0, 0, 0, 0, 0, 13.9, 0, 14.4, 0, 2.031, 185, 0, 0, 0, 53, 1, 0.005, 0.005, 125.6, 36.872, 100, 0, 0, 141, 25.249, 25.25, 5, 0.76, 0, 93.749, 0, 0, 102.749, 38.525, 0, 0, 0, 0, 
22.95, 17.26, 100.33, 73.27, 74.03, , -3.614, 0.986, 1429.361, 1429.361, 2.027, -84.005, -84.005, -84.005, 53.293, 72.028, 35.06, 35.168, 7.377, 12.728, 0, 0, -8.405, -8.525, -8.405, -8.525, 1, 38.065, 38.065, 0.024, 0.136, -21.764, -22.075, -21.764, -22.075, 4.573, 7.377, 12.728, , , 1, 22.99, 0, 0, 14.4, 2.027, 185, 0, 0, 0, 53, 5.132, 5.044, 125.6, 36.949, 100, 0, 0, 25.198, 25.198, 5, 0.76, 93.697, 0, 0, 102.697, 38.395, 0, 0, 0, 0, 0, 13.9, 0, 14.4, 0, 2.027, 185, 0, 0, 0, 53, 1, 0.005, 0.005, 125.6, 36.949, 100, 0, 0, 141, 25.197, 25.198, 5, 0.76, 0, 93.697, 0, 0, 102.697, 38.395, 0, 0, 0, 0, 
23, 17.26, 100.33, 73.27, 74.03, , -3.648, 0.986, 1432.174, 1432.174, 2.022, -84.822, -84.822, -84.822, 53.312, 72.66, 35.06, 34.808, 7.377, 12.737, 0, 0, -8.445, -8.567, -8.445, -8.567, 1, 37.881, 37.881, 0.024, 0.136, -21.967, -22.282, -21.967, -22.282, 4.57, 7.377, 12.737, , , 1, 23.039, 0, 0, 14.4, 2.022, 185, 0, 0, 0, 53, 5.145, 5.048, 125.6, 37.026, 100, 0, 0, 25.145, 25.145, 5, 0.76, 93.645, 0, 0, 102.645, 38.265, 0, 0, 0, 0, 0, 13.9, 0, 14.4, 0, 2.022, 185, 0, 0, 0, 53, 1, 0.005, 0.005, 125.6, 37.026, 100, 0, 0, 141, 25.145, 25.145, 5, 0.76, 0, 93.645, 0, 0, 102.645, 38.265, 0, 0, 0, 0, 
23.05, 17.263, 100.33, 73.27, 74.031, , -3.733, 0.986, 1434.971, 1434.971, 2.018, -86.826, -86.826, -86.826, 53.33, 73.291, 35.06, 34.448, 7.377, 12.746, 0, 0, -8.6, -8.725, -8.6, -8.725, 1, 37.697, 37.697, 0.024, 0.135, -22.476, -22.799, -22.476, -22.799, 4.567, 7.377, 12.746, , , 1, 23.089, 0, 0, 14.4, 2.018, 185, 0, 0, 0, 53, 5.157, 5.052, 125.6, 37.103, 100, 0, 0, 25.093, 25.093, 5, 0.76, 93.593, 0, 0, 102.593, 38.134, 0, 0, 0, 0, 0, 13.9, 0, 14.4, 0, 2.018, 185, 0, 0, 0, 53, 1, 0.005, 0.005, 125.6, 37.103, 100, 0, 0, 141, 25.093, 25.093, 5, 0.76, 0, 93.593, 0, 0, 102.593, 38.134, 0, 0, 0, 0, 
23.1, 17.266, 100.33, 73.27, 74.031, , -3.876, 0.986, 1437.75, 1437.75, 2.013, -90.223, -90.223, -90.223, 53.355, 73.923, 35.06, 34.088, 7.377, 12.76, 0, 0, -8.89, -9.019, -8.89, -9.019, 1, 37.504, 37.504, 0.024, 0.135, -23.343, -23.68, -23.343, -23.68, 4.564, 7.377, 12.76, , , 1, 23.139, 0, 0, 14.4, 2.013, 185, 0, 0, 0, 53, 5.17, 5.057, 125.6, 37.18, 100, 0, 0, 25.041, 25.041, 5, 0.76, 93.541, 0, 0, 102.541, 38.004, 0, 0, 0, 0, 0, 13.9, 0, 14.4, 0, 2.013, 185, 0, 0, 0, 53, 1, 0.005, 0.005, 125.6, 37.18, 100, 0, 0, 141, 25.041, 25.041, 5, 0.76, 0, 93.541, 0, 0, 102.541, 38.004, 0, 0, 0, 0, 
23.15, 17.269, 100.33, 73.27, 74.032, , -3.923, 0.986, 1440.504, 1440.504, 2.007, -91.357, -91.357, -91.357, 53.385, 74.554, 35.06, 33.728, 7.377, 12.774, 0, 0, -8.956, -9.086, -8.956, -9.086, 1, 37.305, 37.305, 0.024, 0.135, -23.625, -23.965, -23.625, -23.965, 4.564, 7.377, 12.774, , , 1, 23.189, 0, 0, 14.4, 2.007, 185, 0, 0, 0, 53, 5.187, 5.067, 125.6, 37.29, 100, 0, 0, 24.955, 24.955, 5, 0.76, 93.466, 0, 0, 102.443, 37.849, 0, 0, 0, 0, 0, 13.9, 0, 14.4, 0, 2.007, 185, 0, 0, 0, 53, 1, 0.005, 0.005, 125.6, 37.29, 100, 0, 0, 141, 24.955, 24.955, 5, 0.76, 0, 93.466, 0, 0, 102.443, 37.849, 0, 0, 0, 0, 
23.2, 17.272, 100.33, 73.27, 74.033, , -3.941, 0.986, 1443.251, 1443.251, 1.992, -91.776, -91.776, -91.776, 53.411, 75.186, 35.067, 33.49, 7.377, 12.789, 0, 0, -8.953, -9.083, -8.953, -9.083, 1, 37.105, 37.105, 0.024, 0.135, -23.723, -24.063, -23.723, -24.063, 4.568, 7.377, 12.789, , , 1, 23.239, 0, 0, 14.4, 1.992, 185, 0, 0, 0, 53, 5.22, 5.104, 125.6, 37.518, 100, 0, 0, 24.748, 24.748, 5, 0.76, 93.311, 0, 0, 102.185, 37.591, 0, 0, 0, 0, 0, 13.9, 0, 14.4, 0, 1.992, 185, 0, 0, 0, 53, 1, 0.005, 0.005, 125.6, 37.518, 100, 0, 0, 141, 24.748, 24.748, 5, 0.76, 0, 93.311, 0, 0, 102.185, 37.591, 0, 0, 0, 0, 
23.25, 17.275, 100.33, 73.27, 74.034, , -3.921, 0.986, 1445.999, 1445.999, 1.978, -91.314, -91.314, -91.314, 53.434, 75.817, 35.103, 33.742, 7.377, 12.805, 0, 0, -8.865, -8.99, -8.865, -8.99, 1, 36.906, 36.906, 0.024, 0.135, -23.596, -23.934, -23.596, -23.934, 4.573, 7.377, 12.805, , , 1, 23.29, 0, 0, 14.4, 1.978, 185, 0, 0, 0, 53, 5.253, 5.14, 125.6, 37.747, 100, 0, 0, 24.541, 24.541, 5, 0.76, 93.156, 0, 0, 101.927, 37.334, 0, 0, 0, 0, 0, 13.9, 0, 14.4, 0, 1.978, 185, 0, 0, 0, 53, 1, 0.005, 0.005, 125.6, 37.747, 100, 0, 0, 141, 24.541, 24.541, 5, 0.76, 0, 93.156, 0, 0, 101.927, 37.334, 0, 0, 0, 0, 
23.3, 17.278, 100.33, 73.27, 74.034, , -3.841, 0.986, 1448.735, 1448.735, 1.963, -89.416, -89.416, -89.416, 53.449, 76.449, 35.139, 33.994, 7.377, 12.821, 0, 0, -8.638, -8.759, -8.638, -8.759, 1, 36.711, 36.711, 0.024, 0.135, -23.101, -23.431, -23.101, -23.431, 4.577, 7.377, 12.821, , , 1, 23.339, 0, 0, 14.4, 1.963, 185, 0, 0, 0, 53, 5.286, 5.176, 125.6, 37.975, 100, 0, 0, 24.335, 24.335, 5, 0.76, 93.001, 0, 0, 101.668, 37.077, 0, 0, 0, 0, 0, 13.9, 0, 14.4, 0, 1.963, 185, 0, 0, 0, 53, 1, 0.005, 0.005, 125.6, 37.975, 100, 0, 0, 141, 24.335, 24.335, 5, 0.76, 0, 93.001, 0, 0, 101.668, 37.077, 0, 0, 0, 0, 
23.35, 17.281, 100.33, 73.27, 74.035, , -3.662, 0.986, 1451.451, 1451.451, 1.948, -85.178, -85.178, -85.178, 53.45, 77.08, 35.175, 34.246, 7.377, 12.838, 0, 0, -8.184, -8.299, -8.184, -8.299, 1, 36.523, 36.523, 0.024, 0.135, -22.006, -22.318, -22.006, -22.318, 4.58, 7.377, 12.838, , , 1, 23.39, 0, 0, 14.4, 1.948, 185, 0, 0, 0, 53, 5.319, 5.212, 125.6, 38.203, 100, 0, 0, 24.128, 24.128, 5, 0.76, 92.846, 0, 0, 101.41, 36.82, 0, 0, 0, 0, 0, 13.9, 0, 14.4, 0, 1.948, 185, 0, 0, 0, 53, 1, 0.005, 0.005, 125.6, 38.203, 100, 0, 0, 141, 24.128, 24.128, 5, 0.76, 0, 92.846, 0, 0, 101.41, 36.82, 0, 0, 0, 0, 
23.4, 17.284, 100.33, 73.27, 74.036, , -3.593, 0.986, 1454.146, 1454.146, 1.936, -83.534, -83.534, -83.534, 53.436, 77.712, 35.211, 34.498, 7.377, 12.855, 0, 0, -7.983, -8.097, -7.983, -8.097, 1, 36.343, 36.343, 0.024, 0.135, -21.585, -21.892, -21.585, -21.892, 4.581, 7.377, 12.855, , , 1, 23.439, 0, 0, 14.404, 1.936, 185, 0, 0, 0, 53, 5.344, 5.234, 125.6, 38.386, 100, 0, 0, 23.94, 23.94, 5, 0.76, 92.71, 0, 0, 101.17, 36.586, 0, 0, 0, 0, 0, 13.9, 0, 14.404, 0, 1.936, 185, 0, 0, 0, 53, 1, 0.005, 0.005, 125.6, 38.386, 100, 0, 0, 141, 23.94, 23.94, 5, 0.76, 0, 92.71, 0, 0, 101.17, 36.586, 0, 0, 0, 0, 
23.45, 17.287, 100.33, 73.27, 74.037, , -3.58, 0.986, 1456.83, 1456.83, 1.926, -83.228, -83.228, -83.228, 53.421, 78.343, 35.247, 34.752, 7.377, 12.872, 0, 0, -7.912, -8.026, -7.912, -8.026, 1, 36.163, 36.163, 0.024, 0.135, -21.512, -21.819, -21.512, -21.819, 4.583, 7.377, 12.872, , , 1, 23.489, 0, 0, 14.415, 1.926, 185, 0, 0, 0, 53, 5.356, 5.231, 125.6, 38.503, 100, 0, 0, 23.783, 23.783, 5, 0.76, 92.605, 0, 0, 100.96, 36.39, 0, 0, 0, 0, 0, 13.9, 0, 14.415, 0, 1.926, 185, 0, 0, 0, 53, 1, 0.005, 0.005, 125.6, 38.503, 100, 0, 0, 141, 23.783, 23.783, 5, 0.76, 0, 92.605, 0, 0, 100.96, 36.39, 0, 0, 0, 0, 
23.5, 17.29, 100.33, 73.27, 74.038, , -3.543, 0.986, 1459.485, 1459.485, 1.916, -82.363, -82.363, -82.363, 53.406, 78.975, 35.282, 35.012, 7.377, 12.892, 0, 0, -7.792, -7.905, -7.792, -7.905, 1, 35.983, 35.983, 0.024, 0.135, -21.294, -21.599, -21.294, -21.599, 4.584, 7.377, 12.892, , , 1, 23.539, 0, 0, 14.425, 1.916, 185, 0, 0, 0, 53, 5.368, 5.227, 125.6, 38.619, 100, 0, 0, 23.625, 23.625, 5, 0.76, 92.5, 0, 0, 100.75, 36.195, 0, 0, 0, 0, 0, 13.9, 0, 14.425, 0, 1.916, 185, 0, 0, 0, 53, 1, 0.005, 0.005, 125.6, 38.619, 100, 0, 0, 141, 23.625, 23.625, 5, 0.76, 0, 92.5, 0, 0, 100.75, 36.195, 0, 0, 0, 0, 
23.55, 17.293, 100.33, 73.27, 74.038, , -3.525, 0.986, 1462.138, 1462.138, 1.906, -81.939, -81.939, -81.939, 53.391, 79.606, 35.316, 35.271, 7.377, 12.911, 0, 0, -7.712, -7.826, -7.712, -7.826, 1, 35.805, 35.805, 0.024, 0.135, -21.189, -21.494, -21.189, -21.494, 4.58, 7.377, 12.911, , , 1, 23.589, 0, 0, 14.436, 1.906, 185, 0, 0, 0, 53, 5.379, 5.224, 125.6, 38.735, 100, 0, 0, 23.467, 23.467, 5, 0.76, 92.395, 0, 0, 100.54, 36, 0, 0, 0, 0, 0, 13.9, 0, 14.436, 0, 1.906, 185, 0, 0, 0, 53, 1, 0.005, 0.005, 125.6, 38.735, 100, 0, 0, 141, 23.467, 23.467, 5, 0.76, 0, 92.395, 0, 0, 100.54, 36, 0, 0, 0, 0, 
23.6, 17.296, 100.33, 73.27, 74.039, , -3.615, 0.986, 1464.791, 1464.791, 1.897, -84.077, -84.077, -84.077, 53.382, 80.237, 35.351, 35.531, 7.377, 12.929, 0, 0, -7.871, -7.989, -7.871, -7.989, 1, 35.625, 35.625, 0.024, 0.135, -21.743, -22.057, -21.743, -22.057, 4.569, 7.377, 12.929, , , 1, 23.64, 0, 0, 14.446, 1.897, 185, 0, 0, 0, 53, 5.391, 5.221, 125.6, 38.851, 100, 0, 0, 23.31, 23.31, 5, 0.76, 92.29, 0, 0, 100.33, 35.804, 0, 0, 0, 0, 0, 13.9, 0, 14.446, 0, 1.897, 185, 0, 0, 0, 53, 1, 0.005, 0.005, 125.6, 38.851, 100, 0, 0, 141, 23.31, 23.31, 5, 0.76, 0, 92.29, 0, 0, 100.33, 35.804, 0, 0, 0, 0, 
23.65, 17.299, 100.33, 73.27, 74.04, , -3.656, 0.986, 1467.421, 1467.421, 1.89, -85.044, -85.044, -85.044, 53.387, 80.869, 35.385, 35.79, 7.377, 12.947, 0, 0, -7.921, -8.04, -7.921, -8.04, 1, 35.439, 35.439, 0.024, 0.136, -21.991, -22.31, -21.991, -22.31, 4.559, 7.377, 12.947, , , 1, 23.69, 0, 0, 14.457, 1.89, 185, 0, 0, 0, 53, 5.397, 5.217, 125.6, 38.97, 100, 0, 0, 23.216, 23.216, 5, 0.76, 92.216, 0, 0, 100.149, 35.688, 0, 0, 0, 0, 0, 13.9, 0, 14.457, 0, 1.89, 185, 0, 0, 0, 53, 1, 0.005, 0.005, 125.6, 38.97, 100, 0, 0, 141, 23.216, 23.216, 5, 0.76, 0, 92.216, 0, 0, 100.149, 35.688, 0, 0, 0, 0, 
23.7, 17.302, 100.33, 73.27, 74.041, , -3.616, 0.986, 1470.017, 1470.017, 1.885, -84.098, -84.098, -84.098, 53.401, 81.5, 35.42, 36.05, 7.377, 12.965, 0, 0, -7.792, -7.909, -7.792, -7.909, 1, 35.256, 35.256, 0.024, 0.136, -21.74, -22.055, -21.74, -22.055, 4.548, 7.377, 12.965, , , 1, 23.74, 0, 0, 14.468, 1.885, 185, 0, 0, 0, 53, 5.4, 5.213, 125.6, 39.09, 100, 0, 0, 23.162, 23.162, 5, 0.76, 92.162, 0, 0, 99.986, 35.621, 0, 0, 0, 0, 0, 13.9, 0, 14.468, 0, 1.885, 185, 0, 0, 0, 53, 1, 0.005, 0.005, 125.6, 39.09, 100, 0, 0, 141, 23.162, 23.162, 5, 0.76, 0, 92.162, 0, 0, 99.986, 35.621, 0, 0, 0, 0, 
23.75, 17.305, 100.33, 73.27, 74.041, , -3.604, 0.986, 1472.611, 1472.611, 1.88, -83.832, -83.832, -83.832, 53.423, 82.132, 35.42, 36.144, 7.377, 12.983, 0, 0, -7.728, -7.843, -7.728, -7.843, 1, 35.074, 35.074, 0.024, 0.136, -21.662, -21.976, -21.662, -21.976, 4.532, 7.377, 12.983, , , 1, 23.789, 0, 0, 14.478, 1.88, 185, 0, 0, 0, 53, 5.404, 5.209, 125.6, 39.211, 100, 0, 0, 23.108, 23.108, 5, 0.76, 92.108, 0, 0, 99.823, 35.554, 0, 0, 0, 0, 0, 13.9, 0, 14.478, 0, 1.88, 185, 0, 0, 0, 53, 1, 0.005, 0.005, 125.6, 39.211, 100, 0, 0, 141, 23.108, 23.108, 5, 0.76, 0, 92.108, 0, 0, 99.823, 35.554, 0, 0, 0, 0, 
23.8, 17.308, 100.33, 73.27, 74.042, , -3.612, 0.986, 1475.206, 1475.206, 1.876, -84.019, -84.019, -84.019, 53.46, 82.763, 35.42, 36.238, 7.378, 12.996, 0, 0, -7.707, -7.821, -7.707, -7.821, 1, 34.892, 34.892, 0.024, 0.136, -21.699, -22.013, -21.699, -22.013, 4.508, 7.378, 12.996, , , 1, 23.84, 0, 0, 14.489, 1.876, 185, 0, 0, 0, 53, 5.407, 5.204, 125.6, 39.332, 100, 0, 0, 23.053, 23.053, 5, 0.76, 92.053, 0, 0, 99.66, 35.487, 0, 0, 0, 0, 0, 13.9, 0, 14.489, 0, 1.876, 185, 0, 0, 0, 53, 1, 0.005, 0.005, 125.6, 39.332, 100, 0, 0, 141, 23.053, 23.053, 5, 0.76, 0, 92.053, 0, 0, 99.66, 35.487, 0, 0, 0, 0, 
23.85, 17.311, 100.33, 73.27, 74.043, , -3.568, 0.986, 1477.777, 1477.777, 1.871, -82.974, -82.974, -82.974, 53.502, 83.395, 35.42, 36.331, 7.378, 13.008, 0, 0, -7.571, -7.682, -7.571, -7.682, 1, 34.708, 34.708, 0.024, 0.136, -21.411, -21.72, -21.411, -21.72, 4.484, 7.378, 13.008, , , 1, 23.89, 0, 0, 14.5, 1.871, 185, 0, 0, 0, 53, 5.411, 5.2, 125.6, 39.457, 100, 0, 0, 22.994, 22.994, 5, 0.76, 91.997, 0, 0, 99.496, 35.42, 0, 0, 0, 0, 0, 13.9, 0, 14.5, 0, 1.871, 185, 0, 0, 0, 53, 1, 0.005, 0.005, 125.6, 39.457, 100, 0, 0, 141, 22.994, 22.994, 5, 0.76, 0, 91.997, 0, 0, 99.496, 35.42, 0, 0, 0, 0, 
23.9, 17.315, 100.33, 73.27, 74.044, , -3.511, 0.986, 1480.342, 1480.342, 1.858, -81.62, -81.62, -81.62, 53.543, 84.026, 35.42, 36.425, 7.379, 13.013, 0, 0, -7.407, -7.513, -7.407, -7.513, 1, 34.532, 34.532, 0.024, 0.136, -21.041, -21.344, -21.041, -21.344, 4.46, 7.379, 13.013, , , 1, 23.939, 0, 0, 14.5, 1.858, 185, 0, 0, 0, 53, 5.438, 5.227, 125.6, 39.79, 100, 0, 0, 22.695, 22.695, 5, 0.76, 91.847, 0, 0, 99.296, 35.171, 0, 0, 0, 0, 0, 13.9, 0, 14.5, 0, 1.858, 185, 0, 0, 0, 53, 1, 0.005, 0.005, 125.6, 39.79, 100, 0, 0, 141, 22.695, 22.695, 5, 0.76, 0, 91.847, 0, 0, 99.296, 35.171, 0, 0, 0, 0, 
23.95, 17.318, 100.33, 73.27, 74.044, , -3.512, 0.986, 1482.88, 1482.88, 1.845, -81.659, -81.659, -81.659, 53.58, 84.658, 35.413, 36.486, 7.379, 13.019, 0, 0, -7.373, -7.478, -7.373, -7.478, 1, 34.356, 34.356, 0.024, 0.136, -21.042, -21.347, -21.042, -21.347, 4.437, 7.379, 13.019, , , 1, 23.989, 0, 0, 14.5, 1.845, 185, 0, 0, 0, 53, 5.466, 5.254, 125.6, 40.123, 100, 0, 0, 22.396, 22.396, 5, 0.76, 91.697, 0, 0, 99.096, 34.922, 0, 0, 0, 0, 0, 13.9, 0, 14.5, 0, 1.845, 185, 0, 0, 0, 53, 1, 0.005, 0.005, 125.6, 40.123, 100, 0, 0, 141, 22.396, 22.396, 5, 0.76, 0, 91.697, 0, 0, 99.096, 34.922, 0, 0, 0, 0, 
24, 17.321, 100.33, 73.27, 74.045, , -3.508, 0.986, 1485.418, 1485.418, 1.832, -81.543, -81.543, -81.543, 53.584, 85.289, 35.377, 36.414, 7.381, 13.024, 0, 0, -7.326, -7.429, -7.326, -7.429, 1, 34.178, 34.178, 0.024, 0.136, -21.006, -21.312, -21.006, -21.312, 4.421, 7.381, 13.024, , , 1, 24.04, 0, 0, 14.5, 1.832, 185, 0, 0, 0, 53, 5.494, 5.281, 125.6, 40.456, 100, 0, 0, 22.098, 22.098, 5, 0.76, 91.547, 0, 0, 98.896, 34.673, 0, 0, 0, 0, 0, 13.9, 0, 14.5, 0, 1.832, 185, 0, 0, 0, 53, 1, 0.005, 0.005, 125.6, 40.456, 100, 0, 0, 141, 22.098, 22.098, 5, 0.76, 0, 91.547, 0, 0, 98.896, 34.673, 0, 0, 0, 0, 
24.05, 17.324, 100.33, 73.27, 74.046, , -3.455, 0.986, 1487.957, 1487.957, 1.82, -80.305, -80.305, -80.305, 53.578, 85.921, 35.341, 36.342, 7.382, 13.029, 0, 0, -7.179, -7.28, -7.179, -7.28, 1, 34.002, 34.002, 0.024, 0.136, -20.692, -20.995, -20.692, -20.995, 4.406, 7.382, 13.029, , , 1, 24.09, 0, 0, 14.5, 1.82, 185, 0, 0, 0, 53, 5.522, 5.308, 125.6, 40.789, 100, 0, 0, 21.799, 21.799, 5, 0.76, 91.397, 0, 0, 98.696, 34.424, 0, 0, 0, 0, 0, 13.9, 0, 14.5, 0, 1.82, 185, 0, 0, 0, 53, 1, 0.005, 0.005, 125.6, 40.789, 100, 0, 0, 141, 21.799, 21.799, 5, 0.76, 0, 91.397, 0, 0, 98.696, 34.424, 0, 0, 0, 0, 
24.1, 17.327, 100.33, 73.27, 74.047, , -3.326, 0.986, 1490.479, 1490.479, 1.807, -77.243, -77.243, -77.243, 53.539, 86.552, 35.305, 36.27, 7.382, 13.039, 0, 0, -6.874, -6.971, -6.874, -6.971, 1, 33.83, 33.83, 0.024, 0.136, -19.912, -20.204, -19.912, -20.204, 4.39, 7.382, 13.039, , , 1, 24.139, 0, 0, 14.5, 1.807, 185, 0, 0, 0, 53, 5.55, 5.335, 125.6, 41.117, 100, 0, 0, 21.5, 21.5, 5, 0.76, 91.249, 0, 0, 98.498, 34.175, 0, 0, 0, 0, 0, 13.9, 0, 14.5, 0, 1.807, 185, 0, 0, 0, 53, 1, 0.006, 0.005, 125.6, 41.117, 100, 0, 0, 141, 21.5, 21.5, 5, 0.76, 0, 91.249, 0, 0, 98.498, 34.175, 0, 0, 0, 0, 
24.15, 17.33, 100.33, 73.27, 74.047, , -2.999, 0.986, 1492.963, 1492.963, 1.801, -69.49, -69.49, -69.49, 53.487, 87.184, 35.269, 36.198, 7.382, 13.049, 0, 0, -6.16, -6.247, -6.16, -6.247, 1, 33.669, 33.669, 0.024, 0.136, -17.93, -18.193, -17.93, -18.193, 4.375, 7.382, 13.049, , , 1, 24.19, 0, 0, 14.5, 1.801, 185, 0, 0, 0, 53, 5.565, 5.347, 125.6, 41.238, 100, 0, 0, 21.391, 21.391, 5, 0.76, 91.195, 0, 0, 98.389, 34.039, 0, 0, 0, 0, 0, 13.9, 0, 14.5, 0, 1.801, 185, 0, 0, 0, 53, 1, 0.006, 0.005, 125.6, 41.238, 100, 0, 0, 141, 21.391, 21.391, 5, 0.76, 0, 91.195, 0, 0, 98.389, 34.039, 0, 0, 0, 0, 
24.2, 17.333, 100.33, 73.27, 74.048, , -2.6, 0.986, 1495.436, 1495.436, 1.796, -60.029, -60.029, -60.029, 53.414, 87.815, 35.24, 36.097, 7.382, 13.064, 0, 0, -5.303, -5.376, -5.303, -5.376, 1, 33.527, 33.527, 0.024, 0.135, -15.504, -15.731, -15.504, -15.731, 4.382, 7.382, 13.064, , , 1, 24.24, 0, 0, 14.5, 1.796, 185, 0, 0, 0, 53, 5.58, 5.359, 125.6, 41.359, 100, 0, 0, 21.283, 21.283, 5, 0.76, 91.14, 0, 0, 98.28, 33.903, 0, 0, 0, 0, 0, 13.9, 0, 14.5, 0, 1.796, 185, 0, 0, 0, 53, 1, 0.006, 0.005, 125.6, 41.359, 100, 0, 0, 141, 21.282, 21.283, 5, 0.76, 0, 91.14, 0, 0, 98.28, 33.903, 0, 0, 0, 0, 
24.25, 17.336, 100.33, 73.27, 74.049, , -2.102, 0.986, 1497.893, 1497.893, 1.79, -48.21, -48.21, -48.21, 53.327, 88.447, 35.24, 35.881, 7.382, 13.08, 0, 0, -4.247, -4.305, -4.247, -4.305, 1, 33.408, 33.408, 0.024, 0.135, -12.465, -12.647, -12.465, -12.647, 4.391, 7.382, 13.08, , , 1, 24.29, 0, 0, 14.5, 1.79, 185, 0, 0, 0, 53, 5.596, 5.371, 125.6, 41.479, 100, 0, 0, 21.174, 21.174, 5, 0.76, 91.086, 0, 0, 98.172, 33.767, 0, 0, 0, 0, 0, 13.9, 0, 14.5, 0, 1.79, 185, 0, 0, 0, 53, 1, 0.006, 0.005, 125.6, 41.479, 100, 0, 0, 141, 21.172, 21.174, 5, 0.76, 0, 91.086, 0, 0, 98.172, 33.767, 0, 0, 0, 0, 
24.3, 17.339, 100.33, 73.27, 74.05, , -1.596, 0.986, 1500.351, 1500.351, 1.784, -36.205, -36.205, -36.205, 53.223, 89.078, 35.24, 35.665, 7.381, 13.089, 0, 0, -3.182, -3.223, -3.182, -3.223, 1, 33.313, 33.313, 0.024, 0.134, -9.373, -9.508, -9.373, -9.508, 4.4, 7.381, 13.089, , , 1, 24.34, 0, 0, 14.5, 1.784, 185, 0, 0, 0, 53, 5.611, 5.383, 125.6, 41.6, 100, 0, 0, 21.065, 21.065, 5, 0.76, 91.032, 0, 0, 98.063, 33.632, 0, 0, 0, 0, 0, 13.9, 0, 14.5, 0, 1.784, 185, 0, 0, 0, 53, 1, 0.006, 0.005, 125.6, 41.6, 100, 0, 0, 141, 21.063, 21.065, 5, 0.76, 0, 91.032, 0, 0, 98.063, 33.632, 0, 0, 0, 0, 
24.35, 17.34, 100.33, 73.27, 74.05, , -1.083, 0.986, 1502.808, 1502.808, 1.778, -24.027, -24.027, -24.027, 53.106, 89.71, 35.24, 35.449, 7.38, 13.098, 0, 0, -2.108, -2.134, -2.108, -2.134, 1, 33.247, 33.247, 0.024, 0.134, -6.231, -6.319, -6.231, -6.319, 4.409, 7.38, 13.098, , , 1, 24.389, 0, 0, 14.5, 1.778, 185, 0, 0, 0, 53, 5.632, 5.396, 125.6, 41.729, 100, 0, 0, 21, 21, 5, 0.76, 90.96, 0, 0, 97.96, 33.55, 0, 0, 0, 0, 0, 13.9, 0, 14.5, 0, 1.778, 185, 0, 0, 0, 53, 1, 0.006, 0.005, 125.6, 41.729, 100, 0, 0, 141, 21, 21, 5, 0.76, 0, 90.96, 0, 0, 97.96, 33.55, 0, 0, 0, 0, 
24.4, 17.34, 100.33, 73.27, 74.05, , -0.725, 0.986, 1505.251, 1505.251, 1.771, -15.538, -15.538, -15.538, 52.98, 90.341, 35.24, 35.233, 7.38, 13.098, 0, 0, -1.361, -1.377, -1.361, -1.377, 1, 33.202, 33.202, 0.024, 0.134, -4.038, -4.094, -4.038, -4.094, 4.405, 7.38, 13.098, , , 1, 24.439, 0, 0, 14.5, 1.771, 185, 0, 0, 0, 53, 5.661, 5.412, 125.6, 41.869, 100, 0, 0, 21, 21, 5, 0.76, 90.863, 0, 0, 97.863, 33.55, 0, 0, 0, 0, 0, 13.9, 0, 14.5, 0, 1.771, 185, 0, 0, 0, 53, 1, 0.006, 0.005, 125.6, 41.869, 100, 0, 0, 141, 21, 21, 5, 0.76, 0, 90.863, 0, 0, 97.863, 33.55, 0, 0, 0, 0, 
24.45, 17.34, 100.33, 73.27, 74.05, , -0.462, 0.986, 1507.684, 1507.684, 1.765, -9.309, -9.309, -9.309, 52.862, 90.973, 35.247, 35.067, 7.38, 13.096, 0, 0, -0.814, -0.823, -0.814, -0.823, 1, 33.174, 33.174, 0.024, 0.134, -2.427, -2.46, -2.427, -2.46, 4.401, 7.38, 13.096, , , 1, 24.489, 0, 0, 14.5, 1.765, 185, 0, 0, 0, 53, 5.689, 5.427, 125.6, 42.01, 100, 0, 0, 21, 21, 5, 0.76, 90.767, 0, 0, 97.767, 33.55, 0, 0, 0, 0, 0, 13.9, 0, 14.5, 0, 1.765, 185, 0, 0, 0, 53, 1, 0.006, 0.005, 125.6, 42.01, 100, 0, 0, 141, 21, 21, 5, 0.76, 0, 90.767, 0, 0, 97.767, 33.55, 0, 0, 0, 0, 
24.5, 17.34, 100.33, 73.27, 74.05, , -0.303, 0.986, 1510.116, 1510.116, 1.758, -5.537, -5.537, -5.537, 52.749, 91.604, 35.283, 35.103, 7.38, 13.092, 0, 0, -0.484, -0.489, -0.484, -0.489, 1, 33.155, 33.155, 0.024, 0.134, -1.448, -1.467, -1.448, -1.467, 4.396, 7.38, 13.092, , , 1, 24.539, 0, 0, 14.5, 1.758, 185, 0, 0, 0, 53, 5.718, 5.443, 125.6, 42.15, 100, 0, 0, 21, 21, 5, 0.76, 90.671, 0, 0, 97.671, 33.55, 0, 0, 0, 0, 0, 13.9, 0, 14.5, 0, 1.758, 185, 0, 0, 0, 53, 1, 0.006, 0.005, 125.6, 42.15, 100, 0, 0, 141, 21, 21, 5, 0.76, 0, 90.671, 0, 0, 97.671, 33.55, 0, 0, 0, 0, 
24.55, 17.34, 100.33, 73.27, 74.05, , -0.188, 0.986, 1512.548, 1512.548, 1.751, -2.818, -2.818, -2.818, 52.66, 92.236, 35.319, 35.139, 7.38, 13.087, 0, 0, -0.246, -0.249, -0.246, -0.249, 1, 33.145, 33.145, 0.024, 0.134, -0.739, -0.748, -0.739, -0.748, 4.392, 7.38, 13.087, , , 1, 24.589, 0, 0, 14.5, 1.751, 185, 0, 0, 0, 53, 5.747, 5.458, 125.6, 42.29, 100, 0, 0, 21, 21, 5, 0.76, 90.575, 0, 0, 97.575, 33.55, 0, 0, 0, 0, 0, 13.9, 0, 14.5, 0, 1.751, 185, 0, 0, 0, 53, 1, 0.006, 0.005, 125.6, 42.29, 100, 0, 0, 141, 21, 21, 5, 0.76, 0, 90.575, 0, 0, 97.575, 33.55, 0, 0, 0, 0, 
24.6, 17.34, 100.33, 73.27, 74.05, , -0.158, 0.986, 1514.98, 1514.98, 1.746, -2.093, -2.093, -2.093, 52.578, 92.867, 35.355, 35.175, 7.38, 13.087, 0, 0, -0.181, -0.186, -0.181, -0.186, 1, 33.138, 33.138, 0.024, 0.134, -0.549, -0.556, -0.549, -0.556, 4.378, 7.38, 13.087, , , 1, 24.639, 0, 0, 14.5, 1.746, 185, 0, 0, 0, 53, 5.771, 5.47, 125.6, 42.415, 100, 0, 0, 21, 21, 5, 0.76, 90.5, 0, 0, 97.5, 33.537, 0, 0, 0, 0, 0, 13.9, 0, 14.5, 0, 1.746, 185, 0, 0, 0, 53, 1, 0.006, 0.005, 125.6, 42.415, 100, 0, 0, 141, 21, 21, 5, 0.76, 0, 90.5, 0, 0, 97.5, 33.537, 0, 0, 0, 0, 
24.65, 17.34, 100.33, 73.27, 74.05, , -0.151, 0.986, 1517.412, 1517.412, 1.744, -1.93, -1.93, -1.93, 52.533, 93.499, 35.391, 35.211, 7.38, 13.087, 0, 0, -0.166, -0.172, -0.166, -0.172, 1, 33.131, 33.131, 0.024, 0.135, -0.506, -0.513, -0.506, -0.513, 4.36, 7.38, 13.087, , , 1, 24.689, 0, 0, 14.5, 1.744, 185, 0, 0, 0, 53, 5.776, 5.47, 125.6, 42.484, 100, 0, 0, 21, 21, 5, 0.76, 90.5, 0, 0, 97.5, 33.48, 0, 0, 0, 0, 0, 13.9, 0, 14.5, 0, 1.744, 185, 0, 0, 0, 53, 1, 0.006, 0.005, 125.6, 42.484, 100, 0, 0, 141, 21, 21, 5, 0.76, 0, 90.5, 0, 0, 97.5, 33.48, 0, 0, 0, 0, 
24.7, 17.34, 100.33, 73.27, 74.05, , -0.218, 0.986, 1519.844, 1519.844, 1.742, -3.533, -3.533, -3.533, 52.497, 94.13, 35.42, 35.298, 7.381, 13.096, 0, 0, -0.305, -0.313, -0.305, -0.313, 1, 33.124, 33.124, 0.024, 0.135, -0.929, -0.941, -0.929, -0.941, 4.341, 7.381, 13.096, , , 1, 24.739, 0, 0, 14.5, 1.742, 185, 0, 0, 0, 53, 5.78, 5.47, 125.6, 42.552, 100, 0, 0, 21, 21, 5, 0.76, 90.5, 0, 0, 97.5, 33.423, 0, 0, 0, 0, 0, 13.9, 0, 14.5, 0, 1.742, 185, 0, 0, 0, 53, 1, 0.006, 0.005, 125.6, 42.552, 100, 0, 0, 141, 21, 21, 5, 0.76, 0, 90.5, 0, 0, 97.5, 33.423, 0, 0, 0, 0, 
24.75, 17.34, 100.33, 73.27, 74.05, , -0.298, 0.986, 1522.276, 1522.276, 1.74, -5.423, -5.423, -5.423, 52.486, 83.93, 35.42, 35.586, 7.382, 13.106, 0, 0, -0.47, -0.48, -0.47, -0.48, 1, 33.109, 33.109, 0.024, 0.135, -1.427, -1.446, -1.427, -1.446, 4.323, 7.382, 13.106, , , 1, 24.789, 0, 0, 14.5, 1.74, 185, 0, 0, 0, 53, 5.785, 5.47, 125.6, 42.621, 100, 0, 0, 21, 21, 5, 0.76, 90.5, 0, 0, 97.5, 33.366, 0, 0, 0, 0, 0, 13.9, 0, 14.5, 0, 1.74, 185, 0, 0, 0, 53, 1, 0.006, 0.005, 125.6, 42.621, 100, 0, 0, 141, 21, 21, 5, 0.76, 0, 90.5, 0, 0, 97.5, 33.365, 0, 0, 0, 0, 
24.8, 17.34, 100.33, 73.27, 74.05, , -0.41, 0.986, 1524.709, 1524.709, 1.738, -8.066, -8.066, -8.066, 52.477, 73.73, 35.42, 35.874, 7.383, 13.118, 0, 0, -0.7, -0.712, -0.7, -0.712, 1, 33.094, 33.094, 0.024, 0.135, -2.121, -2.151, -2.121, -2.151, 4.314, 7.383, 13.118, , , 1, 24.839, 0, 0, 14.5, 1.738, 185, 0, 0, 0, 53, 5.79, 5.47, 125.6, 42.689, 100, 0, 0, 21, 21, 5, 0.76, 90.5, 0, 0, 97.5, 33.309, 0, 0, 0, 0, 0, 13.9, 0, 14.5, 0, 1.738, 185, 0, 0, 0, 53, 1, 0.006, 0.005, 125.6, 42.689, 100, 0, 0, 141, 21, 21, 5, 0.76, 0, 90.5, 0, 0, 97.5, 33.308, 0, 0, 0, 0, 
24.85, 17.34, 100.33, 73.27, 74.05, , -0.521, 0.986, 1527.142, 1527.142, 1.736, -10.711, -10.711, -10.711, 52.5, 63.53, 35.42, 36.162, 7.384, 13.131, 0, 0, -0.931, -0.944, -0.931, -0.944, 1, 33.068, 33.068, 0.024, 0.135, -2.815, -2.855, -2.815, -2.855, 4.318, 7.384, 13.131, , , 1, 24.89, 0, 0, 14.5, 1.736, 185, 0, 0, 0, 53, 5.794, 5.47, 125.6, 42.758, 100, 0, 0, 21, 21, 5, 0.76, 90.5, 0, 0, 97.5, 33.251, 0, 0, 0, 0, 0, 13.9, 0, 14.5, 0, 1.736, 185, 0, 0, 0, 53, 1, 0.006, 0.005, 125.6, 42.758, 100, 0, 0, 141, 21, 21, 5, 0.76, 0, 90.5, 0, 0, 97.5, 33.25, 0, 0, 0, 0, 
24.9, 17.34, 100.33, 73.27, 74.05, , -0.538, 0.986, 1529.549, 1529.549, 1.735, -11.103, -11.103, -11.103, 52.524, 53.33, 35.42, 36.45, 7.385, 13.141, 0, 0, -0.965, -0.978, -0.965, -0.978, 1, 33.042, 33.042, 0.024, 0.136, -2.918, -2.96, -2.918, -2.96, 4.321, 7.385, 13.141, , , 1, 24.94, 0, 0, 14.5, 1.735, 185, 0, 0, 0, 53, 5.799, 5.47, 125.6, 42.77, 100, 0, 0, 21, 21, 5, 0.76, 90.5, 0, 0, 97.5, 33.188, 0, 0, 0, 0, 0, 13.9, 0, 14.5, 0, 1.735, 185, 0, 0, 0, 53, 1, 0.006, 0.005, 125.6, 42.77, 100, 0, 0, 141, 21, 21, 5, 0.76, 0, 90.5, 0, 0, 97.5, 33.187, 0, 0, 0, 0, 
24.95, 17.34, 100.33, 73.27, 74.05, , -0.548, 0.986, 1531.958, 1531.958, 1.735, -11.358, -11.358, -11.358, 52.543, 43.13, 35.413, 36.637, 7.386, 13.151, 0, 0, -0.988, -1.001, -0.988, -1.001, 1, 33.014, 33.014, 0.024, 0.136, -2.986, -3.028, -2.986, -3.028, 4.324, 7.386, 13.151, , , 1, 24.989, 0, 0, 14.5, 1.735, 185, 0, 0, 0, 53, 5.804, 5.47, 125.6, 42.77, 100, 0, 0, 21, 21, 5, 0.76, 90.5, 0, 0, 97.5, 33.124, 0, 0, 0, 0, 0, 13.9, 0, 14.5, 0, 1.735, 185, 0, 0, 0, 53, 1, 0.006, 0.005, 125.6, 42.77, 100, 0, 0, 141, 21, 21, 5, 0.76, 0, 90.5, 0, 0, 97.5, 33.122, 0, 0, 0, 0, 
25, 17.34, 100.33, 73.27, 74.05, , -0.493, 0.986, 1534.39, 1534.39, 1.735, -10.04, -10.04, -10.04, 52.559, 46.407, 35.377, 36.421, 7.385, 13.155, 0, 0, -0.873, -0.884, -0.873, -0.884, 1, 32.987, 32.987, 0.024, 0.136, -2.638, -2.676, -2.638, -2.676, 4.332, 7.385, 13.155, , , 1, 25.04, 0, 0, 14.5, 1.735, 185, 0, 0, 0, 53, 5.81, 5.47, 125.6, 42.77, 100, 0, 0, 21, 21, 5, 0.76, 90.5, 0, 0, 97.5, 33.059, 0, 0, 0, 0, 0, 13.9, 0, 14.5, 0, 1.735, 185, 0, 0, 0, 53, 1, 0.006, 0.005, 125.6, 42.77, 100, 0, 0, 141, 21, 21, 5, 0.76, 0, 90.5, 0, 0, 97.5, 33.058, 0, 0, 0, 0, 
25.05, 17.34, 100.33, 73.27, 74.05, , -0.455, 0.986, 1536.818, 1536.818, 1.735, -9.151, -9.151, -9.151, 52.548, 56.199, 35.341, 36.205, 7.384, 13.156, 0, 0, -0.795, -0.806, -0.795, -0.806, 1, 32.965, 32.965, 0.024, 0.135, -2.404, -2.438, -2.404, -2.438, 4.344, 7.384, 13.156, , , 1, 25.09, 0, 0, 14.5, 1.735, 185, 0, 0, 0, 53, 5.815, 5.47, 125.6, 42.77, 100, 0, 0, 21, 21, 5, 0.76, 90.5, 0, 0, 97.5, 32.995, 0, 0, 0, 0, 0, 13.9, 0, 14.5, 0, 1.735, 185, 0, 0, 0, 53, 1, 0.006, 0.005, 125.6, 42.77, 100, 0, 0, 141, 21, 21, 5, 0.76, 0, 90.5, 0, 0, 97.5, 32.993, 0, 0, 0, 0, 
25.1, 17.34, 100.33, 73.27, 74.05, , -0.513, 0.986, 1539.224, 1539.224, 1.735, -10.512, -10.512, -10.512, 52.537, 57.241, 35.305, 35.989, 7.383, 13.156, 0, 0, -0.912, -0.924, -0.912, -0.924, 1, 32.941, 32.941, 0.024, 0.135, -2.763, -2.803, -2.763, -2.803, 4.357, 7.383, 13.156, , , 1, 25.139, 0, 0, 14.5, 1.735, 185, 0, 0, 0, 53, 5.82, 5.47, 125.6, 42.771, 100, 0, 0, 21, 21, 5, 0.76, 90.5, 0, 0, 97.5, 32.93, 0, 0, 0, 0, 0, 13.9, 0, 14.5, 0, 1.735, 185, 0, 0, 0, 53, 1, 0.006, 0.005, 125.6, 42.771, 100, 0, 0, 141, 21, 21, 5, 0.76, 0, 90.5, 0, 0, 97.5, 32.93, 0, 0, 0, 0, 
25.15, 17.34, 100.33, 73.27, 74.05, , -0.544, 0.986, 1541.637, 1541.637, 1.733, -11.27, -11.27, -11.27, 52.524, 58.283, 35.269, 35.773, 7.382, 13.155, 0, 0, -0.977, -0.99, -0.977, -0.99, 1, 32.914, 32.914, 0.024, 0.135, -2.964, -3.006, -2.964, -3.006, 4.369, 7.382, 13.155, , , 1, 25.189, 0, 0, 14.5, 1.733, 185, 0, 0, 0, 53, 5.81, 5.47, 125.6, 42.845, 100, 0, 0, 21, 21, 5, 0.76, 90.5, 0, 0, 97.5, 32.93, 0, 0, 0, 0, 0, 13.9, 0, 14.5, 0, 1.733, 185, 0, 0, 0, 53, 1, 0.006, 0.005, 125.6, 42.845, 100, 0, 0, 141, 21, 21, 5, 0.76, 0, 90.5, 0, 0, 97.5, 32.93, 0, 0, 0, 0, 
25.2, 17.34, 100.33, 73.27, 74.05, , -0.486, 0.986, 1544.07, 1544.07, 1.731, -9.889, -9.889, -9.889, 52.512, 59.325, 35.233, 35.622, 7.381, 13.149, 0, 0, -0.857, -0.868, -0.857, -0.868, 1, 32.888, 32.888, 0.024, 0.135, -2.601, -2.638, -2.601, -2.638, 4.377, 7.381, 13.149, , , 1, 25.239, 0, 0, 14.5, 1.731, 185, 0, 0, 0, 53, 5.8, 5.47, 125.6, 42.919, 100, 0, 0, 21, 21, 5, 0.76, 90.5, 0, 0, 97.5, 32.93, 0, 0, 0, 0, 0, 13.9, 0, 14.5, 0, 1.731, 185, 0, 0, 0, 53, 1, 0.006, 0.005, 125.6, 42.919, 100, 0, 0, 141, 21, 21, 5, 0.76, 0, 90.5, 0, 0, 97.5, 32.93, 0, 0, 0, 0, 
25.25, 17.34, 100.33, 73.27, 74.05, , -0.445, 0.986, 1546.495, 1546.495, 1.728, -8.905, -8.905, -8.905, 52.505, 60.367, 35.197, 35.73, 7.38, 13.142, 0, 0, -0.771, -0.781, -0.771, -0.781, 1, 32.865, 32.865, 0.024, 0.135, -2.342, -2.375, -2.342, -2.375, 4.366, 7.38, 13.142, , , 1, 25.289, 0, 0, 14.5, 1.728, 185, 0, 0, 0, 53, 5.79, 5.47, 125.6, 42.993, 100, 0, 0, 21, 21, 5, 0.76, 90.5, 0, 0, 97.5, 32.93, 0, 0, 0, 0, 0, 13.9, 0, 14.5, 0, 1.728, 185, 0, 0, 0, 53, 1, 0.006, 0.005, 125.6, 42.993, 100, 0, 0, 141, 21, 21, 5, 0.76, 0, 90.5, 0, 0, 97.5, 32.93, 0, 0, 0, 0, 
25.3, 17.34, 100.33, 73.27, 74.05, , -0.442, 0.986, 1548.902, 1548.902, 1.726, -8.843, -8.843, -8.843, 52.503, 61.408, 35.161, 35.838, 7.379, 13.133, 0, 0, -0.764, -0.774, -0.764, -0.774, 1, 32.843, 32.843, 0.024, 0.135, -2.327, -2.358, -2.327, -2.358, 4.354, 7.379, 13.133, , , 1, 25.34, 0, 0, 14.5, 1.726, 185, 0, 0, 0, 53, 5.78, 5.47, 125.6, 43.067, 100, 0, 0, 21, 21, 5, 0.76, 90.5, 0, 0, 97.5, 32.93, 0, 0, 0, 0, 0, 13.9, 0, 14.5, 0, 1.726, 185, 0, 0, 0, 53, 1, 0.006, 0.005, 125.6, 43.067, 100, 0, 0, 141, 21, 21, 5, 0.76, 0, 90.5, 0, 0, 97.5, 32.93, 0, 0, 0, 0, 
25.35, 17.34, 100.33, 73.27, 74.05, , -0.313, 0.986, 1551.309, 1551.309, 1.724, -5.785, -5.785, -5.785, 52.514, 62.45, 35.125, 35.946, 7.378, 13.124, 0, 0, -0.499, -0.506, -0.499, -0.506, 1, 32.821, 32.821, 0.024, 0.135, -1.522, -1.541, -1.522, -1.541, 4.343, 7.378, 13.124, , , 1, 25.39, 0, 0, 14.5, 1.724, 185, 0, 0, 0, 53, 5.77, 5.47, 125.6, 43.141, 100, 0, 0, 21, 21, 5, 0.76, 90.5, 0, 0, 97.5, 32.93, 0, 0, 0, 0, 0, 13.9, 0, 14.5, 0, 1.724, 185, 0, 0, 0, 53, 1, 0.006, 0.005, 125.6, 43.141, 100, 0, 0, 141, 21, 21, 5, 0.76, 0, 90.5, 0, 0, 97.5, 32.93, 0, 0, 0, 0, 
25.4, 17.34, 100.33, 73.27, 74.05, , 0.04, 0.986, 1553.716, 1553.716, 1.724, 2.598, 2.598, 2.598, 52.508, 63.492, 35.089, 36.054, 7.378, 13.114, 0, 0, 0.226, 0.228, 0.226, 0.228, 1, 32.811, 32.811, 0.024, 0.134, 0.684, 0.696, 0.684, 0.696, 4.329, 7.378, 13.114, , , 1, 25.439, 0, 0, 14.5, 1.724, 185, 0, 0, 0, 53, 5.788, 5.492, 125.6, 43.215, 100, 0, 0, 21.1, 21.1, 5, 0.76, 90.5, 0, 0, 97.5, 32.93, 0, 0, 0, 0, 0, 13.9, 0, 14.5, 0, 1.724, 185, 0, 0, 0, 53, 1, 0.006, 0.005, 125.6, 43.215, 100, 0, 0, 141, 21.1, 21.1, 5, 0.76, 0, 90.5, 0, 0, 97.5, 32.93, 0, 0, 0, 0, 
25.45, 17.34, 100.33, 73.27, 74.05, , 0.406, 0.986, 1556.123, 1556.123, 1.723, 11.286, 11.286, 11.286, 52.475, 64.534, 35.06, 36.068, 7.377, 13.104, 0, 0, 0.979, 0.99, 0.979, 0.99, 1, 32.823, 32.823, 0.024, 0.134, 2.977, 3.021, 2.977, 3.021, 4.302, 7.377, 13.104, , , 1, 25.489, 0, 0, 14.5, 1.723, 185, 0, 0, 0, 53, 5.806, 5.514, 125.6, 43.289, 100, 0, 0, 21.201, 21.201, 5, 0.76, 90.5, 0, 0, 97.5, 32.93, 0, 0, 0, 0, 0, 13.9, 0, 14.5, 0, 1.723, 185, 0, 0, 0, 53, 1, 0.006, 0.005, 125.6, 43.289, 100, 0, 0, 141, 21.201, 21.201, 5, 0.76, 0, 90.5, 0, 0, 97.5, 32.93, 0, 0, 0, 0, 
25.5, 17.34, 100.33, 73.27, 74.05, , 0.79, 0.986, 1558.529, 1558.529, 1.723, 20.396, 20.396, 20.396, 52.417, 65.576, 35.06, 35.708, 7.377, 13.099, 0, 0, 1.769, 1.793, 1.769, 1.793, 1, 32.852, 32.852, 0.024, 0.134, 5.389, 5.468, 5.389, 5.468, 4.276, 7.377, 13.099, , , 1, 25.539, 0, 0, 14.5, 1.723, 185, 0, 0, 0, 53, 5.824, 5.536, 125.6, 43.363, 100, 0, 0, 21.301, 21.301, 5, 0.76, 90.5, 0, 0, 97.5, 32.93, 0, 0, 0, 0, 0, 13.9, 0, 14.5, 0, 1.723, 185, 0, 0, 0, 53, 1, 0.006, 0.006, 125.6, 43.363, 100, 0, 0, 141, 21.301, 21.301, 5, 0.76, 0, 90.5, 0, 0, 97.5, 32.93, 0, 0, 0, 0, 
25.55, 17.34, 100.33, 73.27, 74.05, , 1.218, 0.986, 1560.937, 1560.937, 1.722, 30.535, 30.535, 30.535, 52.326, 66.618, 35.06, 35.348, 7.377, 13.096, 0, 0, 2.651, 2.688, 2.651, 2.688, 1, 32.902, 32.902, 0.024, 0.135, 8.082, 8.198, 8.082, 8.198, 4.249, 7.377, 13.096, , , 1, 25.589, 0, 0, 14.5, 1.722, 185, 0, 0, 0, 53, 5.842, 5.558, 125.6, 43.437, 100, 0, 0, 21.402, 21.402, 5, 0.76, 90.5, 0, 0, 97.5, 32.93, 0, 0, 0, 0, 0, 13.9, 0, 14.5, 0, 1.722, 185, 0, 0, 0, 53, 1, 0.006, 0.006, 125.6, 43.437, 100, 0, 0, 141, 21.402, 21.402, 5, 0.76, 0, 90.5, 0, 0, 97.5, 32.93, 0, 0, 0, 0, 
25.6, 17.34, 100.33, 73.27, 74.05, , 1.692, 0.986, 1563.345, 1563.345, 1.722, 41.79, 41.79, 41.79, 52.205, 67.659, 35.06, 34.988, 7.377, 13.099, 0, 0, 3.632, 3.682, 3.632, 3.682, 1, 32.974, 32.974, 0.024, 0.135, 11.078, 11.236, 11.078, 11.236, 4.228, 7.377, 13.099, , , 1, 25.64, 0, 0, 14.5, 1.722, 185, 0, 0, 0, 53, 5.86, 5.58, 125.6, 43.511, 100, 0, 0, 21.5, 21.498, 5, 0.76, 90.5, 0, 0, 97.5, 32.93, 0, 0, 0, 0, 0, 13.9, 0, 14.5, 0, 1.722, 185, 0, 0, 0, 53, 1, 0.006, 0.006, 125.6, 43.511, 100, 0, 0, 141, 21.5, 21.498, 5, 0.76, 0, 90.5, 0, 0, 97.5, 32.93, 0, 0, 0, 0, 
25.65, 17.34, 100.33, 73.27, 74.05, , 2.027, 0.986, 1565.753, 1565.753, 1.722, 49.748, 49.748, 49.748, 52.056, 68.701, 35.06, 34.628, 7.377, 13.104, 0, 0, 4.332, 4.392, 4.332, 4.392, 1, 33.068, 33.068, 0.024, 0.135, 13.21, 13.398, 13.21, 13.398, 4.228, 7.377, 13.104, , , 1, 25.69, 0, 0, 14.5, 1.722, 185, 0, 0, 0, 53, 5.852, 5.58, 125.6, 43.585, 100, 0, 0, 21.5, 21.398, 5, 0.76, 90.5, 0, 0, 97.5, 33.054, 0, 0, 0, 0, 0, 13.9, 0, 14.5, 0, 1.722, 185, 0, 0, 0, 53, 1, 0.006, 0.006, 125.6, 43.585, 100, 0, 0, 141, 21.5, 21.398, 5, 0.76, 0, 90.5, 0, 0, 97.5, 33.054, 0, 0, 0, 0, 
25.7, 17.342, 100.33, 73.27, 74.05, , 2.244, 0.986, 1568.162, 1568.162, 1.721, 54.9, 54.9, 54.9, 51.926, 69.743, 35.06, 34.412, 7.377, 13.11, 0, 0, 4.792, 4.86, 4.792, 4.86, 1, 33.175, 33.175, 0.024, 0.135, 14.605, 14.814, 14.605, 14.814, 4.228, 7.377, 13.11, , , 1, 25.74, 0, 0, 14.5, 1.721, 185, 0, 0, 0, 53, 5.844, 5.58, 125.6, 43.659, 100, 0, 0, 21.5, 21.298, 5, 0.76, 90.5, 0, 0, 97.5, 33.179, 0, 0, 0, 0, 0, 13.9, 0, 14.5, 0, 1.721, 185, 0, 0, 0, 53, 1, 0.006, 0.006, 125.6, 43.659, 100, 0, 0, 141, 21.5, 21.298, 5, 0.76, 0, 90.5, 0, 0, 97.5, 33.179, 0, 0, 0, 0, 
25.75, 17.343, 100.33, 73.27, 74.05, , 2.318, 0.986, 1570.569, 1570.569, 1.721, 56.648, 56.648, 56.648, 51.811, 70.785, 35.06, 34.772, 7.377, 13.117, 0, 0, 4.959, 5.029, 4.959, 5.029, 1, 33.291, 33.291, 0.024, 0.135, 15.094, 15.309, 15.094, 15.309, 4.228, 7.377, 13.117, , , 1, 25.79, 0, 0, 14.5, 1.721, 185, 0, 0, 0, 53, 5.836, 5.58, 125.6, 43.733, 100, 0, 0, 21.5, 21.198, 5, 0.76, 90.5, 0, 0, 97.5, 33.303, 0, 0, 0, 0, 0, 13.9, 0, 14.5, 0, 1.721, 185, 0, 0, 0, 53, 1, 0.006, 0.006, 125.6, 43.733, 100, 0, 0, 141, 21.5, 21.198, 5, 0.76, 0, 90.5, 0, 0, 97.5, 33.303, 0, 0, 0, 0, 
25.8, 17.344, 100.33, 73.27, 74.05, , 2.296, 0.986, 1572.976, 1572.976, 1.72, 56.127, 56.127, 56.127, 51.743, 71.827, 35.06, 35.132, 7.377, 13.122, 0, 0, 4.929, 4.999, 4.929, 4.999, 1, 33.406, 33.406, 0.024, 0.135, 14.977, 15.191, 14.977, 15.191, 4.23, 7.377, 13.122, , , 1, 25.839, 0, 0, 14.5, 1.72, 185, 0, 0, 0, 53, 5.828, 5.58, 125.6, 43.807, 100, 0, 0, 21.5, 21.098, 5, 0.76, 90.5, 0, 0, 97.5, 33.428, 0, 0, 0, 0, 0, 13.9, 0, 14.5, 0, 1.72, 185, 0, 0, 0, 53, 1, 0.006, 0.006, 125.6, 43.807, 100, 0, 0, 141, 21.5, 21.098, 5, 0.76, 0, 90.5, 0, 0, 97.5, 33.428, 0, 0, 0, 0, 
25.85, 17.345, 100.33, 73.27, 74.05, , 2.319, 0.986, 1575.416, 1575.416, 1.72, 56.682, 56.682, 56.682, 51.702, 72.869, 35.06, 35.492, 7.377, 13.124, 0, 0, 4.996, 5.068, 4.996, 5.068, 1, 33.518, 33.518, 0.024, 0.135, 15.136, 15.352, 15.136, 15.352, 4.239, 7.377, 13.124, , , 1, 25.889, 0, 0, 14.5, 1.72, 185.008, 0, 0, 0, 53, 5.82, 5.58, 125.6, 43.877, 100, 0, 0, 21.498, 21, 5, 0.76, 90.5, 0, 0, 97.5, 33.553, 0, 0, 0, 0, 0, 13.9, 0, 14.5, 0, 1.72, 185.008, 0, 0, 0, 53, 1, 0.006, 0.006, 125.6, 43.877, 100, 0, 0, 141, 21.498, 21, 5, 0.76, 0, 90.5, 0, 0, 97.5, 33.553, 0, 0, 0, 0, 
25.9, 17.346, 100.33, 73.27, 74.05, , 2.364, 0.986, 1577.874, 1577.874, 1.727, 57.745, 57.745, 57.745, 51.692, 73.911, 35.06, 35.852, 7.377, 13.123, 0, 0, 5.107, 5.182, 5.107, 5.182, 1, 33.635, 33.635, 0.024, 0.135, 15.424, 15.643, 15.424, 15.643, 4.249, 7.377, 13.123, , , 1, 25.939, 0, 0, 14.5, 1.727, 185.423, 0, 0, 0, 53, 5.799, 5.557, 125.6, 43.723, 100, 0, 0, 21.394, 21, 5, 0.76, 90.5, 0, 0, 97.5, 33.683, 0, 0, 0, 0, 0, 13.9, 0, 14.5, 0, 1.727, 185.423, 0, 0, 0, 53, 1, 0.006, 0.006, 125.6, 43.723, 100, 0, 0, 141, 21.394, 21, 5, 0.76, 0, 90.5, 0, 0, 97.5, 33.683, 0, 0, 0, 0, 
25.95, 17.347, 100.33, 73.27, 74.05, , 2.369, 0.986, 1580.331, 1580.331, 1.733, 57.851, 57.851, 57.851, 51.696, 74.952, 35.067, 36.118, 7.378, 13.119, 0, 0, 5.133, 5.21, 5.133, 5.21, 1, 33.753, 33.753, 0.024, 0.135, 15.453, 15.673, 15.453, 15.673, 4.258, 7.378, 13.119, , , 1, 25.989, 0, 0, 14.5, 1.733, 185.838, 0, 0, 0, 53, 5.778, 5.534, 125.6, 43.57, 100, 0, 0, 21.29, 21, 5, 0.76, 90.5, 0, 0, 97.5, 33.814, 0, 0, 0, 0, 0, 13.9, 0, 14.5, 0, 1.733, 185.838, 0, 0, 0, 53, 1, 0.006, 0.006, 125.6, 43.57, 100, 0, 0, 141, 21.29, 21, 5, 0.76, 0, 90.5, 0, 0, 97.5, 33.814, 0, 0, 0, 0, 
26, 17.348, 100.33, 73.27, 74.05, , 2.36, 0.986, 1582.789, 1582.789, 1.739, 57.654, 57.654, 57.654, 51.694, 75.994, 35.103, 36.01, 7.378, 13.113, 0, 0, 5.133, 5.21, 5.133, 5.21, 1, 33.87, 33.87, 0.024, 0.135, 15.401, 15.621, 15.401, 15.621, 4.267, 7.378, 13.113, , , 1, 26.039, 0, 0, 14.5, 1.739, 186.253, 0, 0, 0, 53, 5.757, 5.511, 125.6, 43.416, 100, 0, 0, 21.187, 21, 5, 0.76, 90.5, 0, 0, 97.5, 33.945, 0, 0, 0, 0, 0, 13.9, 0, 14.5, 0, 1.739, 186.253, 0, 0, 0, 53, 1, 0.006, 0.005, 125.6, 43.416, 100, 0, 0, 141, 21.187, 21, 5, 0.76, 0, 90.5, 0, 0, 97.5, 33.945, 0, 0, 0, 0, 
26.05, 17.35, 100.33, 73.27, 74.05, , 2.364, 0.986, 1585.248, 1585.248, 1.746, 57.741, 57.741, 57.741, 51.69, 77.036, 35.139, 35.902, 7.379, 13.105, 0, 0, 5.158, 5.234, 5.158, 5.234, 1, 33.987, 33.987, 0.024, 0.135, 15.425, 15.647, 15.425, 15.647, 4.277, 7.379, 13.105, , , 1, 26.089, 0, 0, 14.5, 1.746, 186.668, 0, 0, 0, 53, 5.737, 5.488, 125.6, 43.263, 100, 0, 0, 21.083, 21, 5, 0.76, 90.5, 0, 0, 97.5, 34.075, 0, 0, 0, 0, 0, 13.9, 0, 14.5, 0, 1.746, 186.668, 0, 0, 0, 53, 1, 0.006, 0.005, 125.6, 43.263, 100, 0, 0, 141, 21.083, 21, 5, 0.76, 0, 90.5, 0, 0, 97.5, 34.075, 0, 0, 0, 0, 
26.1, 17.351, 100.33, 73.27, 74.05, , 2.369, 0.986, 1587.707, 1587.707, 1.753, 57.874, 57.874, 57.874, 51.679, 78.078, 35.175, 35.794, 7.379, 13.096, 0, 0, 5.186, 5.263, 5.186, 5.263, 1, 34.106, 34.106, 0.024, 0.135, 15.463, 15.686, 15.463, 15.686, 4.287, 7.379, 13.096, , , 1, 26.139, 0, 0, 14.5, 1.753, 187, 0, 0, 0, 53, 5.718, 5.467, 125.531, 43.098, 100, 0, 0, 21.048, 21.048, 5, 0.76, 90.519, 0, 0, 97.529, 34.216, 0, 0, 0, 0, 0, 13.9, 0, 14.5, 0, 1.753, 187, 0, 0, 0, 53, 1, 0.006, 0.005, 125.531, 43.098, 100, 0, 0, 141, 21.048, 21.048, 5, 0.76, 0, 90.519, 0, 0, 97.529, 34.216, 0, 0, 0, 0, 
26.15, 17.352, 100.33, 73.27, 74.05, , 2.344, 0.986, 1590.215, 1590.215, 1.762, 57.279, 57.279, 57.279, 51.667, 79.12, 35.211, 35.686, 7.38, 13.088, 0, 0, 5.152, 5.227, 5.152, 5.227, 1, 34.225, 34.225, 0.024, 0.135, 15.305, 15.527, 15.305, 15.527, 4.297, 7.38, 13.088, , , 1, 26.189, 0, 0, 14.5, 1.762, 187, 0, 0, 0, 53, 5.708, 5.455, 125.185, 42.885, 100, 0, 0, 21.288, 21.288, 5, 0.76, 90.615, 0, 0, 97.673, 34.395, 0, 0, 0, 0, 0, 13.9, 0, 14.5, 0, 1.762, 187, 0, 0, 0, 53, 1, 0.006, 0.005, 125.185, 42.885, 100, 0, 0, 141, 21.288, 21.288, 5, 0.76, 0, 90.615, 0, 0, 97.673, 34.395, 0, 0, 0, 0, 
26.2, 17.353, 100.33, 73.27, 74.05, , 2.321, 0.986, 1592.725, 1592.725, 1.77, 56.738, 56.738, 56.738, 51.667, 80.162, 35.262, 35.6, 7.38, 13.081, 0, 0, 5.123, 5.196, 5.123, 5.196, 1, 34.338, 34.338, 0.024, 0.135, 15.162, 15.382, 15.162, 15.382, 4.307, 7.38, 13.081, , , 1, 26.239, 0, 0, 14.5, 1.77, 187, 0, 0, 0, 53, 5.699, 5.442, 124.838, 42.672, 100, 0, 0, 21.529, 21.529, 5, 0.76, 90.712, 0, 0, 97.817, 34.573, 0, 0, 0, 0, 0, 13.9, 0, 14.5, 0, 1.77, 187, 0, 0, 0, 53, 1, 0.006, 0.005, 124.838, 42.672, 100, 0, 0, 141, 21.529, 21.529, 5, 0.76, 0, 90.712, 0, 0, 97.817, 34.573, 0, 0, 0, 0, 
26.25, 17.354, 100.33, 73.27, 74.05, , 2.325, 0.986, 1595.236, 1595.236, 1.779, 56.823, 56.823, 56.823, 51.669, 81.203, 35.37, 35.6, 7.379, 13.077, 0, 0, 5.148, 5.221, 5.148, 5.221, 1, 34.452, 34.452, 0.024, 0.135, 15.184, 15.402, 15.184, 15.402, 4.307, 7.379, 13.077, , , 1, 26.289, 0, 0, 14.5, 1.779, 187, 0, 0, 0, 53, 5.689, 5.43, 124.492, 42.46, 100, 0, 0, 21.769, 21.769, 5, 0.76, 90.808, 0, 0, 97.962, 34.752, 0, 0, 0, 0, 0, 13.9, 0, 14.5, 0, 1.779, 187, 0, 0, 0, 53, 1, 0.006, 0.005, 124.492, 42.46, 100, 0, 0, 141, 21.769, 21.769, 5, 0.76, 0, 90.808, 0, 0, 97.962, 34.752, 0, 0, 0, 0, 
26.3, 17.355, 100.33, 73.27, 74.05, , 2.348, 0.986, 1597.746, 1597.746, 1.788, 57.38, 57.38, 57.38, 51.683, 82.245, 35.478, 35.6, 7.379, 13.077, 0, 0, 5.216, 5.29, 5.216, 5.29, 1, 34.568, 34.568, 0.024, 0.135, 15.331, 15.549, 15.331, 15.549, 4.305, 7.379, 13.077, , , 1, 26.34, 0, 0, 14.5, 1.788, 187, 0, 0, 0, 53, 5.68, 5.417, 124.146, 42.247, 100, 0, 0, 22.01, 22.01, 5, 0.76, 90.904, 0, 0, 98.106, 34.931, 0, 0, 0, 0, 0, 13.9, 0, 14.5, 0, 1.788, 187, 0, 0, 0, 53, 1, 0.006, 0.005, 124.146, 42.247, 100, 0, 0, 141, 22.01, 22.01, 5, 0.76, 0, 90.904, 0, 0, 98.106, 34.931, 0, 0, 0, 0, 
26.35, 17.356, 100.33, 73.27, 74.05, , 2.435, 0.986, 1600.256, 1600.256, 1.797, 59.438, 59.438, 59.438, 51.697, 83.287, 35.586, 35.6, 7.378, 13.082, 0, 0, 5.422, 5.5, 5.422, 5.5, 1, 34.687, 34.687, 0.024, 0.135, 15.876, 16.101, 15.876, 16.101, 4.302, 7.378, 13.082, , , 1, 26.39, 0, 0, 14.5, 1.797, 187, 0, 0, 0, 53, 5.67, 5.405, 123.8, 42.035, 100, 0, 0, 22.25, 22.25, 5, 0.76, 91, 0, 0, 98.25, 35.11, 0, 0, 0, 0, 0, 13.9, 0, 14.5, 0, 1.797, 187, 0, 0, 0, 53, 1, 0.006, 0.005, 123.8, 42.035, 100, 0, 0, 141, 22.25, 22.25, 5, 0.76, 0, 91, 0, 0, 98.25, 35.11, 0, 0, 0, 0, 
26.4, 17.358, 100.33, 73.27, 74.05, , 2.506, 0.986, 1602.777, 1602.777, 1.801, 61.132, 61.132, 61.132, 51.71, 84.329, 35.694, 35.6, 7.378, 13.09, 0, 0, 5.596, 5.677, 5.596, 5.677, 1, 34.81, 34.81, 0.024, 0.135, 16.325, 16.557, 16.325, 16.557, 4.299, 7.378, 13.09, , , 1, 26.439, 0, 0, 14.5, 1.801, 187, 0, 0, 0, 53, 5.674, 5.402, 123.8, 41.881, 100, 0, 0, 22.302, 22.302, 5, 0.76, 91, 0, 0, 98.302, 35.175, 0, 0, 0, 0, 0, 13.9, 0, 14.5, 0, 1.801, 187, 0, 0, 0, 53, 1, 0.006, 0.005, 123.8, 41.881, 100, 0, 0, 141, 22.302, 22.302, 5, 0.76, 0, 91, 0, 0, 98.302, 35.175, 0, 0, 0, 0, 
26.45, 17.359, 100.33, 73.27, 74.05, , 2.552, 0.986, 1605.316, 1605.316, 1.804, 62.233, 62.233, 62.233, 51.712, 85.371, 35.794, 35.586, 7.377, 13.1, 0, 0, 5.718, 5.8, 5.718, 5.8, 1, 34.936, 34.936, 0.024, 0.135, 16.618, 16.856, 16.618, 16.856, 4.29, 7.377, 13.1, , , 1, 26.489, 0, 0, 14.5, 1.804, 187, 0, 0, 0, 53, 5.678, 5.399, 123.8, 41.727, 100, 0, 0, 22.355, 22.355, 5, 0.76, 91, 0, 0, 98.355, 35.24, 0, 0, 0, 0, 0, 13.9, 0, 14.5, 0, 1.804, 187, 0, 0, 0, 53, 1, 0.006, 0.005, 123.8, 41.727, 100, 0, 0, 141, 22.355, 22.355, 5, 0.76, 0, 91, 0, 0, 98.355, 35.24, 0, 0, 0, 0, 
26.5, 17.36, 100.33, 73.27, 74.05, , 2.588, 0.986, 1607.869, 1607.869, 1.808, 63.088, 63.088, 63.088, 51.701, 86.413, 35.866, 35.514, 7.377, 13.11, 0, 0, 5.816, 5.9, 5.816, 5.9, 1, 35.067, 35.067, 0.024, 0.136, 16.849, 17.091, 16.849, 17.091, 4.273, 7.377, 13.11, , , 1, 26.539, 0, 0, 14.5, 1.808, 187, 0, 0, 0, 53, 5.683, 5.396, 123.8, 41.574, 100, 0, 0, 22.407, 22.407, 5, 0.76, 91, 0, 0, 98.407, 35.305, 0, 0, 0, 0, 0, 13.9, 0, 14.5, 0, 1.808, 187, 0, 0, 0, 53, 1, 0.006, 0.005, 123.8, 41.574, 100, 0, 0, 141, 22.407, 22.407, 5, 0.76, 0, 91, 0, 0, 98.407, 35.305, 0, 0, 0, 0, 
26.55, 17.361, 100.33, 73.273, 74.05, , 2.615, 0.986, 1610.435, 1610.435, 1.811, 63.733, 63.733, 63.733, 51.675, 87.454, 35.938, 35.442, 7.377, 13.121, 0, 0, 5.895, 5.981, 5.895, 5.981, 1, 35.196, 35.196, 0.024, 0.136, 17.027, 17.273, 17.027, 17.273, 4.255, 7.377, 13.121, , , 1, 26.589, 0, 0, 14.5, 1.811, 187, 0, 0, 0, 53, 5.687, 5.392, 123.8, 41.42, 100, 0, 0, 22.459, 22.459, 5, 0.76, 91, 0, 0, 98.459, 35.369, 0, 0, 0, 0, 0, 13.9, 0, 14.5, 0, 1.811, 187, 0, 0, 0, 53, 1, 0.006, 0.005, 123.8, 41.42, 100, 0, 0, 141, 22.459, 22.459, 5, 0.76, 0, 91, 0, 0, 98.459, 35.369, 0, 0, 0, 0, 
26.6, 17.362, 100.33, 73.278, 74.05, , 2.596, 0.986, 1613.001, 1613.001, 1.816, 63.261, 63.261, 63.261, 51.64, 88.496, 36.01, 35.37, 7.377, 13.13, 0, 0, 5.872, 5.957, 5.872, 5.957, 1, 35.324, 35.324, 0.024, 0.136, 16.912, 17.156, 16.912, 17.156, 4.238, 7.377, 13.13, , , 1, 26.639, 0, 0, 14.5, 1.816, 187, 0, 0, 0, 53.042, 5.687, 5.392, 123.8, 41.284, 100, 0, 0, 22.532, 22.532, 5, 0.76, 91.095, 0, 0, 98.627, 35.459, 0, 0, 0, 0, 0, 13.9, 0, 14.5, 0, 1.816, 187, 0, 0, 0, 53.042, 1, 0.006, 0.005, 123.8, 41.284, 100, 0, 0, 141, 22.532, 22.532, 5, 0.76, 0, 91.095, 0, 0, 98.627, 35.459, 0, 0, 0, 0, 
26.65, 17.363, 100.33, 73.283, 74.05, , 2.557, 0.986, 1615.566, 1615.566, 1.825, 62.354, 62.354, 62.354, 51.605, 89.538, 36.082, 35.298, 7.377, 13.136, 0, 0, 5.81, 5.893, 5.81, 5.893, 1, 35.452, 35.452, 0.024, 0.136, 16.683, 16.923, 16.683, 16.923, 4.223, 7.377, 13.136, , , 1, 26.689, 0, 0, 14.5, 1.825, 187, 0, 0, 0, 53.235, 5.671, 5.402, 123.8, 41.213, 100, 0, 0, 22.676, 22.676, 5, 0.762, 91.528, 0, 0, 99.204, 35.638, 0, 0, 0, 0, 0, 13.9, 0, 14.5, 0, 1.825, 187, 0, 0, 0, 53.235, 1, 0.006, 0.005, 123.8, 41.213, 100, 0, 0, 141, 22.676, 22.676, 5, 0.762, 0, 91.528, 0, 0, 99.204, 35.638, 0, 0, 0, 0, 
26.7, 17.364, 100.33, 73.288, 74.05, , 2.5, 0.986, 1618.157, 1618.157, 1.833, 60.988, 60.988, 60.988, 51.57, 90.58, 36.119, 35.275, 7.377, 13.143, 0, 0, 5.703, 5.785, 5.703, 5.785, 1, 35.58, 35.58, 0.024, 0.136, 16.325, 16.56, 16.325, 16.56, 4.213, 7.377, 13.143, , , 1, 26.739, 0, 0, 14.5, 1.833, 187, 0, 0, 0, 53.427, 5.656, 5.411, 123.8, 41.142, 100, 0, 0, 22.82, 22.82, 5, 0.764, 91.961, 0, 0, 99.781, 35.817, 0, 0, 0, 0, 0, 13.9, 0, 14.5, 0, 1.833, 187, 0, 0, 0, 53.427, 1, 0.006, 0.005, 123.8, 41.142, 100, 0, 0, 141, 22.82, 22.82, 5, 0.764, 0, 91.961, 0, 0, 99.781, 35.817, 0, 0, 0, 0, 
26.75, 17.366, 100.33, 73.293, 74.05, , 2.445, 0.986, 1620.752, 1620.752, 1.842, 59.702, 59.702, 59.702, 51.572, 88.498, 36.014, 35.449, 7.378, 13.149, 0, 0, 5.604, 5.684, 5.604, 5.684, 1, 35.7, 35.7, 0.024, 0.136, 15.986, 16.216, 15.986, 16.216, 4.203, 7.378, 13.149, , , 1, 26.789, 0, 0, 14.5, 1.842, 187, 0, 0, 0, 53.619, 5.64, 5.421, 123.8, 41.071, 100, 0, 0, 22.964, 22.964, 5, 0.766, 92.393, 0, 0, 100.358, 35.996, 0, 0, 0, 0, 0, 13.9, 0, 14.5, 0, 1.842, 187, 0, 0, 0, 53.619, 1, 0.006, 0.005, 123.8, 41.071, 100, 0, 0, 141, 22.964, 22.964, 5, 0.766, 0, 92.393, 0, 0, 100.358, 35.996, 0, 0, 0, 0, 
26.8, 17.367, 100.33, 73.298, 74.05, , 2.44, 0.986, 1623.347, 1623.347, 1.851, 59.584, 59.584, 59.584, 51.58, 86.416, 35.91, 35.624, 7.378, 13.155, 0, 0, 5.612, 5.692, 5.612, 5.692, 1, 35.821, 35.821, 0.024, 0.135, 15.951, 16.179, 15.951, 16.179, 4.194, 7.378, 13.155, , , 1, 26.839, 0, 0, 14.5, 1.851, 187, 0, 0, 0, 53.812, 5.625, 5.431, 123.8, 41, 100, 0, 0, 23.109, 23.109, 5, 0.768, 92.826, 0, 0, 100.935, 36.175, 0, 0, 0, 0, 0, 13.9, 0, 14.5, 0, 1.851, 187, 0, 0, 0, 53.812, 1, 0.006, 0.005, 123.8, 41, 100, 0, 0, 141, 23.109, 23.109, 5, 0.768, 0, 92.826, 0, 0, 100.935, 36.175, 0, 0, 0, 0, 
26.85, 17.368, 100.33, 73.303, 74.05, , 2.442, 0.986, 1625.951, 1625.951, 1.86, 59.628, 59.628, 59.628, 51.612, 84.335, 35.805, 35.798, 7.379, 13.161, 0, 0, 5.635, 5.715, 5.635, 5.715, 1, 35.943, 35.943, 0.024, 0.135, 15.956, 16.183, 15.956, 16.183, 4.184, 7.379, 13.161, , , 1, 26.889, 0, 0, 14.5, 1.86, 187, 0, 0, 0, 54, 5.61, 5.44, 123.8, 40.928, 100, 0, 0, 23.251, 23.251, 5, 0.77, 93.251, 0, 0, 101.502, 36.351, 0, 0, 0, 0, 0, 13.9, 0, 14.5, 0, 1.86, 187, 0, 0, 0, 54, 1, 0.006, 0.005, 123.8, 40.928, 100, 0, 0, 141, 23.251, 23.251, 5, 0.77, 0, 93.251, 0, 0, 101.502, 36.351, 0, 0, 0, 0, 
26.9, 17.369, 100.33, 73.308, 74.05, , 2.458, 0.986, 1628.574, 1628.574, 1.864, 60.017, 60.017, 60.017, 51.643, 82.253, 35.7, 35.973, 7.379, 13.166, 0, 0, 5.691, 5.771, 5.691, 5.771, 1, 36.064, 36.064, 0.024, 0.135, 16.048, 16.274, 16.048, 16.274, 4.186, 7.379, 13.166, , , 1, 26.94, 0, 0, 14.5, 1.864, 187, 0, 0, 0, 54, 5.608, 5.44, 123.8, 40.851, 100, 0, 0, 23.303, 23.303, 5, 0.772, 93.303, 0, 0, 101.606, 36.416, 0, 0, 0, 0, 0, 13.9, 0, 14.5, 0, 1.864, 187, 0, 0, 0, 54, 1, 0.006, 0.005, 123.8, 40.851, 100, 0, 0, 141, 23.303, 23.303, 5, 0.772, 0, 93.303, 0, 0, 101.606, 36.416, 0, 0, 0, 0, 
26.95, 17.37, 100.33, 73.313, 74.05, , 2.45, 0.986, 1631.213, 1631.213, 1.868, 59.815, 59.815, 59.815, 51.675, 80.171, 35.596, 36.131, 7.38, 13.17, 0, 0, 5.69, 5.769, 5.69, 5.769, 1, 36.186, 36.186, 0.024, 0.135, 15.985, 16.209, 15.985, 16.209, 4.188, 7.38, 13.17, , , 1, 26.989, 0, 0, 14.5, 1.868, 187, 0, 0, 0, 54, 5.606, 5.44, 123.8, 40.774, 100, 0, 0, 23.355, 23.355, 5, 0.774, 93.355, 0, 0, 101.71, 36.48, 0, 0, 0, 0, 0, 13.9, 0, 14.5, 0, 1.868, 187, 0, 0, 0, 54, 1, 0.006, 0.005, 123.8, 40.774, 100, 0, 0, 141, 23.355, 23.355, 5, 0.774, 0, 93.355, 0, 0, 101.71, 36.48, 0, 0, 0, 0, 
27, 17.371, 100.33, 73.318, 74.051, , 2.42, 0.986, 1633.866, 1633.866, 1.872, 59.109, 59.109, 59.109, 51.694, 78.089, 35.484, 35.908, 7.38, 13.172, 0, 0, 5.642, 5.719, 5.642, 5.719, 1, 36.308, 36.308, 0.024, 0.135, 15.79, 16.011, 15.79, 16.011, 4.19, 7.38, 13.172, , , 1, 27.04, 0, 0, 14.5, 1.872, 187, 0, 0, 0, 54, 5.604, 5.44, 123.8, 40.697, 100, 0, 0, 23.407, 23.407, 5, 0.776, 93.407, 0, 0, 101.815, 36.545, 0, 0, 0, 0, 0, 13.9, 0, 14.5, 0, 1.872, 187, 0, 0, 0, 54, 1, 0.006, 0.005, 123.8, 40.697, 100, 0, 0, 141, 23.407, 23.407, 5, 0.776, 0, 93.407, 0, 0, 101.815, 36.545, 0, 0, 0, 0, 
27.05, 17.372, 100.33, 73.323, 74.052, , 2.411, 0.986, 1636.519, 1636.519, 1.876, 58.888, 58.888, 58.888, 51.705, 76.007, 35.372, 35.685, 7.379, 13.169, 0, 0, 5.64, 5.717, 5.64, 5.717, 1, 36.429, 36.429, 0.024, 0.134, 15.729, 15.95, 15.729, 15.95, 4.193, 7.379, 13.169, , , 1, 27.09, 0, 0, 14.5, 1.876, 187, 0, 0, 0, 54, 5.602, 5.44, 123.8, 40.62, 100, 0, 0, 23.459, 23.459, 5, 0.778, 93.459, 0, 0, 101.919, 36.61, 0, 0, 0, 0, 0, 13.9, 0, 14.5, 0, 1.876, 187, 0, 0, 0, 54, 1, 0.006, 0.005, 123.8, 40.62, 100, 0, 0, 141, 23.459, 23.459, 5, 0.778, 0, 93.459, 0, 0, 101.919, 36.61, 0, 0, 0, 0, 
27.1, 17.372, 100.33, 73.328, 74.054, , 2.408, 0.986, 1639.172, 1639.172, 1.881, 58.82, 58.82, 58.82, 51.695, 73.926, 35.261, 35.462, 7.379, 13.164, 0, 0, 5.653, 5.73, 5.653, 5.73, 1, 36.548, 36.548, 0.024, 0.134, 15.71, 15.933, 15.71, 15.933, 4.199, 7.379, 13.164, , , 1, 27.14, 0, 0, 14.5, 1.881, 187, 0, 0, 0, 54, 5.601, 5.444, 123.8, 40.544, 100, 0, 0, 23.566, 23.566, 5, 0.78, 93.555, 0, 0, 102.055, 36.701, 0, 0, 0, 0, 0, 13.9, 0, 14.5, 0, 1.881, 187, 0, 0, 0, 54, 1, 0.006, 0.005, 123.8, 40.544, 100, 0, 0, 141, 23.566, 23.566, 5, 0.78, 0, 93.555, 0, 0, 102.055, 36.701, 0, 0, 0, 0, 
27.15, 17.373, 100.33, 73.333, 74.055, , 2.351, 0.986, 1641.857, 1641.857, 1.889, 57.487, 57.487, 57.487, 51.682, 71.844, 35.149, 35.239, 7.378, 13.153, 0, 0, 5.542, 5.619, 5.542, 5.619, 1, 36.667, 36.667, 0.024, 0.134, 15.359, 15.579, 15.359, 15.579, 4.208, 7.378, 13.153, , , 1, 27.189, 0, 0, 14.5, 1.889, 187, 0, 0, 0, 54, 5.606, 5.461, 123.8, 40.47, 100, 0, 0, 23.866, 23.866, 5, 0.782, 93.805, 0, 0, 102.305, 36.887, 0, 0, 0, 0, 0, 13.9, 0, 14.5, 0, 1.889, 187, 0, 0, 0, 54, 1, 0.006, 0.005, 123.8, 40.47, 100, 0, 0, 141, 23.866, 23.866, 5, 0.782, 0, 93.805, 0, 0, 102.305, 36.887, 0, 0, 0, 0, 
27.2, 17.374, 100.33, 73.338, 74.056, , 2.336, 0.986, 1644.542, 1644.542, 1.897, 57.12, 57.12, 57.12, 51.668, 69.762, 35.01, 35.146, 7.378, 13.142, 0, 0, 5.525, 5.603, 5.525, 5.603, 1, 36.782, 36.782, 0.024, 0.134, 15.267, 15.487, 15.267, 15.487, 4.216, 7.378, 13.142, , , 1, 27.239, 0, 0, 14.5, 1.897, 187, 0, 0, 0, 54, 5.611, 5.478, 123.8, 40.396, 100, 0, 0, 24.166, 24.166, 5, 0.784, 94.055, 0, 0, 102.555, 37.073, 0, 0, 0, 0, 0, 13.9, 0, 14.5, 0, 1.897, 187, 0, 0, 0, 54, 1, 0.006, 0.005, 123.8, 40.396, 100, 0, 0, 141, 24.166, 24.166, 5, 0.784, 0, 94.055, 0, 0, 102.555, 37.073, 0, 0, 0, 0, 
27.25, 17.375, 100.33, 73.343, 74.057, , 2.436, 0.986, 1647.225, 1647.225, 1.905, 59.505, 59.505, 59.505, 51.651, 67.68, 34.758, 35.578, 7.377, 13.127, 0, 0, 5.776, 5.858, 5.776, 5.858, 1, 36.9, 36.9, 0.024, 0.134, 15.909, 16.14, 15.909, 16.14, 4.224, 7.377, 13.127, , , 1, 27.289, 0, 0, 14.5, 1.905, 187, 0, 0, 0, 54, 5.616, 5.495, 123.8, 40.322, 100, 0, 0, 24.466, 24.466, 5, 0.786, 94.305, 0, 0, 102.805, 37.259, 0, 0, 0, 0, 0, 13.9, 0, 14.5, 0, 1.905, 187, 0, 0, 0, 54, 1, 0.006, 0.006, 123.8, 40.322, 100, 0, 0, 141, 24.466, 24.466, 5, 0.786, 0, 94.305, 0, 0, 102.805, 37.259, 0, 0, 0, 0, 
27.3, 17.375, 100.33, 73.348, 74.058, , 2.513, 0.986, 1649.909, 1649.909, 1.913, 61.336, 61.336, 61.336, 51.628, 65.599, 34.506, 36.01, 7.377, 13.113, 0, 0, 5.974, 6.059, 5.974, 6.059, 1, 37.023, 37.023, 0.024, 0.134, 16.405, 16.644, 16.405, 16.644, 4.235, 7.377, 13.113, , , 1, 27.34, 0, 0, 14.5, 1.913, 187, 0, 0, 0, 54, 5.621, 5.512, 123.8, 40.248, 100, 0, 0, 24.766, 24.766, 5, 0.788, 94.555, 0, 0, 103.055, 37.445, 0, 0, 0, 0, 0, 13.9, 0, 14.5, 0, 1.913, 187, 0, 0, 0, 54, 1, 0.006, 0.006, 123.8, 40.248, 100, 0, 0, 141, 24.766, 24.766, 5, 0.788, 0, 94.555, 0, 0, 103.055, 37.445, 0, 0, 0, 0, 
27.35, 17.376, 100.33, 73.353, 74.059, , 2.569, 0.986, 1652.592, 1652.592, 1.92, 62.656, 62.656, 62.656, 51.603, 63.517, 34.254, 36.442, 7.377, 13.101, 0, 0, 6.124, 6.21, 6.124, 6.21, 1, 37.149, 37.149, 0.024, 0.135, 16.767, 17.01, 16.767, 17.01, 4.249, 7.377, 13.101, , , 1, 27.389, 0, 0, 14.5, 1.92, 187, 0, 0, 0, 54, 5.626, 5.526, 123.8, 40.19, 100, 0, 0, 25.023, 25.023, 5, 0.79, 94.761, 0, 0, 103.261, 37.604, 0, 0, 0, 0, 0, 13.9, 0, 14.5, 0, 1.92, 187, 0, 0, 0, 54, 1, 0.006, 0.006, 123.8, 40.19, 100, 0, 0, 141, 25.023, 25.023, 5, 0.79, 0, 94.761, 0, 0, 103.261, 37.604, 0, 0, 0, 0, 
27.4, 17.377, 100.33, 73.357, 74.06, , 2.649, 0.986, 1655.3, 1655.3, 1.923, 64.554, 64.554, 64.554, 51.576, 61.435, 34.002, 36.874, 7.377, 13.089, 0, 0, 6.331, 6.42, 6.331, 6.42, 1, 37.276, 37.276, 0.024, 0.135, 17.281, 17.531, 17.281, 17.531, 4.262, 7.377, 13.089, , , 1, 27.44, 0, 0, 14.5, 1.923, 187, 0, 0, 0, 54, 5.629, 5.531, 123.8, 40.19, 100, 0, 0, 25.127, 25.127, 5, 0.793, 94.814, 0, 0, 103.314, 37.669, 0, 0, 0, 0, 0, 13.9, 0, 14.5, 0, 1.923, 187, 0, 0, 0, 54, 1, 0.006, 0.006, 123.8, 40.19, 100, 0, 0, 141, 25.127, 25.127, 5, 0.793, 0, 94.814, 0, 0, 103.314, 37.669, 0, 0, 0, 0, 
27.45, 17.378, 100.33, 73.362, 74.062, , 2.729, 0.986, 1658.017, 1658.017, 1.926, 66.46, 66.46, 66.46, 51.561, 59.353, 33.858, 37.155, 7.377, 13.079, 0, 0, 6.538, 6.632, 6.538, 6.632, 1, 37.411, 37.411, 0.024, 0.135, 17.795, 18.055, 17.795, 18.055, 4.275, 7.377, 13.079, , , 1, 27.489, 0, 0, 14.5, 1.926, 187, 0, 0, 0, 54, 5.632, 5.537, 123.8, 40.19, 100, 0, 0, 25.231, 25.231, 5, 0.795, 94.866, 0, 0, 103.366, 37.733, 0, 0, 0, 0, 0, 13.9, 0, 14.5, 0, 1.926, 187, 0, 0, 0, 54, 1, 0.006, 0.006, 123.8, 40.19, 100, 0, 0, 141, 25.231, 25.231, 5, 0.795, 0, 94.866, 0, 0, 103.366, 37.733, 0, 0, 0, 0, 
27.5, 17.379, 100.33, 73.367, 74.063, , 2.707, 0.986, 1660.765, 1660.765, 1.929, 65.952, 65.952, 65.952, 51.554, 57.271, 34.146, 36.831, 7.377, 13.07, 0, 0, 6.511, 6.604, 6.511, 6.604, 1, 37.547, 37.547, 0.024, 0.135, 17.66, 17.916, 17.66, 17.916, 4.285, 7.377, 13.07, , , 1, 27.539, 0, 0, 14.5, 1.929, 187, 0, 0, 0, 54, 5.635, 5.542, 123.8, 40.19, 100, 0, 0, 25.335, 25.335, 5, 0.797, 94.918, 0, 0, 103.418, 37.798, 0, 0, 0, 0, 0, 13.9, 0, 14.5, 0, 1.929, 187, 0, 0, 0, 54, 1, 0.006, 0.006, 123.8, 40.19, 100, 0, 0, 141, 25.335, 25.335, 5, 0.797, 0, 94.918, 0, 0, 103.418, 37.798, 0, 0, 0, 0, 
27.55, 17.379, 100.33, 73.372, 74.064, , 2.697, 0.986, 1663.512, 1663.512, 1.931, 65.712, 65.712, 65.712, 51.571, 55.19, 34.434, 36.507, 7.377, 13.065, 0, 0, 6.51, 6.604, 6.51, 6.604, 1, 37.68, 37.68, 0.024, 0.135, 17.592, 17.846, 17.592, 17.846, 4.283, 7.377, 13.065, , , 1, 27.589, 0, 0, 14.5, 1.931, 187, 0, 0, 0, 54, 5.638, 5.547, 123.8, 40.19, 100, 0, 0, 25.44, 25.44, 5, 0.799, 94.97, 0, 0, 103.47, 37.863, 0, 0, 0, 0, 0, 13.9, 0, 14.5, 0, 1.931, 187, 0, 0, 0, 54, 1, 0.006, 0.006, 123.8, 40.19, 100, 0, 0, 141, 25.44, 25.44, 5, 0.799, 0, 94.97, 0, 0, 103.47, 37.863, 0, 0, 0, 0, 
27.6, 17.38, 100.33, 73.377, 74.065, , 2.707, 0.986, 1666.259, 1666.259, 1.938, 65.949, 65.949, 65.949, 51.601, 53.108, 34.722, 36.183, 7.377, 13.059, 0, 0, 6.555, 6.651, 6.555, 6.651, 1, 37.814, 37.814, 0.024, 0.135, 17.645, 17.901, 17.645, 17.901, 4.281, 7.377, 13.059, , , 1, 27.64, 0, 0, 14.5, 1.938, 187, 0, 0, 0, 54.081, 5.646, 5.553, 123.8, 40.19, 100, 0, 0, 25.601, 25.601, 5, 0.8, 95.101, 0, 0, 103.641, 37.976, 0, 0, 0, 0, 0, 13.904, 0, 14.5, 0, 1.938, 187, 0, 0, 0, 54.081, 1, 0.006, 0.006, 123.8, 40.19, 100, 0, 0, 141, 25.601, 25.601, 5, 0.8, 0, 95.101, 0, 0, 103.641, 37.976, 0, 0, 0, 0, 
27.65, 17.381, 100.33, 73.382, 74.066, , 2.719, 0.986, 1669.005, 1669.005, 1.95, 66.243, 66.243, 66.243, 51.642, 51.026, 35.01, 35.859, 7.377, 13.056, 0, 0, 6.607, 6.703, 6.607, 6.703, 1, 37.949, 37.949, 0.024, 0.136, 17.712, 17.968, 17.712, 17.968, 4.279, 7.377, 13.056, , , 1, 27.689, 0, 0, 14.5, 1.95, 187, 0, 0, 0, 54.273, 5.66, 5.561, 123.8, 40.19, 100, 0, 0, 25.841, 25.841, 5, 0.8, 95.341, 0, 0, 103.978, 38.157, 0, 0, 0, 0, 0, 13.914, 0, 14.5, 0, 1.95, 187, 0, 0, 0, 54.273, 1, 0.006, 0.006, 123.8, 40.19, 100, 0, 0, 141, 25.841, 25.841, 5, 0.8, 0, 95.341, 0, 0, 103.978, 38.157, 0, 0, 0, 0, 
27.7, 17.382, 100.33, 73.387, 74.067, , 2.733, 0.986, 1671.752, 1671.752, 1.961, 66.567, 66.567, 66.567, 51.673, 57.601, 35.247, 35.586, 7.377, 13.052, 0, 0, 6.662, 6.759, 6.662, 6.759, 1, 38.083, 38.083, 0.024, 0.136, 17.785, 18.042, 17.785, 18.042, 4.277, 7.377, 13.052, , , 1, 27.739, 0, 0, 14.5, 1.961, 187, 0, 0, 0, 54.465, 5.675, 5.569, 123.8, 40.19, 100, 0, 0, 26.082, 26.082, 5, 0.8, 95.582, 0, 0, 104.314, 38.337, 0, 0, 0, 0, 0, 13.923, 0, 14.5, 0, 1.961, 187, 0, 0, 0, 54.465, 1, 0.006, 0.006, 123.8, 40.19, 100, 0, 0, 141, 26.082, 26.082, 5, 0.8, 0, 95.582, 0, 0, 104.314, 38.337, 0, 0, 0, 0, 
27.75, 17.382, 100.33, 73.392, 74.068, , 2.786, 0.986, 1674.562, 1674.562, 1.973, 67.835, 67.835, 67.835, 51.697, 66.711, 35.283, 35.514, 7.377, 13.048, 0, 0, 6.815, 6.914, 6.815, 6.914, 1, 38.217, 38.217, 0.024, 0.136, 18.117, 18.38, 18.117, 18.38, 4.274, 7.377, 13.048, , , 1, 27.79, 0, 0, 14.5, 1.973, 187, 0, 0, 0, 54.658, 5.689, 5.576, 123.8, 40.19, 100, 0, 0, 26.322, 26.322, 5, 0.8, 95.822, 0, 0, 104.651, 38.518, 0, 0, 0, 0, 0, 13.933, 0, 14.5, 0, 1.973, 187, 0, 0, 0, 54.658, 1, 0.006, 0.006, 123.8, 40.19, 100, 0, 0, 141, 26.322, 26.322, 5, 0.8, 0, 95.822, 0, 0, 104.651, 38.518, 0, 0, 0, 0, 
27.8, 17.383, 100.33, 73.397, 74.07, , 2.816, 0.986, 1677.365, 1677.365, 1.984, 68.544, 68.544, 68.544, 51.701, 67.539, 35.319, 35.442, 7.377, 13.043, 0, 0, 6.911, 7.011, 6.911, 7.011, 1, 38.36, 38.36, 0.024, 0.136, 18.302, 18.568, 18.302, 18.568, 4.27, 7.377, 13.043, , , 1, 27.839, 0, 0, 14.5, 1.984, 187, 0, 0, 0, 54.85, 5.704, 5.584, 123.8, 40.19, 100, 0, 0, 26.562, 26.562, 5, 0.8, 96.062, 0, 0, 104.988, 38.699, 0, 0, 0, 0, 0, 13.942, 0, 14.5, 0, 1.984, 187, 0, 0, 0, 54.85, 1, 0.006, 0.006, 123.8, 40.19, 100, 0, 0, 141, 26.562, 26.562, 5, 0.8, 0, 96.062, 0, 0, 104.988, 38.699, 0, 0, 0, 0, 
27.85, 17.384, 100.33, 73.398, 74.071, , 2.789, 0.986, 1680.146, 1680.146, 1.994, 67.904, 67.904, 67.904, 51.7, 68.366, 35.355, 35.37, 7.377, 13.036, 0, 0, 6.872, 6.969, 6.872, 6.969, 1, 38.5, 38.5, 0.024, 0.136, 18.132, 18.396, 18.132, 18.396, 4.267, 7.377, 13.036, , , 1, 27.889, 0, 0, 14.5, 1.994, 187, 0, 0, 0, 55, 5.716, 5.59, 123.8, 40.19, 100, 0, 0, 26.786, 26.786, 5, 0.8, 96.262, 0, 0, 105.262, 38.855, 0, 0, 0, 0, 0, 13.952, 0, 14.5, 0, 1.994, 187, 0, 0, 0, 55, 1, 0.006, 0.006, 123.8, 40.19, 100, 0, 0, 141, 26.786, 26.786, 5, 0.8, 0, 96.262, 0, 0, 105.262, 38.855, 0, 0, 0, 0, 
27.9, 17.385, 100.33, 73.393, 74.072, , 2.785, 0.986, 1682.948, 1682.948, 1.998, 67.812, 67.812, 67.812, 51.692, 69.194, 35.391, 35.298, 7.377, 13.028, 0, 0, 6.888, 6.984, 6.888, 6.984, 1, 38.639, 38.639, 0.024, 0.136, 18.11, 18.375, 18.11, 18.375, 4.263, 7.377, 13.028, , , 1, 27.94, 0, 0, 14.5, 1.998, 187, 0, 0, 0, 55, 5.719, 5.587, 123.8, 40.19, 100, 0, 0, 26.949, 26.949, 5, 0.8, 96.316, 0, 0, 105.316, 38.922, 0, 0, 0, 0, 0, 13.963, 0, 14.5, 0, 1.998, 187, 0, 0, 0, 55, 1, 0.006, 0.006, 123.8, 40.19, 100, 0, 0, 141, 26.949, 26.949, 5, 0.8, 0, 96.316, 0, 0, 105.316, 38.922, 0, 0, 0, 0, 
27.95, 17.385, 100.33, 73.388, 74.073, , 2.795, 0.986, 1685.762, 1685.762, 2.001, 68.057, 68.057, 68.057, 51.682, 70.021, 35.427, 35.247, 7.377, 13.019, 0, 0, 6.938, 7.035, 6.938, 7.035, 1, 38.778, 38.778, 0.024, 0.136, 18.181, 18.447, 18.181, 18.447, 4.271, 7.377, 13.019, , , 1, 27.989, 0, 0, 14.5, 2.001, 187, 0, 0, 0, 55, 5.722, 5.585, 123.8, 40.19, 100, 0, 0, 27.112, 27.112, 5, 0.8, 96.371, 0, 0, 105.371, 38.99, 0, 0, 0, 0, 0, 13.974, 0, 14.5, 0, 2.001, 187, 0, 0, 0, 55, 1, 0.006, 0.006, 123.8, 40.19, 100, 0, 0, 141, 27.112, 27.112, 5, 0.8, 0, 96.371, 0, 0, 105.371, 38.99, 0, 0, 0, 0, 
28, 17.386, 100.33, 73.383, 74.074, , 2.825, 0.986, 1688.608, 1688.608, 2.004, 68.767, 68.767, 68.767, 51.671, 70.849, 35.463, 35.283, 7.377, 13.01, 0, 0, 7.038, 7.136, 7.038, 7.136, 1, 38.917, 38.917, 0.024, 0.136, 18.377, 18.645, 18.377, 18.645, 4.282, 7.377, 13.01, , , 1, 28.039, 0, 0, 14.5, 2.004, 187, 0, 0, 0, 55, 5.725, 5.583, 123.8, 40.19, 100, 0, 0, 27.275, 27.275, 5, 0.8, 96.425, 0, 0, 105.425, 39.057, 0, 0, 0, 0, 0, 13.985, 0, 14.5, 0, 2.004, 187, 0, 0, 0, 55, 1, 0.006, 0.006, 123.8, 40.19, 100, 0, 0, 141, 27.275, 27.275, 5, 0.8, 0, 96.425, 0, 0, 105.425, 39.057, 0, 0, 0, 0, 
28.05, 17.387, 100.33, 73.378, 74.075, , 2.866, 0.986, 1691.455, 1691.455, 2.008, 69.745, 69.745, 69.745, 51.657, 71.676, 35.499, 35.319, 7.377, 12.999, 0, 0, 7.165, 7.265, 7.165, 7.265, 1, 39.059, 39.059, 0.024, 0.136, 18.644, 18.915, 18.644, 18.915, 4.294, 7.377, 12.999, , , 1, 28.09, 0, 0, 14.5, 2.008, 187, 0, 0, 0, 55, 5.729, 5.581, 123.8, 40.19, 100, 0, 0, 27.438, 27.438, 5, 0.8, 96.479, 0, 0, 105.479, 39.124, 0, 0, 0, 0, 0, 13.996, 0, 14.5, 0, 2.008, 187, 0, 0, 0, 55, 1, 0.006, 0.006, 123.8, 40.19, 100, 0, 0, 141, 27.438, 27.438, 5, 0.8, 0, 96.479, 0, 0, 105.479, 39.124, 0, 0, 0, 0, 
28.1, 17.388, 100.33, 73.373, 74.077, , 2.93, 0.986, 1694.303, 1694.303, 2.016, 71.251, 71.251, 71.251, 51.64, 72.504, 35.535, 35.355, 7.377, 12.988, 0, 0, 7.345, 7.448, 7.345, 7.448, 1, 39.203, 39.203, 0.024, 0.136, 19.053, 19.328, 19.053, 19.328, 4.305, 7.377, 12.988, , , 1, 28.14, 0, 0, 14.5, 2.016, 187, 0, 0, 0, 55, 5.735, 5.591, 123.8, 40.19, 100, 0, 0, 27.672, 27.672, 5.115, 0.802, 96.586, 0, 0, 105.615, 39.257, 0, 0, 0, 0, 0, 13.989, 0, 14.5, 0, 2.016, 187, 0, 0, 0, 55, 1, 0.006, 0.006, 123.8, 40.19, 100, 0, 0, 141, 27.672, 27.672, 5.115, 0.802, 0, 96.586, 0, 0, 105.615, 39.257, 0, 0, 0, 0, 
28.15, 17.388, 100.33, 73.368, 74.078, , 3.013, 0.986, 1697.174, 1697.174, 2.027, 73.221, 73.221, 73.221, 51.62, 73.331, 35.571, 35.391, 7.377, 12.98, 0, 0, 7.578, 7.683, 7.578, 7.683, 1, 39.35, 39.35, 0.024, 0.135, 19.586, 19.867, 19.586, 19.867, 4.315, 7.377, 12.98, , , 1, 28.19, 0, 0, 14.5, 2.027, 187, 0, 0, 0, 55, 5.744, 5.61, 123.8, 40.19, 100, 0, 0, 27.95, 27.95, 5.3, 0.806, 96.725, 0, 0, 105.8, 39.429, 0, 0, 0, 0, 0, 13.97, 0, 14.5, 0, 2.027, 187, 0, 0, 0, 55, 1, 0.006, 0.006, 123.8, 40.19, 100, 0, 0, 141, 27.95, 27.95, 5.3, 0.806, 0, 96.725, 0, 0, 105.8, 39.429, 0, 0, 0, 0, 
28.2, 17.389, 100.33, 73.363, 74.079, , 3.096, 0.986, 1700.142, 1700.142, 2.038, 75.209, 75.209, 75.209, 51.616, 74.159, 35.514, 35.413, 7.377, 12.972, 0, 0, 7.815, 7.922, 7.815, 7.922, 1, 39.568, 39.568, 0.024, 0.135, 20.125, 20.411, 20.125, 20.411, 4.323, 7.377, 12.972, , , 1, 28.24, 0, 0, 14.5, 2.038, 187, 0, 0, 0, 55, 5.752, 5.629, 123.8, 40.19, 100, 0, 0, 28.228, 28.228, 5.485, 0.81, 96.864, 0, 0, 105.985, 39.601, 0, 0, 0, 0, 0, 13.951, 0, 14.5, 0, 2.038, 187, 0, 0, 0, 55, 1, 0.006, 0.006, 123.8, 40.19, 100, 0, 0, 141, 28.228, 28.228, 5.485, 0.81, 0, 96.864, 0, 0, 105.985, 39.601, 0, 0, 0, 0, 
28.25, 17.39, 100.33, 73.358, 74.08, , 3.048, 0.986, 1704.467, 1704.467, 2.049, 74.077, 74.077, 74.077, 51.621, 74.986, 35.082, 35.377, 7.377, 12.966, 0, 0, 7.74, 7.847, 7.74, 7.847, 1, 39.778, 39.778, 0.024, 0.135, 19.816, 20.096, 19.816, 20.096, 4.332, 7.377, 12.966, , , 1, 28.29, 0, 0, 14.5, 2.049, 187, 0, 0, 0, 55, 5.76, 5.647, 123.8, 40.19, 100, 0, 0, 28.506, 28.506, 5.67, 0.813, 97.003, 0, 0, 106.17, 39.773, 0, 0, 0, 0, 0, 13.933, 0, 14.5, 0, 2.049, 187, 0, 0, 0, 55, 1, 0.006, 0.006, 123.8, 40.19, 100, 0, 0, 141, 28.506, 28.506, 5.67, 0.813, 0, 97.003, 0, 0, 106.17, 39.773, 0, 0, 0, 0, 
28.3, 17.389, 100.33, 73.353, 74.081, , 3.025, 0.986, 1708.157, 1708.157, 2.059, 73.514, 73.514, 73.514, 51.644, 75.814, 34.65, 35.341, 7.377, 12.961, 0, 0, 7.717, 7.825, 7.717, 7.825, 1, 39.926, 39.926, 0.024, 0.134, 19.657, 19.936, 19.657, 19.936, 4.341, 7.377, 12.961, , , 1, 28.34, 0, 0, 14.5, 2.059, 187, 0, 0, 0, 55, 5.769, 5.666, 123.8, 40.19, 100, 0, 0, 28.783, 28.783, 5.856, 0.817, 97.142, 0, 0, 106.356, 39.946, 0, 0, 0, 0, 0, 13.914, 0, 14.5, 0, 2.059, 187, 0, 0, 0, 55, 1, 0.006, 0.006, 123.8, 40.19, 100, 0, 0, 141, 28.783, 28.783, 5.856, 0.817, 0, 97.142, 0, 0, 106.356, 39.946, 0, 0, 0, 0, 
28.35, 17.389, 100.33, 73.348, 74.081, , 3.031, 0.986, 1711.04, 1711.04, 2.07, 73.678, 73.678, 73.678, 51.668, 76.641, 34.218, 35.305, 7.377, 12.964, 0, 0, 7.762, 7.872, 7.762, 7.872, 1, 40.076, 40.076, 0.024, 0.134, 19.691, 19.971, 19.691, 19.971, 4.354, 7.377, 12.964, , , 1, 28.39, 0, 0, 14.5, 2.07, 187, 0, 0, 0, 55.024, 5.775, 5.679, 123.8, 40.181, 100, 0, 0, 29.048, 29.048, 6, 0.82, 97.274, 0, 0, 106.512, 40.11, 0, 0, 0, 0, 0, 13.9, 0, 14.5, 0, 2.07, 187, 0, 0, 0, 55.024, 1, 0.006, 0.006, 123.8, 40.181, 100, 0, 0, 141, 29.048, 29.048, 6, 0.82, 0, 97.274, 0, 0, 106.512, 40.11, 0, 0, 0, 0, 
28.4, 17.388, 100.33, 73.343, 74.082, , 2.982, 0.986, 1713.952, 1713.952, 2.078, 72.512, 72.512, 72.512, 51.693, 77.469, 33.786, 35.269, 7.377, 12.968, 0, 0, 7.666, 7.776, 7.666, 7.776, 1, 40.228, 40.228, 0.024, 0.134, 19.371, 19.647, 19.371, 19.647, 4.374, 7.377, 12.968, , , 1, 28.44, 0, 0, 14.5, 2.078, 187, 0, 0, 0, 55.133, 5.775, 5.676, 123.8, 40.141, 100, 0, 0, 29.265, 29.265, 6, 0.823, 97.383, 0, 0, 106.566, 40.244, 0, 0, 0, 0, 0, 13.9, 0, 14.5, 0, 2.078, 187, 0, 0, 0, 55.133, 1, 0.006, 0.006, 123.8, 40.141, 100, 0, 0, 141, 29.265, 29.265, 6, 0.823, 0, 97.383, 0, 0, 106.566, 40.244, 0, 0, 0, 0, 
28.45, 17.387, 100.33, 73.338, 74.083, , 2.934, 0.986, 1716.879, 1716.879, 2.086, 71.381, 71.381, 71.381, 51.712, 78.296, 33.505, 35.204, 7.378, 12.975, 0, 0, 7.574, 7.684, 7.574, 7.684, 1, 40.375, 40.375, 0.024, 0.134, 19.06, 19.333, 19.06, 19.333, 4.393, 7.378, 12.975, , , 1, 28.489, 0, 0, 14.5, 2.086, 187, 0, 0, 0, 55.241, 5.775, 5.673, 123.8, 40.101, 100, 0, 0, 29.483, 29.483, 6, 0.825, 97.491, 0, 0, 106.621, 40.379, 0, 0, 0, 0, 0, 13.9, 0, 14.5, 0, 2.086, 187, 0, 0, 0, 55.241, 1, 0.006, 0.006, 123.8, 40.101, 100, 0, 0, 141, 29.483, 29.483, 6, 0.825, 0, 97.491, 0, 0, 106.621, 40.379, 0, 0, 0, 0, 
28.5, 17.386, 100.33, 73.334, 74.084, , 2.935, 0.986, 1719.834, 1719.834, 2.095, 71.408, 71.408, 71.408, 51.724, 79.124, 33.829, 35.024, 7.378, 12.982, 0, 0, 7.604, 7.714, 7.604, 7.714, 1, 40.521, 40.521, 0.024, 0.134, 19.062, 19.336, 19.062, 19.336, 4.413, 7.378, 12.982, , , 1, 28.54, 0, 0, 14.5, 2.095, 187, 0, 0, 0, 55.35, 5.775, 5.669, 123.8, 40.06, 100, 0, 0, 29.7, 29.7, 6, 0.827, 97.6, 0, 0, 106.675, 40.514, 0, 0, 0, 0, 0, 13.9, 0, 14.5, 0, 2.095, 187, 0, 0, 0, 55.35, 1, 0.006, 0.006, 123.8, 40.06, 100, 0, 0, 141, 29.7, 29.7, 6, 0.827, 0, 97.6, 0, 0, 106.675, 40.514, 0, 0, 0, 0, 
28.55, 17.385, 100.33, 73.329, 74.085, , 2.92, 0.986, 1722.79, 1722.79, 2.103, 71.047, 71.047, 71.047, 51.727, 79.951, 34.153, 34.844, 7.379, 12.99, 0, 0, 7.593, 7.702, 7.593, 7.702, 1, 40.664, 40.664, 0.024, 0.134, 18.964, 19.238, 18.964, 19.238, 4.43, 7.379, 12.99, , , 1, 28.589, 0, 0, 14.5, 2.103, 187, 0, 0, 0, 55.459, 5.775, 5.666, 123.8, 40.02, 100, 0, 0, 29.917, 29.917, 6, 0.829, 97.709, 0, 0, 106.729, 40.649, 0, 0, 0, 0, 0, 13.9, 0, 14.5, 0, 2.103, 187, 0, 0, 0, 55.459, 1, 0.006, 0.006, 123.8, 40.02, 100, 0, 0, 141, 29.917, 29.917, 6, 0.829, 0, 97.709, 0, 0, 106.729, 40.649, 0, 0, 0, 0, 
28.6, 17.385, 100.33, 73.324, 74.085, , 2.897, 0.986, 1725.745, 1725.745, 2.108, 70.514, 70.514, 70.514, 51.718, 80.779, 34.477, 34.664, 7.379, 12.999, 0, 0, 7.563, 7.67, 7.563, 7.67, 1, 40.81, 40.81, 0.024, 0.135, 18.823, 19.096, 18.823, 19.096, 4.429, 7.379, 12.999, , , 1, 28.64, 0, 0, 14.5, 2.108, 187, 0, 0, 0, 55.567, 5.773, 5.663, 123.8, 39.98, 100, 0, 0, 30.067, 30.067, 6, 0.831, 97.784, 0, 0, 106.784, 40.742, 0, 0, 0, 0, 0, 13.9, 0, 14.5, 0, 2.108, 187, 0, 0, 0, 55.567, 1, 0.006, 0.006, 123.8, 39.98, 100, 0, 0, 141, 30.067, 30.067, 6, 0.831, 0, 97.784, 0, 0, 106.784, 40.742, 0, 0, 0, 0, 
28.65, 17.384, 100.33, 73.319, 74.086, , 2.905, 0.986, 1728.701, 1728.701, 2.112, 70.707, 70.707, 70.707, 51.707, 81.606, 34.801, 34.484, 7.38, 13.004, 0, 0, 7.612, 7.719, 7.612, 7.719, 1, 40.955, 40.955, 0.024, 0.135, 18.88, 19.153, 18.88, 19.153, 4.428, 7.38, 13.004, , , 1, 28.689, 0, 0, 14.5, 2.112, 187, 0, 0, 0, 55.676, 5.77, 5.66, 123.8, 39.94, 100, 0, 0, 30.176, 30.176, 6, 0.834, 97.838, 0, 0, 106.838, 40.809, 0, 0, 0, 0, 0, 13.9, 0, 14.5, 0, 2.112, 187, 0, 0, 0, 55.676, 1, 0.006, 0.006, 123.8, 39.94, 100, 0, 0, 141, 30.176, 30.176, 6, 0.834, 0, 97.838, 0, 0, 106.838, 40.809, 0, 0, 0, 0, 
28.7, 17.383, 100.33, 73.314, 74.087, , 2.917, 0.986, 1731.675, 1731.675, 2.115, 70.978, 70.978, 70.978, 51.696, 82.434, 35.038, 34.376, 7.38, 13.01, 0, 0, 7.669, 7.777, 7.669, 7.777, 1, 41.097, 41.097, 0.024, 0.135, 18.957, 19.23, 18.957, 19.23, 4.427, 7.38, 13.01, , , 1, 28.739, 0, 0, 14.5, 2.115, 187, 0, 0, 0, 55.785, 5.766, 5.656, 123.8, 39.9, 100, 0, 0, 30.285, 30.285, 6, 0.836, 97.892, 0, 0, 106.892, 40.877, 0, 0, 0, 0, 0, 13.9, 0, 14.5, 0, 2.115, 187, 0, 0, 0, 55.785, 1, 0.006, 0.006, 123.8, 39.9, 100, 0, 0, 141, 30.285, 30.285, 6, 0.836, 0, 97.892, 0, 0, 106.892, 40.877, 0, 0, 0, 0, 
28.75, 17.382, 100.33, 73.309, 74.088, , 2.932, 0.986, 1734.669, 1734.669, 2.119, 71.334, 71.334, 71.334, 51.686, 83.261, 34.93, 34.556, 7.38, 13.014, 0, 0, 7.735, 7.845, 7.735, 7.845, 1, 41.242, 41.242, 0.024, 0.135, 19.055, 19.33, 19.055, 19.33, 4.425, 7.38, 13.014, , , 1, 28.79, 0, 0, 14.5, 2.119, 187, 0, 0, 0, 55.893, 5.763, 5.653, 123.8, 39.859, 100, 0, 0, 30.393, 30.393, 6, 0.838, 97.947, 0, 0, 106.947, 40.944, 0, 0, 0, 0, 0, 13.9, 0, 14.5, 0, 2.119, 187, 0, 0, 0, 55.893, 1, 0.006, 0.006, 123.8, 39.859, 100, 0, 0, 141, 30.393, 30.393, 6, 0.838, 0, 97.947, 0, 0, 106.947, 40.944, 0, 0, 0, 0, 
28.8, 17.382, 100.33, 73.304, 74.088, , 2.928, 0.986, 1737.698, 1737.698, 2.122, 71.255, 71.255, 71.255, 51.677, 84.089, 34.822, 34.736, 7.379, 13.018, 0, 0, 7.753, 7.865, 7.753, 7.865, 1, 41.388, 41.388, 0.024, 0.135, 19.037, 19.312, 19.037, 19.312, 4.41, 7.379, 13.018, , , 1, 28.84, 0, 0, 14.5, 2.122, 187, 0, 0, 0, 56, 5.76, 5.65, 123.8, 39.817, 100, 0, 0, 30.502, 30.502, 6, 0.84, 98, 0, 0, 107, 41.015, 0, 0, 0, 0, 0, 13.9, 0, 14.5, 0, 2.122, 187, 0, 0, 0, 56, 1, 0.006, 0.006, 123.8, 39.817, 100, 0, 0, 141, 30.502, 30.502, 6, 0.84, 0, 98, 0, 0, 107, 41.015, 0, 0, 0, 0, 
28.85, 17.381, 100.33, 73.299, 74.089, , 2.946, 0.986, 1740.716, 1740.716, 2.129, 71.674, 71.674, 71.674, 51.672, 84.916, 34.714, 34.916, 7.379, 13.019, 0, 0, 7.826, 7.94, 7.826, 7.94, 1, 41.534, 41.534, 0.024, 0.135, 19.152, 19.429, 19.152, 19.429, 4.395, 7.379, 13.019, , , 1, 28.889, 0, 0, 14.5, 2.129, 187, 0, 0, 0, 56, 5.75, 5.65, 123.8, 39.669, 100, 0, 0, 30.602, 30.602, 6, 0.84, 98, 0, 0, 107, 41.263, 0, 0, 0, 0, 0, 13.9, 0, 14.5, 0, 2.129, 187, 0, 0, 0, 56, 1, 0.006, 0.006, 123.8, 39.669, 100, 0, 0, 141, 30.602, 30.602, 6, 0.84, 0, 98, 0, 0, 107, 41.263, 0, 0, 0, 0, 
28.9, 17.38, 100.33, 73.294, 74.09, , 3, 0.986, 1743.709, 1743.709, 2.137, 72.967, 72.967, 72.967, 51.668, 85.744, 34.606, 35.096, 7.378, 13.02, 0, 0, 7.995, 8.112, 7.995, 8.112, 1, 41.682, 41.682, 0.024, 0.135, 19.5, 19.782, 19.5, 19.782, 4.381, 7.378, 13.02, , , 1, 28.939, 0, 0, 14.5, 2.137, 187, 0, 0, 0, 56, 5.74, 5.65, 123.8, 39.521, 100, 0, 0, 30.702, 30.702, 6, 0.84, 98, 0, 0, 107, 41.511, 0, 0, 0, 0, 0, 13.9, 0, 14.5, 0, 2.137, 187, 0, 0, 0, 56, 1, 0.006, 0.006, 123.8, 39.521, 100, 0, 0, 141, 30.702, 30.702, 6, 0.84, 0, 98, 0, 0, 107, 41.511, 0, 0, 0, 0, 
28.95, 17.379, 100.33, 73.289, 74.091, , 2.976, 0.986, 1746.767, 1746.767, 2.144, 72.4, 72.4, 72.4, 51.665, 86.571, 34.527, 35.262, 7.378, 13.019, 0, 0, 7.959, 8.076, 7.959, 8.076, 1, 41.831, 41.831, 0.024, 0.135, 19.348, 19.628, 19.348, 19.628, 4.366, 7.378, 13.019, , , 1, 28.989, 0, 0, 14.5, 2.144, 187, 0, 0, 0, 56, 5.73, 5.65, 123.8, 39.373, 100, 0, 0, 30.802, 30.802, 6, 0.84, 98, 0, 0, 107, 41.759, 0, 0, 0, 0, 0, 13.9, 0, 14.5, 0, 2.144, 187, 0, 0, 0, 56, 1, 0.006, 0.006, 123.8, 39.373, 100, 0, 0, 141, 30.802, 30.802, 6, 0.84, 0, 98, 0, 0, 107, 41.759, 0, 0, 0, 0, 
29, 17.379, 100.33, 73.284, 74.091, , 2.952, 0.986, 1749.828, 1749.828, 2.151, 71.823, 71.823, 71.823, 51.67, 87.399, 34.563, 35.37, 7.377, 13.017, 0, 0, 7.923, 8.04, 7.923, 8.04, 1, 41.977, 41.977, 0.024, 0.135, 19.193, 19.47, 19.193, 19.47, 4.369, 7.377, 13.017, , , 1, 29.04, 0, 0, 14.5, 2.151, 187, 0, 0, 0, 56, 5.72, 5.65, 123.8, 39.225, 100, 0, 0, 30.902, 30.902, 6, 0.84, 98, 0, 0, 107, 42.007, 0, 0, 0, 0, 0, 13.9, 0, 14.5, 0, 2.151, 187, 0, 0, 0, 56, 1, 0.006, 0.006, 123.8, 39.225, 100, 0, 0, 141, 30.902, 30.902, 6, 0.84, 0, 98, 0, 0, 107, 42.007, 0, 0, 0, 0, 
29.05, 17.378, 100.33, 73.279, 74.092, , 2.966, 0.986, 1752.86, 1752.86, 2.158, 72.175, 72.175, 72.175, 51.676, 88.226, 34.599, 35.478, 7.377, 13.011, 0, 0, 7.991, 8.109, 7.991, 8.109, 1, 42.124, 42.124, 0.024, 0.135, 19.285, 19.563, 19.285, 19.563, 4.375, 7.377, 13.011, , , 1, 29.089, 0, 0, 14.5, 2.158, 187, 0, 0, 0, 56, 5.71, 5.65, 123.8, 39.078, 100, 0, 0, 31.005, 31.005, 6, 0.84, 98, 0, 0, 107.002, 42.254, 0, 0, 0, 0, 0, 13.9, 0, 14.5, 0, 2.158, 187, 0, 0, 0, 56, 1, 0.006, 0.006, 123.8, 39.078, 100, 0, 0, 141, 31.005, 31.005, 6, 0.84, 0, 98, 0, 0, 107.002, 42.254, 0, 0, 0, 0, 
29.1, 17.377, 100.33, 73.274, 74.093, , 2.965, 0.986, 1755.923, 1755.923, 2.17, 72.135, 72.135, 72.135, 51.683, 89.054, 34.635, 35.586, 7.377, 13.004, 0, 0, 8.015, 8.131, 8.015, 8.131, 1, 42.27, 42.27, 0.024, 0.135, 19.272, 19.549, 19.272, 19.549, 4.38, 7.377, 13.004, , , 1, 29.14, 0, 0, 14.5, 2.17, 187, 0, 0, 0, 56, 5.687, 5.631, 123.8, 39.001, 100, 0, 0, 31.265, 31.265, 6, 0.84, 98, 0, 0, 107.106, 42.448, 0, 0, 0, 0, 0, 13.911, 0, 14.5, 0, 2.17, 187, 0, 0, 0, 56, 1, 0.006, 0.006, 123.8, 39.001, 100, 0, 0, 141, 31.265, 31.265, 6, 0.84, 0, 98, 0, 0, 107.106, 42.448, 0, 0, 0, 0, 
29.15, 17.376, 100.33, 73.271, 74.094, , 2.946, 0.986, 1759.005, 1759.005, 2.182, 71.686, 71.686, 71.686, 51.691, 89.881, 34.671, 35.694, 7.377, 12.997, 0, 0, 7.993, 8.108, 7.993, 8.108, 1, 42.416, 42.416, 0.024, 0.135, 19.15, 19.424, 19.15, 19.424, 4.386, 7.377, 12.997, , , 1, 29.19, 0, 0, 14.5, 2.182, 187, 0, 0, 0, 56, 5.664, 5.612, 123.8, 38.924, 100, 0, 0, 31.524, 31.524, 6, 0.84, 98, 0, 0, 107.21, 42.642, 0, 0, 0, 0, 0, 13.921, 0, 14.5, 0, 2.182, 187, 0, 0, 0, 56, 1, 0.006, 0.006, 123.8, 38.924, 100, 0, 0, 141, 31.524, 31.524, 6, 0.84, 0, 98, 0, 0, 107.21, 42.642, 0, 0, 0, 0, 
29.2, 17.376, 100.33, 73.276, 74.094, , 2.888, 0.986, 1762.119, 1762.119, 2.194, 70.334, 70.334, 70.334, 51.7, 90.709, 34.7, 35.766, 7.377, 12.99, 0, 0, 7.87, 7.982, 7.87, 7.982, 1, 42.561, 42.561, 0.024, 0.135, 18.785, 19.054, 18.785, 19.054, 4.405, 7.377, 12.99, , , 1, 29.24, 0, 0, 14.5, 2.194, 187, 0, 0, 0, 56, 5.641, 5.594, 123.8, 38.847, 100, 0, 0, 31.783, 31.783, 6, 0.84, 98, 0, 0, 107.313, 42.836, 0, 0, 0, 0, 0, 13.931, 0, 14.5, 0, 2.194, 187, 0, 0, 0, 56, 1, 0.006, 0.006, 123.8, 38.847, 100, 0, 0, 141, 31.783, 31.783, 6, 0.84, 0, 98, 0, 0, 107.313, 42.836, 0, 0, 0, 0, 
29.25, 17.375, 100.33, 73.281, 74.095, , 2.898, 0.986, 1765.202, 1765.202, 2.206, 70.552, 70.552, 70.552, 51.71, 91.536, 34.7, 35.694, 7.377, 12.985, 0, 0, 7.921, 8.034, 7.921, 8.034, 1, 42.705, 42.705, 0.024, 0.135, 18.841, 19.11, 18.841, 19.11, 4.429, 7.377, 12.985, , , 1, 29.29, 0, 0, 14.5, 2.206, 187, 0, 0, 0, 56, 5.618, 5.575, 123.8, 38.77, 100, 0, 0, 32.043, 32.043, 6, 0.84, 98, 0, 0, 107.417, 43.03, 0, 0, 0, 0, 0, 13.942, 0, 14.5, 0, 2.206, 187, 0, 0, 0, 56, 1, 0.006, 0.006, 123.8, 38.77, 100, 0, 0, 141, 32.043, 32.043, 6, 0.84, 0, 98, 0, 0, 107.417, 43.03, 0, 0, 0, 0, 
29.3, 17.374, 100.33, 73.286, 74.096, , 2.914, 0.986, 1768.292, 1768.292, 2.217, 70.955, 70.955, 70.955, 51.715, 92.364, 34.7, 35.622, 7.377, 12.979, 0, 0, 7.994, 8.106, 7.994, 8.106, 1, 42.85, 42.85, 0.024, 0.136, 18.947, 19.216, 18.947, 19.216, 4.454, 7.377, 12.979, , , 1, 29.34, 0, 0, 14.5, 2.217, 187, 0, 0, 0, 56, 5.597, 5.558, 123.8, 38.702, 100, 0, 0, 32.271, 32.271, 6, 0.84, 97.99, 0, 0, 107.49, 43.211, 0, 0, 0, 0, 0, 13.952, 0, 14.5, 0, 2.217, 187, 0, 0, 0, 56, 1, 0.006, 0.006, 123.8, 38.702, 100, 0, 0, 141, 32.271, 32.271, 6, 0.84, 0, 97.99, 0, 0, 107.49, 43.211, 0, 0, 0, 0, 
29.35, 17.373, 100.33, 73.291, 74.097, , 2.876, 0.986, 1771.447, 1771.447, 2.225, 70.056, 70.056, 70.056, 51.721, 93.191, 34.7, 35.55, 7.377, 12.978, 0, 0, 7.919, 8.03, 7.919, 8.03, 1, 42.993, 42.993, 0.024, 0.136, 18.705, 18.971, 18.705, 18.971, 4.478, 7.377, 12.978, , , 1, 29.389, 0, 0, 14.5, 2.225, 187, 0, 0, 0, 56, 5.584, 5.55, 123.8, 38.663, 100, 0, 0, 32.376, 32.376, 6, 0.84, 97.937, 0, 0, 107.437, 43.342, 0, 0, 0, 0, 0, 13.963, 0, 14.5, 0, 2.225, 187, 0, 0, 0, 56, 1, 0.006, 0.006, 123.8, 38.663, 100, 0, 0, 141, 32.376, 32.376, 6, 0.84, 0, 97.937, 0, 0, 107.437, 43.342, 0, 0, 0, 0, 
29.4, 17.373, 100.33, 73.296, 74.097, , 2.863, 0.986, 1774.571, 1774.571, 2.232, 69.748, 69.748, 69.748, 51.727, 94.019, 34.7, 35.478, 7.377, 12.978, 0, 0, 7.911, 8.021, 7.911, 8.021, 1, 43.135, 43.135, 0.024, 0.136, 18.62, 18.885, 18.62, 18.885, 4.502, 7.377, 12.978, , , 1, 29.439, 0, 0, 14.5, 2.232, 187, 0, 0, 0, 56, 5.57, 5.542, 123.8, 38.624, 100, 0, 0, 32.48, 32.48, 6, 0.84, 97.885, 0, 0, 107.385, 43.473, 0, 0, 0, 0, 0, 13.973, 0, 14.5, 0, 2.232, 187, 0, 0, 0, 56, 1, 0.006, 0.006, 123.8, 38.624, 100, 0, 0, 141, 32.48, 32.48, 6, 0.84, 0, 97.885, 0, 0, 107.385, 43.473, 0, 0, 0, 0, 
29.45, 17.372, 100.33, 73.301, 74.098, , 2.862, 0.986, 1777.695, 1777.695, 2.24, 69.725, 69.725, 69.725, 51.732, 94.846, 34.729, 35.427, 7.377, 12.98, 0, 0, 7.935, 8.045, 7.935, 8.045, 1, 43.277, 43.277, 0.024, 0.136, 18.611, 18.876, 18.611, 18.876, 4.526, 7.377, 12.98, , , 1, 29.489, 0, 0, 14.5, 2.24, 187, 0, 0, 0, 56, 5.556, 5.533, 123.8, 38.586, 100, 0, 0, 32.585, 32.585, 6, 0.84, 97.833, 0, 0, 107.333, 43.603, 0, 0, 0, 0, 0, 13.983, 0, 14.5, 0, 2.24, 187, 0, 0, 0, 56, 1, 0.006, 0.006, 123.8, 38.586, 100, 0, 0, 141, 32.585, 32.585, 6, 0.84, 0, 97.833, 0, 0, 107.333, 43.603, 0, 0, 0, 0, 
29.5, 17.371, 100.33, 73.306, 74.099, , 2.871, 0.986, 1780.85, 1780.85, 2.247, 69.945, 69.945, 69.945, 51.737, 95.673, 34.873, 35.463, 7.377, 12.983, 0, 0, 7.985, 8.095, 7.985, 8.095, 1, 43.418, 43.418, 0.024, 0.136, 18.667, 18.934, 18.667, 18.934, 4.55, 7.377, 12.983, , , 1, 29.539, 0, 0, 14.5, 2.247, 187, 0, 0, 0, 56, 5.543, 5.525, 123.8, 38.547, 100, 0, 0, 32.689, 32.689, 6, 0.84, 97.78, 0, 0, 107.28, 43.734, 0, 0, 0, 0, 0, 13.994, 0, 14.5, 0, 2.247, 187, 0, 0, 0, 56, 1, 0.006, 0.006, 123.8, 38.547, 100, 0, 0, 141, 32.689, 32.689, 6, 0.84, 0, 97.78, 0, 0, 107.28, 43.734, 0, 0, 0, 0, 
29.55, 17.37, 100.33, 73.311, 74.1, , 2.839, 0.986, 1784.005, 1784.005, 2.253, 69.188, 69.188, 69.188, 51.74, 96.501, 35.017, 35.499, 7.377, 12.988, 0, 0, 7.925, 8.035, 7.925, 8.035, 1, 43.56, 43.56, 0.024, 0.136, 18.461, 18.728, 18.461, 18.728, 4.574, 7.377, 12.988, , , 1, 29.59, 0, 0, 14.5, 2.253, 187, 0, 0, 0, 56, 5.529, 5.516, 123.8, 38.508, 100, 0, 0, 32.773, 32.773, 6, 0.84, 97.727, 0, 0, 107.227, 43.838, 0, 0, 0, 0, 0, 14, 0, 14.5, 0, 2.253, 187, 0, 0, 0, 56, 1, 0.005, 0.005, 123.8, 38.508, 100, 0, 0, 141, 32.773, 32.773, 6, 0.84, 0, 97.727, 0, 0, 107.227, 43.838, 0, 0, 0, 0, 
29.6, 17.371, 100.33, 73.315, 74.099, , 2.811, 0.986, 1787.173, 1787.173, 2.257, 68.525, 68.525, 68.525, 51.747, 97.328, 35.161, 35.535, 7.378, 12.994, 0, 0, 7.874, 7.985, 7.874, 7.985, 1, 43.701, 43.701, 0.024, 0.137, 18.281, 18.546, 18.281, 18.546, 4.593, 7.378, 12.994, , , 1, 29.639, 0, 0, 14.5, 2.257, 187, 0, 0, 0, 56, 5.515, 5.508, 123.8, 38.468, 100, 0, 0, 32.827, 32.827, 6, 0.84, 97.673, 0, 0, 107.173, 43.906, 0, 0, 0, 0, 0, 14, 0, 14.5, 0, 2.257, 187, 0, 0, 0, 56, 1, 0.005, 0.005, 123.8, 38.468, 100, 0, 0, 141, 32.827, 32.827, 6, 0.84, 0, 97.673, 0, 0, 107.173, 43.906, 0, 0, 0, 0, 
29.65, 17.373, 100.33, 73.32, 74.099, , 2.823, 0.986, 1790.371, 1790.371, 2.261, 68.798, 68.798, 68.798, 51.754, 98.156, 35.305, 35.571, 7.378, 13.003, 0, 0, 7.93, 8.042, 7.93, 8.042, 1, 43.841, 43.841, 0.024, 0.137, 18.35, 18.617, 18.35, 18.617, 4.595, 7.378, 13.003, , , 1, 29.689, 0, 0, 14.5, 2.261, 187, 0, 0, 0, 56, 5.501, 5.499, 123.8, 38.428, 100, 0, 0, 32.882, 32.882, 6, 0.84, 97.618, 0, 0, 107.118, 43.973, 0, 0, 0, 0, 0, 14, 0, 14.5, 0, 2.261, 187, 0, 0, 0, 56, 1, 0.005, 0.005, 123.8, 38.428, 100, 0, 0, 141, 32.882, 32.882, 6, 0.84, 0, 97.618, 0, 0, 107.118, 43.973, 0, 0, 0, 0, 
29.7, 17.375, 100.33, 73.325, 74.098, , 2.82, 0.986, 1793.57, 1793.57, 2.265, 68.737, 68.737, 68.737, 51.761, 98.983, 35.377, 35.701, 7.379, 13.014, 0, 0, 7.948, 8.061, 7.948, 8.061, 1, 43.982, 43.982, 0.024, 0.137, 18.332, 18.598, 18.332, 18.598, 4.597, 7.379, 13.014, , , 1, 29.74, 0, 0, 14.5, 2.265, 187, 0, 0, 0, 56, 5.487, 5.49, 123.8, 38.387, 100, 0, 0, 32.936, 32.936, 6, 0.84, 97.564, 0, 0, 107.064, 44.04, 0, 0, 0, 0, 0, 14, 0, 14.5, 0, 2.265, 187, 0, 0, 0, 56, 1, 0.005, 0.005, 123.8, 38.387, 100, 0, 0, 141, 32.936, 32.936, 6, 0.84, 0, 97.564, 0, 0, 107.064, 44.04, 0, 0, 0, 0, 
29.75, 17.377, 100.33, 73.33, 74.097, , 2.804, 0.986, 1796.785, 1796.785, 2.268, 68.359, 68.359, 68.359, 51.769, 95.065, 35.161, 36.205, 7.38, 13.029, 0, 0, 7.93, 8.042, 7.93, 8.042, 1, 44.122, 44.122, 0.024, 0.137, 18.229, 18.493, 18.229, 18.493, 4.6, 7.38, 13.029, , , 1, 29.79, 0, 0, 14.5, 2.268, 187, 0, 0, 0, 56, 5.473, 5.482, 123.8, 38.347, 100, 0, 0, 32.99, 32.99, 6, 0.84, 97.51, 0, 0, 107.01, 44.108, 0, 0, 0, 0, 0, 14, 0, 14.5, 0, 2.268, 187, 0, 0, 0, 56, 1, 0.005, 0.005, 123.8, 38.347, 100, 0, 0, 141, 32.99, 32.99, 6, 0.84, 0, 97.51, 0, 0, 107.01, 44.108, 0, 0, 0, 0, 
29.8, 17.379, 100.33, 73.335, 74.096, , 2.77, 0.986, 1800.029, 1800.029, 2.275, 67.552, 67.552, 67.552, 51.776, 91.05, 34.945, 36.709, 7.382, 13.046, 0, 0, 7.861, 7.973, 7.861, 7.973, 1, 44.26, 44.26, 0.024, 0.137, 18.012, 18.273, 18.012, 18.273, 4.601, 7.382, 13.046, , , 1, 29.84, 0, 0, 14.5, 2.275, 187, 0, 0, 0, 56, 5.452, 5.47, 123.8, 38.22, 100, 0, 0, 33.082, 33.082, 6, 0.84, 97.418, 0, 0, 106.836, 44.222, 0, 0, 0, 0, 0, 14, 0, 14.5, 0, 2.275, 187, 0, 0, 0, 56, 1, 0.005, 0.005, 123.8, 38.22, 100, 0, 0, 141, 33.082, 33.082, 6, 0.84, 0, 97.418, 0, 0, 106.836, 44.222, 0, 0, 0, 0, 
29.85, 17.381, 100.33, 73.34, 74.096, , 2.693, 0.986, 1803.232, 1803.232, 2.283, 65.729, 65.729, 65.729, 51.78, 87.034, 34.729, 37.213, 7.382, 13.062, 0, 0, 7.669, 7.778, 7.669, 7.778, 1, 44.396, 44.396, 0.024, 0.136, 17.526, 17.778, 17.526, 17.778, 4.587, 7.382, 13.062, , , 1, 29.889, 0, 0, 14.5, 2.283, 187, 0, 0, 0, 56, 5.43, 5.458, 123.8, 38.074, 100, 0, 0, 33.182, 33.182, 6, 0.84, 97.318, 0, 0, 106.636, 44.346, 0, 0, 0, 0, 0, 14, 0, 14.5, 0, 2.283, 187, 0, 0, 0, 56, 1, 0.005, 0.005, 123.8, 38.074, 100, 0, 0, 141, 33.182, 33.182, 6, 0.84, 0, 97.318, 0, 0, 106.636, 44.346, 0, 0, 0, 0, 
29.9, 17.383, 100.33, 73.345, 74.095, , 2.626, 0.986, 1806.451, 1806.451, 2.29, 64.154, 64.154, 64.154, 51.782, 83.019, 34.513, 37.717, 7.382, 13.078, 0, 0, 7.507, 7.614, 7.507, 7.614, 1, 44.528, 44.528, 0.024, 0.136, 17.105, 17.351, 17.105, 17.351, 4.572, 7.382, 13.078, , , 1, 29.939, 0, 0, 14.5, 2.29, 187, 0, 0, 0, 56, 5.408, 5.446, 123.8, 37.928, 100, 0, 0, 33.282, 33.282, 6, 0.84, 97.218, 0, 0, 106.436, 44.47, 0, 0, 0, 0, 0, 14, 0, 14.5, 0, 2.29, 187, 0, 0, 0, 56, 1, 0.005, 0.005, 123.8, 37.928, 100, 0, 0, 141, 33.282, 33.282, 6, 0.84, 0, 97.218, 0, 0, 106.436, 44.47, 0, 0, 0, 0, 
29.95, 17.385, 100.33, 73.35, 74.094, , 2.577, 0.986, 1809.695, 1809.695, 2.298, 62.986, 62.986, 62.986, 51.78, 79.004, 34.389, 38.022, 7.382, 13.087, 0, 0, 7.394, 7.499, 7.394, 7.499, 1, 44.658, 44.658, 0.024, 0.136, 16.795, 17.037, 16.795, 17.037, 4.558, 7.382, 13.087, , , 1, 29.99, 0, 0, 14.5, 2.298, 187, 0, 0, 0, 56, 5.386, 5.434, 123.8, 37.782, 100, 0, 0, 33.382, 33.382, 6, 0.84, 97.118, 0, 0, 106.236, 44.594, 0, 0, 0, 0, 0, 14, 0, 14.5, 0, 2.298, 187, 0, 0, 0, 56, 1, 0.005, 0.005, 123.8, 37.782, 100, 0, 0, 141, 33.382, 33.382, 6, 0.84, 0, 97.118, 0, 0, 106.236, 44.594, 0, 0, 0, 0, 
30, 17.387, 100.33, 73.355, 74.093, , 2.553, 0.986, 1812.984, 1812.984, 2.306, 62.423, 62.423, 62.423, 51.774, 74.989, 34.635, 37.529, 7.382, 13.093, 0, 0, 7.35, 7.455, 7.35, 7.455, 1, 44.786, 44.786, 0.024, 0.136, 16.647, 16.887, 16.647, 16.887, 4.543, 7.382, 13.093, , , 1, 30.039, 0, 0, 14.5, 2.306, 187, 0, 0, 0, 56, 5.364, 5.422, 123.8, 37.636, 100, 0, 0, 33.482, 33.482, 6, 0.84, 97.018, 0, 0, 106.036, 44.718, 0, 0, 0, 0, 0, 14, 0, 14.5, 0, 2.306, 187, 0, 0, 0, 56, 1, 0.005, 0.005, 123.8, 37.636, 100, 0, 0, 141, 33.482, 33.482, 6, 0.84, 0, 97.018, 0, 0, 106.036, 44.718, 0, 0, 0, 0, 
30.05, 17.389, 100.33, 73.36, 74.093, , 2.535, 0.986, 1816.245, 1816.245, 2.312, 61.989, 61.989, 61.989, 51.761, 70.973, 34.881, 37.037, 7.381, 13.094, 0, 0, 7.32, 7.425, 7.32, 7.425, 1, 44.912, 44.912, 0.024, 0.136, 16.534, 16.772, 16.534, 16.772, 4.565, 7.381, 13.094, , , 1, 30.089, 0, 0, 14.5, 2.312, 187, 0, 0, 0, 56, 5.34, 5.398, 123.8, 37.552, 100, 0, 0, 33.5, 33.579, 6, 0.84, 96.842, 0, 0, 105.921, 44.838, 0, 0, 0, 0, 0, 14, 0, 14.5, 0, 2.312, 187, 0, 0, 0, 56, 1, 0.005, 0.005, 123.8, 37.552, 100, 0, 0, 141, 33.5, 33.579, 6, 0.84, 0, 96.842, 0, 0, 105.921, 44.838, 0, 0, 0, 0, 
30.1, 17.39, 100.33, 73.365, 74.092, , 2.527, 0.986, 1819.495, 1819.495, 2.318, 61.796, 61.796, 61.796, 51.752, 66.958, 35.128, 36.545, 7.38, 13.093, 0, 0, 7.317, 7.422, 7.317, 7.422, 1, 45.038, 45.038, 0.024, 0.135, 16.486, 16.722, 16.486, 16.722, 4.598, 7.38, 13.093, , , 1, 30.139, 0, 0, 14.5, 2.318, 187, 0, 0, 0, 56, 5.315, 5.371, 123.8, 37.48, 100, 0, 0, 33.5, 33.675, 6, 0.84, 96.65, 0, 0, 105.825, 44.957, 0, 0, 0, 0, 0, 14, 0, 14.5, 0, 2.318, 187, 0, 0, 0, 56, 1, 0.005, 0.005, 123.8, 37.48, 100, 0, 0, 141, 33.5, 33.675, 6, 0.84, 0, 96.65, 0, 0, 105.825, 44.957, 0, 0, 0, 0, 
30.15, 17.392, 100.33, 73.37, 74.091, , 2.552, 0.986, 1822.784, 1822.784, 2.324, 62.408, 62.408, 62.408, 51.746, 62.943, 35.374, 36.053, 7.379, 13.094, 0, 0, 7.409, 7.516, 7.409, 7.516, 1, 45.163, 45.163, 0.024, 0.135, 16.652, 16.889, 16.652, 16.889, 4.63, 7.379, 13.094, , , 1, 30.189, 0, 0, 14.5, 2.324, 187, 0, 0, 0, 56, 5.29, 5.344, 123.8, 37.409, 100, 0, 0, 33.5, 33.771, 6, 0.84, 96.458, 0, 0, 105.729, 45.076, 0, 0, 0, 0, 0, 14, 0, 14.5, 0, 2.324, 187, 0, 0, 0, 56, 1, 0.005, 0.005, 123.8, 37.409, 100, 0, 0, 141, 33.5, 33.771, 6, 0.84, 0, 96.458, 0, 0, 105.729, 45.076, 0, 0, 0, 0, 
30.2, 17.394, 100.33, 73.375, 74.09, , 2.501, 0.986, 1826.073, 1826.073, 2.33, 61.192, 61.192, 61.192, 51.743, 58.927, 35.594, 35.594, 7.378, 13.096, 0, 0, 7.283, 7.388, 7.283, 7.388, 1, 45.29, 45.29, 0.024, 0.135, 16.328, 16.56, 16.328, 16.56, 4.662, 7.378, 13.096, , , 1, 30.24, 0, 0, 14.5, 2.33, 187, 0, 0, 0, 56, 5.265, 5.317, 123.8, 37.338, 100, 0, 0, 33.5, 33.867, 6, 0.84, 96.265, 0, 0, 105.633, 45.195, 0, 0, 0, 0, 0, 14, 0, 14.5, 0, 2.33, 187, 0, 0, 0, 56, 1, 0.005, 0.005, 123.8, 37.338, 100, 0, 0, 141, 33.5, 33.867, 6, 0.84, 0, 96.265, 0, 0, 105.633, 45.195, 0, 0, 0, 0, 
30.25, 17.396, 100.33, 73.38, 74.09, , 2.386, 0.986, 1829.376, 1829.376, 2.336, 58.463, 58.463, 58.463, 51.75, 54.912, 35.52, 35.52, 7.378, 13.104, 0, 0, 6.976, 7.076, 6.976, 7.076, 1, 45.411, 45.411, 0.024, 0.135, 15.598, 15.82, 15.598, 15.82, 4.692, 7.378, 13.104, , , 1, 30.289, 0, 0, 14.5, 2.336, 187, 0, 0, 0, 56, 5.24, 5.29, 123.8, 37.267, 100, 0, 0, 33.5, 33.963, 6, 0.84, 96.073, 0, 0, 105.537, 45.315, 0, 0, 0, 0, 0, 14, 0, 14.5, 0, 2.336, 187, 0, 0, 0, 56, 1, 0.005, 0.005, 123.8, 37.267, 100, 0, 0, 141, 33.5, 33.963, 6, 0.84, 0, 96.073, 0, 0, 105.537, 45.315, 0, 0, 0, 0, 
30.3, 17.398, 100.33, 73.385, 74.089, , 2.199, 0.986, 1832.712, 1832.712, 2.342, 54.044, 54.044, 54.044, 51.769, 50.897, 35.447, 35.447, 7.378, 13.116, 0, 0, 6.463, 6.557, 6.463, 6.557, 1, 45.525, 45.525, 0.024, 0.135, 14.415, 14.621, 14.415, 14.621, 4.721, 7.378, 13.116, , , 1, 30.339, 0, 0.008, 14.5, 2.342, 187, 0, 0, 0, 55.881, 5.21, 5.25, 123.8, 37.108, 100, 0, 0, 33.5, 33.94, 6, 0.84, 95.94, 0, 0, 105.381, 45.434, 0, 0, 0, 0, 0, 14, 0.008, 14.5, 0, 2.342, 187, 0, 0, 0, 55.881, 1, 0.005, 0.005, 123.8, 37.108, 100, 0, 0, 141, 33.5, 33.94, 6, 0.84, 0, 95.94, 0, 0, 105.381, 45.434, 0, 0, 0, 0, 
30.35, 17.4, 100.33, 73.39, 74.088, , 2.05, 0.986, 1836.047, 1836.047, 2.349, 50.503, 50.503, 50.503, 51.797, 65.494, 35.373, 35.373, 7.378, 13.129, 0, 0, 6.054, 6.14, 6.054, 6.14, 1, 45.632, 45.632, 0.024, 0.135, 13.462, 13.658, 13.462, 13.658, 4.75, 7.378, 13.129, , , 1, 30.39, 0, 0.022, 14.5, 2.349, 187, 0, 0, 0, 55.688, 5.177, 5.202, 123.8, 36.894, 100, 0, 0, 33.5, 33.844, 6, 0.84, 95.844, 0, 0, 105.188, 45.553, 0, 0, 0, 0, 0, 14, 0.022, 14.5, 0, 2.349, 187, 0, 0, 0, 55.688, 1, 0.005, 0.005, 123.8, 36.894, 100, 0, 0, 141, 33.5, 33.844, 6, 0.84, 0, 95.844, 0, 0, 105.188, 45.553, 0, 0, 0, 0, 
30.4, 17.402, 100.33, 73.395, 74.087, , 1.896, 0.986, 1839.383, 1839.383, 2.356, 46.842, 46.842, 46.842, 51.829, 68.055, 35.299, 35.299, 7.379, 13.145, 0, 0, 5.628, 5.707, 5.628, 5.707, 1, 45.73, 45.73, 0.024, 0.135, 12.478, 12.661, 12.478, 12.661, 4.779, 7.379, 13.145, , , 1, 30.44, 0, 0.035, 14.5, 2.356, 187, 0, 0, 0, 55.496, 5.144, 5.154, 123.8, 36.681, 100, 0, 0, 33.5, 33.748, 6, 0.84, 95.748, 0, 0, 104.996, 45.672, 0, 0, 0, 0, 0, 14, 0.035, 14.5, 0, 2.356, 187, 0, 0, 0, 55.496, 1, 0.005, 0.005, 123.8, 36.681, 100, 0, 0, 141, 33.5, 33.748, 6, 0.84, 0, 95.748, 0, 0, 104.996, 45.672, 0, 0, 0, 0, 
30.45, 17.404, 100.33, 73.4, 74.086, , 1.736, 0.986, 1842.718, 1842.718, 2.363, 43.058, 43.058, 43.058, 51.866, 68.63, 35.24, 35.254, 7.379, 13.16, 0, 0, 5.185, 5.257, 5.185, 5.257, 1, 45.818, 45.818, 0.024, 0.135, 11.462, 11.63, 11.462, 11.63, 4.795, 7.379, 13.16, , , 1, 30.49, 0, 0.049, 14.5, 2.363, 187, 0, 0, 0, 55.304, 5.112, 5.106, 123.8, 36.467, 100, 0, 0, 33.5, 33.652, 6, 0.84, 95.652, 0, 0, 104.804, 45.792, 0, 0, 0, 0, 0, 14, 0.049, 14.5, 0, 2.363, 187, 0, 0, 0, 55.304, 1, 0.005, 0.005, 123.8, 36.467, 100, 0, 0, 141, 33.5, 33.652, 6, 0.84, 0, 95.652, 0, 0, 104.804, 45.792, 0, 0, 0, 0, 
30.5, 17.406, 100.33, 73.4, 74.086, , 1.595, 0.986, 1846.054, 1846.054, 2.37, 39.712, 39.712, 39.712, 51.906, 69.204, 35.24, 35.326, 7.38, 13.175, 0, 0, 4.79, 4.859, 4.79, 4.859, 1, 45.9, 45.9, 0.024, 0.135, 10.564, 10.718, 10.564, 10.718, 4.771, 7.38, 13.175, , , 1, 30.539, 0, 0.062, 14.5, 2.37, 187, 0, 0, 0, 55.112, 5.079, 5.058, 123.8, 36.254, 100, 0, 0, 33.5, 33.556, 6, 0.84, 95.556, 0, 0, 104.612, 45.911, 0, 0, 0, 0, 0, 14, 0.062, 14.5, 0, 2.37, 187, 0, 0, 0, 55.112, 1, 0.005, 0.005, 123.8, 36.254, 100, 0, 0, 141, 33.5, 33.556, 6, 0.84, 0, 95.556, 0, 0, 104.612, 45.911, 0, 0, 0, 0, 
30.55, 17.408, 100.33, 73.4, 74.085, , 1.497, 0.986, 1849.425, 1849.425, 2.376, 37.392, 37.392, 37.392, 51.948, 69.779, 35.24, 35.398, 7.38, 13.187, 0, 0, 4.518, 4.583, 4.518, 4.583, 1, 45.976, 45.976, 0.024, 0.135, 9.939, 10.084, 9.939, 10.084, 4.748, 7.38, 13.187, , , 1, 30.589, 0, 0.064, 14.5, 2.376, 187, 0, 0, 0, 54.916, 5.019, 4.991, 123.8, 35.913, 100, 0, 0, 33.29, 33.29, 5.916, 0.835, 95.5, 0, 0, 104.458, 46.032, 0, 0, 0, 0, 0, 14, 0.064, 14.5, 0, 2.376, 187, 0, 0, 0, 54.916, 1, 0.005, 0.005, 123.8, 35.913, 100, 0, 0, 141, 33.29, 33.29, 5.916, 0.835, 0, 95.5, 0, 0, 104.458, 46.032, 0, 0, 0, 0, 
30.6, 17.409, 100.33, 73.4, 74.084, , 1.421, 0.986, 1852.792, 1852.792, 2.382, 35.576, 35.576, 35.576, 51.983, 70.353, 35.24, 35.47, 7.379, 13.198, 0, 0, 4.306, 4.368, 4.306, 4.368, 1, 46.049, 46.049, 0.024, 0.135, 9.45, 9.588, 9.45, 9.588, 4.724, 7.379, 13.198, , , 1, 30.639, 0, 0.05, 14.5, 2.382, 187, 0, 0, 0, 54.716, 4.921, 4.899, 123.8, 35.397, 100, 0, 0, 32.79, 32.79, 5.716, 0.823, 95.5, 0, 0, 104.358, 46.156, 0, 0, 0, 0, 0, 14, 0.05, 14.5, 0, 2.382, 187, 0, 0, 0, 54.716, 1, 0.005, 0.005, 123.8, 35.397, 100, 0, 0, 141, 32.79, 32.79, 5.716, 0.823, 0, 95.5, 0, 0, 104.358, 46.156, 0, 0, 0, 0, 
30.65, 17.411, 100.33, 73.4, 74.083, , 1.352, 0.986, 1856.128, 1856.128, 2.388, 33.959, 33.959, 33.959, 52.01, 70.928, 35.24, 35.542, 7.379, 13.204, 0, 0, 4.116, 4.176, 4.116, 4.176, 1, 46.118, 46.118, 0.024, 0.135, 9.016, 9.146, 9.016, 9.146, 4.701, 7.379, 13.204, , , 1, 30.689, 0, 0.036, 14.5, 2.388, 187, 0, 0, 0, 54.516, 4.823, 4.807, 123.8, 34.881, 100, 0, 0, 32.29, 32.29, 5.516, 0.811, 95.5, 0, 0, 104.258, 46.28, 0, 0, 0, 0, 0, 14, 0.036, 14.5, 0, 2.388, 187, 0, 0, 0, 54.516, 1, 0.005, 0.005, 123.8, 34.881, 100, 0, 0, 141, 32.29, 32.29, 5.516, 0.811, 0, 95.5, 0, 0, 104.258, 46.28, 0, 0, 0, 0, 
30.7, 17.413, 100.33, 73.4, 74.083, , 1.311, 0.986, 1859.509, 1859.509, 2.394, 32.984, 32.984, 32.984, 52.031, 71.502, 35.233, 35.607, 7.378, 13.207, 0, 0, 4.003, 4.063, 4.003, 4.063, 1, 46.184, 46.184, 0.024, 0.135, 8.753, 8.882, 8.753, 8.882, 4.701, 7.378, 13.207, , , 1, 30.739, 0, 0.022, 14.5, 2.394, 187, 0, 0, 0, 54.316, 4.725, 4.715, 123.8, 34.365, 100, 0, 0, 31.79, 31.79, 5.316, 0.799, 95.5, 0, 0, 104.158, 46.404, 0, 0, 0, 0, 0, 14, 0.022, 14.5, 0, 2.394, 187, 0, 0, 0, 54.316, 1, 0.005, 0.005, 123.8, 34.365, 100, 0, 0, 141, 31.79, 31.79, 5.316, 0.799, 0, 95.5, 0, 0, 104.158, 46.404, 0, 0, 0, 0, 
30.75, 17.415, 100.33, 73.4, 74.082, , 1.29, 0.986, 1862.893, 1862.893, 2.4, 32.483, 32.483, 32.483, 52.043, 72.076, 35.197, 35.643, 7.378, 13.202, 0, 0, 3.948, 4.007, 3.948, 4.007, 1, 46.248, 46.248, 0.024, 0.135, 8.618, 8.746, 8.618, 8.746, 4.702, 7.378, 13.202, , , 1, 30.789, 0, 0.008, 14.5, 2.4, 187, 0, 0, 0, 54.116, 4.627, 4.623, 123.8, 33.849, 100, 0, 0, 31.29, 31.29, 5.116, 0.787, 95.5, 0, 0, 104.058, 46.528, 0, 0, 0, 0, 0, 14, 0.008, 14.5, 0, 2.4, 187, 0, 0, 0, 54.116, 1, 0.005, 0.005, 123.8, 33.849, 100, 0, 0, 141, 31.29, 31.29, 5.116, 0.787, 0, 95.5, 0, 0, 104.058, 46.528, 0, 0, 0, 0, 
30.8, 17.417, 100.33, 73.4, 74.081, , 1.286, 0.986, 1866.277, 1866.277, 2.404, 32.389, 32.389, 32.389, 52.042, 72.651, 35.161, 35.679, 7.378, 13.19, 0, 0, 3.943, 4.001, 3.943, 4.001, 1, 46.312, 46.312, 0.024, 0.135, 8.592, 8.72, 8.592, 8.72, 4.703, 7.378, 13.19, , , 1, 30.84, 0, 0, 14.5, 2.404, 187, 0, 0, 0, 54, 4.566, 4.567, 123.8, 33.488, 100, 0, 0, 31.042, 31, 5, 0.78, 95.5, 0, 0, 104, 46.6, 0, 0, 0, 0, 0, 14, 0, 14.5, 0, 2.404, 187, 0, 0, 0, 54, 1, 0.005, 0.005, 123.8, 33.488, 100, 0, 0, 141, 31.042, 31, 5, 0.78, 0, 95.5, 0, 0, 104, 46.6, 0, 0, 0, 0, 
30.85, 17.419, 100.33, 73.4, 74.08, , 1.295, 0.986, 1869.661, 1869.661, 2.407, 32.59, 32.59, 32.59, 52.039, 73.225, 35.125, 35.715, 7.378, 13.167, 0, 0, 3.972, 4.031, 3.972, 4.031, 1, 46.377, 46.377, 0.024, 0.135, 8.647, 8.774, 8.647, 8.774, 4.704, 7.378, 13.167, , , 1, 30.889, 0, 0, 14.5, 2.407, 187, 0, 0, 0, 54, 4.556, 4.559, 123.8, 33.34, 100, 0, 0, 31.142, 31, 5, 0.78, 95.5, 0, 0, 104, 46.6, 0, 0, 0, 0, 0, 14, 0, 14.5, 0, 2.407, 187, 0, 0, 0, 54, 1, 0.005, 0.005, 123.8, 33.34, 100, 0, 0, 141, 31.142, 31, 5, 0.78, 0, 95.5, 0, 0, 104, 46.6, 0, 0, 0, 0, 
30.9, 17.42, 100.33, 73.4, 74.081, , 1.316, 0.986, 1873.045, 1873.045, 2.41, 33.091, 33.091, 33.091, 52.038, 73.8, 35.089, 35.751, 7.379, 13.133, 0, 0, 4.038, 4.1, 4.038, 4.1, 1, 46.443, 46.443, 0.024, 0.135, 8.779, 8.908, 8.779, 8.908, 4.722, 7.379, 13.133, , , 1, 30.939, 0, 0, 14.5, 2.41, 187, 0, 0, 0, 54, 4.546, 4.551, 123.8, 33.192, 100, 0, 0, 31.242, 31, 5, 0.78, 95.5, 0, 0, 104, 46.6, 0, 0, 0, 0, 0, 14, 0, 14.5, 0, 2.41, 187, 0, 0, 0, 54, 1, 0.005, 0.005, 123.8, 33.192, 100, 0, 0, 141, 31.242, 31, 5, 0.78, 0, 95.5, 0, 0, 104, 46.6, 0, 0, 0, 0, 
30.95, 17.42, 100.33, 73.4, 74.082, , 1.341, 0.986, 1876.429, 1876.429, 2.413, 33.684, 33.684, 33.684, 52.044, 74.374, 35.074, 35.852, 7.379, 13.09, 0, 0, 4.117, 4.18, 4.117, 4.18, 1, 46.51, 46.51, 0.024, 0.135, 8.936, 9.067, 8.936, 9.067, 4.741, 7.379, 13.09, , , 1, 30.989, 0, 0, 14.5, 2.413, 187, 0, 0, 0, 54, 4.536, 4.543, 123.8, 33.044, 100, 0, 0, 31.342, 31, 5, 0.78, 95.5, 0, 0, 104, 46.6, 0, 0, 0, 0, 0, 14, 0, 14.5, 0, 2.413, 187, 0, 0, 0, 54, 1, 0.005, 0.005, 123.8, 33.044, 100, 0, 0, 141, 31.342, 31, 5, 0.78, 0, 95.5, 0, 0, 104, 46.6, 0, 0, 0, 0, 
31, 17.42, 100.33, 73.4, 74.084, , 1.365, 0.986, 1879.815, 1879.815, 2.416, 34.265, 34.265, 34.265, 52.052, 74.948, 35.146, 36.212, 7.38, 13.038, 0, 0, 4.194, 4.259, 4.194, 4.259, 1, 46.578, 46.578, 0.024, 0.135, 9.089, 9.222, 9.089, 9.222, 4.76, 7.38, 13.038, , , 1, 31.04, 0, 0, 14.5, 2.416, 187, 0, 0, 0, 54, 4.526, 4.535, 123.8, 32.896, 100, 0, 0, 31.442, 31, 5, 0.78, 95.5, 0, 0, 104, 46.6, 0, 0, 0, 0, 0, 14, 0, 14.5, 0, 2.416, 187, 0, 0, 0, 54, 1, 0.005, 0.005, 123.8, 32.896, 100, 0, 0, 141, 31.442, 31, 5, 0.78, 0, 95.5, 0, 0, 104, 46.6, 0, 0, 0, 0, 
31.05, 17.42, 100.33, 73.4, 74.085, , 1.352, 0.986, 1883.249, 1883.249, 2.42, 33.952, 33.952, 33.952, 52.063, 75.523, 35.218, 36.572, 7.38, 12.983, 0, 0, 4.161, 4.226, 4.161, 4.226, 1, 46.647, 46.647, 0.024, 0.135, 9.003, 9.135, 9.003, 9.135, 4.779, 7.38, 12.983, , , 1, 31.089, 0, 0, 14.5, 2.42, 187.174, 0, 0, 0, 54, 4.516, 4.523, 123.8, 32.746, 100, 0, 0, 31.457, 31, 5, 0.78, 95.457, 0, 0, 103.957, 46.654, 0, 0, 0, 0, 0, 14, 0, 14.5, 0, 2.42, 187.174, 0, 0, 0, 54, 1, 0.005, 0.005, 123.8, 32.746, 100, 0, 0, 141, 31.457, 31, 5, 0.78, 0, 95.457, 0, 0, 103.957, 46.654, 0, 0, 0, 0, 
31.1, 17.42, 100.33, 73.4, 74.087, , 1.346, 0.986, 1886.683, 1886.683, 2.424, 33.829, 33.829, 33.829, 52.078, 76.097, 35.29, 36.932, 7.379, 12.923, 0, 0, 4.151, 4.216, 4.151, 4.216, 1, 46.715, 46.715, 0.024, 0.135, 8.968, 9.1, 8.968, 9.1, 4.795, 7.379, 12.923, , , 1, 31.139, 0, 0, 14.5, 2.424, 187.587, 0, 0, 0, 54, 4.505, 4.507, 123.8, 32.593, 100, 0, 0, 31.353, 31, 5, 0.78, 95.353, 0, 0, 103.853, 46.782, 0, 0, 0, 0, 0, 14, 0, 14.5, 0, 2.424, 187.587, 0, 0, 0, 54, 1, 0.005, 0.005, 123.8, 32.593, 100, 0, 0, 141, 31.353, 31, 5, 0.78, 0, 95.353, 0, 0, 103.853, 46.782, 0, 0, 0, 0, 
31.15, 17.42, 100.33, 73.4, 74.088, , 1.314, 0.986, 1890.101, 1890.101, 2.428, 33.07, 33.07, 33.07, 52.085, 76.672, 35.362, 37.292, 7.379, 12.872, 0, 0, 4.064, 4.127, 4.064, 4.127, 1, 46.782, 46.782, 0.024, 0.135, 8.765, 8.895, 8.765, 8.895, 4.811, 7.379, 12.872, , , 1, 31.19, 0, 0, 14.5, 2.428, 188, 0, 0, 0, 54, 4.495, 4.49, 123.8, 32.44, 100, 0, 0, 31.25, 31, 5, 0.78, 95.25, 0, 0, 103.75, 46.91, 0, 0, 0, 0, 0, 14, 0, 14.5, 0, 2.428, 188, 0, 0, 0, 54, 1, 0.005, 0.005, 123.8, 32.44, 100, 0, 0, 141, 31.25, 31, 5, 0.78, 0, 95.25, 0, 0, 103.75, 46.91, 0, 0, 0, 0, 
31.2, 17.42, 100.33, 73.4, 74.09, , 1.218, 0.986, 1893.484, 1893.484, 2.433, 30.773, 30.773, 30.773, 52.091, 77.246, 35.42, 37.465, 7.378, 12.834, 0, 0, 3.787, 3.844, 3.787, 3.844, 1, 46.845, 46.845, 0.024, 0.135, 8.154, 8.277, 8.154, 8.277, 4.826, 7.378, 12.834, , , 1, 31.239, 0, 0, 14.5, 2.433, 188.413, 0, 0, 0, 54, 4.485, 4.473, 123.8, 32.287, 100, 0, 0, 31.147, 31, 5, 0.78, 95.147, 0, 0, 103.647, 47.038, 0, 0, 0, 0, 0, 14, 0, 14.5, 0, 2.433, 188.413, 0, 0, 0, 54, 1, 0.004, 0.004, 123.8, 32.287, 100, 0, 0, 141, 31.147, 31, 5, 0.78, 0, 95.147, 0, 0, 103.647, 47.038, 0, 0, 0, 0, 
31.25, 17.42, 100.33, 73.4, 74.091, , 1.106, 0.986, 1896.915, 1896.915, 2.437, 28.129, 28.129, 28.129, 52.097, 77.821, 35.42, 36.889, 7.378, 12.804, 0, 0, 3.466, 3.518, 3.466, 3.518, 1, 46.903, 46.903, 0.024, 0.135, 7.452, 7.564, 7.452, 7.564, 4.841, 7.378, 12.804, , , 1, 31.29, 0, 0, 14.5, 2.437, 188.826, 0, 0, 0, 54, 4.474, 4.457, 123.8, 32.134, 100, 0, 0, 31.043, 31, 5, 0.78, 95.043, 0, 0, 103.543, 47.166, 0, 0, 0, 0, 0, 14, 0, 14.5, 0, 2.437, 188.826, 0, 0, 0, 54, 1, 0.004, 0.004, 123.8, 32.134, 100, 0, 0, 141, 31.043, 31, 5, 0.78, 0, 95.043, 0, 0, 103.543, 47.166, 0, 0, 0, 0, 
31.3, 17.42, 100.33, 73.4, 74.093, , 1.009, 0.986, 1900.349, 1900.349, 2.441, 25.832, 25.832, 25.832, 52.104, 78.395, 35.42, 36.313, 7.377, 12.789, 0, 0, 3.187, 3.235, 3.187, 3.235, 1, 46.955, 46.955, 0.024, 0.135, 6.843, 6.945, 6.843, 6.945, 4.849, 7.377, 12.789, , , 1, 31.339, 0, 0, 14.5, 2.441, 189, 0, 0, 0, 54, 4.461, 4.45, 123.8, 32.028, 100, 0, 0, 31, 31, 5, 0.78, 94.944, 0, 0, 103.444, 47.22, 0, 0, 0, 0, 0, 14, 0, 14.5, 0, 2.441, 189, 0, 0, 0, 54, 1, 0.004, 0.004, 123.8, 32.028, 100, 0, 0, 141, 31, 31, 5, 0.78, 0, 94.944, 0, 0, 103.444, 47.22, 0, 0, 0, 0, 
31.35, 17.42, 100.33, 73.4, 74.094, , 0.908, 0.986, 1903.782, 1903.782, 2.444, 23.425, 23.425, 23.425, 52.115, 78.969, 35.42, 35.737, 7.377, 12.781, 0, 0, 2.894, 2.937, 2.894, 2.937, 1, 47.003, 47.003, 0.024, 0.135, 6.204, 6.296, 6.204, 6.296, 4.849, 7.377, 12.781, , , 1, 31.389, 0, 0, 14.5, 2.444, 189, 0, 0, 0, 54, 4.446, 4.45, 123.8, 31.957, 100, 0, 0, 31, 31, 5, 0.78, 94.847, 0, 0, 103.347, 47.22, 0, 0, 0, 0, 0, 14, 0, 14.5, 0, 2.444, 189, 0, 0, 0, 54, 1, 0.004, 0.004, 123.8, 31.957, 100, 0, 0, 141, 31, 31, 5, 0.78, 0, 94.847, 0, 0, 103.347, 47.22, 0, 0, 0, 0, 
31.4, 17.42, 100.33, 73.4, 74.096, , 0.75, 0.986, 1907.216, 1907.216, 2.447, 19.686, 19.686, 19.686, 52.133, 79.544, 35.42, 35.161, 7.377, 12.787, 0, 0, 2.434, 2.47, 2.434, 2.47, 1, 47.044, 47.044, 0.024, 0.134, 5.211, 5.291, 5.211, 5.291, 4.848, 7.377, 12.787, , , 1, 31.439, 0, 0, 14.5, 2.447, 189, 0, 0, 0, 54, 4.43, 4.45, 123.8, 31.885, 100, 0, 0, 31, 31, 5, 0.78, 94.75, 0, 0, 103.25, 47.22, 0, 0, 0, 0, 0, 14, 0, 14.5, 0, 2.447, 189, 0, 0, 0, 54, 1, 0.004, 0.004, 123.8, 31.885, 100, 0, 0, 141, 31, 31, 5, 0.78, 0, 94.75, 0, 0, 103.25, 47.22, 0, 0, 0, 0, 
31.45, 17.42, 100.33, 73.4, 74.098, , 0.656, 0.986, 1910.65, 1910.65, 2.449, 17.458, 17.458, 17.458, 52.159, 80.118, 35.377, 34.743, 7.377, 12.793, 0, 0, 2.16, 2.193, 2.16, 2.193, 1, 47.078, 47.078, 0.024, 0.134, 4.62, 4.69, 4.62, 4.69, 4.847, 7.377, 12.793, , , 1, 31.489, 0, 0, 14.5, 2.449, 189, 0, 0, 0, 54, 4.414, 4.45, 123.8, 31.813, 100, 0, 0, 31, 31, 5, 0.78, 94.653, 0, 0, 103.153, 47.22, 0, 0, 0, 0, 0, 14, 0, 14.5, 0, 2.449, 189, 0, 0, 0, 54, 1, 0.004, 0.004, 123.8, 31.813, 100, 0, 0, 141, 31, 31, 5, 0.78, 0, 94.653, 0, 0, 103.153, 47.22, 0, 0, 0, 0, 
31.5, 17.42, 100.33, 73.4, 74.099, , 0.524, 0.986, 1914.11, 1914.11, 2.452, 14.327, 14.327, 14.327, 52.192, 80.693, 35.161, 34.959, 7.377, 12.799, 0, 0, 1.773, 1.801, 1.773, 1.801, 1, 47.11, 47.11, 0.024, 0.134, 3.791, 3.848, 3.791, 3.848, 4.845, 7.377, 12.799, , , 1, 31.54, 0, 0, 14.5, 2.452, 189, 0, 0, 0, 54, 4.399, 4.45, 123.8, 31.742, 100, 0, 0, 31, 31, 5, 0.78, 94.556, 0, 0, 103.056, 47.22, 0, 0, 0, 0, 0, 14, 0, 14.5, 0, 2.452, 189, 0, 0, 0, 54, 1, 0.004, 0.004, 123.8, 31.742, 100, 0, 0, 141, 31, 31, 5, 0.78, 0, 94.556, 0, 0, 103.056, 47.22, 0, 0, 0, 0, 
31.55, 17.42, 100.33, 73.4, 74.101, , 0.337, 0.986, 1917.588, 1917.588, 2.455, 9.887, 9.887, 9.887, 52.238, 81.267, 34.945, 35.175, 7.377, 12.806, 0, 0, 1.223, 1.244, 1.223, 1.244, 1, 47.13, 47.13, 0.024, 0.134, 2.617, 2.657, 2.617, 2.657, 4.834, 7.377, 12.806, , , 1, 31.59, 0, 0, 14.5, 2.455, 188.919, 0, 0, 0, 53.919, 4.387, 4.435, 123.8, 31.7, 100, 0, 0, 31.02, 31.02, 5, 0.78, 94.419, 0, 0, 102.879, 47.245, 0, 0, 0, 0, 0, 14, 0, 14.5, 0, 2.455, 188.919, 0, 0, 0, 53.919, 1, 0.004, 0.004, 123.8, 31.7, 100, 0, 0, 141, 31.02, 31.02, 5, 0.78, 0, 94.419, 0, 0, 102.879, 47.245, 0, 0, 0, 0, 
31.6, 17.42, 100.33, 73.4, 74.102, , 0.115, 0.986, 1921.022, 1921.022, 2.458, 4.619, 4.619, 4.619, 52.285, 81.841, 34.729, 35.391, 7.377, 12.815, 0, 0, 0.571, 0.582, 0.571, 0.582, 1, 47.142, 47.142, 0.024, 0.134, 1.224, 1.245, 1.224, 1.245, 4.823, 7.377, 12.815, , , 1, 31.64, 0, 0, 14.5, 2.458, 188.727, 0, 0, 0, 53.727, 4.379, 4.399, 123.8, 31.7, 100, 0, 0, 31.068, 31.068, 5, 0.78, 94.227, 0, 0, 102.59, 47.306, 0, 0, 0, 0, 0, 14, 0, 14.5, 0, 2.458, 188.727, 0, 0, 0, 53.727, 1, 0.004, 0.004, 123.8, 31.7, 100, 0, 0, 141, 31.068, 31.068, 5, 0.78, 0, 94.227, 0, 0, 102.59, 47.306, 0, 0, 0, 0, 
31.65, 17.42, 100.33, 73.4, 74.104, , -0.131, 0.986, 1924.456, 1924.456, 2.461, -1.209, -1.209, -1.209, 52.33, 82.416, 34.513, 35.607, 7.377, 12.825, 0, 0, -0.151, -0.15, -0.151, -0.15, 1, 47.143, 47.143, 0.024, 0.134, -0.314, -0.315, -0.314, -0.315, 4.812, 7.377, 12.825, , , 1, 31.69, 0, 0, 14.5, 2.461, 188.535, 0, 0, 0, 53.535, 4.371, 4.364, 123.8, 31.7, 100, 0, 0, 31.116, 31.116, 5, 0.78, 94.035, 0, 0, 102.302, 47.367, 0, 0, 0, 0, 0, 14, 0, 14.5, 0, 2.461, 188.535, 0, 0, 0, 53.535, 1, 0.004, 0.004, 123.8, 31.7, 100, 0, 0, 141, 31.116, 31.116, 5, 0.78, 0, 94.035, 0, 0, 102.302, 47.367, 0, 0, 0, 0, 
31.7, 17.42, 100.33, 73.4, 74.105, , -0.369, 0.986, 1927.912, 1927.912, 2.464, -6.859, -6.859, -6.859, 52.375, 82.99, 34.398, 35.766, 7.377, 12.841, 0, 0, -0.851, -0.86, -0.851, -0.86, 1, 47.13, 47.13, 0.024, 0.134, -1.804, -1.828, -1.804, -1.828, 4.802, 7.377, 12.841, , , 1, 31.74, 0, 0, 14.5, 2.464, 188.342, 0, 0, 0, 53.342, 4.364, 4.328, 123.8, 31.7, 100, 0, 0, 31.164, 31.164, 5, 0.78, 93.842, 0, 0, 102.013, 47.427, 0, 0, 0, 0, 0, 14, 0, 14.5, 0, 2.464, 188.342, 0, 0, 0, 53.342, 1, 0.004, 0.004, 123.8, 31.7, 100, 0, 0, 141, 31.164, 31.164, 5, 0.78, 0, 93.842, 0, 0, 102.013, 47.427, 0, 0, 0, 0, 
31.75, 17.42, 100.33, 73.4, 74.107, , -0.584, 0.986, 1931.392, 1931.392, 2.467, -11.967, -11.967, -11.967, 52.415, 83.565, 34.686, 35.694, 7.377, 12.859, 0, 0, -1.482, -1.501, -1.482, -1.501, 1, 47.105, 47.105, 0.024, 0.135, -3.151, -3.195, -3.151, -3.195, 4.794, 7.377, 12.859, , , 1, 31.789, 0, 0, 14.5, 2.467, 188.15, 0, 0, 0, 53.15, 4.356, 4.293, 123.8, 31.7, 100, 0, 0, 31.212, 31.212, 5, 0.78, 93.65, 0, 0, 101.725, 47.488, 0, 0, 0, 0, 0, 14, 0, 14.5, 0, 2.467, 188.15, 0, 0, 0, 53.15, 1, 0.004, 0.004, 123.8, 31.7, 100, 0, 0, 141, 31.212, 31.212, 5, 0.78, 0, 93.65, 0, 0, 101.725, 47.488, 0, 0, 0, 0, 
31.8, 17.42, 100.33, 73.4, 74.108, , -0.746, 0.986, 1934.826, 1934.826, 2.469, -15.815, -15.815, -15.815, 52.448, 84.139, 34.974, 35.622, 7.377, 12.886, 0, 0, -1.957, -1.982, -1.957, -1.982, 1, 47.071, 47.071, 0.024, 0.135, -4.162, -4.221, -4.162, -4.221, 4.785, 7.377, 12.886, , , 1, 31.84, 0, 0, 14.5, 2.469, 188.046, 0, 0, 0, 53, 4.349, 4.267, 123.8, 31.708, 100, 0, 0, 31.25, 31.25, 5, 0.78, 93.5, 0, 0, 101.511, 47.521, 0, 0, 0, 0, 0, 14, 0, 14.5, 0, 2.469, 188.046, 0, 0, 0, 53, 1, 0.004, 0.004, 123.8, 31.708, 100, 0, 0, 141, 31.25, 31.25, 5, 0.78, 0, 93.5, 0, 0, 101.511, 47.521, 0, 0, 0, 0, 
31.85, 17.42, 100.33, 73.4, 74.11, , -0.873, 0.986, 1938.298, 1938.298, 2.467, -18.821, -18.821, -18.821, 52.474, 84.713, 35.262, 35.55, 7.377, 12.913, 0, 0, -2.327, -2.359, -2.327, -2.359, 1, 47.031, 47.031, 0.024, 0.135, -4.951, -5.022, -4.951, -5.022, 4.777, 7.377, 12.913, , , 1, 31.89, 0, 0, 14.5, 2.467, 188.254, 0, 0, 0, 53, 4.344, 4.275, 123.8, 31.747, 100, 0, 0, 31.25, 31.25, 5, 0.777, 93.5, 0, 0, 101.564, 47.455, 0, 0, 0, 0, 0, 14, 0, 14.5, 0, 2.467, 188.254, 0, 0, 0, 53, 1, 0.004, 0.004, 123.8, 31.747, 100, 0, 0, 141, 31.25, 31.25, 5, 0.777, 0, 93.5, 0, 0, 101.564, 47.455, 0, 0, 0, 0, 
31.9, 17.42, 100.33, 73.4, 74.111, , -0.944, 0.986, 1941.762, 1941.762, 2.465, -20.498, -20.498, -20.498, 52.494, 85.288, 35.55, 35.478, 7.377, 12.943, 0, 0, -2.533, -2.568, -2.533, -2.568, 1, 46.983, 46.983, 0.024, 0.135, -5.39, -5.468, -5.39, -5.468, 4.769, 7.377, 12.943, , , 1, 31.939, 0, 0, 14.5, 2.465, 188.462, 0, 0, 0, 53, 4.338, 4.284, 123.8, 31.786, 100, 0, 0, 31.25, 31.25, 5, 0.775, 93.5, 0, 0, 101.616, 47.389, 0, 0, 0, 0, 0, 14, 0, 14.5, 0, 2.465, 188.462, 0, 0, 0, 53, 1, 0.004, 0.004, 123.8, 31.786, 100, 0, 0, 141, 31.25, 31.25, 5, 0.775, 0, 93.5, 0, 0, 101.616, 47.389, 0, 0, 0, 0, 
31.95, 17.42, 100.33, 73.4, 74.113, , -0.953, 0.986, 1945.196, 1945.196, 2.463, -20.714, -20.714, -20.714, 52.507, 85.862, 35.758, 35.42, 7.377, 12.971, 0, 0, -2.557, -2.592, -2.557, -2.592, 1, 46.936, 46.936, 0.024, 0.135, -5.445, -5.523, -5.445, -5.523, 4.773, 7.377, 12.971, , , 1, 31.99, 0, 0, 14.5, 2.463, 188.671, 0, 0, 0, 53, 4.333, 4.292, 123.8, 31.824, 100, 0, 0, 31.25, 31.25, 5, 0.773, 93.5, 0, 0, 101.668, 47.324, 0, 0, 0, 0, 0, 14, 0, 14.5, 0, 2.463, 188.671, 0, 0, 0, 53, 1, 0.004, 0.004, 123.8, 31.824, 100, 0, 0, 141, 31.25, 31.25, 5, 0.773, 0, 93.5, 0, 0, 101.668, 47.324, 0, 0, 0, 0, 
32, 17.42, 100.33, 73.4, 74.114, , -1.054, 0.986, 1948.63, 1948.63, 2.461, -23.12, -23.12, -23.12, 52.514, 86.437, 35.65, 35.42, 7.377, 12.993, 0, 0, -2.849, -2.89, -2.849, -2.89, 1, 46.886, 46.886, 0.024, 0.135, -6.078, -6.163, -6.078, -6.163, 4.782, 7.377, 12.993, , , 1, 32.04, 0, 0, 14.5, 2.461, 188.879, 0, 0, 0, 53, 4.328, 4.3, 123.8, 31.863, 100, 0, 0, 31.25, 31.25, 5, 0.771, 93.5, 0, 0, 101.72, 47.258, 0, 0, 0, 0, 0, 14, 0, 14.5, 0, 2.461, 188.879, 0, 0, 0, 53, 1, 0.004, 0.004, 123.8, 31.863, 100, 0, 0, 141, 31.25, 31.25, 5, 0.771, 0, 93.5, 0, 0, 101.72, 47.258, 0, 0, 0, 0, 
32.05, 17.42, 100.33, 73.4, 74.116, , -1.143, 0.986, 1952.063, 1952.063, 2.459, -25.235, -25.235, -25.235, 52.518, 87.011, 35.542, 35.42, 7.377, 13.01, 0, 0, -3.105, -3.15, -3.105, -3.15, 1, 46.832, 46.832, 0.024, 0.135, -6.634, -6.726, -6.634, -6.726, 4.791, 7.377, 13.01, , , 1, 32.089, 0, 0, 14.5, 2.459, 189, 0, 0, 0, 53, 4.326, 4.304, 123.8, 31.902, 100, 0, 0, 31.227, 31.227, 5, 0.77, 93.432, 0, 0, 101.636, 47.192, 0, 0, 0, 0, 0, 14, 0, 14.5, 0, 2.459, 189, 0, 0, 0, 53, 1, 0.004, 0.004, 123.8, 31.902, 100, 0, 0, 141, 31.227, 31.227, 5, 0.77, 0, 93.432, 0, 0, 101.636, 47.192, 0, 0, 0, 0, 
32.1, 17.42, 100.33, 73.4, 74.117, , -1.268, 0.986, 1955.497, 1955.497, 2.456, -28.199, -28.199, -28.199, 52.523, 87.586, 35.434, 35.42, 7.377, 13.012, 0, 0, -3.464, -3.514, -3.464, -3.514, 1, 46.772, 46.772, 0.024, 0.135, -7.412, -7.516, -7.412, -7.516, 4.8, 7.377, 13.012, , , 1, 32.139, 0, 0, 14.5, 2.456, 189, 0, 0, 0, 53, 4.328, 4.3, 123.8, 31.942, 100, 0, 0, 31.173, 31.173, 5, 0.77, 93.268, 0, 0, 101.364, 47.124, 0, 0, 0, 0, 0, 14, 0, 14.5, 0, 2.456, 189, 0, 0, 0, 53, 1, 0.004, 0.004, 123.8, 31.942, 100, 0, 0, 141, 31.173, 31.173, 5, 0.77, 0, 93.268, 0, 0, 101.364, 47.124, 0, 0, 0, 0, 
32.15, 17.42, 100.33, 73.4, 74.119, , -1.481, 0.986, 1958.931, 1958.931, 2.454, -33.26, -33.26, -33.26, 52.543, 88.16, 35.326, 35.42, 7.377, 13.012, 0, 0, -4.078, -4.138, -4.078, -4.138, 1, 46.702, 46.702, 0.024, 0.135, -8.739, -8.861, -8.739, -8.861, 4.818, 7.377, 13.012, , , 1, 32.189, 0, 0, 14.5, 2.454, 189, 0, 0, 0, 53, 4.33, 4.297, 123.8, 31.982, 100, 0, 0, 31.118, 31.118, 5, 0.77, 93.105, 0, 0, 101.092, 47.057, 0, 0, 0, 0, 0, 14, 0, 14.5, 0, 2.454, 189, 0, 0, 0, 53, 1, 0.004, 0.004, 123.8, 31.982, 100, 0, 0, 141, 31.118, 31.118, 5, 0.77, 0, 93.105, 0, 0, 101.092, 47.057, 0, 0, 0, 0, 
32.2, 17.42, 100.33, 73.4, 74.12, , -1.835, 0.986, 1962.364, 1962.364, 2.451, -41.649, -41.649, -41.649, 52.579, 88.734, 35.24, 35.47, 7.377, 12.999, 0, 0, -5.094, -5.17, -5.094, -5.17, 1, 46.62, 46.62, 0.024, 0.135, -10.93, -11.084, -10.93, -11.084, 4.84, 7.377, 12.999, , , 1, 32.239, 0, 0, 14.5, 2.451, 189, 0, 0, 0, 53, 4.332, 4.294, 123.8, 32.023, 100, 0, 0, 31.064, 31.064, 5, 0.77, 92.942, 0, 0, 100.821, 46.99, 0, 0, 0, 0, 0, 14, 0, 14.5, 0, 2.451, 189, 0, 0, 0, 53, 1, 0.004, 0.004, 123.8, 32.023, 100, 0, 0, 141, 31.064, 31.064, 5, 0.77, 0, 92.942, 0, 0, 100.821, 46.99, 0, 0, 0, 0, 
32.25, 17.42, 100.33, 73.4, 74.12, , -2.118, 0.986, 1965.798, 1965.798, 2.449, -48.36, -48.36, -48.36, 52.638, 89.309, 35.24, 35.722, 7.377, 12.986, 0, 0, -5.903, -5.991, -5.903, -5.991, 1, 46.52, 46.52, 0.024, 0.135, -12.677, -12.858, -12.677, -12.858, 4.861, 7.377, 12.986, , , 1, 32.289, 0, 0, 14.5, 2.449, 189, 0, 0, 0, 53, 4.335, 4.291, 123.8, 32.063, 100, 0, 0, 31.01, 31.01, 5, 0.77, 92.779, 0, 0, 100.549, 46.922, 0, 0, 0, 0, 0, 14, 0, 14.5, 0, 2.449, 189, 0, 0, 0, 53, 1, 0.004, 0.004, 123.8, 32.063, 100, 0, 0, 141, 31.01, 31.01, 5, 0.77, 0, 92.779, 0, 0, 100.549, 46.922, 0, 0, 0, 0, 
32.3, 17.42, 100.33, 73.4, 74.12, , -2.352, 0.986, 1969.232, 1969.232, 2.445, -53.911, -53.911, -53.911, 52.698, 89.883, 35.24, 35.974, 7.377, 12.969, 0, 0, -6.568, -6.665, -6.568, -6.665, 1, 46.406, 46.406, 0.024, 0.135, -14.118, -14.321, -14.118, -14.321, 4.883, 7.377, 12.969, , , 1, 32.34, 0, 0, 14.5, 2.445, 189, 0, 0, 0, 53, 4.35, 4.305, 123.8, 32.108, 100, 0, 0, 30.949, 30.949, 5, 0.77, 92.801, 0, 0, 100.551, 46.783, 0, 0, 0, 0, 0, 14, 0, 14.5, 0, 2.445, 189, 0, 0, 0, 53, 1, 0.004, 0.004, 123.8, 32.108, 100, 0, 0, 141, 30.949, 30.949, 5, 0.77, 0, 92.801, 0, 0, 100.551, 46.783, 0, 0, 0, 0, 
32.35, 17.42, 100.33, 73.4, 74.12, , -2.592, 0.986, 1972.666, 1972.666, 2.44, -59.624, -59.624, -59.624, 52.757, 90.458, 35.24, 36.226, 7.377, 12.954, 0, 0, -7.248, -7.355, -7.248, -7.355, 1, 46.281, 46.281, 0.024, 0.135, -15.6, -15.825, -15.6, -15.825, 4.886, 7.377, 12.954, , , 1, 32.39, 0, 0, 14.5, 2.44, 189, 0, 0, 0, 53, 4.369, 4.324, 123.8, 32.154, 100, 0, 0, 30.886, 30.886, 5, 0.77, 92.864, 0, 0, 100.614, 46.628, 0, 0, 0, 0, 0, 14, 0, 14.5, 0, 2.44, 189, 0, 0, 0, 53, 1, 0.004, 0.004, 123.8, 32.154, 100, 0, 0, 141, 30.886, 30.886, 5, 0.77, 0, 92.864, 0, 0, 100.614, 46.628, 0, 0, 0, 0, 
32.4, 17.42, 100.33, 73.4, 74.12, , -2.763, 0.986, 1976.056, 1976.056, 2.435, -63.666, -63.666, -63.666, 52.812, 91.032, 35.24, 36.478, 7.378, 12.945, 0, 0, -7.719, -7.831, -7.719, -7.831, 1, 46.147, 46.147, 0.024, 0.135, -16.642, -16.883, -16.642, -16.883, 4.875, 7.378, 12.945, , , 1, 32.439, 0, 0, 14.5, 2.435, 189, 0, 0, 0, 53, 4.388, 4.343, 123.8, 32.2, 100, 0, 0, 30.824, 30.824, 5, 0.77, 92.926, 0, 0, 100.676, 46.473, 0, 0, 0, 0, 0, 14, 0, 14.5, 0, 2.435, 189, 0, 0, 0, 53, 1, 0.004, 0.004, 123.8, 32.2, 100, 0, 0, 141, 30.824, 30.824, 5, 0.77, 0, 92.926, 0, 0, 100.676, 46.473, 0, 0, 0, 0, 
32.45, 17.42, 100.33, 73.4, 74.12, , -2.835, 0.986, 1979.44, 1979.44, 2.43, -65.396, -65.396, -65.396, 52.859, 91.606, 35.24, 36.658, 7.378, 12.938, 0, 0, -7.906, -8.02, -7.906, -8.02, 1, 46.005, 46.005, 0.024, 0.135, -17.081, -17.33, -17.081, -17.33, 4.864, 7.378, 12.938, , , 1, 32.489, 0, 0, 14.5, 2.43, 189, 0, 0, 0, 53, 4.407, 4.362, 123.8, 32.247, 100, 0, 0, 30.761, 30.761, 5, 0.77, 92.989, 0, 0, 100.739, 46.318, 0, 0, 0, 0, 0, 14, 0, 14.5, 0, 2.43, 189, 0, 0, 0, 53, 1, 0.004, 0.004, 123.8, 32.247, 100, 0, 0, 141, 30.761, 30.761, 5, 0.77, 0, 92.989, 0, 0, 100.739, 46.318, 0, 0, 0, 0, 
32.5, 17.42, 100.33, 73.4, 74.12, , -2.834, 0.986, 1982.824, 1982.824, 2.424, -65.372, -65.372, -65.372, 52.884, 92.181, 35.24, 36.55, 7.379, 12.936, 0, 0, -7.879, -7.989, -7.879, -7.989, 1, 45.864, 45.864, 0.024, 0.135, -17.064, -17.312, -17.064, -17.312, 4.853, 7.379, 12.936, , , 1, 32.539, 0, 0, 14.5, 2.424, 189, 0, 0, 0, 53, 4.423, 4.386, 123.8, 32.288, 100, 0, 0, 30.661, 30.661, 5, 0.77, 93.045, 0, 0, 100.839, 46.179, 0, 0, 0, 0, 0, 14, 0, 14.5, 0, 2.424, 189, 0, 0, 0, 53, 1, 0.004, 0.004, 123.8, 32.288, 100, 0, 0, 141, 30.661, 30.661, 5, 0.77, 0, 93.045, 0, 0, 100.839, 46.179, 0, 0, 0, 0, 
32.55, 17.42, 100.33, 73.4, 74.12, , -2.935, 0.986, 1986.208, 1986.208, 2.417, -67.759, -67.759, -67.759, 52.904, 92.755, 35.24, 36.442, 7.379, 12.935, 0, 0, -8.142, -8.256, -8.142, -8.256, 1, 45.72, 45.72, 0.024, 0.135, -17.682, -17.938, -17.682, -17.938, 4.84, 7.379, 12.935, , , 1, 32.589, 0, 0, 14.5, 2.417, 189, 0, 0, 0, 53, 4.44, 4.411, 123.8, 32.329, 100, 0, 0, 30.552, 30.552, 5, 0.77, 93.099, 0, 0, 100.948, 46.045, 0, 0, 0, 0, 0, 14, 0, 14.5, 0, 2.417, 189, 0, 0, 0, 53, 1, 0.004, 0.004, 123.8, 32.329, 100, 0, 0, 141, 30.552, 30.552, 5, 0.77, 0, 93.099, 0, 0, 100.948, 46.045, 0, 0, 0, 0, 
32.6, 17.42, 100.33, 73.4, 74.12, , -3.041, 0.986, 1989.592, 1989.592, 2.41, -70.278, -70.278, -70.278, 52.923, 93.33, 35.24, 36.334, 7.38, 12.94, 0, 0, -8.416, -8.534, -8.416, -8.534, 1, 45.571, 45.571, 0.024, 0.136, -18.333, -18.597, -18.333, -18.597, 4.82, 7.38, 12.94, , , 1, 32.639, 0, 0, 14.5, 2.41, 189, 0, 0, 0, 53, 4.456, 4.436, 123.8, 32.369, 100, 0, 0, 30.443, 30.443, 5, 0.77, 93.153, 0, 0, 101.057, 45.91, 0, 0, 0, 0, 0, 14, 0, 14.5, 0, 2.41, 189, 0, 0, 0, 53, 1, 0.004, 0.004, 123.8, 32.369, 100, 0, 0, 141, 30.443, 30.443, 5, 0.77, 0, 93.153, 0, 0, 101.057, 45.91, 0, 0, 0, 0, 
32.65, 17.42, 100.33, 73.4, 74.12, , -3.121, 0.986, 1992.959, 1992.959, 2.403, -72.175, -72.175, -72.175, 52.945, 93.904, 35.24, 36.226, 7.38, 12.945, 0, 0, -8.614, -8.735, -8.614, -8.735, 1, 45.414, 45.414, 0.024, 0.136, -18.822, -19.092, -18.822, -19.092, 4.8, 7.38, 12.945, , , 1, 32.689, 0, 0, 14.5, 2.403, 189, 0, 0, 0, 53, 4.472, 4.461, 123.8, 32.409, 100, 0, 0, 30.335, 30.335, 5, 0.77, 93.208, 0, 0, 101.165, 45.775, 0, 0, 0, 0, 0, 14, 0, 14.5, 0, 2.403, 189, 0, 0, 0, 53, 1, 0.004, 0.004, 123.8, 32.409, 100, 0, 0, 141, 30.335, 30.335, 5, 0.77, 0, 93.208, 0, 0, 101.165, 45.775, 0, 0, 0, 0, 
32.7, 17.42, 100.33, 73.4, 74.12, , -3.15, 0.986, 1996.295, 1996.295, 2.396, -72.884, -72.884, -72.884, 52.962, 94.479, 35.204, 36.234, 7.38, 12.952, 0, 0, -8.668, -8.79, -8.668, -8.79, 1, 45.255, 45.255, 0.024, 0.136, -19, -19.273, -19, -19.273, 4.781, 7.38, 12.952, , , 1, 32.739, 0, 0, 14.5, 2.396, 189, 0, 0, 0, 53.025, 4.49, 4.484, 123.8, 32.45, 100, 0, 0, 30.238, 30.238, 5, 0.77, 93.288, 0, 0, 101.288, 45.639, 0, 0, 0, 0, 0, 14, 0, 14.5, 0, 2.396, 189, 0, 0, 0, 53.025, 1, 0.005, 0.005, 123.8, 32.45, 100, 0, 0, 141, 30.238, 30.238, 5, 0.77, 0, 93.288, 0, 0, 101.288, 45.639, 0, 0, 0, 0, 
32.75, 17.42, 100.33, 73.4, 74.12, , -3.212, 0.986, 1999.63, 1999.63, 2.388, -74.352, -74.352, -74.352, 52.977, 84.569, 35.024, 36.702, 7.379, 12.959, 0, 0, -8.812, -8.938, -8.812, -8.938, 1, 45.095, 45.095, 0.024, 0.136, -19.378, -19.655, -19.378, -19.655, 4.764, 7.379, 12.959, , , 1, 32.789, 0, 0, 14.5, 2.388, 189, 0, 0, 0, 53.139, 4.513, 4.502, 123.8, 32.492, 100, 0, 0, 30.181, 30.181, 5, 0.77, 93.458, 0, 0, 101.458, 45.498, 0, 0, 0, 0, 0, 14, 0, 14.5, 0, 2.388, 189, 0, 0, 0, 53.139, 1, 0.005, 0.005, 123.8, 32.492, 100, 0, 0, 141, 30.181, 30.181, 5, 0.77, 0, 93.458, 0, 0, 101.458, 45.498, 0, 0, 0, 0, 
32.8, 17.42, 100.33, 73.4, 74.12, , -3.279, 0.986, 2002.966, 2002.966, 2.381, -75.947, -75.947, -75.947, 52.993, 74.446, 34.844, 37.17, 7.379, 12.968, 0, 0, -8.97, -9.099, -8.97, -9.099, 1, 44.93, 44.93, 0.024, 0.136, -19.787, -20.071, -19.787, -20.071, 4.768, 7.379, 12.968, , , 1, 32.839, 0, 0, 14.5, 2.381, 189, 0, 0, 0, 53.252, 4.535, 4.52, 123.8, 32.534, 100, 0, 0, 30.124, 30.124, 5, 0.77, 93.628, 0, 0, 101.628, 45.357, 0, 0, 0, 0, 0, 14, 0, 14.5, 0, 2.381, 189, 0, 0, 0, 53.252, 1, 0.005, 0.005, 123.8, 32.534, 100, 0, 0, 141, 30.124, 30.124, 5, 0.77, 0, 93.628, 0, 0, 101.628, 45.357, 0, 0, 0, 0, 
32.85, 17.42, 100.33, 73.4, 74.12, , -3.336, 0.986, 2006.294, 2006.294, 2.373, -77.297, -77.297, -77.297, 53.013, 64.323, 34.664, 37.638, 7.379, 12.977, 0, 0, -9.098, -9.228, -9.098, -9.228, 1, 44.764, 44.764, 0.024, 0.136, -20.132, -20.421, -20.132, -20.421, 4.772, 7.379, 12.977, , , 1, 32.889, 0, 0, 14.5, 2.373, 189, 0, 0, 0, 53.366, 4.558, 4.539, 123.8, 32.576, 100, 0, 0, 30.067, 30.067, 5, 0.77, 93.799, 0, 0, 101.799, 45.216, 0, 0, 0, 0, 0, 14, 0, 14.5, 0, 2.373, 189, 0, 0, 0, 53.366, 1, 0.005, 0.005, 123.8, 32.576, 100, 0, 0, 141, 30.067, 30.067, 5, 0.77, 0, 93.799, 0, 0, 101.799, 45.216, 0, 0, 0, 0, 
32.9, 17.42, 100.33, 73.4, 74.12, , -3.31, 0.986, 2009.582, 2009.582, 2.365, -76.682, -76.682, -76.682, 53.034, 54.2, 34.484, 38.106, 7.379, 12.98, 0, 0, -8.99, -9.12, -8.99, -9.12, 1, 44.596, 44.596, 0.024, 0.137, -19.964, -20.25, -19.964, -20.25, 4.776, 7.379, 12.98, , , 1, 32.939, 0, 0, 14.5, 2.365, 189, 0, 0, 0, 53.48, 4.581, 4.557, 123.8, 32.618, 100, 0, 0, 30.01, 30.01, 5, 0.77, 93.969, 0, 0, 101.969, 45.075, 0, 0, 0, 0, 0, 14, 0, 14.5, 0, 2.365, 189, 0, 0, 0, 53.48, 1, 0.005, 0.005, 123.8, 32.618, 100, 0, 0, 141, 30.01, 30.01, 5, 0.77, 0, 93.969, 0, 0, 101.969, 45.075, 0, 0, 0, 0, 
32.95, 17.42, 100.33, 73.4, 74.12, , -3.343, 0.986, 2012.871, 2012.871, 2.357, -77.464, -77.464, -77.464, 53.053, 44.077, 34.455, 38.322, 7.379, 12.983, 0, 0, -9.047, -9.178, -9.047, -9.178, 1, 44.429, 44.429, 0.024, 0.137, -20.158, -20.447, -20.158, -20.447, 4.781, 7.379, 12.983, , , 1, 32.989, 0, 0, 14.5, 2.357, 189, 0, 0, 0, 53.5, 4.599, 4.577, 123.8, 32.696, 100, 0, 0, 29.907, 29.907, 5, 0.768, 94.14, 0, 0, 102.14, 44.934, 0, 0, 0, 0, 0, 14, 0, 14.5, 0, 2.357, 189, 0, 0, 0, 53.5, 1, 0.005, 0.005, 123.8, 32.696, 100, 0, 0, 141, 29.907, 29.907, 5, 0.768, 0, 94.14, 0, 0, 102.14, 44.934, 0, 0, 0, 0, 
33, 17.42, 100.33, 73.4, 74.12, , -3.389, 0.986, 2016.145, 2016.145, 2.348, -78.569, -78.569, -78.569, 53.078, 45.66, 35.031, 37.53, 7.38, 12.98, 0, 0, -9.142, -9.274, -9.142, -9.274, 1, 44.258, 44.258, 0.024, 0.136, -20.436, -20.73, -20.436, -20.73, 4.791, 7.38, 12.98, , , 1, 33.039, 0, 0, 14.5, 2.348, 189, 0, 0, 0, 53.5, 4.616, 4.597, 123.8, 32.78, 100, 0, 0, 29.793, 29.793, 5, 0.766, 94.31, 0, 0, 102.31, 44.794, 0, 0, 0, 0, 0, 14, 0, 14.5, 0, 2.348, 189, 0, 0, 0, 53.5, 1, 0.005, 0.005, 123.8, 32.78, 100, 0, 0, 141, 29.793, 29.793, 5, 0.766, 0, 94.31, 0, 0, 102.31, 44.794, 0, 0, 0, 0, 
33.05, 17.42, 100.33, 73.4, 74.12, , -3.421, 0.986, 2019.388, 2019.388, 2.34, -79.315, -79.315, -79.315, 53.104, 54.979, 35.607, 36.738, 7.38, 12.978, 0, 0, -9.194, -9.326, -9.194, -9.326, 1, 44.087, 44.087, 0.024, 0.136, -20.62, -20.918, -20.62, -20.918, 4.802, 7.38, 12.978, , , 1, 33.089, 0, 0, 14.5, 2.34, 189, 0, 0, 0, 53.5, 4.633, 4.618, 123.8, 32.864, 100, 0, 0, 29.68, 29.68, 5, 0.764, 94.481, 0, 0, 102.481, 44.653, 0, 0, 0, 0, 0, 14, 0, 14.5, 0, 2.34, 189, 0, 0, 0, 53.5, 1, 0.005, 0.005, 123.8, 32.864, 100, 0, 0, 141, 29.68, 29.68, 5, 0.764, 0, 94.481, 0, 0, 102.481, 44.653, 0, 0, 0, 0, 
33.1, 17.42, 100.33, 73.4, 74.12, , -3.415, 0.986, 2022.631, 2022.631, 2.332, -79.197, -79.197, -79.197, 53.131, 55.999, 36.183, 35.946, 7.38, 12.969, 0, 0, -9.143, -9.276, -9.143, -9.276, 1, 43.915, 43.915, 0.024, 0.136, -20.578, -20.876, -20.578, -20.876, 4.812, 7.38, 12.969, , , 1, 33.139, 0, 0, 14.5, 2.332, 189, 0, 0, 0, 53.5, 4.65, 4.638, 123.8, 32.948, 100, 0, 0, 29.566, 29.566, 5, 0.761, 94.651, 0, 0, 102.651, 44.512, 0, 0, 0, 0, 0, 14, 0, 14.5, 0, 2.332, 189, 0, 0, 0, 53.5, 1, 0.005, 0.005, 123.8, 32.948, 100, 0, 0, 141, 29.566, 29.566, 5, 0.761, 0, 94.651, 0, 0, 102.651, 44.512, 0, 0, 0, 0, 
33.15, 17.42, 100.33, 73.4, 74.12, , -3.405, 0.986, 2025.874, 2025.874, 2.323, -78.957, -78.957, -78.957, 53.154, 57.019, 36.759, 35.154, 7.379, 12.959, 0, 0, -9.08, -9.212, -9.08, -9.212, 1, 43.743, 43.743, 0.024, 0.136, -20.507, -20.804, -20.507, -20.804, 4.823, 7.379, 12.959, , , 1, 33.189, 0, 0, 14.5, 2.323, 189, 0, 0, 0, 53.456, 4.667, 4.658, 123.8, 33.046, 100, 0, 0, 29.434, 29.434, 5, 0.761, 94.794, 0, 0, 102.816, 44.348, 0, 0, 0, 0, 0, 14, 0, 14.5, 0, 2.323, 189, 0, 0, 0, 53.456, 1, 0.005, 0.005, 123.8, 33.046, 100, 0, 0, 141, 29.434, 29.434, 5, 0.761, 0, 94.794, 0, 0, 102.816, 44.348, 0, 0, 0, 0, 
33.2, 17.42, 100.33, 73.4, 74.12, , -3.395, 0.986, 2029.117, 2029.117, 2.314, -78.71, -78.71, -78.71, 53.164, 58.04, 37.142, 34.584, 7.379, 12.947, 0, 0, -9.018, -9.148, -9.018, -9.148, 1, 43.571, 43.571, 0.024, 0.135, -20.438, -20.735, -20.438, -20.735, 4.837, 7.379, 12.947, , , 1, 33.239, 0, 0, 14.5, 2.314, 189, 0, 0, 0, 53.352, 4.682, 4.677, 123.8, 33.162, 100, 0, 0, 29.278, 29.278, 5, 0.763, 94.898, 0, 0, 102.972, 44.153, 0, 0, 0, 0, 0, 14, 0, 14.5, 0, 2.314, 189, 0, 0, 0, 53.352, 1, 0.005, 0.005, 123.8, 33.162, 100, 0, 0, 141, 29.278, 29.278, 5, 0.763, 0, 94.898, 0, 0, 102.972, 44.153, 0, 0, 0, 0, 
33.25, 17.42, 100.33, 73.4, 74.12, , -3.336, 0.986, 2032.317, 2032.317, 2.305, -77.323, -77.323, -77.323, 53.162, 59.06, 36.752, 34.903, 7.378, 12.936, 0, 0, -8.824, -8.951, -8.824, -8.951, 1, 43.401, 43.401, 0.024, 0.135, -20.08, -20.372, -20.08, -20.372, 4.851, 7.378, 12.936, , , 1, 33.289, 0, 0, 14.5, 2.305, 189, 0, 0, 0, 53.248, 4.698, 4.695, 123.8, 33.277, 100, 0, 0, 29.122, 29.122, 5, 0.765, 95.002, 0, 0, 103.128, 43.959, 0, 0, 0, 0, 0, 14, 0, 14.5, 0, 2.305, 189, 0, 0, 0, 53.248, 1, 0.005, 0.005, 123.8, 33.277, 100, 0, 0, 141, 29.122, 29.122, 5, 0.765, 0, 95.002, 0, 0, 103.128, 43.959, 0, 0, 0, 0, 
33.3, 17.42, 100.33, 73.4, 74.12, , -3.295, 0.986, 2035.516, 2035.516, 2.296, -76.352, -76.352, -76.352, 53.143, 60.08, 36.363, 35.222, 7.378, 12.918, 0, 0, -8.679, -8.803, -8.679, -8.803, 1, 43.233, 43.233, 0.024, 0.135, -19.835, -20.123, -19.835, -20.123, 4.865, 7.378, 12.918, , , 1, 33.339, 0, 0, 14.5, 2.296, 189, 0, 0, 0, 53.144, 4.713, 4.714, 123.8, 33.393, 100, 0, 0, 28.966, 28.966, 5, 0.767, 95.106, 0, 0, 103.284, 43.764, 0, 0, 0, 0, 0, 14, 0, 14.5, 0, 2.296, 189, 0, 0, 0, 53.144, 1, 0.005, 0.005, 123.8, 33.393, 100, 0, 0, 141, 28.966, 28.966, 5, 0.767, 0, 95.106, 0, 0, 103.284, 43.764, 0, 0, 0, 0, 
33.35, 17.42, 100.33, 73.4, 74.12, , -3.269, 0.986, 2038.715, 2038.715, 2.287, -75.74, -75.74, -75.74, 53.112, 61.101, 35.973, 35.54, 7.377, 12.899, 0, 0, -8.575, -8.697, -8.575, -8.697, 1, 43.068, 43.068, 0.024, 0.134, -19.687, -19.972, -19.687, -19.972, 4.88, 7.377, 12.899, , , 1, 33.389, 0, 0, 14.5, 2.287, 189, 0, 0, 0, 53.04, 4.729, 4.733, 123.8, 33.508, 100, 0, 0, 28.809, 28.809, 5, 0.769, 95.21, 0, 0, 103.441, 43.569, 0, 0, 0, 0, 0, 14, 0, 14.5, 0, 2.287, 189, 0, 0, 0, 53.04, 1, 0.005, 0.005, 123.8, 33.508, 100, 0, 0, 141, 28.809, 28.809, 5, 0.769, 0, 95.21, 0, 0, 103.441, 43.569, 0, 0, 0, 0, 
33.4, 17.42, 100.33, 73.4, 74.12, , -3.245, 0.986, 2041.914, 2041.914, 2.278, -75.172, -75.172, -75.172, 53.079, 62.121, 35.583, 35.859, 7.377, 12.879, 0, 0, -8.477, -8.599, -8.477, -8.599, 1, 42.904, 42.904, 0.024, 0.134, -19.553, -19.837, -19.553, -19.837, 4.879, 7.377, 12.879, , , 1, 33.439, 0, 0, 14.5, 2.278, 189, 0, 0, 0, 53.07, 4.75, 4.749, 123.8, 33.63, 100, 0, 0, 28.715, 28.715, 5, 0.771, 95.285, 0, 0, 103.57, 43.363, 0, 0, 0, 0, 0, 14, 0, 14.5, 0, 2.278, 189, 0, 0, 0, 53.07, 1, 0.005, 0.005, 123.8, 33.63, 100, 0, 0, 141, 28.715, 28.715, 5, 0.771, 0, 95.285, 0, 0, 103.57, 43.363, 0, 0, 0, 0, 
33.45, 17.42, 100.33, 73.4, 74.12, , -3.259, 0.986, 2045.085, 2045.085, 2.268, -75.512, -75.512, -75.512, 53.046, 63.141, 35.24, 36.127, 7.377, 12.86, 0, 0, -8.481, -8.604, -8.481, -8.604, 1, 42.74, 42.74, 0.024, 0.134, -19.653, -19.938, -19.653, -19.938, 4.872, 7.377, 12.86, , , 1, 33.489, 0, 0, 14.5, 2.268, 189, 0, 0, 0, 53.184, 4.774, 4.764, 123.8, 33.755, 100, 0, 0, 28.658, 28.658, 5, 0.774, 95.342, 0, 0, 103.684, 43.151, 0, 0, 0, 0, 0, 14, 0, 14.5, 0, 2.268, 189, 0, 0, 0, 53.184, 1, 0.005, 0.005, 123.8, 33.755, 100, 0, 0, 141, 28.658, 28.658, 5, 0.774, 0, 95.342, 0, 0, 103.684, 43.151, 0, 0, 0, 0, 
33.5, 17.42, 100.33, 73.4, 74.12, , -3.297, 0.986, 2048.235, 2048.235, 2.258, -76.414, -76.414, -76.414, 53.031, 64.162, 35.24, 36.017, 7.377, 12.838, 0, 0, -8.548, -8.673, -8.548, -8.673, 1, 42.576, 42.576, 0.024, 0.134, -19.896, -20.184, -19.896, -20.184, 4.865, 7.377, 12.838, , , 1, 33.539, 0, 0, 14.5, 2.258, 189, 0, 0, 0, 53.298, 4.798, 4.779, 123.8, 33.88, 100, 0, 0, 28.601, 28.601, 5, 0.776, 95.399, 0, 0, 103.798, 42.938, 0, 0, 0, 0, 0, 14, 0, 14.5, 0, 2.258, 189, 0, 0, 0, 53.298, 1, 0.005, 0.005, 123.8, 33.88, 100, 0, 0, 141, 28.601, 28.601, 5, 0.776, 0, 95.399, 0, 0, 103.798, 42.938, 0, 0, 0, 0, 
33.55, 17.42, 100.33, 73.4, 74.122, , -3.324, 0.986, 2051.348, 2051.348, 2.249, -77.053, -77.053, -77.053, 53.025, 65.182, 35.24, 35.907, 7.377, 12.816, 0, 0, -8.586, -8.713, -8.586, -8.713, 1, 42.411, 42.411, 0.024, 0.134, -20.064, -20.354, -20.064, -20.354, 4.859, 7.377, 12.816, , , 1, 33.589, 0, 0, 14.5, 2.249, 189, 0, 0, 0, 53.411, 4.821, 4.793, 123.8, 34.005, 100, 0, 0, 28.544, 28.544, 5, 0.778, 95.456, 0, 0, 103.911, 42.726, 0, 0, 0, 0, 0, 14, 0, 14.5, 0, 2.249, 189, 0, 0, 0, 53.411, 1, 0.005, 0.005, 123.8, 34.005, 100, 0, 0, 141, 28.544, 28.544, 5, 0.778, 0, 95.456, 0, 0, 103.911, 42.726, 0, 0, 0, 0, 
33.6, 17.42, 100.33, 73.4, 74.123, , -3.322, 0.986, 2054.462, 2054.462, 2.24, -77.005, -77.005, -77.005, 53.032, 66.202, 35.24, 35.798, 7.377, 12.798, 0, 0, -8.549, -8.675, -8.549, -8.675, 1, 42.242, 42.242, 0.024, 0.135, -20.049, -20.339, -20.049, -20.339, 4.843, 7.377, 12.798, , , 1, 33.639, 0, 0, 14.5, 2.24, 189, 0, 0, 0, 53.5, 4.843, 4.808, 123.8, 34.129, 100, 0, 0, 28.476, 28.476, 5, 0.78, 95.488, 0, 0, 103.988, 42.53, 0, 0, 0, 0, 0, 14, 0, 14.5, 0, 2.24, 189, 0, 0, 0, 53.5, 1, 0.005, 0.005, 123.8, 34.129, 100, 0, 0, 141, 28.476, 28.476, 5, 0.78, 0, 95.488, 0, 0, 103.988, 42.53, 0, 0, 0, 0, 
33.65, 17.42, 100.33, 73.4, 74.125, , -3.308, 0.986, 2057.575, 2057.575, 2.232, -76.685, -76.685, -76.685, 53.048, 67.223, 35.24, 35.688, 7.377, 12.781, 0, 0, -8.481, -8.606, -8.481, -8.606, 1, 42.075, 42.075, 0.024, 0.135, -19.96, -20.25, -19.96, -20.25, 4.825, 7.377, 12.781, , , 1, 33.689, 0, 0, 14.5, 2.232, 189, 0, 0, 0, 53.5, 4.856, 4.824, 123.8, 34.248, 100, 0, 0, 28.367, 28.367, 5, 0.777, 95.434, 0, 0, 103.934, 42.396, 0, 0, 0, 0, 0, 14, 0, 14.5, 0, 2.232, 189, 0, 0, 0, 53.5, 1, 0.005, 0.005, 123.8, 34.248, 100, 0, 0, 141, 28.367, 28.367, 5, 0.777, 0, 95.434, 0, 0, 103.934, 42.396, 0, 0, 0, 0, 
33.7, 17.42, 100.33, 73.4, 74.126, , -3.324, 0.986, 2060.688, 2060.688, 2.224, -77.058, -77.058, -77.058, 53.065, 68.243, 35.24, 35.593, 7.377, 12.764, 0, 0, -8.49, -8.613, -8.49, -8.613, 1, 41.908, 41.908, 0.024, 0.135, -20.05, -20.34, -20.05, -20.34, 4.806, 7.377, 12.764, , , 1, 33.74, 0, 0, 14.5, 2.224, 189, 0, 0, 0, 53.5, 4.869, 4.839, 123.8, 34.368, 100, 0, 0, 28.259, 28.259, 5, 0.775, 95.379, 0, 0, 103.879, 42.261, 0, 0, 0, 0, 0, 14, 0, 14.5, 0, 2.224, 189, 0, 0, 0, 53.5, 1, 0.005, 0.005, 123.8, 34.368, 100, 0, 0, 141, 28.259, 28.259, 5, 0.775, 0, 95.379, 0, 0, 103.879, 42.261, 0, 0, 0, 0, 
33.75, 17.42, 100.33, 73.4, 74.128, , -3.321, 0.986, 2063.801, 2063.801, 2.216, -76.991, -76.991, -76.991, 53.085, 69.263, 35.24, 35.557, 7.377, 12.748, 0, 0, -8.448, -8.57, -8.448, -8.57, 1, 41.74, 41.74, 0.024, 0.135, -20.025, -20.315, -20.025, -20.315, 4.787, 7.377, 12.748, , , 1, 33.79, 0, 0, 14.5, 2.216, 189, 0, 0, 0, 53.5, 4.882, 4.854, 123.8, 34.487, 100, 0, 0, 28.15, 28.15, 5, 0.773, 95.325, 0, 0, 103.825, 42.126, 0, 0, 0, 0, 0, 14, 0, 14.5, 0, 2.216, 189, 0, 0, 0, 53.5, 1, 0.005, 0.005, 123.8, 34.487, 100, 0, 0, 141, 28.15, 28.15, 5, 0.773, 0, 95.325, 0, 0, 103.825, 42.126, 0, 0, 0, 0, 
33.8, 17.42, 100.33, 73.4, 74.129, , -3.311, 0.986, 2066.903, 2066.903, 2.208, -76.757, -76.757, -76.757, 53.102, 70.284, 35.24, 35.521, 7.377, 12.737, 0, 0, -8.388, -8.508, -8.388, -8.508, 1, 41.572, 41.572, 0.024, 0.136, -19.955, -20.246, -19.955, -20.246, 4.777, 7.377, 12.737, , , 1, 33.84, 0, 0, 14.5, 2.208, 189, 0, 0, 0, 53.5, 4.895, 4.869, 123.8, 34.607, 100, 0, 0, 28.041, 28.041, 5, 0.771, 95.271, 0, 0, 103.771, 41.991, 0, 0, 0, 0, 0, 14, 0, 14.5, 0, 2.208, 189, 0, 0, 0, 53.5, 1, 0.005, 0.005, 123.8, 34.607, 100, 0, 0, 141, 28.041, 28.041, 5, 0.771, 0, 95.271, 0, 0, 103.771, 41.991, 0, 0, 0, 0, 
33.85, 17.42, 100.33, 73.4, 74.131, , -3.326, 0.986, 2069.935, 2069.935, 2.2, -77.111, -77.111, -77.111, 53.115, 71.304, 35.24, 35.485, 7.377, 12.727, 0, 0, -8.393, -8.511, -8.393, -8.511, 1, 41.404, 41.404, 0.024, 0.136, -20.043, -20.334, -20.043, -20.334, 4.778, 7.377, 12.727, , , 1, 33.89, 0, 0, 14.5, 2.2, 189, 0, 0, 0, 53.5, 4.914, 4.881, 123.8, 34.731, 100, 0, 0, 27.894, 27.894, 5, 0.769, 95.18, 0, 0, 103.715, 41.853, 0, 0, 0, 0, 0, 14, 0, 14.5, 0, 2.2, 189, 0, 0, 0, 53.5, 1, 0.005, 0.005, 123.8, 34.731, 100, 0, 0, 141, 27.894, 27.894, 5, 0.769, 0, 95.18, 0, 0, 103.715, 41.853, 0, 0, 0, 0, 
33.9, 17.42, 100.33, 73.4, 74.132, , -3.33, 0.986, 2072.992, 2072.992, 2.19, -77.231, -77.231, -77.231, 53.121, 72.324, 35.24, 35.449, 7.377, 12.723, 0, 0, -8.372, -8.491, -8.372, -8.491, 1, 41.235, 41.235, 0.024, 0.136, -20.072, -20.364, -20.072, -20.364, 4.779, 7.377, 12.723, , , 1, 33.939, 0, 0, 14.5, 2.19, 189, 0, 0, 0, 53.5, 4.937, 4.892, 123.8, 34.857, 100, 0, 0, 27.724, 27.724, 5, 0.766, 95.066, 0, 0, 103.658, 41.712, 0, 0, 0, 0, 0, 14, 0, 14.5, 0, 2.19, 189, 0, 0, 0, 53.5, 1, 0.005, 0.005, 123.8, 34.857, 100, 0, 0, 141, 27.724, 27.724, 5, 0.766, 0, 95.066, 0, 0, 103.658, 41.712, 0, 0, 0, 0, 
33.95, 17.42, 100.33, 73.4, 74.134, , -3.326, 0.986, 2076.061, 2076.061, 2.181, -77.127, -77.127, -77.127, 53.12, 73.345, 35.24, 35.485, 7.377, 12.72, 0, 0, -8.327, -8.447, -8.327, -8.447, 1, 41.067, 41.067, 0.024, 0.136, -20.045, -20.337, -20.045, -20.337, 4.78, 7.377, 12.72, , , 1, 33.99, 0, 0, 14.5, 2.181, 189, 0, 0, 0, 53.5, 4.96, 4.902, 123.8, 34.983, 100, 0, 0, 27.553, 27.553, 5, 0.764, 94.952, 0, 0, 103.601, 41.571, 0, 0, 0, 0, 0, 14, 0, 14.5, 0, 2.181, 189, 0, 0, 0, 53.5, 1, 0.005, 0.005, 123.8, 34.983, 100, 0, 0, 141, 27.553, 27.553, 5, 0.764, 0, 94.952, 0, 0, 103.601, 41.571, 0, 0, 0, 0, 
34, 17.42, 100.33, 73.4, 74.135, , -3.289, 0.986, 2079.093, 2079.093, 2.172, -76.251, -76.251, -76.251, 53.113, 74.365, 35.24, 35.809, 7.377, 12.724, 0, 0, -8.199, -8.317, -8.199, -8.317, 1, 40.9, 40.9, 0.024, 0.136, -19.821, -20.111, -19.821, -20.111, 4.778, 7.377, 12.724, , , 1, 34.04, 0, 0, 14.5, 2.172, 189, 0, 0, 0, 53.5, 4.982, 4.912, 123.8, 35.109, 100, 0, 0, 27.383, 27.383, 5, 0.762, 94.839, 0, 0, 103.544, 41.43, 0, 0, 0, 0, 0, 14, 0, 14.5, 0, 2.172, 189, 0, 0, 0, 53.5, 1, 0.005, 0.005, 123.8, 35.109, 100, 0, 0, 141, 27.383, 27.383, 5, 0.762, 0, 94.839, 0, 0, 103.544, 41.43, 0, 0, 0, 0, 
34.05, 17.42, 100.33, 73.4, 74.137, , -3.255, 0.986, 2082.105, 2082.105, 2.163, -75.44, -75.44, -75.44, 53.096, 75.385, 35.24, 36.133, 7.377, 12.73, 0, 0, -8.079, -8.196, -8.079, -8.196, 1, 40.735, 40.735, 0.024, 0.136, -19.615, -19.903, -19.615, -19.903, 4.771, 7.377, 12.73, , , 1, 34.089, 0, 0, 14.5, 2.163, 189, 0, 0, 0, 53.523, 5.004, 4.92, 123.8, 35.214, 100, 0, 0, 27.239, 27.239, 5, 0.76, 94.739, 0, 0, 103.5, 41.306, 0, 0, 0, 0, 0, 14, 0, 14.5, 0, 2.163, 189, 0, 0, 0, 53.523, 1, 0.005, 0.005, 123.8, 35.214, 100, 0, 0, 141, 27.239, 27.239, 5, 0.76, 0, 94.739, 0, 0, 103.5, 41.306, 0, 0, 0, 0, 
34.1, 17.42, 100.33, 73.4, 74.138, , -3.223, 0.986, 2085.098, 2085.098, 2.158, -74.685, -74.685, -74.685, 53.085, 76.406, 35.24, 36.457, 7.377, 12.742, 0, 0, -7.967, -8.082, -7.967, -8.082, 1, 40.572, 40.572, 0.024, 0.135, -19.424, -19.709, -19.424, -19.709, 4.764, 7.377, 12.742, , , 1, 34.14, 0, 0, 14.5, 2.158, 189, 0, 0, 0, 53.627, 5.02, 4.92, 123.8, 35.253, 100, 0, 0, 27.186, 27.186, 5, 0.76, 94.686, 0, 0, 103.5, 41.241, 0, 0, 0, 0, 0, 14, 0, 14.5, 0, 2.158, 189, 0, 0, 0, 53.627, 1, 0.005, 0.005, 123.8, 35.253, 100, 0, 0, 141, 27.186, 27.186, 5, 0.76, 0, 94.686, 0, 0, 103.5, 41.241, 0, 0, 0, 0, 
34.15, 17.42, 100.33, 73.4, 74.14, , -3.119, 0.986, 2088.092, 2088.092, 2.154, -72.236, -72.236, -72.236, 53.077, 77.426, 35.24, 36.781, 7.378, 12.756, 0, 0, -7.676, -7.788, -7.676, -7.788, 1, 40.412, 40.412, 0.024, 0.135, -18.789, -19.064, -18.789, -19.064, 4.758, 7.378, 12.756, , , 1, 34.189, 0, 0, 14.5, 2.154, 189, 0, 0, 0, 53.731, 5.037, 4.92, 123.8, 35.291, 100, 0, 0, 27.134, 27.134, 5, 0.76, 94.634, 0, 0, 103.5, 41.177, 0, 0, 0, 0, 0, 14, 0, 14.5, 0, 2.154, 189, 0, 0, 0, 53.731, 1, 0.005, 0.005, 123.8, 35.291, 100, 0, 0, 141, 27.134, 27.134, 5, 0.76, 0, 94.634, 0, 0, 103.5, 41.177, 0, 0, 0, 0, 
34.2, 17.42, 100.33, 73.4, 74.141, , -3.033, 0.986, 2091.085, 2091.085, 2.149, -70.199, -70.199, -70.199, 53.076, 78.446, 35.247, 36.995, 7.378, 12.774, 0, 0, -7.431, -7.539, -7.431, -7.539, 1, 40.258, 40.258, 0.024, 0.135, -18.259, -18.527, -18.259, -18.527, 4.752, 7.378, 12.774, , , 1, 34.239, 0, 0, 14.5, 2.149, 189, 0, 0, 0, 53.835, 5.054, 4.92, 123.8, 35.33, 100, 0, 0, 27.082, 27.082, 5, 0.76, 94.582, 0, 0, 103.5, 41.112, 0, 0, 0, 0, 0, 14, 0, 14.5, 0, 2.149, 189, 0, 0, 0, 53.835, 1, 0.005, 0.005, 123.8, 35.33, 100, 0, 0, 141, 27.082, 27.082, 5, 0.76, 0, 94.582, 0, 0, 103.5, 41.112, 0, 0, 0, 0, 
34.25, 17.42, 100.33, 73.4, 74.143, , -2.974, 0.986, 2094.079, 2094.079, 2.144, -68.78, -68.78, -68.78, 53.081, 79.467, 35.281, 36.772, 7.379, 12.795, 0, 0, -7.253, -7.359, -7.253, -7.359, 1, 40.107, 40.107, 0.024, 0.135, -17.889, -18.15, -17.889, -18.15, 4.749, 7.379, 12.795, , , 1, 34.289, 0, 0, 14.5, 2.144, 189, 0, 0, 0, 53.94, 5.07, 4.92, 123.8, 35.368, 100, 0, 0, 27.03, 27.03, 5, 0.76, 94.53, 0, 0, 103.5, 41.047, 0, 0, 0, 0, 0, 14, 0, 14.5, 0, 2.144, 189, 0, 0, 0, 53.94, 1, 0.005, 0.005, 123.8, 35.368, 100, 0, 0, 141, 27.03, 27.03, 5, 0.76, 0, 94.53, 0, 0, 103.5, 41.047, 0, 0, 0, 0, 
34.3, 17.42, 100.33, 73.4, 74.144, , -2.86, 0.986, 2097.04, 2097.04, 2.138, -66.1, -66.1, -66.1, 53.091, 80.487, 35.316, 36.549, 7.38, 12.819, 0, 0, -6.947, -7.048, -6.947, -7.048, 1, 39.963, 39.963, 0.024, 0.135, -17.189, -17.439, -17.189, -17.439, 4.746, 7.38, 12.819, , , 1, 34.339, 0, 0, 14.492, 2.138, 189, 0, 0, 0, 53.916, 5.078, 4.93, 123.8, 35.455, 100, 0, 0, 26.958, 26.958, 5, 0.76, 94.5, 0, 0, 103.751, 40.906, 0, 0, 0, 0, 0, 14, 0, 14.492, 0, 2.138, 189, 0, 0, 0, 53.916, 1, 0.005, 0.005, 123.8, 35.455, 100, 0, 0, 141, 26.958, 26.958, 5, 0.76, 0, 94.5, 0, 0, 103.751, 40.906, 0, 0, 0, 0, 
34.35, 17.42, 100.33, 73.4, 74.146, , -2.748, 0.986, 2099.577, 2099.577, 2.131, -63.431, -63.431, -63.431, 53.103, 81.507, 35.35, 36.325, 7.382, 12.845, 0, 0, -6.646, -6.742, -6.646, -6.742, 1, 39.889, 39.889, 0.024, 0.136, -16.492, -16.73, -16.492, -16.73, 4.744, 7.382, 12.845, , , 1, 34.389, 0, 0, 14.472, 2.131, 189, 0, 0, 0, 53.717, 5.074, 4.954, 123.8, 35.601, 100, 0, 0, 26.859, 26.859, 5, 0.76, 94.5, 0, 0, 104.349, 40.659, 0, 0, 0, 0, 0, 14, 0, 14.472, 0, 2.131, 189, 0, 0, 0, 53.717, 1, 0.005, 0.005, 123.8, 35.601, 100, 0, 0, 141, 26.859, 26.859, 5, 0.76, 0, 94.5, 0, 0, 104.349, 40.659, 0, 0, 0, 0, 
34.4, 17.42, 100.33, 73.4, 74.147, , -2.665, 0.986, 2101.036, 2101.036, 2.124, -61.473, -61.473, -61.473, 53.11, 82.528, 35.384, 36.102, 7.382, 12.871, 0, 0, -6.427, -6.521, -6.427, -6.521, 1, 39.787, 39.787, 0.024, 0.136, -15.98, -16.21, -15.98, -16.21, 4.741, 7.382, 12.871, , , 1, 34.439, 0, 0, 14.452, 2.124, 189, 0, 0, 0, 53.518, 5.07, 4.978, 123.8, 35.748, 100, 0, 0, 26.759, 26.759, 5, 0.76, 94.5, 0, 0, 104.946, 40.412, 0, 0, 0, 0, 0, 14, 0, 14.452, 0, 2.124, 189, 0, 0, 0, 53.518, 1, 0.005, 0.005, 123.8, 35.748, 100, 0, 0, 141, 26.759, 26.759, 5, 0.76, 0, 94.5, 0, 0, 104.946, 40.412, 0, 0, 0, 0, 
34.45, 17.42, 100.33, 73.4, 74.149, , -2.558, 0.986, 2103.487, 2103.487, 2.117, -58.934, -58.934, -58.934, 53.11, 83.548, 35.419, 35.879, 7.382, 12.897, 0, 0, -6.144, -6.235, -6.144, -6.235, 1, 39.656, 39.656, 0.024, 0.136, -15.321, -15.54, -15.321, -15.54, 4.736, 7.382, 12.897, , , 1, 34.49, 0, 0, 14.432, 2.117, 189, 0, 0, 0, 53.319, 5.066, 5.002, 123.8, 35.895, 100, 0, 0, 26.659, 26.659, 5, 0.76, 94.5, 0, 0, 105.544, 40.165, 0, 0, 0, 0, 0, 14, 0, 14.432, 0, 2.117, 189, 0, 0, 0, 53.319, 1, 0.005, 0.005, 123.8, 35.895, 100, 0, 0, 141, 26.659, 26.659, 5, 0.76, 0, 94.5, 0, 0, 105.544, 40.165, 0, 0, 0, 0, 
34.5, 17.42, 100.33, 73.4, 74.151, , -2.443, 0.986, 2106.406, 2106.406, 2.11, -56.201, -56.201, -56.201, 53.095, 84.568, 35.42, 35.816, 7.382, 12.918, 0, 0, -5.84, -5.926, -5.84, -5.926, 1, 39.532, 39.532, 0.024, 0.136, -14.612, -14.822, -14.612, -14.822, 4.732, 7.382, 12.918, , , 1, 34.539, 0, 0, 14.412, 2.11, 189, 0, 0, 0, 53.12, 5.062, 5.026, 123.8, 36.042, 100, 0, 0, 26.56, 26.56, 5, 0.76, 94.5, 0, 0, 106.141, 39.918, 0, 0, 0, 0, 0, 14, 0, 14.412, 0, 2.11, 189, 0, 0, 0, 53.12, 1, 0.005, 0.005, 123.8, 36.042, 100, 0, 0, 141, 26.56, 26.56, 5, 0.76, 0, 94.5, 0, 0, 106.141, 39.918, 0, 0, 0, 0, 
34.55, 17.42, 100.33, 73.4, 74.152, , -2.366, 0.986, 2109.326, 2109.326, 2.103, -54.373, -54.373, -54.373, 53.076, 85.589, 35.42, 35.759, 7.382, 12.937, 0, 0, -5.632, -5.716, -5.632, -5.716, 1, 39.41, 39.41, 0.024, 0.136, -14.144, -14.347, -14.144, -14.347, 4.727, 7.382, 12.937, , , 1, 34.589, 0, 0, 14.4, 2.103, 189, 0, 0, 0, 53.077, 5.068, 5.059, 123.8, 36.187, 100, 0, 0, 26.5, 26.5, 5, 0.762, 94.461, 0, 0, 106.23, 39.77, 0, 0, 0, 0, 0, 14, 0, 14.4, 0, 2.103, 189, 0, 0, 0, 53.077, 1, 0.005, 0.005, 123.8, 36.187, 100, 0, 0, 141, 26.5, 26.5, 5, 0.762, 0, 94.461, 0, 0, 106.23, 39.77, 0, 0, 0, 0, 
34.6, 17.42, 100.33, 73.4, 74.154, , -2.326, 0.986, 2112.228, 2112.228, 2.096, -53.42, -53.42, -53.42, 53.049, 86.609, 35.42, 35.702, 7.381, 12.946, 0, 0, -5.515, -5.599, -5.515, -5.599, 1, 39.293, 39.293, 0.024, 0.137, -13.902, -14.103, -13.902, -14.103, 4.722, 7.381, 12.946, , , 1, 34.64, 0, 0, 14.4, 2.096, 189, 0, 0, 0, 53.27, 5.087, 5.108, 123.8, 36.331, 100, 0, 0, 26.5, 26.5, 5, 0.765, 94.365, 0, 0, 105.554, 39.77, 0, 0, 0, 0, 0, 14, 0, 14.4, 0, 2.096, 189, 0, 0, 0, 53.27, 1, 0.005, 0.005, 123.8, 36.331, 100, 0, 0, 141, 26.5, 26.5, 5, 0.765, 0, 94.365, 0, 0, 105.554, 39.77, 0, 0, 0, 0, 
34.65, 17.42, 100.33, 73.4, 74.155, , -2.325, 0.986, 2115.11, 2115.11, 2.089, -53.414, -53.414, -53.414, 53.029, 87.629, 35.42, 35.645, 7.38, 12.95, 0, 0, -5.499, -5.582, -5.499, -5.582, 1, 39.176, 39.176, 0.024, 0.136, -13.906, -14.109, -13.906, -14.109, 4.701, 7.38, 12.95, , , 1, 34.69, 0, 0, 14.4, 2.089, 189, 0, 0, 0, 53.463, 5.106, 5.156, 123.8, 36.474, 100, 0, 0, 26.5, 26.5, 5, 0.769, 94.268, 0, 0, 104.878, 39.77, 0, 0, 0, 0, 0, 14, 0, 14.4, 0, 2.089, 189, 0, 0, 0, 53.463, 1, 0.005, 0.005, 123.8, 36.474, 100, 0, 0, 141, 26.5, 26.5, 5, 0.769, 0, 94.268, 0, 0, 104.878, 39.77, 0, 0, 0, 0, 
34.7, 17.42, 100.33, 73.4, 74.157, , -2.321, 0.986, 2117.992, 2117.992, 2.082, -53.314, -53.314, -53.314, 53.013, 88.65, 35.413, 35.578, 7.379, 12.944, 0, 0, -5.474, -5.555, -5.474, -5.555, 1, 39.059, 39.059, 0.024, 0.136, -13.884, -14.087, -13.884, -14.087, 4.68, 7.379, 12.944, , , 1, 34.74, 0, 0, 14.4, 2.082, 189, 0, 0, 0, 53.656, 5.126, 5.204, 123.8, 36.618, 100, 0, 0, 26.5, 26.5, 5, 0.773, 94.172, 0, 0, 104.203, 39.77, 0, 0, 0, 0, 0, 14, 0, 14.4, 0, 2.082, 189, 0, 0, 0, 53.656, 1, 0.005, 0.005, 123.8, 36.618, 100, 0, 0, 141, 26.5, 26.5, 5, 0.773, 0, 94.172, 0, 0, 104.203, 39.77, 0, 0, 0, 0, 
34.75, 17.42, 100.33, 73.4, 74.158, , -2.329, 0.986, 2120.866, 2120.866, 2.074, -53.513, -53.513, -53.513, 53.007, 86.196, 35.377, 35.47, 7.378, 12.932, 0, 0, -5.478, -5.558, -5.478, -5.558, 1, 38.941, 38.941, 0.024, 0.136, -13.938, -14.142, -13.938, -14.142, 4.658, 7.378, 12.932, , , 1, 34.79, 0, 0, 14.4, 2.074, 189, 0, 0, 0, 53.849, 5.145, 5.252, 123.8, 36.761, 100, 0, 0, 26.5, 26.5, 5, 0.777, 94.075, 0, 0, 103.527, 39.77, 0, 0, 0, 0, 0, 14, 0, 14.4, 0, 2.074, 189, 0, 0, 0, 53.849, 1, 0.005, 0.005, 123.8, 36.761, 100, 0, 0, 141, 26.5, 26.5, 5, 0.777, 0, 94.075, 0, 0, 103.527, 39.77, 0, 0, 0, 0, 
34.8, 17.42, 100.33, 73.4, 74.16, , -2.379, 0.986, 2123.713, 2123.713, 2.068, -54.704, -54.704, -54.704, 53.007, 83.671, 35.341, 35.362, 7.378, 12.913, 0, 0, -5.582, -5.662, -5.582, -5.662, 1, 38.823, 38.823, 0.024, 0.136, -14.249, -14.455, -14.249, -14.455, 4.636, 7.378, 12.913, , , 1, 34.84, 0, 0, 14.4, 2.068, 189, 0, 0, 0, 54, 5.167, 5.292, 123.8, 36.906, 100, 0, 0, 26.478, 26.478, 5, 0.779, 94.11, 0, 0, 102.978, 39.715, 0, 0, 0, 0, 0, 14, 0, 14.4, 0, 2.068, 189, 0, 0, 0, 54, 1, 0.005, 0.005, 123.8, 36.906, 100, 0, 0, 141, 26.478, 26.478, 5, 0.779, 0, 94.11, 0, 0, 102.978, 39.715, 0, 0, 0, 0, 
34.85, 17.42, 100.33, 73.4, 74.16, , -2.413, 0.986, 2126.561, 2126.561, 2.062, -55.501, -55.501, -55.501, 53.015, 81.146, 35.305, 35.254, 7.377, 12.888, 0, 0, -5.645, -5.725, -5.645, -5.725, 1, 38.703, 38.703, 0.024, 0.136, -14.455, -14.663, -14.455, -14.663, 4.616, 7.377, 12.888, , , 1, 34.889, 0, 0, 14.4, 2.062, 189, 0, 0, 0, 54, 5.201, 5.302, 123.8, 37.054, 100, 0, 0, 26.378, 26.378, 5, 0.775, 94.612, 0, 0, 102.878, 39.467, 0, 0, 0, 0, 0, 14, 0, 14.4, 0, 2.062, 189, 0, 0, 0, 54, 1, 0.005, 0.005, 123.8, 37.054, 100, 0, 0, 141, 26.378, 26.378, 5, 0.775, 0, 94.612, 0, 0, 102.878, 39.467, 0, 0, 0, 0, 
34.9, 17.42, 100.33, 73.4, 74.16, , -2.435, 0.986, 2129.409, 2129.409, 2.056, -56.035, -56.035, -56.035, 53.026, 78.621, 35.269, 35.146, 7.377, 12.867, 0, 0, -5.682, -5.762, -5.682, -5.762, 1, 38.58, 38.58, 0.024, 0.135, -14.591, -14.801, -14.591, -14.801, 4.596, 7.377, 12.867, , , 1, 34.94, 0, 0, 14.4, 2.056, 189, 0, 0, 0, 54, 5.235, 5.312, 123.8, 37.202, 100, 0, 0, 26.278, 26.278, 5, 0.771, 95.114, 0, 0, 102.777, 39.219, 0, 0, 0, 0, 0, 14, 0, 14.4, 0, 2.056, 189, 0, 0, 0, 54, 1, 0.005, 0.005, 123.8, 37.202, 100, 0, 0, 141, 26.278, 26.278, 5, 0.771, 0, 95.114, 0, 0, 102.777, 39.219, 0, 0, 0, 0, 
34.95, 17.42, 100.33, 73.4, 74.16, , -2.447, 0.986, 2132.256, 2132.256, 2.05, -56.312, -56.312, -56.312, 53.039, 76.097, 35.247, 35.06, 7.377, 12.847, 0, 0, -5.693, -5.773, -5.693, -5.773, 1, 38.456, 38.456, 0.024, 0.135, -14.659, -14.869, -14.659, -14.869, 4.577, 7.377, 12.847, , , 1, 34.989, 0, 0, 14.4, 2.05, 189, 0, 0, 0, 54, 5.269, 5.322, 123.8, 37.35, 100, 0, 0, 26.178, 26.178, 5, 0.767, 95.616, 0, 0, 102.677, 38.971, 0, 0, 0, 0, 0, 14, 0, 14.4, 0, 2.05, 189, 0, 0, 0, 54, 1, 0.005, 0.005, 123.8, 37.35, 100, 0, 0, 141, 26.178, 26.178, 5, 0.767, 0, 95.616, 0, 0, 102.677, 38.971, 0, 0, 0, 0, 
35, 17.42, 100.33, 73.4, 74.16, , -2.456, 0.986, 2135.092, 2135.092, 2.044, -56.538, -56.538, -56.538, 53.055, 73.572, 35.283, 35.06, 7.377, 12.835, 0, 0, -5.698, -5.778, -5.698, -5.778, 1, 38.334, 38.334, 0.024, 0.135, -14.713, -14.924, -14.713, -14.924, 4.557, 7.377, 12.835, , , 1, 35.04, 0, 0, 14.4, 2.044, 189, 0, 0, 0, 54, 5.303, 5.332, 123.8, 37.498, 100, 0, 0, 26.078, 26.078, 5, 0.763, 96.118, 0, 0, 102.576, 38.723, 0, 0, 0, 0, 0, 14, 0, 14.4, 0, 2.044, 189, 0, 0, 0, 54, 1, 0.005, 0.005, 123.8, 37.498, 100, 0, 0, 141, 26.078, 26.078, 5, 0.763, 0, 96.118, 0, 0, 102.576, 38.723, 0, 0, 0, 0, 
35.05, 17.42, 100.33, 73.4, 74.16, , -2.462, 0.986, 2137.905, 2137.905, 2.038, -56.676, -56.676, -56.676, 53.073, 71.047, 35.319, 35.06, 7.377, 12.829, 0, 0, -5.692, -5.772, -5.692, -5.772, 1, 38.21, 38.21, 0.024, 0.135, -14.743, -14.956, -14.743, -14.956, 4.537, 7.377, 12.829, , , 1, 35.09, 0, 0, 14.4, 2.038, 189, 0, 0, 0, 53.956, 5.328, 5.333, 123.8, 37.627, 100, 0, 0, 25.978, 25.978, 5, 0.761, 96.356, 0, 0, 102.5, 38.502, 0, 0, 0, 0, 0, 14, 0, 14.4, 0, 2.038, 189, 0, 0, 0, 53.956, 1, 0.005, 0.005, 123.8, 37.627, 100, 0, 0, 141, 25.978, 25.978, 5, 0.761, 0, 96.356, 0, 0, 102.5, 38.502, 0, 0, 0, 0, 
35.1, 17.42, 100.33, 73.4, 74.16, , -2.476, 0.986, 2140.718, 2140.718, 2.032, -57.016, -57.016, -57.016, 53.093, 68.522, 35.355, 35.06, 7.377, 12.83, 0, 0, -5.706, -5.787, -5.706, -5.787, 1, 38.086, 38.086, 0.024, 0.135, -14.826, -15.04, -14.826, -15.04, 4.516, 7.377, 12.83, , , 1, 35.139, 0, 0, 14.4, 2.032, 189, 0, 0, 0, 53.755, 5.32, 5.303, 123.8, 37.699, 100, 0, 0, 25.878, 25.878, 5, 0.765, 95.756, 0, 0, 102.5, 38.376, 0, 0, 0, 0, 0, 14, 0, 14.4, 0, 2.032, 189, 0, 0, 0, 53.755, 1, 0.005, 0.005, 123.8, 37.699, 100, 0, 0, 141, 25.878, 25.878, 5, 0.765, 0, 95.756, 0, 0, 102.5, 38.376, 0, 0, 0, 0, 
35.15, 17.42, 100.33, 73.4, 74.16, , -2.495, 0.986, 2143.531, 2143.531, 2.026, -57.46, -57.46, -57.46, 53.111, 65.998, 35.391, 35.06, 7.378, 12.838, 0, 0, -5.73, -5.813, -5.73, -5.813, 1, 37.961, 37.961, 0.024, 0.135, -14.937, -15.15, -14.937, -15.15, 4.495, 7.378, 12.838, , , 1, 35.19, 0, 0, 14.4, 2.026, 189, 0, 0, 0, 53.554, 5.312, 5.273, 123.8, 37.771, 100, 0, 0, 25.778, 25.778, 5, 0.769, 95.156, 0, 0, 102.5, 38.25, 0, 0, 0, 0, 0, 14, 0, 14.4, 0, 2.026, 189, 0, 0, 0, 53.554, 1, 0.005, 0.005, 123.8, 37.771, 100, 0, 0, 141, 25.778, 25.778, 5, 0.769, 0, 95.156, 0, 0, 102.5, 38.25, 0, 0, 0, 0, 
35.2, 17.42, 100.33, 73.4, 74.16, , -2.542, 0.986, 2146.312, 2146.312, 2.02, -58.581, -58.581, -58.581, 53.129, 63.473, 35.37, 35.11, 7.378, 12.848, 0, 0, -5.823, -5.909, -5.823, -5.909, 1, 37.836, 37.836, 0.024, 0.135, -15.224, -15.442, -15.224, -15.442, 4.474, 7.378, 12.848, , , 1, 35.239, 0, 0, 14.4, 2.02, 189, 0, 0, 0, 53.353, 5.304, 5.243, 123.8, 37.843, 100, 0, 0, 25.678, 25.678, 5, 0.773, 94.556, 0, 0, 102.5, 38.124, 0, 0, 0, 0, 0, 14, 0, 14.4, 0, 2.02, 189, 0, 0, 0, 53.353, 1, 0.005, 0.005, 123.8, 37.843, 100, 0, 0, 141, 25.678, 25.678, 5, 0.773, 0, 94.556, 0, 0, 102.5, 38.124, 0, 0, 0, 0, 
35.25, 17.42, 100.33, 73.4, 74.16, , -2.58, 0.986, 2149.093, 2149.093, 2.014, -59.477, -59.477, -59.477, 53.145, 60.948, 35.118, 35.362, 7.379, 12.86, 0, 0, -5.894, -5.98, -5.894, -5.98, 1, 37.705, 37.705, 0.024, 0.135, -15.454, -15.674, -15.454, -15.674, 4.455, 7.379, 12.86, , , 1, 35.289, 0, 0, 14.4, 2.014, 189, 0, 0, 0, 53.153, 5.296, 5.213, 123.8, 37.915, 100, 0, 0, 25.578, 25.578, 5, 0.777, 93.956, 0, 0, 102.5, 37.998, 0, 0, 0, 0, 0, 14, 0, 14.4, 0, 2.014, 189, 0, 0, 0, 53.153, 1, 0.005, 0.005, 123.8, 37.915, 100, 0, 0, 141, 25.578, 25.578, 5, 0.777, 0, 93.956, 0, 0, 102.5, 37.998, 0, 0, 0, 0, 
35.3, 17.42, 100.33, 73.4, 74.16, , -2.597, 0.986, 2151.874, 2151.874, 2.008, -59.896, -59.896, -59.896, 53.158, 58.423, 34.866, 35.614, 7.379, 12.87, 0, 0, -5.915, -6.002, -5.915, -6.002, 1, 37.574, 37.574, 0.024, 0.135, -15.559, -15.781, -15.559, -15.781, 4.457, 7.379, 12.87, , , 1, 35.339, 0, 0, 14.402, 2.008, 189, 0, 0, 0, 53.046, 5.293, 5.196, 123.8, 38.004, 100, 0, 0, 25.479, 25.479, 5, 0.779, 93.465, 0, 0, 102.569, 37.861, 0, 0, 0, 0, 0, 14, 0, 14.402, 0, 2.008, 189, 0, 0, 0, 53.046, 1, 0.005, 0.005, 123.8, 38.004, 100, 0, 0, 141, 25.479, 25.479, 5, 0.779, 0, 93.465, 0, 0, 102.569, 37.861, 0, 0, 0, 0, 
35.35, 17.42, 100.33, 73.4, 74.16, , -2.615, 0.986, 2154.633, 2154.633, 1.997, -60.328, -60.328, -60.328, 53.168, 55.899, 34.614, 35.866, 7.38, 12.878, 0, 0, -5.938, -6.024, -5.938, -6.024, 1, 37.443, 37.443, 0.024, 0.135, -15.668, -15.893, -15.668, -15.893, 4.46, 7.38, 12.878, , , 1, 35.39, 0, 0, 14.412, 1.997, 189, 0, 0, 0, 53.238, 5.304, 5.223, 123.8, 38.146, 100, 0, 0, 25.383, 25.383, 5, 0.775, 93.321, 0, 0, 102.858, 37.682, 0, 0, 0, 0, 0, 14, 0, 14.412, 0, 1.997, 189, 0, 0, 0, 53.238, 1, 0.005, 0.005, 123.8, 38.146, 100, 0, 0, 141, 25.383, 25.383, 5, 0.775, 0, 93.321, 0, 0, 102.858, 37.682, 0, 0, 0, 0, 
35.4, 17.42, 100.33, 73.4, 74.16, , -2.634, 0.986, 2157.38, 2157.38, 1.987, -60.767, -60.767, -60.767, 53.168, 53.374, 34.362, 36.118, 7.38, 12.886, 0, 0, -5.962, -6.045, -5.962, -6.045, 1, 37.31, 37.31, 0.024, 0.135, -15.78, -16.007, -15.78, -16.007, 4.462, 7.38, 12.886, , , 1, 35.439, 0, 0, 14.422, 1.987, 189, 0, 0, 0, 53.429, 5.316, 5.25, 123.8, 38.289, 100, 0, 0, 25.287, 25.287, 5, 0.771, 93.177, 0, 0, 103.146, 37.503, 0, 0, 0, 0, 0, 14, 0, 14.422, 0, 1.987, 189, 0, 0, 0, 53.429, 1, 0.005, 0.005, 123.8, 38.289, 100, 0, 0, 141, 25.287, 25.287, 5, 0.771, 0, 93.177, 0, 0, 103.146, 37.503, 0, 0, 0, 0, 
35.45, 17.42, 100.33, 73.4, 74.16, , -2.682, 0.986, 2160.126, 2160.126, 1.977, -61.918, -61.918, -61.918, 53.166, 50.849, 34.167, 36.298, 7.379, 12.892, 0, 0, -6.054, -6.139, -6.054, -6.139, 1, 37.176, 37.176, 0.024, 0.135, -16.08, -16.312, -16.08, -16.312, 4.465, 7.379, 12.892, , , 1, 35.49, 0, 0, 14.431, 1.977, 189, 0, 0, 0, 53.621, 5.327, 5.277, 123.8, 38.431, 100, 0, 0, 25.19, 25.19, 5, 0.768, 93.033, 0, 0, 103.435, 37.324, 0, 0, 0, 0, 0, 14, 0, 14.431, 0, 1.977, 189, 0, 0, 0, 53.621, 1, 0.005, 0.005, 123.8, 38.431, 100, 0, 0, 141, 25.19, 25.19, 5, 0.768, 0, 93.033, 0, 0, 103.435, 37.324, 0, 0, 0, 0, 
35.5, 17.42, 100.33, 73.4, 74.16, , -2.721, 0.986, 2162.865, 2162.865, 1.966, -62.831, -62.831, -62.831, 53.154, 48.324, 34.203, 36.19, 7.379, 12.897, 0, 0, -6.122, -6.208, -6.122, -6.208, 1, 37.041, 37.041, 0.024, 0.135, -16.319, -16.556, -16.319, -16.556, 4.47, 7.379, 12.897, , , 1, 35.539, 0, 0, 14.441, 1.966, 189, 0, 0, 0, 53.812, 5.339, 5.304, 123.8, 38.573, 100, 0, 0, 25.094, 25.094, 5, 0.764, 92.888, 0, 0, 103.723, 37.145, 0, 0, 0, 0, 0, 14, 0, 14.441, 0, 1.966, 189, 0, 0, 0, 53.812, 1, 0.005, 0.005, 123.8, 38.573, 100, 0, 0, 141, 25.094, 25.094, 5, 0.764, 0, 92.888, 0, 0, 103.723, 37.145, 0, 0, 0, 0, 
35.55, 17.42, 100.33, 73.4, 74.16, , -2.721, 0.986, 2165.58, 2165.58, 1.956, -62.848, -62.848, -62.848, 53.138, 45.8, 34.239, 36.082, 7.378, 12.901, 0, 0, -6.1, -6.184, -6.1, -6.184, 1, 36.904, 36.904, 0.024, 0.136, -16.329, -16.565, -16.329, -16.565, 4.474, 7.378, 12.901, , , 1, 35.59, 0, 0, 14.45, 1.956, 189, 0, 0, 0, 54, 5.35, 5.33, 123.8, 38.713, 100, 0, 0, 25, 25, 5, 0.76, 92.748, 0, 0, 103.996, 36.969, 0, 0, 0, 0, 0, 14, 0, 14.45, 0, 1.956, 189, 0, 0, 0, 54, 1, 0.005, 0.005, 123.8, 38.713, 100, 0, 0, 141, 25, 25, 5, 0.76, 0, 92.748, 0, 0, 103.996, 36.969, 0, 0, 0, 0, 
35.6, 17.42, 100.33, 73.4, 74.16, , -2.731, 0.986, 2168.295, 2168.295, 1.952, -63.087, -63.087, -63.087, 53.115, 43.275, 34.275, 35.974, 7.378, 12.907, 0, 0, -6.1, -6.184, -6.1, -6.184, 1, 36.767, 36.767, 0.024, 0.136, -16.396, -16.632, -16.396, -16.632, 4.479, 7.378, 12.907, , , 1, 35.64, 0, 0, 14.461, 1.952, 189, 0, 0, 0, 54, 5.35, 5.334, 123.8, 38.793, 100, 0, 0, 25, 25, 5, 0.76, 92.694, 0, 0, 103.888, 36.902, 0, 0, 0, 0, 0, 14, 0, 14.461, 0, 1.952, 189, 0, 0, 0, 54, 1, 0.005, 0.005, 123.8, 38.793, 100, 0, 0, 141, 25, 25, 5, 0.76, 0, 92.694, 0, 0, 103.888, 36.902, 0, 0, 0, 0, 
35.65, 17.42, 100.33, 73.4, 74.16, , -2.75, 0.986, 2171.012, 2171.012, 1.948, -63.531, -63.531, -63.531, 53.109, 40.75, 34.311, 35.866, 7.377, 12.917, 0, 0, -6.119, -6.206, -6.119, -6.206, 1, 36.628, 36.628, 0.024, 0.136, -16.516, -16.753, -16.516, -16.753, 4.484, 7.377, 12.917, , , 1, 35.689, 0, 0, 14.472, 1.948, 189, 0, 0, 0, 54, 5.35, 5.339, 123.8, 38.873, 100, 0, 0, 25, 25, 5, 0.76, 92.64, 0, 0, 103.78, 36.834, 0, 0, 0, 0, 0, 14, 0, 14.472, 0, 1.948, 189, 0, 0, 0, 54, 1, 0.005, 0.005, 123.8, 38.873, 100, 0, 0, 141, 25, 25, 5, 0.76, 0, 92.64, 0, 0, 103.78, 36.834, 0, 0, 0, 0, 
35.7, 17.42, 100.33, 73.4, 74.16, , -2.756, 0.986, 2173.702, 2173.702, 1.944, -63.69, -63.69, -63.69, 53.113, 52.956, 34.347, 35.766, 7.377, 12.93, 0, 0, -6.111, -6.198, -6.111, -6.198, 1, 36.488, 36.488, 0.024, 0.136, -16.554, -16.79, -16.554, -16.79, 4.477, 7.377, 12.93, , , 1, 35.74, 0, 0, 14.483, 1.944, 189, 0, 0, 0, 54, 5.35, 5.343, 123.8, 38.952, 100, 0, 0, 25, 25, 5, 0.76, 92.586, 0, 0, 103.672, 36.767, 0, 0, 0, 0, 0, 14, 0, 14.483, 0, 1.944, 189, 0, 0, 0, 54, 1, 0.005, 0.005, 123.8, 38.952, 100, 0, 0, 141, 25, 25, 5, 0.76, 0, 92.586, 0, 0, 103.672, 36.767, 0, 0, 0, 0, 
35.75, 17.42, 100.33, 73.4, 74.16, , -2.76, 0.986, 2176.385, 2176.385, 1.94, -63.783, -63.783, -63.783, 53.144, 56.746, 34.383, 35.694, 7.377, 12.948, 0, 0, -6.096, -6.183, -6.096, -6.183, 1, 36.35, 36.35, 0.024, 0.136, -16.572, -16.808, -16.572, -16.808, 4.466, 7.377, 12.948, , , 1, 35.789, 0, 0, 14.494, 1.94, 189, 0, 0, 0, 54, 5.35, 5.347, 123.8, 39.032, 100, 0, 0, 25, 25, 5, 0.76, 92.532, 0, 0, 103.565, 36.7, 0, 0, 0, 0, 0, 14, 0, 14.494, 0, 1.94, 189, 0, 0, 0, 54, 1, 0.005, 0.005, 123.8, 39.032, 100, 0, 0, 141, 25, 25, 5, 0.76, 0, 92.532, 0, 0, 103.565, 36.7, 0, 0, 0, 0, 
35.8, 17.42, 100.33, 73.4, 74.16, , -2.767, 0.986, 2179.069, 2179.069, 1.935, -63.946, -63.946, -63.946, 53.181, 57.578, 34.419, 35.622, 7.377, 12.971, 0, 0, -6.087, -6.175, -6.087, -6.175, 1, 36.212, 36.212, 0.024, 0.136, -16.598, -16.837, -16.598, -16.837, 4.456, 7.377, 12.971, , , 1, 35.839, 0, 0, 14.5, 1.935, 189, 0, 0, 0, 53.926, 5.355, 5.348, 123.934, 39.135, 100, 0, 0, 24.926, 24.926, 5, 0.76, 92.5, 0, 0, 103.426, 36.614, 0, 0, 0, 0, 0, 14, 0, 14.5, 0, 1.935, 189, 0, 0, 0, 53.926, 1, 0.005, 0.005, 123.934, 39.135, 100, 0, 0, 141, 24.926, 24.926, 5, 0.76, 0, 92.5, 0, 0, 103.426, 36.614, 0, 0, 0, 0, 
35.85, 17.42, 100.33, 73.4, 74.16, , -2.79, 0.986, 2181.742, 2181.742, 1.93, -64.501, -64.501, -64.501, 53.236, 58.41, 34.455, 35.55, 7.377, 13, 0, 0, -6.114, -6.205, -6.114, -6.205, 1, 36.074, 36.074, 0.024, 0.136, -16.728, -16.97, -16.728, -16.97, 4.446, 7.377, 13, , , 1, 35.889, 0, 0, 14.5, 1.93, 189, 0, 0, 0, 53.74, 5.368, 5.342, 124.268, 39.273, 100, 0, 0, 24.74, 24.74, 5, 0.76, 92.5, 0, 0, 103.24, 36.499, 0, 0, 0, 0, 0, 14, 0, 14.5, 0, 1.93, 189, 0, 0, 0, 53.74, 1, 0.005, 0.005, 124.268, 39.273, 100, 0, 0, 141, 24.74, 24.74, 5, 0.76, 0, 92.5, 0, 0, 103.24, 36.499, 0, 0, 0, 0, 
35.9, 17.42, 100.33, 73.4, 74.16, , -2.849, 0.986, 2184.395, 2184.395, 1.924, -65.889, -65.889, -65.889, 53.276, 59.243, 34.491, 35.478, 7.377, 13.028, 0, 0, -6.22, -6.312, -6.22, -6.312, 1, 35.933, 35.933, 0.024, 0.136, -17.074, -17.324, -17.074, -17.324, 4.441, 7.377, 13.028, , , 1, 35.94, 0, 0, 14.5, 1.924, 189, 0, 0, 0, 53.554, 5.381, 5.337, 124.603, 39.411, 100, 0, 0, 24.554, 24.554, 5, 0.76, 92.5, 0, 0, 103.054, 36.383, 0, 0, 0, 0, 0, 14, 0, 14.5, 0, 1.924, 189, 0, 0, 0, 53.554, 1, 0.005, 0.005, 124.603, 39.411, 100, 0, 0, 141, 24.554, 24.554, 5, 0.76, 0, 92.5, 0, 0, 103.054, 36.383, 0, 0, 0, 0, 
35.95, 17.42, 100.33, 73.4, 74.16, , -2.871, 0.986, 2187.049, 2187.049, 1.919, -66.426, -66.426, -66.426, 53.297, 60.075, 34.585, 35.384, 7.377, 13.055, 0, 0, -6.247, -6.339, -6.247, -6.339, 1, 35.787, 35.787, 0.024, 0.136, -17.208, -17.461, -17.208, -17.461, 4.441, 7.377, 13.055, , , 1, 35.989, 0, 0, 14.5, 1.919, 189, 0, 0, 0, 53.368, 5.394, 5.331, 124.938, 39.549, 100, 0, 0, 24.368, 24.368, 5, 0.76, 92.5, 0, 0, 102.868, 36.268, 0, 0, 0, 0, 0, 14, 0, 14.5, 0, 1.919, 189, 0, 0, 0, 53.368, 1, 0.005, 0.005, 124.938, 39.549, 100, 0, 0, 141, 24.368, 24.368, 5, 0.76, 0, 92.5, 0, 0, 102.868, 36.268, 0, 0, 0, 0, 
36, 17.42, 100.33, 73.4, 74.16, , -2.866, 0.986, 2189.703, 2189.703, 1.914, -66.293, -66.293, -66.293, 53.288, 60.907, 34.909, 35.204, 7.377, 13.08, 0, 0, -6.211, -6.301, -6.211, -6.301, 1, 35.642, 35.642, 0.024, 0.136, -17.173, -17.427, -17.173, -17.427, 4.44, 7.377, 13.08, , , 1, 36.04, 0, 0, 14.5, 1.914, 189, 0, 0, 0, 53.182, 5.407, 5.325, 125.272, 39.687, 100, 0, 0, 24.182, 24.182, 5, 0.76, 92.5, 0, 0, 102.682, 36.153, 0, 0, 0, 0, 0, 14, 0, 14.5, 0, 1.914, 189, 0, 0, 0, 53.182, 1, 0.005, 0.005, 125.272, 39.687, 100, 0, 0, 141, 24.182, 24.182, 5, 0.76, 0, 92.5, 0, 0, 102.682, 36.153, 0, 0, 0, 0, 
36.05, 17.42, 100.33, 73.4, 74.16, , -2.859, 0.986, 2192.333, 2192.333, 1.908, -66.145, -66.145, -66.145, 53.266, 61.739, 35.233, 35.024, 7.377, 13.103, 0, 0, -6.174, -6.262, -6.174, -6.262, 1, 35.498, 35.498, 0.024, 0.136, -17.146, -17.398, -17.146, -17.398, 4.439, 7.377, 13.103, , , 1, 36.09, 0, 0, 14.5, 1.908, 189, 0, 0, 0, 53.002, 5.421, 5.32, 125.6, 39.832, 100, 0, 0, 23.996, 23.995, 5, 0.76, 92.497, 0, 0, 102.491, 36.036, 0, 0, 0, 0, 0, 14, 0, 14.5, 0, 1.908, 189, 0, 0, 0, 53.002, 1, 0.005, 0.005, 125.6, 39.832, 100, 0, 0, 141, 23.996, 23.995, 5, 0.76, 0, 92.497, 0, 0, 102.491, 36.036, 0, 0, 0, 0, 
36.1, 17.42, 100.33, 73.4, 74.16, , -2.853, 0.986, 2194.955, 2194.955, 1.896, -65.993, -65.993, -65.993, 53.216, 62.572, 35.557, 34.844, 7.377, 13.125, 0, 0, -6.137, -6.223, -6.137, -6.223, 1, 35.354, 35.354, 0.024, 0.136, -17.12, -17.37, -17.12, -17.37, 4.442, 7.377, 13.125, , , 1, 36.14, 0, 0, 14.5, 1.896, 189, 0, 0, 0, 53.102, 5.458, 5.338, 125.6, 40.128, 100, 0, 0, 23.796, 23.745, 5, 0.762, 92.347, 0, 0, 102.041, 35.85, 0, 0, 0, 0, 0, 14, 0, 14.5, 0, 1.896, 189, 0, 0, 0, 53.102, 1, 0.005, 0.005, 125.6, 40.128, 100, 0, 0, 141, 23.796, 23.745, 5, 0.762, 0, 92.347, 0, 0, 102.041, 35.85, 0, 0, 0, 0, 
36.15, 17.42, 100.33, 73.4, 74.16, , -2.826, 0.986, 2197.549, 2197.549, 1.883, -65.373, -65.373, -65.373, 53.167, 63.404, 35.881, 34.664, 7.377, 13.143, 0, 0, -6.054, -6.137, -6.054, -6.137, 1, 35.21, 35.21, 0.024, 0.135, -16.972, -17.218, -16.972, -17.218, 4.455, 7.377, 13.143, , , 1, 36.19, 0, 0, 14.5, 1.883, 189, 0, 0, 0, 53.202, 5.495, 5.356, 125.6, 40.424, 100, 0, 0, 23.596, 23.495, 5, 0.764, 92.197, 0, 0, 101.591, 35.664, 0, 0, 0, 0, 0, 14, 0, 14.5, 0, 1.883, 189, 0, 0, 0, 53.202, 1, 0.005, 0.005, 125.6, 40.424, 100, 0, 0, 141, 23.596, 23.495, 5, 0.764, 0, 92.197, 0, 0, 101.591, 35.664, 0, 0, 0, 0, 
36.2, 17.42, 100.33, 73.4, 74.16, , -2.799, 0.986, 2200.137, 2200.137, 1.87, -64.72, -64.72, -64.72, 53.145, 64.236, 36.14, 34.57, 7.377, 13.161, 0, 0, -5.969, -6.049, -5.969, -6.049, 1, 35.069, 35.069, 0.024, 0.135, -16.813, -17.056, -16.813, -17.056, 4.468, 7.377, 13.161, , , 1, 36.24, 0, 0, 14.5, 1.87, 189, 0, 0, 0, 53.302, 5.532, 5.374, 125.6, 40.72, 100, 0, 0, 23.396, 23.245, 5, 0.766, 92.047, 0, 0, 101.141, 35.478, 0, 0, 0, 0, 0, 14, 0, 14.5, 0, 1.87, 189, 0, 0, 0, 53.302, 1, 0.006, 0.005, 125.6, 40.72, 100, 0, 0, 141, 23.396, 23.245, 5, 0.766, 0, 92.047, 0, 0, 101.141, 35.478, 0, 0, 0, 0, 
36.25, 17.42, 100.33, 73.4, 74.16, , -2.766, 0.986, 2202.703, 2202.703, 1.857, -63.945, -63.945, -63.945, 53.132, 65.068, 36.14, 34.822, 7.377, 13.179, 0, 0, -5.876, -5.954, -5.876, -5.954, 1, 34.929, 34.929, 0.024, 0.135, -16.615, -16.854, -16.615, -16.854, 4.481, 7.377, 13.179, , , 1, 36.29, 0, 0, 14.5, 1.857, 189, 0, 0, 0, 53.402, 5.569, 5.392, 125.6, 41.016, 100, 0, 0, 23.196, 22.995, 5, 0.768, 91.897, 0, 0, 100.691, 35.292, 0, 0, 0, 0, 0, 14, 0, 14.5, 0, 1.857, 189, 0, 0, 0, 53.402, 1, 0.006, 0.005, 125.6, 41.016, 100, 0, 0, 141, 23.196, 22.995, 5, 0.768, 0, 91.897, 0, 0, 100.691, 35.292, 0, 0, 0, 0, 
36.3, 17.42, 100.33, 73.4, 74.16, , -2.735, 0.986, 2205.269, 2205.269, 1.845, -63.209, -63.209, -63.209, 53.14, 65.901, 36.14, 35.074, 7.377, 13.196, 0, 0, -5.786, -5.862, -5.786, -5.862, 1, 34.792, 34.792, 0.024, 0.135, -16.424, -16.659, -16.424, -16.659, 4.494, 7.377, 13.196, , , 1, 36.339, 0, 0, 14.5, 1.845, 189, 0, 0, 0, 53.502, 5.605, 5.41, 125.6, 41.303, 100, 0, 0, 22.998, 22.749, 5, 0.77, 91.749, 0, 0, 100.245, 35.109, 0, 0, 0, 0, 0, 14, 0, 14.5, 0, 1.845, 189, 0, 0, 0, 53.502, 1, 0.006, 0.006, 125.6, 41.303, 100, 0, 0, 141, 22.998, 22.749, 5, 0.77, 0, 91.749, 0, 0, 100.245, 35.109, 0, 0, 0, 0, 
36.35, 17.42, 100.33, 73.4, 74.16, , -2.706, 0.986, 2207.836, 2207.836, 1.842, -62.531, -62.531, -62.531, 53.157, 66.733, 36.14, 35.326, 7.377, 13.212, 0, 0, -5.702, -5.776, -5.702, -5.776, 1, 34.655, 34.655, 0.024, 0.135, -16.243, -16.474, -16.243, -16.474, 4.5, 7.377, 13.212, , , 1, 36.389, 0, 0, 14.5, 1.842, 189, 0, 0, 0, 53.606, 5.623, 5.429, 125.6, 41.38, 100, 0, 0, 22.894, 22.697, 5, 0.768, 91.697, 0, 0, 99.983, 35.044, 0, 0, 0, 0, 0, 14, 0, 14.5, 0, 1.842, 189, 0, 0, 0, 53.606, 1, 0.006, 0.006, 125.6, 41.38, 100, 0, 0, 141, 22.894, 22.697, 5, 0.768, 0, 91.697, 0, 0, 99.983, 35.044, 0, 0, 0, 0, 
36.4, 17.42, 100.33, 73.4, 74.16, , -2.697, 0.986, 2210.386, 2210.386, 1.839, -62.304, -62.304, -62.304, 53.184, 67.565, 36.14, 35.578, 7.377, 13.226, 0, 0, -5.657, -5.732, -5.657, -5.732, 1, 34.52, 34.52, 0.024, 0.135, -16.176, -16.407, -16.176, -16.407, 4.507, 7.377, 13.226, , , 1, 36.44, 0, 0, 14.5, 1.839, 189, 0, 0, 0, 53.71, 5.641, 5.448, 125.6, 41.457, 100, 0, 0, 22.79, 22.645, 5, 0.766, 91.644, 0, 0, 99.722, 34.98, 0, 0, 0, 0, 0, 14, 0, 14.5, 0, 1.839, 189, 0, 0, 0, 53.71, 1, 0.006, 0.006, 125.6, 41.457, 100, 0, 0, 141, 22.79, 22.645, 5, 0.766, 0, 91.644, 0, 0, 99.722, 34.98, 0, 0, 0, 0, 
36.45, 17.42, 100.33, 73.4, 74.16, , -2.701, 0.986, 2212.924, 2212.924, 1.836, -62.404, -62.404, -62.404, 53.212, 68.397, 36.034, 35.752, 7.377, 13.237, 0, 0, -5.641, -5.717, -5.641, -5.717, 1, 34.384, 34.384, 0.024, 0.135, -16.192, -16.425, -16.192, -16.425, 4.513, 7.377, 13.237, , , 1, 36.49, 0, 0, 14.5, 1.836, 189, 0, 0, 0, 53.815, 5.658, 5.467, 125.6, 41.534, 100, 0, 0, 22.685, 22.593, 5, 0.764, 91.592, 0, 0, 99.46, 34.915, 0, 0, 0, 0, 0, 14, 0, 14.5, 0, 1.836, 189, 0, 0, 0, 53.815, 1, 0.006, 0.006, 125.6, 41.534, 100, 0, 0, 141, 22.685, 22.593, 5, 0.764, 0, 91.592, 0, 0, 99.46, 34.915, 0, 0, 0, 0, 
36.5, 17.42, 100.33, 73.4, 74.16, , -2.705, 0.986, 2215.461, 2215.461, 1.832, -62.512, -62.512, -62.512, 53.241, 69.23, 35.505, 35.611, 7.377, 13.245, 0, 0, -5.627, -5.705, -5.627, -5.705, 1, 34.248, 34.248, 0.024, 0.135, -16.211, -16.445, -16.211, -16.445, 4.518, 7.377, 13.245, , , 1, 36.539, 0, 0, 14.5, 1.832, 189, 0, 0, 0, 53.919, 5.676, 5.485, 125.6, 41.611, 100, 0, 0, 22.581, 22.541, 5, 0.762, 91.54, 0, 0, 99.199, 34.85, 0, 0, 0, 0, 0, 14, 0, 14.5, 0, 1.832, 189, 0, 0, 0, 53.919, 1, 0.006, 0.006, 125.6, 41.611, 100, 0, 0, 141, 22.581, 22.541, 5, 0.762, 0, 91.54, 0, 0, 99.199, 34.85, 0, 0, 0, 0, 
36.55, 17.42, 100.33, 73.4, 74.16, , -2.71, 0.986, 2217.999, 2217.999, 1.829, -62.622, -62.622, -62.622, 53.27, 70.062, 34.975, 35.469, 7.377, 13.243, 0, 0, -5.615, -5.694, -5.615, -5.694, 1, 34.112, 34.112, 0.024, 0.135, -16.231, -16.465, -16.231, -16.465, 4.507, 7.377, 13.243, , , 1, 36.589, 0, 0, 14.5, 1.829, 189.049, 0, 0, 0, 53.955, 5.694, 5.5, 125.6, 41.688, 100, 0, 0, 22.477, 22.477, 5, 0.761, 91.525, 0, 0, 99.025, 34.772, 0, 0, 0, 0, 0, 14, 0, 14.5, 0, 1.829, 189.049, 0, 0, 0, 53.955, 1, 0.006, 0.006, 125.6, 41.688, 100, 0, 0, 141, 22.477, 22.477, 5, 0.761, 0, 91.525, 0, 0, 99.025, 34.772, 0, 0, 0, 0, 
36.6, 17.42, 100.33, 73.4, 74.16, , -2.755, 0.986, 2220.512, 2220.512, 1.822, -63.693, -63.693, -63.693, 53.299, 70.894, 34.446, 35.328, 7.377, 13.238, 0, 0, -5.686, -5.769, -5.686, -5.769, 1, 33.975, 33.975, 0.024, 0.135, -16.503, -16.739, -16.503, -16.739, 4.495, 7.377, 13.238, , , 1, 36.64, 0, 0, 14.5, 1.822, 189.255, 0, 0, 0, 53.748, 5.713, 5.5, 125.6, 41.762, 100, 0, 0, 22.374, 22.374, 5, 0.765, 91.628, 0, 0, 99.128, 34.644, 0, 0, 0, 0, 0, 14, 0, 14.5, 0, 1.822, 189.255, 0, 0, 0, 53.748, 1, 0.006, 0.006, 125.6, 41.762, 100, 0, 0, 141, 22.374, 22.374, 5, 0.765, 0, 91.628, 0, 0, 99.128, 34.644, 0, 0, 0, 0, 
36.65, 17.42, 100.33, 73.4, 74.16, , -2.799, 0.986, 2223.021, 2223.021, 1.816, -64.743, -64.743, -64.743, 53.312, 71.726, 33.916, 35.187, 7.377, 13.222, 0, 0, -5.755, -5.842, -5.755, -5.842, 1, 33.834, 33.834, 0.024, 0.136, -16.769, -17.009, -16.769, -17.009, 4.484, 7.377, 13.222, , , 1, 36.689, 0, 0, 14.5, 1.816, 189.461, 0, 0, 0, 53.541, 5.731, 5.5, 125.6, 41.836, 100, 0, 0, 22.272, 22.272, 5, 0.769, 91.73, 0, 0, 99.23, 34.517, 0, 0, 0, 0, 0, 14, 0, 14.5, 0, 1.816, 189.461, 0, 0, 0, 53.541, 1, 0.006, 0.006, 125.6, 41.836, 100, 0, 0, 141, 22.272, 22.272, 5, 0.769, 0, 91.73, 0, 0, 99.23, 34.517, 0, 0, 0, 0, 
36.7, 17.42, 100.33, 73.4, 74.16, , -2.714, 0.986, 2225.507, 2225.507, 1.81, -62.727, -62.727, -62.727, 53.321, 72.558, 33.488, 35.086, 7.377, 13.205, 0, 0, -5.555, -5.638, -5.555, -5.638, 1, 33.693, 33.693, 0.024, 0.136, -16.248, -16.48, -16.248, -16.48, 4.472, 7.377, 13.205, , , 1, 36.74, 0, 0, 14.5, 1.81, 189.667, 0, 0, 0, 53.335, 5.75, 5.5, 125.6, 41.91, 100, 0, 0, 22.169, 22.169, 5, 0.773, 91.833, 0, 0, 99.333, 34.389, 0, 0, 0, 0, 0, 14, 0, 14.5, 0, 1.81, 189.667, 0, 0, 0, 53.335, 1, 0.006, 0.006, 125.6, 41.91, 100, 0, 0, 141, 22.169, 22.169, 5, 0.773, 0, 91.833, 0, 0, 99.333, 34.389, 0, 0, 0, 0, 
36.75, 17.42, 100.33, 73.4, 74.16, , -2.648, 0.986, 2227.991, 2227.991, 1.804, -61.158, -61.158, -61.158, 53.298, 73.391, 33.965, 35.343, 7.377, 13.182, 0, 0, -5.394, -5.474, -5.394, -5.474, 1, 33.56, 33.56, 0.024, 0.136, -15.844, -16.071, -15.844, -16.071, 4.451, 7.377, 13.182, , , 1, 36.79, 0, 0, 14.5, 1.804, 189.872, 0, 0, 0, 53.128, 5.768, 5.5, 125.6, 41.984, 100, 0, 0, 22.066, 22.066, 5, 0.777, 91.936, 0, 0, 99.436, 34.262, 0, 0, 0, 0, 0, 14, 0, 14.5, 0, 1.804, 189.872, 0, 0, 0, 53.128, 1, 0.006, 0.006, 125.6, 41.984, 100, 0, 0, 141, 22.066, 22.066, 5, 0.777, 0, 91.936, 0, 0, 99.436, 34.262, 0, 0, 0, 0, 
36.8, 17.42, 100.33, 73.4, 74.16, , -2.681, 0.986, 2230.475, 2230.475, 1.797, -61.939, -61.939, -61.939, 53.277, 74.223, 34.443, 35.6, 7.377, 13.161, 0, 0, -5.442, -5.522, -5.442, -5.522, 1, 33.427, 33.427, 0.024, 0.136, -16.056, -16.287, -16.056, -16.287, 4.429, 7.377, 13.161, , , 1, 36.839, 0, 0, 14.5, 1.797, 190, 0, 0, 0, 53.074, 5.783, 5.501, 125.467, 42.112, 100, 0, 0, 21.965, 21.965, 5, 0.779, 91.89, 0, 0, 99.39, 34.136, 0, 0, 0, 0, 0, 14, 0, 14.5, 0, 1.797, 190, 0, 0, 0, 53.074, 1, 0.006, 0.006, 125.467, 42.112, 100, 0, 0, 141, 21.965, 21.965, 5, 0.779, 0, 91.89, 0, 0, 99.39, 34.136, 0, 0, 0, 0, 
36.85, 17.42, 100.33, 73.4, 74.16, , -2.69, 0.986, 2232.944, 2232.944, 1.788, -62.164, -62.164, -62.164, 53.261, 75.055, 34.92, 35.857, 7.377, 13.151, 0, 0, -5.44, -5.519, -5.44, -5.519, 1, 33.29, 33.29, 0.024, 0.136, -16.121, -16.353, -16.121, -16.353, 4.407, 7.377, 13.151, , , 1, 36.889, 0, 0, 14.5, 1.788, 190, 0, 0, 0, 53.267, 5.791, 5.505, 125.119, 42.327, 100, 0, 0, 21.868, 21.868, 5, 0.775, 91.599, 0, 0, 99.099, 34.013, 0, 0, 0, 0, 0, 14, 0, 14.5, 0, 1.788, 190, 0, 0, 0, 53.267, 1, 0.006, 0.006, 125.119, 42.327, 100, 0, 0, 141, 21.868, 21.868, 5, 0.775, 0, 91.599, 0, 0, 99.099, 34.013, 0, 0, 0, 0, 
36.9, 17.42, 100.33, 73.4, 74.16, , -2.633, 0.986, 2235.376, 2235.376, 1.78, -60.806, -60.806, -60.806, 53.264, 75.887, 35.398, 36.114, 7.377, 13.144, 0, 0, -5.3, -5.375, -5.3, -5.375, 1, 33.155, 33.155, 0.024, 0.136, -15.765, -15.994, -15.765, -15.994, 4.385, 7.377, 13.144, , , 1, 36.94, 0, 0, 14.5, 1.78, 190, 0, 0, 0, 53.461, 5.798, 5.509, 124.77, 42.542, 100, 0, 0, 21.77, 21.77, 5, 0.771, 91.308, 0, 0, 98.808, 33.891, 0, 0, 0, 0, 0, 14, 0, 14.5, 0, 1.78, 190, 0, 0, 0, 53.461, 1, 0.006, 0.006, 124.77, 42.542, 100, 0, 0, 141, 21.77, 21.77, 5, 0.771, 0, 91.308, 0, 0, 98.808, 33.891, 0, 0, 0, 0, 
36.95, 17.42, 100.33, 73.4, 74.16, , -2.574, 0.986, 2237.808, 2237.808, 1.771, -59.414, -59.414, -59.414, 53.307, 76.72, 35.766, 36.507, 7.377, 13.146, 0, 0, -5.158, -5.231, -5.158, -5.231, 1, 33.025, 33.025, 0.024, 0.136, -15.395, -15.62, -15.395, -15.62, 4.369, 7.377, 13.146, , , 1, 36.989, 0, 0, 14.5, 1.771, 190, 0, 0, 0, 53.655, 5.806, 5.513, 124.421, 42.757, 100, 0, 0, 21.673, 21.673, 5, 0.767, 91.017, 0, 0, 98.517, 33.768, 0, 0, 0, 0, 0, 14, 0, 14.5, 0, 1.771, 190, 0, 0, 0, 53.655, 1, 0.006, 0.006, 124.421, 42.757, 100, 0, 0, 141, 21.673, 21.673, 5, 0.767, 0, 91.017, 0, 0, 98.517, 33.768, 0, 0, 0, 0, 
37, 17.42, 100.33, 73.4, 74.16, , -2.513, 0.986, 2240.24, 2240.24, 1.763, -57.963, -57.963, -57.963, 53.373, 77.552, 35.694, 37.443, 7.377, 13.149, 0, 0, -5.014, -5.085, -5.014, -5.085, 1, 32.896, 32.896, 0.024, 0.136, -15.003, -15.22, -15.003, -15.22, 4.357, 7.377, 13.149, , , 1, 37.039, 0, 0, 14.5, 1.763, 190, 0, 0, 0, 53.849, 5.814, 5.517, 124.072, 42.972, 100, 0, 0, 21.576, 21.576, 5, 0.763, 90.727, 0, 0, 98.227, 33.646, 0, 0, 0, 0, 0, 14, 0, 14.5, 0, 1.763, 190, 0, 0, 0, 53.849, 1, 0.006, 0.006, 124.072, 42.972, 100, 0, 0, 141, 21.576, 21.576, 5, 0.763, 0, 90.727, 0, 0, 98.227, 33.646, 0, 0, 0, 0, 
37.05, 17.42, 100.33, 73.4, 74.16, , -2.441, 0.986, 2242.672, 2242.672, 1.756, -56.275, -56.275, -56.275, 53.472, 78.384, 35.622, 38.379, 7.377, 13.158, 0, 0, -4.85, -4.919, -4.85, -4.919, 1, 32.769, 32.769, 0.024, 0.135, -14.542, -14.752, -14.542, -14.752, 4.345, 7.377, 13.158, , , 1, 37.09, 0, 0, 14.5, 1.756, 190, 0, 0, 0, 54, 5.823, 5.523, 123.8, 43.151, 100, 0, 0, 21.5, 21.5, 5, 0.76, 90.5, 0, 0, 97.993, 33.532, 0, 0, 0, 0, 0, 14, 0, 14.5, 0, 1.756, 190, 0, 0, 0, 54, 1, 0.006, 0.006, 123.8, 43.151, 100, 0, 0, 141, 21.5, 21.5, 5, 0.76, 0, 90.5, 0, 0, 97.993, 33.532, 0, 0, 0, 0, 
37.1, 17.42, 100.33, 73.4, 74.16, , -2.358, 0.986, 2245.105, 2245.105, 1.754, -54.287, -54.287, -54.287, 53.585, 79.216, 35.55, 39.315, 7.377, 13.167, 0, 0, -4.661, -4.726, -4.661, -4.726, 1, 32.647, 32.647, 0.024, 0.135, -13.994, -14.195, -13.994, -14.195, 4.332, 7.377, 13.167, , , 1, 37.14, 0, 0, 14.5, 1.754, 190, 0, 0, 0, 54, 5.834, 5.535, 123.8, 43.199, 100, 0, 0, 21.5, 21.5, 5, 0.762, 90.5, 0, 0, 97.96, 33.45, 0, 0, 0, 0, 0, 14, 0, 14.5, 0, 1.754, 190, 0, 0, 0, 54, 1, 0.006, 0.006, 123.8, 43.199, 100, 0, 0, 141, 21.5, 21.5, 5, 0.762, 0, 90.5, 0, 0, 97.96, 33.45, 0, 0, 0, 0, 
37.15, 17.42, 100.33, 73.4, 74.16, , -2.296, 0.986, 2247.512, 2247.512, 1.751, -52.831, -52.831, -52.831, 53.714, 80.049, 35.478, 40.251, 7.377, 13.17, 0, 0, -4.519, -4.582, -4.519, -4.582, 1, 32.53, 32.53, 0.024, 0.135, -13.584, -13.778, -13.584, -13.778, 4.328, 7.377, 13.17, , , 1, 37.19, 0, 0, 14.5, 1.751, 190, 0, 0, 0, 54, 5.846, 5.548, 123.8, 43.248, 100, 0, 0, 21.5, 21.5, 5, 0.763, 90.5, 0, 0, 97.927, 33.369, 0, 0, 0, 0, 0, 14, 0, 14.5, 0, 1.751, 190, 0, 0, 0, 54, 1, 0.006, 0.006, 123.8, 43.248, 100, 0, 0, 141, 21.5, 21.5, 5, 0.763, 0, 90.5, 0, 0, 97.927, 33.369, 0, 0, 0, 0, 
37.2, 17.42, 100.33, 73.4, 74.16, , -2.257, 0.986, 2249.894, 2249.894, 1.749, -51.907, -51.907, -51.907, 53.84, 80.881, 35.391, 40.734, 7.377, 13.173, 0, 0, -4.422, -4.486, -4.422, -4.486, 1, 32.416, 32.416, 0.024, 0.134, -13.313, -13.502, -13.313, -13.502, 4.335, 7.377, 13.173, , , 1, 37.24, 0, 0, 14.5, 1.749, 190, 0, 0, 0, 54, 5.858, 5.56, 123.8, 43.297, 100, 0, 0, 21.5, 21.5, 5, 0.764, 90.5, 0, 0, 97.894, 33.287, 0, 0, 0, 0, 0, 14, 0, 14.5, 0, 1.749, 190, 0, 0, 0, 54, 1, 0.006, 0.006, 123.8, 43.297, 100, 0, 0, 141, 21.5, 21.5, 5, 0.764, 0, 90.5, 0, 0, 97.894, 33.287, 0, 0, 0, 0, 
37.25, 17.42, 100.33, 73.4, 74.16, , -2.195, 0.986, 2252.276, 2252.276, 1.747, -50.434, -50.434, -50.434, 53.965, 81.713, 35.247, 39.402, 7.378, 13.178, 0, 0, -4.283, -4.345, -4.283, -4.345, 1, 32.304, 32.304, 0.024, 0.134, -12.908, -13.09, -12.908, -13.09, 4.343, 7.378, 13.178, , , 1, 37.29, 0, 0, 14.5, 1.747, 190, 0, 0, 0, 54, 5.87, 5.573, 123.8, 43.346, 100, 0, 0, 21.5, 21.5, 5, 0.766, 90.5, 0, 0, 97.861, 33.206, 0, 0, 0, 0, 0, 14, 0, 14.5, 0, 1.747, 190, 0, 0, 0, 54, 1, 0.006, 0.006, 123.8, 43.346, 100, 0, 0, 141, 21.5, 21.5, 5, 0.766, 0, 90.5, 0, 0, 97.861, 33.205, 0, 0, 0, 0, 
37.3, 17.42, 100.33, 73.4, 74.16, , -2.115, 0.986, 2254.659, 2254.659, 1.745, -48.531, -48.531, -48.531, 54.083, 82.545, 35.103, 38.07, 7.378, 13.184, 0, 0, -4.109, -4.17, -4.109, -4.17, 1, 32.196, 32.196, 0.024, 0.134, -12.397, -12.571, -12.397, -12.571, 4.35, 7.378, 13.184, , , 1, 37.34, 0, 0, 14.5, 1.745, 190, 0, 0, 0, 54, 5.882, 5.585, 123.8, 43.394, 100, 0, 0, 21.5, 21.5, 5, 0.767, 90.5, 0, 0, 97.828, 33.124, 0, 0, 0, 0, 0, 14, 0, 14.5, 0, 1.745, 190, 0, 0, 0, 54, 1, 0.006, 0.006, 123.8, 43.394, 100, 0, 0, 141, 21.5, 21.5, 5, 0.767, 0, 90.5, 0, 0, 97.828, 33.124, 0, 0, 0, 0, 
37.35, 17.42, 100.33, 73.4, 74.16, , -1.72, 0.986, 2257.027, 2257.027, 1.743, -39.169, -39.169, -39.169, 54.197, 83.378, 34.959, 36.738, 7.379, 13.185, 0, 0, -3.312, -3.362, -3.312, -3.362, 1, 32.093, 32.093, 0.024, 0.133, -9.995, -10.134, -9.995, -10.134, 4.355, 7.379, 13.185, , , 1, 37.39, 0, 0, 14.5, 1.743, 190, 0, 0, 0, 54, 5.894, 5.598, 123.8, 43.443, 100, 0, 0, 21.5, 21.5, 5, 0.768, 90.5, 0, 0, 97.795, 33.043, 0, 0, 0, 0, 0, 14, 0, 14.5, 0, 1.743, 190, 0, 0, 0, 54, 1, 0.006, 0.006, 123.8, 43.443, 100, 0, 0, 141, 21.5, 21.5, 5, 0.768, 0, 90.5, 0, 0, 97.795, 33.042, 0, 0, 0, 0, 
37.4, 17.42, 100.33, 73.4, 74.16, , -1.116, 0.986, 2259.385, 2259.385, 1.741, -24.834, -24.834, -24.834, 54.247, 84.21, 34.815, 35.406, 7.379, 13.186, 0, 0, -2.098, -2.131, -2.098, -2.131, 1, 32.026, 32.026, 0.024, 0.133, -6.332, -6.419, -6.332, -6.419, 4.35, 7.379, 13.186, , , 1, 37.44, 0, 0, 14.5, 1.741, 190, 0, 0, 0, 54, 5.906, 5.61, 123.8, 43.492, 100, 0, 0, 21.5, 21.5, 5, 0.769, 90.5, 0, 0, 97.762, 32.961, 0, 0, 0, 0, 0, 14, 0, 14.5, 0, 1.741, 190, 0, 0, 0, 54, 1, 0.006, 0.006, 123.8, 43.492, 100, 0, 0, 141, 21.5, 21.5, 5, 0.769, 0, 90.5, 0, 0, 97.762, 32.96, 0, 0, 0, 0, 
37.45, , 100.33, 73.4, , , -0.331, 0.986, 2261.744, 2261.744, 1.739, -6.215, -6.215, -6.215, 54.259, 85.042, 34.728, 34.368, 7.38, 13.18, 0, 0, -0.524, -0.534, -0.524, -0.534, 1, 31.982, 31.982, 0.024, 0.133, -1.568, -1.586, -1.568, -1.586, 4.344, 7.38, 13.18, , , 1, 37.49, 0, 0, 14.5, 1.739, 190, 0, 0, 0, 54, 5.917, 5.623, 123.8, 43.541, 100, 0, 0, 21.5, 21.5, 5, 0.771, 90.5, 0, 0, 97.729, 32.879, 0, 0, 0, 0, 0, 14, 0, 14.5, 0, 1.739, 190, 0, 0, 0, 54, 1, 0.006, 0.006, 123.8, 43.541, 100, 0, 0, 141, 21.5, 21.5, 5, 0.771, 0, 90.5, 0, 0, 97.729, 32.879, 0, 0, 0, 0, 
37.5, , 100.33, 73.4, , , 0.565, 0.986, 2264.104, 2264.104, 1.737, 15.029, 15.029, 15.029, 54.176, 85.874, 34.866, 34.506, 7.38, 13.173, 0, 0, 1.271, 1.288, 1.271, 1.288, 1, 31.994, 31.994, 0.024, 0.132, 3.872, 3.931, 3.872, 3.931, 4.339, 7.38, 13.173, , , 1, 37.539, 0, 0, 14.5, 1.737, 190, 0, 0, 0, 54, 5.929, 5.635, 123.8, 43.589, 100, 0, 0, 21.5, 21.5, 5, 0.772, 90.5, 0, 0, 97.696, 32.798, 0, 0, 0, 0, 0, 14, 0, 14.5, 0, 1.737, 190, 0, 0, 0, 54, 1, 0.006, 0.006, 123.8, 43.589, 100, 0, 0, 141, 21.5, 21.5, 5, 0.772, 0, 90.5, 0, 0, 97.696, 32.797, 0, 0, 0, 0, 
37.55, , 100.33, 73.4, , , 1.381, 0.986, 2266.448, 2266.448, 1.735, 34.39, 34.39, 34.39, 54.039, 86.707, 35.003, 34.643, 7.38, 13.15, 0, 0, 2.911, 2.951, 2.911, 2.951, 1, 32.038, 32.038, 0.024, 0.132, 8.851, 8.981, 8.851, 8.981, 4.333, 7.38, 13.15, , , 1, 37.589, 0, 0, 14.5, 1.735, 190, 0, 0, 0, 54, 5.941, 5.648, 123.8, 43.638, 100, 0, 0, 21.5, 21.5, 5, 0.773, 90.5, 0, 0, 97.663, 32.716, 0, 0, 0, 0, 0, 14, 0, 14.5, 0, 1.735, 190, 0, 0, 0, 54, 1, 0.006, 0.006, 123.8, 43.638, 100, 0, 0, 141, 21.5, 21.5, 5, 0.773, 0, 90.5, 0, 0, 97.663, 32.715, 0, 0, 0, 0, 
37.6, , 100.33, 73.4, , , 2.152, 0.986, 2268.784, 2268.784, 1.733, 52.691, 52.691, 52.691, 53.808, 87.539, 35.141, 34.781, 7.379, 13.126, 0, 0, 4.464, 4.526, 4.464, 4.526, 1, 32.13, 32.13, 0.024, 0.132, 13.571, 13.77, 13.571, 13.77, 4.324, 7.379, 13.126, , , 1, 37.64, 0, 0, 14.5, 1.733, 190, 0, 0, 0, 54, 5.953, 5.66, 123.8, 43.687, 100, 0, 0, 21.5, 21.5, 5, 0.775, 90.5, 0, 0, 97.63, 32.635, 0, 0, 0, 0, 0, 14, 0, 14.5, 0, 1.733, 190, 0, 0, 0, 54, 1, 0.006, 0.006, 123.8, 43.687, 100, 0, 0, 141, 21.5, 21.5, 5, 0.775, 0, 90.5, 0, 0, 97.63, 32.633, 0, 0, 0, 0, 
37.65, , 100.33, 73.4, , , 2.601, 0.986, 2271.119, 2271.119, 1.731, 63.358, 63.358, 63.358, 53.523, 88.371, 35.279, 34.919, 7.379, 13.099, 0, 0, 5.381, 5.456, 5.381, 5.456, 1, 32.25, 32.25, 0.024, 0.132, 16.379, 16.618, 16.379, 16.618, 4.315, 7.379, 13.099, , , 1, 37.689, 0, 0, 14.5, 1.731, 190, 0, 0, 0, 54, 5.965, 5.673, 123.8, 43.736, 100, 0, 0, 21.5, 21.5, 5, 0.776, 90.5, 0, 0, 97.597, 32.553, 0, 0, 0, 0, 0, 14, 0, 14.5, 0, 1.731, 190, 0, 0, 0, 54, 1, 0.006, 0.006, 123.8, 43.736, 100, 0, 0, 141, 21.5, 21.5, 5, 0.776, 0, 90.5, 0, 0, 97.597, 32.552, 0, 0, 0, 0, 
37.7, , 100.33, 73.4, , , 2.87, 0.986, 2273.454, 2273.454, 1.729, 69.73, 69.73, 69.73, 53.192, 89.203, 35.417, 35.057, 7.378, 13.072, 0, 0, 5.94, 6.024, 5.94, 6.024, 1, 32.387, 32.387, 0.024, 0.132, 18.111, 18.376, 18.111, 18.376, 4.305, 7.378, 13.072, , , 1, 37.739, 0, 0, 14.5, 1.729, 190, 0, 0, 0, 54, 5.977, 5.685, 123.8, 43.784, 100, 0, 0, 21.5, 21.5, 5, 0.777, 90.5, 0, 0, 97.565, 32.472, 0, 0, 0, 0, 0, 14, 0, 14.5, 0, 1.729, 190, 0, 0, 0, 54, 1, 0.006, 0.006, 123.8, 43.784, 100, 0, 0, 141, 21.5, 21.5, 5, 0.777, 0, 90.5, 0, 0, 97.565, 32.47, 0, 0, 0, 0, 
37.75, , 100.33, 73.4, , , 2.982, 0.986, 2275.819, 2275.819, 1.727, 72.383, 72.383, 72.383, 52.835, 86.094, 35.457, 35.318, 7.378, 13.048, 0, 0, 6.191, 6.278, 6.191, 6.278, 1, 32.534, 32.534, 0.024, 0.131, 18.919, 19.194, 18.919, 19.194, 4.296, 7.378, 13.048, , , 1, 37.79, 0, 0, 14.5, 1.727, 190, 0, 0, 0, 54, 5.989, 5.698, 123.8, 43.833, 100, 0, 0, 21.5, 21.5, 5, 0.779, 90.5, 0, 0, 97.532, 32.39, 0, 0, 0, 0, 0, 14, 0, 14.5, 0, 1.727, 190, 0, 0, 0, 54, 1, 0.006, 0.006, 123.8, 43.833, 100, 0, 0, 141, 21.5, 21.5, 5, 0.779, 0, 90.5, 0, 0, 97.532, 32.388, 0, 0, 0, 0, 
37.8, , 100.33, 73.4, , , 3.013, 0.986, 2278.201, 2278.201, 1.725, 73.121, 73.121, 73.121, 52.459, 82.904, 35.495, 35.582, 7.377, 13.025, 0, 0, 6.284, 6.37, 6.284, 6.37, 1, 32.683, 32.683, 0.024, 0.131, 19.251, 19.529, 19.251, 19.529, 4.28, 7.377, 13.025, , , 1, 37.839, 0, 0, 14.5, 1.725, 190, 0, 0, 0, 53.992, 5.999, 5.71, 123.8, 43.886, 100, 0, 0, 21.5, 21.5, 5, 0.78, 90.504, 0, 0, 97.504, 32.315, 0, 0, 0, 0, 0, 14, 0, 14.5, 0, 1.725, 190, 0, 0, 0, 53.992, 1, 0.006, 0.006, 123.8, 43.886, 100, 0, 0, 141, 21.5, 21.5, 5, 0.78, 0, 90.504, 0, 0, 97.504, 32.32, 0, 0, 0, 0, 
37.85, , 100.33, 73.4, , , 2.977, 0.986, 2280.584, 2280.584, 1.724, 72.271, 72.271, 72.271, 52.072, 79.713, 35.532, 35.846, 7.377, 13.008, 0, 0, 6.237, 6.324, 6.237, 6.324, 1, 32.835, 32.835, 0.024, 0.132, 19.144, 19.419, 19.144, 19.419, 4.262, 7.377, 13.008, , , 1, 37.889, 0, 0, 14.5, 1.724, 190, 0, 0, 0, 53.801, 5.982, 5.697, 123.8, 44.028, 100, 0, 0, 21.5, 21.5, 5, 0.78, 90.6, 0, 0, 97.6, 32.554, 0, 0, 0, 0, 0, 14, 0, 14.5, 0, 1.724, 190, 0, 0, 0, 53.801, 1, 0.006, 0.006, 123.8, 44.028, 100, 0, 0, 141, 21.5, 21.5, 5, 0.78, 0, 90.6, 0, 0, 97.6, 32.558, 0, 0, 0, 0, 
37.9, , 100.33, 73.4, , , 2.91, 0.986, 2282.966, 2282.966, 1.723, 70.674, 70.674, 70.674, 51.794, 76.523, 35.57, 36.109, 7.377, 12.992, 0, 0, 6.125, 6.211, 6.125, 6.211, 1, 32.979, 32.979, 0.024, 0.132, 18.831, 19.1, 18.831, 19.1, 4.245, 7.377, 12.992, , , 1, 37.94, 0, 0, 14.5, 1.723, 190, 0, 0, 0, 53.609, 5.965, 5.685, 123.8, 44.17, 100, 0, 0, 21.5, 21.5, 5, 0.78, 90.696, 0, 0, 97.696, 32.794, 0, 0, 0, 0, 0, 14, 0, 14.5, 0, 1.723, 190, 0, 0, 0, 53.609, 1, 0.006, 0.006, 123.8, 44.17, 100, 0, 0, 141, 21.5, 21.5, 5, 0.78, 0, 90.696, 0, 0, 97.696, 32.797, 0, 0, 0, 0, 
37.95, , 100.33, 73.4, , , 2.903, 0.986, 2285.367, 2285.367, 1.721, 70.53, 70.53, 70.53, 51.561, 73.333, 35.586, 36.298, 7.377, 12.98, 0, 0, 6.14, 6.227, 6.14, 6.227, 1, 33.12, 33.12, 0.024, 0.132, 18.867, 19.136, 18.867, 19.136, 4.227, 7.377, 12.98, , , 1, 37.99, 0, 0, 14.5, 1.721, 190, 0, 0, 0, 53.418, 5.948, 5.672, 123.8, 44.313, 100, 0, 0, 21.5, 21.5, 5, 0.78, 90.792, 0, 0, 97.792, 33.033, 0, 0, 0, 0, 0, 14, 0, 14.5, 0, 1.721, 190, 0, 0, 0, 53.418, 1, 0.006, 0.006, 123.8, 44.313, 100, 0, 0, 141, 21.5, 21.5, 5, 0.78, 0, 90.792, 0, 0, 97.792, 33.035, 0, 0, 0, 0, 
38, , 100.33, 73.4, , , 2.921, 0.986, 2287.775, 2287.775, 1.72, 70.951, 70.951, 70.951, 51.434, 70.143, 35.514, 36.19, 7.377, 12.968, 0, 0, 6.206, 6.292, 6.206, 6.292, 1, 33.265, 33.265, 0.024, 0.132, 19.039, 19.311, 19.039, 19.311, 4.21, 7.377, 12.968, , , 1, 38.04, 0, 0, 14.5, 1.72, 190, 0, 0, 0, 53.226, 5.93, 5.66, 123.8, 44.455, 100, 0, 0, 21.5, 21.5, 5, 0.78, 90.888, 0, 0, 97.888, 33.272, 0, 0, 0, 0, 0, 14, 0, 14.5, 0, 1.72, 190, 0, 0, 0, 53.226, 1, 0.006, 0.006, 123.8, 44.455, 100, 0, 0, 141, 21.5, 21.5, 5, 0.78, 0, 90.888, 0, 0, 97.888, 33.274, 0, 0, 0, 0, 
38.05, , 100.33, 73.4, , , 2.872, 0.986, 2290.202, 2290.202, 1.719, 69.798, 69.798, 69.798, 51.346, 66.953, 35.442, 36.082, 7.377, 12.955, 0, 0, 6.132, 6.217, 6.132, 6.217, 1, 33.41, 33.41, 0.024, 0.132, 18.746, 19.016, 18.746, 19.016, 4.194, 7.377, 12.955, , , 1, 38.089, 0, 0, 14.5, 1.719, 190, 0, 0, 0, 53.034, 5.913, 5.647, 123.8, 44.597, 100, 0, 0, 21.5, 21.5, 5, 0.78, 90.985, 0, 0, 97.985, 33.512, 0, 0, 0, 0, 0, 14, 0, 14.5, 0, 1.719, 190, 0, 0, 0, 53.034, 1, 0.006, 0.006, 123.8, 44.597, 100, 0, 0, 141, 21.5, 21.5, 5, 0.78, 0, 90.985, 0, 0, 97.985, 33.512, 0, 0, 0, 0, 
38.1, , 100.33, 73.4, , , 2.805, 0.986, 2292.634, 2292.634, 1.726, 68.2, 68.2, 68.2, 51.377, 63.763, 35.37, 35.974, 7.377, 12.942, 0, 0, 6.019, 6.103, 6.019, 6.103, 1, 33.549, 33.549, 0.024, 0.132, 18.323, 18.587, 18.323, 18.587, 4.178, 7.377, 12.942, , , 1, 38.139, 0, 0, 14.5, 1.726, 190, 0, 0, 0, 53.093, 5.89, 5.631, 123.8, 44.445, 100, 0, 0, 21.546, 21.546, 5, 0.78, 91.047, 0, 0, 98.047, 33.671, 0, 0, 0, 0, 0, 14, 0, 14.5, 0, 1.726, 190, 0, 0, 0, 53.093, 1, 0.006, 0.006, 123.8, 44.445, 100, 0, 0, 141, 21.546, 21.546, 5, 0.78, 0, 91.047, 0, 0, 98.047, 33.671, 0, 0, 0, 0, 
38.15, , 100.33, 73.4, , , 2.838, 0.986, 2295.088, 2295.088, 1.735, 68.986, 68.986, 68.986, 51.434, 60.573, 35.298, 35.866, 7.377, 12.933, 0, 0, 6.113, 6.198, 6.113, 6.198, 1, 33.686, 33.686, 0.024, 0.132, 18.52, 18.788, 18.52, 18.788, 4.161, 7.377, 12.933, , , 1, 38.19, 0, 0, 14.5, 1.735, 190, 0, 0, 0, 53.206, 5.865, 5.614, 123.8, 44.237, 100, 0, 0, 21.603, 21.603, 5, 0.78, 91.104, 0, 0, 98.104, 33.812, 0, 0, 0, 0, 0, 14, 0, 14.5, 0, 1.735, 190, 0, 0, 0, 53.206, 1, 0.006, 0.006, 123.8, 44.237, 100, 0, 0, 141, 21.603, 21.603, 5, 0.78, 0, 91.104, 0, 0, 98.104, 33.812, 0, 0, 0, 0, 
38.2, , 100.33, 73.4, , , 2.887, 0.986, 2297.545, 2297.545, 1.743, 70.16, 70.16, 70.16, 51.472, 57.382, 35.233, 35.751, 7.377, 12.923, 0, 0, 6.242, 6.328, 6.242, 6.328, 1, 33.829, 33.829, 0.024, 0.132, 18.818, 19.091, 18.818, 19.091, 4.159, 7.377, 12.923, , , 1, 38.24, 0, 0, 14.5, 1.743, 190, 0, 0, 0, 53.319, 5.84, 5.597, 123.8, 44.028, 100, 0, 0, 21.66, 21.66, 5, 0.78, 91.16, 0, 0, 98.16, 33.954, 0, 0, 0, 0, 0, 14, 0, 14.5, 0, 1.743, 190, 0, 0, 0, 53.319, 1, 0.006, 0.006, 123.8, 44.028, 100, 0, 0, 141, 21.66, 21.66, 5, 0.78, 0, 91.16, 0, 0, 98.16, 33.954, 0, 0, 0, 0, 
38.25, , 100.33, 73.4, , , 2.848, 0.986, 2300.002, 2300.002, 1.751, 69.237, 69.237, 69.237, 51.507, 54.192, 35.197, 35.607, 7.377, 12.917, 0, 0, 6.184, 6.271, 6.184, 6.271, 1, 33.973, 33.973, 0.024, 0.132, 18.561, 18.829, 18.561, 18.829, 4.173, 7.377, 12.917, , , 1, 38.29, 0, 0, 14.5, 1.751, 190, 0, 0, 0, 53.432, 5.815, 5.58, 123.8, 43.82, 100, 0, 0, 21.716, 21.716, 5, 0.78, 91.216, 0, 0, 98.216, 34.095, 0, 0, 0, 0, 0, 14, 0, 14.5, 0, 1.751, 190, 0, 0, 0, 53.432, 1, 0.006, 0.006, 123.8, 43.82, 100, 0, 0, 141, 21.716, 21.716, 5, 0.78, 0, 91.216, 0, 0, 98.216, 34.095, 0, 0, 0, 0, 
38.3, , 100.33, 73.4, , , 2.809, 0.986, 2302.461, 2302.461, 1.758, 68.297, 68.297, 68.297, 51.522, 51.002, 35.161, 35.463, 7.377, 12.911, 0, 0, 6.125, 6.212, 6.125, 6.212, 1, 34.113, 34.113, 0.024, 0.132, 18.299, 18.563, 18.299, 18.563, 4.187, 7.377, 12.911, , , 1, 38.34, 0, 0, 14.5, 1.758, 190, 0, 0, 0, 53.548, 5.798, 5.569, 123.8, 43.642, 100, 0, 0, 21.774, 21.774, 5, 0.78, 91.274, 0, 0, 98.274, 34.18, 0, 0, 0, 0, 0, 14, 0, 14.5, 0, 1.758, 190, 0, 0, 0, 53.548, 1, 0.006, 0.006, 123.8, 43.642, 100, 0, 0, 141, 21.774, 21.774, 5, 0.78, 0, 91.274, 0, 0, 98.274, 34.18, 0, 0, 0, 0, 
38.35, , , , , , 2.816, , 2304.946, 2304.946, 1.762, 68.475, 68.475, 68.475, 51.536, 47.812, 35.125, 35.319, 7.377, 12.914, 0, 0, 6.152, 6.241, 6.152, 6.241, 1, 34.245, 34.245, 0.024, 0.132, 18.344, 18.608, 18.344, 18.608, 4.201, 7.377, 12.914, , , 1, 38.389, 0, 0, 14.5, 1.762, 190, 0, 0, 0, 53.667, 5.793, 5.567, 123.8, 43.508, 100, 0, 0, 21.834, 21.834, 5, 0.78, 91.334, 0, 0, 98.334, 34.18, 0, 0, 0, 0, 0, 14, 0, 14.5, 0, 1.762, 190, 0, 0, 0, 53.667, 1, 0.006, 0.006, 123.8, 43.508, 100, 0, 0, 141, 21.834, 21.834, 5, 0.78, 0, 91.334, 0, 0, 98.334, 34.18, 0, 0, 0, 0, 
38.4, , , , , , 2.817, , 2307.21, 2307.21, 1.766, 68.502, 68.502, 68.502, 51.544, 54.072, 35.089, 35.175, 7.377, 12.919, 0, 0, 6.167, 6.257, 6.167, 6.257, 1, 34.317, 34.317, 0.024, 0.132, 18.348, 18.613, 18.348, 18.613, 4.215, 7.377, 12.919, , , 1, 38.425, 0, 0, 14.5, 1.766, 190, 0, 0, 0, 53.787, 5.789, 5.564, 123.8, 43.375, 100, 0, 0, 21.894, 21.894, 5, 0.78, 91.394, 0, 0, 98.394, 34.18, 0, 0, 0, 0, 0, 14, 0, 14.5, 0, 1.766, 190, 0, 0, 0, 53.787, 1, 0.006, 0.006, 123.8, 43.375, 100, 0, 0, 141, 21.894, 21.894, 5, 0.78, 0, 91.394, 0, 0, 98.394, 34.18, 0, 0, 0, 0, 
38.45, , , , , , 2.79, , 2308.466, 2308.466, 1.77, 67.846, 67.846, 67.846, , , , , 7.377, 12.923, 0, 0, 6.121, 6.211, 6.121, 6.211, 1, 34.388, 34.388, 0.024, 0.132, 18.171, 18.432, 18.171, 18.432, 4.229, 7.377, 12.923, , , 1, 38.45, 0, 0, 14.5, 1.77, 190, 0, 0, 0, 53.907, 5.784, 5.562, 123.8, 43.241, 100, 0, 0, 21.953, 21.953, 5, 0.78, 91.454, 0, 0, 98.454, 34.18, 0, 0, 0, 0, 0, 14, 0, 14.5, 0, 1.77, 190, 0, 0, 0, 53.907, 1, 0.006, 0.006, 123.8, 43.241, 100, 0, 0, 141, 21.953, 21.953, 5, 0.78, 0, 91.454, 0, 0, 98.454, 34.18, 0, 0, 0, 0, 
38.5, , , , , , , , 2309.726, 2309.726, , , , , , , , , 7.377, 12.926, 0, 0, , , , , 1, 34.458, 34.458, 0.024, 0.132, , , , , 4.243, 7.377, 12.926, , , 1, 38.475, , , , , , , , , , , , , , , , , , , , , , , , , , , , , , , , , , , , , , , , , , , , , , , , , , , , , , , , , , , , , , , , 
38.55, , , , , , , , 2310.996, 2310.996, , , , , , , , , 7.377, 12.934, 0, 0, , , , , 1, , , 0.023, 0.132, , , , , 4.256, 7.377, 12.934, , , 1, 38.5, , , , , , , , , , , , , , , , , , , , , , , , , , , , , , , , , , , , , , , , , , , , , , , , , , , , , , , , , , , , , , , , 
38.6, , , , , , , , , , , , , , , , , , 7.377, 12.943, , , , , , , , , , , , , , , , , 7.377, 12.943, , , , , , , , , , , , , , , , , , , , , , , , , , , , , , , , , , , , , , , , , , , , , , , , , , , , , , , , , , , , , , , , , , , , 
