Time, (DWRT ATMO) Humidity, (DWRT ATMO) Pressure, (DWRT ATMO) Temperature 1, (DWRT ATMO) Temperature 2, (DWRT CPU) ????????????????????????????????????????????????????????????????, (DWRT CPU) Acceleration, (DWRT CPU) Correction Factor, (DWRT CPU) Distance, (DWRT CPU) Distance 1, (DWRT CPU) Engine RPM, (DWRT CPU) Force, (DWRT CPU) Force 1, (DWRT CPU) Force Drum 1, (DWRT CPU) Gear Ratio, (DWRT CPU) Inductive 1 Signal Strength, (DWRT CPU) Internal Temp 1, (DWRT CPU) Internal Temp 2, (DWRT CPU) LC1 Volts Petrol AFR, (DWRT CPU) LC2 Volts Petrol AFR2, (DWRT CPU) Link 0 Status, (DWRT CPU) Link 1 Status, (DWRT CPU) Power, (DWRT CPU) Power (uncorrected), (DWRT CPU) Power Drum 1, (DWRT CPU) Power Drum 1 (uncorrected), (DWRT CPU) Sampling, (DWRT CPU) Speed, (DWRT CPU) Speed 1, (DWRT CPU) TCP RX kB/s, (DWRT CPU) TCP TX kB/s, (DWRT CPU) Torque, (DWRT CPU) Torque (uncorrected), (DWRT CPU) Torque Drum 1, (DWRT CPU) Torque Drum 1 (uncorrected), (DWRT CPU) UDP RX kB/s, (DWRT CPU) User Analog 1, (DWRT CPU) User Analog 2, (DWRT CPU) User Analog 3, (DWRT CPU) User Analog 4, (Gen) Sampling, (Gen) Sampling Duration, (Harley - ECU Type 14 SW Level 141) Accel Enrichment, (Harley - ECU Type 14 SW Level 141) Decel Enleanment, (Harley - ECU Type 14 SW Level 141) Desired Air/Fuel, (Harley - ECU Type 14 SW Level 141) Engine Speed, (Harley - ECU Type 14 SW Level 141) Engine Temperature, (Harley - ECU Type 14 SW Level 141) Front Adaptive Fuel Factor, (Harley - ECU Type 14 SW Level 141) Front Closed Loop Integrator, (Harley - ECU Type 14 SW Level 141) Front Spark Knock Retard, (Harley - ECU Type 14 SW Level 141) Idle Air Control Motor Position, (Harley - ECU Type 14 SW Level 141) Injector Time Front, (Harley - ECU Type 14 SW Level 141) Injector Time Rear, (Harley - ECU Type 14 SW Level 141) Intake Air Temperature, (Harley - ECU Type 14 SW Level 141) Manifold Absolute Pressure, (Harley - ECU Type 14 SW Level 141) Rear Adaptive Fuel Factor, (Harley - ECU Type 14 SW Level 141) Rear Closed Loop Integrator, (Harley - ECU Type 14 SW Level 141) Rear Spark Knock Retard, (Harley - ECU Type 14 SW Level 141) Spark Advance Front, (Harley - ECU Type 14 SW Level 141) Spark Advance Rear, (Harley - ECU Type 14 SW Level 141) Throttle Position, (Harley - ECU Type 14 SW Level 141) Throttle Position Sensor Voltage, (Harley - ECU Type 14 SW Level 141) VE Front, (Harley - ECU Type 14 SW Level 141) VE New Front, (Harley - ECU Type 14 SW Level 141) VE New Rear, (Harley - ECU Type 14 SW Level 141) VE Rear, (Harley - ECU Type 14 SW Level 141) Vehicle Speed, (Harley - ECU Type 14 SW Level 141) WBO2 AFR Front, (Harley - ECU Type 14 SW Level 141) WBO2 AFR Rear, (PV) Accel Enrichment, (PV) AT Lambda 1, (PV) AT Lambda 2, (PV) Battery Voltage, (PV) Decel Enleanment, (PV) Desired Air/Fuel, (PV) Desired Lambda, (PV) Engine Speed, (PV) Engine Temperature, (PV) Front Adaptive Fuel Factor, (PV) Front Closed Loop Integrator, (PV) Front Spark Knock Retard, (PV) Idle Air Control Motor Position, (PV) Idle Set Speed, (PV) Injector Time Front, (PV) Injector Time Rear, (PV) Intake Air Temperature, (PV) Manifold Absolute Pressure, (PV) Rear Adaptive Fuel Factor, (PV) Rear Closed Loop Integrator, (PV) Rear Spark Knock Retard, (PV) Software Level, (PV) Spark Advance Front, (PV) Spark Advance Rear, (PV) Throttle Position, (PV) Throttle Position Sensor, (PV) Twistgrip Position, (PV) VE Front, (PV) VE New Front, (PV) VE New Rear, (PV) VE Rear, (PV) Vehicle Speed, (PV) Warm-up Fuel AFR (Lambda), (PV) Warm-up Fuel AFR (Ratio), (PV) WBO2 AFR Front, (PV) WBO2 AFR Rear, 
0, , , , , , , , , , , , , , , 91.7, , , , , , , , , , , , , , , , , , , , , , , , , , , , , , , , , , , , , , , , , , , , , , , , , , , , , , , , , , , , , , , , , , , , , , , , , , , , , , , , , , , , , , , , , , 
0.05, , , , , , , , , , , , , , , 87.811, , , , , , , , , , , , , , , , , , , , , , , , , , , , , , , , , , , , , , , , , , , , , , , , , , , , , , , , , , , , , , , , , , , , , , , , , , , , , , , , , , , , , , , , , , 
0.1, , , , , , , , , , , , , , , 83.922, , , , , , , , , , , , , , , , , , , , , , , , , , , , , , , , , , , , , , , , , , , , , , , , , , , , , , , , , , , , , , , , , , , , , , , , , , , , , , , , , , , , , , , , , , 
0.15, , , , , , , , , , , , , , , 80.033, , , , , , , , , , , , , , , , , , , , , , , , , , , , , , , , , , , , , , , , , , , , , , , , , , , , , , , , , , , , , , , , , , , , , , , , , , , , , , , , , , , , , , , , , , 
0.2, , , , , , , , , , , , , , , 76.144, , , , , , , , , , , , , , , , , , , , , , , , , , , , , , , , , , , , , , , , , , , , , , , , , , , , , , , , , , , , , , , , , , , , , , , , , , , , , , , , , , , , , , , , , , 
0.25, , , , , , , , , , , , , , , 72.255, , , , , , , , , , , , , , , , , , , , , , , , , , , , , , , , , , , , , , , , , , , , , , , , , , , , , , , , , , , , , , , , , , , , , , , , , , , , , , , , , , , , , , , , , , 
0.3, , , , , , , , , , , , , , , 68.365, , , , , , , , , , , , , , , , , , , , , , , , , , , , , , , , , , , , , , , , , , , , , , , , , , , , , , , , , , , , , , , , , , , , , , , , , , , , , , , , , , , , , , , , , , 
0.35, , , , , , , , , , , , , , , 64.476, , , , , , , , , , , , , , , , , , , , , , , , , , , , , , , , , , , , , , , , , , , , , , , , , , , , , , , , , , , , , , , , , , , , , , , , , , , , , , , , , , , , , , , , , , 
0.4, , , , , , , , , , , , , , , 60.587, , , , , , , , , , , , , , , , , , , , , , , , , , , , , , , , , , , , , , , , , , , , , , , , , , , , , , , , , , , , , , , , , , , , , , , , , , , , , , , , , , , , , , , , , , 
0.45, , , , , , 0.906, , , , , 23.342, 23.342, 23.342, , 56.698, , , , , , , , , , , , , , , , , , , , , , , , , 1, 0.004, , , , , , , , , , , , , , , , , , , , , , , , , , , , , , , , , , , , , , , , , , , , , , , , , , , , , , , , , , , , , , , , 
0.5, 17.34, , , 74.43, , 0.882, , , , , 22.776, 22.776, 22.776, , 52.809, , , , , , , , , , , , 44.342, 44.342, 0.024, 0.133, , , , , 4.587, , , , , 1, 0.079, , , , , , , , , , , , , , , , , , , , , , , , , , , , , , , , , , , , , , , , , , , , , , , , , , , , , , , , , , , , , , , , 
0.55, 17.34, , , 74.43, , 0.979, , 6.743, 6.743, , 25.067, 25.067, 25.067, , 48.92, , , 7.378, 12.427, , , 2.931, 2.968, 2.931, 2.968, , 44.398, 44.398, 0.024, 0.132, , , , , 4.604, 7.378, 12.427, , , 1, 0.154, , , , , , , , , , , , , , , , , , , , , , , , , , , , , , , , , , , , , , , , , , , , , , , , , , , , , , , , , , , , , , , , 
0.6, 17.34, , , 74.43, , 1.071, , 12.84, 12.84, , 27.245, 27.245, 27.245, , 45.031, , , 7.379, 12.415, 0, 0, 3.189, 3.232, 3.189, 3.232, 1, 44.478, 44.478, 0.024, 0.132, 7.777, 7.883, 7.777, 7.883, 4.621, 7.379, 12.415, , , 1, 0.228, , , , , , , , , , , , , , , , , , , , , , , , , , , , , , , , , , , , , , , , , , , , , , , , , , , , , , , , , , , , , , , , 
0.65, 17.34, , , 74.43, , 0.968, , 17.704, 17.704, , 24.81, 24.81, 24.81, , 41.142, , , 7.38, 12.404, 0, 0, 2.909, 2.949, 2.909, 2.949, 1, 44.555, 44.555, 0.024, 0.132, 6.721, 6.814, 6.721, 6.814, 4.638, 7.38, 12.404, , , 1, 0.279, , , , , , , , , , , , , , , , , , , , , , , , , , , , , , , , , , , , , , , , , , , , , , , , , , , , , , , , , , , , , , , , 
0.7, 17.34, , , 74.43, , 0.962, , 22.624, 22.624, 2.322, 24.658, 24.658, 24.658, 52.159, 37.253, 35.06, 36.283, 7.379, 12.393, 0, 0, 2.895, 2.935, 2.895, 2.935, 1, 44.626, 44.626, 0.024, 0.132, 6.562, 6.654, 6.562, 6.654, 4.654, 7.379, 12.393, , , 1, 0.353, 0, 0, 12.9, 2.322, 187.305, 0, 0, 0, 53, 4.82, 4.959, 118.4, 32.07, 100, 0, 0, 28.074, 28.074, 5, 0.76, 88.5, 0, 0, 96.924, 44.74, 0, 0, 0, 0, 0, 13.4, 0, 12.9, 0, 2.322, 187.305, 0, 0, 0, 53, 1, 0.005, 0.005, 118.4, 32.07, 100, 0, 0, 141, 28.074, 28.074, 5, 0.76, 0, 88.5, 0, 0, 96.924, 44.74, 0, 1.7, 0, 0, 
0.75, 17.34, , , 74.43, , 0.936, , 26.914, 26.914, 2.324, 24.056, 24.056, 24.056, 52.145, 51.295, 35.06, 35.851, 7.379, 12.383, 0, 0, 2.827, 2.866, 2.827, 2.866, 1, 44.676, 44.676, 0.024, 0.132, 6.374, 6.463, 6.374, 6.463, 4.655, 7.379, 12.383, , , 1, 0.403, 0, 0, 12.9, 2.324, 187.716, 0, 0, 0, 53, 4.82, 4.93, 118.4, 32.07, 100, 0, 0, 28.178, 28.178, 5, 0.76, 88.5, 0, 0, 96.821, 44.74, 0, 0, 0, 0, 0, 13.4, 0, 12.9, 0, 2.324, 187.716, 0, 0, 0, 53, 1, 0.005, 0.005, 118.4, 32.07, 100, 0, 0, 141, 28.178, 28.178, 5, 0.76, 0, 88.5, 0, 0, 96.821, 44.74, 0, 1.7, 0, 0, 
0.8, 17.34, , , 74.43, , 0.84, , 30.157, 30.157, 2.327, 21.789, 21.789, 21.789, 52.145, 52.855, 35.06, 35.419, 7.378, 12.374, 0, 0, 2.563, 2.599, 2.563, 2.599, 1, 44.719, 44.719, 0.024, 0.132, 5.774, 5.854, 5.774, 5.854, 4.657, 7.378, 12.374, , , 1, 0.453, 0, 0, 12.9, 2.327, 188.128, 0, 0, 0, 53, 4.82, 4.901, 118.4, 32.07, 100, 0, 0, 28.281, 28.281, 5, 0.76, 88.5, 0, 0, 96.718, 44.74, 0, 0, 0, 0, 0, 13.4, 0, 12.9, 0, 2.327, 188.128, 0, 0, 0, 53, 1, 0.005, 0.005, 118.4, 32.07, 100, 0, 0, 141, 28.281, 28.281, 5, 0.76, 0, 88.5, 0, 0, 96.718, 44.74, 0, 1.7, 0, 0, 
0.85, 17.34, , , 74.43, , 0.898, , 33.443, 33.443, 2.329, 23.157, 23.157, 23.157, 52.154, 53.594, 35.06, 34.987, 7.378, 12.363, 0, 0, 2.726, 2.765, 2.726, 2.765, 1, 44.761, 44.761, 0.024, 0.132, 6.135, 6.22, 6.135, 6.22, 4.658, 7.378, 12.363, , , 1, 0.503, 0, 0, 12.9, 2.329, 188.539, 0, 0, 0, 53, 4.82, 4.872, 118.4, 32.07, 100, 0, 0, 28.384, 28.384, 5, 0.76, 88.5, 0, 0, 96.615, 44.74, 0, 0, 0, 0, 0, 13.4, 0, 12.9, 0, 2.329, 188.539, 0, 0, 0, 53, 1, 0.005, 0.005, 118.4, 32.07, 100, 0, 0, 141, 28.384, 28.384, 5, 0.76, 0, 88.5, 0, 0, 96.615, 44.74, 0, 1.7, 0, 0, 
0.9, 17.34, , , 74.43, , 0.93, , 36.732, 36.732, 2.332, 23.907, 23.907, 23.907, 52.172, 54.333, 35.06, 34.555, 7.377, 12.35, 0, 0, 2.818, 2.857, 2.818, 2.857, 1, 44.806, 44.806, 0.024, 0.132, 6.333, 6.42, 6.333, 6.42, 4.659, 7.377, 12.35, , , 1, 0.553, 0, 0, 12.9, 2.332, 188.951, 0, 0, 0, 53, 4.82, 4.843, 118.4, 32.07, 100, 0, 0, 28.488, 28.488, 5, 0.76, 88.5, 0, 0, 96.512, 44.74, 0, 0, 0, 0, 0, 13.4, 0, 12.9, 0, 2.332, 188.951, 0, 0, 0, 53, 1, 0.005, 0.005, 118.4, 32.07, 100, 0, 0, 141, 28.488, 28.488, 5, 0.76, 0, 88.5, 0, 0, 96.512, 44.74, 0, 1.7, 0, 0, 
0.95, 17.34, , , 74.43, , 0.926, , 40.016, 40.016, 2.334, 23.827, 23.827, 23.827, 52.181, 55.072, 35.126, 34.686, 7.377, 12.341, 0, 0, 2.812, 2.85, 2.812, 2.85, 1, 44.852, 44.852, 0.024, 0.132, 6.312, 6.397, 6.312, 6.397, 4.663, 7.377, 12.341, , , 1, 0.603, 0, 0, 12.9, 2.334, 188.67, 0, 0, 0, 53, 4.806, 4.834, 118.4, 32.07, 100, 0, 0, 28.5, 28.5, 5, 0.76, 88.5, 0, 0, 96.418, 44.842, 0, 0, 0, 0, 0, 13.4, 0, 12.9, 0, 2.334, 188.67, 0, 0, 0, 53, 1, 0.005, 0.005, 118.4, 32.07, 100, 0, 0, 141, 28.5, 28.5, 5, 0.76, 0, 88.5, 0, 0, 96.418, 44.842, 0, 1.692, 0, 0, 
1, 17.34, , , 74.43, , 0.906, , 43.258, 43.258, 2.337, 23.35, 23.35, 23.35, 52.187, 55.811, 35.198, 34.866, 7.377, 12.336, 0, 0, 2.758, 2.796, 2.758, 2.796, 1, 44.897, 44.897, 0.024, 0.132, 6.186, 6.267, 6.186, 6.267, 4.668, 7.377, 12.336, , , 1, 0.653, 0, 0, 12.9, 2.337, 188.296, 0, 0, 0, 53, 4.79, 4.828, 118.4, 32.07, 100, 0, 0, 28.5, 28.5, 5, 0.76, 88.5, 0, 0, 96.324, 44.957, 0, 0, 0, 0, 0, 13.4, 0, 12.9, 0, 2.337, 188.296, 0, 0, 0, 53, 1, 0.005, 0.005, 118.4, 32.07, 100, 0, 0, 141, 28.5, 28.5, 5, 0.76, 0, 88.5, 0, 0, 96.324, 44.957, 0, 1.682, 0, 0, 
1.05, 17.34, , , 74.43, , 0.95, , 46.532, 46.532, 2.34, 24.388, 24.388, 24.388, 52.192, 56.55, 35.27, 35.046, 7.377, 12.337, 0, 0, 2.884, 2.923, 2.884, 2.923, 1, 44.941, 44.941, 0.024, 0.132, 6.46, 6.544, 6.46, 6.544, 4.672, 7.377, 12.337, , , 1, 0.704, 0, 0, 12.9, 2.34, 187.921, 0, 0, 0, 53, 4.774, 4.821, 118.4, 32.07, 100, 0, 0, 28.5, 28.5, 5, 0.76, 88.5, 0, 0, 96.23, 45.073, 0, 0, 0, 0, 0, 13.4, 0, 12.9, 0, 2.34, 187.921, 0, 0, 0, 53, 1, 0.005, 0.005, 118.4, 32.07, 100, 0, 0, 141, 28.5, 28.5, 5, 0.76, 0, 88.5, 0, 0, 96.23, 45.073, 0, 1.673, 0, 0, 
1.1, 17.34, , , 74.43, , 0.983, , 49.82, 49.82, 2.343, 25.169, 25.169, 25.169, 52.187, 57.289, 35.342, 35.226, 7.377, 12.345, 0, 0, 2.98, 3.019, 2.98, 3.019, 1, 44.992, 44.992, 0.024, 0.132, 6.666, 6.754, 6.666, 6.754, 4.677, 7.377, 12.345, , , 1, 0.753, 0, 0, 12.9, 2.343, 187.547, 0, 0, 0, 53, 4.758, 4.815, 118.4, 32.07, 100, 0, 0, 28.5, 28.5, 5, 0.76, 88.5, 0, 0, 96.137, 45.189, 0, 0, 0, 0, 0, 13.4, 0, 12.9, 0, 2.343, 187.547, 0, 0, 0, 53, 1, 0.005, 0.005, 118.4, 32.07, 100, 0, 0, 141, 28.5, 28.5, 5, 0.76, 0, 88.5, 0, 0, 96.137, 45.189, 0, 1.664, 0, 0, 
1.15, 17.34, , , 74.43, , 0.877, , 53.109, 53.109, 2.346, 22.663, 22.663, 22.663, 52.185, 58.028, 35.414, 35.406, 7.377, 12.357, 0, 0, 2.688, 2.721, 2.688, 2.721, 1, 45.039, 45.039, 0.024, 0.132, 6.002, 6.081, 6.002, 6.081, 4.681, 7.377, 12.357, , , 1, 0.804, 0, 0, 12.9, 2.346, 187.172, 0, 0, 0, 53, 4.743, 4.808, 118.4, 32.07, 100, 0, 0, 28.5, 28.5, 5, 0.76, 88.5, 0, 0, 96.043, 45.304, 0, 0, 0, 0, 0, 13.4, 0, 12.9, 0, 2.346, 187.172, 0, 0, 0, 53, 1, 0.005, 0.005, 118.4, 32.07, 100, 0, 0, 141, 28.5, 28.5, 5, 0.76, 0, 88.5, 0, 0, 96.043, 45.304, 0, 1.654, 0, 0, 
1.2, 17.34, , , 74.43, , 0.905, , 56.436, 56.436, 2.349, 23.322, 23.322, 23.322, 52.185, 58.767, 35.254, 35.42, 7.377, 12.375, 0, 0, 2.768, 2.804, 2.768, 2.804, 1, 45.083, 45.083, 0.024, 0.132, 6.175, 6.259, 6.175, 6.259, 4.685, 7.377, 12.375, , , 1, 0.853, 0, 0, 12.911, 2.349, 187, 0, 0, 0, 53, 4.729, 4.799, 118.4, 32.008, 100, 0, 0, 28.527, 28.527, 5, 0.76, 88.444, 0, 0, 96, 45.394, 0, 0, 0, 0, 0, 13.4, 0, 12.911, 0, 2.349, 187, 0, 0, 0, 53, 1, 0.005, 0.005, 118.4, 32.008, 100, 0, 0, 141, 28.527, 28.527, 5, 0.76, 0, 88.444, 0, 0, 96, 45.394, 0, 1.645, 0, 0, 
1.25, 17.34, , , 74.43, , 0.931, , 59.752, 59.752, 2.353, 23.952, 23.952, 23.952, 52.183, 59.506, 35.074, 35.42, 7.377, 12.391, 0, 0, 2.845, 2.882, 2.845, 2.882, 1, 45.129, 45.129, 0.024, 0.132, 6.341, 6.429, 6.341, 6.429, 4.69, 7.377, 12.391, , , 1, 0.903, 0, 0, 12.932, 2.353, 187, 0, 0, 0, 53, 4.716, 4.786, 118.4, 31.893, 100, 0, 0, 28.579, 28.579, 5, 0.76, 88.34, 0, 0, 96, 45.458, 0, 0, 0, 0, 0, 13.4, 0, 12.932, 0, 2.353, 187, 0, 0, 0, 53, 1, 0.005, 0.005, 118.4, 31.893, 100, 0, 0, 141, 28.579, 28.579, 5, 0.76, 0, 88.34, 0, 0, 96, 45.458, 0, 1.634, 0, 0, 
1.3, 17.34, , , 74.43, , 0.916, , 63.041, 63.041, 2.356, 23.582, 23.582, 23.582, 52.188, 60.244, 34.894, 35.42, 7.378, 12.405, 0, 0, 2.805, 2.84, 2.805, 2.84, 1, 45.175, 45.175, 0.024, 0.132, 6.242, 6.33, 6.242, 6.33, 4.694, 7.378, 12.405, , , 1, 0.954, 0, 0, 12.953, 2.356, 187, 0, 0, 0, 53, 4.704, 4.774, 118.4, 31.778, 100, 0, 0, 28.631, 28.631, 5, 0.76, 88.237, 0, 0, 96, 45.523, 0, 0, 0, 0, 0, 13.4, 0, 12.953, 0, 2.356, 187, 0, 0, 0, 53, 1, 0.005, 0.005, 118.4, 31.778, 100, 0, 0, 141, 28.631, 28.631, 5, 0.76, 0, 88.237, 0, 0, 96, 45.523, 0, 1.624, 0, 0, 
1.35, 17.34, , , 74.43, , 0.91, , 66.33, 66.33, 2.36, 23.438, 23.438, 23.438, 52.196, 60.983, 34.714, 35.42, 7.378, 12.414, 0, 0, 2.791, 2.826, 2.791, 2.826, 1, 45.221, 45.221, 0.024, 0.132, 6.204, 6.29, 6.204, 6.29, 4.701, 7.378, 12.414, , , 1, 1.003, 0, 0, 12.973, 2.36, 187, 0, 0, 0, 53, 4.691, 4.761, 118.4, 31.662, 100, 0, 0, 28.683, 28.683, 5, 0.76, 88.133, 0, 0, 96, 45.587, 0, 0, 0, 0, 0, 13.4, 0, 12.973, 0, 2.36, 187, 0, 0, 0, 53, 1, 0.005, 0.005, 118.4, 31.662, 100, 0, 0, 141, 28.683, 28.683, 5, 0.76, 0, 88.133, 0, 0, 96, 45.587, 0, 1.613, 0, 0, 
1.4, 17.34, 100.31, 73.62, 74.43, , 0.932, 0.987, 69.646, 69.646, 2.364, 23.975, 23.975, 23.975, 52.209, 61.722, 34.534, 35.42, 7.379, 12.416, 0, 0, 2.858, 2.894, 2.858, 2.894, 1, 45.267, 45.267, 0.024, 0.132, 6.345, 6.432, 6.345, 6.432, 4.71, 7.379, 12.416, , , 1, 1.053, 0, 0, 12.994, 2.364, 187, 0, 0, 0, 53, 4.678, 4.749, 118.4, 31.547, 100, 0, 0, 28.735, 28.735, 5, 0.76, 88.029, 0, 0, 96, 45.652, 0, 0, 0, 0, 0, 13.4, 0, 12.994, 0, 2.364, 187, 0, 0, 0, 53, 1, 0.005, 0.005, 118.4, 31.547, 100, 0, 0, 141, 28.735, 28.735, 5, 0.76, 0, 88.029, 0, 0, 96, 45.652, 0, 1.603, 0, 0, 
1.45, 17.34, 100.31, 73.62, 74.43, , 0.959, 0.987, 72.973, 72.973, 2.366, 24.621, 24.621, 24.621, 52.219, 62.461, 34.652, 35.288, 7.379, 12.416, 0, 0, 2.937, 2.974, 2.937, 2.974, 1, 45.315, 45.315, 0.024, 0.132, 6.515, 6.604, 6.515, 6.604, 4.719, 7.379, 12.416, , , 1, 1.103, 0, 0, 13, 2.366, 187, 0, 0, 0, 53, 4.679, 4.75, 118.4, 31.487, 100, 0, 0, 28.788, 28.788, 5, 0.76, 88, 0, 0, 96, 45.716, 0, 0, 0, 0, 0, 13.4, 0, 13, 0, 2.366, 187, 0, 0, 0, 53, 1, 0.005, 0.005, 118.4, 31.487, 100, 0, 0, 141, 28.788, 28.788, 5, 0.76, 0, 88, 0, 0, 96, 45.716, 0, 1.6, 0, 0, 
1.5, 17.34, 100.31, 73.62, 74.43, , 0.913, 0.987, 76.262, 76.262, 2.368, 23.515, 23.515, 23.515, 52.227, 63.2, 34.796, 35.144, 7.38, 12.412, 0, 0, 2.808, 2.844, 2.808, 2.844, 1, 45.362, 45.362, 0.024, 0.132, 6.223, 6.306, 6.223, 6.306, 4.728, 7.38, 12.412, , , 1, 1.153, 0, 0, 13, 2.368, 187, 0, 0, 0, 53, 4.684, 4.758, 118.4, 31.448, 100, 0, 0, 28.84, 28.84, 5, 0.76, 88, 0, 0, 96, 45.781, 0, 0, 0, 0, 0, 13.4, 0, 13, 0, 2.368, 187, 0, 0, 0, 53, 1, 0.005, 0.005, 118.4, 31.448, 100, 0, 0, 141, 28.84, 28.84, 5, 0.76, 0, 88, 0, 0, 96, 45.781, 0, 1.6, 0, 0, 
1.55, 17.34, 100.31, 73.62, 74.43, , 0.937, 0.987, 79.586, 79.586, 2.37, 24.09, 24.09, 24.09, 52.229, 63.939, 34.94, 35, 7.38, 12.407, 0, 0, 2.879, 2.917, 2.879, 2.917, 1, 45.408, 45.408, 0.024, 0.132, 6.376, 6.46, 6.376, 6.46, 4.737, 7.38, 12.407, , , 1, 1.203, 0, 0, 13, 2.37, 187, 0, 0, 0, 53, 4.689, 4.765, 118.4, 31.41, 100, 0, 0, 28.892, 28.892, 5, 0.76, 88, 0, 0, 96, 45.846, 0, 0, 0, 0, 0, 13.4, 0, 13, 0, 2.37, 187, 0, 0, 0, 53, 1, 0.005, 0.005, 118.4, 31.41, 100, 0, 0, 141, 28.892, 28.892, 5, 0.76, 0, 88, 0, 0, 96, 45.846, 0, 1.6, 0, 0, 
1.6, 17.34, 100.31, 73.62, 74.43, , 0.959, 0.987, 82.922, 82.922, 2.371, 24.61, 24.61, 24.61, 52.217, 64.678, 35.084, 34.856, 7.379, 12.399, 0, 0, 2.944, 2.984, 2.944, 2.984, 1, 45.456, 45.456, 0.024, 0.132, 6.516, 6.6, 6.516, 6.6, 4.743, 7.379, 12.399, , , 1, 1.254, 0, 0, 13, 2.371, 187, 0, 0, 0, 53, 4.694, 4.772, 118.4, 31.371, 100, 0, 0, 28.944, 28.944, 5, 0.76, 88, 0, 0, 96, 45.91, 0, 0, 0, 0, 0, 13.4, 0, 13, 0, 2.371, 187, 0, 0, 0, 53, 1, 0.005, 0.005, 118.4, 31.371, 100, 0, 0, 141, 28.944, 28.944, 5, 0.76, 0, 88, 0, 0, 96, 45.91, 0, 1.6, 0, 0, 
1.65, 17.34, 100.31, 73.62, 74.43, , 0.937, 0.987, 86.257, 86.257, 2.373, 24.091, 24.091, 24.091, 52.198, 65.417, 35.228, 34.712, 7.379, 12.393, 0, 0, 2.885, 2.925, 2.885, 2.925, 1, 45.503, 45.503, 0.024, 0.132, 6.38, 6.463, 6.38, 6.463, 4.749, 7.379, 12.393, , , 1, 1.303, 0, 0, 13, 2.373, 187, 0, 0, 0, 53, 4.7, 4.779, 118.4, 31.332, 100, 0, 0, 28.996, 28.996, 5, 0.76, 88, 0, 0, 96, 45.975, 0, 0, 0, 0, 0, 13.4, 0, 13, 0, 2.373, 187, 0, 0, 0, 53, 1, 0.005, 0.005, 118.4, 31.332, 100, 0, 0, 141, 28.996, 28.996, 5, 0.76, 0, 88, 0, 0, 96, 45.975, 0, 1.6, 0, 0, 
1.7, 17.34, 100.31, 73.62, 74.43, , 0.973, 0.987, 89.593, 89.593, 2.376, 24.951, 24.951, 24.951, 52.177, 66.156, 35.273, 34.995, 7.378, 12.389, 0, 0, 2.99, 3.032, 2.99, 3.032, 1, 45.55, 45.55, 0.024, 0.132, 6.612, 6.698, 6.612, 6.698, 4.755, 7.378, 12.389, , , 1, 1.354, 0, 0, 13, 2.376, 187, 0, 0, 0, 53, 4.695, 4.764, 118.56, 31.33, 100, 0, 0, 29, 29.089, 5, 0.76, 88, 0, 0, 95.91, 45.98, 0, 0, 0, 0, 0, 13.4, 0, 13, 0, 2.376, 187, 0, 0, 0, 53, 1, 0.005, 0.005, 118.56, 31.33, 100, 0, 0, 141, 29, 29.089, 5, 0.76, 0, 88, 0, 0, 95.91, 45.98, 0, 1.6, 0, 0, 
1.75, 17.34, 100.31, 73.62, 74.43, , 0.994, 0.987, 92.928, 92.928, 2.378, 25.441, 25.441, 25.441, 52.156, 66.895, 35.308, 35.315, 7.378, 12.385, 0, 0, 3.052, 3.094, 3.052, 3.094, 1, 45.598, 45.598, 0.024, 0.132, 6.743, 6.831, 6.743, 6.831, 4.761, 7.378, 12.385, , , 1, 1.403, 0, 0, 13, 2.378, 187, 0, 0, 0, 53, 4.689, 4.747, 118.734, 31.33, 100, 0, 0, 29, 29.185, 5, 0.76, 88, 0, 0, 95.813, 45.98, 0, 0, 0, 0, 0, 13.4, 0, 13, 0, 2.378, 187, 0, 0, 0, 53, 1, 0.005, 0.005, 118.734, 31.33, 100, 0, 0, 141, 29, 29.185, 5, 0.76, 0, 88, 0, 0, 95.813, 45.98, 0, 1.6, 0, 0, 
1.8, 17.34, 100.31, 73.62, 74.43, , 0.995, 0.987, 96.264, 96.264, 2.381, 25.471, 25.471, 25.471, 52.145, 67.634, 35.344, 35.635, 7.377, 12.384, 0, 0, 3.059, 3.101, 3.059, 3.101, 1, 45.648, 45.648, 0.024, 0.133, 6.751, 6.838, 6.751, 6.838, 4.763, 7.377, 12.384, , , 1, 1.454, 0, 0, 13, 2.381, 187, 0, 0, 0, 53, 4.683, 4.729, 118.907, 31.33, 100, 0, 0, 29, 29.282, 5, 0.76, 88, 0, 0, 95.717, 45.98, 0, 0, 0, 0, 0, 13.4, 0, 13, 0, 2.381, 187, 0, 0, 0, 53, 1, 0.005, 0.005, 118.907, 31.33, 100, 0, 0, 141, 29, 29.282, 5, 0.76, 0, 88, 0, 0, 95.717, 45.98, 0, 1.6, 0, 0, 
1.85, 17.341, 100.31, 73.62, 74.431, , 0.969, 0.987, 99.599, 99.599, 2.384, 24.851, 24.851, 24.851, 52.142, 68.373, 35.379, 35.955, 7.377, 12.387, 0, 0, 2.987, 3.028, 2.987, 3.028, 1, 45.697, 45.697, 0.024, 0.133, 6.587, 6.672, 6.587, 6.672, 4.764, 7.377, 12.387, , , 1, 1.503, 0, 0, 13, 2.384, 187, 0, 0, 0, 53, 4.677, 4.712, 119.081, 31.33, 100, 0, 0, 29, 29.378, 5, 0.76, 88, 0, 0, 95.621, 45.98, 0, 0, 0, 0, 0, 13.4, 0, 13, 0, 2.384, 187, 0, 0, 0, 53, 1, 0.005, 0.005, 119.081, 31.33, 100, 0, 0, 141, 29, 29.378, 5, 0.76, 0, 88, 0, 0, 95.621, 45.98, 0, 1.6, 0, 0, 
1.9, 17.342, 100.31, 73.62, 74.432, , 0.962, 0.987, 102.935, 102.935, 2.387, 24.681, 24.681, 24.681, 52.148, 69.112, 35.415, 36.275, 7.378, 12.399, 0, 0, 2.97, 3.01, 2.97, 3.01, 1, 45.745, 45.745, 0.024, 0.133, 6.541, 6.626, 6.541, 6.626, 4.766, 7.378, 12.399, , , 1, 1.554, 0, 0, 13, 2.387, 187, 0, 0, 0, 53, 4.672, 4.695, 119.255, 31.33, 100, 0, 0, 29, 29.475, 5, 0.76, 88, 0, 0, 95.525, 45.98, 0, 0, 0, 0, 0, 13.4, 0, 13, 0, 2.387, 187, 0, 0, 0, 53, 1, 0.005, 0.005, 119.255, 31.33, 100, 0, 0, 141, 29, 29.475, 5, 0.76, 0, 88, 0, 0, 95.525, 45.98, 0, 1.6, 0, 0, 
1.95, 17.343, 100.31, 73.62, 74.433, , 0.923, 0.987, 106.271, 106.271, 2.389, 23.775, 23.775, 23.775, 52.161, 69.851, 35.295, 36.132, 7.378, 12.412, 0, 0, 2.864, 2.903, 2.864, 2.903, 1, 45.794, 45.794, 0.024, 0.134, 6.3, 6.382, 6.3, 6.382, 4.768, 7.378, 12.412, , , 1, 1.604, 0, 0, 13, 2.389, 187, 0, 0, 0, 53, 4.667, 4.681, 119.161, 31.33, 100, 0, 0, 29, 29.423, 5, 0.76, 88, 0, 0, 95.5, 45.98, 0, 0, 0, 0, 0, 13.4, 0, 13, 0, 2.389, 187, 0, 0, 0, 53, 1, 0.005, 0.005, 119.161, 31.33, 100, 0, 0, 141, 29, 29.423, 5, 0.76, 0, 88, 0, 0, 95.5, 45.98, 0, 1.6, 0, 0, 
2, 17.344, 100.31, 73.62, 74.434, , 0.819, 0.987, 109.609, 109.609, 2.391, 21.309, 21.309, 21.309, 52.169, 70.59, 35.149, 35.913, 7.379, 12.425, 0, 0, 2.569, 2.604, 2.569, 2.604, 1, 45.837, 45.837, 0.024, 0.133, 5.646, 5.719, 5.646, 5.719, 4.781, 7.379, 12.425, , , 1, 1.654, 0, 0, 13, 2.391, 187, 0, 0, 0, 53, 4.663, 4.668, 118.974, 31.33, 100, 0, 0, 29, 29.32, 5, 0.76, 88, 0, 0, 95.5, 45.98, 0, 0, 0, 0, 0, 13.4, 0, 13, 0, 2.391, 187, 0, 0, 0, 53, 1, 0.005, 0.005, 118.974, 31.33, 100, 0, 0, 141, 29, 29.32, 5, 0.76, 0, 88, 0, 0, 95.5, 45.98, 0, 1.6, 0, 0, 
2.05, 17.346, 100.31, 73.62, 74.436, , 0.804, 0.987, 112.991, 112.991, 2.392, 20.947, 20.947, 20.947, 52.169, 71.329, 35.003, 35.695, 7.379, 12.436, 0, 0, 2.528, 2.563, 2.528, 2.563, 1, 45.878, 45.878, 0.024, 0.133, 5.552, 5.623, 5.552, 5.623, 4.798, 7.379, 12.436, , , 1, 1.704, 0, 0, 13, 2.392, 187, 0, 0, 0, 53, 4.659, 4.656, 118.786, 31.33, 100, 0, 0, 29, 29.216, 5, 0.76, 88, 0, 0, 95.5, 45.98, 0, 0, 0, 0, 0, 13.4, 0, 13, 0, 2.392, 187, 0, 0, 0, 53, 1, 0.005, 0.005, 118.786, 31.33, 100, 0, 0, 141, 29, 29.216, 5, 0.76, 0, 88, 0, 0, 95.5, 45.98, 0, 1.6, 0, 0, 
2.1, 17.347, 100.31, 73.62, 74.437, , 0.766, 0.987, 116.347, 116.347, 2.394, 20.043, 20.043, 20.043, 52.157, 72.068, 34.857, 35.476, 7.38, 12.44, 0, 0, 2.422, 2.455, 2.422, 2.455, 1, 45.918, 45.918, 0.024, 0.133, 5.314, 5.382, 5.314, 5.382, 4.815, 7.38, 12.44, , , 1, 1.754, 0, 0, 13, 2.394, 187, 0, 0, 0, 53, 4.654, 4.643, 118.599, 31.33, 100, 0, 0, 29, 29.112, 5, 0.76, 88, 0, 0, 95.5, 45.98, 0, 0, 0, 0, 0, 13.4, 0, 13, 0, 2.394, 187, 0, 0, 0, 53, 1, 0.005, 0.005, 118.599, 31.33, 100, 0, 0, 141, 29, 29.112, 5, 0.76, 0, 88, 0, 0, 95.5, 45.98, 0, 1.6, 0, 0, 
2.15, 17.348, 100.31, 73.62, 74.438, , 0.72, 0.987, 119.691, 119.691, 2.396, 18.953, 18.953, 18.953, 52.131, 72.807, 34.712, 35.257, 7.38, 12.442, 0, 0, 2.293, 2.323, 2.293, 2.323, 1, 45.954, 45.954, 0.024, 0.133, 5.027, 5.092, 5.027, 5.092, 4.832, 7.38, 12.442, , , 1, 1.804, 0, 0, 13, 2.396, 187, 0, 0, 0, 53, 4.65, 4.631, 118.411, 31.33, 100, 0, 0, 29, 29.008, 5, 0.76, 88, 0, 0, 95.5, 45.98, 0, 0, 0, 0, 0, 13.4, 0, 13, 0, 2.396, 187, 0, 0, 0, 53, 1, 0.005, 0.005, 118.411, 31.33, 100, 0, 0, 141, 29, 29.008, 5, 0.76, 0, 88, 0, 0, 95.5, 45.98, 0, 1.6, 0, 0, 
2.2, 17.349, 100.31, 73.62, 74.439, , 0.726, 0.987, 123.075, 123.075, 2.396, 19.092, 19.092, 19.092, 52.107, 73.546, 34.799, 35.936, 7.379, 12.433, 0, 0, 2.311, 2.341, 2.311, 2.341, 1, 45.99, 45.99, 0.024, 0.133, 5.067, 5.134, 5.067, 5.134, 4.841, 7.379, 12.433, , , 1, 1.853, 0, 0, 13, 2.396, 187.375, 0, 0, 0, 53, 4.645, 4.625, 118.4, 31.261, 100, 0, 0, 29.092, 29.092, 5, 0.76, 88, 0, 0, 95.5, 46.094, 0, 0, 0, 0, 0, 13.4, 0, 13, 0, 2.396, 187.375, 0, 0, 0, 53, 1, 0.005, 0.005, 118.4, 31.261, 100, 0, 0, 141, 29.093, 29.092, 5, 0.76, 0, 88, 0, 0, 95.5, 46.094, 0, 1.6, 0, 0, 
2.25, 17.35, 100.31, 73.62, 74.44, , 0.798, 0.987, 126.421, 126.421, 2.396, 20.809, 20.809, 20.809, 52.087, 74.285, 34.907, 36.692, 7.379, 12.425, 0, 0, 2.521, 2.554, 2.521, 2.554, 1, 46.027, 46.027, 0.024, 0.133, 5.524, 5.597, 5.524, 5.597, 4.848, 7.379, 12.425, , , 1, 1.903, 0, 0, 13, 2.396, 187.773, 0, 0, 0, 53, 4.639, 4.619, 118.4, 31.187, 100, 0, 0, 29.191, 29.191, 5, 0.76, 88, 0, 0, 95.5, 46.217, 0, 0, 0, 0, 0, 13.4, 0, 13, 0, 2.396, 187.773, 0, 0, 0, 53, 1, 0.005, 0.005, 118.4, 31.187, 100, 0, 0, 141, 29.192, 29.191, 5, 0.76, 0, 88, 0, 0, 95.5, 46.217, 0, 1.6, 0, 0, 
2.3, 17.351, 100.31, 73.62, 74.441, , 0.842, 0.987, 129.776, 129.776, 2.396, 21.851, 21.851, 21.851, 52.084, 75.024, 35.015, 37.448, 7.378, 12.42, 0, 0, 2.649, 2.683, 2.649, 2.683, 1, 46.07, 46.07, 0.024, 0.132, 5.8, 5.877, 5.8, 5.877, 4.855, 7.378, 12.42, , , 1, 1.953, 0, 0, 13, 2.396, 188.171, 0, 0, 0, 53, 4.633, 4.613, 118.4, 31.113, 100, 0, 0, 29.291, 29.291, 5, 0.76, 88, 0, 0, 95.5, 46.341, 0, 0, 0, 0, 0, 13.4, 0, 13, 0, 2.396, 188.171, 0, 0, 0, 53, 1, 0.005, 0.005, 118.4, 31.113, 100, 0, 0, 141, 29.292, 29.291, 5, 0.76, 0, 88, 0, 0, 95.5, 46.341, 0, 1.6, 0, 0, 
2.35, 17.352, 100.31, 73.62, 74.442, , 0.82, 0.987, 133.16, 133.16, 2.396, 21.337, 21.337, 21.337, 52.099, 75.763, 35.123, 38.204, 7.378, 12.415, 0, 0, 2.589, 2.622, 2.589, 2.622, 1, 46.112, 46.112, 0.024, 0.132, 5.662, 5.739, 5.662, 5.739, 4.861, 7.378, 12.415, , , 1, 2.003, 0, 0, 13, 2.396, 188.57, 0, 0, 0, 53, 4.627, 4.607, 118.4, 31.04, 100, 0, 0, 29.39, 29.39, 5, 0.76, 88, 0, 0, 95.5, 46.464, 0, 0, 0, 0, 0, 13.4, 0, 13, 0, 2.396, 188.57, 0, 0, 0, 53, 1, 0.005, 0.005, 118.4, 31.04, 100, 0, 0, 141, 29.391, 29.39, 5, 0.76, 0, 88, 0, 0, 95.5, 46.464, 0, 1.6, 0, 0, 
2.4, 17.354, 100.31, 73.62, 74.444, , 0.893, 0.987, 136.544, 136.544, 2.396, 23.063, 23.063, 23.063, 52.129, 76.502, 35.231, 38.96, 7.377, 12.415, 0, 0, 2.801, 2.837, 2.801, 2.837, 1, 46.154, 46.154, 0.024, 0.132, 6.114, 6.198, 6.114, 6.198, 4.858, 7.377, 12.415, , , 1, 2.053, 0, 0, 13, 2.396, 188.968, 0, 0, 0, 53, 4.621, 4.601, 118.4, 30.966, 100, 0, 0, 29.49, 29.49, 5, 0.76, 88, 0, 0, 95.5, 46.588, 0, 0, 0, 0, 0, 13.4, 0, 13, 0, 2.396, 188.968, 0, 0, 0, 53, 1, 0.005, 0.005, 118.4, 30.966, 100, 0, 0, 141, 29.49, 29.49, 5, 0.76, 0, 88, 0, 0, 95.5, 46.588, 0, 1.6, 0, 0, 
2.45, 17.355, 100.31, 73.62, 74.445, , 0.967, 0.987, 139.928, 139.928, 2.4, 24.822, 24.822, 24.822, 52.172, 77.241, 35.306, 38.324, 7.377, 12.415, 0, 0, 3.019, 3.058, 3.019, 3.058, 1, 46.2, 46.2, 0.024, 0.132, 6.575, 6.664, 6.575, 6.664, 4.842, 7.377, 12.415, , , 1, 2.104, 0, 0, 13, 2.4, 188.633, 0, 0, 0, 53, 4.611, 4.6, 118.4, 31.028, 100, 0, 0, 29.5, 29.5, 5, 0.76, 87.91, 0, 0, 95.41, 46.6, 0, 0, 0, 0, 0, 13.4, 0, 13, 0, 2.4, 188.633, 0, 0, 0, 53, 1, 0.005, 0.005, 118.4, 31.028, 100, 0, 0, 141, 29.5, 29.5, 5, 0.76, 0, 87.91, 0, 0, 95.41, 46.6, 0, 1.6, 0, 0, 
2.5, 17.356, 100.31, 73.62, 74.446, , 1.03, 0.987, 143.312, 143.312, 2.405, 26.309, 26.309, 26.309, 52.204, 77.98, 35.378, 37.568, 7.377, 12.415, 0, 0, 3.205, 3.245, 3.205, 3.245, 1, 46.25, 46.25, 0.024, 0.132, 6.964, 7.057, 6.964, 7.057, 4.827, 7.377, 12.415, , , 1, 2.153, 0, 0, 13, 2.405, 188.235, 0, 0, 0, 53, 4.601, 4.6, 118.4, 31.102, 100, 0, 0, 29.5, 29.5, 5, 0.76, 87.811, 0, 0, 95.311, 46.6, 0, 0, 0, 0, 0, 13.4, 0, 13, 0, 2.405, 188.235, 0, 0, 0, 53, 1, 0.005, 0.005, 118.4, 31.102, 100, 0, 0, 141, 29.5, 29.5, 5, 0.76, 0, 87.811, 0, 0, 95.311, 46.6, 0, 1.6, 0, 0, 
2.55, 17.357, 100.31, 73.62, 74.447, , 1.058, 0.987, 146.696, 146.696, 2.41, 26.968, 26.968, 26.968, 52.228, 78.719, 35.45, 36.812, 7.377, 12.413, 0, 0, 3.29, 3.33, 3.29, 3.33, 1, 46.302, 46.302, 0.024, 0.132, 7.135, 7.229, 7.135, 7.229, 4.811, 7.377, 12.413, , , 1, 2.204, 0, 0, 13, 2.41, 187.837, 0, 0, 0, 53, 4.591, 4.6, 118.4, 31.175, 100, 0, 0, 29.5, 29.5, 5, 0.76, 87.711, 0, 0, 95.211, 46.6, 0, 0, 0, 0, 0, 13.4, 0, 13, 0, 2.41, 187.837, 0, 0, 0, 53, 1, 0.005, 0.005, 118.4, 31.175, 100, 0, 0, 141, 29.5, 29.5, 5, 0.76, 0, 87.711, 0, 0, 95.211, 46.6, 0, 1.6, 0, 0, 
2.6, 17.358, 100.31, 73.62, 74.448, , 1.088, 0.987, 150.08, 150.08, 2.415, 27.692, 27.692, 27.692, 52.243, 79.458, 35.522, 36.056, 7.377, 12.404, 0, 0, 3.381, 3.421, 3.381, 3.421, 1, 46.355, 46.355, 0.024, 0.132, 7.324, 7.421, 7.324, 7.421, 4.795, 7.377, 12.404, , , 1, 2.254, 0, 0, 13, 2.415, 187.438, 0, 0, 0, 53, 4.581, 4.6, 118.4, 31.249, 100, 0, 0, 29.5, 29.5, 5, 0.76, 87.612, 0, 0, 95.112, 46.6, 0, 0, 0, 0, 0, 13.4, 0, 13, 0, 2.415, 187.438, 0, 0, 0, 53, 1, 0.005, 0.005, 118.4, 31.249, 100, 0, 0, 141, 29.5, 29.5, 5, 0.76, 0, 87.612, 0, 0, 95.112, 46.6, 0, 1.6, 0, 0, 
2.65, 17.359, 100.31, 73.62, 74.449, , 1.078, 0.987, 153.463, 153.463, 2.42, 27.445, 27.445, 27.445, 52.245, 80.197, 35.594, 35.3, 7.377, 12.395, 0, 0, 3.354, 3.393, 3.354, 3.393, 1, 46.409, 46.409, 0.024, 0.132, 7.259, 7.354, 7.259, 7.354, 4.779, 7.377, 12.395, , , 1, 2.304, 0, 0, 13, 2.42, 187.04, 0, 0, 0, 53, 4.571, 4.6, 118.4, 31.323, 100, 0, 0, 29.5, 29.5, 5, 0.76, 87.512, 0, 0, 95.012, 46.6, 0, 0, 0, 0, 0, 13.4, 0, 13, 0, 2.42, 187.04, 0, 0, 0, 53, 1, 0.005, 0.005, 118.4, 31.323, 100, 0, 0, 141, 29.5, 29.5, 5, 0.76, 0, 87.512, 0, 0, 95.012, 46.6, 0, 1.6, 0, 0, 
2.7, 17.36, 100.31, 73.62, 74.45, , 1.027, 0.987, 156.847, 156.847, 2.422, 26.254, 26.254, 26.254, 52.238, 80.936, 35.457, 35.431, 7.377, 12.384, 0, 0, 3.212, 3.249, 3.212, 3.249, 1, 46.463, 46.463, 0.024, 0.132, 6.945, 7.035, 6.945, 7.035, 4.762, 7.377, 12.384, , , 1, 2.353, 0, 0, 13, 2.422, 187, 0, 0, 0, 53, 4.57, 4.591, 118.4, 31.263, 100, 0, 0, 29.5, 29.5, 5, 0.76, 87.5, 0, 0, 95, 46.71, 0, 0, 0, 0, 0, 13.4, 0, 13, 0, 2.422, 187, 0, 0, 0, 53, 1, 0.005, 0.005, 118.4, 31.263, 100, 0, 0, 141, 29.5, 29.5, 5, 0.76, 0, 87.5, 0, 0, 95, 46.71, 0, 1.6, 0, 0, 
2.75, 17.362, 100.31, 73.62, 74.452, , 0.987, 0.987, 160.231, 160.231, 2.425, 25.304, 25.304, 25.304, 52.228, 81.675, 35.301, 35.639, 7.377, 12.373, 0, 0, 3.099, 3.137, 3.099, 3.137, 1, 46.514, 46.514, 0.024, 0.132, 6.695, 6.781, 6.695, 6.781, 4.745, 7.377, 12.373, , , 1, 2.403, 0, 0, 13, 2.425, 187, 0, 0, 0, 53, 4.57, 4.581, 118.4, 31.189, 100, 0, 0, 29.5, 29.5, 5, 0.76, 87.5, 0, 0, 95, 46.834, 0, 0, 0, 0, 0, 13.4, 0, 13, 0, 2.425, 187, 0, 0, 0, 53, 1, 0.005, 0.005, 118.4, 31.189, 100, 0, 0, 141, 29.5, 29.5, 5, 0.76, 0, 87.5, 0, 0, 95, 46.834, 0, 1.6, 0, 0, 
2.8, 17.363, 100.31, 73.62, 74.453, , 0.967, 0.987, 163.652, 163.652, 2.427, 24.814, 24.814, 24.814, 52.217, 82.414, 35.145, 35.846, 7.377, 12.361, 0, 0, 3.043, 3.08, 3.043, 3.08, 1, 46.563, 46.563, 0.024, 0.132, 6.567, 6.651, 6.567, 6.651, 4.729, 7.377, 12.361, , , 1, 2.454, 0, 0, 13, 2.427, 187, 0, 0, 0, 53, 4.57, 4.571, 118.4, 31.115, 100, 0, 0, 29.5, 29.5, 5, 0.76, 87.5, 0, 0, 95, 46.959, 0, 0, 0, 0, 0, 13.4, 0, 13, 0, 2.427, 187, 0, 0, 0, 53, 1, 0.005, 0.005, 118.4, 31.115, 100, 0, 0, 141, 29.5, 29.5, 5, 0.76, 0, 87.5, 0, 0, 95, 46.959, 0, 1.6, 0, 0, 
2.85, 17.364, 100.31, 73.62, 74.454, , 0.977, 0.987, 167.067, 167.067, 2.429, 25.062, 25.062, 25.062, 52.2, 83.153, 34.989, 36.054, 7.377, 12.349, 0, 0, 3.076, 3.115, 3.076, 3.115, 1, 46.611, 46.611, 0.024, 0.132, 6.636, 6.72, 6.636, 6.72, 4.716, 7.377, 12.349, , , 1, 2.504, 0, 0, 13, 2.429, 187, 0, 0, 0, 53, 4.57, 4.561, 118.4, 31.04, 100, 0, 0, 29.5, 29.5, 5, 0.76, 87.5, 0, 0, 95, 47.083, 0, 0, 0, 0, 0, 13.4, 0, 13, 0, 2.429, 187, 0, 0, 0, 53, 1, 0.005, 0.005, 118.4, 31.04, 100, 0, 0, 141, 29.5, 29.5, 5, 0.76, 0, 87.5, 0, 0, 95, 47.083, 0, 1.6, 0, 0, 
2.9, 17.365, 100.31, 73.62, 74.455, , 1.027, 0.987, 170.451, 170.451, 2.432, 26.25, 26.25, 26.25, 52.179, 83.892, 34.834, 36.262, 7.377, 12.344, 0, 0, 3.225, 3.268, 3.225, 3.268, 1, 46.661, 46.661, 0.024, 0.133, 6.955, 7.042, 6.955, 7.042, 4.703, 7.377, 12.344, , , 1, 2.553, 0, 0, 13, 2.432, 187, 0, 0, 0, 53, 4.57, 4.551, 118.4, 30.966, 100, 0, 0, 29.5, 29.5, 5, 0.76, 87.5, 0, 0, 95, 47.208, 0, 0, 0, 0, 0, 13.4, 0, 13, 0, 2.432, 187, 0, 0, 0, 53, 1, 0.005, 0.005, 118.4, 30.966, 100, 0, 0, 141, 29.5, 29.5, 5, 0.76, 0, 87.5, 0, 0, 95, 47.208, 0, 1.6, 0, 0, 
2.95, 17.366, 100.31, 73.62, 74.456, , 0.977, 0.987, 173.885, 173.885, 2.433, 25.068, 25.068, 25.068, 52.154, 84.631, 34.831, 36.185, 7.377, 12.338, 0, 0, 3.082, 3.122, 3.082, 3.122, 1, 46.71, 46.71, 0.024, 0.133, 6.642, 6.728, 6.642, 6.728, 4.69, 7.377, 12.338, , , 1, 2.603, 0, 0, 13, 2.433, 187, 0, 0, 0, 53, 4.565, 4.545, 118.4, 31.028, 100, 0, 0, 29.5, 29.5, 5, 0.76, 87.41, 0, 0, 94.91, 47.22, 0, 0, 0, 0, 0, 13.4, 0, 13, 0, 2.433, 187, 0, 0, 0, 53, 1, 0.005, 0.005, 118.4, 31.028, 100, 0, 0, 141, 29.5, 29.5, 5, 0.76, 0, 87.41, 0, 0, 94.91, 47.22, 0, 1.6, 0, 0, 
3, 17.367, 100.31, 73.62, 74.457, , 0.951, 0.987, 177.319, 177.319, 2.435, 24.445, 24.445, 24.445, 52.129, 85.37, 34.887, 35.998, 7.377, 12.341, 0, 0, 3.008, 3.048, 3.008, 3.048, 1, 46.758, 46.758, 0.024, 0.133, 6.481, 6.564, 6.481, 6.564, 4.678, 7.377, 12.341, , , 1, 2.653, 0, 0, 13, 2.435, 187, 0, 0, 0, 53, 4.559, 4.539, 118.4, 31.102, 100, 0, 0, 29.5, 29.5, 5, 0.76, 87.31, 0, 0, 94.81, 47.22, 0, 0, 0, 0, 0, 13.4, 0, 13, 0, 2.435, 187, 0, 0, 0, 53, 1, 0.005, 0.005, 118.4, 31.102, 100, 0, 0, 141, 29.5, 29.5, 5, 0.76, 0, 87.31, 0, 0, 94.81, 47.22, 0, 1.6, 0, 0, 
3.05, 17.368, 100.31, 73.62, 74.458, , 0.937, 0.987, 180.739, 180.739, 2.436, 24.118, 24.118, 24.118, 52.103, 79.194, 34.943, 35.81, 7.377, 12.344, 0, 0, 2.97, 3.01, 2.97, 3.01, 1, 46.804, 46.804, 0.024, 0.133, 6.398, 6.481, 6.398, 6.481, 4.695, 7.377, 12.344, , , 1, 2.703, 0, 0, 13, 2.436, 187, 0, 0, 0, 53, 4.553, 4.533, 118.4, 31.175, 100, 0, 0, 29.5, 29.5, 5, 0.76, 87.21, 0, 0, 94.71, 47.22, 0, 0, 0, 0, 0, 13.4, 0, 13, 0, 2.436, 187, 0, 0, 0, 53, 1, 0.005, 0.005, 118.4, 31.175, 100, 0, 0, 141, 29.5, 29.5, 5, 0.76, 0, 87.21, 0, 0, 94.71, 47.22, 0, 1.6, 0, 0, 
3.1, 17.37, 100.31, 73.62, 74.46, , 0.921, 0.987, 184.123, 184.123, 2.437, 23.745, 23.745, 23.745, 52.076, 73.019, 34.999, 35.622, 7.377, 12.354, 0, 0, 2.927, 2.967, 2.927, 2.967, 1, 46.85, 46.85, 0.024, 0.133, 6.302, 6.385, 6.302, 6.385, 4.721, 7.377, 12.354, , , 1, 2.753, 0, 0, 13, 2.437, 187, 0, 0, 0, 53, 4.547, 4.527, 118.4, 31.249, 100, 0, 0, 29.5, 29.5, 5, 0.76, 87.11, 0, 0, 94.61, 47.22, 0, 0, 0, 0, 0, 13.4, 0, 13, 0, 2.437, 187, 0, 0, 0, 53, 1, 0.005, 0.005, 118.4, 31.249, 100, 0, 0, 141, 29.5, 29.5, 5, 0.76, 0, 87.11, 0, 0, 94.61, 47.22, 0, 1.6, 0, 0, 
3.15, 17.371, 100.31, 73.62, 74.46, , 0.889, 0.987, 187.551, 187.551, 2.439, 22.985, 22.985, 22.985, 52.049, 66.843, 35.056, 35.435, 7.377, 12.364, 0, 0, 2.836, 2.875, 2.836, 2.875, 1, 46.895, 46.895, 0.024, 0.133, 6.104, 6.185, 6.104, 6.185, 4.748, 7.377, 12.364, , , 1, 2.803, 0, 0, 13, 2.439, 187, 0, 0, 0, 53, 4.541, 4.521, 118.4, 31.323, 100, 0, 0, 29.5, 29.5, 5, 0.76, 87.01, 0, 0, 94.51, 47.22, 0, 0, 0, 0, 0, 13.4, 0, 13, 0, 2.439, 187, 0, 0, 0, 53, 1, 0.005, 0.005, 118.4, 31.323, 100, 0, 0, 141, 29.5, 29.5, 5, 0.76, 0, 87.01, 0, 0, 94.51, 47.22, 0, 1.6, 0, 0, 
3.2, 17.371, 100.31, 73.62, 74.46, , 0.885, 0.987, 190.985, 190.985, 2.441, 22.885, 22.885, 22.885, 52.019, 60.668, 35.159, 35.586, 7.377, 12.371, 0, 0, 2.826, 2.865, 2.826, 2.865, 1, 46.939, 46.939, 0.024, 0.133, 6.081, 6.161, 6.081, 6.161, 4.774, 7.377, 12.371, , , 1, 2.854, 0, 0, 13, 2.441, 187, 0, 0, 0, 53, 4.533, 4.506, 118.4, 31.268, 100, 0, 0, 29.626, 29.626, 5, 0.76, 87, 0, 0, 94.458, 47.272, 0, 0, 0, 0, 0, 13.4, 0, 13, 0, 2.441, 187, 0, 0, 0, 53, 1, 0.005, 0.005, 118.4, 31.268, 100, 0, 0, 141, 29.626, 29.626, 5, 0.76, 0, 87, 0, 0, 94.458, 47.272, 0, 1.6, 0, 0, 
3.25, 17.372, 100.31, 73.62, 74.46, , 0.895, 0.987, 194.419, 194.419, 2.444, 23.122, 23.122, 23.122, 51.998, 54.492, 35.267, 35.766, 7.377, 12.377, 0, 0, 2.857, 2.896, 2.857, 2.896, 1, 46.983, 46.983, 0.024, 0.132, 6.147, 6.227, 6.147, 6.227, 4.795, 7.377, 12.377, , , 1, 2.904, 0, 0, 13, 2.444, 187, 0, 0, 0, 53, 4.526, 4.49, 118.4, 31.199, 100, 0, 0, 29.766, 29.766, 5, 0.76, 87, 0, 0, 94.411, 47.33, 0, 0, 0, 0, 0, 13.4, 0, 13, 0, 2.444, 187, 0, 0, 0, 53, 1, 0.005, 0.005, 118.4, 31.199, 100, 0, 0, 141, 29.766, 29.766, 5, 0.76, 0, 87, 0, 0, 94.411, 47.331, 0, 1.6, 0, 0, 
3.3, 17.373, 100.31, 73.62, 74.46, , 0.854, 0.987, 197.853, 197.853, 2.446, 22.161, 22.161, 22.161, 51.986, 48.317, 35.375, 35.946, 7.377, 12.376, 0, 0, 2.741, 2.779, 2.741, 2.779, 1, 47.026, 47.026, 0.024, 0.132, 5.893, 5.971, 5.893, 5.971, 4.816, 7.377, 12.376, , , 1, 2.954, 0, 0, 13, 2.446, 187, 0, 0, 0, 53, 4.518, 4.474, 118.4, 31.13, 100, 0, 0, 29.906, 29.906, 5, 0.76, 87, 0, 0, 94.365, 47.389, 0, 0, 0, 0, 0, 13.4, 0, 13, 0, 2.446, 187, 0, 0, 0, 53, 1, 0.004, 0.004, 118.4, 31.13, 100, 0, 0, 141, 29.906, 29.906, 5, 0.76, 0, 87, 0, 0, 94.365, 47.39, 0, 1.6, 0, 0, 
3.35, 17.374, 100.31, 73.62, 74.46, , 0.871, 0.987, 201.329, 201.329, 2.448, 22.549, 22.549, 22.549, 51.984, 42.141, 35.483, 36.126, 7.377, 12.374, 0, 0, 2.792, 2.831, 2.792, 2.831, 1, 47.07, 47.07, 0.024, 0.132, 5.997, 6.076, 5.997, 6.076, 4.836, 7.377, 12.374, , , 1, 3.003, 0, 0, 13, 2.448, 187, 0, 0, 0, 53, 4.511, 4.458, 118.4, 31.061, 100, 0, 0, 30.046, 30.046, 5, 0.76, 87, 0, 0, 94.318, 47.448, 0, 0, 0, 0, 0, 13.4, 0, 13, 0, 2.448, 187, 0, 0, 0, 53, 1, 0.004, 0.004, 118.4, 31.061, 100, 0, 0, 141, 30.046, 30.046, 5, 0.76, 0, 87, 0, 0, 94.318, 47.449, 0, 1.6, 0, 0, 
3.4, 17.374, 100.31, 73.62, 74.46, , 0.88, 0.987, 204.789, 204.789, 2.451, 22.778, 22.778, 22.778, 51.991, 56.846, 35.591, 36.306, 7.377, 12.371, 0, 0, 2.822, 2.862, 2.822, 2.862, 1, 47.114, 47.114, 0.024, 0.132, 6.058, 6.137, 6.058, 6.137, 4.857, 7.377, 12.371, , , 1, 3.053, 0, 0, 13, 2.451, 187, 0, 0, 0, 53, 4.503, 4.442, 118.4, 30.992, 100, 0, 0, 30.186, 30.186, 5, 0.76, 87, 0, 0, 94.271, 47.507, 0, 0, 0, 0, 0, 13.4, 0, 13, 0, 2.451, 187, 0, 0, 0, 53, 1, 0.004, 0.004, 118.4, 30.992, 100, 0, 0, 141, 30.186, 30.186, 5, 0.76, 0, 87, 0, 0, 94.271, 47.508, 0, 1.6, 0, 0, 
3.45, 17.375, 100.31, 73.62, 74.46, , 0.875, 0.987, 208.223, 208.223, 2.453, 22.663, 22.663, 22.663, 52.009, 58.88, 35.633, 36.121, 7.377, 12.368, 0, 0, 2.81, 2.85, 2.81, 2.85, 1, 47.156, 47.156, 0.024, 0.132, 6.026, 6.104, 6.026, 6.104, 4.858, 7.377, 12.368, , , 1, 3.104, 0, 0, 13, 2.453, 187, 0, 0, 0, 53, 4.5, 4.438, 118.4, 30.96, 100, 0, 0, 30.278, 30.278, 5, 0.76, 87, 0, 0, 94.222, 47.569, 0, 0, 0, 0, 0, 13.4, 0, 13, 0, 2.453, 187, 0, 0, 0, 53, 1, 0.004, 0.004, 118.4, 30.96, 100, 0, 0, 141, 30.278, 30.278, 5, 0.76, 0, 87, 0, 0, 94.222, 47.57, 0, 1.6, 0, 0, 
3.5, 17.376, 100.31, 73.62, 74.46, , 0.917, 0.987, 211.656, 211.656, 2.455, 23.646, 23.646, 23.646, 52.028, 59.564, 35.669, 35.905, 7.377, 12.37, 0, 0, 2.935, 2.975, 2.935, 2.975, 1, 47.2, 47.2, 0.024, 0.132, 6.285, 6.367, 6.285, 6.367, 4.843, 7.377, 12.37, , , 1, 3.153, 0, 0, 13, 2.455, 187, 0, 0, 0, 53, 4.5, 4.443, 118.4, 30.96, 100, 0, 0, 30.33, 30.33, 5, 0.76, 87, 0, 0, 94.17, 47.635, 0, 0, 0, 0, 0, 13.4, 0, 13, 0, 2.455, 187, 0, 0, 0, 53, 1, 0.004, 0.004, 118.4, 30.96, 100, 0, 0, 141, 30.33, 30.33, 5, 0.76, 0, 87, 0, 0, 94.17, 47.636, 0, 1.6, 0, 0, 
3.55, 17.377, 100.31, 73.62, 74.46, , 0.932, 0.987, 215.129, 215.129, 2.456, 24.006, 24.006, 24.006, 52.046, 60.249, 35.705, 35.689, 7.377, 12.372, 0, 0, 2.982, 3.022, 2.982, 3.022, 1, 47.246, 47.246, 0.024, 0.131, 6.379, 6.461, 6.379, 6.461, 4.828, 7.377, 12.372, , , 1, 3.203, 0, 0, 13, 2.456, 187, 0, 0, 0, 53, 4.5, 4.448, 118.4, 30.96, 100, 0, 0, 30.382, 30.382, 5, 0.76, 87, 0, 0, 94.118, 47.701, 0, 0, 0, 0, 0, 13.4, 0, 13, 0, 2.456, 187, 0, 0, 0, 53, 1, 0.004, 0.004, 118.4, 30.96, 100, 0, 0, 141, 30.382, 30.382, 5, 0.76, 0, 87, 0, 0, 94.118, 47.702, 0, 1.6, 0, 0, 
3.6, 17.377, 100.31, 73.62, 74.46, , 0.866, 0.987, 218.592, 218.592, 2.458, 22.444, 22.444, 22.444, 52.061, 60.933, 35.741, 35.473, 7.377, 12.382, 0, 0, 2.79, 2.827, 2.79, 2.827, 1, 47.293, 47.293, 0.024, 0.131, 5.962, 6.039, 5.962, 6.039, 4.813, 7.377, 12.382, , , 1, 3.254, 0, 0, 13, 2.458, 187, 0, 0, 0, 53, 4.5, 4.453, 118.4, 30.96, 100, 0, 0, 30.434, 30.434, 5, 0.76, 87, 0, 0, 94.066, 47.767, 0, 0, 0, 0, 0, 13.4, 0, 13, 0, 2.458, 187, 0, 0, 0, 53, 1, 0.004, 0.004, 118.4, 30.96, 100, 0, 0, 141, 30.434, 30.434, 5, 0.76, 0, 87, 0, 0, 94.066, 47.767, 0, 1.6, 0, 0, 
3.65, 17.378, 100.31, 73.62, 74.46, , 0.708, 0.987, 222.029, 222.029, 2.46, 18.694, 18.694, 18.694, 52.084, 61.618, 35.777, 35.257, 7.377, 12.392, 0, 0, 2.325, 2.357, 2.325, 2.357, 1, 47.331, 47.331, 0.024, 0.131, 4.963, 5.028, 4.963, 5.028, 4.803, 7.377, 12.392, , , 1, 3.304, 0, 0, 13, 2.46, 187, 0, 0, 0, 53, 4.5, 4.459, 118.4, 30.96, 100, 0, 0, 30.486, 30.486, 5, 0.76, 87, 0, 0, 94.014, 47.833, 0, 0, 0, 0, 0, 13.4, 0, 13, 0, 2.46, 187, 0, 0, 0, 53, 1, 0.004, 0.004, 118.4, 30.96, 100, 0, 0, 141, 30.486, 30.486, 5, 0.76, 0, 87, 0, 0, 94.014, 47.833, 0, 1.6, 0, 0, 
3.7, 17.379, 100.31, 73.62, 74.46, , 0.678, 0.987, 225.516, 225.516, 2.463, 17.974, 17.974, 17.974, 52.111, 62.302, 35.648, 35.439, 7.378, 12.405, 0, 0, 2.237, 2.27, 2.237, 2.27, 1, 47.365, 47.365, 0.024, 0.131, 4.769, 4.83, 4.769, 4.83, 4.806, 7.378, 12.405, , , 1, 3.353, 0, 0, 13, 2.463, 187, 0, 0, 0, 53, 4.497, 4.447, 118.4, 30.934, 100, 0, 0, 30.5, 30.5, 5, 0.76, 86.964, 0, 0, 93.964, 47.85, 0, 0, 0, 0, 0, 13.407, 0, 13, 0, 2.463, 187, 0, 0, 0, 53, 1, 0.004, 0.004, 118.4, 30.934, 100, 0, 0, 141, 30.5, 30.5, 5, 0.76, 0, 86.964, 0, 0, 93.964, 47.85, 0, 1.6, 0, 0, 
3.75, 17.38, 100.31, 73.62, 74.46, , 0.705, 0.987, 228.964, 228.964, 2.468, 18.614, 18.614, 18.614, 52.138, 62.987, 35.504, 35.655, 7.378, 12.418, 0, 0, 2.32, 2.354, 2.32, 2.354, 1, 47.399, 47.399, 0.024, 0.131, 4.936, 4.999, 4.936, 4.999, 4.808, 7.378, 12.418, , , 1, 3.403, 0, 0, 13, 2.468, 187, 0, 0, 0, 53, 4.493, 4.43, 118.4, 30.9, 100, 0, 0, 30.5, 30.5, 5, 0.76, 86.916, 0, 0, 93.916, 47.85, 0, 0, 0, 0, 0, 13.417, 0, 13, 0, 2.468, 187, 0, 0, 0, 53, 1, 0.004, 0.004, 118.4, 30.9, 100, 0, 0, 141, 30.5, 30.5, 5, 0.76, 0, 86.916, 0, 0, 93.916, 47.85, 0, 1.6, 0, 0, 
3.8, 17.38, 100.31, 73.62, 74.46, , 0.732, 0.987, 232.417, 232.417, 2.472, 19.256, 19.256, 19.256, 52.163, 63.671, 35.36, 35.871, 7.379, 12.427, 0, 0, 2.403, 2.437, 2.403, 2.437, 1, 47.436, 47.436, 0.024, 0.132, 5.103, 5.168, 5.103, 5.168, 4.811, 7.379, 12.427, , , 1, 3.453, 0, 0, 13, 2.472, 187, 0, 0, 0, 53, 4.489, 4.413, 118.4, 30.865, 100, 0, 0, 30.5, 30.5, 5, 0.76, 86.868, 0, 0, 93.868, 47.85, 0, 0, 0, 0, 0, 13.426, 0, 13, 0, 2.472, 187, 0, 0, 0, 53, 1, 0.004, 0.004, 118.4, 30.865, 100, 0, 0, 141, 30.5, 30.5, 5, 0.76, 0, 86.868, 0, 0, 93.868, 47.85, 0, 1.6, 0, 0, 
3.85, 17.381, 100.31, 73.62, 74.46, , 0.723, 0.987, 235.902, 235.902, 2.477, 19.048, 19.048, 19.048, 52.187, 64.356, 35.216, 36.087, 7.379, 12.435, 0, 0, 2.38, 2.413, 2.38, 2.413, 1, 47.474, 47.474, 0.024, 0.132, 5.044, 5.109, 5.044, 5.109, 4.814, 7.379, 12.435, , , 1, 3.503, 0, 0, 13, 2.477, 187, 0, 0, 0, 53, 4.486, 4.395, 118.4, 30.831, 100, 0, 0, 30.5, 30.5, 5, 0.76, 86.82, 0, 0, 93.82, 47.85, 0, 0, 0, 0, 0, 13.436, 0, 13, 0, 2.477, 187, 0, 0, 0, 53, 1, 0.004, 0.004, 118.4, 30.831, 100, 0, 0, 141, 30.5, 30.5, 5, 0.76, 0, 86.82, 0, 0, 93.82, 47.85, 0, 1.6, 0, 0, 
3.9, 17.382, 100.31, 73.62, 74.46, , 0.892, 0.987, 239.387, 239.387, 2.481, 23.059, 23.059, 23.059, 52.206, 65.04, 35.072, 36.303, 7.379, 12.438, 0, 0, 2.884, 2.922, 2.884, 2.922, 1, 47.515, 47.515, 0.024, 0.132, 6.105, 6.184, 6.105, 6.184, 4.814, 7.379, 12.438, , , 1, 3.553, 0, 0, 13, 2.481, 187, 0, 0, 0, 53, 4.482, 4.378, 118.4, 30.796, 100, 0, 0, 30.5, 30.5, 5, 0.76, 86.772, 0, 0, 93.772, 47.85, 0, 0, 0, 0, 0, 13.446, 0, 13, 0, 2.481, 187, 0, 0, 0, 53, 1, 0.004, 0.004, 118.4, 30.796, 100, 0, 0, 141, 30.5, 30.5, 5, 0.76, 0, 86.772, 0, 0, 93.772, 47.85, 0, 1.6, 0, 0, 
3.95, 17.383, 100.31, 73.62, 74.46, , 0.948, 0.987, 242.872, 242.872, 2.484, 24.397, 24.397, 24.397, 52.215, 65.725, 35.093, 36.585, 7.38, 12.439, 0, 0, 3.054, 3.093, 3.054, 3.093, 1, 47.562, 47.562, 0.024, 0.132, 6.459, 6.543, 6.459, 6.543, 4.814, 7.38, 12.439, , , 1, 3.603, 0, 0, 13, 2.484, 187, 0, 0, 0, 53, 4.48, 4.365, 118.4, 30.8, 100, 0, 0, 30.5, 30.5, 5, 0.76, 86.722, 0, 0, 93.722, 47.85, 0, 0, 0, 0, 0, 13.456, 0, 13, 0, 2.484, 187, 0, 0, 0, 53, 1, 0.004, 0.004, 118.4, 30.8, 100, 0, 0, 141, 30.5, 30.5, 5, 0.76, 0, 86.722, 0, 0, 93.722, 47.85, 0, 1.6, 0, 0, 
4, 17.383, 100.31, 73.62, 74.46, , 0.93, 0.987, 246.357, 246.357, 2.485, 23.967, 23.967, 23.967, 52.215, 66.41, 35.129, 36.873, 7.38, 12.437, 0, 0, 3.003, 3.04, 3.003, 3.04, 1, 47.611, 47.611, 0.024, 0.132, 6.345, 6.428, 6.345, 6.428, 4.814, 7.38, 12.437, , , 1, 3.653, 0, 0, 13, 2.485, 187, 0, 0, 0, 53, 4.48, 4.357, 118.4, 30.838, 100, 0, 0, 30.5, 30.5, 5, 0.76, 86.67, 0, 0, 93.67, 47.85, 0, 0, 0, 0, 0, 13.466, 0, 13, 0, 2.485, 187, 0, 0, 0, 53, 1, 0.004, 0.004, 118.4, 30.838, 100, 0, 0, 141, 30.5, 30.5, 5, 0.76, 0, 86.67, 0, 0, 93.67, 47.85, 0, 1.6, 0, 0, 
4.05, 17.384, 100.31, 73.62, 74.46, , 0.87, 0.987, 249.842, 249.842, 2.487, 22.548, 22.548, 22.548, 52.21, 67.094, 35.165, 37.161, 7.379, 12.434, 0, 0, 2.828, 2.863, 2.828, 2.863, 1, 47.657, 47.657, 0.024, 0.132, 5.97, 6.048, 5.97, 6.048, 4.815, 7.379, 12.434, , , 1, 3.703, 0, 0, 13, 2.487, 187, 0, 0, 0, 53, 4.48, 4.349, 118.4, 30.875, 100, 0, 0, 30.5, 30.5, 5, 0.76, 86.618, 0, 0, 93.618, 47.85, 0, 0, 0, 0, 0, 13.476, 0, 13, 0, 2.487, 187, 0, 0, 0, 53, 1, 0.004, 0.004, 118.4, 30.875, 100, 0, 0, 141, 30.5, 30.5, 5, 0.76, 0, 86.618, 0, 0, 93.618, 47.85, 0, 1.6, 0, 0, 
4.1, 17.385, 100.31, 73.62, 74.46, , 0.898, 0.987, 253.327, 253.327, 2.488, 23.2, 23.2, 23.2, 52.198, 67.779, 35.201, 37.449, 7.379, 12.43, 0, 0, 2.911, 2.948, 2.911, 2.948, 1, 47.702, 47.702, 0.024, 0.132, 6.145, 6.225, 6.145, 6.225, 4.818, 7.379, 12.43, , , 1, 3.753, 0, 0, 13, 2.488, 187, 0, 0, 0, 53, 4.48, 4.34, 118.4, 30.913, 100, 0, 0, 30.5, 30.5, 5, 0.76, 86.566, 0, 0, 93.566, 47.85, 0, 0, 0, 0, 0, 13.487, 0, 13, 0, 2.488, 187, 0, 0, 0, 53, 1, 0.004, 0.004, 118.4, 30.913, 100, 0, 0, 141, 30.5, 30.5, 5, 0.76, 0, 86.566, 0, 0, 93.566, 47.85, 0, 1.6, 0, 0, 
4.15, 17.386, 100.31, 73.62, 74.46, , 0.851, 0.987, 256.812, 256.812, 2.49, 22.085, 22.085, 22.085, 52.178, 68.463, 35.237, 37.737, 7.378, 12.425, 0, 0, 2.774, 2.809, 2.774, 2.809, 1, 47.747, 47.747, 0.024, 0.132, 5.852, 5.928, 5.852, 5.928, 4.823, 7.378, 12.425, , , 1, 3.803, 0, 0, 13, 2.49, 187, 0, 0, 0, 53, 4.48, 4.332, 118.4, 30.95, 100, 0, 0, 30.5, 30.5, 5, 0.76, 86.514, 0, 0, 93.514, 47.85, 0, 0, 0, 0, 0, 13.497, 0, 13, 0, 2.49, 187, 0, 0, 0, 53, 1, 0.004, 0.004, 118.4, 30.95, 100, 0, 0, 141, 30.5, 30.5, 5, 0.76, 0, 86.514, 0, 0, 93.514, 47.85, 0, 1.6, 0, 0, 
4.2, 17.387, 100.31, 73.62, 74.46, , 0.807, 0.987, 260.297, 260.297, 2.492, 21.062, 21.062, 21.062, 52.155, 69.148, 35.306, 37.263, 7.378, 12.426, 0, 0, 2.648, 2.681, 2.648, 2.681, 1, 47.786, 47.786, 0.024, 0.132, 5.582, 5.656, 5.582, 5.656, 4.828, 7.378, 12.426, , , 1, 3.853, 0, 0, 13, 2.492, 187, 0, 0, 0, 53, 4.48, 4.337, 118.4, 30.907, 100, 0, 0, 30.573, 30.573, 5, 0.76, 86.5, 0, 0, 93.5, 47.941, 0, 0, 0, 0, 0, 13.493, 0, 13, 0, 2.492, 187, 0, 0, 0, 53, 1, 0.004, 0.004, 118.4, 30.907, 100, 0, 0, 141, 30.573, 30.573, 5, 0.76, 0, 86.5, 0, 0, 93.5, 47.941, 0, 1.6, 0, 0, 
4.25, 17.387, 100.31, 73.62, 74.46, , 0.854, 0.987, 263.782, 263.782, 2.495, 22.168, 22.168, 22.168, 52.139, 69.832, 35.378, 36.723, 7.377, 12.429, 0, 0, 2.79, 2.825, 2.79, 2.825, 1, 47.827, 47.827, 0.024, 0.133, 5.877, 5.954, 5.877, 5.954, 4.833, 7.377, 12.429, , , 1, 3.903, 0, 0, 13, 2.495, 187, 0, 0, 0, 53, 4.48, 4.347, 118.4, 30.836, 100, 0, 0, 30.673, 30.673, 5, 0.76, 86.5, 0, 0, 93.5, 48.063, 0, 0, 0, 0, 0, 13.483, 0, 13, 0, 2.495, 187, 0, 0, 0, 53, 1, 0.004, 0.004, 118.4, 30.836, 100, 0, 0, 141, 30.673, 30.673, 5, 0.76, 0, 86.5, 0, 0, 93.5, 48.064, 0, 1.6, 0, 0, 
4.3, 17.388, 100.31, 73.62, 74.46, , 0.839, 0.987, 267.319, 267.319, 2.497, 21.815, 21.815, 21.815, 52.131, 70.517, 35.45, 36.183, 7.377, 12.438, 0, 0, 2.746, 2.781, 2.746, 2.781, 1, 47.868, 47.868, 0.024, 0.133, 5.782, 5.86, 5.782, 5.86, 4.839, 7.377, 12.438, , , 1, 3.953, 0, 0, 13, 2.497, 187, 0, 0, 0, 53, 4.48, 4.357, 118.4, 30.764, 100, 0, 0, 30.772, 30.772, 5, 0.76, 86.5, 0, 0, 93.5, 48.186, 0, 0, 0, 0, 0, 13.473, 0, 13, 0, 2.497, 187, 0, 0, 0, 53, 1, 0.004, 0.004, 118.4, 30.764, 100, 0, 0, 141, 30.772, 30.772, 5, 0.76, 0, 86.5, 0, 0, 93.5, 48.187, 0, 1.6, 0, 0, 
4.35, 17.389, 100.31, 73.62, 74.46, , 0.784, 0.987, 270.822, 270.822, 2.5, 20.498, 20.498, 20.498, 52.135, 71.201, 35.522, 35.643, 7.377, 12.45, 0, 0, 2.582, 2.615, 2.582, 2.615, 1, 47.909, 47.909, 0.024, 0.133, 5.432, 5.505, 5.432, 5.505, 4.845, 7.377, 12.45, , , 1, 4.003, 0, 0, 13, 2.5, 187, 0, 0, 0, 53, 4.48, 4.367, 118.4, 30.693, 100, 0, 0, 30.871, 30.871, 5, 0.76, 86.5, 0, 0, 93.5, 48.308, 0, 0, 0, 0, 0, 13.463, 0, 13, 0, 2.5, 187, 0, 0, 0, 53, 1, 0.004, 0.004, 118.4, 30.693, 100, 0, 0, 141, 30.871, 30.871, 5, 0.76, 0, 86.5, 0, 0, 93.5, 48.31, 0, 1.6, 0, 0, 
4.4, 17.39, 100.31, 73.62, 74.46, , 0.727, 0.987, 274.306, 274.306, 2.503, 19.165, 19.165, 19.165, 52.161, 71.886, 35.594, 35.103, 7.377, 12.469, 0, 0, 2.417, 2.447, 2.417, 2.447, 1, 47.945, 47.945, 0.024, 0.133, 5.078, 5.145, 5.078, 5.145, 4.852, 7.377, 12.469, , , 1, 4.053, 0, 0, 13, 2.503, 187, 0, 0, 0, 53, 4.48, 4.377, 118.4, 30.621, 100, 0, 0, 30.97, 30.97, 5, 0.76, 86.5, 0, 0, 93.5, 48.431, 0, 0, 0, 0, 0, 13.453, 0, 13, 0, 2.503, 187, 0, 0, 0, 53, 1, 0.004, 0.004, 118.4, 30.621, 100, 0, 0, 141, 30.97, 30.97, 5, 0.76, 0, 86.5, 0, 0, 93.5, 48.433, 0, 1.6, 0, 0, 
4.45, 17.391, 100.31, 73.62, 74.46, , 0.713, 0.987, 277.791, 277.791, 2.505, 18.819, 18.819, 18.819, 52.193, 72.57, 35.501, 35.457, 7.378, 12.491, 0, 0, 2.376, 2.406, 2.376, 2.406, 1, 47.981, 47.981, 0.024, 0.133, 4.984, 5.049, 4.984, 5.049, 4.859, 7.378, 12.491, , , 1, 4.103, 0, 0, 13, 2.505, 187, 0, 0, 0, 53, 4.473, 4.373, 118.4, 30.6, 100, 0, 0, 31, 31, 5, 0.76, 86.5, 0, 0, 93.5, 48.47, 0, 0, 0, 0, 0, 13.457, 0, 13, 0, 2.505, 187, 0, 0, 0, 53, 1, 0.004, 0.004, 118.4, 30.6, 100, 0, 0, 141, 31, 31, 5, 0.76, 0, 86.5, 0, 0, 93.5, 48.47, 0, 1.6, 0, 0, 
4.5, 17.394, 100.31, 73.62, 74.461, , 0.667, 0.987, 281.328, 281.328, 2.507, 17.727, 17.727, 17.727, 52.225, 73.255, 35.393, 35.889, 7.378, 12.507, 0, 0, 2.24, 2.27, 2.24, 2.27, 1, 48.016, 48.016, 0.024, 0.133, 4.691, 4.752, 4.691, 4.752, 4.863, 7.378, 12.507, , , 1, 4.154, 0, 0, 13, 2.507, 187, 0, 0, 0, 53, 4.462, 4.362, 118.4, 30.6, 100, 0, 0, 31, 31, 5, 0.76, 86.5, 0, 0, 93.5, 48.47, 0, 0, 0, 0, 0, 13.468, 0, 13, 0, 2.507, 187, 0, 0, 0, 53, 1, 0.004, 0.004, 118.4, 30.6, 100, 0, 0, 141, 31, 31, 5, 0.76, 0, 86.5, 0, 0, 93.5, 48.47, 0, 1.6, 0, 0, 
4.55, 17.397, 100.31, 73.62, 74.462, , 0.69, 0.987, 284.866, 284.866, 2.509, 18.284, 18.284, 18.284, 52.25, 73.939, 35.285, 36.321, 7.379, 12.521, 0, 0, 2.312, 2.344, 2.312, 2.344, 1, 48.05, 48.05, 0.024, 0.133, 4.836, 4.9, 4.836, 4.9, 4.859, 7.379, 12.521, , , 1, 4.204, 0, 0, 13, 2.509, 187, 0, 0, 0, 53, 4.452, 4.352, 118.4, 30.6, 100, 0, 0, 31, 31, 5, 0.76, 86.5, 0, 0, 93.5, 48.47, 0, 0, 0, 0, 0, 13.478, 0, 13, 0, 2.509, 187, 0, 0, 0, 53, 1, 0.004, 0.004, 118.4, 30.6, 100, 0, 0, 141, 31, 31, 5, 0.76, 0, 86.5, 0, 0, 93.5, 48.47, 0, 1.6, 0, 0, 
4.6, 17.4, 100.31, 73.62, 74.463, , 0.732, 0.987, 288.386, 288.386, 2.511, 19.265, 19.265, 19.265, 52.254, 74.624, 35.177, 36.753, 7.379, 12.524, 0, 0, 2.439, 2.472, 2.439, 2.472, 1, 48.085, 48.085, 0.024, 0.133, 5.095, 5.163, 5.095, 5.163, 4.856, 7.379, 12.524, , , 1, 4.253, 0, 0, 13, 2.511, 187, 0, 0, 0, 53, 4.442, 4.342, 118.4, 30.6, 100, 0, 0, 31, 31, 5, 0.76, 86.5, 0, 0, 93.5, 48.47, 0, 0, 0, 0, 0, 13.489, 0, 13, 0, 2.511, 187, 0, 0, 0, 53, 1, 0.004, 0.004, 118.4, 30.6, 100, 0, 0, 141, 31, 31, 5, 0.76, 0, 86.5, 0, 0, 93.5, 48.47, 0, 1.6, 0, 0, 
4.65, 17.404, 100.31, 73.62, 74.463, , 0.737, 0.987, 291.871, 291.871, 2.513, 19.405, 19.405, 19.405, 52.246, 75.308, 35.069, 37.185, 7.38, 12.523, 0, 0, 2.458, 2.492, 2.458, 2.492, 1, 48.122, 48.122, 0.024, 0.132, 5.132, 5.202, 5.132, 5.202, 4.853, 7.38, 12.523, , , 1, 4.304, 0, 0, 13, 2.513, 187, 0, 0, 0, 53, 4.431, 4.331, 118.4, 30.6, 100, 0, 0, 31, 31, 5, 0.76, 86.5, 0, 0, 93.5, 48.47, 0, 0, 0, 0, 0, 13.499, 0, 13, 0, 2.513, 187, 0, 0, 0, 53, 1, 0.004, 0.004, 118.4, 30.6, 100, 0, 0, 141, 31, 31, 5, 0.76, 0, 86.5, 0, 0, 93.5, 48.47, 0, 1.6, 0, 0, 
4.7, 17.407, 100.31, 73.62, 74.464, , 0.786, 0.987, 295.409, 295.409, 2.514, 20.57, 20.57, 20.57, 52.23, 75.993, 35.126, 36.823, 7.38, 12.51, 0, 0, 2.607, 2.644, 2.607, 2.644, 1, 48.161, 48.161, 0.024, 0.132, 5.443, 5.517, 5.443, 5.517, 4.85, 7.38, 12.51, , , 1, 4.354, 0, 0, 13, 2.514, 187, 0, 0, 0, 53, 4.43, 4.338, 118.4, 30.6, 100, 0, 0, 31, 31, 5, 0.76, 86.5, 0, 0, 93.5, 48.47, 0, 0, 0, 0, 0, 13.483, 0, 13, 0, 2.514, 187, 0, 0, 0, 53, 1, 0.004, 0.004, 118.4, 30.6, 100, 0, 0, 141, 31, 31, 5, 0.76, 0, 86.5, 0, 0, 93.5, 48.47, 0, 1.6, 0, 0, 
4.75, 17.41, 100.31, 73.62, 74.465, , 0.808, 0.987, 298.947, 298.947, 2.514, 21.092, 21.092, 21.092, 52.21, 76.677, 35.198, 36.391, 7.379, 12.491, 0, 0, 2.676, 2.713, 2.676, 2.713, 1, 48.201, 48.201, 0.024, 0.132, 5.584, 5.659, 5.584, 5.659, 4.844, 7.379, 12.491, , , 1, 4.404, 0, 0, 13, 2.514, 187, 0, 0, 0, 53, 4.43, 4.348, 118.4, 30.6, 100, 0, 0, 31, 31, 5, 0.76, 86.5, 0, 0, 93.5, 48.47, 0, 0, 0, 0, 0, 13.463, 0, 13, 0, 2.514, 187, 0, 0, 0, 53, 1, 0.004, 0.004, 118.4, 30.6, 100, 0, 0, 141, 31, 31, 5, 0.76, 0, 86.5, 0, 0, 93.5, 48.47, 0, 1.6, 0, 0, 
4.8, 17.413, 100.31, 73.62, 74.466, , 0.777, 0.987, 302.485, 302.485, 2.515, 20.338, 20.338, 20.338, 52.202, 77.362, 35.27, 35.959, 7.379, 12.471, 0, 0, 2.582, 2.618, 2.582, 2.618, 1, 48.241, 48.241, 0.024, 0.133, 5.386, 5.458, 5.386, 5.458, 4.839, 7.379, 12.471, , , 1, 4.454, 0, 0, 13, 2.515, 187, 0, 0, 0, 53, 4.43, 4.358, 118.4, 30.6, 100, 0, 0, 31, 31, 5, 0.76, 86.5, 0, 0, 93.5, 48.47, 0, 0, 0, 0, 0, 13.444, 0, 13, 0, 2.515, 187, 0, 0, 0, 53, 1, 0.004, 0.004, 118.4, 30.6, 100, 0, 0, 141, 31, 31, 5, 0.76, 0, 86.5, 0, 0, 93.5, 48.47, 0, 1.6, 0, 0, 
4.85, 17.416, 100.31, 73.62, 74.466, , 0.676, 0.987, 306.023, 306.023, 2.516, 17.946, 17.946, 17.946, 52.209, 78.046, 35.342, 35.527, 7.378, 12.45, 0, 0, 2.279, 2.312, 2.279, 2.312, 1, 48.276, 48.276, 0.024, 0.133, 4.753, 4.816, 4.753, 4.816, 4.833, 7.378, 12.45, , , 1, 4.503, 0, 0, 13, 2.516, 187, 0, 0, 0, 53, 4.43, 4.367, 118.4, 30.6, 100, 0, 0, 31, 31, 5, 0.76, 86.5, 0, 0, 93.5, 48.47, 0, 0, 0, 0, 0, 13.425, 0, 13, 0, 2.516, 187, 0, 0, 0, 53, 1, 0.004, 0.004, 118.4, 30.6, 100, 0, 0, 141, 31, 31, 5, 0.76, 0, 86.5, 0, 0, 93.5, 48.47, 0, 1.6, 0, 0, 
4.9, 17.419, 100.31, 73.62, 74.467, , 0.669, 0.987, 309.56, 309.56, 2.517, 17.777, 17.777, 17.777, 52.228, 78.731, 35.414, 35.095, 7.378, 12.434, 0, 0, 2.258, 2.291, 2.258, 2.291, 1, 48.31, 48.31, 0.024, 0.133, 4.706, 4.768, 4.706, 4.768, 4.827, 7.378, 12.434, , , 1, 4.554, 0, 0, 13, 2.517, 187, 0, 0, 0, 53, 4.43, 4.377, 118.4, 30.6, 100, 0, 0, 31, 31, 5, 0.76, 86.5, 0, 0, 93.5, 48.47, 0, 0, 0, 0, 0, 13.405, 0, 13, 0, 2.517, 187, 0, 0, 0, 53, 1, 0.004, 0.004, 118.4, 30.6, 100, 0, 0, 141, 31, 31, 5, 0.76, 0, 86.5, 0, 0, 93.5, 48.47, 0, 1.6, 0, 0, 
4.95, 17.422, 100.31, 73.62, 74.468, , 0.615, 0.987, 313.098, 313.098, 2.519, 16.503, 16.503, 16.503, 52.254, 79.415, 35.354, 35.093, 7.377, 12.419, 0, 0, 2.097, 2.128, 2.097, 2.128, 1, 48.344, 48.344, 0.024, 0.133, 4.365, 4.424, 4.365, 4.424, 4.823, 7.377, 12.419, , , 1, 4.604, 0, 0, 13, 2.519, 187, 0, 0, 0, 53, 4.43, 4.38, 118.4, 30.547, 100, 0, 0, 31, 31, 5, 0.76, 86.5, 0, 0, 93.5, 48.47, 0, 0, 0, 0, 0, 13.414, 0, 13, 0, 2.519, 187, 0, 0, 0, 53, 1, 0.004, 0.004, 118.4, 30.547, 100, 0, 0, 141, 31, 31, 5, 0.76, 0, 86.5, 0, 0, 93.5, 48.47, 0, 1.6, 0, 0, 
5, 17.425, 100.31, 73.62, 74.469, , 0.533, 0.987, 316.636, 316.636, 2.523, 14.556, 14.556, 14.556, 52.281, 80.1, 35.282, 35.129, 7.377, 12.409, 0, 0, 1.85, 1.879, 1.85, 1.879, 1, 48.373, 48.373, 0.024, 0.134, 3.847, 3.899, 3.847, 3.899, 4.819, 7.377, 12.409, , , 1, 4.654, 0, 0, 13, 2.523, 187, 0, 0, 0, 53, 4.43, 4.38, 118.4, 30.472, 100, 0, 0, 31, 31, 5, 0.76, 86.5, 0, 0, 93.5, 48.47, 0, 0, 0, 0, 0, 13.435, 0, 13, 0, 2.523, 187, 0, 0, 0, 53, 1, 0.004, 0.004, 118.4, 30.472, 100, 0, 0, 141, 31, 31, 5, 0.76, 0, 86.5, 0, 0, 93.5, 48.47, 0, 1.6, 0, 0, 
5.05, 17.428, 100.31, 73.62, 74.469, , 0.449, 0.987, 320.174, 320.174, 2.526, 12.567, 12.567, 12.567, 52.296, 77.946, 35.21, 35.165, 7.377, 12.401, 0, 0, 1.598, 1.623, 1.598, 1.623, 1, 48.397, 48.397, 0.024, 0.134, 3.319, 3.364, 3.319, 3.364, 4.815, 7.377, 12.401, , , 1, 4.704, 0, 0, 13, 2.526, 187, 0, 0, 0, 53, 4.43, 4.38, 118.4, 30.398, 100, 0, 0, 31, 31, 5, 0.76, 86.5, 0, 0, 93.5, 48.47, 0, 0, 0, 0, 0, 13.455, 0, 13, 0, 2.526, 187, 0, 0, 0, 53, 1, 0.004, 0.004, 118.4, 30.398, 100, 0, 0, 141, 31, 31, 5, 0.76, 0, 86.5, 0, 0, 93.5, 48.47, 0, 1.6, 0, 0, 
5.1, 17.431, 100.31, 73.62, 74.47, , 0.521, 0.987, 323.711, 323.711, 2.53, 14.279, 14.279, 14.279, 52.298, 75.792, 35.138, 35.201, 7.377, 12.393, 0, 0, 1.817, 1.844, 1.817, 1.844, 1, 48.421, 48.421, 0.024, 0.135, 3.771, 3.825, 3.771, 3.825, 4.811, 7.377, 12.393, , , 1, 4.754, 0, 0, 13, 2.53, 187, 0, 0, 0, 53, 4.43, 4.38, 118.4, 30.324, 100, 0, 0, 31, 31, 5, 0.76, 86.5, 0, 0, 93.5, 48.47, 0, 0, 0, 0, 0, 13.475, 0, 13, 0, 2.53, 187, 0, 0, 0, 53, 1, 0.004, 0.004, 118.4, 30.324, 100, 0, 0, 141, 31, 31, 5, 0.76, 0, 86.5, 0, 0, 93.5, 48.47, 0, 1.6, 0, 0, 
5.15, 17.434, 100.31, 73.62, 74.471, , 0.549, 0.987, 327.249, 327.249, 2.533, 14.938, 14.938, 14.938, 52.284, 73.638, 35.066, 35.237, 7.377, 12.384, 0, 0, 1.903, 1.931, 1.903, 1.931, 1, 48.448, 48.448, 0.024, 0.135, 3.948, 4.003, 3.948, 4.003, 4.81, 7.377, 12.384, , , 1, 4.803, 0, 0, 13, 2.533, 187, 0, 0, 0, 53, 4.43, 4.38, 118.4, 30.249, 100, 0, 0, 31, 31, 5, 0.76, 86.5, 0, 0, 93.5, 48.47, 0, 0, 0, 0, 0, 13.495, 0, 13, 0, 2.533, 187, 0, 0, 0, 53, 1, 0.004, 0.004, 118.4, 30.249, 100, 0, 0, 141, 31, 31, 5, 0.76, 0, 86.5, 0, 0, 93.5, 48.47, 0, 1.6, 0, 0, 
5.2, 17.437, 100.31, 73.62, 74.472, , 0.587, 0.987, 330.787, 330.787, 2.535, 15.833, 15.833, 15.833, 52.252, 71.484, 34.994, 35.439, 7.377, 12.373, 0, 0, 2.019, 2.047, 2.019, 2.047, 1, 48.474, 48.474, 0.024, 0.135, 4.188, 4.245, 4.188, 4.245, 4.809, 7.377, 12.373, , , 1, 4.853, 0, 0, 13, 2.535, 187, 0, 0, 0, 53, 4.439, 4.383, 118.533, 30.257, 100, 0, 0, 31.074, 31.074, 5, 0.76, 86.537, 0, 0, 93.5, 48.561, 0, 0, 0, 0, 0, 13.5, 0, 13, 0, 2.535, 187, 0, 0, 0, 53, 1, 0.004, 0.004, 118.533, 30.257, 100, 0, 0, 141, 31.074, 31.074, 5, 0.76, 0, 86.537, 0, 0, 93.5, 48.561, 0, 1.6, 0, 0, 
5.25, 17.44, 100.31, 73.62, 74.473, , 0.657, 0.987, 334.325, 334.325, 2.536, 17.499, 17.499, 17.499, 52.226, 69.33, 34.922, 35.655, 7.377, 12.36, 0, 0, 2.233, 2.264, 2.233, 2.264, 1, 48.505, 48.505, 0.024, 0.135, 4.631, 4.694, 4.631, 4.694, 4.808, 7.377, 12.36, , , 1, 4.903, 0, 0, 13, 2.536, 187, 0, 0, 0, 53, 4.451, 4.387, 118.712, 30.294, 100, 0, 0, 31.173, 31.173, 5, 0.76, 86.587, 0, 0, 93.5, 48.685, 0, 0, 0, 0, 0, 13.5, 0, 13, 0, 2.536, 187, 0, 0, 0, 53, 1, 0.004, 0.004, 118.712, 30.294, 100, 0, 0, 141, 31.173, 31.173, 5, 0.76, 0, 86.587, 0, 0, 93.5, 48.685, 0, 1.6, 0, 0, 
5.3, 17.443, 100.31, 73.62, 74.473, , 0.741, 0.987, 337.862, 337.862, 2.538, 19.492, 19.492, 19.492, 52.208, 67.176, 34.85, 35.871, 7.377, 12.346, 0, 0, 2.489, 2.523, 2.489, 2.523, 1, 48.54, 48.54, 0.024, 0.134, 5.159, 5.23, 5.159, 5.23, 4.808, 7.377, 12.346, , , 1, 4.953, 0, 0, 13, 2.538, 187, 0, 0, 0, 53, 4.463, 4.391, 118.891, 30.331, 100, 0, 0, 31.273, 31.273, 5, 0.76, 86.636, 0, 0, 93.5, 48.808, 0, 0, 0, 0, 0, 13.5, 0, 13, 0, 2.538, 187, 0, 0, 0, 53, 1, 0.004, 0.004, 118.891, 30.331, 100, 0, 0, 141, 31.273, 31.273, 5, 0.76, 0, 86.636, 0, 0, 93.5, 48.808, 0, 1.6, 0, 0, 
5.35, 17.446, 100.31, 73.62, 74.474, , 0.759, 0.987, 341.445, 341.445, 2.539, 19.928, 19.928, 19.928, 52.201, 65.023, 34.778, 36.087, 7.377, 12.331, 0, 0, 2.546, 2.583, 2.546, 2.583, 1, 48.578, 48.578, 0.024, 0.134, 5.276, 5.347, 5.276, 5.347, 4.804, 7.377, 12.331, , , 1, 5.003, 0, 0, 13, 2.539, 187, 0, 0, 0, 53, 4.475, 4.395, 119.071, 30.368, 100, 0, 0, 31.373, 31.373, 5, 0.76, 86.686, 0, 0, 93.5, 48.932, 0, 0, 0, 0, 0, 13.5, 0, 13, 0, 2.539, 187, 0, 0, 0, 53, 1, 0.004, 0.004, 119.071, 30.368, 100, 0, 0, 141, 31.373, 31.373, 5, 0.76, 0, 86.686, 0, 0, 93.5, 48.932, 0, 1.6, 0, 0, 
5.4, 17.449, 100.31, 73.62, 74.475, , 0.765, 0.987, 345.011, 345.011, 2.54, 20.081, 20.081, 20.081, 52.211, 62.869, 34.706, 36.303, 7.377, 12.315, 0, 0, 2.567, 2.605, 2.567, 2.605, 1, 48.616, 48.616, 0.024, 0.134, 5.316, 5.387, 5.316, 5.387, 4.797, 7.377, 12.315, , , 1, 5.053, 0, 0, 13, 2.54, 187, 0, 0, 0, 53, 4.487, 4.399, 119.25, 30.405, 100, 0, 0, 31.472, 31.472, 5, 0.76, 86.736, 0, 0, 93.5, 49.055, 0, 0, 0, 0, 0, 13.5, 0, 13, 0, 2.54, 187, 0, 0, 0, 53, 1, 0.004, 0.004, 119.25, 30.405, 100, 0, 0, 141, 31.472, 31.472, 5, 0.76, 0, 86.736, 0, 0, 93.5, 49.055, 0, 1.6, 0, 0, 
5.45, 17.452, 100.31, 73.62, 74.476, , 0.762, 0.987, 348.549, 348.549, 2.542, 20.011, 20.011, 20.011, 52.233, 60.715, 34.965, 36.154, 7.377, 12.3, 0, 0, 2.559, 2.596, 2.559, 2.596, 1, 48.654, 48.654, 0.024, 0.134, 5.295, 5.366, 5.295, 5.366, 4.79, 7.377, 12.3, , , 1, 5.103, 0, 0, 13, 2.542, 187, 0, 0, 0, 53, 4.486, 4.397, 119.436, 30.387, 100, 0, 0, 31.5, 31.5, 5, 0.76, 86.788, 0, 0, 93.5, 49.09, 0, 0, 0, 0, 0, 13.5, 0, 13, 0, 2.542, 187, 0, 0, 0, 53, 1, 0.004, 0.004, 119.436, 30.387, 100, 0, 0, 141, 31.5, 31.5, 5, 0.76, 0, 86.788, 0, 0, 93.5, 49.09, 0, 1.6, 0, 0, 
5.5, 17.455, 100.31, 73.62, 74.476, , 0.696, 0.987, 352.087, 352.087, 2.544, 18.444, 18.444, 18.444, 52.25, 58.561, 35.253, 35.974, 7.377, 12.286, 0, 0, 2.36, 2.396, 2.36, 2.396, 1, 48.69, 48.69, 0.024, 0.134, 4.878, 4.944, 4.878, 4.944, 4.783, 7.377, 12.286, , , 1, 5.153, 0, 0, 13, 2.544, 187, 0, 0, 0, 53, 4.479, 4.393, 119.624, 30.348, 100, 0, 0, 31.5, 31.5, 5, 0.76, 86.84, 0, 0, 93.5, 49.09, 0, 0, 0, 0, 0, 13.5, 0, 13, 0, 2.544, 187, 0, 0, 0, 53, 1, 0.004, 0.004, 119.624, 30.348, 100, 0, 0, 141, 31.5, 31.5, 5, 0.76, 0, 86.84, 0, 0, 93.5, 49.09, 0, 1.6, 0, 0, 
5.55, 17.458, 100.31, 73.62, 74.477, , 0.679, 0.987, 355.671, 355.671, 2.545, 18.03, 18.03, 18.03, 52.255, 56.407, 35.541, 35.794, 7.377, 12.275, 0, 0, 2.309, 2.343, 2.309, 2.343, 1, 48.725, 48.725, 0.024, 0.134, 4.769, 4.832, 4.769, 4.832, 4.78, 7.377, 12.275, , , 1, 5.203, 0, 0, 13, 2.545, 187, 0, 0, 0, 53, 4.473, 4.389, 119.812, 30.31, 100, 0, 0, 31.5, 31.5, 5, 0.76, 86.892, 0, 0, 93.5, 49.09, 0, 0, 0, 0, 0, 13.5, 0, 13, 0, 2.545, 187, 0, 0, 0, 53, 1, 0.004, 0.004, 119.812, 30.31, 100, 0, 0, 141, 31.5, 31.5, 5, 0.76, 0, 86.892, 0, 0, 93.5, 49.09, 0, 1.6, 0, 0, 
5.6, 17.461, 100.31, 73.62, 74.478, , 0.655, 0.987, 359.264, 359.264, 2.547, 17.452, 17.452, 17.452, 52.244, 54.253, 35.829, 35.614, 7.377, 12.267, 0, 0, 2.237, 2.269, 2.237, 2.269, 1, 48.757, 48.757, 0.024, 0.134, 4.616, 4.678, 4.616, 4.678, 4.792, 7.377, 12.267, , , 1, 5.253, 0, 0, 13, 2.547, 187, 0, 0, 0, 53, 4.467, 4.385, 120, 30.271, 100, 0, 0, 31.5, 31.5, 5, 0.76, 86.945, 0, 0, 93.5, 49.09, 0, 0, 0, 0, 0, 13.5, 0, 13, 0, 2.547, 187, 0, 0, 0, 53, 1, 0.004, 0.004, 120, 30.271, 100, 0, 0, 141, 31.5, 31.5, 5, 0.76, 0, 86.945, 0, 0, 93.5, 49.09, 0, 1.6, 0, 0, 
5.65, 17.465, 100.31, 73.62, 74.479, , 0.619, 0.987, 362.842, 362.842, 2.549, 16.607, 16.607, 16.607, 52.215, 52.099, 36.117, 35.434, 7.378, 12.263, 0, 0, 2.13, 2.16, 2.13, 2.16, 1, 48.788, 48.788, 0.024, 0.134, 4.394, 4.453, 4.394, 4.453, 4.803, 7.378, 12.263, , , 1, 5.303, 0, 0, 13, 2.549, 187, 0, 0, 0, 53, 4.461, 4.38, 120.189, 30.232, 100, 0, 0, 31.5, 31.5, 5, 0.76, 86.997, 0, 0, 93.5, 49.09, 0, 0, 0, 0, 0, 13.5, 0, 13, 0, 2.549, 187, 0, 0, 0, 53, 1, 0.004, 0.004, 120.189, 30.232, 100, 0, 0, 141, 31.5, 31.5, 5, 0.76, 0, 86.997, 0, 0, 93.5, 49.09, 0, 1.6, 0, 0, 
5.7, 17.468, 100.31, 73.62, 74.479, , 0.584, 0.987, 366.38, 366.38, 2.55, 15.787, 15.787, 15.787, 52.181, 49.945, 36.074, 35.288, 7.378, 12.262, 0, 0, 2.026, 2.056, 2.026, 2.056, 1, 48.818, 48.818, 0.024, 0.135, 4.18, 4.236, 4.18, 4.236, 4.815, 7.378, 12.262, , , 1, 5.353, 0, 0, 13.018, 2.55, 187, 0, 0, 0, 53.089, 4.448, 4.367, 120.036, 30.33, 100, 0, 0, 31.545, 31.545, 5, 0.76, 87, 0, 0, 93.5, 49.145, 0, 0, 0, 0, 0, 13.5, 0, 13.018, 0, 2.55, 187, 0, 0, 0, 53.089, 1, 0.004, 0.004, 120.036, 30.33, 100, 0, 0, 141, 31.545, 31.545, 5, 0.76, 0, 87, 0, 0, 93.5, 49.145, 0, 1.582, 0, 0, 
5.75, 17.47, 100.31, 73.62, 74.48, , 0.546, 0.987, 369.969, 369.969, 2.551, 14.87, 14.87, 14.87, 52.151, 47.791, 36.002, 35.144, 7.379, 12.265, 0, 0, 1.91, 1.938, 1.91, 1.938, 1, 48.848, 48.848, 0.024, 0.135, 3.94, 3.991, 3.94, 3.991, 4.828, 7.379, 12.265, , , 1, 5.403, 0, 0, 13.038, 2.551, 187, 0, 0, 0, 53.187, 4.436, 4.352, 119.862, 30.437, 100, 0, 0, 31.593, 31.593, 5, 0.76, 87, 0, 0, 93.5, 49.206, 0, 0, 0, 0, 0, 13.5, 0, 13.038, 0, 2.551, 187, 0, 0, 0, 53.187, 1, 0.004, 0.004, 119.862, 30.437, 100, 0, 0, 141, 31.593, 31.593, 5, 0.76, 0, 87, 0, 0, 93.5, 49.206, 0, 1.562, 0, 0, 
5.8, 17.471, 100.31, 73.62, 74.48, , 0.539, 0.987, 373.561, 373.561, 2.552, 14.722, 14.722, 14.722, 52.138, 45.637, 35.93, 35, 7.379, 12.266, 0, 0, 1.892, 1.921, 1.892, 1.921, 1, 48.874, 48.874, 0.024, 0.135, 3.902, 3.953, 3.902, 3.953, 4.847, 7.379, 12.266, , , 1, 5.453, 0, 0, 13.057, 2.552, 187, 0, 0, 0, 53.284, 4.423, 4.337, 119.687, 30.543, 100, 0, 0, 31.642, 31.642, 5, 0.76, 87, 0, 0, 93.5, 49.266, 0, 0, 0, 0, 0, 13.5, 0, 13.057, 0, 2.552, 187, 0, 0, 0, 53.284, 1, 0.004, 0.004, 119.687, 30.543, 100, 0, 0, 141, 31.642, 31.642, 5, 0.76, 0, 87, 0, 0, 93.5, 49.266, 0, 1.543, 0, 0, 
5.85, 17.473, 100.31, 73.62, 74.48, , 0.578, 0.987, 377.135, 377.135, 2.552, 15.628, 15.628, 15.628, 52.145, 43.483, 35.858, 34.856, 7.38, 12.266, 0, 0, 2.01, 2.042, 2.01, 2.042, 1, 48.903, 48.903, 0.024, 0.135, 4.142, 4.196, 4.142, 4.196, 4.866, 7.38, 12.266, , , 1, 5.503, 0, 0, 13.076, 2.552, 187, 0, 0, 0, 53.381, 4.41, 4.323, 119.513, 30.65, 100, 0, 0, 31.691, 31.691, 5, 0.76, 87, 0, 0, 93.5, 49.326, 0, 0, 0, 0, 0, 13.5, 0, 13.076, 0, 2.552, 187, 0, 0, 0, 53.381, 1, 0.004, 0.004, 119.513, 30.65, 100, 0, 0, 141, 31.691, 31.691, 5, 0.76, 0, 87, 0, 0, 93.5, 49.326, 0, 1.524, 0, 0, 
5.9, 17.474, 100.31, 73.62, 74.48, , 0.664, 0.987, 380.674, 380.674, 2.553, 17.69, 17.69, 17.69, 52.163, 41.329, 35.786, 34.712, 7.38, 12.264, 0, 0, 2.278, 2.312, 2.278, 2.312, 1, 48.936, 48.936, 0.024, 0.136, 4.687, 4.747, 4.687, 4.747, 4.885, 7.38, 12.264, , , 1, 5.553, 0, 0, 13.096, 2.553, 187, 0, 0, 0, 53.479, 4.398, 4.308, 119.338, 30.757, 100, 0, 0, 31.739, 31.739, 5, 0.76, 87, 0, 0, 93.5, 49.387, 0, 0, 0, 0, 0, 13.5, 0, 13.096, 0, 2.553, 187, 0, 0, 0, 53.479, 1, 0.004, 0.004, 119.338, 30.757, 100, 0, 0, 141, 31.739, 31.739, 5, 0.76, 0, 87, 0, 0, 93.5, 49.387, 0, 1.504, 0, 0, 
5.95, 17.475, 100.31, 73.62, 74.48, , 0.663, 0.987, 384.266, 384.266, 2.555, 17.666, 17.666, 17.666, 52.186, 39.175, 35.716, 34.891, 7.379, 12.261, 0, 0, 2.278, 2.311, 2.278, 2.311, 1, 48.97, 48.97, 0.024, 0.136, 4.68, 4.74, 4.68, 4.74, 4.904, 7.379, 12.261, , , 1, 5.603, 0, 0, 13.1, 2.555, 187, 0, 0, 0, 53.592, 4.407, 4.317, 119.466, 30.747, 100, 0, 0, 31.796, 31.796, 5, 0.762, 87.046, 0, 0, 93.638, 49.457, 0, 0, 0, 0, 0, 13.5, 0, 13.1, 0, 2.555, 187, 0, 0, 0, 53.592, 1, 0.004, 0.004, 119.466, 30.747, 100, 0, 0, 141, 31.796, 31.796, 5, 0.762, 0, 87.046, 0, 0, 93.638, 49.457, 0, 1.5, 0, 0, 
6, 17.476, 100.31, 73.62, 74.48, , 0.63, 0.987, 387.858, 387.858, 2.557, 16.882, 16.882, 16.882, 52.206, 44.366, 35.647, 35.099, 7.379, 12.257, 0, 0, 2.178, 2.208, 2.178, 2.208, 1, 49.002, 49.002, 0.024, 0.136, 4.471, 4.528, 4.471, 4.528, 4.913, 7.379, 12.257, , , 1, 5.654, 0, 0, 13.1, 2.557, 187, 0, 0, 0, 53.71, 4.422, 4.332, 119.678, 30.704, 100, 0, 0, 31.855, 31.855, 5, 0.764, 87.105, 0, 0, 93.815, 49.53, 0, 0, 0, 0, 0, 13.5, 0, 13.1, 0, 2.557, 187, 0, 0, 0, 53.71, 1, 0.004, 0.004, 119.678, 30.704, 100, 0, 0, 141, 31.855, 31.855, 5, 0.764, 0, 87.105, 0, 0, 93.815, 49.53, 0, 1.5, 0, 0, 
6.05, 17.477, 100.31, 73.62, 74.48, , 0.595, 0.987, 391.45, 391.45, 2.559, 16.058, 16.058, 16.058, 52.215, 53.972, 35.578, 35.306, 7.378, 12.254, 0, 0, 2.073, 2.1, 2.073, 2.1, 1, 49.031, 49.031, 0.024, 0.135, 4.252, 4.307, 4.252, 4.307, 4.921, 7.378, 12.254, , , 1, 5.704, 0, 0, 13.1, 2.559, 187, 0, 0, 0, 53.828, 4.438, 4.348, 119.89, 30.662, 100, 0, 0, 31.914, 31.914, 5, 0.767, 87.164, 0, 0, 93.992, 49.603, 0, 0, 0, 0, 0, 13.5, 0, 13.1, 0, 2.559, 187, 0, 0, 0, 53.828, 1, 0.004, 0.004, 119.89, 30.662, 100, 0, 0, 141, 31.914, 31.914, 5, 0.767, 0, 87.164, 0, 0, 93.992, 49.603, 0, 1.5, 0, 0, 
6.1, 17.478, 100.31, 73.62, 74.48, , 0.578, 0.987, 395.042, 395.042, 2.562, 15.638, 15.638, 15.638, 52.216, 54.694, 35.509, 35.514, 7.378, 12.255, 0, 0, 2.022, 2.047, 2.022, 2.047, 1, 49.06, 49.06, 0.024, 0.135, 4.141, 4.193, 4.141, 4.193, 4.929, 7.378, 12.255, , , 1, 5.753, 0, 0, 13.1, 2.562, 187, 0, 0, 0, 53.946, 4.453, 4.363, 120.102, 30.62, 100, 0, 0, 31.973, 31.973, 5, 0.769, 87.223, 0, 0, 94.169, 49.676, 0, 0, 0, 0, 0, 13.5, 0, 13.1, 0, 2.562, 187, 0, 0, 0, 53.946, 1, 0.004, 0.004, 120.102, 30.62, 100, 0, 0, 141, 31.973, 31.973, 5, 0.769, 0, 87.223, 0, 0, 94.169, 49.676, 0, 1.5, 0, 0, 
6.15, 17.479, 100.31, 73.62, 74.48, , 0.575, 0.987, 398.634, 398.634, 2.563, 15.576, 15.576, 15.576, 52.21, 55.415, 35.439, 35.722, 7.377, 12.263, 0, 0, 2.016, 2.041, 2.016, 2.041, 1, 49.089, 49.089, 0.024, 0.135, 4.125, 4.178, 4.125, 4.178, 4.937, 7.377, 12.263, , , 1, 5.803, 0.065, 0, 13.094, 2.563, 187, 0, 0, 0, 54.061, 4.58, 4.495, 120.2, 30.6, 100, 0, 0, 32.153, 32.153, 5, 0.772, 87.465, 0, 0, 94.526, 49.71, 0, 0, 0.065, 0, 0, 13.5, 0, 13.094, 0, 2.563, 187, 0, 0, 0, 54.061, 1, 0.004, 0.004, 120.2, 30.6, 100, 0, 0, 141, 32.153, 32.153, 5, 0.772, 0, 87.465, 0, 0, 94.526, 49.71, 0, 1.5, 0, 0, 
6.2, 17.481, 100.31, 73.62, 74.48, , 0.643, 0.987, 402.227, 402.227, 2.565, 17.177, 17.177, 17.177, 52.201, 56.137, 35.447, 35.888, 7.377, 12.272, 0, 0, 2.223, 2.253, 2.223, 2.253, 1, 49.119, 49.119, 0.024, 0.135, 4.55, 4.607, 4.55, 4.607, 4.945, 7.377, 12.272, , , 1, 5.853, 0.185, 0, 13.083, 2.565, 187, 0, 0, 0, 54.175, 4.803, 4.725, 120.2, 30.6, 100, 0, 0, 32.438, 32.438, 5, 0.777, 87.862, 0, 0, 95.038, 49.71, 0, 0, 0.185, 0, 0, 13.5, 0, 13.083, 0, 2.565, 187, 0, 0, 0, 54.175, 1, 0.004, 0.004, 120.2, 30.6, 100, 0, 0, 141, 32.438, 32.438, 5, 0.777, 0, 87.862, 0, 0, 95.038, 49.71, 0, 1.5, 0, 0, 
6.25, 17.482, 100.31, 73.62, 74.48, , 0.854, 0.987, 405.819, 405.819, 2.567, 22.2, 22.2, 22.2, 52.196, 56.858, 35.485, 36.038, 7.377, 12.284, 0, 0, 2.874, 2.914, 2.874, 2.914, 1, 49.153, 49.153, 0.024, 0.135, 5.881, 5.956, 5.881, 5.956, 4.953, 7.377, 12.284, , , 1, 5.903, 0.306, 0, 13.071, 2.567, 187, 0, 0, 0, 54.289, 5.026, 4.956, 120.2, 30.6, 100, 0, 0, 32.722, 32.722, 5, 0.782, 88.26, 0, 0, 95.549, 49.71, 0, 0, 0.306, 0, 0, 13.5, 0, 13.071, 0, 2.567, 187, 0, 0, 0, 54.289, 1, 0.005, 0.005, 120.2, 30.6, 100, 0, 0, 141, 32.722, 32.722, 5, 0.782, 0, 88.26, 0, 0, 95.549, 49.71, 0, 1.5, 0, 0, 
6.3, 17.483, 100.31, 73.62, 74.48, , 1.18, 0.987, 409.411, 409.411, 2.569, 29.937, 29.937, 29.937, 52.18, 57.58, 35.522, 36.188, 7.377, 12.295, 0, 0, 3.878, 3.934, 3.878, 3.934, 1, 49.207, 49.207, 0.024, 0.135, 7.932, 8.035, 7.932, 8.035, 4.961, 7.377, 12.295, , , 1, 5.953, 0.426, 0, 13.06, 2.569, 187, 0, 0, 0, 54.402, 5.248, 5.187, 120.2, 30.6, 100, 0, 0, 33.006, 33.006, 5, 0.786, 88.658, 0, 0, 96.06, 49.71, 0, 0, 0.426, 0, 0, 13.5, 0, 13.06, 0, 2.569, 187, 0, 0, 0, 54.402, 1, 0.005, 0.005, 120.2, 30.6, 100, 0, 0, 141, 33.006, 33.006, 5, 0.786, 0, 88.658, 0, 0, 96.06, 49.71, 0, 1.5, 0, 0, 
6.35, 17.484, 100.31, 73.62, 74.48, , 1.49, 0.987, 413.004, 413.004, 2.571, 37.289, 37.289, 37.289, 52.156, 58.302, 35.56, 36.338, 7.377, 12.306, 0, 0, 4.836, 4.905, 4.836, 4.905, 1, 49.274, 49.274, 0.024, 0.135, 9.884, 10.014, 9.884, 10.014, 4.97, 7.377, 12.306, , , 1, 6.003, 0.532, 0, 13.05, 2.571, 187, 0, 0, 0, 54.573, 5.467, 5.412, 120.2, 30.702, 100, 0, 0, 33.359, 33.359, 5.044, 0.792, 89.124, 0, 0, 96.624, 49.719, 0, 0, 0.532, 0, 0, 13.5, 0, 13.05, 0, 2.571, 187, 0, 0, 0, 54.573, 1, 0.005, 0.005, 120.2, 30.702, 100, 0, 0, 141, 33.359, 33.359, 5.044, 0.792, 0, 89.124, 0, 0, 96.624, 49.719, 0, 1.5, 0, 0, 
6.4, 17.485, 100.31, 73.62, 74.48, , 1.807, 0.987, 416.648, 416.648, 2.575, 44.799, 44.799, 44.799, 52.127, 59.023, 35.597, 36.488, 7.377, 12.313, 0, 0, 5.822, 5.902, 5.822, 5.902, 1, 49.354, 49.354, 0.024, 0.135, 11.882, 12.039, 11.882, 12.039, 4.973, 7.377, 12.313, , , 1, 6.053, 0.549, 0, 13.05, 2.575, 187, 0, 0, 0, 55.094, 5.656, 5.602, 120.2, 31.432, 100, 0, 0, 34.141, 34.141, 5.356, 0.807, 90.009, 0, 0, 97.509, 49.784, 0, 0, 0.549, 0, 0, 13.5, 0, 13.05, 0, 2.575, 187, 0, 0, 0, 55.094, 1, 0.005, 0.005, 120.2, 31.432, 100, 0, 0, 141, 34.141, 34.141, 5.356, 0.807, 0, 90.009, 0, 0, 97.509, 49.784, 0, 1.5, 0, 0, 
6.45, 17.486, 100.31, 73.62, 74.48, , 2.177, 0.987, 420.26, 420.26, 2.58, 53.594, 53.594, 53.594, 52.101, 59.745, 35.434, 36.368, 7.377, 12.311, 0, 0, 6.98, 7.075, 6.98, 7.075, 1, 49.448, 49.448, 0.024, 0.134, 14.221, 14.411, 14.221, 14.411, 4.972, 7.377, 12.311, , , 1, 6.103, 0.566, 0, 13.05, 2.58, 187, 0, 0, 0, 55.615, 5.846, 5.793, 120.2, 32.163, 100, 0, 0, 34.922, 34.922, 5.669, 0.821, 90.895, 0, 0, 98.395, 49.848, 0, 0, 0.566, 0, 0, 13.5, 0, 13.05, 0, 2.58, 187, 0, 0, 0, 55.615, 1, 0.005, 0.005, 120.2, 32.163, 100, 0, 0, 141, 34.922, 34.922, 5.669, 0.821, 0, 90.895, 0, 0, 98.395, 49.848, 0, 1.5, 0, 0, 
6.5, 17.487, 100.31, 73.62, 74.48, , 2.527, 0.987, 423.852, 423.852, 2.584, 61.903, 61.903, 61.903, 52.069, 60.467, 35.254, 36.224, 7.377, 12.303, 0, 0, 8.08, 8.188, 8.08, 8.188, 1, 49.569, 49.569, 0.024, 0.134, 16.433, 16.652, 16.433, 16.652, 4.97, 7.377, 12.303, , , 1, 6.153, 0.582, 0, 13.05, 2.584, 187, 0, 0, 0, 56.135, 6.035, 5.984, 120.2, 32.893, 100, 0, 0, 35.703, 35.703, 5.981, 0.836, 91.78, 0, 0, 99.28, 49.913, 0, 0, 0.582, 0, 0, 13.5, 0, 13.05, 0, 2.584, 187, 0, 0, 0, 56.135, 1, 0.006, 0.006, 120.2, 32.893, 100, 0, 0, 141, 35.703, 35.703, 5.981, 0.836, 0, 91.78, 0, 0, 99.28, 49.913, 0, 1.5, 0, 0, 
6.55, 17.489, 100.31, 73.62, 74.48, , 2.776, 0.987, 427.447, 427.447, 2.589, 67.792, 67.792, 67.792, 52.041, 61.188, 35.074, 36.08, 7.377, 12.281, 0, 0, 8.871, 8.988, 8.871, 8.988, 1, 49.701, 49.701, 0.024, 0.134, 18.005, 18.245, 18.005, 18.245, 4.968, 7.377, 12.281, , , 1, 6.203, 0.599, 0, 13.05, 2.589, 187, 0, 0, 0, 56.656, 6.225, 6.174, 120.2, 33.623, 100, 0, 0, 36.484, 36.484, 6.294, 0.85, 92.666, 0, 0, 100.166, 49.977, 0, 0, 0.599, 0, 0, 13.5, 0, 13.05, 0, 2.589, 187, 0, 0, 0, 56.656, 1, 0.006, 0.006, 120.2, 33.623, 100, 0, 0, 141, 36.484, 36.484, 6.294, 0.85, 0, 92.666, 0, 0, 100.166, 49.977, 0, 1.5, 0, 0, 
6.6, 17.49, 100.31, 73.62, 74.48, , 2.933, 0.987, 431.095, 431.095, 2.594, 71.518, 71.518, 71.518, 52.017, 61.91, 34.894, 35.936, 7.377, 12.248, 0, 0, 9.384, 9.508, 9.384, 9.508, 1, 49.842, 49.842, 0.024, 0.134, 19.003, 19.257, 19.003, 19.257, 4.965, 7.377, 12.248, , , 1, 6.253, 0.59, 0, 13.05, 2.594, 187, 0, 0, 0, 57.202, 6.379, 6.301, 120.2, 34.433, 100, 0, 0, 37.344, 37.304, 6.621, 0.865, 93.493, 0, 0, 100.973, 50.095, 0, 0, 0.59, 0, 0, 13.5, 0, 13.05, 0, 2.594, 187, 0, 0, 0, 57.202, 1, 0.006, 0.006, 120.2, 34.433, 100, 0, 0, 141, 37.344, 37.304, 6.621, 0.865, 0, 93.493, 0, 0, 100.973, 50.095, 0, 1.5, 0, 0, 
6.65, 17.491, 100.31, 73.622, 74.48, , 3.004, 0.987, 434.744, 434.744, 2.601, 73.223, 73.223, 73.223, 51.997, 62.632, 34.714, 35.792, 7.377, 12.182, 0, 0, 9.634, 9.762, 9.634, 9.762, 1, 49.991, 49.991, 0.024, 0.134, 19.462, 19.724, 19.462, 19.724, 4.953, 7.377, 12.182, , , 1, 6.303, 0.53, 0, 13.05, 2.601, 187, 0, 0, 0, 57.798, 6.465, 6.305, 120.2, 35.399, 100, 0, 0, 38.356, 38.196, 6.979, 0.879, 94.207, 0, 0, 101.627, 50.317, 0, 0, 0.53, 0, 0, 13.5, 0, 13.05, 0, 2.601, 187, 0, 0, 0, 57.798, 1, 0.006, 0.006, 120.2, 35.399, 100, 0, 0, 141, 38.356, 38.196, 6.979, 0.879, 0, 94.207, 0, 0, 101.627, 50.317, 0, 1.5, 0, 0, 
6.7, 17.492, 100.31, 73.625, 74.48, , 3.037, 0.987, 438.392, 438.392, 2.608, 74.01, 74.01, 74.01, 51.976, 63.353, 34.832, 35.681, 7.377, 12.107, 0, 0, 9.765, 9.895, 9.765, 9.895, 1, 50.141, 50.141, 0.024, 0.134, 19.679, 19.945, 19.679, 19.945, 4.942, 7.377, 12.107, , , 1, 6.353, 0.471, 0, 13.05, 2.608, 187, 0, 0, 0, 58.393, 6.551, 6.308, 120.2, 36.364, 100, 0, 0, 39.368, 39.089, 7.336, 0.893, 94.921, 0, 0, 102.282, 50.538, 0, 0, 0.471, 0, 0, 13.5, 0, 13.05, 0, 2.608, 187, 0, 0, 0, 58.393, 1, 0.006, 0.006, 120.2, 36.364, 100, 0, 0, 141, 39.368, 39.089, 7.336, 0.893, 0, 94.921, 0, 0, 102.282, 50.538, 0, 1.5, 0, 0, 
6.75, 17.493, 100.31, 73.629, 74.48, , 3.057, 0.987, 442.04, 442.04, 2.616, 74.487, 74.487, 74.487, 51.953, 64.075, 34.976, 35.573, 7.377, 12.001, 0, 0, 9.858, 9.988, 9.858, 9.988, 1, 50.293, 50.293, 0.024, 0.135, 19.816, 20.084, 19.816, 20.084, 4.931, 7.377, 12.001, , , 1, 6.403, 0.411, 0, 13.05, 2.616, 187, 0, 0, 0, 58.988, 6.636, 6.312, 120.2, 37.33, 100, 0, 0, 40.38, 39.982, 7.693, 0.908, 95.636, 0, 0, 102.937, 50.76, 0, 0, 0.411, 0, 0, 13.5, 0, 13.05, 0, 2.616, 187, 0, 0, 0, 58.988, 1, 0.006, 0.006, 120.2, 37.33, 100, 0, 0, 141, 40.38, 39.982, 7.693, 0.908, 0, 95.636, 0, 0, 102.937, 50.76, 0, 1.5, 0, 0, 
6.8, 17.494, 100.31, 73.633, 74.48, , 3.076, 0.987, 445.688, 445.688, 2.622, 74.934, 74.934, 74.934, 51.928, 64.796, 35.12, 35.465, 7.377, 11.899, 0, 0, 9.948, 10.08, 9.948, 10.08, 1, 50.447, 50.447, 0.024, 0.135, 19.945, 20.215, 19.945, 20.215, 4.921, 7.377, 11.899, , , 1, 6.454, 0.366, 0, 13.049, 2.622, 187, 0, 0, 0, 59.515, 6.721, 6.317, 120.2, 38.176, 100, 0, 0, 41.301, 40.786, 8, 0.92, 96.257, 0, 0, 103.5, 50.968, 0, 0, 0.366, 0, 0, 13.5, 0, 13.049, 0, 2.622, 187, 0, 0, 0, 59.515, 1, 0.007, 0.006, 120.2, 38.192, 100, 0, 0, 141, 41.301, 40.786, 8, 0.92, 0, 96.257, 0, 0, 103.5, 50.968, 0, 1.5, 0, 0, 
6.85, 17.495, 100.31, 73.637, 74.48, , 3.09, 0.987, 449.39, 449.39, 2.626, 75.257, 75.257, 75.257, 51.905, 65.518, 35.264, 35.357, 7.377, 11.811, 0, 0, 10.021, 10.155, 10.021, 10.155, 1, 50.601, 50.601, 0.024, 0.135, 20.041, 20.311, 20.041, 20.311, 4.929, 7.377, 11.811, , , 1, 6.503, 0.408, 0, 13.038, 2.626, 187, 0, 0, 0, 59.619, 6.803, 6.33, 120.2, 38.291, 100, 0, 0, 41.666, 41.047, 8, 0.92, 96.309, 0, 0, 103.5, 51.097, 0, 0, 0.408, 0, 0, 13.5, 0, 13.038, 0, 2.626, 187, 0, 0, 0, 59.619, 1, 0.007, 0.006, 120.2, 38.422, 100, 0, 0, 141, 41.666, 41.047, 8, 0.92, 0, 96.309, 0, 0, 103.5, 51.097, 0, 1.5, 0, 0, 
6.9, 17.497, 100.31, 73.641, 74.48, , 3.144, 0.987, 453.096, 453.096, 2.629, 76.54, 76.54, 76.54, 51.887, 66.24, 35.408, 35.249, 7.377, 11.737, 0, 0, 10.223, 10.361, 10.223, 10.361, 1, 50.753, 50.753, 0.024, 0.135, 20.391, 20.663, 20.391, 20.663, 4.937, 7.377, 11.737, , , 1, 6.553, 0.449, 0, 13.028, 2.629, 187, 0, 0, 0, 59.723, 6.884, 6.344, 120.2, 38.405, 100, 0, 0, 42.03, 41.307, 8, 0.92, 96.361, 0, 0, 103.5, 51.226, 0, 0, 0.449, 0, 0, 13.5, 0, 13.028, 0, 2.629, 187, 0, 0, 0, 59.723, 1, 0.007, 0.006, 120.2, 38.653, 100, 0, 0, 141, 42.03, 41.307, 8, 0.92, 0, 96.361, 0, 0, 103.5, 51.226, 0, 1.5, 0, 0, 
6.95, 17.498, 100.31, 73.645, 74.48, , 3.195, 0.987, 456.803, 456.803, 2.632, 77.756, 77.756, 77.756, 51.875, 66.961, 35.221, 35.637, 7.378, 11.73, 0, 0, 10.418, 10.558, 10.418, 10.558, 1, 50.912, 50.912, 0.024, 0.136, 20.72, 20.995, 20.72, 20.995, 4.945, 7.378, 11.73, , , 1, 6.604, 0.491, 0, 13.017, 2.632, 187, 0, 0, 0, 59.827, 6.965, 6.358, 120.2, 38.52, 100, 0, 0, 42.395, 41.568, 8, 0.92, 96.414, 0, 0, 103.5, 51.356, 0, 0, 0.491, 0, 0, 13.5, 0, 13.017, 0, 2.632, 187, 0, 0, 0, 59.827, 1, 0.007, 0.006, 120.2, 38.883, 100, 0, 0, 141, 42.395, 41.568, 8, 0.92, 0, 96.414, 0, 0, 103.5, 51.356, 0, 1.5, 0, 0, 
7, 17.499, 100.31, 73.648, 74.48, , 3.211, 0.987, 460.511, 460.511, 2.636, 78.157, 78.157, 78.157, 51.869, 67.683, 35.005, 36.069, 7.378, 11.736, 0, 0, 10.504, 10.647, 10.504, 10.647, 1, 51.073, 51.073, 0.024, 0.136, 20.831, 21.106, 20.831, 21.106, 4.953, 7.378, 11.736, , , 1, 6.653, 0.533, 0, 13.007, 2.636, 187, 0, 0, 0, 59.931, 7.046, 6.371, 120.2, 38.634, 100, 0, 0, 42.759, 41.828, 8, 0.92, 96.466, 0, 0, 103.5, 51.485, 0, 0, 0.533, 0, 0, 13.5, 0, 13.007, 0, 2.636, 187, 0, 0, 0, 59.931, 1, 0.007, 0.006, 120.2, 39.113, 100, 0, 0, 141, 42.759, 41.828, 8, 0.92, 0, 96.466, 0, 0, 103.5, 51.485, 0, 1.5, 0, 0, 
7.05, 17.5, 100.31, 73.652, 74.48, , 3.237, 0.987, 464.217, 464.217, 2.642, 78.778, 78.778, 78.778, 51.87, 68.405, 34.789, 36.501, 7.379, 11.815, 0, 0, 10.621, 10.766, 10.621, 10.766, 1, 51.234, 51.234, 0.024, 0.136, 20.995, 21.272, 20.995, 21.272, 4.975, 7.379, 11.815, , , 1, 6.703, 0.551, 0, 13.004, 2.642, 187, 0, 0, 0, 60.035, 7.095, 6.402, 120.2, 38.801, 100, 0, 0, 43.106, 42.194, 8.071, 0.922, 96.518, 0, 0, 103.429, 51.636, 0, 0, 0.551, 0, 0, 13.5, 0, 13.004, 0, 2.642, 187, 0, 0, 0, 60.035, 1, 0.007, 0.006, 120.2, 39.317, 100, 0, 0, 141, 43.106, 42.194, 8.071, 0.922, 0, 96.518, 0, 0, 103.429, 51.636, 0, 1.5, 0, 0, 
7.1, 17.501, 100.31, 73.656, 74.48, , 3.281, 0.987, 467.976, 467.976, 2.655, 79.811, 79.811, 79.811, 51.874, 69.126, 34.573, 36.933, 7.379, 11.894, 0, 0, 10.795, 10.941, 10.795, 10.941, 1, 51.395, 51.395, 0.024, 0.136, 21.269, 21.55, 21.269, 21.55, 5.003, 7.379, 11.894, , , 1, 6.754, 0.525, 0, 13.014, 2.655, 187, 0, 0, 0, 60.139, 7.081, 6.468, 120.2, 39.07, 100, 0, 0, 43.417, 42.765, 8.278, 0.928, 96.57, 0, 0, 103.222, 51.831, 0, 0, 0.525, 0, 0, 13.5, 0, 13.014, 0, 2.655, 187, 0, 0, 0, 60.139, 1, 0.007, 0.006, 120.2, 39.472, 100, 0, 0, 141, 43.417, 42.765, 8.278, 0.928, 0, 96.57, 0, 0, 103.222, 51.831, 0, 1.5, 0, 0, 
7.15, 17.503, 100.31, 73.66, 74.48, , 3.304, 0.987, 471.742, 471.742, 2.668, 80.356, 80.356, 80.356, 51.878, 69.848, 34.357, 37.365, 7.38, 11.976, 0, 0, 10.904, 11.051, 10.904, 11.051, 1, 51.558, 51.558, 0.024, 0.136, 21.412, 21.696, 21.412, 21.696, 5.03, 7.38, 11.976, , , 1, 6.803, 0.499, 0, 13.024, 2.668, 187, 0, 0, 0, 60.243, 7.066, 6.533, 120.2, 39.339, 100, 0, 0, 43.728, 43.335, 8.485, 0.935, 96.621, 0, 0, 103.015, 52.026, 0, 0, 0.499, 0, 0, 13.5, 0, 13.024, 0, 2.668, 187, 0, 0, 0, 60.243, 1, 0.007, 0.006, 120.2, 39.626, 100, 0, 0, 141, 43.728, 43.335, 8.485, 0.935, 0, 96.621, 0, 0, 103.015, 52.026, 0, 1.5, 0, 0, 
7.2, 17.505, 100.31, 73.664, 74.48, , 3.338, 0.987, 475.508, 475.508, 2.681, 81.162, 81.162, 81.162, 51.878, 70.569, 34.539, 36.837, 7.38, 12.052, 0, 0, 11.049, 11.198, 11.049, 11.198, 1, 51.724, 51.724, 0.024, 0.135, 21.626, 21.914, 21.626, 21.914, 5.057, 7.38, 12.052, , , 1, 6.854, 0.473, 0, 13.035, 2.681, 187, 0, 0, 0, 60.346, 7.051, 6.598, 120.2, 39.607, 100, 0, 0, 44.039, 43.906, 8.693, 0.941, 96.673, 0, 0, 102.807, 52.221, 0, 0, 0.473, 0, 0, 13.5, 0, 13.035, 0, 2.681, 187, 0, 0, 0, 60.346, 1, 0.007, 0.006, 120.2, 39.78, 100, 0, 0, 141, 44.039, 43.906, 8.693, 0.941, 0, 96.673, 0, 0, 102.807, 52.221, 0, 1.5, 0, 0, 
7.25, 17.506, 100.31, 73.667, 74.48, , 3.401, 0.987, 479.275, 479.275, 2.694, 82.682, 82.682, 82.682, 51.874, 71.291, 34.755, 36.225, 7.38, 12.077, 0, 0, 11.291, 11.444, 11.291, 11.444, 1, 51.891, 51.891, 0.024, 0.135, 22.03, 22.325, 22.03, 22.325, 5.068, 7.38, 12.077, , , 1, 6.904, 0.447, 0, 13.045, 2.694, 187, 0, 0, 0, 60.45, 7.037, 6.664, 120.2, 39.876, 100, 0, 0, 44.351, 44.476, 8.9, 0.947, 96.725, 0, 0, 102.6, 52.416, 0, 0, 0.447, 0, 0, 13.5, 0, 13.045, 0, 2.694, 187, 0, 0, 0, 60.45, 1, 0.007, 0.006, 120.2, 39.934, 100, 0, 0, 141, 44.351, 44.476, 8.9, 0.947, 0, 96.725, 0, 0, 102.6, 52.416, 0, 1.5, 0, 0, 
7.3, 17.508, 100.31, 73.671, 74.48, , 3.435, 0.987, 483.041, 483.041, 2.703, 83.488, 83.488, 83.488, 51.869, 72.013, 34.971, 35.613, 7.379, 12.097, 0, 0, 11.438, 11.593, 11.438, 11.593, 1, 52.059, 52.059, 0.024, 0.135, 22.248, 22.545, 22.248, 22.545, 5.073, 7.379, 12.097, , , 1, 6.953, 0.415, 0, 13.055, 2.703, 187, 0, 0, 0, 60.554, 7.004, 6.648, 120.2, 40.025, 100, 0, 0, 44.554, 44.832, 9, 0.951, 96.723, 0, 0, 102.391, 52.544, 0, 0, 0.415, 0, 0, 13.5, 0, 13.055, 0, 2.703, 187, 0, 0, 0, 60.554, 1, 0.007, 0.006, 120.2, 40.026, 100, 0, 0, 141, 44.554, 44.832, 9, 0.951, 0, 96.723, 0, 0, 102.391, 52.544, 0, 1.5, 0, 0, 
7.35, 17.509, 100.31, 73.675, 74.48, , 3.474, 0.987, 486.864, 486.864, 2.707, 84.403, 84.403, 84.403, 51.862, 72.734, 35.187, 35.001, 7.379, 12.075, 0, 0, 11.603, 11.76, 11.603, 11.76, 1, 52.23, 52.23, 0.024, 0.135, 22.495, 22.794, 22.495, 22.794, 5.079, 7.379, 12.075, , , 1, 7.004, 0.376, 0, 13.066, 2.707, 187, 0, 0, 0, 60.659, 6.954, 6.557, 120.2, 40.064, 100, 0, 0, 44.659, 44.988, 9, 0.953, 96.671, 0, 0, 102.182, 52.609, 0, 0, 0.376, 0, 0, 13.5, 0, 13.066, 0, 2.707, 187, 0, 0, 0, 60.659, 1, 0.007, 0.006, 120.2, 40.064, 100, 0, 0, 141, 44.659, 44.988, 9, 0.953, 0, 96.671, 0, 0, 102.182, 52.609, 0, 1.5, 0, 0, 
7.4, 17.511, 100.31, 73.679, 74.48, , 3.522, 0.987, 490.648, 490.648, 2.711, 85.554, 85.554, 85.554, 51.852, 73.456, 35.403, 34.389, 7.378, 12.052, 0, 0, 11.799, 11.96, 11.799, 11.96, 1, 52.404, 52.404, 0.024, 0.134, 22.807, 23.11, 22.807, 23.11, 5.084, 7.378, 12.052, , , 1, 7.053, 0.337, 0, 13.076, 2.711, 187, 0, 0, 0, 60.764, 6.903, 6.466, 120.2, 40.103, 100, 0, 0, 44.764, 45.145, 9, 0.955, 96.618, 0, 0, 101.973, 52.673, 0, 0, 0.337, 0, 0, 13.5, 0, 13.076, 0, 2.711, 187, 0, 0, 0, 60.764, 1, 0.007, 0.006, 120.2, 40.103, 100, 0, 0, 141, 44.764, 45.145, 9, 0.955, 0, 96.618, 0, 0, 101.973, 52.673, 0, 1.5, 0, 0, 
7.45, 17.512, 100.31, 73.683, 74.48, , 3.553, 0.987, 494.443, 494.443, 2.716, 86.286, 86.286, 86.286, 51.839, 74.178, 35.221, 34.737, 7.378, 12.032, 0, 0, 11.939, 12.101, 11.939, 12.101, 1, 52.58, 52.58, 0.024, 0.134, 23.009, 23.314, 23.009, 23.314, 5.075, 7.378, 12.032, , , 1, 7.104, 0.299, 0, 13.087, 2.716, 187, 0, 0, 0, 60.868, 6.853, 6.375, 120.2, 40.141, 100, 0, 0, 44.868, 45.302, 9, 0.957, 96.566, 0, 0, 101.764, 52.738, 0, 0, 0.299, 0, 0, 13.5, 0, 13.087, 0, 2.716, 187, 0, 0, 0, 60.868, 1, 0.007, 0.006, 120.2, 40.141, 100, 0, 0, 141, 44.868, 45.302, 9, 0.957, 0, 96.566, 0, 0, 101.764, 52.738, 0, 1.5, 0, 0, 
7.5, 17.514, 100.31, 73.686, 74.48, , 3.567, 0.987, 498.286, 498.286, 2.72, 86.622, 86.622, 86.622, 51.825, 74.899, 35.005, 35.169, 7.377, 12.014, 0, 0, 12.026, 12.189, 12.026, 12.189, 1, 52.757, 52.757, 0.024, 0.134, 23.106, 23.412, 23.106, 23.412, 5.055, 7.377, 12.014, , , 1, 7.153, 0.26, 0, 13.097, 2.72, 187, 0, 0, 0, 60.973, 6.803, 6.284, 120.2, 40.18, 100, 0, 0, 44.973, 45.459, 9, 0.959, 96.514, 0, 0, 101.554, 52.803, 0, 0, 0.26, 0, 0, 13.5, 0, 13.097, 0, 2.72, 187, 0, 0, 0, 60.973, 1, 0.007, 0.006, 120.2, 40.18, 100, 0, 0, 141, 44.973, 45.459, 9, 0.959, 0, 96.514, 0, 0, 101.554, 52.803, 0, 1.5, 0, 0, 
7.55, 17.515, 100.31, 73.69, 74.48, , 3.608, 0.987, 502.251, 502.251, 2.73, 87.614, 87.614, 87.614, 51.805, 75.621, 34.789, 35.601, 7.377, 12.045, 0, 0, 12.207, 12.37, 12.207, 12.37, 1, 52.994, 52.994, 0.024, 0.134, 23.377, 23.687, 23.377, 23.687, 5.035, 7.377, 12.045, , , 1, 7.203, 0.216, 0, 13.1, 2.73, 187, 0, 0, 0, 61.142, 6.775, 6.264, 120.072, 40.426, 100, 0, 0, 45.071, 45.571, 9.142, 0.967, 96.322, 0, 0, 101.322, 53.041, 0, 0, 0.216, 0, 0, 13.5, 0, 13.1, 0, 2.73, 187, 0, 0, 0, 61.142, 1, 0.007, 0.006, 120.072, 40.426, 100, 0, 0, 141, 45.071, 45.571, 9.142, 0.967, 0, 96.322, 0, 0, 101.322, 53.041, 0, 1.5, 0, 0, 
7.6, 17.517, 100.31, 73.694, 74.48, , 3.644, 0.987, 507.993, 507.993, 2.743, 88.455, 88.455, 88.455, 51.787, 76.343, 34.573, 36.033, 7.377, 12.077, 0, 0, 12.386, 12.551, 12.386, 12.551, 1, 53.225, 53.225, 0.024, 0.134, 23.61, 23.923, 23.61, 23.923, 5.014, 7.377, 12.077, , , 1, 7.253, 0.17, 0, 13.1, 2.743, 187, 0, 0, 0, 61.335, 6.755, 6.268, 119.899, 40.745, 100, 0, 0, 45.167, 45.667, 9.335, 0.977, 96.082, 0, 0, 101.082, 53.339, 0, 0, 0.17, 0, 0, 13.5, 0, 13.1, 0, 2.743, 187, 0, 0, 0, 61.335, 1, 0.007, 0.006, 119.899, 40.745, 100, 0, 0, 141, 45.167, 45.667, 9.335, 0.977, 0, 96.082, 0, 0, 101.082, 53.339, 0, 1.5, 0, 0, 
7.65, 17.518, 100.31, 73.698, 74.48, , 3.689, 0.987, 512.218, 512.218, 2.756, 89.546, 89.546, 89.546, 51.775, 77.064, 34.357, 36.465, 7.377, 12.142, 0, 0, 12.586, 12.753, 12.586, 12.753, 1, 53.404, 53.404, 0.024, 0.134, 23.906, 24.224, 23.906, 24.224, 4.998, 7.377, 12.142, , , 1, 7.304, 0.124, 0, 13.1, 2.756, 187, 0, 0, 0, 61.527, 6.735, 6.273, 119.726, 41.065, 100, 0, 0, 45.263, 45.763, 9.527, 0.986, 95.841, 0, 0, 100.841, 53.637, 0, 0, 0.124, 0, 0, 13.5, 0, 13.1, 0, 2.756, 187, 0, 0, 0, 61.527, 1, 0.007, 0.006, 119.726, 41.065, 100, 0, 0, 141, 45.263, 45.763, 9.527, 0.986, 0, 95.841, 0, 0, 100.841, 53.637, 0, 1.5, 0, 0, 
7.7, 17.52, 100.31, 73.702, 74.48, , 3.729, 0.987, 516.109, 516.109, 2.769, 90.498, 90.498, 90.498, 51.764, 77.786, 34.87, 36.169, 7.377, 12.206, 0, 0, 12.764, 12.933, 12.764, 12.933, 1, 53.588, 53.588, 0.024, 0.134, 24.165, 24.487, 24.165, 24.487, 4.992, 7.377, 12.206, , , 1, 7.353, 0.077, 0, 13.1, 2.769, 187, 0, 0, 0, 61.719, 6.714, 6.278, 119.553, 41.384, 100, 0, 0, 45.36, 45.86, 9.719, 0.996, 95.601, 0, 0, 100.601, 53.935, 0, 0, 0.077, 0, 0, 13.5, 0, 13.1, 0, 2.769, 187, 0, 0, 0, 61.719, 1, 0.007, 0.006, 119.553, 41.384, 100, 0, 0, 141, 45.36, 45.86, 9.719, 0.996, 0, 95.601, 0, 0, 100.601, 53.935, 0, 1.5, 0, 0, 
7.75, 17.521, 100.31, 73.706, 74.48, , 3.765, 0.987, 520, 520, 2.782, 91.341, 91.341, 91.341, 51.754, 78.507, 35.446, 35.809, 7.377, 12.273, 0, 0, 12.928, 13.099, 12.928, 13.099, 1, 53.774, 53.774, 0.024, 0.134, 24.394, 24.719, 24.394, 24.719, 4.985, 7.377, 12.273, , , 1, 7.404, 0.031, 0, 13.1, 2.782, 187, 0, 0, 0, 61.912, 6.694, 6.283, 119.38, 41.703, 100, 0, 0, 45.456, 45.956, 9.912, 1.005, 95.361, 0, 0, 100.361, 54.233, 0, 0, 0.031, 0, 0, 13.5, 0, 13.1, 0, 2.782, 187, 0, 0, 0, 61.912, 1, 0.007, 0.006, 119.38, 41.703, 100, 0, 0, 141, 45.456, 45.956, 9.912, 1.006, 0, 95.361, 0, 0, 100.361, 54.233, 0, 1.5, 0, 0, 
7.8, 17.523, 100.31, 73.709, 74.48, , 3.803, 0.987, 523.907, 523.907, 2.79, 92.243, 92.243, 92.243, 51.746, 79.229, 36.022, 35.449, 7.377, 12.34, 0, 0, 13.101, 13.275, 13.101, 13.275, 1, 53.964, 53.964, 0.024, 0.135, 24.638, 24.967, 24.638, 24.967, 4.979, 7.377, 12.34, , , 1, 7.454, 0.009, 0, 13.1, 2.79, 187, 0, 0, 0, 62, 6.689, 6.291, 119.199, 41.87, 100, 0, 0, 45.5, 46, 10, 1.011, 95.278, 0, 0, 100.278, 54.405, 0, 0, 0.009, 0, 0, 13.5, 0, 13.1, 0, 2.79, 187, 0, 0, 0, 62, 1, 0.007, 0.006, 119.199, 41.87, 100, 0, 0, 141, 45.5, 46, 10, 1.011, 0, 95.278, 0, 0, 100.278, 54.405, 0, 1.5, 0, 0, 
7.85, 17.524, 100.31, 73.713, 74.48, , 3.846, 0.987, 527.865, 527.865, 2.795, 93.286, 93.286, 93.286, 51.742, 79.951, 36.598, 35.089, 7.377, 12.364, 0, 0, 13.295, 13.471, 13.295, 13.471, 1, 54.153, 54.153, 0.024, 0.135, 24.918, 25.252, 24.918, 25.252, 4.973, 7.377, 12.364, , , 1, 7.504, 0.007, 0, 13.1, 2.795, 187, 0, 0, 0, 62, 6.696, 6.303, 119.011, 41.908, 100, 0, 0, 45.5, 46, 10, 1.013, 95.33, 0, 0, 100.33, 54.469, 0, 0, 0.007, 0, 0, 13.5, 0, 13.1, 0, 2.795, 187, 0, 0, 0, 62, 1, 0.007, 0.006, 119.011, 41.908, 100, 0, 0, 141, 45.5, 46, 10, 1.013, 0, 95.33, 0, 0, 100.33, 54.469, 0, 1.5, 0, 0, 
7.9, 17.526, 100.31, 73.717, 74.48, , 3.884, 0.987, 531.822, 531.822, 2.799, 94.191, 94.191, 94.191, 51.739, 80.672, 37.174, 34.729, 7.377, 12.386, 0, 0, 13.471, 13.651, 13.471, 13.651, 1, 54.343, 54.343, 0.024, 0.135, 25.16, 25.498, 25.16, 25.498, 4.98, 7.377, 12.386, , , 1, 7.554, 0.005, 0, 13.1, 2.799, 187, 0, 0, 0, 62, 6.704, 6.314, 118.824, 41.945, 100, 0, 0, 45.5, 46, 10, 1.015, 95.382, 0, 0, 100.382, 54.534, 0, 0, 0.005, 0, 0, 13.5, 0, 13.1, 0, 2.799, 187, 0, 0, 0, 62, 1, 0.007, 0.006, 118.824, 41.945, 100, 0, 0, 141, 45.5, 46, 10, 1.015, 0, 95.382, 0, 0, 100.382, 54.534, 0, 1.5, 0, 0, 
7.95, 17.527, 100.31, 73.72, 74.48, , 3.923, 0.987, 535.779, 535.779, 2.804, 95.111, 95.111, 95.111, 51.736, 81.394, 36.922, 34.965, 7.377, 12.369, 0, 0, 13.653, 13.835, 13.653, 13.835, 1, 54.537, 54.537, 0.024, 0.135, 25.407, 25.748, 25.407, 25.748, 4.987, 7.377, 12.369, , , 1, 7.603, 0.003, 0, 13.1, 2.804, 187, 0, 0, 0, 62, 6.711, 6.326, 118.636, 41.983, 100, 0, 0, 45.5, 46, 10, 1.017, 95.434, 0, 0, 100.434, 54.599, 0, 0, 0.003, 0, 0, 13.5, 0, 13.1, 0, 2.804, 187, 0, 0, 0, 62, 1, 0.007, 0.006, 118.636, 41.983, 100, 0, 0, 141, 45.5, 46, 10, 1.017, 0, 95.434, 0, 0, 100.434, 54.599, 0, 1.5, 0, 0, 
8, 17.529, 100.31, 73.72, 74.48, , 3.962, 0.987, 539.737, 539.737, 2.809, 96.056, 96.056, 96.056, 51.736, 82.116, 36.598, 35.253, 7.377, 12.349, 0, 0, 13.838, 14.022, 13.838, 14.022, 1, 54.732, 54.732, 0.024, 0.136, 25.66, 26.003, 25.66, 26.003, 4.994, 7.377, 12.349, , , 1, 7.654, 0.001, 0, 13.1, 2.809, 187, 0, 0, 0, 62, 6.718, 6.337, 118.449, 42.02, 100, 0, 0, 45.5, 46, 10, 1.019, 95.486, 0, 0, 100.486, 54.663, 0, 0, 0.001, 0, 0, 13.5, 0, 13.1, 0, 2.809, 187, 0, 0, 0, 62, 1, 0.007, 0.006, 118.449, 42.02, 100, 0, 0, 141, 45.5, 46, 10, 1.019, 0, 95.486, 0, 0, 100.486, 54.663, 0, 1.5, 0, 0, 
8.05, 17.53, 100.31, 73.72, 74.48, , 4, 0.987, 543.729, 543.729, 2.818, 96.957, 96.957, 96.957, 51.738, 78.945, 36.274, 35.541, 7.377, 12.318, 0, 0, 14.017, 14.204, 14.017, 14.204, 1, 54.93, 54.93, 0.024, 0.136, 25.901, 26.247, 25.901, 26.247, 5.001, 7.377, 12.318, , , 1, 7.703, 0.012, 0, 13.1, 2.818, 187, 0, 0, 0, 62.148, 6.797, 6.413, 118.4, 42.14, 100, 0, 0, 45.5, 46, 10, 1.024, 95.722, 0, 0, 100.87, 54.864, 0, 0, 0.012, 0, 0, 13.5, 0, 13.1, 0, 2.818, 187, 0, 0, 0, 62.148, 1, 0.007, 0.006, 118.4, 42.14, 100, 0, 0, 141, 45.5, 46, 10, 1.024, 0, 95.722, 0, 0, 100.87, 54.864, 0, 1.5, 0, 0, 
8.1, 17.532, 100.31, 73.72, 74.48, , 4.036, 0.987, 547.732, 547.732, 2.828, 97.801, 97.801, 97.801, 51.738, 75.695, 35.95, 35.829, 7.377, 12.286, 0, 0, 14.191, 14.38, 14.191, 14.38, 1, 55.127, 55.127, 0.024, 0.136, 26.127, 26.475, 26.127, 26.475, 5.006, 7.377, 12.286, , , 1, 7.754, 0.028, 0, 13.1, 2.828, 187, 0, 0, 0, 62.348, 6.901, 6.511, 118.4, 42.288, 100, 0, 0, 45.5, 46, 10, 1.03, 96.022, 0, 0, 101.37, 55.112, 0, 0, 0.028, 0, 0, 13.5, 0, 13.1, 0, 2.828, 187, 0, 0, 0, 62.348, 1, 0.007, 0.006, 118.4, 42.288, 100, 0, 0, 141, 45.5, 46, 10, 1.03, 0, 96.022, 0, 0, 101.37, 55.112, 0, 1.5, 0, 0, 
8.15, 17.534, 100.31, 73.72, 74.48, , 4.068, 0.987, 551.7, 551.7, 2.838, 98.579, 98.579, 98.579, 51.738, 72.445, 35.626, 36.117, 7.377, 12.268, 0, 0, 14.355, 14.547, 14.355, 14.547, 1, 55.327, 55.327, 0.024, 0.135, 26.336, 26.686, 26.336, 26.686, 5.011, 7.377, 12.268, , , 1, 7.804, 0.044, 0, 13.1, 2.838, 187, 0, 0, 0, 62.548, 7.005, 6.609, 118.4, 42.436, 100, 0, 0, 45.5, 46, 10, 1.036, 96.322, 0, 0, 101.87, 55.36, 0, 0, 0.044, 0, 0, 13.5, 0, 13.1, 0, 2.838, 187, 0, 0, 0, 62.548, 1, 0.007, 0.007, 118.4, 42.436, 100, 0, 0, 141, 45.5, 46, 10, 1.036, 0, 96.322, 0, 0, 101.87, 55.36, 0, 1.5, 0, 0, 
8.2, 17.535, 100.31, 73.72, 74.48, , 4.087, 0.987, 555.725, 555.725, 2.849, 99.032, 99.032, 99.032, 51.738, 69.195, 35.534, 35.842, 7.377, 12.252, 0, 0, 14.472, 14.666, 14.472, 14.666, 1, 55.53, 55.53, 0.024, 0.135, 26.458, 26.81, 26.458, 26.81, 5.016, 7.377, 12.252, , , 1, 7.853, 0.06, 0, 13.1, 2.849, 187, 0, 0, 0, 62.748, 7.109, 6.707, 118.4, 42.584, 100, 0, 0, 45.5, 46, 10, 1.042, 96.622, 0, 0, 102.37, 55.608, 0, 0, 0.06, 0, 0, 13.5, 0, 13.1, 0, 2.849, 187, 0, 0, 0, 62.748, 1, 0.007, 0.007, 118.4, 42.584, 100, 0, 0, 141, 45.5, 46, 10, 1.042, 0, 96.622, 0, 0, 102.37, 55.608, 0, 1.5, 0, 0, 
8.25, 17.537, 100.31, 73.72, 74.48, , 4.108, 0.987, 559.822, 559.822, 2.859, 99.539, 99.539, 99.539, 51.737, 65.945, 35.462, 35.518, 7.377, 12.246, 0, 0, 14.6, 14.796, 14.6, 14.796, 1, 55.735, 55.735, 0.024, 0.135, 26.595, 26.947, 26.595, 26.947, 5.021, 7.377, 12.246, , , 1, 7.904, 0.076, 0, 13.1, 2.859, 187, 0, 0, 0, 62.948, 7.213, 6.805, 118.4, 42.732, 100, 0, 0, 45.5, 46, 10, 1.048, 96.922, 0, 0, 102.87, 55.856, 0, 0, 0.076, 0, 0, 13.5, 0, 13.1, 0, 2.859, 187, 0, 0, 0, 62.948, 1, 0.007, 0.007, 118.4, 42.732, 100, 0, 0, 141, 45.5, 46, 10, 1.048, 0, 96.922, 0, 0, 102.87, 55.856, 0, 1.5, 0, 0, 
8.3, 17.538, 100.31, 73.72, 74.48, , 4.123, 0.987, 563.858, 563.858, 2.87, 99.889, 99.889, 99.889, 51.736, 62.695, 35.39, 35.194, 7.377, 12.242, 0, 0, 14.704, 14.901, 14.704, 14.901, 1, 55.942, 55.942, 0.024, 0.134, 26.688, 27.043, 26.688, 27.043, 5.033, 7.377, 12.242, , , 1, 7.953, 0.07, 0, 13.1, 2.87, 187, 0, 0, 0, 63.148, 7.261, 6.855, 118.666, 42.989, 100, 0, 0, 45.426, 46, 10.148, 1.053, 97.37, 0, 0, 103.148, 56.105, 0, 0, 0.07, 0, 0, 13.5, 0, 13.1, 0, 2.87, 187, 0, 0, 0, 63.148, 1, 0.007, 0.007, 118.666, 42.989, 100, 0, 0, 141, 45.426, 46, 10.148, 1.053, 0, 97.37, 0, 0, 103.148, 56.105, 0, 1.5, 0, 0, 
8.35, 17.54, 100.31, 73.72, 74.48, , 4.135, 0.987, 567.933, 567.933, 2.88, 100.169, 100.169, 100.169, 51.734, 59.445, 35.318, 34.87, 7.377, 12.227, 0, 0, 14.799, 14.998, 14.799, 14.998, 1, 56.148, 56.148, 0.024, 0.134, 26.764, 27.12, 26.764, 27.12, 5.047, 7.377, 12.227, , , 1, 8.003, 0.056, 0, 13.1, 2.88, 187, 0, 0, 0, 63.348, 7.289, 6.889, 119.026, 43.285, 100, 0, 0, 45.326, 46, 10.348, 1.057, 97.87, 0, 0, 103.348, 56.355, 0, 0, 0.056, 0, 0, 13.5, 0, 13.1, 0, 2.88, 187, 0, 0, 0, 63.348, 1, 0.007, 0.007, 119.026, 43.285, 100, 0, 0, 141, 45.326, 46, 10.348, 1.057, 0, 97.87, 0, 0, 103.348, 56.355, 0, 1.5, 0, 0, 
8.4, 17.541, 100.31, 73.72, 74.481, , 4.144, 0.987, 572.03, 572.03, 2.891, 100.401, 100.401, 100.401, 51.732, 56.195, 35.246, 34.546, 7.377, 12.209, 0, 0, 14.888, 15.088, 14.888, 15.088, 1, 56.35, 56.35, 0.024, 0.134, 26.828, 27.184, 26.828, 27.184, 5.061, 7.377, 12.209, , , 1, 8.054, 0.042, 0, 13.1, 2.891, 187, 0, 0, 0, 63.548, 7.317, 6.923, 119.386, 43.581, 100, 0, 0, 45.226, 46, 10.548, 1.061, 98.37, 0, 0, 103.548, 56.605, 0, 0, 0.042, 0, 0, 13.5, 0, 13.1, 0, 2.891, 187, 0, 0, 0, 63.548, 1, 0.007, 0.007, 119.386, 43.581, 100, 0, 0, 141, 45.226, 46, 10.548, 1.061, 0, 98.37, 0, 0, 103.548, 56.605, 0, 1.5, 0, 0, 
8.45, 17.542, 100.31, 73.72, 74.481, , 4.161, 0.987, 576.127, 576.127, 2.902, 100.806, 100.806, 100.806, 51.727, 52.945, 35.24, 34.619, 7.377, 12.183, 0, 0, 15.004, 15.204, 15.004, 15.204, 1, 56.557, 56.557, 0.024, 0.134, 26.939, 27.296, 26.939, 27.296, 5.075, 7.377, 12.183, , , 1, 8.103, 0.028, 0, 13.1, 2.902, 187, 0, 0, 0, 63.748, 7.345, 6.957, 119.746, 43.877, 100, 0, 0, 45.126, 46, 10.748, 1.065, 98.87, 0, 0, 103.748, 56.855, 0, 0, 0.028, 0, 0, 13.5, 0, 13.1, 0, 2.902, 187, 0, 0, 0, 63.748, 1, 0.007, 0.007, 119.746, 43.877, 100, 0, 0, 141, 45.126, 46, 10.748, 1.065, 0, 98.87, 0, 0, 103.748, 56.855, 0, 1.5, 0, 0, 
8.5, 17.543, 100.31, 73.72, 74.482, , 4.178, 0.987, 580.244, 580.244, 2.912, 101.212, 101.212, 101.212, 51.72, 49.695, 35.24, 34.727, 7.377, 12.154, 0, 0, 15.12, 15.32, 15.12, 15.32, 1, 56.765, 56.765, 0.024, 0.134, 27.05, 27.409, 27.05, 27.409, 5.081, 7.377, 12.154, , , 1, 8.154, 0.014, 0, 13.1, 2.912, 187, 0, 0, 0, 63.948, 7.373, 6.991, 120.106, 44.173, 100, 0, 0, 45.026, 46, 10.948, 1.069, 99.37, 0, 0, 103.948, 57.105, 0, 0, 0.014, 0, 0, 13.5, 0, 13.1, 0, 2.912, 187, 0, 0, 0, 63.948, 1, 0.007, 0.007, 120.106, 44.173, 100, 0, 0, 141, 45.026, 46, 10.948, 1.069, 0, 99.37, 0, 0, 103.948, 57.105, 0, 1.5, 0, 0, 
8.55, 17.544, 100.31, 73.72, 74.483, , 4.168, 0.987, 584.402, 584.402, 2.927, 100.981, 100.981, 100.981, 51.714, 46.445, 35.24, 34.835, 7.377, 12.116, 0, 0, 15.142, 15.342, 15.142, 15.342, 1, 56.971, 56.971, 0.024, 0.134, 26.991, 27.351, 26.991, 27.351, 5.082, 7.377, 12.116, , , 1, 8.204, 0.009, 0, 13.1, 2.927, 187, 0, 0, 0, 64, 7.415, 7.036, 119.944, 44.329, 100, 0, 0, 45.071, 46, 11.142, 1.073, 99.678, 0, 0, 104.178, 57.346, 0, 0, 0.009, 0, 0, 13.5, 0, 13.1, 0, 2.927, 187, 0, 0, 0, 64, 1, 0.007, 0.007, 119.944, 44.329, 100, 0, 0, 141, 45.071, 46, 11.142, 1.073, 0, 99.678, 0, 0, 104.178, 57.346, 0, 1.5, 0, 0, 
8.6, 17.545, 100.31, 73.72, 74.484, , 4.17, 0.987, 588.501, 588.501, 2.943, 101.042, 101.042, 101.042, 51.713, 43.195, 35.24, 34.943, 7.377, 12.077, 0, 0, 15.206, 15.406, 15.206, 15.406, 1, 57.176, 57.176, 0.024, 0.134, 27.008, 27.368, 27.008, 27.368, 5.083, 7.377, 12.077, , , 1, 8.253, 0.007, 0, 13.1, 2.943, 187, 0, 0, 0, 64, 7.462, 7.085, 119.598, 44.436, 100, 0, 0, 45.167, 46, 11.335, 1.077, 99.918, 0, 0, 104.418, 57.585, 0, 0, 0.007, 0, 0, 13.5, 0, 13.1, 0, 2.943, 187, 0, 0, 0, 64, 1, 0.007, 0.007, 119.598, 44.436, 100, 0, 0, 141, 45.167, 46, 11.335, 1.077, 0, 99.918, 0, 0, 104.418, 57.585, 0, 1.5, 0, 0, 
8.65, 17.547, 100.31, 73.72, 74.484, , 4.183, 0.987, 592.671, 592.671, 2.959, 101.351, 101.351, 101.351, 51.717, 56.48, 35.24, 35.051, 7.377, 12.044, 0, 0, 15.308, 15.51, 15.308, 15.51, 1, 57.383, 57.383, 0.024, 0.133, 27.088, 27.448, 27.088, 27.448, 5.083, 7.377, 12.044, , , 1, 8.304, 0.005, 0, 13.1, 2.959, 187, 0, 0, 0, 64, 7.509, 7.134, 119.252, 44.542, 100, 0, 0, 45.263, 46, 11.527, 1.081, 100.159, 0, 0, 104.659, 57.823, 0, 0, 0.005, 0, 0, 13.5, 0, 13.1, 0, 2.959, 187, 0, 0, 0, 64, 1, 0.008, 0.007, 119.252, 44.542, 100, 0, 0, 141, 45.263, 46, 11.527, 1.081, 0, 100.159, 0, 0, 104.659, 57.823, 0, 1.5, 0, 0, 
8.7, 17.548, 100.31, 73.72, 74.485, , 4.194, 0.987, 596.839, 596.839, 2.975, 101.613, 101.613, 101.613, 51.727, 57.283, 35.24, 35.06, 7.378, 12.012, 0, 0, 15.403, 15.605, 15.403, 15.605, 1, 57.592, 57.592, 0.024, 0.133, 27.152, 27.514, 27.152, 27.514, 5.088, 7.378, 12.012, , , 1, 8.353, 0.003, 0, 13.1, 2.975, 187, 0, 0, 0, 64, 7.556, 7.183, 118.905, 44.649, 100, 0, 0, 45.36, 46, 11.719, 1.084, 100.399, 0, 0, 104.899, 58.062, 0, 0, 0.003, 0, 0, 13.5, 0, 13.1, 0, 2.975, 187, 0, 0, 0, 64, 1, 0.008, 0.007, 118.905, 44.649, 100, 0, 0, 141, 45.36, 46, 11.719, 1.084, 0, 100.399, 0, 0, 104.899, 58.062, 0, 1.5, 0, 0, 
8.75, 17.549, 100.31, 73.72, 74.486, , 4.186, 0.987, 601.068, 601.068, 2.991, 101.418, 101.418, 101.418, 51.743, 57.349, 35.24, 35.06, 7.378, 11.982, 0, 0, 15.43, 15.632, 15.43, 15.632, 1, 57.801, 57.801, 0.024, 0.134, 27.092, 27.451, 27.092, 27.451, 5.096, 7.378, 11.982, , , 1, 8.404, 0.001, 0, 13.1, 2.991, 187, 0, 0, 0, 64, 7.603, 7.232, 118.559, 44.756, 100, 0, 0, 45.456, 46, 11.912, 1.088, 100.639, 0, 0, 105.139, 58.3, 0, 0, 0.001, 0, 0, 13.5, 0, 13.1, 0, 2.991, 187, 0, 0, 0, 64, 1, 0.008, 0.007, 118.559, 44.756, 100, 0, 0, 141, 45.456, 46, 11.912, 1.088, 0, 100.639, 0, 0, 105.139, 58.3, 0, 1.5, 0, 0, 
8.8, 17.55, 100.31, 73.72, 74.487, , 4.186, 0.987, 605.262, 605.262, 3.005, 101.439, 101.439, 101.439, 51.765, 57.414, 35.24, 35.06, 7.379, 11.952, 0, 0, 15.488, 15.691, 15.488, 15.691, 1, 58.007, 58.007, 0.024, 0.134, 27.088, 27.446, 27.088, 27.446, 5.104, 7.379, 11.952, , , 1, 8.454, 0, 0, 13.1, 3.005, 187, 0, 0, 0, 64.056, 7.638, 7.271, 118.4, 44.826, 100, 0, 0, 45.5, 46, 12, 1.091, 100.891, 0, 0, 105.391, 58.549, 0, 0, 0, 0, 0, 13.5, 0, 13.1, 0, 3.005, 187, 0, 0, 0, 64.056, 1, 0.008, 0.007, 118.4, 44.826, 100, 0, 0, 141, 45.5, 46, 12, 1.091, 0, 100.891, 0, 0, 105.391, 58.549, 0, 1.5, 0, 0, 
8.85, 17.551, 100.31, 73.72, 74.487, , 4.194, 0.987, 609.475, 609.475, 3.017, 101.634, 101.634, 101.634, 51.788, 57.48, 35.24, 35.06, 7.379, 11.936, 0, 0, 15.572, 15.777, 15.572, 15.777, 1, 58.216, 58.216, 0.024, 0.134, 27.128, 27.486, 27.128, 27.486, 5.112, 7.379, 11.936, , , 1, 8.503, 0, 0, 13.1, 3.017, 187, 0, 0, 0, 64.16, 7.663, 7.3, 118.4, 44.864, 100, 0, 0, 45.5, 46, 12, 1.093, 101.151, 0, 0, 105.651, 58.808, 0, 0, 0, 0, 0, 13.5, 0, 13.1, 0, 3.017, 187, 0, 0, 0, 64.16, 1, 0.008, 0.007, 118.4, 44.864, 100, 0, 0, 141, 45.5, 46, 12, 1.093, 0, 101.151, 0, 0, 105.651, 58.808, 0, 1.5, 0, 0, 
8.9, 17.552, 100.31, 73.72, 74.488, , 4.199, 0.987, 613.72, 613.72, 3.028, 101.737, 101.737, 101.737, 51.808, 57.546, 35.24, 35.06, 7.38, 11.923, 0, 0, 15.643, 15.849, 15.643, 15.849, 1, 58.425, 58.425, 0.024, 0.135, 27.145, 27.503, 27.145, 27.503, 5.123, 7.38, 11.923, , , 1, 8.554, 0, 0, 13.1, 3.028, 187, 0, 0, 0, 64.265, 7.688, 7.329, 118.4, 44.903, 100, 0, 0, 45.5, 46, 12, 1.095, 101.411, 0, 0, 105.911, 59.066, 0, 0, 0, 0, 0, 13.5, 0, 13.1, 0, 3.028, 187, 0, 0, 0, 64.265, 1, 0.008, 0.007, 118.4, 44.903, 100, 0, 0, 141, 45.5, 46, 12, 1.095, 0, 101.411, 0, 0, 105.911, 59.066, 0, 1.5, 0, 0, 
8.95, 17.553, 100.31, 73.72, 74.489, , 4.193, 0.987, 617.964, 617.964, 3.04, 101.607, 101.607, 101.607, 51.827, 57.612, 35.273, 34.994, 7.38, 11.914, 0, 0, 15.679, 15.886, 15.679, 15.886, 1, 58.634, 58.634, 0.024, 0.135, 27.1, 27.458, 27.1, 27.458, 5.137, 7.38, 11.914, , , 1, 8.604, 0, 0, 13.1, 3.04, 187, 0, 0, 0, 64.369, 7.713, 7.358, 118.4, 44.941, 100, 0, 0, 45.5, 46, 12, 1.097, 101.672, 0, 0, 106.172, 59.324, 0, 0, 0, 0, 0, 13.5, 0, 13.1, 0, 3.04, 187, 0, 0, 0, 64.369, 1, 0.008, 0.007, 118.4, 44.941, 100, 0, 0, 141, 45.5, 46, 12, 1.097, 0, 101.672, 0, 0, 106.172, 59.324, 0, 1.5, 0, 0, 
9, 17.555, 100.31, 73.72, 74.49, , 4.19, 0.987, 622.231, 622.231, 3.052, 101.546, 101.546, 101.546, 51.843, 57.677, 35.309, 34.922, 7.379, 11.905, 0, 0, 15.726, 15.934, 15.726, 15.934, 1, 58.84, 58.84, 0.024, 0.135, 27.074, 27.433, 27.074, 27.433, 5.15, 7.379, 11.905, , , 1, 8.653, 0, 0, 13.1, 3.052, 187, 0, 0, 0, 64.473, 7.738, 7.387, 118.4, 44.98, 100, 0, 0, 45.5, 46, 12, 1.099, 101.932, 0, 0, 106.432, 59.583, 0, 0, 0, 0, 0, 13.5, 0, 13.1, 0, 3.052, 187, 0, 0, 0, 64.473, 1, 0.008, 0.007, 118.4, 44.98, 100, 0, 0, 141, 45.5, 46, 12, 1.099, 0, 101.932, 0, 0, 106.432, 59.583, 0, 1.5, 0, 0, 
9.05, 17.556, 100.31, 73.72, 74.49, , 4.216, 0.987, 626.555, 626.555, 3.059, 102.175, 102.175, 102.175, 51.856, 57.743, 35.345, 34.85, 7.379, 11.893, 0, 0, 15.879, 16.09, 15.879, 16.09, 1, 59.05, 59.05, 0.024, 0.136, 27.235, 27.597, 27.235, 27.597, 5.164, 7.379, 11.893, , , 1, 8.703, 0, 0, 13.1, 3.059, 187, 0, 0, 0, 64.58, 7.746, 7.396, 118.4, 44.99, 100, 0, 0, 45.5, 46, 12, 1.102, 102.161, 0, 0, 106.661, 59.75, 0, 0, 0, 0, 0, 13.5, 0, 13.1, 0, 3.059, 187, 0, 0, 0, 64.58, 1, 0.008, 0.007, 118.4, 44.99, 100, 0, 0, 141, 45.5, 46, 12, 1.102, 0, 102.161, 0, 0, 106.661, 59.75, 0, 1.5, 0, 0, 
9.1, 17.557, 100.31, 73.72, 74.491, , 4.239, 0.987, 630.879, 630.879, 3.065, 102.705, 102.705, 102.705, 51.864, 57.809, 35.381, 34.778, 7.378, 11.881, 0, 0, 16.02, 16.232, 16.02, 16.232, 1, 59.261, 59.261, 0.024, 0.136, 27.372, 27.736, 27.372, 27.736, 5.183, 7.378, 11.881, , , 1, 8.753, 0, 0, 13.1, 3.065, 187, 0, 0, 0, 64.689, 7.747, 7.397, 118.4, 44.99, 100, 0, 0, 45.5, 46, 12, 1.104, 102.378, 0, 0, 106.878, 59.885, 0, 0, 0, 0, 0, 13.5, 0, 13.1, 0, 3.065, 187, 0, 0, 0, 64.689, 1, 0.008, 0.007, 118.4, 44.99, 100, 0, 0, 141, 45.5, 46, 12, 1.104, 0, 102.378, 0, 0, 106.878, 59.885, 0, 1.5, 0, 0, 
9.15, 17.558, 100.31, 73.72, 74.492, , 4.26, 0.987, 635.202, 635.202, 3.071, 103.23, 103.23, 103.23, 51.866, 57.874, 35.417, 34.706, 7.378, 11.857, 0, 0, 16.159, 16.371, 16.159, 16.371, 1, 59.472, 59.472, 0.024, 0.136, 27.511, 27.877, 27.511, 27.877, 5.21, 7.378, 11.857, , , 1, 8.804, 0, 0, 13.1, 3.071, 187, 0, 0, 0, 64.798, 7.748, 7.398, 118.4, 44.99, 100, 0, 0, 45.5, 46, 12, 1.106, 102.596, 0, 0, 107.096, 60.019, 0, 0, 0, 0, 0, 13.5, 0, 13.1, 0, 3.071, 187, 0, 0, 0, 64.798, 1, 0.008, 0.007, 118.4, 44.99, 100, 0, 0, 141, 45.5, 46, 12, 1.106, 0, 102.596, 0, 0, 107.096, 60.019, 0, 1.5, 0, 0, 
9.2, 17.559, 100.31, 73.72, 74.493, , 4.264, 0.987, 639.526, 639.526, 3.077, 103.324, 103.324, 103.324, 51.865, 57.94, 35.388, 34.474, 7.377, 11.828, 0, 0, 16.232, 16.446, 16.232, 16.446, 1, 59.682, 59.682, 0.024, 0.136, 27.536, 27.902, 27.536, 27.902, 5.237, 7.377, 11.828, , , 1, 8.853, 0, 0, 13.1, 3.077, 187, 0, 0, 0, 64.907, 7.749, 7.399, 118.4, 44.99, 100, 0, 0, 45.5, 46, 12, 1.108, 102.813, 0, 0, 107.313, 60.154, 0, 0, 0, 0, 0, 13.5, 0, 13.1, 0, 3.077, 187, 0, 0, 0, 64.907, 1, 0.008, 0.007, 118.4, 44.99, 100, 0, 0, 141, 45.5, 46, 12, 1.108, 0, 102.813, 0, 0, 107.313, 60.154, 0, 1.5, 0, 0, 
9.25, 17.56, 100.31, 73.72, 74.494, , 4.288, 0.987, 643.851, 643.851, 3.084, 103.897, 103.897, 103.897, 51.861, 58.006, 35.353, 34.229, 7.377, 11.798, 0, 0, 16.379, 16.594, 16.379, 16.594, 1, 59.892, 59.892, 0.024, 0.136, 27.693, 28.059, 27.693, 28.059, 5.264, 7.377, 11.798, , , 1, 8.903, 0.017, 0, 13.1, 3.084, 187, 0, 0, 0, 65.028, 7.775, 7.407, 118.4, 45, 100, 0, 0, 45.5, 46, 12.028, 1.111, 103.077, 0, 0, 107.598, 60.305, 0, 0, 0.017, 0, 0, 13.497, 0, 13.1, 0, 3.084, 187, 0, 0, 0, 65.028, 1, 0.008, 0.007, 118.4, 45, 100, 0, 0, 141, 45.5, 46, 12.028, 1.111, 0, 103.077, 0, 0, 107.598, 60.305, 0, 1.5, 0, 0, 
9.3, 17.561, 100.31, 73.72, 74.494, , 4.301, 0.987, 648.245, 648.245, 3.101, 104.209, 104.209, 104.209, 51.855, 58.071, 35.318, 33.984, 7.377, 11.768, 0, 0, 16.486, 16.705, 16.486, 16.705, 1, 60.105, 60.105, 0.024, 0.135, 27.779, 28.145, 27.779, 28.145, 5.288, 7.377, 11.768, , , 1, 8.954, 0.135, 0, 13.1, 3.101, 187, 0, 0, 0, 65.228, 7.952, 7.458, 118.4, 45.072, 100, 0, 0, 45.5, 46, 12.228, 1.117, 103.627, 0, 0, 108.298, 60.554, 0, 0, 0.135, 0, 0, 13.477, 0, 13.1, 0, 3.101, 187, 0, 0, 0, 65.228, 1, 0.008, 0.007, 118.4, 45.072, 100, 0, 0, 141, 45.5, 46, 12.228, 1.117, 0, 103.627, 0, 0, 108.298, 60.554, 0, 1.5, 0, 0, 
9.35, 17.563, 100.31, 73.72, 74.495, , 4.32, 0.987, 652.585, 652.585, 3.117, 104.652, 104.652, 104.652, 51.853, 58.137, 35.283, 33.739, 7.377, 11.74, 0, 0, 16.614, 16.836, 16.614, 16.836, 1, 60.32, 60.32, 0.024, 0.135, 27.896, 28.265, 27.896, 28.265, 5.308, 7.377, 11.74, , , 1, 9.003, 0.253, 0, 13.1, 3.117, 187, 0, 0, 0, 65.428, 8.129, 7.509, 118.4, 45.144, 100, 0, 0, 45.5, 46, 12.428, 1.123, 104.177, 0, 0, 108.998, 60.803, 0, 0, 0.253, 0, 0, 13.457, 0, 13.1, 0, 3.117, 187, 0, 0, 0, 65.428, 1, 0.008, 0.007, 118.4, 45.144, 100, 0, 0, 141, 45.5, 46, 12.428, 1.123, 0, 104.177, 0, 0, 108.998, 60.803, 0, 1.5, 0, 0, 
9.4, 17.564, 100.31, 73.72, 74.496, , 4.334, 0.987, 656.968, 656.968, 3.133, 104.986, 104.986, 104.986, 51.858, 58.203, 35.248, 33.494, 7.377, 11.713, 0, 0, 16.725, 16.95, 16.725, 16.95, 1, 60.535, 60.535, 0.024, 0.135, 27.982, 28.352, 27.982, 28.352, 5.328, 7.377, 11.713, , , 1, 9.053, 0.371, 0, 13.1, 3.133, 187, 0, 0, 0, 65.628, 8.306, 7.56, 118.4, 45.216, 100, 0, 0, 45.5, 46, 12.628, 1.129, 104.727, 0, 0, 109.698, 61.052, 0, 0, 0.371, 0, 0, 13.437, 0, 13.1, 0, 3.133, 187, 0, 0, 0, 65.628, 1, 0.008, 0.008, 118.4, 45.216, 100, 0, 0, 141, 45.5, 46, 12.628, 1.129, 0, 104.727, 0, 0, 109.698, 61.052, 0, 1.5, 0, 0, 
9.45, 17.565, 100.31, 73.72, 74.497, , 4.362, 0.987, 661.374, 661.374, 3.15, 105.668, 105.668, 105.668, 51.868, 58.269, 35.153, 34.047, 7.377, 11.689, 0, 0, 16.893, 17.12, 16.893, 17.12, 1, 60.75, 60.75, 0.024, 0.135, 28.158, 28.53, 28.158, 28.53, 5.348, 7.377, 11.689, , , 1, 9.103, 0.489, 0, 13.1, 3.15, 187, 0, 0, 0, 65.828, 8.483, 7.611, 118.4, 45.288, 100, 0, 0, 45.5, 46, 12.828, 1.135, 105.277, 0, 0, 110.398, 61.301, 0, 0, 0.489, 0, 0, 13.417, 0, 13.1, 0, 3.15, 187, 0, 0, 0, 65.828, 1, 0.008, 0.008, 118.4, 45.288, 100, 0, 0, 141, 45.5, 46, 12.828, 1.135, 0, 105.277, 0, 0, 110.398, 61.301, 0, 1.5, 0, 0, 
9.5, 17.566, 100.31, 73.72, 74.497, , 4.403, 0.987, 665.831, 665.831, 3.166, 106.646, 106.646, 106.646, 51.881, 58.334, 35.042, 34.824, 7.377, 11.667, 0, 0, 17.11, 17.34, 17.11, 17.34, 1, 60.967, 60.967, 0.024, 0.134, 28.41, 28.787, 28.41, 28.787, 5.366, 7.377, 11.667, , , 1, 9.153, 0.595, 0, 13.1, 3.166, 187, 0, 0, 0, 66.03, 8.65, 7.67, 118.4, 45.373, 100, 0, 0, 45.5, 46, 13.015, 1.141, 105.834, 0, 0, 111.068, 61.553, 0, 0, 0.595, 0, 0, 13.4, 0, 13.1, 0, 3.166, 187, 0, 0, 0, 66.03, 1, 0.009, 0.008, 118.4, 45.373, 100, 0, 0, 141, 45.5, 46, 13.015, 1.141, 0, 105.834, 0, 0, 111.068, 61.553, 0, 1.5, 0, 0, 
9.55, 17.567, 100.31, 73.72, 74.498, , 4.439, 0.987, 670.273, 670.273, 3.178, 107.51, 107.51, 107.51, 51.896, 58.4, 34.931, 35.602, 7.377, 11.645, 0, 0, 17.31, 17.543, 17.31, 17.543, 1, 61.184, 61.184, 0.024, 0.134, 28.633, 29.013, 28.633, 29.013, 5.358, 7.377, 11.645, , , 1, 9.203, 0.631, 0, 13.1, 3.178, 187, 0, 0, 0, 66.248, 8.755, 7.775, 118.4, 45.533, 100, 0, 0, 45.5, 46, 13.124, 1.147, 106.432, 0, 0, 111.558, 61.824, 0, 0, 0.631, 0, 0, 13.4, 0, 13.1, 0, 3.178, 187, 0, 0, 0, 66.248, 1, 0.009, 0.008, 118.4, 45.534, 100, 0, 0, 141, 45.5, 46, 13.124, 1.147, 0, 106.432, 0, 0, 111.558, 61.824, 0, 1.5, 0, 0, 
9.6, 17.568, 100.31, 73.72, 74.499, , 4.465, 0.987, 674.72, 674.72, 3.19, 108.131, 108.131, 108.131, 51.904, 58.466, 34.82, 36.38, 7.377, 11.622, 0, 0, 17.474, 17.709, 17.474, 17.709, 1, 61.408, 61.408, 0.024, 0.134, 28.793, 29.175, 28.793, 29.175, 5.351, 7.377, 11.622, , , 1, 9.253, 0.667, 0, 13.1, 3.19, 187, 0, 0, 0, 66.465, 8.861, 7.881, 118.4, 45.694, 100, 0, 0, 45.5, 46, 13.233, 1.154, 107.029, 0, 0, 112.047, 62.094, 0, 0, 0.667, 0, 0, 13.4, 0, 13.1, 0, 3.19, 187, 0, 0, 0, 66.465, 1, 0.009, 0.008, 118.4, 45.696, 100, 0, 0, 141, 45.5, 46, 13.233, 1.154, 0, 107.029, 0, 0, 112.047, 62.094, 0, 1.5, 0, 0, 
9.65, 17.569, 100.31, 73.72, 74.5, , 4.498, 0.987, 679.211, 679.211, 3.202, 108.913, 108.913, 108.913, 51.906, 58.531, 34.709, 37.158, 7.377, 11.597, 0, 0, 17.665, 17.902, 17.665, 17.902, 1, 61.631, 61.631, 0.024, 0.133, 29.001, 29.385, 29.001, 29.385, 5.343, 7.377, 11.597, , , 1, 9.303, 0.703, 0, 13.1, 3.202, 187, 0, 0, 0, 66.683, 8.966, 7.986, 118.4, 45.855, 100, 0, 0, 45.5, 46, 13.341, 1.16, 107.627, 0, 0, 112.536, 62.365, 0, 0, 0.703, 0, 0, 13.4, 0, 13.1, 0, 3.202, 187, 0, 0, 0, 66.683, 1, 0.009, 0.008, 118.4, 45.857, 100, 0, 0, 141, 45.5, 46, 13.341, 1.16, 0, 107.627, 0, 0, 112.536, 62.365, 0, 1.5, 0, 0, 
9.7, 17.571, 100.31, 73.72, 74.501, , 4.541, 0.987, 683.701, 683.701, 3.214, 109.953, 109.953, 109.953, 51.901, 58.597, 34.998, 36.756, 7.377, 11.569, 0, 0, 17.899, 18.138, 17.899, 18.138, 1, 61.854, 61.854, 0.024, 0.133, 29.282, 29.669, 29.282, 29.669, 5.337, 7.377, 11.569, , , 1, 9.353, 0.738, 0, 13.1, 3.214, 187, 0, 0, 0, 66.9, 9.071, 8.092, 118.4, 46.016, 100, 0, 0, 45.5, 46, 13.45, 1.167, 108.225, 0, 0, 113.025, 62.636, 0, 0, 0.738, 0, 0, 13.4, 0, 13.1, 0, 3.214, 187, 0, 0, 0, 66.9, 1, 0.009, 0.008, 118.4, 46.019, 100, 0, 0, 141, 45.5, 46, 13.45, 1.167, 0, 108.225, 0, 0, 113.025, 62.636, 0, 1.5, 0, 0, 
9.75, 17.573, 100.31, 73.72, 74.502, , 4.574, 0.987, 688.192, 688.192, 3.225, 110.731, 110.731, 110.731, 51.888, 58.663, 35.322, 36.252, 7.377, 11.539, 0, 0, 18.092, 18.334, 18.092, 18.334, 1, 62.078, 62.078, 0.024, 0.134, 29.496, 29.887, 29.496, 29.887, 5.353, 7.377, 11.539, , , 1, 9.403, 0.69, 0, 13.1, 3.225, 187, 0, 0, 0, 67.112, 9.1, 8.181, 118.4, 46.173, 100, 0, 0, 45.5, 46, 13.612, 1.172, 108.669, 0, 0, 113.391, 62.83, 0, 0, 0.69, 0, 0, 13.4, 0, 13.1, 0, 3.225, 187, 0, 0, 0, 67.112, 1, 0.009, 0.008, 118.4, 46.176, 100, 0, 0, 141, 45.5, 46, 13.612, 1.172, 0, 108.809, 0, 0, 113.391, 62.83, 0, 1.5, 0, 0, 
9.8, 17.575, 100.31, 73.72, 74.503, , 4.593, 0.987, 692.713, 692.713, 3.236, 111.181, 111.181, 111.181, 51.873, 58.729, 35.646, 35.748, 7.378, 11.508, 0, 0, 18.232, 18.475, 18.232, 18.475, 1, 62.305, 62.305, 0.024, 0.134, 29.624, 30.019, 29.624, 30.019, 5.37, 7.378, 11.508, , , 1, 9.453, 0.569, 0, 13.1, 3.236, 187, 0, 0, 0, 67.321, 9.062, 8.256, 118.4, 46.327, 100, 0, 0, 45.5, 46, 13.821, 1.176, 108.981, 0, 0, 113.651, 62.959, 0, 0, 0.569, 0, 0, 13.4, 0, 13.1, 0, 3.236, 187, 0, 0, 0, 67.321, 1, 0.009, 0.008, 118.4, 46.33, 100, 0, 0, 141, 45.5, 46, 13.821, 1.176, 0, 109.382, 0, 0, 113.651, 62.959, 0, 1.5, 0, 0, 
9.85, 17.577, 100.31, 73.72, 74.504, , 4.615, 0.987, 697.263, 697.263, 3.247, 111.72, 111.72, 111.72, 51.859, 58.794, 35.97, 35.244, 7.378, 11.471, 0, 0, 18.387, 18.632, 18.387, 18.632, 1, 62.534, 62.534, 0.024, 0.134, 29.776, 30.174, 29.776, 30.174, 5.386, 7.378, 11.471, , , 1, 9.504, 0.448, 0, 13.1, 3.247, 187, 0, 0, 0, 67.529, 9.025, 8.331, 118.4, 46.482, 100, 0, 0, 45.5, 46, 14.029, 1.181, 109.294, 0, 0, 113.911, 63.088, 0, 0, 0.448, 0, 0, 13.4, 0, 13.1, 0, 3.247, 187, 0, 0, 0, 67.529, 1, 0.009, 0.008, 118.4, 46.485, 100, 0, 0, 141, 45.5, 46, 14.029, 1.181, 0, 109.955, 0, 0, 113.911, 63.088, 0, 1.5, 0, 0, 
9.9, 17.579, 100.31, 73.72, 74.505, , 4.65, 0.987, 701.779, 701.779, 3.258, 112.556, 112.556, 112.556, 51.845, 58.86, 36.294, 34.74, 7.379, 11.428, 0, 0, 18.592, 18.839, 18.592, 18.839, 1, 62.765, 62.765, 0.024, 0.135, 30.007, 30.408, 30.007, 30.408, 5.402, 7.379, 11.428, , , 1, 9.553, 0.327, 0, 13.1, 3.258, 187, 0, 0, 0, 67.738, 8.987, 8.406, 118.4, 46.636, 100, 0, 0, 45.5, 46, 14.238, 1.185, 109.606, 0, 0, 114.172, 63.217, 0, 0, 0.327, 0, 0, 13.4, 0, 13.1, 0, 3.258, 187, 0, 0, 0, 67.738, 1, 0.009, 0.008, 118.4, 46.639, 100, 0, 0, 141, 45.5, 46, 14.238, 1.185, 0, 110.528, 0, 0, 114.172, 63.217, 0, 1.5, 0, 0, 
9.95, 17.58, 100.31, 73.72, 74.506, , 4.676, 0.987, 706.358, 706.358, 3.27, 113.183, 113.183, 113.183, 51.833, 58.926, 36.188, 34.7, 7.379, 11.384, 0, 0, 18.765, 19.013, 18.765, 19.013, 1, 62.998, 62.998, 0.024, 0.135, 30.18, 30.585, 30.18, 30.585, 5.413, 7.379, 11.384, , , 1, 9.603, 0.206, 0, 13.1, 3.27, 187, 0, 0, 0, 67.946, 8.95, 8.481, 118.4, 46.79, 100, 0, 0, 45.5, 46, 14.446, 1.189, 109.919, 0, 0, 114.432, 63.346, 0, 0, 0.206, 0, 0, 13.4, 0, 13.1, 0, 3.27, 187, 0, 0, 0, 67.946, 1, 0.009, 0.008, 118.4, 46.793, 100, 0, 0, 141, 45.5, 46, 14.446, 1.189, 0, 111.101, 0, 0, 114.432, 63.346, 0, 1.5, 0, 0, 
10, 17.582, 100.31, 73.72, 74.507, , 4.695, 0.987, 710.958, 710.958, 3.282, 113.637, 113.637, 113.637, 51.823, 58.991, 36.044, 34.7, 7.38, 11.34, 0, 0, 18.91, 19.161, 18.91, 19.161, 1, 63.23, 63.23, 0.024, 0.136, 30.306, 30.713, 30.306, 30.713, 5.424, 7.38, 11.34, , , 1, 9.654, 0.15, 0, 13.108, 3.282, 187, 0, 0, 0, 68.154, 8.968, 8.497, 118.4, 46.887, 100, 0, 0, 45.5, 46, 14.577, 1.195, 110.576, 0, 0, 115.306, 63.618, 0, 0, 0.15, 0, 0, 13.4, 0, 13.108, 0, 3.282, 187, 0, 0, 0, 68.154, 1, 0.009, 0.008, 118.4, 46.888, 100, 0, 0, 141, 45.5, 46, 14.577, 1.195, 0, 111.635, 0, 0, 115.306, 63.618, 0, 1.492, 0, 0, 
10.05, 17.584, 100.31, 73.72, 74.509, , 4.744, 0.987, 715.605, 715.605, 3.295, 114.787, 114.787, 114.787, 51.817, 59.057, 35.9, 34.7, 7.38, 11.295, 0, 0, 19.173, 19.428, 19.173, 19.428, 1, 63.463, 63.463, 0.024, 0.136, 30.616, 31.026, 30.616, 31.026, 5.434, 7.38, 11.295, , , 1, 9.703, 0.115, 0, 13.118, 3.295, 187, 0, 0, 0, 68.361, 9.005, 8.493, 118.4, 46.964, 100, 0, 0, 45.5, 46, 14.681, 1.201, 111.354, 0, 0, 116.395, 63.94, 0, 0, 0.115, 0, 0, 13.4, 0, 13.118, 0, 3.295, 187, 0, 0, 0, 68.361, 1, 0.009, 0.008, 118.4, 46.965, 100, 0, 0, 141, 45.5, 46, 14.681, 1.201, 0, 112.156, 0, 0, 116.395, 63.94, 0, 1.482, 0, 0, 
10.1, 17.586, 100.31, 73.72, 74.51, , 4.791, 0.987, 720.204, 720.204, 3.307, 115.915, 115.915, 115.915, 51.819, 59.123, 35.756, 34.7, 7.379, 11.249, 0, 0, 19.433, 19.691, 19.433, 19.691, 1, 63.701, 63.701, 0.024, 0.136, 30.917, 31.33, 30.917, 31.33, 5.445, 7.379, 11.249, , , 1, 9.753, 0.081, 0, 13.129, 3.307, 187, 0, 0, 0, 68.568, 9.042, 8.489, 118.4, 47.041, 100, 0, 0, 45.5, 46, 14.785, 1.207, 112.132, 0, 0, 117.484, 64.261, 0, 0, 0.081, 0, 0, 13.4, 0, 13.129, 0, 3.307, 187, 0, 0, 0, 68.568, 1, 0.009, 0.008, 118.4, 47.042, 100, 0, 0, 141, 45.5, 46, 14.785, 1.207, 0, 112.677, 0, 0, 117.484, 64.261, 0, 1.472, 0, 0, 
10.15, 17.588, 100.31, 73.72, 74.511, , 4.823, 0.987, 724.875, 724.875, 3.32, 116.675, 116.675, 116.675, 51.826, 59.188, 35.612, 34.7, 7.379, 11.209, 0, 0, 19.635, 19.895, 19.635, 19.895, 1, 63.941, 63.941, 0.024, 0.137, 31.115, 31.531, 31.115, 31.531, 5.461, 7.379, 11.209, , , 1, 9.803, 0.046, 0, 13.139, 3.32, 187, 0, 0, 0, 68.776, 9.08, 8.484, 118.4, 47.118, 100, 0, 0, 45.5, 46, 14.89, 1.213, 112.91, 0, 0, 118.574, 64.583, 0, 0, 0.046, 0, 0, 13.4, 0, 13.139, 0, 3.32, 187, 0, 0, 0, 68.776, 1, 0.009, 0.008, 118.4, 47.119, 100, 0, 0, 141, 45.5, 46, 14.89, 1.213, 0, 113.198, 0, 0, 118.574, 64.583, 0, 1.461, 0, 0, 
10.2, 17.59, 100.31, 73.72, 74.512, , 4.866, 0.987, 729.544, 729.544, 3.333, 117.704, 117.704, 117.704, 51.838, 59.254, 35.501, 34.965, 7.378, 11.174, 0, 0, 19.883, 20.148, 19.883, 20.148, 1, 64.181, 64.181, 0.024, 0.136, 31.382, 31.801, 31.382, 31.801, 5.481, 7.378, 11.174, , , 1, 9.853, 0.012, 0, 13.149, 3.333, 187, 0, 0, 0, 68.983, 9.117, 8.48, 118.4, 47.195, 100, 0, 0, 45.5, 46, 14.994, 1.22, 113.688, 0, 0, 119.663, 64.904, 0, 0, 0.012, 0, 0, 13.4, 0, 13.149, 0, 3.333, 187, 0, 0, 0, 68.983, 1, 0.009, 0.008, 118.4, 47.195, 100, 0, 0, 141, 45.5, 46, 14.994, 1.22, 0, 113.719, 0, 0, 119.663, 64.904, 0, 1.451, 0, 0, 
10.25, 17.592, 100.31, 73.72, 74.513, , 4.919, 0.987, 734.213, 734.213, 3.34, 118.961, 118.961, 118.961, 51.854, 59.32, 35.393, 35.253, 7.378, 11.14, 0, 0, 20.17, 20.439, 20.17, 20.439, 1, 64.424, 64.424, 0.024, 0.136, 31.706, 32.131, 31.706, 32.131, 5.501, 7.378, 11.14, , , 1, 9.903, 0.008, 0, 13.16, 3.34, 187, 0, 0, 0, 69, 9.133, 8.48, 118.4, 47.273, 100, 0, 0, 45.5, 46, 15, 1.222, 113.991, 0, 0, 119.991, 64.99, 0, 0, 0.008, 0, 0, 13.4, 0, 13.16, 0, 3.34, 187, 0, 0, 0, 69, 1, 0.009, 0.008, 118.4, 47.273, 100, 0, 0, 141, 45.5, 46, 15, 1.222, 0, 113.995, 0, 0, 119.991, 64.99, 0, 1.44, 0, 0, 
10.3, 17.594, 100.31, 73.72, 74.514, , 4.946, 0.987, 738.884, 738.884, 3.347, 119.626, 119.626, 119.626, 51.865, 59.386, 35.285, 35.541, 7.377, 11.107, 0, 0, 20.358, 20.631, 20.358, 20.631, 1, 64.666, 64.666, 0.024, 0.136, 31.877, 32.303, 31.877, 32.303, 5.521, 7.377, 11.107, , , 1, 9.953, 0.006, 0, 13.17, 3.347, 187, 0, 0, 0, 69, 9.148, 8.48, 118.4, 47.35, 100, 0, 0, 45.5, 46, 15, 1.224, 114.252, 0, 0, 120.252, 65.055, 0, 0, 0.006, 0, 0, 13.4, 0, 13.17, 0, 3.347, 187, 0, 0, 0, 69, 1, 0.009, 0.008, 118.4, 47.35, 100, 0, 0, 141, 45.5, 46, 15, 1.224, 0, 114.255, 0, 0, 120.252, 65.055, 0, 1.43, 0, 0, 
10.35, 17.596, 100.31, 73.72, 74.515, , 4.964, 0.987, 743.575, 743.575, 3.354, 120.045, 120.045, 120.045, 51.868, 59.451, 35.177, 35.829, 7.377, 11.08, 0, 0, 20.506, 20.781, 20.506, 20.781, 1, 64.913, 64.913, 0.024, 0.136, 31.987, 32.415, 31.987, 32.415, 5.536, 7.377, 11.08, , , 1, 10.003, 0.004, 0, 13.181, 3.354, 187, 0, 0, 0, 69, 9.163, 8.48, 118.4, 47.428, 100, 0, 0, 45.5, 46, 15, 1.226, 114.514, 0, 0, 120.514, 65.119, 0, 0, 0.004, 0, 0, 13.4, 0, 13.181, 0, 3.354, 187, 0, 0, 0, 69, 1, 0.009, 0.008, 118.4, 47.428, 100, 0, 0, 141, 45.5, 46, 15, 1.226, 0, 114.516, 0, 0, 120.514, 65.119, 0, 1.419, 0, 0, 
10.4, 17.598, 100.31, 73.72, 74.517, , 4.989, 0.987, 748.34, 748.34, 3.361, 120.651, 120.651, 120.651, 51.864, 59.517, 35.069, 36.117, 7.377, 11.058, 0, 0, 20.689, 20.967, 20.689, 20.967, 1, 65.159, 65.159, 0.024, 0.136, 32.153, 32.581, 32.153, 32.581, 5.543, 7.377, 11.058, , , 1, 10.053, 0.002, 0, 13.191, 3.361, 187, 0, 0, 0, 69, 9.177, 8.48, 118.4, 47.505, 100, 0, 0, 45.5, 46, 15, 1.228, 114.775, 0, 0, 120.775, 65.184, 0, 0, 0.002, 0, 0, 13.4, 0, 13.191, 0, 3.361, 187, 0, 0, 0, 69, 1, 0.009, 0.008, 118.4, 47.505, 100, 0, 0, 141, 45.5, 46, 15, 1.228, 0, 114.776, 0, 0, 120.775, 65.184, 0, 1.409, 0, 0, 
10.45, 17.6, 100.31, 73.72, 74.518, , 5.012, 0.987, 753.104, 753.104, 3.369, 121.209, 121.209, 121.209, 51.851, 59.583, 35.126, 36.074, 7.377, 11.043, 0, 0, 20.864, 21.144, 20.864, 21.144, 1, 65.406, 65.406, 0.024, 0.136, 32.31, 32.74, 32.31, 32.74, 5.549, 7.377, 11.043, , , 1, 10.104, 0, 0, 13.2, 3.369, 187, 0, 0, 0, 69.028, 9.192, 8.484, 118.4, 47.57, 100, 0, 0, 45.514, 46, 15, 1.23, 115.028, 0, 0, 121.042, 65.292, 0, 0, 0, 0, 0, 13.4, 0, 13.2, 0, 3.369, 187, 0, 0, 0, 69.028, 1, 0.009, 0.008, 118.4, 47.57, 100, 0, 0, 141, 45.514, 46, 15, 1.23, 0, 115.028, 0, 0, 121.042, 65.292, 0, 1.4, 0, 0, 
10.5, 17.601, 100.31, 73.72, 74.519, , 5.037, 0.987, 757.87, 757.87, 3.38, 121.792, 121.792, 121.792, 51.834, 59.648, 35.198, 36.002, 7.377, 11.037, 0, 0, 21.046, 21.326, 21.046, 21.326, 1, 65.655, 65.655, 0.024, 0.136, 32.477, 32.907, 32.477, 32.907, 5.556, 7.377, 11.037, , , 1, 10.154, 0, 0, 13.2, 3.38, 187, 0, 0, 0, 69.226, 9.208, 8.512, 118.4, 47.57, 100, 0, 0, 45.613, 46, 15, 1.23, 115.226, 0, 0, 121.339, 65.661, 0, 0, 0, 0, 0, 13.4, 0, 13.2, 0, 3.38, 187, 0, 0, 0, 69.226, 1, 0.009, 0.008, 118.4, 47.57, 100, 0, 0, 141, 45.613, 46, 15, 1.23, 0, 115.226, 0, 0, 121.339, 65.661, 0, 1.4, 0, 0, 
10.55, 17.603, 100.31, 73.72, 74.52, , 5.073, 0.987, 763.351, 763.351, 3.392, 122.665, 122.665, 122.665, 51.819, 59.714, 35.27, 35.93, 7.377, 11.04, 0, 0, 21.291, 21.574, 21.291, 21.574, 1, 65.906, 65.906, 0.024, 0.136, 32.719, 33.152, 32.719, 33.152, 5.55, 7.377, 11.04, , , 1, 10.203, 0, 0, 13.2, 3.392, 187, 0, 0, 0, 69.425, 9.224, 8.539, 118.4, 47.57, 100, 0, 0, 45.711, 46, 15, 1.23, 115.425, 0, 0, 121.637, 66.031, 0, 0, 0, 0, 0, 13.4, 0, 13.2, 0, 3.392, 187, 0, 0, 0, 69.425, 1, 0.009, 0.008, 118.4, 47.57, 100, 0, 0, 141, 45.711, 46, 15, 1.23, 0, 115.425, 0, 0, 121.637, 66.031, 0, 1.4, 0, 0, 
10.6, 17.605, 100.31, 73.72, 74.521, , 5.106, 0.987, 769.767, 769.767, 3.404, 123.448, 123.448, 123.448, 51.811, 59.78, 35.342, 35.858, 7.377, 11.054, 0, 0, 21.536, 21.821, 21.536, 21.821, 1, 66.262, 66.262, 0.024, 0.136, 32.932, 33.368, 32.932, 33.368, 5.519, 7.377, 11.054, , , 1, 10.253, 0, 0, 13.2, 3.404, 187, 0, 0, 0, 69.623, 9.24, 8.567, 118.4, 47.57, 100, 0, 0, 45.81, 46, 15, 1.23, 115.623, 0, 0, 121.935, 66.4, 0, 0, 0, 0, 0, 13.4, 0, 13.2, 0, 3.404, 187, 0, 0, 0, 69.623, 1, 0.009, 0.009, 118.4, 47.57, 100, 0, 0, 141, 45.81, 46, 15, 1.23, 0, 115.623, 0, 0, 121.935, 66.4, 0, 1.4, 0, 0, 
10.65, 17.607, 100.31, 73.72, 74.522, , 5.121, 0.987, 774.596, 774.596, 3.415, 123.823, 123.823, 123.823, 51.81, 59.845, 35.414, 35.786, 7.377, 11.073, 0, 0, 21.683, 21.97, 21.683, 21.97, 1, 66.538, 66.538, 0.024, 0.136, 33.032, 33.47, 33.032, 33.47, 5.489, 7.377, 11.073, , , 1, 10.303, 0, 0, 13.2, 3.415, 187, 0, 0, 0, 69.821, 9.255, 8.595, 118.4, 47.57, 100, 0, 0, 45.909, 46, 15, 1.23, 115.821, 0, 0, 122.232, 66.77, 0, 0, 0, 0, 0, 13.4, 0, 13.2, 0, 3.415, 187, 0, 0, 0, 69.821, 1, 0.009, 0.009, 118.4, 47.57, 100, 0, 0, 141, 45.909, 46, 15, 1.23, 0, 115.821, 0, 0, 122.232, 66.77, 0, 1.4, 0, 0, 
10.7, 17.609, 100.31, 73.72, 74.523, , 5.145, 0.987, 779.4, 779.4, 3.427, 124.38, 124.38, 124.38, 51.814, 59.911, 35.387, 35.714, 7.377, 11.101, 0, 0, 21.862, 22.154, 21.862, 22.154, 1, 66.79, 66.79, 0.024, 0.136, 33.177, 33.617, 33.177, 33.617, 5.459, 7.377, 11.101, , , 1, 10.353, 0, 0, 13.2, 3.427, 187, 0, 0, 0, 70.02, 9.271, 8.619, 118.4, 47.57, 100, 0, 0, 46, 46, 15.02, 1.231, 116.04, 0, 0, 122.535, 67.14, 0, 0, 0, 0, 0, 13.4, 0, 13.2, 0, 3.427, 187, 0, 0, 0, 70.02, 1, 0.009, 0.009, 118.4, 47.57, 100, 0, 0, 141, 46, 46, 15.02, 1.231, 0, 116.04, 0, 0, 122.535, 67.14, 0, 1.4, 0, 0, 
10.75, 17.611, 100.31, 73.72, 74.525, , 5.154, 0.987, 784.264, 784.264, 3.441, 124.599, 124.599, 124.599, 51.826, 59.977, 35.351, 35.642, 7.377, 11.128, 0, 0, 21.985, 22.278, 21.985, 22.278, 1, 67.045, 67.045, 0.024, 0.135, 33.228, 33.67, 33.228, 33.67, 5.431, 7.377, 11.128, , , 1, 10.403, 0, 0, 13.2, 3.441, 187, 0, 0, 0, 70.222, 9.278, 8.606, 118.4, 47.57, 100, 0, 0, 46, 46, 15.223, 1.239, 116.444, 0, 0, 122.888, 67.517, 0, 0, 0, 0, 0, 13.4, 0, 13.2, 0, 3.441, 187, 0, 0, 0, 70.222, 1, 0.009, 0.009, 118.4, 47.57, 100, 0, 0, 141, 46, 46, 15.223, 1.239, 0, 116.444, 0, 0, 122.888, 67.517, 0, 1.4, 0, 0, 
10.8, 17.613, 100.31, 73.72, 74.526, , 5.164, 0.987, 789.176, 789.176, 3.455, 124.857, 124.857, 124.857, 51.84, 60.043, 35.315, 35.57, 7.377, 11.156, 0, 0, 22.115, 22.41, 22.115, 22.41, 1, 67.3, 67.3, 0.024, 0.135, 33.288, 33.732, 33.288, 33.732, 5.433, 7.377, 11.156, , , 1, 10.454, 0, 0, 13.2, 3.455, 187, 0, 0, 0, 70.423, 9.285, 8.593, 118.4, 47.57, 100, 0, 0, 46, 46, 15.425, 1.247, 116.847, 0, 0, 123.241, 67.893, 0, 0, 0, 0, 0, 13.4, 0, 13.2, 0, 3.455, 187, 0, 0, 0, 70.423, 1, 0.009, 0.009, 118.4, 47.57, 100, 0, 0, 141, 46, 46, 15.425, 1.247, 0, 116.847, 0, 0, 123.241, 67.893, 0, 1.4, 0, 0, 
10.85, 17.615, 100.31, 73.72, 74.527, , 5.169, 0.987, 794.09, 794.09, 3.469, 124.979, 124.979, 124.979, 51.856, 60.108, 35.279, 35.498, 7.377, 11.183, 0, 0, 22.222, 22.517, 22.222, 22.517, 1, 67.56, 67.56, 0.024, 0.135, 33.311, 33.755, 33.311, 33.755, 5.435, 7.377, 11.183, , , 1, 10.503, 0, 0, 13.2, 3.469, 187, 0, 0, 0, 70.625, 9.292, 8.579, 118.4, 47.57, 100, 0, 0, 46, 46, 15.628, 1.255, 117.25, 0, 0, 123.594, 68.27, 0, 0, 0, 0, 0, 13.4, 0, 13.2, 0, 3.469, 187, 0, 0, 0, 70.625, 1, 0.009, 0.009, 118.4, 47.57, 100, 0, 0, 141, 46, 46, 15.628, 1.255, 0, 117.25, 0, 0, 123.594, 68.27, 0, 1.4, 0, 0, 
10.9, 17.617, 100.31, 73.72, 74.528, , 5.178, 0.987, 798.955, 798.955, 3.483, 125.203, 125.203, 125.203, 51.873, 60.174, 35.243, 35.426, 7.377, 11.207, 0, 0, 22.346, 22.642, 22.346, 22.642, 1, 67.814, 67.814, 0.024, 0.135, 33.359, 33.804, 33.359, 33.804, 5.436, 7.377, 11.207, , , 1, 10.553, 0, 0, 13.2, 3.483, 187, 0, 0, 0, 70.827, 9.299, 8.566, 118.4, 47.57, 100, 0, 0, 46, 46, 15.83, 1.263, 117.653, 0, 0, 123.947, 68.646, 0, 0, 0, 0, 0, 13.4, 0, 13.2, 0, 3.483, 187, 0, 0, 0, 70.827, 1, 0.009, 0.009, 118.4, 47.57, 100, 0, 0, 141, 46, 46, 15.83, 1.263, 0, 117.653, 0, 0, 123.947, 68.646, 0, 1.4, 0, 0, 
10.95, 17.619, 100.31, 73.72, 74.529, , 5.193, 0.987, 803.882, 803.882, 3.497, 125.556, 125.556, 125.556, 51.892, 60.24, 35.24, 35.42, 7.377, 11.228, 0, 0, 22.494, 22.792, 22.494, 22.792, 1, 68.073, 68.073, 0.024, 0.135, 33.442, 33.888, 33.442, 33.888, 5.438, 7.377, 11.228, , , 1, 10.603, 0, 0, 13.2, 3.497, 187, 0, 0, 0, 71, 9.306, 8.552, 118.4, 47.57, 100, 0, 0, 46, 46, 16, 1.27, 118.015, 0, 0, 124.257, 68.988, 0, 0, 0, 0, 0, 13.4, 0, 13.2, 0, 3.497, 187, 0, 0, 0, 71, 1, 0.009, 0.008, 118.4, 47.57, 100, 0, 0, 141, 46, 46, 16, 1.27, 0, 118.015, 0, 0, 124.257, 68.988, 0, 1.4, 0, 0, 
11, 17.621, 100.31, 73.72, 74.53, , 5.185, 0.987, 808.85, 808.85, 3.512, 125.375, 125.375, 125.375, 51.907, 60.305, 35.24, 35.42, 7.377, 11.245, 0, 0, 22.546, 22.844, 22.546, 22.844, 1, 68.33, 68.33, 0.024, 0.135, 33.385, 33.83, 33.385, 33.83, 5.469, 7.377, 11.245, , , 1, 10.653, 0, 0, 13.2, 3.512, 187, 0, 0, 0, 71, 9.311, 8.532, 118.4, 47.57, 100, 0, 0, 46, 46, 16, 1.27, 118.119, 0, 0, 124.309, 69.117, 0, 0, 0, 0, 0, 13.4, 0, 13.2, 0, 3.512, 187, 0, 0, 0, 71, 1, 0.009, 0.008, 118.4, 47.57, 100, 0, 0, 141, 46, 46, 16, 1.27, 0, 118.119, 0, 0, 124.309, 69.117, 0, 1.4, 0, 0, 
11.05, 17.622, 100.31, 73.72, 74.53, , 5.191, 0.987, 813.818, 813.818, 3.527, 125.52, 125.52, 125.52, 51.914, 55.257, 35.24, 35.42, 7.377, 11.261, 0, 0, 22.656, 22.956, 22.656, 22.956, 1, 68.586, 68.586, 0.024, 0.136, 33.419, 33.864, 33.419, 33.864, 5.504, 7.377, 11.261, , , 1, 10.704, 0, 0, 13.2, 3.527, 187, 0, 0, 0, 71, 9.316, 8.513, 118.4, 47.57, 100, 0, 0, 46, 46, 16, 1.27, 118.223, 0, 0, 124.361, 69.246, 0, 0, 0, 0, 0, 13.4, 0, 13.2, 0, 3.527, 187, 0, 0, 0, 71, 1, 0.009, 0.008, 118.4, 47.57, 100, 0, 0, 141, 46, 46, 16, 1.27, 0, 118.223, 0, 0, 124.361, 69.246, 0, 1.4, 0, 0, 
11.1, 17.624, 100.31, 73.72, 74.53, , 5.171, 0.987, 818.787, 818.787, 3.542, 125.064, 125.064, 125.064, 51.914, 50.104, 35.24, 35.42, 7.378, 11.278, 0, 0, 22.659, 22.957, 22.659, 22.957, 1, 68.841, 68.841, 0.024, 0.136, 33.297, 33.739, 33.297, 33.739, 5.539, 7.378, 11.278, , , 1, 10.754, 0, 0, 13.2, 3.542, 187, 0, 0, 0, 71, 9.321, 8.493, 118.4, 47.57, 100, 0, 0, 46, 46, 16, 1.27, 118.327, 0, 0, 124.414, 69.376, 0, 0, 0, 0, 0, 13.4, 0, 13.2, 0, 3.542, 187, 0, 0, 0, 71, 1, 0.009, 0.008, 118.4, 47.57, 100, 0, 0, 141, 46, 46, 16, 1.27, 0, 118.327, 0, 0, 124.414, 69.376, 0, 1.4, 0, 0, 
11.15, 17.626, 100.31, 73.72, 74.53, , 5.181, 0.987, 823.847, 823.847, 3.557, 125.305, 125.305, 125.305, 51.908, 44.952, 35.24, 35.42, 7.378, 11.294, 0, 0, 22.786, 23.087, 22.786, 23.087, 1, 69.097, 69.097, 0.024, 0.136, 33.366, 33.808, 33.366, 33.808, 5.574, 7.378, 11.294, , , 1, 10.804, 0, 0, 13.2, 3.557, 187, 0, 0, 0, 71, 9.327, 8.473, 118.4, 47.57, 100, 0, 0, 46, 46, 16, 1.27, 118.431, 0, 0, 124.466, 69.505, 0, 0, 0, 0, 0, 13.4, 0, 13.2, 0, 3.557, 187, 0, 0, 0, 71, 1, 0.009, 0.008, 118.4, 47.57, 100, 0, 0, 141, 46, 46, 16, 1.27, 0, 118.431, 0, 0, 124.466, 69.505, 0, 1.4, 0, 0, 
11.2, 17.628, 100.31, 73.72, 74.53, , 5.156, 0.987, 828.823, 828.823, 3.571, 124.728, 124.728, 124.728, 51.895, 39.799, 35.273, 35.486, 7.379, 11.31, 0, 0, 22.765, 23.067, 22.765, 23.067, 1, 69.352, 69.352, 0.024, 0.136, 33.222, 33.66, 33.222, 33.66, 5.618, 7.379, 11.31, , , 1, 10.853, 0, 0, 13.2, 3.571, 187, 0, 0, 0, 71, 9.333, 8.463, 118.4, 47.543, 100, 0, 0, 46, 46, 16, 1.27, 118.602, 0, 0, 124.534, 69.675, 0, 0, 0, 0, 0, 13.4, 0, 13.2, 0, 3.571, 187, 0, 0, 0, 71, 1, 0.009, 0.008, 118.4, 47.543, 100, 0, 0, 141, 46, 46, 16, 1.27, 0, 118.602, 0, 0, 124.534, 69.675, 0, 1.4, 0, 0, 
11.25, 17.63, 100.31, 73.72, 74.53, , 5.143, 0.987, 833.896, 833.896, 3.583, 124.428, 124.428, 124.428, 51.882, 42.518, 35.309, 35.558, 7.379, 11.324, 0, 0, 22.794, 23.096, 22.794, 23.096, 1, 69.607, 69.607, 0.024, 0.136, 33.15, 33.587, 33.15, 33.587, 5.664, 7.379, 11.324, , , 1, 10.903, 0, 0, 13.2, 3.583, 187, 0, 0, 0, 71, 9.341, 8.471, 118.4, 47.47, 100, 0, 0, 46, 46, 16, 1.27, 118.902, 0, 0, 124.634, 69.925, 0, 0, 0, 0, 0, 13.4, 0, 13.2, 0, 3.583, 187, 0, 0, 0, 71, 1, 0.009, 0.008, 118.4, 47.469, 100, 0, 0, 141, 46, 46, 16, 1.27, 0, 118.902, 0, 0, 124.634, 69.925, 0, 1.4, 0, 0, 
11.3, 17.632, 100.31, 73.72, 74.53, , 5.126, 0.987, 838.973, 838.973, 3.596, 124.03, 124.03, 124.03, 51.872, 49.647, 35.345, 35.63, 7.38, 11.336, 0, 0, 22.804, 23.107, 22.804, 23.107, 1, 69.863, 69.863, 0.024, 0.135, 33.049, 33.485, 33.049, 33.485, 5.71, 7.38, 11.336, , , 1, 10.954, 0, 0, 13.2, 3.596, 187, 0, 0, 0, 71, 9.349, 8.479, 118.4, 47.396, 100, 0, 0, 46, 46, 16, 1.27, 119.202, 0, 0, 124.734, 70.175, 0, 0, 0, 0, 0, 13.4, 0, 13.2, 0, 3.596, 187, 0, 0, 0, 71, 1, 0.009, 0.008, 118.4, 47.395, 100, 0, 0, 141, 46, 46, 16, 1.27, 0, 119.202, 0, 0, 124.734, 70.175, 0, 1.4, 0, 0, 
11.35, 17.634, 100.31, 73.72, 74.53, , 5.07, 0.987, 844.049, 844.049, 3.608, 122.699, 122.699, 122.699, 51.869, 50.43, 35.381, 35.702, 7.38, 11.347, 0, 0, 22.639, 22.94, 22.639, 22.94, 1, 70.116, 70.116, 0.024, 0.135, 32.696, 33.129, 32.696, 33.129, 5.755, 7.38, 11.347, , , 1, 11.004, 0, 0, 13.2, 3.608, 187, 0, 0, 0, 71, 9.357, 8.487, 118.4, 47.322, 100, 0, 0, 46, 46, 16, 1.27, 119.502, 0, 0, 124.834, 70.425, 0, 0, 0, 0, 0, 13.4, 0, 13.2, 0, 3.608, 187, 0, 0, 0, 71, 1, 0.009, 0.008, 118.4, 47.321, 100, 0, 0, 141, 46, 46, 16, 1.27, 0, 119.502, 0, 0, 124.834, 70.425, 0, 1.4, 0, 0, 
11.4, 17.636, 100.31, 73.72, 74.53, , 5.018, 0.987, 849.158, 849.158, 3.62, 121.472, 121.472, 121.472, 51.871, 51.212, 35.417, 35.774, 7.379, 11.353, 0, 0, 22.49, 22.79, 22.49, 22.79, 1, 70.371, 70.371, 0.024, 0.135, 32.367, 32.797, 32.367, 32.797, 5.787, 7.379, 11.353, , , 1, 11.053, 0, 0, 13.2, 3.62, 187, 0, 0, 0, 71, 9.365, 8.495, 118.4, 47.249, 100, 0, 0, 46, 46, 16, 1.27, 119.802, 0, 0, 124.934, 70.675, 0, 0, 0, 0, 0, 13.4, 0, 13.2, 0, 3.62, 187, 0, 0, 0, 71, 1, 0.009, 0.008, 118.4, 47.247, 100, 0, 0, 141, 46, 46, 16, 1.27, 0, 119.802, 0, 0, 124.934, 70.675, 0, 1.4, 0, 0, 
11.45, 17.638, 100.31, 73.72, 74.53, , 4.93, 0.987, 854.301, 854.301, 3.633, 119.398, 119.398, 119.398, 51.879, 51.995, 35.42, 35.912, 7.379, 11.36, 0, 0, 22.183, 22.479, 22.183, 22.479, 1, 70.617, 70.617, 0.024, 0.135, 31.809, 32.234, 31.809, 32.234, 5.808, 7.379, 11.36, , , 1, 11.103, 0, 0, 13.2, 3.633, 187, 0, 0, 0, 71, 9.35, 8.487, 118.4, 47.15, 100, 0, 0, 46, 46, 16, 1.271, 120.101, 0, 0, 125.034, 70.924, 0, 0, 0, 0, 0, 13.4, 0, 13.2, 0, 3.633, 187, 0, 0, 0, 71, 1, 0.009, 0.008, 118.4, 47.147, 100, 0, 0, 141, 46, 46, 16, 1.271, 0, 120.101, 0, 0, 125.034, 70.924, 0, 1.4, 0, 0, 
11.5, 17.64, 100.31, 73.72, 74.53, , 4.841, 0.987, 859.432, 859.432, 3.646, 117.296, 117.296, 117.296, 51.891, 52.778, 35.42, 36.056, 7.378, 11.365, 0, 0, 21.867, 22.158, 21.867, 22.158, 1, 70.861, 70.861, 0.024, 0.135, 31.242, 31.66, 31.242, 31.66, 5.828, 7.378, 11.365, , , 1, 11.153, 0, 0, 13.2, 3.646, 187, 0, 0, 0, 71, 9.293, 8.447, 118.4, 47.003, 100, 0, 0, 46, 46, 16, 1.275, 120.399, 0, 0, 125.133, 71.17, 0, 0, 0, 0, 0, 13.4, 0, 13.2, 0, 3.646, 187, 0, 0, 0, 71, 1, 0.009, 0.008, 118.4, 47.001, 100, 0, 0, 141, 46, 46, 16, 1.275, 0, 120.399, 0, 0, 125.133, 71.17, 0, 1.4, 0, 0, 
11.55, 17.641, 100.31, 73.72, 74.53, , 4.736, 0.987, 864.621, 864.621, 3.66, 114.803, 114.803, 114.803, 51.903, 53.561, 35.42, 36.2, 7.378, 11.372, 0, 0, 21.474, 21.761, 21.474, 21.761, 1, 71.095, 71.095, 0.024, 0.135, 30.571, 30.98, 30.571, 30.98, 5.848, 7.378, 11.372, , , 1, 11.203, 0, 0, 13.2, 3.66, 187, 0, 0, 0, 71, 9.235, 8.407, 118.4, 46.856, 100, 0, 0, 46, 46, 16, 1.279, 120.696, 0, 0, 125.232, 71.416, 0, 0, 0, 0, 0, 13.4, 0, 13.2, 0, 3.66, 187, 0, 0, 0, 71, 1, 0.009, 0.008, 118.4, 46.855, 100, 0, 0, 141, 46, 46, 16, 1.279, 0, 120.696, 0, 0, 125.232, 71.416, 0, 1.4, 0, 0, 
11.6, 17.643, 100.31, 73.72, 74.53, , 4.642, 0.987, 869.809, 869.809, 3.674, 112.586, 112.586, 112.586, 51.914, 54.344, 35.42, 36.344, 7.377, 11.385, 0, 0, 21.129, 21.412, 21.129, 21.412, 1, 71.327, 71.327, 0.024, 0.135, 29.974, 30.375, 29.974, 30.375, 5.857, 7.377, 11.385, , , 1, 11.254, 0, 0, 13.2, 3.674, 187, 0, 0, 0, 71, 9.178, 8.367, 118.4, 46.71, 100, 0, 0, 46, 46, 16, 1.283, 120.994, 0, 0, 125.331, 71.662, 0, 0, 0, 0, 0, 13.4, 0, 13.2, 0, 3.674, 187, 0, 0, 0, 71, 1, 0.009, 0.008, 118.4, 46.709, 100, 0, 0, 141, 46, 46, 16, 1.283, 0, 120.994, 0, 0, 125.331, 71.662, 0, 1.4, 0, 0, 
11.65, 17.645, 100.31, 73.72, 74.53, , 4.575, 0.987, 874.998, 874.998, 3.687, 111.001, 111.001, 111.001, 51.925, 55.127, 35.42, 36.488, 7.377, 11.398, 0, 0, 20.9, 21.18, 20.9, 21.18, 1, 71.557, 71.557, 0.024, 0.135, 29.545, 29.94, 29.545, 29.94, 5.844, 7.377, 11.398, , , 1, 11.304, 0, 0, 13.2, 3.687, 187, 0, 0, 0, 71, 9.12, 8.328, 118.4, 46.563, 100, 0, 0, 46, 46, 16, 1.287, 121.292, 0, 0, 125.431, 71.908, 0, 0, 0, 0, 0, 13.4, 0, 13.2, 0, 3.687, 187, 0, 0, 0, 71, 1, 0.009, 0.008, 118.4, 46.562, 100, 0, 0, 141, 46, 46, 16, 1.287, 0, 121.292, 0, 0, 125.431, 71.908, 0, 1.4, 0, 0, 
11.7, 17.647, 100.31, 73.72, 74.53, , 4.514, 0.987, 880.188, 880.188, 3.701, 109.554, 109.554, 109.554, 51.934, 55.91, 35.221, 36.632, 7.378, 11.411, 0, 0, 20.692, 20.971, 20.692, 20.971, 1, 71.784, 71.784, 0.024, 0.135, 29.154, 29.543, 29.154, 29.543, 5.831, 7.378, 11.411, , , 1, 11.353, 0, 0, 13.2, 3.701, 187, 0, 0, 0, 70.879, 9.057, 8.269, 118.4, 46.259, 100, 0, 0, 46, 46, 15.94, 1.286, 121.56, 0, 0, 125.53, 72.155, 0, 0, 0, 0, 0, 13.4, 0, 13.2, 0, 3.701, 187, 0, 0, 0, 70.879, 1, 0.009, 0.008, 118.4, 46.258, 100, 0, 0, 141, 46, 46, 15.94, 1.286, 0, 121.56, 0, 0, 125.53, 72.155, 0, 1.4, 0, 0, 
11.75, 17.649, 100.31, 73.72, 74.53, , 4.486, 0.987, 885.48, 885.48, 3.713, 108.893, 108.893, 108.893, 51.941, 56.693, 35.005, 36.776, 7.378, 11.424, 0, 0, 20.634, 20.91, 20.634, 20.91, 1, 72.007, 72.007, 0.024, 0.136, 28.975, 29.36, 28.975, 29.36, 5.817, 7.378, 11.424, , , 1, 11.403, 0, 0, 13.2, 3.713, 187, 0, 0, 0, 70.476, 8.98, 8.166, 118.4, 45.59, 100, 0, 0, 46, 46, 15.738, 1.274, 121.762, 0, 0, 125.631, 72.405, 0, 0, 0, 0, 0, 13.4, 0, 13.2, 0, 3.713, 187, 0, 0, 0, 70.476, 1, 0.009, 0.008, 118.4, 45.586, 100, 0, 0, 141, 46, 46, 15.738, 1.274, 0, 121.762, 0, 0, 125.631, 72.405, 0, 1.4, 0, 0, 
11.8, 17.651, 100.31, 73.72, 74.53, , 4.424, 0.987, 890.692, 890.692, 3.725, 107.422, 107.422, 107.422, 51.946, 57.475, 34.789, 36.92, 7.379, 11.432, 0, 0, 20.419, 20.69, 20.419, 20.69, 1, 72.228, 72.228, 0.024, 0.136, 28.581, 28.961, 28.581, 28.961, 5.806, 7.379, 11.432, , , 1, 11.453, 0, 0, 13.2, 3.725, 187, 0, 0, 0, 70.073, 8.904, 8.064, 118.4, 44.92, 100, 0, 0, 46, 46, 15.536, 1.262, 121.964, 0, 0, 125.732, 72.655, 0, 0, 0, 0, 0, 13.4, 0, 13.2, 0, 3.725, 187, 0, 0, 0, 70.073, 1, 0.009, 0.008, 118.4, 44.914, 100, 0, 0, 141, 46, 46, 15.536, 1.262, 0, 121.964, 0, 0, 125.732, 72.655, 0, 1.4, 0, 0, 
11.85, 17.653, 100.31, 73.72, 74.53, , 4.418, 0.987, 895.962, 895.962, 3.738, 107.287, 107.287, 107.287, 51.948, 58.258, 34.573, 37.064, 7.379, 11.439, 0, 0, 20.455, 20.727, 20.455, 20.727, 1, 72.446, 72.446, 0.024, 0.136, 28.544, 28.922, 28.544, 28.922, 5.798, 7.379, 11.439, , , 1, 11.503, 0, 0, 13.2, 3.738, 187, 0, 0, 0, 69.669, 8.827, 7.961, 118.4, 44.251, 100, 0, 0, 46, 46, 15.335, 1.25, 122.165, 0, 0, 125.833, 72.905, 0, 0, 0, 0, 0, 13.4, 0, 13.2, 0, 3.738, 187, 0, 0, 0, 69.669, 1, 0.009, 0.008, 118.4, 44.242, 100, 0, 0, 141, 46, 46, 15.335, 1.25, 0, 122.165, 0, 0, 125.833, 72.905, 0, 1.4, 0, 0, 
11.9, 17.655, 100.31, 73.72, 74.53, , 4.396, 0.987, 901.2, 901.2, 3.75, 106.769, 106.769, 106.769, 51.948, 59.041, 34.357, 37.208, 7.381, 11.441, 0, 0, 20.417, 20.689, 20.417, 20.689, 1, 72.666, 72.666, 0.024, 0.137, 28.407, 28.784, 28.407, 28.784, 5.79, 7.381, 11.441, , , 1, 11.553, 0, 0, 13.2, 3.75, 187, 0, 0, 0, 69.266, 8.751, 7.858, 118.4, 43.582, 100, 0, 0, 46, 46, 15.133, 1.238, 122.367, 0, 0, 125.933, 73.155, 0, 0, 0, 0, 0, 13.4, 0, 13.2, 0, 3.75, 187, 0, 0, 0, 69.266, 1, 0.009, 0.008, 118.4, 43.57, 100, 0, 0, 141, 46, 46, 15.133, 1.238, 0, 122.367, 0, 0, 125.933, 73.155, 0, 1.4, 0, 0, 
11.95, 17.657, 100.31, 73.72, 74.53, , 4.372, 0.987, 906.506, 906.506, 3.762, 106.222, 106.222, 106.222, 51.944, 59.824, 34.472, 36.922, 7.382, 11.442, 0, 0, 20.373, 20.645, 20.373, 20.645, 1, 72.882, 72.882, 0.024, 0.137, 28.264, 28.64, 28.264, 28.64, 5.783, 7.382, 11.442, , , 1, 11.603, 0, 0, 13.2, 3.762, 187, 0, 0, 0, 69, 8.692, 7.776, 118.4, 43.065, 100, 0, 0, 46, 46, 15, 1.23, 122.568, 0, 0, 126, 73.362, 0, 0, 0, 0, 0, 13.4, 0, 13.2, 0, 3.762, 187, 0, 0, 0, 69, 1, 0.009, 0.008, 118.4, 43.06, 100, 0, 0, 141, 46, 46, 15, 1.23, 0, 122.568, 0, 0, 126, 73.362, 0, 1.4, 0, 0, 
12, 17.659, 100.31, 73.72, 74.53, , 4.358, 0.987, 911.813, 911.813, 3.773, 105.892, 105.892, 105.892, 51.939, 60.607, 34.616, 36.598, 7.382, 11.448, 0, 0, 20.37, 20.643, 20.37, 20.643, 1, 73.097, 73.097, 0.024, 0.137, 28.179, 28.555, 28.179, 28.555, 5.778, 7.382, 11.448, , , 1, 11.653, 0, 0, 13.2, 3.773, 187, 0, 0, 0, 69, 8.668, 7.737, 118.4, 42.843, 100, 0, 0, 46, 46, 15, 1.23, 122.767, 0, 0, 126, 73.485, 0, 0, 0, 0, 0, 13.4, 0, 13.2, 0, 3.773, 187, 0, 0, 0, 69, 1, 0.009, 0.008, 118.4, 42.839, 100, 0, 0, 141, 46, 46, 15, 1.23, 0, 122.767, 0, 0, 126, 73.485, 0, 1.4, 0, 0, 
12.05, 17.661, 100.31, 73.72, 74.53, , 4.364, 0.987, 917.216, 917.216, 3.784, 106.032, 106.032, 106.032, 51.933, 61.39, 34.76, 36.274, 7.382, 11.455, 0, 0, 20.457, 20.732, 20.457, 20.732, 1, 73.313, 73.313, 0.024, 0.137, 28.22, 28.596, 28.22, 28.596, 5.804, 7.382, 11.455, , , 1, 11.703, 0, 0, 13.2, 3.784, 187, 0, 0, 0, 69, 8.644, 7.697, 118.4, 42.621, 100, 0, 0, 46, 46, 15, 1.23, 122.966, 0, 0, 126, 73.609, 0, 0, 0, 0, 0, 13.4, 0, 13.2, 0, 3.784, 187, 0, 0, 0, 69, 1, 0.009, 0.008, 118.4, 42.618, 100, 0, 0, 141, 46, 46, 15, 1.23, 0, 122.966, 0, 0, 126, 73.609, 0, 1.4, 0, 0, 
12.1, 17.662, 100.31, 73.72, 74.53, , 4.352, 0.987, 922.534, 922.534, 3.795, 105.754, 105.754, 105.754, 51.927, 62.173, 34.904, 35.95, 7.382, 11.472, 0, 0, 20.463, 20.738, 20.463, 20.738, 1, 73.531, 73.531, 0.024, 0.137, 28.149, 28.526, 28.149, 28.526, 5.83, 7.382, 11.472, , , 1, 11.753, 0, 0, 13.2, 3.795, 187, 0, 0, 0, 69, 8.62, 7.657, 118.4, 42.399, 100, 0, 0, 46, 46, 15, 1.23, 123.165, 0, 0, 126, 73.733, 0, 0, 0, 0, 0, 13.4, 0, 13.2, 0, 3.795, 187, 0, 0, 0, 69, 1, 0.009, 0.008, 118.4, 42.397, 100, 0, 0, 141, 46, 46, 15, 1.23, 0, 123.165, 0, 0, 126, 73.733, 0, 1.4, 0, 0, 
12.15, 17.664, 100.31, 73.72, 74.53, , 4.328, 0.987, 927.86, 927.86, 3.806, 105.188, 105.188, 105.188, 51.922, 62.956, 35.048, 35.626, 7.382, 11.49, 0, 0, 20.413, 20.687, 20.413, 20.687, 1, 73.747, 73.747, 0.024, 0.136, 28.001, 28.376, 28.001, 28.376, 5.856, 7.382, 11.49, , , 1, 11.803, 0, 0, 13.2, 3.806, 187, 0, 0, 0, 69, 8.596, 7.617, 118.4, 42.177, 100, 0, 0, 46, 46, 15, 1.23, 123.365, 0, 0, 126, 73.856, 0, 0, 0, 0, 0, 13.4, 0, 13.2, 0, 3.806, 187, 0, 0, 0, 69, 1, 0.009, 0.008, 118.4, 42.176, 100, 0, 0, 141, 46, 46, 15, 1.23, 0, 123.365, 0, 0, 126, 73.856, 0, 1.4, 0, 0, 
12.2, 17.666, 100.31, 73.72, 74.53, , 4.329, 0.987, 933.291, 933.291, 3.817, 105.214, 105.214, 105.214, 51.916, 63.738, 35.126, 35.898, 7.381, 11.517, 0, 0, 20.478, 20.751, 20.478, 20.751, 1, 73.962, 73.962, 0.024, 0.136, 28.011, 28.385, 28.011, 28.385, 5.881, 7.381, 11.517, , , 1, 11.853, 0, 0, 13.2, 3.817, 187, 0, 0, 0, 69, 8.576, 7.573, 118.4, 41.961, 100, 0, 0, 46, 46, 15, 1.23, 123.559, 0, 0, 126.03, 74.014, 0, 0, 0, 0, 0, 13.4, 0, 13.2, 0, 3.817, 187, 0, 0, 0, 69, 1, 0.009, 0.008, 118.4, 41.96, 100, 0, 0, 141, 46, 46, 15, 1.23, 0, 123.559, 0, 0, 126.03, 74.014, 0, 1.4, 0, 0, 
12.25, 17.668, 100.31, 73.72, 74.53, , 4.298, 0.987, 938.667, 938.667, 3.827, 104.502, 104.502, 104.502, 51.91, 64.521, 35.198, 36.222, 7.379, 11.544, 0, 0, 20.398, 20.671, 20.398, 20.671, 1, 74.178, 74.178, 0.024, 0.136, 27.823, 28.196, 27.823, 28.196, 5.897, 7.379, 11.544, , , 1, 11.903, 0, 0, 13.2, 3.827, 187, 0, 0, 0, 69, 8.563, 7.519, 118.4, 41.757, 100, 0, 0, 46, 46, 15, 1.23, 123.745, 0, 0, 126.123, 74.247, 0, 0, 0, 0, 0, 13.4, 0, 13.2, 0, 3.827, 187, 0, 0, 0, 69, 1, 0.009, 0.008, 118.4, 41.756, 100, 0, 0, 141, 46, 46, 15, 1.23, 0, 123.745, 0, 0, 126.123, 74.247, 0, 1.4, 0, 0, 
12.3, 17.67, 100.31, 73.72, 74.53, , 4.279, 0.987, 944.043, 944.043, 3.838, 104.044, 104.044, 104.044, 51.91, 65.304, 35.27, 36.546, 7.379, 11.574, 0, 0, 20.368, 20.639, 20.368, 20.639, 1, 74.393, 74.393, 0.024, 0.136, 27.703, 28.073, 27.703, 28.073, 5.914, 7.379, 11.574, , , 1, 11.953, 0, 0, 13.2, 3.838, 187, 0, 0, 0, 69, 8.55, 7.465, 118.4, 41.553, 100, 0, 0, 46, 46, 15, 1.23, 123.931, 0, 0, 126.216, 74.479, 0, 0, 0, 0, 0, 13.4, 0, 13.2, 0, 3.838, 187, 0, 0, 0, 69, 1, 0.009, 0.008, 118.4, 41.552, 100, 0, 0, 141, 46, 46, 15, 1.23, 0, 123.931, 0, 0, 126.216, 74.479, 0, 1.4, 0, 0, 
12.35, 17.671, 100.31, 73.72, 74.53, , 4.236, 0.987, 949.473, 949.473, 3.849, 103.04, 103.04, 103.04, 51.913, 66.087, 35.342, 36.87, 7.378, 11.603, 0, 0, 20.228, 20.497, 20.228, 20.497, 1, 74.605, 74.605, 0.024, 0.135, 27.435, 27.8, 27.435, 27.8, 5.93, 7.378, 11.603, , , 1, 12.003, 0, 0, 13.2, 3.849, 187, 0, 0, 0, 69, 8.537, 7.411, 118.4, 41.35, 100, 0, 0, 46, 46, 15, 1.23, 124.117, 0, 0, 126.309, 74.711, 0, 0, 0, 0, 0, 13.4, 0, 13.2, 0, 3.849, 187, 0, 0, 0, 69, 1, 0.009, 0.007, 118.4, 41.347, 100, 0, 0, 141, 46, 46, 15, 1.23, 0, 124.117, 0, 0, 126.309, 74.711, 0, 1.4, 0, 0, 
12.4, 17.672, 100.31, 73.72, 74.53, , 4.189, 0.987, 954.903, 954.903, 3.86, 101.913, 101.913, 101.913, 51.921, 66.87, 35.414, 37.194, 7.378, 11.629, 0, 0, 20.063, 20.328, 20.063, 20.328, 1, 74.814, 74.814, 0.024, 0.135, 27.133, 27.491, 27.133, 27.491, 5.947, 7.378, 11.629, , , 1, 12.053, 0, 0, 13.2, 3.86, 187, 0, 0, 0, 69, 8.524, 7.357, 118.4, 41.146, 100, 0, 0, 46, 46, 15, 1.23, 124.303, 0, 0, 126.401, 74.944, 0, 0, 0, 0, 0, 13.4, 0, 13.2, 0, 3.86, 187, 0, 0, 0, 69, 1, 0.009, 0.007, 118.4, 41.143, 100, 0, 0, 141, 46, 46, 15, 1.23, 0, 124.303, 0, 0, 126.401, 74.944, 0, 1.4, 0, 0, 
12.45, 17.673, 100.31, 73.72, 74.53, , 4.135, 0.987, 960.35, 960.35, 3.87, 100.647, 100.647, 100.647, 51.934, 67.653, 35.452, 37.027, 7.377, 11.655, 0, 0, 19.869, 20.132, 19.869, 20.132, 1, 75.019, 75.019, 0.024, 0.135, 26.789, 27.142, 26.789, 27.142, 5.954, 7.377, 11.655, , , 1, 12.103, 0, 0, 13.2, 3.87, 187, 0, 0, 0, 69, 8.511, 7.303, 118.4, 40.942, 100, 0, 0, 46, 46, 15, 1.23, 124.489, 0, 0, 126.494, 75.176, 0, 0, 0, 0, 0, 13.4, 0, 13.2, 0, 3.87, 187, 0, 0, 0, 69, 1, 0.009, 0.007, 118.4, 40.938, 100, 0, 0, 141, 46, 46, 15, 1.23, 0, 124.489, 0, 0, 126.494, 75.176, 0, 1.4, 0, 0, 
12.5, 17.675, 100.31, 73.72, 74.53, , 4.086, 0.987, 965.872, 965.872, 3.882, 99.498, 99.498, 99.498, 51.951, 68.436, 35.487, 36.817, 7.377, 11.677, 0, 0, 19.695, 19.956, 19.695, 19.956, 1, 75.221, 75.221, 0.024, 0.135, 26.476, 26.823, 26.476, 26.823, 5.96, 7.377, 11.677, , , 1, 12.153, 0, 0, 13.2, 3.882, 187, 0, 0, 0, 69, 8.476, 7.274, 118.4, 40.86, 100, 0, 0, 46, 46, 15, 1.23, 124.406, 0, 0, 126.312, 75.423, 0, 0, 0, 0, 0, 13.4, 0, 13.2, 0, 3.882, 187, 0, 0, 0, 69, 1, 0.009, 0.007, 118.4, 40.859, 100, 0, 0, 141, 46, 46, 15, 1.23, 0, 124.406, 0, 0, 126.312, 75.423, 0, 1.4, 0, 0, 
12.55, 17.676, 100.31, 73.72, 74.53, , 4.03, 0.987, 971.356, 971.356, 3.894, 98.179, 98.179, 98.179, 51.965, 69.218, 35.522, 36.606, 7.377, 11.7, 0, 0, 19.486, 19.744, 19.486, 19.744, 1, 75.425, 75.425, 0.024, 0.134, 26.117, 26.459, 26.117, 26.459, 5.965, 7.377, 11.7, , , 1, 12.203, 0, 0, 13.2, 3.894, 187, 0, 0, 0, 69, 8.44, 7.246, 118.4, 40.786, 100, 0, 0, 46, 46, 15, 1.23, 124.306, 0, 0, 126.112, 75.671, 0, 0, 0, 0, 0, 13.4, 0, 13.2, 0, 3.894, 187, 0, 0, 0, 69, 1, 0.009, 0.007, 118.4, 40.785, 100, 0, 0, 141, 46, 46, 15, 1.23, 0, 124.306, 0, 0, 126.112, 75.671, 0, 1.4, 0, 0, 
12.6, 17.677, 100.31, 73.72, 74.53, , 3.983, 0.987, 976.841, 976.841, 3.906, 97.067, 97.067, 97.067, 51.979, 70.001, 35.557, 36.396, 7.377, 11.716, 0, 0, 19.316, 19.573, 19.316, 19.573, 1, 75.625, 75.625, 0.024, 0.134, 25.814, 26.153, 25.814, 26.153, 5.971, 7.377, 11.716, , , 1, 12.253, 0, 0, 13.2, 3.906, 187, 0, 0, 0, 69, 8.404, 7.218, 118.4, 40.712, 100, 0, 0, 46, 46, 15, 1.23, 124.206, 0, 0, 125.912, 75.919, 0, 0, 0, 0, 0, 13.4, 0, 13.2, 0, 3.906, 187, 0, 0, 0, 69, 1, 0.008, 0.007, 118.4, 40.711, 100, 0, 0, 141, 46, 46, 15, 1.23, 0, 124.206, 0, 0, 125.912, 75.919, 0, 1.4, 0, 0, 
12.65, 17.678, 100.31, 73.72, 74.53, , 3.96, 0.987, 982.364, 982.364, 3.918, 96.526, 96.526, 96.526, 51.989, 70.784, 35.592, 36.186, 7.377, 11.731, 0, 0, 19.259, 19.515, 19.259, 19.515, 1, 75.821, 75.821, 0.024, 0.134, 25.665, 26.003, 25.665, 26.003, 5.987, 7.377, 11.731, , , 1, 12.303, 0, 0, 13.2, 3.918, 187, 0, 0, 0, 69, 8.368, 7.19, 118.4, 40.637, 100, 0, 0, 46, 46, 15, 1.23, 124.106, 0, 0, 125.712, 76.167, 0, 0, 0, 0, 0, 13.4, 0, 13.2, 0, 3.918, 187, 0, 0, 0, 69, 1, 0.008, 0.007, 118.4, 40.637, 100, 0, 0, 141, 46, 46, 15, 1.23, 0, 124.106, 0, 0, 125.712, 76.167, 0, 1.4, 0, 0, 
12.7, 17.679, 100.31, 73.72, 74.53, , 3.932, 0.987, 987.923, 987.923, 3.931, 95.858, 95.858, 95.858, 51.996, 71.567, 35.513, 35.88, 7.377, 11.743, 0, 0, 19.175, 19.43, 19.175, 19.43, 1, 76.019, 76.019, 0.024, 0.135, 25.483, 25.821, 25.483, 25.821, 6.006, 7.377, 11.743, , , 1, 12.353, 0, 0, 13.2, 3.931, 187, 0, 0, 0, 69, 8.332, 7.162, 118.4, 40.563, 100, 0, 0, 46, 46, 15, 1.23, 124.006, 0, 0, 125.512, 76.415, 0, 0, 0, 0, 0, 13.4, 0, 13.2, 0, 3.931, 187, 0, 0, 0, 69, 1, 0.008, 0.007, 118.4, 40.563, 100, 0, 0, 141, 46, 46, 15, 1.23, 0, 124.006, 0, 0, 125.512, 76.415, 0, 1.4, 0, 0, 
12.75, 17.68, 100.31, 73.72, 74.53, , 3.896, 0.987, 993.483, 993.483, 3.946, 95.011, 95.011, 95.011, 52.001, 72.35, 35.402, 35.547, 7.377, 11.755, 0, 0, 19.055, 19.308, 19.055, 19.308, 1, 76.214, 76.214, 0.024, 0.135, 25.255, 25.591, 25.255, 25.591, 6.025, 7.377, 11.755, , , 1, 12.403, 0, 0, 13.171, 3.946, 187, 0, 0, 0, 69, 8.299, 7.113, 118.4, 40.266, 100, 0, 0, 45.805, 45.805, 15, 1.226, 124.146, 0, 0, 125.598, 76.672, 0, 0, 0, 0, 0, 13.4, 0, 13.17, 0, 3.946, 187, 0, 0, 0, 69, 1, 0.008, 0.007, 118.4, 40.266, 100, 0, 0, 141, 45.805, 45.805, 15, 1.226, 0, 124.146, 0, 0, 125.598, 76.672, 0, 1.4, 0, 0, 
12.8, 17.681, 100.31, 73.72, 74.53, , 3.874, 0.987, 999.043, 999.043, 3.962, 94.488, 94.488, 94.488, 52.006, 73.133, 35.291, 35.213, 7.377, 11.76, 0, 0, 18.999, 19.251, 18.999, 19.251, 1, 76.407, 76.407, 0.024, 0.135, 25.114, 25.448, 25.114, 25.448, 6.045, 7.377, 11.76, , , 1, 12.453, 0, 0, 13.14, 3.962, 187, 0, 0, 0, 69, 8.266, 7.063, 118.4, 39.961, 100, 0, 0, 45.598, 45.598, 15, 1.222, 124.302, 0, 0, 125.701, 76.929, 0, 0, 0, 0, 0, 13.4, 0, 13.139, 0, 3.962, 187, 0, 0, 0, 69, 1, 0.008, 0.007, 118.4, 39.961, 100, 0, 0, 141, 45.598, 45.598, 15, 1.222, 0, 124.302, 0, 0, 125.701, 76.929, 0, 1.4, 0, 0, 
12.85, 17.683, 100.31, 73.72, 74.53, , 3.859, 0.987, 1004.602, 1004.602, 3.977, 94.15, 94.15, 94.15, 52.011, 73.916, 35.18, 34.88, 7.377, 11.765, 0, 0, 18.979, 19.231, 18.979, 19.231, 1, 76.599, 76.599, 0.024, 0.136, 25.02, 25.354, 25.02, 25.354, 6.064, 7.377, 11.765, , , 1, 12.503, 0, 0, 13.109, 3.977, 187, 0, 0, 0, 69, 8.232, 7.014, 118.4, 39.655, 100, 0, 0, 45.39, 45.39, 15, 1.218, 124.457, 0, 0, 125.805, 77.186, 0, 0, 0, 0, 0, 13.4, 0, 13.108, 0, 3.977, 187, 0, 0, 0, 69, 1, 0.008, 0.007, 118.4, 39.655, 100, 0, 0, 141, 45.39, 45.39, 15, 1.218, 0, 124.457, 0, 0, 125.805, 77.186, 0, 1.4, 0, 0, 
12.9, 17.684, 100.31, 73.72, 74.53, , 3.831, 0.987, 1010.161, 1010.161, 3.993, 93.484, 93.484, 93.484, 52.017, 74.699, 35.069, 34.547, 7.377, 11.771, 0, 0, 18.892, 19.144, 18.892, 19.144, 1, 76.789, 76.789, 0.024, 0.136, 24.84, 25.172, 24.84, 25.172, 6.082, 7.377, 11.771, , , 1, 12.553, 0, 0, 13.077, 3.993, 187, 0, 0, 0, 69, 8.199, 6.964, 118.4, 39.349, 100, 0, 0, 45.183, 45.183, 15, 1.214, 124.613, 0, 0, 125.909, 77.444, 0, 0, 0, 0, 0, 13.4, 0, 13.077, 0, 3.993, 187, 0, 0, 0, 69, 1, 0.008, 0.007, 118.4, 39.349, 100, 0, 0, 141, 45.183, 45.183, 15, 1.214, 0, 124.613, 0, 0, 125.909, 77.444, 0, 1.4, 0, 0, 
12.95, 17.685, 100.31, 73.72, 74.53, , 3.811, 0.987, 1015.833, 1015.833, 4.008, 93.011, 93.011, 93.011, 52.024, 75.481, 34.961, 34.686, 7.377, 11.778, 0, 0, 18.844, 19.096, 18.844, 19.096, 1, 76.979, 76.979, 0.024, 0.136, 24.711, 25.041, 24.711, 25.041, 6.101, 7.377, 11.778, , , 1, 12.603, 0, 0, 13.049, 4.008, 187, 0, 0, 0, 69, 8.169, 6.923, 118.4, 39.071, 100, 0, 0, 45, 45, 15, 1.21, 124.744, 0, 0, 126, 77.685, 0, 0, 0, 0, 0, 13.4, 0, 13.049, 0, 4.008, 187, 0, 0, 0, 69, 1, 0.008, 0.007, 118.4, 39.071, 100, 0, 0, 141, 45, 45, 15, 1.21, 0, 124.744, 0, 0, 126, 77.685, 0, 1.4, 0, 0, 
13, 17.686, 100.31, 73.72, 74.53, , 3.794, 0.987, 1021.416, 1021.416, 4.013, 92.616, 92.616, 92.616, 52.03, 76.264, 34.853, 34.866, 7.377, 11.782, 0, 0, 18.809, 19.06, 18.809, 19.06, 1, 77.169, 77.169, 0.024, 0.137, 24.603, 24.932, 24.603, 24.932, 6.12, 7.377, 11.782, , , 1, 12.653, 0, 0, 13.038, 4.013, 187, 0, 0, 0, 69, 8.161, 6.95, 118.4, 38.994, 100, 0, 0, 45, 45, 15, 1.21, 124.692, 0, 0, 126, 77.814, 0, 0, 0, 0, 0, 13.4, 0, 13.038, 0, 4.013, 187, 0, 0, 0, 69, 1, 0.008, 0.007, 118.4, 38.994, 100, 0, 0, 141, 45, 45, 15, 1.21, 0, 124.692, 0, 0, 126, 77.814, 0, 1.4, 0, 0, 
13.05, 17.687, 100.31, 73.72, 74.53, , 3.777, 0.987, 1027.061, 1027.061, 4.018, 92.22, 92.22, 92.22, 52.035, 73.823, 34.745, 35.046, 7.377, 11.786, 0, 0, 18.775, 19.025, 18.775, 19.025, 1, 77.359, 77.359, 0.024, 0.137, 24.495, 24.823, 24.495, 24.823, 6.134, 7.377, 11.786, , , 1, 12.703, 0, 0, 13.028, 4.018, 187, 0, 0, 0, 69, 8.152, 6.977, 118.4, 38.917, 100, 0, 0, 45, 45, 15, 1.21, 124.64, 0, 0, 126, 77.943, 0, 0, 0, 0, 0, 13.4, 0, 13.028, 0, 4.018, 187, 0, 0, 0, 69, 1, 0.008, 0.007, 118.4, 38.917, 100, 0, 0, 141, 45, 45, 15, 1.21, 0, 124.64, 0, 0, 126, 77.943, 0, 1.4, 0, 0, 
13.1, 17.688, 100.31, 73.72, 74.53, , 3.752, 0.987, 1032.692, 1032.692, 4.023, 91.637, 91.637, 91.637, 52.039, 71.317, 34.637, 35.226, 7.377, 11.79, 0, 0, 18.701, 18.95, 18.701, 18.95, 1, 77.547, 77.547, 0.024, 0.137, 24.339, 24.663, 24.339, 24.663, 6.137, 7.377, 11.79, , , 1, 12.753, 0, 0, 13.018, 4.023, 187, 0, 0, 0, 69, 8.144, 7.004, 118.4, 38.84, 100, 0, 0, 45, 45, 15, 1.21, 124.588, 0, 0, 126, 78.071, 0, 0, 0, 0, 0, 13.4, 0, 13.018, 0, 4.023, 187, 0, 0, 0, 69, 1, 0.008, 0.007, 118.4, 38.84, 100, 0, 0, 141, 45, 45, 15, 1.21, 0, 124.588, 0, 0, 126, 78.071, 0, 1.4, 0, 0, 
13.15, 17.689, 100.31, 73.72, 74.53, , 3.734, 0.987, 1038.388, 1038.388, 4.028, 91.221, 91.221, 91.221, 52.04, 68.81, 34.529, 35.406, 7.377, 11.794, 0, 0, 18.661, 18.908, 18.661, 18.908, 1, 77.731, 77.731, 0.024, 0.137, 24.228, 24.55, 24.228, 24.55, 6.14, 7.377, 11.794, , , 1, 12.803, 0, 0, 13.007, 4.028, 187, 0, 0, 0, 69, 8.136, 7.031, 118.4, 38.762, 100, 0, 0, 45, 45, 15, 1.21, 124.535, 0, 0, 126, 78.2, 0, 0, 0, 0, 0, 13.4, 0, 13.007, 0, 4.028, 187, 0, 0, 0, 69, 1, 0.008, 0.007, 118.4, 38.762, 100, 0, 0, 141, 45, 45, 15, 1.21, 0, 124.535, 0, 0, 126, 78.2, 0, 1.4, 0, 0, 
13.2, 17.691, 100.31, 73.72, 74.53, , 3.701, 0.987, 1044.074, 1044.074, 4.035, 90.445, 90.445, 90.445, 52.04, 66.303, 34.487, 35.486, 7.377, 11.798, 0, 0, 18.546, 18.791, 18.546, 18.791, 1, 77.917, 77.917, 0.024, 0.136, 24.022, 24.341, 24.022, 24.341, 6.142, 7.377, 11.798, , , 1, 12.853, 0, 0, 12.994, 4.035, 187, 0, 0, 0, 69, 8.122, 7.04, 118.4, 38.664, 100, 0, 0, 44.942, 44.942, 15, 1.21, 124.469, 0, 0, 126, 78.362, 0, 0, 0, 0, 0, 13.4, 0, 12.994, 0, 4.035, 187, 0, 0, 0, 69, 1, 0.008, 0.007, 118.4, 38.664, 100, 0, 0, 141, 44.942, 44.942, 15, 1.21, 0, 124.469, 0, 0, 126, 78.362, 0, 1.4, 0, 0, 
13.25, 17.692, 100.31, 73.72, 74.53, , 3.704, 0.987, 1049.664, 1049.664, 4.045, 90.518, 90.518, 90.518, 52.04, 63.796, 34.451, 35.558, 7.377, 11.803, 0, 0, 18.605, 18.85, 18.605, 18.85, 1, 78.102, 78.102, 0.024, 0.136, 24.042, 24.36, 24.042, 24.36, 6.139, 7.377, 11.803, , , 1, 12.904, 0, 0, 12.975, 4.045, 187, 0, 0, 0, 69, 8.097, 7.005, 118.4, 38.521, 100, 0, 0, 44.749, 44.749, 15, 1.21, 124.373, 0, 0, 126, 78.604, 0, 0, 0, 0, 0, 13.4, 0, 12.975, 0, 4.045, 187, 0, 0, 0, 69, 1, 0.008, 0.007, 118.4, 38.521, 100, 0, 0, 141, 44.749, 44.749, 15, 1.21, 0, 124.373, 0, 0, 126, 78.604, 0, 1.4, 0, 0, 
13.3, 17.693, 100.31, 73.72, 74.53, , 3.685, 0.987, 1055.417, 1055.417, 4.054, 90.056, 90.056, 90.056, 52.04, 61.289, 34.415, 35.63, 7.377, 11.809, 0, 0, 18.554, 18.799, 18.554, 18.799, 1, 78.285, 78.285, 0.024, 0.136, 23.918, 24.235, 23.918, 24.235, 6.12, 7.377, 11.809, , , 1, 12.954, 0, 0, 12.955, 4.054, 187, 0, 0, 0, 69, 8.072, 6.97, 118.4, 38.379, 100, 0, 0, 44.556, 44.556, 15, 1.21, 124.276, 0, 0, 126, 78.845, 0, 0, 0, 0, 0, 13.4, 0, 12.955, 0, 4.054, 187, 0, 0, 0, 69, 1, 0.008, 0.007, 118.4, 38.379, 100, 0, 0, 141, 44.556, 44.556, 15, 1.21, 0, 124.276, 0, 0, 126, 78.845, 0, 1.4, 0, 0, 
13.35, 17.694, 100.31, 73.72, 74.53, , 3.669, 0.987, 1061.169, 1061.169, 4.064, 89.701, 89.701, 89.701, 52.042, 58.783, 34.379, 35.702, 7.377, 11.815, 0, 0, 18.523, 18.768, 18.523, 18.768, 1, 78.468, 78.468, 0.024, 0.136, 23.823, 24.139, 23.823, 24.139, 6.1, 7.377, 11.815, , , 1, 13.003, 0, 0, 12.936, 4.064, 187, 0, 0, 0, 69, 8.047, 6.935, 118.4, 38.236, 100, 0, 0, 44.363, 44.363, 15, 1.21, 124.18, 0, 0, 126, 79.086, 0, 0, 0, 0, 0, 13.4, 0, 12.936, 0, 4.064, 187, 0, 0, 0, 69, 1, 0.008, 0.007, 118.4, 38.236, 100, 0, 0, 141, 44.363, 44.363, 15, 1.21, 0, 124.18, 0, 0, 126, 79.086, 0, 1.4, 0, 0, 
13.4, 17.695, 100.31, 73.72, 74.53, , 3.648, 0.987, 1066.864, 1066.864, 4.074, 89.203, 89.203, 89.203, 52.044, 56.276, 34.343, 35.774, 7.377, 11.821, 0, 0, 18.463, 18.708, 18.463, 18.708, 1, 78.65, 78.65, 0.024, 0.136, 23.689, 24.004, 23.689, 24.004, 6.081, 7.377, 11.821, , , 1, 13.053, 0, 0, 12.917, 4.074, 187, 0, 0, 0, 69, 8.022, 6.901, 118.4, 38.093, 100, 0, 0, 44.17, 44.17, 15, 1.21, 124.083, 0, 0, 126, 79.328, 0, 0, 0, 0, 0, 13.4, 0, 12.917, 0, 4.074, 187, 0, 0, 0, 69, 1, 0.008, 0.007, 118.4, 38.093, 100, 0, 0, 141, 44.17, 44.17, 15, 1.21, 0, 124.083, 0, 0, 126, 79.328, 0, 1.4, 0, 0, 
13.45, 17.696, 100.31, 73.72, 74.53, , 3.646, 0.987, 1072.579, 1072.579, 4.084, 89.146, 89.146, 89.146, 52.046, 53.769, 34.512, 35.936, 7.377, 11.826, 0, 0, 18.493, 18.739, 18.493, 18.739, 1, 78.832, 78.832, 0.024, 0.135, 23.672, 23.988, 23.672, 23.988, 6.062, 7.377, 11.826, , , 1, 13.103, 0, 0, 12.899, 4.084, 187, 0, 0, 0, 69, 7.996, 6.868, 118.4, 37.945, 100, 0, 0, 43.988, 43.988, 15, 1.21, 124.007, 0, 0, 126.02, 79.569, 0, 0, 0, 0, 0, 13.4, 0, 12.899, 0, 4.084, 187, 0, 0, 0, 69, 1, 0.008, 0.007, 118.4, 37.945, 100, 0, 0, 141, 43.988, 43.988, 15, 1.21, 0, 124.007, 0, 0, 126.02, 79.569, 0, 1.4, 0, 0, 
13.5, 17.697, 100.31, 73.72, 74.53, , 3.603, 0.987, 1078.368, 1078.368, 4.098, 88.139, 88.139, 88.139, 52.05, 51.262, 34.699, 36.106, 7.377, 11.824, 0, 0, 18.326, 18.569, 18.326, 18.569, 1, 79.012, 79.012, 0.024, 0.135, 23.402, 23.716, 23.402, 23.716, 6.093, 7.377, 11.824, , , 1, 13.153, 0, 0, 12.889, 4.098, 187, 0, 0, 0, 69, 7.966, 6.855, 118.4, 37.769, 100, 0, 0, 43.892, 43.892, 15, 1.21, 124.055, 0, 0, 126.164, 79.807, 0, 0, 0, 0, 0, 13.4, 0, 12.889, 0, 4.098, 187, 0, 0, 0, 69, 1, 0.008, 0.007, 118.4, 37.769, 100, 0, 0, 141, 43.892, 43.892, 15, 1.21, 0, 124.055, 0, 0, 126.164, 79.807, 0, 1.4, 0, 0, 
13.55, 17.699, 100.31, 73.72, 74.53, , 3.561, 0.987, 1084.137, 1084.137, 4.112, 87.158, 87.158, 87.158, 52.054, 48.755, 34.885, 36.276, 7.377, 11.821, 0, 0, 18.163, 18.404, 18.163, 18.404, 1, 79.188, 79.188, 0.024, 0.135, 23.141, 23.45, 23.141, 23.45, 6.123, 7.377, 11.821, , , 1, 13.203, 0, 0, 12.879, 4.112, 187, 0, 0, 0, 69, 7.935, 6.841, 118.4, 37.593, 100, 0, 0, 43.796, 43.796, 15, 1.21, 124.103, 0, 0, 126.309, 80.046, 0, 0, 0, 0, 0, 13.4, 0, 12.879, 0, 4.112, 187, 0, 0, 0, 69, 1, 0.008, 0.007, 118.4, 37.593, 100, 0, 0, 141, 43.796, 43.796, 15, 1.21, 0, 124.103, 0, 0, 126.309, 80.046, 0, 1.4, 0, 0, 
13.6, 17.7, 100.31, 73.72, 74.53, , 3.518, 0.987, 1091.922, 1091.922, 4.126, 86.146, 86.146, 86.146, 52.06, 46.249, 35.072, 36.446, 7.377, 11.815, 0, 0, 17.993, 18.231, 17.993, 18.231, 1, 79.39, 79.39, 0.024, 0.134, 22.871, 23.176, 22.871, 23.176, 6.154, 7.377, 11.815, , , 1, 13.253, 0, 0, 12.87, 4.126, 187, 0, 0, 0, 69, 7.904, 6.828, 118.4, 37.417, 100, 0, 0, 43.7, 43.7, 15, 1.21, 124.151, 0, 0, 126.453, 80.284, 0, 0, 0, 0, 0, 13.4, 0, 12.87, 0, 4.126, 187, 0, 0, 0, 69, 1, 0.008, 0.007, 118.4, 37.417, 100, 0, 0, 141, 43.7, 43.7, 15, 1.21, 0, 124.151, 0, 0, 126.453, 80.284, 0, 1.4, 0, 0, 
13.65, 17.702, 100.31, 73.72, 74.531, , 3.484, 0.987, 1098.03, 1098.03, 4.141, 85.33, 85.33, 85.33, 52.07, 43.742, 35.259, 36.615, 7.377, 11.809, 0, 0, 17.876, 18.112, 17.876, 18.112, 1, 79.605, 79.605, 0.024, 0.134, 22.65, 22.953, 22.65, 22.953, 6.184, 7.377, 11.809, , , 1, 13.303, 0, 0, 12.86, 4.141, 187, 0, 0, 0, 69, 7.873, 6.815, 118.4, 37.242, 100, 0, 0, 43.604, 43.604, 15, 1.21, 124.199, 0, 0, 126.597, 80.522, 0, 0, 0, 0, 0, 13.4, 0, 12.86, 0, 4.141, 187, 0, 0, 0, 69, 1, 0.008, 0.007, 118.4, 37.242, 100, 0, 0, 141, 43.604, 43.604, 15, 1.21, 0, 124.199, 0, 0, 126.597, 80.522, 0, 1.4, 0, 0, 
13.7, 17.703, 100.31, 73.72, 74.531, , 3.438, 0.987, 1103.867, 1103.867, 4.155, 84.258, 84.258, 84.258, 52.08, 41.235, 35.366, 36.822, 7.377, 11.802, 0, 0, 17.69, 17.924, 17.69, 17.924, 1, 79.778, 79.778, 0.024, 0.134, 22.363, 22.66, 22.363, 22.66, 6.225, 7.377, 11.802, , , 1, 13.353, 0, 0, 12.851, 4.155, 187, 0, 0, 0, 69, 7.842, 6.801, 118.4, 37.066, 100, 0, 0, 43.508, 43.508, 15, 1.21, 124.247, 0, 0, 126.741, 80.761, 0, 0, 0, 0, 0, 13.4, 0, 12.851, 0, 4.155, 187, 0, 0, 0, 69, 1, 0.008, 0.007, 118.4, 37.066, 100, 0, 0, 141, 43.508, 43.508, 15, 1.21, 0, 124.247, 0, 0, 126.741, 80.761, 0, 1.4, 0, 0, 
13.75, 17.705, 100.31, 73.72, 74.532, , 3.413, 0.987, 1109.705, 1109.705, 4.16, 83.653, 83.653, 83.653, 52.088, 38.728, 35.423, 37.052, 7.377, 11.795, 0, 0, 17.601, 17.834, 17.601, 17.834, 1, 79.95, 79.95, 0.024, 0.134, 22.199, 22.494, 22.199, 22.494, 6.268, 7.377, 11.795, , , 1, 13.404, 0, 0, 12.84, 4.16, 187, 0, 0, 0, 69, 7.819, 6.777, 118.4, 36.946, 100, 0, 0, 43.404, 43.404, 15, 1.21, 124.005, 0, 0, 126.603, 80.899, 0, 0, 0, 0, 0, 13.4, 0, 12.84, 0, 4.16, 187, 0, 0, 0, 69, 1, 0.008, 0.007, 118.4, 36.946, 100, 0, 0, 141, 43.404, 43.404, 15, 1.21, 0, 124.005, 0, 0, 126.603, 80.899, 0, 1.4, 0, 0, 
13.8, 17.707, 100.31, 73.72, 74.533, , 3.379, 0.987, 1115.542, 1115.542, 4.165, 82.848, 82.848, 82.848, 52.092, 36.221, 35.481, 37.282, 7.377, 11.79, 0, 0, 17.469, 17.699, 17.469, 17.699, 1, 80.119, 80.119, 0.024, 0.135, 21.984, 22.276, 21.984, 22.276, 6.311, 7.377, 11.79, , , 1, 13.454, 0, 0, 12.83, 4.165, 187, 0, 0, 0, 69, 7.796, 6.752, 118.4, 36.83, 100, 0, 0, 43.299, 43.299, 15, 1.21, 123.745, 0, 0, 126.447, 81.029, 0, 0, 0, 0, 0, 13.4, 0, 12.83, 0, 4.165, 187, 0, 0, 0, 69, 1, 0.008, 0.007, 118.4, 36.83, 100, 0, 0, 141, 43.299, 43.299, 15, 1.21, 0, 123.745, 0, 0, 126.447, 81.029, 0, 1.4, 0, 0, 
13.85, 17.709, 100.31, 73.72, 74.534, , 3.371, 0.987, 1121.38, 1121.38, 4.17, 82.675, 82.675, 82.675, 52.092, 39.966, 35.538, 37.512, 7.377, 11.785, 0, 0, 17.469, 17.7, 17.469, 17.7, 1, 80.287, 80.287, 0.024, 0.135, 21.938, 22.229, 21.938, 22.229, 6.354, 7.377, 11.785, , , 1, 13.503, 0, 0, 12.819, 4.17, 187, 0, 0, 0, 69, 7.773, 6.727, 118.4, 36.714, 100, 0, 0, 43.195, 43.195, 15, 1.21, 123.484, 0, 0, 126.291, 81.159, 0, 0, 0, 0, 0, 13.4, 0, 12.819, 0, 4.17, 187, 0, 0, 0, 69, 1, 0.008, 0.007, 118.4, 36.714, 100, 0, 0, 141, 43.195, 43.195, 15, 1.21, 0, 123.484, 0, 0, 126.291, 81.159, 0, 1.4, 0, 0, 
13.9, 17.711, 100.31, 73.72, 74.534, , 3.353, 0.987, 1127.217, 1127.217, 4.175, 82.253, 82.253, 82.253, 52.088, 60.289, 35.595, 37.742, 7.377, 11.78, 0, 0, 17.416, 17.647, 17.416, 17.647, 1, 80.455, 80.455, 0.024, 0.135, 21.828, 22.117, 21.828, 22.117, 6.376, 7.377, 11.78, , , 1, 13.553, 0, 0, 12.809, 4.175, 187, 0, 0, 0, 69, 7.75, 6.702, 118.4, 36.598, 100, 0, 0, 43.09, 43.09, 15, 1.21, 123.224, 0, 0, 126.134, 81.288, 0, 0, 0, 0, 0, 13.4, 0, 12.809, 0, 4.175, 187, 0, 0, 0, 69, 1, 0.008, 0.007, 118.4, 36.598, 100, 0, 0, 141, 43.09, 43.09, 15, 1.21, 0, 123.224, 0, 0, 126.134, 81.288, 0, 1.4, 0, 0, 
13.95, 17.713, 100.31, 73.72, 74.535, , 3.334, 0.987, 1133.13, 1133.13, 4.18, 81.8, 81.8, 81.8, 52.079, 66.669, 35.269, 37.694, 7.377, 11.773, 0, 0, 17.357, 17.587, 17.357, 17.587, 1, 80.621, 80.621, 0.024, 0.135, 21.711, 21.998, 21.711, 21.998, 6.384, 7.377, 11.773, , , 1, 13.604, 0, 0, 12.797, 4.18, 187, 0, 0, 0, 69, 7.726, 6.684, 118.4, 36.488, 100, 0, 0, 42.972, 42.972, 15, 1.21, 122.986, 0, 0, 126, 81.417, 0, 0, 0, 0, 0, 13.403, 0, 12.797, 0, 4.18, 187, 0, 0, 0, 69, 1, 0.008, 0.007, 118.4, 36.488, 100, 0, 0, 141, 42.972, 42.972, 15, 1.21, 0, 122.986, 0, 0, 126, 81.417, 0, 1.4, 0, 0, 
14, 17.715, 100.31, 73.72, 74.536, , 3.316, 0.987, 1139.008, 1139.008, 4.188, 81.381, 81.381, 81.381, 52.071, 67.275, 34.909, 37.622, 7.377, 11.764, 0, 0, 17.303, 17.533, 17.303, 17.533, 1, 80.788, 80.788, 0.024, 0.136, 21.603, 21.889, 21.603, 21.889, 6.393, 7.377, 11.764, , , 1, 13.653, 0, 0, 12.777, 4.188, 187, 0, 0, 0, 69, 7.7, 6.712, 118.4, 36.415, 100, 0, 0, 42.772, 42.772, 15, 1.21, 122.886, 0, 0, 126, 81.541, 0, 0, 0, 0, 0, 13.423, 0, 12.777, 0, 4.188, 187, 0, 0, 0, 69, 1, 0.008, 0.007, 118.4, 36.415, 100, 0, 0, 141, 42.772, 42.772, 15, 1.21, 0, 122.886, 0, 0, 126, 81.541, 0, 1.4, 0, 0, 
14.05, 17.717, 100.31, 73.72, 74.537, , 3.314, 0.987, 1144.864, 1144.864, 4.196, 81.33, 81.33, 81.33, 52.065, 67.882, 34.549, 37.55, 7.377, 11.754, 0, 0, 17.327, 17.558, 17.327, 17.558, 1, 80.953, 80.953, 0.024, 0.136, 21.592, 21.878, 21.592, 21.878, 6.401, 7.377, 11.754, , , 1, 13.703, 0, 0, 12.757, 4.196, 187, 0, 0, 0, 69, 7.674, 6.74, 118.4, 36.341, 100, 0, 0, 42.572, 42.572, 15, 1.21, 122.786, 0, 0, 126, 81.665, 0, 0, 0, 0, 0, 13.443, 0, 12.757, 0, 4.196, 187, 0, 0, 0, 69, 1, 0.008, 0.007, 118.4, 36.341, 100, 0, 0, 141, 42.572, 42.572, 15, 1.21, 0, 122.786, 0, 0, 126, 81.665, 0, 1.4, 0, 0, 
14.1, 17.719, 100.31, 73.72, 74.537, , 3.301, 0.987, 1150.801, 1150.801, 4.204, 81.033, 81.033, 81.033, 52.063, 68.489, 34.189, 37.478, 7.377, 11.741, 0, 0, 17.298, 17.529, 17.298, 17.529, 1, 81.119, 81.119, 0.024, 0.136, 21.514, 21.799, 21.514, 21.799, 6.411, 7.377, 11.741, , , 1, 13.753, 0, 0, 12.737, 4.204, 187, 0, 0, 0, 69, 7.648, 6.768, 118.4, 36.267, 100, 0, 0, 42.372, 42.372, 15, 1.21, 122.686, 0, 0, 126, 81.789, 0, 0, 0, 0, 0, 13.463, 0, 12.737, 0, 4.204, 187, 0, 0, 0, 69, 1, 0.008, 0.007, 118.4, 36.267, 100, 0, 0, 141, 42.372, 42.372, 15, 1.21, 0, 122.686, 0, 0, 126, 81.789, 0, 1.4, 0, 0, 
14.15, 17.721, 100.31, 73.72, 74.538, , 3.265, 0.987, 1156.719, 1156.719, 4.211, 80.188, 80.188, 80.188, 52.065, 69.095, 33.829, 37.406, 7.377, 11.725, 0, 0, 17.152, 17.38, 17.152, 17.38, 1, 81.283, 81.283, 0.024, 0.136, 21.288, 21.572, 21.288, 21.572, 6.425, 7.377, 11.725, , , 1, 13.803, 0, 0, 12.717, 4.211, 187, 0, 0, 0, 69, 7.622, 6.796, 118.4, 36.193, 100, 0, 0, 42.172, 42.172, 15, 1.21, 122.586, 0, 0, 126, 81.913, 0, 0, 0, 0, 0, 13.483, 0, 12.717, 0, 4.211, 187, 0, 0, 0, 69, 1, 0.008, 0.007, 118.4, 36.193, 100, 0, 0, 141, 42.172, 42.172, 15, 1.21, 0, 122.586, 0, 0, 126, 81.913, 0, 1.4, 0, 0, 
14.2, 17.723, 100.31, 73.72, 74.539, , 3.234, 0.987, 1162.706, 1162.706, 4.219, 79.446, 79.446, 79.446, 52.072, 69.702, 33.899, 37.201, 7.377, 11.708, 0, 0, 17.028, 17.254, 17.028, 17.254, 1, 81.442, 81.442, 0.024, 0.136, 21.089, 21.369, 21.089, 21.369, 6.439, 7.377, 11.708, , , 1, 13.853, 0, 0, 12.697, 4.219, 187, 0, 0, 0, 69, 7.599, 6.818, 118.4, 36.12, 100, 0, 0, 42, 42, 15, 1.21, 122.486, 0, 0, 125.986, 82.037, 0, 0, 0, 0, 0, 13.5, 0, 12.697, 0, 4.219, 187, 0, 0, 0, 69, 1, 0.008, 0.007, 118.4, 36.12, 100, 0, 0, 141, 42, 42, 15, 1.21, 0, 122.486, 0, 0, 125.986, 82.037, 0, 1.4, 0, 0, 
14.25, 17.724, 100.31, 73.72, 74.54, , 3.232, 0.987, 1168.574, 1168.574, 4.228, 79.408, 79.408, 79.408, 52.08, 70.308, 34.007, 36.985, 7.378, 11.69, 0, 0, 17.053, 17.279, 17.053, 17.279, 1, 81.603, 81.603, 0.024, 0.136, 21.076, 21.355, 21.076, 21.355, 6.453, 7.378, 11.69, , , 1, 13.903, 0, 0, 12.677, 4.228, 187, 0, 0, 0, 69, 7.591, 6.806, 118.4, 36.046, 100, 0, 0, 42, 42, 15, 1.21, 122.387, 0, 0, 125.887, 82.16, 0, 0, 0, 0, 0, 13.5, 0, 12.677, 0, 4.228, 187, 0, 0, 0, 69, 1, 0.008, 0.007, 118.4, 36.046, 100, 0, 0, 141, 42, 42, 15, 1.21, 0, 122.386, 0, 0, 125.887, 82.16, 0, 1.4, 0, 0, 
14.3, 17.726, 100.31, 73.72, 74.541, , 3.21, 0.987, 1174.562, 1174.562, 4.238, 78.895, 78.895, 78.895, 52.087, 70.915, 34.115, 36.769, 7.378, 11.673, 0, 0, 16.977, 17.201, 16.977, 17.201, 1, 81.761, 81.761, 0.024, 0.136, 20.936, 21.214, 20.936, 21.214, 6.466, 7.378, 11.673, , , 1, 13.953, 0, 0, 12.657, 4.238, 187, 0, 0, 0, 69, 7.583, 6.795, 118.4, 35.972, 100, 0, 0, 42, 42, 15, 1.21, 122.288, 0, 0, 125.788, 82.283, 0, 0, 0, 0, 0, 13.5, 0, 12.657, 0, 4.238, 187, 0, 0, 0, 69, 1, 0.008, 0.007, 118.4, 35.972, 100, 0, 0, 141, 42, 42, 15, 1.21, 0, 122.287, 0, 0, 125.788, 82.283, 0, 1.4, 0, 0, 
14.35, 17.728, 100.31, 73.72, 74.541, , 3.189, 0.987, 1180.549, 1180.549, 4.247, 78.404, 78.404, 78.404, 52.095, 71.521, 34.223, 36.553, 7.379, 11.657, 0, 0, 16.904, 17.127, 16.904, 17.127, 1, 81.921, 81.921, 0.024, 0.136, 20.802, 21.078, 20.802, 21.078, 6.474, 7.379, 11.657, , , 1, 14.003, 0, 0, 12.637, 4.247, 187, 0, 0, 0, 69, 7.575, 6.783, 118.4, 35.899, 100, 0, 0, 42, 42, 15, 1.21, 122.188, 0, 0, 125.688, 82.406, 0, 0, 0, 0, 0, 13.5, 0, 12.637, 0, 4.247, 187, 0, 0, 0, 69, 1, 0.008, 0.007, 118.4, 35.899, 100, 0, 0, 141, 42, 42, 15, 1.21, 0, 122.187, 0, 0, 125.688, 82.406, 0, 1.4, 0, 0, 
14.4, 17.73, 100.31, 73.72, 74.542, , 3.187, 0.987, 1186.536, 1186.536, 4.256, 78.359, 78.359, 78.359, 52.103, 72.128, 34.331, 36.337, 7.38, 11.647, 0, 0, 16.927, 17.15, 16.927, 17.15, 1, 82.079, 82.079, 0.024, 0.136, 20.787, 21.063, 20.787, 21.063, 6.482, 7.38, 11.647, , , 1, 14.054, 0, 0, 12.618, 4.256, 187, 0, 0, 0, 69, 7.567, 6.771, 118.4, 35.825, 100, 0, 0, 42, 42, 15, 1.21, 122.089, 0, 0, 125.589, 82.529, 0, 0, 0, 0, 0, 13.5, 0, 12.618, 0, 4.256, 187, 0, 0, 0, 69, 1, 0.008, 0.007, 118.4, 35.825, 100, 0, 0, 141, 42, 42, 15, 1.21, 0, 122.088, 0, 0, 125.589, 82.529, 0, 1.4, 0, 0, 
14.45, 17.732, 100.31, 73.72, 74.543, , 3.193, 0.987, 1192.524, 1192.524, 4.265, 78.506, 78.506, 78.506, 52.109, 72.734, 34.406, 36.221, 7.381, 11.64, 0, 0, 16.991, 17.216, 16.991, 17.216, 1, 82.238, 82.238, 0.024, 0.135, 20.824, 21.1, 20.824, 21.1, 6.49, 7.381, 11.64, , , 1, 14.103, 0, 0, 12.598, 4.265, 187, 0, 0, 0, 69, 7.559, 6.761, 118.4, 35.76, 100, 0, 0, 42, 42, 15, 1.21, 121.99, 0, 0, 125.5, 82.652, 0, 0, 0, 0, 0, 13.5, 0, 12.598, 0, 4.265, 187, 0, 0, 0, 69, 1, 0.008, 0.007, 118.4, 35.76, 100, 0, 0, 141, 42, 42, 15, 1.21, 0, 121.988, 0, 0, 125.5, 82.652, 0, 1.4, 0, 0, 
14.5, 17.734, 100.31, 73.72, 74.544, , 3.169, 0.987, 1198.51, 1198.51, 4.274, 77.944, 77.944, 77.944, 52.113, 73.341, 34.478, 36.113, 7.382, 11.639, 0, 0, 16.901, 17.126, 16.901, 17.126, 1, 82.398, 82.398, 0.024, 0.135, 20.673, 20.948, 20.673, 20.948, 6.498, 7.382, 11.639, , , 1, 14.154, 0, 0, 12.578, 4.274, 187, 0, 0, 0, 69, 7.549, 6.773, 118.4, 35.76, 100, 0, 0, 42, 42, 15, 1.21, 121.89, 0, 0, 125.5, 82.776, 0, 0, 0, 0, 0, 13.5, 0, 12.578, 0, 4.274, 187, 0, 0, 0, 69, 1, 0.008, 0.007, 118.4, 35.76, 100, 0, 0, 141, 42, 42, 15, 1.21, 0, 121.888, 0, 0, 125.5, 82.776, 0, 1.4, 0, 0, 
14.55, 17.736, 100.31, 73.72, 74.544, , 3.141, 0.987, 1204.497, 1204.497, 4.283, 77.291, 77.291, 77.291, 52.114, 73.948, 34.55, 36.005, 7.382, 11.641, 0, 0, 16.791, 17.014, 16.791, 17.014, 1, 82.557, 82.557, 0.024, 0.135, 20.499, 20.772, 20.499, 20.772, 6.503, 7.382, 11.641, , , 1, 14.204, 0, 0, 12.558, 4.283, 187, 0, 0, 0, 69, 7.539, 6.785, 118.4, 35.76, 100, 0, 0, 42, 42, 15, 1.21, 121.79, 0, 0, 125.5, 82.9, 0, 0, 0, 0, 0, 13.5, 0, 12.558, 0, 4.283, 187, 0, 0, 0, 69, 1, 0.008, 0.007, 118.4, 35.76, 100, 0, 0, 141, 42, 42, 15, 1.21, 0, 121.789, 0, 0, 125.5, 82.9, 0, 1.4, 0, 0, 
14.6, 17.738, 100.31, 73.72, 74.545, , 3.1, 0.987, 1210.604, 1210.604, 4.291, 76.307, 76.307, 76.307, 52.113, 74.554, 34.622, 35.897, 7.383, 11.645, 0, 0, 16.609, 16.83, 16.609, 16.83, 1, 82.71, 82.71, 0.024, 0.135, 20.238, 20.508, 20.238, 20.508, 6.509, 7.383, 11.645, , , 1, 14.253, 0, 0, 12.538, 4.291, 187, 0, 0, 0, 69, 7.529, 6.797, 118.4, 35.76, 100, 0, 0, 42, 42, 15, 1.21, 121.69, 0, 0, 125.5, 83.024, 0, 0, 0, 0, 0, 13.5, 0, 12.538, 0, 4.291, 187, 0, 0, 0, 69, 1, 0.008, 0.007, 118.4, 35.76, 100, 0, 0, 141, 42, 42, 15, 1.21, 0, 121.689, 0, 0, 125.5, 83.024, 0, 1.4, 0, 0, 
14.65, 17.74, 100.31, 73.72, 74.546, , 3.061, 0.987, 1216.591, 1216.591, 4.3, 75.391, 75.391, 75.391, 52.108, 75.161, 34.694, 35.789, 7.384, 11.649, 0, 0, 16.44, 16.657, 16.44, 16.657, 1, 82.866, 82.866, 0.024, 0.134, 19.996, 20.263, 19.996, 20.263, 6.515, 7.384, 11.649, , , 1, 14.303, 0, 0, 12.518, 4.3, 187, 0, 0, 0, 69, 7.519, 6.809, 118.4, 35.76, 100, 0, 0, 42, 42, 15, 1.21, 121.59, 0, 0, 125.5, 83.148, 0, 0, 0, 0, 0, 13.5, 0, 12.518, 0, 4.3, 187, 0, 0, 0, 69, 1, 0.008, 0.007, 118.4, 35.76, 100, 0, 0, 141, 42, 42, 15, 1.21, 0, 121.59, 0, 0, 125.5, 83.148, 0, 1.4, 0, 0, 
14.7, 17.742, 100.31, 73.72, 74.547, , 3.012, 0.987, 1222.675, 1222.675, 4.309, 74.246, 74.246, 74.246, 52.103, 75.767, 34.832, 35.946, 7.384, 11.649, 0, 0, 16.219, 16.435, 16.219, 16.435, 1, 83.015, 83.015, 0.024, 0.134, 19.694, 19.958, 19.694, 19.958, 6.52, 7.384, 11.649, , , 1, 14.353, 0, 0, 12.502, 4.309, 187, 0, 0, 0, 69, 7.511, 6.818, 118.4, 35.751, 100, 0, 0, 41.99, 41.99, 15, 1.21, 121.529, 0, 0, 125.539, 83.284, 0, 0, 0, 0, 0, 13.5, 0, 12.502, 0, 4.309, 187, 0, 0, 0, 69, 1, 0.008, 0.007, 118.4, 35.751, 100, 0, 0, 141, 41.99, 41.99, 15, 1.21, 0, 121.529, 0, 0, 125.539, 83.284, 0, 1.398, 0, 0, 
14.75, 17.743, 100.31, 73.72, 74.547, , 2.989, 0.987, 1228.698, 1228.698, 4.316, 73.685, 73.685, 73.685, 52.097, 76.374, 34.976, 36.126, 7.383, 11.643, 0, 0, 16.126, 16.34, 16.126, 16.34, 1, 83.163, 83.163, 0.024, 0.134, 19.547, 19.811, 19.547, 19.811, 6.531, 7.383, 11.643, , , 1, 14.403, 0, 0, 12.521, 4.316, 187, 0, 0, 0, 69, 7.516, 6.797, 118.4, 35.68, 100, 0, 0, 41.893, 41.893, 15, 1.21, 121.821, 0, 0, 125.928, 83.526, 0, 0, 0, 0, 0, 13.5, 0, 12.521, 0, 4.316, 187, 0, 0, 0, 69, 1, 0.008, 0.007, 118.4, 35.68, 100, 0, 0, 141, 41.893, 41.893, 15, 1.21, 0, 121.821, 0, 0, 125.928, 83.526, 0, 1.379, 0, 0, 
14.8, 17.745, 100.31, 73.72, 74.548, , 2.973, 0.987, 1234.792, 1234.792, 4.323, 73.323, 73.323, 73.323, 52.093, 76.98, 35.12, 36.306, 7.382, 11.635, 0, 0, 16.076, 16.29, 16.076, 16.29, 1, 83.313, 83.313, 0.024, 0.134, 19.452, 19.715, 19.452, 19.715, 6.542, 7.382, 11.635, , , 1, 14.453, 0, 0, 12.541, 4.323, 187, 0, 0, 0, 69, 7.522, 6.775, 118.4, 35.608, 100, 0, 0, 41.797, 41.797, 15, 1.21, 122.113, 0, 0, 126.317, 83.769, 0, 0, 0, 0, 0, 13.5, 0, 12.541, 0, 4.323, 187, 0, 0, 0, 69, 1, 0.008, 0.007, 118.4, 35.608, 100, 0, 0, 141, 41.796, 41.797, 15, 1.21, 0, 122.113, 0, 0, 126.317, 83.769, 0, 1.359, 0, 0, 
14.85, 17.747, 100.31, 73.72, 74.549, , 2.961, 0.987, 1240.864, 1240.864, 4.33, 73.05, 73.05, 73.05, 52.093, 77.587, 35.264, 36.486, 7.382, 11.624, 0, 0, 16.044, 16.257, 16.044, 16.257, 1, 83.459, 83.459, 0.024, 0.134, 19.379, 19.642, 19.379, 19.642, 6.554, 7.382, 11.624, , , 1, 14.504, 0, 0, 12.56, 4.33, 187, 0, 0, 0, 69, 7.528, 6.754, 118.4, 35.536, 100, 0, 0, 41.7, 41.7, 15, 1.21, 122.405, 0, 0, 126.706, 84.011, 0, 0, 0, 0, 0, 13.5, 0, 12.56, 0, 4.33, 187, 0, 0, 0, 69, 1, 0.008, 0.007, 118.4, 35.536, 100, 0, 0, 141, 41.698, 41.7, 15, 1.21, 0, 122.405, 0, 0, 126.706, 84.011, 0, 1.34, 0, 0, 
14.9, 17.749, 100.31, 73.72, 74.55, , 2.941, 0.987, 1247.006, 1247.006, 4.338, 72.566, 72.566, 72.566, 52.096, 78.194, 35.408, 36.666, 7.382, 11.613, 0, 0, 15.965, 16.178, 15.965, 16.178, 1, 83.608, 83.608, 0.024, 0.134, 19.25, 19.511, 19.25, 19.511, 6.565, 7.382, 11.613, , , 1, 14.553, 0, 0, 12.58, 4.338, 187, 0, 0, 0, 69, 7.534, 6.733, 118.4, 35.465, 100, 0, 0, 41.603, 41.603, 15, 1.21, 122.696, 0, 0, 127.095, 84.253, 0, 0, 0, 0, 0, 13.5, 0, 12.58, 0, 4.338, 187, 0, 0, 0, 69, 1, 0.008, 0.007, 118.4, 35.465, 100, 0, 0, 141, 41.601, 41.603, 15, 1.21, 0, 122.696, 0, 0, 127.095, 84.253, 0, 1.32, 0, 0, 
14.95, 17.752, 100.31, 73.72, 74.55, , 2.893, 0.987, 1253.03, 1253.03, 4.345, 71.434, 71.434, 71.434, 52.101, 78.8, 35.387, 36.779, 7.381, 11.602, 0, 0, 15.742, 15.952, 15.742, 15.952, 1, 83.753, 83.753, 0.024, 0.134, 18.948, 19.205, 18.948, 19.205, 6.567, 7.381, 11.602, , , 1, 14.603, 0, 0, 12.599, 4.345, 187, 0, 0, 0, 69, 7.54, 6.711, 118.4, 35.393, 100, 0, 0, 41.506, 41.506, 15, 1.21, 122.988, 0, 0, 127.484, 84.495, 0, 0, 0, 0, 0, 13.5, 0, 12.599, 0, 4.345, 187, 0, 0, 0, 69, 1, 0.008, 0.007, 118.4, 35.393, 100, 0, 0, 141, 41.504, 41.506, 15, 1.21, 0, 122.988, 0, 0, 127.484, 84.495, 0, 1.301, 0, 0, 
15, 17.755, 100.31, 73.72, 74.55, , 2.805, 0.987, 1259.175, 1259.175, 4.353, 69.359, 69.359, 69.359, 52.109, 79.407, 35.351, 36.887, 7.38, 11.597, 0, 0, 15.311, 15.513, 15.311, 15.513, 1, 83.895, 83.895, 0.024, 0.135, 18.395, 18.643, 18.395, 18.643, 6.565, 7.38, 11.597, , , 1, 14.653, 0, 0, 12.582, 4.353, 187, 0, 0, 0, 69, 7.486, 6.647, 118.4, 35.322, 100, 0, 0, 41.319, 41.319, 15, 1.21, 122.538, 0, 0, 127.131, 84.622, 0, 0, 0, 0, 0, 13.5, 0, 12.582, 0, 4.353, 187, 0, 0, 0, 69, 1, 0.008, 0.007, 118.4, 35.322, 100, 0, 0, 141, 41.316, 41.319, 15, 1.21, 0, 122.538, 0, 0, 127.131, 84.622, 0, 1.3, 0, 0, 
15.05, 17.758, 100.31, 73.72, 74.55, , 2.687, 0.987, 1265.32, 1265.32, 4.361, 66.568, 66.568, 66.568, 52.117, 80.013, 35.315, 36.995, 7.38, 11.598, 0, 0, 14.72, 14.913, 14.72, 14.913, 1, 84.033, 84.033, 0.024, 0.135, 17.652, 17.89, 17.652, 17.89, 6.564, 7.38, 11.598, , , 1, 14.704, 0, 0, 12.562, 4.361, 187, 0, 0, 0, 69, 7.428, 6.579, 118.4, 35.251, 100, 0, 0, 41.127, 41.127, 15, 1.21, 122.058, 0, 0, 126.746, 84.741, 0, 0, 0, 0, 0, 13.5, 0, 12.562, 0, 4.361, 187, 0, 0, 0, 69, 1, 0.008, 0.007, 118.4, 35.251, 100, 0, 0, 141, 41.125, 41.127, 15, 1.21, 0, 122.058, 0, 0, 126.746, 84.741, 0, 1.3, 0, 0, 
15.1, 17.761, 100.31, 73.72, 74.55, , 2.526, 0.987, 1271.465, 1271.465, 4.369, 62.752, 62.752, 62.752, 52.124, 80.62, 35.279, 37.103, 7.38, 11.601, 0, 0, 13.897, 14.078, 13.897, 14.078, 1, 84.164, 84.164, 0.024, 0.135, 16.638, 16.862, 16.638, 16.862, 6.562, 7.38, 11.601, , , 1, 14.753, 0, 0, 12.543, 4.369, 187, 0, 0, 0, 69, 7.37, 6.512, 118.4, 35.179, 100, 0, 0, 40.935, 40.935, 15, 1.21, 121.577, 0, 0, 126.362, 84.861, 0, 0, 0, 0, 0, 13.5, 0, 12.543, 0, 4.369, 187, 0, 0, 0, 69, 1, 0.007, 0.006, 118.4, 35.179, 100, 0, 0, 141, 40.933, 40.935, 15, 1.21, 0, 121.577, 0, 0, 126.362, 84.861, 0, 1.3, 0, 0, 
15.15, 17.764, 100.31, 73.72, 74.55, , 2.339, 0.987, 1277.61, 1277.61, 4.378, 58.313, 58.313, 58.313, 52.132, 81.226, 35.243, 37.211, 7.38, 11.604, 0, 0, 12.932, 13.101, 12.932, 13.101, 1, 84.285, 84.285, 0.024, 0.136, 15.46, 15.667, 15.46, 15.667, 6.563, 7.38, 11.604, , , 1, 14.803, 0, 0, 12.524, 4.378, 187, 0, 0, 0, 69, 7.313, 6.445, 118.4, 35.108, 100, 0, 0, 40.742, 40.742, 15, 1.21, 121.096, 0, 0, 125.977, 84.98, 0, 0, 0, 0, 0, 13.5, 0, 12.524, 0, 4.378, 187, 0, 0, 0, 69, 1, 0.007, 0.006, 118.4, 35.108, 100, 0, 0, 141, 40.741, 40.742, 15, 1.21, 0, 121.096, 0, 0, 125.977, 84.98, 0, 1.3, 0, 0, 
15.2, 17.767, 100.31, 73.72, 74.55, , 2.172, 0.987, 1283.755, 1283.755, 4.386, 54.36, 54.36, 54.36, 52.143, 81.833, 35.207, 36.922, 7.38, 11.608, 0, 0, 12.071, 12.229, 12.071, 12.229, 1, 84.396, 84.396, 0.024, 0.135, 14.41, 14.601, 14.41, 14.601, 6.568, 7.38, 11.608, , , 1, 14.854, 0, 0, 12.505, 4.386, 187, 0, 0, 0, 69, 7.255, 6.378, 118.4, 35.037, 100, 0, 0, 40.55, 40.55, 15, 1.21, 120.615, 0, 0, 125.592, 85.099, 0, 0, 0, 0, 0, 13.5, 0, 12.505, 0, 4.386, 187, 0, 0, 0, 69, 1, 0.007, 0.006, 118.4, 35.037, 100, 0, 0, 141, 40.55, 40.55, 15, 1.21, 0, 120.615, 0, 0, 125.592, 85.099, 0, 1.3, 0, 0, 
15.25, 17.77, 100.31, 73.72, 74.55, , 2.033, 0.987, 1289.927, 1289.927, 4.395, 51.062, 51.062, 51.062, 52.154, 82.439, 35.171, 36.598, 7.379, 11.613, 0, 0, 11.353, 11.503, 11.353, 11.503, 1, 84.502, 84.502, 0.024, 0.135, 13.534, 13.712, 13.534, 13.712, 6.573, 7.379, 11.613, , , 1, 14.903, 0, 0.004, 12.485, 4.395, 187, 0, 0, 0, 68.573, 7.061, 6.211, 118.4, 34.536, 100, 0, 0, 39.895, 39.895, 14.708, 1.2, 119.477, 0, 0, 124.587, 85.262, 0, 0, 0, 0, 0, 13.5, 0.004, 12.485, 0, 4.395, 187, 0, 0, 0, 68.573, 1, 0.007, 0.006, 118.4, 34.536, 100, 0, 0, 141, 39.895, 39.895, 14.708, 1.2, 0, 119.477, 0, 0, 124.587, 85.262, 0, 1.3, 0, 0, 
15.3, 17.773, 100.31, 73.72, 74.55, , 1.902, 0.987, 1296.168, 1296.168, 4.403, 47.94, 47.94, 47.94, 52.166, 83.046, 35.135, 36.274, 7.379, 11.618, 0, 0, 10.672, 10.813, 10.672, 10.813, 1, 84.601, 84.601, 0.024, 0.135, 12.704, 12.87, 12.704, 12.87, 6.578, 7.379, 11.618, , , 1, 14.953, 0, 0.008, 12.466, 4.403, 187, 0, 0, 0, 67.996, 6.818, 6.009, 118.4, 33.898, 100, 0, 0, 39.078, 39.078, 14.323, 1.187, 118.131, 0, 0, 123.385, 85.441, 0, 0, 0, 0, 0, 13.5, 0.008, 12.466, 0, 4.403, 187, 0, 0, 0, 67.996, 1, 0.007, 0.006, 118.4, 33.898, 100, 0, 0, 141, 39.078, 39.078, 14.323, 1.187, 0, 118.131, 0, 0, 123.385, 85.441, 0, 1.3, 0, 0, 
15.35, 17.776, 100.31, 73.72, 74.55, , 1.807, 0.987, 1302.312, 1302.312, 4.412, 45.701, 45.701, 45.701, 52.179, 83.653, 35.099, 35.95, 7.379, 11.623, 0, 0, 10.184, 10.321, 10.184, 10.321, 1, 84.692, 84.692, 0.024, 0.135, 12.108, 12.265, 12.108, 12.265, 6.583, 7.379, 11.623, , , 1, 15.003, 0, 0.013, 12.447, 4.412, 187, 0, 0, 0, 67.419, 6.576, 5.807, 118.4, 33.26, 100, 0, 0, 38.261, 38.261, 13.938, 1.173, 116.785, 0, 0, 122.183, 85.62, 0, 0, 0, 0, 0, 13.5, 0.013, 12.447, 0, 4.412, 187, 0, 0, 0, 67.419, 1, 0.006, 0.006, 118.4, 33.26, 100, 0, 0, 141, 38.261, 38.261, 13.938, 1.173, 0, 116.785, 0, 0, 122.183, 85.62, 0, 1.3, 0, 0, 
15.4, 17.779, 100.31, 73.72, 74.55, , 1.746, 0.987, 1308.481, 1308.481, 4.421, 44.246, 44.246, 44.246, 52.193, 84.259, 35.063, 35.626, 7.379, 11.631, 0, 0, 9.871, 10.003, 9.871, 10.003, 1, 84.78, 84.78, 0.024, 0.135, 11.719, 11.871, 11.719, 11.871, 6.588, 7.379, 11.631, , , 1, 15.054, 0, 0.018, 12.428, 4.421, 187, 0, 0, 0, 66.842, 6.334, 5.605, 118.4, 32.623, 100, 0, 0, 37.443, 37.443, 13.554, 1.16, 115.438, 0, 0, 120.981, 85.799, 0, 0, 0, 0, 0, 13.5, 0.018, 12.428, 0, 4.421, 187, 0, 0, 0, 66.842, 1, 0.006, 0.006, 118.4, 32.623, 100, 0, 0, 141, 37.443, 37.443, 13.554, 1.16, 0, 115.438, 0, 0, 120.981, 85.799, 0, 1.3, 0, 0, 
15.45, 17.782, 100.31, 73.72, 74.55, , 1.701, 0.987, 1314.725, 1314.725, 4.43, 43.179, 43.179, 43.179, 52.205, 84.866, 34.928, 35.766, 7.379, 11.644, 0, 0, 9.643, 9.772, 9.643, 9.772, 1, 84.866, 84.866, 0.024, 0.134, 11.433, 11.583, 11.433, 11.583, 6.592, 7.379, 11.644, , , 1, 15.103, 0, 0.023, 12.408, 4.43, 187, 0, 0, 0, 66.265, 6.091, 5.403, 118.4, 31.986, 100, 0, 0, 36.626, 36.626, 13.169, 1.146, 114.092, 0, 0, 119.779, 85.978, 0, 0, 0, 0, 0, 13.5, 0.023, 12.408, 0, 4.43, 187, 0, 0, 0, 66.265, 1, 0.006, 0.006, 118.4, 31.986, 100, 0, 0, 141, 36.626, 36.626, 13.169, 1.146, 0, 114.092, 0, 0, 119.779, 85.978, 0, 1.3, 0, 0, 
15.5, 17.785, 100.31, 73.72, 74.55, , 1.583, 0.987, 1320.869, 1320.869, 4.435, 40.386, 40.386, 40.386, 52.214, 85.472, 34.784, 35.946, 7.379, 11.657, 0, 0, 9.028, 9.147, 9.028, 9.147, 1, 84.948, 84.948, 0.024, 0.134, 10.691, 10.832, 10.691, 10.832, 6.596, 7.379, 11.657, , , 1, 15.153, 0, 0.027, 12.4, 4.435, 187, 0, 0, 0, 66, 5.987, 5.334, 118.4, 31.576, 100, 0, 0, 36.222, 36.222, 13, 1.139, 113.383, 0, 0, 119.162, 86.095, 0, 0, 0, 0, 0, 13.5, 0.027, 12.4, 0, 4.435, 187, 0, 0, 0, 66, 1, 0.006, 0.006, 118.4, 31.576, 100, 0, 0, 141, 36.222, 36.222, 13, 1.139, 0, 113.383, 0, 0, 119.162, 86.095, 0, 1.3, 0, 0, 
15.55, 17.788, 100.31, 73.72, 74.55, , 1.368, 0.987, 1327.137, 1327.137, 4.438, 35.288, 35.288, 35.288, 52.219, 86.079, 34.64, 36.126, 7.38, 11.673, 0, 0, 7.894, 7.999, 7.894, 7.999, 1, 85.022, 85.022, 0.024, 0.134, 9.34, 9.464, 9.34, 9.464, 6.599, 7.38, 11.673, , , 1, 15.204, 0, 0.03, 12.4, 4.438, 187, 0, 0, 0, 66, 5.999, 5.377, 118.4, 31.346, 100, 0, 0, 36.17, 36.17, 13, 1.137, 113.175, 0, 0, 119.006, 86.159, 0, 0, 0, 0, 0, 13.5, 0.03, 12.4, 0, 4.438, 187, 0, 0, 0, 66, 1, 0.006, 0.006, 118.4, 31.346, 100, 0, 0, 141, 36.17, 36.17, 13, 1.137, 0, 113.175, 0, 0, 119.006, 86.159, 0, 1.3, 0, 0, 
15.6, 17.791, 100.31, 73.72, 74.55, , 1.14, 0.987, 1333.344, 1333.344, 4.44, 29.895, 29.895, 29.895, 52.221, 86.685, 34.496, 36.306, 7.38, 11.69, 0, 0, 6.691, 6.781, 6.691, 6.781, 1, 85.085, 85.085, 0.024, 0.134, 7.912, 8.017, 7.912, 8.017, 6.586, 7.38, 11.69, , , 1, 15.253, 0, 0.033, 12.4, 4.44, 187, 0, 0, 0, 66, 6.012, 5.421, 118.4, 31.116, 100, 0, 0, 36.118, 36.118, 13, 1.135, 112.967, 0, 0, 118.85, 86.224, 0, 0, 0, 0, 0, 13.5, 0.033, 12.4, 0, 4.44, 187, 0, 0, 0, 66, 1, 0.006, 0.006, 118.4, 31.116, 100, 0, 0, 141, 36.118, 36.118, 13, 1.135, 0, 112.967, 0, 0, 118.85, 86.224, 0, 1.3, 0, 0, 
15.65, 17.794, 100.31, 73.72, 74.55, , 0.858, 0.987, 1339.548, 1339.548, 4.443, 23.205, 23.205, 23.205, 52.221, 87.292, 34.352, 36.486, 7.379, 11.71, 0, 0, 5.197, 5.267, 5.197, 5.267, 1, 85.135, 85.135, 0.024, 0.134, 6.141, 6.223, 6.141, 6.223, 6.572, 7.379, 11.71, , , 1, 15.302, 0, 0.036, 12.4, 4.443, 187, 0, 0, 0, 66, 6.024, 5.465, 118.4, 30.885, 100, 0, 0, 36.066, 36.066, 13, 1.133, 112.758, 0, 0, 118.694, 86.289, 0, 0, 0, 0, 0, 13.5, 0.036, 12.4, 0, 4.443, 187, 0, 0, 0, 66, 1, 0.006, 0.006, 118.4, 30.885, 100, 0, 0, 141, 36.066, 36.066, 13, 1.133, 0, 112.758, 0, 0, 118.694, 86.289, 0, 1.3, 0, 0, 
15.7, 17.798, 100.31, 73.72, 74.55, , 0.435, 0.987, 1345.817, 1345.817, 4.445, 13.166, 13.166, 13.166, 52.222, 87.899, 34.57, 36.336, 7.379, 11.728, 0, 0, 2.95, 2.99, 2.95, 2.99, 1, 85.167, 85.167, 0.024, 0.133, 3.485, 3.531, 3.485, 3.531, 6.559, 7.379, 11.728, , , 1, 15.353, 0, 0.039, 12.4, 4.445, 187, 0, 0, 0, 66, 6.037, 5.509, 118.4, 30.655, 100, 0, 0, 36.014, 36.014, 13, 1.131, 112.55, 0, 0, 118.538, 86.353, 0, 0, 0, 0, 0, 13.5, 0.039, 12.4, 0, 4.445, 187, 0, 0, 0, 66, 1, 0.006, 0.006, 118.4, 30.655, 100, 0, 0, 141, 36.014, 36.014, 13, 1.131, 0, 112.55, 0, 0, 118.538, 86.353, 0, 1.3, 0, 0, 
15.75, 17.801, 100.31, 73.72, 74.55, , 0.024, 0.987, 1352.024, 1352.024, 4.447, 3.406, 3.406, 3.406, 52.224, 88.505, 34.82, 36.157, 7.378, 11.743, 0, 0, 0.763, 0.775, 0.763, 0.775, 1, 85.178, 85.178, 0.024, 0.133, 0.902, 0.915, 0.902, 0.915, 6.545, 7.378, 11.743, , , 1, 15.403, 0, 0.04, 12.353, 4.447, 187, 0, 0, 0, 65.374, 5.85, 5.355, 118.4, 30.137, 100, 0, 0, 35.847, 35.847, 12.687, 1.118, 111.093, 0, 0, 117.093, 86.37, 0, 0, 0, 0, 0, 13.5, 0.04, 12.353, 0, 4.447, 187, 0, 0, 0, 65.374, 1, 0.006, 0.006, 118.4, 30.137, 100, 0, 0, 141, 35.847, 35.847, 12.687, 1.118, 0, 111.093, 0, 0, 117.093, 86.37, 0, 1.3, 0, 0, 
15.8, 17.804, 100.31, 73.72, 74.55, , -0.298, 0.987, 1358.335, 1358.335, 4.447, -4.227, -4.227, -4.227, 52.23, 89.112, 35.07, 35.979, 7.378, 11.753, 0, 0, -0.947, -0.958, -0.947, -0.958, 1, 85.17, 85.17, 0.024, 0.133, -1.118, -1.133, -1.118, -1.133, 6.528, 7.378, 11.753, , , 1, 15.453, 0, 0.04, 12.291, 4.447, 187, 0, 0, 0, 64.551, 5.594, 5.132, 118.4, 29.528, 100, 0, 0, 35.64, 35.64, 12.276, 1.101, 109.241, 0, 0, 115.241, 86.37, 0, 0, 0, 0, 0, 13.5, 0.04, 12.291, 0, 4.447, 187, 0, 0, 0, 64.551, 1, 0.006, 0.005, 118.4, 29.528, 100, 0, 0, 141, 35.64, 35.64, 12.276, 1.101, 0, 109.241, 0, 0, 115.241, 86.37, 0, 1.3, 0, 0, 
15.85, 17.807, 100.31, 73.72, 74.55, , -0.565, 0.987, 1364.52, 1364.52, 4.448, -10.561, -10.561, -10.561, 52.237, 89.718, 35.32, 35.8, 7.377, 11.751, 0, 0, -2.365, -2.396, -2.365, -2.396, 1, 85.147, 85.147, 0.024, 0.133, -2.794, -2.831, -2.794, -2.831, 6.509, 7.377, 11.751, , , 1, 15.503, 0, 0.04, 12.23, 4.448, 187, 0, 0, 0, 63.728, 5.338, 4.909, 118.4, 28.919, 100, 0, 0, 35.434, 35.434, 11.864, 1.085, 107.389, 0, 0, 113.389, 86.37, 0, 0, 0, 0, 0, 13.5, 0.04, 12.23, 0, 4.448, 187, 0, 0, 0, 63.728, 1, 0.005, 0.005, 118.4, 28.919, 100, 0, 0, 141, 35.434, 35.434, 11.864, 1.085, 0, 107.389, 0, 0, 113.389, 86.37, 0, 1.3, 0, 0, 
15.9, 17.81, 100.31, 73.72, 74.55, , -0.786, 0.987, 1370.764, 1370.764, 4.449, -15.801, -15.801, -15.801, 52.244, 90.325, 35.57, 35.621, 7.377, 11.74, 0, 0, -3.538, -3.585, -3.538, -3.585, 1, 85.113, 85.113, 0.024, 0.133, -4.18, -4.236, -4.18, -4.236, 6.49, 7.377, 11.74, , , 1, 15.553, 0, 0.04, 12.168, 4.449, 187, 0, 0, 0, 62.905, 5.082, 4.685, 118.4, 28.31, 100, 0, 0, 35.227, 35.227, 11.453, 1.068, 105.537, 0, 0, 111.537, 86.37, 0, 0, 0, 0, 0, 13.5, 0.04, 12.168, 0, 4.449, 187, 0, 0, 0, 62.905, 1, 0.005, 0.004, 118.4, 28.31, 100, 0, 0, 141, 35.227, 35.227, 11.453, 1.068, 0, 105.537, 0, 0, 111.537, 86.37, 0, 1.3, 0, 0, 
15.95, 17.813, 100.31, 73.72, 74.55, , -0.905, 0.987, 1377.014, 1377.014, 4.45, -18.615, -18.615, -18.615, 52.249, 90.931, 35.44, 35.6, 7.378, 11.699, 0, 0, -4.167, -4.223, -4.167, -4.223, 1, 85.07, 85.07, 0.024, 0.133, -4.924, -4.99, -4.924, -4.99, 6.471, 7.378, 11.699, , , 1, 15.603, 0, 0.04, 12.106, 4.45, 187, 0, 0, 0, 62.082, 4.826, 4.462, 118.4, 27.701, 100, 0, 0, 35.021, 35.021, 11.041, 1.052, 103.685, 0, 0, 109.685, 86.37, 0, 0, 0, 0, 0, 13.5, 0.04, 12.106, 0, 4.45, 187, 0, 0, 0, 62.082, 1, 0.005, 0.004, 118.4, 27.701, 100, 0, 0, 141, 35.021, 35.021, 11.041, 1.052, 0, 103.685, 0, 0, 109.685, 86.37, 0, 1.3, 0, 0, 
16, 17.816, 100.31, 73.72, 74.55, , -1.05, 0.987, 1383.299, 1383.299, 4.448, -22.065, -22.065, -22.065, 52.249, 91.538, 35.259, 35.6, 7.378, 11.651, 0, 0, -4.935, -5.002, -4.935, -5.002, 1, 85.021, 85.021, 0.024, 0.133, -5.836, -5.915, -5.836, -5.915, 6.45, 7.378, 11.651, , , 1, 15.653, 0, 0.042, 12.028, 4.448, 187, 0, 0, 0, 61.46, 4.733, 4.37, 118.4, 26.906, 100, 0, 0, 35, 35, 10.458, 1.03, 103.319, 0, 0, 109.229, 86.258, 0, 0, 0, 0, 0, 13.5, 0.042, 12.028, 0, 4.448, 187, 0, 0, 0, 61.46, 1, 0.005, 0.004, 118.4, 26.906, 100, 0, 0, 141, 35, 35, 10.458, 1.03, 0, 103.319, 0, 0, 109.229, 86.258, 0, 1.3, 0, 0, 
16.05, 17.819, 100.31, 73.72, 74.55, , -1.23, 0.987, 1389.511, 1389.511, 4.445, -26.347, -26.347, -26.347, 52.247, 86.111, 35.077, 35.6, 7.379, 11.573, 0, 0, -5.888, -5.969, -5.888, -5.969, 1, 84.966, 84.966, 0.024, 0.134, -6.969, -7.062, -6.969, -7.062, 6.428, 7.379, 11.573, , , 1, 15.703, 0, 0.044, 11.947, 4.445, 187, 0, 0, 0, 60.86, 4.659, 4.292, 118.4, 26.091, 100, 0, 0, 35, 35, 9.855, 1.008, 103.118, 0, 0, 108.928, 86.134, 0, 0, 0, 0, 0, 13.5, 0.044, 11.947, 0, 4.445, 187, 0, 0, 0, 60.86, 1, 0.005, 0.004, 118.4, 26.091, 100, 0, 0, 141, 35, 35, 9.855, 1.008, 0, 103.118, 0, 0, 108.928, 86.134, 0, 1.3, 0, 0, 
16.1, 17.822, 100.31, 73.72, 74.55, , -1.436, 0.987, 1395.711, 1395.711, 4.443, -31.232, -31.232, -31.232, 52.245, 80.561, 34.896, 35.6, 7.379, 11.492, 0, 0, -6.974, -7.068, -6.974, -7.068, 1, 84.898, 84.898, 0.024, 0.134, -8.262, -8.372, -8.262, -8.372, 6.405, 7.379, 11.492, , , 1, 15.753, 0, 0.046, 11.867, 4.443, 187, 0, 0, 0, 60.26, 4.585, 4.214, 118.4, 25.276, 100, 0, 0, 35, 35, 9.253, 0.986, 102.918, 0, 0, 108.627, 86.01, 0, 0, 0, 0, 0, 13.5, 0.046, 11.867, 0, 4.443, 187, 0, 0, 0, 60.26, 1, 0.004, 0.004, 118.4, 25.276, 100, 0, 0, 141, 35, 35, 9.253, 0.986, 0, 102.918, 0, 0, 108.627, 86.01, 0, 1.3, 0, 0, 
16.15, 17.825, 100.31, 73.72, 74.55, , -1.804, 0.987, 1401.98, 1401.98, 4.441, -39.969, -39.969, -39.969, 52.245, 75.011, 34.715, 35.6, 7.38, 11.403, 0, 0, -8.915, -9.036, -8.915, -9.036, 1, 84.818, 84.818, 0.024, 0.134, -10.574, -10.714, -10.574, -10.714, 6.383, 7.38, 11.403, , , 1, 15.804, 0, 0.048, 11.787, 4.441, 187, 0, 0, 0, 59.66, 4.511, 4.136, 118.4, 24.46, 100, 0, 0, 35, 35, 8.651, 0.964, 102.717, 0, 0, 108.325, 85.886, 0, 0, 0, 0, 0, 13.5, 0.048, 11.787, 0, 4.441, 187, 0, 0, 0, 59.66, 1, 0.004, 0.004, 118.4, 24.46, 100, 0, 0, 141, 35, 35, 8.651, 0.964, 0, 102.717, 0, 0, 108.325, 85.886, 0, 1.3, 0, 0, 
16.2, 17.828, 100.31, 73.72, 74.55, , -2.276, 0.987, 1408.192, 1408.192, 4.438, -51.16, -51.16, -51.16, 52.252, 69.461, 34.799, 35.699, 7.38, 11.318, 0, 0, -11.396, -11.55, -11.396, -11.55, 1, 84.715, 84.715, 0.024, 0.134, -13.531, -13.711, -13.531, -13.711, 6.382, 7.38, 11.318, , , 1, 15.853, 0, 0.05, 11.706, 4.438, 187, 0, 0, 0, 59.06, 4.437, 4.058, 118.4, 23.645, 100, 0, 0, 35, 35, 8.048, 0.942, 102.516, 0, 0, 108.024, 85.762, 0, 0, 0, 0, 0, 13.5, 0.05, 11.706, 0, 4.438, 187, 0, 0, 0, 59.06, 1, 0.004, 0.004, 118.4, 23.645, 100, 0, 0, 141, 35, 35, 8.048, 0.942, 0, 102.516, 0, 0, 108.024, 85.762, 0, 1.3, 0, 0, 
16.25, 17.83, 100.31, 73.72, 74.551, , -2.681, 0.987, 1414.392, 1414.392, 4.433, -60.778, -60.778, -60.778, 52.266, 63.911, 34.907, 35.807, 7.38, 11.254, 0, 0, -13.521, -13.701, -13.521, -13.701, 1, 84.59, 84.59, 0.024, 0.134, -16.07, -16.284, -16.07, -16.284, 6.414, 7.38, 11.254, , , 1, 15.903, 0, 0.05, 11.644, 4.433, 187, 0, 0, 0, 58.636, 4.376, 3.985, 118.4, 23.376, 100, 0, 0, 35, 35, 8, 0.933, 102.593, 0, 0, 108, 85.638, 0, 0, 0, 0, 0, 13.5, 0.05, 11.644, 0, 4.433, 187, 0, 0, 0, 58.636, 1, 0.004, 0.004, 118.4, 23.376, 100, 0, 0, 141, 35, 35, 8, 0.933, 0, 102.593, 0, 0, 108, 85.638, 0, 1.3, 0, 0, 
16.3, 17.831, 100.31, 73.72, 74.552, , -3.019, 0.987, 1420.66, 1420.66, 4.428, -68.799, -68.799, -68.799, 52.285, 58.361, 35.015, 35.915, 7.379, 11.202, 0, 0, -15.281, -15.483, -15.281, -15.483, 1, 84.447, 84.447, 0.024, 0.134, -18.185, -18.426, -18.185, -18.426, 6.446, 7.379, 11.202, , , 1, 15.954, 0, 0.05, 11.584, 4.428, 187, 0, 0, 0, 58.231, 4.315, 3.912, 118.4, 23.154, 100, 0, 0, 35, 35, 8, 0.925, 102.694, 0, 0, 108, 85.512, 0, 0, 0, 0, 0, 13.5, 0.05, 11.584, 0, 4.428, 187, 0, 0, 0, 58.231, 1, 0.004, 0.004, 118.4, 23.154, 100, 0, 0, 141, 35, 35, 8, 0.925, 0, 102.694, 0, 0, 108, 85.512, 0, 1.3, 0, 0, 
16.35, 17.832, 100.31, 73.72, 74.554, , -3.195, 0.987, 1426.805, 1426.805, 4.423, -72.972, -72.972, -72.972, 52.306, 52.811, 35.123, 36.023, 7.379, 11.229, 0, 0, -16.185, -16.4, -16.185, -16.4, 1, 84.292, 84.292, 0.024, 0.134, -19.283, -19.539, -19.283, -19.539, 6.479, 7.379, 11.229, , , 1, 16.003, 0, 0.05, 11.523, 4.423, 187, 0, 0, 0, 57.826, 4.255, 3.84, 118.4, 22.932, 100, 0, 0, 35, 35, 8, 0.917, 102.794, 0, 0, 108, 85.388, 0, 0, 0, 0, 0, 13.5, 0.05, 11.523, 0, 4.423, 187, 0, 0, 0, 57.826, 1, 0.004, 0.004, 118.4, 22.932, 100, 0, 0, 141, 35, 35, 8, 0.917, 0, 102.794, 0, 0, 108, 85.388, 0, 1.3, 0, 0, 
16.4, 17.833, 100.31, 73.72, 74.555, , -3.268, 0.987, 1433.055, 1433.055, 4.417, -74.722, -74.722, -74.722, 52.324, 47.26, 35.231, 36.131, 7.378, 11.274, 0, 0, -16.547, -16.767, -16.547, -16.767, 1, 84.128, 84.128, 0.024, 0.134, -19.739, -20.002, -19.739, -20.002, 6.513, 7.378, 11.274, , , 1, 16.054, 0, 0.05, 11.463, 4.417, 187, 0, 0, 0, 57.421, 4.194, 3.767, 118.4, 22.711, 100, 0, 0, 35, 35, 8, 0.909, 102.895, 0, 0, 108, 85.262, 0, 0, 0, 0, 0, 13.5, 0.05, 11.463, 0, 4.417, 187, 0, 0, 0, 57.421, 1, 0.004, 0.004, 118.4, 22.711, 100, 0, 0, 141, 35, 35, 8, 0.909, 0, 102.895, 0, 0, 108, 85.262, 0, 1.3, 0, 0, 
16.45, 17.833, 100.31, 73.72, 74.557, , -3.238, 0.987, 1439.216, 1439.216, 4.412, -74.012, -74.012, -74.012, 52.337, 41.71, 35.24, 36.008, 7.378, 11.446, 0, 0, -16.357, -16.576, -16.357, -16.576, 1, 83.967, 83.967, 0.024, 0.134, -19.546, -19.807, -19.546, -19.807, 6.569, 7.378, 11.446, , , 1, 16.103, 0, 0.05, 11.402, 4.412, 187, 0, 0, 0, 57.016, 4.134, 3.694, 118.4, 22.489, 100, 0, 0, 35, 35, 8, 0.9, 102.996, 0, 0, 108, 85.137, 0, 0, 0, 0, 0, 13.5, 0.05, 11.402, 0, 4.412, 187, 0, 0, 0, 57.016, 1, 0.004, 0.004, 118.4, 22.489, 100, 0, 0, 141, 35, 35, 8, 0.9, 0, 102.996, 0, 0, 108, 85.137, 0, 1.3, 0, 0, 
16.5, 17.834, 100.31, 73.72, 74.558, , -3.295, 0.987, 1445.362, 1445.362, 4.4, -75.376, -75.376, -75.376, 52.344, 51.717, 35.24, 35.864, 7.378, 11.629, 0, 0, -16.622, -16.845, -16.622, -16.845, 1, 83.804, 83.804, 0.024, 0.134, -19.903, -20.169, -19.903, -20.169, 6.625, 7.378, 11.629, , , 1, 16.153, 0, 0.043, 11.4, 4.4, 187, 0, 0, 0, 56.712, 4.05, 3.621, 118.4, 22.231, 100, 0, 0, 35, 35, 7.616, 0.889, 101.992, 0, 0, 106.752, 84.896, 0, 0, 0, 0, 0, 13.5, 0.043, 11.4, 0, 4.4, 187, 0, 0, 0, 56.712, 1, 0.004, 0.004, 118.4, 22.231, 100, 0, 0, 141, 35, 35, 7.616, 0.889, 0, 101.992, 0, 0, 106.752, 84.896, 0, 1.3, 0, 0, 
16.55, 17.835, 100.31, 73.72, 74.56, , -3.333, 0.987, 1451.609, 1451.609, 4.388, -76.278, -76.278, -76.278, 52.347, 57.637, 35.24, 35.72, 7.379, 11.919, 0, 0, -16.782, -17.008, -16.782, -17.008, 1, 83.637, 83.637, 0.024, 0.134, -20.139, -20.409, -20.139, -20.409, 6.68, 7.379, 11.919, , , 1, 16.204, 0, 0.036, 11.4, 4.388, 187, 0, 0, 0, 56.412, 3.965, 3.548, 118.4, 21.972, 100, 0, 0, 35, 35, 7.216, 0.877, 100.942, 0, 0, 105.452, 84.647, 0, 0, 0, 0, 0, 13.5, 0.036, 11.4, 0, 4.388, 187, 0, 0, 0, 56.412, 1, 0.004, 0.004, 118.4, 21.972, 100, 0, 0, 141, 35, 35, 7.216, 0.877, 0, 100.942, 0, 0, 105.452, 84.647, 0, 1.3, 0, 0, 
16.6, 17.836, 100.31, 73.72, 74.561, , -3.446, 0.987, 1457.773, 1457.773, 4.376, -78.96, -78.96, -78.96, 52.347, 57.685, 35.24, 35.576, 7.379, 12.208, 0, 0, -17.336, -17.57, -17.336, -17.57, 1, 83.465, 83.465, 0.024, 0.134, -20.846, -21.126, -20.846, -21.126, 6.731, 7.379, 12.208, , , 1, 16.253, 0, 0.029, 11.4, 4.376, 187, 0, 0, 0, 56.112, 3.88, 3.475, 118.4, 21.713, 100, 0, 0, 35, 35, 6.816, 0.865, 99.892, 0, 0, 104.152, 84.398, 0, 0, 0, 0, 0, 13.5, 0.029, 11.4, 0, 4.376, 187, 0, 0, 0, 56.112, 1, 0.004, 0.003, 118.4, 21.713, 100, 0, 0, 141, 35, 35, 6.816, 0.865, 0, 99.892, 0, 0, 104.152, 84.398, 0, 1.3, 0, 0, 
16.65, 17.836, 100.31, 73.72, 74.563, , -3.576, 0.987, 1463.862, 1463.862, 4.364, -82.049, -82.049, -82.049, 52.347, 57.732, 35.24, 35.432, 7.38, 12.496, 0, 0, -17.981, -18.223, -17.981, -18.223, 1, 83.291, 83.291, 0.024, 0.134, -21.66, -21.952, -21.66, -21.952, 6.746, 7.38, 12.496, , , 1, 16.303, 0, 0.022, 11.4, 4.364, 187, 0, 0, 0, 55.812, 3.795, 3.402, 118.4, 21.454, 100, 0, 0, 35, 35, 6.416, 0.853, 98.842, 0, 0, 102.852, 84.149, 0, 0, 0, 0, 0, 13.5, 0.022, 11.4, 0, 4.364, 187, 0, 0, 0, 55.812, 1, 0.004, 0.003, 118.4, 21.454, 100, 0, 0, 141, 35, 35, 6.416, 0.853, 0, 98.842, 0, 0, 102.852, 84.149, 0, 1.3, 0, 0, 
16.7, 17.837, 100.31, 73.72, 74.564, , -3.618, 0.987, 1469.94, 1469.94, 4.352, -83.057, -83.057, -83.057, 52.347, 57.78, 35.303, 35.214, 7.38, 12.782, 0, 0, -18.167, -18.411, -18.167, -18.411, 1, 83.109, 83.109, 0.024, 0.134, -21.927, -22.221, -21.927, -22.221, 6.761, 7.38, 12.782, , , 1, 16.353, 0, 0.015, 11.4, 4.352, 187, 0, 0, 0, 55.512, 3.71, 3.329, 118.4, 21.195, 100, 0, 0, 35, 35, 6.016, 0.841, 97.792, 0, 0, 101.552, 83.9, 0, 0, 0, 0, 0, 13.5, 0.015, 11.4, 0, 4.352, 187, 0, 0, 0, 55.512, 1, 0.004, 0.003, 118.4, 21.195, 100, 0, 0, 141, 35, 35, 6.016, 0.841, 0, 97.792, 0, 0, 101.552, 83.9, 0, 1.3, 0, 0, 
16.75, 17.838, 100.31, 73.72, 74.566, , -3.549, 0.987, 1476.084, 1476.084, 4.347, -81.411, -81.411, -81.411, 52.345, 57.828, 35.372, 34.99, 7.38, 12.998, 0, 0, -17.769, -18.007, -17.769, -18.007, 1, 82.926, 82.926, 0.024, 0.134, -21.494, -21.781, -21.494, -21.781, 6.777, 7.38, 12.998, , , 1, 16.403, 0, 0.012, 11.377, 4.347, 187, 0, 0, 0, 55.386, 3.697, 3.333, 118.4, 21.016, 100, 0, 0, 35, 35, 6, 0.84, 97.35, 0, 0, 101.043, 83.744, 0, 0, 0, 0, 0, 13.5, 0.012, 11.377, 0, 4.347, 187, 0, 0, 0, 55.386, 1, 0.004, 0.003, 118.4, 21.016, 100, 0, 0, 141, 35, 35, 5.886, 0.84, 0, 97.35, 0, 0, 101.043, 83.744, 0, 1.3, 0, 0, 
16.8, 17.839, 100.31, 73.72, 74.567, , -3.563, 0.987, 1482.23, 1482.23, 4.342, -81.755, -81.755, -81.755, 52.344, 57.876, 35.441, 34.766, 7.379, 13.214, 0, 0, -17.803, -18.04, -17.803, -18.04, 1, 82.747, 82.747, 0.024, 0.134, -21.584, -21.874, -21.584, -21.874, 6.792, 7.379, 13.214, , , 1, 16.453, 0, 0.008, 11.353, 4.342, 187, 0, 0, 0, 55.267, 3.689, 3.341, 118.4, 20.84, 100, 0, 0, 35, 35, 6, 0.84, 96.933, 0, 0, 100.567, 83.595, 0, 0, 0, 0, 0, 13.5, 0.008, 11.353, 0, 4.342, 187, 0, 0, 0, 55.267, 1, 0.004, 0.003, 118.4, 20.84, 100, 0, 0, 141, 35, 35, 5.767, 0.84, 0, 96.933, 0, 0, 100.567, 83.595, 0, 1.3, 0, 0, 
16.85, 17.839, 100.31, 73.72, 74.569, , -3.633, 0.987, 1488.289, 1488.289, 4.337, -83.417, -83.417, -83.417, 52.35, 57.924, 35.51, 34.541, 7.379, 13.39, 0, 0, -18.122, -18.362, -18.122, -18.362, 1, 82.567, 82.567, 0.024, 0.134, -22.022, -22.317, -22.022, -22.317, 6.79, 7.379, 13.39, , , 1, 16.503, 0, 0.004, 11.33, 4.337, 187, 0, 0, 0, 55.148, 3.68, 3.35, 118.4, 20.663, 100, 0, 0, 35, 35, 6, 0.84, 96.517, 0, 0, 100.09, 83.445, 0, 0, 0, 0, 0, 13.5, 0.004, 11.33, 0, 4.337, 187, 0, 0, 0, 55.148, 1, 0.004, 0.003, 118.4, 20.663, 100, 0, 0, 141, 35, 35, 5.648, 0.84, 0, 96.517, 0, 0, 100.09, 83.445, 0, 1.3, 0, 0, 
16.9, 17.84, 100.31, 73.72, 74.57, , -3.583, 0.987, 1494.395, 1494.395, 4.332, -82.233, -82.233, -82.233, 52.358, 57.971, 35.579, 34.317, 7.378, 13.566, 0, 0, -17.827, -18.063, -17.827, -18.063, 1, 82.385, 82.385, 0.024, 0.134, -21.707, -21.997, -21.707, -21.997, 6.786, 7.378, 13.566, , , 1, 16.553, 0, 0.001, 11.306, 4.332, 187, 0, 0, 0, 55.029, 3.672, 3.358, 118.4, 20.487, 100, 0, 0, 35, 35, 6, 0.84, 96.1, 0, 0, 99.614, 83.296, 0, 0, 0, 0, 0, 13.5, 0.001, 11.306, 0, 4.332, 187, 0, 0, 0, 55.029, 1, 0.004, 0.003, 118.4, 20.487, 100, 0, 0, 141, 35, 35, 5.529, 0.84, 0, 96.1, 0, 0, 99.614, 83.296, 0, 1.3, 0, 0, 
16.95, 17.841, 100.31, 73.72, 74.572, , -3.542, 0.987, 1500.418, 1500.418, 4.322, -81.282, -81.282, -81.282, 52.367, 58.019, 35.679, 34.369, 7.378, 13.745, 0, 0, -17.586, -17.817, -17.586, -17.817, 1, 82.206, 82.206, 0.024, 0.135, -21.453, -21.739, -21.453, -21.739, 6.782, 7.378, 13.745, , , 1, 16.604, 0, 0, 11.3, 4.322, 187, 0, 0, 0, 55, 3.696, 3.392, 118.4, 20.474, 100, 0, 0, 35, 35, 5.842, 0.837, 96, 0, 0, 99.5, 83.113, 0, 0, 0, 0, 0, 13.5, 0, 11.3, 0, 4.322, 187, 0, 0, 0, 55, 1, 0.004, 0.003, 118.4, 20.474, 100, 0, 0, 141, 35, 35, 5.421, 0.837, 0, 96, 0, 0, 99.5, 83.113, 0, 1.3, 0, 0, 
17, 17.842, 100.31, 73.72, 74.573, , -3.517, 0.987, 1506.49, 1506.49, 4.309, -80.68, -80.68, -80.68, 52.378, 58.067, 35.792, 34.538, 7.377, 13.924, 0, 0, -17.422, -17.651, -17.422, -17.651, 1, 82.029, 82.029, 0.024, 0.135, -21.29, -21.574, -21.29, -21.574, 6.778, 7.377, 13.924, , , 1, 16.654, 0, 0, 11.3, 4.309, 187, 0, 0, 0, 55, 3.73, 3.433, 118.4, 20.513, 100, 0, 0, 35, 35, 5.635, 0.833, 96, 0, 0, 99.5, 82.92, 0, 0, 0, 0, 0, 13.5, 0, 11.3, 0, 4.309, 187, 0, 0, 0, 55, 1, 0.004, 0.003, 118.4, 20.513, 100, 0, 0, 141, 35, 35, 5.317, 0.833, 0, 96, 0, 0, 99.5, 82.92, 0, 1.3, 0, 0, 
17.05, 17.842, 100.31, 73.72, 74.575, , -3.408, 0.987, 1512.477, 1512.477, 4.297, -78.116, -78.116, -78.116, 52.388, 58.115, 35.905, 34.708, 7.377, 14.092, 0, 0, -16.836, -17.057, -16.836, -17.057, 1, 81.853, 81.853, 0.024, 0.135, -20.611, -20.885, -20.611, -20.885, 6.749, 7.377, 14.092, , , 1, 16.704, 0, 0, 11.3, 4.297, 187, 0, 0, 0, 55, 3.764, 3.475, 118.4, 20.551, 100, 0, 0, 35, 35, 5.427, 0.829, 96, 0, 0, 99.5, 82.727, 0, 0, 0, 0, 0, 13.5, 0, 11.3, 0, 4.297, 187, 0, 0, 0, 55, 1, 0.004, 0.004, 118.4, 20.551, 100, 0, 0, 141, 35, 35, 5.212, 0.829, 0, 96, 0, 0, 99.5, 82.727, 0, 1.3, 0, 0, 
17.1, 17.843, 100.31, 73.72, 74.576, , -3.182, 0.987, 1518.585, 1518.585, 4.284, -72.751, -72.751, -72.751, 52.393, 58.163, 36.018, 34.877, 7.377, 14.259, 0, 0, -15.642, -15.849, -15.642, -15.849, 1, 81.688, 81.688, 0.024, 0.135, -19.192, -19.448, -19.192, -19.448, 6.718, 7.377, 14.259, , , 1, 16.754, 0, 0, 11.3, 4.284, 187, 0, 0, 0, 55, 3.799, 3.516, 118.4, 20.59, 100, 0, 0, 35, 35, 5.22, 0.824, 96, 0, 0, 99.5, 82.535, 0, 0, 0, 0, 0, 13.5, 0, 11.3, 0, 4.284, 187, 0, 0, 0, 55, 1, 0.004, 0.004, 118.4, 20.59, 100, 0, 0, 141, 35, 35, 5.108, 0.824, 0, 96, 0, 0, 99.5, 82.535, 0, 1.3, 0, 0, 
17.15, 17.844, 100.31, 73.72, 74.578, , -2.956, 0.987, 1524.573, 1524.573, 4.272, -67.4, -67.4, -67.4, 52.394, 58.21, 36.131, 35.046, 7.377, 14.307, 0, 0, -14.466, -14.658, -14.466, -14.658, 1, 81.533, 81.533, 0.024, 0.135, -17.78, -18.017, -17.78, -18.017, 6.686, 7.377, 14.307, , , 1, 16.804, 0, 0, 11.3, 4.272, 187, 0, 0, 0, 55, 3.833, 3.558, 118.4, 20.628, 100, 0, 0, 35, 35, 5.012, 0.82, 96, 0, 0, 99.5, 82.342, 0, 0, 0, 0, 0, 13.5, 0, 11.3, 0, 4.272, 187, 0, 0, 0, 55, 1, 0.004, 0.004, 118.4, 20.628, 100, 0, 0, 141, 35, 35, 5.004, 0.82, 0, 96, 0, 0, 99.5, 82.342, 0, 1.3, 0, 0, 
17.2, 17.845, 100.31, 73.72, 74.579, , -2.777, 0.987, 1530.559, 1530.559, 4.263, -63.138, -63.138, -63.138, 52.388, 58.258, 35.842, 35.06, 7.377, 14.352, 0, 0, -13.528, -13.709, -13.528, -13.709, 1, 81.391, 81.391, 0.024, 0.135, -16.657, -16.878, -16.657, -16.878, 6.654, 7.377, 14.352, , , 1, 16.853, 0, 0, 11.31, 4.263, 187, 0, 0, 0, 55.098, 3.858, 3.597, 118.4, 20.704, 100, 0, 0, 35, 35, 5.098, 0.824, 96.392, 0, 0, 99.941, 82.209, 0, 0, 0, 0, 0, 13.5, 0, 11.31, 0, 4.263, 187, 0, 0, 0, 55.098, 1, 0.004, 0.004, 118.4, 20.704, 100, 0, 0, 141, 35, 35, 5.1, 0.824, 0, 96.392, 0, 0, 99.941, 82.209, 0, 1.3, 0, 0, 
17.25, 17.846, 100.31, 73.72, 74.581, , -2.695, 0.987, 1536.546, 1536.546, 4.255, -61.205, -61.205, -61.205, 52.378, 58.306, 35.518, 35.06, 7.378, 14.306, 0, 0, -13.089, -13.266, -13.089, -13.266, 1, 81.253, 81.253, 0.024, 0.134, -16.15, -16.366, -16.15, -16.366, 6.648, 7.378, 14.306, , , 1, 16.903, 0, 0, 11.32, 4.255, 187, 0, 0, 0, 55.202, 3.881, 3.637, 118.4, 20.78, 100, 0, 0, 35, 35, 5.202, 0.828, 96.808, 0, 0, 100.409, 82.079, 0, 0, 0, 0, 0, 13.5, 0, 11.32, 0, 4.255, 187, 0, 0, 0, 55.202, 1, 0.004, 0.004, 118.4, 20.78, 100, 0, 0, 141, 35, 35, 5.203, 0.828, 0, 96.808, 0, 0, 100.409, 82.079, 0, 1.3, 0, 0, 
17.3, 17.846, 100.31, 73.72, 74.583, , -2.628, 0.987, 1542.534, 1542.534, 4.247, -59.628, -59.628, -59.628, 52.365, 58.354, 35.194, 35.06, 7.378, 14.254, 0, 0, -12.729, -12.901, -12.729, -12.901, 1, 81.119, 81.119, 0.024, 0.134, -15.738, -15.949, -15.738, -15.949, 6.644, 7.378, 14.254, , , 1, 16.953, 0, 0, 11.331, 4.247, 187, 0, 0, 0, 55.306, 3.905, 3.676, 118.4, 20.857, 100, 0, 0, 35, 35, 5.306, 0.832, 97.225, 0, 0, 100.878, 81.95, 0, 0, 0, 0, 0, 13.5, 0, 11.331, 0, 4.247, 187, 0, 0, 0, 55.306, 1, 0.004, 0.004, 118.4, 20.857, 100, 0, 0, 141, 35, 35, 5.307, 0.832, 0, 97.225, 0, 0, 100.878, 81.95, 0, 1.3, 0, 0, 
17.35, 17.847, 100.31, 73.72, 74.584, , -2.426, 0.987, 1548.452, 1548.452, 4.239, -54.822, -54.822, -54.822, 52.347, 58.402, 34.87, 35.06, 7.379, 14.089, 0, 0, -11.685, -11.843, -11.685, -11.843, 1, 80.991, 80.991, 0.024, 0.134, -14.475, -14.668, -14.475, -14.668, 6.64, 7.379, 14.089, , , 1, 17.003, 0, 0, 11.341, 4.239, 187, 0, 0, 0, 55.41, 3.929, 3.716, 118.4, 20.934, 100, 0, 0, 35, 35, 5.41, 0.836, 97.642, 0, 0, 101.347, 81.821, 0, 0, 0, 0, 0, 13.5, 0, 11.341, 0, 4.239, 187, 0, 0, 0, 55.41, 1, 0.004, 0.004, 118.4, 20.934, 100, 0, 0, 141, 35, 35, 5.411, 0.836, 0, 97.642, 0, 0, 101.347, 81.821, 0, 1.3, 0, 0, 
17.4, 17.848, 100.31, 73.72, 74.586, , -2.417, 0.987, 1554.388, 1554.388, 4.231, -54.622, -54.622, -54.622, 52.323, 58.449, 34.546, 35.06, 7.381, 13.914, 0, 0, -11.621, -11.777, -11.621, -11.777, 1, 80.872, 80.872, 0.024, 0.134, -14.43, -14.621, -14.43, -14.621, 6.636, 7.381, 13.914, , , 1, 17.053, 0, 0, 11.353, 4.231, 187, 0, 0, 0, 55.529, 3.958, 3.758, 118.4, 21.043, 100, 0, 0, 35, 35, 5.529, 0.841, 98.088, 0, 0, 101.845, 81.692, 0, 0, 0, 0, 0, 13.5, 0, 11.353, 0, 4.231, 187, 0, 0, 0, 55.529, 1, 0.004, 0.004, 118.4, 21.043, 100, 0, 0, 141, 35, 35, 5.529, 0.841, 0, 98.088, 0, 0, 101.845, 81.692, 0, 1.3, 0, 0, 
17.45, 17.849, 100.31, 73.72, 74.587, , -2.687, 0.987, 1560.375, 1560.375, 4.222, -61.037, -61.037, -61.037, 52.299, 58.497, 34.454, 35.159, 7.382, 13.728, 0, 0, -12.965, -13.139, -12.965, -13.139, 1, 80.744, 80.744, 0.024, 0.134, -16.131, -16.346, -16.131, -16.346, 6.646, 7.382, 13.728, , , 1, 17.103, 0, 0, 11.374, 4.222, 187, 0, 0, 0, 55.738, 4.012, 3.812, 118.4, 21.352, 100, 0, 0, 35, 35, 5.738, 0.847, 98.715, 0, 0, 102.525, 81.563, 0, 0, 0, 0, 0, 13.5, 0, 11.374, 0, 4.222, 187, 0, 0, 0, 55.738, 1, 0.004, 0.004, 118.4, 21.352, 100, 0, 0, 141, 35, 35, 5.738, 0.847, 0, 98.715, 0, 0, 102.525, 81.563, 0, 1.3, 0, 0, 
17.5, 17.849, 100.31, 73.72, 74.589, , -2.555, 0.987, 1566.314, 1566.314, 4.213, -57.915, -57.915, -57.915, 52.274, 58.545, 34.382, 35.267, 7.384, 13.54, 0, 0, -12.287, -12.45, -12.287, -12.45, 1, 80.611, 80.611, 0.024, 0.134, -15.312, -15.516, -15.312, -15.516, 6.664, 7.384, 13.54, , , 1, 17.153, 0, 0, 11.395, 4.213, 187, 0, 0, 0, 55.948, 4.066, 3.866, 118.4, 21.66, 100, 0, 0, 35, 35, 5.948, 0.853, 99.343, 0, 0, 103.205, 81.434, 0, 0, 0, 0, 0, 13.5, 0, 11.395, 0, 4.213, 187, 0, 0, 0, 55.948, 1, 0.004, 0.004, 118.4, 21.66, 100, 0, 0, 141, 35, 35, 5.948, 0.853, 0, 99.343, 0, 0, 103.205, 81.434, 0, 1.3, 0, 0, 
17.55, 17.85, 100.31, 73.72, 74.59, , -2.269, 0.987, 1572.229, 1572.229, 4.203, -51.114, -51.114, -51.114, 52.237, 58.593, 34.31, 35.375, 7.384, 13.337, 0, 0, -10.83, -10.973, -10.83, -10.973, 1, 80.491, 80.491, 0.024, 0.134, -13.522, -13.701, -13.522, -13.701, 6.682, 7.384, 13.337, , , 1, 17.203, 0, 0, 11.416, 4.203, 187, 0, 0, 0, 56.157, 4.121, 3.92, 118.4, 21.969, 100, 0, 0, 35, 35, 6.157, 0.86, 99.971, 0, 0, 103.885, 81.304, 0, 0, 0, 0, 0, 13.5, 0, 11.416, 0, 4.203, 187, 0, 0, 0, 56.157, 1, 0.004, 0.004, 118.4, 21.969, 100, 0, 0, 141, 35, 35, 6.157, 0.86, 0, 99.971, 0, 0, 103.885, 81.304, 0, 1.3, 0, 0, 
17.6, 17.851, 100.31, 73.72, 74.591, , -2.181, 0.987, 1578.106, 1578.106, 4.194, -49.042, -49.042, -49.042, 52.185, 58.641, 34.238, 35.483, 7.384, 13.133, 0, 0, -10.378, -10.517, -10.378, -10.517, 1, 80.38, 80.38, 0.024, 0.134, -12.983, -13.156, -12.983, -13.156, 6.699, 7.384, 13.133, , , 1, 17.253, 0, 0, 11.437, 4.194, 187, 0, 0, 0, 56.366, 4.175, 3.974, 118.4, 22.278, 100, 0, 0, 35, 35, 6.366, 0.866, 100.598, 0, 0, 104.565, 81.175, 0, 0, 0, 0, 0, 13.5, 0, 11.437, 0, 4.194, 187, 0, 0, 0, 56.366, 1, 0.004, 0.004, 118.4, 22.278, 100, 0, 0, 141, 35, 35, 6.366, 0.866, 0, 100.598, 0, 0, 104.565, 81.175, 0, 1.3, 0, 0, 
17.65, 17.852, 100.31, 73.72, 74.592, , -2.047, 0.987, 1584.06, 1584.06, 4.187, -45.873, -45.873, -45.873, 52.138, 58.688, 34.166, 35.591, 7.383, 12.98, 0, 0, -9.698, -9.827, -9.698, -9.827, 1, 80.273, 80.273, 0.024, 0.134, -12.153, -12.315, -12.153, -12.315, 6.703, 7.383, 12.98, , , 1, 17.303, 0.019, 0, 11.465, 4.187, 187, 0, 0, 0, 56.612, 4.261, 4.038, 118.4, 22.586, 100, 0, 0, 35, 35, 6.575, 0.872, 101.15, 0, 0, 105.188, 81.068, 0, 0, 0.019, 0, 0, 13.5, 0, 11.465, 0, 4.187, 187, 0, 0, 0, 56.612, 1, 0.004, 0.004, 118.4, 22.586, 100, 0, 0, 141, 35, 35, 6.575, 0.872, 0, 101.15, 0, 0, 105.188, 81.068, 0, 1.3, 0, 0, 
17.7, 17.852, 100.31, 73.72, 74.592, , -1.649, 0.987, 1589.897, 1589.897, 4.185, -36.436, -36.436, -36.436, 52.115, 58.736, 34.458, 35.567, 7.382, 12.836, 0, 0, -7.694, -7.796, -7.694, -7.796, 1, 80.178, 80.178, 0.024, 0.134, -9.66, -9.789, -9.66, -9.789, 6.688, 7.382, 12.836, , , 1, 17.354, 0.071, 0, 11.507, 4.185, 187, 0, 0, 0, 56.925, 4.403, 4.122, 118.4, 22.893, 100, 0, 0, 35, 35, 6.783, 0.878, 101.567, 0, 0, 105.708, 81.003, 0, 0, 0.071, 0, 0, 13.5, 0, 11.507, 0, 4.185, 187, 0, 0, 0, 56.925, 1, 0.004, 0.004, 118.4, 22.893, 100, 0, 0, 141, 35, 35, 6.783, 0.878, 0, 101.567, 0, 0, 105.708, 81.003, 0, 1.3, 0, 0, 
17.75, 17.853, 100.31, 73.72, 74.593, , -1.317, 0.987, 1595.819, 1595.819, 4.183, -28.546, -28.546, -28.546, 52.118, 58.784, 34.782, 35.531, 7.381, 12.709, 0, 0, -6.021, -6.1, -6.021, -6.1, 1, 80.107, 80.107, 0.024, 0.134, -7.572, -7.674, -7.572, -7.674, 6.673, 7.381, 12.709, , , 1, 17.403, 0.123, 0, 11.548, 4.183, 187, 0, 0, 0, 57.238, 4.544, 4.205, 118.4, 23.2, 100, 0, 0, 35, 35, 6.992, 0.885, 101.983, 0, 0, 106.229, 80.939, 0, 0, 0.123, 0, 0, 13.5, 0, 11.548, 0, 4.183, 187, 0, 0, 0, 57.238, 1, 0.004, 0.004, 118.4, 23.2, 100, 0, 0, 141, 35, 35, 6.992, 0.885, 0, 101.983, 0, 0, 106.229, 80.939, 0, 1.3, 0, 0, 
17.8, 17.854, 100.31, 73.72, 74.594, , -1.183, 0.987, 1601.689, 1601.689, 4.181, -25.382, -25.382, -25.382, 52.152, 58.832, 35.106, 35.495, 7.38, 12.585, 0, 0, -5.35, -5.42, -5.35, -5.42, 1, 80.045, 80.045, 0.024, 0.134, -6.73, -6.822, -6.73, -6.822, 6.657, 7.38, 12.585, , , 1, 17.453, 0.175, 0, 11.59, 4.181, 187, 0, 0, 0, 57.55, 4.686, 4.288, 118.4, 23.508, 100, 0, 0, 35, 35, 7.2, 0.891, 102.4, 0, 0, 106.75, 80.874, 0, 0, 0.175, 0, 0, 13.5, 0, 11.59, 0, 4.181, 187, 0, 0, 0, 57.55, 1, 0.004, 0.004, 118.4, 23.508, 100, 0, 0, 141, 35, 35, 7.2, 0.891, 0, 102.4, 0, 0, 106.75, 80.874, 0, 1.3, 0, 0, 
17.85, 17.855, 100.31, 73.72, 74.595, , -1.083, 0.987, 1607.553, 1607.553, 4.178, -23.005, -23.005, -23.005, 52.22, 58.88, 35.43, 35.459, 7.38, 12.453, 0, 0, -4.847, -4.909, -4.847, -4.909, 1, 79.987, 79.987, 0.024, 0.134, -6.095, -6.178, -6.095, -6.178, 6.642, 7.38, 12.453, , , 1, 17.504, 0.227, 0, 11.632, 4.178, 187, 0, 0, 0, 57.862, 4.828, 4.372, 118.4, 23.815, 100, 0, 0, 35, 35, 7.408, 0.897, 102.817, 0, 0, 107.271, 80.81, 0, 0, 0.227, 0, 0, 13.5, 0, 11.632, 0, 4.178, 187, 0, 0, 0, 57.862, 1, 0.004, 0.004, 118.4, 23.815, 100, 0, 0, 141, 35, 35, 7.408, 0.897, 0, 102.817, 0, 0, 107.271, 80.81, 0, 1.3, 0, 0, 
17.9, 17.855, 100.31, 73.72, 74.595, , -0.648, 0.987, 1613.48, 1613.48, 4.183, -12.673, -12.673, -12.673, 52.33, 58.927, 35.754, 35.423, 7.38, 12.32, 0, 0, -2.67, -2.703, -2.67, -2.703, 1, 79.94, 79.94, 0.024, 0.134, -3.361, -3.406, -3.361, -3.406, 6.627, 7.38, 12.32, , , 1, 17.553, 0.27, 0, 11.701, 4.183, 187, 0, 0, 0, 58.255, 4.959, 4.45, 118.4, 23.997, 100, 0, 0, 35, 35, 7.691, 0.907, 103.127, 0, 0, 107.755, 80.78, 0, 0, 0.27, 0, 0, 13.5, 0, 11.701, 0, 4.183, 187, 0, 0, 0, 58.255, 1, 0.005, 0.005, 118.4, 23.997, 100, 0, 0, 141, 35, 35, 7.691, 0.907, 0, 103.127, 0, 0, 107.755, 80.78, 0, 1.3, 0, 0, 
17.95, 17.856, 100.31, 73.72, 74.596, , -0.237, 0.987, 1619.319, 1619.319, 4.192, -2.935, -2.935, -2.935, 52.446, 58.975, 35.747, 35.486, 7.38, 12.155, 0, 0, -0.619, -0.626, -0.619, -0.626, 1, 79.921, 79.921, 0.024, 0.134, -0.791, -0.802, -0.791, -0.802, 6.611, 7.38, 12.155, , , 1, 17.603, 0.307, 0, 11.792, 4.192, 187, 0, 0, 0, 58.709, 5.081, 4.524, 118.4, 24.081, 100, 0, 0, 35, 35, 8.032, 0.921, 103.355, 0, 0, 108.209, 80.78, 0, 0, 0.307, 0, 0, 13.5, 0, 11.792, 0, 4.192, 187, 0, 0, 0, 58.709, 1, 0.005, 0.005, 118.4, 24.081, 100, 0, 0, 141, 35, 35, 8.032, 0.921, 0, 103.355, 0, 0, 108.209, 80.78, 0, 1.3, 0, 0, 
18, 17.857, 100.31, 73.72, 74.597, , -0.055, 0.987, 1625.156, 1625.156, 4.202, 1.39, 1.39, 1.39, 52.564, 59.023, 35.711, 35.558, 7.38, 11.981, 0, 0, 0.291, 0.296, 0.291, 0.296, 1, 79.914, 79.914, 0.024, 0.134, 0.353, 0.357, 0.353, 0.357, 6.596, 7.38, 11.981, , , 1, 17.654, 0.343, 0, 11.883, 4.202, 187, 0, 0, 0, 59.164, 5.204, 4.598, 118.4, 24.165, 100, 0, 0, 35, 35, 8.373, 0.935, 103.582, 0, 0, 108.664, 80.78, 0, 0, 0.343, 0, 0, 13.5, 0, 11.883, 0, 4.202, 187, 0, 0, 0, 59.164, 1, 0.005, 0.005, 118.4, 24.165, 100, 0, 0, 141, 35, 35, 8.373, 0.935, 0, 103.582, 0, 0, 108.664, 80.78, 0, 1.3, 0, 0, 
18.05, 17.858, 100.31, 73.72, 74.598, , 0.135, 0.987, 1630.993, 1630.993, 4.211, 5.901, 5.901, 5.901, 52.69, 59.071, 35.675, 35.63, 7.38, 11.81, 0, 0, 1.24, 1.256, 1.24, 1.256, 1, 79.916, 79.916, 0.024, 0.134, 1.539, 1.56, 1.539, 1.56, 6.578, 7.38, 11.81, , , 1, 17.703, 0.379, 0, 11.974, 4.211, 187, 0, 0, 0, 59.618, 5.327, 4.673, 118.4, 24.249, 100, 0, 0, 35, 35, 8.714, 0.948, 103.809, 0, 0, 109.118, 80.78, 0, 0, 0.379, 0, 0, 13.5, 0, 11.974, 0, 4.211, 187, 0, 0, 0, 59.618, 1, 0.005, 0.005, 118.4, 24.249, 100, 0, 0, 141, 35, 35, 8.714, 0.948, 0, 103.809, 0, 0, 109.118, 80.78, 0, 1.3, 0, 0, 
18.1, 17.858, 100.31, 73.72, 74.598, , 0.389, 0.987, 1636.832, 1636.832, 4.219, 11.914, 11.914, 11.914, 52.804, 59.119, 35.639, 35.702, 7.38, 11.64, 0, 0, 2.506, 2.538, 2.506, 2.538, 1, 79.929, 79.929, 0.024, 0.135, 3.115, 3.159, 3.115, 3.159, 6.552, 7.38, 11.64, , , 1, 17.753, 0.402, 0, 12.062, 4.219, 187, 0, 0, 0, 60.052, 5.43, 4.737, 118.4, 24.391, 100, 0, 0, 35, 35, 9.035, 0.961, 104.009, 0, 0, 109.526, 80.78, 0, 0, 0.402, 0, 0, 13.5, 0, 12.062, 0, 4.219, 187, 0, 0, 0, 60.052, 1, 0.005, 0.005, 118.4, 24.391, 100, 0, 0, 141, 35, 35, 9.035, 0.961, 0, 104.009, 0, 0, 109.526, 80.78, 0, 1.3, 0, 0, 
18.15, 17.859, 100.31, 73.72, 74.599, , 0.527, 0.987, 1642.76, 1642.76, 4.218, 15.187, 15.187, 15.187, 52.863, 59.166, 35.603, 35.774, 7.38, 11.509, 0, 0, 3.195, 3.236, 3.195, 3.236, 1, 79.954, 79.954, 0.024, 0.135, 3.973, 4.027, 3.973, 4.027, 6.525, 7.38, 11.509, , , 1, 17.803, 0.352, 0, 12.138, 4.218, 187, 0, 0, 0, 60.378, 5.427, 4.749, 118.4, 24.832, 100, 0, 0, 35, 35, 9.252, 0.97, 104.063, 0, 0, 109.689, 80.78, 0, 0, 0.352, 0, 0, 13.5, 0, 12.138, 0, 4.218, 187, 0, 0, 0, 60.378, 1, 0.005, 0.005, 118.4, 24.832, 100, 0, 0, 141, 35, 35, 9.252, 0.97, 0, 104.063, 0, 0, 109.689, 80.78, 0, 1.3, 0, 0, 
18.2, 17.86, 100.31, 73.72, 74.6, , 0.418, 0.987, 1648.624, 1648.624, 4.217, 12.609, 12.609, 12.609, 52.866, 59.214, 35.898, 35.681, 7.38, 11.391, 0, 0, 2.653, 2.688, 2.653, 2.688, 1, 79.979, 79.979, 0.024, 0.135, 3.297, 3.341, 3.297, 3.341, 6.498, 7.38, 11.391, , , 1, 17.853, 0.302, 0, 12.214, 4.217, 187, 0, 0, 0, 60.704, 5.425, 4.761, 118.4, 25.273, 100, 0, 0, 35, 35, 9.47, 0.979, 104.117, 0, 0, 109.852, 80.78, 0, 0, 0.302, 0, 0, 13.5, 0, 12.214, 0, 4.217, 187, 0, 0, 0, 60.704, 1, 0.005, 0.005, 118.4, 25.273, 100, 0, 0, 141, 35, 35, 9.47, 0.979, 0, 104.117, 0, 0, 109.852, 80.78, 0, 1.3, 0, 0, 
18.25, 17.861, 100.31, 73.72, 74.601, , 0.457, 0.987, 1654.461, 1654.461, 4.216, 13.532, 13.532, 13.532, 52.819, 59.262, 36.222, 35.573, 7.38, 11.329, 0, 0, 2.849, 2.886, 2.849, 2.886, 1, 80, 80, 0.024, 0.135, 3.543, 3.591, 3.543, 3.591, 6.472, 7.38, 11.329, , , 1, 17.904, 0.252, 0, 12.29, 4.216, 187, 0, 0, 0, 61.03, 5.423, 4.773, 118.4, 25.715, 100, 0, 0, 35, 35, 9.687, 0.987, 104.172, 0, 0, 110.015, 80.78, 0, 0, 0.252, 0, 0, 13.5, 0, 12.29, 0, 4.216, 187, 0, 0, 0, 61.03, 1, 0.005, 0.005, 118.4, 25.715, 100, 0, 0, 141, 35, 35, 9.687, 0.987, 0, 104.172, 0, 0, 110.015, 80.78, 0, 1.3, 0, 0, 
18.3, 17.862, 100.31, 73.72, 74.602, , 0.555, 0.987, 1660.299, 1660.299, 4.214, 15.851, 15.851, 15.851, 52.714, 59.31, 36.546, 35.465, 7.38, 11.29, 0, 0, 3.338, 3.382, 3.338, 3.382, 1, 80.025, 80.025, 0.024, 0.135, 4.158, 4.214, 4.158, 4.214, 6.446, 7.38, 11.29, , , 1, 17.954, 0.202, 0, 12.367, 4.214, 187, 0, 0, 0, 61.357, 5.421, 4.785, 118.4, 26.156, 100, 0, 0, 35, 35, 9.904, 0.996, 104.226, 0, 0, 110.178, 80.78, 0, 0, 0.202, 0, 0, 13.5, 0, 12.367, 0, 4.214, 187, 0, 0, 0, 61.357, 1, 0.005, 0.005, 118.4, 26.156, 100, 0, 0, 141, 35, 35, 9.904, 0.996, 0, 104.226, 0, 0, 110.178, 80.78, 0, 1.3, 0, 0, 
18.35, 17.862, 100.31, 73.72, 74.602, , 0.626, 0.987, 1666.136, 1666.136, 4.211, 17.543, 17.543, 17.543, 52.567, 59.358, 36.87, 35.357, 7.38, 11.29, 0, 0, 3.697, 3.746, 3.697, 3.746, 1, 80.054, 80.054, 0.024, 0.135, 4.616, 4.677, 4.616, 4.677, 6.42, 7.38, 11.29, , , 1, 18.004, 0.162, 0, 12.412, 4.211, 187, 0, 0, 0, 61.558, 5.398, 4.788, 118.4, 26.565, 100, 0, 0, 35, 35, 10, 1.003, 104.367, 0, 0, 110.338, 80.816, 0, 0, 0.162, 0, 0, 13.5, 0, 12.412, 0, 4.211, 187, 0, 0, 0, 61.558, 1, 0.005, 0.005, 118.4, 26.565, 100, 0, 0, 141, 35, 35, 10, 1.003, 0, 104.367, 0, 0, 110.338, 80.816, 0, 1.3, 0, 0, 
18.4, 17.863, 100.31, 73.72, 74.603, , 0.706, 0.987, 1672.09, 1672.09, 4.207, 19.433, 19.433, 19.433, 52.433, 59.405, 37.194, 35.249, 7.38, 11.305, 0, 0, 4.097, 4.151, 4.097, 4.151, 1, 80.088, 80.088, 0.024, 0.135, 5.126, 5.195, 5.126, 5.195, 6.394, 7.38, 11.305, , , 1, 18.053, 0.131, 0, 12.433, 4.207, 187, 0, 0, 0, 61.662, 5.359, 4.785, 118.4, 26.95, 100, 0, 0, 35, 35, 10, 1.01, 104.575, 0, 0, 110.494, 80.88, 0, 0, 0.131, 0, 0, 13.5, 0, 12.433, 0, 4.207, 187, 0, 0, 0, 61.662, 1, 0.005, 0.005, 118.4, 26.95, 100, 0, 0, 141, 35, 35, 10, 1.01, 0, 104.575, 0, 0, 110.494, 80.88, 0, 1.3, 0, 0, 
18.45, 17.864, 100.31, 73.72, 74.604, , 0.787, 0.987, 1677.928, 1677.928, 4.202, 21.379, 21.379, 21.379, 52.334, 59.453, 36.955, 35.472, 7.38, 11.355, 0, 0, 4.509, 4.568, 4.509, 4.568, 1, 80.125, 80.125, 0.024, 0.135, 5.646, 5.724, 5.646, 5.724, 6.374, 7.38, 11.355, , , 1, 18.103, 0.1, 0, 12.453, 4.202, 187, 0, 0, 0, 61.767, 5.319, 4.782, 118.4, 27.334, 100, 0, 0, 35, 35, 10, 1.016, 104.783, 0, 0, 110.65, 80.945, 0, 0, 0.1, 0, 0, 13.5, 0, 12.453, 0, 4.202, 187, 0, 0, 0, 61.767, 1, 0.005, 0.005, 118.4, 27.334, 100, 0, 0, 141, 35, 35, 10, 1.016, 0, 104.783, 0, 0, 110.65, 80.945, 0, 1.3, 0, 0, 
18.5, 17.865, 100.309, 73.72, 74.605, , 0.84, 0.987, 1683.765, 1683.765, 4.197, 22.619, 22.619, 22.619, 52.272, 59.501, 36.667, 35.724, 7.38, 11.421, 0, 0, 4.773, 4.836, 4.773, 4.836, 1, 80.165, 80.165, 0.024, 0.135, 5.98, 6.062, 5.98, 6.062, 6.374, 7.38, 11.421, , , 1, 18.154, 0.069, 0, 12.474, 4.197, 187, 0, 0, 0, 61.871, 5.28, 4.779, 118.4, 27.718, 100, 0, 0, 35, 35, 10, 1.022, 104.992, 0, 0, 110.806, 81.009, 0, 0, 0.069, 0, 0, 13.5, 0, 12.474, 0, 4.197, 187, 0, 0, 0, 61.871, 1, 0.005, 0.005, 118.4, 27.718, 100, 0, 0, 141, 35, 35, 10, 1.022, 0, 104.992, 0, 0, 110.806, 81.009, 0, 1.3, 0, 0, 
18.55, 17.865, 100.309, 73.72, 74.605, , 0.943, 0.987, 1689.602, 1689.602, 4.192, 25.068, 25.068, 25.068, 52.248, 59.549, 36.379, 35.976, 7.38, 11.501, 0, 0, 5.293, 5.362, 5.293, 5.362, 1, 80.21, 80.21, 0.024, 0.135, 6.631, 6.721, 6.631, 6.721, 6.374, 7.38, 11.501, , , 1, 18.203, 0.037, 0, 12.495, 4.192, 187, 0, 0, 0, 61.975, 5.24, 4.776, 118.4, 28.103, 100, 0, 0, 35, 35, 10, 1.028, 105.2, 0, 0, 110.962, 81.073, 0, 0, 0.037, 0, 0, 13.5, 0, 12.495, 0, 4.192, 187, 0, 0, 0, 61.975, 1, 0.005, 0.005, 118.4, 28.103, 100, 0, 0, 141, 35, 35, 10, 1.028, 0, 105.2, 0, 0, 110.962, 81.073, 0, 1.3, 0, 0, 
18.6, 17.866, 100.309, 73.72, 74.606, , 1.03, 0.987, 1695.557, 1695.557, 4.192, 27.132, 27.132, 27.132, 52.25, 59.597, 36.091, 36.228, 7.379, 11.587, 0, 0, 5.732, 5.807, 5.732, 5.807, 1, 80.261, 80.261, 0.024, 0.135, 7.176, 7.273, 7.176, 7.273, 6.374, 7.379, 11.587, , , 1, 18.253, 0.028, 0, 12.5, 4.192, 187, 0, 0, 0, 62, 5.233, 4.788, 118.4, 28.224, 100, 0, 0, 35, 35, 10, 1.032, 105.369, 0, 0, 111.079, 81.138, 0, 0, 0.028, 0, 0, 13.5, 0, 12.5, 0, 4.192, 187, 0, 0, 0, 62, 1, 0.005, 0.005, 118.4, 28.224, 100, 0, 0, 141, 35, 35, 10, 1.032, 0, 105.369, 0, 0, 111.079, 81.138, 0, 1.3, 0, 0, 
18.65, 17.867, 100.308, 73.72, 74.607, , 1.07, 0.987, 1701.394, 1701.394, 4.194, 28.081, 28.081, 28.081, 52.255, 59.644, 35.803, 36.48, 7.379, 11.672, 0, 0, 5.937, 6.013, 5.937, 6.013, 1, 80.313, 80.313, 0.024, 0.134, 7.426, 7.528, 7.426, 7.528, 6.374, 7.379, 11.672, , , 1, 18.304, 0.026, 0, 12.5, 4.194, 187, 0, 0, 0, 62, 5.237, 4.806, 118.4, 28.263, 100, 0, 0, 35, 35, 10, 1.034, 105.525, 0, 0, 111.183, 81.202, 0, 0, 0.026, 0, 0, 13.5, 0, 12.5, 0, 4.194, 187, 0, 0, 0, 62, 1, 0.005, 0.005, 118.4, 28.263, 100, 0, 0, 141, 35, 35, 10, 1.034, 0, 105.525, 0, 0, 111.183, 81.202, 0, 1.3, 0, 0, 
18.7, 17.868, 100.308, 73.72, 74.608, , 1.107, 0.987, 1707.231, 1707.231, 4.196, 28.958, 28.958, 28.958, 52.254, 59.692, 35.548, 36.467, 7.379, 11.755, 0, 0, 6.126, 6.206, 6.126, 6.206, 1, 80.366, 80.366, 0.024, 0.135, 7.66, 7.763, 7.66, 7.763, 6.382, 7.379, 11.755, , , 1, 18.353, 0.024, 0, 12.5, 4.196, 187, 0, 0, 0, 62, 5.241, 4.824, 118.4, 28.301, 100, 0, 0, 35, 35, 10, 1.036, 105.681, 0, 0, 111.288, 81.267, 0, 0, 0.024, 0, 0, 13.5, 0, 12.5, 0, 4.196, 187, 0, 0, 0, 62, 1, 0.005, 0.005, 118.4, 28.301, 100, 0, 0, 141, 35, 35, 10, 1.036, 0, 105.681, 0, 0, 111.288, 81.267, 0, 1.3, 0, 0, 
18.75, 17.868, 100.308, 73.72, 74.608, , 1.161, 0.987, 1713.168, 1713.168, 4.198, 30.247, 30.247, 30.247, 52.246, 59.74, 35.296, 36.431, 7.379, 11.82, 0, 0, 6.403, 6.487, 6.403, 6.487, 1, 80.425, 80.425, 0.024, 0.135, 8.002, 8.11, 8.002, 8.11, 6.391, 7.379, 11.82, , , 1, 18.403, 0.022, 0, 12.5, 4.198, 187, 0, 0, 0, 62, 5.246, 4.841, 118.4, 28.34, 100, 0, 0, 35, 35, 10, 1.038, 105.838, 0, 0, 111.392, 81.332, 0, 0, 0.022, 0, 0, 13.5, 0, 12.5, 0, 4.198, 187, 0, 0, 0, 62, 1, 0.005, 0.005, 118.4, 28.34, 100, 0, 0, 141, 35, 35, 10, 1.038, 0, 105.838, 0, 0, 111.392, 81.332, 0, 1.3, 0, 0, 
18.8, 17.869, 100.307, 73.72, 74.609, , 1.186, 0.987, 1719.023, 1719.023, 4.2, 30.841, 30.841, 30.841, 52.232, 59.788, 35.044, 36.395, 7.379, 11.874, 0, 0, 6.533, 6.619, 6.533, 6.619, 1, 80.483, 80.483, 0.024, 0.135, 8.162, 8.271, 8.162, 8.271, 6.4, 7.379, 11.874, , , 1, 18.454, 0.02, 0, 12.5, 4.2, 187, 0, 0, 0, 62, 5.25, 4.859, 118.4, 28.378, 100, 0, 0, 35, 35, 10, 1.04, 105.994, 0, 0, 111.496, 81.396, 0, 0, 0.02, 0, 0, 13.5, 0, 12.5, 0, 4.2, 187, 0, 0, 0, 62, 1, 0.005, 0.005, 118.4, 28.378, 100, 0, 0, 141, 35, 35, 10, 1.04, 0, 105.994, 0, 0, 111.496, 81.396, 0, 1.3, 0, 0, 
18.85, 17.87, 100.307, 73.72, 74.61, , 1.201, 0.987, 1724.902, 1724.902, 4.202, 31.191, 31.191, 31.191, 52.216, 59.836, 34.792, 36.359, 7.38, 11.916, 0, 0, 6.612, 6.699, 6.612, 6.699, 1, 80.543, 80.543, 0.024, 0.135, 8.257, 8.367, 8.257, 8.367, 6.409, 7.38, 11.916, , , 1, 18.504, 0.016, 0, 12.5, 4.202, 187, 0, 0, 0, 62, 5.248, 4.847, 118.4, 28.451, 100, 0, 0, 35, 35, 10, 1.04, 106, 0, 0, 111.5, 81.4, 0, 0, 0.016, 0, 0, 13.5, 0, 12.5, 0, 4.202, 187, 0, 0, 0, 62, 1, 0.005, 0.005, 118.4, 28.451, 100, 0, 0, 141, 35, 35, 10, 1.04, 0, 106, 0, 0, 111.5, 81.4, 0, 1.3, 0, 0, 
18.9, 17.871, 100.306, 73.72, 74.609, , 1.212, 0.987, 1730.814, 1730.814, 4.203, 31.462, 31.462, 31.462, 52.202, 59.883, 34.54, 36.323, 7.381, 11.949, 0, 0, 6.674, 6.762, 6.674, 6.762, 1, 80.602, 80.602, 0.024, 0.135, 8.331, 8.442, 8.331, 8.442, 6.415, 7.381, 11.949, , , 1, 18.554, 0.012, 0, 12.5, 4.203, 187, 0, 0, 0, 62, 5.246, 4.833, 118.4, 28.525, 100, 0, 0, 35, 35, 10, 1.04, 106, 0, 0, 111.5, 81.4, 0, 0, 0.012, 0, 0, 13.5, 0, 12.5, 0, 4.203, 187, 0, 0, 0, 62, 1, 0.005, 0.005, 118.4, 28.525, 100, 0, 0, 141, 35, 35, 10, 1.04, 0, 106, 0, 0, 111.5, 81.4, 0, 1.3, 0, 0, 
18.95, 17.872, 100.306, 73.72, 74.609, , 1.24, 0.987, 1736.757, 1736.757, 4.205, 32.131, 32.131, 32.131, 52.192, 59.931, 34.817, 36.584, 7.383, 11.982, 0, 0, 6.82, 6.91, 6.82, 6.91, 1, 80.663, 80.663, 0.024, 0.135, 8.51, 8.623, 8.51, 8.623, 6.422, 7.383, 11.982, , , 1, 18.604, 0.008, 0, 12.5, 4.205, 187, 0, 0, 0, 62, 5.244, 4.819, 118.4, 28.599, 100, 0, 0, 35, 35, 10, 1.04, 106, 0, 0, 111.5, 81.4, 0, 0, 0.008, 0, 0, 13.5, 0, 12.5, 0, 4.205, 187, 0, 0, 0, 62, 1, 0.005, 0.005, 118.4, 28.599, 100, 0, 0, 141, 35, 35, 10, 1.04, 0, 106, 0, 0, 111.5, 81.4, 0, 1.3, 0, 0, 
19, 17.873, 100.306, 73.72, 74.608, , 1.224, 0.987, 1742.606, 1742.606, 4.206, 31.745, 31.745, 31.745, 52.184, 59.979, 35.14, 36.871, 7.384, 12.014, 0, 0, 6.744, 6.832, 6.744, 6.832, 1, 80.724, 80.724, 0.024, 0.135, 8.41, 8.52, 8.41, 8.52, 6.428, 7.384, 12.014, , , 1, 18.653, 0.004, 0, 12.5, 4.206, 187, 0, 0, 0, 62, 5.242, 4.805, 118.4, 28.673, 100, 0, 0, 35, 35, 10, 1.04, 106, 0, 0, 111.5, 81.4, 0, 0, 0.004, 0, 0, 13.5, 0, 12.5, 0, 4.206, 187, 0, 0, 0, 62, 1, 0.005, 0.005, 118.4, 28.673, 100, 0, 0, 141, 35, 35, 10, 1.04, 0, 106, 0, 0, 111.5, 81.4, 0, 1.3, 0, 0, 
19.05, 17.874, 100.305, 73.72, 74.607, , 1.196, 0.987, 1748.492, 1748.492, 4.208, 31.082, 31.082, 31.082, 52.18, 44.73, 35.462, 37.158, 7.385, 12.042, 0, 0, 6.608, 6.694, 6.608, 6.694, 1, 80.785, 80.785, 0.024, 0.135, 8.236, 8.341, 8.236, 8.341, 6.434, 7.385, 12.042, , , 1, 18.703, 0, 0, 12.5, 4.208, 187, 0, 0, 0, 62, 5.24, 4.791, 118.4, 28.747, 100, 0, 0, 35, 35, 10, 1.04, 106, 0, 0, 111.5, 81.4, 0, 0, 0, 0, 0, 13.5, 0, 12.5, 0, 4.208, 187, 0, 0, 0, 62, 1, 0.005, 0.005, 118.4, 28.747, 100, 0, 0, 141, 35, 35, 10, 1.04, 0, 106, 0, 0, 111.5, 81.4, 0, 1.3, 0, 0, 
19.1, 17.876, 100.305, 73.72, 74.606, , 1.197, 0.987, 1754.399, 1754.399, 4.211, 31.121, 31.121, 31.121, 52.18, 49.796, 35.785, 37.444, 7.386, 12.068, 0, 0, 6.622, 6.708, 6.622, 6.708, 1, 80.844, 80.844, 0.024, 0.135, 8.245, 8.351, 8.245, 8.351, 6.444, 7.386, 12.068, , , 1, 18.753, 0, 0, 12.5, 4.211, 187, 0, 0, 0, 62.178, 5.258, 4.834, 118.4, 28.75, 100, 0, 0, 35, 35, 10.178, 1.042, 106.267, 0, 0, 111.767, 81.51, 0, 0, 0, 0, 0, 13.5, 0, 12.5, 0, 4.211, 187, 0, 0, 0, 62.178, 1, 0.005, 0.005, 118.4, 28.75, 100, 0, 0, 141, 35, 35, 10.178, 1.042, 0, 106.267, 0, 0, 111.767, 81.51, 0, 1.3, 0, 0, 
19.15, 17.877, 100.305, 73.72, 74.606, , 1.227, 0.987, 1760.348, 1760.348, 4.214, 31.827, 31.827, 31.827, 52.183, 51.482, 36.108, 37.731, 7.386, 12.086, 0, 0, 6.776, 6.866, 6.776, 6.866, 1, 80.906, 80.906, 0.024, 0.135, 8.432, 8.54, 8.432, 8.54, 6.454, 7.386, 12.086, , , 1, 18.803, 0, 0, 12.5, 4.214, 187, 0, 0, 0, 62.363, 5.276, 4.881, 118.4, 28.75, 100, 0, 0, 35, 35, 10.363, 1.044, 106.544, 0, 0, 112.044, 81.625, 0, 0, 0, 0, 0, 13.5, 0, 12.5, 0, 4.214, 187, 0, 0, 0, 62.363, 1, 0.005, 0.005, 118.4, 28.75, 100, 0, 0, 141, 35, 35, 10.363, 1.044, 0, 106.544, 0, 0, 112.044, 81.625, 0, 1.3, 0, 0, 
19.2, 17.878, 100.304, 73.72, 74.605, , 1.236, 0.987, 1766.308, 1766.308, 4.217, 32.053, 32.053, 32.053, 52.186, 52.235, 36.075, 37.174, 7.385, 12.097, 0, 0, 6.83, 6.921, 6.83, 6.921, 1, 80.968, 80.968, 0.024, 0.135, 8.492, 8.601, 8.492, 8.601, 6.464, 7.385, 12.097, , , 1, 18.853, 0, 0, 12.5, 4.217, 187, 0, 0, 0, 62.548, 5.295, 4.927, 118.4, 28.75, 100, 0, 0, 35, 35, 10.548, 1.045, 106.822, 0, 0, 112.322, 81.74, 0, 0, 0, 0, 0, 13.5, 0, 12.5, 0, 4.217, 187, 0, 0, 0, 62.548, 1, 0.005, 0.005, 118.4, 28.75, 100, 0, 0, 141, 35, 35, 10.548, 1.045, 0, 106.822, 0, 0, 112.322, 81.74, 0, 1.3, 0, 0, 
19.25, 17.879, 100.304, 73.72, 74.604, , 1.25, 0.987, 1772.202, 1772.202, 4.22, 32.372, 32.372, 32.372, 52.191, 52.987, 36.003, 36.524, 7.383, 12.106, 0, 0, 6.903, 6.997, 6.903, 6.997, 1, 81.029, 81.029, 0.024, 0.134, 8.575, 8.687, 8.575, 8.687, 6.474, 7.383, 12.106, , , 1, 18.903, 0, 0, 12.5, 4.22, 187, 0, 0, 0, 62.733, 5.313, 4.973, 118.4, 28.75, 100, 0, 0, 35, 35, 10.733, 1.047, 107.1, 0, 0, 112.6, 81.855, 0, 0, 0, 0, 0, 13.5, 0, 12.5, 0, 4.22, 187, 0, 0, 0, 62.733, 1, 0.005, 0.005, 118.4, 28.75, 100, 0, 0, 141, 35, 35, 10.733, 1.047, 0, 107.1, 0, 0, 112.6, 81.855, 0, 1.3, 0, 0, 
19.3, 17.88, 100.303, 73.72, 74.603, , 1.269, 0.987, 1778.099, 1778.099, 4.224, 32.837, 32.837, 32.837, 52.197, 53.74, 35.93, 35.873, 7.382, 12.113, 0, 0, 7.007, 7.103, 7.007, 7.103, 1, 81.091, 81.091, 0.024, 0.134, 8.696, 8.811, 8.696, 8.811, 6.483, 7.382, 12.113, , , 1, 18.953, 0, 0, 12.5, 4.224, 187, 0, 0, 0, 62.919, 5.332, 5.02, 118.4, 28.75, 100, 0, 0, 35, 35, 10.919, 1.049, 107.378, 0, 0, 112.878, 81.969, 0, 0, 0, 0, 0, 13.5, 0, 12.5, 0, 4.224, 187, 0, 0, 0, 62.919, 1, 0.005, 0.005, 118.4, 28.75, 100, 0, 0, 141, 35, 35, 10.919, 1.049, 0, 107.378, 0, 0, 112.878, 81.969, 0, 1.3, 0, 0, 
19.35, 17.881, 100.303, 73.72, 74.602, , 1.304, 0.987, 1784.056, 1784.056, 4.227, 33.652, 33.652, 33.652, 52.204, 54.492, 35.858, 35.223, 7.38, 12.123, 0, 0, 7.187, 7.285, 7.187, 7.285, 1, 81.156, 81.156, 0.024, 0.135, 8.91, 9.03, 8.91, 9.03, 6.491, 7.38, 12.123, , , 1, 19.003, 0, 0, 12.522, 4.227, 187, 0, 0, 0, 63, 5.338, 5.028, 118.4, 28.791, 100, 0, 0, 35, 35, 11, 1.051, 107.5, 0, 0, 113, 82.055, 0, 0, 0, 0, 0, 13.5, 0, 12.522, 0, 4.227, 187, 0, 0, 0, 63, 1, 0.005, 0.005, 118.4, 28.791, 100, 0, 0, 141, 35, 35, 11, 1.051, 0, 107.5, 0, 0, 113, 82.055, 0, 1.289, 0, 0, 
19.4, 17.882, 100.303, 73.72, 74.602, , 1.314, 0.987, 1790.007, 1790.007, 4.231, 33.901, 33.901, 33.901, 52.212, 55.245, 35.786, 34.572, 7.379, 12.136, 0, 0, 7.246, 7.345, 7.246, 7.345, 1, 81.22, 81.22, 0.024, 0.135, 8.974, 9.095, 8.974, 9.095, 6.498, 7.379, 12.136, , , 1, 19.053, 0, 0, 12.562, 4.231, 187, 0, 0, 0, 63, 5.334, 5.007, 118.4, 28.865, 100, 0, 0, 35, 35, 11, 1.053, 107.5, 0, 0, 113, 82.116, 0, 0, 0, 0, 0, 13.5, 0, 12.562, 0, 4.231, 187, 0, 0, 0, 63, 1, 0.005, 0.005, 118.4, 28.865, 100, 0, 0, 141, 35, 35, 11, 1.053, 0, 107.5, 0, 0, 113, 82.116, 0, 1.269, 0, 0, 
19.45, 17.884, 100.302, 73.72, 74.601, , 1.338, 0.987, 1795.911, 1795.911, 4.235, 34.483, 34.483, 34.483, 52.217, 55.997, 35.78, 34.619, 7.378, 12.156, 0, 0, 7.377, 7.478, 7.377, 7.478, 1, 81.285, 81.285, 0.024, 0.135, 9.126, 9.249, 9.126, 9.249, 6.505, 7.378, 12.156, , , 1, 19.103, 0, 0, 12.602, 4.235, 187, 0, 0, 0, 63, 5.33, 4.986, 118.4, 28.939, 100, 0, 0, 35, 35, 11, 1.055, 107.5, 0, 0, 113, 82.178, 0, 0, 0, 0, 0, 13.5, 0, 12.602, 0, 4.235, 187, 0, 0, 0, 63, 1, 0.005, 0.005, 118.4, 28.939, 100, 0, 0, 141, 35, 35, 11, 1.055, 0, 107.5, 0, 0, 113, 82.178, 0, 1.249, 0, 0, 
19.5, 17.885, 100.302, 73.72, 74.6, , 1.349, 0.987, 1801.897, 1801.897, 4.239, 34.734, 34.734, 34.734, 52.223, 56.75, 35.78, 34.727, 7.377, 12.183, 0, 0, 7.438, 7.538, 7.438, 7.538, 1, 81.353, 81.353, 0.024, 0.135, 9.19, 9.316, 9.19, 9.316, 6.509, 7.377, 12.183, , , 1, 19.153, 0, 0, 12.642, 4.239, 187, 0, 0, 0, 63, 5.326, 4.966, 118.4, 29.013, 100, 0, 0, 35, 35, 11, 1.057, 107.5, 0, 0, 113, 82.24, 0, 0, 0, 0, 0, 13.5, 0, 12.642, 0, 4.239, 187, 0, 0, 0, 63, 1, 0.005, 0.005, 118.4, 29.013, 100, 0, 0, 141, 35, 35, 11, 1.057, 0, 107.5, 0, 0, 113, 82.24, 0, 1.229, 0, 0, 
19.55, 17.886, 100.301, 73.72, 74.599, , 1.375, 0.987, 1807.869, 1807.869, 4.243, 35.361, 35.361, 35.361, 52.228, 57.502, 35.78, 34.835, 7.377, 12.209, 0, 0, 7.578, 7.68, 7.578, 7.68, 1, 81.421, 81.421, 0.024, 0.135, 9.356, 9.483, 9.356, 9.483, 6.502, 7.377, 12.209, , , 1, 19.203, 0, 0, 12.682, 4.243, 187, 0, 0, 0, 63, 5.322, 4.945, 118.4, 29.087, 100, 0, 0, 35, 35, 11, 1.059, 107.5, 0, 0, 113, 82.302, 0, 0, 0, 0, 0, 13.5, 0, 12.682, 0, 4.243, 187, 0, 0, 0, 63, 1, 0.005, 0.005, 118.4, 29.087, 100, 0, 0, 141, 35, 35, 11, 1.059, 0, 107.5, 0, 0, 113, 82.302, 0, 1.209, 0, 0, 
19.6, 17.887, 100.301, 73.72, 74.599, , 1.402, 0.987, 1813.752, 1813.752, 4.248, 36.002, 36.002, 36.002, 52.233, 58.255, 35.78, 34.943, 7.377, 12.233, 0, 0, 7.722, 7.825, 7.722, 7.825, 1, 81.49, 81.49, 0.024, 0.134, 9.525, 9.655, 9.525, 9.655, 6.495, 7.377, 12.233, , , 1, 19.253, 0, 0, 12.694, 4.248, 187, 0, 0, 0, 63.116, 5.339, 4.938, 118.4, 29.12, 100, 0, 0, 35, 35, 11, 1.061, 107.674, 0, 0, 113.145, 82.365, 0, 0, 0, 0, 0, 13.5, 0, 12.694, 0, 4.248, 187, 0, 0, 0, 63.116, 1, 0.005, 0.005, 118.4, 29.12, 100, 0, 0, 141, 35, 35, 11, 1.061, 0, 107.674, 0, 0, 113.145, 82.365, 0, 1.2, 0, 0, 
19.65, 17.888, 100.301, 73.72, 74.598, , 1.408, 0.987, 1819.739, 1819.739, 4.254, 36.138, 36.138, 36.138, 52.234, 59.007, 35.78, 35.051, 7.377, 12.255, 0, 0, 7.758, 7.861, 7.758, 7.861, 1, 81.561, 81.561, 0.024, 0.134, 9.562, 9.692, 9.562, 9.692, 6.488, 7.377, 12.255, , , 1, 19.303, 0, 0, 12.684, 4.254, 187, 0, 0, 0, 63.324, 5.373, 4.943, 118.4, 29.12, 100, 0, 0, 35, 35, 11, 1.063, 107.985, 0, 0, 113.405, 82.429, 0, 0, 0, 0, 0, 13.5, 0, 12.684, 0, 4.254, 187, 0, 0, 0, 63.324, 1, 0.005, 0.005, 118.4, 29.12, 100, 0, 0, 141, 35, 35, 11, 1.063, 0, 107.985, 0, 0, 113.405, 82.429, 0, 1.2, 0, 0, 
19.7, 17.889, 100.3, 73.72, 74.597, , 1.411, 0.987, 1825.726, 1825.726, 4.259, 36.215, 36.215, 36.215, 52.234, 59.76, 35.681, 35.093, 7.377, 12.274, 0, 0, 7.782, 7.885, 7.782, 7.885, 1, 81.632, 81.632, 0.024, 0.134, 9.583, 9.713, 9.583, 9.713, 6.484, 7.377, 12.274, , , 1, 19.353, 0, 0, 12.673, 4.259, 187, 0, 0, 0, 63.531, 5.408, 4.948, 118.4, 29.12, 100, 0, 0, 35, 35, 11, 1.065, 108.297, 0, 0, 113.664, 82.494, 0, 0, 0, 0, 0, 13.5, 0, 12.673, 0, 4.259, 187, 0, 0, 0, 63.531, 1, 0.005, 0.005, 118.4, 29.12, 100, 0, 0, 141, 35, 35, 11, 1.065, 0, 108.297, 0, 0, 113.664, 82.494, 0, 1.2, 0, 0, 
19.75, 17.89, 100.3, 73.72, 74.596, , 1.408, 0.987, 1831.714, 1831.714, 4.265, 36.148, 36.148, 36.148, 52.231, 60.512, 35.573, 35.129, 7.377, 12.287, 0, 0, 7.774, 7.877, 7.774, 7.877, 1, 81.702, 81.702, 0.024, 0.134, 9.567, 9.695, 9.567, 9.695, 6.49, 7.377, 12.287, , , 1, 19.403, 0, 0, 12.663, 4.265, 187, 0, 0, 0, 63.739, 5.442, 4.953, 118.4, 29.12, 100, 0, 0, 35, 35, 11, 1.067, 108.608, 0, 0, 113.923, 82.559, 0, 0, 0, 0, 0, 13.5, 0, 12.663, 0, 4.265, 187, 0, 0, 0, 63.739, 1, 0.005, 0.005, 118.4, 29.12, 100, 0, 0, 141, 35, 35, 11, 1.067, 0, 108.608, 0, 0, 113.923, 82.559, 0, 1.2, 0, 0, 
19.8, 17.892, 100.3, 73.72, 74.596, , 1.397, 0.987, 1837.701, 1837.701, 4.27, 35.888, 35.888, 35.888, 52.226, 61.265, 35.465, 35.165, 7.377, 12.293, 0, 0, 7.725, 7.827, 7.725, 7.827, 1, 81.771, 81.771, 0.024, 0.134, 9.5, 9.626, 9.5, 9.626, 6.496, 7.377, 12.293, , , 1, 19.453, 0, 0, 12.653, 4.27, 187, 0, 0, 0, 63.946, 5.476, 4.959, 118.4, 29.12, 100, 0, 0, 35, 35, 11, 1.069, 108.919, 0, 0, 114.183, 82.623, 0, 0, 0, 0, 0, 13.5, 0, 12.653, 0, 4.27, 187, 0, 0, 0, 63.946, 1, 0.005, 0.005, 118.4, 29.12, 100, 0, 0, 141, 35, 35, 11, 1.069, 0, 108.919, 0, 0, 114.183, 82.623, 0, 1.2, 0, 0, 
19.85, 17.893, 100.3, 73.72, 74.595, , 1.386, 0.987, 1843.687, 1843.687, 4.273, 35.636, 35.636, 35.636, 52.22, 62.017, 35.357, 35.201, 7.377, 12.295, 0, 0, 7.676, 7.778, 7.676, 7.778, 1, 81.841, 81.841, 0.024, 0.134, 9.434, 9.559, 9.434, 9.559, 6.502, 7.377, 12.295, , , 1, 19.503, 0, 0, 12.658, 4.273, 187, 0, 0, 0, 64, 5.492, 4.955, 118.4, 29.177, 100, 0, 0, 35, 35, 11, 1.07, 109, 0, 0, 114.211, 82.64, 0, 0, 0, 0, 0, 13.5, 0, 12.658, 0, 4.273, 187, 0, 0, 0, 64, 1, 0.006, 0.005, 118.4, 29.177, 100, 0, 0, 141, 35, 35, 11, 1.07, 0, 109, 0, 0, 114.211, 82.64, 0, 1.2, 0, 0, 
19.9, 17.894, 100.3, 73.72, 74.594, , 1.372, 0.987, 1849.675, 1849.675, 4.274, 35.308, 35.308, 35.308, 52.216, 62.77, 35.249, 35.237, 7.377, 12.291, 0, 0, 7.611, 7.712, 7.611, 7.712, 1, 81.91, 81.91, 0.024, 0.135, 9.348, 9.471, 9.348, 9.471, 6.508, 7.377, 12.291, , , 1, 19.553, 0, 0, 12.668, 4.274, 187, 0, 0, 0, 64, 5.501, 4.949, 118.4, 29.255, 100, 0, 0, 35, 35, 11, 1.07, 109, 0, 0, 114.159, 82.64, 0, 0, 0, 0, 0, 13.5, 0, 12.668, 0, 4.274, 187, 0, 0, 0, 64, 1, 0.006, 0.005, 118.4, 29.255, 100, 0, 0, 141, 35, 35, 11, 1.07, 0, 109, 0, 0, 114.159, 82.64, 0, 1.2, 0, 0, 
19.95, 17.895, 100.3, 73.72, 74.593, , 1.35, 0.987, 1855.663, 1855.663, 4.276, 34.774, 34.774, 34.774, 52.212, 63.522, 35.24, 35.24, 7.377, 12.286, 0, 0, 7.502, 7.601, 7.502, 7.601, 1, 81.978, 81.978, 0.024, 0.135, 9.206, 9.328, 9.206, 9.328, 6.517, 7.377, 12.286, , , 1, 19.603, 0, 0, 12.679, 4.276, 187, 0, 0, 0, 64, 5.511, 4.943, 118.4, 29.332, 100, 0, 0, 35, 35, 11, 1.07, 109, 0, 0, 114.107, 82.64, 0, 0, 0, 0, 0, 13.5, 0, 12.679, 0, 4.276, 187, 0, 0, 0, 64, 1, 0.006, 0.005, 118.4, 29.332, 100, 0, 0, 141, 35, 35, 11, 1.07, 0, 109, 0, 0, 114.107, 82.64, 0, 1.2, 0, 0, 
20, 17.896, 100.3, 73.72, 74.593, , 1.323, 0.987, 1861.649, 1861.649, 4.277, 34.128, 34.128, 34.128, 52.212, 64.275, 35.24, 35.24, 7.378, 12.277, 0, 0, 7.369, 7.465, 7.369, 7.465, 1, 82.044, 82.044, 0.024, 0.135, 9.035, 9.155, 9.035, 9.155, 6.525, 7.378, 12.277, , , 1, 19.653, 0, 0, 12.689, 4.277, 187, 0, 0, 0, 64, 5.52, 4.937, 118.4, 29.409, 100, 0, 0, 35, 35, 11, 1.07, 109, 0, 0, 114.054, 82.64, 0, 0, 0, 0, 0, 13.5, 0, 12.689, 0, 4.277, 187, 0, 0, 0, 64, 1, 0.006, 0.005, 118.4, 29.409, 100, 0, 0, 141, 35, 35, 11, 1.07, 0, 109, 0, 0, 114.054, 82.64, 0, 1.2, 0, 0, 
20.05, 17.897, 100.3, 73.72, 74.592, , 1.319, 0.987, 1867.637, 1867.637, 4.279, 34.036, 34.036, 34.036, 52.213, 65.027, 35.24, 35.24, 7.378, 12.269, 0, 0, 7.355, 7.451, 7.355, 7.451, 1, 82.111, 82.111, 0.024, 0.135, 9.011, 9.129, 9.011, 9.129, 6.534, 7.378, 12.269, , , 1, 19.703, 0, 0, 12.7, 4.279, 187, 0, 0, 0, 64, 5.53, 4.93, 118.4, 29.487, 100, 0, 0, 35, 35, 11, 1.07, 109, 0, 0, 114.002, 82.64, 0, 0, 0, 0, 0, 13.5, 0, 12.7, 0, 4.279, 187, 0, 0, 0, 64, 1, 0.006, 0.005, 118.4, 29.487, 100, 0, 0, 141, 35, 35, 11, 1.07, 0, 109, 0, 0, 114.002, 82.64, 0, 1.2, 0, 0, 
20.1, 17.898, 100.3, 73.72, 74.591, , 1.345, 0.987, 1873.625, 1873.625, 4.282, 34.672, 34.672, 34.672, 52.214, 65.78, 35.24, 35.24, 7.379, 12.262, 0, 0, 7.499, 7.598, 7.499, 7.598, 1, 82.177, 82.177, 0.024, 0.136, 9.179, 9.3, 9.179, 9.3, 6.542, 7.379, 12.262, , , 1, 19.752, 0, 0, 12.7, 4.282, 187, 0, 0, 0, 64, 5.526, 4.943, 118.4, 29.49, 100, 0, 0, 35, 35, 11, 1.07, 108.904, 0, 0, 114, 82.759, 0, 0, 0, 0, 0, 13.5, 0, 12.7, 0, 4.282, 187, 0, 0, 0, 64, 1, 0.006, 0.005, 118.4, 29.49, 100, 0, 0, 141, 35, 35, 11, 1.07, 0, 108.904, 0, 0, 114, 82.759, 0, 1.2, 0, 0, 
20.15, 17.9, 100.3, 73.72, 74.59, , 1.358, 0.987, 1879.672, 1879.672, 4.286, 34.971, 34.971, 34.971, 52.214, 66.532, 35.24, 35.24, 7.379, 12.259, 0, 0, 7.57, 7.67, 7.57, 7.67, 1, 82.244, 82.244, 0.024, 0.136, 9.257, 9.381, 9.257, 9.381, 6.549, 7.379, 12.259, , , 1, 19.803, 0, 0, 12.7, 4.286, 187, 0, 0, 0, 64, 5.522, 4.957, 118.4, 29.49, 100, 0, 0, 35, 35, 11, 1.07, 108.804, 0, 0, 114, 82.883, 0, 0, 0, 0, 0, 13.5, 0, 12.7, 0, 4.286, 187, 0, 0, 0, 64, 1, 0.006, 0.005, 118.4, 29.49, 100, 0, 0, 141, 35, 35, 11, 1.07, 0, 108.804, 0, 0, 114, 82.883, 0, 1.2, 0, 0, 
20.2, 17.9, 100.3, 73.72, 74.59, , 1.353, 0.987, 1885.719, 1885.719, 4.29, 34.861, 34.861, 34.861, 52.212, 67.285, 35.297, 35.749, 7.38, 12.26, 0, 0, 7.551, 7.651, 7.551, 7.651, 1, 82.312, 82.312, 0.024, 0.136, 9.229, 9.352, 9.229, 9.352, 6.556, 7.38, 12.26, , , 1, 19.853, 0, 0, 12.7, 4.29, 187, 0, 0, 0, 64, 5.518, 4.971, 118.4, 29.49, 100, 0, 0, 35, 35, 11, 1.07, 108.704, 0, 0, 114, 83.007, 0, 0, 0, 0, 0, 13.5, 0, 12.7, 0, 4.29, 187, 0, 0, 0, 64, 1, 0.006, 0.005, 118.4, 29.49, 100, 0, 0, 141, 35, 35, 11, 1.07, 0, 108.704, 0, 0, 114, 83.007, 0, 1.2, 0, 0, 
20.25, 17.901, 100.3, 73.72, 74.591, , 1.365, 0.987, 1891.706, 1891.706, 4.293, 35.151, 35.151, 35.151, 52.21, 68.037, 35.371, 36.418, 7.38, 12.262, 0, 0, 7.62, 7.722, 7.62, 7.722, 1, 82.381, 82.381, 0.024, 0.135, 9.306, 9.432, 9.306, 9.432, 6.563, 7.38, 12.262, , , 1, 19.904, 0, 0, 12.7, 4.293, 187, 0, 0, 0, 64, 5.514, 4.985, 118.4, 29.49, 100, 0, 0, 35, 35, 11, 1.07, 108.604, 0, 0, 114, 83.131, 0, 0, 0, 0, 0, 13.5, 0, 12.7, 0, 4.293, 187, 0, 0, 0, 64, 1, 0.006, 0.005, 118.4, 29.49, 100, 0, 0, 141, 35, 35, 11, 1.07, 0, 108.604, 0, 0, 114, 83.131, 0, 1.2, 0, 0, 
20.3, 17.902, 100.3, 73.72, 74.592, , 1.392, 0.987, 1897.737, 1897.737, 4.297, 35.777, 35.777, 35.777, 52.205, 68.79, 35.445, 37.088, 7.379, 12.266, 0, 0, 7.762, 7.866, 7.762, 7.866, 1, 82.45, 82.45, 0.024, 0.135, 9.472, 9.6, 9.472, 9.6, 6.569, 7.379, 12.266, , , 1, 19.954, 0, 0, 12.7, 4.297, 187, 0, 0, 0, 64, 5.51, 4.999, 118.4, 29.49, 100, 0, 0, 35, 35, 11, 1.07, 108.504, 0, 0, 114, 83.255, 0, 0, 0, 0, 0, 13.5, 0, 12.7, 0, 4.297, 187, 0, 0, 0, 64, 1, 0.006, 0.005, 118.4, 29.49, 100, 0, 0, 141, 35, 35, 11, 1.07, 0, 108.504, 0, 0, 114, 83.255, 0, 1.2, 0, 0, 
20.35, 17.903, 100.3, 73.72, 74.593, , 1.391, 0.987, 1903.799, 1903.799, 4.302, 35.758, 35.758, 35.758, 52.2, 69.542, 35.52, 37.757, 7.379, 12.269, 0, 0, 7.764, 7.868, 7.764, 7.868, 1, 82.52, 82.52, 0.024, 0.135, 9.469, 9.595, 9.469, 9.595, 6.576, 7.379, 12.269, , , 1, 20.003, 0, 0, 12.69, 4.302, 187, 0, 0, 0, 64, 5.51, 4.993, 118.4, 29.526, 100, 0, 0, 35, 35, 11.096, 1.068, 108.644, 0, 0, 114.144, 83.32, 0, 0, 0, 0, 0, 13.5, 0, 12.69, 0, 4.302, 187, 0, 0, 0, 64, 1, 0.006, 0.005, 118.4, 29.526, 100, 0, 0, 141, 35, 35, 11.096, 1.068, 0, 108.644, 0, 0, 114.144, 83.32, 0, 1.2, 0, 0, 
20.4, 17.904, 100.3, 73.72, 74.594, , 1.377, 0.987, 1909.787, 1909.787, 4.307, 35.424, 35.424, 35.424, 52.196, 70.295, 35.594, 38.426, 7.379, 12.271, 0, 0, 7.699, 7.8, 7.699, 7.8, 1, 82.589, 82.589, 0.024, 0.135, 9.381, 9.507, 9.381, 9.507, 6.582, 7.379, 12.271, , , 1, 20.053, 0, 0, 12.68, 4.307, 187, 0, 0, 0, 64, 5.51, 4.986, 118.4, 29.563, 100, 0, 0, 35, 35, 11.196, 1.066, 108.794, 0, 0, 114.294, 83.383, 0, 0, 0, 0, 0, 13.5, 0, 12.68, 0, 4.307, 187, 0, 0, 0, 64, 1, 0.006, 0.005, 118.4, 29.563, 100, 0, 0, 141, 35, 35, 11.196, 1.066, 0, 108.794, 0, 0, 114.294, 83.383, 0, 1.2, 0, 0, 
20.45, 17.904, 100.3, 73.72, 74.594, , 1.392, 0.987, 1915.894, 1915.894, 4.312, 35.798, 35.798, 35.798, 52.193, 71.047, 35.6, 38.248, 7.379, 12.272, 0, 0, 7.788, 7.891, 7.788, 7.891, 1, 82.656, 82.656, 0.024, 0.135, 9.479, 9.607, 9.479, 9.607, 6.589, 7.379, 12.272, , , 1, 20.103, 0, 0, 12.67, 4.312, 187, 0, 0, 0, 64, 5.51, 4.979, 118.4, 29.6, 100, 0, 0, 35, 35, 11.296, 1.064, 108.944, 0, 0, 114.444, 83.446, 0, 0, 0, 0, 0, 13.5, 0, 12.67, 0, 4.312, 187, 0, 0, 0, 64, 1, 0.006, 0.005, 118.4, 29.6, 100, 0, 0, 141, 35, 35, 11.296, 1.064, 0, 108.944, 0, 0, 114.444, 83.446, 0, 1.2, 0, 0, 
20.5, 17.905, 100.3, 73.72, 74.595, , 1.41, 0.987, 1921.88, 1921.88, 4.316, 36.216, 36.216, 36.216, 52.191, 71.8, 35.6, 37.996, 7.379, 12.269, 0, 0, 7.885, 7.99, 7.885, 7.99, 1, 82.727, 82.727, 0.024, 0.135, 9.59, 9.718, 9.59, 9.718, 6.596, 7.379, 12.269, , , 1, 20.153, 0, 0, 12.66, 4.316, 187, 0, 0, 0, 64, 5.51, 4.972, 118.4, 29.637, 100, 0, 0, 35, 35, 11.396, 1.062, 109.094, 0, 0, 114.594, 83.509, 0, 0, 0, 0, 0, 13.5, 0, 12.66, 0, 4.316, 187, 0, 0, 0, 64, 1, 0.006, 0.005, 118.4, 29.637, 100, 0, 0, 141, 35, 35, 11.396, 1.062, 0, 109.094, 0, 0, 114.594, 83.509, 0, 1.2, 0, 0, 
20.55, 17.906, 100.3, 73.72, 74.596, , 1.386, 0.987, 1927.969, 1927.969, 4.321, 35.664, 35.664, 35.664, 52.19, 72.552, 35.6, 37.744, 7.379, 12.266, 0, 0, 7.771, 7.876, 7.771, 7.876, 1, 82.797, 82.797, 0.024, 0.134, 9.444, 9.571, 9.444, 9.571, 6.596, 7.379, 12.266, , , 1, 20.203, 0, 0, 12.65, 4.321, 187, 0, 0, 0, 64, 5.51, 4.965, 118.4, 29.674, 100, 0, 0, 35, 35, 11.496, 1.06, 109.244, 0, 0, 114.744, 83.572, 0, 0, 0, 0, 0, 13.5, 0, 12.65, 0, 4.321, 187, 0, 0, 0, 64, 1, 0.006, 0.005, 118.4, 29.674, 100, 0, 0, 141, 35, 35, 11.496, 1.06, 0, 109.244, 0, 0, 114.744, 83.572, 0, 1.2, 0, 0, 
20.6, 17.907, 100.3, 73.72, 74.597, , 1.358, 0.987, 1933.991, 1933.991, 4.325, 35.001, 35.001, 35.001, 52.193, 73.305, 35.6, 37.492, 7.38, 12.262, 0, 0, 7.633, 7.736, 7.633, 7.736, 1, 82.865, 82.865, 0.024, 0.134, 9.268, 9.392, 9.268, 9.392, 6.584, 7.38, 12.262, , , 1, 20.253, 0, 0, 12.629, 4.325, 187, 0, 0, 0, 64, 5.519, 4.98, 118.4, 29.675, 100, 0, 0, 35, 35, 11.604, 1.062, 109.407, 0, 0, 114.907, 83.641, 0, 0, 0, 0, 0, 13.5, 0, 12.629, 0, 4.325, 187, 0, 0, 0, 64, 1, 0.006, 0.005, 118.4, 29.675, 100, 0, 0, 141, 35, 35, 11.604, 1.062, 0, 109.407, 0, 0, 114.907, 83.641, 0, 1.2, 0, 0, 
20.65, 17.907, 100.3, 73.72, 74.597, , 1.371, 0.987, 1940.081, 1940.081, 4.329, 35.312, 35.312, 35.312, 52.197, 74.057, 35.6, 37.24, 7.38, 12.256, 0, 0, 7.707, 7.812, 7.707, 7.812, 1, 82.934, 82.934, 0.024, 0.134, 9.35, 9.475, 9.35, 9.475, 6.571, 7.38, 12.256, , , 1, 20.303, 0, 0, 12.607, 4.329, 187, 0, 0, 0, 64, 5.529, 4.995, 118.4, 29.675, 100, 0, 0, 35, 35, 11.713, 1.064, 109.57, 0, 0, 115.07, 83.709, 0, 0, 0, 0, 0, 13.5, 0, 12.607, 0, 4.329, 187, 0, 0, 0, 64, 1, 0.006, 0.005, 118.4, 29.675, 100, 0, 0, 141, 35, 35, 11.713, 1.064, 0, 109.57, 0, 0, 115.07, 83.709, 0, 1.2, 0, 0, 
20.7, 17.908, 100.3, 73.72, 74.598, , 1.362, 0.987, 1946.157, 1946.157, 4.333, 35.084, 35.084, 35.084, 52.201, 74.81, 35.401, 37.121, 7.379, 12.246, 0, 0, 7.662, 7.767, 7.662, 7.767, 1, 83.003, 83.003, 0.024, 0.134, 9.29, 9.412, 9.29, 9.412, 6.559, 7.379, 12.246, , , 1, 20.353, 0, 0, 12.586, 4.333, 187, 0, 0, 0, 64, 5.539, 5.01, 118.4, 29.675, 100, 0, 0, 35, 35, 11.822, 1.066, 109.733, 0, 0, 115.233, 83.778, 0, 0, 0, 0, 0, 13.5, 0, 12.586, 0, 4.333, 187, 0, 0, 0, 64, 1, 0.006, 0.005, 118.4, 29.675, 100, 0, 0, 141, 35, 35, 11.822, 1.066, 0, 109.733, 0, 0, 115.233, 83.778, 0, 1.2, 0, 0, 
20.75, 17.909, 100.3, 73.72, 74.599, , 1.339, 0.987, 1952.179, 1952.179, 4.337, 34.541, 34.541, 34.541, 52.207, 75.562, 35.185, 37.013, 7.379, 12.235, 0, 0, 7.549, 7.652, 7.549, 7.652, 1, 83.07, 83.07, 0.024, 0.134, 9.145, 9.265, 9.145, 9.265, 6.544, 7.379, 12.235, , , 1, 20.403, 0, 0, 12.564, 4.337, 187, 0, 0, 0, 64, 5.549, 5.025, 118.4, 29.675, 100, 0, 0, 35, 35, 11.93, 1.069, 109.896, 0, 0, 115.396, 83.846, 0, 0, 0, 0, 0, 13.5, 0, 12.564, 0, 4.337, 187, 0, 0, 0, 64, 1, 0.006, 0.005, 118.4, 29.675, 100, 0, 0, 141, 35, 35, 11.93, 1.069, 0, 109.896, 0, 0, 115.396, 83.846, 0, 1.2, 0, 0, 
20.8, 17.91, 100.3, 73.72, 74.6, , 1.326, 0.987, 1958.323, 1958.323, 4.34, 34.251, 34.251, 34.251, 52.215, 76.315, 34.969, 36.905, 7.379, 12.216, 0, 0, 7.491, 7.593, 7.491, 7.593, 1, 83.135, 83.135, 0.024, 0.134, 9.067, 9.186, 9.067, 9.186, 6.525, 7.379, 12.216, , , 1, 20.453, 0, 0, 12.546, 4.34, 187, 0, 0, 0, 64, 5.556, 5.041, 118.4, 29.675, 100, 0, 0, 35, 35, 12, 1.071, 110, 0, 0, 115.5, 83.915, 0, 0, 0, 0, 0, 13.5, 0, 12.546, 0, 4.34, 187, 0, 0, 0, 64, 1, 0.006, 0.005, 118.4, 29.675, 100, 0, 0, 141, 35, 35, 12, 1.071, 0, 110, 0, 0, 115.5, 83.915, 0, 1.2, 0, 0, 
20.85, 17.91, 100.3, 73.72, 74.6, , 1.351, 0.987, 1964.389, 1964.389, 4.344, 34.844, 34.844, 34.844, 52.22, 77.067, 34.753, 36.797, 7.378, 12.196, 0, 0, 7.627, 7.731, 7.627, 7.731, 1, 83.201, 83.201, 0.024, 0.134, 9.223, 9.344, 9.223, 9.344, 6.505, 7.378, 12.196, , , 1, 20.503, 0, 0, 12.535, 4.344, 187, 0, 0, 0, 64, 5.558, 5.058, 118.4, 29.675, 100, 0, 0, 35, 35, 12, 1.073, 110, 0, 0, 115.5, 83.986, 0, 0, 0, 0, 0, 13.5, 0, 12.535, 0, 4.344, 187, 0, 0, 0, 64, 1, 0.006, 0.005, 118.4, 29.675, 100, 0, 0, 141, 35, 35, 12, 1.073, 0, 110, 0, 0, 115.5, 83.986, 0, 1.2, 0, 0, 
20.9, 17.911, 100.3, 73.72, 74.601, , 1.357, 0.987, 1970.491, 1970.491, 4.348, 34.976, 34.976, 34.976, 52.222, 77.82, 34.537, 36.689, 7.378, 12.168, 0, 0, 7.663, 7.766, 7.663, 7.766, 1, 83.269, 83.269, 0.024, 0.134, 9.257, 9.378, 9.257, 9.378, 6.486, 7.378, 12.168, , , 1, 20.553, 0, 0, 12.523, 4.348, 187, 0, 0, 0, 64, 5.56, 5.075, 118.4, 29.675, 100, 0, 0, 35, 35, 12, 1.075, 110, 0, 0, 115.5, 84.056, 0, 0, 0, 0, 0, 13.5, 0, 12.523, 0, 4.348, 187, 0, 0, 0, 64, 1, 0.006, 0.005, 118.4, 29.675, 100, 0, 0, 141, 35, 35, 12, 1.075, 0, 110, 0, 0, 115.5, 84.056, 0, 1.2, 0, 0, 
20.95, 17.912, 100.3, 73.72, 74.602, , 1.362, 0.987, 1976.603, 1976.603, 4.352, 35.093, 35.093, 35.093, 52.224, 78.572, 34.52, 36.481, 7.377, 12.141, 0, 0, 7.696, 7.799, 7.696, 7.799, 1, 83.337, 83.337, 0.024, 0.134, 9.287, 9.41, 9.287, 9.41, 6.466, 7.377, 12.141, , , 1, 20.603, 0, 0, 12.512, 4.352, 187, 0, 0, 0, 64, 5.563, 5.092, 118.4, 29.675, 100, 0, 0, 35, 35, 12, 1.078, 110, 0, 0, 115.5, 84.127, 0, 0, 0, 0, 0, 13.5, 0, 12.512, 0, 4.352, 187, 0, 0, 0, 64, 1, 0.006, 0.005, 118.4, 29.675, 100, 0, 0, 141, 35, 35, 12, 1.078, 0, 110, 0, 0, 115.5, 84.127, 0, 1.2, 0, 0, 
21, 17.913, 100.3, 73.72, 74.603, , 1.363, 0.987, 1982.657, 1982.657, 4.355, 35.123, 35.123, 35.123, 52.223, 79.325, 34.52, 36.265, 7.378, 12.115, 0, 0, 7.709, 7.812, 7.709, 7.812, 1, 83.404, 83.404, 0.024, 0.134, 9.296, 9.419, 9.296, 9.419, 6.466, 7.378, 12.115, , , 1, 20.653, 0, 0, 12.5, 4.355, 187, 0, 0, 0, 64, 5.565, 5.109, 118.4, 29.675, 100, 0, 0, 35, 35, 12, 1.08, 110, 0, 0, 115.5, 84.197, 0, 0, 0, 0, 0, 13.5, 0, 12.5, 0, 4.355, 187, 0, 0, 0, 64, 1, 0.006, 0.005, 118.4, 29.675, 100, 0, 0, 141, 35, 35, 12, 1.08, 0, 110, 0, 0, 115.5, 84.197, 0, 1.2, 0, 0, 
21.05, 17.913, 100.3, 73.72, 74.603, , 1.374, 0.987, 1988.803, 1988.803, 4.357, 35.4, 35.4, 35.4, 52.22, 77.791, 34.52, 36.049, 7.378, 12.089, 0, 0, 7.776, 7.879, 7.776, 7.879, 1, 83.474, 83.474, 0.024, 0.135, 9.37, 9.493, 9.37, 9.493, 6.465, 7.378, 12.089, , , 1, 20.703, 0, 0, 12.5, 4.357, 187, 0, 0, 0, 64, 5.557, 5.119, 118.4, 29.635, 100, 0, 0, 35, 35, 12, 1.082, 110, 0, 0, 115.5, 84.267, 0, 0, 0, 0, 0, 13.5, 0, 12.5, 0, 4.357, 187, 0, 0, 0, 64, 1, 0.006, 0.005, 118.4, 29.635, 100, 0, 0, 141, 35, 35, 12, 1.082, 0, 110, 0, 0, 115.5, 84.267, 0, 1.2, 0, 0, 
21.1, 17.914, 100.3, 73.72, 74.604, , 1.382, 0.987, 1994.824, 1994.824, 4.359, 35.591, 35.591, 35.591, 52.217, 76.211, 34.52, 35.833, 7.379, 12.067, 0, 0, 7.825, 7.928, 7.825, 7.928, 1, 83.542, 83.542, 0.024, 0.135, 9.422, 9.546, 9.422, 9.546, 6.465, 7.379, 12.067, , , 1, 20.753, 0, 0, 12.5, 4.359, 187, 0, 0, 0, 64, 5.55, 5.128, 118.4, 29.593, 100, 0, 0, 35, 35, 12, 1.084, 110, 0, 0, 115.5, 84.337, 0, 0, 0, 0, 0, 13.5, 0, 12.5, 0, 4.359, 187, 0, 0, 0, 64, 1, 0.006, 0.005, 118.4, 29.593, 100, 0, 0, 141, 35, 35, 12, 1.084, 0, 110, 0, 0, 115.5, 84.337, 0, 1.2, 0, 0, 
21.15, 17.915, 100.3, 73.72, 74.605, , 1.354, 0.987, 2000.969, 2000.969, 4.36, 34.927, 34.927, 34.927, 52.213, 74.63, 34.52, 35.617, 7.379, 12.046, 0, 0, 7.685, 7.786, 7.685, 7.786, 1, 83.611, 83.611, 0.024, 0.135, 9.247, 9.369, 9.247, 9.369, 6.464, 7.379, 12.046, , , 1, 20.804, 0, 0, 12.5, 4.36, 187, 0, 0, 0, 64, 5.542, 5.137, 118.4, 29.552, 100, 0, 0, 35, 35, 12, 1.087, 110, 0, 0, 115.5, 84.407, 0, 0, 0, 0, 0, 13.5, 0, 12.5, 0, 4.36, 187, 0, 0, 0, 64, 1, 0.006, 0.005, 118.4, 29.552, 100, 0, 0, 141, 35, 35, 12, 1.087, 0, 110, 0, 0, 115.5, 84.407, 0, 1.2, 0, 0, 
21.2, 17.916, 100.3, 73.72, 74.606, , 1.311, 0.987, 2007.114, 2007.114, 4.362, 33.914, 33.914, 33.914, 52.211, 73.05, 34.752, 35.567, 7.38, 12.033, 0, 0, 7.468, 7.566, 7.468, 7.566, 1, 83.677, 83.677, 0.024, 0.135, 8.979, 9.097, 8.979, 9.097, 6.473, 7.38, 12.033, , , 1, 20.853, 0, 0, 12.5, 4.362, 187, 0, 0, 0, 64, 5.534, 5.146, 118.4, 29.51, 100, 0, 0, 35, 35, 12, 1.089, 110, 0, 0, 115.5, 84.476, 0, 0, 0, 0, 0, 13.5, 0, 12.5, 0, 4.362, 187, 0, 0, 0, 64, 1, 0.006, 0.005, 118.4, 29.51, 100, 0, 0, 141, 35, 35, 12, 1.089, 0, 110, 0, 0, 115.5, 84.476, 0, 1.2, 0, 0, 
21.25, 17.916, 100.3, 73.72, 74.606, , 1.325, 0.987, 2013.258, 2013.258, 4.366, 34.242, 34.242, 34.242, 52.209, 71.469, 35.004, 35.531, 7.38, 12.021, 0, 0, 7.546, 7.645, 7.546, 7.645, 1, 83.743, 83.743, 0.024, 0.136, 9.066, 9.185, 9.066, 9.185, 6.484, 7.38, 12.021, , , 1, 20.904, 0, 0, 12.495, 4.366, 187, 0, 0, 0, 64, 5.533, 5.142, 118.491, 29.471, 100, 0, 0, 35, 35, 12, 1.09, 109.95, 0, 0, 115.45, 84.541, 0, 0, 0, 0, 0, 13.5, 0, 12.495, 0, 4.366, 187, 0, 0, 0, 64, 1, 0.006, 0.005, 118.491, 29.471, 100, 0, 0, 141, 35, 35, 12, 1.09, 0, 109.95, 0, 0, 115.45, 84.541, 0, 1.2, 0, 0, 
21.3, 17.917, 100.3, 73.72, 74.607, , 1.355, 0.987, 2019.403, 2019.403, 4.371, 34.96, 34.96, 34.96, 52.206, 69.889, 35.256, 35.495, 7.38, 12.014, 0, 0, 7.71, 7.812, 7.71, 7.812, 1, 83.81, 83.81, 0.024, 0.136, 9.256, 9.378, 9.256, 9.378, 6.495, 7.38, 12.014, , , 1, 20.954, 0, 0, 12.485, 4.371, 187, 0, 0, 0, 64, 5.539, 5.126, 118.665, 29.436, 100, 0, 0, 35, 35, 12, 1.09, 109.853, 0, 0, 115.353, 84.601, 0, 0, 0, 0, 0, 13.5, 0, 12.485, 0, 4.371, 187, 0, 0, 0, 64, 1, 0.006, 0.005, 118.665, 29.436, 100, 0, 0, 141, 35, 35, 12, 1.09, 0, 109.853, 0, 0, 115.353, 84.601, 0, 1.2, 0, 0, 
21.35, 17.918, 100.3, 73.72, 74.608, , 1.351, 0.987, 2025.548, 2025.548, 4.375, 34.867, 34.867, 34.867, 52.204, 68.309, 35.508, 35.459, 7.38, 12.007, 0, 0, 7.696, 7.797, 7.696, 7.797, 1, 83.878, 83.878, 0.024, 0.136, 9.23, 9.353, 9.23, 9.353, 6.506, 7.38, 12.007, , , 1, 21.003, 0, 0, 12.476, 4.375, 187, 0, 0, 0, 64, 5.545, 5.111, 118.84, 29.4, 100, 0, 0, 35, 35, 12, 1.09, 109.756, 0, 0, 115.256, 84.661, 0, 0, 0, 0, 0, 13.5, 0, 12.476, 0, 4.375, 187, 0, 0, 0, 64, 1, 0.006, 0.005, 118.84, 29.4, 100, 0, 0, 141, 35, 35, 12, 1.09, 0, 109.756, 0, 0, 115.256, 84.661, 0, 1.2, 0, 0, 
21.4, 17.919, 100.3, 73.72, 74.609, , 1.345, 0.987, 2031.692, 2031.692, 4.38, 34.711, 34.711, 34.711, 52.203, 66.728, 35.76, 35.423, 7.381, 12.01, 0, 0, 7.668, 7.769, 7.668, 7.769, 1, 83.944, 83.944, 0.024, 0.136, 9.189, 9.313, 9.189, 9.313, 6.518, 7.381, 12.01, , , 1, 21.053, 0, 0, 12.466, 4.38, 187, 0, 0, 0, 64, 5.55, 5.095, 119.014, 29.364, 100, 0, 0, 35, 35, 12, 1.09, 109.659, 0, 0, 115.159, 84.721, 0, 0, 0, 0, 0, 13.5, 0, 12.466, 0, 4.38, 187, 0, 0, 0, 64, 1, 0.006, 0.005, 119.014, 29.364, 100, 0, 0, 141, 35, 35, 12, 1.09, 0, 109.659, 0, 0, 115.159, 84.721, 0, 1.2, 0, 0, 
21.45, 17.92, 100.3, 73.72, 74.61, , 1.388, 0.987, 2037.836, 2037.836, 4.385, 35.733, 35.733, 35.733, 52.202, 65.148, 35.515, 35.387, 7.382, 12.014, 0, 0, 7.9, 8.004, 7.9, 8.004, 1, 84.013, 84.013, 0.024, 0.135, 9.46, 9.588, 9.46, 9.588, 6.53, 7.382, 12.014, , , 1, 21.103, 0, 0, 12.456, 4.385, 187, 0, 0, 0, 64, 5.556, 5.08, 119.188, 29.328, 100, 0, 0, 35, 35, 12, 1.09, 109.562, 0, 0, 115.062, 84.782, 0, 0, 0, 0, 0, 13.5, 0, 12.456, 0, 4.385, 187, 0, 0, 0, 64, 1, 0.006, 0.005, 119.188, 29.328, 100, 0, 0, 141, 35, 35, 12, 1.09, 0, 109.562, 0, 0, 115.062, 84.782, 0, 1.2, 0, 0, 
21.5, 17.92, 100.3, 73.72, 74.61, , 1.377, 0.987, 2043.981, 2043.981, 4.389, 35.478, 35.478, 35.478, 52.2, 63.567, 35.227, 35.351, 7.384, 12.021, 0, 0, 7.85, 7.954, 7.85, 7.954, 1, 84.083, 84.083, 0.024, 0.135, 9.393, 9.519, 9.393, 9.519, 6.541, 7.384, 12.021, , , 1, 21.153, 0, 0, 12.446, 4.389, 187, 0, 0, 0, 64, 5.559, 5.072, 119.233, 29.319, 100, 0, 0, 35, 35, 12, 1.09, 109.5, 0, 0, 115, 84.843, 0, 0, 0, 0, 0, 13.5, 0, 12.446, 0, 4.389, 187, 0, 0, 0, 64, 1, 0.006, 0.005, 119.233, 29.319, 100, 0, 0, 141, 35, 35, 12, 1.09, 0, 109.5, 0, 0, 115, 84.843, 0, 1.2, 0, 0, 
21.55, 17.92, 100.3, 73.72, 74.61, , 1.361, 0.987, 2050.126, 2050.126, 4.391, 35.103, 35.103, 35.103, 52.201, 61.987, 34.939, 35.315, 7.386, 12.028, 0, 0, 7.774, 7.877, 7.774, 7.877, 1, 84.151, 84.151, 0.024, 0.135, 9.296, 9.42, 9.296, 9.42, 6.553, 7.386, 12.028, , , 1, 21.203, 0, 0, 12.436, 4.391, 187, 0, 0, 0, 64, 5.557, 5.076, 119.045, 29.357, 100, 0, 0, 35, 35, 12, 1.09, 109.5, 0, 0, 115, 84.908, 0, 0, 0, 0, 0, 13.5, 0, 12.436, 0, 4.391, 187, 0, 0, 0, 64, 1, 0.006, 0.005, 119.045, 29.357, 100, 0, 0, 141, 35, 35, 12, 1.09, 0, 109.5, 0, 0, 115, 84.908, 0, 1.2, 0, 0, 
21.6, 17.92, 100.3, 73.72, 74.61, , 1.338, 0.987, 2056.271, 2056.271, 4.393, 34.566, 34.566, 34.566, 52.203, 60.406, 34.651, 35.279, 7.387, 12.036, 0, 0, 7.661, 7.763, 7.661, 7.763, 1, 84.219, 84.219, 0.024, 0.135, 9.154, 9.276, 9.154, 9.276, 6.572, 7.387, 12.036, , , 1, 21.253, 0, 0, 12.425, 4.393, 187, 0, 0, 0, 64, 5.555, 5.08, 118.858, 29.396, 100, 0, 0, 35, 35, 12, 1.09, 109.5, 0, 0, 115, 84.972, 0, 0, 0, 0, 0, 13.5, 0, 12.425, 0, 4.393, 187, 0, 0, 0, 64, 1, 0.006, 0.005, 118.858, 29.396, 100, 0, 0, 141, 35, 35, 12, 1.09, 0, 109.5, 0, 0, 115, 84.972, 0, 1.2, 0, 0, 
21.65, 17.92, 100.3, 73.72, 74.61, , 1.316, 0.987, 2062.415, 2062.415, 4.394, 34.045, 34.045, 34.045, 52.205, 58.826, 34.363, 35.243, 7.388, 12.043, 0, 0, 7.551, 7.653, 7.551, 7.653, 1, 84.286, 84.286, 0.024, 0.135, 9.016, 9.135, 9.016, 9.135, 6.6, 7.388, 12.043, , , 1, 21.303, 0, 0, 12.415, 4.394, 187, 0, 0, 0, 64, 5.553, 5.084, 118.67, 29.434, 100, 0, 0, 35, 35, 12, 1.09, 109.5, 0, 0, 115, 85.037, 0, 0, 0, 0, 0, 13.5, 0, 12.415, 0, 4.394, 187, 0, 0, 0, 64, 1, 0.006, 0.005, 118.67, 29.434, 100, 0, 0, 141, 35, 35, 12, 1.09, 0, 109.5, 0, 0, 115, 85.037, 0, 1.2, 0, 0, 
21.7, 17.92, 100.3, 73.72, 74.61, , 1.306, 0.987, 2068.56, 2068.56, 4.396, 33.814, 33.814, 33.814, 52.208, 65.455, 34.704, 35.108, 7.388, 12.042, 0, 0, 7.506, 7.606, 7.506, 7.606, 1, 84.35, 84.35, 0.024, 0.134, 8.955, 9.072, 8.955, 9.072, 6.628, 7.388, 12.042, , , 1, 21.353, 0, 0, 12.405, 4.396, 187, 0, 0, 0, 64, 5.551, 5.088, 118.482, 29.473, 100, 0, 0, 35, 35, 12, 1.09, 109.5, 0, 0, 115, 85.102, 0, 0, 0, 0, 0, 13.5, 0, 12.405, 0, 4.396, 187, 0, 0, 0, 64, 1, 0.006, 0.005, 118.482, 29.473, 100, 0, 0, 141, 35, 35, 12, 1.09, 0, 109.5, 0, 0, 115, 85.102, 0, 1.2, 0, 0, 
21.75, 17.92, 100.3, 73.72, 74.61, , 1.299, 0.987, 2074.704, 2074.704, 4.399, 33.626, 33.626, 33.626, 52.212, 67.46, 35.1, 34.964, 7.388, 12.041, 0, 0, 7.471, 7.57, 7.471, 7.57, 1, 84.414, 84.414, 0.024, 0.134, 8.904, 9.022, 8.904, 9.022, 6.657, 7.388, 12.041, , , 1, 21.403, 0, 0, 12.4, 4.399, 187, 0, 0, 0, 64, 5.55, 5.099, 118.4, 29.447, 100, 0, 0, 35, 35, 12, 1.09, 109.5, 0, 0, 115, 85.13, 0, 0, 0, 0, 0, 13.5, 0, 12.4, 0, 4.399, 187, 0, 0, 0, 64, 1, 0.006, 0.005, 118.4, 29.447, 100, 0, 0, 141, 35, 35, 12, 1.09, 0, 109.5, 0, 0, 115, 85.13, 0, 1.2, 0, 0, 
21.8, 17.92, 100.3, 73.72, 74.61, , 1.31, 0.987, 2080.922, 2080.922, 4.403, 33.909, 33.909, 33.909, 52.216, 66.191, 35.496, 34.82, 7.386, 12.036, 0, 0, 7.54, 7.64, 7.54, 7.64, 1, 84.48, 84.48, 0.024, 0.134, 8.976, 9.097, 8.976, 9.097, 6.684, 7.386, 12.036, , , 1, 21.453, 0, 0, 12.4, 4.403, 187, 0, 0, 0, 64, 5.55, 5.116, 118.4, 29.371, 100, 0, 0, 35, 35, 12, 1.09, 109.5, 0, 0, 115, 85.13, 0, 0, 0, 0, 0, 13.5, 0, 12.4, 0, 4.403, 187, 0, 0, 0, 64, 1, 0.006, 0.005, 118.4, 29.371, 100, 0, 0, 141, 35, 35, 12, 1.09, 0, 109.5, 0, 0, 115, 85.13, 0, 1.2, 0, 0, 
21.85, 17.92, 100.3, 73.72, 74.61, , 1.301, 0.987, 2087.118, 2087.118, 4.407, 33.698, 33.698, 33.698, 52.218, 72.651, 35.892, 34.676, 7.384, 12.031, 0, 0, 7.499, 7.599, 7.499, 7.599, 1, 84.545, 84.545, 0.024, 0.134, 8.92, 9.038, 8.92, 9.038, 6.707, 7.384, 12.031, , , 1, 21.503, 0, 0, 12.4, 4.407, 187, 0, 0, 0, 64, 5.55, 5.132, 118.4, 29.294, 100, 0, 0, 35, 35, 12, 1.09, 109.5, 0, 0, 115, 85.13, 0, 0, 0, 0, 0, 13.5, 0, 12.4, 0, 4.407, 187, 0, 0, 0, 64, 1, 0.006, 0.005, 118.4, 29.294, 100, 0, 0, 141, 35, 35, 12, 1.09, 0, 109.5, 0, 0, 115, 85.13, 0, 1.2, 0, 0, 
21.9, 17.92, 100.3, 73.72, 74.61, , 1.284, 0.987, 2093.262, 2093.262, 4.41, 33.299, 33.299, 33.299, 52.222, 73.604, 36.288, 34.532, 7.383, 12.021, 0, 0, 7.416, 7.514, 7.416, 7.514, 1, 84.608, 84.608, 0.024, 0.134, 8.813, 8.931, 8.813, 8.931, 6.73, 7.383, 12.021, , , 1, 21.553, 0, 0, 12.4, 4.41, 187, 0, 0, 0, 64, 5.55, 5.149, 118.4, 29.218, 100, 0, 0, 35, 35, 12, 1.09, 109.5, 0, 0, 115, 85.13, 0, 0, 0, 0, 0, 13.5, 0, 12.4, 0, 4.41, 187, 0, 0, 0, 64, 1, 0.006, 0.005, 118.4, 29.218, 100, 0, 0, 141, 35, 35, 12, 1.09, 0, 109.5, 0, 0, 115, 85.13, 0, 1.2, 0, 0, 
21.95, 17.92, 100.3, 73.72, 74.61, , 1.278, 0.987, 2099.477, 2099.477, 4.414, 33.138, 33.138, 33.138, 52.226, 73.795, 36.188, 34.553, 7.382, 12.01, 0, 0, 7.385, 7.484, 7.385, 7.484, 1, 84.672, 84.672, 0.024, 0.134, 8.77, 8.887, 8.77, 8.887, 6.753, 7.382, 12.01, , , 1, 21.603, 0, 0, 12.4, 4.414, 187, 0, 0, 0, 64, 5.55, 5.165, 118.4, 29.141, 100, 0, 0, 35, 35, 12, 1.09, 109.5, 0, 0, 115, 85.13, 0, 0, 0, 0, 0, 13.5, 0, 12.4, 0, 4.414, 187, 0, 0, 0, 64, 1, 0.006, 0.005, 118.4, 29.141, 100, 0, 0, 141, 35, 35, 12, 1.09, 0, 109.5, 0, 0, 115, 85.13, 0, 1.2, 0, 0, 
22, 17.92, 100.3, 73.72, 74.61, , 1.24, 0.987, 2105.676, 2105.676, 4.418, 32.244, 32.244, 32.244, 52.229, 73.986, 36.044, 34.589, 7.381, 11.999, 0, 0, 7.19, 7.287, 7.19, 7.287, 1, 84.736, 84.736, 0.024, 0.134, 8.533, 8.646, 8.533, 8.646, 6.776, 7.381, 11.999, , , 1, 21.653, 0, 0, 12.4, 4.418, 187, 0, 0, 0, 64, 5.546, 5.159, 118.4, 29.172, 100, 0, 0, 35, 35, 11.86, 1.09, 109.431, 0, 0, 115, 85.214, 0, 0, 0, 0, 0, 13.5, 0, 12.4, 0, 4.418, 187, 0, 0, 0, 64, 1, 0.006, 0.005, 118.4, 29.172, 100, 0, 0, 141, 35, 35, 11.86, 1.09, 0, 109.431, 0, 0, 115, 85.214, 0, 1.2, 0, 0, 
22.05, 17.92, 100.3, 73.72, 74.61, , 1.133, 0.987, 2111.847, 2111.847, 4.421, 29.711, 29.711, 29.711, 52.23, 74.178, 35.9, 34.625, 7.38, 11.988, 0, 0, 6.628, 6.719, 6.628, 6.719, 1, 84.796, 84.796, 0.024, 0.134, 7.863, 7.966, 7.863, 7.966, 6.764, 7.38, 11.988, , , 1, 21.704, 0, 0, 12.4, 4.421, 187, 0, 0, 0, 64, 5.54, 5.144, 118.4, 29.243, 100, 0, 0, 35, 35, 11.667, 1.09, 109.334, 0, 0, 115, 85.334, 0, 0, 0, 0, 0, 13.5, 0, 12.4, 0, 4.421, 187, 0, 0, 0, 64, 1, 0.006, 0.005, 118.4, 29.243, 100, 0, 0, 141, 35, 35, 11.667, 1.09, 0, 109.334, 0, 0, 115, 85.334, 0, 1.2, 0, 0, 
22.1, 17.92, 100.3, 73.72, 74.61, , 1.11, 0.987, 2118.087, 2118.087, 4.425, 29.17, 29.17, 29.17, 52.227, 74.369, 35.756, 34.661, 7.38, 11.972, 0, 0, 6.513, 6.601, 6.513, 6.601, 1, 84.851, 84.851, 0.024, 0.135, 7.72, 7.822, 7.72, 7.822, 6.751, 7.38, 11.972, , , 1, 21.753, 0, 0, 12.4, 4.425, 187, 0, 0, 0, 64, 5.534, 5.128, 118.4, 29.315, 100, 0, 0, 35, 35, 11.473, 1.09, 109.237, 0, 0, 115, 85.454, 0, 0, 0, 0, 0, 13.5, 0, 12.4, 0, 4.425, 187, 0, 0, 0, 64, 1, 0.006, 0.005, 118.4, 29.315, 100, 0, 0, 141, 35, 35, 11.473, 1.09, 0, 109.237, 0, 0, 115, 85.454, 0, 1.2, 0, 0, 
22.15, 17.92, 100.3, 73.72, 74.61, , 1.119, 0.987, 2124.342, 2124.342, 4.429, 29.395, 29.395, 29.395, 52.216, 74.56, 35.612, 34.697, 7.38, 11.956, 0, 0, 6.567, 6.657, 6.567, 6.657, 1, 84.906, 84.906, 0.024, 0.135, 7.781, 7.883, 7.781, 7.883, 6.738, 7.38, 11.956, , , 1, 21.803, 0, 0, 12.4, 4.429, 187, 0, 0, 0, 64, 5.528, 5.113, 118.4, 29.387, 100, 0, 0, 35, 35, 11.279, 1.09, 109.141, 0, 0, 115, 85.575, 0, 0, 0, 0, 0, 13.5, 0, 12.4, 0, 4.429, 187, 0, 0, 0, 64, 1, 0.006, 0.005, 118.4, 29.387, 100, 0, 0, 141, 35, 35, 11.279, 1.09, 0, 109.141, 0, 0, 115, 85.575, 0, 1.2, 0, 0, 
22.2, 17.92, 100.3, 73.72, 74.61, , 1.097, 0.987, 2130.5, 2130.5, 4.432, 28.866, 28.866, 28.866, 52.2, 74.751, 35.501, 34.866, 7.38, 11.943, 0, 0, 6.454, 6.54, 6.454, 6.54, 1, 84.962, 84.962, 0.024, 0.135, 7.644, 7.744, 7.644, 7.744, 6.725, 7.38, 11.943, , , 1, 21.853, 0, 0, 12.4, 4.432, 187, 0, 0, 0, 64, 5.523, 5.097, 118.4, 29.458, 100, 0, 0, 35, 35, 11.085, 1.09, 109.044, 0, 0, 115, 85.695, 0, 0, 0, 0, 0, 13.5, 0, 12.4, 0, 4.432, 187, 0, 0, 0, 64, 1, 0.006, 0.005, 118.4, 29.458, 100, 0, 0, 141, 35, 35, 11.085, 1.09, 0, 109.044, 0, 0, 115, 85.695, 0, 1.2, 0, 0, 
22.25, 17.92, 100.3, 73.72, 74.61, , 1.078, 0.987, 2136.711, 2136.711, 4.434, 28.418, 28.418, 28.418, 52.179, 74.942, 35.393, 35.046, 7.38, 11.93, 0, 0, 6.359, 6.442, 6.359, 6.442, 1, 85.016, 85.016, 0.024, 0.135, 7.527, 7.628, 7.527, 7.628, 6.722, 7.38, 11.93, , , 1, 21.903, 0, 0, 12.4, 4.434, 187, 0, 0, 0, 64, 5.52, 5.099, 118.4, 29.49, 100, 0, 0, 35, 35, 11.112, 1.09, 109, 0, 0, 115, 85.75, 0, 0, 0, 0, 0, 13.5, 0, 12.4, 0, 4.434, 187, 0, 0, 0, 64, 1, 0.006, 0.005, 118.4, 29.49, 100, 0, 0, 141, 35, 35, 11.112, 1.09, 0, 109, 0, 0, 115, 85.75, 0, 1.2, 0, 0, 
22.3, 17.92, 100.3, 73.72, 74.61, , 1.146, 0.987, 2142.912, 2142.912, 4.435, 30.036, 30.036, 30.036, 52.165, 75.133, 35.285, 35.226, 7.38, 11.922, 0, 0, 6.725, 6.813, 6.725, 6.813, 1, 85.071, 85.071, 0.024, 0.135, 7.958, 8.064, 7.958, 8.064, 6.724, 7.38, 11.922, , , 1, 21.954, 0, 0, 12.4, 4.435, 187, 0, 0, 0, 64, 5.52, 5.115, 118.4, 29.49, 100, 0, 0, 35, 35, 11.312, 1.09, 109, 0, 0, 115, 85.75, 0, 0, 0, 0, 0, 13.5, 0, 12.4, 0, 4.435, 187, 0, 0, 0, 64, 1, 0.006, 0.005, 118.4, 29.49, 100, 0, 0, 141, 35, 35, 11.312, 1.09, 0, 109, 0, 0, 115, 85.75, 0, 1.2, 0, 0, 
22.35, 17.92, 100.3, 73.72, 74.61, , 1.167, 0.987, 2149.179, 2149.179, 4.436, 30.52, 30.52, 30.52, 52.158, 75.324, 35.177, 35.406, 7.379, 11.914, 0, 0, 6.838, 6.927, 6.838, 6.927, 1, 85.128, 85.128, 0.024, 0.135, 8.088, 8.196, 8.088, 8.196, 6.725, 7.379, 11.914, , , 1, 22.004, 0, 0, 12.4, 4.436, 187, 0, 0, 0, 64, 5.52, 5.131, 118.4, 29.49, 100, 0, 0, 35, 35, 11.512, 1.09, 109, 0, 0, 115, 85.75, 0, 0, 0, 0, 0, 13.5, 0, 12.4, 0, 4.436, 187, 0, 0, 0, 64, 1, 0.006, 0.005, 118.4, 29.49, 100, 0, 0, 141, 35, 35, 11.512, 1.09, 0, 109, 0, 0, 115, 85.75, 0, 1.2, 0, 0, 
22.4, 17.92, 100.3, 73.723, 74.61, , 1.188, 0.987, 2155.39, 2155.39, 4.437, 31.022, 31.022, 31.022, 52.159, 75.516, 35.069, 35.586, 7.379, 11.912, 0, 0, 6.956, 7.046, 6.956, 7.046, 1, 85.187, 85.187, 0.024, 0.135, 8.221, 8.331, 8.221, 8.331, 6.726, 7.379, 11.912, , , 1, 22.054, 0, 0, 12.4, 4.437, 187, 0, 0, 0, 64, 5.52, 5.147, 118.4, 29.49, 100, 0, 0, 35, 35, 11.712, 1.09, 109, 0, 0, 115, 85.75, 0, 0, 0, 0, 0, 13.5, 0, 12.4, 0, 4.437, 187, 0, 0, 0, 64, 1, 0.006, 0.005, 118.4, 29.49, 100, 0, 0, 141, 35, 35, 11.712, 1.09, 0, 109, 0, 0, 115, 85.75, 0, 1.2, 0, 0, 
22.45, 17.92, 100.301, 73.728, 74.61, , 1.208, 0.987, 2161.701, 2161.701, 4.438, 31.502, 31.502, 31.502, 52.169, 75.707, 35.192, 35.534, 7.378, 11.912, 0, 0, 7.069, 7.161, 7.069, 7.161, 1, 85.246, 85.246, 0.024, 0.135, 8.347, 8.459, 8.347, 8.459, 6.737, 7.378, 11.912, , , 1, 22.104, 0, 0, 12.4, 4.438, 187, 0, 0, 0, 64, 5.52, 5.163, 118.4, 29.49, 100, 0, 0, 35, 35, 11.912, 1.09, 109, 0, 0, 115, 85.75, 0, 0, 0, 0, 0, 13.5, 0, 12.4, 0, 4.438, 187, 0, 0, 0, 64, 1, 0.006, 0.005, 118.4, 29.49, 100, 0, 0, 141, 35, 35, 11.912, 1.09, 0, 109, 0, 0, 115, 85.75, 0, 1.2, 0, 0, 
22.5, 17.92, 100.301, 73.733, 74.61, , 1.26, 0.987, 2167.886, 2167.886, 4.441, 32.731, 32.731, 32.731, 52.186, 75.898, 35.336, 35.462, 7.378, 11.913, 0, 0, 7.349, 7.446, 7.349, 7.446, 1, 85.308, 85.308, 0.024, 0.135, 8.67, 8.786, 8.67, 8.786, 6.759, 7.378, 11.913, , , 1, 22.153, 0, 0, 12.389, 4.441, 187, 0, 0, 0, 64, 5.526, 5.163, 118.4, 29.449, 100, 0, 0, 35, 35, 12, 1.09, 109, 0, 0, 114.944, 85.819, 0, 0, 0, 0, 0, 13.5, 0, 12.389, 0, 4.441, 187, 0, 0, 0, 64, 1, 0.006, 0.005, 118.4, 29.449, 100, 0, 0, 141, 35, 35, 12, 1.09, 0, 109, 0, 0, 114.944, 85.819, 0, 1.2, 0, 0, 
22.55, 17.92, 100.301, 73.738, 74.61, , 1.275, 0.987, 2174.126, 2174.126, 4.446, 33.089, 33.089, 33.089, 52.2, 76.089, 35.48, 35.39, 7.377, 11.914, 0, 0, 7.435, 7.533, 7.435, 7.533, 1, 85.371, 85.371, 0.024, 0.135, 8.762, 8.878, 8.762, 8.878, 6.781, 7.377, 11.914, , , 1, 22.204, 0, 0, 12.369, 4.446, 187, 0, 0, 0, 64, 5.536, 5.151, 118.4, 29.375, 100, 0, 0, 35, 35, 12, 1.09, 109, 0, 0, 114.844, 85.943, 0, 0, 0, 0, 0, 13.5, 0, 12.369, 0, 4.446, 187, 0, 0, 0, 64, 1, 0.006, 0.005, 118.4, 29.375, 100, 0, 0, 141, 35, 35, 12, 1.09, 0, 109, 0, 0, 114.844, 85.943, 0, 1.2, 0, 0, 
22.6, 17.92, 100.302, 73.743, 74.61, , 1.269, 0.987, 2180.381, 2180.381, 4.451, 32.971, 32.971, 32.971, 52.211, 76.28, 35.624, 35.318, 7.377, 11.915, 0, 0, 7.415, 7.511, 7.415, 7.511, 1, 85.436, 85.436, 0.024, 0.135, 8.729, 8.843, 8.729, 8.843, 6.803, 7.377, 11.915, , , 1, 22.253, 0, 0, 12.349, 4.451, 187, 0, 0, 0, 64, 5.546, 5.139, 118.4, 29.301, 100, 0, 0, 35, 35, 12, 1.09, 109, 0, 0, 114.744, 86.067, 0, 0, 0, 0, 0, 13.5, 0, 12.349, 0, 4.451, 187, 0, 0, 0, 64, 1, 0.006, 0.005, 118.4, 29.301, 100, 0, 0, 141, 35, 35, 12, 1.09, 0, 109, 0, 0, 114.744, 86.067, 0, 1.2, 0, 0, 
22.65, 17.92, 100.302, 73.748, 74.61, , 1.262, 0.987, 2186.662, 2186.662, 4.456, 32.795, 32.795, 32.795, 52.216, 76.471, 35.768, 35.246, 7.378, 11.917, 0, 0, 7.381, 7.477, 7.381, 7.477, 1, 85.5, 85.5, 0.024, 0.135, 8.682, 8.795, 8.682, 8.795, 6.815, 7.378, 11.917, , , 1, 22.303, 0, 0, 12.329, 4.456, 187, 0, 0, 0, 64, 5.556, 5.127, 118.4, 29.227, 100, 0, 0, 35, 35, 12, 1.09, 109, 0, 0, 114.644, 86.191, 0, 0, 0, 0, 0, 13.5, 0, 12.329, 0, 4.456, 187, 0, 0, 0, 64, 1, 0.006, 0.005, 118.4, 29.227, 100, 0, 0, 141, 35, 35, 12, 1.09, 0, 109, 0, 0, 114.644, 86.191, 0, 1.2, 0, 0, 
22.7, 17.92, 100.303, 73.753, 74.61, , 1.262, 0.987, 2192.876, 2192.876, 4.461, 32.806, 32.806, 32.806, 52.218, 76.662, 35.515, 35.207, 7.378, 11.92, 0, 0, 7.389, 7.486, 7.389, 7.486, 1, 85.564, 85.564, 0.024, 0.135, 8.684, 8.798, 8.684, 8.798, 6.818, 7.378, 11.92, , , 1, 22.353, 0, 0, 12.309, 4.461, 187, 0, 0, 0, 64, 5.566, 5.115, 118.4, 29.153, 100, 0, 0, 35, 35, 12, 1.09, 109, 0, 0, 114.544, 86.315, 0, 0, 0, 0, 0, 13.5, 0, 12.309, 0, 4.461, 187, 0, 0, 0, 64, 1, 0.006, 0.005, 118.4, 29.153, 100, 0, 0, 141, 35, 35, 12, 1.09, 0, 109, 0, 0, 114.544, 86.315, 0, 1.2, 0, 0, 
22.75, 17.92, 100.303, 73.758, 74.61, , 1.263, 0.987, 2199.187, 2199.187, 4.465, 32.827, 32.827, 32.827, 52.214, 76.854, 35.227, 35.171, 7.379, 11.924, 0, 0, 7.399, 7.496, 7.399, 7.496, 1, 85.626, 85.626, 0.024, 0.135, 8.689, 8.804, 8.689, 8.804, 6.821, 7.379, 11.924, , , 1, 22.404, 0, 0, 12.3, 4.465, 187, 0, 0, 0, 64, 5.567, 5.118, 118.4, 29.161, 100, 0, 0, 35, 35, 12, 1.09, 108.944, 0, 0, 114.5, 86.37, 0, 0, 0, 0, 0, 13.5, 0, 12.3, 0, 4.465, 187, 0, 0, 0, 64, 1, 0.006, 0.005, 118.4, 29.161, 100, 0, 0, 141, 35, 35, 12, 1.09, 0, 108.944, 0, 0, 114.5, 86.37, 0, 1.2, 0, 0, 
22.8, 17.92, 100.303, 73.763, 74.61, , 1.246, 0.987, 2205.372, 2205.372, 4.467, 32.425, 32.425, 32.425, 52.209, 77.045, 34.939, 35.135, 7.379, 11.926, 0, 0, 7.313, 7.409, 7.313, 7.409, 1, 85.69, 85.69, 0.024, 0.135, 8.584, 8.697, 8.584, 8.697, 6.824, 7.379, 11.926, , , 1, 22.453, 0, 0, 12.3, 4.467, 187, 0, 0, 0, 64, 5.561, 5.132, 118.4, 29.235, 100, 0, 0, 35, 35, 12, 1.09, 108.845, 0, 0, 114.5, 86.37, 0, 0, 0, 0, 0, 13.5, 0, 12.3, 0, 4.467, 187, 0, 0, 0, 64, 1, 0.006, 0.005, 118.4, 29.235, 100, 0, 0, 141, 35, 35, 12, 1.09, 0, 108.845, 0, 0, 114.5, 86.37, 0, 1.2, 0, 0, 
22.85, 17.921, 100.304, 73.768, 74.61, , 1.267, 0.987, 2211.683, 2211.683, 4.47, 32.925, 32.925, 32.925, 52.204, 77.236, 34.651, 35.099, 7.38, 11.926, 0, 0, 7.431, 7.529, 7.431, 7.529, 1, 85.754, 85.754, 0.024, 0.135, 8.716, 8.833, 8.716, 8.833, 6.825, 7.38, 11.926, , , 1, 22.503, 0, 0, 12.3, 4.47, 187, 0, 0, 0, 64, 5.555, 5.146, 118.4, 29.308, 100, 0, 0, 35, 35, 12, 1.09, 108.746, 0, 0, 114.5, 86.37, 0, 0, 0, 0, 0, 13.5, 0, 12.3, 0, 4.47, 187, 0, 0, 0, 64, 1, 0.006, 0.005, 118.4, 29.308, 100, 0, 0, 141, 35, 35, 12, 1.09, 0, 108.746, 0, 0, 114.5, 86.37, 0, 1.2, 0, 0, 
22.9, 17.922, 100.304, 73.773, 74.611, , 1.275, 0.987, 2217.994, 2217.994, 4.473, 33.106, 33.106, 33.106, 52.197, 77.427, 34.363, 35.063, 7.38, 11.919, 0, 0, 7.477, 7.575, 7.477, 7.575, 1, 85.816, 85.816, 0.024, 0.135, 8.765, 8.882, 8.765, 8.882, 6.822, 7.38, 11.919, , , 1, 22.554, 0, 0, 12.3, 4.473, 187, 0, 0, 0, 64, 5.549, 5.159, 118.4, 29.381, 100, 0, 0, 35, 35, 12, 1.09, 108.647, 0, 0, 114.5, 86.37, 0, 0, 0, 0, 0, 13.5, 0, 12.3, 0, 4.473, 187, 0, 0, 0, 64, 1, 0.006, 0.005, 118.4, 29.381, 100, 0, 0, 141, 35, 35, 12, 1.09, 0, 108.647, 0, 0, 114.5, 86.37, 0, 1.2, 0, 0, 
22.95, 17.924, 100.304, 73.778, 74.611, , 1.267, 0.987, 2224.269, 2224.269, 4.476, 32.93, 32.93, 32.93, 52.191, 77.618, 34.539, 34.961, 7.38, 11.91, 0, 0, 7.444, 7.54, 7.444, 7.54, 1, 85.88, 85.88, 0.024, 0.135, 8.719, 8.835, 8.719, 8.835, 6.819, 7.38, 11.91, , , 1, 22.603, 0, 0, 12.3, 4.476, 187, 0, 0, 0, 64, 5.543, 5.173, 118.4, 29.455, 100, 0, 0, 35, 35, 12, 1.09, 108.548, 0, 0, 114.5, 86.37, 0, 0, 0, 0, 0, 13.5, 0, 12.3, 0, 4.476, 187, 0, 0, 0, 64, 1, 0.006, 0.005, 118.4, 29.455, 100, 0, 0, 141, 35, 35, 12, 1.09, 0, 108.548, 0, 0, 114.5, 86.37, 0, 1.2, 0, 0, 
23, 17.925, 100.305, 73.783, 74.612, , 1.262, 0.987, 2230.49, 2230.49, 4.478, 32.821, 32.821, 32.821, 52.185, 77.809, 34.755, 34.853, 7.38, 11.894, 0, 0, 7.424, 7.52, 7.424, 7.52, 1, 85.943, 85.943, 0.024, 0.136, 8.692, 8.807, 8.692, 8.807, 6.816, 7.38, 11.894, , , 1, 22.654, 0, 0, 12.3, 4.478, 187, 0, 0, 0, 64.104, 5.556, 5.174, 118.4, 29.452, 100, 0, 0, 35, 35, 12, 1.09, 108.656, 0, 0, 114.707, 86.434, 0, 0, 0, 0, 0, 13.5, 0, 12.3, 0, 4.478, 187, 0, 0, 0, 64.104, 1, 0.006, 0.005, 118.4, 29.452, 100, 0, 0, 141, 35, 35, 12, 1.09, 0, 108.656, 0, 0, 114.708, 86.434, 0, 1.2, 0, 0, 
23.05, 17.926, 100.305, 73.788, 74.612, , 1.294, 0.987, 2236.8, 2236.8, 4.481, 33.574, 33.574, 33.574, 52.181, 78.001, 34.971, 34.745, 7.38, 11.874, 0, 0, 7.599, 7.698, 7.599, 7.698, 1, 86.006, 86.006, 0.024, 0.136, 8.893, 9.01, 8.893, 9.01, 6.808, 7.38, 11.874, , , 1, 22.703, 0, 0, 12.3, 4.481, 187, 0, 0, 0, 64.303, 5.585, 5.162, 118.4, 29.378, 100, 0, 0, 35, 35, 12, 1.09, 108.956, 0, 0, 115.106, 86.558, 0, 0, 0, 0, 0, 13.5, 0, 12.3, 0, 4.481, 187, 0, 0, 0, 64.303, 1, 0.006, 0.005, 118.4, 29.378, 100, 0, 0, 141, 35, 35, 12, 1.09, 0, 108.956, 0, 0, 115.108, 86.558, 0, 1.2, 0, 0, 
23.1, 17.927, 100.306, 73.793, 74.612, , 1.29, 0.987, 2243.112, 2243.112, 4.484, 33.486, 33.486, 33.486, 52.18, 78.192, 35.187, 34.637, 7.38, 11.858, 0, 0, 7.585, 7.685, 7.585, 7.685, 1, 86.069, 86.069, 0.024, 0.136, 8.871, 8.986, 8.871, 8.986, 6.79, 7.38, 11.858, , , 1, 22.753, 0, 0, 12.3, 4.484, 187, 0, 0, 0, 64.502, 5.615, 5.15, 118.4, 29.304, 100, 0, 0, 35, 35, 12, 1.09, 109.256, 0, 0, 115.504, 86.681, 0, 0, 0, 0, 0, 13.5, 0, 12.3, 0, 4.484, 187, 0, 0, 0, 64.502, 1, 0.006, 0.005, 118.4, 29.304, 100, 0, 0, 141, 35, 35, 12, 1.09, 0, 109.256, 0, 0, 115.508, 86.681, 0, 1.2, 0, 0, 
23.15, 17.928, 100.306, 73.797, 74.613, , 1.311, 0.987, 2249.422, 2249.422, 4.487, 33.979, 33.979, 33.979, 52.183, 78.383, 35.403, 34.529, 7.38, 11.844, 0, 0, 7.703, 7.806, 7.703, 7.806, 1, 86.133, 86.133, 0.024, 0.135, 9.001, 9.119, 9.001, 9.119, 6.771, 7.38, 11.844, , , 1, 22.804, 0, 0, 12.3, 4.487, 187, 0, 0, 0, 64.701, 5.645, 5.138, 118.4, 29.23, 100, 0, 0, 35, 35, 12, 1.09, 109.556, 0, 0, 115.902, 86.805, 0, 0, 0, 0, 0, 13.5, 0, 12.3, 0, 4.487, 187, 0, 0, 0, 64.701, 1, 0.006, 0.005, 118.4, 29.23, 100, 0, 0, 141, 35, 35, 12, 1.09, 0, 109.556, 0, 0, 115.908, 86.805, 0, 1.2, 0, 0, 
23.2, 17.929, 100.306, 73.802, 74.613, , 1.32, 0.987, 2255.732, 2255.732, 4.49, 34.183, 34.183, 34.183, 52.188, 78.574, 35.355, 34.617, 7.38, 11.838, 0, 0, 7.754, 7.858, 7.754, 7.858, 1, 86.198, 86.198, 0.024, 0.135, 9.053, 9.175, 9.053, 9.175, 6.753, 7.38, 11.838, , , 1, 22.853, 0, 0, 12.3, 4.49, 187, 0, 0, 0, 64.9, 5.675, 5.126, 118.4, 29.156, 100, 0, 0, 35, 35, 12, 1.09, 109.856, 0, 0, 116.301, 86.928, 0, 0, 0, 0, 0, 13.5, 0, 12.3, 0, 4.49, 187, 0, 0, 0, 64.9, 1, 0.006, 0.005, 118.4, 29.156, 100, 0, 0, 141, 35, 35, 12, 1.09, 0, 109.856, 0, 0, 116.308, 86.928, 0, 1.2, 0, 0, 
23.25, 17.93, 100.307, 73.807, 74.613, , 1.271, 0.987, 2262.044, 2262.044, 4.494, 33.034, 33.034, 33.034, 52.196, 78.765, 35.285, 34.723, 7.379, 11.837, 0, 0, 7.499, 7.599, 7.499, 7.599, 1, 86.262, 86.262, 0.024, 0.135, 8.748, 8.865, 8.748, 8.865, 6.734, 7.379, 11.837, , , 1, 22.903, 0, 0, 12.3, 4.494, 187, 0, 0, 0, 65, 5.688, 5.127, 118.492, 29.12, 100, 0, 0, 35, 35, 12, 1.092, 109.974, 0, 0, 116.5, 87.053, 0, 0, 0, 0, 0, 13.5, 0, 12.3, 0, 4.494, 187, 0, 0, 0, 65, 1, 0.006, 0.005, 118.492, 29.12, 100, 0, 0, 141, 35, 35, 12, 1.092, 0, 109.974, 0, 0, 116.5, 87.053, 0, 1.2, 0, 0, 
23.3, 17.932, 100.307, 73.812, 74.614, , 1.226, 0.987, 2268.354, 2268.354, 4.499, 31.957, 31.957, 31.957, 52.204, 78.956, 35.215, 34.828, 7.379, 11.841, 0, 0, 7.26, 7.356, 7.26, 7.356, 1, 86.324, 86.324, 0.024, 0.135, 8.46, 8.574, 8.46, 8.574, 6.714, 7.379, 11.841, , , 1, 22.953, 0, 0, 12.3, 4.499, 187, 0, 0, 0, 65, 5.685, 5.141, 118.676, 29.12, 100, 0, 0, 35, 35, 12, 1.096, 109.923, 0, 0, 116.5, 87.18, 0, 0, 0, 0, 0, 13.5, 0, 12.3, 0, 4.499, 187, 0, 0, 0, 65, 1, 0.006, 0.005, 118.676, 29.12, 100, 0, 0, 141, 35, 35, 12, 1.096, 0, 109.923, 0, 0, 116.5, 87.18, 0, 1.2, 0, 0, 
23.35, 17.933, 100.307, 73.817, 74.614, , 1.221, 0.987, 2274.664, 2274.664, 4.504, 31.847, 31.847, 31.847, 52.21, 79.147, 35.144, 34.933, 7.378, 11.848, 0, 0, 7.241, 7.337, 7.241, 7.337, 1, 86.387, 86.387, 0.024, 0.135, 8.429, 8.543, 8.429, 8.543, 6.693, 7.378, 11.848, , , 1, 23.004, 0, 0, 12.3, 4.504, 187, 0, 0, 0, 65, 5.682, 5.156, 118.859, 29.12, 100, 0, 0, 35, 35, 12, 1.1, 109.872, 0, 0, 116.5, 87.306, 0, 0, 0, 0, 0, 13.5, 0, 12.3, 0, 4.504, 187, 0, 0, 0, 65, 1, 0.006, 0.005, 118.859, 29.12, 100, 0, 0, 141, 35, 35, 12, 1.1, 0, 109.872, 0, 0, 116.5, 87.306, 0, 1.2, 0, 0, 
23.4, 17.934, 100.308, 73.822, 74.615, , 1.191, 0.987, 2280.976, 2280.976, 4.51, 31.133, 31.133, 31.133, 52.211, 79.339, 35.074, 35.039, 7.378, 11.85, 0, 0, 7.085, 7.177, 7.085, 7.177, 1, 86.448, 86.448, 0.024, 0.135, 8.241, 8.351, 8.241, 8.351, 6.673, 7.378, 11.85, , , 1, 23.053, 0, 0, 12.3, 4.51, 187, 0, 0, 0, 65, 5.679, 5.17, 119.043, 29.12, 100, 0, 0, 35, 35, 12, 1.104, 109.821, 0, 0, 116.5, 87.433, 0, 0, 0, 0, 0, 13.5, 0, 12.3, 0, 4.51, 187, 0, 0, 0, 65, 1, 0.006, 0.005, 119.043, 29.12, 100, 0, 0, 141, 35, 35, 12, 1.104, 0, 109.821, 0, 0, 116.5, 87.433, 0, 1.2, 0, 0, 
23.45, 17.935, 100.308, 73.827, 74.615, , 1.167, 0.987, 2287.286, 2287.286, 4.515, 30.566, 30.566, 30.566, 52.209, 79.53, 35.119, 35.06, 7.377, 11.849, 0, 0, 6.961, 7.051, 6.961, 7.051, 1, 86.507, 86.507, 0.024, 0.134, 8.091, 8.198, 8.091, 8.198, 6.656, 7.377, 11.849, , , 1, 23.103, 0, 0, 12.3, 4.515, 187, 0, 0, 0, 65, 5.676, 5.184, 119.227, 29.12, 100, 0, 0, 35, 35, 12, 1.108, 109.77, 0, 0, 116.5, 87.559, 0, 0, 0, 0, 0, 13.5, 0, 12.3, 0, 4.515, 187, 0, 0, 0, 65, 1, 0.006, 0.005, 119.227, 29.12, 100, 0, 0, 141, 35, 35, 12, 1.108, 0, 109.77, 0, 0, 116.5, 87.559, 0, 1.2, 0, 0, 
23.5, 17.936, 100.309, 73.832, 74.615, , 1.193, 0.987, 2293.614, 2293.614, 4.519, 31.183, 31.183, 31.183, 52.205, 79.721, 35.193, 35.06, 7.377, 11.842, 0, 0, 7.105, 7.199, 7.105, 7.199, 1, 86.566, 86.566, 0.024, 0.134, 8.255, 8.364, 8.255, 8.364, 6.647, 7.377, 11.842, , , 1, 23.154, 0, 0, 12.307, 4.519, 187, 0, 0, 0, 65, 5.67, 5.186, 119.3, 29.12, 100, 0, 0, 35, 35, 12, 1.11, 109.713, 0, 0, 116.463, 87.61, 0, 0, 0, 0, 0, 13.5, 0, 12.307, 0, 4.519, 187, 0, 0, 0, 65, 1, 0.006, 0.005, 119.3, 29.12, 100, 0, 0, 141, 35, 35, 12, 1.11, 0, 109.713, 0, 0, 116.463, 87.61, 0, 1.193, 0, 0, 
23.55, 17.937, 100.309, 73.837, 74.616, , 1.223, 0.987, 2300.034, 2300.034, 4.522, 31.917, 31.917, 31.917, 52.201, 79.912, 35.267, 35.06, 7.377, 11.831, 0, 0, 7.276, 7.374, 7.276, 7.374, 1, 86.627, 86.627, 0.024, 0.134, 8.451, 8.561, 8.451, 8.561, 6.639, 7.377, 11.831, , , 1, 23.203, 0, 0, 12.32, 4.522, 187, 0, 0, 0, 65, 5.661, 5.178, 119.3, 29.12, 100, 0, 0, 35, 35, 12, 1.11, 109.651, 0, 0, 116.401, 87.61, 0, 0, 0, 0, 0, 13.5, 0, 12.32, 0, 4.522, 187, 0, 0, 0, 65, 1, 0.006, 0.005, 119.3, 29.12, 100, 0, 0, 141, 35, 35, 12, 1.11, 0, 109.651, 0, 0, 116.401, 87.61, 0, 1.18, 0, 0, 
23.6, 17.938, 100.309, 73.842, 74.616, , 1.206, 0.987, 2306.344, 2306.344, 4.525, 31.5, 31.5, 31.5, 52.199, 80.103, 35.34, 35.06, 7.377, 11.817, 0, 0, 7.186, 7.282, 7.186, 7.282, 1, 86.687, 86.687, 0.024, 0.134, 8.341, 8.449, 8.341, 8.449, 6.63, 7.377, 11.817, , , 1, 23.254, 0, 0, 12.332, 4.525, 187, 0, 0, 0, 65, 5.652, 5.171, 119.3, 29.12, 100, 0, 0, 35, 35, 12, 1.11, 109.589, 0, 0, 116.339, 87.61, 0, 0, 0, 0, 0, 13.5, 0, 12.332, 0, 4.525, 187, 0, 0, 0, 65, 1, 0.006, 0.005, 119.3, 29.12, 100, 0, 0, 141, 35, 35, 12, 1.11, 0, 109.589, 0, 0, 116.339, 87.61, 0, 1.168, 0, 0, 
23.65, 17.94, 100.31, 73.847, 74.617, , 1.218, 0.987, 2312.655, 2312.655, 4.529, 31.802, 31.802, 31.802, 52.2, 80.294, 35.414, 35.06, 7.378, 11.801, 0, 0, 7.26, 7.357, 7.26, 7.357, 1, 86.748, 86.748, 0.024, 0.134, 8.42, 8.531, 8.42, 8.531, 6.621, 7.378, 11.801, , , 1, 23.303, 0, 0, 12.345, 4.529, 187, 0, 0, 0, 65, 5.644, 5.163, 119.3, 29.12, 100, 0, 0, 35, 35, 12, 1.11, 109.527, 0, 0, 116.277, 87.61, 0, 0, 0, 0, 0, 13.5, 0, 12.345, 0, 4.529, 187, 0, 0, 0, 65, 1, 0.006, 0.005, 119.3, 29.12, 100, 0, 0, 141, 35, 35, 12, 1.11, 0, 109.527, 0, 0, 116.277, 87.61, 0, 1.155, 0, 0, 
23.7, 17.941, 100.31, 73.85, 74.617, , 1.204, 0.987, 2319.04, 2319.04, 4.532, 31.46, 31.46, 31.46, 52.203, 80.485, 35.354, 35.06, 7.379, 11.793, 0, 0, 7.186, 7.282, 7.186, 7.282, 1, 86.808, 86.808, 0.024, 0.134, 8.329, 8.439, 8.329, 8.439, 6.602, 7.379, 11.793, , , 1, 23.354, 0, 0, 12.35, 4.532, 187, 0, 0, 0, 65, 5.64, 5.16, 119.41, 29.143, 100, 0, 0, 35, 35, 12, 1.11, 109.5, 0, 0, 116.22, 87.648, 0, 0, 0, 0, 0, 13.5, 0, 12.35, 0, 4.532, 187, 0, 0, 0, 65, 1, 0.006, 0.005, 119.41, 29.143, 100, 0, 0, 141, 35, 35, 12, 1.11, 0, 109.5, 0, 0, 116.22, 87.648, 0, 1.144, 0, 0, 
23.75, 17.942, 100.31, 73.85, 74.617, , 1.218, 0.987, 2325.404, 2325.404, 4.536, 31.795, 31.795, 31.795, 52.209, 80.677, 35.282, 35.06, 7.38, 11.792, 0, 0, 7.268, 7.365, 7.268, 7.365, 1, 86.868, 86.868, 0.024, 0.134, 8.417, 8.529, 8.417, 8.529, 6.583, 7.38, 11.792, , , 1, 23.404, 0, 0, 12.35, 4.536, 187, 0, 0, 0, 65, 5.64, 5.16, 119.605, 29.183, 100, 0, 0, 35, 35, 12, 1.11, 109.5, 0, 0, 116.165, 87.715, 0, 0, 0, 0, 0, 13.5, 0, 12.35, 0, 4.536, 187, 0, 0, 0, 65, 1, 0.006, 0.005, 119.605, 29.183, 100, 0, 0, 141, 35, 35, 12, 1.11, 0, 109.5, 0, 0, 116.165, 87.715, 0, 1.133, 0, 0, 
23.8, 17.943, 100.31, 73.85, 74.618, , 1.208, 0.987, 2331.714, 2331.714, 4.539, 31.566, 31.566, 31.566, 52.216, 80.868, 35.21, 35.06, 7.382, 11.798, 0, 0, 7.221, 7.317, 7.221, 7.317, 1, 86.929, 86.929, 0.024, 0.134, 8.355, 8.467, 8.355, 8.467, 6.564, 7.382, 11.798, , , 1, 23.453, 0, 0, 12.35, 4.539, 187, 0, 0, 0, 65, 5.64, 5.16, 119.801, 29.223, 100, 0, 0, 35, 35, 12, 1.11, 109.5, 0, 0, 116.111, 87.783, 0, 0, 0, 0, 0, 13.5, 0, 12.35, 0, 4.539, 187, 0, 0, 0, 65, 1, 0.006, 0.005, 119.801, 29.223, 100, 0, 0, 141, 35, 35, 12, 1.11, 0, 109.5, 0, 0, 116.111, 87.783, 0, 1.122, 0, 0, 
23.85, 17.944, 100.31, 73.85, 74.618, , 1.177, 0.987, 2338.11, 2338.11, 4.543, 30.837, 30.837, 30.837, 52.225, 81.059, 35.138, 35.06, 7.383, 11.812, 0, 0, 7.059, 7.152, 7.059, 7.152, 1, 86.988, 86.988, 0.024, 0.134, 8.161, 8.27, 8.161, 8.27, 6.546, 7.383, 11.812, , , 1, 23.503, 0, 0, 12.35, 4.543, 187, 0, 0, 0, 65, 5.64, 5.16, 119.997, 29.263, 100, 0, 0, 35, 35, 12, 1.11, 109.5, 0, 0, 116.057, 87.85, 0, 0, 0, 0, 0, 13.5, 0, 12.35, 0, 4.543, 187, 0, 0, 0, 65, 1, 0.006, 0.005, 119.997, 29.263, 100, 0, 0, 141, 35, 35, 12, 1.11, 0, 109.5, 0, 0, 116.057, 87.85, 0, 1.111, 0, 0, 
23.9, 17.945, 100.31, 73.85, 74.618, , 1.159, 0.987, 2344.463, 2344.463, 4.547, 30.401, 30.401, 30.401, 52.235, 81.25, 35.066, 35.06, 7.384, 11.827, 0, 0, 6.964, 7.057, 6.964, 7.057, 1, 87.045, 87.045, 0.024, 0.135, 8.043, 8.152, 8.043, 8.152, 6.546, 7.384, 11.827, , , 1, 23.553, 0, 0, 12.35, 4.547, 187, 0, 0, 0, 65, 5.64, 5.16, 120.192, 29.303, 100, 0, 0, 35, 35, 12, 1.11, 109.5, 0, 0, 116.002, 87.917, 0, 0, 0, 0, 0, 13.5, 0, 12.35, 0, 4.547, 187, 0, 0, 0, 65, 1, 0.006, 0.005, 120.192, 29.303, 100, 0, 0, 141, 35, 35, 12, 1.11, 0, 109.5, 0, 0, 116.002, 87.917, 0, 1.1, 0, 0, 
23.95, 17.947, 100.31, 73.85, 74.619, , 1.169, 0.987, 2350.823, 2350.823, 4.549, 30.63, 30.63, 30.63, 52.244, 81.441, 35.192, 35.06, 7.384, 11.843, 0, 0, 7.021, 7.115, 7.021, 7.115, 1, 87.104, 87.104, 0.024, 0.135, 8.102, 8.212, 8.102, 8.212, 6.546, 7.384, 11.843, , , 1, 23.603, 0, 0, 12.339, 4.549, 187, 0, 0, 0, 65, 5.644, 5.164, 120.2, 29.345, 100, 0, 0, 35, 35, 12, 1.11, 109.5, 0, 0, 116, 87.987, 0, 0, 0, 0, 0, 13.5, 0, 12.339, 0, 4.549, 187, 0, 0, 0, 65, 1, 0.006, 0.005, 120.2, 29.345, 100, 0, 0, 141, 35, 35, 12, 1.11, 0, 109.5, 0, 0, 116, 87.987, 0, 1.1, 0, 0, 
24, 17.948, 100.31, 73.85, 74.619, , 1.18, 0.987, 2357.211, 2357.211, 4.551, 30.893, 30.893, 30.893, 52.247, 81.632, 35.335, 35.06, 7.383, 11.853, 0, 0, 7.087, 7.181, 7.087, 7.181, 1, 87.162, 87.162, 0.024, 0.135, 8.171, 8.282, 8.171, 8.282, 6.547, 7.383, 11.853, , , 1, 23.653, 0, 0, 12.328, 4.551, 187, 0, 0, 0, 65, 5.649, 5.169, 120.2, 29.387, 100, 0, 0, 35, 35, 12, 1.11, 109.5, 0, 0, 116, 88.057, 0, 0, 0, 0, 0, 13.5, 0, 12.328, 0, 4.551, 187, 0, 0, 0, 65, 1, 0.006, 0.005, 120.2, 29.387, 100, 0, 0, 141, 35, 35, 12, 1.11, 0, 109.5, 0, 0, 116, 88.057, 0, 1.1, 0, 0, 
24.05, 17.949, 100.31, 73.85, 74.62, , 1.211, 0.987, 2363.648, 2363.648, 4.553, 31.628, 31.628, 31.628, 52.244, 77.635, 35.479, 35.06, 7.382, 11.858, 0, 0, 7.26, 7.356, 7.26, 7.356, 1, 87.222, 87.222, 0.024, 0.135, 8.365, 8.478, 8.365, 8.478, 6.548, 7.382, 11.858, , , 1, 23.703, 0, 0, 12.317, 4.553, 187, 0, 0, 0, 65, 5.653, 5.173, 120.2, 29.429, 100, 0, 0, 35, 35, 12, 1.11, 109.5, 0, 0, 116, 88.128, 0, 0, 0, 0, 0, 13.5, 0, 12.317, 0, 4.553, 187, 0, 0, 0, 65, 1, 0.006, 0.005, 120.2, 29.429, 100, 0, 0, 141, 35, 35, 12, 1.11, 0, 109.5, 0, 0, 116, 88.128, 0, 1.1, 0, 0, 
24.1, 17.95, 100.31, 73.85, 74.62, , 1.243, 0.987, 2369.958, 2369.958, 4.555, 32.404, 32.404, 32.404, 52.236, 73.464, 35.622, 35.06, 7.381, 11.859, 0, 0, 7.443, 7.54, 7.443, 7.54, 1, 87.283, 87.283, 0.024, 0.135, 8.572, 8.688, 8.572, 8.688, 6.574, 7.381, 11.859, , , 1, 23.754, 0, 0, 12.305, 4.555, 187, 0, 0, 0, 65, 5.658, 5.178, 120.2, 29.471, 100, 0, 0, 35, 35, 12, 1.11, 109.5, 0, 0, 116, 88.198, 0, 0, 0, 0, 0, 13.5, 0, 12.305, 0, 4.555, 187, 0, 0, 0, 65, 1, 0.006, 0.005, 120.2, 29.472, 100, 0, 0, 141, 35, 35, 12, 1.11, 0, 109.5, 0, 0, 116, 88.198, 0, 1.1, 0, 0, 
24.15, 17.95, 100.31, 73.85, 74.62, , 1.247, 0.987, 2376.378, 2376.378, 4.558, 32.503, 32.503, 32.503, 52.222, 69.292, 35.766, 35.06, 7.38, 11.854, 0, 0, 7.47, 7.568, 7.47, 7.568, 1, 87.347, 87.347, 0.024, 0.135, 8.601, 8.717, 8.601, 8.717, 6.6, 7.38, 11.854, , , 1, 23.803, 0, 0, 12.3, 4.558, 187, 0, 0, 0, 65, 5.659, 5.187, 120.2, 29.45, 100, 0, 0, 35, 35, 12, 1.11, 109.473, 0, 0, 116, 88.264, 0, 0, 0, 0, 0, 13.5, 0, 12.3, 0, 4.558, 187, 0, 0, 0, 65, 1, 0.006, 0.005, 120.2, 29.448, 100, 0, 0, 141, 35, 35, 12, 1.11, 0, 109.473, 0, 0, 116, 88.264, 0, 1.1, 0, 0, 
24.2, 17.95, 100.31, 73.85, 74.62, , 1.228, 0.987, 2382.734, 2382.734, 4.562, 32.041, 32.041, 32.041, 52.211, 65.12, 35.715, 34.995, 7.379, 11.851, 0, 0, 7.369, 7.465, 7.369, 7.465, 1, 87.408, 87.408, 0.024, 0.135, 8.482, 8.594, 8.482, 8.594, 6.626, 7.379, 11.851, , , 1, 23.853, 0, 0, 12.3, 4.562, 187, 0, 0, 0, 65, 5.657, 5.199, 120.2, 29.376, 100, 0, 0, 35, 35, 12, 1.11, 109.423, 0, 0, 116, 88.327, 0, 0, 0, 0, 0, 13.5, 0, 12.3, 0, 4.562, 187, 0, 0, 0, 65, 1, 0.006, 0.005, 120.2, 29.374, 100, 0, 0, 141, 35, 35, 12, 1.11, 0, 109.423, 0, 0, 116, 88.327, 0, 1.1, 0, 0, 
24.25, 17.95, 100.31, 73.85, 74.62, , 1.173, 0.987, 2389.142, 2389.142, 4.565, 30.757, 30.757, 30.757, 52.204, 60.949, 35.643, 34.923, 7.379, 11.852, 0, 0, 7.079, 7.171, 7.079, 7.171, 1, 87.469, 87.469, 0.024, 0.135, 8.144, 8.25, 8.144, 8.25, 6.651, 7.379, 11.852, , , 1, 23.903, 0, 0, 12.3, 4.565, 187, 0, 0, 0, 65, 5.655, 5.211, 120.2, 29.301, 100, 0, 0, 35, 35, 12, 1.11, 109.372, 0, 0, 116, 88.391, 0, 0, 0, 0, 0, 13.5, 0, 12.3, 0, 4.565, 187, 0, 0, 0, 65, 1, 0.006, 0.005, 120.2, 29.3, 100, 0, 0, 141, 35, 35, 12, 1.11, 0, 109.372, 0, 0, 116, 88.391, 0, 1.1, 0, 0, 
24.3, 17.95, 100.31, 73.85, 74.62, , 1.139, 0.987, 2395.577, 2395.577, 4.569, 29.937, 29.937, 29.937, 52.204, 56.777, 35.57, 34.85, 7.379, 11.855, 0, 0, 6.894, 6.986, 6.894, 6.986, 1, 87.525, 87.525, 0.024, 0.135, 7.928, 8.03, 7.928, 8.03, 6.685, 7.379, 11.855, , , 1, 23.953, 0, 0, 12.3, 4.569, 187, 0, 0, 0, 65, 5.653, 5.223, 120.2, 29.227, 100, 0, 0, 35, 35, 12, 1.11, 109.322, 0, 0, 116, 88.454, 0, 0, 0, 0, 0, 13.5, 0, 12.3, 0, 4.569, 187, 0, 0, 0, 65, 1, 0.006, 0.005, 120.2, 29.226, 100, 0, 0, 141, 35, 35, 12, 1.11, 0, 109.322, 0, 0, 116, 88.454, 0, 1.1, 0, 0, 
24.35, 17.95, 100.31, 73.85, 74.62, , 1.144, 0.987, 2401.933, 2401.933, 4.573, 30.052, 30.052, 30.052, 52.208, 52.605, 35.498, 34.778, 7.38, 11.861, 0, 0, 6.926, 7.018, 6.926, 7.018, 1, 87.582, 87.582, 0.024, 0.135, 7.957, 8.06, 7.957, 8.06, 6.721, 7.38, 11.861, , , 1, 24.003, 0, 0, 12.3, 4.573, 187, 0, 0, 0, 65, 5.651, 5.235, 120.2, 29.153, 100, 0, 0, 35, 35, 12, 1.11, 109.272, 0, 0, 116, 88.517, 0, 0, 0, 0, 0, 13.5, 0, 12.3, 0, 4.573, 187, 0, 0, 0, 65, 1, 0.006, 0.005, 120.2, 29.151, 100, 0, 0, 141, 35, 35, 12, 1.11, 0, 109.272, 0, 0, 116, 88.517, 0, 1.1, 0, 0, 
24.4, 17.95, 100.31, 73.85, 74.62, , 1.155, 0.987, 2408.418, 2408.418, 4.576, 30.322, 30.322, 30.322, 52.213, 48.434, 35.426, 34.706, 7.38, 11.866, 0, 0, 6.992, 7.086, 6.992, 7.086, 1, 87.639, 87.639, 0.024, 0.135, 8.028, 8.132, 8.028, 8.132, 6.757, 7.38, 11.866, , , 1, 24.053, 0, 0, 12.3, 4.576, 187, 0, 0, 0, 65, 5.645, 5.235, 120.2, 29.143, 100, 0, 0, 35, 35, 12, 1.11, 109.22, 0, 0, 115.97, 88.583, 0, 0, 0, 0, 0, 13.5, 0, 12.3, 0, 4.576, 187, 0, 0, 0, 65, 1, 0.006, 0.005, 120.2, 29.143, 100, 0, 0, 141, 35, 35, 12, 1.11, 0, 109.22, 0, 0, 115.97, 88.583, 0, 1.1, 0, 0, 
24.45, 17.95, 100.31, 73.85, 74.62, , 1.113, 0.987, 2414.775, 2414.775, 4.579, 29.335, 29.335, 29.335, 52.216, 51.538, 35.221, 35.164, 7.379, 11.872, 0, 0, 6.769, 6.86, 6.769, 6.86, 1, 87.695, 87.695, 0.024, 0.135, 7.765, 7.867, 7.765, 7.867, 6.793, 7.379, 11.872, , , 1, 24.104, 0, 0, 12.3, 4.579, 187, 0, 0, 0, 65, 5.635, 5.225, 120.2, 29.183, 100, 0, 0, 35, 35, 12, 1.11, 109.165, 0, 0, 115.915, 88.652, 0, 0, 0, 0, 0, 13.5, 0, 12.3, 0, 4.579, 187, 0, 0, 0, 65, 1, 0.006, 0.005, 120.2, 29.183, 100, 0, 0, 141, 35, 35, 12, 1.11, 0, 109.165, 0, 0, 115.915, 88.652, 0, 1.1, 0, 0, 
24.5, 17.95, 100.31, 73.85, 74.62, , 1.152, 0.987, 2421.261, 2421.261, 4.581, 30.254, 30.254, 30.254, 52.213, 70.856, 35.005, 35.668, 7.379, 11.876, 0, 0, 6.984, 7.079, 6.984, 7.079, 1, 87.752, 87.752, 0.024, 0.135, 8.009, 8.114, 8.009, 8.114, 6.815, 7.379, 11.876, , , 1, 24.153, 0, 0, 12.3, 4.581, 187, 0, 0, 0, 65, 5.625, 5.215, 120.2, 29.223, 100, 0, 0, 35, 35, 12, 1.11, 109.111, 0, 0, 115.861, 88.72, 0, 0, 0, 0, 0, 13.5, 0, 12.3, 0, 4.581, 187, 0, 0, 0, 65, 1, 0.006, 0.005, 120.2, 29.223, 100, 0, 0, 141, 35, 35, 12, 1.11, 0, 109.111, 0, 0, 115.861, 88.72, 0, 1.1, 0, 0, 
24.55, 17.95, 100.31, 73.85, 74.62, , 1.164, 0.987, 2427.638, 2427.638, 4.584, 30.55, 30.55, 30.55, 52.204, 70.613, 34.789, 36.172, 7.379, 11.875, 0, 0, 7.059, 7.153, 7.059, 7.153, 1, 87.81, 87.81, 0.024, 0.135, 8.089, 8.195, 8.089, 8.195, 6.825, 7.379, 11.875, , , 1, 24.203, 0, 0, 12.3, 4.584, 187, 0, 0, 0, 65, 5.615, 5.205, 120.2, 29.263, 100, 0, 0, 35, 35, 12, 1.11, 109.057, 0, 0, 115.807, 88.789, 0, 0, 0, 0, 0, 13.5, 0, 12.3, 0, 4.584, 187, 0, 0, 0, 65, 1, 0.006, 0.005, 120.2, 29.263, 100, 0, 0, 141, 35, 35, 12, 1.11, 0, 109.057, 0, 0, 115.807, 88.789, 0, 1.1, 0, 0, 
24.6, 17.95, 100.31, 73.85, 74.62, , 1.144, 0.987, 2434.104, 2434.104, 4.586, 30.065, 30.065, 30.065, 52.19, 70.37, 34.573, 36.676, 7.379, 11.872, 0, 0, 6.952, 7.044, 6.952, 7.044, 1, 87.868, 87.868, 0.024, 0.135, 7.962, 8.067, 7.962, 8.067, 6.835, 7.379, 11.872, , , 1, 24.253, 0, 0, 12.3, 4.586, 187, 0, 0, 0, 65, 5.605, 5.195, 120.2, 29.303, 100, 0, 0, 35, 35, 12, 1.11, 109.002, 0, 0, 115.752, 88.857, 0, 0, 0, 0, 0, 13.5, 0, 12.3, 0, 4.586, 187, 0, 0, 0, 65, 1, 0.006, 0.005, 120.2, 29.303, 100, 0, 0, 141, 35, 35, 12, 1.11, 0, 109.002, 0, 0, 115.752, 88.857, 0, 1.1, 0, 0, 
24.65, 17.95, 100.31, 73.85, 74.62, , 1.146, 0.987, 2440.513, 2440.513, 4.589, 30.127, 30.127, 30.127, 52.177, 70.126, 34.357, 37.18, 7.38, 11.867, 0, 0, 6.971, 7.064, 6.971, 7.064, 1, 87.925, 87.925, 0.024, 0.135, 7.981, 8.086, 7.981, 8.086, 6.845, 7.38, 11.867, , , 1, 24.303, 0, 0, 12.3, 4.589, 187, 0, 0, 0, 65, 5.605, 5.18, 120.2, 29.342, 100, 0, 0, 35, 35, 12, 1.11, 109, 0, 0, 115.7, 88.922, 0, 0, 0, 0, 0, 13.5, 0, 12.3, 0, 4.589, 187, 0, 0, 0, 65, 1, 0.006, 0.005, 120.2, 29.342, 100, 0, 0, 141, 35, 35, 12, 1.11, 0, 109, 0, 0, 115.7, 88.922, 0, 1.1, 0, 0, 
24.7, 17.95, 100.31, 73.85, 74.62, , 1.19, 0.987, 2446.946, 2446.946, 4.592, 31.16, 31.16, 31.16, 52.169, 69.883, 34.472, 36.889, 7.382, 11.861, 0, 0, 7.215, 7.311, 7.215, 7.311, 1, 87.985, 87.985, 0.024, 0.135, 8.256, 8.366, 8.256, 8.366, 6.844, 7.382, 11.861, , , 1, 24.353, 0, 0, 12.3, 4.592, 187, 0, 0, 0, 65, 5.605, 5.164, 120.2, 29.381, 100, 0, 0, 35, 35, 12, 1.11, 109, 0, 0, 115.648, 88.987, 0, 0, 0, 0, 0, 13.5, 0, 12.3, 0, 4.592, 187, 0, 0, 0, 65, 1, 0.006, 0.005, 120.2, 29.381, 100, 0, 0, 141, 35, 35, 12, 1.11, 0, 109, 0, 0, 115.648, 88.987, 0, 1.1, 0, 0, 
24.75, 17.95, 100.31, 73.85, 74.62, , 1.171, 0.987, 2453.388, 2453.388, 4.595, 30.711, 30.711, 30.711, 52.167, 69.639, 34.616, 36.529, 7.383, 11.853, 0, 0, 7.116, 7.211, 7.116, 7.211, 1, 88.045, 88.045, 0.024, 0.135, 8.138, 8.245, 8.138, 8.245, 6.833, 7.383, 11.853, , , 1, 24.404, 0, 0, 12.3, 4.595, 187, 0, 0, 0, 65, 5.605, 5.149, 120.2, 29.419, 100, 0, 0, 35, 35, 12, 1.11, 109, 0, 0, 115.596, 89.051, 0, 0, 0, 0, 0, 13.5, 0, 12.3, 0, 4.595, 187, 0, 0, 0, 65, 1, 0.006, 0.005, 120.2, 29.42, 100, 0, 0, 141, 35, 35, 12, 1.11, 0, 109, 0, 0, 115.596, 89.051, 0, 1.1, 0, 0, 
24.8, 17.95, 100.31, 73.85, 74.62, , 1.139, 0.987, 2459.79, 2459.79, 4.598, 29.949, 29.949, 29.949, 52.173, 69.396, 34.76, 36.169, 7.384, 11.846, 0, 0, 6.943, 7.036, 6.943, 7.036, 1, 88.102, 88.102, 0.024, 0.135, 7.934, 8.04, 7.934, 8.04, 6.822, 7.384, 11.846, , , 1, 24.453, 0, 0, 12.3, 4.598, 187, 0, 0, 0, 65, 5.605, 5.133, 120.2, 29.458, 100, 0, 0, 35, 35, 12, 1.11, 109, 0, 0, 115.544, 89.116, 0, 0, 0, 0, 0, 13.5, 0, 12.3, 0, 4.598, 187, 0, 0, 0, 65, 1, 0.006, 0.005, 120.2, 29.458, 100, 0, 0, 141, 35, 35, 12, 1.11, 0, 109, 0, 0, 115.544, 89.116, 0, 1.1, 0, 0, 
24.85, 17.95, 100.31, 73.85, 74.62, , 1.136, 0.987, 2466.276, 2466.276, 4.602, 29.895, 29.895, 29.895, 52.187, 69.152, 34.904, 35.809, 7.384, 11.84, 0, 0, 6.934, 7.028, 6.934, 7.028, 1, 88.159, 88.159, 0.024, 0.136, 7.918, 8.023, 7.918, 8.023, 6.811, 7.384, 11.84, , , 1, 24.503, 0, 0, 12.3, 4.602, 187, 0, 0, 0, 65, 5.605, 5.119, 120.2, 29.484, 100, 0, 0, 35, 35, 12, 1.11, 108.992, 0, 0, 115.5, 89.18, 0, 0, 0, 0, 0, 13.5, 0, 12.3, 0, 4.602, 187, 0, 0, 0, 65, 1, 0.006, 0.005, 120.2, 29.49, 100, 0, 0, 141, 35, 35, 12, 1.11, 0, 108.992, 0, 0, 115.5, 89.18, 0, 1.1, 0, 0, 
24.9, 17.95, 100.31, 73.85, 74.62, , 1.109, 0.987, 2472.762, 2472.762, 4.605, 29.243, 29.243, 29.243, 52.203, 68.909, 35.048, 35.449, 7.384, 11.835, 0, 0, 6.788, 6.88, 6.788, 6.88, 1, 88.214, 88.214, 0.024, 0.136, 7.744, 7.846, 7.744, 7.846, 6.803, 7.384, 11.835, , , 1, 24.553, 0, 0, 12.3, 4.605, 187, 0, 0, 0, 65, 5.601, 5.11, 120.2, 29.445, 100, 0, 0, 35, 35, 12, 1.11, 108.94, 0, 0, 115.5, 89.245, 0, 0, 0, 0, 0, 13.5, 0, 12.3, 0, 4.605, 187, 0, 0, 0, 65, 1, 0.006, 0.005, 120.2, 29.49, 100, 0, 0, 141, 35, 35, 12, 1.11, 0, 108.94, 0, 0, 115.5, 89.245, 0, 1.1, 0, 0, 
24.95, 17.95, 100.31, 73.85, 74.62, , 1.099, 0.987, 2479.248, 2479.248, 4.608, 29.011, 29.011, 29.011, 52.213, 68.665, 35.126, 35.42, 7.383, 11.837, 0, 0, 6.738, 6.831, 6.738, 6.831, 1, 88.267, 88.267, 0.024, 0.136, 7.681, 7.782, 7.681, 7.782, 6.805, 7.383, 11.837, , , 1, 24.603, 0, 0, 12.3, 4.608, 187, 0, 0, 0, 65, 5.598, 5.102, 120.2, 29.407, 100, 0, 0, 35, 35, 12, 1.11, 108.888, 0, 0, 115.5, 89.31, 0, 0, 0, 0, 0, 13.5, 0, 12.3, 0, 4.608, 187, 0, 0, 0, 65, 1, 0.006, 0.005, 120.2, 29.49, 100, 0, 0, 141, 35, 35, 12, 1.11, 0, 108.888, 0, 0, 115.5, 89.31, 0, 1.1, 0, 0, 
25, 17.95, 100.31, 73.85, 74.62, , 1.117, 0.987, 2485.604, 2485.604, 4.611, 29.45, 29.45, 29.45, 52.217, 68.422, 35.198, 35.42, 7.382, 11.841, 0, 0, 6.844, 6.937, 6.844, 6.937, 1, 88.321, 88.321, 0.024, 0.136, 7.797, 7.9, 7.797, 7.9, 6.807, 7.382, 11.841, , , 1, 24.653, 0, 0, 12.3, 4.611, 187, 0, 0, 0, 65, 5.595, 5.094, 120.2, 29.368, 100, 0, 0, 35, 35, 12, 1.11, 108.835, 0, 0, 115.5, 89.374, 0, 0, 0, 0, 0, 13.5, 0, 12.3, 0, 4.611, 187, 0, 0, 0, 65, 1, 0.006, 0.005, 120.2, 29.49, 100, 0, 0, 141, 35, 35, 12, 1.11, 0, 108.835, 0, 0, 115.5, 89.374, 0, 1.1, 0, 0, 
25.05, 17.95, 100.31, 73.85, 74.62, , 1.105, 0.987, 2492.09, 2492.09, 4.614, 29.173, 29.173, 29.173, 52.214, 68.179, 35.269, 35.42, 7.381, 11.851, 0, 0, 6.783, 6.875, 6.783, 6.875, 1, 88.377, 88.377, 0.024, 0.136, 7.723, 7.825, 7.723, 7.825, 6.809, 7.381, 11.851, , , 1, 24.703, 0, 0, 12.3, 4.614, 187, 0, 0, 0, 65, 5.592, 5.085, 120.2, 29.33, 100, 0, 0, 35, 35, 12, 1.11, 108.783, 0, 0, 115.5, 89.439, 0, 0, 0, 0, 0, 13.5, 0, 12.3, 0, 4.614, 187, 0, 0, 0, 65, 1, 0.006, 0.005, 120.2, 29.49, 100, 0, 0, 141, 35, 35, 12, 1.11, 0, 108.783, 0, 0, 115.5, 89.439, 0, 1.1, 0, 0, 
25.1, 17.95, 100.309, 73.85, 74.62, , 1.086, 0.987, 2498.576, 2498.576, 4.617, 28.723, 28.723, 28.723, 52.206, 67.935, 35.341, 35.42, 7.38, 11.863, 0, 0, 6.682, 6.772, 6.682, 6.772, 1, 88.433, 88.433, 0.024, 0.136, 7.606, 7.706, 7.606, 7.706, 6.811, 7.38, 11.863, , , 1, 24.753, 0, 0, 12.3, 4.617, 187, 0, 0, 0, 65, 5.586, 5.08, 120.2, 29.291, 100, 0, 0, 35, 35, 12, 1.11, 108.731, 0, 0, 115.5, 89.48, 0, 0, 0, 0, 0, 13.5, 0, 12.3, 0, 4.617, 187, 0, 0, 0, 65, 1, 0.006, 0.005, 120.2, 29.461, 100, 0, 0, 141, 35, 35, 12, 1.11, 0, 108.731, 0, 0, 115.5, 89.48, 0, 1.1, 0, 0, 
25.15, 17.95, 100.309, 73.85, 74.62, , 1.108, 0.987, 2505.062, 2505.062, 4.618, 29.25, 29.25, 29.25, 52.198, 67.692, 35.413, 35.42, 7.38, 11.881, 0, 0, 6.809, 6.901, 6.809, 6.901, 1, 88.488, 88.488, 0.024, 0.136, 7.746, 7.847, 7.746, 7.847, 6.817, 7.38, 11.881, , , 1, 24.803, 0, 0, 12.3, 4.618, 187, 0, 0, 0, 65, 5.576, 5.08, 120.2, 29.253, 100, 0, 0, 35, 35, 12, 1.11, 108.679, 0, 0, 115.5, 89.48, 0, 0, 0, 0, 0, 13.5, 0, 12.3, 0, 4.618, 187, 0, 0, 0, 65, 1, 0.006, 0.005, 120.2, 29.384, 100, 0, 0, 141, 35, 35, 12, 1.11, 0, 108.679, 0, 0, 115.5, 89.48, 0, 1.1, 0, 0, 
25.2, 17.95, 100.308, 73.85, 74.62, , 1.089, 0.987, 2511.548, 2511.548, 4.619, 28.79, 28.79, 28.79, 52.192, 67.448, 35.355, 35.257, 7.38, 11.898, 0, 0, 6.707, 6.796, 6.707, 6.796, 1, 88.544, 88.544, 0.024, 0.135, 7.624, 7.724, 7.624, 7.724, 6.824, 7.38, 11.898, , , 1, 24.854, 0, 0, 12.3, 4.619, 187, 0, 0, 0, 65, 5.565, 5.08, 120.2, 29.214, 100, 0, 0, 35, 35, 12, 1.11, 108.627, 0, 0, 115.5, 89.48, 0, 0, 0, 0, 0, 13.5, 0, 12.3, 0, 4.619, 187, 0, 0, 0, 65, 1, 0.006, 0.005, 120.2, 29.307, 100, 0, 0, 141, 35, 35, 12, 1.11, 0, 108.627, 0, 0, 115.5, 89.48, 0, 1.1, 0, 0, 
25.25, 17.95, 100.308, 73.85, 74.62, , 1.073, 0.987, 2518.034, 2518.034, 4.62, 28.415, 28.415, 28.415, 52.191, 67.205, 35.283, 35.077, 7.379, 11.912, 0, 0, 6.624, 6.712, 6.624, 6.712, 1, 88.598, 88.598, 0.024, 0.135, 7.525, 7.622, 7.525, 7.622, 6.83, 7.379, 11.912, , , 1, 24.903, 0, 0, 12.3, 4.62, 187, 0, 0, 0, 65, 5.555, 5.08, 120.2, 29.176, 100, 0, 0, 35, 35, 12, 1.11, 108.575, 0, 0, 115.5, 89.48, 0, 0, 0, 0, 0, 13.5, 0, 12.3, 0, 4.62, 187, 0, 0, 0, 65, 1, 0.006, 0.005, 120.2, 29.231, 100, 0, 0, 141, 35, 35, 12, 1.11, 0, 108.575, 0, 0, 115.5, 89.48, 0, 1.1, 0, 0, 
25.3, 17.95, 100.308, 73.85, 74.62, , 1.114, 0.987, 2524.52, 2524.52, 4.621, 29.395, 29.395, 29.395, 52.195, 66.961, 35.21, 34.896, 7.379, 11.926, 0, 0, 6.858, 6.947, 6.858, 6.947, 1, 88.653, 88.653, 0.024, 0.135, 7.784, 7.886, 7.784, 7.886, 6.837, 7.379, 11.926, , , 1, 24.953, 0, 0, 12.3, 4.621, 187, 0, 0, 0, 65, 5.545, 5.08, 120.2, 29.137, 100, 0, 0, 35, 35, 12, 1.11, 108.523, 0, 0, 115.5, 89.48, 0, 0, 0, 0, 0, 13.5, 0, 12.3, 0, 4.621, 187, 0, 0, 0, 65, 1, 0.006, 0.005, 120.2, 29.154, 100, 0, 0, 141, 35, 35, 12, 1.11, 0, 108.523, 0, 0, 115.5, 89.48, 0, 1.1, 0, 0, 
25.35, 17.95, 100.307, 73.85, 74.62, , 1.097, 0.987, 2531.007, 2531.007, 4.624, 28.995, 28.995, 28.995, 52.2, 66.718, 35.138, 34.715, 7.378, 11.934, 0, 0, 6.769, 6.858, 6.769, 6.858, 1, 88.708, 88.708, 0.024, 0.135, 7.677, 7.778, 7.677, 7.778, 6.84, 7.378, 11.934, , , 1, 25.003, 0, 0, 12.295, 4.624, 187, 0, 0, 0, 64.946, 5.546, 5.076, 120.2, 29.1, 100, 0, 0, 35, 35, 12, 1.11, 108.5, 0, 0, 115.473, 89.513, 0, 0, 0, 0, 0, 13.5, 0, 12.295, 0, 4.624, 187, 0, 0, 0, 64.946, 1, 0.006, 0.005, 120.2, 29.1, 100, 0, 0, 141, 35, 35, 12, 1.11, 0, 108.5, 0, 0, 115.473, 89.513, 0, 1.1, 0, 0, 
25.4, 17.95, 100.307, 73.85, 74.62, , 0.998, 0.987, 2537.492, 2537.492, 4.628, 26.631, 26.631, 26.631, 52.207, 66.474, 35.066, 34.534, 7.378, 11.94, 0, 0, 6.221, 6.302, 6.221, 6.302, 1, 88.761, 88.761, 0.024, 0.135, 7.051, 7.144, 7.051, 7.144, 6.843, 7.378, 11.94, , , 1, 25.053, 0, 0, 12.285, 4.628, 187, 0, 0, 0, 64.85, 5.558, 5.069, 120.2, 29.065, 100, 0, 0, 35, 35, 12, 1.11, 108.5, 0, 0, 115.425, 89.573, 0, 0, 0, 0, 0, 13.5, 0, 12.285, 0, 4.628, 187, 0, 0, 0, 64.85, 1, 0.006, 0.005, 120.2, 29.064, 100, 0, 0, 141, 35, 35, 12, 1.11, 0, 108.5, 0, 0, 115.425, 89.573, 0, 1.1, 0, 0, 
25.45, 17.95, 100.307, 73.85, 74.62, , 0.99, 0.987, 2543.978, 2543.978, 4.633, 26.442, 26.442, 26.442, 52.214, 66.231, 34.928, 34.52, 7.378, 11.941, 0, 0, 6.18, 6.261, 6.18, 6.261, 1, 88.81, 88.81, 0.024, 0.135, 7.001, 7.093, 7.001, 7.093, 6.846, 7.378, 11.941, , , 1, 25.103, 0, 0, 12.275, 4.633, 187, 0, 0, 0, 64.754, 5.57, 5.063, 120.2, 29.029, 100, 0, 0, 35, 35, 12, 1.11, 108.5, 0, 0, 115.377, 89.633, 0, 0, 0, 0, 0, 13.5, 0, 12.275, 0, 4.633, 187, 0, 0, 0, 64.754, 1, 0.006, 0.005, 120.2, 29.029, 100, 0, 0, 141, 35, 35, 12, 1.11, 0, 108.5, 0, 0, 115.377, 89.633, 0, 1.1, 0, 0, 
25.5, 17.95, 100.306, 73.85, 74.62, , 1.018, 0.987, 2550.464, 2550.464, 4.637, 27.122, 27.122, 27.122, 52.218, 65.987, 34.784, 34.52, 7.378, 11.941, 0, 0, 6.343, 6.427, 6.343, 6.427, 1, 88.86, 88.86, 0.024, 0.135, 7.18, 7.275, 7.18, 7.275, 6.849, 7.378, 11.941, , , 1, 25.153, 0, 0, 12.266, 4.637, 187, 0, 0, 0, 64.658, 5.581, 5.056, 120.2, 28.993, 100, 0, 0, 35, 35, 12, 1.11, 108.5, 0, 0, 115.329, 89.692, 0, 0, 0, 0, 0, 13.5, 0, 12.266, 0, 4.637, 187, 0, 0, 0, 64.658, 1, 0.006, 0.005, 120.2, 28.993, 100, 0, 0, 141, 35, 35, 12, 1.11, 0, 108.5, 0, 0, 115.329, 89.692, 0, 1.1, 0, 0, 
25.55, 17.95, 100.306, 73.85, 74.62, , 1.019, 0.987, 2556.951, 2556.951, 4.642, 27.142, 27.142, 27.142, 52.219, 65.744, 34.64, 34.52, 7.38, 11.94, 0, 0, 6.35, 6.437, 6.35, 6.437, 1, 88.91, 88.91, 0.024, 0.135, 7.186, 7.28, 7.186, 7.28, 6.845, 7.38, 11.94, , , 1, 25.203, 0, 0, 12.256, 4.642, 187, 0, 0, 0, 64.562, 5.593, 5.049, 120.2, 28.958, 100, 0, 0, 35, 35, 12, 1.11, 108.5, 0, 0, 115.281, 89.752, 0, 0, 0, 0, 0, 13.5, 0, 12.256, 0, 4.642, 187, 0, 0, 0, 64.562, 1, 0.006, 0.005, 120.2, 28.957, 100, 0, 0, 141, 35, 35, 12, 1.11, 0, 108.5, 0, 0, 115.281, 89.752, 0, 1.1, 0, 0, 
25.6, 17.95, 100.305, 73.85, 74.62, , 1.04, 0.987, 2563.559, 2563.559, 4.645, 27.633, 27.633, 27.633, 52.218, 65.501, 34.496, 34.52, 7.381, 11.938, 0, 0, 6.47, 6.557, 6.47, 6.557, 1, 88.962, 88.962, 0.024, 0.135, 7.317, 7.412, 7.317, 7.412, 6.837, 7.381, 11.938, , , 1, 25.253, 0, 0, 12.246, 4.645, 187, 0, 0, 0, 64.463, 5.599, 5.044, 120.2, 28.921, 100, 0, 0, 35, 35, 12, 1.11, 108.5, 0, 0, 115.231, 89.813, 0, 0, 0, 0, 0, 13.5, 0, 12.246, 0, 4.645, 187, 0, 0, 0, 64.463, 1, 0.006, 0.005, 120.2, 28.92, 100, 0, 0, 141, 35, 35, 12, 1.11, 0, 108.5, 0, 0, 115.231, 89.813, 0, 1.1, 0, 0, 
25.65, 17.95, 100.305, 73.85, 74.62, , 1.091, 0.987, 2570.054, 2570.054, 4.647, 28.851, 28.851, 28.851, 52.216, 65.257, 34.352, 34.52, 7.383, 11.934, 0, 0, 6.758, 6.849, 6.758, 6.849, 1, 89.015, 89.015, 0.024, 0.135, 7.64, 7.74, 7.64, 7.74, 6.829, 7.383, 11.934, , , 1, 25.304, 0, 0, 12.236, 4.647, 187, 0, 0, 0, 64.358, 5.597, 5.041, 120.2, 28.883, 100, 0, 0, 35, 35, 12, 1.11, 108.5, 0, 0, 115.179, 89.878, 0, 0, 0, 0, 0, 13.5, 0, 12.236, 0, 4.647, 187, 0, 0, 0, 64.358, 1, 0.006, 0.005, 120.2, 28.882, 100, 0, 0, 141, 35, 35, 12, 1.11, 0, 108.5, 0, 0, 115.179, 89.878, 0, 1.1, 0, 0, 
25.7, 17.95, 100.305, 73.85, 74.62, , 1.121, 0.987, 2576.54, 2576.54, 4.648, 29.566, 29.566, 29.566, 52.214, 65.014, 34.539, 34.652, 7.384, 11.929, 0, 0, 6.929, 7.023, 6.929, 7.023, 1, 89.07, 89.07, 0.024, 0.135, 7.828, 7.931, 7.828, 7.931, 6.821, 7.384, 11.929, , , 1, 25.354, 0, 0, 12.225, 4.648, 187, 0, 0, 0, 64.254, 5.595, 5.038, 120.2, 28.844, 100, 0, 0, 35, 35, 12, 1.11, 108.5, 0, 0, 115.127, 89.942, 0, 0, 0, 0, 0, 13.5, 0, 12.225, 0, 4.648, 187, 0, 0, 0, 64.254, 1, 0.006, 0.005, 120.2, 28.843, 100, 0, 0, 141, 35, 35, 12, 1.11, 0, 108.5, 0, 0, 115.127, 89.942, 0, 1.1, 0, 0, 
25.75, 17.95, 100.304, 73.85, 74.62, , 1.09, 0.987, 2583.026, 2583.026, 4.649, 28.823, 28.823, 28.823, 52.214, 64.77, 34.755, 34.796, 7.385, 11.921, 0, 0, 6.76, 6.85, 6.76, 6.85, 1, 89.126, 89.126, 0.024, 0.135, 7.63, 7.731, 7.63, 7.731, 6.818, 7.385, 11.921, , , 1, 25.404, 0, 0, 12.215, 4.649, 187, 0, 0, 0, 64.15, 5.593, 5.035, 120.2, 28.806, 100, 0, 0, 35, 35, 12, 1.11, 108.5, 0, 0, 115.075, 90.007, 0, 0, 0, 0, 0, 13.5, 0, 12.215, 0, 4.649, 187, 0, 0, 0, 64.15, 1, 0.006, 0.005, 120.2, 28.805, 100, 0, 0, 141, 35, 35, 12, 1.11, 0, 108.5, 0, 0, 115.075, 90.007, 0, 1.1, 0, 0, 
25.8, 17.95, 100.304, 73.85, 74.62, , 1.061, 0.987, 2589.579, 2589.579, 4.65, 28.132, 28.132, 28.132, 52.217, 64.527, 34.971, 34.94, 7.386, 11.912, 0, 0, 6.603, 6.69, 6.603, 6.69, 1, 89.181, 89.181, 0.024, 0.135, 7.447, 7.546, 7.447, 7.546, 6.818, 7.386, 11.912, , , 1, 25.453, 0, 0, 12.205, 4.65, 187, 0, 0, 0, 64.046, 5.591, 5.031, 120.2, 28.767, 100, 0, 0, 35, 35, 12, 1.11, 108.5, 0, 0, 115.023, 90.072, 0, 0, 0, 0, 0, 13.5, 0, 12.205, 0, 4.65, 187, 0, 0, 0, 64.046, 1, 0.006, 0.005, 120.2, 28.766, 100, 0, 0, 141, 35, 35, 12, 1.11, 0, 108.5, 0, 0, 115.023, 90.072, 0, 1.1, 0, 0, 
25.85, 17.95, 100.303, 73.85, 74.62, , 1.061, 0.987, 2596.128, 2596.128, 4.653, 28.135, 28.135, 28.135, 52.221, 64.283, 35.187, 35.084, 7.385, 11.9, 0, 0, 6.608, 6.695, 6.608, 6.695, 1, 89.233, 89.233, 0.024, 0.135, 7.446, 7.546, 7.446, 7.546, 6.819, 7.385, 11.9, , , 1, 25.503, 0, 0, 12.2, 4.653, 187, 0, 0, 0, 64.108, 5.59, 5.038, 120.2, 28.75, 100, 0, 0, 35, 35, 12, 1.11, 108.5, 0, 0, 115, 90.1, 0, 0, 0, 0, 0, 13.5, 0, 12.2, 0, 4.653, 187, 0, 0, 0, 64.108, 1, 0.006, 0.005, 120.2, 28.75, 100, 0, 0, 141, 35, 35, 12, 1.11, 0, 108.5, 0, 0, 115, 90.1, 0, 1.1, 0, 0, 
25.9, 17.95, 100.303, 73.85, 74.62, , 1.063, 0.987, 2602.613, 2602.613, 4.656, 28.184, 28.184, 28.184, 52.225, 64.04, 35.403, 35.228, 7.384, 11.888, 0, 0, 6.623, 6.711, 6.623, 6.711, 1, 89.287, 89.287, 0.024, 0.135, 7.459, 7.558, 7.459, 7.558, 6.819, 7.384, 11.888, , , 1, 25.553, 0, 0, 12.2, 4.656, 187, 0, 0, 0, 64.3, 5.59, 5.051, 120.2, 28.75, 100, 0, 0, 35, 35, 12, 1.11, 108.5, 0, 0, 115, 90.1, 0, 0, 0, 0, 0, 13.5, 0, 12.2, 0, 4.656, 187, 0, 0, 0, 64.3, 1, 0.006, 0.005, 120.2, 28.75, 100, 0, 0, 141, 35, 35, 12, 1.11, 0, 108.5, 0, 0, 115, 90.1, 0, 1.1, 0, 0, 
25.95, 17.95, 100.303, 73.85, 74.62, , 1.009, 0.987, 2609.192, 2609.192, 4.659, 26.919, 26.919, 26.919, 52.227, 63.796, 35.42, 35.406, 7.383, 11.873, 0, 0, 6.329, 6.413, 6.329, 6.413, 1, 89.338, 89.338, 0.024, 0.135, 7.124, 7.219, 7.124, 7.219, 6.823, 7.383, 11.873, , , 1, 25.604, 0, 0, 12.2, 4.659, 187, 0, 0, 0, 64.492, 5.59, 5.064, 120.2, 28.75, 100, 0, 0, 35, 35, 12, 1.11, 108.5, 0, 0, 115, 90.1, 0, 0, 0, 0, 0, 13.5, 0, 12.2, 0, 4.659, 187, 0, 0, 0, 64.492, 1, 0.006, 0.005, 120.2, 28.75, 100, 0, 0, 141, 35, 35, 12, 1.11, 0, 108.5, 0, 0, 115, 90.1, 0, 1.1, 0, 0, 
26, 17.95, 100.302, 73.85, 74.62, , 0.908, 0.987, 2615.715, 2615.715, 4.663, 24.512, 24.512, 24.512, 52.228, 63.553, 35.42, 35.586, 7.382, 11.857, 0, 0, 5.767, 5.843, 5.767, 5.843, 1, 89.385, 89.385, 0.024, 0.135, 6.487, 6.573, 6.487, 6.573, 6.835, 7.382, 11.857, , , 1, 25.653, 0, 0, 12.2, 4.663, 187, 0, 0, 0, 64.685, 5.59, 5.078, 120.2, 28.75, 100, 0, 0, 35, 35, 12, 1.11, 108.5, 0, 0, 115, 90.1, 0, 0, 0, 0, 0, 13.5, 0, 12.2, 0, 4.663, 187, 0, 0, 0, 64.685, 1, 0.006, 0.005, 120.2, 28.75, 100, 0, 0, 141, 35, 35, 12, 1.11, 0, 108.5, 0, 0, 115, 90.1, 0, 1.1, 0, 0, 
26.05, 17.95, 100.302, 73.85, 74.62, , 0.809, 0.987, 2622.267, 2622.267, 4.666, 22.182, 22.182, 22.182, 52.229, 63.31, 35.42, 35.766, 7.381, 11.844, 0, 0, 5.22, 5.29, 5.22, 5.29, 1, 89.428, 89.428, 0.024, 0.135, 5.871, 5.947, 5.871, 5.947, 6.847, 7.381, 11.844, , , 1, 25.703, 0, 0, 12.2, 4.666, 187, 0, 0, 0, 64.877, 5.59, 5.091, 120.2, 28.75, 100, 0, 0, 35, 35, 12, 1.11, 108.5, 0, 0, 115, 90.1, 0, 0, 0, 0, 0, 13.5, 0, 12.2, 0, 4.666, 187, 0, 0, 0, 64.877, 1, 0.006, 0.005, 120.2, 28.75, 100, 0, 0, 141, 35, 35, 12, 1.11, 0, 108.5, 0, 0, 115, 90.1, 0, 1.1, 0, 0, 
26.1, 17.95, 100.302, 73.85, 74.62, , 0.692, 0.987, 2628.817, 2628.817, 4.669, 19.399, 19.399, 19.399, 52.229, 63.066, 35.42, 35.946, 7.379, 11.83, 0, 0, 4.566, 4.628, 4.566, 4.628, 1, 89.464, 89.464, 0.024, 0.135, 5.134, 5.2, 5.134, 5.2, 6.858, 7.379, 11.83, , , 1, 25.753, 0, 0, 12.197, 4.669, 187, 0, 0, 0, 64.9, 5.563, 5.073, 120.2, 28.672, 100, 0, 0, 35, 35, 11.965, 1.108, 108.3, 0, 0, 114.8, 90.141, 0, 0, 0, 0, 0, 13.5, 0, 12.197, 0, 4.669, 187, 0, 0, 0, 64.9, 1, 0.006, 0.005, 120.2, 28.672, 100, 0, 0, 141, 35, 35, 11.965, 1.108, 0, 108.3, 0, 0, 114.8, 90.141, 0, 1.1, 0, 0, 
26.15, 17.95, 100.301, 73.85, 74.62, , 0.636, 0.987, 2635.344, 2635.344, 4.672, 18.074, 18.074, 18.074, 52.231, 62.823, 35.42, 36.126, 7.379, 11.818, 0, 0, 4.256, 4.313, 4.256, 4.313, 1, 89.498, 89.498, 0.024, 0.135, 4.783, 4.845, 4.783, 4.845, 6.868, 7.379, 11.818, , , 1, 25.803, 0, 0.001, 12.187, 4.672, 187, 0, 0, 0, 64.622, 5.488, 4.998, 120.2, 28.466, 100, 0, 0, 35, 35, 11.872, 1.102, 107.744, 0, 0, 114.244, 90.256, 0, 0, 0, 0, 0, 13.5, 0.001, 12.187, 0, 4.672, 187, 0, 0, 0, 64.622, 1, 0.006, 0.005, 120.2, 28.466, 100, 0, 0, 141, 35, 35, 11.872, 1.102, 0, 107.744, 0, 0, 114.244, 90.256, 0, 1.1, 0, 0, 
26.2, 17.95, 100.301, 73.85, 74.62, , 0.604, 0.987, 2641.918, 2641.918, 4.674, 17.317, 17.317, 17.317, 52.233, 62.579, 35.387, 36.173, 7.379, 11.807, 0, 0, 4.08, 4.133, 4.08, 4.133, 1, 89.529, 89.529, 0.024, 0.135, 4.583, 4.642, 4.583, 4.642, 6.874, 7.379, 11.807, , , 1, 25.853, 0, 0.002, 12.178, 4.674, 187, 0, 0, 0, 64.344, 5.413, 4.923, 120.2, 28.261, 100, 0, 0, 35, 35, 11.78, 1.097, 107.189, 0, 0, 113.689, 90.371, 0, 0, 0, 0, 0, 13.5, 0.002, 12.178, 0, 4.674, 187, 0, 0, 0, 64.344, 1, 0.006, 0.005, 120.2, 28.261, 100, 0, 0, 141, 35, 35, 11.78, 1.097, 0, 107.189, 0, 0, 113.689, 90.371, 0, 1.1, 0, 0, 
26.25, 17.95, 100.3, 73.85, 74.62, , 0.615, 0.987, 2648.535, 2648.535, 4.677, 17.572, 17.572, 17.572, 52.237, 62.336, 35.351, 36.209, 7.379, 11.802, 0, 0, 4.14, 4.195, 4.14, 4.195, 1, 89.56, 89.56, 0.024, 0.135, 4.65, 4.71, 4.65, 4.71, 6.881, 7.379, 11.802, , , 1, 25.903, 0, 0.003, 12.169, 4.677, 187, 0, 0, 0, 64.067, 5.338, 4.848, 120.2, 28.055, 100, 0, 0, 35, 35, 11.687, 1.091, 106.633, 0, 0, 113.133, 90.486, 0, 0, 0, 0, 0, 13.5, 0.003, 12.169, 0, 4.677, 187, 0, 0, 0, 64.067, 1, 0.005, 0.005, 120.2, 28.055, 100, 0, 0, 141, 35, 35, 11.687, 1.091, 0, 106.633, 0, 0, 113.133, 90.486, 0, 1.1, 0, 0, 
26.3, 17.95, 100.3, 73.85, 74.62, , 0.565, 0.987, 2655.02, 2655.02, 4.68, 16.392, 16.392, 16.392, 52.24, 62.092, 35.315, 36.245, 7.379, 11.797, 0, 0, 3.862, 3.914, 3.862, 3.914, 1, 89.591, 89.591, 0.024, 0.135, 4.337, 4.394, 4.337, 4.394, 6.887, 7.379, 11.797, , , 1, 25.953, 0, 0.004, 12.16, 4.68, 187, 0, 0, 0, 63.789, 5.263, 4.773, 120.2, 27.85, 100, 0, 0, 35, 35, 11.594, 1.086, 106.078, 0, 0, 112.578, 90.601, 0, 0, 0, 0, 0, 13.5, 0.004, 12.159, 0, 4.68, 187, 0, 0, 0, 63.789, 1, 0.005, 0.005, 120.2, 27.85, 100, 0, 0, 141, 35, 35, 11.594, 1.086, 0, 106.078, 0, 0, 112.578, 90.601, 0, 1.1, 0, 0, 
26.35, 17.95, 100.3, 73.85, 74.62, , 0.511, 0.987, 2661.628, 2661.628, 4.682, 15.122, 15.122, 15.122, 52.246, 61.849, 35.279, 36.281, 7.38, 11.798, 0, 0, 3.564, 3.611, 3.564, 3.611, 1, 89.618, 89.618, 0.024, 0.135, 4.001, 4.053, 4.001, 4.053, 6.886, 7.38, 11.798, , , 1, 26.003, 0, 0.005, 12.15, 4.682, 187, 0, 0, 0, 63.511, 5.188, 4.698, 120.2, 27.644, 100, 0, 0, 35, 35, 11.502, 1.08, 105.522, 0, 0, 112.022, 90.715, 0, 0, 0, 0, 0, 13.5, 0.005, 12.15, 0, 4.682, 187, 0, 0, 0, 63.511, 1, 0.005, 0.005, 120.2, 27.644, 100, 0, 0, 141, 35, 35, 11.502, 1.08, 0, 105.522, 0, 0, 112.022, 90.715, 0, 1.1, 0, 0, 
26.4, 17.95, 100.3, 73.85, 74.62, , 0.415, 0.987, 2668.167, 2668.167, 4.684, 12.838, 12.838, 12.838, 52.253, 61.605, 35.243, 36.317, 7.38, 11.8, 0, 0, 3.026, 3.066, 3.026, 3.066, 1, 89.64, 89.64, 0.024, 0.135, 3.397, 3.439, 3.397, 3.439, 6.872, 7.38, 11.8, , , 1, 26.053, 0, 0.005, 12.139, 4.684, 187, 0, 0, 0, 63.391, 5.141, 4.675, 120.2, 27.477, 100, 0, 0, 35, 35, 11.389, 1.076, 105.118, 0, 0, 111.618, 90.72, 0, 0, 0, 0, 0, 13.5, 0.005, 12.139, 0, 4.684, 187, 0, 0, 0, 63.391, 1, 0.005, 0.005, 120.2, 27.476, 100, 0, 0, 141, 35, 35, 11.389, 1.076, 0, 105.118, 0, 0, 111.618, 90.72, 0, 1.1, 0, 0, 
26.45, 17.95, 100.3, 73.85, 74.62, , 0.333, 0.987, 2674.739, 2674.739, 4.685, 10.897, 10.897, 10.897, 52.261, 61.362, 35.207, 36.124, 7.38, 11.8, 0, 0, 2.569, 2.603, 2.569, 2.603, 1, 89.659, 89.659, 0.024, 0.135, 2.884, 2.918, 2.884, 2.918, 6.857, 7.38, 11.8, , , 1, 26.103, 0, 0.005, 12.128, 4.685, 187, 0, 0, 0, 63.277, 5.096, 4.655, 120.2, 27.311, 100, 0, 0, 35, 35, 11.276, 1.071, 104.72, 0, 0, 111.22, 90.72, 0, 0, 0, 0, 0, 13.5, 0.005, 12.128, 0, 4.685, 187, 0, 0, 0, 63.277, 1, 0.005, 0.005, 120.2, 27.309, 100, 0, 0, 141, 35, 35, 11.276, 1.071, 0, 104.72, 0, 0, 111.22, 90.72, 0, 1.1, 0, 0, 
26.5, 17.95, 100.3, 73.85, 74.62, , 0.283, 0.987, 2681.354, 2681.354, 4.687, 9.694, 9.694, 9.694, 52.269, 61.119, 35.172, 35.912, 7.38, 11.8, 0, 0, 2.286, 2.316, 2.286, 2.316, 1, 89.674, 89.674, 0.024, 0.135, 2.565, 2.595, 2.565, 2.595, 6.843, 7.38, 11.8, , , 1, 26.153, 0, 0.005, 12.116, 4.687, 187, 0, 0, 0, 63.164, 5.05, 4.634, 120.2, 27.144, 100, 0, 0, 35, 35, 11.163, 1.067, 104.323, 0, 0, 110.823, 90.72, 0, 0, 0, 0, 0, 13.5, 0.005, 12.116, 0, 4.687, 187, 0, 0, 0, 63.164, 1, 0.005, 0.005, 120.2, 27.142, 100, 0, 0, 141, 35, 35, 11.163, 1.067, 0, 104.323, 0, 0, 110.823, 90.72, 0, 1.1, 0, 0, 
26.55, 17.95, 100.3, 73.85, 74.62, , 0.285, 0.987, 2687.916, 2687.916, 4.688, 9.753, 9.753, 9.753, 52.276, 60.875, 35.137, 35.699, 7.38, 11.8, 0, 0, 2.302, 2.331, 2.302, 2.331, 1, 89.688, 89.688, 0.024, 0.135, 2.58, 2.611, 2.58, 2.611, 6.828, 7.38, 11.8, , , 1, 26.203, 0, 0.005, 12.105, 4.688, 187, 0, 0, 0, 63.05, 5.005, 4.614, 120.2, 26.978, 100, 0, 0, 35, 35, 11.05, 1.062, 103.925, 0, 0, 110.425, 90.72, 0, 0, 0, 0, 0, 13.5, 0.005, 12.105, 0, 4.688, 187, 0, 0, 0, 63.05, 1, 0.005, 0.005, 120.2, 26.975, 100, 0, 0, 141, 35, 35, 11.05, 1.062, 0, 103.925, 0, 0, 110.425, 90.72, 0, 1.1, 0, 0, 
26.6, 17.95, 100.3, 73.85, 74.62, , 0.252, 0.987, 2694.457, 2694.457, 4.689, 8.958, 8.958, 8.958, 52.279, 60.632, 35.101, 35.487, 7.38, 11.8, 0, 0, 2.114, 2.141, 2.114, 2.141, 1, 89.701, 89.701, 0.024, 0.135, 2.369, 2.398, 2.369, 2.398, 6.818, 7.38, 11.8, , , 1, 26.254, 0, 0.004, 12.1, 4.689, 187, 0, 0, 0, 63, 4.968, 4.588, 120.2, 26.838, 100, 0, 0, 35, 35, 11, 1.058, 103.659, 0, 0, 110.159, 90.72, 0, 0, 0, 0, 0, 13.5, 0.004, 12.1, 0, 4.689, 187, 0, 0, 0, 63, 1, 0.005, 0.005, 120.2, 26.836, 100, 0, 0, 141, 35, 35, 11, 1.058, 0, 103.659, 0, 0, 110.159, 90.72, 0, 1.1, 0, 0, 
26.65, 17.95, 100.3, 73.85, 74.62, , 0.212, 0.987, 2700.991, 2700.991, 4.69, 8.029, 8.029, 8.029, 52.28, 60.388, 35.066, 35.274, 7.38, 11.799, 0, 0, 1.896, 1.921, 1.896, 1.921, 1, 89.713, 89.713, 0.024, 0.135, 2.123, 2.149, 2.123, 2.149, 6.808, 7.38, 11.799, , , 1, 26.303, 0, 0.003, 12.1, 4.69, 187, 0, 0, 0, 63, 4.938, 4.558, 120.2, 26.718, 100, 0, 0, 35, 35, 11, 1.055, 103.496, 0, 0, 109.996, 90.72, 0, 0, 0, 0, 0, 13.5, 0.003, 12.1, 0, 4.69, 187, 0, 0, 0, 63, 1, 0.005, 0.005, 120.2, 26.716, 100, 0, 0, 141, 35, 35, 11, 1.055, 0, 103.496, 0, 0, 109.996, 90.72, 0, 1.1, 0, 0, 
26.7, 17.95, 100.3, 73.85, 74.62, , 0.146, 0.987, 2707.559, 2707.559, 4.69, 6.456, 6.456, 6.456, 52.28, 60.145, 35.06, 35.486, 7.38, 11.799, 0, 0, 1.524, 1.545, 1.524, 1.545, 1, 89.723, 89.723, 0.024, 0.135, 1.707, 1.728, 1.707, 1.728, 6.798, 7.38, 11.799, , , 1, 26.353, 0, 0.002, 12.1, 4.69, 187, 0, 0, 0, 63, 4.907, 4.527, 120.2, 26.598, 100, 0, 0, 35, 35, 11, 1.052, 103.333, 0, 0, 109.833, 90.72, 0, 0, 0, 0, 0, 13.5, 0.002, 12.1, 0, 4.69, 187, 0, 0, 0, 63, 1, 0.005, 0.005, 120.2, 26.597, 100, 0, 0, 141, 35, 35, 11, 1.052, 0, 103.333, 0, 0, 109.833, 90.72, 0, 1.1, 0, 0, 
26.75, 17.951, 100.3, 73.85, 74.621, , 0.071, 0.987, 2714.175, 2714.175, 4.691, 4.68, 4.68, 4.68, 52.282, 59.901, 35.06, 35.779, 7.38, 11.802, 0, 0, 1.105, 1.12, 1.105, 1.12, 1, 89.728, 89.728, 0.024, 0.135, 1.237, 1.252, 1.237, 1.252, 6.788, 7.38, 11.802, , , 1, 26.403, 0, 0.001, 12.1, 4.691, 187, 0, 0, 0, 63, 4.877, 4.497, 120.2, 26.477, 100, 0, 0, 35, 35, 11, 1.048, 103.17, 0, 0, 109.67, 90.72, 0, 0, 0, 0, 0, 13.5, 0.001, 12.1, 0, 4.691, 187, 0, 0, 0, 63, 1, 0.005, 0.005, 120.2, 26.477, 100, 0, 0, 141, 35, 35, 11, 1.048, 0, 103.17, 0, 0, 109.67, 90.72, 0, 1.1, 0, 0, 
26.8, 17.952, 100.3, 73.85, 74.622, , 0.01, 0.987, 2720.738, 2720.738, 4.691, 3.218, 3.218, 3.218, 52.284, 59.658, 35.06, 36.071, 7.379, 11.806, 0, 0, 0.759, 0.77, 0.759, 0.77, 1, 89.73, 89.73, 0.024, 0.134, 0.85, 0.86, 0.85, 0.86, 6.811, 7.379, 11.806, , , 1, 26.453, 0, 0, 12.1, 4.691, 187, 0, 0, 0, 63, 4.846, 4.466, 120.2, 26.357, 100, 0, 0, 35, 35, 11, 1.045, 103.007, 0, 0, 109.507, 90.72, 0, 0, 0, 0, 0, 13.5, 0, 12.1, 0, 4.691, 187, 0, 0, 0, 63, 1, 0.005, 0.005, 120.2, 26.357, 100, 0, 0, 141, 35, 35, 11, 1.045, 0, 103.007, 0, 0, 109.507, 90.72, 0, 1.1, 0, 0, 
26.85, 17.953, 100.3, 73.85, 74.624, , -0.003, 0.987, 2727.277, 2727.277, 4.692, 2.93, 2.93, 2.93, 52.286, 59.414, 35.06, 36.364, 7.379, 11.803, 0, 0, 0.691, 0.701, 0.691, 0.701, 1, 89.73, 89.73, 0.024, 0.134, 0.774, 0.784, 0.774, 0.784, 6.844, 7.379, 11.803, , , 1, 26.503, 0, 0, 12.09, 4.692, 187, 0, 0, 0, 62.8, 4.794, 4.419, 120.2, 26.242, 100, 0, 0, 35, 35, 10.898, 1.04, 102.699, 0, 0, 109.149, 90.72, 0, 0, 0, 0, 0, 13.5, 0, 12.09, 0, 4.692, 187, 0, 0, 0, 62.8, 1, 0.005, 0.004, 120.2, 26.242, 100, 0, 0, 141, 35, 35, 10.898, 1.04, 0, 102.699, 0, 0, 109.149, 90.72, 0, 1.1, 0, 0, 
26.9, 17.954, 100.3, 73.85, 74.625, , -0.018, 0.987, 2733.892, 2733.892, 4.692, 2.573, 2.573, 2.573, 52.288, 59.171, 35.06, 36.657, 7.379, 11.799, 0, 0, 0.607, 0.615, 0.607, 0.615, 1, 89.73, 89.73, 0.024, 0.134, 0.679, 0.69, 0.679, 0.69, 6.876, 7.379, 11.799, , , 1, 26.553, 0, 0, 12.079, 4.692, 187, 0, 0, 0, 62.592, 4.741, 4.371, 120.2, 26.126, 100, 0, 0, 35, 35, 10.794, 1.035, 102.385, 0, 0, 108.782, 90.72, 0, 0, 0, 0, 0, 13.5, 0, 12.079, 0, 4.692, 187, 0, 0, 0, 62.592, 1, 0.005, 0.004, 120.2, 26.126, 100, 0, 0, 141, 35, 35, 10.794, 1.035, 0, 102.385, 0, 0, 108.782, 90.72, 0, 1.1, 0, 0, 
26.95, 17.955, 100.3, 73.85, 74.627, , -0.101, 0.987, 2740.485, 2740.485, 4.692, 0.593, 0.593, 0.593, 52.29, 58.927, 34.994, 36.779, 7.38, 11.788, 0, 0, 0.14, 0.141, 0.14, 0.141, 1, 89.727, 89.727, 0.024, 0.134, 0.154, 0.16, 0.154, 0.16, 6.908, 7.38, 11.788, , , 1, 26.603, 0, 0, 12.069, 4.692, 187, 0, 0, 0, 62.383, 4.688, 4.323, 120.2, 26.01, 100, 0, 0, 35, 35, 10.69, 1.03, 102.071, 0, 0, 108.416, 90.72, 0, 0, 0, 0, 0, 13.5, 0, 12.069, 0, 4.692, 187, 0, 0, 0, 62.383, 1, 0.005, 0.004, 120.2, 26.01, 100, 0, 0, 141, 35, 35, 10.69, 1.03, 0, 102.071, 0, 0, 108.416, 90.72, 0, 1.1, 0, 0, 
27, 17.956, 100.3, 73.85, 74.628, , -0.234, 0.987, 2747.024, 2747.024, 4.692, -2.551, -2.551, -2.551, 52.294, 58.684, 34.922, 36.887, 7.381, 11.777, 0, 0, -0.601, -0.61, -0.601, -0.61, 1, 89.719, 89.719, 0.024, 0.134, -0.676, -0.681, -0.676, -0.681, 6.938, 7.381, 11.777, , , 1, 26.654, 0, 0, 12.059, 4.692, 187, 0, 0, 0, 62.175, 4.635, 4.275, 120.2, 25.895, 100, 0, 0, 35, 35, 10.585, 1.024, 101.757, 0, 0, 108.05, 90.72, 0, 0, 0, 0, 0, 13.5, 0, 12.059, 0, 4.692, 187, 0, 0, 0, 62.175, 1, 0.005, 0.004, 120.2, 25.895, 100, 0, 0, 141, 35, 35, 10.585, 1.024, 0, 101.757, 0, 0, 108.05, 90.72, 0, 1.1, 0, 0, 
27.05, 17.957, 100.3, 73.85, 74.63, , -0.39, 0.987, 2753.61, 2753.61, 4.691, -6.257, -6.257, -6.257, 52.301, 45.274, 34.85, 36.995, 7.383, 11.764, 0, 0, -1.475, -1.496, -1.475, -1.496, 1, 89.703, 89.703, 0.024, 0.135, -1.654, -1.673, -1.654, -1.673, 6.966, 7.383, 11.764, , , 1, 26.703, 0, 0, 12.044, 4.691, 187.039, 0, 0, 0, 61.948, 4.582, 4.224, 120.2, 25.749, 100, 0, 0, 35, 35, 10.461, 1.019, 101.442, 0, 0, 107.692, 90.709, 0, 0, 0, 0, 0, 13.502, 0, 12.044, 0, 4.691, 187.039, 0, 0, 0, 61.948, 1, 0.004, 0.004, 120.2, 25.749, 100, 0, 0, 141, 35, 35, 10.461, 1.019, 0, 101.442, 0, 0, 107.692, 90.709, 0, 1.1, 0, 0, 
27.1, 17.959, 100.3, 73.85, 74.631, , -0.533, 0.987, 2760.225, 2760.225, 4.688, -9.659, -9.659, -9.659, 52.304, 51.814, 34.778, 37.103, 7.386, 11.751, 0, 0, -2.277, -2.31, -2.277, -2.31, 1, 89.68, 89.68, 0.024, 0.135, -2.554, -2.585, -2.554, -2.585, 6.994, 7.386, 11.751, , , 1, 26.753, 0, 0, 12.012, 4.688, 187.257, 0, 0, 0, 61.622, 4.533, 4.156, 120.2, 25.468, 100, 0, 0, 35, 35, 10.243, 1.012, 101.117, 0, 0, 107.367, 90.642, 0, 0, 0, 0, 0, 13.513, 0, 12.012, 0, 4.688, 187.257, 0, 0, 0, 61.622, 1, 0.004, 0.004, 120.2, 25.468, 100, 0, 0, 141, 35, 35, 10.243, 1.012, 0, 101.117, 0, 0, 107.367, 90.642, 0, 1.1, 0, 0, 
27.15, 17.96, 100.3, 73.85, 74.633, , -0.697, 0.987, 2766.771, 2766.771, 4.686, -13.556, -13.556, -13.556, 52.302, 67.931, 34.706, 37.211, 7.387, 11.748, 0, 0, -3.195, -3.241, -3.195, -3.241, 1, 89.649, 89.649, 0.024, 0.135, -3.584, -3.63, -3.584, -3.63, 7.022, 7.387, 11.748, , , 1, 26.803, 0, 0, 11.979, 4.686, 187.474, 0, 0, 0, 61.296, 4.484, 4.087, 120.2, 25.186, 100, 0, 0, 35, 35, 10.026, 1.006, 100.792, 0, 0, 107.042, 90.574, 0, 0, 0, 0, 0, 13.524, 0, 11.979, 0, 4.686, 187.474, 0, 0, 0, 61.296, 1, 0.004, 0.004, 120.2, 25.186, 100, 0, 0, 141, 35, 35, 10.026, 1.006, 0, 100.792, 0, 0, 107.042, 90.574, 0, 1.1, 0, 0, 
27.2, 17.961, 100.3, 73.85, 74.634, , -0.783, 0.987, 2773.327, 2773.327, 4.683, -15.597, -15.597, -15.597, 52.294, 68.566, 34.998, 36.922, 7.388, 11.746, 0, 0, -3.676, -3.727, -3.676, -3.727, 1, 89.611, 89.611, 0.024, 0.135, -4.124, -4.178, -4.124, -4.178, 7.044, 7.388, 11.746, , , 1, 26.853, 0, 0, 11.946, 4.683, 187.691, 0, 0, 0, 60.97, 4.435, 4.019, 120.2, 24.905, 100, 0, 0, 35, 35, 9.809, 0.999, 100.468, 0, 0, 106.718, 90.507, 0, 0, 0, 0, 0, 13.535, 0, 11.946, 0, 4.683, 187.691, 0, 0, 0, 60.97, 1, 0.004, 0.004, 120.2, 24.905, 100, 0, 0, 141, 35, 35, 9.809, 0.999, 0, 100.468, 0, 0, 106.718, 90.507, 0, 1.1, 0, 0, 
27.25, 17.962, 100.3, 73.85, 74.636, , -0.83, 0.987, 2779.942, 2779.942, 4.681, -16.694, -16.694, -16.694, 52.277, 69.201, 35.322, 36.598, 7.387, 11.744, 0, 0, -3.933, -3.987, -3.933, -3.987, 1, 89.57, 89.57, 0.024, 0.135, -4.415, -4.474, -4.415, -4.474, 7.055, 7.387, 11.744, , , 1, 26.903, 0, 0, 11.914, 4.681, 187.909, 0, 0, 0, 60.643, 4.387, 3.95, 120.2, 24.623, 100, 0, 0, 35, 35, 9.591, 0.993, 100.143, 0, 0, 106.393, 90.44, 0, 0, 0, 0, 0, 13.545, 0, 11.914, 0, 4.681, 187.909, 0, 0, 0, 60.643, 1, 0.004, 0.004, 120.2, 24.623, 100, 0, 0, 141, 35, 35, 9.591, 0.993, 0, 100.143, 0, 0, 106.393, 90.44, 0, 1.1, 0, 0, 
27.3, 17.963, 100.3, 73.85, 74.638, , -0.854, 0.987, 2786.518, 2786.518, 4.676, -17.286, -17.286, -17.286, 52.252, 69.837, 35.646, 36.274, 7.386, 11.741, 0, 0, -4.072, -4.127, -4.072, -4.127, 1, 89.528, 89.528, 0.024, 0.135, -4.574, -4.634, -4.574, -4.634, 7.066, 7.386, 11.741, , , 1, 26.953, 0, 0, 11.888, 4.676, 188, 0, 0, 0, 60.383, 4.358, 3.894, 120.2, 24.327, 100, 0, 0, 35, 35, 9.379, 0.987, 100.059, 0, 0, 106.308, 90.374, 0, 0, 0, 0, 0, 13.556, 0, 11.888, 0, 4.676, 188, 0, 0, 0, 60.383, 1, 0.004, 0.004, 120.2, 24.327, 100, 0, 0, 141, 35, 35, 9.379, 0.987, 0, 100.059, 0, 0, 106.309, 90.374, 0, 1.1, 0, 0, 
27.35, 17.964, 100.3, 73.85, 74.639, , -0.888, 0.987, 2793.056, 2793.056, 4.671, -18.084, -18.084, -18.084, 52.222, 70.472, 35.97, 35.95, 7.385, 11.729, 0, 0, -4.259, -4.315, -4.259, -4.315, 1, 89.485, 89.485, 0.024, 0.136, -4.787, -4.851, -4.787, -4.851, 7.077, 7.385, 11.729, , , 1, 27.003, 0, 0, 11.867, 4.671, 188, 0, 0, 0, 60.175, 4.346, 3.848, 120.2, 24.019, 100, 0, 0, 35, 35, 9.171, 0.98, 100.163, 0, 0, 106.412, 90.309, 0, 0, 0, 0, 0, 13.566, 0, 11.867, 0, 4.671, 188, 0, 0, 0, 60.175, 1, 0.004, 0.004, 120.2, 24.019, 100, 0, 0, 141, 35, 35, 9.171, 0.98, 0, 100.163, 0, 0, 106.413, 90.309, 0, 1.1, 0, 0, 
27.4, 17.965, 100.3, 73.85, 74.641, , -0.943, 0.987, 2799.661, 2799.661, 4.666, -19.383, -19.383, -19.383, 52.189, 71.107, 36.294, 35.626, 7.383, 11.714, 0, 0, -4.563, -4.621, -4.563, -4.621, 1, 89.439, 89.439, 0.024, 0.136, -5.134, -5.204, -5.134, -5.204, 7.086, 7.383, 11.714, , , 1, 27.053, 0, 0, 11.846, 4.666, 188, 0, 0, 0, 59.967, 4.333, 3.803, 120.2, 23.712, 100, 0, 0, 35, 35, 8.962, 0.974, 100.268, 0, 0, 106.517, 90.245, 0, 0, 0, 0, 0, 13.577, 0, 11.846, 0, 4.666, 188, 0, 0, 0, 59.967, 1, 0.004, 0.004, 120.2, 23.712, 100, 0, 0, 141, 35, 35, 8.962, 0.974, 0, 100.268, 0, 0, 106.518, 90.245, 0, 1.1, 0, 0, 
27.45, 17.967, 100.3, 73.85, 74.642, , -1.147, 0.987, 2806.148, 2806.148, 4.66, -24.23, -24.23, -24.23, 52.156, 71.742, 36.051, 35.632, 7.382, 11.684, 0, 0, -5.699, -5.773, -5.699, -5.773, 1, 89.388, 89.388, 0.024, 0.136, -6.423, -6.51, -6.423, -6.51, 7.087, 7.382, 11.684, , , 1, 27.103, 0, 0, 11.825, 4.66, 188, 0, 0, 0, 59.758, 4.321, 3.757, 120.2, 23.405, 100, 0, 0, 35, 35, 8.754, 0.968, 100.372, 0, 0, 106.621, 90.18, 0, 0, 0, 0, 0, 13.587, 0, 11.825, 0, 4.66, 188, 0, 0, 0, 59.758, 1, 0.004, 0.004, 120.2, 23.405, 100, 0, 0, 141, 35, 35, 8.754, 0.968, 0, 100.372, 0, 0, 106.622, 90.18, 0, 1.1, 0, 0, 
27.5, 17.968, 100.3, 73.85, 74.644, , -1.385, 0.987, 2812.764, 2812.764, 4.655, -29.89, -29.89, -29.89, 52.127, 72.377, 35.759, 35.666, 7.382, 11.648, 0, 0, -7.024, -7.116, -7.024, -7.116, 1, 89.325, 89.325, 0.024, 0.135, -7.927, -8.034, -7.927, -8.034, 7.088, 7.382, 11.648, , , 1, 27.153, 0, 0, 11.805, 4.655, 188, 0, 0, 0, 59.55, 4.308, 3.711, 120.2, 23.098, 100, 0, 0, 35, 35, 8.546, 0.962, 100.477, 0, 0, 106.725, 90.116, 0, 0, 0, 0, 0, 13.598, 0, 11.805, 0, 4.655, 188, 0, 0, 0, 59.55, 1, 0.004, 0.004, 120.2, 23.098, 100, 0, 0, 141, 35, 35, 8.546, 0.962, 0, 100.477, 0, 0, 106.727, 90.116, 0, 1.1, 0, 0, 
27.55, 17.969, 100.3, 73.85, 74.645, , -1.567, 0.987, 2819.25, 2819.25, 4.651, -34.21, -34.21, -34.21, 52.106, 73.013, 35.467, 35.7, 7.383, 11.604, 0, 0, -8.033, -8.138, -8.033, -8.138, 1, 89.251, 89.251, 0.024, 0.135, -9.076, -9.198, -9.076, -9.198, 7.089, 7.383, 11.604, , , 1, 27.203, 0, 0, 11.8, 4.651, 187.833, 0, 0, 0, 59.418, 4.296, 3.69, 120.2, 22.938, 100, 0, 0, 35, 35, 8.416, 0.957, 100.584, 0, 0, 106.791, 90.1, 0, 0, 0, 0, 0, 13.6, 0, 11.8, 0, 4.651, 187.833, 0, 0, 0, 59.418, 1, 0.004, 0.004, 120.2, 22.938, 100, 0, 0, 141, 35, 35, 8.416, 0.957, 0, 100.584, 0, 0, 106.792, 90.1, 0, 1.1, 0, 0, 
27.6, 17.97, 100.3, 73.85, 74.647, , -1.711, 0.987, 2825.866, 2825.866, 4.648, -37.625, -37.625, -37.625, 52.107, 73.648, 35.175, 35.735, 7.385, 11.556, 0, 0, -8.829, -8.944, -8.829, -8.944, 1, 89.168, 89.168, 0.024, 0.135, -9.981, -10.115, -9.981, -10.115, 7.09, 7.385, 11.556, , , 1, 27.253, 0, 0, 11.8, 4.648, 187.618, 0, 0, 0, 59.31, 4.284, 3.677, 120.2, 22.82, 100, 0, 0, 35, 35, 8.309, 0.952, 100.691, 0, 0, 106.845, 90.1, 0, 0, 0, 0, 0, 13.6, 0, 11.8, 0, 4.648, 187.618, 0, 0, 0, 59.31, 1, 0.004, 0.004, 120.2, 22.819, 100, 0, 0, 141, 35, 35, 8.309, 0.952, 0, 100.691, 0, 0, 106.845, 90.1, 0, 1.1, 0, 0, 
27.65, 17.971, 100.3, 73.85, 74.648, , -1.805, 0.987, 2832.352, 2832.352, 4.645, -39.844, -39.844, -39.844, 52.13, 74.283, 34.883, 35.769, 7.387, 11.506, 0, 0, -9.343, -9.465, -9.343, -9.465, 1, 89.08, 89.08, 0.024, 0.135, -10.566, -10.706, -10.566, -10.706, 7.087, 7.387, 11.506, , , 1, 27.303, 0, 0, 11.8, 4.645, 187.403, 0, 0, 0, 59.203, 4.272, 3.664, 120.2, 22.702, 100, 0, 0, 35, 35, 8.202, 0.948, 100.798, 0, 0, 106.899, 90.1, 0, 0, 0, 0, 0, 13.6, 0, 11.8, 0, 4.645, 187.403, 0, 0, 0, 59.203, 1, 0.004, 0.004, 120.2, 22.7, 100, 0, 0, 141, 35, 35, 8.202, 0.948, 0, 100.798, 0, 0, 106.899, 90.1, 0, 1.1, 0, 0, 
27.7, 17.972, 100.301, 73.85, 74.65, , -1.705, 0.987, 2838.956, 2838.956, 4.642, -37.48, -37.48, -37.48, 52.173, 74.918, 34.751, 35.883, 7.388, 11.455, 0, 0, -8.781, -8.895, -8.781, -8.895, 1, 88.991, 88.991, 0.024, 0.135, -9.932, -10.064, -9.932, -10.064, 7.083, 7.388, 11.455, , , 1, 27.353, 0, 0, 11.8, 4.642, 187.189, 0, 0, 0, 59.095, 4.26, 3.651, 120.2, 22.584, 100, 0, 0, 35, 35, 8.094, 0.944, 100.906, 0, 0, 106.953, 90.1, 0, 0, 0, 0, 0, 13.6, 0, 11.8, 0, 4.642, 187.189, 0, 0, 0, 59.095, 1, 0.004, 0.004, 120.2, 22.582, 100, 0, 0, 141, 35, 35, 8.094, 0.944, 0, 100.906, 0, 0, 106.953, 90.1, 0, 1.1, 0, 0, 
27.75, 17.973, 100.301, 73.85, 74.651, , -1.597, 0.987, 2845.454, 2845.454, 4.639, -34.93, -34.93, -34.93, 52.229, 75.554, 34.695, 36.034, 7.387, 11.41, 0, 0, -8.175, -8.281, -8.175, -8.281, 1, 88.91, 88.91, 0.024, 0.134, -9.246, -9.368, -9.246, -9.368, 7.079, 7.387, 11.41, , , 1, 27.403, 0, 0, 11.796, 4.639, 187, 0, 0, 0, 58.977, 4.246, 3.645, 120.2, 22.463, 100, 0, 0, 35, 35, 8, 0.94, 101.012, 0, 0, 107, 90.078, 0, 0, 0, 0, 0, 13.6, 0, 11.796, 0, 4.639, 187, 0, 0, 0, 58.977, 1, 0.004, 0.004, 120.2, 22.46, 100, 0, 0, 141, 35, 35, 8, 0.94, 0, 101.012, 0, 0, 107, 90.078, 0, 1.1, 0, 0, 
27.8, 17.975, 100.301, 73.85, 74.653, , -1.617, 0.987, 2851.939, 2851.939, 4.639, -35.389, -35.389, -35.389, 52.292, 76.189, 34.638, 36.185, 7.386, 11.367, 0, 0, -8.274, -8.382, -8.274, -8.382, 1, 88.83, 88.83, 0.024, 0.134, -9.354, -9.478, -9.354, -9.478, 7.076, 7.386, 11.367, , , 1, 27.453, 0, 0, 11.767, 4.639, 187, 0, 0, 0, 58.783, 4.211, 3.688, 120.2, 22.319, 100, 0, 0, 35, 35, 8, 0.936, 101.109, 0, 0, 107, 89.898, 0, 0, 0, 0, 0, 13.6, 0, 11.767, 0, 4.639, 187, 0, 0, 0, 58.783, 1, 0.004, 0.004, 120.2, 22.317, 100, 0, 0, 141, 35, 35, 8, 0.936, 0, 101.109, 0, 0, 107, 89.898, 0, 1.1, 0, 0, 
27.85, 17.976, 100.302, 73.85, 74.654, , -1.646, 0.987, 2858.555, 2858.555, 4.638, -36.086, -36.086, -36.086, 52.344, 76.824, 34.581, 36.337, 7.385, 11.334, 0, 0, -8.429, -8.54, -8.429, -8.54, 1, 88.747, 88.747, 0.024, 0.134, -9.528, -9.653, -9.528, -9.653, 7.083, 7.385, 11.334, , , 1, 27.503, 0, 0, 11.738, 4.638, 187, 0, 0, 0, 58.589, 4.176, 3.73, 120.2, 22.175, 100, 0, 0, 35, 35, 8, 0.932, 101.206, 0, 0, 107, 89.718, 0, 0, 0, 0, 0, 13.6, 0, 11.738, 0, 4.638, 187, 0, 0, 0, 58.589, 1, 0.004, 0.004, 120.2, 22.173, 100, 0, 0, 141, 35, 35, 8, 0.932, 0, 101.206, 0, 0, 107, 89.718, 0, 1.1, 0, 0, 
27.9, 17.977, 100.302, 73.85, 74.656, , -1.596, 0.987, 2865.041, 2865.041, 4.638, -34.909, -34.909, -34.909, 52.381, 77.459, 34.525, 36.488, 7.382, 11.305, 0, 0, -8.146, -8.254, -8.146, -8.254, 1, 88.667, 88.667, 0.024, 0.134, -9.21, -9.332, -9.21, -9.332, 7.093, 7.382, 11.305, , , 1, 27.553, 0, 0, 11.709, 4.638, 187, 0, 0, 0, 58.395, 4.141, 3.773, 120.2, 22.031, 100, 0, 0, 35, 35, 8, 0.928, 101.304, 0, 0, 107, 89.538, 0, 0, 0, 0, 0, 13.6, 0, 11.709, 0, 4.638, 187, 0, 0, 0, 58.395, 1, 0.004, 0.004, 120.2, 22.03, 100, 0, 0, 141, 35, 35, 8, 0.928, 0, 101.304, 0, 0, 107, 89.538, 0, 1.1, 0, 0, 
27.95, 17.978, 100.303, 73.85, 74.657, , -1.646, 0.987, 2871.527, 2871.527, 4.637, -36.089, -36.089, -36.089, 52.401, 78.095, 34.52, 36.301, 7.38, 11.283, 0, 0, -8.414, -8.526, -8.414, -8.526, 1, 88.587, 88.587, 0.024, 0.134, -9.518, -9.645, -9.518, -9.645, 7.102, 7.38, 11.283, , , 1, 27.603, 0, 0, 11.68, 4.637, 187, 0, 0, 0, 58.202, 4.106, 3.816, 120.2, 21.887, 100, 0, 0, 35, 35, 8, 0.924, 101.401, 0, 0, 107, 89.357, 0, 0, 0, 0, 0, 13.6, 0, 11.68, 0, 4.637, 187, 0, 0, 0, 58.202, 1, 0.004, 0.004, 120.2, 21.886, 100, 0, 0, 141, 35, 35, 8, 0.924, 0, 101.401, 0, 0, 107, 89.357, 0, 1.1, 0, 0, 
28, 17.979, 100.303, 73.85, 74.659, , -1.77, 0.987, 2878.013, 2878.013, 4.637, -39.039, -39.039, -39.039, 52.409, 78.73, 34.52, 36.085, 7.379, 11.265, 0, 0, -9.092, -9.213, -9.092, -9.213, 1, 88.5, 88.5, 0.024, 0.134, -10.295, -10.432, -10.295, -10.432, 7.112, 7.379, 11.265, , , 1, 27.653, 0, 0, 11.651, 4.637, 187, 0, 0, 0, 58.008, 4.071, 3.858, 120.2, 21.743, 100, 0, 0, 35, 35, 8, 0.92, 101.498, 0, 0, 107, 89.177, 0, 0, 0, 0, 0, 13.6, 0, 11.651, 0, 4.637, 187, 0, 0, 0, 58.008, 1, 0.004, 0.004, 120.2, 21.743, 100, 0, 0, 141, 35, 35, 8, 0.92, 0, 101.498, 0, 0, 107, 89.177, 0, 1.1, 0, 0, 
28.05, 17.98, 100.303, 73.85, 74.66, , -1.823, 0.987, 2884.499, 2884.499, 4.635, -40.299, -40.299, -40.299, 52.408, 79.365, 34.52, 35.869, 7.378, 11.25, 0, 0, -9.373, -9.498, -9.373, -9.498, 1, 88.409, 88.409, 0.024, 0.134, -10.628, -10.77, -10.628, -10.77, 7.108, 7.378, 11.25, , , 1, 27.703, 0, 0, 11.64, 4.635, 187, 0, 0, 0, 58, 4.07, 3.86, 120.2, 21.74, 100, 0, 0, 35, 35, 8, 0.92, 101.5, 0, 0, 107, 89.108, 0, 0, 0, 0, 0, 13.6, 0, 11.64, 0, 4.635, 187, 0, 0, 0, 58, 1, 0.004, 0.004, 120.2, 21.74, 100, 0, 0, 141, 35, 35, 8, 0.92, 0, 101.5, 0, 0, 107, 89.108, 0, 1.1, 0, 0, 
28.1, 17.98, 100.304, 73.85, 74.66, , -1.849, 0.987, 2890.985, 2890.985, 4.632, -40.915, -40.915, -40.915, 52.406, 80, 34.52, 35.653, 7.378, 11.238, 0, 0, -9.507, -9.634, -9.507, -9.634, 1, 88.317, 88.317, 0.024, 0.135, -10.79, -10.935, -10.79, -10.935, 7.096, 7.378, 11.238, , , 1, 27.753, 0, 0, 11.629, 4.632, 187, 0, 0, 0, 58, 4.07, 3.86, 120.2, 21.74, 100, 0, 0, 35, 35, 8, 0.92, 101.5, 0, 0, 107, 89.043, 0, 0, 0, 0, 0, 13.6, 0, 11.629, 0, 4.632, 187, 0, 0, 0, 58, 1, 0.004, 0.004, 120.2, 21.74, 100, 0, 0, 141, 35, 35, 8, 0.92, 0, 101.5, 0, 0, 107, 89.043, 0, 1.1, 0, 0, 
28.15, 17.98, 100.304, 73.85, 74.66, , -1.918, 0.987, 2897.471, 2897.471, 4.63, -42.559, -42.559, -42.559, 52.403, 80.636, 34.52, 35.437, 7.378, 11.226, 0, 0, -9.88, -10.013, -9.88, -10.013, 1, 88.222, 88.222, 0.024, 0.135, -11.225, -11.374, -11.225, -11.374, 7.084, 7.378, 11.226, , , 1, 27.803, 0, 0, 11.619, 4.63, 187, 0, 0, 0, 58, 4.07, 3.86, 120.2, 21.74, 100, 0, 0, 35, 35, 8, 0.92, 101.5, 0, 0, 107, 88.979, 0, 0, 0, 0, 0, 13.6, 0, 11.619, 0, 4.63, 187, 0, 0, 0, 58, 1, 0.004, 0.004, 120.2, 21.74, 100, 0, 0, 141, 35, 35, 8, 0.92, 0, 101.5, 0, 0, 107, 88.979, 0, 1.1, 0, 0, 
28.2, 17.98, 100.304, 73.85, 74.66, , -1.958, 0.987, 2903.958, 2903.958, 4.627, -43.509, -43.509, -43.509, 52.401, 81.271, 34.553, 35.652, 7.379, 11.214, 0, 0, -10.09, -10.225, -10.09, -10.225, 1, 88.124, 88.124, 0.024, 0.135, -11.476, -11.628, -11.476, -11.628, 7.073, 7.379, 11.214, , , 1, 27.853, 0, 0, 11.609, 4.627, 187, 0, 0, 0, 58, 4.07, 3.86, 120.2, 21.74, 100, 0, 0, 35, 35, 8, 0.92, 101.5, 0, 0, 107, 88.914, 0, 0, 0, 0, 0, 13.6, 0, 11.609, 0, 4.627, 187, 0, 0, 0, 58, 1, 0.004, 0.004, 120.2, 21.74, 100, 0, 0, 141, 35, 35, 8, 0.92, 0, 101.5, 0, 0, 107, 88.914, 0, 1.1, 0, 0, 
28.25, 17.98, 100.305, 73.85, 74.66, , -1.918, 0.987, 2910.444, 2910.444, 4.623, -42.57, -42.57, -42.57, 52.399, 81.906, 34.589, 35.904, 7.379, 11.206, 0, 0, -9.86, -9.994, -9.86, -9.994, 1, 88.028, 88.028, 0.024, 0.135, -11.228, -11.379, -11.228, -11.379, 7.065, 7.379, 11.206, , , 1, 27.903, 0, 0, 11.605, 4.623, 187, 0, 0, 0, 57.984, 4.067, 3.853, 120.2, 21.72, 100, 0, 0, 35, 35, 7.964, 0.919, 101.5, 0, 0, 106.976, 88.84, 0, 0, 0, 0, 0, 13.6, 0, 11.605, 0, 4.623, 187, 0, 0, 0, 57.984, 1, 0.004, 0.004, 120.2, 21.72, 100, 0, 0, 141, 35, 35, 7.964, 0.919, 0, 101.5, 0, 0, 106.976, 88.84, 0, 1.097, 0, 0, 
28.3, 17.98, 100.305, 73.85, 74.66, , -1.927, 0.987, 2916.93, 2916.93, 4.613, -42.776, -42.776, -42.776, 52.39, 82.541, 34.625, 36.156, 7.38, 11.201, 0, 0, -9.895, -10.029, -9.895, -10.029, 1, 87.932, 87.932, 0.024, 0.135, -11.285, -11.437, -11.285, -11.437, 7.063, 7.38, 11.201, , , 1, 27.954, 0, 0, 11.635, 4.613, 187, 0, 0, 0, 57.885, 4.052, 3.812, 120.2, 21.61, 100, 0, 0, 35, 35, 7.766, 0.913, 101.5, 0, 0, 106.827, 88.716, 0, 0, 0, 0, 0, 13.6, 0, 11.635, 0, 4.613, 187, 0, 0, 0, 57.885, 1, 0.004, 0.004, 120.2, 21.61, 100, 0, 0, 141, 35, 35, 7.766, 0.913, 0, 101.5, 0, 0, 106.827, 88.716, 0, 1.077, 0, 0, 
28.35, 17.98, 100.306, 73.85, 74.66, , -2.158, 0.987, 2923.417, 2923.417, 4.604, -48.263, -48.263, -48.263, 52.372, 83.177, 34.661, 36.408, 7.38, 11.194, 0, 0, -11.149, -11.299, -11.149, -11.299, 1, 87.829, 87.829, 0.024, 0.135, -12.739, -12.91, -12.739, -12.91, 7.062, 7.38, 11.194, , , 1, 28.004, 0, 0, 11.665, 4.604, 187, 0, 0, 0, 57.786, 4.036, 3.77, 120.2, 21.5, 100, 0, 0, 35, 35, 7.567, 0.907, 101.5, 0, 0, 106.679, 88.592, 0, 0, 0, 0, 0, 13.6, 0, 11.665, 0, 4.604, 187, 0, 0, 0, 57.786, 1, 0.004, 0.004, 120.2, 21.5, 100, 0, 0, 141, 35, 35, 7.567, 0.907, 0, 101.5, 0, 0, 106.679, 88.592, 0, 1.057, 0, 0, 
28.4, 17.98, 100.306, 73.85, 74.66, , -2.38, 0.987, 2929.773, 2929.773, 4.594, -53.533, -53.533, -53.533, 52.351, 83.812, 34.697, 36.66, 7.379, 11.185, 0, 0, -12.35, -12.516, -12.35, -12.516, 1, 87.716, 87.716, 0.024, 0.135, -14.136, -14.327, -14.136, -14.327, 7.06, 7.379, 11.185, , , 1, 28.053, 0, 0, 11.694, 4.594, 187, 0, 0, 0, 57.687, 4.02, 3.728, 120.2, 21.39, 100, 0, 0, 35, 35, 7.369, 0.901, 101.5, 0, 0, 106.53, 88.468, 0, 0, 0, 0, 0, 13.6, 0, 11.694, 0, 4.594, 187, 0, 0, 0, 57.687, 1, 0.004, 0.004, 120.2, 21.39, 100, 0, 0, 141, 35, 35, 7.369, 0.901, 0, 101.5, 0, 0, 106.53, 88.468, 0, 1.037, 0, 0, 
28.45, 17.98, 100.306, 73.85, 74.66, , -2.52, 0.987, 2936.259, 2936.259, 4.584, -56.865, -56.865, -56.865, 52.322, 84.447, 34.799, 36.415, 7.379, 11.185, 0, 0, -13.103, -13.279, -13.103, -13.279, 1, 87.592, 87.592, 0.024, 0.135, -15.024, -15.226, -15.024, -15.226, 7.06, 7.379, 11.185, , , 1, 28.104, 0, 0, 11.724, 4.584, 187, 0, 0, 0, 57.587, 4.004, 3.687, 120.2, 21.28, 100, 0, 0, 35, 35, 7.171, 0.895, 101.5, 0, 0, 106.381, 88.344, 0, 0, 0, 0, 0, 13.6, 0, 11.724, 0, 4.584, 187, 0, 0, 0, 57.587, 1, 0.004, 0.004, 120.2, 21.28, 100, 0, 0, 141, 35, 35, 7.171, 0.895, 0, 101.5, 0, 0, 106.381, 88.344, 0, 1.017, 0, 0, 
28.5, 17.98, 100.307, 73.85, 74.66, , -2.614, 0.987, 2942.728, 2942.728, 4.574, -59.092, -59.092, -59.092, 52.288, 85.082, 34.907, 36.127, 7.379, 11.195, 0, 0, -13.6, -13.781, -13.6, -13.781, 1, 87.463, 87.463, 0.024, 0.135, -15.621, -15.83, -15.621, -15.83, 7.062, 7.379, 11.195, , , 1, 28.154, 0, 0, 11.751, 4.574, 187, 0, 0, 0, 57.486, 3.988, 3.648, 120.2, 21.179, 100, 0, 0, 35, 35, 7, 0.89, 101.486, 0, 0, 106.228, 88.208, 0, 0, 0, 0, 0, 13.6, 0, 11.751, 0, 4.574, 187, 0, 0, 0, 57.486, 1, 0.004, 0.004, 120.2, 21.179, 100, 0, 0, 141, 35, 35, 7, 0.89, 0, 101.486, 0, 0, 106.228, 88.208, 0, 1, 0, 0, 
28.55, 17.98, 100.307, 73.85, 74.66, , -2.76, 0.987, 2949.102, 2949.102, 4.566, -62.554, -62.554, -62.554, 52.261, 85.717, 35.015, 35.839, 7.38, 11.218, 0, 0, -14.376, -14.569, -14.376, -14.569, 1, 87.329, 87.329, 0.024, 0.135, -16.544, -16.765, -16.544, -16.765, 7.065, 7.38, 11.218, , , 1, 28.203, 0, 0, 11.764, 4.566, 187, 0, 0, 0, 57.365, 3.975, 3.634, 120.2, 21.134, 100, 0, 0, 35, 35, 7, 0.887, 101.365, 0, 0, 106.047, 87.983, 0, 0, 0, 0, 0, 13.6, 0, 11.764, 0, 4.566, 187, 0, 0, 0, 57.365, 1, 0.004, 0.004, 120.2, 21.134, 100, 0, 0, 141, 35, 35, 7, 0.887, 0, 101.365, 0, 0, 106.047, 87.983, 0, 1, 0, 0, 
28.6, 17.98, 100.308, 73.85, 74.66, , -2.752, 0.987, 2955.587, 2955.587, 4.559, -62.384, -62.384, -62.384, 52.253, 86.353, 35.123, 35.551, 7.381, 11.255, 0, 0, -14.312, -14.504, -14.312, -14.504, 1, 87.188, 87.188, 0.024, 0.135, -16.502, -16.722, -16.502, -16.722, 7.067, 7.381, 11.255, , , 1, 28.253, 0, 0, 11.776, 4.559, 187, 0, 0, 0, 57.245, 3.962, 3.619, 120.2, 21.09, 100, 0, 0, 35, 35, 7, 0.885, 101.244, 0, 0, 105.866, 87.759, 0, 0, 0, 0, 0, 13.6, 0, 11.776, 0, 4.559, 187, 0, 0, 0, 57.245, 1, 0.004, 0.004, 120.2, 21.09, 100, 0, 0, 141, 35, 35, 7, 0.885, 0, 101.244, 0, 0, 105.866, 87.759, 0, 1, 0, 0, 
28.65, 17.98, 100.308, 73.85, 74.66, , -2.738, 0.987, 2961.944, 2961.944, 4.551, -62.061, -62.061, -62.061, 52.256, 86.988, 35.231, 35.263, 7.382, 11.304, 0, 0, -14.215, -14.405, -14.215, -14.405, 1, 87.052, 87.052, 0.024, 0.135, -16.416, -16.634, -16.416, -16.634, 7.069, 7.382, 11.304, , , 1, 28.303, 0, 0, 11.788, 4.551, 187, 0, 0, 0, 57.125, 3.949, 3.605, 120.2, 21.045, 100, 0, 0, 35, 35, 7, 0.882, 101.123, 0, 0, 105.685, 87.534, 0, 0, 0, 0, 0, 13.6, 0, 11.788, 0, 4.551, 187, 0, 0, 0, 57.125, 1, 0.004, 0.004, 120.2, 21.045, 100, 0, 0, 141, 35, 35, 7, 0.882, 0, 101.123, 0, 0, 105.685, 87.534, 0, 1, 0, 0, 
28.7, 17.98, 100.308, 73.85, 74.66, , -2.907, 0.987, 2968.349, 2968.349, 4.543, -66.073, -66.073, -66.073, 52.274, 87.623, 35.24, 35.074, 7.383, 11.367, 0, 0, -15.108, -15.31, -15.108, -15.31, 1, 86.912, 86.912, 0.024, 0.135, -17.469, -17.701, -17.469, -17.701, 7.029, 7.383, 11.367, , , 1, 28.353, 0, 0, 11.8, 4.543, 187, 0, 0, 0, 57.005, 3.936, 3.591, 120.2, 21.001, 100, 0, 0, 35, 35, 7, 0.88, 101.002, 0, 0, 105.504, 87.309, 0, 0, 0, 0, 0, 13.6, 0, 11.8, 0, 4.543, 187, 0, 0, 0, 57.005, 1, 0.004, 0.004, 120.2, 21.001, 100, 0, 0, 141, 35, 35, 7, 0.88, 0, 101.002, 0, 0, 105.504, 87.309, 0, 1, 0, 0, 
28.75, 17.98, 100.309, 73.85, 74.66, , -3.062, 0.987, 2974.786, 2974.786, 4.538, -69.744, -69.744, -69.744, 52.31, 88.258, 35.24, 34.894, 7.385, 11.438, 0, 0, -15.921, -16.136, -15.921, -16.136, 1, 86.762, 86.762, 0.024, 0.134, -18.429, -18.673, -18.429, -18.673, 6.986, 7.385, 11.438, , , 1, 28.404, 0, 0, 11.789, 4.538, 187, 0, 0, 0, 57, 3.93, 3.605, 120.2, 21.039, 100, 0, 0, 35, 35, 7, 0.88, 101, 0, 0, 105.5, 87.235, 0, 0, 0, 0, 0, 13.6, 0, 11.789, 0, 4.538, 187, 0, 0, 0, 57, 1, 0.004, 0.004, 120.2, 21.039, 100, 0, 0, 141, 35, 35, 7, 0.88, 0, 101, 0, 0, 105.5, 87.235, 0, 1, 0, 0, 
28.8, 17.98, 100.309, 73.85, 74.66, , -2.996, 0.987, 2981.097, 2981.097, 4.533, -68.179, -68.179, -68.179, 52.346, 88.894, 35.24, 34.714, 7.386, 11.516, 0, 0, -15.539, -15.748, -15.539, -15.748, 1, 86.608, 86.608, 0.024, 0.134, -18.004, -18.242, -18.004, -18.242, 6.942, 7.386, 11.516, , , 1, 28.454, 0, 0, 11.779, 4.533, 187, 0, 0, 0, 57, 3.924, 3.62, 120.2, 21.08, 100, 0, 0, 35, 35, 7, 0.88, 101, 0, 0, 105.5, 87.168, 0, 0, 0, 0, 0, 13.6, 0, 11.779, 0, 4.533, 187, 0, 0, 0, 57, 1, 0.004, 0.004, 120.2, 21.08, 100, 0, 0, 141, 35, 35, 7, 0.88, 0, 101, 0, 0, 105.5, 87.168, 0, 1, 0, 0, 
28.85, 17.98, 100.309, 73.85, 74.66, , -2.854, 0.987, 2987.499, 2987.499, 4.528, -64.826, -64.826, -64.826, 52.376, 89.529, 35.24, 34.534, 7.386, 11.608, 0, 0, -14.753, -14.95, -14.753, -14.95, 1, 86.463, 86.463, 0.024, 0.134, -17.11, -17.337, -17.11, -17.337, 6.898, 7.386, 11.608, , , 1, 28.504, 0, 0, 11.768, 4.528, 187, 0, 0, 0, 57, 3.919, 3.635, 120.2, 21.12, 100, 0, 0, 35, 35, 7, 0.88, 101, 0, 0, 105.5, 87.101, 0, 0, 0, 0, 0, 13.6, 0, 11.768, 0, 4.528, 187, 0, 0, 0, 57, 1, 0.004, 0.004, 120.2, 21.12, 100, 0, 0, 141, 35, 35, 7, 0.88, 0, 101, 0, 0, 105.5, 87.101, 0, 1, 0, 0, 
28.9, 17.98, 100.31, 73.85, 74.66, , -2.769, 0.987, 2993.844, 2993.844, 4.523, -62.814, -62.814, -62.814, 52.401, 90.164, 35.24, 34.354, 7.385, 11.716, 0, 0, -14.274, -14.465, -14.274, -14.465, 1, 86.323, 86.323, 0.024, 0.134, -16.57, -16.792, -16.57, -16.792, 6.86, 7.385, 11.716, , , 1, 28.554, 0, 0, 11.757, 4.523, 187, 0, 0, 0, 57, 3.913, 3.65, 120.2, 21.16, 100, 0, 0, 35, 35, 7, 0.88, 101, 0, 0, 105.5, 87.033, 0, 0, 0, 0, 0, 13.6, 0, 11.757, 0, 4.523, 187, 0, 0, 0, 57, 1, 0.004, 0.004, 120.2, 21.16, 100, 0, 0, 141, 35, 35, 7, 0.88, 0, 101, 0, 0, 105.5, 87.033, 0, 1, 0, 0, 
28.95, 17.98, 100.31, 73.85, 74.66, , -2.555, 0.987, 3000.156, 3000.156, 4.517, -57.735, -57.735, -57.735, 52.418, 90.799, 35.108, 34.936, 7.384, 11.834, 0, 0, -13.099, -13.273, -13.099, -13.273, 1, 86.187, 86.187, 0.024, 0.134, -15.226, -15.429, -15.226, -15.429, 6.823, 7.384, 11.834, , , 1, 28.603, 0, 0, 11.746, 4.517, 187, 0, 0, 0, 57, 3.909, 3.662, 120.2, 21.185, 100, 0, 0, 35, 35, 7, 0.88, 101, 0, 0, 105.5, 86.965, 0, 0, 0, 0, 0, 13.6, 0, 11.746, 0, 4.517, 187, 0, 0, 0, 57, 1, 0.004, 0.004, 120.2, 21.185, 100, 0, 0, 141, 35, 35, 7, 0.88, 0, 101, 0, 0, 105.5, 86.965, 0, 1, 0, 0, 
29, 17.98, 100.31, 73.85, 74.66, , -2.368, 0.987, 3006.466, 3006.466, 4.51, -53.31, -53.31, -53.31, 52.419, 91.435, 34.964, 35.584, 7.383, 11.966, 0, 0, -12.076, -12.235, -12.076, -12.235, 1, 86.064, 86.064, 0.024, 0.135, -14.058, -14.245, -14.058, -14.245, 6.787, 7.383, 11.966, , , 1, 28.654, 0, 0, 11.734, 4.51, 187, 0, 0, 0, 57, 3.905, 3.666, 120.2, 21.185, 100, 0, 0, 35, 35, 7, 0.88, 101, 0, 0, 105.5, 86.894, 0, 0, 0, 0, 0, 13.6, 0, 11.734, 0, 4.51, 187, 0, 0, 0, 57, 1, 0.004, 0.004, 120.2, 21.185, 100, 0, 0, 141, 35, 35, 7, 0.88, 0, 101, 0, 0, 105.5, 86.894, 0, 1, 0, 0, 
29.05, 17.98, 100.31, 73.85, 74.66, , -2.302, 0.987, 3012.776, 3012.776, 4.502, -51.735, -51.735, -51.735, 52.41, 87.359, 34.82, 36.232, 7.382, 12.083, 0, 0, -11.703, -11.857, -11.703, -11.857, 1, 85.947, 85.947, 0.024, 0.135, -13.645, -13.827, -13.645, -13.827, 6.75, 7.382, 12.083, , , 1, 28.704, 0, 0, 11.723, 4.502, 187, 0, 0, 0, 57, 3.902, 3.671, 120.2, 21.185, 100, 0, 0, 35, 35, 7, 0.88, 101, 0, 0, 105.5, 86.824, 0, 0, 0, 0, 0, 13.6, 0, 11.723, 0, 4.502, 187, 0, 0, 0, 57, 1, 0.004, 0.004, 120.2, 21.185, 100, 0, 0, 141, 35, 35, 7, 0.88, 0, 101, 0, 0, 105.5, 86.824, 0, 1, 0, 0, 
29.1, 17.98, 100.31, 73.85, 74.66, , -2.298, 0.987, 3019.088, 3019.088, 4.495, -51.653, -51.653, -51.653, 52.396, 83.087, 34.676, 36.88, 7.381, 12.174, 0, 0, -11.668, -11.822, -11.668, -11.822, 1, 85.831, 85.831, 0.024, 0.135, -13.627, -13.808, -13.627, -13.808, 6.726, 7.381, 12.174, , , 1, 28.753, 0, 0, 11.712, 4.495, 187, 0, 0, 0, 57, 3.899, 3.675, 120.2, 21.185, 100, 0, 0, 35, 35, 7, 0.88, 101, 0, 0, 105.5, 86.753, 0, 0, 0, 0, 0, 13.6, 0, 11.712, 0, 4.495, 187, 0, 0, 0, 57, 1, 0.004, 0.004, 120.2, 21.185, 100, 0, 0, 141, 35, 35, 7, 0.88, 0, 101, 0, 0, 105.5, 86.753, 0, 1, 0, 0, 
29.15, 17.98, 100.31, 73.85, 74.66, , -2.219, 0.987, 3025.399, 3025.399, 4.488, -49.778, -49.778, -49.778, 52.371, 78.816, 34.532, 37.528, 7.38, 12.228, 0, 0, -11.229, -11.378, -11.229, -11.378, 1, 85.719, 85.719, 0.024, 0.136, -13.139, -13.311, -13.139, -13.311, 6.714, 7.38, 12.228, , , 1, 28.803, 0, 0, 11.7, 4.488, 187, 0, 0, 0, 57, 3.895, 3.68, 120.2, 21.185, 100, 0, 0, 35, 35, 7, 0.88, 101, 0, 0, 105.5, 86.683, 0, 0, 0, 0, 0, 13.6, 0, 11.7, 0, 4.488, 187, 0, 0, 0, 57, 1, 0.004, 0.004, 120.2, 21.185, 100, 0, 0, 141, 35, 35, 7, 0.88, 0, 101, 0, 0, 105.5, 86.683, 0, 1, 0, 0, 
29.2, 17.98, 100.31, 73.85, 74.66, , -2.172, 0.987, 3031.709, 3031.709, 4.48, -48.657, -48.657, -48.657, 52.341, 74.544, 34.553, 37.149, 7.38, 12.217, 0, 0, -10.962, -11.108, -10.962, -11.108, 1, 85.608, 85.608, 0.024, 0.136, -12.85, -13.019, -12.85, -13.019, 6.703, 7.38, 12.217, , , 1, 28.852, 0, 0, 11.7, 4.48, 187, 0, 0, 0, 57, 3.892, 3.684, 120.2, 21.147, 100, 0, 0, 35, 35, 7, 0.88, 101, 0, 0, 105.5, 86.556, 0, 0, 0, 0, 0, 13.6, 0, 11.7, 0, 4.48, 187, 0, 0, 0, 57, 1, 0.004, 0.004, 120.2, 21.147, 100, 0, 0, 141, 35, 35, 7, 0.88, 0, 101, 0, 0, 105.5, 86.556, 0, 1, 0, 0, 
29.25, 17.98, 100.31, 73.85, 74.66, , -2.192, 0.987, 3038.021, 3038.021, 4.473, -49.145, -49.145, -49.145, 52.313, 70.272, 34.589, 36.681, 7.38, 12.177, 0, 0, -11.056, -11.204, -11.056, -11.204, 1, 85.498, 85.498, 0.024, 0.137, -12.985, -13.158, -12.985, -13.158, 6.692, 7.38, 12.177, , , 1, 28.903, 0, 0, 11.7, 4.473, 187, 0, 0, 0, 57, 3.889, 3.688, 120.2, 21.109, 100, 0, 0, 35, 35, 7, 0.88, 101, 0, 0, 105.5, 86.427, 0, 0, 0, 0, 0, 13.6, 0, 11.7, 0, 4.473, 187, 0, 0, 0, 57, 1, 0.004, 0.004, 120.2, 21.109, 100, 0, 0, 141, 35, 35, 7, 0.88, 0, 101, 0, 0, 105.5, 86.427, 0, 1, 0, 0, 
29.3, 17.98, 100.31, 73.85, 74.66, , -2.219, 0.987, 3044.332, 3044.332, 4.465, -49.786, -49.786, -49.786, 52.292, 66, 34.625, 36.213, 7.38, 12.077, 0, 0, -11.185, -11.333, -11.185, -11.333, 1, 85.389, 85.389, 0.024, 0.137, -13.16, -13.336, -13.16, -13.336, 6.69, 7.38, 12.077, , , 1, 28.953, 0, 0, 11.7, 4.465, 187, 0, 0, 0, 57, 3.886, 3.692, 120.2, 21.07, 100, 0, 0, 35, 35, 7, 0.88, 101, 0, 0, 105.5, 86.298, 0, 0, 0, 0, 0, 13.6, 0, 11.7, 0, 4.465, 187, 0, 0, 0, 57, 1, 0.004, 0.004, 120.2, 21.07, 100, 0, 0, 141, 35, 35, 7, 0.88, 0, 101, 0, 0, 105.5, 86.298, 0, 1, 0, 0, 
29.35, 17.98, 100.31, 73.85, 74.66, , -2.26, 0.987, 3050.613, 3050.613, 4.458, -50.767, -50.767, -50.767, 52.273, 61.728, 34.661, 35.745, 7.38, 11.973, 0, 0, -11.389, -11.54, -11.389, -11.54, 1, 85.277, 85.277, 0.024, 0.137, -13.424, -13.603, -13.424, -13.603, 6.697, 7.38, 11.973, , , 1, 29.003, 0, 0, 11.7, 4.458, 187, 0, 0, 0, 57, 3.883, 3.697, 120.2, 21.032, 100, 0, 0, 35, 35, 7, 0.88, 101, 0, 0, 105.5, 86.169, 0, 0, 0, 0, 0, 13.6, 0, 11.7, 0, 4.458, 187, 0, 0, 0, 57, 1, 0.004, 0.004, 120.2, 21.032, 100, 0, 0, 141, 35, 35, 7, 0.88, 0, 101, 0, 0, 105.5, 86.169, 0, 1, 0, 0, 
29.4, 17.98, 100.31, 73.85, 74.66, , -2.402, 0.987, 3056.828, 3056.828, 4.45, -54.129, -54.129, -54.129, 52.263, 57.457, 34.697, 35.277, 7.379, 11.862, 0, 0, -12.126, -12.288, -12.126, -12.288, 1, 85.16, 85.16, 0.024, 0.136, -14.315, -14.506, -14.315, -14.506, 6.705, 7.379, 11.862, , , 1, 29.053, 0, 0, 11.7, 4.45, 187, 0, 0, 0, 56.983, 3.88, 3.701, 120.2, 21, 100, 0, 0, 35, 35, 7, 0.88, 101, 0, 0, 105.5, 86.038, 0, 0, 0, 0, 0, 13.6, 0, 11.7, 0, 4.45, 187, 0, 0, 0, 56.981, 1, 0.004, 0.004, 120.2, 21, 100, 0, 0, 141, 35, 35, 7, 0.88, 0, 101, 0, 0, 105.5, 86.038, 0, 1, 0, 0, 
29.45, 17.98, 100.31, 73.85, 74.66, , -2.522, 0.987, 3063.138, 3063.138, 4.444, -56.993, -56.993, -56.993, 52.262, 53.185, 34.832, 35.306, 7.379, 11.762, 0, 0, -12.752, -12.923, -12.752, -12.923, 1, 85.036, 85.036, 0.024, 0.136, -15.072, -15.273, -15.072, -15.273, 6.712, 7.379, 11.762, , , 1, 29.103, 0, 0, 11.7, 4.444, 187, 0, 0, 0, 56.874, 3.88, 3.709, 120.2, 21, 100, 0, 0, 35, 35, 7, 0.88, 101, 0, 0, 105.5, 85.904, 0, 0, 0, 0, 0, 13.6, 0, 11.7, 0, 4.444, 187, 0, 0, 0, 56.872, 1, 0.004, 0.004, 120.2, 21, 100, 0, 0, 141, 35, 35, 7, 0.88, 0, 101, 0, 0, 105.5, 85.904, 0, 1, 0, 0, 
29.5, 17.98, 100.31, 73.85, 74.66, , -2.458, 0.987, 3069.322, 3069.322, 4.438, -55.467, -55.467, -55.467, 52.265, 48.913, 34.976, 35.378, 7.378, 11.687, 0, 0, -12.395, -12.561, -12.395, -12.561, 1, 84.91, 84.91, 0.024, 0.136, -14.669, -14.863, -14.669, -14.863, 6.729, 7.378, 11.687, , , 1, 29.153, 0, 0, 11.7, 4.438, 187, 0, 0, 0, 56.765, 3.88, 3.716, 120.2, 21, 100, 0, 0, 35, 35, 7, 0.88, 101, 0, 0, 105.5, 85.769, 0, 0, 0, 0, 0, 13.6, 0, 11.7, 0, 4.438, 187, 0, 0, 0, 56.764, 1, 0.004, 0.004, 120.2, 21, 100, 0, 0, 141, 35, 35, 7, 0.88, 0, 101, 0, 0, 105.5, 85.769, 0, 1, 0, 0, 
29.55, 17.98, 100.31, 73.85, 74.66, , -2.374, 0.987, 3075.56, 3075.56, 4.432, -53.488, -53.488, -53.488, 52.269, 44.641, 35.12, 35.45, 7.378, 11.629, 0, 0, -11.937, -12.097, -11.937, -12.097, 1, 84.79, 84.79, 0.024, 0.136, -14.145, -14.332, -14.145, -14.332, 6.769, 7.378, 11.629, , , 1, 29.203, 0, 0, 11.7, 4.432, 187, 0, 0, 0, 56.657, 3.88, 3.724, 120.2, 21, 100, 0, 0, 35, 35, 7, 0.88, 101, 0, 0, 105.5, 85.634, 0, 0, 0, 0, 0, 13.6, 0, 11.7, 0, 4.432, 187, 0, 0, 0, 56.656, 1, 0.004, 0.004, 120.2, 21, 100, 0, 0, 141, 35, 35, 7, 0.88, 0, 101, 0, 0, 105.5, 85.634, 0, 1, 0, 0, 
29.6, 17.98, 100.31, 73.85, 74.66, , -2.301, 0.987, 3081.818, 3081.818, 4.426, -51.757, -51.757, -51.757, 52.273, 40.37, 35.264, 35.522, 7.378, 11.614, 0, 0, -11.536, -11.689, -11.536, -11.689, 1, 84.672, 84.672, 0.024, 0.136, -13.685, -13.867, -13.685, -13.867, 6.809, 7.378, 11.614, , , 1, 29.253, 0, 0, 11.7, 4.426, 187, 0, 0, 0, 56.548, 3.88, 3.732, 120.2, 21, 100, 0, 0, 35, 35, 7, 0.88, 101, 0, 0, 105.5, 85.499, 0, 0, 0, 0, 0, 13.6, 0, 11.7, 0, 4.426, 187, 0, 0, 0, 56.548, 1, 0.004, 0.004, 120.2, 21, 100, 0, 0, 141, 35, 35, 7, 0.88, 0, 101, 0, 0, 105.5, 85.499, 0, 1, 0, 0, 
29.65, 17.98, 100.31, 73.85, 74.66, , -2.152, 0.987, 3088.002, 3088.002, 4.421, -48.223, -48.223, -48.223, 52.279, 36.098, 35.408, 35.594, 7.378, 11.607, 0, 0, -10.734, -10.876, -10.734, -10.876, 1, 84.559, 84.559, 0.024, 0.135, -12.749, -12.919, -12.749, -12.919, 6.849, 7.378, 11.607, , , 1, 29.303, 0, 0, 11.7, 4.421, 187, 0, 0, 0, 56.442, 3.88, 3.731, 120.2, 21, 100, 0, 0, 35, 35, 7, 0.88, 101, 0, 0, 105.5, 85.404, 0, 0, 0, 0, 0, 13.6, 0, 11.7, 0, 4.421, 187, 0, 0, 0, 56.441, 1, 0.004, 0.004, 120.2, 21, 100, 0, 0, 141, 35, 35, 7, 0.88, 0, 101, 0, 0, 105.5, 85.404, 0, 1, 0, 0, 
29.7, 17.98, 100.31, 73.85, 74.66, , -2.005, 0.987, 3094.24, 3094.24, 4.419, -44.74, -44.74, -44.74, 52.286, 31.993, 35.551, 35.6, 7.379, 11.624, 0, 0, -9.946, -10.077, -9.946, -10.077, 1, 84.456, 84.456, 0.024, 0.135, -11.827, -11.984, -11.827, -11.984, 6.889, 7.379, 11.624, , , 1, 29.353, 0, 0, 11.7, 4.419, 187, 0, 0, 0, 56.338, 3.88, 3.724, 120.2, 21, 100, 0, 0, 35, 35, 7, 0.88, 101, 0, 0, 105.5, 85.339, 0, 0, 0, 0, 0, 13.6, 0, 11.7, 0, 4.419, 187, 0, 0, 0, 56.337, 1, 0.004, 0.004, 120.2, 21, 100, 0, 0, 141, 35, 35, 7, 0.88, 0, 101, 0, 0, 105.5, 85.339, 0, 1, 0, 0, 
29.75, 17.98, 100.31, 73.85, 74.66, , -1.999, 0.987, 3100.498, 3100.498, 4.416, -44.608, -44.608, -44.608, 52.297, 36.049, 35.693, 35.6, 7.379, 11.646, 0, 0, -9.903, -10.035, -9.903, -10.035, 1, 84.356, 84.356, 0.024, 0.135, -11.789, -11.946, -11.789, -11.946, 6.925, 7.379, 11.646, , , 1, 29.404, 0, 0, 11.7, 4.416, 187, 0, 0, 0, 56.233, 3.88, 3.716, 120.2, 21, 100, 0, 0, 35, 35, 7, 0.88, 101, 0, 0, 105.5, 85.275, 0, 0, 0, 0, 0, 13.6, 0, 11.7, 0, 4.416, 187, 0, 0, 0, 56.232, 1, 0.004, 0.004, 120.2, 21, 100, 0, 0, 141, 35, 35, 7, 0.88, 0, 101, 0, 0, 105.5, 85.275, 0, 1, 0, 0, 
29.8, 17.98, 100.31, 73.85, 74.66, , -2.087, 0.987, 3106.652, 3106.652, 4.413, -46.685, -46.685, -46.685, 52.316, 46.692, 35.835, 35.6, 7.381, 11.687, 0, 0, -10.351, -10.488, -10.351, -10.488, 1, 84.255, 84.255, 0.024, 0.135, -12.332, -12.497, -12.332, -12.497, 6.961, 7.381, 11.687, , , 1, 29.454, 0, 0, 11.7, 4.413, 187, 0, 0, 0, 56.129, 3.88, 3.709, 120.2, 21, 100, 0, 0, 35, 35, 7, 0.88, 101, 0, 0, 105.5, 85.21, 0, 0, 0, 0, 0, 13.6, 0, 11.7, 0, 4.413, 187, 0, 0, 0, 56.128, 1, 0.004, 0.004, 120.2, 21, 100, 0, 0, 141, 35, 35, 7, 0.88, 0, 101, 0, 0, 105.5, 85.21, 0, 1, 0, 0, 
29.85, 17.98, 100.31, 73.85, 74.66, , -2.178, 0.987, 3112.797, 3112.797, 4.411, -48.852, -48.852, -48.852, 52.344, 51.854, 35.978, 35.6, 7.382, 11.723, 0, 0, -10.817, -10.961, -10.817, -10.961, 1, 84.148, 84.148, 0.024, 0.135, -12.898, -13.069, -12.898, -13.069, 6.997, 7.382, 11.723, , , 1, 29.503, 0, 0, 11.7, 4.411, 187, 0, 0, 0, 56.025, 3.88, 3.702, 120.2, 21, 100, 0, 0, 35, 35, 7, 0.88, 101, 0, 0, 105.5, 85.146, 0, 0, 0, 0, 0, 13.6, 0, 11.7, 0, 4.411, 187, 0, 0, 0, 56.023, 1, 0.004, 0.004, 120.2, 21, 100, 0, 0, 141, 35, 35, 7, 0.88, 0, 101, 0, 0, 105.5, 85.146, 0, 1, 0, 0, 
29.9, 17.98, 100.31, 73.85, 74.66, , -2.169, 0.987, 3119.051, 3119.051, 4.407, -48.64, -48.64, -48.64, 52.38, 53.596, 36.12, 35.6, 7.382, 11.741, 0, 0, -10.757, -10.9, -10.757, -10.9, 1, 84.039, 84.039, 0.024, 0.135, -12.835, -13.005, -12.835, -13.005, 7.034, 7.382, 11.741, , , 1, 29.553, 0, 0, 11.7, 4.407, 187, 0, 0, 0, 56, 3.888, 3.724, 120.2, 21, 100, 0, 0, 35, 35, 6.922, 0.88, 101.078, 0, 0, 105.539, 84.989, 0, 0, 0, 0, 0, 13.6, 0, 11.7, 0, 4.407, 187, 0, 0, 0, 56, 1, 0.004, 0.004, 120.2, 21, 100, 0, 0, 141, 35, 35, 6.922, 0.88, 0, 101.078, 0, 0, 105.539, 84.989, 0, 1, 0, 0, 
29.95, 17.98, 100.31, 73.85, 74.66, , -2.132, 0.987, 3125.208, 3125.208, 4.403, -47.779, -47.779, -47.779, 52.414, 56.96, 36.015, 36.039, 7.382, 11.757, 0, 0, -10.555, -10.696, -10.555, -10.696, 1, 83.932, 83.932, 0.024, 0.136, -12.603, -12.769, -12.603, -12.769, 7.04, 7.382, 11.757, , , 1, 29.603, 0, 0, 11.7, 4.403, 187, 0, 0, 0, 56, 3.899, 3.756, 120.2, 21, 100, 0, 0, 35, 35, 6.822, 0.88, 101.178, 0, 0, 105.589, 84.803, 0, 0, 0, 0, 0, 13.6, 0, 11.7, 0, 4.403, 187, 0, 0, 0, 56, 1, 0.004, 0.004, 120.2, 21, 100, 0, 0, 141, 35, 35, 6.822, 0.88, 0, 101.178, 0, 0, 105.589, 84.803, 0, 1, 0, 0, 
30, 17.98, 100.31, 73.85, 74.66, , -2.148, 0.987, 3131.353, 3131.353, 4.399, -48.145, -48.145, -48.145, 52.446, 68.713, 35.869, 36.549, 7.382, 11.762, 0, 0, -10.622, -10.764, -10.622, -10.764, 1, 83.825, 83.825, 0.024, 0.136, -12.691, -12.858, -12.691, -12.858, 7.041, 7.382, 11.762, , , 1, 29.654, 0, 0, 11.7, 4.399, 187, 0, 0, 0, 56, 3.91, 3.788, 120.2, 21, 100, 0, 0, 35, 35, 6.722, 0.88, 101.278, 0, 0, 105.639, 84.617, 0, 0, 0, 0, 0, 13.6, 0, 11.7, 0, 4.399, 187, 0, 0, 0, 56, 1, 0.004, 0.004, 120.2, 21, 100, 0, 0, 141, 35, 35, 6.722, 0.88, 0, 101.278, 0, 0, 105.639, 84.617, 0, 1, 0, 0, 
30.05, 17.98, 100.31, 73.85, 74.66, , -2.116, 0.987, 3137.499, 3137.499, 4.395, -47.387, -47.387, -47.387, 52.476, 72.005, 35.723, 37.059, 7.382, 11.764, 0, 0, -10.441, -10.581, -10.441, -10.581, 1, 83.718, 83.718, 0.024, 0.136, -12.484, -12.648, -12.484, -12.648, 7.043, 7.382, 11.764, , , 1, 29.703, 0, 0, 11.7, 4.395, 187, 0, 0, 0, 56, 3.922, 3.82, 120.2, 21, 100, 0, 0, 35, 35, 6.622, 0.88, 101.378, 0, 0, 105.689, 84.431, 0, 0, 0, 0, 0, 13.6, 0, 11.7, 0, 4.395, 187, 0, 0, 0, 56, 1, 0.004, 0.004, 120.2, 21, 100, 0, 0, 141, 35, 35, 6.622, 0.88, 0, 101.378, 0, 0, 105.689, 84.431, 0, 1, 0, 0, 
30.1, 17.98, 100.31, 73.85, 74.66, , -2.072, 0.987, 3143.643, 3143.643, 4.39, -46.364, -46.364, -46.364, 52.501, 71.47, 35.577, 37.569, 7.38, 11.749, 0, 0, -10.2, -10.337, -10.2, -10.337, 1, 83.613, 83.613, 0.024, 0.136, -12.208, -12.366, -12.208, -12.366, 7.045, 7.38, 11.749, , , 1, 29.753, 0, 0, 11.7, 4.39, 187, 0, 0, 0, 56, 3.933, 3.852, 120.2, 21, 100, 0, 0, 35, 35, 6.522, 0.88, 101.478, 0, 0, 105.739, 84.245, 0, 0, 0, 0, 0, 13.6, 0, 11.7, 0, 4.39, 187, 0, 0, 0, 56, 1, 0.004, 0.004, 120.2, 21, 100, 0, 0, 141, 35, 35, 6.522, 0.88, 0, 101.478, 0, 0, 105.739, 84.245, 0, 1, 0, 0, 
30.15, 17.98, 100.31, 73.85, 74.66, , -2.104, 0.987, 3149.788, 3149.788, 4.388, -47.115, -47.115, -47.115, 52.518, 70.934, 35.432, 38.079, 7.379, 11.737, 0, 0, -10.351, -10.49, -10.351, -10.49, 1, 83.509, 83.509, 0.024, 0.136, -12.4, -12.562, -12.4, -12.562, 7.034, 7.379, 11.737, , , 1, 29.803, 0, 0, 11.7, 4.388, 187, 0, 0, 0, 56, 3.941, 3.86, 120.2, 21, 100, 0, 0, 35, 35, 6.589, 0.88, 101.5, 0, 0, 105.794, 84.146, 0, 0, 0, 0, 0, 13.6, 0, 11.7, 0, 4.388, 187, 0, 0, 0, 56, 1, 0.004, 0.004, 120.2, 21, 100, 0, 0, 141, 35, 35, 6.589, 0.88, 0, 101.5, 0, 0, 105.794, 84.146, 0, 1, 0, 0, 
30.2, 17.98, 100.31, 73.85, 74.66, , -2.312, 0.987, 3155.934, 3155.934, 4.386, -52.051, -52.051, -52.051, 52.528, 70.398, 35.751, 37.623, 7.379, 11.738, 0, 0, -11.421, -11.574, -11.421, -11.574, 1, 83.398, 83.398, 0.024, 0.136, -13.696, -13.876, -13.696, -13.876, 7.019, 7.379, 11.738, , , 1, 29.853, 0, 0, 11.7, 4.386, 187, 0, 0, 0, 56, 3.949, 3.86, 120.2, 21, 100, 0, 0, 35, 35, 6.702, 0.88, 101.5, 0, 0, 105.851, 84.076, 0, 0, 0, 0, 0, 13.6, 0, 11.7, 0, 4.386, 187, 0, 0, 0, 56, 1, 0.004, 0.004, 120.2, 21, 100, 0, 0, 141, 35, 35, 6.702, 0.88, 0, 101.5, 0, 0, 105.851, 84.076, 0, 1, 0, 0, 
30.25, 17.98, 100.31, 73.85, 74.66, , -2.71, 0.987, 3162.079, 3162.079, 4.385, -61.51, -61.51, -61.51, 52.538, 69.862, 36.111, 37.083, 7.378, 11.74, 0, 0, -13.472, -13.65, -13.472, -13.65, 1, 83.272, 83.272, 0.024, 0.136, -16.18, -16.395, -16.18, -16.395, 7.005, 7.378, 11.74, , , 1, 29.903, 0, 0, 11.7, 4.385, 187, 0, 0, 0, 56, 3.957, 3.86, 120.2, 21, 100, 0, 0, 35, 35, 6.816, 0.88, 101.5, 0, 0, 105.908, 84.006, 0, 0, 0, 0, 0, 13.6, 0, 11.7, 0, 4.385, 187, 0, 0, 0, 56, 1, 0.004, 0.004, 120.2, 21, 100, 0, 0, 141, 35, 35, 6.816, 0.88, 0, 101.5, 0, 0, 105.908, 84.006, 0, 1, 0, 0, 
30.3, 17.98, 100.31, 73.85, 74.66, , -3.282, 0.987, 3168.223, 3168.223, 4.383, -75.075, -75.075, -75.075, 52.555, 69.326, 36.471, 36.543, 7.378, 11.748, 0, 0, -16.406, -16.623, -16.406, -16.623, 1, 83.122, 83.122, 0.024, 0.136, -19.741, -20.002, -19.741, -20.002, 6.991, 7.378, 11.748, , , 1, 29.953, 0, 0, 11.7, 4.383, 187, 0, 0, 0, 56, 3.965, 3.86, 120.2, 21, 100, 0, 0, 35, 35, 6.93, 0.88, 101.5, 0, 0, 105.965, 83.935, 0, 0, 0, 0, 0, 13.6, 0, 11.7, 0, 4.383, 187, 0, 0, 0, 56, 1, 0.004, 0.004, 120.2, 21, 100, 0, 0, 141, 35, 35, 6.93, 0.88, 0, 101.5, 0, 0, 105.965, 83.935, 0, 1, 0, 0, 
30.35, 17.98, 100.309, 73.85, 74.66, , -3.828, 0.987, 3174.28, 3174.28, 4.379, -88.033, -88.033, -88.033, 52.579, 68.79, 36.831, 36.003, 7.378, 11.76, 0, 0, -19.192, -19.447, -19.192, -19.447, 1, 82.945, 82.945, 0.024, 0.136, -23.134, -23.441, -23.134, -23.441, 6.984, 7.378, 11.76, , , 1, 30.004, 0, 0.005, 11.693, 4.379, 187, 0, 0, 0, 55.567, 3.898, 3.783, 120.2, 20.948, 100, 0, 0, 35, 35, 6.93, 0.875, 101.078, 0, 0, 105.472, 83.807, 0, 0, 0, 0, 0, 13.6, 0.005, 11.693, 0, 4.379, 187, 0, 0, 0, 55.567, 1, 0.004, 0.004, 120.2, 20.948, 100, 0, 0, 141, 35, 35, 6.93, 0.875, 0, 101.078, 0, 0, 105.472, 83.807, 0, 1, 0, 0, 
30.4, 17.98, 100.309, 73.85, 74.66, , -4.356, 0.987, 3180.39, 3180.39, 4.371, -100.571, -100.571, -100.571, 52.606, 68.254, 37.191, 35.463, 7.38, 11.797, 0, 0, -21.877, -22.167, -21.877, -22.167, 1, 82.736, 82.736, 0.024, 0.136, -26.416, -26.767, -26.416, -26.767, 6.985, 7.38, 11.797, , , 1, 30.053, 0, 0.018, 11.674, 4.371, 187, 0, 0, 0, 54.363, 3.698, 3.57, 120.2, 20.811, 100, 0, 0, 35, 35, 6.744, 0.86, 99.967, 0, 0, 104.083, 83.575, 0, 0, 0, 0, 0, 13.6, 0.018, 11.674, 0, 4.371, 187, 0, 0, 0, 54.363, 1, 0.004, 0.004, 120.2, 20.811, 100, 0, 0, 141, 35, 35, 6.744, 0.86, 0, 99.967, 0, 0, 104.083, 83.575, 0, 1, 0, 0, 
30.45, 17.98, 100.308, 73.85, 74.66, , -4.841, 0.987, 3186.493, 3186.493, 4.363, -112.084, -112.084, -112.084, 52.631, 67.718, 37.22, 35.552, 7.381, 11.853, 0, 0, -24.324, -24.649, -24.324, -24.649, 1, 82.503, 82.503, 0.024, 0.136, -29.431, -29.822, -29.431, -29.822, 6.986, 7.381, 11.853, , , 1, 30.103, 0, 0.031, 11.656, 4.363, 187, 0, 0, 0, 53.159, 3.498, 3.357, 120.2, 20.674, 100, 0, 0, 35, 35, 6.559, 0.845, 98.856, 0, 0, 102.694, 83.344, 0, 0, 0, 0, 0, 13.6, 0.031, 11.656, 0, 4.363, 187, 0, 0, 0, 53.159, 1, 0.004, 0.004, 120.2, 20.674, 100, 0, 0, 141, 35, 35, 6.559, 0.845, 0, 98.856, 0, 0, 102.694, 83.344, 0, 1, 0, 0, 
30.5, 17.98, 100.308, 73.85, 74.66, , -5.099, 0.987, 3192.556, 3192.556, 4.356, -118.208, -118.208, -118.208, 52.65, 67.182, 37.22, 35.696, 7.383, 12.202, 0, 0, -25.585, -25.927, -25.585, -25.927, 1, 82.254, 82.254, 0.024, 0.136, -31.033, -31.445, -31.033, -31.445, 6.987, 7.383, 12.202, , , 1, 30.153, 0, 0.044, 11.637, 4.356, 187, 0, 0, 0, 51.956, 3.298, 3.144, 120.2, 20.537, 100, 0, 0, 35, 35, 6.374, 0.83, 97.744, 0, 0, 101.306, 83.112, 0, 0, 0, 0, 0, 13.6, 0.044, 11.637, 0, 4.356, 187, 0, 0, 0, 51.956, 1, 0.003, 0.003, 120.2, 20.537, 100, 0, 0, 141, 35, 35, 6.374, 0.83, 0, 97.744, 0, 0, 101.306, 83.112, 0, 1, 0, 0, 
30.55, 17.98, 100.308, 73.85, 74.66, , -5.122, 0.987, 3198.587, 3198.587, 4.348, -118.754, -118.754, -118.754, 52.653, 66.646, 37.22, 35.84, 7.384, 12.574, 0, 0, -25.625, -25.968, -25.625, -25.968, 1, 81.995, 81.995, 0.024, 0.136, -31.173, -31.589, -31.173, -31.589, 6.993, 7.384, 12.574, , , 1, 30.203, 0, 0.057, 11.619, 4.348, 187, 0, 0, 0, 50.752, 3.098, 2.931, 120.2, 20.4, 100, 0, 0, 35, 35, 6.189, 0.815, 96.633, 0, 0, 99.917, 82.881, 0, 0, 0, 0, 0, 13.6, 0.057, 11.619, 0, 4.348, 187, 0, 0, 0, 50.752, 1, 0.003, 0.003, 120.2, 20.4, 100, 0, 0, 141, 35, 35, 6.189, 0.815, 0, 96.633, 0, 0, 99.917, 82.881, 0, 1, 0, 0, 
30.6, 17.98, 100.307, 73.85, 74.66, , -5.001, 0.987, 3204.693, 3204.693, 4.34, -115.888, -115.888, -115.888, 52.638, 66.11, 37.22, 35.984, 7.384, 13.493, 0, 0, -24.931, -25.263, -24.931, -25.263, 1, 81.741, 81.741, 0.024, 0.135, -30.43, -30.836, -30.43, -30.836, 7.011, 7.384, 13.493, , , 1, 30.253, 0, 0.07, 11.6, 4.34, 187, 0, 0, 0, 49.548, 2.898, 2.719, 120.2, 20.263, 100, 0, 0, 35, 35, 6.004, 0.801, 95.522, 0, 0, 98.528, 82.649, 0, 0, 0, 0, 0, 13.6, 0.07, 11.6, 0, 4.34, 187, 0, 0, 0, 49.548, 1, 0.003, 0.003, 120.2, 20.263, 100, 0, 0, 141, 35, 35, 6.004, 0.801, 0, 95.522, 0, 0, 98.528, 82.649, 0, 1, 0, 0, 
30.65, 17.98, 100.307, 73.85, 74.66, , -4.674, 0.987, 3210.681, 3210.681, 4.321, -108.139, -108.139, -108.139, 52.613, 65.574, 37.22, 36.128, 7.384, 14.424, 0, 0, -23.203, -23.512, -23.203, -23.512, 1, 81.495, 81.495, 0.024, 0.135, -28.407, -28.786, -28.407, -28.786, 7.028, 7.384, 14.424, , , 1, 30.303, 0, 0.056, 11.6, 4.321, 187, 0, 0, 0, 49, 2.572, 2.407, 120.2, 19.211, 100, 0, 0, 35, 35, 4.78, 0.758, 94.788, 0, 0, 97.788, 82.331, 0, 0, 0, 0, 0, 13.6, 0.056, 11.6, 0, 4.321, 187, 0, 0, 0, 49, 1, 0.003, 0.003, 120.2, 19.211, 100, 0, 0, 141, 35, 35, 4.78, 0.758, 0, 94.788, 0, 0, 97.788, 82.331, 0, 1, 0, 0, 
30.7, 17.98, 100.306, 73.85, 74.661, , -4.57, 0.987, 3216.668, 3216.668, 4.302, -105.684, -105.684, -105.684, 52.602, 65.038, 36.855, 36.188, 7.383, 15.885, 0, 0, -22.608, -22.91, -22.608, -22.91, 1, 81.265, 81.265, 0.024, 0.135, -27.768, -28.14, -27.768, -28.14, 7.046, 7.383, 15.885, , , 1, 30.353, 0, 0.041, 11.6, 4.302, 187, 0, 0, 0, 48.479, 2.241, 2.092, 120.2, 18.14, 100, 0, 0, 35, 35, 3.535, 0.715, 94.062, 0, 0, 97.062, 82.01, 0, 0, 0, 0, 0, 13.6, 0.041, 11.6, 0, 4.302, 187, 0, 0, 0, 48.479, 1, 0.002, 0.002, 120.2, 18.14, 100, 0, 0, 141, 35, 35, 3.535, 0.715, 0, 94.062, 0, 0, 97.062, 82.01, 0, 1, 0, 0, 
30.75, 17.98, 100.306, 73.85, 74.661, , -4.617, 0.987, 3222.655, 3222.655, 4.283, -106.815, -106.815, -106.815, 52.613, 64.502, 36.459, 36.239, 7.381, 17.347, 0, 0, -22.778, -23.082, -22.778, -23.082, 1, 81.034, 81.034, 0.024, 0.135, -28.058, -28.434, -28.058, -28.434, 7.065, 7.381, 17.347, , , 1, 30.404, 0, 0.027, 11.6, 4.283, 187, 0, 0, 0, 47.958, 1.91, 1.777, 120.2, 17.07, 100, 0, 0, 35, 35, 2.29, 0.671, 93.336, 0, 0, 96.336, 81.688, 0, 0, 0, 0, 0, 13.6, 0.027, 11.6, 0, 4.283, 187, 0, 0, 0, 47.958, 1, 0.002, 0.002, 120.2, 17.07, 100, 0, 0, 141, 35, 35, 2.29, 0.671, 0, 93.336, 0, 0, 96.336, 81.688, 0, 1, 0, 0, 
30.8, 17.98, 100.306, 73.85, 74.662, , -4.644, 0.987, 3228.642, 3228.642, 4.263, -107.46, -107.46, -107.46, 52.646, 63.966, 36.062, 36.291, 7.38, 18.752, 0, 0, -22.843, -23.147, -22.843, -23.147, 1, 80.801, 80.801, 0.024, 0.135, -28.206, -28.585, -28.206, -28.585, 7.094, 7.38, 18.752, , , 1, 30.453, 0, 0.012, 11.6, 4.263, 187, 0, 0, 0, 47.438, 1.58, 1.461, 120.2, 15.999, 100, 0, 0, 35, 35, 1.046, 0.627, 92.61, 0, 0, 95.61, 81.367, 0, 0, 0, 0, 0, 13.6, 0.012, 11.6, 0, 4.263, 187, 0, 0, 0, 47.438, 1, 0.002, 0.001, 120.2, 15.999, 100, 0, 0, 141, 35, 35, 1.046, 0.627, 0, 92.61, 0, 0, 95.61, 81.367, 0, 1, 0, 0, 
30.85, 17.98, 100.305, 73.85, 74.663, , -4.673, 0.987, 3234.63, 3234.63, 4.246, -108.161, -108.161, -108.161, 52.7, 63.43, 35.666, 36.343, 7.378, 20.157, 0, 0, -22.92, -23.225, -22.92, -23.225, 1, 80.569, 80.569, 0.024, 0.135, -28.36, -28.74, -28.36, -28.74, 7.123, 7.378, 20.157, , , 1, 30.503, 0, 0, 11.6, 4.246, 187, 0, 0, 0, 47, 1.257, 1.155, 120.2, 15.088, 100, 0, 0, 35, 35, 0, 0.591, 92.017, 0, 0, 95.017, 81.081, 0, 0, 0, 0, 0, 13.6, 0, 11.6, 0, 4.246, 187, 0, 0, 0, 47, 1, 0.001, 0.001, 120.2, 15.088, 100, 0, 0, 141, 35, 35, 0, 0.591, 0, 92.017, 0, 0, 95.017, 81.081, 0, 1, 0, 0, 
30.9, 17.98, 100.305, 73.85, 74.664, , -4.912, 0.987, 3240.508, 3240.508, 4.243, -113.83, -113.83, -113.83, 52.751, 62.894, 35.269, 36.394, 7.378, 20.996, 0, 0, -24.055, -24.376, -24.055, -24.376, 1, 80.327, 80.327, 0.024, 0.135, -29.822, -30.221, -29.822, -30.221, 7.152, 7.378, 20.996, , , 1, 30.554, 0, 0, 11.6, 4.243, 187, 0, 0, 0, 47, 0.986, 0.906, 120.2, 15.01, 100, 0, 0, 35, 35, 0, 0.595, 92.121, 0, 0, 95.121, 81.016, 0, 0, 0, 0, 0, 13.6, 0, 11.6, 0, 4.243, 187, 0, 0, 0, 47, 1, 0.001, 0.001, 120.2, 15.01, 100, 0, 0, 141, 35, 35, 0, 0.595, 0, 92.121, 0, 0, 95.121, 81.016, 0, 1, 0, 0, 
30.95, 17.98, 100.305, 73.85, 74.664, , -5.137, 0.987, 3246.462, 3246.462, 4.24, -119.179, -119.179, -119.179, 52.784, 62.358, 35.137, 36.529, 7.377, 21.823, 0, 0, -25.115, -25.449, -25.115, -25.449, 1, 80.074, 80.074, 0.024, 0.136, -31.208, -31.625, -31.208, -31.625, 7.18, 7.377, 21.823, , , 1, 30.603, 0, 0, 11.6, 4.24, 187, 0, 0, 0, 47, 0.715, 0.657, 120.2, 14.933, 100, 0, 0, 35, 35, 0, 0.599, 92.226, 0, 0, 95.226, 80.951, 0, 0, 0, 0, 0, 13.6, 0, 11.6, 0, 4.24, 187, 0, 0, 0, 47, 1, 0.001, 0.001, 120.2, 14.933, 100, 0, 0, 141, 35, 35, 0, 0.599, 0, 92.226, 0, 0, 95.226, 80.951, 0, 1, 0, 0, 
31, 17.98, 100.304, 73.85, 74.665, , -5.137, 0.987, 3252.352, 3252.352, 4.237, -119.183, -119.183, -119.183, 52.795, 61.823, 35.118, 36.698, 7.377, 22.11, 0, 0, -25.035, -25.368, -25.035, -25.368, 1, 79.812, 79.812, 0.024, 0.136, -31.203, -31.619, -31.203, -31.619, 7.188, 7.377, 22.11, , , 1, 30.653, 0, 0, 11.6, 4.237, 187, 0, 0, 0, 47, 0.444, 0.408, 120.2, 14.855, 100, 0, 0, 35, 35, 0, 0.603, 92.331, 0, 0, 95.331, 80.886, 0, 0, 0, 0, 0, 13.6, 0, 11.6, 0, 4.237, 187, 0, 0, 0, 47, 1, 0.001, 0, 120.2, 14.855, 100, 0, 0, 141, 35, 35, 0, 0.603, 0, 92.331, 0, 0, 95.331, 80.886, 0, 1, 0, 0, 
31.05, 17.98, 100.304, 73.85, 74.666, , -5.098, 0.987, 3258.255, 3258.255, 4.234, -118.261, -118.261, -118.261, 52.782, 63.843, 35.099, 36.868, 7.377, 22.374, 0, 0, -24.759, -25.09, -24.759, -25.09, 1, 79.575, 79.575, 0.024, 0.136, -30.973, -31.384, -30.973, -31.384, 7.191, 7.377, 22.374, , , 1, 30.703, 0, 0, 11.6, 4.234, 187, 0, 0, 0, 47, 0.173, 0.159, 120.2, 14.778, 100, 0, 0, 35, 35, 0, 0.607, 92.435, 0, 0, 95.435, 80.822, 0, 0, 0, 0, 0, 13.6, 0, 11.6, 0, 4.234, 187, 0, 0, 0, 47, 1, 0, 0, 120.2, 14.778, 100, 0, 0, 141, 35, 35, 0, 0.607, 0, 92.435, 0, 0, 95.435, 80.822, 0, 1, 0, 0, 
31.1, 17.98, 100.303, 73.85, 74.667, , -5.08, 0.987, 3261.874, 3261.874, 4.225, -117.844, -117.844, -117.844, 52.756, 70.058, 35.08, 37.037, 7.377, 22.39, 0, 0, -24.621, -24.951, -24.621, -24.951, 1, 79.402, 79.402, 0.024, 0.137, -30.877, -31.285, -30.877, -31.285, 7.195, 7.377, 22.39, , , 1, 30.754, 0, 0, 11.6, 4.225, 187, 0, 0, 0, 47, 0, 0, 120.2, 14.757, 100, 0, 0, 35, 34.481, 0.073, 0.611, 92.573, 0, 0, 95.573, 80.651, 0, 0, 0, 0, 0, 13.6, 0, 11.6, 0, 4.225, 187, 0, 0, 0, 47, 1, 0, 0, 120.2, 14.757, 100, 0, 0, 141, 35, 34.481, 0.073, 0.611, 0, 92.573, 0, 0, 95.573, 80.651, 0, 1, 0, 0, 
31.15, 17.98, 100.303, 73.85, 74.667, , -5.083, 0.987, 3267.595, 3267.595, 4.207, -117.932, -117.932, -117.932, 52.7, 68.999, 35.062, 37.206, 7.377, 22.39, 0, 0, -24.563, -24.891, -24.563, -24.891, 1, 79.146, 79.146, 0.024, 0.137, -30.93, -31.342, -30.93, -31.342, 7.198, 7.377, 22.39, , , 1, 30.803, 0, 0, 11.6, 4.207, 187, 0, 0, 0, 47, 0, 0, 120.2, 14.828, 100, 0, 0, 35, 33.038, 0.265, 0.613, 92.765, 0, 0, 95.765, 80.291, 0, 0, 0, 0, 0, 13.6, 0, 11.6, 0, 4.207, 187, 0, 0, 0, 47, 1, 0, 0, 120.2, 14.828, 100, 0, 0, 141, 35, 33.038, 0.265, 0.613, 0, 92.765, 0, 0, 95.765, 80.291, 0, 1, 0, 0, 
31.2, 17.98, 100.303, 73.85, 74.668, , -5.085, 0.987, 3273.434, 3273.434, 4.189, -117.973, -117.973, -117.973, 52.653, 67.94, 34.961, 36.756, 7.377, 22.39, 0, 0, -24.493, -24.82, -24.493, -24.82, 1, 78.89, 78.89, 0.024, 0.137, -30.967, -31.379, -30.967, -31.379, 7.181, 7.377, 22.39, , , 1, 30.853, 0, 0, 11.6, 4.189, 187, 0, 0, 0, 47, 0, 0, 120.2, 14.899, 100, 0, 0, 35, 31.596, 0.458, 0.615, 92.958, 0, 0, 95.958, 79.931, 0, 0, 0, 0, 0, 13.6, 0, 11.6, 0, 4.189, 187, 0, 0, 0, 47, 1, 0, 0, 120.2, 14.899, 100, 0, 0, 141, 35, 31.596, 0.458, 0.615, 0, 92.958, 0, 0, 95.958, 79.931, 0, 1, 0, 0, 
31.25, 17.98, 100.302, 73.85, 74.669, , -5.075, 0.987, 3279.271, 3279.271, 4.171, -117.75, -117.75, -117.75, 52.623, 66.882, 34.853, 36.252, 7.377, 22.39, 0, 0, -24.366, -24.693, -24.366, -24.693, 1, 78.634, 78.634, 0.024, 0.137, -30.928, -31.34, -30.928, -31.34, 7.147, 7.377, 22.39, , , 1, 30.903, 0, 0, 11.6, 4.171, 187, 0, 0, 0, 47, 0, 0, 120.2, 14.97, 100, 0, 0, 35, 30.154, 0.65, 0.616, 93.15, 0, 0, 96.15, 79.572, 0, 0, 0, 0, 0, 13.6, 0, 11.6, 0, 4.171, 187, 0, 0, 0, 47, 1, 0, 0, 120.2, 14.97, 100, 0, 0, 141, 35, 30.154, 0.65, 0.616, 0, 93.15, 0, 0, 96.15, 79.572, 0, 1, 0, 0, 
31.3, 17.98, 100.302, 73.85, 74.67, , -5.071, 0.987, 3285.108, 3285.108, 4.153, -117.666, -117.666, -117.666, 52.604, 65.823, 34.745, 35.748, 7.377, 22.39, 0, 0, -24.27, -24.595, -24.27, -24.595, 1, 78.378, 78.378, 0.024, 0.137, -30.918, -31.329, -30.918, -31.329, 7.113, 7.377, 22.39, , , 1, 30.953, 0, 0, 11.6, 4.153, 187, 0, 0, 0, 47, 0, 0, 120.2, 15.042, 100, 0, 0, 35, 28.712, 0.842, 0.618, 93.342, 0, 0, 96.342, 79.212, 0, 0, 0, 0, 0, 13.6, 0, 11.6, 0, 4.153, 187, 0, 0, 0, 47, 1, 0, 0, 120.2, 15.042, 100, 0, 0, 141, 35, 28.712, 0.842, 0.618, 0, 93.342, 0, 0, 96.342, 79.212, 0, 1, 0, 0, 
31.35, 17.98, 100.302, 73.85, 74.671, , -5.057, 0.987, 3290.829, 3290.829, 4.136, -117.345, -117.345, -117.345, 52.598, 61.893, 34.637, 35.244, 7.377, 22.39, 0, 0, -24.124, -24.448, -24.124, -24.448, 1, 78.124, 78.124, 0.024, 0.137, -30.835, -31.247, -30.835, -31.247, 7.079, 7.377, 22.39, , , 1, 31.003, 0, 0, 11.6, 4.136, 187, 0, 0, 0, 47, 0, 0, 120.258, 15.1, 100, 0, 0, 34.261, 27.002, 1, 0.62, 93.5, 0, 0, 96.5, 78.87, 0, 0, 0, 0, 0, 13.6, 0, 11.6, 0, 4.136, 187, 0, 0, 0, 47, 1, 0, 0, 120.258, 15.1, 100, 0, 0, 141, 34.261, 27.002, 1, 0.62, 0, 93.5, 0, 0, 96.5, 78.87, 0, 1, 0, 0, 
31.4, 17.98, 100.301, 73.85, 74.671, , -5.054, 0.987, 3296.618, 3296.618, 4.123, -117.268, -117.268, -117.268, 52.601, 54.309, 34.529, 34.74, 7.377, 22.39, 0, 0, -24.029, -24.352, -24.029, -24.352, 1, 77.87, 77.87, 0.024, 0.137, -30.813, -31.223, -30.813, -31.223, 7.042, 7.377, 22.39, , , 1, 31.053, 0, 0, 11.6, 4.123, 187, 0, 0, 0, 47, 0, 0, 120.619, 15.1, 100, 0, 0, 29.643, 23.89, 1, 0.62, 93.5, 0, 0, 96.5, 78.622, 0, 0, 0, 0, 0, 13.6, 0, 11.6, 0, 4.123, 187, 0, 0, 0, 47, 1, 0, 0, 120.619, 15.1, 100, 0, 0, 141, 29.643, 23.89, 1, 0.62, 0, 93.5, 0, 0, 96.5, 78.621, 0, 1, 0, 0, 
31.45, 17.98, 100.301, 73.85, 74.672, , -5.04, 0.987, 3302.313, 3302.313, 4.11, -116.952, -116.952, -116.952, 52.605, 52.415, 34.686, 34.799, 7.377, 22.39, 0, 0, -23.886, -24.207, -23.886, -24.207, 1, 77.613, 77.613, 0.024, 0.137, -30.728, -31.137, -30.728, -31.137, 6.999, 7.377, 22.39, , , 1, 31.104, 0, 0, 11.6, 4.11, 187, 0, 0, 0, 47, 0, 0, 120.981, 15.1, 100, 0, 0, 25.024, 20.777, 1, 0.62, 93.5, 0, 0, 96.5, 78.374, 0, 0, 0, 0, 0, 13.6, 0, 11.6, 0, 4.11, 187, 0, 0, 0, 47, 1, 0, 0, 120.981, 15.1, 100, 0, 0, 141, 25.024, 20.777, 1, 0.62, 0, 93.5, 0, 0, 96.5, 78.372, 0, 1, 0, 0, 
31.5, 17.98, 100.3, 73.85, 74.673, , -5.026, 0.987, 3308.008, 3308.008, 4.097, -116.626, -116.626, -116.626, 52.607, 53.453, 34.866, 34.907, 7.377, 22.39, 0, 0, -23.743, -24.061, -23.743, -24.061, 1, 77.361, 77.361, 0.024, 0.136, -30.64, -31.049, -30.64, -31.049, 6.956, 7.377, 22.39, , , 1, 31.153, 0, 0, 11.6, 4.097, 187, 0, 0, 0, 47, 0, 0, 121.342, 15.1, 100, 0, 0, 20.406, 17.665, 1, 0.62, 93.5, 0, 0, 96.5, 78.126, 0, 0, 0, 0, 0, 13.6, 0, 11.6, 0, 4.097, 187, 0, 0, 0, 47, 1, 0, 0, 121.342, 15.1, 100, 0, 0, 141, 20.406, 17.665, 1, 0.62, 0, 93.5, 0, 0, 96.5, 78.123, 0, 1, 0, 0, 
31.55, 17.98, 100.3, 73.85, 74.674, , -5.033, 0.987, 3313.703, 3313.703, 4.084, -116.783, -116.783, -116.783, 52.609, 54.492, 35.046, 35.015, 7.377, 22.39, 0, 0, -23.697, -24.014, -23.697, -24.014, 1, 77.108, 77.108, 0.024, 0.136, -30.681, -31.09, -30.681, -31.09, 6.913, 7.377, 22.39, , , 1, 31.204, 0, 0, 11.6, 4.084, 187, 0, 0, 0, 47, 0, 0, 121.704, 15.1, 100, 0, 0, 15.787, 14.552, 1, 0.62, 93.5, 0, 0, 96.5, 77.878, 0, 0, 0, 0, 0, 13.6, 0, 11.6, 0, 4.084, 187, 0, 0, 0, 47, 1, 0, 0, 121.704, 15.1, 100, 0, 0, 141, 15.787, 14.552, 1, 0.62, 0, 93.5, 0, 0, 96.5, 77.874, 0, 1, 0, 0, 
31.6, 17.98, 100.3, 73.854, 74.674, , -5.017, 0.987, 3319.398, 3319.398, 4.07, -116.412, -116.412, -116.412, 52.61, 55.53, 35.226, 35.123, 7.377, 22.39, 0, 0, -23.546, -23.86, -23.546, -23.86, 1, 76.854, 76.854, 0.024, 0.135, -30.583, -30.991, -30.583, -30.991, 6.871, 7.377, 22.39, , , 1, 31.254, 0, 0, 11.6, 4.07, 187, 0, 0, 0, 47, 0, 0, 122, 15.08, 100, 0, 0, 12, 12, 0.964, 0.619, 93.401, 0, 0, 96.401, 77.61, 0, 0, 0, 0, 0, 13.6, 0, 11.6, 0, 4.07, 187, 0, 0, 0, 47, 1, 0, 0, 122, 15.08, 100, 0, 0, 141, 12, 12, 0.964, 0.619, 0, 93.401, 0, 0, 96.401, 77.603, 0, 1, 0, 0, 
31.65, 17.98, 100.301, 73.858, 74.675, , -5.004, 0.987, 3325.093, 3325.093, 4.05, -116.125, -116.125, -116.125, 52.608, 56.568, 35.406, 35.231, 7.377, 22.39, 0, 0, -23.411, -23.724, -23.411, -23.724, 1, 76.605, 76.605, 0.024, 0.135, -30.509, -30.916, -30.509, -30.916, 6.845, 7.377, 22.39, , , 1, 31.304, 0, 0, 11.6, 4.05, 187, 0, 0, 0, 47, 0, 0, 122, 14.969, 100, 0, 0, 12, 12, 0.764, 0.615, 92.851, 0, 0, 95.851, 77.237, 0, 0, 0, 0, 0, 13.6, 0, 11.6, 0, 4.05, 187, 0, 0, 0, 47, 1, 0, 0, 122, 14.969, 100, 0, 0, 141, 12, 12, 0.764, 0.615, 0, 92.851, 0, 0, 95.851, 77.231, 0, 1, 0, 0, 
31.7, 17.98, 100.301, 73.863, 74.676, , -5.002, 0.987, 3330.707, 3330.707, 4.031, -116.073, -116.073, -116.073, 52.606, 57.606, 35.751, 35.273, 7.377, 22.39, 0, 0, -23.325, -23.636, -23.325, -23.636, 1, 76.352, 76.352, 0.024, 0.135, -30.497, -30.904, -30.497, -30.904, 6.818, 7.377, 22.39, , , 1, 31.353, 0, 0, 11.6, 4.031, 187, 0, 0, 0, 47, 0, 0, 122, 14.858, 100, 0, 0, 12, 12, 0.564, 0.611, 92.301, 0, 0, 95.301, 76.863, 0, 0, 0, 0, 0, 13.6, 0, 11.6, 0, 4.031, 187, 0, 0, 0, 47, 1, 0, 0, 122, 14.858, 100, 0, 0, 141, 12, 12, 0.564, 0.611, 0, 92.301, 0, 0, 95.301, 76.859, 0, 1, 0, 0, 
31.75, 17.98, 100.302, 73.867, 74.677, , -4.989, 0.987, 3336.369, 3336.369, 4.011, -115.787, -115.787, -115.787, 52.604, 58.644, 36.111, 35.309, 7.377, 22.39, 0, 0, -23.191, -23.5, -23.191, -23.5, 1, 76.102, 76.102, 0.024, 0.135, -30.423, -30.828, -30.423, -30.828, 6.791, 7.377, 22.39, , , 1, 31.404, 0, 0, 11.6, 4.011, 187, 0, 0, 0, 47, 0, 0, 122, 14.747, 100, 0, 0, 12, 12, 0.364, 0.607, 91.751, 0, 0, 94.751, 76.49, 0, 0, 0, 0, 0, 13.6, 0, 11.6, 0, 4.011, 187, 0, 0, 0, 47, 1, 0, 0, 122, 14.747, 100, 0, 0, 141, 12, 12, 0.364, 0.607, 0, 91.751, 0, 0, 94.751, 76.487, 0, 1, 0, 0, 
31.8, 17.98, 100.302, 73.871, 74.677, , -4.964, 0.987, 3341.936, 3341.936, 3.992, -115.201, -115.201, -115.201, 52.6, 59.682, 36.471, 35.345, 7.377, 22.39, 0, 0, -22.997, -23.304, -22.997, -23.304, 1, 75.851, 75.851, 0.024, 0.134, -30.271, -30.674, -30.271, -30.674, 6.764, 7.377, 22.39, , , 1, 31.453, 0, 0, 11.6, 3.992, 187, 0, 0, 0, 47, 0, 0, 122, 14.636, 100, 0, 0, 12, 12, 0.164, 0.603, 91.201, 0, 0, 94.201, 76.116, 0, 0, 0, 0, 0, 13.6, 0, 11.6, 0, 3.992, 187, 0, 0, 0, 47, 1, 0, 0, 122, 14.636, 100, 0, 0, 141, 12, 12, 0.164, 0.603, 0, 91.201, 0, 0, 94.201, 76.115, 0, 1, 0, 0, 
31.85, 17.98, 100.302, 73.875, 74.678, , -4.966, 0.987, 3347.497, 3347.497, 3.974, -115.245, -115.245, -115.245, 52.594, 60.721, 36.831, 35.381, 7.377, 22.39, 0, 0, -22.93, -23.236, -22.93, -23.236, 1, 75.603, 75.603, 0.024, 0.135, -30.285, -30.688, -30.285, -30.688, 6.751, 7.377, 22.39, , , 1, 31.503, 0, 0, 11.6, 3.974, 187.039, 0, 0, 0, 47, 0, 0, 122, 14.531, 100, 0, 0, 12, 12, 0, 0.6, 90.73, 0, 0, 93.74, 75.774, 0, 0, 0, 0, 0, 13.6, 0, 11.6, 0, 3.974, 187.039, 0, 0, 0, 47, 1, 0, 0, 122, 14.531, 100, 0, 0, 141, 12, 12, 0, 0.6, 0, 90.73, 0, 0, 93.74, 75.774, 0, 1, 0, 0, 
31.9, 17.98, 100.303, 73.879, 74.679, , -4.955, 0.987, 3353.056, 3353.056, 3.96, -114.983, -114.983, -114.983, 52.588, 61.759, 37.191, 35.417, 7.377, 22.39, 0, 0, -22.802, -23.106, -22.802, -23.106, 1, 75.355, 75.355, 0.024, 0.135, -30.22, -30.622, -30.22, -30.622, 6.741, 7.377, 22.39, , , 1, 31.554, 0, 0, 11.6, 3.96, 187.257, 0, 0, 0, 47, 0, 0, 122, 14.45, 100, 0, 0, 12, 12, 0, 0.597, 90.622, 0, 0, 93.686, 75.571, 0, 0, 0, 0, 0, 13.6, 0, 11.6, 0, 3.96, 187.257, 0, 0, 0, 47, 1, 0, 0, 122, 14.45, 100, 0, 0, 141, 12, 12, 0, 0.597, 0, 90.622, 0, 0, 93.686, 75.571, 0, 1, 0, 0, 
31.95, 17.98, 100.303, 73.884, 74.68, , -4.941, 0.987, 3358.615, 3358.615, 3.946, -114.67, -114.67, -114.67, 52.576, 62.797, 36.922, 35.453, 7.378, 22.39, 0, 0, -22.665, -22.965, -22.665, -22.965, 1, 75.105, 75.105, 0.024, 0.135, -30.144, -30.545, -30.144, -30.545, 6.731, 7.378, 22.39, , , 1, 31.603, 0, 0, 11.6, 3.946, 187.474, 0, 0, 0, 47, 0, 0, 122, 14.37, 100, 0, 0, 12, 12, 0, 0.595, 90.513, 0, 0, 93.632, 75.369, 0, 0, 0, 0, 0, 13.6, 0, 11.6, 0, 3.946, 187.474, 0, 0, 0, 47, 1, 0, 0, 122, 14.37, 100, 0, 0, 141, 12, 12, 0, 0.595, 0, 90.513, 0, 0, 93.632, 75.369, 0, 1, 0, 0, 
32, 17.98, 100.303, 73.888, 74.681, , -4.937, 0.987, 3364.174, 3364.174, 3.932, -114.577, -114.577, -114.577, 52.562, 63.835, 36.598, 35.489, 7.378, 22.39, 0, 0, -22.571, -22.871, -22.571, -22.871, 1, 74.855, 74.855, 0.024, 0.135, -30.128, -30.529, -30.128, -30.529, 6.721, 7.378, 22.39, , , 1, 31.653, 0, 0, 11.6, 3.932, 187.691, 0, 0, 0, 47, 0, 0, 122, 14.289, 100, 0, 0, 12, 12, 0, 0.593, 90.404, 0, 0, 93.577, 75.166, 0, 0, 0, 0, 0, 13.6, 0, 11.6, 0, 3.932, 187.691, 0, 0, 0, 47, 1, 0, 0, 122, 14.289, 100, 0, 0, 141, 12, 12, 0, 0.593, 0, 90.404, 0, 0, 93.577, 75.166, 0, 1, 0, 0, 
32.05, 17.98, 100.304, 73.892, 74.682, , -4.929, 0.987, 3369.727, 3369.727, 3.919, -114.405, -114.405, -114.405, 52.544, 64.873, 36.274, 35.525, 7.379, 22.39, 0, 0, -22.461, -22.761, -22.461, -22.761, 1, 74.605, 74.605, 0.024, 0.136, -30.093, -30.494, -30.093, -30.494, 6.7, 7.379, 22.39, , , 1, 31.703, 0, 0, 11.6, 3.919, 187.909, 0, 0, 0, 47, 0, 0, 122, 14.209, 100, 0, 0, 12, 12, 0, 0.591, 90.296, 0, 0, 93.523, 74.964, 0, 0, 0, 0, 0, 13.6, 0, 11.6, 0, 3.919, 187.909, 0, 0, 0, 47, 1, 0, 0, 122, 14.209, 100, 0, 0, 141, 12, 12, 0, 0.591, 0, 90.296, 0, 0, 93.523, 74.964, 0, 1, 0, 0, 
32.1, 17.98, 100.304, 73.896, 74.683, , -4.849, 0.987, 3375.183, 3375.183, 3.906, -112.499, -112.499, -112.499, 52.528, 65.911, 35.95, 35.561, 7.379, 22.39, 0, 0, -22.017, -22.311, -22.017, -22.311, 1, 74.359, 74.359, 0.024, 0.136, -29.602, -29.997, -29.602, -29.997, 6.673, 7.379, 22.39, , , 1, 31.753, 0.009, 0, 11.6, 3.906, 188.132, 0, 0, 0, 47.264, 0.211, 0.247, 122, 14.321, 100, 0, 0, 12.32, 12.32, 0.132, 0.597, 90.58, 0, 0, 93.862, 74.755, 0, 0, 0.009, 0, 0, 13.6, 0, 11.6, 0, 3.906, 188.132, 0, 0, 0, 47.264, 1, 0, 0, 122, 14.321, 100, 0, 0, 141, 12.32, 12.32, 0.132, 0.597, 0, 90.58, 0, 0, 93.862, 74.755, 0, 1, 0, 0, 
32.15, 17.98, 100.305, 73.9, 74.684, , -4.582, 0.987, 3380.696, 3380.696, 3.893, -106.182, -106.182, -106.182, 52.513, 66.95, 35.626, 35.597, 7.38, 22.39, 0, 0, -20.72, -20.998, -20.72, -20.998, 1, 74.122, 74.122, 0.024, 0.137, -27.946, -28.32, -27.946, -28.32, 6.646, 7.38, 22.39, , , 1, 31.804, 0.025, 0, 11.6, 3.893, 188.359, 0, 0, 0, 47.718, 0.588, 0.689, 122, 14.572, 100, 0, 0, 12.89, 12.89, 0.359, 0.61, 91.148, 0, 0, 94.488, 74.542, 0, 0, 0.025, 0, 0, 13.6, 0, 11.6, 0, 3.893, 188.359, 0, 0, 0, 47.718, 1, 0.001, 0.001, 122, 14.572, 100, 0, 0, 141, 12.89, 12.89, 0.359, 0.61, 0, 91.148, 0, 0, 94.488, 74.542, 0, 1, 0, 0, 
32.2, 17.98, 100.305, 73.904, 74.685, , -4.366, 0.987, 3386.127, 3386.127, 3.88, -101.048, -101.048, -101.048, 52.501, 67.988, 35.269, 35.699, 7.38, 22.39, 0, 0, -19.659, -19.924, -19.659, -19.924, 1, 73.894, 73.894, 0.024, 0.137, -26.601, -26.957, -26.601, -26.957, 6.619, 7.38, 22.39, , , 1, 31.853, 0.041, 0, 11.6, 3.88, 188.586, 0, 0, 0, 48.173, 0.964, 1.131, 122, 14.823, 100, 0, 0, 13.461, 13.461, 0.586, 0.622, 91.716, 0, 0, 95.112, 74.329, 0, 0, 0.041, 0, 0, 13.6, 0, 11.6, 0, 3.88, 188.586, 0, 0, 0, 48.173, 1, 0.001, 0.001, 122, 14.823, 100, 0, 0, 141, 13.461, 13.461, 0.586, 0.622, 0, 91.716, 0, 0, 95.112, 74.329, 0, 1, 0, 0, 
32.25, 17.98, 100.305, 73.909, 74.686, , -4.205, 0.987, 3391.558, 3391.558, 3.867, -97.254, -97.254, -97.254, 52.494, 69.026, 34.909, 35.807, 7.38, 22.39, 0, 0, -18.862, -19.117, -18.862, -19.117, 1, 73.679, 73.679, 0.024, 0.137, -25.608, -25.949, -25.608, -25.949, 6.593, 7.38, 22.39, , , 1, 31.903, 0.057, 0, 11.6, 3.867, 188.814, 0, 0, 0, 48.627, 1.341, 1.573, 122, 15.074, 100, 0, 0, 14.032, 14.032, 0.814, 0.635, 92.284, 0, 0, 95.738, 74.115, 0, 0, 0.057, 0, 0, 13.6, 0, 11.6, 0, 3.867, 188.814, 0, 0, 0, 48.627, 1, 0.001, 0.002, 122, 15.074, 100, 0, 0, 141, 14.032, 14.032, 0.814, 0.635, 0, 92.284, 0, 0, 95.738, 74.115, 0, 1, 0, 0, 
32.3, 17.98, 100.306, 73.913, 74.687, , -4.081, 0.987, 3396.988, 3396.988, 3.856, -94.322, -94.322, -94.322, 52.492, 70.064, 34.549, 35.915, 7.38, 22.39, 0, 0, -18.235, -18.482, -18.235, -18.482, 1, 73.469, 73.469, 0.024, 0.137, -24.837, -25.168, -24.837, -25.168, 6.571, 7.38, 22.39, , , 1, 31.953, 0.073, 0, 11.6, 3.856, 189, 0, 0, 0, 49.078, 1.714, 2.01, 122, 15.33, 100, 0, 0, 14.597, 14.597, 1.039, 0.647, 92.838, 0, 0, 96.338, 73.916, 0, 0, 0.073, 0, 0, 13.6, 0, 11.6, 0, 3.856, 189, 0, 0, 0, 49.078, 1, 0.002, 0.002, 122, 15.33, 100, 0, 0, 141, 14.597, 14.597, 1.039, 0.647, 0, 92.838, 0, 0, 96.338, 73.916, 0, 1, 0, 0, 
32.35, 17.98, 100.306, 73.917, 74.689, , -4.035, 0.987, 3402.417, 3402.417, 3.851, -93.219, -93.219, -93.219, 52.491, 71.102, 34.189, 36.023, 7.38, 22.39, 0, 0, -17.965, -18.209, -17.965, -18.209, 1, 73.267, 73.267, 0.024, 0.137, -24.546, -24.873, -24.546, -24.873, 6.548, 7.38, 22.39, , , 1, 32.003, 0.088, 0, 11.6, 3.851, 189, 0, 0, 0, 49.511, 2.071, 2.429, 122, 15.611, 100, 0, 0, 15.139, 15.139, 1.257, 0.659, 93.327, 0, 0, 96.827, 73.782, 0, 0, 0.088, 0, 0, 13.6, 0, 11.6, 0, 3.851, 189, 0, 0, 0, 49.511, 1, 0.002, 0.003, 122, 15.611, 100, 0, 0, 141, 15.139, 15.139, 1.257, 0.659, 0, 93.327, 0, 0, 96.827, 73.782, 0, 1, 0, 0, 
32.4, 17.98, 100.306, 73.921, 74.69, , -4.073, 0.987, 3407.823, 3407.823, 3.846, -94.143, -94.143, -94.143, 52.49, 72.14, 33.829, 36.131, 7.38, 22.39, 0, 0, -18.097, -18.341, -18.097, -18.341, 1, 73.063, 73.063, 0.024, 0.137, -24.79, -25.119, -24.79, -25.119, 6.525, 7.38, 22.39, , , 1, 32.053, 0.103, 0, 11.6, 3.846, 189, 0, 0, 0, 49.944, 2.429, 2.848, 122, 15.891, 100, 0, 0, 15.68, 15.68, 1.474, 0.671, 93.816, 0, 0, 97.316, 73.647, 0, 0, 0.103, 0, 0, 13.6, 0, 11.6, 0, 3.846, 189, 0, 0, 0, 49.944, 1, 0.002, 0.003, 122, 15.891, 100, 0, 0, 141, 15.68, 15.68, 1.474, 0.671, 0, 93.816, 0, 0, 97.316, 73.647, 0, 1, 0, 0, 
32.45, 17.98, 100.307, 73.925, 74.691, , -4.031, 0.987, 3413.17, 3413.17, 3.84, -93.135, -93.135, -93.135, 52.487, 73.179, 34.065, 36.339, 7.38, 22.39, 0, 0, -17.861, -18.1, -17.861, -18.1, 1, 72.857, 72.857, 0.024, 0.137, -24.525, -24.852, -24.525, -24.852, 6.506, 7.38, 22.39, , , 1, 32.103, 0.118, 0, 11.6, 3.84, 189, 0, 0, 0, 50.377, 2.786, 3.267, 122, 16.172, 100, 0, 0, 16.221, 16.221, 1.691, 0.683, 94.305, 0, 0, 97.805, 73.513, 0, 0, 0.118, 0, 0, 13.6, 0, 11.6, 0, 3.84, 189, 0, 0, 0, 50.377, 1, 0.003, 0.003, 122, 16.172, 100, 0, 0, 141, 16.221, 16.221, 1.691, 0.683, 0, 94.305, 0, 0, 97.805, 73.513, 0, 1, 0, 0, 
32.5, 17.98, 100.307, 73.93, 74.692, , -4.056, 0.987, 3418.542, 3418.542, 3.835, -93.752, -93.752, -93.752, 52.48, 74.217, 34.353, 36.555, 7.38, 22.39, 0, 0, -17.927, -18.165, -17.927, -18.165, 1, 72.658, 72.658, 0.024, 0.136, -24.689, -25.019, -24.689, -25.019, 6.506, 7.38, 22.39, , , 1, 32.154, 0.134, 0, 11.6, 3.835, 189, 0, 0, 0, 50.81, 3.143, 3.686, 122, 16.452, 100, 0, 0, 16.762, 16.762, 1.909, 0.695, 94.795, 0, 0, 98.295, 73.379, 0, 0, 0.134, 0, 0, 13.6, 0, 11.6, 0, 3.835, 189, 0, 0, 0, 50.81, 1, 0.003, 0.004, 122, 16.452, 100, 0, 0, 141, 16.762, 16.762, 1.909, 0.695, 0, 94.795, 0, 0, 98.295, 73.379, 0, 1, 0, 0, 
32.55, 17.98, 100.308, 73.934, 74.693, , -4.086, 0.987, 3423.921, 3423.921, 3.827, -94.46, -94.46, -94.46, 52.476, 75.255, 34.641, 36.771, 7.379, 22.39, 0, 0, -18.009, -18.248, -18.009, -18.248, 1, 72.452, 72.452, 0.024, 0.136, -24.877, -25.209, -24.877, -25.209, 6.507, 7.379, 22.39, , , 1, 32.203, 0.181, 0, 11.6, 3.827, 189, 0, 0, 0, 51, 3.338, 3.793, 122, 16.837, 100, 0, 0, 17.581, 17.581, 2.12, 0.698, 94.94, 0, 0, 98.44, 73.248, 0, 0, 0.181, 0, 0, 13.6, 0, 11.6, 0, 3.827, 189, 0, 0, 0, 51, 1, 0.003, 0.004, 122, 16.837, 100, 0, 0, 141, 17.581, 17.581, 2.12, 0.698, 0, 94.94, 0, 0, 98.44, 73.248, 0, 1, 0, 0, 
32.6, 17.98, 100.308, 73.938, 74.694, , -3.873, 0.987, 3429.263, 3429.263, 3.815, -89.419, -89.419, -89.419, 52.479, 76.293, 34.929, 36.987, 7.379, 22.39, 0, 0, -17.002, -17.226, -17.002, -17.226, 1, 72.248, 72.248, 0.024, 0.136, -23.549, -23.864, -23.549, -23.864, 6.507, 7.379, 22.39, , , 1, 32.254, 0.251, 0, 11.6, 3.815, 189, 0, 0, 0, 51, 3.407, 3.656, 122, 17.298, 100, 0, 0, 18.618, 18.618, 2.328, 0.694, 94.836, 0, 0, 98.336, 73.119, 0, 0, 0.251, 0, 0, 13.6, 0, 11.6, 0, 3.815, 189, 0, 0, 0, 51, 1, 0.003, 0.004, 122, 17.298, 100, 0, 0, 141, 18.618, 18.618, 2.328, 0.694, 0, 94.836, 0, 0, 98.336, 73.119, 0, 1, 0, 0, 
32.65, 17.98, 100.308, 73.942, 74.695, , -3.717, 0.987, 3434.569, 3434.569, 3.804, -85.726, -85.726, -85.726, 52.485, 77.331, 35.217, 37.203, 7.379, 22.39, 0, 0, -16.258, -16.474, -16.258, -16.474, 1, 72.057, 72.057, 0.024, 0.136, -22.574, -22.877, -22.574, -22.877, 6.501, 7.379, 22.39, , , 1, 32.303, 0.322, 0, 11.6, 3.804, 189, 0, 0, 0, 51, 3.475, 3.519, 122, 17.758, 100, 0, 0, 19.656, 19.656, 2.535, 0.689, 94.732, 0, 0, 98.232, 72.991, 0, 0, 0.322, 0, 0, 13.6, 0, 11.6, 0, 3.804, 189, 0, 0, 0, 51, 1, 0.004, 0.003, 122, 17.758, 100, 0, 0, 141, 19.656, 19.656, 2.535, 0.689, 0, 94.732, 0, 0, 98.232, 72.991, 0, 1, 0, 0, 
32.7, 17.98, 100.309, 73.946, 74.697, , -3.836, 0.987, 3439.875, 3439.875, 3.793, -88.55, -88.55, -88.55, 52.502, 78.369, 35.24, 36.889, 7.379, 22.389, 0, 0, -16.751, -16.974, -16.751, -16.974, 1, 71.868, 71.868, 0.024, 0.136, -23.311, -23.622, -23.311, -23.622, 6.464, 7.379, 22.389, , , 1, 32.353, 0.393, 0, 11.6, 3.793, 189, 0, 0, 0, 51, 3.544, 3.383, 122, 18.219, 100, 0, 0, 20.693, 20.693, 2.743, 0.685, 94.629, 0, 0, 98.129, 72.862, 0, 0, 0.393, 0, 0, 13.6, 0, 11.6, 0, 3.793, 189, 0, 0, 0, 51, 1, 0.004, 0.003, 122, 18.219, 100, 0, 0, 141, 20.693, 20.693, 2.743, 0.685, 0, 94.629, 0, 0, 98.129, 72.862, 0, 1, 0, 0, 
32.75, 17.98, 100.309, 73.951, 74.698, , -3.718, 0.987, 3445.183, 3445.183, 3.782, -85.738, -85.738, -85.738, 52.531, 79.408, 35.24, 36.529, 7.379, 22.387, 0, 0, -16.178, -16.393, -16.178, -16.393, 1, 71.676, 71.676, 0.024, 0.135, -22.56, -22.861, -22.56, -22.861, 6.426, 7.379, 22.387, , , 1, 32.403, 0.463, 0, 11.6, 3.782, 189, 0, 0, 0, 51, 3.612, 3.246, 122, 18.679, 100, 0, 0, 21.73, 21.73, 2.95, 0.681, 94.525, 0, 0, 98.025, 72.733, 0, 0, 0.463, 0, 0, 13.6, 0, 11.6, 0, 3.782, 189, 0, 0, 0, 51, 1, 0.004, 0.003, 122, 18.679, 100, 0, 0, 141, 21.73, 21.73, 2.95, 0.681, 0, 94.525, 0, 0, 98.025, 72.733, 0, 1, 0, 0, 
32.8, 17.98, 100.31, 73.955, 74.699, , -3.442, 0.987, 3450.452, 3450.452, 3.774, -79.196, -79.196, -79.196, 52.555, 80.446, 35.24, 36.169, 7.379, 22.344, 0, 0, -14.904, -15.102, -14.904, -15.102, 1, 71.501, 71.501, 0.024, 0.135, -20.828, -21.105, -20.828, -21.105, 6.389, 7.379, 22.344, , , 1, 32.453, 0.405, 0, 11.616, 3.774, 189, 0, 0, 0, 51, 3.579, 3.192, 122, 18.848, 100, 0, 0, 22.768, 22.768, 3, 0.683, 94.5, 0, 0, 98, 72.51, 0, 0, 0.405, 0, 0, 13.6, 0, 11.616, 0, 3.774, 189, 0, 0, 0, 51, 1, 0.004, 0.003, 122, 18.848, 100, 0, 0, 141, 22.768, 22.768, 3, 0.683, 0, 94.5, 0, 0, 98, 72.51, 0, 0.985, 0, 0, 
32.85, 17.98, 100.31, 73.959, 74.7, , -3.486, 0.987, 3455.69, 3455.69, 3.767, -80.246, -80.246, -80.246, 52.566, 81.484, 35.24, 35.809, 7.38, 22.268, 0, 0, -15.062, -15.26, -15.062, -15.26, 1, 71.328, 71.328, 0.024, 0.135, -21.099, -21.379, -21.099, -21.379, 6.351, 7.38, 22.268, , , 1, 32.503, 0.305, 0, 11.636, 3.767, 189, 0, 0, 0, 51, 3.511, 3.167, 122, 18.925, 100, 0, 0, 23.805, 23.805, 3, 0.687, 94.5, 0, 0, 98, 72.252, 0, 0, 0.305, 0, 0, 13.6, 0, 11.636, 0, 3.767, 189, 0, 0, 0, 51, 1, 0.004, 0.003, 122, 18.925, 100, 0, 0, 141, 23.805, 23.805, 3, 0.687, 0, 94.5, 0, 0, 98, 72.252, 0, 0.964, 0, 0, 
32.9, 17.98, 100.31, 73.957, 74.701, , -3.636, 0.987, 3460.933, 3460.933, 3.76, -83.806, -83.806, -83.806, 52.57, 82.522, 35.24, 35.449, 7.38, 22.122, 0, 0, -15.691, -15.898, -15.691, -15.898, 1, 71.147, 71.147, 0.024, 0.135, -22.034, -22.327, -22.034, -22.327, 6.309, 7.38, 22.122, , , 1, 32.553, 0.206, 0, 11.657, 3.76, 189, 0, 0, 0, 51, 3.442, 3.142, 122, 19.001, 100, 0, 0, 24.842, 24.842, 3, 0.691, 94.5, 0, 0, 98, 71.995, 0, 0, 0.206, 0, 0, 13.6, 0, 11.657, 0, 3.76, 189, 0, 0, 0, 51, 1, 0.003, 0.003, 122, 19.001, 100, 0, 0, 141, 24.842, 24.842, 3, 0.691, 0, 94.5, 0, 0, 98, 71.995, 0, 0.943, 0, 0, 
32.95, 17.98, 100.309, 73.953, 74.702, , -3.633, 0.987, 3466.198, 3466.198, 3.753, -83.753, -83.753, -83.753, 52.563, 83.56, 35.306, 35.222, 7.379, 21.914, 0, 0, -15.639, -15.845, -15.639, -15.845, 1, 70.964, 70.964, 0.024, 0.135, -22.024, -22.316, -22.024, -22.316, 6.266, 7.379, 21.914, , , 1, 32.603, 0.107, 0, 11.678, 3.753, 189, 0, 0, 0, 51, 3.374, 3.117, 122, 19.077, 100, 0, 0, 25.88, 25.88, 3, 0.696, 94.5, 0, 0, 98, 71.738, 0, 0, 0.107, 0, 0, 13.6, 0, 11.678, 0, 3.753, 189, 0, 0, 0, 51, 1, 0.003, 0.003, 122, 19.077, 100, 0, 0, 141, 25.88, 25.88, 3, 0.696, 0, 94.5, 0, 0, 98, 71.738, 0, 0.922, 0, 0, 
33, 17.98, 100.309, 73.948, 74.703, , -3.583, 0.987, 3471.414, 3471.414, 3.746, -82.582, -82.582, -82.582, 52.54, 84.598, 35.378, 35.007, 7.379, 21.627, 0, 0, -15.381, -15.583, -15.381, -15.583, 1, 70.782, 70.782, 0.024, 0.135, -21.725, -22.012, -21.725, -22.012, 6.223, 7.379, 21.627, , , 1, 32.653, 0.008, 0, 11.698, 3.746, 189, 0, 0, 0, 51, 3.305, 3.092, 122, 19.154, 100, 0, 0, 26.917, 26.917, 3, 0.7, 94.5, 0, 0, 98, 71.481, 0, 0, 0.008, 0, 0, 13.6, 0, 11.698, 0, 3.746, 189, 0, 0, 0, 51, 1, 0.003, 0.003, 122, 19.154, 100, 0, 0, 141, 26.917, 26.917, 3, 0.7, 0, 94.5, 0, 0, 98, 71.481, 0, 0.902, 0, 0, 
33.05, 17.98, 100.309, 73.944, 74.705, , -3.664, 0.987, 3476.602, 3476.602, 3.734, -84.494, -84.494, -84.494, 52.509, 82.137, 35.449, 34.792, 7.378, 21.266, 0, 0, -15.705, -15.911, -15.705, -15.911, 1, 70.598, 70.598, 0.024, 0.136, -22.239, -22.534, -22.239, -22.534, 6.18, 7.378, 21.266, , , 1, 32.704, 0, 0, 11.7, 3.734, 189, 0, 0, 0, 51, 3.289, 3.102, 122, 19.224, 100, 0, 0, 27.796, 27.442, 3, 0.7, 94.411, 0, 0, 97.911, 71.35, 0, 0, 0, 0, 0, 13.6, 0, 11.7, 0, 3.734, 189, 0, 0, 0, 51, 1, 0.003, 0.003, 122, 19.224, 100, 0, 0, 141, 27.796, 27.442, 3, 0.7, 0, 94.411, 0, 0, 97.911, 71.35, 0, 0.9, 0, 0, 
33.1, 17.98, 100.308, 73.94, 74.706, , -3.691, 0.987, 3481.792, 3481.792, 3.722, -85.147, -85.147, -85.147, 52.482, 79.53, 35.521, 34.577, 7.378, 20.924, 0, 0, -15.783, -15.991, -15.783, -15.991, 1, 70.414, 70.414, 0.024, 0.136, -22.423, -22.721, -22.423, -22.721, 6.158, 7.378, 20.924, , , 1, 32.753, 0, 0, 11.7, 3.722, 189, 0, 0, 0, 51, 3.278, 3.116, 122, 19.293, 100, 0, 0, 28.662, 27.923, 3, 0.7, 94.315, 0, 0, 97.815, 71.231, 0, 0, 0, 0, 0, 13.6, 0, 11.7, 0, 3.722, 189, 0, 0, 0, 51, 1, 0.003, 0.003, 122, 19.293, 100, 0, 0, 141, 28.662, 27.923, 3, 0.7, 0, 94.315, 0, 0, 97.815, 71.231, 0, 0.9, 0, 0, 
33.15, 17.98, 100.308, 73.936, 74.707, , -3.603, 0.987, 3486.981, 3486.981, 3.71, -83.054, -83.054, -83.054, 52.457, 76.922, 35.593, 34.362, 7.377, 20.601, 0, 0, -15.353, -15.554, -15.353, -15.554, 1, 70.231, 70.231, 0.024, 0.136, -21.884, -22.174, -21.884, -22.174, 6.146, 7.377, 20.601, , , 1, 32.803, 0, 0, 11.7, 3.71, 189, 0, 0, 0, 51, 3.266, 3.129, 122, 19.363, 100, 0, 0, 29.527, 28.404, 3, 0.7, 94.218, 0, 0, 97.718, 71.112, 0, 0, 0, 0, 0, 13.6, 0, 11.7, 0, 3.71, 189, 0, 0, 0, 51, 1, 0.003, 0.003, 122, 19.363, 100, 0, 0, 141, 29.527, 28.404, 3, 0.7, 0, 94.218, 0, 0, 97.718, 71.112, 0, 0.9, 0, 0, 
33.2, 17.98, 100.307, 73.932, 74.708, , -3.532, 0.987, 3492.17, 3492.17, 3.698, -81.381, -81.381, -81.381, 52.433, 74.315, 35.6, 34.503, 7.377, 20.34, 0, 0, -15.005, -15.202, -15.005, -15.202, 1, 70.055, 70.055, 0.024, 0.136, -21.452, -21.737, -21.452, -21.737, 6.134, 7.377, 20.34, , , 1, 32.854, 0, 0, 11.7, 3.698, 189, 0, 0, 0, 51, 3.255, 3.143, 122, 19.432, 100, 0, 0, 30.392, 28.885, 3, 0.7, 94.122, 0, 0, 97.622, 70.993, 0, 0, 0, 0, 0, 13.6, 0, 11.7, 0, 3.698, 189, 0, 0, 0, 51, 1, 0.003, 0.003, 122, 19.432, 100, 0, 0, 141, 30.392, 28.885, 3, 0.7, 0, 94.122, 0, 0, 97.622, 70.993, 0, 0.9, 0, 0, 
33.25, 17.98, 100.307, 73.927, 74.709, , -3.541, 0.987, 3497.318, 3497.318, 3.686, -81.604, -81.604, -81.604, 52.414, 71.708, 35.6, 34.683, 7.377, 20.151, 0, 0, -15.007, -15.204, -15.007, -15.204, 1, 69.878, 69.878, 0.024, 0.137, -21.519, -21.805, -21.519, -21.805, 6.122, 7.377, 20.151, , , 1, 32.904, 0, 0, 11.7, 3.686, 189, 0, 0, 0, 51, 3.243, 3.156, 122, 19.502, 100, 0, 0, 31.258, 29.365, 3, 0.7, 94.025, 0, 0, 97.525, 70.873, 0, 0, 0, 0, 0, 13.6, 0, 11.7, 0, 3.686, 189, 0, 0, 0, 51, 1, 0.003, 0.003, 122, 19.502, 100, 0, 0, 141, 31.258, 29.365, 3, 0.7, 0, 94.025, 0, 0, 97.525, 70.873, 0, 0.9, 0, 0, 
33.3, 17.98, 100.307, 73.923, 74.71, , -3.59, 0.987, 3502.445, 3502.445, 3.673, -82.761, -82.761, -82.761, 52.4, 69.1, 35.6, 34.864, 7.377, 20.041, 0, 0, -15.181, -15.381, -15.181, -15.381, 1, 69.698, 69.698, 0.024, 0.137, -21.83, -22.12, -21.83, -22.12, 6.104, 7.377, 20.041, , , 1, 32.954, 0, 0, 11.7, 3.673, 189, 0, 0, 0, 51, 3.251, 3.159, 122, 19.52, 100, 0, 0, 31.43, 29.709, 3, 0.7, 93.929, 0, 0, 97.429, 70.622, 0, 0, 0, 0, 0, 13.607, 0, 11.7, 0, 3.673, 189, 0, 0, 0, 51, 1, 0.003, 0.003, 122, 19.52, 100, 0, 0, 141, 31.43, 29.709, 3, 0.7, 0, 93.929, 0, 0, 97.429, 70.622, 0, 0.9, 0, 0, 
33.35, 17.98, 100.306, 73.919, 74.709, , -3.566, 0.987, 3507.573, 3507.573, 3.659, -82.206, -82.206, -82.206, 52.397, 66.493, 35.6, 35.045, 7.377, 20.031, 0, 0, -15.041, -15.239, -15.041, -15.239, 1, 69.517, 69.517, 0.024, 0.137, -21.686, -21.973, -21.686, -21.973, 6.082, 7.377, 20.031, , , 1, 33.004, 0, 0, 11.7, 3.659, 189, 0, 0, 0, 51, 3.267, 3.157, 122, 19.52, 100, 0, 0, 31.333, 30, 3, 0.7, 93.832, 0, 0, 97.332, 70.32, 0, 0, 0, 0, 0, 13.617, 0, 11.7, 0, 3.659, 189, 0, 0, 0, 51, 1, 0.003, 0.003, 122, 19.52, 100, 0, 0, 141, 31.333, 30, 3, 0.7, 0, 93.832, 0, 0, 97.332, 70.32, 0, 0.9, 0, 0, 
33.4, 17.98, 100.306, 73.915, 74.707, , -3.446, 0.987, 3512.719, 3512.719, 3.645, -79.357, -79.357, -79.357, 52.397, 63.886, 35.6, 35.226, 7.377, 20.031, 0, 0, -14.482, -14.674, -14.482, -14.674, 1, 69.339, 69.339, 0.024, 0.136, -20.934, -21.211, -20.934, -21.211, 6.061, 7.377, 20.031, , , 1, 33.054, 0, 0, 11.7, 3.645, 189, 0, 0, 0, 51, 3.282, 3.155, 122, 19.52, 100, 0, 0, 31.236, 30.291, 3, 0.7, 93.736, 0, 0, 97.236, 70.018, 0, 0, 0, 0, 0, 13.626, 0, 11.7, 0, 3.645, 189, 0, 0, 0, 51, 1, 0.003, 0.003, 122, 19.52, 100, 0, 0, 141, 31.236, 30.291, 3, 0.7, 0, 93.736, 0, 0, 97.236, 70.018, 0, 0.9, 0, 0, 
33.45, 17.98, 100.306, 73.911, 74.706, , -3.498, 0.987, 3517.826, 3517.826, 3.632, -80.593, -80.593, -80.593, 52.402, 61.278, 35.534, 35.273, 7.377, 20.044, 0, 0, -14.67, -14.865, -14.67, -14.865, 1, 69.168, 69.168, 0.024, 0.136, -21.258, -21.539, -21.258, -21.539, 6.04, 7.377, 20.044, , , 1, 33.104, 0, 0, 11.7, 3.632, 189, 0, 0, 0, 51, 3.298, 3.153, 122, 19.52, 100, 0, 0, 31.14, 30.581, 3, 0.7, 93.639, 0, 0, 97.139, 69.715, 0, 0, 0, 0, 0, 13.636, 0, 11.7, 0, 3.632, 189, 0, 0, 0, 51, 1, 0.003, 0.003, 122, 19.52, 100, 0, 0, 141, 31.14, 30.581, 3, 0.7, 0, 93.639, 0, 0, 97.139, 69.715, 0, 0.9, 0, 0, 
33.5, 17.98, 100.305, 73.906, 74.705, , -3.52, 0.987, 3522.903, 3522.903, 3.618, -81.13, -81.13, -81.13, 52.417, 58.671, 35.462, 35.309, 7.377, 20.056, 0, 0, -14.729, -14.924, -14.729, -14.924, 1, 68.991, 68.991, 0.024, 0.136, -21.394, -21.677, -21.394, -21.677, 6.02, 7.377, 20.056, , , 1, 33.154, 0, 0, 11.7, 3.618, 189, 0, 0, 0, 51, 3.313, 3.151, 122, 19.52, 100, 0, 0, 31.043, 30.872, 3, 0.7, 93.542, 0, 0, 97.042, 69.413, 0, 0, 0, 0, 0, 13.646, 0, 11.7, 0, 3.618, 189, 0, 0, 0, 51, 1, 0.003, 0.003, 122, 19.52, 100, 0, 0, 141, 31.043, 30.872, 3, 0.7, 0, 93.542, 0, 0, 97.042, 69.413, 0, 0.9, 0, 0, 
33.55, 17.98, 100.305, 73.902, 74.704, , -3.562, 0.987, 3527.979, 3527.979, 3.61, -82.128, -82.128, -82.128, 52.44, 56.064, 35.39, 35.345, 7.377, 20.065, 0, 0, -14.87, -15.067, -14.87, -15.067, 1, 68.813, 68.813, 0.024, 0.136, -21.647, -21.935, -21.647, -21.935, 6.003, 7.377, 20.065, , , 1, 33.203, 0, 0, 11.7, 3.61, 189, 0, 0, 0, 51, 3.322, 3.149, 122, 19.52, 100, 0, 0, 31, 31, 3, 0.7, 93.5, 0, 0, 97, 69.244, 0, 0, 0, 0, 0, 13.644, 0, 11.7, 0, 3.61, 189, 0, 0, 0, 51, 1, 0.003, 0.003, 122, 19.52, 100, 0, 0, 141, 31, 31, 3, 0.7, 0, 93.5, 0, 0, 97, 69.244, 0, 0.9, 0, 0, 
33.6, 17.98, 100.304, 73.898, 74.703, , -3.631, 0.987, 3533.055, 3533.055, 3.606, -83.771, -83.771, -83.771, 52.47, 53.456, 35.318, 35.381, 7.377, 20.069, 0, 0, -15.124, -15.325, -15.124, -15.325, 1, 68.632, 68.632, 0.024, 0.136, -22.066, -22.36, -22.066, -22.36, 5.986, 7.377, 20.069, , , 1, 33.253, 0, 0, 11.7, 3.606, 189, 0, 0, 0, 51, 3.327, 3.147, 122, 19.52, 100, 0, 0, 31, 31, 3, 0.7, 93.5, 0, 0, 97, 69.179, 0, 0, 0, 0, 0, 13.634, 0, 11.7, 0, 3.606, 189, 0, 0, 0, 51, 1, 0.003, 0.003, 122, 19.52, 100, 0, 0, 141, 31, 31, 3, 0.7, 0, 93.5, 0, 0, 97, 69.179, 0, 0.9, 0, 0, 
33.65, 17.98, 100.304, 73.894, 74.702, , -3.879, 0.987, 3538.13, 3538.13, 3.602, -89.66, -89.66, -89.66, 52.508, 50.849, 35.246, 35.417, 7.377, 20.068, 0, 0, -16.14, -16.354, -16.14, -16.354, 1, 68.442, 68.442, 0.024, 0.135, -23.597, -23.914, -23.597, -23.914, 5.969, 7.377, 20.068, , , 1, 33.303, 0, 0, 11.7, 3.602, 189, 0, 0, 0, 51, 3.331, 3.145, 122, 19.52, 100, 0, 0, 31, 31, 3, 0.7, 93.5, 0, 0, 97, 69.114, 0, 0, 0, 0, 0, 13.623, 0, 11.7, 0, 3.602, 189, 0, 0, 0, 51, 1, 0.003, 0.003, 122, 19.52, 100, 0, 0, 141, 31, 31, 3, 0.7, 0, 93.5, 0, 0, 97, 69.114, 0, 0.9, 0, 0, 
33.7, 17.98, 100.304, 73.89, 74.701, , -4.145, 0.987, 3543.185, 3543.185, 3.599, -95.965, -95.965, -95.965, 52.557, 48.242, 35.207, 35.486, 7.377, 20.08, 0, 0, -17.225, -17.454, -17.225, -17.454, 1, 68.239, 68.239, 0.024, 0.135, -25.233, -25.573, -25.233, -25.573, 5.959, 7.377, 20.08, , , 1, 33.354, 0, 0, 11.7, 3.599, 189, 0, 0, 0, 51, 3.335, 3.143, 122, 19.52, 100, 0, 0, 31, 31, 3, 0.7, 93.5, 0, 0, 97, 69.049, 0, 0, 0, 0, 0, 13.613, 0, 11.7, 0, 3.599, 189, 0, 0, 0, 51, 1, 0.003, 0.003, 122, 19.52, 100, 0, 0, 141, 31, 31, 3, 0.7, 0, 93.5, 0, 0, 97, 69.049, 0, 0.9, 0, 0, 
33.75, 17.98, 100.303, 73.885, 74.699, , -4.233, 0.987, 3548.181, 3548.181, 3.595, -98.062, -98.062, -98.062, 52.613, 45.634, 35.171, 35.558, 7.377, 20.114, 0, 0, -17.547, -17.781, -17.547, -17.781, 1, 68.026, 68.026, 0.024, 0.136, -25.758, -26.103, -25.758, -26.103, 5.975, 7.377, 20.114, , , 1, 33.403, 0, 0, 11.7, 3.595, 189, 0, 0, 0, 51, 3.339, 3.14, 122, 19.52, 100, 0, 0, 31, 31, 3, 0.7, 93.5, 0, 0, 97, 68.984, 0, 0, 0, 0, 0, 13.602, 0, 11.7, 0, 3.595, 189, 0, 0, 0, 51, 1, 0.003, 0.003, 122, 19.52, 100, 0, 0, 141, 31, 31, 3, 0.7, 0, 93.5, 0, 0, 97, 68.984, 0, 0.9, 0, 0, 
33.8, 17.98, 100.303, 73.881, 74.698, , -4.304, 0.987, 3553.22, 3553.22, 3.588, -99.748, -99.748, -99.748, 52.67, 43.027, 35.135, 35.63, 7.377, 20.187, 0, 0, -17.797, -18.035, -17.797, -18.035, 1, 67.812, 67.812, 0.024, 0.136, -26.175, -26.526, -26.175, -26.526, 5.992, 7.377, 20.187, , , 1, 33.453, 0, 0.014, 11.7, 3.588, 189, 0, 0, 0, 50.402, 3.173, 3.007, 122, 19.3, 100, 0, 0, 30.851, 30.851, 2.55, 0.684, 92.45, 0, 0, 96.1, 68.785, 0, 0, 0, 0, 0, 13.615, 0.014, 11.7, 0, 3.588, 189, 0, 0, 0, 50.402, 1, 0.003, 0.003, 122, 19.3, 100, 0, 0, 141, 30.851, 30.851, 2.55, 0.684, 0, 92.45, 0, 0, 96.1, 68.785, 0, 0.9, 0, 0, 
33.85, 17.98, 100.302, 73.877, 74.697, , -4.222, 0.987, 3558.188, 3558.188, 3.581, -97.81, -97.81, -97.81, 52.719, 40.42, 35.099, 35.702, 7.377, 20.336, 0, 0, -17.407, -17.638, -17.407, -17.638, 1, 67.592, 67.592, 0.024, 0.136, -25.647, -25.989, -25.647, -25.989, 6.008, 7.377, 20.336, , , 1, 33.503, 0, 0.031, 11.7, 3.581, 189, 0, 0, 0, 49.636, 2.958, 2.837, 122, 19.017, 100, 0, 0, 30.659, 30.659, 1.973, 0.662, 91.104, 0, 0, 94.946, 68.547, 0, 0, 0, 0, 0, 13.634, 0.031, 11.7, 0, 3.581, 189, 0, 0, 0, 49.636, 1, 0.003, 0.003, 122, 19.017, 100, 0, 0, 141, 30.659, 30.659, 1.973, 0.662, 0, 91.104, 0, 0, 94.946, 68.547, 0, 0.9, 0, 0, 
33.9, 17.98, 100.302, 73.873, 74.696, , -4.005, 0.987, 3563.157, 3563.157, 3.574, -92.678, -92.678, -92.678, 52.747, 37.812, 35.063, 35.774, 7.377, 20.52, 0, 0, -16.448, -16.667, -16.448, -16.667, 1, 67.385, 67.385, 0.024, 0.136, -24.289, -24.611, -24.289, -24.611, 6.024, 7.377, 20.52, , , 1, 33.553, 0, 0.048, 11.7, 3.574, 189, 0, 0, 0, 48.87, 2.744, 2.666, 122, 18.734, 100, 0, 0, 30.467, 30.467, 1.396, 0.641, 89.758, 0, 0, 93.792, 68.31, 0, 0, 0, 0, 0, 13.653, 0.048, 11.7, 0, 3.574, 189, 0, 0, 0, 48.87, 1, 0.002, 0.002, 122, 18.734, 100, 0, 0, 141, 30.467, 30.467, 1.396, 0.641, 0, 89.758, 0, 0, 93.792, 68.31, 0, 0.9, 0, 0, 
33.95, 17.98, 100.302, 73.869, 74.695, , -3.903, 0.987, 3568.125, 3568.125, 3.567, -90.256, -90.256, -90.256, 52.755, 35.205, 35.252, 36.036, 7.377, 20.777, 0, 0, -15.965, -16.177, -15.965, -16.177, 1, 67.19, 67.19, 0.024, 0.137, -23.649, -23.961, -23.649, -23.961, 6.039, 7.377, 20.777, , , 1, 33.603, 0, 0.065, 11.7, 3.567, 189, 0, 0, 0, 48.103, 2.529, 2.496, 122, 18.451, 100, 0, 0, 30.276, 30.276, 0.819, 0.62, 88.412, 0, 0, 92.638, 68.072, 0, 0, 0, 0, 0, 13.673, 0.065, 11.7, 0, 3.567, 189, 0, 0, 0, 48.103, 1, 0.002, 0.002, 122, 18.451, 100, 0, 0, 141, 30.276, 30.276, 0.819, 0.62, 0, 88.412, 0, 0, 92.638, 68.072, 0, 0.9, 0, 0, 
34, 17.98, 100.301, 73.865, 74.694, , -3.95, 0.987, 3573.092, 3573.092, 3.56, -91.38, -91.38, -91.38, 52.752, 32.77, 35.46, 36.314, 7.377, 21.059, 0, 0, -16.107, -16.321, -16.107, -16.321, 1, 66.993, 66.993, 0.024, 0.137, -23.944, -24.26, -23.944, -24.26, 6.054, 7.377, 21.059, , , 1, 33.653, 0, 0.083, 11.7, 3.56, 189, 0, 0, 0, 47.337, 2.314, 2.325, 122, 18.169, 100, 0, 0, 30.084, 30.084, 0.242, 0.599, 87.065, 0, 0, 91.485, 67.835, 0, 0, 0, 0, 0, 13.692, 0.083, 11.7, 0, 3.56, 189, 0, 0, 0, 47.337, 1, 0.002, 0.002, 122, 18.169, 100, 0, 0, 141, 30.084, 30.084, 0.242, 0.599, 0, 87.065, 0, 0, 91.485, 67.835, 0, 0.9, 0, 0, 
34.05, 17.98, 100.301, 73.86, 74.692, , -4.011, 0.987, 3578.06, 3578.06, 3.55, -92.823, -92.823, -92.823, 52.743, 41.487, 35.669, 36.592, 7.377, 21.402, 0, 0, -16.307, -16.522, -16.307, -16.522, 1, 66.796, 66.796, 0.024, 0.137, -24.328, -24.648, -24.328, -24.648, 6.069, 7.377, 21.402, , , 1, 33.703, 0, 0.08, 11.7, 3.55, 189, 0, 0, 0, 47, 1.98, 2.007, 122, 17.721, 100, 0, 0, 30, 30, 0, 0.586, 86.444, 0, 0, 91, 67.663, 0, 0, 0, 0, 0, 13.689, 0.08, 11.7, 0, 3.55, 189, 0, 0, 0, 47, 1, 0.002, 0.002, 122, 17.721, 100, 0, 0, 141, 30, 30, 0, 0.586, 0, 86.444, 0, 0, 91, 67.663, 0, 0.9, 0, 0, 
34.1, 17.98, 100.301, 73.856, 74.691, , -4.1, 0.987, 3582.957, 3582.957, 3.539, -94.931, -94.931, -94.931, 52.729, 56.242, 35.877, 36.87, 7.377, 21.715, 0, 0, -16.625, -16.843, -16.625, -16.843, 1, 66.591, 66.591, 0.024, 0.138, -24.886, -25.215, -24.886, -25.215, 6.084, 7.377, 21.715, , , 1, 33.753, 0, 0.063, 11.7, 3.539, 189, 0, 0, 0, 47, 1.551, 1.572, 122, 17.154, 100, 0, 0, 30, 30, 0, 0.578, 86.348, 0, 0, 91, 67.543, 0, 0, 0, 0, 0, 13.67, 0.063, 11.7, 0, 3.539, 189, 0, 0, 0, 47, 1, 0.001, 0.001, 122, 17.154, 100, 0, 0, 141, 30, 30, 0, 0.578, 0, 86.348, 0, 0, 91, 67.543, 0, 0.9, 0, 0, 
34.15, 17.98, 100.3, 73.852, 74.69, , -4.347, 0.987, 3587.821, 3587.821, 3.527, -100.814, -100.814, -100.814, 52.721, 57.892, 36.086, 37.148, 7.377, 21.951, 0, 0, -17.605, -17.837, -17.605, -17.837, 1, 66.41, 66.41, 0.024, 0.138, -26.43, -26.781, -26.43, -26.781, 6.08, 7.377, 21.951, , , 1, 33.803, 0, 0.045, 11.7, 3.527, 189, 0, 0, 0, 47, 1.123, 1.138, 122, 16.586, 100, 0, 0, 30, 30, 0, 0.57, 86.252, 0, 0, 91, 67.424, 0, 0, 0, 0, 0, 13.65, 0.045, 11.7, 0, 3.527, 189, 0, 0, 0, 47, 1, 0.001, 0.001, 122, 16.586, 100, 0, 0, 141, 30, 30, 0, 0.57, 0, 86.252, 0, 0, 91, 67.424, 0, 0.9, 0, 0, 
34.2, 17.98, 100.3, 73.852, 74.689, , -4.579, 0.987, 3590.828, 3590.828, 3.516, -106.321, -106.321, -106.321, 52.722, 58.977, 36.002, 36.944, 7.377, 22.159, 0, 0, -18.538, -18.781, -18.538, -18.781, 1, 66.262, 66.262, 0.024, 0.138, -27.874, -28.245, -27.874, -28.245, 6.071, 7.377, 22.159, , , 1, 33.854, 0, 0.028, 11.7, 3.516, 189, 0, 0, 0, 47, 0.694, 0.704, 122, 16.019, 100, 0, 0, 30, 30, 0, 0.563, 86.156, 0, 0, 91, 67.304, 0, 0, 0, 0, 0, 13.631, 0.028, 11.7, 0, 3.516, 189, 0, 0, 0, 47, 1, 0.001, 0.001, 122, 16.019, 100, 0, 0, 141, 30, 30, 0, 0.563, 0, 86.156, 0, 0, 91, 67.304, 0, 0.9, 0, 0, 
34.25, 17.98, 100.3, 73.856, 74.688, , -4.581, 0.987, 3595.311, 3595.311, 3.504, -106.366, -106.366, -106.366, 52.728, 60.062, 35.815, 36.57, 7.377, 22.276, 0, 0, -18.487, -18.729, -18.487, -18.729, 1, 66.031, 66.031, 0.024, 0.137, -27.881, -28.254, -27.881, -28.254, 6.062, 7.377, 22.276, , , 1, 33.903, 0, 0.011, 11.7, 3.504, 189, 0, 0, 0, 47, 0.266, 0.269, 122, 15.452, 100, 0, 0, 30, 30, 0, 0.555, 86.06, 0, 0, 91, 67.184, 0, 0, 0, 0, 0, 13.612, 0.011, 11.7, 0, 3.504, 189, 0, 0, 0, 47, 1, 0, 0, 122, 15.452, 100, 0, 0, 141, 30, 30, 0, 0.555, 0, 86.06, 0, 0, 91, 67.184, 0, 0.9, 0, 0, 
34.3, 17.98, 100.3, 73.861, 74.687, , -4.533, 0.987, 3600.176, 3600.176, 3.49, -105.231, -105.231, -105.231, 52.731, 61.147, 35.628, 36.197, 7.377, 22.37, 0, 0, -18.225, -18.464, -18.225, -18.464, 1, 65.8, 65.8, 0.024, 0.137, -27.583, -27.951, -27.583, -27.951, 6.053, 7.377, 22.37, , , 1, 33.954, 0, 0, 11.708, 3.49, 189, 0, 0, 0, 47, 0, 0, 122, 15.114, 100, 0, 0, 29.069, 29.069, 0, 0.55, 85.924, 0, 0, 90.905, 66.968, 0, 0, 0, 0, 0, 13.608, 0, 11.708, 0, 3.49, 189, 0, 0, 0, 47, 1, 0, 0, 122, 15.114, 100, 0, 0, 141, 29.069, 29.069, 0, 0.55, 0, 85.924, 0, 0, 90.905, 66.968, 0, 0.9, 0, 0, 
34.35, 17.98, 100.3, 73.865, 74.686, , -4.518, 0.987, 3605.041, 3605.041, 3.473, -104.883, -104.883, -104.883, 52.732, 62.232, 35.442, 35.823, 7.378, 22.381, 0, 0, -18.1, -18.338, -18.1, -18.338, 1, 65.571, 65.571, 0.024, 0.137, -27.491, -27.859, -27.491, -27.859, 6.051, 7.378, 22.381, , , 1, 34.003, 0, 0, 11.728, 3.473, 189, 0, 0, 0, 47, 0, 0, 122, 15.151, 100, 0, 0, 26.619, 26.619, 0, 0.55, 85.724, 0, 0, 90.655, 66.595, 0, 0, 0, 0, 0, 13.628, 0, 11.728, 0, 3.473, 189, 0, 0, 0, 47, 1, 0, 0, 122, 15.151, 100, 0, 0, 141, 26.619, 26.619, 0, 0.55, 0, 85.724, 0, 0, 90.655, 66.595, 0, 0.9, 0, 0, 
34.4, 17.98, 100.3, 73.869, 74.684, , -4.518, 0.987, 3609.811, 3609.811, 3.455, -104.88, -104.88, -104.88, 52.731, 63.317, 35.255, 35.45, 7.378, 22.39, 0, 0, -18.039, -18.277, -18.039, -18.277, 1, 65.344, 65.344, 0.024, 0.137, -27.49, -27.858, -27.49, -27.858, 6.056, 7.378, 22.39, , , 1, 34.053, 0, 0, 11.748, 3.455, 189, 0, 0, 0, 47, 0, 0, 122, 15.188, 100, 0, 0, 24.169, 24.169, 0, 0.55, 85.524, 0, 0, 90.405, 66.222, 0, 0, 0, 0, 0, 13.648, 0, 11.748, 0, 3.455, 189, 0, 0, 0, 47, 1, 0, 0, 122, 15.188, 100, 0, 0, 141, 24.169, 24.169, 0, 0.55, 0, 85.524, 0, 0, 90.405, 66.222, 0, 0.9, 0, 0, 
34.45, 17.98, 100.3, 73.873, 74.683, , -4.511, 0.987, 3614.672, 3614.672, 3.438, -104.725, -104.725, -104.725, 52.728, 64.402, 35.207, 35.619, 7.38, 22.39, 0, 0, -17.949, -18.185, -17.949, -18.185, 1, 65.119, 65.119, 0.024, 0.137, -27.452, -27.818, -27.452, -27.818, 6.062, 7.38, 22.39, , , 1, 34.103, 0, 0, 11.768, 3.438, 189, 0, 0, 0, 47, 0, 0, 122, 15.225, 100, 0, 0, 21.719, 21.719, 0, 0.55, 85.324, 0, 0, 90.155, 65.849, 0, 0, 0, 0, 0, 13.668, 0, 11.768, 0, 3.438, 189, 0, 0, 0, 47, 1, 0, 0, 122, 15.225, 100, 0, 0, 141, 21.719, 21.719, 0, 0.55, 0, 85.324, 0, 0, 90.155, 65.849, 0, 0.9, 0, 0, 
34.5, 17.98, 100.3, 73.877, 74.682, , -4.491, 0.987, 3619.437, 3619.437, 3.42, -104.265, -104.265, -104.265, 52.723, 65.487, 35.171, 35.835, 7.381, 22.39, 0, 0, -17.808, -18.042, -17.808, -18.042, 1, 64.891, 64.891, 0.024, 0.136, -27.335, -27.699, -27.335, -27.699, 6.067, 7.381, 22.39, , , 1, 34.153, 0, 0, 11.788, 3.42, 189, 0, 0, 0, 47, 0, 0, 122, 15.262, 100, 0, 0, 19.269, 19.269, 0, 0.55, 85.124, 0, 0, 89.905, 65.476, 0, 0, 0, 0, 0, 13.688, 0, 11.788, 0, 3.42, 189, 0, 0, 0, 47, 1, 0, 0, 122, 15.262, 100, 0, 0, 141, 19.269, 19.269, 0, 0.55, 0, 85.124, 0, 0, 89.905, 65.476, 0, 0.9, 0, 0, 
34.55, 17.98, 100.3, 73.882, 74.681, , -4.471, 0.987, 3624.203, 3624.203, 3.407, -103.797, -103.797, -103.797, 52.715, 66.572, 35.135, 36.051, 7.383, 22.39, 0, 0, -17.666, -17.898, -17.666, -17.898, 1, 64.664, 64.664, 0.024, 0.136, -27.216, -27.578, -27.216, -27.578, 6.069, 7.383, 22.39, , , 1, 34.203, 0, 0, 11.8, 3.407, 189, 0, 0, 0, 47, 0, 0, 122, 15.3, 100, 0, 0, 17.275, 17.275, 0, 0.55, 84.959, 0, 0, 89.729, 65.193, 0, 0, 0, 0, 0, 13.7, 0, 11.8, 0, 3.407, 189, 0, 0, 0, 47, 1, 0, 0, 122, 15.3, 100, 0, 0, 141, 17.275, 17.275, 0, 0.55, 0, 84.959, 0, 0, 89.729, 65.193, 0, 0.9, 0, 0, 
34.6, 17.98, 100.3, 73.886, 74.68, , -4.461, 0.987, 3628.969, 3628.969, 3.401, -103.563, -103.563, -103.563, 52.711, 67.02, 35.099, 36.267, 7.384, 22.39, 0, 0, -17.564, -17.794, -17.564, -17.794, 1, 64.44, 64.44, 0.024, 0.136, -27.158, -27.518, -27.158, -27.518, 6.065, 7.384, 22.39, , , 1, 34.254, 0, 0, 11.8, 3.401, 189, 0, 0, 0, 47, 0, 0, 122, 15.34, 100, 0, 0, 16.025, 16.025, 0, 0.55, 84.85, 0, 0, 89.675, 65.058, 0, 0, 0, 0, 0, 13.7, 0, 11.8, 0, 3.401, 189, 0, 0, 0, 47, 1, 0, 0, 122, 15.34, 100, 0, 0, 141, 16.025, 16.025, 0, 0.55, 0, 84.85, 0, 0, 89.675, 65.058, 0, 0.9, 0, 0, 
34.65, 17.98, 100.3, 73.89, 74.681, , -4.457, 0.987, 3633.733, 3633.733, 3.395, -103.459, -103.459, -103.459, 52.711, 63.558, 35.063, 36.483, 7.385, 22.39, 0, 0, -17.485, -17.715, -17.485, -17.715, 1, 64.218, 64.218, 0.024, 0.136, -27.132, -27.49, -27.132, -27.49, 6.061, 7.385, 22.39, , , 1, 34.304, 0, 0, 11.8, 3.395, 189, 0, 0, 0, 47, 0, 0, 122, 15.381, 100, 0, 0, 14.775, 14.775, 0, 0.55, 84.741, 0, 0, 89.621, 64.922, 0, 0, 0, 0, 0, 13.7, 0, 11.8, 0, 3.395, 189, 0, 0, 0, 47, 1, 0, 0, 122, 15.381, 100, 0, 0, 141, 14.775, 14.775, 0, 0.55, 0, 84.741, 0, 0, 89.621, 64.922, 0, 0.9, 0, 0, 
34.7, 17.98, 100.3, 73.894, 74.682, , -4.444, 0.987, 3638.487, 3638.487, 3.389, -103.174, -103.174, -103.174, 52.717, 60.095, 34.928, 36.301, 7.386, 22.39, 0, 0, -17.375, -17.605, -17.375, -17.605, 1, 63.995, 63.995, 0.024, 0.135, -27.055, -27.411, -27.055, -27.411, 6.057, 7.386, 22.39, , , 1, 34.353, 0, 0, 11.8, 3.389, 189, 0, 0, 0, 47, 0, 0, 122, 15.421, 100, 0, 0, 13.525, 13.525, 0, 0.55, 84.633, 0, 0, 89.566, 64.786, 0, 0, 0, 0, 0, 13.7, 0, 11.8, 0, 3.389, 189, 0, 0, 0, 47, 1, 0, 0, 122, 15.421, 100, 0, 0, 141, 13.525, 13.525, 0, 0.55, 0, 84.633, 0, 0, 89.566, 64.786, 0, 0.9, 0, 0, 
34.75, 17.98, 100.3, 73.898, 74.684, , -4.432, 0.987, 3643.169, 3643.169, 3.382, -102.895, -102.895, -102.895, 52.727, 56.633, 34.784, 36.085, 7.385, 22.39, 0, 0, -17.267, -17.497, -17.267, -17.497, 1, 63.772, 63.772, 0.024, 0.135, -26.976, -27.33, -26.976, -27.33, 6.05, 7.385, 22.39, , , 1, 34.404, 0, 0, 11.8, 3.382, 189, 0, 0, 0, 47, 0, 0, 122, 15.461, 100, 0, 0, 12.275, 12.275, 0, 0.55, 84.524, 0, 0, 89.512, 64.65, 0, 0, 0, 0, 0, 13.7, 0, 11.8, 0, 3.382, 189, 0, 0, 0, 47, 1, 0, 0, 122, 15.461, 100, 0, 0, 141, 12.275, 12.275, 0, 0.55, 0, 84.524, 0, 0, 89.512, 64.65, 0, 0.9, 0, 0, 
34.8, 17.98, 100.3, 73.903, 74.685, , -4.417, 0.987, 3647.921, 3647.921, 3.373, -102.53, -102.53, -102.53, 52.742, , 34.64, 35.869, 7.384, 22.39, 0, 0, -17.145, -17.374, -17.145, -17.374, 1, 63.548, 63.548, 0.024, 0.135, -26.873, -27.225, -26.873, -27.225, 6.037, 7.384, 22.39, , , 1, 34.453, 0, 0, 11.815, 3.373, 189, 0, 0, 0, 47, 0, 0, 122, 15.526, 100, 0, 0, 12, 12, 0, 0.55, 84.425, 0, 0, 89.425, 64.434, 0, 0, 0, 0, 0, 13.7, 0, 11.815, 0, 3.373, 189, 0, 0, 0, 47, 1, 0, 0, 122, 15.526, 100, 0, 0, 141, 12, 12, 0, 0.55, 0, 84.425, 0, 0, 89.425, 64.434, 0, 0.9, 0, 0, 
34.85, 17.98, 100.3, 73.907, 74.686, , -4.402, 0.987, 3652.59, 3652.59, 3.362, -102.179, -102.179, -102.179, 52.756, , 34.496, 35.653, 7.383, 22.39, 0, 0, -17.027, -17.255, -17.027, -17.255, 1, 63.324, 63.324, 0.024, 0.135, -26.773, -27.125, -26.773, -27.125, 6.024, 7.383, 22.39, , , 1, 34.503, 0, 0, 11.834, 3.362, 189, 0, 0, 0, 47, 0, 0, 122, 15.597, 100, 0, 0, 12, 12, 0, 0.55, 84.329, 0, 0, 89.329, 64.196, 0, 0, 0, 0, 0, 13.7, 0, 11.834, 0, 3.362, 189, 0, 0, 0, 47, 1, 0, 0, 122, 15.597, 100, 0, 0, 141, 12, 12, 0, 0.55, 0, 84.329, 0, 0, 89.329, 64.196, 0, 0.9, 0, 0, 
34.9, 17.98, 100.3, 73.911, 74.687, , -4.396, 0.987, 3657.247, 3657.247, 3.352, -102.038, -102.038, -102.038, 52.765, , 34.352, 35.437, 7.382, 22.39, 0, 0, -16.944, -17.172, -16.944, -17.172, 1, 63.102, 63.102, 0.024, 0.136, -26.73, -27.082, -26.73, -27.082, 6.011, 7.382, 22.39, , , 1, 34.553, 0, 0, 11.853, 3.352, 189, 0, 0, 0, 47, 0, 0, 122, 15.668, 100, 0, 0, 12, 12, 0, 0.55, 84.233, 0, 0, 89.233, 63.957, 0, 0, 0, 0, 0, 13.7, 0, 11.853, 0, 3.352, 189, 0, 0, 0, 47, 1, 0, 0, 122, 15.668, 100, 0, 0, 141, 12, 12, 0, 0.55, 0, 84.233, 0, 0, 89.233, 63.957, 0, 0.9, 0, 0, 
34.95, 17.98, 100.3, 73.915, 74.688, , -4.384, 0.987, 3661.837, 3661.837, 3.341, -101.764, -101.764, -101.764, 52.771, , 34.472, 35.586, 7.38, 22.39, 0, 0, -16.841, -17.067, -16.841, -17.067, 1, 62.883, 62.883, 0.024, 0.136, -26.655, -27.007, -26.655, -27.007, 5.997, 7.38, 22.39, , , 1, 34.603, 0, 0, 11.873, 3.341, 189, 0, 0, 0, 47, 0, 0, 122, 15.739, 100, 0, 0, 12, 12, 0, 0.55, 84.137, 0, 0, 89.137, 63.719, 0, 0, 0, 0, 0, 13.7, 0, 11.873, 0, 3.341, 189, 0, 0, 0, 47, 1, 0, 0, 122, 15.739, 100, 0, 0, 141, 12, 12, 0, 0.55, 0, 84.137, 0, 0, 89.137, 63.719, 0, 0.9, 0, 0, 
35, 17.98, 100.3, 73.919, 74.689, , -4.367, 0.987, 3666.507, 3666.507, 3.33, -101.362, -101.362, -101.362, 52.772, , 34.616, 35.766, 7.379, 22.39, 0, 0, -16.715, -16.939, -16.715, -16.939, 1, 62.662, 62.662, 0.024, 0.136, -26.55, -26.902, -26.55, -26.902, 5.981, 7.379, 22.39, , , 1, 34.653, 0, 0, 11.892, 3.33, 189, 0, 0, 0, 47, 0, 0, 122, 15.81, 100, 0, 0, 12, 12, 0, 0.55, 84.04, 0, 0, 89.04, 63.48, 0, 0, 0, 0, 0, 13.7, 0, 11.892, 0, 3.33, 189, 0, 0, 0, 47, 1, 0, 0, 122, 15.81, 100, 0, 0, 141, 12, 12, 0, 0.55, 0, 84.04, 0, 0, 89.04, 63.48, 0, 0.9, 0, 0, 
35.05, 17.98, 100.3, 73.924, 74.69, , -4.35, 0.987, 3671.165, 3671.165, 3.319, -100.979, -100.979, -100.979, 52.77, , 34.76, 35.946, 7.379, 22.39, 0, 0, -16.594, -16.814, -16.594, -16.814, 1, 62.443, 62.443, 0.024, 0.136, -26.451, -26.803, -26.451, -26.803, 5.965, 7.379, 22.39, , , 1, 34.703, 0, 0, 11.9, 3.319, 189, 0, 0, 0, 47, 0, 0, 122, 15.882, 100, 0, 0, 12, 12, 0, 0.55, 83.942, 0, 0, 88.942, 63.236, 0, 0, 0, 0, 0, 13.7, 0, 11.9, 0, 3.319, 189, 0, 0, 0, 47, 1, 0, 0, 122, 15.882, 100, 0, 0, 141, 12, 12, 0, 0.55, 0, 83.942, 0, 0, 88.942, 63.236, 0, 0.9, 0, 0, 
35.1, 17.98, 100.3, 73.928, 74.692, , -4.341, 0.987, 3675.744, 3675.744, 3.307, -100.766, -100.766, -100.766, 52.764, , 34.904, 36.126, 7.378, 22.39, 0, 0, -16.501, -16.72, -16.501, -16.72, 1, 62.225, 62.225, 0.024, 0.136, -26.399, -26.749, -26.399, -26.749, 5.949, 7.378, 22.39, , , 1, 34.753, 0, 0, 11.9, 3.307, 189, 0, 0, 0, 47, 0, 0, 122, 15.954, 100, 0, 0, 12, 12, 0, 0.55, 83.842, 0, 0, 88.842, 62.988, 0, 0, 0, 0, 0, 13.7, 0, 11.9, 0, 3.307, 189, 0, 0, 0, 47, 1, 0, 0, 122, 15.954, 100, 0, 0, 141, 12, 12, 0, 0.55, 0, 83.842, 0, 0, 88.842, 62.988, 0, 0.9, 0, 0, 
35.15, 17.98, 100.3, 73.932, 74.693, , -4.34, 0.987, 3680.323, 3680.323, 3.296, -100.748, -100.748, -100.748, 52.759, , 35.048, 36.306, 7.378, 22.39, 0, 0, -16.44, -16.658, -16.44, -16.658, 1, 62.007, 62.007, 0.024, 0.137, -26.397, -26.747, -26.397, -26.747, 5.933, 7.378, 22.39, , , 1, 34.803, 0, 0, 11.9, 3.296, 189, 0, 0, 0, 47, 0, 0, 122, 16.026, 100, 0, 0, 12, 12, 0, 0.55, 83.742, 0, 0, 88.742, 62.74, 0, 0, 0, 0, 0, 13.7, 0, 11.9, 0, 3.296, 189, 0, 0, 0, 47, 1, 0, 0, 122, 16.026, 100, 0, 0, 141, 12, 12, 0, 0.55, 0, 83.742, 0, 0, 88.742, 62.74, 0, 0.9, 0, 0, 
35.2, 17.98, 100.3, 73.936, 74.694, , -4.323, 0.987, 3684.901, 3684.901, 3.284, -100.349, -100.349, -100.349, 52.752, , 35.126, 36.188, 7.377, 22.39, 0, 0, -16.317, -16.532, -16.317, -16.532, 1, 61.787, 61.787, 0.024, 0.137, -26.296, -26.646, -26.296, -26.646, 5.922, 7.377, 22.39, , , 1, 34.853, 0, 0, 11.9, 3.284, 189, 0, 0, 0, 47, 0, 0, 122, 16.098, 100, 0, 0, 12, 12, 0, 0.55, 83.642, 0, 0, 88.642, 62.492, 0, 0, 0, 0, 0, 13.7, 0, 11.9, 0, 3.284, 189, 0, 0, 0, 47, 1, 0, 0, 122, 16.098, 100, 0, 0, 141, 12, 12, 0, 0.55, 0, 83.642, 0, 0, 88.642, 62.492, 0, 0.9, 0, 0, 
35.25, 17.98, 100.3, 73.94, 74.695, , -4.322, 0.987, 3689.475, 3689.475, 3.272, -100.335, -100.335, -100.335, 52.743, , 35.198, 36.044, 7.378, 22.39, 0, 0, -16.258, -16.472, -16.258, -16.472, 1, 61.568, 61.568, 0.024, 0.137, -26.295, -26.645, -26.295, -26.645, 5.911, 7.378, 22.39, , , 1, 34.903, 0, 0, 11.9, 3.272, 189, 0, 0, 0, 47, 0, 0, 122, 16.17, 100, 0, 0, 12, 12, 0, 0.55, 83.542, 0, 0, 88.542, 62.244, 0, 0, 0, 0, 0, 13.7, 0, 11.9, 0, 3.272, 189, 0, 0, 0, 47, 1, 0, 0, 122, 16.17, 100, 0, 0, 141, 12, 12, 0, 0.55, 0, 83.542, 0, 0, 88.542, 62.244, 0, 0.9, 0, 0, 
35.3, 17.98, 100.3, 73.944, 74.696, , -4.316, 0.987, 3693.966, 3693.966, 3.26, -100.2, -100.2, -100.2, 52.733, , 35.27, 35.9, 7.378, 22.39, 0, 0, -16.178, -16.392, -16.178, -16.392, 1, 61.352, 61.352, 0.024, 0.137, -26.264, -26.614, -26.264, -26.614, 5.9, 7.378, 22.39, , , 1, 34.953, 0, 0, 11.912, 3.26, 189, 0, 0, 0, 47, 0, 0, 122.209, 16.286, 100, 0, 0, 12, 12, 0, 0.55, 83.442, 0, 0, 88.384, 62.068, 0, 0, 0, 0, 0, 13.7, 0, 11.912, 0, 3.26, 189, 0, 0, 0, 47, 1, 0, 0, 122.209, 16.286, 100, 0, 0, 141, 12, 12, 0, 0.55, 0, 83.442, 0, 0, 88.384, 62.068, 0, 0.9, 0, 0, 
35.35, 17.98, 100.3, 73.949, 74.697, , -4.305, 0.987, 3698.457, 3698.457, 3.248, -99.927, -99.927, -99.927, 52.725, , 35.342, 35.756, 7.379, 22.39, 0, 0, -16.078, -16.29, -16.078, -16.29, 1, 61.137, 61.137, 0.024, 0.137, -26.195, -26.545, -26.195, -26.545, 5.889, 7.379, 22.39, , , 1, 35.003, 0, 0, 11.932, 3.248, 189, 0, 0, 0, 47, 0, 0, 122.569, 16.434, 100, 0, 0, 12, 12, 0, 0.55, 83.342, 0, 0, 88.184, 61.944, 0, 0, 0, 0, 0, 13.7, 0, 11.932, 0, 3.248, 189, 0, 0, 0, 47, 1, 0, 0, 122.569, 16.434, 100, 0, 0, 141, 12, 12, 0, 0.55, 0, 83.342, 0, 0, 88.184, 61.944, 0, 0.9, 0, 0, 
35.4, 17.98, 100.3, 73.953, 74.698, , -4.288, 0.987, 3703.032, 3703.032, 3.236, -99.538, -99.538, -99.538, 52.722, , 35.414, 35.612, 7.379, 22.39, 0, 0, -15.957, -16.167, -15.957, -16.167, 1, 60.919, 60.919, 0.024, 0.137, -26.094, -26.442, -26.094, -26.442, 5.888, 7.379, 22.39, , , 1, 35.053, 0, 0, 11.952, 3.236, 189, 0, 0, 0, 47, 0, 0, 122.929, 16.582, 100, 0, 0, 12, 12, 0, 0.55, 83.242, 0, 0, 87.984, 61.82, 0, 0, 0, 0, 0, 13.7, 0, 11.952, 0, 3.236, 189, 0, 0, 0, 47, 1, 0, 0, 122.929, 16.582, 100, 0, 0, 141, 12, 12, 0, 0.55, 0, 83.242, 0, 0, 87.984, 61.82, 0, 0.9, 0, 0, 
35.45, 17.98, 100.3, 73.957, 74.7, , -4.29, 0.987, 3707.526, 3707.526, 3.224, -99.587, -99.587, -99.587, 52.724, , 35.122, 35.766, 7.38, 22.39, 0, 0, -15.909, -16.119, -15.909, -16.119, 1, 60.702, 60.702, 0.024, 0.136, -26.106, -26.454, -26.106, -26.454, 5.888, 7.38, 22.39, , , 1, 35.103, 0, 0, 11.972, 3.224, 189, 0, 0, 0, 47, 0, 0, 123.289, 16.73, 100, 0, 0, 12, 12, 0, 0.55, 83.142, 0, 0, 87.784, 61.696, 0, 0, 0, 0, 0, 13.7, 0, 11.972, 0, 3.224, 189, 0, 0, 0, 47, 1, 0, 0, 123.289, 16.73, 100, 0, 0, 141, 12, 12, 0, 0.55, 0, 83.142, 0, 0, 87.784, 61.696, 0, 0.9, 0, 0, 
35.5, 17.98, , , 74.701, , -4.277, , 3711.94, 3711.94, 3.212, -99.288, -99.288, -99.288, 52.729, , 34.798, 35.946, 7.38, 22.39, 0, 0, -15.804, -16.014, -15.804, -16.014, 1, 60.488, 60.488, 0.024, 0.136, -26.025, -26.371, -26.025, -26.371, 5.888, 7.38, 22.39, , , 1, 35.153, 0, 0, 11.992, 3.212, 189, 0, 0, 0, 47, 0, 0, 123.649, 16.878, 100, 0, 0, 12, 12, 0, 0.55, 83.042, 0, 0, 87.584, 61.572, 0, 0, 0, 0, 0, 13.7, 0, 11.992, 0, 3.212, 189, 0, 0, 0, 47, 1, 0, 0, 123.649, 16.878, 100, 0, 0, 141, 12, 12, 0, 0.55, 0, 83.042, 0, 0, 87.584, 61.572, 0, 0.9, 0, 0, 
35.55, 17.98, , , 74.702, , -4.274, , 3716.417, 3716.417, 3.198, -99.214, -99.214, -99.214, 52.74, , 34.474, 36.126, 7.38, 22.39, 0, 0, -15.736, -15.946, -15.736, -15.946, 1, 60.27, 60.27, 0.024, 0.136, -26, -26.346, -26, -26.346, 5.888, 7.38, 22.39, , , 1, 35.203, 0, 0, 12.012, 3.198, 189, 0, 0, 0, 47, 0, 0, 123.8, 16.983, 100, 0, 0, 12, 12, 0, 0.549, 82.914, 0, 0, 87.414, 61.305, 0, 0, 0, 0, 0, 13.7, 0, 12.012, 0, 3.198, 189, 0, 0, 0, 47, 1, 0, 0, 123.8, 16.983, 100, 0, 0, 141, 12, 12, 0, 0.549, 0, 82.914, 0, 0, 87.414, 61.305, 0, 0.9, 0, 0, 
35.6, 17.98, , , 74.703, , -4.265, , 3720.84, 3720.84, 3.182, -99.017, -99.017, -99.017, 52.751, , 34.15, 36.306, 7.379, 22.39, 0, 0, -15.649, -15.859, -15.649, -15.859, 1, 60.054, 60.054, 0.024, 0.136, -25.944, -26.288, -25.944, -26.288, 5.878, 7.379, 22.39, , , 1, 35.252, 0, 0, 12.031, 3.182, 189, 0, 0, 0, 47, 0, 0, 123.8, 17.056, 100, 0, 0, 12, 12, 0, 0.547, 82.765, 0, 0, 87.265, 60.934, 0, 0, 0, 0, 0, 13.7, 0, 12.031, 0, 3.182, 189, 0, 0, 0, 47, 1, 0, 0, 123.8, 17.056, 100, 0, 0, 141, 12, 12, 0, 0.547, 0, 82.765, 0, 0, 87.265, 60.934, 0, 0.9, 0, 0, 
35.65, 17.98, , , 74.704, , -4.257, , 3725.309, 3725.309, 3.166, -98.82, -98.82, -98.82, 52.759, , 33.826, 36.486, 7.379, 22.39, 0, 0, -15.563, -15.771, -15.563, -15.771, 1, 59.841, 59.841, 0.024, 0.135, -25.888, -26.232, -25.888, -26.232, 5.865, 7.379, 22.39, , , 1, 35.303, 0, 0, 12.051, 3.166, 189, 0, 0, 0, 47, 0, 0, 123.8, 17.129, 100, 0, 0, 12, 12, 0, 0.545, 82.616, 0, 0, 87.116, 60.563, 0, 0, 0, 0, 0, 13.7, 0, 12.051, 0, 3.166, 189, 0, 0, 0, 47, 1, 0, 0, 123.8, 17.129, 100, 0, 0, 141, 12, 12, 0, 0.545, 0, 82.616, 0, 0, 87.116, 60.563, 0, 0.9, 0, 0, 
35.7, 17.98, , , 74.705, , -4.246, , 3729.74, 3729.74, 3.15, -98.563, -98.563, -98.563, 52.764, , 34.032, 36.368, 7.378, 22.39, 0, 0, -15.467, -15.675, -15.467, -15.675, 1, 59.628, 59.628, 0.024, 0.135, -25.819, -26.162, -25.819, -26.162, 5.851, 7.378, 22.39, , , 1, 35.353, 0, 0, 12.071, 3.15, 189, 0, 0, 0, 47, 0, 0, 123.8, 17.203, 100, 0, 0, 12, 12, 0, 0.543, 82.467, 0, 0, 86.967, 60.192, 0, 0, 0, 0, 0, 13.7, 0, 12.071, 0, 3.15, 189, 0, 0, 0, 47, 1, 0, 0, 123.8, 17.203, 100, 0, 0, 141, 12, 12, 0, 0.543, 0, 82.467, 0, 0, 86.967, 60.192, 0, 0.9, 0, 0, 
35.75, 17.98, , , 74.706, , -4.237, , 3734.094, 3734.094, 3.134, -98.364, -98.364, -98.364, 52.766, , 34.284, 36.224, 7.378, 22.39, 0, 0, -15.38, -15.587, -15.38, -15.587, 1, 59.414, 59.414, 0.024, 0.135, -25.767, -26.109, -25.767, -26.109, 5.838, 7.378, 22.39, , , 1, 35.403, 0, 0, 12.091, 3.134, 189, 0, 0, 0, 47, 0, 0, 123.8, 17.276, 100, 0, 0, 12, 12, 0, 0.541, 82.318, 0, 0, 86.818, 59.821, 0, 0, 0, 0, 0, 13.7, 0, 12.091, 0, 3.134, 189, 0, 0, 0, 47, 1, 0, 0, 123.8, 17.276, 100, 0, 0, 141, 12, 12, 0, 0.541, 0, 82.318, 0, 0, 86.818, 59.821, 0, 0.9, 0, 0, 
35.8, 17.98, , , 74.708, , -4.226, , 3738.464, 3738.464, 3.124, -98.099, -98.099, -98.099, 52.766, , 34.536, 36.08, 7.377, 22.39, 0, 0, -15.283, -15.488, -15.283, -15.488, 1, 59.2, 59.2, 0.024, 0.135, -25.697, -26.038, -25.697, -26.038, 5.824, 7.377, 22.39, , , 1, 35.453, 0, 0, 12.1, 3.124, 189, 0, 0, 0, 47, 0, 0, 123.8, 17.31, 100, 0, 0, 12, 12, 0, 0.541, 82.222, 0, 0, 86.722, 59.58, 0, 0, 0, 0, 0, 13.7, 0, 12.1, 0, 3.124, 189, 0, 0, 0, 47, 1, 0, 0, 123.8, 17.31, 100, 0, 0, 141, 12, 12, 0, 0.541, 0, 82.222, 0, 0, 86.722, 59.58, 0, 0.9, 0, 0, 
35.85, 17.98, , , 74.709, , -4.22, , 3742.829, 3742.829, 3.118, -97.971, -97.971, -97.971, 52.766, , 34.788, 35.936, 7.377, 22.39, 0, 0, -15.207, -15.411, -15.207, -15.411, 1, 58.988, 58.988, 0.024, 0.135, -25.663, -26.004, -25.663, -26.004, 5.811, 7.377, 22.39, , , 1, 35.502, 0, 0, 12.1, 3.118, 189, 0, 0, 0, 47, 0, 0, 123.8, 17.31, 100, 0, 0, 12, 12, 0, 0.543, 82.17, 0, 0, 86.67, 59.451, 0, 0, 0, 0, 0, 13.7, 0, 12.1, 0, 3.118, 189, 0, 0, 0, 47, 1, 0, 0, 123.8, 17.31, 100, 0, 0, 141, 12, 12, 0, 0.543, 0, 82.17, 0, 0, 86.67, 59.451, 0, 0.9, 0, 0, 
35.9, 17.98, , , 74.71, , -4.215, , 3747.153, 3747.153, 3.113, -97.866, -97.866, -97.866, 52.77, , 35.04, 35.792, 7.377, 22.39, 0, 0, -15.137, -15.339, -15.137, -15.339, 1, 58.776, 58.776, 0.024, 0.135, -25.634, -25.975, -25.634, -25.975, 5.797, 7.377, 22.39, , , 1, 35.553, 0, 0, 12.1, 3.113, 189, 0, 0, 0, 47, 0, 0, 123.8, 17.31, 100, 0, 0, 12, 12, 0, 0.545, 82.118, 0, 0, 86.618, 59.322, 0, 0, 0, 0, 0, 13.7, 0, 12.1, 0, 3.113, 189, 0, 0, 0, 47, 1, 0, 0, 123.8, 17.31, 100, 0, 0, 141, 12, 12, 0, 0.545, 0, 82.118, 0, 0, 86.618, 59.322, 0, 0.9, 0, 0, 
35.95, , , , , , -4.203, , 3751.477, 3751.477, 3.107, -97.577, -97.577, -97.577, 52.775, , 34.961, 35.714, 7.378, 22.39, 0, 0, -15.037, -15.239, -15.037, -15.239, 1, 58.564, 58.564, 0.024, 0.135, -25.555, -25.895, -25.555, -25.895, 5.784, 7.378, 22.39, , , 1, 35.603, 0, 0, 12.1, 3.107, 189, 0, 0, 0, 47, 0, 0, 123.8, 17.31, 100, 0, 0, 12, 12, 0, 0.547, 82.066, 0, 0, 86.566, 59.193, 0, 0, 0, 0, 0, 13.7, 0, 12.1, 0, 3.107, 189, 0, 0, 0, 47, 1, 0, 0, 123.8, 17.31, 100, 0, 0, 141, 12, 12, 0, 0.547, 0, 82.066, 0, 0, 86.566, 59.193, 0, 0.9, 0, 0, 
36, , , , , , -4.198, , 3755.801, 3755.801, 3.101, -97.454, -97.454, -97.454, 52.783, , 34.853, 35.642, 7.378, 22.39, 0, 0, -14.964, -15.164, -14.964, -15.164, 1, 58.352, 58.352, 0.024, 0.136, -25.518, -25.858, -25.518, -25.858, 5.763, 7.378, 22.39, , , 1, 35.653, 0, 0, 12.1, 3.101, 189, 0, 0, 0, 47, 0, 0, 123.8, 17.31, 100, 0, 0, 12, 12, 0, 0.549, 82.014, 0, 0, 86.514, 59.064, 0, 0, 0, 0, 0, 13.7, 0, 12.1, 0, 3.101, 189, 0, 0, 0, 47, 1, 0, 0, 123.8, 17.31, 100, 0, 0, 141, 12, 12, 0, 0.549, 0, 82.014, 0, 0, 86.514, 59.064, 0, 0.9, 0, 0, 
36.05, , , , , , -4.189, , 3760.126, 3760.126, 3.092, -97.245, -97.245, -97.245, 52.79, , 34.745, 35.57, 7.379, 22.39, 0, 0, -14.877, -15.077, -14.877, -15.077, 1, 58.139, 58.139, 0.024, 0.136, -25.46, -25.798, -25.46, -25.798, 5.733, 7.379, 22.39, , , 1, 35.703, 0, 0, 12.115, 3.092, 189, 0, 0, 0, 47, 0, 0, 123.8, 17.31, 100, 0, 0, 12, 12, 0, 0.547, 81.926, 0, 0, 86.426, 58.938, 0, 0, 0, 0, 0, 13.7, 0, 12.115, 0, 3.092, 189, 0, 0, 0, 47, 1, 0, 0, 123.8, 17.31, 100, 0, 0, 141, 12, 12, 0, 0.547, 0, 81.926, 0, 0, 86.426, 58.938, 0, 0.9, 0, 0, 
36.1, , , , , , -4.185, , 3764.442, 3764.442, 3.082, -97.175, -97.175, -97.175, 52.797, , 34.637, 35.498, 7.379, 22.39, 0, 0, -14.813, -15.011, -14.813, -15.011, 1, 57.928, 57.928, 0.024, 0.136, -25.438, -25.775, -25.438, -25.775, 5.703, 7.379, 22.39, , , 1, 35.753, 0, 0, 12.135, 3.082, 189, 0, 0, 0, 47, 0, 0, 123.8, 17.31, 100, 0, 0, 12, 12, 0, 0.543, 81.826, 0, 0, 86.326, 58.814, 0, 0, 0, 0, 0, 13.7, 0, 12.135, 0, 3.082, 189, 0, 0, 0, 47, 1, 0, 0, 123.8, 17.31, 100, 0, 0, 141, 12, 12, 0, 0.543, 0, 81.826, 0, 0, 86.326, 58.814, 0, 0.9, 0, 0, 
36.15, , , , , , -4.175, , 3768.686, 3768.686, 3.072, -96.93, -96.93, -96.93, 52.802, , 34.529, 35.426, 7.379, 22.39, 0, 0, -14.722, -14.918, -14.722, -14.918, 1, 57.717, 57.717, 0.024, 0.136, -25.34, -25.673, -25.34, -25.673, 5.672, 7.379, 22.39, , , 1, 35.803, 0, 0, 12.155, 3.072, 189, 0, 0, 0, 47, 0, 0, 123.8, 17.31, 100, 0, 0, 12, 12, 0, 0.539, 81.726, 0, 0, 86.226, 58.69, 0, 0, 0, 0, 0, 13.7, 0, 12.155, 0, 3.072, 189, 0, 0, 0, 47, 1, 0, 0, 123.8, 17.31, 100, 0, 0, 141, 12, 12, 0, 0.539, 0, 81.726, 0, 0, 86.226, 58.69, 0, 0.9, 0, 0, 
36.2, , , , , , -4.176, , 3772.932, 3772.932, 3.061, -96.963, -96.963, -96.963, 52.807, , 34.752, 35.42, 7.38, 22.39, 0, 0, -14.675, -14.869, -14.675, -14.869, 1, 57.505, 57.505, 0.024, 0.136, -25.39, -25.725, -25.39, -25.725, 5.643, 7.38, 22.39, , , 1, 35.853, 0, 0, 12.175, 3.061, 189, 0, 0, 0, 47, 0, 0, 123.8, 17.31, 100, 0, 0, 12, 12, 0, 0.535, 81.626, 0, 0, 86.126, 58.566, 0, 0, 0, 0, 0, 13.7, 0, 12.175, 0, 3.061, 189, 0, 0, 0, 47, 1, 0, 0, 123.8, 17.31, 100, 0, 0, 141, 12, 12, 0, 0.535, 0, 81.626, 0, 0, 86.126, 58.566, 0, 0.9, 0, 0, 
36.25, , , , , , -4.172, , 3777.177, 3777.177, 3.051, -96.877, -96.877, -96.877, , , 35.004, 35.42, 7.38, 22.39, 0, 0, -14.633, -14.826, -14.633, -14.826, 1, 57.332, 57.332, 0.024, 0.136, -25.317, -25.648, -25.317, -25.648, 5.619, 7.38, 22.39, , , 1, 35.895, 0, 0, 12.195, 3.051, 189, 0, 0, 0, 47, 0, 0, 123.8, 17.31, 100, 0, 0, 12, 12, 0, 0.531, 81.526, 0, 0, 86.026, 58.442, 0, 0, 0, 0, 0, 13.7, 0, 12.195, 0, 3.051, 189, 0, 0, 0, 47, 1, 0, 0, 123.8, 17.31, 100, 0, 0, 141, 12, 12, 0, 0.531, 0, 81.526, 0, 0, 86.026, 58.442, 0, 0.9, 0, 0, 
36.3, , , , , , -4.173, , 3779.724, 3779.724, , -96.903, -96.903, -96.903, , , 35.256, 35.42, 7.38, 22.39, 0, 0, -14.612, -14.802, -14.612, -14.802, 1, 57.228, 57.228, 0.024, 0.136, , , , , 5.595, 7.38, 22.39, , , 1, 35.92, , , , , , , , , , , , , , , , , , , , , , , , , , , , , , , , , , , , , , , , , , , , , , , , , , , , , , , , , , , , , , , , 
36.35, , , , , , -4.171, , 3781.82, 3781.82, , -96.845, -96.845, -96.845, , , 35.508, 35.42, 7.38, 22.39, 0, 0, -14.578, -14.768, -14.578, -14.768, 1, 57.126, 57.126, 0.024, 0.136, , , , , 5.571, 7.38, 22.39, , , 1, 35.945, , , , , , , , , , , , , , , , , , , , , , , , , , , , , , , , , , , , , , , , , , , , , , , , , , , , , , , , , , , , , , , , 
36.4, , , , , , -4.163, , 3783.927, 3783.927, , -96.658, -96.658, -96.658, , , 35.76, 35.42, 7.38, 22.39, 0, 0, -14.523, -14.713, -14.523, -14.713, 1, 57.023, 57.023, 0.024, 0.137, , , , , 5.547, 7.38, 22.39, , , 1, 35.97, , , , , , , , , , , , , , , , , , , , , , , , , , , , , , , , , , , , , , , , , , , , , , , , , , , , , , , , , , , , , , , , 
36.45, , , , , , , , 3786.032, 3786.032, , , , , , , , , 7.38, 22.39, 0, 0, , , , , 1, 56.918, 56.918, , , , , , , , 7.38, 22.39, , , , , , , , , , , , , , , , , , , , , , , , , , , , , , , , , , , , , , , , , , , , , , , , , , , , , , , , , , , , , , , , , , , , 
36.5, , , , , , , , , , , , , , , , , , 7.38, 22.39, 0, 0, , , , , 1, , , , , , , , , , 7.38, 22.39, , , , , , , , , , , , , , , , , , , , , , , , , , , , , , , , , , , , , , , , , , , , , , , , , , , , , , , , , , , , , , , , , , , , 
