Time, (DWRT ATMO) Humidity, (DWRT ATMO) Pressure, (DWRT ATMO) Temperature 1, (DWRT ATMO) Temperature 2, (DWRT CPU) ????????????????????????????????????????????????????????????????, (DWRT CPU) Acceleration, (DWRT CPU) Correction Factor, (DWRT CPU) Distance, (DWRT CPU) Distance 1, (DWRT CPU) Engine RPM, (DWRT CPU) Force, (DWRT CPU) Force 1, (DWRT CPU) Force Drum 1, (DWRT CPU) Gear Ratio, (DWRT CPU) Inductive 1 Signal Strength, (DWRT CPU) Internal Temp 1, (DWRT CPU) Internal Temp 2, (DWRT CPU) LC1 Volts Petrol AFR, (DWRT CPU) LC2 Volts Petrol AFR2, (DWRT CPU) Link 0 Status, (DWRT CPU) Link 1 Status, (DWRT CPU) Power, (DWRT CPU) Power (uncorrected), (DWRT CPU) Power Drum 1, (DWRT CPU) Power Drum 1 (uncorrected), (DWRT CPU) Sampling, (DWRT CPU) Speed, (DWRT CPU) Speed 1, (DWRT CPU) TCP RX kB/s, (DWRT CPU) TCP TX kB/s, (DWRT CPU) Torque, (DWRT CPU) Torque (uncorrected), (DWRT CPU) Torque Drum 1, (DWRT CPU) Torque Drum 1 (uncorrected), (DWRT CPU) UDP RX kB/s, (DWRT CPU) User Analog 1, (DWRT CPU) User Analog 2, (DWRT CPU) User Analog 3, (DWRT CPU) User Analog 4, (Gen) Sampling, (Gen) Sampling Duration, (Harley - ECU Type 14 SW Level 141) Accel Enrichment, (Harley - ECU Type 14 SW Level 141) Decel Enleanment, (Harley - ECU Type 14 SW Level 141) Desired Air/Fuel, (Harley - ECU Type 14 SW Level 141) Engine Speed, (Harley - ECU Type 14 SW Level 141) Engine Temperature, (Harley - ECU Type 14 SW Level 141) Front Adaptive Fuel Factor, (Harley - ECU Type 14 SW Level 141) Front Closed Loop Integrator, (Harley - ECU Type 14 SW Level 141) Front Spark Knock Retard, (Harley - ECU Type 14 SW Level 141) Idle Air Control Motor Position, (Harley - ECU Type 14 SW Level 141) Injector Time Front, (Harley - ECU Type 14 SW Level 141) Injector Time Rear, (Harley - ECU Type 14 SW Level 141) Intake Air Temperature, (Harley - ECU Type 14 SW Level 141) Manifold Absolute Pressure, (Harley - ECU Type 14 SW Level 141) Rear Adaptive Fuel Factor, (Harley - ECU Type 14 SW Level 141) Rear Closed Loop Integrator, (Harley - ECU Type 14 SW Level 141) Rear Spark Knock Retard, (Harley - ECU Type 14 SW Level 141) Spark Advance Front, (Harley - ECU Type 14 SW Level 141) Spark Advance Rear, (Harley - ECU Type 14 SW Level 141) Throttle Position, (Harley - ECU Type 14 SW Level 141) Throttle Position Sensor Voltage, (Harley - ECU Type 14 SW Level 141) VE Front, (Harley - ECU Type 14 SW Level 141) VE New Front, (Harley - ECU Type 14 SW Level 141) VE New Rear, (Harley - ECU Type 14 SW Level 141) VE Rear, (Harley - ECU Type 14 SW Level 141) Vehicle Speed, (Harley - ECU Type 14 SW Level 141) WBO2 AFR Front, (Harley - ECU Type 14 SW Level 141) WBO2 AFR Rear, (PV) Accel Enrichment, (PV) AT Lambda 1, (PV) AT Lambda 2, (PV) Battery Voltage, (PV) Decel Enleanment, (PV) Desired Air/Fuel, (PV) Desired Lambda, (PV) Engine Speed, (PV) Engine Temperature, (PV) Front Adaptive Fuel Factor, (PV) Front Closed Loop Integrator, (PV) Front Spark Knock Retard, (PV) Idle Air Control Motor Position, (PV) Idle Set Speed, (PV) Injector Time Front, (PV) Injector Time Rear, (PV) Intake Air Temperature, (PV) Manifold Absolute Pressure, (PV) Rear Adaptive Fuel Factor, (PV) Rear Closed Loop Integrator, (PV) Rear Spark Knock Retard, (PV) Software Level, (PV) Spark Advance Front, (PV) Spark Advance Rear, (PV) Throttle Position, (PV) Throttle Position Sensor, (PV) Twistgrip Position, (PV) VE Front, (PV) VE New Front, (PV) VE New Rear, (PV) VE Rear, (PV) Vehicle Speed, (PV) Warm-up Fuel AFR (Lambda), (PV) Warm-up Fuel AFR (Ratio), (PV) WBO2 AFR Front, (PV) WBO2 AFR Rear, 
0, , , , , , , , , , , , , , , , , , , , , , , , , , , , , , , , , , , , , , , , 1, 0, , , , , , , , , , , , , , , , , , , , , , , , , , , , , , , , , , , , , , , , , , , , , , , , , , , , , , , , , , , , , , , , 
0.05, , , , , , 0.796, , , , , 20.758, 20.758, 20.758, , , , , , , , , , , , , , 45.7, 45.7, , , , , , , , , , , , 1, 0.025, , , , , , , , , , , , , , , , , , , , , , , , , , , , , , , , , , , , , , , , , , , , , , , , , , , , , , , , , , , , , , , , 
0.1, , , , , , 0.837, , 3.859, 3.859, , 21.73, 21.73, 21.73, , , , , , , 0, 0, 2.62, 2.654, 2.62, 2.654, 1, 45.764, 45.764, 0.024, 0.134, , , , , 4.804, , , , , 1, 0.099, , , , , , , , , , , , , , , , , , , , , , , , , , , , , , , , , , , , , , , , , , , , , , , , , , , , , , , , , , , , , , , , 
0.15, 18.38, , , 74.97, , 0.709, , 8.938, 8.938, , 18.681, 18.681, 18.681, , , , , 7.377, 13.666, 0, 0, 2.253, 2.283, 2.253, 2.283, 1, 45.822, 45.822, 0.024, 0.133, , , , , 4.788, 7.377, 13.666, , , 1, 0.15, , , , , , , , , , , , , , , , , , , , , , , , , , , , , , , , , , , , , , , , , , , , , , , , , , , , , , , , , , , , , , , , 
0.2, 18.38, , , 74.971, , 0.747, , 15.479, 15.479, 2.386, 19.592, 19.592, 19.592, , , , , 7.377, 13.702, 0, 0, 2.366, 2.397, 2.366, 2.397, 1, 45.876, 45.876, 0.024, 0.133, 4.969, 5.032, 4.969, 5.032, 4.771, 7.377, 13.702, , , 1, 0.199, 0, 0, 14.5, 2.386, 205, 0, 0, 0, 52.02, 3.93, 3.91, 129.2, 30.96, 100, 0, 0, 28.5, 28.5, 5, 0.76, 88.97, 0, 0, 97.46, 45.98, 0, 0, 0, 0, 0, 14, 0, 14.5, 0, 2.386, 205, 0, 0, 0, 52.02, 1, 0.004, 0.004, 129.2, 30.96, 100, 0, 0, 141, 28.5, 28.5, 5, 0.76, 0, 88.97, 0, 0, 97.46, 45.98, 0, 0, 0, 0, 
0.25, 18.38, , , 74.971, , 0.779, , 21.32, 21.32, 2.388, 20.358, 20.358, 20.358, , , , , 7.377, 13.721, 0, 0, 2.461, 2.494, 2.461, 2.494, 1, 45.932, 45.932, 0.024, 0.133, 5.406, 5.473, 5.406, 5.473, 4.755, 7.377, 13.721, , , 1, 0.346, 0, 0, 14.5, 2.388, 205, 0, 0, 0, 52.219, 3.93, 3.91, 129.2, 30.96, 100, 0, 0, 28.5, 28.5, 5, 0.76, 88.671, 0, 0, 97.062, 45.98, 0, 0, 0, 0, 0, 14, 0, 14.5, 0, 2.388, 205, 0, 0, 0, 52.219, 1, 0.004, 0.004, 129.2, 30.96, 100, 0, 0, 141, 28.5, 28.5, 5, 0.76, 0, 88.671, 0, 0, 97.062, 45.98, 0, 0, 0, 0, 
0.3, 18.38, , , 74.972, , 0.805, , 26.153, 26.153, 2.391, 20.972, 20.972, 20.972, 52.094, , 35.393, 35.06, 7.377, 13.726, 0, 0, 2.537, 2.573, 2.537, 2.573, 1, 45.975, 45.975, 0.024, 0.133, 5.569, 5.638, 5.569, 5.638, 4.754, 7.377, 13.726, , , 1, 0.401, 0, 0, 14.5, 2.391, 205, 0, 0, 0, 52.418, 3.93, 3.91, 129.2, 30.96, 100, 0, 0, 28.5, 28.5, 5, 0.76, 88.373, 0, 0, 96.663, 45.98, 0, 0, 0, 0, 0, 14, 0, 14.5, 0, 2.391, 205, 0, 0, 0, 52.418, 1, 0.004, 0.004, 129.2, 30.96, 100, 0, 0, 141, 28.5, 28.5, 5, 0.76, 0, 88.373, 0, 0, 96.663, 45.98, 0, 0, 0, 0, 
0.35, 18.38, , , 74.972, , 0.909, , 29.488, 29.488, 2.393, 23.429, 23.429, 23.429, 52.104, , 35.358, 35.06, 7.377, 13.72, 0, 0, 2.837, 2.876, 2.837, 2.876, 1, 46.018, 46.018, 0.024, 0.134, 6.223, 6.298, 6.223, 6.298, 4.756, 7.377, 13.72, , , 1, 0.451, 0, 0, 14.5, 2.393, 205, 0, 0, 0, 52.618, 3.93, 3.91, 129.2, 30.96, 100, 0, 0, 28.5, 28.5, 5, 0.76, 88.074, 0, 0, 96.265, 45.98, 0, 0, 0, 0, 0, 14, 0, 14.5, 0, 2.393, 205, 0, 0, 0, 52.618, 1, 0.004, 0.004, 129.2, 30.96, 100, 0, 0, 141, 28.5, 28.5, 5, 0.76, 0, 88.074, 0, 0, 96.265, 45.98, 0, 0, 0, 0, 
0.4, 18.38, , , 74.972, , 0.866, , 32.86, 32.86, 2.395, 22.42, 22.42, 22.42, 52.089, , 35.322, 35.06, 7.377, 13.707, 0, 0, 2.718, 2.755, 2.718, 2.755, 1, 46.064, 46.064, 0.024, 0.134, 5.955, 6.028, 5.955, 6.028, 4.758, 7.377, 13.707, , , 1, 0.501, 0, 0, 14.5, 2.395, 205, 0, 0, 0, 52.817, 3.93, 3.91, 129.2, 30.96, 100, 0, 0, 28.5, 28.5, 5, 0.76, 87.775, 0, 0, 95.867, 45.98, 0, 0, 0, 0, 0, 14, 0, 14.5, 0, 2.395, 205, 0, 0, 0, 52.817, 1, 0.004, 0.004, 129.2, 30.96, 100, 0, 0, 141, 28.5, 28.5, 5, 0.76, 0, 87.775, 0, 0, 95.867, 45.98, 0, 0, 0, 0, 
0.45, 18.38, , , 74.973, , 0.799, , 36.244, 36.244, 2.397, 20.842, 20.842, 20.842, 52.077, , 35.287, 35.06, 7.377, 13.693, 0, 0, 2.53, 2.564, 2.53, 2.564, 1, 46.104, 46.104, 0.024, 0.135, 5.537, 5.604, 5.537, 5.604, 4.759, 7.377, 13.693, , , 1, 0.551, 0, 0, 14.5, 2.397, 205, 0, 0, 0, 52.992, 3.928, 3.909, 129.2, 30.953, 100, 0, 0, 28.504, 28.504, 5, 0.76, 87.5, 0, 0, 95.492, 45.99, 0, 0, 0, 0, 0, 14, 0, 14.5, 0, 2.397, 205, 0, 0, 0, 52.992, 1, 0.004, 0.004, 129.2, 30.953, 100, 0, 0, 141, 28.504, 28.504, 5, 0.76, 0, 87.5, 0, 0, 95.492, 45.99, 0, 0, 0, 0, 
0.5, 18.38, , , 74.973, , 0.781, , 39.628, 39.628, 2.399, 20.416, 20.416, 20.416, 52.072, , 35.251, 35.06, 7.377, 13.679, 0, 0, 2.481, 2.514, 2.481, 2.514, 1, 46.144, 46.144, 0.024, 0.135, 5.425, 5.49, 5.425, 5.49, 4.759, 7.377, 13.679, , , 1, 0.602, 0, 0, 14.5, 2.399, 205, 0, 0, 0, 52.892, 3.908, 3.899, 129.2, 30.881, 100, 0, 0, 28.554, 28.554, 5, 0.756, 87.5, 0, 0, 95.392, 46.114, 0, 0, 0, 0, 0, 14, 0, 14.5, 0, 2.399, 205, 0, 0, 0, 52.892, 1, 0.004, 0.004, 129.2, 30.881, 100, 0, 0, 141, 28.554, 28.554, 5, 0.756, 0, 87.5, 0, 0, 95.392, 46.114, 0, 0, 0, 0, 
0.55, 18.38, , , 74.973, , 0.735, , 42.964, 42.964, 2.401, 19.309, 19.309, 19.309, 52.076, , 35.29, 35.21, 7.377, 13.667, 0, 0, 2.349, 2.378, 2.349, 2.378, 1, 46.183, 46.183, 0.024, 0.135, 5.131, 5.193, 5.131, 5.193, 4.758, 7.377, 13.667, , , 1, 0.651, 0, 0, 14.5, 2.401, 205, 0, 0, 0, 52.792, 3.888, 3.889, 129.2, 30.809, 100, 0, 0, 28.604, 28.604, 5, 0.752, 87.5, 0, 0, 95.291, 46.238, 0, 0, 0, 0, 0, 14, 0, 14.5, 0, 2.401, 205, 0, 0, 0, 52.792, 1, 0.004, 0.004, 129.2, 30.809, 100, 0, 0, 141, 28.604, 28.604, 5, 0.752, 0, 87.5, 0, 0, 95.291, 46.238, 0, 0, 0, 0, 
0.6, 18.38, , , 74.974, , 0.688, , 46.328, 46.328, 2.403, 18.186, 18.186, 18.186, 52.089, , 35.363, 35.43, 7.378, 13.659, 0, 0, 2.215, 2.241, 2.215, 2.241, 1, 46.219, 46.219, 0.024, 0.134, 4.832, 4.89, 4.832, 4.89, 4.757, 7.378, 13.659, , , 1, 0.7, 0, 0, 14.5, 2.403, 205, 0, 0, 0, 52.692, 3.868, 3.879, 129.2, 30.737, 100, 0, 0, 28.654, 28.654, 5, 0.748, 87.5, 0, 0, 95.191, 46.362, 0, 0, 0, 0, 0, 14, 0, 14.5, 0, 2.403, 205, 0, 0, 0, 52.692, 1, 0.004, 0.004, 129.2, 30.737, 100, 0, 0, 141, 28.654, 28.654, 5, 0.748, 0, 87.5, 0, 0, 95.191, 46.362, 0, 0, 0, 0, 
0.65, 18.38, , , 74.974, , 0.654, , 49.712, 49.712, 2.404, 17.4, 17.4, 17.4, 52.113, , 35.437, 35.651, 7.379, 13.654, 0, 0, 2.121, 2.146, 2.121, 2.146, 1, 46.252, 46.252, 0.024, 0.134, 4.622, 4.677, 4.622, 4.677, 4.755, 7.379, 13.654, , , 1, 0.751, 0, 0, 14.5, 2.404, 205, 0, 0, 0, 52.592, 3.848, 3.869, 129.2, 30.665, 100, 0, 0, 28.704, 28.704, 5, 0.744, 87.5, 0, 0, 95.09, 46.486, 0, 0, 0, 0, 0, 14, 0, 14.5, 0, 2.404, 205, 0, 0, 0, 52.592, 1, 0.004, 0.004, 129.2, 30.665, 100, 0, 0, 141, 28.704, 28.704, 5, 0.744, 0, 87.5, 0, 0, 95.09, 46.486, 0, 0, 0, 0, 
0.7, 18.38, , , 74.975, , 0.678, , 53.096, 53.096, 2.406, 17.96, 17.96, 17.96, 52.138, , 35.51, 35.871, 7.38, 13.653, 0, 0, 2.189, 2.216, 2.189, 2.216, 1, 46.285, 46.285, 0.024, 0.134, 4.769, 4.826, 4.769, 4.826, 4.759, 7.38, 13.653, , , 1, 0.801, 0, 0, 14.5, 2.406, 205, 0, 0, 0, 52.492, 3.83, 3.86, 129.2, 30.604, 100, 0, 0, 28.754, 28.754, 5, 0.74, 87.5, 0, 0, 95, 46.6, 0, 0, 0, 0, 0, 14, 0, 14.5, 0, 2.406, 205, 0, 0, 0, 52.492, 1, 0.004, 0.004, 129.2, 30.604, 100, 0, 0, 141, 28.754, 28.754, 5, 0.74, 0, 87.5, 0, 0, 95, 46.6, 0, 0, 0, 0, 
0.75, 18.38, , , 74.975, , 0.565, , 56.521, 56.521, 2.409, 15.27, 15.27, 15.27, 52.162, , 35.584, 36.092, 7.382, 13.657, 0, 0, 1.862, 1.885, 1.862, 1.885, 1, 46.318, 46.318, 0.024, 0.134, 4.053, 4.101, 4.053, 4.101, 4.766, 7.382, 13.657, , , 1, 0.85, 0, 0, 14.5, 2.409, 205, 0, 0, 0, 52.388, 3.829, 3.856, 129.2, 30.641, 100, 0, 0, 28.806, 28.806, 5, 0.742, 87.5, 0, 0, 95, 46.6, 0, 0, 0, 0, 0, 14, 0, 14.5, 0, 2.409, 205, 0, 0, 0, 52.388, 1, 0.004, 0.004, 129.2, 30.641, 100, 0, 0, 141, 28.806, 28.806, 5, 0.742, 0, 87.5, 0, 0, 95, 46.6, 0, 0, 0, 0, 
0.8, 18.38, , , 74.975, , 0.49, , 59.932, 59.932, 2.412, 13.5, 13.5, 13.5, 52.177, , 35.432, 35.972, 7.385, 13.667, 0, 0, 1.648, 1.668, 1.648, 1.668, 1, 46.342, 46.342, 0.024, 0.134, 3.582, 3.624, 3.582, 3.624, 4.773, 7.385, 13.667, , , 1, 0.901, 0, 0, 14.5, 2.412, 205, 0, 0, 0, 52.283, 3.828, 3.851, 129.2, 30.678, 100, 0, 0, 28.858, 28.858, 5, 0.744, 87.5, 0, 0, 95, 46.6, 0, 0, 0, 0, 0, 14, 0, 14.5, 0, 2.412, 205, 0, 0, 0, 52.283, 1, 0.004, 0.004, 129.2, 30.678, 100, 0, 0, 141, 28.858, 28.858, 5, 0.744, 0, 87.5, 0, 0, 95, 46.6, 0, 0, 0, 0, 
0.85, 18.38, , , 74.976, , 0.497, , 63.316, 63.316, 2.414, 13.66, 13.66, 13.66, 52.172, , 35.216, 35.756, 7.387, 13.676, 0, 0, 1.668, 1.691, 1.668, 1.691, 1, 46.365, 46.365, 0.024, 0.133, 3.623, 3.666, 3.623, 3.666, 4.78, 7.387, 13.676, , , 1, 0.951, 0, 0, 14.5, 2.414, 205, 0, 0, 0, 52.179, 3.827, 3.847, 129.2, 30.716, 100, 0, 0, 28.91, 28.91, 5, 0.746, 87.5, 0, 0, 95, 46.6, 0, 0, 0, 0, 0, 14, 0, 14.5, 0, 2.414, 205, 0, 0, 0, 52.179, 1, 0.004, 0.004, 129.2, 30.716, 100, 0, 0, 141, 28.91, 28.91, 5, 0.746, 0, 87.5, 0, 0, 95, 46.6, 0, 0, 0, 0, 
0.9, 18.38, , , 74.976, , 0.563, , 66.7, 66.7, 2.417, 15.225, 15.225, 15.225, 52.15, , 35, 35.54, 7.388, 13.685, 0, 0, 1.86, 1.886, 1.86, 1.886, 1, 46.391, 46.391, 0.024, 0.133, 4.042, 4.09, 4.042, 4.09, 4.788, 7.388, 13.685, , , 1, 1, 0, 0, 14.5, 2.417, 205, 0, 0, 0, 52.075, 3.826, 3.843, 129.2, 30.753, 100, 0, 0, 28.962, 28.962, 5, 0.748, 87.5, 0, 0, 95, 46.6, 0, 0, 0, 0, 0, 14, 0, 14.5, 0, 2.417, 205, 0, 0, 0, 52.075, 1, 0.004, 0.004, 129.2, 30.753, 100, 0, 0, 141, 28.962, 28.962, 5, 0.748, 0, 87.5, 0, 0, 95, 46.6, 0, 0, 0, 0, 
0.95, 18.38, , , 74.976, , 0.64, , 70.084, 70.084, 2.419, 17.066, 17.066, 17.066, 52.109, , 34.784, 35.324, 7.388, 13.692, 0, 0, 2.087, 2.116, 2.087, 2.116, 1, 46.421, 46.421, 0.024, 0.133, 4.535, 4.59, 4.535, 4.59, 4.796, 7.388, 13.692, , , 1, 1.051, 0, 0, 14.5, 2.419, 205, 0, 0, 0, 52, 3.825, 3.842, 129.2, 30.791, 100, 0, 0, 29, 29, 5, 0.749, 87.5, 0, 0, 95, 46.6, 0, 0, 0, 0, 0, 14, 0, 14.5, 0, 2.419, 205, 0, 0, 0, 52, 1, 0.004, 0.004, 129.2, 30.791, 100, 0, 0, 141, 29, 29, 5, 0.749, 0, 87.5, 0, 0, 95, 46.6, 0, 0, 0, 0, 
1, 18.38, 100.3, 74.17, 74.977, , 0.732, 0.988, 73.484, 73.484, 2.418, 19.256, 19.256, 19.256, 52.062, , 34.568, 35.108, 7.387, 13.696, 0, 0, 2.358, 2.389, 2.358, 2.389, 1, 46.455, 46.455, 0.024, 0.133, 5.121, 5.184, 5.121, 5.184, 4.804, 7.387, 13.696, , , 1, 1.101, 0, 0, 14.5, 2.418, 205, 0, 0, 0, 52, 3.824, 3.848, 129.2, 30.828, 100, 0, 0, 29, 29, 5, 0.747, 87.5, 0, 0, 95, 46.6, 0, 0, 0, 0, 0, 14, 0, 14.5, 0, 2.418, 205, 0, 0, 0, 52, 1, 0.004, 0.004, 129.2, 30.828, 100, 0, 0, 141, 29, 29, 5, 0.747, 0, 87.5, 0, 0, 95, 46.6, 0, 0, 0, 0, 
1.05, 18.38, 100.3, 74.17, 74.977, , 0.845, 0.988, 76.917, 76.917, 2.418, 21.938, 21.938, 21.938, 52.026, , 34.801, 35.285, 7.385, 13.698, 0, 0, 2.687, 2.722, 2.687, 2.722, 1, 46.495, 46.495, 0.024, 0.133, 5.836, 5.909, 5.836, 5.909, 4.812, 7.385, 13.698, , , 1, 1.151, 0, 0, 14.5, 2.418, 205, 0, 0, 0, 52, 3.823, 3.854, 129.2, 30.866, 100, 0, 0, 29, 29, 5, 0.745, 87.5, 0, 0, 95, 46.6, 0, 0, 0, 0, 0, 14, 0, 14.5, 0, 2.418, 205, 0, 0, 0, 52, 1, 0.004, 0.004, 129.2, 30.866, 100, 0, 0, 141, 29, 29, 5, 0.745, 0, 87.5, 0, 0, 95, 46.6, 0, 0, 0, 0, 
1.1, 18.38, 100.3, 74.17, 74.978, , 0.879, 0.988, 80.305, 80.305, 2.417, 22.742, 22.742, 22.742, 52.003, , 35.161, 35.573, 7.383, 13.696, 0, 0, 2.787, 2.822, 2.787, 2.822, 1, 46.539, 46.539, 0.024, 0.133, 6.051, 6.127, 6.051, 6.127, 4.817, 7.383, 13.696, , , 1, 1.201, 0, 0, 14.5, 2.417, 205, 0, 0, 0, 52, 3.822, 3.86, 129.2, 30.904, 100, 0, 0, 29, 29, 5, 0.743, 87.5, 0, 0, 95, 46.6, 0, 0, 0, 0, 0, 14, 0, 14.5, 0, 2.417, 205, 0, 0, 0, 52, 1, 0.004, 0.004, 129.2, 30.904, 100, 0, 0, 141, 29, 29, 5, 0.743, 0, 87.5, 0, 0, 95, 46.6, 0, 0, 0, 0, 
1.15, 18.38, 100.3, 74.17, 74.978, , 0.837, 0.988, 83.689, 83.689, 2.416, 21.749, 21.749, 21.749, 51.996, , 35.521, 35.861, 7.381, 13.696, 0, 0, 2.667, 2.7, 2.667, 2.7, 1, 46.585, 46.585, 0.024, 0.134, 5.787, 5.86, 5.787, 5.86, 4.812, 7.381, 13.696, , , 1, 1.25, 0, 0, 14.5, 2.416, 205, 0, 0, 0, 52, 3.821, 3.867, 129.2, 30.941, 100, 0, 0, 29, 29, 5, 0.741, 87.5, 0, 0, 95, 46.6, 0, 0, 0, 0, 0, 14, 0, 14.5, 0, 2.416, 205, 0, 0, 0, 52, 1, 0.004, 0.004, 129.2, 30.941, 100, 0, 0, 141, 29, 29, 5, 0.741, 0, 87.5, 0, 0, 95, 46.6, 0, 0, 0, 0, 
1.2, 18.38, 100.3, 74.17, 74.978, , 0.743, 0.988, 87.083, 87.083, 2.418, 19.507, 19.507, 19.507, 52.018, , 35.881, 36.149, 7.379, 13.701, 0, 0, 2.394, 2.424, 2.394, 2.424, 1, 46.624, 46.624, 0.024, 0.134, 5.19, 5.256, 5.19, 5.256, 4.807, 7.379, 13.701, , , 1, 1.3, 0, 0, 14.5, 2.418, 205, 0, 0, 0, 52.096, 3.819, 3.865, 129.2, 30.887, 100, 0, 0, 28.952, 28.952, 5, 0.742, 87.55, 0, 0, 95.15, 46.66, 0, 0, 0, 0, 0, 14, 0, 14.5, 0, 2.418, 205, 0, 0, 0, 52.096, 1, 0.004, 0.004, 129.2, 30.887, 100, 0, 0, 141, 28.952, 28.952, 5, 0.742, 0, 87.55, 0, 0, 95.15, 46.66, 0, 0, 0, 0, 
1.25, 18.38, 100.3, 74.17, 74.979, , 0.648, 0.988, 90.517, 90.517, 2.421, 17.255, 17.255, 17.255, 52.046, , 36.241, 36.437, 7.378, 13.706, 0, 0, 2.119, 2.145, 2.119, 2.145, 1, 46.66, 46.66, 0.024, 0.134, 4.587, 4.645, 4.587, 4.645, 4.801, 7.378, 13.706, , , 1, 1.351, 0, 0, 14.5, 2.421, 205, 0, 0, 0, 52.297, 3.817, 3.855, 129.2, 30.741, 100, 0, 0, 28.851, 28.851, 5, 0.746, 87.65, 0, 0, 95.45, 46.784, 0, 0, 0, 0, 0, 14, 0, 14.5, 0, 2.421, 205, 0, 0, 0, 52.297, 1, 0.004, 0.004, 129.2, 30.741, 100, 0, 0, 141, 28.851, 28.851, 5, 0.746, 0, 87.65, 0, 0, 95.45, 46.784, 0, 0, 0, 0, 
1.3, 18.38, 100.3, 74.17, 74.979, , 0.606, 0.988, 93.95, 93.95, 2.425, 16.268, 16.268, 16.268, 52.076, , 36.187, 36.407, 7.377, 13.711, 0, 0, 1.999, 2.024, 1.999, 2.024, 1, 46.692, 46.692, 0.024, 0.135, 4.322, 4.376, 4.322, 4.376, 4.795, 7.377, 13.711, , , 1, 1.401, 0, 0, 14.5, 2.425, 205, 0, 0, 0, 52.498, 3.815, 3.845, 129.2, 30.595, 100, 0, 0, 28.751, 28.751, 5, 0.75, 87.75, 0, 0, 95.75, 46.908, 0, 0, 0, 0, 0, 14, 0, 14.5, 0, 2.425, 205, 0, 0, 0, 52.498, 1, 0.004, 0.004, 129.2, 30.595, 100, 0, 0, 141, 28.751, 28.751, 5, 0.75, 0, 87.75, 0, 0, 95.75, 46.908, 0, 0, 0, 0, 
1.35, 18.38, 100.3, 74.17, 74.98, , 0.593, 0.988, 97.36, 97.36, 2.429, 15.952, 15.952, 15.952, 52.098, , 36.015, 36.287, 7.377, 13.713, 0, 0, 1.962, 1.988, 1.962, 1.988, 1, 46.722, 46.722, 0.024, 0.135, 4.236, 4.288, 4.236, 4.288, 4.784, 7.377, 13.713, , , 1, 1.451, 0, 0, 14.5, 2.429, 205, 0, 0, 0, 52.699, 3.813, 3.835, 129.2, 30.449, 100, 0, 0, 28.651, 28.651, 5, 0.754, 87.85, 0, 0, 96.05, 47.032, 0, 0, 0, 0, 0, 14, 0, 14.5, 0, 2.429, 205, 0, 0, 0, 52.699, 1, 0.004, 0.004, 129.2, 30.449, 100, 0, 0, 141, 28.651, 28.651, 5, 0.754, 0, 87.85, 0, 0, 96.05, 47.032, 0, 0, 0, 0, 
1.4, 18.38, 100.3, 74.17, 74.98, , 0.599, 0.988, 100.749, 100.749, 2.432, 16.094, 16.094, 16.094, 52.113, , 35.844, 36.167, 7.377, 13.712, 0, 0, 1.981, 2.008, 1.981, 2.008, 1, 46.751, 46.751, 0.024, 0.135, 4.272, 4.324, 4.272, 4.324, 4.773, 7.377, 13.712, , , 1, 1.501, 0, 0, 14.5, 2.432, 205, 0, 0, 0, 52.9, 3.811, 3.825, 129.2, 30.303, 100, 0, 0, 28.55, 28.55, 5, 0.758, 87.95, 0, 0, 96.35, 47.156, 0, 0, 0, 0, 0, 14, 0, 14.5, 0, 2.432, 205, 0, 0, 0, 52.9, 1, 0.004, 0.004, 129.2, 30.303, 100, 0, 0, 141, 28.55, 28.55, 5, 0.758, 0, 87.95, 0, 0, 96.35, 47.156, 0, 0, 0, 0, 
1.45, 18.38, 100.3, 74.17, 74.981, , 0.602, 0.988, 104.183, 104.183, 2.435, 16.156, 16.156, 16.156, 52.121, , 35.673, 36.047, 7.377, 13.709, 0, 0, 1.99, 2.018, 1.99, 2.018, 1, 46.78, 46.78, 0.024, 0.135, 4.288, 4.341, 4.288, 4.341, 4.762, 7.377, 13.709, , , 1, 1.551, 0, 0, 14.5, 2.435, 205, 0, 0, 0, 53, 3.809, 3.818, 129.2, 30.23, 100, 0, 0, 28.55, 28.55, 5, 0.758, 88, 0, 0, 96.45, 47.22, 0, 0, 0, 0, 0, 14, 0, 14.5, 0, 2.435, 205, 0, 0, 0, 53, 1, 0.004, 0.004, 129.2, 30.23, 100, 0, 0, 141, 28.55, 28.55, 5, 0.758, 0, 88, 0, 0, 96.45, 47.22, 0, 0, 0, 0, 
1.5, 18.38, 100.3, 74.17, 74.981, , 0.648, 0.988, 107.617, 107.617, 2.438, 17.266, 17.266, 17.266, 52.123, , 35.502, 35.927, 7.378, 13.704, 0, 0, 2.129, 2.159, 2.129, 2.159, 1, 46.809, 46.809, 0.024, 0.135, 4.584, 4.639, 4.584, 4.639, 4.751, 7.378, 13.704, , , 1, 1.601, 0, 0, 14.5, 2.438, 205, 0, 0, 0, 53, 3.806, 3.814, 129.2, 30.23, 100, 0, 0, 28.649, 28.649, 5, 0.754, 88, 0, 0, 96.35, 47.22, 0, 0, 0, 0, 0, 14, 0, 14.5, 0, 2.438, 205, 0, 0, 0, 53, 1, 0.004, 0.004, 129.2, 30.23, 100, 0, 0, 141, 28.649, 28.649, 5, 0.754, 0, 88, 0, 0, 96.35, 47.22, 0, 0, 0, 0, 
1.55, 18.38, 100.3, 74.17, 74.982, , 0.721, 0.988, 111.051, 111.051, 2.441, 18.993, 18.993, 18.993, 52.124, , 35.42, 35.782, 7.378, 13.701, 0, 0, 2.343, 2.377, 2.343, 2.377, 1, 46.843, 46.843, 0.024, 0.135, 5.043, 5.103, 5.043, 5.103, 4.749, 7.378, 13.701, , , 1, 1.651, 0, 0, 14.5, 2.441, 205, 0, 0, 0, 53, 3.803, 3.81, 129.2, 30.23, 100, 0, 0, 28.749, 28.749, 5, 0.75, 88, 0, 0, 96.25, 47.22, 0, 0, 0, 0, 0, 14, 0, 14.5, 0, 2.441, 205, 0, 0, 0, 53, 1, 0.004, 0.004, 129.2, 30.23, 100, 0, 0, 141, 28.749, 28.749, 5, 0.75, 0, 88, 0, 0, 96.25, 47.22, 0, 0, 0, 0, 
1.6, 18.38, 100.3, 74.17, 74.983, , 0.81, 0.988, 114.485, 114.485, 2.443, 21.099, 21.099, 21.099, 52.124, , 35.42, 35.611, 7.379, 13.703, 0, 0, 2.604, 2.642, 2.604, 2.642, 1, 46.881, 46.881, 0.024, 0.135, 5.601, 5.669, 5.601, 5.669, 4.747, 7.379, 13.703, , , 1, 1.701, 0, 0, 14.5, 2.443, 205, 0, 0, 0, 53, 3.8, 3.806, 129.2, 30.23, 100, 0, 0, 28.849, 28.849, 5, 0.746, 88, 0, 0, 96.15, 47.22, 0, 0, 0, 0, 0, 14, 0, 14.5, 0, 2.443, 205, 0, 0, 0, 53, 1, 0.004, 0.004, 129.2, 30.23, 100, 0, 0, 141, 28.849, 28.849, 5, 0.746, 0, 88, 0, 0, 96.15, 47.22, 0, 0, 0, 0, 
1.65, 18.38, 100.3, 74.17, 74.984, , 0.839, 0.988, 117.918, 117.918, 2.446, 21.805, 21.805, 21.805, 52.122, , 35.42, 35.441, 7.379, 13.708, 0, 0, 2.694, 2.732, 2.694, 2.732, 1, 46.922, 46.922, 0.024, 0.135, 5.789, 5.858, 5.789, 5.858, 4.746, 7.379, 13.708, , , 1, 1.751, 0, 0, 14.5, 2.446, 205, 0, 0, 0, 53, 3.797, 3.802, 129.2, 30.23, 100, 0, 0, 28.948, 28.948, 5, 0.742, 88, 0, 0, 96.05, 47.22, 0, 0, 0, 0, 0, 14, 0, 14.5, 0, 2.446, 205, 0, 0, 0, 53, 1, 0.004, 0.004, 129.2, 30.23, 100, 0, 0, 141, 28.948, 28.948, 5, 0.742, 0, 88, 0, 0, 96.05, 47.22, 0, 0, 0, 0, 
1.7, 18.38, 100.3, 74.17, 74.984, , 0.895, 0.988, 121.352, 121.352, 2.449, 23.136, 23.136, 23.136, 52.122, , 35.42, 35.271, 7.381, 13.722, 0, 0, 2.862, 2.901, 2.862, 2.901, 1, 46.964, 46.964, 0.024, 0.135, 6.141, 6.215, 6.141, 6.215, 4.744, 7.381, 13.722, , , 1, 1.801, 0, 0, 14.5, 2.449, 205, 0, 0, 0, 53, 3.791, 3.796, 129.2, 30.21, 100, 0, 0, 29, 29.026, 5, 0.74, 87.973, 0, 0, 95.891, 47.22, 0, 0, 0, 0, 0, 14, 0, 14.5, 0, 2.449, 205, 0, 0, 0, 53, 1, 0.004, 0.004, 129.2, 30.21, 100, 0, 0, 141, 29, 29.026, 5, 0.74, 0, 87.973, 0, 0, 95.891, 47.22, 0, 0, 0, 0, 
1.75, 18.38, 100.3, 74.17, 74.985, , 0.943, 0.988, 124.786, 124.786, 2.451, 24.257, 24.257, 24.257, 52.122, , 35.42, 35.101, 7.382, 13.736, 0, 0, 3.004, 3.044, 3.004, 3.044, 1, 47.012, 47.012, 0.024, 0.135, 6.438, 6.516, 6.438, 6.516, 4.758, 7.382, 13.736, , , 1, 1.851, 0, 0, 14.5, 2.451, 205, 0, 0, 0, 53, 3.784, 3.789, 129.2, 30.17, 100, 0, 0, 29, 29.08, 5, 0.74, 87.918, 0, 0, 95.674, 47.22, 0, 0, 0, 0, 0, 14, 0, 14.5, 0, 2.451, 205, 0, 0, 0, 53, 1, 0.004, 0.004, 129.2, 30.17, 100, 0, 0, 141, 29, 29.081, 5, 0.74, 0, 87.918, 0, 0, 95.674, 47.22, 0, 0, 0, 0, 
1.8, 18.38, 100.3, 74.17, 74.986, , 0.938, 0.988, 128.22, 128.22, 2.453, 24.14, 24.14, 24.14, 52.121, , 35.557, 35.115, 7.382, 13.752, 0, 0, 2.993, 3.031, 2.993, 3.031, 1, 47.06, 47.06, 0.024, 0.135, 6.407, 6.484, 6.407, 6.484, 4.777, 7.382, 13.752, , , 1, 1.901, 0, 0, 14.5, 2.453, 205, 0, 0, 0, 53, 3.776, 3.781, 129.2, 30.129, 100, 0, 0, 29, 29.135, 5, 0.74, 87.864, 0, 0, 95.457, 47.22, 0, 0, 0, 0, 0, 14, 0, 14.5, 0, 2.453, 205, 0, 0, 0, 53, 1, 0.004, 0.004, 129.2, 30.129, 100, 0, 0, 141, 29, 29.135, 5, 0.74, 0, 87.864, 0, 0, 95.457, 47.22, 0, 0, 0, 0, 
1.85, 18.38, 100.3, 74.17, 74.987, , 0.858, 0.988, 131.654, 131.654, 2.456, 22.246, 22.246, 22.246, 52.121, , 35.738, 35.187, 7.382, 13.765, 0, 0, 2.761, 2.795, 2.761, 2.795, 1, 47.106, 47.106, 0.024, 0.135, 5.904, 5.974, 5.904, 5.974, 4.797, 7.382, 13.765, , , 1, 1.951, 0, 0, 14.5, 2.456, 205, 0, 0, 0, 53, 3.769, 3.774, 129.2, 30.089, 100, 0, 0, 29, 29.189, 5, 0.74, 87.81, 0, 0, 95.239, 47.22, 0, 0, 0, 0, 0, 14, 0, 14.5, 0, 2.456, 205, 0, 0, 0, 53, 1, 0.004, 0.004, 129.2, 30.089, 100, 0, 0, 141, 29, 29.19, 5, 0.74, 0, 87.81, 0, 0, 95.239, 47.22, 0, 0, 0, 0, 
1.9, 18.38, 100.3, 74.17, 74.987, , 0.777, 0.988, 135.117, 135.117, 2.458, 20.33, 20.33, 20.33, 52.127, 96.463, 35.919, 35.26, 7.382, 13.772, 0, 0, 2.525, 2.556, 2.525, 2.556, 1, 47.146, 47.146, 0.024, 0.134, 5.395, 5.46, 5.395, 5.46, 4.816, 7.382, 13.772, , , 1, 2.001, 0, 0, 14.5, 2.458, 205, 0, 0, 0, 53, 3.761, 3.766, 129.2, 30.049, 100, 0, 0, 29, 29.243, 5, 0.74, 87.755, 0, 0, 95.022, 47.22, 0, 0, 0, 0, 0, 14, 0, 14.5, 0, 2.458, 205, 0, 0, 0, 53, 1, 0.004, 0.004, 129.2, 30.049, 100, 0, 0, 141, 29, 29.245, 5, 0.74, 0, 87.755, 0, 0, 95.022, 47.22, 0, 0, 0, 0, 
1.95, 18.38, 100.3, 74.17, 74.988, , 0.71, 0.988, 138.59, 138.59, 2.46, 18.741, 18.741, 18.741, 52.133, 92.717, 36.1, 35.332, 7.382, 13.777, 0, 0, 2.33, 2.357, 2.33, 2.357, 1, 47.184, 47.184, 0.024, 0.134, 4.974, 5.033, 4.974, 5.033, 4.823, 7.382, 13.777, , , 1, 2.05, 0, 0, 14.5, 2.46, 205, 0, 0, 0, 53, 3.752, 3.758, 129.2, 30.045, 100, 0, 0, 29.049, 29.298, 5, 0.742, 87.652, 0, 0, 94.951, 47.28, 0, 0, 0, 0, 0, 14, 0, 14.5, 0, 2.46, 205, 0, 0, 0, 53, 1, 0.004, 0.004, 129.2, 30.045, 100, 0, 0, 141, 29.049, 29.299, 5, 0.742, 0, 87.652, 0, 0, 94.951, 47.28, 0, 0, 0, 0, 
2, 18.38, 100.3, 74.17, 74.989, , 0.678, 0.988, 142.024, 142.024, 2.461, 17.972, 17.972, 17.972, 52.134, 88.971, 36.28, 35.404, 7.38, 13.778, 0, 0, 2.236, 2.261, 2.236, 2.261, 1, 47.219, 47.219, 0.024, 0.135, 4.769, 4.827, 4.769, 4.827, 4.819, 7.38, 13.778, , , 1, 2.1, 0, 0, 14.5, 2.461, 205, 0, 0, 0, 53, 3.744, 3.751, 129.2, 30.045, 100, 0, 0, 29.103, 29.353, 5, 0.744, 87.543, 0, 0, 94.897, 47.349, 0, 0, 0, 0, 0, 14, 0, 14.5, 0, 2.461, 205, 0, 0, 0, 53, 1, 0.004, 0.004, 129.2, 30.045, 100, 0, 0, 141, 29.103, 29.353, 5, 0.744, 0, 87.543, 0, 0, 94.897, 47.349, 0, 0, 0, 0, 
2.05, 18.38, 100.3, 74.17, 74.99, , 0.64, 0.988, 145.457, 145.457, 2.463, 17.092, 17.092, 17.092, 52.131, 85.224, 36.208, 35.56, 7.379, 13.78, 0, 0, 2.128, 2.153, 2.128, 2.153, 1, 47.251, 47.251, 0.024, 0.135, 4.536, 4.591, 4.536, 4.591, 4.815, 7.379, 13.78, , , 1, 2.151, 0, 0, 14.5, 2.463, 205, 0, 0, 0, 53, 3.735, 3.743, 129.2, 30.045, 100, 0, 0, 29.158, 29.407, 5, 0.746, 87.435, 0, 0, 94.842, 47.417, 0, 0, 0, 0, 0, 14, 0, 14.5, 0, 2.463, 205, 0, 0, 0, 53, 1, 0.004, 0.004, 129.2, 30.045, 100, 0, 0, 141, 29.158, 29.408, 5, 0.746, 0, 87.435, 0, 0, 94.842, 47.417, 0, 0, 0, 0, 
2.1, 18.38, 100.3, 74.17, 74.99, , 0.663, 0.988, 148.918, 148.918, 2.464, 17.633, 17.633, 17.633, 52.124, 81.478, 36.064, 35.74, 7.379, 13.787, 0, 0, 2.196, 2.223, 2.196, 2.223, 1, 47.281, 47.281, 0.024, 0.135, 4.681, 4.737, 4.681, 4.737, 4.811, 7.379, 13.787, , , 1, 2.201, 0, 0, 14.5, 2.464, 205, 0, 0, 0, 53, 3.726, 3.735, 129.2, 30.045, 100, 0, 0, 29.212, 29.462, 5, 0.748, 87.326, 0, 0, 94.788, 47.486, 0, 0, 0, 0, 0, 14, 0, 14.5, 0, 2.464, 205, 0, 0, 0, 53, 1, 0.004, 0.004, 129.2, 30.045, 100, 0, 0, 141, 29.212, 29.462, 5, 0.748, 0, 87.326, 0, 0, 94.788, 47.486, 0, 0, 0, 0, 
2.15, 18.38, 100.3, 74.17, 74.991, , 0.748, 0.988, 152.403, 152.403, 2.466, 19.633, 19.633, 19.633, 52.108, 77.732, 35.92, 35.92, 7.378, 13.795, 0, 0, 2.447, 2.478, 2.447, 2.478, 1, 47.317, 47.317, 0.024, 0.135, 5.213, 5.277, 5.213, 5.277, 4.801, 7.378, 13.795, , , 1, 2.251, 0, 0, 14.5, 2.466, 205, 0, 0, 0, 53, 3.719, 3.73, 129.2, 30.058, 100, 0, 0, 29.267, 29.5, 5, 0.751, 87.233, 0, 0, 94.801, 47.555, 0, 0, 0, 0, 0, 14, 0, 14.5, 0, 2.466, 205, 0, 0, 0, 53, 1, 0.004, 0.004, 129.2, 30.058, 100, 0, 0, 141, 29.267, 29.5, 5, 0.751, 0, 87.233, 0, 0, 94.801, 47.555, 0, 0, 0, 0, 
2.2, 18.38, 100.3, 74.17, 74.992, , 0.858, 0.988, 155.888, 155.888, 2.466, 22.247, 22.247, 22.247, 52.093, 73.986, 35.776, 36.1, 7.378, 13.813, 0, 0, 2.775, 2.812, 2.775, 2.812, 1, 47.356, 47.356, 0.024, 0.135, 5.909, 5.98, 5.909, 5.98, 4.776, 7.378, 13.813, , , 1, 2.301, 0, 0, 14.5, 2.466, 205, 0, 0, 0, 53, 3.714, 3.73, 129.2, 30.1, 100, 0, 0, 29.324, 29.5, 5, 0.753, 87.176, 0, 0, 94.972, 47.627, 0, 0, 0, 0, 0, 14, 0, 14.5, 0, 2.466, 205, 0, 0, 0, 53, 1, 0.004, 0.004, 129.2, 30.1, 100, 0, 0, 141, 29.324, 29.5, 5, 0.753, 0, 87.176, 0, 0, 94.972, 47.627, 0, 0, 0, 0, 
2.25, 18.38, 100.3, 74.17, 74.993, , 0.875, 0.988, 159.33, 159.33, 2.466, 22.653, 22.653, 22.653, 52.083, 70.24, 35.632, 36.28, 7.377, 13.831, 0, 0, 2.828, 2.865, 2.828, 2.865, 1, 47.4, 47.4, 0.024, 0.135, 6.017, 6.089, 6.017, 6.089, 4.752, 7.377, 13.831, , , 1, 2.351, 0, 0, 14.5, 2.466, 205, 0, 0, 0, 53, 3.71, 3.73, 129.2, 30.142, 100, 0, 0, 29.381, 29.5, 5, 0.755, 87.119, 0, 0, 95.142, 47.698, 0, 0, 0, 0, 0, 14, 0, 14.5, 0, 2.466, 205, 0, 0, 0, 53, 1, 0.004, 0.004, 129.2, 30.142, 100, 0, 0, 141, 29.381, 29.5, 5, 0.755, 0, 87.119, 0, 0, 95.142, 47.698, 0, 0, 0, 0, 
2.3, 18.38, 100.3, 74.17, 74.994, , 0.858, 0.988, 162.788, 162.788, 2.467, 22.247, 22.247, 22.247, 52.087, 66.494, 35.516, 36.236, 7.377, 13.849, 0, 0, 2.778, 2.815, 2.778, 2.815, 1, 47.444, 47.444, 0.024, 0.135, 5.908, 5.981, 5.908, 5.981, 4.727, 7.377, 13.849, , , 1, 2.401, 0, 0, 14.5, 2.467, 205, 0, 0, 0, 53, 3.705, 3.73, 129.2, 30.184, 100, 0, 0, 29.438, 29.5, 5, 0.757, 87.062, 0, 0, 95.312, 47.77, 0, 0, 0, 0, 0, 14, 0, 14.5, 0, 2.467, 205, 0, 0, 0, 53, 1, 0.004, 0.004, 129.2, 30.184, 100, 0, 0, 141, 29.438, 29.5, 5, 0.757, 0, 87.062, 0, 0, 95.312, 47.77, 0, 0, 0, 0, 
2.35, 18.38, 100.3, 74.17, 74.994, , 0.817, 0.988, 166.273, 166.273, 2.467, 21.278, 21.278, 21.278, 52.106, 62.748, 35.408, 36.128, 7.377, 13.865, 0, 0, 2.658, 2.693, 2.658, 2.693, 1, 47.487, 47.487, 0.024, 0.135, 5.649, 5.721, 5.649, 5.721, 4.707, 7.377, 13.865, , , 1, 2.451, 0, 0, 14.5, 2.467, 205, 0, 0, 0, 53, 3.7, 3.73, 129.2, 30.226, 100, 0, 0, 29.494, 29.5, 5, 0.76, 87.006, 0, 0, 95.483, 47.841, 0, 0, 0, 0, 0, 14, 0, 14.5, 0, 2.467, 205, 0, 0, 0, 53, 1, 0.004, 0.004, 129.2, 30.226, 100, 0, 0, 141, 29.494, 29.5, 5, 0.76, 0, 87.006, 0, 0, 95.483, 47.841, 0, 0, 0, 0, 
2.4, 18.38, 100.3, 74.17, 74.995, , 0.74, 0.988, 169.758, 169.758, 2.47, 19.444, 19.444, 19.444, 52.13, 59.002, 35.3, 36.02, 7.377, 13.868, 0, 0, 2.431, 2.461, 2.431, 2.461, 1, 47.526, 47.526, 0.024, 0.135, 5.16, 5.224, 5.16, 5.224, 4.715, 7.377, 13.868, , , 1, 2.501, 0, 0, 14.481, 2.47, 205, 0, 0, 0, 53, 3.713, 3.725, 129.2, 30.161, 100, 0, 0, 29.5, 29.5, 5, 0.756, 86.907, 0, 0, 95.221, 47.85, 0, 0, 0, 0, 0, 14, 0, 14.481, 0, 2.47, 205, 0, 0, 0, 53, 1, 0.004, 0.004, 129.2, 30.161, 100, 0, 0, 141, 29.5, 29.5, 5, 0.756, 0, 86.907, 0, 0, 95.221, 47.85, 0, 0, 0, 0, 
2.45, 18.38, 100.3, 74.17, 74.996, , 0.676, 0.988, 173.243, 173.243, 2.474, 17.93, 17.93, 17.93, 52.154, 55.256, 35.192, 35.912, 7.377, 13.869, 0, 0, 2.243, 2.27, 2.243, 2.27, 1, 47.561, 47.561, 0.024, 0.135, 4.757, 4.815, 4.757, 4.815, 4.722, 7.377, 13.869, , , 1, 2.551, 0, 0, 14.461, 2.474, 205, 0, 0, 0, 53, 3.727, 3.718, 129.2, 30.085, 100, 0, 0, 29.5, 29.5, 5, 0.752, 86.804, 0, 0, 94.911, 47.85, 0, 0, 0, 0, 0, 14, 0, 14.461, 0, 2.474, 205, 0, 0, 0, 53, 1, 0.004, 0.004, 129.2, 30.085, 100, 0, 0, 141, 29.5, 29.5, 5, 0.752, 0, 86.804, 0, 0, 94.911, 47.85, 0, 0, 0, 0, 
2.5, 18.38, 100.3, 74.17, 74.997, , 0.641, 0.988, 176.728, 176.728, 2.478, 17.099, 17.099, 17.099, 52.165, 51.509, 35.084, 35.804, 7.377, 13.855, 0, 0, 2.141, 2.166, 2.141, 2.166, 1, 47.593, 47.593, 0.024, 0.135, 4.535, 4.59, 4.535, 4.59, 4.73, 7.377, 13.855, , , 1, 2.601, 0, 0, 14.44, 2.478, 205, 0, 0, 0, 53, 3.742, 3.712, 129.2, 30.008, 100, 0, 0, 29.5, 29.5, 5, 0.748, 86.7, 0, 0, 94.601, 47.85, 0, 0, 0, 0, 0, 14, 0, 14.44, 0, 2.478, 205, 0, 0, 0, 53, 1, 0.004, 0.004, 129.2, 30.008, 100, 0, 0, 141, 29.5, 29.5, 5, 0.748, 0, 86.7, 0, 0, 94.601, 47.85, 0, 0, 0, 0, 
2.55, 18.38, 100.3, 74.17, 74.997, , 0.642, 0.988, 180.213, 180.213, 2.482, 17.127, 17.127, 17.127, 52.162, 47.763, 35.088, 35.836, 7.377, 13.84, 0, 0, 2.147, 2.172, 2.147, 2.172, 1, 47.625, 47.625, 0.024, 0.135, 4.543, 4.596, 4.543, 4.596, 4.738, 7.377, 13.84, , , 1, 2.651, 0, 0, 14.419, 2.482, 205, 0, 0, 0, 53, 3.756, 3.706, 129.2, 29.932, 100, 0, 0, 29.5, 29.5, 5, 0.744, 86.597, 0, 0, 94.291, 47.85, 0, 0, 0, 0, 0, 14, 0, 14.419, 0, 2.482, 205, 0, 0, 0, 53, 1, 0.004, 0.004, 129.2, 29.932, 100, 0, 0, 141, 29.5, 29.5, 5, 0.744, 0, 86.597, 0, 0, 94.291, 47.85, 0, 0, 0, 0, 
2.6, 18.38, 100.3, 74.17, 74.998, , 0.689, 0.988, 183.698, 183.698, 2.485, 18.244, 18.244, 18.244, 52.145, 44.017, 35.124, 35.908, 7.377, 13.823, 0, 0, 2.289, 2.316, 2.289, 2.316, 1, 47.657, 47.657, 0.024, 0.135, 4.842, 4.896, 4.842, 4.896, 4.766, 7.377, 13.823, , , 1, 2.701, 0, 0, 14.401, 2.485, 205, 0, 0, 0, 53, 3.769, 3.7, 129.2, 29.86, 100, 0, 0, 29.506, 29.506, 5, 0.74, 86.506, 0, 0, 94.011, 47.853, 0, 0, 0, 0, 0, 14, 0, 14.401, 0, 2.485, 205, 0, 0, 0, 53, 1, 0.004, 0.004, 129.2, 29.86, 100, 0, 0, 141, 29.506, 29.506, 5, 0.74, 0, 86.506, 0, 0, 94.011, 47.853, 0, 0, 0, 0, 
2.65, 18.38, 100.3, 74.17, 74.999, , 0.645, 0.988, 187.183, 187.183, 2.485, 17.204, 17.204, 17.204, 52.118, 46.106, 35.16, 35.98, 7.377, 13.805, 0, 0, 2.16, 2.186, 2.16, 2.186, 1, 47.69, 47.69, 0.024, 0.135, 4.567, 4.619, 4.567, 4.619, 4.798, 7.377, 13.805, , , 1, 2.751, 0, 0, 14.42, 2.485, 205, 0, 0, 0, 53, 3.76, 3.702, 129.2, 29.86, 100, 0, 0, 29.599, 29.599, 5, 0.742, 86.599, 0, 0, 94.198, 47.911, 0, 0, 0, 0, 0, 14, 0, 14.42, 0, 2.485, 205, 0, 0, 0, 53, 1, 0.004, 0.004, 129.2, 29.86, 100, 0, 0, 141, 29.599, 29.599, 5, 0.742, 0, 86.599, 0, 0, 94.198, 47.911, 0, 0, 0, 0, 
2.7, 18.38, 100.3, 74.17, 75, , 0.591, 0.988, 190.668, 190.668, 2.485, 15.925, 15.925, 15.925, 52.095, 57.936, 35.196, 36.052, 7.377, 13.793, 0, 0, 2.001, 2.026, 2.001, 2.026, 1, 47.72, 47.72, 0.024, 0.135, 4.229, 4.278, 4.229, 4.278, 4.83, 7.377, 13.793, , , 1, 2.801, 0, 0, 14.438, 2.485, 205, 0, 0, 0, 53, 3.751, 3.704, 129.2, 29.86, 100, 0, 0, 29.692, 29.692, 5, 0.744, 86.692, 0, 0, 94.384, 47.969, 0, 0, 0, 0, 0, 14, 0, 14.438, 0, 2.485, 205, 0, 0, 0, 53, 1, 0.004, 0.004, 129.2, 29.86, 100, 0, 0, 141, 29.692, 29.692, 5, 0.744, 0, 86.692, 0, 0, 94.384, 47.969, 0, 0, 0, 0, 
2.75, 18.381, 100.3, 74.17, 75, , 0.561, 0.988, 194.153, 194.153, 2.486, 15.202, 15.202, 15.202, 52.083, 58.58, 35.232, 36.124, 7.377, 13.781, 0, 0, 1.913, 1.935, 1.913, 1.935, 1, 47.749, 47.749, 0.024, 0.135, 4.038, 4.086, 4.038, 4.086, 4.861, 7.377, 13.781, , , 1, 2.851, 0, 0, 14.457, 2.486, 205, 0, 0, 0, 53, 3.742, 3.706, 129.2, 29.86, 100, 0, 0, 29.785, 29.785, 5, 0.746, 86.785, 0, 0, 94.571, 48.026, 0, 0, 0, 0, 0, 14, 0, 14.457, 0, 2.486, 205, 0, 0, 0, 53, 1, 0.004, 0.004, 129.2, 29.86, 100, 0, 0, 141, 29.785, 29.785, 5, 0.746, 0, 86.785, 0, 0, 94.571, 48.026, 0, 0, 0, 0, 
2.8, 18.382, 100.3, 74.17, 74.999, , 0.561, 0.988, 197.64, 197.64, 2.486, 15.223, 15.223, 15.223, 52.078, 59.225, 35.324, 36, 7.377, 13.78, 0, 0, 1.917, 1.939, 1.917, 1.939, 1, 47.777, 47.777, 0.024, 0.134, 4.044, 4.093, 4.044, 4.093, 4.88, 7.377, 13.78, , , 1, 2.9, 0, 0, 14.476, 2.486, 205, 0, 0, 0, 53, 3.732, 3.708, 129.2, 29.86, 100, 0, 0, 29.879, 29.879, 5, 0.748, 86.879, 0, 0, 94.757, 48.084, 0, 0, 0, 0, 0, 14, 0, 14.476, 0, 2.486, 205, 0, 0, 0, 53, 1, 0.004, 0.004, 129.2, 29.86, 100, 0, 0, 141, 29.879, 29.879, 5, 0.748, 0, 86.879, 0, 0, 94.757, 48.084, 0, 0, 0, 0, 
2.85, 18.383, 100.3, 74.17, 74.998, , 0.608, 0.988, 201.125, 201.125, 2.486, 16.329, 16.329, 16.329, 52.078, 59.869, 35.432, 35.82, 7.377, 13.778, 0, 0, 2.058, 2.082, 2.058, 2.082, 1, 47.806, 47.806, 0.024, 0.134, 4.337, 4.391, 4.337, 4.391, 4.896, 7.377, 13.778, , , 1, 2.95, 0, 0, 14.494, 2.486, 205, 0, 0, 0, 53, 3.723, 3.709, 129.2, 29.86, 100, 0, 0, 29.972, 29.972, 5, 0.749, 86.972, 0, 0, 94.944, 48.142, 0, 0, 0, 0, 0, 14, 0, 14.494, 0, 2.486, 205, 0, 0, 0, 53, 1, 0.004, 0.004, 129.2, 29.86, 100, 0, 0, 141, 29.972, 29.972, 5, 0.749, 0, 86.972, 0, 0, 94.944, 48.142, 0, 0, 0, 0, 
2.9, 18.384, 100.3, 74.17, 74.997, , 0.69, 0.988, 204.632, 204.632, 2.488, 18.276, 18.276, 18.276, 52.082, 60.513, 35.54, 35.64, 7.378, 13.787, 0, 0, 2.305, 2.332, 2.305, 2.332, 1, 47.837, 47.837, 0.024, 0.134, 4.854, 4.915, 4.854, 4.915, 4.912, 7.378, 13.787, , , 1, 3, 0, 0, 14.5, 2.488, 205, 0, 0, 0, 53, 3.72, 3.714, 129.2, 29.833, 100, 0, 0, 30, 30, 5, 0.751, 87, 0, 0, 95, 48.204, 0, 0, 0, 0, 0, 14, 0, 14.5, 0, 2.488, 205, 0, 0, 0, 53, 1, 0.004, 0.004, 129.2, 29.833, 100, 0, 0, 141, 30, 30, 5, 0.751, 0, 87, 0, 0, 95, 48.204, 0, 0, 0, 0, 
2.95, 18.385, 100.3, 74.17, 74.997, , 0.788, 0.988, 208.165, 208.165, 2.491, 20.595, 20.595, 20.595, 52.08, 61.157, 35.648, 35.46, 7.378, 13.796, 0, 0, 2.599, 2.629, 2.599, 2.629, 1, 47.875, 47.875, 0.024, 0.134, 5.469, 5.539, 5.469, 5.539, 4.928, 7.378, 13.796, , , 1, 3.051, 0, 0, 14.5, 2.491, 205, 0, 0, 0, 53, 3.72, 3.719, 129.2, 29.795, 100, 0, 0, 30, 30, 5, 0.753, 87, 0, 0, 95, 48.268, 0, 0, 0, 0, 0, 14, 0, 14.5, 0, 2.491, 205, 0, 0, 0, 53, 1, 0.004, 0.004, 129.2, 29.795, 100, 0, 0, 141, 30, 30, 5, 0.753, 0, 87, 0, 0, 95, 48.268, 0, 0, 0, 0, 
3, 18.386, 100.3, 74.17, 74.996, , 0.767, 0.988, 211.65, 211.65, 2.493, 20.097, 20.097, 20.097, 52.074, 61.802, 35.756, 35.28, 7.379, 13.812, 0, 0, 2.537, 2.567, 2.537, 2.567, 1, 47.914, 47.914, 0.024, 0.134, 5.337, 5.405, 5.337, 5.405, 4.931, 7.379, 13.812, , , 1, 3.101, 0, 0, 14.5, 2.493, 205, 0, 0, 0, 53, 3.72, 3.724, 129.2, 29.756, 100, 0, 0, 30, 30, 5, 0.756, 87, 0, 0, 95, 48.333, 0, 0, 0, 0, 0, 14, 0, 14.5, 0, 2.493, 205, 0, 0, 0, 53, 1, 0.004, 0.004, 129.2, 29.756, 100, 0, 0, 141, 30, 30, 5, 0.756, 0, 87, 0, 0, 95, 48.333, 0, 0, 0, 0, 
3.05, 18.387, 100.3, 74.17, 74.995, , 0.71, 0.988, 215.175, 215.175, 2.496, 18.767, 18.767, 18.767, 52.067, 62.446, 35.78, 35.268, 7.379, 13.829, 0, 0, 2.371, 2.4, 2.371, 2.4, 1, 47.953, 47.953, 0.024, 0.134, 4.984, 5.047, 4.984, 5.047, 4.927, 7.379, 13.829, , , 1, 3.151, 0, 0, 14.5, 2.496, 205, 0, 0, 0, 53, 3.72, 3.729, 129.2, 29.718, 100, 0, 0, 30, 30, 5, 0.758, 87, 0, 0, 95, 48.398, 0, 0, 0, 0, 0, 14, 0, 14.5, 0, 2.496, 205, 0, 0, 0, 53, 1, 0.004, 0.004, 129.2, 29.718, 100, 0, 0, 141, 30, 30, 5, 0.758, 0, 87, 0, 0, 95, 48.398, 0, 0, 0, 0, 
3.1, 18.389, 100.3, 74.17, 74.994, , 0.673, 0.988, 218.689, 218.689, 2.499, 17.888, 17.888, 17.888, 52.061, 63.09, 35.78, 35.304, 7.38, 13.845, 0, 0, 2.262, 2.291, 2.262, 2.291, 1, 47.985, 47.985, 0.024, 0.134, 4.752, 4.812, 4.752, 4.812, 4.923, 7.38, 13.845, , , 1, 3.201, 0, 0, 14.5, 2.499, 205, 0, 0, 0, 53, 3.72, 3.734, 129.2, 29.68, 100, 0, 0, 30, 30, 5, 0.76, 87, 0, 0, 95, 48.462, 0, 0, 0, 0, 0, 14, 0, 14.5, 0, 2.499, 205, 0, 0, 0, 53, 1, 0.004, 0.004, 129.2, 29.68, 100, 0, 0, 141, 30, 30, 5, 0.76, 0, 87, 0, 0, 95, 48.462, 0, 0, 0, 0, 
3.15, 18.39, 100.3, 74.17, 74.994, , 0.676, 0.988, 222.18, 222.18, 2.5, 17.95, 17.95, 17.95, 52.056, 63.735, 35.78, 35.34, 7.38, 13.861, 0, 0, 2.272, 2.302, 2.272, 2.302, 1, 48.018, 48.018, 0.024, 0.135, 4.769, 4.829, 4.769, 4.829, 4.918, 7.38, 13.861, , , 1, 3.251, 0, 0, 14.5, 2.5, 205, 0, 0, 0, 53, 3.72, 3.74, 129.2, 29.641, 100, 0, 0, 30, 30, 5, 0.76, 87, 0, 0, 95, 48.47, 0, 0, 0, 0, 0, 14, 0, 14.5, 0, 2.5, 205, 0, 0, 0, 53, 1, 0.004, 0.004, 129.2, 29.641, 100, 0, 0, 141, 30, 30, 5, 0.76, 0, 87, 0, 0, 95, 48.47, 0, 0, 0, 0, 
3.2, 18.391, 100.3, 74.17, 74.993, , 0.691, 0.988, 225.718, 225.718, 2.5, 18.305, 18.305, 18.305, 52.053, 64.379, 35.78, 35.376, 7.38, 13.866, 0, 0, 2.318, 2.35, 2.318, 2.35, 1, 48.053, 48.053, 0.024, 0.135, 4.864, 4.924, 4.864, 4.924, 4.915, 7.38, 13.866, , , 1, 3.301, 0, 0, 14.5, 2.5, 205, 0, 0, 0, 53, 3.72, 3.745, 129.2, 29.602, 100, 0, 0, 30, 30, 5, 0.76, 87, 0, 0, 95, 48.47, 0, 0, 0, 0, 0, 14, 0, 14.5, 0, 2.5, 205, 0, 0, 0, 53, 1, 0.004, 0.004, 129.2, 29.602, 100, 0, 0, 141, 30, 30, 5, 0.76, 0, 87, 0, 0, 95, 48.47, 0, 0, 0, 0, 
3.25, 18.392, 100.3, 74.17, 74.992, , 0.753, 0.988, 229.214, 229.214, 2.501, 19.778, 19.778, 19.778, 52.056, 65.023, 35.78, 35.411, 7.38, 13.869, 0, 0, 2.505, 2.54, 2.505, 2.54, 1, 48.089, 48.089, 0.024, 0.135, 5.255, 5.32, 5.255, 5.32, 4.914, 7.38, 13.869, , , 1, 3.351, 0, 0, 14.5, 2.501, 205, 0, 0, 0, 53, 3.72, 3.75, 129.2, 29.564, 100, 0, 0, 30, 30, 5, 0.76, 87, 0, 0, 95, 48.47, 0, 0, 0, 0, 0, 14, 0, 14.5, 0, 2.501, 205, 0, 0, 0, 53, 1, 0.004, 0.004, 129.2, 29.564, 100, 0, 0, 141, 30, 30, 5, 0.76, 0, 87, 0, 0, 95, 48.47, 0, 0, 0, 0, 
3.3, 18.393, 100.3, 74.17, 74.991, , 0.857, 0.988, 232.723, 232.723, 2.501, 22.238, 22.238, 22.238, 52.065, 65.667, 35.588, 35.255, 7.381, 13.861, 0, 0, 2.818, 2.858, 2.818, 2.858, 1, 48.129, 48.129, 0.024, 0.135, 5.907, 5.982, 5.907, 5.982, 4.913, 7.381, 13.861, , , 1, 3.401, 0, 0, 14.5, 2.501, 205, 0, 0, 0, 53, 3.72, 3.755, 129.2, 29.525, 100, 0, 0, 30, 30, 5, 0.76, 87, 0, 0, 95, 48.47, 0, 0, 0, 0, 0, 14, 0, 14.5, 0, 2.501, 205, 0, 0, 0, 53, 1, 0.004, 0.004, 129.2, 29.525, 100, 0, 0, 141, 30, 30, 5, 0.76, 0, 87, 0, 0, 95, 48.47, 0, 0, 0, 0, 
3.35, 18.394, 100.3, 74.17, 74.99, , 0.968, 0.988, 236.261, 236.261, 2.502, 24.874, 24.874, 24.874, 52.073, 66.312, 35.335, 35.038, 7.382, 13.852, 0, 0, 3.155, 3.199, 3.155, 3.199, 1, 48.176, 48.176, 0.024, 0.135, 6.606, 6.69, 6.606, 6.69, 4.911, 7.382, 13.852, , , 1, 3.451, 0, 0, 14.5, 2.502, 205, 0, 0, 0, 53, 3.721, 3.759, 129.2, 29.497, 100, 0, 0, 30.008, 30.008, 5, 0.76, 87, 0, 0, 95, 48.47, 0, 0, 0, 0, 0, 14, 0, 14.5, 0, 2.502, 205, 0, 0, 0, 53, 1, 0.004, 0.004, 129.2, 29.497, 100, 0, 0, 141, 30.008, 30.008, 5, 0.76, 0, 87, 0, 0, 95, 48.47, 0, 0, 0, 0, 
3.4, 18.395, 100.3, 74.17, 74.99, , 0.87, 0.988, 239.798, 239.798, 2.506, 22.554, 22.554, 22.554, 52.083, 66.956, 35.082, 34.821, 7.384, 13.842, 0, 0, 2.863, 2.902, 2.863, 2.902, 1, 48.223, 48.223, 0.024, 0.136, 5.988, 6.065, 5.988, 6.065, 4.909, 7.384, 13.842, , , 1, 3.5, 0, 0, 14.5, 2.506, 205, 0, 0, 0, 53, 3.729, 3.749, 129.2, 29.571, 100, 0, 0, 30.108, 30.108, 5, 0.76, 87, 0, 0, 95, 48.47, 0, 0, 0, 0, 0, 14, 0, 14.5, 0, 2.506, 205, 0, 0, 0, 53, 1, 0.004, 0.004, 129.2, 29.571, 100, 0, 0, 141, 30.108, 30.108, 5, 0.76, 0, 87, 0, 0, 95, 48.47, 0, 0, 0, 0, 
3.45, 18.397, 100.3, 74.17, 74.989, , 0.749, 0.988, 243.336, 243.336, 2.509, 19.675, 19.675, 19.675, 52.094, 67.6, 34.829, 34.605, 7.386, 13.831, 0, 0, 2.499, 2.532, 2.499, 2.532, 1, 48.265, 48.265, 0.024, 0.135, 5.224, 5.29, 5.224, 5.29, 4.903, 7.386, 13.831, , , 1, 3.55, 0, 0, 14.5, 2.509, 205, 0, 0, 0, 53, 3.737, 3.739, 129.2, 29.645, 100, 0, 0, 30.208, 30.208, 5, 0.76, 87, 0, 0, 95, 48.47, 0, 0, 0, 0, 0, 14, 0, 14.5, 0, 2.509, 205, 0, 0, 0, 53, 1, 0.004, 0.004, 129.2, 29.645, 100, 0, 0, 141, 30.209, 30.208, 5, 0.76, 0, 87, 0, 0, 95, 48.47, 0, 0, 0, 0, 
3.5, 18.398, 100.3, 74.17, 74.988, , 0.669, 0.988, 246.874, 246.874, 2.512, 17.778, 17.778, 17.778, 52.101, 68.244, 34.576, 34.388, 7.387, 13.827, 0, 0, 2.259, 2.288, 2.259, 2.288, 1, 48.299, 48.299, 0.024, 0.135, 4.721, 4.779, 4.721, 4.779, 4.897, 7.387, 13.827, , , 1, 3.601, 0, 0, 14.5, 2.512, 205, 0, 0, 0, 53, 3.745, 3.729, 129.2, 29.719, 100, 0, 0, 30.308, 30.308, 5, 0.76, 87, 0, 0, 95, 48.47, 0, 0, 0, 0, 0, 14, 0, 14.5, 0, 2.512, 205, 0, 0, 0, 53, 1, 0.004, 0.004, 129.2, 29.719, 100, 0, 0, 141, 30.309, 30.308, 5, 0.76, 0, 87, 0, 0, 95, 48.47, 0, 0, 0, 0, 
3.55, 18.399, 100.3, 74.17, 74.987, , 0.64, 0.988, 250.412, 250.412, 2.515, 17.094, 17.094, 17.094, 52.098, 68.889, 34.603, 34.616, 7.388, 13.825, 0, 0, 2.174, 2.201, 2.174, 2.201, 1, 48.331, 48.331, 0.024, 0.134, 4.541, 4.595, 4.541, 4.595, 4.891, 7.388, 13.825, , , 1, 3.651, 0, 0, 14.5, 2.515, 205, 0, 0, 0, 53, 3.753, 3.719, 129.2, 29.793, 100, 0, 0, 30.408, 30.408, 5, 0.76, 87, 0, 0, 95, 48.47, 0, 0, 0, 0, 0, 14, 0, 14.5, 0, 2.515, 205, 0, 0, 0, 53, 1, 0.004, 0.004, 129.2, 29.793, 100, 0, 0, 141, 30.41, 30.408, 5, 0.76, 0, 87, 0, 0, 95, 48.47, 0, 0, 0, 0, 
3.6, 18.4, 100.3, 74.17, 74.987, , 0.61, 0.988, 253.95, 253.95, 2.518, 16.399, 16.399, 16.399, 52.087, 69.533, 34.709, 34.971, 7.387, 13.827, 0, 0, 2.086, 2.112, 2.086, 2.112, 1, 48.363, 48.363, 0.024, 0.134, 4.357, 4.41, 4.357, 4.41, 4.884, 7.387, 13.827, , , 1, 3.701, 0, 0, 14.5, 2.518, 205, 0, 0, 0, 53, 3.761, 3.712, 129.2, 29.871, 100, 0, 0, 30.508, 30.508, 5, 0.76, 87.005, 0, 0, 95, 48.475, 0, 0, 0, 0, 0, 14, 0, 14.5, 0, 2.518, 205, 0, 0, 0, 53, 1, 0.004, 0.004, 129.2, 29.871, 100, 0, 0, 141, 30.51, 30.508, 5, 0.76, 0, 87.005, 0, 0, 95, 48.475, 0, 0, 0, 0, 
3.65, 18.401, 100.3, 74.17, 74.986, , 0.727, 0.988, 257.488, 257.488, 2.521, 19.17, 19.17, 19.17, 52.073, 70.177, 34.816, 35.325, 7.386, 13.831, 0, 0, 2.442, 2.473, 2.442, 2.473, 1, 48.395, 48.395, 0.024, 0.134, 5.096, 5.156, 5.096, 5.156, 4.88, 7.386, 13.831, , , 1, 3.751, 0, 0, 14.5, 2.521, 205, 0, 0, 0, 53, 3.776, 3.735, 129.2, 29.981, 100, 0, 0, 30.608, 30.608, 5, 0.758, 87.055, 0, 0, 95, 48.537, 0, 0, 0, 0, 0, 14, 0, 14.5, 0, 2.521, 205, 0, 0, 0, 53, 1, 0.004, 0.004, 129.2, 29.981, 100, 0, 0, 141, 30.609, 30.608, 5, 0.758, 0, 87.055, 0, 0, 95, 48.537, 0, 0, 0, 0, 
3.7, 18.402, 100.3, 74.17, 74.985, , 0.87, 0.988, 261.025, 261.025, 2.523, 22.558, 22.558, 22.558, 52.059, 70.821, 34.922, 35.679, 7.384, 13.837, 0, 0, 2.876, 2.913, 2.876, 2.913, 1, 48.434, 48.434, 0.024, 0.134, 5.997, 6.069, 5.997, 6.069, 4.875, 7.384, 13.837, , , 1, 3.801, 0, 0, 14.5, 2.523, 205, 0, 0, 0, 53, 3.791, 3.758, 129.2, 30.091, 100, 0, 0, 30.707, 30.707, 5, 0.756, 87.104, 0, 0, 95, 48.598, 0, 0, 0, 0, 0, 14, 0, 14.5, 0, 2.523, 205, 0, 0, 0, 53, 1, 0.004, 0.004, 129.2, 30.091, 100, 0, 0, 141, 30.708, 30.707, 5, 0.756, 0, 87.104, 0, 0, 95, 48.598, 0, 0, 0, 0, 
3.75, 18.403, 100.3, 74.17, 74.984, , 0.989, 0.988, 264.563, 264.563, 2.526, 25.39, 25.39, 25.39, 52.053, 71.466, 35.028, 36.034, 7.382, 13.844, 0, 0, 3.24, 3.281, 3.24, 3.281, 1, 48.482, 48.482, 0.024, 0.133, 6.749, 6.832, 6.749, 6.832, 4.87, 7.382, 13.844, , , 1, 3.851, 0, 0, 14.5, 2.526, 205, 0, 0, 0, 53, 3.806, 3.781, 129.2, 30.201, 100, 0, 0, 30.807, 30.807, 5, 0.754, 87.154, 0, 0, 95, 48.66, 0, 0, 0, 0, 0, 14, 0, 14.5, 0, 2.526, 205, 0, 0, 0, 53, 1, 0.004, 0.004, 129.2, 30.201, 100, 0, 0, 141, 30.808, 30.807, 5, 0.754, 0, 87.154, 0, 0, 95, 48.66, 0, 0, 0, 0, 
3.8, 18.405, 100.3, 74.17, 74.984, , 1.022, 0.988, 268.101, 268.101, 2.529, 26.167, 26.167, 26.167, 52.056, 72.11, 35.111, 36.294, 7.38, 13.847, 0, 0, 3.343, 3.385, 3.343, 3.385, 1, 48.533, 48.533, 0.024, 0.133, 6.955, 7.04, 6.955, 7.04, 4.866, 7.38, 13.847, , , 1, 3.901, 0, 0, 14.5, 2.529, 205, 0, 0, 0, 53, 3.821, 3.803, 129.2, 30.311, 100, 0, 0, 30.906, 30.906, 5, 0.752, 87.203, 0, 0, 95, 48.722, 0, 0, 0, 0, 0, 14, 0, 14.5, 0, 2.529, 205, 0, 0, 0, 53, 1, 0.004, 0.004, 129.2, 30.311, 100, 0, 0, 141, 30.907, 30.906, 5, 0.752, 0, 87.203, 0, 0, 95, 48.722, 0, 0, 0, 0, 
3.85, 18.406, 100.3, 74.17, 74.983, , 1.071, 0.988, 271.639, 271.639, 2.531, 27.34, 27.34, 27.34, 52.07, 72.754, 35.184, 36.513, 7.379, 13.85, 0, 0, 3.497, 3.542, 3.497, 3.542, 1, 48.585, 48.585, 0.024, 0.133, 7.265, 7.353, 7.265, 7.353, 4.873, 7.379, 13.85, , , 1, 3.951, 0, 0, 14.5, 2.531, 205, 0, 0, 0, 53.006, 3.837, 3.826, 129.2, 30.422, 100, 0, 0, 31.013, 31.013, 5, 0.75, 87.259, 0, 0, 95.009, 48.784, 0, 0, 0, 0, 0, 14, 0, 14.5, 0, 2.531, 205, 0, 0, 0, 53.006, 1, 0.004, 0.004, 129.2, 30.422, 100, 0, 0, 141, 31.013, 31.013, 5, 0.75, 0, 87.259, 0, 0, 95.009, 48.784, 0, 0, 0, 0, 
3.9, 18.407, 100.3, 74.17, 74.982, , 1.067, 0.988, 275.207, 275.207, 2.535, 27.248, 27.248, 27.248, 52.093, 73.399, 35.258, 36.733, 7.38, 13.843, 0, 0, 3.489, 3.535, 3.489, 3.535, 1, 48.64, 48.64, 0.024, 0.133, 7.237, 7.325, 7.237, 7.325, 4.885, 7.38, 13.843, , , 1, 4.001, 0, 0, 14.5, 2.535, 205, 0, 0, 0, 53.111, 3.864, 3.843, 129.2, 30.537, 100, 0, 0, 31.223, 31.223, 5, 0.754, 87.417, 0, 0, 95.167, 48.849, 0, 0, 0, 0, 0, 14, 0, 14.5, 0, 2.535, 205, 0, 0, 0, 53.111, 1, 0.004, 0.004, 129.2, 30.537, 100, 0, 0, 141, 31.223, 31.223, 5, 0.754, 0, 87.417, 0, 0, 95.167, 48.849, 0, 0, 0, 0, 
3.95, 18.408, 100.3, 74.17, 74.981, , 1.043, 0.988, 278.785, 278.785, 2.538, 26.66, 26.66, 26.66, 52.114, 74.043, 35.331, 36.952, 7.381, 13.835, 0, 0, 3.418, 3.463, 3.418, 3.463, 1, 48.692, 48.692, 0.024, 0.133, 7.078, 7.163, 7.078, 7.163, 4.898, 7.381, 13.835, , , 1, 4.051, 0, 0, 14.5, 2.538, 205, 0, 0, 0, 53.216, 3.891, 3.859, 129.2, 30.653, 100, 0, 0, 31.433, 31.433, 5, 0.759, 87.575, 0, 0, 95.325, 48.914, 0, 0, 0, 0, 0, 14, 0, 14.5, 0, 2.538, 205, 0, 0, 0, 53.216, 1, 0.004, 0.004, 129.2, 30.653, 100, 0, 0, 141, 31.433, 31.433, 5, 0.759, 0, 87.575, 0, 0, 95.325, 48.914, 0, 0, 0, 0, 
4, 18.409, 100.3, 74.17, 74.981, , 1.083, 0.988, 282.323, 282.323, 2.541, 27.61, 27.61, 27.61, 52.13, 74.687, 35.404, 37.172, 7.382, 13.811, 0, 0, 3.542, 3.592, 3.542, 3.592, 1, 48.744, 48.744, 0.024, 0.133, 7.328, 7.417, 7.328, 7.417, 4.91, 7.382, 13.811, , , 1, 4.101, 0, 0, 14.5, 2.541, 205, 0, 0, 0, 53.321, 3.918, 3.876, 129.2, 30.769, 100, 0, 0, 31.643, 31.643, 5, 0.763, 87.732, 0, 0, 95.482, 48.978, 0, 0, 0, 0, 0, 14, 0, 14.5, 0, 2.541, 205, 0, 0, 0, 53.321, 1, 0.004, 0.004, 129.2, 30.769, 100, 0, 0, 141, 31.643, 31.643, 5, 0.763, 0, 87.732, 0, 0, 95.482, 48.978, 0, 0, 0, 0, 
4.05, 18.41, 100.3, 74.17, 74.98, , 1.107, 0.988, 285.912, 285.912, 2.545, 28.186, 28.186, 28.186, 52.141, 75.331, 35.364, 36.939, 7.384, 13.782, 0, 0, 3.62, 3.67, 3.62, 3.67, 1, 48.798, 48.798, 0.024, 0.133, 7.478, 7.572, 7.478, 7.572, 4.918, 7.384, 13.782, , , 1, 4.15, 0, 0, 14.5, 2.545, 205, 0, 0, 0, 53.426, 3.945, 3.893, 129.2, 30.884, 100, 0, 0, 31.853, 31.853, 5, 0.767, 87.89, 0, 0, 95.64, 49.043, 0, 0, 0, 0, 0, 14, 0, 14.5, 0, 2.545, 205, 0, 0, 0, 53.426, 1, 0.004, 0.004, 129.2, 30.884, 100, 0, 0, 141, 31.853, 31.853, 5, 0.767, 0, 87.89, 0, 0, 95.64, 49.043, 0, 0, 0, 0, 
4.1, 18.411, 100.3, 74.17, 74.981, , 1.095, 0.988, 289.469, 289.469, 2.548, 27.898, 27.898, 27.898, 52.145, 75.976, 35.292, 36.579, 7.385, 13.745, 0, 0, 3.588, 3.637, 3.588, 3.637, 1, 48.854, 48.854, 0.024, 0.134, 7.4, 7.494, 7.4, 7.494, 4.923, 7.385, 13.745, , , 1, 4.201, 0, 0, 14.496, 2.548, 205, 0, 0, 0, 53.536, 3.975, 3.917, 129.2, 31.018, 100, 0, 0, 32.071, 32.071, 5.036, 0.771, 88.107, 0, 0, 95.857, 49.111, 0, 0, 0, 0, 0, 14, 0, 14.496, 0, 2.548, 205, 0, 0, 0, 53.536, 1, 0.004, 0.004, 129.2, 31.018, 100, 0, 0, 141, 32.071, 32.071, 5.036, 0.771, 0, 88.107, 0, 0, 95.857, 49.111, 0, 0, 0, 0, 
4.15, 18.413, 100.3, 74.17, 74.982, , 1.104, 0.988, 293.025, 293.025, 2.551, 28.11, 28.11, 28.11, 52.147, 76.62, 35.22, 36.219, 7.386, 13.706, 0, 0, 3.621, 3.669, 3.621, 3.669, 1, 48.908, 48.908, 0.024, 0.134, 7.456, 7.551, 7.456, 7.551, 4.928, 7.386, 13.706, , , 1, 4.251, 0, 0, 14.485, 2.551, 205, 0, 0, 0, 53.655, 4.012, 3.96, 129.2, 31.192, 100, 0, 0, 32.31, 32.31, 5.155, 0.776, 88.464, 0, 0, 96.214, 49.185, 0, 0, 0, 0, 0, 14, 0, 14.485, 0, 2.551, 205, 0, 0, 0, 53.655, 1, 0.004, 0.004, 129.2, 31.192, 100, 0, 0, 141, 32.31, 32.31, 5.155, 0.776, 0, 88.464, 0, 0, 96.214, 49.185, 0, 0, 0, 0, 
4.2, 18.414, 100.3, 74.17, 74.982, , 1.199, 0.988, 296.617, 296.617, 2.554, 30.381, 30.381, 30.381, 52.146, 77.264, 35.148, 35.859, 7.386, 13.675, 0, 0, 3.92, 3.97, 3.92, 3.97, 1, 48.965, 48.965, 0.024, 0.134, 8.06, 8.162, 8.06, 8.162, 4.934, 7.386, 13.675, , , 1, 4.3, 0, 0, 14.473, 2.554, 205, 0, 0, 0, 53.774, 4.05, 4.003, 129.2, 31.368, 100, 0, 0, 32.548, 32.548, 5.274, 0.781, 88.821, 0, 0, 96.571, 49.259, 0, 0, 0, 0, 0, 14, 0, 14.473, 0, 2.554, 205, 0, 0, 0, 53.774, 1, 0.004, 0.004, 129.2, 31.368, 100, 0, 0, 141, 32.548, 32.548, 5.274, 0.781, 0, 88.821, 0, 0, 96.571, 49.259, 0, 0, 0, 0, 
4.25, 18.415, 100.3, 74.17, 74.983, , 1.276, 0.988, 300.209, 300.209, 2.557, 32.197, 32.197, 32.197, 52.142, 77.908, 35.076, 35.499, 7.386, 13.648, 0, 0, 4.16, 4.212, 4.16, 4.212, 1, 49.026, 49.026, 0.024, 0.134, 8.542, 8.651, 8.542, 8.651, 4.939, 7.386, 13.648, , , 1, 4.351, 0, 0, 14.461, 2.557, 205, 0, 0, 0, 53.893, 4.087, 4.046, 129.2, 31.542, 100, 0, 0, 32.786, 32.786, 5.393, 0.786, 89.179, 0, 0, 96.929, 49.333, 0, 0, 0, 0, 0, 14, 0, 14.461, 0, 2.557, 205, 0, 0, 0, 53.893, 1, 0.004, 0.004, 129.2, 31.542, 100, 0, 0, 141, 32.786, 32.786, 5.393, 0.786, 0, 89.179, 0, 0, 96.929, 49.333, 0, 0, 0, 0, 
4.3, 18.416, 100.3, 74.17, 74.984, , 1.372, 0.988, 303.801, 303.801, 2.56, 34.487, 34.487, 34.487, 52.134, 78.553, 35.116, 35.364, 7.386, 13.638, 0, 0, 4.463, 4.518, 4.463, 4.518, 1, 49.092, 49.092, 0.024, 0.134, 9.152, 9.268, 9.152, 9.268, 4.943, 7.386, 13.638, , , 1, 4.4, 0, 0, 14.449, 2.56, 205, 0, 0, 0, 54, 4.122, 4.087, 129.2, 31.709, 100, 0, 0, 33.018, 33.018, 5.5, 0.79, 89.524, 0, 0, 97.268, 49.407, 0, 0, 0, 0, 0, 14, 0, 14.449, 0, 2.56, 205, 0, 0, 0, 54, 1, 0.004, 0.004, 129.2, 31.709, 100, 0, 0, 141, 33.018, 33.018, 5.5, 0.79, 0, 89.524, 0, 0, 97.268, 49.407, 0, 0, 0, 0, 
4.35, 18.417, 100.3, 74.17, 74.985, , 1.467, 0.988, 307.394, 307.394, 2.563, 36.742, 36.742, 36.742, 52.123, 79.197, 35.188, 35.292, 7.386, 13.636, 0, 0, 4.762, 4.82, 4.762, 4.82, 1, 49.163, 49.163, 0.024, 0.135, 9.754, 9.875, 9.754, 9.875, 4.948, 7.386, 13.636, , , 1, 4.45, 0, 0, 14.437, 2.563, 205, 0, 0, 0, 54, 4.146, 4.107, 129.2, 31.797, 100, 0, 0, 33.196, 33.196, 5.5, 0.793, 89.762, 0, 0, 97.446, 49.481, 0, 0, 0, 0, 0, 14, 0, 14.437, 0, 2.563, 205, 0, 0, 0, 54, 1, 0.004, 0.004, 129.2, 31.797, 100, 0, 0, 141, 33.196, 33.196, 5.5, 0.793, 0, 89.762, 0, 0, 97.446, 49.481, 0, 0, 0, 0, 
4.4, 18.418, 100.3, 74.17, 74.986, , 1.544, 0.988, 310.986, 310.986, 2.567, 38.573, 38.573, 38.573, 52.11, 79.841, 35.26, 35.22, 7.385, 13.643, 0, 0, 5.006, 5.066, 5.006, 5.066, 1, 49.238, 49.238, 0.024, 0.135, 10.243, 10.368, 10.243, 10.368, 4.952, 7.385, 13.643, , , 1, 4.5, 0, 0, 14.425, 2.567, 205, 0, 0, 0, 54, 4.17, 4.127, 129.2, 31.885, 100, 0, 0, 33.375, 33.375, 5.5, 0.795, 90, 0, 0, 97.625, 49.555, 0, 0, 0, 0, 0, 14, 0, 14.425, 0, 2.567, 205, 0, 0, 0, 54, 1, 0.004, 0.004, 129.2, 31.885, 100, 0, 0, 141, 33.375, 33.375, 5.5, 0.795, 0, 90, 0, 0, 97.625, 49.555, 0, 0, 0, 0, 
4.45, 18.419, 100.3, 74.17, 74.986, , 1.584, 0.988, 314.58, 314.58, 2.571, 39.511, 39.511, 39.511, 52.095, 80.485, 35.332, 35.148, 7.384, 13.655, 0, 0, 5.136, 5.196, 5.136, 5.196, 1, 49.317, 49.317, 0.024, 0.135, 10.495, 10.624, 10.495, 10.624, 4.956, 7.384, 13.655, , , 1, 4.551, 0, 0, 14.413, 2.571, 205, 0, 0, 0, 54, 4.194, 4.148, 129.2, 31.973, 100, 0, 0, 33.554, 33.554, 5.5, 0.797, 90.238, 0, 0, 97.804, 49.629, 0, 0, 0, 0, 0, 14, 0, 14.413, 0, 2.571, 205, 0, 0, 0, 54, 1, 0.004, 0.004, 129.2, 31.973, 100, 0, 0, 141, 33.554, 33.554, 5.5, 0.797, 0, 90.238, 0, 0, 97.804, 49.629, 0, 0, 0, 0, 
4.5, 18.421, 100.3, 74.17, 74.987, , 1.613, 0.988, 318.172, 318.172, 2.574, 40.208, 40.208, 40.208, 52.08, 81.13, 35.404, 35.076, 7.383, 13.662, 0, 0, 5.236, 5.296, 5.236, 5.296, 1, 49.397, 49.397, 0.024, 0.135, 10.684, 10.814, 10.684, 10.814, 4.954, 7.383, 13.662, , , 1, 4.601, 0, 0, 14.401, 2.574, 205, 0, 0, 0, 54, 4.218, 4.168, 129.2, 32.061, 100, 0, 0, 33.732, 33.732, 5.5, 0.8, 90.476, 0, 0, 97.982, 49.703, 0, 0, 0, 0, 0, 14, 0, 14.401, 0, 2.574, 205, 0, 0, 0, 54, 1, 0.004, 0.004, 129.2, 32.061, 100, 0, 0, 141, 33.732, 33.732, 5.5, 0.8, 0, 90.476, 0, 0, 97.982, 49.703, 0, 0, 0, 0, 
4.55, 18.422, 100.3, 74.17, 74.988, , 1.627, 0.988, 321.793, 321.793, 2.578, 40.544, 40.544, 40.544, 52.064, 81.774, 35.46, 35.033, 7.382, 13.666, 0, 0, 5.287, 5.348, 5.287, 5.348, 1, 49.478, 49.478, 0.024, 0.135, 10.776, 10.906, 10.776, 10.906, 4.952, 7.382, 13.666, , , 1, 4.651, 0, 0, 14.4, 2.578, 205, 0, 0, 0, 54, 4.222, 4.166, 129.2, 32.07, 100, 0, 0, 33.797, 33.844, 5.5, 0.8, 90.547, 0, 0, 98.047, 49.768, 0, 0, 0, 0, 0, 14, 0, 14.4, 0, 2.578, 205, 0, 0, 0, 54, 1, 0.004, 0.004, 129.2, 32.07, 100, 0, 0, 141, 33.797, 33.844, 5.5, 0.8, 0, 90.547, 0, 0, 98.047, 49.768, 0, 0, 0, 0, 
4.6, 18.423, 100.3, 74.17, 74.989, , 1.634, 0.988, 325.428, 325.428, 2.581, 40.711, 40.711, 40.711, 52.052, 82.418, 35.512, 34.999, 7.38, 13.659, 0, 0, 5.316, 5.379, 5.316, 5.379, 1, 49.559, 49.559, 0.024, 0.134, 10.822, 10.953, 10.822, 10.953, 4.951, 7.38, 13.659, , , 1, 4.701, 0, 0, 14.4, 2.581, 205, 0, 0, 0, 54, 4.224, 4.162, 129.2, 32.07, 100, 0, 0, 33.849, 33.948, 5.5, 0.8, 90.599, 0, 0, 98.099, 49.833, 0, 0, 0, 0, 0, 14, 0, 14.4, 0, 2.581, 205, 0, 0, 0, 54, 1, 0.004, 0.004, 129.2, 32.07, 100, 0, 0, 141, 33.849, 33.948, 5.5, 0.8, 0, 90.599, 0, 0, 98.099, 49.833, 0, 0, 0, 0, 
4.65, 18.424, 100.3, 74.17, 74.989, , 1.657, 0.988, 329.02, 329.02, 2.585, 41.245, 41.245, 41.245, 52.042, 83.063, 35.564, 34.964, 7.379, 13.646, 0, 0, 5.395, 5.458, 5.395, 5.458, 1, 49.64, 49.64, 0.024, 0.134, 10.966, 11.099, 10.966, 11.099, 4.946, 7.379, 13.646, , , 1, 4.751, 0, 0, 14.4, 2.585, 205, 0, 0, 0, 54, 4.226, 4.158, 129.2, 32.07, 100, 0, 0, 33.901, 34.052, 5.5, 0.8, 90.651, 0, 0, 98.151, 49.897, 0, 0, 0, 0, 0, 14, 0, 14.4, 0, 2.585, 205, 0, 0, 0, 54, 1, 0.004, 0.004, 129.2, 32.07, 100, 0, 0, 141, 33.901, 34.052, 5.5, 0.8, 0, 90.651, 0, 0, 98.151, 49.897, 0, 0, 0, 0, 
4.7, 18.425, 100.3, 74.17, 74.99, , 1.586, 0.988, 332.666, 332.666, 2.589, 39.563, 39.563, 39.563, 52.034, 83.707, 35.616, 34.93, 7.378, 13.626, 0, 0, 5.182, 5.244, 5.182, 5.244, 1, 49.721, 49.721, 0.024, 0.134, 10.52, 10.647, 10.52, 10.647, 4.932, 7.378, 13.626, , , 1, 4.8, 0, 0, 14.4, 2.589, 205, 0, 0, 0, 54, 4.228, 4.154, 129.2, 32.07, 100, 0, 0, 33.953, 34.156, 5.5, 0.8, 90.703, 0, 0, 98.203, 49.962, 0, 0, 0, 0, 0, 14, 0, 14.4, 0, 2.589, 205, 0, 0, 0, 54, 1, 0.004, 0.004, 129.2, 32.07, 100, 0, 0, 141, 33.953, 34.156, 5.5, 0.8, 0, 90.703, 0, 0, 98.203, 49.962, 0, 0, 0, 0, 
4.75, 18.426, 100.3, 74.17, 74.991, , 1.524, 0.988, 336.314, 336.314, 2.592, 38.097, 38.097, 38.097, 52.033, 84.351, 35.667, 34.895, 7.377, 13.601, 0, 0, 4.996, 5.058, 4.996, 5.058, 1, 49.799, 49.799, 0.024, 0.134, 10.129, 10.252, 10.129, 10.252, 4.919, 7.377, 13.601, , , 1, 4.85, 0, 0, 14.4, 2.592, 205, 0, 0, 0, 54, 4.231, 4.151, 129.2, 32.074, 100, 0, 0, 34.011, 34.261, 5.511, 0.8, 90.756, 0, 0, 98.256, 50.034, 0, 0, 0, 0, 0, 14, 0, 14.4, 0, 2.592, 205, 0, 0, 0, 54, 1, 0.004, 0.004, 129.2, 32.074, 100, 0, 0, 141, 34.011, 34.261, 5.511, 0.8, 0, 90.756, 0, 0, 98.256, 50.034, 0, 0, 0, 0, 
4.8, 18.427, 100.3, 74.17, 74.992, , 1.5, 0.988, 339.962, 339.962, 2.597, 37.537, 37.537, 37.537, 52.038, 84.995, 35.616, 34.922, 7.377, 13.578, 0, 0, 4.929, 4.992, 4.929, 4.992, 1, 49.873, 49.873, 0.024, 0.134, 9.979, 10.1, 9.979, 10.1, 4.905, 7.377, 13.578, , , 1, 4.901, 0, 0, 14.4, 2.597, 205, 0, 0, 0, 54, 4.241, 4.16, 129.2, 32.116, 100, 0, 0, 34.125, 34.375, 5.625, 0.803, 90.812, 0, 0, 98.312, 50.175, 0, 0, 0, 0, 0, 14, 0, 14.4, 0, 2.597, 205, 0, 0, 0, 54, 1, 0.004, 0.004, 129.2, 32.116, 100, 0, 0, 141, 34.125, 34.375, 5.625, 0.803, 0, 90.812, 0, 0, 98.312, 50.175, 0, 0, 0, 0, 
4.85, 18.429, 100.3, 74.17, 74.992, , 1.526, 0.988, 343.611, 343.611, 2.601, 38.162, 38.162, 38.162, 52.046, 85.64, 35.484, 34.997, 7.377, 13.556, 0, 0, 5.02, 5.083, 5.02, 5.083, 1, 49.949, 49.949, 0.024, 0.134, 10.143, 10.266, 10.143, 10.266, 4.891, 7.377, 13.556, , , 1, 4.951, 0, 0, 14.4, 2.601, 205, 0, 0, 0, 54, 4.251, 4.169, 129.2, 32.158, 100, 0, 0, 34.239, 34.489, 5.739, 0.805, 90.869, 0, 0, 98.369, 50.316, 0, 0, 0, 0, 0, 14, 0, 14.4, 0, 2.601, 205, 0, 0, 0, 54, 1, 0.004, 0.004, 129.2, 32.158, 100, 0, 0, 141, 34.239, 34.489, 5.739, 0.805, 0, 90.869, 0, 0, 98.369, 50.316, 0, 0, 0, 0, 
4.9, 18.43, 100.3, 74.17, 74.993, , 1.556, 0.988, 347.259, 347.259, 2.606, 38.855, 38.855, 38.855, 52.053, 81.41, 35.353, 35.073, 7.377, 13.538, 0, 0, 5.12, 5.184, 5.12, 5.184, 1, 50.026, 50.026, 0.024, 0.134, 10.325, 10.452, 10.325, 10.452, 4.898, 7.377, 13.538, , , 1, 5.001, 0, 0, 14.4, 2.606, 205, 0, 0, 0, 54, 4.262, 4.178, 129.2, 32.2, 100, 0, 0, 34.352, 34.602, 5.852, 0.807, 90.926, 0, 0, 98.426, 50.457, 0, 0, 0, 0, 0, 14, 0, 14.4, 0, 2.606, 205, 0, 0, 0, 54, 1, 0.004, 0.004, 129.2, 32.2, 100, 0, 0, 141, 34.352, 34.602, 5.852, 0.807, 0, 90.926, 0, 0, 98.426, 50.457, 0, 0, 0, 0, 
4.95, 18.431, 100.3, 74.17, 74.994, , 1.625, 0.988, 350.908, 350.908, 2.61, 40.514, 40.514, 40.514, 52.058, 75.284, 35.221, 35.148, 7.377, 13.523, 0, 0, 5.347, 5.414, 5.347, 5.414, 1, 50.105, 50.105, 0.024, 0.133, 10.764, 10.897, 10.764, 10.897, 4.906, 7.377, 13.523, , , 1, 5.051, 0, 0, 14.4, 2.61, 205, 0, 0, 0, 54, 4.272, 4.187, 129.2, 32.242, 100, 0, 0, 34.466, 34.716, 5.966, 0.809, 90.983, 0, 0, 98.483, 50.598, 0, 0, 0, 0, 0, 14, 0, 14.4, 0, 2.61, 205, 0, 0, 0, 54, 1, 0.004, 0.004, 129.2, 32.242, 100, 0, 0, 141, 34.466, 34.716, 5.966, 0.809, 0, 90.983, 0, 0, 98.483, 50.598, 0, 0, 0, 0, 
5, 18.432, 100.3, 74.17, 74.995, , 1.689, 0.988, 354.556, 354.556, 2.614, 42.023, 42.023, 42.023, 52.062, 69.159, 35.089, 35.223, 7.377, 13.512, 0, 0, 5.556, 5.623, 5.556, 5.623, 1, 50.187, 50.187, 0.024, 0.133, 11.165, 11.303, 11.165, 11.303, 4.914, 7.377, 13.512, , , 1, 5.101, 0, 0, 14.4, 2.614, 205, 0, 0, 0, 54, 4.277, 4.19, 129.2, 32.283, 100, 0, 0, 34.614, 34.826, 6, 0.812, 91.038, 0, 0, 98.5, 50.687, 0, 0, 0, 0, 0, 14.008, 0, 14.4, 0, 2.614, 205, 0, 0, 0, 54, 1, 0.004, 0.004, 129.2, 32.283, 100, 0, 0, 141, 34.614, 34.826, 6, 0.812, 0, 91.038, 0, 0, 98.5, 50.687, 0, 0, 0, 0, 
5.05, 18.433, 100.3, 74.17, 74.995, , 1.726, 0.988, 358.22, 358.22, 2.618, 42.9, 42.9, 42.9, 52.059, 63.034, 35.116, 35.549, 7.378, 13.504, 0, 0, 5.681, 5.749, 5.681, 5.749, 1, 50.272, 50.272, 0.024, 0.133, 11.4, 11.54, 11.4, 11.54, 4.922, 7.378, 13.504, , , 1, 5.151, 0, 0, 14.4, 2.618, 205, 0, 0, 0, 54, 4.279, 4.19, 129.2, 32.323, 100, 0, 0, 34.777, 34.935, 6, 0.814, 91.092, 0, 0, 98.5, 50.755, 0, 0, 0, 0, 0, 14.018, 0, 14.4, 0, 2.618, 205, 0, 0, 0, 54, 1, 0.004, 0.004, 129.2, 32.323, 100, 0, 0, 141, 34.777, 34.935, 6, 0.814, 0, 91.092, 0, 0, 98.5, 50.755, 0, 0, 0, 0, 
5.1, 18.434, 100.3, 74.17, 74.996, , 1.724, 0.988, 361.926, 361.926, 2.622, 42.86, 42.86, 42.86, 52.05, 56.909, 35.188, 35.945, 7.378, 13.498, 0, 0, 5.685, 5.752, 5.685, 5.752, 1, 50.358, 50.358, 0.024, 0.134, 11.392, 11.532, 11.392, 11.532, 4.941, 7.378, 13.498, , , 1, 5.2, 0, 0, 14.4, 2.622, 205, 0, 0, 0, 54, 4.281, 4.19, 129.2, 32.364, 100, 0, 0, 34.94, 35.043, 6, 0.816, 91.147, 0, 0, 98.5, 50.822, 0, 0, 0, 0, 0, 14.029, 0, 14.4, 0, 2.622, 205, 0, 0, 0, 54, 1, 0.004, 0.004, 129.2, 32.364, 100, 0, 0, 141, 34.94, 35.043, 6, 0.816, 0, 91.147, 0, 0, 98.5, 50.822, 0, 0, 0, 0, 
5.15, 18.435, 100.3, 74.17, 74.997, , 1.702, 0.988, 365.574, 365.574, 2.626, 42.325, 42.325, 42.325, 52.037, 50.783, 35.26, 36.341, 7.379, 13.492, 0, 0, 5.623, 5.69, 5.623, 5.69, 1, 50.443, 50.443, 0.024, 0.134, 11.254, 11.392, 11.254, 11.392, 4.959, 7.379, 13.492, , , 1, 5.25, 0, 0, 14.4, 2.626, 205, 0, 0, 0, 54, 4.283, 4.19, 129.2, 32.404, 100, 0, 0, 35.103, 35.152, 6, 0.818, 91.201, 0, 0, 98.5, 50.889, 0, 0, 0, 0, 0, 14.04, 0, 14.4, 0, 2.626, 205, 0, 0, 0, 54, 1, 0.004, 0.004, 129.2, 32.404, 100, 0, 0, 141, 35.103, 35.152, 6, 0.818, 0, 91.201, 0, 0, 98.5, 50.889, 0, 0, 0, 0, 
5.2, 18.437, 100.3, 74.17, 74.998, , 1.681, 0.988, 369.264, 369.264, 2.63, 41.849, 41.849, 41.849, 52.023, 44.658, 35.332, 36.737, 7.38, 13.486, 0, 0, 5.568, 5.635, 5.568, 5.635, 1, 50.528, 50.528, 0.024, 0.134, 11.131, 11.268, 11.131, 11.268, 4.978, 7.38, 13.486, , , 1, 5.3, 0, 0, 14.4, 2.63, 205, 0, 0, 0, 54, 4.284, 4.189, 129.2, 32.44, 100, 0, 0, 35.255, 35.255, 6, 0.82, 91.255, 0, 0, 98.5, 50.95, 0, 0, 0, 0, 0, 14.051, 0, 14.4, 0, 2.63, 205, 0, 0, 0, 54, 1, 0.004, 0.004, 129.2, 32.44, 100, 0, 0, 141, 35.255, 35.255, 6, 0.82, 0, 91.255, 0, 0, 98.5, 50.95, 0, 0, 0, 0, 
5.25, 18.438, 100.3, 74.17, 74.998, , 1.669, 0.988, 372.971, 372.971, 2.632, 41.566, 41.566, 41.566, 52.006, 38.533, 35.404, 37.133, 7.381, 13.48, 0, 0, 5.539, 5.607, 5.539, 5.607, 1, 50.61, 50.61, 0.024, 0.134, 11.058, 11.196, 11.058, 11.196, 4.997, 7.381, 13.48, , , 1, 5.351, 0, 0, 14.4, 2.632, 205, 0, 0, 0, 54, 4.279, 4.183, 129.2, 32.44, 100, 0, 0, 35.307, 35.307, 6, 0.82, 91.307, 0, 0, 98.5, 50.95, 0, 0, 0, 0, 0, 14.061, 0, 14.4, 0, 2.632, 205, 0, 0, 0, 54, 1, 0.004, 0.004, 129.2, 32.44, 100, 0, 0, 141, 35.307, 35.307, 6, 0.82, 0, 91.307, 0, 0, 98.5, 50.95, 0, 0, 0, 0, 
5.3, 18.439, 100.3, 74.17, 74.999, , 1.664, 0.988, 376.677, 376.677, 2.633, 41.434, 41.434, 41.434, 51.991, 45.047, 35.28, 37.08, 7.382, 13.471, 0, 0, 5.531, 5.598, 5.531, 5.598, 1, 50.692, 50.692, 0.024, 0.134, 11.026, 11.163, 11.026, 11.163, 4.997, 7.382, 13.471, , , 1, 5.401, 0, 0, 14.4, 2.633, 205, 0, 0, 0, 54, 4.274, 4.177, 129.2, 32.44, 100, 0, 0, 35.359, 35.359, 6, 0.82, 91.359, 0, 0, 98.5, 50.95, 0, 0, 0, 0, 0, 14.072, 0, 14.4, 0, 2.633, 205, 0, 0, 0, 54, 1, 0.004, 0.004, 129.2, 32.44, 100, 0, 0, 141, 35.359, 35.359, 6, 0.82, 0, 91.359, 0, 0, 98.5, 50.95, 0, 0, 0, 0, 
5.35, 18.44, 100.3, 74.17, 75, , 1.65, 0.988, 380.383, 380.383, 2.635, 41.119, 41.119, 41.119, 51.982, 49.763, 35.1, 36.9, 7.382, 13.461, 0, 0, 5.499, 5.565, 5.499, 5.565, 1, 50.774, 50.774, 0.024, 0.135, 10.945, 11.08, 10.945, 11.08, 4.995, 7.382, 13.461, , , 1, 5.45, 0, 0, 14.4, 2.635, 205, 0, 0, 0, 54, 4.269, 4.171, 129.2, 32.44, 100, 0, 0, 35.411, 35.411, 6, 0.82, 91.411, 0, 0, 98.5, 50.95, 0, 0, 0, 0, 0, 14.082, 0, 14.4, 0, 2.635, 205, 0, 0, 0, 54, 1, 0.004, 0.004, 129.2, 32.44, 100, 0, 0, 141, 35.411, 35.411, 6, 0.82, 0, 91.411, 0, 0, 98.5, 50.95, 0, 0, 0, 0, 
5.4, 18.44, 100.3, 74.17, 75, , 1.617, 0.988, 384.089, 384.089, 2.637, 40.322, 40.322, 40.322, 51.978, 50.767, 34.92, 36.72, 7.382, 13.447, 0, 0, 5.402, 5.466, 5.402, 5.466, 1, 50.857, 50.857, 0.024, 0.135, 10.733, 10.866, 10.733, 10.866, 4.992, 7.382, 13.447, , , 1, 5.5, 0, 0, 14.4, 2.637, 205, 0, 0, 0, 54, 4.264, 4.164, 129.2, 32.44, 100, 0, 0, 35.464, 35.464, 6, 0.82, 91.464, 0, 0, 98.5, 50.95, 0, 0, 0, 0, 0, 14.093, 0, 14.4, 0, 2.637, 205, 0, 0, 0, 54, 1, 0.004, 0.004, 129.2, 32.44, 100, 0, 0, 141, 35.464, 35.464, 6, 0.82, 0, 91.464, 0, 0, 98.5, 50.95, 0, 0, 0, 0, 
5.45, 18.44, 100.3, 74.17, 75, , 1.612, 0.988, 387.796, 387.796, 2.64, 40.215, 40.215, 40.215, 51.978, 51.771, 34.74, 36.54, 7.382, 13.43, 0, 0, 5.398, 5.461, 5.398, 5.461, 1, 50.937, 50.937, 0.024, 0.135, 10.704, 10.837, 10.704, 10.837, 4.99, 7.382, 13.43, , , 1, 5.55, 0, 0, 14.4, 2.64, 205, 0, 0, 0, 54.03, 4.268, 4.169, 129.2, 32.429, 100, 0, 0, 35.545, 35.545, 6, 0.819, 91.59, 0, 0, 98.59, 50.987, 0, 0, 0, 0, 0, 14.094, 0, 14.4, 0, 2.64, 205, 0, 0, 0, 54.03, 1, 0.004, 0.004, 129.2, 32.429, 100, 0, 0, 141, 35.545, 35.545, 6, 0.819, 0, 91.59, 0, 0, 98.59, 50.987, 0, 0, 0, 0, 
5.5, 18.44, 100.3, 74.17, 75, , 1.629, 0.988, 391.527, 391.527, 2.647, 40.607, 40.607, 40.607, 51.982, 52.774, 34.56, 36.36, 7.381, 13.409, 0, 0, 5.461, 5.524, 5.461, 5.524, 1, 51.019, 51.019, 0.024, 0.135, 10.808, 10.941, 10.808, 10.941, 4.99, 7.381, 13.409, , , 1, 5.601, 0, 0, 14.4, 2.647, 205, 0, 0, 0, 54.13, 4.295, 4.198, 129.2, 32.392, 100, 0, 0, 35.695, 35.695, 6, 0.817, 91.89, 0, 0, 98.89, 51.111, 0, 0, 0, 0, 0, 14.074, 0, 14.4, 0, 2.647, 205, 0, 0, 0, 54.13, 1, 0.004, 0.004, 129.2, 32.392, 100, 0, 0, 141, 35.695, 35.695, 6, 0.817, 0, 91.89, 0, 0, 98.89, 51.111, 0, 0, 0, 0, 
5.55, 18.44, 100.3, 74.17, 75, , 1.637, 0.988, 395.282, 395.282, 2.654, 40.811, 40.811, 40.811, 51.99, 53.778, 34.408, 36.236, 7.38, 13.386, 0, 0, 5.496, 5.561, 5.496, 5.561, 1, 51.102, 51.102, 0.024, 0.134, 10.861, 10.995, 10.861, 10.995, 4.991, 7.38, 13.386, , , 1, 5.651, 0, 0, 14.4, 2.654, 205, 0, 0, 0, 54.23, 4.322, 4.227, 129.2, 32.355, 100, 0, 0, 35.845, 35.845, 6, 0.815, 92.19, 0, 0, 99.19, 51.235, 0, 0, 0, 0, 0, 14.054, 0, 14.4, 0, 2.654, 205, 0, 0, 0, 54.23, 1, 0.004, 0.004, 129.2, 32.355, 100, 0, 0, 141, 35.845, 35.845, 6, 0.815, 0, 92.19, 0, 0, 99.19, 51.235, 0, 0, 0, 0, 
5.6, 18.44, 100.3, 74.17, 75, , 1.568, 0.988, 398.988, 398.988, 2.661, 39.167, 39.167, 39.167, 52.004, 54.782, 34.264, 36.128, 7.379, 13.361, 0, 0, 5.282, 5.345, 5.282, 5.345, 1, 51.182, 51.182, 0.024, 0.134, 10.42, 10.551, 10.42, 10.551, 4.992, 7.379, 13.361, , , 1, 5.7, 0, 0, 14.4, 2.661, 205, 0, 0, 0, 54.33, 4.349, 4.256, 129.2, 32.318, 100, 0, 0, 35.995, 35.995, 6, 0.813, 92.49, 0, 0, 99.49, 51.359, 0, 0, 0, 0, 0, 14.034, 0, 14.4, 0, 2.661, 205, 0, 0, 0, 54.33, 1, 0.004, 0.004, 129.2, 32.318, 100, 0, 0, 141, 35.995, 35.995, 6, 0.813, 0, 92.49, 0, 0, 99.49, 51.359, 0, 0, 0, 0, 
5.65, 18.44, 100.3, 74.17, 75, , 1.543, 0.988, 402.75, 402.75, 2.668, 38.588, 38.588, 38.588, 52.022, 55.786, 34.12, 36.02, 7.378, 13.335, 0, 0, 5.211, 5.274, 5.211, 5.274, 1, 51.26, 51.26, 0.024, 0.134, 10.263, 10.391, 10.263, 10.391, 4.993, 7.378, 13.335, , , 1, 5.751, 0, 0, 14.4, 2.668, 205, 0, 0, 0, 54.43, 4.376, 4.285, 129.2, 32.281, 100, 0, 0, 36.145, 36.145, 6, 0.811, 92.79, 0, 0, 99.79, 51.483, 0, 0, 0, 0, 0, 14.014, 0, 14.4, 0, 2.668, 205, 0, 0, 0, 54.43, 1, 0.004, 0.004, 129.2, 32.281, 100, 0, 0, 141, 36.145, 36.145, 6, 0.811, 0, 92.79, 0, 0, 99.79, 51.483, 0, 0, 0, 0, 
5.7, 18.44, 100.3, 74.17, 75, , 1.509, 0.988, 406.475, 406.475, 2.674, 37.776, 37.776, 37.776, 52.046, 56.79, 33.976, 35.912, 7.378, 13.307, 0, 0, 5.109, 5.17, 5.109, 5.17, 1, 51.337, 51.337, 0.024, 0.134, 10.042, 10.167, 10.042, 10.167, 5.004, 7.378, 13.307, , , 1, 5.801, 0, 0, 14.397, 2.674, 205, 0, 0, 0, 54.5, 4.395, 4.306, 129.2, 32.255, 100, 0, 0, 36.25, 36.25, 6, 0.811, 92.967, 0, 0, 100.016, 51.591, 0, 0, 0, 0, 0, 14.003, 0, 14.397, 0, 2.674, 205, 0, 0, 0, 54.5, 1, 0.004, 0.004, 129.2, 32.255, 100, 0, 0, 141, 36.25, 36.25, 6, 0.811, 0, 92.967, 0, 0, 100.016, 51.591, 0, 0, 0, 0, 
5.75, 18.44, 100.3, 74.17, 75, , 1.468, 0.988, 410.207, 410.207, 2.678, 36.803, 36.803, 36.803, 52.07, 57.794, 33.832, 35.804, 7.378, 13.277, 0, 0, 4.985, 5.044, 4.985, 5.044, 1, 51.41, 51.41, 0.024, 0.133, 9.778, 9.899, 9.778, 9.899, 5.027, 7.378, 13.277, , , 1, 5.85, 0, 0, 14.386, 2.678, 205, 0, 0, 0, 54.5, 4.396, 4.311, 129.2, 32.255, 100, 0, 0, 36.25, 36.25, 6, 0.813, 92.859, 0, 0, 100.071, 51.659, 0, 0, 0, 0, 0, 14.014, 0, 14.386, 0, 2.678, 205, 0, 0, 0, 54.5, 1, 0.004, 0.004, 129.2, 32.255, 100, 0, 0, 141, 36.25, 36.25, 6, 0.813, 0, 92.859, 0, 0, 100.071, 51.659, 0, 0, 0, 0, 
5.8, 18.44, 100.3, 74.17, 75, , 1.439, 0.988, 413.973, 413.973, 2.682, 36.118, 36.118, 36.118, 52.088, 58.798, 33.772, 35.696, 7.378, 13.245, 0, 0, 4.9, 4.958, 4.9, 4.958, 1, 51.481, 51.481, 0.024, 0.133, 9.592, 9.709, 9.592, 9.709, 5.051, 7.378, 13.245, , , 1, 5.901, 0, 0, 14.375, 2.682, 205, 0, 0, 0, 54.5, 4.398, 4.315, 129.2, 32.255, 100, 0, 0, 36.25, 36.25, 6, 0.815, 92.75, 0, 0, 100.125, 51.728, 0, 0, 0, 0, 0, 14.025, 0, 14.375, 0, 2.682, 205, 0, 0, 0, 54.5, 1, 0.004, 0.004, 129.2, 32.255, 100, 0, 0, 141, 36.25, 36.25, 6, 0.815, 0, 92.75, 0, 0, 100.125, 51.728, 0, 0, 0, 0, 
5.85, 18.44, 100.3, 74.17, 75, , 1.467, 0.988, 417.739, 417.739, 2.687, 36.79, 36.79, 36.79, 52.097, 59.801, 33.736, 35.588, 7.379, 13.211, 0, 0, 4.997, 5.059, 4.997, 5.059, 1, 51.553, 51.553, 0.024, 0.133, 9.769, 9.887, 9.769, 9.887, 5.075, 7.379, 13.211, , , 1, 5.951, 0, 0, 14.364, 2.687, 205, 0, 0, 0, 54.5, 4.399, 4.319, 129.2, 32.255, 100, 0, 0, 36.25, 36.25, 6, 0.817, 92.641, 0, 0, 100.179, 51.796, 0, 0, 0, 0, 0, 14.036, 0, 14.364, 0, 2.687, 205, 0, 0, 0, 54.5, 1, 0.004, 0.004, 129.2, 32.255, 100, 0, 0, 141, 36.25, 36.25, 6, 0.817, 0, 92.641, 0, 0, 100.179, 51.796, 0, 0, 0, 0, 
5.9, 18.44, 100.3, 74.17, 75, , 1.533, 0.988, 421.505, 421.505, 2.691, 38.35, 38.35, 38.35, 52.096, 60.805, 33.7, 35.48, 7.379, 13.175, 0, 0, 5.217, 5.281, 5.217, 5.281, 1, 51.628, 51.628, 0.024, 0.133, 10.186, 10.307, 10.186, 10.307, 5.094, 7.379, 13.175, , , 1, 6.001, 0, 0, 14.353, 2.691, 205, 0, 0, 0, 54.5, 4.4, 4.324, 129.2, 32.255, 100, 0, 0, 36.25, 36.25, 6, 0.819, 92.533, 0, 0, 100.234, 51.864, 0, 0, 0, 0, 0, 14.047, 0, 14.353, 0, 2.691, 205, 0, 0, 0, 54.5, 1, 0.004, 0.004, 129.2, 32.255, 100, 0, 0, 141, 36.25, 36.25, 6, 0.819, 0, 92.533, 0, 0, 100.234, 51.864, 0, 0, 0, 0, 
5.95, 18.44, 100.3, 74.17, 75, , 1.573, 0.988, 425.314, 425.314, 2.694, 39.298, 39.298, 39.298, 52.083, 61.809, 33.664, 35.372, 7.38, 13.137, 0, 0, 5.354, 5.42, 5.354, 5.42, 1, 51.708, 51.708, 0.024, 0.133, 10.441, 10.565, 10.441, 10.565, 5.092, 7.38, 13.137, , , 1, 6.051, 0, 0, 14.343, 2.694, 205, 0, 0, 0, 54.573, 4.406, 4.324, 129.2, 32.228, 100, 0, 0, 36.214, 36.214, 6, 0.82, 92.5, 0, 0, 100.432, 51.931, 0, 0, 0, 0, 0, 14.057, 0, 14.343, 0, 2.694, 205, 0, 0, 0, 54.573, 1, 0.004, 0.004, 129.2, 32.228, 100, 0, 0, 141, 36.214, 36.214, 6, 0.82, 0, 92.5, 0, 0, 100.432, 51.931, 0, 0, 0, 0, 
6, 18.44, 100.3, 74.17, 75, , 1.585, 0.988, 429.113, 429.113, 2.695, 39.589, 39.589, 39.589, 52.061, 62.813, 33.628, 35.264, 7.38, 13.1, 0, 0, 5.401, 5.469, 5.401, 5.469, 1, 51.786, 51.786, 0.024, 0.134, 10.523, 10.648, 10.523, 10.648, 5.09, 7.38, 13.1, , , 1, 6.1, 0, 0, 14.332, 2.695, 205, 0, 0, 0, 54.677, 4.414, 4.323, 129.2, 32.189, 100, 0, 0, 36.161, 36.161, 6, 0.82, 92.5, 0, 0, 100.693, 51.997, 0, 0, 0, 0, 0, 14.068, 0, 14.332, 0, 2.695, 205, 0, 0, 0, 54.677, 1, 0.004, 0.004, 129.2, 32.189, 100, 0, 0, 141, 36.161, 36.161, 6, 0.82, 0, 92.5, 0, 0, 100.693, 51.997, 0, 0, 0, 0, 
6.05, 18.44, 100.3, 74.17, 75, , 1.584, 0.988, 432.88, 432.88, 2.697, 39.558, 39.558, 39.558, 52.03, 63.817, 33.76, 35.38, 7.379, 13.065, 0, 0, 5.404, 5.471, 5.404, 5.471, 1, 51.865, 51.865, 0.024, 0.134, 10.52, 10.646, 10.52, 10.646, 5.087, 7.379, 13.065, , , 1, 6.15, 0, 0, 14.322, 2.697, 205, 0, 0, 0, 54.781, 4.423, 4.322, 129.2, 32.151, 100, 0, 0, 36.109, 36.109, 6, 0.82, 92.5, 0, 0, 100.953, 52.062, 0, 0, 0, 0, 0, 14.078, 0, 14.322, 0, 2.697, 205, 0, 0, 0, 54.781, 1, 0.004, 0.004, 129.2, 32.151, 100, 0, 0, 141, 36.109, 36.109, 6, 0.82, 0, 92.5, 0, 0, 100.953, 52.062, 0, 0, 0, 0, 
6.1, 18.44, 100.3, 74.17, 75, , 1.593, 0.988, 436.646, 436.646, 2.698, 39.778, 39.778, 39.778, 51.993, 64.821, 33.939, 35.559, 7.379, 13.032, 0, 0, 5.442, 5.508, 5.442, 5.508, 1, 51.945, 51.945, 0.024, 0.134, 10.585, 10.712, 10.585, 10.712, 5.082, 7.379, 13.032, , , 1, 6.201, 0, 0, 14.311, 2.698, 205, 0, 0, 0, 54.885, 4.431, 4.321, 129.2, 32.112, 100, 0, 0, 36.057, 36.057, 6, 0.82, 92.5, 0, 0, 101.214, 52.128, 0, 0, 0, 0, 0, 14.089, 0, 14.311, 0, 2.698, 205, 0, 0, 0, 54.885, 1, 0.004, 0.004, 129.2, 32.112, 100, 0, 0, 141, 36.057, 36.057, 6, 0.82, 0, 92.5, 0, 0, 101.214, 52.128, 0, 0, 0, 0, 
6.15, 18.44, 100.3, 74.17, 75, , 1.532, 0.988, 440.474, 440.474, 2.7, 38.345, 38.345, 38.345, 51.953, 65.825, 34.118, 35.738, 7.378, 13.001, 0, 0, 5.254, 5.317, 5.254, 5.317, 1, 52.022, 52.022, 0.024, 0.134, 10.212, 10.335, 10.212, 10.335, 5.057, 7.378, 13.001, , , 1, 6.251, 0, 0, 14.301, 2.7, 205, 0, 0, 0, 54.99, 4.439, 4.32, 129.2, 32.074, 100, 0, 0, 36.005, 36.005, 6, 0.82, 92.5, 0, 0, 101.474, 52.193, 0, 0, 0, 0, 0, 14.099, 0, 14.301, 0, 2.7, 205, 0, 0, 0, 54.99, 1, 0.004, 0.004, 129.2, 32.074, 100, 0, 0, 141, 36.005, 36.005, 6, 0.82, 0, 92.5, 0, 0, 101.474, 52.193, 0, 0, 0, 0, 
6.2, 18.44, 100.3, 74.17, 75, , 1.468, 0.988, 444.302, 444.302, 2.701, 36.82, 36.82, 36.82, 51.911, 66.829, 34.298, 35.918, 7.378, 12.97, 0, 0, 5.053, 5.112, 5.053, 5.112, 1, 52.096, 52.096, 0.024, 0.135, 9.814, 9.933, 9.814, 9.933, 5.032, 7.378, 12.97, , , 1, 6.3, 0, 0, 14.3, 2.701, 205, 0, 0, 0, 55, 4.445, 4.324, 129.2, 32.097, 100, 0, 0, 36.074, 36.074, 6, 0.82, 92.5, 0, 0, 101.5, 52.291, 0, 0, 0, 0, 0, 14.093, 0, 14.3, 0, 2.701, 205, 0, 0, 0, 55, 1, 0.004, 0.004, 129.2, 32.097, 100, 0, 0, 141, 36.074, 36.074, 6, 0.82, 0, 92.5, 0, 0, 101.5, 52.291, 0, 0, 0, 0, 
6.25, 18.44, 100.3, 74.17, 75, , 1.456, 0.988, 448.095, 448.095, 2.703, 36.533, 36.533, 36.533, 51.868, 67.832, 34.477, 36.097, 7.377, 12.941, 0, 0, 5.021, 5.08, 5.021, 5.08, 1, 52.168, 52.168, 0.024, 0.135, 9.746, 9.864, 9.746, 9.864, 5.007, 7.377, 12.941, , , 1, 6.351, 0, 0, 14.3, 2.703, 205, 0, 0, 0, 55, 4.451, 4.329, 129.2, 32.128, 100, 0, 0, 36.156, 36.156, 6, 0.82, 92.5, 0, 0, 101.5, 52.393, 0, 0, 0, 0, 0, 14.084, 0, 14.3, 0, 2.703, 205, 0, 0, 0, 55, 1, 0.004, 0.004, 129.2, 32.128, 100, 0, 0, 141, 36.156, 36.156, 6, 0.82, 0, 92.5, 0, 0, 101.5, 52.393, 0, 0, 0, 0, 
6.3, 18.44, 100.3, 74.17, 75, , 1.481, 0.988, 451.881, 451.881, 2.705, 37.141, 37.141, 37.141, 51.825, 68.836, 34.52, 36.305, 7.377, 12.91, 0, 0, 5.113, 5.173, 5.113, 5.173, 1, 52.242, 52.242, 0.024, 0.136, 9.917, 10.037, 9.917, 10.037, 4.982, 7.377, 12.91, , , 1, 6.401, 0, 0, 14.3, 2.705, 205, 0, 0, 0, 55, 4.457, 4.334, 129.2, 32.158, 100, 0, 0, 36.238, 36.238, 6, 0.82, 92.5, 0, 0, 101.5, 52.495, 0, 0, 0, 0, 0, 14.076, 0, 14.3, 0, 2.705, 205, 0, 0, 0, 55, 1, 0.004, 0.004, 129.2, 32.158, 100, 0, 0, 141, 36.238, 36.238, 6, 0.82, 0, 92.5, 0, 0, 101.5, 52.495, 0, 0, 0, 0, 
6.35, 18.44, 100.3, 74.17, 75, , 1.497, 0.988, 455.709, 455.709, 2.706, 37.507, 37.507, 37.507, 51.78, 69.84, 34.52, 36.522, 7.377, 12.876, 0, 0, 5.171, 5.231, 5.171, 5.231, 1, 52.317, 52.317, 0.024, 0.136, 10.022, 10.145, 10.022, 10.145, 4.984, 7.377, 12.876, , , 1, 6.45, 0, 0, 14.3, 2.706, 205, 0, 0, 0, 55, 4.462, 4.339, 129.2, 32.188, 100, 0, 0, 36.32, 36.32, 6, 0.82, 92.5, 0, 0, 101.5, 52.596, 0, 0, 0, 0, 0, 14.068, 0, 14.3, 0, 2.706, 205, 0, 0, 0, 55, 1, 0.004, 0.004, 129.2, 32.188, 100, 0, 0, 141, 36.32, 36.32, 6, 0.82, 0, 92.5, 0, 0, 101.5, 52.596, 0, 0, 0, 0, 
6.4, 18.44, 100.3, 74.17, 75, , 1.499, 0.988, 459.537, 459.537, 2.708, 37.552, 37.552, 37.552, 51.735, 70.844, 34.52, 36.739, 7.377, 12.84, 0, 0, 5.186, 5.246, 5.186, 5.246, 1, 52.392, 52.392, 0.024, 0.135, 10.043, 10.165, 10.043, 10.165, 4.989, 7.377, 12.84, , , 1, 6.5, 0, 0, 14.3, 2.708, 205, 0, 0, 0, 55, 4.468, 4.344, 129.2, 32.219, 100, 0, 0, 36.402, 36.402, 6, 0.82, 92.5, 0, 0, 101.5, 52.698, 0, 0, 0, 0, 0, 14.06, 0, 14.3, 0, 2.708, 205, 0, 0, 0, 55, 1, 0.004, 0.004, 129.2, 32.219, 100, 0, 0, 141, 36.402, 36.402, 6, 0.82, 0, 92.5, 0, 0, 101.5, 52.698, 0, 0, 0, 0, 
6.45, 18.44, 100.3, 74.17, 75, , 1.524, 0.988, 463.365, 463.365, 2.709, 38.149, 38.149, 38.149, 51.69, 71.848, 34.52, 36.955, 7.377, 12.801, 0, 0, 5.274, 5.336, 5.274, 5.336, 1, 52.466, 52.466, 0.024, 0.135, 10.211, 10.335, 10.211, 10.335, 4.994, 7.377, 12.801, , , 1, 6.551, 0, 0, 14.3, 2.709, 205, 0, 0, 0, 55, 4.474, 4.349, 129.2, 32.249, 100, 0, 0, 36.484, 36.484, 6, 0.82, 92.5, 0, 0, 101.5, 52.8, 0, 0, 0, 0, 0, 14.052, 0, 14.3, 0, 2.709, 205, 0, 0, 0, 55, 1, 0.004, 0.004, 129.2, 32.249, 100, 0, 0, 141, 36.484, 36.484, 6, 0.82, 0, 92.5, 0, 0, 101.5, 52.8, 0, 0, 0, 0, 
6.5, 18.44, 100.3, 74.17, 75, , 1.52, 0.988, 467.234, 467.234, 2.711, 38.057, 38.057, 38.057, 51.645, 72.852, 34.52, 37.172, 7.377, 12.763, 0, 0, 5.268, 5.33, 5.268, 5.33, 1, 52.542, 52.542, 0.024, 0.135, 10.195, 10.319, 10.195, 10.319, 4.999, 7.377, 12.763, , , 1, 6.601, 0, 0, 14.3, 2.711, 205, 0, 0, 0, 55, 4.48, 4.354, 129.2, 32.279, 100, 0, 0, 36.566, 36.566, 6, 0.82, 92.5, 0, 0, 101.5, 52.901, 0, 0, 0, 0, 0, 14.043, 0, 14.3, 0, 2.711, 205, 0, 0, 0, 55, 1, 0.005, 0.004, 129.2, 32.279, 100, 0, 0, 141, 36.566, 36.566, 6, 0.82, 0, 92.5, 0, 0, 101.5, 52.901, 0, 0, 0, 0, 
6.55, 18.44, 100.3, 74.17, 75, , 1.511, 0.988, 471.097, 471.097, 2.712, 37.842, 37.842, 37.842, 51.6, 73.856, 34.632, 37.052, 7.378, 12.727, 0, 0, 5.244, 5.308, 5.244, 5.308, 1, 52.618, 52.618, 0.024, 0.135, 10.147, 10.269, 10.147, 10.269, 5.013, 7.378, 12.727, , , 1, 6.65, 0, 0, 14.3, 2.712, 205, 0, 0, 0, 55, 4.485, 4.359, 129.2, 32.31, 100, 0, 0, 36.648, 36.648, 6, 0.82, 92.5, 0, 0, 101.5, 53.003, 0, 0, 0, 0, 0, 14.035, 0, 14.3, 0, 2.712, 205, 0, 0, 0, 55, 1, 0.005, 0.004, 129.2, 32.31, 100, 0, 0, 141, 36.648, 36.648, 6, 0.82, 0, 92.5, 0, 0, 101.5, 53.003, 0, 0, 0, 0, 
6.6, 18.44, 100.3, 74.17, 75, , 1.505, 0.988, 474.925, 474.925, 2.714, 37.706, 37.706, 37.706, 51.573, 74.86, 34.776, 36.836, 7.378, 12.691, 0, 0, 5.232, 5.296, 5.232, 5.296, 1, 52.693, 52.693, 0.024, 0.135, 10.118, 10.239, 10.118, 10.239, 5.033, 7.378, 12.691, , , 1, 6.701, 0, 0, 14.3, 2.714, 205, 0, 0, 0, 55, 4.491, 4.364, 129.2, 32.34, 100, 0, 0, 36.73, 36.73, 6, 0.82, 92.5, 0, 0, 101.5, 53.105, 0, 0, 0, 0, 0, 14.027, 0, 14.3, 0, 2.714, 205, 0, 0, 0, 55, 1, 0.005, 0.004, 129.2, 32.34, 100, 0, 0, 141, 36.73, 36.73, 6, 0.82, 0, 92.5, 0, 0, 101.5, 53.105, 0, 0, 0, 0, 
6.65, 18.44, 100.3, 74.17, 75, , 1.468, 0.988, 478.754, 478.754, 2.715, 36.831, 36.831, 36.831, 51.577, 75.863, 34.92, 36.62, 7.379, 12.66, 0, 0, 5.117, 5.18, 5.117, 5.18, 1, 52.767, 52.767, 0.024, 0.134, 9.884, 10.002, 9.884, 10.002, 5.053, 7.379, 12.66, , , 1, 6.751, 0, 0, 14.3, 2.715, 205, 0, 0, 0, 55, 4.497, 4.369, 129.2, 32.37, 100, 0, 0, 36.811, 36.811, 6, 0.82, 92.5, 0, 0, 101.5, 53.206, 0, 0, 0, 0, 0, 14.019, 0, 14.3, 0, 2.715, 205, 0, 0, 0, 55, 1, 0.005, 0.004, 129.2, 32.37, 100, 0, 0, 141, 36.811, 36.811, 6, 0.82, 0, 92.5, 0, 0, 101.5, 53.206, 0, 0, 0, 0, 
6.7, 18.441, 100.3, 74.17, 75.001, , 1.464, 0.988, 482.646, 482.646, 2.717, 36.739, 36.739, 36.739, 51.611, 76.867, 35.064, 36.404, 7.379, 12.629, 0, 0, 5.111, 5.176, 5.111, 5.176, 1, 52.842, 52.842, 0.024, 0.134, 9.853, 9.971, 9.853, 9.971, 5.072, 7.379, 12.629, , , 1, 6.801, 0, 0, 14.3, 2.717, 205, 0, 0, 0, 55, 4.503, 4.374, 129.2, 32.401, 100, 0, 0, 36.893, 36.893, 6, 0.82, 92.5, 0, 0, 101.5, 53.308, 0, 0, 0, 0, 0, 14.011, 0, 14.3, 0, 2.717, 205, 0, 0, 0, 55, 1, 0.005, 0.004, 129.2, 32.401, 100, 0, 0, 141, 36.893, 36.893, 6, 0.82, 0, 92.5, 0, 0, 101.5, 53.308, 0, 0, 0, 0, 
6.75, 18.441, 100.3, 74.17, 75.003, , 1.401, 0.988, 488.054, 488.054, 2.719, 35.248, 35.248, 35.248, 51.687, 77.871, 35.208, 36.188, 7.38, 12.603, 0, 0, 4.914, 4.975, 4.914, 4.975, 1, 52.922, 52.922, 0.024, 0.134, 9.432, 9.548, 9.432, 9.548, 5.088, 7.38, 12.603, , , 1, 6.851, 0, 0, 14.3, 2.719, 205, 0, 0, 0, 55, 4.508, 4.379, 129.2, 32.431, 100, 0, 0, 36.975, 36.975, 6, 0.82, 92.5, 0, 0, 101.5, 53.41, 0, 0, 0, 0, 0, 14.002, 0, 14.3, 0, 2.719, 205, 0, 0, 0, 55, 1, 0.005, 0.004, 129.2, 32.431, 100, 0, 0, 141, 36.975, 36.975, 6, 0.82, 0, 92.5, 0, 0, 101.5, 53.41, 0, 0, 0, 0, 
6.8, 18.442, 100.3, 74.17, 75.004, , 1.376, 0.988, 492.685, 492.685, 2.727, 34.664, 34.664, 34.664, 51.832, 78.875, 35.38, 36.14, 7.38, 12.578, 0, 0, 4.842, 4.902, 4.842, 4.902, 1, 53.024, 53.024, 0.024, 0.133, 9.254, 9.368, 9.254, 9.368, 5.101, 7.38, 12.578, , , 1, 6.9, 0, 0, 14.3, 2.727, 205, 0, 0, 0, 55, 4.502, 4.363, 129.2, 32.388, 100, 0, 0, 37, 37, 6, 0.82, 92.85, 0, 0, 101.465, 53.483, 0, 0, 0, 0, 0, 14, 0, 14.3, 0, 2.727, 205, 0, 0, 0, 55, 1, 0.005, 0.004, 129.2, 32.388, 100, 0, 0, 141, 37, 37, 6, 0.82, 0, 92.85, 0, 0, 101.465, 53.483, 0, 0, 0, 0, 
6.85, 18.443, 100.3, 74.17, 75.006, , 1.393, 0.988, 496.577, 496.577, 2.739, 35.063, 35.063, 35.063, 51.924, 79.879, 35.559, 36.14, 7.38, 12.558, 0, 0, 4.905, 4.966, 4.905, 4.966, 1, 53.094, 53.094, 0.024, 0.133, 9.342, 9.457, 9.342, 9.457, 5.113, 7.38, 12.558, , , 1, 6.951, 0, 0, 14.3, 2.739, 205, 0, 0, 0, 55, 4.49, 4.339, 129.2, 32.314, 100, 0, 0, 37, 37, 6, 0.82, 93.35, 0, 0, 101.415, 53.545, 0, 0, 0, 0, 0, 14, 0, 14.3, 0, 2.739, 205, 0, 0, 0, 55, 1, 0.005, 0.004, 129.2, 32.314, 100, 0, 0, 141, 37, 37, 6, 0.82, 0, 93.35, 0, 0, 101.415, 53.545, 0, 0, 0, 0, 
6.9, 18.444, 100.3, 74.17, 75.007, , 1.403, 0.988, 500.469, 500.469, 2.751, 35.301, 35.301, 35.301, 52.001, 78.703, 35.738, 36.14, 7.379, 12.539, 0, 0, 4.945, 5.006, 4.945, 5.006, 1, 53.164, 53.164, 0.024, 0.133, 9.391, 9.508, 9.391, 9.508, 5.126, 7.379, 12.539, , , 1, 7.001, 0, 0, 14.3, 2.751, 205, 0, 0, 0, 55, 4.478, 4.315, 129.2, 32.24, 100, 0, 0, 37, 37, 6, 0.82, 93.85, 0, 0, 101.365, 53.607, 0, 0, 0, 0, 0, 14, 0, 14.3, 0, 2.751, 205, 0, 0, 0, 55, 1, 0.004, 0.004, 129.2, 32.24, 100, 0, 0, 141, 37, 37, 6, 0.82, 0, 93.85, 0, 0, 101.365, 53.607, 0, 0, 0, 0, 
6.95, 18.444, 100.3, 74.17, 75.009, , 1.342, 0.988, 504.361, 504.361, 2.763, 33.858, 33.858, 33.858, 52.067, 76.68, 35.918, 36.14, 7.379, 12.53, 0, 0, 4.75, 4.806, 4.75, 4.806, 1, 53.232, 53.232, 0.024, 0.133, 8.996, 9.108, 8.996, 9.108, 5.133, 7.379, 12.53, , , 1, 7.05, 0, 0, 14.3, 2.763, 205, 0, 0, 0, 55, 4.466, 4.291, 129.2, 32.166, 100, 0, 0, 37, 37, 6, 0.82, 94.35, 0, 0, 101.315, 53.669, 0, 0, 0, 0, 0, 14, 0, 14.3, 0, 2.763, 205, 0, 0, 0, 55, 1, 0.004, 0.004, 129.2, 32.166, 100, 0, 0, 141, 37, 37, 6, 0.82, 0, 94.35, 0, 0, 101.315, 53.669, 0, 0, 0, 0, 
7, 18.445, 100.3, 74.17, 75.01, , 1.299, 0.988, 508.251, 508.251, 2.775, 32.838, 32.838, 32.838, 52.118, 74.656, 36.097, 36.14, 7.378, 12.521, 0, 0, 4.612, 4.666, 4.612, 4.666, 1, 53.298, 53.298, 0.024, 0.133, 8.718, 8.825, 8.718, 8.825, 5.126, 7.378, 12.521, , , 1, 7.101, 0, 0, 14.3, 2.775, 205, 0, 0, 0, 55, 4.454, 4.267, 129.2, 32.092, 100, 0, 0, 37, 37, 6, 0.82, 94.85, 0, 0, 101.265, 53.731, 0, 0, 0, 0, 0, 14, 0, 14.3, 0, 2.775, 205, 0, 0, 0, 55, 1, 0.004, 0.004, 129.2, 32.092, 100, 0, 0, 141, 37, 37, 6, 0.82, 0, 94.85, 0, 0, 101.265, 53.731, 0, 0, 0, 0, 
7.05, 18.446, 100.3, 74.17, 75.012, , 1.324, 0.988, 512.143, 512.143, 2.78, 33.438, 33.438, 33.438, 52.148, 72.633, 35.865, 36.277, 7.378, 12.517, 0, 0, 4.701, 4.757, 4.701, 4.757, 1, 53.363, 53.363, 0.024, 0.133, 8.874, 8.981, 8.874, 8.981, 5.119, 7.378, 12.517, , , 1, 7.151, 0, 0, 14.3, 2.78, 205, 0, 0, 0, 55, 4.448, 4.258, 129.2, 32.07, 100, 0, 0, 37, 37, 6, 0.82, 95, 0, 0, 101.208, 53.802, 0, 0, 0, 0, 0, 14, 0, 14.3, 0, 2.78, 205, 0, 0, 0, 55, 1, 0.004, 0.004, 129.2, 32.07, 100, 0, 0, 141, 37, 37, 6, 0.82, 0, 95, 0, 0, 101.208, 53.802, 0, 0, 0, 0, 
7.1, 18.447, 100.3, 74.17, 75.013, , 1.304, 0.988, 516.035, 516.035, 2.783, 32.95, 32.95, 32.95, 52.156, 70.61, 35.504, 36.458, 7.378, 12.514, 0, 0, 4.638, 4.693, 4.638, 4.693, 1, 53.43, 53.43, 0.024, 0.132, 8.743, 8.849, 8.743, 8.849, 5.112, 7.378, 12.514, , , 1, 7.201, 0, 0, 14.3, 2.783, 205, 0, 0, 0, 55, 4.446, 4.256, 129.2, 32.07, 100, 0, 0, 37, 37, 6, 0.82, 95, 0, 0, 101.149, 53.875, 0, 0, 0, 0, 0, 14, 0, 14.3, 0, 2.783, 205, 0, 0, 0, 55, 1, 0.004, 0.004, 129.2, 32.07, 100, 0, 0, 141, 37, 37, 6, 0.82, 0, 95, 0, 0, 101.149, 53.875, 0, 0, 0, 0, 
7.15, 18.447, 100.3, 74.17, 75.015, , 1.25, 0.988, 519.927, 519.927, 2.786, 31.674, 31.674, 31.674, 52.153, 68.586, 35.142, 36.639, 7.379, 12.512, 0, 0, 4.463, 4.517, 4.463, 4.517, 1, 53.492, 53.492, 0.024, 0.132, 8.404, 8.507, 8.404, 8.507, 5.1, 7.379, 12.512, , , 1, 7.251, 0, 0, 14.3, 2.786, 205, 0, 0, 0, 55, 4.444, 4.254, 129.2, 32.07, 100, 0, 0, 37, 37, 6, 0.82, 95, 0, 0, 101.089, 53.949, 0, 0, 0, 0, 0, 14, 0, 14.3, 0, 2.786, 205, 0, 0, 0, 55, 1, 0.004, 0.004, 129.2, 32.07, 100, 0, 0, 141, 37, 37, 6, 0.82, 0, 95, 0, 0, 101.089, 53.949, 0, 0, 0, 0, 
7.2, 18.448, 100.3, 74.17, 75.016, , 1.221, 0.988, 523.832, 523.832, 2.789, 30.992, 30.992, 30.992, 52.138, 66.563, 34.781, 36.82, 7.379, 12.511, 0, 0, 4.372, 4.426, 4.372, 4.426, 1, 53.553, 53.553, 0.024, 0.133, 8.224, 8.325, 8.224, 8.325, 5.074, 7.379, 12.511, , , 1, 7.3, 0, 0, 14.3, 2.789, 205, 0, 0, 0, 55, 4.441, 4.251, 129.2, 32.07, 100, 0, 0, 37, 37, 6, 0.82, 95, 0, 0, 101.03, 54.023, 0, 0, 0, 0, 0, 14, 0, 14.3, 0, 2.789, 205, 0, 0, 0, 55, 1, 0.004, 0.004, 129.2, 32.07, 100, 0, 0, 141, 37, 37, 6, 0.82, 0, 95, 0, 0, 101.03, 54.023, 0, 0, 0, 0, 
7.25, 18.449, 100.3, 74.17, 75.018, , 1.24, 0.988, 527.787, 527.787, 2.791, 31.449, 31.449, 31.449, 52.116, 64.539, 34.42, 37, 7.38, 12.507, 0, 0, 4.44, 4.496, 4.44, 4.496, 1, 53.614, 53.614, 0.024, 0.133, 8.348, 8.45, 8.348, 8.45, 5.049, 7.38, 12.507, , , 1, 7.35, 0, 0, 14.3, 2.791, 205, 0, 0, 0, 55, 4.434, 4.248, 129.38, 32.07, 100, 0, 0, 37, 37, 6, 0.82, 94.95, 0, 0, 100.95, 54.06, 0, 0, 0, 0, 0, 14.01, 0, 14.3, 0, 2.791, 205, 0, 0, 0, 55, 1, 0.004, 0.004, 129.38, 32.07, 100, 0, 0, 141, 37, 37, 6, 0.82, 0, 94.95, 0, 0, 100.95, 54.06, 0, 0, 0, 0, 
7.3, 18.45, 100.3, 74.17, 75.019, , 1.271, 0.988, 531.679, 531.679, 2.792, 32.189, 32.189, 32.189, 52.094, 62.516, 34.508, 36.759, 7.38, 12.503, 0, 0, 4.55, 4.608, 4.55, 4.608, 1, 53.676, 53.676, 0.024, 0.134, 8.548, 8.653, 8.548, 8.653, 5.023, 7.38, 12.503, , , 1, 7.4, 0, 0, 14.3, 2.792, 205, 0, 0, 0, 55, 4.422, 4.244, 129.74, 32.07, 100, 0, 0, 37, 37, 6, 0.82, 94.85, 0, 0, 100.85, 54.06, 0, 0, 0, 0, 0, 14.03, 0, 14.3, 0, 2.792, 205, 0, 0, 0, 55, 1, 0.004, 0.004, 129.74, 32.07, 100, 0, 0, 141, 37, 37, 6, 0.82, 0, 94.85, 0, 0, 100.85, 54.06, 0, 0, 0, 0, 
7.35, 18.451, 100.3, 74.17, 75.021, , 1.266, 0.988, 535.625, 535.625, 2.794, 32.066, 32.066, 32.066, 52.079, 60.493, 34.724, 36.399, 7.38, 12.499, 0, 0, 4.538, 4.596, 4.538, 4.596, 1, 53.738, 53.738, 0.024, 0.134, 8.517, 8.623, 8.517, 8.623, 4.998, 7.38, 12.499, , , 1, 7.451, 0, 0, 14.3, 2.794, 205, 0, 0, 0, 55, 4.41, 4.24, 130.1, 32.07, 100, 0, 0, 37, 37, 6, 0.82, 94.75, 0, 0, 100.75, 54.06, 0, 0, 0, 0, 0, 14.05, 0, 14.3, 0, 2.794, 205, 0, 0, 0, 55, 1, 0.004, 0.004, 130.1, 32.07, 100, 0, 0, 141, 37, 37, 6, 0.82, 0, 94.75, 0, 0, 100.75, 54.06, 0, 0, 0, 0, 
7.4, 18.451, 100.3, 74.17, 75.023, , 1.273, 0.988, 539.541, 539.541, 2.795, 32.238, 32.238, 32.238, 52.072, 58.469, 34.94, 36.039, 7.379, 12.495, 0, 0, 4.568, 4.626, 4.568, 4.626, 1, 53.801, 53.801, 0.024, 0.134, 8.564, 8.67, 8.564, 8.67, 4.986, 7.379, 12.495, , , 1, 7.501, 0, 0, 14.3, 2.795, 205, 0, 0, 0, 55, 4.398, 4.236, 130.46, 32.07, 100, 0, 0, 37, 37, 6, 0.82, 94.65, 0, 0, 100.65, 54.06, 0, 0, 0, 0, 0, 14.07, 0, 14.3, 0, 2.795, 205, 0, 0, 0, 55, 1, 0.004, 0.004, 130.46, 32.07, 100, 0, 0, 141, 37, 37, 6, 0.82, 0, 94.65, 0, 0, 100.65, 54.06, 0, 0, 0, 0, 
7.45, 18.452, 100.3, 74.17, 75.024, , 1.296, 0.988, 543.462, 543.462, 2.796, 32.788, 32.788, 32.788, 52.074, 56.446, 35.156, 35.679, 7.379, 12.49, 0, 0, 4.651, 4.709, 4.651, 4.709, 1, 53.865, 53.865, 0.024, 0.135, 8.71, 8.817, 8.71, 8.817, 4.973, 7.379, 12.49, , , 1, 7.55, 0, 0, 14.3, 2.796, 205, 0, 0, 0, 55, 4.386, 4.232, 130.82, 32.07, 100, 0, 0, 37, 37, 6, 0.82, 94.55, 0, 0, 100.55, 54.06, 0, 0, 0, 0, 0, 14.09, 0, 14.3, 0, 2.796, 205, 0, 0, 0, 55, 1, 0.004, 0.004, 130.82, 32.07, 100, 0, 0, 141, 37, 37, 6, 0.82, 0, 94.55, 0, 0, 100.55, 54.06, 0, 0, 0, 0, 
7.5, 18.453, 100.3, 74.17, 75.026, , 1.327, 0.988, 547.42, 547.42, 2.8, 33.52, 33.52, 33.52, 52.081, 54.422, 35.372, 35.319, 7.378, 12.485, 0, 0, 4.761, 4.82, 4.761, 4.82, 1, 53.93, 53.93, 0.024, 0.135, 8.903, 9.014, 8.903, 9.014, 4.961, 7.378, 12.485, , , 1, 7.6, 0, 0, 14.3, 2.8, 205.104, 0, 0, 0, 55, 4.382, 4.224, 131, 32.051, 100, 0, 0, 37, 37, 6, 0.82, 94.474, 0, 0, 100.448, 54.124, 0, 0, 0, 0, 0, 14.1, 0, 14.3, 0, 2.8, 205.104, 0, 0, 0, 55, 1, 0.004, 0.004, 131, 32.051, 100, 0, 0, 141, 37, 37, 6, 0.82, 0, 94.474, 0, 0, 100.448, 54.124, 0, 0, 0, 0, 
7.55, 18.454, 100.3, 74.17, 75.027, , 1.362, 0.988, 551.377, 551.377, 2.806, 34.345, 34.345, 34.345, 52.088, 52.399, 35.42, 35.268, 7.378, 12.478, 0, 0, 4.885, 4.945, 4.885, 4.945, 1, 53.997, 53.997, 0.024, 0.136, 9.122, 9.234, 9.122, 9.234, 4.949, 7.378, 12.478, , , 1, 7.651, 0, 0, 14.3, 2.806, 205.311, 0, 0, 0, 55, 4.386, 4.211, 131, 32.012, 100, 0, 0, 37, 37, 6, 0.82, 94.422, 0, 0, 100.344, 54.253, 0, 0, 0, 0, 0, 14.1, 0, 14.3, 0, 2.806, 205.311, 0, 0, 0, 55, 1, 0.004, 0.004, 131, 32.012, 100, 0, 0, 141, 37, 37, 6, 0.82, 0, 94.422, 0, 0, 100.344, 54.253, 0, 0, 0, 0, 
7.6, 18.454, 100.3, 74.17, 75.029, , 1.379, 0.988, 555.335, 555.335, 2.812, 34.739, 34.739, 34.739, 52.094, 50.376, 35.42, 35.304, 7.377, 12.472, 0, 0, 4.948, 5.008, 4.948, 5.008, 1, 54.065, 54.065, 0.024, 0.136, 9.226, 9.339, 9.226, 9.339, 4.953, 7.377, 12.472, , , 1, 7.701, 0, 0, 14.3, 2.812, 205.519, 0, 0, 0, 55, 4.39, 4.199, 131, 31.974, 100, 0, 0, 37, 37, 6, 0.82, 94.37, 0, 0, 100.241, 54.382, 0, 0, 0, 0, 0, 14.1, 0, 14.3, 0, 2.812, 205.519, 0, 0, 0, 55, 1, 0.004, 0.004, 131, 31.974, 100, 0, 0, 141, 37, 37, 6, 0.82, 0, 94.37, 0, 0, 100.241, 54.382, 0, 0, 0, 0, 
7.65, 18.455, 100.3, 74.17, 75.03, , 1.369, 0.988, 559.293, 559.293, 2.817, 34.516, 34.516, 34.516, 52.096, 48.352, 35.42, 35.34, 7.377, 12.464, 0, 0, 4.922, 4.982, 4.922, 4.982, 1, 54.134, 54.134, 0.024, 0.136, 9.166, 9.28, 9.166, 9.28, 4.964, 7.377, 12.464, , , 1, 7.75, 0, 0, 14.3, 2.817, 205.726, 0, 0, 0, 55, 4.395, 4.186, 131, 31.936, 100, 0, 0, 37, 37, 6, 0.82, 94.318, 0, 0, 100.137, 54.51, 0, 0, 0, 0, 0, 14.1, 0, 14.3, 0, 2.817, 205.726, 0, 0, 0, 55, 1, 0.004, 0.004, 131, 31.935, 100, 0, 0, 141, 37, 37, 6, 0.82, 0, 94.318, 0, 0, 100.137, 54.51, 0, 0, 0, 0, 
7.7, 18.456, 100.3, 74.17, 75.032, , 1.357, 0.988, 563.251, 563.251, 2.823, 34.223, 34.223, 34.223, 52.096, 46.329, 35.42, 35.376, 7.377, 12.456, 0, 0, 4.886, 4.946, 4.886, 4.946, 1, 54.202, 54.202, 0.024, 0.136, 9.088, 9.202, 9.088, 9.202, 4.974, 7.377, 12.456, , , 1, 7.801, 0, 0, 14.3, 2.823, 205.934, 0, 0, 0, 55, 4.399, 4.174, 131, 31.897, 100, 0, 0, 37, 37, 6, 0.82, 94.267, 0, 0, 100.033, 54.639, 0, 0, 0, 0, 0, 14.1, 0, 14.3, 0, 2.823, 205.934, 0, 0, 0, 55, 1, 0.004, 0.004, 131, 31.897, 100, 0, 0, 141, 37, 37, 6, 0.82, 0, 94.267, 0, 0, 100.033, 54.639, 0, 0, 0, 0, 
7.75, 18.457, 100.3, 74.17, 75.033, , 1.332, 0.988, 567.208, 567.208, 2.826, 33.644, 33.644, 33.644, 52.092, 44.305, 35.42, 35.411, 7.378, 12.452, 0, 0, 4.81, 4.869, 4.81, 4.869, 1, 54.27, 54.27, 0.024, 0.135, 8.935, 9.047, 8.935, 9.047, 4.985, 7.378, 12.452, , , 1, 7.851, 0, 0, 14.3, 2.826, 206.142, 0, 0, 0, 55, 4.394, 4.164, 131, 31.859, 100, 0, 0, 37, 37, 6, 0.82, 94.214, 0, 0, 100, 54.68, 0, 0, 0, 0, 0, 14.1, 0, 14.3, 0, 2.826, 206.142, 0, 0, 0, 55, 1, 0.004, 0.004, 131, 31.858, 100, 0, 0, 141, 37, 37, 6, 0.82, 0, 94.214, 0, 0, 100, 54.68, 0, 0, 0, 0, 
7.8, 18.457, 100.3, 74.17, 75.035, , 1.302, 0.988, 571.165, 571.165, 2.828, 32.936, 32.936, 32.936, 52.089, 42.282, 35.394, 35.565, 7.378, 12.448, 0, 0, 4.714, 4.772, 4.714, 4.772, 1, 54.336, 54.336, 0.024, 0.135, 8.748, 8.857, 8.748, 8.857, 5.004, 7.378, 12.448, , , 1, 7.901, 0, 0, 14.3, 2.828, 206.351, 0, 0, 0, 55, 4.386, 4.156, 131, 31.82, 100, 0, 0, 37, 37, 6, 0.82, 94.162, 0, 0, 100, 54.68, 0, 0, 0, 0, 0, 14.1, 0, 14.3, 0, 2.828, 206.351, 0, 0, 0, 55, 1, 0.004, 0.004, 131, 31.819, 100, 0, 0, 141, 37, 37, 6, 0.82, 0, 94.162, 0, 0, 100, 54.68, 0, 0, 0, 0, 
7.85, 18.458, 100.3, 74.17, 75.036, , 1.286, 0.988, 575.123, 575.123, 2.829, 32.56, 32.56, 32.56, 52.085, 40.259, 35.359, 35.756, 7.379, 12.449, 0, 0, 4.665, 4.723, 4.665, 4.723, 1, 54.4, 54.4, 0.024, 0.135, 8.649, 8.757, 8.649, 8.757, 5.028, 7.379, 12.449, , , 1, 7.951, 0, 0, 14.3, 2.829, 206.561, 0, 0, 0, 55, 4.378, 4.148, 131, 31.781, 100, 0, 0, 37, 37, 6, 0.82, 94.11, 0, 0, 100, 54.68, 0, 0, 0, 0, 0, 14.1, 0, 14.3, 0, 2.829, 206.561, 0, 0, 0, 55, 1, 0.004, 0.004, 131, 31.781, 100, 0, 0, 141, 37, 37, 6, 0.82, 0, 94.11, 0, 0, 100, 54.68, 0, 0, 0, 0, 
7.9, 18.459, 100.3, 74.17, 75.038, , 1.296, 0.988, 579.081, 579.081, 2.831, 32.78, 32.78, 32.78, 52.081, 42.045, 35.324, 35.947, 7.379, 12.45, 0, 0, 4.702, 4.762, 4.702, 4.762, 1, 54.465, 54.465, 0.024, 0.135, 8.708, 8.816, 8.708, 8.816, 5.051, 7.379, 12.45, , , 1, 8.001, 0, 0, 14.3, 2.831, 206.77, 0, 0, 0, 55, 4.369, 4.139, 131, 31.743, 100, 0, 0, 37, 37, 6, 0.82, 94.058, 0, 0, 100, 54.68, 0, 0, 0, 0, 0, 14.1, 0, 14.3, 0, 2.831, 206.77, 0, 0, 0, 55, 1, 0.004, 0.004, 131, 31.742, 100, 0, 0, 141, 37, 37, 6, 0.82, 0, 94.058, 0, 0, 100, 54.68, 0, 0, 0, 0, 
7.95, 18.46, 100.3, 74.17, 75.039, , 1.289, 0.988, 583.107, 583.107, 2.833, 32.62, 32.62, 32.62, 52.075, 53.23, 35.289, 36.139, 7.38, 12.458, 0, 0, 4.685, 4.743, 4.685, 4.743, 1, 54.529, 54.529, 0.024, 0.134, 8.667, 8.773, 8.667, 8.773, 5.075, 7.38, 12.458, , , 1, 8.05, 0, 0, 14.3, 2.833, 206.979, 0, 0, 0, 55, 4.361, 4.131, 131, 31.704, 100, 0, 0, 37, 37, 6, 0.82, 94.005, 0, 0, 100, 54.68, 0, 0, 0, 0, 0, 14.1, 0, 14.3, 0, 2.833, 206.979, 0, 0, 0, 55, 1, 0.004, 0.004, 131, 31.704, 100, 0, 0, 141, 37, 37, 6, 0.82, 0, 94.005, 0, 0, 100, 54.68, 0, 0, 0, 0, 
8, 18.46, 100.3, 74.17, 75.04, , 1.251, 0.988, 587.075, 587.075, 2.836, 31.726, 31.726, 31.726, 52.069, 54.035, 35.255, 36.33, 7.38, 12.467, 0, 0, 4.562, 4.618, 4.562, 4.618, 1, 54.593, 54.593, 0.024, 0.134, 8.431, 8.534, 8.431, 8.534, 5.091, 7.38, 12.467, , , 1, 8.1, 0, 0, 14.3, 2.836, 207, 0, 0, 0, 55, 4.356, 4.13, 131, 31.7, 100, 0, 0, 37, 37, 6, 0.82, 93.91, 0, 0, 99.91, 54.792, 0, 0, 0, 0, 0, 14.082, 0, 14.3, 0, 2.836, 207, 0, 0, 0, 55, 1, 0.004, 0.004, 131, 31.7, 100, 0, 0, 141, 37, 37, 6, 0.82, 0, 93.91, 0, 0, 99.91, 54.792, 0, 0, 0, 0, 
8.05, 18.46, 100.3, 74.17, 75.04, , 1.221, 0.988, 591.078, 591.078, 2.839, 31.006, 31.006, 31.006, 52.066, 54.839, 35.262, 36.312, 7.38, 12.477, 0, 0, 4.464, 4.518, 4.464, 4.518, 1, 54.655, 54.655, 0.024, 0.135, 8.241, 8.341, 8.241, 8.341, 5.098, 7.38, 12.477, , , 1, 8.151, 0, 0, 14.3, 2.839, 207, 0, 0, 0, 55, 4.352, 4.13, 131, 31.7, 100, 0, 0, 37, 37, 6, 0.82, 93.81, 0, 0, 99.81, 54.916, 0, 0, 0, 0, 0, 14.062, 0, 14.3, 0, 2.839, 207, 0, 0, 0, 55, 1, 0.004, 0.004, 131, 31.7, 100, 0, 0, 141, 37, 37, 6, 0.82, 0, 93.81, 0, 0, 99.81, 54.916, 0, 0, 0, 0, 
8.1, 18.46, 100.3, 74.17, 75.04, , 1.193, 0.988, 595.07, 595.07, 2.842, 30.354, 30.354, 30.354, 52.062, 55.644, 35.299, 36.143, 7.379, 12.487, 0, 0, 4.374, 4.427, 4.374, 4.427, 1, 54.714, 54.714, 0.024, 0.135, 8.069, 8.166, 8.069, 8.166, 5.106, 7.379, 12.487, , , 1, 8.201, 0, 0, 14.3, 2.842, 207, 0, 0, 0, 55, 4.348, 4.13, 131, 31.7, 100, 0, 0, 37, 37, 6, 0.82, 93.71, 0, 0, 99.71, 55.04, 0, 0, 0, 0, 0, 14.042, 0, 14.3, 0, 2.842, 207, 0, 0, 0, 55, 1, 0.004, 0.004, 131, 31.7, 100, 0, 0, 141, 37, 37, 6, 0.82, 0, 93.71, 0, 0, 99.71, 55.04, 0, 0, 0, 0, 
8.15, 18.46, 100.3, 74.17, 75.04, , 1.153, 0.988, 599.05, 599.05, 2.845, 29.397, 29.397, 29.397, 52.059, 56.449, 35.337, 35.975, 7.379, 12.496, 0, 0, 4.241, 4.292, 4.241, 4.292, 1, 54.773, 54.773, 0.024, 0.135, 7.815, 7.909, 7.815, 7.909, 5.113, 7.379, 12.496, , , 1, 8.25, 0, 0, 14.3, 2.845, 207, 0, 0, 0, 55, 4.344, 4.13, 131, 31.7, 100, 0, 0, 37, 37, 6, 0.82, 93.61, 0, 0, 99.61, 55.164, 0, 0, 0, 0, 0, 14.022, 0, 14.3, 0, 2.845, 207, 0, 0, 0, 55, 1, 0.004, 0.004, 131, 31.7, 100, 0, 0, 141, 37, 37, 6, 0.82, 0, 93.61, 0, 0, 99.61, 55.164, 0, 0, 0, 0, 
8.2, 18.46, 100.3, 74.17, 75.04, , 1.107, 0.988, 603.075, 603.075, 2.848, 28.306, 28.306, 28.306, 52.057, 57.254, 35.374, 35.806, 7.378, 12.505, 0, 0, 4.089, 4.137, 4.089, 4.137, 1, 54.829, 54.829, 0.024, 0.136, 7.525, 7.615, 7.525, 7.615, 5.112, 7.378, 12.505, , , 1, 8.3, 0, 0, 14.3, 2.848, 207, 0, 0, 0, 55, 4.34, 4.13, 131, 31.7, 100, 0, 0, 37, 37, 6, 0.82, 93.51, 0, 0, 99.51, 55.288, 0, 0, 0, 0, 0, 14.002, 0, 14.3, 0, 2.848, 207, 0, 0, 0, 55, 1, 0.004, 0.004, 131, 31.7, 100, 0, 0, 141, 37, 37, 6, 0.82, 0, 93.51, 0, 0, 99.51, 55.288, 0, 0, 0, 0, 
8.25, 18.46, 100.3, 74.17, 75.04, , 1.129, 0.988, 607.1, 607.1, 2.851, 28.84, 28.84, 28.84, 52.057, 58.059, 35.412, 35.637, 7.378, 12.505, 0, 0, 4.17, 4.22, 4.17, 4.22, 1, 54.885, 54.885, 0.024, 0.136, 7.668, 7.76, 7.668, 7.76, 5.1, 7.378, 12.505, , , 1, 8.351, 0, 0, 14.3, 2.851, 207, 0, 0, 0, 55, 4.349, 4.135, 131, 31.7, 100, 0, 0, 37, 37, 6, 0.82, 93.5, 0, 0, 99.41, 55.3, 0, 0, 0, 0, 0, 14.018, 0, 14.3, 0, 2.851, 207, 0, 0, 0, 55, 1, 0.004, 0.004, 131, 31.7, 100, 0, 0, 141, 37, 37, 6, 0.82, 0, 93.5, 0, 0, 99.41, 55.3, 0, 0, 0, 0, 
8.3, 18.46, 100.3, 74.17, 75.04, , 1.185, 0.988, 611.126, 611.126, 2.853, 30.176, 30.176, 30.176, 52.058, 58.864, 35.476, 35.628, 7.377, 12.504, 0, 0, 4.367, 4.422, 4.367, 4.422, 1, 54.943, 54.943, 0.024, 0.136, 8.023, 8.119, 8.023, 8.119, 5.088, 7.377, 12.504, , , 1, 8.401, 0, 0, 14.3, 2.853, 207, 0, 0, 0, 55, 4.359, 4.141, 131, 31.7, 100, 0, 0, 37, 37, 6, 0.82, 93.5, 0, 0, 99.31, 55.3, 0, 0, 0, 0, 0, 14.038, 0, 14.3, 0, 2.853, 207, 0, 0, 0, 55, 1, 0.004, 0.004, 131, 31.7, 100, 0, 0, 141, 37, 37, 6, 0.82, 0, 93.5, 0, 0, 99.31, 55.3, 0, 0, 0, 0, 
8.35, 18.46, 100.3, 74.17, 75.04, , 1.194, 0.988, 615.152, 615.152, 2.856, 30.39, 30.39, 30.39, 52.059, 59.669, 35.548, 35.664, 7.377, 12.497, 0, 0, 4.402, 4.457, 4.402, 4.457, 1, 55.004, 55.004, 0.024, 0.137, 8.079, 8.176, 8.079, 8.176, 5.076, 7.377, 12.497, , , 1, 8.451, 0, 0, 14.3, 2.856, 207, 0, 0, 0, 55, 4.369, 4.147, 131, 31.7, 100, 0, 0, 37, 37, 6, 0.82, 93.5, 0, 0, 99.21, 55.3, 0, 0, 0, 0, 0, 14.058, 0, 14.3, 0, 2.856, 207, 0, 0, 0, 55, 1, 0.004, 0.004, 131, 31.7, 100, 0, 0, 141, 37, 37, 6, 0.82, 0, 93.5, 0, 0, 99.21, 55.3, 0, 0, 0, 0, 
8.4, 18.46, 100.3, 74.17, 75.04, , 1.186, 0.988, 619.178, 619.178, 2.859, 30.186, 30.186, 30.186, 52.063, 60.474, 35.62, 35.7, 7.377, 12.488, 0, 0, 4.378, 4.431, 4.378, 4.431, 1, 55.064, 55.064, 0.024, 0.137, 8.023, 8.121, 8.023, 8.121, 5.073, 7.377, 12.488, , , 1, 8.501, 0, 0, 14.3, 2.859, 207, 0, 0, 0, 55, 4.379, 4.153, 131, 31.7, 100, 0, 0, 37, 37, 6, 0.82, 93.5, 0, 0, 99.11, 55.3, 0, 0, 0, 0, 0, 14.078, 0, 14.3, 0, 2.859, 207, 0, 0, 0, 55, 1, 0.004, 0.004, 131, 31.7, 100, 0, 0, 141, 37, 37, 6, 0.82, 0, 93.5, 0, 0, 99.11, 55.3, 0, 0, 0, 0, 
8.45, 18.46, 100.3, 74.17, 75.04, , 1.182, 0.988, 623.204, 623.204, 2.862, 30.088, 30.088, 30.088, 52.07, 61.278, 35.692, 35.736, 7.377, 12.472, 0, 0, 4.369, 4.421, 4.369, 4.421, 1, 55.124, 55.124, 0.024, 0.137, 7.996, 8.095, 7.996, 8.095, 5.081, 7.377, 12.472, , , 1, 8.55, 0, 0, 14.3, 2.862, 207, 0, 0, 0, 55, 4.389, 4.159, 131, 31.7, 100, 0, 0, 37, 37, 6, 0.82, 93.5, 0, 0, 99.01, 55.3, 0, 0, 0, 0, 0, 14.098, 0, 14.3, 0, 2.862, 207, 0, 0, 0, 55, 1, 0.004, 0.004, 131, 31.7, 100, 0, 0, 141, 37, 37, 6, 0.82, 0, 93.5, 0, 0, 99.01, 55.3, 0, 0, 0, 0, 
8.5, 18.46, 100.3, 74.17, 75.04, , 1.178, 0.988, 627.229, 627.229, 2.867, 30.016, 30.016, 30.016, 52.08, 62.083, 35.764, 35.772, 7.378, 12.456, 0, 0, 4.363, 4.415, 4.363, 4.415, 1, 55.183, 55.183, 0.024, 0.136, 7.975, 8.075, 7.975, 8.075, 5.09, 7.378, 12.456, , , 1, 8.601, 0, 0, 14.3, 2.867, 207, 0, 0, 0, 55, 4.367, 4.146, 131, 31.636, 100, 0, 0, 36.957, 36.957, 6, 0.818, 93.413, 0, 0, 98.87, 55.407, 0, 0, 0, 0, 0, 14.091, 0, 14.3, 0, 2.867, 207, 0, 0, 0, 55, 1, 0.004, 0.004, 131, 31.636, 100, 0, 0, 141, 36.957, 36.957, 6, 0.818, 0, 93.413, 0, 0, 98.87, 55.407, 0, 0, 0, 0, 
8.55, 18.46, 100.3, 74.17, 75.04, , 1.154, 0.988, 631.255, 631.255, 2.872, 29.442, 29.442, 29.442, 52.09, 62.888, 35.752, 35.696, 7.378, 12.442, 0, 0, 4.285, 4.336, 4.285, 4.336, 1, 55.24, 55.24, 0.024, 0.136, 7.821, 7.918, 7.821, 7.918, 5.099, 7.378, 12.442, , , 1, 8.651, 0, 0, 14.3, 2.872, 207, 0, 0, 0, 55, 4.342, 4.131, 131, 31.565, 100, 0, 0, 36.909, 36.909, 6, 0.816, 93.317, 0, 0, 98.726, 55.527, 0, 0, 0, 0, 0, 14.082, 0, 14.3, 0, 2.872, 207, 0, 0, 0, 55, 1, 0.004, 0.004, 131, 31.565, 100, 0, 0, 141, 36.909, 36.909, 6, 0.816, 0, 93.317, 0, 0, 98.726, 55.527, 0, 0, 0, 0, 
8.6, 18.46, 100.3, 74.17, 75.04, , 1.097, 0.988, 635.281, 635.281, 2.877, 28.076, 28.076, 28.076, 52.103, 63.693, 35.716, 35.588, 7.379, 12.429, 0, 0, 4.09, 4.139, 4.09, 4.139, 1, 55.295, 55.295, 0.024, 0.136, 7.456, 7.548, 7.456, 7.548, 5.113, 7.379, 12.429, , , 1, 8.7, 0, 0, 14.3, 2.877, 207, 0, 0, 0, 55, 4.318, 4.115, 131, 31.494, 100, 0, 0, 36.861, 36.861, 6, 0.814, 93.221, 0, 0, 98.582, 55.646, 0, 0, 0, 0, 0, 14.072, 0, 14.3, 0, 2.877, 207, 0, 0, 0, 55, 1, 0.004, 0.004, 131, 31.494, 100, 0, 0, 141, 36.861, 36.861, 6, 0.814, 0, 93.221, 0, 0, 98.582, 55.646, 0, 0, 0, 0, 
8.65, 18.46, 100.3, 74.17, 75.04, , 1.113, 0.988, 639.307, 639.307, 2.883, 28.474, 28.474, 28.474, 52.116, 64.498, 35.68, 35.48, 7.379, 12.424, 0, 0, 4.153, 4.202, 4.153, 4.202, 1, 55.349, 55.349, 0.024, 0.136, 7.561, 7.653, 7.561, 7.653, 5.135, 7.379, 12.424, , , 1, 8.75, 0, 0, 14.3, 2.883, 207, 0, 0, 0, 55, 4.293, 4.1, 131, 31.422, 100, 0, 0, 36.812, 36.812, 6, 0.812, 93.125, 0, 0, 98.438, 55.765, 0, 0, 0, 0, 0, 14.063, 0, 14.3, 0, 2.883, 207, 0, 0, 0, 55, 1, 0.004, 0.004, 131, 31.422, 100, 0, 0, 141, 36.812, 36.812, 6, 0.812, 0, 93.125, 0, 0, 98.438, 55.765, 0, 0, 0, 0, 
8.7, 18.46, 100.3, 74.17, 75.04, , 1.078, 0.988, 643.395, 643.395, 2.888, 27.642, 27.642, 27.642, 52.127, 65.303, 35.644, 35.372, 7.38, 12.423, 0, 0, 4.033, 4.083, 4.033, 4.083, 1, 55.404, 55.404, 0.024, 0.136, 7.339, 7.427, 7.339, 7.427, 5.156, 7.38, 12.423, , , 1, 8.801, 0, 0, 14.3, 2.888, 207, 0, 0, 0, 55, 4.268, 4.085, 131, 31.351, 100, 0, 0, 36.764, 36.764, 6, 0.811, 93.029, 0, 0, 98.293, 55.884, 0, 0, 0, 0, 0, 14.053, 0, 14.3, 0, 2.888, 207, 0, 0, 0, 55, 1, 0.004, 0.004, 131, 31.351, 100, 0, 0, 141, 36.764, 36.764, 6, 0.811, 0, 93.029, 0, 0, 98.293, 55.884, 0, 0, 0, 0, 
8.75, 18.46, 100.3, 74.17, 75.04, , 1.039, 0.988, 647.439, 647.439, 2.891, 26.711, 26.711, 26.711, 52.136, 66.108, 35.608, 35.264, 7.38, 12.433, 0, 0, 3.9, 3.95, 3.9, 3.95, 1, 55.456, 55.456, 0.024, 0.135, 7.091, 7.175, 7.091, 7.175, 5.178, 7.38, 12.433, , , 1, 8.851, 0, 0, 14.3, 2.891, 207, 0, 0, 0, 55, 4.26, 4.079, 131, 31.33, 100, 0, 0, 36.786, 36.786, 6, 0.811, 93, 0, 0, 98.214, 55.92, 0, 0, 0, 0, 0, 14.057, 0, 14.3, 0, 2.891, 207, 0, 0, 0, 55, 1, 0.004, 0.004, 131, 31.33, 100, 0, 0, 141, 36.786, 36.786, 6, 0.811, 0, 93, 0, 0, 98.214, 55.92, 0, 0, 0, 0, 
8.8, 18.46, 100.3, 74.17, 75.04, , 1.033, 0.988, 651.465, 651.465, 2.893, 26.565, 26.565, 26.565, 52.138, 66.912, 35.516, 35.1, 7.379, 12.447, 0, 0, 3.883, 3.933, 3.883, 3.933, 1, 55.508, 55.508, 0.024, 0.135, 7.053, 7.136, 7.053, 7.136, 5.199, 7.379, 12.447, , , 1, 8.9, 0, 0, 14.3, 2.893, 207, 0, 0, 0, 55, 4.26, 4.076, 131, 31.33, 100, 0, 0, 36.839, 36.839, 6, 0.814, 93, 0, 0, 98.161, 55.92, 0, 0, 0, 0, 0, 14.068, 0, 14.3, 0, 2.893, 207, 0, 0, 0, 55, 1, 0.004, 0.004, 131, 31.33, 100, 0, 0, 141, 36.839, 36.839, 6, 0.814, 0, 93, 0, 0, 98.161, 55.92, 0, 0, 0, 0, 
8.85, 18.46, 100.3, 74.17, 75.04, , 1.056, 0.988, 655.521, 655.521, 2.894, 27.12, 27.12, 27.12, 52.126, 67.717, 35.408, 34.92, 7.379, 12.466, 0, 0, 3.969, 4.019, 3.969, 4.019, 1, 55.561, 55.561, 0.024, 0.135, 7.201, 7.287, 7.201, 7.287, 5.219, 7.379, 12.466, , , 1, 8.95, 0, 0, 14.3, 2.894, 207, 0, 0, 0, 55, 4.26, 4.074, 131, 31.33, 100, 0, 0, 36.891, 36.891, 6, 0.816, 93, 0, 0, 98.109, 55.92, 0, 0, 0, 0, 0, 14.078, 0, 14.3, 0, 2.894, 207, 0, 0, 0, 55, 1, 0.004, 0.004, 131, 31.33, 100, 0, 0, 141, 36.891, 36.891, 6, 0.816, 0, 93, 0, 0, 98.109, 55.92, 0, 0, 0, 0, 
8.9, 18.46, 100.3, 74.17, 75.04, , 1.061, 0.988, 659.617, 659.617, 2.896, 27.226, 27.226, 27.226, 52.103, 68.522, 35.3, 34.74, 7.378, 12.488, 0, 0, 3.988, 4.039, 3.988, 4.039, 1, 55.614, 55.614, 0.024, 0.135, 7.231, 7.318, 7.231, 7.318, 5.239, 7.378, 12.488, , , 1, 9.001, 0, 0, 14.3, 2.896, 207, 0, 0, 0, 55, 4.26, 4.072, 131, 31.33, 100, 0, 0, 36.943, 36.943, 6, 0.818, 93, 0, 0, 98.057, 55.92, 0, 0, 0, 0, 0, 14.089, 0, 14.3, 0, 2.896, 207, 0, 0, 0, 55, 1, 0.004, 0.004, 131, 31.33, 100, 0, 0, 141, 36.943, 36.943, 6, 0.818, 0, 93, 0, 0, 98.057, 55.92, 0, 0, 0, 0, 
8.95, 18.46, 100.3, 74.17, 75.04, , 1.009, 0.988, 663.704, 663.704, 2.898, 25.995, 25.995, 25.995, 52.074, 69.327, 35.192, 34.56, 7.378, 12.504, 0, 0, 3.811, 3.859, 3.811, 3.859, 1, 55.664, 55.664, 0.024, 0.134, 6.906, 6.991, 6.906, 6.991, 5.259, 7.378, 12.504, , , 1, 9.051, 0, 0, 14.3, 2.898, 207, 0, 0, 0, 55, 4.26, 4.07, 131, 31.33, 100, 0, 0, 36.995, 36.995, 6, 0.82, 93, 0, 0, 98.005, 55.92, 0, 0, 0, 0, 0, 14.099, 0, 14.3, 0, 2.898, 207, 0, 0, 0, 55, 1, 0.004, 0.004, 131, 31.33, 100, 0, 0, 141, 36.995, 36.995, 6, 0.82, 0, 93, 0, 0, 98.005, 55.92, 0, 0, 0, 0, 
9, 18.46, 100.3, 74.17, 75.04, , 1.047, 0.988, 667.73, 667.73, 2.901, 26.904, 26.904, 26.904, 52.043, 70.132, 35.084, 34.38, 7.377, 12.515, 0, 0, 3.949, 3.997, 3.949, 3.997, 1, 55.715, 55.715, 0.024, 0.134, 7.151, 7.241, 7.151, 7.241, 5.279, 7.377, 12.515, , , 1, 9.101, 0, 0, 14.3, 2.901, 207, 0, 0, 0, 55, 4.257, 4.067, 131, 31.33, 100, 0, 0, 36.87, 36.87, 6, 0.818, 92.913, 0, 0, 97.913, 55.974, 0, 0, 0, 0, 0, 14.091, 0, 14.3, 0, 2.901, 207, 0, 0, 0, 55, 1, 0.004, 0.004, 131, 31.33, 100, 0, 0, 141, 36.87, 36.87, 6, 0.818, 0, 92.913, 0, 0, 97.913, 55.974, 0, 0, 0, 0, 
9.05, 18.46, 100.3, 74.17, 75.04, , 1.034, 0.988, 671.826, 671.826, 2.903, 26.606, 26.606, 26.606, 52.021, 70.937, 35.06, 34.536, 7.377, 12.519, 0, 0, 3.909, 3.955, 3.909, 3.955, 1, 55.767, 55.767, 0.024, 0.134, 7.073, 7.163, 7.073, 7.163, 5.269, 7.377, 12.519, , , 1, 9.151, 0, 0, 14.3, 2.903, 207, 0, 0, 0, 55, 4.253, 4.063, 131, 31.33, 100, 0, 0, 36.726, 36.726, 6, 0.816, 92.817, 0, 0, 97.817, 56.033, 0, 0, 0, 0, 0, 14.082, 0, 14.3, 0, 2.903, 207, 0, 0, 0, 55, 1, 0.004, 0.004, 131, 31.33, 100, 0, 0, 141, 36.726, 36.726, 6, 0.816, 0, 92.817, 0, 0, 97.817, 56.033, 0, 0, 0, 0, 
9.1, 18.46, 100.3, 74.17, 75.04, , 0.975, 0.988, 675.922, 675.922, 2.906, 25.214, 25.214, 25.214, 52.015, 71.742, 35.06, 34.787, 7.377, 12.518, 0, 0, 3.709, 3.752, 3.709, 3.752, 1, 55.817, 55.817, 0.024, 0.135, 6.703, 6.789, 6.703, 6.789, 5.256, 7.377, 12.518, , , 1, 9.201, 0, 0, 14.3, 2.906, 207, 0, 0, 0, 55, 4.249, 4.059, 131, 31.33, 100, 0, 0, 36.582, 36.582, 6, 0.814, 92.721, 0, 0, 97.721, 56.093, 0, 0, 0, 0, 0, 14.072, 0, 14.3, 0, 2.906, 207, 0, 0, 0, 55, 1, 0.004, 0.004, 131, 31.33, 100, 0, 0, 141, 36.582, 36.582, 6, 0.814, 0, 92.721, 0, 0, 97.721, 56.093, 0, 0, 0, 0, 
9.15, 18.46, 100.3, 74.17, 75.04, , 0.891, 0.988, 680.019, 680.019, 2.909, 23.205, 23.205, 23.205, 52.028, 72.547, 35.06, 35.038, 7.377, 12.514, 0, 0, 3.418, 3.456, 3.418, 3.456, 1, 55.865, 55.865, 0.024, 0.135, 6.168, 6.247, 6.168, 6.247, 5.243, 7.377, 12.514, , , 1, 9.251, 0, 0, 14.3, 2.909, 207, 0, 0, 0, 55, 4.245, 4.055, 131, 31.33, 100, 0, 0, 36.438, 36.438, 6, 0.812, 92.625, 0, 0, 97.625, 56.152, 0, 0, 0, 0, 0, 14.063, 0, 14.3, 0, 2.909, 207, 0, 0, 0, 55, 1, 0.004, 0.004, 131, 31.33, 100, 0, 0, 141, 36.438, 36.438, 6, 0.812, 0, 92.625, 0, 0, 97.625, 56.152, 0, 0, 0, 0, 
9.2, 18.46, 100.3, 74.17, 75.04, , 0.88, 0.988, 684.076, 684.076, 2.912, 22.954, 22.954, 22.954, 52.059, 73.351, 35.06, 35.289, 7.377, 12.508, 0, 0, 3.384, 3.422, 3.384, 3.422, 1, 55.907, 55.907, 0.024, 0.135, 6.099, 6.177, 6.099, 6.177, 5.23, 7.377, 12.508, , , 1, 9.301, 0, 0, 14.3, 2.912, 207, 0, 0, 0, 55, 4.241, 4.051, 131, 31.33, 100, 0, 0, 36.293, 36.293, 6, 0.811, 92.529, 0, 0, 97.529, 56.212, 0, 0, 0, 0, 0, 14.053, 0, 14.3, 0, 2.912, 207, 0, 0, 0, 55, 1, 0.004, 0.004, 131, 31.33, 100, 0, 0, 141, 36.293, 36.293, 6, 0.811, 0, 92.529, 0, 0, 97.529, 56.212, 0, 0, 0, 0, 
9.25, 18.46, 100.3, 74.17, 75.04, , 0.889, 0.988, 688.129, 688.129, 2.914, 23.156, 23.156, 23.156, 52.098, 74.156, 35.06, 35.54, 7.377, 12.506, 0, 0, 3.416, 3.455, 3.416, 3.455, 1, 55.953, 55.953, 0.024, 0.135, 6.148, 6.226, 6.148, 6.226, 5.225, 7.377, 12.506, , , 1, 9.351, 0, 0, 14.3, 2.914, 207, 0, 0, 0, 55, 4.24, 4.05, 131, 31.276, 100, 0, 0, 36.214, 36.214, 6, 0.809, 92.5, 0, 0, 97.5, 56.275, 0, 0, 0, 0, 0, 14.043, 0, 14.3, 0, 2.914, 207, 0, 0, 0, 55, 1, 0.004, 0.004, 131, 31.276, 100, 0, 0, 141, 36.214, 36.214, 6, 0.809, 0, 92.5, 0, 0, 97.5, 56.275, 0, 0, 0, 0, 
9.3, 18.46, 100.3, 74.17, 75.04, , 0.853, 0.988, 692.226, 692.226, 2.917, 22.32, 22.32, 22.32, 52.133, 74.961, 35.06, 35.545, 7.377, 12.506, 0, 0, 3.294, 3.333, 3.294, 3.333, 1, 55.995, 55.995, 0.024, 0.136, 5.922, 5.996, 5.922, 5.996, 5.22, 7.377, 12.506, , , 1, 9.401, 0, 0, 14.3, 2.917, 207, 0, 0, 0, 55, 4.24, 4.05, 131, 31.199, 100, 0, 0, 36.161, 36.161, 6, 0.806, 92.5, 0, 0, 97.5, 56.34, 0, 0, 0, 0, 0, 14.032, 0, 14.3, 0, 2.917, 207, 0, 0, 0, 55, 1, 0.004, 0.004, 131, 31.199, 100, 0, 0, 141, 36.161, 36.161, 6, 0.806, 0, 92.5, 0, 0, 97.5, 56.34, 0, 0, 0, 0, 
9.35, 18.461, 100.3, 74.17, 75.04, , 0.871, 0.988, 696.332, 696.332, 2.92, 22.751, 22.751, 22.751, 52.16, 75.766, 35.06, 35.473, 7.377, 12.509, 0, 0, 3.36, 3.4, 3.36, 3.4, 1, 56.039, 56.039, 0.024, 0.136, 6.034, 6.108, 6.034, 6.108, 5.215, 7.377, 12.509, , , 1, 9.451, 0, 0, 14.3, 2.92, 207, 0, 0, 0, 55, 4.24, 4.05, 131, 31.122, 100, 0, 0, 36.109, 36.109, 6, 0.804, 92.5, 0, 0, 97.5, 56.404, 0, 0, 0, 0, 0, 14.022, 0, 14.3, 0, 2.92, 207, 0, 0, 0, 55, 1, 0.004, 0.004, 131, 31.122, 100, 0, 0, 141, 36.109, 36.109, 6, 0.804, 0, 92.5, 0, 0, 97.5, 56.404, 0, 0, 0, 0, 
9.4, 18.462, 100.3, 74.17, 75.04, , 0.895, 0.988, 700.502, 700.502, 2.922, 23.306, 23.306, 23.306, 52.175, 76.571, 35.06, 35.4, 7.377, 12.514, 0, 0, 3.444, 3.486, 3.444, 3.486, 1, 56.083, 56.083, 0.024, 0.136, 6.18, 6.256, 6.18, 6.256, 5.21, 7.377, 12.514, , , 1, 9.501, 0, 0, 14.3, 2.922, 207, 0, 0, 0, 55, 4.24, 4.05, 131, 31.045, 100, 0, 0, 36.057, 36.057, 6, 0.802, 92.5, 0, 0, 97.5, 56.469, 0, 0, 0, 0, 0, 14.011, 0, 14.3, 0, 2.922, 207, 0, 0, 0, 55, 1, 0.004, 0.004, 131, 31.045, 100, 0, 0, 141, 36.057, 36.057, 6, 0.802, 0, 92.5, 0, 0, 97.5, 56.469, 0, 0, 0, 0, 
9.45, 18.463, 100.3, 74.17, 75.04, , 0.908, 0.988, 704.597, 704.597, 2.925, 23.62, 23.62, 23.62, 52.178, 77.376, 35.06, 35.328, 7.377, 12.519, 0, 0, 3.491, 3.535, 3.491, 3.535, 1, 56.127, 56.127, 0.024, 0.136, 6.262, 6.34, 6.262, 6.34, 5.219, 7.377, 12.519, , , 1, 9.551, 0, 0, 14.3, 2.925, 207, 0, 0, 0, 55, 4.24, 4.05, 131, 30.968, 100, 0, 0, 36.005, 36.005, 6, 0.8, 92.5, 0, 0, 97.5, 56.534, 0, 0, 0, 0, 0, 14.001, 0, 14.3, 0, 2.925, 207, 0, 0, 0, 55, 1, 0.004, 0.004, 131, 30.968, 100, 0, 0, 141, 36.005, 36.005, 6, 0.8, 0, 92.5, 0, 0, 97.5, 56.534, 0, 0, 0, 0, 
9.5, 18.463, 100.3, 74.17, 75.04, , 0.919, 0.988, 708.694, 708.694, 2.927, 23.872, 23.872, 23.872, 52.171, 78.181, 35.06, 35.256, 7.378, 12.525, 0, 0, 3.531, 3.577, 3.531, 3.577, 1, 56.173, 56.173, 0.024, 0.136, 6.331, 6.409, 6.331, 6.409, 5.238, 7.378, 12.525, , , 1, 9.601, 0, 0, 14.3, 2.927, 207, 0, 0, 0, 55, 4.226, 4.046, 131, 30.96, 100, 0, 0, 36.18, 36.18, 6, 0.804, 92.5, 0, 0, 97.5, 56.54, 0, 0, 0, 0, 0, 14.018, 0, 14.3, 0, 2.927, 207, 0, 0, 0, 55, 1, 0.004, 0.004, 131, 30.96, 100, 0, 0, 141, 36.18, 36.18, 6, 0.804, 0, 92.5, 0, 0, 97.5, 56.54, 0, 0, 0, 0, 
9.55, 18.464, 100.3, 74.17, 75.04, , 0.941, 0.988, 712.791, 712.791, 2.928, 24.4, 24.4, 24.4, 52.158, 78.985, 35.116, 35.38, 7.379, 12.528, 0, 0, 3.611, 3.659, 3.611, 3.659, 1, 56.221, 56.221, 0.024, 0.136, 6.474, 6.553, 6.474, 6.553, 5.257, 7.379, 12.528, , , 1, 9.651, 0, 0, 14.3, 2.928, 207, 0, 0, 0, 55, 4.21, 4.042, 131, 30.96, 100, 0, 0, 36.38, 36.38, 6, 0.808, 92.5, 0, 0, 97.5, 56.54, 0, 0, 0, 0, 0, 14.038, 0, 14.3, 0, 2.928, 207, 0, 0, 0, 55, 1, 0.004, 0.004, 131, 30.96, 100, 0, 0, 141, 36.38, 36.38, 6, 0.808, 0, 92.5, 0, 0, 97.5, 56.54, 0, 0, 0, 0, 
9.6, 18.465, 100.3, 74.17, 75.04, , 0.97, 0.988, 716.887, 716.887, 2.93, 25.09, 25.09, 25.09, 52.142, 79.79, 35.188, 35.56, 7.38, 12.528, 0, 0, 3.717, 3.765, 3.717, 3.765, 1, 56.269, 56.269, 0.024, 0.136, 6.659, 6.741, 6.659, 6.741, 5.275, 7.38, 12.528, , , 1, 9.701, 0, 0, 14.3, 2.93, 207, 0, 0, 0, 55, 4.194, 4.038, 131, 30.96, 100, 0, 0, 36.58, 36.58, 6, 0.812, 92.5, 0, 0, 97.5, 56.54, 0, 0, 0, 0, 0, 14.058, 0, 14.3, 0, 2.93, 207, 0, 0, 0, 55, 1, 0.004, 0.004, 131, 30.96, 100, 0, 0, 141, 36.58, 36.58, 6, 0.812, 0, 92.5, 0, 0, 97.5, 56.54, 0, 0, 0, 0, 
9.65, 18.466, 100.3, 74.17, 75.04, , 0.977, 0.988, 721.016, 721.016, 2.932, 25.263, 25.263, 25.263, 52.121, 80.595, 35.26, 35.74, 7.382, 12.526, 0, 0, 3.747, 3.794, 3.747, 3.794, 1, 56.318, 56.318, 0.024, 0.136, 6.707, 6.79, 6.707, 6.79, 5.292, 7.382, 12.526, , , 1, 9.751, 0, 0, 14.3, 2.932, 207, 0, 0, 0, 55, 4.178, 4.034, 131, 30.96, 100, 0, 0, 36.78, 36.78, 6, 0.816, 92.5, 0, 0, 97.5, 56.54, 0, 0, 0, 0, 0, 14.078, 0, 14.3, 0, 2.932, 207, 0, 0, 0, 55, 1, 0.004, 0.004, 131, 30.96, 100, 0, 0, 141, 36.78, 36.78, 6, 0.816, 0, 92.5, 0, 0, 97.5, 56.54, 0, 0, 0, 0, 
9.7, 18.466, 100.3, 74.17, 75.04, , 0.976, 0.988, 725.161, 725.161, 2.934, 25.25, 25.25, 25.25, 52.099, 81.4, 35.332, 35.92, 7.383, 12.522, 0, 0, 3.749, 3.795, 3.749, 3.795, 1, 56.366, 56.366, 0.024, 0.135, 6.706, 6.789, 6.706, 6.789, 5.305, 7.383, 12.522, , , 1, 9.801, 0, 0, 14.3, 2.934, 207, 0, 0, 0, 55, 4.162, 4.03, 131, 30.96, 100, 0, 0, 36.98, 36.98, 6, 0.82, 92.5, 0, 0, 97.5, 56.54, 0, 0, 0, 0, 0, 14.098, 0, 14.3, 0, 2.934, 207, 0, 0, 0, 55, 1, 0.004, 0.004, 131, 30.96, 100, 0, 0, 141, 36.98, 36.98, 6, 0.82, 0, 92.5, 0, 0, 97.5, 56.54, 0, 0, 0, 0, 
9.75, 18.467, 100.3, 74.17, 75.04, , 1.014, 0.988, 729.258, 729.258, 2.936, 26.134, 26.134, 26.134, 52.076, 82.205, 35.404, 36.1, 7.384, 12.515, 0, 0, 3.883, 3.931, 3.883, 3.931, 1, 56.416, 56.416, 0.024, 0.135, 6.943, 7.029, 6.943, 7.029, 5.318, 7.384, 12.515, , , 1, 9.851, 0, 0, 14.3, 2.936, 207, 0, 0, 0, 55, 4.159, 4.028, 131, 30.96, 100, 0, 0, 36.945, 36.945, 6, 0.819, 92.463, 0, 0, 97.445, 56.609, 0, 0, 0, 0, 0, 14.093, 0, 14.3, 0, 2.936, 207, 0, 0, 0, 55, 1, 0.004, 0.004, 131, 30.96, 100, 0, 0, 141, 36.945, 36.945, 6, 0.819, 0, 92.463, 0, 0, 97.445, 56.609, 0, 0, 0, 0, 
9.8, 18.468, 100.3, 74.17, 75.04, , 1.012, 0.988, 733.357, 733.357, 2.939, 26.105, 26.105, 26.105, 52.051, 83.01, 35.139, 36, 7.384, 12.506, 0, 0, 3.883, 3.929, 3.883, 3.929, 1, 56.466, 56.466, 0.024, 0.135, 6.939, 7.025, 6.939, 7.025, 5.332, 7.384, 12.506, , , 1, 9.901, 0, 0, 14.3, 2.939, 207, 0, 0, 0, 55, 4.158, 4.026, 131, 30.96, 100, 0, 0, 36.883, 36.883, 6, 0.818, 92.422, 0, 0, 97.383, 56.686, 0, 0, 0, 0, 0, 14.084, 0, 14.3, 0, 2.939, 207, 0, 0, 0, 55, 1, 0.004, 0.004, 131, 30.96, 100, 0, 0, 141, 36.883, 36.883, 6, 0.818, 0, 92.422, 0, 0, 97.383, 56.686, 0, 0, 0, 0, 
9.85, 18.469, 100.3, 74.17, 75.04, , 1.049, 0.988, 737.527, 737.527, 2.941, 26.971, 26.971, 26.971, 52.025, 83.815, 34.779, 35.82, 7.383, 12.5, 0, 0, 4.015, 4.063, 4.015, 4.063, 1, 56.518, 56.518, 0.024, 0.135, 7.171, 7.261, 7.171, 7.261, 5.338, 7.383, 12.5, , , 1, 9.951, 0, 0, 14.3, 2.941, 207, 0, 0, 0, 55, 4.158, 4.024, 131, 30.96, 100, 0, 0, 36.822, 36.822, 6, 0.818, 92.381, 0, 0, 97.322, 56.763, 0, 0, 0, 0, 0, 14.076, 0, 14.3, 0, 2.941, 207, 0, 0, 0, 55, 1, 0.004, 0.004, 131, 30.96, 100, 0, 0, 141, 36.822, 36.822, 6, 0.818, 0, 92.381, 0, 0, 97.322, 56.763, 0, 0, 0, 0, 
9.9, 18.469, 100.3, 74.17, 75.04, , 0.998, 0.988, 741.629, 741.629, 2.943, 25.767, 25.767, 25.767, 52, 81.635, 34.419, 35.64, 7.382, 12.497, 0, 0, 3.839, 3.885, 3.839, 3.885, 1, 56.569, 56.569, 0.024, 0.134, 6.854, 6.939, 6.854, 6.939, 5.333, 7.382, 12.497, , , 1, 10.001, 0, 0, 14.3, 2.943, 207, 0, 0, 0, 55, 4.157, 4.022, 131, 30.96, 100, 0, 0, 36.76, 36.76, 6, 0.817, 92.34, 0, 0, 97.26, 56.84, 0, 0, 0, 0, 0, 14.068, 0, 14.3, 0, 2.943, 207, 0, 0, 0, 55, 1, 0.004, 0.004, 131, 30.96, 100, 0, 0, 141, 36.76, 36.76, 6, 0.817, 0, 92.34, 0, 0, 97.26, 56.84, 0, 0, 0, 0, 
9.95, 18.47, 100.3, 74.17, 75.04, , 0.962, 0.988, 745.782, 745.782, 2.946, 24.924, 24.924, 24.924, 51.977, 78.295, 34.059, 35.46, 7.38, 12.496, 0, 0, 3.716, 3.762, 3.716, 3.762, 1, 56.617, 56.617, 0.024, 0.134, 6.633, 6.715, 6.633, 6.715, 5.328, 7.38, 12.496, , , 1, 10.051, 0, 0, 14.3, 2.946, 207, 0, 0, 0, 55, 4.156, 4.02, 131, 30.96, 100, 0, 0, 36.699, 36.699, 6, 0.816, 92.299, 0, 0, 97.199, 56.918, 0, 0, 0, 0, 0, 14.06, 0, 14.3, 0, 2.946, 207, 0, 0, 0, 55, 1, 0.004, 0.004, 131, 30.96, 100, 0, 0, 141, 36.699, 36.699, 6, 0.816, 0, 92.299, 0, 0, 97.199, 56.918, 0, 0, 0, 0, 
10, 18.471, 100.3, 74.17, 75.04, , 0.93, 0.988, 749.952, 749.952, 2.948, 24.147, 24.147, 24.147, 51.956, 74.955, 33.699, 35.28, 7.379, 12.496, 0, 0, 3.603, 3.648, 3.603, 3.648, 1, 56.665, 56.665, 0.024, 0.133, 6.429, 6.507, 6.429, 6.507, 5.323, 7.379, 12.496, , , 1, 10.1, 0, 0, 14.3, 2.948, 207, 0, 0, 0, 55, 4.155, 4.018, 131, 30.96, 100, 0, 0, 36.637, 36.637, 6, 0.815, 92.258, 0, 0, 97.137, 56.995, 0, 0, 0, 0, 0, 14.052, 0, 14.3, 0, 2.948, 207, 0, 0, 0, 55, 1, 0.004, 0.004, 131, 30.96, 100, 0, 0, 141, 36.637, 36.637, 6, 0.815, 0, 92.258, 0, 0, 97.137, 56.995, 0, 0, 0, 0, 
10.05, 18.472, 100.3, 74.17, 75.04, , 0.895, 0.988, 754.082, 754.082, 2.95, 23.319, 23.319, 23.319, 51.936, 71.616, 33.844, 35.016, 7.378, 12.499, 0, 0, 3.483, 3.526, 3.483, 3.526, 1, 56.711, 56.711, 0.024, 0.133, 6.212, 6.287, 6.212, 6.287, 5.311, 7.378, 12.499, , , 1, 10.15, 0, 0, 14.3, 2.95, 207, 0, 0, 0, 55, 4.154, 4.016, 131, 30.96, 100, 0, 0, 36.576, 36.576, 6, 0.814, 92.217, 0, 0, 97.076, 57.072, 0, 0, 0, 0, 0, 14.043, 0, 14.3, 0, 2.95, 207, 0, 0, 0, 55, 1, 0.004, 0.004, 131, 30.96, 100, 0, 0, 141, 36.576, 36.576, 6, 0.814, 0, 92.217, 0, 0, 97.076, 57.072, 0, 0, 0, 0, 
10.1, 18.472, 100.3, 74.17, 75.04, , 0.859, 0.988, 758.208, 758.208, 2.953, 22.466, 22.466, 22.466, 51.922, 68.276, 34.131, 34.729, 7.378, 12.506, 0, 0, 3.359, 3.4, 3.359, 3.4, 1, 56.755, 56.755, 0.024, 0.133, 5.986, 6.059, 5.986, 6.059, 5.289, 7.378, 12.506, , , 1, 10.201, 0, 0, 14.3, 2.953, 207, 0, 0, 0, 55, 4.154, 4.014, 131, 30.96, 100, 0, 0, 36.514, 36.514, 6, 0.814, 92.176, 0, 0, 97.014, 57.149, 0, 0, 0, 0, 0, 14.035, 0, 14.3, 0, 2.953, 207, 0, 0, 0, 55, 1, 0.004, 0.004, 131, 30.96, 100, 0, 0, 141, 36.514, 36.514, 6, 0.814, 0, 92.176, 0, 0, 97.014, 57.149, 0, 0, 0, 0, 
10.15, 18.473, 100.3, 74.17, 75.04, , 0.828, 0.988, 762.377, 762.377, 2.955, 21.731, 21.731, 21.731, 51.924, 64.936, 34.417, 34.443, 7.378, 12.513, 0, 0, 3.252, 3.291, 3.252, 3.291, 1, 56.796, 56.796, 0.024, 0.133, 5.792, 5.861, 5.792, 5.861, 5.266, 7.378, 12.513, , , 1, 10.251, 0, 0, 14.3, 2.955, 207, 0, 0, 0, 55, 4.153, 4.012, 131, 30.96, 100, 0, 0, 36.453, 36.453, 6, 0.813, 92.135, 0, 0, 96.953, 57.226, 0, 0, 0, 0, 0, 14.027, 0, 14.3, 0, 2.955, 207, 0, 0, 0, 55, 1, 0.004, 0.004, 131, 30.96, 100, 0, 0, 141, 36.453, 36.453, 6, 0.813, 0, 92.135, 0, 0, 96.953, 57.226, 0, 0, 0, 0, 
10.2, 18.474, 100.3, 74.17, 75.04, , 0.822, 0.988, 766.547, 766.547, 2.958, 21.604, 21.604, 21.604, 51.943, 61.596, 34.704, 34.156, 7.379, 12.519, 0, 0, 3.236, 3.274, 3.236, 3.274, 1, 56.838, 56.838, 0.024, 0.133, 5.756, 5.825, 5.756, 5.825, 5.244, 7.379, 12.519, , , 1, 10.301, 0, 0, 14.3, 2.958, 207, 0, 0, 0, 55, 4.152, 4.01, 131, 30.96, 100, 0, 0, 36.391, 36.391, 6, 0.812, 92.094, 0, 0, 96.891, 57.303, 0, 0, 0, 0, 0, 14.019, 0, 14.3, 0, 2.958, 207, 0, 0, 0, 55, 1, 0.004, 0.004, 131, 30.96, 100, 0, 0, 141, 36.391, 36.391, 6, 0.812, 0, 92.094, 0, 0, 96.891, 57.303, 0, 0, 0, 0, 
10.25, 18.475, 100.3, 74.17, 75.04, , 0.864, 0.988, 770.717, 770.717, 2.96, 22.584, 22.584, 22.584, 51.975, 58.256, 34.991, 33.869, 7.379, 12.527, 0, 0, 3.386, 3.426, 3.386, 3.426, 1, 56.88, 56.88, 0.024, 0.133, 6.012, 6.086, 6.012, 6.086, 5.224, 7.379, 12.527, , , 1, 10.351, 0, 0, 14.3, 2.96, 207, 0, 0, 0, 55, 4.151, 4.008, 131, 30.96, 100, 0, 0, 36.33, 36.33, 6, 0.811, 92.053, 0, 0, 96.83, 57.38, 0, 0, 0, 0, 0, 14.011, 0, 14.3, 0, 2.96, 207, 0, 0, 0, 55, 1, 0.004, 0.004, 131, 30.96, 100, 0, 0, 141, 36.33, 36.33, 6, 0.811, 0, 92.053, 0, 0, 96.83, 57.38, 0, 0, 0, 0, 
10.3, 18.475, 100.3, 74.17, 75.04, , 0.832, 0.988, 774.887, 774.887, 2.962, 21.836, 21.836, 21.836, 52.02, 54.916, 35.06, 34.157, 7.38, 12.536, 0, 0, 3.277, 3.315, 3.277, 3.315, 1, 56.922, 56.922, 0.024, 0.133, 5.808, 5.879, 5.808, 5.879, 5.223, 7.38, 12.536, , , 1, 10.401, 0, 0, 14.3, 2.962, 207, 0, 0, 0, 55, 4.15, 4.006, 131, 30.96, 100, 0, 0, 36.268, 36.268, 6, 0.81, 92.012, 0, 0, 96.768, 57.457, 0, 0, 0, 0, 0, 14.002, 0, 14.3, 0, 2.962, 207, 0, 0, 0, 55, 1, 0.004, 0.004, 131, 30.96, 100, 0, 0, 141, 36.268, 36.268, 6, 0.81, 0, 92.012, 0, 0, 96.768, 57.457, 0, 0, 0, 0, 
10.35, 18.476, 100.3, 74.17, 75.04, , 0.788, 0.988, 779.057, 779.057, 2.966, 20.802, 20.802, 20.802, 52.073, 51.576, 35.06, 34.627, 7.38, 12.544, 0, 0, 3.123, 3.16, 3.123, 3.16, 1, 56.962, 56.962, 0.024, 0.133, 5.528, 5.594, 5.528, 5.594, 5.222, 7.38, 12.544, , , 1, 10.451, 0, 0, 14.3, 2.966, 207, 0, 0, 0, 55, 4.156, 4.001, 131, 30.96, 100, 0, 0, 36.326, 36.326, 6, 0.81, 91.924, 0, 0, 96.636, 57.527, 0, 0, 0, 0, 0, 14.008, 0, 14.3, 0, 2.966, 207, 0, 0, 0, 55, 1, 0.004, 0.004, 131, 30.96, 100, 0, 0, 141, 36.326, 36.326, 6, 0.81, 0, 91.924, 0, 0, 96.636, 57.527, 0, 0, 0, 0, 
10.4, 18.477, 100.3, 74.17, 75.04, , 0.698, 0.988, 783.226, 783.226, 2.97, 18.663, 18.663, 18.663, 52.124, 48.236, 35.06, 35.097, 7.379, 12.548, 0, 0, 2.803, 2.837, 2.803, 2.837, 1, 56.998, 56.998, 0.024, 0.133, 4.954, 5.015, 4.954, 5.015, 5.221, 7.379, 12.548, , , 1, 10.501, 0, 0, 14.3, 2.97, 207, 0, 0, 0, 55, 4.165, 3.996, 131, 30.96, 100, 0, 0, 36.435, 36.435, 6, 0.81, 91.815, 0, 0, 96.473, 57.595, 0, 0, 0, 0, 0, 14.018, 0, 14.3, 0, 2.97, 207, 0, 0, 0, 55, 1, 0.004, 0.004, 131, 30.96, 100, 0, 0, 141, 36.435, 36.435, 6, 0.81, 0, 91.815, 0, 0, 96.473, 57.595, 0, 0, 0, 0, 
10.45, 18.478, 100.3, 74.17, 75.04, , 0.6, 0.988, 787.396, 787.396, 2.974, 16.346, 16.346, 16.346, 52.166, 44.896, 35.06, 35.567, 7.379, 12.549, 0, 0, 2.456, 2.486, 2.456, 2.486, 1, 57.031, 57.031, 0.024, 0.133, 4.336, 4.39, 4.336, 4.39, 5.22, 7.379, 12.549, , , 1, 10.551, 0, 0, 14.3, 2.974, 207, 0, 0, 0, 55, 4.173, 3.99, 131, 30.96, 100, 0, 0, 36.543, 36.543, 6, 0.81, 91.707, 0, 0, 96.31, 57.662, 0, 0, 0, 0, 0, 14.029, 0, 14.3, 0, 2.974, 207, 0, 0, 0, 55, 1, 0.004, 0.004, 131, 30.96, 100, 0, 0, 141, 36.543, 36.543, 6, 0.81, 0, 91.707, 0, 0, 96.31, 57.662, 0, 0, 0, 0, 
10.5, 18.479, 100.3, 74.17, 75.04, , 0.567, 0.988, 791.566, 791.566, 2.977, 15.559, 15.559, 15.559, 52.2, 41.556, 35.06, 36.037, 7.378, 12.547, 0, 0, 2.339, 2.367, 2.339, 2.367, 1, 57.06, 57.06, 0.024, 0.133, 4.125, 4.175, 4.125, 4.175, 5.229, 7.378, 12.547, , , 1, 10.601, 0, 0, 14.3, 2.977, 207, 0, 0, 0, 55, 4.182, 3.985, 131, 30.96, 100, 0, 0, 36.652, 36.652, 6, 0.81, 91.598, 0, 0, 96.147, 57.729, 0, 0, 0, 0, 0, 14.04, 0, 14.3, 0, 2.977, 207, 0, 0, 0, 55, 1, 0.004, 0.004, 131, 30.96, 100, 0, 0, 141, 36.652, 36.652, 6, 0.81, 0, 91.598, 0, 0, 96.147, 57.729, 0, 0, 0, 0, 
10.55, 18.479, 100.3, 74.17, 75.04, , 0.621, 0.988, 795.736, 795.736, 2.981, 16.845, 16.845, 16.845, 52.216, 49.687, 35.256, 36, 7.378, 12.541, 0, 0, 2.534, 2.564, 2.534, 2.564, 1, 57.089, 57.089, 0.024, 0.134, 4.464, 4.518, 4.464, 4.518, 5.239, 7.378, 12.541, , , 1, 10.651, 0, 0, 14.3, 2.981, 207, 0, 0, 0, 55, 4.189, 3.98, 131, 30.96, 100, 0, 0, 36.745, 36.739, 6, 0.81, 91.495, 0, 0, 95.995, 57.79, 0, 0, 0, 0, 0, 14.05, 0, 14.3, 0, 2.981, 207, 0, 0, 0, 55, 1, 0.004, 0.004, 131, 30.96, 100, 0, 0, 141, 36.745, 36.739, 6, 0.81, 0, 91.495, 0, 0, 95.995, 57.79, 0, 0, 0, 0, 
10.6, 18.48, 100.3, 74.17, 75.04, , 0.706, 0.988, 799.906, 799.906, 2.983, 18.855, 18.855, 18.855, 52.218, 55.186, 35.507, 35.821, 7.377, 12.531, 0, 0, 2.838, 2.872, 2.838, 2.872, 1, 57.122, 57.122, 0.024, 0.134, 4.995, 5.058, 4.995, 5.058, 5.249, 7.377, 12.531, , , 1, 10.7, 0, 0, 14.3, 2.983, 207, 0, 0, 0, 55, 4.182, 3.978, 131, 30.96, 100, 0, 0, 36.69, 36.63, 6, 0.812, 91.44, 0, 0, 95.94, 57.79, 0, 0, 0, 0, 0, 14.05, 0, 14.3, 0, 2.983, 207, 0, 0, 0, 55, 1, 0.004, 0.004, 131, 30.96, 100, 0, 0, 141, 36.69, 36.63, 6, 0.812, 0, 91.44, 0, 0, 95.94, 57.79, 0, 0, 0, 0, 
10.65, 18.48, 100.3, 74.17, 75.04, , 0.76, 0.988, 804.074, 804.074, 2.985, 20.139, 20.139, 20.139, 52.217, 55.861, 35.758, 35.642, 7.377, 12.52, 0, 0, 3.033, 3.07, 3.033, 3.07, 1, 57.158, 57.158, 0.024, 0.134, 5.336, 5.403, 5.336, 5.403, 5.259, 7.377, 12.52, , , 1, 10.75, 0, 0, 14.3, 2.985, 207, 0, 0, 0, 55, 4.174, 3.975, 131, 30.96, 100, 0, 0, 36.636, 36.522, 6, 0.815, 91.386, 0, 0, 95.886, 57.79, 0, 0, 0, 0, 0, 14.05, 0, 14.3, 0, 2.985, 207, 0, 0, 0, 55, 1, 0.004, 0.004, 131, 30.96, 100, 0, 0, 141, 36.636, 36.522, 6, 0.815, 0, 91.386, 0, 0, 95.886, 57.79, 0, 0, 0, 0, 
10.7, 18.48, 100.3, 74.17, 75.04, , 0.849, 0.988, 808.25, 808.25, 2.987, 22.238, 22.238, 22.238, 52.213, 56.537, 36.009, 35.462, 7.378, 12.508, 0, 0, 3.352, 3.391, 3.352, 3.391, 1, 57.199, 57.199, 0.024, 0.134, 5.893, 5.966, 5.893, 5.966, 5.273, 7.378, 12.508, , , 1, 10.801, 0, 0, 14.3, 2.987, 207, 0, 0, 0, 55, 4.166, 3.973, 131, 30.96, 100, 0, 0, 36.582, 36.413, 6, 0.817, 91.332, 0, 0, 95.832, 57.79, 0, 0, 0, 0, 0, 14.05, 0, 14.3, 0, 2.987, 207, 0, 0, 0, 55, 1, 0.004, 0.004, 131, 30.96, 100, 0, 0, 141, 36.582, 36.413, 6, 0.817, 0, 91.332, 0, 0, 95.832, 57.79, 0, 0, 0, 0, 
10.75, 18.48, 100.3, 74.17, 75.04, , 0.974, 0.988, 812.496, 812.496, 2.989, 25.211, 25.211, 25.211, 52.203, 57.212, 36.26, 35.283, 7.378, 12.498, 0, 0, 3.803, 3.847, 3.803, 3.847, 1, 57.244, 57.244, 0.024, 0.134, 6.68, 6.764, 6.68, 6.764, 5.288, 7.378, 12.498, , , 1, 10.851, 0, 0, 14.3, 2.989, 207, 0, 0, 0, 55, 4.159, 3.971, 131, 30.96, 100, 0, 0, 36.527, 36.304, 6, 0.819, 91.277, 0, 0, 95.777, 57.79, 0, 0, 0, 0, 0, 14.05, 0, 14.3, 0, 2.989, 207, 0, 0, 0, 55, 1, 0.004, 0.004, 131, 30.96, 100, 0, 0, 141, 36.527, 36.304, 6, 0.819, 0, 91.277, 0, 0, 95.777, 57.79, 0, 0, 0, 0, 
10.8, 18.48, 100.3, 74.17, 75.04, , 0.918, 0.988, 816.668, 816.668, 2.99, 23.894, 23.894, 23.894, 52.192, 57.887, 36.073, 35.46, 7.379, 12.49, 0, 0, 3.607, 3.65, 3.607, 3.65, 1, 57.291, 57.291, 0.024, 0.134, 6.332, 6.412, 6.332, 6.412, 5.304, 7.379, 12.49, , , 1, 10.901, 0, 0, 14.3, 2.99, 207, 0, 0, 0, 55.054, 4.156, 3.974, 131, 30.96, 100, 0, 0, 36.5, 36.25, 6, 0.82, 91.223, 0, 0, 95.723, 57.79, 0, 0, 0, 0, 0, 14.044, 0, 14.3, 0, 2.99, 207, 0, 0, 0, 55.054, 1, 0.004, 0.004, 131, 30.96, 100, 0, 0, 141, 36.5, 36.25, 6, 0.82, 0, 91.223, 0, 0, 95.723, 57.79, 0, 0, 0, 0, 
10.85, 18.48, 100.3, 74.17, 75.04, , 0.847, 0.988, 820.837, 820.837, 2.992, 22.205, 22.205, 22.205, 52.184, 58.562, 35.747, 35.749, 7.379, 12.485, 0, 0, 3.355, 3.394, 3.355, 3.394, 1, 57.336, 57.336, 0.024, 0.134, 5.885, 5.959, 5.885, 5.959, 5.32, 7.379, 12.485, , , 1, 10.951, 0, 0, 14.3, 2.992, 207, 0, 0, 0, 55.163, 4.158, 3.981, 131, 30.96, 100, 0, 0, 36.5, 36.25, 6, 0.82, 91.168, 0, 0, 95.668, 57.79, 0, 0, 0, 0, 0, 14.034, 0, 14.3, 0, 2.992, 207, 0, 0, 0, 55.163, 1, 0.004, 0.004, 131, 30.96, 100, 0, 0, 141, 36.5, 36.25, 6, 0.82, 0, 91.168, 0, 0, 95.668, 57.79, 0, 0, 0, 0, 
10.9, 18.48, 100.3, 74.17, 75.04, , 0.852, 0.988, 825.062, 825.062, 2.994, 22.308, 22.308, 22.308, 52.176, 59.237, 35.422, 36.038, 7.38, 12.486, 0, 0, 3.373, 3.413, 3.373, 3.413, 1, 57.378, 57.378, 0.024, 0.133, 5.914, 5.987, 5.914, 5.987, 5.335, 7.38, 12.486, , , 1, 11.001, 0, 0, 14.3, 2.994, 207, 0, 0, 0, 55.272, 4.16, 3.989, 131, 30.96, 100, 0, 0, 36.5, 36.25, 6, 0.82, 91.114, 0, 0, 95.614, 57.79, 0, 0, 0, 0, 0, 14.023, 0, 14.3, 0, 2.994, 207, 0, 0, 0, 55.272, 1, 0.004, 0.004, 131, 30.96, 100, 0, 0, 141, 36.5, 36.25, 6, 0.82, 0, 91.114, 0, 0, 95.614, 57.79, 0, 0, 0, 0, 
10.95, 18.48, 100.3, 74.17, 75.04, , 0.914, 0.988, 829.26, 829.26, 2.996, 23.802, 23.802, 23.802, 52.167, 59.913, 35.097, 36.327, 7.38, 12.489, 0, 0, 3.6, 3.646, 3.6, 3.646, 1, 57.422, 57.422, 0.024, 0.133, 6.312, 6.39, 6.312, 6.39, 5.349, 7.38, 12.489, , , 1, 11.051, 0, 0, 14.3, 2.996, 207, 0, 0, 0, 55.38, 4.163, 3.997, 131, 30.96, 100, 0, 0, 36.5, 36.25, 6, 0.82, 91.06, 0, 0, 95.56, 57.79, 0, 0, 0, 0, 0, 14.012, 0, 14.3, 0, 2.996, 207, 0, 0, 0, 55.38, 1, 0.004, 0.004, 131, 30.96, 100, 0, 0, 141, 36.5, 36.25, 6, 0.82, 0, 91.06, 0, 0, 95.56, 57.79, 0, 0, 0, 0, 
11, 18.48, 100.3, 74.17, 75.04, , 0.962, 0.988, 833.43, 833.43, 2.997, 24.924, 24.924, 24.924, 52.153, 60.588, 34.772, 36.616, 7.379, 12.498, 0, 0, 3.772, 3.82, 3.772, 3.82, 1, 57.47, 57.47, 0.024, 0.133, 6.612, 6.694, 6.612, 6.694, 5.363, 7.379, 12.498, , , 1, 11.101, 0, 0, 14.3, 2.997, 207, 0, 0, 0, 55.489, 4.165, 4.004, 131, 30.96, 100, 0, 0, 36.5, 36.25, 6, 0.82, 91.005, 0, 0, 95.505, 57.79, 0, 0, 0, 0, 0, 14.001, 0, 14.3, 0, 2.997, 207, 0, 0, 0, 55.489, 1, 0.004, 0.004, 131, 30.96, 100, 0, 0, 141, 36.5, 36.25, 6, 0.82, 0, 91.005, 0, 0, 95.505, 57.79, 0, 0, 0, 0, 
11.05, 18.48, 100.3, 74.17, 75.04, , 0.986, 0.988, 837.629, 837.629, 2.998, 25.497, 25.497, 25.497, 52.14, 61.263, 34.51, 36.463, 7.379, 12.507, 0, 0, 3.862, 3.911, 3.862, 3.911, 1, 57.519, 57.519, 0.024, 0.133, 6.766, 6.849, 6.766, 6.849, 5.377, 7.379, 12.507, , , 1, 11.15, 0, 0, 14.3, 2.998, 207, 0, 0, 0, 55.598, 4.184, 4.014, 131, 30.96, 100, 0, 0, 36.598, 36.397, 6, 0.82, 91, 0, 0, 95.5, 57.79, 0, 0, 0, 0, 0, 14, 0, 14.3, 0, 2.998, 207, 0, 0, 0, 55.598, 1, 0.004, 0.004, 131, 30.96, 100, 0, 0, 141, 36.598, 36.397, 6, 0.82, 0, 91, 0, 0, 95.5, 57.79, 0, 0, 0, 0, 
11.1, 18.48, 100.3, 74.17, 75.04, , 1.032, 0.988, 841.874, 841.874, 2.999, 26.582, 26.582, 26.582, 52.13, 61.938, 34.267, 36.185, 7.378, 12.52, 0, 0, 4.03, 4.081, 4.03, 4.081, 1, 57.569, 57.569, 0.024, 0.133, 7.055, 7.141, 7.055, 7.141, 5.385, 7.378, 12.52, , , 1, 11.2, 0, 0, 14.3, 2.999, 207, 0, 0, 0, 55.707, 4.204, 4.024, 131, 30.96, 100, 0, 0, 36.707, 36.56, 6, 0.82, 91, 0, 0, 95.5, 57.79, 0, 0, 0, 0, 0, 14, 0, 14.3, 0, 2.999, 207, 0, 0, 0, 55.707, 1, 0.004, 0.004, 131, 30.96, 100, 0, 0, 141, 36.707, 36.56, 6, 0.82, 0, 91, 0, 0, 95.5, 57.79, 0, 0, 0, 0, 
11.15, 18.48, 100.3, 74.17, 75.04, , 1.079, 0.988, 846.104, 846.104, 3, 27.716, 27.716, 27.716, 52.123, 62.614, 34.024, 35.907, 7.378, 12.532, 0, 0, 4.207, 4.258, 4.207, 4.258, 1, 57.622, 57.622, 0.024, 0.133, 7.357, 7.447, 7.357, 7.447, 5.372, 7.378, 12.532, , , 1, 11.25, 0, 0, 14.3, 3, 207, 0, 0, 0, 55.815, 4.225, 4.033, 131, 30.96, 100, 0, 0, 36.815, 36.723, 6, 0.82, 91, 0, 0, 95.5, 57.79, 0, 0, 0, 0, 0, 14, 0, 14.3, 0, 3, 207, 0, 0, 0, 55.815, 1, 0.004, 0.004, 131, 30.96, 100, 0, 0, 141, 36.815, 36.723, 6, 0.82, 0, 91, 0, 0, 95.5, 57.79, 0, 0, 0, 0, 
11.2, 18.48, 100.3, 74.17, 75.04, , 1.041, 0.988, 850.28, 850.28, 3, 26.803, 26.803, 26.803, 52.12, 63.289, 33.781, 35.629, 7.377, 12.541, 0, 0, 4.072, 4.12, 4.072, 4.12, 1, 57.675, 57.675, 0.024, 0.133, 7.116, 7.202, 7.116, 7.202, 5.36, 7.377, 12.541, , , 1, 11.301, 0, 0, 14.3, 3, 207, 0, 0, 0, 55.924, 4.246, 4.043, 131, 30.96, 100, 0, 0, 36.924, 36.886, 6, 0.82, 91, 0, 0, 95.5, 57.79, 0, 0, 0, 0, 0, 14, 0, 14.3, 0, 3, 207, 0, 0, 0, 55.924, 1, 0.004, 0.004, 131, 30.96, 100, 0, 0, 141, 36.924, 36.886, 6, 0.82, 0, 91, 0, 0, 95.5, 57.79, 0, 0, 0, 0, 
11.25, 18.48, 100.3, 74.17, 75.04, , 1.005, 0.988, 854.526, 854.526, 3.003, 25.969, 25.969, 25.969, 52.125, 63.964, 33.537, 35.351, 7.377, 12.55, 0, 0, 3.95, 3.996, 3.95, 3.996, 1, 57.726, 57.726, 0.024, 0.133, 6.894, 6.977, 6.894, 6.977, 5.347, 7.377, 12.55, , , 1, 11.351, 0, 0, 14.3, 3.003, 207, 0, 0, 0, 56, 4.27, 4.057, 131, 31.033, 100, 0, 0, 37.016, 37.031, 6.066, 0.821, 91.14, 0, 0, 95.64, 57.829, 0, 0, 0, 0, 0, 14, 0, 14.3, 0, 3.003, 207, 0, 0, 0, 56, 1, 0.004, 0.004, 131, 31.034, 100, 0, 0, 141, 37.016, 37.031, 6.066, 0.821, 0, 91.14, 0, 0, 95.64, 57.829, 0, 0, 0, 0, 
11.3, 18.48, 100.3, 74.17, 75.04, , 1.076, 0.988, 858.77, 858.77, 3.008, 27.655, 27.655, 27.655, 52.135, 64.639, 33.574, 35.218, 7.377, 12.553, 0, 0, 4.21, 4.261, 4.21, 4.261, 1, 57.777, 57.777, 0.024, 0.134, 7.341, 7.428, 7.341, 7.428, 5.335, 7.377, 12.553, , , 1, 11.401, 0, 0, 14.3, 3.008, 207, 0, 0, 0, 56, 4.302, 4.082, 131, 31.263, 100, 0, 0, 37.067, 37.135, 6.273, 0.825, 91.607, 0, 0, 96.107, 57.957, 0, 0, 0, 0, 0, 14, 0, 14.3, 0, 3.008, 207, 0, 0, 0, 56, 1, 0.004, 0.004, 131, 31.264, 100, 0, 0, 141, 37.067, 37.135, 6.273, 0.825, 0, 91.607, 0, 0, 96.107, 57.957, 0, 0, 0, 0, 
11.35, 18.48, 100.3, 74.17, 75.04, , 1.093, 0.988, 862.949, 862.949, 3.013, 28.04, 28.04, 28.04, 52.147, 65.314, 33.799, 35.18, 7.377, 12.555, 0, 0, 4.272, 4.324, 4.272, 4.324, 1, 57.831, 57.831, 0.024, 0.134, 7.442, 7.531, 7.442, 7.531, 5.322, 7.377, 12.555, , , 1, 11.451, 0, 0, 14.3, 3.013, 207, 0, 0, 0, 56, 4.334, 4.107, 131, 31.492, 100, 0, 0, 37.119, 37.239, 6.479, 0.83, 92.074, 0, 0, 96.574, 58.086, 0, 0, 0, 0, 0, 14, 0, 14.3, 0, 3.013, 207, 0, 0, 0, 56, 1, 0.004, 0.004, 131, 31.494, 100, 0, 0, 141, 37.119, 37.239, 6.479, 0.83, 0, 92.074, 0, 0, 96.574, 58.086, 0, 0, 0, 0, 
11.4, 18.48, 100.3, 74.17, 75.04, , 1.103, 0.988, 867.177, 867.177, 3.018, 28.294, 28.294, 28.294, 52.162, 65.99, 34.023, 35.143, 7.377, 12.552, 0, 0, 4.315, 4.368, 4.315, 4.368, 1, 57.886, 57.886, 0.024, 0.134, 7.508, 7.598, 7.508, 7.598, 5.309, 7.377, 12.552, , , 1, 11.501, 0, 0, 14.3, 3.018, 207, 0, 0, 0, 56, 4.366, 4.132, 131, 31.721, 100, 0, 0, 37.171, 37.342, 6.686, 0.834, 92.54, 0, 0, 97.04, 58.214, 0, 0, 0, 0, 0, 14, 0, 14.3, 0, 3.018, 207, 0, 0, 0, 56, 1, 0.004, 0.004, 131, 31.725, 100, 0, 0, 141, 37.171, 37.342, 6.686, 0.834, 0, 92.54, 0, 0, 97.04, 58.214, 0, 0, 0, 0, 
11.45, 18.48, 100.3, 74.17, 75.04, , 1.11, 0.988, 871.422, 871.422, 3.023, 28.456, 28.456, 28.456, 52.178, 66.665, 34.247, 35.106, 7.377, 12.548, 0, 0, 4.343, 4.397, 4.343, 4.397, 1, 57.943, 57.943, 0.024, 0.134, 7.549, 7.639, 7.549, 7.639, 5.296, 7.377, 12.548, , , 1, 11.551, 0, 0, 14.3, 3.023, 207, 0, 0, 0, 56, 4.398, 4.157, 131, 31.951, 100, 0, 0, 37.223, 37.446, 6.893, 0.838, 93.007, 0, 0, 97.507, 58.343, 0, 0, 0, 0, 0, 14, 0, 14.3, 0, 3.023, 207, 0, 0, 0, 56, 1, 0.004, 0.004, 131, 31.955, 100, 0, 0, 141, 37.223, 37.446, 6.893, 0.838, 0, 93.007, 0, 0, 97.507, 58.343, 0, 0, 0, 0, 
11.5, 18.48, 100.3, 74.171, 75.04, , 1.106, 0.988, 875.667, 875.667, 3.027, 28.366, 28.366, 28.366, 52.198, 67.34, 34.471, 35.068, 7.378, 12.537, 0, 0, 4.333, 4.387, 4.333, 4.387, 1, 57.997, 57.997, 0.024, 0.134, 7.522, 7.612, 7.522, 7.612, 5.284, 7.378, 12.537, , , 1, 11.6, 0, 0, 14.3, 3.027, 207, 0, 0, 0, 56, 4.418, 4.17, 131, 32.07, 100, 0, 0, 37.225, 37.5, 7, 0.84, 93.275, 0, 0, 97.775, 58.41, 0, 0, 0, 0, 0, 14, 0, 14.3, 0, 3.027, 207, 0, 0, 0, 56, 1, 0.004, 0.004, 131, 32.07, 100, 0, 0, 141, 37.225, 37.5, 7, 0.84, 0, 93.275, 0, 0, 97.775, 58.41, 0, 0, 0, 0, 
11.55, 18.48, 100.3, 74.176, 75.04, , 1.064, 0.988, 879.912, 879.912, 3.029, 27.354, 27.354, 27.354, 52.213, 68.015, 34.66, 35.116, 7.378, 12.526, 0, 0, 4.182, 4.233, 4.182, 4.233, 1, 58.052, 58.052, 0.024, 0.134, 7.252, 7.339, 7.252, 7.339, 5.281, 7.378, 12.526, , , 1, 11.651, 0, 0, 14.3, 3.029, 207, 0, 0, 0, 56, 4.423, 4.17, 131, 32.07, 100, 0, 0, 37.173, 37.5, 7, 0.84, 93.327, 0, 0, 97.827, 58.41, 0, 0, 0, 0, 0, 14, 0, 14.3, 0, 3.029, 207, 0, 0, 0, 56, 1, 0.004, 0.004, 131, 32.07, 100, 0, 0, 141, 37.173, 37.5, 7, 0.84, 0, 93.327, 0, 0, 97.827, 58.41, 0, 0, 0, 0, 
11.6, 18.48, 100.3, 74.181, 75.04, , 0.992, 0.988, 884.158, 884.158, 3.031, 25.658, 25.658, 25.658, 52.224, 68.691, 34.84, 35.188, 7.379, 12.515, 0, 0, 3.927, 3.974, 3.927, 3.974, 1, 58.105, 58.105, 0.024, 0.133, 6.8, 6.883, 6.8, 6.883, 5.28, 7.379, 12.515, , , 1, 11.701, 0, 0, 14.3, 3.031, 207, 0, 0, 0, 56, 4.428, 4.17, 131, 32.07, 100, 0, 0, 37.12, 37.5, 7, 0.84, 93.38, 0, 0, 97.88, 58.41, 0, 0, 0, 0, 0, 14, 0, 14.3, 0, 3.031, 207, 0, 0, 0, 56, 1, 0.004, 0.004, 131, 32.07, 100, 0, 0, 141, 37.12, 37.5, 7, 0.84, 0, 93.38, 0, 0, 97.88, 58.41, 0, 0, 0, 0, 
11.65, 18.48, 100.3, 74.186, 75.04, , 0.937, 0.988, 888.404, 888.404, 3.033, 24.361, 24.361, 24.361, 52.23, 69.366, 35.02, 35.26, 7.379, 12.505, 0, 0, 3.731, 3.776, 3.731, 3.776, 1, 58.153, 58.153, 0.024, 0.133, 6.455, 6.534, 6.455, 6.534, 5.278, 7.379, 12.505, , , 1, 11.751, 0, 0, 14.3, 3.033, 207, 0, 0, 0, 56, 4.433, 4.17, 131, 32.07, 100, 0, 0, 37.068, 37.5, 7, 0.84, 93.432, 0, 0, 97.932, 58.41, 0, 0, 0, 0, 0, 14, 0, 14.3, 0, 3.033, 207, 0, 0, 0, 56, 1, 0.004, 0.004, 131, 32.07, 100, 0, 0, 141, 37.068, 37.5, 7, 0.84, 0, 93.432, 0, 0, 97.932, 58.41, 0, 0, 0, 0, 
11.7, 18.48, 100.3, 74.191, 75.04, , 0.902, 0.988, 892.65, 892.65, 3.035, 23.519, 23.519, 23.519, 52.233, 70.041, 35.2, 35.332, 7.38, 12.496, 0, 0, 3.605, 3.65, 3.605, 3.65, 1, 58.197, 58.197, 0.024, 0.133, 6.23, 6.307, 6.23, 6.307, 5.277, 7.38, 12.496, , , 1, 11.801, 0, 0, 14.3, 3.035, 207, 0, 0, 0, 56, 4.438, 4.17, 131, 32.07, 100, 0, 0, 37.016, 37.5, 7, 0.84, 93.484, 0, 0, 97.984, 58.41, 0, 0, 0, 0, 0, 14, 0, 14.3, 0, 3.035, 207, 0, 0, 0, 56, 1, 0.004, 0.004, 131, 32.07, 100, 0, 0, 141, 37.016, 37.5, 7, 0.84, 0, 93.484, 0, 0, 97.984, 58.41, 0, 0, 0, 0, 
11.75, 18.48, 100.3, 74.196, 75.04, , 0.96, 0.988, 896.9, 896.9, 3.037, 24.89, 24.89, 24.89, 52.228, 70.716, 35.38, 35.404, 7.38, 12.487, 0, 0, 3.819, 3.867, 3.819, 3.867, 1, 58.244, 58.244, 0.024, 0.133, 6.594, 6.676, 6.594, 6.676, 5.291, 7.38, 12.487, , , 1, 11.851, 0, 0, 14.3, 3.037, 207, 0, 0, 0, 56.14, 4.44, 4.192, 131, 32.123, 100, 0, 0, 37.07, 37.5, 7, 0.84, 93.5, 0, 0, 98, 58.497, 0, 0, 0, 0, 0, 14.014, 0, 14.3, 0, 3.037, 207, 0, 0, 0, 56.14, 1, 0.004, 0.004, 131, 32.123, 100, 0, 0, 141, 37.07, 37.5, 7, 0.84, 0, 93.5, 0, 0, 98, 58.497, 0, 0, 0, 0, 
11.8, 18.48, 100.3, 74.201, 75.04, , 1.044, 0.988, 901.224, 901.224, 3.039, 26.892, 26.892, 26.892, 52.218, 71.391, 35.42, 35.28, 7.38, 12.483, 0, 0, 4.13, 4.182, 4.13, 4.182, 1, 58.294, 58.294, 0.024, 0.133, 7.125, 7.215, 7.125, 7.215, 5.307, 7.38, 12.483, , , 1, 11.9, 0, 0, 14.3, 3.039, 207, 0, 0, 0, 56.34, 4.44, 4.224, 131, 32.197, 100, 0, 0, 37.17, 37.5, 7, 0.84, 93.5, 0, 0, 98, 58.621, 0, 0, 0, 0, 0, 14.034, 0, 14.3, 0, 3.039, 207, 0, 0, 0, 56.34, 1, 0.004, 0.004, 131, 32.197, 100, 0, 0, 141, 37.17, 37.5, 7, 0.84, 0, 93.5, 0, 0, 98, 58.621, 0, 0, 0, 0, 
11.85, 18.48, 100.3, 74.206, 75.04, , 1.128, 0.988, 905.472, 905.472, 3.041, 28.88, 28.88, 28.88, 52.207, 72.067, 35.42, 35.1, 7.38, 12.477, 0, 0, 4.439, 4.496, 4.439, 4.496, 1, 58.348, 58.348, 0.024, 0.133, 7.655, 7.75, 7.655, 7.75, 5.323, 7.38, 12.477, , , 1, 11.951, 0, 0, 14.3, 3.041, 207, 0, 0, 0, 56.54, 4.44, 4.256, 131, 32.271, 100, 0, 0, 37.27, 37.5, 7, 0.84, 93.5, 0, 0, 98, 58.745, 0, 0, 0, 0, 0, 14.054, 0, 14.3, 0, 3.041, 207, 0, 0, 0, 56.54, 1, 0.004, 0.004, 131, 32.271, 100, 0, 0, 141, 37.27, 37.5, 7, 0.84, 0, 93.5, 0, 0, 98, 58.745, 0, 0, 0, 0, 
11.9, 18.48, 100.3, 74.211, 75.04, , 1.233, 0.988, 909.717, 909.717, 3.043, 31.372, 31.372, 31.372, 52.192, 72.742, 35.42, 34.92, 7.38, 12.466, 0, 0, 4.826, 4.889, 4.826, 4.889, 1, 58.407, 58.407, 0.024, 0.133, 8.318, 8.42, 8.318, 8.42, 5.339, 7.38, 12.466, , , 1, 12.001, 0, 0, 14.3, 3.043, 207, 0, 0, 0, 56.74, 4.44, 4.288, 131, 32.345, 100, 0, 0, 37.37, 37.5, 7, 0.84, 93.5, 0, 0, 98, 58.869, 0, 0, 0, 0, 0, 14.074, 0, 14.3, 0, 3.043, 207, 0, 0, 0, 56.74, 1, 0.004, 0.004, 131, 32.345, 100, 0, 0, 141, 37.37, 37.5, 7, 0.84, 0, 93.5, 0, 0, 98, 58.869, 0, 0, 0, 0, 
11.95, 18.48, 100.3, 74.216, 75.04, , 1.284, 0.988, 914.024, 914.024, 3.045, 32.6, 32.6, 32.6, 52.176, 73.417, 35.42, 34.74, 7.38, 12.455, 0, 0, 5.019, 5.085, 5.019, 5.085, 1, 58.469, 58.469, 0.024, 0.133, 8.646, 8.753, 8.646, 8.753, 5.349, 7.38, 12.455, , , 1, 12.051, 0, 0, 14.3, 3.045, 207, 0, 0, 0, 56.94, 4.44, 4.32, 131, 32.419, 100, 0, 0, 37.47, 37.5, 7, 0.84, 93.5, 0, 0, 98, 58.993, 0, 0, 0, 0, 0, 14.094, 0, 14.3, 0, 3.045, 207, 0, 0, 0, 56.94, 1, 0.004, 0.004, 131, 32.419, 100, 0, 0, 141, 37.47, 37.5, 7, 0.84, 0, 93.5, 0, 0, 98, 58.993, 0, 0, 0, 0, 
12, 18.48, 100.3, 74.221, 75.04, , 1.307, 0.988, 918.293, 918.293, 3.048, 33.146, 33.146, 33.146, 52.16, 74.092, 35.42, 34.56, 7.38, 12.434, 0, 0, 5.108, 5.174, 5.108, 5.174, 1, 58.533, 58.533, 0.024, 0.133, 8.793, 8.901, 8.793, 8.901, 5.356, 7.38, 12.434, , , 1, 12.101, 0, 0, 14.3, 3.048, 207, 0, 0, 0, 57, 4.467, 4.334, 131, 32.493, 100, 0, 0, 37.57, 37.57, 7, 0.84, 93.922, 0, 0, 98.42, 59.03, 0, 0, 0, 0, 0, 14.1, 0, 14.3, 0, 3.048, 207, 0, 0, 0, 57, 1, 0.004, 0.004, 131, 32.493, 100, 0, 0, 141, 37.57, 37.57, 7, 0.84, 0, 93.922, 0, 0, 98.422, 59.03, 0, 0, 0, 0, 
12.05, 18.48, 100.3, 74.226, 75.04, , 1.322, 0.988, 922.538, 922.538, 3.05, 33.504, 33.504, 33.504, 52.147, 74.767, 35.448, 34.604, 7.38, 12.414, 0, 0, 5.17, 5.236, 5.17, 5.236, 1, 58.598, 58.598, 0.024, 0.133, 8.89, 8.998, 8.89, 8.998, 5.363, 7.38, 12.414, , , 1, 12.151, 0, 0, 14.3, 3.05, 207, 0, 0, 0, 57, 4.505, 4.34, 131, 32.567, 100, 0, 0, 37.67, 37.67, 7, 0.84, 94.524, 0, 0, 99.02, 59.03, 0, 0, 0, 0, 0, 14.1, 0, 14.3, 0, 3.05, 207, 0, 0, 0, 57, 1, 0.004, 0.004, 131, 32.567, 100, 0, 0, 141, 37.67, 37.67, 7, 0.84, 0, 94.524, 0, 0, 99.024, 59.03, 0, 0, 0, 0, 
12.1, 18.48, 100.3, 74.231, 75.04, , 1.313, 0.988, 926.823, 926.823, 3.053, 33.274, 33.274, 33.274, 52.136, 75.443, 35.484, 34.711, 7.38, 12.382, 0, 0, 5.141, 5.206, 5.141, 5.206, 1, 58.663, 58.663, 0.024, 0.133, 8.83, 8.938, 8.83, 8.938, 5.371, 7.38, 12.382, , , 1, 12.201, 0, 0, 14.3, 3.053, 207, 0, 0, 0, 57, 4.543, 4.346, 131, 32.641, 100, 0, 0, 37.77, 37.77, 7, 0.84, 95.127, 0, 0, 99.62, 59.03, 0, 0, 0, 0, 0, 14.1, 0, 14.3, 0, 3.053, 207, 0, 0, 0, 57, 1, 0.005, 0.004, 131, 32.641, 100, 0, 0, 141, 37.77, 37.77, 7, 0.84, 0, 95.127, 0, 0, 99.627, 59.03, 0, 0, 0, 0, 
12.15, 18.48, 100.3, 74.236, 75.04, , 1.258, 0.988, 931.147, 931.147, 3.055, 31.988, 31.988, 31.988, 52.129, 76.118, 35.52, 34.819, 7.379, 12.35, 0, 0, 4.947, 5.01, 4.947, 5.01, 1, 58.728, 58.728, 0.024, 0.133, 8.489, 8.594, 8.489, 8.594, 5.362, 7.379, 12.35, , , 1, 12.25, 0, 0, 14.3, 3.055, 207, 0, 0, 0, 57, 4.581, 4.352, 131, 32.715, 100, 0, 0, 37.87, 37.87, 7, 0.84, 95.729, 0, 0, 100.22, 59.03, 0, 0, 0, 0, 0, 14.1, 0, 14.3, 0, 3.055, 207, 0, 0, 0, 57, 1, 0.005, 0.004, 131, 32.715, 100, 0, 0, 141, 37.87, 37.87, 7, 0.84, 0, 95.729, 0, 0, 100.229, 59.03, 0, 0, 0, 0, 
12.2, 18.48, 100.3, 74.241, 75.04, , 1.192, 0.988, 935.445, 935.445, 3.057, 30.422, 30.422, 30.422, 52.128, 76.793, 35.556, 34.927, 7.379, 12.318, 0, 0, 4.71, 4.769, 4.71, 4.769, 1, 58.789, 58.789, 0.024, 0.133, 8.074, 8.173, 8.074, 8.173, 5.345, 7.379, 12.318, , , 1, 12.3, 0, 0, 14.3, 3.057, 207, 0, 0, 0, 57, 4.619, 4.358, 131, 32.789, 100, 0, 0, 37.97, 37.97, 7, 0.84, 96.331, 0, 0, 100.82, 59.03, 0, 0, 0, 0, 0, 14.1, 0, 14.3, 0, 3.057, 207, 0, 0, 0, 57, 1, 0.005, 0.004, 131, 32.789, 100, 0, 0, 141, 37.97, 37.97, 7, 0.84, 0, 96.331, 0, 0, 100.831, 59.03, 0, 0, 0, 0, 
12.25, 18.48, 100.3, 74.246, 75.04, , 1.167, 0.988, 939.708, 939.708, 3.06, 29.818, 29.818, 29.818, 52.132, 77.468, 35.591, 35.034, 7.378, 12.287, 0, 0, 4.62, 4.678, 4.62, 4.678, 1, 58.848, 58.848, 0.024, 0.133, 7.914, 8.012, 7.914, 8.012, 5.329, 7.378, 12.287, , , 1, 12.35, 0, 0, 14.3, 3.06, 207, 0, 0, 0, 57, 4.63, 4.363, 131, 32.81, 100, 0, 0, 37.86, 37.86, 7, 0.843, 96.5, 0, 0, 101.07, 59.117, 0, 0, 0, 0, 0, 14.086, 0, 14.3, 0, 3.06, 207, 0, 0, 0, 57, 1, 0.005, 0.004, 131, 32.81, 100, 0, 0, 141, 37.86, 37.86, 7, 0.843, 0, 96.5, 0, 0, 101.072, 59.117, 0, 0, 0, 0, 
12.3, 18.48, 100.3, 74.251, 75.04, , 1.15, 0.988, 944.033, 944.033, 3.064, 29.435, 29.435, 29.435, 52.138, 78.144, 35.573, 35.06, 7.378, 12.261, 0, 0, 4.566, 4.624, 4.566, 4.624, 1, 58.907, 58.907, 0.024, 0.133, 7.811, 7.908, 7.811, 7.908, 5.312, 7.378, 12.261, , , 1, 12.4, 0, 0, 14.3, 3.064, 207, 0, 0, 0, 57, 4.63, 4.367, 131, 32.81, 100, 0, 0, 37.66, 37.66, 7, 0.847, 96.5, 0, 0, 101.17, 59.241, 0, 0, 0, 0, 0, 14.066, 0, 14.3, 0, 3.064, 207, 0, 0, 0, 57, 1, 0.005, 0.004, 131, 32.81, 100, 0, 0, 141, 37.66, 37.66, 7, 0.847, 0, 96.5, 0, 0, 101.171, 59.241, 0, 0, 0, 0, 
12.35, 18.48, 100.3, 74.256, 75.04, , 1.087, 0.988, 948.357, 948.357, 3.067, 27.94, 27.94, 27.94, 52.145, 78.819, 35.536, 35.06, 7.377, 12.235, 0, 0, 4.338, 4.395, 4.338, 4.395, 1, 58.964, 58.964, 0.024, 0.133, 7.413, 7.505, 7.413, 7.505, 5.305, 7.377, 12.235, , , 1, 12.451, 0, 0, 14.3, 3.067, 207, 0, 0, 0, 57, 4.63, 4.371, 131, 32.81, 100, 0, 0, 37.46, 37.46, 7, 0.851, 96.5, 0, 0, 101.27, 59.365, 0, 0, 0, 0, 0, 14.046, 0, 14.3, 0, 3.067, 207, 0, 0, 0, 57, 1, 0.005, 0.004, 131, 32.81, 100, 0, 0, 141, 37.46, 37.46, 7, 0.851, 0, 96.5, 0, 0, 101.271, 59.365, 0, 0, 0, 0, 
12.4, 18.48, 100.3, 74.261, 75.04, , 1.128, 0.988, 952.681, 952.681, 3.071, 28.912, 28.912, 28.912, 52.151, 79.494, 35.5, 35.06, 7.377, 12.222, 0, 0, 4.494, 4.552, 4.494, 4.552, 1, 59.02, 59.02, 0.024, 0.133, 7.67, 7.764, 7.67, 7.764, 5.302, 7.377, 12.222, , , 1, 12.501, 0, 0, 14.3, 3.071, 207, 0, 0, 0, 57, 4.63, 4.375, 131, 32.81, 100, 0, 0, 37.26, 37.26, 7, 0.855, 96.5, 0, 0, 101.37, 59.489, 0, 0, 0, 0, 0, 14.026, 0, 14.3, 0, 3.071, 207, 0, 0, 0, 57, 1, 0.005, 0.004, 131, 32.81, 100, 0, 0, 141, 37.26, 37.26, 7, 0.855, 0, 96.5, 0, 0, 101.371, 59.489, 0, 0, 0, 0, 
12.45, 18.48, 100.3, 74.266, 75.04, , 1.19, 0.988, 957.004, 957.004, 3.074, 30.366, 30.366, 30.366, 52.156, 80.169, 35.464, 35.06, 7.377, 12.209, 0, 0, 4.724, 4.783, 4.724, 4.783, 1, 59.077, 59.077, 0.024, 0.133, 8.055, 8.155, 8.055, 8.155, 5.299, 7.377, 12.209, , , 1, 12.55, 0, 0, 14.3, 3.074, 207, 0, 0, 0, 57, 4.63, 4.379, 131, 32.81, 100, 0, 0, 37.06, 37.06, 7, 0.859, 96.5, 0, 0, 101.47, 59.613, 0, 0, 0, 0, 0, 14.006, 0, 14.3, 0, 3.074, 207, 0, 0, 0, 57, 1, 0.005, 0.004, 131, 32.81, 100, 0, 0, 141, 37.06, 37.06, 7, 0.859, 0, 96.5, 0, 0, 101.47, 59.613, 0, 0, 0, 0, 
12.5, 18.48, 100.3, 74.271, 75.04, , 1.247, 0.988, 961.329, 961.329, 3.077, 31.734, 31.734, 31.734, 52.157, 80.844, 35.428, 35.06, 7.377, 12.199, 0, 0, 4.941, 5.005, 4.941, 5.005, 1, 59.138, 59.138, 0.024, 0.134, 8.418, 8.522, 8.418, 8.522, 5.296, 7.377, 12.199, , , 1, 12.601, 0, 0, 14.3, 3.077, 207, 0, 0, 0, 57, 4.634, 4.38, 131, 32.81, 100, 0, 0, 37.135, 37.067, 7, 0.86, 96.567, 0, 0, 101.5, 59.65, 0, 0, 0, 0, 0, 14, 0, 14.3, 0, 3.077, 207, 0, 0, 0, 57, 1, 0.005, 0.004, 131, 32.81, 100, 0, 0, 141, 37.135, 37.067, 7, 0.86, 0, 96.567, 0, 0, 101.5, 59.65, 0, 0, 0, 0, 
12.55, 18.48, 100.3, 74.276, 75.04, , 1.258, 0.988, 965.653, 965.653, 3.081, 31.988, 31.988, 31.988, 52.151, 81.52, 35.476, 35.144, 7.377, 12.19, 0, 0, 4.985, 5.049, 4.985, 5.049, 1, 59.201, 59.201, 0.024, 0.134, 8.485, 8.591, 8.485, 8.591, 5.292, 7.377, 12.19, , , 1, 12.651, 0, 0, 14.3, 3.081, 207, 0, 0, 0, 57, 4.64, 4.38, 131, 32.81, 100, 0, 0, 37.327, 37.163, 7, 0.86, 96.663, 0, 0, 101.5, 59.65, 0, 0, 0, 0, 0, 14, 0, 14.3, 0, 3.081, 207, 0, 0, 0, 57, 1, 0.005, 0.004, 131, 32.81, 100, 0, 0, 141, 37.327, 37.163, 7, 0.86, 0, 96.663, 0, 0, 101.5, 59.65, 0, 0, 0, 0, 
12.6, 18.48, 100.3, 74.281, 75.04, , 1.279, 0.988, 969.977, 969.977, 3.084, 32.498, 32.498, 32.498, 52.141, 82.195, 35.548, 35.251, 7.377, 12.183, 0, 0, 5.07, 5.134, 5.07, 5.134, 1, 59.264, 59.264, 0.024, 0.134, 8.623, 8.731, 8.623, 8.731, 5.288, 7.377, 12.183, , , 1, 12.7, 0, 0, 14.3, 3.084, 207, 0, 0, 0, 57, 4.646, 4.38, 131, 32.81, 100, 0, 0, 37.519, 37.26, 7, 0.86, 96.76, 0, 0, 101.5, 59.65, 0, 0, 0, 0, 0, 14, 0, 14.3, 0, 3.084, 207, 0, 0, 0, 57, 1, 0.005, 0.004, 131, 32.81, 100, 0, 0, 141, 37.519, 37.26, 7, 0.86, 0, 96.76, 0, 0, 101.5, 59.65, 0, 0, 0, 0, 
12.65, 18.48, 100.3, 74.286, 75.04, , 1.262, 0.988, 974.3, 974.3, 3.087, 32.101, 32.101, 32.101, 52.128, 82.87, 35.619, 35.359, 7.377, 12.176, 0, 0, 5.013, 5.076, 5.013, 5.076, 1, 59.327, 59.327, 0.024, 0.134, 8.521, 8.627, 8.521, 8.627, 5.284, 7.377, 12.176, , , 1, 12.75, 0, 0, 14.3, 3.087, 207, 0, 0, 0, 57, 4.651, 4.38, 131, 32.81, 100, 0, 0, 37.712, 37.356, 7, 0.86, 96.856, 0, 0, 101.5, 59.65, 0, 0, 0, 0, 0, 14, 0, 14.3, 0, 3.087, 207, 0, 0, 0, 57, 1, 0.005, 0.004, 131, 32.81, 100, 0, 0, 141, 37.712, 37.356, 7, 0.86, 0, 96.856, 0, 0, 101.5, 59.65, 0, 0, 0, 0, 
12.7, 18.48, 100.3, 74.29, 75.04, , 1.236, 0.988, 978.624, 978.624, 3.09, 31.465, 31.465, 31.465, 52.111, 83.545, 35.691, 35.467, 7.377, 12.168, 0, 0, 4.92, 4.981, 4.92, 4.981, 1, 59.39, 59.39, 0.024, 0.134, 8.355, 8.459, 8.355, 8.459, 5.28, 7.377, 12.168, , , 1, 12.801, 0, 0, 14.3, 3.09, 207, 0, 0, 0, 57, 4.657, 4.38, 131, 32.81, 100, 0, 0, 37.904, 37.452, 7, 0.86, 96.952, 0, 0, 101.5, 59.65, 0, 0, 0, 0, 0, 14, 0, 14.3, 0, 3.09, 207, 0, 0, 0, 57, 1, 0.005, 0.004, 131, 32.81, 100, 0, 0, 141, 37.904, 37.452, 7, 0.86, 0, 96.952, 0, 0, 101.5, 59.65, 0, 0, 0, 0, 
12.75, 18.48, 100.3, 74.295, 75.04, , 1.226, 0.988, 982.949, 982.949, 3.094, 31.24, 31.24, 31.24, 52.09, 84.221, 35.763, 35.574, 7.377, 12.159, 0, 0, 4.891, 4.95, 4.891, 4.95, 1, 59.451, 59.451, 0.024, 0.134, 8.298, 8.401, 8.298, 8.401, 5.285, 7.377, 12.159, , , 1, 12.851, 0, 0, 14.3, 3.094, 207, 0, 0, 0, 57, 4.661, 4.383, 131, 32.81, 100, 0, 0, 38, 37.535, 7.036, 0.861, 97.017, 0, 0, 101.552, 59.693, 0, 0, 0, 0, 0, 14, 0, 14.3, 0, 3.094, 207, 0, 0, 0, 57, 1, 0.005, 0.004, 131, 32.81, 100, 0, 0, 141, 38, 37.535, 7.036, 0.861, 0, 97.017, 0, 0, 101.552, 59.693, 0, 0, 0, 0, 
12.8, 18.48, 100.3, 74.3, 75.04, , 1.216, 0.988, 987.309, 987.309, 3.098, 30.995, 30.995, 30.995, 52.068, 84.896, 35.698, 35.463, 7.377, 12.157, 0, 0, 4.858, 4.916, 4.858, 4.916, 1, 59.513, 59.513, 0.024, 0.133, 8.237, 8.338, 8.237, 8.338, 5.306, 7.377, 12.157, , , 1, 12.901, 0, 0, 14.3, 3.098, 207, 0, 0, 0, 57, 4.662, 4.39, 131, 32.81, 100, 0, 0, 38, 37.604, 7.106, 0.862, 97.052, 0, 0, 101.657, 59.779, 0, 0, 0, 0, 0, 14, 0, 14.3, 0, 3.098, 207, 0, 0, 0, 57, 1, 0.005, 0.004, 131, 32.81, 100, 0, 0, 141, 38, 37.604, 7.106, 0.862, 0, 97.052, 0, 0, 101.657, 59.779, 0, 0, 0, 0, 
12.85, 18.48, 100.3, 74.3, 75.04, , 1.201, 0.988, 991.683, 991.683, 3.102, 30.643, 30.643, 30.643, 52.047, 85.571, 35.589, 35.282, 7.377, 12.156, 0, 0, 4.808, 4.866, 4.808, 4.866, 1, 59.573, 59.573, 0.024, 0.133, 8.146, 8.246, 8.146, 8.246, 5.326, 7.377, 12.156, , , 1, 12.951, 0, 0, 14.3, 3.102, 207, 0, 0, 0, 57, 4.663, 4.397, 131, 32.81, 100, 0, 0, 38, 37.674, 7.175, 0.863, 97.087, 0, 0, 101.761, 59.865, 0, 0, 0, 0, 0, 14, 0, 14.3, 0, 3.102, 207, 0, 0, 0, 57, 1, 0.005, 0.004, 131, 32.81, 100, 0, 0, 141, 38, 37.674, 7.175, 0.863, 0, 97.087, 0, 0, 101.761, 59.865, 0, 0, 0, 0, 
12.9, 18.48, 100.3, 74.3, 75.04, , 1.208, 0.988, 996.031, 996.031, 3.106, 30.827, 30.827, 30.827, 52.036, 80.956, 35.481, 35.101, 7.377, 12.156, 0, 0, 4.842, 4.9, 4.842, 4.9, 1, 59.632, 59.632, 0.024, 0.133, 8.197, 8.298, 8.197, 8.298, 5.346, 7.377, 12.156, , , 1, 13.001, 0, 0, 14.3, 3.106, 207, 0, 0, 0, 57, 4.665, 4.404, 131, 32.81, 100, 0, 0, 38, 37.743, 7.244, 0.865, 97.122, 0, 0, 101.866, 59.951, 0, 0, 0, 0, 0, 14, 0, 14.3, 0, 3.106, 207, 0, 0, 0, 57, 1, 0.005, 0.004, 131, 32.81, 100, 0, 0, 141, 38, 37.743, 7.244, 0.865, 0, 97.122, 0, 0, 101.866, 59.951, 0, 0, 0, 0, 
12.95, 18.48, 100.3, 74.3, 75.04, , 1.237, 0.988, 1000.418, 1000.418, 3.11, 31.503, 31.503, 31.503, 52.04, 74.284, 35.372, 34.92, 7.378, 12.157, 0, 0, 4.954, 5.014, 4.954, 5.014, 1, 59.693, 59.693, 0.024, 0.133, 8.375, 8.479, 8.375, 8.479, 5.37, 7.378, 12.157, , , 1, 13.05, 0, 0, 14.3, 3.11, 207, 0, 0, 0, 57, 4.666, 4.411, 131, 32.81, 100, 0, 0, 38, 37.812, 7.314, 0.866, 97.157, 0, 0, 101.97, 60.038, 0, 0, 0, 0, 0, 14, 0, 14.3, 0, 3.11, 207, 0, 0, 0, 57, 1, 0.005, 0.004, 131, 32.81, 100, 0, 0, 141, 38, 37.812, 7.314, 0.866, 0, 97.157, 0, 0, 101.97, 60.038, 0, 0, 0, 0, 
13, 18.48, 100.3, 74.3, 75.04, , 1.249, 0.988, 1004.755, 1004.755, 3.113, 31.792, 31.792, 31.792, 52.057, 67.611, 35.264, 34.74, 7.378, 12.156, 0, 0, 5.004, 5.066, 5.004, 5.066, 1, 59.756, 59.756, 0.024, 0.133, 8.45, 8.554, 8.45, 8.554, 5.404, 7.378, 12.156, , , 1, 13.101, 0, 0, 14.3, 3.113, 207, 0, 0, 0, 57, 4.668, 4.418, 131, 32.81, 100, 0, 0, 38, 37.882, 7.383, 0.868, 97.192, 0, 0, 102.075, 60.124, 0, 0, 0, 0, 0, 14, 0, 14.3, 0, 3.113, 207, 0, 0, 0, 57, 1, 0.005, 0.004, 131, 32.81, 100, 0, 0, 141, 38, 37.882, 7.383, 0.868, 0, 97.192, 0, 0, 102.075, 60.124, 0, 0, 0, 0, 
13.05, 18.48, 100.3, 74.3, 75.04, , 1.244, 0.988, 1009.153, 1009.153, 3.117, 31.669, 31.669, 31.669, 52.089, 60.939, 35.324, 34.812, 7.379, 12.154, 0, 0, 4.99, 5.052, 4.99, 5.052, 1, 59.817, 59.817, 0.024, 0.133, 8.411, 8.517, 8.411, 8.517, 5.439, 7.379, 12.154, , , 1, 13.151, 0, 0, 14.3, 3.117, 207, 0, 0, 0, 57, 4.669, 4.425, 131, 32.81, 100, 0, 0, 38, 37.951, 7.453, 0.869, 97.226, 0, 0, 102.179, 60.21, 0, 0, 0, 0, 0, 14, 0, 14.3, 0, 3.117, 207, 0, 0, 0, 57, 1, 0.005, 0.004, 131, 32.81, 100, 0, 0, 141, 38, 37.951, 7.453, 0.869, 0, 97.226, 0, 0, 102.179, 60.21, 0, 0, 0, 0, 
13.1, 18.48, 100.3, 74.3, 75.04, , 1.29, 0.988, 1013.479, 1013.479, 3.121, 32.763, 32.763, 32.763, 52.129, 54.267, 35.432, 34.956, 7.379, 12.143, 0, 0, 5.168, 5.232, 5.168, 5.232, 1, 59.88, 59.88, 0.024, 0.133, 8.694, 8.804, 8.694, 8.804, 5.473, 7.379, 12.143, , , 1, 13.201, 0, 0, 14.3, 3.121, 207, 0, 0, 0, 57, 4.671, 4.432, 131, 32.81, 100, 0, 0, 38, 38, 7.536, 0.871, 97.268, 0, 0, 102.268, 60.27, 0, 0, 0, 0, 0, 14, 0, 14.3, 0, 3.121, 207, 0, 0, 0, 57, 1, 0.005, 0.004, 131, 32.81, 100, 0, 0, 141, 38, 38, 7.536, 0.871, 0, 97.268, 0, 0, 102.268, 60.27, 0, 0, 0, 0, 
13.15, 18.48, 100.3, 74.3, 75.04, , 1.292, 0.988, 1017.885, 1017.885, 3.124, 32.826, 32.826, 32.826, 52.163, 47.594, 35.54, 35.1, 7.38, 12.129, 0, 0, 5.185, 5.249, 5.185, 5.249, 1, 59.945, 59.945, 0.024, 0.132, 8.706, 8.816, 8.706, 8.816, 5.507, 7.38, 12.129, , , 1, 13.251, 0, 0, 14.3, 3.124, 207, 0, 0, 0, 57, 4.673, 4.439, 131, 32.81, 100, 0, 0, 38, 38, 7.65, 0.873, 97.325, 0, 0, 102.325, 60.27, 0, 0, 0, 0, 0, 14, 0, 14.3, 0, 3.124, 207, 0, 0, 0, 57, 1, 0.005, 0.004, 131, 32.81, 100, 0, 0, 141, 38, 38, 7.65, 0.873, 0, 97.325, 0, 0, 102.325, 60.27, 0, 0, 0, 0, 
13.2, 18.48, 100.3, 74.3, 75.04, , 1.265, 0.988, 1022.29, 1022.29, 3.128, 32.174, 32.174, 32.174, 52.181, 63.548, 35.648, 35.244, 7.38, 12.114, 0, 0, 5.088, 5.15, 5.088, 5.15, 1, 60.009, 60.009, 0.024, 0.133, 8.53, 8.637, 8.53, 8.637, 5.502, 7.38, 12.114, , , 1, 13.301, 0, 0, 14.3, 3.128, 207, 0, 0, 0, 57, 4.675, 4.446, 131, 32.81, 100, 0, 0, 38, 38, 7.764, 0.875, 97.381, 0, 0, 102.381, 60.27, 0, 0, 0, 0, 0, 14, 0, 14.3, 0, 3.128, 207, 0, 0, 0, 57, 1, 0.005, 0.004, 131, 32.81, 100, 0, 0, 141, 38, 38, 7.764, 0.875, 0, 97.381, 0, 0, 102.381, 60.27, 0, 0, 0, 0, 
13.25, 18.48, 100.3, 74.3, 75.04, , 1.209, 0.988, 1026.696, 1026.696, 3.131, 30.858, 30.858, 30.858, 52.183, 64.236, 35.756, 35.388, 7.38, 12.099, 0, 0, 4.884, 4.943, 4.884, 4.943, 1, 60.07, 60.07, 0.024, 0.133, 8.181, 8.282, 8.181, 8.282, 5.496, 7.38, 12.099, , , 1, 13.351, 0, 0, 14.3, 3.131, 207, 0, 0, 0, 57, 4.677, 4.453, 131, 32.81, 100, 0, 0, 38, 38, 7.877, 0.877, 97.438, 0, 0, 102.438, 60.27, 0, 0, 0, 0, 0, 14, 0, 14.3, 0, 3.131, 207, 0, 0, 0, 57, 1, 0.005, 0.004, 131, 32.81, 100, 0, 0, 141, 38, 38, 7.877, 0.877, 0, 97.438, 0, 0, 102.438, 60.27, 0, 0, 0, 0, 
13.3, 18.48, 100.3, 74.3, 75.04, , 1.203, 0.988, 1031.102, 1031.102, 3.135, 30.704, 30.704, 30.704, 52.17, 64.924, 35.668, 35.925, 7.38, 12.085, 0, 0, 4.866, 4.924, 4.866, 4.924, 1, 60.13, 60.13, 0.024, 0.133, 8.143, 8.243, 8.143, 8.243, 5.491, 7.38, 12.085, , , 1, 13.401, 0, 0, 14.3, 3.135, 207, 0, 0, 0, 57, 4.68, 4.459, 131, 32.81, 100, 0, 0, 38, 38, 7.991, 0.88, 97.494, 0, 0, 102.494, 60.27, 0, 0, 0, 0, 0, 14, 0, 14.3, 0, 3.135, 207, 0, 0, 0, 57, 1, 0.005, 0.004, 131, 32.81, 100, 0, 0, 141, 38, 38, 7.991, 0.88, 0, 97.494, 0, 0, 102.494, 60.27, 0, 0, 0, 0, 
13.35, 18.48, 100.3, 74.3, 75.04, , 1.191, 0.988, 1035.507, 1035.507, 3.138, 30.422, 30.422, 30.422, 52.142, 65.612, 35.524, 36.573, 7.38, 12.072, 0, 0, 4.826, 4.884, 4.826, 4.884, 1, 60.188, 60.188, 0.024, 0.133, 8.073, 8.171, 8.073, 8.171, 5.486, 7.38, 12.072, , , 1, 13.45, 0, 0, 14.3, 3.138, 207, 0, 0, 0, 57, 4.686, 4.464, 131, 32.878, 100, 0, 0, 38, 38, 7.908, 0.878, 97.545, 0, 0, 102.5, 60.382, 0, 0, 0, 0, 0, 14, 0, 14.3, 0, 3.138, 207, 0, 0, 0, 57, 1, 0.005, 0.004, 131, 32.878, 100, 0, 0, 141, 38, 38, 7.908, 0.878, 0, 97.545, 0, 0, 102.5, 60.382, 0, 0, 0, 0, 
13.4, 18.48, 100.3, 74.3, 75.04, , 1.204, 0.988, 1039.913, 1039.913, 3.14, 30.732, 30.732, 30.732, 52.117, 66.3, 35.38, 37.221, 7.38, 12.068, 0, 0, 4.879, 4.939, 4.879, 4.939, 1, 60.247, 60.247, 0.024, 0.133, 8.159, 8.258, 8.159, 8.258, 5.476, 7.38, 12.068, , , 1, 13.5, 0, 0, 14.3, 3.14, 207, 0, 0, 0, 57, 4.693, 4.468, 131, 32.952, 100, 0, 0, 38, 38, 7.808, 0.876, 97.595, 0, 0, 102.5, 60.506, 0, 0, 0, 0, 0, 14, 0, 14.3, 0, 3.14, 207, 0, 0, 0, 57, 1, 0.005, 0.004, 131, 32.952, 100, 0, 0, 141, 38, 38, 7.808, 0.876, 0, 97.595, 0, 0, 102.5, 60.506, 0, 0, 0, 0, 
13.45, 18.48, 100.3, 74.3, 75.04, , 1.246, 0.988, 1044.319, 1044.319, 3.143, 31.744, 31.744, 31.744, 52.101, 66.988, 35.236, 37.869, 7.38, 12.066, 0, 0, 5.045, 5.106, 5.045, 5.106, 1, 60.308, 60.308, 0.024, 0.133, 8.43, 8.532, 8.43, 8.532, 5.466, 7.38, 12.066, , , 1, 13.551, 0, 0, 14.3, 3.143, 207, 0, 0, 0, 57, 4.7, 4.472, 131, 33.026, 100, 0, 0, 38, 38, 7.708, 0.874, 97.646, 0, 0, 102.5, 60.63, 0, 0, 0, 0, 0, 14, 0, 14.3, 0, 3.143, 207, 0, 0, 0, 57, 1, 0.005, 0.004, 131, 33.026, 100, 0, 0, 141, 38, 38, 7.708, 0.874, 0, 97.646, 0, 0, 102.5, 60.63, 0, 0, 0, 0, 
13.5, 18.48, 100.3, 74.3, 75.04, , 1.301, 0.988, 1048.725, 1048.725, 3.146, 33.034, 33.034, 33.034, 52.092, 67.676, 35.092, 38.517, 7.38, 12.067, 0, 0, 5.255, 5.319, 5.255, 5.319, 1, 60.372, 60.372, 0.024, 0.133, 8.774, 8.881, 8.774, 8.881, 5.457, 7.38, 12.067, , , 1, 13.601, 0, 0, 14.3, 3.146, 207, 0, 0, 0, 57, 4.707, 4.476, 131, 33.1, 100, 0, 0, 38, 38, 7.608, 0.872, 97.696, 0, 0, 102.5, 60.754, 0, 0, 0, 0, 0, 14, 0, 14.3, 0, 3.146, 207, 0, 0, 0, 57, 1, 0.005, 0.004, 131, 33.1, 100, 0, 0, 141, 38, 38, 7.608, 0.872, 0, 97.696, 0, 0, 102.5, 60.754, 0, 0, 0, 0, 
13.55, 18.48, 100.3, 74.3, 75.04, , 1.324, 0.988, 1053.13, 1053.13, 3.149, 33.588, 33.588, 33.588, 52.088, 68.364, 35.116, 38.157, 7.379, 12.07, 0, 0, 5.348, 5.414, 5.348, 5.414, 1, 60.438, 60.438, 0.024, 0.133, 8.922, 9.031, 8.922, 9.031, 5.447, 7.379, 12.07, , , 1, 13.65, 0, 0, 14.3, 3.149, 207, 0, 0, 0, 57, 4.714, 4.48, 131, 33.174, 100, 0, 0, 38, 38, 7.508, 0.87, 97.746, 0, 0, 102.5, 60.878, 0, 0, 0, 0, 0, 14, 0, 14.3, 0, 3.149, 207, 0, 0, 0, 57, 1, 0.005, 0.004, 131, 33.174, 100, 0, 0, 141, 38, 38, 7.508, 0.87, 0, 97.746, 0, 0, 102.5, 60.878, 0, 0, 0, 0, 
13.6, 18.48, 100.3, 74.3, 75.04, , 1.332, 0.988, 1057.535, 1057.535, 3.153, 33.779, 33.779, 33.779, 52.096, 69.052, 35.188, 37.511, 7.379, 12.075, 0, 0, 5.385, 5.451, 5.385, 5.451, 1, 60.504, 60.504, 0.024, 0.133, 8.972, 9.081, 8.972, 9.081, 5.446, 7.379, 12.075, , , 1, 13.701, 0, 0, 14.3, 3.153, 207, 0, 0, 0, 57, 4.723, 4.487, 131, 33.143, 100, 0, 0, 38.049, 38.049, 7.6, 0.872, 97.8, 0, 0, 102.55, 60.951, 0, 0, 0, 0, 0, 14, 0, 14.3, 0, 3.153, 207, 0, 0, 0, 57, 1, 0.005, 0.004, 131, 33.143, 100, 0, 0, 141, 38.049, 38.049, 7.6, 0.872, 0, 97.8, 0, 0, 102.55, 60.951, 0, 0, 0, 0, 
13.65, 18.48, 100.3, 74.3, 75.04, , 1.307, 0.988, 1061.941, 1061.941, 3.157, 33.181, 33.181, 33.181, 52.105, 69.74, 35.259, 36.866, 7.378, 12.081, 0, 0, 5.296, 5.359, 5.296, 5.359, 1, 60.573, 60.573, 0.024, 0.133, 8.812, 8.919, 8.812, 8.919, 5.449, 7.378, 12.081, , , 1, 13.751, 0, 0, 14.3, 3.157, 207, 0, 0, 0, 57, 4.731, 4.494, 131, 33.103, 100, 0, 0, 38.103, 38.103, 7.708, 0.874, 97.854, 0, 0, 102.604, 61.02, 0, 0, 0, 0, 0, 14, 0, 14.3, 0, 3.157, 207, 0, 0, 0, 57, 1, 0.005, 0.004, 131, 33.103, 100, 0, 0, 141, 38.103, 38.103, 7.708, 0.874, 0, 97.854, 0, 0, 102.604, 61.02, 0, 0, 0, 0, 
13.7, 18.48, 100.3, 74.3, 75.04, , 1.225, 0.988, 1066.378, 1066.378, 3.161, 31.251, 31.251, 31.251, 52.118, 70.428, 35.331, 36.22, 7.378, 12.086, 0, 0, 4.993, 5.052, 4.993, 5.052, 1, 60.634, 60.634, 0.024, 0.133, 8.298, 8.399, 8.298, 8.399, 5.453, 7.378, 12.086, , , 1, 13.8, 0, 0, 14.3, 3.161, 207, 0, 0, 0, 57, 4.74, 4.502, 131, 33.063, 100, 0, 0, 38.157, 38.157, 7.816, 0.876, 97.908, 0, 0, 102.658, 61.088, 0, 0, 0, 0, 0, 14, 0, 14.3, 0, 3.161, 207, 0, 0, 0, 57, 1, 0.005, 0.004, 131, 33.063, 100, 0, 0, 141, 38.157, 38.157, 7.816, 0.876, 0, 97.908, 0, 0, 102.658, 61.088, 0, 0, 0, 0, 
13.75, 18.48, 100.3, 74.3, 75.04, , 1.188, 0.988, 1070.841, 1070.841, 3.166, 30.362, 30.362, 30.362, 52.136, 71.116, 35.403, 35.575, 7.377, 12.09, 0, 0, 4.857, 4.913, 4.857, 4.913, 1, 60.693, 60.693, 0.024, 0.132, 8.059, 8.158, 8.059, 8.158, 5.456, 7.377, 12.09, , , 1, 13.851, 0, 0, 14.3, 3.166, 207, 0, 0, 0, 57, 4.749, 4.51, 131, 33.023, 100, 0, 0, 38.211, 38.211, 7.924, 0.878, 97.962, 0, 0, 102.712, 61.156, 0, 0, 0, 0, 0, 14, 0, 14.3, 0, 3.166, 207, 0, 0, 0, 57, 1, 0.005, 0.004, 131, 33.023, 100, 0, 0, 141, 38.211, 38.211, 7.924, 0.878, 0, 97.962, 0, 0, 102.712, 61.156, 0, 0, 0, 0, 
13.8, 18.48, 100.3, 74.3, 75.04, , 1.202, 0.988, 1075.268, 1075.268, 3.169, 30.695, 30.695, 30.695, 52.155, 71.804, 35.365, 35.393, 7.377, 12.092, 0, 0, 4.915, 4.973, 4.915, 4.973, 1, 60.752, 60.752, 0.024, 0.132, 8.144, 8.244, 8.144, 8.244, 5.471, 7.377, 12.092, , , 1, 13.901, 0, 0, 14.3, 3.169, 207, 0, 0, 0, 57, 4.756, 4.516, 131, 32.995, 100, 0, 0, 38.25, 38.25, 8, 0.88, 98.016, 0, 0, 102.766, 61.223, 0, 0, 0, 0, 0, 14, 0, 14.3, 0, 3.169, 207, 0, 0, 0, 57, 1, 0.005, 0.005, 131, 32.995, 100, 0, 0, 141, 38.25, 38.25, 8, 0.88, 0, 98.016, 0, 0, 102.766, 61.223, 0, 0, 0, 0, 
13.85, 18.48, 100.3, 74.3, 75.04, , 1.182, 0.988, 1079.74, 1079.74, 3.172, 30.218, 30.218, 30.218, 52.168, 72.492, 35.293, 35.356, 7.377, 12.092, 0, 0, 4.843, 4.901, 4.843, 4.901, 1, 60.813, 60.813, 0.024, 0.132, 8.014, 8.113, 8.014, 8.113, 5.49, 7.377, 12.092, , , 1, 13.95, 0, 0, 14.3, 3.172, 207, 0, 0, 0, 57, 4.758, 4.518, 131, 32.995, 100, 0, 0, 38.25, 38.25, 8, 0.88, 98.068, 0, 0, 102.818, 61.289, 0, 0, 0, 0, 0, 14, 0, 14.3, 0, 3.172, 207, 0, 0, 0, 57, 1, 0.005, 0.005, 131, 32.995, 100, 0, 0, 141, 38.25, 38.25, 8, 0.88, 0, 98.068, 0, 0, 102.818, 61.289, 0, 0, 0, 0, 
13.9, 18.48, 100.3, 74.3, 75.04, , 1.156, 0.988, 1084.159, 1084.159, 3.175, 29.608, 29.608, 29.608, 52.173, 73.18, 35.22, 35.32, 7.377, 12.09, 0, 0, 4.749, 4.808, 4.749, 4.808, 1, 60.871, 60.871, 0.024, 0.132, 7.85, 7.947, 7.85, 7.947, 5.51, 7.377, 12.09, , , 1, 14, 0, 0, 14.3, 3.175, 207, 0, 0, 0, 57, 4.76, 4.52, 131, 32.995, 100, 0, 0, 38.25, 38.25, 8, 0.88, 98.12, 0, 0, 102.87, 61.355, 0, 0, 0, 0, 0, 14, 0, 14.3, 0, 3.175, 207, 0, 0, 0, 57, 1, 0.005, 0.005, 131, 32.995, 100, 0, 0, 141, 38.25, 38.25, 8, 0.88, 0, 98.12, 0, 0, 102.87, 61.355, 0, 0, 0, 0, 
13.95, 18.48, 100.3, 74.3, 75.04, , 1.194, 0.988, 1088.639, 1088.639, 3.178, 30.523, 30.523, 30.523, 52.168, 73.868, 35.148, 35.284, 7.377, 12.086, 0, 0, 4.9, 4.962, 4.9, 4.962, 1, 60.931, 60.931, 0.024, 0.132, 8.092, 8.194, 8.092, 8.194, 5.53, 7.377, 12.086, , , 1, 14.051, 0, 0, 14.3, 3.178, 207, 0, 0, 0, 57, 4.762, 4.522, 131, 32.995, 100, 0, 0, 38.25, 38.25, 8, 0.88, 98.172, 0, 0, 102.922, 61.421, 0, 0, 0, 0, 0, 14, 0, 14.3, 0, 3.178, 207, 0, 0, 0, 57, 1, 0.005, 0.005, 131, 32.995, 100, 0, 0, 141, 38.25, 38.25, 8, 0.88, 0, 98.172, 0, 0, 102.922, 61.421, 0, 0, 0, 0, 
14, 18.48, 100.3, 74.3, 75.04, , 1.147, 0.988, 1093.049, 1093.049, 3.181, 29.4, 29.4, 29.4, 52.154, 74.557, 35.076, 35.248, 7.377, 12.082, 0, 0, 4.724, 4.783, 4.724, 4.783, 1, 60.989, 60.989, 0.024, 0.132, 7.795, 7.893, 7.795, 7.893, 5.543, 7.377, 12.082, , , 1, 14.101, 0, 0, 14.3, 3.181, 207, 0, 0, 0, 57, 4.764, 4.524, 131, 32.995, 100, 0, 0, 38.25, 38.25, 8, 0.88, 98.224, 0, 0, 102.974, 61.487, 0, 0, 0, 0, 0, 14, 0, 14.3, 0, 3.181, 207, 0, 0, 0, 57, 1, 0.005, 0.005, 131, 32.995, 100, 0, 0, 141, 38.25, 38.25, 8, 0.88, 0, 98.224, 0, 0, 102.974, 61.487, 0, 0, 0, 0, 
14.05, 18.48, 100.3, 74.3, 75.04, , 1.067, 0.988, 1097.54, 1097.54, 3.183, 27.499, 27.499, 27.499, 52.135, 75.245, 35.172, 35.24, 7.377, 12.076, 0, 0, 4.423, 4.477, 4.423, 4.477, 1, 61.045, 61.045, 0.024, 0.132, 7.294, 7.386, 7.294, 7.386, 5.55, 7.377, 12.076, , , 1, 14.15, 0, 0, 14.3, 3.183, 207, 0, 0, 0, 57, 4.763, 4.523, 131, 33.016, 100, 0, 0, 38.25, 38.25, 8, 0.88, 98.277, 0, 0, 103, 61.554, 0, 0, 0, 0, 0, 14, 0, 14.3, 0, 3.183, 207, 0, 0, 0, 57, 1, 0.005, 0.005, 131, 33.016, 100, 0, 0, 141, 38.25, 38.25, 8, 0.88, 0, 98.277, 0, 0, 103.027, 61.554, 0, 0, 0, 0, 
14.1, 18.48, 100.3, 74.3, 75.04, , 1.053, 0.988, 1102.03, 1102.03, 3.185, 27.171, 27.171, 27.171, 52.114, 75.933, 35.316, 35.24, 7.377, 12.07, 0, 0, 4.373, 4.427, 4.373, 4.427, 1, 61.098, 61.098, 0.024, 0.132, 7.21, 7.3, 7.21, 7.3, 5.556, 7.377, 12.07, , , 1, 14.2, 0, 0, 14.3, 3.185, 207, 0, 0, 0, 57, 4.76, 4.52, 131, 33.056, 100, 0, 0, 38.25, 38.25, 8, 0.88, 98.332, 0, 0, 103, 61.621, 0, 0, 0, 0, 0, 14, 0, 14.3, 0, 3.185, 207, 0, 0, 0, 57, 1, 0.005, 0.005, 131, 33.056, 100, 0, 0, 141, 38.25, 38.25, 8, 0.88, 0, 98.332, 0, 0, 103.082, 61.621, 0, 0, 0, 0, 
14.15, 18.48, 100.3, 74.296, 75.04, , 1.113, 0.988, 1106.438, 1106.438, 3.187, 28.588, 28.588, 28.588, 52.097, 76.621, 35.46, 35.24, 7.377, 12.064, 0, 0, 4.607, 4.663, 4.607, 4.663, 1, 61.151, 61.151, 0.024, 0.132, 7.591, 7.684, 7.591, 7.684, 5.563, 7.377, 12.064, , , 1, 14.251, 0, 0, 14.3, 3.187, 207, 0, 0, 0, 57, 4.757, 4.517, 131, 33.096, 100, 0, 0, 38.25, 38.25, 8, 0.88, 98.386, 0, 0, 103, 61.688, 0, 0, 0, 0, 0, 14, 0, 14.3, 0, 3.187, 207, 0, 0, 0, 57, 1, 0.005, 0.005, 131, 33.096, 100, 0, 0, 141, 38.25, 38.25, 8, 0.88, 0, 98.386, 0, 0, 103.136, 61.688, 0, 0, 0, 0, 
14.2, 18.48, 100.3, 74.291, 75.04, , 1.152, 0.988, 1110.921, 1110.921, 3.189, 29.528, 29.528, 29.528, 52.083, 77.309, 35.604, 35.24, 7.377, 12.059, 0, 0, 4.762, 4.82, 4.762, 4.82, 1, 61.207, 61.207, 0.024, 0.132, 7.843, 7.939, 7.843, 7.939, 5.559, 7.377, 12.059, , , 1, 14.301, 0, 0, 14.3, 3.189, 207, 0, 0, 0, 57, 4.754, 4.514, 131, 33.137, 100, 0, 0, 38.25, 38.25, 8, 0.88, 98.441, 0, 0, 103, 61.756, 0, 0, 0, 0, 0, 14, 0, 14.3, 0, 3.189, 207, 0, 0, 0, 57, 1, 0.005, 0.005, 131, 33.137, 100, 0, 0, 141, 38.25, 38.25, 8, 0.88, 0, 98.441, 0, 0, 103.191, 61.756, 0, 0, 0, 0, 
14.25, 18.48, 100.3, 74.286, 75.04, , 1.198, 0.988, 1115.411, 1115.411, 3.191, 30.623, 30.623, 30.623, 52.069, 77.997, 35.748, 35.24, 7.377, 12.055, 0, 0, 4.942, 5.004, 4.942, 5.004, 1, 61.265, 61.265, 0.024, 0.132, 8.136, 8.235, 8.136, 8.235, 5.545, 7.377, 12.055, , , 1, 14.35, 0, 0, 14.3, 3.191, 207, 0, 0, 0, 57, 4.75, 4.51, 131, 33.177, 100, 0, 0, 38.25, 38.25, 8, 0.88, 98.496, 0, 0, 103, 61.823, 0, 0, 0, 0, 0, 14, 0, 14.3, 0, 3.191, 207, 0, 0, 0, 57, 1, 0.005, 0.005, 131, 33.177, 100, 0, 0, 141, 38.25, 38.25, 8, 0.88, 0, 98.496, 0, 0, 103.246, 61.823, 0, 0, 0, 0, 
14.3, 18.48, 100.3, 74.281, 75.04, , 1.283, 0.988, 1119.902, 1119.902, 3.194, 32.632, 32.632, 32.632, 52.058, 78.685, 35.725, 35.543, 7.377, 12.054, 0, 0, 5.271, 5.338, 5.271, 5.338, 1, 61.327, 61.327, 0.024, 0.132, 8.672, 8.777, 8.672, 8.777, 5.531, 7.377, 12.054, , , 1, 14.401, 0, 0, 14.3, 3.194, 207, 0, 0, 0, 57.094, 4.763, 4.512, 131.169, 33.215, 100, 0, 0, 38.344, 38.344, 8, 0.878, 98.548, 0, 0, 103.095, 61.888, 0, 0, 0, 0, 0, 14, 0, 14.3, 0, 3.194, 207, 0, 0, 0, 57.094, 1, 0.005, 0.005, 131.169, 33.215, 100, 0, 0, 141, 38.344, 38.344, 8, 0.878, 0, 98.548, 0, 0, 103.298, 61.888, 0, 0, 0, 0, 
14.35, 18.48, 100.3, 74.276, 75.04, , 1.334, 0.988, 1124.393, 1124.393, 3.198, 33.839, 33.839, 33.839, 52.054, 79.373, 35.654, 35.931, 7.377, 12.054, 0, 0, 5.471, 5.541, 5.471, 5.541, 1, 61.393, 61.393, 0.024, 0.132, 8.994, 9.102, 8.994, 9.102, 5.517, 7.377, 12.054, , , 1, 14.451, 0, 0, 14.3, 3.198, 207, 0, 0, 0, 57.198, 4.778, 4.514, 131.356, 33.254, 100, 0, 0, 38.448, 38.448, 8, 0.876, 98.6, 0, 0, 103.199, 61.953, 0, 0, 0, 0, 0, 14, 0, 14.3, 0, 3.198, 207, 0, 0, 0, 57.198, 1, 0.005, 0.005, 131.356, 33.254, 100, 0, 0, 141, 38.448, 38.448, 8, 0.876, 0, 98.6, 0, 0, 103.35, 61.953, 0, 0, 0, 0, 
14.4, 18.48, 100.3, 74.271, 75.04, , 1.292, 0.988, 1128.883, 1128.883, 3.202, 32.864, 32.864, 32.864, 52.056, 80.061, 35.584, 36.319, 7.377, 12.057, 0, 0, 5.32, 5.387, 5.32, 5.387, 1, 61.459, 61.459, 0.024, 0.132, 8.734, 8.84, 8.734, 8.84, 5.505, 7.377, 12.057, , , 1, 14.5, 0, 0, 14.3, 3.202, 207, 0, 0, 0, 57.302, 4.792, 4.516, 131.544, 33.293, 100, 0, 0, 38.552, 38.552, 8, 0.874, 98.652, 0, 0, 103.303, 62.017, 0, 0, 0, 0, 0, 14, 0, 14.3, 0, 3.202, 207, 0, 0, 0, 57.302, 1, 0.005, 0.005, 131.544, 33.293, 100, 0, 0, 141, 38.552, 38.552, 8, 0.874, 0, 98.652, 0, 0, 103.402, 62.017, 0, 0, 0, 0, 
14.45, 18.48, 100.3, 74.266, 75.04, , 1.261, 0.988, 1133.374, 1133.374, 3.206, 32.11, 32.11, 32.11, 52.068, 80.749, 35.513, 36.708, 7.378, 12.063, 0, 0, 5.204, 5.269, 5.204, 5.269, 1, 61.522, 61.522, 0.024, 0.133, 8.533, 8.636, 8.533, 8.636, 5.501, 7.378, 12.063, , , 1, 14.551, 0, 0, 14.3, 3.206, 207, 0, 0, 0, 57.406, 4.807, 4.518, 131.731, 33.331, 100, 0, 0, 38.656, 38.656, 8, 0.872, 98.704, 0, 0, 103.407, 62.082, 0, 0, 0, 0, 0, 14, 0, 14.3, 0, 3.206, 207, 0, 0, 0, 57.406, 1, 0.005, 0.005, 131.731, 33.331, 100, 0, 0, 141, 38.656, 38.656, 8, 0.872, 0, 98.704, 0, 0, 103.454, 62.082, 0, 0, 0, 0, 
14.5, 18.48, 100.3, 74.261, 75.04, , 1.265, 0.988, 1137.864, 1137.864, 3.209, 32.209, 32.209, 32.209, 52.088, 81.437, 35.443, 37.096, 7.378, 12.07, 0, 0, 5.226, 5.29, 5.226, 5.29, 1, 61.584, 61.584, 0.024, 0.133, 8.556, 8.659, 8.556, 8.659, 5.498, 7.378, 12.07, , , 1, 14.601, 0, 0, 14.3, 3.209, 207, 0, 0, 0, 57.51, 4.821, 4.52, 131.919, 33.37, 100, 0, 0, 38.755, 38.755, 8, 0.87, 98.756, 0, 0, 103.5, 62.14, 0, 0, 0, 0, 0, 14, 0, 14.3, 0, 3.209, 207, 0, 0, 0, 57.51, 1, 0.005, 0.005, 131.919, 33.37, 100, 0, 0, 141, 38.755, 38.755, 8, 0.87, 0, 98.756, 0, 0, 103.5, 62.14, 0, 0, 0, 0, 
14.55, 18.48, 100.3, 74.256, 75.04, , 1.299, 0.988, 1142.411, 1142.411, 3.212, 33.022, 33.022, 33.022, 52.112, 82.125, 35.395, 36.995, 7.379, 12.077, 0, 0, 5.363, 5.43, 5.363, 5.43, 1, 61.648, 61.648, 0.024, 0.133, 8.767, 8.874, 8.767, 8.874, 5.495, 7.379, 12.077, , , 1, 14.65, 0, 0, 14.3, 3.212, 207, 0, 0, 0, 57.615, 4.829, 4.52, 132.107, 33.408, 100, 0, 0, 38.807, 38.807, 8, 0.868, 98.808, 0, 0, 103.5, 62.14, 0, 0, 0, 0, 0, 14, 0, 14.3, 0, 3.212, 207, 0, 0, 0, 57.615, 1, 0.005, 0.005, 132.107, 33.408, 100, 0, 0, 141, 38.807, 38.807, 8, 0.868, 0, 98.808, 0, 0, 103.5, 62.14, 0, 0, 0, 0, 
14.6, 18.48, 100.3, 74.251, 75.04, , 1.335, 0.988, 1146.935, 1146.935, 3.214, 33.889, 33.889, 33.889, 52.129, 82.813, 35.358, 36.665, 7.379, 12.082, 0, 0, 5.511, 5.579, 5.511, 5.579, 1, 61.715, 61.715, 0.024, 0.133, 8.993, 9.104, 8.993, 9.104, 5.491, 7.379, 12.082, , , 1, 14.701, 0, 0, 14.3, 3.214, 207, 0, 0, 0, 57.72, 4.838, 4.52, 132.295, 33.447, 100, 0, 0, 38.859, 38.859, 8, 0.866, 98.86, 0, 0, 103.5, 62.14, 0, 0, 0, 0, 0, 14, 0, 14.3, 0, 3.214, 207, 0, 0, 0, 57.72, 1, 0.005, 0.005, 132.295, 33.447, 100, 0, 0, 141, 38.859, 38.859, 8, 0.866, 0, 98.86, 0, 0, 103.5, 62.14, 0, 0, 0, 0, 
14.65, 18.48, 100.3, 74.246, 75.04, , 1.382, 0.988, 1151.425, 1151.425, 3.217, 34.985, 34.985, 34.985, 52.142, 83.501, 35.322, 36.334, 7.38, 12.085, 0, 0, 5.694, 5.765, 5.694, 5.765, 1, 61.782, 61.782, 0.024, 0.133, 9.281, 9.396, 9.281, 9.396, 5.488, 7.38, 12.085, , , 1, 14.751, 0, 0, 14.3, 3.217, 207, 0, 0, 0, 57.824, 4.846, 4.52, 132.484, 33.485, 100, 0, 0, 38.911, 38.911, 8, 0.864, 98.912, 0, 0, 103.5, 62.14, 0, 0, 0, 0, 0, 14, 0, 14.3, 0, 3.217, 207, 0, 0, 0, 57.824, 1, 0.005, 0.005, 132.484, 33.485, 100, 0, 0, 141, 38.911, 38.911, 8, 0.864, 0, 98.912, 0, 0, 103.5, 62.14, 0, 0, 0, 0, 
14.7, 18.48, 100.3, 74.241, 75.04, , 1.444, 0.988, 1155.915, 1155.915, 3.219, 36.478, 36.478, 36.478, 52.148, 84.189, 35.285, 36.003, 7.38, 12.086, 0, 0, 5.943, 6.017, 5.943, 6.017, 1, 61.851, 61.851, 0.024, 0.134, 9.677, 9.796, 9.677, 9.796, 5.486, 7.38, 12.086, , , 1, 14.8, 0, 0, 14.3, 3.219, 207, 0, 0, 0, 57.929, 4.854, 4.52, 132.672, 33.524, 100, 0, 0, 38.964, 38.964, 8, 0.861, 98.965, 0, 0, 103.5, 62.14, 0, 0, 0, 0, 0, 14, 0, 14.3, 0, 3.219, 207, 0, 0, 0, 57.929, 1, 0.005, 0.005, 132.672, 33.524, 100, 0, 0, 141, 38.964, 38.964, 8, 0.861, 0, 98.965, 0, 0, 103.5, 62.14, 0, 0, 0, 0, 
14.75, 18.48, 100.3, 74.236, 75.04, , 1.485, 0.988, 1160.45, 1160.45, 3.223, 37.434, 37.434, 37.434, 52.146, 84.877, 35.248, 35.673, 7.379, 12.085, 0, 0, 6.105, 6.182, 6.105, 6.182, 1, 61.926, 61.926, 0.024, 0.134, 9.93, 10.052, 9.93, 10.052, 5.483, 7.379, 12.085, , , 1, 14.85, 0, 0, 14.3, 3.223, 207, 0, 0, 0, 58, 4.859, 4.518, 132.8, 33.539, 100, 0, 0, 39, 39, 8, 0.862, 99.015, 0, 0, 103.531, 62.176, 0, 0, 0, 0, 0, 14, 0, 14.3, 0, 3.223, 207, 0, 0, 0, 58, 1, 0.005, 0.005, 132.8, 33.539, 100, 0, 0, 141, 39, 39, 8, 0.862, 0, 99.015, 0, 0, 103.531, 62.176, 0, 0, 0, 0, 
14.8, 18.48, 100.3, 74.231, 75.04, , 1.468, 0.988, 1164.987, 1164.987, 3.227, 37.038, 37.038, 37.038, 52.14, 85.566, 35.128, 35.516, 7.379, 12.085, 0, 0, 6.047, 6.123, 6.047, 6.123, 1, 61.999, 61.999, 0.024, 0.134, 9.826, 9.946, 9.826, 9.946, 5.48, 7.379, 12.085, , , 1, 14.9, 0, 0, 14.3, 3.227, 207, 0, 0, 0, 58, 4.856, 4.51, 132.8, 33.503, 100, 0, 0, 39, 39, 8, 0.87, 99.063, 0, 0, 103.626, 62.295, 0, 0, 0, 0, 0, 14, 0, 14.3, 0, 3.227, 207, 0, 0, 0, 58, 1, 0.005, 0.005, 132.8, 33.503, 100, 0, 0, 141, 39, 39, 8, 0.87, 0, 99.063, 0, 0, 103.626, 62.295, 0, 0, 0, 0, 
14.85, 18.48, 100.3, 74.226, 75.04, , 1.439, 0.988, 1169.516, 1169.516, 3.232, 36.353, 36.353, 36.353, 52.134, 86.254, 34.984, 35.408, 7.378, 12.086, 0, 0, 5.943, 6.017, 5.943, 6.017, 1, 62.072, 62.072, 0.024, 0.134, 9.647, 9.765, 9.647, 9.765, 5.476, 7.378, 12.086, , , 1, 14.951, 0, 0, 14.3, 3.232, 207, 0, 0, 0, 58, 4.853, 4.502, 132.8, 33.467, 100, 0, 0, 39, 39, 8, 0.878, 99.111, 0, 0, 103.722, 62.414, 0, 0, 0, 0, 0, 14, 0, 14.3, 0, 3.232, 207, 0, 0, 0, 58, 1, 0.005, 0.005, 132.8, 33.467, 100, 0, 0, 141, 39, 39, 8, 0.878, 0, 99.111, 0, 0, 103.722, 62.414, 0, 0, 0, 0, 
14.9, 18.48, 100.3, 74.222, 75.04, , 1.427, 0.988, 1174.094, 1174.094, 3.237, 36.063, 36.063, 36.063, 52.127, 84.419, 34.84, 35.3, 7.378, 12.087, 0, 0, 5.903, 5.976, 5.903, 5.976, 1, 62.141, 62.141, 0.024, 0.134, 9.571, 9.689, 9.571, 9.689, 5.471, 7.378, 12.087, , , 1, 15.001, 0, 0, 14.3, 3.237, 207, 0, 0, 0, 58, 4.85, 4.495, 132.8, 33.432, 100, 0, 0, 39, 39, 8, 0.885, 99.159, 0, 0, 103.818, 62.533, 0, 0, 0, 0, 0, 14, 0, 14.3, 0, 3.237, 207, 0, 0, 0, 58, 1, 0.005, 0.004, 132.8, 33.432, 100, 0, 0, 141, 39, 39, 8, 0.885, 0, 99.159, 0, 0, 103.818, 62.533, 0, 0, 0, 0, 
14.95, 18.48, 100.3, 74.217, 75.04, , 1.408, 0.988, 1178.637, 1178.637, 3.242, 35.617, 35.617, 35.617, 52.119, 81.503, 34.696, 35.192, 7.377, 12.09, 0, 0, 5.837, 5.909, 5.837, 5.909, 1, 62.212, 62.212, 0.024, 0.133, 9.454, 9.57, 9.454, 9.57, 5.467, 7.377, 12.09, , , 1, 15.05, 0, 0, 14.3, 3.242, 207, 0, 0, 0, 58, 4.848, 4.487, 132.8, 33.396, 100, 0, 0, 39, 39, 8, 0.893, 99.207, 0, 0, 103.914, 62.653, 0, 0, 0, 0, 0, 14, 0, 14.3, 0, 3.242, 207, 0, 0, 0, 58, 1, 0.005, 0.004, 132.8, 33.396, 100, 0, 0, 141, 39, 39, 8, 0.893, 0, 99.207, 0, 0, 103.914, 62.653, 0, 0, 0, 0, 
15, 18.48, 100.3, 74.212, 75.04, , 1.414, 0.988, 1183.16, 1183.16, 3.247, 35.769, 35.769, 35.769, 52.111, 78.587, 34.552, 35.084, 7.377, 12.093, 0, 0, 5.87, 5.942, 5.87, 5.942, 1, 62.282, 62.282, 0.024, 0.133, 9.497, 9.612, 9.497, 9.612, 5.462, 7.377, 12.093, , , 1, 15.101, 0, 0, 14.3, 3.247, 207, 0, 0, 0, 58, 4.845, 4.48, 132.8, 33.36, 100, 0, 0, 39, 39, 8, 0.9, 99.255, 0, 0, 104, 62.76, 0, 0, 0, 0, 0, 14, 0, 14.3, 0, 3.247, 207, 0, 0, 0, 58, 1, 0.005, 0.004, 132.8, 33.36, 100, 0, 0, 141, 39, 39, 8, 0.9, 0, 99.255, 0, 0, 104, 62.76, 0, 0, 0, 0, 
15.05, 18.48, 100.3, 74.207, 75.04, , 1.427, 0.988, 1187.738, 1187.738, 3.248, 36.075, 36.075, 36.075, 52.102, 75.671, 34.632, 35.116, 7.377, 12.097, 0, 0, 5.927, 5.999, 5.927, 5.999, 1, 62.353, 62.353, 0.024, 0.133, 9.58, 9.695, 9.58, 9.695, 5.452, 7.377, 12.097, , , 1, 15.151, 0, 0, 14.3, 3.248, 207, 0, 0, 0, 58, 4.842, 4.48, 132.8, 33.322, 100, 0, 0, 39, 39, 8, 0.9, 99.308, 0, 0, 104, 62.76, 0, 0, 0, 0, 0, 14, 0, 14.3, 0, 3.248, 207, 0, 0, 0, 58, 1, 0.005, 0.004, 132.8, 33.322, 100, 0, 0, 141, 39, 39, 8, 0.9, 0, 99.308, 0, 0, 104, 62.76, 0, 0, 0, 0, 
15.1, 18.48, 100.3, 74.202, 75.04, , 1.405, 0.988, 1192.315, 1192.315, 3.25, 35.551, 35.551, 35.551, 52.094, 72.756, 34.775, 35.188, 7.377, 12.1, 0, 0, 5.849, 5.919, 5.849, 5.919, 1, 62.424, 62.424, 0.024, 0.133, 9.442, 9.556, 9.442, 9.556, 5.436, 7.377, 12.1, , , 1, 15.2, 0, 0, 14.3, 3.25, 207, 0, 0, 0, 58, 4.838, 4.48, 132.8, 33.283, 100, 0, 0, 39, 39, 8, 0.9, 99.36, 0, 0, 104, 62.76, 0, 0, 0, 0, 0, 14, 0, 14.3, 0, 3.25, 207, 0, 0, 0, 58, 1, 0.005, 0.004, 132.8, 33.283, 100, 0, 0, 141, 39, 39, 8, 0.9, 0, 99.36, 0, 0, 104, 62.76, 0, 0, 0, 0, 
15.15, 18.48, 100.3, 74.197, 75.04, , 1.426, 0.988, 1196.894, 1196.894, 3.251, 36.059, 36.059, 36.059, 52.087, 69.84, 34.919, 35.259, 7.377, 12.103, 0, 0, 5.939, 6.01, 5.939, 6.01, 1, 62.494, 62.494, 0.024, 0.132, 9.577, 9.693, 9.577, 9.693, 5.419, 7.377, 12.103, , , 1, 15.25, 0, 0, 14.3, 3.251, 207, 0, 0, 0, 58, 4.835, 4.48, 132.8, 33.245, 100, 0, 0, 39, 39, 8, 0.9, 99.412, 0, 0, 104, 62.76, 0, 0, 0, 0, 0, 14, 0, 14.3, 0, 3.251, 207, 0, 0, 0, 58, 1, 0.005, 0.004, 132.8, 33.245, 100, 0, 0, 141, 39, 39, 8, 0.9, 0, 99.412, 0, 0, 104, 62.76, 0, 0, 0, 0, 
15.2, 18.48, 100.3, 74.192, 75.04, , 1.467, 0.988, 1201.448, 1201.448, 3.253, 37.038, 37.038, 37.038, 52.08, 66.924, 35.062, 35.331, 7.377, 12.107, 0, 0, 6.107, 6.179, 6.107, 6.179, 1, 62.568, 62.568, 0.024, 0.132, 9.838, 9.959, 9.838, 9.959, 5.403, 7.377, 12.107, , , 1, 15.301, 0, 0, 14.3, 3.253, 207, 0, 0, 0, 58, 4.832, 4.48, 132.8, 33.206, 100, 0, 0, 39, 39, 8, 0.9, 99.464, 0, 0, 104, 62.76, 0, 0, 0, 0, 0, 14, 0, 14.3, 0, 3.253, 207, 0, 0, 0, 58, 1, 0.005, 0.004, 132.8, 33.206, 100, 0, 0, 141, 39, 39, 8, 0.9, 0, 99.464, 0, 0, 104, 62.76, 0, 0, 0, 0, 
15.25, 18.48, 100.3, 74.187, 75.04, , 1.462, 0.988, 1205.981, 1205.981, 3.256, 36.906, 36.906, 36.906, 52.072, 64.008, 35.206, 35.403, 7.377, 12.113, 0, 0, 6.093, 6.164, 6.093, 6.164, 1, 62.643, 62.643, 0.024, 0.132, 9.804, 9.925, 9.804, 9.925, 5.387, 7.377, 12.113, , , 1, 15.351, 0, 0, 14.3, 3.256, 207, 0, 0, 0, 58, 4.831, 4.482, 132.8, 33.18, 100, 0, 0, 38.972, 38.986, 8, 0.9, 99.515, 0, 0, 104.03, 62.812, 0, 0, 0, 0, 0, 14, 0, 14.3, 0, 3.256, 207, 0, 0, 0, 58, 1, 0.005, 0.004, 132.8, 33.18, 100, 0, 0, 141, 38.972, 38.972, 8, 0.9, 0, 99.515, 0, 0, 104.03, 62.812, 0, 0, 0, 0, 
15.3, 18.48, 100.3, 74.182, 75.04, , 1.444, 0.988, 1210.628, 1210.628, 3.261, 36.5, 36.5, 36.5, 52.066, 61.092, 35.136, 35.472, 7.377, 12.119, 0, 0, 6.033, 6.103, 6.033, 6.103, 1, 62.714, 62.714, 0.024, 0.132, 9.697, 9.818, 9.697, 9.818, 5.372, 7.377, 12.119, , , 1, 15.4, 0, 0, 14.3, 3.261, 207, 0, 0, 0, 58, 4.835, 4.49, 132.8, 33.18, 100, 0, 0, 38.879, 38.94, 8, 0.9, 99.561, 0, 0, 104.122, 62.984, 0, 0, 0, 0, 0, 14, 0, 14.3, 0, 3.261, 207, 0, 0, 0, 58, 1, 0.005, 0.004, 132.8, 33.18, 100, 0, 0, 141, 38.879, 38.879, 8, 0.9, 0, 99.561, 0, 0, 104.122, 62.984, 0, 0, 0, 0, 
15.35, 18.48, 100.3, 74.177, 75.04, , 1.471, 0.988, 1215.207, 1215.207, 3.266, 37.131, 37.131, 37.131, 52.063, 58.176, 34.998, 35.541, 7.377, 12.125, 0, 0, 6.143, 6.215, 6.143, 6.215, 1, 62.786, 62.786, 0.024, 0.132, 9.867, 9.989, 9.867, 9.989, 5.356, 7.377, 12.125, , , 1, 15.451, 0, 0, 14.3, 3.266, 207, 0, 0, 0, 58, 4.839, 4.497, 132.8, 33.18, 100, 0, 0, 38.786, 38.894, 8, 0.9, 99.607, 0, 0, 104.215, 63.156, 0, 0, 0, 0, 0, 14, 0, 14.3, 0, 3.266, 207, 0, 0, 0, 58, 1, 0.005, 0.004, 132.8, 33.18, 100, 0, 0, 141, 38.786, 38.786, 8, 0.9, 0, 99.607, 0, 0, 104.215, 63.156, 0, 0, 0, 0, 
15.4, 18.48, 100.3, 74.172, 75.04, , 1.456, 0.988, 1219.786, 1219.786, 3.272, 36.778, 36.778, 36.778, 52.062, 55.261, 34.861, 35.61, 7.377, 12.131, 0, 0, 6.091, 6.163, 6.091, 6.163, 1, 62.859, 62.859, 0.024, 0.132, 9.773, 9.894, 9.773, 9.894, 5.341, 7.377, 12.131, , , 1, 15.501, 0, 0, 14.3, 3.272, 207, 0, 0, 0, 58, 4.842, 4.504, 132.8, 33.18, 100, 0, 0, 38.693, 38.847, 8, 0.9, 99.654, 0, 0, 104.307, 63.328, 0, 0, 0, 0, 0, 14, 0, 14.3, 0, 3.272, 207, 0, 0, 0, 58, 1, 0.005, 0.005, 132.8, 33.18, 100, 0, 0, 141, 38.693, 38.693, 8, 0.9, 0, 99.654, 0, 0, 104.307, 63.328, 0, 0, 0, 0, 
15.45, 18.48, 100.3, 74.173, 75.04, , 1.439, 0.988, 1224.365, 1224.365, 3.277, 36.376, 36.376, 36.376, 52.066, 52.345, 34.723, 35.678, 7.377, 12.137, 0, 0, 6.031, 6.103, 6.031, 6.103, 1, 62.931, 62.931, 0.024, 0.132, 9.666, 9.785, 9.666, 9.785, 5.335, 7.377, 12.137, , , 1, 15.55, 0, 0, 14.3, 3.277, 207, 0, 0, 0, 58, 4.846, 4.512, 132.8, 33.18, 100, 0, 0, 38.6, 38.801, 8, 0.9, 99.7, 0, 0, 104.4, 63.501, 0, 0, 0, 0, 0, 14, 0, 14.3, 0, 3.277, 207, 0, 0, 0, 58, 1, 0.005, 0.005, 132.8, 33.18, 100, 0, 0, 141, 38.6, 38.6, 8, 0.9, 0, 99.7, 0, 0, 104.4, 63.501, 0, 0, 0, 0, 
15.5, 18.48, 100.301, 74.178, 75.04, , 1.471, 0.988, 1228.957, 1228.957, 3.283, 37.144, 37.144, 37.144, 52.075, 49.429, 34.586, 35.747, 7.377, 12.142, 0, 0, 6.165, 6.24, 6.165, 6.24, 1, 63.003, 63.003, 0.024, 0.132, 9.868, 9.989, 9.868, 9.989, 5.358, 7.377, 12.142, , , 1, 15.601, 0, 0, 14.3, 3.283, 207, 0, 0, 0, 58, 4.85, 4.519, 132.8, 33.18, 100, 0, 0, 38.507, 38.755, 8, 0.9, 99.746, 0, 0, 104.493, 63.673, 0, 0, 0, 0, 0, 14, 0, 14.3, 0, 3.283, 207, 0, 0, 0, 58, 1, 0.005, 0.005, 132.8, 33.18, 100, 0, 0, 141, 38.507, 38.507, 8, 0.9, 0, 99.746, 0, 0, 104.493, 63.673, 0, 0, 0, 0, 
15.55, 18.48, 100.301, 74.183, 75.04, , 1.537, 0.988, 1233.612, 1233.612, 3.287, 38.694, 38.694, 38.694, 52.083, 46.513, 34.638, 35.78, 7.377, 12.145, 0, 0, 6.429, 6.509, 6.429, 6.509, 1, 63.078, 63.078, 0.024, 0.132, 10.277, 10.404, 10.277, 10.404, 5.382, 7.377, 12.145, , , 1, 15.651, 0, 0, 14.3, 3.287, 207, 0, 0, 0, 58.191, 4.857, 4.522, 132.8, 33.215, 100, 0, 0, 38.548, 38.75, 8.096, 0.902, 99.846, 0, 0, 104.548, 63.748, 0, 0, 0, 0, 0, 14, 0, 14.3, 0, 3.287, 207, 0, 0, 0, 58.191, 1, 0.005, 0.005, 132.8, 33.215, 100, 0, 0, 141, 38.548, 38.548, 8.096, 0.902, 0, 99.846, 0, 0, 104.548, 63.748, 0, 0, 0, 0, 
15.6, 18.48, 100.301, 74.188, 75.04, , 1.576, 0.988, 1238.191, 1238.191, 3.291, 39.623, 39.623, 39.623, 52.087, 43.597, 34.866, 35.78, 7.377, 12.149, 0, 0, 6.59, 6.673, 6.59, 6.673, 1, 63.157, 63.157, 0.024, 0.132, 10.523, 10.653, 10.523, 10.653, 5.406, 7.377, 12.149, , , 1, 15.7, 0, 0, 14.3, 3.291, 207, 0, 0, 0, 58.398, 4.866, 4.524, 132.8, 33.254, 100, 0, 0, 38.6, 38.75, 8.2, 0.904, 99.95, 0, 0, 104.6, 63.813, 0, 0, 0, 0, 0, 14, 0, 14.3, 0, 3.291, 207, 0, 0, 0, 58.398, 1, 0.005, 0.005, 132.8, 33.254, 100, 0, 0, 141, 38.6, 38.6, 8.2, 0.904, 0, 99.95, 0, 0, 104.6, 63.813, 0, 0, 0, 0, 
15.65, 18.48, 100.302, 74.193, 75.04, , 1.597, 0.988, 1242.781, 1242.781, 3.295, 40.144, 40.144, 40.144, 52.087, 40.681, 35.094, 35.78, 7.377, 12.153, 0, 0, 6.685, 6.769, 6.685, 6.769, 1, 63.237, 63.237, 0.024, 0.132, 10.661, 10.793, 10.661, 10.793, 5.43, 7.377, 12.153, , , 1, 15.75, 0, 0, 14.3, 3.295, 207, 0, 0, 0, 58.606, 4.874, 4.526, 132.8, 33.293, 100, 0, 0, 38.651, 38.75, 8.304, 0.906, 100.054, 0, 0, 104.652, 63.877, 0, 0, 0, 0, 0, 14, 0, 14.3, 0, 3.295, 207, 0, 0, 0, 58.606, 1, 0.005, 0.005, 132.8, 33.293, 100, 0, 0, 141, 38.651, 38.651, 8.304, 0.906, 0, 100.054, 0, 0, 104.652, 63.877, 0, 0, 0, 0, 
15.7, 18.48, 100.302, 74.198, 75.04, , 1.577, 0.988, 1247.451, 1247.451, 3.299, 39.653, 39.653, 39.653, 52.084, 37.765, 35.322, 35.78, 7.377, 12.158, 0, 0, 6.611, 6.695, 6.611, 6.695, 1, 63.318, 63.318, 0.024, 0.132, 10.531, 10.663, 10.531, 10.663, 5.467, 7.377, 12.158, , , 1, 15.801, 0, 0, 14.3, 3.299, 207, 0, 0, 0, 58.813, 4.882, 4.528, 132.8, 33.331, 100, 0, 0, 38.703, 38.75, 8.408, 0.908, 100.158, 0, 0, 104.704, 63.942, 0, 0, 0, 0, 0, 14, 0, 14.3, 0, 3.299, 207, 0, 0, 0, 58.813, 1, 0.005, 0.005, 132.8, 33.331, 100, 0, 0, 141, 38.703, 38.703, 8.408, 0.908, 0, 100.158, 0, 0, 104.704, 63.942, 0, 0, 0, 0, 
15.75, 18.48, 100.303, 74.203, 75.04, , 1.565, 0.988, 1252.11, 1252.11, 3.302, 39.372, 39.372, 39.372, 52.077, 34.85, 35.55, 35.78, 7.377, 12.167, 0, 0, 6.573, 6.657, 6.573, 6.657, 1, 63.395, 63.395, 0.024, 0.132, 10.458, 10.59, 10.458, 10.59, 5.505, 7.377, 12.167, , , 1, 15.851, 0, 0, 14.3, 3.302, 207, 0, 0, 0, 59, 4.891, 4.53, 132.8, 33.37, 100, 0, 0, 38.745, 38.745, 8.513, 0.91, 100.257, 0, 0, 104.757, 64, 0, 0, 0, 0, 0, 14, 0, 14.3, 0, 3.302, 207, 0, 0, 0, 59, 1, 0.005, 0.005, 132.8, 33.37, 100, 0, 0, 141, 38.745, 38.745, 8.513, 0.91, 0, 100.257, 0, 0, 104.757, 64, 0, 0, 0, 0, 
15.8, 18.48, 100.303, 74.208, 75.04, , 1.552, 0.988, 1256.698, 1256.698, 3.304, 39.059, 39.059, 39.059, 52.069, 43.231, 35.572, 35.724, 7.377, 12.177, 0, 0, 6.529, 6.613, 6.529, 6.613, 1, 63.473, 63.473, 0.024, 0.132, 10.377, 10.507, 10.377, 10.507, 5.543, 7.377, 12.177, , , 1, 15.901, 0, 0, 14.3, 3.304, 207, 0, 0, 0, 59, 4.9, 4.53, 132.8, 33.41, 100, 0, 0, 38.69, 38.69, 8.622, 0.912, 100.311, 0, 0, 104.811, 64, 0, 0, 0, 0, 0, 14, 0, 14.3, 0, 3.304, 207, 0, 0, 0, 59, 1, 0.005, 0.005, 132.8, 33.41, 100, 0, 0, 141, 38.69, 38.69, 8.622, 0.912, 0, 100.311, 0, 0, 104.811, 64, 0, 0, 0, 0, 
15.85, 18.48, 100.303, 74.213, 75.04, , 1.498, 0.988, 1261.368, 1261.368, 3.306, 37.784, 37.784, 37.784, 52.064, 46.883, 35.536, 35.652, 7.378, 12.189, 0, 0, 6.323, 6.405, 6.323, 6.405, 1, 63.55, 63.55, 0.024, 0.132, 10.04, 10.163, 10.04, 10.163, 5.58, 7.378, 12.189, , , 1, 15.951, 0, 0, 14.3, 3.306, 207, 0, 0, 0, 59, 4.908, 4.53, 132.8, 33.45, 100, 0, 0, 38.636, 38.636, 8.73, 0.915, 100.365, 0, 0, 104.865, 64, 0, 0, 0, 0, 0, 14, 0, 14.3, 0, 3.306, 207, 0, 0, 0, 59, 1, 0.005, 0.005, 132.8, 33.45, 100, 0, 0, 141, 38.636, 38.636, 8.73, 0.915, 0, 100.365, 0, 0, 104.865, 64, 0, 0, 0, 0, 
15.9, 18.48, 100.304, 74.218, 75.041, , 1.463, 0.988, 1266.029, 1266.029, 3.307, 36.969, 36.969, 36.969, 52.062, 48.432, 35.5, 35.58, 7.378, 12.202, 0, 0, 6.195, 6.275, 6.195, 6.275, 1, 63.623, 63.623, 0.024, 0.132, 9.824, 9.944, 9.824, 9.944, 5.572, 7.378, 12.202, , , 1, 16, 0, 0, 14.3, 3.307, 207, 0, 0, 0, 59, 4.917, 4.53, 132.8, 33.49, 100, 0, 0, 38.582, 38.582, 8.839, 0.917, 100.42, 0, 0, 104.92, 64, 0, 0, 0, 0, 0, 14, 0, 14.3, 0, 3.307, 207, 0, 0, 0, 59, 1, 0.005, 0.005, 132.8, 33.49, 100, 0, 0, 141, 38.582, 38.582, 8.839, 0.917, 0, 100.42, 0, 0, 104.92, 64, 0, 0, 0, 0, 
15.95, 18.48, 100.304, 74.223, 75.042, , 1.467, 0.988, 1270.614, 1270.614, 3.309, 37.064, 37.064, 37.064, 52.063, 49.982, 35.464, 35.508, 7.379, 12.215, 0, 0, 6.218, 6.298, 6.218, 6.298, 1, 63.696, 63.696, 0.024, 0.132, 9.849, 9.969, 9.849, 9.969, 5.561, 7.379, 12.215, , , 1, 16.05, 0, 0, 14.3, 3.309, 207, 0, 0, 0, 59, 4.926, 4.53, 132.8, 33.531, 100, 0, 0, 38.527, 38.527, 8.948, 0.919, 100.474, 0, 0, 104.974, 64, 0, 0, 0, 0, 0, 14, 0, 14.3, 0, 3.309, 207, 0, 0, 0, 59, 1, 0.005, 0.005, 132.8, 33.531, 100, 0, 0, 141, 38.527, 38.527, 8.948, 0.919, 0, 100.474, 0, 0, 104.974, 64, 0, 0, 0, 0, 
16, 18.48, 100.304, 74.228, 75.042, , 1.449, 0.988, 1275.284, 1275.284, 3.312, 36.638, 36.638, 36.638, 52.066, 51.532, 35.428, 35.436, 7.379, 12.227, 0, 0, 6.154, 6.232, 6.154, 6.232, 1, 63.768, 63.768, 0.024, 0.132, 9.736, 9.853, 9.736, 9.853, 5.55, 7.379, 12.227, , , 1, 16.101, 0, 0, 14.3, 3.312, 207.096, 0, 0, 0, 59, 4.925, 4.532, 132.8, 33.515, 100, 0, 0, 38.546, 38.546, 8.904, 0.918, 100.5, 0, 0, 105.048, 64.057, 0, 0, 0, 0, 0, 14, 0, 14.3, 0, 3.312, 207.096, 0, 0, 0, 59, 1, 0.005, 0.005, 132.8, 33.514, 100, 0, 0, 141, 38.546, 38.546, 8.904, 0.918, 0, 100.5, 0, 0, 105.048, 64.057, 0, 0, 0, 0, 
16.05, 18.48, 100.305, 74.232, 75.043, , 1.478, 0.988, 1279.955, 1279.955, 3.316, 37.333, 37.333, 37.333, 52.071, 53.081, 35.28, 35.448, 7.38, 12.235, 0, 0, 6.279, 6.358, 6.279, 6.358, 1, 63.841, 63.841, 0.024, 0.132, 9.92, 10.039, 9.92, 10.039, 5.54, 7.38, 12.235, , , 1, 16.151, 0, 0, 14.3, 3.316, 207.28, 0, 0, 0, 59, 4.916, 4.536, 132.8, 33.446, 100, 0, 0, 38.639, 38.639, 8.72, 0.914, 100.5, 0, 0, 105.14, 64.172, 0, 0, 0, 0, 0, 14, 0, 14.3, 0, 3.316, 207.28, 0, 0, 0, 59, 1, 0.005, 0.005, 132.8, 33.446, 100, 0, 0, 141, 38.639, 38.639, 8.72, 0.914, 0, 100.5, 0, 0, 105.14, 64.172, 0, 0, 0, 0, 
16.1, 18.48, 100.305, 74.237, 75.044, , 1.658, 0.988, 1284.625, 1284.625, 3.32, 41.593, 41.593, 41.593, 52.076, 54.631, 35.1, 35.484, 7.38, 12.242, 0, 0, 7.004, 7.091, 7.004, 7.091, 1, 63.918, 63.918, 0.024, 0.132, 11.05, 11.184, 11.05, 11.184, 5.539, 7.38, 12.242, , , 1, 16.2, 0, 0, 14.3, 3.32, 207.465, 0, 0, 0, 59, 4.907, 4.539, 132.8, 33.378, 100, 0, 0, 38.731, 38.731, 8.535, 0.911, 100.5, 0, 0, 105.232, 64.287, 0, 0, 0, 0, 0, 14, 0, 14.3, 0, 3.32, 207.465, 0, 0, 0, 59, 1, 0.005, 0.005, 132.8, 33.377, 100, 0, 0, 141, 38.731, 38.731, 8.535, 0.911, 0, 100.5, 0, 0, 105.232, 64.287, 0, 0, 0, 0, 
16.15, 18.48, 100.306, 74.242, 75.045, , 1.953, 0.988, 1289.294, 1289.294, 3.324, 48.594, 48.594, 48.594, 52.075, 56.18, 34.92, 35.52, 7.38, 12.243, 0, 0, 8.196, 8.298, 8.196, 8.298, 1, 64.008, 64.008, 0.024, 0.132, 12.912, 13.068, 12.912, 13.068, 5.542, 7.38, 12.243, , , 1, 16.25, 0, 0, 14.3, 3.324, 207.649, 0, 0, 0, 59, 4.898, 4.543, 132.8, 33.31, 100, 0, 0, 38.824, 38.824, 8.351, 0.907, 100.5, 0, 0, 105.325, 64.402, 0, 0, 0, 0, 0, 14, 0, 14.3, 0, 3.324, 207.649, 0, 0, 0, 59, 1, 0.005, 0.005, 132.8, 33.309, 100, 0, 0, 141, 38.824, 38.824, 8.351, 0.907, 0, 100.5, 0, 0, 105.325, 64.402, 0, 0, 0, 0, 
16.2, 18.48, 100.306, 74.247, 75.045, , 2.315, 0.988, 1293.972, 1293.972, 3.328, 57.197, 57.197, 57.197, 52.063, 57.73, 34.74, 35.556, 7.379, 12.244, 0, 0, 9.665, 9.785, 9.665, 9.785, 1, 64.114, 64.114, 0.024, 0.132, 15.202, 15.387, 15.202, 15.387, 5.544, 7.379, 12.244, , , 1, 16.3, 0, 0, 14.3, 3.328, 207.834, 0, 0, 0, 59, 4.888, 4.547, 132.8, 33.241, 100, 0, 0, 38.917, 38.917, 8.166, 0.903, 100.5, 0, 0, 105.417, 64.517, 0, 0, 0, 0, 0, 14, 0, 14.3, 0, 3.328, 207.834, 0, 0, 0, 59, 1, 0.005, 0.005, 132.8, 33.24, 100, 0, 0, 141, 38.917, 38.917, 8.166, 0.903, 0, 100.5, 0, 0, 105.417, 64.517, 0, 0, 0, 0, 
16.25, 18.48, 100.306, 74.252, 75.046, , 2.802, 0.988, 1298.728, 1298.728, 3.333, 68.737, 68.737, 68.737, 52.037, 59.28, 34.56, 35.592, 7.379, 12.24, 0, 0, 11.64, 11.785, 11.64, 11.785, 1, 64.242, 64.242, 0.024, 0.131, 18.281, 18.505, 18.281, 18.505, 5.547, 7.379, 12.24, , , 1, 16.351, 0.03, 0, 14.302, 3.333, 208, 0, 0, 0, 59.1, 4.939, 4.602, 132.8, 33.239, 100, 0, 0, 39.1, 39.08, 8.04, 0.902, 100.58, 0, 0, 105.59, 64.632, 0, 0, 0.03, 0, 0, 14, 0, 14.302, 0, 3.333, 208, 0, 0, 0, 59.1, 1, 0.005, 0.005, 132.8, 33.251, 100, 0, 0, 141, 39.1, 39.08, 8.04, 0.902, 0, 100.58, 0, 0, 105.59, 64.632, 0, 0, 0, 0, 
16.3, 18.48, 100.307, 74.257, 75.047, , 3.332, 0.988, 1303.398, 1303.398, 3.338, 81.323, 81.323, 81.323, 52, 60.829, 34.492, 35.516, 7.378, 12.235, 0, 0, 13.805, 13.976, 13.805, 13.976, 1, 64.393, 64.393, 0.024, 0.131, 21.648, 21.913, 21.648, 21.913, 5.557, 7.378, 12.235, , , 1, 16.401, 0.334, 0, 14.322, 3.338, 208, 0, 0, 0, 60.104, 5.531, 5.124, 132.8, 33.832, 100, 0, 0, 40.104, 39.88, 8.442, 0.926, 101.384, 0, 0, 106.494, 64.756, 0, 0, 0.334, 0, 0, 14, 0, 14.322, 0, 3.338, 208, 0, 0, 0, 60.104, 1, 0.006, 0.005, 132.8, 33.841, 100, 0, 0, 141, 40.104, 39.884, 8.442, 0.926, 0, 101.384, 0, 0, 106.494, 64.756, 0, 0, 0, 0, 
16.35, 18.48, 100.307, 74.262, 75.048, , 3.917, 0.988, 1308.077, 1308.077, 3.343, 95.194, 95.194, 95.194, 51.958, 62.379, 34.456, 35.408, 7.378, 12.215, 0, 0, 16.207, 16.406, 16.207, 16.406, 1, 64.572, 64.572, 0.024, 0.131, 25.36, 25.671, 25.36, 25.671, 5.577, 7.378, 12.215, , , 1, 16.45, 0.637, 0, 14.342, 3.343, 208, 0, 0, 0, 61.108, 6.123, 5.646, 132.8, 34.424, 100, 0, 0, 41.108, 40.68, 8.843, 0.95, 102.187, 0, 0, 107.398, 64.88, 0, 0, 0.637, 0, 0, 14, 0, 14.342, 0, 3.343, 208, 0, 0, 0, 61.108, 1, 0.006, 0.006, 132.8, 34.431, 100, 0, 0, 141, 41.108, 40.687, 8.843, 0.95, 0, 102.187, 0, 0, 107.398, 64.88, 0, 0, 0, 0, 
16.4, 18.48, 100.307, 74.267, 75.048, , 4.513, 0.988, 1312.831, 1312.831, 3.348, 109.34, 109.34, 109.34, 51.912, 63.929, 34.42, 35.3, 7.377, 12.195, 0, 0, 18.677, 18.906, 18.677, 18.906, 1, 64.783, 64.783, 0.024, 0.131, 29.153, 29.51, 29.153, 29.51, 5.597, 7.377, 12.195, , , 1, 16.501, 0.94, 0, 14.362, 3.348, 208, 0, 0, 0, 62.112, 6.715, 6.168, 132.8, 35.016, 100, 0, 0, 42.112, 41.48, 9.245, 0.974, 102.99, 0, 0, 108.301, 65.004, 0, 0, 0.94, 0, 0, 14, 0, 14.362, 0, 3.348, 208, 0, 0, 0, 62.112, 1, 0.007, 0.006, 132.8, 35.021, 100, 0, 0, 141, 42.112, 41.49, 9.245, 0.974, 0, 102.99, 0, 0, 108.301, 65.004, 0, 0, 0, 0, 
16.45, 18.48, 100.308, 74.272, 75.049, , 5.07, 0.988, 1317.512, 1317.512, 3.353, 122.577, 122.577, 122.577, 51.862, 65.478, 34.384, 35.192, 7.377, 12.137, 0, 0, 21.014, 21.269, 21.014, 21.269, 1, 65.024, 65.024, 0.024, 0.131, 32.71, 33.111, 32.71, 33.111, 5.617, 7.377, 12.137, , , 1, 16.551, 1.243, 0, 14.382, 3.353, 208, 0, 0, 0, 63.116, 7.307, 6.69, 132.8, 35.609, 100, 0, 0, 43.116, 42.28, 9.647, 0.998, 103.793, 0, 0, 109.205, 65.128, 0, 0, 1.243, 0, 0, 14, 0, 14.382, 0, 3.353, 208, 0, 0, 0, 63.116, 1, 0.007, 0.007, 132.8, 35.611, 100, 0, 0, 141, 43.116, 42.293, 9.647, 0.998, 0, 103.793, 0, 0, 109.205, 65.128, 0, 0, 0, 0, 
16.5, 18.48, 100.308, 74.277, 75.05, , 5.611, 0.988, 1322.278, 1322.278, 3.359, 135.4, 135.4, 135.4, 51.813, 67.028, 34.348, 35.084, 7.377, 12.079, 0, 0, 23.306, 23.591, 23.306, 23.591, 1, 65.287, 65.287, 0.024, 0.131, 36.165, 36.608, 36.165, 36.608, 5.633, 7.377, 12.079, , , 1, 16.6, 1.51, 0, 14.402, 3.359, 208, 0, 0, 0, 64.231, 7.894, 7.215, 132.8, 36.411, 100, 0, 0, 44.023, 43.048, 10.162, 1.026, 104.812, 0, 0, 110.312, 65.276, 0, 0, 1.51, 0, 0, 14, 0, 14.402, 0, 3.359, 208, 0, 0, 0, 64.231, 1, 0.008, 0.007, 132.8, 36.411, 100, 0, 0, 141, 44.023, 43.058, 10.162, 1.026, 0, 104.812, 0, 0, 110.312, 65.276, 0, 0, 0, 0, 
16.55, 18.48, 100.309, 74.282, 75.051, , 6.154, 0.988, 1327.042, 1327.042, 3.371, 148.287, 148.287, 148.287, 51.759, 68.577, 34.48, 35.144, 7.377, 11.99, 0, 0, 25.636, 25.951, 25.636, 25.951, 1, 65.576, 65.576, 0.024, 0.131, 39.647, 40.133, 39.647, 40.133, 5.631, 7.377, 11.99, , , 1, 16.651, 1.512, 0, 14.422, 3.371, 208, 0, 0, 0, 66.154, 8.435, 7.761, 132.8, 38.753, 100, 0, 0, 44.215, 43.531, 11.508, 1.082, 107.408, 0, 0, 112.908, 65.637, 0, 0, 1.512, 0, 0, 14, 0, 14.422, 0, 3.371, 208, 0, 0, 0, 66.154, 1, 0.009, 0.008, 132.8, 38.753, 100, 0, 0, 141, 44.215, 43.538, 11.508, 1.082, 0, 107.408, 0, 0, 112.908, 65.637, 0, 0, 0, 0, 
16.6, 18.48, 100.309, 74.287, 75.052, , 6.698, 0.988, 1332.237, 1332.237, 3.383, 161.223, 161.223, 161.223, 51.692, 70.127, 34.659, 35.251, 7.377, 11.901, 0, 0, 28.024, 28.369, 28.024, 28.369, 1, 66.013, 66.013, 0.024, 0.131, 43.153, 43.683, 43.153, 43.683, 5.628, 7.377, 11.901, , , 1, 16.701, 1.514, 0, 14.441, 3.383, 208, 0, 0, 0, 68.077, 8.975, 8.307, 132.8, 41.096, 100, 0, 0, 44.408, 44.014, 12.854, 1.138, 110.004, 0, 0, 115.504, 65.998, 0, 0, 1.514, 0, 0, 14, 0, 14.441, 0, 3.383, 208, 0, 0, 0, 68.077, 1, 0.009, 0.008, 132.8, 41.096, 100, 0, 0, 141, 44.408, 44.019, 12.854, 1.138, 0, 110.004, 0, 0, 115.504, 65.998, 0, 0, 0, 0, 
16.65, 18.48, 100.309, 74.292, 75.052, , 7.333, 0.988, 1338.909, 1338.909, 3.395, 176.293, 176.293, 176.293, 51.638, 71.677, 34.838, 35.359, 7.377, 11.813, 0, 0, 30.876, 31.259, 30.876, 31.259, 1, 66.421, 66.421, 0.024, 0.131, 47.244, 47.825, 47.244, 47.825, 5.626, 7.377, 11.813, , , 1, 16.75, 1.516, 0, 14.46, 3.395, 208, 0, 0, 0, 70, 9.516, 8.854, 132.8, 43.438, 100, 0, 0, 44.6, 44.496, 14.2, 1.194, 112.6, 0, 0, 118.1, 66.359, 0, 0, 1.516, 0, 0, 14, 0, 14.46, 0, 3.395, 208, 0, 0, 0, 70, 1, 0.01, 0.009, 132.8, 43.438, 100, 0, 0, 141, 44.6, 44.5, 14.2, 1.194, 0, 112.6, 0, 0, 118.1, 66.359, 0, 0, 0, 0, 
16.7, 18.48, 100.31, 74.297, 75.053, , 7.814, 0.988, 1343.695, 1343.695, 3.406, 187.719, 187.719, 187.719, 51.594, 73.226, 35.018, 35.467, 7.377, 11.725, 0, 0, 33.061, 33.471, 33.061, 33.471, 1, 66.792, 66.792, 0.024, 0.131, 50.348, 50.966, 50.348, 50.966, 5.624, 7.377, 11.725, , , 1, 16.8, 1.518, 0, 14.479, 3.406, 208, 0, 0, 0, 71.923, 10.056, 9.4, 132.8, 45.78, 100, 0, 0, 44.792, 44.979, 15.546, 1.25, 115.196, 0, 0, 120.696, 66.72, 0, 0, 1.518, 0, 0, 14, 0, 14.479, 0, 3.406, 208, 0, 0, 0, 71.923, 1, 0.01, 0.009, 132.8, 45.78, 100, 0, 0, 141, 44.792, 44.981, 15.546, 1.25, 0, 115.196, 0, 0, 120.696, 66.72, 0, 0, 0, 0, 
16.75, 18.48, 100.31, 74.298, 75.054, , 8.225, 0.988, 1348.559, 1348.559, 3.418, 197.471, 197.471, 197.471, 51.552, 74.776, 35.197, 35.574, 7.377, 11.694, 0, 0, 34.978, 35.411, 34.978, 35.411, 1, 67.188, 67.188, 0.024, 0.131, 53.003, 53.654, 53.003, 53.654, 5.639, 7.377, 11.694, , , 1, 16.85, 1.52, 0, 14.498, 3.418, 208, 0, 0, 0, 73.846, 10.597, 9.946, 132.8, 48.123, 100, 0, 0, 44.985, 45.461, 16.892, 1.306, 117.792, 0, 0, 123.292, 67.081, 0, 0, 1.52, 0, 0, 14, 0, 14.498, 0, 3.418, 208, 0, 0, 0, 73.846, 1, 0.011, 0.01, 132.8, 48.123, 100, 0, 0, 141, 44.985, 45.462, 16.892, 1.306, 0, 117.792, 0, 0, 123.292, 67.081, 0, 0, 0, 0, 
16.8, 18.48, 100.309, 74.293, 75.055, , 8.591, 0.988, 1353.425, 1353.425, 3.437, 206.163, 206.163, 206.163, 51.523, 76.325, 35.213, 35.463, 7.377, 11.665, 0, 0, 36.738, 37.193, 36.738, 37.193, 1, 67.603, 67.603, 0.024, 0.131, 55.369, 56.049, 55.369, 56.049, 5.656, 7.377, 11.665, , , 1, 16.901, 1.308, 0, 14.5, 3.437, 208, 0, 0, 0, 74.352, 10.794, 10.39, 132.8, 50.269, 100, 0, 0, 44.383, 44.575, 18.415, 1.388, 117.912, 0, 0, 123.235, 67.712, 0, 0, 1.308, 0, 0, 14, 0, 14.5, 0, 3.437, 208, 0, 0, 0, 74.354, 1, 0.011, 0.01, 132.8, 50.269, 100, 0, 0, 141, 44.383, 44.575, 18.415, 1.388, 0, 117.912, 0, 0, 123.235, 67.712, 0, 0, 0, 0, 
16.85, 18.48, 100.309, 74.288, 75.055, , 8.919, 0.988, 1358.325, 1358.325, 3.456, 213.949, 213.949, 213.949, 51.499, 77.875, 35.176, 35.282, 7.377, 11.709, 0, 0, 38.366, 38.841, 38.366, 38.841, 1, 68.039, 68.039, 0.024, 0.131, 57.483, 58.189, 57.483, 58.189, 5.672, 7.377, 11.709, , , 1, 16.951, 1.077, 0, 14.5, 3.456, 208, 0, 0, 0, 74.736, 10.962, 10.825, 132.8, 52.397, 100, 0, 0, 43.713, 43.569, 19.954, 1.472, 117.815, 0, 0, 122.946, 68.366, 0, 0, 1.077, 0, 0, 14, 0, 14.5, 0, 3.456, 208, 0, 0, 0, 74.738, 1, 0.011, 0.011, 132.8, 52.397, 100, 0, 0, 141, 43.713, 43.569, 19.954, 1.472, 0, 117.815, 0, 0, 122.946, 68.366, 0, 0, 0, 0, 
16.9, 18.48, 100.309, 74.283, 75.056, , 9.222, 0.988, 1363.293, 1363.293, 3.475, 221.154, 221.154, 221.154, 51.486, 77.578, 35.14, 35.101, 7.377, 11.758, 0, 0, 39.917, 40.41, 39.917, 40.41, 1, 68.48, 68.48, 0.024, 0.131, 59.434, 60.163, 59.434, 60.163, 5.689, 7.377, 11.758, , , 1, 17, 0.846, 0, 14.5, 3.475, 208, 0, 0, 0, 75.119, 11.129, 11.26, 132.8, 54.526, 100, 0, 0, 43.042, 42.563, 21.492, 1.556, 117.719, 0, 0, 122.658, 69.02, 0, 0, 0.846, 0, 0, 14, 0, 14.5, 0, 3.475, 208, 0, 0, 0, 75.123, 1, 0.011, 0.011, 132.8, 54.526, 100, 0, 0, 141, 43.042, 42.563, 21.492, 1.556, 0, 117.719, 0, 0, 122.658, 69.02, 0, 0, 0, 0, 
16.95, 18.48, 100.308, 74.278, 75.057, , 9.484, 0.988, 1368.261, 1368.261, 3.494, 227.392, 227.392, 227.392, 51.478, 76.489, 35.104, 34.92, 7.378, 11.87, 0, 0, 41.317, 41.826, 41.317, 41.826, 1, 68.941, 68.941, 0.024, 0.131, 61.115, 61.864, 61.115, 61.864, 5.704, 7.378, 11.87, , , 1, 17.05, 0.615, 0, 14.5, 3.494, 208, 0, 0, 0, 75.502, 11.297, 11.695, 132.8, 56.655, 100, 0, 0, 42.372, 41.557, 23.031, 1.64, 117.623, 0, 0, 122.369, 69.675, 0, 0, 0.615, 0, 0, 14, 0, 14.5, 0, 3.494, 208, 0, 0, 0, 75.508, 1, 0.011, 0.012, 132.8, 56.655, 100, 0, 0, 141, 42.372, 41.557, 23.031, 1.64, 0, 117.623, 0, 0, 122.369, 69.675, 0, 0, 0, 0, 
17, 18.48, 100.308, 74.273, 75.058, , 9.7, 0.988, 1373.229, 1373.229, 3.514, 232.51, 232.51, 232.51, 51.482, 75.4, 35.068, 34.74, 7.378, 11.987, 0, 0, 42.534, 43.057, 42.534, 43.057, 1, 69.409, 69.409, 0.024, 0.13, 62.483, 63.251, 62.483, 63.251, 5.719, 7.378, 11.987, , , 1, 17.1, 0.385, 0, 14.5, 3.514, 208, 0, 0, 0, 75.885, 11.465, 12.13, 132.8, 58.784, 100, 0, 0, 41.701, 40.552, 24.569, 1.725, 117.527, 0, 0, 122.081, 70.329, 0, 0, 0.385, 0, 0, 14, 0, 14.5, 0, 3.514, 208, 0, 0, 0, 75.892, 1, 0.011, 0.012, 132.8, 58.784, 100, 0, 0, 141, 41.701, 40.552, 24.569, 1.725, 0, 117.527, 0, 0, 122.081, 70.329, 0, 0, 0, 0, 
17.05, 18.48, 100.308, 74.268, 75.058, , 9.93, 0.988, 1378.261, 1378.261, 3.548, 237.984, 237.984, 237.984, 51.499, 74.311, 34.976, 35.065, 7.379, 12.136, 0, 0, 43.837, 44.376, 43.837, 44.376, 1, 69.898, 69.898, 0.024, 0.13, 63.934, 64.719, 63.934, 64.719, 5.733, 7.379, 12.136, , , 1, 17.151, 0.316, 0, 14.463, 3.548, 208, 0, 0, 0, 76, 11.602, 12.308, 132.8, 60.922, 100, 0, 0, 41.099, 39.922, 26.195, 1.776, 116.566, 0, 0, 120.992, 70.842, 0, 0, 0.316, 0, 0, 14, 0, 14.463, 0, 3.548, 208, 0, 0, 0, 76, 1, 0.012, 0.012, 132.8, 60.922, 100, 0, 0, 141, 41.099, 39.922, 26.195, 1.776, 0, 116.566, 0, 0, 120.992, 70.842, 0, 0, 0, 0, 
17.1, 18.48, 100.307, 74.263, 75.059, , 10.127, 0.988, 1383.336, 1383.336, 3.589, 242.684, 242.684, 242.684, 51.517, 73.222, 34.868, 35.533, 7.379, 12.289, 0, 0, 45.017, 45.57, 45.017, 45.57, 1, 70.393, 70.393, 0.024, 0.13, 65.174, 65.974, 65.174, 65.974, 5.748, 7.379, 12.289, , , 1, 17.201, 0.311, 0, 14.411, 3.589, 208, 0, 0, 0, 76, 11.726, 12.377, 132.8, 63.064, 100, 0, 0, 40.526, 39.453, 27.855, 1.812, 115.27, 0, 0, 119.591, 71.295, 0, 0, 0.311, 0, 0, 14, 0, 14.411, 0, 3.589, 208, 0, 0, 0, 76, 1, 0.012, 0.012, 132.8, 63.064, 100, 0, 0, 141, 40.526, 39.453, 27.855, 1.812, 0, 115.27, 0, 0, 119.591, 71.295, 0, 0, 0, 0, 
17.15, 18.48, 100.307, 74.258, 75.06, , 10.319, 0.988, 1388.412, 1388.412, 3.63, 247.256, 247.256, 247.256, 51.531, 72.133, 34.76, 36.001, 7.38, 12.436, 0, 0, 46.19, 46.757, 46.19, 46.757, 1, 70.893, 70.893, 0.024, 0.13, 66.383, 67.198, 66.383, 67.198, 5.758, 7.38, 12.436, , , 1, 17.25, 0.306, 0, 14.359, 3.63, 208, 0, 0, 0, 76, 11.85, 12.446, 132.8, 65.207, 100, 0, 0, 39.953, 38.984, 29.515, 1.848, 113.973, 0, 0, 118.191, 71.748, 0, 0, 0.306, 0, 0, 14, 0, 14.359, 0, 3.63, 208, 0, 0, 0, 76, 1, 0.012, 0.012, 132.8, 65.207, 100, 0, 0, 141, 39.953, 38.984, 29.515, 1.848, 0, 113.973, 0, 0, 118.191, 71.748, 0, 0, 0, 0, 
17.2, 18.48, 100.306, 74.254, 75.059, , 10.454, 0.988, 1393.488, 1393.488, 3.67, 250.466, 250.466, 250.466, 51.542, 71.044, 34.652, 36.469, 7.38, 12.582, 0, 0, 47.122, 47.7, 47.122, 47.7, 1, 71.403, 71.403, 0.024, 0.13, 67.229, 68.056, 67.229, 68.056, 5.766, 7.38, 12.582, , , 1, 17.3, 0.301, 0, 14.307, 3.67, 208, 0, 0, 0, 76, 11.974, 12.514, 132.8, 67.349, 100, 0, 0, 39.38, 38.516, 31.174, 1.885, 112.676, 0, 0, 116.79, 72.202, 0, 0, 0.301, 0, 0, 14, 0, 14.307, 0, 3.67, 208, 0, 0, 0, 76, 1, 0.012, 0.012, 132.8, 67.349, 100, 0, 0, 141, 39.38, 38.516, 31.174, 1.885, 0, 112.676, 0, 0, 116.79, 72.202, 0, 0, 0, 0, 
17.25, 18.48, 100.306, 74.249, 75.059, , 10.607, 0.988, 1398.667, 1398.667, 3.711, 254.11, 254.11, 254.11, 51.553, 69.955, 34.544, 36.937, 7.38, 12.708, 0, 0, 48.15, 48.742, 48.15, 48.742, 1, 71.924, 71.924, 0.024, 0.13, 68.195, 69.033, 68.195, 69.033, 5.774, 7.38, 12.708, , , 1, 17.351, 0.296, 0, 14.255, 3.711, 208, 0, 0, 0, 76, 12.098, 12.583, 132.8, 69.491, 100, 0, 0, 38.807, 38.047, 32.834, 1.921, 111.38, 0, 0, 115.39, 72.655, 0, 0, 0.296, 0, 0, 14, 0, 14.255, 0, 3.711, 208, 0, 0, 0, 76, 1, 0.012, 0.012, 132.8, 69.491, 100, 0, 0, 141, 38.807, 38.047, 32.834, 1.921, 0, 111.38, 0, 0, 115.39, 72.655, 0, 0, 0, 0, 
17.3, 18.48, 100.306, 74.244, 75.058, , 10.673, 0.988, 1403.867, 1403.867, 3.74, 255.672, 255.672, 255.672, 51.56, 68.866, 34.688, 36.815, 7.379, 12.83, 0, 0, 48.794, 49.393, 48.794, 49.393, 1, 72.445, 72.445, 0.024, 0.13, 68.605, 69.448, 68.605, 69.448, 5.782, 7.379, 12.83, , , 1, 17.401, 0.264, 0, 14.203, 3.74, 208, 0, 0, 0, 76, 12.136, 12.673, 132.631, 70.192, 100, 0, 0, 38.609, 37.812, 33.471, 1.941, 111.203, 0, 0, 115.203, 73.224, 0, 0, 0.264, 0, 0, 14, 0, 14.203, 0, 3.74, 208, 0, 0, 0, 76, 1, 0.012, 0.013, 132.631, 70.192, 100, 0, 0, 141, 38.609, 37.812, 33.471, 1.941, 0, 111.203, 0, 0, 115.203, 73.224, 0, 0, 0, 0, 
17.35, 18.48, 100.305, 74.239, 75.057, , 10.718, 0.988, 1409.147, 1409.147, 3.768, 256.774, 256.774, 256.774, 51.563, 67.777, 34.904, 36.527, 7.379, 12.913, 0, 0, 49.361, 49.967, 49.361, 49.967, 1, 72.965, 72.965, 0.024, 0.13, 68.897, 69.743, 68.897, 69.743, 5.791, 7.379, 12.913, , , 1, 17.451, 0.229, 0, 14.151, 3.768, 208, 0, 0, 0, 76, 12.165, 12.766, 132.442, 70.733, 100, 0, 0, 38.453, 37.604, 33.994, 1.959, 111.151, 0, 0, 115.151, 73.806, 0, 0, 0.229, 0, 0, 14, 0, 14.151, 0, 3.768, 208, 0, 0, 0, 76, 1, 0.012, 0.013, 132.442, 70.733, 100, 0, 0, 141, 38.453, 37.604, 33.994, 1.959, 0, 111.151, 0, 0, 115.151, 73.806, 0, 0, 0, 0, 
17.4, 18.48, 100.305, 74.234, 75.056, , 10.74, 0.988, 1414.374, 1414.374, 3.796, 257.289, 257.289, 257.289, 51.563, 66.688, 35.12, 36.239, 7.378, 12.989, 0, 0, 49.812, 50.424, 49.812, 50.424, 1, 73.494, 73.494, 0.024, 0.13, 69.033, 69.882, 69.033, 69.882, 5.802, 7.378, 12.989, , , 1, 17.501, 0.195, 0, 14.098, 3.796, 208, 0, 0, 0, 76, 12.195, 12.859, 132.254, 71.273, 100, 0, 0, 38.297, 37.396, 34.517, 1.976, 111.098, 0, 0, 115.098, 74.389, 0, 0, 0.195, 0, 0, 14, 0, 14.098, 0, 3.796, 208, 0, 0, 0, 76, 1, 0.012, 0.013, 132.254, 71.273, 100, 0, 0, 141, 38.297, 37.396, 34.517, 1.976, 0, 111.098, 0, 0, 115.098, 74.389, 0, 0, 0, 0, 
17.45, 18.48, 100.305, 74.229, 75.055, , 10.718, 0.988, 1419.735, 1419.735, 3.824, 256.793, 256.793, 256.793, 51.565, 65.599, 35.336, 35.951, 7.378, 13.034, 0, 0, 50.073, 50.69, 50.073, 50.69, 1, 74.022, 74.022, 0.024, 0.13, 68.9, 69.747, 68.9, 69.747, 5.813, 7.378, 13.034, , , 1, 17.551, 0.16, 0, 14.046, 3.824, 208, 0, 0, 0, 76, 12.224, 12.952, 132.066, 71.814, 100, 0, 0, 38.141, 37.188, 35.04, 1.994, 111.046, 0, 0, 115.046, 74.971, 0, 0, 0.16, 0, 0, 14, 0, 14.046, 0, 3.824, 208, 0, 0, 0, 76, 1, 0.012, 0.013, 132.066, 71.814, 100, 0, 0, 141, 38.141, 37.188, 35.04, 1.994, 0, 111.046, 0, 0, 115.046, 74.971, 0, 0, 0, 0, 
17.5, 18.48, 100.304, 74.224, 75.055, , 10.677, 0.988, 1425.093, 1425.093, 3.85, 255.825, 255.825, 255.825, 51.563, 64.51, 35.552, 35.663, 7.377, 13.072, 0, 0, 50.239, 50.857, 50.239, 50.857, 1, 74.556, 74.556, 0.024, 0.13, 68.641, 69.484, 68.641, 69.484, 5.824, 7.377, 13.072, , , 1, 17.601, 0.127, 0, 13.997, 3.85, 208, 0, 0, 0, 76, 12.249, 13.041, 131.878, 72.318, 100, 0, 0, 38, 37, 35.512, 2.01, 111.012, 0, 0, 115.012, 75.528, 0, 0, 0.127, 0, 0, 14, 0, 13.997, 0, 3.85, 208, 0, 0, 0, 76, 1, 0.012, 0.013, 131.878, 72.318, 100, 0, 0, 141, 38, 37, 35.512, 2.01, 0, 111.012, 0, 0, 115.012, 75.528, 0, 0, 0, 0, 
17.55, 18.48, 100.304, 74.219, 75.054, , 10.642, 0.988, 1430.487, 1430.487, 3.863, 255.02, 255.02, 255.02, 51.564, 63.421, 35.572, 35.849, 7.377, 13.078, 0, 0, 50.433, 51.053, 50.433, 51.053, 1, 75.084, 75.084, 0.024, 0.13, 68.424, 69.266, 68.424, 69.266, 5.826, 7.377, 13.078, , , 1, 17.651, 0.102, 0, 13.977, 3.863, 208, 0, 0, 0, 76, 12.241, 13.096, 131.69, 72.549, 100, 0, 0, 38, 37, 35.617, 2.015, 111.117, 0, 0, 115.117, 75.853, 0, 0, 0.102, 0, 0, 14, 0, 13.977, 0, 3.863, 208, 0, 0, 0, 76, 1, 0.012, 0.013, 131.69, 72.549, 100, 0, 0, 141, 38, 37, 35.617, 2.015, 0, 111.117, 0, 0, 115.117, 75.853, 0, 0, 0, 0, 
17.6, 18.48, 100.303, 74.214, 75.053, , 10.598, 0.988, 1435.917, 1435.917, 3.877, 253.999, 253.999, 253.999, 51.566, 62.332, 35.537, 36.168, 7.377, 13.077, 0, 0, 50.579, 51.201, 50.579, 51.201, 1, 75.606, 75.606, 0.024, 0.13, 68.148, 68.988, 68.148, 68.988, 5.823, 7.377, 13.077, , , 1, 17.701, 0.077, 0, 13.956, 3.877, 208, 0, 0, 0, 76, 12.232, 13.151, 131.502, 72.78, 100, 0, 0, 38, 37, 35.721, 2.019, 111.221, 0, 0, 115.221, 76.178, 0, 0, 0.077, 0, 0, 14, 0, 13.956, 0, 3.877, 208, 0, 0, 0, 76, 1, 0.012, 0.013, 131.502, 72.78, 100, 0, 0, 141, 38, 37, 35.721, 2.019, 0, 111.221, 0, 0, 115.221, 76.178, 0, 0, 0, 0, 
17.65, 18.48, 100.303, 74.209, 75.052, , 10.482, 0.988, 1441.362, 1441.362, 3.891, 251.256, 251.256, 251.256, 51.569, 61.243, 35.501, 36.487, 7.377, 13.064, 0, 0, 50.371, 50.991, 50.371, 50.991, 1, 76.12, 76.12, 0.024, 0.13, 67.409, 68.238, 67.409, 68.238, 5.821, 7.377, 13.064, , , 1, 17.751, 0.052, 0, 13.935, 3.891, 208, 0, 0, 0, 76, 12.224, 13.207, 131.315, 73.012, 100, 0, 0, 38, 37, 35.825, 2.023, 111.325, 0, 0, 115.325, 76.503, 0, 0, 0.052, 0, 0, 14, 0, 13.935, 0, 3.891, 208, 0, 0, 0, 76, 1, 0.012, 0.013, 131.315, 73.012, 100, 0, 0, 141, 38, 37, 35.825, 2.023, 0, 111.325, 0, 0, 115.325, 76.503, 0, 0, 0, 0, 
17.7, 18.48, 100.303, 74.204, 75.052, , 10.376, 0.988, 1446.921, 1446.921, 3.905, 248.76, 248.76, 248.76, 51.573, 60.154, 35.466, 36.805, 7.377, 13.049, 0, 0, 50.207, 50.823, 50.207, 50.823, 1, 76.634, 76.634, 0.024, 0.13, 66.732, 67.554, 66.732, 67.554, 5.818, 7.377, 13.049, , , 1, 17.801, 0.027, 0, 13.914, 3.905, 208, 0, 0, 0, 76, 12.216, 13.262, 131.128, 73.243, 100, 0, 0, 38, 37, 35.929, 2.027, 111.429, 0, 0, 115.429, 76.829, 0, 0, 0.027, 0, 0, 14, 0, 13.914, 0, 3.905, 208, 0, 0, 0, 76, 1, 0.012, 0.013, 131.128, 73.243, 100, 0, 0, 141, 38, 37, 35.929, 2.027, 0, 111.429, 0, 0, 115.429, 76.829, 0, 0, 0, 0, 
17.75, 18.48, 100.302, 74.199, 75.051, , 10.166, 0.988, 1452.482, 1452.482, 3.923, 243.782, 243.782, 243.782, 51.582, 59.065, 35.431, 37.124, 7.377, 13.033, 0, 0, 49.521, 50.129, 49.521, 50.129, 1, 77.142, 77.142, 0.024, 0.13, 65.385, 66.192, 65.385, 66.192, 5.822, 7.377, 13.033, , , 1, 17.85, 0.009, 0.001, 13.906, 3.923, 208, 0, 0, 0, 76, 12.206, 13.24, 131, 73.235, 100, 0, 0, 38.096, 37.032, 35.936, 2.027, 111.628, 0, 0, 115.66, 77.209, 0, 0, 0.009, 0, 0, 14, 0.001, 13.906, 0, 3.923, 208, 0, 0, 0, 76, 1, 0.012, 0.013, 131, 73.235, 100, 0, 0, 141, 38.096, 37.032, 35.936, 2.027, 0, 111.628, 0, 0, 115.66, 77.209, 0, 0, 0, 0, 
17.8, 18.48, 100.302, 74.194, 75.05, , 9.843, 0.988, 1458.041, 1458.041, 3.95, 236.138, 236.138, 236.138, 51.594, 59.584, 35.292, 37.092, 7.378, 13.016, 0, 0, 48.265, 48.857, 48.265, 48.857, 1, 77.634, 77.634, 0.024, 0.13, 63.321, 64.101, 63.321, 64.101, 5.834, 7.378, 13.016, , , 1, 17.9, 0.007, 0.003, 13.926, 3.95, 208, 0, 0, 0, 76, 12.194, 13.052, 131, 72.719, 100, 0, 0, 38.396, 37.132, 35.736, 2.019, 112.028, 0, 0, 116.16, 77.707, 0, 0, 0.007, 0, 0, 14, 0.003, 13.926, 0, 3.95, 208, 0, 0, 0, 76, 1, 0.012, 0.013, 131, 72.719, 100, 0, 0, 141, 38.396, 37.132, 35.736, 2.019, 0, 112.028, 0, 0, 116.16, 77.707, 0, 0, 0, 0, 
17.85, 18.48, 100.301, 74.189, 75.049, , 9.411, 0.988, 1463.703, 1463.703, 3.977, 225.913, 225.913, 225.913, 51.61, 60.206, 35.109, 36.909, 7.378, 13.001, 0, 0, 46.455, 47.025, 46.455, 47.025, 1, 78.11, 78.11, 0.024, 0.13, 60.56, 61.307, 60.56, 61.307, 5.845, 7.378, 13.001, , , 1, 17.951, 0.005, 0.005, 13.946, 3.977, 208, 0, 0, 0, 76, 12.182, 12.864, 131, 72.203, 100, 0, 0, 38.696, 37.232, 35.536, 2.011, 112.428, 0, 0, 116.66, 78.205, 0, 0, 0.005, 0, 0, 14, 0.005, 13.946, 0, 3.977, 208, 0, 0, 0, 76, 1, 0.012, 0.013, 131, 72.203, 100, 0, 0, 141, 38.696, 37.232, 35.536, 2.011, 0, 112.428, 0, 0, 116.66, 78.205, 0, 0, 0, 0, 
17.9, 18.48, 100.301, 74.184, 75.049, , 8.897, 0.988, 1469.398, 1469.398, 4.004, 213.726, 213.726, 213.726, 51.63, 60.827, 34.926, 36.726, 7.379, 12.987, 0, 0, 44.198, 44.739, 44.198, 44.739, 1, 78.56, 78.56, 0.024, 0.13, 57.27, 57.977, 57.27, 57.977, 5.857, 7.379, 12.987, , , 1, 18.001, 0.003, 0.007, 13.966, 4.004, 208, 0, 0, 0, 76, 12.17, 12.676, 131, 71.687, 100, 0, 0, 38.996, 37.332, 35.336, 2.003, 112.828, 0, 0, 117.16, 78.703, 0, 0, 0.003, 0, 0, 14, 0.007, 13.966, 0, 4.004, 208, 0, 0, 0, 76, 1, 0.012, 0.012, 131, 71.687, 100, 0, 0, 141, 38.996, 37.332, 35.336, 2.003, 0, 112.828, 0, 0, 117.16, 78.703, 0, 0, 0, 0, 
17.95, 18.48, 100.301, 74.179, 75.048, , 8.284, 0.988, 1475.094, 1475.094, 4.032, 199.195, 199.195, 199.195, 51.658, 61.449, 34.743, 36.543, 7.379, 12.965, 0, 0, 41.413, 41.921, 41.413, 41.921, 1, 78.985, 78.985, 0.024, 0.13, 53.348, 54.007, 53.348, 54.007, 5.87, 7.379, 12.965, , , 1, 18.051, 0.001, 0.009, 13.986, 4.032, 208, 0, 0, 0, 76, 12.158, 12.488, 131, 71.171, 100, 0, 0, 39.296, 37.432, 35.136, 1.995, 113.228, 0, 0, 117.66, 79.201, 0, 0, 0.001, 0, 0, 14, 0.009, 13.986, 0, 4.032, 208, 0, 0, 0, 76, 1, 0.012, 0.012, 131, 71.171, 100, 0, 0, 141, 39.296, 37.432, 35.136, 1.995, 0, 113.228, 0, 0, 117.66, 79.201, 0, 0, 0, 0, 
18, 18.48, 100.3, 74.174, 75.047, , 7.701, 0.988, 1482.156, 1482.156, 4.057, 185.362, 185.362, 185.362, 51.699, 62.07, 34.56, 36.36, 7.38, 12.94, 0, 0, 38.776, 39.252, 38.776, 39.252, 1, 79.4, 79.4, 0.024, 0.13, 49.598, 50.21, 49.598, 50.21, 5.887, 7.38, 12.94, , , 1, 18.101, 0, 0.01, 14.006, 4.057, 208, 0, 0, 0, 76, 12.013, 12.163, 131, 70.048, 100, 0, 0, 39.838, 37.9, 34.569, 1.971, 114.054, 0, 0, 118.523, 79.654, 0, 0, 0, 0, 0, 14, 0.01, 14.006, 0, 4.057, 208, 0, 0, 0, 76, 1, 0.012, 0.012, 131, 70.048, 100, 0, 0, 141, 39.838, 37.9, 34.569, 1.971, 0, 114.054, 0, 0, 118.523, 79.654, 0, 0, 0, 0, 
18.05, 18.48, 100.3, 74.17, 75.046, , 7.246, 0.988, 1488.913, 1488.913, 4.081, 174.592, 174.592, 174.592, 51.757, 62.691, 34.52, 36.152, 7.38, 12.901, 0, 0, 36.726, 37.177, 36.726, 37.177, 1, 79.896, 79.896, 0.024, 0.13, 46.673, 47.25, 46.673, 47.25, 5.904, 7.38, 12.901, , , 1, 18.151, 0, 0.01, 14.025, 4.081, 208, 0, 0, 0, 76, 11.584, 11.548, 131, 67.634, 100, 0, 0, 40.896, 39.15, 33.223, 1.911, 115.785, 0, 0, 120.158, 80.012, 0, 0, 0, 0, 0, 14, 0.01, 14.025, 0, 4.081, 208, 0, 0, 0, 76, 1, 0.011, 0.011, 131, 67.634, 100, 0, 0, 141, 40.896, 39.15, 33.223, 1.911, 0, 115.785, 0, 0, 120.158, 80.012, 0, 0, 0, 0, 
18.1, 18.48, 100.3, 74.17, 75.046, , 6.897, 0.988, 1494.752, 1494.752, 4.104, 166.333, 166.333, 166.333, 51.793, 63.313, 34.52, 35.937, 7.379, 12.855, 0, 0, 35.147, 35.579, 35.147, 35.579, 1, 80.249, 80.249, 0.024, 0.13, 44.434, 44.982, 44.434, 44.982, 5.921, 7.379, 12.855, , , 1, 18.201, 0, 0.01, 14.045, 4.104, 208, 0, 0, 0, 76, 11.155, 10.932, 131, 65.221, 100, 0, 0, 41.954, 40.4, 31.877, 1.852, 117.515, 0, 0, 121.792, 80.37, 0, 0, 0, 0, 0, 14, 0.01, 14.045, 0, 4.104, 208, 0, 0, 0, 76, 1, 0.011, 0.011, 131, 65.221, 100, 0, 0, 141, 41.954, 40.4, 31.877, 1.852, 0, 117.515, 0, 0, 121.792, 80.37, 0, 0, 0, 0, 
18.15, 18.48, 100.3, 74.17, 75.045, , 6.651, 0.988, 1500.589, 1500.589, 4.127, 160.491, 160.491, 160.491, 51.823, 63.934, 34.52, 35.722, 7.379, 12.811, 0, 0, 34.055, 34.474, 34.055, 34.474, 1, 80.585, 80.585, 0.024, 0.13, 42.847, 43.376, 42.847, 43.376, 5.938, 7.379, 12.811, , , 1, 18.251, 0, 0.01, 14.064, 4.127, 208, 0, 0, 0, 76, 10.726, 10.317, 131, 62.807, 100, 0, 0, 43.012, 41.65, 30.531, 1.792, 119.246, 0, 0, 123.427, 80.728, 0, 0, 0, 0, 0, 14, 0.01, 14.064, 0, 4.127, 208, 0, 0, 0, 76, 1, 0.011, 0.01, 131, 62.807, 100, 0, 0, 141, 43.012, 41.65, 30.531, 1.792, 0, 119.246, 0, 0, 123.427, 80.728, 0, 0, 0, 0, 
18.2, 18.48, 100.3, 74.17, 75.044, , 6.453, 0.988, 1506.426, 1506.426, 4.151, 155.797, 155.797, 155.797, 51.845, 64.556, 34.52, 35.507, 7.379, 12.767, 0, 0, 33.192, 33.6, 33.192, 33.6, 1, 80.909, 80.909, 0.024, 0.13, 41.576, 42.089, 41.576, 42.089, 5.955, 7.379, 12.767, , , 1, 18.301, 0, 0.01, 14.083, 4.151, 208, 0, 0, 0, 76, 10.297, 9.702, 131, 60.394, 100, 0, 0, 44.069, 42.9, 29.185, 1.732, 120.977, 0, 0, 125.062, 81.085, 0, 0, 0, 0, 0, 14, 0.01, 14.083, 0, 4.151, 208, 0, 0, 0, 76, 1, 0.01, 0.01, 131, 60.394, 100, 0, 0, 141, 44.069, 42.9, 29.185, 1.732, 0, 120.977, 0, 0, 125.062, 81.085, 0, 0, 0, 0, 
18.25, 18.48, 100.3, 74.17, 75.043, , 6.242, 0.988, 1512.264, 1512.264, 4.173, 150.816, 150.816, 150.816, 51.856, 65.177, 34.52, 35.292, 7.379, 12.735, 0, 0, 32.258, 32.655, 32.258, 32.655, 1, 81.223, 81.223, 0.024, 0.13, 40.236, 40.733, 40.236, 40.733, 5.972, 7.379, 12.735, , , 1, 18.351, 0, 0.01, 14.098, 4.173, 208, 0, 0, 0, 76, 9.899, 9.132, 131, 58.074, 100, 0, 0, 45.046, 44.069, 27.862, 1.676, 122.558, 0, 0, 126.523, 81.443, 0, 0, 0, 0, 0, 14, 0.01, 14.098, 0, 4.173, 208, 0, 0, 0, 76, 1, 0.01, 0.009, 131, 58.074, 100, 0, 0, 141, 45.046, 44.069, 27.862, 1.676, 0, 122.558, 0, 0, 126.523, 81.443, 0, 0, 0, 0, 
18.3, 18.48, 100.3, 74.17, 75.043, , 6.036, 0.988, 1518.23, 1518.23, 4.19, 145.946, 145.946, 145.946, 51.862, 65.799, 34.602, 35.597, 7.379, 12.711, 0, 0, 31.335, 31.72, 31.335, 31.72, 1, 81.528, 81.528, 0.024, 0.13, 38.932, 39.412, 38.932, 39.412, 5.989, 7.379, 12.711, , , 1, 18.401, 0, 0.012, 14.078, 4.19, 208, 0, 0, 0, 76, 9.722, 8.902, 131, 56.441, 100, 0, 0, 45.431, 44.646, 26.708, 1.641, 123.038, 0, 0, 126.715, 81.801, 0, 0, 0, 0, 0, 14, 0.012, 14.078, 0, 4.19, 208, 0, 0, 0, 76, 1, 0.01, 0.009, 131, 56.441, 100, 0, 0, 141, 45.431, 44.646, 26.708, 1.641, 0, 123.038, 0, 0, 126.715, 81.801, 0, 0, 0, 0, 
18.35, 18.48, 100.3, 74.17, 75.042, , 5.845, 0.988, 1524.172, 1524.172, 4.206, 141.408, 141.408, 141.408, 51.871, 66.42, 34.711, 36.067, 7.379, 12.708, 0, 0, 30.471, 30.845, 30.471, 30.845, 1, 81.823, 81.823, 0.024, 0.13, 37.716, 38.179, 37.716, 38.179, 6.006, 7.379, 12.708, , , 1, 18.451, 0, 0.014, 14.059, 4.206, 208, 0, 0, 0, 76, 9.545, 8.671, 131, 54.809, 100, 0, 0, 45.815, 45.223, 25.554, 1.607, 123.519, 0, 0, 126.908, 82.158, 0, 0, 0, 0, 0, 14, 0.014, 14.059, 0, 4.206, 208, 0, 0, 0, 76, 1, 0.01, 0.009, 131, 54.809, 100, 0, 0, 141, 45.815, 45.223, 25.554, 1.607, 0, 123.519, 0, 0, 126.908, 82.158, 0, 0, 0, 0, 
18.4, 18.48, 100.3, 74.17, 75.041, , 5.682, 0.988, 1530.085, 1530.085, 4.223, 137.561, 137.561, 137.561, 51.882, 67.042, 34.819, 36.537, 7.38, 12.719, 0, 0, 29.746, 30.111, 29.746, 30.111, 1, 82.111, 82.111, 0.024, 0.131, 36.681, 37.132, 36.681, 37.132, 6.032, 7.38, 12.719, , , 1, 18.501, 0, 0.016, 14.04, 4.223, 208, 0, 0, 0, 76, 9.368, 8.44, 131, 53.176, 100, 0, 0, 46.2, 45.8, 24.4, 1.572, 124, 0, 0, 127.1, 82.516, 0, 0, 0, 0, 0, 14, 0.016, 14.04, 0, 4.223, 208, 0, 0, 0, 76, 1, 0.009, 0.008, 131, 53.176, 100, 0, 0, 141, 46.2, 45.8, 24.4, 1.572, 0, 124, 0, 0, 127.1, 82.516, 0, 0, 0, 0, 
18.45, 18.48, 100.3, 74.17, 75.04, , 5.501, 0.988, 1536.072, 1536.072, 4.239, 133.279, 133.279, 133.279, 51.897, 67.663, 34.928, 37.007, 7.38, 12.736, 0, 0, 28.916, 29.273, 28.916, 29.273, 1, 82.388, 82.388, 0.024, 0.131, 35.53, 35.967, 35.53, 35.967, 6.059, 7.38, 12.736, , , 1, 18.55, 0, 0.018, 14.021, 4.239, 208, 0, 0, 0, 76, 9.191, 8.209, 131, 51.543, 100, 0, 0, 46.585, 46.377, 23.246, 1.537, 124.481, 0, 0, 127.292, 82.874, 0, 0, 0, 0, 0, 14, 0.018, 14.021, 0, 4.239, 208, 0, 0, 0, 76, 1, 0.009, 0.008, 131, 51.543, 100, 0, 0, 141, 46.585, 46.377, 23.246, 1.537, 0, 124.481, 0, 0, 127.292, 82.874, 0, 0, 0, 0, 
18.5, 18.48, 100.3, 74.17, 75.041, , 5.311, 0.988, 1542.058, 1542.058, 4.256, 128.77, 128.77, 128.77, 51.915, 68.284, 35.036, 37.477, 7.379, 12.757, 0, 0, 28.027, 28.372, 28.027, 28.372, 1, 82.657, 82.657, 0.024, 0.131, 34.316, 34.739, 34.316, 34.739, 6.085, 7.379, 12.757, , , 1, 18.6, 0, 0.02, 14.002, 4.256, 208, 0, 0, 0, 76, 9.014, 7.978, 131, 49.911, 100, 0, 0, 46.969, 46.954, 22.092, 1.503, 124.962, 0, 0, 127.485, 83.231, 0, 0, 0, 0, 0, 14, 0.02, 14.002, 0, 4.256, 208, 0, 0, 0, 76, 1, 0.009, 0.008, 131, 49.911, 100, 0, 0, 141, 46.969, 46.954, 22.092, 1.503, 0, 124.962, 0, 0, 127.485, 83.231, 0, 0, 0, 0, 
18.55, 18.48, 100.3, 74.17, 75.041, , 5.046, 0.988, 1548.106, 1548.106, 4.276, 122.493, 122.493, 122.493, 51.933, 68.906, 35.073, 37.257, 7.379, 12.776, 0, 0, 26.743, 27.071, 26.743, 27.071, 1, 82.914, 82.914, 0.024, 0.131, 32.634, 33.035, 32.634, 33.035, 6.111, 7.379, 12.776, , , 1, 18.651, 0, 0.021, 13.954, 4.276, 208, 0, 0, 0, 75.356, 8.74, 7.707, 130.669, 48.253, 100, 0, 0, 46.678, 46.678, 21.356, 1.469, 125.046, 0, 0, 127.5, 83.547, 0, 0, 0, 0, 0, 14, 0.021, 13.954, 0, 4.276, 208, 0, 0, 0, 75.356, 1, 0.009, 0.008, 130.669, 48.253, 100, 0, 0, 141, 46.678, 46.678, 21.356, 1.469, 0, 125.046, 0, 0, 127.5, 83.547, 0, 0, 0, 0, 
18.6, 18.48, 100.3, 74.17, 75.042, , 4.739, 0.988, 1554.153, 1554.153, 4.296, 115.221, 115.221, 115.221, 51.952, 69.527, 35.091, 36.843, 7.378, 12.792, 0, 0, 25.226, 25.536, 25.226, 25.536, 1, 83.156, 83.156, 0.024, 0.131, 30.686, 31.064, 30.686, 31.064, 6.132, 7.378, 12.792, , , 1, 18.701, 0, 0.022, 13.904, 4.296, 208, 0, 0, 0, 74.656, 8.457, 7.432, 130.309, 46.593, 100, 0, 0, 46.328, 46.328, 20.656, 1.435, 125.096, 0, 0, 127.5, 83.859, 0, 0, 0, 0, 0, 14, 0.022, 13.904, 0, 4.296, 208, 0, 0, 0, 74.656, 1, 0.008, 0.007, 130.309, 46.593, 100, 0, 0, 141, 46.328, 46.328, 20.656, 1.435, 0, 125.096, 0, 0, 127.5, 83.859, 0, 0, 0, 0, 
18.65, 18.48, 100.3, 74.17, 75.043, , 4.382, 0.988, 1560.259, 1560.259, 4.317, 106.752, 106.752, 106.752, 51.973, 70.149, 35.108, 36.43, 7.378, 12.798, 0, 0, 23.435, 23.723, 23.435, 23.723, 1, 83.382, 83.382, 0.024, 0.131, 28.42, 28.77, 28.42, 28.77, 6.15, 7.378, 12.798, , , 1, 18.75, 0, 0.023, 13.854, 4.317, 208, 0, 0, 0, 73.956, 8.174, 7.157, 129.949, 44.933, 100, 0, 0, 45.978, 45.978, 19.956, 1.401, 125.146, 0, 0, 127.5, 84.171, 0, 0, 0, 0, 0, 14, 0.023, 13.854, 0, 4.317, 208, 0, 0, 0, 73.956, 1, 0.008, 0.007, 129.949, 44.933, 100, 0, 0, 141, 45.978, 45.978, 19.956, 1.401, 0, 125.146, 0, 0, 127.5, 84.171, 0, 0, 0, 0, 
18.7, 18.48, 100.3, 74.17, 75.044, , 4.029, 0.988, 1566.293, 1566.293, 4.337, 98.377, 98.377, 98.377, 51.995, 70.77, 35.125, 36.016, 7.377, 12.796, 0, 0, 21.65, 21.917, 21.65, 21.917, 1, 83.592, 83.592, 0.024, 0.131, 26.18, 26.503, 26.18, 26.503, 6.168, 7.377, 12.796, , , 1, 18.8, 0, 0.024, 13.804, 4.337, 208, 0, 0, 0, 73.256, 7.891, 6.882, 129.589, 43.273, 100, 0, 0, 45.628, 45.628, 19.256, 1.367, 125.196, 0, 0, 127.5, 84.483, 0, 0, 0, 0, 0, 14, 0.024, 13.804, 0, 4.337, 208, 0, 0, 0, 73.256, 1, 0.008, 0.007, 129.589, 43.273, 100, 0, 0, 141, 45.628, 45.628, 19.256, 1.367, 0, 125.196, 0, 0, 127.5, 84.483, 0, 0, 0, 0, 
18.75, 18.48, 100.3, 74.17, 75.044, , 3.653, 0.988, 1572.438, 1572.438, 4.358, 89.457, 89.457, 89.457, 52.021, 71.392, 35.142, 35.602, 7.377, 12.783, 0, 0, 19.734, 19.978, 19.734, 19.978, 1, 83.784, 83.784, 0.024, 0.131, 23.795, 24.088, 23.795, 24.088, 6.187, 7.377, 12.783, , , 1, 18.851, 0, 0.025, 13.754, 4.358, 208, 0, 0, 0, 72.556, 7.608, 6.607, 129.229, 41.613, 100, 0, 0, 45.278, 45.278, 18.556, 1.333, 125.246, 0, 0, 127.5, 84.795, 0, 0, 0, 0, 0, 14, 0.025, 13.754, 0, 4.358, 208, 0, 0, 0, 72.556, 1, 0.008, 0.007, 129.229, 41.613, 100, 0, 0, 141, 45.278, 45.278, 18.556, 1.333, 0, 125.246, 0, 0, 127.5, 84.795, 0, 0, 0, 0, 
18.8, 18.48, 100.3, 74.17, 75.045, , 3.317, 0.988, 1578.46, 1578.46, 4.368, 81.491, 81.491, 81.491, 52.045, 72.013, 35.097, 35.399, 7.377, 12.762, 0, 0, 18.016, 18.239, 18.016, 18.239, 1, 83.956, 83.956, 0.024, 0.131, 21.667, 21.933, 21.667, 21.933, 6.195, 7.377, 12.762, , , 1, 18.901, 0, 0.025, 13.73, 4.368, 208, 0, 0, 0, 71.8, 7.364, 6.431, 129.2, 40.373, 100, 0, 0, 44.4, 44.4, 18, 1.306, 124.55, 0, 0, 127.3, 84.944, 0, 0, 0, 0, 0, 14, 0.025, 13.73, 0, 4.368, 208, 0, 0, 0, 71.8, 1, 0.007, 0.006, 129.2, 40.373, 100, 0, 0, 141, 44.4, 44.4, 18, 1.306, 0, 124.55, 0, 0, 127.3, 84.944, 0, 0, 0, 0, 
18.85, 18.48, 100.3, 74.17, 75.046, , 3.067, 0.988, 1584.605, 1584.605, 4.378, 75.583, 75.583, 75.583, 52.066, 72.635, 35.003, 35.361, 7.377, 12.733, 0, 0, 16.742, 16.949, 16.742, 16.949, 1, 84.113, 84.113, 0.024, 0.13, 20.086, 20.334, 20.086, 20.334, 6.195, 7.377, 12.733, , , 1, 18.95, 0, 0.025, 13.708, 4.378, 208, 0, 0, 0, 71.039, 7.124, 6.264, 129.2, 39.17, 100, 0, 0, 43.476, 43.476, 17.457, 1.28, 123.789, 0, 0, 127.083, 85.079, 0, 0, 0, 0, 0, 14, 0.025, 13.708, 0, 4.378, 208, 0, 0, 0, 71.039, 1, 0.007, 0.006, 129.2, 39.17, 100, 0, 0, 141, 43.476, 43.476, 17.457, 1.28, 0, 123.789, 0, 0, 127.083, 85.079, 0, 0, 0, 0, 
18.9, 18.48, 100.3, 74.17, 75.047, , 2.858, 0.988, 1590.75, 1590.75, 4.387, 70.631, 70.631, 70.631, 52.085, 73.256, 34.909, 35.324, 7.377, 12.695, 0, 0, 15.673, 15.867, 15.673, 15.867, 1, 84.261, 84.261, 0.024, 0.13, 18.762, 18.995, 18.762, 18.995, 6.194, 7.377, 12.695, , , 1, 19, 0, 0.025, 13.687, 4.387, 208, 0, 0, 0, 70.278, 6.884, 6.096, 129.2, 37.966, 100, 0, 0, 42.552, 42.552, 16.913, 1.254, 123.028, 0, 0, 126.865, 85.214, 0, 0, 0, 0, 0, 14, 0.025, 13.687, 0, 4.387, 208, 0, 0, 0, 70.278, 1, 0.007, 0.006, 129.2, 37.966, 100, 0, 0, 141, 42.552, 42.552, 16.913, 1.254, 0, 123.028, 0, 0, 126.865, 85.214, 0, 0, 0, 0, 
18.95, 18.48, 100.3, 74.17, 75.047, , 2.68, 0.988, 1596.895, 1596.895, 4.397, 66.398, 66.398, 66.398, 52.101, 73.877, 34.815, 35.286, 7.377, 12.651, 0, 0, 14.76, 14.942, 14.76, 14.942, 1, 84.398, 84.398, 0.024, 0.13, 17.631, 17.851, 17.631, 17.851, 6.193, 7.377, 12.651, , , 1, 19.051, 0, 0.025, 13.665, 4.397, 208, 0, 0, 0, 69.517, 6.643, 5.929, 129.2, 36.763, 100, 0, 0, 41.628, 41.628, 16.37, 1.228, 122.267, 0, 0, 126.648, 85.348, 0, 0, 0, 0, 0, 14, 0.025, 13.665, 0, 4.397, 208, 0, 0, 0, 69.517, 1, 0.007, 0.006, 129.2, 36.763, 100, 0, 0, 141, 41.628, 41.628, 16.37, 1.228, 0, 122.267, 0, 0, 126.648, 85.348, 0, 0, 0, 0, 
19, 18.48, 100.3, 74.17, 75.048, , 2.568, 0.988, 1603.162, 1603.162, 4.404, 63.741, 63.741, 63.741, 52.112, 74.499, 34.721, 35.248, 7.377, 12.599, 0, 0, 14.192, 14.366, 14.192, 14.366, 1, 84.53, 84.53, 0.024, 0.13, 16.921, 17.133, 16.921, 17.133, 6.194, 7.377, 12.599, , , 1, 19.101, 0, 0.025, 13.647, 4.404, 208, 0, 0, 0, 68.93, 6.46, 5.791, 129.2, 35.778, 100, 0, 0, 40.861, 40.861, 15.93, 1.207, 121.628, 0, 0, 126.43, 85.462, 0, 0, 0, 0, 0, 14, 0.025, 13.647, 0, 4.404, 208, 0, 0, 0, 68.93, 1, 0.006, 0.005, 129.2, 35.778, 100, 0, 0, 141, 40.861, 40.861, 15.93, 1.207, 0, 121.628, 0, 0, 126.43, 85.462, 0, 0, 0, 0, 
19.05, 18.48, 100.3, 74.17, 75.049, , 2.455, 0.988, 1609.308, 1609.308, 4.408, 61.061, 61.061, 61.061, 52.116, 75.12, 34.644, 35.38, 7.377, 12.551, 0, 0, 13.617, 13.782, 13.617, 13.782, 1, 84.655, 84.655, 0.024, 0.13, 16.208, 16.412, 16.208, 16.412, 6.2, 7.377, 12.551, , , 1, 19.151, 0, 0.024, 13.636, 4.408, 208, 0, 0, 0, 68.713, 6.397, 5.716, 129.2, 35.258, 100, 0, 0, 40.426, 40.426, 15.713, 1.199, 121.248, 0, 0, 126.213, 85.529, 0, 0, 0, 0, 0, 14, 0.024, 13.636, 0, 4.408, 208, 0, 0, 0, 68.713, 1, 0.006, 0.005, 129.2, 35.258, 100, 0, 0, 141, 40.426, 40.426, 15.713, 1.199, 0, 121.248, 0, 0, 126.213, 85.529, 0, 0, 0, 0, 
19.1, 18.48, 100.3, 74.17, 75.05, , 2.364, 0.988, 1615.452, 1615.452, 4.412, 58.918, 58.918, 58.918, 52.118, 75.742, 34.572, 35.56, 7.377, 12.506, 0, 0, 13.159, 13.319, 13.159, 13.319, 1, 84.774, 84.774, 0.024, 0.13, 15.639, 15.834, 15.639, 15.834, 6.205, 7.377, 12.506, , , 1, 19.201, 0, 0.022, 13.625, 4.412, 208, 0, 0, 0, 68.496, 6.334, 5.641, 129.2, 34.737, 100, 0, 0, 39.991, 39.991, 15.496, 1.19, 120.867, 0, 0, 125.996, 85.596, 0, 0, 0, 0, 0, 14, 0.022, 13.625, 0, 4.412, 208, 0, 0, 0, 68.496, 1, 0.006, 0.005, 129.2, 34.737, 100, 0, 0, 141, 39.991, 39.991, 15.496, 1.19, 0, 120.867, 0, 0, 125.996, 85.596, 0, 0, 0, 0, 
19.15, 18.48, 100.3, 74.17, 75.05, , 2.298, 0.988, 1621.72, 1621.72, 4.415, 57.349, 57.349, 57.349, 52.117, 76.363, 34.5, 35.74, 7.377, 12.469, 0, 0, 12.825, 12.982, 12.825, 12.982, 1, 84.891, 84.891, 0.024, 0.13, 15.223, 15.412, 15.223, 15.412, 6.211, 7.377, 12.469, , , 1, 19.251, 0, 0.021, 13.614, 4.415, 208, 0, 0, 0, 68.278, 6.271, 5.566, 129.2, 34.216, 100, 0, 0, 39.557, 39.557, 15.278, 1.181, 120.487, 0, 0, 125.778, 85.664, 0, 0, 0, 0, 0, 14, 0.021, 13.614, 0, 4.415, 208, 0, 0, 0, 68.278, 1, 0.006, 0.005, 129.2, 34.216, 100, 0, 0, 141, 39.557, 39.557, 15.278, 1.181, 0, 120.487, 0, 0, 125.778, 85.664, 0, 0, 0, 0, 
19.2, 18.48, 100.3, 74.17, 75.051, , 2.242, 0.988, 1627.865, 1627.865, 4.419, 56.024, 56.024, 56.024, 52.112, 76.985, 34.428, 35.92, 7.377, 12.441, 0, 0, 12.544, 12.699, 12.544, 12.699, 1, 85.002, 85.002, 0.024, 0.131, 14.872, 15.055, 14.872, 15.055, 6.218, 7.377, 12.441, , , 1, 19.301, 0, 0.02, 13.603, 4.419, 208, 0, 0, 0, 68.061, 6.208, 5.491, 129.2, 33.696, 100, 0, 0, 39.122, 39.122, 15.061, 1.172, 120.107, 0, 0, 125.561, 85.731, 0, 0, 0, 0, 0, 14, 0.02, 13.603, 0, 4.419, 208, 0, 0, 0, 68.061, 1, 0.006, 0.005, 129.2, 33.696, 100, 0, 0, 141, 39.122, 39.122, 15.061, 1.172, 0, 120.107, 0, 0, 125.561, 85.731, 0, 0, 0, 0, 
19.25, 18.48, 100.3, 74.17, 75.052, , 2.18, 0.988, 1634.123, 1634.123, 4.425, 54.553, 54.553, 54.553, 52.105, 77.606, 34.356, 36.1, 7.377, 12.423, 0, 0, 12.232, 12.382, 12.232, 12.382, 1, 85.113, 85.113, 0.024, 0.131, 14.483, 14.662, 14.483, 14.662, 6.248, 7.377, 12.423, , , 1, 19.351, 0, 0.019, 13.593, 4.425, 208, 0, 0, 0, 67.792, 6.104, 5.429, 129.2, 33.243, 100, 0, 0, 38.654, 38.621, 14.862, 1.166, 119.515, 0, 0, 125.119, 85.836, 0, 0, 0, 0, 0, 14, 0.019, 13.593, 0, 4.425, 208, 0, 0, 0, 67.792, 1, 0.006, 0.005, 129.2, 33.243, 100, 0, 0, 141, 38.654, 38.619, 14.862, 1.166, 0, 119.515, 0, 0, 125.119, 85.836, 0, 0, 0, 0, 
19.3, 18.48, 100.3, 74.17, 75.053, , 2.109, 0.988, 1640.307, 1640.307, 4.433, 52.892, 52.892, 52.892, 52.099, 78.228, 34.452, 36.196, 7.377, 12.417, 0, 0, 11.873, 12.02, 11.873, 12.02, 1, 85.219, 85.219, 0.024, 0.131, 14.044, 14.217, 14.044, 14.217, 6.278, 7.377, 12.417, , , 1, 19.401, 0, 0.017, 13.583, 4.433, 208, 0, 0, 0, 67.504, 5.986, 5.371, 129.2, 32.816, 100, 0, 0, 38.173, 38.094, 14.669, 1.16, 118.842, 0, 0, 124.59, 85.954, 0, 0, 0, 0, 0, 14, 0.017, 13.583, 0, 4.433, 208, 0, 0, 0, 67.504, 1, 0.006, 0.005, 129.2, 32.816, 100, 0, 0, 141, 38.173, 38.09, 14.669, 1.16, 0, 118.842, 0, 0, 124.59, 85.954, 0, 0, 0, 0, 
19.35, 18.48, 100.3, 74.17, 75.053, , 2.063, 0.988, 1646.545, 1646.545, 4.44, 51.792, 51.792, 51.792, 52.099, 78.849, 34.596, 36.268, 7.377, 12.412, 0, 0, 11.64, 11.785, 11.64, 11.785, 1, 85.323, 85.323, 0.024, 0.131, 13.753, 13.922, 13.753, 13.922, 6.307, 7.377, 12.412, , , 1, 19.451, 0, 0.015, 13.574, 4.44, 208, 0, 0, 0, 67.215, 5.867, 5.314, 129.2, 32.389, 100, 0, 0, 37.692, 37.567, 14.477, 1.154, 118.169, 0, 0, 124.062, 86.073, 0, 0, 0, 0, 0, 14, 0.015, 13.574, 0, 4.44, 208, 0, 0, 0, 67.215, 1, 0.006, 0.005, 129.2, 32.389, 100, 0, 0, 141, 37.692, 37.562, 14.477, 1.154, 0, 118.169, 0, 0, 124.062, 86.073, 0, 0, 0, 0, 
19.4, 18.48, 100.3, 74.174, 75.054, , 1.977, 0.988, 1652.802, 1652.802, 4.448, 49.752, 49.752, 49.752, 52.102, 79.471, 34.74, 36.34, 7.377, 12.409, 0, 0, 11.195, 11.333, 11.195, 11.333, 1, 85.426, 85.426, 0.024, 0.131, 13.211, 13.373, 13.211, 13.373, 6.337, 7.377, 12.409, , , 1, 19.501, 0, 0.013, 13.564, 4.448, 208, 0, 0, 0, 66.927, 5.748, 5.256, 129.2, 31.962, 100, 0, 0, 37.212, 37.04, 14.285, 1.149, 117.496, 0, 0, 123.533, 86.192, 0, 0, 0, 0, 0, 14, 0.013, 13.564, 0, 4.448, 208, 0, 0, 0, 66.927, 1, 0.006, 0.005, 129.2, 31.962, 100, 0, 0, 141, 37.212, 37.033, 14.285, 1.149, 0, 117.496, 0, 0, 123.533, 86.192, 0, 0, 0, 0, 
19.45, 18.48, 100.3, 74.179, 75.055, , 1.887, 0.988, 1659.079, 1659.079, 4.455, 47.63, 47.63, 47.63, 52.11, 80.092, 34.884, 36.412, 7.377, 12.407, 0, 0, 10.73, 10.861, 10.73, 10.861, 1, 85.523, 85.523, 0.024, 0.131, 12.647, 12.801, 12.647, 12.801, 6.358, 7.377, 12.407, , , 1, 19.551, 0, 0.011, 13.555, 4.455, 208, 0, 0, 0, 66.638, 5.629, 5.199, 129.2, 31.535, 100, 0, 0, 36.731, 36.513, 14.092, 1.143, 116.823, 0, 0, 123.004, 86.311, 0, 0, 0, 0, 0, 14, 0.011, 13.555, 0, 4.455, 208, 0, 0, 0, 66.638, 1, 0.006, 0.005, 129.2, 31.535, 100, 0, 0, 141, 36.731, 36.504, 14.092, 1.143, 0, 116.823, 0, 0, 123.004, 86.311, 0, 0, 0, 0, 
19.5, 18.48, 100.3, 74.184, 75.056, , 1.792, 0.988, 1665.297, 1665.297, 4.46, 45.366, 45.366, 45.366, 52.119, 80.713, 35.028, 36.484, 7.377, 12.407, 0, 0, 10.229, 10.356, 10.229, 10.356, 1, 85.615, 85.615, 0.024, 0.13, 12.044, 12.19, 12.044, 12.19, 6.376, 7.377, 12.407, , , 1, 19.601, 0, 0.011, 13.544, 4.46, 208, 0, 0, 0, 66.438, 5.559, 5.16, 129.2, 31.284, 100, 0, 0, 36.438, 36.16, 14, 1.139, 116.376, 0, 0, 122.657, 86.37, 0, 0, 0, 0, 0, 14, 0.011, 13.544, 0, 4.46, 208, 0, 0, 0, 66.438, 1, 0.005, 0.005, 129.2, 31.284, 100, 0, 0, 141, 36.438, 36.157, 14, 1.139, 0, 116.376, 0, 0, 122.657, 86.37, 0, 0, 0, 0, 
19.55, 18.48, 100.3, 74.189, 75.057, , 1.669, 0.988, 1671.608, 1671.608, 4.463, 42.449, 42.449, 42.449, 52.129, 81.335, 35.06, 36.36, 7.377, 12.409, 0, 0, 9.58, 9.699, 9.58, 9.699, 1, 85.701, 85.701, 0.024, 0.13, 11.268, 11.404, 11.268, 11.404, 6.394, 7.377, 12.409, , , 1, 19.651, 0, 0.014, 13.532, 4.463, 208, 0, 0, 0, 66.319, 5.538, 5.141, 129.2, 31.196, 100, 0, 0, 36.319, 35.981, 14, 1.136, 116.138, 0, 0, 122.479, 86.37, 0, 0, 0, 0, 0, 14, 0.014, 13.532, 0, 4.463, 208, 0, 0, 0, 66.319, 1, 0.005, 0.005, 129.2, 31.196, 100, 0, 0, 141, 36.319, 35.979, 14, 1.136, 0, 116.138, 0, 0, 122.479, 86.37, 0, 0, 0, 0, 
19.6, 18.48, 100.3, 74.194, 75.057, , 1.509, 0.988, 1677.792, 1677.792, 4.466, 38.676, 38.676, 38.676, 52.138, 81.956, 35.06, 36.181, 7.378, 12.412, 0, 0, 8.736, 8.844, 8.736, 8.844, 1, 85.781, 85.781, 0.024, 0.13, 10.264, 10.389, 10.264, 10.389, 6.413, 7.378, 12.412, , , 1, 19.701, 0, 0.016, 13.52, 4.466, 208, 0, 0, 0, 66.2, 5.516, 5.122, 129.2, 31.108, 100, 0, 0, 36.2, 35.801, 14, 1.134, 115.9, 0, 0, 122.3, 86.37, 0, 0, 0, 0, 0, 14, 0.016, 13.52, 0, 4.466, 208, 0, 0, 0, 66.2, 1, 0.005, 0.005, 129.2, 31.108, 100, 0, 0, 141, 36.2, 35.8, 14, 1.134, 0, 115.9, 0, 0, 122.3, 86.37, 0, 0, 0, 0, 
19.65, 18.48, 100.3, 74.199, 75.058, , 1.356, 0.988, 1684.103, 1684.103, 4.469, 35.035, 35.035, 35.035, 52.148, 82.578, 35.06, 36.002, 7.379, 12.418, 0, 0, 7.921, 8.019, 7.921, 8.019, 1, 85.852, 85.852, 0.024, 0.13, 9.296, 9.409, 9.296, 9.409, 6.417, 7.379, 12.418, , , 1, 19.751, 0, 0.018, 13.508, 4.469, 208, 0, 0, 0, 66.081, 5.495, 5.103, 129.2, 31.02, 100, 0, 0, 36.081, 35.622, 14, 1.132, 115.662, 0, 0, 122.121, 86.37, 0, 0, 0, 0, 0, 14, 0.018, 13.508, 0, 4.469, 208, 0, 0, 0, 66.081, 1, 0.005, 0.005, 129.2, 31.02, 100, 0, 0, 141, 36.081, 35.621, 14, 1.132, 0, 115.662, 0, 0, 122.121, 86.37, 0, 0, 0, 0, 
19.7, 18.48, 100.3, 74.204, 75.059, , 1.159, 0.988, 1690.414, 1690.414, 4.472, 30.37, 30.37, 30.37, 52.16, 83.199, 35.06, 35.822, 7.38, 12.43, 0, 0, 6.872, 6.956, 6.872, 6.956, 1, 85.914, 85.914, 0.024, 0.13, 8.056, 8.155, 8.056, 8.155, 6.418, 7.38, 12.43, , , 1, 19.801, 0, 0.024, 13.477, 4.472, 208, 0, 0, 0, 65.701, 5.396, 5.019, 129.26, 30.728, 100, 0, 0, 35.934, 35.467, 13.834, 1.123, 114.853, 0, 0, 121.336, 86.391, 0, 0, 0, 0, 0, 14, 0.024, 13.477, 0, 4.472, 208, 0, 0, 0, 65.701, 1, 0.005, 0.005, 129.26, 30.728, 100, 0, 0, 141, 35.934, 35.467, 13.834, 1.123, 0, 114.853, 0, 0, 121.336, 86.391, 0, 0, 0, 0, 
19.75, 18.48, 100.3, 74.209, 75.06, , 0.91, 0.988, 1696.724, 1696.724, 4.477, 24.466, 24.466, 24.466, 52.171, 83.821, 35.06, 35.643, 7.382, 12.44, 0, 0, 5.539, 5.607, 5.539, 5.607, 1, 85.967, 85.967, 0.024, 0.13, 6.489, 6.57, 6.489, 6.57, 6.419, 7.382, 12.44, , , 1, 19.851, 0, 0.035, 13.404, 4.477, 208, 0, 0, 0, 64.768, 5.134, 4.798, 129.446, 30.001, 100, 0, 0, 35.726, 35.363, 13.315, 1.101, 112.83, 0, 0, 119.261, 86.455, 0, 0, 0, 0, 0, 14, 0.035, 13.404, 0, 4.477, 208, 0, 0, 0, 64.768, 1, 0.005, 0.005, 129.446, 30.001, 100, 0, 0, 141, 35.726, 35.363, 13.315, 1.101, 0, 112.83, 0, 0, 119.261, 86.455, 0, 0, 0, 0, 
19.8, 18.48, 100.3, 74.214, 75.061, , 0.63, 0.988, 1702.952, 1702.952, 4.481, 17.829, 17.829, 17.829, 52.183, 84.442, 34.95, 35.71, 7.383, 12.446, 0, 0, 4.038, 4.088, 4.038, 4.088, 1, 86.006, 86.006, 0.024, 0.13, 4.729, 4.787, 4.729, 4.787, 6.421, 7.383, 12.446, , , 1, 19.901, 0, 0.046, 13.332, 4.481, 208, 0, 0, 0, 63.834, 4.871, 4.577, 129.633, 29.275, 100, 0, 0, 35.519, 35.259, 12.797, 1.079, 110.807, 0, 0, 117.187, 86.519, 0, 0, 0, 0, 0, 14, 0.046, 13.332, 0, 4.481, 208, 0, 0, 0, 63.834, 1, 0.005, 0.005, 129.633, 29.275, 100, 0, 0, 141, 35.519, 35.259, 12.797, 1.079, 0, 110.807, 0, 0, 117.187, 86.519, 0, 0, 0, 0, 
19.85, 18.48, 100.3, 74.219, 75.062, , 0.286, 0.988, 1709.221, 1709.221, 4.486, 9.649, 9.649, 9.649, 52.195, 85.064, 34.806, 35.854, 7.384, 12.452, 0, 0, 2.187, 2.213, 2.187, 2.213, 1, 86.029, 86.029, 0.024, 0.13, 2.56, 2.591, 2.56, 2.591, 6.433, 7.384, 12.452, , , 1, 19.951, 0, 0.058, 13.259, 4.486, 208, 0, 0, 0, 62.9, 4.609, 4.356, 129.82, 28.549, 100, 0, 0, 35.311, 35.156, 12.278, 1.058, 108.784, 0, 0, 115.112, 86.584, 0, 0, 0, 0, 0, 14, 0.058, 13.259, 0, 4.486, 208, 0, 0, 0, 62.9, 1, 0.005, 0.005, 129.82, 28.549, 100, 0, 0, 141, 35.311, 35.156, 12.278, 1.058, 0, 108.784, 0, 0, 115.112, 86.584, 0, 0, 0, 0, 
19.9, 18.48, 100.3, 74.224, 75.063, , -0.082, 0.988, 1715.531, 1715.531, 4.49, 0.927, 0.927, 0.927, 52.211, 78.928, 34.661, 35.999, 7.384, 12.458, 0, 0, 0.211, 0.212, 0.211, 0.212, 1, 86.034, 86.034, 0.024, 0.13, 0.248, 0.251, 0.248, 0.251, 6.455, 7.384, 12.458, , , 1, 20.001, 0, 0.069, 13.186, 4.49, 208, 0, 0, 0, 61.967, 4.346, 4.135, 130.007, 27.823, 100, 0, 0, 35.104, 35.052, 11.759, 1.036, 106.761, 0, 0, 113.037, 86.648, 0, 0, 0, 0, 0, 14, 0.069, 13.186, 0, 4.49, 208, 0, 0, 0, 61.967, 1, 0.005, 0.005, 130.007, 27.823, 100, 0, 0, 141, 35.104, 35.052, 11.759, 1.036, 0, 106.761, 0, 0, 113.037, 86.648, 0, 0, 0, 0, 
19.95, 18.48, 100.3, 74.229, 75.064, , -0.638, 0.988, 1721.842, 1721.842, 4.493, -12.266, -12.266, -12.266, 52.223, 69.898, 34.516, 36.144, 7.384, 12.465, 0, 0, -2.776, -2.811, -2.776, -2.811, 1, 86.019, 86.019, 0.024, 0.13, -3.248, -3.289, -3.248, -3.289, 6.477, 7.384, 12.465, , , 1, 20.051, 0, 0.079, 13.124, 4.493, 208, 0, 0, 0, 61.238, 4.175, 3.973, 130.194, 27.248, 100, 0, 0, 35, 35, 11.343, 1.018, 105.305, 0, 0, 111.529, 86.648, 0, 0, 0, 0, 0, 14, 0.079, 13.124, 0, 4.493, 208, 0, 0, 0, 61.238, 1, 0.004, 0.004, 130.194, 27.248, 100, 0, 0, 141, 35, 35, 11.343, 1.018, 0, 105.305, 0, 0, 111.529, 86.648, 0, 0, 0, 0, 
20, 18.48, 100.3, 74.234, 75.065, , -1.825, 0.988, 1728.154, 1728.154, 4.493, -40.429, -40.429, -40.429, 52.194, 60.867, 34.372, 36.288, 7.382, 12.473, 0, 0, -9.138, -9.251, -9.138, -9.251, 1, 85.958, 85.958, 0.024, 0.13, -10.731, -10.865, -10.731, -10.865, 6.5, 7.382, 12.473, , , 1, 20.101, 0, 0.086, 13.072, 4.493, 208, 0, 0, 0, 60.715, 4.094, 3.87, 130.382, 26.823, 100, 0, 0, 35, 35, 11.029, 1.005, 104.416, 0, 0, 110.588, 86.583, 0, 0, 0, 0, 0, 14, 0.086, 13.072, 0, 4.493, 208, 0, 0, 0, 60.715, 1, 0.004, 0.004, 130.382, 26.823, 100, 0, 0, 141, 35, 35, 11.029, 1.005, 0, 104.416, 0, 0, 110.588, 86.583, 0, 0, 0, 0, 
20.05, 18.48, 100.3, 74.239, 75.066, , -2.87, 0.988, 1734.464, 1734.464, 4.493, -65.231, -65.231, -65.231, 52.137, 51.836, 34.508, 36.18, 7.381, 12.481, 0, 0, -14.721, -14.903, -14.721, -14.903, 1, 85.841, 85.841, 0.024, 0.13, -17.344, -17.558, -17.344, -17.558, 6.532, 7.381, 12.481, , , 1, 20.151, 0, 0.093, 13.019, 4.493, 208, 0, 0, 0, 60.192, 4.014, 3.766, 130.571, 26.398, 100, 0, 0, 35, 35, 10.715, 0.991, 103.527, 0, 0, 109.646, 86.518, 0, 0, 0, 0, 0, 14, 0.093, 13.019, 0, 4.493, 208, 0, 0, 0, 60.192, 1, 0.004, 0.004, 130.571, 26.398, 100, 0, 0, 141, 35, 35, 10.715, 0.991, 0, 103.527, 0, 0, 109.646, 86.518, 0, 0, 0, 0, 
20.1, 18.48, 100.3, 74.244, 75.067, , -3.72, 0.988, 1740.775, 1740.775, 4.494, -85.398, -85.398, -85.398, 52.039, 42.806, 34.724, 36, 7.379, 12.488, 0, 0, -19.243, -19.479, -19.243, -19.479, 1, 85.671, 85.671, 0.024, 0.131, -22.745, -23.025, -22.745, -23.025, 6.582, 7.379, 12.488, , , 1, 20.201, 0, 0.101, 12.967, 4.494, 208, 0, 0, 0, 59.669, 3.933, 3.663, 130.759, 25.974, 100, 0, 0, 35, 35, 10.402, 0.977, 102.638, 0, 0, 108.705, 86.453, 0, 0, 0, 0, 0, 14, 0.101, 12.967, 0, 4.494, 208, 0, 0, 0, 59.669, 1, 0.004, 0.004, 130.759, 25.974, 100, 0, 0, 141, 35, 35, 10.402, 0.977, 0, 102.638, 0, 0, 108.705, 86.453, 0, 0, 0, 0, 
20.15, 18.48, 100.3, 74.249, 75.069, , -4.505, 0.988, 1747.086, 1747.086, 4.494, -104.011, -104.011, -104.011, 51.899, 33.775, 34.94, 35.82, 7.378, 12.504, 0, 0, -23.398, -23.686, -23.398, -23.686, 1, 85.463, 85.463, 0.024, 0.131, -27.756, -28.096, -27.756, -28.096, 6.632, 7.378, 12.504, , , 1, 20.251, 0, 0.108, 12.915, 4.494, 208, 0, 0, 0, 59.146, 3.853, 3.559, 130.947, 25.549, 100, 0, 0, 35, 35, 10.088, 0.964, 101.749, 0, 0, 107.764, 86.388, 0, 0, 0, 0, 0, 14, 0.108, 12.915, 0, 4.494, 208, 0, 0, 0, 59.146, 1, 0.004, 0.004, 130.947, 25.549, 100, 0, 0, 141, 35, 35, 10.088, 0.964, 0, 101.749, 0, 0, 107.764, 86.388, 0, 0, 0, 0, 
20.2, 18.48, 100.3, 74.254, 75.07, , -5.128, 0.988, 1753.397, 1753.397, 4.473, -118.812, -118.812, -118.812, 51.734, 24.744, 35.156, 35.64, 7.377, 12.547, 0, 0, -26.675, -27.005, -26.675, -27.005, 1, 85.221, 85.221, 0.024, 0.131, -31.77, -32.16, -31.77, -32.16, 6.682, 7.377, 12.547, , , 1, 20.301, 0, 0.097, 12.842, 4.473, 208, 0, 0, 0, 57.416, 3.597, 3.301, 131, 24.049, 100, 0, 0, 35, 35, 9.136, 0.92, 100.852, 0, 0, 106.42, 86.191, 0, 0, 0, 0, 0, 14, 0.097, 12.842, 0, 4.473, 208, 0, 0, 0, 57.416, 1, 0.004, 0.004, 131, 24.049, 100, 0, 0, 141, 35, 35, 9.136, 0.92, 0, 100.852, 0, 0, 106.42, 86.191, 0, 0, 0, 0, 
20.25, 18.48, 100.3, 74.259, 75.071, , -5.083, 0.988, 1759.707, 1759.707, 4.444, -117.755, -117.755, -117.755, 51.639, 15.713, 35.372, 35.46, 7.377, 12.692, 0, 0, -26.359, -26.685, -26.359, -26.685, 1, 84.96, 84.96, 0.024, 0.131, -31.547, -31.934, -31.547, -31.934, 6.732, 7.377, 12.692, , , 1, 20.35, 0, 0.079, 12.762, 4.444, 208, 0, 0, 0, 55.216, 3.273, 2.983, 131, 22.131, 100, 0, 0, 35, 35, 7.936, 0.864, 99.952, 0, 0, 104.92, 85.943, 0, 0, 0, 0, 0, 14, 0.079, 12.762, 0, 4.444, 208, 0, 0, 0, 55.216, 1, 0.003, 0.003, 131, 22.131, 100, 0, 0, 141, 35, 35, 7.936, 0.864, 0, 99.952, 0, 0, 104.92, 85.943, 0, 0, 0, 0, 
20.3, 18.48, 100.3, 74.264, 75.072, , -4.928, 0.988, 1765.892, 1765.892, 4.415, -114.078, -114.078, -114.078, 51.617, 6.683, 35.448, 35.56, 7.377, 13.248, 0, 0, -25.457, -25.772, -25.457, -25.772, 1, 84.707, 84.707, 0.024, 0.131, -30.581, -30.957, -30.581, -30.957, 6.781, 7.377, 13.248, , , 1, 20.4, 0, 0.061, 12.682, 4.415, 208, 0, 0, 0, 53.016, 2.949, 2.665, 131, 20.213, 100, 0, 0, 35, 35, 6.736, 0.808, 99.052, 0, 0, 103.42, 85.695, 0, 0, 0, 0, 0, 14, 0.061, 12.682, 0, 4.415, 208, 0, 0, 0, 53.016, 1, 0.003, 0.003, 131, 20.213, 100, 0, 0, 141, 35, 35, 6.736, 0.808, 0, 99.052, 0, 0, 103.42, 85.695, 0, 0, 0, 0, 
20.35, 18.48, 100.3, 74.269, 75.073, , -4.726, 0.988, 1772.143, 1772.143, 4.385, -109.302, -109.302, -109.302, 51.666, 0, 35.484, 35.74, 7.377, 13.904, 0, 0, -24.326, -24.627, -24.326, -24.627, 1, 84.463, 84.463, 0.024, 0.131, -29.278, -29.639, -29.278, -29.639, 6.83, 7.377, 13.904, , , 1, 20.451, 0, 0.043, 12.602, 4.385, 208, 0, 0, 0, 50.816, 2.625, 2.347, 131, 18.295, 100, 0, 0, 35, 35, 5.536, 0.752, 98.152, 0, 0, 101.92, 85.447, 0, 0, 0, 0, 0, 14, 0.043, 12.602, 0, 4.385, 208, 0, 0, 0, 50.816, 1, 0.003, 0.003, 131, 18.295, 100, 0, 0, 141, 35, 35, 5.536, 0.752, 0, 98.152, 0, 0, 101.92, 85.447, 0, 0, 0, 0, 
20.4, 18.48, 100.3, 74.274, 75.074, , -4.453, 0.988, 1778.387, 1778.387, 4.356, -102.83, -102.83, -102.83, 51.797, 0, 35.52, 35.92, 7.377, 15.013, 0, 0, -22.829, -23.111, -22.829, -23.111, 1, 84.233, 84.233, 0.024, 0.131, -27.489, -27.828, -27.489, -27.828, 6.879, 7.377, 15.013, , , 1, 20.5, 0, 0.025, 12.522, 4.356, 208, 0, 0, 0, 48.616, 2.301, 2.029, 131, 16.377, 100, 0, 0, 35, 35, 4.336, 0.696, 97.252, 0, 0, 100.42, 85.199, 0, 0, 0, 0, 0, 14, 0.025, 12.522, 0, 4.356, 208, 0, 0, 0, 48.616, 1, 0.002, 0.002, 131, 16.377, 100, 0, 0, 141, 35, 35, 4.336, 0.696, 0, 97.252, 0, 0, 100.42, 85.199, 0, 0, 0, 0, 
20.45, 18.48, 100.3, 74.279, 75.075, , -4.416, 0.988, 1784.572, 1784.572, 4.353, -101.962, -101.962, -101.962, 51.977, 3.351, 35.556, 36.1, 7.377, 16.196, 0, 0, -22.572, -22.849, -22.572, -22.849, 1, 84.013, 84.013, 0.024, 0.131, -27.15, -27.486, -27.15, -27.486, 6.928, 7.377, 16.196, , , 1, 20.55, 0, 0.017, 12.5, 4.353, 208, 0, 0, 0, 47.712, 1.892, 1.661, 131, 15.68, 100, 0, 0, 35, 35, 3.424, 0.661, 96.28, 0, 0, 99.28, 85.041, 0, 0, 0, 0, 0, 14, 0.017, 12.5, 0, 4.353, 208, 0, 0, 0, 47.712, 1, 0.002, 0.002, 131, 15.68, 100, 0, 0, 141, 35, 35, 3.424, 0.661, 0, 96.28, 0, 0, 99.28, 85.041, 0, 0, 0, 0, 
20.5, 18.48, 100.3, 74.284, 75.077, , -4.455, 0.988, 1790.822, 1790.822, 4.359, -102.893, -102.893, -102.893, 52.147, 7.628, 35.592, 36.28, 7.378, 17.763, 0, 0, -22.709, -22.987, -22.709, -22.987, 1, 83.786, 83.786, 0.024, 0.131, -27.299, -27.637, -27.299, -27.637, 6.979, 7.378, 17.763, , , 1, 20.6, 0, 0.013, 12.5, 4.359, 208, 0, 0, 0, 47.312, 1.45, 1.273, 131, 15.458, 100, 0, 0, 35, 35, 2.624, 0.635, 95.28, 0, 0, 98.28, 84.917, 0, 0, 0, 0, 0, 14, 0.013, 12.5, 0, 4.359, 208, 0, 0, 0, 47.312, 1, 0.001, 0.001, 131, 15.458, 100, 0, 0, 141, 35, 35, 2.624, 0.635, 0, 95.28, 0, 0, 98.28, 84.917, 0, 0, 0, 0, 
20.55, 18.48, 100.3, 74.288, 75.078, , -4.48, 0.988, 1796.967, 1796.967, 4.366, -103.495, -103.495, -103.495, 52.266, 10.864, 35.6, 36.432, 7.378, 19.26, 0, 0, -22.773, -23.053, -22.773, -23.053, 1, 83.562, 83.562, 0.024, 0.131, -27.388, -27.726, -27.388, -27.726, 7.029, 7.378, 19.26, , , 1, 20.65, 0, 0.009, 12.5, 4.366, 208, 0, 0, 0, 46.912, 1.008, 0.885, 131, 15.236, 100, 0, 0, 35, 35, 1.824, 0.609, 94.28, 0, 0, 97.28, 84.793, 0, 0, 0, 0, 0, 14, 0.009, 12.5, 0, 4.366, 208, 0, 0, 0, 46.912, 1, 0.001, 0.001, 131, 15.236, 100, 0, 0, 141, 35, 35, 1.824, 0.609, 0, 94.28, 0, 0, 97.28, 84.793, 0, 0, 0, 0, 
20.6, 18.48, 100.3, 74.293, 75.079, , -4.562, 0.988, 1803.112, 1803.112, 4.373, -105.439, -105.439, -105.439, 52.343, 11.412, 35.6, 36.576, 7.379, 20.324, 0, 0, -23.137, -23.42, -23.137, -23.42, 1, 83.335, 83.335, 0.024, 0.131, -27.86, -28.205, -27.86, -28.205, 7.08, 7.379, 20.324, , , 1, 20.701, 0, 0.005, 12.5, 4.373, 208, 0, 0, 0, 46.512, 0.566, 0.497, 131, 15.014, 100, 0, 0, 35, 35, 1.024, 0.583, 93.28, 0, 0, 96.28, 84.669, 0, 0, 0, 0, 0, 14, 0.005, 12.5, 0, 4.373, 208, 0, 0, 0, 46.512, 1, 0.001, 0.001, 131, 15.014, 100, 0, 0, 141, 35, 35, 1.024, 0.583, 0, 93.28, 0, 0, 96.28, 84.669, 0, 0, 0, 0, 
20.65, 18.48, 100.3, 74.298, 75.08, , -4.871, 0.988, 1809.256, 1809.256, 4.379, -112.771, -112.771, -112.771, 52.385, 16.068, 35.6, 36.72, 7.379, 21.333, 0, 0, -24.683, -24.987, -24.683, -24.987, 1, 83.097, 83.097, 0.024, 0.131, -29.783, -30.151, -29.783, -30.151, 7.131, 7.379, 21.333, , , 1, 20.751, 0, 0.001, 12.5, 4.379, 208, 0, 0, 0, 46.112, 0.124, 0.109, 131, 14.792, 100, 0, 0, 35, 35, 0.224, 0.557, 92.28, 0, 0, 95.28, 84.545, 0, 0, 0, 0, 0, 14, 0.001, 12.5, 0, 4.379, 208, 0, 0, 0, 46.112, 1, 0, 0, 131, 14.792, 100, 0, 0, 141, 35, 35, 0.224, 0.557, 0, 92.28, 0, 0, 95.28, 84.545, 0, 0, 0, 0, 
20.7, 18.48, 100.3, 74.3, 75.081, , -4.985, 0.988, 1815.401, 1815.401, 4.371, -115.485, -115.485, -115.485, 52.391, 25.829, 35.6, 36.864, 7.38, 21.857, 0, 0, -25.205, -25.516, -25.205, -25.516, 1, 82.847, 82.847, 0.024, 0.131, -30.498, -30.874, -30.498, -30.874, 7.185, 7.38, 21.857, , , 1, 20.8, 0, 0, 12.5, 4.371, 208, 0, 0, 0, 46, 0, 0, 131, 14.62, 100, 0, 0, 35, 35, 0, 0.55, 92, 0, 0, 95, 84.233, 0, 0, 0, 0, 0, 14, 0, 12.5, 0, 4.371, 208, 0, 0, 0, 46, 1, 0, 0, 131, 14.62, 100, 0, 0, 141, 35, 35, 0, 0.55, 0, 92, 0, 0, 95, 84.232, 0, 0, 0, 0, 
20.75, 18.48, 100.301, 74.3, 75.082, , -4.956, 0.988, 1821.423, 1821.423, 4.358, -114.798, -114.798, -114.798, 52.392, 25.869, 35.6, 37.008, 7.38, 22.341, 0, 0, -24.978, -25.288, -24.978, -25.288, 1, 82.6, 82.6, 0.024, 0.13, -30.316, -30.689, -30.316, -30.689, 7.241, 7.38, 22.341, , , 1, 20.851, 0, 0, 12.5, 4.358, 208, 0, 0, 0, 46, 0, 0, 131, 14.467, 100, 0, 0, 35, 35, 0, 0.55, 92, 0, 0, 95, 83.848, 0, 0, 0, 0, 0, 14, 0, 12.5, 0, 4.358, 208, 0, 0, 0, 46, 1, 0, 0, 131, 14.467, 100, 0, 0, 141, 35, 35, 0, 0.55, 0, 92, 0, 0, 95, 83.845, 0, 0, 0, 0, 
20.8, 18.48, 100.301, 74.3, 75.083, , -4.936, 0.988, 1827.568, 1827.568, 4.344, -114.347, -114.347, -114.347, 52.395, 26.578, 35.516, 36.76, 7.38, 22.366, 0, 0, -24.804, -25.11, -24.804, -25.11, 1, 82.349, 82.349, 0.024, 0.13, -30.195, -30.565, -30.195, -30.565, 7.297, 7.38, 22.366, , , 1, 20.901, 0, 0, 12.5, 4.344, 208, 0, 0, 0, 46, 0, 0, 131, 14.314, 100, 0, 0, 35, 35, 0, 0.55, 92, 0, 0, 95, 83.463, 0, 0, 0, 0, 0, 14, 0, 12.5, 0, 4.344, 208, 0, 0, 0, 46, 1, 0, 0, 131, 14.314, 100, 0, 0, 141, 35, 35, 0, 0.55, 0, 92, 0, 0, 95, 83.459, 0, 0, 0, 0, 
20.85, 18.48, 100.301, 74.3, 75.085, , -4.933, 0.988, 1833.634, 1833.634, 4.331, -114.27, -114.27, -114.27, 52.402, 39.542, 35.409, 36.402, 7.379, 22.39, 0, 0, -24.712, -25.017, -24.712, -25.017, 1, 82.102, 82.102, 0.024, 0.13, -30.171, -30.54, -30.171, -30.54, 7.353, 7.379, 22.39, , , 1, 20.951, 0, 0, 12.5, 4.331, 208, 0, 0, 0, 46, 0, 0, 131, 14.161, 100, 0, 0, 35, 35, 0, 0.55, 92, 0, 0, 95, 83.079, 0, 0, 0, 0, 0, 14, 0, 12.5, 0, 4.331, 208, 0, 0, 0, 46, 1, 0, 0, 131, 14.161, 100, 0, 0, 141, 35, 35, 0, 0.55, 0, 92, 0, 0, 95, 83.073, 0, 0, 0, 0, 
20.9, 18.48, 100.302, 74.3, 75.086, , -4.942, 0.988, 1839.622, 1839.622, 4.318, -114.49, -114.49, -114.49, 52.414, 60.686, 35.301, 36.043, 7.379, 22.39, 0, 0, -24.686, -24.991, -24.686, -24.991, 1, 81.852, 81.852, 0.024, 0.13, -30.223, -30.592, -30.223, -30.592, 7.395, 7.379, 22.39, , , 1, 21, 0, 0, 12.5, 4.318, 208, 0, 0, 0, 46, 0, 0, 131, 14.008, 100, 0, 0, 35, 35, 0, 0.55, 92, 0, 0, 95, 82.694, 0, 0, 0, 0, 0, 14, 0, 12.5, 0, 4.318, 208, 0, 0, 0, 46, 1, 0, 0, 131, 14.008, 100, 0, 0, 141, 35, 35, 0, 0.55, 0, 92, 0, 0, 95, 82.686, 0, 0, 0, 0, 
20.95, 18.48, 100.302, 74.3, 75.087, , -4.939, 0.988, 1845.729, 1845.729, 4.306, -114.442, -114.442, -114.442, 52.429, 67.987, 35.193, 35.685, 7.379, 22.39, 0, 0, -24.602, -24.903, -24.602, -24.903, 1, 81.604, 81.604, 0.024, 0.13, -30.202, -30.571, -30.202, -30.571, 7.416, 7.379, 22.39, , , 1, 21.05, 0, 0, 12.5, 4.306, 208, 0, 0, 0, 46, 0, 0, 131, 13.924, 100, 0, 0, 33.226, 33.226, 0, 0.55, 91.911, 0, 0, 94.911, 82.424, 0, 0, 0, 0, 0, 14, 0, 12.5, 0, 4.306, 208, 0, 0, 0, 46, 1, 0, 0, 131, 13.924, 100, 0, 0, 141, 33.226, 33.226, 0, 0.55, 0, 91.911, 0, 0, 94.911, 82.42, 0, 0, 0, 0, 
21, 18.48, 100.303, 74.3, 75.088, , -4.927, 0.988, 1851.716, 1851.716, 4.294, -114.163, -114.163, -114.163, 52.444, 67.224, 35.086, 35.326, 7.379, 22.39, 0, 0, -24.468, -24.766, -24.468, -24.766, 1, 81.357, 81.357, 0.024, 0.13, -30.12, -30.488, -30.12, -30.488, 7.437, 7.379, 22.39, , , 1, 21.101, 0, 0, 12.5, 4.294, 208, 0, 0, 0, 46, 0, 0, 131, 13.85, 100, 0, 0, 31.21, 31.21, 0, 0.55, 91.81, 0, 0, 94.81, 82.173, 0, 0, 0, 0, 0, 14, 0, 12.5, 0, 4.294, 208, 0, 0, 0, 46, 1, 0, 0, 131, 13.85, 100, 0, 0, 141, 31.21, 31.21, 0, 0.55, 0, 91.81, 0, 0, 94.81, 82.17, 0, 0, 0, 0, 
21.05, 18.48, 100.303, 74.3, 75.089, , -4.919, 0.988, 1857.703, 1857.703, 4.282, -113.964, -113.964, -113.964, 52.457, 66.462, 35.169, 35.021, 7.379, 22.39, 0, 0, -24.35, -24.647, -24.35, -24.647, 1, 81.104, 81.104, 0.024, 0.13, -30.059, -30.427, -30.059, -30.427, 7.459, 7.379, 22.39, , , 1, 21.151, 0, 0, 12.5, 4.282, 208, 0, 0, 0, 46, 0, 0, 131, 13.775, 100, 0, 0, 29.194, 29.194, 0, 0.55, 91.71, 0, 0, 94.71, 81.922, 0, 0, 0, 0, 0, 14, 0, 12.5, 0, 4.282, 208, 0, 0, 0, 46, 1, 0, 0, 131, 13.775, 100, 0, 0, 141, 29.194, 29.194, 0, 0.55, 0, 91.71, 0, 0, 94.71, 81.92, 0, 0, 0, 0, 
21.1, 18.48, 100.303, 74.3, 75.09, , -4.941, 0.988, 1863.691, 1863.691, 4.271, -114.506, -114.506, -114.506, 52.471, 65.699, 35.313, 34.733, 7.38, 22.39, 0, 0, -24.391, -24.69, -24.391, -24.69, 1, 80.858, 80.858, 0.024, 0.131, -30.192, -30.564, -30.192, -30.564, 7.477, 7.38, 22.39, , , 1, 21.2, 0, 0, 12.5, 4.271, 208, 0, 0, 0, 46, 0, 0, 131, 13.701, 100, 0, 0, 27.177, 27.177, 0, 0.55, 91.609, 0, 0, 94.609, 81.671, 0, 0, 0, 0, 0, 14, 0, 12.5, 0, 4.271, 208, 0, 0, 0, 46, 1, 0, 0, 131, 13.701, 100, 0, 0, 141, 27.177, 27.177, 0, 0.55, 0, 91.609, 0, 0, 94.609, 81.67, 0, 0, 0, 0, 
21.15, 18.48, 100.304, 74.3, 75.089, , -5.016, 0.988, 1869.677, 1869.677, 4.259, -116.285, -116.285, -116.285, 52.487, 64.936, 35.457, 34.445, 7.38, 22.39, 0, 0, -24.69, -24.992, -24.69, -24.992, 1, 80.609, 80.609, 0.024, 0.13, -30.652, -31.03, -30.652, -31.03, 7.471, 7.38, 22.39, , , 1, 21.251, 0, 0, 12.5, 4.259, 208, 0, 0, 0, 46, 0, 0, 131, 13.626, 100, 0, 0, 25.161, 25.161, 0, 0.55, 91.508, 0, 0, 94.508, 81.42, 0, 0, 0, 0, 0, 14, 0, 12.5, 0, 4.259, 208, 0, 0, 0, 46, 1, 0, 0, 131, 13.626, 100, 0, 0, 141, 25.161, 25.161, 0, 0.55, 0, 91.508, 0, 0, 94.508, 81.42, 0, 0, 0, 0, 
21.2, 18.48, 100.304, 74.3, 75.087, , -5.125, 0.988, 1875.589, 1875.589, 4.241, -118.883, -118.883, -118.883, 52.5, 64.173, 35.601, 34.157, 7.38, 22.39, 0, 0, -25.158, -25.467, -25.158, -25.467, 1, 80.352, 80.352, 0.024, 0.13, -31.328, -31.715, -31.328, -31.715, 7.465, 7.38, 22.39, , , 1, 21.301, 0, 0, 12.5, 4.241, 208, 0, 0, 0, 46, 0, 0, 131, 13.552, 100, 0, 0, 22.627, 22.627, 0, 0.55, 91.454, 0, 0, 94.454, 81.06, 0, 0, 0, 0, 0, 14, 0, 12.5, 0, 4.241, 208, 0, 0, 0, 46, 1, 0, 0, 131, 13.552, 100, 0, 0, 141, 22.627, 22.627, 0, 0.55, 0, 91.454, 0, 0, 94.454, 81.06, 0, 0, 0, 0, 
21.25, 18.48, 100.304, 74.3, 75.086, , -5.24, 0.988, 1881.532, 1881.532, 4.222, -121.617, -121.617, -121.617, 52.51, 61.454, 35.745, 33.869, 7.379, 22.39, 0, 0, -25.652, -25.968, -25.652, -25.968, 1, 80.091, 80.091, 0.024, 0.13, -32.04, -32.437, -32.04, -32.437, 7.459, 7.379, 22.39, , , 1, 21.351, 0, 0, 12.5, 4.222, 208, 0, 0, 0, 46, 0, 0, 131, 13.479, 100, 0, 0, 20.048, 20.048, 0, 0.55, 91.405, 0, 0, 94.405, 80.69, 0, 0, 0, 0, 0, 14, 0, 12.5, 0, 4.222, 208, 0, 0, 0, 46, 1, 0, 0, 131, 13.479, 100, 0, 0, 141, 20.048, 20.048, 0, 0.55, 0, 91.405, 0, 0, 94.405, 80.69, 0, 0, 0, 0, 
21.3, 18.48, 100.305, 74.3, 75.085, , -5.368, 0.988, 1887.399, 1887.399, 4.203, -124.672, -124.672, -124.672, 52.52, 55.256, 35.725, 34.322, 7.379, 22.39, 0, 0, -26.209, -26.533, -26.209, -26.533, 1, 79.827, 79.827, 0.024, 0.13, -32.84, -33.246, -32.84, -33.246, 7.453, 7.379, 22.39, , , 1, 21.4, 0, 0, 12.5, 4.203, 208, 0, 0, 0, 46, 0, 0, 131, 13.406, 100, 0, 0, 17.468, 17.468, 0, 0.55, 91.355, 0, 0, 94.355, 80.319, 0, 0, 0, 0, 0, 14, 0, 12.5, 0, 4.203, 208, 0, 0, 0, 46, 1, 0, 0, 131, 13.406, 100, 0, 0, 141, 17.468, 17.468, 0, 0.55, 0, 91.355, 0, 0, 94.355, 80.319, 0, 0, 0, 0, 
21.35, 18.48, 100.305, 74.3, 75.084, , -5.496, 0.988, 1892.343, 1892.343, 4.184, -127.7, -127.7, -127.7, 52.528, 49.447, 35.653, 35.009, 7.378, 22.39, 0, 0, -26.771, -27.101, -26.771, -27.101, 1, 79.655, 79.655, 0.024, 0.13, -33.635, -34.05, -33.635, -34.05, 7.448, 7.378, 22.39, , , 1, 21.45, 0, 0, 12.5, 4.184, 208, 0, 0, 0, 46, 0, 0, 131, 13.332, 100, 0, 0, 14.889, 14.889, 0, 0.55, 91.306, 0, 0, 94.306, 79.949, 0, 0, 0, 0, 0, 14, 0, 12.5, 0, 4.184, 208, 0, 0, 0, 46, 1, 0, 0, 131, 13.332, 100, 0, 0, 141, 14.889, 14.889, 0, 0.55, 0, 91.306, 0, 0, 94.306, 79.949, 0, 0, 0, 0, 
21.4, 18.48, 100.306, 74.3, 75.083, , -5.613, 0.988, 1896.838, 1896.838, 4.165, -130.483, -130.483, -130.483, 52.534, 49.733, 35.58, 35.695, 7.378, 22.39, 0, 0, -27.282, -27.618, -27.282, -27.618, 1, 79.385, 79.385, 0.024, 0.13, -34.365, -34.788, -34.365, -34.788, 7.443, 7.378, 22.39, , , 1, 21.5, 0, 0, 12.5, 4.165, 208, 0, 0, 0, 46, 0, 0, 131, 13.259, 100, 0, 0, 12.31, 12.31, 0, 0.55, 91.256, 0, 0, 94.256, 79.579, 0, 0, 0, 0, 0, 14, 0, 12.5, 0, 4.165, 208, 0, 0, 0, 46, 1, 0, 0, 131, 13.259, 100, 0, 0, 141, 12.31, 12.31, 0, 0.55, 0, 91.256, 0, 0, 94.256, 79.579, 0, 0, 0, 0, 
21.45, 18.48, 100.306, 74.3, 75.082, , -5.752, 0.988, 1902.676, 1902.676, 4.157, -133.792, -133.792, -133.792, 52.539, 50.019, 35.508, 36.382, 7.377, 22.39, 0, 0, -27.871, -28.216, -27.871, -28.216, 1, 79.1, 79.1, 0.024, 0.13, -35.234, -35.665, -35.234, -35.665, 7.438, 7.377, 22.39, , , 1, 21.551, 0, 0, 12.5, 4.157, 208, 0, 0, 0, 46, 0, 0, 131, 13.25, 100, 0, 0, 12, 12, 0, 0.55, 91.204, 0, 0, 94.204, 79.42, 0, 0, 0, 0, 0, 14, 0, 12.5, 0, 4.157, 208, 0, 0, 0, 46, 1, 0, 0, 131, 13.25, 100, 0, 0, 141, 12, 12, 0, 0.55, 0, 91.204, 0, 0, 94.204, 79.42, 0, 0, 0, 0, 
21.5, 18.48, 100.306, 74.3, 75.081, , -5.969, 0.988, 1908.512, 1908.512, 4.149, -138.957, -138.957, -138.957, 52.548, 50.305, 35.436, 37.069, 7.377, 22.39, 0, 0, -28.836, -29.19, -28.836, -29.19, 1, 78.805, 78.805, 0.024, 0.13, -36.587, -37.033, -36.587, -37.033, 7.433, 7.377, 22.39, , , 1, 21.601, 0, 0, 12.5, 4.149, 208, 0, 0, 0, 46, 0, 0, 131, 13.25, 100, 0, 0, 12, 12, 0, 0.55, 91.152, 0, 0, 94.152, 79.289, 0, 0, 0, 0, 0, 14, 0, 12.5, 0, 4.149, 208, 0, 0, 0, 46, 1, 0, 0, 131, 13.25, 100, 0, 0, 141, 12, 12, 0, 0.55, 0, 91.152, 0, 0, 94.152, 79.289, 0, 0, 0, 0, 
21.55, 18.48, 100.307, 74.3, 75.079, , -6.3, 0.988, 1914.349, 1914.349, 4.142, -146.822, -146.822, -146.822, 52.567, 50.591, 35.308, 37.052, 7.377, 22.39, 0, 0, -30.341, -30.715, -30.341, -30.715, 1, 78.495, 78.495, 0.024, 0.13, -38.642, -39.113, -38.642, -39.113, 7.42, 7.377, 22.39, , , 1, 21.652, 0, 0, 12.5, 4.142, 208, 0, 0, 0, 46, 0, 0, 131, 13.25, 100, 0, 0, 12, 12, 0, 0.55, 91.099, 0, 0, 94.099, 79.158, 0, 0, 0, 0, 0, 14, 0, 12.5, 0, 4.142, 208, 0, 0, 0, 46, 1, 0, 0, 131, 13.25, 100, 0, 0, 141, 12, 12, 0, 0.55, 0, 91.099, 0, 0, 94.099, 79.158, 0, 0, 0, 0, 
21.6, 18.48, 100.307, 74.3, 75.078, , -6.756, 0.988, 1920.111, 1920.111, 4.135, -157.634, -157.634, -157.634, 52.599, 50.877, 35.164, 36.836, 7.377, 22.39, 0, 0, -32.434, -32.833, -32.434, -32.833, 1, 78.169, 78.169, 0.024, 0.13, -41.457, -41.965, -41.457, -41.965, 7.404, 7.377, 22.39, , , 1, 21.701, 0, 0, 12.5, 4.135, 208, 0, 0, 0, 46, 0, 0, 131, 13.25, 100, 0, 0, 12, 12, 0, 0.55, 91.047, 0, 0, 94.047, 79.028, 0, 0, 0, 0, 0, 14, 0, 12.5, 0, 4.134, 208, 0, 0, 0, 46, 1, 0, 0, 131, 13.25, 100, 0, 0, 141, 12, 12, 0, 0.55, 0, 91.047, 0, 0, 94.047, 79.028, 0, 0, 0, 0, 
21.65, 18.48, 100.308, 74.3, 75.077, , -7.329, 0.988, 1925.908, 1925.908, 4.127, -171.253, -171.253, -171.253, 52.65, 51.163, 35.02, 36.62, 7.377, 22.39, 0, 0, -35.07, -35.502, -35.07, -35.502, 1, 77.812, 77.812, 0.024, 0.13, -44.991, -45.544, -44.991, -45.544, 7.387, 7.377, 22.39, , , 1, 21.751, 0, 0, 12.5, 4.127, 208, 0, 0, 0, 46, 0, 0, 131, 13.258, 100, 0, 0, 12, 12, 0, 0.55, 90.99, 0, 0, 93.99, 78.875, 0, 0, 0, 0, 0, 14, 0, 12.5, 0, 4.126, 208, 0, 0, 0, 46, 1, 0, 0, 131, 13.258, 100, 0, 0, 141, 12, 12, 0, 0.55, 0, 90.99, 0, 0, 93.99, 78.875, 0, 0, 0, 0, 
21.7, 18.48, 100.308, 74.3, 75.076, , -8.004, 0.988, 1931.614, 1931.614, 4.112, -187.276, -187.276, -187.276, 52.719, 51.449, 34.876, 36.404, 7.377, 22.39, 0, 0, -38.154, -38.625, -38.154, -38.625, 1, 77.422, 77.422, 0.024, 0.13, -49.128, -49.733, -49.128, -49.733, 7.371, 7.377, 22.39, , , 1, 21.801, 0, 0, 12.5, 4.112, 208, 0, 0, 0, 46, 0, 0, 131, 13.329, 100, 0, 0, 12, 12, 0, 0.55, 90.895, 0, 0, 93.895, 78.52, 0, 0, 0, 0, 0, 14, 0, 12.5, 0, 4.112, 208, 0, 0, 0, 46, 1, 0, 0, 131, 13.329, 100, 0, 0, 141, 12, 12, 0, 0.55, 0, 90.895, 0, 0, 93.895, 78.52, 0, 0, 0, 0, 
21.75, 18.48, 100.308, 74.3, 75.075, , -8.708, 0.988, 1937.31, 1937.31, 4.097, -203.97, -203.97, -203.97, 52.787, 51.735, 34.732, 36.188, 7.377, 22.39, 0, 0, -41.328, -41.837, -41.328, -41.837, 1, 77, 77, 0.024, 0.13, -53.441, -54.1, -53.441, -54.1, 7.357, 7.377, 22.39, , , 1, 21.851, 0, 0, 12.5, 4.097, 208, 0, 0, 0, 46, 0, 0, 131, 13.4, 100, 0, 0, 12, 12, 0, 0.55, 90.799, 0, 0, 93.799, 78.165, 0, 0, 0, 0, 0, 14, 0, 12.5, 0, 4.097, 208, 0, 0, 0, 46, 1, 0, 0, 131, 13.4, 100, 0, 0, 141, 12, 12, 0, 0.55, 0, 90.799, 0, 0, 93.799, 78.165, 0, 0, 0, 0, 
21.8, 18.48, 100.309, 74.3, 75.074, , -9.315, 0.988, 1943.006, 1943.006, 4.083, -218.392, -218.392, -218.392, 52.844, 52.022, 34.917, 36.059, 7.377, 22.39, 0, 0, -43.997, -44.537, -43.997, -44.537, 1, 76.543, 76.543, 0.024, 0.13, -57.166, -57.871, -57.166, -57.871, 7.346, 7.377, 22.39, , , 1, 21.9, 0, 0, 12.5, 4.083, 208, 0, 0, 0, 46, 0, 0, 131, 13.47, 100, 0, 0, 12, 12, 0, 0.55, 90.703, 0, 0, 93.703, 77.81, 0, 0, 0, 0, 0, 14, 0, 12.5, 0, 4.083, 208, 0, 0, 0, 46, 1, 0, 0, 131, 13.47, 100, 0, 0, 141, 12, 12, 0, 0.55, 0, 90.703, 0, 0, 93.703, 77.81, 0, 0, 0, 0, 
21.85, 18.48, 100.309, 74.3, 75.073, , -9.777, 0.988, 1948.7, 1948.7, 4.068, -229.356, -229.356, -229.356, 52.883, 52.308, 35.195, 35.954, 7.378, 22.39, 0, 0, -45.928, -46.492, -45.928, -46.492, 1, 76.057, 76.057, 0.024, 0.13, -59.996, -60.736, -59.996, -60.736, 7.335, 7.378, 22.39, , , 1, 21.951, 0, 0, 12.5, 4.068, 208, 0, 0, 0, 46, 0, 0, 131, 13.541, 100, 0, 0, 12, 12, 0, 0.55, 90.607, 0, 0, 93.607, 77.455, 0, 0, 0, 0, 0, 14, 0, 12.5, 0, 4.068, 208, 0, 0, 0, 46, 1, 0, 0, 131, 13.541, 100, 0, 0, 141, 12, 12, 0, 0.55, 0, 90.607, 0, 0, 93.607, 77.455, 0, 0, 0, 0, 
21.9, 18.48, 100.309, 74.3, 75.071, , -10.037, 0.988, 1954.284, 1954.284, 4.054, -235.55, -235.55, -235.55, 52.902, 52.594, 35.473, 35.85, 7.379, 22.39, 0, 0, -46.878, -47.454, -46.878, -47.454, 1, 75.555, 75.555, 0.024, 0.129, -61.597, -62.355, -61.597, -62.355, 7.324, 7.379, 22.39, , , 1, 22.001, 0, 0, 12.5, 4.054, 208, 0, 0, 0, 46, 0, 0, 131, 13.612, 100, 0, 0, 12, 12, 0, 0.55, 90.511, 0, 0, 93.511, 77.1, 0, 0, 0, 0, 0, 14, 0, 12.5, 0, 4.054, 208, 0, 0, 0, 46, 1, 0, 0, 131, 13.612, 100, 0, 0, 141, 12, 12, 0, 0.55, 0, 90.511, 0, 0, 93.511, 77.1, 0, 0, 0, 0, 
21.95, 18.48, 100.31, 74.3, 75.07, , -10.047, 0.988, 1959.956, 1959.956, 4.028, -235.805, -235.805, -235.805, 52.899, 52.88, 35.751, 35.746, 7.381, 22.39, 0, 0, -46.622, -47.196, -46.622, -47.196, 1, 75.044, 75.044, 0.024, 0.129, -61.673, -62.432, -61.673, -62.432, 7.307, 7.381, 22.39, , , 1, 22.051, 0, 0, 12.5, 4.028, 208, 0, 0, 0, 46, 0, 0, 131, 13.559, 100, 0, 0, 12, 12, 0, 0.55, 90.336, 0, 0, 93.418, 76.549, 0, 0, 0, 0, 0, 14, 0, 12.5, 0, 4.028, 208, 0, 0, 0, 46, 1, 0, 0, 131, 13.559, 100, 0, 0, 141, 12, 12, 0, 0.55, 0, 90.336, 0, 0, 93.418, 76.549, 0, 0, 0, 0, 
22, 18.48, 100.31, 74.3, 75.069, , -9.917, 0.988, 1965.515, 1965.515, 4, -232.733, -232.733, -232.733, 52.891, 53.166, 36.029, 35.642, 7.382, 22.39, 0, 0, -45.711, -46.274, -45.711, -46.274, 1, 74.536, 74.536, 0.024, 0.129, -60.88, -61.629, -60.88, -61.629, 7.276, 7.382, 22.39, , , 1, 22.101, 0, 0, 12.5, 4, 208, 0, 0, 0, 46, 0, 0, 131, 13.49, 100, 0, 0, 12, 12, 0, 0.55, 90.149, 0, 0, 93.325, 75.967, 0, 0, 0, 0, 0, 14, 0, 12.5, 0, 4, 208, 0, 0, 0, 46, 1, 0, 0, 131, 13.49, 100, 0, 0, 141, 12, 12, 0, 0.55, 0, 90.149, 0, 0, 93.325, 75.967, 0, 0, 0, 0, 
22.05, 18.48, 100.309, 74.3, 75.068, , -9.743, 0.988, 1971.012, 1971.012, 3.973, -228.623, -228.623, -228.623, 52.881, 53.452, 35.938, 35.533, 7.384, 22.39, 0, 0, -44.605, -45.155, -44.605, -45.155, 1, 74.043, 74.043, 0.024, 0.129, -59.814, -60.551, -59.814, -60.551, 7.244, 7.384, 22.39, , , 1, 22.15, 0, 0, 12.5, 3.973, 208, 0, 0, 0, 46, 0, 0, 131, 13.421, 100, 0, 0, 12, 12, 0, 0.55, 89.963, 0, 0, 93.231, 75.384, 0, 0, 0, 0, 0, 14, 0, 12.5, 0, 3.973, 208, 0, 0, 0, 46, 1, 0, 0, 131, 13.421, 100, 0, 0, 141, 12, 12, 0, 0.55, 0, 89.963, 0, 0, 93.231, 75.384, 0, 0, 0, 0, 
22.1, 18.48, 100.309, 74.3, 75.067, , -9.577, 0.988, 1976.523, 1976.523, 3.946, -224.696, -224.696, -224.696, 52.875, 53.738, 35.602, 35.421, 7.384, 22.39, 0, 0, -43.548, -44.085, -43.548, -44.085, 1, 73.551, 73.551, 0.024, 0.129, -58.795, -59.52, -58.795, -59.52, 7.213, 7.384, 22.39, , , 1, 22.201, 0, 0, 12.5, 3.946, 208, 0, 0, 0, 46, 0, 0, 131, 13.352, 100, 0, 0, 12, 12, 0, 0.55, 89.776, 0, 0, 93.138, 74.802, 0, 0, 0, 0, 0, 14, 0, 12.5, 0, 3.946, 208, 0, 0, 0, 46, 1, 0, 0, 131, 13.352, 100, 0, 0, 141, 12, 12, 0, 0.55, 0, 89.776, 0, 0, 93.138, 74.802, 0, 0, 0, 0, 
22.15, 18.48, 100.309, 74.3, 75.066, , -9.449, 0.988, 1981.982, 1981.982, 3.918, -221.668, -221.668, -221.668, 52.867, 54.024, 35.266, 35.309, 7.384, 22.39, 0, 0, -42.67, -43.194, -42.67, -43.194, 1, 73.071, 73.071, 0.024, 0.129, -58.01, -58.726, -58.01, -58.726, 7.181, 7.384, 22.39, , , 1, 22.251, 0, 0, 12.5, 3.918, 208, 0, 0, 0, 46, 0, 0, 131, 13.283, 100, 0, 0, 12, 12, 0, 0.55, 89.59, 0, 0, 93.045, 74.22, 0, 0, 0, 0, 0, 14, 0, 12.5, 0, 3.918, 208, 0, 0, 0, 46, 1, 0, 0, 131, 13.283, 100, 0, 0, 141, 12, 12, 0, 0.55, 0, 89.59, 0, 0, 93.045, 74.22, 0, 0, 0, 0, 
22.2, 18.48, 100.308, 74.3, 75.065, , -9.385, 0.988, 1987.303, 1987.303, 3.892, -220.171, -220.171, -220.171, 52.862, 54.31, 34.93, 35.197, 7.383, 22.39, 0, 0, -42.106, -42.622, -42.106, -42.622, 1, 72.591, 72.591, 0.024, 0.129, -57.623, -58.334, -57.623, -58.334, 7.115, 7.383, 22.39, , , 1, 22.3, 0, 0, 12.5, 3.892, 208, 0, 0, 0, 46, 0, 0, 131.187, 13.288, 100, 0, 0, 12, 12, 0, 0.55, 89.396, 0, 0, 92.948, 73.682, 0, 0, 0, 0, 0, 14, 0, 12.5, 0, 3.892, 208, 0, 0, 0, 46, 1, 0, 0, 131.187, 13.289, 100, 0, 0, 141, 12, 12, 0, 0.55, 0, 89.396, 0, 0, 92.948, 73.682, 0, 0, 0, 0, 
22.25, 18.48, 100.308, 74.3, 75.063, , -9.245, 0.988, 1992.711, 1992.711, 3.867, -216.861, -216.861, -216.861, 52.857, 54.596, 34.594, 35.085, 7.381, 22.39, 0, 0, -41.207, -41.713, -41.207, -41.713, 1, 72.121, 72.121, 0.024, 0.129, -56.762, -57.463, -56.762, -57.463, 7.05, 7.381, 22.39, , , 1, 22.35, 0, 0, 12.5, 3.867, 208, 0, 0, 0, 46, 0, 0, 131.547, 13.362, 100, 0, 0, 12, 12, 0, 0.55, 89.196, 0, 0, 92.848, 73.186, 0, 0, 0, 0, 0, 14, 0, 12.5, 0, 3.867, 208, 0, 0, 0, 46, 1, 0, 0, 131.547, 13.363, 100, 0, 0, 141, 12, 12, 0, 0.55, 0, 89.196, 0, 0, 92.848, 73.186, 0, 0, 0, 0, 
22.3, 18.48, 100.308, 74.3, 75.062, , -9.047, 0.988, 1998.055, 1998.055, 3.842, -212.167, -212.167, -212.167, 52.846, 54.882, 34.352, 35.116, 7.38, 22.39, 0, 0, -40.064, -40.556, -40.064, -40.556, 1, 71.652, 71.652, 0.024, 0.129, -55.546, -56.232, -55.546, -56.232, 6.984, 7.38, 22.39, , , 1, 22.401, 0, 0, 12.5, 3.842, 208, 0, 0, 0, 46, 0, 0, 131.907, 13.436, 100, 0, 0, 12, 12, 0, 0.55, 88.996, 0, 0, 92.748, 72.69, 0, 0, 0, 0, 0, 14, 0, 12.5, 0, 3.842, 208, 0, 0, 0, 46, 1, 0, 0, 131.907, 13.437, 100, 0, 0, 141, 12, 12, 0, 0.55, 0, 88.996, 0, 0, 92.748, 72.69, 0, 0, 0, 0, 
22.35, 18.48, 100.307, 74.3, 75.061, , -8.824, 0.988, 2003.379, 2003.379, 3.817, -206.898, -206.898, -206.898, 52.825, 55.168, 34.136, 35.188, 7.378, 22.39, 0, 0, -38.826, -39.303, -38.826, -39.303, 1, 71.197, 71.197, 0.024, 0.129, -54.186, -54.855, -54.186, -54.855, 6.918, 7.378, 22.39, , , 1, 22.451, 0, 0, 12.5, 3.817, 208, 0, 0, 0, 46, 0, 0, 132.267, 13.51, 100, 0, 0, 12, 12, 0, 0.55, 88.796, 0, 0, 92.648, 72.194, 0, 0, 0, 0, 0, 14, 0, 12.5, 0, 3.817, 208, 0, 0, 0, 46, 1, 0, 0, 132.267, 13.512, 100, 0, 0, 141, 12, 12, 0, 0.55, 0, 88.796, 0, 0, 92.648, 72.194, 0, 0, 0, 0, 
22.4, 18.48, 100.307, 74.3, 75.06, , -8.63, 0.988, 2008.631, 2008.631, 3.792, -202.307, -202.307, -202.307, 52.797, 55.454, 33.92, 35.26, 7.378, 22.39, 0, 0, -37.726, -38.19, -37.726, -38.19, 1, 70.761, 70.761, 0.024, 0.13, -53.012, -53.666, -53.012, -53.666, 6.861, 7.378, 22.39, , , 1, 22.5, 0, 0, 12.5, 3.792, 208, 0, 0, 0, 46, 0, 0, 132.627, 13.584, 100, 0, 0, 12, 12, 0, 0.55, 88.596, 0, 0, 92.548, 71.698, 0, 0, 0, 0, 0, 14, 0, 12.5, 0, 3.792, 208, 0, 0, 0, 46, 1, 0, 0, 132.627, 13.586, 100, 0, 0, 141, 12, 12, 0, 0.55, 0, 88.596, 0, 0, 92.548, 71.698, 0, 0, 0, 0, 
22.45, 18.48, 100.306, 74.3, 75.061, , -8.472, 0.988, 2013.86, 2013.86, 3.767, -198.572, -198.572, -198.572, 52.765, 55.74, 33.704, 35.332, 7.377, 22.39, 0, 0, -36.792, -37.245, -36.792, -37.245, 1, 70.325, 70.325, 0.024, 0.13, -52.067, -52.708, -52.067, -52.708, 6.803, 7.377, 22.39, , , 1, 22.551, 0, 0, 12.5, 3.767, 208, 0, 0, 0, 46, 0, 0, 132.8, 13.66, 100, 0, 0, 12, 12, 0, 0.55, 88.393, 0, 0, 92.446, 71.259, 0, 0, 0, 0, 0, 14, 0, 12.5, 0, 3.767, 208, 0, 0, 0, 46, 1, 0, 0, 132.8, 13.661, 100, 0, 0, 141, 12, 12, 0, 0.55, 0, 88.393, 0, 0, 92.446, 71.259, 0, 0, 0, 0, 
22.5, 18.48, 100.306, 74.3, 75.062, , -8.415, 0.988, 2019.139, 2019.139, 3.742, -197.235, -197.235, -197.235, 52.738, 56.026, 33.488, 35.404, 7.377, 22.39, 0, 0, -36.313, -36.759, -36.313, -36.759, 1, 69.9, 69.9, 0.024, 0.13, -51.743, -52.38, -51.743, -52.38, 6.746, 7.377, 22.39, , , 1, 22.601, 0, 0, 12.5, 3.742, 208, 0, 0, 0, 46, 0, 0, 132.8, 13.736, 100, 0, 0, 12, 12, 0, 0.55, 88.186, 0, 0, 92.343, 70.873, 0, 0, 0, 0, 0, 14, 0, 12.5, 0, 3.742, 208, 0, 0, 0, 46, 1, 0, 0, 132.8, 13.737, 100, 0, 0, 141, 12, 12, 0, 0.55, 0, 88.186, 0, 0, 92.343, 70.873, 0, 0, 0, 0, 
22.55, 18.48, 100.306, 74.3, 75.063, , -8.446, 0.988, 2024.242, 2024.242, 3.717, -197.984, -197.984, -197.984, 52.723, 56.312, 33.748, 35.42, 7.377, 22.39, 0, 0, -36.225, -36.67, -36.225, -36.67, 1, 69.472, 69.472, 0.024, 0.13, -51.956, -52.596, -51.956, -52.596, 6.689, 7.377, 22.39, , , 1, 22.652, 0, 0, 12.5, 3.717, 208, 0, 0, 0, 46, 0, 0, 132.8, 13.813, 100, 0, 0, 12, 12, 0, 0.55, 87.979, 0, 0, 92.24, 70.486, 0, 0, 0, 0, 0, 14, 0, 12.5, 0, 3.717, 208, 0, 0, 0, 46, 1, 0, 0, 132.8, 13.813, 100, 0, 0, 141, 12, 12, 0, 0.55, 0, 87.979, 0, 0, 92.24, 70.486, 0, 0, 0, 0, 
22.6, 18.48, 100.305, 74.3, 75.065, , -8.519, 0.988, 2029.419, 2029.419, 3.692, -199.72, -199.72, -199.72, 52.72, 56.598, 34.142, 35.42, 7.377, 22.39, 0, 0, -36.317, -36.764, -36.317, -36.764, 1, 69.043, 69.043, 0.024, 0.13, -52.413, -53.059, -52.413, -53.059, 6.624, 7.377, 22.39, , , 1, 22.701, 0, 0, 12.5, 3.692, 208, 0, 0, 0, 46, 0, 0, 132.8, 13.889, 100, 0, 0, 12, 12, 0, 0.55, 87.773, 0, 0, 92.136, 70.1, 0, 0, 0, 0, 0, 14, 0, 12.5, 0, 3.692, 208, 0, 0, 0, 46, 1, 0, 0, 132.8, 13.89, 100, 0, 0, 141, 12, 12, 0, 0.55, 0, 87.773, 0, 0, 92.136, 70.1, 0, 0, 0, 0, 
22.65, 18.48, 100.305, 74.3, 75.066, , -8.571, 0.988, 2034.512, 2034.512, 3.667, -200.949, -200.949, -200.949, 52.731, 56.884, 34.536, 35.42, 7.378, 22.39, 0, 0, -36.316, -36.762, -36.316, -36.762, 1, 68.606, 68.606, 0.024, 0.13, -52.726, -53.377, -52.726, -53.377, 6.56, 7.378, 22.39, , , 1, 22.751, 0, 0, 12.5, 3.667, 208, 0, 0, 0, 46, 0, 0, 132.8, 13.966, 100, 0, 0, 12, 12, 0, 0.55, 87.566, 0, 0, 92.033, 69.714, 0, 0, 0, 0, 0, 14, 0, 12.5, 0, 3.667, 208, 0, 0, 0, 46, 1, 0, 0, 132.8, 13.966, 100, 0, 0, 141, 12, 12, 0, 0.55, 0, 87.566, 0, 0, 92.033, 69.714, 0, 0, 0, 0, 
22.7, 18.48, 100.304, 74.3, 75.067, , -8.591, 0.988, 2039.648, 2039.648, 3.645, -201.455, -201.455, -201.455, 52.753, 57.17, 34.931, 35.42, 7.378, 22.39, 0, 0, -36.177, -36.621, -36.177, -36.621, 1, 68.169, 68.169, 0.024, 0.13, -52.837, -53.49, -52.837, -53.49, 6.495, 7.378, 22.39, , , 1, 22.801, 0, 0, 12.5, 3.645, 208, 0, 0, 0, 46, 0, 0, 132.8, 14.042, 100, 0, 0, 12, 12, 0, 0.55, 87.359, 0, 0, 91.859, 69.328, 0, 0, 0, 0, 0, 14, 0, 12.5, 0, 3.645, 208, 0, 0, 0, 46, 1, 0, 0, 132.8, 14.042, 100, 0, 0, 141, 12, 12, 0, 0.55, 0, 87.359, 0, 0, 91.859, 69.328, 0, 0, 0, 0, 
22.75, 18.48, 100.304, 74.3, 75.068, , -8.574, 0.988, 2044.648, 2044.648, 3.624, -201.054, -201.054, -201.054, 52.78, 57.456, 35.325, 35.42, 7.379, 22.39, 0, 0, -35.878, -36.318, -35.878, -36.318, 1, 67.739, 67.739, 0.024, 0.13, -52.703, -53.354, -52.703, -53.354, 6.431, 7.379, 22.39, , , 1, 22.852, 0, 0, 12.5, 3.624, 208, 0, 0, 0, 46, 0, 0, 132.8, 14.119, 100, 0, 0, 12, 12, 0, 0.55, 87.151, 0, 0, 91.651, 68.942, 0, 0, 0, 0, 0, 14, 0, 12.5, 0, 3.624, 208, 0, 0, 0, 46, 1, 0, 0, 132.8, 14.119, 100, 0, 0, 141, 12, 12, 0, 0.55, 0, 87.151, 0, 0, 91.651, 68.942, 0, 0, 0, 0, 
22.8, 18.48, 100.304, 74.3, 75.069, , -8.566, 0.988, 2049.682, 2049.682, 3.603, -200.871, -200.871, -200.871, 52.812, 57.742, 35.42, 35.667, 7.38, 22.39, 0, 0, -35.613, -36.05, -35.613, -36.05, 1, 67.3, 67.3, 0.024, 0.13, -52.623, -53.273, -52.623, -53.273, 6.383, 7.38, 22.39, , , 1, 22.901, 0, 0, 12.5, 3.603, 208, 0, 0, 0, 46, 0, 0, 132.8, 14.196, 100, 0, 0, 12, 12, 0, 0.55, 86.944, 0, 0, 91.444, 68.556, 0, 0, 0, 0, 0, 14, 0, 12.5, 0, 3.603, 208, 0, 0, 0, 46, 1, 0, 0, 132.8, 14.196, 100, 0, 0, 141, 12, 12, 0, 0.55, 0, 86.944, 0, 0, 91.444, 68.556, 0, 0, 0, 0, 
22.85, 18.48, 100.303, 74.3, 75.07, , -8.573, 0.988, 2054.651, 2054.651, 3.582, -201.047, -201.047, -201.047, 52.846, 58.028, 35.42, 35.993, 7.382, 22.39, 0, 0, -35.414, -35.847, -35.414, -35.847, 1, 66.867, 66.867, 0.024, 0.13, -52.635, -53.285, -52.635, -53.285, 6.335, 7.382, 22.39, , , 1, 22.951, 0, 0, 12.5, 3.582, 208, 0, 0, 0, 46, 0, 0, 132.8, 14.272, 100, 0, 0, 12, 12, 0, 0.55, 86.737, 0, 0, 91.237, 68.17, 0, 0, 0, 0, 0, 14, 0, 12.5, 0, 3.582, 208, 0, 0, 0, 46, 1, 0, 0, 132.8, 14.272, 100, 0, 0, 141, 12, 12, 0, 0.55, 0, 86.737, 0, 0, 91.237, 68.17, 0, 0, 0, 0, 
22.9, 18.48, 100.303, 74.3, 75.071, , -8.578, 0.988, 2059.62, 2059.62, 3.561, -201.187, -201.187, -201.187, 52.882, 58.314, 35.42, 36.318, 7.382, 22.39, 0, 0, -35.208, -35.639, -35.208, -35.639, 1, 66.44, 66.44, 0.024, 0.13, -52.634, -53.284, -52.634, -53.284, 6.288, 7.382, 22.39, , , 1, 23.001, 0, 0, 12.5, 3.561, 208, 0, 0, 0, 46, 0, 0, 132.8, 14.349, 100, 0, 0, 12, 12, 0, 0.55, 86.529, 0, 0, 91.029, 67.784, 0, 0, 0, 0, 0, 14, 0, 12.5, 0, 3.561, 208, 0, 0, 0, 46, 1, 0, 0, 132.8, 14.349, 100, 0, 0, 141, 12, 12, 0, 0.55, 0, 86.529, 0, 0, 91.029, 67.784, 0, 0, 0, 0, 
22.95, 18.48, 100.303, 74.3, 75.073, , -8.58, 0.988, 2063.197, 2063.197, 3.541, -201.242, -201.242, -201.242, 52.903, 58.6, 35.42, 36.643, 7.382, 22.39, 0, 0, -35.051, -35.481, -35.051, -35.481, 1, 66.209, 66.209, 0.024, 0.13, -52.619, -53.269, -52.619, -53.269, 6.24, 7.382, 22.39, , , 1, 23.051, 0, 0, 12.517, 3.541, 208.333, 0, 0, 0, 46, 0, 0, 132.8, 14.422, 100, 0, 0, 12, 12, 0, 0.55, 86.333, 0, 0, 90.917, 67.315, 0, 0, 0, 0, 0, 14, 0, 12.517, 0, 3.541, 208.333, 0, 0, 0, 46, 1, 0, 0, 132.8, 14.422, 100, 0, 0, 141, 12, 12, 0, 0.55, 0, 86.333, 0, 0, 90.917, 67.315, 0, 0, 0, 0, 
23, 18.48, 100.302, 74.3, 75.074, , -8.6, 0.988, 2067.157, 2067.157, 3.521, -201.727, -201.727, -201.727, 52.942, 58.886, 35.42, 36.968, 7.382, 22.39, 0, 0, -34.948, -35.378, -34.948, -35.378, 1, 65.769, 65.769, 0.024, 0.13, -52.716, -53.367, -52.716, -53.367, 6.197, 7.382, 22.39, , , 1, 23.1, 0, 0, 12.536, 3.521, 208.721, 0, 0, 0, 46, 0, 0, 132.8, 14.493, 100, 0, 0, 12, 12, 0, 0.55, 86.14, 0, 0, 90.82, 66.832, 0, 0, 0, 0, 0, 14, 0, 12.536, 0, 3.521, 208.721, 0, 0, 0, 46, 1, 0, 0, 132.8, 14.494, 100, 0, 0, 141, 12, 12, 0, 0.55, 0, 86.14, 0, 0, 90.82, 66.832, 0, 0, 0, 0, 
23.05, 18.48, 100.302, 74.3, 75.075, , -8.62, 0.988, 2072.022, 2072.022, 3.501, -202.199, -202.199, -202.199, 52.972, 59.173, 35.532, 36.788, 7.382, 22.39, 0, 0, -34.798, -35.226, -34.798, -35.226, 1, 65.333, 65.333, 0.024, 0.13, -52.808, -53.46, -52.808, -53.46, 6.156, 7.382, 22.39, , , 1, 23.15, 0, 0, 12.555, 3.501, 209.109, 0, 0, 0, 46, 0, 0, 132.8, 14.565, 100, 0, 0, 12, 12, 0, 0.55, 85.946, 0, 0, 90.723, 66.35, 0, 0, 0, 0, 0, 14, 0, 12.555, 0, 3.501, 209.109, 0, 0, 0, 46, 1, 0, 0, 132.8, 14.566, 100, 0, 0, 141, 12, 12, 0, 0.55, 0, 85.946, 0, 0, 90.723, 66.35, 0, 0, 0, 0, 
23.1, 18.48, 100.301, 74.3, 75.076, , -8.619, 0.988, 2076.817, 2076.817, 3.481, -202.189, -202.189, -202.189, 52.996, 59.459, 35.675, 36.466, 7.381, 22.39, 0, 0, -34.565, -34.992, -34.565, -34.992, 1, 64.895, 64.895, 0.024, 0.13, -52.783, -53.433, -52.783, -53.433, 6.115, 7.381, 22.39, , , 1, 23.201, 0, 0, 12.575, 3.481, 209.496, 0, 0, 0, 46, 0, 0, 132.8, 14.637, 100, 0, 0, 12, 12, 0, 0.55, 85.752, 0, 0, 90.626, 65.867, 0, 0, 0, 0, 0, 14, 0, 12.575, 0, 3.481, 209.496, 0, 0, 0, 46, 1, 0, 0, 132.8, 14.638, 100, 0, 0, 141, 12, 12, 0, 0.55, 0, 85.752, 0, 0, 90.626, 65.867, 0, 0, 0, 0, 
23.15, 18.48, 100.301, 74.3, 75.077, , -8.625, 0.988, 2081.654, 2081.654, 3.461, -202.34, -202.34, -202.34, 53.012, 59.745, 35.819, 36.143, 7.38, 22.39, 0, 0, -34.358, -34.782, -34.358, -34.782, 1, 64.462, 64.462, 0.024, 0.13, -52.806, -53.456, -52.806, -53.456, 6.074, 7.38, 22.39, , , 1, 23.251, 0, 0, 12.594, 3.461, 209.884, 0, 0, 0, 46, 0, 0, 132.8, 14.708, 100, 0, 0, 12, 12, 0, 0.55, 85.558, 0, 0, 90.529, 65.385, 0, 0, 0, 0, 0, 14, 0, 12.594, 0, 3.461, 209.884, 0, 0, 0, 46, 1, 0, 0, 132.8, 14.71, 100, 0, 0, 141, 12, 12, 0, 0.55, 0, 85.558, 0, 0, 90.529, 65.385, 0, 0, 0, 0, 
23.2, 18.48, 100.301, 74.3, 75.078, , -8.638, 0.988, 2086.442, 2086.442, 3.431, -202.668, -202.668, -202.668, 53.021, 60.031, 35.962, 35.82, 7.379, 22.39, 0, 0, -34.18, -34.601, -34.18, -34.601, 1, 64.025, 64.025, 0.024, 0.129, -52.884, -53.534, -52.884, -53.534, 6.028, 7.379, 22.39, , , 1, 23.3, 0, 0, 12.62, 3.431, 209.731, 0, 0, 0, 46, 0, 0, 132.8, 14.929, 100, 0, 0, 12, 12, 0, 0.55, 85.264, 0, 0, 90.231, 64.864, 0, 0, 0, 0, 0, 14, 0, 12.62, 0, 3.431, 209.731, 0, 0, 0, 46, 1, 0, 0, 132.8, 14.934, 100, 0, 0, 141, 12, 12, 0, 0.55, 0, 85.264, 0, 0, 90.231, 64.864, 0, 0, 0, 0, 
23.25, 18.48, 100.3, 74.3, 75.079, , -8.643, 0.988, 2091.133, 2091.133, 3.398, -202.803, -202.803, -202.803, 53.024, 60.317, 36.106, 35.497, 7.378, 22.39, 0, 0, -33.97, -34.389, -33.97, -34.389, 1, 63.584, 63.584, 0.024, 0.129, -52.916, -53.566, -52.916, -53.566, 5.981, 7.378, 22.39, , , 1, 23.35, 0, 0, 12.649, 3.398, 209.346, 0, 0, 0, 46, 0, 0, 132.8, 15.214, 100, 0, 0, 12, 12, 0, 0.55, 84.928, 0, 0, 89.846, 64.328, 0, 0, 0, 0, 0, 14, 0, 12.649, 0, 3.398, 209.346, 0, 0, 0, 46, 1, 0, 0, 132.8, 15.218, 100, 0, 0, 141, 12, 12, 0, 0.55, 0, 84.928, 0, 0, 89.846, 64.328, 0, 0, 0, 0, 
23.3, 18.48, 100.3, 74.3, 75.081, , -8.641, 0.988, 2095.878, 2095.878, 3.364, -202.764, -202.764, -202.764, 53.022, 60.603, 35.893, 35.53, 7.378, 22.39, 0, 0, -33.728, -34.144, -33.728, -34.144, 1, 63.143, 63.143, 0.024, 0.129, -52.909, -53.559, -52.909, -53.559, 5.933, 7.378, 22.39, , , 1, 23.401, 0, 0, 12.678, 3.364, 208.962, 0, 0, 0, 46, 0, 0, 132.8, 15.499, 100, 0, 0, 12, 12, 0, 0.55, 84.591, 0, 0, 89.462, 63.791, 0, 0, 0, 0, 0, 14, 0, 12.678, 0, 3.364, 208.962, 0, 0, 0, 46, 1, 0, 0, 132.8, 15.502, 100, 0, 0, 141, 12, 12, 0, 0.55, 0, 84.591, 0, 0, 89.462, 63.791, 0, 0, 0, 0, 
23.35, 18.48, 100.3, 74.3, 75.082, , -8.657, 0.988, 2100.568, 2100.568, 3.33, -203.137, -203.137, -203.137, 53.014, 60.889, 35.567, 35.674, 7.377, 22.39, 0, 0, -33.553, -33.968, -33.553, -33.968, 1, 62.709, 62.709, 0.024, 0.129, -53.015, -53.666, -53.015, -53.666, 5.885, 7.377, 22.39, , , 1, 23.451, 0, 0, 12.707, 3.33, 208.577, 0, 0, 0, 46, 0, 0, 132.8, 15.784, 100, 0, 0, 12, 12, 0, 0.55, 84.255, 0, 0, 89.077, 63.255, 0, 0, 0, 0, 0, 14, 0, 12.707, 0, 3.33, 208.577, 0, 0, 0, 46, 1, 0, 0, 132.8, 15.785, 100, 0, 0, 141, 12, 12, 0, 0.55, 0, 84.255, 0, 0, 89.077, 63.255, 0, 0, 0, 0, 
23.4, 18.48, 100.3, 74.3, 75.083, , -8.66, 0.988, 2105.163, 2105.163, 3.297, -203.221, -203.221, -203.221, 53.001, 61.175, 35.242, 35.819, 7.377, 22.39, 0, 0, -33.335, -33.746, -33.335, -33.746, 1, 62.274, 62.274, 0.024, 0.129, -53.05, -53.702, -53.05, -53.702, 5.85, 7.377, 22.39, , , 1, 23.5, 0, 0, 12.736, 3.297, 208.192, 0, 0, 0, 46, 0, 0, 132.8, 16.068, 100, 0, 0, 12, 12, 0, 0.55, 83.918, 0, 0, 88.692, 62.718, 0, 0, 0, 0, 0, 14, 0, 12.736, 0, 3.297, 208.192, 0, 0, 0, 46, 1, 0, 0, 132.8, 16.069, 100, 0, 0, 141, 12, 12, 0, 0.55, 0, 83.918, 0, 0, 88.692, 62.718, 0, 0, 0, 0, 
23.45, 18.48, 100.3, 74.3, 75.084, , -8.647, 0.988, 2109.813, 2109.813, 3.274, -202.922, -202.922, -202.922, 52.984, 61.461, 34.917, 35.964, 7.378, 22.39, 0, 0, -33.05, -33.458, -33.05, -33.458, 1, 61.832, 61.832, 0.024, 0.129, -52.99, -53.642, -52.99, -53.642, 5.821, 7.378, 22.39, , , 1, 23.551, 0, 0, 12.755, 3.274, 208, 0, 0, 0, 46, 0, 0, 132.8, 16.245, 100, 0, 0, 12, 12, 0, 0.55, 83.672, 0, 0, 88.448, 62.353, 0, 0, 0, 0, 0, 14, 0, 12.755, 0, 3.274, 208, 0, 0, 0, 46, 1, 0, 0, 132.8, 16.245, 100, 0, 0, 141, 12, 12, 0, 0.55, 0, 83.672, 0, 0, 88.448, 62.353, 0, 0, 0, 0, 
23.5, 18.48, 100.3, 74.3, 75.085, , -8.606, 0.988, 2114.412, 2114.412, 3.262, -201.968, -201.968, -201.968, 52.97, 61.747, 34.592, 36.108, 7.378, 22.39, 0, 0, -32.666, -33.068, -32.666, -33.068, 1, 61.394, 61.394, 0.024, 0.129, -52.752, -53.402, -52.752, -53.402, 5.792, 7.378, 22.39, , , 1, 23.601, 0, 0, 12.766, 3.262, 208, 0, 0, 0, 46, 0, 0, 132.8, 16.321, 100, 0, 0, 12, 12, 0, 0.55, 83.515, 0, 0, 88.343, 62.158, 0, 0, 0, 0, 0, 14, 0, 12.766, 0, 3.262, 208, 0, 0, 0, 46, 1, 0, 0, 132.8, 16.321, 100, 0, 0, 141, 12, 12, 0, 0.55, 0, 83.515, 0, 0, 88.343, 62.158, 0, 0, 0, 0, 
23.55, 18.48, 100.3, 74.3, 75.086, , -8.536, 0.988, 2118.924, 2118.924, 3.25, -200.323, -200.323, -200.323, 52.967, 62.033, 34.773, 36.028, 7.379, 22.39, 0, 0, -32.174, -32.57, -32.174, -32.57, 1, 60.959, 60.959, 0.024, 0.129, -52.324, -52.97, -52.324, -52.97, 5.763, 7.379, 22.39, , , 1, 23.65, 0, 0, 12.776, 3.25, 208, 0, 0, 0, 46, 0, 0, 132.8, 16.397, 100, 0, 0, 12, 12, 0, 0.55, 83.358, 0, 0, 88.238, 61.964, 0, 0, 0, 0, 0, 14, 0, 12.776, 0, 3.25, 208, 0, 0, 0, 46, 1, 0, 0, 132.8, 16.397, 100, 0, 0, 141, 12, 12, 0, 0.55, 0, 83.358, 0, 0, 88.238, 61.964, 0, 0, 0, 0, 
23.6, 18.48, 100.3, 74.3, 75.087, , -8.404, 0.988, 2123.414, 2123.414, 3.238, -197.201, -197.201, -197.201, 52.972, 62.319, 35.097, 35.884, 7.379, 22.39, 0, 0, -31.453, -31.84, -31.453, -31.84, 1, 60.531, 60.531, 0.024, 0.13, -51.505, -52.14, -51.505, -52.14, 5.751, 7.379, 22.39, , , 1, 23.7, 0, 0, 12.787, 3.238, 208, 0, 0, 0, 46, 0, 0, 132.8, 16.473, 100, 0, 0, 12, 12, 0, 0.55, 83.201, 0, 0, 88.134, 61.769, 0, 0, 0, 0, 0, 14, 0, 12.787, 0, 3.238, 208, 0, 0, 0, 46, 1, 0, 0, 132.8, 16.474, 100, 0, 0, 141, 12, 12, 0, 0.55, 0, 83.201, 0, 0, 88.134, 61.769, 0, 0, 0, 0, 
23.65, 18.48, 100.3, 74.3, 75.089, , -8.253, 0.988, 2127.904, 2127.904, 3.225, -193.623, -193.623, -193.623, 52.98, 62.605, 35.421, 35.74, 7.38, 22.39, 0, 0, -30.667, -31.046, -30.667, -31.046, 1, 60.107, 60.107, 0.024, 0.13, -50.561, -51.185, -50.561, -51.185, 5.759, 7.38, 22.39, , , 1, 23.751, 0, 0, 12.797, 3.225, 208, 0, 0, 0, 46, 0, 0, 132.8, 16.549, 100, 0, 0, 12, 12, 0, 0.55, 83.044, 0, 0, 88.029, 61.574, 0, 0, 0, 0, 0, 14, 0, 12.797, 0, 3.225, 208, 0, 0, 0, 46, 1, 0, 0, 132.8, 16.55, 100, 0, 0, 141, 12, 12, 0, 0.55, 0, 83.044, 0, 0, 88.029, 61.574, 0, 0, 0, 0, 
23.7, 18.48, 100.3, 74.3, 75.09, , -8.118, 0.988, 2132.394, 2132.394, 3.207, -190.441, -190.441, -190.441, 52.995, 62.891, 35.745, 35.596, 7.38, 22.39, 0, 0, -29.954, -30.325, -29.954, -30.325, 1, 59.689, 59.689, 0.024, 0.13, -49.716, -50.33, -49.716, -50.33, 5.768, 7.38, 22.39, , , 1, 23.801, 0, 0, 12.814, 3.207, 208.277, 0, 0, 0, 46, 0, 0, 133.049, 16.621, 100, 0, 0, 12, 12, 0, 0.55, 82.862, 0, 0, 87.792, 61.175, 0, 0, 0, 0, 0, 14, 0, 12.814, 0, 3.207, 208.277, 0, 0, 0, 46, 1, 0, 0, 133.049, 16.622, 100, 0, 0, 141, 12, 12, 0, 0.55, 0, 82.862, 0, 0, 87.792, 61.175, 0, 0, 0, 0, 
23.75, 18.481, 100.3, 74.3, 75.091, , -8.012, 0.988, 2136.834, 2136.834, 3.187, -187.938, -187.938, -187.938, 53.006, 63.177, 36.069, 35.452, 7.38, 22.39, 0, 0, -29.352, -29.717, -29.352, -29.717, 1, 59.282, 59.282, 0.024, 0.13, -49.052, -49.657, -49.052, -49.657, 5.776, 7.38, 22.39, , , 1, 23.851, 0, 0, 12.833, 3.187, 208.662, 0, 0, 0, 46, 0, 0, 133.395, 16.692, 100, 0, 0, 12, 12, 0, 0.55, 82.669, 0, 0, 87.504, 60.696, 0, 0, 0, 0, 0, 14, 0, 12.833, 0, 3.187, 208.662, 0, 0, 0, 46, 1, 0, 0, 133.395, 16.693, 100, 0, 0, 141, 12, 12, 0, 0.55, 0, 82.669, 0, 0, 87.504, 60.696, 0, 0, 0, 0, 
23.8, 18.483, 100.3, 74.3, 75.091, , -7.942, 0.988, 2141.195, 2141.195, 3.166, -186.267, -186.267, -186.267, 53.012, 63.463, 35.859, 35.364, 7.38, 22.39, 0, 0, -28.888, -29.247, -28.888, -29.247, 1, 58.876, 58.876, 0.024, 0.13, -48.611, -49.211, -48.611, -49.211, 5.785, 7.38, 22.39, , , 1, 23.901, 0, 0, 12.852, 3.166, 209.046, 0, 0, 0, 46, 0, 0, 133.742, 16.764, 100, 0, 0, 12, 12, 0, 0.55, 82.477, 0, 0, 87.215, 60.218, 0, 0, 0, 0, 0, 14, 0, 12.852, 0, 3.166, 209.046, 0, 0, 0, 46, 1, 0, 0, 133.742, 16.764, 100, 0, 0, 141, 12, 12, 0, 0.55, 0, 82.477, 0, 0, 87.215, 60.218, 0, 0, 0, 0, 
23.85, 18.485, 100.3, 74.3, 75.092, , -7.919, 0.988, 2145.556, 2145.556, 3.145, -185.747, -185.747, -185.747, 53.01, 63.749, 35.499, 35.292, 7.38, 22.39, 0, 0, -28.61, -28.965, -28.61, -28.965, 1, 58.478, 58.478, 0.024, 0.131, -48.475, -49.073, -48.475, -49.073, 5.797, 7.38, 22.39, , , 1, 23.95, 0, 0, 12.872, 3.145, 209.431, 0, 0, 0, 46, 0, 0, 134.088, 16.835, 100, 0, 0, 12, 12, 0, 0.55, 82.285, 0, 0, 86.927, 59.739, 0, 0, 0, 0, 0, 14, 0, 12.872, 0, 3.145, 209.431, 0, 0, 0, 46, 1, 0, 0, 134.088, 16.835, 100, 0, 0, 141, 12, 12, 0, 0.55, 0, 82.285, 0, 0, 86.927, 59.739, 0, 0, 0, 0, 
23.9, 18.487, 100.3, 74.3, 75.093, , -7.943, 0.988, 2149.898, 2149.898, 3.125, -186.322, -186.322, -186.322, 53.01, 52.688, 35.139, 35.22, 7.38, 22.39, 0, 0, -28.503, -28.854, -28.503, -28.854, 1, 58.071, 58.071, 0.024, 0.131, -48.626, -49.225, -48.626, -49.225, 5.808, 7.38, 22.39, , , 1, 24, 0, 0, 12.891, 3.125, 209.815, 0, 0, 0, 46, 0, 0, 134.434, 16.906, 100, 0, 0, 12, 12, 0, 0.55, 82.092, 0, 0, 86.638, 59.26, 0, 0, 0, 0, 0, 14, 0, 12.891, 0, 3.125, 209.815, 0, 0, 0, 46, 1, 0, 0, 134.434, 16.906, 100, 0, 0, 141, 12, 12, 0, 0.55, 0, 82.092, 0, 0, 86.638, 59.26, 0, 0, 0, 0, 
23.95, 18.489, 100.3, 74.3, 75.094, , -7.982, 0.988, 2154.168, 2154.168, 3.104, -187.243, -187.243, -187.243, 53.012, 56.875, 34.779, 35.148, 7.38, 22.39, 0, 0, -28.445, -28.795, -28.445, -28.795, 1, 57.67, 57.67, 0.024, 0.131, -48.867, -49.467, -48.867, -49.467, 5.82, 7.38, 22.39, , , 1, 24.051, 0, 0, 12.911, 3.104, 209.785, 0, 0, 0, 46, 0, 0, 134.6, 16.98, 100, 0, 0, 12, 12, 0, 0.55, 81.893, 0, 0, 86.393, 58.83, 0, 0, 0, 0, 0, 14, 0, 12.911, 0, 3.104, 209.785, 0, 0, 0, 46, 1, 0, 0, 134.6, 16.98, 100, 0, 0, 141, 12, 12, 0, 0.55, 0, 81.893, 0, 0, 86.393, 58.83, 0, 0, 0, 0, 
24, 18.491, 100.3, 74.3, 75.094, , -8.012, 0.988, 2158.474, 2158.474, 3.083, -187.976, -187.976, -187.976, 53.022, 61.669, 34.419, 35.076, 7.38, 22.39, 0, 0, -28.356, -28.704, -28.356, -28.704, 1, 57.267, 57.267, 0.024, 0.132, -49.051, -49.653, -49.051, -49.653, 5.831, 7.38, 22.39, , , 1, 24.101, 0, 0, 12.931, 3.083, 209.372, 0, 0, 0, 46, 0, 0, 134.6, 17.056, 100, 0, 0, 12, 12, 0, 0.55, 81.686, 0, 0, 86.186, 58.446, 0, 0, 0, 0, 0, 14, 0, 12.931, 0, 3.083, 209.372, 0, 0, 0, 46, 1, 0, 0, 134.6, 17.056, 100, 0, 0, 141, 12, 12, 0, 0.55, 0, 81.686, 0, 0, 86.186, 58.446, 0, 0, 0, 0, 
24.05, 18.493, 100.3, 74.3, 75.095, , -8.032, 0.988, 2162.719, 2162.719, 3.061, -188.464, -188.464, -188.464, 53.04, 62.527, 34.508, 35.088, 7.379, 22.39, 0, 0, -28.227, -28.575, -28.227, -28.575, 1, 56.86, 56.86, 0.024, 0.132, -49.162, -49.766, -49.162, -49.766, 5.812, 7.379, 22.39, , , 1, 24.151, 0, 0, 12.952, 3.061, 208.959, 0, 0, 0, 46, 0, 0, 134.6, 17.133, 100, 0, 0, 12, 12, 0, 0.55, 81.479, 0, 0, 85.979, 58.062, 0, 0, 0, 0, 0, 14, 0, 12.952, 0, 3.061, 208.959, 0, 0, 0, 46, 1, 0, 0, 134.6, 17.133, 100, 0, 0, 141, 12, 12, 0, 0.55, 0, 81.479, 0, 0, 85.979, 58.062, 0, 0, 0, 0, 
24.1, 18.495, 100.3, 74.3, 75.096, , -8.074, 0.988, 2166.963, 2166.963, 3.04, -189.446, -189.446, -189.446, 53.07, 63.385, 34.723, 35.124, 7.379, 22.39, 0, 0, -28.17, -28.516, -28.17, -28.516, 1, 56.448, 56.448, 0.024, 0.132, -49.391, -49.997, -49.391, -49.997, 5.793, 7.379, 22.39, , , 1, 24.201, 0, 0, 12.973, 3.04, 208.545, 0, 0, 0, 46, 0, 0, 134.6, 17.209, 100, 0, 0, 12, 12, 0, 0.55, 81.273, 0, 0, 85.773, 57.677, 0, 0, 0, 0, 0, 14, 0, 12.973, 0, 3.04, 208.545, 0, 0, 0, 46, 1, 0, 0, 134.6, 17.209, 100, 0, 0, 141, 12, 12, 0, 0.55, 0, 81.273, 0, 0, 85.773, 57.677, 0, 0, 0, 0, 
24.15, 18.497, 100.3, 74.3, 75.097, , -8.103, 0.988, 2171.133, 2171.133, 3.019, -190.151, -190.151, -190.151, 53.111, 64.243, 34.938, 35.16, 7.378, 22.39, 0, 0, -28.068, -28.416, -28.068, -28.416, 1, 56.034, 56.034, 0.024, 0.132, -49.537, -50.145, -49.537, -50.145, 5.775, 7.378, 22.39, , , 1, 24.251, 0, 0, 12.993, 3.019, 208.132, 0, 0, 0, 46, 0, 0, 134.6, 17.286, 100, 0, 0, 12, 12, 0, 0.55, 81.066, 0, 0, 85.566, 57.293, 0, 0, 0, 0, 0, 14, 0, 12.993, 0, 3.019, 208.132, 0, 0, 0, 46, 1, 0, 0, 134.6, 17.286, 100, 0, 0, 141, 12, 12, 0, 0.55, 0, 81.066, 0, 0, 85.566, 57.293, 0, 0, 0, 0, 
24.2, 18.499, 100.3, 74.3, 75.097, , -8.046, 0.988, 2175.303, 2175.303, 2.999, -188.814, -188.814, -188.814, 53.153, 65.101, 35.153, 35.196, 7.378, 22.39, 0, 0, -27.671, -28.014, -27.671, -28.014, 1, 55.625, 55.625, 0.024, 0.132, -49.149, -49.753, -49.149, -49.753, 5.756, 7.378, 22.39, , , 1, 24.301, 0, 0, 13.014, 2.999, 208.275, 0, 0, 0, 46, 0, 0, 134.6, 17.31, 100, 0, 0, 12, 12, 0, 0.55, 80.794, 0, 0, 85.294, 56.914, 0, 0, 0, 0, 0, 14, 0, 13.014, 0, 2.999, 208.275, 0, 0, 0, 46, 1, 0, 0, 134.6, 17.31, 100, 0, 0, 141, 12, 12, 0, 0.55, 0, 80.794, 0, 0, 85.294, 56.914, 0, 0, 0, 0, 
24.25, 18.5, 100.3, 74.3, 75.098, , -7.729, 0.988, 2179.416, 2179.416, 2.981, -181.291, -181.291, -181.291, 53.185, 65.959, 35.368, 35.231, 7.377, 22.39, 0, 0, -26.398, -26.725, -26.398, -26.725, 1, 55.225, 55.225, 0.024, 0.132, -47.166, -47.746, -47.166, -47.746, 5.731, 7.377, 22.39, , , 1, 24.351, 0, 0, 13.034, 2.981, 208.68, 0, 0, 0, 46, 0, 0, 134.6, 17.31, 100, 0, 0, 12, 12, 0, 0.55, 80.49, 0, 0, 84.99, 56.537, 0, 0, 0, 0, 0, 14, 0, 13.034, 0, 2.981, 208.68, 0, 0, 0, 46, 1, 0, 0, 134.6, 17.31, 100, 0, 0, 141, 12, 12, 0, 0.55, 0, 80.49, 0, 0, 84.99, 56.537, 0, 0, 0, 0, 
24.3, 18.502, 100.3, 74.3, 75.099, , -7.157, 0.988, 2183.512, 2183.512, 2.962, -167.748, -167.748, -167.748, 53.19, 66.817, 35.173, 35.24, 7.377, 22.39, 0, 0, -24.284, -24.584, -24.284, -24.584, 1, 54.841, 54.841, 0.024, 0.132, -43.636, -44.172, -43.636, -44.172, 5.704, 7.377, 22.39, , , 1, 24.401, 0, 0, 13.054, 2.962, 209.085, 0, 0, 0, 46, 0, 0, 134.6, 17.31, 100, 0, 0, 12, 12, 0, 0.55, 80.186, 0, 0, 84.686, 56.16, 0, 0, 0, 0, 0, 14, 0, 13.054, 0, 2.962, 209.085, 0, 0, 0, 46, 1, 0, 0, 134.6, 17.31, 100, 0, 0, 141, 12, 12, 0, 0.55, 0, 80.186, 0, 0, 84.686, 56.16, 0, 0, 0, 0, 
24.35, 18.504, 100.3, 74.3, 75.1, , -6.45, 0.988, 2187.574, 2187.574, 2.943, -150.977, -150.977, -150.977, 53.149, 67.675, 34.847, 35.24, 7.377, 22.39, 0, 0, -21.735, -22.003, -21.735, -22.003, 1, 54.494, 54.494, 0.024, 0.131, -39.288, -39.771, -39.288, -39.771, 5.677, 7.377, 22.39, , , 1, 24.451, 0, 0, 13.074, 2.943, 209.49, 0, 0, 0, 46, 0, 0, 134.6, 17.31, 100, 0, 0, 12, 12, 0, 0.55, 79.883, 0, 0, 84.383, 55.783, 0, 0, 0, 0, 0, 14, 0, 13.074, 0, 2.943, 209.49, 0, 0, 0, 46, 1, 0, 0, 134.6, 17.31, 100, 0, 0, 141, 12, 12, 0, 0.55, 0, 79.883, 0, 0, 84.383, 55.783, 0, 0, 0, 0, 
24.4, 18.506, 100.3, 74.3, 75.1, , -5.713, 0.988, 2191.6, 2191.6, 2.925, -133.489, -133.489, -133.489, 53.059, 68.533, 34.522, 35.24, 7.377, 22.39, 0, 0, -19.11, -19.346, -19.11, -19.346, 1, 54.19, 54.19, 0.024, 0.131, -34.775, -35.203, -34.775, -35.203, 5.65, 7.377, 22.39, , , 1, 24.5, 0, 0, 13.095, 2.925, 209.895, 0, 0, 0, 46, 0, 0, 134.6, 17.31, 100, 0, 0, 12, 12, 0, 0.55, 79.579, 0, 0, 84.079, 55.406, 0, 0, 0, 0, 0, 14, 0, 13.095, 0, 2.925, 209.895, 0, 0, 0, 46, 1, 0, 0, 134.6, 17.31, 100, 0, 0, 141, 12, 12, 0, 0.55, 0, 79.579, 0, 0, 84.079, 55.406, 0, 0, 0, 0, 
24.45, 18.508, 100.3, 74.3, 75.101, , -4.941, 0.988, 2195.626, 2195.626, 2.901, -115.195, -115.195, -115.195, 52.951, 69.391, 34.197, 35.24, 7.378, 22.39, 0, 0, -16.401, -16.602, -16.401, -16.602, 1, 53.92, 53.92, 0.024, 0.131, -30.067, -30.438, -30.067, -30.438, 5.625, 7.378, 22.39, , , 1, 24.551, 0.066, 0, 13.13, 2.901, 210, 0, 0, 0, 46.37, 0.311, 0.328, 134.6, 17.501, 100, 0, 0, 12.369, 12.36, 0.148, 0.558, 79.87, 0, 0, 84.481, 55.077, 0, 0, 0.066, 0, 0, 14, 0, 13.13, 0, 2.901, 210, 0, 0, 0, 46.37, 1, 0, 0, 134.6, 17.501, 100, 0, 0, 141, 12.37, 12.369, 0.148, 0.558, 0, 79.87, 0, 0, 84.481, 55.077, 0, 0, 0, 0, 
24.5, 18.51, 100.3, 74.3, 75.102, , -3.991, 0.988, 2199.651, 2199.651, 2.876, -92.646, -92.646, -92.646, 52.833, 70.248, 33.872, 35.24, 7.378, 22.39, 0, 0, -13.128, -13.287, -13.128, -13.287, 1, 53.695, 53.695, 0.024, 0.131, -24.237, -24.536, -24.237, -24.536, 5.601, 7.378, 22.39, , , 1, 24.601, 0.155, 0, 13.17, 2.876, 210, 0, 0, 0, 46.87, 0.743, 0.784, 134.6, 17.759, 100, 0, 0, 12.867, 12.86, 0.348, 0.569, 80.37, 0, 0, 85.131, 54.767, 0, 0, 0.155, 0, 0, 14, 0, 13.17, 0, 2.876, 210, 0, 0, 0, 46.87, 1, 0.001, 0.001, 134.6, 17.759, 100, 0, 0, 141, 12.87, 12.867, 0.348, 0.569, 0, 80.37, 0, 0, 85.131, 54.767, 0, 0, 0, 0, 
24.55, 18.512, 100.3, 74.3, 75.103, , -3.138, 0.988, 2203.607, 2203.607, 2.851, -72.422, -72.422, -72.422, 52.709, 71.106, 34.081, 35.408, 7.379, 22.39, 0, 0, -10.231, -10.355, -10.231, -10.355, 1, 53.515, 53.515, 0.024, 0.131, -18.988, -19.22, -18.988, -19.22, 5.577, 7.379, 22.39, , , 1, 24.651, 0.244, 0, 13.21, 2.851, 210, 0, 0, 0, 47.37, 1.175, 1.24, 134.6, 18.017, 100, 0, 0, 13.365, 13.36, 0.548, 0.58, 80.87, 0, 0, 85.781, 54.457, 0, 0, 0.244, 0, 0, 14, 0, 13.21, 0, 2.851, 210, 0, 0, 0, 47.37, 1, 0.001, 0.001, 134.6, 18.017, 100, 0, 0, 141, 13.37, 13.365, 0.548, 0.58, 0, 80.87, 0, 0, 85.781, 54.457, 0, 0, 0, 0, 
24.6, 18.514, 100.3, 74.3, 75.104, , -2.502, 0.988, 2207.51, 2207.51, 2.826, -57.328, -57.328, -57.328, 52.59, 71.964, 34.441, 35.624, 7.379, 22.39, 0, 0, -8.081, -8.178, -8.081, -8.178, 1, 53.372, 53.372, 0.024, 0.131, -15.06, -15.244, -15.06, -15.244, 5.553, 7.379, 22.39, , , 1, 24.701, 0.333, 0, 13.25, 2.826, 210, 0, 0, 0, 47.87, 1.607, 1.696, 134.6, 18.275, 100, 0, 0, 13.863, 13.86, 0.748, 0.591, 81.37, 0, 0, 86.431, 54.147, 0, 0, 0.333, 0, 0, 14, 0, 13.25, 0, 2.826, 210, 0, 0, 0, 47.87, 1, 0.001, 0.002, 134.6, 18.275, 100, 0, 0, 141, 13.87, 13.863, 0.748, 0.591, 0, 81.37, 0, 0, 86.431, 54.147, 0, 0, 0, 0, 
24.65, 18.516, 100.3, 74.3, 75.104, , -1.8, 0.988, 2211.444, 2211.444, 2.801, -40.676, -40.676, -40.676, 52.492, 72.822, 34.801, 35.84, 7.381, 22.39, 0, 0, -5.725, -5.793, -5.725, -5.793, 1, 53.258, 53.258, 0.024, 0.13, -10.7, -10.83, -10.7, -10.83, 5.53, 7.381, 22.39, , , 1, 24.75, 0.422, 0, 13.29, 2.801, 210, 0, 0, 0, 48.37, 2.039, 2.152, 134.6, 18.533, 100, 0, 0, 14.361, 14.36, 0.948, 0.602, 81.87, 0, 0, 87.081, 53.837, 0, 0, 0.422, 0, 0, 14, 0, 13.29, 0, 2.801, 210, 0, 0, 0, 48.37, 1, 0.002, 0.002, 134.6, 18.533, 100, 0, 0, 141, 14.37, 14.361, 0.948, 0.602, 0, 81.87, 0, 0, 87.081, 53.837, 0, 0, 0, 0, 
24.7, 18.518, 100.3, 74.3, 75.105, , -1.018, 0.988, 2215.372, 2215.372, 2.794, -22.136, -22.136, -22.136, 52.457, 73.68, 35.161, 36.056, 7.382, 22.39, 0, 0, -3.114, -3.148, -3.114, -3.148, 1, 53.188, 53.188, 0.024, 0.131, -5.828, -5.897, -5.828, -5.897, 5.507, 7.382, 22.39, , , 1, 24.8, 0.555, 0, 13.396, 2.794, 210, 0, 0, 0, 49.464, 2.694, 2.712, 134.6, 19.894, 100, 0, 0, 15.143, 15.357, 1.614, 0.628, 83.666, 0, 0, 89.004, 53.697, 0, 0, 0.555, 0, 0, 14, 0, 13.396, 0, 2.794, 210, 0, 0, 0, 49.464, 1, 0.003, 0.003, 134.6, 19.9, 100, 0, 0, 141, 15.158, 15.357, 1.614, 0.628, 0, 83.666, 0, 0, 89.004, 53.697, 0, 0, 0, 0, 
24.75, 18.52, 100.3, 74.3, 75.106, , -0.288, 0.988, 2219.263, 2219.263, 2.794, -4.813, -4.813, -4.813, 52.446, 74.538, 35.521, 36.272, 7.382, 22.39, 0, 0, -0.679, -0.683, -0.679, -0.683, 1, 53.161, 53.161, 0.024, 0.131, -1.27, -1.281, -1.27, -1.281, 5.485, 7.382, 22.39, , , 1, 24.851, 0.705, 0, 13.527, 2.794, 210, 0, 0, 0, 50.768, 3.436, 3.312, 134.6, 21.643, 100, 0, 0, 16.036, 16.548, 2.443, 0.66, 85.917, 0, 0, 91.373, 53.623, 0, 0, 0.705, 0, 0, 14, 0, 13.527, 0, 2.794, 210, 0, 0, 0, 50.768, 1, 0.003, 0.004, 134.6, 21.657, 100, 0, 0, 141, 16.046, 16.548, 2.443, 0.66, 0, 85.917, 0, 0, 91.373, 53.623, 0, 0, 0, 0, 
24.8, 18.521, 100.3, 74.3, 75.107, , 0.224, 0.988, 2223.154, 2223.154, 2.794, 7.34, 7.34, 7.34, 52.462, 75.396, 35.516, 36.123, 7.382, 22.39, 0, 0, 1.027, 1.042, 1.027, 1.042, 1, 53.161, 53.161, 0.024, 0.131, 1.928, 1.956, 1.928, 1.956, 5.462, 7.382, 22.39, , , 1, 24.901, 0.854, 0, 13.657, 2.794, 210, 0, 0, 0, 52.071, 4.177, 3.912, 134.6, 23.392, 100, 0, 0, 16.929, 17.738, 3.273, 0.692, 88.168, 0, 0, 93.743, 53.549, 0, 0, 0.854, 0, 0, 14, 0, 13.657, 0, 2.794, 210, 0, 0, 0, 52.071, 1, 0.004, 0.004, 134.6, 23.415, 100, 0, 0, 141, 16.935, 17.738, 3.273, 0.692, 0, 88.168, 0, 0, 93.743, 53.549, 0, 0, 0, 0, 
24.85, 18.523, 100.3, 74.3, 75.107, , 0.63, 0.988, 2227.046, 2227.046, 2.794, 16.964, 16.964, 16.964, 52.501, 76.254, 35.408, 35.871, 7.382, 22.39, 0, 0, 2.377, 2.409, 2.377, 2.409, 1, 53.182, 53.182, 0.024, 0.131, 4.458, 4.516, 4.458, 4.516, 5.443, 7.382, 22.39, , , 1, 24.951, 1.003, 0, 13.787, 2.794, 210, 0, 0, 0, 53.374, 4.919, 4.512, 134.6, 25.141, 100, 0, 0, 17.821, 18.929, 4.102, 0.725, 90.419, 0, 0, 96.113, 53.475, 0, 0, 1.003, 0, 0, 14, 0, 13.787, 0, 2.794, 210, 0, 0, 0, 53.374, 1, 0.005, 0.005, 134.6, 25.172, 100, 0, 0, 141, 17.823, 18.929, 4.102, 0.725, 0, 90.419, 0, 0, 96.113, 53.475, 0, 0, 0, 0, 
24.9, 18.525, 100.3, 74.3, 75.108, , 1.138, 0.988, 2230.938, 2230.938, 2.795, 29.023, 29.023, 29.023, 52.55, 77.112, 35.3, 35.619, 7.382, 22.323, 0, 0, 4.072, 4.125, 4.072, 4.125, 1, 53.225, 53.225, 0.024, 0.131, 7.631, 7.728, 7.631, 7.728, 5.445, 7.382, 22.323, , , 1, 25.001, 1.037, 0, 13.907, 2.795, 210, 0, 0, 0, 54.452, 5.342, 4.828, 134.6, 26.898, 100, 0, 0, 18.674, 20.065, 4.896, 0.756, 92.093, 0, 0, 97.787, 53.475, 0, 0, 1.037, 0, 0, 14, 0, 13.907, 0, 2.795, 210, 0, 0, 0, 54.452, 1, 0.005, 0.005, 134.6, 26.933, 100, 0, 0, 141, 18.674, 20.065, 4.896, 0.756, 0, 92.093, 0, 0, 97.787, 53.475, 0, 0, 0, 0, 
24.95, 18.527, 100.3, 74.3, 75.109, , 1.551, 0.988, 2234.83, 2234.83, 2.799, 38.805, 38.805, 38.805, 52.585, 77.97, 35.192, 35.367, 7.38, 21.952, 0, 0, 5.453, 5.523, 5.453, 5.523, 1, 53.293, 53.293, 0.024, 0.131, 10.21, 10.337, 10.21, 10.337, 5.446, 7.38, 21.952, , , 1, 25.051, 0.964, 0, 14.015, 2.799, 210, 0, 0, 0, 55.322, 5.47, 4.881, 134.6, 28.663, 100, 0, 0, 19.489, 21.152, 5.657, 0.786, 93.235, 0, 0, 98.82, 53.542, 0, 0, 0.964, 0, 0, 14, 0, 14.015, 0, 2.799, 210, 0, 0, 0, 55.322, 1, 0.005, 0.005, 134.6, 28.698, 100, 0, 0, 141, 19.489, 21.152, 5.657, 0.786, 0, 93.235, 0, 0, 98.82, 53.542, 0, 0, 0, 0, 
25, 18.529, 100.3, 74.3, 75.11, , 1.89, 0.988, 2238.721, 2238.721, 2.802, 46.855, 46.855, 46.855, 52.57, 78.828, 35.084, 35.115, 7.379, 21.487, 0, 0, 6.596, 6.68, 6.596, 6.68, 1, 53.38, 53.38, 0.024, 0.131, 12.34, 12.491, 12.34, 12.491, 5.448, 7.379, 21.487, , , 1, 25.1, 0.891, 0, 14.124, 2.802, 210, 0, 0, 0, 56.191, 5.598, 4.934, 134.6, 30.428, 100, 0, 0, 20.304, 22.239, 6.417, 0.817, 94.376, 0, 0, 99.852, 53.61, 0, 0, 0.891, 0, 0, 14, 0, 14.124, 0, 2.802, 210, 0, 0, 0, 56.191, 1, 0.006, 0.005, 134.6, 30.464, 100, 0, 0, 141, 20.304, 22.239, 6.417, 0.817, 0, 94.376, 0, 0, 99.852, 53.61, 0, 0, 0, 0, 
25.05, 18.53, 100.3, 74.3, 75.11, , 2.214, 0.988, 2242.629, 2242.629, 2.806, 54.557, 54.557, 54.557, 52.508, 79.686, 35.06, 35.087, 7.379, 20.532, 0, 0, 7.693, 7.791, 7.693, 7.791, 1, 53.484, 53.484, 0.024, 0.132, 14.389, 14.564, 14.389, 14.564, 5.45, 7.379, 20.532, , , 1, 25.15, 0.819, 0, 14.233, 2.806, 210, 0, 0, 0, 57.061, 5.726, 4.987, 134.6, 32.194, 100, 0, 0, 21.12, 23.326, 7.178, 0.847, 95.517, 0, 0, 100.885, 53.677, 0, 0, 0.819, 0, 0, 14, 0, 14.233, 0, 2.806, 210, 0, 0, 0, 57.061, 1, 0.006, 0.005, 134.6, 32.229, 100, 0, 0, 141, 21.12, 23.326, 7.178, 0.847, 0, 95.517, 0, 0, 100.885, 53.677, 0, 0, 0, 0, 
25.1, 18.53, 100.3, 74.3, 75.109, , 2.542, 0.988, 2246.582, 2246.582, 2.809, 62.331, 62.331, 62.331, 52.413, 80.544, 35.06, 35.122, 7.378, 19.495, 0, 0, 8.805, 8.917, 8.805, 8.917, 1, 53.603, 53.603, 0.024, 0.132, 16.467, 16.667, 16.467, 16.667, 5.443, 7.378, 19.495, , , 1, 25.201, 0.746, 0, 14.341, 2.809, 210, 0, 0, 0, 57.93, 5.855, 5.041, 134.6, 33.959, 100, 0, 0, 21.935, 24.413, 7.939, 0.878, 96.659, 0, 0, 101.917, 53.745, 0, 0, 0.746, 0, 0, 14, 0, 14.341, 0, 2.809, 210, 0, 0, 0, 57.93, 1, 0.006, 0.005, 134.6, 33.994, 100, 0, 0, 141, 21.935, 24.413, 7.939, 0.878, 0, 96.659, 0, 0, 101.917, 53.745, 0, 0, 0, 0, 
25.15, 18.53, 100.3, 74.3, 75.108, , 2.806, 0.988, 2250.474, 2250.474, 2.812, 68.591, 68.591, 68.591, 52.302, 81.402, 35.06, 35.157, 7.378, 17.964, 0, 0, 9.711, 9.836, 9.711, 9.836, 1, 53.735, 53.735, 0.024, 0.132, 18.155, 18.377, 18.155, 18.377, 5.435, 7.378, 17.964, , , 1, 25.251, 0.664, 0, 14.37, 2.812, 210, 0, 0, 0, 58.5, 5.875, 5.17, 134.6, 34.841, 100, 0, 0, 23, 25.25, 8.301, 0.896, 96.75, 0, 0, 101.9, 53.936, 0, 0, 0.664, 0, 0, 14, 0, 14.37, 0, 2.812, 210, 0, 0, 0, 58.5, 1, 0.006, 0.005, 134.6, 34.854, 100, 0, 0, 141, 23, 25.25, 8.301, 0.896, 0, 96.75, 0, 0, 101.9, 53.936, 0, 0, 0, 0, 
25.2, 18.53, 100.3, 74.3, 75.107, , 2.963, 0.988, 2254.365, 2254.365, 2.814, 72.321, 72.321, 72.321, 52.19, 82.26, 35.06, 35.192, 7.378, 16.456, 0, 0, 10.266, 10.398, 10.266, 10.398, 1, 53.878, 53.878, 0.024, 0.132, 19.181, 19.415, 19.181, 19.415, 5.426, 7.378, 16.456, , , 1, 25.3, 0.581, 0, 14.392, 2.814, 210, 0, 0, 0, 59.043, 5.886, 5.306, 134.6, 35.647, 100, 0, 0, 24.087, 26.065, 8.629, 0.913, 96.75, 0, 0, 101.791, 54.138, 0, 0, 0.581, 0, 0, 14, 0, 14.392, 0, 2.814, 210, 0, 0, 0, 59.043, 1, 0.006, 0.005, 134.6, 35.656, 100, 0, 0, 141, 24.087, 26.065, 8.629, 0.913, 0, 96.75, 0, 0, 101.791, 54.138, 0, 0, 0, 0, 
25.25, 18.53, 100.3, 74.3, 75.107, , 3.124, 0.988, 2258.301, 2258.301, 2.817, 76.141, 76.141, 76.141, 52.092, 83.117, 35.06, 35.227, 7.38, 15.122, 0, 0, 10.839, 10.978, 10.839, 10.978, 1, 54.03, 54.03, 0.024, 0.132, 20.23, 20.479, 20.23, 20.479, 5.418, 7.38, 15.122, , , 1, 25.35, 0.499, 0, 14.413, 2.817, 210, 0, 0, 0, 59.587, 5.897, 5.442, 134.6, 36.453, 100, 0, 0, 25.174, 26.88, 8.956, 0.931, 96.75, 0, 0, 101.683, 54.34, 0, 0, 0.499, 0, 0, 14, 0, 14.413, 0, 2.817, 210, 0, 0, 0, 59.587, 1, 0.006, 0.005, 134.6, 36.458, 100, 0, 0, 141, 25.174, 26.88, 8.956, 0.931, 0, 96.75, 0, 0, 101.683, 54.34, 0, 0, 0, 0, 
25.3, 18.53, 100.3, 74.3, 75.106, , 3.31, 0.988, 2262.258, 2262.258, 2.819, 80.572, 80.572, 80.572, 52.012, 83.975, 35.107, 35.405, 7.381, 13.853, 0, 0, 11.506, 11.652, 11.506, 11.652, 1, 54.188, 54.188, 0.024, 0.132, 21.439, 21.703, 21.439, 21.703, 5.394, 7.381, 13.853, , , 1, 25.401, 0.416, 0, 14.435, 2.819, 210, 0, 0, 0, 60.13, 5.908, 5.578, 134.6, 37.258, 100, 0, 0, 26.261, 27.696, 9.284, 0.948, 96.75, 0, 0, 101.574, 54.543, 0, 0, 0.416, 0, 0, 14, 0, 14.435, 0, 2.819, 210, 0, 0, 0, 60.13, 1, 0.006, 0.005, 134.6, 37.261, 100, 0, 0, 141, 26.261, 27.696, 9.284, 0.948, 0, 96.75, 0, 0, 101.574, 54.543, 0, 0, 0, 0, 
25.35, 18.53, 100.3, 74.3, 75.105, , 3.522, 0.988, 2266.216, 2266.216, 2.823, 85.585, 85.585, 85.585, 51.955, 84.833, 35.181, 35.663, 7.383, 13.169, 0, 0, 12.263, 12.416, 12.263, 12.416, 1, 54.358, 54.358, 0.024, 0.132, 22.797, 23.079, 22.797, 23.079, 5.368, 7.383, 13.169, , , 1, 25.451, 0.407, 0, 14.454, 2.823, 210, 0, 0, 0, 60.717, 6.018, 5.73, 134.6, 38.117, 100, 0, 0, 27.362, 28.521, 9.654, 0.965, 97.003, 0, 0, 101.753, 54.747, 0, 0, 0.407, 0, 0, 14, 0, 14.454, 0, 2.823, 210, 0, 0, 0, 60.717, 1, 0.006, 0.006, 134.6, 38.117, 100, 0, 0, 141, 27.362, 28.521, 9.654, 0.965, 0, 97.003, 0, 0, 101.753, 54.747, 0, 0, 0, 0, 
25.4, 18.53, 100.3, 74.3, 75.104, , 3.743, 0.988, 2270.174, 2270.174, 2.832, 90.843, 90.843, 90.843, 51.912, 85.691, 35.255, 35.922, 7.384, 12.535, 0, 0, 13.06, 13.221, 13.06, 13.221, 1, 54.539, 54.539, 0.024, 0.132, 24.216, 24.514, 24.216, 24.514, 5.342, 7.384, 12.535, , , 1, 25.5, 0.553, 0, 14.465, 2.832, 210, 0, 0, 0, 61.396, 6.341, 5.918, 134.6, 39.077, 100, 0, 0, 28.493, 29.37, 10.106, 0.982, 97.795, 0, 0, 102.545, 54.958, 0, 0, 0.553, 0, 0, 14, 0, 14.465, 0, 2.832, 210, 0, 0, 0, 61.396, 1, 0.006, 0.006, 134.6, 39.077, 100, 0, 0, 141, 28.493, 29.37, 10.106, 0.982, 0, 97.795, 0, 0, 102.545, 54.958, 0, 0, 0, 0, 
25.45, 18.53, 100.3, 74.3, 75.104, , 3.93, 0.988, 2274.132, 2274.132, 2.84, 95.279, 95.279, 95.279, 51.875, 86.549, 35.329, 36.18, 7.384, 12.472, 0, 0, 13.743, 13.912, 13.743, 13.912, 1, 54.73, 54.73, 0.024, 0.132, 25.416, 25.727, 25.416, 25.727, 5.316, 7.384, 12.472, , , 1, 25.55, 0.699, 0, 14.476, 2.84, 210, 0, 0, 0, 62.075, 6.663, 6.106, 134.6, 40.037, 100, 0, 0, 29.624, 30.218, 10.559, 0.999, 98.587, 0, 0, 103.337, 55.168, 0, 0, 0.699, 0, 0, 14, 0, 14.476, 0, 2.84, 210, 0, 0, 0, 62.075, 1, 0.007, 0.006, 134.6, 40.037, 100, 0, 0, 141, 29.624, 30.218, 10.559, 0.999, 0, 98.587, 0, 0, 103.337, 55.168, 0, 0, 0, 0, 
25.5, 18.53, 100.3, 74.3, 75.103, , 4.116, 0.988, 2278.089, 2278.089, 2.849, 99.696, 99.696, 99.696, 51.842, 87.407, 35.402, 36.438, 7.384, 12.419, 0, 0, 14.432, 14.609, 14.432, 14.609, 1, 54.929, 54.929, 0.024, 0.132, 26.609, 26.936, 26.609, 26.936, 5.305, 7.384, 12.419, , , 1, 25.6, 0.844, 0, 14.488, 2.849, 210, 0, 0, 0, 62.753, 6.985, 6.293, 134.6, 40.998, 100, 0, 0, 30.756, 31.067, 11.011, 1.016, 99.379, 0, 0, 104.129, 55.379, 0, 0, 0.844, 0, 0, 14, 0, 14.488, 0, 2.849, 210, 0, 0, 0, 62.753, 1, 0.007, 0.006, 134.6, 40.998, 100, 0, 0, 141, 30.756, 31.067, 11.011, 1.016, 0, 99.379, 0, 0, 104.129, 55.379, 0, 0, 0, 0, 
25.55, 18.53, 100.3, 74.3, 75.102, , 4.266, 0.988, 2282.1, 2282.1, 2.857, 103.259, 103.259, 103.259, 51.814, 88.265, 35.42, 36.308, 7.383, 12.513, 0, 0, 15.004, 15.187, 15.004, 15.187, 1, 55.135, 55.135, 0.024, 0.132, 27.574, 27.913, 27.574, 27.913, 5.305, 7.383, 12.513, , , 1, 25.651, 0.99, 0, 14.499, 2.857, 210, 0, 0, 0, 63.432, 7.308, 6.481, 134.6, 41.958, 100, 0, 0, 31.887, 31.915, 11.464, 1.033, 100.171, 0, 0, 104.921, 55.589, 0, 0, 0.99, 0, 0, 14, 0, 14.499, 0, 2.857, 210, 0, 0, 0, 63.432, 1, 0.007, 0.006, 134.6, 41.958, 100, 0, 0, 141, 31.887, 31.915, 11.464, 1.033, 0, 100.171, 0, 0, 104.921, 55.589, 0, 0, 0, 0, 
25.6, 18.53, 100.3, 74.3, 75.101, , 4.382, 0.988, 2286.126, 2286.126, 2.868, 106.017, 106.017, 106.017, 51.791, 89.123, 35.42, 36.056, 7.381, 12.603, 0, 0, 15.462, 15.653, 15.462, 15.653, 1, 55.349, 55.349, 0.024, 0.132, 28.322, 28.672, 28.322, 28.672, 5.305, 7.381, 12.603, , , 1, 25.701, 0.979, 0, 14.5, 2.868, 210, 0, 0, 0, 64.159, 7.496, 6.637, 134.6, 42.888, 100, 0, 0, 32.706, 32.941, 11.981, 1.053, 101.38, 0, 0, 106.177, 55.786, 0, 0, 0.979, 0, 0, 14, 0, 14.5, 0, 2.868, 210, 0, 0, 0, 64.159, 1, 0.007, 0.007, 134.6, 42.888, 100, 0, 0, 141, 32.706, 32.941, 11.981, 1.053, 0, 101.38, 0, 0, 106.177, 55.786, 0, 0, 0, 0, 
25.65, 18.53, 100.3, 74.3, 75.1, , 4.503, 0.988, 2290.152, 2290.152, 2.878, 108.904, 108.904, 108.904, 51.772, 89.981, 35.42, 35.804, 7.38, 12.595, 0, 0, 15.947, 16.144, 15.947, 16.144, 1, 55.568, 55.568, 0.024, 0.132, 29.104, 29.465, 29.104, 29.465, 5.304, 7.38, 12.595, , , 1, 25.751, 0.949, 0, 14.5, 2.878, 210, 0, 0, 0, 64.891, 7.67, 6.79, 134.6, 43.814, 100, 0, 0, 33.491, 33.987, 12.504, 1.073, 102.635, 0, 0, 107.484, 55.982, 0, 0, 0.949, 0, 0, 14, 0, 14.5, 0, 2.878, 210, 0, 0, 0, 64.891, 1, 0.007, 0.007, 134.6, 43.814, 100, 0, 0, 141, 33.491, 33.987, 12.504, 1.073, 0, 102.635, 0, 0, 107.484, 55.982, 0, 0, 0, 0, 
25.7, 18.53, 100.3, 74.3, 75.1, , 4.676, 0.988, 2294.199, 2294.199, 2.889, 113, 113, 113, 51.75, 90.839, 35.42, 35.552, 7.378, 12.587, 0, 0, 16.617, 16.822, 16.617, 16.822, 1, 55.793, 55.793, 0.024, 0.132, 30.212, 30.587, 30.212, 30.587, 5.3, 7.378, 12.587, , , 1, 25.801, 0.92, 0, 14.5, 2.889, 210, 0, 0, 0, 65.623, 7.844, 6.943, 134.6, 44.741, 100, 0, 0, 34.275, 35.033, 13.027, 1.093, 103.89, 0, 0, 108.792, 56.177, 0, 0, 0.92, 0, 0, 14, 0, 14.5, 0, 2.889, 210, 0, 0, 0, 65.623, 1, 0.008, 0.007, 134.6, 44.741, 100, 0, 0, 141, 34.275, 35.033, 13.027, 1.093, 0, 103.89, 0, 0, 108.792, 56.177, 0, 0, 0, 0, 
25.75, 18.53, 100.3, 74.3, 75.099, , 4.913, 0.988, 2298.285, 2298.285, 2.899, 118.638, 118.638, 118.638, 51.723, 91.697, 35.42, 35.3, 7.378, 12.496, 0, 0, 17.524, 17.74, 17.524, 17.74, 1, 56.032, 56.032, 0.024, 0.132, 31.737, 32.13, 31.737, 32.13, 5.293, 7.378, 12.496, , , 1, 25.851, 0.891, 0, 14.5, 2.899, 210, 0, 0, 0, 66.356, 8.017, 7.096, 134.6, 45.668, 100, 0, 0, 35.06, 36.079, 13.55, 1.113, 105.145, 0, 0, 110.099, 56.373, 0, 0, 0.891, 0, 0, 14, 0, 14.5, 0, 2.899, 210, 0, 0, 0, 66.356, 1, 0.008, 0.007, 134.6, 45.668, 100, 0, 0, 141, 35.06, 36.079, 13.55, 1.113, 0, 105.145, 0, 0, 110.099, 56.373, 0, 0, 0, 0, 
25.8, 18.53, 100.3, 74.3, 75.098, , 5.155, 0.988, 2302.311, 2302.311, 2.909, 124.372, 124.372, 124.372, 51.693, 92.555, 35.42, 35.295, 7.377, 12.404, 0, 0, 18.452, 18.68, 18.452, 18.68, 1, 56.283, 56.283, 0.024, 0.132, 33.294, 33.704, 33.294, 33.704, 5.286, 7.377, 12.404, , , 1, 25.901, 0.848, 0, 14.5, 2.909, 210, 0, 0, 0, 67.052, 8.165, 7.244, 134.6, 46.521, 100, 0, 0, 35.783, 37.065, 14.03, 1.131, 106.322, 0, 0, 111.322, 56.561, 0, 0, 0.848, 0, 0, 14, 0, 14.5, 0, 2.909, 210, 0, 0, 0, 67.052, 1, 0.008, 0.008, 134.6, 46.521, 100, 0, 0, 141, 35.783, 37.065, 14.03, 1.131, 0, 106.322, 0, 0, 111.322, 56.561, 0, 0, 0, 0, 
25.85, 18.53, 100.3, 74.3, 75.097, , 5.412, 0.988, 2306.407, 2306.407, 2.914, 130.476, 130.476, 130.476, 51.664, 93.413, 35.42, 35.367, 7.377, 12.288, 0, 0, 19.448, 19.689, 19.448, 19.689, 1, 56.544, 56.544, 0.024, 0.132, 34.948, 35.378, 34.948, 35.378, 5.279, 7.377, 12.288, , , 1, 25.951, 0.708, 0, 14.5, 2.914, 210, 0, 0, 0, 67.487, 8.126, 7.357, 134.6, 46.922, 100, 0, 0, 36.054, 37.609, 14.248, 1.14, 106.92, 0, 0, 111.92, 56.697, 0, 0, 0.708, 0, 0, 14, 0, 14.5, 0, 2.914, 210, 0, 0, 0, 67.487, 1, 0.008, 0.008, 134.6, 46.922, 100, 0, 0, 141, 36.054, 37.609, 14.248, 1.14, 0, 106.92, 0, 0, 111.92, 56.697, 0, 0, 0, 0, 
25.9, 18.53, 100.3, 74.3, 75.097, , 5.682, 0.988, 2310.504, 2310.504, 2.92, 136.9, 136.9, 136.9, 51.635, 91.327, 35.42, 35.44, 7.377, 12.171, 0, 0, 20.504, 20.755, 20.504, 20.755, 1, 56.817, 56.817, 0.024, 0.132, 36.689, 37.139, 36.689, 37.139, 5.268, 7.377, 12.171, , , 1, 26.001, 0.568, 0, 14.5, 2.92, 210, 0, 0, 0, 67.922, 8.087, 7.47, 134.6, 47.323, 100, 0, 0, 36.326, 38.152, 14.465, 1.148, 107.517, 0, 0, 112.517, 56.833, 0, 0, 0.568, 0, 0, 14, 0, 14.5, 0, 2.92, 210, 0, 0, 0, 67.922, 1, 0.008, 0.008, 134.6, 47.323, 100, 0, 0, 141, 36.326, 38.152, 14.465, 1.148, 0, 107.517, 0, 0, 112.517, 56.833, 0, 0, 0, 0, 
25.95, 18.53, 100.3, 74.3, 75.096, , 5.953, 0.988, 2314.654, 2314.654, 2.926, 143.326, 143.326, 143.326, 51.603, 87.981, 35.42, 35.512, 7.377, 12.063, 0, 0, 21.573, 21.838, 21.573, 21.838, 1, 57.104, 57.104, 0.024, 0.132, 38.434, 38.904, 38.434, 38.904, 5.247, 7.377, 12.063, , , 1, 26.051, 0.428, 0, 14.5, 2.926, 210, 0, 0, 0, 68.357, 8.048, 7.583, 134.6, 47.724, 100, 0, 0, 36.598, 38.696, 14.683, 1.157, 108.115, 0, 0, 113.115, 56.969, 0, 0, 0.428, 0, 0, 14, 0, 14.5, 0, 2.926, 210, 0, 0, 0, 68.357, 1, 0.008, 0.008, 134.6, 47.724, 100, 0, 0, 141, 36.598, 38.696, 14.683, 1.157, 0, 108.115, 0, 0, 113.115, 56.969, 0, 0, 0, 0, 
26, 18.53, 100.3, 74.3, 75.095, , 6.194, 0.988, 2318.823, 2318.823, 2.931, 149.047, 149.047, 149.047, 51.571, 84.635, 35.42, 35.584, 7.377, 11.956, 0, 0, 22.553, 22.829, 22.553, 22.829, 1, 57.407, 57.407, 0.024, 0.132, 39.991, 40.481, 39.991, 40.481, 5.227, 7.377, 11.956, , , 1, 26.101, 0.287, 0, 14.5, 2.931, 210, 0, 0, 0, 68.791, 8.009, 7.696, 134.6, 48.126, 100, 0, 0, 36.87, 39.239, 14.9, 1.166, 108.713, 0, 0, 113.713, 57.105, 0, 0, 0.287, 0, 0, 14, 0, 14.5, 0, 2.931, 210, 0, 0, 0, 68.791, 1, 0.008, 0.008, 134.6, 48.126, 100, 0, 0, 141, 36.87, 39.239, 14.9, 1.166, 0, 108.713, 0, 0, 113.713, 57.105, 0, 0, 0, 0, 
26.05, 18.53, 100.3, 74.3, 75.094, , 6.411, 0.988, 2322.992, 2322.992, 2.942, 154.212, 154.212, 154.212, 51.54, 81.288, 35.42, 35.516, 7.378, 11.886, 0, 0, 23.462, 23.749, 23.462, 23.749, 1, 57.719, 57.719, 0.024, 0.132, 41.399, 41.907, 41.399, 41.907, 5.207, 7.378, 11.886, , , 1, 26.15, 0.262, 0, 14.5, 2.942, 210, 0, 0, 0, 69.728, 8.195, 8.046, 134.6, 48.947, 100, 0, 0, 37.572, 39.864, 15.432, 1.191, 109.26, 0, 0, 114.26, 57.363, 0, 0, 0.262, 0, 0, 14, 0, 14.5, 0, 2.942, 210, 0, 0, 0, 69.728, 1, 0.008, 0.008, 134.6, 48.947, 100, 0, 0, 141, 37.572, 39.864, 15.432, 1.191, 0, 109.26, 0, 0, 114.26, 57.363, 0, 0, 0, 0, 
26.1, 18.53, 100.3, 74.3, 75.094, , 6.628, 0.988, 2327.162, 2327.162, 2.957, 159.371, 159.371, 159.371, 51.517, 77.942, 35.42, 35.408, 7.378, 11.818, 0, 0, 24.382, 24.68, 24.382, 24.68, 1, 58.04, 58.04, 0.024, 0.132, 42.803, 43.329, 42.803, 43.329, 5.187, 7.378, 11.818, , , 1, 26.2, 0.342, 0, 14.5, 2.957, 210, 0, 0, 0, 71.128, 8.589, 8.616, 134.6, 50.127, 100, 0, 0, 38.672, 40.564, 16.232, 1.231, 109.76, 0, 0, 114.76, 57.735, 0, 0, 0.342, 0, 0, 14, 0, 14.5, 0, 2.957, 210, 0, 0, 0, 71.128, 1, 0.009, 0.009, 134.6, 50.127, 100, 0, 0, 141, 38.672, 40.564, 16.232, 1.231, 0, 109.76, 0, 0, 114.76, 57.735, 0, 0, 0, 0, 
26.15, 18.53, 100.3, 74.3, 75.093, , 6.856, 0.988, 2331.35, 2331.35, 2.972, 164.787, 164.787, 164.787, 51.493, 74.595, 35.42, 35.3, 7.379, 11.82, 0, 0, 25.353, 25.662, 25.353, 25.662, 1, 58.375, 58.375, 0.024, 0.132, 44.276, 44.821, 44.276, 44.821, 5.179, 7.379, 11.82, , , 1, 26.25, 0.422, 0, 14.5, 2.972, 210, 0, 0, 0, 72.528, 8.983, 9.186, 134.6, 51.307, 100, 0, 0, 39.772, 41.264, 17.032, 1.271, 110.26, 0, 0, 115.26, 58.107, 0, 0, 0.422, 0, 0, 14, 0, 14.5, 0, 2.972, 210, 0, 0, 0, 72.528, 1, 0.009, 0.01, 134.6, 51.307, 100, 0, 0, 141, 39.772, 41.264, 17.032, 1.271, 0, 110.26, 0, 0, 115.26, 58.107, 0, 0, 0, 0, 
26.2, 18.53, 100.3, 74.3, 75.092, , 7.092, 0.988, 2335.596, 2335.596, 2.986, 170.389, 170.389, 170.389, 51.472, 71.249, 35.42, 35.192, 7.379, 11.828, 0, 0, 26.367, 26.689, 26.367, 26.689, 1, 58.719, 58.719, 0.024, 0.132, 45.8, 46.365, 45.8, 46.365, 5.172, 7.379, 11.828, , , 1, 26.3, 0.502, 0, 14.5, 2.986, 210, 0, 0, 0, 73.928, 9.377, 9.756, 134.6, 52.487, 100, 0, 0, 40.872, 41.964, 17.832, 1.311, 110.76, 0, 0, 115.76, 58.479, 0, 0, 0.502, 0, 0, 14, 0, 14.5, 0, 2.986, 210, 0, 0, 0, 73.928, 1, 0.009, 0.01, 134.6, 52.487, 100, 0, 0, 141, 40.872, 41.964, 17.832, 1.311, 0, 110.76, 0, 0, 115.76, 58.479, 0, 0, 0, 0, 
26.25, 18.53, 100.3, 74.3, 75.091, , 7.31, 0.988, 2339.843, 2339.843, 3.001, 175.574, 175.574, 175.574, 51.452, 67.902, 35.42, 35.084, 7.38, 11.873, 0, 0, 27.334, 27.666, 27.334, 27.666, 1, 59.073, 59.073, 0.024, 0.132, 47.212, 47.794, 47.212, 47.794, 5.164, 7.38, 11.873, , , 1, 26.351, 0.582, 0, 14.5, 3.001, 210, 0, 0, 0, 75.328, 9.771, 10.326, 134.6, 53.667, 100, 0, 0, 41.972, 42.664, 18.632, 1.351, 111.26, 0, 0, 116.26, 58.851, 0, 0, 0.582, 0, 0, 14, 0, 14.5, 0, 3.001, 210, 0, 0, 0, 75.328, 1, 0.01, 0.011, 134.6, 53.667, 100, 0, 0, 141, 41.972, 42.664, 18.632, 1.351, 0, 111.26, 0, 0, 116.26, 58.851, 0, 0, 0, 0, 
26.3, 18.53, 100.3, 74.3, 75.091, , 7.517, 0.988, 2344.168, 2344.168, 3.023, 180.486, 180.486, 180.486, 51.435, 64.556, 35.532, 35.228, 7.38, 11.922, 0, 0, 28.272, 28.618, 28.272, 28.618, 1, 59.438, 59.438, 0.024, 0.132, 48.55, 49.148, 48.55, 49.148, 5.157, 7.38, 11.922, , , 1, 26.401, 0.638, 0, 14.5, 3.023, 210, 0, 0, 0, 76, 10.076, 10.611, 134.6, 55.053, 100, 0, 0, 42.3, 42.8, 19.519, 1.392, 111.55, 0, 0, 116.475, 59.31, 0, 0, 0.638, 0, 0, 14, 0, 14.5, 0, 3.023, 210, 0, 0, 0, 76, 1, 0.01, 0.011, 134.6, 55.053, 100, 0, 0, 141, 42.3, 42.8, 19.519, 1.392, 0, 111.55, 0, 0, 116.475, 59.31, 0, 0, 0, 0, 
26.35, 18.53, 100.3, 74.3, 75.09, , 7.673, 0.988, 2348.492, 2348.492, 3.051, 184.19, 184.19, 184.19, 51.421, 61.209, 35.675, 35.443, 7.38, 11.972, 0, 0, 29.032, 29.387, 29.032, 29.387, 1, 59.813, 59.813, 0.024, 0.132, 49.56, 50.171, 49.56, 50.171, 5.176, 7.38, 11.972, , , 1, 26.45, 0.673, 0, 14.5, 3.051, 210, 0, 0, 0, 76, 10.298, 10.632, 134.6, 56.613, 100, 0, 0, 41.915, 42.415, 20.481, 1.434, 111.646, 0, 0, 116.427, 59.847, 0, 0, 0.673, 0, 0, 14, 0, 14.5, 0, 3.051, 210, 0, 0, 0, 76, 1, 0.01, 0.011, 134.6, 56.613, 100, 0, 0, 141, 41.915, 42.415, 20.481, 1.434, 0, 111.646, 0, 0, 116.427, 59.847, 0, 0, 0, 0, 
26.4, 18.53, 100.3, 74.3, 75.09, , 7.816, 0.988, 2352.817, 2352.817, 3.08, 187.61, 187.61, 187.61, 51.409, 57.863, 35.819, 35.658, 7.379, 12.021, 0, 0, 29.756, 30.122, 29.756, 30.122, 1, 60.195, 60.195, 0.024, 0.132, 50.49, 51.113, 50.49, 51.113, 5.196, 7.379, 12.021, , , 1, 26.5, 0.707, 0, 14.5, 3.08, 210, 0, 0, 0, 76, 10.52, 10.653, 134.6, 58.174, 100, 0, 0, 41.531, 42.031, 21.442, 1.477, 111.742, 0, 0, 116.379, 60.384, 0, 0, 0.707, 0, 0, 14, 0, 14.5, 0, 3.08, 210, 0, 0, 0, 76, 1, 0.01, 0.011, 134.6, 58.174, 100, 0, 0, 141, 41.531, 42.031, 21.442, 1.477, 0, 111.742, 0, 0, 116.379, 60.384, 0, 0, 0, 0, 
26.45, 18.53, 100.3, 74.3, 75.09, , 7.913, 0.988, 2357.14, 2357.14, 3.108, 189.9, 189.9, 189.9, 51.403, 54.516, 35.962, 35.873, 7.379, 12.054, 0, 0, 30.309, 30.683, 30.309, 30.683, 1, 60.583, 60.583, 0.024, 0.132, 51.112, 51.742, 51.112, 51.742, 5.216, 7.379, 12.054, , , 1, 26.551, 0.742, 0, 14.5, 3.108, 210, 0, 0, 0, 76, 10.742, 10.674, 134.6, 59.734, 100, 0, 0, 41.146, 41.646, 22.404, 1.519, 111.838, 0, 0, 116.331, 60.922, 0, 0, 0.742, 0, 0, 14, 0, 14.5, 0, 3.108, 210, 0, 0, 0, 76, 1, 0.011, 0.011, 134.6, 59.734, 100, 0, 0, 141, 41.146, 41.646, 22.404, 1.519, 0, 111.838, 0, 0, 116.331, 60.922, 0, 0, 0, 0, 
26.5, 18.53, 100.3, 74.3, 75.09, , 7.972, 0.988, 2361.522, 2361.522, 3.136, 191.308, 191.308, 191.308, 51.402, 51.17, 36.106, 36.088, 7.378, 12.083, 0, 0, 30.73, 31.108, 30.73, 31.108, 1, 60.976, 60.976, 0.024, 0.131, 51.49, 52.125, 51.49, 52.125, 5.235, 7.378, 12.083, , , 1, 26.601, 0.776, 0, 14.5, 3.136, 210, 0, 0, 0, 76, 10.964, 10.696, 134.6, 61.295, 100, 0, 0, 40.762, 41.262, 23.365, 1.561, 111.935, 0, 0, 116.283, 61.46, 0, 0, 0.776, 0, 0, 14, 0, 14.5, 0, 3.136, 210, 0, 0, 0, 76, 1, 0.011, 0.011, 134.6, 61.295, 100, 0, 0, 141, 40.762, 41.262, 23.365, 1.561, 0, 111.935, 0, 0, 116.283, 61.46, 0, 0, 0, 0, 
26.55, 18.53, 100.3, 74.3, 75.09, , 7.995, 0.988, 2365.984, 2365.984, 3.158, 191.884, 191.884, 191.884, 51.41, 47.824, 36.058, 36.058, 7.378, 12.11, 0, 0, 31.021, 31.402, 31.021, 31.402, 1, 61.37, 61.37, 0.024, 0.131, 51.636, 52.273, 51.636, 52.273, 5.257, 7.378, 12.11, , , 1, 26.65, 0.788, 0, 14.5, 3.158, 210, 0, 0, 0, 76, 11.095, 10.714, 134.6, 62.391, 100, 0, 0, 40.517, 41.017, 24.071, 1.593, 112, 0, 0, 116.267, 61.97, 0, 0, 0.788, 0, 0, 14, 0, 14.5, 0, 3.162, 210, 0, 0, 0, 76, 1, 0.011, 0.011, 134.6, 62.391, 100, 0, 0, 141, 40.517, 41.017, 24.071, 1.593, 0, 112, 0, 0, 116.267, 61.97, 0, 0, 0, 0, 
26.6, 18.53, 100.3, 74.3, 75.09, , 8.001, 0.988, 2370.422, 2370.422, 3.169, 192.022, 192.022, 192.022, 51.421, 63.605, 35.949, 35.949, 7.377, 12.137, 0, 0, 31.242, 31.626, 31.242, 31.626, 1, 61.767, 61.767, 0.024, 0.131, 51.662, 52.299, 51.662, 52.299, 5.278, 7.377, 12.137, , , 1, 26.7, 0.75, 0, 14.5, 3.169, 210, 0, 0, 0, 76, 11.033, 10.725, 134.6, 62.583, 100, 0, 0, 40.569, 41.069, 24.279, 1.601, 112, 0, 0, 116.319, 62.423, 0, 0, 0.75, 0, 0, 14, 0, 14.5, 0, 3.182, 210, 0, 0, 0, 76, 1, 0.011, 0.011, 134.6, 62.583, 100, 0, 0, 141, 40.569, 41.069, 24.279, 1.601, 0, 112, 0, 0, 116.319, 62.423, 0, 0, 0, 0, 
26.65, 18.53, 100.3, 74.3, 75.09, , 7.99, 0.988, 2374.875, 2374.875, 3.18, 191.765, 191.765, 191.765, 51.43, 64.314, 35.841, 35.841, 7.377, 12.171, 0, 0, 31.399, 31.785, 31.399, 31.785, 1, 62.154, 62.154, 0.024, 0.132, 51.587, 52.221, 51.587, 52.221, 5.3, 7.377, 12.171, , , 1, 26.751, 0.713, 0, 14.5, 3.18, 210, 0, 0, 0, 76, 10.97, 10.737, 134.6, 62.776, 100, 0, 0, 40.621, 41.121, 24.488, 1.609, 112, 0, 0, 116.371, 62.876, 0, 0, 0.713, 0, 0, 14, 0, 14.5, 0, 3.203, 210, 0, 0, 0, 76, 1, 0.011, 0.011, 134.6, 62.776, 100, 0, 0, 141, 40.621, 41.121, 24.488, 1.609, 0, 112, 0, 0, 116.371, 62.876, 0, 0, 0, 0, 
26.7, 18.53, 100.3, 74.3, 75.09, , 7.973, 0.988, 2379.41, 2379.41, 3.19, 191.387, 191.387, 191.387, 51.434, 65.022, 35.732, 35.732, 7.377, 12.206, 0, 0, 31.536, 31.923, 31.536, 31.923, 1, 62.552, 62.552, 0.024, 0.132, 51.482, 52.114, 51.482, 52.114, 5.321, 7.377, 12.206, , , 1, 26.801, 0.675, 0, 14.5, 3.19, 210, 0, 0, 0, 76, 10.908, 10.748, 134.6, 62.969, 100, 0, 0, 40.673, 41.173, 24.696, 1.618, 112, 0, 0, 116.424, 63.329, 0, 0, 0.675, 0, 0, 14, 0, 14.5, 0, 3.224, 210, 0, 0, 0, 76, 1, 0.011, 0.011, 134.6, 62.969, 100, 0, 0, 141, 40.673, 41.173, 24.696, 1.618, 0, 112, 0, 0, 116.424, 63.329, 0, 0, 0, 0, 
26.75, 18.53, 100.3, 74.3, 75.09, , 7.932, 0.988, 2383.989, 2383.989, 3.201, 190.426, 190.426, 190.426, 51.436, 65.731, 35.624, 35.624, 7.377, 12.234, 0, 0, 31.573, 31.961, 31.573, 31.961, 1, 62.94, 62.94, 0.024, 0.132, 51.223, 51.852, 51.223, 51.852, 5.321, 7.377, 12.234, , , 1, 26.851, 0.637, 0, 14.5, 3.201, 210, 0, 0, 0, 76, 10.845, 10.759, 134.6, 63.161, 100, 0, 0, 40.725, 41.225, 24.904, 1.626, 112, 0, 0, 116.476, 63.782, 0, 0, 0.637, 0, 0, 14, 0, 14.5, 0, 3.245, 210, 0, 0, 0, 76, 1, 0.011, 0.011, 134.6, 63.161, 100, 0, 0, 141, 40.725, 41.225, 24.904, 1.626, 0, 112, 0, 0, 116.476, 63.782, 0, 0, 0, 0, 
26.8, 18.53, 100.3, 74.3, 75.09, , 7.822, 0.988, 2388.568, 2388.568, 3.217, 187.825, 187.825, 187.825, 51.434, 66.439, 35.516, 35.684, 7.378, 12.26, 0, 0, 31.331, 31.717, 31.331, 31.717, 1, 63.33, 63.33, 0.024, 0.132, 50.524, 51.145, 50.524, 51.145, 5.318, 7.378, 12.26, , , 1, 26.901, 0.551, 0, 14.5, 3.217, 210.224, 0, 0, 0, 76, 10.777, 10.776, 134.6, 63.146, 100, 0, 0, 40.831, 41.331, 25, 1.629, 112.336, 0, 0, 116.724, 64.134, 0, 0, 0.551, 0, 0, 14, 0, 14.5, 0, 3.26, 210.224, 0, 0, 0, 76, 1, 0.01, 0.011, 134.6, 63.146, 100, 0, 0, 141, 40.831, 41.331, 25, 1.629, 0, 112.336, 0, 0, 116.724, 64.134, 0, 0, 0, 0, 
26.85, 18.53, 100.3, 74.3, 75.09, , 7.627, 0.988, 2393.146, 2393.146, 3.237, 183.192, 183.192, 183.192, 51.436, 67.148, 35.408, 35.792, 7.378, 12.282, 0, 0, 30.735, 31.114, 30.735, 31.114, 1, 63.711, 63.711, 0.024, 0.132, 49.276, 49.882, 49.276, 49.882, 5.315, 7.378, 12.282, , , 1, 26.951, 0.422, 0, 14.5, 3.237, 210.639, 0, 0, 0, 76, 10.703, 10.798, 134.6, 62.955, 100, 0, 0, 40.988, 41.488, 25, 1.627, 112.959, 0, 0, 117.139, 64.393, 0, 0, 0.422, 0, 0, 14, 0, 14.5, 0, 3.27, 210.639, 0, 0, 0, 76, 1, 0.01, 0.011, 134.6, 62.955, 100, 0, 0, 141, 40.988, 41.488, 25, 1.627, 0, 112.959, 0, 0, 117.139, 64.393, 0, 0, 0, 0, 
26.9, 18.53, 100.3, 74.3, 75.09, , 7.33, 0.988, 2397.764, 2397.764, 3.257, 176.168, 176.168, 176.168, 51.447, 67.856, 35.3, 35.9, 7.379, 12.302, 0, 0, 29.72, 30.086, 29.72, 30.086, 1, 64.086, 64.086, 0.024, 0.133, 47.377, 47.96, 47.377, 47.96, 5.313, 7.379, 12.302, , , 1, 27.001, 0.293, 0, 14.5, 3.257, 211.054, 0, 0, 0, 76, 10.629, 10.82, 134.6, 62.763, 100, 0, 0, 41.144, 41.644, 25, 1.625, 113.581, 0, 0, 117.554, 64.651, 0, 0, 0.293, 0, 0, 14, 0, 14.5, 0, 3.28, 211.054, 0, 0, 0, 76, 1, 0.01, 0.011, 134.6, 62.763, 100, 0, 0, 141, 41.144, 41.644, 25, 1.625, 0, 113.581, 0, 0, 117.554, 64.651, 0, 0, 0, 0, 
26.95, 18.53, 100.3, 74.3, 75.09, , 6.886, 0.988, 2402.435, 2402.435, 3.277, 165.645, 165.645, 165.645, 51.472, 68.565, 35.192, 36.008, 7.379, 12.314, 0, 0, 28.09, 28.437, 28.09, 28.437, 1, 64.441, 64.441, 0.024, 0.133, 44.528, 45.075, 44.528, 45.075, 5.325, 7.379, 12.314, , , 1, 27.051, 0.165, 0, 14.5, 3.277, 211.469, 0, 0, 0, 76, 10.555, 10.842, 134.6, 62.572, 100, 0, 0, 41.3, 41.8, 25, 1.623, 114.203, 0, 0, 117.969, 64.909, 0, 0, 0.165, 0, 0, 14, 0, 14.5, 0, 3.29, 211.469, 0, 0, 0, 76, 1, 0.01, 0.011, 134.6, 62.572, 100, 0, 0, 141, 41.3, 41.8, 25, 1.623, 0, 114.203, 0, 0, 117.969, 64.909, 0, 0, 0, 0, 
27, 18.53, 100.3, 74.3, 75.09, , 6.297, 0.988, 2407.105, 2407.105, 3.297, 151.656, 151.656, 151.656, 51.517, 69.273, 35.084, 36.116, 7.38, 12.324, 0, 0, 25.842, 26.161, 25.842, 26.161, 1, 64.767, 64.767, 0.024, 0.133, 40.738, 41.238, 40.738, 41.238, 5.346, 7.38, 12.324, , , 1, 27.101, 0.036, 0, 14.5, 3.297, 211.884, 0, 0, 0, 76, 10.481, 10.864, 134.6, 62.38, 100, 0, 0, 41.456, 41.956, 25, 1.621, 114.826, 0, 0, 118.384, 65.168, 0, 0, 0.036, 0, 0, 14, 0, 14.5, 0, 3.3, 211.884, 0, 0, 0, 76, 1, 0.01, 0.011, 134.6, 62.38, 100, 0, 0, 141, 41.456, 41.956, 25, 1.621, 0, 114.826, 0, 0, 118.384, 65.168, 0, 0, 0, 0, 
27.05, 18.53, 100.3, 74.3, 75.09, , 5.643, 0.988, 2411.817, 2411.817, 3.317, 136.17, 136.17, 136.17, 51.586, 69.982, 35.172, 36.028, 7.38, 12.329, 0, 0, 23.308, 23.596, 23.308, 23.596, 1, 65.06, 65.06, 0.024, 0.133, 36.536, 36.986, 36.536, 36.986, 5.366, 7.38, 12.329, , , 1, 27.151, 0, 0.046, 14.5, 3.317, 212, 0, 0, 0, 75.712, 10.126, 10.396, 134.6, 61.293, 100, 0, 0, 42.004, 42.432, 24.26, 1.593, 115.432, 0, 0, 119.148, 65.42, 0, 0, 0, 0, 0, 14, 0.046, 14.5, 0, 3.318, 212, 0, 0, 0, 75.712, 1, 0.01, 0.011, 134.6, 61.293, 100, 0, 0, 141, 42.004, 42.432, 24.26, 1.593, 0, 115.432, 0, 0, 119.148, 65.42, 0, 0, 0, 0, 
27.1, 18.53, 100.3, 74.3, 75.09, , 5.022, 0.988, 2416.583, 2416.583, 3.337, 121.44, 121.44, 121.44, 51.661, 70.69, 35.315, 35.885, 7.379, 12.333, 0, 0, 20.875, 21.132, 20.875, 21.132, 1, 65.327, 65.327, 0.024, 0.134, 32.538, 32.939, 32.538, 32.939, 5.387, 7.379, 12.333, , , 1, 27.201, 0, 0.11, 14.5, 3.337, 212, 0, 0, 0, 75.312, 9.662, 9.738, 134.6, 59.891, 100, 0, 0, 42.704, 43.032, 23.26, 1.555, 116.032, 0, 0, 120.048, 65.67, 0, 0, 0, 0, 0, 14, 0.11, 14.5, 0, 3.337, 212, 0, 0, 0, 75.312, 1, 0.009, 0.01, 134.6, 59.891, 100, 0, 0, 141, 42.704, 43.032, 23.26, 1.555, 0, 116.032, 0, 0, 120.048, 65.67, 0, 0, 0, 0, 
27.15, 18.53, 100.3, 74.3, 75.09, , 4.492, 0.988, 2421.348, 2421.348, 3.357, 108.861, 108.861, 108.861, 51.729, 71.399, 35.459, 35.741, 7.379, 12.327, 0, 0, 18.786, 19.017, 18.786, 19.017, 1, 65.563, 65.563, 0.024, 0.134, 29.126, 29.485, 29.126, 29.485, 5.406, 7.379, 12.327, , , 1, 27.251, 0, 0.174, 14.5, 3.357, 212, 0, 0, 0, 74.912, 9.198, 9.08, 134.6, 58.489, 100, 0, 0, 43.404, 43.632, 22.26, 1.517, 116.632, 0, 0, 120.948, 65.92, 0, 0, 0, 0, 0, 14, 0.174, 14.5, 0, 3.357, 212, 0, 0, 0, 74.912, 1, 0.009, 0.009, 134.6, 58.489, 100, 0, 0, 141, 43.404, 43.632, 22.26, 1.517, 0, 116.632, 0, 0, 120.948, 65.92, 0, 0, 0, 0, 
27.2, 18.53, 100.3, 74.3, 75.09, , 4.1, 0.988, 2426.114, 2426.114, 3.377, 99.579, 99.579, 99.579, 51.786, 72.107, 35.602, 35.598, 7.378, 12.317, 0, 0, 17.245, 17.458, 17.245, 17.458, 1, 65.774, 65.774, 0.024, 0.134, 26.608, 26.937, 26.608, 26.937, 5.422, 7.378, 12.317, , , 1, 27.301, 0, 0.238, 14.5, 3.377, 212, 0, 0, 0, 74.512, 8.734, 8.422, 134.6, 57.087, 100, 0, 0, 44.104, 44.232, 21.26, 1.479, 117.232, 0, 0, 121.848, 66.17, 0, 0, 0, 0, 0, 14, 0.238, 14.5, 0, 3.377, 212, 0, 0, 0, 74.512, 1, 0.009, 0.009, 134.6, 57.087, 100, 0, 0, 141, 44.104, 44.232, 21.26, 1.479, 0, 117.232, 0, 0, 121.848, 66.17, 0, 0, 0, 0, 
27.25, 18.53, 100.3, 74.3, 75.09, , 3.864, 0.988, 2430.879, 2430.879, 3.397, 93.987, 93.987, 93.987, 51.825, 72.815, 35.746, 35.454, 7.378, 12.304, 0, 0, 16.341, 16.543, 16.341, 16.543, 1, 65.977, 65.977, 0.024, 0.134, 25.09, 25.401, 25.09, 25.401, 5.439, 7.378, 12.304, , , 1, 27.351, 0, 0.302, 14.5, 3.397, 212, 0, 0, 0, 74.112, 8.27, 7.764, 134.6, 55.685, 100, 0, 0, 44.804, 44.832, 20.26, 1.441, 117.832, 0, 0, 122.748, 66.42, 0, 0, 0, 0, 0, 14, 0.302, 14.5, 0, 3.397, 212, 0, 0, 0, 74.112, 1, 0.008, 0.008, 134.6, 55.685, 100, 0, 0, 141, 44.804, 44.832, 20.26, 1.441, 0, 117.832, 0, 0, 122.748, 66.42, 0, 0, 0, 0, 
27.3, 18.53, 100.3, 74.3, 75.09, , 3.733, 0.988, 2437.011, 2437.011, 3.41, 90.869, 90.869, 90.869, 51.846, 73.524, 35.698, 35.475, 7.377, 12.29, 0, 0, 15.856, 16.051, 15.856, 16.051, 1, 66.249, 66.249, 0.024, 0.134, 24.249, 24.549, 24.249, 24.549, 5.456, 7.377, 12.29, , , 1, 27.401, 0, 0.281, 14.5, 3.41, 211.705, 0, 0, 0, 72.848, 7.911, 7.371, 134.341, 53.408, 100, 0, 0, 45.144, 45.144, 19.112, 1.384, 117.064, 0, 0, 122.352, 66.579, 0, 0, 0, 0, 0, 14, 0.281, 14.5, 0, 3.41, 211.704, 0, 0, 0, 72.848, 1, 0.008, 0.008, 134.341, 53.408, 100, 0, 0, 141, 45.144, 45.144, 19.112, 1.384, 0, 117.064, 0, 0, 122.352, 66.579, 0, 0, 0, 0, 
27.35, 18.53, 100.3, 74.3, 75.09, , 3.661, 0.988, 2442.897, 2442.897, 3.42, 89.172, 89.172, 89.172, 51.856, 74.232, 35.589, 35.547, 7.377, 12.283, 0, 0, 15.604, 15.795, 15.604, 15.795, 1, 66.433, 66.433, 0.024, 0.134, 23.792, 24.086, 23.792, 24.086, 5.467, 7.377, 12.283, , , 1, 27.451, 0, 0.227, 14.5, 3.42, 211.307, 0, 0, 0, 71.248, 7.593, 7.081, 133.981, 50.824, 100, 0, 0, 45.344, 45.344, 17.912, 1.32, 115.764, 0, 0, 121.452, 66.703, 0, 0, 0, 0, 0, 14, 0.227, 14.5, 0, 3.42, 211.304, 0, 0, 0, 71.248, 1, 0.008, 0.007, 133.981, 50.824, 100, 0, 0, 141, 45.344, 45.344, 17.912, 1.32, 0, 115.764, 0, 0, 121.452, 66.703, 0, 0, 0, 0, 
27.4, 18.53, 100.3, 74.3, 75.09, , 3.61, 0.988, 2447.701, 2447.701, 3.43, 87.975, 87.975, 87.975, 51.866, 74.941, 35.481, 35.62, 7.377, 12.28, 0, 0, 15.436, 15.625, 15.436, 15.625, 1, 66.611, 66.611, 0.024, 0.134, 23.467, 23.758, 23.467, 23.758, 5.462, 7.377, 12.28, , , 1, 27.501, 0, 0.173, 14.5, 3.43, 210.908, 0, 0, 0, 69.648, 7.275, 6.791, 133.621, 48.24, 100, 0, 0, 45.544, 45.544, 16.712, 1.256, 114.464, 0, 0, 120.552, 66.827, 0, 0, 0, 0, 0, 14, 0.173, 14.5, 0, 3.43, 210.904, 0, 0, 0, 69.648, 1, 0.007, 0.007, 133.621, 48.24, 100, 0, 0, 141, 45.544, 45.544, 16.712, 1.256, 0, 114.464, 0, 0, 120.552, 66.827, 0, 0, 0, 0, 
27.45, 18.53, 100.3, 74.3, 75.09, , 3.56, 0.988, 2452.53, 2452.53, 3.441, 86.778, 86.778, 86.778, 51.877, 75.649, 35.372, 35.692, 7.377, 12.294, 0, 0, 15.266, 15.453, 15.266, 15.453, 1, 66.79, 66.79, 0.024, 0.134, 23.143, 23.43, 23.143, 23.43, 5.456, 7.377, 12.294, , , 1, 27.551, 0, 0.119, 14.5, 3.441, 210.51, 0, 0, 0, 68.048, 6.957, 6.501, 133.261, 45.656, 100, 0, 0, 45.744, 45.744, 15.512, 1.192, 113.164, 0, 0, 119.652, 66.951, 0, 0, 0, 0, 0, 14, 0.119, 14.5, 0, 3.441, 210.504, 0, 0, 0, 68.048, 1, 0.007, 0.007, 133.261, 45.656, 100, 0, 0, 141, 45.744, 45.744, 15.512, 1.192, 0, 113.164, 0, 0, 119.652, 66.951, 0, 0, 0, 0, 
27.5, 18.53, 100.3, 74.3, 75.09, , 3.448, 0.988, 2457.393, 2457.393, 3.451, 84.139, 84.139, 84.139, 51.89, 76.358, 35.264, 35.764, 7.378, 12.317, 0, 0, 14.839, 15.022, 14.839, 15.022, 1, 66.964, 66.964, 0.024, 0.134, 22.435, 22.712, 22.435, 22.712, 5.451, 7.378, 12.317, , , 1, 27.6, 0, 0.065, 14.5, 3.451, 210.112, 0, 0, 0, 66.448, 6.639, 6.211, 132.901, 43.072, 100, 0, 0, 45.944, 45.944, 14.312, 1.128, 111.864, 0, 0, 118.752, 67.075, 0, 0, 0, 0, 0, 14, 0.065, 14.5, 0, 3.451, 210.104, 0, 0, 0, 66.448, 1, 0.007, 0.006, 132.901, 43.072, 100, 0, 0, 141, 45.944, 45.944, 14.312, 1.128, 0, 111.864, 0, 0, 118.752, 67.075, 0, 0, 0, 0, 
27.55, 18.53, 100.3, 74.3, 75.09, , 3.145, 0.988, 2462.333, 2462.333, 3.461, 76.955, 76.955, 76.955, 51.902, 77.066, 35.38, 35.752, 7.378, 12.35, 0, 0, 13.601, 13.769, 13.601, 13.769, 1, 67.131, 67.131, 0.024, 0.134, 20.516, 20.769, 20.516, 20.769, 5.447, 7.378, 12.35, , , 1, 27.651, 0, 0.056, 14.5, 3.461, 210.278, 0, 0, 0, 65.862, 6.529, 6.055, 132.8, 42.138, 100, 0, 0, 46, 46, 13.858, 1.107, 111.569, 0, 0, 118.431, 67.282, 0, 0, 0, 0, 0, 14, 0.056, 14.5, 0, 3.461, 210.285, 0, 0, 0, 65.862, 1, 0.007, 0.006, 132.8, 42.138, 100, 0, 0, 141, 46, 46, 13.858, 1.107, 0, 111.569, 0, 0, 118.431, 67.282, 0, 0, 0, 0, 
27.6, 18.53, 100.3, 74.3, 75.09, , 2.587, 0.988, 2467.221, 2467.221, 3.471, 63.72, 63.72, 63.72, 51.912, 77.775, 35.56, 35.716, 7.379, 12.391, 0, 0, 11.278, 11.418, 11.278, 11.418, 1, 67.275, 67.275, 0.024, 0.134, 16.984, 17.194, 16.984, 17.194, 5.466, 7.379, 12.391, , , 1, 27.701, 0, 0.063, 14.5, 3.471, 210.664, 0, 0, 0, 65.669, 6.5, 5.951, 132.8, 41.784, 100, 0, 0, 46, 46, 13.665, 1.103, 111.666, 0, 0, 118.334, 67.52, 0, 0, 0, 0, 0, 14, 0.063, 14.5, 0, 3.471, 210.669, 0, 0, 0, 65.669, 1, 0.007, 0.006, 132.8, 41.784, 100, 0, 0, 141, 46, 46, 13.665, 1.103, 0, 111.666, 0, 0, 118.334, 67.52, 0, 0, 0, 0, 
27.65, 18.53, 100.3, 74.3, 75.09, , 1.732, 0.988, 2472.085, 2472.085, 3.481, 43.425, 43.425, 43.425, 51.931, 78.483, 35.74, 35.68, 7.379, 12.432, 0, 0, 7.692, 7.789, 7.692, 7.789, 1, 67.384, 67.384, 0.024, 0.134, 11.574, 11.718, 11.574, 11.718, 5.485, 7.379, 12.432, , , 1, 27.751, 0, 0.071, 14.5, 3.481, 211.05, 0, 0, 0, 65.477, 6.472, 5.848, 132.8, 41.43, 100, 0, 0, 46, 46, 13.473, 1.1, 111.763, 0, 0, 118.237, 67.759, 0, 0, 0, 0, 0, 14, 0.071, 14.5, 0, 3.481, 211.054, 0, 0, 0, 65.477, 1, 0.006, 0.006, 132.8, 41.43, 100, 0, 0, 141, 46, 46, 13.473, 1.1, 0, 111.763, 0, 0, 118.237, 67.759, 0, 0, 0, 0, 
27.7, 18.53, 100.3, 74.3, 75.09, , 0.034, 0.988, 2477.038, 2477.038, 3.491, 3.156, 3.156, 3.156, 51.979, 79.192, 35.92, 35.644, 7.38, 12.473, 0, 0, 0.562, 0.569, 0.562, 0.569, 1, 67.431, 67.431, 0.024, 0.134, 0.877, 0.889, 0.877, 0.889, 5.504, 7.38, 12.473, , , 1, 27.801, 0, 0.079, 14.5, 3.491, 211.436, 0, 0, 0, 65.285, 6.443, 5.744, 132.8, 41.077, 100, 0, 0, 46, 46, 13.281, 1.096, 111.859, 0, 0, 118.141, 67.997, 0, 0, 0, 0, 0, 14, 0.079, 14.5, 0, 3.491, 211.438, 0, 0, 0, 65.285, 1, 0.006, 0.006, 132.8, 41.077, 100, 0, 0, 141, 46, 46, 13.281, 1.096, 0, 111.859, 0, 0, 118.141, 67.997, 0, 0, 0, 0, 
27.75, 18.53, 100.3, 74.3, 75.09, , -1.585, 0.988, 2482.006, 2482.006, 3.5, -35.251, -35.251, -35.251, 52.074, 79.9, 36.1, 35.608, 7.38, 12.513, 0, 0, -6.229, -6.306, -6.229, -6.306, 1, 67.392, 67.392, 0.024, 0.134, -9.297, -9.408, -9.297, -9.408, 5.523, 7.38, 12.513, , , 1, 27.85, 0, 0.086, 14.5, 3.5, 211.822, 0, 0, 0, 65.092, 6.414, 5.64, 132.8, 40.723, 100, 0, 0, 46, 46, 13.088, 1.092, 111.956, 0, 0, 118.044, 68.236, 0, 0, 0, 0, 0, 14, 0.086, 14.5, 0, 3.5, 211.823, 0, 0, 0, 65.092, 1, 0.006, 0.006, 132.8, 40.723, 100, 0, 0, 141, 46, 46, 13.088, 1.092, 0, 111.956, 0, 0, 118.044, 68.236, 0, 0, 0, 0, 
27.8, 18.53, 100.3, 74.3, 75.09, , -2.837, 0.988, 2486.971, 2486.971, 3.506, -64.963, -64.963, -64.963, 52.196, 80.609, 36.028, 35.628, 7.379, 12.553, 0, 0, -11.477, -11.619, -11.477, -11.619, 1, 67.282, 67.282, 0.024, 0.134, -17.152, -17.36, -17.152, -17.36, 5.553, 7.379, 12.553, , , 1, 27.9, 0, 0.094, 14.284, 3.506, 212, 0, 0, 0, 63.856, 5.98, 5.267, 132.987, 39.085, 100, 0, 0, 44.336, 44.336, 12.136, 1.043, 109.462, 0, 0, 115.311, 68.221, 0, 0, 0, 0, 0, 14, 0.094, 14.284, 0, 3.506, 212, 0, 0, 0, 63.856, 1, 0.006, 0.006, 132.987, 39.085, 100, 0, 0, 141, 44.336, 44.336, 12.136, 1.043, 0, 109.462, 0, 0, 115.3, 68.221, 0, 0, 0, 0, 
27.85, 18.53, 100.3, 74.3, 75.09, , -3.803, 0.988, 2491.843, 2491.843, 3.509, -87.89, -87.89, -87.89, 52.326, 81.317, 35.884, 35.664, 7.379, 12.67, 0, 0, -15.514, -15.705, -15.514, -15.705, 1, 67.114, 67.114, 0.024, 0.134, -23.2, -23.481, -23.2, -23.481, 5.587, 7.379, 12.67, , , 1, 27.95, 0, 0.102, 13.884, 3.509, 212, 0, 0, 0, 61.656, 5.172, 4.645, 133.347, 36.353, 100, 0, 0, 41.136, 41.136, 10.536, 0.953, 104.762, 0, 0, 110.331, 67.973, 0, 0, 0, 0, 0, 14, 0.102, 13.884, 0, 3.509, 212, 0, 0, 0, 61.656, 1, 0.005, 0.005, 133.347, 36.353, 100, 0, 0, 141, 41.136, 41.136, 10.536, 0.953, 0, 104.762, 0, 0, 110.3, 67.973, 0, 0, 0, 0, 
27.9, 18.53, 100.3, 74.3, 75.09, , -4.503, 0.988, 2496.81, 2496.81, 3.512, -104.5, -104.5, -104.5, 52.457, 82.026, 35.74, 35.7, 7.378, 12.854, 0, 0, -18.415, -18.644, -18.415, -18.644, 1, 66.902, 66.902, 0.024, 0.134, -27.559, -27.894, -27.559, -27.894, 5.621, 7.378, 12.854, , , 1, 28.001, 0, 0.11, 13.484, 3.512, 212, 0, 0, 0, 59.456, 4.364, 4.023, 133.707, 33.621, 100, 0, 0, 37.936, 37.936, 8.936, 0.863, 100.062, 0, 0, 105.351, 67.725, 0, 0, 0, 0, 0, 14, 0.11, 13.484, 0, 3.512, 212, 0, 0, 0, 59.456, 1, 0.004, 0.004, 133.707, 33.621, 100, 0, 0, 141, 37.936, 37.936, 8.936, 0.863, 0, 100.062, 0, 0, 105.3, 67.725, 0, 0, 0, 0, 
27.95, 18.53, 100.3, 74.3, 75.09, , -4.862, 0.988, 2501.779, 2501.779, 3.514, -113.005, -113.005, -113.005, 52.577, 82.734, 35.596, 35.736, 7.378, 13.247, 0, 0, -19.86, -20.106, -19.86, -20.106, 1, 66.665, 66.665, 0.024, 0.134, -29.757, -30.119, -29.757, -30.119, 5.655, 7.378, 13.247, , , 1, 28.051, 0, 0.118, 13.084, 3.514, 212, 0, 0, 0, 57.256, 3.556, 3.401, 134.067, 30.889, 100, 0, 0, 34.736, 34.736, 7.336, 0.773, 95.362, 0, 0, 100.371, 67.477, 0, 0, 0, 0, 0, 14, 0.118, 13.084, 0, 3.514, 212, 0, 0, 0, 57.256, 1, 0.003, 0.003, 134.067, 30.889, 100, 0, 0, 141, 34.736, 34.736, 7.336, 0.773, 0, 95.362, 0, 0, 100.3, 67.477, 0, 0, 0, 0, 
28, 18.53, 100.3, 74.3, 75.09, , -4.699, 0.988, 2506.72, 2506.72, 3.517, -109.152, -109.152, -109.152, 52.67, 83.443, 35.452, 35.772, 7.377, 13.832, 0, 0, -19.103, -19.339, -19.103, -19.339, 1, 66.423, 66.423, 0.024, 0.134, -28.679, -29.029, -28.679, -29.029, 5.678, 7.377, 13.832, , , 1, 28.101, 0, 0.126, 12.684, 3.517, 212, 0, 0, 0, 55.056, 2.748, 2.779, 134.427, 28.157, 100, 0, 0, 31.536, 31.536, 5.736, 0.683, 90.662, 0, 0, 95.39, 67.229, 0, 0, 0, 0, 0, 14, 0.126, 12.684, 0, 3.517, 212, 0, 0, 0, 55.056, 1, 0.002, 0.002, 134.427, 28.157, 100, 0, 0, 141, 31.536, 31.536, 5.736, 0.683, 0, 90.662, 0, 0, 95.3, 67.229, 0, 0, 0, 0, 
28.05, 18.53, 100.3, 74.3, 75.09, , -4.766, 0.988, 2510.854, 2510.854, 3.513, -110.75, -110.75, -110.75, 52.704, 84.151, 35.448, 35.892, 7.377, 14.671, 0, 0, -19.327, -19.564, -19.327, -19.564, 1, 66.287, 66.287, 0.024, 0.134, -29.068, -29.423, -29.068, -29.423, 5.699, 7.377, 14.671, , , 1, 28.151, 0, 0.117, 12.511, 3.513, 212, 0, 0, 0, 53.168, 2.34, 2.438, 134.413, 25.626, 100, 0, 0, 30, 30, 4.46, 0.631, 88.124, 0, 0, 92.688, 66.981, 0, 0, 0, 0, 0, 14, 0.117, 12.511, 0, 3.513, 212, 0, 0, 0, 53.168, 1, 0.002, 0.002, 134.413, 25.626, 100, 0, 0, 141, 30, 30, 4.46, 0.631, 0, 88.124, 0, 0, 92.677, 66.981, 0, 0, 0, 0, 
28.1, 18.53, 100.3, 74.3, 75.09, , -5.505, 0.988, 2514.114, 2514.114, 3.503, -128.28, -128.28, -128.28, 52.742, 84.86, 35.484, 36.036, 7.377, 15.765, 0, 0, -22.284, -22.557, -22.284, -22.557, 1, 66.053, 66.053, 0.024, 0.134, -33.633, -34.047, -33.633, -34.047, 5.719, 7.377, 15.765, , , 1, 28.2, 0, 0.093, 12.531, 3.503, 212, 0, 0, 0, 51.568, 2.302, 2.358, 134.053, 23.266, 100, 0, 0, 30, 30, 3.46, 0.613, 87.426, 0, 0, 92.088, 66.733, 0, 0, 0, 0, 0, 14, 0.093, 12.531, 0, 3.503, 212, 0, 0, 0, 51.568, 1, 0.002, 0.002, 134.053, 23.266, 100, 0, 0, 141, 30, 30, 3.46, 0.613, 0, 87.426, 0, 0, 92.08, 66.733, 0, 0, 0, 0, 
28.15, 18.53, 100.3, 74.3, 75.09, , -6.455, 0.988, 2518.978, 2518.978, 3.494, -150.829, -150.829, -150.829, 52.777, 85.568, 35.52, 36.18, 7.377, 16.967, 0, 0, -26.071, -26.391, -26.071, -26.391, 1, 65.753, 65.753, 0.024, 0.134, -39.519, -40.006, -39.519, -40.006, 5.74, 7.377, 16.967, , , 1, 28.251, 0, 0.069, 12.551, 3.494, 212, 0, 0, 0, 49.968, 2.264, 2.278, 133.693, 20.906, 100, 0, 0, 30, 30, 2.46, 0.595, 86.729, 0, 0, 91.488, 66.485, 0, 0, 0, 0, 0, 14, 0.069, 12.551, 0, 3.494, 212, 0, 0, 0, 49.968, 1, 0.002, 0.002, 133.693, 20.906, 100, 0, 0, 141, 30, 30, 2.46, 0.595, 0, 86.729, 0, 0, 91.482, 66.485, 0, 0, 0, 0, 
28.2, 18.53, 100.3, 74.3, 75.09, , -7.713, 0.988, 2523.843, 2523.843, 3.484, -180.68, -180.68, -180.68, 52.812, 86.277, 35.556, 36.324, 7.377, 18.287, 0, 0, -31.052, -31.433, -31.052, -31.433, 1, 65.4, 65.4, 0.024, 0.134, -47.308, -47.892, -47.308, -47.892, 5.744, 7.377, 18.287, , , 1, 28.301, 0, 0.045, 12.571, 3.484, 212, 0, 0, 0, 48.368, 2.226, 2.198, 133.333, 18.546, 100, 0, 0, 30, 30, 1.46, 0.577, 86.032, 0, 0, 90.888, 66.237, 0, 0, 0, 0, 0, 14, 0.045, 12.571, 0, 3.484, 212, 0, 0, 0, 48.368, 1, 0.002, 0.002, 133.333, 18.546, 100, 0, 0, 141, 30, 30, 1.46, 0.577, 0, 86.032, 0, 0, 90.884, 66.237, 0, 0, 0, 0, 
28.25, 18.53, 100.3, 74.3, 75.09, , -9.204, 0.988, 2528.708, 2528.708, 3.474, -216.066, -216.066, -216.066, 52.867, 86.985, 35.592, 36.468, 7.377, 19.477, 0, 0, -36.88, -37.333, -36.88, -37.333, 1, 64.969, 64.969, 0.024, 0.134, -56.514, -57.21, -56.514, -57.21, 5.737, 7.377, 19.477, , , 1, 28.351, 0, 0.021, 12.59, 3.474, 212, 0, 0, 0, 46.768, 2.188, 2.118, 132.973, 16.186, 100, 0, 0, 30, 30, 0.46, 0.559, 85.335, 0, 0, 90.288, 65.989, 0, 0, 0, 0, 0, 14, 0.021, 12.59, 0, 3.474, 212, 0, 0, 0, 46.768, 1, 0.002, 0.002, 132.973, 16.186, 100, 0, 0, 141, 30, 30, 0.46, 0.559, 0, 85.335, 0, 0, 90.287, 65.989, 0, 0, 0, 0, 
28.3, 18.53, 100.3, 74.3, 75.09, , -10.674, 0.988, 2533.523, 2533.523, 3.458, -250.955, -250.955, -250.955, 52.942, 87.694, 35.517, 36.307, 7.377, 20.515, 0, 0, -42.488, -43.012, -42.488, -43.012, 1, 64.468, 64.468, 0.024, 0.134, -65.536, -66.343, -65.536, -66.343, 5.729, 7.377, 20.515, , , 1, 28.401, 0, 0.009, 12.6, 3.458, 212, 0, 0, 0, 46, 1.936, 1.856, 132.8, 15.265, 100, 0, 0, 30, 30, 0, 0.55, 84.946, 0, 0, 89.946, 65.534, 0, 0, 0, 0, 0, 14, 0.009, 12.6, 0, 3.458, 212, 0, 0, 0, 46, 1, 0.002, 0.002, 132.8, 15.265, 100, 0, 0, 141, 30, 30, 0, 0.55, 0, 84.946, 0, 0, 89.946, 65.534, 0, 0, 0, 0, 
28.35, 18.53, 100.3, 74.3, 75.09, , -12.19, 0.988, 2538.289, 2538.289, 3.435, -286.933, -286.933, -286.933, 53.026, 88.402, 35.412, 36.06, 7.377, 21.322, 0, 0, -48.13, -48.724, -48.13, -48.724, 1, 63.889, 63.889, 0.024, 0.134, -74.801, -75.722, -74.801, -75.722, 5.722, 7.377, 21.322, , , 1, 28.451, 0, 0.007, 12.6, 3.435, 212, 0, 0, 0, 46, 1.486, 1.424, 132.8, 15.57, 100, 0, 0, 30, 30, 0, 0.55, 84.842, 0, 0, 89.842, 64.889, 0, 0, 0, 0, 0, 14, 0.007, 12.6, 0, 3.435, 212, 0, 0, 0, 46, 1, 0.001, 0.001, 132.8, 15.57, 100, 0, 0, 141, 30, 30, 0, 0.55, 0, 84.842, 0, 0, 89.842, 64.889, 0, 0, 0, 0, 
28.4, 18.53, 100.3, 74.3, 75.09, , -13.677, 0.988, 2543.003, 2543.003, 3.412, -322.227, -322.227, -322.227, 53.126, 89.111, 35.306, 35.813, 7.377, 21.834, 0, 0, -53.509, -54.17, -53.509, -54.17, 1, 63.224, 63.224, 0.024, 0.134, -83.858, -84.889, -83.858, -84.889, 5.711, 7.377, 21.834, , , 1, 28.5, 0, 0.005, 12.6, 3.412, 212, 0, 0, 0, 46, 1.035, 0.993, 132.8, 15.875, 100, 0, 0, 30, 30, 0, 0.55, 84.738, 0, 0, 89.738, 64.244, 0, 0, 0, 0, 0, 14, 0.005, 12.6, 0, 3.412, 212, 0, 0, 0, 46, 1, 0.001, 0.001, 132.8, 15.875, 100, 0, 0, 141, 30, 30, 0, 0.55, 0, 84.738, 0, 0, 89.738, 64.244, 0, 0, 0, 0, 
28.45, 18.53, 100.3, 74.3, 75.09, , -14.905, 0.988, 2547.725, 2547.725, 3.389, -351.385, -351.385, -351.385, 53.238, 89.819, 35.2, 35.566, 7.377, 22.185, 0, 0, -57.706, -58.418, -57.706, -58.418, 1, 62.479, 62.479, 0.024, 0.134, -91.281, -92.402, -91.281, -92.402, 5.693, 7.377, 22.185, , , 1, 28.551, 0, 0.003, 12.6, 3.389, 212, 0, 0, 0, 46, 0.585, 0.561, 132.8, 16.18, 100, 0, 0, 30, 30, 0, 0.55, 84.633, 0, 0, 89.633, 63.599, 0, 0, 0, 0, 0, 14, 0.003, 12.6, 0, 3.389, 212, 0, 0, 0, 46, 1, 0.001, 0.001, 132.8, 16.18, 100, 0, 0, 141, 30, 30, 0, 0.55, 0, 84.633, 0, 0, 89.633, 63.599, 0, 0, 0, 0, 
28.5, 18.53, 100.3, 74.3, 75.09, , -15.778, 0.988, 2552.385, 2552.385, 3.366, -372.099, -372.099, -372.099, 53.343, 90.528, 35.094, 35.319, 7.377, 22.313, 0, 0, -60.372, -61.115, -60.372, -61.115, 1, 61.687, 61.687, 0.024, 0.134, -96.488, -97.675, -96.488, -97.675, 5.675, 7.377, 22.313, , , 1, 28.601, 0, 0.001, 12.6, 3.366, 212, 0, 0, 0, 46, 0.135, 0.129, 132.8, 16.485, 100, 0, 0, 30, 30, 0, 0.55, 84.529, 0, 0, 89.529, 62.954, 0, 0, 0, 0, 0, 14, 0.001, 12.6, 0, 3.366, 212, 0, 0, 0, 46, 1, 0, 0, 132.8, 16.485, 100, 0, 0, 141, 30, 30, 0, 0.55, 0, 84.529, 0, 0, 89.529, 62.954, 0, 0, 0, 0, 
28.55, 18.53, 100.3, 74.3, 75.09, , -16.386, 0.988, 2556.963, 2556.963, 3.317, -386.564, -386.564, -386.564, 53.433, 91.236, 35.085, 35.29, 7.377, 22.39, 0, 0, -61.919, -62.679, -61.919, -62.679, 1, 60.864, 60.864, 0.024, 0.134, -100.081, -101.313, -100.081, -101.313, 5.657, 7.377, 22.39, , , 1, 28.65, 0, 0, 12.655, 3.317, 212, 0, 0, 0, 46, 0, 0, 132.924, 16.672, 100, 0, 0, 28.284, 28.284, 0, 0.55, 84.015, 0, 0, 88.946, 61.882, 0, 0, 0, 0, 0, 14, 0, 12.655, 0, 3.317, 212, 0, 0, 0, 46, 1, 0, 0, 132.924, 16.672, 100, 0, 0, 141, 28.284, 28.284, 0, 0.55, 0, 84.015, 0, 0, 88.946, 61.882, 0, 0, 0, 0, 
28.6, 18.53, 100.3, 74.3, 75.09, , -16.76, 0.988, 2561.542, 2561.542, 3.256, -395.45, -395.45, -395.45, 53.509, 91.945, 35.121, 35.363, 7.377, 22.39, 0, 0, -62.476, -63.243, -62.476, -63.243, 1, 60.003, 60.003, 0.024, 0.134, -102.242, -103.501, -102.242, -103.501, 5.639, 7.377, 22.39, , , 1, 28.7, 0, 0, 12.732, 3.256, 212, 0, 0, 0, 46, 0, 0, 133.097, 16.815, 100, 0, 0, 25.832, 25.832, 0, 0.55, 83.342, 0, 0, 88.177, 60.627, 0, 0, 0, 0, 0, 14, 0, 12.732, 0, 3.256, 212, 0, 0, 0, 46, 1, 0, 0, 133.097, 16.815, 100, 0, 0, 141, 25.832, 25.832, 0, 0.55, 0, 83.342, 0, 0, 88.177, 60.627, 0, 0, 0, 0, 
28.65, 18.53, 100.3, 74.3, 75.09, , -16.984, 0.988, 2566.077, 2566.077, 3.196, -400.789, -400.789, -400.789, 53.571, 92.653, 35.158, 35.436, 7.377, 22.39, 0, 0, -62.409, -63.175, -62.409, -63.175, 1, 59.133, 59.133, 0.024, 0.134, -103.507, -104.782, -103.507, -104.782, 5.616, 7.377, 22.39, , , 1, 28.751, 0, 0, 12.809, 3.196, 212, 0, 0, 0, 46, 0, 0, 133.269, 16.957, 100, 0, 0, 23.38, 23.38, 0, 0.55, 82.669, 0, 0, 87.408, 59.372, 0, 0, 0, 0, 0, 14, 0, 12.809, 0, 3.196, 212, 0, 0, 0, 46, 1, 0, 0, 133.269, 16.957, 100, 0, 0, 141, 23.38, 23.38, 0, 0.55, 0, 82.669, 0, 0, 87.408, 59.372, 0, 0, 0, 0, 
28.7, 18.53, 100.3, 74.3, 75.09, , -17.174, 0.988, 2570.528, 2570.528, 3.136, -405.3, -405.3, -405.3, 53.615, 93.362, 35.195, 35.509, 7.377, 22.39, 0, 0, -62.173, -62.936, -62.173, -62.936, 1, 58.256, 58.256, 0.024, 0.134, -104.586, -105.876, -104.586, -105.876, 5.592, 7.377, 22.39, , , 1, 28.801, 0, 0, 12.886, 3.136, 212, 0, 0, 0, 46, 0, 0, 133.441, 17.099, 100, 0, 0, 20.928, 20.928, 0, 0.55, 81.996, 0, 0, 86.638, 58.117, 0, 0, 0, 0, 0, 14, 0, 12.886, 0, 3.136, 212, 0, 0, 0, 46, 1, 0, 0, 133.441, 17.099, 100, 0, 0, 141, 20.928, 20.928, 0, 0.55, 0, 81.996, 0, 0, 86.638, 58.117, 0, 0, 0, 0, 
28.75, 18.53, 100.3, 74.3, 75.09, , -17.382, 0.988, 2574.9, 2574.9, 3.075, -410.266, -410.266, -410.266, 53.641, 94.07, 35.231, 35.582, 7.377, 22.39, 0, 0, -61.961, -62.723, -61.961, -62.723, 1, 57.356, 57.356, 0.024, 0.134, -105.812, -107.117, -105.812, -107.117, 5.569, 7.377, 22.39, , , 1, 28.85, 0, 0, 12.963, 3.075, 212, 0, 0, 0, 46, 0, 0, 133.614, 17.242, 100, 0, 0, 18.476, 18.476, 0, 0.55, 81.323, 0, 0, 85.869, 56.862, 0, 0, 0, 0, 0, 14, 0, 12.963, 0, 3.075, 212, 0, 0, 0, 46, 1, 0, 0, 133.614, 17.242, 100, 0, 0, 141, 18.476, 18.476, 0, 0.55, 0, 81.323, 0, 0, 85.869, 56.862, 0, 0, 0, 0, 
28.8, 18.53, 100.3, 74.3, 75.09, , -17.651, 0.988, 2579.199, 2579.199, 3.034, -416.67, -416.67, -416.67, 53.657, 94.779, 35.158, 35.6, 7.377, 22.39, 0, 0, -61.92, -62.682, -61.92, -62.682, 1, 56.458, 56.458, 0.024, 0.134, -107.426, -108.751, -107.426, -108.751, 5.548, 7.377, 22.39, , , 1, 28.901, 0, 0, 13.011, 3.034, 212, 0, 0, 0, 46, 0, 0, 133.794, 17.31, 100, 0, 0, 16.701, 16.701, 0, 0.55, 80.837, 0, 0, 85.337, 56.007, 0, 0, 0, 0, 0, 14, 0, 13.011, 0, 3.034, 212, 0, 0, 0, 46, 1, 0, 0, 133.794, 17.31, 100, 0, 0, 141, 16.701, 16.701, 0, 0.55, 0, 80.837, 0, 0, 85.337, 56.007, 0, 0, 0, 0, 
28.85, 18.53, 100.3, 74.3, 75.09, , -17.942, 0.988, 2583.429, 2583.429, 3.011, -423.599, -423.599, -423.599, 53.685, 95.487, 35.049, 35.6, 7.377, 22.39, 0, 0, -61.909, -62.67, -61.909, -62.67, 1, 55.535, 55.535, 0.024, 0.134, -109.16, -110.506, -109.16, -110.506, 5.556, 7.377, 22.39, , , 1, 28.951, 0, 0, 13.032, 3.011, 212, 0, 0, 0, 46, 0, 0, 133.982, 17.31, 100, 0, 0, 15.603, 15.603, 0, 0.55, 80.523, 0, 0, 85.023, 55.552, 0, 0, 0, 0, 0, 14, 0, 13.032, 0, 3.011, 212, 0, 0, 0, 46, 1, 0, 0, 133.982, 17.31, 100, 0, 0, 141, 15.603, 15.603, 0, 0.55, 0, 80.523, 0, 0, 85.023, 55.552, 0, 0, 0, 0, 
28.9, 18.53, 100.3, 74.3, 75.09, , -18.142, 0.988, 2587.598, 2587.598, 2.987, -428.359, -428.359, -428.359, 53.734, 90.711, 34.941, 35.6, 7.377, 22.39, 0, 0, -61.571, -62.328, -61.571, -62.328, 1, 54.595, 54.595, 0.024, 0.133, -110.293, -111.652, -110.293, -111.652, 5.564, 7.377, 22.39, , , 1, 29.001, 0, 0, 13.053, 2.987, 212, 0, 0, 0, 46, 0, 0, 134.171, 17.31, 100, 0, 0, 14.504, 14.504, 0, 0.55, 80.209, 0, 0, 84.709, 55.097, 0, 0, 0, 0, 0, 14, 0, 13.053, 0, 2.987, 212, 0, 0, 0, 46, 1, 0, 0, 134.171, 17.31, 100, 0, 0, 141, 14.504, 14.504, 0, 0.55, 0, 80.209, 0, 0, 84.709, 55.097, 0, 0, 0, 0, 
28.95, 18.53, 100.3, 74.3, 75.09, , -18.083, 0.988, 2591.767, 2591.767, 2.964, -426.964, -426.964, -426.964, 53.793, 83.584, 34.832, 35.6, 7.377, 22.39, 0, 0, -60.362, -61.105, -60.362, -61.105, 1, 53.65, 53.65, 0.024, 0.133, -109.819, -111.171, -109.819, -111.171, 5.572, 7.377, 22.39, , , 1, 29.051, 0, 0, 13.074, 2.964, 212, 0, 0, 0, 46, 0, 0, 134.359, 17.31, 100, 0, 0, 13.406, 13.406, 0, 0.55, 79.895, 0, 0, 84.395, 54.642, 0, 0, 0, 0, 0, 14, 0, 13.074, 0, 2.964, 212, 0, 0, 0, 46, 1, 0, 0, 134.359, 17.31, 100, 0, 0, 141, 13.406, 13.406, 0, 0.55, 0, 79.895, 0, 0, 84.395, 54.642, 0, 0, 0, 0, 
29, 18.53, 100.3, 74.3, 75.091, , -18.148, 0.988, 2593.823, 2593.823, 2.94, -428.524, -428.524, -428.524, 53.846, 76.457, 34.724, 35.6, 7.377, 22.39, 0, 0, -60.047, -60.786, -60.047, -60.786, 1, 52.896, 52.896, 0.024, 0.133, -110.154, -111.51, -110.154, -111.51, 5.58, 7.377, 22.39, , , 1, 29.101, 0, 0, 13.095, 2.94, 212, 0, 0, 0, 46, 0, 0, 134.547, 17.31, 100, 0, 0, 12.308, 12.308, 0, 0.55, 79.582, 0, 0, 84.082, 54.187, 0, 0, 0, 0, 0, 14, 0, 13.095, 0, 2.94, 212, 0, 0, 0, 46, 1, 0, 0, 134.547, 17.31, 100, 0, 0, 141, 12.308, 12.308, 0, 0.55, 0, 79.582, 0, 0, 84.082, 54.187, 0, 0, 0, 0, 
29.05, 18.53, 100.3, 74.3, 75.091, , -17.705, 0.988, 2597.431, 2597.431, 2.901, -418.034, -418.034, -418.034, 53.886, 69.329, 34.84, 35.6, 7.377, 22.39, 0, 0, -57.711, -58.419, -57.711, -58.419, 1, 52.326, 52.326, 0.024, 0.133, -107.353, -108.674, -107.353, -108.674, 5.597, 7.377, 22.39, , , 1, 29.151, 0, 0, 13.143, 2.901, 212, 0, 0, 0, 46, 0, 0, 134.351, 17.415, 100, 0, 0, 12, 12, 0, 0.55, 79.073, 0, 0, 83.575, 53.458, 0, 0, 0, 0, 0, 14, 0, 13.143, 0, 2.901, 212, 0, 0, 0, 46, 1, 0, 0, 134.351, 17.415, 100, 0, 0, 141, 12, 12, 0, 0.55, 0, 79.073, 0, 0, 83.573, 53.458, 0, 0, 0, 0, 
29.1, 18.53, 100.3, 74.3, 75.092, , -16.654, 0.988, 2601.346, 2601.346, 2.856, -393.131, -393.131, -393.131, 53.933, 62.202, 35.02, 35.6, 7.377, 22.39, 0, 0, -53.437, -54.092, -53.437, -54.092, 1, 51.434, 51.434, 0.024, 0.133, -100.884, -102.125, -100.884, -102.125, 5.616, 7.377, 22.39, , , 1, 29.201, 0, 0, 13.2, 2.856, 212, 0, 0, 0, 46, 0, 0, 134.005, 17.558, 100, 0, 0, 12, 12, 0, 0.55, 78.496, 0, 0, 83, 52.621, 0, 0, 0, 0, 0, 14, 0, 13.2, 0, 2.856, 212, 0, 0, 0, 46, 1, 0, 0, 134.005, 17.558, 100, 0, 0, 141, 12, 12, 0, 0.55, 0, 78.496, 0, 0, 82.996, 52.621, 0, 0, 0, 0, 
29.15, 18.53, 100.3, 74.3, 75.093, , -14.779, 0.988, 2605.21, 2605.21, 2.811, -348.645, -348.645, -348.645, 53.935, 55.075, 35.2, 35.6, 7.377, 22.39, 0, 0, -46.742, -47.315, -46.742, -47.315, 1, 50.607, 50.607, 0.024, 0.133, -89.455, -90.556, -89.455, -90.556, 5.635, 7.377, 22.39, , , 1, 29.251, 0, 0, 13.258, 2.811, 212, 0, 0, 0, 46, 0, 0, 133.658, 17.7, 100, 0, 0, 12, 12, 0, 0.55, 77.919, 0, 0, 82.425, 51.785, 0, 0, 0, 0, 0, 14, 0, 13.258, 0, 2.811, 212, 0, 0, 0, 46, 1, 0, 0, 133.658, 17.7, 100, 0, 0, 141, 12, 12, 0, 0.55, 0, 77.919, 0, 0, 82.419, 51.785, 0, 0, 0, 0, 
29.2, 18.53, 100.3, 74.3, 75.094, , -12.182, 0.988, 2609.011, 2609.011, 2.766, -287.05, -287.05, -287.05, 53.816, 47.948, 35.38, 35.6, 7.377, 22.39, 0, 0, -38.022, -38.488, -38.022, -38.488, 1, 49.928, 49.928, 0.024, 0.133, -73.706, -74.612, -73.706, -74.612, 5.654, 7.377, 22.39, , , 1, 29.3, 0, 0, 13.316, 2.766, 212, 0, 0, 0, 46, 0, 0, 133.312, 17.842, 100, 0, 0, 12, 12, 0, 0.55, 77.342, 0, 0, 81.851, 50.948, 0, 0, 0, 0, 0, 14, 0, 13.316, 0, 2.766, 212, 0, 0, 0, 46, 1, 0, 0, 133.312, 17.842, 100, 0, 0, 141, 12, 12, 0, 0.55, 0, 77.342, 0, 0, 81.842, 50.948, 0, 0, 0, 0, 
29.25, 18.53, 100.3, 74.3, 75.094, , -9.497, 0.988, 2612.717, 2612.717, 2.722, -223.37, -223.37, -223.37, 53.585, 61.439, 35.56, 35.6, 7.377, 22.39, 0, 0, -29.268, -29.627, -29.268, -29.627, 1, 49.386, 49.386, 0.024, 0.134, -57.472, -58.18, -57.472, -58.18, 5.645, 7.377, 22.39, , , 1, 29.35, 0, 0, 13.373, 2.722, 212, 0, 0, 0, 46, 0, 0, 132.966, 17.985, 100, 0, 0, 12, 12, 0, 0.55, 76.765, 0, 0, 81.276, 50.112, 0, 0, 0, 0, 0, 14, 0, 13.373, 0, 2.722, 212, 0, 0, 0, 46, 1, 0, 0, 132.966, 17.985, 100, 0, 0, 141, 12, 12, 0, 0.55, 0, 76.765, 0, 0, 81.265, 50.112, 0, 0, 0, 0, 
29.3, 18.53, 100.3, 74.3, 75.095, , -7.146, 0.988, 2616.368, 2616.368, 2.681, -167.606, -167.606, -167.606, 53.269, 63.068, 35.693, 35.773, 7.377, 22.39, 0, 0, -21.764, -22.031, -21.764, -22.031, 1, 48.964, 48.964, 0.024, 0.134, -43.321, -43.856, -43.321, -43.856, 5.629, 7.377, 22.39, , , 1, 29.401, 0, 0, 13.432, 2.681, 212, 0, 0, 0, 46, 0, 0, 132.987, 18.09, 100, 0, 0, 12, 12, 0, 0.55, 76.392, 0, 0, 80.843, 49.581, 0, 0, 0, 0, 0, 14, 0, 13.432, 0, 2.681, 212, 0, 0, 0, 46, 1, 0, 0, 132.987, 18.09, 100, 0, 0, 141, 12, 12, 0, 0.55, 0, 76.392, 0, 0, 80.838, 49.581, 0, 0, 0, 0, 
29.35, 18.53, 100.3, 74.3, 75.096, , -5.275, 0.988, 2620.016, 2620.016, 2.643, -123.215, -123.215, -123.215, 52.903, 64.108, 35.813, 35.996, 7.377, 22.39, 0, 0, -15.862, -16.057, -15.862, -16.057, 1, 48.644, 48.644, 0.024, 0.134, -32.075, -32.471, -32.075, -32.471, 5.613, 7.377, 22.39, , , 1, 29.451, 0, 0, 13.492, 2.643, 212, 0, 0, 0, 46, 0, 0, 133.347, 18.164, 100, 0, 0, 12, 12, 0, 0.55, 76.192, 0, 0, 80.542, 49.333, 0, 0, 0, 0, 0, 14, 0, 13.492, 0, 2.643, 212, 0, 0, 0, 46, 1, 0, 0, 133.347, 18.164, 100, 0, 0, 141, 12, 12, 0, 0.55, 0, 76.192, 0, 0, 80.538, 49.333, 0, 0, 0, 0, 
29.4, 18.53, 100.3, 74.3, 75.097, , -4.082, 0.988, 2623.62, 2623.62, 2.605, -94.927, -94.927, -94.927, 52.601, 65.148, 35.933, 36.218, 7.377, 22.39, 0, 0, -12.124, -12.273, -12.124, -12.273, 1, 48.428, 48.428, 0.024, 0.134, -24.93, -25.238, -24.93, -25.238, 5.597, 7.377, 22.39, , , 1, 29.5, 0, 0, 13.552, 2.605, 212, 0, 0, 0, 46, 0, 0, 133.707, 18.238, 100, 0, 0, 12, 12, 0, 0.55, 75.992, 0, 0, 80.241, 49.085, 0, 0, 0, 0, 0, 14, 0, 13.552, 0, 2.605, 212, 0, 0, 0, 46, 1, 0, 0, 133.707, 18.238, 100, 0, 0, 141, 12, 12, 0, 0.55, 0, 75.992, 0, 0, 80.238, 49.085, 0, 0, 0, 0, 
29.45, 18.53, 100.3, 74.3, 75.097, , -3.646, 0.988, 2627.162, 2627.162, 2.568, -84.594, -84.594, -84.594, 52.412, 66.188, 36.053, 36.441, 7.377, 22.39, 0, 0, -10.752, -10.883, -10.752, -10.883, 1, 48.235, 48.235, 0.024, 0.134, -22.344, -22.621, -22.344, -22.621, 5.579, 7.377, 22.39, , , 1, 29.55, 0, 0, 13.612, 2.568, 212, 0, 0, 0, 46, 0, 0, 134.067, 18.312, 100, 0, 0, 12, 12, 0, 0.55, 75.792, 0, 0, 79.94, 48.837, 0, 0, 0, 0, 0, 14, 0, 13.612, 0, 2.568, 212, 0, 0, 0, 46, 1, 0, 0, 134.067, 18.312, 100, 0, 0, 141, 12, 12, 0, 0.55, 0, 75.792, 0, 0, 79.938, 48.837, 0, 0, 0, 0, 
29.5, 18.53, 100.3, 74.3, 75.098, , -3.289, 0.988, 2630.755, 2630.755, 2.53, -76.109, -76.109, -76.109, 52.328, 67.228, 36.173, 36.663, 7.377, 22.39, 0, 0, -9.647, -9.764, -9.647, -9.764, 1, 48.059, 48.059, 0.024, 0.134, -20.139, -20.388, -20.139, -20.388, 5.559, 7.377, 22.39, , , 1, 29.601, 0, 0, 13.672, 2.53, 212, 0, 0, 0, 46, 0, 0, 134.427, 18.386, 100, 0, 0, 12, 12, 0, 0.55, 75.592, 0, 0, 79.639, 48.589, 0, 0, 0, 0, 0, 14, 0, 13.672, 0, 2.53, 212, 0, 0, 0, 46, 1, 0, 0, 134.427, 18.386, 100, 0, 0, 141, 12, 12, 0, 0.55, 0, 75.592, 0, 0, 79.638, 48.589, 0, 0, 0, 0, 
29.55, 18.53, 100.3, 74.3, 75.099, , -2.227, 0.988, 2634.305, 2634.305, 2.517, -50.921, -50.921, -50.921, 52.347, 68.268, 36.121, 36.701, 7.377, 22.39, 0, 0, -6.45, -6.527, -6.45, -6.527, 1, 47.906, 47.906, 0.024, 0.134, -13.482, -13.65, -13.482, -13.65, 5.539, 7.377, 22.39, , , 1, 29.651, 0.137, 0, 13.743, 2.517, 212, 0, 0, 0, 47.3, 0.718, 0.712, 134.6, 19.755, 100, 0, 0, 12.52, 12.52, 0.648, 0.58, 77.471, 0, 0, 81.498, 48.502, 0, 0, 0.137, 0, 0, 14, 0, 13.743, 0, 2.517, 212, 0, 0, 0, 47.305, 1, 0.001, 0.001, 134.6, 19.755, 100, 0, 0, 141, 12.52, 12.52, 0.648, 0.58, 0, 77.471, 0, 0, 81.498, 48.502, 0, 0, 0, 0, 
29.6, 18.53, 100.3, 74.3, 75.1, , -0.809, 0.988, 2637.818, 2637.818, 2.525, -17.284, -17.284, -17.284, 52.45, 69.308, 35.913, 36.568, 7.377, 22.39, 0, 0, -2.191, -2.216, -2.191, -2.216, 1, 47.831, 47.831, 0.024, 0.135, -4.598, -4.656, -4.598, -4.656, 5.518, 7.377, 22.39, , , 1, 29.7, 0.391, 0, 13.823, 2.525, 212, 0, 0, 0, 49.8, 2.099, 2.082, 134.6, 22.227, 100, 0, 0, 13.52, 13.52, 1.848, 0.638, 81.121, 0, 0, 85.198, 48.564, 0, 0, 0.391, 0, 0, 14, 0, 13.823, 0, 2.525, 212, 0, 0, 0, 49.815, 1, 0.002, 0.002, 134.6, 22.227, 100, 0, 0, 141, 13.52, 13.52, 1.848, 0.638, 0, 81.121, 0, 0, 85.198, 48.564, 0, 0, 0, 0, 
29.65, 18.53, 100.3, 74.3, 75.101, , 0.804, 0.988, 2641.303, 2641.303, 2.533, 20.974, 20.974, 20.974, 52.557, 70.348, 35.704, 36.435, 7.377, 22.39, 0, 0, 2.655, 2.688, 2.655, 2.688, 1, 47.839, 47.839, 0.024, 0.135, 5.482, 5.548, 5.482, 5.548, 5.493, 7.377, 22.39, , , 1, 29.751, 0.645, 0, 13.903, 2.533, 212, 0, 0, 0, 52.3, 3.48, 3.452, 134.6, 24.699, 100, 0, 0, 14.52, 14.52, 3.048, 0.696, 84.771, 0, 0, 88.898, 48.626, 0, 0, 0.645, 0, 0, 14, 0, 13.903, 0, 2.533, 212, 0, 0, 0, 52.325, 1, 0.004, 0.004, 134.6, 24.699, 100, 0, 0, 141, 14.52, 14.52, 3.048, 0.696, 0, 84.771, 0, 0, 88.898, 48.626, 0, 0, 0, 0, 
29.7, 18.53, 100.3, 74.3, 75.101, , 2.596, 0.988, 2644.788, 2644.788, 2.54, 63.487, 63.487, 63.487, 52.658, 71.388, 35.495, 36.302, 7.377, 22.39, 0, 0, 8.05, 8.151, 8.05, 8.151, 1, 47.924, 47.924, 0.024, 0.135, 16.64, 16.845, 16.64, 16.845, 5.464, 7.377, 22.39, , , 1, 29.801, 0.899, 0, 13.983, 2.54, 212, 0, 0, 0, 54.8, 4.861, 4.822, 134.6, 27.171, 100, 0, 0, 15.52, 15.52, 4.248, 0.754, 88.421, 0, 0, 92.598, 48.688, 0, 0, 0.899, 0, 0, 14, 0, 13.983, 0, 2.54, 212, 0, 0, 0, 54.835, 1, 0.005, 0.005, 134.6, 27.171, 100, 0, 0, 141, 15.52, 15.52, 4.248, 0.754, 0, 88.421, 0, 0, 92.598, 48.688, 0, 0, 0, 0, 
29.75, 18.53, 100.3, 74.3, 75.102, , 4.314, 0.988, 2648.315, 2648.315, 2.548, 104.247, 104.247, 104.247, 52.751, 72.428, 35.286, 36.169, 7.377, 22.356, 0, 0, 13.257, 13.422, 13.257, 13.422, 1, 48.086, 48.086, 0.024, 0.135, 27.31, 27.646, 27.31, 27.646, 5.435, 7.377, 22.356, , , 1, 29.85, 1.153, 0, 14.063, 2.548, 212, 0, 0, 0, 57.3, 6.242, 6.192, 134.6, 29.643, 100, 0, 0, 16.52, 16.52, 5.448, 0.812, 92.071, 0, 0, 96.298, 48.75, 0, 0, 1.153, 0, 0, 14, 0, 14.063, 0, 2.548, 212, 0, 0, 0, 57.345, 1, 0.006, 0.006, 134.6, 29.643, 100, 0, 0, 141, 16.52, 16.52, 5.448, 0.812, 0, 92.071, 0, 0, 96.298, 48.75, 0, 0, 0, 0, 
29.8, 18.53, 100.3, 74.3, 75.103, , 5.675, 0.988, 2651.83, 2651.83, 2.557, 136.551, 136.551, 136.551, 52.838, 73.468, 35.408, 35.86, 7.378, 22.073, 0, 0, 17.438, 17.655, 17.438, 17.655, 1, 48.343, 48.343, 0.024, 0.135, 35.753, 36.193, 35.753, 36.193, 5.406, 7.378, 22.073, , , 1, 29.9, 1.303, 0, 14.145, 2.557, 212, 0, 0, 0, 59.642, 7.236, 7.181, 134.6, 32.171, 100, 0, 0, 17.271, 17.271, 6.675, 0.869, 95.409, 0, 0, 99.688, 48.881, 0, 0, 1.303, 0, 0, 14, 0, 14.145, 0, 2.557, 212, 0, 0, 0, 59.681, 1, 0.007, 0.007, 134.6, 32.171, 100, 0, 0, 141, 17.272, 17.271, 6.675, 0.869, 0, 95.409, 0, 0, 99.688, 48.881, 0, 0, 0, 0, 
29.85, 18.53, 100.3, 74.3, 75.104, , 6.622, 0.988, 2655.321, 2655.321, 2.567, 159.012, 159.012, 159.012, 52.852, 74.508, 35.623, 35.502, 7.378, 21.739, 0, 0, 20.421, 20.675, 20.421, 20.675, 1, 48.653, 48.653, 0.024, 0.135, 41.627, 42.14, 41.627, 42.14, 5.381, 7.378, 21.739, , , 1, 29.951, 1.363, 0, 14.228, 2.567, 212, 0, 0, 0, 61.839, 7.872, 7.819, 134.6, 34.746, 100, 0, 0, 17.792, 17.792, 7.925, 0.926, 98.482, 0, 0, 102.812, 49.074, 0, 0, 1.363, 0, 0, 14, 0, 14.228, 0, 2.567, 212, 0, 0, 0, 61.869, 1, 0.008, 0.008, 134.6, 34.746, 100, 0, 0, 141, 17.795, 17.792, 7.925, 0.926, 0, 98.482, 0, 0, 102.812, 49.074, 0, 0, 0, 0, 
29.9, 18.53, 100.3, 74.3, 75.104, , 7.414, 0.988, 2658.858, 2658.858, 2.578, 177.821, 177.821, 177.821, 52.78, 75.548, 35.838, 35.143, 7.38, 20.954, 0, 0, 22.993, 23.279, 22.993, 23.279, 1, 48.998, 48.998, 0.024, 0.135, 46.646, 47.219, 46.646, 47.219, 5.368, 7.38, 20.954, , , 1, 30.001, 1.423, 0, 14.312, 2.578, 212, 0, 0, 0, 64.036, 8.509, 8.456, 134.6, 37.32, 100, 0, 0, 18.312, 18.312, 9.175, 0.982, 101.555, 0, 0, 105.938, 49.268, 0, 0, 1.423, 0, 0, 14, 0, 14.312, 0, 2.578, 212, 0, 0, 0, 64.056, 1, 0.009, 0.009, 134.6, 37.32, 100, 0, 0, 141, 18.318, 18.312, 9.175, 0.982, 0, 101.555, 0, 0, 105.938, 49.268, 0, 0, 0, 0, 
29.95, 18.53, 100.3, 74.3, 75.105, , 8.136, 0.988, 2662.396, 2662.396, 2.588, 194.963, 194.963, 194.963, 52.613, 76.588, 36.053, 34.785, 7.381, 20.13, 0, 0, 25.404, 25.72, 25.404, 25.72, 1, 49.376, 49.376, 0.024, 0.135, 51.347, 51.979, 51.347, 51.979, 5.355, 7.381, 20.13, , , 1, 30.05, 1.484, 0, 14.395, 2.588, 212, 0, 0, 0, 66.232, 9.145, 9.094, 134.6, 39.896, 100, 0, 0, 18.833, 18.833, 10.425, 1.038, 104.628, 0, 0, 109.062, 49.462, 0, 0, 1.484, 0, 0, 14, 0, 14.395, 0, 2.588, 212, 0, 0, 0, 66.244, 1, 0.009, 0.009, 134.6, 39.896, 100, 0, 0, 141, 18.841, 18.833, 10.425, 1.038, 0, 104.628, 0, 0, 109.062, 49.462, 0, 0, 0, 0, 
30, 18.53, 100.3, 74.3, 75.106, , 8.823, 0.988, 2665.96, 2665.96, 2.598, 211.26, 211.26, 211.26, 52.335, 77.628, 36.268, 34.426, 7.383, 18.846, 0, 0, 27.755, 28.099, 27.755, 28.099, 1, 49.795, 49.795, 0.024, 0.135, 55.946, 56.635, 55.946, 56.635, 5.342, 7.383, 18.846, , , 1, 30.1, 1.544, 0, 14.478, 2.598, 212, 0, 0, 0, 68.429, 9.782, 9.731, 134.6, 42.47, 100, 0, 0, 19.354, 19.354, 11.675, 1.094, 107.701, 0, 0, 112.188, 49.656, 0, 0, 1.544, 0, 0, 14, 0, 14.478, 0, 2.598, 212, 0, 0, 0, 68.431, 1, 0.01, 0.01, 134.6, 42.47, 100, 0, 0, 141, 19.364, 19.354, 11.675, 1.094, 0, 107.701, 0, 0, 112.188, 49.656, 0, 0, 0, 0, 
30.05, 18.53, 100.3, 74.3, 75.107, , 9.466, 0.988, 2669.563, 2669.563, 2.613, 226.534, 226.534, 226.534, 51.954, 78.668, 36.183, 34.504, 7.384, 17.567, 0, 0, 30.022, 30.394, 30.022, 30.394, 1, 50.245, 50.245, 0.024, 0.134, 60.391, 61.135, 60.391, 61.135, 5.33, 7.384, 17.567, , , 1, 30.151, 1.578, 0, 14.365, 2.613, 212, 0, 0, 0, 69.996, 10.533, 10.331, 134.6, 47.813, 100, 0, 0, 21.585, 21.724, 14.49, 1.208, 106.863, 0, 0, 111.079, 50.269, 0, 0, 1.578, 0, 0, 14, 0, 14.365, 0, 2.613, 212, 0, 0, 0, 69.996, 1, 0.01, 0.01, 134.6, 47.813, 100, 0, 0, 141, 21.635, 21.724, 14.49, 1.208, 0, 106.863, 0, 0, 111.079, 50.269, 0, 0, 0, 0, 
30.1, 18.53, 100.3, 74.3, 75.107, , 10.002, 0.988, 2673.211, 2673.211, 2.63, 239.262, 239.262, 239.262, 51.588, 79.708, 36.003, 34.72, 7.384, 16.36, 0, 0, 32.007, 32.402, 32.007, 32.402, 1, 50.721, 50.721, 0.024, 0.134, 64.247, 65.04, 64.247, 65.04, 5.325, 7.384, 16.36, , , 1, 30.201, 1.603, 0, 14.182, 2.63, 212, 0, 0, 0, 71.342, 11.329, 10.916, 134.6, 54.129, 100, 0, 0, 24.481, 24.813, 17.856, 1.343, 104.652, 0, 0, 108.483, 51.046, 0, 0, 1.603, 0, 0, 14, 0, 14.182, 0, 2.63, 212, 0, 0, 0, 71.342, 1, 0.011, 0.011, 134.6, 54.129, 100, 0, 0, 141, 24.519, 24.813, 17.856, 1.343, 0, 104.652, 0, 0, 108.483, 51.046, 0, 0, 0, 0, 
30.15, 18.53, 100.3, 74.3, 75.108, , 10.556, 0.988, 2676.86, 2676.86, 2.646, 252.399, 252.399, 252.399, 51.273, 80.748, 35.823, 34.936, 7.384, 15.174, 0, 0, 34.101, 34.522, 34.101, 34.522, 1, 51.223, 51.223, 0.024, 0.134, 68.156, 68.996, 68.156, 68.996, 5.321, 7.384, 15.174, , , 1, 30.251, 1.628, 0, 13.999, 2.646, 212, 0, 0, 0, 72.688, 12.126, 11.5, 134.6, 60.444, 100, 0, 0, 27.376, 27.902, 21.221, 1.479, 102.44, 0, 0, 105.887, 51.823, 0, 0, 1.628, 0, 0, 14, 0, 13.999, 0, 2.646, 212, 0, 0, 0, 72.688, 1, 0.011, 0.012, 134.6, 60.444, 100, 0, 0, 141, 27.404, 27.902, 21.221, 1.479, 0, 102.44, 0, 0, 105.887, 51.823, 0, 0, 0, 0, 
30.2, 18.53, 100.3, 74.3, 75.109, , 11.012, 0.988, 2680.581, 2680.581, 2.662, 263.229, 263.229, 263.229, 51.025, 81.788, 35.643, 35.152, 7.383, 14.465, 0, 0, 35.923, 36.366, 35.923, 36.366, 1, 51.752, 51.752, 0.024, 0.134, 71.378, 72.257, 71.378, 72.257, 5.316, 7.383, 14.465, , , 1, 30.301, 1.653, 0, 13.817, 2.662, 212, 0, 0, 0, 74.035, 12.922, 12.085, 134.6, 66.76, 100, 0, 0, 30.272, 30.99, 24.587, 1.614, 100.229, 0, 0, 103.29, 52.6, 0, 0, 1.653, 0, 0, 14, 0, 13.817, 0, 2.662, 212, 0, 0, 0, 74.035, 1, 0.011, 0.012, 134.6, 66.76, 100, 0, 0, 141, 30.288, 30.99, 24.587, 1.614, 0, 100.229, 0, 0, 103.29, 52.6, 0, 0, 0, 0, 
30.25, 18.53, 100.3, 74.3, 75.11, , 11.443, 0.988, 2685.063, 2685.063, 2.679, 273.47, 273.47, 273.47, 50.874, 82.828, 35.463, 35.368, 7.381, 13.766, 0, 0, 37.794, 38.259, 37.794, 38.259, 1, 52.307, 52.307, 0.024, 0.134, 74.382, 75.297, 74.382, 75.297, 5.312, 7.381, 13.766, , , 1, 30.351, 1.678, 0, 13.634, 2.679, 212, 0, 0, 0, 75.381, 13.718, 12.669, 134.6, 73.075, 100, 0, 0, 33.168, 34.079, 27.952, 1.75, 98.017, 0, 0, 100.694, 53.377, 0, 0, 1.678, 0, 0, 14, 0, 13.634, 0, 2.679, 212, 0, 0, 0, 75.381, 1, 0.012, 0.013, 134.6, 73.075, 100, 0, 0, 141, 33.173, 34.079, 27.952, 1.75, 0, 98.017, 0, 0, 100.694, 53.377, 0, 0, 0, 0, 
30.3, 18.531, 100.3, 74.3, 75.11, , 11.898, 0.988, 2690.448, 2690.448, 2.703, 284.274, 284.274, 284.274, 50.79, 83.868, 35.365, 35.722, 7.38, 13.518, 0, 0, 39.898, 40.386, 39.898, 40.386, 1, 53.095, 53.095, 0.024, 0.134, 77.473, 78.426, 77.473, 78.426, 5.292, 7.38, 13.518, , , 1, 30.401, 1.612, 0, 13.438, 2.703, 212, 0, 0, 0, 76, 14.267, 13.225, 134.6, 77.806, 100, 0, 0, 33.688, 34.604, 31.131, 1.872, 96.184, 0, 0, 98.684, 54.086, 0, 0, 1.612, 0, 0, 14, 0, 13.438, 0, 2.703, 212, 0, 0, 0, 76, 1, 0.012, 0.013, 134.6, 77.806, 100, 0, 0, 141, 33.688, 34.604, 31.131, 1.872, 0, 96.184, 0, 0, 98.684, 54.086, 0, 0, 0, 0, 
30.35, 18.532, 100.3, 74.3, 75.11, , 12.188, 0.988, 2694.214, 2694.214, 2.733, 291.17, 291.17, 291.17, 50.746, 84.908, 35.293, 36.12, 7.378, 13.27, 0, 0, 41.309, 41.816, 41.309, 41.816, 1, 53.816, 53.816, 0.024, 0.134, 79.394, 80.369, 79.394, 80.369, 5.269, 7.378, 13.27, , , 1, 30.45, 1.469, 0, 13.229, 2.733, 212, 0, 0, 0, 76, 14.589, 13.754, 134.6, 81.189, 100, 0, 0, 32.184, 32.944, 34.152, 1.983, 94.674, 0, 0, 97.174, 54.733, 0, 0, 1.469, 0, 0, 14, 0, 13.229, 0, 2.733, 212, 0, 0, 0, 76, 1, 0.013, 0.014, 134.6, 81.189, 100, 0, 0, 141, 32.184, 32.944, 34.152, 1.983, 0, 94.674, 0, 0, 97.174, 54.733, 0, 0, 0, 0, 
30.4, 18.533, 100.3, 74.3, 75.11, , 12.436, 0.988, 2698.094, 2698.094, 2.762, 297.07, 297.07, 297.07, 50.718, 85.948, 35.22, 36.517, 7.378, 13.164, 0, 0, 42.613, 43.135, 42.613, 43.135, 1, 54.412, 54.412, 0.024, 0.134, 81.047, 82.041, 81.047, 82.041, 5.246, 7.378, 13.164, , , 1, 30.501, 1.325, 0, 13.021, 2.762, 212, 0, 0, 0, 76, 14.911, 14.283, 134.6, 84.571, 100, 0, 0, 30.679, 31.284, 37.173, 2.093, 93.164, 0, 0, 95.664, 55.38, 0, 0, 1.325, 0, 0, 14, 0, 13.021, 0, 2.762, 212, 0, 0, 0, 76, 1, 0.014, 0.014, 134.6, 84.571, 100, 0, 0, 141, 30.679, 31.284, 37.173, 2.093, 0, 93.164, 0, 0, 95.664, 55.38, 0, 0, 0, 0, 
30.45, 18.534, 100.3, 74.3, 75.11, , 12.656, 0.988, 2701.985, 2701.985, 2.792, 302.305, 302.305, 302.305, 50.689, 86.988, 35.148, 36.915, 7.378, 13.058, 0, 0, 43.846, 44.382, 43.846, 44.382, 1, 55.022, 55.022, 0.024, 0.134, 82.52, 83.531, 82.52, 83.531, 5.222, 7.378, 13.058, , , 1, 30.551, 1.181, 0, 12.813, 2.792, 212, 0, 0, 0, 76, 15.233, 14.813, 134.6, 87.953, 100, 0, 0, 29.175, 29.624, 40.194, 2.204, 91.653, 0, 0, 94.153, 56.027, 0, 0, 1.181, 0, 0, 14, 0, 12.813, 0, 2.792, 212, 0, 0, 0, 76, 1, 0.015, 0.015, 134.6, 87.953, 100, 0, 0, 141, 29.175, 29.624, 40.194, 2.204, 0, 91.653, 0, 0, 94.153, 56.027, 0, 0, 0, 0, 
30.5, 18.535, 100.3, 74.3, 75.11, , 12.836, 0.988, 2705.944, 2705.944, 2.822, 306.599, 306.599, 306.599, 50.662, 88.027, 35.076, 37.313, 7.379, 12.904, 0, 0, 44.963, 45.514, 44.963, 45.514, 1, 55.646, 55.646, 0.024, 0.134, 83.733, 84.76, 83.733, 84.76, 5.201, 7.379, 12.904, , , 1, 30.6, 1.037, 0, 12.604, 2.822, 212, 0, 0, 0, 76, 15.555, 15.342, 134.6, 91.336, 100, 0, 0, 27.671, 27.965, 43.215, 2.314, 90.143, 0, 0, 92.643, 56.674, 0, 0, 1.037, 0, 0, 14, 0, 12.604, 0, 2.822, 212, 0, 0, 0, 76, 1, 0.015, 0.015, 134.6, 91.336, 100, 0, 0, 141, 27.671, 27.965, 43.215, 2.314, 0, 90.143, 0, 0, 92.643, 56.674, 0, 0, 0, 0, 
30.55, 18.536, 100.3, 74.3, 75.11, , 12.974, 0.988, 2709.969, 2709.969, 2.842, 309.878, 309.878, 309.878, 50.643, 89.067, 34.808, 37.036, 7.379, 12.749, 0, 0, 45.952, 46.514, 45.952, 46.514, 1, 56.28, 56.28, 0.024, 0.134, 84.662, 85.701, 84.662, 85.701, 5.182, 7.379, 12.749, , , 1, 30.651, 0.852, 0, 12.542, 2.842, 212, 0, 0, 0, 76, 15.548, 15.545, 134.6, 93.011, 100, 0, 0, 27.138, 27.5, 45.233, 2.389, 89.557, 0, 0, 92.057, 57.088, 0, 0, 0.852, 0, 0, 14, 0, 12.542, 0, 2.842, 212, 0, 0, 0, 76, 1, 0.015, 0.016, 134.6, 93.011, 100, 0, 0, 141, 27.138, 27.5, 45.233, 2.389, 0, 89.557, 0, 0, 92.057, 57.088, 0, 0, 0, 0, 
30.6, 18.538, 100.3, 74.3, 75.11, , 13.078, 0.988, 2714.008, 2714.008, 2.858, 312.364, 312.364, 312.364, 50.626, 90.107, 34.486, 36.57, 7.38, 12.616, 0, 0, 46.839, 47.413, 46.839, 47.413, 1, 56.912, 56.912, 0.024, 0.134, 85.368, 86.417, 85.368, 86.417, 5.163, 7.38, 12.616, , , 1, 30.701, 0.652, 0, 12.532, 2.858, 212, 0, 0, 0, 76, 15.414, 15.623, 134.6, 94.087, 100, 0, 0, 26.981, 27.5, 46.9, 2.451, 89.297, 0, 0, 91.797, 57.412, 0, 0, 0.652, 0, 0, 14, 0, 12.532, 0, 2.858, 212, 0, 0, 0, 76, 1, 0.015, 0.016, 134.6, 94.087, 100, 0, 0, 141, 26.981, 27.5, 46.9, 2.451, 0, 89.297, 0, 0, 91.797, 57.412, 0, 0, 0, 0, 
30.65, 18.539, 100.3, 74.3, 75.11, , 13.169, 0.988, 2718.104, 2718.104, 2.873, 314.53, 314.53, 314.53, 50.611, 91.147, 34.163, 36.104, 7.38, 12.484, 0, 0, 47.692, 48.276, 47.692, 48.276, 1, 57.548, 57.548, 0.024, 0.134, 85.987, 87.045, 85.987, 87.045, 5.144, 7.38, 12.484, , , 1, 30.75, 0.452, 0, 12.521, 2.873, 212, 0, 0, 0, 76, 15.28, 15.7, 134.6, 95.163, 100, 0, 0, 26.825, 27.5, 48.567, 2.512, 89.036, 0, 0, 91.536, 57.736, 0, 0, 0.452, 0, 0, 14, 0, 12.521, 0, 2.873, 212, 0, 0, 0, 76, 1, 0.015, 0.016, 134.6, 95.163, 100, 0, 0, 141, 26.825, 27.5, 48.567, 2.512, 0, 89.036, 0, 0, 91.536, 57.736, 0, 0, 0, 0, 
30.7, 18.54, 100.3, 74.3, 75.11, , 13.213, 0.988, 2722.201, 2722.201, 2.889, 315.583, 315.583, 315.583, 50.595, 92.187, 33.84, 35.638, 7.38, 12.414, 0, 0, 48.385, 48.98, 48.385, 48.98, 1, 58.191, 58.191, 0.024, 0.134, 86.301, 87.362, 86.301, 87.362, 5.127, 7.38, 12.414, , , 1, 30.801, 0.252, 0, 12.511, 2.889, 212, 0, 0, 0, 76, 15.145, 15.777, 134.6, 96.239, 100, 0, 0, 26.669, 27.5, 50.233, 2.574, 88.776, 0, 0, 91.276, 58.06, 0, 0, 0.252, 0, 0, 14, 0, 12.511, 0, 2.889, 212, 0, 0, 0, 76, 1, 0.015, 0.016, 134.6, 96.239, 100, 0, 0, 141, 26.669, 27.5, 50.233, 2.574, 0, 88.776, 0, 0, 91.276, 58.06, 0, 0, 0, 0, 
30.75, 18.541, 100.3, 74.3, 75.11, , 13.278, 0.988, 2726.363, 2726.363, 2.905, 317.154, 317.154, 317.154, 50.582, 93.227, 33.517, 35.172, 7.38, 12.35, 0, 0, 49.169, 49.773, 49.169, 49.773, 1, 58.838, 58.838, 0.024, 0.134, 86.753, 87.819, 86.753, 87.819, 5.118, 7.38, 12.35, , , 1, 30.851, 0.052, 0, 12.501, 2.905, 212, 0, 0, 0, 76, 15.011, 15.854, 134.6, 97.315, 100, 0, 0, 26.512, 27.5, 51.9, 2.635, 88.516, 0, 0, 91.016, 58.384, 0, 0, 0.052, 0, 0, 14, 0, 12.501, 0, 2.905, 212, 0, 0, 0, 76, 1, 0.015, 0.016, 134.6, 97.315, 100, 0, 0, 141, 26.512, 27.5, 51.9, 2.635, 0, 88.516, 0, 0, 91.016, 58.384, 0, 0, 0, 0, 
30.8, 18.542, 100.3, 74.3, 75.11, , 13.355, 0.988, 2730.591, 2730.591, 2.954, 318.984, 318.984, 318.984, 50.574, 94.267, 33.687, 35.307, 7.38, 12.335, 0, 0, 49.995, 50.611, 49.995, 50.611, 1, 59.49, 59.49, 0.024, 0.134, 87.273, 88.347, 87.273, 88.347, 5.11, 7.38, 12.335, , , 1, 30.9, 0.053, 0, 12.5, 2.954, 212, 0, 0, 0, 76, 15.029, 15.813, 134.6, 98.031, 100, 0, 0, 26.623, 27.541, 57.959, 2.858, 88.08, 0, 0, 90.622, 59.226, 0, 0, 0.053, 0, 0, 14, 0, 12.5, 0, 2.954, 212, 0, 0, 0, 76, 1, 0.015, 0.016, 134.6, 98.031, 100, 0, 0, 141, 26.582, 27.541, 57.959, 2.858, 0, 88.08, 0, 0, 90.622, 59.226, 0, 0, 0, 0, 
30.85, 18.543, 100.3, 74.3, 75.11, , 13.408, 0.988, 2734.89, 2734.89, 3.005, 320.265, 320.265, 320.265, 50.577, 95.307, 34.013, 35.633, 7.38, 12.326, 0, 0, 50.744, 51.371, 50.744, 51.371, 1, 60.14, 60.14, 0.024, 0.134, 87.617, 88.693, 87.617, 88.693, 5.101, 7.38, 12.326, , , 1, 30.951, 0.068, 0, 12.5, 3.005, 212, 0, 0, 0, 76, 15.06, 15.762, 134.6, 98.724, 100, 0, 0, 26.757, 27.586, 64.298, 3.094, 87.634, 0, 0, 90.221, 60.114, 0, 0, 0.068, 0, 0, 14, 0, 12.5, 0, 3.005, 212, 0, 0, 0, 76, 1, 0.015, 0.016, 134.6, 98.724, 100, 0, 0, 141, 26.672, 27.586, 64.298, 3.094, 0, 87.634, 0, 0, 90.221, 60.114, 0, 0, 0, 0, 
30.9, 18.544, 100.3, 74.3, 75.11, , 13.477, 0.988, 2739.215, 2739.215, 3.056, 321.91, 321.91, 321.91, 50.603, 93.979, 34.338, 35.958, 7.38, 12.341, 0, 0, 51.561, 52.198, 51.561, 52.198, 1, 60.796, 60.796, 0.024, 0.134, 88.02, 89.1, 88.02, 89.1, 5.092, 7.38, 12.341, , , 1, 31.001, 0.082, 0, 12.5, 3.056, 212, 0, 0, 0, 76, 15.091, 15.711, 134.6, 99.417, 100, 0, 0, 26.891, 27.63, 70.638, 3.331, 87.188, 0, 0, 89.819, 61.001, 0, 0, 0.082, 0, 0, 14, 0, 12.5, 0, 3.056, 212, 0, 0, 0, 76, 1, 0.015, 0.016, 134.6, 99.417, 100, 0, 0, 141, 26.762, 27.63, 70.638, 3.331, 0, 87.188, 0, 0, 89.819, 61.001, 0, 0, 0, 0, 
30.95, 18.546, 100.3, 74.3, 75.11, , 13.567, 0.988, 2743.581, 2743.581, 3.107, 324.062, 324.062, 324.062, 50.652, 91.536, 34.663, 36.283, 7.38, 12.358, 0, 0, 52.47, 53.118, 52.47, 53.118, 1, 61.46, 61.46, 0.024, 0.134, 88.522, 89.608, 88.522, 89.608, 5.103, 7.38, 12.358, , , 1, 31.05, 0.096, 0, 12.5, 3.107, 212, 0, 0, 0, 76, 15.123, 15.66, 134.6, 100.11, 100, 0, 0, 27.025, 27.675, 76.977, 3.567, 86.741, 0, 0, 89.417, 61.889, 0, 0, 0.096, 0, 0, 14, 0, 12.5, 0, 3.107, 212, 0, 0, 0, 76, 1, 0.015, 0.016, 134.6, 100.11, 100, 0, 0, 141, 26.851, 27.675, 76.977, 3.567, 0, 86.741, 0, 0, 89.417, 61.889, 0, 0, 0, 0, 
31, 18.547, 100.3, 74.3, 75.11, , 13.664, 0.988, 2748.025, 2748.025, 3.158, 326.389, 326.389, 326.389, 50.722, 89.094, 34.988, 36.608, 7.38, 12.383, 0, 0, 53.419, 54.08, 53.419, 54.08, 1, 62.122, 62.122, 0.024, 0.134, 89.032, 90.125, 89.032, 90.125, 5.115, 7.38, 12.383, , , 1, 31.101, 0.111, 0, 12.5, 3.158, 212, 0, 0, 0, 76, 15.154, 15.61, 134.6, 100.803, 100, 0, 0, 27.159, 27.72, 83.316, 3.804, 86.295, 0, 0, 89.015, 62.776, 0, 0, 0.111, 0, 0, 14, 0, 12.5, 0, 3.158, 212, 0, 0, 0, 76, 1, 0.015, 0.016, 134.6, 100.803, 100, 0, 0, 141, 26.941, 27.72, 83.316, 3.804, 0, 86.295, 0, 0, 89.015, 62.776, 0, 0, 0, 0, 
31.05, 18.548, 100.3, 74.3, 75.11, , 13.769, 0.988, 2752.516, 2752.516, 3.199, 328.89, 328.89, 328.89, 50.815, 86.651, 35.088, 36.596, 7.38, 12.409, 0, 0, 54.412, 55.086, 54.412, 55.086, 1, 62.793, 62.793, 0.024, 0.134, 89.554, 90.654, 89.554, 90.654, 5.126, 7.38, 12.409, , , 1, 31.151, 0.111, 0, 12.5, 3.199, 212, 0, 0, 0, 76, 15.147, 15.556, 134.473, 101.299, 100, 0, 0, 27.267, 27.767, 88.385, 3.996, 85.858, 0, 0, 88.626, 63.504, 0, 0, 0.111, 0, 0, 14, 0, 12.5, 0, 3.199, 212, 0, 0, 0, 76, 1, 0.015, 0.015, 134.473, 101.299, 100, 0, 0, 141, 27.035, 27.767, 88.385, 3.996, 0, 85.858, 0, 0, 88.626, 63.504, 0, 0, 0, 0, 
31.1, 18.549, 100.3, 74.3, 75.11, , 13.877, 0.988, 2757.04, 2757.04, 3.22, 331.475, 331.475, 331.475, 50.9, 84.209, 35.124, 36.488, 7.38, 12.466, 0, 0, 55.432, 56.119, 55.432, 56.119, 1, 63.464, 63.464, 0.024, 0.134, 90.101, 91.209, 90.101, 91.209, 5.138, 7.38, 12.466, , , 1, 31.201, 0.086, 0, 12.5, 3.22, 212, 0, 0, 0, 76, 15.061, 15.497, 134.1, 101.414, 100, 0, 0, 27.319, 27.819, 90.99, 4.093, 85.442, 0, 0, 88.261, 63.891, 0, 0, 0.086, 0, 0, 14, 0, 12.5, 0, 3.22, 212, 0, 0, 0, 76, 1, 0.015, 0.015, 134.1, 101.414, 100, 0, 0, 141, 27.139, 27.819, 90.99, 4.093, 0, 85.442, 0, 0, 88.261, 63.891, 0, 0, 0, 0, 
31.15, 18.55, 100.3, 74.3, 75.11, , 13.997, 0.988, 2761.619, 2761.619, 3.24, 334.328, 334.328, 334.328, 50.958, 81.766, 35.16, 36.38, 7.38, 12.528, 0, 0, 56.509, 57.208, 56.509, 57.208, 1, 64.145, 64.145, 0.024, 0.134, 90.774, 91.891, 90.774, 91.891, 5.139, 7.38, 12.528, , , 1, 31.251, 0.061, 0, 12.5, 3.24, 212, 0, 0, 0, 76, 14.974, 15.437, 133.726, 101.528, 100, 0, 0, 27.371, 27.871, 93.594, 4.19, 85.025, 0, 0, 87.897, 64.279, 0, 0, 0.061, 0, 0, 14, 0, 12.5, 0, 3.24, 212, 0, 0, 0, 76, 1, 0.015, 0.015, 133.726, 101.528, 100, 0, 0, 141, 27.243, 27.871, 93.594, 4.19, 0, 85.025, 0, 0, 87.897, 64.279, 0, 0, 0, 0, 
31.2, 18.551, 100.3, 74.3, 75.11, , 14.119, 0.988, 2766.228, 2766.228, 3.261, 337.247, 337.247, 337.247, 50.983, 79.323, 35.196, 36.272, 7.38, 12.612, 0, 0, 57.614, 58.326, 57.614, 58.326, 1, 64.839, 64.839, 0.024, 0.134, 91.52, 92.647, 91.52, 92.647, 5.138, 7.38, 12.612, , , 1, 31.301, 0.036, 0, 12.5, 3.261, 212, 0, 0, 0, 76, 14.888, 15.378, 133.353, 101.643, 100, 0, 0, 27.423, 27.923, 96.198, 4.287, 84.608, 0, 0, 87.532, 64.666, 0, 0, 0.036, 0, 0, 14, 0, 12.5, 0, 3.261, 212, 0, 0, 0, 76, 1, 0.015, 0.015, 133.353, 101.643, 100, 0, 0, 141, 27.346, 27.923, 96.198, 4.287, 0, 84.608, 0, 0, 87.532, 64.666, 0, 0, 0, 0, 
31.25, 18.552, 100.3, 74.3, 75.11, , 14.244, 0.988, 2771.693, 2771.693, 3.282, 340.228, 340.228, 340.228, 50.979, 76.881, 35.232, 36.164, 7.38, 12.701, 0, 0, 58.853, 59.58, 58.853, 59.58, 1, 65.531, 65.531, 0.024, 0.133, 92.354, 93.49, 92.354, 93.49, 5.137, 7.38, 12.701, , , 1, 31.351, 0.011, 0, 12.5, 3.282, 212, 0, 0, 0, 76, 14.802, 15.318, 132.979, 101.757, 100, 0, 0, 27.475, 27.975, 98.802, 4.383, 84.192, 0, 0, 87.168, 65.054, 0, 0, 0.011, 0, 0, 14, 0, 12.5, 0, 3.282, 212, 0, 0, 0, 76, 1, 0.015, 0.015, 132.979, 101.757, 100, 0, 0, 141, 27.45, 27.975, 98.802, 4.383, 0, 84.192, 0, 0, 87.168, 65.054, 0, 0, 0, 0, 
31.3, 18.554, 100.3, 74.3, 75.11, , 14.387, 0.988, 2777.937, 2777.937, 3.31, 343.64, 343.64, 343.64, 50.925, 74.438, 35.212, 36.196, 7.38, 12.811, 0, 0, 60.278, 61.023, 60.278, 61.023, 1, 66.53, 66.53, 0.024, 0.133, 93.365, 94.514, 93.365, 94.514, 5.136, 7.38, 12.811, , , 1, 31.401, 0, 0, 12.5, 3.31, 212, 0, 0, 0, 76, 14.774, 15.29, 132.8, 101.848, 100, 0, 0, 27.55, 28, 100, 4.43, 84, 0, 0, 86.948, 65.675, 0, 0, 0, 0, 0, 14, 0, 12.5, 0, 3.31, 212, 0, 0, 0, 76, 1, 0.015, 0.015, 132.8, 101.848, 100, 0, 0, 141, 27.55, 28, 100, 4.43, 0, 84, 0, 0, 86.948, 65.675, 0, 0, 0, 0, 
31.35, 18.555, 100.3, 74.3, 75.11, , 14.474, 0.988, 2782.738, 2782.738, 3.343, 345.725, 345.725, 345.725, 50.889, 71.996, 35.176, 36.268, 7.38, 12.927, 0, 0, 61.284, 62.041, 61.284, 62.041, 1, 67.279, 67.279, 0.024, 0.133, 93.995, 95.152, 93.995, 95.152, 5.131, 7.38, 12.927, , , 1, 31.45, 0, 0, 12.5, 3.343, 212, 0, 0, 0, 76, 14.801, 15.29, 132.8, 101.92, 100, 0, 0, 27.647, 28, 100, 4.43, 84, 0, 0, 86.852, 66.512, 0, 0, 0, 0, 0, 14, 0, 12.5, 0, 3.343, 212, 0, 0, 0, 76, 1, 0.015, 0.015, 132.8, 101.92, 100, 0, 0, 141, 27.647, 28, 100, 4.43, 0, 84, 0, 0, 86.852, 66.512, 0, 0, 0, 0, 
31.4, 18.556, 100.3, 74.3, 75.11, , 14.562, 0.988, 2787.602, 2787.602, 3.377, 347.835, 347.835, 347.835, 50.864, 69.553, 35.14, 36.34, 7.381, 13.034, 0, 0, 62.306, 63.077, 62.306, 63.077, 1, 67.991, 67.991, 0.024, 0.133, 94.612, 95.776, 94.612, 95.776, 5.122, 7.381, 13.034, , , 1, 31.5, 0, 0, 12.5, 3.377, 212, 0, 0, 0, 76, 14.828, 15.29, 132.8, 101.991, 100, 0, 0, 27.743, 28, 100, 4.43, 84, 0, 0, 86.756, 67.348, 0, 0, 0, 0, 0, 14, 0, 12.5, 0, 3.377, 212, 0, 0, 0, 76, 1, 0.015, 0.015, 132.8, 101.991, 100, 0, 0, 141, 27.743, 28, 100, 4.43, 0, 84, 0, 0, 86.756, 67.348, 0, 0, 0, 0, 
31.45, 18.557, 100.3, 74.3, 75.11, , 14.603, 0.988, 2792.466, 2792.466, 3.41, 348.815, 348.815, 348.815, 50.852, 67.111, 35.104, 36.412, 7.382, 13.138, 0, 0, 63.131, 63.911, 63.131, 63.911, 1, 68.698, 68.698, 0.024, 0.133, 94.901, 96.068, 94.901, 96.068, 5.114, 7.382, 13.138, , , 1, 31.551, 0, 0, 12.5, 3.41, 212, 0, 0, 0, 76, 14.855, 15.29, 132.8, 102.062, 100, 0, 0, 27.84, 28, 100, 4.43, 84, 0, 0, 86.66, 68.185, 0, 0, 0, 0, 0, 14, 0, 12.5, 0, 3.41, 212, 0, 0, 0, 76, 1, 0.015, 0.015, 132.8, 102.062, 100, 0, 0, 141, 27.84, 28, 100, 4.43, 0, 84, 0, 0, 86.66, 68.185, 0, 0, 0, 0, 
31.5, 18.558, 100.3, 74.3, 75.11, , 14.683, 0.988, 2797.381, 2797.381, 3.443, 350.728, 350.728, 350.728, 50.852, 64.668, 35.068, 36.484, 7.384, 13.231, 0, 0, 64.131, 64.923, 64.131, 64.923, 1, 69.418, 69.418, 0.024, 0.133, 95.421, 96.594, 95.421, 96.594, 5.105, 7.384, 13.231, , , 1, 31.601, 0, 0, 12.5, 3.443, 212, 0, 0, 0, 76, 14.882, 15.29, 132.8, 102.133, 100, 0, 0, 27.936, 28, 100, 4.43, 84, 0, 0, 86.563, 69.021, 0, 0, 0, 0, 0, 14, 0, 12.5, 0, 3.443, 212, 0, 0, 0, 76, 1, 0.015, 0.015, 132.8, 102.133, 100, 0, 0, 141, 27.936, 28, 100, 4.43, 0, 84, 0, 0, 86.563, 69.021, 0, 0, 0, 0, 
31.55, 18.559, 100.3, 74.3, 75.11, , 14.723, 0.988, 2802.349, 2802.349, 3.485, 351.701, 351.701, 351.701, 50.865, 62.225, 35.06, 36.445, 7.386, 13.321, 0, 0, 64.978, 65.778, 64.978, 65.778, 1, 70.132, 70.132, 0.024, 0.133, 95.661, 96.837, 95.661, 96.837, 5.117, 7.386, 13.321, , , 1, 31.65, 0, 0.011, 12.5, 3.485, 212, 0, 0, 0, 76, 14.98, 15.382, 132.687, 102.145, 100, 0, 0, 28.079, 28.031, 99.748, 4.43, 84.598, 0, 0, 87.067, 69.812, 0, 0, 0, 0, 0, 14, 0.011, 12.5, 0, 3.485, 212, 0, 0, 0, 76, 1, 0.015, 0.015, 132.687, 102.145, 100, 0, 0, 141, 28.079, 28.031, 99.748, 4.43, 0, 84.598, 0, 0, 87.067, 69.904, 0, 0, 0, 0, 
31.6, 18.56, 100.3, 74.3, 75.11, , 14.776, 0.988, 2807.381, 2807.381, 3.544, 352.979, 352.979, 352.979, 50.892, 59.783, 35.06, 36.374, 7.387, 13.388, 0, 0, 65.881, 66.691, 65.881, 66.691, 1, 70.845, 70.845, 0.024, 0.133, 95.961, 97.14, 95.961, 97.14, 5.162, 7.387, 13.388, , , 1, 31.701, 0, 0.043, 12.5, 3.544, 212, 0, 0, 0, 76, 15.231, 15.668, 132.353, 102.042, 100, 0, 0, 28.31, 28.124, 99.007, 4.43, 86.357, 0, 0, 88.733, 70.505, 0, 0, 0, 0, 0, 14, 0.043, 12.5, 0, 3.544, 212, 0, 0, 0, 76, 1, 0.015, 0.015, 132.353, 102.042, 100, 0, 0, 141, 28.31, 28.124, 99.007, 4.43, 0, 86.357, 0, 0, 88.733, 70.887, 0, 0, 0, 0, 
31.65, 18.56, 100.3, 74.3, 75.11, , 14.792, 0.988, 2812.534, 2812.534, 3.602, 353.371, 353.371, 353.371, 50.929, 57.34, 35.06, 36.303, 7.388, 13.447, 0, 0, 66.628, 67.446, 66.628, 67.446, 1, 71.576, 71.576, 0.024, 0.133, 96, 97.178, 96, 97.178, 5.206, 7.388, 13.447, , , 1, 31.751, 0, 0.076, 12.5, 3.602, 212, 0, 0, 0, 76, 15.482, 15.954, 132.02, 101.94, 100, 0, 0, 28.542, 28.217, 98.267, 4.43, 88.117, 0, 0, 90.4, 71.198, 0, 0, 0, 0, 0, 14, 0.076, 12.5, 0, 3.602, 212, 0, 0, 0, 76, 1, 0.016, 0.016, 132.02, 101.94, 100, 0, 0, 141, 28.542, 28.217, 98.267, 4.43, 0, 88.117, 0, 0, 90.4, 71.869, 0, 0, 0, 0, 
31.7, 18.56, 100.3, 74.3, 75.11, , 14.809, 0.988, 2817.636, 2817.636, 3.661, 353.805, 353.805, 353.805, 50.978, 54.898, 35.06, 36.232, 7.387, 13.486, 0, 0, 67.382, 68.209, 67.382, 68.209, 1, 72.293, 72.293, 0.024, 0.133, 96.026, 97.205, 96.026, 97.205, 5.251, 7.387, 13.486, , , 1, 31.8, 0, 0.108, 12.5, 3.661, 212, 0, 0, 0, 76, 15.733, 16.24, 131.687, 101.837, 100, 0, 0, 28.773, 28.309, 97.526, 4.43, 89.876, 0, 0, 92.067, 71.892, 0, 0, 0, 0, 0, 14, 0.108, 12.5, 0, 3.661, 212, 0, 0, 0, 76, 1, 0.016, 0.016, 131.687, 101.837, 100, 0, 0, 141, 28.773, 28.309, 97.526, 4.43, 0, 89.876, 0, 0, 92.067, 72.851, 0, 0, 0, 0, 
31.75, 18.56, 100.3, 74.3, 75.11, , 14.472, 0.988, 2822.91, 2822.91, 3.72, 345.826, 345.826, 345.826, 51.046, 52.455, 35.06, 36.161, 7.386, 13.517, 0, 0, 66.479, 67.296, 66.479, 67.296, 1, 73.008, 73.008, 0.024, 0.133, 93.747, 94.899, 93.747, 94.899, 5.299, 7.386, 13.517, , , 1, 31.851, 0, 0.141, 12.5, 3.72, 212, 0, 0, 0, 76, 15.984, 16.527, 131.353, 101.734, 100, 0, 0, 29.005, 28.402, 96.785, 4.43, 91.635, 0, 0, 93.733, 72.585, 0, 0, 0, 0, 0, 14, 0.141, 12.5, 0, 3.72, 212, 0, 0, 0, 76, 1, 0.016, 0.017, 131.353, 101.734, 100, 0, 0, 141, 29.005, 28.402, 96.785, 4.43, 0, 91.635, 0, 0, 93.733, 73.834, 0, 0, 0, 0, 
31.8, 18.56, 100.3, 74.3, 75.11, , 13.518, 0.988, 2828.11, 2828.11, 3.778, 323.214, 323.214, 323.214, 51.147, 50.012, 35.086, 36.038, 7.384, 13.523, 0, 0, 62.64, 63.411, 62.64, 63.411, 1, 73.695, 73.695, 0.024, 0.133, 87.478, 88.554, 87.478, 88.554, 5.356, 7.384, 13.523, , , 1, 31.901, 0, 0.173, 12.5, 3.778, 212, 0, 0, 0, 76, 16.235, 16.813, 131.02, 101.631, 100, 0, 0, 29.236, 28.494, 96.044, 4.43, 93.394, 0, 0, 95.4, 73.278, 0, 0, 0, 0, 0, 14, 0.173, 12.5, 0, 3.778, 212, 0, 0, 0, 76, 1, 0.016, 0.017, 131.02, 101.631, 100, 0, 0, 141, 29.236, 28.494, 96.044, 4.43, 0, 93.394, 0, 0, 95.4, 74.816, 0, 0, 0, 0, 
31.85, 18.56, 100.3, 74.3, 75.11, , 12.126, 0.988, 2833.442, 2833.442, 3.813, 290.209, 290.209, 290.209, 51.27, 65.853, 35.122, 35.891, 7.382, 13.517, 0, 0, 56.659, 57.358, 56.659, 57.358, 1, 74.326, 74.326, 0.024, 0.134, 78.389, 79.355, 78.389, 79.355, 5.412, 7.382, 13.517, , , 1, 31.951, 0, 0.184, 12.696, 3.813, 212, 0, 0, 0, 75.608, 15.438, 15.894, 130.824, 96.494, 100, 0, 0, 30.964, 30.214, 88.069, 4.061, 97.319, 0, 0, 99.221, 74.047, 0, 0, 0, 0, 0, 14, 0.184, 12.696, 0, 3.813, 212, 0, 0, 0, 75.608, 1, 0.016, 0.016, 130.824, 96.494, 100, 0, 0, 141, 30.964, 30.214, 88.069, 4.061, 0, 97.319, 0, 0, 99.221, 75.301, 0, 0, 0, 0, 
31.9, 18.56, 100.3, 74.3, 75.11, , 10.434, 0.988, 2838.83, 2838.83, 3.845, 250.089, 250.089, 250.089, 51.391, 66.621, 35.159, 35.745, 7.38, 13.449, 0, 0, 49.167, 49.774, 49.167, 49.774, 1, 74.89, 74.89, 0.024, 0.134, 67.412, 68.245, 67.412, 68.245, 5.469, 7.38, 13.449, , , 1, 32, 0, 0.193, 12.904, 3.845, 212, 0, 0, 0, 75.192, 14.575, 14.898, 130.636, 91.036, 100, 0, 0, 32.786, 32.036, 79.631, 3.669, 101.381, 0, 0, 103.179, 74.821, 0, 0, 0, 0, 0, 14, 0.193, 12.904, 0, 3.845, 212, 0, 0, 0, 75.192, 1, 0.015, 0.015, 130.636, 91.036, 100, 0, 0, 141, 32.786, 32.036, 79.631, 3.669, 0, 101.381, 0, 0, 103.179, 75.754, 0, 0, 0, 0, 
31.95, 18.56, 100.3, 74.3, 75.11, , 8.481, 0.988, 2844.193, 2844.193, 3.878, 203.758, 203.758, 203.758, 51.513, 67.389, 35.195, 35.599, 7.379, 13.349, 0, 0, 40.312, 40.81, 40.312, 40.81, 1, 75.363, 75.363, 0.024, 0.134, 54.798, 55.475, 54.798, 55.475, 5.524, 7.379, 13.349, , , 1, 32.05, 0, 0.203, 13.112, 3.878, 212, 0, 0, 0, 74.775, 13.711, 13.902, 130.449, 85.578, 100, 0, 0, 34.609, 33.859, 71.194, 3.277, 105.444, 0, 0, 107.138, 75.595, 0, 0, 0, 0, 0, 14, 0.203, 13.112, 0, 3.878, 212, 0, 0, 0, 74.775, 1, 0.014, 0.014, 130.449, 85.578, 100, 0, 0, 141, 34.609, 33.859, 71.194, 3.277, 0, 105.444, 0, 0, 107.138, 76.207, 0, 0, 0, 0, 
32, 18.56, 100.3, 74.3, 75.11, , 6.561, 0.988, 2849.701, 2849.701, 3.91, 158.223, 158.223, 158.223, 51.64, 68.157, 35.232, 35.452, 7.378, 13.18, 0, 0, 31.482, 31.871, 31.482, 31.871, 1, 75.729, 75.729, 0.024, 0.134, 42.436, 42.962, 42.436, 42.962, 5.559, 7.378, 13.18, , , 1, 32.101, 0, 0.212, 13.321, 3.91, 212, 0, 0, 0, 74.358, 12.848, 12.906, 130.261, 80.119, 100, 0, 0, 36.432, 35.682, 62.756, 2.885, 109.506, 0, 0, 111.096, 76.369, 0, 0, 0, 0, 0, 14, 0.212, 13.321, 0, 3.91, 212, 0, 0, 0, 74.358, 1, 0.013, 0.013, 130.261, 80.119, 100, 0, 0, 141, 36.432, 35.682, 62.756, 2.885, 0, 109.506, 0, 0, 111.096, 76.66, 0, 0, 0, 0, 
32.05, 18.56, 100.3, 74.3, 75.11, , 5.114, 0.988, 2855.261, 2855.261, 3.94, 123.893, 123.893, 123.893, 51.761, 68.925, 35.24, 35.42, 7.377, 12.973, 0, 0, 24.767, 25.073, 24.767, 25.073, 1, 76.017, 76.017, 0.024, 0.134, 33.142, 33.552, 33.142, 33.552, 5.594, 7.377, 12.973, , , 1, 32.151, 0, 0.216, 13.529, 3.94, 212, 0, 0, 0, 73.942, 11.964, 11.879, 130.074, 74.666, 100, 0, 0, 38.233, 37.505, 54.435, 2.508, 113.394, 0, 0, 114.879, 77.066, 0, 0, 0, 0, 0, 14, 0.216, 13.529, 0, 3.94, 212, 0, 0, 0, 73.942, 1, 0.012, 0.012, 130.074, 74.666, 100, 0, 0, 141, 38.233, 37.505, 54.435, 2.508, 0, 113.394, 0, 0, 114.879, 77.068, 0, 0, 0, 0, 
32.1, 18.56, 100.3, 74.3, 75.11, , 4.158, 0.988, 2860.709, 2860.709, 3.95, 101.23, 101.23, 101.23, 51.863, 69.693, 35.24, 35.42, 7.377, 12.716, 0, 0, 20.308, 20.557, 20.308, 20.557, 1, 76.244, 76.244, 0.024, 0.134, 27.029, 27.362, 27.029, 27.362, 5.629, 7.377, 12.716, , , 1, 32.2, 0, 0.189, 13.738, 3.95, 212, 0, 0, 0, 73.525, 10.954, 10.661, 129.886, 69.246, 100, 0, 0, 39.9, 39.328, 46.831, 2.242, 116.206, 0, 0, 117.588, 77.195, 0, 0, 0, 0, 0, 14, 0.189, 13.738, 0, 3.95, 212, 0, 0, 0, 73.525, 1, 0.011, 0.011, 129.886, 69.246, 100, 0, 0, 141, 39.9, 39.328, 46.831, 2.242, 0, 116.206, 0, 0, 117.588, 77.197, 0, 0, 0, 0, 
32.15, 18.56, 100.3, 74.3, 75.11, , 3.508, 0.988, 2866.297, 2866.297, 3.961, 85.819, 85.819, 85.819, 51.951, 70.461, 35.24, 35.42, 7.378, 12.428, 0, 0, 17.268, 17.479, 17.268, 17.479, 1, 76.435, 76.435, 0.024, 0.134, 22.868, 23.148, 22.868, 23.148, 5.664, 7.378, 12.428, , , 1, 32.251, 0, 0.162, 13.946, 3.961, 212, 0, 0, 0, 73.108, 9.945, 9.442, 129.699, 63.827, 100, 0, 0, 41.567, 41.151, 39.227, 1.977, 119.019, 0, 0, 120.296, 77.325, 0, 0, 0, 0, 0, 14, 0.162, 13.946, 0, 3.961, 212, 0, 0, 0, 73.108, 1, 0.01, 0.009, 129.699, 63.827, 100, 0, 0, 141, 41.567, 41.151, 39.227, 1.977, 0, 119.019, 0, 0, 120.296, 77.326, 0, 0, 0, 0, 
32.2, 18.56, 100.3, 74.3, 75.11, , 3.109, 0.988, 2871.939, 2871.939, 3.971, 76.348, 76.348, 76.348, 52.019, 71.229, 35.24, 35.42, 7.378, 12.188, 0, 0, 15.401, 15.588, 15.401, 15.588, 1, 76.598, 76.598, 0.024, 0.134, 20.311, 20.56, 20.311, 20.56, 5.681, 7.378, 12.188, , , 1, 32.301, 0, 0.135, 14.154, 3.971, 212, 0, 0, 0, 72.692, 8.936, 8.223, 129.511, 58.407, 100, 0, 0, 43.233, 42.974, 31.623, 1.711, 121.831, 0, 0, 123.004, 77.455, 0, 0, 0, 0, 0, 14, 0.135, 14.154, 0, 3.971, 212, 0, 0, 0, 72.692, 1, 0.009, 0.008, 129.511, 58.407, 100, 0, 0, 141, 43.233, 42.974, 31.623, 1.711, 0, 121.831, 0, 0, 123.004, 77.456, 0, 0, 0, 0, 
32.25, 18.56, 100.3, 74.3, 75.11, , 2.795, 0.988, 2877.499, 2877.499, 3.981, 68.913, 68.913, 68.913, 52.058, 71.997, 35.24, 35.42, 7.379, 11.978, 0, 0, 13.929, 14.097, 13.929, 14.097, 1, 76.744, 76.744, 0.024, 0.134, 18.316, 18.54, 18.316, 18.54, 5.696, 7.379, 11.978, , , 1, 32.35, 0, 0.108, 14.362, 3.981, 212, 0, 0, 0, 72.275, 7.926, 7.004, 129.324, 52.987, 100, 0, 0, 44.9, 44.797, 24.019, 1.445, 124.644, 0, 0, 125.712, 77.584, 0, 0, 0, 0, 0, 14, 0.108, 14.362, 0, 3.981, 212, 0, 0, 0, 72.275, 1, 0.008, 0.007, 129.324, 52.987, 100, 0, 0, 141, 44.9, 44.797, 24.019, 1.445, 0, 124.644, 0, 0, 125.712, 77.585, 0, 0, 0, 0, 
32.3, 18.56, 100.3, 74.3, 75.11, , 2.359, 0.988, 2883.156, 2883.156, 3.99, 58.56, 58.56, 58.56, 52.072, 72.765, 35.212, 35.364, 7.379, 11.848, 0, 0, 11.854, 11.997, 11.854, 11.997, 1, 76.871, 76.871, 0.024, 0.134, 15.56, 15.75, 15.56, 15.75, 5.71, 7.379, 11.848, , , 1, 32.4, 0, 0.092, 14.425, 3.99, 212, 0, 0, 0, 71.082, 7.052, 6.035, 129.2, 48.105, 100, 0, 0, 45.439, 45.439, 18.354, 1.249, 125.242, 0, 0, 126.378, 77.628, 0, 0, 0, 0, 0, 14, 0.092, 14.425, 0, 3.99, 212, 0, 0, 0, 71.082, 1, 0.007, 0.006, 129.2, 48.105, 100, 0, 0, 141, 45.439, 45.439, 18.354, 1.249, 0, 125.242, 0, 0, 126.378, 77.628, 0, 0, 0, 0, 
32.35, 18.56, 100.3, 74.3, 75.11, , 1.784, 0.988, 2888.729, 2888.729, 3.996, 44.92, 44.92, 44.92, 52.074, 73.533, 35.176, 35.292, 7.38, 11.776, 0, 0, 9.102, 9.213, 9.102, 9.213, 1, 76.975, 76.975, 0.024, 0.134, 11.938, 12.084, 11.938, 12.084, 5.724, 7.38, 11.776, , , 1, 32.451, 0, 0.099, 14.205, 3.996, 212, 0, 0, 0, 68.382, 6.441, 5.549, 129.2, 44.268, 100, 0, 0, 43.789, 43.789, 16.454, 1.186, 121.542, 0, 0, 123.078, 77.504, 0, 0, 0, 0, 0, 14, 0.099, 14.205, 0, 3.996, 212, 0, 0, 0, 68.382, 1, 0.006, 0.005, 129.2, 44.268, 100, 0, 0, 141, 43.789, 43.789, 16.454, 1.186, 0, 121.542, 0, 0, 123.078, 77.504, 0, 0, 0, 0, 
32.4, 18.56, 100.3, 74.3, 75.11, , 0.993, 0.988, 2894.319, 2894.319, 4.002, 26.159, 26.159, 26.159, 52.082, 74.301, 35.14, 35.22, 7.38, 11.786, 0, 0, 5.305, 5.369, 5.305, 5.369, 1, 77.046, 77.046, 0.024, 0.134, 6.954, 7.039, 6.954, 7.039, 5.741, 7.38, 11.786, , , 1, 32.501, 0, 0.106, 13.985, 4.002, 212, 0, 0, 0, 65.682, 5.83, 5.063, 129.2, 40.431, 100, 0, 0, 42.139, 42.139, 14.554, 1.123, 117.842, 0, 0, 119.778, 77.38, 0, 0, 0, 0, 0, 14, 0.106, 13.985, 0, 4.002, 212, 0, 0, 0, 65.682, 1, 0.006, 0.005, 129.2, 40.431, 100, 0, 0, 141, 42.139, 42.139, 14.554, 1.123, 0, 117.842, 0, 0, 119.778, 77.38, 0, 0, 0, 0, 
32.45, 18.56, 100.3, 74.3, 75.11, , 0.047, 0.988, 2900.014, 2900.014, 4.007, 3.732, 3.732, 3.732, 52.1, 75.069, 35.104, 35.148, 7.38, 11.861, 0, 0, 0.758, 0.767, 0.758, 0.767, 1, 77.076, 77.076, 0.024, 0.134, 0.997, 1.009, 0.997, 1.009, 5.761, 7.38, 11.861, , , 1, 32.55, 0, 0.113, 13.765, 4.007, 212, 0, 0, 0, 62.982, 5.219, 4.577, 129.2, 36.594, 100, 0, 0, 40.489, 40.489, 12.654, 1.06, 114.142, 0, 0, 116.478, 77.256, 0, 0, 0, 0, 0, 14, 0.113, 13.765, 0, 4.007, 212, 0, 0, 0, 62.982, 1, 0.005, 0.005, 129.2, 36.594, 100, 0, 0, 141, 40.489, 40.489, 12.654, 1.06, 0, 114.142, 0, 0, 116.478, 77.256, 0, 0, 0, 0, 
32.5, 18.56, 100.3, 74.3, 75.11, , -1.443, 0.988, 2905.63, 2905.63, 4.013, -31.639, -31.639, -31.639, 52.139, 75.837, 35.068, 35.076, 7.38, 11.958, 0, 0, -6.404, -6.485, -6.404, -6.485, 1, 77.046, 77.046, 0.024, 0.134, -8.374, -8.479, -8.374, -8.479, 5.78, 7.38, 11.958, , , 1, 32.601, 0, 0.12, 13.545, 4.013, 212, 0, 0, 0, 60.282, 4.608, 4.091, 129.2, 32.757, 100, 0, 0, 38.839, 38.839, 10.754, 0.997, 110.442, 0, 0, 113.178, 77.132, 0, 0, 0, 0, 0, 14, 0.12, 13.545, 0, 4.013, 212, 0, 0, 0, 60.282, 1, 0.004, 0.004, 129.2, 32.757, 100, 0, 0, 141, 38.839, 38.839, 10.754, 0.997, 0, 110.442, 0, 0, 113.178, 77.132, 0, 0, 0, 0, 
32.55, 18.56, 100.3, 74.3, 75.11, , -3.126, 0.988, 2911.29, 2911.29, 4.015, -71.555, -71.555, -71.555, 52.217, 76.605, 35.1, 35.154, 7.38, 12.075, 0, 0, -14.461, -14.64, -14.461, -14.64, 1, 76.927, 76.927, 0.024, 0.134, -18.911, -19.146, -18.911, -19.146, 5.799, 7.38, 12.075, , , 1, 32.651, 0, 0.123, 13.336, 4.015, 212, 0, 0, 0, 57.969, 4.105, 3.687, 129.2, 29.545, 100, 0, 0, 37.502, 37.502, 9.11, 0.939, 107.115, 0, 0, 110.15, 76.962, 0, 0, 0, 0, 0, 14, 0.123, 13.336, 0, 4.015, 212, 0, 0, 0, 57.969, 1, 0.004, 0.004, 129.2, 29.545, 100, 0, 0, 141, 37.502, 37.502, 9.11, 0.939, 0, 107.115, 0, 0, 110.15, 76.962, 0, 0, 0, 0, 
32.6, 18.56, 100.3, 74.3, 75.11, , -4.298, 0.988, 2916.973, 2916.973, 4.007, -99.359, -99.359, -99.359, 52.311, 77.373, 35.152, 35.275, 7.38, 12.211, 0, 0, -20.043, -20.291, -20.043, -20.291, 1, 76.74, 76.74, 0.024, 0.135, -26.231, -26.556, -26.231, -26.556, 5.822, 7.38, 12.211, , , 1, 32.7, 0, 0.115, 13.149, 4.007, 212, 0, 0, 0, 56.406, 3.81, 3.443, 129.2, 27.546, 100, 0, 0, 36.773, 36.773, 7.965, 0.892, 104.51, 0, 0, 107.65, 76.704, 0, 0, 0, 0, 0, 14, 0.115, 13.149, 0, 4.007, 212, 0, 0, 0, 56.406, 1, 0.004, 0.004, 129.2, 27.546, 100, 0, 0, 141, 36.773, 36.773, 7.965, 0.892, 0, 104.51, 0, 0, 107.65, 76.704, 0, 0, 0, 0, 
32.65, 18.56, 100.3, 74.3, 75.11, , -5.207, 0.988, 2922.567, 2922.567, 4, -120.934, -120.934, -120.934, 52.401, 78.141, 35.204, 35.396, 7.38, 12.365, 0, 0, -24.344, -24.644, -24.344, -24.644, 1, 76.5, 76.5, 0.024, 0.135, -31.9, -32.294, -31.9, -32.294, 5.85, 7.38, 12.365, , , 1, 32.75, 0, 0.108, 12.961, 4, 212, 0, 0, 0, 54.844, 3.515, 3.2, 129.2, 25.547, 100, 0, 0, 36.044, 36.044, 6.819, 0.845, 101.906, 0, 0, 105.15, 76.446, 0, 0, 0, 0, 0, 14, 0.108, 12.961, 0, 4, 212, 0, 0, 0, 54.844, 1, 0.004, 0.004, 129.2, 25.547, 100, 0, 0, 141, 36.044, 36.044, 6.819, 0.845, 0, 101.906, 0, 0, 105.15, 76.446, 0, 0, 0, 0, 
32.7, 18.56, 100.3, 74.3, 75.11, , -6.064, 0.988, 2928.262, 2928.262, 3.993, -141.279, -141.279, -141.279, 52.483, 78.909, 35.256, 35.516, 7.38, 12.597, 0, 0, -28.362, -28.711, -28.362, -28.711, 1, 76.219, 76.219, 0.024, 0.135, -37.236, -37.696, -37.236, -37.696, 5.878, 7.38, 12.597, , , 1, 32.801, 0, 0.101, 12.774, 3.993, 212, 0, 0, 0, 53.281, 3.22, 2.956, 129.2, 23.548, 100, 0, 0, 35.315, 35.315, 5.673, 0.798, 99.302, 0, 0, 102.65, 76.187, 0, 0, 0, 0, 0, 14, 0.101, 12.774, 0, 3.993, 212, 0, 0, 0, 53.281, 1, 0.003, 0.003, 129.2, 23.548, 100, 0, 0, 141, 35.315, 35.315, 5.673, 0.798, 0, 99.302, 0, 0, 102.65, 76.187, 0, 0, 0, 0, 
32.75, 18.56, 100.3, 74.3, 75.11, , -6.201, 0.988, 2933.873, 2933.873, 3.986, -144.543, -144.543, -144.543, 52.547, 79.677, 35.307, 35.637, 7.379, 12.914, 0, 0, -28.907, -29.262, -28.907, -29.262, 1, 75.898, 75.898, 0.024, 0.135, -38.058, -38.527, -38.058, -38.527, 5.906, 7.379, 12.914, , , 1, 32.851, 0, 0.093, 12.586, 3.986, 212, 0, 0, 0, 51.719, 2.926, 2.712, 129.2, 21.55, 100, 0, 0, 34.585, 34.585, 4.527, 0.752, 96.698, 0, 0, 100.15, 75.929, 0, 0, 0, 0, 0, 14, 0.093, 12.586, 0, 3.986, 212, 0, 0, 0, 51.719, 1, 0.003, 0.003, 129.2, 21.55, 100, 0, 0, 141, 34.585, 34.585, 4.527, 0.752, 0, 96.698, 0, 0, 100.15, 75.929, 0, 0, 0, 0, 
32.8, 18.56, 100.3, 74.3, 75.11, , -6.051, 0.988, 2939.432, 2939.432, 3.973, -141.001, -141.001, -141.001, 52.567, 80.446, 35.319, 35.637, 7.379, 13.433, 0, 0, -28.069, -28.412, -28.069, -28.412, 1, 75.592, 75.592, 0.024, 0.135, -37.108, -37.565, -37.108, -37.565, 5.936, 7.379, 13.433, , , 1, 32.901, 0, 0.082, 12.5, 3.973, 212, 0, 0, 0, 50.614, 2.735, 2.556, 129.2, 19.99, 100, 0, 0, 34.186, 34.186, 3.679, 0.715, 95.082, 0, 0, 98.614, 75.65, 0, 0, 0, 0, 0, 14, 0.082, 12.5, 0, 3.973, 212, 0, 0, 0, 50.614, 1, 0.003, 0.003, 129.2, 19.99, 100, 0, 0, 141, 34.186, 34.186, 3.679, 0.715, 0, 95.082, 0, 0, 98.614, 75.65, 0, 0, 0, 0, 
32.85, 18.56, 100.3, 74.3, 75.11, , -6.274, 0.988, 2944.991, 2944.991, 3.954, -146.284, -146.284, -146.284, 52.562, 81.214, 35.301, 35.543, 7.378, 14.189, 0, 0, -28.998, -29.353, -28.998, -29.353, 1, 75.284, 75.284, 0.024, 0.135, -38.501, -38.977, -38.501, -38.977, 5.975, 7.378, 14.189, , , 1, 32.951, 0, 0.068, 12.5, 3.954, 212, 0, 0, 0, 49.9, 2.634, 2.475, 129.2, 18.804, 100, 0, 0, 34.067, 34.067, 3.083, 0.688, 94.308, 0, 0, 97.9, 75.354, 0, 0, 0, 0, 0, 14, 0.068, 12.5, 0, 3.954, 212, 0, 0, 0, 49.9, 1, 0.003, 0.003, 129.2, 18.804, 100, 0, 0, 141, 34.067, 34.067, 3.083, 0.688, 0, 94.308, 0, 0, 97.9, 75.354, 0, 0, 0, 0, 
32.9, 18.56, 100.3, 74.3, 75.11, , -6.495, 0.988, 2950.551, 2950.551, 3.936, -151.529, -151.529, -151.529, 52.557, 81.982, 35.282, 35.449, 7.378, 15.131, 0, 0, -29.915, -30.281, -29.915, -30.281, 1, 74.961, 74.961, 0.024, 0.135, -39.888, -40.381, -39.888, -40.381, 6.013, 7.378, 15.131, , , 1, 33.001, 0, 0.054, 12.5, 3.936, 212, 0, 0, 0, 49.186, 2.533, 2.394, 129.2, 17.618, 100, 0, 0, 33.948, 33.948, 2.488, 0.66, 93.535, 0, 0, 97.186, 75.057, 0, 0, 0, 0, 0, 14, 0.054, 12.5, 0, 3.936, 212, 0, 0, 0, 49.186, 1, 0.003, 0.003, 129.2, 17.618, 100, 0, 0, 141, 33.948, 33.948, 2.488, 0.66, 0, 93.535, 0, 0, 97.186, 75.057, 0, 0, 0, 0, 
32.95, 18.56, 100.3, 74.3, 75.11, , -6.521, 0.988, 2956.111, 2956.111, 3.918, -152.158, -152.158, -152.158, 52.547, 82.75, 35.263, 35.355, 7.377, 16.311, 0, 0, -29.912, -30.277, -29.912, -30.277, 1, 74.63, 74.63, 0.024, 0.134, -40.063, -40.557, -40.063, -40.557, 6.052, 7.377, 16.311, , , 1, 33.051, 0, 0.039, 12.5, 3.918, 212, 0, 0, 0, 48.471, 2.432, 2.313, 129.2, 16.433, 100, 0, 0, 33.829, 33.829, 1.893, 0.633, 92.761, 0, 0, 96.471, 74.761, 0, 0, 0, 0, 0, 14, 0.039, 12.5, 0, 3.918, 212, 0, 0, 0, 48.471, 1, 0.003, 0.003, 129.2, 16.433, 100, 0, 0, 141, 33.829, 33.829, 1.893, 0.633, 0, 92.761, 0, 0, 96.471, 74.761, 0, 0, 0, 0, 
33, 18.56, 100.3, 74.3, 75.11, , -6.544, 0.988, 2961.594, 2961.594, 3.903, -152.711, -152.711, -152.711, 52.528, 83.518, 35.244, 35.261, 7.377, 17.514, 0, 0, -29.894, -30.259, -29.894, -30.259, 1, 74.298, 74.298, 0.024, 0.134, -40.223, -40.717, -40.223, -40.717, 6.091, 7.377, 17.514, , , 1, 33.101, 0, 0.028, 12.5, 3.903, 212, 0, 0, 0, 47.852, 2.343, 2.239, 129.2, 15.527, 100, 0, 0, 33.732, 33.732, 1.389, 0.61, 92.01, 0, 0, 95.778, 74.519, 0, 0, 0, 0, 0, 14, 0.028, 12.5, 0, 3.903, 212, 0, 0, 0, 47.852, 1, 0.002, 0.002, 129.2, 15.527, 100, 0, 0, 141, 33.732, 33.732, 1.389, 0.61, 0, 92.01, 0, 0, 95.778, 74.519, 0, 0, 0, 0, 
33.05, 18.56, 100.3, 74.3, 75.11, , -6.478, 0.988, 2967.118, 2967.118, 3.893, -151.17, -151.17, -151.17, 52.518, 84.286, 35.24, 35.1, 7.377, 18.746, 0, 0, -29.465, -29.826, -29.465, -29.826, 1, 73.973, 73.973, 0.024, 0.134, -39.824, -40.315, -39.824, -40.315, 6.124, 7.377, 18.746, , , 1, 33.151, 0, 0.021, 12.5, 3.893, 212, 0, 0, 0, 47.417, 2.279, 2.178, 129.2, 15.166, 100, 0, 0, 33.677, 33.677, 1.063, 0.596, 91.303, 0, 0, 95.126, 74.383, 0, 0, 0, 0, 0, 14, 0.021, 12.5, 0, 3.893, 212, 0, 0, 0, 47.417, 1, 0.002, 0.002, 129.2, 15.166, 100, 0, 0, 141, 33.677, 33.677, 1.063, 0.596, 0, 91.303, 0, 0, 95.126, 74.383, 0, 0, 0, 0, 
33.1, 18.56, 100.3, 74.3, 75.11, , -6.439, 0.988, 2972.564, 2972.564, 3.884, -150.254, -150.254, -150.254, 52.526, 85.054, 35.24, 34.921, 7.377, 19.711, 0, 0, -29.15, -29.509, -29.15, -29.509, 1, 73.645, 73.645, 0.024, 0.134, -39.577, -40.064, -39.577, -40.064, 6.157, 7.377, 19.711, , , 1, 33.201, 0, 0.015, 12.5, 3.884, 212, 0, 0, 0, 46.983, 2.215, 2.118, 129.2, 14.806, 100, 0, 0, 33.623, 33.623, 0.737, 0.582, 90.597, 0, 0, 94.474, 74.247, 0, 0, 0, 0, 0, 14, 0.015, 12.5, 0, 3.884, 212, 0, 0, 0, 46.983, 1, 0.002, 0.002, 129.2, 14.806, 100, 0, 0, 141, 33.623, 33.623, 0.737, 0.582, 0, 90.597, 0, 0, 94.474, 74.247, 0, 0, 0, 0, 
33.15, 18.56, 100.3, 74.3, 75.11, , -6.487, 0.988, 2977.994, 2977.994, 3.874, -151.388, -151.388, -151.388, 52.553, 85.822, 35.24, 34.742, 7.377, 20.273, 0, 0, -29.233, -29.592, -29.233, -29.592, 1, 73.315, 73.315, 0.024, 0.134, -39.852, -40.342, -39.852, -40.342, 6.19, 7.377, 20.273, , , 1, 33.25, 0, 0.008, 12.5, 3.874, 212, 0, 0, 0, 46.548, 2.151, 2.057, 129.2, 14.445, 100, 0, 0, 33.568, 33.568, 0.411, 0.568, 89.89, 0, 0, 93.822, 74.111, 0, 0, 0, 0, 0, 14, 0.008, 12.5, 0, 3.874, 212, 0, 0, 0, 46.548, 1, 0.002, 0.002, 129.2, 14.445, 100, 0, 0, 141, 33.568, 33.568, 0.411, 0.568, 0, 89.89, 0, 0, 93.822, 74.111, 0, 0, 0, 0, 
33.2, 18.56, 100.3, 74.3, 75.11, , -6.627, 0.988, 2983.424, 2983.424, 3.864, -154.711, -154.711, -154.711, 52.601, 86.59, 35.24, 34.562, 7.377, 20.645, 0, 0, -29.736, -30.103, -29.736, -30.103, 1, 72.989, 72.989, 0.024, 0.133, -40.685, -41.186, -40.685, -41.186, 6.223, 7.377, 20.645, , , 1, 33.3, 0, 0.002, 12.5, 3.864, 212, 0, 0, 0, 46.113, 2.087, 1.996, 129.2, 14.084, 100, 0, 0, 33.514, 33.514, 0.085, 0.554, 89.184, 0, 0, 93.17, 73.975, 0, 0, 0, 0, 0, 14, 0.002, 12.5, 0, 3.864, 212, 0, 0, 0, 46.113, 1, 0.002, 0.002, 129.2, 14.084, 100, 0, 0, 141, 33.514, 33.514, 0.085, 0.554, 0, 89.184, 0, 0, 93.17, 73.975, 0, 0, 0, 0, 
33.25, 18.56, 100.3, 74.3, 75.11, , -6.822, 0.988, 2988.8, 2988.8, 3.853, -159.352, -159.352, -159.352, 52.672, 87.358, 35.24, 34.383, 7.377, 20.708, 0, 0, -30.482, -30.859, -30.482, -30.859, 1, 72.648, 72.648, 0.024, 0.133, -41.851, -42.367, -41.851, -42.367, 6.225, 7.377, 20.708, , , 1, 33.351, 0, 0, 12.5, 3.853, 212, 0, 0, 0, 46, 1.764, 1.687, 129.2, 13.88, 100, 0, 0, 33.352, 33.352, 0, 0.55, 88.926, 0, 0, 92.926, 73.665, 0, 0, 0, 0, 0, 14, 0, 12.5, 0, 3.853, 212, 0, 0, 0, 46, 1, 0.002, 0.002, 129.2, 13.88, 100, 0, 0, 141, 33.352, 33.352, 0, 0.55, 0, 88.926, 0, 0, 92.926, 73.665, 0, 0, 0, 0, 
33.3, 18.56, 100.3, 74.3, 75.11, , -7.087, 0.988, 2994.177, 2994.177, 3.841, -165.662, -165.662, -165.662, 52.73, 88.126, 35.158, 34.834, 7.377, 20.701, 0, 0, -31.536, -31.926, -31.536, -31.926, 1, 72.293, 72.293, 0.024, 0.133, -43.461, -43.996, -43.461, -43.996, 6.225, 7.377, 20.701, , , 1, 33.401, 0, 0, 12.5, 3.841, 212, 0, 0, 0, 46, 1.35, 1.291, 129.2, 13.732, 100, 0, 0, 33.152, 33.152, 0, 0.55, 88.826, 0, 0, 92.826, 73.293, 0, 0, 0, 0, 0, 14, 0, 12.5, 0, 3.841, 212, 0, 0, 0, 46, 1, 0.001, 0.001, 129.2, 13.732, 100, 0, 0, 141, 33.152, 33.152, 0, 0.55, 0, 88.826, 0, 0, 92.826, 73.293, 0, 0, 0, 0, 
33.35, 18.56, 100.3, 74.3, 75.11, , -7.321, 0.988, 2999.52, 2999.52, 3.829, -171.219, -171.219, -171.219, 52.773, 88.894, 35.049, 35.485, 7.377, 20.568, 0, 0, -32.43, -32.83, -32.43, -32.83, 1, 71.931, 71.931, 0.024, 0.134, -44.884, -45.436, -44.884, -45.436, 6.226, 7.377, 20.568, , , 1, 33.451, 0, 0, 12.5, 3.829, 212, 0, 0, 0, 46, 0.936, 0.895, 129.2, 13.584, 100, 0, 0, 32.952, 32.952, 0, 0.55, 88.726, 0, 0, 92.726, 72.921, 0, 0, 0, 0, 0, 14, 0, 12.5, 0, 3.829, 212, 0, 0, 0, 46, 1, 0.001, 0.001, 129.2, 13.584, 100, 0, 0, 141, 32.952, 32.952, 0, 0.55, 0, 88.726, 0, 0, 92.726, 72.921, 0, 0, 0, 0, 
33.4, 18.56, 100.3, 74.3, 75.11, , -7.531, 0.988, 3004.827, 3004.827, 3.817, -176.215, -176.215, -176.215, 52.797, 89.662, 34.941, 36.136, 7.377, 20.593, 0, 0, -33.202, -33.611, -33.202, -33.611, 1, 71.556, 71.556, 0.024, 0.134, -46.174, -46.743, -46.174, -46.743, 6.226, 7.377, 20.593, , , 1, 33.501, 0, 0, 12.5, 3.817, 212, 0, 0, 0, 46, 0.522, 0.499, 129.2, 13.436, 100, 0, 0, 32.752, 32.752, 0, 0.55, 88.626, 0, 0, 92.626, 72.549, 0, 0, 0, 0, 0, 14, 0, 12.5, 0, 3.817, 212, 0, 0, 0, 46, 1, 0.001, 0.001, 129.2, 13.436, 100, 0, 0, 141, 32.752, 32.752, 0, 0.55, 0, 88.626, 0, 0, 92.626, 72.549, 0, 0, 0, 0, 
33.45, 18.56, 100.3, 74.3, 75.11, , -7.771, 0.988, 3010.135, 3010.135, 3.805, -181.905, -181.905, -181.905, 52.804, 90.43, 34.832, 36.786, 7.377, 20.921, 0, 0, -34.088, -34.507, -34.088, -34.507, 1, 71.168, 71.168, 0.024, 0.134, -47.66, -48.248, -47.66, -48.248, 6.22, 7.377, 20.921, , , 1, 33.551, 0, 0, 12.5, 3.805, 212, 0, 0, 0, 46, 0.108, 0.103, 129.2, 13.288, 100, 0, 0, 32.552, 32.552, 0, 0.55, 88.526, 0, 0, 92.526, 72.177, 0, 0, 0, 0, 0, 14, 0, 12.5, 0, 3.805, 212, 0, 0, 0, 46, 1, 0, 0, 129.2, 13.288, 100, 0, 0, 141, 32.552, 32.552, 0, 0.55, 0, 88.526, 0, 0, 92.526, 72.177, 0, 0, 0, 0, 
33.5, 18.56, 100.3, 74.3, 75.11, , -8.013, 0.988, 3015.421, 3015.421, 3.786, -187.655, -187.655, -187.655, 52.795, 91.198, 34.724, 37.437, 7.377, 21.253, 0, 0, -34.966, -35.397, -34.966, -35.397, 1, 70.771, 70.771, 0.024, 0.134, -49.176, -49.782, -49.176, -49.782, 6.211, 7.377, 21.253, , , 1, 33.601, 0, 0, 12.5, 3.786, 212, 0, 0, 0, 46, 0, 0, 129.2, 13.36, 100, 0, 0, 31.242, 31.242, 0, 0.55, 88.352, 0, 0, 92.426, 71.804, 0, 0, 0, 0, 0, 14, 0, 12.5, 0, 3.786, 212, 0, 0, 0, 46, 1, 0, 0, 129.2, 13.36, 100, 0, 0, 141, 31.242, 31.242, 0, 0.55, 0, 88.352, 0, 0, 92.426, 71.804, 0, 0, 0, 0, 
33.55, 18.56, 100.3, 74.3, 75.11, , -8.263, 0.988, 3020.609, 3020.609, 3.764, -193.619, -193.619, -193.619, 52.788, 91.966, 34.812, 37.243, 7.377, 21.594, 0, 0, -35.867, -36.308, -35.867, -36.308, 1, 70.357, 70.357, 0.024, 0.134, -50.746, -51.371, -50.746, -51.371, 6.201, 7.377, 21.594, , , 1, 33.651, 0, 0, 12.5, 3.764, 212, 0, 0, 0, 46, 0, 0, 129.2, 13.508, 100, 0, 0, 29.542, 29.542, 0, 0.55, 88.152, 0, 0, 92.326, 71.432, 0, 0, 0, 0, 0, 14, 0, 12.5, 0, 3.764, 212, 0, 0, 0, 46, 1, 0, 0, 129.2, 13.508, 100, 0, 0, 141, 29.542, 29.542, 0, 0.55, 0, 88.152, 0, 0, 92.326, 71.432, 0, 0, 0, 0, 
33.6, 18.56, 100.3, 74.3, 75.11, , -8.513, 0.988, 3025.797, 3025.797, 3.742, -199.55, -199.55, -199.55, 52.788, 92.734, 34.956, 36.811, 7.377, 21.912, 0, 0, -36.742, -37.195, -36.742, -37.195, 1, 69.932, 69.932, 0.024, 0.134, -52.299, -52.943, -52.299, -52.943, 6.192, 7.377, 21.912, , , 1, 33.701, 0, 0, 12.5, 3.742, 212, 0, 0, 0, 46, 0, 0, 129.2, 13.656, 100, 0, 0, 27.842, 27.842, 0, 0.55, 87.952, 0, 0, 92.226, 71.059, 0, 0, 0, 0, 0, 14, 0, 12.5, 0, 3.742, 212, 0, 0, 0, 46, 1, 0, 0, 129.2, 13.656, 100, 0, 0, 141, 27.842, 27.842, 0, 0.55, 0, 87.952, 0, 0, 92.226, 71.059, 0, 0, 0, 0, 
33.65, 18.56, 100.3, 74.3, 75.11, , -8.742, 0.988, 3030.987, 3030.987, 3.72, -204.995, -204.995, -204.995, 52.799, 93.502, 35.1, 36.379, 7.377, 22.18, 0, 0, -37.51, -37.973, -37.51, -37.973, 1, 69.494, 69.494, 0.024, 0.134, -53.715, -54.376, -53.715, -54.376, 6.177, 7.377, 22.18, , , 1, 33.751, 0, 0, 12.5, 3.72, 212, 0, 0, 0, 46, 0, 0, 129.2, 13.804, 100, 0, 0, 26.142, 26.142, 0, 0.55, 87.752, 0, 0, 92.126, 70.687, 0, 0, 0, 0, 0, 14, 0, 12.5, 0, 3.72, 212, 0, 0, 0, 46, 1, 0, 0, 129.2, 13.804, 100, 0, 0, 141, 26.142, 26.142, 0, 0.55, 0, 87.752, 0, 0, 92.126, 70.687, 0, 0, 0, 0, 
33.7, 18.56, 100.3, 74.3, 75.11, , -8.925, 0.988, 3036.176, 3036.176, 3.698, -209.339, -209.339, -209.339, 52.816, 94.27, 35.244, 35.947, 7.377, 22.38, 0, 0, -38.06, -38.53, -38.06, -38.53, 1, 69.051, 69.051, 0.024, 0.135, -54.836, -55.509, -54.836, -55.509, 6.156, 7.377, 22.38, , , 1, 33.801, 0, 0, 12.5, 3.698, 212, 0, 0, 0, 46, 0, 0, 129.2, 13.952, 100, 0, 0, 24.442, 24.442, 0, 0.55, 87.552, 0, 0, 92.026, 70.314, 0, 0, 0, 0, 0, 14, 0, 12.5, 0, 3.698, 212, 0, 0, 0, 46, 1, 0, 0, 129.2, 13.952, 100, 0, 0, 141, 24.442, 24.442, 0, 0.55, 0, 87.552, 0, 0, 92.026, 70.314, 0, 0, 0, 0, 
33.75, 18.56, 100.3, 74.3, 75.11, , -9.058, 0.988, 3041.287, 3041.287, 3.676, -212.508, -212.508, -212.508, 52.84, 95.038, 35.388, 35.515, 7.378, 22.385, 0, 0, -38.387, -38.861, -38.387, -38.861, 1, 68.591, 68.591, 0.024, 0.135, -55.644, -56.327, -55.644, -56.327, 6.136, 7.378, 22.385, , , 1, 33.851, 0, 0, 12.5, 3.676, 212, 0, 0, 0, 46, 0, 0, 129.2, 14.045, 100, 0, 0, 22.224, 22.224, 0, 0.55, 87.352, 0, 0, 91.926, 69.941, 0, 0, 0, 0, 0, 14, 0, 12.5, 0, 3.676, 212, 0, 0, 0, 46, 1, 0, 0, 129.2, 14.045, 100, 0, 0, 141, 22.224, 22.224, 0, 0.55, 0, 87.352, 0, 0, 91.926, 69.941, 0, 0, 0, 0, 
33.8, 18.56, 100.3, 74.3, 75.11, , -9.123, 0.988, 3046.364, 3046.364, 3.653, -214.066, -214.066, -214.066, 52.861, 95.806, 35.476, 35.757, 7.378, 22.39, 0, 0, -38.413, -38.887, -38.413, -38.887, 1, 68.13, 68.13, 0.024, 0.135, -56.031, -56.719, -56.031, -56.719, 6.115, 7.378, 22.39, , , 1, 33.901, 0, 0, 12.5, 3.653, 212, 0, 0, 0, 46, 0, 0, 129.2, 14.119, 100, 0, 0, 19.824, 19.824, 0, 0.55, 87.152, 0, 0, 91.826, 69.568, 0, 0, 0, 0, 0, 14, 0, 12.5, 0, 3.653, 212, 0, 0, 0, 46, 1, 0, 0, 129.2, 14.119, 100, 0, 0, 141, 19.824, 19.824, 0, 0.55, 0, 87.152, 0, 0, 91.826, 69.568, 0, 0, 0, 0, 
33.85, 18.56, 100.3, 74.3, 75.11, , -9.136, 0.988, 3051.44, 3051.44, 3.631, -214.397, -214.397, -214.397, 52.879, 96.574, 35.548, 36.189, 7.379, 22.39, 0, 0, -38.213, -38.684, -38.213, -38.684, 1, 67.664, 67.664, 0.024, 0.135, -56.099, -56.789, -56.099, -56.789, 6.094, 7.379, 22.39, , , 1, 33.951, 0, 0, 12.5, 3.631, 212, 0, 0, 0, 46, 0, 0, 129.2, 14.193, 100, 0, 0, 17.424, 17.424, 0, 0.55, 86.952, 0, 0, 91.726, 69.194, 0, 0, 0, 0, 0, 14, 0, 12.5, 0, 3.631, 212, 0, 0, 0, 46, 1, 0, 0, 129.2, 14.193, 100, 0, 0, 141, 17.424, 17.424, 0, 0.55, 0, 86.952, 0, 0, 91.726, 69.194, 0, 0, 0, 0, 
33.9, 18.56, 100.3, 74.3, 75.11, , -9.138, 0.988, 3056.416, 3056.416, 3.609, -214.444, -214.444, -214.444, 52.891, 93.853, 35.62, 36.621, 7.379, 22.39, 0, 0, -37.963, -38.43, -37.963, -38.43, 1, 67.2, 67.2, 0.024, 0.135, -56.098, -56.788, -56.098, -56.788, 6.073, 7.379, 22.39, , , 1, 34.001, 0, 0, 12.5, 3.609, 212, 0, 0, 0, 46, 0, 0, 129.2, 14.267, 100, 0, 0, 15.024, 15.024, 0, 0.55, 86.752, 0, 0, 91.626, 68.821, 0, 0, 0, 0, 0, 14, 0, 12.5, 0, 3.609, 212, 0, 0, 0, 46, 1, 0, 0, 129.2, 14.267, 100, 0, 0, 141, 15.024, 15.024, 0, 0.55, 0, 86.752, 0, 0, 91.626, 68.821, 0, 0, 0, 0, 
33.95, 18.56, 100.3, 74.3, 75.11, , -9.106, 0.988, 3061.477, 3061.477, 3.587, -213.695, -213.695, -213.695, 52.898, 89.49, 35.692, 37.053, 7.38, 22.39, 0, 0, -37.571, -38.033, -37.571, -38.033, 1, 66.738, 66.738, 0.024, 0.135, -55.894, -56.582, -55.894, -56.582, 6.052, 7.38, 22.39, , , 1, 34.051, 0, 0, 12.5, 3.587, 212, 0, 0, 0, 46, 0, 0, 129.2, 14.341, 100, 0, 0, 12.624, 12.624, 0, 0.55, 86.552, 0, 0, 91.526, 68.447, 0, 0, 0, 0, 0, 14, 0, 12.5, 0, 3.587, 212, 0, 0, 0, 46, 1, 0, 0, 129.2, 14.341, 100, 0, 0, 141, 12.624, 12.624, 0, 0.55, 0, 86.552, 0, 0, 91.526, 68.447, 0, 0, 0, 0, 
34, 18.56, 100.3, 74.3, 75.11, , -9.078, 0.988, 3066.104, 3066.104, 3.563, -213.039, -213.039, -213.039, 52.9, 85.127, 35.764, 37.485, 7.38, 22.39, 0, 0, -37.21, -37.668, -37.21, -37.668, 1, 66.409, 66.409, 0.024, 0.135, -55.719, -56.406, -55.719, -56.406, 6.03, 7.38, 22.39, , , 1, 34.101, 0, 0, 12.515, 3.563, 212, 0, 0, 0, 46, 0, 0, 129.2, 14.47, 100, 0, 0, 12, 12, 0, 0.55, 86.352, 0, 0, 91.352, 67.89, 0, 0, 0, 0, 0, 14, 0, 12.515, 0, 3.563, 212, 0, 0, 0, 46, 1, 0, 0, 129.2, 14.47, 100, 0, 0, 141, 12, 12, 0, 0.55, 0, 86.352, 0, 0, 91.352, 67.89, 0, 0, 0, 0, 
34.05, 18.56, 100.3, 74.3, 75.11, , -9.061, 0.988, 3068.969, 3068.969, 3.539, -212.645, -212.645, -212.645, 52.901, 80.764, 35.724, 37.271, 7.38, 22.39, 0, 0, -36.991, -37.447, -36.991, -37.447, 1, 66.034, 66.034, 0.024, 0.135, -55.614, -56.3, -55.614, -56.3, 6.015, 7.38, 22.39, , , 1, 34.151, 0, 0, 12.535, 3.539, 212, 0, 0, 0, 46, 0, 0, 129.2, 14.618, 100, 0, 0, 12, 12, 0, 0.55, 86.152, 0, 0, 91.152, 67.268, 0, 0, 0, 0, 0, 14, 0, 12.535, 0, 3.539, 212, 0, 0, 0, 46, 1, 0, 0, 129.2, 14.618, 100, 0, 0, 141, 12, 12, 0, 0.55, 0, 86.152, 0, 0, 91.152, 67.268, 0, 0, 0, 0, 
34.1, 18.56, 100.3, 74.3, 75.11, , -9.013, 0.988, 3073.833, 3073.833, 3.515, -211.519, -211.519, -211.519, 52.905, 76.401, 35.652, 36.875, 7.38, 22.39, 0, 0, -36.542, -36.992, -36.542, -36.992, 1, 65.578, 65.578, 0.024, 0.134, -55.315, -55.996, -55.315, -55.996, 6.017, 7.38, 22.39, , , 1, 34.201, 0, 0, 12.555, 3.515, 212, 0, 0, 0, 46, 0, 0, 129.2, 14.766, 100, 0, 0, 12, 12, 0, 0.55, 85.952, 0, 0, 90.952, 66.646, 0, 0, 0, 0, 0, 14, 0, 12.555, 0, 3.515, 212, 0, 0, 0, 46, 1, 0, 0, 129.2, 14.766, 100, 0, 0, 141, 12, 12, 0, 0.55, 0, 85.952, 0, 0, 90.952, 66.646, 0, 0, 0, 0, 
34.15, 18.56, 100.3, 74.3, 75.11, , -8.874, 0.988, 3078.697, 3078.697, 3.491, -208.248, -208.248, -208.248, 52.909, 72.038, 35.58, 36.479, 7.38, 22.39, 0, 0, -35.733, -36.172, -35.733, -36.172, 1, 65.122, 65.122, 0.024, 0.134, -54.455, -55.125, -54.455, -55.125, 6.019, 7.38, 22.39, , , 1, 34.251, 0, 0, 12.575, 3.491, 212, 0, 0, 0, 46, 0, 0, 129.2, 14.914, 100, 0, 0, 12, 12, 0, 0.55, 85.752, 0, 0, 90.752, 66.024, 0, 0, 0, 0, 0, 14, 0, 12.575, 0, 3.491, 212, 0, 0, 0, 46, 1, 0, 0, 129.2, 14.914, 100, 0, 0, 141, 12, 12, 0, 0.55, 0, 85.752, 0, 0, 90.752, 66.024, 0, 0, 0, 0, 
34.2, 18.56, 100.3, 74.3, 75.11, , -8.514, 0.988, 3083.534, 3083.534, 3.467, -199.699, -199.699, -199.699, 52.905, 67.675, 35.508, 36.083, 7.38, 22.39, 0, 0, -34.046, -34.465, -34.046, -34.465, 1, 64.675, 64.675, 0.024, 0.134, -52.221, -52.865, -52.221, -52.865, 6.021, 7.38, 22.39, , , 1, 34.301, 0, 0, 12.595, 3.467, 212, 0, 0, 0, 46, 0, 0, 129.2, 15.062, 100, 0, 0, 12, 12, 0, 0.55, 85.552, 0, 0, 90.552, 65.402, 0, 0, 0, 0, 0, 14, 0, 12.595, 0, 3.467, 212, 0, 0, 0, 46, 1, 0, 0, 129.2, 15.062, 100, 0, 0, 141, 12, 12, 0, 0.55, 0, 85.552, 0, 0, 90.552, 65.402, 0, 0, 0, 0, 
34.25, 18.56, 100.3, 74.3, 75.111, , -8.043, 0.988, 3088.3, 3088.3, 3.438, -188.541, -188.541, -188.541, 52.886, 63.312, 35.436, 35.687, 7.38, 22.39, 0, 0, -31.949, -32.341, -31.949, -32.341, 1, 64.255, 64.255, 0.024, 0.134, -49.317, -49.924, -49.317, -49.924, 6.023, 7.38, 22.39, , , 1, 34.351, 0, 0, 12.622, 3.438, 212, 0, 0, 0, 46, 0, 0, 129.466, 15.264, 100, 0, 0, 12, 12, 0, 0.551, 85.352, 0, 0, 90.315, 64.92, 0, 0, 0, 0, 0, 14, 0, 12.622, 0, 3.438, 212, 0, 0, 0, 46, 1, 0, 0, 129.466, 15.264, 100, 0, 0, 141, 12, 12, 0, 0.551, 0, 85.352, 0, 0, 90.315, 64.92, 0, 0, 0, 0, 
34.3, 18.56, 100.3, 74.3, 75.111, , -7.612, 0.988, 3093.065, 3093.065, 3.407, -178.331, -178.331, -178.331, 52.862, 58.949, 35.111, 35.881, 7.38, 22.39, 0, 0, -30.031, -30.399, -30.031, -30.399, 1, 63.859, 63.859, 0.024, 0.134, -46.665, -47.239, -46.665, -47.239, 6.026, 7.38, 22.39, , , 1, 34.401, 0, 0, 12.652, 3.407, 212, 0, 0, 0, 46, 0, 0, 129.826, 15.485, 100, 0, 0, 12, 12, 0, 0.553, 85.152, 0, 0, 90.065, 64.488, 0, 0, 0, 0, 0, 14, 0, 12.652, 0, 3.407, 212, 0, 0, 0, 46, 1, 0, 0, 129.826, 15.485, 100, 0, 0, 141, 12, 12, 0, 0.553, 0, 85.152, 0, 0, 90.065, 64.488, 0, 0, 0, 0, 
34.35, 18.56, 100.3, 74.3, 75.112, , -7.327, 0.988, 3097.797, 3097.797, 3.377, -171.582, -171.582, -171.582, 52.843, 54.585, 34.715, 36.241, 7.38, 22.39, 0, 0, -28.707, -29.06, -28.707, -29.06, 1, 63.485, 63.485, 0.024, 0.134, -44.917, -45.471, -44.917, -45.471, 6.029, 7.38, 22.39, , , 1, 34.451, 0, 0, 12.682, 3.377, 212, 0, 0, 0, 46, 0, 0, 130.186, 15.706, 100, 0, 0, 12, 12, 0, 0.555, 84.952, 0, 0, 89.815, 64.056, 0, 0, 0, 0, 0, 14, 0, 12.682, 0, 3.377, 212, 0, 0, 0, 46, 1, 0, 0, 130.186, 15.706, 100, 0, 0, 141, 12, 12, 0, 0.555, 0, 84.952, 0, 0, 89.815, 64.056, 0, 0, 0, 0, 
34.4, 18.56, 100.3, 74.3, 75.113, , -7.204, 0.988, 3102.468, 3102.468, 3.346, -168.656, -168.656, -168.656, 52.835, 50.222, 34.319, 36.601, 7.38, 22.39, 0, 0, -28.037, -28.382, -28.037, -28.382, 1, 63.122, 63.122, 0.024, 0.134, -44.159, -44.703, -44.159, -44.703, 6.031, 7.38, 22.39, , , 1, 34.501, 0, 0, 12.712, 3.346, 212, 0, 0, 0, 46, 0, 0, 130.546, 15.927, 100, 0, 0, 12, 12, 0, 0.557, 84.752, 0, 0, 89.565, 63.623, 0, 0, 0, 0, 0, 14, 0, 12.712, 0, 3.346, 212, 0, 0, 0, 46, 1, 0, 0, 130.546, 15.927, 100, 0, 0, 141, 12, 12, 0, 0.557, 0, 84.752, 0, 0, 89.565, 63.623, 0, 0, 0, 0, 
34.45, 18.56, 100.3, 74.3, 75.114, , -7.178, 0.988, 3107.138, 3107.138, 3.315, -168.068, -168.068, -168.068, 52.846, 54.567, 33.923, 36.961, 7.38, 22.39, 0, 0, -27.777, -28.119, -27.777, -28.119, 1, 62.757, 62.757, 0.024, 0.134, -43.999, -44.54, -43.999, -44.54, 6.034, 7.38, 22.39, , , 1, 34.551, 0, 0, 12.742, 3.315, 212, 0, 0, 0, 46, 0, 0, 130.906, 16.148, 100, 0, 0, 12, 12, 0, 0.559, 84.552, 0, 0, 89.315, 63.191, 0, 0, 0, 0, 0, 14, 0, 12.742, 0, 3.315, 212, 0, 0, 0, 46, 1, 0, 0, 130.906, 16.148, 100, 0, 0, 141, 12, 12, 0, 0.559, 0, 84.552, 0, 0, 89.315, 63.191, 0, 0, 0, 0, 
34.5, 18.56, 100.3, 74.3, 75.114, , -6.973, 0.988, 3111.777, 3111.777, 3.294, -163.193, -163.193, -163.193, 52.868, 62.163, 33.527, 37.321, 7.38, 22.39, 0, 0, -26.837, -27.169, -26.837, -27.169, 1, 62.394, 62.394, 0.024, 0.134, -42.71, -43.235, -42.71, -43.235, 6.012, 7.38, 22.39, , , 1, 34.6, 0, 0, 12.758, 3.294, 212, 0, 0, 0, 46, 0, 0, 131, 16.323, 100, 0, 0, 12, 12, 0, 0.562, 84.46, 0, 0, 89.25, 62.827, 0, 0, 0, 0, 0, 14, 0, 12.758, 0, 3.294, 212, 0, 0, 0, 46, 1, 0, 0, 131, 16.323, 100, 0, 0, 141, 12, 12, 0, 0.562, 0, 84.46, 0, 0, 89.25, 62.827, 0, 0, 0, 0, 
34.55, 18.56, 100.3, 74.3, 75.115, , -6.491, 0.988, 3116.385, 3116.385, 3.277, -151.775, -151.775, -151.775, 52.87, 62.265, 33.887, 37.064, 7.381, 22.39, 0, 0, -24.848, -25.155, -24.848, -25.155, 1, 62.054, 62.054, 0.024, 0.134, -39.718, -40.206, -39.718, -40.206, 5.985, 7.381, 22.39, , , 1, 34.65, 0, 0, 12.769, 3.277, 212, 0, 0, 0, 46, 0, 0, 131, 16.483, 100, 0, 0, 12, 12, 0, 0.564, 84.406, 0, 0, 89.25, 62.489, 0, 0, 0, 0, 0, 14, 0, 12.769, 0, 3.277, 212, 0, 0, 0, 46, 1, 0, 0, 131, 16.483, 100, 0, 0, 141, 12, 12, 0, 0.564, 0, 84.406, 0, 0, 89.25, 62.489, 0, 0, 0, 0, 
34.6, 18.56, 100.3, 74.3, 75.116, , -5.82, 0.988, 3121.026, 3121.026, 3.26, -135.864, -135.864, -135.864, 52.838, 62.367, 34.461, 36.634, 7.382, 22.39, 0, 0, -22.139, -22.412, -22.139, -22.412, 1, 61.745, 61.745, 0.024, 0.134, -35.566, -36.002, -35.566, -36.002, 5.958, 7.382, 22.39, , , 1, 34.701, 0, 0, 12.78, 3.26, 212, 0, 0, 0, 46, 0, 0, 131, 16.643, 100, 0, 0, 12, 12, 0, 0.566, 84.352, 0, 0, 89.25, 62.151, 0, 0, 0, 0, 0, 14, 0, 12.78, 0, 3.26, 212, 0, 0, 0, 46, 1, 0, 0, 131, 16.643, 100, 0, 0, 141, 12, 12, 0, 0.566, 0, 84.352, 0, 0, 89.25, 62.151, 0, 0, 0, 0, 
34.65, 18.56, 100.3, 74.3, 75.117, , -5.121, 0.988, 3125.578, 3125.578, 3.243, -119.287, -119.287, -119.287, 52.764, 62.468, 35.035, 36.204, 7.382, 22.39, 0, 0, -19.346, -19.584, -19.346, -19.584, 1, 61.468, 61.468, 0.024, 0.134, -31.263, -31.644, -31.263, -31.644, 5.932, 7.382, 22.39, , , 1, 34.751, 0, 0, 12.79, 3.243, 212, 0, 0, 0, 46, 0, 0, 131, 16.803, 100, 0, 0, 12, 12, 0, 0.568, 84.298, 0, 0, 89.25, 61.812, 0, 0, 0, 0, 0, 14, 0, 12.791, 0, 3.243, 212, 0, 0, 0, 46, 1, 0, 0, 131, 16.803, 100, 0, 0, 141, 12, 12, 0, 0.568, 0, 84.298, 0, 0, 89.25, 61.812, 0, 0, 0, 0, 
34.7, 18.56, 100.3, 74.3, 75.118, , -4.5, 0.988, 3130.069, 3130.069, 3.226, -104.566, -104.566, -104.566, 52.669, 62.57, 35.609, 35.774, 7.382, 22.39, 0, 0, -16.878, -17.088, -16.878, -17.088, 1, 61.23, 61.23, 0.024, 0.134, -27.461, -27.796, -27.461, -27.796, 5.905, 7.382, 22.39, , , 1, 34.801, 0.008, 0, 12.802, 3.226, 212.035, 0, 0, 0, 46.06, 0.054, 0.05, 131, 16.966, 100, 0, 0, 12.038, 12.038, 0.017, 0.571, 84.34, 0, 0, 89.325, 61.487, 0, 0, 0.008, 0, 0, 14, 0, 12.802, 0, 3.226, 212.035, 0, 0, 0, 46.06, 1, 0, 0, 131, 16.966, 100, 0, 0, 141, 12.038, 12.038, 0.017, 0.571, 0, 84.34, 0, 0, 89.325, 61.487, 0, 0, 0, 0, 
34.75, 18.56, 100.3, 74.3, 75.118, , -4.164, 0.988, 3134.559, 3134.559, 3.212, -96.601, -96.601, -96.601, 52.581, 62.672, 36.182, 35.343, 7.382, 22.39, 0, 0, -15.529, -15.722, -15.529, -15.722, 1, 61.015, 61.015, 0.024, 0.134, -25.421, -25.731, -25.421, -25.731, 5.878, 7.382, 22.39, , , 1, 34.851, 0.076, 0, 12.814, 3.212, 212.285, 0, 0, 0, 46.563, 0.501, 0.464, 131, 17.151, 100, 0, 0, 12.352, 12.352, 0.142, 0.576, 85.094, 0, 0, 89.954, 61.252, 0, 0, 0.076, 0, 0, 14, 0, 12.814, 0, 3.212, 212.285, 0, 0, 0, 46.563, 1, 0.001, 0, 131, 17.151, 100, 0, 0, 141, 12.352, 12.352, 0.142, 0.576, 0, 85.094, 0, 0, 89.954, 61.252, 0, 0, 0, 0, 
34.8, 18.56, 100.3, 74.3, 75.119, , -4.018, 0.988, 3139.049, 3139.049, 3.197, -93.147, -93.147, -93.147, 52.518, 62.774, 36.293, 35.376, 7.382, 22.39, 0, 0, -14.923, -15.109, -14.923, -15.109, 1, 60.808, 60.808, 0.024, 0.134, -24.544, -24.844, -24.544, -24.844, 5.852, 7.382, 22.39, , , 1, 34.9, 0.144, 0, 12.827, 3.197, 212.535, 0, 0, 0, 47.065, 0.948, 0.879, 131, 17.336, 100, 0, 0, 12.666, 12.666, 0.268, 0.581, 85.848, 0, 0, 90.582, 61.017, 0, 0, 0.144, 0, 0, 14, 0, 12.827, 0, 3.197, 212.535, 0, 0, 0, 47.065, 1, 0.001, 0.001, 131, 17.336, 100, 0, 0, 141, 12.666, 12.666, 0.268, 0.581, 0, 85.848, 0, 0, 90.582, 61.017, 0, 0, 0, 0, 
34.85, 18.56, 100.3, 74.3, 75.12, , -3.669, 0.988, 3143.54, 3143.54, 3.182, -84.857, -84.857, -84.857, 52.478, 62.875, 36.257, 35.556, 7.381, 22.39, 0, 0, -13.56, -13.728, -13.56, -13.728, 1, 60.612, 60.612, 0.024, 0.134, -22.376, -22.648, -22.376, -22.648, 5.825, 7.381, 22.39, , , 1, 34.951, 0.212, 0, 12.839, 3.182, 212.785, 0, 0, 0, 47.568, 1.395, 1.293, 131, 17.521, 100, 0, 0, 12.98, 12.98, 0.392, 0.586, 86.602, 0, 0, 91.21, 60.782, 0, 0, 0.212, 0, 0, 14, 0, 12.839, 0, 3.182, 212.785, 0, 0, 0, 47.568, 1, 0.002, 0.001, 131, 17.521, 100, 0, 0, 141, 12.98, 12.98, 0.392, 0.586, 0, 86.602, 0, 0, 91.21, 60.782, 0, 0, 0, 0, 
34.9, 18.56, 100.3, 74.3, 75.121, , -3.129, 0.988, 3148.03, 3148.03, 3.168, -72.061, -72.061, -72.061, 52.453, 62.977, 36.221, 35.735, 7.379, 22.39, 0, 0, -11.489, -11.631, -11.489, -11.631, 1, 60.441, 60.441, 0.024, 0.134, -19.01, -19.241, -19.01, -19.241, 5.824, 7.379, 22.39, , , 1, 35.001, 0.281, 0, 12.873, 3.168, 213.03, 0, 0, 0, 48.167, 1.857, 1.725, 131, 17.826, 100, 0, 0, 13.364, 13.364, 0.591, 0.594, 87.417, 0, 0, 91.91, 60.571, 0, 0, 0.281, 0, 0, 14, 0, 12.873, 0, 3.168, 213.03, 0, 0, 0, 48.167, 1, 0.002, 0.002, 131, 17.826, 100, 0, 0, 141, 13.364, 13.364, 0.591, 0.594, 0, 87.417, 0, 0, 91.91, 60.571, 0, 0, 0, 0, 
34.95, 18.56, 100.3, 74.3, 75.121, , -2.749, 0.988, 3152.516, 3152.516, 3.158, -63.056, -63.056, -63.056, 52.422, 63.079, 36.185, 35.914, 7.379, 22.39, 0, 0, -10.025, -10.15, -10.025, -10.15, 1, 60.293, 60.293, 0.024, 0.134, -16.637, -16.841, -16.637, -16.841, 5.828, 7.379, 22.39, , , 1, 35.051, 0.362, 0, 13.036, 3.158, 213.248, 0, 0, 0, 49.363, 2.411, 2.261, 131, 18.868, 100, 0, 0, 14.179, 14.179, 1.243, 0.621, 88.613, 0, 0, 93.051, 60.503, 0, 0, 0.362, 0, 0, 14, 0, 13.036, 0, 3.158, 213.248, 0, 0, 0, 49.363, 1, 0.003, 0.002, 131, 18.868, 100, 0, 0, 141, 14.179, 14.179, 1.243, 0.621, 0, 88.613, 0, 0, 93.051, 60.503, 0, 0, 0, 0, 
35, 18.56, 100.3, 74.3, 75.122, , -2.239, 0.988, 3156.92, 3156.92, 3.147, -50.95, -50.95, -50.95, 52.364, 63.18, 36.149, 36.093, 7.378, 22.39, 0, 0, -8.082, -8.182, -8.082, -8.182, 1, 60.167, 60.167, 0.024, 0.134, -13.452, -13.616, -13.452, -13.616, 5.833, 7.378, 22.39, , , 1, 35.101, 0.442, 0, 13.199, 3.147, 213.465, 0, 0, 0, 50.559, 2.964, 2.797, 131, 19.911, 100, 0, 0, 14.995, 14.995, 1.896, 0.648, 89.809, 0, 0, 94.192, 60.436, 0, 0, 0.442, 0, 0, 14, 0, 13.199, 0, 3.147, 213.465, 0, 0, 0, 50.559, 1, 0.003, 0.003, 131, 19.911, 100, 0, 0, 141, 14.995, 14.995, 1.896, 0.648, 0, 89.809, 0, 0, 94.192, 60.436, 0, 0, 0, 0, 
35.05, 18.56, 100.3, 74.3, 75.123, , -1.631, 0.988, 3161.326, 3161.326, 3.137, -36.529, -36.529, -36.529, 52.268, 63.282, 36.14, 36.086, 7.378, 22.39, 0, 0, -5.784, -5.854, -5.784, -5.854, 1, 60.07, 60.07, 0.024, 0.134, -9.66, -9.776, -9.66, -9.776, 5.837, 7.378, 22.39, , , 1, 35.151, 0.523, 0, 13.362, 3.137, 213.683, 0, 0, 0, 51.754, 3.517, 3.333, 131, 20.953, 100, 0, 0, 15.81, 15.81, 2.548, 0.675, 91.004, 0, 0, 95.334, 60.368, 0, 0, 0.523, 0, 0, 14, 0, 13.362, 0, 3.137, 213.683, 0, 0, 0, 51.754, 1, 0.004, 0.003, 131, 20.953, 100, 0, 0, 141, 15.81, 15.81, 2.548, 0.675, 0, 91.004, 0, 0, 95.334, 60.368, 0, 0, 0, 0, 
35.1, 18.56, 100.3, 74.3, 75.124, , -1.25, 0.988, 3165.732, 3165.732, 3.127, -27.484, -27.484, -27.484, 52.14, 63.384, 36.14, 36.014, 7.377, 22.39, 0, 0, -4.346, -4.4, -4.346, -4.4, 1, 59.999, 59.999, 0.024, 0.134, -7.281, -7.37, -7.281, -7.37, 5.835, 7.377, 22.39, , , 1, 35.2, 0.603, 0, 13.525, 3.127, 213.9, 0, 0, 0, 52.95, 4.071, 3.868, 131, 21.996, 100, 0, 0, 16.625, 16.625, 3.2, 0.703, 92.2, 0, 0, 96.475, 60.301, 0, 0, 0.603, 0, 0, 14, 0, 13.525, 0, 3.127, 213.9, 0, 0, 0, 52.95, 1, 0.004, 0.004, 131, 21.996, 100, 0, 0, 141, 16.625, 16.625, 3.2, 0.703, 0, 92.2, 0, 0, 96.475, 60.301, 0, 0, 0, 0, 
35.15, 18.56, 100.3, 74.3, 75.124, , -0.632, 0.988, 3170.138, 3170.138, 3.125, -12.837, -12.837, -12.837, 52.024, 63.486, 36.14, 35.941, 7.377, 22.39, 0, 0, -2.031, -2.057, -2.031, -2.057, 1, 59.95, 59.95, 0.024, 0.135, -3.388, -3.431, -3.388, -3.431, 5.828, 7.377, 22.39, , , 1, 35.25, 0.665, 0, 13.698, 3.125, 214, 0, 0, 0, 54.298, 4.543, 4.335, 131, 23.584, 100, 0, 0, 17.46, 17.614, 4.052, 0.739, 93.302, 0, 0, 97.675, 60.308, 0, 0, 0.665, 0, 0, 14, 0, 13.698, 0, 3.125, 214, 0, 0, 0, 54.298, 1, 0.005, 0.004, 131, 23.584, 100, 0, 0, 141, 17.46, 17.614, 4.052, 0.739, 0, 93.302, 0, 0, 97.675, 60.308, 0, 0, 0, 0, 
35.2, 18.56, 100.3, 74.3, 75.125, , 0.182, 0.988, 3174.543, 3174.543, 3.13, 6.474, 6.474, 6.474, 51.979, 63.587, 36.14, 35.869, 7.377, 22.39, 0, 0, 1.023, 1.035, 1.023, 1.035, 1, 59.938, 59.938, 0.024, 0.135, 1.73, 1.752, 1.73, 1.752, 5.821, 7.377, 22.39, , , 1, 35.3, 0.712, 0, 13.88, 3.13, 214, 0, 0, 0, 55.775, 4.948, 4.741, 131, 25.639, 100, 0, 0, 18.312, 18.75, 5.075, 0.783, 94.325, 0, 0, 98.925, 60.378, 0, 0, 0.712, 0, 0, 14, 0, 13.88, 0, 3.13, 214, 0, 0, 0, 55.775, 1, 0.005, 0.005, 131, 25.639, 100, 0, 0, 141, 18.312, 18.75, 5.075, 0.783, 0, 94.325, 0, 0, 98.925, 60.378, 0, 0, 0, 0, 
35.25, 18.56, 100.3, 74.3, 75.126, , 0.937, 0.988, 3178.949, 3178.949, 3.135, 24.406, 24.406, 24.406, 52.011, 63.689, 36.14, 35.796, 7.378, 21.997, 0, 0, 3.862, 3.909, 3.862, 3.909, 1, 59.967, 59.967, 0.024, 0.135, 6.474, 6.553, 6.474, 6.553, 5.814, 7.378, 21.997, , , 1, 35.35, 0.758, 0, 14.062, 3.135, 214, 0, 0, 0, 57.252, 5.353, 5.148, 131, 27.694, 100, 0, 0, 19.165, 19.886, 6.098, 0.828, 95.348, 0, 0, 100.175, 60.449, 0, 0, 0.758, 0, 0, 14, 0, 14.062, 0, 3.135, 214, 0, 0, 0, 57.252, 1, 0.005, 0.005, 131, 27.694, 100, 0, 0, 141, 19.165, 19.886, 6.098, 0.828, 0, 95.348, 0, 0, 100.175, 60.449, 0, 0, 0, 0, 
35.3, 18.56, 100.3, 74.3, 75.127, , 1.701, 0.988, 3183.354, 3183.354, 3.14, 42.525, 42.525, 42.525, 52.119, 63.791, 35.972, 35.977, 7.378, 21.578, 0, 0, 6.736, 6.818, 6.736, 6.818, 1, 60.03, 60.03, 0.024, 0.135, 11.249, 11.386, 11.249, 11.386, 5.799, 7.378, 21.578, , , 1, 35.401, 0.805, 0, 14.244, 3.14, 214, 0, 0, 0, 58.73, 5.757, 5.555, 131, 29.748, 100, 0, 0, 20.017, 21.023, 7.12, 0.872, 96.37, 0, 0, 101.425, 60.519, 0, 0, 0.805, 0, 0, 14, 0, 14.244, 0, 3.14, 214, 0, 0, 0, 58.73, 1, 0.006, 0.006, 131, 29.748, 100, 0, 0, 141, 20.017, 21.023, 7.12, 0.872, 0, 96.37, 0, 0, 101.425, 60.519, 0, 0, 0, 0, 
35.35, 18.56, 100.3, 74.3, 75.127, , 2.535, 0.988, 3187.76, 3187.76, 3.146, 62.305, 62.305, 62.305, 52.298, 63.893, 35.756, 36.229, 7.379, 20.673, 0, 0, 9.883, 10.004, 9.883, 10.004, 1, 60.133, 60.133, 0.024, 0.135, 16.446, 16.647, 16.446, 16.647, 5.778, 7.379, 20.673, , , 1, 35.451, 0.844, 0, 14.403, 3.146, 214, 0, 0, 0, 60.207, 6.164, 5.965, 131, 31.826, 100, 0, 0, 20.869, 22.119, 8.143, 0.916, 97.512, 0, 0, 102.786, 60.61, 0, 0, 0.844, 0, 0, 14, 0, 14.403, 0, 3.146, 214, 0, 0, 0, 60.207, 1, 0.006, 0.006, 131, 31.826, 100, 0, 0, 141, 20.869, 22.119, 8.143, 0.916, 0, 97.512, 0, 0, 102.786, 60.61, 0, 0, 0, 0, 
35.4, 18.56, 100.3, 74.3, 75.128, , 3.147, 0.988, 3192.118, 3192.118, 3.156, 76.833, 76.833, 76.833, 52.477, 63.994, 35.54, 36.481, 7.379, 19.724, 0, 0, 12.214, 12.364, 12.214, 12.364, 1, 60.279, 60.279, 0.024, 0.135, 20.242, 20.491, 20.242, 20.491, 5.756, 7.379, 19.724, , , 1, 35.5, 0.84, 0, 14.426, 3.156, 214, 0, 0, 0, 61.684, 6.587, 6.396, 131, 34.049, 100, 0, 0, 21.722, 22.972, 9.166, 0.961, 99.388, 0, 0, 104.832, 60.822, 0, 0, 0.84, 0, 0, 14, 0, 14.426, 0, 3.156, 214, 0, 0, 0, 61.684, 1, 0.007, 0.007, 131, 34.049, 100, 0, 0, 141, 21.722, 22.972, 9.166, 0.961, 0, 99.388, 0, 0, 104.832, 60.822, 0, 0, 0, 0, 
35.45, 18.56, 100.3, 74.3, 75.129, , 3.601, 0.988, 3196.483, 3196.483, 3.167, 87.611, 87.611, 87.611, 52.562, 64.096, 35.324, 36.733, 7.38, 18.263, 0, 0, 13.967, 14.139, 13.967, 14.139, 1, 60.447, 60.447, 0.024, 0.135, 23.061, 23.346, 23.061, 23.346, 5.735, 7.38, 18.263, , , 1, 35.551, 0.835, 0, 14.449, 3.167, 214, 0, 0, 0, 63.161, 7.01, 6.827, 131, 36.272, 100, 0, 0, 22.574, 23.824, 10.189, 1.005, 101.262, 0, 0, 106.877, 61.035, 0, 0, 0.835, 0, 0, 14, 0, 14.449, 0, 3.167, 214, 0, 0, 0, 63.161, 1, 0.007, 0.007, 131, 36.272, 100, 0, 0, 141, 22.574, 23.824, 10.189, 1.005, 0, 101.262, 0, 0, 106.877, 61.035, 0, 0, 0, 0, 
35.5, 18.56, 100.3, 74.3, 75.13, , 4.103, 0.988, 3200.926, 3200.926, 3.178, 99.515, 99.515, 99.515, 52.549, 64.198, 35.108, 36.985, 7.382, 16.744, 0, 0, 15.914, 16.109, 15.914, 16.109, 1, 60.637, 60.637, 0.024, 0.136, 26.218, 26.542, 26.218, 26.542, 5.716, 7.382, 16.744, , , 1, 35.601, 0.831, 0, 14.471, 3.178, 214, 0, 0, 0, 64.639, 7.432, 7.257, 131, 38.494, 100, 0, 0, 23.426, 24.676, 11.211, 1.049, 103.138, 0, 0, 108.923, 61.247, 0, 0, 0.831, 0, 0, 14, 0, 14.471, 0, 3.178, 214, 0, 0, 0, 64.639, 1, 0.007, 0.007, 131, 38.494, 100, 0, 0, 141, 23.426, 24.676, 11.211, 1.049, 0, 103.138, 0, 0, 108.923, 61.247, 0, 0, 0, 0, 
35.55, 18.56, 100.3, 74.3, 75.13, , 4.57, 0.988, 3205.383, 3205.383, 3.189, 110.611, 110.611, 110.611, 52.442, 64.3, 35.088, 36.9, 7.382, 15.453, 0, 0, 17.746, 17.964, 17.746, 17.964, 1, 60.853, 60.853, 0.024, 0.136, 29.207, 29.569, 29.207, 29.569, 5.699, 7.382, 15.453, , , 1, 35.651, 0.826, 0, 14.494, 3.189, 214, 0, 0, 0, 66.116, 7.855, 7.688, 131, 40.717, 100, 0, 0, 24.278, 25.528, 12.234, 1.093, 105.012, 0, 0, 110.968, 61.46, 0, 0, 0.826, 0, 0, 14, 0, 14.494, 0, 3.189, 214, 0, 0, 0, 66.116, 1, 0.008, 0.008, 131, 40.717, 100, 0, 0, 141, 24.278, 25.528, 12.234, 1.093, 0, 105.012, 0, 0, 110.968, 61.46, 0, 0, 0, 0, 
35.6, 18.56, 100.3, 74.3, 75.129, , 4.903, 0.988, 3209.788, 3209.788, 3.192, 118.517, 118.517, 118.517, 52.254, 64.401, 35.124, 36.72, 7.382, 14.194, 0, 0, 19.083, 19.318, 19.083, 19.318, 1, 61.092, 61.092, 0.024, 0.136, 31.394, 31.783, 31.394, 31.783, 5.682, 7.382, 14.194, , , 1, 35.701, 0.806, 0, 14.5, 3.192, 214, 0, 0, 0, 67.04, 8.095, 7.942, 131, 42.091, 100, 0, 0, 24.885, 25.943, 12.885, 1.121, 106.425, 0, 0, 112.425, 61.611, 0, 0, 0.806, 0, 0, 14, 0, 14.5, 0, 3.192, 214, 0, 0, 0, 67.04, 1, 0.008, 0.008, 131, 42.091, 100, 0, 0, 141, 24.885, 25.943, 12.885, 1.121, 0, 106.425, 0, 0, 112.425, 61.611, 0, 0, 0, 0, 
35.65, 18.56, 100.3, 74.3, 75.128, , 5.159, 0.988, 3214.217, 3214.217, 3.191, 124.588, 124.588, 124.588, 52.077, 64.503, 35.16, 36.54, 7.382, 13.347, 0, 0, 20.141, 20.389, 20.141, 20.389, 1, 61.34, 61.34, 0.024, 0.136, 33.111, 33.521, 33.111, 33.521, 5.665, 7.382, 13.347, , , 1, 35.751, 0.78, 0, 14.5, 3.191, 214, 0, 0, 0, 67.769, 8.271, 8.134, 131, 43.167, 100, 0, 0, 25.406, 26.203, 13.406, 1.143, 107.675, 0, 0, 113.675, 61.742, 0, 0, 0.78, 0, 0, 14, 0, 14.5, 0, 3.191, 214, 0, 0, 0, 67.769, 1, 0.008, 0.008, 131, 43.167, 100, 0, 0, 141, 25.406, 26.203, 13.406, 1.143, 0, 107.675, 0, 0, 113.675, 61.742, 0, 0, 0, 0, 
35.7, 18.56, 100.3, 74.3, 75.127, , 5.408, 0.988, 3218.708, 3218.708, 3.191, 130.501, 130.501, 130.501, 51.928, 64.605, 35.196, 36.36, 7.382, 12.567, 0, 0, 21.188, 21.448, 21.188, 21.448, 1, 61.602, 61.602, 0.024, 0.136, 34.779, 35.21, 34.779, 35.21, 5.647, 7.382, 12.567, , , 1, 35.801, 0.754, 0, 14.5, 3.191, 214, 0, 0, 0, 68.498, 8.447, 8.325, 131, 44.243, 100, 0, 0, 25.927, 26.464, 13.927, 1.165, 108.925, 0, 0, 114.925, 61.872, 0, 0, 0.754, 0, 0, 14, 0, 14.5, 0, 3.191, 214, 0, 0, 0, 68.498, 1, 0.009, 0.009, 131, 44.243, 100, 0, 0, 141, 25.927, 26.464, 13.927, 1.165, 0, 108.925, 0, 0, 114.925, 61.872, 0, 0, 0, 0, 
35.75, 18.56, 100.3, 74.3, 75.126, , 5.65, 0.988, 3223.198, 3223.198, 3.19, 136.252, 136.252, 136.252, 51.812, 64.707, 35.232, 36.18, 7.381, 12.233, 0, 0, 22.219, 22.492, 22.219, 22.492, 1, 61.875, 61.875, 0.024, 0.136, 36.39, 36.84, 36.39, 36.84, 5.63, 7.381, 12.233, , , 1, 35.851, 0.728, 0, 14.5, 3.19, 214, 0, 0, 0, 69.227, 8.623, 8.517, 131, 45.319, 100, 0, 0, 26.448, 26.724, 14.448, 1.187, 110.175, 0, 0, 116.175, 62.002, 0, 0, 0.728, 0, 0, 14, 0, 14.5, 0, 3.19, 214, 0, 0, 0, 69.227, 1, 0.009, 0.009, 131, 45.319, 100, 0, 0, 141, 26.448, 26.724, 14.448, 1.187, 0, 110.175, 0, 0, 116.175, 62.002, 0, 0, 0, 0, 
35.8, 18.56, 100.3, 74.3, 75.126, , 5.902, 0.988, 3227.689, 3227.689, 3.19, 142.248, 142.248, 142.248, 51.728, 64.808, 35.402, 36.059, 7.379, 11.996, 0, 0, 23.305, 23.591, 23.305, 23.591, 1, 62.16, 62.16, 0.024, 0.136, 38.054, 38.524, 38.054, 38.524, 5.612, 7.379, 11.996, , , 1, 35.9, 0.702, 0, 14.5, 3.19, 214, 0, 0, 0, 69.956, 8.799, 8.709, 131, 46.395, 100, 0, 0, 26.969, 26.984, 14.969, 1.209, 111.425, 0, 0, 117.425, 62.132, 0, 0, 0.702, 0, 0, 14, 0, 14.5, 0, 3.19, 214, 0, 0, 0, 69.956, 1, 0.009, 0.009, 131, 46.395, 100, 0, 0, 141, 26.969, 26.984, 14.969, 1.209, 0, 111.425, 0, 0, 117.425, 62.132, 0, 0, 0, 0, 
35.85, 18.56, 100.3, 74.3, 75.125, , 6.177, 0.988, 3232.19, 3232.19, 3.21, 148.765, 148.765, 148.765, 51.672, 64.91, 35.61, 35.955, 7.379, 11.883, 0, 0, 24.49, 24.79, 24.49, 24.79, 1, 62.456, 62.456, 0.024, 0.136, 39.84, 40.333, 39.84, 40.333, 5.595, 7.379, 11.883, , , 1, 35.95, 0.688, 0, 14.5, 3.21, 214, 0, 0, 0, 70.94, 9.052, 8.89, 131.338, 48.021, 100, 0, 0, 30.149, 30.149, 16.034, 1.254, 112.299, 0, 0, 118.064, 62.665, 0, 0, 0.688, 0, 0, 14, 0, 14.5, 0, 3.21, 214, 0, 0, 0, 70.94, 1, 0.009, 0.009, 131.338, 48.021, 100, 0, 0, 141, 30.149, 30.149, 16.034, 1.254, 0, 112.299, 0, 0, 118.064, 62.665, 0, 0, 0, 0, 
35.9, 18.56, 100.3, 74.3, 75.124, , 6.453, 0.988, 3236.769, 3236.769, 3.232, 155.317, 155.317, 155.317, 51.63, 65.012, 35.817, 35.851, 7.379, 11.801, 0, 0, 25.696, 26.011, 25.696, 26.011, 1, 62.768, 62.768, 0.024, 0.136, 41.628, 42.143, 41.628, 42.143, 5.597, 7.379, 11.801, , , 1, 36.001, 0.675, 0, 14.5, 3.232, 214, 0, 0, 0, 71.94, 9.309, 9.071, 131.698, 49.682, 100, 0, 0, 33.499, 33.499, 17.134, 1.301, 113.149, 0, 0, 118.664, 63.224, 0, 0, 0.675, 0, 0, 14, 0, 14.5, 0, 3.232, 214, 0, 0, 0, 71.94, 1, 0.009, 0.009, 131.698, 49.682, 100, 0, 0, 141, 33.499, 33.499, 17.134, 1.301, 0, 113.149, 0, 0, 118.664, 63.224, 0, 0, 0, 0, 
35.95, 18.56, 100.3, 74.3, 75.123, , 6.729, 0.988, 3241.347, 3241.347, 3.253, 161.876, 161.876, 161.876, 51.597, 65.114, 36.025, 35.747, 7.379, 11.768, 0, 0, 26.92, 27.252, 26.92, 27.252, 1, 63.095, 63.095, 0.024, 0.135, 43.413, 43.949, 43.413, 43.949, 5.617, 7.379, 11.768, , , 1, 36.051, 0.662, 0, 14.5, 3.253, 214, 0, 0, 0, 72.94, 9.566, 9.252, 132.058, 51.343, 100, 0, 0, 36.849, 36.849, 18.234, 1.348, 113.999, 0, 0, 119.264, 63.783, 0, 0, 0.662, 0, 0, 14, 0, 14.5, 0, 3.253, 214, 0, 0, 0, 72.94, 1, 0.01, 0.009, 132.058, 51.343, 100, 0, 0, 141, 36.849, 36.849, 18.234, 1.348, 0, 113.999, 0, 0, 119.264, 63.783, 0, 0, 0, 0, 
36, 18.56, 100.3, 74.3, 75.123, , 6.97, 0.988, 3245.926, 3245.926, 3.274, 167.615, 167.615, 167.615, 51.573, 65.215, 36.233, 35.644, 7.379, 11.749, 0, 0, 28.022, 28.366, 28.022, 28.366, 1, 63.434, 63.434, 0.024, 0.135, 44.972, 45.527, 44.972, 45.527, 5.638, 7.379, 11.749, , , 1, 36.1, 0.649, 0, 14.5, 3.274, 214, 0, 0, 0, 73.94, 9.823, 9.433, 132.418, 53.004, 100, 0, 0, 40.199, 40.199, 19.334, 1.395, 114.849, 0, 0, 119.864, 64.342, 0, 0, 0.649, 0, 0, 14, 0, 14.5, 0, 3.274, 214, 0, 0, 0, 73.94, 1, 0.01, 0.009, 132.418, 53.004, 100, 0, 0, 141, 40.199, 40.199, 19.334, 1.395, 0, 114.849, 0, 0, 119.864, 64.342, 0, 0, 0, 0, 
36.05, 18.56, 100.3, 74.3, 75.122, , 7.187, 0.988, 3250.508, 3250.508, 3.296, 172.761, 172.761, 172.761, 51.559, 65.317, 36.168, 35.578, 7.379, 11.759, 0, 0, 29.04, 29.397, 29.04, 29.397, 1, 63.786, 63.786, 0.024, 0.135, 46.364, 46.937, 46.364, 46.937, 5.658, 7.379, 11.759, , , 1, 36.151, 0.636, 0, 14.5, 3.296, 214, 0, 0, 0, 74.94, 10.08, 9.614, 132.778, 54.665, 100, 0, 0, 43.549, 43.549, 20.434, 1.442, 115.699, 0, 0, 120.464, 64.901, 0, 0, 0.636, 0, 0, 14, 0, 14.5, 0, 3.296, 214, 0, 0, 0, 74.94, 1, 0.01, 0.009, 132.778, 54.665, 100, 0, 0, 141, 43.549, 43.549, 20.434, 1.442, 0, 115.699, 0, 0, 120.464, 64.901, 0, 0, 0, 0, 
36.1, 18.56, 100.3, 74.3, 75.121, , 7.36, 0.988, 3255.177, 3255.177, 3.306, 176.887, 176.887, 176.887, 51.553, 65.419, 35.907, 35.541, 7.38, 11.779, 0, 0, 29.899, 30.266, 29.899, 30.266, 1, 64.15, 64.15, 0.024, 0.135, 47.473, 48.059, 47.473, 48.059, 5.673, 7.38, 11.779, , , 1, 36.2, 0.556, 0, 14.5, 3.306, 214, 0, 0, 0, 75.196, 10.104, 9.706, 132.8, 55.451, 100, 0, 0, 43.603, 43.505, 20.99, 1.464, 115.897, 0, 0, 120.598, 65.118, 0, 0, 0.556, 0, 0, 14, 0, 14.5, 0, 3.306, 214, 0, 0, 0, 75.196, 1, 0.01, 0.01, 132.8, 55.451, 100, 0, 0, 141, 43.603, 43.505, 20.99, 1.464, 0, 115.897, 0, 0, 120.598, 65.118, 0, 0, 0, 0, 
36.15, 18.56, 100.3, 74.3, 75.12, , 7.533, 0.988, 3259.848, 3259.848, 3.315, 180.998, 180.998, 180.998, 51.548, 65.521, 35.646, 35.504, 7.38, 11.816, 0, 0, 30.768, 31.146, 30.768, 31.146, 1, 64.519, 64.519, 0.024, 0.135, 48.582, 49.18, 48.582, 49.18, 5.672, 7.38, 11.816, , , 1, 36.25, 0.471, 0, 14.5, 3.315, 214, 0, 0, 0, 75.404, 10.113, 9.793, 132.8, 56.182, 100, 0, 0, 43.447, 43.245, 21.51, 1.483, 116.053, 0, 0, 120.702, 65.313, 0, 0, 0.471, 0, 0, 14, 0, 14.5, 0, 3.315, 214, 0, 0, 0, 75.404, 1, 0.01, 0.01, 132.8, 56.182, 100, 0, 0, 141, 43.447, 43.245, 21.51, 1.483, 0, 116.053, 0, 0, 120.702, 65.313, 0, 0, 0, 0, 
36.2, 18.56, 100.3, 74.3, 75.12, , 7.646, 0.988, 3264.518, 3264.518, 3.325, 183.685, 183.685, 183.685, 51.538, 65.622, 35.384, 35.466, 7.379, 11.86, 0, 0, 31.407, 31.792, 31.407, 31.792, 1, 64.892, 64.892, 0.024, 0.135, 49.312, 49.92, 49.312, 49.92, 5.671, 7.379, 11.86, , , 1, 36.3, 0.387, 0, 14.5, 3.325, 214, 0, 0, 0, 75.612, 10.123, 9.879, 132.8, 56.912, 100, 0, 0, 43.291, 42.984, 22.031, 1.503, 116.209, 0, 0, 120.806, 65.508, 0, 0, 0.387, 0, 0, 14, 0, 14.5, 0, 3.325, 214, 0, 0, 0, 75.612, 1, 0.01, 0.01, 132.8, 56.912, 100, 0, 0, 141, 43.291, 42.984, 22.031, 1.503, 0, 116.209, 0, 0, 120.806, 65.508, 0, 0, 0, 0, 
36.25, 18.56, 100.3, 74.3, 75.119, , 7.704, 0.988, 3269.192, 3269.192, 3.334, 185.068, 185.068, 185.068, 51.524, 65.724, 35.123, 35.429, 7.379, 11.924, 0, 0, 31.822, 32.214, 31.822, 32.214, 1, 65.271, 65.271, 0.024, 0.134, 49.696, 50.308, 49.696, 50.308, 5.671, 7.379, 11.924, , , 1, 36.35, 0.303, 0, 14.5, 3.334, 214, 0, 0, 0, 75.821, 10.132, 9.966, 132.8, 57.642, 100, 0, 0, 43.134, 42.724, 22.552, 1.523, 116.366, 0, 0, 120.91, 65.702, 0, 0, 0.303, 0, 0, 14, 0, 14.5, 0, 3.334, 214, 0, 0, 0, 75.821, 1, 0.01, 0.01, 132.8, 57.642, 100, 0, 0, 141, 43.134, 42.724, 22.552, 1.523, 0, 116.366, 0, 0, 120.91, 65.702, 0, 0, 0, 0, 
36.3, 18.56, 100.3, 74.3, 75.118, , 7.663, 0.988, 3273.956, 3273.956, 3.345, 184.112, 184.112, 184.112, 51.512, 65.826, 35.142, 35.42, 7.378, 11.997, 0, 0, 31.837, 32.231, 31.837, 32.231, 1, 65.648, 65.648, 0.024, 0.134, 49.45, 50.06, 49.45, 50.06, 5.662, 7.378, 11.997, , , 1, 36.401, 0.224, 0.002, 14.5, 3.345, 214, 0, 0, 0, 76, 10.139, 10.055, 132.8, 58.299, 100, 0, 0, 43.013, 42.513, 23.026, 1.542, 116.526, 0, 0, 121.039, 65.918, 0, 0, 0.224, 0, 0, 14, 0.002, 14.5, 0, 3.345, 214, 0, 0, 0, 76, 1, 0.01, 0.01, 132.8, 58.299, 100, 0, 0, 141, 43.013, 42.513, 23.026, 1.542, 0, 116.526, 0, 0, 121.039, 65.918, 0, 0, 0, 0, 
36.35, 18.56, 100.3, 74.3, 75.117, , 7.487, 0.988, 3278.913, 3278.913, 3.364, 179.941, 179.941, 179.941, 51.505, 65.928, 35.251, 35.42, 7.378, 12.076, 0, 0, 31.288, 31.677, 31.288, 31.677, 1, 66.024, 66.024, 0.024, 0.134, 48.336, 48.929, 48.336, 48.929, 5.627, 7.378, 12.076, , , 1, 36.451, 0.184, 0.015, 14.5, 3.364, 214, 0, 0, 0, 76, 10.134, 10.158, 132.8, 58.504, 100, 0, 0, 43.106, 42.606, 23.211, 1.553, 116.711, 0, 0, 121.317, 66.263, 0, 0, 0.184, 0, 0, 14, 0.015, 14.5, 0, 3.364, 214, 0, 0, 0, 76, 1, 0.01, 0.01, 132.8, 58.504, 100, 0, 0, 141, 43.106, 42.606, 23.211, 1.553, 0, 116.711, 0, 0, 121.317, 66.263, 0, 0, 0, 0, 
36.4, 18.56, 100.3, 74.3, 75.117, , 7.046, 0.988, 3285.833, 3285.833, 3.383, 169.487, 169.487, 169.487, 51.517, 66.029, 35.359, 35.42, 7.377, 12.158, 0, 0, 29.688, 30.055, 29.688, 30.055, 1, 66.487, 66.487, 0.024, 0.135, 45.516, 46.076, 45.516, 46.076, 5.593, 7.377, 12.158, , , 1, 36.501, 0.143, 0.028, 14.5, 3.383, 214, 0, 0, 0, 76, 10.128, 10.262, 132.8, 58.71, 100, 0, 0, 43.198, 42.698, 23.396, 1.564, 116.896, 0, 0, 121.594, 66.607, 0, 0, 0.143, 0, 0, 14, 0.028, 14.5, 0, 3.383, 214, 0, 0, 0, 76, 1, 0.01, 0.01, 132.8, 58.71, 100, 0, 0, 141, 43.198, 42.698, 23.396, 1.564, 0, 116.896, 0, 0, 121.594, 66.607, 0, 0, 0, 0, 
36.45, 18.56, 100.3, 74.3, 75.116, , 6.725, 0.988, 3290.697, 3290.697, 3.402, 161.869, 161.869, 161.869, 51.545, 66.131, 35.468, 35.42, 7.377, 12.235, 0, 0, 28.5, 28.853, 28.5, 28.853, 1, 66.892, 66.892, 0.024, 0.135, 43.452, 43.987, 43.452, 43.987, 5.559, 7.377, 12.235, , , 1, 36.551, 0.102, 0.041, 14.5, 3.402, 214, 0, 0, 0, 76, 10.123, 10.366, 132.8, 58.915, 100, 0, 0, 43.291, 42.791, 23.581, 1.575, 117.081, 0, 0, 121.872, 66.952, 0, 0, 0.102, 0, 0, 14, 0.041, 14.5, 0, 3.402, 214, 0, 0, 0, 76, 1, 0.01, 0.011, 132.8, 58.915, 100, 0, 0, 141, 43.291, 42.791, 23.581, 1.575, 0, 117.081, 0, 0, 121.872, 66.952, 0, 0, 0, 0, 
36.5, 18.56, 100.3, 74.3, 75.115, , 6.429, 0.988, 3295.561, 3295.561, 3.421, 154.876, 154.876, 154.876, 51.582, 66.233, 35.576, 35.42, 7.377, 12.311, 0, 0, 27.405, 27.743, 27.405, 27.743, 1, 67.219, 67.219, 0.024, 0.135, 41.546, 42.057, 41.546, 42.057, 5.524, 7.377, 12.311, , , 1, 36.601, 0.061, 0.054, 14.5, 3.421, 214, 0, 0, 0, 76, 10.117, 10.469, 132.8, 59.121, 100, 0, 0, 43.383, 42.883, 23.767, 1.586, 117.267, 0, 0, 122.15, 67.296, 0, 0, 0.061, 0, 0, 14, 0.054, 14.5, 0, 3.421, 214, 0, 0, 0, 76, 1, 0.01, 0.011, 132.8, 59.121, 100, 0, 0, 141, 43.383, 42.883, 23.767, 1.586, 0, 117.267, 0, 0, 122.15, 67.296, 0, 0, 0, 0, 
36.55, 18.56, 100.3, 74.3, 75.114, , 6.137, 0.988, 3300.426, 3300.426, 3.44, 147.936, 147.936, 147.936, 51.633, 66.334, 35.319, 35.364, 7.377, 12.363, 0, 0, 26.301, 26.625, 26.301, 26.625, 1, 67.528, 67.528, 0.024, 0.135, 39.646, 40.134, 39.646, 40.134, 5.516, 7.377, 12.363, , , 1, 36.65, 0.021, 0.067, 14.5, 3.44, 214, 0, 0, 0, 76, 10.111, 10.573, 132.8, 59.327, 100, 0, 0, 43.476, 42.976, 23.952, 1.597, 117.452, 0, 0, 122.428, 67.64, 0, 0, 0.021, 0, 0, 14, 0.067, 14.5, 0, 3.44, 214, 0, 0, 0, 76, 1, 0.01, 0.011, 132.8, 59.327, 100, 0, 0, 141, 43.476, 42.976, 23.952, 1.597, 0, 117.452, 0, 0, 122.428, 67.64, 0, 0, 0, 0, 
36.6, 18.56, 100.3, 74.3, 75.114, , 5.933, 0.988, 3305.317, 3305.317, 3.46, 143.117, 143.117, 143.117, 51.683, 66.436, 34.959, 35.292, 7.377, 12.405, 0, 0, 25.56, 25.874, 25.56, 25.874, 1, 67.822, 67.822, 0.024, 0.135, 38.317, 38.79, 38.317, 38.79, 5.508, 7.377, 12.405, , , 1, 36.701, 0.008, 0.064, 14.5, 3.46, 214, 0, 0, 0, 75.693, 9.93, 10.255, 132.8, 58.416, 100, 0, 0, 43.807, 43.307, 23.386, 1.568, 117.884, 0, 0, 122.884, 67.92, 0, 0, 0.008, 0, 0, 14, 0.064, 14.5, 0, 3.46, 214, 0, 0, 0, 75.693, 1, 0.01, 0.011, 132.8, 58.416, 100, 0, 0, 141, 43.807, 43.307, 23.386, 1.568, 0, 117.884, 0, 0, 122.884, 67.92, 0, 0, 0, 0, 
36.65, 18.56, 100.3, 74.3, 75.113, , 5.772, 0.988, 3310.285, 3310.285, 3.479, 139.292, 139.292, 139.292, 51.724, 66.538, 34.599, 35.22, 7.377, 12.423, 0, 0, 24.985, 25.291, 24.985, 25.291, 1, 68.113, 68.113, 0.024, 0.135, 37.262, 37.721, 37.262, 37.721, 5.499, 7.377, 12.423, , , 1, 36.751, 0.006, 0.056, 14.5, 3.479, 214, 0, 0, 0, 75.278, 9.688, 9.788, 132.8, 57.113, 100, 0, 0, 44.222, 43.722, 22.556, 1.524, 118.402, 0, 0, 123.402, 68.178, 0, 0, 0.006, 0, 0, 14, 0.056, 14.5, 0, 3.479, 214, 0, 0, 0, 75.278, 1, 0.01, 0.01, 132.8, 57.113, 100, 0, 0, 141, 44.222, 43.722, 22.556, 1.524, 0, 118.402, 0, 0, 123.402, 68.178, 0, 0, 0, 0, 
36.7, 18.56, 100.3, 74.3, 75.112, , 5.608, 0.988, 3315.253, 3315.253, 3.499, 135.407, 135.407, 135.407, 51.755, 66.64, 34.239, 35.148, 7.377, 12.428, 0, 0, 24.389, 24.688, 24.389, 24.688, 1, 68.395, 68.395, 0.024, 0.135, 36.199, 36.646, 36.199, 36.646, 5.491, 7.377, 12.428, , , 1, 36.8, 0.004, 0.047, 14.5, 3.499, 214, 0, 0, 0, 74.863, 9.445, 9.321, 132.8, 55.81, 100, 0, 0, 44.637, 44.137, 21.726, 1.481, 118.921, 0, 0, 123.921, 68.435, 0, 0, 0.004, 0, 0, 14, 0.047, 14.5, 0, 3.499, 214, 0, 0, 0, 74.863, 1, 0.009, 0.009, 132.8, 55.81, 100, 0, 0, 141, 44.637, 44.137, 21.726, 1.481, 0, 118.921, 0, 0, 123.921, 68.435, 0, 0, 0, 0, 
36.75, 18.56, 100.3, 74.3, 75.111, , 5.442, 0.988, 3320.221, 3320.221, 3.519, 131.485, 131.485, 131.485, 51.776, 66.741, 33.879, 35.076, 7.377, 12.425, 0, 0, 23.778, 24.069, 23.778, 24.069, 1, 68.669, 68.669, 0.024, 0.135, 35.135, 35.57, 35.135, 35.57, 5.513, 7.377, 12.425, , , 1, 36.85, 0.002, 0.039, 14.5, 3.519, 214, 0, 0, 0, 74.448, 9.202, 8.854, 132.8, 54.507, 100, 0, 0, 45.052, 44.552, 20.896, 1.437, 119.44, 0, 0, 124.44, 68.692, 0, 0, 0.002, 0, 0, 14, 0.039, 14.5, 0, 3.519, 214, 0, 0, 0, 74.448, 1, 0.009, 0.009, 132.8, 54.507, 100, 0, 0, 141, 45.052, 44.552, 20.896, 1.437, 0, 119.44, 0, 0, 124.44, 68.692, 0, 0, 0, 0, 
36.8, 18.56, 100.3, 74.3, 75.11, , 5.285, 0.988, 3325.189, 3325.189, 3.538, 127.776, 127.776, 127.776, 51.787, 66.843, 34.025, 35.144, 7.377, 12.415, 0, 0, 23.197, 23.48, 23.197, 23.48, 1, 68.934, 68.934, 0.024, 0.135, 34.136, 34.559, 34.136, 34.559, 5.544, 7.377, 12.415, , , 1, 36.901, 0, 0.031, 14.5, 3.538, 214, 0, 0, 0, 74.033, 8.959, 8.387, 132.8, 53.204, 100, 0, 0, 45.467, 44.967, 20.066, 1.393, 119.959, 0, 0, 124.959, 68.949, 0, 0, 0, 0, 0, 14, 0.031, 14.5, 0, 3.538, 214, 0, 0, 0, 74.033, 1, 0.009, 0.008, 132.8, 53.204, 100, 0, 0, 141, 45.467, 44.967, 20.066, 1.393, 0, 119.959, 0, 0, 124.959, 68.949, 0, 0, 0, 0, 
36.85, 18.56, 100.3, 74.3, 75.11, , 5.127, 0.988, 3330.217, 3330.217, 3.558, 124.029, 124.029, 124.029, 51.787, 66.945, 34.313, 35.252, 7.377, 12.402, 0, 0, 22.602, 22.876, 22.602, 22.876, 1, 69.195, 69.195, 0.024, 0.135, 33.133, 33.543, 33.133, 33.543, 5.575, 7.377, 12.402, , , 1, 36.951, 0, 0.027, 14.5, 3.558, 214, 0, 0, 0, 73.381, 8.767, 8.158, 132.8, 52.15, 100, 0, 0, 45.588, 45.177, 19.378, 1.369, 120.133, 0, 0, 125.044, 69.356, 0, 0, 0, 0, 0, 14, 0.027, 14.5, 0, 3.558, 214, 0, 0, 0, 73.381, 1, 0.009, 0.008, 132.8, 52.15, 100, 0, 0, 141, 45.588, 45.177, 19.378, 1.369, 0, 120.133, 0, 0, 125.044, 69.356, 0, 0, 0, 0, 
36.9, 18.561, 100.3, 74.3, 75.111, , 4.894, 0.988, 3335.224, 3335.224, 3.578, 118.5, 118.5, 118.5, 51.796, 61.68, 34.601, 35.36, 7.378, 12.386, 0, 0, 21.67, 21.933, 21.67, 21.933, 1, 69.442, 69.442, 0.024, 0.135, 31.652, 32.043, 31.652, 32.043, 5.606, 7.378, 12.386, , , 1, 37, 0, 0.024, 14.5, 3.578, 214, 0, 0, 0, 72.708, 8.58, 7.949, 132.8, 51.117, 100, 0, 0, 45.685, 45.369, 18.703, 1.346, 120.277, 0, 0, 125.092, 69.775, 0, 0, 0, 0, 0, 14, 0.024, 14.5, 0, 3.578, 214, 0, 0, 0, 72.708, 1, 0.009, 0.008, 132.8, 51.117, 100, 0, 0, 141, 45.685, 45.369, 18.703, 1.346, 0, 120.277, 0, 0, 125.092, 69.775, 0, 0, 0, 0, 
36.95, 18.562, 100.3, 74.3, 75.112, , 4.655, 0.988, 3340.269, 3340.269, 3.598, 112.85, 112.85, 112.85, 51.816, 53.889, 34.889, 35.468, 7.378, 12.374, 0, 0, 20.705, 20.958, 20.705, 20.958, 1, 69.68, 69.68, 0.024, 0.135, 30.134, 30.506, 30.134, 30.506, 5.636, 7.378, 12.374, , , 1, 37.05, 0, 0.022, 14.5, 3.598, 214, 0, 0, 0, 72.035, 8.392, 7.741, 132.8, 50.084, 100, 0, 0, 45.781, 45.562, 18.027, 1.323, 120.421, 0, 0, 125.14, 70.194, 0, 0, 0, 0, 0, 14, 0.022, 14.5, 0, 3.598, 214, 0, 0, 0, 72.035, 1, 0.008, 0.007, 132.8, 50.084, 100, 0, 0, 141, 45.781, 45.562, 18.027, 1.323, 0, 120.421, 0, 0, 125.14, 70.194, 0, 0, 0, 0, 
37, 18.563, 100.3, 74.3, 75.113, , 4.368, 0.988, 3345.345, 3345.345, 3.618, 106.035, 106.035, 106.035, 51.846, 46.098, 35.177, 35.576, 7.379, 12.364, 0, 0, 19.516, 19.754, 19.516, 19.754, 1, 69.905, 69.905, 0.024, 0.135, 28.299, 28.649, 28.299, 28.649, 5.663, 7.379, 12.364, , , 1, 37.101, 0, 0.019, 14.5, 3.618, 214, 0, 0, 0, 71.362, 8.205, 7.532, 132.8, 49.051, 100, 0, 0, 45.877, 45.754, 17.351, 1.3, 120.565, 0, 0, 125.188, 70.613, 0, 0, 0, 0, 0, 14, 0.019, 14.5, 0, 3.618, 214, 0, 0, 0, 71.362, 1, 0.008, 0.007, 132.8, 49.051, 100, 0, 0, 141, 45.877, 45.754, 17.351, 1.3, 0, 120.565, 0, 0, 125.188, 70.613, 0, 0, 0, 0, 
37.05, 18.563, 100.3, 74.3, 75.113, , 4.042, 0.988, 3350.421, 3350.421, 3.638, 98.301, 98.301, 98.301, 51.888, 47.202, 35.38, 35.6, 7.38, 12.357, 0, 0, 18.145, 18.366, 18.145, 18.366, 1, 70.113, 70.113, 0.024, 0.135, 26.216, 26.54, 26.216, 26.54, 5.691, 7.38, 12.357, , , 1, 37.151, 0, 0.016, 14.5, 3.638, 214, 0, 0, 0, 70.688, 8.017, 7.323, 132.8, 48.019, 100, 0, 0, 45.973, 45.946, 16.676, 1.276, 120.71, 0, 0, 125.237, 71.033, 0, 0, 0, 0, 0, 14, 0.016, 14.5, 0, 3.638, 214, 0, 0, 0, 70.688, 1, 0.008, 0.007, 132.8, 48.019, 100, 0, 0, 141, 45.973, 45.946, 16.676, 1.276, 0, 120.71, 0, 0, 125.237, 71.033, 0, 0, 0, 0, 
37.1, 18.564, 100.3, 74.3, 75.114, , 3.648, 0.988, 3355.599, 3355.599, 3.649, 88.957, 88.957, 88.957, 51.936, 55.534, 35.56, 35.6, 7.381, 12.352, 0, 0, 16.466, 16.666, 16.466, 16.666, 1, 70.306, 70.306, 0.024, 0.135, 23.705, 23.997, 23.705, 23.997, 5.718, 7.381, 12.352, , , 1, 37.201, 0, 0.014, 14.5, 3.649, 214, 0, 0, 0, 70.425, 7.948, 7.248, 132.8, 47.437, 100, 0, 0, 46, 46, 16.423, 1.267, 120.788, 0, 0, 125.288, 71.197, 0, 0, 0, 0, 0, 14, 0.014, 14.5, 0, 3.649, 214, 0, 0, 0, 70.425, 1, 0.008, 0.007, 132.8, 47.437, 100, 0, 0, 141, 46, 46, 16.423, 1.267, 0, 120.788, 0, 0, 125.288, 71.197, 0, 0, 0, 0, 
37.15, 18.565, 100.3, 74.3, 75.115, , 3.2, 0.988, 3360.689, 3360.689, 3.656, 78.342, 78.342, 78.342, 51.979, 56.26, 35.74, 35.6, 7.383, 12.355, 0, 0, 14.535, 14.712, 14.535, 14.712, 1, 70.476, 70.476, 0.024, 0.135, 20.861, 21.117, 20.861, 21.117, 5.737, 7.383, 12.355, , , 1, 37.251, 0, 0.013, 14.5, 3.656, 214, 0, 0, 0, 70.32, 7.924, 7.224, 132.8, 47.014, 100, 0, 0, 46, 46, 16.319, 1.263, 120.84, 0, 0, 125.34, 71.262, 0, 0, 0, 0, 0, 14, 0.013, 14.5, 0, 3.656, 214, 0, 0, 0, 70.32, 1, 0.008, 0.007, 132.8, 47.014, 100, 0, 0, 141, 46, 46, 16.319, 1.263, 0, 120.84, 0, 0, 125.34, 71.262, 0, 0, 0, 0, 
37.2, 18.566, 100.3, 74.3, 75.116, , 2.758, 0.988, 3365.853, 3365.853, 3.663, 67.857, 67.857, 67.857, 52.018, 56.985, 35.92, 35.6, 7.384, 12.366, 0, 0, 12.614, 12.768, 12.614, 12.768, 1, 70.624, 70.624, 0.024, 0.135, 18.054, 18.277, 18.054, 18.277, 5.734, 7.384, 12.366, , , 1, 37.301, 0, 0.012, 14.5, 3.663, 214, 0, 0, 0, 70.215, 7.9, 7.2, 132.8, 46.591, 100, 0, 0, 46, 46, 16.215, 1.259, 120.892, 0, 0, 125.392, 71.326, 0, 0, 0, 0, 0, 14, 0.012, 14.5, 0, 3.663, 214, 0, 0, 0, 70.215, 1, 0.008, 0.007, 132.8, 46.591, 100, 0, 0, 141, 46, 46, 16.215, 1.259, 0, 120.892, 0, 0, 125.392, 71.326, 0, 0, 0, 0, 
37.25, 18.566, 100.3, 74.3, 75.116, , 2.252, 0.988, 3370.962, 3370.962, 3.67, 55.85, 55.85, 55.85, 52.055, 57.711, 36.1, 35.6, 7.385, 12.384, 0, 0, 10.4, 10.526, 10.4, 10.526, 1, 70.75, 70.75, 0.024, 0.135, 14.849, 15.032, 14.849, 15.032, 5.732, 7.385, 12.384, , , 1, 37.351, 0, 0.011, 14.5, 3.67, 214, 0, 0, 0, 70.111, 7.876, 7.176, 132.8, 46.168, 100, 0, 0, 46, 46, 16.11, 1.254, 120.945, 0, 0, 125.445, 71.391, 0, 0, 0, 0, 0, 14, 0.011, 14.5, 0, 3.67, 214, 0, 0, 0, 70.111, 1, 0.008, 0.007, 132.8, 46.168, 100, 0, 0, 141, 46, 46, 16.11, 1.254, 0, 120.945, 0, 0, 125.445, 71.391, 0, 0, 0, 0, 
37.3, 18.567, 100.3, 74.3, 75.117, , 1.714, 0.988, 3376.151, 3376.151, 3.677, 43.097, 43.097, 43.097, 52.089, 58.436, 36, 35.544, 7.386, 12.409, 0, 0, 8.037, 8.133, 8.037, 8.133, 1, 70.851, 70.851, 0.024, 0.134, 11.452, 11.594, 11.452, 11.594, 5.729, 7.386, 12.409, , , 1, 37.401, 0, 0.01, 14.5, 3.677, 214, 0, 0, 0, 70.006, 7.851, 7.151, 132.8, 45.745, 100, 0, 0, 46, 46, 16.006, 1.25, 120.997, 0, 0, 125.497, 71.456, 0, 0, 0, 0, 0, 14, 0.01, 14.5, 0, 3.677, 214, 0, 0, 0, 70.006, 1, 0.008, 0.007, 132.8, 45.745, 100, 0, 0, 141, 46, 46, 16.006, 1.25, 0, 120.997, 0, 0, 125.497, 71.456, 0, 0, 0, 0, 
37.35, 18.568, 100.3, 74.3, 75.118, , 1.117, 0.988, 3381.341, 3381.341, 3.683, 28.939, 28.939, 28.939, 52.12, 59.162, 35.82, 35.472, 7.386, 12.44, 0, 0, 5.401, 5.466, 5.401, 5.466, 1, 70.921, 70.921, 0.024, 0.134, 7.687, 7.784, 7.687, 7.784, 5.734, 7.386, 12.44, , , 1, 37.451, 0, 0.039, 14.5, 3.683, 214, 0, 0, 0, 70, 7.792, 7.058, 132.8, 45.521, 100, 0, 0, 46, 46, 16, 1.246, 121.09, 0, 0, 125.5, 71.46, 0, 0, 0, 0, 0, 14, 0.039, 14.5, 0, 3.683, 214, 0, 0, 0, 70, 1, 0.008, 0.007, 132.8, 45.521, 100, 0, 0, 141, 46, 46, 16, 1.246, 0, 121.09, 0, 0, 125.5, 71.46, 0, 0, 0, 0, 
37.4, 18.569, 100.3, 74.3, 75.119, , 0.541, 0.988, 3386.53, 3386.53, 3.689, 15.277, 15.277, 15.277, 52.154, 59.888, 35.64, 35.4, 7.385, 12.475, 0, 0, 2.853, 2.887, 2.853, 2.887, 1, 70.961, 70.961, 0.024, 0.134, 4.059, 4.111, 4.059, 4.111, 5.758, 7.385, 12.475, , , 1, 37.501, 0, 0.07, 14.5, 3.689, 214, 0, 0, 0, 70, 7.731, 6.96, 132.8, 45.31, 100, 0, 0, 46, 46, 16, 1.243, 121.187, 0, 0, 125.5, 71.46, 0, 0, 0, 0, 0, 14, 0.07, 14.5, 0, 3.689, 214, 0, 0, 0, 70, 1, 0.008, 0.007, 132.8, 45.31, 100, 0, 0, 141, 46, 46, 16, 1.243, 0, 121.187, 0, 0, 125.5, 71.46, 0, 0, 0, 0, 
37.45, 18.569, 100.3, 74.3, 75.119, , -0.051, 0.988, 3391.718, 3391.718, 3.695, 1.242, 1.242, 1.242, 52.187, 60.613, 35.46, 35.328, 7.384, 12.509, 0, 0, 0.233, 0.235, 0.233, 0.235, 1, 70.973, 70.973, 0.024, 0.134, 0.335, 0.34, 0.335, 0.34, 5.782, 7.384, 12.509, , , 1, 37.551, 0, 0.1, 14.5, 3.695, 214, 0, 0, 0, 70, 7.669, 6.862, 132.8, 45.098, 100, 0, 0, 46, 46, 16, 1.239, 121.283, 0, 0, 125.5, 71.46, 0, 0, 0, 0, 0, 14, 0.1, 14.5, 0, 3.695, 214, 0, 0, 0, 70, 1, 0.008, 0.007, 132.8, 45.098, 100, 0, 0, 141, 46, 46, 16, 1.239, 0, 121.283, 0, 0, 125.5, 71.46, 0, 0, 0, 0, 
37.5, 18.57, 100.3, 74.3, 75.12, , -0.647, 0.988, 3396.907, 3396.907, 3.701, -12.901, -12.901, -12.901, 52.221, 61.339, 35.28, 35.256, 7.383, 12.539, 0, 0, -2.407, -2.439, -2.407, -2.439, 1, 70.956, 70.956, 0.024, 0.134, -3.413, -3.454, -3.413, -3.454, 5.805, 7.383, 12.539, , , 1, 37.6, 0, 0.131, 14.5, 3.701, 214, 0, 0, 0, 70, 7.608, 6.764, 132.8, 44.887, 100, 0, 0, 46, 46, 16, 1.235, 121.379, 0, 0, 125.5, 71.46, 0, 0, 0, 0, 0, 14, 0.131, 14.5, 0, 3.701, 214, 0, 0, 0, 70, 1, 0.008, 0.007, 132.8, 44.887, 100, 0, 0, 141, 46, 46, 16, 1.235, 0, 121.379, 0, 0, 125.5, 71.46, 0, 0, 0, 0, 
37.55, 18.571, 100.3, 74.3, 75.121, , -1.21, 0.988, 3402.096, 3402.096, 3.707, -26.275, -26.275, -26.275, 52.257, 62.064, 35.24, 35.324, 7.382, 12.563, 0, 0, -4.903, -4.963, -4.903, -4.963, 1, 70.909, 70.909, 0.024, 0.134, -6.953, -7.037, -6.953, -7.037, 5.829, 7.382, 12.563, , , 1, 37.65, 0, 0.162, 14.5, 3.707, 214, 0, 0, 0, 70, 7.546, 6.665, 132.8, 44.675, 100, 0, 0, 46, 46, 16, 1.231, 121.475, 0, 0, 125.5, 71.46, 0, 0, 0, 0, 0, 14, 0.162, 14.5, 0, 3.707, 214, 0, 0, 0, 70, 1, 0.008, 0.007, 132.8, 44.675, 100, 0, 0, 141, 46, 46, 16, 1.231, 0, 121.475, 0, 0, 125.5, 71.46, 0, 0, 0, 0, 
37.6, 18.572, 100.3, 74.3, 75.122, , -1.793, 0.988, 3407.388, 3407.388, 3.704, -40.093, -40.093, -40.093, 52.289, 62.79, 35.24, 35.431, 7.382, 12.578, 0, 0, -7.472, -7.566, -7.472, -7.566, 1, 70.833, 70.833, 0.024, 0.134, -10.602, -10.732, -10.602, -10.732, 5.852, 7.382, 12.578, , , 1, 37.7, 0, 0.154, 14.419, 3.704, 214, 0, 0, 0, 68.076, 7.085, 6.256, 132.8, 42.653, 100, 0, 0, 44.409, 44.483, 14.89, 1.184, 118.947, 0, 0, 123.095, 71.322, 0, 0, 0, 0, 0, 14, 0.154, 14.419, 0, 3.704, 214, 0, 0, 0, 68.076, 1, 0.007, 0.007, 132.8, 42.653, 100, 0, 0, 141, 44.409, 44.483, 14.89, 1.184, 0, 118.947, 0, 0, 123.095, 71.322, 0, 0, 0, 0, 
37.65, 18.573, 100.3, 74.3, 75.123, , -2.333, 0.988, 3412.577, 3412.577, 3.698, -52.907, -52.907, -52.907, 52.315, 63.515, 35.24, 35.539, 7.382, 12.589, 0, 0, -9.846, -9.968, -9.846, -9.968, 1, 70.729, 70.729, 0.024, 0.134, -13.986, -14.157, -13.986, -14.157, 5.876, 7.382, 12.589, , , 1, 37.751, 0, 0.132, 14.309, 3.698, 214, 0, 0, 0, 65.476, 6.484, 5.737, 132.8, 39.995, 100, 0, 0, 42.259, 42.433, 13.39, 1.122, 115.497, 0, 0, 119.845, 71.135, 0, 0, 0, 0, 0, 14, 0.132, 14.309, 0, 3.698, 214, 0, 0, 0, 65.476, 1, 0.007, 0.006, 132.8, 39.995, 100, 0, 0, 141, 42.259, 42.433, 13.39, 1.122, 0, 115.497, 0, 0, 119.845, 71.135, 0, 0, 0, 0, 
37.7, 18.573, 100.3, 74.3, 75.123, , -2.791, 0.988, 3417.766, 3417.766, 3.691, -63.788, -63.788, -63.788, 52.339, 64.241, 35.24, 35.647, 7.383, 12.593, 0, 0, -11.852, -11.998, -11.852, -11.998, 1, 70.6, 70.6, 0.024, 0.135, -16.86, -17.065, -16.86, -17.065, 5.899, 7.383, 12.593, , , 1, 37.801, 0, 0.11, 14.199, 3.691, 214, 0, 0, 0, 62.876, 5.883, 5.218, 132.8, 37.337, 100, 0, 0, 40.109, 40.383, 11.89, 1.06, 112.047, 0, 0, 116.595, 70.948, 0, 0, 0, 0, 0, 14, 0.11, 14.199, 0, 3.691, 214, 0, 0, 0, 62.876, 1, 0.006, 0.005, 132.8, 37.337, 100, 0, 0, 141, 40.109, 40.383, 11.89, 1.06, 0, 112.047, 0, 0, 116.595, 70.948, 0, 0, 0, 0, 
37.75, 18.574, 100.3, 74.3, 75.124, , -3.172, 0.988, 3422.955, 3422.955, 3.685, -72.828, -72.828, -72.828, 52.356, 64.966, 35.24, 35.754, 7.384, 12.595, 0, 0, -13.506, -13.671, -13.506, -13.671, 1, 70.451, 70.451, 0.024, 0.135, -19.247, -19.482, -19.247, -19.482, 5.922, 7.384, 12.595, , , 1, 37.851, 0, 0.088, 14.089, 3.685, 214, 0, 0, 0, 60.276, 5.282, 4.699, 132.8, 34.679, 100, 0, 0, 37.959, 38.333, 10.39, 0.998, 108.597, 0, 0, 113.345, 70.761, 0, 0, 0, 0, 0, 14, 0.088, 14.089, 0, 3.685, 214, 0, 0, 0, 60.276, 1, 0.005, 0.005, 132.8, 34.679, 100, 0, 0, 141, 37.959, 38.333, 10.39, 0.998, 0, 108.597, 0, 0, 113.345, 70.761, 0, 0, 0, 0, 
37.8, 18.575, 100.3, 74.3, 75.125, , -3.502, 0.988, 3428.143, 3428.143, 3.678, -80.666, -80.666, -80.666, 52.363, 65.692, 35.213, 35.725, 7.385, 12.595, 0, 0, -14.927, -15.11, -14.927, -15.11, 1, 70.282, 70.282, 0.024, 0.135, -21.316, -21.578, -21.316, -21.578, 5.924, 7.385, 12.595, , , 1, 37.901, 0, 0.066, 13.979, 3.678, 214, 0, 0, 0, 57.676, 4.681, 4.18, 132.8, 32.021, 100, 0, 0, 35.809, 36.283, 8.89, 0.936, 105.147, 0, 0, 110.095, 70.574, 0, 0, 0, 0, 0, 14, 0.066, 13.979, 0, 3.678, 214, 0, 0, 0, 57.676, 1, 0.005, 0.004, 132.8, 32.021, 100, 0, 0, 141, 35.809, 36.283, 8.89, 0.936, 0, 105.147, 0, 0, 110.095, 70.574, 0, 0, 0, 0, 
37.85, 18.576, 100.3, 74.3, 75.126, , -3.711, 0.988, 3433.332, 3433.332, 3.673, -85.614, -85.614, -85.614, 52.362, 66.417, 35.176, 35.653, 7.386, 12.592, 0, 0, -15.804, -15.998, -15.804, -15.998, 1, 70.1, 70.1, 0.024, 0.135, -22.624, -22.902, -22.624, -22.902, 5.926, 7.386, 12.592, , , 1, 37.95, 0, 0.06, 13.896, 3.673, 214, 0, 0, 0, 56.692, 4.495, 4.037, 132.8, 30.761, 100, 0, 0, 35.057, 35.48, 8.269, 0.911, 104.211, 0, 0, 109.134, 70.476, 0, 0, 0, 0, 0, 14, 0.06, 13.896, 0, 3.673, 214, 0, 0, 0, 56.692, 1, 0.004, 0.004, 132.8, 30.761, 100, 0, 0, 141, 35.057, 35.48, 8.269, 0.911, 0, 104.211, 0, 0, 109.134, 70.476, 0, 0, 0, 0, 
37.9, 18.576, 100.3, 74.3, 75.126, , -3.726, 0.988, 3438.44, 3438.44, 3.668, -85.993, -85.993, -85.993, 52.364, 67.143, 35.14, 35.58, 7.386, 12.583, 0, 0, -15.835, -16.029, -15.835, -16.029, 1, 69.911, 69.911, 0.024, 0.135, -22.722, -23.003, -22.722, -23.003, 5.928, 7.386, 12.583, , , 1, 38.001, 0, 0.06, 13.823, 3.668, 214, 0, 0, 0, 56.275, 4.454, 4.025, 132.8, 29.992, 100, 0, 0, 34.797, 35.116, 7.956, 0.898, 104.159, 0, 0, 108.978, 70.411, 0, 0, 0, 0, 0, 14, 0.06, 13.823, 0, 3.668, 214, 0, 0, 0, 56.275, 1, 0.004, 0.004, 132.8, 29.992, 100, 0, 0, 141, 34.797, 35.116, 7.956, 0.898, 0, 104.159, 0, 0, 108.978, 70.411, 0, 0, 0, 0, 
37.95, 18.577, 100.3, 74.3, 75.127, , -3.586, 0.988, 3443.606, 3443.606, 3.663, -82.667, -82.667, -82.667, 52.368, 67.868, 35.104, 35.508, 7.386, 12.557, 0, 0, -15.189, -15.375, -15.189, -15.375, 1, 69.728, 69.728, 0.024, 0.135, -21.841, -22.112, -21.841, -22.112, 5.929, 7.386, 12.557, , , 1, 38.051, 0, 0.06, 13.75, 3.663, 214, 0, 0, 0, 55.858, 4.414, 4.014, 132.8, 29.224, 100, 0, 0, 34.536, 34.751, 7.644, 0.886, 104.107, 0, 0, 108.822, 70.345, 0, 0, 0, 0, 0, 14, 0.06, 13.75, 0, 3.663, 214, 0, 0, 0, 55.858, 1, 0.004, 0.004, 132.8, 29.224, 100, 0, 0, 141, 34.536, 34.751, 7.644, 0.886, 0, 104.107, 0, 0, 108.822, 70.345, 0, 0, 0, 0, 
38, 18.578, 100.3, 74.3, 75.128, , -3.275, 0.988, 3448.693, 3448.693, 3.657, -75.285, -75.285, -75.285, 52.368, 68.594, 35.068, 35.436, 7.387, 12.498, 0, 0, -13.806, -13.974, -13.806, -13.974, 1, 69.557, 69.557, 0.024, 0.135, -19.889, -20.137, -19.889, -20.137, 5.936, 7.387, 12.498, , , 1, 38.1, 0, 0.06, 13.677, 3.657, 214, 0, 0, 0, 55.442, 4.373, 4.002, 132.8, 28.455, 100, 0, 0, 34.276, 34.386, 7.331, 0.873, 104.055, 0, 0, 108.666, 70.28, 0, 0, 0, 0, 0, 14, 0.06, 13.677, 0, 3.657, 214, 0, 0, 0, 55.442, 1, 0.004, 0.004, 132.8, 28.455, 100, 0, 0, 141, 34.276, 34.386, 7.331, 0.873, 0, 104.055, 0, 0, 108.666, 70.28, 0, 0, 0, 0, 
38.05, 18.579, 100.3, 74.3, 75.129, , -2.797, 0.988, 3453.871, 3453.871, 3.652, -63.97, -63.97, -63.97, 52.359, 69.319, 35.088, 35.42, 7.388, 12.422, 0, 0, -11.71, -11.852, -11.71, -11.852, 1, 69.404, 69.404, 0.024, 0.135, -16.901, -17.111, -16.901, -17.111, 5.944, 7.388, 12.422, , , 1, 38.151, 0, 0.06, 13.604, 3.652, 214, 0, 0, 0, 55.025, 4.332, 3.991, 132.8, 27.686, 100, 0, 0, 34.016, 34.022, 7.019, 0.861, 104.003, 0, 0, 108.509, 70.214, 0, 0, 0, 0, 0, 14, 0.06, 13.604, 0, 3.652, 214, 0, 0, 0, 55.025, 1, 0.004, 0.004, 132.8, 27.686, 100, 0, 0, 141, 34.016, 34.022, 7.019, 0.861, 0, 104.003, 0, 0, 108.509, 70.214, 0, 0, 0, 0, 
38.1, 18.579, 100.3, 74.3, 75.129, , -2.247, 0.988, 3458.948, 3458.948, 3.644, -50.918, -50.918, -50.918, 52.344, 70.045, 35.124, 35.42, 7.388, 12.311, 0, 0, -9.306, -9.417, -9.306, -9.417, 1, 69.277, 69.277, 0.024, 0.135, -13.453, -13.62, -13.453, -13.62, 5.952, 7.388, 12.311, , , 1, 38.201, 0.053, 0.049, 13.713, 3.644, 214, 0, 0, 0, 55.564, 4.443, 4.154, 132.8, 27.64, 100, 0, 0, 34.094, 34.188, 7.188, 0.868, 103.906, 0, 0, 108.5, 70.093, 0, 0, 0.053, 0, 0, 14, 0.049, 13.713, 0, 3.644, 214, 0, 0, 0, 55.564, 1, 0.004, 0.004, 132.8, 27.64, 100, 0, 0, 141, 34.094, 34.188, 7.188, 0.868, 0, 103.906, 0, 0, 108.5, 70.093, 0, 0, 0, 0, 
38.15, 18.58, 100.3, 74.3, 75.13, , -1.628, 0.988, 3464.024, 3464.024, 3.636, -36.243, -36.243, -36.243, 52.326, 70.77, 35.16, 35.42, 7.388, 12.195, 0, 0, -6.615, -6.692, -6.615, -6.692, 1, 69.18, 69.18, 0.024, 0.135, -9.577, -9.696, -9.577, -9.696, 5.96, 7.388, 12.195, , , 1, 38.251, 0.109, 0.037, 13.833, 3.636, 214, 0, 0, 0, 56.164, 4.563, 4.328, 132.8, 27.64, 100, 0, 0, 34.194, 34.388, 7.388, 0.876, 103.806, 0, 0, 108.5, 69.969, 0, 0, 0.109, 0, 0, 14, 0.037, 13.833, 0, 3.636, 214, 0, 0, 0, 56.164, 1, 0.004, 0.004, 132.8, 27.64, 100, 0, 0, 141, 34.194, 34.388, 7.388, 0.876, 0, 103.806, 0, 0, 108.5, 69.969, 0, 0, 0, 0, 
38.2, 18.58, 100.3, 74.3, 75.13, , -1.092, 0.988, 3469.1, 3469.1, 3.628, -23.513, -23.513, -23.513, 52.306, 71.496, 35.196, 35.42, 7.387, 12.065, 0, 0, -4.288, -4.336, -4.288, -4.336, 1, 69.111, 69.111, 0.024, 0.135, -6.215, -6.293, -6.215, -6.293, 5.966, 7.387, 12.065, , , 1, 38.301, 0.165, 0.025, 13.953, 3.628, 214, 0, 0, 0, 56.764, 4.683, 4.502, 132.8, 27.64, 100, 0, 0, 34.294, 34.588, 7.588, 0.884, 103.706, 0, 0, 108.5, 69.845, 0, 0, 0.165, 0, 0, 14, 0.025, 13.953, 0, 3.628, 214, 0, 0, 0, 56.764, 1, 0.005, 0.005, 132.8, 27.64, 100, 0, 0, 141, 34.294, 34.588, 7.588, 0.884, 0, 103.706, 0, 0, 108.5, 69.845, 0, 0, 0, 0, 
38.25, 18.58, 100.3, 74.3, 75.13, , -0.654, 0.988, 3474.176, 3474.176, 3.62, -13.138, -13.138, -13.138, 52.285, 72.221, 35.231, 35.42, 7.386, 11.95, 0, 0, -2.394, -2.42, -2.394, -2.42, 1, 69.066, 69.066, 0.024, 0.135, -3.474, -3.518, -3.474, -3.518, 5.97, 7.386, 11.95, , , 1, 38.351, 0.221, 0.013, 14.073, 3.62, 214, 0, 0, 0, 57.364, 4.803, 4.676, 132.8, 27.64, 100, 0, 0, 34.394, 34.788, 7.788, 0.892, 103.606, 0, 0, 108.5, 69.721, 0, 0, 0.221, 0, 0, 14, 0.013, 14.073, 0, 3.62, 214, 0, 0, 0, 57.364, 1, 0.005, 0.005, 132.8, 27.64, 100, 0, 0, 141, 34.394, 34.788, 7.788, 0.892, 0, 103.606, 0, 0, 108.5, 69.721, 0, 0, 0, 0, 
38.3, 18.58, 100.3, 74.3, 75.13, , -0.346, 0.988, 3479.253, 3479.253, 3.611, -5.83, -5.83, -5.83, 52.268, 72.947, 35.24, 35.722, 7.384, 11.873, 0, 0, -1.063, -1.072, -1.063, -1.072, 1, 69.041, 69.041, 0.024, 0.135, -1.541, -1.562, -1.541, -1.562, 5.974, 7.384, 11.873, , , 1, 38.401, 0.277, 0.001, 14.193, 3.611, 214, 0, 0, 0, 57.964, 4.923, 4.85, 132.8, 27.64, 100, 0, 0, 34.494, 34.988, 7.988, 0.9, 103.506, 0, 0, 108.5, 69.597, 0, 0, 0.277, 0, 0, 14, 0.001, 14.193, 0, 3.611, 214, 0, 0, 0, 57.964, 1, 0.005, 0.005, 132.8, 27.64, 100, 0, 0, 141, 34.494, 34.988, 7.988, 0.9, 0, 103.506, 0, 0, 108.5, 69.597, 0, 0, 0, 0, 
38.35, 18.58, 100.3, 74.3, 75.13, , -0.149, 0.988, 3484.329, 3484.329, 3.61, -1.143, -1.143, -1.143, 52.263, 73.673, 35.24, 36.12, 7.382, 11.815, 0, 0, -0.209, -0.21, -0.209, -0.21, 1, 69.03, 69.03, 0.024, 0.135, -0.3, -0.307, -0.3, -0.307, 5.978, 7.382, 11.815, , , 1, 38.451, 0.297, 0, 14.247, 3.61, 214, 0, 0, 0, 59.41, 5.36, 5.207, 132.8, 29.721, 100, 0, 0, 36.286, 36.41, 8.94, 0.941, 105.521, 0, 0, 110.568, 69.59, 0, 0, 0.297, 0, 0, 14, 0, 14.247, 0, 3.61, 214, 0, 0, 0, 59.41, 1, 0.005, 0.005, 132.8, 29.721, 100, 0, 0, 141, 36.286, 36.41, 8.94, 0.941, 0, 105.521, 0, 0, 110.568, 69.59, 0, 0, 0, 0, 
38.4, 18.58, 100.3, 74.3, 75.13, , -0.033, 0.988, 3489.404, 3489.404, 3.609, 1.604, 1.604, 1.604, 52.255, 74.398, 35.24, 36.517, 7.381, 11.81, 0, 0, 0.29, 0.295, 0.29, 0.295, 1, 69.027, 69.027, 0.024, 0.135, 0.427, 0.43, 0.427, 0.43, 5.984, 7.381, 11.81, , , 1, 38.5, 0.315, 0, 14.297, 3.609, 214, 0, 0, 0, 60.91, 5.817, 5.576, 132.8, 31.935, 100, 0, 0, 38.186, 37.91, 9.94, 0.985, 107.671, 0, 0, 112.768, 69.59, 0, 0, 0.315, 0, 0, 14, 0, 14.297, 0, 3.609, 214, 0, 0, 0, 60.91, 1, 0.006, 0.006, 132.8, 31.935, 100, 0, 0, 141, 38.186, 37.91, 9.94, 0.985, 0, 107.671, 0, 0, 112.768, 69.59, 0, 0, 0, 0, 
38.45, 18.58, 100.3, 74.3, 75.13, , 0.003, 0.988, 3494.481, 3494.481, 3.608, 2.462, 2.462, 2.462, 52.248, 75.124, 35.24, 36.915, 7.38, 11.816, 0, 0, 0.446, 0.453, 0.446, 0.453, 1, 69.027, 69.027, 0.024, 0.135, 0.653, 0.66, 0.653, 0.66, 5.995, 7.38, 11.816, , , 1, 38.551, 0.333, 0, 14.347, 3.608, 214, 0, 0, 0, 62.41, 6.274, 5.945, 132.8, 34.149, 100, 0, 0, 40.086, 39.41, 10.94, 1.029, 109.821, 0, 0, 114.968, 69.59, 0, 0, 0.333, 0, 0, 14, 0, 14.347, 0, 3.608, 214, 0, 0, 0, 62.41, 1, 0.006, 0.006, 132.8, 34.149, 100, 0, 0, 141, 40.086, 39.41, 10.94, 1.029, 0, 109.821, 0, 0, 114.968, 69.59, 0, 0, 0, 0, 
38.5, 18.58, 100.3, 74.3, 75.13, , -0.002, 0.988, 3499.557, 3499.557, 3.607, 2.329, 2.329, 2.329, 52.242, 75.849, 35.24, 37.313, 7.38, 11.856, 0, 0, 0.423, 0.428, 0.423, 0.428, 1, 69.027, 69.027, 0.024, 0.136, 0.617, 0.624, 0.617, 0.624, 6.006, 7.38, 11.856, , , 1, 38.601, 0.351, 0, 14.397, 3.607, 214, 0, 0, 0, 63.91, 6.731, 6.314, 132.8, 36.363, 100, 0, 0, 41.986, 40.91, 11.94, 1.073, 111.971, 0, 0, 117.168, 69.59, 0, 0, 0.351, 0, 0, 14, 0, 14.397, 0, 3.607, 214, 0, 0, 0, 63.91, 1, 0.007, 0.007, 132.8, 36.363, 100, 0, 0, 141, 41.986, 40.91, 11.94, 1.073, 0, 111.971, 0, 0, 117.168, 69.59, 0, 0, 0, 0, 
38.55, 18.58, 100.3, 74.3, 75.13, , -0.052, 0.988, 3504.538, 3504.538, 3.606, 1.158, 1.158, 1.158, 52.241, 76.575, 35.408, 36.979, 7.38, 11.897, 0, 0, 0.209, 0.211, 0.209, 0.211, 1, 69.026, 69.026, 0.024, 0.136, 0.307, 0.309, 0.307, 0.309, 6.017, 7.38, 11.897, , , 1, 38.65, 0.369, 0, 14.447, 3.606, 214, 0, 0, 0, 65.41, 7.188, 6.683, 132.8, 38.577, 100, 0, 0, 43.886, 42.41, 12.94, 1.117, 114.121, 0, 0, 119.368, 69.59, 0, 0, 0.369, 0, 0, 14, 0, 14.447, 0, 3.606, 214, 0, 0, 0, 65.41, 1, 0.007, 0.007, 132.8, 38.577, 100, 0, 0, 141, 43.886, 42.41, 12.94, 1.117, 0, 114.121, 0, 0, 119.368, 69.59, 0, 0, 0, 0, 
38.6, 18.58, 100.3, 74.3, 75.13, , -0.06, 0.988, 3509.607, 3509.607, 3.606, 0.973, 0.973, 0.973, 52.243, 77.3, 35.624, 36.439, 7.379, 11.941, 0, 0, 0.175, 0.178, 0.175, 0.178, 1, 69.023, 69.023, 0.024, 0.136, 0.258, 0.259, 0.258, 0.259, 6.023, 7.379, 11.941, , , 1, 38.7, 0.368, 0, 14.46, 3.606, 214, 0, 0, 0, 66.011, 7.347, 6.731, 132.8, 39.391, 100, 0, 0, 44.409, 43.011, 13.409, 1.134, 115.323, 0, 0, 120.522, 69.59, 0, 0, 0.368, 0, 0, 14, 0, 14.46, 0, 3.606, 214, 0, 0, 0, 66.011, 1, 0.008, 0.007, 132.8, 39.391, 100, 0, 0, 141, 44.409, 43.011, 13.409, 1.134, 0, 115.323, 0, 0, 120.522, 69.59, 0, 0, 0, 0, 
38.65, 18.58, 100.3, 74.3, 75.13, , -0.081, 0.988, 3514.684, 3514.684, 3.606, 0.472, 0.472, 0.472, 52.244, 78.026, 35.84, 35.899, 7.379, 11.982, 0, 0, 0.085, 0.088, 0.085, 0.088, 1, 69.02, 69.02, 0.024, 0.136, 0.126, 0.126, 0.126, 0.126, 6.018, 7.379, 11.982, , , 1, 38.751, 0.366, 0, 14.471, 3.606, 214, 0, 0, 0, 66.554, 7.487, 6.758, 132.8, 40.116, 100, 0, 0, 44.843, 43.554, 13.843, 1.15, 116.464, 0, 0, 121.609, 69.59, 0, 0, 0.366, 0, 0, 14, 0, 14.471, 0, 3.606, 214, 0, 0, 0, 66.554, 1, 0.008, 0.007, 132.8, 40.116, 100, 0, 0, 141, 44.843, 43.554, 13.843, 1.15, 0, 116.464, 0, 0, 121.609, 69.59, 0, 0, 0, 0, 
38.7, 18.58, 100.3, 74.3, 75.13, , -0.119, 0.988, 3519.76, 3519.76, 3.606, -0.438, -0.438, -0.438, 52.247, 78.751, 36.056, 35.359, 7.379, 12.011, 0, 0, -0.081, -0.081, -0.081, -0.081, 1, 69.014, 69.014, 0.024, 0.136, -0.116, -0.119, -0.116, -0.119, 6.013, 7.379, 12.011, , , 1, 38.801, 0.364, 0, 14.482, 3.606, 214, 0, 0, 0, 67.098, 7.627, 6.785, 132.8, 40.841, 100, 0, 0, 45.278, 44.098, 14.278, 1.165, 117.605, 0, 0, 122.696, 69.59, 0, 0, 0.364, 0, 0, 14, 0, 14.482, 0, 3.606, 214, 0, 0, 0, 67.098, 1, 0.008, 0.007, 132.8, 40.841, 100, 0, 0, 141, 45.278, 44.098, 14.278, 1.165, 0, 117.605, 0, 0, 122.696, 69.59, 0, 0, 0, 0, 
38.75, 18.58, 100.3, 74.3, 75.13, , -0.102, 0.988, 3524.835, 3524.835, 3.606, -0.028, -0.028, -0.028, 52.25, 79.477, 36.272, 34.819, 7.379, 12.038, 0, 0, -0.006, -0.005, -0.006, -0.005, 1, 69.009, 69.009, 0.024, 0.136, -0.007, -0.009, -0.007, -0.009, 6.008, 7.379, 12.038, , , 1, 38.85, 0.361, 0, 14.493, 3.606, 214, 0, 0, 0, 67.641, 7.767, 6.812, 132.8, 41.566, 100, 0, 0, 45.713, 44.641, 14.713, 1.18, 118.747, 0, 0, 123.783, 69.59, 0, 0, 0.361, 0, 0, 14, 0, 14.493, 0, 3.606, 214, 0, 0, 0, 67.641, 1, 0.008, 0.007, 132.8, 41.566, 100, 0, 0, 141, 45.713, 44.641, 14.713, 1.18, 0, 118.747, 0, 0, 123.783, 69.59, 0, 0, 0, 0, 
38.8, 18.58, 100.3, 74.3, 75.13, , -0.087, 0.988, 3529.874, 3529.874, 3.606, 0.318, 0.318, 0.318, 52.251, 80.202, 36.152, 34.784, 7.379, 12.061, 0, 0, 0.057, 0.059, 0.057, 0.059, 1, 69.005, 69.005, 0.024, 0.135, 0.084, 0.085, 0.084, 0.085, 6.002, 7.379, 12.061, , , 1, 38.9, 0.365, 0, 14.5, 3.606, 214, 0, 0, 0, 68.408, 7.989, 6.988, 132.8, 42.708, 100, 0, 0, 45.949, 45, 15.341, 1.205, 119.551, 0, 0, 124.517, 69.59, 0, 0, 0.365, 0, 0, 14, 0, 14.5, 0, 3.606, 214, 0, 0, 0, 68.408, 1, 0.008, 0.007, 132.8, 42.708, 100, 0, 0, 141, 45.949, 45, 15.341, 1.205, 0, 119.551, 0, 0, 124.517, 69.59, 0, 0, 0, 0, 
38.85, 18.58, 100.3, 74.3, 75.13, , -0.069, 0.988, 3534.886, 3534.886, 3.605, 0.758, 0.758, 0.758, 52.25, 80.928, 35.936, 34.892, 7.379, 12.084, 0, 0, 0.137, 0.141, 0.137, 0.141, 1, 69.002, 69.002, 0.024, 0.135, 0.201, 0.203, 0.201, 0.203, 5.964, 7.379, 12.084, , , 1, 38.951, 0.38, 0, 14.5, 3.605, 214, 0, 0, 0, 69.608, 8.367, 7.454, 132.8, 44.591, 100, 0, 0, 45.799, 45, 16.345, 1.25, 119.701, 0, 0, 124.567, 69.59, 0, 0, 0.38, 0, 0, 14, 0, 14.5, 0, 3.605, 214, 0, 0, 0, 69.608, 1, 0.009, 0.008, 132.8, 44.591, 100, 0, 0, 141, 45.799, 45, 16.345, 1.25, 0, 119.701, 0, 0, 124.567, 69.59, 0, 0, 0, 0, 
38.9, 18.58, 100.3, 74.3, 75.13, , -0.048, 0.988, 3539.962, 3539.962, 3.605, 1.257, 1.257, 1.257, 52.247, 79.854, 35.72, 35, 7.38, 12.107, 0, 0, 0.228, 0.232, 0.228, 0.232, 1, 69, 69, 0.024, 0.135, 0.333, 0.337, 0.333, 0.337, 5.926, 7.38, 12.107, , , 1, 39.001, 0.395, 0, 14.5, 3.605, 214, 0, 0, 0, 70.808, 8.745, 7.92, 132.8, 46.474, 100, 0, 0, 45.649, 45, 17.349, 1.295, 119.851, 0, 0, 124.617, 69.59, 0, 0, 0.395, 0, 0, 14, 0, 14.5, 0, 3.605, 214, 0, 0, 0, 70.808, 1, 0.009, 0.008, 132.8, 46.474, 100, 0, 0, 141, 45.649, 45, 17.349, 1.295, 0, 119.851, 0, 0, 124.617, 69.59, 0, 0, 0, 0, 
38.95, 18.58, 100.3, 74.3, 75.13, , -0.003, 0.988, 3545.037, 3545.037, 3.605, 2.306, 2.306, 2.306, 52.243, 77.934, 35.504, 35.108, 7.38, 12.13, 0, 0, 0.418, 0.425, 0.418, 0.425, 1, 68.999, 68.999, 0.024, 0.135, 0.611, 0.618, 0.611, 0.618, 5.888, 7.38, 12.13, , , 1, 39.05, 0.41, 0, 14.5, 3.605, 214, 0, 0, 0, 72.008, 9.123, 8.386, 132.8, 48.357, 100, 0, 0, 45.499, 45, 18.353, 1.34, 120.001, 0, 0, 124.667, 69.59, 0, 0, 0.41, 0, 0, 14, 0, 14.5, 0, 3.605, 214, 0, 0, 0, 72.008, 1, 0.009, 0.008, 132.8, 48.357, 100, 0, 0, 141, 45.499, 45, 18.353, 1.34, 0, 120.001, 0, 0, 124.667, 69.59, 0, 0, 0, 0, 
39, 18.58, 100.3, 74.3, 75.13, , 0.147, 0.988, 3550.114, 3550.114, 3.604, 5.866, 5.866, 5.866, 52.235, 76.013, 35.288, 35.216, 7.38, 12.157, 0, 0, 1.065, 1.082, 1.065, 1.082, 1, 69.002, 69.002, 0.024, 0.135, 1.555, 1.574, 1.555, 1.574, 5.85, 7.38, 12.157, , , 1, 39.101, 0.425, 0, 14.5, 3.604, 214, 0, 0, 0, 73.208, 9.501, 8.852, 132.8, 50.24, 100, 0, 0, 45.349, 45, 19.357, 1.385, 120.151, 0, 0, 124.717, 69.59, 0, 0, 0.425, 0, 0, 14, 0, 14.5, 0, 3.604, 214, 0, 0, 0, 73.208, 1, 0.01, 0.009, 132.8, 50.24, 100, 0, 0, 141, 45.349, 45, 19.357, 1.385, 0, 120.151, 0, 0, 124.717, 69.59, 0, 0, 0, 0, 
39.05, 18.58, 100.3, 74.3, 75.13, , 0.679, 0.988, 3555.19, 3555.19, 3.604, 18.509, 18.509, 18.509, 52.221, 74.093, 35.294, 35.43, 7.379, 12.185, 0, 0, 3.367, 3.412, 3.367, 3.412, 1, 69.018, 69.018, 0.024, 0.135, 4.91, 4.97, 4.91, 4.97, 5.822, 7.379, 12.185, , , 1, 39.151, 0.408, 0, 14.5, 3.604, 214, 0, 0, 0, 74.085, 9.761, 9.256, 132.8, 51.693, 100, 0, 0, 45.186, 44.915, 20.179, 1.422, 120.229, 0, 0, 124.729, 69.59, 0, 0, 0.408, 0, 0, 14, 0, 14.5, 0, 3.604, 214, 0, 0, 0, 74.085, 1, 0.01, 0.009, 132.8, 51.694, 100, 0, 0, 141, 45.186, 44.915, 20.179, 1.422, 0, 120.229, 0, 0, 124.729, 69.59, 0, 0, 0, 0, 
39.1, 18.58, 100.3, 74.3, 75.13, , 1.678, 0.988, 3560.18, 3560.18, 3.604, 42.195, 42.195, 42.195, 52.184, 72.172, 35.364, 35.675, 7.379, 12.215, 0, 0, 7.694, 7.791, 7.694, 7.791, 1, 69.074, 69.074, 0.024, 0.135, 11.21, 11.348, 11.21, 11.348, 5.793, 7.379, 12.215, , , 1, 39.2, 0.329, 0, 14.5, 3.604, 214, 0, 0, 0, 74.335, 9.794, 9.539, 132.8, 52.38, 100, 0, 0, 44.999, 44.665, 20.677, 1.443, 120.166, 0, 0, 124.666, 69.59, 0, 0, 0.329, 0, 0, 14, 0, 14.5, 0, 3.604, 214, 0, 0, 0, 74.335, 1, 0.01, 0.009, 132.8, 52.385, 100, 0, 0, 141, 44.999, 44.665, 20.677, 1.443, 0, 120.166, 0, 0, 124.666, 69.59, 0, 0, 0, 0, 
39.15, 18.58, 100.3, 74.3, 75.13, , 2.93, 0.988, 3565.24, 3565.24, 3.603, 71.897, 71.897, 71.897, 52.109, 70.252, 35.434, 35.919, 7.378, 12.246, 0, 0, 13.144, 13.307, 13.144, 13.307, 1, 69.188, 69.188, 0.024, 0.135, 19.14, 19.376, 19.14, 19.376, 5.765, 7.378, 12.246, , , 1, 39.25, 0.251, 0, 14.5, 3.603, 214, 0, 0, 0, 74.585, 9.826, 9.821, 132.8, 53.068, 100, 0, 0, 44.811, 44.415, 21.174, 1.465, 120.104, 0, 0, 124.604, 69.59, 0, 0, 0.251, 0, 0, 14, 0, 14.5, 0, 3.603, 214, 0, 0, 0, 74.585, 1, 0.01, 0.01, 132.8, 53.076, 100, 0, 0, 141, 44.811, 44.415, 21.174, 1.465, 0, 120.104, 0, 0, 124.604, 69.59, 0, 0, 0, 0, 
39.2, 18.58, 100.3, 74.3, 75.13, , 4.256, 0.988, 3570.317, 3570.317, 3.603, 103.357, 103.357, 103.357, 51.992, 68.331, 35.504, 36.163, 7.378, 12.278, 0, 0, 18.945, 19.178, 18.945, 19.178, 1, 69.366, 69.366, 0.024, 0.134, 27.579, 27.918, 27.579, 27.918, 5.736, 7.378, 12.278, , , 1, 39.301, 0.172, 0, 14.5, 3.603, 214, 0, 0, 0, 74.835, 9.859, 10.104, 132.8, 53.756, 100, 0, 0, 44.624, 44.165, 21.672, 1.486, 120.041, 0, 0, 124.541, 69.59, 0, 0, 0.172, 0, 0, 14, 0, 14.5, 0, 3.603, 214, 0, 0, 0, 74.835, 1, 0.01, 0.01, 132.8, 53.768, 100, 0, 0, 141, 44.624, 44.165, 21.672, 1.486, 0, 120.041, 0, 0, 124.541, 69.59, 0, 0, 0, 0, 
39.25, 18.58, 100.3, 74.3, 75.13, , 5.556, 0.988, 3575.393, 3575.393, 3.608, 134.21, 134.21, 134.21, 51.847, 66.411, 35.573, 36.407, 7.377, 12.311, 0, 0, 24.667, 24.969, 24.667, 24.969, 1, 69.609, 69.609, 0.024, 0.135, 35.893, 36.333, 35.893, 36.333, 5.747, 7.377, 12.311, , , 1, 39.351, 0.123, 0, 14.5, 3.608, 214, 0, 0, 0, 75, 9.894, 10.266, 132.8, 54.405, 100, 0, 0, 44.5, 43.983, 22.14, 1.504, 120.052, 0, 0, 124.535, 69.764, 0, 0, 0.123, 0, 0, 14, 0, 14.5, 0, 3.608, 214, 0, 0, 0, 75, 1, 0.01, 0.01, 132.8, 54.415, 100, 0, 0, 141, 44.5, 43.983, 22.14, 1.504, 0, 120.052, 0, 0, 124.535, 69.764, 0, 0, 0, 0, 
39.3, 18.58, 100.3, 74.3, 75.13, , 6.588, 0.988, 3580.47, 3580.47, 3.622, 158.697, 158.697, 158.697, 51.709, 64.49, 35.531, 36.316, 7.377, 12.349, 0, 0, 29.26, 29.618, 29.26, 29.618, 1, 69.912, 69.912, 0.024, 0.135, 42.507, 43.028, 42.507, 43.028, 5.777, 7.377, 12.349, , , 1, 39.401, 0.134, 0, 14.5, 3.622, 214, 0, 0, 0, 75, 9.935, 10.195, 132.8, 54.977, 100, 0, 0, 44.5, 43.931, 22.554, 1.517, 120.207, 0, 0, 124.638, 70.277, 0, 0, 0.134, 0, 0, 14, 0, 14.5, 0, 3.622, 214, 0, 0, 0, 75, 1, 0.01, 0.01, 132.8, 54.985, 100, 0, 0, 141, 44.5, 43.931, 22.554, 1.517, 0, 120.207, 0, 0, 124.638, 70.277, 0, 0, 0, 0, 
39.35, 18.58, 100.3, 74.3, 75.13, , 7.16, 0.988, 3585.545, 3585.545, 3.636, 172.287, 172.287, 172.287, 51.599, 62.57, 35.419, 36.018, 7.377, 12.386, 0, 0, 31.896, 32.287, 31.896, 32.287, 1, 70.253, 70.253, 0.024, 0.135, 46.212, 46.779, 46.212, 46.779, 5.807, 7.377, 12.386, , , 1, 39.451, 0.144, 0, 14.5, 3.636, 214, 0, 0, 0, 75, 9.976, 10.124, 132.8, 55.549, 100, 0, 0, 44.5, 43.88, 22.967, 1.529, 120.361, 0, 0, 124.741, 70.789, 0, 0, 0.144, 0, 0, 14, 0, 14.5, 0, 3.636, 214, 0, 0, 0, 75, 1, 0.01, 0.01, 132.8, 55.555, 100, 0, 0, 141, 44.5, 43.88, 22.967, 1.529, 0, 120.361, 0, 0, 124.741, 70.789, 0, 0, 0, 0, 
39.4, 18.58, 100.3, 74.3, 75.13, , 7.386, 0.988, 3590.622, 3590.622, 3.65, 177.654, 177.654, 177.654, 51.533, 60.649, 35.308, 35.72, 7.378, 12.423, 0, 0, 33.051, 33.457, 33.051, 33.457, 1, 70.612, 70.612, 0.024, 0.135, 47.7, 48.283, 47.7, 48.283, 5.837, 7.378, 12.423, , , 1, 39.5, 0.154, 0, 14.5, 3.65, 214, 0, 0, 0, 75, 10.017, 10.053, 132.8, 56.122, 100, 0, 0, 44.5, 43.828, 23.38, 1.541, 120.515, 0, 0, 124.844, 71.301, 0, 0, 0.154, 0, 0, 14, 0, 14.5, 0, 3.65, 214, 0, 0, 0, 75, 1, 0.01, 0.01, 132.8, 56.125, 100, 0, 0, 141, 44.5, 43.828, 23.38, 1.541, 0, 120.515, 0, 0, 124.844, 71.301, 0, 0, 0, 0, 
39.45, 18.58, 100.3, 74.3, 75.13, , 7.547, 0.988, 3595.746, 3595.746, 3.664, 181.491, 181.491, 181.491, 51.522, 58.729, 35.196, 35.423, 7.378, 12.46, 0, 0, 33.945, 34.362, 33.945, 34.362, 1, 70.977, 70.977, 0.024, 0.135, 48.736, 49.332, 48.736, 49.332, 5.873, 7.378, 12.46, , , 1, 39.551, 0.165, 0, 14.5, 3.664, 214, 0, 0, 0, 75, 10.059, 9.982, 132.8, 56.694, 100, 0, 0, 44.5, 43.777, 23.793, 1.554, 120.67, 0, 0, 124.947, 71.814, 0, 0, 0.165, 0, 0, 14, 0, 14.5, 0, 3.664, 214, 0, 0, 0, 75, 1, 0.01, 0.01, 132.8, 56.695, 100, 0, 0, 141, 44.5, 43.777, 23.793, 1.554, 0, 120.67, 0, 0, 124.947, 71.814, 0, 0, 0, 0, 
39.5, 18.58, 100.3, 74.3, 75.13, , 7.688, 0.988, 3600.935, 3600.935, 3.677, 184.846, 184.846, 184.846, 51.563, 56.808, 35.085, 35.125, 7.379, 12.503, 0, 0, 34.76, 35.186, 34.76, 35.186, 1, 71.355, 71.355, 0.024, 0.135, 49.596, 50.203, 49.596, 50.203, 5.913, 7.379, 12.503, , , 1, 39.601, 0.187, 0, 14.5, 3.677, 214, 0, 0, 0, 75, 10.101, 9.939, 132.8, 56.884, 100, 0, 0, 44.5, 43.775, 24, 1.56, 120.825, 0, 0, 125.05, 72.142, 0, 0, 0.187, 0, 0, 14, 0, 14.5, 0, 3.678, 214, 0, 0, 0, 75, 1, 0.01, 0.01, 132.8, 56.884, 100, 0, 0, 141, 44.5, 43.775, 24, 1.56, 0, 120.825, 0, 0, 125.05, 72.142, 0, 0, 0, 0, 
39.55, 18.58, 100.3, 74.3, 75.13, , 7.867, 0.988, 3606.123, 3606.123, 3.69, 189.097, 189.097, 189.097, 51.614, 54.888, 35.144, 35.116, 7.379, 12.546, 0, 0, 35.752, 36.19, 35.752, 36.19, 1, 71.739, 71.739, 0.024, 0.135, 50.688, 51.308, 50.688, 51.308, 5.953, 7.379, 12.546, , , 1, 39.65, 0.223, 0, 14.5, 3.69, 214, 0, 0, 0, 75, 10.145, 9.928, 132.8, 56.692, 100, 0, 0, 44.5, 43.827, 24, 1.56, 120.982, 0, 0, 125.155, 72.272, 0, 0, 0.223, 0, 0, 14, 0, 14.5, 0, 3.69, 214, 0, 0, 0, 75, 1, 0.01, 0.01, 132.8, 56.692, 100, 0, 0, 141, 44.5, 43.827, 24, 1.56, 0, 120.982, 0, 0, 125.155, 72.272, 0, 0, 0, 0, 
39.6, 18.58, 100.3, 74.3, 75.13, , 8.062, 0.988, 3611.312, 3611.312, 3.702, 193.726, 193.726, 193.726, 51.644, 52.968, 35.252, 35.188, 7.38, 12.586, 0, 0, 36.825, 37.276, 36.825, 37.276, 1, 72.134, 72.134, 0.024, 0.136, 51.899, 52.535, 51.899, 52.535, 5.992, 7.38, 12.586, , , 1, 39.7, 0.258, 0, 14.5, 3.702, 214, 0, 0, 0, 75, 10.189, 9.916, 132.8, 56.501, 100, 0, 0, 44.5, 43.88, 24, 1.56, 121.139, 0, 0, 125.259, 72.402, 0, 0, 0.258, 0, 0, 14, 0, 14.5, 0, 3.702, 214, 0, 0, 0, 75, 1, 0.01, 0.01, 132.8, 56.501, 100, 0, 0, 141, 44.5, 43.88, 24, 1.56, 0, 121.139, 0, 0, 125.259, 72.402, 0, 0, 0, 0, 
39.65, 18.58, 100.3, 74.3, 75.13, , 8.285, 0.988, 3616.501, 3616.501, 3.715, 199.032, 199.032, 199.032, 51.654, 57.168, 35.36, 35.26, 7.38, 12.625, 0, 0, 38.042, 38.507, 38.042, 38.507, 1, 72.539, 72.539, 0.024, 0.136, 53.311, 53.965, 53.311, 53.965, 6.019, 7.38, 12.625, , , 1, 39.75, 0.294, 0, 14.5, 3.715, 214, 0, 0, 0, 75, 10.233, 9.905, 132.8, 56.309, 100, 0, 0, 44.5, 43.932, 24, 1.56, 121.296, 0, 0, 125.364, 72.531, 0, 0, 0.294, 0, 0, 14, 0, 14.5, 0, 3.715, 214, 0, 0, 0, 75, 1, 0.01, 0.01, 132.8, 56.309, 100, 0, 0, 141, 44.5, 43.932, 24, 1.56, 0, 121.296, 0, 0, 125.364, 72.531, 0, 0, 0, 0, 
39.7, 18.58, 100.3, 74.3, 75.13, , 8.446, 0.988, 3621.798, 3621.798, 3.727, 202.854, 202.854, 202.854, 51.643, 69.223, 35.468, 35.332, 7.38, 12.673, 0, 0, 38.995, 39.471, 38.995, 39.471, 1, 72.952, 72.952, 0.024, 0.136, 54.348, 55.015, 54.348, 55.015, 6.031, 7.38, 12.673, , , 1, 39.801, 0.329, 0, 14.5, 3.727, 214, 0, 0, 0, 75, 10.277, 9.893, 132.8, 56.118, 100, 0, 0, 44.5, 43.984, 24, 1.56, 121.453, 0, 0, 125.469, 72.661, 0, 0, 0.329, 0, 0, 14, 0, 14.5, 0, 3.727, 214, 0, 0, 0, 75, 1, 0.01, 0.01, 132.8, 56.118, 100, 0, 0, 141, 44.5, 43.984, 24, 1.56, 0, 121.453, 0, 0, 125.469, 72.661, 0, 0, 0, 0, 
39.75, 18.58, 100.3, 74.3, 75.13, , 8.604, 0.988, 3627.105, 3627.105, 3.745, 206.621, 206.621, 206.621, 51.616, 65.841, 35.576, 35.404, 7.38, 12.72, 0, 0, 39.949, 40.437, 39.949, 40.437, 1, 73.375, 73.375, 0.024, 0.136, 55.39, 56.069, 55.39, 56.069, 6.043, 7.38, 12.72, , , 1, 39.851, 0.308, 0, 14.486, 3.745, 214, 0, 0, 0, 75, 10.347, 10.017, 132.8, 56.731, 100, 0, 0, 44.36, 43.72, 24.42, 1.582, 121.08, 0, 0, 125.08, 73.047, 0, 0, 0.308, 0, 0, 14, 0, 14.486, 0, 3.745, 214, 0, 0, 0, 75, 1, 0.01, 0.01, 132.8, 56.731, 100, 0, 0, 141, 44.36, 43.72, 24.42, 1.582, 0, 121.08, 0, 0, 125.08, 73.047, 0, 0, 0, 0, 
39.8, 18.58, 100.3, 74.3, 75.13, , 8.771, 0.988, 3632.412, 3632.412, 3.764, 210.601, 210.601, 210.601, 51.588, 66.366, 35.712, 35.364, 7.38, 12.777, 0, 0, 40.952, 41.453, 40.952, 41.453, 1, 73.803, 73.803, 0.024, 0.136, 56.488, 57.18, 56.488, 57.18, 6.056, 7.38, 12.777, , , 1, 39.9, 0.262, 0, 14.466, 3.764, 214, 0, 0, 0, 75, 10.429, 10.198, 132.8, 57.689, 100, 0, 0, 44.16, 43.32, 25.02, 1.614, 120.48, 0, 0, 124.48, 73.543, 0, 0, 0.262, 0, 0, 14, 0, 14.466, 0, 3.764, 214, 0, 0, 0, 75, 1, 0.01, 0.01, 132.8, 57.689, 100, 0, 0, 141, 44.16, 43.32, 25.02, 1.614, 0, 120.48, 0, 0, 124.48, 73.543, 0, 0, 0, 0, 
39.85, 18.58, 100.3, 74.3, 75.13, , 8.882, 0.988, 3637.768, 3637.768, 3.783, 213.232, 213.232, 213.232, 51.566, 66.892, 35.856, 35.292, 7.38, 12.834, 0, 0, 41.706, 42.217, 41.706, 42.217, 1, 74.233, 74.233, 0.024, 0.136, 57.215, 57.918, 57.215, 57.918, 6.065, 7.38, 12.834, , , 1, 39.95, 0.216, 0, 14.446, 3.783, 214, 0, 0, 0, 75, 10.511, 10.379, 132.8, 58.647, 100, 0, 0, 43.96, 42.92, 25.62, 1.646, 119.88, 0, 0, 123.88, 74.039, 0, 0, 0.216, 0, 0, 14, 0, 14.446, 0, 3.783, 214, 0, 0, 0, 75, 1, 0.011, 0.011, 132.8, 58.647, 100, 0, 0, 141, 43.96, 42.92, 25.62, 1.646, 0, 119.88, 0, 0, 123.88, 74.039, 0, 0, 0, 0, 
39.9, 18.58, 100.3, 74.3, 75.13, , 8.987, 0.988, 3643.131, 3643.131, 3.803, 215.745, 215.745, 215.745, 51.553, 67.417, 36, 35.22, 7.38, 12.903, 0, 0, 42.448, 42.968, 42.448, 42.968, 1, 74.678, 74.678, 0.024, 0.136, 57.903, 58.616, 57.903, 58.616, 6.07, 7.38, 12.903, , , 1, 40.001, 0.17, 0, 14.426, 3.803, 214, 0, 0, 0, 75, 10.593, 10.561, 132.8, 59.605, 100, 0, 0, 43.76, 42.52, 26.22, 1.678, 119.28, 0, 0, 123.28, 74.535, 0, 0, 0.17, 0, 0, 14, 0, 14.426, 0, 3.803, 214, 0, 0, 0, 75, 1, 0.011, 0.011, 132.8, 59.605, 100, 0, 0, 141, 43.76, 42.52, 26.22, 1.678, 0, 119.28, 0, 0, 123.28, 74.535, 0, 0, 0, 0, 
39.95, 18.58, 100.3, 74.3, 75.13, , 9.045, 0.988, 3648.519, 3648.519, 3.822, 217.139, 217.139, 217.139, 51.549, 67.942, 36.144, 35.148, 7.38, 12.974, 0, 0, 42.973, 43.501, 42.973, 43.501, 1, 75.124, 75.124, 0.024, 0.136, 58.281, 58.999, 58.281, 58.999, 6.075, 7.38, 12.974, , , 1, 40.051, 0.124, 0, 14.406, 3.822, 214, 0, 0, 0, 75, 10.675, 10.742, 132.8, 60.563, 100, 0, 0, 43.56, 42.12, 26.82, 1.71, 118.68, 0, 0, 122.68, 75.031, 0, 0, 0.124, 0, 0, 14, 0, 14.406, 0, 3.822, 214, 0, 0, 0, 75, 1, 0.011, 0.011, 132.8, 60.563, 100, 0, 0, 141, 43.56, 42.12, 26.82, 1.71, 0, 118.68, 0, 0, 122.68, 75.031, 0, 0, 0, 0, 
40, 18.58, 100.3, 74.3, 75.13, , 9.083, 0.988, 3654.054, 3654.054, 3.845, 218.058, 218.058, 218.058, 51.555, 68.467, 36.288, 35.076, 7.38, 13.042, 0, 0, 43.413, 43.948, 43.413, 43.948, 1, 75.569, 75.569, 0.024, 0.136, 58.518, 59.24, 58.518, 59.24, 6.08, 7.38, 13.042, , , 1, 40.1, 0.104, 0, 14.386, 3.845, 214, 0, 0, 0, 75, 10.728, 10.849, 132.8, 61.109, 100, 0, 0, 43.29, 41.79, 27.42, 1.734, 118.08, 0, 0, 122.29, 75.529, 0, 0, 0.104, 0, 0, 14, 0, 14.386, 0, 3.845, 214, 0, 0, 0, 75, 1, 0.011, 0.011, 132.8, 61.109, 100, 0, 0, 141, 43.29, 41.79, 27.42, 1.734, 0, 118.08, 0, 0, 122.29, 75.529, 0, 0, 0, 0, 
40.05, 18.58, 100.3, 74.3, 75.13, , 9.049, 0.988, 3659.501, 3659.501, 3.869, 217.243, 217.243, 217.243, 51.566, 68.993, 36.152, 35.172, 7.379, 13.11, 0, 0, 43.503, 44.04, 43.503, 44.04, 1, 76.019, 76.019, 0.024, 0.136, 58.286, 59.005, 58.286, 59.005, 6.084, 7.379, 13.11, , , 1, 40.15, 0.096, 0, 14.366, 3.869, 214, 0, 0, 0, 75, 10.768, 10.921, 132.8, 61.479, 100, 0, 0, 42.99, 41.49, 28.02, 1.754, 117.48, 0, 0, 121.99, 76.027, 0, 0, 0.096, 0, 0, 14, 0, 14.366, 0, 3.869, 214, 0, 0, 0, 75, 1, 0.011, 0.011, 132.8, 61.479, 100, 0, 0, 141, 42.99, 41.49, 28.02, 1.754, 0, 117.48, 0, 0, 121.99, 76.027, 0, 0, 0, 0, 
40.1, 18.58, 100.3, 74.3, 75.13, , 9.02, 0.988, 3665.06, 3665.06, 3.893, 216.578, 216.578, 216.578, 51.579, 69.518, 35.936, 35.316, 7.379, 13.163, 0, 0, 43.621, 44.159, 43.621, 44.159, 1, 76.47, 76.47, 0.024, 0.136, 58.092, 58.809, 58.092, 58.809, 6.086, 7.379, 13.163, , , 1, 40.201, 0.088, 0, 14.346, 3.893, 214, 0, 0, 0, 75, 10.808, 10.994, 132.8, 61.849, 100, 0, 0, 42.69, 41.19, 28.62, 1.774, 116.88, 0, 0, 121.69, 76.525, 0, 0, 0.088, 0, 0, 14, 0, 14.346, 0, 3.893, 214, 0, 0, 0, 75, 1, 0.011, 0.011, 132.8, 61.849, 100, 0, 0, 141, 42.69, 41.19, 28.62, 1.774, 0, 116.88, 0, 0, 121.69, 76.525, 0, 0, 0, 0, 
40.15, 18.58, 100.3, 74.3, 75.13, , 8.928, 0.988, 3670.62, 3670.62, 3.918, 214.41, 214.41, 214.41, 51.595, 70.043, 35.72, 35.46, 7.378, 13.214, 0, 0, 43.433, 43.969, 43.433, 43.969, 1, 76.915, 76.915, 0.024, 0.135, 57.493, 58.201, 57.493, 58.201, 6.088, 7.378, 13.214, , , 1, 40.251, 0.08, 0, 14.326, 3.918, 214, 0, 0, 0, 75, 10.848, 11.066, 132.8, 62.219, 100, 0, 0, 42.39, 40.89, 29.22, 1.794, 116.28, 0, 0, 121.39, 77.023, 0, 0, 0.08, 0, 0, 14, 0, 14.326, 0, 3.918, 214, 0, 0, 0, 75, 1, 0.011, 0.011, 132.8, 62.219, 100, 0, 0, 141, 42.39, 40.89, 29.22, 1.794, 0, 116.28, 0, 0, 121.39, 77.023, 0, 0, 0, 0, 
40.2, 18.58, 100.3, 74.3, 75.13, , 8.822, 0.988, 3676.18, 3676.18, 3.942, 211.91, 211.91, 211.91, 51.615, 70.568, 35.504, 35.604, 7.378, 13.243, 0, 0, 43.17, 43.702, 43.17, 43.702, 1, 77.351, 77.351, 0.024, 0.135, 56.8, 57.499, 56.8, 57.499, 6.09, 7.378, 13.243, , , 1, 40.3, 0.072, 0, 14.306, 3.942, 214, 0, 0, 0, 75, 10.888, 11.138, 132.8, 62.589, 100, 0, 0, 42.09, 40.59, 29.82, 1.814, 115.68, 0, 0, 121.09, 77.521, 0, 0, 0.072, 0, 0, 14, 0, 14.306, 0, 3.942, 214, 0, 0, 0, 75, 1, 0.011, 0.011, 132.8, 62.589, 100, 0, 0, 141, 42.09, 40.59, 29.82, 1.814, 0, 115.68, 0, 0, 121.09, 77.521, 0, 0, 0, 0, 
40.25, 18.58, 100.3, 74.3, 75.13, , 8.599, 0.988, 3681.738, 3681.738, 3.966, 206.637, 206.637, 206.637, 51.64, 71.094, 35.288, 35.748, 7.378, 13.269, 0, 0, 42.321, 42.844, 42.321, 42.844, 1, 77.78, 77.78, 0.024, 0.135, 55.359, 56.041, 55.359, 56.041, 6.092, 7.378, 13.269, , , 1, 40.35, 0.06, 0, 14.286, 3.966, 214, 0, 0, 0, 75, 10.858, 11.093, 132.8, 62.7, 100, 0, 0, 42.07, 40.57, 30, 1.817, 115.78, 0, 0, 121.28, 77.932, 0, 0, 0.06, 0, 0, 14, 0, 14.286, 0, 3.966, 214, 0, 0, 0, 75, 1, 0.011, 0.011, 132.8, 62.7, 100, 0, 0, 141, 42.07, 40.57, 30, 1.817, 0, 115.78, 0, 0, 121.28, 77.932, 0, 0, 0, 0, 
40.3, 18.58, 100.3, 74.3, 75.13, , 8.224, 0.988, 3687.421, 3687.421, 3.991, 197.744, 197.744, 197.744, 51.664, 71.619, 35.156, 35.836, 7.378, 13.28, 0, 0, 40.708, 41.209, 40.708, 41.209, 1, 78.194, 78.194, 0.024, 0.135, 52.954, 53.605, 52.954, 53.605, 6.1, 7.378, 13.28, , , 1, 40.401, 0.046, 0, 14.266, 3.991, 214, 0, 0, 0, 75, 10.798, 10.997, 132.8, 62.7, 100, 0, 0, 42.17, 40.67, 30, 1.813, 116.18, 0, 0, 121.68, 78.306, 0, 0, 0.046, 0, 0, 14, 0, 14.266, 0, 3.991, 214, 0, 0, 0, 75, 1, 0.011, 0.011, 132.8, 62.7, 100, 0, 0, 141, 42.17, 40.67, 30, 1.813, 0, 116.18, 0, 0, 121.68, 78.306, 0, 0, 0, 0, 
40.35, 18.58, 100.3, 74.3, 75.13, , 7.755, 0.988, 3693.116, 3693.116, 4.015, 186.628, 186.628, 186.628, 51.684, 72.144, 35.048, 35.908, 7.379, 13.289, 0, 0, 38.604, 39.08, 38.604, 39.08, 1, 78.588, 78.588, 0.024, 0.135, 49.959, 50.572, 49.959, 50.572, 6.109, 7.379, 13.289, , , 1, 40.451, 0.032, 0, 14.246, 4.015, 214, 0, 0, 0, 75, 10.738, 10.901, 132.8, 62.7, 100, 0, 0, 42.27, 40.77, 30, 1.809, 116.58, 0, 0, 122.08, 78.68, 0, 0, 0.032, 0, 0, 14, 0, 14.246, 0, 4.015, 214, 0, 0, 0, 75, 1, 0.011, 0.011, 132.8, 62.7, 100, 0, 0, 141, 42.27, 40.77, 30, 1.809, 0, 116.58, 0, 0, 122.08, 78.68, 0, 0, 0, 0, 
40.4, 18.58, 100.3, 74.3, 75.13, , 7.208, 0.988, 3698.811, 3698.811, 4.04, 173.672, 173.672, 173.672, 51.701, 72.669, 34.94, 35.98, 7.379, 13.281, 0, 0, 36.09, 36.535, 36.09, 36.535, 1, 78.965, 78.965, 0.024, 0.135, 46.474, 47.046, 46.474, 47.046, 6.118, 7.379, 13.281, , , 1, 40.501, 0.018, 0, 14.226, 4.04, 214, 0, 0, 0, 75, 10.678, 10.805, 132.8, 62.7, 100, 0, 0, 42.37, 40.87, 30, 1.805, 116.98, 0, 0, 122.48, 79.054, 0, 0, 0.018, 0, 0, 14, 0, 14.226, 0, 4.04, 214, 0, 0, 0, 75, 1, 0.011, 0.011, 132.8, 62.7, 100, 0, 0, 141, 42.37, 40.87, 30, 1.805, 0, 116.98, 0, 0, 122.48, 79.054, 0, 0, 0, 0, 
40.45, 18.58, 100.3, 74.3, 75.13, , 6.516, 0.988, 3704.595, 3704.595, 4.065, 157.25, 157.25, 157.25, 51.724, 73.195, 34.832, 36.052, 7.38, 13.269, 0, 0, 32.821, 33.225, 32.821, 33.225, 1, 79.332, 79.332, 0.024, 0.135, 42.064, 42.582, 42.064, 42.582, 6.127, 7.38, 13.269, , , 1, 40.551, 0.004, 0, 14.206, 4.065, 214, 0, 0, 0, 75, 10.618, 10.709, 132.8, 62.7, 100, 0, 0, 42.47, 40.97, 30, 1.801, 117.38, 0, 0, 122.88, 79.428, 0, 0, 0.004, 0, 0, 14, 0, 14.206, 0, 4.065, 214, 0, 0, 0, 75, 1, 0.011, 0.011, 132.8, 62.7, 100, 0, 0, 141, 42.47, 40.97, 30, 1.801, 0, 117.38, 0, 0, 122.88, 79.428, 0, 0, 0, 0, 
40.5, 18.58, 100.3, 74.3, 75.13, , 5.671, 0.988, 3712.652, 3712.652, 4.084, 137.221, 137.221, 137.221, 51.761, 73.72, 34.724, 36.124, 7.38, 13.243, 0, 0, 28.789, 29.143, 28.789, 29.143, 1, 79.714, 79.714, 0.024, 0.135, 36.684, 37.134, 36.684, 37.134, 6.16, 7.38, 13.243, , , 1, 40.6, 0, 0.009, 14.186, 4.084, 214, 0, 0, 0, 75, 10.349, 10.239, 132.8, 61.054, 100, 0, 0, 43.041, 41.743, 29.054, 1.759, 118.514, 0, 0, 123.608, 79.791, 0, 0, 0, 0, 0, 14, 0.009, 14.186, 0, 4.084, 214, 0, 0, 0, 75, 1, 0.011, 0.01, 132.8, 61.054, 100, 0, 0, 141, 43.041, 41.743, 29.054, 1.759, 0, 118.514, 0, 0, 123.608, 79.791, 0, 0, 0, 0, 
40.55, 18.58, 100.3, 74.3, 75.13, , 5.123, 0.988, 3718.489, 3718.489, 4.102, 124.226, 124.226, 124.226, 51.79, 74.245, 34.784, 35.972, 7.379, 13.213, 0, 0, 26.149, 26.47, 26.149, 26.47, 1, 79.984, 79.984, 0.024, 0.135, 33.191, 33.6, 33.191, 33.6, 6.196, 7.379, 13.213, , , 1, 40.65, 0, 0.023, 14.167, 4.102, 214, 0, 0, 0, 75, 9.99, 9.61, 132.8, 58.703, 100, 0, 0, 43.813, 42.805, 27.703, 1.702, 119.961, 0, 0, 124.477, 80.15, 0, 0, 0, 0, 0, 14, 0.023, 14.167, 0, 4.102, 214, 0, 0, 0, 75, 1, 0.01, 0.01, 132.8, 58.703, 100, 0, 0, 141, 43.813, 42.805, 27.703, 1.702, 0, 119.961, 0, 0, 124.477, 80.15, 0, 0, 0, 0, 
40.6, 18.58, 100.3, 74.3, 75.13, , 4.521, 0.988, 3724.326, 3724.326, 4.119, 109.964, 109.964, 109.964, 51.824, 74.77, 34.891, 35.757, 7.379, 13.165, 0, 0, 23.215, 23.5, 23.215, 23.5, 1, 80.227, 80.227, 0.024, 0.135, 29.362, 29.724, 29.362, 29.724, 6.232, 7.379, 13.165, , , 1, 40.701, 0, 0.036, 14.148, 4.119, 214, 0, 0, 0, 75, 9.631, 8.981, 132.8, 56.351, 100, 0, 0, 44.585, 43.867, 26.351, 1.644, 121.409, 0, 0, 125.346, 80.509, 0, 0, 0, 0, 0, 14, 0.036, 14.148, 0, 4.119, 214, 0, 0, 0, 75, 1, 0.01, 0.009, 132.8, 56.351, 100, 0, 0, 141, 44.585, 43.867, 26.351, 1.644, 0, 121.409, 0, 0, 125.346, 80.509, 0, 0, 0, 0, 
40.65, 18.58, 100.3, 74.3, 75.13, , 3.788, 0.988, 3730.164, 3730.164, 4.137, 92.573, 92.573, 92.573, 51.871, 75.296, 34.999, 35.542, 7.378, 13.111, 0, 0, 19.591, 19.831, 19.591, 19.831, 1, 80.432, 80.432, 0.024, 0.135, 24.7, 25.004, 24.7, 25.004, 6.268, 7.378, 13.111, , , 1, 40.751, 0, 0.05, 14.129, 4.137, 214, 0, 0, 0, 75, 9.271, 8.351, 132.8, 54, 100, 0, 0, 45.357, 44.929, 25, 1.586, 122.857, 0, 0, 126.214, 80.869, 0, 0, 0, 0, 0, 14, 0.05, 14.129, 0, 4.137, 214, 0, 0, 0, 75, 1, 0.01, 0.008, 132.8, 54, 100, 0, 0, 141, 45.357, 44.929, 25, 1.586, 0, 122.857, 0, 0, 126.214, 80.869, 0, 0, 0, 0, 
40.7, 18.58, 100.3, 74.3, 75.13, , 3.033, 0.988, 3736.001, 3736.001, 4.155, 74.669, 74.669, 74.669, 51.929, 75.821, 35.107, 35.327, 7.378, 13.056, 0, 0, 15.833, 16.026, 15.833, 16.026, 1, 80.6, 80.6, 0.024, 0.136, 19.909, 20.154, 19.909, 20.154, 6.293, 7.378, 13.056, , , 1, 40.801, 0, 0.064, 14.109, 4.155, 214, 0, 0, 0, 75, 8.912, 7.722, 132.8, 51.649, 100, 0, 0, 46.129, 45.99, 23.649, 1.528, 124.305, 0, 0, 127.083, 81.228, 0, 0, 0, 0, 0, 14, 0.064, 14.109, 0, 4.155, 214, 0, 0, 0, 75, 1, 0.009, 0.007, 132.8, 51.649, 100, 0, 0, 141, 46.129, 45.99, 23.649, 1.528, 0, 124.305, 0, 0, 127.083, 81.228, 0, 0, 0, 0, 
40.75, 18.58, 100.3, 74.3, 75.13, , 2.268, 0.988, 3741.868, 3741.868, 4.169, 56.511, 56.511, 56.511, 51.995, 76.346, 35.214, 35.112, 7.377, 13, 0, 0, 12, 12.147, 12, 12.147, 1, 80.734, 80.734, 0.024, 0.136, 15.058, 15.243, 15.058, 15.243, 6.316, 7.377, 13, , , 1, 40.851, 0, 0.066, 14.05, 4.169, 214, 0, 0, 0, 73.645, 8.321, 7.091, 132.619, 48.624, 100, 0, 0, 45.597, 45.571, 21.942, 1.457, 123.72, 0, 0, 126.421, 81.4, 0, 0, 0, 0, 0, 14, 0.066, 14.05, 0, 4.169, 214, 0, 0, 0, 73.645, 1, 0.009, 0.007, 132.619, 48.624, 100, 0, 0, 141, 45.597, 45.571, 21.942, 1.457, 0, 123.72, 0, 0, 126.421, 81.4, 0, 0, 0, 0, 
40.8, 18.58, 100.3, 74.3, 75.13, , 1.535, 0.988, 3747.793, 3747.793, 4.181, 39.123, 39.123, 39.123, 52.058, 76.872, 35.103, 35.115, 7.377, 12.95, 0, 0, 8.32, 8.421, 8.32, 8.421, 1, 80.83, 80.83, 0.024, 0.136, 10.417, 10.545, 10.417, 10.545, 6.339, 7.377, 12.95, , , 1, 40.901, 0, 0.058, 13.953, 4.181, 214, 0, 0, 0, 71.039, 7.515, 6.459, 132.272, 44.978, 100, 0, 0, 43.859, 43.786, 19.907, 1.375, 121.259, 0, 0, 124.346, 81.4, 0, 0, 0, 0, 0, 14, 0.058, 13.953, 0, 4.181, 214, 0, 0, 0, 71.039, 1, 0.008, 0.006, 132.272, 44.978, 100, 0, 0, 141, 43.859, 43.786, 19.907, 1.375, 0, 121.259, 0, 0, 124.346, 81.4, 0, 0, 0, 0, 
40.85, 18.58, 100.3, 74.3, 75.13, , 0.871, 0.988, 3753.723, 3753.723, 4.193, 23.388, 23.388, 23.388, 52.115, 77.397, 34.922, 35.187, 7.377, 12.902, 0, 0, 4.98, 5.04, 4.98, 5.04, 1, 80.888, 80.888, 0.024, 0.136, 6.222, 6.297, 6.222, 6.297, 6.362, 7.377, 12.902, , , 1, 40.951, 0, 0.051, 13.857, 4.193, 214, 0, 0, 0, 68.432, 6.709, 5.827, 131.924, 41.331, 100, 0, 0, 42.122, 42, 17.872, 1.293, 118.797, 0, 0, 122.27, 81.4, 0, 0, 0, 0, 0, 14, 0.051, 13.857, 0, 4.193, 214, 0, 0, 0, 68.432, 1, 0.007, 0.006, 131.924, 41.331, 100, 0, 0, 141, 42.122, 42, 17.872, 1.293, 0, 118.797, 0, 0, 122.27, 81.4, 0, 0, 0, 0, 
40.9, 18.58, 100.3, 74.3, 75.13, , 0.417, 0.988, 3759.59, 3759.59, 4.205, 12.61, 12.61, 12.61, 52.16, 77.922, 34.741, 35.26, 7.377, 12.864, 0, 0, 2.687, 2.721, 2.687, 2.721, 1, 80.918, 80.918, 0.024, 0.136, 3.349, 3.389, 3.349, 3.389, 6.372, 7.377, 12.864, , , 1, 41.001, 0, 0.043, 13.76, 4.205, 214, 0, 0, 0, 65.826, 5.903, 5.195, 131.577, 37.685, 100, 0, 0, 40.384, 40.214, 15.837, 1.211, 116.336, 0, 0, 120.195, 81.4, 0, 0, 0, 0, 0, 14, 0.043, 13.76, 0, 4.205, 214, 0, 0, 0, 65.826, 1, 0.006, 0.005, 131.577, 37.685, 100, 0, 0, 141, 40.384, 40.214, 15.837, 1.211, 0, 116.336, 0, 0, 120.195, 81.4, 0, 0, 0, 0, 
40.95, 18.58, 100.3, 74.3, 75.13, , 0.192, 0.988, 3765.577, 3765.577, 4.217, 7.267, 7.267, 7.267, 52.188, 78.447, 34.56, 35.332, 7.377, 12.83, 0, 0, 1.549, 1.57, 1.549, 1.57, 1, 80.933, 80.933, 0.024, 0.136, 1.929, 1.95, 1.929, 1.95, 6.374, 7.377, 12.83, , , 1, 41.051, 0, 0.035, 13.664, 4.217, 214, 0, 0, 0, 63.22, 5.097, 4.562, 131.229, 34.039, 100, 0, 0, 38.647, 38.429, 13.802, 1.129, 113.875, 0, 0, 118.12, 81.4, 0, 0, 0, 0, 0, 14, 0.035, 13.664, 0, 4.217, 214, 0, 0, 0, 63.22, 1, 0.005, 0.004, 131.229, 34.039, 100, 0, 0, 141, 38.647, 38.429, 13.802, 1.129, 0, 113.875, 0, 0, 118.12, 81.4, 0, 0, 0, 0, 
41, 18.58, 100.3, 74.3, 75.13, , 0.111, 0.988, 3771.493, 3771.493, 4.225, 5.345, 5.345, 5.345, 52.194, 78.973, 34.38, 35.404, 7.377, 12.786, 0, 0, 1.139, 1.155, 1.139, 1.155, 1, 80.939, 80.939, 0.024, 0.136, 1.418, 1.433, 1.418, 1.433, 6.376, 7.377, 12.786, , , 1, 41.101, 0, 0.028, 13.575, 4.225, 214, 0, 0, 0, 61.288, 4.538, 4.123, 131, 31.262, 100, 0, 0, 37.323, 37.091, 12.312, 1.067, 111.663, 0, 0, 116.234, 81.4, 0, 0, 0, 0, 0, 14, 0.028, 13.575, 0, 4.225, 214, 0, 0, 0, 61.288, 1, 0.004, 0.004, 131, 31.262, 100, 0, 0, 141, 37.323, 37.091, 12.312, 1.067, 0, 111.663, 0, 0, 116.234, 81.4, 0, 0, 0, 0, 
41.05, 18.58, 100.3, 74.3, 75.13, , 0.113, 0.988, 3777.431, 3777.431, 4.225, 5.394, 5.394, 5.394, 52.189, 79.498, 34.621, 35.673, 7.377, 12.737, 0, 0, 1.149, 1.165, 1.149, 1.165, 1, 80.943, 80.943, 0.024, 0.135, 1.431, 1.448, 1.431, 1.448, 6.378, 7.377, 12.737, , , 1, 41.151, 0, 0.022, 13.502, 4.225, 214, 0, 0, 0, 60.662, 4.458, 4.06, 131, 30.032, 100, 0, 0, 36.802, 36.622, 11.792, 1.043, 109.937, 0, 0, 114.718, 81.4, 0, 0, 0, 0, 0, 14, 0.022, 13.502, 0, 4.225, 214, 0, 0, 0, 60.662, 1, 0.004, 0.004, 131, 30.032, 100, 0, 0, 141, 36.802, 36.622, 11.792, 1.043, 0, 109.937, 0, 0, 114.718, 81.4, 0, 0, 0, 0, 
41.1, 18.58, 100.3, 74.3, 75.13, , 0.152, 0.988, 3783.299, 3783.299, 4.226, 6.329, 6.329, 6.329, 52.189, 80.023, 34.981, 35.997, 7.377, 12.679, 0, 0, 1.348, 1.367, 1.348, 1.367, 1, 80.949, 80.949, 0.024, 0.135, 1.679, 1.697, 1.679, 1.697, 6.39, 7.377, 12.679, , , 1, 41.201, 0, 0.015, 13.429, 4.226, 214, 0, 0, 0, 60.038, 4.377, 3.996, 131, 28.802, 100, 0, 0, 36.281, 36.153, 11.271, 1.019, 108.211, 0, 0, 113.201, 81.4, 0, 0, 0, 0, 0, 14, 0.015, 13.429, 0, 4.226, 214, 0, 0, 0, 60.038, 1, 0.004, 0.004, 131, 28.802, 100, 0, 0, 141, 36.281, 36.153, 11.271, 1.019, 0, 108.211, 0, 0, 113.201, 81.4, 0, 0, 0, 0, 
41.15, 18.58, 100.3, 74.3, 75.13, , 0.177, 0.988, 3789.286, 3789.286, 4.227, 6.907, 6.907, 6.907, 52.195, 80.548, 35.341, 36.321, 7.378, 12.616, 0, 0, 1.472, 1.492, 1.472, 1.492, 1, 80.957, 80.957, 0.024, 0.136, 1.831, 1.852, 1.831, 1.852, 6.414, 7.378, 12.616, , , 1, 41.251, 0, 0.009, 13.355, 4.227, 214, 0, 0, 0, 59.412, 4.297, 3.933, 131, 27.572, 100, 0, 0, 35.76, 35.684, 10.75, 0.995, 106.485, 0, 0, 111.684, 81.4, 0, 0, 0, 0, 0, 14, 0.009, 13.355, 0, 4.227, 214, 0, 0, 0, 59.412, 1, 0.004, 0.004, 131, 27.572, 100, 0, 0, 141, 35.76, 35.684, 10.75, 0.995, 0, 106.485, 0, 0, 111.684, 81.4, 0, 0, 0, 0, 
41.2, 18.58, 100.3, 74.3, 75.13, , 0.191, 0.988, 3795.192, 3795.192, 4.228, 7.248, 7.248, 7.248, 52.208, 81.074, 35.701, 36.645, 7.378, 12.548, 0, 0, 1.545, 1.565, 1.545, 1.565, 1, 80.966, 80.966, 0.024, 0.136, 1.92, 1.943, 1.92, 1.943, 6.439, 7.378, 12.548, , , 1, 41.301, 0, 0.003, 13.282, 4.228, 214, 0, 0, 0, 58.788, 4.217, 3.869, 131, 26.341, 100, 0, 0, 35.24, 35.216, 10.229, 0.971, 104.759, 0, 0, 110.167, 81.4, 0, 0, 0, 0, 0, 14, 0.003, 13.282, 0, 4.228, 214, 0, 0, 0, 58.788, 1, 0.004, 0.004, 131, 26.341, 100, 0, 0, 141, 35.24, 35.216, 10.229, 0.971, 0, 104.759, 0, 0, 110.167, 81.4, 0, 0, 0, 0, 
41.25, 18.58, 100.3, 74.3, 75.13, , 0.206, 0.988, 3801.14, 3801.14, 4.229, 7.617, 7.617, 7.617, 52.222, 81.599, 36.061, 36.969, 7.379, 12.477, 0, 0, 1.624, 1.644, 1.624, 1.644, 1, 80.975, 80.975, 0.024, 0.136, 2.017, 2.041, 2.017, 2.041, 6.463, 7.379, 12.477, , , 1, 41.351, 0, 0, 13.244, 4.229, 214, 0, 0, 0, 58.556, 4.18, 3.84, 131, 25.757, 100, 0, 0, 35, 35, 10, 0.96, 104, 0, 0, 109.5, 81.4, 0, 0, 0, 0, 0, 14, 0, 13.244, 0, 4.229, 214, 0, 0, 0, 58.556, 1, 0.004, 0.004, 131, 25.757, 100, 0, 0, 141, 35, 35, 10, 0.96, 0, 104, 0, 0, 109.5, 81.4, 0, 0, 0, 0, 
41.3, 18.58, 100.3, 74.3, 75.13, , 0.206, 0.988, 3807.101, 3807.101, 4.23, 7.61, 7.61, 7.61, 52.233, 82.124, 35.972, 36.731, 7.379, 12.426, 0, 0, 1.623, 1.644, 1.623, 1.644, 1, 80.986, 80.986, 0.024, 0.136, 2.015, 2.04, 2.015, 2.04, 6.478, 7.379, 12.426, , , 1, 41.401, 0, 0, 13.234, 4.23, 214, 0, 0, 0, 58.661, 4.18, 3.84, 131, 25.68, 100, 0, 0, 35, 35, 10, 0.96, 104, 0, 0, 109.5, 81.4, 0, 0, 0, 0, 0, 14, 0, 13.234, 0, 4.23, 214, 0, 0, 0, 58.661, 1, 0.004, 0.004, 131, 25.68, 100, 0, 0, 141, 35, 35, 10, 0.96, 0, 104, 0, 0, 109.5, 81.4, 0, 0, 0, 0, 
41.35, 18.58, 100.3, 74.3, 75.13, , 0.273, 0.988, 3812.996, 3812.996, 4.231, 9.197, 9.197, 9.197, 52.24, 82.649, 35.756, 36.335, 7.38, 12.385, 0, 0, 1.963, 1.987, 1.963, 1.987, 1, 80.997, 80.997, 0.024, 0.136, 2.435, 2.465, 2.435, 2.465, 6.459, 7.38, 12.385, , , 1, 41.451, 0, 0, 13.223, 4.231, 214, 0, 0, 0, 58.766, 4.18, 3.84, 131, 25.603, 100, 0, 0, 35, 35, 10, 0.96, 104, 0, 0, 109.5, 81.4, 0, 0, 0, 0, 0, 14, 0, 13.223, 0, 4.231, 214, 0, 0, 0, 58.766, 1, 0.004, 0.004, 131, 25.603, 100, 0, 0, 141, 35, 35, 10, 0.96, 0, 104, 0, 0, 109.5, 81.4, 0, 0, 0, 0, 
41.4, 18.58, 100.3, 74.3, 75.13, , 0.445, 0.988, 3818.983, 3818.983, 4.232, 13.282, 13.282, 13.282, 52.236, 83.175, 35.54, 35.939, 7.38, 12.363, 0, 0, 2.836, 2.87, 2.836, 2.87, 1, 81.015, 81.015, 0.024, 0.136, 3.518, 3.562, 3.518, 3.562, 6.439, 7.38, 12.363, , , 1, 41.501, 0, 0, 13.213, 4.232, 214, 0, 0, 0, 58.87, 4.18, 3.84, 131, 25.526, 100, 0, 0, 35, 35, 10, 0.96, 104, 0, 0, 109.5, 81.4, 0, 0, 0, 0, 0, 14, 0, 13.213, 0, 4.232, 214, 0, 0, 0, 58.87, 1, 0.004, 0.004, 131, 25.526, 100, 0, 0, 141, 35, 35, 10, 0.96, 0, 104, 0, 0, 109.5, 81.4, 0, 0, 0, 0, 
41.45, 18.58, 100.3, 74.3, 75.13, , 0.646, 0.988, 3824.851, 3824.851, 4.233, 18.048, 18.048, 18.048, 52.219, 83.7, 35.324, 35.543, 7.379, 12.353, 0, 0, 3.856, 3.901, 3.856, 3.901, 1, 81.044, 81.044, 0.024, 0.136, 4.783, 4.842, 4.783, 4.842, 6.42, 7.379, 12.353, , , 1, 41.551, 0, 0, 13.202, 4.233, 214, 0, 0, 0, 58.975, 4.18, 3.84, 131, 25.448, 100, 0, 0, 35, 35, 10, 0.96, 104, 0, 0, 109.5, 81.4, 0, 0, 0, 0, 0, 14, 0, 13.202, 0, 4.233, 214, 0, 0, 0, 58.975, 1, 0.004, 0.004, 131, 25.448, 100, 0, 0, 141, 35, 35, 10, 0.96, 0, 104, 0, 0, 109.5, 81.4, 0, 0, 0, 0, 
41.5, 18.58, 100.3, 74.3, 75.13, , 0.916, 0.988, 3830.838, 3830.838, 4.235, 24.45, 24.45, 24.45, 52.197, 84.225, 35.108, 35.147, 7.379, 12.361, 0, 0, 5.227, 5.289, 5.227, 5.289, 1, 81.083, 81.083, 0.024, 0.136, 6.482, 6.563, 6.482, 6.563, 6.4, 7.379, 12.361, , , 1, 41.601, 0.104, 0, 13.276, 4.235, 214.151, 0, 0, 0, 59.681, 4.505, 4.074, 131, 25.988, 100, 0, 0, 35.378, 35.227, 10.227, 0.976, 105.325, 0, 0, 110.749, 81.538, 0, 0, 0.104, 0, 0, 14, 0, 13.276, 0, 4.235, 214.151, 0, 0, 0, 59.681, 1, 0.004, 0.004, 131, 25.988, 100, 0, 0, 141, 35.378, 35.227, 10.227, 0.976, 0, 105.325, 0, 0, 110.749, 81.538, 0, 0, 0, 0, 
41.55, 18.58, 100.3, 74.3, 75.13, , 1.239, 0.988, 3836.756, 3836.756, 4.237, 32.128, 32.128, 32.128, 52.177, 84.75, 35.088, 35.088, 7.378, 12.38, 0, 0, 6.872, 6.955, 6.872, 6.955, 1, 81.137, 81.137, 0.024, 0.136, 8.521, 8.626, 8.521, 8.626, 6.364, 7.378, 12.38, , , 1, 41.651, 0.242, 0, 13.375, 4.237, 214.351, 0, 0, 0, 60.578, 4.932, 4.39, 131, 26.722, 100, 0, 0, 35.876, 35.526, 10.526, 0.997, 107.068, 0, 0, 112.392, 81.724, 0, 0, 0.242, 0, 0, 14, 0, 13.375, 0, 4.237, 214.351, 0, 0, 0, 60.578, 1, 0.005, 0.005, 131, 26.722, 100, 0, 0, 141, 35.876, 35.526, 10.526, 0.997, 0, 107.068, 0, 0, 112.392, 81.724, 0, 0, 0, 0, 
41.6, 18.58, 100.3, 74.3, 75.13, , 1.64, 0.988, 3842.692, 3842.692, 4.238, 41.622, 41.622, 41.622, 52.16, 85.276, 35.124, 35.124, 7.378, 12.399, 0, 0, 8.911, 9.019, 8.911, 9.019, 1, 81.209, 81.209, 0.024, 0.136, 11.042, 11.178, 11.042, 11.178, 6.327, 7.378, 12.399, , , 1, 41.701, 0.379, 0, 13.475, 4.238, 214.55, 0, 0, 0, 61.474, 5.359, 4.706, 131, 27.456, 100, 0, 0, 36.375, 35.825, 10.825, 1.018, 108.811, 0, 0, 114.036, 81.91, 0, 0, 0.379, 0, 0, 14, 0, 13.475, 0, 4.238, 214.55, 0, 0, 0, 61.474, 1, 0.005, 0.005, 131, 27.456, 100, 0, 0, 141, 36.375, 35.825, 10.825, 1.018, 0, 108.811, 0, 0, 114.036, 81.91, 0, 0, 0, 0, 
41.65, 18.58, 100.3, 74.3, 75.13, , 2.09, 0.988, 3848.665, 3848.665, 4.24, 52.317, 52.317, 52.317, 52.144, 85.801, 35.16, 35.16, 7.378, 12.418, 0, 0, 11.215, 11.351, 11.215, 11.351, 1, 81.301, 81.301, 0.024, 0.136, 13.883, 14.054, 13.883, 14.054, 6.29, 7.378, 12.418, , , 1, 41.751, 0.517, 0, 13.575, 4.24, 214.749, 0, 0, 0, 62.371, 5.787, 5.022, 131, 28.19, 100, 0, 0, 36.873, 36.124, 11.124, 1.039, 110.554, 0, 0, 115.679, 82.096, 0, 0, 0.517, 0, 0, 14, 0, 13.575, 0, 4.24, 214.749, 0, 0, 0, 62.371, 1, 0.006, 0.005, 131, 28.19, 100, 0, 0, 141, 36.873, 36.124, 11.124, 1.039, 0, 110.554, 0, 0, 115.679, 82.096, 0, 0, 0, 0, 
41.7, 18.58, 100.3, 74.3, 75.13, , 2.651, 0.988, 3854.547, 3854.547, 4.242, 65.628, 65.628, 65.628, 52.131, 86.326, 35.196, 35.196, 7.378, 12.427, 0, 0, 14.092, 14.265, 14.092, 14.265, 1, 81.417, 81.417, 0.024, 0.136, 17.42, 17.635, 17.42, 17.635, 6.253, 7.378, 12.427, , , 1, 41.801, 0.654, 0, 13.674, 4.242, 214.948, 0, 0, 0, 63.267, 6.214, 5.338, 131, 28.924, 100, 0, 0, 37.371, 36.422, 11.422, 1.06, 112.297, 0, 0, 117.323, 82.282, 0, 0, 0.654, 0, 0, 14, 0, 13.674, 0, 4.242, 214.948, 0, 0, 0, 63.267, 1, 0.006, 0.005, 131, 28.924, 100, 0, 0, 141, 37.371, 36.422, 11.422, 1.06, 0, 112.297, 0, 0, 117.323, 82.282, 0, 0, 0, 0, 
41.75, 18.58, 100.3, 74.3, 75.13, , 3.328, 0.988, 3860.534, 3860.534, 4.245, 81.68, 81.68, 81.68, 52.123, 86.851, 35.232, 35.232, 7.379, 12.427, 0, 0, 17.572, 17.788, 17.572, 17.788, 1, 81.567, 81.567, 0.024, 0.136, 21.685, 21.952, 21.685, 21.952, 6.251, 7.379, 12.427, , , 1, 41.851, 0.755, 0, 13.737, 4.245, 215.186, 0, 0, 0, 63.962, 6.57, 5.636, 131, 29.527, 100, 0, 0, 37.962, 36.778, 11.779, 1.077, 114.098, 0, 0, 118.912, 82.387, 0, 0, 0.755, 0, 0, 14, 0, 13.737, 0, 4.245, 215.186, 0, 0, 0, 63.962, 1, 0.007, 0.006, 131, 29.527, 100, 0, 0, 141, 37.962, 36.778, 11.779, 1.077, 0, 114.098, 0, 0, 118.912, 82.387, 0, 0, 0, 0, 
41.8, 18.58, 100.3, 74.3, 75.13, , 4.1, 0.988, 3866.522, 3866.522, 4.248, 100.008, 100.008, 100.008, 52.108, 87.377, 35.072, 35.156, 7.379, 12.404, 0, 0, 21.564, 21.828, 21.564, 21.828, 1, 81.75, 81.75, 0.024, 0.136, 26.558, 26.886, 26.558, 26.886, 6.261, 7.379, 12.404, , , 1, 41.901, 0.843, 0, 13.787, 4.248, 215.437, 0, 0, 0, 64.588, 6.901, 5.929, 131, 30.083, 100, 0, 0, 38.588, 37.152, 12.156, 1.093, 115.92, 0, 0, 120.482, 82.465, 0, 0, 0.843, 0, 0, 14, 0, 13.787, 0, 4.248, 215.437, 0, 0, 0, 64.588, 1, 0.007, 0.006, 131, 30.083, 100, 0, 0, 141, 38.588, 37.152, 12.156, 1.093, 0, 115.92, 0, 0, 120.482, 82.465, 0, 0, 0, 0, 
41.85, 18.58, 100.3, 74.3, 75.13, , 4.866, 0.988, 3872.482, 3872.482, 4.251, 118.198, 118.198, 118.198, 52.082, 87.902, 34.856, 35.048, 7.38, 12.359, 0, 0, 25.555, 25.869, 25.555, 25.869, 1, 81.972, 81.972, 0.024, 0.136, 31.405, 31.792, 31.405, 31.792, 6.27, 7.38, 12.359, , , 1, 41.951, 0.931, 0, 13.838, 4.251, 215.688, 0, 0, 0, 65.213, 7.233, 6.221, 131, 30.64, 100, 0, 0, 39.212, 37.528, 12.533, 1.11, 117.741, 0, 0, 122.053, 82.542, 0, 0, 0.931, 0, 0, 14, 0, 13.838, 0, 4.251, 215.688, 0, 0, 0, 65.213, 1, 0.008, 0.007, 131, 30.64, 100, 0, 0, 141, 39.212, 37.528, 12.533, 1.11, 0, 117.741, 0, 0, 122.053, 82.542, 0, 0, 0, 0, 
41.9, 18.58, 100.3, 74.3, 75.13, , 5.589, 0.988, 3878.375, 3878.375, 4.254, 135.361, 135.361, 135.361, 52.046, 84.261, 34.64, 34.94, 7.38, 12.321, 0, 0, 29.356, 29.716, 29.356, 29.716, 1, 82.231, 82.231, 0.024, 0.136, 35.991, 36.434, 35.991, 36.434, 6.28, 7.38, 12.321, , , 1, 42.001, 1.019, 0, 13.888, 4.254, 215.94, 0, 0, 0, 65.838, 7.564, 6.514, 131, 31.196, 100, 0, 0, 39.838, 37.902, 12.91, 1.126, 119.563, 0, 0, 123.623, 82.62, 0, 0, 1.019, 0, 0, 14, 0, 13.888, 0, 4.254, 215.94, 0, 0, 0, 65.838, 1, 0.008, 0.007, 131, 31.196, 100, 0, 0, 141, 39.838, 37.902, 12.91, 1.126, 0, 119.563, 0, 0, 123.623, 82.62, 0, 0, 0, 0, 
41.95, 18.58, 100.3, 74.3, 75.13, , 6.251, 0.988, 3884.458, 3884.458, 4.272, 151.053, 151.053, 151.053, 52.006, 78.658, 34.424, 34.832, 7.379, 12.292, 0, 0, 32.87, 33.274, 32.87, 33.274, 1, 82.526, 82.526, 0.024, 0.136, 40.193, 40.687, 40.193, 40.687, 6.302, 7.379, 12.292, , , 1, 42.051, 1.033, 0, 13.87, 4.272, 215.848, 0, 0, 0, 67.332, 8.161, 7.17, 131, 34.247, 100, 0, 0, 40.37, 38.518, 14.748, 1.203, 120.304, 0, 0, 124.19, 83.054, 0, 0, 1.033, 0, 0, 14, 0, 13.87, 0, 4.272, 215.848, 0, 0, 0, 67.332, 1, 0.008, 0.008, 131, 34.247, 100, 0, 0, 141, 40.37, 38.518, 14.748, 1.203, 0, 120.304, 0, 0, 124.19, 83.054, 0, 0, 0, 0, 
42, 18.58, 100.3, 74.3, 75.13, , 6.866, 0.988, 3890.47, 3890.47, 4.293, 165.653, 165.653, 165.653, 51.971, 73.056, 34.208, 34.724, 7.379, 12.286, 0, 0, 36.185, 36.629, 36.185, 36.629, 1, 82.85, 82.85, 0.024, 0.135, 44.105, 44.648, 44.105, 44.648, 6.334, 7.379, 12.286, , , 1, 42.101, 1.024, 0, 13.83, 4.293, 215.648, 0, 0, 0, 69.132, 8.851, 7.954, 131, 38.085, 100, 0, 0, 40.87, 39.218, 17.048, 1.302, 120.704, 0, 0, 124.44, 83.614, 0, 0, 1.024, 0, 0, 14, 0, 13.83, 0, 4.293, 215.648, 0, 0, 0, 69.132, 1, 0.009, 0.008, 131, 38.085, 100, 0, 0, 141, 40.87, 39.218, 17.048, 1.302, 0, 120.704, 0, 0, 124.44, 83.614, 0, 0, 0, 0, 
42.05, 18.58, 100.3, 74.3, 75.13, , 7.441, 0.988, 3896.456, 3896.456, 4.315, 179.306, 179.306, 179.306, 51.94, 67.454, 34.412, 34.84, 7.378, 12.309, 0, 0, 39.334, 39.818, 39.334, 39.818, 1, 83.206, 83.206, 0.024, 0.135, 47.767, 48.354, 47.767, 48.354, 6.366, 7.378, 12.309, , , 1, 42.15, 1.015, 0, 13.79, 4.315, 215.448, 0, 0, 0, 70.932, 9.541, 8.738, 131, 41.923, 100, 0, 0, 41.37, 39.918, 19.348, 1.401, 121.104, 0, 0, 124.69, 84.174, 0, 0, 1.015, 0, 0, 14, 0, 13.79, 0, 4.315, 215.448, 0, 0, 0, 70.932, 1, 0.01, 0.009, 131, 41.923, 100, 0, 0, 141, 41.37, 39.918, 19.348, 1.401, 0, 121.104, 0, 0, 124.69, 84.174, 0, 0, 0, 0, 
42.1, 18.58, 100.3, 74.3, 75.13, , 8.033, 0.988, 3902.523, 3902.523, 4.337, 193.371, 193.371, 193.371, 51.914, 61.852, 34.734, 35.019, 7.378, 12.368, 0, 0, 42.617, 43.142, 42.617, 43.142, 1, 83.586, 83.586, 0.024, 0.134, 51.539, 52.172, 51.539, 52.172, 6.397, 7.378, 12.368, , , 1, 42.2, 1.006, 0, 13.75, 4.337, 215.248, 0, 0, 0, 72.732, 10.231, 9.522, 131, 45.761, 100, 0, 0, 41.87, 40.618, 21.648, 1.5, 121.504, 0, 0, 124.94, 84.734, 0, 0, 1.006, 0, 0, 14, 0, 13.75, 0, 4.337, 215.248, 0, 0, 0, 72.732, 1, 0.01, 0.01, 131, 45.761, 100, 0, 0, 141, 41.87, 40.618, 21.648, 1.5, 0, 121.504, 0, 0, 124.94, 84.734, 0, 0, 0, 0, 
42.15, 18.58, 100.3, 74.3, 75.13, , 8.604, 0.988, 3908.551, 3908.551, 4.359, 206.923, 206.923, 206.923, 51.892, 56.25, 35.057, 35.198, 7.378, 12.473, 0, 0, 45.826, 46.389, 45.826, 46.389, 1, 83.996, 83.996, 0.024, 0.134, 55.174, 55.853, 55.174, 55.853, 6.429, 7.378, 12.473, , , 1, 42.25, 0.997, 0, 13.71, 4.359, 215.048, 0, 0, 0, 74.532, 10.921, 10.306, 131, 49.599, 100, 0, 0, 42.37, 41.318, 23.948, 1.599, 121.904, 0, 0, 125.19, 85.294, 0, 0, 0.997, 0, 0, 14, 0, 13.71, 0, 4.359, 215.048, 0, 0, 0, 74.532, 1, 0.011, 0.01, 131, 49.599, 100, 0, 0, 141, 42.37, 41.318, 23.948, 1.599, 0, 121.904, 0, 0, 125.19, 85.294, 0, 0, 0, 0, 
42.2, 18.58, 100.3, 74.3, 75.13, , 9.23, 0.988, 3914.689, 3914.689, 4.383, 221.807, 221.807, 221.807, 51.88, 50.648, 35.38, 35.378, 7.379, 12.578, 0, 0, 49.385, 49.991, 49.385, 49.991, 1, 84.438, 84.438, 0.024, 0.134, 59.156, 59.884, 59.156, 59.884, 6.46, 7.379, 12.578, , , 1, 42.301, 1.027, 0, 13.642, 4.383, 215.165, 0, 0, 0, 75, 11.651, 11.109, 131, 52.978, 100, 0, 0, 41.696, 40.655, 26.474, 1.698, 120.89, 0, 0, 124.304, 85.838, 0, 0, 1.027, 0, 0, 14, 0, 13.642, 0, 4.383, 215.165, 0, 0, 0, 75, 1, 0.012, 0.011, 131, 52.978, 100, 0, 0, 141, 41.696, 40.655, 26.474, 1.698, 0, 120.89, 0, 0, 124.304, 85.838, 0, 0, 0, 0, 
42.25, 18.58, 100.3, 74.3, 75.13, , 9.869, 0.988, 3920.834, 3920.834, 4.408, 236.971, 236.971, 236.971, 51.872, 45.045, 35.703, 35.557, 7.38, 12.682, 0, 0, 53.057, 53.707, 53.057, 53.707, 1, 84.908, 84.908, 0.024, 0.134, 63.211, 63.988, 63.211, 63.988, 6.491, 7.38, 12.682, , , 1, 42.351, 1.069, 0, 13.567, 4.408, 215.381, 0, 0, 0, 75, 12.396, 11.919, 131, 56.213, 100, 0, 0, 40.609, 39.514, 29.071, 1.796, 119.429, 0, 0, 123.06, 86.376, 0, 0, 1.069, 0, 0, 14, 0, 13.567, 0, 4.408, 215.381, 0, 0, 0, 75, 1, 0.012, 0.012, 131, 56.213, 100, 0, 0, 141, 40.609, 39.514, 29.071, 1.796, 0, 119.429, 0, 0, 123.06, 86.376, 0, 0, 0, 0, 
42.3, 18.58, 100.3, 74.3, 75.13, , 10.594, 0.988, 3926.979, 3926.979, 4.433, 254.183, 254.183, 254.183, 51.862, 53.105, 35.565, 35.707, 7.382, 12.776, 0, 0, 57.249, 57.95, 57.249, 57.95, 1, 85.414, 85.414, 0.024, 0.134, 67.814, 68.649, 67.814, 68.649, 6.522, 7.382, 12.776, , , 1, 42.401, 1.111, 0, 13.491, 4.433, 215.597, 0, 0, 0, 75, 13.14, 12.728, 131, 59.448, 100, 0, 0, 39.522, 38.373, 31.669, 1.895, 117.968, 0, 0, 121.815, 86.914, 0, 0, 1.111, 0, 0, 14, 0, 13.491, 0, 4.433, 215.597, 0, 0, 0, 75, 1, 0.013, 0.013, 131, 59.448, 100, 0, 0, 141, 39.522, 38.373, 31.669, 1.895, 0, 117.968, 0, 0, 121.815, 86.914, 0, 0, 0, 0, 
42.35, 18.58, 100.3, 74.3, 75.13, , 11.329, 0.988, 3933.15, 3933.15, 4.458, 271.636, 271.636, 271.636, 51.848, 59.186, 35.283, 35.848, 7.383, 12.853, 0, 0, 61.572, 62.327, 61.572, 62.327, 1, 85.949, 85.949, 0.024, 0.134, 72.49, 73.383, 72.49, 73.383, 6.552, 7.383, 12.853, , , 1, 42.451, 1.154, 0, 13.415, 4.458, 215.814, 0, 0, 0, 75, 13.885, 13.538, 131, 62.683, 100, 0, 0, 38.435, 37.232, 34.266, 1.993, 116.506, 0, 0, 120.57, 87.452, 0, 0, 1.154, 0, 0, 14, 0, 13.415, 0, 4.458, 215.814, 0, 0, 0, 75, 1, 0.014, 0.013, 131, 62.683, 100, 0, 0, 141, 38.435, 37.232, 34.266, 1.993, 0, 116.506, 0, 0, 120.57, 87.452, 0, 0, 0, 0, 
42.4, 18.58, 100.3, 74.3, 75.13, , 12.087, 0.988, 3939.391, 3939.391, 4.482, 289.65, 289.65, 289.65, 51.831, 60.264, 35.001, 35.99, 7.384, 12.91, 0, 0, 66.099, 66.909, 66.099, 66.909, 1, 86.527, 86.527, 0.024, 0.135, 77.325, 78.277, 77.325, 78.277, 6.567, 7.384, 12.91, , , 1, 42.501, 1.195, 0, 13.342, 4.482, 216, 0, 0, 0, 75, 14.597, 14.31, 131, 65.73, 100, 0, 0, 37.341, 36.131, 36.74, 2.088, 115.162, 0, 0, 119.388, 87.968, 0, 0, 1.195, 0, 0, 14, 0, 13.342, 0, 4.482, 216, 0, 0, 0, 75, 1, 0.015, 0.014, 131, 65.73, 100, 0, 0, 141, 37.341, 36.131, 36.74, 2.088, 0, 115.162, 0, 0, 119.388, 87.968, 0, 0, 0, 0, 
42.45, 18.58, 100.3, 74.3, 75.13, , 12.8, 0.988, 3945.647, 3945.647, 4.497, 306.58, 306.58, 306.58, 51.812, 61.342, 34.718, 36.131, 7.384, 12.931, 0, 0, 70.446, 71.311, 70.446, 71.311, 1, 87.146, 87.146, 0.024, 0.135, 81.877, 82.884, 81.877, 82.884, 6.582, 7.384, 12.931, , , 1, 42.551, 1.232, 0, 13.285, 4.497, 216, 0, 0, 0, 75, 15.112, 14.81, 131, 67.627, 100, 0, 0, 36.205, 35.278, 38.452, 2.152, 114.534, 0, 0, 118.589, 88.323, 0, 0, 1.232, 0, 0, 14, 0, 13.285, 0, 4.497, 216, 0, 0, 0, 75, 1, 0.015, 0.015, 131, 67.627, 100, 0, 0, 141, 36.205, 35.278, 38.452, 2.152, 0, 114.534, 0, 0, 118.589, 88.323, 0, 0, 0, 0, 
42.5, 18.58, 100.3, 74.3, 75.13, , 13.439, 0.988, 3951.957, 3951.957, 4.512, 321.762, 321.762, 321.762, 51.784, 62.421, 34.436, 36.272, 7.384, 12.936, 0, 0, 74.461, 75.376, 74.461, 75.376, 1, 87.793, 87.793, 0.024, 0.135, 85.978, 87.035, 85.978, 87.035, 6.597, 7.384, 12.936, , , 1, 42.601, 1.268, 0, 13.228, 4.512, 216, 0, 0, 0, 75, 15.627, 15.31, 131, 69.523, 100, 0, 0, 35.068, 34.426, 40.164, 2.216, 113.906, 0, 0, 117.79, 88.678, 0, 0, 1.268, 0, 0, 14, 0, 13.228, 0, 4.512, 216, 0, 0, 0, 75, 1, 0.016, 0.015, 131, 69.523, 100, 0, 0, 141, 35.068, 34.426, 40.164, 2.216, 0, 113.906, 0, 0, 117.79, 88.678, 0, 0, 0, 0, 
42.55, 18.58, 100.3, 74.3, 75.13, , 13.917, 0.988, 3958.345, 3958.345, 4.526, 333.112, 333.112, 333.112, 51.748, 63.499, 34.535, 36.223, 7.383, 12.913, 0, 0, 77.664, 78.619, 77.664, 78.619, 1, 88.462, 88.462, 0.024, 0.135, 89.071, 90.166, 89.071, 90.166, 6.613, 7.383, 12.913, , , 1, 42.651, 1.305, 0, 13.171, 4.526, 216, 0, 0, 0, 75, 16.141, 15.81, 131, 71.419, 100, 0, 0, 33.932, 33.574, 41.877, 2.279, 113.279, 0, 0, 116.991, 89.033, 0, 0, 1.305, 0, 0, 14, 0, 13.171, 0, 4.526, 216, 0, 0, 0, 75, 1, 0.016, 0.015, 131, 71.419, 100, 0, 0, 141, 33.932, 33.574, 41.877, 2.279, 0, 113.279, 0, 0, 116.991, 89.033, 0, 0, 0, 0, 
42.6, 18.58, 100.3, 74.3, 75.13, , 14.231, 0.988, 3964.705, 3964.705, 4.541, 340.582, 340.582, 340.582, 51.709, 64.577, 34.83, 36.075, 7.382, 12.876, 0, 0, 80.004, 80.988, 80.004, 80.988, 1, 89.152, 89.152, 0.024, 0.135, 91.133, 92.253, 91.133, 92.253, 6.631, 7.382, 12.876, , , 1, 42.701, 1.341, 0, 13.114, 4.541, 216, 0, 0, 0, 75, 16.656, 16.31, 131, 73.315, 100, 0, 0, 32.795, 32.722, 43.589, 2.343, 112.651, 0, 0, 116.192, 89.388, 0, 0, 1.341, 0, 0, 14, 0, 13.114, 0, 4.541, 216, 0, 0, 0, 75, 1, 0.017, 0.016, 131, 73.315, 100, 0, 0, 141, 32.795, 32.722, 43.589, 2.343, 0, 112.651, 0, 0, 116.192, 89.388, 0, 0, 0, 0, 
42.65, 18.58, 100.3, 74.3, 75.13, , 14.405, 0.988, 3971.187, 3971.187, 4.585, 344.737, 344.737, 344.737, 51.672, 65.656, 35.125, 35.928, 7.381, 12.807, 0, 0, 81.614, 82.618, 81.614, 82.618, 1, 89.86, 89.86, 0.024, 0.135, 92.307, 93.441, 92.307, 93.441, 6.65, 7.381, 12.807, , , 1, 42.751, 1.19, 0, 13.009, 4.585, 216, 0, 0, 0, 75, 16.963, 16.671, 131, 77.107, 100, 0, 0, 32.315, 32.204, 50.308, 2.581, 111.55, 0, 0, 114.746, 90.307, 0, 0, 1.19, 0, 0, 13.992, 0, 13.009, 0, 4.585, 216, 0, 0, 0, 75, 1, 0.017, 0.016, 131, 77.107, 100, 0, 0, 141, 32.315, 32.204, 50.308, 2.581, 0, 111.55, 0, 0, 114.746, 90.307, 0, 0, 0, 0, 
42.7, 18.58, 100.3, 74.3, 75.13, , 14.487, 0.988, 3977.673, 3977.673, 4.638, 346.716, 346.716, 346.716, 51.645, 66.734, 35.42, 35.78, 7.38, 12.74, 0, 0, 82.722, 83.74, 82.722, 83.74, 1, 90.57, 90.57, 0.024, 0.135, 92.883, 94.024, 92.883, 94.024, 6.669, 7.38, 12.74, , , 1, 42.801, 0.979, 0, 12.889, 4.638, 216, 0, 0, 0, 75, 17.197, 16.983, 131, 81.498, 100, 0, 0, 32.065, 31.804, 58.608, 2.879, 110.3, 0, 0, 113.096, 91.425, 0, 0, 0.979, 0, 0, 13.982, 0, 12.889, 0, 4.638, 216, 0, 0, 0, 75, 1, 0.017, 0.017, 131, 81.498, 100, 0, 0, 141, 32.065, 31.804, 58.608, 2.879, 0, 110.3, 0, 0, 113.096, 91.425, 0, 0, 0, 0, 
42.75, 18.58, 100.3, 74.3, 75.13, , 14.551, 0.988, 3984.178, 3984.178, 4.692, 348.253, 348.253, 348.253, 51.63, 67.812, 35.715, 35.632, 7.381, 12.676, 0, 0, 83.735, 84.766, 83.735, 84.766, 1, 91.286, 91.286, 0.024, 0.135, 93.32, 94.467, 93.32, 94.467, 6.688, 7.381, 12.676, , , 1, 42.851, 0.768, 0, 12.769, 4.692, 216, 0, 0, 0, 75, 17.431, 17.295, 131, 85.889, 100, 0, 0, 31.815, 31.404, 66.908, 3.177, 109.05, 0, 0, 111.446, 92.543, 0, 0, 0.768, 0, 0, 13.972, 0, 12.769, 0, 4.692, 216, 0, 0, 0, 75, 1, 0.018, 0.017, 131, 85.889, 100, 0, 0, 141, 31.815, 31.404, 66.908, 3.177, 0, 109.05, 0, 0, 111.446, 92.543, 0, 0, 0, 0, 
42.8, 18.58, 100.3, 74.3, 75.13, , 14.548, 0.988, 3990.849, 3990.849, 4.745, 348.191, 348.191, 348.191, 51.628, 68.891, 35.668, 35.544, 7.382, 12.62, 0, 0, 84.381, 85.42, 84.381, 85.42, 1, 92.009, 92.009, 0.024, 0.135, 93.304, 94.45, 93.304, 94.45, 6.704, 7.382, 12.62, , , 1, 42.901, 0.557, 0, 12.649, 4.745, 216, 0, 0, 0, 75, 17.665, 17.607, 131, 90.28, 100, 0, 0, 31.565, 31.004, 75.208, 3.475, 107.8, 0, 0, 109.796, 93.661, 0, 0, 0.557, 0, 0, 13.962, 0, 12.649, 0, 4.745, 216, 0, 0, 0, 75, 1, 0.018, 0.017, 131, 90.28, 100, 0, 0, 141, 31.565, 31.004, 75.208, 3.475, 0, 107.8, 0, 0, 109.796, 93.661, 0, 0, 0, 0, 
42.85, 18.58, 100.3, 74.3, 75.13, , 14.532, 0.988, 3999.856, 3999.856, 4.798, 347.84, 347.84, 347.84, 51.65, 69.969, 35.524, 35.472, 7.383, 12.588, 0, 0, 85.179, 86.229, 85.179, 86.229, 1, 92.959, 92.959, 0.024, 0.135, 93.172, 94.317, 93.172, 94.317, 6.719, 7.383, 12.588, , , 1, 42.951, 0.346, 0, 12.529, 4.798, 216, 0, 0, 0, 75, 17.899, 17.919, 131, 94.671, 100, 0, 0, 31.315, 30.604, 83.508, 3.773, 106.55, 0, 0, 108.146, 94.779, 0, 0, 0.346, 0, 0, 13.952, 0, 12.529, 0, 4.798, 216, 0, 0, 0, 75, 1, 0.018, 0.018, 131, 94.671, 100, 0, 0, 141, 31.315, 30.604, 83.508, 3.773, 0, 106.55, 0, 0, 108.146, 94.779, 0, 0, 0, 0, 
42.9, 18.58, 100.3, 74.3, 75.13, , 14.488, 0.988, 4006.527, 4006.527, 4.84, 346.827, 346.827, 346.827, 51.678, 71.047, 35.38, 35.4, 7.385, 12.562, 0, 0, 85.577, 86.631, 85.577, 86.631, 1, 93.666, 93.666, 0.024, 0.135, 92.85, 93.99, 92.85, 93.99, 6.734, 7.385, 12.562, , , 1, 43, 0.27, 0, 12.5, 4.84, 216, 0, 0, 0, 75, 17.957, 17.995, 131, 96.134, 100, 0, 0, 31.481, 30.77, 87.717, 3.931, 106.369, 0, 0, 107.75, 95.596, 0, 0, 0.27, 0, 0, 13.942, 0, 12.5, 0, 4.84, 216, 0, 0, 0, 75, 1, 0.018, 0.018, 131, 96.134, 100, 0, 0, 141, 31.481, 30.77, 87.717, 3.931, 0, 106.369, 0, 0, 107.75, 95.596, 0, 0, 0, 0, 
42.95, 18.58, 100.3, 74.3, 75.13, , 14.445, 0.988, 4013.316, 4013.316, 4.88, 345.836, 345.836, 345.836, 51.713, 72.125, 35.236, 35.328, 7.387, 12.555, 0, 0, 85.979, 87.038, 85.979, 87.038, 1, 94.386, 94.386, 0.024, 0.135, 92.524, 93.661, 92.524, 93.661, 6.748, 7.387, 12.555, , , 1, 43.05, 0.236, 0, 12.5, 4.88, 216, 0, 0, 0, 75, 17.953, 17.989, 131, 96.671, 100, 0, 0, 31.794, 31.134, 90.633, 4.04, 106.525, 0, 0, 107.75, 96.308, 0, 0, 0.236, 0, 0, 13.932, 0, 12.5, 0, 4.88, 216, 0, 0, 0, 75, 1, 0.018, 0.018, 131, 96.671, 100, 0, 0, 141, 31.794, 31.134, 90.633, 4.04, 0, 106.525, 0, 0, 107.75, 96.308, 0, 0, 0, 0, 
43, 18.58, 100.3, 74.303, 75.13, , 14.398, 0.988, 4020.046, 4020.046, 4.919, 344.738, 344.738, 344.738, 51.752, 73.204, 35.092, 35.256, 7.388, 12.544, 0, 0, 86.342, 87.405, 86.342, 87.405, 1, 95.087, 95.087, 0.024, 0.135, 92.163, 93.296, 92.163, 93.296, 6.765, 7.388, 12.544, , , 1, 43.101, 0.203, 0, 12.5, 4.919, 216, 0, 0, 0, 75, 17.949, 17.983, 131, 97.208, 100, 0, 0, 32.106, 31.499, 93.55, 4.15, 106.681, 0, 0, 107.75, 97.019, 0, 0, 0.203, 0, 0, 13.921, 0, 12.5, 0, 4.919, 216, 0, 0, 0, 75, 1, 0.018, 0.018, 131, 97.208, 100, 0, 0, 141, 32.106, 31.499, 93.55, 4.15, 0, 106.681, 0, 0, 107.75, 97.019, 0, 0, 0, 0, 
43.05, 18.58, 100.3, 74.307, 75.13, , 14.348, 0.988, 4026.914, 4026.914, 4.959, 343.571, 343.571, 343.571, 51.794, 74.282, 35.172, 35.38, 7.388, 12.521, 0, 0, 86.689, 87.756, 86.689, 87.756, 1, 95.794, 95.794, 0.024, 0.135, 91.778, 92.907, 91.778, 92.907, 6.786, 7.388, 12.521, , , 1, 43.151, 0.17, 0, 12.5, 4.959, 216, 0, 0, 0, 75, 17.944, 17.977, 131, 97.746, 100, 0, 0, 32.419, 31.864, 96.467, 4.259, 106.838, 0, 0, 107.75, 97.731, 0, 0, 0.17, 0, 0, 13.911, 0, 12.5, 0, 4.959, 216, 0, 0, 0, 75, 1, 0.018, 0.018, 131, 97.746, 100, 0, 0, 141, 32.419, 31.864, 96.467, 4.259, 0, 106.838, 0, 0, 107.75, 97.731, 0, 0, 0, 0, 
43.1, 18.58, 100.3, 74.311, 75.13, , 14.333, 0.988, 4033.918, 4033.918, 4.998, 343.242, 343.242, 343.242, 51.837, 75.36, 35.316, 35.56, 7.388, 12.495, 0, 0, 87.254, 88.328, 87.254, 88.328, 1, 96.503, 96.503, 0.024, 0.135, 91.612, 92.739, 91.612, 92.739, 6.807, 7.388, 12.495, , , 1, 43.201, 0.136, 0, 12.5, 4.998, 216, 0, 0, 0, 75, 17.94, 17.97, 131, 98.284, 100, 0, 0, 32.731, 32.228, 99.383, 4.368, 106.994, 0, 0, 107.75, 98.442, 0, 0, 0.136, 0, 0, 13.9, 0, 12.5, 0, 4.998, 216, 0, 0, 0, 75, 1, 0.018, 0.018, 131, 98.284, 100, 0, 0, 141, 32.731, 32.228, 99.383, 4.368, 0, 106.994, 0, 0, 107.75, 98.442, 0, 0, 0, 0, 
43.15, 18.58, 100.3, 74.316, 75.13, , 14.267, 0.988, 4040.895, 4040.895, 5.038, 341.712, 341.712, 341.712, 51.871, 76.439, 35.46, 35.74, 7.388, 12.461, 0, 0, 87.494, 88.571, 87.494, 88.571, 1, 97.2, 97.2, 0.024, 0.135, 91.141, 92.263, 91.141, 92.263, 6.828, 7.388, 12.461, , , 1, 43.251, 0.11, 0, 12.5, 5.038, 216, 0, 0, 0, 75, 17.772, 17.818, 130.808, 98.184, 100, 0, 0, 32.803, 32.25, 99.609, 4.382, 106.511, 0, 0, 107.153, 99.216, 0, 0, 0.11, 0, 0, 13.9, 0, 12.5, 0, 5.038, 216, 0, 0, 0, 75, 1, 0.017, 0.018, 130.808, 98.184, 100, 0, 0, 141, 32.803, 32.25, 99.609, 4.382, 0, 106.511, 0, 0, 107.153, 99.216, 0, 0, 0, 0, 
43.2, 18.58, 100.3, 74.32, 75.13, , 14.263, 0.988, 4047.929, 4047.929, 5.077, 341.628, 341.628, 341.628, 51.894, 77.517, 35.604, 35.92, 7.388, 12.431, 0, 0, 88.106, 89.193, 88.106, 89.193, 1, 97.906, 97.906, 0.024, 0.135, 91.078, 92.202, 91.078, 92.202, 6.849, 7.388, 12.431, , , 1, 43.301, 0.084, 0, 12.5, 5.077, 216, 0, 0, 0, 75, 17.594, 17.657, 130.603, 98.059, 100, 0, 0, 32.86, 32.25, 99.722, 4.39, 106.002, 0, 0, 106.531, 99.993, 0, 0, 0.084, 0, 0, 13.9, 0, 12.5, 0, 5.077, 216, 0, 0, 0, 75, 1, 0.017, 0.018, 130.603, 98.058, 100, 0, 0, 141, 32.86, 32.25, 99.722, 4.39, 0, 106.002, 0, 0, 106.531, 99.993, 0, 0, 0, 0, 
43.25, 18.58, 100.3, 74.324, 75.13, , 14.233, 0.988, 4055.02, 4055.02, 5.117, 340.953, 340.953, 340.953, 51.904, 78.595, 35.748, 36.1, 7.387, 12.42, 0, 0, 88.56, 89.652, 88.56, 89.652, 1, 98.607, 98.607, 0.024, 0.135, 90.881, 92.002, 90.881, 92.002, 6.877, 7.387, 12.42, , , 1, 43.351, 0.058, 0, 12.5, 5.117, 216, 0, 0, 0, 75, 17.415, 17.496, 130.399, 97.933, 100, 0, 0, 32.917, 32.25, 99.835, 4.398, 105.493, 0, 0, 105.908, 100.77, 0, 0, 0.058, 0, 0, 13.9, 0, 12.5, 0, 5.117, 216, 0, 0, 0, 75, 1, 0.017, 0.018, 130.399, 97.932, 100, 0, 0, 141, 32.917, 32.25, 99.835, 4.398, 0, 105.493, 0, 0, 105.908, 100.77, 0, 0, 0, 0, 
43.3, 18.58, 100.3, 74.328, 75.13, , 14.201, 0.988, 4062.123, 4062.123, 5.157, 340.206, 340.206, 340.206, 51.901, 79.674, 35.767, 36.021, 7.386, 12.418, 0, 0, 88.99, 90.086, 88.99, 90.086, 1, 99.314, 99.314, 0.024, 0.135, 90.689, 91.807, 90.689, 91.807, 6.905, 7.386, 12.418, , , 1, 43.401, 0.032, 0, 12.5, 5.157, 216, 0, 0, 0, 75, 17.237, 17.334, 130.194, 97.808, 100, 0, 0, 32.974, 32.25, 99.948, 4.406, 104.984, 0, 0, 105.286, 101.547, 0, 0, 0.032, 0, 0, 13.9, 0, 12.5, 0, 5.157, 216, 0, 0, 0, 75, 1, 0.017, 0.018, 130.194, 97.806, 100, 0, 0, 141, 32.974, 32.25, 99.948, 4.406, 0, 104.984, 0, 0, 105.286, 101.547, 0, 0, 0, 0, 
43.35, 18.58, 100.3, 74.332, 75.13, , 14.142, 0.988, 4069.322, 4069.322, 5.194, 338.828, 338.828, 338.828, 51.887, 80.752, 35.75, 35.868, 7.386, 12.457, 0, 0, 89.256, 90.354, 89.256, 90.354, 1, 100.008, 100.008, 0.024, 0.135, 90.347, 91.46, 90.347, 91.46, 6.933, 7.386, 12.457, , , 1, 43.45, 0.018, 0, 12.5, 5.194, 216, 0, 0, 0, 75, 17.148, 17.245, 129.999, 97.667, 100, 0, 0, 33.028, 32.222, 100, 4.41, 104.326, 0, 0, 104.548, 102.29, 0, 0, 0.018, 0, 0, 13.9, 0, 12.5, 0, 5.194, 216, 0, 0, 0, 75, 1, 0.017, 0.017, 129.999, 97.664, 100, 0, 0, 141, 33.028, 32.222, 100, 4.41, 0, 104.326, 0, 0, 104.548, 102.29, 0, 0, 0, 0, 
43.4, 18.58, 100.3, 74.336, 75.13, , 14.105, 0.988, 4076.557, 4076.557, 5.23, 337.984, 337.984, 337.984, 51.877, 81.83, 35.733, 35.715, 7.386, 12.502, 0, 0, 89.648, 90.751, 89.648, 90.751, 1, 100.694, 100.694, 0.024, 0.135, 90.14, 91.251, 90.14, 91.251, 6.96, 7.386, 12.502, , , 1, 43.501, 0.014, 0, 12.5, 5.23, 216, 0, 0, 0, 75, 17.134, 17.218, 129.811, 97.513, 100, 0, 0, 33.08, 32.17, 100, 4.41, 103.542, 0, 0, 103.711, 103.002, 0, 0, 0.014, 0, 0, 13.9, 0, 12.5, 0, 5.23, 216, 0, 0, 0, 75, 1, 0.017, 0.017, 129.811, 97.511, 100, 0, 0, 141, 33.08, 32.17, 100, 4.41, 0, 103.542, 0, 0, 103.711, 103.002, 0, 0, 0, 0, 
43.45, 18.58, 100.3, 74.341, 75.13, , 14.052, 0.988, 4083.77, 4083.77, 5.266, 336.745, 336.745, 336.745, 51.874, 82.908, 35.716, 35.562, 7.386, 12.576, 0, 0, 89.932, 91.037, 89.932, 91.037, 1, 101.387, 101.387, 0.024, 0.136, 89.816, 90.922, 89.816, 90.922, 6.977, 7.386, 12.576, , , 1, 43.55, 0.009, 0, 12.5, 5.266, 216, 0, 0, 0, 75, 17.121, 17.191, 129.624, 97.359, 100, 0, 0, 33.132, 32.118, 100, 4.41, 102.757, 0, 0, 102.874, 103.715, 0, 0, 0.009, 0, 0, 13.9, 0, 12.5, 0, 5.266, 216, 0, 0, 0, 75, 1, 0.017, 0.017, 129.624, 97.358, 100, 0, 0, 141, 33.132, 32.118, 100, 4.41, 0, 102.757, 0, 0, 102.874, 103.715, 0, 0, 0, 0, 
43.5, 18.58, 100.3, 74.345, 75.13, , 13.972, 0.988, 4091.213, 4091.213, 5.302, 334.878, 334.878, 334.878, 51.878, 83.987, 35.699, 35.409, 7.386, 12.653, 0, 0, 90.045, 91.152, 90.045, 91.152, 1, 102.087, 102.087, 0.024, 0.136, 89.308, 90.406, 89.308, 90.406, 6.994, 7.386, 12.653, , , 1, 43.6, 0.005, 0, 12.5, 5.302, 216, 0, 0, 0, 75, 17.107, 17.164, 129.436, 97.206, 100, 0, 0, 33.184, 32.066, 100, 4.41, 101.973, 0, 0, 102.038, 104.427, 0, 0, 0.005, 0, 0, 13.9, 0, 12.5, 0, 5.302, 216, 0, 0, 0, 75, 1, 0.017, 0.017, 129.436, 97.205, 100, 0, 0, 141, 33.184, 32.066, 100, 4.41, 0, 101.973, 0, 0, 102.038, 104.427, 0, 0, 0, 0, 
43.55, 18.58, 100.3, 74.349, 75.13, , 13.65, 0.988, 4098.528, 4098.528, 5.338, 327.266, 327.266, 327.266, 51.897, 85.065, 35.626, 35.303, 7.386, 12.741, 0, 0, 88.558, 89.648, 88.558, 89.648, 1, 102.768, 102.768, 0.024, 0.136, 87.25, 88.322, 87.25, 88.322, 7.012, 7.386, 12.741, , , 1, 43.65, 0.001, 0, 12.5, 5.338, 216, 0, 0, 0, 75, 17.094, 17.137, 129.249, 97.052, 100, 0, 0, 33.236, 32.014, 100, 4.41, 101.188, 0, 0, 101.201, 105.14, 0, 0, 0.001, 0, 0, 13.9, 0, 12.5, 0, 5.338, 216, 0, 0, 0, 75, 1, 0.017, 0.017, 129.249, 97.052, 100, 0, 0, 141, 33.236, 32.014, 100, 4.41, 0, 101.188, 0, 0, 101.201, 105.14, 0, 0, 0, 0, 
43.6, 18.58, 100.3, 74.353, 75.13, , 12.778, 0.988, 4106.061, 4106.061, 5.362, 306.601, 306.601, 306.601, 51.923, 86.143, 35.492, 35.245, 7.386, 12.817, 0, 0, 83.443, 84.471, 83.443, 84.471, 1, 103.417, 103.417, 0.024, 0.137, 81.701, 82.706, 81.701, 82.706, 7.029, 7.386, 12.817, , , 1, 43.7, 0, 0, 12.5, 5.362, 216, 0, 0, 0, 75, 17.133, 17.18, 129.2, 96.955, 100, 0, 0, 33.29, 32, 100, 4.41, 100.67, 0, 0, 100.67, 105.575, 0, 0, 0, 0, 0, 13.9, 0, 12.5, 0, 5.362, 216, 0, 0, 0, 75, 1, 0.017, 0.017, 129.2, 96.955, 100, 0, 0, 141, 33.29, 32, 100, 4.41, 0, 100.67, 0, 0, 100.67, 105.575, 0, 0, 0, 0, 
43.65, 18.58, 100.3, 74.357, 75.13, , 10.972, 0.988, 4113.442, 4113.442, 5.381, 263.77, 263.77, 263.77, 51.941, 87.222, 35.359, 35.188, 7.387, 12.796, 0, 0, 72.103, 72.992, 72.103, 72.992, 1, 104.014, 104.014, 0.024, 0.137, 70.265, 71.128, 70.265, 71.128, 7.046, 7.387, 12.796, , , 1, 43.75, 0, 0, 12.5, 5.381, 216, 0, 0, 0, 75, 17.192, 17.247, 129.2, 96.875, 100, 0, 0, 33.345, 32, 100, 4.41, 100.235, 0, 0, 100.235, 105.913, 0, 0, 0, 0, 0, 13.9, 0, 12.5, 0, 5.381, 216, 0, 0, 0, 75, 1, 0.017, 0.017, 129.2, 96.875, 100, 0, 0, 141, 33.345, 32, 100, 4.41, 0, 100.235, 0, 0, 100.235, 105.913, 0, 0, 0, 0, 
43.7, 18.58, 100.3, 74.362, 75.13, , 7.987, 0.988, 4121.12, 4121.12, 5.4, 192.97, 192.97, 192.97, 51.981, 88.3, 35.226, 35.131, 7.388, 12.766, 0, 0, 52.926, 53.58, 52.926, 53.58, 1, 104.482, 104.482, 0.024, 0.136, 51.392, 52.022, 51.392, 52.022, 7.064, 7.388, 12.766, , , 1, 43.801, 0, 0, 12.5, 5.4, 216, 0, 0, 0, 75, 17.251, 17.315, 129.2, 96.796, 100, 0, 0, 33.399, 32, 100, 4.41, 99.8, 0, 0, 99.8, 106.251, 0, 0, 0, 0, 0, 13.9, 0, 12.5, 0, 5.4, 216, 0, 0, 0, 75, 1, 0.017, 0.017, 129.2, 96.796, 100, 0, 0, 141, 33.399, 32, 100, 4.41, 0, 99.8, 0, 0, 99.8, 106.251, 0, 0, 0, 0, 
43.75, 18.58, 100.3, 74.366, 75.13, , 3.717, 0.988, 4128.657, 4128.657, 5.42, 91.7, 91.7, 91.7, 52.066, 89.378, 35.092, 35.074, 7.388, 12.617, 0, 0, 25.19, 25.501, 25.19, 25.501, 1, 104.783, 104.783, 0.024, 0.136, 24.488, 24.788, 24.488, 24.788, 7.081, 7.388, 12.617, , , 1, 43.851, 0, 0, 12.5, 5.42, 216, 0, 0, 0, 75, 17.31, 17.382, 129.2, 96.717, 100, 0, 0, 33.453, 32, 100, 4.41, 99.365, 0, 0, 99.365, 106.589, 0, 0, 0, 0, 0, 13.9, 0, 12.5, 0, 5.42, 216, 0, 0, 0, 75, 1, 0.017, 0.017, 129.2, 96.717, 100, 0, 0, 141, 33.453, 32, 100, 4.41, 0, 99.365, 0, 0, 99.365, 106.589, 0, 0, 0, 0, 
43.8, 18.58, 100.3, 74.37, 75.13, , -0.315, 0.988, 4136.34, 4136.34, 5.437, -3.971, -3.971, -3.971, 52.221, 90.457, 35.06, 35.115, 7.388, 12.461, 0, 0, -1.088, -1.102, -1.088, -1.102, 1, 104.859, 104.859, 0.024, 0.136, -0.859, -0.871, -0.859, -0.871, 7.099, 7.388, 12.461, , , 1, 43.9, 0, 0, 12.5, 5.437, 216, 0, 0, 0, 74.689, 16.974, 17.049, 129.13, 94.671, 100, 0, 0, 33.539, 32.078, 97.319, 4.316, 99.015, 0, 0, 99.126, 106.799, 0, 0, 0, 0, 0, 13.901, 0, 12.5, 0, 5.437, 216, 0, 0, 0, 74.689, 1, 0.017, 0.017, 129.12, 94.671, 100, 0, 0, 141, 33.539, 32.078, 97.319, 4.316, 0, 99.015, 0, 0, 99.126, 106.799, 0, 0, 0, 0, 
43.85, 18.58, 100.3, 74.374, 75.13, , -3.465, 0.988, 4144.002, 4144.002, 5.44, -78.708, -78.708, -78.708, 52.434, 91.535, 35.06, 35.187, 7.387, 12.207, 0, 0, -21.662, -21.93, -21.662, -21.93, 1, 104.76, 104.76, 0.024, 0.136, -20.609, -20.864, -20.609, -20.864, 7.086, 7.387, 12.207, , , 1, 43.951, 0, 0.001, 12.5, 5.44, 216, 0, 0, 0, 72.467, 14.221, 14.26, 128.63, 82.303, 100, 0, 0, 33.817, 32.633, 80.559, 3.645, 99.107, 0, 0, 99.913, 106.223, 0, 0, 0, 0, 0, 13.911, 0.001, 12.5, 0, 5.44, 216, 0, 0, 0, 72.467, 1, 0.014, 0.014, 128.622, 82.303, 100, 0, 0, 141, 33.817, 32.633, 80.559, 3.645, 0, 99.107, 0, 0, 99.913, 106.223, 0, 0, 0, 0, 
43.9, 18.58, 100.3, 74.378, 75.13, , -5.422, 0.988, 4151.705, 4151.705, 5.444, -125.136, -125.136, -125.136, 52.634, 90.161, 35.06, 35.26, 7.386, 11.959, 0, 0, -34.432, -34.856, -34.432, -34.856, 1, 104.535, 104.535, 0.024, 0.136, -32.844, -33.249, -32.844, -33.249, 7.063, 7.386, 11.959, , , 1, 44.001, 0, 0.002, 12.5, 5.444, 216, 0, 0, 0, 70.244, 11.467, 11.47, 128.13, 69.934, 100, 0, 0, 34.094, 33.189, 63.8, 2.973, 99.2, 0, 0, 100.7, 105.648, 0, 0, 0, 0, 0, 13.92, 0.002, 12.5, 0, 5.444, 216, 0, 0, 0, 70.244, 1, 0.011, 0.011, 128.124, 69.934, 100, 0, 0, 141, 34.094, 33.189, 63.8, 2.973, 0, 99.2, 0, 0, 100.7, 105.648, 0, 0, 0, 0, 
43.95, 18.58, 100.3, 74.383, 75.13, , -6.287, 0.988, 4159.414, 4159.414, 5.448, -145.668, -145.668, -145.668, 52.76, 87.634, 35.06, 35.332, 7.384, 11.886, 0, 0, -40.019, -40.512, -40.019, -40.512, 1, 104.23, 104.23, 0.024, 0.135, -38.218, -38.689, -38.218, -38.689, 7.041, 7.384, 11.886, , , 1, 44.05, 0, 0.003, 12.5, 5.448, 216, 0, 0, 0, 68.022, 8.713, 8.68, 127.63, 57.565, 100, 0, 0, 34.372, 33.744, 47.041, 2.302, 99.293, 0, 0, 101.487, 105.072, 0, 0, 0, 0, 0, 13.929, 0.003, 12.5, 0, 5.448, 216, 0, 0, 0, 68.022, 1, 0.009, 0.008, 127.626, 57.565, 100, 0, 0, 141, 34.372, 33.744, 47.041, 2.302, 0, 99.293, 0, 0, 101.487, 105.072, 0, 0, 0, 0, 
44, 18.58, 100.3, 74.387, 75.13, , -5.761, 0.988, 4167.072, 4167.072, 5.451, -133.202, -133.202, -133.202, 52.786, 85.106, 35.06, 35.404, 7.382, 11.823, 0, 0, -36.481, -36.929, -36.481, -36.929, 1, 103.927, 103.927, 0.024, 0.135, -34.914, -35.344, -34.914, -35.344, 7.018, 7.382, 11.823, , , 1, 44.101, 0, 0.004, 12.5, 5.451, 216, 0, 0, 0, 65.8, 5.96, 5.89, 127.13, 45.197, 100, 0, 0, 34.65, 34.3, 30.281, 1.631, 99.385, 0, 0, 102.274, 104.496, 0, 0, 0, 0, 0, 13.939, 0.004, 12.5, 0, 5.451, 216, 0, 0, 0, 65.8, 1, 0.006, 0.006, 127.128, 45.197, 100, 0, 0, 141, 34.65, 34.3, 30.281, 1.631, 0, 99.385, 0, 0, 102.274, 104.496, 0, 0, 0, 0, 
44.05, 18.58, 100.3, 74.391, 75.13, , -5.365, 0.988, 4174.755, 4174.755, 5.455, -123.807, -123.807, -123.807, 52.695, 82.578, 35.172, 35.757, 7.381, 12.25, 0, 0, -33.811, -34.225, -33.811, -34.225, 1, 103.648, 103.648, 0.024, 0.135, -32.502, -32.903, -32.502, -32.903, 7.012, 7.381, 12.25, , , 1, 44.151, 0, 0.005, 12.5, 5.455, 216, 0, 0, 0, 63.578, 3.206, 3.1, 126.63, 32.828, 100, 0, 0, 34.928, 34.856, 13.522, 0.96, 99.478, 0, 0, 103.061, 103.92, 0, 0, 0, 0, 0, 13.948, 0.005, 12.5, 0, 5.455, 216, 0, 0, 0, 63.578, 1, 0.003, 0.003, 126.63, 32.828, 100, 0, 0, 141, 34.928, 34.856, 13.522, 0.96, 0, 99.478, 0, 0, 103.061, 103.92, 0, 0, 0, 0, 
44.1, 18.58, 100.3, 74.395, 75.13, , -5.145, 0.988, 4182.297, 4182.297, 5.439, -118.611, -118.611, -118.611, 52.535, 80.051, 35.316, 36.189, 7.38, 12.676, 0, 0, -32.314, -32.709, -32.314, -32.709, 1, 103.383, 103.383, 0.024, 0.135, -31.229, -31.614, -31.229, -31.614, 7.023, 7.38, 12.676, , , 1, 44.2, 0, 0.004, 12.5, 5.439, 216, 0, 0, 0, 60.72, 2.275, 2.165, 126.342, 27.102, 100, 0, 0, 35, 35, 7.789, 0.744, 99.32, 0, 0, 102.935, 103.606, 0, 0, 0, 0, 0, 13.959, 0.004, 12.5, 0, 5.439, 216, 0, 0, 0, 60.72, 1, 0.002, 0.002, 126.342, 27.102, 100, 0, 0, 141, 35, 35, 7.789, 0.744, 0, 99.32, 0, 0, 102.935, 103.606, 0, 0, 0, 0, 
44.15, 18.58, 100.3, 74.399, 75.13, , -4.788, 0.988, 4189.97, 4189.97, 5.416, -110.147, -110.147, -110.147, 52.404, 77.523, 35.46, 36.621, 7.38, 13.689, 0, 0, -29.94, -30.305, -29.94, -30.305, 1, 103.134, 103.134, 0.024, 0.135, -29.072, -29.429, -29.072, -29.429, 7.034, 7.38, 13.689, , , 1, 44.25, 0, 0.003, 12.5, 5.416, 216, 0, 0, 0, 57.64, 1.985, 1.882, 126.129, 23.473, 100, 0, 0, 35, 35, 5.538, 0.688, 99.083, 0, 0, 102.52, 103.384, 0, 0, 0, 0, 0, 13.971, 0.003, 12.5, 0, 5.416, 216, 0, 0, 0, 57.64, 1, 0.002, 0.002, 126.129, 23.473, 100, 0, 0, 141, 35, 35, 5.538, 0.688, 0, 99.083, 0, 0, 102.52, 103.384, 0, 0, 0, 0, 
44.2, 18.58, 100.3, 74.404, 75.13, , -4.616, 0.988, 4197.502, 4197.502, 5.393, -106.077, -106.077, -106.077, 52.316, 74.995, 35.604, 37.053, 7.38, 14.702, 0, 0, -28.763, -29.114, -28.763, -29.114, 1, 102.897, 102.897, 0.024, 0.134, -28.049, -28.394, -28.049, -28.394, 7.044, 7.38, 14.702, , , 1, 44.301, 0, 0.002, 12.5, 5.393, 216, 0, 0, 0, 54.559, 1.695, 1.599, 125.916, 19.844, 100, 0, 0, 35, 35, 3.287, 0.632, 98.846, 0, 0, 102.105, 103.163, 0, 0, 0, 0, 0, 13.983, 0.002, 12.5, 0, 5.393, 216, 0, 0, 0, 54.559, 1, 0.002, 0.001, 125.916, 19.844, 100, 0, 0, 141, 35, 35, 3.287, 0.632, 0, 98.846, 0, 0, 102.105, 103.163, 0, 0, 0, 0, 
44.25, 18.58, 100.3, 74.408, 75.13, , -4.636, 0.988, 4205.18, 4205.18, 5.37, -106.54, -106.54, -106.54, 52.282, 72.468, 35.748, 37.485, 7.38, 16.103, 0, 0, -28.814, -29.166, -28.814, -29.166, 1, 102.666, 102.666, 0.024, 0.134, -28.194, -28.541, -28.194, -28.541, 7.062, 7.38, 16.103, , , 1, 44.351, 0, 0.001, 12.5, 5.37, 216, 0, 0, 0, 51.479, 1.404, 1.316, 125.702, 16.214, 100, 0, 0, 35, 35, 1.036, 0.577, 98.609, 0, 0, 101.691, 102.941, 0, 0, 0, 0, 0, 13.995, 0.001, 12.5, 0, 5.37, 216, 0, 0, 0, 51.479, 1, 0.002, 0.001, 125.702, 16.214, 100, 0, 0, 141, 35, 35, 1.036, 0.577, 0, 98.609, 0, 0, 101.691, 102.941, 0, 0, 0, 0, 
44.3, 18.58, , , 75.13, , -4.709, , 4212.718, 4212.718, 5.358, -108.296, -108.296, -108.296, 52.297, 69.94, 35.612, 37.299, 7.379, 17.511, 0, 0, -29.214, -29.571, -29.214, -29.571, 1, 102.433, 102.433, 0.024, 0.135, -28.648, -29.001, -28.648, -29.001, 7.098, 7.379, 17.511, , , 1, 44.4, 0, 0, 12.5, 5.358, 216, 0, 0, 0, 49.454, 1.127, 1.052, 125.6, 14.441, 100, 0, 0, 35, 35, 0, 0.55, 98.5, 0, 0, 101.5, 102.733, 0, 0, 0, 0, 0, 14, 0, 12.5, 0, 5.358, 216, 0, 0, 0, 49.454, 1, 0.001, 0.001, 125.6, 14.441, 100, 0, 0, 141, 35, 35, 0, 0.55, 0, 98.5, 0, 0, 101.5, 102.733, 0, 0, 0, 0, 
44.35, 18.58, , , 75.13, , -4.868, , 4220.25, 4220.25, 5.353, -112.071, -112.071, -112.071, 52.32, 67.412, 35.396, 36.939, 7.379, 18.732, 0, 0, -30.159, -30.528, -30.159, -30.528, 1, 102.193, 102.193, 0.024, 0.135, -29.633, -29.998, -29.633, -29.998, 7.135, 7.379, 18.732, , , 1, 44.451, 0, 0, 12.5, 5.353, 216, 0, 0, 0, 48.403, 0.863, 0.805, 125.6, 14.247, 100, 0, 0, 35, 35, 0, 0.55, 98.5, 0, 0, 101.5, 102.538, 0, 0, 0, 0, 0, 14, 0, 12.5, 0, 5.353, 216, 0, 0, 0, 48.403, 1, 0.001, 0.001, 125.6, 14.247, 100, 0, 0, 141, 35, 35, 0, 0.55, 0, 98.5, 0, 0, 101.5, 102.538, 0, 0, 0, 0, 
44.4, 18.58, , , 75.13, , -5.175, , 4227.782, 4227.782, 5.349, -119.364, -119.364, -119.364, 52.336, 64.885, 35.18, 36.579, 7.378, 19.946, 0, 0, -32.05, -32.443, -32.05, -32.443, 1, 101.94, 101.94, 0.024, 0.135, -31.554, -31.943, -31.554, -31.943, 7.172, 7.378, 19.946, , , 1, 44.501, 0, 0, 12.5, 5.349, 216, 0, 0, 0, 47.353, 0.598, 0.558, 125.6, 14.053, 100, 0, 0, 35, 35, 0, 0.55, 98.5, 0, 0, 101.5, 102.342, 0, 0, 0, 0, 0, 14, 0, 12.5, 0, 5.349, 216, 0, 0, 0, 47.353, 1, 0.001, 0, 125.6, 14.053, 100, 0, 0, 141, 35, 35, 0, 0.55, 0, 98.5, 0, 0, 101.5, 102.342, 0, 0, 0, 0, 
44.45, 18.58, , , 75.13, , -5.296, , 4235.163, 4235.163, 5.344, -122.252, -122.252, -122.252, 52.344, 62.357, 34.964, 36.219, 7.378, 20.754, 0, 0, -32.746, -33.148, -32.746, -33.148, 1, 101.676, 101.676, 0.024, 0.135, -32.315, -32.712, -32.315, -32.712, 7.207, 7.378, 20.754, , , 1, 44.55, 0, 0, 12.5, 5.344, 216, 0, 0, 0, 46.303, 0.333, 0.311, 125.6, 13.86, 100, 0, 0, 35, 35, 0, 0.55, 98.5, 0, 0, 101.5, 102.146, 0, 0, 0, 0, 0, 14, 0, 12.5, 0, 5.344, 216, 0, 0, 0, 46.303, 1, 0, 0, 125.6, 13.86, 100, 0, 0, 141, 35, 35, 0, 0.55, 0, 98.5, 0, 0, 101.5, 102.146, 0, 0, 0, 0, 
44.5, 18.58, , , 75.13, , -5.284, , 4242.695, 4242.695, 5.34, -121.969, -121.969, -121.969, 52.337, 59.829, 34.748, 35.859, 7.377, 21.536, 0, 0, -32.584, -32.984, -32.584, -32.984, 1, 101.411, 101.411, 0.024, 0.136, -32.244, -32.64, -32.244, -32.64, 7.234, 7.377, 21.536, , , 1, 44.601, 0, 0, 12.5, 5.34, 216, 0, 0, 0, 45.252, 0.069, 0.064, 125.6, 13.666, 100, 0, 0, 35, 35, 0, 0.55, 98.5, 0, 0, 101.5, 101.951, 0, 0, 0, 0, 0, 14, 0, 12.5, 0, 5.34, 216, 0, 0, 0, 45.252, 1, 0, 0, 125.6, 13.666, 100, 0, 0, 141, 35, 35, 0, 0.55, 0, 98.5, 0, 0, 101.5, 101.951, 0, 0, 0, 0, 
44.55, 18.58, , , 75.13, , -5.261, , 4250.138, 4250.138, 5.327, -121.43, -121.43, -121.43, 52.318, 57.302, 34.84, 35.612, 7.378, 21.861, 0, 0, -32.356, -32.754, -32.356, -32.754, 1, 101.145, 101.145, 0.024, 0.136, -32.113, -32.507, -32.113, -32.507, 7.261, 7.378, 21.861, , , 1, 44.651, 0, 0, 12.5, 5.327, 216, 0, 0, 0, 45, 0, 0, 125.6, 13.676, 100, 0, 0, 33.514, 33.514, 0, 0.55, 98.272, 0, 0, 101.272, 101.808, 0, 0, 0, 0, 0, 14, 0, 12.5, 0, 5.327, 216, 0, 0, 0, 45, 1, 0, 0, 125.6, 13.676, 100, 0, 0, 141, 33.514, 33.514, 0, 0.55, 0, 98.272, 0, 0, 101.272, 101.808, 0, 0, 0, 0, 
44.6, 18.58, , , 75.13, , -5.243, , 4257.609, 4257.609, 5.311, -121.013, -121.013, -121.013, 52.301, 54.774, 35.02, 35.396, 7.378, 22.146, 0, 0, -32.16, -32.556, -32.16, -32.556, 1, 100.881, 100.881, 0.024, 0.136, -32.013, -32.405, -32.013, -32.405, 7.288, 7.378, 22.146, , , 1, 44.701, 0, 0, 12.5, 5.311, 216, 0, 0, 0, 45, 0, 0, 125.6, 13.75, 100, 0, 0, 31.506, 31.506, 0, 0.55, 97.972, 0, 0, 100.972, 101.684, 0, 0, 0, 0, 0, 14, 0, 12.5, 0, 5.311, 216, 0, 0, 0, 45, 1, 0, 0, 125.6, 13.75, 100, 0, 0, 141, 31.506, 31.506, 0, 0.55, 0, 97.972, 0, 0, 100.972, 101.684, 0, 0, 0, 0, 
44.65, 18.58, , , 75.13, , -5.212, , 4265.023, 4265.023, 5.295, -120.282, -120.282, -120.282, 52.29, 52.246, 35.2, 35.18, 7.379, 22.253, 0, 0, -31.883, -32.275, -31.883, -32.275, 1, 100.617, 100.617, 0.024, 0.136, -31.826, -32.216, -31.826, -32.216, 7.315, 7.379, 22.253, , , 1, 44.751, 0, 0, 12.5, 5.295, 216, 0, 0, 0, 45, 0, 0, 125.6, 13.824, 100, 0, 0, 29.498, 29.498, 0, 0.55, 97.672, 0, 0, 100.672, 101.56, 0, 0, 0, 0, 0, 14, 0, 12.5, 0, 5.295, 216, 0, 0, 0, 45, 1, 0, 0, 125.6, 13.824, 100, 0, 0, 141, 29.498, 29.498, 0, 0.55, 0, 97.672, 0, 0, 100.672, 101.56, 0, 0, 0, 0, 
44.7, 18.58, , , 75.13, , -5.191, , 4272.466, 4272.466, 5.279, -119.81, -119.81, -119.81, 52.284, 49.719, 35.38, 34.964, 7.379, 22.34, 0, 0, -31.673, -32.063, -31.673, -32.063, 1, 100.355, 100.355, 0.024, 0.136, -31.704, -32.093, -31.704, -32.093, 7.364, 7.379, 22.34, , , 1, 44.801, 0, 0, 12.5, 5.279, 216, 0, 0, 0, 45, 0, 0, 125.6, 13.898, 100, 0, 0, 27.49, 27.49, 0, 0.55, 97.372, 0, 0, 100.372, 101.436, 0, 0, 0, 0, 0, 14, 0, 12.5, 0, 5.279, 216, 0, 0, 0, 45, 1, 0, 0, 125.6, 13.898, 100, 0, 0, 141, 27.49, 27.49, 0, 0.55, 0, 97.372, 0, 0, 100.372, 101.436, 0, 0, 0, 0, 
44.75, , , , , , -5.176, , 4279.764, 4279.764, 5.263, -119.464, -119.464, -119.464, 52.284, 47.191, 35.56, 34.748, 7.38, 22.36, 0, 0, -31.5, -31.887, -31.5, -31.887, 1, 100.095, 100.095, 0.024, 0.136, -31.613, -32.001, -31.613, -32.001, 7.414, 7.38, 22.36, , , 1, 44.851, 0, 0, 12.5, 5.263, 216, 0, 0, 0, 45, 0, 0, 125.6, 13.972, 100, 0, 0, 25.482, 25.482, 0, 0.55, 97.072, 0, 0, 100.072, 101.312, 0, 0, 0, 0, 0, 14, 0, 12.5, 0, 5.263, 216, 0, 0, 0, 45, 1, 0, 0, 125.6, 13.972, 100, 0, 0, 141, 25.482, 25.482, 0, 0.55, 0, 97.072, 0, 0, 100.072, 101.312, 0, 0, 0, 0, 
44.8, , , , , , -5.179, , 4287.206, 4287.206, 5.244, -119.543, -119.543, -119.543, 52.289, 44.663, 35.403, 35.093, 7.382, 22.37, 0, 0, -31.437, -31.825, -31.437, -31.825, 1, 99.835, 99.835, 0.024, 0.136, -31.631, -32.02, -31.631, -32.02, 7.464, 7.382, 22.37, , , 1, 44.901, 0, 0, 12.5, 5.244, 216, 0, 0, 0, 45, 0, 0, 125.6, 13.962, 100, 0, 0, 23.024, 23.024, 0, 0.55, 96.772, 0, 0, 99.772, 101.004, 0, 0, 0, 0, 0, 14, 0, 12.5, 0, 5.244, 216, 0, 0, 0, 45, 1, 0, 0, 125.6, 13.962, 100, 0, 0, 141, 23.024, 23.024, 0, 0.55, 0, 96.772, 0, 0, 99.772, 101.004, 0, 0, 0, 0, 
44.85, , , , , , -5.179, , 4294.504, 4294.504, 5.224, -119.537, -119.537, -119.537, 52.291, 42.136, 35.151, 35.597, 7.382, 22.379, 0, 0, -31.353, -31.741, -31.353, -31.741, 1, 99.577, 99.577, 0.024, 0.136, -31.628, -32.017, -31.628, -32.017, 7.514, 7.382, 22.379, , , 1, 44.951, 0, 0, 12.5, 5.224, 216, 0, 0, 0, 45, 0, 0, 125.6, 13.925, 100, 0, 0, 20.424, 20.424, 0, 0.55, 96.472, 0, 0, 99.472, 100.63, 0, 0, 0, 0, 0, 14, 0, 12.5, 0, 5.224, 216, 0, 0, 0, 45, 1, 0, 0, 125.6, 13.925, 100, 0, 0, 141, 20.424, 20.424, 0, 0.55, 0, 96.472, 0, 0, 99.472, 100.63, 0, 0, 0, 0, 
44.9, , , , , , -5.202, , 4301.9, 4301.9, 5.204, -120.099, -120.099, -120.099, 52.292, 31.366, 34.899, 36.101, 7.382, 22.388, 0, 0, -31.417, -31.806, -31.417, -31.806, 1, 99.312, 99.312, 0.024, 0.136, -31.778, -32.168, -31.778, -32.168, 7.537, 7.382, 22.388, , , 1, 45.001, 0, 0, 12.5, 5.204, 216, 0, 0, 0, 45, 0, 0, 125.6, 13.888, 100, 0, 0, 17.824, 17.824, 0, 0.55, 96.172, 0, 0, 99.172, 100.257, 0, 0, 0, 0, 0, 14, 0, 12.5, 0, 5.204, 216, 0, 0, 0, 45, 1, 0, 0, 125.6, 13.888, 100, 0, 0, 141, 17.824, 17.824, 0, 0.55, 0, 96.172, 0, 0, 99.172, 100.257, 0, 0, 0, 0, 
44.95, , , , , , -5.2, , 4309.244, 4309.244, 5.185, -120.07, -120.07, -120.07, 52.29, 41.08, 34.647, 36.605, 7.382, 22.39, 0, 0, -31.326, -31.714, -31.326, -31.714, 1, 99.051, 99.051, 0.024, 0.136, -31.77, -32.162, -31.77, -32.162, 7.552, 7.382, 22.39, , , 1, 45.051, 0, 0, 12.5, 5.185, 216, 0, 0, 0, 45, 0, 0, 125.6, 13.851, 100, 0, 0, 15.224, 15.224, 0, 0.55, 95.872, 0, 0, 98.872, 99.883, 0, 0, 0, 0, 0, 14, 0, 12.5, 0, 5.185, 216, 0, 0, 0, 45, 1, 0, 0, 125.6, 13.851, 100, 0, 0, 141, 15.224, 15.224, 0, 0.55, 0, 95.872, 0, 0, 98.872, 99.883, 0, 0, 0, 0, 
45, , , , , , -5.206, , 4316.54, 4316.54, 5.165, -120.225, -120.225, -120.225, 52.286, , 34.395, 37.109, 7.382, 22.39, 0, 0, -31.283, -31.671, -31.283, -31.671, 1, 98.789, 98.789, 0.024, 0.136, -31.813, -32.205, -31.813, -32.205, 7.568, 7.382, 22.39, , , 1, 45.101, 0, 0, 12.5, 5.165, 216, 0, 0, 0, 45, 0, 0, 125.6, 13.814, 100, 0, 0, 12.624, 12.624, 0, 0.55, 95.572, 0, 0, 98.572, 99.51, 0, 0, 0, 0, 0, 14, 0, 12.5, 0, 5.165, 216, 0, 0, 0, 45, 1, 0, 0, 125.6, 13.814, 100, 0, 0, 141, 12.624, 12.624, 0, 0.55, 0, 95.572, 0, 0, 98.572, 99.51, 0, 0, 0, 0, 
45.05, , , , , , -5.195, , 4323.784, 4323.784, 5.155, -119.959, -119.959, -119.959, 52.282, , 34.452, 36.773, 7.381, 22.39, 0, 0, -31.144, -31.529, -31.144, -31.529, 1, 98.53, 98.53, 0.024, 0.136, -31.892, -32.286, -31.892, -32.286, 7.584, 7.381, 22.39, , , 1, 45.144, 0, 0, 12.5, 5.155, 216, 0, 0, 0, 45, 0, 0, 125.884, 13.776, 100, 0, 0, 12, 12, 0, 0.55, 95.421, 0, 0, 98.421, 99.322, 0, 0, 0, 0, 0, 14, 0, 12.5, 0, 5.155, 216, 0, 0, 0, 45, 1, 0, 0, 125.884, 13.776, 100, 0, 0, 141, 12, 12, 0, 0.55, 0, 95.421, 0, 0, 98.421, 99.322, 0, 0, 0, 0, 
45.1, , , , , , -5.199, , 4328.872, 4328.872, 5.148, -120.058, -120.058, -120.058, 52.279, , 34.595, 36.199, 7.38, 22.39, 0, 0, -31.129, -31.514, -31.129, -31.514, 1, 98.387, 98.387, , , -31.97, -32.366, -31.97, -32.366, , 7.38, 22.39, , , 1, 45.169, 0, 0, 12.5, 5.148, 216, 0, 0, 0, 45, 0, 0, 126.257, 13.737, 100, 0, 0, 12, 12, 0, 0.55, 95.317, 0, 0, 98.317, 99.194, 0, 0, 0, 0, 0, 14, 0, 12.5, 0, 5.148, 216, 0, 0, 0, 45, 1, 0, 0, 126.257, 13.737, 100, 0, 0, 141, 12, 12, 0, 0.55, 0, 95.317, 0, 0, 98.317, 99.194, 0, 0, 0, 0, 
45.15, , , , , , -5.177, , 4332.521, 4332.521, 5.14, -119.549, -119.549, -119.549, 52.275, , 34.739, 35.625, 7.38, 22.39, 0, 0, -30.956, -31.338, -30.956, -31.338, 1, 98.255, 98.255, , , -31.891, -32.286, -31.891, -32.286, , 7.38, 22.39, , , 1, 45.194, 0, 0, 12.5, 5.14, 216, 0, 0, 0, 45, 0, 0, 126.631, 13.699, 100, 0, 0, 12, 12, 0, 0.55, 95.212, 0, 0, 98.212, 99.065, 0, 0, 0, 0, 0, 14, 0, 12.5, 0, 5.14, 216, 0, 0, 0, 45, 1, 0, 0, 126.631, 13.699, 100, 0, 0, 141, 12, 12, 0, 0.55, 0, 95.212, 0, 0, 98.212, 99.065, 0, 0, 0, 0, 
45.2, , , , , , -5.16, , 4336.096, 4336.096, 5.133, -119.153, -119.153, -119.153, 52.272, , 34.882, 35.051, 7.38, 22.39, 0, 0, -30.813, -31.193, -30.813, -31.193, 1, 98.125, 98.125, , , -31.92, -32.315, -31.92, -32.315, , 7.38, 22.39, , , 1, 45.219, 0, 0, 12.5, 5.133, 216, 0, 0, 0, 45, 0, 0, 127.004, 13.66, 100, 0, 0, 12, 12, 0, 0.55, 95.108, 0, 0, 98.108, 98.936, 0, 0, 0, 0, 0, 14, 0, 12.5, 0, 5.133, 216, 0, 0, 0, 45, 1, 0, 0, 127.004, 13.66, 100, 0, 0, 141, 12, 12, 0, 0.55, 0, 95.108, 0, 0, 98.108, 98.936, 0, 0, 0, 0, 
45.25, , , , , , -5.103, , 4339.704, 4339.704, 5.126, -117.799, -117.799, -117.799, , , 35.026, 34.478, , , , , -30.424, -30.8, -30.424, -30.8, , 97.995, 97.995, , , , , , , , , , , , , , 0, 0, 12.5, 5.126, 216, 0, 0, 0, 45, 0, 0, 127.378, 13.622, 100, 0, 0, 12, 12, 0, 0.55, 95.004, 0, 0, 98.004, 98.808, 0, 0, 0, 0, 0, 14, 0, 12.5, 0, 5.126, 216, 0, 0, 0, 45, 1, 0, 0, 127.378, 13.622, 100, 0, 0, 141, 12, 12, 0, 0.55, 0, 95.004, 0, 0, 98.004, 98.808, 0, 0, 0, 0, 
