{
  "anomalies": [],
  "correction_diagnostics": {
    "front": {
      "accepted_wb": 4000,
      "temp_out_of_range": 0,
      "map_out_of_range": 0,
      "tps_out_of_range": 0,
      "ve_out_of_range": 0,
      "bad_afr_or_request_afr": 0,
      "no_requested_afr": 0,
      "total_records_processed": 4000,
      "per_bin_stats": {
        "mad": [
          [
            null,
            null,
            null,
            null,
            null
          ],
          [
            null,
            null,
            1.0163775102720345,
            1.2829563028566513,
            1.5174675101451403
          ],
          [
            null,
            null,
            1.0525244393861626,
            1.4084985770594933,
            1.4471084780637065
          ],
          [
            null,
            null,
            1.253858024691359,
            1.1005310969573987,
            1.1434193868809364
          ],
          [
            null,
            null,
            1.5197888194981837,
            1.318884879850184,
            1.1655109181476655
          ],
          [
            null,
            null,
            null,
            null,
            null
          ],
          [
            null,
            null,
            null,
            null,
            null
          ],
          [
            null,
            null,
            null,
            null,
            null
          ],
          [
            null,
            null,
            null,
            null,
            null
          ],
          [
            null,
            null,
            null,
            null,
            null
          ],
          [
            null,
            null,
            null,
            null,
            null
          ]
        ],
        "hits": [
          [
            0,
            0,
            0,
            0,
            0
          ],
          [
            0,
            0,
            262,
            457,
            301
          ],
          [
            0,
            0,
            239,
            382,
            237
          ],
          [
            0,
            0,
            246,
            373,
            228
          ],
          [
            0,
            0,
            345,
            565,
            365
          ],
          [
            0,
            0,
            0,
            0,
            0
          ],
          [
            0,
            0,
            0,
            0,
            0
          ],
          [
            0,
            0,
            0,
            0,
            0
          ],
          [
            0,
            0,
            0,
            0,
            0
          ],
          [
            0,
            0,
            0,
            0,
            0
          ],
          [
            0,
            0,
            0,
            0,
            0
          ]
        ]
      }
    },
    "rear": {
      "accepted_wb": 4000,
      "temp_out_of_range": 0,
      "map_out_of_range": 0,
      "tps_out_of_range": 0,
      "ve_out_of_range": 0,
      "bad_afr_or_request_afr": 0,
      "no_requested_afr": 0,
      "total_records_processed": 4000,
      "per_bin_stats": {
        "mad": [
          [
            null,
            null,
            null,
            null,
            null
          ],
          [
            null,
            null,
            1.2308158415466632,
            1.8099285020231188,
            1.2327116634080815
          ],
          [
            null,
            null,
            0.7984517406555012,
            1.5970086215066097,
            0.5923870292303002
          ],
          [
            null,
            null,
            0.7789963830244622,
            1.5945684210034379,
            0.6397602375478837
          ],
          [
            null,
            null,
            1.7384731670445988,
            1.4763438315127049,
            1.6515228946692107
          ],
          [
            null,
            null,
            null,
            null,
            null
          ],
          [
            null,
            null,
            null,
            null,
            null
          ],
          [
            null,
            null,
            null,
            null,
            null
          ],
          [
            null,
            null,
            null,
            null,
            null
          ],
          [
            null,
            null,
            null,
            null,
            null
          ],
          [
            null,
            null,
            null,
            null,
            null
          ]
        ],
        "hits": [
          [
            0,
            0,
            0,
            0,
            0
          ],
          [
            0,
            0,
            262,
            457,
            301
          ],
          [
            0,
            0,
            239,
            382,
            237
          ],
          [
            0,
            0,
            246,
            373,
            228
          ],
          [
            0,
            0,
            345,
            565,
            365
          ],
          [
            0,
            0,
            0,
            0,
            0
          ],
          [
            0,
            0,
            0,
            0,
            0
          ],
          [
            0,
            0,
            0,
            0,
            0
          ],
          [
            0,
            0,
            0,
            0,
            0
          ],
          [
            0,
            0,
            0,
            0,
            0
          ],
          [
            0,
            0,
            0,
            0,
            0
          ]
        ]
      }
    }
  }
}